codigo,estacion,departamento,provincia,modelo,variable,periodo_inicio,periodo_fin,ciclos,horizonte,resolucion,bias,rmse,spearman,n,pod_0p1,far_0p1,csi_0p1,eventos_0p1,pod_1,far_1,csi_1,eventos_1,pod_5,far_5,csi_5,eventos_5,pod_25,far_25,csi_25,eventos_25
472B55E0,PUENTE SALINAS AMOJAO,AMAZONAS,BAGUA,ecmwf,pp,20260826,20260924,"00Z,12Z",D1,6h,-0.231,1.734,0.328,50,0.714,0.615,0.333,14,0.333,0.778,0.154,6,0.0,S/D,0.0,4,S/D,S/D,S/D,0
472B55E0,PUENTE SALINAS AMOJAO,AMAZONAS,BAGUA,gfs,pp,20260826,20260924,"00Z,12Z",D1,6h,-0.243,1.913,0.168,37,0.917,0.577,0.407,12,0.0,1.0,0.0,5,0.0,S/D,0.0,3,S/D,S/D,S/D,0
472B55E0,PUENTE SALINAS AMOJAO,AMAZONAS,BAGUA,eta5,pp,20260826,20260924,"00Z,12Z",D1,6h,-0.165,1.402,0.227,41,0.5,0.706,0.227,10,0.333,0.667,0.2,3,0.0,S/D,0.0,2,S/D,S/D,S/D,0
472B55E0,PUENTE SALINAS AMOJAO,AMAZONAS,BAGUA,wrf5,pp,20260826,20260924,"00Z,12Z",D1,6h,-0.244,2.337,-0.127,49,0.143,0.833,0.083,14,0.0,1.0,0.0,6,0.0,1.0,0.0,4,S/D,S/D,S/D,0
472B55E0,PUENTE SALINAS AMOJAO,AMAZONAS,BAGUA,mpas15,pp,20260826,20260924,00Z,D1,6h,-0.388,1.909,0.096,25,0.286,0.667,0.182,7,0.333,0.667,0.2,3,0.0,S/D,0.0,2,S/D,S/D,S/D,0
472C57D4,BAGUA,AMAZONAS,UTCUBAMBA,ecmwf,pp,20260826,20260924,"00Z,12Z",D1,6h,0.583,1.295,0.184,232,1.0,0.934,0.066,10,0.75,0.897,0.1,8,0.0,1.0,0.0,4,S/D,S/D,S/D,0
472C57D4,BAGUA,AMAZONAS,UTCUBAMBA,gfs,pp,20260826,20260924,"00Z,12Z",D1,6h,0.227,1.011,0.253,174,1.0,0.937,0.063,7,0.667,0.81,0.174,6,0.0,S/D,0.0,4,S/D,S/D,S/D,0
472C57D4,BAGUA,AMAZONAS,UTCUBAMBA,eta5,pp,20260826,20260924,"00Z,12Z",D1,6h,0.224,1.012,0.14,197,0.889,0.916,0.083,9,0.286,0.917,0.069,7,0.0,S/D,0.0,3,S/D,S/D,S/D,0
472C57D4,BAGUA,AMAZONAS,UTCUBAMBA,wrf5,pp,20260826,20260924,"00Z,12Z",D1,6h,-0.123,0.852,-0.029,229,0.1,0.917,0.048,10,0.0,S/D,0.0,8,0.0,S/D,0.0,4,S/D,S/D,S/D,0
472C57D4,BAGUA,AMAZONAS,UTCUBAMBA,mpas15,pp,20260826,20260924,00Z,D1,6h,0.795,1.546,0.091,116,0.6,0.953,0.045,5,0.75,0.936,0.062,4,0.5,0.5,0.333,2,S/D,S/D,S/D,0
472B607A,CORRAL QUEMADO,AMAZONAS,UTCUBAMBA,ecmwf,pp,20260826,20260924,"00Z,12Z",D1,6h,0.36,0.843,0.316,228,0.938,0.851,0.147,16,0.625,0.853,0.135,8,S/D,1.0,0.0,0,S/D,S/D,S/D,0
472B607A,CORRAL QUEMADO,AMAZONAS,UTCUBAMBA,gfs,pp,20260826,20260924,"00Z,12Z",D1,6h,0.303,0.826,0.394,172,1.0,0.833,0.167,13,0.667,0.84,0.148,6,S/D,1.0,0.0,0,S/D,S/D,S/D,0
472B607A,CORRAL QUEMADO,AMAZONAS,UTCUBAMBA,eta5,pp,20260826,20260924,"00Z,12Z",D1,6h,0.398,0.893,0.06,193,0.714,0.91,0.087,14,0.125,0.972,0.023,8,S/D,S/D,S/D,0,S/D,S/D,S/D,0
472B607A,CORRAL QUEMADO,AMAZONAS,UTCUBAMBA,wrf5,pp,20260826,20260924,"00Z,12Z",D1,6h,-0.05,0.457,0.132,224,0.067,0.875,0.045,15,0.0,1.0,0.0,7,S/D,S/D,S/D,0,S/D,S/D,S/D,0
472B607A,CORRAL QUEMADO,AMAZONAS,UTCUBAMBA,mpas15,pp,20260826,20260924,00Z,D1,6h,0.96,1.797,0.14,114,0.75,0.891,0.105,8,0.75,0.933,0.065,4,S/D,1.0,0.0,0,S/D,S/D,S/D,0
472B2370,MAGUNCHAL,AMAZONAS,UTCUBAMBA,ecmwf,pp,20260826,20260924,"00Z,12Z",D1,6h,0.26,0.84,0.293,222,0.875,0.875,0.123,16,0.167,0.95,0.04,6,S/D,1.0,0.0,0,S/D,S/D,S/D,0
472B2370,MAGUNCHAL,AMAZONAS,UTCUBAMBA,gfs,pp,20260826,20260924,"00Z,12Z",D1,6h,0.76,1.636,0.259,168,0.846,0.894,0.104,13,0.5,0.929,0.067,6,S/D,1.0,0.0,0,S/D,S/D,S/D,0
472B2370,MAGUNCHAL,AMAZONAS,UTCUBAMBA,eta5,pp,20260826,20260924,"00Z,12Z",D1,6h,0.528,1.158,0.151,187,0.769,0.905,0.093,13,0.2,0.976,0.022,5,S/D,1.0,0.0,0,S/D,S/D,S/D,0
472B2370,MAGUNCHAL,AMAZONAS,UTCUBAMBA,wrf5,pp,20260826,20260924,"00Z,12Z",D1,6h,-0.073,0.537,0.33,218,0.25,0.733,0.148,16,0.0,1.0,0.0,6,S/D,S/D,S/D,0,S/D,S/D,S/D,0
472B2370,MAGUNCHAL,AMAZONAS,UTCUBAMBA,mpas15,pp,20260826,20260924,00Z,D1,6h,1.023,2.167,0.241,111,0.875,0.841,0.156,8,1.0,0.919,0.081,3,S/D,1.0,0.0,0,S/D,S/D,S/D,0
220907,NARANJITO,AMAZONAS,UTCUBAMBA,ecmwf,pp,20260826,20260924,"00Z,12Z",D1,6h,0.237,0.881,0.2,230,1.0,0.884,0.116,14,0.0,1.0,0.0,4,0.0,1.0,0.0,2,S/D,S/D,S/D,0
220907,NARANJITO,AMAZONAS,UTCUBAMBA,gfs,pp,20260826,20260924,"00Z,12Z",D1,6h,0.48,1.2,0.233,173,1.0,0.889,0.111,11,0.5,0.939,0.057,4,0.0,S/D,0.0,2,S/D,S/D,S/D,0
220907,NARANJITO,AMAZONAS,UTCUBAMBA,eta5,pp,20260826,20260924,"00Z,12Z",D1,6h,0.539,1.281,0.071,195,0.583,0.933,0.064,12,0.0,1.0,0.0,3,0.0,S/D,0.0,2,S/D,S/D,S/D,0
220907,NARANJITO,AMAZONAS,UTCUBAMBA,wrf5,pp,20260826,20260924,"00Z,12Z",D1,6h,-0.054,0.651,0.175,226,0.143,0.846,0.08,14,0.0,1.0,0.0,4,0.0,S/D,0.0,2,S/D,S/D,S/D,0
220907,NARANJITO,AMAZONAS,UTCUBAMBA,mpas15,pp,20260826,20260924,00Z,D1,6h,1.047,2.252,0.148,115,0.857,0.867,0.13,7,1.0,0.947,0.053,2,0.0,1.0,0.0,1,S/D,S/D,S/D,0
109096,BUENA VISTA,ANCASH,CASMA,ecmwf,pp,20260826,20260924,"00Z,12Z",D1,6h,0.003,0.01,S/D,214,S/D,S/D,S/D,0,S/D,S/D,S/D,0,S/D,S/D,S/D,0,S/D,S/D,S/D,0
109096,BUENA VISTA,ANCASH,CASMA,gfs,pp,20260826,20260924,"00Z,12Z",D1,6h,0.007,0.022,S/D,160,S/D,1.0,0.0,0,S/D,S/D,S/D,0,S/D,S/D,S/D,0,S/D,S/D,S/D,0
109096,BUENA VISTA,ANCASH,CASMA,eta5,pp,20260826,20260924,"00Z,12Z",D1,6h,0.001,0.005,S/D,180,S/D,S/D,S/D,0,S/D,S/D,S/D,0,S/D,S/D,S/D,0,S/D,S/D,S/D,0
109096,BUENA VISTA,ANCASH,CASMA,wrf5,pp,20260826,20260924,"00Z,12Z",D1,6h,0.001,0.003,S/D,210,S/D,S/D,S/D,0,S/D,S/D,S/D,0,S/D,S/D,S/D,0,S/D,S/D,S/D,0
109096,BUENA VISTA,ANCASH,CASMA,mpas15,pp,20260826,20260924,00Z,D1,6h,0.0,0.0,S/D,107,S/D,S/D,S/D,0,S/D,S/D,S/D,0,S/D,S/D,S/D,0,S/D,S/D,S/D,0
4725A10C,CHAVIN,ANCASH,HUARI,ecmwf,pp,20260826,20260924,"00Z,12Z",D1,6h,0.434,1.428,0.3,218,0.889,0.843,0.154,18,0.5,0.769,0.188,12,S/D,1.0,0.0,0,S/D,S/D,S/D,0
4725A10C,CHAVIN,ANCASH,HUARI,gfs,pp,20260826,20260924,"00Z,12Z",D1,6h,0.834,1.836,0.19,161,0.857,0.878,0.12,14,0.333,0.927,0.064,9,S/D,1.0,0.0,0,S/D,S/D,S/D,0
4725A10C,CHAVIN,ANCASH,HUARI,eta5,pp,20260826,20260924,"00Z,12Z",D1,6h,0.107,0.47,0.228,187,0.625,0.839,0.147,16,0.1,0.9,0.053,10,S/D,S/D,S/D,0,S/D,S/D,S/D,0
4725A10C,CHAVIN,ANCASH,HUARI,wrf5,pp,20260826,20260924,"00Z,12Z",D1,6h,0.147,1.015,0.144,214,0.389,0.848,0.123,18,0.0,1.0,0.0,12,S/D,1.0,0.0,0,S/D,S/D,S/D,0
4725A10C,CHAVIN,ANCASH,HUARI,mpas15,pp,20260826,20260924,00Z,D1,6h,1.331,3.072,0.143,109,0.667,0.897,0.098,9,0.667,0.892,0.103,6,S/D,1.0,0.0,0,S/D,S/D,S/D,0
109091,SAUCEPAMPA,ANCASH,HUAYLAS,ecmwf,pp,20260826,20260924,"00Z,12Z",D1,6h,0.374,0.879,0.008,230,0.5,0.991,0.009,2,S/D,1.0,0.0,0,S/D,1.0,0.0,0,S/D,S/D,S/D,0
109091,SAUCEPAMPA,ANCASH,HUAYLAS,gfs,pp,20260826,20260924,"00Z,12Z",D1,6h,0.947,1.66,0.13,173,1.0,0.992,0.008,1,S/D,1.0,0.0,0,S/D,1.0,0.0,0,S/D,S/D,S/D,0
109091,SAUCEPAMPA,ANCASH,HUAYLAS,eta5,pp,20260826,20260924,"00Z,12Z",D1,6h,0.177,0.452,0.144,195,1.0,0.98,0.02,1,S/D,1.0,0.0,0,S/D,S/D,S/D,0,S/D,S/D,S/D,0
109091,SAUCEPAMPA,ANCASH,HUAYLAS,wrf5,pp,20260826,20260924,"00Z,12Z",D1,6h,0.075,0.346,0.188,227,0.5,0.957,0.042,2,S/D,1.0,0.0,0,S/D,S/D,S/D,0,S/D,S/D,S/D,0
109091,SAUCEPAMPA,ANCASH,HUAYLAS,mpas15,pp,20260826,20260924,00Z,D1,6h,0.951,1.907,0.023,115,1.0,0.981,0.019,1,S/D,1.0,0.0,0,S/D,1.0,0.0,0,S/D,S/D,S/D,0
472182DA,PUENTE CAHUA,ANCASH,OCROS,ecmwf,pp,20260826,20260924,"00Z,12Z",D1,6h,S/D,S/D,S/D,0,S/D,S/D,S/D,0,S/D,S/D,S/D,0,S/D,S/D,S/D,0,S/D,S/D,S/D,0
472182DA,PUENTE CAHUA,ANCASH,OCROS,gfs,pp,20260826,20260924,"00Z,12Z",D1,6h,S/D,S/D,S/D,0,S/D,S/D,S/D,0,S/D,S/D,S/D,0,S/D,S/D,S/D,0,S/D,S/D,S/D,0
472182DA,PUENTE CAHUA,ANCASH,OCROS,eta5,pp,20260826,20260924,"00Z,12Z",D1,6h,S/D,S/D,S/D,0,S/D,S/D,S/D,0,S/D,S/D,S/D,0,S/D,S/D,S/D,0,S/D,S/D,S/D,0
472182DA,PUENTE CAHUA,ANCASH,OCROS,wrf5,pp,20260826,20260924,"00Z,12Z",D1,6h,S/D,S/D,S/D,0,S/D,S/D,S/D,0,S/D,S/D,S/D,0,S/D,S/D,S/D,0,S/D,S/D,S/D,0
472182DA,PUENTE CAHUA,ANCASH,OCROS,mpas15,pp,20260826,20260924,00Z,D1,6h,S/D,S/D,S/D,0,S/D,S/D,S/D,0,S/D,S/D,S/D,0,S/D,S/D,S/D,0,S/D,S/D,S/D,0
47E89394,PACHACOTO,ANCASH,RECUAY,ecmwf,pp,20260826,20260924,"00Z,12Z",D1,6h,0.143,1.123,0.189,232,0.542,0.86,0.125,24,0.667,0.765,0.211,6,0.0,S/D,0.0,2,S/D,S/D,S/D,0
47E89394,PACHACOTO,ANCASH,RECUAY,gfs,pp,20260826,20260924,"00Z,12Z",D1,6h,0.489,1.387,0.376,174,1.0,0.824,0.176,18,0.8,0.9,0.098,5,0.0,1.0,0.0,2,S/D,S/D,S/D,0
47E89394,PACHACOTO,ANCASH,RECUAY,eta5,pp,20260826,20260924,"00Z,12Z",D1,6h,0.008,0.87,0.355,197,0.65,0.735,0.232,20,0.0,1.0,0.0,5,0.0,S/D,0.0,1,S/D,S/D,S/D,0
47E89394,PACHACOTO,ANCASH,RECUAY,wrf5,pp,20260826,20260924,"00Z,12Z",D1,6h,0.282,1.616,0.312,229,0.5,0.76,0.194,24,0.667,0.846,0.143,6,0.0,1.0,0.0,2,S/D,S/D,S/D,0
47E89394,PACHACOTO,ANCASH,RECUAY,mpas15,pp,20260826,20260924,00Z,D1,6h,0.663,2.021,0.084,116,0.583,0.833,0.149,12,0.667,0.938,0.061,3,0.0,1.0,0.0,1,S/D,S/D,S/D,0
47259496,RECUAY,ANCASH,RECUAY,ecmwf,pp,20260826,20260924,"00Z,12Z",D1,6h,0.213,0.607,0.246,222,0.778,0.844,0.149,18,0.667,0.75,0.222,6,S/D,S/D,S/D,0,S/D,S/D,S/D,0
47259496,RECUAY,ANCASH,RECUAY,gfs,pp,20260826,20260924,"00Z,12Z",D1,6h,0.618,1.227,0.223,166,0.812,0.873,0.124,16,0.8,0.902,0.095,5,S/D,1.0,0.0,0,S/D,S/D,S/D,0
47259496,RECUAY,ANCASH,RECUAY,eta5,pp,20260826,20260924,"00Z,12Z",D1,6h,0.068,0.522,0.175,191,0.529,0.816,0.158,17,0.333,0.778,0.154,6,S/D,S/D,S/D,0,S/D,S/D,S/D,0
47259496,RECUAY,ANCASH,RECUAY,wrf5,pp,20260826,20260924,"00Z,12Z",D1,6h,0.268,1.104,0.403,218,0.778,0.708,0.269,18,0.667,0.833,0.154,6,S/D,1.0,0.0,0,S/D,S/D,S/D,0
47259496,RECUAY,ANCASH,RECUAY,mpas15,pp,20260826,20260924,00Z,D1,6h,0.783,2.035,0.148,111,0.667,0.864,0.128,9,0.667,0.941,0.057,3,S/D,1.0,0.0,0,S/D,S/D,S/D,0
110138,SHAQUEK,ANCASH,RECUAY,ecmwf,pp,20260826,20260924,"00Z,12Z",D1,6h,0.408,0.971,S/D,230,S/D,1.0,0.0,0,S/D,1.0,0.0,0,S/D,1.0,0.0,0,S/D,S/D,S/D,0
110138,SHAQUEK,ANCASH,RECUAY,gfs,pp,20260826,20260924,"00Z,12Z",D1,6h,0.303,0.66,S/D,173,S/D,1.0,0.0,0,S/D,1.0,0.0,0,S/D,S/D,S/D,0,S/D,S/D,S/D,0
110138,SHAQUEK,ANCASH,RECUAY,eta5,pp,20260826,20260924,"00Z,12Z",D1,6h,0.006,0.029,S/D,195,S/D,1.0,0.0,0,S/D,S/D,S/D,0,S/D,S/D,S/D,0,S/D,S/D,S/D,0
110138,SHAQUEK,ANCASH,RECUAY,wrf5,pp,20260826,20260924,"00Z,12Z",D1,6h,0.05,0.229,S/D,227,S/D,1.0,0.0,0,S/D,1.0,0.0,0,S/D,S/D,S/D,0,S/D,S/D,S/D,0
110138,SHAQUEK,ANCASH,RECUAY,mpas15,pp,20260826,20260924,00Z,D1,6h,0.344,0.924,S/D,115,S/D,1.0,0.0,0,S/D,1.0,0.0,0,S/D,1.0,0.0,0,S/D,S/D,S/D,0
211601,SAN JACINTO,ANCASH,SANTA,ecmwf,pp,20260826,20260924,"00Z,12Z",D1,6h,S/D,S/D,S/D,0,S/D,S/D,S/D,0,S/D,S/D,S/D,0,S/D,S/D,S/D,0,S/D,S/D,S/D,0
211601,SAN JACINTO,ANCASH,SANTA,gfs,pp,20260826,20260924,"00Z,12Z",D1,6h,S/D,S/D,S/D,0,S/D,S/D,S/D,0,S/D,S/D,S/D,0,S/D,S/D,S/D,0,S/D,S/D,S/D,0
211601,SAN JACINTO,ANCASH,SANTA,eta5,pp,20260826,20260924,"00Z,12Z",D1,6h,S/D,S/D,S/D,0,S/D,S/D,S/D,0,S/D,S/D,S/D,0,S/D,S/D,S/D,0,S/D,S/D,S/D,0
211601,SAN JACINTO,ANCASH,SANTA,wrf5,pp,20260826,20260924,"00Z,12Z",D1,6h,S/D,S/D,S/D,0,S/D,S/D,S/D,0,S/D,S/D,S/D,0,S/D,S/D,S/D,0,S/D,S/D,S/D,0
211601,SAN JACINTO,ANCASH,SANTA,mpas15,pp,20260826,20260924,00Z,D1,6h,S/D,S/D,S/D,0,S/D,S/D,S/D,0,S/D,S/D,S/D,0,S/D,S/D,S/D,0,S/D,S/D,S/D,0
113253,CURAHUASI,APURIMAC,ABANCAY,ecmwf,pp,20260826,20260924,"00Z,12Z",D1,6h,0.397,0.845,0.412,230,1.0,0.829,0.171,20,0.667,0.882,0.111,6,S/D,S/D,S/D,0,S/D,S/D,S/D,0
113253,CURAHUASI,APURIMAC,ABANCAY,gfs,pp,20260826,20260924,"00Z,12Z",D1,6h,0.72,1.541,0.347,174,1.0,0.873,0.127,14,0.6,0.93,0.067,5,S/D,1.0,0.0,0,S/D,S/D,S/D,0
113253,CURAHUASI,APURIMAC,ABANCAY,eta5,pp,20260826,20260924,"00Z,12Z",D1,6h,0.053,0.491,0.284,197,0.562,0.757,0.205,16,0.0,1.0,0.0,5,S/D,S/D,S/D,0,S/D,S/D,S/D,0
113253,CURAHUASI,APURIMAC,ABANCAY,wrf5,pp,20260826,20260924,"00Z,12Z",D1,6h,0.18,1.29,0.482,226,0.65,0.618,0.317,20,0.333,0.846,0.118,6,S/D,1.0,0.0,0,S/D,S/D,S/D,0
113253,CURAHUASI,APURIMAC,ABANCAY,mpas15,pp,20260826,20260924,00Z,D1,6h,0.544,1.157,0.204,115,0.8,0.818,0.174,10,0.333,0.973,0.026,3,S/D,1.0,0.0,0,S/D,S/D,S/D,0
47263360,GRANJA SAN ANTONIO,APURIMAC,ABANCAY,ecmwf,pp,20260826,20260924,"00Z,12Z",D1,6h,0.225,0.844,0.539,220,0.812,0.632,0.339,48,0.786,0.633,0.333,14,0.0,S/D,0.0,2,S/D,S/D,S/D,0
47263360,GRANJA SAN ANTONIO,APURIMAC,ABANCAY,gfs,pp,20260826,20260924,"00Z,12Z",D1,6h,0.547,1.56,0.492,163,0.889,0.692,0.296,36,0.556,0.868,0.119,9,0.0,1.0,0.0,2,S/D,S/D,S/D,0
47263360,GRANJA SAN ANTONIO,APURIMAC,ABANCAY,eta5,pp,20260826,20260924,"00Z,12Z",D1,6h,-0.142,0.821,0.305,187,0.333,0.44,0.264,42,0.0,1.0,0.0,11,0.0,S/D,0.0,2,S/D,S/D,S/D,0
47263360,GRANJA SAN ANTONIO,APURIMAC,ABANCAY,wrf5,pp,20260826,20260924,"00Z,12Z",D1,6h,0.228,1.505,0.555,216,0.652,0.388,0.462,46,0.357,0.773,0.161,14,0.0,1.0,0.0,2,S/D,S/D,S/D,0
47263360,GRANJA SAN ANTONIO,APURIMAC,ABANCAY,mpas15,pp,20260826,20260924,00Z,D1,6h,0.509,1.37,0.239,110,0.708,0.646,0.309,24,0.714,0.848,0.143,7,0.0,1.0,0.0,1,S/D,S/D,S/D,0
472B16EA,HUACULLO,APURIMAC,ANTABAMBA,ecmwf,pp,20260826,20260924,"00Z,12Z",D1,6h,0.072,0.721,0.465,228,0.794,0.578,0.38,34,0.444,0.636,0.25,18,S/D,S/D,S/D,0,S/D,S/D,S/D,0
472B16EA,HUACULLO,APURIMAC,ANTABAMBA,gfs,pp,20260826,20260924,"00Z,12Z",D1,6h,0.481,1.37,0.446,172,0.955,0.734,0.263,22,0.636,0.825,0.159,11,S/D,1.0,0.0,0,S/D,S/D,S/D,0
472B16EA,HUACULLO,APURIMAC,ANTABAMBA,eta5,pp,20260826,20260924,"00Z,12Z",D1,6h,-0.053,0.651,0.511,194,0.774,0.556,0.393,31,0.222,0.636,0.16,18,S/D,S/D,S/D,0,S/D,S/D,S/D,0
472B16EA,HUACULLO,APURIMAC,ANTABAMBA,wrf5,pp,20260826,20260924,"00Z,12Z",D1,6h,0.195,1.312,0.406,224,0.606,0.643,0.29,33,0.294,0.75,0.156,17,S/D,1.0,0.0,0,S/D,S/D,S/D,0
472B16EA,HUACULLO,APURIMAC,ANTABAMBA,mpas15,pp,20260826,20260924,00Z,D1,6h,0.172,0.836,0.378,114,0.647,0.607,0.324,17,0.667,0.739,0.231,9,S/D,S/D,S/D,0,S/D,S/D,S/D,0
113246,TANCAYLLO,APURIMAC,CHINCHEROS,ecmwf,pp,20260826,20260924,"00Z,12Z",D1,6h,0.509,1.585,0.508,232,0.952,0.604,0.388,42,0.5,0.806,0.162,12,1.0,0.846,0.154,2,S/D,S/D,S/D,0
113246,TANCAYLLO,APURIMAC,CHINCHEROS,gfs,pp,20260826,20260924,"00Z,12Z",D1,6h,0.537,1.986,0.458,174,0.909,0.694,0.297,33,0.778,0.667,0.304,9,1.0,0.8,0.2,2,S/D,S/D,S/D,0
113246,TANCAYLLO,APURIMAC,CHINCHEROS,eta5,pp,20260826,20260924,"00Z,12Z",D1,6h,-0.18,1.049,0.344,197,0.3,0.636,0.197,40,0.167,0.6,0.133,12,0.0,S/D,0.0,2,S/D,S/D,S/D,0
113246,TANCAYLLO,APURIMAC,CHINCHEROS,wrf5,pp,20260826,20260924,"00Z,12Z",D1,6h,0.274,1.502,0.437,229,0.488,0.556,0.303,41,0.727,0.704,0.267,11,1.0,0.667,0.333,2,S/D,S/D,S/D,0
113246,TANCAYLLO,APURIMAC,CHINCHEROS,mpas15,pp,20260826,20260924,00Z,D1,6h,0.569,1.461,0.406,116,0.81,0.638,0.333,21,0.667,0.862,0.129,6,1.0,0.8,0.2,1,S/D,S/D,S/D,0
472A1410,CASACCANCHA,APURIMAC,COTABAMBAS,ecmwf,pp,20260826,20260924,"00Z,12Z",D1,6h,0.394,1.009,0.441,232,1.0,0.727,0.273,30,0.75,0.795,0.191,12,S/D,1.0,0.0,0,S/D,S/D,S/D,0
472A1410,CASACCANCHA,APURIMAC,COTABAMBAS,gfs,pp,20260826,20260924,"00Z,12Z",D1,6h,0.198,0.742,0.406,174,0.958,0.726,0.271,24,0.222,0.875,0.087,9,S/D,S/D,S/D,0,S/D,S/D,S/D,0
472A1410,CASACCANCHA,APURIMAC,COTABAMBAS,eta5,pp,20260826,20260924,"00Z,12Z",D1,6h,-0.045,0.562,0.311,197,0.571,0.66,0.271,28,0.167,0.6,0.133,12,S/D,S/D,S/D,0,S/D,S/D,S/D,0
472A1410,CASACCANCHA,APURIMAC,COTABAMBAS,wrf5,pp,20260826,20260924,"00Z,12Z",D1,6h,0.198,0.883,0.388,229,0.655,0.708,0.253,29,0.417,0.75,0.185,12,S/D,1.0,0.0,0,S/D,S/D,S/D,0
472A1410,CASACCANCHA,APURIMAC,COTABAMBAS,mpas15,pp,20260826,20260924,00Z,D1,6h,0.422,1.122,0.255,116,0.733,0.732,0.244,15,0.667,0.867,0.125,6,S/D,S/D,S/D,0,S/D,S/D,S/D,0
116085,AREQUIPA UV,AREQUIPA,AREQUIPA,ecmwf,pp,20260826,20260924,"00Z,12Z",D1,6h,0.001,0.002,S/D,8,S/D,S/D,S/D,0,S/D,S/D,S/D,0,S/D,S/D,S/D,0,S/D,S/D,S/D,0
116085,AREQUIPA UV,AREQUIPA,AREQUIPA,gfs,pp,20260826,20260924,"00Z,12Z",D1,6h,0.062,0.118,S/D,7,S/D,1.0,0.0,0,S/D,S/D,S/D,0,S/D,S/D,S/D,0,S/D,S/D,S/D,0
116085,AREQUIPA UV,AREQUIPA,AREQUIPA,eta5,pp,20260826,20260924,"00Z,12Z",D1,6h,0.0,0.0,S/D,6,S/D,S/D,S/D,0,S/D,S/D,S/D,0,S/D,S/D,S/D,0,S/D,S/D,S/D,0
116085,AREQUIPA UV,AREQUIPA,AREQUIPA,wrf5,pp,20260826,20260924,"00Z,12Z",D1,6h,0.0,0.0,S/D,7,S/D,S/D,S/D,0,S/D,S/D,S/D,0,S/D,S/D,S/D,0,S/D,S/D,S/D,0
116085,AREQUIPA UV,AREQUIPA,AREQUIPA,mpas15,pp,20260826,20260924,00Z,D1,6h,0.0,0.0,S/D,4,S/D,S/D,S/D,0,S/D,S/D,S/D,0,S/D,S/D,S/D,0,S/D,S/D,S/D,0
47E26242,BOYADERO,AREQUIPA,AREQUIPA,ecmwf,pp,20260826,20260924,"00Z,12Z",D1,6h,0.004,0.033,S/D,232,S/D,1.0,0.0,0,S/D,S/D,S/D,0,S/D,S/D,S/D,0,S/D,S/D,S/D,0
47E26242,BOYADERO,AREQUIPA,AREQUIPA,gfs,pp,20260826,20260924,"00Z,12Z",D1,6h,0.0,0.0,S/D,175,S/D,S/D,S/D,0,S/D,S/D,S/D,0,S/D,S/D,S/D,0,S/D,S/D,S/D,0
47E26242,BOYADERO,AREQUIPA,AREQUIPA,eta5,pp,20260826,20260924,"00Z,12Z",D1,6h,0.0,0.0,S/D,197,S/D,S/D,S/D,0,S/D,S/D,S/D,0,S/D,S/D,S/D,0,S/D,S/D,S/D,0
47E26242,BOYADERO,AREQUIPA,AREQUIPA,wrf5,pp,20260826,20260924,"00Z,12Z",D1,6h,0.0,0.001,S/D,228,S/D,S/D,S/D,0,S/D,S/D,S/D,0,S/D,S/D,S/D,0,S/D,S/D,S/D,0
47E26242,BOYADERO,AREQUIPA,AREQUIPA,mpas15,pp,20260826,20260924,00Z,D1,6h,0.0,0.0,S/D,116,S/D,S/D,S/D,0,S/D,S/D,S/D,0,S/D,S/D,S/D,0,S/D,S/D,S/D,0
116083,CAYMA,AREQUIPA,AREQUIPA,ecmwf,pp,20260826,20260924,"00Z,12Z",D1,6h,-0.135,2.042,-0.035,234,0.0,1.0,0.0,2,0.0,1.0,0.0,2,0.0,S/D,0.0,2,S/D,S/D,S/D,0
116083,CAYMA,AREQUIPA,AREQUIPA,gfs,pp,20260826,20260924,"00Z,12Z",D1,6h,-0.228,2.337,-0.028,176,0.0,1.0,0.0,2,0.0,1.0,0.0,2,0.0,S/D,0.0,2,S/D,S/D,S/D,0
116083,CAYMA,AREQUIPA,AREQUIPA,eta5,pp,20260826,20260924,"00Z,12Z",D1,6h,-0.22,2.195,-0.007,199,0.0,S/D,0.0,2,0.0,S/D,0.0,2,0.0,S/D,0.0,2,S/D,S/D,S/D,0
116083,CAYMA,AREQUIPA,AREQUIPA,wrf5,pp,20260826,20260924,"00Z,12Z",D1,6h,-0.091,1.441,-0.009,231,0.0,1.0,0.0,1,0.0,S/D,0.0,1,0.0,S/D,0.0,1,S/D,S/D,S/D,0
116083,CAYMA,AREQUIPA,AREQUIPA,mpas15,pp,20260826,20260924,00Z,D1,6h,-0.179,2.027,-0.082,117,0.0,1.0,0.0,1,0.0,1.0,0.0,1,0.0,S/D,0.0,1,S/D,S/D,S/D,0
472147C4,CHARCANI,AREQUIPA,AREQUIPA,ecmwf,pp,20260826,20260924,"00Z,12Z",D1,6h,0.026,0.384,0.075,230,0.5,0.846,0.133,4,0.0,1.0,0.0,2,S/D,S/D,S/D,0,S/D,S/D,S/D,0
472147C4,CHARCANI,AREQUIPA,AREQUIPA,gfs,pp,20260826,20260924,"00Z,12Z",D1,6h,0.002,0.251,0.337,173,0.667,0.75,0.222,3,0.0,1.0,0.0,1,S/D,S/D,S/D,0,S/D,S/D,S/D,0
472147C4,CHARCANI,AREQUIPA,AREQUIPA,eta5,pp,20260826,20260924,"00Z,12Z",D1,6h,-0.03,0.304,0.342,195,0.25,0.0,0.25,4,0.0,S/D,0.0,2,S/D,S/D,S/D,0,S/D,S/D,S/D,0
472147C4,CHARCANI,AREQUIPA,AREQUIPA,wrf5,pp,20260826,20260924,"00Z,12Z",D1,6h,-0.009,0.203,0.513,227,0.667,0.0,0.667,3,0.0,S/D,0.0,1,S/D,S/D,S/D,0,S/D,S/D,S/D,0
472147C4,CHARCANI,AREQUIPA,AREQUIPA,mpas15,pp,20260826,20260924,00Z,D1,6h,-0.001,0.32,0.162,115,0.5,0.667,0.25,2,0.0,1.0,0.0,1,S/D,S/D,S/D,0,S/D,S/D,S/D,0
116077,CHIGUATA,AREQUIPA,AREQUIPA,ecmwf,pp,20260826,20260924,"00Z,12Z",D1,6h,0.001,0.008,S/D,232,S/D,1.0,0.0,0,S/D,S/D,S/D,0,S/D,S/D,S/D,0,S/D,S/D,S/D,0
116077,CHIGUATA,AREQUIPA,AREQUIPA,gfs,pp,20260826,20260924,"00Z,12Z",D1,6h,0.007,0.05,S/D,175,S/D,1.0,0.0,0,S/D,S/D,S/D,0,S/D,S/D,S/D,0,S/D,S/D,S/D,0
116077,CHIGUATA,AREQUIPA,AREQUIPA,eta5,pp,20260826,20260924,"00Z,12Z",D1,6h,0.004,0.039,S/D,198,S/D,1.0,0.0,0,S/D,S/D,S/D,0,S/D,S/D,S/D,0,S/D,S/D,S/D,0
116077,CHIGUATA,AREQUIPA,AREQUIPA,wrf5,pp,20260826,20260924,"00Z,12Z",D1,6h,0.008,0.075,S/D,228,S/D,1.0,0.0,0,S/D,S/D,S/D,0,S/D,S/D,S/D,0,S/D,S/D,S/D,0
116077,CHIGUATA,AREQUIPA,AREQUIPA,mpas15,pp,20260826,20260924,00Z,D1,6h,0.078,0.335,S/D,116,S/D,1.0,0.0,0,S/D,1.0,0.0,0,S/D,S/D,S/D,0,S/D,S/D,S/D,0
116079,HUASACACHE,AREQUIPA,AREQUIPA,ecmwf,pp,20260826,20260924,"00Z,12Z",D1,6h,-0.003,0.025,0.264,216,0.0,1.0,0.0,6,S/D,S/D,S/D,0,S/D,S/D,S/D,0,S/D,S/D,S/D,0
116079,HUASACACHE,AREQUIPA,AREQUIPA,gfs,pp,20260826,20260924,"00Z,12Z",D1,6h,0.003,0.048,0.487,162,0.333,0.5,0.25,6,S/D,S/D,S/D,0,S/D,S/D,S/D,0,S/D,S/D,S/D,0
116079,HUASACACHE,AREQUIPA,AREQUIPA,eta5,pp,20260826,20260924,"00Z,12Z",D1,6h,-0.003,0.021,S/D,186,0.0,S/D,0.0,5,S/D,S/D,S/D,0,S/D,S/D,S/D,0,S/D,S/D,S/D,0
116079,HUASACACHE,AREQUIPA,AREQUIPA,wrf5,pp,20260826,20260924,"00Z,12Z",D1,6h,-0.002,0.031,-0.02,212,0.0,1.0,0.0,6,S/D,S/D,S/D,0,S/D,S/D,S/D,0,S/D,S/D,S/D,0
116079,HUASACACHE,AREQUIPA,AREQUIPA,mpas15,pp,20260826,20260924,00Z,D1,6h,0.006,0.099,-0.15,108,0.0,1.0,0.0,3,S/D,1.0,0.0,0,S/D,S/D,S/D,0,S/D,S/D,S/D,0
116065,LA PAMPILLA,AREQUIPA,AREQUIPA,ecmwf,pp,20260826,20260924,"00Z,12Z",D1,6h,-0.001,0.02,-0.017,238,0.0,1.0,0.0,2,S/D,S/D,S/D,0,S/D,S/D,S/D,0,S/D,S/D,S/D,0
116065,LA PAMPILLA,AREQUIPA,AREQUIPA,gfs,pp,20260826,20260924,"00Z,12Z",D1,6h,0.006,0.052,-0.014,179,0.0,1.0,0.0,1,S/D,S/D,S/D,0,S/D,S/D,S/D,0,S/D,S/D,S/D,0
116065,LA PAMPILLA,AREQUIPA,AREQUIPA,eta5,pp,20260826,20260924,"00Z,12Z",D1,6h,-0.001,0.014,-0.005,203,0.0,S/D,0.0,1,S/D,S/D,S/D,0,S/D,S/D,S/D,0,S/D,S/D,S/D,0
116065,LA PAMPILLA,AREQUIPA,AREQUIPA,wrf5,pp,20260826,20260924,"00Z,12Z",D1,6h,-0.0,0.027,-0.009,234,0.0,1.0,0.0,2,S/D,S/D,S/D,0,S/D,S/D,S/D,0,S/D,S/D,S/D,0
116065,LA PAMPILLA,AREQUIPA,AREQUIPA,mpas15,pp,20260826,20260924,00Z,D1,6h,0.024,0.16,-0.082,119,0.0,1.0,0.0,1,S/D,1.0,0.0,0,S/D,S/D,S/D,0,S/D,S/D,S/D,0
116086,LAS SALINAS,AREQUIPA,AREQUIPA,ecmwf,pp,20260826,20260924,"00Z,12Z",D1,6h,0.144,0.655,0.194,214,1.0,0.909,0.091,2,S/D,1.0,0.0,0,S/D,1.0,0.0,0,S/D,S/D,S/D,0
116086,LAS SALINAS,AREQUIPA,AREQUIPA,gfs,pp,20260826,20260924,"00Z,12Z",D1,6h,0.056,0.26,0.133,160,0.5,0.929,0.067,2,S/D,1.0,0.0,0,S/D,S/D,S/D,0,S/D,S/D,S/D,0
116086,LAS SALINAS,AREQUIPA,AREQUIPA,eta5,pp,20260826,20260924,"00Z,12Z",D1,6h,0.025,0.124,0.185,184,1.0,0.889,0.111,1,S/D,S/D,S/D,0,S/D,S/D,S/D,0,S/D,S/D,S/D,0
116086,LAS SALINAS,AREQUIPA,AREQUIPA,wrf5,pp,20260826,20260924,"00Z,12Z",D1,6h,0.043,0.286,-0.025,210,0.0,1.0,0.0,2,S/D,1.0,0.0,0,S/D,S/D,S/D,0,S/D,S/D,S/D,0
116086,LAS SALINAS,AREQUIPA,AREQUIPA,mpas15,pp,20260826,20260924,00Z,D1,6h,0.317,0.942,0.02,107,0.0,1.0,0.0,1,S/D,1.0,0.0,0,S/D,S/D,S/D,0,S/D,S/D,S/D,0
47E360B8,PATAHUASI,AREQUIPA,AREQUIPA,ecmwf,pp,20260826,20260924,"00Z,12Z",D1,6h,0.074,0.363,0.175,236,0.0,1.0,0.0,2,S/D,1.0,0.0,0,S/D,S/D,S/D,0,S/D,S/D,S/D,0
47E360B8,PATAHUASI,AREQUIPA,AREQUIPA,gfs,pp,20260826,20260924,"00Z,12Z",D1,6h,0.068,0.301,0.117,178,0.5,0.938,0.059,2,S/D,1.0,0.0,0,S/D,S/D,S/D,0,S/D,S/D,S/D,0
47E360B8,PATAHUASI,AREQUIPA,AREQUIPA,eta5,pp,20260826,20260924,"00Z,12Z",D1,6h,0.02,0.127,-0.017,202,0.0,1.0,0.0,1,S/D,1.0,0.0,0,S/D,S/D,S/D,0,S/D,S/D,S/D,0
47E360B8,PATAHUASI,AREQUIPA,AREQUIPA,wrf5,pp,20260826,20260924,"00Z,12Z",D1,6h,0.041,0.445,-0.025,232,0.0,1.0,0.0,2,S/D,1.0,0.0,0,S/D,1.0,0.0,0,S/D,S/D,S/D,0
47E360B8,PATAHUASI,AREQUIPA,AREQUIPA,mpas15,pp,20260826,20260924,00Z,D1,6h,0.18,0.523,0.147,118,1.0,0.941,0.059,1,S/D,1.0,0.0,0,S/D,S/D,S/D,0,S/D,S/D,S/D,0
4722E032,PUENTE DEL DIABLO,AREQUIPA,AREQUIPA,ecmwf,pp,20260826,20260924,"00Z,12Z",D1,6h,-0.005,0.057,0.398,220,0.0,S/D,0.0,2,S/D,S/D,S/D,0,S/D,S/D,S/D,0,S/D,S/D,S/D,0
4722E032,PUENTE DEL DIABLO,AREQUIPA,AREQUIPA,gfs,pp,20260826,20260924,"00Z,12Z",D1,6h,-0.007,0.065,S/D,168,0.0,S/D,0.0,2,S/D,S/D,S/D,0,S/D,S/D,S/D,0,S/D,S/D,S/D,0
4722E032,PUENTE DEL DIABLO,AREQUIPA,AREQUIPA,eta5,pp,20260826,20260924,"00Z,12Z",D1,6h,-0.006,0.062,S/D,188,0.0,S/D,0.0,2,S/D,S/D,S/D,0,S/D,S/D,S/D,0,S/D,S/D,S/D,0
4722E032,PUENTE DEL DIABLO,AREQUIPA,AREQUIPA,wrf5,pp,20260826,20260924,"00Z,12Z",D1,6h,-0.005,0.058,-0.009,217,0.0,S/D,0.0,2,S/D,S/D,S/D,0,S/D,S/D,S/D,0,S/D,S/D,S/D,0
4722E032,PUENTE DEL DIABLO,AREQUIPA,AREQUIPA,mpas15,pp,20260826,20260924,00Z,D1,6h,-0.005,0.057,-0.085,110,0.0,S/D,0.0,1,S/D,S/D,S/D,0,S/D,S/D,S/D,0,S/D,S/D,S/D,0
116082,SAN FRANCISCO,AREQUIPA,AREQUIPA,ecmwf,pp,20260826,20260924,"00Z,12Z",D1,6h,0.0,0.004,S/D,228,S/D,S/D,S/D,0,S/D,S/D,S/D,0,S/D,S/D,S/D,0,S/D,S/D,S/D,0
116082,SAN FRANCISCO,AREQUIPA,AREQUIPA,gfs,pp,20260826,20260924,"00Z,12Z",D1,6h,0.007,0.05,S/D,173,S/D,1.0,0.0,0,S/D,S/D,S/D,0,S/D,S/D,S/D,0,S/D,S/D,S/D,0
116082,SAN FRANCISCO,AREQUIPA,AREQUIPA,eta5,pp,20260826,20260924,"00Z,12Z",D1,6h,0.0,0.0,S/D,194,S/D,S/D,S/D,0,S/D,S/D,S/D,0,S/D,S/D,S/D,0,S/D,S/D,S/D,0
116082,SAN FRANCISCO,AREQUIPA,AREQUIPA,wrf5,pp,20260826,20260924,"00Z,12Z",D1,6h,0.002,0.027,S/D,224,S/D,1.0,0.0,0,S/D,S/D,S/D,0,S/D,S/D,S/D,0,S/D,S/D,S/D,0
116082,SAN FRANCISCO,AREQUIPA,AREQUIPA,mpas15,pp,20260826,20260924,00Z,D1,6h,0.018,0.132,S/D,114,S/D,1.0,0.0,0,S/D,1.0,0.0,0,S/D,S/D,S/D,0,S/D,S/D,S/D,0
47E3B6D0,SAN JOSE DE UZUNA,AREQUIPA,AREQUIPA,ecmwf,pp,20260826,20260924,"00Z,12Z",D1,6h,0.057,0.37,-0.056,238,0.0,1.0,0.0,4,S/D,1.0,0.0,0,S/D,S/D,S/D,0,S/D,S/D,S/D,0
47E3B6D0,SAN JOSE DE UZUNA,AREQUIPA,AREQUIPA,gfs,pp,20260826,20260924,"00Z,12Z",D1,6h,0.042,0.239,-0.035,179,0.0,1.0,0.0,2,S/D,1.0,0.0,0,S/D,S/D,S/D,0,S/D,S/D,S/D,0
47E3B6D0,SAN JOSE DE UZUNA,AREQUIPA,AREQUIPA,eta5,pp,20260826,20260924,"00Z,12Z",D1,6h,-0.004,0.068,-0.017,203,0.0,1.0,0.0,4,S/D,S/D,S/D,0,S/D,S/D,S/D,0,S/D,S/D,S/D,0
47E3B6D0,SAN JOSE DE UZUNA,AREQUIPA,AREQUIPA,wrf5,pp,20260826,20260924,"00Z,12Z",D1,6h,0.012,0.183,-0.03,234,0.0,1.0,0.0,4,S/D,1.0,0.0,0,S/D,S/D,S/D,0,S/D,S/D,S/D,0
47E3B6D0,SAN JOSE DE UZUNA,AREQUIPA,AREQUIPA,mpas15,pp,20260826,20260924,00Z,D1,6h,0.003,0.107,0.105,119,0.0,1.0,0.0,2,S/D,1.0,0.0,0,S/D,S/D,S/D,0,S/D,S/D,S/D,0
47E27134,SOCOSANI,AREQUIPA,AREQUIPA,ecmwf,pp,20260826,20260924,"00Z,12Z",D1,6h,0.007,0.052,S/D,204,S/D,1.0,0.0,0,S/D,S/D,S/D,0,S/D,S/D,S/D,0,S/D,S/D,S/D,0
47E27134,SOCOSANI,AREQUIPA,AREQUIPA,gfs,pp,20260826,20260924,"00Z,12Z",D1,6h,0.003,0.022,S/D,152,S/D,1.0,0.0,0,S/D,S/D,S/D,0,S/D,S/D,S/D,0,S/D,S/D,S/D,0
47E27134,SOCOSANI,AREQUIPA,AREQUIPA,eta5,pp,20260826,20260924,"00Z,12Z",D1,6h,0.0,0.0,S/D,173,S/D,S/D,S/D,0,S/D,S/D,S/D,0,S/D,S/D,S/D,0,S/D,S/D,S/D,0
47E27134,SOCOSANI,AREQUIPA,AREQUIPA,wrf5,pp,20260826,20260924,"00Z,12Z",D1,6h,0.001,0.012,S/D,200,S/D,1.0,0.0,0,S/D,S/D,S/D,0,S/D,S/D,S/D,0,S/D,S/D,S/D,0
47E27134,SOCOSANI,AREQUIPA,AREQUIPA,mpas15,pp,20260826,20260924,00Z,D1,6h,0.0,0.0,S/D,102,S/D,S/D,S/D,0,S/D,S/D,S/D,0,S/D,S/D,S/D,0,S/D,S/D,S/D,0
472EE1AE,TINGO GRANDE,AREQUIPA,AREQUIPA,ecmwf,pp,20260826,20260924,"00Z,12Z",D1,6h,0.0,0.0,S/D,2,S/D,S/D,S/D,0,S/D,S/D,S/D,0,S/D,S/D,S/D,0,S/D,S/D,S/D,0
472EE1AE,TINGO GRANDE,AREQUIPA,AREQUIPA,gfs,pp,20260826,20260924,"00Z,12Z",D1,6h,0.0,0.0,S/D,2,S/D,S/D,S/D,0,S/D,S/D,S/D,0,S/D,S/D,S/D,0,S/D,S/D,S/D,0
472EE1AE,TINGO GRANDE,AREQUIPA,AREQUIPA,eta5,pp,20260826,20260924,"00Z,12Z",D1,6h,0.0,0.0,S/D,1,S/D,S/D,S/D,0,S/D,S/D,S/D,0,S/D,S/D,S/D,0,S/D,S/D,S/D,0
472EE1AE,TINGO GRANDE,AREQUIPA,AREQUIPA,wrf5,pp,20260826,20260924,"00Z,12Z",D1,6h,0.0,0.0,S/D,2,S/D,S/D,S/D,0,S/D,S/D,S/D,0,S/D,S/D,S/D,0,S/D,S/D,S/D,0
472EE1AE,TINGO GRANDE,AREQUIPA,AREQUIPA,mpas15,pp,20260826,20260924,00Z,D1,6h,0.0,0.0,S/D,1,S/D,S/D,S/D,0,S/D,S/D,S/D,0,S/D,S/D,S/D,0,S/D,S/D,S/D,0
116078,TUCTUMPAYA,AREQUIPA,AREQUIPA,ecmwf,pp,20260826,20260924,"00Z,12Z",D1,6h,0.064,0.369,S/D,234,S/D,1.0,0.0,0,S/D,1.0,0.0,0,S/D,S/D,S/D,0,S/D,S/D,S/D,0
116078,TUCTUMPAYA,AREQUIPA,AREQUIPA,gfs,pp,20260826,20260924,"00Z,12Z",D1,6h,0.047,0.236,S/D,176,S/D,1.0,0.0,0,S/D,1.0,0.0,0,S/D,S/D,S/D,0,S/D,S/D,S/D,0
116078,TUCTUMPAYA,AREQUIPA,AREQUIPA,eta5,pp,20260826,20260924,"00Z,12Z",D1,6h,0.007,0.06,S/D,199,S/D,1.0,0.0,0,S/D,S/D,S/D,0,S/D,S/D,S/D,0,S/D,S/D,S/D,0
116078,TUCTUMPAYA,AREQUIPA,AREQUIPA,wrf5,pp,20260826,20260924,"00Z,12Z",D1,6h,0.02,0.218,S/D,231,S/D,1.0,0.0,0,S/D,1.0,0.0,0,S/D,S/D,S/D,0,S/D,S/D,S/D,0
116078,TUCTUMPAYA,AREQUIPA,AREQUIPA,mpas15,pp,20260826,20260924,00Z,D1,6h,0.026,0.16,S/D,117,S/D,1.0,0.0,0,S/D,1.0,0.0,0,S/D,S/D,S/D,0,S/D,S/D,S/D,0
116081,YURA,AREQUIPA,AREQUIPA,ecmwf,pp,20260826,20260924,"00Z,12Z",D1,6h,-0.224,2.029,-0.181,154,0.0,1.0,0.0,2,0.0,S/D,0.0,2,0.0,S/D,0.0,2,S/D,S/D,S/D,0
116081,YURA,AREQUIPA,AREQUIPA,gfs,pp,20260826,20260924,"00Z,12Z",D1,6h,-0.154,1.66,-0.009,115,0.0,S/D,0.0,1,0.0,S/D,0.0,1,0.0,S/D,0.0,1,S/D,S/D,S/D,0
116081,YURA,AREQUIPA,AREQUIPA,eta5,pp,20260826,20260924,"00Z,12Z",D1,6h,-0.262,2.159,S/D,136,0.0,S/D,0.0,2,0.0,S/D,0.0,2,0.0,S/D,0.0,2,S/D,S/D,S/D,0
116081,YURA,AREQUIPA,AREQUIPA,wrf5,pp,20260826,20260924,"00Z,12Z",D1,6h,-0.118,1.449,S/D,151,0.0,S/D,0.0,1,0.0,S/D,0.0,1,0.0,S/D,0.0,1,S/D,S/D,S/D,0
116081,YURA,AREQUIPA,AREQUIPA,mpas15,pp,20260826,20260924,00Z,D1,6h,-0.231,2.028,0.084,77,0.0,S/D,0.0,1,0.0,S/D,0.0,1,0.0,S/D,0.0,1,S/D,S/D,S/D,0
116084,CAMANA,AREQUIPA,CAMANA,ecmwf,pp,20260826,20260924,"00Z,12Z",D1,6h,0.01,0.023,S/D,6,S/D,S/D,S/D,0,S/D,S/D,S/D,0,S/D,S/D,S/D,0,S/D,S/D,S/D,0
116084,CAMANA,AREQUIPA,CAMANA,gfs,pp,20260826,20260924,"00Z,12Z",D1,6h,0.0,0.0,S/D,4,S/D,S/D,S/D,0,S/D,S/D,S/D,0,S/D,S/D,S/D,0,S/D,S/D,S/D,0
116084,CAMANA,AREQUIPA,CAMANA,eta5,pp,20260826,20260924,"00Z,12Z",D1,6h,0.001,0.001,S/D,5,S/D,S/D,S/D,0,S/D,S/D,S/D,0,S/D,S/D,S/D,0,S/D,S/D,S/D,0
116084,CAMANA,AREQUIPA,CAMANA,wrf5,pp,20260826,20260924,"00Z,12Z",D1,6h,0.0,0.0,S/D,5,S/D,S/D,S/D,0,S/D,S/D,S/D,0,S/D,S/D,S/D,0,S/D,S/D,S/D,0
116084,CAMANA,AREQUIPA,CAMANA,mpas15,pp,20260826,20260924,00Z,D1,6h,0.0,0.0,S/D,3,S/D,S/D,S/D,0,S/D,S/D,S/D,0,S/D,S/D,S/D,0,S/D,S/D,S/D,0
472D23BE,OCOÑA,AREQUIPA,CAMANA,ecmwf,pp,20260826,20260924,"00Z,12Z",D1,6h,0.329,0.852,0.287,232,0.75,0.803,0.185,32,0.333,0.939,0.054,6,S/D,S/D,S/D,0,S/D,S/D,S/D,0
472D23BE,OCOÑA,AREQUIPA,CAMANA,gfs,pp,20260826,20260924,"00Z,12Z",D1,6h,-0.092,0.457,0.301,174,0.385,0.474,0.286,26,0.0,S/D,0.0,6,S/D,S/D,S/D,0,S/D,S/D,S/D,0
472D23BE,OCOÑA,AREQUIPA,CAMANA,eta5,pp,20260826,20260924,"00Z,12Z",D1,6h,-0.094,0.438,0.157,198,0.185,0.583,0.147,27,0.0,S/D,0.0,6,S/D,S/D,S/D,0,S/D,S/D,S/D,0
472D23BE,OCOÑA,AREQUIPA,CAMANA,wrf5,pp,20260826,20260924,"00Z,12Z",D1,6h,-0.109,0.423,0.107,229,0.0,S/D,0.0,32,0.0,S/D,0.0,6,S/D,S/D,S/D,0,S/D,S/D,S/D,0
472D23BE,OCOÑA,AREQUIPA,CAMANA,mpas15,pp,20260826,20260924,00Z,D1,6h,-0.044,0.473,0.175,116,0.188,0.667,0.136,16,0.0,1.0,0.0,3,S/D,S/D,S/D,0,S/D,S/D,S/D,0
214400,HUATIAPA,AREQUIPA,CASTILLA,ecmwf,pp,20260826,20260924,"00Z,12Z",D1,6h,S/D,S/D,S/D,0,S/D,S/D,S/D,0,S/D,S/D,S/D,0,S/D,S/D,S/D,0,S/D,S/D,S/D,0
214400,HUATIAPA,AREQUIPA,CASTILLA,gfs,pp,20260826,20260924,"00Z,12Z",D1,6h,S/D,S/D,S/D,0,S/D,S/D,S/D,0,S/D,S/D,S/D,0,S/D,S/D,S/D,0,S/D,S/D,S/D,0
214400,HUATIAPA,AREQUIPA,CASTILLA,eta5,pp,20260826,20260924,"00Z,12Z",D1,6h,S/D,S/D,S/D,0,S/D,S/D,S/D,0,S/D,S/D,S/D,0,S/D,S/D,S/D,0,S/D,S/D,S/D,0
214400,HUATIAPA,AREQUIPA,CASTILLA,wrf5,pp,20260826,20260924,"00Z,12Z",D1,6h,S/D,S/D,S/D,0,S/D,S/D,S/D,0,S/D,S/D,S/D,0,S/D,S/D,S/D,0,S/D,S/D,S/D,0
214400,HUATIAPA,AREQUIPA,CASTILLA,mpas15,pp,20260826,20260924,00Z,D1,6h,S/D,S/D,S/D,0,S/D,S/D,S/D,0,S/D,S/D,S/D,0,S/D,S/D,S/D,0,S/D,S/D,S/D,0
4723D752,CHIVAY,AREQUIPA,CAYLLOMA,ecmwf,pp,20260826,20260924,"00Z,12Z",D1,6h,0.157,0.551,0.415,232,0.929,0.705,0.289,14,S/D,1.0,0.0,0,S/D,S/D,S/D,0,S/D,S/D,S/D,0
4723D752,CHIVAY,AREQUIPA,CAYLLOMA,gfs,pp,20260826,20260924,"00Z,12Z",D1,6h,0.229,0.811,0.443,174,0.818,0.727,0.257,11,S/D,1.0,0.0,0,S/D,1.0,0.0,0,S/D,S/D,S/D,0
4723D752,CHIVAY,AREQUIPA,CAYLLOMA,eta5,pp,20260826,20260924,"00Z,12Z",D1,6h,0.055,0.29,0.362,197,0.5,0.7,0.231,12,S/D,1.0,0.0,0,S/D,S/D,S/D,0,S/D,S/D,S/D,0
4723D752,CHIVAY,AREQUIPA,CAYLLOMA,wrf5,pp,20260826,20260924,"00Z,12Z",D1,6h,0.126,0.634,0.355,229,0.5,0.708,0.226,14,S/D,1.0,0.0,0,S/D,1.0,0.0,0,S/D,S/D,S/D,0
4723D752,CHIVAY,AREQUIPA,CAYLLOMA,mpas15,pp,20260826,20260924,00Z,D1,6h,0.339,0.89,0.256,116,0.571,0.826,0.154,7,S/D,1.0,0.0,0,S/D,S/D,S/D,0,S/D,S/D,S/D,0
47E8A60E,COTACOTA,AREQUIPA,CAYLLOMA,ecmwf,pp,20260826,20260924,"00Z,12Z",D1,6h,0.006,0.837,0.51,226,0.714,0.608,0.339,28,0.375,0.455,0.286,16,S/D,1.0,0.0,0,S/D,S/D,S/D,0
47E8A60E,COTACOTA,AREQUIPA,CAYLLOMA,gfs,pp,20260826,20260924,"00Z,12Z",D1,6h,0.517,1.425,0.487,170,0.9,0.71,0.281,20,0.75,0.727,0.25,12,S/D,1.0,0.0,0,S/D,S/D,S/D,0
47E8A60E,COTACOTA,AREQUIPA,CAYLLOMA,eta5,pp,20260826,20260924,"00Z,12Z",D1,6h,-0.072,0.85,0.518,191,0.741,0.545,0.392,27,0.125,0.833,0.077,16,S/D,S/D,S/D,0,S/D,S/D,S/D,0
47E8A60E,COTACOTA,AREQUIPA,CAYLLOMA,wrf5,pp,20260826,20260924,"00Z,12Z",D1,6h,0.297,1.346,0.468,223,0.72,0.617,0.333,25,0.5,0.72,0.219,14,S/D,1.0,0.0,0,S/D,S/D,S/D,0
47E8A60E,COTACOTA,AREQUIPA,CAYLLOMA,mpas15,pp,20260826,20260924,00Z,D1,6h,0.13,0.848,0.521,113,0.857,0.52,0.444,14,0.75,0.6,0.353,8,S/D,1.0,0.0,0,S/D,S/D,S/D,0
47E3A5A6,HUANCA,AREQUIPA,CAYLLOMA,ecmwf,pp,20260826,20260924,"00Z,12Z",D1,6h,0.036,0.22,S/D,238,S/D,1.0,0.0,0,S/D,1.0,0.0,0,S/D,S/D,S/D,0,S/D,S/D,S/D,0
47E3A5A6,HUANCA,AREQUIPA,CAYLLOMA,gfs,pp,20260826,20260924,"00Z,12Z",D1,6h,0.011,0.041,S/D,179,S/D,1.0,0.0,0,S/D,S/D,S/D,0,S/D,S/D,S/D,0,S/D,S/D,S/D,0
47E3A5A6,HUANCA,AREQUIPA,CAYLLOMA,eta5,pp,20260826,20260924,"00Z,12Z",D1,6h,0.002,0.032,S/D,203,S/D,1.0,0.0,0,S/D,S/D,S/D,0,S/D,S/D,S/D,0,S/D,S/D,S/D,0
47E3A5A6,HUANCA,AREQUIPA,CAYLLOMA,wrf5,pp,20260826,20260924,"00Z,12Z",D1,6h,0.004,0.054,S/D,234,S/D,1.0,0.0,0,S/D,S/D,S/D,0,S/D,S/D,S/D,0,S/D,S/D,S/D,0
47E3A5A6,HUANCA,AREQUIPA,CAYLLOMA,mpas15,pp,20260826,20260924,00Z,D1,6h,0.017,0.13,S/D,119,S/D,1.0,0.0,0,S/D,1.0,0.0,0,S/D,S/D,S/D,0,S/D,S/D,S/D,0
47E3834A,IMATA,AREQUIPA,CAYLLOMA,ecmwf,pp,20260826,20260924,"00Z,12Z",D1,6h,0.069,0.556,0.384,236,0.812,0.629,0.342,16,0.4,0.667,0.222,10,S/D,1.0,0.0,0,S/D,S/D,S/D,0
47E3834A,IMATA,AREQUIPA,CAYLLOMA,gfs,pp,20260826,20260924,"00Z,12Z",D1,6h,0.105,0.553,0.323,178,0.7,0.794,0.189,10,0.714,0.583,0.357,7,S/D,S/D,S/D,0,S/D,S/D,S/D,0
47E3834A,IMATA,AREQUIPA,CAYLLOMA,eta5,pp,20260826,20260924,"00Z,12Z",D1,6h,-0.059,0.482,0.4,201,0.533,0.467,0.364,15,0.222,0.333,0.2,9,S/D,S/D,S/D,0,S/D,S/D,S/D,0
47E3834A,IMATA,AREQUIPA,CAYLLOMA,wrf5,pp,20260826,20260924,"00Z,12Z",D1,6h,0.037,0.532,0.396,232,0.5,0.619,0.276,16,0.5,0.286,0.417,10,S/D,1.0,0.0,0,S/D,S/D,S/D,0
47E3834A,IMATA,AREQUIPA,CAYLLOMA,mpas15,pp,20260826,20260924,00Z,D1,6h,0.137,0.623,0.223,118,0.5,0.789,0.174,8,0.6,0.812,0.167,5,S/D,S/D,S/D,0,S/D,S/D,S/D,0
4729E39A,PAMPA DE MAJES,AREQUIPA,CAYLLOMA,ecmwf,pp,20260826,20260924,"00Z,12Z",D1,6h,-0.0,0.01,-0.019,230,0.0,S/D,0.0,2,S/D,S/D,S/D,0,S/D,S/D,S/D,0,S/D,S/D,S/D,0
4729E39A,PAMPA DE MAJES,AREQUIPA,CAYLLOMA,gfs,pp,20260826,20260924,"00Z,12Z",D1,6h,-0.001,0.011,S/D,173,0.0,S/D,0.0,2,S/D,S/D,S/D,0,S/D,S/D,S/D,0,S/D,S/D,S/D,0
4729E39A,PAMPA DE MAJES,AREQUIPA,CAYLLOMA,eta5,pp,20260826,20260924,"00Z,12Z",D1,6h,-0.001,0.01,S/D,196,0.0,S/D,0.0,2,S/D,S/D,S/D,0,S/D,S/D,S/D,0,S/D,S/D,S/D,0
4729E39A,PAMPA DE MAJES,AREQUIPA,CAYLLOMA,wrf5,pp,20260826,20260924,"00Z,12Z",D1,6h,-0.001,0.009,S/D,226,0.0,S/D,0.0,2,S/D,S/D,S/D,0,S/D,S/D,S/D,0,S/D,S/D,S/D,0
4729E39A,PAMPA DE MAJES,AREQUIPA,CAYLLOMA,mpas15,pp,20260826,20260924,00Z,D1,6h,-0.001,0.009,0.122,115,0.0,S/D,0.0,1,S/D,S/D,S/D,0,S/D,S/D,S/D,0,S/D,S/D,S/D,0
47E373CE,PILLONES,AREQUIPA,CAYLLOMA,ecmwf,pp,20260826,20260924,"00Z,12Z",D1,6h,0.078,0.36,0.454,224,1.0,0.652,0.348,8,1.0,0.667,0.333,2,S/D,S/D,S/D,0,S/D,S/D,S/D,0
47E373CE,PILLONES,AREQUIPA,CAYLLOMA,gfs,pp,20260826,20260924,"00Z,12Z",D1,6h,0.055,0.296,0.547,169,0.833,0.643,0.333,6,0.5,0.8,0.167,2,S/D,S/D,S/D,0,S/D,S/D,S/D,0
47E373CE,PILLONES,AREQUIPA,CAYLLOMA,eta5,pp,20260826,20260924,"00Z,12Z",D1,6h,0.003,0.139,0.368,190,0.571,0.5,0.364,7,0.0,1.0,0.0,2,S/D,S/D,S/D,0,S/D,S/D,S/D,0
47E373CE,PILLONES,AREQUIPA,CAYLLOMA,wrf5,pp,20260826,20260924,"00Z,12Z",D1,6h,0.022,0.179,0.479,220,0.75,0.571,0.375,8,1.0,0.333,0.667,2,S/D,S/D,S/D,0,S/D,S/D,S/D,0
47E373CE,PILLONES,AREQUIPA,CAYLLOMA,mpas15,pp,20260826,20260924,00Z,D1,6h,0.23,0.598,0.309,112,1.0,0.81,0.19,4,1.0,0.938,0.062,1,S/D,S/D,S/D,0,S/D,S/D,S/D,0
47265686,SIBAYO,AREQUIPA,CAYLLOMA,ecmwf,pp,20260826,20260924,"00Z,12Z",D1,6h,S/D,S/D,S/D,0,S/D,S/D,S/D,0,S/D,S/D,S/D,0,S/D,S/D,S/D,0,S/D,S/D,S/D,0
47265686,SIBAYO,AREQUIPA,CAYLLOMA,gfs,pp,20260826,20260924,"00Z,12Z",D1,6h,S/D,S/D,S/D,0,S/D,S/D,S/D,0,S/D,S/D,S/D,0,S/D,S/D,S/D,0,S/D,S/D,S/D,0
47265686,SIBAYO,AREQUIPA,CAYLLOMA,eta5,pp,20260826,20260924,"00Z,12Z",D1,6h,S/D,S/D,S/D,0,S/D,S/D,S/D,0,S/D,S/D,S/D,0,S/D,S/D,S/D,0,S/D,S/D,S/D,0
47265686,SIBAYO,AREQUIPA,CAYLLOMA,wrf5,pp,20260826,20260924,"00Z,12Z",D1,6h,S/D,S/D,S/D,0,S/D,S/D,S/D,0,S/D,S/D,S/D,0,S/D,S/D,S/D,0,S/D,S/D,S/D,0
47265686,SIBAYO,AREQUIPA,CAYLLOMA,mpas15,pp,20260826,20260924,00Z,D1,6h,S/D,S/D,S/D,0,S/D,S/D,S/D,0,S/D,S/D,S/D,0,S/D,S/D,S/D,0,S/D,S/D,S/D,0
472ED434,SUMBAY,AREQUIPA,CAYLLOMA,ecmwf,pp,20260826,20260924,"00Z,12Z",D1,6h,0.05,0.393,0.289,214,0.7,0.759,0.219,10,0.667,0.6,0.333,6,0.5,0.0,0.5,2,S/D,S/D,S/D,0
472ED434,SUMBAY,AREQUIPA,CAYLLOMA,gfs,pp,20260826,20260924,"00Z,12Z",D1,6h,0.065,0.549,0.295,161,0.714,0.828,0.161,7,0.8,0.6,0.364,5,0.0,S/D,0.0,2,S/D,S/D,S/D,0
472ED434,SUMBAY,AREQUIPA,CAYLLOMA,eta5,pp,20260826,20260924,"00Z,12Z",D1,6h,-0.066,0.597,0.367,182,0.556,0.688,0.25,9,0.2,0.0,0.2,5,0.0,S/D,0.0,2,S/D,S/D,S/D,0
472ED434,SUMBAY,AREQUIPA,CAYLLOMA,wrf5,pp,20260826,20260924,"00Z,12Z",D1,6h,0.026,0.397,0.349,212,0.5,0.722,0.217,10,0.667,0.333,0.5,6,0.0,1.0,0.0,2,S/D,S/D,S/D,0
472ED434,SUMBAY,AREQUIPA,CAYLLOMA,mpas15,pp,20260826,20260924,00Z,D1,6h,0.115,0.631,0.245,107,0.6,0.812,0.167,5,0.667,0.846,0.143,3,0.0,S/D,0.0,1,S/D,S/D,S/D,0
115150,COROPUNA,AREQUIPA,CONDESUYOS,ecmwf,pp,20260826,20260924,"00Z,12Z",D1,6h,S/D,S/D,S/D,0,S/D,S/D,S/D,0,S/D,S/D,S/D,0,S/D,S/D,S/D,0,S/D,S/D,S/D,0
115150,COROPUNA,AREQUIPA,CONDESUYOS,gfs,pp,20260826,20260924,"00Z,12Z",D1,6h,S/D,S/D,S/D,0,S/D,S/D,S/D,0,S/D,S/D,S/D,0,S/D,S/D,S/D,0,S/D,S/D,S/D,0
115150,COROPUNA,AREQUIPA,CONDESUYOS,eta5,pp,20260826,20260924,"00Z,12Z",D1,6h,S/D,S/D,S/D,0,S/D,S/D,S/D,0,S/D,S/D,S/D,0,S/D,S/D,S/D,0,S/D,S/D,S/D,0
115150,COROPUNA,AREQUIPA,CONDESUYOS,wrf5,pp,20260826,20260924,"00Z,12Z",D1,6h,S/D,S/D,S/D,0,S/D,S/D,S/D,0,S/D,S/D,S/D,0,S/D,S/D,S/D,0,S/D,S/D,S/D,0
115150,COROPUNA,AREQUIPA,CONDESUYOS,mpas15,pp,20260826,20260924,00Z,D1,6h,S/D,S/D,S/D,0,S/D,S/D,S/D,0,S/D,S/D,S/D,0,S/D,S/D,S/D,0,S/D,S/D,S/D,0
114119,VISCA VISCA,AREQUIPA,CONDESUYOS,ecmwf,pp,20260826,20260924,"00Z,12Z",D1,6h,0.091,0.689,0.517,228,0.941,0.573,0.416,34,0.643,0.654,0.29,14,0.0,S/D,0.0,2,S/D,S/D,S/D,0
114119,VISCA VISCA,AREQUIPA,CONDESUYOS,gfs,pp,20260826,20260924,"00Z,12Z",D1,6h,0.498,1.543,0.399,171,0.87,0.756,0.235,23,0.778,0.816,0.175,9,0.0,1.0,0.0,2,S/D,S/D,S/D,0
114119,VISCA VISCA,AREQUIPA,CONDESUYOS,eta5,pp,20260826,20260924,"00Z,12Z",D1,6h,0.005,0.994,0.429,193,0.812,0.6,0.366,32,0.357,0.762,0.167,14,0.0,S/D,0.0,2,S/D,S/D,S/D,0
114119,VISCA VISCA,AREQUIPA,CONDESUYOS,wrf5,pp,20260826,20260924,"00Z,12Z",D1,6h,0.426,2.083,0.365,225,0.613,0.667,0.275,31,0.308,0.857,0.108,13,0.5,0.857,0.125,2,S/D,S/D,S/D,0
114119,VISCA VISCA,AREQUIPA,CONDESUYOS,mpas15,pp,20260826,20260924,00Z,D1,6h,0.251,0.932,0.417,114,0.765,0.649,0.317,17,0.857,0.739,0.25,7,0.0,S/D,0.0,1,S/D,S/D,S/D,0
47280292,COTAHUASI,AREQUIPA,LA UNION,ecmwf,pp,20260826,20260924,"00Z,12Z",D1,6h,-0.327,2.9,0.019,140,0.25,0.926,0.061,8,0.0,1.0,0.0,6,0.0,S/D,0.0,4,S/D,S/D,S/D,0
47280292,COTAHUASI,AREQUIPA,LA UNION,gfs,pp,20260826,20260924,"00Z,12Z",D1,6h,-0.509,3.28,-0.04,102,0.167,0.938,0.048,6,0.0,1.0,0.0,5,0.0,S/D,0.0,3,S/D,S/D,S/D,0
47280292,COTAHUASI,AREQUIPA,LA UNION,eta5,pp,20260826,20260924,"00Z,12Z",D1,6h,-0.437,3.129,0.104,118,0.25,0.913,0.069,8,0.0,1.0,0.0,6,0.0,S/D,0.0,4,S/D,S/D,S/D,0
47280292,COTAHUASI,AREQUIPA,LA UNION,wrf5,pp,20260826,20260924,"00Z,12Z",D1,6h,-0.441,2.922,0.098,136,0.125,0.833,0.077,8,0.0,1.0,0.0,6,0.0,S/D,0.0,4,S/D,S/D,S/D,0
47280292,COTAHUASI,AREQUIPA,LA UNION,mpas15,pp,20260826,20260924,00Z,D1,6h,-0.173,3.014,0.12,70,0.25,0.909,0.071,4,0.0,1.0,0.0,3,0.0,1.0,0.0,2,S/D,S/D,S/D,0
115151,CUYAU,AREQUIPA,LA UNION,ecmwf,pp,20260826,20260924,"00Z,12Z",D1,6h,0.25,0.828,0.347,234,S/D,1.0,0.0,0,S/D,1.0,0.0,0,S/D,1.0,0.0,0,S/D,S/D,S/D,0
115151,CUYAU,AREQUIPA,LA UNION,gfs,pp,20260826,20260924,"00Z,12Z",D1,6h,0.106,0.271,0.336,176,S/D,1.0,0.0,0,S/D,1.0,0.0,0,S/D,S/D,S/D,0,S/D,S/D,S/D,0
115151,CUYAU,AREQUIPA,LA UNION,eta5,pp,20260826,20260924,"00Z,12Z",D1,6h,0.097,0.288,0.219,199,S/D,1.0,0.0,0,S/D,1.0,0.0,0,S/D,S/D,S/D,0,S/D,S/D,S/D,0
115151,CUYAU,AREQUIPA,LA UNION,wrf5,pp,20260826,20260924,"00Z,12Z",D1,6h,0.072,0.45,0.338,231,S/D,1.0,0.0,0,S/D,1.0,0.0,0,S/D,1.0,0.0,0,S/D,S/D,S/D,0
115151,CUYAU,AREQUIPA,LA UNION,mpas15,pp,20260826,20260924,00Z,D1,6h,0.209,0.728,0.119,117,S/D,1.0,0.0,0,S/D,1.0,0.0,0,S/D,1.0,0.0,0,S/D,S/D,S/D,0
4729D600,PAMPA CANGALLO,AYACUCHO,CANGALLO,ecmwf,pp,20260826,20260924,"00Z,12Z",D1,6h,0.344,1.31,0.537,232,0.921,0.67,0.321,38,0.9,0.75,0.243,10,0.25,0.833,0.111,4,S/D,S/D,S/D,0
4729D600,PAMPA CANGALLO,AYACUCHO,CANGALLO,gfs,pp,20260826,20260924,"00Z,12Z",D1,6h,0.809,2.281,0.516,175,1.0,0.72,0.28,30,0.778,0.857,0.137,9,0.333,0.917,0.071,3,S/D,S/D,S/D,0
4729D600,PAMPA CANGALLO,AYACUCHO,CANGALLO,eta5,pp,20260826,20260924,"00Z,12Z",D1,6h,-0.091,1.31,0.551,197,0.794,0.542,0.409,34,0.333,0.7,0.188,9,0.0,S/D,0.0,4,S/D,S/D,S/D,0
4729D600,PAMPA CANGALLO,AYACUCHO,CANGALLO,wrf5,pp,20260826,20260924,"00Z,12Z",D1,6h,0.29,2.035,0.469,228,0.676,0.569,0.357,37,0.778,0.708,0.269,9,0.25,0.875,0.091,4,S/D,S/D,S/D,0
4729D600,PAMPA CANGALLO,AYACUCHO,CANGALLO,mpas15,pp,20260826,20260924,00Z,D1,6h,0.614,1.897,0.508,116,0.842,0.652,0.327,19,1.0,0.853,0.147,5,0.0,1.0,0.0,2,S/D,S/D,S/D,0
113248,SANTA CRUZ DE HOSPICIO,AYACUCHO,CANGALLO,ecmwf,pp,20260826,20260924,"00Z,12Z",D1,6h,0.462,1.216,0.572,232,0.947,0.629,0.364,38,0.857,0.714,0.273,14,1.0,0.75,0.25,2,S/D,S/D,S/D,0
113248,SANTA CRUZ DE HOSPICIO,AYACUCHO,CANGALLO,gfs,pp,20260826,20260924,"00Z,12Z",D1,6h,0.793,1.833,0.511,175,0.967,0.678,0.319,30,0.833,0.773,0.217,12,1.0,0.75,0.25,2,S/D,S/D,S/D,0
113248,SANTA CRUZ DE HOSPICIO,AYACUCHO,CANGALLO,eta5,pp,20260826,20260924,"00Z,12Z",D1,6h,0.03,0.59,0.506,197,0.71,0.621,0.328,31,0.545,0.571,0.316,11,0.0,S/D,0.0,2,S/D,S/D,S/D,0
113248,SANTA CRUZ DE HOSPICIO,AYACUCHO,CANGALLO,wrf5,pp,20260826,20260924,"00Z,12Z",D1,6h,0.563,2.049,0.482,228,0.649,0.556,0.358,37,0.615,0.704,0.25,13,1.0,0.833,0.167,2,S/D,S/D,S/D,0
113248,SANTA CRUZ DE HOSPICIO,AYACUCHO,CANGALLO,mpas15,pp,20260826,20260924,00Z,D1,6h,0.886,2.339,0.525,116,0.895,0.564,0.415,19,1.0,0.781,0.219,7,1.0,0.875,0.125,1,S/D,S/D,S/D,0
250900,PUENTE PAMPAS GORE APU,AYACUCHO,HUAMANGA,ecmwf,pp,20260826,20260924,"00Z,12Z",D1,6h,0.507,1.335,0.329,232,0.929,0.879,0.12,14,0.875,0.767,0.226,8,S/D,1.0,0.0,0,S/D,S/D,S/D,0
250900,PUENTE PAMPAS GORE APU,AYACUCHO,HUAMANGA,gfs,pp,20260826,20260924,"00Z,12Z",D1,6h,0.524,1.104,0.371,175,0.917,0.885,0.113,12,1.0,0.731,0.269,7,S/D,1.0,0.0,0,S/D,S/D,S/D,0
250900,PUENTE PAMPAS GORE APU,AYACUCHO,HUAMANGA,eta5,pp,20260826,20260924,"00Z,12Z",D1,6h,0.344,0.893,0.221,197,0.833,0.875,0.122,12,0.429,0.914,0.077,7,S/D,S/D,S/D,0,S/D,S/D,S/D,0
250900,PUENTE PAMPAS GORE APU,AYACUCHO,HUAMANGA,wrf5,pp,20260826,20260924,"00Z,12Z",D1,6h,0.07,0.811,0.301,228,0.538,0.65,0.269,13,0.625,0.375,0.455,8,S/D,1.0,0.0,0,S/D,S/D,S/D,0
250900,PUENTE PAMPAS GORE APU,AYACUCHO,HUAMANGA,mpas15,pp,20260826,20260924,00Z,D1,6h,0.68,1.673,0.3,116,0.857,0.85,0.146,7,1.0,0.862,0.138,4,S/D,1.0,0.0,0,S/D,S/D,S/D,0
114122,CCONTACC,AYACUCHO,LUCANAS,ecmwf,pp,20260826,20260924,"00Z,12Z",D1,6h,0.324,0.985,0.315,232,1.0,0.879,0.121,8,0.0,1.0,0.0,2,S/D,1.0,0.0,0,S/D,S/D,S/D,0
114122,CCONTACC,AYACUCHO,LUCANAS,gfs,pp,20260826,20260924,"00Z,12Z",D1,6h,0.484,1.461,0.297,175,1.0,0.897,0.103,6,0.0,1.0,0.0,1,S/D,1.0,0.0,0,S/D,S/D,S/D,0
114122,CCONTACC,AYACUCHO,LUCANAS,eta5,pp,20260826,20260924,"00Z,12Z",D1,6h,0.05,0.24,0.304,197,0.571,0.833,0.148,7,0.0,1.0,0.0,1,S/D,S/D,S/D,0,S/D,S/D,S/D,0
114122,CCONTACC,AYACUCHO,LUCANAS,wrf5,pp,20260826,20260924,"00Z,12Z",D1,6h,0.409,1.717,0.321,229,0.75,0.86,0.133,8,0.0,1.0,0.0,2,S/D,1.0,0.0,0,S/D,S/D,S/D,0
114122,CCONTACC,AYACUCHO,LUCANAS,mpas15,pp,20260826,20260924,00Z,D1,6h,0.411,1.363,0.284,116,1.0,0.833,0.167,4,1.0,0.952,0.048,1,S/D,1.0,0.0,0,S/D,S/D,S/D,0
47290068,HUAC-HUAS,AYACUCHO,LUCANAS,ecmwf,pp,20260826,20260924,"00Z,12Z",D1,6h,-0.016,0.375,0.17,212,0.5,0.714,0.222,4,0.0,1.0,0.0,2,S/D,S/D,S/D,0,S/D,S/D,S/D,0
47290068,HUAC-HUAS,AYACUCHO,LUCANAS,gfs,pp,20260826,20260924,"00Z,12Z",D1,6h,-0.027,0.423,0.147,158,0.0,1.0,0.0,4,0.0,S/D,0.0,2,S/D,S/D,S/D,0,S/D,S/D,S/D,0
47290068,HUAC-HUAS,AYACUCHO,LUCANAS,eta5,pp,20260826,20260924,"00Z,12Z",D1,6h,-0.034,0.393,0.08,179,0.0,1.0,0.0,3,0.0,S/D,0.0,2,S/D,S/D,S/D,0,S/D,S/D,S/D,0
47290068,HUAC-HUAS,AYACUCHO,LUCANAS,wrf5,pp,20260826,20260924,"00Z,12Z",D1,6h,-0.002,0.448,-0.046,208,0.0,1.0,0.0,4,0.0,1.0,0.0,2,S/D,S/D,S/D,0,S/D,S/D,S/D,0
47290068,HUAC-HUAS,AYACUCHO,LUCANAS,mpas15,pp,20260826,20260924,00Z,D1,6h,0.139,0.646,0.039,106,0.5,0.929,0.067,2,0.0,1.0,0.0,1,S/D,S/D,S/D,0,S/D,S/D,S/D,0
114127,PAMPA GALERAS,AYACUCHO,LUCANAS,ecmwf,pp,20260826,20260924,"00Z,12Z",D1,6h,0.167,0.96,0.342,228,1.0,0.789,0.211,8,0.333,0.714,0.182,6,S/D,1.0,0.0,0,S/D,S/D,S/D,0
114127,PAMPA GALERAS,AYACUCHO,LUCANAS,gfs,pp,20260826,20260924,"00Z,12Z",D1,6h,0.088,0.813,0.323,171,0.429,0.87,0.111,7,0.167,0.875,0.077,6,S/D,1.0,0.0,0,S/D,S/D,S/D,0
114127,PAMPA GALERAS,AYACUCHO,LUCANAS,eta5,pp,20260826,20260924,"00Z,12Z",D1,6h,-0.004,0.345,0.275,194,0.5,0.8,0.167,6,0.0,1.0,0.0,4,S/D,S/D,S/D,0,S/D,S/D,S/D,0
114127,PAMPA GALERAS,AYACUCHO,LUCANAS,wrf5,pp,20260826,20260924,"00Z,12Z",D1,6h,0.368,1.873,0.21,225,0.25,0.944,0.048,8,0.167,0.938,0.048,6,S/D,1.0,0.0,0,S/D,S/D,S/D,0
114127,PAMPA GALERAS,AYACUCHO,LUCANAS,mpas15,pp,20260826,20260924,00Z,D1,6h,0.302,1.157,0.174,114,0.75,0.857,0.136,4,0.667,0.867,0.125,3,S/D,1.0,0.0,0,S/D,S/D,S/D,0
114121,HURAY HUMA,AYACUCHO,PARINACOCHAS,ecmwf,pp,20260826,20260924,"00Z,12Z",D1,6h,0.559,1.402,S/D,144,S/D,1.0,0.0,0,S/D,1.0,0.0,0,S/D,1.0,0.0,0,S/D,S/D,S/D,0
114121,HURAY HUMA,AYACUCHO,PARINACOCHAS,gfs,pp,20260826,20260924,"00Z,12Z",D1,6h,0.68,1.301,S/D,109,S/D,1.0,0.0,0,S/D,1.0,0.0,0,S/D,1.0,0.0,0,S/D,S/D,S/D,0
114121,HURAY HUMA,AYACUCHO,PARINACOCHAS,eta5,pp,20260826,20260924,"00Z,12Z",D1,6h,0.123,0.315,S/D,118,S/D,1.0,0.0,0,S/D,1.0,0.0,0,S/D,S/D,S/D,0,S/D,S/D,S/D,0
114121,HURAY HUMA,AYACUCHO,PARINACOCHAS,wrf5,pp,20260826,20260924,"00Z,12Z",D1,6h,0.534,1.635,S/D,142,S/D,1.0,0.0,0,S/D,1.0,0.0,0,S/D,1.0,0.0,0,S/D,S/D,S/D,0
114121,HURAY HUMA,AYACUCHO,PARINACOCHAS,mpas15,pp,20260826,20260924,00Z,D1,6h,0.653,1.891,S/D,72,S/D,1.0,0.0,0,S/D,1.0,0.0,0,S/D,1.0,0.0,0,S/D,S/D,S/D,0
115155,PAUZA,AYACUCHO,PAUCAR DEL SARA SARA,ecmwf,pp,20260826,20260924,"00Z,12Z",D1,6h,S/D,S/D,S/D,0,S/D,S/D,S/D,0,S/D,S/D,S/D,0,S/D,S/D,S/D,0,S/D,S/D,S/D,0
115155,PAUZA,AYACUCHO,PAUCAR DEL SARA SARA,gfs,pp,20260826,20260924,"00Z,12Z",D1,6h,S/D,S/D,S/D,0,S/D,S/D,S/D,0,S/D,S/D,S/D,0,S/D,S/D,S/D,0,S/D,S/D,S/D,0
115155,PAUZA,AYACUCHO,PAUCAR DEL SARA SARA,eta5,pp,20260826,20260924,"00Z,12Z",D1,6h,S/D,S/D,S/D,0,S/D,S/D,S/D,0,S/D,S/D,S/D,0,S/D,S/D,S/D,0,S/D,S/D,S/D,0
115155,PAUZA,AYACUCHO,PAUCAR DEL SARA SARA,wrf5,pp,20260826,20260924,"00Z,12Z",D1,6h,S/D,S/D,S/D,0,S/D,S/D,S/D,0,S/D,S/D,S/D,0,S/D,S/D,S/D,0,S/D,S/D,S/D,0
115155,PAUZA,AYACUCHO,PAUCAR DEL SARA SARA,mpas15,pp,20260826,20260924,00Z,D1,6h,S/D,S/D,S/D,0,S/D,S/D,S/D,0,S/D,S/D,S/D,0,S/D,S/D,S/D,0,S/D,S/D,S/D,0
4725B27A,PAUCARAY,AYACUCHO,SUCRE,ecmwf,pp,20260826,20260924,"00Z,12Z",D1,6h,S/D,S/D,S/D,0,S/D,S/D,S/D,0,S/D,S/D,S/D,0,S/D,S/D,S/D,0,S/D,S/D,S/D,0
4725B27A,PAUCARAY,AYACUCHO,SUCRE,gfs,pp,20260826,20260924,"00Z,12Z",D1,6h,S/D,S/D,S/D,0,S/D,S/D,S/D,0,S/D,S/D,S/D,0,S/D,S/D,S/D,0,S/D,S/D,S/D,0
4725B27A,PAUCARAY,AYACUCHO,SUCRE,eta5,pp,20260826,20260924,"00Z,12Z",D1,6h,S/D,S/D,S/D,0,S/D,S/D,S/D,0,S/D,S/D,S/D,0,S/D,S/D,S/D,0,S/D,S/D,S/D,0
4725B27A,PAUCARAY,AYACUCHO,SUCRE,wrf5,pp,20260826,20260924,"00Z,12Z",D1,6h,S/D,S/D,S/D,0,S/D,S/D,S/D,0,S/D,S/D,S/D,0,S/D,S/D,S/D,0,S/D,S/D,S/D,0
4725B27A,PAUCARAY,AYACUCHO,SUCRE,mpas15,pp,20260826,20260924,00Z,D1,6h,S/D,S/D,S/D,0,S/D,S/D,S/D,0,S/D,S/D,S/D,0,S/D,S/D,S/D,0,S/D,S/D,S/D,0
4729F0EC,CAJABAMBA,CAJAMARCA,CAJABAMBA,ecmwf,pp,20260826,20260924,"00Z,12Z",D1,6h,0.083,1.668,0.27,230,1.0,0.918,0.082,6,0.667,0.733,0.235,6,0.5,0.75,0.2,2,S/D,S/D,S/D,0
4729F0EC,CAJABAMBA,CAJAMARCA,CAJABAMBA,gfs,pp,20260826,20260924,"00Z,12Z",D1,6h,-0.157,1.866,0.386,173,1.0,0.786,0.214,6,0.5,0.571,0.3,6,0.0,S/D,0.0,2,S/D,S/D,S/D,0
4729F0EC,CAJABAMBA,CAJAMARCA,CAJABAMBA,eta5,pp,20260826,20260924,"00Z,12Z",D1,6h,-0.073,1.407,0.261,196,1.0,0.875,0.125,4,0.25,0.0,0.25,4,0.0,S/D,0.0,1,S/D,S/D,S/D,0
4729F0EC,CAJABAMBA,CAJAMARCA,CAJABAMBA,wrf5,pp,20260826,20260924,"00Z,12Z",D1,6h,0.022,1.453,0.332,226,0.833,0.783,0.208,6,0.333,0.778,0.154,6,1.0,0.6,0.4,2,S/D,S/D,S/D,0
4729F0EC,CAJABAMBA,CAJAMARCA,CAJABAMBA,mpas15,pp,20260826,20260924,00Z,D1,6h,0.527,1.767,0.269,115,1.0,0.917,0.083,3,1.0,0.87,0.13,3,1.0,0.8,0.2,1,S/D,S/D,S/D,0
472A32FC,CRISNEJAS,CAJAMARCA,CAJABAMBA,ecmwf,pp,20260826,20260924,"00Z,12Z",D1,6h,0.272,0.91,S/D,230,S/D,1.0,0.0,0,S/D,1.0,0.0,0,S/D,1.0,0.0,0,S/D,S/D,S/D,0
472A32FC,CRISNEJAS,CAJAMARCA,CAJABAMBA,gfs,pp,20260826,20260924,"00Z,12Z",D1,6h,0.129,0.585,S/D,173,S/D,1.0,0.0,0,S/D,1.0,0.0,0,S/D,S/D,S/D,0,S/D,S/D,S/D,0
472A32FC,CRISNEJAS,CAJAMARCA,CAJABAMBA,eta5,pp,20260826,20260924,"00Z,12Z",D1,6h,0.123,0.355,S/D,195,S/D,1.0,0.0,0,S/D,1.0,0.0,0,S/D,S/D,S/D,0,S/D,S/D,S/D,0
472A32FC,CRISNEJAS,CAJAMARCA,CAJABAMBA,wrf5,pp,20260826,20260924,"00Z,12Z",D1,6h,0.185,1.083,S/D,226,S/D,1.0,0.0,0,S/D,1.0,0.0,0,S/D,1.0,0.0,0,S/D,S/D,S/D,0
472A32FC,CRISNEJAS,CAJAMARCA,CAJABAMBA,mpas15,pp,20260826,20260924,00Z,D1,6h,0.537,1.821,S/D,115,S/D,1.0,0.0,0,S/D,1.0,0.0,0,S/D,1.0,0.0,0,S/D,S/D,S/D,0
472645F0,UNC CAJAMARCA,CAJAMARCA,CAJAMARCA,ecmwf,pp,20260826,20260924,"00Z,12Z",D1,6h,0.305,1.57,0.261,216,0.511,0.477,0.349,88,0.2,0.929,0.056,10,S/D,1.0,0.0,0,S/D,S/D,S/D,0
472645F0,UNC CAJAMARCA,CAJAMARCA,CAJAMARCA,gfs,pp,20260826,20260924,"00Z,12Z",D1,6h,0.817,1.772,0.192,160,0.677,0.532,0.383,65,0.5,0.909,0.083,8,S/D,1.0,0.0,0,S/D,S/D,S/D,0
472645F0,UNC CAJAMARCA,CAJAMARCA,CAJAMARCA,eta5,pp,20260826,20260924,"00Z,12Z",D1,6h,-0.042,0.68,0.032,184,0.27,0.524,0.208,74,0.0,1.0,0.0,9,S/D,S/D,S/D,0,S/D,S/D,S/D,0
472645F0,UNC CAJAMARCA,CAJAMARCA,CAJAMARCA,wrf5,pp,20260826,20260924,"00Z,12Z",D1,6h,-0.031,1.44,0.177,212,0.163,0.333,0.151,86,0.0,1.0,0.0,10,S/D,1.0,0.0,0,S/D,S/D,S/D,0
472645F0,UNC CAJAMARCA,CAJAMARCA,CAJAMARCA,mpas15,pp,20260826,20260924,00Z,D1,6h,0.919,2.751,0.096,108,0.432,0.387,0.339,44,0.2,0.963,0.032,5,S/D,1.0,0.0,0,S/D,S/D,S/D,0
472501F4,BALSAS,CAJAMARCA,CELENDIN,ecmwf,pp,20260826,20260924,"00Z,12Z",D1,6h,S/D,S/D,S/D,0,S/D,S/D,S/D,0,S/D,S/D,S/D,0,S/D,S/D,S/D,0,S/D,S/D,S/D,0
472501F4,BALSAS,CAJAMARCA,CELENDIN,gfs,pp,20260826,20260924,"00Z,12Z",D1,6h,S/D,S/D,S/D,0,S/D,S/D,S/D,0,S/D,S/D,S/D,0,S/D,S/D,S/D,0,S/D,S/D,S/D,0
472501F4,BALSAS,CAJAMARCA,CELENDIN,eta5,pp,20260826,20260924,"00Z,12Z",D1,6h,S/D,S/D,S/D,0,S/D,S/D,S/D,0,S/D,S/D,S/D,0,S/D,S/D,S/D,0,S/D,S/D,S/D,0
472501F4,BALSAS,CAJAMARCA,CELENDIN,wrf5,pp,20260826,20260924,"00Z,12Z",D1,6h,S/D,S/D,S/D,0,S/D,S/D,S/D,0,S/D,S/D,S/D,0,S/D,S/D,S/D,0,S/D,S/D,S/D,0
472501F4,BALSAS,CAJAMARCA,CELENDIN,mpas15,pp,20260826,20260924,00Z,D1,6h,S/D,S/D,S/D,0,S/D,S/D,S/D,0,S/D,S/D,S/D,0,S/D,S/D,S/D,0,S/D,S/D,S/D,0
4726631C,CELENDIN,CAJAMARCA,CELENDIN,ecmwf,pp,20260826,20260924,"00Z,12Z",D1,6h,0.298,1.017,0.264,216,0.786,0.857,0.138,14,S/D,1.0,0.0,0,S/D,1.0,0.0,0,S/D,S/D,S/D,0
4726631C,CELENDIN,CAJAMARCA,CELENDIN,gfs,pp,20260826,20260924,"00Z,12Z",D1,6h,0.609,1.352,0.267,162,1.0,0.916,0.084,9,S/D,1.0,0.0,0,S/D,1.0,0.0,0,S/D,S/D,S/D,0
4726631C,CELENDIN,CAJAMARCA,CELENDIN,eta5,pp,20260826,20260924,"00Z,12Z",D1,6h,0.05,0.223,0.233,181,0.333,0.842,0.12,9,S/D,1.0,0.0,0,S/D,S/D,S/D,0,S/D,S/D,S/D,0
4726631C,CELENDIN,CAJAMARCA,CELENDIN,wrf5,pp,20260826,20260924,"00Z,12Z",D1,6h,0.048,0.48,0.168,212,0.286,0.667,0.182,14,S/D,1.0,0.0,0,S/D,1.0,0.0,0,S/D,S/D,S/D,0
4726631C,CELENDIN,CAJAMARCA,CELENDIN,mpas15,pp,20260826,20260924,00Z,D1,6h,0.805,1.729,0.047,108,0.429,0.925,0.068,7,S/D,1.0,0.0,0,S/D,1.0,0.0,0,S/D,S/D,S/D,0
4726C3E4,CHOTA,CAJAMARCA,CHOTA,ecmwf,pp,20260826,20260924,"00Z,12Z",D1,6h,0.745,1.998,0.159,186,0.812,0.904,0.094,16,0.5,0.913,0.08,8,0.0,1.0,0.0,2,S/D,S/D,S/D,0
4726C3E4,CHOTA,CAJAMARCA,CHOTA,gfs,pp,20260826,20260924,"00Z,12Z",D1,6h,0.459,1.25,0.296,144,1.0,0.875,0.125,14,0.571,0.852,0.133,7,0.0,1.0,0.0,1,S/D,S/D,S/D,0
4726C3E4,CHOTA,CAJAMARCA,CHOTA,eta5,pp,20260826,20260924,"00Z,12Z",D1,6h,-0.055,0.941,0.253,157,0.6,0.769,0.2,15,0.143,0.875,0.071,7,0.0,S/D,0.0,2,S/D,S/D,S/D,0
4726C3E4,CHOTA,CAJAMARCA,CHOTA,wrf5,pp,20260826,20260924,"00Z,12Z",D1,6h,-0.108,0.992,0.055,182,0.125,0.909,0.056,16,0.125,0.8,0.083,8,0.0,S/D,0.0,2,S/D,S/D,S/D,0
4726C3E4,CHOTA,CAJAMARCA,CHOTA,mpas15,pp,20260826,20260924,00Z,D1,6h,1.1,2.567,0.091,93,0.625,0.884,0.109,8,0.5,0.947,0.05,4,0.0,1.0,0.0,1,S/D,S/D,S/D,0
47E94706,HUAMBOS,CAJAMARCA,CHOTA,ecmwf,pp,20260826,20260924,"00Z,12Z",D1,6h,0.66,1.7,0.147,230,0.889,0.875,0.123,18,0.667,0.911,0.085,6,0.5,0.857,0.125,2,S/D,S/D,S/D,0
47E94706,HUAMBOS,CAJAMARCA,CHOTA,gfs,pp,20260826,20260924,"00Z,12Z",D1,6h,0.121,1.095,0.113,173,0.357,0.9,0.085,14,0.2,0.833,0.1,5,0.0,1.0,0.0,2,S/D,S/D,S/D,0
47E94706,HUAMBOS,CAJAMARCA,CHOTA,eta5,pp,20260826,20260924,"00Z,12Z",D1,6h,-0.006,0.747,0.002,196,0.167,0.912,0.061,18,0.167,0.75,0.111,6,0.0,S/D,0.0,2,S/D,S/D,S/D,0
47E94706,HUAMBOS,CAJAMARCA,CHOTA,wrf5,pp,20260826,20260924,"00Z,12Z",D1,6h,-0.035,0.717,0.285,227,0.222,0.636,0.16,18,0.0,1.0,0.0,6,0.0,S/D,0.0,2,S/D,S/D,S/D,0
47E94706,HUAMBOS,CAJAMARCA,CHOTA,mpas15,pp,20260826,20260924,00Z,D1,6h,0.842,1.98,0.038,115,0.333,0.923,0.067,9,0.667,0.935,0.062,3,1.0,0.833,0.167,1,S/D,S/D,S/D,0
47E1D6C2,PUENTE SAN CARLOS,CAJAMARCA,CHOTA,ecmwf,pp,20260826,20260924,"00Z,12Z",D1,6h,0.142,0.566,-0.153,230,0.0,1.0,0.0,12,0.0,1.0,0.0,6,S/D,S/D,S/D,0,S/D,S/D,S/D,0
47E1D6C2,PUENTE SAN CARLOS,CAJAMARCA,CHOTA,gfs,pp,20260826,20260924,"00Z,12Z",D1,6h,0.031,0.408,-0.108,174,0.0,1.0,0.0,12,0.0,1.0,0.0,6,S/D,S/D,S/D,0,S/D,S/D,S/D,0
47E1D6C2,PUENTE SAN CARLOS,CAJAMARCA,CHOTA,eta5,pp,20260826,20260924,"00Z,12Z",D1,6h,0.028,0.31,-0.131,196,0.0,1.0,0.0,9,0.0,1.0,0.0,4,S/D,S/D,S/D,0,S/D,S/D,S/D,0
47E1D6C2,PUENTE SAN CARLOS,CAJAMARCA,CHOTA,wrf5,pp,20260826,20260924,"00Z,12Z",D1,6h,-0.031,0.263,0.079,226,0.083,0.929,0.04,12,0.0,S/D,0.0,6,S/D,S/D,S/D,0,S/D,S/D,S/D,0
47E1D6C2,PUENTE SAN CARLOS,CAJAMARCA,CHOTA,mpas15,pp,20260826,20260924,00Z,D1,6h,0.033,0.381,0.026,115,0.0,1.0,0.0,6,0.0,1.0,0.0,3,S/D,S/D,S/D,0,S/D,S/D,S/D,0
47E1F02E,TUNEL CHOTANO,CAJAMARCA,CHOTA,ecmwf,pp,20260826,20260924,"00Z,12Z",D1,6h,0.866,2.227,0.067,228,0.75,0.926,0.072,16,1.0,0.923,0.077,4,0.0,1.0,0.0,2,S/D,S/D,S/D,0
47E1F02E,TUNEL CHOTANO,CAJAMARCA,CHOTA,gfs,pp,20260826,20260924,"00Z,12Z",D1,6h,0.568,1.348,0.237,173,0.857,0.906,0.092,14,1.0,0.871,0.129,4,0.0,1.0,0.0,2,S/D,S/D,S/D,0
47E1F02E,TUNEL CHOTANO,CAJAMARCA,CHOTA,eta5,pp,20260826,20260924,"00Z,12Z",D1,6h,0.08,0.749,0.178,193,0.6,0.875,0.115,10,0.667,0.8,0.182,3,0.0,S/D,0.0,2,S/D,S/D,S/D,0
47E1F02E,TUNEL CHOTANO,CAJAMARCA,CHOTA,wrf5,pp,20260826,20260924,"00Z,12Z",D1,6h,0.04,0.789,0.209,224,0.312,0.808,0.135,16,0.25,0.875,0.091,4,0.0,S/D,0.0,2,S/D,S/D,S/D,0
47E1F02E,TUNEL CHOTANO,CAJAMARCA,CHOTA,mpas15,pp,20260826,20260924,00Z,D1,6h,1.001,2.678,0.16,114,0.625,0.872,0.119,8,1.0,0.935,0.065,2,0.0,1.0,0.0,1,S/D,S/D,S/D,0
472C92CA,CASCABAMBA,CAJAMARCA,CONTUMAZA,ecmwf,pp,20260826,20260924,"00Z,12Z",D1,6h,0.374,1.288,-0.067,230,0.35,0.925,0.066,20,0.0,1.0,0.0,2,S/D,1.0,0.0,0,S/D,S/D,S/D,0
472C92CA,CASCABAMBA,CAJAMARCA,CONTUMAZA,gfs,pp,20260826,20260924,"00Z,12Z",D1,6h,0.163,0.446,-0.016,172,0.333,0.91,0.076,18,0.0,1.0,0.0,2,S/D,S/D,S/D,0,S/D,S/D,S/D,0
472C92CA,CASCABAMBA,CAJAMARCA,CONTUMAZA,eta5,pp,20260826,20260924,"00Z,12Z",D1,6h,-0.012,0.1,-0.027,195,0.0,1.0,0.0,14,0.0,S/D,0.0,1,S/D,S/D,S/D,0,S/D,S/D,S/D,0
472C92CA,CASCABAMBA,CAJAMARCA,CONTUMAZA,wrf5,pp,20260826,20260924,"00Z,12Z",D1,6h,0.359,1.679,0.091,227,0.35,0.8,0.146,20,1.0,0.882,0.118,2,S/D,1.0,0.0,0,S/D,S/D,S/D,0
472C92CA,CASCABAMBA,CAJAMARCA,CONTUMAZA,mpas15,pp,20260826,20260924,00Z,D1,6h,0.839,2.37,0.03,115,0.3,0.9,0.081,10,1.0,0.958,0.042,1,S/D,1.0,0.0,0,S/D,S/D,S/D,0
472C81BC,GUZMANGO,CAJAMARCA,CONTUMAZA,ecmwf,pp,20260826,20260924,"00Z,12Z",D1,6h,0.085,0.287,0.136,228,0.5,0.971,0.029,2,S/D,1.0,0.0,0,S/D,S/D,S/D,0,S/D,S/D,S/D,0
472C81BC,GUZMANGO,CAJAMARCA,CONTUMAZA,gfs,pp,20260826,20260924,"00Z,12Z",D1,6h,0.036,0.11,0.213,171,1.0,0.913,0.087,2,S/D,S/D,S/D,0,S/D,S/D,S/D,0,S/D,S/D,S/D,0
472C81BC,GUZMANGO,CAJAMARCA,CONTUMAZA,eta5,pp,20260826,20260924,"00Z,12Z",D1,6h,0.026,0.107,0.187,193,1.0,0.944,0.056,1,S/D,1.0,0.0,0,S/D,S/D,S/D,0,S/D,S/D,S/D,0
472C81BC,GUZMANGO,CAJAMARCA,CONTUMAZA,wrf5,pp,20260826,20260924,"00Z,12Z",D1,6h,0.006,0.054,0.315,225,0.5,0.667,0.25,2,S/D,S/D,S/D,0,S/D,S/D,S/D,0,S/D,S/D,S/D,0
472C81BC,GUZMANGO,CAJAMARCA,CONTUMAZA,mpas15,pp,20260826,20260924,00Z,D1,6h,0.387,1.068,0.137,114,1.0,0.958,0.042,1,S/D,1.0,0.0,0,S/D,1.0,0.0,0,S/D,S/D,S/D,0
4727470A,PUENTE CHILETE,CAJAMARCA,CONTUMAZA,ecmwf,pp,20260826,20260924,"00Z,12Z",D1,6h,0.499,1.787,S/D,218,S/D,1.0,0.0,0,S/D,1.0,0.0,0,S/D,1.0,0.0,0,S/D,S/D,S/D,0
4727470A,PUENTE CHILETE,CAJAMARCA,CONTUMAZA,gfs,pp,20260826,20260924,"00Z,12Z",D1,6h,0.889,1.819,S/D,160,S/D,1.0,0.0,0,S/D,1.0,0.0,0,S/D,1.0,0.0,0,S/D,S/D,S/D,0
4727470A,PUENTE CHILETE,CAJAMARCA,CONTUMAZA,eta5,pp,20260826,20260924,"00Z,12Z",D1,6h,0.355,0.84,S/D,185,S/D,1.0,0.0,0,S/D,1.0,0.0,0,S/D,S/D,S/D,0,S/D,S/D,S/D,0
4727470A,PUENTE CHILETE,CAJAMARCA,CONTUMAZA,wrf5,pp,20260826,20260924,"00Z,12Z",D1,6h,0.02,0.127,S/D,214,S/D,1.0,0.0,0,S/D,1.0,0.0,0,S/D,S/D,S/D,0,S/D,S/D,S/D,0
4727470A,PUENTE CHILETE,CAJAMARCA,CONTUMAZA,mpas15,pp,20260826,20260924,00Z,D1,6h,1.385,3.427,S/D,109,S/D,1.0,0.0,0,S/D,1.0,0.0,0,S/D,1.0,0.0,0,S/D,S/D,S/D,0
4726E508,YONAN GORE,CAJAMARCA,CONTUMAZA,ecmwf,pp,20260826,20260924,"00Z,12Z",D1,6h,0.163,0.797,0.036,220,0.25,0.971,0.027,4,0.0,1.0,0.0,2,S/D,1.0,0.0,0,S/D,S/D,S/D,0
4726E508,YONAN GORE,CAJAMARCA,CONTUMAZA,gfs,pp,20260826,20260924,"00Z,12Z",D1,6h,0.113,0.315,0.097,164,0.667,0.957,0.043,3,0.0,1.0,0.0,1,S/D,S/D,S/D,0,S/D,S/D,S/D,0
4726E508,YONAN GORE,CAJAMARCA,CONTUMAZA,eta5,pp,20260826,20260924,"00Z,12Z",D1,6h,0.042,0.307,-0.07,185,0.0,1.0,0.0,4,0.0,1.0,0.0,2,S/D,S/D,S/D,0,S/D,S/D,S/D,0
4726E508,YONAN GORE,CAJAMARCA,CONTUMAZA,wrf5,pp,20260826,20260924,"00Z,12Z",D1,6h,-0.005,0.168,0.241,216,0.0,1.0,0.0,4,0.0,S/D,0.0,2,S/D,S/D,S/D,0,S/D,S/D,S/D,0
4726E508,YONAN GORE,CAJAMARCA,CONTUMAZA,mpas15,pp,20260826,20260924,00Z,D1,6h,0.028,0.26,-0.126,110,0.0,1.0,0.0,2,0.0,1.0,0.0,1,S/D,S/D,S/D,0,S/D,S/D,S/D,0
472B3006,CUMBA,CAJAMARCA,CUTERVO,ecmwf,pp,20260826,20260924,"00Z,12Z",D1,6h,0.417,1.604,0.252,226,0.857,0.81,0.185,28,0.1,0.975,0.02,10,0.0,1.0,0.0,2,S/D,S/D,S/D,0
472B3006,CUMBA,CAJAMARCA,CUTERVO,gfs,pp,20260826,20260924,"00Z,12Z",D1,6h,0.467,1.294,0.425,171,1.0,0.763,0.237,22,0.75,0.864,0.13,8,0.0,1.0,0.0,2,S/D,S/D,S/D,0
472B3006,CUMBA,CAJAMARCA,CUTERVO,eta5,pp,20260826,20260924,"00Z,12Z",D1,6h,0.36,1.118,0.281,191,0.833,0.804,0.189,24,0.375,0.917,0.073,8,0.0,S/D,0.0,1,S/D,S/D,S/D,0
472B3006,CUMBA,CAJAMARCA,CUTERVO,wrf5,pp,20260826,20260924,"00Z,12Z",D1,6h,-0.044,1.342,0.07,222,0.071,0.905,0.043,28,0.0,1.0,0.0,10,0.0,1.0,0.0,2,S/D,S/D,S/D,0
472B3006,CUMBA,CAJAMARCA,CUTERVO,mpas15,pp,20260826,20260924,00Z,D1,6h,1.359,3.075,0.2,113,0.786,0.825,0.167,14,0.6,0.941,0.057,5,0.0,1.0,0.0,1,S/D,S/D,S/D,0
4726A602,CUTERVO,CAJAMARCA,CUTERVO,ecmwf,pp,20260826,20260924,"00Z,12Z",D1,6h,0.652,1.669,0.168,196,0.944,0.876,0.123,18,0.125,0.977,0.02,8,S/D,1.0,0.0,0,S/D,S/D,S/D,0
4726A602,CUTERVO,CAJAMARCA,CUTERVO,gfs,pp,20260826,20260924,"00Z,12Z",D1,6h,0.433,1.001,0.222,146,0.929,0.881,0.118,14,0.167,0.957,0.036,6,S/D,1.0,0.0,0,S/D,S/D,S/D,0
4726A602,CUTERVO,CAJAMARCA,CUTERVO,eta5,pp,20260826,20260924,"00Z,12Z",D1,6h,-0.059,0.599,0.138,170,0.235,0.857,0.098,17,0.125,0.0,0.125,8,S/D,S/D,S/D,0,S/D,S/D,S/D,0
4726A602,CUTERVO,CAJAMARCA,CUTERVO,wrf5,pp,20260826,20260924,"00Z,12Z",D1,6h,0.134,0.993,0.245,192,0.333,0.739,0.171,18,0.375,0.7,0.2,8,S/D,1.0,0.0,0,S/D,S/D,S/D,0
4726A602,CUTERVO,CAJAMARCA,CUTERVO,mpas15,pp,20260826,20260924,00Z,D1,6h,0.774,1.995,0.241,98,1.0,0.795,0.205,9,0.5,0.926,0.069,4,S/D,1.0,0.0,0,S/D,S/D,S/D,0
4726D092,BAMBAMARCA H,CAJAMARCA,HUALGAYOC,ecmwf,pp,20260826,20260924,"00Z,12Z",D1,6h,0.416,1.434,0.361,140,0.9,0.833,0.164,10,0.5,0.786,0.176,6,S/D,1.0,0.0,0,S/D,S/D,S/D,0
4726D092,BAMBAMARCA H,CAJAMARCA,HUALGAYOC,gfs,pp,20260826,20260924,"00Z,12Z",D1,6h,0.451,0.868,0.354,104,1.0,0.886,0.114,8,0.4,0.882,0.1,5,S/D,S/D,S/D,0,S/D,S/D,S/D,0
4726D092,BAMBAMARCA H,CAJAMARCA,HUALGAYOC,eta5,pp,20260826,20260924,"00Z,12Z",D1,6h,-0.062,0.396,0.199,120,0.1,0.9,0.053,10,0.0,1.0,0.0,6,S/D,S/D,S/D,0,S/D,S/D,S/D,0
4726D092,BAMBAMARCA H,CAJAMARCA,HUALGAYOC,wrf5,pp,20260826,20260924,"00Z,12Z",D1,6h,-0.014,0.491,0.242,136,0.333,0.7,0.188,9,0.0,1.0,0.0,6,S/D,S/D,S/D,0,S/D,S/D,S/D,0
4726D092,BAMBAMARCA H,CAJAMARCA,HUALGAYOC,mpas15,pp,20260826,20260924,00Z,D1,6h,0.61,1.247,0.191,70,0.8,0.846,0.148,5,0.667,0.913,0.083,3,S/D,1.0,0.0,0,S/D,S/D,S/D,0
472680EE,BAMBAMARCA M,CAJAMARCA,HUALGAYOC,ecmwf,pp,20260826,20260924,"00Z,12Z",D1,6h,0.676,2.008,0.381,224,0.875,0.774,0.219,24,0.833,0.839,0.156,6,S/D,1.0,0.0,0,S/D,S/D,S/D,0
472680EE,BAMBAMARCA M,CAJAMARCA,HUALGAYOC,gfs,pp,20260826,20260924,"00Z,12Z",D1,6h,0.739,1.48,0.379,168,0.947,0.843,0.155,19,0.667,0.9,0.095,6,S/D,1.0,0.0,0,S/D,S/D,S/D,0
472680EE,BAMBAMARCA M,CAJAMARCA,HUALGAYOC,eta5,pp,20260826,20260924,"00Z,12Z",D1,6h,0.042,0.458,0.155,189,0.4,0.789,0.16,20,0.0,1.0,0.0,4,S/D,S/D,S/D,0,S/D,S/D,S/D,0
472680EE,BAMBAMARCA M,CAJAMARCA,HUALGAYOC,wrf5,pp,20260826,20260924,"00Z,12Z",D1,6h,0.21,1.468,0.396,220,0.583,0.517,0.359,24,0.5,0.75,0.2,6,S/D,1.0,0.0,0,S/D,S/D,S/D,0
472680EE,BAMBAMARCA M,CAJAMARCA,HUALGAYOC,mpas15,pp,20260826,20260924,00Z,D1,6h,1.088,2.488,0.169,112,0.667,0.818,0.167,12,1.0,0.919,0.081,3,S/D,1.0,0.0,0,S/D,S/D,S/D,0
4727F484,CHUGUR,CAJAMARCA,HUALGAYOC,ecmwf,pp,20260826,20260924,"00Z,12Z",D1,6h,1.358,2.702,S/D,228,S/D,1.0,0.0,0,S/D,1.0,0.0,0,S/D,1.0,0.0,0,S/D,S/D,S/D,0
4727F484,CHUGUR,CAJAMARCA,HUALGAYOC,gfs,pp,20260826,20260924,"00Z,12Z",D1,6h,0.977,2.202,S/D,172,S/D,1.0,0.0,0,S/D,1.0,0.0,0,S/D,1.0,0.0,0,S/D,S/D,S/D,0
4727F484,CHUGUR,CAJAMARCA,HUALGAYOC,eta5,pp,20260826,20260924,"00Z,12Z",D1,6h,0.212,0.522,S/D,194,S/D,1.0,0.0,0,S/D,1.0,0.0,0,S/D,S/D,S/D,0,S/D,S/D,S/D,0
4727F484,CHUGUR,CAJAMARCA,HUALGAYOC,wrf5,pp,20260826,20260924,"00Z,12Z",D1,6h,0.614,2.431,S/D,224,S/D,1.0,0.0,0,S/D,1.0,0.0,0,S/D,1.0,0.0,0,S/D,1.0,0.0,0
4727F484,CHUGUR,CAJAMARCA,HUALGAYOC,mpas15,pp,20260826,20260924,00Z,D1,6h,1.206,2.996,S/D,114,S/D,1.0,0.0,0,S/D,1.0,0.0,0,S/D,1.0,0.0,0,S/D,S/D,S/D,0
472A571A,HUALLAPE,CAJAMARCA,JAEN,ecmwf,pp,20260826,20260924,"00Z,12Z",D1,6h,0.276,1.656,0.27,230,0.861,0.791,0.203,36,0.25,0.914,0.068,12,0.0,1.0,0.0,6,S/D,S/D,S/D,0
472A571A,HUALLAPE,CAJAMARCA,JAEN,gfs,pp,20260826,20260924,"00Z,12Z",D1,6h,-0.026,1.133,0.297,173,0.607,0.726,0.233,28,0.25,0.778,0.133,8,0.0,S/D,0.0,4,S/D,S/D,S/D,0
472A571A,HUALLAPE,CAJAMARCA,JAEN,eta5,pp,20260826,20260924,"00Z,12Z",D1,6h,0.115,1.167,0.162,195,0.5,0.827,0.147,28,0.5,0.773,0.185,10,0.0,S/D,0.0,4,S/D,S/D,S/D,0
472A571A,HUALLAPE,CAJAMARCA,JAEN,wrf5,pp,20260826,20260924,"00Z,12Z",D1,6h,-0.262,1.327,0.25,226,0.083,0.7,0.07,36,0.0,S/D,0.0,12,0.0,S/D,0.0,6,S/D,S/D,S/D,0
472A571A,HUALLAPE,CAJAMARCA,JAEN,mpas15,pp,20260826,20260924,00Z,D1,6h,0.366,2.464,0.114,115,0.5,0.743,0.205,18,0.5,0.857,0.125,6,0.0,1.0,0.0,3,S/D,S/D,S/D,0
47269398,JAEN,CAJAMARCA,JAEN,ecmwf,pp,20260826,20260924,"00Z,12Z",D1,6h,0.378,1.041,0.274,208,0.778,0.859,0.136,18,0.5,0.879,0.108,8,S/D,1.0,0.0,0,S/D,S/D,S/D,0
47269398,JAEN,CAJAMARCA,JAEN,gfs,pp,20260826,20260924,"00Z,12Z",D1,6h,0.325,0.868,0.342,154,0.867,0.822,0.173,15,0.429,0.875,0.107,7,S/D,1.0,0.0,0,S/D,S/D,S/D,0
47269398,JAEN,CAJAMARCA,JAEN,eta5,pp,20260826,20260924,"00Z,12Z",D1,6h,0.44,0.948,0.097,175,0.765,0.865,0.13,17,0.143,0.974,0.023,7,S/D,S/D,S/D,0,S/D,S/D,S/D,0
47269398,JAEN,CAJAMARCA,JAEN,wrf5,pp,20260826,20260924,"00Z,12Z",D1,6h,-0.059,0.519,0.186,204,0.167,0.769,0.107,18,0.0,1.0,0.0,8,S/D,S/D,S/D,0,S/D,S/D,S/D,0
47269398,JAEN,CAJAMARCA,JAEN,mpas15,pp,20260826,20260924,00Z,D1,6h,1.18,2.43,0.172,104,0.778,0.86,0.135,9,0.75,0.925,0.073,4,S/D,1.0,0.0,0,S/D,S/D,S/D,0
105136,SAUZAL,CAJAMARCA,JAEN,ecmwf,pp,20260826,20260924,"00Z,12Z",D1,6h,0.41,1.265,0.162,232,1.0,0.971,0.029,2,S/D,1.0,0.0,0,S/D,1.0,0.0,0,S/D,S/D,S/D,0
105136,SAUZAL,CAJAMARCA,JAEN,gfs,pp,20260826,20260924,"00Z,12Z",D1,6h,0.209,0.608,0.21,174,1.0,0.957,0.043,2,S/D,1.0,0.0,0,S/D,S/D,S/D,0,S/D,S/D,S/D,0
105136,SAUZAL,CAJAMARCA,JAEN,eta5,pp,20260826,20260924,"00Z,12Z",D1,6h,0.078,0.311,0.195,198,1.0,0.955,0.045,1,S/D,1.0,0.0,0,S/D,S/D,S/D,0,S/D,S/D,S/D,0
105136,SAUZAL,CAJAMARCA,JAEN,wrf5,pp,20260826,20260924,"00Z,12Z",D1,6h,0.015,0.261,0.154,228,0.0,1.0,0.0,2,S/D,1.0,0.0,0,S/D,S/D,S/D,0,S/D,S/D,S/D,0
105136,SAUZAL,CAJAMARCA,JAEN,mpas15,pp,20260826,20260924,00Z,D1,6h,0.328,0.883,0.165,116,1.0,0.958,0.042,1,S/D,1.0,0.0,0,S/D,1.0,0.0,0,S/D,S/D,S/D,0
4725E206,SAN MARCOS,CAJAMARCA,SAN MARCOS,ecmwf,pp,20260826,20260924,"00Z,12Z",D1,6h,0.56,1.602,0.299,214,1.0,0.911,0.089,8,1.0,0.929,0.071,2,S/D,1.0,0.0,0,S/D,S/D,S/D,0
4725E206,SAN MARCOS,CAJAMARCA,SAN MARCOS,gfs,pp,20260826,20260924,"00Z,12Z",D1,6h,0.425,1.044,0.312,160,1.0,0.896,0.104,8,0.5,0.95,0.048,2,S/D,1.0,0.0,0,S/D,S/D,S/D,0
4725E206,SAN MARCOS,CAJAMARCA,SAN MARCOS,eta5,pp,20260826,20260924,"00Z,12Z",D1,6h,0.044,0.236,0.229,183,0.667,0.826,0.16,6,0.0,1.0,0.0,2,S/D,S/D,S/D,0,S/D,S/D,S/D,0
4725E206,SAN MARCOS,CAJAMARCA,SAN MARCOS,wrf5,pp,20260826,20260924,"00Z,12Z",D1,6h,0.214,1.336,0.418,210,1.0,0.652,0.348,8,0.0,1.0,0.0,2,S/D,1.0,0.0,0,S/D,S/D,S/D,0
4725E206,SAN MARCOS,CAJAMARCA,SAN MARCOS,mpas15,pp,20260826,20260924,00Z,D1,6h,0.679,2.639,0.318,107,1.0,0.862,0.138,4,1.0,0.947,0.053,1,S/D,1.0,0.0,0,S/D,S/D,S/D,0
47E207A4,TONGOD,CAJAMARCA,SAN MIGUEL,ecmwf,pp,20260826,20260924,"00Z,12Z",D1,6h,0.892,2.724,0.214,226,0.719,0.846,0.146,32,0.833,0.873,0.123,12,0.833,0.706,0.278,6,S/D,S/D,S/D,0
47E207A4,TONGOD,CAJAMARCA,SAN MIGUEL,gfs,pp,20260826,20260924,"00Z,12Z",D1,6h,0.44,2.517,0.341,171,0.857,0.753,0.238,28,0.667,0.8,0.182,12,0.667,0.556,0.364,6,S/D,S/D,S/D,0
47E207A4,TONGOD,CAJAMARCA,SAN MIGUEL,eta5,pp,20260826,20260924,"00Z,12Z",D1,6h,-0.211,1.811,0.299,192,0.481,0.639,0.26,27,0.0,1.0,0.0,8,0.0,S/D,0.0,3,S/D,S/D,S/D,0
47E207A4,TONGOD,CAJAMARCA,SAN MIGUEL,wrf5,pp,20260826,20260924,"00Z,12Z",D1,6h,-0.071,1.94,0.349,222,0.531,0.541,0.327,32,0.583,0.533,0.35,12,0.5,0.571,0.3,6,S/D,S/D,S/D,0
47E207A4,TONGOD,CAJAMARCA,SAN MIGUEL,mpas15,pp,20260826,20260924,00Z,D1,6h,0.784,2.441,0.134,113,0.5,0.778,0.182,16,0.833,0.839,0.156,6,1.0,0.769,0.231,3,S/D,S/D,S/D,0
47E1C5B4,CAÑAD,CAJAMARCA,SANTA CRUZ,ecmwf,pp,20260826,20260924,"00Z,12Z",D1,6h,0.946,2.125,0.153,230,1.0,0.984,0.016,2,S/D,1.0,0.0,0,S/D,1.0,0.0,0,S/D,S/D,S/D,0
47E1C5B4,CAÑAD,CAJAMARCA,SANTA CRUZ,gfs,pp,20260826,20260924,"00Z,12Z",D1,6h,0.663,1.29,0.176,173,1.0,0.979,0.021,2,S/D,1.0,0.0,0,S/D,1.0,0.0,0,S/D,S/D,S/D,0
47E1C5B4,CAÑAD,CAJAMARCA,SANTA CRUZ,eta5,pp,20260826,20260924,"00Z,12Z",D1,6h,0.221,0.537,0.129,196,1.0,0.981,0.019,1,S/D,1.0,0.0,0,S/D,S/D,S/D,0,S/D,S/D,S/D,0
47E1C5B4,CAÑAD,CAJAMARCA,SANTA CRUZ,wrf5,pp,20260826,20260924,"00Z,12Z",D1,6h,0.023,0.172,0.268,226,1.0,0.667,0.333,2,S/D,1.0,0.0,0,S/D,S/D,S/D,0,S/D,S/D,S/D,0
47E1C5B4,CAÑAD,CAJAMARCA,SANTA CRUZ,mpas15,pp,20260826,20260924,00Z,D1,6h,0.642,1.423,0.164,115,1.0,0.972,0.028,1,S/D,1.0,0.0,0,S/D,1.0,0.0,0,S/D,S/D,S/D,0
47E3055E,CHANCAY BAÑOS,CAJAMARCA,SANTA CRUZ,ecmwf,pp,20260826,20260924,"00Z,12Z",D1,6h,0.902,2.087,0.017,236,0.7,0.959,0.04,10,1.0,0.926,0.074,4,S/D,1.0,0.0,0,S/D,S/D,S/D,0
47E3055E,CHANCAY BAÑOS,CAJAMARCA,SANTA CRUZ,gfs,pp,20260826,20260924,"00Z,12Z",D1,6h,0.613,1.168,0.159,178,0.778,0.947,0.052,9,1.0,0.871,0.129,4,S/D,1.0,0.0,0,S/D,S/D,S/D,0
47E3055E,CHANCAY BAÑOS,CAJAMARCA,SANTA CRUZ,eta5,pp,20260826,20260924,"00Z,12Z",D1,6h,0.137,0.478,0.109,201,0.429,0.941,0.055,7,0.333,0.909,0.077,3,S/D,S/D,S/D,0,S/D,S/D,S/D,0
47E3055E,CHANCAY BAÑOS,CAJAMARCA,SANTA CRUZ,wrf5,pp,20260826,20260924,"00Z,12Z",D1,6h,0.044,0.599,0.227,232,0.4,0.765,0.174,10,0.25,0.8,0.125,4,S/D,1.0,0.0,0,S/D,S/D,S/D,0
47E3055E,CHANCAY BAÑOS,CAJAMARCA,SANTA CRUZ,mpas15,pp,20260826,20260924,00Z,D1,6h,0.864,2.007,-0.006,118,0.4,0.949,0.048,5,1.0,0.935,0.065,2,S/D,1.0,0.0,0,S/D,S/D,S/D,0
47E1E358,PUENTE AMBAN,CAJAMARCA,SANTA CRUZ,ecmwf,pp,20260826,20260924,"00Z,12Z",D1,6h,0.699,1.641,0.055,232,0.5,0.968,0.031,8,1.0,0.953,0.047,2,S/D,1.0,0.0,0,S/D,S/D,S/D,0
47E1E358,PUENTE AMBAN,CAJAMARCA,SANTA CRUZ,gfs,pp,20260826,20260924,"00Z,12Z",D1,6h,0.191,0.698,0.202,175,0.667,0.918,0.078,6,1.0,0.667,0.333,2,S/D,1.0,0.0,0,S/D,S/D,S/D,0
47E1E358,PUENTE AMBAN,CAJAMARCA,SANTA CRUZ,eta5,pp,20260826,20260924,"00Z,12Z",D1,6h,0.248,0.627,0.108,197,0.6,0.946,0.052,5,1.0,0.947,0.053,1,S/D,S/D,S/D,0,S/D,S/D,S/D,0
47E1E358,PUENTE AMBAN,CAJAMARCA,SANTA CRUZ,wrf5,pp,20260826,20260924,"00Z,12Z",D1,6h,0.025,0.225,0.192,228,0.25,0.818,0.118,8,1.0,0.6,0.4,2,S/D,S/D,S/D,0,S/D,S/D,S/D,0
47E1E358,PUENTE AMBAN,CAJAMARCA,SANTA CRUZ,mpas15,pp,20260826,20260924,00Z,D1,6h,0.853,2.067,0.013,116,0.5,0.946,0.051,4,1.0,0.967,0.033,1,S/D,1.0,0.0,0,S/D,S/D,S/D,0
114132,POMACANCHI,CUSCO,ACOMAYO,ecmwf,pp,20260826,20260924,"00Z,12Z",D1,6h,0.316,0.754,0.357,234,0.9,0.793,0.202,20,0.333,0.943,0.051,6,S/D,1.0,0.0,0,S/D,S/D,S/D,0
114132,POMACANCHI,CUSCO,ACOMAYO,gfs,pp,20260826,20260924,"00Z,12Z",D1,6h,0.257,1.012,0.29,177,0.688,0.817,0.169,16,0.5,0.867,0.118,4,S/D,1.0,0.0,0,S/D,S/D,S/D,0
114132,POMACANCHI,CUSCO,ACOMAYO,eta5,pp,20260826,20260924,"00Z,12Z",D1,6h,0.055,0.303,0.268,199,0.5,0.796,0.169,20,0.333,0.5,0.25,6,S/D,S/D,S/D,0,S/D,S/D,S/D,0
114132,POMACANCHI,CUSCO,ACOMAYO,wrf5,pp,20260826,20260924,"00Z,12Z",D1,6h,0.084,0.567,0.413,230,0.55,0.633,0.282,20,0.167,0.889,0.071,6,S/D,1.0,0.0,0,S/D,S/D,S/D,0
114132,POMACANCHI,CUSCO,ACOMAYO,mpas15,pp,20260826,20260924,00Z,D1,6h,0.481,0.974,0.275,117,0.8,0.826,0.167,10,0.667,0.935,0.062,3,S/D,1.0,0.0,0,S/D,S/D,S/D,0
113252,ANCACHURO,CUSCO,ANTA,ecmwf,pp,20260826,20260924,"00Z,12Z",D1,6h,0.427,1.253,0.303,230,0.833,0.8,0.192,24,0.75,0.86,0.133,8,0.0,1.0,0.0,2,S/D,S/D,S/D,0
113252,ANCACHURO,CUSCO,ANTA,gfs,pp,20260826,20260924,"00Z,12Z",D1,6h,0.252,1.342,0.291,175,0.667,0.824,0.162,18,0.5,0.789,0.174,8,0.0,1.0,0.0,2,S/D,S/D,S/D,0
113252,ANCACHURO,CUSCO,ANTA,eta5,pp,20260826,20260924,"00Z,12Z",D1,6h,0.032,0.71,0.256,196,0.429,0.75,0.188,21,0.143,0.909,0.059,7,0.0,S/D,0.0,1,S/D,S/D,S/D,0
113252,ANCACHURO,CUSCO,ANTA,wrf5,pp,20260826,20260924,"00Z,12Z",D1,6h,-0.002,0.919,0.304,226,0.458,0.725,0.208,24,0.125,0.833,0.077,8,0.0,1.0,0.0,2,S/D,S/D,S/D,0
113252,ANCACHURO,CUSCO,ANTA,mpas15,pp,20260826,20260924,00Z,D1,6h,0.481,1.313,0.148,115,0.667,0.81,0.174,12,0.5,0.939,0.057,4,0.0,S/D,0.0,1,S/D,S/D,S/D,0
47294362,SORAYPAMPA,CUSCO,ANTA,ecmwf,pp,20260826,20260924,"00Z,12Z",D1,6h,S/D,S/D,S/D,0,S/D,S/D,S/D,0,S/D,S/D,S/D,0,S/D,S/D,S/D,0,S/D,S/D,S/D,0
47294362,SORAYPAMPA,CUSCO,ANTA,gfs,pp,20260826,20260924,"00Z,12Z",D1,6h,S/D,S/D,S/D,0,S/D,S/D,S/D,0,S/D,S/D,S/D,0,S/D,S/D,S/D,0,S/D,S/D,S/D,0
47294362,SORAYPAMPA,CUSCO,ANTA,eta5,pp,20260826,20260924,"00Z,12Z",D1,6h,S/D,S/D,S/D,0,S/D,S/D,S/D,0,S/D,S/D,S/D,0,S/D,S/D,S/D,0,S/D,S/D,S/D,0
47294362,SORAYPAMPA,CUSCO,ANTA,wrf5,pp,20260826,20260924,"00Z,12Z",D1,6h,S/D,S/D,S/D,0,S/D,S/D,S/D,0,S/D,S/D,S/D,0,S/D,S/D,S/D,0,S/D,S/D,S/D,0
47294362,SORAYPAMPA,CUSCO,ANTA,mpas15,pp,20260826,20260924,00Z,D1,6h,S/D,S/D,S/D,0,S/D,S/D,S/D,0,S/D,S/D,S/D,0,S/D,S/D,S/D,0,S/D,S/D,S/D,0
472976F8,CALCA,CUSCO,CALCA,ecmwf,pp,20260826,20260924,"00Z,12Z",D1,6h,0.6,1.232,0.27,220,0.9,0.829,0.168,20,0.0,1.0,0.0,2,S/D,1.0,0.0,0,S/D,S/D,S/D,0
472976F8,CALCA,CUSCO,CALCA,gfs,pp,20260826,20260924,"00Z,12Z",D1,6h,0.479,1.071,0.366,162,0.938,0.831,0.167,16,0.0,1.0,0.0,2,S/D,1.0,0.0,0,S/D,S/D,S/D,0
472976F8,CALCA,CUSCO,CALCA,eta5,pp,20260826,20260924,"00Z,12Z",D1,6h,-0.013,0.376,0.257,189,0.333,0.625,0.214,18,0.0,1.0,0.0,2,S/D,S/D,S/D,0,S/D,S/D,S/D,0
472976F8,CALCA,CUSCO,CALCA,wrf5,pp,20260826,20260924,"00Z,12Z",D1,6h,0.046,0.502,0.307,217,0.35,0.767,0.163,20,0.0,1.0,0.0,2,S/D,S/D,S/D,0,S/D,S/D,S/D,0
472976F8,CALCA,CUSCO,CALCA,mpas15,pp,20260826,20260924,00Z,D1,6h,0.48,0.955,0.226,110,0.8,0.805,0.186,10,1.0,0.971,0.029,1,S/D,S/D,S/D,0,S/D,S/D,S/D,0
472A6280,NUEVO PISAC,CUSCO,CALCA,ecmwf,pp,20260826,20260924,"00Z,12Z",D1,6h,S/D,S/D,S/D,0,S/D,S/D,S/D,0,S/D,S/D,S/D,0,S/D,S/D,S/D,0,S/D,S/D,S/D,0
472A6280,NUEVO PISAC,CUSCO,CALCA,gfs,pp,20260826,20260924,"00Z,12Z",D1,6h,S/D,S/D,S/D,0,S/D,S/D,S/D,0,S/D,S/D,S/D,0,S/D,S/D,S/D,0,S/D,S/D,S/D,0
472A6280,NUEVO PISAC,CUSCO,CALCA,eta5,pp,20260826,20260924,"00Z,12Z",D1,6h,S/D,S/D,S/D,0,S/D,S/D,S/D,0,S/D,S/D,S/D,0,S/D,S/D,S/D,0,S/D,S/D,S/D,0
472A6280,NUEVO PISAC,CUSCO,CALCA,wrf5,pp,20260826,20260924,"00Z,12Z",D1,6h,S/D,S/D,S/D,0,S/D,S/D,S/D,0,S/D,S/D,S/D,0,S/D,S/D,S/D,0,S/D,S/D,S/D,0
472A6280,NUEVO PISAC,CUSCO,CALCA,mpas15,pp,20260826,20260924,00Z,D1,6h,S/D,S/D,S/D,0,S/D,S/D,S/D,0,S/D,S/D,S/D,0,S/D,S/D,S/D,0,S/D,S/D,S/D,0
114126,PAYAPUNKU,CUSCO,CANAS,ecmwf,pp,20260826,20260924,"00Z,12Z",D1,6h,0.358,1.005,0.464,230,0.962,0.716,0.281,26,0.7,0.788,0.194,10,S/D,1.0,0.0,0,S/D,S/D,S/D,0
114126,PAYAPUNKU,CUSCO,CANAS,gfs,pp,20260826,20260924,"00Z,12Z",D1,6h,0.138,0.881,0.248,172,0.6,0.793,0.182,20,0.0,1.0,0.0,9,S/D,S/D,S/D,0,S/D,S/D,S/D,0
114126,PAYAPUNKU,CUSCO,CANAS,eta5,pp,20260826,20260924,"00Z,12Z",D1,6h,0.008,0.598,0.28,195,0.577,0.706,0.242,26,0.0,1.0,0.0,10,S/D,S/D,S/D,0,S/D,S/D,S/D,0
114126,PAYAPUNKU,CUSCO,CANAS,wrf5,pp,20260826,20260924,"00Z,12Z",D1,6h,0.138,1.213,0.308,227,0.417,0.75,0.185,24,0.0,1.0,0.0,9,S/D,1.0,0.0,0,S/D,S/D,S/D,0
114126,PAYAPUNKU,CUSCO,CANAS,mpas15,pp,20260826,20260924,00Z,D1,6h,0.342,1.021,0.368,115,0.846,0.686,0.297,13,0.6,0.87,0.12,5,S/D,1.0,0.0,0,S/D,S/D,S/D,0
114125,SAUSAYA,CUSCO,CANAS,ecmwf,pp,20260826,20260924,"00Z,12Z",D1,6h,0.463,1.057,0.372,218,0.938,0.83,0.169,16,0.75,0.914,0.083,4,S/D,1.0,0.0,0,S/D,S/D,S/D,0
114125,SAUSAYA,CUSCO,CANAS,gfs,pp,20260826,20260924,"00Z,12Z",D1,6h,0.279,0.86,0.206,162,0.692,0.842,0.148,13,0.333,0.933,0.059,3,S/D,S/D,S/D,0,S/D,S/D,S/D,0
114125,SAUSAYA,CUSCO,CANAS,eta5,pp,20260826,20260924,"00Z,12Z",D1,6h,0.278,0.78,0.254,187,0.75,0.818,0.171,16,0.5,0.895,0.095,4,S/D,S/D,S/D,0,S/D,S/D,S/D,0
114125,SAUSAYA,CUSCO,CANAS,wrf5,pp,20260826,20260924,"00Z,12Z",D1,6h,0.274,1.326,0.235,214,0.438,0.806,0.156,16,0.25,0.938,0.053,4,S/D,1.0,0.0,0,S/D,S/D,S/D,0
114125,SAUSAYA,CUSCO,CANAS,mpas15,pp,20260826,20260924,00Z,D1,6h,0.411,0.89,0.217,109,0.75,0.833,0.158,8,0.5,0.958,0.04,2,S/D,1.0,0.0,0,S/D,S/D,S/D,0
472E025C,QUISOQUEPINA,CUSCO,CANCHIS,ecmwf,pp,20260826,20260924,"00Z,12Z",D1,6h,S/D,S/D,S/D,0,S/D,S/D,S/D,0,S/D,S/D,S/D,0,S/D,S/D,S/D,0,S/D,S/D,S/D,0
472E025C,QUISOQUEPINA,CUSCO,CANCHIS,gfs,pp,20260826,20260924,"00Z,12Z",D1,6h,S/D,S/D,S/D,0,S/D,S/D,S/D,0,S/D,S/D,S/D,0,S/D,S/D,S/D,0,S/D,S/D,S/D,0
472E025C,QUISOQUEPINA,CUSCO,CANCHIS,eta5,pp,20260826,20260924,"00Z,12Z",D1,6h,S/D,S/D,S/D,0,S/D,S/D,S/D,0,S/D,S/D,S/D,0,S/D,S/D,S/D,0,S/D,S/D,S/D,0
472E025C,QUISOQUEPINA,CUSCO,CANCHIS,wrf5,pp,20260826,20260924,"00Z,12Z",D1,6h,S/D,S/D,S/D,0,S/D,S/D,S/D,0,S/D,S/D,S/D,0,S/D,S/D,S/D,0,S/D,S/D,S/D,0
472E025C,QUISOQUEPINA,CUSCO,CANCHIS,mpas15,pp,20260826,20260924,00Z,D1,6h,S/D,S/D,S/D,0,S/D,S/D,S/D,0,S/D,S/D,S/D,0,S/D,S/D,S/D,0,S/D,S/D,S/D,0
114118,SALCCA,CUSCO,CANCHIS,ecmwf,pp,20260826,20260924,"00Z,12Z",D1,6h,0.249,0.982,0.354,234,0.889,0.818,0.178,18,0.6,0.769,0.2,10,S/D,1.0,0.0,0,S/D,S/D,S/D,0
114118,SALCCA,CUSCO,CANCHIS,gfs,pp,20260826,20260924,"00Z,12Z",D1,6h,0.122,0.9,0.275,176,0.714,0.818,0.169,14,0.125,0.923,0.05,8,S/D,1.0,0.0,0,S/D,S/D,S/D,0
114118,SALCCA,CUSCO,CANCHIS,eta5,pp,20260826,20260924,"00Z,12Z",D1,6h,0.039,0.701,0.292,199,0.667,0.797,0.185,18,0.1,0.889,0.056,10,S/D,S/D,S/D,0,S/D,S/D,S/D,0
114118,SALCCA,CUSCO,CANCHIS,wrf5,pp,20260826,20260924,"00Z,12Z",D1,6h,0.095,0.85,0.356,230,0.722,0.698,0.271,18,0.3,0.75,0.158,10,S/D,1.0,0.0,0,S/D,S/D,S/D,0
114118,SALCCA,CUSCO,CANCHIS,mpas15,pp,20260826,20260924,00Z,D1,6h,0.396,1.149,0.279,117,0.889,0.795,0.2,9,1.0,0.828,0.172,5,S/D,1.0,0.0,0,S/D,S/D,S/D,0
47E8B578,SIBINACOCHA,CUSCO,CANCHIS,ecmwf,pp,20260826,20260924,"00Z,12Z",D1,6h,0.087,0.632,0.523,232,0.87,0.56,0.412,46,0.312,0.667,0.192,16,S/D,S/D,S/D,0,S/D,S/D,S/D,0
47E8B578,SIBINACOCHA,CUSCO,CANCHIS,gfs,pp,20260826,20260924,"00Z,12Z",D1,6h,0.543,1.381,0.458,174,0.844,0.662,0.318,32,0.667,0.778,0.2,12,S/D,1.0,0.0,0,S/D,S/D,S/D,0
47E8B578,SIBINACOCHA,CUSCO,CANCHIS,eta5,pp,20260826,20260924,"00Z,12Z",D1,6h,-0.13,0.566,0.262,197,0.289,0.594,0.203,45,0.125,0.5,0.111,16,S/D,S/D,S/D,0,S/D,S/D,S/D,0
47E8B578,SIBINACOCHA,CUSCO,CANCHIS,wrf5,pp,20260826,20260924,"00Z,12Z",D1,6h,0.05,0.817,0.364,229,0.409,0.561,0.269,44,0.25,0.733,0.148,16,S/D,1.0,0.0,0,S/D,S/D,S/D,0
47E8B578,SIBINACOCHA,CUSCO,CANCHIS,mpas15,pp,20260826,20260924,00Z,D1,6h,0.443,0.967,0.513,116,0.913,0.523,0.457,23,0.875,0.8,0.194,8,S/D,S/D,S/D,0,S/D,S/D,S/D,0
4726158C,SICUANI,CUSCO,CANCHIS,ecmwf,pp,20260826,20260924,"00Z,12Z",D1,6h,0.316,1.012,0.202,212,0.75,0.926,0.072,8,0.0,1.0,0.0,2,S/D,1.0,0.0,0,S/D,S/D,S/D,0
4726158C,SICUANI,CUSCO,CANCHIS,gfs,pp,20260826,20260924,"00Z,12Z",D1,6h,0.227,0.734,0.277,157,1.0,0.875,0.125,6,1.0,0.909,0.091,1,S/D,1.0,0.0,0,S/D,S/D,S/D,0
4726158C,SICUANI,CUSCO,CANCHIS,eta5,pp,20260826,20260924,"00Z,12Z",D1,6h,0.175,0.421,0.228,180,0.625,0.914,0.082,8,0.5,0.917,0.077,2,S/D,S/D,S/D,0,S/D,S/D,S/D,0
4726158C,SICUANI,CUSCO,CANCHIS,wrf5,pp,20260826,20260924,"00Z,12Z",D1,6h,0.18,1.037,0.343,208,0.75,0.76,0.222,8,1.0,0.667,0.333,2,S/D,1.0,0.0,0,S/D,S/D,S/D,0
4726158C,SICUANI,CUSCO,CANCHIS,mpas15,pp,20260826,20260924,00Z,D1,6h,0.43,0.901,0.155,106,0.75,0.914,0.083,4,1.0,0.96,0.04,1,S/D,S/D,S/D,0,S/D,S/D,S/D,0
114123,MARCA CUNKA,CUSCO,CHUMBIVILCAS,ecmwf,pp,20260826,20260924,"00Z,12Z",D1,6h,0.247,0.845,0.448,230,0.867,0.698,0.289,30,0.45,0.64,0.25,20,S/D,1.0,0.0,0,S/D,S/D,S/D,0
114123,MARCA CUNKA,CUSCO,CHUMBIVILCAS,gfs,pp,20260826,20260924,"00Z,12Z",D1,6h,0.198,0.848,0.335,173,0.92,0.742,0.253,25,0.312,0.8,0.139,16,S/D,S/D,S/D,0,S/D,S/D,S/D,0
114123,MARCA CUNKA,CUSCO,CHUMBIVILCAS,eta5,pp,20260826,20260924,"00Z,12Z",D1,6h,0.029,0.703,0.393,195,0.852,0.652,0.329,27,0.111,0.833,0.071,18,S/D,S/D,S/D,0,S/D,S/D,S/D,0
114123,MARCA CUNKA,CUSCO,CHUMBIVILCAS,wrf5,pp,20260826,20260924,"00Z,12Z",D1,6h,0.184,1.66,0.42,227,0.607,0.679,0.266,28,0.222,0.789,0.121,18,S/D,1.0,0.0,0,S/D,S/D,S/D,0
114123,MARCA CUNKA,CUSCO,CHUMBIVILCAS,mpas15,pp,20260826,20260924,00Z,D1,6h,0.51,1.227,0.364,115,0.8,0.714,0.267,15,0.8,0.75,0.235,10,S/D,1.0,0.0,0,S/D,S/D,S/D,0
4729A090,SANTO TOMAS,CUSCO,CHUMBIVILCAS,ecmwf,pp,20260826,20260924,"00Z,12Z",D1,6h,0.146,0.573,0.476,196,0.929,0.644,0.347,28,0.571,0.529,0.348,14,S/D,S/D,S/D,0,S/D,S/D,S/D,0
4729A090,SANTO TOMAS,CUSCO,CHUMBIVILCAS,gfs,pp,20260826,20260924,"00Z,12Z",D1,6h,0.173,0.821,0.303,139,0.864,0.743,0.247,22,0.25,0.864,0.097,12,S/D,S/D,S/D,0,S/D,S/D,S/D,0
4729A090,SANTO TOMAS,CUSCO,CHUMBIVILCAS,eta5,pp,20260826,20260924,"00Z,12Z",D1,6h,0.022,0.628,0.407,168,0.76,0.612,0.345,25,0.0,1.0,0.0,12,S/D,S/D,S/D,0,S/D,S/D,S/D,0
4729A090,SANTO TOMAS,CUSCO,CHUMBIVILCAS,wrf5,pp,20260826,20260924,"00Z,12Z",D1,6h,0.062,1.401,0.431,192,0.28,0.741,0.156,25,0.0,1.0,0.0,12,S/D,1.0,0.0,0,S/D,S/D,S/D,0
4729A090,SANTO TOMAS,CUSCO,CHUMBIVILCAS,mpas15,pp,20260826,20260924,00Z,D1,6h,0.539,1.264,0.427,98,0.929,0.667,0.325,14,1.0,0.75,0.25,7,S/D,1.0,0.0,0,S/D,S/D,S/D,0
114124,HUAYHUAHUASI,CUSCO,ESPINAR,ecmwf,pp,20260826,20260924,"00Z,12Z",D1,6h,0.263,1.09,0.363,232,1.0,0.813,0.187,14,0.5,0.875,0.111,6,0.0,1.0,0.0,2,S/D,S/D,S/D,0
114124,HUAYHUAHUASI,CUSCO,ESPINAR,gfs,pp,20260826,20260924,"00Z,12Z",D1,6h,0.383,1.093,0.268,175,1.0,0.868,0.132,10,0.25,0.964,0.032,4,0.0,1.0,0.0,1,S/D,S/D,S/D,0
114124,HUAYHUAHUASI,CUSCO,ESPINAR,eta5,pp,20260826,20260924,"00Z,12Z",D1,6h,0.154,0.895,0.291,197,0.714,0.836,0.154,14,0.333,0.882,0.095,6,0.0,S/D,0.0,2,S/D,S/D,S/D,0
114124,HUAYHUAHUASI,CUSCO,ESPINAR,wrf5,pp,20260826,20260924,"00Z,12Z",D1,6h,0.276,1.161,0.256,228,0.667,0.852,0.138,12,0.4,0.923,0.069,5,0.5,0.667,0.25,2,S/D,S/D,S/D,0
114124,HUAYHUAHUASI,CUSCO,ESPINAR,mpas15,pp,20260826,20260924,00Z,D1,6h,0.334,1.088,0.35,116,1.0,0.8,0.2,7,1.0,0.885,0.115,3,0.0,S/D,0.0,1,S/D,S/D,S/D,0
47E880E2,PICHARI,CUSCO,LA CONVENCION,ecmwf,pp,20260826,20260924,"00Z,12Z",D1,6h,1.403,6.369,0.409,232,0.975,0.783,0.215,40,1.0,0.805,0.195,26,0.417,0.889,0.096,12,0.0,S/D,0.0,4
47E880E2,PICHARI,CUSCO,LA CONVENCION,gfs,pp,20260826,20260924,"00Z,12Z",D1,6h,0.006,6.683,0.335,174,0.966,0.811,0.188,29,0.9,0.798,0.198,20,0.0,1.0,0.0,10,0.0,S/D,0.0,4
47E880E2,PICHARI,CUSCO,LA CONVENCION,eta5,pp,20260826,20260924,"00Z,12Z",D1,6h,-0.25,6.483,0.058,197,0.639,0.81,0.172,36,0.455,0.848,0.128,22,0.1,0.917,0.048,10,0.0,S/D,0.0,4
47E880E2,PICHARI,CUSCO,LA CONVENCION,wrf5,pp,20260826,20260924,"00Z,12Z",D1,6h,-0.706,6.534,0.32,229,0.513,0.583,0.299,39,0.192,0.737,0.125,26,0.0,1.0,0.0,12,0.0,1.0,0.0,4
47E880E2,PICHARI,CUSCO,LA CONVENCION,mpas15,pp,20260826,20260924,00Z,D1,6h,0.177,5.889,0.271,116,0.8,0.75,0.235,20,0.846,0.8,0.193,13,0.0,1.0,0.0,6,0.0,S/D,0.0,2
112264,PONGO DE MAINIQUE,CUSCO,LA CONVENCION,ecmwf,pp,20260826,20260924,"00Z,12Z",D1,6h,-0.492,7.086,0.369,232,0.827,0.619,0.352,52,0.5,0.793,0.171,24,0.111,0.846,0.069,18,0.0,1.0,0.0,6
112264,PONGO DE MAINIQUE,CUSCO,LA CONVENCION,gfs,pp,20260826,20260924,"00Z,12Z",D1,6h,-0.462,7.317,0.314,174,0.821,0.673,0.305,39,0.5,0.836,0.141,18,0.429,0.7,0.214,14,0.0,S/D,0.0,6
112264,PONGO DE MAINIQUE,CUSCO,LA CONVENCION,eta5,pp,20260826,20260924,"00Z,12Z",D1,6h,-1.152,6.422,0.11,197,0.511,0.692,0.238,47,0.238,0.853,0.1,21,0.062,0.0,0.062,16,0.0,S/D,0.0,5
112264,PONGO DE MAINIQUE,CUSCO,LA CONVENCION,wrf5,pp,20260826,20260924,"00Z,12Z",D1,6h,-1.148,7.032,0.277,228,0.392,0.574,0.256,51,0.167,0.818,0.095,24,0.0,1.0,0.0,18,0.0,S/D,0.0,6
112264,PONGO DE MAINIQUE,CUSCO,LA CONVENCION,mpas15,pp,20260826,20260924,00Z,D1,6h,-0.506,6.851,0.282,116,0.654,0.614,0.321,26,0.667,0.8,0.182,12,0.0,1.0,0.0,9,0.0,S/D,0.0,3
4729658E,SAN PABLO,CUSCO,LA CONVENCION,ecmwf,pp,20260826,20260924,"00Z,12Z",D1,6h,1.915,3.517,0.135,226,0.972,0.818,0.181,36,0.688,0.919,0.078,16,0.125,0.971,0.024,8,S/D,S/D,S/D,0
4729658E,SAN PABLO,CUSCO,LA CONVENCION,gfs,pp,20260826,20260924,"00Z,12Z",D1,6h,1.113,2.568,0.251,168,0.963,0.812,0.187,27,0.636,0.9,0.095,11,0.0,1.0,0.0,6,S/D,S/D,S/D,0
4729658E,SAN PABLO,CUSCO,LA CONVENCION,eta5,pp,20260826,20260924,"00Z,12Z",D1,6h,0.425,1.703,0.116,192,0.656,0.8,0.181,32,0.5,0.87,0.115,14,0.0,S/D,0.0,6,S/D,S/D,S/D,0
4729658E,SAN PABLO,CUSCO,LA CONVENCION,wrf5,pp,20260826,20260924,"00Z,12Z",D1,6h,-0.084,1.638,0.366,224,0.571,0.643,0.282,35,0.188,0.812,0.103,16,0.0,1.0,0.0,8,S/D,S/D,S/D,0
4729658E,SAN PABLO,CUSCO,LA CONVENCION,mpas15,pp,20260826,20260924,00Z,D1,6h,1.464,3.193,0.229,113,0.778,0.77,0.215,18,0.75,0.885,0.111,8,0.25,0.917,0.067,4,S/D,S/D,S/D,0
4722A338,ACJANACO ,CUSCO,PAUCARTAMBO,ecmwf,pp,20260826,20260924,"00Z,12Z",D1,6h,0.417,2.481,0.294,230,0.738,0.582,0.364,80,0.525,0.777,0.186,40,0.2,0.75,0.125,10,S/D,S/D,S/D,0
4722A338,ACJANACO ,CUSCO,PAUCARTAMBO,gfs,pp,20260826,20260924,"00Z,12Z",D1,6h,0.491,2.257,0.359,173,0.952,0.546,0.444,62,0.645,0.688,0.267,31,0.143,0.889,0.067,7,S/D,S/D,S/D,0
4722A338,ACJANACO ,CUSCO,PAUCARTAMBO,eta5,pp,20260826,20260924,"00Z,12Z",D1,6h,-0.797,2.483,0.139,195,0.213,0.484,0.178,75,0.026,0.667,0.024,39,0.0,S/D,0.0,10,S/D,S/D,S/D,0
4722A338,ACJANACO ,CUSCO,PAUCARTAMBO,wrf5,pp,20260826,20260924,"00Z,12Z",D1,6h,0.286,3.268,0.305,227,0.623,0.529,0.366,77,0.395,0.746,0.183,38,0.1,0.909,0.05,10,S/D,1.0,0.0,0
4722A338,ACJANACO ,CUSCO,PAUCARTAMBO,mpas15,pp,20260826,20260924,00Z,D1,6h,0.553,2.171,0.292,115,0.7,0.556,0.373,40,0.65,0.764,0.21,20,0.4,0.75,0.182,5,S/D,S/D,S/D,0
210007,PAUCARTAMBO,CUSCO,PAUCARTAMBO,ecmwf,pp,20260826,20260924,"00Z,12Z",D1,6h,S/D,S/D,S/D,0,S/D,S/D,S/D,0,S/D,S/D,S/D,0,S/D,S/D,S/D,0,S/D,S/D,S/D,0
210007,PAUCARTAMBO,CUSCO,PAUCARTAMBO,gfs,pp,20260826,20260924,"00Z,12Z",D1,6h,S/D,S/D,S/D,0,S/D,S/D,S/D,0,S/D,S/D,S/D,0,S/D,S/D,S/D,0,S/D,S/D,S/D,0
210007,PAUCARTAMBO,CUSCO,PAUCARTAMBO,eta5,pp,20260826,20260924,"00Z,12Z",D1,6h,S/D,S/D,S/D,0,S/D,S/D,S/D,0,S/D,S/D,S/D,0,S/D,S/D,S/D,0,S/D,S/D,S/D,0
210007,PAUCARTAMBO,CUSCO,PAUCARTAMBO,wrf5,pp,20260826,20260924,"00Z,12Z",D1,6h,S/D,S/D,S/D,0,S/D,S/D,S/D,0,S/D,S/D,S/D,0,S/D,S/D,S/D,0,S/D,S/D,S/D,0
210007,PAUCARTAMBO,CUSCO,PAUCARTAMBO,mpas15,pp,20260826,20260924,00Z,D1,6h,S/D,S/D,S/D,0,S/D,S/D,S/D,0,S/D,S/D,S/D,0,S/D,S/D,S/D,0,S/D,S/D,S/D,0
113247,ASHANAKU,CUSCO,QUISPICANCHI,ecmwf,pp,20260826,20260924,"00Z,12Z",D1,6h,0.239,1.926,0.271,230,0.75,0.811,0.178,28,0.667,0.7,0.261,18,0.167,0.75,0.111,6,S/D,S/D,S/D,0
113247,ASHANAKU,CUSCO,QUISPICANCHI,gfs,pp,20260826,20260924,"00Z,12Z",D1,6h,0.143,2.169,0.218,173,0.818,0.824,0.17,22,0.286,0.84,0.114,14,0.0,1.0,0.0,5,S/D,S/D,S/D,0
113247,ASHANAKU,CUSCO,QUISPICANCHI,eta5,pp,20260826,20260924,"00Z,12Z",D1,6h,-0.369,1.945,0.26,195,0.231,0.76,0.133,26,0.0,1.0,0.0,17,0.0,S/D,0.0,6,S/D,S/D,S/D,0
113247,ASHANAKU,CUSCO,QUISPICANCHI,wrf5,pp,20260826,20260924,"00Z,12Z",D1,6h,-0.14,1.945,0.334,227,0.333,0.69,0.191,27,0.176,0.786,0.107,17,0.0,1.0,0.0,5,S/D,S/D,S/D,0
113247,ASHANAKU,CUSCO,QUISPICANCHI,mpas15,pp,20260826,20260924,00Z,D1,6h,0.029,1.769,0.287,115,0.714,0.756,0.222,14,0.778,0.781,0.206,9,0.0,S/D,0.0,3,S/D,S/D,S/D,0
113254,QUINCEMIL,CUSCO,QUISPICANCHI,ecmwf,pp,20260826,20260924,"00Z,12Z",D1,6h,1.429,3.488,S/D,234,S/D,1.0,0.0,0,S/D,1.0,0.0,0,S/D,1.0,0.0,0,S/D,1.0,0.0,0
113254,QUINCEMIL,CUSCO,QUISPICANCHI,gfs,pp,20260826,20260924,"00Z,12Z",D1,6h,1.223,2.647,S/D,177,S/D,1.0,0.0,0,S/D,1.0,0.0,0,S/D,1.0,0.0,0,S/D,S/D,S/D,0
113254,QUINCEMIL,CUSCO,QUISPICANCHI,eta5,pp,20260826,20260924,"00Z,12Z",D1,6h,0.602,1.197,S/D,200,S/D,1.0,0.0,0,S/D,1.0,0.0,0,S/D,S/D,S/D,0,S/D,S/D,S/D,0
113254,QUINCEMIL,CUSCO,QUISPICANCHI,wrf5,pp,20260826,20260924,"00Z,12Z",D1,6h,0.752,3.49,S/D,230,S/D,1.0,0.0,0,S/D,1.0,0.0,0,S/D,1.0,0.0,0,S/D,1.0,0.0,0
113254,QUINCEMIL,CUSCO,QUISPICANCHI,mpas15,pp,20260826,20260924,00Z,D1,6h,2.48,4.815,S/D,117,S/D,1.0,0.0,0,S/D,1.0,0.0,0,S/D,1.0,0.0,0,S/D,S/D,S/D,0
472A9204,CHILCA,CUSCO,URUBAMBA,ecmwf,pp,20260826,20260924,"00Z,12Z",D1,6h,0.369,0.767,0.38,232,0.846,0.805,0.188,26,0.75,0.854,0.14,8,S/D,1.0,0.0,0,S/D,S/D,S/D,0
472A9204,CHILCA,CUSCO,URUBAMBA,gfs,pp,20260826,20260924,"00Z,12Z",D1,6h,0.508,1.27,0.278,175,0.905,0.826,0.171,21,0.571,0.867,0.121,7,S/D,1.0,0.0,0,S/D,S/D,S/D,0
472A9204,CHILCA,CUSCO,URUBAMBA,eta5,pp,20260826,20260924,"00Z,12Z",D1,6h,0.021,0.481,0.012,197,0.391,0.845,0.125,23,0.286,0.667,0.182,7,S/D,S/D,S/D,0,S/D,S/D,S/D,0
472A9204,CHILCA,CUSCO,URUBAMBA,wrf5,pp,20260826,20260924,"00Z,12Z",D1,6h,0.096,0.671,0.419,228,0.72,0.571,0.367,25,0.25,0.846,0.105,8,S/D,1.0,0.0,0,S/D,S/D,S/D,0
472A9204,CHILCA,CUSCO,URUBAMBA,mpas15,pp,20260826,20260924,00Z,D1,6h,0.607,1.21,0.094,116,0.692,0.827,0.161,13,0.25,0.976,0.023,4,S/D,S/D,S/D,0,S/D,S/D,S/D,0
4727C11E,HUAYLLABAMBA,CUSCO,URUBAMBA,ecmwf,pp,20260826,20260924,"00Z,12Z",D1,6h,S/D,S/D,S/D,0,S/D,S/D,S/D,0,S/D,S/D,S/D,0,S/D,S/D,S/D,0,S/D,S/D,S/D,0
4727C11E,HUAYLLABAMBA,CUSCO,URUBAMBA,gfs,pp,20260826,20260924,"00Z,12Z",D1,6h,S/D,S/D,S/D,0,S/D,S/D,S/D,0,S/D,S/D,S/D,0,S/D,S/D,S/D,0,S/D,S/D,S/D,0
4727C11E,HUAYLLABAMBA,CUSCO,URUBAMBA,eta5,pp,20260826,20260924,"00Z,12Z",D1,6h,S/D,S/D,S/D,0,S/D,S/D,S/D,0,S/D,S/D,S/D,0,S/D,S/D,S/D,0,S/D,S/D,S/D,0
4727C11E,HUAYLLABAMBA,CUSCO,URUBAMBA,wrf5,pp,20260826,20260924,"00Z,12Z",D1,6h,S/D,S/D,S/D,0,S/D,S/D,S/D,0,S/D,S/D,S/D,0,S/D,S/D,S/D,0,S/D,S/D,S/D,0
4727C11E,HUAYLLABAMBA,CUSCO,URUBAMBA,mpas15,pp,20260826,20260924,00Z,D1,6h,S/D,S/D,S/D,0,S/D,S/D,S/D,0,S/D,S/D,S/D,0,S/D,S/D,S/D,0,S/D,S/D,S/D,0
472935F2,INTIHUATANA H,CUSCO,URUBAMBA,ecmwf,pp,20260826,20260924,"00Z,12Z",D1,6h,S/D,S/D,S/D,0,S/D,S/D,S/D,0,S/D,S/D,S/D,0,S/D,S/D,S/D,0,S/D,S/D,S/D,0
472935F2,INTIHUATANA H,CUSCO,URUBAMBA,gfs,pp,20260826,20260924,"00Z,12Z",D1,6h,S/D,S/D,S/D,0,S/D,S/D,S/D,0,S/D,S/D,S/D,0,S/D,S/D,S/D,0,S/D,S/D,S/D,0
472935F2,INTIHUATANA H,CUSCO,URUBAMBA,eta5,pp,20260826,20260924,"00Z,12Z",D1,6h,S/D,S/D,S/D,0,S/D,S/D,S/D,0,S/D,S/D,S/D,0,S/D,S/D,S/D,0,S/D,S/D,S/D,0
472935F2,INTIHUATANA H,CUSCO,URUBAMBA,wrf5,pp,20260826,20260924,"00Z,12Z",D1,6h,S/D,S/D,S/D,0,S/D,S/D,S/D,0,S/D,S/D,S/D,0,S/D,S/D,S/D,0,S/D,S/D,S/D,0
472935F2,INTIHUATANA H,CUSCO,URUBAMBA,mpas15,pp,20260826,20260924,00Z,D1,6h,S/D,S/D,S/D,0,S/D,S/D,S/D,0,S/D,S/D,S/D,0,S/D,S/D,S/D,0,S/D,S/D,S/D,0
472852EE,INTIHUATANA M,CUSCO,URUBAMBA,ecmwf,pp,20260826,20260924,"00Z,12Z",D1,6h,0.017,1.809,0.33,232,0.742,0.654,0.309,62,0.382,0.705,0.2,34,0.0,S/D,0.0,10,S/D,S/D,S/D,0
472852EE,INTIHUATANA M,CUSCO,URUBAMBA,gfs,pp,20260826,20260924,"00Z,12Z",D1,6h,0.354,1.861,0.314,174,0.936,0.669,0.324,47,0.625,0.732,0.231,24,0.111,0.75,0.083,9,S/D,S/D,S/D,0
472852EE,INTIHUATANA M,CUSCO,URUBAMBA,eta5,pp,20260826,20260924,"00Z,12Z",D1,6h,-0.178,1.872,0.269,198,0.611,0.637,0.295,54,0.333,0.655,0.204,30,0.0,S/D,0.0,9,S/D,S/D,S/D,0
472852EE,INTIHUATANA M,CUSCO,URUBAMBA,wrf5,pp,20260826,20260924,"00Z,12Z",D1,6h,0.465,2.894,0.351,229,0.733,0.569,0.373,60,0.455,0.7,0.221,33,0.2,0.846,0.095,10,S/D,S/D,S/D,0
472852EE,INTIHUATANA M,CUSCO,URUBAMBA,mpas15,pp,20260826,20260924,00Z,D1,6h,0.765,2.369,0.263,116,0.71,0.627,0.324,31,0.824,0.736,0.25,17,0.2,0.8,0.111,5,S/D,S/D,S/D,0
472897F0,MACHUPICCHU,CUSCO,URUBAMBA,ecmwf,pp,20260826,20260924,"00Z,12Z",D1,6h,-0.071,1.525,0.402,198,0.786,0.569,0.386,56,0.3,0.6,0.207,40,0.0,S/D,0.0,4,S/D,S/D,S/D,0
472897F0,MACHUPICCHU,CUSCO,URUBAMBA,gfs,pp,20260826,20260924,"00Z,12Z",D1,6h,0.142,1.805,0.337,140,0.881,0.634,0.349,42,0.433,0.606,0.26,30,0.25,0.75,0.143,4,S/D,S/D,S/D,0
472897F0,MACHUPICCHU,CUSCO,URUBAMBA,eta5,pp,20260826,20260924,"00Z,12Z",D1,6h,-0.174,1.572,0.265,168,0.625,0.605,0.319,48,0.306,0.593,0.212,36,0.0,S/D,0.0,4,S/D,S/D,S/D,0
472897F0,MACHUPICCHU,CUSCO,URUBAMBA,wrf5,pp,20260826,20260924,"00Z,12Z",D1,6h,0.334,2.705,0.34,195,0.673,0.537,0.378,55,0.359,0.65,0.215,39,0.25,0.889,0.083,4,S/D,S/D,S/D,0
472897F0,MACHUPICCHU,CUSCO,URUBAMBA,mpas15,pp,20260826,20260924,00Z,D1,6h,0.538,2.136,0.194,99,0.643,0.591,0.333,28,0.65,0.675,0.277,20,0.0,1.0,0.0,2,S/D,S/D,S/D,0
4729950A,PACAYMAYO,CUSCO,URUBAMBA,ecmwf,pp,20260826,20260924,"00Z,12Z",D1,6h,S/D,S/D,S/D,0,S/D,S/D,S/D,0,S/D,S/D,S/D,0,S/D,S/D,S/D,0,S/D,S/D,S/D,0
4729950A,PACAYMAYO,CUSCO,URUBAMBA,gfs,pp,20260826,20260924,"00Z,12Z",D1,6h,S/D,S/D,S/D,0,S/D,S/D,S/D,0,S/D,S/D,S/D,0,S/D,S/D,S/D,0,S/D,S/D,S/D,0
4729950A,PACAYMAYO,CUSCO,URUBAMBA,eta5,pp,20260826,20260924,"00Z,12Z",D1,6h,S/D,S/D,S/D,0,S/D,S/D,S/D,0,S/D,S/D,S/D,0,S/D,S/D,S/D,0,S/D,S/D,S/D,0
4729950A,PACAYMAYO,CUSCO,URUBAMBA,wrf5,pp,20260826,20260924,"00Z,12Z",D1,6h,S/D,S/D,S/D,0,S/D,S/D,S/D,0,S/D,S/D,S/D,0,S/D,S/D,S/D,0,S/D,S/D,S/D,0
4729950A,PACAYMAYO,CUSCO,URUBAMBA,mpas15,pp,20260826,20260924,00Z,D1,6h,S/D,S/D,S/D,0,S/D,S/D,S/D,0,S/D,S/D,S/D,0,S/D,S/D,S/D,0,S/D,S/D,S/D,0
113255,URUBAMBA,CUSCO,URUBAMBA,ecmwf,pp,20260826,20260924,"00Z,12Z",D1,6h,S/D,S/D,S/D,0,S/D,S/D,S/D,0,S/D,S/D,S/D,0,S/D,S/D,S/D,0,S/D,S/D,S/D,0
113255,URUBAMBA,CUSCO,URUBAMBA,gfs,pp,20260826,20260924,"00Z,12Z",D1,6h,S/D,S/D,S/D,0,S/D,S/D,S/D,0,S/D,S/D,S/D,0,S/D,S/D,S/D,0,S/D,S/D,S/D,0
113255,URUBAMBA,CUSCO,URUBAMBA,eta5,pp,20260826,20260924,"00Z,12Z",D1,6h,S/D,S/D,S/D,0,S/D,S/D,S/D,0,S/D,S/D,S/D,0,S/D,S/D,S/D,0,S/D,S/D,S/D,0
113255,URUBAMBA,CUSCO,URUBAMBA,wrf5,pp,20260826,20260924,"00Z,12Z",D1,6h,S/D,S/D,S/D,0,S/D,S/D,S/D,0,S/D,S/D,S/D,0,S/D,S/D,S/D,0,S/D,S/D,S/D,0
113255,URUBAMBA,CUSCO,URUBAMBA,mpas15,pp,20260826,20260924,00Z,D1,6h,S/D,S/D,S/D,0,S/D,S/D,S/D,0,S/D,S/D,S/D,0,S/D,S/D,S/D,0,S/D,S/D,S/D,0
4720CDF8,COCHAMARCA,HUANCAVELICA,CASTROVIRREYNA,ecmwf,pp,20260826,20260924,"00Z,12Z",D1,6h,S/D,S/D,S/D,0,S/D,S/D,S/D,0,S/D,S/D,S/D,0,S/D,S/D,S/D,0,S/D,S/D,S/D,0
4720CDF8,COCHAMARCA,HUANCAVELICA,CASTROVIRREYNA,gfs,pp,20260826,20260924,"00Z,12Z",D1,6h,S/D,S/D,S/D,0,S/D,S/D,S/D,0,S/D,S/D,S/D,0,S/D,S/D,S/D,0,S/D,S/D,S/D,0
4720CDF8,COCHAMARCA,HUANCAVELICA,CASTROVIRREYNA,eta5,pp,20260826,20260924,"00Z,12Z",D1,6h,S/D,S/D,S/D,0,S/D,S/D,S/D,0,S/D,S/D,S/D,0,S/D,S/D,S/D,0,S/D,S/D,S/D,0
4720CDF8,COCHAMARCA,HUANCAVELICA,CASTROVIRREYNA,wrf5,pp,20260826,20260924,"00Z,12Z",D1,6h,S/D,S/D,S/D,0,S/D,S/D,S/D,0,S/D,S/D,S/D,0,S/D,S/D,S/D,0,S/D,S/D,S/D,0
4720CDF8,COCHAMARCA,HUANCAVELICA,CASTROVIRREYNA,mpas15,pp,20260826,20260924,00Z,D1,6h,S/D,S/D,S/D,0,S/D,S/D,S/D,0,S/D,S/D,S/D,0,S/D,S/D,S/D,0,S/D,S/D,S/D,0
47292684,HUACHOS,HUANCAVELICA,CASTROVIRREYNA,ecmwf,pp,20260826,20260924,"00Z,12Z",D1,6h,0.192,0.518,S/D,232,S/D,1.0,0.0,0,S/D,1.0,0.0,0,S/D,S/D,S/D,0,S/D,S/D,S/D,0
47292684,HUACHOS,HUANCAVELICA,CASTROVIRREYNA,gfs,pp,20260826,20260924,"00Z,12Z",D1,6h,0.111,0.377,S/D,173,S/D,1.0,0.0,0,S/D,1.0,0.0,0,S/D,S/D,S/D,0,S/D,S/D,S/D,0
47292684,HUACHOS,HUANCAVELICA,CASTROVIRREYNA,eta5,pp,20260826,20260924,"00Z,12Z",D1,6h,0.011,0.06,S/D,197,S/D,1.0,0.0,0,S/D,S/D,S/D,0,S/D,S/D,S/D,0,S/D,S/D,S/D,0
47292684,HUACHOS,HUANCAVELICA,CASTROVIRREYNA,wrf5,pp,20260826,20260924,"00Z,12Z",D1,6h,0.019,0.123,S/D,228,S/D,1.0,0.0,0,S/D,1.0,0.0,0,S/D,S/D,S/D,0,S/D,S/D,S/D,0
47292684,HUACHOS,HUANCAVELICA,CASTROVIRREYNA,mpas15,pp,20260826,20260924,00Z,D1,6h,0.136,0.413,S/D,116,S/D,1.0,0.0,0,S/D,1.0,0.0,0,S/D,S/D,S/D,0,S/D,S/D,S/D,0
472722EC,HUANCAVELICA,HUANCAVELICA,HUANCAVELICA,ecmwf,pp,20260826,20260924,"00Z,12Z",D1,6h,0.528,1.7,0.471,234,0.833,0.615,0.357,60,0.714,0.818,0.169,14,0.0,1.0,0.0,4,S/D,S/D,S/D,0
472722EC,HUANCAVELICA,HUANCAVELICA,HUANCAVELICA,gfs,pp,20260826,20260924,"00Z,12Z",D1,6h,1.016,2.633,0.444,176,0.917,0.63,0.358,48,0.769,0.796,0.192,13,0.0,1.0,0.0,3,S/D,S/D,S/D,0
472722EC,HUANCAVELICA,HUANCAVELICA,HUANCAVELICA,eta5,pp,20260826,20260924,"00Z,12Z",D1,6h,-0.101,0.933,0.484,199,0.667,0.471,0.419,54,0.214,0.625,0.158,14,0.0,S/D,0.0,4,S/D,S/D,S/D,0
472722EC,HUANCAVELICA,HUANCAVELICA,HUANCAVELICA,wrf5,pp,20260826,20260924,"00Z,12Z",D1,6h,0.62,2.361,0.517,230,0.707,0.506,0.41,58,0.538,0.829,0.149,13,0.0,1.0,0.0,4,S/D,S/D,S/D,0
472722EC,HUANCAVELICA,HUANCAVELICA,HUANCAVELICA,mpas15,pp,20260826,20260924,00Z,D1,6h,0.756,2.088,0.412,117,0.9,0.518,0.458,30,0.857,0.857,0.14,7,0.0,1.0,0.0,2,S/D,S/D,S/D,0
47284198,CHALLACA,HUANCAVELICA,HUAYTARA,ecmwf,pp,20260826,20260924,"00Z,12Z",D1,6h,0.012,0.093,S/D,84,S/D,1.0,0.0,0,S/D,S/D,S/D,0,S/D,S/D,S/D,0,S/D,S/D,S/D,0
47284198,CHALLACA,HUANCAVELICA,HUAYTARA,gfs,pp,20260826,20260924,"00Z,12Z",D1,6h,0.009,0.049,S/D,64,S/D,1.0,0.0,0,S/D,S/D,S/D,0,S/D,S/D,S/D,0,S/D,S/D,S/D,0
47284198,CHALLACA,HUANCAVELICA,HUAYTARA,eta5,pp,20260826,20260924,"00Z,12Z",D1,6h,0.001,0.008,S/D,67,S/D,S/D,S/D,0,S/D,S/D,S/D,0,S/D,S/D,S/D,0,S/D,S/D,S/D,0
47284198,CHALLACA,HUANCAVELICA,HUAYTARA,wrf5,pp,20260826,20260924,"00Z,12Z",D1,6h,0.0,0.002,S/D,84,S/D,S/D,S/D,0,S/D,S/D,S/D,0,S/D,S/D,S/D,0,S/D,S/D,S/D,0
47284198,CHALLACA,HUANCAVELICA,HUAYTARA,mpas15,pp,20260826,20260924,00Z,D1,6h,0.0,0.0,S/D,42,S/D,S/D,S/D,0,S/D,S/D,S/D,0,S/D,S/D,S/D,0,S/D,S/D,S/D,0
472811E4,CHALLACA M,HUANCAVELICA,HUAYTARA,ecmwf,pp,20260826,20260924,"00Z,12Z",D1,6h,0.006,0.057,S/D,232,S/D,1.0,0.0,0,S/D,S/D,S/D,0,S/D,S/D,S/D,0,S/D,S/D,S/D,0
472811E4,CHALLACA M,HUANCAVELICA,HUAYTARA,gfs,pp,20260826,20260924,"00Z,12Z",D1,6h,0.004,0.03,S/D,175,S/D,1.0,0.0,0,S/D,S/D,S/D,0,S/D,S/D,S/D,0,S/D,S/D,S/D,0
472811E4,CHALLACA M,HUANCAVELICA,HUAYTARA,eta5,pp,20260826,20260924,"00Z,12Z",D1,6h,0.0,0.005,S/D,197,S/D,S/D,S/D,0,S/D,S/D,S/D,0,S/D,S/D,S/D,0,S/D,S/D,S/D,0
472811E4,CHALLACA M,HUANCAVELICA,HUAYTARA,wrf5,pp,20260826,20260924,"00Z,12Z",D1,6h,0.003,0.039,S/D,228,S/D,1.0,0.0,0,S/D,S/D,S/D,0,S/D,S/D,S/D,0,S/D,S/D,S/D,0
472811E4,CHALLACA M,HUANCAVELICA,HUAYTARA,mpas15,pp,20260826,20260924,00Z,D1,6h,0.004,0.046,S/D,116,S/D,1.0,0.0,0,S/D,S/D,S/D,0,S/D,S/D,S/D,0,S/D,S/D,S/D,0
4728F216,CORDOVA,HUANCAVELICA,HUAYTARA,ecmwf,pp,20260826,20260924,"00Z,12Z",D1,6h,0.047,0.167,S/D,214,S/D,1.0,0.0,0,S/D,1.0,0.0,0,S/D,S/D,S/D,0,S/D,S/D,S/D,0
4728F216,CORDOVA,HUANCAVELICA,HUAYTARA,gfs,pp,20260826,20260924,"00Z,12Z",D1,6h,0.024,0.09,S/D,161,S/D,1.0,0.0,0,S/D,S/D,S/D,0,S/D,S/D,S/D,0,S/D,S/D,S/D,0
4728F216,CORDOVA,HUANCAVELICA,HUAYTARA,eta5,pp,20260826,20260924,"00Z,12Z",D1,6h,0.002,0.013,S/D,180,S/D,1.0,0.0,0,S/D,S/D,S/D,0,S/D,S/D,S/D,0,S/D,S/D,S/D,0
4728F216,CORDOVA,HUANCAVELICA,HUAYTARA,wrf5,pp,20260826,20260924,"00Z,12Z",D1,6h,0.011,0.063,S/D,210,S/D,1.0,0.0,0,S/D,S/D,S/D,0,S/D,S/D,S/D,0,S/D,S/D,S/D,0
4728F216,CORDOVA,HUANCAVELICA,HUAYTARA,mpas15,pp,20260826,20260924,00Z,D1,6h,0.042,0.232,S/D,107,S/D,1.0,0.0,0,S/D,1.0,0.0,0,S/D,S/D,S/D,0,S/D,S/D,S/D,0
4728C78C,CUSICANCHA,HUANCAVELICA,HUAYTARA,ecmwf,pp,20260826,20260924,"00Z,12Z",D1,6h,0.241,0.722,-0.01,212,0.0,1.0,0.0,2,0.0,1.0,0.0,2,S/D,S/D,S/D,0,S/D,S/D,S/D,0
4728C78C,CUSICANCHA,HUANCAVELICA,HUAYTARA,gfs,pp,20260826,20260924,"00Z,12Z",D1,6h,0.142,0.455,0.148,158,1.0,0.976,0.024,1,1.0,0.875,0.125,1,S/D,S/D,S/D,0,S/D,S/D,S/D,0
4728C78C,CUSICANCHA,HUANCAVELICA,HUAYTARA,eta5,pp,20260826,20260924,"00Z,12Z",D1,6h,-0.003,0.246,-0.028,177,0.0,1.0,0.0,1,0.0,S/D,0.0,1,S/D,S/D,S/D,0,S/D,S/D,S/D,0
4728C78C,CUSICANCHA,HUANCAVELICA,HUAYTARA,wrf5,pp,20260826,20260924,"00Z,12Z",D1,6h,0.011,0.371,0.126,208,0.5,0.875,0.111,2,0.5,0.75,0.2,2,S/D,S/D,S/D,0,S/D,S/D,S/D,0
4728C78C,CUSICANCHA,HUANCAVELICA,HUAYTARA,mpas15,pp,20260826,20260924,00Z,D1,6h,0.343,1.03,0.008,106,0.0,1.0,0.0,1,0.0,1.0,0.0,1,S/D,1.0,0.0,0,S/D,S/D,S/D,0
213507,RAMADILLAS,HUANCAVELICA,HUAYTARA,ecmwf,pp,20260826,20260924,"00Z,12Z",D1,6h,S/D,S/D,S/D,0,S/D,S/D,S/D,0,S/D,S/D,S/D,0,S/D,S/D,S/D,0,S/D,S/D,S/D,0
213507,RAMADILLAS,HUANCAVELICA,HUAYTARA,gfs,pp,20260826,20260924,"00Z,12Z",D1,6h,S/D,S/D,S/D,0,S/D,S/D,S/D,0,S/D,S/D,S/D,0,S/D,S/D,S/D,0,S/D,S/D,S/D,0
213507,RAMADILLAS,HUANCAVELICA,HUAYTARA,eta5,pp,20260826,20260924,"00Z,12Z",D1,6h,S/D,S/D,S/D,0,S/D,S/D,S/D,0,S/D,S/D,S/D,0,S/D,S/D,S/D,0,S/D,S/D,S/D,0
213507,RAMADILLAS,HUANCAVELICA,HUAYTARA,wrf5,pp,20260826,20260924,"00Z,12Z",D1,6h,S/D,S/D,S/D,0,S/D,S/D,S/D,0,S/D,S/D,S/D,0,S/D,S/D,S/D,0,S/D,S/D,S/D,0
213507,RAMADILLAS,HUANCAVELICA,HUAYTARA,mpas15,pp,20260826,20260924,00Z,D1,6h,S/D,S/D,S/D,0,S/D,S/D,S/D,0,S/D,S/D,S/D,0,S/D,S/D,S/D,0,S/D,S/D,S/D,0
4729131E,SANTIAGO DE CHOCORVOS,HUANCAVELICA,HUAYTARA,ecmwf,pp,20260826,20260924,"00Z,12Z",D1,6h,0.083,0.232,S/D,80,S/D,1.0,0.0,0,S/D,1.0,0.0,0,S/D,S/D,S/D,0,S/D,S/D,S/D,0
4729131E,SANTIAGO DE CHOCORVOS,HUANCAVELICA,HUAYTARA,gfs,pp,20260826,20260924,"00Z,12Z",D1,6h,0.101,0.244,S/D,61,S/D,1.0,0.0,0,S/D,1.0,0.0,0,S/D,S/D,S/D,0,S/D,S/D,S/D,0
4729131E,SANTIAGO DE CHOCORVOS,HUANCAVELICA,HUAYTARA,eta5,pp,20260826,20260924,"00Z,12Z",D1,6h,0.032,0.188,S/D,63,S/D,1.0,0.0,0,S/D,1.0,0.0,0,S/D,S/D,S/D,0,S/D,S/D,S/D,0
4729131E,SANTIAGO DE CHOCORVOS,HUANCAVELICA,HUAYTARA,wrf5,pp,20260826,20260924,"00Z,12Z",D1,6h,0.04,0.193,S/D,80,S/D,1.0,0.0,0,S/D,1.0,0.0,0,S/D,S/D,S/D,0,S/D,S/D,S/D,0
4729131E,SANTIAGO DE CHOCORVOS,HUANCAVELICA,HUAYTARA,mpas15,pp,20260826,20260924,00Z,D1,6h,0.063,0.237,S/D,40,S/D,1.0,0.0,0,S/D,1.0,0.0,0,S/D,S/D,S/D,0,S/D,S/D,S/D,0
112269,COCHABAMBA GRANDE,HUANCAVELICA,TAYACAJA,ecmwf,pp,20260826,20260924,"00Z,12Z",D1,6h,1.603,2.411,S/D,62,S/D,1.0,0.0,0,S/D,1.0,0.0,0,S/D,1.0,0.0,0,S/D,S/D,S/D,0
112269,COCHABAMBA GRANDE,HUANCAVELICA,TAYACAJA,gfs,pp,20260826,20260924,"00Z,12Z",D1,6h,1.314,1.786,S/D,47,S/D,1.0,0.0,0,S/D,1.0,0.0,0,S/D,S/D,S/D,0,S/D,S/D,S/D,0
112269,COCHABAMBA GRANDE,HUANCAVELICA,TAYACAJA,eta5,pp,20260826,20260924,"00Z,12Z",D1,6h,0.057,0.129,S/D,45,S/D,1.0,0.0,0,S/D,S/D,S/D,0,S/D,S/D,S/D,0,S/D,S/D,S/D,0
112269,COCHABAMBA GRANDE,HUANCAVELICA,TAYACAJA,wrf5,pp,20260826,20260924,"00Z,12Z",D1,6h,1.031,2.312,S/D,62,S/D,1.0,0.0,0,S/D,1.0,0.0,0,S/D,1.0,0.0,0,S/D,S/D,S/D,0
112269,COCHABAMBA GRANDE,HUANCAVELICA,TAYACAJA,mpas15,pp,20260826,20260924,00Z,D1,6h,1.419,2.297,S/D,31,S/D,1.0,0.0,0,S/D,1.0,0.0,0,S/D,1.0,0.0,0,S/D,S/D,S/D,0
110146,QUISCA,HUANUCO,AMBO,ecmwf,pp,20260826,20260924,"00Z,12Z",D1,6h,S/D,S/D,S/D,0,S/D,S/D,S/D,0,S/D,S/D,S/D,0,S/D,S/D,S/D,0,S/D,S/D,S/D,0
110146,QUISCA,HUANUCO,AMBO,gfs,pp,20260826,20260924,"00Z,12Z",D1,6h,S/D,S/D,S/D,0,S/D,S/D,S/D,0,S/D,S/D,S/D,0,S/D,S/D,S/D,0,S/D,S/D,S/D,0
110146,QUISCA,HUANUCO,AMBO,eta5,pp,20260826,20260924,"00Z,12Z",D1,6h,S/D,S/D,S/D,0,S/D,S/D,S/D,0,S/D,S/D,S/D,0,S/D,S/D,S/D,0,S/D,S/D,S/D,0
110146,QUISCA,HUANUCO,AMBO,wrf5,pp,20260826,20260924,"00Z,12Z",D1,6h,S/D,S/D,S/D,0,S/D,S/D,S/D,0,S/D,S/D,S/D,0,S/D,S/D,S/D,0,S/D,S/D,S/D,0
110146,QUISCA,HUANUCO,AMBO,mpas15,pp,20260826,20260924,00Z,D1,6h,S/D,S/D,S/D,0,S/D,S/D,S/D,0,S/D,S/D,S/D,0,S/D,S/D,S/D,0,S/D,S/D,S/D,0
47E845FC,CACHICOTO,HUANUCO,HUAMALIES,ecmwf,pp,20260826,20260924,"00Z,12Z",D1,6h,-0.65,6.897,0.284,232,0.826,0.759,0.229,46,0.7,0.745,0.23,20,0.071,0.833,0.053,14,0.0,S/D,0.0,4
47E845FC,CACHICOTO,HUANUCO,HUAMALIES,gfs,pp,20260826,20260924,"00Z,12Z",D1,6h,0.297,5.776,0.239,174,0.818,0.789,0.201,33,0.769,0.872,0.123,13,0.333,0.75,0.167,9,0.0,S/D,0.0,3
47E845FC,CACHICOTO,HUANUCO,HUAMALIES,eta5,pp,20260826,20260924,"00Z,12Z",D1,6h,-0.928,7.438,0.164,197,0.628,0.745,0.221,43,0.579,0.804,0.172,19,0.0,1.0,0.0,13,0.0,S/D,0.0,4
47E845FC,CACHICOTO,HUANUCO,HUAMALIES,wrf5,pp,20260826,20260924,"00Z,12Z",D1,6h,-0.276,7.677,0.161,229,0.356,0.746,0.174,45,0.4,0.795,0.157,20,0.286,0.765,0.148,14,0.0,1.0,0.0,4
47E845FC,CACHICOTO,HUANUCO,HUAMALIES,mpas15,pp,20260826,20260924,00Z,D1,6h,0.682,9.276,0.056,116,0.522,0.75,0.203,23,0.6,0.86,0.128,10,0.429,0.786,0.167,7,0.0,1.0,0.0,2
4720EB14,SAN MARTIN,HUANUCO,HUAMALIES,ecmwf,pp,20260826,20260924,"00Z,12Z",D1,6h,0.246,0.48,0.127,234,0.643,0.914,0.082,14,0.75,0.769,0.214,4,S/D,1.0,0.0,0,S/D,S/D,S/D,0
4720EB14,SAN MARTIN,HUANUCO,HUAMALIES,gfs,pp,20260826,20260924,"00Z,12Z",D1,6h,0.495,1.012,0.115,176,0.727,0.925,0.073,11,0.667,0.939,0.059,3,S/D,1.0,0.0,0,S/D,S/D,S/D,0
4720EB14,SAN MARTIN,HUANUCO,HUAMALIES,eta5,pp,20260826,20260924,"00Z,12Z",D1,6h,0.1,0.514,0.189,199,0.636,0.875,0.117,11,0.0,1.0,0.0,3,S/D,S/D,S/D,0,S/D,S/D,S/D,0
4720EB14,SAN MARTIN,HUANUCO,HUAMALIES,wrf5,pp,20260826,20260924,"00Z,12Z",D1,6h,0.089,0.535,0.211,231,0.286,0.833,0.118,14,0.5,0.846,0.133,4,S/D,S/D,S/D,0,S/D,S/D,S/D,0
4720EB14,SAN MARTIN,HUANUCO,HUAMALIES,mpas15,pp,20260826,20260924,00Z,D1,6h,1.006,1.85,0.224,117,0.714,0.906,0.091,7,1.0,0.959,0.041,2,S/D,1.0,0.0,0,S/D,S/D,S/D,0
472D0552,CHINCHAVITO,HUANUCO,HUANUCO,ecmwf,pp,20260826,20260924,"00Z,12Z",D1,6h,-0.202,4.607,0.311,234,0.733,0.667,0.297,60,0.5,0.628,0.271,32,0.188,0.786,0.111,16,0.0,S/D,0.0,2
472D0552,CHINCHAVITO,HUANUCO,HUANUCO,gfs,pp,20260826,20260924,"00Z,12Z",D1,6h,0.365,4.169,0.197,176,0.773,0.717,0.262,44,0.545,0.838,0.143,22,0.0,1.0,0.0,12,0.0,S/D,0.0,1
472D0552,CHINCHAVITO,HUANUCO,HUANUCO,eta5,pp,20260826,20260924,"00Z,12Z",D1,6h,-0.632,4.679,0.099,199,0.551,0.735,0.218,49,0.429,0.765,0.179,28,0.0,1.0,0.0,15,0.0,S/D,0.0,2
472D0552,CHINCHAVITO,HUANUCO,HUANUCO,wrf5,pp,20260826,20260924,"00Z,12Z",D1,6h,-0.57,4.681,0.16,231,0.417,0.615,0.25,60,0.344,0.645,0.212,32,0.062,0.909,0.038,16,0.0,S/D,0.0,2
472D0552,CHINCHAVITO,HUANUCO,HUANUCO,mpas15,pp,20260826,20260924,00Z,D1,6h,0.997,5.501,0.157,117,0.767,0.617,0.343,30,0.688,0.8,0.183,16,0.125,0.947,0.038,8,0.0,S/D,0.0,1
472B730C,PUENTE TARUCA,HUANUCO,HUANUCO,ecmwf,pp,20260826,20260924,"00Z,12Z",D1,6h,0.685,1.289,0.23,228,0.8,0.879,0.118,20,0.5,0.968,0.031,4,S/D,1.0,0.0,0,S/D,S/D,S/D,0
472B730C,PUENTE TARUCA,HUANUCO,HUANUCO,gfs,pp,20260826,20260924,"00Z,12Z",D1,6h,0.623,1.052,0.326,173,0.938,0.866,0.133,16,0.5,0.957,0.042,4,S/D,S/D,S/D,0,S/D,S/D,S/D,0
472B730C,PUENTE TARUCA,HUANUCO,HUANUCO,eta5,pp,20260826,20260924,"00Z,12Z",D1,6h,0.306,0.763,0.183,194,0.471,0.879,0.107,17,0.0,1.0,0.0,3,S/D,S/D,S/D,0,S/D,S/D,S/D,0
472B730C,PUENTE TARUCA,HUANUCO,HUANUCO,wrf5,pp,20260826,20260924,"00Z,12Z",D1,6h,0.001,0.337,0.231,224,0.25,0.643,0.172,20,0.0,1.0,0.0,4,S/D,S/D,S/D,0,S/D,S/D,S/D,0
472B730C,PUENTE TARUCA,HUANUCO,HUANUCO,mpas15,pp,20260826,20260924,00Z,D1,6h,0.9,1.494,0.181,114,0.9,0.836,0.161,10,1.0,0.956,0.044,2,S/D,1.0,0.0,0,S/D,S/D,S/D,0
110140,JESUS DE LAURICOCHA,HUANUCO,LAURICOCHA,ecmwf,pp,20260826,20260924,"00Z,12Z",D1,6h,0.564,1.432,0.255,240,0.786,0.825,0.167,28,0.625,0.904,0.091,8,S/D,1.0,0.0,0,S/D,S/D,S/D,0
110140,JESUS DE LAURICOCHA,HUANUCO,LAURICOCHA,gfs,pp,20260826,20260924,"00Z,12Z",D1,6h,0.611,1.513,0.361,180,1.0,0.828,0.172,20,0.714,0.861,0.132,7,S/D,1.0,0.0,0,S/D,S/D,S/D,0
110140,JESUS DE LAURICOCHA,HUANUCO,LAURICOCHA,eta5,pp,20260826,20260924,"00Z,12Z",D1,6h,-0.032,0.562,0.317,204,0.444,0.667,0.235,27,0.0,1.0,0.0,8,S/D,S/D,S/D,0,S/D,S/D,S/D,0
110140,JESUS DE LAURICOCHA,HUANUCO,LAURICOCHA,wrf5,pp,20260826,20260924,"00Z,12Z",D1,6h,0.155,0.941,0.364,236,0.393,0.667,0.22,28,0.25,0.857,0.1,8,S/D,1.0,0.0,0,S/D,S/D,S/D,0
110140,JESUS DE LAURICOCHA,HUANUCO,LAURICOCHA,mpas15,pp,20260826,20260924,00Z,D1,6h,0.981,2.458,0.296,120,0.929,0.755,0.241,14,0.75,0.93,0.068,4,S/D,1.0,0.0,0,S/D,S/D,S/D,0
472DA5AA,PUENTE BELLA,HUANUCO,LEONCIO PRADO,ecmwf,pp,20260826,20260924,"00Z,12Z",D1,6h,0.341,2.946,0.319,234,0.719,0.789,0.195,32,0.55,0.761,0.2,20,0.125,0.875,0.067,8,S/D,S/D,S/D,0
472DA5AA,PUENTE BELLA,HUANUCO,LEONCIO PRADO,gfs,pp,20260826,20260924,"00Z,12Z",D1,6h,0.783,2.645,0.418,176,0.957,0.821,0.177,23,0.933,0.778,0.219,15,0.2,0.889,0.077,5,S/D,S/D,S/D,0
472DA5AA,PUENTE BELLA,HUANUCO,LEONCIO PRADO,eta5,pp,20260826,20260924,"00Z,12Z",D1,6h,0.301,2.414,0.177,199,0.714,0.815,0.172,28,0.5,0.857,0.125,18,0.0,S/D,0.0,7,S/D,S/D,S/D,0
472DA5AA,PUENTE BELLA,HUANUCO,LEONCIO PRADO,wrf5,pp,20260826,20260924,"00Z,12Z",D1,6h,0.237,3.313,0.302,231,0.677,0.731,0.239,31,0.35,0.829,0.13,20,0.0,1.0,0.0,8,S/D,S/D,S/D,0
472DA5AA,PUENTE BELLA,HUANUCO,LEONCIO PRADO,mpas15,pp,20260826,20260924,00Z,D1,6h,1.527,5.369,0.114,117,0.625,0.808,0.172,16,0.6,0.87,0.12,10,0.0,1.0,0.0,4,S/D,1.0,0.0,0
47270400,TINGO MARIA,HUANUCO,LEONCIO PRADO,ecmwf,pp,20260826,20260924,"00Z,12Z",D1,6h,0.192,2.661,0.344,232,0.885,0.785,0.209,26,0.5,0.8,0.167,18,0.286,0.5,0.222,14,S/D,S/D,S/D,0
47270400,TINGO MARIA,HUANUCO,LEONCIO PRADO,gfs,pp,20260826,20260924,"00Z,12Z",D1,6h,0.562,2.813,0.267,175,0.9,0.852,0.145,20,0.769,0.833,0.159,13,0.091,0.889,0.053,11,S/D,S/D,S/D,0
47270400,TINGO MARIA,HUANUCO,LEONCIO PRADO,eta5,pp,20260826,20260924,"00Z,12Z",D1,6h,0.013,2.603,0.1,197,0.652,0.86,0.13,23,0.471,0.849,0.129,17,0.0,S/D,0.0,13,S/D,S/D,S/D,0
47270400,TINGO MARIA,HUANUCO,LEONCIO PRADO,wrf5,pp,20260826,20260924,"00Z,12Z",D1,6h,-0.087,2.929,0.134,228,0.375,0.833,0.13,24,0.312,0.762,0.156,16,0.231,0.571,0.176,13,S/D,S/D,S/D,0
47270400,TINGO MARIA,HUANUCO,LEONCIO PRADO,mpas15,pp,20260826,20260924,00Z,D1,6h,1.53,4.577,0.143,116,0.692,0.847,0.143,13,0.667,0.891,0.103,9,0.286,0.867,0.1,7,S/D,1.0,0.0,0
4727A4F8,PUERTO INCA,HUANUCO,PUERTO INCA,ecmwf,pp,20260826,20260924,"00Z,12Z",D1,6h,0.785,3.332,0.357,230,0.95,0.854,0.145,20,1.0,0.864,0.136,8,0.625,0.706,0.25,8,S/D,1.0,0.0,0
4727A4F8,PUERTO INCA,HUANUCO,PUERTO INCA,gfs,pp,20260826,20260924,"00Z,12Z",D1,6h,0.546,3.733,0.388,173,0.933,0.811,0.187,15,1.0,0.838,0.162,6,0.833,0.167,0.714,6,S/D,1.0,0.0,0
4727A4F8,PUERTO INCA,HUANUCO,PUERTO INCA,eta5,pp,20260826,20260924,"00Z,12Z",D1,6h,-0.134,2.94,0.271,196,0.688,0.825,0.162,16,0.571,0.871,0.118,7,0.143,0.667,0.111,7,S/D,S/D,S/D,0
4727A4F8,PUERTO INCA,HUANUCO,PUERTO INCA,wrf5,pp,20260826,20260924,"00Z,12Z",D1,6h,0.033,3.497,0.535,226,0.55,0.45,0.379,20,0.75,0.333,0.545,8,0.5,0.2,0.444,8,S/D,1.0,0.0,0
4727A4F8,PUERTO INCA,HUANUCO,PUERTO INCA,mpas15,pp,20260826,20260924,00Z,D1,6h,0.975,3.31,0.248,115,0.8,0.849,0.145,10,1.0,0.911,0.089,4,0.25,0.889,0.083,4,S/D,S/D,S/D,0
109094,PUCA PUCA,HUANUCO,YAROWILCA,ecmwf,pp,20260826,20260924,"00Z,12Z",D1,6h,0.385,1.304,0.31,218,0.85,0.844,0.152,20,0.667,0.915,0.082,6,0.0,S/D,0.0,2,S/D,S/D,S/D,0
109094,PUCA PUCA,HUANUCO,YAROWILCA,gfs,pp,20260826,20260924,"00Z,12Z",D1,6h,0.506,1.109,0.25,161,0.933,0.857,0.141,15,0.6,0.909,0.086,5,1.0,0.0,1.0,2,S/D,S/D,S/D,0
109094,PUCA PUCA,HUANUCO,YAROWILCA,eta5,pp,20260826,20260924,"00Z,12Z",D1,6h,-0.182,1.336,0.174,185,0.25,0.773,0.135,20,0.0,S/D,0.0,6,0.0,S/D,0.0,2,S/D,S/D,S/D,0
109094,PUCA PUCA,HUANUCO,YAROWILCA,wrf5,pp,20260826,20260924,"00Z,12Z",D1,6h,0.089,0.742,0.292,215,0.368,0.816,0.14,19,0.333,0.833,0.125,6,1.0,0.0,1.0,2,S/D,S/D,S/D,0
109094,PUCA PUCA,HUANUCO,YAROWILCA,mpas15,pp,20260826,20260924,00Z,D1,6h,0.713,1.471,0.267,109,0.8,0.818,0.174,10,1.0,0.923,0.077,3,1.0,0.5,0.5,1,S/D,S/D,S/D,0
4728A26A,CONTA M,ICA,CHINCHA,ecmwf,pp,20260826,20260924,"00Z,12Z",D1,6h,-0.987,4.034,0.412,156,0.0,S/D,0.0,10,0.0,S/D,0.0,10,0.0,S/D,0.0,10,S/D,S/D,S/D,0
4728A26A,CONTA M,ICA,CHINCHA,gfs,pp,20260826,20260924,"00Z,12Z",D1,6h,-0.659,3.297,S/D,117,0.0,S/D,0.0,5,0.0,S/D,0.0,5,0.0,S/D,0.0,5,S/D,S/D,S/D,0
4728A26A,CONTA M,ICA,CHINCHA,eta5,pp,20260826,20260924,"00Z,12Z",D1,6h,-0.97,4.054,-0.022,131,0.0,S/D,0.0,8,0.0,S/D,0.0,8,0.0,S/D,0.0,8,S/D,S/D,S/D,0
4728A26A,CONTA M,ICA,CHINCHA,wrf5,pp,20260826,20260924,"00Z,12Z",D1,6h,-1.001,4.077,0.0,153,0.0,1.0,0.0,10,0.0,S/D,0.0,10,0.0,S/D,0.0,10,S/D,S/D,S/D,0
4728A26A,CONTA M,ICA,CHINCHA,mpas15,pp,20260826,20260924,00Z,D1,6h,-0.988,4.038,-0.126,78,0.0,S/D,0.0,5,0.0,S/D,0.0,5,0.0,S/D,0.0,5,S/D,S/D,S/D,0
4728B11C,FONAGRO,ICA,CHINCHA,ecmwf,pp,20260826,20260924,"00Z,12Z",D1,6h,0.005,0.012,S/D,232,S/D,S/D,S/D,0,S/D,S/D,S/D,0,S/D,S/D,S/D,0,S/D,S/D,S/D,0
4728B11C,FONAGRO,ICA,CHINCHA,gfs,pp,20260826,20260924,"00Z,12Z",D1,6h,0.008,0.024,S/D,174,S/D,1.0,0.0,0,S/D,S/D,S/D,0,S/D,S/D,S/D,0,S/D,S/D,S/D,0
4728B11C,FONAGRO,ICA,CHINCHA,eta5,pp,20260826,20260924,"00Z,12Z",D1,6h,0.002,0.005,S/D,197,S/D,S/D,S/D,0,S/D,S/D,S/D,0,S/D,S/D,S/D,0,S/D,S/D,S/D,0
4728B11C,FONAGRO,ICA,CHINCHA,wrf5,pp,20260826,20260924,"00Z,12Z",D1,6h,0.005,0.017,S/D,229,S/D,1.0,0.0,0,S/D,S/D,S/D,0,S/D,S/D,S/D,0,S/D,S/D,S/D,0
4728B11C,FONAGRO,ICA,CHINCHA,mpas15,pp,20260826,20260924,00Z,D1,6h,0.0,0.0,S/D,116,S/D,S/D,S/D,0,S/D,S/D,S/D,0,S/D,S/D,S/D,0,S/D,S/D,S/D,0
4728E160,SAN PEDRO DE HUACARPANA,ICA,CHINCHA,ecmwf,pp,20260826,20260924,"00Z,12Z",D1,6h,0.286,0.686,S/D,208,S/D,1.0,0.0,0,S/D,1.0,0.0,0,S/D,S/D,S/D,0,S/D,S/D,S/D,0
4728E160,SAN PEDRO DE HUACARPANA,ICA,CHINCHA,gfs,pp,20260826,20260924,"00Z,12Z",D1,6h,0.217,0.53,S/D,154,S/D,1.0,0.0,0,S/D,1.0,0.0,0,S/D,S/D,S/D,0,S/D,S/D,S/D,0
4728E160,SAN PEDRO DE HUACARPANA,ICA,CHINCHA,eta5,pp,20260826,20260924,"00Z,12Z",D1,6h,0.014,0.086,S/D,176,S/D,1.0,0.0,0,S/D,S/D,S/D,0,S/D,S/D,S/D,0,S/D,S/D,S/D,0
4728E160,SAN PEDRO DE HUACARPANA,ICA,CHINCHA,wrf5,pp,20260826,20260924,"00Z,12Z",D1,6h,0.079,0.353,S/D,204,S/D,1.0,0.0,0,S/D,1.0,0.0,0,S/D,S/D,S/D,0,S/D,S/D,S/D,0
4728E160,SAN PEDRO DE HUACARPANA,ICA,CHINCHA,mpas15,pp,20260826,20260924,00Z,D1,6h,0.273,0.676,S/D,104,S/D,1.0,0.0,0,S/D,1.0,0.0,0,S/D,S/D,S/D,0,S/D,S/D,S/D,0
472A446C,BETA SANTIAGO,ICA,ICA,ecmwf,pp,20260826,20260924,"00Z,12Z",D1,6h,0.0,0.012,0.289,180,0.25,0.0,0.25,4,S/D,S/D,S/D,0,S/D,S/D,S/D,0,S/D,S/D,S/D,0
472A446C,BETA SANTIAGO,ICA,ICA,gfs,pp,20260826,20260924,"00Z,12Z",D1,6h,-0.002,0.013,S/D,124,0.0,S/D,0.0,2,S/D,S/D,S/D,0,S/D,S/D,S/D,0,S/D,S/D,S/D,0
472A446C,BETA SANTIAGO,ICA,ICA,eta5,pp,20260826,20260924,"00Z,12Z",D1,6h,-0.001,0.011,S/D,152,0.0,S/D,0.0,2,S/D,S/D,S/D,0,S/D,S/D,S/D,0,S/D,S/D,S/D,0
472A446C,BETA SANTIAGO,ICA,ICA,wrf5,pp,20260826,20260924,"00Z,12Z",D1,6h,-0.002,0.015,0.143,177,0.0,S/D,0.0,4,S/D,S/D,S/D,0,S/D,S/D,S/D,0,S/D,S/D,S/D,0
472A446C,BETA SANTIAGO,ICA,ICA,mpas15,pp,20260826,20260924,00Z,D1,6h,-0.002,0.015,0.076,90,0.0,S/D,0.0,2,S/D,S/D,S/D,0,S/D,S/D,S/D,0,S/D,S/D,S/D,0
213503,HUAMANI EL TAMBO,ICA,ICA,ecmwf,pp,20260826,20260924,"00Z,12Z",D1,6h,S/D,S/D,S/D,0,S/D,S/D,S/D,0,S/D,S/D,S/D,0,S/D,S/D,S/D,0,S/D,S/D,S/D,0
213503,HUAMANI EL TAMBO,ICA,ICA,gfs,pp,20260826,20260924,"00Z,12Z",D1,6h,S/D,S/D,S/D,0,S/D,S/D,S/D,0,S/D,S/D,S/D,0,S/D,S/D,S/D,0,S/D,S/D,S/D,0
213503,HUAMANI EL TAMBO,ICA,ICA,eta5,pp,20260826,20260924,"00Z,12Z",D1,6h,S/D,S/D,S/D,0,S/D,S/D,S/D,0,S/D,S/D,S/D,0,S/D,S/D,S/D,0,S/D,S/D,S/D,0
213503,HUAMANI EL TAMBO,ICA,ICA,wrf5,pp,20260826,20260924,"00Z,12Z",D1,6h,S/D,S/D,S/D,0,S/D,S/D,S/D,0,S/D,S/D,S/D,0,S/D,S/D,S/D,0,S/D,S/D,S/D,0
213503,HUAMANI EL TAMBO,ICA,ICA,mpas15,pp,20260826,20260924,00Z,D1,6h,S/D,S/D,S/D,0,S/D,S/D,S/D,0,S/D,S/D,S/D,0,S/D,S/D,S/D,0,S/D,S/D,S/D,0
213506,LOS MOLINOS,ICA,ICA,ecmwf,pp,20260826,20260924,"00Z,12Z",D1,6h,S/D,S/D,S/D,0,S/D,S/D,S/D,0,S/D,S/D,S/D,0,S/D,S/D,S/D,0,S/D,S/D,S/D,0
213506,LOS MOLINOS,ICA,ICA,gfs,pp,20260826,20260924,"00Z,12Z",D1,6h,S/D,S/D,S/D,0,S/D,S/D,S/D,0,S/D,S/D,S/D,0,S/D,S/D,S/D,0,S/D,S/D,S/D,0
213506,LOS MOLINOS,ICA,ICA,eta5,pp,20260826,20260924,"00Z,12Z",D1,6h,S/D,S/D,S/D,0,S/D,S/D,S/D,0,S/D,S/D,S/D,0,S/D,S/D,S/D,0,S/D,S/D,S/D,0
213506,LOS MOLINOS,ICA,ICA,wrf5,pp,20260826,20260924,"00Z,12Z",D1,6h,S/D,S/D,S/D,0,S/D,S/D,S/D,0,S/D,S/D,S/D,0,S/D,S/D,S/D,0,S/D,S/D,S/D,0
213506,LOS MOLINOS,ICA,ICA,mpas15,pp,20260826,20260924,00Z,D1,6h,S/D,S/D,S/D,0,S/D,S/D,S/D,0,S/D,S/D,S/D,0,S/D,S/D,S/D,0,S/D,S/D,S/D,0
114139,COPARA,ICA,NASCA,ecmwf,pp,20260826,20260924,"00Z,12Z",D1,6h,0.0,0.0,S/D,2,S/D,S/D,S/D,0,S/D,S/D,S/D,0,S/D,S/D,S/D,0,S/D,S/D,S/D,0
114139,COPARA,ICA,NASCA,gfs,pp,20260826,20260924,"00Z,12Z",D1,6h,0.0,0.0,S/D,1,S/D,S/D,S/D,0,S/D,S/D,S/D,0,S/D,S/D,S/D,0,S/D,S/D,S/D,0
114139,COPARA,ICA,NASCA,eta5,pp,20260826,20260924,"00Z,12Z",D1,6h,0.0,0.0,S/D,2,S/D,S/D,S/D,0,S/D,S/D,S/D,0,S/D,S/D,S/D,0,S/D,S/D,S/D,0
114139,COPARA,ICA,NASCA,wrf5,pp,20260826,20260924,"00Z,12Z",D1,6h,0.0,0.0,S/D,2,S/D,S/D,S/D,0,S/D,S/D,S/D,0,S/D,S/D,S/D,0,S/D,S/D,S/D,0
114139,COPARA,ICA,NASCA,mpas15,pp,20260826,20260924,00Z,D1,6h,0.0,0.0,S/D,1,S/D,S/D,S/D,0,S/D,S/D,S/D,0,S/D,S/D,S/D,0,S/D,S/D,S/D,0
114136,PALPA,ICA,PALPA,ecmwf,pp,20260826,20260924,"00Z,12Z",D1,6h,S/D,S/D,S/D,0,S/D,S/D,S/D,0,S/D,S/D,S/D,0,S/D,S/D,S/D,0,S/D,S/D,S/D,0
114136,PALPA,ICA,PALPA,gfs,pp,20260826,20260924,"00Z,12Z",D1,6h,S/D,S/D,S/D,0,S/D,S/D,S/D,0,S/D,S/D,S/D,0,S/D,S/D,S/D,0,S/D,S/D,S/D,0
114136,PALPA,ICA,PALPA,eta5,pp,20260826,20260924,"00Z,12Z",D1,6h,S/D,S/D,S/D,0,S/D,S/D,S/D,0,S/D,S/D,S/D,0,S/D,S/D,S/D,0,S/D,S/D,S/D,0
114136,PALPA,ICA,PALPA,wrf5,pp,20260826,20260924,"00Z,12Z",D1,6h,S/D,S/D,S/D,0,S/D,S/D,S/D,0,S/D,S/D,S/D,0,S/D,S/D,S/D,0,S/D,S/D,S/D,0
114136,PALPA,ICA,PALPA,mpas15,pp,20260826,20260924,00Z,D1,6h,S/D,S/D,S/D,0,S/D,S/D,S/D,0,S/D,S/D,S/D,0,S/D,S/D,S/D,0,S/D,S/D,S/D,0
114140,PAMPA BLANCA,ICA,PALPA,ecmwf,pp,20260826,20260924,"00Z,12Z",D1,6h,0.24,0.506,S/D,8,S/D,1.0,0.0,0,S/D,1.0,0.0,0,S/D,S/D,S/D,0,S/D,S/D,S/D,0
114140,PAMPA BLANCA,ICA,PALPA,gfs,pp,20260826,20260924,"00Z,12Z",D1,6h,0.018,0.033,S/D,7,S/D,S/D,S/D,0,S/D,S/D,S/D,0,S/D,S/D,S/D,0,S/D,S/D,S/D,0
114140,PAMPA BLANCA,ICA,PALPA,eta5,pp,20260826,20260924,"00Z,12Z",D1,6h,0.0,0.0,S/D,6,S/D,S/D,S/D,0,S/D,S/D,S/D,0,S/D,S/D,S/D,0,S/D,S/D,S/D,0
114140,PAMPA BLANCA,ICA,PALPA,wrf5,pp,20260826,20260924,"00Z,12Z",D1,6h,0.005,0.014,S/D,8,S/D,S/D,S/D,0,S/D,S/D,S/D,0,S/D,S/D,S/D,0,S/D,S/D,S/D,0
114140,PAMPA BLANCA,ICA,PALPA,mpas15,pp,20260826,20260924,00Z,D1,6h,0.0,0.0,S/D,4,S/D,S/D,S/D,0,S/D,S/D,S/D,0,S/D,S/D,S/D,0,S/D,S/D,S/D,0
213403,LETRAYOC,ICA,PISCO,ecmwf,pp,20260826,20260924,"00Z,12Z",D1,6h,S/D,S/D,S/D,0,S/D,S/D,S/D,0,S/D,S/D,S/D,0,S/D,S/D,S/D,0,S/D,S/D,S/D,0
213403,LETRAYOC,ICA,PISCO,gfs,pp,20260826,20260924,"00Z,12Z",D1,6h,S/D,S/D,S/D,0,S/D,S/D,S/D,0,S/D,S/D,S/D,0,S/D,S/D,S/D,0,S/D,S/D,S/D,0
213403,LETRAYOC,ICA,PISCO,eta5,pp,20260826,20260924,"00Z,12Z",D1,6h,S/D,S/D,S/D,0,S/D,S/D,S/D,0,S/D,S/D,S/D,0,S/D,S/D,S/D,0,S/D,S/D,S/D,0
213403,LETRAYOC,ICA,PISCO,wrf5,pp,20260826,20260924,"00Z,12Z",D1,6h,S/D,S/D,S/D,0,S/D,S/D,S/D,0,S/D,S/D,S/D,0,S/D,S/D,S/D,0,S/D,S/D,S/D,0
213403,LETRAYOC,ICA,PISCO,mpas15,pp,20260826,20260924,00Z,D1,6h,S/D,S/D,S/D,0,S/D,S/D,S/D,0,S/D,S/D,S/D,0,S/D,S/D,S/D,0,S/D,S/D,S/D,0
472DF5D6,HUAYTAPALLANA,JUNIN,HUANCAYO,ecmwf,pp,20260826,20260924,"00Z,12Z",D1,6h,0.736,1.728,0.367,226,0.9,0.721,0.271,40,0.5,0.933,0.062,10,0.0,1.0,0.0,2,S/D,S/D,S/D,0
472DF5D6,HUAYTAPALLANA,JUNIN,HUANCAYO,gfs,pp,20260826,20260924,"00Z,12Z",D1,6h,1.069,1.99,0.404,169,1.0,0.785,0.215,28,0.6,0.957,0.042,5,0.0,1.0,0.0,1,S/D,S/D,S/D,0
472DF5D6,HUAYTAPALLANA,JUNIN,HUANCAYO,eta5,pp,20260826,20260924,"00Z,12Z",D1,6h,-0.179,1.099,0.402,191,0.314,0.312,0.275,35,0.0,1.0,0.0,8,0.0,S/D,0.0,2,S/D,S/D,S/D,0
472DF5D6,HUAYTAPALLANA,JUNIN,HUANCAYO,wrf5,pp,20260826,20260924,"00Z,12Z",D1,6h,0.361,1.752,0.404,223,0.7,0.588,0.35,40,0.3,0.914,0.071,10,0.0,1.0,0.0,2,S/D,S/D,S/D,0
472DF5D6,HUAYTAPALLANA,JUNIN,HUANCAYO,mpas15,pp,20260826,20260924,00Z,D1,6h,0.67,1.931,0.289,113,0.75,0.688,0.283,20,0.4,0.946,0.05,5,0.0,1.0,0.0,1,S/D,S/D,S/D,0
111288,CHACAPALPA,JUNIN,JAUJA,ecmwf,pp,20260826,20260924,"00Z,12Z",D1,6h,S/D,S/D,S/D,0,S/D,S/D,S/D,0,S/D,S/D,S/D,0,S/D,S/D,S/D,0,S/D,S/D,S/D,0
111288,CHACAPALPA,JUNIN,JAUJA,gfs,pp,20260826,20260924,"00Z,12Z",D1,6h,S/D,S/D,S/D,0,S/D,S/D,S/D,0,S/D,S/D,S/D,0,S/D,S/D,S/D,0,S/D,S/D,S/D,0
111288,CHACAPALPA,JUNIN,JAUJA,eta5,pp,20260826,20260924,"00Z,12Z",D1,6h,S/D,S/D,S/D,0,S/D,S/D,S/D,0,S/D,S/D,S/D,0,S/D,S/D,S/D,0,S/D,S/D,S/D,0
111288,CHACAPALPA,JUNIN,JAUJA,wrf5,pp,20260826,20260924,"00Z,12Z",D1,6h,S/D,S/D,S/D,0,S/D,S/D,S/D,0,S/D,S/D,S/D,0,S/D,S/D,S/D,0,S/D,S/D,S/D,0
111288,CHACAPALPA,JUNIN,JAUJA,mpas15,pp,20260826,20260924,00Z,D1,6h,S/D,S/D,S/D,0,S/D,S/D,S/D,0,S/D,S/D,S/D,0,S/D,S/D,S/D,0,S/D,S/D,S/D,0
111299,POTSOTENI,JUNIN,SATIPO,ecmwf,pp,20260826,20260924,"00Z,12Z",D1,6h,1.314,2.301,0.129,234,0.938,0.914,0.085,16,0.667,0.958,0.041,6,S/D,1.0,0.0,0,S/D,S/D,S/D,0
111299,POTSOTENI,JUNIN,SATIPO,gfs,pp,20260826,20260924,"00Z,12Z",D1,6h,1.028,1.978,0.093,176,0.667,0.913,0.083,12,0.667,0.962,0.037,3,S/D,1.0,0.0,0,S/D,S/D,S/D,0
111299,POTSOTENI,JUNIN,SATIPO,eta5,pp,20260826,20260924,"00Z,12Z",D1,6h,0.572,1.143,0.169,199,0.75,0.87,0.125,16,0.833,0.902,0.096,6,S/D,S/D,S/D,0,S/D,S/D,S/D,0
111299,POTSOTENI,JUNIN,SATIPO,wrf5,pp,20260826,20260924,"00Z,12Z",D1,6h,0.392,2.5,0.202,231,0.438,0.8,0.159,16,0.167,0.923,0.056,6,S/D,1.0,0.0,0,S/D,1.0,0.0,0
111299,POTSOTENI,JUNIN,SATIPO,mpas15,pp,20260826,20260924,00Z,D1,6h,1.011,2.149,0.068,117,0.5,0.92,0.074,8,0.333,0.976,0.023,3,S/D,1.0,0.0,0,S/D,S/D,S/D,0
4725C4EA,SATIPO,JUNIN,SATIPO,ecmwf,pp,20260826,20260924,"00Z,12Z",D1,6h,-0.314,4.676,0.424,236,0.969,0.763,0.235,32,0.708,0.707,0.262,24,0.143,0.75,0.1,14,0.0,S/D,0.0,2
4725C4EA,SATIPO,JUNIN,SATIPO,gfs,pp,20260826,20260924,"00Z,12Z",D1,6h,-0.191,5.208,0.314,177,0.88,0.766,0.227,25,0.526,0.808,0.164,19,0.182,0.846,0.091,11,0.0,S/D,0.0,2
4725C4EA,SATIPO,JUNIN,SATIPO,eta5,pp,20260826,20260924,"00Z,12Z",D1,6h,-0.684,5.239,0.086,201,0.667,0.802,0.18,30,0.217,0.898,0.075,23,0.0,1.0,0.0,14,0.0,S/D,0.0,2
4725C4EA,SATIPO,JUNIN,SATIPO,wrf5,pp,20260826,20260924,"00Z,12Z",D1,6h,-0.603,5.64,0.239,232,0.5,0.686,0.239,32,0.25,0.739,0.146,24,0.0,1.0,0.0,14,0.0,1.0,0.0,2
4725C4EA,SATIPO,JUNIN,SATIPO,mpas15,pp,20260826,20260924,00Z,D1,6h,0.764,4.805,0.334,118,1.0,0.778,0.222,16,0.833,0.831,0.164,12,0.429,0.8,0.158,7,0.0,S/D,0.0,1
47257764,TARMA,JUNIN,TARMA,ecmwf,pp,20260826,20260924,"00Z,12Z",D1,6h,0.314,0.76,0.433,222,0.885,0.765,0.228,26,0.9,0.667,0.321,10,0.5,0.667,0.25,2,S/D,S/D,S/D,0
47257764,TARMA,JUNIN,TARMA,gfs,pp,20260826,20260924,"00Z,12Z",D1,6h,0.64,1.537,0.433,165,0.9,0.818,0.178,20,0.8,0.714,0.267,10,1.0,0.75,0.25,2,S/D,S/D,S/D,0
47257764,TARMA,JUNIN,TARMA,eta5,pp,20260826,20260924,"00Z,12Z",D1,6h,0.135,0.955,0.114,190,0.538,0.835,0.144,26,0.0,1.0,0.0,10,0.0,S/D,0.0,2,S/D,S/D,S/D,0
47257764,TARMA,JUNIN,TARMA,wrf5,pp,20260826,20260924,"00Z,12Z",D1,6h,0.04,0.807,0.386,218,0.56,0.548,0.333,25,0.444,0.692,0.222,9,0.0,1.0,0.0,2,S/D,S/D,S/D,0
47257764,TARMA,JUNIN,TARMA,mpas15,pp,20260826,20260924,00Z,D1,6h,0.453,1.143,0.268,111,0.769,0.767,0.217,13,1.0,0.848,0.152,5,0.0,1.0,0.0,1,S/D,S/D,S/D,0
472D9030,MARCAPOMACOCHA,JUNIN,YAULI,ecmwf,pp,20260826,20260924,"00Z,12Z",D1,6h,0.622,1.418,0.502,234,0.914,0.54,0.441,70,0.667,0.803,0.179,18,S/D,1.0,0.0,0,S/D,S/D,S/D,0
472D9030,MARCAPOMACOCHA,JUNIN,YAULI,gfs,pp,20260826,20260924,"00Z,12Z",D1,6h,1.014,2.33,0.439,176,0.811,0.533,0.422,53,0.714,0.811,0.175,14,S/D,1.0,0.0,0,S/D,S/D,S/D,0
472D9030,MARCAPOMACOCHA,JUNIN,YAULI,eta5,pp,20260826,20260924,"00Z,12Z",D1,6h,-0.119,0.585,0.453,199,0.439,0.341,0.358,66,0.0,S/D,0.0,18,S/D,S/D,S/D,0,S/D,S/D,S/D,0
472D9030,MARCAPOMACOCHA,JUNIN,YAULI,wrf5,pp,20260826,20260924,"00Z,12Z",D1,6h,0.706,2.562,0.452,231,0.565,0.48,0.371,69,0.706,0.676,0.286,17,S/D,1.0,0.0,0,S/D,1.0,0.0,0
472D9030,MARCAPOMACOCHA,JUNIN,YAULI,mpas15,pp,20260826,20260924,00Z,D1,6h,0.999,2.916,0.347,117,0.686,0.5,0.407,35,0.556,0.865,0.122,9,S/D,1.0,0.0,0,S/D,S/D,S/D,0
472D30C8,CASAGRANDE,LA LIBERTAD,ASCOPE,ecmwf,pp,20260826,20260924,"00Z,12Z",D1,6h,-0.037,0.486,0.025,230,0.0,1.0,0.0,4,0.0,S/D,0.0,2,0.0,S/D,0.0,2,S/D,S/D,S/D,0
472D30C8,CASAGRANDE,LA LIBERTAD,ASCOPE,gfs,pp,20260826,20260924,"00Z,12Z",D1,6h,-0.06,0.559,-0.017,173,0.0,1.0,0.0,4,0.0,S/D,0.0,2,0.0,S/D,0.0,2,S/D,S/D,S/D,0
472D30C8,CASAGRANDE,LA LIBERTAD,ASCOPE,eta5,pp,20260826,20260924,"00Z,12Z",D1,6h,-0.048,0.527,0.108,195,0.0,1.0,0.0,4,0.0,S/D,0.0,2,0.0,S/D,0.0,2,S/D,S/D,S/D,0
472D30C8,CASAGRANDE,LA LIBERTAD,ASCOPE,wrf5,pp,20260826,20260924,"00Z,12Z",D1,6h,-0.044,0.488,0.164,227,0.0,S/D,0.0,4,0.0,S/D,0.0,2,0.0,S/D,0.0,2,S/D,S/D,S/D,0
472D30C8,CASAGRANDE,LA LIBERTAD,ASCOPE,mpas15,pp,20260826,20260924,00Z,D1,6h,-0.042,0.487,-0.121,115,0.0,1.0,0.0,2,0.0,S/D,0.0,1,0.0,S/D,0.0,1,S/D,S/D,S/D,0
211001,SALINAR,LA LIBERTAD,ASCOPE,ecmwf,pp,20260826,20260924,"00Z,12Z",D1,6h,0.009,0.029,S/D,230,S/D,1.0,0.0,0,S/D,S/D,S/D,0,S/D,S/D,S/D,0,S/D,S/D,S/D,0
211001,SALINAR,LA LIBERTAD,ASCOPE,gfs,pp,20260826,20260924,"00Z,12Z",D1,6h,0.001,0.008,S/D,172,S/D,S/D,S/D,0,S/D,S/D,S/D,0,S/D,S/D,S/D,0,S/D,S/D,S/D,0
211001,SALINAR,LA LIBERTAD,ASCOPE,eta5,pp,20260826,20260924,"00Z,12Z",D1,6h,0.007,0.033,S/D,195,S/D,1.0,0.0,0,S/D,S/D,S/D,0,S/D,S/D,S/D,0,S/D,S/D,S/D,0
211001,SALINAR,LA LIBERTAD,ASCOPE,wrf5,pp,20260826,20260924,"00Z,12Z",D1,6h,0.002,0.01,S/D,227,S/D,1.0,0.0,0,S/D,S/D,S/D,0,S/D,S/D,S/D,0,S/D,S/D,S/D,0
211001,SALINAR,LA LIBERTAD,ASCOPE,mpas15,pp,20260826,20260924,00Z,D1,6h,0.0,0.0,S/D,115,S/D,S/D,S/D,0,S/D,S/D,S/D,0,S/D,S/D,S/D,0,S/D,S/D,S/D,0
472EA2A4,CASCAS,LA LIBERTAD,GRAN CHIMU,ecmwf,pp,20260826,20260924,"00Z,12Z",D1,6h,0.39,1.283,0.144,234,1.0,0.979,0.021,2,S/D,1.0,0.0,0,S/D,1.0,0.0,0,S/D,S/D,S/D,0
472EA2A4,CASCAS,LA LIBERTAD,GRAN CHIMU,gfs,pp,20260826,20260924,"00Z,12Z",D1,6h,0.185,0.432,-0.1,176,0.0,1.0,0.0,2,S/D,1.0,0.0,0,S/D,S/D,S/D,0,S/D,S/D,S/D,0
472EA2A4,CASCAS,LA LIBERTAD,GRAN CHIMU,eta5,pp,20260826,20260924,"00Z,12Z",D1,6h,0.074,0.226,-0.058,199,0.0,1.0,0.0,2,S/D,1.0,0.0,0,S/D,S/D,S/D,0,S/D,S/D,S/D,0
472EA2A4,CASCAS,LA LIBERTAD,GRAN CHIMU,wrf5,pp,20260826,20260924,"00Z,12Z",D1,6h,0.008,0.041,0.129,231,0.0,1.0,0.0,2,S/D,S/D,S/D,0,S/D,S/D,S/D,0,S/D,S/D,S/D,0
472EA2A4,CASCAS,LA LIBERTAD,GRAN CHIMU,mpas15,pp,20260826,20260924,00Z,D1,6h,0.427,1.277,0.156,117,1.0,0.955,0.045,1,S/D,1.0,0.0,0,S/D,1.0,0.0,0,S/D,S/D,S/D,0
47E0A2A8,EL TAMBO,LA LIBERTAD,GRAN CHIMU,ecmwf,pp,20260826,20260924,"00Z,12Z",D1,6h,0.383,1.29,S/D,230,S/D,1.0,0.0,0,S/D,1.0,0.0,0,S/D,1.0,0.0,0,S/D,S/D,S/D,0
47E0A2A8,EL TAMBO,LA LIBERTAD,GRAN CHIMU,gfs,pp,20260826,20260924,"00Z,12Z",D1,6h,0.19,0.436,S/D,174,S/D,1.0,0.0,0,S/D,1.0,0.0,0,S/D,S/D,S/D,0,S/D,S/D,S/D,0
47E0A2A8,EL TAMBO,LA LIBERTAD,GRAN CHIMU,eta5,pp,20260826,20260924,"00Z,12Z",D1,6h,0.143,0.403,S/D,195,S/D,1.0,0.0,0,S/D,1.0,0.0,0,S/D,S/D,S/D,0,S/D,S/D,S/D,0
47E0A2A8,EL TAMBO,LA LIBERTAD,GRAN CHIMU,wrf5,pp,20260826,20260924,"00Z,12Z",D1,6h,0.014,0.117,S/D,226,S/D,1.0,0.0,0,S/D,1.0,0.0,0,S/D,S/D,S/D,0,S/D,S/D,S/D,0
47E0A2A8,EL TAMBO,LA LIBERTAD,GRAN CHIMU,mpas15,pp,20260826,20260924,00Z,D1,6h,0.317,1.062,S/D,115,S/D,1.0,0.0,0,S/D,1.0,0.0,0,S/D,1.0,0.0,0,S/D,S/D,S/D,0
472D552E,LUCMA,LA LIBERTAD,GRAN CHIMU,ecmwf,pp,20260826,20260924,"00Z,12Z",D1,6h,0.256,0.781,S/D,230,S/D,1.0,0.0,0,S/D,1.0,0.0,0,S/D,1.0,0.0,0,S/D,S/D,S/D,0
472D552E,LUCMA,LA LIBERTAD,GRAN CHIMU,gfs,pp,20260826,20260924,"00Z,12Z",D1,6h,0.4,0.897,S/D,172,S/D,1.0,0.0,0,S/D,1.0,0.0,0,S/D,1.0,0.0,0,S/D,S/D,S/D,0
472D552E,LUCMA,LA LIBERTAD,GRAN CHIMU,eta5,pp,20260826,20260924,"00Z,12Z",D1,6h,0.042,0.118,S/D,195,S/D,1.0,0.0,0,S/D,S/D,S/D,0,S/D,S/D,S/D,0,S/D,S/D,S/D,0
472D552E,LUCMA,LA LIBERTAD,GRAN CHIMU,wrf5,pp,20260826,20260924,"00Z,12Z",D1,6h,0.008,0.06,S/D,227,S/D,1.0,0.0,0,S/D,S/D,S/D,0,S/D,S/D,S/D,0,S/D,S/D,S/D,0
472D552E,LUCMA,LA LIBERTAD,GRAN CHIMU,mpas15,pp,20260826,20260924,00Z,D1,6h,0.572,1.433,S/D,115,S/D,1.0,0.0,0,S/D,1.0,0.0,0,S/D,1.0,0.0,0,S/D,S/D,S/D,0
472CC2B6,MARMOT,LA LIBERTAD,GRAN CHIMU,ecmwf,pp,20260826,20260924,"00Z,12Z",D1,6h,S/D,S/D,S/D,0,S/D,S/D,S/D,0,S/D,S/D,S/D,0,S/D,S/D,S/D,0,S/D,S/D,S/D,0
472CC2B6,MARMOT,LA LIBERTAD,GRAN CHIMU,gfs,pp,20260826,20260924,"00Z,12Z",D1,6h,S/D,S/D,S/D,0,S/D,S/D,S/D,0,S/D,S/D,S/D,0,S/D,S/D,S/D,0,S/D,S/D,S/D,0
472CC2B6,MARMOT,LA LIBERTAD,GRAN CHIMU,eta5,pp,20260826,20260924,"00Z,12Z",D1,6h,S/D,S/D,S/D,0,S/D,S/D,S/D,0,S/D,S/D,S/D,0,S/D,S/D,S/D,0,S/D,S/D,S/D,0
472CC2B6,MARMOT,LA LIBERTAD,GRAN CHIMU,wrf5,pp,20260826,20260924,"00Z,12Z",D1,6h,S/D,S/D,S/D,0,S/D,S/D,S/D,0,S/D,S/D,S/D,0,S/D,S/D,S/D,0,S/D,S/D,S/D,0
472CC2B6,MARMOT,LA LIBERTAD,GRAN CHIMU,mpas15,pp,20260826,20260924,00Z,D1,6h,S/D,S/D,S/D,0,S/D,S/D,S/D,0,S/D,S/D,S/D,0,S/D,S/D,S/D,0,S/D,S/D,S/D,0
472E5220,PUENTE PALMIRA,LA LIBERTAD,GRAN CHIMU,ecmwf,pp,20260826,20260924,"00Z,12Z",D1,6h,0.391,1.284,S/D,234,S/D,1.0,0.0,0,S/D,1.0,0.0,0,S/D,1.0,0.0,0,S/D,S/D,S/D,0
472E5220,PUENTE PALMIRA,LA LIBERTAD,GRAN CHIMU,gfs,pp,20260826,20260924,"00Z,12Z",D1,6h,0.186,0.432,S/D,176,S/D,1.0,0.0,0,S/D,1.0,0.0,0,S/D,S/D,S/D,0,S/D,S/D,S/D,0
472E5220,PUENTE PALMIRA,LA LIBERTAD,GRAN CHIMU,eta5,pp,20260826,20260924,"00Z,12Z",D1,6h,0.132,0.421,S/D,199,S/D,1.0,0.0,0,S/D,1.0,0.0,0,S/D,S/D,S/D,0,S/D,S/D,S/D,0
472E5220,PUENTE PALMIRA,LA LIBERTAD,GRAN CHIMU,wrf5,pp,20260826,20260924,"00Z,12Z",D1,6h,0.006,0.056,S/D,231,S/D,1.0,0.0,0,S/D,S/D,S/D,0,S/D,S/D,S/D,0,S/D,S/D,S/D,0
472E5220,PUENTE PALMIRA,LA LIBERTAD,GRAN CHIMU,mpas15,pp,20260826,20260924,00Z,D1,6h,0.039,0.231,S/D,117,S/D,1.0,0.0,0,S/D,1.0,0.0,0,S/D,S/D,S/D,0,S/D,S/D,S/D,0
472D8346,CALLANCAS,LA LIBERTAD,OTUZCO,ecmwf,pp,20260826,20260924,"00Z,12Z",D1,6h,0.252,0.777,0.074,232,0.5,0.971,0.029,4,S/D,1.0,0.0,0,S/D,1.0,0.0,0,S/D,S/D,S/D,0
472D8346,CALLANCAS,LA LIBERTAD,OTUZCO,gfs,pp,20260826,20260924,"00Z,12Z",D1,6h,0.394,0.891,0.052,174,0.333,0.986,0.013,3,S/D,1.0,0.0,0,S/D,1.0,0.0,0,S/D,S/D,S/D,0
472D8346,CALLANCAS,LA LIBERTAD,OTUZCO,eta5,pp,20260826,20260924,"00Z,12Z",D1,6h,0.278,0.612,0.014,197,0.667,0.972,0.027,3,S/D,1.0,0.0,0,S/D,S/D,S/D,0,S/D,S/D,S/D,0
472D8346,CALLANCAS,LA LIBERTAD,OTUZCO,wrf5,pp,20260826,20260924,"00Z,12Z",D1,6h,0.021,0.156,0.102,229,0.25,0.857,0.1,4,S/D,1.0,0.0,0,S/D,S/D,S/D,0,S/D,S/D,S/D,0
472D8346,CALLANCAS,LA LIBERTAD,OTUZCO,mpas15,pp,20260826,20260924,00Z,D1,6h,0.474,1.331,0.02,116,0.5,0.966,0.033,2,S/D,1.0,0.0,0,S/D,1.0,0.0,0,S/D,S/D,S/D,0
472EB1D2,CAPACHIQUE,LA LIBERTAD,OTUZCO,ecmwf,pp,20260826,20260924,"00Z,12Z",D1,6h,0.336,1.0,0.2,234,1.0,0.949,0.051,4,0.5,0.95,0.048,2,S/D,1.0,0.0,0,S/D,S/D,S/D,0
472EB1D2,CAPACHIQUE,LA LIBERTAD,OTUZCO,gfs,pp,20260826,20260924,"00Z,12Z",D1,6h,0.431,1.11,0.141,176,0.667,0.975,0.025,3,0.0,1.0,0.0,1,S/D,1.0,0.0,0,S/D,S/D,S/D,0
472EB1D2,CAPACHIQUE,LA LIBERTAD,OTUZCO,eta5,pp,20260826,20260924,"00Z,12Z",D1,6h,0.122,0.332,0.026,199,0.333,0.976,0.023,3,0.0,1.0,0.0,1,S/D,S/D,S/D,0,S/D,S/D,S/D,0
472EB1D2,CAPACHIQUE,LA LIBERTAD,OTUZCO,wrf5,pp,20260826,20260924,"00Z,12Z",D1,6h,0.104,0.607,0.051,231,0.0,1.0,0.0,4,0.0,1.0,0.0,2,S/D,1.0,0.0,0,S/D,S/D,S/D,0
472EB1D2,CAPACHIQUE,LA LIBERTAD,OTUZCO,mpas15,pp,20260826,20260924,00Z,D1,6h,0.772,1.994,0.13,117,0.5,0.975,0.024,2,0.0,1.0,0.0,1,S/D,1.0,0.0,0,S/D,S/D,S/D,0
107131,LA FORTUNA,LA LIBERTAD,OTUZCO,ecmwf,pp,20260826,20260924,"00Z,12Z",D1,6h,0.21,0.667,0.263,228,0.875,0.894,0.104,8,0.5,0.9,0.091,4,S/D,1.0,0.0,0,S/D,S/D,S/D,0
107131,LA FORTUNA,LA LIBERTAD,OTUZCO,gfs,pp,20260826,20260924,"00Z,12Z",D1,6h,0.338,0.816,0.284,172,1.0,0.917,0.083,6,0.667,0.895,0.1,3,S/D,1.0,0.0,0,S/D,S/D,S/D,0
107131,LA FORTUNA,LA LIBERTAD,OTUZCO,eta5,pp,20260826,20260924,"00Z,12Z",D1,6h,-0.023,0.291,0.119,195,0.0,1.0,0.0,5,0.0,S/D,0.0,2,S/D,S/D,S/D,0,S/D,S/D,S/D,0
107131,LA FORTUNA,LA LIBERTAD,OTUZCO,wrf5,pp,20260826,20260924,"00Z,12Z",D1,6h,0.239,1.459,0.237,224,0.625,0.815,0.167,8,0.75,0.7,0.273,4,S/D,1.0,0.0,0,S/D,S/D,S/D,0
107131,LA FORTUNA,LA LIBERTAD,OTUZCO,mpas15,pp,20260826,20260924,00Z,D1,6h,0.535,1.368,0.142,114,0.75,0.909,0.088,4,0.5,0.958,0.04,2,S/D,1.0,0.0,0,S/D,S/D,S/D,0
472E74CC,PUENTE COINA,LA LIBERTAD,OTUZCO,ecmwf,pp,20260826,20260924,"00Z,12Z",D1,6h,0.252,0.774,S/D,234,S/D,1.0,0.0,0,S/D,1.0,0.0,0,S/D,1.0,0.0,0,S/D,S/D,S/D,0
472E74CC,PUENTE COINA,LA LIBERTAD,OTUZCO,gfs,pp,20260826,20260924,"00Z,12Z",D1,6h,0.392,0.887,S/D,176,S/D,1.0,0.0,0,S/D,1.0,0.0,0,S/D,1.0,0.0,0,S/D,S/D,S/D,0
472E74CC,PUENTE COINA,LA LIBERTAD,OTUZCO,eta5,pp,20260826,20260924,"00Z,12Z",D1,6h,0.103,0.296,S/D,199,S/D,1.0,0.0,0,S/D,1.0,0.0,0,S/D,S/D,S/D,0,S/D,S/D,S/D,0
472E74CC,PUENTE COINA,LA LIBERTAD,OTUZCO,wrf5,pp,20260826,20260924,"00Z,12Z",D1,6h,0.095,0.582,S/D,231,S/D,1.0,0.0,0,S/D,1.0,0.0,0,S/D,1.0,0.0,0,S/D,S/D,S/D,0
472E74CC,PUENTE COINA,LA LIBERTAD,OTUZCO,mpas15,pp,20260826,20260924,00Z,D1,6h,0.589,1.411,S/D,117,S/D,1.0,0.0,0,S/D,1.0,0.0,0,S/D,1.0,0.0,0,S/D,S/D,S/D,0
472D60B4,USQUIL,LA LIBERTAD,OTUZCO,ecmwf,pp,20260826,20260924,"00Z,12Z",D1,6h,0.243,0.756,0.204,234,0.75,0.912,0.086,8,S/D,1.0,0.0,0,S/D,1.0,0.0,0,S/D,S/D,S/D,0
472D60B4,USQUIL,LA LIBERTAD,OTUZCO,gfs,pp,20260826,20260924,"00Z,12Z",D1,6h,0.38,0.865,0.23,176,1.0,0.905,0.095,7,S/D,1.0,0.0,0,S/D,1.0,0.0,0,S/D,S/D,S/D,0
472D60B4,USQUIL,LA LIBERTAD,OTUZCO,eta5,pp,20260826,20260924,"00Z,12Z",D1,6h,0.097,0.288,0.139,199,0.4,0.943,0.053,5,S/D,1.0,0.0,0,S/D,S/D,S/D,0,S/D,S/D,S/D,0
472D60B4,USQUIL,LA LIBERTAD,OTUZCO,wrf5,pp,20260826,20260924,"00Z,12Z",D1,6h,0.086,0.58,0.28,231,0.375,0.769,0.167,8,S/D,1.0,0.0,0,S/D,1.0,0.0,0,S/D,S/D,S/D,0
472D60B4,USQUIL,LA LIBERTAD,OTUZCO,mpas15,pp,20260826,20260924,00Z,D1,6h,0.636,1.497,-0.009,117,0.5,0.952,0.045,4,S/D,1.0,0.0,0,S/D,1.0,0.0,0,S/D,S/D,S/D,0
107130,TICAPAMPA,LA LIBERTAD,SANCHEZ CARRION,ecmwf,pp,20260826,20260924,"00Z,12Z",D1,6h,0.648,1.635,0.135,210,0.65,0.867,0.124,20,0.5,0.886,0.102,10,S/D,1.0,0.0,0,S/D,S/D,S/D,0
107130,TICAPAMPA,LA LIBERTAD,SANCHEZ CARRION,gfs,pp,20260826,20260924,"00Z,12Z",D1,6h,0.227,0.824,0.211,154,0.706,0.826,0.162,17,0.375,0.786,0.158,8,S/D,S/D,S/D,0,S/D,S/D,S/D,0
107130,TICAPAMPA,LA LIBERTAD,SANCHEZ CARRION,eta5,pp,20260826,20260924,"00Z,12Z",D1,6h,0.026,0.357,0.224,181,0.438,0.774,0.175,16,0.5,0.429,0.364,8,S/D,S/D,S/D,0,S/D,S/D,S/D,0
107130,TICAPAMPA,LA LIBERTAD,SANCHEZ CARRION,wrf5,pp,20260826,20260924,"00Z,12Z",D1,6h,0.087,0.955,0.303,206,0.45,0.609,0.265,20,0.3,0.7,0.176,10,S/D,1.0,0.0,0,S/D,S/D,S/D,0
107130,TICAPAMPA,LA LIBERTAD,SANCHEZ CARRION,mpas15,pp,20260826,20260924,00Z,D1,6h,0.659,2.041,0.09,105,0.5,0.881,0.106,10,0.6,0.885,0.107,5,S/D,1.0,0.0,0,S/D,S/D,S/D,0
4727319A,QUIRUVILCA,LA LIBERTAD,SANTIAGO DE CHUCO,ecmwf,pp,20260826,20260924,"00Z,12Z",D1,6h,0.46,2.439,0.179,214,0.714,0.886,0.109,14,0.0,1.0,0.0,2,0.0,1.0,0.0,2,S/D,S/D,S/D,0
4727319A,QUIRUVILCA,LA LIBERTAD,SANTIAGO DE CHUCO,gfs,pp,20260826,20260924,"00Z,12Z",D1,6h,0.426,2.817,0.208,160,0.75,0.902,0.095,12,1.0,0.938,0.062,2,0.0,1.0,0.0,2,S/D,S/D,S/D,0
4727319A,QUIRUVILCA,LA LIBERTAD,SANTIAGO DE CHUCO,eta5,pp,20260826,20260924,"00Z,12Z",D1,6h,-0.235,2.136,0.027,181,0.0,1.0,0.0,12,0.0,S/D,0.0,2,0.0,S/D,0.0,2,S/D,S/D,S/D,0
4727319A,QUIRUVILCA,LA LIBERTAD,SANTIAGO DE CHUCO,wrf5,pp,20260826,20260924,"00Z,12Z",D1,6h,0.252,2.643,0.203,210,0.5,0.794,0.171,14,0.0,1.0,0.0,2,0.0,1.0,0.0,2,S/D,S/D,S/D,0
4727319A,QUIRUVILCA,LA LIBERTAD,SANTIAGO DE CHUCO,mpas15,pp,20260826,20260924,00Z,D1,6h,0.392,2.366,0.1,107,0.571,0.867,0.121,7,0.0,1.0,0.0,1,0.0,1.0,0.0,1,S/D,S/D,S/D,0
211408,CONDORCERRO,LA LIBERTAD,VIRU,ecmwf,pp,20260826,20260924,"00Z,12Z",D1,6h,S/D,S/D,S/D,0,S/D,S/D,S/D,0,S/D,S/D,S/D,0,S/D,S/D,S/D,0,S/D,S/D,S/D,0
211408,CONDORCERRO,LA LIBERTAD,VIRU,gfs,pp,20260826,20260924,"00Z,12Z",D1,6h,S/D,S/D,S/D,0,S/D,S/D,S/D,0,S/D,S/D,S/D,0,S/D,S/D,S/D,0,S/D,S/D,S/D,0
211408,CONDORCERRO,LA LIBERTAD,VIRU,eta5,pp,20260826,20260924,"00Z,12Z",D1,6h,S/D,S/D,S/D,0,S/D,S/D,S/D,0,S/D,S/D,S/D,0,S/D,S/D,S/D,0,S/D,S/D,S/D,0
211408,CONDORCERRO,LA LIBERTAD,VIRU,wrf5,pp,20260826,20260924,"00Z,12Z",D1,6h,S/D,S/D,S/D,0,S/D,S/D,S/D,0,S/D,S/D,S/D,0,S/D,S/D,S/D,0,S/D,S/D,S/D,0
211408,CONDORCERRO,LA LIBERTAD,VIRU,mpas15,pp,20260826,20260924,00Z,D1,6h,S/D,S/D,S/D,0,S/D,S/D,S/D,0,S/D,S/D,S/D,0,S/D,S/D,S/D,0,S/D,S/D,S/D,0
47E2F720,TINAJONES,LAMBAYEQUE,CHICLAYO,ecmwf,pp,20260826,20260924,"00Z,12Z",D1,6h,0.025,0.07,S/D,236,S/D,1.0,0.0,0,S/D,S/D,S/D,0,S/D,S/D,S/D,0,S/D,S/D,S/D,0
47E2F720,TINAJONES,LAMBAYEQUE,CHICLAYO,gfs,pp,20260826,20260924,"00Z,12Z",D1,6h,0.007,0.067,S/D,178,S/D,1.0,0.0,0,S/D,S/D,S/D,0,S/D,S/D,S/D,0,S/D,S/D,S/D,0
47E2F720,TINAJONES,LAMBAYEQUE,CHICLAYO,eta5,pp,20260826,20260924,"00Z,12Z",D1,6h,0.017,0.067,S/D,201,S/D,1.0,0.0,0,S/D,S/D,S/D,0,S/D,S/D,S/D,0,S/D,S/D,S/D,0
47E2F720,TINAJONES,LAMBAYEQUE,CHICLAYO,wrf5,pp,20260826,20260924,"00Z,12Z",D1,6h,0.001,0.004,S/D,232,S/D,S/D,S/D,0,S/D,S/D,S/D,0,S/D,S/D,S/D,0,S/D,S/D,S/D,0
47E2F720,TINAJONES,LAMBAYEQUE,CHICLAYO,mpas15,pp,20260826,20260924,00Z,D1,6h,0.0,0.0,S/D,118,S/D,S/D,S/D,0,S/D,S/D,S/D,0,S/D,S/D,S/D,0,S/D,S/D,S/D,0
106140,VISTA FLORIDA,LAMBAYEQUE,CHICLAYO,ecmwf,pp,20260826,20260924,"00Z,12Z",D1,6h,0.016,0.091,0.05,226,0.0,1.0,0.0,2,S/D,1.0,0.0,0,S/D,S/D,S/D,0,S/D,S/D,S/D,0
106140,VISTA FLORIDA,LAMBAYEQUE,CHICLAYO,gfs,pp,20260826,20260924,"00Z,12Z",D1,6h,0.006,0.073,-0.012,171,0.0,1.0,0.0,1,S/D,S/D,S/D,0,S/D,S/D,S/D,0,S/D,S/D,S/D,0
106140,VISTA FLORIDA,LAMBAYEQUE,CHICLAYO,eta5,pp,20260826,20260924,"00Z,12Z",D1,6h,0.002,0.015,-0.054,193,0.0,S/D,0.0,2,S/D,S/D,S/D,0,S/D,S/D,S/D,0,S/D,S/D,S/D,0
106140,VISTA FLORIDA,LAMBAYEQUE,CHICLAYO,wrf5,pp,20260826,20260924,"00Z,12Z",D1,6h,0.002,0.014,0.179,222,0.0,1.0,0.0,1,S/D,S/D,S/D,0,S/D,S/D,S/D,0,S/D,S/D,S/D,0
106140,VISTA FLORIDA,LAMBAYEQUE,CHICLAYO,mpas15,pp,20260826,20260924,00Z,D1,6h,-0.001,0.009,0.056,113,0.0,S/D,0.0,1,S/D,S/D,S/D,0,S/D,S/D,S/D,0,S/D,S/D,S/D,0
106138,PUCHACA,LAMBAYEQUE,FERREÑAFE,ecmwf,pp,20260826,20260924,"00Z,12Z",D1,6h,0.849,1.662,S/D,214,S/D,1.0,0.0,0,S/D,1.0,0.0,0,S/D,1.0,0.0,0,S/D,S/D,S/D,0
106138,PUCHACA,LAMBAYEQUE,FERREÑAFE,gfs,pp,20260826,20260924,"00Z,12Z",D1,6h,0.1,0.287,S/D,157,S/D,1.0,0.0,0,S/D,1.0,0.0,0,S/D,S/D,S/D,0,S/D,S/D,S/D,0
106138,PUCHACA,LAMBAYEQUE,FERREÑAFE,eta5,pp,20260826,20260924,"00Z,12Z",D1,6h,0.077,0.285,S/D,180,S/D,1.0,0.0,0,S/D,1.0,0.0,0,S/D,S/D,S/D,0,S/D,S/D,S/D,0
106138,PUCHACA,LAMBAYEQUE,FERREÑAFE,wrf5,pp,20260826,20260924,"00Z,12Z",D1,6h,0.006,0.04,S/D,210,S/D,1.0,0.0,0,S/D,S/D,S/D,0,S/D,S/D,S/D,0,S/D,S/D,S/D,0
106138,PUCHACA,LAMBAYEQUE,FERREÑAFE,mpas15,pp,20260826,20260924,00Z,D1,6h,0.094,0.328,S/D,107,S/D,1.0,0.0,0,S/D,1.0,0.0,0,S/D,S/D,S/D,0,S/D,S/D,S/D,0
4726F67E,PASABAR,LAMBAYEQUE,LAMBAYEQUE,ecmwf,pp,20260826,20260924,"00Z,12Z",D1,6h,0.08,0.202,0.201,202,1.0,0.909,0.091,4,S/D,1.0,0.0,0,S/D,S/D,S/D,0,S/D,S/D,S/D,0
4726F67E,PASABAR,LAMBAYEQUE,LAMBAYEQUE,gfs,pp,20260826,20260924,"00Z,12Z",D1,6h,0.019,0.062,0.398,149,1.0,0.769,0.231,3,S/D,S/D,S/D,0,S/D,S/D,S/D,0,S/D,S/D,S/D,0
4726F67E,PASABAR,LAMBAYEQUE,LAMBAYEQUE,eta5,pp,20260826,20260924,"00Z,12Z",D1,6h,0.023,0.106,0.153,173,0.5,0.889,0.1,2,S/D,S/D,S/D,0,S/D,S/D,S/D,0,S/D,S/D,S/D,0
4726F67E,PASABAR,LAMBAYEQUE,LAMBAYEQUE,wrf5,pp,20260826,20260924,"00Z,12Z",D1,6h,0.001,0.02,0.078,199,0.0,1.0,0.0,4,S/D,S/D,S/D,0,S/D,S/D,S/D,0,S/D,S/D,S/D,0
4726F67E,PASABAR,LAMBAYEQUE,LAMBAYEQUE,mpas15,pp,20260826,20260924,00Z,D1,6h,-0.002,0.014,0.044,101,0.0,S/D,0.0,2,S/D,S/D,S/D,0,S/D,S/D,S/D,0,S/D,S/D,S/D,0
47201542,TONGORRAPE,LAMBAYEQUE,LAMBAYEQUE,ecmwf,pp,20260826,20260924,"00Z,12Z",D1,6h,0.074,0.209,0.05,230,0.333,0.955,0.042,6,S/D,1.0,0.0,0,S/D,S/D,S/D,0,S/D,S/D,S/D,0
47201542,TONGORRAPE,LAMBAYEQUE,LAMBAYEQUE,gfs,pp,20260826,20260924,"00Z,12Z",D1,6h,-0.002,0.062,0.117,173,0.0,1.0,0.0,4,S/D,S/D,S/D,0,S/D,S/D,S/D,0,S/D,S/D,S/D,0
47201542,TONGORRAPE,LAMBAYEQUE,LAMBAYEQUE,eta5,pp,20260826,20260924,"00Z,12Z",D1,6h,0.02,0.12,0.209,195,0.4,0.846,0.125,5,S/D,S/D,S/D,0,S/D,S/D,S/D,0,S/D,S/D,S/D,0
47201542,TONGORRAPE,LAMBAYEQUE,LAMBAYEQUE,wrf5,pp,20260826,20260924,"00Z,12Z",D1,6h,-0.002,0.048,-0.034,227,0.0,1.0,0.0,5,S/D,S/D,S/D,0,S/D,S/D,S/D,0,S/D,S/D,S/D,0
47201542,TONGORRAPE,LAMBAYEQUE,LAMBAYEQUE,mpas15,pp,20260826,20260924,00Z,D1,6h,-0.008,0.055,0.036,115,0.0,S/D,0.0,3,S/D,S/D,S/D,0,S/D,S/D,S/D,0,S/D,S/D,S/D,0
4725F170,HUAROS,LIMA,CANTA,ecmwf,pp,20260826,20260924,"00Z,12Z",D1,6h,0.374,0.915,0.205,218,0.833,0.951,0.049,6,1.0,0.929,0.071,2,0.0,1.0,0.0,2,S/D,S/D,S/D,0
4725F170,HUAROS,LIMA,CANTA,gfs,pp,20260826,20260924,"00Z,12Z",D1,6h,0.944,2.028,0.229,162,1.0,0.94,0.06,5,1.0,0.947,0.053,2,0.5,0.909,0.083,2,S/D,S/D,S/D,0
4725F170,HUAROS,LIMA,CANTA,eta5,pp,20260826,20260924,"00Z,12Z",D1,6h,-0.028,0.534,-0.012,186,0.167,0.923,0.056,6,0.0,1.0,0.0,2,0.0,S/D,0.0,2,S/D,S/D,S/D,0
4725F170,HUAROS,LIMA,CANTA,wrf5,pp,20260826,20260924,"00Z,12Z",D1,6h,0.12,0.773,0.136,214,0.6,0.9,0.094,5,0.0,1.0,0.0,2,0.0,S/D,0.0,2,S/D,S/D,S/D,0
4725F170,HUAROS,LIMA,CANTA,mpas15,pp,20260826,20260924,00Z,D1,6h,0.595,1.942,-0.072,109,0.333,0.967,0.031,3,0.0,1.0,0.0,1,0.0,1.0,0.0,1,S/D,S/D,S/D,0
113249,CAÑETE,LIMA,CAÑETE,ecmwf,pp,20260826,20260924,"00Z,12Z",D1,6h,-0.523,5.766,0.155,232,0.25,0.75,0.143,12,0.0,S/D,0.0,2,0.0,S/D,0.0,2,0.0,S/D,0.0,2
113249,CAÑETE,LIMA,CAÑETE,gfs,pp,20260826,20260924,"00Z,12Z",D1,6h,-0.365,4.695,S/D,175,0.0,S/D,0.0,9,0.0,S/D,0.0,1,0.0,S/D,0.0,1,0.0,S/D,0.0,1
113249,CAÑETE,LIMA,CAÑETE,eta5,pp,20260826,20260924,"00Z,12Z",D1,6h,-0.318,4.413,0.04,198,0.0,1.0,0.0,10,0.0,S/D,0.0,1,0.0,S/D,0.0,1,0.0,S/D,0.0,1
113249,CAÑETE,LIMA,CAÑETE,wrf5,pp,20260826,20260924,"00Z,12Z",D1,6h,-0.55,5.816,0.078,228,0.083,0.5,0.077,12,0.0,S/D,0.0,2,0.0,S/D,0.0,2,0.0,S/D,0.0,2
113249,CAÑETE,LIMA,CAÑETE,mpas15,pp,20260826,20260924,00Z,D1,6h,-0.54,5.766,0.138,116,0.0,1.0,0.0,6,0.0,S/D,0.0,1,0.0,S/D,0.0,1,0.0,S/D,0.0,1
212900,LA CAPILLA SENAMHI,LIMA,CAÑETE,ecmwf,pp,20260826,20260924,"00Z,12Z",D1,6h,S/D,S/D,S/D,0,S/D,S/D,S/D,0,S/D,S/D,S/D,0,S/D,S/D,S/D,0,S/D,S/D,S/D,0
212900,LA CAPILLA SENAMHI,LIMA,CAÑETE,gfs,pp,20260826,20260924,"00Z,12Z",D1,6h,S/D,S/D,S/D,0,S/D,S/D,S/D,0,S/D,S/D,S/D,0,S/D,S/D,S/D,0,S/D,S/D,S/D,0
212900,LA CAPILLA SENAMHI,LIMA,CAÑETE,eta5,pp,20260826,20260924,"00Z,12Z",D1,6h,S/D,S/D,S/D,0,S/D,S/D,S/D,0,S/D,S/D,S/D,0,S/D,S/D,S/D,0,S/D,S/D,S/D,0
212900,LA CAPILLA SENAMHI,LIMA,CAÑETE,wrf5,pp,20260826,20260924,"00Z,12Z",D1,6h,S/D,S/D,S/D,0,S/D,S/D,S/D,0,S/D,S/D,S/D,0,S/D,S/D,S/D,0,S/D,S/D,S/D,0
212900,LA CAPILLA SENAMHI,LIMA,CAÑETE,mpas15,pp,20260826,20260924,00Z,D1,6h,S/D,S/D,S/D,0,S/D,S/D,S/D,0,S/D,S/D,S/D,0,S/D,S/D,S/D,0,S/D,S/D,S/D,0
472191AC,SOCSI,LIMA,CAÑETE,ecmwf,pp,20260826,20260924,"00Z,12Z",D1,6h,S/D,S/D,S/D,0,S/D,S/D,S/D,0,S/D,S/D,S/D,0,S/D,S/D,S/D,0,S/D,S/D,S/D,0
472191AC,SOCSI,LIMA,CAÑETE,gfs,pp,20260826,20260924,"00Z,12Z",D1,6h,S/D,S/D,S/D,0,S/D,S/D,S/D,0,S/D,S/D,S/D,0,S/D,S/D,S/D,0,S/D,S/D,S/D,0
472191AC,SOCSI,LIMA,CAÑETE,eta5,pp,20260826,20260924,"00Z,12Z",D1,6h,S/D,S/D,S/D,0,S/D,S/D,S/D,0,S/D,S/D,S/D,0,S/D,S/D,S/D,0,S/D,S/D,S/D,0
472191AC,SOCSI,LIMA,CAÑETE,wrf5,pp,20260826,20260924,"00Z,12Z",D1,6h,S/D,S/D,S/D,0,S/D,S/D,S/D,0,S/D,S/D,S/D,0,S/D,S/D,S/D,0,S/D,S/D,S/D,0
472191AC,SOCSI,LIMA,CAÑETE,mpas15,pp,20260826,20260924,00Z,D1,6h,S/D,S/D,S/D,0,S/D,S/D,S/D,0,S/D,S/D,S/D,0,S/D,S/D,S/D,0,S/D,S/D,S/D,0
47E323B2,CARAC,LIMA,HUARAL,ecmwf,pp,20260826,20260924,"00Z,12Z",D1,6h,0.152,0.454,0.345,122,1.0,0.806,0.194,6,S/D,1.0,0.0,0,S/D,S/D,S/D,0,S/D,S/D,S/D,0
47E323B2,CARAC,LIMA,HUARAL,gfs,pp,20260826,20260924,"00Z,12Z",D1,6h,0.752,2.097,0.278,91,1.0,0.861,0.139,5,S/D,1.0,0.0,0,S/D,1.0,0.0,0,S/D,S/D,S/D,0
47E323B2,CARAC,LIMA,HUARAL,eta5,pp,20260826,20260924,"00Z,12Z",D1,6h,0.014,0.092,0.497,101,0.667,0.6,0.333,3,S/D,S/D,S/D,0,S/D,S/D,S/D,0,S/D,S/D,S/D,0
47E323B2,CARAC,LIMA,HUARAL,wrf5,pp,20260826,20260924,"00Z,12Z",D1,6h,0.108,0.712,0.303,122,0.5,0.571,0.3,6,S/D,1.0,0.0,0,S/D,1.0,0.0,0,S/D,S/D,S/D,0
47E323B2,CARAC,LIMA,HUARAL,mpas15,pp,20260826,20260924,00Z,D1,6h,0.254,1.053,0.166,61,0.667,0.75,0.222,3,S/D,1.0,0.0,0,S/D,1.0,0.0,0,S/D,S/D,S/D,0
47E2323E,CUCHUANCA,LIMA,HUARAL,ecmwf,pp,20260826,20260924,"00Z,12Z",D1,6h,0.203,0.521,0.217,232,1.0,0.913,0.087,6,S/D,1.0,0.0,0,S/D,S/D,S/D,0,S/D,S/D,S/D,0
47E2323E,CUCHUANCA,LIMA,HUARAL,gfs,pp,20260826,20260924,"00Z,12Z",D1,6h,0.531,1.56,0.203,175,1.0,0.934,0.066,5,S/D,1.0,0.0,0,S/D,1.0,0.0,0,S/D,S/D,S/D,0
47E2323E,CUCHUANCA,LIMA,HUARAL,eta5,pp,20260826,20260924,"00Z,12Z",D1,6h,0.007,0.069,0.303,197,0.5,0.667,0.25,4,S/D,S/D,S/D,0,S/D,S/D,S/D,0,S/D,S/D,S/D,0
47E2323E,CUCHUANCA,LIMA,HUARAL,wrf5,pp,20260826,20260924,"00Z,12Z",D1,6h,0.074,0.535,0.241,228,0.6,0.7,0.25,5,S/D,1.0,0.0,0,S/D,1.0,0.0,0,S/D,S/D,S/D,0
47E2323E,CUCHUANCA,LIMA,HUARAL,mpas15,pp,20260826,20260924,00Z,D1,6h,0.309,0.997,0.109,116,0.667,0.905,0.091,3,S/D,1.0,0.0,0,S/D,1.0,0.0,0,S/D,S/D,S/D,0
47E330C4,SANTA CRUZ,LIMA,HUARAL,ecmwf,pp,20260826,20260924,"00Z,12Z",D1,6h,0.116,0.623,0.08,234,0.5,0.941,0.056,8,0.125,0.933,0.045,8,S/D,S/D,S/D,0,S/D,S/D,S/D,0
47E330C4,SANTA CRUZ,LIMA,HUARAL,gfs,pp,20260826,20260924,"00Z,12Z",D1,6h,0.394,1.548,0.106,175,0.571,0.946,0.052,7,0.571,0.818,0.16,7,S/D,1.0,0.0,0,S/D,S/D,S/D,0
47E330C4,SANTA CRUZ,LIMA,HUARAL,eta5,pp,20260826,20260924,"00Z,12Z",D1,6h,0.018,0.503,-0.001,199,0.2,0.962,0.033,5,0.0,1.0,0.0,5,S/D,S/D,S/D,0,S/D,S/D,S/D,0
47E330C4,SANTA CRUZ,LIMA,HUARAL,wrf5,pp,20260826,20260924,"00Z,12Z",D1,6h,0.153,1.144,0.111,230,0.5,0.879,0.108,8,0.125,0.917,0.053,8,S/D,1.0,0.0,0,S/D,S/D,S/D,0
47E330C4,SANTA CRUZ,LIMA,HUARAL,mpas15,pp,20260826,20260924,00Z,D1,6h,0.571,1.726,0.042,117,0.5,0.949,0.049,4,0.5,0.931,0.065,4,S/D,1.0,0.0,0,S/D,S/D,S/D,0
47E214D2,SANTO DOMINGO,LIMA,HUARAL,ecmwf,pp,20260826,20260924,"00Z,12Z",D1,6h,0.035,0.21,-0.078,232,0.0,1.0,0.0,12,S/D,1.0,0.0,0,S/D,S/D,S/D,0,S/D,S/D,S/D,0
47E214D2,SANTO DOMINGO,LIMA,HUARAL,gfs,pp,20260826,20260924,"00Z,12Z",D1,6h,0.032,0.224,-0.126,175,0.0,1.0,0.0,10,S/D,1.0,0.0,0,S/D,S/D,S/D,0,S/D,S/D,S/D,0
47E214D2,SANTO DOMINGO,LIMA,HUARAL,eta5,pp,20260826,20260924,"00Z,12Z",D1,6h,-0.011,0.056,-0.017,197,0.0,S/D,0.0,10,S/D,S/D,S/D,0,S/D,S/D,S/D,0,S/D,S/D,S/D,0
47E214D2,SANTO DOMINGO,LIMA,HUARAL,wrf5,pp,20260826,20260924,"00Z,12Z",D1,6h,-0.013,0.064,0.07,228,0.0,S/D,0.0,12,S/D,S/D,S/D,0,S/D,S/D,S/D,0,S/D,S/D,S/D,0
47E214D2,SANTO DOMINGO,LIMA,HUARAL,mpas15,pp,20260826,20260924,00Z,D1,6h,-0.013,0.064,0.053,116,0.0,S/D,0.0,6,S/D,S/D,S/D,0,S/D,S/D,S/D,0,S/D,S/D,S/D,0
47E257D8,VICHAYCOCHA,LIMA,HUARAL,ecmwf,pp,20260826,20260924,"00Z,12Z",D1,6h,0.605,1.28,0.235,232,0.769,0.828,0.164,26,1.0,0.915,0.085,4,S/D,1.0,0.0,0,S/D,S/D,S/D,0
47E257D8,VICHAYCOCHA,LIMA,HUARAL,gfs,pp,20260826,20260924,"00Z,12Z",D1,6h,1.313,3.009,0.219,175,0.762,0.82,0.17,21,1.0,0.918,0.082,4,S/D,1.0,0.0,0,S/D,S/D,S/D,0
47E257D8,VICHAYCOCHA,LIMA,HUARAL,eta5,pp,20260826,20260924,"00Z,12Z",D1,6h,0.003,0.243,0.224,197,0.368,0.741,0.179,19,0.0,S/D,0.0,3,S/D,S/D,S/D,0,S/D,S/D,S/D,0
47E257D8,VICHAYCOCHA,LIMA,HUARAL,wrf5,pp,20260826,20260924,"00Z,12Z",D1,6h,0.27,1.234,0.217,228,0.423,0.761,0.18,26,0.5,0.875,0.111,4,S/D,1.0,0.0,0,S/D,S/D,S/D,0
47E257D8,VICHAYCOCHA,LIMA,HUARAL,mpas15,pp,20260826,20260924,00Z,D1,6h,0.678,1.907,0.166,116,0.615,0.795,0.182,13,1.0,0.931,0.069,2,S/D,1.0,0.0,0,S/D,S/D,S/D,0
472D73C2,CASAPALCA,LIMA,HUAROCHIRI,ecmwf,pp,20260826,20260924,"00Z,12Z",D1,6h,0.346,0.979,0.463,232,0.95,0.678,0.317,40,0.833,0.634,0.341,18,0.0,1.0,0.0,2,S/D,S/D,S/D,0
472D73C2,CASAPALCA,LIMA,HUAROCHIRI,gfs,pp,20260826,20260924,"00Z,12Z",D1,6h,0.598,1.511,0.428,174,0.933,0.711,0.283,30,0.8,0.745,0.24,15,0.0,1.0,0.0,2,S/D,S/D,S/D,0
472D73C2,CASAPALCA,LIMA,HUAROCHIRI,eta5,pp,20260826,20260924,"00Z,12Z",D1,6h,-0.23,0.962,0.432,197,0.559,0.568,0.322,34,0.0,S/D,0.0,17,0.0,S/D,0.0,2,S/D,S/D,S/D,0
472D73C2,CASAPALCA,LIMA,HUAROCHIRI,wrf5,pp,20260826,20260924,"00Z,12Z",D1,6h,0.658,2.845,0.517,229,0.868,0.535,0.434,38,0.765,0.649,0.317,17,0.0,1.0,0.0,2,S/D,1.0,0.0,0
472D73C2,CASAPALCA,LIMA,HUAROCHIRI,mpas15,pp,20260826,20260924,00Z,D1,6h,0.869,2.544,0.456,116,0.9,0.6,0.383,20,0.778,0.788,0.2,9,0.0,1.0,0.0,1,S/D,S/D,S/D,0
472CE45A,MATUCANA,LIMA,HUAROCHIRI,ecmwf,pp,20260826,20260924,"00Z,12Z",D1,6h,0.787,1.615,0.246,230,1.0,0.935,0.065,8,S/D,1.0,0.0,0,S/D,1.0,0.0,0,S/D,S/D,S/D,0
472CE45A,MATUCANA,LIMA,HUAROCHIRI,gfs,pp,20260826,20260924,"00Z,12Z",D1,6h,0.36,0.796,0.274,172,1.0,0.905,0.095,7,S/D,1.0,0.0,0,S/D,S/D,S/D,0,S/D,S/D,S/D,0
472CE45A,MATUCANA,LIMA,HUAROCHIRI,eta5,pp,20260826,20260924,"00Z,12Z",D1,6h,0.052,0.327,0.055,195,0.143,0.952,0.037,7,S/D,1.0,0.0,0,S/D,S/D,S/D,0,S/D,S/D,S/D,0
472CE45A,MATUCANA,LIMA,HUAROCHIRI,wrf5,pp,20260826,20260924,"00Z,12Z",D1,6h,0.131,0.744,0.339,227,0.625,0.792,0.185,8,S/D,1.0,0.0,0,S/D,1.0,0.0,0,S/D,S/D,S/D,0
472CE45A,MATUCANA,LIMA,HUAROCHIRI,mpas15,pp,20260826,20260924,00Z,D1,6h,0.911,2.406,0.252,115,1.0,0.905,0.095,4,S/D,1.0,0.0,0,S/D,1.0,0.0,0,S/D,S/D,S/D,0
212700,PUENTE ANTAPUCRO,LIMA,HUAROCHIRI,ecmwf,pp,20260826,20260924,"00Z,12Z",D1,6h,S/D,S/D,S/D,0,S/D,S/D,S/D,0,S/D,S/D,S/D,0,S/D,S/D,S/D,0,S/D,S/D,S/D,0
212700,PUENTE ANTAPUCRO,LIMA,HUAROCHIRI,gfs,pp,20260826,20260924,"00Z,12Z",D1,6h,S/D,S/D,S/D,0,S/D,S/D,S/D,0,S/D,S/D,S/D,0,S/D,S/D,S/D,0,S/D,S/D,S/D,0
212700,PUENTE ANTAPUCRO,LIMA,HUAROCHIRI,eta5,pp,20260826,20260924,"00Z,12Z",D1,6h,S/D,S/D,S/D,0,S/D,S/D,S/D,0,S/D,S/D,S/D,0,S/D,S/D,S/D,0,S/D,S/D,S/D,0
212700,PUENTE ANTAPUCRO,LIMA,HUAROCHIRI,wrf5,pp,20260826,20260924,"00Z,12Z",D1,6h,S/D,S/D,S/D,0,S/D,S/D,S/D,0,S/D,S/D,S/D,0,S/D,S/D,S/D,0,S/D,S/D,S/D,0
212700,PUENTE ANTAPUCRO,LIMA,HUAROCHIRI,mpas15,pp,20260826,20260924,00Z,D1,6h,S/D,S/D,S/D,0,S/D,S/D,S/D,0,S/D,S/D,S/D,0,S/D,S/D,S/D,0,S/D,S/D,S/D,0
212605,SAN MATEO ,LIMA,HUAROCHIRI,ecmwf,pp,20260826,20260924,"00Z,12Z",D1,6h,S/D,S/D,S/D,0,S/D,S/D,S/D,0,S/D,S/D,S/D,0,S/D,S/D,S/D,0,S/D,S/D,S/D,0
212605,SAN MATEO ,LIMA,HUAROCHIRI,gfs,pp,20260826,20260924,"00Z,12Z",D1,6h,S/D,S/D,S/D,0,S/D,S/D,S/D,0,S/D,S/D,S/D,0,S/D,S/D,S/D,0,S/D,S/D,S/D,0
212605,SAN MATEO ,LIMA,HUAROCHIRI,eta5,pp,20260826,20260924,"00Z,12Z",D1,6h,S/D,S/D,S/D,0,S/D,S/D,S/D,0,S/D,S/D,S/D,0,S/D,S/D,S/D,0,S/D,S/D,S/D,0
212605,SAN MATEO ,LIMA,HUAROCHIRI,wrf5,pp,20260826,20260924,"00Z,12Z",D1,6h,S/D,S/D,S/D,0,S/D,S/D,S/D,0,S/D,S/D,S/D,0,S/D,S/D,S/D,0,S/D,S/D,S/D,0
212605,SAN MATEO ,LIMA,HUAROCHIRI,mpas15,pp,20260826,20260924,00Z,D1,6h,S/D,S/D,S/D,0,S/D,S/D,S/D,0,S/D,S/D,S/D,0,S/D,S/D,S/D,0,S/D,S/D,S/D,0
472EC742,SAN MATEO DE OTAO,LIMA,HUAROCHIRI,ecmwf,pp,20260826,20260924,"00Z,12Z",D1,6h,0.811,1.642,S/D,234,S/D,1.0,0.0,0,S/D,1.0,0.0,0,S/D,1.0,0.0,0,S/D,S/D,S/D,0
472EC742,SAN MATEO DE OTAO,LIMA,HUAROCHIRI,gfs,pp,20260826,20260924,"00Z,12Z",D1,6h,0.386,0.835,S/D,176,S/D,1.0,0.0,0,S/D,1.0,0.0,0,S/D,S/D,S/D,0,S/D,S/D,S/D,0
472EC742,SAN MATEO DE OTAO,LIMA,HUAROCHIRI,eta5,pp,20260826,20260924,"00Z,12Z",D1,6h,0.003,0.016,S/D,199,S/D,1.0,0.0,0,S/D,S/D,S/D,0,S/D,S/D,S/D,0,S/D,S/D,S/D,0
472EC742,SAN MATEO DE OTAO,LIMA,HUAROCHIRI,wrf5,pp,20260826,20260924,"00Z,12Z",D1,6h,0.005,0.05,S/D,231,S/D,1.0,0.0,0,S/D,S/D,S/D,0,S/D,S/D,S/D,0,S/D,S/D,S/D,0
472EC742,SAN MATEO DE OTAO,LIMA,HUAROCHIRI,mpas15,pp,20260826,20260924,00Z,D1,6h,0.026,0.196,S/D,117,S/D,1.0,0.0,0,S/D,1.0,0.0,0,S/D,S/D,S/D,0,S/D,S/D,S/D,0
472E24B0,SANTA EULALIA,LIMA,HUAROCHIRI,ecmwf,pp,20260826,20260924,"00Z,12Z",D1,6h,0.004,0.012,S/D,148,S/D,S/D,S/D,0,S/D,S/D,S/D,0,S/D,S/D,S/D,0,S/D,S/D,S/D,0
472E24B0,SANTA EULALIA,LIMA,HUAROCHIRI,gfs,pp,20260826,20260924,"00Z,12Z",D1,6h,0.001,0.009,S/D,105,S/D,S/D,S/D,0,S/D,S/D,S/D,0,S/D,S/D,S/D,0,S/D,S/D,S/D,0
472E24B0,SANTA EULALIA,LIMA,HUAROCHIRI,eta5,pp,20260826,20260924,"00Z,12Z",D1,6h,0.0,0.002,S/D,126,S/D,S/D,S/D,0,S/D,S/D,S/D,0,S/D,S/D,S/D,0,S/D,S/D,S/D,0
472E24B0,SANTA EULALIA,LIMA,HUAROCHIRI,wrf5,pp,20260826,20260924,"00Z,12Z",D1,6h,0.0,0.001,S/D,145,S/D,S/D,S/D,0,S/D,S/D,S/D,0,S/D,S/D,S/D,0,S/D,S/D,S/D,0
472E24B0,SANTA EULALIA,LIMA,HUAROCHIRI,mpas15,pp,20260826,20260924,00Z,D1,6h,0.034,0.24,S/D,74,S/D,1.0,0.0,0,S/D,1.0,0.0,0,S/D,S/D,S/D,0,S/D,S/D,S/D,0
472CA750,SANTIAGO DE TUNA,LIMA,HUAROCHIRI,ecmwf,pp,20260826,20260924,"00Z,12Z",D1,6h,0.17,0.517,S/D,230,S/D,1.0,0.0,0,S/D,1.0,0.0,0,S/D,S/D,S/D,0,S/D,S/D,S/D,0
472CA750,SANTIAGO DE TUNA,LIMA,HUAROCHIRI,gfs,pp,20260826,20260924,"00Z,12Z",D1,6h,0.096,0.235,S/D,172,S/D,1.0,0.0,0,S/D,1.0,0.0,0,S/D,S/D,S/D,0,S/D,S/D,S/D,0
472CA750,SANTIAGO DE TUNA,LIMA,HUAROCHIRI,eta5,pp,20260826,20260924,"00Z,12Z",D1,6h,0.002,0.025,S/D,195,S/D,1.0,0.0,0,S/D,S/D,S/D,0,S/D,S/D,S/D,0,S/D,S/D,S/D,0
472CA750,SANTIAGO DE TUNA,LIMA,HUAROCHIRI,wrf5,pp,20260826,20260924,"00Z,12Z",D1,6h,0.007,0.064,S/D,227,S/D,1.0,0.0,0,S/D,S/D,S/D,0,S/D,S/D,S/D,0,S/D,S/D,S/D,0
472CA750,SANTIAGO DE TUNA,LIMA,HUAROCHIRI,mpas15,pp,20260826,20260924,00Z,D1,6h,0.104,0.39,S/D,115,S/D,1.0,0.0,0,S/D,1.0,0.0,0,S/D,S/D,S/D,0,S/D,S/D,S/D,0
4724966C,SAYAN,LIMA,HUAURA,ecmwf,pp,20260826,20260924,"00Z,12Z",D1,6h,0.008,0.031,S/D,222,S/D,1.0,0.0,0,S/D,S/D,S/D,0,S/D,S/D,S/D,0,S/D,S/D,S/D,0
4724966C,SAYAN,LIMA,HUAURA,gfs,pp,20260826,20260924,"00Z,12Z",D1,6h,0.003,0.015,S/D,166,S/D,S/D,S/D,0,S/D,S/D,S/D,0,S/D,S/D,S/D,0,S/D,S/D,S/D,0
4724966C,SAYAN,LIMA,HUAURA,eta5,pp,20260826,20260924,"00Z,12Z",D1,6h,0.0,0.0,S/D,190,S/D,S/D,S/D,0,S/D,S/D,S/D,0,S/D,S/D,S/D,0,S/D,S/D,S/D,0
4724966C,SAYAN,LIMA,HUAURA,wrf5,pp,20260826,20260924,"00Z,12Z",D1,6h,0.0,0.001,S/D,218,S/D,S/D,S/D,0,S/D,S/D,S/D,0,S/D,S/D,S/D,0,S/D,S/D,S/D,0
4724966C,SAYAN,LIMA,HUAURA,mpas15,pp,20260826,20260924,00Z,D1,6h,0.0,0.0,S/D,111,S/D,S/D,S/D,0,S/D,S/D,S/D,0,S/D,S/D,S/D,0,S/D,S/D,S/D,0
212500,AGUA AZUL BOCATOMA,LIMA,LIMA,ecmwf,pp,20260826,20260924,"00Z,12Z",D1,6h,S/D,S/D,S/D,0,S/D,S/D,S/D,0,S/D,S/D,S/D,0,S/D,S/D,S/D,0,S/D,S/D,S/D,0
212500,AGUA AZUL BOCATOMA,LIMA,LIMA,gfs,pp,20260826,20260924,"00Z,12Z",D1,6h,S/D,S/D,S/D,0,S/D,S/D,S/D,0,S/D,S/D,S/D,0,S/D,S/D,S/D,0,S/D,S/D,S/D,0
212500,AGUA AZUL BOCATOMA,LIMA,LIMA,eta5,pp,20260826,20260924,"00Z,12Z",D1,6h,S/D,S/D,S/D,0,S/D,S/D,S/D,0,S/D,S/D,S/D,0,S/D,S/D,S/D,0,S/D,S/D,S/D,0
212500,AGUA AZUL BOCATOMA,LIMA,LIMA,wrf5,pp,20260826,20260924,"00Z,12Z",D1,6h,S/D,S/D,S/D,0,S/D,S/D,S/D,0,S/D,S/D,S/D,0,S/D,S/D,S/D,0,S/D,S/D,S/D,0
212500,AGUA AZUL BOCATOMA,LIMA,LIMA,mpas15,pp,20260826,20260924,00Z,D1,6h,S/D,S/D,S/D,0,S/D,S/D,S/D,0,S/D,S/D,S/D,0,S/D,S/D,S/D,0,S/D,S/D,S/D,0
472A218A,ANTONIO RAYMONDI,LIMA,LIMA,ecmwf,pp,20260826,20260924,"00Z,12Z",D1,6h,0.008,0.019,S/D,232,S/D,S/D,S/D,0,S/D,S/D,S/D,0,S/D,S/D,S/D,0,S/D,S/D,S/D,0
472A218A,ANTONIO RAYMONDI,LIMA,LIMA,gfs,pp,20260826,20260924,"00Z,12Z",D1,6h,0.04,0.066,S/D,175,S/D,1.0,0.0,0,S/D,S/D,S/D,0,S/D,S/D,S/D,0,S/D,S/D,S/D,0
472A218A,ANTONIO RAYMONDI,LIMA,LIMA,eta5,pp,20260826,20260924,"00Z,12Z",D1,6h,0.014,0.032,S/D,197,S/D,1.0,0.0,0,S/D,S/D,S/D,0,S/D,S/D,S/D,0,S/D,S/D,S/D,0
472A218A,ANTONIO RAYMONDI,LIMA,LIMA,wrf5,pp,20260826,20260924,"00Z,12Z",D1,6h,0.005,0.023,S/D,228,S/D,1.0,0.0,0,S/D,S/D,S/D,0,S/D,S/D,S/D,0,S/D,S/D,S/D,0
472A218A,ANTONIO RAYMONDI,LIMA,LIMA,mpas15,pp,20260826,20260924,00Z,D1,6h,0.009,0.066,S/D,116,S/D,1.0,0.0,0,S/D,S/D,S/D,0,S/D,S/D,S/D,0,S/D,S/D,S/D,0
112181,CAMPO DE MARTE,LIMA,LIMA,ecmwf,pp,20260826,20260924,"00Z,12Z",D1,6h,0.034,0.111,0.248,192,0.5,0.85,0.13,6,S/D,1.0,0.0,0,S/D,S/D,S/D,0,S/D,S/D,S/D,0
112181,CAMPO DE MARTE,LIMA,LIMA,gfs,pp,20260826,20260924,"00Z,12Z",D1,6h,0.007,0.047,-0.004,145,0.0,1.0,0.0,5,S/D,S/D,S/D,0,S/D,S/D,S/D,0,S/D,S/D,S/D,0
112181,CAMPO DE MARTE,LIMA,LIMA,eta5,pp,20260826,20260924,"00Z,12Z",D1,6h,0.004,0.041,0.106,163,0.167,0.5,0.143,6,S/D,S/D,S/D,0,S/D,S/D,S/D,0,S/D,S/D,S/D,0
112181,CAMPO DE MARTE,LIMA,LIMA,wrf5,pp,20260826,20260924,"00Z,12Z",D1,6h,0.003,0.037,-0.046,188,0.2,0.5,0.167,5,S/D,S/D,S/D,0,S/D,S/D,S/D,0,S/D,S/D,S/D,0
112181,CAMPO DE MARTE,LIMA,LIMA,mpas15,pp,20260826,20260924,00Z,D1,6h,0.016,0.1,0.107,96,0.333,0.833,0.125,3,S/D,S/D,S/D,0,S/D,S/D,S/D,0,S/D,S/D,S/D,0
111286,CARABAYLLO,LIMA,LIMA,ecmwf,pp,20260826,20260924,"00Z,12Z",D1,6h,S/D,S/D,S/D,0,S/D,S/D,S/D,0,S/D,S/D,S/D,0,S/D,S/D,S/D,0,S/D,S/D,S/D,0
111286,CARABAYLLO,LIMA,LIMA,gfs,pp,20260826,20260924,"00Z,12Z",D1,6h,S/D,S/D,S/D,0,S/D,S/D,S/D,0,S/D,S/D,S/D,0,S/D,S/D,S/D,0,S/D,S/D,S/D,0
111286,CARABAYLLO,LIMA,LIMA,eta5,pp,20260826,20260924,"00Z,12Z",D1,6h,S/D,S/D,S/D,0,S/D,S/D,S/D,0,S/D,S/D,S/D,0,S/D,S/D,S/D,0,S/D,S/D,S/D,0
111286,CARABAYLLO,LIMA,LIMA,wrf5,pp,20260826,20260924,"00Z,12Z",D1,6h,S/D,S/D,S/D,0,S/D,S/D,S/D,0,S/D,S/D,S/D,0,S/D,S/D,S/D,0,S/D,S/D,S/D,0
111286,CARABAYLLO,LIMA,LIMA,mpas15,pp,20260826,20260924,00Z,D1,6h,S/D,S/D,S/D,0,S/D,S/D,S/D,0,S/D,S/D,S/D,0,S/D,S/D,S/D,0,S/D,S/D,S/D,0
112278,CERES,LIMA,LIMA,ecmwf,pp,20260826,20260924,"00Z,12Z",D1,6h,S/D,S/D,S/D,0,S/D,S/D,S/D,0,S/D,S/D,S/D,0,S/D,S/D,S/D,0,S/D,S/D,S/D,0
112278,CERES,LIMA,LIMA,gfs,pp,20260826,20260924,"00Z,12Z",D1,6h,S/D,S/D,S/D,0,S/D,S/D,S/D,0,S/D,S/D,S/D,0,S/D,S/D,S/D,0,S/D,S/D,S/D,0
112278,CERES,LIMA,LIMA,eta5,pp,20260826,20260924,"00Z,12Z",D1,6h,S/D,S/D,S/D,0,S/D,S/D,S/D,0,S/D,S/D,S/D,0,S/D,S/D,S/D,0,S/D,S/D,S/D,0
112278,CERES,LIMA,LIMA,wrf5,pp,20260826,20260924,"00Z,12Z",D1,6h,S/D,S/D,S/D,0,S/D,S/D,S/D,0,S/D,S/D,S/D,0,S/D,S/D,S/D,0,S/D,S/D,S/D,0
112278,CERES,LIMA,LIMA,mpas15,pp,20260826,20260924,00Z,D1,6h,S/D,S/D,S/D,0,S/D,S/D,S/D,0,S/D,S/D,S/D,0,S/D,S/D,S/D,0,S/D,S/D,S/D,0
47278214,CHOSICA,LIMA,LIMA,ecmwf,pp,20260826,20260924,"00Z,12Z",D1,6h,S/D,S/D,S/D,0,S/D,S/D,S/D,0,S/D,S/D,S/D,0,S/D,S/D,S/D,0,S/D,S/D,S/D,0
47278214,CHOSICA,LIMA,LIMA,gfs,pp,20260826,20260924,"00Z,12Z",D1,6h,S/D,S/D,S/D,0,S/D,S/D,S/D,0,S/D,S/D,S/D,0,S/D,S/D,S/D,0,S/D,S/D,S/D,0
47278214,CHOSICA,LIMA,LIMA,eta5,pp,20260826,20260924,"00Z,12Z",D1,6h,S/D,S/D,S/D,0,S/D,S/D,S/D,0,S/D,S/D,S/D,0,S/D,S/D,S/D,0,S/D,S/D,S/D,0
47278214,CHOSICA,LIMA,LIMA,wrf5,pp,20260826,20260924,"00Z,12Z",D1,6h,S/D,S/D,S/D,0,S/D,S/D,S/D,0,S/D,S/D,S/D,0,S/D,S/D,S/D,0,S/D,S/D,S/D,0
47278214,CHOSICA,LIMA,LIMA,mpas15,pp,20260826,20260924,00Z,D1,6h,S/D,S/D,S/D,0,S/D,S/D,S/D,0,S/D,S/D,S/D,0,S/D,S/D,S/D,0,S/D,S/D,S/D,0
112281,LAS PALMAS,LIMA,LIMA,ecmwf,pp,20260826,20260924,"00Z,12Z",D1,6h,0.112,0.198,0.115,240,0.464,0.856,0.124,28,S/D,S/D,S/D,0,S/D,S/D,S/D,0,S/D,S/D,S/D,0
112281,LAS PALMAS,LIMA,LIMA,gfs,pp,20260826,20260924,"00Z,12Z",D1,6h,0.06,0.113,-0.03,180,0.118,0.961,0.03,17,S/D,S/D,S/D,0,S/D,S/D,S/D,0,S/D,S/D,S/D,0
112281,LAS PALMAS,LIMA,LIMA,eta5,pp,20260826,20260924,"00Z,12Z",D1,6h,0.008,0.069,-0.056,204,0.087,0.867,0.056,23,S/D,S/D,S/D,0,S/D,S/D,S/D,0,S/D,S/D,S/D,0
112281,LAS PALMAS,LIMA,LIMA,wrf5,pp,20260826,20260924,"00Z,12Z",D1,6h,-0.003,0.054,-0.073,236,0.038,0.857,0.031,26,S/D,S/D,S/D,0,S/D,S/D,S/D,0,S/D,S/D,S/D,0
112281,LAS PALMAS,LIMA,LIMA,mpas15,pp,20260826,20260924,00Z,D1,6h,0.0,0.103,-0.096,120,0.0,1.0,0.0,14,S/D,S/D,S/D,0,S/D,S/D,S/D,0,S/D,S/D,S/D,0
112193,SAN BORJA,LIMA,LIMA,ecmwf,pp,20260826,20260924,"00Z,12Z",D1,6h,0.039,0.107,S/D,212,S/D,1.0,0.0,0,S/D,1.0,0.0,0,S/D,S/D,S/D,0,S/D,S/D,S/D,0
112193,SAN BORJA,LIMA,LIMA,gfs,pp,20260826,20260924,"00Z,12Z",D1,6h,0.013,0.03,S/D,160,S/D,1.0,0.0,0,S/D,S/D,S/D,0,S/D,S/D,S/D,0,S/D,S/D,S/D,0
112193,SAN BORJA,LIMA,LIMA,eta5,pp,20260826,20260924,"00Z,12Z",D1,6h,0.007,0.016,S/D,180,S/D,S/D,S/D,0,S/D,S/D,S/D,0,S/D,S/D,S/D,0,S/D,S/D,S/D,0
112193,SAN BORJA,LIMA,LIMA,wrf5,pp,20260826,20260924,"00Z,12Z",D1,6h,0.01,0.031,S/D,211,S/D,1.0,0.0,0,S/D,S/D,S/D,0,S/D,S/D,S/D,0,S/D,S/D,S/D,0
112193,SAN BORJA,LIMA,LIMA,mpas15,pp,20260826,20260924,00Z,D1,6h,0.019,0.091,S/D,106,S/D,1.0,0.0,0,S/D,S/D,S/D,0,S/D,S/D,S/D,0,S/D,S/D,S/D,0
112267,SAN JUAN DE LURIGANCHO,LIMA,LIMA,ecmwf,pp,20260826,20260924,"00Z,12Z",D1,6h,0.037,0.121,0.161,208,0.5,0.913,0.08,4,S/D,1.0,0.0,0,S/D,S/D,S/D,0,S/D,S/D,S/D,0
112267,SAN JUAN DE LURIGANCHO,LIMA,LIMA,gfs,pp,20260826,20260924,"00Z,12Z",D1,6h,0.007,0.042,0.262,157,0.5,0.0,0.5,4,S/D,S/D,S/D,0,S/D,S/D,S/D,0,S/D,S/D,S/D,0
112267,SAN JUAN DE LURIGANCHO,LIMA,LIMA,eta5,pp,20260826,20260924,"00Z,12Z",D1,6h,-0.001,0.032,0.24,180,0.0,S/D,0.0,3,S/D,S/D,S/D,0,S/D,S/D,S/D,0,S/D,S/D,S/D,0
112267,SAN JUAN DE LURIGANCHO,LIMA,LIMA,wrf5,pp,20260826,20260924,"00Z,12Z",D1,6h,-0.001,0.033,0.082,204,0.25,0.5,0.2,4,S/D,S/D,S/D,0,S/D,S/D,S/D,0,S/D,S/D,S/D,0
112267,SAN JUAN DE LURIGANCHO,LIMA,LIMA,mpas15,pp,20260826,20260924,00Z,D1,6h,0.016,0.08,0.183,104,0.5,0.833,0.143,2,S/D,S/D,S/D,0,S/D,S/D,S/D,0,S/D,S/D,S/D,0
112265,SAN MARTIN DE PORRES,LIMA,LIMA,ecmwf,pp,20260826,20260924,"00Z,12Z",D1,6h,0.042,0.117,S/D,198,S/D,1.0,0.0,0,S/D,1.0,0.0,0,S/D,S/D,S/D,0,S/D,S/D,S/D,0
112265,SAN MARTIN DE PORRES,LIMA,LIMA,gfs,pp,20260826,20260924,"00Z,12Z",D1,6h,0.013,0.031,S/D,151,S/D,1.0,0.0,0,S/D,S/D,S/D,0,S/D,S/D,S/D,0,S/D,S/D,S/D,0
112265,SAN MARTIN DE PORRES,LIMA,LIMA,eta5,pp,20260826,20260924,"00Z,12Z",D1,6h,0.024,0.046,S/D,168,S/D,1.0,0.0,0,S/D,S/D,S/D,0,S/D,S/D,S/D,0,S/D,S/D,S/D,0
112265,SAN MARTIN DE PORRES,LIMA,LIMA,wrf5,pp,20260826,20260924,"00Z,12Z",D1,6h,0.004,0.013,S/D,195,S/D,S/D,S/D,0,S/D,S/D,S/D,0,S/D,S/D,S/D,0,S/D,S/D,S/D,0
112265,SAN MARTIN DE PORRES,LIMA,LIMA,mpas15,pp,20260826,20260924,00Z,D1,6h,0.022,0.095,S/D,99,S/D,1.0,0.0,0,S/D,S/D,S/D,0,S/D,S/D,S/D,0,S/D,S/D,S/D,0
112208,SANTA ANITA,LIMA,LIMA,ecmwf,pp,20260826,20260924,"00Z,12Z",D1,6h,S/D,S/D,S/D,0,S/D,S/D,S/D,0,S/D,S/D,S/D,0,S/D,S/D,S/D,0,S/D,S/D,S/D,0
112208,SANTA ANITA,LIMA,LIMA,gfs,pp,20260826,20260924,"00Z,12Z",D1,6h,S/D,S/D,S/D,0,S/D,S/D,S/D,0,S/D,S/D,S/D,0,S/D,S/D,S/D,0,S/D,S/D,S/D,0
112208,SANTA ANITA,LIMA,LIMA,eta5,pp,20260826,20260924,"00Z,12Z",D1,6h,S/D,S/D,S/D,0,S/D,S/D,S/D,0,S/D,S/D,S/D,0,S/D,S/D,S/D,0,S/D,S/D,S/D,0
112208,SANTA ANITA,LIMA,LIMA,wrf5,pp,20260826,20260924,"00Z,12Z",D1,6h,S/D,S/D,S/D,0,S/D,S/D,S/D,0,S/D,S/D,S/D,0,S/D,S/D,S/D,0,S/D,S/D,S/D,0
112208,SANTA ANITA,LIMA,LIMA,mpas15,pp,20260826,20260924,00Z,D1,6h,S/D,S/D,S/D,0,S/D,S/D,S/D,0,S/D,S/D,S/D,0,S/D,S/D,S/D,0,S/D,S/D,S/D,0
472AC278,VON HUMBOLDT,LIMA,LIMA,ecmwf,pp,20260826,20260924,"00Z,12Z",D1,6h,0.039,0.114,0.073,220,0.0,1.0,0.0,2,S/D,1.0,0.0,0,S/D,S/D,S/D,0,S/D,S/D,S/D,0
472AC278,VON HUMBOLDT,LIMA,LIMA,gfs,pp,20260826,20260924,"00Z,12Z",D1,6h,0.011,0.028,0.273,165,1.0,0.0,1.0,2,S/D,S/D,S/D,0,S/D,S/D,S/D,0,S/D,S/D,S/D,0
472AC278,VON HUMBOLDT,LIMA,LIMA,eta5,pp,20260826,20260924,"00Z,12Z",D1,6h,0.001,0.017,-0.028,188,0.0,S/D,0.0,1,S/D,S/D,S/D,0,S/D,S/D,S/D,0,S/D,S/D,S/D,0
472AC278,VON HUMBOLDT,LIMA,LIMA,wrf5,pp,20260826,20260924,"00Z,12Z",D1,6h,-0.001,0.017,0.143,216,0.0,S/D,0.0,2,S/D,S/D,S/D,0,S/D,S/D,S/D,0,S/D,S/D,S/D,0
472AC278,VON HUMBOLDT,LIMA,LIMA,mpas15,pp,20260826,20260924,00Z,D1,6h,0.033,0.17,0.168,110,1.0,0.833,0.167,1,S/D,1.0,0.0,0,S/D,S/D,S/D,0,S/D,S/D,S/D,0
111290,ÑAÑA,LIMA,LIMA,ecmwf,pp,20260826,20260924,"00Z,12Z",D1,6h,0.004,0.036,0.326,234,0.4,0.5,0.286,10,S/D,S/D,S/D,0,S/D,S/D,S/D,0,S/D,S/D,S/D,0
111290,ÑAÑA,LIMA,LIMA,gfs,pp,20260826,20260924,"00Z,12Z",D1,6h,-0.005,0.037,-0.027,176,0.0,S/D,0.0,7,S/D,S/D,S/D,0,S/D,S/D,S/D,0,S/D,S/D,S/D,0
111290,ÑAÑA,LIMA,LIMA,eta5,pp,20260826,20260924,"00Z,12Z",D1,6h,-0.007,0.035,S/D,199,0.0,S/D,0.0,9,S/D,S/D,S/D,0,S/D,S/D,S/D,0,S/D,S/D,S/D,0
111290,ÑAÑA,LIMA,LIMA,wrf5,pp,20260826,20260924,"00Z,12Z",D1,6h,-0.006,0.033,0.113,231,0.0,S/D,0.0,10,S/D,S/D,S/D,0,S/D,S/D,S/D,0,S/D,S/D,S/D,0
111290,ÑAÑA,LIMA,LIMA,mpas15,pp,20260826,20260924,00Z,D1,6h,0.021,0.142,0.035,117,0.4,0.667,0.222,5,S/D,1.0,0.0,0,S/D,S/D,S/D,0,S/D,S/D,S/D,0
110139,PICOY,LIMA,OYON,ecmwf,pp,20260826,20260924,"00Z,12Z",D1,6h,0.618,1.261,0.007,232,0.625,0.96,0.039,8,0.5,0.977,0.022,2,S/D,1.0,0.0,0,S/D,S/D,S/D,0
110139,PICOY,LIMA,OYON,gfs,pp,20260826,20260924,"00Z,12Z",D1,6h,0.811,2.312,0.057,174,0.667,0.955,0.044,6,1.0,0.946,0.054,2,S/D,1.0,0.0,0,S/D,S/D,S/D,0
110139,PICOY,LIMA,OYON,eta5,pp,20260826,20260924,"00Z,12Z",D1,6h,0.351,0.741,0.054,197,0.571,0.947,0.051,7,0.5,0.967,0.032,2,S/D,S/D,S/D,0,S/D,S/D,S/D,0
110139,PICOY,LIMA,OYON,wrf5,pp,20260826,20260924,"00Z,12Z",D1,6h,0.133,0.557,-0.067,229,0.125,0.972,0.023,8,0.0,1.0,0.0,2,S/D,S/D,S/D,0,S/D,S/D,S/D,0
110139,PICOY,LIMA,OYON,mpas15,pp,20260826,20260924,00Z,D1,6h,0.71,1.836,-0.102,116,0.25,0.973,0.025,4,1.0,0.966,0.034,1,S/D,1.0,0.0,0,S/D,S/D,S/D,0
472364DC,CARANIA,LIMA,YAUYOS,ecmwf,pp,20260826,20260924,"00Z,12Z",D1,6h,0.41,1.101,0.32,212,0.929,0.856,0.143,14,0.625,0.844,0.143,8,S/D,1.0,0.0,0,S/D,S/D,S/D,0
472364DC,CARANIA,LIMA,YAUYOS,gfs,pp,20260826,20260924,"00Z,12Z",D1,6h,0.647,1.485,0.394,157,1.0,0.868,0.132,12,0.833,0.853,0.143,6,S/D,1.0,0.0,0,S/D,S/D,S/D,0
472364DC,CARANIA,LIMA,YAUYOS,eta5,pp,20260826,20260924,"00Z,12Z",D1,6h,0.051,0.776,0.244,182,0.538,0.821,0.156,13,0.125,0.917,0.053,8,S/D,S/D,S/D,0,S/D,S/D,S/D,0
472364DC,CARANIA,LIMA,YAUYOS,wrf5,pp,20260826,20260924,"00Z,12Z",D1,6h,0.199,1.224,0.25,208,0.615,0.81,0.17,13,0.286,0.875,0.095,7,S/D,1.0,0.0,0,S/D,S/D,S/D,0
472364DC,CARANIA,LIMA,YAUYOS,mpas15,pp,20260826,20260924,00Z,D1,6h,0.714,1.922,0.328,106,0.857,0.829,0.167,7,0.75,0.88,0.115,4,S/D,1.0,0.0,0,S/D,S/D,S/D,0
104112,SAN REGIS,LORETO,LORETO,ecmwf,pp,20260826,20260924,"00Z,12Z",D1,6h,-0.151,5.024,0.342,136,0.917,0.807,0.19,12,0.5,0.792,0.172,10,0.25,0.714,0.154,8,0.0,S/D,0.0,2
104112,SAN REGIS,LORETO,LORETO,gfs,pp,20260826,20260924,"00Z,12Z",D1,6h,-0.76,5.513,0.11,105,0.4,0.871,0.108,10,0.125,0.909,0.056,8,0.0,1.0,0.0,6,0.0,S/D,0.0,2
104112,SAN REGIS,LORETO,LORETO,eta5,pp,20260826,20260924,"00Z,12Z",D1,6h,-0.496,5.288,0.112,118,0.545,0.833,0.146,11,0.333,0.88,0.097,9,0.0,1.0,0.0,7,0.0,S/D,0.0,2
104112,SAN REGIS,LORETO,LORETO,wrf5,pp,20260826,20260924,"00Z,12Z",D1,6h,-0.633,5.135,0.087,135,0.182,0.895,0.071,11,0.111,0.875,0.062,9,0.0,1.0,0.0,8,0.0,S/D,0.0,2
104112,SAN REGIS,LORETO,LORETO,mpas15,pp,20260826,20260924,00Z,D1,6h,0.136,4.669,0.39,68,1.0,0.818,0.182,6,0.8,0.765,0.222,5,0.5,0.5,0.333,4,0.0,S/D,0.0,1
4727547C,CABALLOCOCHA,LORETO,MARISCAL RAMON CASTILLA,ecmwf,pp,20260826,20260924,"00Z,12Z",D1,6h,S/D,S/D,S/D,0,S/D,S/D,S/D,0,S/D,S/D,S/D,0,S/D,S/D,S/D,0,S/D,S/D,S/D,0
4727547C,CABALLOCOCHA,LORETO,MARISCAL RAMON CASTILLA,gfs,pp,20260826,20260924,"00Z,12Z",D1,6h,S/D,S/D,S/D,0,S/D,S/D,S/D,0,S/D,S/D,S/D,0,S/D,S/D,S/D,0,S/D,S/D,S/D,0
4727547C,CABALLOCOCHA,LORETO,MARISCAL RAMON CASTILLA,eta5,pp,20260826,20260924,"00Z,12Z",D1,6h,S/D,S/D,S/D,0,S/D,S/D,S/D,0,S/D,S/D,S/D,0,S/D,S/D,S/D,0,S/D,S/D,S/D,0
4727547C,CABALLOCOCHA,LORETO,MARISCAL RAMON CASTILLA,wrf5,pp,20260826,20260924,"00Z,12Z",D1,6h,S/D,S/D,S/D,0,S/D,S/D,S/D,0,S/D,S/D,S/D,0,S/D,S/D,S/D,0,S/D,S/D,S/D,0
4727547C,CABALLOCOCHA,LORETO,MARISCAL RAMON CASTILLA,mpas15,pp,20260826,20260924,00Z,D1,6h,S/D,S/D,S/D,0,S/D,S/D,S/D,0,S/D,S/D,S/D,0,S/D,S/D,S/D,0,S/D,S/D,S/D,0
47288486,PEBAS,LORETO,MARISCAL RAMON CASTILLA,ecmwf,pp,20260826,20260924,"00Z,12Z",D1,6h,S/D,S/D,S/D,0,S/D,S/D,S/D,0,S/D,S/D,S/D,0,S/D,S/D,S/D,0,S/D,S/D,S/D,0
47288486,PEBAS,LORETO,MARISCAL RAMON CASTILLA,gfs,pp,20260826,20260924,"00Z,12Z",D1,6h,S/D,S/D,S/D,0,S/D,S/D,S/D,0,S/D,S/D,S/D,0,S/D,S/D,S/D,0,S/D,S/D,S/D,0
47288486,PEBAS,LORETO,MARISCAL RAMON CASTILLA,eta5,pp,20260826,20260924,"00Z,12Z",D1,6h,S/D,S/D,S/D,0,S/D,S/D,S/D,0,S/D,S/D,S/D,0,S/D,S/D,S/D,0,S/D,S/D,S/D,0
47288486,PEBAS,LORETO,MARISCAL RAMON CASTILLA,wrf5,pp,20260826,20260924,"00Z,12Z",D1,6h,S/D,S/D,S/D,0,S/D,S/D,S/D,0,S/D,S/D,S/D,0,S/D,S/D,S/D,0,S/D,S/D,S/D,0
47288486,PEBAS,LORETO,MARISCAL RAMON CASTILLA,mpas15,pp,20260826,20260924,00Z,D1,6h,S/D,S/D,S/D,0,S/D,S/D,S/D,0,S/D,S/D,S/D,0,S/D,S/D,S/D,0,S/D,S/D,S/D,0
103065,AMAZONAS,LORETO,MAYNAS,ecmwf,pp,20260826,20260924,"00Z,12Z",D1,6h,S/D,S/D,S/D,0,S/D,S/D,S/D,0,S/D,S/D,S/D,0,S/D,S/D,S/D,0,S/D,S/D,S/D,0
103065,AMAZONAS,LORETO,MAYNAS,gfs,pp,20260826,20260924,"00Z,12Z",D1,6h,S/D,S/D,S/D,0,S/D,S/D,S/D,0,S/D,S/D,S/D,0,S/D,S/D,S/D,0,S/D,S/D,S/D,0
103065,AMAZONAS,LORETO,MAYNAS,eta5,pp,20260826,20260924,"00Z,12Z",D1,6h,S/D,S/D,S/D,0,S/D,S/D,S/D,0,S/D,S/D,S/D,0,S/D,S/D,S/D,0,S/D,S/D,S/D,0
103065,AMAZONAS,LORETO,MAYNAS,wrf5,pp,20260826,20260924,"00Z,12Z",D1,6h,S/D,S/D,S/D,0,S/D,S/D,S/D,0,S/D,S/D,S/D,0,S/D,S/D,S/D,0,S/D,S/D,S/D,0
103065,AMAZONAS,LORETO,MAYNAS,mpas15,pp,20260826,20260924,00Z,D1,6h,S/D,S/D,S/D,0,S/D,S/D,S/D,0,S/D,S/D,S/D,0,S/D,S/D,S/D,0,S/D,S/D,S/D,0
47252718,ENAPU PERU,LORETO,MAYNAS,ecmwf,pp,20260826,20260924,"00Z,12Z",D1,6h,0.573,3.259,0.111,218,0.615,0.871,0.119,26,0.444,0.867,0.114,18,0.0,1.0,0.0,8,S/D,S/D,S/D,0
47252718,ENAPU PERU,LORETO,MAYNAS,gfs,pp,20260826,20260924,"00Z,12Z",D1,6h,0.256,2.814,0.241,161,0.667,0.785,0.194,21,0.429,0.838,0.133,14,0.167,0.889,0.071,6,S/D,S/D,S/D,0
47252718,ENAPU PERU,LORETO,MAYNAS,eta5,pp,20260826,20260924,"00Z,12Z",D1,6h,0.075,2.318,0.21,187,0.619,0.8,0.178,21,0.4,0.833,0.133,15,0.0,1.0,0.0,7,S/D,S/D,S/D,0
47252718,ENAPU PERU,LORETO,MAYNAS,wrf5,pp,20260826,20260924,"00Z,12Z",D1,6h,0.931,7.006,0.172,214,0.5,0.759,0.194,26,0.222,0.862,0.093,18,0.125,0.917,0.053,8,S/D,1.0,0.0,0
47252718,ENAPU PERU,LORETO,MAYNAS,mpas15,pp,20260826,20260924,00Z,D1,6h,0.779,3.569,-0.076,109,0.385,0.902,0.085,13,0.333,0.921,0.068,9,0.0,1.0,0.0,4,S/D,S/D,S/D,0
47287402,CONTAMANA,LORETO,UCAYALI,ecmwf,pp,20260826,20260924,"00Z,12Z",D1,6h,S/D,S/D,S/D,0,S/D,S/D,S/D,0,S/D,S/D,S/D,0,S/D,S/D,S/D,0,S/D,S/D,S/D,0
47287402,CONTAMANA,LORETO,UCAYALI,gfs,pp,20260826,20260924,"00Z,12Z",D1,6h,S/D,S/D,S/D,0,S/D,S/D,S/D,0,S/D,S/D,S/D,0,S/D,S/D,S/D,0,S/D,S/D,S/D,0
47287402,CONTAMANA,LORETO,UCAYALI,eta5,pp,20260826,20260924,"00Z,12Z",D1,6h,S/D,S/D,S/D,0,S/D,S/D,S/D,0,S/D,S/D,S/D,0,S/D,S/D,S/D,0,S/D,S/D,S/D,0
47287402,CONTAMANA,LORETO,UCAYALI,wrf5,pp,20260826,20260924,"00Z,12Z",D1,6h,S/D,S/D,S/D,0,S/D,S/D,S/D,0,S/D,S/D,S/D,0,S/D,S/D,S/D,0,S/D,S/D,S/D,0
47287402,CONTAMANA,LORETO,UCAYALI,mpas15,pp,20260826,20260924,00Z,D1,6h,S/D,S/D,S/D,0,S/D,S/D,S/D,0,S/D,S/D,S/D,0,S/D,S/D,S/D,0,S/D,S/D,S/D,0
47E8201A,SALVACION,MADRE DE DIOS,MANU,ecmwf,pp,20260826,20260924,"00Z,12Z",D1,6h,-0.674,6.967,0.436,228,0.8,0.571,0.387,60,0.523,0.489,0.348,44,0.35,0.5,0.259,20,0.167,0.667,0.125,6
47E8201A,SALVACION,MADRE DE DIOS,MANU,gfs,pp,20260826,20260924,"00Z,12Z",D1,6h,-0.862,7.041,0.456,172,0.739,0.507,0.42,46,0.353,0.636,0.218,34,0.133,0.818,0.083,15,0.0,S/D,0.0,4
47E8201A,SALVACION,MADRE DE DIOS,MANU,eta5,pp,20260826,20260924,"00Z,12Z",D1,6h,-1.599,7.686,0.23,193,0.607,0.642,0.291,56,0.333,0.659,0.203,42,0.0,S/D,0.0,19,0.0,S/D,0.0,6
47E8201A,SALVACION,MADRE DE DIOS,MANU,wrf5,pp,20260826,20260924,"00Z,12Z",D1,6h,-0.824,8.848,0.277,225,0.414,0.538,0.279,58,0.333,0.517,0.246,42,0.2,0.6,0.154,20,0.0,1.0,0.0,6
47E8201A,SALVACION,MADRE DE DIOS,MANU,mpas15,pp,20260826,20260924,00Z,D1,6h,1.683,9.246,0.255,114,0.7,0.7,0.266,30,0.818,0.7,0.281,22,0.5,0.773,0.185,10,0.0,1.0,0.0,3
472587E0,IÑAPARI,MADRE DE DIOS,TAHUAMANU,ecmwf,pp,20260826,20260924,"00Z,12Z",D1,6h,-0.719,7.178,0.362,214,0.917,0.831,0.167,12,0.8,0.68,0.296,10,0.6,0.5,0.375,10,0.0,S/D,0.0,4
472587E0,IÑAPARI,MADRE DE DIOS,TAHUAMANU,gfs,pp,20260826,20260924,"00Z,12Z",D1,6h,-0.905,7.348,0.34,160,0.75,0.769,0.214,8,0.571,0.429,0.4,7,0.571,0.333,0.444,7,0.0,1.0,0.0,3
472587E0,IÑAPARI,MADRE DE DIOS,TAHUAMANU,eta5,pp,20260826,20260924,"00Z,12Z",D1,6h,-1.605,8.406,0.418,183,0.583,0.708,0.241,12,0.5,0.5,0.333,10,0.1,0.0,0.1,10,0.0,S/D,0.0,4
472587E0,IÑAPARI,MADRE DE DIOS,TAHUAMANU,wrf5,pp,20260826,20260924,"00Z,12Z",D1,6h,-1.386,8.097,0.404,210,0.417,0.583,0.263,12,0.2,0.5,0.167,10,0.0,1.0,0.0,10,0.0,S/D,0.0,4
472587E0,IÑAPARI,MADRE DE DIOS,TAHUAMANU,mpas15,pp,20260826,20260924,00Z,D1,6h,-0.312,5.352,0.374,107,1.0,0.793,0.207,6,1.0,0.8,0.2,5,0.8,0.333,0.571,5,0.0,S/D,0.0,2
260403,CACHUELA,MADRE DE DIOS,TAMBOPATA,ecmwf,pp,20260826,20260924,"00Z,12Z",D1,6h,0.187,3.613,0.301,234,0.9,0.889,0.11,10,0.625,0.828,0.156,8,0.5,0.889,0.1,2,0.0,S/D,0.0,2
260403,CACHUELA,MADRE DE DIOS,TAMBOPATA,gfs,pp,20260826,20260924,"00Z,12Z",D1,6h,0.004,2.899,0.249,176,0.571,0.871,0.118,7,0.2,0.941,0.048,5,0.0,1.0,0.0,1,0.0,S/D,0.0,1
260403,CACHUELA,MADRE DE DIOS,TAMBOPATA,eta5,pp,20260826,20260924,"00Z,12Z",D1,6h,-0.309,3.787,0.109,199,0.3,0.885,0.091,10,0.125,0.909,0.056,8,0.0,S/D,0.0,2,0.0,S/D,0.0,2
260403,CACHUELA,MADRE DE DIOS,TAMBOPATA,wrf5,pp,20260826,20260924,"00Z,12Z",D1,6h,-0.218,4.169,0.056,231,0.0,1.0,0.0,10,0.0,1.0,0.0,8,0.0,1.0,0.0,2,0.0,1.0,0.0,2
260403,CACHUELA,MADRE DE DIOS,TAMBOPATA,mpas15,pp,20260826,20260924,00Z,D1,6h,0.715,4.265,0.302,117,1.0,0.861,0.139,5,0.75,0.9,0.097,4,0.0,1.0,0.0,1,0.0,S/D,0.0,1
47E8336C,MALINOWSKY,MADRE DE DIOS,TAMBOPATA,ecmwf,pp,20260826,20260924,"00Z,12Z",D1,6h,0.091,4.266,0.263,232,0.643,0.887,0.106,14,0.625,0.839,0.147,8,1.0,0.778,0.222,2,0.0,S/D,0.0,2
47E8336C,MALINOWSKY,MADRE DE DIOS,TAMBOPATA,gfs,pp,20260826,20260924,"00Z,12Z",D1,6h,-0.269,4.671,0.198,174,0.5,0.833,0.143,10,0.667,0.75,0.222,6,0.5,0.667,0.25,2,0.0,S/D,0.0,2
47E8336C,MALINOWSKY,MADRE DE DIOS,TAMBOPATA,eta5,pp,20260826,20260924,"00Z,12Z",D1,6h,-0.379,4.867,0.193,197,0.429,0.786,0.167,14,0.375,0.786,0.158,8,0.0,1.0,0.0,2,0.0,S/D,0.0,2
47E8336C,MALINOWSKY,MADRE DE DIOS,TAMBOPATA,wrf5,pp,20260826,20260924,"00Z,12Z",D1,6h,-0.393,4.587,0.041,229,0.143,0.818,0.087,14,0.125,0.8,0.083,8,0.0,1.0,0.0,2,0.0,S/D,0.0,2
47E8336C,MALINOWSKY,MADRE DE DIOS,TAMBOPATA,mpas15,pp,20260826,20260924,00Z,D1,6h,1.142,4.615,0.198,116,0.714,0.875,0.119,7,0.75,0.906,0.091,4,1.0,0.95,0.05,1,0.0,S/D,0.0,1
260402,PUENTE HERRERA,MADRE DE DIOS,TAMBOPATA,ecmwf,pp,20260826,20260924,"00Z,12Z",D1,6h,0.585,2.022,S/D,234,S/D,1.0,0.0,0,S/D,1.0,0.0,0,S/D,1.0,0.0,0,S/D,S/D,S/D,0
260402,PUENTE HERRERA,MADRE DE DIOS,TAMBOPATA,gfs,pp,20260826,20260924,"00Z,12Z",D1,6h,0.282,0.893,S/D,176,S/D,1.0,0.0,0,S/D,1.0,0.0,0,S/D,1.0,0.0,0,S/D,S/D,S/D,0
260402,PUENTE HERRERA,MADRE DE DIOS,TAMBOPATA,eta5,pp,20260826,20260924,"00Z,12Z",D1,6h,0.16,0.611,S/D,199,S/D,1.0,0.0,0,S/D,1.0,0.0,0,S/D,S/D,S/D,0,S/D,S/D,S/D,0
260402,PUENTE HERRERA,MADRE DE DIOS,TAMBOPATA,wrf5,pp,20260826,20260924,"00Z,12Z",D1,6h,0.186,2.278,S/D,231,S/D,1.0,0.0,0,S/D,1.0,0.0,0,S/D,1.0,0.0,0,S/D,1.0,0.0,0
260402,PUENTE HERRERA,MADRE DE DIOS,TAMBOPATA,mpas15,pp,20260826,20260924,00Z,D1,6h,1.113,2.803,S/D,117,S/D,1.0,0.0,0,S/D,1.0,0.0,0,S/D,1.0,0.0,0,S/D,S/D,S/D,0
112279,PUERTO MALDONADO,MADRE DE DIOS,TAMBOPATA,ecmwf,pp,20260826,20260924,"00Z,12Z",D1,6h,0.395,2.09,0.343,236,0.778,0.827,0.165,18,0.667,0.862,0.129,6,0.25,0.889,0.083,4,S/D,S/D,S/D,0
112279,PUERTO MALDONADO,MADRE DE DIOS,TAMBOPATA,gfs,pp,20260826,20260924,"00Z,12Z",D1,6h,0.149,1.267,0.37,178,0.643,0.719,0.243,14,0.333,0.941,0.053,3,0.0,1.0,0.0,2,S/D,S/D,S/D,0
112279,PUERTO MALDONADO,MADRE DE DIOS,TAMBOPATA,eta5,pp,20260826,20260924,"00Z,12Z",D1,6h,-0.059,1.451,0.117,201,0.222,0.846,0.1,18,0.167,0.909,0.062,6,0.0,S/D,0.0,4,S/D,S/D,S/D,0
112279,PUERTO MALDONADO,MADRE DE DIOS,TAMBOPATA,wrf5,pp,20260826,20260924,"00Z,12Z",D1,6h,0.052,3.368,0.111,232,0.111,0.818,0.074,18,0.0,1.0,0.0,6,0.0,1.0,0.0,4,S/D,1.0,0.0,0
112279,PUERTO MALDONADO,MADRE DE DIOS,TAMBOPATA,mpas15,pp,20260826,20260924,00Z,D1,6h,0.919,2.858,0.278,118,0.667,0.833,0.154,9,0.667,0.933,0.065,3,0.5,0.9,0.091,2,S/D,S/D,S/D,0
260002,TAMBOPATA,MADRE DE DIOS,TAMBOPATA,ecmwf,pp,20260826,20260924,"00Z,12Z",D1,6h,S/D,S/D,S/D,0,S/D,S/D,S/D,0,S/D,S/D,S/D,0,S/D,S/D,S/D,0,S/D,S/D,S/D,0
260002,TAMBOPATA,MADRE DE DIOS,TAMBOPATA,gfs,pp,20260826,20260924,"00Z,12Z",D1,6h,S/D,S/D,S/D,0,S/D,S/D,S/D,0,S/D,S/D,S/D,0,S/D,S/D,S/D,0,S/D,S/D,S/D,0
260002,TAMBOPATA,MADRE DE DIOS,TAMBOPATA,eta5,pp,20260826,20260924,"00Z,12Z",D1,6h,S/D,S/D,S/D,0,S/D,S/D,S/D,0,S/D,S/D,S/D,0,S/D,S/D,S/D,0,S/D,S/D,S/D,0
260002,TAMBOPATA,MADRE DE DIOS,TAMBOPATA,wrf5,pp,20260826,20260924,"00Z,12Z",D1,6h,S/D,S/D,S/D,0,S/D,S/D,S/D,0,S/D,S/D,S/D,0,S/D,S/D,S/D,0,S/D,S/D,S/D,0
260002,TAMBOPATA,MADRE DE DIOS,TAMBOPATA,mpas15,pp,20260826,20260924,00Z,D1,6h,S/D,S/D,S/D,0,S/D,S/D,S/D,0,S/D,S/D,S/D,0,S/D,S/D,S/D,0,S/D,S/D,S/D,0
4723F1BE,MOQUEGUA,MOQUEGUA,MARISCAL NIETO,ecmwf,pp,20260826,20260924,"00Z,12Z",D1,6h,0.006,0.028,S/D,232,S/D,1.0,0.0,0,S/D,S/D,S/D,0,S/D,S/D,S/D,0,S/D,S/D,S/D,0
4723F1BE,MOQUEGUA,MOQUEGUA,MARISCAL NIETO,gfs,pp,20260826,20260924,"00Z,12Z",D1,6h,0.0,0.005,S/D,175,S/D,S/D,S/D,0,S/D,S/D,S/D,0,S/D,S/D,S/D,0,S/D,S/D,S/D,0
4723F1BE,MOQUEGUA,MOQUEGUA,MARISCAL NIETO,eta5,pp,20260826,20260924,"00Z,12Z",D1,6h,0.0,0.0,S/D,197,S/D,S/D,S/D,0,S/D,S/D,S/D,0,S/D,S/D,S/D,0,S/D,S/D,S/D,0
4723F1BE,MOQUEGUA,MOQUEGUA,MARISCAL NIETO,wrf5,pp,20260826,20260924,"00Z,12Z",D1,6h,0.0,0.002,S/D,228,S/D,S/D,S/D,0,S/D,S/D,S/D,0,S/D,S/D,S/D,0,S/D,S/D,S/D,0
4723F1BE,MOQUEGUA,MOQUEGUA,MARISCAL NIETO,mpas15,pp,20260826,20260924,00Z,D1,6h,0.0,0.0,S/D,116,S/D,S/D,S/D,0,S/D,S/D,S/D,0,S/D,S/D,S/D,0,S/D,S/D,S/D,0
110137,12 DE OCTUBRE,PASCO,DANIEL ALCIDES CARRION,ecmwf,pp,20260826,20260924,"00Z,12Z",D1,6h,0.345,1.405,0.294,232,0.7,0.733,0.239,40,0.5,0.881,0.106,10,0.0,1.0,0.0,2,S/D,S/D,S/D,0
110137,12 DE OCTUBRE,PASCO,DANIEL ALCIDES CARRION,gfs,pp,20260826,20260924,"00Z,12Z",D1,6h,0.457,1.219,0.444,175,0.967,0.724,0.274,30,0.857,0.838,0.158,7,0.0,1.0,0.0,1,S/D,S/D,S/D,0
110137,12 DE OCTUBRE,PASCO,DANIEL ALCIDES CARRION,eta5,pp,20260826,20260924,"00Z,12Z",D1,6h,-0.089,1.046,0.278,197,0.618,0.667,0.276,34,0.0,1.0,0.0,9,0.0,S/D,0.0,2,S/D,S/D,S/D,0
110137,12 DE OCTUBRE,PASCO,DANIEL ALCIDES CARRION,wrf5,pp,20260826,20260924,"00Z,12Z",D1,6h,0.162,1.453,0.478,229,0.625,0.49,0.391,40,0.5,0.8,0.167,10,0.0,1.0,0.0,2,S/D,S/D,S/D,0
110137,12 DE OCTUBRE,PASCO,DANIEL ALCIDES CARRION,mpas15,pp,20260826,20260924,00Z,D1,6h,0.885,2.346,0.24,116,0.7,0.725,0.246,20,0.6,0.925,0.071,5,0.0,1.0,0.0,1,S/D,S/D,S/D,0
4725D79C,OXAPAMPA,PASCO,OXAPAMPA,ecmwf,pp,20260826,20260924,"00Z,12Z",D1,6h,0.737,2.36,0.182,234,0.84,0.742,0.246,50,0.6,0.842,0.143,30,0.0,1.0,0.0,8,S/D,S/D,S/D,0
4725D79C,OXAPAMPA,PASCO,OXAPAMPA,gfs,pp,20260826,20260924,"00Z,12Z",D1,6h,1.243,2.643,0.32,176,0.975,0.719,0.279,40,0.8,0.792,0.198,25,0.286,0.818,0.125,7,S/D,S/D,S/D,0
4725D79C,OXAPAMPA,PASCO,OXAPAMPA,eta5,pp,20260826,20260924,"00Z,12Z",D1,6h,-0.457,1.797,0.029,199,0.25,0.744,0.145,44,0.0,1.0,0.0,26,0.0,S/D,0.0,8,S/D,S/D,S/D,0
4725D79C,OXAPAMPA,PASCO,OXAPAMPA,wrf5,pp,20260826,20260924,"00Z,12Z",D1,6h,-0.104,1.772,0.294,231,0.542,0.639,0.277,48,0.207,0.829,0.103,29,0.0,1.0,0.0,8,S/D,S/D,S/D,0
4725D79C,OXAPAMPA,PASCO,OXAPAMPA,mpas15,pp,20260826,20260924,00Z,D1,6h,0.619,2.353,0.19,117,0.6,0.717,0.238,25,0.467,0.857,0.123,15,0.0,1.0,0.0,4,S/D,S/D,S/D,0
109093,PUERTO BERMUDEZ,PASCO,OXAPAMPA,ecmwf,pp,20260826,20260924,"00Z,12Z",D1,6h,-0.67,9.27,0.307,232,0.87,0.695,0.292,54,0.583,0.677,0.263,36,0.292,0.72,0.167,24,0.0,S/D,0.0,4
109093,PUERTO BERMUDEZ,PASCO,OXAPAMPA,gfs,pp,20260826,20260924,"00Z,12Z",D1,6h,-1.175,9.007,0.261,174,0.667,0.717,0.248,42,0.593,0.667,0.271,27,0.421,0.385,0.333,19,0.0,S/D,0.0,3
109093,PUERTO BERMUDEZ,PASCO,OXAPAMPA,eta5,pp,20260826,20260924,"00Z,12Z",D1,6h,-1.783,9.053,0.222,197,0.596,0.674,0.267,47,0.438,0.641,0.246,32,0.05,0.0,0.05,20,0.0,S/D,0.0,3
109093,PUERTO BERMUDEZ,PASCO,OXAPAMPA,wrf5,pp,20260826,20260924,"00Z,12Z",D1,6h,-2.026,9.265,0.369,229,0.352,0.345,0.297,54,0.222,0.467,0.186,36,0.167,0.0,0.167,24,0.0,1.0,0.0,4
109093,PUERTO BERMUDEZ,PASCO,OXAPAMPA,mpas15,pp,20260826,20260924,00Z,D1,6h,-0.515,9.345,0.323,116,0.741,0.655,0.308,27,0.722,0.717,0.255,18,0.333,0.692,0.19,12,0.0,1.0,0.0,2
104114,ALTO DE POCLUS,PIURA,AYABACA,ecmwf,pp,20260826,20260924,"00Z,12Z",D1,6h,0.581,0.975,S/D,6,S/D,1.0,0.0,0,S/D,1.0,0.0,0,S/D,S/D,S/D,0,S/D,S/D,S/D,0
104114,ALTO DE POCLUS,PIURA,AYABACA,gfs,pp,20260826,20260924,"00Z,12Z",D1,6h,0.292,0.506,S/D,6,S/D,1.0,0.0,0,S/D,S/D,S/D,0,S/D,S/D,S/D,0,S/D,S/D,S/D,0
104114,ALTO DE POCLUS,PIURA,AYABACA,eta5,pp,20260826,20260924,"00Z,12Z",D1,6h,0.0,0.0,S/D,5,S/D,S/D,S/D,0,S/D,S/D,S/D,0,S/D,S/D,S/D,0,S/D,S/D,S/D,0
104114,ALTO DE POCLUS,PIURA,AYABACA,wrf5,pp,20260826,20260924,"00Z,12Z",D1,6h,1.269,2.575,S/D,6,S/D,1.0,0.0,0,S/D,1.0,0.0,0,S/D,1.0,0.0,0,S/D,S/D,S/D,0
104114,ALTO DE POCLUS,PIURA,AYABACA,mpas15,pp,20260826,20260924,00Z,D1,6h,1.0,1.732,S/D,3,S/D,1.0,0.0,0,S/D,1.0,0.0,0,S/D,S/D,S/D,0,S/D,S/D,S/D,0
47E9177A,EL CIRUELO,PIURA,AYABACA,ecmwf,pp,20260826,20260924,"00Z,12Z",D1,6h,0.699,2.296,0.255,230,0.722,0.841,0.149,18,0.667,0.886,0.108,6,0.0,1.0,0.0,2,S/D,S/D,S/D,0
47E9177A,EL CIRUELO,PIURA,AYABACA,gfs,pp,20260826,20260924,"00Z,12Z",D1,6h,0.355,1.199,0.3,173,0.769,0.821,0.169,13,0.75,0.833,0.158,4,1.0,0.8,0.2,1,S/D,S/D,S/D,0
47E9177A,EL CIRUELO,PIURA,AYABACA,eta5,pp,20260826,20260924,"00Z,12Z",D1,6h,0.414,1.111,0.223,195,0.538,0.881,0.108,13,0.5,0.951,0.047,4,0.0,S/D,0.0,2,S/D,S/D,S/D,0
47E9177A,EL CIRUELO,PIURA,AYABACA,wrf5,pp,20260826,20260924,"00Z,12Z",D1,6h,0.428,3.181,0.216,227,0.389,0.794,0.156,18,0.667,0.733,0.235,6,1.0,0.667,0.333,2,S/D,1.0,0.0,0
47E9177A,EL CIRUELO,PIURA,AYABACA,mpas15,pp,20260826,20260924,00Z,D1,6h,0.364,1.339,0.063,115,0.444,0.846,0.129,9,0.333,0.938,0.056,3,0.0,1.0,0.0,1,S/D,S/D,S/D,0
47E281B0,HUALCUY,PIURA,AYABACA,ecmwf,pp,20260826,20260924,"00Z,12Z",D1,6h,0.283,1.845,0.189,234,0.727,0.862,0.131,22,0.333,0.938,0.056,6,0.167,0.667,0.125,6,S/D,S/D,S/D,0
47E281B0,HUALCUY,PIURA,AYABACA,gfs,pp,20260826,20260924,"00Z,12Z",D1,6h,-0.013,1.532,0.098,177,0.611,0.838,0.147,18,0.4,0.778,0.167,5,0.2,0.0,0.2,5,S/D,S/D,S/D,0
47E281B0,HUALCUY,PIURA,AYABACA,eta5,pp,20260826,20260924,"00Z,12Z",D1,6h,-0.22,1.617,0.056,199,0.167,0.833,0.091,18,0.2,0.667,0.143,5,0.0,S/D,0.0,5,S/D,S/D,S/D,0
47E281B0,HUALCUY,PIURA,AYABACA,wrf5,pp,20260826,20260924,"00Z,12Z",D1,6h,-0.148,1.511,0.205,230,0.136,0.769,0.094,22,0.333,0.667,0.2,6,0.333,0.0,0.333,6,S/D,S/D,S/D,0
47E281B0,HUALCUY,PIURA,AYABACA,mpas15,pp,20260826,20260924,00Z,D1,6h,0.173,1.85,0.096,117,0.455,0.783,0.172,11,0.333,0.941,0.053,3,0.333,0.5,0.25,3,S/D,S/D,S/D,0
472FC5B8,PAIMAS,PIURA,AYABACA,ecmwf,pp,20260826,20260924,"00Z,12Z",D1,6h,0.501,1.182,0.137,236,0.75,0.952,0.048,8,1.0,0.955,0.045,2,1.0,0.6,0.4,2,S/D,S/D,S/D,0
472FC5B8,PAIMAS,PIURA,AYABACA,gfs,pp,20260826,20260924,"00Z,12Z",D1,6h,0.125,1.225,0.103,178,0.571,0.929,0.068,7,1.0,0.857,0.143,2,0.0,1.0,0.0,2,S/D,S/D,S/D,0
472FC5B8,PAIMAS,PIURA,AYABACA,eta5,pp,20260826,20260924,"00Z,12Z",D1,6h,0.135,0.999,0.069,201,0.5,0.941,0.056,6,1.0,0.944,0.056,1,0.0,S/D,0.0,1,S/D,S/D,S/D,0
472FC5B8,PAIMAS,PIURA,AYABACA,wrf5,pp,20260826,20260924,"00Z,12Z",D1,6h,-0.076,1.254,0.115,232,0.25,0.846,0.105,8,0.5,0.667,0.25,2,0.0,1.0,0.0,2,S/D,S/D,S/D,0
472FC5B8,PAIMAS,PIURA,AYABACA,mpas15,pp,20260826,20260924,00Z,D1,6h,0.165,1.194,0.104,118,0.5,0.923,0.071,4,1.0,0.938,0.062,1,0.0,S/D,0.0,1,S/D,S/D,S/D,0
47E0C74E,PUENTE MACARA,PIURA,AYABACA,ecmwf,pp,20260826,20260924,"00Z,12Z",D1,6h,0.419,1.544,0.214,232,1.0,0.947,0.053,4,S/D,1.0,0.0,0,S/D,1.0,0.0,0,S/D,S/D,S/D,0
47E0C74E,PUENTE MACARA,PIURA,AYABACA,gfs,pp,20260826,20260924,"00Z,12Z",D1,6h,0.183,0.888,0.315,175,1.0,0.897,0.103,3,S/D,1.0,0.0,0,S/D,1.0,0.0,0,S/D,S/D,S/D,0
47E0C74E,PUENTE MACARA,PIURA,AYABACA,eta5,pp,20260826,20260924,"00Z,12Z",D1,6h,0.511,1.071,0.241,197,1.0,0.954,0.046,3,S/D,1.0,0.0,0,S/D,S/D,S/D,0,S/D,S/D,S/D,0
47E0C74E,PUENTE MACARA,PIURA,AYABACA,wrf5,pp,20260826,20260924,"00Z,12Z",D1,6h,0.077,0.51,0.191,228,0.5,0.857,0.125,4,S/D,1.0,0.0,0,S/D,1.0,0.0,0,S/D,S/D,S/D,0
47E0C74E,PUENTE MACARA,PIURA,AYABACA,mpas15,pp,20260826,20260924,00Z,D1,6h,0.701,2.122,0.175,116,1.0,0.943,0.057,2,S/D,1.0,0.0,0,S/D,1.0,0.0,0,S/D,S/D,S/D,0
472FF022,SAPILLICA,PIURA,AYABACA,ecmwf,pp,20260826,20260924,"00Z,12Z",D1,6h,0.513,1.125,0.242,234,0.574,0.748,0.212,54,1.0,0.909,0.091,4,1.0,0.6,0.4,2,S/D,S/D,S/D,0
472FF022,SAPILLICA,PIURA,AYABACA,gfs,pp,20260826,20260924,"00Z,12Z",D1,6h,0.156,0.715,0.175,176,0.429,0.679,0.225,42,0.667,0.857,0.133,3,0.0,1.0,0.0,2,S/D,S/D,S/D,0
472FF022,SAPILLICA,PIURA,AYABACA,eta5,pp,20260826,20260924,"00Z,12Z",D1,6h,0.022,0.514,0.089,199,0.222,0.706,0.145,45,0.333,0.857,0.111,3,0.0,S/D,0.0,1,S/D,S/D,S/D,0
472FF022,SAPILLICA,PIURA,AYABACA,wrf5,pp,20260826,20260924,"00Z,12Z",D1,6h,-0.058,0.693,0.312,230,0.241,0.188,0.228,54,0.0,1.0,0.0,4,0.0,S/D,0.0,2,S/D,S/D,S/D,0
472FF022,SAPILLICA,PIURA,AYABACA,mpas15,pp,20260826,20260924,00Z,D1,6h,0.216,0.74,0.171,117,0.37,0.655,0.217,27,1.0,0.882,0.118,2,0.0,1.0,0.0,1,S/D,S/D,S/D,0
472F86B2,CANCHAQUE,PIURA,HUANCABAMBA,ecmwf,pp,20260826,20260924,"00Z,12Z",D1,6h,0.167,0.668,0.26,236,0.522,0.73,0.216,46,0.5,0.778,0.182,8,S/D,S/D,S/D,0,S/D,S/D,S/D,0
472F86B2,CANCHAQUE,PIURA,HUANCABAMBA,gfs,pp,20260826,20260924,"00Z,12Z",D1,6h,0.141,0.615,0.29,178,0.583,0.65,0.28,36,0.571,0.556,0.333,7,S/D,1.0,0.0,0,S/D,S/D,S/D,0
472F86B2,CANCHAQUE,PIURA,HUANCABAMBA,eta5,pp,20260826,20260924,"00Z,12Z",D1,6h,-0.03,0.454,0.322,201,0.333,0.613,0.218,36,0.143,0.667,0.111,7,S/D,S/D,S/D,0,S/D,S/D,S/D,0
472F86B2,CANCHAQUE,PIURA,HUANCABAMBA,wrf5,pp,20260826,20260924,"00Z,12Z",D1,6h,-0.1,0.422,0.358,232,0.133,0.25,0.128,45,0.125,0.0,0.125,8,S/D,S/D,S/D,0,S/D,S/D,S/D,0
472F86B2,CANCHAQUE,PIURA,HUANCABAMBA,mpas15,pp,20260826,20260924,00Z,D1,6h,0.1,0.606,0.08,118,0.217,0.722,0.139,23,0.5,0.818,0.154,4,S/D,1.0,0.0,0,S/D,S/D,S/D,0
472FE354,HUANCABAMBA,PIURA,HUANCABAMBA,ecmwf,pp,20260826,20260924,"00Z,12Z",D1,6h,0.413,1.047,0.231,236,0.75,0.825,0.165,24,0.0,1.0,0.0,2,S/D,1.0,0.0,0,S/D,S/D,S/D,0
472FE354,HUANCABAMBA,PIURA,HUANCABAMBA,gfs,pp,20260826,20260924,"00Z,12Z",D1,6h,0.267,0.869,0.102,178,0.529,0.878,0.11,17,0.5,0.929,0.067,2,S/D,1.0,0.0,0,S/D,S/D,S/D,0
472FE354,HUANCABAMBA,PIURA,HUANCABAMBA,eta5,pp,20260826,20260924,"00Z,12Z",D1,6h,-0.015,0.205,0.034,201,0.0,1.0,0.0,17,0.0,S/D,0.0,2,S/D,S/D,S/D,0,S/D,S/D,S/D,0
472FE354,HUANCABAMBA,PIURA,HUANCABAMBA,wrf5,pp,20260826,20260924,"00Z,12Z",D1,6h,-0.018,0.204,-0.004,232,0.083,0.818,0.061,24,0.0,1.0,0.0,2,S/D,S/D,S/D,0,S/D,S/D,S/D,0
472FE354,HUANCABAMBA,PIURA,HUANCABAMBA,mpas15,pp,20260826,20260924,00Z,D1,6h,0.49,1.754,0.047,118,0.25,0.893,0.081,12,1.0,0.95,0.05,1,S/D,1.0,0.0,0,S/D,S/D,S/D,0
472761E6,HUARMACA,PIURA,HUANCABAMBA,ecmwf,pp,20260826,20260924,"00Z,12Z",D1,6h,0.229,0.645,0.309,234,0.615,0.82,0.162,26,0.5,0.889,0.1,4,S/D,S/D,S/D,0,S/D,S/D,S/D,0
472761E6,HUARMACA,PIURA,HUANCABAMBA,gfs,pp,20260826,20260924,"00Z,12Z",D1,6h,0.201,0.728,0.295,176,0.667,0.767,0.209,21,0.0,1.0,0.0,4,S/D,1.0,0.0,0,S/D,S/D,S/D,0
472761E6,HUARMACA,PIURA,HUANCABAMBA,eta5,pp,20260826,20260924,"00Z,12Z",D1,6h,0.012,0.223,0.238,199,0.45,0.757,0.188,20,0.0,S/D,0.0,3,S/D,S/D,S/D,0,S/D,S/D,S/D,0
472761E6,HUARMACA,PIURA,HUANCABAMBA,wrf5,pp,20260826,20260924,"00Z,12Z",D1,6h,-0.039,0.231,0.623,230,0.231,0.0,0.231,26,0.0,1.0,0.0,4,S/D,S/D,S/D,0,S/D,S/D,S/D,0
472761E6,HUARMACA,PIURA,HUANCABAMBA,mpas15,pp,20260826,20260924,00Z,D1,6h,0.221,0.798,0.179,117,0.385,0.722,0.192,13,0.5,0.923,0.071,2,S/D,1.0,0.0,0,S/D,S/D,S/D,0
472FB328,CHALACO,PIURA,MORROPON,ecmwf,pp,20260826,20260924,"00Z,12Z",D1,6h,0.043,1.681,0.19,234,0.409,0.719,0.2,44,0.75,0.647,0.316,8,0.25,0.667,0.167,4,S/D,S/D,S/D,0
472FB328,CHALACO,PIURA,MORROPON,gfs,pp,20260826,20260924,"00Z,12Z",D1,6h,0.098,1.968,0.182,177,0.486,0.746,0.2,35,0.75,0.739,0.24,8,0.5,0.0,0.5,4,S/D,S/D,S/D,0
472FB328,CHALACO,PIURA,MORROPON,eta5,pp,20260826,20260924,"00Z,12Z",D1,6h,-0.142,1.807,0.135,199,0.216,0.733,0.136,37,0.2,0.857,0.091,5,0.0,S/D,0.0,3,S/D,S/D,S/D,0
472FB328,CHALACO,PIURA,MORROPON,wrf5,pp,20260826,20260924,"00Z,12Z",D1,6h,-0.092,1.753,0.23,230,0.295,0.606,0.203,44,0.375,0.571,0.25,8,0.25,0.0,0.25,4,S/D,S/D,S/D,0
472FB328,CHALACO,PIURA,MORROPON,mpas15,pp,20260826,20260924,00Z,D1,6h,0.25,1.886,0.076,117,0.364,0.758,0.17,22,0.75,0.857,0.136,4,0.5,0.0,0.5,2,S/D,S/D,S/D,0
472F6540,CHULUCANAS,PIURA,MORROPON,ecmwf,pp,20260826,20260924,"00Z,12Z",D1,6h,0.123,0.495,0.172,232,1.0,0.931,0.069,2,1.0,0.778,0.222,2,S/D,1.0,0.0,0,S/D,S/D,S/D,0
472F6540,CHULUCANAS,PIURA,MORROPON,gfs,pp,20260826,20260924,"00Z,12Z",D1,6h,0.024,0.312,0.355,175,1.0,0.857,0.143,2,0.5,0.75,0.2,2,S/D,S/D,S/D,0,S/D,S/D,S/D,0
472F6540,CHULUCANAS,PIURA,MORROPON,eta5,pp,20260826,20260924,"00Z,12Z",D1,6h,0.059,0.279,0.185,197,1.0,0.95,0.05,1,1.0,0.8,0.2,1,S/D,S/D,S/D,0,S/D,S/D,S/D,0
472F6540,CHULUCANAS,PIURA,MORROPON,wrf5,pp,20260826,20260924,"00Z,12Z",D1,6h,0.004,0.327,0.265,228,0.5,0.889,0.1,2,0.0,1.0,0.0,2,S/D,S/D,S/D,0,S/D,S/D,S/D,0
472F6540,CHULUCANAS,PIURA,MORROPON,mpas15,pp,20260826,20260924,00Z,D1,6h,0.06,0.301,0.169,116,1.0,0.889,0.111,1,1.0,0.8,0.2,1,S/D,S/D,S/D,0,S/D,S/D,S/D,0
47E037CA,CORRAL DEL MEDIO,PIURA,MORROPON,ecmwf,pp,20260826,20260924,"00Z,12Z",D1,6h,0.0,0.0,S/D,2,S/D,S/D,S/D,0,S/D,S/D,S/D,0,S/D,S/D,S/D,0,S/D,S/D,S/D,0
47E037CA,CORRAL DEL MEDIO,PIURA,MORROPON,gfs,pp,20260826,20260924,"00Z,12Z",D1,6h,0.0,0.0,S/D,1,S/D,S/D,S/D,0,S/D,S/D,S/D,0,S/D,S/D,S/D,0,S/D,S/D,S/D,0
47E037CA,CORRAL DEL MEDIO,PIURA,MORROPON,eta5,pp,20260826,20260924,"00Z,12Z",D1,6h,0.0,0.0,S/D,2,S/D,S/D,S/D,0,S/D,S/D,S/D,0,S/D,S/D,S/D,0,S/D,S/D,S/D,0
47E037CA,CORRAL DEL MEDIO,PIURA,MORROPON,wrf5,pp,20260826,20260924,"00Z,12Z",D1,6h,0.0,0.0,S/D,2,S/D,S/D,S/D,0,S/D,S/D,S/D,0,S/D,S/D,S/D,0,S/D,S/D,S/D,0
47E037CA,CORRAL DEL MEDIO,PIURA,MORROPON,mpas15,pp,20260826,20260924,00Z,D1,6h,0.002,0.002,S/D,1,S/D,S/D,S/D,0,S/D,S/D,S/D,0,S/D,S/D,S/D,0,S/D,S/D,S/D,0
472F50DA,EL VIRREY,PIURA,MORROPON,ecmwf,pp,20260826,20260924,"00Z,12Z",D1,6h,0.129,0.857,-0.06,230,0.0,1.0,0.0,2,S/D,1.0,0.0,0,S/D,1.0,0.0,0,S/D,S/D,S/D,0
472F50DA,EL VIRREY,PIURA,MORROPON,gfs,pp,20260826,20260924,"00Z,12Z",D1,6h,0.004,0.029,-0.022,174,0.0,1.0,0.0,2,S/D,S/D,S/D,0,S/D,S/D,S/D,0,S/D,S/D,S/D,0
472F50DA,EL VIRREY,PIURA,MORROPON,eta5,pp,20260826,20260924,"00Z,12Z",D1,6h,0.009,0.055,-0.04,196,0.0,1.0,0.0,2,S/D,S/D,S/D,0,S/D,S/D,S/D,0,S/D,S/D,S/D,0
472F50DA,EL VIRREY,PIURA,MORROPON,wrf5,pp,20260826,20260924,"00Z,12Z",D1,6h,0.001,0.012,-0.023,226,0.0,S/D,0.0,2,S/D,S/D,S/D,0,S/D,S/D,S/D,0,S/D,S/D,S/D,0
472F50DA,EL VIRREY,PIURA,MORROPON,mpas15,pp,20260826,20260924,00Z,D1,6h,-0.001,0.009,0.137,115,0.0,S/D,0.0,1,S/D,S/D,S/D,0,S/D,S/D,S/D,0,S/D,S/D,S/D,0
47E074C0,HACIENDA BARRIOS,PIURA,MORROPON,ecmwf,pp,20260826,20260924,"00Z,12Z",D1,6h,0.301,1.268,0.178,230,1.0,0.947,0.053,4,S/D,1.0,0.0,0,S/D,1.0,0.0,0,S/D,S/D,S/D,0
47E074C0,HACIENDA BARRIOS,PIURA,MORROPON,gfs,pp,20260826,20260924,"00Z,12Z",D1,6h,0.079,0.333,0.299,173,1.0,0.87,0.13,3,S/D,1.0,0.0,0,S/D,S/D,S/D,0,S/D,S/D,S/D,0
47E074C0,HACIENDA BARRIOS,PIURA,MORROPON,eta5,pp,20260826,20260924,"00Z,12Z",D1,6h,0.15,0.424,0.218,196,1.0,0.944,0.056,2,S/D,1.0,0.0,0,S/D,S/D,S/D,0,S/D,S/D,S/D,0
47E074C0,HACIENDA BARRIOS,PIURA,MORROPON,wrf5,pp,20260826,20260924,"00Z,12Z",D1,6h,0.028,0.132,0.123,226,0.5,0.875,0.111,4,S/D,1.0,0.0,0,S/D,S/D,S/D,0,S/D,S/D,S/D,0
47E074C0,HACIENDA BARRIOS,PIURA,MORROPON,mpas15,pp,20260826,20260924,00Z,D1,6h,0.28,1.172,0.049,115,0.5,0.947,0.05,2,S/D,1.0,0.0,0,S/D,1.0,0.0,0,S/D,S/D,S/D,0
472F95C4,HACIENDA BIGOTE ,PIURA,MORROPON,ecmwf,pp,20260826,20260924,"00Z,12Z",D1,6h,0.293,1.241,0.204,236,1.0,0.947,0.053,4,S/D,1.0,0.0,0,S/D,1.0,0.0,0,S/D,S/D,S/D,0
472F95C4,HACIENDA BIGOTE ,PIURA,MORROPON,gfs,pp,20260826,20260924,"00Z,12Z",D1,6h,0.073,0.319,0.222,178,0.75,0.87,0.125,4,S/D,1.0,0.0,0,S/D,S/D,S/D,0,S/D,S/D,S/D,0
472F95C4,HACIENDA BIGOTE ,PIURA,MORROPON,eta5,pp,20260826,20260924,"00Z,12Z",D1,6h,0.137,0.451,0.058,201,0.333,0.967,0.031,3,S/D,1.0,0.0,0,S/D,S/D,S/D,0,S/D,S/D,S/D,0
472F95C4,HACIENDA BIGOTE ,PIURA,MORROPON,wrf5,pp,20260826,20260924,"00Z,12Z",D1,6h,0.015,0.122,0.13,232,0.25,0.917,0.067,4,S/D,1.0,0.0,0,S/D,S/D,S/D,0,S/D,S/D,S/D,0
472F95C4,HACIENDA BIGOTE ,PIURA,MORROPON,mpas15,pp,20260826,20260924,00Z,D1,6h,0.281,1.145,0.051,118,0.5,0.95,0.048,2,S/D,1.0,0.0,0,S/D,1.0,0.0,0,S/D,S/D,S/D,0
472FA05E,MALACASI,PIURA,MORROPON,ecmwf,pp,20260826,20260924,"00Z,12Z",D1,6h,0.293,1.222,0.159,236,1.0,0.974,0.026,2,1.0,0.857,0.143,2,S/D,1.0,0.0,0,S/D,S/D,S/D,0
472FA05E,MALACASI,PIURA,MORROPON,gfs,pp,20260826,20260924,"00Z,12Z",D1,6h,0.074,0.291,0.244,177,1.0,0.913,0.087,2,1.0,0.5,0.5,2,S/D,S/D,S/D,0,S/D,S/D,S/D,0
472FA05E,MALACASI,PIURA,MORROPON,eta5,pp,20260826,20260924,"00Z,12Z",D1,6h,0.075,0.262,0.18,201,1.0,0.941,0.059,1,1.0,0.8,0.2,1,S/D,S/D,S/D,0,S/D,S/D,S/D,0
472FA05E,MALACASI,PIURA,MORROPON,wrf5,pp,20260826,20260924,"00Z,12Z",D1,6h,0.009,0.102,0.297,232,1.0,0.8,0.2,2,0.5,0.0,0.5,2,S/D,S/D,S/D,0,S/D,S/D,S/D,0
472FA05E,MALACASI,PIURA,MORROPON,mpas15,pp,20260826,20260924,00Z,D1,6h,0.141,0.408,0.165,118,1.0,0.941,0.059,1,1.0,0.923,0.077,1,S/D,S/D,S/D,0,S/D,S/D,S/D,0
472F7636,MORROPON,PIURA,MORROPON,ecmwf,pp,20260826,20260924,"00Z,12Z",D1,6h,0.115,0.823,0.127,238,0.333,0.923,0.067,6,1.0,0.667,0.333,2,S/D,1.0,0.0,0,S/D,S/D,S/D,0
472F7636,MORROPON,PIURA,MORROPON,gfs,pp,20260826,20260924,"00Z,12Z",D1,6h,-0.002,0.186,0.348,179,0.75,0.727,0.25,4,1.0,0.0,1.0,2,S/D,S/D,S/D,0,S/D,S/D,S/D,0
472F7636,MORROPON,PIURA,MORROPON,eta5,pp,20260826,20260924,"00Z,12Z",D1,6h,0.11,0.389,0.106,203,0.5,0.939,0.057,4,1.0,0.9,0.1,1,S/D,S/D,S/D,0,S/D,S/D,S/D,0
472F7636,MORROPON,PIURA,MORROPON,wrf5,pp,20260826,20260924,"00Z,12Z",D1,6h,0.014,0.253,0.117,234,0.333,0.846,0.118,6,0.5,0.75,0.2,2,S/D,S/D,S/D,0,S/D,S/D,S/D,0
472F7636,MORROPON,PIURA,MORROPON,mpas15,pp,20260826,20260924,00Z,D1,6h,0.132,0.41,0.035,119,0.333,0.947,0.048,3,1.0,0.909,0.091,1,S/D,S/D,S/D,0,S/D,S/D,S/D,0
47E067B6,SALITRAL,PIURA,MORROPON,ecmwf,pp,20260826,20260924,"00Z,12Z",D1,6h,0.277,1.248,0.174,230,1.0,0.946,0.054,4,0.5,0.857,0.125,4,S/D,1.0,0.0,0,S/D,S/D,S/D,0
47E067B6,SALITRAL,PIURA,MORROPON,gfs,pp,20260826,20260924,"00Z,12Z",D1,6h,0.043,0.357,0.33,174,1.0,0.818,0.182,4,0.5,0.5,0.333,4,S/D,S/D,S/D,0,S/D,S/D,S/D,0
47E067B6,SALITRAL,PIURA,MORROPON,eta5,pp,20260826,20260924,"00Z,12Z",D1,6h,0.059,0.272,0.253,196,1.0,0.875,0.125,2,0.5,0.8,0.167,2,S/D,S/D,S/D,0,S/D,S/D,S/D,0
47E067B6,SALITRAL,PIURA,MORROPON,wrf5,pp,20260826,20260924,"00Z,12Z",D1,6h,-0.022,0.224,0.45,226,0.5,0.333,0.4,4,0.25,0.0,0.25,4,S/D,S/D,S/D,0,S/D,S/D,S/D,0
47E067B6,SALITRAL,PIURA,MORROPON,mpas15,pp,20260826,20260924,00Z,D1,6h,0.124,0.419,0.22,115,1.0,0.882,0.118,2,1.0,0.846,0.154,2,S/D,S/D,S/D,0,S/D,S/D,S/D,0
47E08444,SAN PEDRO,PIURA,MORROPON,ecmwf,pp,20260826,20260924,"00Z,12Z",D1,6h,0.983,2.097,0.198,232,1.0,0.972,0.028,4,1.0,0.966,0.034,2,S/D,1.0,0.0,0,S/D,S/D,S/D,0
47E08444,SAN PEDRO,PIURA,MORROPON,gfs,pp,20260826,20260924,"00Z,12Z",D1,6h,0.19,0.559,0.19,175,0.667,0.957,0.042,3,1.0,0.667,0.333,2,S/D,1.0,0.0,0,S/D,S/D,S/D,0
47E08444,SAN PEDRO,PIURA,MORROPON,eta5,pp,20260826,20260924,"00Z,12Z",D1,6h,0.126,0.416,0.129,197,0.667,0.946,0.053,3,1.0,0.923,0.077,1,S/D,S/D,S/D,0,S/D,S/D,S/D,0
47E08444,SAN PEDRO,PIURA,MORROPON,wrf5,pp,20260826,20260924,"00Z,12Z",D1,6h,0.043,0.466,0.129,228,0.5,0.895,0.095,4,0.5,0.833,0.143,2,S/D,S/D,S/D,0,S/D,S/D,S/D,0
47E08444,SAN PEDRO,PIURA,MORROPON,mpas15,pp,20260826,20260924,00Z,D1,6h,0.199,0.568,0.195,116,1.0,0.905,0.095,2,1.0,0.917,0.083,1,S/D,S/D,S/D,0,S/D,S/D,S/D,0
105145,SANTO DOMINGO,PIURA,MORROPON,ecmwf,pp,20260826,20260924,"00Z,12Z",D1,6h,0.021,0.038,S/D,6,S/D,S/D,S/D,0,S/D,S/D,S/D,0,S/D,S/D,S/D,0,S/D,S/D,S/D,0
105145,SANTO DOMINGO,PIURA,MORROPON,gfs,pp,20260826,20260924,"00Z,12Z",D1,6h,0.037,0.084,S/D,5,S/D,1.0,0.0,0,S/D,S/D,S/D,0,S/D,S/D,S/D,0,S/D,S/D,S/D,0
105145,SANTO DOMINGO,PIURA,MORROPON,eta5,pp,20260826,20260924,"00Z,12Z",D1,6h,0.055,0.134,S/D,6,S/D,1.0,0.0,0,S/D,S/D,S/D,0,S/D,S/D,S/D,0,S/D,S/D,S/D,0
105145,SANTO DOMINGO,PIURA,MORROPON,wrf5,pp,20260826,20260924,"00Z,12Z",D1,6h,0.011,0.029,S/D,6,S/D,S/D,S/D,0,S/D,S/D,S/D,0,S/D,S/D,S/D,0,S/D,S/D,S/D,0
105145,SANTO DOMINGO,PIURA,MORROPON,mpas15,pp,20260826,20260924,00Z,D1,6h,0.0,0.001,S/D,3,S/D,S/D,S/D,0,S/D,S/D,S/D,0,S/D,S/D,S/D,0,S/D,S/D,S/D,0
47E0B1DE,PUENTE SIMON RODRIGUEZ,PIURA,PAITA,ecmwf,pp,20260826,20260924,"00Z,12Z",D1,6h,-0.002,0.195,0.133,234,0.5,0.625,0.273,6,0.0,1.0,0.0,2,S/D,S/D,S/D,0,S/D,S/D,S/D,0
47E0B1DE,PUENTE SIMON RODRIGUEZ,PIURA,PAITA,gfs,pp,20260826,20260924,"00Z,12Z",D1,6h,-0.026,0.242,0.347,176,0.0,1.0,0.0,5,0.0,S/D,0.0,2,S/D,S/D,S/D,0,S/D,S/D,S/D,0
47E0B1DE,PUENTE SIMON RODRIGUEZ,PIURA,PAITA,eta5,pp,20260826,20260924,"00Z,12Z",D1,6h,-0.024,0.232,0.059,199,0.0,1.0,0.0,5,0.0,S/D,0.0,2,S/D,S/D,S/D,0,S/D,S/D,S/D,0
47E0B1DE,PUENTE SIMON RODRIGUEZ,PIURA,PAITA,wrf5,pp,20260826,20260924,"00Z,12Z",D1,6h,-0.021,0.223,0.162,231,0.167,0.8,0.1,6,0.0,S/D,0.0,2,S/D,S/D,S/D,0,S/D,S/D,S/D,0
47E0B1DE,PUENTE SIMON RODRIGUEZ,PIURA,PAITA,mpas15,pp,20260826,20260924,00Z,D1,6h,-0.027,0.22,-0.143,117,0.0,S/D,0.0,3,0.0,S/D,0.0,1,S/D,S/D,S/D,0,S/D,S/D,S/D,0
47E0E1A2,BOCATOMA CHIPILLICO,PIURA,PIURA,ecmwf,pp,20260826,20260924,"00Z,12Z",D1,6h,0.637,1.284,0.192,212,1.0,0.967,0.033,4,1.0,0.955,0.045,2,1.0,0.6,0.4,2,S/D,S/D,S/D,0
47E0E1A2,BOCATOMA CHIPILLICO,PIURA,PIURA,gfs,pp,20260826,20260924,"00Z,12Z",D1,6h,0.26,0.736,0.231,154,1.0,0.944,0.056,3,1.0,0.857,0.143,2,0.0,1.0,0.0,2,S/D,S/D,S/D,0
47E0E1A2,BOCATOMA CHIPILLICO,PIURA,PIURA,eta5,pp,20260826,20260924,"00Z,12Z",D1,6h,0.145,0.465,0.219,178,1.0,0.949,0.051,2,1.0,0.923,0.077,1,0.0,S/D,0.0,1,S/D,S/D,S/D,0
47E0E1A2,BOCATOMA CHIPILLICO,PIURA,PIURA,wrf5,pp,20260826,20260924,"00Z,12Z",D1,6h,0.015,0.609,0.305,208,0.75,0.667,0.3,4,0.0,1.0,0.0,2,0.0,S/D,0.0,2,S/D,S/D,S/D,0
47E0E1A2,BOCATOMA CHIPILLICO,PIURA,PIURA,mpas15,pp,20260826,20260924,00Z,D1,6h,0.15,0.685,0.037,106,0.5,0.944,0.053,2,1.0,0.917,0.083,1,0.0,S/D,0.0,1,S/D,S/D,S/D,0
47E0F2D4,LAGARTERA,PIURA,PIURA,ecmwf,pp,20260826,20260924,"00Z,12Z",D1,6h,0.528,1.121,0.229,226,0.917,0.906,0.093,12,S/D,1.0,0.0,0,S/D,1.0,0.0,0,S/D,S/D,S/D,0
47E0F2D4,LAGARTERA,PIURA,PIURA,gfs,pp,20260826,20260924,"00Z,12Z",D1,6h,0.235,0.691,0.088,170,0.444,0.925,0.069,9,S/D,1.0,0.0,0,S/D,1.0,0.0,0,S/D,S/D,S/D,0
47E0F2D4,LAGARTERA,PIURA,PIURA,eta5,pp,20260826,20260924,"00Z,12Z",D1,6h,0.149,0.415,-0.043,192,0.143,0.973,0.023,7,S/D,1.0,0.0,0,S/D,S/D,S/D,0,S/D,S/D,S/D,0
47E0F2D4,LAGARTERA,PIURA,PIURA,wrf5,pp,20260826,20260924,"00Z,12Z",D1,6h,0.05,0.422,0.221,223,0.083,0.917,0.043,12,S/D,1.0,0.0,0,S/D,S/D,S/D,0,S/D,S/D,S/D,0
47E0F2D4,LAGARTERA,PIURA,PIURA,mpas15,pp,20260826,20260924,00Z,D1,6h,0.165,0.528,0.195,113,0.333,0.882,0.095,6,S/D,1.0,0.0,0,S/D,S/D,S/D,0,S/D,S/D,S/D,0
105112,MIRAFLORES,PIURA,PIURA,ecmwf,pp,20260826,20260924,"00Z,12Z",D1,6h,S/D,S/D,S/D,0,S/D,S/D,S/D,0,S/D,S/D,S/D,0,S/D,S/D,S/D,0,S/D,S/D,S/D,0
105112,MIRAFLORES,PIURA,PIURA,gfs,pp,20260826,20260924,"00Z,12Z",D1,6h,S/D,S/D,S/D,0,S/D,S/D,S/D,0,S/D,S/D,S/D,0,S/D,S/D,S/D,0,S/D,S/D,S/D,0
105112,MIRAFLORES,PIURA,PIURA,eta5,pp,20260826,20260924,"00Z,12Z",D1,6h,S/D,S/D,S/D,0,S/D,S/D,S/D,0,S/D,S/D,S/D,0,S/D,S/D,S/D,0,S/D,S/D,S/D,0
105112,MIRAFLORES,PIURA,PIURA,wrf5,pp,20260826,20260924,"00Z,12Z",D1,6h,S/D,S/D,S/D,0,S/D,S/D,S/D,0,S/D,S/D,S/D,0,S/D,S/D,S/D,0,S/D,S/D,S/D,0
105112,MIRAFLORES,PIURA,PIURA,mpas15,pp,20260826,20260924,00Z,D1,6h,S/D,S/D,S/D,0,S/D,S/D,S/D,0,S/D,S/D,S/D,0,S/D,S/D,S/D,0,S/D,S/D,S/D,0
104113,PARTIDOR,PIURA,PIURA,ecmwf,pp,20260826,20260924,"00Z,12Z",D1,6h,0.0,0.0,S/D,2,S/D,S/D,S/D,0,S/D,S/D,S/D,0,S/D,S/D,S/D,0,S/D,S/D,S/D,0
104113,PARTIDOR,PIURA,PIURA,gfs,pp,20260826,20260924,"00Z,12Z",D1,6h,0.0,0.0,S/D,2,S/D,S/D,S/D,0,S/D,S/D,S/D,0,S/D,S/D,S/D,0,S/D,S/D,S/D,0
104113,PARTIDOR,PIURA,PIURA,eta5,pp,20260826,20260924,"00Z,12Z",D1,6h,0.0,0.0,S/D,2,S/D,S/D,S/D,0,S/D,S/D,S/D,0,S/D,S/D,S/D,0,S/D,S/D,S/D,0
104113,PARTIDOR,PIURA,PIURA,wrf5,pp,20260826,20260924,"00Z,12Z",D1,6h,0.0,0.0,S/D,2,S/D,S/D,S/D,0,S/D,S/D,S/D,0,S/D,S/D,S/D,0,S/D,S/D,S/D,0
104113,PARTIDOR,PIURA,PIURA,mpas15,pp,20260826,20260924,00Z,D1,6h,0.0,0.0,S/D,1,S/D,S/D,S/D,0,S/D,S/D,S/D,0,S/D,S/D,S/D,0,S/D,S/D,S/D,0
105143,SAN MIGUEL,PIURA,PIURA,ecmwf,pp,20260826,20260924,"00Z,12Z",D1,6h,0.038,0.379,0.117,240,0.25,0.857,0.1,4,S/D,1.0,0.0,0,S/D,1.0,0.0,0,S/D,S/D,S/D,0
105143,SAN MIGUEL,PIURA,PIURA,gfs,pp,20260826,20260924,"00Z,12Z",D1,6h,0.002,0.026,-0.028,180,0.0,1.0,0.0,3,S/D,S/D,S/D,0,S/D,S/D,S/D,0,S/D,S/D,S/D,0
105143,SAN MIGUEL,PIURA,PIURA,eta5,pp,20260826,20260924,"00Z,12Z",D1,6h,0.007,0.092,0.096,204,0.0,1.0,0.0,2,S/D,1.0,0.0,0,S/D,S/D,S/D,0,S/D,S/D,S/D,0
105143,SAN MIGUEL,PIURA,PIURA,wrf5,pp,20260826,20260924,"00Z,12Z",D1,6h,0.001,0.021,0.101,236,0.25,0.5,0.2,4,S/D,S/D,S/D,0,S/D,S/D,S/D,0,S/D,S/D,S/D,0
105143,SAN MIGUEL,PIURA,PIURA,mpas15,pp,20260826,20260924,00Z,D1,6h,-0.002,0.013,0.026,120,0.0,S/D,0.0,2,S/D,S/D,S/D,0,S/D,S/D,S/D,0,S/D,S/D,S/D,0
47E0522C,TAMBO GRANDE,PIURA,PIURA,ecmwf,pp,20260826,20260924,"00Z,12Z",D1,6h,-0.206,2.892,0.241,228,0.625,0.821,0.161,8,0.333,0.778,0.154,6,0.0,1.0,0.0,4,0.0,S/D,0.0,2
47E0522C,TAMBO GRANDE,PIURA,PIURA,gfs,pp,20260826,20260924,"00Z,12Z",D1,6h,-0.224,2.372,0.434,173,0.8,0.692,0.286,5,0.0,1.0,0.0,4,0.0,S/D,0.0,3,0.0,S/D,0.0,1
47E0522C,TAMBO GRANDE,PIURA,PIURA,eta5,pp,20260826,20260924,"00Z,12Z",D1,6h,-0.384,3.086,-0.001,194,0.143,0.875,0.071,7,0.0,S/D,0.0,5,0.0,S/D,0.0,4,0.0,S/D,0.0,2
47E0522C,TAMBO GRANDE,PIURA,PIURA,wrf5,pp,20260826,20260924,"00Z,12Z",D1,6h,-0.357,2.881,0.108,224,0.0,1.0,0.0,8,0.0,S/D,0.0,6,0.0,S/D,0.0,4,0.0,S/D,0.0,2
47E0522C,TAMBO GRANDE,PIURA,PIURA,mpas15,pp,20260826,20260924,00Z,D1,6h,-0.339,2.859,-0.093,114,0.0,1.0,0.0,4,0.0,1.0,0.0,3,0.0,S/D,0.0,2,0.0,S/D,0.0,1
105144,BERNAL,PIURA,SECHURA,ecmwf,pp,20260826,20260924,"00Z,12Z",D1,6h,0.0,0.0,S/D,2,S/D,S/D,S/D,0,S/D,S/D,S/D,0,S/D,S/D,S/D,0,S/D,S/D,S/D,0
105144,BERNAL,PIURA,SECHURA,gfs,pp,20260826,20260924,"00Z,12Z",D1,6h,0.0,0.0,S/D,2,S/D,S/D,S/D,0,S/D,S/D,S/D,0,S/D,S/D,S/D,0,S/D,S/D,S/D,0
105144,BERNAL,PIURA,SECHURA,eta5,pp,20260826,20260924,"00Z,12Z",D1,6h,0.004,0.005,S/D,2,S/D,S/D,S/D,0,S/D,S/D,S/D,0,S/D,S/D,S/D,0,S/D,S/D,S/D,0
105144,BERNAL,PIURA,SECHURA,wrf5,pp,20260826,20260924,"00Z,12Z",D1,6h,0.0,0.0,S/D,2,S/D,S/D,S/D,0,S/D,S/D,S/D,0,S/D,S/D,S/D,0,S/D,S/D,S/D,0
105144,BERNAL,PIURA,SECHURA,mpas15,pp,20260826,20260924,00Z,D1,6h,0.0,0.0,S/D,1,S/D,S/D,S/D,0,S/D,S/D,S/D,0,S/D,S/D,S/D,0,S/D,S/D,S/D,0
105120,CHUSIS,PIURA,SECHURA,ecmwf,pp,20260826,20260924,"00Z,12Z",D1,6h,S/D,S/D,S/D,0,S/D,S/D,S/D,0,S/D,S/D,S/D,0,S/D,S/D,S/D,0,S/D,S/D,S/D,0
105120,CHUSIS,PIURA,SECHURA,gfs,pp,20260826,20260924,"00Z,12Z",D1,6h,S/D,S/D,S/D,0,S/D,S/D,S/D,0,S/D,S/D,S/D,0,S/D,S/D,S/D,0,S/D,S/D,S/D,0
105120,CHUSIS,PIURA,SECHURA,eta5,pp,20260826,20260924,"00Z,12Z",D1,6h,S/D,S/D,S/D,0,S/D,S/D,S/D,0,S/D,S/D,S/D,0,S/D,S/D,S/D,0,S/D,S/D,S/D,0
105120,CHUSIS,PIURA,SECHURA,wrf5,pp,20260826,20260924,"00Z,12Z",D1,6h,S/D,S/D,S/D,0,S/D,S/D,S/D,0,S/D,S/D,S/D,0,S/D,S/D,S/D,0,S/D,S/D,S/D,0
105120,CHUSIS,PIURA,SECHURA,mpas15,pp,20260826,20260924,00Z,D1,6h,S/D,S/D,S/D,0,S/D,S/D,S/D,0,S/D,S/D,S/D,0,S/D,S/D,S/D,0,S/D,S/D,S/D,0
47E0D438,ALAMOR,PIURA,SULLANA,ecmwf,pp,20260826,20260924,"00Z,12Z",D1,6h,0.104,0.627,0.104,234,0.25,0.789,0.129,16,0.5,0.833,0.143,2,S/D,1.0,0.0,0,S/D,S/D,S/D,0
47E0D438,ALAMOR,PIURA,SULLANA,gfs,pp,20260826,20260924,"00Z,12Z",D1,6h,0.114,0.85,0.201,176,0.231,0.769,0.13,13,1.0,0.8,0.2,1,S/D,1.0,0.0,0,S/D,S/D,S/D,0
47E0D438,ALAMOR,PIURA,SULLANA,eta5,pp,20260826,20260924,"00Z,12Z",D1,6h,0.078,0.324,0.261,199,0.583,0.767,0.2,12,0.0,1.0,0.0,2,S/D,S/D,S/D,0,S/D,S/D,S/D,0
47E0D438,ALAMOR,PIURA,SULLANA,wrf5,pp,20260826,20260924,"00Z,12Z",D1,6h,0.095,0.829,0.049,231,0.25,0.692,0.16,16,1.0,0.667,0.333,2,S/D,1.0,0.0,0,S/D,S/D,S/D,0
47E0D438,ALAMOR,PIURA,SULLANA,mpas15,pp,20260826,20260924,00Z,D1,6h,0.14,0.573,0.146,117,0.5,0.75,0.2,8,0.0,1.0,0.0,1,S/D,S/D,S/D,0,S/D,S/D,S/D,0
47E09732,LA ARDILLA,PIURA,SULLANA,ecmwf,pp,20260826,20260924,"00Z,12Z",D1,6h,0.093,0.758,0.232,210,0.5,0.765,0.19,8,0.0,1.0,0.0,2,S/D,1.0,0.0,0,S/D,S/D,S/D,0
47E09732,LA ARDILLA,PIURA,SULLANA,gfs,pp,20260826,20260924,"00Z,12Z",D1,6h,0.118,0.939,0.372,161,0.5,0.727,0.214,6,0.0,1.0,0.0,1,S/D,1.0,0.0,0,S/D,S/D,S/D,0
47E09732,LA ARDILLA,PIURA,SULLANA,eta5,pp,20260826,20260924,"00Z,12Z",D1,6h,0.063,0.5,0.167,179,0.571,0.867,0.121,7,0.0,1.0,0.0,2,S/D,S/D,S/D,0,S/D,S/D,S/D,0
47E09732,LA ARDILLA,PIURA,SULLANA,wrf5,pp,20260826,20260924,"00Z,12Z",D1,6h,0.034,0.536,0.193,206,0.5,0.556,0.308,8,0.0,1.0,0.0,2,S/D,S/D,S/D,0,S/D,S/D,S/D,0
47E09732,LA ARDILLA,PIURA,SULLANA,mpas15,pp,20260826,20260924,00Z,D1,6h,0.137,0.693,0.27,105,0.75,0.8,0.188,4,0.0,1.0,0.0,1,S/D,S/D,S/D,0,S/D,S/D,S/D,0
472FD6CE,LANCONES,PIURA,SULLANA,ecmwf,pp,20260826,20260924,"00Z,12Z",D1,6h,0.016,0.237,0.227,234,0.667,0.667,0.286,6,0.0,1.0,0.0,2,S/D,S/D,S/D,0,S/D,S/D,S/D,0
472FD6CE,LANCONES,PIURA,SULLANA,gfs,pp,20260826,20260924,"00Z,12Z",D1,6h,0.013,0.207,0.476,176,0.75,0.571,0.375,4,0.0,1.0,0.0,2,S/D,S/D,S/D,0,S/D,S/D,S/D,0
472FD6CE,LANCONES,PIURA,SULLANA,eta5,pp,20260826,20260924,"00Z,12Z",D1,6h,0.011,0.166,0.318,200,0.4,0.75,0.182,5,0.0,1.0,0.0,2,S/D,S/D,S/D,0,S/D,S/D,S/D,0
472FD6CE,LANCONES,PIURA,SULLANA,wrf5,pp,20260826,20260924,"00Z,12Z",D1,6h,0.033,0.426,0.167,230,0.333,0.778,0.154,6,0.0,1.0,0.0,2,S/D,S/D,S/D,0,S/D,S/D,S/D,0
472FD6CE,LANCONES,PIURA,SULLANA,mpas15,pp,20260826,20260924,00Z,D1,6h,0.04,0.289,-0.018,117,0.333,0.857,0.111,3,0.0,1.0,0.0,1,S/D,S/D,S/D,0,S/D,S/D,S/D,0
270202,PUENTE AZANGARO,PUNO,AZANGARO,ecmwf,pp,20260826,20260924,"00Z,12Z",D1,6h,0.199,1.445,0.531,234,1.0,0.629,0.371,26,0.833,0.677,0.303,12,0.0,1.0,0.0,4,S/D,S/D,S/D,0
270202,PUENTE AZANGARO,PUNO,AZANGARO,gfs,pp,20260826,20260924,"00Z,12Z",D1,6h,0.204,1.075,0.567,177,0.95,0.596,0.396,20,0.8,0.652,0.32,10,0.5,0.667,0.25,4,S/D,S/D,S/D,0
270202,PUENTE AZANGARO,PUNO,AZANGARO,eta5,pp,20260826,20260924,"00Z,12Z",D1,6h,-0.042,1.328,0.616,199,0.958,0.574,0.418,24,0.9,0.571,0.409,10,0.0,S/D,0.0,4,S/D,S/D,S/D,0
270202,PUENTE AZANGARO,PUNO,AZANGARO,wrf5,pp,20260826,20260924,"00Z,12Z",D1,6h,0.235,1.637,0.556,230,0.84,0.543,0.42,25,0.636,0.682,0.269,11,0.333,0.833,0.125,3,S/D,S/D,S/D,0
270202,PUENTE AZANGARO,PUNO,AZANGARO,mpas15,pp,20260826,20260924,00Z,D1,6h,0.253,1.802,0.297,117,0.692,0.7,0.265,13,0.833,0.792,0.2,6,0.0,1.0,0.0,2,S/D,S/D,S/D,0
4721AAE4,AYMAÑA,PUNO,CARABAYA,ecmwf,pp,20260826,20260924,"00Z,12Z",D1,6h,0.032,1.727,0.38,232,0.806,0.721,0.261,36,0.583,0.696,0.25,12,0.0,1.0,0.0,4,S/D,S/D,S/D,0
4721AAE4,AYMAÑA,PUNO,CARABAYA,gfs,pp,20260826,20260924,"00Z,12Z",D1,6h,0.606,2.523,0.362,174,0.929,0.757,0.239,28,0.556,0.898,0.094,9,0.0,1.0,0.0,3,S/D,S/D,S/D,0
4721AAE4,AYMAÑA,PUNO,CARABAYA,eta5,pp,20260826,20260924,"00Z,12Z",D1,6h,-0.103,1.867,0.217,197,0.657,0.736,0.232,35,0.333,0.81,0.138,12,0.0,S/D,0.0,4,S/D,S/D,S/D,0
4721AAE4,AYMAÑA,PUNO,CARABAYA,wrf5,pp,20260826,20260924,"00Z,12Z",D1,6h,-0.056,1.862,0.392,229,0.529,0.633,0.277,34,0.545,0.6,0.3,11,0.0,1.0,0.0,4,S/D,S/D,S/D,0
4721AAE4,AYMAÑA,PUNO,CARABAYA,mpas15,pp,20260826,20260924,00Z,D1,6h,0.315,1.8,0.423,116,0.944,0.653,0.34,18,0.833,0.872,0.125,6,0.0,S/D,0.0,2,S/D,S/D,S/D,0
114137,CRUCERO,PUNO,CARABAYA,ecmwf,pp,20260826,20260924,"00Z,12Z",D1,6h,0.441,1.14,0.462,216,0.824,0.702,0.28,34,0.75,0.75,0.231,12,S/D,1.0,0.0,0,S/D,S/D,S/D,0
114137,CRUCERO,PUNO,CARABAYA,gfs,pp,20260826,20260924,"00Z,12Z",D1,6h,0.47,1.352,0.328,162,0.8,0.726,0.256,25,0.556,0.821,0.156,9,S/D,1.0,0.0,0,S/D,S/D,S/D,0
114137,CRUCERO,PUNO,CARABAYA,eta5,pp,20260826,20260924,"00Z,12Z",D1,6h,-0.015,0.528,0.504,186,0.419,0.552,0.277,31,0.091,0.75,0.071,11,S/D,S/D,S/D,0,S/D,S/D,S/D,0
114137,CRUCERO,PUNO,CARABAYA,wrf5,pp,20260826,20260924,"00Z,12Z",D1,6h,0.226,1.022,0.47,212,0.636,0.543,0.362,33,0.5,0.739,0.207,12,S/D,1.0,0.0,0,S/D,S/D,S/D,0
114137,CRUCERO,PUNO,CARABAYA,mpas15,pp,20260826,20260924,00Z,D1,6h,0.516,1.206,0.41,108,0.882,0.625,0.357,17,0.667,0.871,0.121,6,S/D,1.0,0.0,0,S/D,S/D,S/D,0
4721B992,UPINA,PUNO,CARABAYA,ecmwf,pp,20260826,20260924,"00Z,12Z",D1,6h,0.517,1.207,0.234,232,0.786,0.838,0.155,28,0.8,0.86,0.136,10,S/D,1.0,0.0,0,S/D,S/D,S/D,0
4721B992,UPINA,PUNO,CARABAYA,gfs,pp,20260826,20260924,"00Z,12Z",D1,6h,0.721,1.854,0.243,174,0.762,0.853,0.14,21,0.857,0.867,0.13,7,S/D,1.0,0.0,0,S/D,S/D,S/D,0
4721B992,UPINA,PUNO,CARABAYA,eta5,pp,20260826,20260924,"00Z,12Z",D1,6h,0.164,0.993,0.073,197,0.444,0.829,0.141,27,0.3,0.889,0.088,10,S/D,S/D,S/D,0,S/D,S/D,S/D,0
4721B992,UPINA,PUNO,CARABAYA,wrf5,pp,20260826,20260924,"00Z,12Z",D1,6h,0.146,1.31,0.365,229,0.607,0.595,0.321,28,0.4,0.765,0.174,10,S/D,1.0,0.0,0,S/D,S/D,S/D,0
4721B992,UPINA,PUNO,CARABAYA,mpas15,pp,20260826,20260924,00Z,D1,6h,1.303,3.18,0.145,116,0.643,0.833,0.153,14,0.8,0.915,0.083,5,S/D,1.0,0.0,0,S/D,1.0,0.0,0
210003,HUANCASAYA,PUNO,HUANCANE,ecmwf,pp,20260826,20260924,"00Z,12Z",D1,6h,0.324,1.044,0.587,222,0.875,0.462,0.5,48,0.5,0.765,0.19,16,S/D,1.0,0.0,0,S/D,S/D,S/D,0
210003,HUANCASAYA,PUNO,HUANCANE,gfs,pp,20260826,20260924,"00Z,12Z",D1,6h,0.58,1.264,0.658,164,0.972,0.551,0.443,36,0.833,0.744,0.244,12,S/D,1.0,0.0,0,S/D,S/D,S/D,0
210003,HUANCASAYA,PUNO,HUANCANE,eta5,pp,20260826,20260924,"00Z,12Z",D1,6h,-0.008,0.531,0.578,191,0.622,0.317,0.483,45,0.214,0.667,0.15,14,S/D,S/D,S/D,0,S/D,S/D,S/D,0
210003,HUANCASAYA,PUNO,HUANCANE,wrf5,pp,20260826,20260924,"00Z,12Z",D1,6h,0.782,2.303,0.667,218,0.848,0.4,0.542,46,0.8,0.727,0.255,15,S/D,1.0,0.0,0,S/D,S/D,S/D,0
210003,HUANCASAYA,PUNO,HUANCANE,mpas15,pp,20260826,20260924,00Z,D1,6h,1.096,2.727,0.499,111,0.833,0.512,0.444,24,0.75,0.806,0.182,8,S/D,1.0,0.0,0,S/D,S/D,S/D,0
47251282,PUENTE CARRETERA RAMIS,PUNO,HUANCANE,ecmwf,pp,20260826,20260924,"00Z,12Z",D1,6h,0.15,0.971,0.458,216,0.944,0.73,0.266,18,0.8,0.652,0.32,10,0.5,0.667,0.25,2,S/D,S/D,S/D,0
47251282,PUENTE CARRETERA RAMIS,PUNO,HUANCANE,gfs,pp,20260826,20260924,"00Z,12Z",D1,6h,0.265,1.846,0.538,159,1.0,0.641,0.359,14,1.0,0.619,0.381,8,0.0,1.0,0.0,2,S/D,S/D,S/D,0
47251282,PUENTE CARRETERA RAMIS,PUNO,HUANCANE,eta5,pp,20260826,20260924,"00Z,12Z",D1,6h,0.079,1.081,0.56,186,1.0,0.71,0.29,18,0.8,0.6,0.364,10,0.0,S/D,0.0,2,S/D,S/D,S/D,0
47251282,PUENTE CARRETERA RAMIS,PUNO,HUANCANE,wrf5,pp,20260826,20260924,"00Z,12Z",D1,6h,0.319,1.5,0.546,212,0.941,0.61,0.381,17,0.889,0.636,0.348,9,1.0,0.714,0.286,2,S/D,S/D,S/D,0
47251282,PUENTE CARRETERA RAMIS,PUNO,HUANCANE,mpas15,pp,20260826,20260924,00Z,D1,6h,0.201,1.181,0.328,108,0.778,0.8,0.189,9,1.0,0.737,0.263,5,0.0,S/D,0.0,1,S/D,S/D,S/D,0
472E37C6,PALCA,PUNO,LAMPA,ecmwf,pp,20260826,20260924,"00Z,12Z",D1,6h,0.216,0.652,0.401,232,0.773,0.691,0.283,22,1.0,0.789,0.211,4,S/D,1.0,0.0,0,S/D,S/D,S/D,0
472E37C6,PALCA,PUNO,LAMPA,gfs,pp,20260826,20260924,"00Z,12Z",D1,6h,0.342,1.209,0.476,174,0.938,0.754,0.242,16,0.75,0.864,0.13,4,S/D,1.0,0.0,0,S/D,S/D,S/D,0
472E37C6,PALCA,PUNO,LAMPA,eta5,pp,20260826,20260924,"00Z,12Z",D1,6h,0.113,0.467,0.468,197,0.762,0.644,0.32,21,0.0,1.0,0.0,4,S/D,S/D,S/D,0,S/D,S/D,S/D,0
472E37C6,PALCA,PUNO,LAMPA,wrf5,pp,20260826,20260924,"00Z,12Z",D1,6h,0.299,1.138,0.44,229,0.762,0.68,0.291,21,0.0,1.0,0.0,3,S/D,1.0,0.0,0,S/D,S/D,S/D,0
472E37C6,PALCA,PUNO,LAMPA,mpas15,pp,20260826,20260924,00Z,D1,6h,0.218,0.697,0.194,116,0.545,0.739,0.214,11,0.5,0.923,0.071,2,S/D,S/D,S/D,0,S/D,S/D,S/D,0
472DE6A0,PAMPAHUTA,PUNO,LAMPA,ecmwf,pp,20260826,20260924,"00Z,12Z",D1,6h,0.063,0.628,0.456,230,0.833,0.608,0.364,24,0.667,0.385,0.471,12,0.25,0.667,0.167,4,S/D,S/D,S/D,0
472DE6A0,PAMPAHUTA,PUNO,LAMPA,gfs,pp,20260826,20260924,"00Z,12Z",D1,6h,0.327,1.478,0.544,173,0.947,0.654,0.34,19,1.0,0.607,0.393,11,0.0,1.0,0.0,4,S/D,S/D,S/D,0
472DE6A0,PAMPAHUTA,PUNO,LAMPA,eta5,pp,20260826,20260924,"00Z,12Z",D1,6h,-0.081,0.947,0.508,197,0.739,0.553,0.386,23,0.333,0.667,0.2,12,0.0,S/D,0.0,4,S/D,S/D,S/D,0
472DE6A0,PAMPAHUTA,PUNO,LAMPA,wrf5,pp,20260826,20260924,"00Z,12Z",D1,6h,0.115,0.894,0.488,227,0.696,0.556,0.372,23,0.909,0.444,0.526,11,0.0,1.0,0.0,4,S/D,S/D,S/D,0
472DE6A0,PAMPAHUTA,PUNO,LAMPA,mpas15,pp,20260826,20260924,00Z,D1,6h,0.074,0.658,0.39,115,0.75,0.55,0.391,12,0.667,0.75,0.222,6,0.5,0.0,0.5,2,S/D,S/D,S/D,0
114134,ANANSAYA -PUNA,PUNO,MELGAR,ecmwf,pp,20260826,20260924,"00Z,12Z",D1,6h,0.048,0.096,S/D,22,S/D,1.0,0.0,0,S/D,S/D,S/D,0,S/D,S/D,S/D,0,S/D,S/D,S/D,0
114134,ANANSAYA -PUNA,PUNO,MELGAR,gfs,pp,20260826,20260924,"00Z,12Z",D1,6h,0.033,0.082,S/D,17,S/D,1.0,0.0,0,S/D,S/D,S/D,0,S/D,S/D,S/D,0,S/D,S/D,S/D,0
114134,ANANSAYA -PUNA,PUNO,MELGAR,eta5,pp,20260826,20260924,"00Z,12Z",D1,6h,0.063,0.153,S/D,17,S/D,1.0,0.0,0,S/D,S/D,S/D,0,S/D,S/D,S/D,0,S/D,S/D,S/D,0
114134,ANANSAYA -PUNA,PUNO,MELGAR,wrf5,pp,20260826,20260924,"00Z,12Z",D1,6h,0.0,0.002,S/D,21,S/D,S/D,S/D,0,S/D,S/D,S/D,0,S/D,S/D,S/D,0,S/D,S/D,S/D,0
114134,ANANSAYA -PUNA,PUNO,MELGAR,mpas15,pp,20260826,20260924,00Z,D1,6h,0.091,0.302,S/D,11,S/D,1.0,0.0,0,S/D,1.0,0.0,0,S/D,S/D,S/D,0,S/D,S/D,S/D,0
47256412,ENAFER,PUNO,PUNO,ecmwf,pp,20260826,20260924,"00Z,12Z",D1,6h,S/D,S/D,S/D,0,S/D,S/D,S/D,0,S/D,S/D,S/D,0,S/D,S/D,S/D,0,S/D,S/D,S/D,0
47256412,ENAFER,PUNO,PUNO,gfs,pp,20260826,20260924,"00Z,12Z",D1,6h,S/D,S/D,S/D,0,S/D,S/D,S/D,0,S/D,S/D,S/D,0,S/D,S/D,S/D,0,S/D,S/D,S/D,0
47256412,ENAFER,PUNO,PUNO,eta5,pp,20260826,20260924,"00Z,12Z",D1,6h,S/D,S/D,S/D,0,S/D,S/D,S/D,0,S/D,S/D,S/D,0,S/D,S/D,S/D,0,S/D,S/D,S/D,0
47256412,ENAFER,PUNO,PUNO,wrf5,pp,20260826,20260924,"00Z,12Z",D1,6h,S/D,S/D,S/D,0,S/D,S/D,S/D,0,S/D,S/D,S/D,0,S/D,S/D,S/D,0,S/D,S/D,S/D,0
47256412,ENAFER,PUNO,PUNO,mpas15,pp,20260826,20260924,00Z,D1,6h,S/D,S/D,S/D,0,S/D,S/D,S/D,0,S/D,S/D,S/D,0,S/D,S/D,S/D,0,S/D,S/D,S/D,0
472E4156,ILLPA,PUNO,PUNO,ecmwf,pp,20260826,20260924,"00Z,12Z",D1,6h,0.149,0.651,0.406,224,0.875,0.759,0.233,16,0.625,0.615,0.312,8,S/D,1.0,0.0,0,S/D,S/D,S/D,0
472E4156,ILLPA,PUNO,PUNO,gfs,pp,20260826,20260924,"00Z,12Z",D1,6h,0.349,1.247,0.469,168,0.923,0.774,0.222,13,0.857,0.647,0.333,7,S/D,1.0,0.0,0,S/D,S/D,S/D,0
472E4156,ILLPA,PUNO,PUNO,eta5,pp,20260826,20260924,"00Z,12Z",D1,6h,0.032,0.484,0.371,190,0.733,0.744,0.234,15,0.375,0.571,0.25,8,S/D,S/D,S/D,0,S/D,S/D,S/D,0
472E4156,ILLPA,PUNO,PUNO,wrf5,pp,20260826,20260924,"00Z,12Z",D1,6h,0.24,1.073,0.526,221,0.8,0.636,0.333,15,0.857,0.6,0.375,7,S/D,1.0,0.0,0,S/D,S/D,S/D,0
472E4156,ILLPA,PUNO,PUNO,mpas15,pp,20260826,20260924,00Z,D1,6h,0.322,1.321,0.253,112,0.625,0.773,0.2,8,0.75,0.824,0.167,4,S/D,1.0,0.0,0,S/D,S/D,S/D,0
472CB426,LARAQUERI,PUNO,PUNO,ecmwf,pp,20260826,20260924,"00Z,12Z",D1,6h,0.129,0.542,0.426,230,1.0,0.73,0.27,10,0.875,0.5,0.467,8,S/D,1.0,0.0,0,S/D,S/D,S/D,0
472CB426,LARAQUERI,PUNO,PUNO,gfs,pp,20260826,20260924,"00Z,12Z",D1,6h,0.344,1.44,0.452,173,1.0,0.784,0.216,8,1.0,0.5,0.5,7,S/D,1.0,0.0,0,S/D,S/D,S/D,0
472CB426,LARAQUERI,PUNO,PUNO,eta5,pp,20260826,20260924,"00Z,12Z",D1,6h,0.047,0.352,0.5,196,1.0,0.667,0.333,10,0.5,0.6,0.286,8,S/D,S/D,S/D,0,S/D,S/D,S/D,0
472CB426,LARAQUERI,PUNO,PUNO,wrf5,pp,20260826,20260924,"00Z,12Z",D1,6h,0.203,1.091,0.473,227,1.0,0.655,0.345,10,0.875,0.533,0.438,8,S/D,1.0,0.0,0,S/D,S/D,S/D,0
472CB426,LARAQUERI,PUNO,PUNO,mpas15,pp,20260826,20260924,00Z,D1,6h,0.191,0.614,0.314,115,0.8,0.789,0.2,5,1.0,0.667,0.333,4,S/D,1.0,0.0,0,S/D,S/D,S/D,0
472DD33A,PUNO,PUNO,PUNO,ecmwf,pp,20260826,20260924,"00Z,12Z",D1,6h,0.153,0.722,0.394,226,1.0,0.793,0.207,12,0.75,0.769,0.214,4,0.0,1.0,0.0,2,S/D,S/D,S/D,0
472DD33A,PUNO,PUNO,PUNO,gfs,pp,20260826,20260924,"00Z,12Z",D1,6h,0.373,1.393,0.401,169,1.0,0.83,0.17,9,1.0,0.824,0.176,3,0.0,1.0,0.0,1,S/D,S/D,S/D,0
472DD33A,PUNO,PUNO,PUNO,eta5,pp,20260826,20260924,"00Z,12Z",D1,6h,0.002,0.602,0.391,192,0.833,0.744,0.244,12,0.5,0.667,0.25,4,0.0,S/D,0.0,2,S/D,S/D,S/D,0
472DD33A,PUNO,PUNO,PUNO,wrf5,pp,20260826,20260924,"00Z,12Z",D1,6h,0.268,1.271,0.462,223,0.818,0.71,0.273,11,1.0,0.778,0.222,4,0.5,0.833,0.143,2,S/D,S/D,S/D,0
472DD33A,PUNO,PUNO,PUNO,mpas15,pp,20260826,20260924,00Z,D1,6h,0.311,1.431,0.334,113,0.833,0.667,0.312,6,1.0,0.846,0.154,2,0.0,1.0,0.0,1,S/D,S/D,S/D,0
115156,CABANILLAS,PUNO,SAN ROMAN,ecmwf,pp,20260826,20260924,"00Z,12Z",D1,6h,-0.046,0.629,0.278,218,0.42,0.553,0.276,50,0.8,0.2,0.667,10,0.0,1.0,0.0,2,S/D,S/D,S/D,0
115156,CABANILLAS,PUNO,SAN ROMAN,gfs,pp,20260826,20260924,"00Z,12Z",D1,6h,0.142,1.157,0.302,163,0.457,0.562,0.288,46,0.778,0.588,0.368,9,0.0,1.0,0.0,1,S/D,S/D,S/D,0
115156,CABANILLAS,PUNO,SAN ROMAN,eta5,pp,20260826,20260924,"00Z,12Z",D1,6h,-0.057,0.787,0.314,188,0.409,0.514,0.286,44,0.6,0.625,0.3,10,0.0,S/D,0.0,2,S/D,S/D,S/D,0
115156,CABANILLAS,PUNO,SAN ROMAN,wrf5,pp,20260826,20260924,"00Z,12Z",D1,6h,0.037,1.273,0.292,214,0.327,0.543,0.235,49,0.7,0.3,0.538,10,0.0,1.0,0.0,2,S/D,S/D,S/D,0
115156,CABANILLAS,PUNO,SAN ROMAN,mpas15,pp,20260826,20260924,00Z,D1,6h,0.132,0.779,0.095,109,0.4,0.583,0.256,25,1.0,0.667,0.333,5,0.0,1.0,0.0,1,S/D,S/D,S/D,0
472CF72C,JULIACA,PUNO,SAN ROMAN,ecmwf,pp,20260826,20260924,"00Z,12Z",D1,6h,0.108,0.497,0.486,226,1.0,0.673,0.327,16,0.7,0.364,0.5,10,S/D,1.0,0.0,0,S/D,S/D,S/D,0
472CF72C,JULIACA,PUNO,SAN ROMAN,gfs,pp,20260826,20260924,"00Z,12Z",D1,6h,0.235,0.944,0.48,170,0.917,0.784,0.212,12,0.625,0.643,0.294,8,S/D,1.0,0.0,0,S/D,S/D,S/D,0
472CF72C,JULIACA,PUNO,SAN ROMAN,eta5,pp,20260826,20260924,"00Z,12Z",D1,6h,0.035,0.439,0.556,191,0.938,0.615,0.375,16,0.6,0.25,0.5,10,S/D,S/D,S/D,0,S/D,S/D,S/D,0
472CF72C,JULIACA,PUNO,SAN ROMAN,wrf5,pp,20260826,20260924,"00Z,12Z",D1,6h,0.273,1.681,0.479,223,0.643,0.719,0.243,14,0.556,0.688,0.25,9,S/D,1.0,0.0,0,S/D,S/D,S/D,0
472CF72C,JULIACA,PUNO,SAN ROMAN,mpas15,pp,20260826,20260924,00Z,D1,6h,0.213,0.738,0.359,113,0.875,0.696,0.292,8,0.8,0.667,0.308,5,S/D,1.0,0.0,0,S/D,S/D,S/D,0
107142,BELLAVISTA,SAN MARTIN,BELLAVISTA,ecmwf,pp,20260826,20260924,"00Z,12Z",D1,6h,S/D,S/D,S/D,0,S/D,S/D,S/D,0,S/D,S/D,S/D,0,S/D,S/D,S/D,0,S/D,S/D,S/D,0
107142,BELLAVISTA,SAN MARTIN,BELLAVISTA,gfs,pp,20260826,20260924,"00Z,12Z",D1,6h,S/D,S/D,S/D,0,S/D,S/D,S/D,0,S/D,S/D,S/D,0,S/D,S/D,S/D,0,S/D,S/D,S/D,0
107142,BELLAVISTA,SAN MARTIN,BELLAVISTA,eta5,pp,20260826,20260924,"00Z,12Z",D1,6h,S/D,S/D,S/D,0,S/D,S/D,S/D,0,S/D,S/D,S/D,0,S/D,S/D,S/D,0,S/D,S/D,S/D,0
107142,BELLAVISTA,SAN MARTIN,BELLAVISTA,wrf5,pp,20260826,20260924,"00Z,12Z",D1,6h,S/D,S/D,S/D,0,S/D,S/D,S/D,0,S/D,S/D,S/D,0,S/D,S/D,S/D,0,S/D,S/D,S/D,0
107142,BELLAVISTA,SAN MARTIN,BELLAVISTA,mpas15,pp,20260826,20260924,00Z,D1,6h,S/D,S/D,S/D,0,S/D,S/D,S/D,0,S/D,S/D,S/D,0,S/D,S/D,S/D,0,S/D,S/D,S/D,0
210006,SHANAO,SAN MARTIN,LAMAS,ecmwf,pp,20260826,20260924,"00Z,12Z",D1,6h,S/D,S/D,S/D,0,S/D,S/D,S/D,0,S/D,S/D,S/D,0,S/D,S/D,S/D,0,S/D,S/D,S/D,0
210006,SHANAO,SAN MARTIN,LAMAS,gfs,pp,20260826,20260924,"00Z,12Z",D1,6h,S/D,S/D,S/D,0,S/D,S/D,S/D,0,S/D,S/D,S/D,0,S/D,S/D,S/D,0,S/D,S/D,S/D,0
210006,SHANAO,SAN MARTIN,LAMAS,eta5,pp,20260826,20260924,"00Z,12Z",D1,6h,S/D,S/D,S/D,0,S/D,S/D,S/D,0,S/D,S/D,S/D,0,S/D,S/D,S/D,0,S/D,S/D,S/D,0
210006,SHANAO,SAN MARTIN,LAMAS,wrf5,pp,20260826,20260924,"00Z,12Z",D1,6h,S/D,S/D,S/D,0,S/D,S/D,S/D,0,S/D,S/D,S/D,0,S/D,S/D,S/D,0,S/D,S/D,S/D,0
210006,SHANAO,SAN MARTIN,LAMAS,mpas15,pp,20260826,20260924,00Z,D1,6h,S/D,S/D,S/D,0,S/D,S/D,S/D,0,S/D,S/D,S/D,0,S/D,S/D,S/D,0,S/D,S/D,S/D,0
106144,JEPELACIO,SAN MARTIN,MOYOBAMBA,ecmwf,pp,20260826,20260924,"00Z,12Z",D1,6h,S/D,S/D,S/D,0,S/D,S/D,S/D,0,S/D,S/D,S/D,0,S/D,S/D,S/D,0,S/D,S/D,S/D,0
106144,JEPELACIO,SAN MARTIN,MOYOBAMBA,gfs,pp,20260826,20260924,"00Z,12Z",D1,6h,S/D,S/D,S/D,0,S/D,S/D,S/D,0,S/D,S/D,S/D,0,S/D,S/D,S/D,0,S/D,S/D,S/D,0
106144,JEPELACIO,SAN MARTIN,MOYOBAMBA,eta5,pp,20260826,20260924,"00Z,12Z",D1,6h,S/D,S/D,S/D,0,S/D,S/D,S/D,0,S/D,S/D,S/D,0,S/D,S/D,S/D,0,S/D,S/D,S/D,0
106144,JEPELACIO,SAN MARTIN,MOYOBAMBA,wrf5,pp,20260826,20260924,"00Z,12Z",D1,6h,S/D,S/D,S/D,0,S/D,S/D,S/D,0,S/D,S/D,S/D,0,S/D,S/D,S/D,0,S/D,S/D,S/D,0
106144,JEPELACIO,SAN MARTIN,MOYOBAMBA,mpas15,pp,20260826,20260924,00Z,D1,6h,S/D,S/D,S/D,0,S/D,S/D,S/D,0,S/D,S/D,S/D,0,S/D,S/D,S/D,0,S/D,S/D,S/D,0
106145,TINGO DE PONAZA,SAN MARTIN,PICOTA,ecmwf,pp,20260826,20260924,"00Z,12Z",D1,6h,S/D,S/D,S/D,0,S/D,S/D,S/D,0,S/D,S/D,S/D,0,S/D,S/D,S/D,0,S/D,S/D,S/D,0
106145,TINGO DE PONAZA,SAN MARTIN,PICOTA,gfs,pp,20260826,20260924,"00Z,12Z",D1,6h,S/D,S/D,S/D,0,S/D,S/D,S/D,0,S/D,S/D,S/D,0,S/D,S/D,S/D,0,S/D,S/D,S/D,0
106145,TINGO DE PONAZA,SAN MARTIN,PICOTA,eta5,pp,20260826,20260924,"00Z,12Z",D1,6h,S/D,S/D,S/D,0,S/D,S/D,S/D,0,S/D,S/D,S/D,0,S/D,S/D,S/D,0,S/D,S/D,S/D,0
106145,TINGO DE PONAZA,SAN MARTIN,PICOTA,wrf5,pp,20260826,20260924,"00Z,12Z",D1,6h,S/D,S/D,S/D,0,S/D,S/D,S/D,0,S/D,S/D,S/D,0,S/D,S/D,S/D,0,S/D,S/D,S/D,0
106145,TINGO DE PONAZA,SAN MARTIN,PICOTA,mpas15,pp,20260826,20260924,00Z,D1,6h,S/D,S/D,S/D,0,S/D,S/D,S/D,0,S/D,S/D,S/D,0,S/D,S/D,S/D,0,S/D,S/D,S/D,0
4724851A,NARANJILLO,SAN MARTIN,RIOJA,ecmwf,pp,20260826,20260924,"00Z,12Z",D1,6h,0.889,3.55,0.362,214,1.0,0.822,0.178,26,0.75,0.819,0.17,20,0.5,0.706,0.227,10,0.0,S/D,0.0,2
4724851A,NARANJILLO,SAN MARTIN,RIOJA,gfs,pp,20260826,20260924,"00Z,12Z",D1,6h,0.352,3.44,0.29,159,0.905,0.812,0.184,21,0.625,0.815,0.167,16,0.143,0.833,0.083,7,0.0,S/D,0.0,1
4724851A,NARANJILLO,SAN MARTIN,RIOJA,eta5,pp,20260826,20260924,"00Z,12Z",D1,6h,-0.444,3.708,0.211,182,0.75,0.812,0.176,24,0.421,0.742,0.19,19,0.0,S/D,0.0,10,0.0,S/D,0.0,2
4724851A,NARANJILLO,SAN MARTIN,RIOJA,wrf5,pp,20260826,20260924,"00Z,12Z",D1,6h,-0.292,3.6,0.379,211,0.692,0.654,0.3,26,0.45,0.654,0.243,20,0.2,0.667,0.143,10,0.0,S/D,0.0,2
4724851A,NARANJILLO,SAN MARTIN,RIOJA,mpas15,pp,20260826,20260924,00Z,D1,6h,0.523,2.589,0.379,107,0.846,0.766,0.224,13,0.9,0.757,0.237,10,0.6,0.625,0.3,5,0.0,S/D,0.0,1
4723013A,EL PORVENIR,SAN MARTIN,SAN MARTIN,ecmwf,pp,20260826,20260924,"00Z,12Z",D1,6h,1.46,4.629,0.378,226,1.0,0.899,0.101,12,1.0,0.877,0.123,8,1.0,0.778,0.222,4,S/D,1.0,0.0,0
4723013A,EL PORVENIR,SAN MARTIN,SAN MARTIN,gfs,pp,20260826,20260924,"00Z,12Z",D1,6h,0.682,2.585,0.379,169,1.0,0.88,0.12,9,1.0,0.829,0.171,7,1.0,0.571,0.429,3,S/D,1.0,0.0,0
4723013A,EL PORVENIR,SAN MARTIN,SAN MARTIN,eta5,pp,20260826,20260924,"00Z,12Z",D1,6h,0.099,2.155,0.2,192,0.6,0.9,0.094,10,0.429,0.903,0.086,7,0.25,0.0,0.25,4,S/D,S/D,S/D,0
4723013A,EL PORVENIR,SAN MARTIN,SAN MARTIN,wrf5,pp,20260826,20260924,"00Z,12Z",D1,6h,0.017,2.38,0.423,223,0.583,0.667,0.269,12,0.75,0.5,0.429,8,0.5,0.5,0.333,4,S/D,S/D,S/D,0
4723013A,EL PORVENIR,SAN MARTIN,SAN MARTIN,mpas15,pp,20260826,20260924,00Z,D1,6h,0.742,1.908,0.356,113,1.0,0.824,0.176,6,1.0,0.852,0.148,4,1.0,0.714,0.286,2,S/D,1.0,0.0,0
47E2E456,TOCACHE,SAN MARTIN,TOCACHE,ecmwf,pp,20260826,20260924,"00Z,12Z",D1,6h,1.053,2.668,0.312,230,0.944,0.869,0.13,18,S/D,1.0,0.0,0,S/D,1.0,0.0,0,S/D,S/D,S/D,0
47E2E456,TOCACHE,SAN MARTIN,TOCACHE,gfs,pp,20260826,20260924,"00Z,12Z",D1,6h,1.142,2.396,0.332,172,1.0,0.841,0.159,17,S/D,1.0,0.0,0,S/D,1.0,0.0,0,S/D,S/D,S/D,0
47E2E456,TOCACHE,SAN MARTIN,TOCACHE,eta5,pp,20260826,20260924,"00Z,12Z",D1,6h,0.561,1.084,0.073,197,0.625,0.891,0.102,16,S/D,1.0,0.0,0,S/D,S/D,S/D,0,S/D,S/D,S/D,0
47E2E456,TOCACHE,SAN MARTIN,TOCACHE,wrf5,pp,20260826,20260924,"00Z,12Z",D1,6h,0.99,4.515,0.324,226,0.647,0.776,0.2,17,S/D,1.0,0.0,0,S/D,1.0,0.0,0,S/D,1.0,0.0,0
47E2E456,TOCACHE,SAN MARTIN,TOCACHE,mpas15,pp,20260826,20260924,00Z,D1,6h,2.253,4.359,0.327,115,1.0,0.87,0.13,9,S/D,1.0,0.0,0,S/D,1.0,0.0,0,S/D,S/D,S/D,0
47E2C2BA,CANDARAVE,TACNA,CANDARAVE,ecmwf,pp,20260826,20260924,"00Z,12Z",D1,6h,0.032,0.185,0.268,234,1.0,0.778,0.222,2,S/D,1.0,0.0,0,S/D,S/D,S/D,0,S/D,S/D,S/D,0
47E2C2BA,CANDARAVE,TACNA,CANDARAVE,gfs,pp,20260826,20260924,"00Z,12Z",D1,6h,0.072,0.377,0.24,176,1.0,0.9,0.1,1,S/D,1.0,0.0,0,S/D,S/D,S/D,0,S/D,S/D,S/D,0
47E2C2BA,CANDARAVE,TACNA,CANDARAVE,eta5,pp,20260826,20260924,"00Z,12Z",D1,6h,0.014,0.101,0.46,199,1.0,0.667,0.333,2,S/D,1.0,0.0,0,S/D,S/D,S/D,0,S/D,S/D,S/D,0
47E2C2BA,CANDARAVE,TACNA,CANDARAVE,wrf5,pp,20260826,20260924,"00Z,12Z",D1,6h,0.031,0.299,-0.018,230,0.0,1.0,0.0,2,S/D,1.0,0.0,0,S/D,S/D,S/D,0,S/D,S/D,S/D,0
47E2C2BA,CANDARAVE,TACNA,CANDARAVE,mpas15,pp,20260826,20260924,00Z,D1,6h,0.037,0.232,0.115,117,0.0,1.0,0.0,1,S/D,1.0,0.0,0,S/D,S/D,S/D,0,S/D,S/D,S/D,0
47E1654C,CORACHAY II,TACNA,CANDARAVE,ecmwf,pp,20260826,20260924,"00Z,12Z",D1,6h,0.088,0.392,0.259,230,0.75,0.87,0.125,4,S/D,1.0,0.0,0,S/D,S/D,S/D,0,S/D,S/D,S/D,0
47E1654C,CORACHAY II,TACNA,CANDARAVE,gfs,pp,20260826,20260924,"00Z,12Z",D1,6h,0.139,0.665,0.367,174,1.0,0.85,0.15,3,S/D,1.0,0.0,0,S/D,1.0,0.0,0,S/D,S/D,S/D,0
47E1654C,CORACHAY II,TACNA,CANDARAVE,eta5,pp,20260826,20260924,"00Z,12Z",D1,6h,0.012,0.088,0.422,195,1.0,0.571,0.429,3,S/D,S/D,S/D,0,S/D,S/D,S/D,0,S/D,S/D,S/D,0
47E1654C,CORACHAY II,TACNA,CANDARAVE,wrf5,pp,20260826,20260924,"00Z,12Z",D1,6h,0.069,0.497,0.41,226,0.75,0.7,0.273,4,S/D,1.0,0.0,0,S/D,1.0,0.0,0,S/D,S/D,S/D,0
47E1654C,CORACHAY II,TACNA,CANDARAVE,mpas15,pp,20260826,20260924,00Z,D1,6h,0.068,0.301,0.058,115,0.5,0.889,0.1,2,S/D,1.0,0.0,0,S/D,S/D,S/D,0,S/D,S/D,S/D,0
47E12646,LAGUNA ARICOTA,TACNA,CANDARAVE,ecmwf,pp,20260826,20260924,"00Z,12Z",D1,6h,0.031,0.186,S/D,230,S/D,1.0,0.0,0,S/D,1.0,0.0,0,S/D,S/D,S/D,0,S/D,S/D,S/D,0
47E12646,LAGUNA ARICOTA,TACNA,CANDARAVE,gfs,pp,20260826,20260924,"00Z,12Z",D1,6h,0.068,0.375,S/D,174,S/D,1.0,0.0,0,S/D,1.0,0.0,0,S/D,S/D,S/D,0,S/D,S/D,S/D,0
47E12646,LAGUNA ARICOTA,TACNA,CANDARAVE,eta5,pp,20260826,20260924,"00Z,12Z",D1,6h,0.004,0.039,S/D,195,S/D,1.0,0.0,0,S/D,S/D,S/D,0,S/D,S/D,S/D,0,S/D,S/D,S/D,0
47E12646,LAGUNA ARICOTA,TACNA,CANDARAVE,wrf5,pp,20260826,20260924,"00Z,12Z",D1,6h,0.027,0.267,S/D,226,S/D,1.0,0.0,0,S/D,1.0,0.0,0,S/D,S/D,S/D,0,S/D,S/D,S/D,0
47E12646,LAGUNA ARICOTA,TACNA,CANDARAVE,mpas15,pp,20260826,20260924,00Z,D1,6h,0.009,0.093,S/D,115,S/D,1.0,0.0,0,S/D,1.0,0.0,0,S/D,S/D,S/D,0,S/D,S/D,S/D,0
47E186BE,PUENTE VIEJO,TACNA,JORGE BASADRE,ecmwf,pp,20260826,20260924,"00Z,12Z",D1,6h,-0.321,2.126,-0.012,232,0.167,0.833,0.091,30,0.0,S/D,0.0,12,0.0,S/D,0.0,4,S/D,S/D,S/D,0
47E186BE,PUENTE VIEJO,TACNA,JORGE BASADRE,gfs,pp,20260826,20260924,"00Z,12Z",D1,6h,-0.41,2.43,0.207,174,0.0,S/D,0.0,21,0.0,S/D,0.0,9,0.0,S/D,0.0,4,S/D,S/D,S/D,0
47E186BE,PUENTE VIEJO,TACNA,JORGE BASADRE,eta5,pp,20260826,20260924,"00Z,12Z",D1,6h,-0.28,1.716,-0.028,197,0.0,S/D,0.0,26,0.0,S/D,0.0,9,0.0,S/D,0.0,3,S/D,S/D,S/D,0
47E186BE,PUENTE VIEJO,TACNA,JORGE BASADRE,wrf5,pp,20260826,20260924,"00Z,12Z",D1,6h,-0.358,2.144,0.028,229,0.0,1.0,0.0,30,0.0,S/D,0.0,12,0.0,S/D,0.0,4,S/D,S/D,S/D,0
47E186BE,PUENTE VIEJO,TACNA,JORGE BASADRE,mpas15,pp,20260826,20260924,00Z,D1,6h,-0.342,2.132,-0.009,116,0.0,1.0,0.0,15,0.0,S/D,0.0,6,0.0,S/D,0.0,2,S/D,S/D,S/D,0
47E2B42A,BOCATOMA EL AYRO,TACNA,TACNA,ecmwf,pp,20260826,20260924,"00Z,12Z",D1,6h,0.054,0.346,0.34,234,0.833,0.706,0.278,6,0.0,1.0,0.0,2,S/D,S/D,S/D,0,S/D,S/D,S/D,0
47E2B42A,BOCATOMA EL AYRO,TACNA,TACNA,gfs,pp,20260826,20260924,"00Z,12Z",D1,6h,0.172,0.894,0.5,177,1.0,0.714,0.286,4,1.0,0.857,0.143,1,S/D,1.0,0.0,0,S/D,S/D,S/D,0
47E2B42A,BOCATOMA EL AYRO,TACNA,TACNA,eta5,pp,20260826,20260924,"00Z,12Z",D1,6h,0.019,0.189,0.496,199,1.0,0.6,0.4,4,0.5,0.667,0.25,2,S/D,S/D,S/D,0,S/D,S/D,S/D,0
47E2B42A,BOCATOMA EL AYRO,TACNA,TACNA,wrf5,pp,20260826,20260924,"00Z,12Z",D1,6h,0.069,0.627,0.584,230,1.0,0.6,0.4,6,0.5,0.8,0.167,2,S/D,1.0,0.0,0,S/D,S/D,S/D,0
47E2B42A,BOCATOMA EL AYRO,TACNA,TACNA,mpas15,pp,20260826,20260924,00Z,D1,6h,0.108,0.671,0.288,117,1.0,0.5,0.5,3,1.0,0.8,0.2,1,S/D,1.0,0.0,0,S/D,S/D,S/D,0
47E143A0,CAPLINA,TACNA,TACNA,ecmwf,pp,20260826,20260924,"00Z,12Z",D1,6h,0.003,0.066,0.48,226,0.5,0.5,0.333,6,S/D,S/D,S/D,0,S/D,S/D,S/D,0,S/D,S/D,S/D,0
47E143A0,CAPLINA,TACNA,TACNA,gfs,pp,20260826,20260924,"00Z,12Z",D1,6h,0.036,0.223,0.648,171,0.8,0.429,0.5,5,S/D,1.0,0.0,0,S/D,S/D,S/D,0,S/D,S/D,S/D,0
47E143A0,CAPLINA,TACNA,TACNA,eta5,pp,20260826,20260924,"00Z,12Z",D1,6h,0.011,0.093,0.577,193,0.75,0.25,0.6,4,S/D,1.0,0.0,0,S/D,S/D,S/D,0,S/D,S/D,S/D,0
47E143A0,CAPLINA,TACNA,TACNA,wrf5,pp,20260826,20260924,"00Z,12Z",D1,6h,0.067,0.502,0.737,222,0.833,0.444,0.5,6,S/D,1.0,0.0,0,S/D,1.0,0.0,0,S/D,S/D,S/D,0
47E143A0,CAPLINA,TACNA,TACNA,mpas15,pp,20260826,20260924,00Z,D1,6h,0.036,0.24,0.23,113,0.667,0.333,0.5,3,S/D,1.0,0.0,0,S/D,S/D,S/D,0,S/D,S/D,S/D,0
47E13530,CERRO BLANCO,TACNA,TACNA,ecmwf,pp,20260826,20260924,"00Z,12Z",D1,6h,-0.065,0.217,0.491,230,0.222,0.2,0.211,36,0.0,S/D,0.0,2,S/D,S/D,S/D,0,S/D,S/D,S/D,0
47E13530,CERRO BLANCO,TACNA,TACNA,gfs,pp,20260826,20260924,"00Z,12Z",D1,6h,-0.071,0.219,-0.033,173,0.0,S/D,0.0,28,0.0,S/D,0.0,1,S/D,S/D,S/D,0,S/D,S/D,S/D,0
47E13530,CERRO BLANCO,TACNA,TACNA,eta5,pp,20260826,20260924,"00Z,12Z",D1,6h,-0.081,0.25,S/D,195,0.0,S/D,0.0,31,0.0,S/D,0.0,2,S/D,S/D,S/D,0,S/D,S/D,S/D,0
47E13530,CERRO BLANCO,TACNA,TACNA,wrf5,pp,20260826,20260924,"00Z,12Z",D1,6h,-0.078,0.243,0.388,226,0.0,1.0,0.0,36,0.0,S/D,0.0,2,S/D,S/D,S/D,0,S/D,S/D,S/D,0
47E13530,CERRO BLANCO,TACNA,TACNA,mpas15,pp,20260826,20260924,00Z,D1,6h,-0.077,0.236,0.074,115,0.056,0.0,0.056,18,0.0,S/D,0.0,1,S/D,S/D,S/D,0,S/D,S/D,S/D,0
47E195C8,CHALLATA,TACNA,TACNA,ecmwf,pp,20260826,20260924,"00Z,12Z",D1,6h,0.011,0.069,S/D,228,S/D,1.0,0.0,0,S/D,S/D,S/D,0,S/D,S/D,S/D,0,S/D,S/D,S/D,0
47E195C8,CHALLATA,TACNA,TACNA,gfs,pp,20260826,20260924,"00Z,12Z",D1,6h,0.044,0.261,S/D,172,S/D,1.0,0.0,0,S/D,1.0,0.0,0,S/D,S/D,S/D,0,S/D,S/D,S/D,0
47E195C8,CHALLATA,TACNA,TACNA,eta5,pp,20260826,20260924,"00Z,12Z",D1,6h,0.0,0.004,S/D,193,S/D,S/D,S/D,0,S/D,S/D,S/D,0,S/D,S/D,S/D,0,S/D,S/D,S/D,0
47E195C8,CHALLATA,TACNA,TACNA,wrf5,pp,20260826,20260924,"00Z,12Z",D1,6h,0.004,0.045,S/D,224,S/D,1.0,0.0,0,S/D,S/D,S/D,0,S/D,S/D,S/D,0,S/D,S/D,S/D,0
47E195C8,CHALLATA,TACNA,TACNA,mpas15,pp,20260826,20260924,00Z,D1,6h,0.0,0.0,S/D,114,S/D,S/D,S/D,0,S/D,S/D,S/D,0,S/D,S/D,S/D,0,S/D,S/D,S/D,0
4722F344,LA TRANCA,TACNA,TACNA,ecmwf,pp,20260826,20260924,"00Z,12Z",D1,6h,S/D,S/D,S/D,0,S/D,S/D,S/D,0,S/D,S/D,S/D,0,S/D,S/D,S/D,0,S/D,S/D,S/D,0
4722F344,LA TRANCA,TACNA,TACNA,gfs,pp,20260826,20260924,"00Z,12Z",D1,6h,S/D,S/D,S/D,0,S/D,S/D,S/D,0,S/D,S/D,S/D,0,S/D,S/D,S/D,0,S/D,S/D,S/D,0
4722F344,LA TRANCA,TACNA,TACNA,eta5,pp,20260826,20260924,"00Z,12Z",D1,6h,S/D,S/D,S/D,0,S/D,S/D,S/D,0,S/D,S/D,S/D,0,S/D,S/D,S/D,0,S/D,S/D,S/D,0
4722F344,LA TRANCA,TACNA,TACNA,wrf5,pp,20260826,20260924,"00Z,12Z",D1,6h,S/D,S/D,S/D,0,S/D,S/D,S/D,0,S/D,S/D,S/D,0,S/D,S/D,S/D,0,S/D,S/D,S/D,0
4722F344,LA TRANCA,TACNA,TACNA,mpas15,pp,20260826,20260924,00Z,D1,6h,S/D,S/D,S/D,0,S/D,S/D,S/D,0,S/D,S/D,S/D,0,S/D,S/D,S/D,0,S/D,S/D,S/D,0
47E113DC,REPRESA PAUCARANI,TACNA,TACNA,ecmwf,pp,20260826,20260924,"00Z,12Z",D1,6h,0.061,0.32,0.402,230,0.625,0.643,0.294,8,S/D,1.0,0.0,0,S/D,S/D,S/D,0,S/D,S/D,S/D,0
47E113DC,REPRESA PAUCARANI,TACNA,TACNA,gfs,pp,20260826,20260924,"00Z,12Z",D1,6h,0.13,0.734,0.54,174,0.75,0.5,0.429,8,S/D,1.0,0.0,0,S/D,1.0,0.0,0,S/D,S/D,S/D,0
47E113DC,REPRESA PAUCARANI,TACNA,TACNA,eta5,pp,20260826,20260924,"00Z,12Z",D1,6h,0.033,0.242,0.375,196,0.667,0.667,0.286,6,S/D,1.0,0.0,0,S/D,S/D,S/D,0,S/D,S/D,S/D,0
47E113DC,REPRESA PAUCARANI,TACNA,TACNA,wrf5,pp,20260826,20260924,"00Z,12Z",D1,6h,0.107,0.817,0.512,226,0.625,0.583,0.333,8,S/D,1.0,0.0,0,S/D,1.0,0.0,0,S/D,S/D,S/D,0
47E113DC,REPRESA PAUCARANI,TACNA,TACNA,mpas15,pp,20260826,20260924,00Z,D1,6h,0.028,0.212,0.211,115,0.5,0.333,0.4,4,S/D,1.0,0.0,0,S/D,S/D,S/D,0,S/D,S/D,S/D,0
117059,ANCOAQUE,TACNA,TARATA,ecmwf,pp,20260826,20260924,"00Z,12Z",D1,6h,0.059,0.351,0.311,182,0.667,0.556,0.364,6,S/D,1.0,0.0,0,S/D,S/D,S/D,0,S/D,S/D,S/D,0
117059,ANCOAQUE,TACNA,TARATA,gfs,pp,20260826,20260924,"00Z,12Z",D1,6h,0.128,0.737,0.454,150,0.8,0.692,0.286,5,S/D,1.0,0.0,0,S/D,1.0,0.0,0,S/D,S/D,S/D,0
117059,ANCOAQUE,TACNA,TARATA,eta5,pp,20260826,20260924,"00Z,12Z",D1,6h,0.011,0.083,0.341,153,0.6,0.4,0.429,5,S/D,1.0,0.0,0,S/D,S/D,S/D,0,S/D,S/D,S/D,0
117059,ANCOAQUE,TACNA,TARATA,wrf5,pp,20260826,20260924,"00Z,12Z",D1,6h,0.104,0.844,0.465,179,0.667,0.556,0.364,6,S/D,1.0,0.0,0,S/D,1.0,0.0,0,S/D,S/D,S/D,0
117059,ANCOAQUE,TACNA,TARATA,mpas15,pp,20260826,20260924,00Z,D1,6h,0.204,0.74,0.311,91,1.0,0.667,0.333,3,S/D,1.0,0.0,0,S/D,S/D,S/D,0,S/D,S/D,S/D,0
47E292C6,CHUAPALCA,TACNA,TARATA,ecmwf,pp,20260826,20260924,"00Z,12Z",D1,6h,0.062,0.383,0.151,232,0.5,0.846,0.133,4,S/D,1.0,0.0,0,S/D,S/D,S/D,0,S/D,S/D,S/D,0
47E292C6,CHUAPALCA,TACNA,TARATA,gfs,pp,20260826,20260924,"00Z,12Z",D1,6h,0.181,0.886,0.097,175,0.333,0.941,0.053,3,S/D,1.0,0.0,0,S/D,1.0,0.0,0,S/D,S/D,S/D,0
47E292C6,CHUAPALCA,TACNA,TARATA,eta5,pp,20260826,20260924,"00Z,12Z",D1,6h,0.035,0.179,0.249,197,0.5,0.8,0.167,4,S/D,1.0,0.0,0,S/D,S/D,S/D,0,S/D,S/D,S/D,0
47E292C6,CHUAPALCA,TACNA,TARATA,wrf5,pp,20260826,20260924,"00Z,12Z",D1,6h,0.06,0.336,0.211,228,0.5,0.867,0.118,4,S/D,1.0,0.0,0,S/D,S/D,S/D,0,S/D,S/D,S/D,0
47E292C6,CHUAPALCA,TACNA,TARATA,mpas15,pp,20260826,20260924,00Z,D1,6h,0.203,0.745,0.055,116,0.5,0.929,0.067,2,S/D,1.0,0.0,0,S/D,1.0,0.0,0,S/D,S/D,S/D,0
47E150D6,PUENTE TALAPALCA,TACNA,TARATA,ecmwf,pp,20260826,20260924,"00Z,12Z",D1,6h,0.001,0.009,S/D,222,S/D,S/D,S/D,0,S/D,S/D,S/D,0,S/D,S/D,S/D,0,S/D,S/D,S/D,0
47E150D6,PUENTE TALAPALCA,TACNA,TARATA,gfs,pp,20260826,20260924,"00Z,12Z",D1,6h,0.009,0.063,S/D,169,S/D,1.0,0.0,0,S/D,S/D,S/D,0,S/D,S/D,S/D,0,S/D,S/D,S/D,0
47E150D6,PUENTE TALAPALCA,TACNA,TARATA,eta5,pp,20260826,20260924,"00Z,12Z",D1,6h,0.005,0.046,S/D,189,S/D,1.0,0.0,0,S/D,S/D,S/D,0,S/D,S/D,S/D,0,S/D,S/D,S/D,0
47E150D6,PUENTE TALAPALCA,TACNA,TARATA,wrf5,pp,20260826,20260924,"00Z,12Z",D1,6h,0.004,0.042,S/D,218,S/D,1.0,0.0,0,S/D,S/D,S/D,0,S/D,S/D,S/D,0,S/D,S/D,S/D,0
47E150D6,PUENTE TALAPALCA,TACNA,TARATA,mpas15,pp,20260826,20260924,00Z,D1,6h,0.027,0.164,S/D,111,S/D,1.0,0.0,0,S/D,1.0,0.0,0,S/D,S/D,S/D,0,S/D,S/D,S/D,0
47E1B324,REPRESA JARUMAS,TACNA,TARATA,ecmwf,pp,20260826,20260924,"00Z,12Z",D1,6h,0.072,0.436,0.198,230,0.375,0.75,0.176,8,S/D,1.0,0.0,0,S/D,S/D,S/D,0,S/D,S/D,S/D,0
47E1B324,REPRESA JARUMAS,TACNA,TARATA,gfs,pp,20260826,20260924,"00Z,12Z",D1,6h,0.134,0.758,0.337,173,0.667,0.75,0.222,6,S/D,1.0,0.0,0,S/D,1.0,0.0,0,S/D,S/D,S/D,0
47E1B324,REPRESA JARUMAS,TACNA,TARATA,eta5,pp,20260826,20260924,"00Z,12Z",D1,6h,0.027,0.217,0.23,196,0.286,0.778,0.143,7,S/D,1.0,0.0,0,S/D,S/D,S/D,0,S/D,S/D,S/D,0
47E1B324,REPRESA JARUMAS,TACNA,TARATA,wrf5,pp,20260826,20260924,"00Z,12Z",D1,6h,0.1,0.732,0.29,226,0.375,0.75,0.176,8,S/D,1.0,0.0,0,S/D,1.0,0.0,0,S/D,S/D,S/D,0
47E1B324,REPRESA JARUMAS,TACNA,TARATA,mpas15,pp,20260826,20260924,00Z,D1,6h,0.062,0.315,0.162,115,0.25,0.857,0.1,4,S/D,1.0,0.0,0,S/D,S/D,S/D,0,S/D,S/D,S/D,0
47E1763A,SALIDA TUNEL KOVIRE,TACNA,TARATA,ecmwf,pp,20260826,20260924,"00Z,12Z",D1,6h,0.063,0.394,0.493,230,0.75,0.5,0.429,8,S/D,1.0,0.0,0,S/D,S/D,S/D,0,S/D,S/D,S/D,0
47E1763A,SALIDA TUNEL KOVIRE,TACNA,TARATA,gfs,pp,20260826,20260924,"00Z,12Z",D1,6h,0.119,0.693,0.613,173,1.0,0.562,0.438,7,S/D,1.0,0.0,0,S/D,1.0,0.0,0,S/D,S/D,S/D,0
47E1763A,SALIDA TUNEL KOVIRE,TACNA,TARATA,eta5,pp,20260826,20260924,"00Z,12Z",D1,6h,0.022,0.177,0.532,195,0.8,0.556,0.4,5,S/D,1.0,0.0,0,S/D,S/D,S/D,0,S/D,S/D,S/D,0
47E1763A,SALIDA TUNEL KOVIRE,TACNA,TARATA,wrf5,pp,20260826,20260924,"00Z,12Z",D1,6h,0.097,0.715,0.652,226,0.875,0.417,0.538,8,S/D,1.0,0.0,0,S/D,1.0,0.0,0,S/D,S/D,S/D,0
47E1763A,SALIDA TUNEL KOVIRE,TACNA,TARATA,mpas15,pp,20260826,20260924,00Z,D1,6h,0.066,0.327,0.272,115,0.75,0.571,0.375,4,S/D,1.0,0.0,0,S/D,S/D,S/D,0,S/D,S/D,S/D,0
47E2D1CC,TARATA,TACNA,TARATA,ecmwf,pp,20260826,20260924,"00Z,12Z",D1,6h,0.02,0.194,0.753,236,0.5,0.5,0.333,10,0.5,0.667,0.25,2,S/D,S/D,S/D,0,S/D,S/D,S/D,0
47E2D1CC,TARATA,TACNA,TARATA,gfs,pp,20260826,20260924,"00Z,12Z",D1,6h,0.067,0.418,0.711,178,0.75,0.4,0.5,8,1.0,0.6,0.4,2,S/D,S/D,S/D,0,S/D,S/D,S/D,0
47E2D1CC,TARATA,TACNA,TARATA,eta5,pp,20260826,20260924,"00Z,12Z",D1,6h,0.016,0.157,0.706,201,0.714,0.286,0.556,7,0.0,1.0,0.0,1,S/D,S/D,S/D,0,S/D,S/D,S/D,0
47E2D1CC,TARATA,TACNA,TARATA,wrf5,pp,20260826,20260924,"00Z,12Z",D1,6h,0.014,0.213,0.831,232,0.4,0.0,0.4,10,0.0,1.0,0.0,2,S/D,S/D,S/D,0,S/D,S/D,S/D,0
47E2D1CC,TARATA,TACNA,TARATA,mpas15,pp,20260826,20260924,00Z,D1,6h,0.063,0.293,0.373,118,1.0,0.167,0.833,5,1.0,0.8,0.2,1,S/D,S/D,S/D,0,S/D,S/D,S/D,0
47E2A75C,VILACOTA,TACNA,TARATA,ecmwf,pp,20260826,20260924,"00Z,12Z",D1,6h,0.094,0.407,0.3,234,1.0,0.81,0.19,4,S/D,1.0,0.0,0,S/D,S/D,S/D,0,S/D,S/D,S/D,0
47E2A75C,VILACOTA,TACNA,TARATA,gfs,pp,20260826,20260924,"00Z,12Z",D1,6h,0.166,0.849,0.364,177,1.0,0.824,0.176,3,S/D,1.0,0.0,0,S/D,1.0,0.0,0,S/D,S/D,S/D,0
47E2A75C,VILACOTA,TACNA,TARATA,eta5,pp,20260826,20260924,"00Z,12Z",D1,6h,0.019,0.123,0.411,200,1.0,0.667,0.333,4,S/D,1.0,0.0,0,S/D,S/D,S/D,0,S/D,S/D,S/D,0
47E2A75C,VILACOTA,TACNA,TARATA,wrf5,pp,20260826,20260924,"00Z,12Z",D1,6h,0.075,0.548,0.377,230,1.0,0.714,0.286,4,S/D,1.0,0.0,0,S/D,1.0,0.0,0,S/D,S/D,S/D,0
47E2A75C,VILACOTA,TACNA,TARATA,mpas15,pp,20260826,20260924,00Z,D1,6h,0.296,0.917,0.237,117,1.0,0.882,0.118,2,S/D,1.0,0.0,0,S/D,S/D,S/D,0,S/D,S/D,S/D,0
472F13D0,CAÑAVERAL,TUMBES,CONTRALMIRANTE VILLAR,ecmwf,pp,20260826,20260924,"00Z,12Z",D1,6h,0.169,1.424,0.291,232,0.4,0.857,0.118,10,1.0,0.636,0.364,4,0.5,0.0,0.5,4,S/D,S/D,S/D,0
472F13D0,CAÑAVERAL,TUMBES,CONTRALMIRANTE VILLAR,gfs,pp,20260826,20260924,"00Z,12Z",D1,6h,0.056,0.629,0.308,175,0.625,0.821,0.161,8,1.0,0.4,0.6,3,0.667,0.0,0.667,3,S/D,S/D,S/D,0
472F13D0,CAÑAVERAL,TUMBES,CONTRALMIRANTE VILLAR,eta5,pp,20260826,20260924,"00Z,12Z",D1,6h,0.06,0.711,0.292,197,0.714,0.872,0.122,7,0.5,0.875,0.111,2,0.0,S/D,0.0,2,S/D,S/D,S/D,0
472F13D0,CAÑAVERAL,TUMBES,CONTRALMIRANTE VILLAR,wrf5,pp,20260826,20260924,"00Z,12Z",D1,6h,-0.084,0.888,0.228,228,0.3,0.842,0.115,10,0.75,0.25,0.6,4,0.0,S/D,0.0,4,S/D,S/D,S/D,0
472F13D0,CAÑAVERAL,TUMBES,CONTRALMIRANTE VILLAR,mpas15,pp,20260826,20260924,00Z,D1,6h,-0.091,0.872,0.02,116,0.2,0.75,0.125,5,0.5,0.5,0.333,2,0.0,S/D,0.0,2,S/D,S/D,S/D,0
47E01126,CABO INGA H,TUMBES,TUMBES,ecmwf,pp,20260826,20260924,"00Z,12Z",D1,6h,-0.094,1.61,0.313,230,0.625,0.737,0.227,24,0.583,0.65,0.28,12,0.333,0.0,0.333,6,0.0,S/D,0.0,2
47E01126,CABO INGA H,TUMBES,TUMBES,gfs,pp,20260826,20260924,"00Z,12Z",D1,6h,-0.283,2.504,0.412,174,0.737,0.689,0.28,19,0.4,0.667,0.222,10,0.4,0.0,0.4,5,0.0,S/D,0.0,2
47E01126,CABO INGA H,TUMBES,TUMBES,eta5,pp,20260826,20260924,"00Z,12Z",D1,6h,-0.11,2.579,0.222,196,0.524,0.814,0.159,21,0.7,0.731,0.241,10,0.0,S/D,0.0,4,0.0,S/D,0.0,1
47E01126,CABO INGA H,TUMBES,TUMBES,wrf5,pp,20260826,20260924,"00Z,12Z",D1,6h,-0.148,2.088,0.375,226,0.583,0.576,0.326,24,0.417,0.545,0.278,12,0.333,0.0,0.333,6,0.5,0.0,0.5,2
47E01126,CABO INGA H,TUMBES,TUMBES,mpas15,pp,20260826,20260924,00Z,D1,6h,-0.422,3.376,-0.089,115,0.167,0.846,0.087,12,0.0,1.0,0.0,6,0.0,S/D,0.0,3,0.0,S/D,0.0,1
472F00A6,CABO INGA M,TUMBES,TUMBES,ecmwf,pp,20260826,20260924,"00Z,12Z",D1,6h,-0.265,2.383,0.391,228,0.8,0.714,0.267,20,0.667,0.619,0.32,12,0.375,0.0,0.375,8,0.0,S/D,0.0,2
472F00A6,CABO INGA M,TUMBES,TUMBES,gfs,pp,20260826,20260924,"00Z,12Z",D1,6h,-0.378,2.828,0.409,172,0.75,0.727,0.25,16,0.5,0.615,0.278,10,0.5,0.0,0.5,6,0.0,S/D,0.0,2
472F00A6,CABO INGA M,TUMBES,TUMBES,eta5,pp,20260826,20260924,"00Z,12Z",D1,6h,-0.215,2.963,0.291,193,0.688,0.807,0.177,16,0.778,0.731,0.25,9,0.0,S/D,0.0,5,0.0,S/D,0.0,1
472F00A6,CABO INGA M,TUMBES,TUMBES,wrf5,pp,20260826,20260924,"00Z,12Z",D1,6h,-0.308,2.873,0.419,224,0.7,0.562,0.368,20,0.583,0.562,0.333,12,0.375,0.0,0.375,8,0.5,0.0,0.5,2
472F00A6,CABO INGA M,TUMBES,TUMBES,mpas15,pp,20260826,20260924,00Z,D1,6h,-0.624,4.008,-0.038,114,0.2,0.846,0.095,10,0.0,1.0,0.0,6,0.0,S/D,0.0,4,0.0,S/D,0.0,1
472EF2D8,CAMPAMENTO SEDE,TUMBES,TUMBES,ecmwf,pp,20260826,20260924,"00Z,12Z",D1,6h,0.031,0.151,-0.137,154,0.0,1.0,0.0,8,S/D,1.0,0.0,0,S/D,S/D,S/D,0,S/D,S/D,S/D,0
472EF2D8,CAMPAMENTO SEDE,TUMBES,TUMBES,gfs,pp,20260826,20260924,"00Z,12Z",D1,6h,0.036,0.147,-0.054,119,0.0,1.0,0.0,7,S/D,1.0,0.0,0,S/D,S/D,S/D,0,S/D,S/D,S/D,0
472EF2D8,CAMPAMENTO SEDE,TUMBES,TUMBES,eta5,pp,20260826,20260924,"00Z,12Z",D1,6h,0.122,0.42,-0.126,129,0.0,1.0,0.0,7,S/D,1.0,0.0,0,S/D,S/D,S/D,0,S/D,S/D,S/D,0
472EF2D8,CAMPAMENTO SEDE,TUMBES,TUMBES,wrf5,pp,20260826,20260924,"00Z,12Z",D1,6h,0.009,0.053,-0.048,153,0.0,1.0,0.0,8,S/D,S/D,S/D,0,S/D,S/D,S/D,0,S/D,S/D,S/D,0
472EF2D8,CAMPAMENTO SEDE,TUMBES,TUMBES,mpas15,pp,20260826,20260924,00Z,D1,6h,0.001,0.061,-0.215,77,0.0,1.0,0.0,4,S/D,S/D,S/D,0,S/D,S/D,S/D,0,S/D,S/D,S/D,0
4724A3F6,EL TIGRE,TUMBES,TUMBES,ecmwf,pp,20260826,20260924,"00Z,12Z",D1,6h,0.158,0.734,0.253,216,1.0,0.902,0.098,4,1.0,0.846,0.154,2,0.0,1.0,0.0,2,S/D,S/D,S/D,0
4724A3F6,EL TIGRE,TUMBES,TUMBES,gfs,pp,20260826,20260924,"00Z,12Z",D1,6h,0.078,0.735,0.281,163,1.0,0.897,0.103,3,1.0,0.6,0.4,2,0.0,1.0,0.0,2,S/D,S/D,S/D,0
4724A3F6,EL TIGRE,TUMBES,TUMBES,eta5,pp,20260826,20260924,"00Z,12Z",D1,6h,0.147,0.748,0.167,184,1.0,0.958,0.042,2,0.0,1.0,0.0,1,0.0,1.0,0.0,1,S/D,S/D,S/D,0
4724A3F6,EL TIGRE,TUMBES,TUMBES,wrf5,pp,20260826,20260924,"00Z,12Z",D1,6h,0.027,0.628,0.289,212,1.0,0.778,0.222,4,1.0,0.667,0.333,2,0.0,1.0,0.0,2,S/D,S/D,S/D,0
4724A3F6,EL TIGRE,TUMBES,TUMBES,mpas15,pp,20260826,20260924,00Z,D1,6h,0.024,0.722,0.19,108,0.5,0.875,0.111,2,0.0,1.0,0.0,1,0.0,S/D,0.0,1,S/D,S/D,S/D,0
472F43AC,HUASIMO,TUMBES,TUMBES,ecmwf,pp,20260826,20260924,"00Z,12Z",D1,6h,0.13,1.039,0.357,230,0.875,0.759,0.233,16,0.6,0.727,0.231,10,0.75,0.0,0.75,4,S/D,S/D,S/D,0
472F43AC,HUASIMO,TUMBES,TUMBES,gfs,pp,20260826,20260924,"00Z,12Z",D1,6h,0.035,0.955,0.334,174,0.769,0.783,0.204,13,0.5,0.692,0.235,8,1.0,0.0,1.0,3,S/D,S/D,S/D,0
472F43AC,HUASIMO,TUMBES,TUMBES,eta5,pp,20260826,20260924,"00Z,12Z",D1,6h,-0.024,1.534,0.276,195,0.75,0.82,0.17,12,0.286,0.8,0.133,7,0.0,S/D,0.0,2,S/D,S/D,S/D,0
472F43AC,HUASIMO,TUMBES,TUMBES,wrf5,pp,20260826,20260924,"00Z,12Z",D1,6h,-0.086,1.5,0.332,226,0.625,0.714,0.244,16,0.7,0.125,0.636,10,0.5,0.0,0.5,4,S/D,1.0,0.0,0
472F43AC,HUASIMO,TUMBES,TUMBES,mpas15,pp,20260826,20260924,00Z,D1,6h,-0.248,2.185,0.004,115,0.125,0.917,0.053,8,0.0,1.0,0.0,5,0.0,S/D,0.0,2,S/D,S/D,S/D,0
47E024BC,PUENTE TUMBES,TUMBES,TUMBES,ecmwf,pp,20260826,20260924,"00Z,12Z",D1,6h,0.005,0.315,0.173,230,0.0,1.0,0.0,4,0.0,1.0,0.0,2,S/D,S/D,S/D,0,S/D,S/D,S/D,0
47E024BC,PUENTE TUMBES,TUMBES,TUMBES,gfs,pp,20260826,20260924,"00Z,12Z",D1,6h,0.002,0.348,0.129,174,0.0,1.0,0.0,3,0.0,1.0,0.0,2,S/D,S/D,S/D,0,S/D,S/D,S/D,0
47E024BC,PUENTE TUMBES,TUMBES,TUMBES,eta5,pp,20260826,20260924,"00Z,12Z",D1,6h,0.084,0.455,0.136,196,0.75,0.923,0.075,4,0.0,1.0,0.0,2,S/D,S/D,S/D,0,S/D,S/D,S/D,0
47E024BC,PUENTE TUMBES,TUMBES,TUMBES,wrf5,pp,20260826,20260924,"00Z,12Z",D1,6h,-0.003,0.208,0.193,226,0.0,1.0,0.0,3,0.0,S/D,0.0,1,S/D,S/D,S/D,0,S/D,S/D,S/D,0
47E024BC,PUENTE TUMBES,TUMBES,TUMBES,mpas15,pp,20260826,20260924,00Z,D1,6h,-0.016,0.3,0.141,115,0.0,1.0,0.0,2,0.0,S/D,0.0,1,S/D,S/D,S/D,0,S/D,S/D,S/D,0
103068,PUERTO PIZARRO,TUMBES,TUMBES,ecmwf,pp,20260826,20260924,"00Z,12Z",D1,6h,0.001,0.002,S/D,4,S/D,S/D,S/D,0,S/D,S/D,S/D,0,S/D,S/D,S/D,0,S/D,S/D,S/D,0
103068,PUERTO PIZARRO,TUMBES,TUMBES,gfs,pp,20260826,20260924,"00Z,12Z",D1,6h,0.0,0.0,S/D,4,S/D,S/D,S/D,0,S/D,S/D,S/D,0,S/D,S/D,S/D,0,S/D,S/D,S/D,0
103068,PUERTO PIZARRO,TUMBES,TUMBES,eta5,pp,20260826,20260924,"00Z,12Z",D1,6h,0.008,0.014,S/D,3,S/D,S/D,S/D,0,S/D,S/D,S/D,0,S/D,S/D,S/D,0,S/D,S/D,S/D,0
103068,PUERTO PIZARRO,TUMBES,TUMBES,wrf5,pp,20260826,20260924,"00Z,12Z",D1,6h,0.0,0.001,S/D,4,S/D,S/D,S/D,0,S/D,S/D,S/D,0,S/D,S/D,S/D,0,S/D,S/D,S/D,0
103068,PUERTO PIZARRO,TUMBES,TUMBES,mpas15,pp,20260826,20260924,00Z,D1,6h,0.0,0.0,S/D,2,S/D,S/D,S/D,0,S/D,S/D,S/D,0,S/D,S/D,S/D,0,S/D,S/D,S/D,0
472F264A,RICA PLAYA,TUMBES,TUMBES,ecmwf,pp,20260826,20260924,"00Z,12Z",D1,6h,0.003,1.099,0.322,232,0.625,0.762,0.208,16,1.0,0.692,0.308,4,0.25,0.0,0.25,4,S/D,S/D,S/D,0
472F264A,RICA PLAYA,TUMBES,TUMBES,gfs,pp,20260826,20260924,"00Z,12Z",D1,6h,-0.045,0.894,0.431,175,0.833,0.667,0.312,12,1.0,0.4,0.6,3,0.333,0.0,0.333,3,S/D,S/D,S/D,0
472F264A,RICA PLAYA,TUMBES,TUMBES,eta5,pp,20260826,20260924,"00Z,12Z",D1,6h,0.04,0.914,0.219,197,0.692,0.8,0.184,13,0.5,0.833,0.143,2,0.5,0.0,0.5,2,S/D,S/D,S/D,0
472F264A,RICA PLAYA,TUMBES,TUMBES,wrf5,pp,20260826,20260924,"00Z,12Z",D1,6h,-0.099,1.141,0.304,228,0.375,0.727,0.188,16,0.75,0.571,0.375,4,0.25,0.0,0.25,4,S/D,S/D,S/D,0
472F264A,RICA PLAYA,TUMBES,TUMBES,mpas15,pp,20260826,20260924,00Z,D1,6h,-0.123,1.451,0.119,116,0.375,0.625,0.231,8,0.0,1.0,0.0,2,0.0,S/D,0.0,2,S/D,S/D,S/D,0
472F353C,MATAPALO,TUMBES,ZARUMILLA,ecmwf,pp,20260826,20260924,"00Z,12Z",D1,6h,0.173,1.129,0.084,230,0.417,0.932,0.062,12,0.5,0.895,0.095,4,1.0,0.333,0.667,2,S/D,S/D,S/D,0
472F353C,MATAPALO,TUMBES,ZARUMILLA,gfs,pp,20260826,20260924,"00Z,12Z",D1,6h,0.038,1.81,0.078,174,0.4,0.933,0.061,10,0.5,0.846,0.133,4,1.0,0.0,1.0,2,S/D,S/D,S/D,0
472F353C,MATAPALO,TUMBES,ZARUMILLA,eta5,pp,20260826,20260924,"00Z,12Z",D1,6h,0.205,1.806,-0.01,196,0.5,0.947,0.051,10,0.0,1.0,0.0,3,0.0,S/D,0.0,1,S/D,S/D,S/D,0
472F353C,MATAPALO,TUMBES,ZARUMILLA,wrf5,pp,20260826,20260924,"00Z,12Z",D1,6h,-0.213,2.256,0.126,226,0.167,0.905,0.065,12,0.0,1.0,0.0,4,0.0,S/D,0.0,2,S/D,S/D,S/D,0
472F353C,MATAPALO,TUMBES,ZARUMILLA,mpas15,pp,20260826,20260924,00Z,D1,6h,-0.066,2.333,0.034,115,0.0,1.0,0.0,6,0.0,1.0,0.0,2,0.0,1.0,0.0,1,S/D,S/D,S/D,0
47E86310,CALLERIA,UCAYALI,CORONEL PORTILLO,ecmwf,pp,20260826,20260924,"00Z,12Z",D1,6h,S/D,S/D,S/D,0,S/D,S/D,S/D,0,S/D,S/D,S/D,0,S/D,S/D,S/D,0,S/D,S/D,S/D,0
47E86310,CALLERIA,UCAYALI,CORONEL PORTILLO,gfs,pp,20260826,20260924,"00Z,12Z",D1,6h,S/D,S/D,S/D,0,S/D,S/D,S/D,0,S/D,S/D,S/D,0,S/D,S/D,S/D,0,S/D,S/D,S/D,0
47E86310,CALLERIA,UCAYALI,CORONEL PORTILLO,eta5,pp,20260826,20260924,"00Z,12Z",D1,6h,S/D,S/D,S/D,0,S/D,S/D,S/D,0,S/D,S/D,S/D,0,S/D,S/D,S/D,0,S/D,S/D,S/D,0
47E86310,CALLERIA,UCAYALI,CORONEL PORTILLO,wrf5,pp,20260826,20260924,"00Z,12Z",D1,6h,S/D,S/D,S/D,0,S/D,S/D,S/D,0,S/D,S/D,S/D,0,S/D,S/D,S/D,0,S/D,S/D,S/D,0
47E86310,CALLERIA,UCAYALI,CORONEL PORTILLO,mpas15,pp,20260826,20260924,00Z,D1,6h,S/D,S/D,S/D,0,S/D,S/D,S/D,0,S/D,S/D,S/D,0,S/D,S/D,S/D,0,S/D,S/D,S/D,0
47E87066,PUERTO ESPERANZA,UCAYALI,PURUS,ecmwf,pp,20260826,20260924,"00Z,12Z",D1,6h,-0.208,5.276,0.397,232,0.818,0.778,0.212,22,0.571,0.733,0.222,14,0.5,0.545,0.312,10,0.0,S/D,0.0,4
47E87066,PUERTO ESPERANZA,UCAYALI,PURUS,gfs,pp,20260826,20260924,"00Z,12Z",D1,6h,-0.799,5.691,0.41,174,0.778,0.659,0.311,18,0.545,0.684,0.25,11,0.286,0.0,0.286,7,0.0,S/D,0.0,3
47E87066,PUERTO ESPERANZA,UCAYALI,PURUS,eta5,pp,20260826,20260924,"00Z,12Z",D1,6h,-1.042,6.258,0.401,197,0.682,0.643,0.306,22,0.286,0.75,0.154,14,0.0,S/D,0.0,10,0.0,S/D,0.0,4
47E87066,PUERTO ESPERANZA,UCAYALI,PURUS,wrf5,pp,20260826,20260924,"00Z,12Z",D1,6h,-0.858,6.17,0.456,229,0.545,0.333,0.429,22,0.214,0.571,0.167,14,0.0,1.0,0.0,10,0.0,1.0,0.0,4
47E87066,PUERTO ESPERANZA,UCAYALI,PURUS,mpas15,pp,20260826,20260924,00Z,D1,6h,0.378,4.616,0.356,116,0.909,0.778,0.217,11,0.857,0.85,0.146,7,0.6,0.7,0.25,5,0.0,S/D,0.0,2
270001,DESAGUADERO,PUNO,CHUCUITO,ecmwf,pp,20260826,20260924,"00Z,12Z",D1,6h,S/D,S/D,S/D,0,S/D,S/D,S/D,0,S/D,S/D,S/D,0,S/D,S/D,S/D,0,S/D,S/D,S/D,0
270001,DESAGUADERO,PUNO,CHUCUITO,gfs,pp,20260826,20260924,"00Z,12Z",D1,6h,S/D,S/D,S/D,0,S/D,S/D,S/D,0,S/D,S/D,S/D,0,S/D,S/D,S/D,0,S/D,S/D,S/D,0
270001,DESAGUADERO,PUNO,CHUCUITO,eta5,pp,20260826,20260924,"00Z,12Z",D1,6h,S/D,S/D,S/D,0,S/D,S/D,S/D,0,S/D,S/D,S/D,0,S/D,S/D,S/D,0,S/D,S/D,S/D,0
270001,DESAGUADERO,PUNO,CHUCUITO,wrf5,pp,20260826,20260924,"00Z,12Z",D1,6h,S/D,S/D,S/D,0,S/D,S/D,S/D,0,S/D,S/D,S/D,0,S/D,S/D,S/D,0,S/D,S/D,S/D,0
270001,DESAGUADERO,PUNO,CHUCUITO,mpas15,pp,20260826,20260924,00Z,D1,6h,S/D,S/D,S/D,0,S/D,S/D,S/D,0,S/D,S/D,S/D,0,S/D,S/D,S/D,0,S/D,S/D,S/D,0
101004,GUEPPI,LORETO,PUTUMAYO,ecmwf,pp,20260826,20260924,"00Z,12Z",D1,6h,1.991,3.389,S/D,232,S/D,1.0,0.0,0,S/D,1.0,0.0,0,S/D,1.0,0.0,0,S/D,S/D,S/D,0
101004,GUEPPI,LORETO,PUTUMAYO,gfs,pp,20260826,20260924,"00Z,12Z",D1,6h,1.369,2.555,S/D,175,S/D,1.0,0.0,0,S/D,1.0,0.0,0,S/D,1.0,0.0,0,S/D,S/D,S/D,0
101004,GUEPPI,LORETO,PUTUMAYO,eta5,pp,20260826,20260924,"00Z,12Z",D1,6h,0.784,1.522,S/D,197,S/D,1.0,0.0,0,S/D,1.0,0.0,0,S/D,1.0,0.0,0,S/D,S/D,S/D,0
101004,GUEPPI,LORETO,PUTUMAYO,wrf5,pp,20260826,20260924,"00Z,12Z",D1,6h,0.368,1.331,S/D,228,S/D,1.0,0.0,0,S/D,1.0,0.0,0,S/D,1.0,0.0,0,S/D,S/D,S/D,0
101004,GUEPPI,LORETO,PUTUMAYO,mpas15,pp,20260826,20260924,00Z,D1,6h,1.996,4.26,S/D,116,S/D,1.0,0.0,0,S/D,1.0,0.0,0,S/D,1.0,0.0,0,S/D,S/D,S/D,0
