codigo,estacion,departamento,provincia,modelo,variable,periodo_inicio,periodo_fin,ciclos,horizonte,resolucion,bias,mae,rmse,spearman,n
472B55E0,PUENTE SALINAS AMOJAO,AMAZONAS,BAGUA,ecmwf,temp,20260902,20261001,"00Z,12Z",D1,3h,S/D,S/D,S/D,S/D,0
472B55E0,PUENTE SALINAS AMOJAO,AMAZONAS,BAGUA,gfs,temp,20260902,20261001,"00Z,12Z",D1,3h,S/D,S/D,S/D,S/D,0
472B55E0,PUENTE SALINAS AMOJAO,AMAZONAS,BAGUA,eta5,temp,20260902,20261001,"00Z,12Z",D1,3h,S/D,S/D,S/D,S/D,0
472B55E0,PUENTE SALINAS AMOJAO,AMAZONAS,BAGUA,wrf5,temp,20260902,20261001,"00Z,12Z",D1,3h,S/D,S/D,S/D,S/D,0
472B55E0,PUENTE SALINAS AMOJAO,AMAZONAS,BAGUA,mpas15,temp,20260902,20261001,00Z,D1,3h,S/D,S/D,S/D,S/D,0
472C57D4,BAGUA,AMAZONAS,UTCUBAMBA,ecmwf,temp,20260902,20261001,"00Z,12Z",D1,3h,-3.225,3.253,3.638,0.895,480
472C57D4,BAGUA,AMAZONAS,UTCUBAMBA,gfs,temp,20260902,20261001,"00Z,12Z",D1,3h,-3.243,3.333,3.667,0.91,480
472C57D4,BAGUA,AMAZONAS,UTCUBAMBA,eta5,temp,20260902,20261001,"00Z,12Z",D1,3h,-0.897,1.693,2.154,0.874,384
472C57D4,BAGUA,AMAZONAS,UTCUBAMBA,wrf5,temp,20260902,20261001,"00Z,12Z",D1,3h,0.843,1.613,2.069,0.89,472
472C57D4,BAGUA,AMAZONAS,UTCUBAMBA,mpas15,temp,20260902,20261001,00Z,D1,3h,-4.466,4.494,4.783,0.905,240
472B607A,CORRAL QUEMADO,AMAZONAS,UTCUBAMBA,ecmwf,temp,20260902,20261001,"00Z,12Z",D1,3h,S/D,S/D,S/D,S/D,0
472B607A,CORRAL QUEMADO,AMAZONAS,UTCUBAMBA,gfs,temp,20260902,20261001,"00Z,12Z",D1,3h,S/D,S/D,S/D,S/D,0
472B607A,CORRAL QUEMADO,AMAZONAS,UTCUBAMBA,eta5,temp,20260902,20261001,"00Z,12Z",D1,3h,S/D,S/D,S/D,S/D,0
472B607A,CORRAL QUEMADO,AMAZONAS,UTCUBAMBA,wrf5,temp,20260902,20261001,"00Z,12Z",D1,3h,S/D,S/D,S/D,S/D,0
472B607A,CORRAL QUEMADO,AMAZONAS,UTCUBAMBA,mpas15,temp,20260902,20261001,00Z,D1,3h,S/D,S/D,S/D,S/D,0
472B2370,MAGUNCHAL,AMAZONAS,UTCUBAMBA,ecmwf,temp,20260902,20261001,"00Z,12Z",D1,3h,S/D,S/D,S/D,S/D,0
472B2370,MAGUNCHAL,AMAZONAS,UTCUBAMBA,gfs,temp,20260902,20261001,"00Z,12Z",D1,3h,S/D,S/D,S/D,S/D,0
472B2370,MAGUNCHAL,AMAZONAS,UTCUBAMBA,eta5,temp,20260902,20261001,"00Z,12Z",D1,3h,S/D,S/D,S/D,S/D,0
472B2370,MAGUNCHAL,AMAZONAS,UTCUBAMBA,wrf5,temp,20260902,20261001,"00Z,12Z",D1,3h,S/D,S/D,S/D,S/D,0
472B2370,MAGUNCHAL,AMAZONAS,UTCUBAMBA,mpas15,temp,20260902,20261001,00Z,D1,3h,S/D,S/D,S/D,S/D,0
220907,NARANJITO,AMAZONAS,UTCUBAMBA,ecmwf,temp,20260902,20261001,"00Z,12Z",D1,3h,S/D,S/D,S/D,S/D,0
220907,NARANJITO,AMAZONAS,UTCUBAMBA,gfs,temp,20260902,20261001,"00Z,12Z",D1,3h,S/D,S/D,S/D,S/D,0
220907,NARANJITO,AMAZONAS,UTCUBAMBA,eta5,temp,20260902,20261001,"00Z,12Z",D1,3h,S/D,S/D,S/D,S/D,0
220907,NARANJITO,AMAZONAS,UTCUBAMBA,wrf5,temp,20260902,20261001,"00Z,12Z",D1,3h,S/D,S/D,S/D,S/D,0
220907,NARANJITO,AMAZONAS,UTCUBAMBA,mpas15,temp,20260902,20261001,00Z,D1,3h,S/D,S/D,S/D,S/D,0
109096,BUENA VISTA,ANCASH,CASMA,ecmwf,temp,20260902,20261001,"00Z,12Z",D1,3h,0.209,1.061,1.404,0.914,478
109096,BUENA VISTA,ANCASH,CASMA,gfs,temp,20260902,20261001,"00Z,12Z",D1,3h,-2.015,2.131,2.628,0.871,478
109096,BUENA VISTA,ANCASH,CASMA,eta5,temp,20260902,20261001,"00Z,12Z",D1,3h,-1.52,2.16,2.508,0.867,382
109096,BUENA VISTA,ANCASH,CASMA,wrf5,temp,20260902,20261001,"00Z,12Z",D1,3h,-0.865,1.367,1.645,0.906,470
109096,BUENA VISTA,ANCASH,CASMA,mpas15,temp,20260902,20261001,00Z,D1,3h,-1.985,2.133,2.516,0.879,239
4725A10C,CHAVIN,ANCASH,HUARI,ecmwf,temp,20260902,20261001,"00Z,12Z",D1,3h,-9.054,9.054,9.378,0.883,474
4725A10C,CHAVIN,ANCASH,HUARI,gfs,temp,20260902,20261001,"00Z,12Z",D1,3h,-8.039,8.039,8.531,0.88,474
4725A10C,CHAVIN,ANCASH,HUARI,eta5,temp,20260902,20261001,"00Z,12Z",D1,3h,-5.166,5.24,5.698,0.858,380
4725A10C,CHAVIN,ANCASH,HUARI,wrf5,temp,20260902,20261001,"00Z,12Z",D1,3h,-2.259,2.689,3.281,0.891,466
4725A10C,CHAVIN,ANCASH,HUARI,mpas15,temp,20260902,20261001,00Z,D1,3h,-10.027,10.027,10.39,0.898,237
109091,SAUCEPAMPA,ANCASH,HUAYLAS,ecmwf,temp,20260902,20261001,"00Z,12Z",D1,3h,-4.911,4.928,5.54,0.876,476
109091,SAUCEPAMPA,ANCASH,HUAYLAS,gfs,temp,20260902,20261001,"00Z,12Z",D1,3h,-6.995,6.995,7.84,0.846,476
109091,SAUCEPAMPA,ANCASH,HUAYLAS,eta5,temp,20260902,20261001,"00Z,12Z",D1,3h,0.299,1.525,1.874,0.899,380
109091,SAUCEPAMPA,ANCASH,HUAYLAS,wrf5,temp,20260902,20261001,"00Z,12Z",D1,3h,-2.717,2.933,3.825,0.878,468
109091,SAUCEPAMPA,ANCASH,HUAYLAS,mpas15,temp,20260902,20261001,00Z,D1,3h,-9.78,9.78,10.27,0.864,238
472182DA,PUENTE CAHUA,ANCASH,OCROS,ecmwf,temp,20260902,20261001,"00Z,12Z",D1,3h,S/D,S/D,S/D,S/D,0
472182DA,PUENTE CAHUA,ANCASH,OCROS,gfs,temp,20260902,20261001,"00Z,12Z",D1,3h,S/D,S/D,S/D,S/D,0
472182DA,PUENTE CAHUA,ANCASH,OCROS,eta5,temp,20260902,20261001,"00Z,12Z",D1,3h,S/D,S/D,S/D,S/D,0
472182DA,PUENTE CAHUA,ANCASH,OCROS,wrf5,temp,20260902,20261001,"00Z,12Z",D1,3h,S/D,S/D,S/D,S/D,0
472182DA,PUENTE CAHUA,ANCASH,OCROS,mpas15,temp,20260902,20261001,00Z,D1,3h,S/D,S/D,S/D,S/D,0
47E89394,PACHACOTO,ANCASH,RECUAY,ecmwf,temp,20260902,20261001,"00Z,12Z",D1,3h,-0.236,2.588,3.196,0.901,480
47E89394,PACHACOTO,ANCASH,RECUAY,gfs,temp,20260902,20261001,"00Z,12Z",D1,3h,-0.761,4.013,4.777,0.843,480
47E89394,PACHACOTO,ANCASH,RECUAY,eta5,temp,20260902,20261001,"00Z,12Z",D1,3h,1.603,2.534,3.219,0.904,384
47E89394,PACHACOTO,ANCASH,RECUAY,wrf5,temp,20260902,20261001,"00Z,12Z",D1,3h,1.595,3.171,3.892,0.897,472
47E89394,PACHACOTO,ANCASH,RECUAY,mpas15,temp,20260902,20261001,00Z,D1,3h,-3.193,4.398,5.337,0.844,240
47259496,RECUAY,ANCASH,RECUAY,ecmwf,temp,20260902,20261001,"00Z,12Z",D1,3h,-3.278,3.554,4.258,0.938,472
47259496,RECUAY,ANCASH,RECUAY,gfs,temp,20260902,20261001,"00Z,12Z",D1,3h,-3.81,4.933,6.052,0.89,472
47259496,RECUAY,ANCASH,RECUAY,eta5,temp,20260902,20261001,"00Z,12Z",D1,3h,-1.429,2.574,3.12,0.906,377
47259496,RECUAY,ANCASH,RECUAY,wrf5,temp,20260902,20261001,"00Z,12Z",D1,3h,0.701,2.871,3.401,0.925,464
47259496,RECUAY,ANCASH,RECUAY,mpas15,temp,20260902,20261001,00Z,D1,3h,-7.189,7.199,8.226,0.904,236
110138,SHAQUEK,ANCASH,RECUAY,ecmwf,temp,20260902,20261001,"00Z,12Z",D1,3h,-6.68,6.68,6.964,0.806,478
110138,SHAQUEK,ANCASH,RECUAY,gfs,temp,20260902,20261001,"00Z,12Z",D1,3h,-3.818,3.822,4.055,0.83,478
110138,SHAQUEK,ANCASH,RECUAY,eta5,temp,20260902,20261001,"00Z,12Z",D1,3h,-4.797,4.797,5.063,0.808,382
110138,SHAQUEK,ANCASH,RECUAY,wrf5,temp,20260902,20261001,"00Z,12Z",D1,3h,-1.503,1.809,2.228,0.803,470
110138,SHAQUEK,ANCASH,RECUAY,mpas15,temp,20260902,20261001,00Z,D1,3h,-2.73,2.788,3.156,0.821,239
211601,SAN JACINTO,ANCASH,SANTA,ecmwf,temp,20260902,20261001,"00Z,12Z",D1,3h,S/D,S/D,S/D,S/D,0
211601,SAN JACINTO,ANCASH,SANTA,gfs,temp,20260902,20261001,"00Z,12Z",D1,3h,S/D,S/D,S/D,S/D,0
211601,SAN JACINTO,ANCASH,SANTA,eta5,temp,20260902,20261001,"00Z,12Z",D1,3h,S/D,S/D,S/D,S/D,0
211601,SAN JACINTO,ANCASH,SANTA,wrf5,temp,20260902,20261001,"00Z,12Z",D1,3h,S/D,S/D,S/D,S/D,0
211601,SAN JACINTO,ANCASH,SANTA,mpas15,temp,20260902,20261001,00Z,D1,3h,S/D,S/D,S/D,S/D,0
113253,CURAHUASI,APURIMAC,ABANCAY,ecmwf,temp,20260902,20261001,"00Z,12Z",D1,3h,-4.695,4.72,5.173,0.893,478
113253,CURAHUASI,APURIMAC,ABANCAY,gfs,temp,20260902,20261001,"00Z,12Z",D1,3h,-5.635,5.639,6.219,0.877,478
113253,CURAHUASI,APURIMAC,ABANCAY,eta5,temp,20260902,20261001,"00Z,12Z",D1,3h,-2.886,3.104,3.57,0.886,383
113253,CURAHUASI,APURIMAC,ABANCAY,wrf5,temp,20260902,20261001,"00Z,12Z",D1,3h,-1.384,2.093,2.693,0.904,470
113253,CURAHUASI,APURIMAC,ABANCAY,mpas15,temp,20260902,20261001,00Z,D1,3h,-6.874,6.874,7.232,0.895,239
47263360,GRANJA SAN ANTONIO,APURIMAC,ABANCAY,ecmwf,temp,20260902,20261001,"00Z,12Z",D1,3h,-3.094,3.265,3.664,0.869,474
47263360,GRANJA SAN ANTONIO,APURIMAC,ABANCAY,gfs,temp,20260902,20261001,"00Z,12Z",D1,3h,-4.023,4.053,4.408,0.892,474
47263360,GRANJA SAN ANTONIO,APURIMAC,ABANCAY,eta5,temp,20260902,20261001,"00Z,12Z",D1,3h,-3.964,4.097,4.675,0.815,380
47263360,GRANJA SAN ANTONIO,APURIMAC,ABANCAY,wrf5,temp,20260902,20261001,"00Z,12Z",D1,3h,-3.344,3.407,3.782,0.883,466
47263360,GRANJA SAN ANTONIO,APURIMAC,ABANCAY,mpas15,temp,20260902,20261001,00Z,D1,3h,-4.655,4.662,5.006,0.904,237
472B16EA,HUACULLO,APURIMAC,ANTABAMBA,ecmwf,temp,20260902,20261001,"00Z,12Z",D1,3h,-0.994,2.706,3.3,0.83,478
472B16EA,HUACULLO,APURIMAC,ANTABAMBA,gfs,temp,20260902,20261001,"00Z,12Z",D1,3h,0.802,2.715,3.511,0.802,478
472B16EA,HUACULLO,APURIMAC,ANTABAMBA,eta5,temp,20260902,20261001,"00Z,12Z",D1,3h,2.968,3.377,4.357,0.799,382
472B16EA,HUACULLO,APURIMAC,ANTABAMBA,wrf5,temp,20260902,20261001,"00Z,12Z",D1,3h,1.867,3.083,3.964,0.79,470
472B16EA,HUACULLO,APURIMAC,ANTABAMBA,mpas15,temp,20260902,20261001,00Z,D1,3h,-0.653,2.44,3.013,0.857,239
113246,TANCAYLLO,APURIMAC,CHINCHEROS,ecmwf,temp,20260902,20261001,"00Z,12Z",D1,3h,1.655,2.63,3.415,0.82,480
113246,TANCAYLLO,APURIMAC,CHINCHEROS,gfs,temp,20260902,20261001,"00Z,12Z",D1,3h,0.23,1.914,2.392,0.845,480
113246,TANCAYLLO,APURIMAC,CHINCHEROS,eta5,temp,20260902,20261001,"00Z,12Z",D1,3h,-0.157,2.173,2.606,0.805,384
113246,TANCAYLLO,APURIMAC,CHINCHEROS,wrf5,temp,20260902,20261001,"00Z,12Z",D1,3h,0.664,2.245,2.792,0.813,472
113246,TANCAYLLO,APURIMAC,CHINCHEROS,mpas15,temp,20260902,20261001,00Z,D1,3h,-2.22,2.822,3.638,0.771,240
472A1410,CASACCANCHA,APURIMAC,COTABAMBAS,ecmwf,temp,20260902,20261001,"00Z,12Z",D1,3h,-1.174,2.161,2.741,0.844,478
472A1410,CASACCANCHA,APURIMAC,COTABAMBAS,gfs,temp,20260902,20261001,"00Z,12Z",D1,3h,0.459,1.632,2.061,0.896,478
472A1410,CASACCANCHA,APURIMAC,COTABAMBAS,eta5,temp,20260902,20261001,"00Z,12Z",D1,3h,2.945,3.259,3.982,0.847,382
472A1410,CASACCANCHA,APURIMAC,COTABAMBAS,wrf5,temp,20260902,20261001,"00Z,12Z",D1,3h,1.417,2.03,2.591,0.883,471
472A1410,CASACCANCHA,APURIMAC,COTABAMBAS,mpas15,temp,20260902,20261001,00Z,D1,3h,-0.548,1.645,2.148,0.898,239
116085,AREQUIPA UV,AREQUIPA,AREQUIPA,ecmwf,temp,20260902,20261001,"00Z,12Z",D1,3h,-1.135,1.404,1.652,0.932,350
116085,AREQUIPA UV,AREQUIPA,AREQUIPA,gfs,temp,20260902,20261001,"00Z,12Z",D1,3h,-2.46,2.743,3.088,0.869,350
116085,AREQUIPA UV,AREQUIPA,AREQUIPA,eta5,temp,20260902,20261001,"00Z,12Z",D1,3h,-0.046,1.144,1.399,0.919,278
116085,AREQUIPA UV,AREQUIPA,AREQUIPA,wrf5,temp,20260902,20261001,"00Z,12Z",D1,3h,1.121,1.988,2.372,0.887,343
116085,AREQUIPA UV,AREQUIPA,AREQUIPA,mpas15,temp,20260902,20261001,00Z,D1,3h,-7.323,7.335,7.776,0.801,175
47E26242,BOYADERO,AREQUIPA,AREQUIPA,ecmwf,temp,20260902,20261001,"00Z,12Z",D1,3h,S/D,S/D,S/D,S/D,0
47E26242,BOYADERO,AREQUIPA,AREQUIPA,gfs,temp,20260902,20261001,"00Z,12Z",D1,3h,S/D,S/D,S/D,S/D,0
47E26242,BOYADERO,AREQUIPA,AREQUIPA,eta5,temp,20260902,20261001,"00Z,12Z",D1,3h,S/D,S/D,S/D,S/D,0
47E26242,BOYADERO,AREQUIPA,AREQUIPA,wrf5,temp,20260902,20261001,"00Z,12Z",D1,3h,S/D,S/D,S/D,S/D,0
47E26242,BOYADERO,AREQUIPA,AREQUIPA,mpas15,temp,20260902,20261001,00Z,D1,3h,S/D,S/D,S/D,S/D,0
116083,CAYMA,AREQUIPA,AREQUIPA,ecmwf,temp,20260902,20261001,"00Z,12Z",D1,3h,S/D,S/D,S/D,S/D,0
116083,CAYMA,AREQUIPA,AREQUIPA,gfs,temp,20260902,20261001,"00Z,12Z",D1,3h,S/D,S/D,S/D,S/D,0
116083,CAYMA,AREQUIPA,AREQUIPA,eta5,temp,20260902,20261001,"00Z,12Z",D1,3h,S/D,S/D,S/D,S/D,0
116083,CAYMA,AREQUIPA,AREQUIPA,wrf5,temp,20260902,20261001,"00Z,12Z",D1,3h,S/D,S/D,S/D,S/D,0
116083,CAYMA,AREQUIPA,AREQUIPA,mpas15,temp,20260902,20261001,00Z,D1,3h,S/D,S/D,S/D,S/D,0
472147C4,CHARCANI,AREQUIPA,AREQUIPA,ecmwf,temp,20260902,20261001,"00Z,12Z",D1,3h,S/D,S/D,S/D,S/D,0
472147C4,CHARCANI,AREQUIPA,AREQUIPA,gfs,temp,20260902,20261001,"00Z,12Z",D1,3h,S/D,S/D,S/D,S/D,0
472147C4,CHARCANI,AREQUIPA,AREQUIPA,eta5,temp,20260902,20261001,"00Z,12Z",D1,3h,S/D,S/D,S/D,S/D,0
472147C4,CHARCANI,AREQUIPA,AREQUIPA,wrf5,temp,20260902,20261001,"00Z,12Z",D1,3h,S/D,S/D,S/D,S/D,0
472147C4,CHARCANI,AREQUIPA,AREQUIPA,mpas15,temp,20260902,20261001,00Z,D1,3h,S/D,S/D,S/D,S/D,0
116077,CHIGUATA,AREQUIPA,AREQUIPA,ecmwf,temp,20260902,20261001,"00Z,12Z",D1,3h,S/D,S/D,S/D,S/D,0
116077,CHIGUATA,AREQUIPA,AREQUIPA,gfs,temp,20260902,20261001,"00Z,12Z",D1,3h,S/D,S/D,S/D,S/D,0
116077,CHIGUATA,AREQUIPA,AREQUIPA,eta5,temp,20260902,20261001,"00Z,12Z",D1,3h,S/D,S/D,S/D,S/D,0
116077,CHIGUATA,AREQUIPA,AREQUIPA,wrf5,temp,20260902,20261001,"00Z,12Z",D1,3h,S/D,S/D,S/D,S/D,0
116077,CHIGUATA,AREQUIPA,AREQUIPA,mpas15,temp,20260902,20261001,00Z,D1,3h,S/D,S/D,S/D,S/D,0
116065,LA PAMPILLA,AREQUIPA,AREQUIPA,ecmwf,temp,20260902,20261001,"00Z,12Z",D1,3h,-0.873,1.579,1.891,0.896,480
116065,LA PAMPILLA,AREQUIPA,AREQUIPA,gfs,temp,20260902,20261001,"00Z,12Z",D1,3h,-2.306,2.98,3.386,0.822,480
116065,LA PAMPILLA,AREQUIPA,AREQUIPA,eta5,temp,20260902,20261001,"00Z,12Z",D1,3h,0.27,1.32,1.716,0.892,384
116065,LA PAMPILLA,AREQUIPA,AREQUIPA,wrf5,temp,20260902,20261001,"00Z,12Z",D1,3h,1.269,2.341,2.903,0.847,472
116065,LA PAMPILLA,AREQUIPA,AREQUIPA,mpas15,temp,20260902,20261001,00Z,D1,3h,-7.02,7.19,7.723,0.755,240
47E360B8,PATAHUASI,AREQUIPA,AREQUIPA,ecmwf,temp,20260902,20261001,"00Z,12Z",D1,3h,1.141,3.949,4.893,0.895,478
47E360B8,PATAHUASI,AREQUIPA,AREQUIPA,gfs,temp,20260902,20261001,"00Z,12Z",D1,3h,2.587,5.163,6.599,0.787,478
47E360B8,PATAHUASI,AREQUIPA,AREQUIPA,eta5,temp,20260902,20261001,"00Z,12Z",D1,3h,6.138,6.16,7.233,0.902,383
47E360B8,PATAHUASI,AREQUIPA,AREQUIPA,wrf5,temp,20260902,20261001,"00Z,12Z",D1,3h,3.899,4.481,6.126,0.91,470
47E360B8,PATAHUASI,AREQUIPA,AREQUIPA,mpas15,temp,20260902,20261001,00Z,D1,3h,-0.677,3.968,4.476,0.897,239
4722E032,PUENTE DEL DIABLO,AREQUIPA,AREQUIPA,ecmwf,temp,20260902,20261001,"00Z,12Z",D1,3h,S/D,S/D,S/D,S/D,0
4722E032,PUENTE DEL DIABLO,AREQUIPA,AREQUIPA,gfs,temp,20260902,20261001,"00Z,12Z",D1,3h,S/D,S/D,S/D,S/D,0
4722E032,PUENTE DEL DIABLO,AREQUIPA,AREQUIPA,eta5,temp,20260902,20261001,"00Z,12Z",D1,3h,S/D,S/D,S/D,S/D,0
4722E032,PUENTE DEL DIABLO,AREQUIPA,AREQUIPA,wrf5,temp,20260902,20261001,"00Z,12Z",D1,3h,S/D,S/D,S/D,S/D,0
4722E032,PUENTE DEL DIABLO,AREQUIPA,AREQUIPA,mpas15,temp,20260902,20261001,00Z,D1,3h,S/D,S/D,S/D,S/D,0
116082,SAN FRANCISCO,AREQUIPA,AREQUIPA,ecmwf,temp,20260902,20261001,"00Z,12Z",D1,3h,S/D,S/D,S/D,S/D,0
116082,SAN FRANCISCO,AREQUIPA,AREQUIPA,gfs,temp,20260902,20261001,"00Z,12Z",D1,3h,S/D,S/D,S/D,S/D,0
116082,SAN FRANCISCO,AREQUIPA,AREQUIPA,eta5,temp,20260902,20261001,"00Z,12Z",D1,3h,S/D,S/D,S/D,S/D,0
116082,SAN FRANCISCO,AREQUIPA,AREQUIPA,wrf5,temp,20260902,20261001,"00Z,12Z",D1,3h,S/D,S/D,S/D,S/D,0
116082,SAN FRANCISCO,AREQUIPA,AREQUIPA,mpas15,temp,20260902,20261001,00Z,D1,3h,S/D,S/D,S/D,S/D,0
47E3B6D0,SAN JOSE DE UZUNA,AREQUIPA,AREQUIPA,ecmwf,temp,20260902,20261001,"00Z,12Z",D1,3h,-4.708,4.852,5.684,0.862,478
47E3B6D0,SAN JOSE DE UZUNA,AREQUIPA,AREQUIPA,gfs,temp,20260902,20261001,"00Z,12Z",D1,3h,-2.408,3.67,4.387,0.821,478
47E3B6D0,SAN JOSE DE UZUNA,AREQUIPA,AREQUIPA,eta5,temp,20260902,20261001,"00Z,12Z",D1,3h,1.514,2.157,2.748,0.894,383
47E3B6D0,SAN JOSE DE UZUNA,AREQUIPA,AREQUIPA,wrf5,temp,20260902,20261001,"00Z,12Z",D1,3h,1.772,2.764,3.557,0.833,470
47E3B6D0,SAN JOSE DE UZUNA,AREQUIPA,AREQUIPA,mpas15,temp,20260902,20261001,00Z,D1,3h,1.262,2.863,3.687,0.829,239
47E27134,SOCOSANI,AREQUIPA,AREQUIPA,ecmwf,temp,20260902,20261001,"00Z,12Z",D1,3h,S/D,S/D,S/D,S/D,0
47E27134,SOCOSANI,AREQUIPA,AREQUIPA,gfs,temp,20260902,20261001,"00Z,12Z",D1,3h,S/D,S/D,S/D,S/D,0
47E27134,SOCOSANI,AREQUIPA,AREQUIPA,eta5,temp,20260902,20261001,"00Z,12Z",D1,3h,S/D,S/D,S/D,S/D,0
47E27134,SOCOSANI,AREQUIPA,AREQUIPA,wrf5,temp,20260902,20261001,"00Z,12Z",D1,3h,S/D,S/D,S/D,S/D,0
47E27134,SOCOSANI,AREQUIPA,AREQUIPA,mpas15,temp,20260902,20261001,00Z,D1,3h,S/D,S/D,S/D,S/D,0
472EE1AE,TINGO GRANDE,AREQUIPA,AREQUIPA,ecmwf,temp,20260902,20261001,"00Z,12Z",D1,3h,S/D,S/D,S/D,S/D,0
472EE1AE,TINGO GRANDE,AREQUIPA,AREQUIPA,gfs,temp,20260902,20261001,"00Z,12Z",D1,3h,S/D,S/D,S/D,S/D,0
472EE1AE,TINGO GRANDE,AREQUIPA,AREQUIPA,eta5,temp,20260902,20261001,"00Z,12Z",D1,3h,S/D,S/D,S/D,S/D,0
472EE1AE,TINGO GRANDE,AREQUIPA,AREQUIPA,wrf5,temp,20260902,20261001,"00Z,12Z",D1,3h,S/D,S/D,S/D,S/D,0
472EE1AE,TINGO GRANDE,AREQUIPA,AREQUIPA,mpas15,temp,20260902,20261001,00Z,D1,3h,S/D,S/D,S/D,S/D,0
116078,TUCTUMPAYA,AREQUIPA,AREQUIPA,ecmwf,temp,20260902,20261001,"00Z,12Z",D1,3h,-5.132,5.149,5.631,0.87,480
116078,TUCTUMPAYA,AREQUIPA,AREQUIPA,gfs,temp,20260902,20261001,"00Z,12Z",D1,3h,-2.82,3.145,3.885,0.842,480
116078,TUCTUMPAYA,AREQUIPA,AREQUIPA,eta5,temp,20260902,20261001,"00Z,12Z",D1,3h,0.705,1.261,1.646,0.906,384
116078,TUCTUMPAYA,AREQUIPA,AREQUIPA,wrf5,temp,20260902,20261001,"00Z,12Z",D1,3h,0.096,2.263,2.651,0.85,472
116078,TUCTUMPAYA,AREQUIPA,AREQUIPA,mpas15,temp,20260902,20261001,00Z,D1,3h,-2.363,3.054,3.366,0.883,240
116081,YURA,AREQUIPA,AREQUIPA,ecmwf,temp,20260902,20261001,"00Z,12Z",D1,3h,-8.596,8.596,8.783,0.844,308
116081,YURA,AREQUIPA,AREQUIPA,gfs,temp,20260902,20261001,"00Z,12Z",D1,3h,-6.606,6.606,6.867,0.835,308
116081,YURA,AREQUIPA,AREQUIPA,eta5,temp,20260902,20261001,"00Z,12Z",D1,3h,-1.045,1.376,1.695,0.882,253
116081,YURA,AREQUIPA,AREQUIPA,wrf5,temp,20260902,20261001,"00Z,12Z",D1,3h,-0.737,1.845,2.274,0.864,300
116081,YURA,AREQUIPA,AREQUIPA,mpas15,temp,20260902,20261001,00Z,D1,3h,-3.037,3.608,3.783,0.802,154
116084,CAMANA,AREQUIPA,CAMANA,ecmwf,temp,20260902,20261001,"00Z,12Z",D1,3h,-0.331,1.544,1.933,0.239,364
116084,CAMANA,AREQUIPA,CAMANA,gfs,temp,20260902,20261001,"00Z,12Z",D1,3h,-1.507,1.822,2.355,0.405,364
116084,CAMANA,AREQUIPA,CAMANA,eta5,temp,20260902,20261001,"00Z,12Z",D1,3h,-1.918,2.034,2.39,0.719,291
116084,CAMANA,AREQUIPA,CAMANA,wrf5,temp,20260902,20261001,"00Z,12Z",D1,3h,-0.048,1.076,1.294,0.753,360
116084,CAMANA,AREQUIPA,CAMANA,mpas15,temp,20260902,20261001,00Z,D1,3h,-1.874,2.0,2.45,0.59,182
472D23BE,OCOÑA,AREQUIPA,CAMANA,ecmwf,temp,20260902,20261001,"00Z,12Z",D1,3h,-1.405,1.507,1.775,0.679,478
472D23BE,OCOÑA,AREQUIPA,CAMANA,gfs,temp,20260902,20261001,"00Z,12Z",D1,3h,-2.11,2.13,2.383,0.678,478
472D23BE,OCOÑA,AREQUIPA,CAMANA,eta5,temp,20260902,20261001,"00Z,12Z",D1,3h,-1.409,1.891,2.248,0.628,383
472D23BE,OCOÑA,AREQUIPA,CAMANA,wrf5,temp,20260902,20261001,"00Z,12Z",D1,3h,-0.58,1.232,1.511,0.63,470
472D23BE,OCOÑA,AREQUIPA,CAMANA,mpas15,temp,20260902,20261001,00Z,D1,3h,-1.258,1.385,1.752,0.601,239
214400,HUATIAPA,AREQUIPA,CASTILLA,ecmwf,temp,20260902,20261001,"00Z,12Z",D1,3h,S/D,S/D,S/D,S/D,0
214400,HUATIAPA,AREQUIPA,CASTILLA,gfs,temp,20260902,20261001,"00Z,12Z",D1,3h,S/D,S/D,S/D,S/D,0
214400,HUATIAPA,AREQUIPA,CASTILLA,eta5,temp,20260902,20261001,"00Z,12Z",D1,3h,S/D,S/D,S/D,S/D,0
214400,HUATIAPA,AREQUIPA,CASTILLA,wrf5,temp,20260902,20261001,"00Z,12Z",D1,3h,S/D,S/D,S/D,S/D,0
214400,HUATIAPA,AREQUIPA,CASTILLA,mpas15,temp,20260902,20261001,00Z,D1,3h,S/D,S/D,S/D,S/D,0
4723D752,CHIVAY,AREQUIPA,CAYLLOMA,ecmwf,temp,20260902,20261001,"00Z,12Z",D1,3h,-8.2,8.201,8.814,0.816,480
4723D752,CHIVAY,AREQUIPA,CAYLLOMA,gfs,temp,20260902,20261001,"00Z,12Z",D1,3h,-5.68,5.738,6.726,0.798,480
4723D752,CHIVAY,AREQUIPA,CAYLLOMA,eta5,temp,20260902,20261001,"00Z,12Z",D1,3h,-2.827,3.104,3.696,0.876,384
4723D752,CHIVAY,AREQUIPA,CAYLLOMA,wrf5,temp,20260902,20261001,"00Z,12Z",D1,3h,-0.379,2.379,2.832,0.85,472
4723D752,CHIVAY,AREQUIPA,CAYLLOMA,mpas15,temp,20260902,20261001,00Z,D1,3h,-8.279,8.279,8.694,0.906,240
47E8A60E,COTACOTA,AREQUIPA,CAYLLOMA,ecmwf,temp,20260902,20261001,"00Z,12Z",D1,3h,-1.55,2.451,2.988,0.905,478
47E8A60E,COTACOTA,AREQUIPA,CAYLLOMA,gfs,temp,20260902,20261001,"00Z,12Z",D1,3h,0.593,3.036,3.787,0.8,478
47E8A60E,COTACOTA,AREQUIPA,CAYLLOMA,eta5,temp,20260902,20261001,"00Z,12Z",D1,3h,2.574,3.193,4.051,0.839,382
47E8A60E,COTACOTA,AREQUIPA,CAYLLOMA,wrf5,temp,20260902,20261001,"00Z,12Z",D1,3h,0.502,2.868,3.651,0.812,470
47E8A60E,COTACOTA,AREQUIPA,CAYLLOMA,mpas15,temp,20260902,20261001,00Z,D1,3h,-2.338,3.369,3.854,0.863,239
47E3A5A6,HUANCA,AREQUIPA,CAYLLOMA,ecmwf,temp,20260902,20261001,"00Z,12Z",D1,3h,-1.971,2.27,2.541,0.878,476
47E3A5A6,HUANCA,AREQUIPA,CAYLLOMA,gfs,temp,20260902,20261001,"00Z,12Z",D1,3h,-2.223,2.593,2.944,0.854,476
47E3A5A6,HUANCA,AREQUIPA,CAYLLOMA,eta5,temp,20260902,20261001,"00Z,12Z",D1,3h,0.903,1.37,1.736,0.891,382
47E3A5A6,HUANCA,AREQUIPA,CAYLLOMA,wrf5,temp,20260902,20261001,"00Z,12Z",D1,3h,-0.054,1.521,1.953,0.828,468
47E3A5A6,HUANCA,AREQUIPA,CAYLLOMA,mpas15,temp,20260902,20261001,00Z,D1,3h,-2.154,2.779,3.071,0.857,238
47E3834A,IMATA,AREQUIPA,CAYLLOMA,ecmwf,temp,20260902,20261001,"00Z,12Z",D1,3h,0.714,1.93,2.707,0.9,476
47E3834A,IMATA,AREQUIPA,CAYLLOMA,gfs,temp,20260902,20261001,"00Z,12Z",D1,3h,2.458,3.043,4.156,0.866,476
47E3834A,IMATA,AREQUIPA,CAYLLOMA,eta5,temp,20260902,20261001,"00Z,12Z",D1,3h,4.832,4.85,5.703,0.853,382
47E3834A,IMATA,AREQUIPA,CAYLLOMA,wrf5,temp,20260902,20261001,"00Z,12Z",D1,3h,2.461,2.966,3.952,0.896,468
47E3834A,IMATA,AREQUIPA,CAYLLOMA,mpas15,temp,20260902,20261001,00Z,D1,3h,-0.253,2.144,2.726,0.898,238
4729E39A,PAMPA DE MAJES,AREQUIPA,CAYLLOMA,ecmwf,temp,20260902,20261001,"00Z,12Z",D1,3h,1.067,1.841,2.284,0.916,478
4729E39A,PAMPA DE MAJES,AREQUIPA,CAYLLOMA,gfs,temp,20260902,20261001,"00Z,12Z",D1,3h,1.203,2.006,2.459,0.912,478
4729E39A,PAMPA DE MAJES,AREQUIPA,CAYLLOMA,eta5,temp,20260902,20261001,"00Z,12Z",D1,3h,3.428,3.469,3.893,0.933,383
4729E39A,PAMPA DE MAJES,AREQUIPA,CAYLLOMA,wrf5,temp,20260902,20261001,"00Z,12Z",D1,3h,1.527,2.679,3.28,0.824,470
4729E39A,PAMPA DE MAJES,AREQUIPA,CAYLLOMA,mpas15,temp,20260902,20261001,00Z,D1,3h,-1.333,2.405,2.949,0.864,239
47E373CE,PILLONES,AREQUIPA,CAYLLOMA,ecmwf,temp,20260902,20261001,"00Z,12Z",D1,3h,2.378,2.578,3.433,0.943,472
47E373CE,PILLONES,AREQUIPA,CAYLLOMA,gfs,temp,20260902,20261001,"00Z,12Z",D1,3h,3.359,3.574,4.989,0.864,472
47E373CE,PILLONES,AREQUIPA,CAYLLOMA,eta5,temp,20260902,20261001,"00Z,12Z",D1,3h,4.137,4.242,5.092,0.88,378
47E373CE,PILLONES,AREQUIPA,CAYLLOMA,wrf5,temp,20260902,20261001,"00Z,12Z",D1,3h,2.383,3.048,4.407,0.85,464
47E373CE,PILLONES,AREQUIPA,CAYLLOMA,mpas15,temp,20260902,20261001,00Z,D1,3h,-0.665,2.158,2.573,0.927,236
47265686,SIBAYO,AREQUIPA,CAYLLOMA,ecmwf,temp,20260902,20261001,"00Z,12Z",D1,3h,S/D,S/D,S/D,S/D,0
47265686,SIBAYO,AREQUIPA,CAYLLOMA,gfs,temp,20260902,20261001,"00Z,12Z",D1,3h,S/D,S/D,S/D,S/D,0
47265686,SIBAYO,AREQUIPA,CAYLLOMA,eta5,temp,20260902,20261001,"00Z,12Z",D1,3h,S/D,S/D,S/D,S/D,0
47265686,SIBAYO,AREQUIPA,CAYLLOMA,wrf5,temp,20260902,20261001,"00Z,12Z",D1,3h,S/D,S/D,S/D,S/D,0
47265686,SIBAYO,AREQUIPA,CAYLLOMA,mpas15,temp,20260902,20261001,00Z,D1,3h,S/D,S/D,S/D,S/D,0
472ED434,SUMBAY,AREQUIPA,CAYLLOMA,ecmwf,temp,20260902,20261001,"00Z,12Z",D1,3h,S/D,S/D,S/D,S/D,0
472ED434,SUMBAY,AREQUIPA,CAYLLOMA,gfs,temp,20260902,20261001,"00Z,12Z",D1,3h,S/D,S/D,S/D,S/D,0
472ED434,SUMBAY,AREQUIPA,CAYLLOMA,eta5,temp,20260902,20261001,"00Z,12Z",D1,3h,S/D,S/D,S/D,S/D,0
472ED434,SUMBAY,AREQUIPA,CAYLLOMA,wrf5,temp,20260902,20261001,"00Z,12Z",D1,3h,S/D,S/D,S/D,S/D,0
472ED434,SUMBAY,AREQUIPA,CAYLLOMA,mpas15,temp,20260902,20261001,00Z,D1,3h,S/D,S/D,S/D,S/D,0
115150,COROPUNA,AREQUIPA,CONDESUYOS,ecmwf,temp,20260902,20261001,"00Z,12Z",D1,3h,5.949,5.949,6.351,0.838,468
115150,COROPUNA,AREQUIPA,CONDESUYOS,gfs,temp,20260902,20261001,"00Z,12Z",D1,3h,8.996,8.996,9.154,0.813,468
115150,COROPUNA,AREQUIPA,CONDESUYOS,eta5,temp,20260902,20261001,"00Z,12Z",D1,3h,3.259,3.259,3.429,0.886,374
115150,COROPUNA,AREQUIPA,CONDESUYOS,wrf5,temp,20260902,20261001,"00Z,12Z",D1,3h,2.096,2.141,2.432,0.882,460
115150,COROPUNA,AREQUIPA,CONDESUYOS,mpas15,temp,20260902,20261001,00Z,D1,3h,7.985,7.985,8.316,0.76,234
114119,VISCA VISCA,AREQUIPA,CONDESUYOS,ecmwf,temp,20260902,20261001,"00Z,12Z",D1,3h,-3.064,3.564,4.247,0.803,478
114119,VISCA VISCA,AREQUIPA,CONDESUYOS,gfs,temp,20260902,20261001,"00Z,12Z",D1,3h,-1.136,2.155,2.699,0.864,478
114119,VISCA VISCA,AREQUIPA,CONDESUYOS,eta5,temp,20260902,20261001,"00Z,12Z",D1,3h,1.591,2.386,3.058,0.85,382
114119,VISCA VISCA,AREQUIPA,CONDESUYOS,wrf5,temp,20260902,20261001,"00Z,12Z",D1,3h,-0.978,2.331,2.92,0.826,470
114119,VISCA VISCA,AREQUIPA,CONDESUYOS,mpas15,temp,20260902,20261001,00Z,D1,3h,-3.349,3.699,4.153,0.85,239
47280292,COTAHUASI,AREQUIPA,LA UNION,ecmwf,temp,20260902,20261001,"00Z,12Z",D1,3h,-5.836,5.837,6.191,0.879,444
47280292,COTAHUASI,AREQUIPA,LA UNION,gfs,temp,20260902,20261001,"00Z,12Z",D1,3h,-6.484,6.484,6.891,0.817,444
47280292,COTAHUASI,AREQUIPA,LA UNION,eta5,temp,20260902,20261001,"00Z,12Z",D1,3h,-0.763,2.503,3.074,0.869,352
47280292,COTAHUASI,AREQUIPA,LA UNION,wrf5,temp,20260902,20261001,"00Z,12Z",D1,3h,-2.028,2.36,2.918,0.81,436
47280292,COTAHUASI,AREQUIPA,LA UNION,mpas15,temp,20260902,20261001,00Z,D1,3h,-11.728,11.728,11.88,0.884,222
115151,CUYAU,AREQUIPA,LA UNION,ecmwf,temp,20260902,20261001,"00Z,12Z",D1,3h,S/D,S/D,S/D,S/D,0
115151,CUYAU,AREQUIPA,LA UNION,gfs,temp,20260902,20261001,"00Z,12Z",D1,3h,S/D,S/D,S/D,S/D,0
115151,CUYAU,AREQUIPA,LA UNION,eta5,temp,20260902,20261001,"00Z,12Z",D1,3h,S/D,S/D,S/D,S/D,0
115151,CUYAU,AREQUIPA,LA UNION,wrf5,temp,20260902,20261001,"00Z,12Z",D1,3h,S/D,S/D,S/D,S/D,0
115151,CUYAU,AREQUIPA,LA UNION,mpas15,temp,20260902,20261001,00Z,D1,3h,S/D,S/D,S/D,S/D,0
4729D600,PAMPA CANGALLO,AYACUCHO,CANGALLO,ecmwf,temp,20260902,20261001,"00Z,12Z",D1,3h,-3.011,3.166,3.791,0.893,480
4729D600,PAMPA CANGALLO,AYACUCHO,CANGALLO,gfs,temp,20260902,20261001,"00Z,12Z",D1,3h,-2.594,3.084,3.837,0.865,480
4729D600,PAMPA CANGALLO,AYACUCHO,CANGALLO,eta5,temp,20260902,20261001,"00Z,12Z",D1,3h,-1.05,2.167,2.767,0.862,384
4729D600,PAMPA CANGALLO,AYACUCHO,CANGALLO,wrf5,temp,20260902,20261001,"00Z,12Z",D1,3h,0.645,2.303,2.884,0.844,472
4729D600,PAMPA CANGALLO,AYACUCHO,CANGALLO,mpas15,temp,20260902,20261001,00Z,D1,3h,-3.93,4.053,4.642,0.89,240
113248,SANTA CRUZ DE HOSPICIO,AYACUCHO,CANGALLO,ecmwf,temp,20260902,20261001,"00Z,12Z",D1,3h,-0.934,1.604,1.939,0.935,478
113248,SANTA CRUZ DE HOSPICIO,AYACUCHO,CANGALLO,gfs,temp,20260902,20261001,"00Z,12Z",D1,3h,-0.831,2.269,2.746,0.85,478
113248,SANTA CRUZ DE HOSPICIO,AYACUCHO,CANGALLO,eta5,temp,20260902,20261001,"00Z,12Z",D1,3h,0.494,1.584,2.123,0.893,382
113248,SANTA CRUZ DE HOSPICIO,AYACUCHO,CANGALLO,wrf5,temp,20260902,20261001,"00Z,12Z",D1,3h,-0.683,2.025,2.534,0.862,470
113248,SANTA CRUZ DE HOSPICIO,AYACUCHO,CANGALLO,mpas15,temp,20260902,20261001,00Z,D1,3h,-3.645,3.867,4.307,0.899,239
250900,PUENTE PAMPAS GORE APU,AYACUCHO,HUAMANGA,ecmwf,temp,20260902,20261001,"00Z,12Z",D1,3h,S/D,S/D,S/D,S/D,0
250900,PUENTE PAMPAS GORE APU,AYACUCHO,HUAMANGA,gfs,temp,20260902,20261001,"00Z,12Z",D1,3h,S/D,S/D,S/D,S/D,0
250900,PUENTE PAMPAS GORE APU,AYACUCHO,HUAMANGA,eta5,temp,20260902,20261001,"00Z,12Z",D1,3h,S/D,S/D,S/D,S/D,0
250900,PUENTE PAMPAS GORE APU,AYACUCHO,HUAMANGA,wrf5,temp,20260902,20261001,"00Z,12Z",D1,3h,S/D,S/D,S/D,S/D,0
250900,PUENTE PAMPAS GORE APU,AYACUCHO,HUAMANGA,mpas15,temp,20260902,20261001,00Z,D1,3h,S/D,S/D,S/D,S/D,0
114122,CCONTACC,AYACUCHO,LUCANAS,ecmwf,temp,20260902,20261001,"00Z,12Z",D1,3h,-2.749,2.881,3.308,0.911,480
114122,CCONTACC,AYACUCHO,LUCANAS,gfs,temp,20260902,20261001,"00Z,12Z",D1,3h,-2.622,2.857,3.459,0.858,480
114122,CCONTACC,AYACUCHO,LUCANAS,eta5,temp,20260902,20261001,"00Z,12Z",D1,3h,-1.593,2.01,2.541,0.893,384
114122,CCONTACC,AYACUCHO,LUCANAS,wrf5,temp,20260902,20261001,"00Z,12Z",D1,3h,-0.903,1.978,2.358,0.858,472
114122,CCONTACC,AYACUCHO,LUCANAS,mpas15,temp,20260902,20261001,00Z,D1,3h,-3.154,3.209,3.506,0.921,240
47290068,HUAC-HUAS,AYACUCHO,LUCANAS,ecmwf,temp,20260902,20261001,"00Z,12Z",D1,3h,5.007,5.007,5.175,0.826,474
47290068,HUAC-HUAS,AYACUCHO,LUCANAS,gfs,temp,20260902,20261001,"00Z,12Z",D1,3h,4.205,4.205,4.489,0.793,474
47290068,HUAC-HUAS,AYACUCHO,LUCANAS,eta5,temp,20260902,20261001,"00Z,12Z",D1,3h,-0.352,1.528,1.912,0.789,379
47290068,HUAC-HUAS,AYACUCHO,LUCANAS,wrf5,temp,20260902,20261001,"00Z,12Z",D1,3h,-1.239,1.565,1.926,0.815,466
47290068,HUAC-HUAS,AYACUCHO,LUCANAS,mpas15,temp,20260902,20261001,00Z,D1,3h,-1.7,1.91,2.298,0.801,237
114127,PAMPA GALERAS,AYACUCHO,LUCANAS,ecmwf,temp,20260902,20261001,"00Z,12Z",D1,3h,2.522,3.312,4.362,0.88,478
114127,PAMPA GALERAS,AYACUCHO,LUCANAS,gfs,temp,20260902,20261001,"00Z,12Z",D1,3h,4.695,4.886,6.515,0.829,478
114127,PAMPA GALERAS,AYACUCHO,LUCANAS,eta5,temp,20260902,20261001,"00Z,12Z",D1,3h,1.58,2.536,3.403,0.911,383
114127,PAMPA GALERAS,AYACUCHO,LUCANAS,wrf5,temp,20260902,20261001,"00Z,12Z",D1,3h,1.233,3.112,3.991,0.847,470
114127,PAMPA GALERAS,AYACUCHO,LUCANAS,mpas15,temp,20260902,20261001,00Z,D1,3h,0.635,2.274,2.896,0.935,239
114121,HURAY HUMA,AYACUCHO,PARINACOCHAS,ecmwf,temp,20260902,20261001,"00Z,12Z",D1,3h,-2.403,3.238,3.703,0.889,408
114121,HURAY HUMA,AYACUCHO,PARINACOCHAS,gfs,temp,20260902,20261001,"00Z,12Z",D1,3h,-0.637,3.055,3.505,0.837,408
114121,HURAY HUMA,AYACUCHO,PARINACOCHAS,eta5,temp,20260902,20261001,"00Z,12Z",D1,3h,0.598,1.989,2.56,0.896,320
114121,HURAY HUMA,AYACUCHO,PARINACOCHAS,wrf5,temp,20260902,20261001,"00Z,12Z",D1,3h,-0.405,2.535,3.057,0.867,402
114121,HURAY HUMA,AYACUCHO,PARINACOCHAS,mpas15,temp,20260902,20261001,00Z,D1,3h,-1.965,2.863,3.28,0.92,204
115155,PAUZA,AYACUCHO,PAUCAR DEL SARA SARA,ecmwf,temp,20260902,20261001,"00Z,12Z",D1,3h,-3.673,3.681,4.121,0.906,480
115155,PAUZA,AYACUCHO,PAUCAR DEL SARA SARA,gfs,temp,20260902,20261001,"00Z,12Z",D1,3h,-4.625,4.625,5.222,0.848,480
115155,PAUZA,AYACUCHO,PAUCAR DEL SARA SARA,eta5,temp,20260902,20261001,"00Z,12Z",D1,3h,0.962,1.782,2.261,0.924,384
115155,PAUZA,AYACUCHO,PAUCAR DEL SARA SARA,wrf5,temp,20260902,20261001,"00Z,12Z",D1,3h,3.171,3.209,3.581,0.905,472
115155,PAUZA,AYACUCHO,PAUCAR DEL SARA SARA,mpas15,temp,20260902,20261001,00Z,D1,3h,-8.087,8.087,8.266,0.9,240
4725B27A,PAUCARAY,AYACUCHO,SUCRE,ecmwf,temp,20260902,20261001,"00Z,12Z",D1,3h,S/D,S/D,S/D,S/D,0
4725B27A,PAUCARAY,AYACUCHO,SUCRE,gfs,temp,20260902,20261001,"00Z,12Z",D1,3h,S/D,S/D,S/D,S/D,0
4725B27A,PAUCARAY,AYACUCHO,SUCRE,eta5,temp,20260902,20261001,"00Z,12Z",D1,3h,S/D,S/D,S/D,S/D,0
4725B27A,PAUCARAY,AYACUCHO,SUCRE,wrf5,temp,20260902,20261001,"00Z,12Z",D1,3h,S/D,S/D,S/D,S/D,0
4725B27A,PAUCARAY,AYACUCHO,SUCRE,mpas15,temp,20260902,20261001,00Z,D1,3h,S/D,S/D,S/D,S/D,0
4729F0EC,CAJABAMBA,CAJAMARCA,CAJABAMBA,ecmwf,temp,20260902,20261001,"00Z,12Z",D1,3h,-3.574,3.622,4.041,0.901,480
4729F0EC,CAJABAMBA,CAJAMARCA,CAJABAMBA,gfs,temp,20260902,20261001,"00Z,12Z",D1,3h,-1.585,2.194,2.763,0.86,480
4729F0EC,CAJABAMBA,CAJAMARCA,CAJABAMBA,eta5,temp,20260902,20261001,"00Z,12Z",D1,3h,-4.249,4.3,4.743,0.876,384
4729F0EC,CAJABAMBA,CAJAMARCA,CAJABAMBA,wrf5,temp,20260902,20261001,"00Z,12Z",D1,3h,-2.223,2.519,3.09,0.896,472
4729F0EC,CAJABAMBA,CAJAMARCA,CAJABAMBA,mpas15,temp,20260902,20261001,00Z,D1,3h,-4.817,4.822,5.186,0.926,240
472A32FC,CRISNEJAS,CAJAMARCA,CAJABAMBA,ecmwf,temp,20260902,20261001,"00Z,12Z",D1,3h,S/D,S/D,S/D,S/D,0
472A32FC,CRISNEJAS,CAJAMARCA,CAJABAMBA,gfs,temp,20260902,20261001,"00Z,12Z",D1,3h,S/D,S/D,S/D,S/D,0
472A32FC,CRISNEJAS,CAJAMARCA,CAJABAMBA,eta5,temp,20260902,20261001,"00Z,12Z",D1,3h,S/D,S/D,S/D,S/D,0
472A32FC,CRISNEJAS,CAJAMARCA,CAJABAMBA,wrf5,temp,20260902,20261001,"00Z,12Z",D1,3h,S/D,S/D,S/D,S/D,0
472A32FC,CRISNEJAS,CAJAMARCA,CAJABAMBA,mpas15,temp,20260902,20261001,00Z,D1,3h,S/D,S/D,S/D,S/D,0
472645F0,UNC CAJAMARCA,CAJAMARCA,CAJAMARCA,ecmwf,temp,20260902,20261001,"00Z,12Z",D1,3h,-1.67,2.246,2.823,0.908,466
472645F0,UNC CAJAMARCA,CAJAMARCA,CAJAMARCA,gfs,temp,20260902,20261001,"00Z,12Z",D1,3h,-1.266,2.184,2.751,0.866,466
472645F0,UNC CAJAMARCA,CAJAMARCA,CAJAMARCA,eta5,temp,20260902,20261001,"00Z,12Z",D1,3h,0.885,1.76,2.192,0.881,374
472645F0,UNC CAJAMARCA,CAJAMARCA,CAJAMARCA,wrf5,temp,20260902,20261001,"00Z,12Z",D1,3h,1.012,1.93,2.366,0.892,458
472645F0,UNC CAJAMARCA,CAJAMARCA,CAJAMARCA,mpas15,temp,20260902,20261001,00Z,D1,3h,-3.639,3.7,4.213,0.891,233
472501F4,BALSAS,CAJAMARCA,CELENDIN,ecmwf,temp,20260902,20261001,"00Z,12Z",D1,3h,-9.82,9.82,10.165,0.841,480
472501F4,BALSAS,CAJAMARCA,CELENDIN,gfs,temp,20260902,20261001,"00Z,12Z",D1,3h,-11.645,11.645,11.982,0.777,480
472501F4,BALSAS,CAJAMARCA,CELENDIN,eta5,temp,20260902,20261001,"00Z,12Z",D1,3h,-5.876,5.909,6.566,0.814,384
472501F4,BALSAS,CAJAMARCA,CELENDIN,wrf5,temp,20260902,20261001,"00Z,12Z",D1,3h,-2.75,3.135,3.784,0.83,472
472501F4,BALSAS,CAJAMARCA,CELENDIN,mpas15,temp,20260902,20261001,00Z,D1,3h,-14.924,14.924,15.111,0.79,240
4726631C,CELENDIN,CAJAMARCA,CELENDIN,ecmwf,temp,20260902,20261001,"00Z,12Z",D1,3h,-0.708,1.841,2.318,0.864,468
4726631C,CELENDIN,CAJAMARCA,CELENDIN,gfs,temp,20260902,20261001,"00Z,12Z",D1,3h,-0.922,1.711,2.214,0.885,468
4726631C,CELENDIN,CAJAMARCA,CELENDIN,eta5,temp,20260902,20261001,"00Z,12Z",D1,3h,-0.258,1.625,2.027,0.862,372
4726631C,CELENDIN,CAJAMARCA,CELENDIN,wrf5,temp,20260902,20261001,"00Z,12Z",D1,3h,0.238,1.648,2.038,0.867,460
4726631C,CELENDIN,CAJAMARCA,CELENDIN,mpas15,temp,20260902,20261001,00Z,D1,3h,0.064,1.613,2.049,0.87,234
4726C3E4,CHOTA,CAJAMARCA,CHOTA,ecmwf,temp,20260902,20261001,"00Z,12Z",D1,3h,-2.342,2.744,3.299,0.873,446
4726C3E4,CHOTA,CAJAMARCA,CHOTA,gfs,temp,20260902,20261001,"00Z,12Z",D1,3h,-2.596,2.844,3.376,0.863,446
4726C3E4,CHOTA,CAJAMARCA,CHOTA,eta5,temp,20260902,20261001,"00Z,12Z",D1,3h,-2.614,2.796,3.234,0.887,354
4726C3E4,CHOTA,CAJAMARCA,CHOTA,wrf5,temp,20260902,20261001,"00Z,12Z",D1,3h,0.051,1.587,1.999,0.887,440
4726C3E4,CHOTA,CAJAMARCA,CHOTA,mpas15,temp,20260902,20261001,00Z,D1,3h,-4.748,4.856,5.427,0.853,223
47E94706,HUAMBOS,CAJAMARCA,CHOTA,ecmwf,temp,20260902,20261001,"00Z,12Z",D1,3h,0.892,1.705,2.301,0.817,480
47E94706,HUAMBOS,CAJAMARCA,CHOTA,gfs,temp,20260902,20261001,"00Z,12Z",D1,3h,1.859,2.547,3.501,0.776,480
47E94706,HUAMBOS,CAJAMARCA,CHOTA,eta5,temp,20260902,20261001,"00Z,12Z",D1,3h,2.009,2.809,3.591,0.788,384
47E94706,HUAMBOS,CAJAMARCA,CHOTA,wrf5,temp,20260902,20261001,"00Z,12Z",D1,3h,0.708,1.679,2.175,0.812,472
47E94706,HUAMBOS,CAJAMARCA,CHOTA,mpas15,temp,20260902,20261001,00Z,D1,3h,-0.929,1.708,2.115,0.756,240
47E1D6C2,PUENTE SAN CARLOS,CAJAMARCA,CHOTA,ecmwf,temp,20260902,20261001,"00Z,12Z",D1,3h,-5.148,5.169,5.629,0.673,478
47E1D6C2,PUENTE SAN CARLOS,CAJAMARCA,CHOTA,gfs,temp,20260902,20261001,"00Z,12Z",D1,3h,-3.925,4.262,4.849,0.554,478
47E1D6C2,PUENTE SAN CARLOS,CAJAMARCA,CHOTA,eta5,temp,20260902,20261001,"00Z,12Z",D1,3h,-1.146,1.929,2.26,0.841,382
47E1D6C2,PUENTE SAN CARLOS,CAJAMARCA,CHOTA,wrf5,temp,20260902,20261001,"00Z,12Z",D1,3h,-1.968,2.553,2.913,0.882,470
47E1D6C2,PUENTE SAN CARLOS,CAJAMARCA,CHOTA,mpas15,temp,20260902,20261001,00Z,D1,3h,-2.548,2.745,3.064,0.837,239
47E1F02E,TUNEL CHOTANO,CAJAMARCA,CHOTA,ecmwf,temp,20260902,20261001,"00Z,12Z",D1,3h,-3.797,3.852,4.395,0.89,476
47E1F02E,TUNEL CHOTANO,CAJAMARCA,CHOTA,gfs,temp,20260902,20261001,"00Z,12Z",D1,3h,-4.101,4.126,4.619,0.862,476
47E1F02E,TUNEL CHOTANO,CAJAMARCA,CHOTA,eta5,temp,20260902,20261001,"00Z,12Z",D1,3h,-1.398,1.834,2.248,0.905,380
47E1F02E,TUNEL CHOTANO,CAJAMARCA,CHOTA,wrf5,temp,20260902,20261001,"00Z,12Z",D1,3h,-2.364,2.644,3.266,0.846,468
47E1F02E,TUNEL CHOTANO,CAJAMARCA,CHOTA,mpas15,temp,20260902,20261001,00Z,D1,3h,-5.395,5.397,6.03,0.884,238
472C92CA,CASCABAMBA,CAJAMARCA,CONTUMAZA,ecmwf,temp,20260902,20261001,"00Z,12Z",D1,3h,7.45,7.45,7.794,0.74,478
472C92CA,CASCABAMBA,CAJAMARCA,CONTUMAZA,gfs,temp,20260902,20261001,"00Z,12Z",D1,3h,9.25,9.25,9.512,0.719,478
472C92CA,CASCABAMBA,CAJAMARCA,CONTUMAZA,eta5,temp,20260902,20261001,"00Z,12Z",D1,3h,0.413,1.353,1.723,0.825,383
472C92CA,CASCABAMBA,CAJAMARCA,CONTUMAZA,wrf5,temp,20260902,20261001,"00Z,12Z",D1,3h,0.156,1.778,2.237,0.735,470
472C92CA,CASCABAMBA,CAJAMARCA,CONTUMAZA,mpas15,temp,20260902,20261001,00Z,D1,3h,6.647,6.655,6.956,0.762,239
472C81BC,GUZMANGO,CAJAMARCA,CONTUMAZA,ecmwf,temp,20260902,20261001,"00Z,12Z",D1,3h,3.815,3.821,4.15,0.738,478
472C81BC,GUZMANGO,CAJAMARCA,CONTUMAZA,gfs,temp,20260902,20261001,"00Z,12Z",D1,3h,4.562,4.562,4.916,0.714,478
472C81BC,GUZMANGO,CAJAMARCA,CONTUMAZA,eta5,temp,20260902,20261001,"00Z,12Z",D1,3h,0.999,1.531,1.923,0.796,382
472C81BC,GUZMANGO,CAJAMARCA,CONTUMAZA,wrf5,temp,20260902,20261001,"00Z,12Z",D1,3h,2.098,2.335,2.721,0.708,470
472C81BC,GUZMANGO,CAJAMARCA,CONTUMAZA,mpas15,temp,20260902,20261001,00Z,D1,3h,2.025,2.185,2.655,0.779,239
4727470A,PUENTE CHILETE,CAJAMARCA,CONTUMAZA,ecmwf,temp,20260902,20261001,"00Z,12Z",D1,3h,-8.075,8.075,8.353,0.872,478
4727470A,PUENTE CHILETE,CAJAMARCA,CONTUMAZA,gfs,temp,20260902,20261001,"00Z,12Z",D1,3h,-7.664,7.664,7.974,0.799,478
4727470A,PUENTE CHILETE,CAJAMARCA,CONTUMAZA,eta5,temp,20260902,20261001,"00Z,12Z",D1,3h,-0.988,1.687,2.1,0.886,382
4727470A,PUENTE CHILETE,CAJAMARCA,CONTUMAZA,wrf5,temp,20260902,20261001,"00Z,12Z",D1,3h,-1.971,2.2,2.634,0.894,470
4727470A,PUENTE CHILETE,CAJAMARCA,CONTUMAZA,mpas15,temp,20260902,20261001,00Z,D1,3h,-10.422,10.422,10.704,0.772,239
4726E508,YONAN GORE,CAJAMARCA,CONTUMAZA,ecmwf,temp,20260902,20261001,"00Z,12Z",D1,3h,S/D,S/D,S/D,S/D,0
4726E508,YONAN GORE,CAJAMARCA,CONTUMAZA,gfs,temp,20260902,20261001,"00Z,12Z",D1,3h,S/D,S/D,S/D,S/D,0
4726E508,YONAN GORE,CAJAMARCA,CONTUMAZA,eta5,temp,20260902,20261001,"00Z,12Z",D1,3h,S/D,S/D,S/D,S/D,0
4726E508,YONAN GORE,CAJAMARCA,CONTUMAZA,wrf5,temp,20260902,20261001,"00Z,12Z",D1,3h,S/D,S/D,S/D,S/D,0
4726E508,YONAN GORE,CAJAMARCA,CONTUMAZA,mpas15,temp,20260902,20261001,00Z,D1,3h,S/D,S/D,S/D,S/D,0
472B3006,CUMBA,CAJAMARCA,CUTERVO,ecmwf,temp,20260902,20261001,"00Z,12Z",D1,3h,S/D,S/D,S/D,S/D,0
472B3006,CUMBA,CAJAMARCA,CUTERVO,gfs,temp,20260902,20261001,"00Z,12Z",D1,3h,S/D,S/D,S/D,S/D,0
472B3006,CUMBA,CAJAMARCA,CUTERVO,eta5,temp,20260902,20261001,"00Z,12Z",D1,3h,S/D,S/D,S/D,S/D,0
472B3006,CUMBA,CAJAMARCA,CUTERVO,wrf5,temp,20260902,20261001,"00Z,12Z",D1,3h,S/D,S/D,S/D,S/D,0
472B3006,CUMBA,CAJAMARCA,CUTERVO,mpas15,temp,20260902,20261001,00Z,D1,3h,S/D,S/D,S/D,S/D,0
4726A602,CUTERVO,CAJAMARCA,CUTERVO,ecmwf,temp,20260902,20261001,"00Z,12Z",D1,3h,0.713,1.696,2.147,0.795,452
4726A602,CUTERVO,CAJAMARCA,CUTERVO,gfs,temp,20260902,20261001,"00Z,12Z",D1,3h,0.355,1.416,1.801,0.852,452
4726A602,CUTERVO,CAJAMARCA,CUTERVO,eta5,temp,20260902,20261001,"00Z,12Z",D1,3h,-0.372,1.626,2.031,0.848,366
4726A602,CUTERVO,CAJAMARCA,CUTERVO,wrf5,temp,20260902,20261001,"00Z,12Z",D1,3h,-0.287,1.217,1.513,0.87,444
4726A602,CUTERVO,CAJAMARCA,CUTERVO,mpas15,temp,20260902,20261001,00Z,D1,3h,0.532,1.152,1.449,0.874,226
4726D092,BAMBAMARCA H,CAJAMARCA,HUALGAYOC,ecmwf,temp,20260902,20261001,"00Z,12Z",D1,3h,S/D,S/D,S/D,S/D,0
4726D092,BAMBAMARCA H,CAJAMARCA,HUALGAYOC,gfs,temp,20260902,20261001,"00Z,12Z",D1,3h,S/D,S/D,S/D,S/D,0
4726D092,BAMBAMARCA H,CAJAMARCA,HUALGAYOC,eta5,temp,20260902,20261001,"00Z,12Z",D1,3h,S/D,S/D,S/D,S/D,0
4726D092,BAMBAMARCA H,CAJAMARCA,HUALGAYOC,wrf5,temp,20260902,20261001,"00Z,12Z",D1,3h,S/D,S/D,S/D,S/D,0
4726D092,BAMBAMARCA H,CAJAMARCA,HUALGAYOC,mpas15,temp,20260902,20261001,00Z,D1,3h,S/D,S/D,S/D,S/D,0
472680EE,BAMBAMARCA M,CAJAMARCA,HUALGAYOC,ecmwf,temp,20260902,20261001,"00Z,12Z",D1,3h,-4.359,4.377,4.828,0.863,476
472680EE,BAMBAMARCA M,CAJAMARCA,HUALGAYOC,gfs,temp,20260902,20261001,"00Z,12Z",D1,3h,-5.521,5.521,5.805,0.837,476
472680EE,BAMBAMARCA M,CAJAMARCA,HUALGAYOC,eta5,temp,20260902,20261001,"00Z,12Z",D1,3h,-2.402,2.732,3.156,0.874,380
472680EE,BAMBAMARCA M,CAJAMARCA,HUALGAYOC,wrf5,temp,20260902,20261001,"00Z,12Z",D1,3h,-0.284,1.319,1.676,0.887,468
472680EE,BAMBAMARCA M,CAJAMARCA,HUALGAYOC,mpas15,temp,20260902,20261001,00Z,D1,3h,-5.579,5.579,5.856,0.825,238
4727F484,CHUGUR,CAJAMARCA,HUALGAYOC,ecmwf,temp,20260902,20261001,"00Z,12Z",D1,3h,-4.385,4.398,4.722,0.839,474
4727F484,CHUGUR,CAJAMARCA,HUALGAYOC,gfs,temp,20260902,20261001,"00Z,12Z",D1,3h,-2.52,2.581,2.979,0.842,474
4727F484,CHUGUR,CAJAMARCA,HUALGAYOC,eta5,temp,20260902,20261001,"00Z,12Z",D1,3h,0.651,1.445,1.835,0.889,379
4727F484,CHUGUR,CAJAMARCA,HUALGAYOC,wrf5,temp,20260902,20261001,"00Z,12Z",D1,3h,-1.951,2.069,2.524,0.836,466
4727F484,CHUGUR,CAJAMARCA,HUALGAYOC,mpas15,temp,20260902,20261001,00Z,D1,3h,-1.457,1.765,2.13,0.834,237
472A571A,HUALLAPE,CAJAMARCA,JAEN,ecmwf,temp,20260902,20261001,"00Z,12Z",D1,3h,S/D,S/D,S/D,S/D,0
472A571A,HUALLAPE,CAJAMARCA,JAEN,gfs,temp,20260902,20261001,"00Z,12Z",D1,3h,S/D,S/D,S/D,S/D,0
472A571A,HUALLAPE,CAJAMARCA,JAEN,eta5,temp,20260902,20261001,"00Z,12Z",D1,3h,S/D,S/D,S/D,S/D,0
472A571A,HUALLAPE,CAJAMARCA,JAEN,wrf5,temp,20260902,20261001,"00Z,12Z",D1,3h,S/D,S/D,S/D,S/D,0
472A571A,HUALLAPE,CAJAMARCA,JAEN,mpas15,temp,20260902,20261001,00Z,D1,3h,S/D,S/D,S/D,S/D,0
47269398,JAEN,CAJAMARCA,JAEN,ecmwf,temp,20260902,20261001,"00Z,12Z",D1,3h,-3.067,3.169,3.531,0.911,468
47269398,JAEN,CAJAMARCA,JAEN,gfs,temp,20260902,20261001,"00Z,12Z",D1,3h,-2.29,2.464,2.812,0.909,468
47269398,JAEN,CAJAMARCA,JAEN,eta5,temp,20260902,20261001,"00Z,12Z",D1,3h,-1.015,1.839,2.273,0.869,373
47269398,JAEN,CAJAMARCA,JAEN,wrf5,temp,20260902,20261001,"00Z,12Z",D1,3h,0.344,1.526,2.011,0.863,460
47269398,JAEN,CAJAMARCA,JAEN,mpas15,temp,20260902,20261001,00Z,D1,3h,-4.364,4.405,4.814,0.878,234
105136,SAUZAL,CAJAMARCA,JAEN,ecmwf,temp,20260902,20261001,"00Z,12Z",D1,3h,S/D,S/D,S/D,S/D,0
105136,SAUZAL,CAJAMARCA,JAEN,gfs,temp,20260902,20261001,"00Z,12Z",D1,3h,S/D,S/D,S/D,S/D,0
105136,SAUZAL,CAJAMARCA,JAEN,eta5,temp,20260902,20261001,"00Z,12Z",D1,3h,S/D,S/D,S/D,S/D,0
105136,SAUZAL,CAJAMARCA,JAEN,wrf5,temp,20260902,20261001,"00Z,12Z",D1,3h,S/D,S/D,S/D,S/D,0
105136,SAUZAL,CAJAMARCA,JAEN,mpas15,temp,20260902,20261001,00Z,D1,3h,S/D,S/D,S/D,S/D,0
4725E206,SAN MARCOS,CAJAMARCA,SAN MARCOS,ecmwf,temp,20260902,20261001,"00Z,12Z",D1,3h,-4.642,4.674,5.23,0.92,468
4725E206,SAN MARCOS,CAJAMARCA,SAN MARCOS,gfs,temp,20260902,20261001,"00Z,12Z",D1,3h,-4.8,4.919,5.986,0.875,468
4725E206,SAN MARCOS,CAJAMARCA,SAN MARCOS,eta5,temp,20260902,20261001,"00Z,12Z",D1,3h,-1.794,2.665,3.248,0.889,374
4725E206,SAN MARCOS,CAJAMARCA,SAN MARCOS,wrf5,temp,20260902,20261001,"00Z,12Z",D1,3h,1.322,2.69,3.214,0.884,460
4725E206,SAN MARCOS,CAJAMARCA,SAN MARCOS,mpas15,temp,20260902,20261001,00Z,D1,3h,-4.281,4.374,5.304,0.931,234
47E207A4,TONGOD,CAJAMARCA,SAN MIGUEL,ecmwf,temp,20260902,20261001,"00Z,12Z",D1,3h,-4.436,4.614,5.21,0.857,476
47E207A4,TONGOD,CAJAMARCA,SAN MIGUEL,gfs,temp,20260902,20261001,"00Z,12Z",D1,3h,-2.558,3.13,3.667,0.823,476
47E207A4,TONGOD,CAJAMARCA,SAN MIGUEL,eta5,temp,20260902,20261001,"00Z,12Z",D1,3h,-3.337,3.715,4.151,0.848,381
47E207A4,TONGOD,CAJAMARCA,SAN MIGUEL,wrf5,temp,20260902,20261001,"00Z,12Z",D1,3h,0.908,1.972,2.732,0.842,468
47E207A4,TONGOD,CAJAMARCA,SAN MIGUEL,mpas15,temp,20260902,20261001,00Z,D1,3h,-3.442,3.83,4.352,0.81,238
47E1C5B4,CAÑAD,CAJAMARCA,SANTA CRUZ,ecmwf,temp,20260902,20261001,"00Z,12Z",D1,3h,-9.444,9.444,9.725,0.722,474
47E1C5B4,CAÑAD,CAJAMARCA,SANTA CRUZ,gfs,temp,20260902,20261001,"00Z,12Z",D1,3h,-8.628,8.628,8.932,0.677,474
47E1C5B4,CAÑAD,CAJAMARCA,SANTA CRUZ,eta5,temp,20260902,20261001,"00Z,12Z",D1,3h,-5.003,5.077,5.855,0.702,380
47E1C5B4,CAÑAD,CAJAMARCA,SANTA CRUZ,wrf5,temp,20260902,20261001,"00Z,12Z",D1,3h,-1.721,2.122,2.663,0.791,466
47E1C5B4,CAÑAD,CAJAMARCA,SANTA CRUZ,mpas15,temp,20260902,20261001,00Z,D1,3h,-6.937,6.937,7.27,0.737,237
47E3055E,CHANCAY BAÑOS,CAJAMARCA,SANTA CRUZ,ecmwf,temp,20260902,20261001,"00Z,12Z",D1,3h,-5.472,5.472,5.772,0.908,478
47E3055E,CHANCAY BAÑOS,CAJAMARCA,SANTA CRUZ,gfs,temp,20260902,20261001,"00Z,12Z",D1,3h,-5.794,5.794,6.089,0.848,478
47E3055E,CHANCAY BAÑOS,CAJAMARCA,SANTA CRUZ,eta5,temp,20260902,20261001,"00Z,12Z",D1,3h,-2.461,2.649,3.182,0.869,383
47E3055E,CHANCAY BAÑOS,CAJAMARCA,SANTA CRUZ,wrf5,temp,20260902,20261001,"00Z,12Z",D1,3h,0.238,1.492,1.904,0.856,470
47E3055E,CHANCAY BAÑOS,CAJAMARCA,SANTA CRUZ,mpas15,temp,20260902,20261001,00Z,D1,3h,-5.576,5.576,5.981,0.876,239
47E1E358,PUENTE AMBAN,CAJAMARCA,SANTA CRUZ,ecmwf,temp,20260902,20261001,"00Z,12Z",D1,3h,-4.932,4.939,5.396,0.887,478
47E1E358,PUENTE AMBAN,CAJAMARCA,SANTA CRUZ,gfs,temp,20260902,20261001,"00Z,12Z",D1,3h,-3.964,4.005,4.476,0.857,478
47E1E358,PUENTE AMBAN,CAJAMARCA,SANTA CRUZ,eta5,temp,20260902,20261001,"00Z,12Z",D1,3h,-2.363,2.625,3.1,0.877,382
47E1E358,PUENTE AMBAN,CAJAMARCA,SANTA CRUZ,wrf5,temp,20260902,20261001,"00Z,12Z",D1,3h,-0.458,1.792,2.274,0.849,470
47E1E358,PUENTE AMBAN,CAJAMARCA,SANTA CRUZ,mpas15,temp,20260902,20261001,00Z,D1,3h,-6.744,6.744,7.294,0.88,239
114132,POMACANCHI,CUSCO,ACOMAYO,ecmwf,temp,20260902,20261001,"00Z,12Z",D1,3h,-1.82,2.27,2.694,0.918,480
114132,POMACANCHI,CUSCO,ACOMAYO,gfs,temp,20260902,20261001,"00Z,12Z",D1,3h,-1.299,2.297,2.819,0.889,480
114132,POMACANCHI,CUSCO,ACOMAYO,eta5,temp,20260902,20261001,"00Z,12Z",D1,3h,-0.141,1.828,2.31,0.871,384
114132,POMACANCHI,CUSCO,ACOMAYO,wrf5,temp,20260902,20261001,"00Z,12Z",D1,3h,0.826,1.834,2.452,0.89,472
114132,POMACANCHI,CUSCO,ACOMAYO,mpas15,temp,20260902,20261001,00Z,D1,3h,-2.788,3.062,3.504,0.914,240
113252,ANCACHURO,CUSCO,ANTA,ecmwf,temp,20260902,20261001,"00Z,12Z",D1,3h,-1.615,2.843,3.41,0.885,480
113252,ANCACHURO,CUSCO,ANTA,gfs,temp,20260902,20261001,"00Z,12Z",D1,3h,-0.62,3.191,3.666,0.856,480
113252,ANCACHURO,CUSCO,ANTA,eta5,temp,20260902,20261001,"00Z,12Z",D1,3h,3.699,3.756,4.449,0.896,384
113252,ANCACHURO,CUSCO,ANTA,wrf5,temp,20260902,20261001,"00Z,12Z",D1,3h,2.411,2.939,3.731,0.898,472
113252,ANCACHURO,CUSCO,ANTA,mpas15,temp,20260902,20261001,00Z,D1,3h,-2.055,2.894,3.626,0.938,240
47294362,SORAYPAMPA,CUSCO,ANTA,ecmwf,temp,20260902,20261001,"00Z,12Z",D1,3h,4.053,4.157,4.839,0.839,480
47294362,SORAYPAMPA,CUSCO,ANTA,gfs,temp,20260902,20261001,"00Z,12Z",D1,3h,3.366,3.403,3.862,0.877,480
47294362,SORAYPAMPA,CUSCO,ANTA,eta5,temp,20260902,20261001,"00Z,12Z",D1,3h,-3.301,3.516,3.951,0.861,384
47294362,SORAYPAMPA,CUSCO,ANTA,wrf5,temp,20260902,20261001,"00Z,12Z",D1,3h,-1.486,2.218,2.744,0.853,472
47294362,SORAYPAMPA,CUSCO,ANTA,mpas15,temp,20260902,20261001,00Z,D1,3h,-1.169,1.873,2.382,0.873,240
472976F8,CALCA,CUSCO,CALCA,ecmwf,temp,20260902,20261001,"00Z,12Z",D1,3h,-10.072,10.081,10.552,0.786,476
472976F8,CALCA,CUSCO,CALCA,gfs,temp,20260902,20261001,"00Z,12Z",D1,3h,-7.695,7.708,8.487,0.801,476
472976F8,CALCA,CUSCO,CALCA,eta5,temp,20260902,20261001,"00Z,12Z",D1,3h,-6.76,6.767,7.256,0.85,381
472976F8,CALCA,CUSCO,CALCA,wrf5,temp,20260902,20261001,"00Z,12Z",D1,3h,-0.389,2.187,2.691,0.871,468
472976F8,CALCA,CUSCO,CALCA,mpas15,temp,20260902,20261001,00Z,D1,3h,-8.62,8.625,9.107,0.89,238
472A6280,NUEVO PISAC,CUSCO,CALCA,ecmwf,temp,20260902,20261001,"00Z,12Z",D1,3h,S/D,S/D,S/D,S/D,0
472A6280,NUEVO PISAC,CUSCO,CALCA,gfs,temp,20260902,20261001,"00Z,12Z",D1,3h,S/D,S/D,S/D,S/D,0
472A6280,NUEVO PISAC,CUSCO,CALCA,eta5,temp,20260902,20261001,"00Z,12Z",D1,3h,S/D,S/D,S/D,S/D,0
472A6280,NUEVO PISAC,CUSCO,CALCA,wrf5,temp,20260902,20261001,"00Z,12Z",D1,3h,S/D,S/D,S/D,S/D,0
472A6280,NUEVO PISAC,CUSCO,CALCA,mpas15,temp,20260902,20261001,00Z,D1,3h,S/D,S/D,S/D,S/D,0
114126,PAYAPUNKU,CUSCO,CANAS,ecmwf,temp,20260902,20261001,"00Z,12Z",D1,3h,-1.61,2.376,2.928,0.89,480
114126,PAYAPUNKU,CUSCO,CANAS,gfs,temp,20260902,20261001,"00Z,12Z",D1,3h,-0.383,1.977,2.566,0.881,480
114126,PAYAPUNKU,CUSCO,CANAS,eta5,temp,20260902,20261001,"00Z,12Z",D1,3h,-1.102,2.354,2.872,0.86,384
114126,PAYAPUNKU,CUSCO,CANAS,wrf5,temp,20260902,20261001,"00Z,12Z",D1,3h,0.773,2.371,3.058,0.837,472
114126,PAYAPUNKU,CUSCO,CANAS,mpas15,temp,20260902,20261001,00Z,D1,3h,-2.7,3.164,3.545,0.9,240
114125,SAUSAYA,CUSCO,CANAS,ecmwf,temp,20260902,20261001,"00Z,12Z",D1,3h,-0.716,3.806,4.728,0.868,476
114125,SAUSAYA,CUSCO,CANAS,gfs,temp,20260902,20261001,"00Z,12Z",D1,3h,0.508,3.79,4.97,0.841,476
114125,SAUSAYA,CUSCO,CANAS,eta5,temp,20260902,20261001,"00Z,12Z",D1,3h,3.333,4.006,5.338,0.853,382
114125,SAUSAYA,CUSCO,CANAS,wrf5,temp,20260902,20261001,"00Z,12Z",D1,3h,2.78,4.063,5.516,0.832,468
114125,SAUSAYA,CUSCO,CANAS,mpas15,temp,20260902,20261001,00Z,D1,3h,-1.141,3.703,4.469,0.905,238
472E025C,QUISOQUEPINA,CUSCO,CANCHIS,ecmwf,temp,20260902,20261001,"00Z,12Z",D1,3h,-0.372,1.739,2.273,0.604,126
472E025C,QUISOQUEPINA,CUSCO,CANCHIS,gfs,temp,20260902,20261001,"00Z,12Z",D1,3h,2.096,2.297,2.815,0.668,126
472E025C,QUISOQUEPINA,CUSCO,CANCHIS,eta5,temp,20260902,20261001,"00Z,12Z",D1,3h,2.211,2.527,3.025,0.673,112
472E025C,QUISOQUEPINA,CUSCO,CANCHIS,wrf5,temp,20260902,20261001,"00Z,12Z",D1,3h,0.286,1.809,2.366,0.5,120
472E025C,QUISOQUEPINA,CUSCO,CANCHIS,mpas15,temp,20260902,20261001,00Z,D1,3h,1.61,2.019,2.551,0.631,63
114118,SALCCA,CUSCO,CANCHIS,ecmwf,temp,20260902,20261001,"00Z,12Z",D1,3h,S/D,S/D,S/D,S/D,0
114118,SALCCA,CUSCO,CANCHIS,gfs,temp,20260902,20261001,"00Z,12Z",D1,3h,S/D,S/D,S/D,S/D,0
114118,SALCCA,CUSCO,CANCHIS,eta5,temp,20260902,20261001,"00Z,12Z",D1,3h,S/D,S/D,S/D,S/D,0
114118,SALCCA,CUSCO,CANCHIS,wrf5,temp,20260902,20261001,"00Z,12Z",D1,3h,S/D,S/D,S/D,S/D,0
114118,SALCCA,CUSCO,CANCHIS,mpas15,temp,20260902,20261001,00Z,D1,3h,S/D,S/D,S/D,S/D,0
47E8B578,SIBINACOCHA,CUSCO,CANCHIS,ecmwf,temp,20260902,20261001,"00Z,12Z",D1,3h,0.053,2.344,2.812,0.796,480
47E8B578,SIBINACOCHA,CUSCO,CANCHIS,gfs,temp,20260902,20261001,"00Z,12Z",D1,3h,0.408,1.793,2.274,0.797,480
47E8B578,SIBINACOCHA,CUSCO,CANCHIS,eta5,temp,20260902,20261001,"00Z,12Z",D1,3h,3.123,3.318,4.081,0.81,384
47E8B578,SIBINACOCHA,CUSCO,CANCHIS,wrf5,temp,20260902,20261001,"00Z,12Z",D1,3h,1.467,2.25,2.859,0.774,472
47E8B578,SIBINACOCHA,CUSCO,CANCHIS,mpas15,temp,20260902,20261001,00Z,D1,3h,-1.594,2.213,2.64,0.802,240
4726158C,SICUANI,CUSCO,CANCHIS,ecmwf,temp,20260902,20261001,"00Z,12Z",D1,3h,-2.324,2.834,3.311,0.939,470
4726158C,SICUANI,CUSCO,CANCHIS,gfs,temp,20260902,20261001,"00Z,12Z",D1,3h,-1.719,3.421,4.01,0.872,470
4726158C,SICUANI,CUSCO,CANCHIS,eta5,temp,20260902,20261001,"00Z,12Z",D1,3h,0.174,2.153,2.679,0.906,377
4726158C,SICUANI,CUSCO,CANCHIS,wrf5,temp,20260902,20261001,"00Z,12Z",D1,3h,2.469,3.04,4.081,0.889,462
4726158C,SICUANI,CUSCO,CANCHIS,mpas15,temp,20260902,20261001,00Z,D1,3h,-4.908,5.232,6.065,0.897,235
114123,MARCA CUNKA,CUSCO,CHUMBIVILCAS,ecmwf,temp,20260902,20261001,"00Z,12Z",D1,3h,-2.236,3.264,4.019,0.864,480
114123,MARCA CUNKA,CUSCO,CHUMBIVILCAS,gfs,temp,20260902,20261001,"00Z,12Z",D1,3h,-0.457,2.748,3.5,0.883,480
114123,MARCA CUNKA,CUSCO,CHUMBIVILCAS,eta5,temp,20260902,20261001,"00Z,12Z",D1,3h,1.244,2.842,3.621,0.847,384
114123,MARCA CUNKA,CUSCO,CHUMBIVILCAS,wrf5,temp,20260902,20261001,"00Z,12Z",D1,3h,0.838,2.888,3.758,0.842,472
114123,MARCA CUNKA,CUSCO,CHUMBIVILCAS,mpas15,temp,20260902,20261001,00Z,D1,3h,-2.618,3.681,4.223,0.879,240
4729A090,SANTO TOMAS,CUSCO,CHUMBIVILCAS,ecmwf,temp,20260902,20261001,"00Z,12Z",D1,3h,-3.782,3.875,4.367,0.91,470
4729A090,SANTO TOMAS,CUSCO,CHUMBIVILCAS,gfs,temp,20260902,20261001,"00Z,12Z",D1,3h,-1.986,2.337,2.879,0.932,470
4729A090,SANTO TOMAS,CUSCO,CHUMBIVILCAS,eta5,temp,20260902,20261001,"00Z,12Z",D1,3h,0.354,1.925,2.504,0.873,376
4729A090,SANTO TOMAS,CUSCO,CHUMBIVILCAS,wrf5,temp,20260902,20261001,"00Z,12Z",D1,3h,2.384,2.656,3.284,0.904,462
4729A090,SANTO TOMAS,CUSCO,CHUMBIVILCAS,mpas15,temp,20260902,20261001,00Z,D1,3h,-4.175,4.313,4.791,0.889,235
114124,HUAYHUAHUASI,CUSCO,ESPINAR,ecmwf,temp,20260902,20261001,"00Z,12Z",D1,3h,1.304,3.197,4.222,0.913,480
114124,HUAYHUAHUASI,CUSCO,ESPINAR,gfs,temp,20260902,20261001,"00Z,12Z",D1,3h,2.411,4.321,5.886,0.813,480
114124,HUAYHUAHUASI,CUSCO,ESPINAR,eta5,temp,20260902,20261001,"00Z,12Z",D1,3h,4.465,4.889,6.388,0.847,384
114124,HUAYHUAHUASI,CUSCO,ESPINAR,wrf5,temp,20260902,20261001,"00Z,12Z",D1,3h,3.269,4.58,6.17,0.813,472
114124,HUAYHUAHUASI,CUSCO,ESPINAR,mpas15,temp,20260902,20261001,00Z,D1,3h,-0.323,3.577,4.505,0.908,240
47E880E2,PICHARI,CUSCO,LA CONVENCION,ecmwf,temp,20260902,20261001,"00Z,12Z",D1,3h,-7.758,7.758,8.297,0.756,478
47E880E2,PICHARI,CUSCO,LA CONVENCION,gfs,temp,20260902,20261001,"00Z,12Z",D1,3h,-7.329,7.346,7.988,0.677,478
47E880E2,PICHARI,CUSCO,LA CONVENCION,eta5,temp,20260902,20261001,"00Z,12Z",D1,3h,1.164,2.262,2.892,0.772,383
47E880E2,PICHARI,CUSCO,LA CONVENCION,wrf5,temp,20260902,20261001,"00Z,12Z",D1,3h,1.818,2.554,3.295,0.797,470
47E880E2,PICHARI,CUSCO,LA CONVENCION,mpas15,temp,20260902,20261001,00Z,D1,3h,-9.243,9.243,9.912,0.573,239
112264,PONGO DE MAINIQUE,CUSCO,LA CONVENCION,ecmwf,temp,20260902,20261001,"00Z,12Z",D1,3h,-2.581,3.041,3.405,0.809,480
112264,PONGO DE MAINIQUE,CUSCO,LA CONVENCION,gfs,temp,20260902,20261001,"00Z,12Z",D1,3h,-1.628,2.883,3.38,0.773,480
112264,PONGO DE MAINIQUE,CUSCO,LA CONVENCION,eta5,temp,20260902,20261001,"00Z,12Z",D1,3h,0.85,1.81,2.41,0.755,384
112264,PONGO DE MAINIQUE,CUSCO,LA CONVENCION,wrf5,temp,20260902,20261001,"00Z,12Z",D1,3h,1.005,1.809,2.336,0.822,472
112264,PONGO DE MAINIQUE,CUSCO,LA CONVENCION,mpas15,temp,20260902,20261001,00Z,D1,3h,-2.771,3.181,3.603,0.773,240
4729658E,SAN PABLO,CUSCO,LA CONVENCION,ecmwf,temp,20260902,20261001,"00Z,12Z",D1,3h,-10.737,10.737,11.176,0.778,480
4729658E,SAN PABLO,CUSCO,LA CONVENCION,gfs,temp,20260902,20261001,"00Z,12Z",D1,3h,-9.621,9.621,10.125,0.766,480
4729658E,SAN PABLO,CUSCO,LA CONVENCION,eta5,temp,20260902,20261001,"00Z,12Z",D1,3h,-5.168,5.246,6.139,0.766,384
4729658E,SAN PABLO,CUSCO,LA CONVENCION,wrf5,temp,20260902,20261001,"00Z,12Z",D1,3h,-1.233,2.385,2.885,0.807,472
4729658E,SAN PABLO,CUSCO,LA CONVENCION,mpas15,temp,20260902,20261001,00Z,D1,3h,-10.481,10.481,11.211,0.623,240
4722A338,ACJANACO ,CUSCO,PAUCARTAMBO,ecmwf,temp,20260902,20261001,"00Z,12Z",D1,3h,-0.103,1.958,2.43,0.723,480
4722A338,ACJANACO ,CUSCO,PAUCARTAMBO,gfs,temp,20260902,20261001,"00Z,12Z",D1,3h,1.372,2.112,2.696,0.675,480
4722A338,ACJANACO ,CUSCO,PAUCARTAMBO,eta5,temp,20260902,20261001,"00Z,12Z",D1,3h,-0.293,1.645,2.164,0.743,384
4722A338,ACJANACO ,CUSCO,PAUCARTAMBO,wrf5,temp,20260902,20261001,"00Z,12Z",D1,3h,1.483,2.146,2.812,0.605,472
4722A338,ACJANACO ,CUSCO,PAUCARTAMBO,mpas15,temp,20260902,20261001,00Z,D1,3h,-0.942,1.736,2.351,0.764,240
210007,PAUCARTAMBO,CUSCO,PAUCARTAMBO,ecmwf,temp,20260902,20261001,"00Z,12Z",D1,3h,S/D,S/D,S/D,S/D,0
210007,PAUCARTAMBO,CUSCO,PAUCARTAMBO,gfs,temp,20260902,20261001,"00Z,12Z",D1,3h,S/D,S/D,S/D,S/D,0
210007,PAUCARTAMBO,CUSCO,PAUCARTAMBO,eta5,temp,20260902,20261001,"00Z,12Z",D1,3h,S/D,S/D,S/D,S/D,0
210007,PAUCARTAMBO,CUSCO,PAUCARTAMBO,wrf5,temp,20260902,20261001,"00Z,12Z",D1,3h,S/D,S/D,S/D,S/D,0
210007,PAUCARTAMBO,CUSCO,PAUCARTAMBO,mpas15,temp,20260902,20261001,00Z,D1,3h,S/D,S/D,S/D,S/D,0
113247,ASHANAKU,CUSCO,QUISPICANCHI,ecmwf,temp,20260902,20261001,"00Z,12Z",D1,3h,-0.596,1.739,2.139,0.839,480
113247,ASHANAKU,CUSCO,QUISPICANCHI,gfs,temp,20260902,20261001,"00Z,12Z",D1,3h,0.046,1.902,2.468,0.824,480
113247,ASHANAKU,CUSCO,QUISPICANCHI,eta5,temp,20260902,20261001,"00Z,12Z",D1,3h,0.542,1.713,2.246,0.823,384
113247,ASHANAKU,CUSCO,QUISPICANCHI,wrf5,temp,20260902,20261001,"00Z,12Z",D1,3h,-1.404,2.207,2.755,0.776,472
113247,ASHANAKU,CUSCO,QUISPICANCHI,mpas15,temp,20260902,20261001,00Z,D1,3h,-1.018,1.784,2.425,0.877,240
113254,QUINCEMIL,CUSCO,QUISPICANCHI,ecmwf,temp,20260902,20261001,"00Z,12Z",D1,3h,-0.446,1.516,1.963,0.827,480
113254,QUINCEMIL,CUSCO,QUISPICANCHI,gfs,temp,20260902,20261001,"00Z,12Z",D1,3h,-0.542,1.795,2.325,0.784,480
113254,QUINCEMIL,CUSCO,QUISPICANCHI,eta5,temp,20260902,20261001,"00Z,12Z",D1,3h,1.016,2.032,2.489,0.791,384
113254,QUINCEMIL,CUSCO,QUISPICANCHI,wrf5,temp,20260902,20261001,"00Z,12Z",D1,3h,3.106,3.216,3.657,0.86,472
113254,QUINCEMIL,CUSCO,QUISPICANCHI,mpas15,temp,20260902,20261001,00Z,D1,3h,-1.571,2.202,2.798,0.775,240
472A9204,CHILCA,CUSCO,URUBAMBA,ecmwf,temp,20260902,20261001,"00Z,12Z",D1,3h,S/D,S/D,S/D,S/D,0
472A9204,CHILCA,CUSCO,URUBAMBA,gfs,temp,20260902,20261001,"00Z,12Z",D1,3h,S/D,S/D,S/D,S/D,0
472A9204,CHILCA,CUSCO,URUBAMBA,eta5,temp,20260902,20261001,"00Z,12Z",D1,3h,S/D,S/D,S/D,S/D,0
472A9204,CHILCA,CUSCO,URUBAMBA,wrf5,temp,20260902,20261001,"00Z,12Z",D1,3h,S/D,S/D,S/D,S/D,0
472A9204,CHILCA,CUSCO,URUBAMBA,mpas15,temp,20260902,20261001,00Z,D1,3h,S/D,S/D,S/D,S/D,0
4727C11E,HUAYLLABAMBA,CUSCO,URUBAMBA,ecmwf,temp,20260902,20261001,"00Z,12Z",D1,3h,-5.872,5.904,6.385,0.727,472
4727C11E,HUAYLLABAMBA,CUSCO,URUBAMBA,gfs,temp,20260902,20261001,"00Z,12Z",D1,3h,-4.909,4.92,5.413,0.813,472
4727C11E,HUAYLLABAMBA,CUSCO,URUBAMBA,eta5,temp,20260902,20261001,"00Z,12Z",D1,3h,-2.246,2.533,2.998,0.835,379
4727C11E,HUAYLLABAMBA,CUSCO,URUBAMBA,wrf5,temp,20260902,20261001,"00Z,12Z",D1,3h,-6.142,6.145,6.607,0.826,464
4727C11E,HUAYLLABAMBA,CUSCO,URUBAMBA,mpas15,temp,20260902,20261001,00Z,D1,3h,-6.101,6.102,6.518,0.824,236
472935F2,INTIHUATANA H,CUSCO,URUBAMBA,ecmwf,temp,20260902,20261001,"00Z,12Z",D1,3h,S/D,S/D,S/D,S/D,0
472935F2,INTIHUATANA H,CUSCO,URUBAMBA,gfs,temp,20260902,20261001,"00Z,12Z",D1,3h,S/D,S/D,S/D,S/D,0
472935F2,INTIHUATANA H,CUSCO,URUBAMBA,eta5,temp,20260902,20261001,"00Z,12Z",D1,3h,S/D,S/D,S/D,S/D,0
472935F2,INTIHUATANA H,CUSCO,URUBAMBA,wrf5,temp,20260902,20261001,"00Z,12Z",D1,3h,S/D,S/D,S/D,S/D,0
472935F2,INTIHUATANA H,CUSCO,URUBAMBA,mpas15,temp,20260902,20261001,00Z,D1,3h,S/D,S/D,S/D,S/D,0
472852EE,INTIHUATANA M,CUSCO,URUBAMBA,ecmwf,temp,20260902,20261001,"00Z,12Z",D1,3h,-11.751,11.751,12.073,0.68,478
472852EE,INTIHUATANA M,CUSCO,URUBAMBA,gfs,temp,20260902,20261001,"00Z,12Z",D1,3h,-10.771,10.771,11.028,0.81,478
472852EE,INTIHUATANA M,CUSCO,URUBAMBA,eta5,temp,20260902,20261001,"00Z,12Z",D1,3h,-5.43,5.436,5.941,0.762,382
472852EE,INTIHUATANA M,CUSCO,URUBAMBA,wrf5,temp,20260902,20261001,"00Z,12Z",D1,3h,-2.826,3.053,3.6,0.793,470
472852EE,INTIHUATANA M,CUSCO,URUBAMBA,mpas15,temp,20260902,20261001,00Z,D1,3h,-9.602,9.602,10.029,0.706,239
472897F0,MACHUPICCHU,CUSCO,URUBAMBA,ecmwf,temp,20260902,20261001,"00Z,12Z",D1,3h,-8.908,8.908,9.388,0.648,472
472897F0,MACHUPICCHU,CUSCO,URUBAMBA,gfs,temp,20260902,20261001,"00Z,12Z",D1,3h,-7.94,7.94,8.348,0.806,472
472897F0,MACHUPICCHU,CUSCO,URUBAMBA,eta5,temp,20260902,20261001,"00Z,12Z",D1,3h,-2.615,2.835,3.679,0.764,377
472897F0,MACHUPICCHU,CUSCO,URUBAMBA,wrf5,temp,20260902,20261001,"00Z,12Z",D1,3h,0.004,1.688,2.336,0.83,464
472897F0,MACHUPICCHU,CUSCO,URUBAMBA,mpas15,temp,20260902,20261001,00Z,D1,3h,-6.775,6.78,7.457,0.69,236
4729950A,PACAYMAYO,CUSCO,URUBAMBA,ecmwf,temp,20260902,20261001,"00Z,12Z",D1,3h,-0.669,1.776,2.163,0.756,480
4729950A,PACAYMAYO,CUSCO,URUBAMBA,gfs,temp,20260902,20261001,"00Z,12Z",D1,3h,0.307,1.263,1.593,0.788,480
4729950A,PACAYMAYO,CUSCO,URUBAMBA,eta5,temp,20260902,20261001,"00Z,12Z",D1,3h,2.981,2.998,3.364,0.815,384
4729950A,PACAYMAYO,CUSCO,URUBAMBA,wrf5,temp,20260902,20261001,"00Z,12Z",D1,3h,-0.649,1.559,1.962,0.766,472
4729950A,PACAYMAYO,CUSCO,URUBAMBA,mpas15,temp,20260902,20261001,00Z,D1,3h,-0.855,1.497,1.844,0.843,240
4720CDF8,COCHAMARCA,HUANCAVELICA,CASTROVIRREYNA,ecmwf,temp,20260902,20261001,"00Z,12Z",D1,3h,S/D,S/D,S/D,S/D,0
4720CDF8,COCHAMARCA,HUANCAVELICA,CASTROVIRREYNA,gfs,temp,20260902,20261001,"00Z,12Z",D1,3h,S/D,S/D,S/D,S/D,0
4720CDF8,COCHAMARCA,HUANCAVELICA,CASTROVIRREYNA,eta5,temp,20260902,20261001,"00Z,12Z",D1,3h,S/D,S/D,S/D,S/D,0
4720CDF8,COCHAMARCA,HUANCAVELICA,CASTROVIRREYNA,wrf5,temp,20260902,20261001,"00Z,12Z",D1,3h,S/D,S/D,S/D,S/D,0
4720CDF8,COCHAMARCA,HUANCAVELICA,CASTROVIRREYNA,mpas15,temp,20260902,20261001,00Z,D1,3h,S/D,S/D,S/D,S/D,0
47292684,HUACHOS,HUANCAVELICA,CASTROVIRREYNA,ecmwf,temp,20260902,20261001,"00Z,12Z",D1,3h,-6.164,6.164,6.551,0.847,478
47292684,HUACHOS,HUANCAVELICA,CASTROVIRREYNA,gfs,temp,20260902,20261001,"00Z,12Z",D1,3h,-5.044,5.047,5.663,0.803,478
47292684,HUACHOS,HUANCAVELICA,CASTROVIRREYNA,eta5,temp,20260902,20261001,"00Z,12Z",D1,3h,-3.942,3.944,4.281,0.855,383
47292684,HUACHOS,HUANCAVELICA,CASTROVIRREYNA,wrf5,temp,20260902,20261001,"00Z,12Z",D1,3h,-4.093,4.22,5.072,0.796,470
47292684,HUACHOS,HUANCAVELICA,CASTROVIRREYNA,mpas15,temp,20260902,20261001,00Z,D1,3h,-5.896,5.896,6.547,0.849,239
472722EC,HUANCAVELICA,HUANCAVELICA,HUANCAVELICA,ecmwf,temp,20260902,20261001,"00Z,12Z",D1,3h,-4.706,4.715,5.01,0.905,480
472722EC,HUANCAVELICA,HUANCAVELICA,HUANCAVELICA,gfs,temp,20260902,20261001,"00Z,12Z",D1,3h,-3.744,3.807,4.342,0.852,480
472722EC,HUANCAVELICA,HUANCAVELICA,HUANCAVELICA,eta5,temp,20260902,20261001,"00Z,12Z",D1,3h,-3.065,3.207,3.605,0.886,384
472722EC,HUANCAVELICA,HUANCAVELICA,HUANCAVELICA,wrf5,temp,20260902,20261001,"00Z,12Z",D1,3h,-1.887,2.234,2.714,0.892,472
472722EC,HUANCAVELICA,HUANCAVELICA,HUANCAVELICA,mpas15,temp,20260902,20261001,00Z,D1,3h,-4.889,4.925,5.32,0.894,240
47284198,CHALLACA,HUANCAVELICA,HUAYTARA,ecmwf,temp,20260902,20261001,"00Z,12Z",D1,3h,-2.481,2.674,3.133,0.874,284
47284198,CHALLACA,HUANCAVELICA,HUAYTARA,gfs,temp,20260902,20261001,"00Z,12Z",D1,3h,-2.2,2.583,2.999,0.86,284
47284198,CHALLACA,HUANCAVELICA,HUAYTARA,eta5,temp,20260902,20261001,"00Z,12Z",D1,3h,-4.098,4.166,4.607,0.823,213
47284198,CHALLACA,HUANCAVELICA,HUAYTARA,wrf5,temp,20260902,20261001,"00Z,12Z",D1,3h,-2.351,3.006,3.711,0.734,284
47284198,CHALLACA,HUANCAVELICA,HUAYTARA,mpas15,temp,20260902,20261001,00Z,D1,3h,-6.059,6.081,6.61,0.813,142
472811E4,CHALLACA M,HUANCAVELICA,HUAYTARA,ecmwf,temp,20260902,20261001,"00Z,12Z",D1,3h,-2.352,2.553,3.248,0.885,478
472811E4,CHALLACA M,HUANCAVELICA,HUAYTARA,gfs,temp,20260902,20261001,"00Z,12Z",D1,3h,-2.258,2.569,3.265,0.898,478
472811E4,CHALLACA M,HUANCAVELICA,HUAYTARA,eta5,temp,20260902,20261001,"00Z,12Z",D1,3h,-3.988,3.992,4.322,0.874,382
472811E4,CHALLACA M,HUANCAVELICA,HUAYTARA,wrf5,temp,20260902,20261001,"00Z,12Z",D1,3h,-1.887,2.563,3.232,0.846,470
472811E4,CHALLACA M,HUANCAVELICA,HUAYTARA,mpas15,temp,20260902,20261001,00Z,D1,3h,-5.929,5.93,6.707,0.861,239
4728F216,CORDOVA,HUANCAVELICA,HUAYTARA,ecmwf,temp,20260902,20261001,"00Z,12Z",D1,3h,-0.931,1.316,1.706,0.832,474
4728F216,CORDOVA,HUANCAVELICA,HUAYTARA,gfs,temp,20260902,20261001,"00Z,12Z",D1,3h,0.54,1.177,1.401,0.848,474
4728F216,CORDOVA,HUANCAVELICA,HUAYTARA,eta5,temp,20260902,20261001,"00Z,12Z",D1,3h,-0.177,1.95,2.317,0.822,380
4728F216,CORDOVA,HUANCAVELICA,HUAYTARA,wrf5,temp,20260902,20261001,"00Z,12Z",D1,3h,-1.138,1.404,1.73,0.852,466
4728F216,CORDOVA,HUANCAVELICA,HUAYTARA,mpas15,temp,20260902,20261001,00Z,D1,3h,0.22,1.274,1.548,0.814,237
4728C78C,CUSICANCHA,HUANCAVELICA,HUAYTARA,ecmwf,temp,20260902,20261001,"00Z,12Z",D1,3h,-6.467,6.467,6.775,0.861,474
4728C78C,CUSICANCHA,HUANCAVELICA,HUAYTARA,gfs,temp,20260902,20261001,"00Z,12Z",D1,3h,-4.699,4.7,5.294,0.782,474
4728C78C,CUSICANCHA,HUANCAVELICA,HUAYTARA,eta5,temp,20260902,20261001,"00Z,12Z",D1,3h,-3.976,4.033,4.404,0.848,380
4728C78C,CUSICANCHA,HUANCAVELICA,HUAYTARA,wrf5,temp,20260902,20261001,"00Z,12Z",D1,3h,-1.957,2.272,2.852,0.823,466
4728C78C,CUSICANCHA,HUANCAVELICA,HUAYTARA,mpas15,temp,20260902,20261001,00Z,D1,3h,-4.611,4.611,5.048,0.879,237
213507,RAMADILLAS,HUANCAVELICA,HUAYTARA,ecmwf,temp,20260902,20261001,"00Z,12Z",D1,3h,S/D,S/D,S/D,S/D,0
213507,RAMADILLAS,HUANCAVELICA,HUAYTARA,gfs,temp,20260902,20261001,"00Z,12Z",D1,3h,S/D,S/D,S/D,S/D,0
213507,RAMADILLAS,HUANCAVELICA,HUAYTARA,eta5,temp,20260902,20261001,"00Z,12Z",D1,3h,S/D,S/D,S/D,S/D,0
213507,RAMADILLAS,HUANCAVELICA,HUAYTARA,wrf5,temp,20260902,20261001,"00Z,12Z",D1,3h,S/D,S/D,S/D,S/D,0
213507,RAMADILLAS,HUANCAVELICA,HUAYTARA,mpas15,temp,20260902,20261001,00Z,D1,3h,S/D,S/D,S/D,S/D,0
4729131E,SANTIAGO DE CHOCORVOS,HUANCAVELICA,HUAYTARA,ecmwf,temp,20260902,20261001,"00Z,12Z",D1,3h,-7.486,7.486,7.714,0.855,476
4729131E,SANTIAGO DE CHOCORVOS,HUANCAVELICA,HUAYTARA,gfs,temp,20260902,20261001,"00Z,12Z",D1,3h,-6.782,6.782,6.977,0.834,476
4729131E,SANTIAGO DE CHOCORVOS,HUANCAVELICA,HUAYTARA,eta5,temp,20260902,20261001,"00Z,12Z",D1,3h,-6.022,6.022,6.292,0.833,381
4729131E,SANTIAGO DE CHOCORVOS,HUANCAVELICA,HUAYTARA,wrf5,temp,20260902,20261001,"00Z,12Z",D1,3h,-5.774,5.774,5.993,0.793,468
4729131E,SANTIAGO DE CHOCORVOS,HUANCAVELICA,HUAYTARA,mpas15,temp,20260902,20261001,00Z,D1,3h,-7.272,7.272,7.528,0.848,238
112269,COCHABAMBA GRANDE,HUANCAVELICA,TAYACAJA,ecmwf,temp,20260902,20261001,"00Z,12Z",D1,3h,-5.201,5.205,5.492,0.792,240
112269,COCHABAMBA GRANDE,HUANCAVELICA,TAYACAJA,gfs,temp,20260902,20261001,"00Z,12Z",D1,3h,-2.271,2.408,2.863,0.786,240
112269,COCHABAMBA GRANDE,HUANCAVELICA,TAYACAJA,eta5,temp,20260902,20261001,"00Z,12Z",D1,3h,-1.567,1.784,2.159,0.858,168
112269,COCHABAMBA GRANDE,HUANCAVELICA,TAYACAJA,wrf5,temp,20260902,20261001,"00Z,12Z",D1,3h,-2.712,2.77,3.103,0.853,240
112269,COCHABAMBA GRANDE,HUANCAVELICA,TAYACAJA,mpas15,temp,20260902,20261001,00Z,D1,3h,-0.334,1.277,1.826,0.854,120
110146,QUISCA,HUANUCO,AMBO,ecmwf,temp,20260902,20261001,"00Z,12Z",D1,3h,-6.15,6.151,6.372,0.892,270
110146,QUISCA,HUANUCO,AMBO,gfs,temp,20260902,20261001,"00Z,12Z",D1,3h,-7.533,7.533,7.748,0.872,270
110146,QUISCA,HUANUCO,AMBO,eta5,temp,20260902,20261001,"00Z,12Z",D1,3h,-3.92,3.942,4.224,0.891,219
110146,QUISCA,HUANUCO,AMBO,wrf5,temp,20260902,20261001,"00Z,12Z",D1,3h,-1.319,1.785,2.05,0.917,265
110146,QUISCA,HUANUCO,AMBO,mpas15,temp,20260902,20261001,00Z,D1,3h,-9.682,9.682,10.01,0.853,135
47E845FC,CACHICOTO,HUANUCO,HUAMALIES,ecmwf,temp,20260902,20261001,"00Z,12Z",D1,3h,-4.367,4.509,5.062,0.781,480
47E845FC,CACHICOTO,HUANUCO,HUAMALIES,gfs,temp,20260902,20261001,"00Z,12Z",D1,3h,-5.094,5.259,5.922,0.714,480
47E845FC,CACHICOTO,HUANUCO,HUAMALIES,eta5,temp,20260902,20261001,"00Z,12Z",D1,3h,-0.397,2.125,2.683,0.738,384
47E845FC,CACHICOTO,HUANUCO,HUAMALIES,wrf5,temp,20260902,20261001,"00Z,12Z",D1,3h,0.605,1.931,2.458,0.763,472
47E845FC,CACHICOTO,HUANUCO,HUAMALIES,mpas15,temp,20260902,20261001,00Z,D1,3h,-4.479,4.591,5.364,0.662,240
4720EB14,SAN MARTIN,HUANUCO,HUAMALIES,ecmwf,temp,20260902,20261001,"00Z,12Z",D1,3h,-1.614,2.962,3.439,0.808,480
4720EB14,SAN MARTIN,HUANUCO,HUAMALIES,gfs,temp,20260902,20261001,"00Z,12Z",D1,3h,-2.673,3.156,3.806,0.744,480
4720EB14,SAN MARTIN,HUANUCO,HUAMALIES,eta5,temp,20260902,20261001,"00Z,12Z",D1,3h,6.635,6.635,7.227,0.835,384
4720EB14,SAN MARTIN,HUANUCO,HUAMALIES,wrf5,temp,20260902,20261001,"00Z,12Z",D1,3h,-0.428,2.105,2.573,0.778,472
4720EB14,SAN MARTIN,HUANUCO,HUAMALIES,mpas15,temp,20260902,20261001,00Z,D1,3h,-2.924,3.319,4.042,0.74,240
472D0552,CHINCHAVITO,HUANUCO,HUANUCO,ecmwf,temp,20260902,20261001,"00Z,12Z",D1,3h,S/D,S/D,S/D,S/D,0
472D0552,CHINCHAVITO,HUANUCO,HUANUCO,gfs,temp,20260902,20261001,"00Z,12Z",D1,3h,S/D,S/D,S/D,S/D,0
472D0552,CHINCHAVITO,HUANUCO,HUANUCO,eta5,temp,20260902,20261001,"00Z,12Z",D1,3h,S/D,S/D,S/D,S/D,0
472D0552,CHINCHAVITO,HUANUCO,HUANUCO,wrf5,temp,20260902,20261001,"00Z,12Z",D1,3h,S/D,S/D,S/D,S/D,0
472D0552,CHINCHAVITO,HUANUCO,HUANUCO,mpas15,temp,20260902,20261001,00Z,D1,3h,S/D,S/D,S/D,S/D,0
472B730C,PUENTE TARUCA,HUANUCO,HUANUCO,ecmwf,temp,20260902,20261001,"00Z,12Z",D1,3h,S/D,S/D,S/D,S/D,0
472B730C,PUENTE TARUCA,HUANUCO,HUANUCO,gfs,temp,20260902,20261001,"00Z,12Z",D1,3h,S/D,S/D,S/D,S/D,0
472B730C,PUENTE TARUCA,HUANUCO,HUANUCO,eta5,temp,20260902,20261001,"00Z,12Z",D1,3h,S/D,S/D,S/D,S/D,0
472B730C,PUENTE TARUCA,HUANUCO,HUANUCO,wrf5,temp,20260902,20261001,"00Z,12Z",D1,3h,S/D,S/D,S/D,S/D,0
472B730C,PUENTE TARUCA,HUANUCO,HUANUCO,mpas15,temp,20260902,20261001,00Z,D1,3h,S/D,S/D,S/D,S/D,0
110140,JESUS DE LAURICOCHA,HUANUCO,LAURICOCHA,ecmwf,temp,20260902,20261001,"00Z,12Z",D1,3h,-3.694,3.759,4.211,0.895,480
110140,JESUS DE LAURICOCHA,HUANUCO,LAURICOCHA,gfs,temp,20260902,20261001,"00Z,12Z",D1,3h,-2.924,3.19,3.717,0.874,480
110140,JESUS DE LAURICOCHA,HUANUCO,LAURICOCHA,eta5,temp,20260902,20261001,"00Z,12Z",D1,3h,-3.073,3.295,3.9,0.84,384
110140,JESUS DE LAURICOCHA,HUANUCO,LAURICOCHA,wrf5,temp,20260902,20261001,"00Z,12Z",D1,3h,-1.124,1.917,2.349,0.899,472
110140,JESUS DE LAURICOCHA,HUANUCO,LAURICOCHA,mpas15,temp,20260902,20261001,00Z,D1,3h,-3.787,3.89,4.28,0.913,240
472DA5AA,PUENTE BELLA,HUANUCO,LEONCIO PRADO,ecmwf,temp,20260902,20261001,"00Z,12Z",D1,3h,S/D,S/D,S/D,S/D,0
472DA5AA,PUENTE BELLA,HUANUCO,LEONCIO PRADO,gfs,temp,20260902,20261001,"00Z,12Z",D1,3h,S/D,S/D,S/D,S/D,0
472DA5AA,PUENTE BELLA,HUANUCO,LEONCIO PRADO,eta5,temp,20260902,20261001,"00Z,12Z",D1,3h,S/D,S/D,S/D,S/D,0
472DA5AA,PUENTE BELLA,HUANUCO,LEONCIO PRADO,wrf5,temp,20260902,20261001,"00Z,12Z",D1,3h,S/D,S/D,S/D,S/D,0
472DA5AA,PUENTE BELLA,HUANUCO,LEONCIO PRADO,mpas15,temp,20260902,20261001,00Z,D1,3h,S/D,S/D,S/D,S/D,0
47270400,TINGO MARIA,HUANUCO,LEONCIO PRADO,ecmwf,temp,20260902,20261001,"00Z,12Z",D1,3h,-1.776,2.243,2.609,0.857,478
47270400,TINGO MARIA,HUANUCO,LEONCIO PRADO,gfs,temp,20260902,20261001,"00Z,12Z",D1,3h,-3.239,3.738,4.216,0.822,478
47270400,TINGO MARIA,HUANUCO,LEONCIO PRADO,eta5,temp,20260902,20261001,"00Z,12Z",D1,3h,0.504,1.738,2.258,0.808,382
47270400,TINGO MARIA,HUANUCO,LEONCIO PRADO,wrf5,temp,20260902,20261001,"00Z,12Z",D1,3h,-0.187,1.613,2.123,0.824,470
47270400,TINGO MARIA,HUANUCO,LEONCIO PRADO,mpas15,temp,20260902,20261001,00Z,D1,3h,-5.356,5.397,5.915,0.726,239
4727A4F8,PUERTO INCA,HUANUCO,PUERTO INCA,ecmwf,temp,20260902,20261001,"00Z,12Z",D1,3h,-0.569,1.347,1.809,0.864,478
4727A4F8,PUERTO INCA,HUANUCO,PUERTO INCA,gfs,temp,20260902,20261001,"00Z,12Z",D1,3h,-0.323,1.967,2.511,0.879,478
4727A4F8,PUERTO INCA,HUANUCO,PUERTO INCA,eta5,temp,20260902,20261001,"00Z,12Z",D1,3h,2.26,2.694,3.489,0.773,382
4727A4F8,PUERTO INCA,HUANUCO,PUERTO INCA,wrf5,temp,20260902,20261001,"00Z,12Z",D1,3h,0.285,1.495,2.125,0.863,470
4727A4F8,PUERTO INCA,HUANUCO,PUERTO INCA,mpas15,temp,20260902,20261001,00Z,D1,3h,-0.926,1.724,2.372,0.841,239
109094,PUCA PUCA,HUANUCO,YAROWILCA,ecmwf,temp,20260902,20261001,"00Z,12Z",D1,3h,-1.869,2.322,2.693,0.889,470
109094,PUCA PUCA,HUANUCO,YAROWILCA,gfs,temp,20260902,20261001,"00Z,12Z",D1,3h,-0.849,1.785,2.178,0.826,470
109094,PUCA PUCA,HUANUCO,YAROWILCA,eta5,temp,20260902,20261001,"00Z,12Z",D1,3h,-2.1,2.773,3.295,0.82,376
109094,PUCA PUCA,HUANUCO,YAROWILCA,wrf5,temp,20260902,20261001,"00Z,12Z",D1,3h,-0.417,1.52,1.871,0.88,462
109094,PUCA PUCA,HUANUCO,YAROWILCA,mpas15,temp,20260902,20261001,00Z,D1,3h,-2.527,2.723,3.102,0.896,235
4728A26A,CONTA M,ICA,CHINCHA,ecmwf,temp,20260902,20261001,"00Z,12Z",D1,3h,-0.722,1.53,1.807,0.833,442
4728A26A,CONTA M,ICA,CHINCHA,gfs,temp,20260902,20261001,"00Z,12Z",D1,3h,-0.901,1.668,2.01,0.781,442
4728A26A,CONTA M,ICA,CHINCHA,eta5,temp,20260902,20261001,"00Z,12Z",D1,3h,-0.239,1.902,2.322,0.755,352
4728A26A,CONTA M,ICA,CHINCHA,wrf5,temp,20260902,20261001,"00Z,12Z",D1,3h,-1.136,1.788,2.119,0.795,435
4728A26A,CONTA M,ICA,CHINCHA,mpas15,temp,20260902,20261001,00Z,D1,3h,-1.684,2.153,2.595,0.744,221
4728B11C,FONAGRO,ICA,CHINCHA,ecmwf,temp,20260902,20261001,"00Z,12Z",D1,3h,-1.168,1.882,2.533,0.47,476
4728B11C,FONAGRO,ICA,CHINCHA,gfs,temp,20260902,20261001,"00Z,12Z",D1,3h,-3.469,3.604,4.145,0.575,476
4728B11C,FONAGRO,ICA,CHINCHA,eta5,temp,20260902,20261001,"00Z,12Z",D1,3h,-2.062,2.438,2.846,0.825,382
4728B11C,FONAGRO,ICA,CHINCHA,wrf5,temp,20260902,20261001,"00Z,12Z",D1,3h,-1.634,1.864,2.21,0.774,468
4728B11C,FONAGRO,ICA,CHINCHA,mpas15,temp,20260902,20261001,00Z,D1,3h,-2.076,2.316,2.637,0.781,238
4728E160,SAN PEDRO DE HUACARPANA,ICA,CHINCHA,ecmwf,temp,20260902,20261001,"00Z,12Z",D1,3h,-1.739,2.027,2.55,0.863,464
4728E160,SAN PEDRO DE HUACARPANA,ICA,CHINCHA,gfs,temp,20260902,20261001,"00Z,12Z",D1,3h,1.488,1.691,1.987,0.862,464
4728E160,SAN PEDRO DE HUACARPANA,ICA,CHINCHA,eta5,temp,20260902,20261001,"00Z,12Z",D1,3h,0.371,1.849,2.3,0.855,371
4728E160,SAN PEDRO DE HUACARPANA,ICA,CHINCHA,wrf5,temp,20260902,20261001,"00Z,12Z",D1,3h,1.135,1.387,1.788,0.853,456
4728E160,SAN PEDRO DE HUACARPANA,ICA,CHINCHA,mpas15,temp,20260902,20261001,00Z,D1,3h,-0.603,1.242,1.532,0.861,232
472A446C,BETA SANTIAGO,ICA,ICA,ecmwf,temp,20260902,20261001,"00Z,12Z",D1,3h,0.653,1.564,2.033,0.88,464
472A446C,BETA SANTIAGO,ICA,ICA,gfs,temp,20260902,20261001,"00Z,12Z",D1,3h,1.209,1.997,2.604,0.834,464
472A446C,BETA SANTIAGO,ICA,ICA,eta5,temp,20260902,20261001,"00Z,12Z",D1,3h,3.509,3.996,4.855,0.868,371
472A446C,BETA SANTIAGO,ICA,ICA,wrf5,temp,20260902,20261001,"00Z,12Z",D1,3h,-1.131,3.055,3.647,0.815,456
472A446C,BETA SANTIAGO,ICA,ICA,mpas15,temp,20260902,20261001,00Z,D1,3h,-0.761,2.357,2.836,0.842,232
213503,HUAMANI EL TAMBO,ICA,ICA,ecmwf,temp,20260902,20261001,"00Z,12Z",D1,3h,-1.28,2.729,3.425,0.64,470
213503,HUAMANI EL TAMBO,ICA,ICA,gfs,temp,20260902,20261001,"00Z,12Z",D1,3h,-1.175,2.752,3.396,0.581,470
213503,HUAMANI EL TAMBO,ICA,ICA,eta5,temp,20260902,20261001,"00Z,12Z",D1,3h,1.897,2.853,3.76,0.624,374
213503,HUAMANI EL TAMBO,ICA,ICA,wrf5,temp,20260902,20261001,"00Z,12Z",D1,3h,0.84,2.47,2.944,0.618,462
213503,HUAMANI EL TAMBO,ICA,ICA,mpas15,temp,20260902,20261001,00Z,D1,3h,-1.306,2.72,3.33,0.588,235
213506,LOS MOLINOS,ICA,ICA,ecmwf,temp,20260902,20261001,"00Z,12Z",D1,3h,S/D,S/D,S/D,S/D,0
213506,LOS MOLINOS,ICA,ICA,gfs,temp,20260902,20261001,"00Z,12Z",D1,3h,S/D,S/D,S/D,S/D,0
213506,LOS MOLINOS,ICA,ICA,eta5,temp,20260902,20261001,"00Z,12Z",D1,3h,S/D,S/D,S/D,S/D,0
213506,LOS MOLINOS,ICA,ICA,wrf5,temp,20260902,20261001,"00Z,12Z",D1,3h,S/D,S/D,S/D,S/D,0
213506,LOS MOLINOS,ICA,ICA,mpas15,temp,20260902,20261001,00Z,D1,3h,S/D,S/D,S/D,S/D,0
114139,COPARA,ICA,NASCA,ecmwf,temp,20260902,20261001,"00Z,12Z",D1,3h,-1.296,2.172,2.949,0.88,214
114139,COPARA,ICA,NASCA,gfs,temp,20260902,20261001,"00Z,12Z",D1,3h,0.498,2.171,2.625,0.832,214
114139,COPARA,ICA,NASCA,eta5,temp,20260902,20261001,"00Z,12Z",D1,3h,1.818,2.302,2.829,0.877,182
114139,COPARA,ICA,NASCA,wrf5,temp,20260902,20261001,"00Z,12Z",D1,3h,0.579,1.859,2.294,0.9,208
114139,COPARA,ICA,NASCA,mpas15,temp,20260902,20261001,00Z,D1,3h,-0.873,2.52,3.002,0.822,107
114136,PALPA,ICA,PALPA,ecmwf,temp,20260902,20261001,"00Z,12Z",D1,3h,-2.171,2.511,2.96,0.902,480
114136,PALPA,ICA,PALPA,gfs,temp,20260902,20261001,"00Z,12Z",D1,3h,-1.715,2.607,3.142,0.842,480
114136,PALPA,ICA,PALPA,eta5,temp,20260902,20261001,"00Z,12Z",D1,3h,0.044,2.096,2.61,0.888,384
114136,PALPA,ICA,PALPA,wrf5,temp,20260902,20261001,"00Z,12Z",D1,3h,-0.837,2.232,2.663,0.875,472
114136,PALPA,ICA,PALPA,mpas15,temp,20260902,20261001,00Z,D1,3h,-2.934,3.408,3.957,0.834,240
114140,PAMPA BLANCA,ICA,PALPA,ecmwf,temp,20260902,20261001,"00Z,12Z",D1,3h,-2.706,3.554,4.347,0.637,372
114140,PAMPA BLANCA,ICA,PALPA,gfs,temp,20260902,20261001,"00Z,12Z",D1,3h,-3.51,4.195,4.999,0.604,372
114140,PAMPA BLANCA,ICA,PALPA,eta5,temp,20260902,20261001,"00Z,12Z",D1,3h,-0.599,2.918,3.59,0.763,294
114140,PAMPA BLANCA,ICA,PALPA,wrf5,temp,20260902,20261001,"00Z,12Z",D1,3h,1.145,2.948,3.585,0.632,365
114140,PAMPA BLANCA,ICA,PALPA,mpas15,temp,20260902,20261001,00Z,D1,3h,-4.063,4.493,5.284,0.667,186
213403,LETRAYOC,ICA,PISCO,ecmwf,temp,20260902,20261001,"00Z,12Z",D1,3h,S/D,S/D,S/D,S/D,0
213403,LETRAYOC,ICA,PISCO,gfs,temp,20260902,20261001,"00Z,12Z",D1,3h,S/D,S/D,S/D,S/D,0
213403,LETRAYOC,ICA,PISCO,eta5,temp,20260902,20261001,"00Z,12Z",D1,3h,S/D,S/D,S/D,S/D,0
213403,LETRAYOC,ICA,PISCO,wrf5,temp,20260902,20261001,"00Z,12Z",D1,3h,S/D,S/D,S/D,S/D,0
213403,LETRAYOC,ICA,PISCO,mpas15,temp,20260902,20261001,00Z,D1,3h,S/D,S/D,S/D,S/D,0
472DF5D6,HUAYTAPALLANA,JUNIN,HUANCAYO,ecmwf,temp,20260902,20261001,"00Z,12Z",D1,3h,1.1,1.669,2.134,0.796,476
472DF5D6,HUAYTAPALLANA,JUNIN,HUANCAYO,gfs,temp,20260902,20261001,"00Z,12Z",D1,3h,2.531,2.671,3.011,0.776,476
472DF5D6,HUAYTAPALLANA,JUNIN,HUANCAYO,eta5,temp,20260902,20261001,"00Z,12Z",D1,3h,0.325,1.586,1.974,0.834,380
472DF5D6,HUAYTAPALLANA,JUNIN,HUANCAYO,wrf5,temp,20260902,20261001,"00Z,12Z",D1,3h,0.144,1.222,1.617,0.816,468
472DF5D6,HUAYTAPALLANA,JUNIN,HUANCAYO,mpas15,temp,20260902,20261001,00Z,D1,3h,1.44,1.704,2.129,0.817,238
111288,CHACAPALPA,JUNIN,JAUJA,ecmwf,temp,20260902,20261001,"00Z,12Z",D1,3h,-1.23,2.515,3.044,0.838,472
111288,CHACAPALPA,JUNIN,JAUJA,gfs,temp,20260902,20261001,"00Z,12Z",D1,3h,-0.696,2.19,2.806,0.79,472
111288,CHACAPALPA,JUNIN,JAUJA,eta5,temp,20260902,20261001,"00Z,12Z",D1,3h,1.123,2.444,3.175,0.813,376
111288,CHACAPALPA,JUNIN,JAUJA,wrf5,temp,20260902,20261001,"00Z,12Z",D1,3h,0.525,2.102,2.731,0.83,464
111288,CHACAPALPA,JUNIN,JAUJA,mpas15,temp,20260902,20261001,00Z,D1,3h,-2.509,3.079,3.57,0.825,236
111299,POTSOTENI,JUNIN,SATIPO,ecmwf,temp,20260902,20261001,"00Z,12Z",D1,3h,-5.117,5.148,5.901,0.83,480
111299,POTSOTENI,JUNIN,SATIPO,gfs,temp,20260902,20261001,"00Z,12Z",D1,3h,-3.925,4.299,4.968,0.817,480
111299,POTSOTENI,JUNIN,SATIPO,eta5,temp,20260902,20261001,"00Z,12Z",D1,3h,1.455,2.645,3.374,0.789,384
111299,POTSOTENI,JUNIN,SATIPO,wrf5,temp,20260902,20261001,"00Z,12Z",D1,3h,1.713,2.508,3.255,0.812,472
111299,POTSOTENI,JUNIN,SATIPO,mpas15,temp,20260902,20261001,00Z,D1,3h,-4.309,4.438,5.301,0.798,240
4725C4EA,SATIPO,JUNIN,SATIPO,ecmwf,temp,20260902,20261001,"00Z,12Z",D1,3h,-2.305,2.502,3.008,0.908,478
4725C4EA,SATIPO,JUNIN,SATIPO,gfs,temp,20260902,20261001,"00Z,12Z",D1,3h,-1.976,2.762,3.408,0.843,478
4725C4EA,SATIPO,JUNIN,SATIPO,eta5,temp,20260902,20261001,"00Z,12Z",D1,3h,2.322,2.999,3.653,0.787,383
4725C4EA,SATIPO,JUNIN,SATIPO,wrf5,temp,20260902,20261001,"00Z,12Z",D1,3h,1.629,2.312,2.895,0.839,470
4725C4EA,SATIPO,JUNIN,SATIPO,mpas15,temp,20260902,20261001,00Z,D1,3h,-3.546,3.69,4.566,0.802,239
47257764,TARMA,JUNIN,TARMA,ecmwf,temp,20260902,20261001,"00Z,12Z",D1,3h,-7.139,7.139,7.365,0.899,470
47257764,TARMA,JUNIN,TARMA,gfs,temp,20260902,20261001,"00Z,12Z",D1,3h,-5.547,5.575,6.107,0.821,470
47257764,TARMA,JUNIN,TARMA,eta5,temp,20260902,20261001,"00Z,12Z",D1,3h,-4.763,4.835,5.225,0.848,377
47257764,TARMA,JUNIN,TARMA,wrf5,temp,20260902,20261001,"00Z,12Z",D1,3h,-0.959,1.833,2.22,0.883,462
47257764,TARMA,JUNIN,TARMA,mpas15,temp,20260902,20261001,00Z,D1,3h,-7.155,7.17,7.597,0.887,235
472D9030,MARCAPOMACOCHA,JUNIN,YAULI,ecmwf,temp,20260902,20261001,"00Z,12Z",D1,3h,-2.557,2.777,3.249,0.884,480
472D9030,MARCAPOMACOCHA,JUNIN,YAULI,gfs,temp,20260902,20261001,"00Z,12Z",D1,3h,-0.798,1.805,2.384,0.839,480
472D9030,MARCAPOMACOCHA,JUNIN,YAULI,eta5,temp,20260902,20261001,"00Z,12Z",D1,3h,-1.255,2.003,2.402,0.844,384
472D9030,MARCAPOMACOCHA,JUNIN,YAULI,wrf5,temp,20260902,20261001,"00Z,12Z",D1,3h,0.134,1.542,2.023,0.875,472
472D9030,MARCAPOMACOCHA,JUNIN,YAULI,mpas15,temp,20260902,20261001,00Z,D1,3h,-2.071,2.365,2.773,0.902,240
472D30C8,CASAGRANDE,LA LIBERTAD,ASCOPE,ecmwf,temp,20260902,20261001,"00Z,12Z",D1,3h,0.833,1.12,1.469,0.91,474
472D30C8,CASAGRANDE,LA LIBERTAD,ASCOPE,gfs,temp,20260902,20261001,"00Z,12Z",D1,3h,-0.04,1.007,1.223,0.884,474
472D30C8,CASAGRANDE,LA LIBERTAD,ASCOPE,eta5,temp,20260902,20261001,"00Z,12Z",D1,3h,-0.21,1.7,2.054,0.816,378
472D30C8,CASAGRANDE,LA LIBERTAD,ASCOPE,wrf5,temp,20260902,20261001,"00Z,12Z",D1,3h,-0.312,1.44,1.734,0.832,466
472D30C8,CASAGRANDE,LA LIBERTAD,ASCOPE,mpas15,temp,20260902,20261001,00Z,D1,3h,-1.145,1.465,1.688,0.881,237
211001,SALINAR,LA LIBERTAD,ASCOPE,ecmwf,temp,20260902,20261001,"00Z,12Z",D1,3h,S/D,S/D,S/D,S/D,0
211001,SALINAR,LA LIBERTAD,ASCOPE,gfs,temp,20260902,20261001,"00Z,12Z",D1,3h,S/D,S/D,S/D,S/D,0
211001,SALINAR,LA LIBERTAD,ASCOPE,eta5,temp,20260902,20261001,"00Z,12Z",D1,3h,S/D,S/D,S/D,S/D,0
211001,SALINAR,LA LIBERTAD,ASCOPE,wrf5,temp,20260902,20261001,"00Z,12Z",D1,3h,S/D,S/D,S/D,S/D,0
211001,SALINAR,LA LIBERTAD,ASCOPE,mpas15,temp,20260902,20261001,00Z,D1,3h,S/D,S/D,S/D,S/D,0
472EA2A4,CASCAS,LA LIBERTAD,GRAN CHIMU,ecmwf,temp,20260902,20261001,"00Z,12Z",D1,3h,-2.853,2.985,3.44,0.814,480
472EA2A4,CASCAS,LA LIBERTAD,GRAN CHIMU,gfs,temp,20260902,20261001,"00Z,12Z",D1,3h,-1.059,1.923,2.414,0.717,480
472EA2A4,CASCAS,LA LIBERTAD,GRAN CHIMU,eta5,temp,20260902,20261001,"00Z,12Z",D1,3h,-0.135,1.498,1.939,0.835,384
472EA2A4,CASCAS,LA LIBERTAD,GRAN CHIMU,wrf5,temp,20260902,20261001,"00Z,12Z",D1,3h,-0.377,1.389,1.792,0.828,472
472EA2A4,CASCAS,LA LIBERTAD,GRAN CHIMU,mpas15,temp,20260902,20261001,00Z,D1,3h,-2.749,2.98,3.341,0.809,240
47E0A2A8,EL TAMBO,LA LIBERTAD,GRAN CHIMU,ecmwf,temp,20260902,20261001,"00Z,12Z",D1,3h,-6.272,6.28,6.912,0.685,478
47E0A2A8,EL TAMBO,LA LIBERTAD,GRAN CHIMU,gfs,temp,20260902,20261001,"00Z,12Z",D1,3h,-4.486,4.603,5.4,0.617,478
47E0A2A8,EL TAMBO,LA LIBERTAD,GRAN CHIMU,eta5,temp,20260902,20261001,"00Z,12Z",D1,3h,-1.386,2.015,2.407,0.864,382
47E0A2A8,EL TAMBO,LA LIBERTAD,GRAN CHIMU,wrf5,temp,20260902,20261001,"00Z,12Z",D1,3h,-1.255,1.971,2.406,0.853,470
47E0A2A8,EL TAMBO,LA LIBERTAD,GRAN CHIMU,mpas15,temp,20260902,20261001,00Z,D1,3h,-7.139,7.183,7.67,0.687,239
472D552E,LUCMA,LA LIBERTAD,GRAN CHIMU,ecmwf,temp,20260902,20261001,"00Z,12Z",D1,3h,-2.349,3.027,3.539,0.848,480
472D552E,LUCMA,LA LIBERTAD,GRAN CHIMU,gfs,temp,20260902,20261001,"00Z,12Z",D1,3h,-2.778,3.06,3.474,0.822,480
472D552E,LUCMA,LA LIBERTAD,GRAN CHIMU,eta5,temp,20260902,20261001,"00Z,12Z",D1,3h,-3.291,3.361,3.796,0.818,384
472D552E,LUCMA,LA LIBERTAD,GRAN CHIMU,wrf5,temp,20260902,20261001,"00Z,12Z",D1,3h,-2.861,2.921,3.241,0.817,472
472D552E,LUCMA,LA LIBERTAD,GRAN CHIMU,mpas15,temp,20260902,20261001,00Z,D1,3h,-3.343,3.41,3.791,0.857,240
472CC2B6,MARMOT,LA LIBERTAD,GRAN CHIMU,ecmwf,temp,20260902,20261001,"00Z,12Z",D1,3h,0.095,1.11,1.401,0.852,480
472CC2B6,MARMOT,LA LIBERTAD,GRAN CHIMU,gfs,temp,20260902,20261001,"00Z,12Z",D1,3h,3.512,3.524,3.721,0.854,480
472CC2B6,MARMOT,LA LIBERTAD,GRAN CHIMU,eta5,temp,20260902,20261001,"00Z,12Z",D1,3h,0.397,1.531,1.904,0.806,384
472CC2B6,MARMOT,LA LIBERTAD,GRAN CHIMU,wrf5,temp,20260902,20261001,"00Z,12Z",D1,3h,-3.173,3.177,3.372,0.851,472
472CC2B6,MARMOT,LA LIBERTAD,GRAN CHIMU,mpas15,temp,20260902,20261001,00Z,D1,3h,2.065,2.208,2.643,0.825,240
472E5220,PUENTE PALMIRA,LA LIBERTAD,GRAN CHIMU,ecmwf,temp,20260902,20261001,"00Z,12Z",D1,3h,-5.083,5.115,5.745,0.671,480
472E5220,PUENTE PALMIRA,LA LIBERTAD,GRAN CHIMU,gfs,temp,20260902,20261001,"00Z,12Z",D1,3h,-3.289,3.551,4.322,0.611,480
472E5220,PUENTE PALMIRA,LA LIBERTAD,GRAN CHIMU,eta5,temp,20260902,20261001,"00Z,12Z",D1,3h,0.635,1.673,2.256,0.846,384
472E5220,PUENTE PALMIRA,LA LIBERTAD,GRAN CHIMU,wrf5,temp,20260902,20261001,"00Z,12Z",D1,3h,-0.772,1.806,2.262,0.807,472
472E5220,PUENTE PALMIRA,LA LIBERTAD,GRAN CHIMU,mpas15,temp,20260902,20261001,00Z,D1,3h,-4.6,4.742,5.252,0.732,240
472D8346,CALLANCAS,LA LIBERTAD,OTUZCO,ecmwf,temp,20260902,20261001,"00Z,12Z",D1,3h,-6.053,6.072,6.514,0.869,480
472D8346,CALLANCAS,LA LIBERTAD,OTUZCO,gfs,temp,20260902,20261001,"00Z,12Z",D1,3h,-6.482,6.484,6.831,0.805,480
472D8346,CALLANCAS,LA LIBERTAD,OTUZCO,eta5,temp,20260902,20261001,"00Z,12Z",D1,3h,-1.461,2.123,2.648,0.878,384
472D8346,CALLANCAS,LA LIBERTAD,OTUZCO,wrf5,temp,20260902,20261001,"00Z,12Z",D1,3h,0.541,1.536,1.941,0.853,472
472D8346,CALLANCAS,LA LIBERTAD,OTUZCO,mpas15,temp,20260902,20261001,00Z,D1,3h,-7.995,7.995,8.17,0.879,240
472EB1D2,CAPACHIQUE,LA LIBERTAD,OTUZCO,ecmwf,temp,20260902,20261001,"00Z,12Z",D1,3h,-2.107,2.487,2.923,0.815,480
472EB1D2,CAPACHIQUE,LA LIBERTAD,OTUZCO,gfs,temp,20260902,20261001,"00Z,12Z",D1,3h,-1.684,1.997,2.526,0.79,480
472EB1D2,CAPACHIQUE,LA LIBERTAD,OTUZCO,eta5,temp,20260902,20261001,"00Z,12Z",D1,3h,-1.98,2.516,3.139,0.797,384
472EB1D2,CAPACHIQUE,LA LIBERTAD,OTUZCO,wrf5,temp,20260902,20261001,"00Z,12Z",D1,3h,-0.019,1.158,1.515,0.8,472
472EB1D2,CAPACHIQUE,LA LIBERTAD,OTUZCO,mpas15,temp,20260902,20261001,00Z,D1,3h,-4.597,4.597,4.95,0.817,240
107131,LA FORTUNA,LA LIBERTAD,OTUZCO,ecmwf,temp,20260902,20261001,"00Z,12Z",D1,3h,3.837,3.95,4.908,0.796,478
107131,LA FORTUNA,LA LIBERTAD,OTUZCO,gfs,temp,20260902,20261001,"00Z,12Z",D1,3h,3.415,3.429,4.035,0.812,478
107131,LA FORTUNA,LA LIBERTAD,OTUZCO,eta5,temp,20260902,20261001,"00Z,12Z",D1,3h,-4.136,4.139,4.541,0.799,382
107131,LA FORTUNA,LA LIBERTAD,OTUZCO,wrf5,temp,20260902,20261001,"00Z,12Z",D1,3h,-0.029,1.484,1.866,0.7,470
107131,LA FORTUNA,LA LIBERTAD,OTUZCO,mpas15,temp,20260902,20261001,00Z,D1,3h,0.224,1.569,1.913,0.828,239
472E74CC,PUENTE COINA,LA LIBERTAD,OTUZCO,ecmwf,temp,20260902,20261001,"00Z,12Z",D1,3h,-4.012,4.065,4.527,0.896,480
472E74CC,PUENTE COINA,LA LIBERTAD,OTUZCO,gfs,temp,20260902,20261001,"00Z,12Z",D1,3h,-4.441,4.46,4.883,0.825,480
472E74CC,PUENTE COINA,LA LIBERTAD,OTUZCO,eta5,temp,20260902,20261001,"00Z,12Z",D1,3h,-6.071,6.071,6.31,0.881,384
472E74CC,PUENTE COINA,LA LIBERTAD,OTUZCO,wrf5,temp,20260902,20261001,"00Z,12Z",D1,3h,-3.171,3.625,4.131,0.703,472
472E74CC,PUENTE COINA,LA LIBERTAD,OTUZCO,mpas15,temp,20260902,20261001,00Z,D1,3h,-7.641,7.641,7.795,0.901,240
472D60B4,USQUIL,LA LIBERTAD,OTUZCO,ecmwf,temp,20260902,20261001,"00Z,12Z",D1,3h,2.288,2.711,3.344,0.794,480
472D60B4,USQUIL,LA LIBERTAD,OTUZCO,gfs,temp,20260902,20261001,"00Z,12Z",D1,3h,1.859,2.224,2.56,0.833,480
472D60B4,USQUIL,LA LIBERTAD,OTUZCO,eta5,temp,20260902,20261001,"00Z,12Z",D1,3h,0.204,1.557,1.905,0.814,384
472D60B4,USQUIL,LA LIBERTAD,OTUZCO,wrf5,temp,20260902,20261001,"00Z,12Z",D1,3h,3.142,3.466,3.816,0.822,472
472D60B4,USQUIL,LA LIBERTAD,OTUZCO,mpas15,temp,20260902,20261001,00Z,D1,3h,-3.243,3.412,3.896,0.779,240
107130,TICAPAMPA,LA LIBERTAD,SANCHEZ CARRION,ecmwf,temp,20260902,20261001,"00Z,12Z",D1,3h,-6.041,6.072,6.853,0.788,474
107130,TICAPAMPA,LA LIBERTAD,SANCHEZ CARRION,gfs,temp,20260902,20261001,"00Z,12Z",D1,3h,-5.141,5.142,5.756,0.836,474
107130,TICAPAMPA,LA LIBERTAD,SANCHEZ CARRION,eta5,temp,20260902,20261001,"00Z,12Z",D1,3h,-1.164,2.315,2.798,0.839,380
107130,TICAPAMPA,LA LIBERTAD,SANCHEZ CARRION,wrf5,temp,20260902,20261001,"00Z,12Z",D1,3h,-1.398,2.025,2.77,0.851,466
107130,TICAPAMPA,LA LIBERTAD,SANCHEZ CARRION,mpas15,temp,20260902,20261001,00Z,D1,3h,-4.639,4.655,5.133,0.882,237
4727319A,QUIRUVILCA,LA LIBERTAD,SANTIAGO DE CHUCO,ecmwf,temp,20260902,20261001,"00Z,12Z",D1,3h,-0.315,1.316,1.618,0.863,468
4727319A,QUIRUVILCA,LA LIBERTAD,SANTIAGO DE CHUCO,gfs,temp,20260902,20261001,"00Z,12Z",D1,3h,1.432,1.829,2.127,0.887,468
4727319A,QUIRUVILCA,LA LIBERTAD,SANTIAGO DE CHUCO,eta5,temp,20260902,20261001,"00Z,12Z",D1,3h,-0.805,1.376,1.728,0.886,373
4727319A,QUIRUVILCA,LA LIBERTAD,SANTIAGO DE CHUCO,wrf5,temp,20260902,20261001,"00Z,12Z",D1,3h,-0.388,1.248,1.645,0.857,460
4727319A,QUIRUVILCA,LA LIBERTAD,SANTIAGO DE CHUCO,mpas15,temp,20260902,20261001,00Z,D1,3h,0.239,1.246,1.54,0.893,234
211408,CONDORCERRO,LA LIBERTAD,VIRU,ecmwf,temp,20260902,20261001,"00Z,12Z",D1,3h,S/D,S/D,S/D,S/D,0
211408,CONDORCERRO,LA LIBERTAD,VIRU,gfs,temp,20260902,20261001,"00Z,12Z",D1,3h,S/D,S/D,S/D,S/D,0
211408,CONDORCERRO,LA LIBERTAD,VIRU,eta5,temp,20260902,20261001,"00Z,12Z",D1,3h,S/D,S/D,S/D,S/D,0
211408,CONDORCERRO,LA LIBERTAD,VIRU,wrf5,temp,20260902,20261001,"00Z,12Z",D1,3h,S/D,S/D,S/D,S/D,0
211408,CONDORCERRO,LA LIBERTAD,VIRU,mpas15,temp,20260902,20261001,00Z,D1,3h,S/D,S/D,S/D,S/D,0
47E2F720,TINAJONES,LAMBAYEQUE,CHICLAYO,ecmwf,temp,20260902,20261001,"00Z,12Z",D1,3h,-0.165,1.082,1.378,0.912,478
47E2F720,TINAJONES,LAMBAYEQUE,CHICLAYO,gfs,temp,20260902,20261001,"00Z,12Z",D1,3h,-0.021,1.034,1.349,0.913,478
47E2F720,TINAJONES,LAMBAYEQUE,CHICLAYO,eta5,temp,20260902,20261001,"00Z,12Z",D1,3h,3.327,3.395,4.118,0.92,383
47E2F720,TINAJONES,LAMBAYEQUE,CHICLAYO,wrf5,temp,20260902,20261001,"00Z,12Z",D1,3h,0.103,1.546,2.021,0.909,470
47E2F720,TINAJONES,LAMBAYEQUE,CHICLAYO,mpas15,temp,20260902,20261001,00Z,D1,3h,-1.204,1.661,1.88,0.889,239
106140,VISTA FLORIDA,LAMBAYEQUE,CHICLAYO,ecmwf,temp,20260902,20261001,"00Z,12Z",D1,3h,-0.285,1.046,1.289,0.921,480
106140,VISTA FLORIDA,LAMBAYEQUE,CHICLAYO,gfs,temp,20260902,20261001,"00Z,12Z",D1,3h,-0.877,1.261,1.505,0.915,480
106140,VISTA FLORIDA,LAMBAYEQUE,CHICLAYO,eta5,temp,20260902,20261001,"00Z,12Z",D1,3h,-0.485,1.332,1.624,0.877,384
106140,VISTA FLORIDA,LAMBAYEQUE,CHICLAYO,wrf5,temp,20260902,20261001,"00Z,12Z",D1,3h,-0.712,1.317,1.541,0.886,472
106140,VISTA FLORIDA,LAMBAYEQUE,CHICLAYO,mpas15,temp,20260902,20261001,00Z,D1,3h,-0.998,1.262,1.592,0.914,240
106138,PUCHACA,LAMBAYEQUE,FERREÑAFE,ecmwf,temp,20260902,20261001,"00Z,12Z",D1,3h,S/D,S/D,S/D,S/D,0
106138,PUCHACA,LAMBAYEQUE,FERREÑAFE,gfs,temp,20260902,20261001,"00Z,12Z",D1,3h,S/D,S/D,S/D,S/D,0
106138,PUCHACA,LAMBAYEQUE,FERREÑAFE,eta5,temp,20260902,20261001,"00Z,12Z",D1,3h,S/D,S/D,S/D,S/D,0
106138,PUCHACA,LAMBAYEQUE,FERREÑAFE,wrf5,temp,20260902,20261001,"00Z,12Z",D1,3h,S/D,S/D,S/D,S/D,0
106138,PUCHACA,LAMBAYEQUE,FERREÑAFE,mpas15,temp,20260902,20261001,00Z,D1,3h,S/D,S/D,S/D,S/D,0
4726F67E,PASABAR,LAMBAYEQUE,LAMBAYEQUE,ecmwf,temp,20260902,20261001,"00Z,12Z",D1,3h,-1.892,2.144,2.65,0.887,468
4726F67E,PASABAR,LAMBAYEQUE,LAMBAYEQUE,gfs,temp,20260902,20261001,"00Z,12Z",D1,3h,-2.077,2.365,2.735,0.9,468
4726F67E,PASABAR,LAMBAYEQUE,LAMBAYEQUE,eta5,temp,20260902,20261001,"00Z,12Z",D1,3h,1.117,2.053,2.663,0.923,374
4726F67E,PASABAR,LAMBAYEQUE,LAMBAYEQUE,wrf5,temp,20260902,20261001,"00Z,12Z",D1,3h,-0.885,1.931,2.298,0.899,461
4726F67E,PASABAR,LAMBAYEQUE,LAMBAYEQUE,mpas15,temp,20260902,20261001,00Z,D1,3h,-1.466,1.899,2.235,0.921,234
47201542,TONGORRAPE,LAMBAYEQUE,LAMBAYEQUE,ecmwf,temp,20260902,20261001,"00Z,12Z",D1,3h,-0.928,1.727,2.171,0.889,480
47201542,TONGORRAPE,LAMBAYEQUE,LAMBAYEQUE,gfs,temp,20260902,20261001,"00Z,12Z",D1,3h,-0.268,1.548,1.989,0.904,480
47201542,TONGORRAPE,LAMBAYEQUE,LAMBAYEQUE,eta5,temp,20260902,20261001,"00Z,12Z",D1,3h,0.609,1.762,2.309,0.894,384
47201542,TONGORRAPE,LAMBAYEQUE,LAMBAYEQUE,wrf5,temp,20260902,20261001,"00Z,12Z",D1,3h,-0.305,1.65,2.034,0.901,472
47201542,TONGORRAPE,LAMBAYEQUE,LAMBAYEQUE,mpas15,temp,20260902,20261001,00Z,D1,3h,-1.186,1.751,2.112,0.892,240
4725F170,HUAROS,LIMA,CANTA,ecmwf,temp,20260902,20261001,"00Z,12Z",D1,3h,-4.914,4.983,5.504,0.698,472
4725F170,HUAROS,LIMA,CANTA,gfs,temp,20260902,20261001,"00Z,12Z",D1,3h,-4.734,4.744,5.141,0.669,472
4725F170,HUAROS,LIMA,CANTA,eta5,temp,20260902,20261001,"00Z,12Z",D1,3h,-3.164,3.494,4.141,0.744,378
4725F170,HUAROS,LIMA,CANTA,wrf5,temp,20260902,20261001,"00Z,12Z",D1,3h,-1.463,1.836,2.229,0.799,464
4725F170,HUAROS,LIMA,CANTA,mpas15,temp,20260902,20261001,00Z,D1,3h,-4.955,4.975,5.335,0.775,236
113249,CAÑETE,LIMA,CAÑETE,ecmwf,temp,20260902,20261001,"00Z,12Z",D1,3h,-2.0,2.383,2.722,0.789,480
113249,CAÑETE,LIMA,CAÑETE,gfs,temp,20260902,20261001,"00Z,12Z",D1,3h,-1.894,2.248,2.585,0.753,480
113249,CAÑETE,LIMA,CAÑETE,eta5,temp,20260902,20261001,"00Z,12Z",D1,3h,-1.417,2.793,3.115,0.78,384
113249,CAÑETE,LIMA,CAÑETE,wrf5,temp,20260902,20261001,"00Z,12Z",D1,3h,-0.574,1.535,1.84,0.723,472
113249,CAÑETE,LIMA,CAÑETE,mpas15,temp,20260902,20261001,00Z,D1,3h,-1.689,2.022,2.555,0.347,240
212900,LA CAPILLA SENAMHI,LIMA,CAÑETE,ecmwf,temp,20260902,20261001,"00Z,12Z",D1,3h,S/D,S/D,S/D,S/D,0
212900,LA CAPILLA SENAMHI,LIMA,CAÑETE,gfs,temp,20260902,20261001,"00Z,12Z",D1,3h,S/D,S/D,S/D,S/D,0
212900,LA CAPILLA SENAMHI,LIMA,CAÑETE,eta5,temp,20260902,20261001,"00Z,12Z",D1,3h,S/D,S/D,S/D,S/D,0
212900,LA CAPILLA SENAMHI,LIMA,CAÑETE,wrf5,temp,20260902,20261001,"00Z,12Z",D1,3h,S/D,S/D,S/D,S/D,0
212900,LA CAPILLA SENAMHI,LIMA,CAÑETE,mpas15,temp,20260902,20261001,00Z,D1,3h,S/D,S/D,S/D,S/D,0
472191AC,SOCSI,LIMA,CAÑETE,ecmwf,temp,20260902,20261001,"00Z,12Z",D1,3h,S/D,S/D,S/D,S/D,0
472191AC,SOCSI,LIMA,CAÑETE,gfs,temp,20260902,20261001,"00Z,12Z",D1,3h,S/D,S/D,S/D,S/D,0
472191AC,SOCSI,LIMA,CAÑETE,eta5,temp,20260902,20261001,"00Z,12Z",D1,3h,S/D,S/D,S/D,S/D,0
472191AC,SOCSI,LIMA,CAÑETE,wrf5,temp,20260902,20261001,"00Z,12Z",D1,3h,S/D,S/D,S/D,S/D,0
472191AC,SOCSI,LIMA,CAÑETE,mpas15,temp,20260902,20261001,00Z,D1,3h,S/D,S/D,S/D,S/D,0
47E323B2,CARAC,LIMA,HUARAL,ecmwf,temp,20260902,20261001,"00Z,12Z",D1,3h,-2.742,2.831,3.524,0.891,250
47E323B2,CARAC,LIMA,HUARAL,gfs,temp,20260902,20261001,"00Z,12Z",D1,3h,-3.229,3.332,4.308,0.808,250
47E323B2,CARAC,LIMA,HUARAL,eta5,temp,20260902,20261001,"00Z,12Z",D1,3h,-1.784,2.06,2.567,0.843,183
47E323B2,CARAC,LIMA,HUARAL,wrf5,temp,20260902,20261001,"00Z,12Z",D1,3h,-1.626,2.555,3.375,0.779,250
47E323B2,CARAC,LIMA,HUARAL,mpas15,temp,20260902,20261001,00Z,D1,3h,-5.857,5.857,6.404,0.858,125
47E2323E,CUCHUANCA,LIMA,HUARAL,ecmwf,temp,20260902,20261001,"00Z,12Z",D1,3h,S/D,S/D,S/D,S/D,0
47E2323E,CUCHUANCA,LIMA,HUARAL,gfs,temp,20260902,20261001,"00Z,12Z",D1,3h,S/D,S/D,S/D,S/D,0
47E2323E,CUCHUANCA,LIMA,HUARAL,eta5,temp,20260902,20261001,"00Z,12Z",D1,3h,S/D,S/D,S/D,S/D,0
47E2323E,CUCHUANCA,LIMA,HUARAL,wrf5,temp,20260902,20261001,"00Z,12Z",D1,3h,S/D,S/D,S/D,S/D,0
47E2323E,CUCHUANCA,LIMA,HUARAL,mpas15,temp,20260902,20261001,00Z,D1,3h,S/D,S/D,S/D,S/D,0
47E330C4,SANTA CRUZ,LIMA,HUARAL,ecmwf,temp,20260902,20261001,"00Z,12Z",D1,3h,1.164,2.358,2.778,0.797,476
47E330C4,SANTA CRUZ,LIMA,HUARAL,gfs,temp,20260902,20261001,"00Z,12Z",D1,3h,0.534,0.932,1.16,0.829,476
47E330C4,SANTA CRUZ,LIMA,HUARAL,eta5,temp,20260902,20261001,"00Z,12Z",D1,3h,0.334,2.353,2.744,0.765,381
47E330C4,SANTA CRUZ,LIMA,HUARAL,wrf5,temp,20260902,20261001,"00Z,12Z",D1,3h,-1.243,1.502,1.778,0.815,468
47E330C4,SANTA CRUZ,LIMA,HUARAL,mpas15,temp,20260902,20261001,00Z,D1,3h,-5.254,5.254,5.598,0.769,238
47E214D2,SANTO DOMINGO,LIMA,HUARAL,ecmwf,temp,20260902,20261001,"00Z,12Z",D1,3h,-0.747,2.113,2.595,0.51,476
47E214D2,SANTO DOMINGO,LIMA,HUARAL,gfs,temp,20260902,20261001,"00Z,12Z",D1,3h,-0.814,2.003,2.458,0.57,476
47E214D2,SANTO DOMINGO,LIMA,HUARAL,eta5,temp,20260902,20261001,"00Z,12Z",D1,3h,2.683,3.031,3.854,0.722,381
47E214D2,SANTO DOMINGO,LIMA,HUARAL,wrf5,temp,20260902,20261001,"00Z,12Z",D1,3h,-0.109,1.722,2.1,0.709,468
47E214D2,SANTO DOMINGO,LIMA,HUARAL,mpas15,temp,20260902,20261001,00Z,D1,3h,-1.268,2.147,2.527,0.66,238
47E257D8,VICHAYCOCHA,LIMA,HUARAL,ecmwf,temp,20260902,20261001,"00Z,12Z",D1,3h,S/D,S/D,S/D,S/D,0
47E257D8,VICHAYCOCHA,LIMA,HUARAL,gfs,temp,20260902,20261001,"00Z,12Z",D1,3h,S/D,S/D,S/D,S/D,0
47E257D8,VICHAYCOCHA,LIMA,HUARAL,eta5,temp,20260902,20261001,"00Z,12Z",D1,3h,S/D,S/D,S/D,S/D,0
47E257D8,VICHAYCOCHA,LIMA,HUARAL,wrf5,temp,20260902,20261001,"00Z,12Z",D1,3h,S/D,S/D,S/D,S/D,0
47E257D8,VICHAYCOCHA,LIMA,HUARAL,mpas15,temp,20260902,20261001,00Z,D1,3h,S/D,S/D,S/D,S/D,0
472CE45A,MATUCANA,LIMA,HUAROCHIRI,ecmwf,temp,20260902,20261001,"00Z,12Z",D1,3h,-9.989,9.989,10.225,0.8,480
472CE45A,MATUCANA,LIMA,HUAROCHIRI,gfs,temp,20260902,20261001,"00Z,12Z",D1,3h,-7.124,7.124,7.574,0.8,480
472CE45A,MATUCANA,LIMA,HUAROCHIRI,eta5,temp,20260902,20261001,"00Z,12Z",D1,3h,-6.117,6.117,6.346,0.87,384
472CE45A,MATUCANA,LIMA,HUAROCHIRI,wrf5,temp,20260902,20261001,"00Z,12Z",D1,3h,-1.818,2.58,3.139,0.753,472
472CE45A,MATUCANA,LIMA,HUAROCHIRI,mpas15,temp,20260902,20261001,00Z,D1,3h,-12.033,12.033,12.208,0.873,240
212700,PUENTE ANTAPUCRO,LIMA,HUAROCHIRI,ecmwf,temp,20260902,20261001,"00Z,12Z",D1,3h,S/D,S/D,S/D,S/D,0
212700,PUENTE ANTAPUCRO,LIMA,HUAROCHIRI,gfs,temp,20260902,20261001,"00Z,12Z",D1,3h,S/D,S/D,S/D,S/D,0
212700,PUENTE ANTAPUCRO,LIMA,HUAROCHIRI,eta5,temp,20260902,20261001,"00Z,12Z",D1,3h,S/D,S/D,S/D,S/D,0
212700,PUENTE ANTAPUCRO,LIMA,HUAROCHIRI,wrf5,temp,20260902,20261001,"00Z,12Z",D1,3h,S/D,S/D,S/D,S/D,0
212700,PUENTE ANTAPUCRO,LIMA,HUAROCHIRI,mpas15,temp,20260902,20261001,00Z,D1,3h,S/D,S/D,S/D,S/D,0
212605,SAN MATEO ,LIMA,HUAROCHIRI,ecmwf,temp,20260902,20261001,"00Z,12Z",D1,3h,S/D,S/D,S/D,S/D,0
212605,SAN MATEO ,LIMA,HUAROCHIRI,gfs,temp,20260902,20261001,"00Z,12Z",D1,3h,S/D,S/D,S/D,S/D,0
212605,SAN MATEO ,LIMA,HUAROCHIRI,eta5,temp,20260902,20261001,"00Z,12Z",D1,3h,S/D,S/D,S/D,S/D,0
212605,SAN MATEO ,LIMA,HUAROCHIRI,wrf5,temp,20260902,20261001,"00Z,12Z",D1,3h,S/D,S/D,S/D,S/D,0
212605,SAN MATEO ,LIMA,HUAROCHIRI,mpas15,temp,20260902,20261001,00Z,D1,3h,S/D,S/D,S/D,S/D,0
472EC742,SAN MATEO DE OTAO,LIMA,HUAROCHIRI,ecmwf,temp,20260902,20261001,"00Z,12Z",D1,3h,-3.773,3.803,4.229,0.778,480
472EC742,SAN MATEO DE OTAO,LIMA,HUAROCHIRI,gfs,temp,20260902,20261001,"00Z,12Z",D1,3h,-0.907,1.397,1.893,0.817,480
472EC742,SAN MATEO DE OTAO,LIMA,HUAROCHIRI,eta5,temp,20260902,20261001,"00Z,12Z",D1,3h,2.489,2.554,2.982,0.81,384
472EC742,SAN MATEO DE OTAO,LIMA,HUAROCHIRI,wrf5,temp,20260902,20261001,"00Z,12Z",D1,3h,3.146,3.34,3.825,0.736,472
472EC742,SAN MATEO DE OTAO,LIMA,HUAROCHIRI,mpas15,temp,20260902,20261001,00Z,D1,3h,4.998,4.998,5.329,0.817,240
472E24B0,SANTA EULALIA,LIMA,HUAROCHIRI,ecmwf,temp,20260902,20261001,"00Z,12Z",D1,3h,S/D,S/D,S/D,S/D,0
472E24B0,SANTA EULALIA,LIMA,HUAROCHIRI,gfs,temp,20260902,20261001,"00Z,12Z",D1,3h,S/D,S/D,S/D,S/D,0
472E24B0,SANTA EULALIA,LIMA,HUAROCHIRI,eta5,temp,20260902,20261001,"00Z,12Z",D1,3h,S/D,S/D,S/D,S/D,0
472E24B0,SANTA EULALIA,LIMA,HUAROCHIRI,wrf5,temp,20260902,20261001,"00Z,12Z",D1,3h,S/D,S/D,S/D,S/D,0
472E24B0,SANTA EULALIA,LIMA,HUAROCHIRI,mpas15,temp,20260902,20261001,00Z,D1,3h,S/D,S/D,S/D,S/D,0
472CA750,SANTIAGO DE TUNA,LIMA,HUAROCHIRI,ecmwf,temp,20260902,20261001,"00Z,12Z",D1,3h,0.753,1.609,1.958,0.868,480
472CA750,SANTIAGO DE TUNA,LIMA,HUAROCHIRI,gfs,temp,20260902,20261001,"00Z,12Z",D1,3h,0.581,2.112,2.408,0.855,480
472CA750,SANTIAGO DE TUNA,LIMA,HUAROCHIRI,eta5,temp,20260902,20261001,"00Z,12Z",D1,3h,-3.423,3.485,3.906,0.821,384
472CA750,SANTIAGO DE TUNA,LIMA,HUAROCHIRI,wrf5,temp,20260902,20261001,"00Z,12Z",D1,3h,-0.43,2.552,2.825,0.788,472
472CA750,SANTIAGO DE TUNA,LIMA,HUAROCHIRI,mpas15,temp,20260902,20261001,00Z,D1,3h,-1.165,2.067,2.57,0.859,240
4724966C,SAYAN,LIMA,HUAURA,ecmwf,temp,20260902,20261001,"00Z,12Z",D1,3h,-1.097,1.589,1.973,0.869,474
4724966C,SAYAN,LIMA,HUAURA,gfs,temp,20260902,20261001,"00Z,12Z",D1,3h,-0.843,1.38,1.719,0.869,474
4724966C,SAYAN,LIMA,HUAURA,eta5,temp,20260902,20261001,"00Z,12Z",D1,3h,1.38,1.954,2.51,0.801,380
4724966C,SAYAN,LIMA,HUAURA,wrf5,temp,20260902,20261001,"00Z,12Z",D1,3h,-0.123,1.495,1.843,0.845,466
4724966C,SAYAN,LIMA,HUAURA,mpas15,temp,20260902,20261001,00Z,D1,3h,-3.22,3.449,4.07,0.725,237
212500,AGUA AZUL BOCATOMA,LIMA,LIMA,ecmwf,temp,20260902,20261001,"00Z,12Z",D1,3h,S/D,S/D,S/D,S/D,0
212500,AGUA AZUL BOCATOMA,LIMA,LIMA,gfs,temp,20260902,20261001,"00Z,12Z",D1,3h,S/D,S/D,S/D,S/D,0
212500,AGUA AZUL BOCATOMA,LIMA,LIMA,eta5,temp,20260902,20261001,"00Z,12Z",D1,3h,S/D,S/D,S/D,S/D,0
212500,AGUA AZUL BOCATOMA,LIMA,LIMA,wrf5,temp,20260902,20261001,"00Z,12Z",D1,3h,S/D,S/D,S/D,S/D,0
212500,AGUA AZUL BOCATOMA,LIMA,LIMA,mpas15,temp,20260902,20261001,00Z,D1,3h,S/D,S/D,S/D,S/D,0
472A218A,ANTONIO RAYMONDI,LIMA,LIMA,ecmwf,temp,20260902,20261001,"00Z,12Z",D1,3h,-2.231,2.342,2.986,0.141,478
472A218A,ANTONIO RAYMONDI,LIMA,LIMA,gfs,temp,20260902,20261001,"00Z,12Z",D1,3h,-3.704,3.705,4.008,0.768,478
472A218A,ANTONIO RAYMONDI,LIMA,LIMA,eta5,temp,20260902,20261001,"00Z,12Z",D1,3h,-3.267,3.302,3.631,0.817,382
472A218A,ANTONIO RAYMONDI,LIMA,LIMA,wrf5,temp,20260902,20261001,"00Z,12Z",D1,3h,-1.547,1.683,1.973,0.805,470
472A218A,ANTONIO RAYMONDI,LIMA,LIMA,mpas15,temp,20260902,20261001,00Z,D1,3h,-2.671,2.698,2.913,0.788,239
112181,CAMPO DE MARTE,LIMA,LIMA,ecmwf,temp,20260902,20261001,"00Z,12Z",D1,3h,-1.011,1.472,1.7,0.885,468
112181,CAMPO DE MARTE,LIMA,LIMA,gfs,temp,20260902,20261001,"00Z,12Z",D1,3h,-2.163,2.166,2.34,0.874,468
112181,CAMPO DE MARTE,LIMA,LIMA,eta5,temp,20260902,20261001,"00Z,12Z",D1,3h,-2.392,2.549,2.88,0.841,378
112181,CAMPO DE MARTE,LIMA,LIMA,wrf5,temp,20260902,20261001,"00Z,12Z",D1,3h,-0.352,0.869,1.085,0.806,460
112181,CAMPO DE MARTE,LIMA,LIMA,mpas15,temp,20260902,20261001,00Z,D1,3h,-1.667,1.736,2.168,0.706,234
111286,CARABAYLLO,LIMA,LIMA,ecmwf,temp,20260902,20261001,"00Z,12Z",D1,3h,-1.702,1.905,2.123,0.894,476
111286,CARABAYLLO,LIMA,LIMA,gfs,temp,20260902,20261001,"00Z,12Z",D1,3h,-2.869,2.869,3.075,0.901,476
111286,CARABAYLLO,LIMA,LIMA,eta5,temp,20260902,20261001,"00Z,12Z",D1,3h,-2.967,3.194,3.626,0.887,382
111286,CARABAYLLO,LIMA,LIMA,wrf5,temp,20260902,20261001,"00Z,12Z",D1,3h,-1.559,1.797,2.036,0.881,468
111286,CARABAYLLO,LIMA,LIMA,mpas15,temp,20260902,20261001,00Z,D1,3h,-1.903,1.971,2.277,0.869,238
112278,CERES,LIMA,LIMA,ecmwf,temp,20260902,20261001,"00Z,12Z",D1,3h,-0.783,1.294,1.481,0.895,396
112278,CERES,LIMA,LIMA,gfs,temp,20260902,20261001,"00Z,12Z",D1,3h,-1.94,1.943,2.17,0.895,396
112278,CERES,LIMA,LIMA,eta5,temp,20260902,20261001,"00Z,12Z",D1,3h,-2.484,2.821,3.263,0.871,342
112278,CERES,LIMA,LIMA,wrf5,temp,20260902,20261001,"00Z,12Z",D1,3h,-0.14,0.989,1.252,0.857,388
112278,CERES,LIMA,LIMA,mpas15,temp,20260902,20261001,00Z,D1,3h,-1.24,1.36,1.584,0.887,198
47278214,CHOSICA,LIMA,LIMA,ecmwf,temp,20260902,20261001,"00Z,12Z",D1,3h,0.363,0.497,0.547,0.894,4
47278214,CHOSICA,LIMA,LIMA,gfs,temp,20260902,20261001,"00Z,12Z",D1,3h,1.252,1.252,1.269,0.894,4
47278214,CHOSICA,LIMA,LIMA,eta5,temp,20260902,20261001,"00Z,12Z",D1,3h,2.682,2.682,3.723,0.866,3
47278214,CHOSICA,LIMA,LIMA,wrf5,temp,20260902,20261001,"00Z,12Z",D1,3h,3.618,3.618,3.688,0.894,4
47278214,CHOSICA,LIMA,LIMA,mpas15,temp,20260902,20261001,00Z,D1,3h,-1.888,1.888,2.032,1.0,2
112281,LAS PALMAS,LIMA,LIMA,ecmwf,temp,20260902,20261001,"00Z,12Z",D1,3h,-1.886,1.911,2.405,0.623,480
112281,LAS PALMAS,LIMA,LIMA,gfs,temp,20260902,20261001,"00Z,12Z",D1,3h,-3.345,3.345,3.662,0.724,480
112281,LAS PALMAS,LIMA,LIMA,eta5,temp,20260902,20261001,"00Z,12Z",D1,3h,-2.435,2.511,2.788,0.831,384
112281,LAS PALMAS,LIMA,LIMA,wrf5,temp,20260902,20261001,"00Z,12Z",D1,3h,-0.321,0.896,1.169,0.764,472
112281,LAS PALMAS,LIMA,LIMA,mpas15,temp,20260902,20261001,00Z,D1,3h,-2.206,2.311,3.176,-0.354,240
112193,SAN BORJA,LIMA,LIMA,ecmwf,temp,20260902,20261001,"00Z,12Z",D1,3h,-1.292,1.689,1.926,0.89,464
112193,SAN BORJA,LIMA,LIMA,gfs,temp,20260902,20261001,"00Z,12Z",D1,3h,-2.426,2.43,2.562,0.892,464
112193,SAN BORJA,LIMA,LIMA,eta5,temp,20260902,20261001,"00Z,12Z",D1,3h,-3.119,3.183,3.537,0.853,371
112193,SAN BORJA,LIMA,LIMA,wrf5,temp,20260902,20261001,"00Z,12Z",D1,3h,-0.384,0.892,1.101,0.778,458
112193,SAN BORJA,LIMA,LIMA,mpas15,temp,20260902,20261001,00Z,D1,3h,-1.897,1.928,2.316,0.711,232
112267,SAN JUAN DE LURIGANCHO,LIMA,LIMA,ecmwf,temp,20260902,20261001,"00Z,12Z",D1,3h,-0.982,1.533,1.733,0.885,392
112267,SAN JUAN DE LURIGANCHO,LIMA,LIMA,gfs,temp,20260902,20261001,"00Z,12Z",D1,3h,-2.107,2.116,2.297,0.897,392
112267,SAN JUAN DE LURIGANCHO,LIMA,LIMA,eta5,temp,20260902,20261001,"00Z,12Z",D1,3h,-2.824,3.063,3.515,0.863,313
112267,SAN JUAN DE LURIGANCHO,LIMA,LIMA,wrf5,temp,20260902,20261001,"00Z,12Z",D1,3h,-1.522,1.82,2.044,0.828,384
112267,SAN JUAN DE LURIGANCHO,LIMA,LIMA,mpas15,temp,20260902,20261001,00Z,D1,3h,-1.674,1.72,2.225,0.779,196
112265,SAN MARTIN DE PORRES,LIMA,LIMA,ecmwf,temp,20260902,20261001,"00Z,12Z",D1,3h,-1.921,2.21,2.544,0.894,412
112265,SAN MARTIN DE PORRES,LIMA,LIMA,gfs,temp,20260902,20261001,"00Z,12Z",D1,3h,-3.056,3.056,3.177,0.888,412
112265,SAN MARTIN DE PORRES,LIMA,LIMA,eta5,temp,20260902,20261001,"00Z,12Z",D1,3h,-3.159,3.168,3.525,0.844,325
112265,SAN MARTIN DE PORRES,LIMA,LIMA,wrf5,temp,20260902,20261001,"00Z,12Z",D1,3h,-0.818,1.074,1.27,0.797,405
112265,SAN MARTIN DE PORRES,LIMA,LIMA,mpas15,temp,20260902,20261001,00Z,D1,3h,-2.573,2.573,2.761,0.723,206
112208,SANTA ANITA,LIMA,LIMA,ecmwf,temp,20260902,20261001,"00Z,12Z",D1,3h,-0.312,1.256,1.493,0.883,478
112208,SANTA ANITA,LIMA,LIMA,gfs,temp,20260902,20261001,"00Z,12Z",D1,3h,-1.473,1.512,1.697,0.895,478
112208,SANTA ANITA,LIMA,LIMA,eta5,temp,20260902,20261001,"00Z,12Z",D1,3h,-2.01,2.631,3.061,0.857,383
112208,SANTA ANITA,LIMA,LIMA,wrf5,temp,20260902,20261001,"00Z,12Z",D1,3h,0.075,0.905,1.186,0.831,470
112208,SANTA ANITA,LIMA,LIMA,mpas15,temp,20260902,20261001,00Z,D1,3h,-0.966,1.184,1.685,0.753,239
472AC278,VON HUMBOLDT,LIMA,LIMA,ecmwf,temp,20260902,20261001,"00Z,12Z",D1,3h,-0.479,1.153,1.351,0.887,444
472AC278,VON HUMBOLDT,LIMA,LIMA,gfs,temp,20260902,20261001,"00Z,12Z",D1,3h,-1.623,1.714,2.025,0.874,444
472AC278,VON HUMBOLDT,LIMA,LIMA,eta5,temp,20260902,20261001,"00Z,12Z",D1,3h,-2.472,2.67,3.108,0.867,355
472AC278,VON HUMBOLDT,LIMA,LIMA,wrf5,temp,20260902,20261001,"00Z,12Z",D1,3h,-0.168,1.019,1.292,0.842,436
472AC278,VON HUMBOLDT,LIMA,LIMA,mpas15,temp,20260902,20261001,00Z,D1,3h,-0.936,1.236,1.503,0.871,222
111290,ÑAÑA,LIMA,LIMA,ecmwf,temp,20260902,20261001,"00Z,12Z",D1,3h,-0.112,1.394,1.715,0.757,480
111290,ÑAÑA,LIMA,LIMA,gfs,temp,20260902,20261001,"00Z,12Z",D1,3h,-0.267,1.473,1.817,0.737,480
111290,ÑAÑA,LIMA,LIMA,eta5,temp,20260902,20261001,"00Z,12Z",D1,3h,0.818,2.372,2.918,0.764,384
111290,ÑAÑA,LIMA,LIMA,wrf5,temp,20260902,20261001,"00Z,12Z",D1,3h,-1.0,1.61,1.908,0.851,472
111290,ÑAÑA,LIMA,LIMA,mpas15,temp,20260902,20261001,00Z,D1,3h,0.318,0.822,1.083,0.901,240
110139,PICOY,LIMA,OYON,ecmwf,temp,20260902,20261001,"00Z,12Z",D1,3h,S/D,S/D,S/D,S/D,0
110139,PICOY,LIMA,OYON,gfs,temp,20260902,20261001,"00Z,12Z",D1,3h,S/D,S/D,S/D,S/D,0
110139,PICOY,LIMA,OYON,eta5,temp,20260902,20261001,"00Z,12Z",D1,3h,S/D,S/D,S/D,S/D,0
110139,PICOY,LIMA,OYON,wrf5,temp,20260902,20261001,"00Z,12Z",D1,3h,S/D,S/D,S/D,S/D,0
110139,PICOY,LIMA,OYON,mpas15,temp,20260902,20261001,00Z,D1,3h,S/D,S/D,S/D,S/D,0
472364DC,CARANIA,LIMA,YAUYOS,ecmwf,temp,20260902,20261001,"00Z,12Z",D1,3h,S/D,S/D,S/D,S/D,0
472364DC,CARANIA,LIMA,YAUYOS,gfs,temp,20260902,20261001,"00Z,12Z",D1,3h,S/D,S/D,S/D,S/D,0
472364DC,CARANIA,LIMA,YAUYOS,eta5,temp,20260902,20261001,"00Z,12Z",D1,3h,S/D,S/D,S/D,S/D,0
472364DC,CARANIA,LIMA,YAUYOS,wrf5,temp,20260902,20261001,"00Z,12Z",D1,3h,S/D,S/D,S/D,S/D,0
472364DC,CARANIA,LIMA,YAUYOS,mpas15,temp,20260902,20261001,00Z,D1,3h,S/D,S/D,S/D,S/D,0
104112,SAN REGIS,LORETO,LORETO,ecmwf,temp,20260902,20261001,"00Z,12Z",D1,3h,-0.028,1.307,1.814,0.857,378
104112,SAN REGIS,LORETO,LORETO,gfs,temp,20260902,20261001,"00Z,12Z",D1,3h,0.716,2.26,3.033,0.799,378
104112,SAN REGIS,LORETO,LORETO,eta5,temp,20260902,20261001,"00Z,12Z",D1,3h,2.778,2.964,3.79,0.801,307
104112,SAN REGIS,LORETO,LORETO,wrf5,temp,20260902,20261001,"00Z,12Z",D1,3h,1.414,2.049,2.648,0.832,371
104112,SAN REGIS,LORETO,LORETO,mpas15,temp,20260902,20261001,00Z,D1,3h,-0.033,1.379,1.875,0.849,189
4727547C,CABALLOCOCHA,LORETO,MARISCAL RAMON CASTILLA,ecmwf,temp,20260902,20261001,"00Z,12Z",D1,3h,-0.623,1.385,1.938,0.823,476
4727547C,CABALLOCOCHA,LORETO,MARISCAL RAMON CASTILLA,gfs,temp,20260902,20261001,"00Z,12Z",D1,3h,0.139,2.281,2.959,0.789,476
4727547C,CABALLOCOCHA,LORETO,MARISCAL RAMON CASTILLA,eta5,temp,20260902,20261001,"00Z,12Z",D1,3h,2.011,2.547,3.486,0.752,380
4727547C,CABALLOCOCHA,LORETO,MARISCAL RAMON CASTILLA,wrf5,temp,20260902,20261001,"00Z,12Z",D1,3h,1.127,2.067,2.732,0.798,468
4727547C,CABALLOCOCHA,LORETO,MARISCAL RAMON CASTILLA,mpas15,temp,20260902,20261001,00Z,D1,3h,-0.493,1.459,1.915,0.798,238
47288486,PEBAS,LORETO,MARISCAL RAMON CASTILLA,ecmwf,temp,20260902,20261001,"00Z,12Z",D1,3h,S/D,S/D,S/D,S/D,0
47288486,PEBAS,LORETO,MARISCAL RAMON CASTILLA,gfs,temp,20260902,20261001,"00Z,12Z",D1,3h,S/D,S/D,S/D,S/D,0
47288486,PEBAS,LORETO,MARISCAL RAMON CASTILLA,eta5,temp,20260902,20261001,"00Z,12Z",D1,3h,S/D,S/D,S/D,S/D,0
47288486,PEBAS,LORETO,MARISCAL RAMON CASTILLA,wrf5,temp,20260902,20261001,"00Z,12Z",D1,3h,S/D,S/D,S/D,S/D,0
47288486,PEBAS,LORETO,MARISCAL RAMON CASTILLA,mpas15,temp,20260902,20261001,00Z,D1,3h,S/D,S/D,S/D,S/D,0
103065,AMAZONAS,LORETO,MAYNAS,ecmwf,temp,20260902,20261001,"00Z,12Z",D1,3h,0.044,1.509,2.037,0.827,472
103065,AMAZONAS,LORETO,MAYNAS,gfs,temp,20260902,20261001,"00Z,12Z",D1,3h,0.441,2.404,3.233,0.767,472
103065,AMAZONAS,LORETO,MAYNAS,eta5,temp,20260902,20261001,"00Z,12Z",D1,3h,2.964,3.229,4.039,0.763,377
103065,AMAZONAS,LORETO,MAYNAS,wrf5,temp,20260902,20261001,"00Z,12Z",D1,3h,1.369,2.175,2.807,0.808,464
103065,AMAZONAS,LORETO,MAYNAS,mpas15,temp,20260902,20261001,00Z,D1,3h,-0.964,2.285,3.061,0.721,236
47252718,ENAPU PERU,LORETO,MAYNAS,ecmwf,temp,20260902,20261001,"00Z,12Z",D1,3h,-0.75,1.414,1.895,0.798,472
47252718,ENAPU PERU,LORETO,MAYNAS,gfs,temp,20260902,20261001,"00Z,12Z",D1,3h,-0.356,2.867,3.471,0.748,472
47252718,ENAPU PERU,LORETO,MAYNAS,eta5,temp,20260902,20261001,"00Z,12Z",D1,3h,2.146,2.907,3.722,0.706,379
47252718,ENAPU PERU,LORETO,MAYNAS,wrf5,temp,20260902,20261001,"00Z,12Z",D1,3h,0.455,2.188,2.754,0.76,464
47252718,ENAPU PERU,LORETO,MAYNAS,mpas15,temp,20260902,20261001,00Z,D1,3h,-1.563,1.996,2.605,0.737,236
47287402,CONTAMANA,LORETO,UCAYALI,ecmwf,temp,20260902,20261001,"00Z,12Z",D1,3h,-1.738,2.099,2.57,0.893,472
47287402,CONTAMANA,LORETO,UCAYALI,gfs,temp,20260902,20261001,"00Z,12Z",D1,3h,-0.747,2.464,3.082,0.848,472
47287402,CONTAMANA,LORETO,UCAYALI,eta5,temp,20260902,20261001,"00Z,12Z",D1,3h,1.341,2.122,2.949,0.788,379
47287402,CONTAMANA,LORETO,UCAYALI,wrf5,temp,20260902,20261001,"00Z,12Z",D1,3h,0.215,1.814,2.483,0.835,464
47287402,CONTAMANA,LORETO,UCAYALI,mpas15,temp,20260902,20261001,00Z,D1,3h,-1.916,2.192,2.6,0.901,236
47E8201A,SALVACION,MADRE DE DIOS,MANU,ecmwf,temp,20260902,20261001,"00Z,12Z",D1,3h,-0.775,1.849,2.383,0.798,480
47E8201A,SALVACION,MADRE DE DIOS,MANU,gfs,temp,20260902,20261001,"00Z,12Z",D1,3h,0.285,2.836,3.578,0.689,480
47E8201A,SALVACION,MADRE DE DIOS,MANU,eta5,temp,20260902,20261001,"00Z,12Z",D1,3h,0.409,1.796,2.335,0.811,384
47E8201A,SALVACION,MADRE DE DIOS,MANU,wrf5,temp,20260902,20261001,"00Z,12Z",D1,3h,1.842,2.322,2.935,0.815,472
47E8201A,SALVACION,MADRE DE DIOS,MANU,mpas15,temp,20260902,20261001,00Z,D1,3h,-1.834,2.536,3.303,0.73,240
472587E0,IÑAPARI,MADRE DE DIOS,TAHUAMANU,ecmwf,temp,20260902,20261001,"00Z,12Z",D1,3h,0.002,1.463,2.061,0.915,472
472587E0,IÑAPARI,MADRE DE DIOS,TAHUAMANU,gfs,temp,20260902,20261001,"00Z,12Z",D1,3h,1.549,2.208,3.079,0.87,472
472587E0,IÑAPARI,MADRE DE DIOS,TAHUAMANU,eta5,temp,20260902,20261001,"00Z,12Z",D1,3h,3.143,3.262,3.984,0.852,377
472587E0,IÑAPARI,MADRE DE DIOS,TAHUAMANU,wrf5,temp,20260902,20261001,"00Z,12Z",D1,3h,1.821,2.246,3.084,0.872,464
472587E0,IÑAPARI,MADRE DE DIOS,TAHUAMANU,mpas15,temp,20260902,20261001,00Z,D1,3h,-0.658,1.745,2.354,0.915,236
260403,CACHUELA,MADRE DE DIOS,TAMBOPATA,ecmwf,temp,20260902,20261001,"00Z,12Z",D1,3h,-0.078,1.175,1.552,0.933,480
260403,CACHUELA,MADRE DE DIOS,TAMBOPATA,gfs,temp,20260902,20261001,"00Z,12Z",D1,3h,1.973,2.903,3.587,0.829,480
260403,CACHUELA,MADRE DE DIOS,TAMBOPATA,eta5,temp,20260902,20261001,"00Z,12Z",D1,3h,3.477,3.715,4.336,0.846,384
260403,CACHUELA,MADRE DE DIOS,TAMBOPATA,wrf5,temp,20260902,20261001,"00Z,12Z",D1,3h,1.748,2.345,2.948,0.873,472
260403,CACHUELA,MADRE DE DIOS,TAMBOPATA,mpas15,temp,20260902,20261001,00Z,D1,3h,-0.73,1.295,1.798,0.935,240
47E8336C,MALINOWSKY,MADRE DE DIOS,TAMBOPATA,ecmwf,temp,20260902,20261001,"00Z,12Z",D1,3h,-0.063,1.582,2.06,0.886,480
47E8336C,MALINOWSKY,MADRE DE DIOS,TAMBOPATA,gfs,temp,20260902,20261001,"00Z,12Z",D1,3h,1.749,2.849,3.651,0.761,480
47E8336C,MALINOWSKY,MADRE DE DIOS,TAMBOPATA,eta5,temp,20260902,20261001,"00Z,12Z",D1,3h,3.458,3.548,4.111,0.858,384
47E8336C,MALINOWSKY,MADRE DE DIOS,TAMBOPATA,wrf5,temp,20260902,20261001,"00Z,12Z",D1,3h,1.617,2.239,2.858,0.85,472
47E8336C,MALINOWSKY,MADRE DE DIOS,TAMBOPATA,mpas15,temp,20260902,20261001,00Z,D1,3h,-0.795,1.824,2.294,0.891,240
260402,PUENTE HERRERA,MADRE DE DIOS,TAMBOPATA,ecmwf,temp,20260902,20261001,"00Z,12Z",D1,3h,S/D,S/D,S/D,S/D,0
260402,PUENTE HERRERA,MADRE DE DIOS,TAMBOPATA,gfs,temp,20260902,20261001,"00Z,12Z",D1,3h,S/D,S/D,S/D,S/D,0
260402,PUENTE HERRERA,MADRE DE DIOS,TAMBOPATA,eta5,temp,20260902,20261001,"00Z,12Z",D1,3h,S/D,S/D,S/D,S/D,0
260402,PUENTE HERRERA,MADRE DE DIOS,TAMBOPATA,wrf5,temp,20260902,20261001,"00Z,12Z",D1,3h,S/D,S/D,S/D,S/D,0
260402,PUENTE HERRERA,MADRE DE DIOS,TAMBOPATA,mpas15,temp,20260902,20261001,00Z,D1,3h,S/D,S/D,S/D,S/D,0
112279,PUERTO MALDONADO,MADRE DE DIOS,TAMBOPATA,ecmwf,temp,20260902,20261001,"00Z,12Z",D1,3h,-0.832,1.509,1.959,0.924,480
112279,PUERTO MALDONADO,MADRE DE DIOS,TAMBOPATA,gfs,temp,20260902,20261001,"00Z,12Z",D1,3h,1.219,2.686,3.36,0.829,480
112279,PUERTO MALDONADO,MADRE DE DIOS,TAMBOPATA,eta5,temp,20260902,20261001,"00Z,12Z",D1,3h,2.767,3.183,3.853,0.838,384
112279,PUERTO MALDONADO,MADRE DE DIOS,TAMBOPATA,wrf5,temp,20260902,20261001,"00Z,12Z",D1,3h,1.113,2.151,2.752,0.865,472
112279,PUERTO MALDONADO,MADRE DE DIOS,TAMBOPATA,mpas15,temp,20260902,20261001,00Z,D1,3h,-1.485,1.782,2.288,0.928,240
260002,TAMBOPATA,MADRE DE DIOS,TAMBOPATA,ecmwf,temp,20260902,20261001,"00Z,12Z",D1,3h,S/D,S/D,S/D,S/D,0
260002,TAMBOPATA,MADRE DE DIOS,TAMBOPATA,gfs,temp,20260902,20261001,"00Z,12Z",D1,3h,S/D,S/D,S/D,S/D,0
260002,TAMBOPATA,MADRE DE DIOS,TAMBOPATA,eta5,temp,20260902,20261001,"00Z,12Z",D1,3h,S/D,S/D,S/D,S/D,0
260002,TAMBOPATA,MADRE DE DIOS,TAMBOPATA,wrf5,temp,20260902,20261001,"00Z,12Z",D1,3h,S/D,S/D,S/D,S/D,0
260002,TAMBOPATA,MADRE DE DIOS,TAMBOPATA,mpas15,temp,20260902,20261001,00Z,D1,3h,S/D,S/D,S/D,S/D,0
4723F1BE,MOQUEGUA,MOQUEGUA,MARISCAL NIETO,ecmwf,temp,20260902,20261001,"00Z,12Z",D1,3h,-1.114,1.657,2.097,0.938,478
4723F1BE,MOQUEGUA,MOQUEGUA,MARISCAL NIETO,gfs,temp,20260902,20261001,"00Z,12Z",D1,3h,-0.092,1.614,1.946,0.939,478
4723F1BE,MOQUEGUA,MOQUEGUA,MARISCAL NIETO,eta5,temp,20260902,20261001,"00Z,12Z",D1,3h,1.684,2.132,2.595,0.915,382
4723F1BE,MOQUEGUA,MOQUEGUA,MARISCAL NIETO,wrf5,temp,20260902,20261001,"00Z,12Z",D1,3h,0.116,1.827,2.246,0.907,470
4723F1BE,MOQUEGUA,MOQUEGUA,MARISCAL NIETO,mpas15,temp,20260902,20261001,00Z,D1,3h,-4.223,4.367,4.762,0.905,239
110137,12 DE OCTUBRE,PASCO,DANIEL ALCIDES CARRION,ecmwf,temp,20260902,20261001,"00Z,12Z",D1,3h,-0.891,2.369,2.849,0.871,478
110137,12 DE OCTUBRE,PASCO,DANIEL ALCIDES CARRION,gfs,temp,20260902,20261001,"00Z,12Z",D1,3h,-1.518,2.527,3.25,0.814,478
110137,12 DE OCTUBRE,PASCO,DANIEL ALCIDES CARRION,eta5,temp,20260902,20261001,"00Z,12Z",D1,3h,-0.759,2.384,2.854,0.815,382
110137,12 DE OCTUBRE,PASCO,DANIEL ALCIDES CARRION,wrf5,temp,20260902,20261001,"00Z,12Z",D1,3h,-0.055,2.25,2.763,0.844,470
110137,12 DE OCTUBRE,PASCO,DANIEL ALCIDES CARRION,mpas15,temp,20260902,20261001,00Z,D1,3h,-3.711,3.883,4.434,0.883,239
4725D79C,OXAPAMPA,PASCO,OXAPAMPA,ecmwf,temp,20260902,20261001,"00Z,12Z",D1,3h,-3.705,3.78,4.079,0.829,480
4725D79C,OXAPAMPA,PASCO,OXAPAMPA,gfs,temp,20260902,20261001,"00Z,12Z",D1,3h,-4.538,4.558,4.895,0.825,480
4725D79C,OXAPAMPA,PASCO,OXAPAMPA,eta5,temp,20260902,20261001,"00Z,12Z",D1,3h,-5.946,5.948,6.247,0.773,384
4725D79C,OXAPAMPA,PASCO,OXAPAMPA,wrf5,temp,20260902,20261001,"00Z,12Z",D1,3h,-0.468,1.531,1.993,0.829,472
4725D79C,OXAPAMPA,PASCO,OXAPAMPA,mpas15,temp,20260902,20261001,00Z,D1,3h,-3.063,3.296,3.883,0.704,240
109093,PUERTO BERMUDEZ,PASCO,OXAPAMPA,ecmwf,temp,20260902,20261001,"00Z,12Z",D1,3h,-0.405,1.363,1.796,0.882,480
109093,PUERTO BERMUDEZ,PASCO,OXAPAMPA,gfs,temp,20260902,20261001,"00Z,12Z",D1,3h,-0.205,2.273,2.921,0.835,480
109093,PUERTO BERMUDEZ,PASCO,OXAPAMPA,eta5,temp,20260902,20261001,"00Z,12Z",D1,3h,2.077,2.533,3.167,0.808,384
109093,PUERTO BERMUDEZ,PASCO,OXAPAMPA,wrf5,temp,20260902,20261001,"00Z,12Z",D1,3h,1.536,1.995,2.606,0.859,472
109093,PUERTO BERMUDEZ,PASCO,OXAPAMPA,mpas15,temp,20260902,20261001,00Z,D1,3h,-0.575,1.561,2.196,0.858,240
104114,ALTO DE POCLUS,PIURA,AYABACA,ecmwf,temp,20260902,20261001,"00Z,12Z",D1,3h,8.18,8.18,8.345,0.825,352
104114,ALTO DE POCLUS,PIURA,AYABACA,gfs,temp,20260902,20261001,"00Z,12Z",D1,3h,9.357,9.357,9.511,0.858,352
104114,ALTO DE POCLUS,PIURA,AYABACA,eta5,temp,20260902,20261001,"00Z,12Z",D1,3h,0.012,1.086,1.351,0.864,286
104114,ALTO DE POCLUS,PIURA,AYABACA,wrf5,temp,20260902,20261001,"00Z,12Z",D1,3h,0.951,1.774,2.171,0.708,345
104114,ALTO DE POCLUS,PIURA,AYABACA,mpas15,temp,20260902,20261001,00Z,D1,3h,5.819,5.819,6.064,0.809,176
47E9177A,EL CIRUELO,PIURA,AYABACA,ecmwf,temp,20260902,20261001,"00Z,12Z",D1,3h,S/D,S/D,S/D,S/D,0
47E9177A,EL CIRUELO,PIURA,AYABACA,gfs,temp,20260902,20261001,"00Z,12Z",D1,3h,S/D,S/D,S/D,S/D,0
47E9177A,EL CIRUELO,PIURA,AYABACA,eta5,temp,20260902,20261001,"00Z,12Z",D1,3h,S/D,S/D,S/D,S/D,0
47E9177A,EL CIRUELO,PIURA,AYABACA,wrf5,temp,20260902,20261001,"00Z,12Z",D1,3h,S/D,S/D,S/D,S/D,0
47E9177A,EL CIRUELO,PIURA,AYABACA,mpas15,temp,20260902,20261001,00Z,D1,3h,S/D,S/D,S/D,S/D,0
47E281B0,HUALCUY,PIURA,AYABACA,ecmwf,temp,20260902,20261001,"00Z,12Z",D1,3h,-4.076,4.077,4.34,0.867,476
47E281B0,HUALCUY,PIURA,AYABACA,gfs,temp,20260902,20261001,"00Z,12Z",D1,3h,-3.378,3.539,3.926,0.817,476
47E281B0,HUALCUY,PIURA,AYABACA,eta5,temp,20260902,20261001,"00Z,12Z",D1,3h,1.332,1.901,2.461,0.854,381
47E281B0,HUALCUY,PIURA,AYABACA,wrf5,temp,20260902,20261001,"00Z,12Z",D1,3h,3.04,3.048,3.458,0.901,468
47E281B0,HUALCUY,PIURA,AYABACA,mpas15,temp,20260902,20261001,00Z,D1,3h,-3.08,3.108,3.529,0.873,238
472FC5B8,PAIMAS,PIURA,AYABACA,ecmwf,temp,20260902,20261001,"00Z,12Z",D1,3h,-5.277,5.278,5.65,0.773,478
472FC5B8,PAIMAS,PIURA,AYABACA,gfs,temp,20260902,20261001,"00Z,12Z",D1,3h,-3.878,4.01,4.556,0.758,478
472FC5B8,PAIMAS,PIURA,AYABACA,eta5,temp,20260902,20261001,"00Z,12Z",D1,3h,-2.838,3.132,3.584,0.798,383
472FC5B8,PAIMAS,PIURA,AYABACA,wrf5,temp,20260902,20261001,"00Z,12Z",D1,3h,-1.095,2.477,2.852,0.854,470
472FC5B8,PAIMAS,PIURA,AYABACA,mpas15,temp,20260902,20261001,00Z,D1,3h,-2.768,2.939,3.308,0.879,239
47E0C74E,PUENTE MACARA,PIURA,AYABACA,ecmwf,temp,20260902,20261001,"00Z,12Z",D1,3h,S/D,S/D,S/D,S/D,0
47E0C74E,PUENTE MACARA,PIURA,AYABACA,gfs,temp,20260902,20261001,"00Z,12Z",D1,3h,S/D,S/D,S/D,S/D,0
47E0C74E,PUENTE MACARA,PIURA,AYABACA,eta5,temp,20260902,20261001,"00Z,12Z",D1,3h,S/D,S/D,S/D,S/D,0
47E0C74E,PUENTE MACARA,PIURA,AYABACA,wrf5,temp,20260902,20261001,"00Z,12Z",D1,3h,S/D,S/D,S/D,S/D,0
47E0C74E,PUENTE MACARA,PIURA,AYABACA,mpas15,temp,20260902,20261001,00Z,D1,3h,S/D,S/D,S/D,S/D,0
472FF022,SAPILLICA,PIURA,AYABACA,ecmwf,temp,20260902,20261001,"00Z,12Z",D1,3h,0.124,1.105,1.406,0.868,476
472FF022,SAPILLICA,PIURA,AYABACA,gfs,temp,20260902,20261001,"00Z,12Z",D1,3h,1.531,1.76,2.325,0.861,476
472FF022,SAPILLICA,PIURA,AYABACA,eta5,temp,20260902,20261001,"00Z,12Z",D1,3h,0.232,1.228,1.54,0.852,381
472FF022,SAPILLICA,PIURA,AYABACA,wrf5,temp,20260902,20261001,"00Z,12Z",D1,3h,0.412,1.527,1.943,0.74,468
472FF022,SAPILLICA,PIURA,AYABACA,mpas15,temp,20260902,20261001,00Z,D1,3h,1.304,1.58,2.195,0.881,238
472F86B2,CANCHAQUE,PIURA,HUANCABAMBA,ecmwf,temp,20260902,20261001,"00Z,12Z",D1,3h,-1.564,2.709,3.061,0.772,476
472F86B2,CANCHAQUE,PIURA,HUANCABAMBA,gfs,temp,20260902,20261001,"00Z,12Z",D1,3h,-1.904,2.858,3.235,0.713,476
472F86B2,CANCHAQUE,PIURA,HUANCABAMBA,eta5,temp,20260902,20261001,"00Z,12Z",D1,3h,-0.049,1.512,1.862,0.733,382
472F86B2,CANCHAQUE,PIURA,HUANCABAMBA,wrf5,temp,20260902,20261001,"00Z,12Z",D1,3h,0.208,2.5,3.098,0.36,468
472F86B2,CANCHAQUE,PIURA,HUANCABAMBA,mpas15,temp,20260902,20261001,00Z,D1,3h,0.159,1.928,2.398,0.7,238
472FE354,HUANCABAMBA,PIURA,HUANCABAMBA,ecmwf,temp,20260902,20261001,"00Z,12Z",D1,3h,-4.662,4.666,5.197,0.833,478
472FE354,HUANCABAMBA,PIURA,HUANCABAMBA,gfs,temp,20260902,20261001,"00Z,12Z",D1,3h,-4.504,4.577,5.18,0.758,478
472FE354,HUANCABAMBA,PIURA,HUANCABAMBA,eta5,temp,20260902,20261001,"00Z,12Z",D1,3h,-3.222,3.325,3.902,0.854,383
472FE354,HUANCABAMBA,PIURA,HUANCABAMBA,wrf5,temp,20260902,20261001,"00Z,12Z",D1,3h,0.077,1.715,2.197,0.8,470
472FE354,HUANCABAMBA,PIURA,HUANCABAMBA,mpas15,temp,20260902,20261001,00Z,D1,3h,-4.277,4.375,4.979,0.764,239
472761E6,HUARMACA,PIURA,HUANCABAMBA,ecmwf,temp,20260902,20261001,"00Z,12Z",D1,3h,0.758,1.857,2.374,0.689,480
472761E6,HUARMACA,PIURA,HUANCABAMBA,gfs,temp,20260902,20261001,"00Z,12Z",D1,3h,0.421,1.916,2.421,0.576,480
472761E6,HUARMACA,PIURA,HUANCABAMBA,eta5,temp,20260902,20261001,"00Z,12Z",D1,3h,0.946,1.836,2.391,0.591,384
472761E6,HUARMACA,PIURA,HUANCABAMBA,wrf5,temp,20260902,20261001,"00Z,12Z",D1,3h,2.02,2.483,2.968,0.655,472
472761E6,HUARMACA,PIURA,HUANCABAMBA,mpas15,temp,20260902,20261001,00Z,D1,3h,-0.266,1.787,2.184,0.575,240
472FB328,CHALACO,PIURA,MORROPON,ecmwf,temp,20260902,20261001,"00Z,12Z",D1,3h,0.754,1.431,1.818,0.815,478
472FB328,CHALACO,PIURA,MORROPON,gfs,temp,20260902,20261001,"00Z,12Z",D1,3h,0.266,1.221,1.565,0.86,478
472FB328,CHALACO,PIURA,MORROPON,eta5,temp,20260902,20261001,"00Z,12Z",D1,3h,2.598,2.759,3.246,0.823,383
472FB328,CHALACO,PIURA,MORROPON,wrf5,temp,20260902,20261001,"00Z,12Z",D1,3h,0.975,2.62,3.18,0.519,470
472FB328,CHALACO,PIURA,MORROPON,mpas15,temp,20260902,20261001,00Z,D1,3h,3.468,3.484,3.895,0.827,239
472F6540,CHULUCANAS,PIURA,MORROPON,ecmwf,temp,20260902,20261001,"00Z,12Z",D1,3h,0.599,1.251,1.753,0.935,478
472F6540,CHULUCANAS,PIURA,MORROPON,gfs,temp,20260902,20261001,"00Z,12Z",D1,3h,-0.106,1.633,1.99,0.93,478
472F6540,CHULUCANAS,PIURA,MORROPON,eta5,temp,20260902,20261001,"00Z,12Z",D1,3h,1.065,1.779,2.418,0.936,382
472F6540,CHULUCANAS,PIURA,MORROPON,wrf5,temp,20260902,20261001,"00Z,12Z",D1,3h,-0.454,2.0,2.314,0.914,470
472F6540,CHULUCANAS,PIURA,MORROPON,mpas15,temp,20260902,20261001,00Z,D1,3h,-1.503,2.093,2.354,0.941,239
47E037CA,CORRAL DEL MEDIO,PIURA,MORROPON,ecmwf,temp,20260902,20261001,"00Z,12Z",D1,3h,S/D,S/D,S/D,S/D,0
47E037CA,CORRAL DEL MEDIO,PIURA,MORROPON,gfs,temp,20260902,20261001,"00Z,12Z",D1,3h,S/D,S/D,S/D,S/D,0
47E037CA,CORRAL DEL MEDIO,PIURA,MORROPON,eta5,temp,20260902,20261001,"00Z,12Z",D1,3h,S/D,S/D,S/D,S/D,0
47E037CA,CORRAL DEL MEDIO,PIURA,MORROPON,wrf5,temp,20260902,20261001,"00Z,12Z",D1,3h,S/D,S/D,S/D,S/D,0
47E037CA,CORRAL DEL MEDIO,PIURA,MORROPON,mpas15,temp,20260902,20261001,00Z,D1,3h,S/D,S/D,S/D,S/D,0
472F50DA,EL VIRREY,PIURA,MORROPON,ecmwf,temp,20260902,20261001,"00Z,12Z",D1,3h,-0.281,1.158,1.503,0.942,476
472F50DA,EL VIRREY,PIURA,MORROPON,gfs,temp,20260902,20261001,"00Z,12Z",D1,3h,-0.189,1.918,2.35,0.919,476
472F50DA,EL VIRREY,PIURA,MORROPON,eta5,temp,20260902,20261001,"00Z,12Z",D1,3h,-0.731,2.062,2.404,0.915,381
472F50DA,EL VIRREY,PIURA,MORROPON,wrf5,temp,20260902,20261001,"00Z,12Z",D1,3h,-1.206,2.37,2.77,0.871,468
472F50DA,EL VIRREY,PIURA,MORROPON,mpas15,temp,20260902,20261001,00Z,D1,3h,-0.25,1.508,1.919,0.936,238
47E074C0,HACIENDA BARRIOS,PIURA,MORROPON,ecmwf,temp,20260902,20261001,"00Z,12Z",D1,3h,S/D,S/D,S/D,S/D,0
47E074C0,HACIENDA BARRIOS,PIURA,MORROPON,gfs,temp,20260902,20261001,"00Z,12Z",D1,3h,S/D,S/D,S/D,S/D,0
47E074C0,HACIENDA BARRIOS,PIURA,MORROPON,eta5,temp,20260902,20261001,"00Z,12Z",D1,3h,S/D,S/D,S/D,S/D,0
47E074C0,HACIENDA BARRIOS,PIURA,MORROPON,wrf5,temp,20260902,20261001,"00Z,12Z",D1,3h,S/D,S/D,S/D,S/D,0
47E074C0,HACIENDA BARRIOS,PIURA,MORROPON,mpas15,temp,20260902,20261001,00Z,D1,3h,S/D,S/D,S/D,S/D,0
472F95C4,HACIENDA BIGOTE ,PIURA,MORROPON,ecmwf,temp,20260902,20261001,"00Z,12Z",D1,3h,-4.109,4.119,4.467,0.875,478
472F95C4,HACIENDA BIGOTE ,PIURA,MORROPON,gfs,temp,20260902,20261001,"00Z,12Z",D1,3h,-4.1,4.167,4.643,0.807,478
472F95C4,HACIENDA BIGOTE ,PIURA,MORROPON,eta5,temp,20260902,20261001,"00Z,12Z",D1,3h,1.291,2.358,3.057,0.881,383
472F95C4,HACIENDA BIGOTE ,PIURA,MORROPON,wrf5,temp,20260902,20261001,"00Z,12Z",D1,3h,-1.212,2.475,2.804,0.866,470
472F95C4,HACIENDA BIGOTE ,PIURA,MORROPON,mpas15,temp,20260902,20261001,00Z,D1,3h,-5.694,5.739,6.24,0.679,239
472FA05E,MALACASI,PIURA,MORROPON,ecmwf,temp,20260902,20261001,"00Z,12Z",D1,3h,-4.0,4.006,4.414,0.894,476
472FA05E,MALACASI,PIURA,MORROPON,gfs,temp,20260902,20261001,"00Z,12Z",D1,3h,-3.989,4.034,4.436,0.837,476
472FA05E,MALACASI,PIURA,MORROPON,eta5,temp,20260902,20261001,"00Z,12Z",D1,3h,0.094,1.84,2.261,0.911,381
472FA05E,MALACASI,PIURA,MORROPON,wrf5,temp,20260902,20261001,"00Z,12Z",D1,3h,-1.095,2.076,2.4,0.911,468
472FA05E,MALACASI,PIURA,MORROPON,mpas15,temp,20260902,20261001,00Z,D1,3h,-3.274,3.342,3.659,0.899,238
472F7636,MORROPON,PIURA,MORROPON,ecmwf,temp,20260902,20261001,"00Z,12Z",D1,3h,-0.497,1.443,1.733,0.933,476
472F7636,MORROPON,PIURA,MORROPON,gfs,temp,20260902,20261001,"00Z,12Z",D1,3h,-0.404,2.043,2.359,0.918,476
472F7636,MORROPON,PIURA,MORROPON,eta5,temp,20260902,20261001,"00Z,12Z",D1,3h,0.933,1.907,2.486,0.932,381
472F7636,MORROPON,PIURA,MORROPON,wrf5,temp,20260902,20261001,"00Z,12Z",D1,3h,-0.24,2.034,2.367,0.91,468
472F7636,MORROPON,PIURA,MORROPON,mpas15,temp,20260902,20261001,00Z,D1,3h,-2.959,3.079,3.388,0.921,238
47E067B6,SALITRAL,PIURA,MORROPON,ecmwf,temp,20260902,20261001,"00Z,12Z",D1,3h,S/D,S/D,S/D,S/D,0
47E067B6,SALITRAL,PIURA,MORROPON,gfs,temp,20260902,20261001,"00Z,12Z",D1,3h,S/D,S/D,S/D,S/D,0
47E067B6,SALITRAL,PIURA,MORROPON,eta5,temp,20260902,20261001,"00Z,12Z",D1,3h,S/D,S/D,S/D,S/D,0
47E067B6,SALITRAL,PIURA,MORROPON,wrf5,temp,20260902,20261001,"00Z,12Z",D1,3h,S/D,S/D,S/D,S/D,0
47E067B6,SALITRAL,PIURA,MORROPON,mpas15,temp,20260902,20261001,00Z,D1,3h,S/D,S/D,S/D,S/D,0
47E08444,SAN PEDRO,PIURA,MORROPON,ecmwf,temp,20260902,20261001,"00Z,12Z",D1,3h,S/D,S/D,S/D,S/D,0
47E08444,SAN PEDRO,PIURA,MORROPON,gfs,temp,20260902,20261001,"00Z,12Z",D1,3h,S/D,S/D,S/D,S/D,0
47E08444,SAN PEDRO,PIURA,MORROPON,eta5,temp,20260902,20261001,"00Z,12Z",D1,3h,S/D,S/D,S/D,S/D,0
47E08444,SAN PEDRO,PIURA,MORROPON,wrf5,temp,20260902,20261001,"00Z,12Z",D1,3h,S/D,S/D,S/D,S/D,0
47E08444,SAN PEDRO,PIURA,MORROPON,mpas15,temp,20260902,20261001,00Z,D1,3h,S/D,S/D,S/D,S/D,0
105145,SANTO DOMINGO,PIURA,MORROPON,ecmwf,temp,20260902,20261001,"00Z,12Z",D1,3h,-3.219,3.32,3.547,0.716,30
105145,SANTO DOMINGO,PIURA,MORROPON,gfs,temp,20260902,20261001,"00Z,12Z",D1,3h,-4.251,4.493,4.893,0.564,30
105145,SANTO DOMINGO,PIURA,MORROPON,eta5,temp,20260902,20261001,"00Z,12Z",D1,3h,-1.676,1.954,2.248,0.818,24
105145,SANTO DOMINGO,PIURA,MORROPON,wrf5,temp,20260902,20261001,"00Z,12Z",D1,3h,-0.208,1.26,1.887,0.779,30
105145,SANTO DOMINGO,PIURA,MORROPON,mpas15,temp,20260902,20261001,00Z,D1,3h,0.052,1.588,2.022,0.701,15
47E0B1DE,PUENTE SIMON RODRIGUEZ,PIURA,PAITA,ecmwf,temp,20260902,20261001,"00Z,12Z",D1,3h,S/D,S/D,S/D,S/D,0
47E0B1DE,PUENTE SIMON RODRIGUEZ,PIURA,PAITA,gfs,temp,20260902,20261001,"00Z,12Z",D1,3h,S/D,S/D,S/D,S/D,0
47E0B1DE,PUENTE SIMON RODRIGUEZ,PIURA,PAITA,eta5,temp,20260902,20261001,"00Z,12Z",D1,3h,S/D,S/D,S/D,S/D,0
47E0B1DE,PUENTE SIMON RODRIGUEZ,PIURA,PAITA,wrf5,temp,20260902,20261001,"00Z,12Z",D1,3h,S/D,S/D,S/D,S/D,0
47E0B1DE,PUENTE SIMON RODRIGUEZ,PIURA,PAITA,mpas15,temp,20260902,20261001,00Z,D1,3h,S/D,S/D,S/D,S/D,0
47E0E1A2,BOCATOMA CHIPILLICO,PIURA,PIURA,ecmwf,temp,20260902,20261001,"00Z,12Z",D1,3h,S/D,S/D,S/D,S/D,0
47E0E1A2,BOCATOMA CHIPILLICO,PIURA,PIURA,gfs,temp,20260902,20261001,"00Z,12Z",D1,3h,S/D,S/D,S/D,S/D,0
47E0E1A2,BOCATOMA CHIPILLICO,PIURA,PIURA,eta5,temp,20260902,20261001,"00Z,12Z",D1,3h,S/D,S/D,S/D,S/D,0
47E0E1A2,BOCATOMA CHIPILLICO,PIURA,PIURA,wrf5,temp,20260902,20261001,"00Z,12Z",D1,3h,S/D,S/D,S/D,S/D,0
47E0E1A2,BOCATOMA CHIPILLICO,PIURA,PIURA,mpas15,temp,20260902,20261001,00Z,D1,3h,S/D,S/D,S/D,S/D,0
47E0F2D4,LAGARTERA,PIURA,PIURA,ecmwf,temp,20260902,20261001,"00Z,12Z",D1,3h,S/D,S/D,S/D,S/D,0
47E0F2D4,LAGARTERA,PIURA,PIURA,gfs,temp,20260902,20261001,"00Z,12Z",D1,3h,S/D,S/D,S/D,S/D,0
47E0F2D4,LAGARTERA,PIURA,PIURA,eta5,temp,20260902,20261001,"00Z,12Z",D1,3h,S/D,S/D,S/D,S/D,0
47E0F2D4,LAGARTERA,PIURA,PIURA,wrf5,temp,20260902,20261001,"00Z,12Z",D1,3h,S/D,S/D,S/D,S/D,0
47E0F2D4,LAGARTERA,PIURA,PIURA,mpas15,temp,20260902,20261001,00Z,D1,3h,S/D,S/D,S/D,S/D,0
105112,MIRAFLORES,PIURA,PIURA,ecmwf,temp,20260902,20261001,"00Z,12Z",D1,3h,S/D,S/D,S/D,S/D,0
105112,MIRAFLORES,PIURA,PIURA,gfs,temp,20260902,20261001,"00Z,12Z",D1,3h,S/D,S/D,S/D,S/D,0
105112,MIRAFLORES,PIURA,PIURA,eta5,temp,20260902,20261001,"00Z,12Z",D1,3h,S/D,S/D,S/D,S/D,0
105112,MIRAFLORES,PIURA,PIURA,wrf5,temp,20260902,20261001,"00Z,12Z",D1,3h,S/D,S/D,S/D,S/D,0
105112,MIRAFLORES,PIURA,PIURA,mpas15,temp,20260902,20261001,00Z,D1,3h,S/D,S/D,S/D,S/D,0
104113,PARTIDOR,PIURA,PIURA,ecmwf,temp,20260902,20261001,"00Z,12Z",D1,3h,1.105,1.314,1.797,0.948,250
104113,PARTIDOR,PIURA,PIURA,gfs,temp,20260902,20261001,"00Z,12Z",D1,3h,0.137,1.596,1.922,0.934,250
104113,PARTIDOR,PIURA,PIURA,eta5,temp,20260902,20261001,"00Z,12Z",D1,3h,1.355,1.688,2.304,0.944,213
104113,PARTIDOR,PIURA,PIURA,wrf5,temp,20260902,20261001,"00Z,12Z",D1,3h,-0.347,1.742,1.988,0.931,244
104113,PARTIDOR,PIURA,PIURA,mpas15,temp,20260902,20261001,00Z,D1,3h,-0.306,1.234,1.541,0.948,125
105143,SAN MIGUEL,PIURA,PIURA,ecmwf,temp,20260902,20261001,"00Z,12Z",D1,3h,-0.231,0.898,1.224,0.95,480
105143,SAN MIGUEL,PIURA,PIURA,gfs,temp,20260902,20261001,"00Z,12Z",D1,3h,-0.921,1.203,1.632,0.95,480
105143,SAN MIGUEL,PIURA,PIURA,eta5,temp,20260902,20261001,"00Z,12Z",D1,3h,0.193,1.184,1.492,0.935,384
105143,SAN MIGUEL,PIURA,PIURA,wrf5,temp,20260902,20261001,"00Z,12Z",D1,3h,-0.668,1.232,1.466,0.948,472
105143,SAN MIGUEL,PIURA,PIURA,mpas15,temp,20260902,20261001,00Z,D1,3h,-0.968,1.412,1.636,0.947,240
47E0522C,TAMBO GRANDE,PIURA,PIURA,ecmwf,temp,20260902,20261001,"00Z,12Z",D1,3h,S/D,S/D,S/D,S/D,0
47E0522C,TAMBO GRANDE,PIURA,PIURA,gfs,temp,20260902,20261001,"00Z,12Z",D1,3h,S/D,S/D,S/D,S/D,0
47E0522C,TAMBO GRANDE,PIURA,PIURA,eta5,temp,20260902,20261001,"00Z,12Z",D1,3h,S/D,S/D,S/D,S/D,0
47E0522C,TAMBO GRANDE,PIURA,PIURA,wrf5,temp,20260902,20261001,"00Z,12Z",D1,3h,S/D,S/D,S/D,S/D,0
47E0522C,TAMBO GRANDE,PIURA,PIURA,mpas15,temp,20260902,20261001,00Z,D1,3h,S/D,S/D,S/D,S/D,0
105144,BERNAL,PIURA,SECHURA,ecmwf,temp,20260902,20261001,"00Z,12Z",D1,3h,0.06,0.855,1.13,0.956,256
105144,BERNAL,PIURA,SECHURA,gfs,temp,20260902,20261001,"00Z,12Z",D1,3h,-0.395,1.301,1.48,0.947,256
105144,BERNAL,PIURA,SECHURA,eta5,temp,20260902,20261001,"00Z,12Z",D1,3h,0.144,1.293,1.641,0.928,217
105144,BERNAL,PIURA,SECHURA,wrf5,temp,20260902,20261001,"00Z,12Z",D1,3h,-0.465,1.217,1.433,0.944,251
105144,BERNAL,PIURA,SECHURA,mpas15,temp,20260902,20261001,00Z,D1,3h,-0.328,1.442,1.673,0.951,128
105120,CHUSIS,PIURA,SECHURA,ecmwf,temp,20260902,20261001,"00Z,12Z",D1,3h,0.247,0.908,1.259,0.948,272
105120,CHUSIS,PIURA,SECHURA,gfs,temp,20260902,20261001,"00Z,12Z",D1,3h,-0.246,1.208,1.459,0.951,272
105120,CHUSIS,PIURA,SECHURA,eta5,temp,20260902,20261001,"00Z,12Z",D1,3h,0.1,0.99,1.25,0.915,217
105120,CHUSIS,PIURA,SECHURA,wrf5,temp,20260902,20261001,"00Z,12Z",D1,3h,-0.586,0.97,1.186,0.943,264
105120,CHUSIS,PIURA,SECHURA,mpas15,temp,20260902,20261001,00Z,D1,3h,-0.398,0.912,1.153,0.942,136
47E0D438,ALAMOR,PIURA,SULLANA,ecmwf,temp,20260902,20261001,"00Z,12Z",D1,3h,S/D,S/D,S/D,S/D,0
47E0D438,ALAMOR,PIURA,SULLANA,gfs,temp,20260902,20261001,"00Z,12Z",D1,3h,S/D,S/D,S/D,S/D,0
47E0D438,ALAMOR,PIURA,SULLANA,eta5,temp,20260902,20261001,"00Z,12Z",D1,3h,S/D,S/D,S/D,S/D,0
47E0D438,ALAMOR,PIURA,SULLANA,wrf5,temp,20260902,20261001,"00Z,12Z",D1,3h,S/D,S/D,S/D,S/D,0
47E0D438,ALAMOR,PIURA,SULLANA,mpas15,temp,20260902,20261001,00Z,D1,3h,S/D,S/D,S/D,S/D,0
47E09732,LA ARDILLA,PIURA,SULLANA,ecmwf,temp,20260902,20261001,"00Z,12Z",D1,3h,S/D,S/D,S/D,S/D,0
47E09732,LA ARDILLA,PIURA,SULLANA,gfs,temp,20260902,20261001,"00Z,12Z",D1,3h,S/D,S/D,S/D,S/D,0
47E09732,LA ARDILLA,PIURA,SULLANA,eta5,temp,20260902,20261001,"00Z,12Z",D1,3h,S/D,S/D,S/D,S/D,0
47E09732,LA ARDILLA,PIURA,SULLANA,wrf5,temp,20260902,20261001,"00Z,12Z",D1,3h,S/D,S/D,S/D,S/D,0
47E09732,LA ARDILLA,PIURA,SULLANA,mpas15,temp,20260902,20261001,00Z,D1,3h,S/D,S/D,S/D,S/D,0
472FD6CE,LANCONES,PIURA,SULLANA,ecmwf,temp,20260902,20261001,"00Z,12Z",D1,3h,0.757,1.295,1.824,0.917,478
472FD6CE,LANCONES,PIURA,SULLANA,gfs,temp,20260902,20261001,"00Z,12Z",D1,3h,0.285,1.744,2.139,0.904,478
472FD6CE,LANCONES,PIURA,SULLANA,eta5,temp,20260902,20261001,"00Z,12Z",D1,3h,0.539,1.293,1.689,0.901,383
472FD6CE,LANCONES,PIURA,SULLANA,wrf5,temp,20260902,20261001,"00Z,12Z",D1,3h,0.04,1.836,2.216,0.893,470
472FD6CE,LANCONES,PIURA,SULLANA,mpas15,temp,20260902,20261001,00Z,D1,3h,-0.1,1.539,1.886,0.929,239
270202,PUENTE AZANGARO,PUNO,AZANGARO,ecmwf,temp,20260902,20261001,"00Z,12Z",D1,3h,-1.012,1.839,2.222,0.938,478
270202,PUENTE AZANGARO,PUNO,AZANGARO,gfs,temp,20260902,20261001,"00Z,12Z",D1,3h,-0.374,1.912,2.511,0.883,478
270202,PUENTE AZANGARO,PUNO,AZANGARO,eta5,temp,20260902,20261001,"00Z,12Z",D1,3h,0.876,2.12,2.696,0.874,382
270202,PUENTE AZANGARO,PUNO,AZANGARO,wrf5,temp,20260902,20261001,"00Z,12Z",D1,3h,0.665,1.984,2.448,0.906,470
270202,PUENTE AZANGARO,PUNO,AZANGARO,mpas15,temp,20260902,20261001,00Z,D1,3h,-2.302,2.711,2.987,0.937,239
4721AAE4,AYMAÑA,PUNO,CARABAYA,ecmwf,temp,20260902,20261001,"00Z,12Z",D1,3h,-5.383,5.455,5.957,0.819,480
4721AAE4,AYMAÑA,PUNO,CARABAYA,gfs,temp,20260902,20261001,"00Z,12Z",D1,3h,-3.688,4.078,4.832,0.752,480
4721AAE4,AYMAÑA,PUNO,CARABAYA,eta5,temp,20260902,20261001,"00Z,12Z",D1,3h,4.352,4.356,4.83,0.856,384
4721AAE4,AYMAÑA,PUNO,CARABAYA,wrf5,temp,20260902,20261001,"00Z,12Z",D1,3h,-1.151,2.335,2.773,0.799,472
4721AAE4,AYMAÑA,PUNO,CARABAYA,mpas15,temp,20260902,20261001,00Z,D1,3h,-4.826,4.934,5.671,0.808,240
4721B992,UPINA,PUNO,CARABAYA,ecmwf,temp,20260902,20261001,"00Z,12Z",D1,3h,-3.974,4.027,4.375,0.853,480
4721B992,UPINA,PUNO,CARABAYA,gfs,temp,20260902,20261001,"00Z,12Z",D1,3h,-3.538,3.673,4.267,0.743,480
4721B992,UPINA,PUNO,CARABAYA,eta5,temp,20260902,20261001,"00Z,12Z",D1,3h,3.521,3.548,3.98,0.821,384
4721B992,UPINA,PUNO,CARABAYA,wrf5,temp,20260902,20261001,"00Z,12Z",D1,3h,-1.62,2.127,2.535,0.796,472
4721B992,UPINA,PUNO,CARABAYA,mpas15,temp,20260902,20261001,00Z,D1,3h,-1.478,2.323,2.994,0.76,240
210003,HUANCASAYA,PUNO,HUANCANE,ecmwf,temp,20260902,20261001,"00Z,12Z",D1,3h,0.083,2.077,2.813,0.815,478
210003,HUANCASAYA,PUNO,HUANCANE,gfs,temp,20260902,20261001,"00Z,12Z",D1,3h,1.187,2.175,3.174,0.791,478
210003,HUANCASAYA,PUNO,HUANCANE,eta5,temp,20260902,20261001,"00Z,12Z",D1,3h,0.287,2.118,2.858,0.806,383
210003,HUANCASAYA,PUNO,HUANCANE,wrf5,temp,20260902,20261001,"00Z,12Z",D1,3h,0.871,2.059,2.88,0.818,470
210003,HUANCASAYA,PUNO,HUANCANE,mpas15,temp,20260902,20261001,00Z,D1,3h,-0.539,2.417,3.001,0.819,239
47251282,PUENTE CARRETERA RAMIS,PUNO,HUANCANE,ecmwf,temp,20260902,20261001,"00Z,12Z",D1,3h,-0.495,1.508,1.889,0.939,474
47251282,PUENTE CARRETERA RAMIS,PUNO,HUANCANE,gfs,temp,20260902,20261001,"00Z,12Z",D1,3h,0.007,2.444,3.01,0.836,474
47251282,PUENTE CARRETERA RAMIS,PUNO,HUANCANE,eta5,temp,20260902,20261001,"00Z,12Z",D1,3h,3.175,3.305,3.988,0.878,380
47251282,PUENTE CARRETERA RAMIS,PUNO,HUANCANE,wrf5,temp,20260902,20261001,"00Z,12Z",D1,3h,1.108,2.084,2.583,0.888,466
47251282,PUENTE CARRETERA RAMIS,PUNO,HUANCANE,mpas15,temp,20260902,20261001,00Z,D1,3h,-1.498,2.074,2.413,0.935,237
472E37C6,PALCA,PUNO,LAMPA,ecmwf,temp,20260902,20261001,"00Z,12Z",D1,3h,-0.852,2.577,3.214,0.897,480
472E37C6,PALCA,PUNO,LAMPA,gfs,temp,20260902,20261001,"00Z,12Z",D1,3h,0.149,3.417,4.095,0.848,480
472E37C6,PALCA,PUNO,LAMPA,eta5,temp,20260902,20261001,"00Z,12Z",D1,3h,0.588,2.666,3.408,0.883,384
472E37C6,PALCA,PUNO,LAMPA,wrf5,temp,20260902,20261001,"00Z,12Z",D1,3h,0.97,3.04,4.014,0.843,472
472E37C6,PALCA,PUNO,LAMPA,mpas15,temp,20260902,20261001,00Z,D1,3h,-3.192,4.408,4.974,0.872,240
472DE6A0,PAMPAHUTA,PUNO,LAMPA,ecmwf,temp,20260902,20261001,"00Z,12Z",D1,3h,-1.361,3.636,4.577,0.791,478
472DE6A0,PAMPAHUTA,PUNO,LAMPA,gfs,temp,20260902,20261001,"00Z,12Z",D1,3h,0.103,3.399,4.345,0.802,478
472DE6A0,PAMPAHUTA,PUNO,LAMPA,eta5,temp,20260902,20261001,"00Z,12Z",D1,3h,3.823,4.254,5.367,0.841,383
472DE6A0,PAMPAHUTA,PUNO,LAMPA,wrf5,temp,20260902,20261001,"00Z,12Z",D1,3h,2.037,3.558,4.676,0.813,470
472DE6A0,PAMPAHUTA,PUNO,LAMPA,mpas15,temp,20260902,20261001,00Z,D1,3h,-0.916,3.139,3.9,0.86,239
114134,ANANSAYA -PUNA,PUNO,MELGAR,ecmwf,temp,20260902,20261001,"00Z,12Z",D1,3h,S/D,S/D,S/D,S/D,0
114134,ANANSAYA -PUNA,PUNO,MELGAR,gfs,temp,20260902,20261001,"00Z,12Z",D1,3h,S/D,S/D,S/D,S/D,0
114134,ANANSAYA -PUNA,PUNO,MELGAR,eta5,temp,20260902,20261001,"00Z,12Z",D1,3h,S/D,S/D,S/D,S/D,0
114134,ANANSAYA -PUNA,PUNO,MELGAR,wrf5,temp,20260902,20261001,"00Z,12Z",D1,3h,S/D,S/D,S/D,S/D,0
114134,ANANSAYA -PUNA,PUNO,MELGAR,mpas15,temp,20260902,20261001,00Z,D1,3h,S/D,S/D,S/D,S/D,0
47256412,ENAFER,PUNO,PUNO,ecmwf,temp,20260902,20261001,"00Z,12Z",D1,3h,S/D,S/D,S/D,S/D,0
47256412,ENAFER,PUNO,PUNO,gfs,temp,20260902,20261001,"00Z,12Z",D1,3h,S/D,S/D,S/D,S/D,0
47256412,ENAFER,PUNO,PUNO,eta5,temp,20260902,20261001,"00Z,12Z",D1,3h,S/D,S/D,S/D,S/D,0
47256412,ENAFER,PUNO,PUNO,wrf5,temp,20260902,20261001,"00Z,12Z",D1,3h,S/D,S/D,S/D,S/D,0
47256412,ENAFER,PUNO,PUNO,mpas15,temp,20260902,20261001,00Z,D1,3h,S/D,S/D,S/D,S/D,0
472E4156,ILLPA,PUNO,PUNO,ecmwf,temp,20260902,20261001,"00Z,12Z",D1,3h,1.408,2.068,2.684,0.945,478
472E4156,ILLPA,PUNO,PUNO,gfs,temp,20260902,20261001,"00Z,12Z",D1,3h,0.795,4.068,4.845,0.81,478
472E4156,ILLPA,PUNO,PUNO,eta5,temp,20260902,20261001,"00Z,12Z",D1,3h,1.527,2.366,3.105,0.909,382
472E4156,ILLPA,PUNO,PUNO,wrf5,temp,20260902,20261001,"00Z,12Z",D1,3h,2.035,2.729,3.533,0.899,470
472E4156,ILLPA,PUNO,PUNO,mpas15,temp,20260902,20261001,00Z,D1,3h,-0.7,3.84,4.689,0.845,239
472CB426,LARAQUERI,PUNO,PUNO,ecmwf,temp,20260902,20261001,"00Z,12Z",D1,3h,-0.401,2.112,2.716,0.906,480
472CB426,LARAQUERI,PUNO,PUNO,gfs,temp,20260902,20261001,"00Z,12Z",D1,3h,0.219,2.692,3.459,0.882,480
472CB426,LARAQUERI,PUNO,PUNO,eta5,temp,20260902,20261001,"00Z,12Z",D1,3h,1.859,2.443,3.449,0.904,384
472CB426,LARAQUERI,PUNO,PUNO,wrf5,temp,20260902,20261001,"00Z,12Z",D1,3h,1.978,2.708,3.759,0.878,472
472CB426,LARAQUERI,PUNO,PUNO,mpas15,temp,20260902,20261001,00Z,D1,3h,-1.455,3.129,3.634,0.885,240
472DD33A,PUNO,PUNO,PUNO,ecmwf,temp,20260902,20261001,"00Z,12Z",D1,3h,-0.646,2.355,2.73,0.87,480
472DD33A,PUNO,PUNO,PUNO,gfs,temp,20260902,20261001,"00Z,12Z",D1,3h,-1.246,2.265,2.84,0.811,480
472DD33A,PUNO,PUNO,PUNO,eta5,temp,20260902,20261001,"00Z,12Z",D1,3h,-0.822,2.407,2.89,0.786,384
472DD33A,PUNO,PUNO,PUNO,wrf5,temp,20260902,20261001,"00Z,12Z",D1,3h,0.823,1.951,2.491,0.846,472
472DD33A,PUNO,PUNO,PUNO,mpas15,temp,20260902,20261001,00Z,D1,3h,-4.085,4.455,5.758,0.254,240
472CF72C,JULIACA,PUNO,SAN ROMAN,ecmwf,temp,20260902,20261001,"00Z,12Z",D1,3h,0.283,1.764,2.371,0.931,480
472CF72C,JULIACA,PUNO,SAN ROMAN,gfs,temp,20260902,20261001,"00Z,12Z",D1,3h,0.596,2.445,3.351,0.878,480
472CF72C,JULIACA,PUNO,SAN ROMAN,eta5,temp,20260902,20261001,"00Z,12Z",D1,3h,1.201,2.485,3.218,0.881,384
472CF72C,JULIACA,PUNO,SAN ROMAN,wrf5,temp,20260902,20261001,"00Z,12Z",D1,3h,1.077,2.351,3.231,0.887,472
472CF72C,JULIACA,PUNO,SAN ROMAN,mpas15,temp,20260902,20261001,00Z,D1,3h,-0.895,2.305,2.774,0.929,240
107142,BELLAVISTA,SAN MARTIN,BELLAVISTA,ecmwf,temp,20260902,20261001,"00Z,12Z",D1,3h,-1.335,1.76,2.329,0.886,480
107142,BELLAVISTA,SAN MARTIN,BELLAVISTA,gfs,temp,20260902,20261001,"00Z,12Z",D1,3h,-2.475,3.226,3.857,0.849,480
107142,BELLAVISTA,SAN MARTIN,BELLAVISTA,eta5,temp,20260902,20261001,"00Z,12Z",D1,3h,0.444,2.051,2.575,0.831,384
107142,BELLAVISTA,SAN MARTIN,BELLAVISTA,wrf5,temp,20260902,20261001,"00Z,12Z",D1,3h,-0.962,1.828,2.261,0.872,472
107142,BELLAVISTA,SAN MARTIN,BELLAVISTA,mpas15,temp,20260902,20261001,00Z,D1,3h,-2.766,2.834,3.327,0.921,240
210006,SHANAO,SAN MARTIN,LAMAS,ecmwf,temp,20260902,20261001,"00Z,12Z",D1,3h,S/D,S/D,S/D,S/D,0
210006,SHANAO,SAN MARTIN,LAMAS,gfs,temp,20260902,20261001,"00Z,12Z",D1,3h,S/D,S/D,S/D,S/D,0
210006,SHANAO,SAN MARTIN,LAMAS,eta5,temp,20260902,20261001,"00Z,12Z",D1,3h,S/D,S/D,S/D,S/D,0
210006,SHANAO,SAN MARTIN,LAMAS,wrf5,temp,20260902,20261001,"00Z,12Z",D1,3h,S/D,S/D,S/D,S/D,0
210006,SHANAO,SAN MARTIN,LAMAS,mpas15,temp,20260902,20261001,00Z,D1,3h,S/D,S/D,S/D,S/D,0
106144,JEPELACIO,SAN MARTIN,MOYOBAMBA,ecmwf,temp,20260902,20261001,"00Z,12Z",D1,3h,0.06,1.546,1.974,0.875,480
106144,JEPELACIO,SAN MARTIN,MOYOBAMBA,gfs,temp,20260902,20261001,"00Z,12Z",D1,3h,-0.691,2.192,2.638,0.853,480
106144,JEPELACIO,SAN MARTIN,MOYOBAMBA,eta5,temp,20260902,20261001,"00Z,12Z",D1,3h,2.9,3.069,3.719,0.809,384
106144,JEPELACIO,SAN MARTIN,MOYOBAMBA,wrf5,temp,20260902,20261001,"00Z,12Z",D1,3h,-0.496,1.852,2.322,0.786,472
106144,JEPELACIO,SAN MARTIN,MOYOBAMBA,mpas15,temp,20260902,20261001,00Z,D1,3h,-2.136,2.595,3.255,0.772,240
106145,TINGO DE PONAZA,SAN MARTIN,PICOTA,ecmwf,temp,20260902,20261001,"00Z,12Z",D1,3h,-1.199,1.952,2.501,0.862,380
106145,TINGO DE PONAZA,SAN MARTIN,PICOTA,gfs,temp,20260902,20261001,"00Z,12Z",D1,3h,-2.585,2.973,3.64,0.871,380
106145,TINGO DE PONAZA,SAN MARTIN,PICOTA,eta5,temp,20260902,20261001,"00Z,12Z",D1,3h,0.312,2.301,2.888,0.806,305
106145,TINGO DE PONAZA,SAN MARTIN,PICOTA,wrf5,temp,20260902,20261001,"00Z,12Z",D1,3h,-0.728,1.829,2.27,0.888,372
106145,TINGO DE PONAZA,SAN MARTIN,PICOTA,mpas15,temp,20260902,20261001,00Z,D1,3h,-3.472,3.534,4.217,0.908,190
4724851A,NARANJILLO,SAN MARTIN,RIOJA,ecmwf,temp,20260902,20261001,"00Z,12Z",D1,3h,-2.26,2.525,2.958,0.882,474
4724851A,NARANJILLO,SAN MARTIN,RIOJA,gfs,temp,20260902,20261001,"00Z,12Z",D1,3h,-4.247,4.309,4.839,0.798,474
4724851A,NARANJILLO,SAN MARTIN,RIOJA,eta5,temp,20260902,20261001,"00Z,12Z",D1,3h,-0.184,1.773,2.192,0.801,379
4724851A,NARANJILLO,SAN MARTIN,RIOJA,wrf5,temp,20260902,20261001,"00Z,12Z",D1,3h,-0.528,1.495,1.966,0.868,466
4724851A,NARANJILLO,SAN MARTIN,RIOJA,mpas15,temp,20260902,20261001,00Z,D1,3h,-5.576,5.582,6.113,0.743,237
4723013A,EL PORVENIR,SAN MARTIN,SAN MARTIN,ecmwf,temp,20260902,20261001,"00Z,12Z",D1,3h,-3.826,3.917,4.706,0.839,406
4723013A,EL PORVENIR,SAN MARTIN,SAN MARTIN,gfs,temp,20260902,20261001,"00Z,12Z",D1,3h,-3.362,3.444,4.075,0.883,406
4723013A,EL PORVENIR,SAN MARTIN,SAN MARTIN,eta5,temp,20260902,20261001,"00Z,12Z",D1,3h,0.586,2.131,2.672,0.833,343
4723013A,EL PORVENIR,SAN MARTIN,SAN MARTIN,wrf5,temp,20260902,20261001,"00Z,12Z",D1,3h,-0.199,1.639,2.071,0.892,398
4723013A,EL PORVENIR,SAN MARTIN,SAN MARTIN,mpas15,temp,20260902,20261001,00Z,D1,3h,-3.377,3.399,3.995,0.931,203
47E2E456,TOCACHE,SAN MARTIN,TOCACHE,ecmwf,temp,20260902,20261001,"00Z,12Z",D1,3h,-1.006,1.631,1.969,0.874,472
47E2E456,TOCACHE,SAN MARTIN,TOCACHE,gfs,temp,20260902,20261001,"00Z,12Z",D1,3h,-1.437,3.131,3.47,0.837,472
47E2E456,TOCACHE,SAN MARTIN,TOCACHE,eta5,temp,20260902,20261001,"00Z,12Z",D1,3h,1.693,2.149,2.743,0.824,379
47E2E456,TOCACHE,SAN MARTIN,TOCACHE,wrf5,temp,20260902,20261001,"00Z,12Z",D1,3h,0.281,1.71,2.144,0.853,464
47E2E456,TOCACHE,SAN MARTIN,TOCACHE,mpas15,temp,20260902,20261001,00Z,D1,3h,-2.828,3.092,3.495,0.823,236
47E2C2BA,CANDARAVE,TACNA,CANDARAVE,ecmwf,temp,20260902,20261001,"00Z,12Z",D1,3h,-1.6,1.808,2.114,0.944,476
47E2C2BA,CANDARAVE,TACNA,CANDARAVE,gfs,temp,20260902,20261001,"00Z,12Z",D1,3h,-1.297,1.876,2.339,0.893,476
47E2C2BA,CANDARAVE,TACNA,CANDARAVE,eta5,temp,20260902,20261001,"00Z,12Z",D1,3h,-0.463,1.206,1.49,0.933,381
47E2C2BA,CANDARAVE,TACNA,CANDARAVE,wrf5,temp,20260902,20261001,"00Z,12Z",D1,3h,2.107,2.194,2.66,0.903,468
47E2C2BA,CANDARAVE,TACNA,CANDARAVE,mpas15,temp,20260902,20261001,00Z,D1,3h,-1.602,1.951,2.368,0.929,238
47E1654C,CORACHAY II,TACNA,CANDARAVE,ecmwf,temp,20260902,20261001,"00Z,12Z",D1,3h,S/D,S/D,S/D,S/D,0
47E1654C,CORACHAY II,TACNA,CANDARAVE,gfs,temp,20260902,20261001,"00Z,12Z",D1,3h,S/D,S/D,S/D,S/D,0
47E1654C,CORACHAY II,TACNA,CANDARAVE,eta5,temp,20260902,20261001,"00Z,12Z",D1,3h,S/D,S/D,S/D,S/D,0
47E1654C,CORACHAY II,TACNA,CANDARAVE,wrf5,temp,20260902,20261001,"00Z,12Z",D1,3h,S/D,S/D,S/D,S/D,0
47E1654C,CORACHAY II,TACNA,CANDARAVE,mpas15,temp,20260902,20261001,00Z,D1,3h,S/D,S/D,S/D,S/D,0
47E12646,LAGUNA ARICOTA,TACNA,CANDARAVE,ecmwf,temp,20260902,20261001,"00Z,12Z",D1,3h,S/D,S/D,S/D,S/D,0
47E12646,LAGUNA ARICOTA,TACNA,CANDARAVE,gfs,temp,20260902,20261001,"00Z,12Z",D1,3h,S/D,S/D,S/D,S/D,0
47E12646,LAGUNA ARICOTA,TACNA,CANDARAVE,eta5,temp,20260902,20261001,"00Z,12Z",D1,3h,S/D,S/D,S/D,S/D,0
47E12646,LAGUNA ARICOTA,TACNA,CANDARAVE,wrf5,temp,20260902,20261001,"00Z,12Z",D1,3h,S/D,S/D,S/D,S/D,0
47E12646,LAGUNA ARICOTA,TACNA,CANDARAVE,mpas15,temp,20260902,20261001,00Z,D1,3h,S/D,S/D,S/D,S/D,0
47E186BE,PUENTE VIEJO,TACNA,JORGE BASADRE,ecmwf,temp,20260902,20261001,"00Z,12Z",D1,3h,S/D,S/D,S/D,S/D,0
47E186BE,PUENTE VIEJO,TACNA,JORGE BASADRE,gfs,temp,20260902,20261001,"00Z,12Z",D1,3h,S/D,S/D,S/D,S/D,0
47E186BE,PUENTE VIEJO,TACNA,JORGE BASADRE,eta5,temp,20260902,20261001,"00Z,12Z",D1,3h,S/D,S/D,S/D,S/D,0
47E186BE,PUENTE VIEJO,TACNA,JORGE BASADRE,wrf5,temp,20260902,20261001,"00Z,12Z",D1,3h,S/D,S/D,S/D,S/D,0
47E186BE,PUENTE VIEJO,TACNA,JORGE BASADRE,mpas15,temp,20260902,20261001,00Z,D1,3h,S/D,S/D,S/D,S/D,0
47E2B42A,BOCATOMA EL AYRO,TACNA,TACNA,ecmwf,temp,20260902,20261001,"00Z,12Z",D1,3h,-3.643,4.884,5.443,0.745,478
47E2B42A,BOCATOMA EL AYRO,TACNA,TACNA,gfs,temp,20260902,20261001,"00Z,12Z",D1,3h,-2.103,4.167,4.692,0.743,478
47E2B42A,BOCATOMA EL AYRO,TACNA,TACNA,eta5,temp,20260902,20261001,"00Z,12Z",D1,3h,1.434,2.546,3.458,0.819,383
47E2B42A,BOCATOMA EL AYRO,TACNA,TACNA,wrf5,temp,20260902,20261001,"00Z,12Z",D1,3h,1.306,2.611,3.529,0.85,470
47E2B42A,BOCATOMA EL AYRO,TACNA,TACNA,mpas15,temp,20260902,20261001,00Z,D1,3h,-3.249,4.103,4.588,0.846,239
47E143A0,CAPLINA,TACNA,TACNA,ecmwf,temp,20260902,20261001,"00Z,12Z",D1,3h,S/D,S/D,S/D,S/D,0
47E143A0,CAPLINA,TACNA,TACNA,gfs,temp,20260902,20261001,"00Z,12Z",D1,3h,S/D,S/D,S/D,S/D,0
47E143A0,CAPLINA,TACNA,TACNA,eta5,temp,20260902,20261001,"00Z,12Z",D1,3h,S/D,S/D,S/D,S/D,0
47E143A0,CAPLINA,TACNA,TACNA,wrf5,temp,20260902,20261001,"00Z,12Z",D1,3h,S/D,S/D,S/D,S/D,0
47E143A0,CAPLINA,TACNA,TACNA,mpas15,temp,20260902,20261001,00Z,D1,3h,S/D,S/D,S/D,S/D,0
47E13530,CERRO BLANCO,TACNA,TACNA,ecmwf,temp,20260902,20261001,"00Z,12Z",D1,3h,S/D,S/D,S/D,S/D,0
47E13530,CERRO BLANCO,TACNA,TACNA,gfs,temp,20260902,20261001,"00Z,12Z",D1,3h,S/D,S/D,S/D,S/D,0
47E13530,CERRO BLANCO,TACNA,TACNA,eta5,temp,20260902,20261001,"00Z,12Z",D1,3h,S/D,S/D,S/D,S/D,0
47E13530,CERRO BLANCO,TACNA,TACNA,wrf5,temp,20260902,20261001,"00Z,12Z",D1,3h,S/D,S/D,S/D,S/D,0
47E13530,CERRO BLANCO,TACNA,TACNA,mpas15,temp,20260902,20261001,00Z,D1,3h,S/D,S/D,S/D,S/D,0
47E195C8,CHALLATA,TACNA,TACNA,ecmwf,temp,20260902,20261001,"00Z,12Z",D1,3h,S/D,S/D,S/D,S/D,0
47E195C8,CHALLATA,TACNA,TACNA,gfs,temp,20260902,20261001,"00Z,12Z",D1,3h,S/D,S/D,S/D,S/D,0
47E195C8,CHALLATA,TACNA,TACNA,eta5,temp,20260902,20261001,"00Z,12Z",D1,3h,S/D,S/D,S/D,S/D,0
47E195C8,CHALLATA,TACNA,TACNA,wrf5,temp,20260902,20261001,"00Z,12Z",D1,3h,S/D,S/D,S/D,S/D,0
47E195C8,CHALLATA,TACNA,TACNA,mpas15,temp,20260902,20261001,00Z,D1,3h,S/D,S/D,S/D,S/D,0
4722F344,LA TRANCA,TACNA,TACNA,ecmwf,temp,20260902,20261001,"00Z,12Z",D1,3h,S/D,S/D,S/D,S/D,0
4722F344,LA TRANCA,TACNA,TACNA,gfs,temp,20260902,20261001,"00Z,12Z",D1,3h,S/D,S/D,S/D,S/D,0
4722F344,LA TRANCA,TACNA,TACNA,eta5,temp,20260902,20261001,"00Z,12Z",D1,3h,S/D,S/D,S/D,S/D,0
4722F344,LA TRANCA,TACNA,TACNA,wrf5,temp,20260902,20261001,"00Z,12Z",D1,3h,S/D,S/D,S/D,S/D,0
4722F344,LA TRANCA,TACNA,TACNA,mpas15,temp,20260902,20261001,00Z,D1,3h,S/D,S/D,S/D,S/D,0
47E113DC,REPRESA PAUCARANI,TACNA,TACNA,ecmwf,temp,20260902,20261001,"00Z,12Z",D1,3h,S/D,S/D,S/D,S/D,0
47E113DC,REPRESA PAUCARANI,TACNA,TACNA,gfs,temp,20260902,20261001,"00Z,12Z",D1,3h,S/D,S/D,S/D,S/D,0
47E113DC,REPRESA PAUCARANI,TACNA,TACNA,eta5,temp,20260902,20261001,"00Z,12Z",D1,3h,S/D,S/D,S/D,S/D,0
47E113DC,REPRESA PAUCARANI,TACNA,TACNA,wrf5,temp,20260902,20261001,"00Z,12Z",D1,3h,S/D,S/D,S/D,S/D,0
47E113DC,REPRESA PAUCARANI,TACNA,TACNA,mpas15,temp,20260902,20261001,00Z,D1,3h,S/D,S/D,S/D,S/D,0
117059,ANCOAQUE,TACNA,TARATA,ecmwf,temp,20260902,20261001,"00Z,12Z",D1,3h,S/D,S/D,S/D,S/D,0
117059,ANCOAQUE,TACNA,TARATA,gfs,temp,20260902,20261001,"00Z,12Z",D1,3h,S/D,S/D,S/D,S/D,0
117059,ANCOAQUE,TACNA,TARATA,eta5,temp,20260902,20261001,"00Z,12Z",D1,3h,S/D,S/D,S/D,S/D,0
117059,ANCOAQUE,TACNA,TARATA,wrf5,temp,20260902,20261001,"00Z,12Z",D1,3h,S/D,S/D,S/D,S/D,0
117059,ANCOAQUE,TACNA,TARATA,mpas15,temp,20260902,20261001,00Z,D1,3h,S/D,S/D,S/D,S/D,0
47E292C6,CHUAPALCA,TACNA,TARATA,ecmwf,temp,20260902,20261001,"00Z,12Z",D1,3h,0.111,3.366,4.166,0.878,474
47E292C6,CHUAPALCA,TACNA,TARATA,gfs,temp,20260902,20261001,"00Z,12Z",D1,3h,0.209,4.464,5.424,0.77,474
47E292C6,CHUAPALCA,TACNA,TARATA,eta5,temp,20260902,20261001,"00Z,12Z",D1,3h,2.169,3.301,5.001,0.823,379
47E292C6,CHUAPALCA,TACNA,TARATA,wrf5,temp,20260902,20261001,"00Z,12Z",D1,3h,2.575,3.612,5.484,0.837,466
47E292C6,CHUAPALCA,TACNA,TARATA,mpas15,temp,20260902,20261001,00Z,D1,3h,-2.015,4.561,4.976,0.855,237
47E150D6,PUENTE TALAPALCA,TACNA,TARATA,ecmwf,temp,20260902,20261001,"00Z,12Z",D1,3h,S/D,S/D,S/D,S/D,0
47E150D6,PUENTE TALAPALCA,TACNA,TARATA,gfs,temp,20260902,20261001,"00Z,12Z",D1,3h,S/D,S/D,S/D,S/D,0
47E150D6,PUENTE TALAPALCA,TACNA,TARATA,eta5,temp,20260902,20261001,"00Z,12Z",D1,3h,S/D,S/D,S/D,S/D,0
47E150D6,PUENTE TALAPALCA,TACNA,TARATA,wrf5,temp,20260902,20261001,"00Z,12Z",D1,3h,S/D,S/D,S/D,S/D,0
47E150D6,PUENTE TALAPALCA,TACNA,TARATA,mpas15,temp,20260902,20261001,00Z,D1,3h,S/D,S/D,S/D,S/D,0
47E1B324,REPRESA JARUMAS,TACNA,TARATA,ecmwf,temp,20260902,20261001,"00Z,12Z",D1,3h,S/D,S/D,S/D,S/D,0
47E1B324,REPRESA JARUMAS,TACNA,TARATA,gfs,temp,20260902,20261001,"00Z,12Z",D1,3h,S/D,S/D,S/D,S/D,0
47E1B324,REPRESA JARUMAS,TACNA,TARATA,eta5,temp,20260902,20261001,"00Z,12Z",D1,3h,S/D,S/D,S/D,S/D,0
47E1B324,REPRESA JARUMAS,TACNA,TARATA,wrf5,temp,20260902,20261001,"00Z,12Z",D1,3h,S/D,S/D,S/D,S/D,0
47E1B324,REPRESA JARUMAS,TACNA,TARATA,mpas15,temp,20260902,20261001,00Z,D1,3h,S/D,S/D,S/D,S/D,0
47E1763A,SALIDA TUNEL KOVIRE,TACNA,TARATA,ecmwf,temp,20260902,20261001,"00Z,12Z",D1,3h,S/D,S/D,S/D,S/D,0
47E1763A,SALIDA TUNEL KOVIRE,TACNA,TARATA,gfs,temp,20260902,20261001,"00Z,12Z",D1,3h,S/D,S/D,S/D,S/D,0
47E1763A,SALIDA TUNEL KOVIRE,TACNA,TARATA,eta5,temp,20260902,20261001,"00Z,12Z",D1,3h,S/D,S/D,S/D,S/D,0
47E1763A,SALIDA TUNEL KOVIRE,TACNA,TARATA,wrf5,temp,20260902,20261001,"00Z,12Z",D1,3h,S/D,S/D,S/D,S/D,0
47E1763A,SALIDA TUNEL KOVIRE,TACNA,TARATA,mpas15,temp,20260902,20261001,00Z,D1,3h,S/D,S/D,S/D,S/D,0
47E2D1CC,TARATA,TACNA,TARATA,ecmwf,temp,20260902,20261001,"00Z,12Z",D1,3h,-4.761,4.91,5.523,0.843,478
47E2D1CC,TARATA,TACNA,TARATA,gfs,temp,20260902,20261001,"00Z,12Z",D1,3h,-5.018,5.113,5.999,0.825,478
47E2D1CC,TARATA,TACNA,TARATA,eta5,temp,20260902,20261001,"00Z,12Z",D1,3h,-0.088,1.2,1.57,0.918,383
47E2D1CC,TARATA,TACNA,TARATA,wrf5,temp,20260902,20261001,"00Z,12Z",D1,3h,1.063,2.709,3.228,0.829,470
47E2D1CC,TARATA,TACNA,TARATA,mpas15,temp,20260902,20261001,00Z,D1,3h,-7.232,7.271,7.805,0.856,239
47E2A75C,VILACOTA,TACNA,TARATA,ecmwf,temp,20260902,20261001,"00Z,12Z",D1,3h,-0.059,2.743,3.256,0.857,478
47E2A75C,VILACOTA,TACNA,TARATA,gfs,temp,20260902,20261001,"00Z,12Z",D1,3h,1.05,3.466,4.247,0.785,478
47E2A75C,VILACOTA,TACNA,TARATA,eta5,temp,20260902,20261001,"00Z,12Z",D1,3h,2.474,3.02,4.297,0.802,383
47E2A75C,VILACOTA,TACNA,TARATA,wrf5,temp,20260902,20261001,"00Z,12Z",D1,3h,0.992,3.668,4.511,0.733,470
47E2A75C,VILACOTA,TACNA,TARATA,mpas15,temp,20260902,20261001,00Z,D1,3h,-1.94,3.232,3.668,0.871,239
472F13D0,CAÑAVERAL,TUMBES,CONTRALMIRANTE VILLAR,ecmwf,temp,20260902,20261001,"00Z,12Z",D1,3h,-0.009,0.863,1.124,0.918,476
472F13D0,CAÑAVERAL,TUMBES,CONTRALMIRANTE VILLAR,gfs,temp,20260902,20261001,"00Z,12Z",D1,3h,-0.968,1.314,1.547,0.879,476
472F13D0,CAÑAVERAL,TUMBES,CONTRALMIRANTE VILLAR,eta5,temp,20260902,20261001,"00Z,12Z",D1,3h,-0.162,1.241,1.535,0.892,381
472F13D0,CAÑAVERAL,TUMBES,CONTRALMIRANTE VILLAR,wrf5,temp,20260902,20261001,"00Z,12Z",D1,3h,-0.604,1.253,1.518,0.863,468
472F13D0,CAÑAVERAL,TUMBES,CONTRALMIRANTE VILLAR,mpas15,temp,20260902,20261001,00Z,D1,3h,-1.76,1.882,2.167,0.89,238
47E01126,CABO INGA H,TUMBES,TUMBES,ecmwf,temp,20260902,20261001,"00Z,12Z",D1,3h,S/D,S/D,S/D,S/D,0
47E01126,CABO INGA H,TUMBES,TUMBES,gfs,temp,20260902,20261001,"00Z,12Z",D1,3h,S/D,S/D,S/D,S/D,0
47E01126,CABO INGA H,TUMBES,TUMBES,eta5,temp,20260902,20261001,"00Z,12Z",D1,3h,S/D,S/D,S/D,S/D,0
47E01126,CABO INGA H,TUMBES,TUMBES,wrf5,temp,20260902,20261001,"00Z,12Z",D1,3h,S/D,S/D,S/D,S/D,0
47E01126,CABO INGA H,TUMBES,TUMBES,mpas15,temp,20260902,20261001,00Z,D1,3h,S/D,S/D,S/D,S/D,0
472F00A6,CABO INGA M,TUMBES,TUMBES,ecmwf,temp,20260902,20261001,"00Z,12Z",D1,3h,-1.315,1.737,2.05,0.882,476
472F00A6,CABO INGA M,TUMBES,TUMBES,gfs,temp,20260902,20261001,"00Z,12Z",D1,3h,-1.183,2.102,2.447,0.83,476
472F00A6,CABO INGA M,TUMBES,TUMBES,eta5,temp,20260902,20261001,"00Z,12Z",D1,3h,-0.985,1.844,2.187,0.853,380
472F00A6,CABO INGA M,TUMBES,TUMBES,wrf5,temp,20260902,20261001,"00Z,12Z",D1,3h,-1.857,2.635,2.996,0.836,468
472F00A6,CABO INGA M,TUMBES,TUMBES,mpas15,temp,20260902,20261001,00Z,D1,3h,-1.854,2.228,2.559,0.862,238
472EF2D8,CAMPAMENTO SEDE,TUMBES,TUMBES,ecmwf,temp,20260902,20261001,"00Z,12Z",D1,3h,-1.077,1.36,1.958,0.41,422
472EF2D8,CAMPAMENTO SEDE,TUMBES,TUMBES,gfs,temp,20260902,20261001,"00Z,12Z",D1,3h,-2.0,2.019,2.486,0.633,422
472EF2D8,CAMPAMENTO SEDE,TUMBES,TUMBES,eta5,temp,20260902,20261001,"00Z,12Z",D1,3h,-0.777,1.082,1.304,0.771,336
472EF2D8,CAMPAMENTO SEDE,TUMBES,TUMBES,wrf5,temp,20260902,20261001,"00Z,12Z",D1,3h,-1.148,1.383,1.677,0.779,415
472EF2D8,CAMPAMENTO SEDE,TUMBES,TUMBES,mpas15,temp,20260902,20261001,00Z,D1,3h,-1.264,1.345,1.814,0.751,211
4724A3F6,EL TIGRE,TUMBES,TUMBES,ecmwf,temp,20260902,20261001,"00Z,12Z",D1,3h,-0.206,0.98,1.273,0.896,472
4724A3F6,EL TIGRE,TUMBES,TUMBES,gfs,temp,20260902,20261001,"00Z,12Z",D1,3h,-1.546,1.803,2.132,0.839,472
4724A3F6,EL TIGRE,TUMBES,TUMBES,eta5,temp,20260902,20261001,"00Z,12Z",D1,3h,-0.136,1.398,1.738,0.829,379
4724A3F6,EL TIGRE,TUMBES,TUMBES,wrf5,temp,20260902,20261001,"00Z,12Z",D1,3h,-0.69,1.373,1.71,0.838,464
4724A3F6,EL TIGRE,TUMBES,TUMBES,mpas15,temp,20260902,20261001,00Z,D1,3h,-2.189,2.311,2.662,0.86,236
472F43AC,HUASIMO,TUMBES,TUMBES,ecmwf,temp,20260902,20261001,"00Z,12Z",D1,3h,1.54,1.626,1.986,0.934,476
472F43AC,HUASIMO,TUMBES,TUMBES,gfs,temp,20260902,20261001,"00Z,12Z",D1,3h,1.673,1.907,2.467,0.9,476
472F43AC,HUASIMO,TUMBES,TUMBES,eta5,temp,20260902,20261001,"00Z,12Z",D1,3h,1.176,1.519,1.906,0.91,380
472F43AC,HUASIMO,TUMBES,TUMBES,wrf5,temp,20260902,20261001,"00Z,12Z",D1,3h,-0.774,1.796,2.108,0.903,468
472F43AC,HUASIMO,TUMBES,TUMBES,mpas15,temp,20260902,20261001,00Z,D1,3h,1.333,1.527,2.008,0.918,238
47E024BC,PUENTE TUMBES,TUMBES,TUMBES,ecmwf,temp,20260902,20261001,"00Z,12Z",D1,3h,S/D,S/D,S/D,S/D,0
47E024BC,PUENTE TUMBES,TUMBES,TUMBES,gfs,temp,20260902,20261001,"00Z,12Z",D1,3h,S/D,S/D,S/D,S/D,0
47E024BC,PUENTE TUMBES,TUMBES,TUMBES,eta5,temp,20260902,20261001,"00Z,12Z",D1,3h,S/D,S/D,S/D,S/D,0
47E024BC,PUENTE TUMBES,TUMBES,TUMBES,wrf5,temp,20260902,20261001,"00Z,12Z",D1,3h,S/D,S/D,S/D,S/D,0
47E024BC,PUENTE TUMBES,TUMBES,TUMBES,mpas15,temp,20260902,20261001,00Z,D1,3h,S/D,S/D,S/D,S/D,0
103068,PUERTO PIZARRO,TUMBES,TUMBES,ecmwf,temp,20260902,20261001,"00Z,12Z",D1,3h,-1.945,2.3,3.168,0.305,330
103068,PUERTO PIZARRO,TUMBES,TUMBES,gfs,temp,20260902,20261001,"00Z,12Z",D1,3h,-2.818,2.846,3.637,0.648,330
103068,PUERTO PIZARRO,TUMBES,TUMBES,eta5,temp,20260902,20261001,"00Z,12Z",D1,3h,-2.474,2.5,3.048,0.889,265
103068,PUERTO PIZARRO,TUMBES,TUMBES,wrf5,temp,20260902,20261001,"00Z,12Z",D1,3h,-2.04,2.343,3.236,0.297,324
103068,PUERTO PIZARRO,TUMBES,TUMBES,mpas15,temp,20260902,20261001,00Z,D1,3h,-1.916,2.027,2.843,0.714,165
472F264A,RICA PLAYA,TUMBES,TUMBES,ecmwf,temp,20260902,20261001,"00Z,12Z",D1,3h,-0.063,1.063,1.346,0.878,478
472F264A,RICA PLAYA,TUMBES,TUMBES,gfs,temp,20260902,20261001,"00Z,12Z",D1,3h,-1.394,1.625,1.926,0.826,478
472F264A,RICA PLAYA,TUMBES,TUMBES,eta5,temp,20260902,20261001,"00Z,12Z",D1,3h,-0.906,1.597,1.935,0.838,382
472F264A,RICA PLAYA,TUMBES,TUMBES,wrf5,temp,20260902,20261001,"00Z,12Z",D1,3h,-1.14,1.674,2.002,0.805,470
472F264A,RICA PLAYA,TUMBES,TUMBES,mpas15,temp,20260902,20261001,00Z,D1,3h,-2.035,2.167,2.552,0.854,239
472F353C,MATAPALO,TUMBES,ZARUMILLA,ecmwf,temp,20260902,20261001,"00Z,12Z",D1,3h,-1.153,1.47,1.774,0.899,478
472F353C,MATAPALO,TUMBES,ZARUMILLA,gfs,temp,20260902,20261001,"00Z,12Z",D1,3h,-1.275,1.749,2.076,0.886,478
472F353C,MATAPALO,TUMBES,ZARUMILLA,eta5,temp,20260902,20261001,"00Z,12Z",D1,3h,0.513,1.217,1.566,0.876,382
472F353C,MATAPALO,TUMBES,ZARUMILLA,wrf5,temp,20260902,20261001,"00Z,12Z",D1,3h,-0.378,1.191,1.524,0.868,470
472F353C,MATAPALO,TUMBES,ZARUMILLA,mpas15,temp,20260902,20261001,00Z,D1,3h,-1.126,1.384,1.781,0.886,239
47E86310,CALLERIA,UCAYALI,CORONEL PORTILLO,ecmwf,temp,20260902,20261001,"00Z,12Z",D1,3h,0.381,1.665,2.152,0.847,480
47E86310,CALLERIA,UCAYALI,CORONEL PORTILLO,gfs,temp,20260902,20261001,"00Z,12Z",D1,3h,1.502,2.586,3.51,0.794,480
47E86310,CALLERIA,UCAYALI,CORONEL PORTILLO,eta5,temp,20260902,20261001,"00Z,12Z",D1,3h,2.818,3.011,3.787,0.782,384
47E86310,CALLERIA,UCAYALI,CORONEL PORTILLO,wrf5,temp,20260902,20261001,"00Z,12Z",D1,3h,1.35,1.921,2.57,0.858,472
47E86310,CALLERIA,UCAYALI,CORONEL PORTILLO,mpas15,temp,20260902,20261001,00Z,D1,3h,-0.091,1.604,2.185,0.864,240
47E87066,PUERTO ESPERANZA,UCAYALI,PURUS,ecmwf,temp,20260902,20261001,"00Z,12Z",D1,3h,-0.904,1.998,2.756,0.834,480
47E87066,PUERTO ESPERANZA,UCAYALI,PURUS,gfs,temp,20260902,20261001,"00Z,12Z",D1,3h,0.561,2.732,3.524,0.78,480
47E87066,PUERTO ESPERANZA,UCAYALI,PURUS,eta5,temp,20260902,20261001,"00Z,12Z",D1,3h,2.331,2.664,3.257,0.858,384
47E87066,PUERTO ESPERANZA,UCAYALI,PURUS,wrf5,temp,20260902,20261001,"00Z,12Z",D1,3h,0.907,2.063,2.657,0.853,472
47E87066,PUERTO ESPERANZA,UCAYALI,PURUS,mpas15,temp,20260902,20261001,00Z,D1,3h,-1.136,2.083,2.832,0.852,240
270001,DESAGUADERO,PUNO,CHUCUITO,ecmwf,temp,20260902,20261001,"00Z,12Z",D1,3h,S/D,S/D,S/D,S/D,0
270001,DESAGUADERO,PUNO,CHUCUITO,gfs,temp,20260902,20261001,"00Z,12Z",D1,3h,S/D,S/D,S/D,S/D,0
270001,DESAGUADERO,PUNO,CHUCUITO,eta5,temp,20260902,20261001,"00Z,12Z",D1,3h,S/D,S/D,S/D,S/D,0
270001,DESAGUADERO,PUNO,CHUCUITO,wrf5,temp,20260902,20261001,"00Z,12Z",D1,3h,S/D,S/D,S/D,S/D,0
270001,DESAGUADERO,PUNO,CHUCUITO,mpas15,temp,20260902,20261001,00Z,D1,3h,S/D,S/D,S/D,S/D,0
101004,GUEPPI,LORETO,PUTUMAYO,ecmwf,temp,20260902,20261001,"00Z,12Z",D1,3h,0.118,1.215,1.63,0.83,480
101004,GUEPPI,LORETO,PUTUMAYO,gfs,temp,20260902,20261001,"00Z,12Z",D1,3h,-0.537,2.264,2.828,0.78,480
101004,GUEPPI,LORETO,PUTUMAYO,eta5,temp,20260902,20261001,"00Z,12Z",D1,3h,2.015,2.316,3.008,0.783,384
101004,GUEPPI,LORETO,PUTUMAYO,wrf5,temp,20260902,20261001,"00Z,12Z",D1,3h,0.688,1.764,2.337,0.794,472
101004,GUEPPI,LORETO,PUTUMAYO,mpas15,temp,20260902,20261001,00Z,D1,3h,0.1,1.202,1.672,0.828,240
