codigo,estacion,departamento,provincia,modelo,variable,periodo_inicio,periodo_fin,ciclos,horizonte,resolucion,bias,rmse,spearman,n,pod_0p1,far_0p1,csi_0p1,eventos_0p1,pod_1,far_1,csi_1,eventos_1,pod_5,far_5,csi_5,eventos_5,pod_25,far_25,csi_25,eventos_25
472C57D4,BAGUA,AMAZONAS,UTCUBAMBA,ecmwf,pp,20260909,20261008,"00Z,12Z",D1,6h,0.534,1.282,0.267,236,1.0,0.893,0.107,16,0.714,0.831,0.159,14,0.0,1.0,0.0,4,S/D,S/D,S/D,0
472C57D4,BAGUA,AMAZONAS,UTCUBAMBA,gfs,pp,20260909,20261008,"00Z,12Z",D1,6h,0.244,1.031,0.174,236,0.75,0.925,0.074,16,0.357,0.868,0.106,14,0.0,S/D,0.0,4,S/D,S/D,S/D,0
472C57D4,BAGUA,AMAZONAS,UTCUBAMBA,eta5,pp,20260909,20261008,"00Z,12Z",D1,6h,1.465,2.898,0.041,189,0.75,0.924,0.074,12,0.364,0.947,0.049,11,0.333,0.944,0.05,3,S/D,S/D,S/D,0
472C57D4,BAGUA,AMAZONAS,UTCUBAMBA,wrf5,pp,20260909,20261008,"00Z,12Z",D1,6h,-0.173,0.927,0.178,233,0.312,0.667,0.192,16,0.0,1.0,0.0,14,0.0,S/D,0.0,4,S/D,S/D,S/D,0
472C57D4,BAGUA,AMAZONAS,UTCUBAMBA,mpas15,pp,20260909,20261008,00Z,D1,6h,1.115,2.181,0.293,118,0.875,0.9,0.099,8,0.857,0.889,0.109,7,0.5,0.833,0.143,2,S/D,S/D,S/D,0
472B607A,CORRAL QUEMADO,AMAZONAS,UTCUBAMBA,ecmwf,pp,20260909,20261008,"00Z,12Z",D1,6h,0.336,1.209,0.341,230,0.864,0.812,0.183,22,0.7,0.825,0.163,10,0.5,0.75,0.2,2,S/D,S/D,S/D,0
472B607A,CORRAL QUEMADO,AMAZONAS,UTCUBAMBA,gfs,pp,20260909,20261008,"00Z,12Z",D1,6h,0.241,1.338,0.267,230,0.773,0.823,0.168,22,0.4,0.882,0.1,10,0.0,1.0,0.0,2,S/D,S/D,S/D,0
472B607A,CORRAL QUEMADO,AMAZONAS,UTCUBAMBA,eta5,pp,20260909,20261008,"00Z,12Z",D1,6h,2.216,3.875,0.054,184,0.667,0.908,0.088,18,0.375,0.966,0.032,8,0.0,1.0,0.0,1,S/D,S/D,S/D,0
472B607A,CORRAL QUEMADO,AMAZONAS,UTCUBAMBA,wrf5,pp,20260909,20261008,"00Z,12Z",D1,6h,-0.132,1.147,0.229,226,0.095,0.75,0.074,21,0.0,1.0,0.0,9,0.0,S/D,0.0,2,S/D,S/D,S/D,0
472B607A,CORRAL QUEMADO,AMAZONAS,UTCUBAMBA,mpas15,pp,20260909,20261008,00Z,D1,6h,1.49,2.869,0.257,115,0.909,0.844,0.154,11,1.0,0.907,0.093,5,1.0,0.923,0.077,1,S/D,S/D,S/D,0
472B2370,MAGUNCHAL,AMAZONAS,UTCUBAMBA,ecmwf,pp,20260909,20261008,"00Z,12Z",D1,6h,0.225,2.526,0.374,228,0.967,0.788,0.21,30,0.5,0.86,0.123,14,0.0,1.0,0.0,6,S/D,S/D,S/D,0
472B2370,MAGUNCHAL,AMAZONAS,UTCUBAMBA,gfs,pp,20260909,20261008,"00Z,12Z",D1,6h,0.719,2.652,0.189,228,0.867,0.847,0.149,30,0.571,0.906,0.088,14,0.333,0.857,0.111,6,S/D,S/D,S/D,0
472B2370,MAGUNCHAL,AMAZONAS,UTCUBAMBA,eta5,pp,20260909,20261008,"00Z,12Z",D1,6h,2.211,4.778,0.265,181,0.913,0.836,0.162,23,0.8,0.916,0.082,10,0.25,0.97,0.028,4,S/D,S/D,S/D,0
472B2370,MAGUNCHAL,AMAZONAS,UTCUBAMBA,wrf5,pp,20260909,20261008,"00Z,12Z",D1,6h,-0.312,2.378,0.333,224,0.367,0.633,0.224,30,0.214,0.571,0.167,14,0.0,1.0,0.0,6,S/D,S/D,S/D,0
472B2370,MAGUNCHAL,AMAZONAS,UTCUBAMBA,mpas15,pp,20260909,20261008,00Z,D1,6h,0.926,2.803,0.197,114,0.8,0.789,0.2,15,0.714,0.891,0.104,7,0.333,0.889,0.091,3,S/D,S/D,S/D,0
220907,NARANJITO,AMAZONAS,UTCUBAMBA,ecmwf,pp,20260909,20261008,"00Z,12Z",D1,6h,0.399,1.867,0.099,232,0.727,0.888,0.107,22,0.25,0.914,0.068,12,0.0,1.0,0.0,4,S/D,S/D,S/D,0
220907,NARANJITO,AMAZONAS,UTCUBAMBA,gfs,pp,20260909,20261008,"00Z,12Z",D1,6h,0.614,1.803,-0.006,232,0.818,0.892,0.106,22,0.167,0.971,0.025,12,0.0,1.0,0.0,4,S/D,S/D,S/D,0
220907,NARANJITO,AMAZONAS,UTCUBAMBA,eta5,pp,20260909,20261008,"00Z,12Z",D1,6h,3.106,5.688,0.132,185,0.778,0.885,0.111,18,0.7,0.929,0.069,10,0.0,1.0,0.0,3,S/D,S/D,S/D,0
220907,NARANJITO,AMAZONAS,UTCUBAMBA,wrf5,pp,20260909,20261008,"00Z,12Z",D1,6h,-0.115,1.387,0.129,228,0.227,0.737,0.139,22,0.167,0.75,0.111,12,0.0,1.0,0.0,4,S/D,S/D,S/D,0
220907,NARANJITO,AMAZONAS,UTCUBAMBA,mpas15,pp,20260909,20261008,00Z,D1,6h,1.177,2.74,0.058,116,0.727,0.862,0.131,11,0.333,0.957,0.039,6,0.0,1.0,0.0,2,S/D,S/D,S/D,0
109096,BUENA VISTA,ANCASH,CASMA,ecmwf,pp,20260909,20261008,"00Z,12Z",D1,6h,-0.011,0.092,0.199,228,0.25,0.333,0.222,8,S/D,S/D,S/D,0,S/D,S/D,S/D,0,S/D,S/D,S/D,0
109096,BUENA VISTA,ANCASH,CASMA,gfs,pp,20260909,20261008,"00Z,12Z",D1,6h,-0.009,0.096,0.244,228,0.125,0.5,0.111,8,S/D,S/D,S/D,0,S/D,S/D,S/D,0,S/D,S/D,S/D,0
109096,BUENA VISTA,ANCASH,CASMA,eta5,pp,20260909,20261008,"00Z,12Z",D1,6h,-0.009,0.085,0.202,181,0.0,1.0,0.0,6,S/D,S/D,S/D,0,S/D,S/D,S/D,0,S/D,S/D,S/D,0
109096,BUENA VISTA,ANCASH,CASMA,wrf5,pp,20260909,20261008,"00Z,12Z",D1,6h,-0.016,0.1,0.037,224,0.0,1.0,0.0,8,S/D,S/D,S/D,0,S/D,S/D,S/D,0,S/D,S/D,S/D,0
109096,BUENA VISTA,ANCASH,CASMA,mpas15,pp,20260909,20261008,00Z,D1,6h,-0.017,0.1,0.076,114,0.0,S/D,0.0,4,S/D,S/D,S/D,0,S/D,S/D,S/D,0,S/D,S/D,S/D,0
4725A10C,CHAVIN,ANCASH,HUARI,ecmwf,pp,20260909,20261008,"00Z,12Z",D1,6h,0.484,1.496,0.201,226,0.682,0.871,0.122,22,0.417,0.839,0.132,12,S/D,1.0,0.0,0,S/D,S/D,S/D,0
4725A10C,CHAVIN,ANCASH,HUARI,gfs,pp,20260909,20261008,"00Z,12Z",D1,6h,1.287,2.758,-0.008,226,0.636,0.909,0.086,22,0.167,0.976,0.022,12,S/D,1.0,0.0,0,S/D,S/D,S/D,0
4725A10C,CHAVIN,ANCASH,HUARI,eta5,pp,20260909,20261008,"00Z,12Z",D1,6h,0.638,1.489,0.109,182,0.611,0.879,0.112,18,0.333,0.93,0.061,9,S/D,1.0,0.0,0,S/D,S/D,S/D,0
4725A10C,CHAVIN,ANCASH,HUARI,wrf5,pp,20260909,20261008,"00Z,12Z",D1,6h,0.291,1.333,0.018,222,0.364,0.879,0.1,22,0.0,1.0,0.0,12,S/D,1.0,0.0,0,S/D,S/D,S/D,0
4725A10C,CHAVIN,ANCASH,HUARI,mpas15,pp,20260909,20261008,00Z,D1,6h,1.277,3.024,0.176,113,0.636,0.875,0.117,11,0.667,0.897,0.098,6,S/D,1.0,0.0,0,S/D,S/D,S/D,0
109091,SAUCEPAMPA,ANCASH,HUAYLAS,ecmwf,pp,20260909,20261008,"00Z,12Z",D1,6h,0.384,0.915,0.007,230,0.5,0.973,0.026,6,0.0,1.0,0.0,2,S/D,1.0,0.0,0,S/D,S/D,S/D,0
109091,SAUCEPAMPA,ANCASH,HUAYLAS,gfs,pp,20260909,20261008,"00Z,12Z",D1,6h,1.447,2.615,0.173,230,1.0,0.968,0.032,6,1.0,0.974,0.026,2,S/D,1.0,0.0,0,S/D,S/D,S/D,0
109091,SAUCEPAMPA,ANCASH,HUAYLAS,eta5,pp,20260909,20261008,"00Z,12Z",D1,6h,0.828,1.98,0.128,184,0.667,0.97,0.03,3,1.0,0.974,0.026,1,S/D,1.0,0.0,0,S/D,S/D,S/D,0
109091,SAUCEPAMPA,ANCASH,HUAYLAS,wrf5,pp,20260909,20261008,"00Z,12Z",D1,6h,0.16,0.586,0.175,227,0.333,0.949,0.047,6,0.5,0.933,0.062,2,S/D,S/D,S/D,0,S/D,S/D,S/D,0
109091,SAUCEPAMPA,ANCASH,HUAYLAS,mpas15,pp,20260909,20261008,00Z,D1,6h,0.893,2.039,-0.043,115,0.333,0.979,0.02,3,0.0,1.0,0.0,1,S/D,1.0,0.0,0,S/D,S/D,S/D,0
472182DA,PUENTE CAHUA,ANCASH,OCROS,ecmwf,pp,20260909,20261008,"00Z,12Z",D1,6h,S/D,S/D,S/D,0,S/D,S/D,S/D,0,S/D,S/D,S/D,0,S/D,S/D,S/D,0,S/D,S/D,S/D,0
472182DA,PUENTE CAHUA,ANCASH,OCROS,gfs,pp,20260909,20261008,"00Z,12Z",D1,6h,S/D,S/D,S/D,0,S/D,S/D,S/D,0,S/D,S/D,S/D,0,S/D,S/D,S/D,0,S/D,S/D,S/D,0
472182DA,PUENTE CAHUA,ANCASH,OCROS,eta5,pp,20260909,20261008,"00Z,12Z",D1,6h,S/D,S/D,S/D,0,S/D,S/D,S/D,0,S/D,S/D,S/D,0,S/D,S/D,S/D,0,S/D,S/D,S/D,0
472182DA,PUENTE CAHUA,ANCASH,OCROS,wrf5,pp,20260909,20261008,"00Z,12Z",D1,6h,S/D,S/D,S/D,0,S/D,S/D,S/D,0,S/D,S/D,S/D,0,S/D,S/D,S/D,0,S/D,S/D,S/D,0
472182DA,PUENTE CAHUA,ANCASH,OCROS,mpas15,pp,20260909,20261008,00Z,D1,6h,S/D,S/D,S/D,0,S/D,S/D,S/D,0,S/D,S/D,S/D,0,S/D,S/D,S/D,0,S/D,S/D,S/D,0
47E89394,PACHACOTO,ANCASH,RECUAY,ecmwf,pp,20260909,20261008,"00Z,12Z",D1,6h,0.243,1.212,0.205,232,0.615,0.83,0.154,26,0.5,0.923,0.071,4,0.0,S/D,0.0,2,S/D,S/D,S/D,0
47E89394,PACHACOTO,ANCASH,RECUAY,gfs,pp,20260909,20261008,"00Z,12Z",D1,6h,0.769,2.083,0.356,232,0.962,0.838,0.161,26,0.75,0.944,0.055,4,0.0,1.0,0.0,2,S/D,S/D,S/D,0
47E89394,PACHACOTO,ANCASH,RECUAY,eta5,pp,20260909,20261008,"00Z,12Z",D1,6h,0.33,1.233,0.347,187,0.714,0.717,0.254,21,0.667,0.913,0.083,3,0.0,1.0,0.0,1,S/D,S/D,S/D,0
47E89394,PACHACOTO,ANCASH,RECUAY,wrf5,pp,20260909,20261008,"00Z,12Z",D1,6h,0.374,1.753,0.334,229,0.538,0.754,0.203,26,0.5,0.926,0.069,4,0.0,1.0,0.0,2,S/D,S/D,S/D,0
47E89394,PACHACOTO,ANCASH,RECUAY,mpas15,pp,20260909,20261008,00Z,D1,6h,0.658,1.999,0.199,116,0.692,0.757,0.22,13,0.5,0.964,0.034,2,0.0,1.0,0.0,1,S/D,S/D,S/D,0
47259496,RECUAY,ANCASH,RECUAY,ecmwf,pp,20260909,20261008,"00Z,12Z",D1,6h,0.291,0.72,0.232,230,0.682,0.844,0.146,22,0.5,0.84,0.138,8,S/D,S/D,S/D,0,S/D,S/D,S/D,0
47259496,RECUAY,ANCASH,RECUAY,gfs,pp,20260909,20261008,"00Z,12Z",D1,6h,0.841,1.925,0.283,230,0.864,0.879,0.119,22,0.75,0.891,0.105,8,S/D,1.0,0.0,0,S/D,S/D,S/D,0
47259496,RECUAY,ANCASH,RECUAY,eta5,pp,20260909,20261008,"00Z,12Z",D1,6h,0.431,1.188,0.315,185,0.688,0.784,0.196,16,0.714,0.821,0.167,7,S/D,1.0,0.0,0,S/D,S/D,S/D,0
47259496,RECUAY,ANCASH,RECUAY,wrf5,pp,20260909,20261008,"00Z,12Z",D1,6h,0.349,1.249,0.369,226,0.636,0.75,0.219,22,0.625,0.808,0.172,8,S/D,1.0,0.0,0,S/D,S/D,S/D,0
47259496,RECUAY,ANCASH,RECUAY,mpas15,pp,20260909,20261008,00Z,D1,6h,0.716,1.881,0.088,115,0.545,0.857,0.128,11,0.75,0.909,0.088,4,S/D,1.0,0.0,0,S/D,S/D,S/D,0
110138,SHAQUEK,ANCASH,RECUAY,ecmwf,pp,20260909,20261008,"00Z,12Z",D1,6h,0.526,1.155,S/D,234,S/D,1.0,0.0,0,S/D,1.0,0.0,0,S/D,1.0,0.0,0,S/D,S/D,S/D,0
110138,SHAQUEK,ANCASH,RECUAY,gfs,pp,20260909,20261008,"00Z,12Z",D1,6h,0.343,0.836,S/D,234,S/D,1.0,0.0,0,S/D,1.0,0.0,0,S/D,1.0,0.0,0,S/D,S/D,S/D,0
110138,SHAQUEK,ANCASH,RECUAY,eta5,pp,20260909,20261008,"00Z,12Z",D1,6h,0.017,0.07,S/D,187,S/D,1.0,0.0,0,S/D,S/D,S/D,0,S/D,S/D,S/D,0,S/D,S/D,S/D,0
110138,SHAQUEK,ANCASH,RECUAY,wrf5,pp,20260909,20261008,"00Z,12Z",D1,6h,0.091,0.45,S/D,231,S/D,1.0,0.0,0,S/D,1.0,0.0,0,S/D,S/D,S/D,0,S/D,S/D,S/D,0
110138,SHAQUEK,ANCASH,RECUAY,mpas15,pp,20260909,20261008,00Z,D1,6h,0.402,1.044,S/D,117,S/D,1.0,0.0,0,S/D,1.0,0.0,0,S/D,1.0,0.0,0,S/D,S/D,S/D,0
211601,SAN JACINTO,ANCASH,SANTA,ecmwf,pp,20260909,20261008,"00Z,12Z",D1,6h,S/D,S/D,S/D,0,S/D,S/D,S/D,0,S/D,S/D,S/D,0,S/D,S/D,S/D,0,S/D,S/D,S/D,0
211601,SAN JACINTO,ANCASH,SANTA,gfs,pp,20260909,20261008,"00Z,12Z",D1,6h,S/D,S/D,S/D,0,S/D,S/D,S/D,0,S/D,S/D,S/D,0,S/D,S/D,S/D,0,S/D,S/D,S/D,0
211601,SAN JACINTO,ANCASH,SANTA,eta5,pp,20260909,20261008,"00Z,12Z",D1,6h,S/D,S/D,S/D,0,S/D,S/D,S/D,0,S/D,S/D,S/D,0,S/D,S/D,S/D,0,S/D,S/D,S/D,0
211601,SAN JACINTO,ANCASH,SANTA,wrf5,pp,20260909,20261008,"00Z,12Z",D1,6h,S/D,S/D,S/D,0,S/D,S/D,S/D,0,S/D,S/D,S/D,0,S/D,S/D,S/D,0,S/D,S/D,S/D,0
211601,SAN JACINTO,ANCASH,SANTA,mpas15,pp,20260909,20261008,00Z,D1,6h,S/D,S/D,S/D,0,S/D,S/D,S/D,0,S/D,S/D,S/D,0,S/D,S/D,S/D,0,S/D,S/D,S/D,0
113253,CURAHUASI,APURIMAC,ABANCAY,ecmwf,pp,20260909,20261008,"00Z,12Z",D1,6h,0.318,0.845,0.467,234,1.0,0.761,0.239,22,0.75,0.806,0.182,8,S/D,1.0,0.0,0,S/D,S/D,S/D,0
113253,CURAHUASI,APURIMAC,ABANCAY,gfs,pp,20260909,20261008,"00Z,12Z",D1,6h,0.813,2.054,0.4,234,1.0,0.841,0.159,22,0.625,0.915,0.081,8,S/D,1.0,0.0,0,S/D,S/D,S/D,0
113253,CURAHUASI,APURIMAC,ABANCAY,eta5,pp,20260909,20261008,"00Z,12Z",D1,6h,0.342,1.086,0.424,189,0.833,0.681,0.3,18,0.571,0.862,0.125,7,S/D,1.0,0.0,0,S/D,S/D,S/D,0
113253,CURAHUASI,APURIMAC,ABANCAY,wrf5,pp,20260909,20261008,"00Z,12Z",D1,6h,0.249,1.518,0.503,230,0.727,0.568,0.372,22,0.375,0.824,0.136,8,S/D,1.0,0.0,0,S/D,S/D,S/D,0
113253,CURAHUASI,APURIMAC,ABANCAY,mpas15,pp,20260909,20261008,00Z,D1,6h,0.373,1.128,0.201,117,0.636,0.781,0.194,11,0.25,0.962,0.034,4,S/D,1.0,0.0,0,S/D,S/D,S/D,0
47263360,GRANJA SAN ANTONIO,APURIMAC,ABANCAY,ecmwf,pp,20260909,20261008,"00Z,12Z",D1,6h,0.033,1.218,0.516,224,0.729,0.588,0.357,48,0.611,0.593,0.324,18,0.0,1.0,0.0,4,S/D,S/D,S/D,0
47263360,GRANJA SAN ANTONIO,APURIMAC,ABANCAY,gfs,pp,20260909,20261008,"00Z,12Z",D1,6h,0.51,2.028,0.429,224,0.854,0.694,0.291,48,0.5,0.83,0.145,18,0.0,1.0,0.0,4,S/D,S/D,S/D,0
47263360,GRANJA SAN ANTONIO,APURIMAC,ABANCAY,eta5,pp,20260909,20261008,"00Z,12Z",D1,6h,-0.267,1.503,0.422,180,0.463,0.406,0.352,41,0.071,0.8,0.056,14,0.0,S/D,0.0,4,S/D,S/D,S/D,0
47263360,GRANJA SAN ANTONIO,APURIMAC,ABANCAY,wrf5,pp,20260909,20261008,"00Z,12Z",D1,6h,0.31,2.553,0.553,220,0.652,0.318,0.5,46,0.444,0.704,0.216,18,0.0,1.0,0.0,4,S/D,S/D,S/D,0
47263360,GRANJA SAN ANTONIO,APURIMAC,ABANCAY,mpas15,pp,20260909,20261008,00Z,D1,6h,0.124,1.582,0.323,112,0.542,0.567,0.317,24,0.556,0.75,0.208,9,0.0,1.0,0.0,2,S/D,S/D,S/D,0
472B16EA,HUACULLO,APURIMAC,ANTABAMBA,ecmwf,pp,20260909,20261008,"00Z,12Z",D1,6h,0.104,0.745,0.408,234,0.8,0.628,0.34,20,0.4,0.733,0.19,10,S/D,S/D,S/D,0,S/D,S/D,S/D,0
472B16EA,HUACULLO,APURIMAC,ANTABAMBA,gfs,pp,20260909,20261008,"00Z,12Z",D1,6h,0.408,1.282,0.426,234,0.9,0.763,0.231,20,0.6,0.842,0.143,10,S/D,1.0,0.0,0,S/D,S/D,S/D,0
472B16EA,HUACULLO,APURIMAC,ANTABAMBA,eta5,pp,20260909,20261008,"00Z,12Z",D1,6h,0.521,1.623,0.502,187,0.9,0.625,0.36,20,0.8,0.742,0.242,10,S/D,1.0,0.0,0,S/D,S/D,S/D,0
472B16EA,HUACULLO,APURIMAC,ANTABAMBA,wrf5,pp,20260909,20261008,"00Z,12Z",D1,6h,0.298,1.497,0.45,230,0.789,0.694,0.283,19,0.333,0.85,0.115,9,S/D,1.0,0.0,0,S/D,S/D,S/D,0
472B16EA,HUACULLO,APURIMAC,ANTABAMBA,mpas15,pp,20260909,20261008,00Z,D1,6h,0.17,0.828,0.325,117,0.7,0.632,0.318,10,0.6,0.8,0.176,5,S/D,1.0,0.0,0,S/D,S/D,S/D,0
113246,TANCAYLLO,APURIMAC,CHINCHEROS,ecmwf,pp,20260909,20261008,"00Z,12Z",D1,6h,0.348,1.169,0.542,230,0.971,0.598,0.398,34,0.6,0.76,0.207,10,1.0,0.778,0.222,2,S/D,S/D,S/D,0
113246,TANCAYLLO,APURIMAC,CHINCHEROS,gfs,pp,20260909,20261008,"00Z,12Z",D1,6h,0.622,1.908,0.44,230,0.941,0.733,0.262,34,0.8,0.826,0.167,10,1.0,0.818,0.182,2,S/D,S/D,S/D,0
113246,TANCAYLLO,APURIMAC,CHINCHEROS,eta5,pp,20260909,20261008,"00Z,12Z",D1,6h,0.037,1.185,0.504,187,0.594,0.558,0.339,32,0.3,0.833,0.12,10,0.0,1.0,0.0,2,S/D,S/D,S/D,0
113246,TANCAYLLO,APURIMAC,CHINCHEROS,wrf5,pp,20260909,20261008,"00Z,12Z",D1,6h,0.388,1.637,0.462,227,0.636,0.571,0.344,33,0.778,0.767,0.219,9,1.0,0.75,0.25,2,S/D,S/D,S/D,0
113246,TANCAYLLO,APURIMAC,CHINCHEROS,mpas15,pp,20260909,20261008,00Z,D1,6h,0.578,1.479,0.421,115,0.824,0.667,0.311,17,0.6,0.885,0.107,5,1.0,0.8,0.2,1,S/D,S/D,S/D,0
472A1410,CASACCANCHA,APURIMAC,COTABAMBAS,ecmwf,pp,20260909,20261008,"00Z,12Z",D1,6h,0.34,0.941,0.503,232,1.0,0.654,0.346,28,0.8,0.75,0.235,10,S/D,1.0,0.0,0,S/D,S/D,S/D,0
472A1410,CASACCANCHA,APURIMAC,COTABAMBAS,gfs,pp,20260909,20261008,"00Z,12Z",D1,6h,0.251,0.792,0.408,232,0.964,0.73,0.267,28,0.2,0.917,0.062,10,S/D,1.0,0.0,0,S/D,S/D,S/D,0
472A1410,CASACCANCHA,APURIMAC,COTABAMBAS,eta5,pp,20260909,20261008,"00Z,12Z",D1,6h,0.093,0.604,0.392,186,0.64,0.619,0.314,25,0.6,0.667,0.273,10,S/D,S/D,S/D,0,S/D,S/D,S/D,0
472A1410,CASACCANCHA,APURIMAC,COTABAMBAS,wrf5,pp,20260909,20261008,"00Z,12Z",D1,6h,0.189,0.922,0.488,229,0.741,0.623,0.333,27,0.4,0.8,0.154,10,S/D,1.0,0.0,0,S/D,S/D,S/D,0
472A1410,CASACCANCHA,APURIMAC,COTABAMBAS,mpas15,pp,20260909,20261008,00Z,D1,6h,0.249,0.852,0.322,116,0.714,0.583,0.357,14,0.4,0.882,0.1,5,S/D,S/D,S/D,0,S/D,S/D,S/D,0
116085,AREQUIPA UV,AREQUIPA,AREQUIPA,ecmwf,pp,20260909,20261008,"00Z,12Z",D1,6h,0.0,0.0,S/D,14,S/D,S/D,S/D,0,S/D,S/D,S/D,0,S/D,S/D,S/D,0,S/D,S/D,S/D,0
116085,AREQUIPA UV,AREQUIPA,AREQUIPA,gfs,pp,20260909,20261008,"00Z,12Z",D1,6h,0.0,0.0,S/D,14,S/D,S/D,S/D,0,S/D,S/D,S/D,0,S/D,S/D,S/D,0,S/D,S/D,S/D,0
116085,AREQUIPA UV,AREQUIPA,AREQUIPA,eta5,pp,20260909,20261008,"00Z,12Z",D1,6h,0.0,0.0,S/D,10,S/D,S/D,S/D,0,S/D,S/D,S/D,0,S/D,S/D,S/D,0,S/D,S/D,S/D,0
116085,AREQUIPA UV,AREQUIPA,AREQUIPA,wrf5,pp,20260909,20261008,"00Z,12Z",D1,6h,0.0,0.0,S/D,14,S/D,S/D,S/D,0,S/D,S/D,S/D,0,S/D,S/D,S/D,0,S/D,S/D,S/D,0
116085,AREQUIPA UV,AREQUIPA,AREQUIPA,mpas15,pp,20260909,20261008,00Z,D1,6h,0.0,0.001,S/D,7,S/D,S/D,S/D,0,S/D,S/D,S/D,0,S/D,S/D,S/D,0,S/D,S/D,S/D,0
47E26242,BOYADERO,AREQUIPA,AREQUIPA,ecmwf,pp,20260909,20261008,"00Z,12Z",D1,6h,0.004,0.031,S/D,236,S/D,1.0,0.0,0,S/D,S/D,S/D,0,S/D,S/D,S/D,0,S/D,S/D,S/D,0
47E26242,BOYADERO,AREQUIPA,AREQUIPA,gfs,pp,20260909,20261008,"00Z,12Z",D1,6h,0.0,0.0,S/D,236,S/D,S/D,S/D,0,S/D,S/D,S/D,0,S/D,S/D,S/D,0,S/D,S/D,S/D,0
47E26242,BOYADERO,AREQUIPA,AREQUIPA,eta5,pp,20260909,20261008,"00Z,12Z",D1,6h,0.0,0.0,S/D,189,S/D,S/D,S/D,0,S/D,S/D,S/D,0,S/D,S/D,S/D,0,S/D,S/D,S/D,0
47E26242,BOYADERO,AREQUIPA,AREQUIPA,wrf5,pp,20260909,20261008,"00Z,12Z",D1,6h,0.0,0.001,S/D,232,S/D,S/D,S/D,0,S/D,S/D,S/D,0,S/D,S/D,S/D,0,S/D,S/D,S/D,0
47E26242,BOYADERO,AREQUIPA,AREQUIPA,mpas15,pp,20260909,20261008,00Z,D1,6h,0.0,0.0,S/D,118,S/D,S/D,S/D,0,S/D,S/D,S/D,0,S/D,S/D,S/D,0,S/D,S/D,S/D,0
116083,CAYMA,AREQUIPA,AREQUIPA,ecmwf,pp,20260909,20261008,"00Z,12Z",D1,6h,-0.132,2.034,-0.031,236,0.0,1.0,0.0,2,0.0,1.0,0.0,2,0.0,S/D,0.0,2,S/D,S/D,S/D,0
116083,CAYMA,AREQUIPA,AREQUIPA,gfs,pp,20260909,20261008,"00Z,12Z",D1,6h,-0.161,2.019,-0.024,236,0.0,1.0,0.0,2,0.0,1.0,0.0,2,0.0,S/D,0.0,2,S/D,S/D,S/D,0
116083,CAYMA,AREQUIPA,AREQUIPA,eta5,pp,20260909,20261008,"00Z,12Z",D1,6h,-0.232,2.253,-0.013,189,0.0,S/D,0.0,2,0.0,S/D,0.0,2,0.0,S/D,0.0,2,S/D,S/D,S/D,0
116083,CAYMA,AREQUIPA,AREQUIPA,wrf5,pp,20260909,20261008,"00Z,12Z",D1,6h,-0.09,1.435,-0.009,233,0.0,1.0,0.0,1,0.0,S/D,0.0,1,0.0,S/D,0.0,1,S/D,S/D,S/D,0
116083,CAYMA,AREQUIPA,AREQUIPA,mpas15,pp,20260909,20261008,00Z,D1,6h,-0.177,2.018,-0.068,118,0.0,1.0,0.0,1,0.0,S/D,0.0,1,0.0,S/D,0.0,1,S/D,S/D,S/D,0
472147C4,CHARCANI,AREQUIPA,AREQUIPA,ecmwf,pp,20260909,20261008,"00Z,12Z",D1,6h,0.028,0.381,0.074,234,0.5,0.875,0.111,4,0.0,1.0,0.0,2,S/D,S/D,S/D,0,S/D,S/D,S/D,0
472147C4,CHARCANI,AREQUIPA,AREQUIPA,gfs,pp,20260909,20261008,"00Z,12Z",D1,6h,-0.002,0.299,0.238,234,0.5,0.846,0.133,4,0.0,1.0,0.0,2,S/D,S/D,S/D,0,S/D,S/D,S/D,0
472147C4,CHARCANI,AREQUIPA,AREQUIPA,eta5,pp,20260909,20261008,"00Z,12Z",D1,6h,-0.027,0.313,0.156,187,0.25,0.667,0.167,4,0.0,S/D,0.0,2,S/D,S/D,S/D,0,S/D,S/D,S/D,0
472147C4,CHARCANI,AREQUIPA,AREQUIPA,wrf5,pp,20260909,20261008,"00Z,12Z",D1,6h,-0.009,0.201,0.468,231,0.667,0.333,0.5,3,0.0,S/D,0.0,1,S/D,S/D,S/D,0,S/D,S/D,S/D,0
472147C4,CHARCANI,AREQUIPA,AREQUIPA,mpas15,pp,20260909,20261008,00Z,D1,6h,-0.001,0.318,0.19,117,0.5,0.667,0.25,2,0.0,1.0,0.0,1,S/D,S/D,S/D,0,S/D,S/D,S/D,0
116077,CHIGUATA,AREQUIPA,AREQUIPA,ecmwf,pp,20260909,20261008,"00Z,12Z",D1,6h,0.002,0.013,S/D,236,S/D,1.0,0.0,0,S/D,S/D,S/D,0,S/D,S/D,S/D,0,S/D,S/D,S/D,0
116077,CHIGUATA,AREQUIPA,AREQUIPA,gfs,pp,20260909,20261008,"00Z,12Z",D1,6h,0.009,0.051,S/D,236,S/D,1.0,0.0,0,S/D,S/D,S/D,0,S/D,S/D,S/D,0,S/D,S/D,S/D,0
116077,CHIGUATA,AREQUIPA,AREQUIPA,eta5,pp,20260909,20261008,"00Z,12Z",D1,6h,0.008,0.066,S/D,189,S/D,1.0,0.0,0,S/D,S/D,S/D,0,S/D,S/D,S/D,0,S/D,S/D,S/D,0
116077,CHIGUATA,AREQUIPA,AREQUIPA,wrf5,pp,20260909,20261008,"00Z,12Z",D1,6h,0.007,0.073,S/D,232,S/D,1.0,0.0,0,S/D,S/D,S/D,0,S/D,S/D,S/D,0,S/D,S/D,S/D,0
116077,CHIGUATA,AREQUIPA,AREQUIPA,mpas15,pp,20260909,20261008,00Z,D1,6h,0.068,0.319,S/D,118,S/D,1.0,0.0,0,S/D,1.0,0.0,0,S/D,S/D,S/D,0,S/D,S/D,S/D,0
116065,LA PAMPILLA,AREQUIPA,AREQUIPA,ecmwf,pp,20260909,20261008,"00Z,12Z",D1,6h,0.002,0.014,S/D,216,S/D,1.0,0.0,0,S/D,S/D,S/D,0,S/D,S/D,S/D,0,S/D,S/D,S/D,0
116065,LA PAMPILLA,AREQUIPA,AREQUIPA,gfs,pp,20260909,20261008,"00Z,12Z",D1,6h,0.01,0.053,S/D,216,S/D,1.0,0.0,0,S/D,S/D,S/D,0,S/D,S/D,S/D,0,S/D,S/D,S/D,0
116065,LA PAMPILLA,AREQUIPA,AREQUIPA,eta5,pp,20260909,20261008,"00Z,12Z",D1,6h,0.0,0.0,S/D,173,S/D,S/D,S/D,0,S/D,S/D,S/D,0,S/D,S/D,S/D,0,S/D,S/D,S/D,0
116065,LA PAMPILLA,AREQUIPA,AREQUIPA,wrf5,pp,20260909,20261008,"00Z,12Z",D1,6h,0.002,0.021,S/D,212,S/D,1.0,0.0,0,S/D,S/D,S/D,0,S/D,S/D,S/D,0,S/D,S/D,S/D,0
116065,LA PAMPILLA,AREQUIPA,AREQUIPA,mpas15,pp,20260909,20261008,00Z,D1,6h,0.028,0.167,S/D,108,S/D,1.0,0.0,0,S/D,1.0,0.0,0,S/D,S/D,S/D,0,S/D,S/D,S/D,0
47E360B8,PATAHUASI,AREQUIPA,AREQUIPA,ecmwf,pp,20260909,20261008,"00Z,12Z",D1,6h,0.068,0.356,0.183,236,0.0,1.0,0.0,2,S/D,1.0,0.0,0,S/D,S/D,S/D,0,S/D,S/D,S/D,0
47E360B8,PATAHUASI,AREQUIPA,AREQUIPA,gfs,pp,20260909,20261008,"00Z,12Z",D1,6h,0.075,0.3,0.092,236,0.5,0.958,0.04,2,S/D,1.0,0.0,0,S/D,S/D,S/D,0,S/D,S/D,S/D,0
47E360B8,PATAHUASI,AREQUIPA,AREQUIPA,eta5,pp,20260909,20261008,"00Z,12Z",D1,6h,0.064,0.369,-0.023,190,0.0,1.0,0.0,1,S/D,1.0,0.0,0,S/D,S/D,S/D,0,S/D,S/D,S/D,0
47E360B8,PATAHUASI,AREQUIPA,AREQUIPA,wrf5,pp,20260909,20261008,"00Z,12Z",D1,6h,0.054,0.457,-0.028,232,0.0,1.0,0.0,2,S/D,1.0,0.0,0,S/D,1.0,0.0,0,S/D,S/D,S/D,0
47E360B8,PATAHUASI,AREQUIPA,AREQUIPA,mpas15,pp,20260909,20261008,00Z,D1,6h,0.146,0.453,0.161,118,1.0,0.933,0.067,1,S/D,1.0,0.0,0,S/D,S/D,S/D,0,S/D,S/D,S/D,0
4722E032,PUENTE DEL DIABLO,AREQUIPA,AREQUIPA,ecmwf,pp,20260909,20261008,"00Z,12Z",D1,6h,-0.005,0.059,0.398,212,0.0,1.0,0.0,2,S/D,S/D,S/D,0,S/D,S/D,S/D,0,S/D,S/D,S/D,0
4722E032,PUENTE DEL DIABLO,AREQUIPA,AREQUIPA,gfs,pp,20260909,20261008,"00Z,12Z",D1,6h,-0.005,0.058,-0.007,212,0.0,S/D,0.0,2,S/D,S/D,S/D,0,S/D,S/D,S/D,0,S/D,S/D,S/D,0
4722E032,PUENTE DEL DIABLO,AREQUIPA,AREQUIPA,eta5,pp,20260909,20261008,"00Z,12Z",D1,6h,-0.007,0.065,S/D,170,0.0,S/D,0.0,2,S/D,S/D,S/D,0,S/D,S/D,S/D,0,S/D,S/D,S/D,0
4722E032,PUENTE DEL DIABLO,AREQUIPA,AREQUIPA,wrf5,pp,20260909,20261008,"00Z,12Z",D1,6h,-0.005,0.059,-0.01,208,0.0,S/D,0.0,2,S/D,S/D,S/D,0,S/D,S/D,S/D,0,S/D,S/D,S/D,0
4722E032,PUENTE DEL DIABLO,AREQUIPA,AREQUIPA,mpas15,pp,20260909,20261008,00Z,D1,6h,-0.006,0.058,-0.072,106,0.0,S/D,0.0,1,S/D,S/D,S/D,0,S/D,S/D,S/D,0,S/D,S/D,S/D,0
116082,SAN FRANCISCO,AREQUIPA,AREQUIPA,ecmwf,pp,20260909,20261008,"00Z,12Z",D1,6h,0.002,0.012,S/D,236,S/D,1.0,0.0,0,S/D,S/D,S/D,0,S/D,S/D,S/D,0,S/D,S/D,S/D,0
116082,SAN FRANCISCO,AREQUIPA,AREQUIPA,gfs,pp,20260909,20261008,"00Z,12Z",D1,6h,0.008,0.05,S/D,236,S/D,1.0,0.0,0,S/D,S/D,S/D,0,S/D,S/D,S/D,0,S/D,S/D,S/D,0
116082,SAN FRANCISCO,AREQUIPA,AREQUIPA,eta5,pp,20260909,20261008,"00Z,12Z",D1,6h,0.0,0.0,S/D,189,S/D,S/D,S/D,0,S/D,S/D,S/D,0,S/D,S/D,S/D,0,S/D,S/D,S/D,0
116082,SAN FRANCISCO,AREQUIPA,AREQUIPA,wrf5,pp,20260909,20261008,"00Z,12Z",D1,6h,0.003,0.027,S/D,232,S/D,1.0,0.0,0,S/D,S/D,S/D,0,S/D,S/D,S/D,0,S/D,S/D,S/D,0
116082,SAN FRANCISCO,AREQUIPA,AREQUIPA,mpas15,pp,20260909,20261008,00Z,D1,6h,0.017,0.13,S/D,118,S/D,1.0,0.0,0,S/D,1.0,0.0,0,S/D,S/D,S/D,0,S/D,S/D,S/D,0
47E3B6D0,SAN JOSE DE UZUNA,AREQUIPA,AREQUIPA,ecmwf,pp,20260909,20261008,"00Z,12Z",D1,6h,0.044,0.402,-0.058,238,0.0,1.0,0.0,4,0.0,1.0,0.0,2,S/D,S/D,S/D,0,S/D,S/D,S/D,0
47E3B6D0,SAN JOSE DE UZUNA,AREQUIPA,AREQUIPA,gfs,pp,20260909,20261008,"00Z,12Z",D1,6h,0.032,0.27,0.184,238,0.5,0.895,0.095,4,0.0,1.0,0.0,2,S/D,S/D,S/D,0,S/D,S/D,S/D,0
47E3B6D0,SAN JOSE DE UZUNA,AREQUIPA,AREQUIPA,eta5,pp,20260909,20261008,"00Z,12Z",D1,6h,-0.019,0.186,0.361,191,0.0,1.0,0.0,4,0.0,S/D,0.0,2,S/D,S/D,S/D,0,S/D,S/D,S/D,0
47E3B6D0,SAN JOSE DE UZUNA,AREQUIPA,AREQUIPA,wrf5,pp,20260909,20261008,"00Z,12Z",D1,6h,-0.004,0.241,0.184,234,0.0,1.0,0.0,4,0.0,1.0,0.0,2,S/D,S/D,S/D,0,S/D,S/D,S/D,0
47E3B6D0,SAN JOSE DE UZUNA,AREQUIPA,AREQUIPA,mpas15,pp,20260909,20261008,00Z,D1,6h,-0.011,0.189,0.037,119,0.0,1.0,0.0,2,0.0,1.0,0.0,1,S/D,S/D,S/D,0,S/D,S/D,S/D,0
47E27134,SOCOSANI,AREQUIPA,AREQUIPA,ecmwf,pp,20260909,20261008,"00Z,12Z",D1,6h,0.009,0.055,S/D,202,S/D,1.0,0.0,0,S/D,S/D,S/D,0,S/D,S/D,S/D,0,S/D,S/D,S/D,0
47E27134,SOCOSANI,AREQUIPA,AREQUIPA,gfs,pp,20260909,20261008,"00Z,12Z",D1,6h,0.005,0.027,S/D,202,S/D,1.0,0.0,0,S/D,S/D,S/D,0,S/D,S/D,S/D,0,S/D,S/D,S/D,0
47E27134,SOCOSANI,AREQUIPA,AREQUIPA,eta5,pp,20260909,20261008,"00Z,12Z",D1,6h,0.0,0.0,S/D,160,S/D,S/D,S/D,0,S/D,S/D,S/D,0,S/D,S/D,S/D,0,S/D,S/D,S/D,0
47E27134,SOCOSANI,AREQUIPA,AREQUIPA,wrf5,pp,20260909,20261008,"00Z,12Z",D1,6h,0.001,0.012,S/D,198,S/D,1.0,0.0,0,S/D,S/D,S/D,0,S/D,S/D,S/D,0,S/D,S/D,S/D,0
47E27134,SOCOSANI,AREQUIPA,AREQUIPA,mpas15,pp,20260909,20261008,00Z,D1,6h,0.0,0.0,S/D,101,S/D,S/D,S/D,0,S/D,S/D,S/D,0,S/D,S/D,S/D,0,S/D,S/D,S/D,0
472EE1AE,TINGO GRANDE,AREQUIPA,AREQUIPA,ecmwf,pp,20260909,20261008,"00Z,12Z",D1,6h,0.003,0.008,S/D,12,S/D,S/D,S/D,0,S/D,S/D,S/D,0,S/D,S/D,S/D,0,S/D,S/D,S/D,0
472EE1AE,TINGO GRANDE,AREQUIPA,AREQUIPA,gfs,pp,20260909,20261008,"00Z,12Z",D1,6h,0.0,0.0,S/D,12,S/D,S/D,S/D,0,S/D,S/D,S/D,0,S/D,S/D,S/D,0,S/D,S/D,S/D,0
472EE1AE,TINGO GRANDE,AREQUIPA,AREQUIPA,eta5,pp,20260909,20261008,"00Z,12Z",D1,6h,0.0,0.0,S/D,9,S/D,S/D,S/D,0,S/D,S/D,S/D,0,S/D,S/D,S/D,0,S/D,S/D,S/D,0
472EE1AE,TINGO GRANDE,AREQUIPA,AREQUIPA,wrf5,pp,20260909,20261008,"00Z,12Z",D1,6h,0.0,0.0,S/D,12,S/D,S/D,S/D,0,S/D,S/D,S/D,0,S/D,S/D,S/D,0,S/D,S/D,S/D,0
472EE1AE,TINGO GRANDE,AREQUIPA,AREQUIPA,mpas15,pp,20260909,20261008,00Z,D1,6h,0.0,0.0,S/D,6,S/D,S/D,S/D,0,S/D,S/D,S/D,0,S/D,S/D,S/D,0,S/D,S/D,S/D,0
116078,TUCTUMPAYA,AREQUIPA,AREQUIPA,ecmwf,pp,20260909,20261008,"00Z,12Z",D1,6h,0.064,0.368,S/D,236,S/D,1.0,0.0,0,S/D,1.0,0.0,0,S/D,S/D,S/D,0,S/D,S/D,S/D,0
116078,TUCTUMPAYA,AREQUIPA,AREQUIPA,gfs,pp,20260909,20261008,"00Z,12Z",D1,6h,0.052,0.236,S/D,236,S/D,1.0,0.0,0,S/D,1.0,0.0,0,S/D,S/D,S/D,0,S/D,S/D,S/D,0
116078,TUCTUMPAYA,AREQUIPA,AREQUIPA,eta5,pp,20260909,20261008,"00Z,12Z",D1,6h,0.014,0.108,S/D,189,S/D,1.0,0.0,0,S/D,1.0,0.0,0,S/D,S/D,S/D,0,S/D,S/D,S/D,0
116078,TUCTUMPAYA,AREQUIPA,AREQUIPA,wrf5,pp,20260909,20261008,"00Z,12Z",D1,6h,0.022,0.219,S/D,233,S/D,1.0,0.0,0,S/D,1.0,0.0,0,S/D,S/D,S/D,0,S/D,S/D,S/D,0
116078,TUCTUMPAYA,AREQUIPA,AREQUIPA,mpas15,pp,20260909,20261008,00Z,D1,6h,0.025,0.159,S/D,118,S/D,1.0,0.0,0,S/D,1.0,0.0,0,S/D,S/D,S/D,0,S/D,S/D,S/D,0
116081,YURA,AREQUIPA,AREQUIPA,ecmwf,pp,20260909,20261008,"00Z,12Z",D1,6h,-0.29,2.318,-0.199,118,0.0,1.0,0.0,2,0.0,S/D,0.0,2,0.0,S/D,0.0,2,S/D,S/D,S/D,0
116081,YURA,AREQUIPA,AREQUIPA,gfs,pp,20260909,20261008,"00Z,12Z",D1,6h,-0.292,2.319,-0.017,118,0.0,1.0,0.0,2,0.0,S/D,0.0,2,0.0,S/D,0.0,2,S/D,S/D,S/D,0
116081,YURA,AREQUIPA,AREQUIPA,eta5,pp,20260909,20261008,"00Z,12Z",D1,6h,-0.346,2.48,-0.014,103,0.0,S/D,0.0,2,0.0,S/D,0.0,2,0.0,S/D,0.0,2,S/D,S/D,S/D,0
116081,YURA,AREQUIPA,AREQUIPA,wrf5,pp,20260909,20261008,"00Z,12Z",D1,6h,-0.153,1.66,-0.012,115,0.0,1.0,0.0,1,0.0,S/D,0.0,1,0.0,S/D,0.0,1,S/D,S/D,S/D,0
116081,YURA,AREQUIPA,AREQUIPA,mpas15,pp,20260909,20261008,00Z,D1,6h,-0.302,2.317,0.135,59,0.0,S/D,0.0,1,0.0,S/D,0.0,1,0.0,S/D,0.0,1,S/D,S/D,S/D,0
116084,CAMANA,AREQUIPA,CAMANA,ecmwf,pp,20260909,20261008,"00Z,12Z",D1,6h,0.305,0.637,S/D,14,S/D,1.0,0.0,0,S/D,1.0,0.0,0,S/D,S/D,S/D,0,S/D,S/D,S/D,0
116084,CAMANA,AREQUIPA,CAMANA,gfs,pp,20260909,20261008,"00Z,12Z",D1,6h,0.049,0.08,S/D,14,S/D,1.0,0.0,0,S/D,S/D,S/D,0,S/D,S/D,S/D,0,S/D,S/D,S/D,0
116084,CAMANA,AREQUIPA,CAMANA,eta5,pp,20260909,20261008,"00Z,12Z",D1,6h,0.013,0.023,S/D,9,S/D,S/D,S/D,0,S/D,S/D,S/D,0,S/D,S/D,S/D,0,S/D,S/D,S/D,0
116084,CAMANA,AREQUIPA,CAMANA,wrf5,pp,20260909,20261008,"00Z,12Z",D1,6h,0.011,0.024,S/D,14,S/D,S/D,S/D,0,S/D,S/D,S/D,0,S/D,S/D,S/D,0,S/D,S/D,S/D,0
116084,CAMANA,AREQUIPA,CAMANA,mpas15,pp,20260909,20261008,00Z,D1,6h,0.143,0.267,S/D,7,S/D,1.0,0.0,0,S/D,S/D,S/D,0,S/D,S/D,S/D,0,S/D,S/D,S/D,0
472D23BE,OCOÑA,AREQUIPA,CAMANA,ecmwf,pp,20260909,20261008,"00Z,12Z",D1,6h,0.396,0.808,0.373,234,0.853,0.773,0.218,34,0.5,0.949,0.049,4,S/D,S/D,S/D,0,S/D,S/D,S/D,0
472D23BE,OCOÑA,AREQUIPA,CAMANA,gfs,pp,20260909,20261008,"00Z,12Z",D1,6h,-0.057,0.244,0.341,234,0.382,0.435,0.295,34,0.0,S/D,0.0,4,S/D,S/D,S/D,0,S/D,S/D,S/D,0
472D23BE,OCOÑA,AREQUIPA,CAMANA,eta5,pp,20260909,20261008,"00Z,12Z",D1,6h,-0.015,0.279,0.318,188,0.536,0.595,0.3,28,0.0,S/D,0.0,4,S/D,S/D,S/D,0,S/D,S/D,S/D,0
472D23BE,OCOÑA,AREQUIPA,CAMANA,wrf5,pp,20260909,20261008,"00Z,12Z",D1,6h,-0.085,0.266,0.184,231,0.0,S/D,0.0,34,0.0,S/D,0.0,4,S/D,S/D,S/D,0,S/D,S/D,S/D,0
472D23BE,OCOÑA,AREQUIPA,CAMANA,mpas15,pp,20260909,20261008,00Z,D1,6h,-0.004,0.365,0.197,117,0.235,0.636,0.167,17,0.0,1.0,0.0,2,S/D,S/D,S/D,0,S/D,S/D,S/D,0
214400,HUATIAPA,AREQUIPA,CASTILLA,ecmwf,pp,20260909,20261008,"00Z,12Z",D1,6h,S/D,S/D,S/D,0,S/D,S/D,S/D,0,S/D,S/D,S/D,0,S/D,S/D,S/D,0,S/D,S/D,S/D,0
214400,HUATIAPA,AREQUIPA,CASTILLA,gfs,pp,20260909,20261008,"00Z,12Z",D1,6h,S/D,S/D,S/D,0,S/D,S/D,S/D,0,S/D,S/D,S/D,0,S/D,S/D,S/D,0,S/D,S/D,S/D,0
214400,HUATIAPA,AREQUIPA,CASTILLA,eta5,pp,20260909,20261008,"00Z,12Z",D1,6h,S/D,S/D,S/D,0,S/D,S/D,S/D,0,S/D,S/D,S/D,0,S/D,S/D,S/D,0,S/D,S/D,S/D,0
214400,HUATIAPA,AREQUIPA,CASTILLA,wrf5,pp,20260909,20261008,"00Z,12Z",D1,6h,S/D,S/D,S/D,0,S/D,S/D,S/D,0,S/D,S/D,S/D,0,S/D,S/D,S/D,0,S/D,S/D,S/D,0
214400,HUATIAPA,AREQUIPA,CASTILLA,mpas15,pp,20260909,20261008,00Z,D1,6h,S/D,S/D,S/D,0,S/D,S/D,S/D,0,S/D,S/D,S/D,0,S/D,S/D,S/D,0,S/D,S/D,S/D,0
4723D752,CHIVAY,AREQUIPA,CAYLLOMA,ecmwf,pp,20260909,20261008,"00Z,12Z",D1,6h,0.14,0.527,0.362,236,1.0,0.744,0.256,10,S/D,1.0,0.0,0,S/D,S/D,S/D,0,S/D,S/D,S/D,0
4723D752,CHIVAY,AREQUIPA,CAYLLOMA,gfs,pp,20260909,20261008,"00Z,12Z",D1,6h,0.226,0.779,0.43,236,1.0,0.762,0.238,10,S/D,1.0,0.0,0,S/D,1.0,0.0,0,S/D,S/D,S/D,0
4723D752,CHIVAY,AREQUIPA,CAYLLOMA,eta5,pp,20260909,20261008,"00Z,12Z",D1,6h,0.226,0.832,0.325,189,0.778,0.767,0.219,9,S/D,1.0,0.0,0,S/D,1.0,0.0,0,S/D,S/D,S/D,0
4723D752,CHIVAY,AREQUIPA,CAYLLOMA,wrf5,pp,20260909,20261008,"00Z,12Z",D1,6h,0.152,0.736,0.358,233,0.6,0.739,0.222,10,S/D,1.0,0.0,0,S/D,1.0,0.0,0,S/D,S/D,S/D,0
4723D752,CHIVAY,AREQUIPA,CAYLLOMA,mpas15,pp,20260909,20261008,00Z,D1,6h,0.258,0.766,0.102,118,0.4,0.889,0.095,5,S/D,1.0,0.0,0,S/D,S/D,S/D,0,S/D,S/D,S/D,0
47E8A60E,COTACOTA,AREQUIPA,CAYLLOMA,ecmwf,pp,20260909,20261008,"00Z,12Z",D1,6h,0.076,0.796,0.474,222,0.7,0.682,0.28,20,0.3,0.75,0.158,10,S/D,1.0,0.0,0,S/D,S/D,S/D,0
47E8A60E,COTACOTA,AREQUIPA,CAYLLOMA,gfs,pp,20260909,20261008,"00Z,12Z",D1,6h,0.374,1.293,0.439,222,0.85,0.712,0.274,20,0.6,0.824,0.158,10,S/D,1.0,0.0,0,S/D,S/D,S/D,0
47E8A60E,COTACOTA,AREQUIPA,CAYLLOMA,eta5,pp,20260909,20261008,"00Z,12Z",D1,6h,0.362,1.338,0.514,178,0.842,0.6,0.372,19,0.6,0.75,0.214,10,S/D,1.0,0.0,0,S/D,S/D,S/D,0
47E8A60E,COTACOTA,AREQUIPA,CAYLLOMA,wrf5,pp,20260909,20261008,"00Z,12Z",D1,6h,0.363,1.596,0.413,219,0.706,0.684,0.279,17,0.375,0.87,0.107,8,S/D,1.0,0.0,0,S/D,S/D,S/D,0
47E8A60E,COTACOTA,AREQUIPA,CAYLLOMA,mpas15,pp,20260909,20261008,00Z,D1,6h,0.167,1.006,0.481,111,0.9,0.526,0.45,10,0.6,0.727,0.231,5,S/D,1.0,0.0,0,S/D,S/D,S/D,0
47E3A5A6,HUANCA,AREQUIPA,CAYLLOMA,ecmwf,pp,20260909,20261008,"00Z,12Z",D1,6h,0.039,0.222,S/D,236,S/D,1.0,0.0,0,S/D,1.0,0.0,0,S/D,S/D,S/D,0,S/D,S/D,S/D,0
47E3A5A6,HUANCA,AREQUIPA,CAYLLOMA,gfs,pp,20260909,20261008,"00Z,12Z",D1,6h,0.02,0.11,S/D,236,S/D,1.0,0.0,0,S/D,1.0,0.0,0,S/D,S/D,S/D,0,S/D,S/D,S/D,0
47E3A5A6,HUANCA,AREQUIPA,CAYLLOMA,eta5,pp,20260909,20261008,"00Z,12Z",D1,6h,0.004,0.041,S/D,190,S/D,1.0,0.0,0,S/D,S/D,S/D,0,S/D,S/D,S/D,0,S/D,S/D,S/D,0
47E3A5A6,HUANCA,AREQUIPA,CAYLLOMA,wrf5,pp,20260909,20261008,"00Z,12Z",D1,6h,0.008,0.064,S/D,232,S/D,1.0,0.0,0,S/D,S/D,S/D,0,S/D,S/D,S/D,0,S/D,S/D,S/D,0
47E3A5A6,HUANCA,AREQUIPA,CAYLLOMA,mpas15,pp,20260909,20261008,00Z,D1,6h,0.017,0.13,S/D,118,S/D,1.0,0.0,0,S/D,1.0,0.0,0,S/D,S/D,S/D,0,S/D,S/D,S/D,0
47E3834A,IMATA,AREQUIPA,CAYLLOMA,ecmwf,pp,20260909,20261008,"00Z,12Z",D1,6h,0.06,0.543,0.305,234,0.75,0.75,0.231,12,0.4,0.5,0.286,10,S/D,1.0,0.0,0,S/D,S/D,S/D,0
47E3834A,IMATA,AREQUIPA,CAYLLOMA,gfs,pp,20260909,20261008,"00Z,12Z",D1,6h,0.06,0.507,0.34,234,0.75,0.763,0.22,12,0.5,0.583,0.294,10,S/D,S/D,S/D,0,S/D,S/D,S/D,0
47E3834A,IMATA,AREQUIPA,CAYLLOMA,eta5,pp,20260909,20261008,"00Z,12Z",D1,6h,0.049,0.648,0.393,188,0.727,0.636,0.32,11,0.556,0.5,0.357,9,S/D,S/D,S/D,0,S/D,S/D,S/D,0
47E3834A,IMATA,AREQUIPA,CAYLLOMA,wrf5,pp,20260909,20261008,"00Z,12Z",D1,6h,0.072,0.66,0.388,230,0.5,0.714,0.222,12,0.5,0.444,0.357,10,S/D,1.0,0.0,0,S/D,S/D,S/D,0
47E3834A,IMATA,AREQUIPA,CAYLLOMA,mpas15,pp,20260909,20261008,00Z,D1,6h,0.101,0.593,0.236,117,0.5,0.786,0.176,6,0.6,0.7,0.25,5,S/D,S/D,S/D,0,S/D,S/D,S/D,0
4729E39A,PAMPA DE MAJES,AREQUIPA,CAYLLOMA,ecmwf,pp,20260909,20261008,"00Z,12Z",D1,6h,-0.001,0.013,0.099,234,0.0,S/D,0.0,4,S/D,S/D,S/D,0,S/D,S/D,S/D,0,S/D,S/D,S/D,0
4729E39A,PAMPA DE MAJES,AREQUIPA,CAYLLOMA,gfs,pp,20260909,20261008,"00Z,12Z",D1,6h,-0.002,0.013,S/D,234,0.0,S/D,0.0,4,S/D,S/D,S/D,0,S/D,S/D,S/D,0,S/D,S/D,S/D,0
4729E39A,PAMPA DE MAJES,AREQUIPA,CAYLLOMA,eta5,pp,20260909,20261008,"00Z,12Z",D1,6h,-0.002,0.013,S/D,188,0.0,S/D,0.0,3,S/D,S/D,S/D,0,S/D,S/D,S/D,0,S/D,S/D,S/D,0
4729E39A,PAMPA DE MAJES,AREQUIPA,CAYLLOMA,wrf5,pp,20260909,20261008,"00Z,12Z",D1,6h,-0.002,0.013,S/D,230,0.0,S/D,0.0,4,S/D,S/D,S/D,0,S/D,S/D,S/D,0,S/D,S/D,S/D,0
4729E39A,PAMPA DE MAJES,AREQUIPA,CAYLLOMA,mpas15,pp,20260909,20261008,00Z,D1,6h,-0.002,0.013,0.202,117,0.0,S/D,0.0,2,S/D,S/D,S/D,0,S/D,S/D,S/D,0,S/D,S/D,S/D,0
47E373CE,PILLONES,AREQUIPA,CAYLLOMA,ecmwf,pp,20260909,20261008,"00Z,12Z",D1,6h,0.07,0.351,0.46,228,1.0,0.619,0.381,8,1.0,0.667,0.333,2,S/D,S/D,S/D,0,S/D,S/D,S/D,0
47E373CE,PILLONES,AREQUIPA,CAYLLOMA,gfs,pp,20260909,20261008,"00Z,12Z",D1,6h,0.052,0.273,0.551,228,0.875,0.682,0.304,8,0.5,0.857,0.125,2,S/D,S/D,S/D,0,S/D,S/D,S/D,0
47E373CE,PILLONES,AREQUIPA,CAYLLOMA,eta5,pp,20260909,20261008,"00Z,12Z",D1,6h,0.076,0.444,0.347,183,0.714,0.643,0.312,7,0.0,1.0,0.0,2,S/D,S/D,S/D,0,S/D,S/D,S/D,0
47E373CE,PILLONES,AREQUIPA,CAYLLOMA,wrf5,pp,20260909,20261008,"00Z,12Z",D1,6h,0.061,0.482,0.472,224,0.75,0.571,0.375,8,1.0,0.6,0.4,2,S/D,1.0,0.0,0,S/D,S/D,S/D,0
47E373CE,PILLONES,AREQUIPA,CAYLLOMA,mpas15,pp,20260909,20261008,00Z,D1,6h,0.182,0.534,0.328,114,1.0,0.765,0.235,4,1.0,0.917,0.083,1,S/D,S/D,S/D,0,S/D,S/D,S/D,0
47265686,SIBAYO,AREQUIPA,CAYLLOMA,ecmwf,pp,20260909,20261008,"00Z,12Z",D1,6h,S/D,S/D,S/D,0,S/D,S/D,S/D,0,S/D,S/D,S/D,0,S/D,S/D,S/D,0,S/D,S/D,S/D,0
47265686,SIBAYO,AREQUIPA,CAYLLOMA,gfs,pp,20260909,20261008,"00Z,12Z",D1,6h,S/D,S/D,S/D,0,S/D,S/D,S/D,0,S/D,S/D,S/D,0,S/D,S/D,S/D,0,S/D,S/D,S/D,0
47265686,SIBAYO,AREQUIPA,CAYLLOMA,eta5,pp,20260909,20261008,"00Z,12Z",D1,6h,S/D,S/D,S/D,0,S/D,S/D,S/D,0,S/D,S/D,S/D,0,S/D,S/D,S/D,0,S/D,S/D,S/D,0
47265686,SIBAYO,AREQUIPA,CAYLLOMA,wrf5,pp,20260909,20261008,"00Z,12Z",D1,6h,S/D,S/D,S/D,0,S/D,S/D,S/D,0,S/D,S/D,S/D,0,S/D,S/D,S/D,0,S/D,S/D,S/D,0
47265686,SIBAYO,AREQUIPA,CAYLLOMA,mpas15,pp,20260909,20261008,00Z,D1,6h,S/D,S/D,S/D,0,S/D,S/D,S/D,0,S/D,S/D,S/D,0,S/D,S/D,S/D,0,S/D,S/D,S/D,0
472ED434,SUMBAY,AREQUIPA,CAYLLOMA,ecmwf,pp,20260909,20261008,"00Z,12Z",D1,6h,0.035,0.359,0.293,210,0.7,0.767,0.212,10,0.667,0.333,0.5,6,0.5,0.0,0.5,2,S/D,S/D,S/D,0
472ED434,SUMBAY,AREQUIPA,CAYLLOMA,gfs,pp,20260909,20261008,"00Z,12Z",D1,6h,0.038,0.457,0.256,210,0.6,0.806,0.171,10,0.667,0.6,0.333,6,0.0,S/D,0.0,2,S/D,S/D,S/D,0
472ED434,SUMBAY,AREQUIPA,CAYLLOMA,eta5,pp,20260909,20261008,"00Z,12Z",D1,6h,0.007,0.481,0.398,169,0.556,0.706,0.238,9,0.8,0.556,0.4,5,0.0,S/D,0.0,2,S/D,S/D,S/D,0
472ED434,SUMBAY,AREQUIPA,CAYLLOMA,wrf5,pp,20260909,20261008,"00Z,12Z",D1,6h,0.059,0.571,0.357,208,0.5,0.722,0.217,10,0.667,0.5,0.4,6,0.0,1.0,0.0,2,S/D,S/D,S/D,0
472ED434,SUMBAY,AREQUIPA,CAYLLOMA,mpas15,pp,20260909,20261008,00Z,D1,6h,0.079,0.607,0.293,105,0.6,0.75,0.214,5,0.667,0.75,0.222,3,0.0,S/D,0.0,1,S/D,S/D,S/D,0
115150,COROPUNA,AREQUIPA,CONDESUYOS,ecmwf,pp,20260909,20261008,"00Z,12Z",D1,6h,S/D,S/D,S/D,0,S/D,S/D,S/D,0,S/D,S/D,S/D,0,S/D,S/D,S/D,0,S/D,S/D,S/D,0
115150,COROPUNA,AREQUIPA,CONDESUYOS,gfs,pp,20260909,20261008,"00Z,12Z",D1,6h,S/D,S/D,S/D,0,S/D,S/D,S/D,0,S/D,S/D,S/D,0,S/D,S/D,S/D,0,S/D,S/D,S/D,0
115150,COROPUNA,AREQUIPA,CONDESUYOS,eta5,pp,20260909,20261008,"00Z,12Z",D1,6h,S/D,S/D,S/D,0,S/D,S/D,S/D,0,S/D,S/D,S/D,0,S/D,S/D,S/D,0,S/D,S/D,S/D,0
115150,COROPUNA,AREQUIPA,CONDESUYOS,wrf5,pp,20260909,20261008,"00Z,12Z",D1,6h,S/D,S/D,S/D,0,S/D,S/D,S/D,0,S/D,S/D,S/D,0,S/D,S/D,S/D,0,S/D,S/D,S/D,0
115150,COROPUNA,AREQUIPA,CONDESUYOS,mpas15,pp,20260909,20261008,00Z,D1,6h,S/D,S/D,S/D,0,S/D,S/D,S/D,0,S/D,S/D,S/D,0,S/D,S/D,S/D,0,S/D,S/D,S/D,0
114119,VISCA VISCA,AREQUIPA,CONDESUYOS,ecmwf,pp,20260909,20261008,"00Z,12Z",D1,6h,0.054,0.663,0.531,224,0.929,0.544,0.441,28,0.583,0.65,0.28,12,0.0,S/D,0.0,2,S/D,S/D,S/D,0
114119,VISCA VISCA,AREQUIPA,CONDESUYOS,gfs,pp,20260909,20261008,"00Z,12Z",D1,6h,0.371,1.304,0.417,224,0.821,0.716,0.267,28,0.833,0.762,0.227,12,0.0,1.0,0.0,2,S/D,S/D,S/D,0
114119,VISCA VISCA,AREQUIPA,CONDESUYOS,eta5,pp,20260909,20261008,"00Z,12Z",D1,6h,0.634,1.74,0.495,181,0.815,0.621,0.349,27,0.917,0.725,0.268,12,1.0,0.833,0.167,2,S/D,S/D,S/D,0
114119,VISCA VISCA,AREQUIPA,CONDESUYOS,wrf5,pp,20260909,20261008,"00Z,12Z",D1,6h,0.325,1.9,0.426,221,0.64,0.636,0.302,25,0.364,0.778,0.16,11,0.5,0.857,0.125,2,S/D,S/D,S/D,0
114119,VISCA VISCA,AREQUIPA,CONDESUYOS,mpas15,pp,20260909,20261008,00Z,D1,6h,0.118,0.831,0.368,112,0.714,0.583,0.357,14,0.667,0.714,0.25,6,0.0,S/D,0.0,1,S/D,S/D,S/D,0
47280292,COTAHUASI,AREQUIPA,LA UNION,ecmwf,pp,20260909,20261008,"00Z,12Z",D1,6h,-0.302,2.812,0.042,150,0.25,0.9,0.077,8,0.0,1.0,0.0,6,0.0,S/D,0.0,4,S/D,S/D,S/D,0
47280292,COTAHUASI,AREQUIPA,LA UNION,gfs,pp,20260909,20261008,"00Z,12Z",D1,6h,-0.3,2.871,0.035,150,0.25,0.9,0.077,8,0.0,1.0,0.0,6,0.0,1.0,0.0,4,S/D,S/D,S/D,0
47280292,COTAHUASI,AREQUIPA,LA UNION,eta5,pp,20260909,20261008,"00Z,12Z",D1,6h,-0.289,3.25,0.185,120,0.25,0.846,0.105,8,0.0,1.0,0.0,6,0.0,1.0,0.0,4,S/D,S/D,S/D,0
47280292,COTAHUASI,AREQUIPA,LA UNION,wrf5,pp,20260909,20261008,"00Z,12Z",D1,6h,-0.406,2.82,0.148,146,0.125,0.875,0.067,8,0.0,1.0,0.0,6,0.0,S/D,0.0,4,S/D,S/D,S/D,0
47280292,COTAHUASI,AREQUIPA,LA UNION,mpas15,pp,20260909,20261008,00Z,D1,6h,-0.181,2.932,0.144,75,0.25,0.875,0.091,4,0.0,1.0,0.0,3,0.0,1.0,0.0,2,S/D,S/D,S/D,0
115151,CUYAU,AREQUIPA,LA UNION,ecmwf,pp,20260909,20261008,"00Z,12Z",D1,6h,0.23,0.816,0.302,234,S/D,1.0,0.0,0,S/D,1.0,0.0,0,S/D,1.0,0.0,0,S/D,S/D,S/D,0
115151,CUYAU,AREQUIPA,LA UNION,gfs,pp,20260909,20261008,"00Z,12Z",D1,6h,0.137,0.641,0.273,234,S/D,1.0,0.0,0,S/D,1.0,0.0,0,S/D,1.0,0.0,0,S/D,S/D,S/D,0
115151,CUYAU,AREQUIPA,LA UNION,eta5,pp,20260909,20261008,"00Z,12Z",D1,6h,0.292,1.035,0.167,188,S/D,1.0,0.0,0,S/D,1.0,0.0,0,S/D,1.0,0.0,0,S/D,S/D,S/D,0
115151,CUYAU,AREQUIPA,LA UNION,wrf5,pp,20260909,20261008,"00Z,12Z",D1,6h,0.041,0.247,0.274,231,S/D,1.0,0.0,0,S/D,1.0,0.0,0,S/D,S/D,S/D,0,S/D,S/D,S/D,0
115151,CUYAU,AREQUIPA,LA UNION,mpas15,pp,20260909,20261008,00Z,D1,6h,0.214,0.8,0.068,117,S/D,1.0,0.0,0,S/D,1.0,0.0,0,S/D,1.0,0.0,0,S/D,S/D,S/D,0
4729D600,PAMPA CANGALLO,AYACUCHO,CANGALLO,ecmwf,pp,20260909,20261008,"00Z,12Z",D1,6h,0.282,1.27,0.528,234,0.929,0.679,0.313,28,0.875,0.781,0.212,8,0.25,0.8,0.125,4,S/D,S/D,S/D,0
4729D600,PAMPA CANGALLO,AYACUCHO,CANGALLO,gfs,pp,20260909,20261008,"00Z,12Z",D1,6h,0.727,2.104,0.514,234,1.0,0.763,0.237,28,1.0,0.867,0.133,8,0.25,0.923,0.062,4,S/D,S/D,S/D,0
4729D600,PAMPA CANGALLO,AYACUCHO,CANGALLO,eta5,pp,20260909,20261008,"00Z,12Z",D1,6h,0.361,1.668,0.587,188,0.962,0.537,0.455,26,0.75,0.838,0.154,8,0.0,1.0,0.0,4,S/D,S/D,S/D,0
4729D600,PAMPA CANGALLO,AYACUCHO,CANGALLO,wrf5,pp,20260909,20261008,"00Z,12Z",D1,6h,0.195,1.386,0.546,230,0.815,0.5,0.449,27,0.857,0.727,0.261,7,0.25,0.875,0.091,4,S/D,S/D,S/D,0
4729D600,PAMPA CANGALLO,AYACUCHO,CANGALLO,mpas15,pp,20260909,20261008,00Z,D1,6h,0.551,2.038,0.443,117,0.786,0.667,0.306,14,1.0,0.833,0.167,4,0.0,1.0,0.0,2,S/D,S/D,S/D,0
113248,SANTA CRUZ DE HOSPICIO,AYACUCHO,CANGALLO,ecmwf,pp,20260909,20261008,"00Z,12Z",D1,6h,0.314,0.943,0.409,234,0.85,0.754,0.236,20,0.667,0.852,0.138,6,S/D,1.0,0.0,0,S/D,S/D,S/D,0
113248,SANTA CRUZ DE HOSPICIO,AYACUCHO,CANGALLO,gfs,pp,20260909,20261008,"00Z,12Z",D1,6h,0.617,1.593,0.385,234,0.85,0.79,0.202,20,1.0,0.857,0.143,6,S/D,1.0,0.0,0,S/D,S/D,S/D,0
113248,SANTA CRUZ DE HOSPICIO,AYACUCHO,CANGALLO,eta5,pp,20260909,20261008,"00Z,12Z",D1,6h,0.41,1.093,0.417,187,0.765,0.74,0.241,17,0.6,0.897,0.097,5,S/D,1.0,0.0,0,S/D,S/D,S/D,0
113248,SANTA CRUZ DE HOSPICIO,AYACUCHO,CANGALLO,wrf5,pp,20260909,20261008,"00Z,12Z",D1,6h,0.488,1.791,0.379,230,0.632,0.727,0.235,19,0.4,0.926,0.067,5,S/D,1.0,0.0,0,S/D,S/D,S/D,0
113248,SANTA CRUZ DE HOSPICIO,AYACUCHO,CANGALLO,mpas15,pp,20260909,20261008,00Z,D1,6h,0.562,1.799,0.368,117,0.8,0.724,0.258,10,1.0,0.857,0.143,3,S/D,1.0,0.0,0,S/D,S/D,S/D,0
250900,PUENTE PAMPAS GORE APU,AYACUCHO,HUAMANGA,ecmwf,pp,20260909,20261008,"00Z,12Z",D1,6h,0.474,1.307,0.381,236,0.938,0.845,0.153,16,0.9,0.7,0.29,10,S/D,1.0,0.0,0,S/D,S/D,S/D,0
250900,PUENTE PAMPAS GORE APU,AYACUCHO,HUAMANGA,gfs,pp,20260909,20261008,"00Z,12Z",D1,6h,0.668,1.266,0.313,236,0.875,0.899,0.1,16,1.0,0.821,0.179,10,S/D,1.0,0.0,0,S/D,S/D,S/D,0
250900,PUENTE PAMPAS GORE APU,AYACUCHO,HUAMANGA,eta5,pp,20260909,20261008,"00Z,12Z",D1,6h,1.558,3.497,0.353,189,0.929,0.819,0.178,14,0.889,0.849,0.148,9,S/D,1.0,0.0,0,S/D,S/D,S/D,0
250900,PUENTE PAMPAS GORE APU,AYACUCHO,HUAMANGA,wrf5,pp,20260909,20261008,"00Z,12Z",D1,6h,0.112,0.886,0.342,232,0.6,0.654,0.281,15,0.7,0.417,0.467,10,S/D,1.0,0.0,0,S/D,S/D,S/D,0
250900,PUENTE PAMPAS GORE APU,AYACUCHO,HUAMANGA,mpas15,pp,20260909,20261008,00Z,D1,6h,0.587,1.603,0.356,118,0.875,0.806,0.189,8,1.0,0.783,0.217,5,S/D,1.0,0.0,0,S/D,S/D,S/D,0
114122,CCONTACC,AYACUCHO,LUCANAS,ecmwf,pp,20260909,20261008,"00Z,12Z",D1,6h,0.234,0.867,0.135,236,1.0,0.959,0.041,2,S/D,1.0,0.0,0,S/D,1.0,0.0,0,S/D,S/D,S/D,0
114122,CCONTACC,AYACUCHO,LUCANAS,gfs,pp,20260909,20261008,"00Z,12Z",D1,6h,0.326,0.927,0.167,236,1.0,0.964,0.036,2,S/D,1.0,0.0,0,S/D,S/D,S/D,0,S/D,S/D,S/D,0
114122,CCONTACC,AYACUCHO,LUCANAS,eta5,pp,20260909,20261008,"00Z,12Z",D1,6h,0.143,0.546,0.15,189,1.0,0.952,0.048,1,S/D,1.0,0.0,0,S/D,S/D,S/D,0,S/D,S/D,S/D,0
114122,CCONTACC,AYACUCHO,LUCANAS,wrf5,pp,20260909,20261008,"00Z,12Z",D1,6h,0.298,1.286,0.186,233,1.0,0.938,0.062,2,S/D,1.0,0.0,0,S/D,1.0,0.0,0,S/D,S/D,S/D,0
114122,CCONTACC,AYACUCHO,LUCANAS,mpas15,pp,20260909,20261008,00Z,D1,6h,0.32,1.294,0.132,118,1.0,0.938,0.062,1,S/D,1.0,0.0,0,S/D,1.0,0.0,0,S/D,S/D,S/D,0
47290068,HUAC-HUAS,AYACUCHO,LUCANAS,ecmwf,pp,20260909,20261008,"00Z,12Z",D1,6h,-0.01,0.366,0.157,226,0.5,0.818,0.154,4,0.0,1.0,0.0,2,S/D,S/D,S/D,0,S/D,S/D,S/D,0
47290068,HUAC-HUAS,AYACUCHO,LUCANAS,gfs,pp,20260909,20261008,"00Z,12Z",D1,6h,-0.006,0.363,0.128,226,0.0,1.0,0.0,4,0.0,S/D,0.0,2,S/D,S/D,S/D,0,S/D,S/D,S/D,0
47290068,HUAC-HUAS,AYACUCHO,LUCANAS,eta5,pp,20260909,20261008,"00Z,12Z",D1,6h,-0.028,0.395,0.074,181,0.0,1.0,0.0,3,0.0,S/D,0.0,2,S/D,S/D,S/D,0,S/D,S/D,S/D,0
47290068,HUAC-HUAS,AYACUCHO,LUCANAS,wrf5,pp,20260909,20261008,"00Z,12Z",D1,6h,-0.011,0.378,-0.049,222,0.0,1.0,0.0,4,0.0,1.0,0.0,2,S/D,S/D,S/D,0,S/D,S/D,S/D,0
47290068,HUAC-HUAS,AYACUCHO,LUCANAS,mpas15,pp,20260909,20261008,00Z,D1,6h,0.117,0.641,0.062,113,0.5,0.909,0.083,2,0.0,1.0,0.0,1,S/D,S/D,S/D,0,S/D,S/D,S/D,0
114127,PAMPA GALERAS,AYACUCHO,LUCANAS,ecmwf,pp,20260909,20261008,"00Z,12Z",D1,6h,0.199,0.958,0.303,230,1.0,0.829,0.171,6,0.5,0.818,0.154,4,S/D,1.0,0.0,0,S/D,S/D,S/D,0
114127,PAMPA GALERAS,AYACUCHO,LUCANAS,gfs,pp,20260909,20261008,"00Z,12Z",D1,6h,0.136,0.751,0.331,230,0.667,0.867,0.125,6,0.25,0.923,0.062,4,S/D,1.0,0.0,0,S/D,S/D,S/D,0
114127,PAMPA GALERAS,AYACUCHO,LUCANAS,eta5,pp,20260909,20261008,"00Z,12Z",D1,6h,0.037,0.431,0.365,185,0.6,0.769,0.2,5,0.0,1.0,0.0,3,S/D,S/D,S/D,0,S/D,S/D,S/D,0
114127,PAMPA GALERAS,AYACUCHO,LUCANAS,wrf5,pp,20260909,20261008,"00Z,12Z",D1,6h,0.302,1.556,0.306,227,0.333,0.931,0.061,6,0.25,0.933,0.056,4,S/D,1.0,0.0,0,S/D,S/D,S/D,0
114127,PAMPA GALERAS,AYACUCHO,LUCANAS,mpas15,pp,20260909,20261008,00Z,D1,6h,0.256,1.081,0.277,115,1.0,0.812,0.188,3,1.0,0.833,0.167,2,S/D,1.0,0.0,0,S/D,S/D,S/D,0
114121,HURAY HUMA,AYACUCHO,PARINACOCHAS,ecmwf,pp,20260909,20261008,"00Z,12Z",D1,6h,0.319,0.938,S/D,180,S/D,1.0,0.0,0,S/D,1.0,0.0,0,S/D,1.0,0.0,0,S/D,S/D,S/D,0
114121,HURAY HUMA,AYACUCHO,PARINACOCHAS,gfs,pp,20260909,20261008,"00Z,12Z",D1,6h,0.487,1.351,S/D,180,S/D,1.0,0.0,0,S/D,1.0,0.0,0,S/D,1.0,0.0,0,S/D,S/D,S/D,0
114121,HURAY HUMA,AYACUCHO,PARINACOCHAS,eta5,pp,20260909,20261008,"00Z,12Z",D1,6h,0.245,0.853,S/D,137,S/D,1.0,0.0,0,S/D,1.0,0.0,0,S/D,1.0,0.0,0,S/D,S/D,S/D,0
114121,HURAY HUMA,AYACUCHO,PARINACOCHAS,wrf5,pp,20260909,20261008,"00Z,12Z",D1,6h,0.493,1.733,S/D,178,S/D,1.0,0.0,0,S/D,1.0,0.0,0,S/D,1.0,0.0,0,S/D,S/D,S/D,0
114121,HURAY HUMA,AYACUCHO,PARINACOCHAS,mpas15,pp,20260909,20261008,00Z,D1,6h,0.25,0.801,S/D,90,S/D,1.0,0.0,0,S/D,1.0,0.0,0,S/D,S/D,S/D,0,S/D,S/D,S/D,0
115155,PAUZA,AYACUCHO,PAUCAR DEL SARA SARA,ecmwf,pp,20260909,20261008,"00Z,12Z",D1,6h,S/D,S/D,S/D,0,S/D,S/D,S/D,0,S/D,S/D,S/D,0,S/D,S/D,S/D,0,S/D,S/D,S/D,0
115155,PAUZA,AYACUCHO,PAUCAR DEL SARA SARA,gfs,pp,20260909,20261008,"00Z,12Z",D1,6h,S/D,S/D,S/D,0,S/D,S/D,S/D,0,S/D,S/D,S/D,0,S/D,S/D,S/D,0,S/D,S/D,S/D,0
115155,PAUZA,AYACUCHO,PAUCAR DEL SARA SARA,eta5,pp,20260909,20261008,"00Z,12Z",D1,6h,S/D,S/D,S/D,0,S/D,S/D,S/D,0,S/D,S/D,S/D,0,S/D,S/D,S/D,0,S/D,S/D,S/D,0
115155,PAUZA,AYACUCHO,PAUCAR DEL SARA SARA,wrf5,pp,20260909,20261008,"00Z,12Z",D1,6h,S/D,S/D,S/D,0,S/D,S/D,S/D,0,S/D,S/D,S/D,0,S/D,S/D,S/D,0,S/D,S/D,S/D,0
115155,PAUZA,AYACUCHO,PAUCAR DEL SARA SARA,mpas15,pp,20260909,20261008,00Z,D1,6h,S/D,S/D,S/D,0,S/D,S/D,S/D,0,S/D,S/D,S/D,0,S/D,S/D,S/D,0,S/D,S/D,S/D,0
4725B27A,PAUCARAY,AYACUCHO,SUCRE,ecmwf,pp,20260909,20261008,"00Z,12Z",D1,6h,S/D,S/D,S/D,0,S/D,S/D,S/D,0,S/D,S/D,S/D,0,S/D,S/D,S/D,0,S/D,S/D,S/D,0
4725B27A,PAUCARAY,AYACUCHO,SUCRE,gfs,pp,20260909,20261008,"00Z,12Z",D1,6h,S/D,S/D,S/D,0,S/D,S/D,S/D,0,S/D,S/D,S/D,0,S/D,S/D,S/D,0,S/D,S/D,S/D,0
4725B27A,PAUCARAY,AYACUCHO,SUCRE,eta5,pp,20260909,20261008,"00Z,12Z",D1,6h,S/D,S/D,S/D,0,S/D,S/D,S/D,0,S/D,S/D,S/D,0,S/D,S/D,S/D,0,S/D,S/D,S/D,0
4725B27A,PAUCARAY,AYACUCHO,SUCRE,wrf5,pp,20260909,20261008,"00Z,12Z",D1,6h,S/D,S/D,S/D,0,S/D,S/D,S/D,0,S/D,S/D,S/D,0,S/D,S/D,S/D,0,S/D,S/D,S/D,0
4725B27A,PAUCARAY,AYACUCHO,SUCRE,mpas15,pp,20260909,20261008,00Z,D1,6h,S/D,S/D,S/D,0,S/D,S/D,S/D,0,S/D,S/D,S/D,0,S/D,S/D,S/D,0,S/D,S/D,S/D,0
4729F0EC,CAJABAMBA,CAJAMARCA,CAJABAMBA,ecmwf,pp,20260909,20261008,"00Z,12Z",D1,6h,0.424,2.155,0.246,234,0.9,0.926,0.073,10,0.667,0.886,0.108,6,0.5,0.889,0.1,2,S/D,S/D,S/D,0
4729F0EC,CAJABAMBA,CAJAMARCA,CAJABAMBA,gfs,pp,20260909,20261008,"00Z,12Z",D1,6h,0.245,1.99,0.2,234,0.9,0.91,0.089,10,0.5,0.909,0.083,6,0.0,1.0,0.0,2,S/D,S/D,S/D,0
4729F0EC,CAJABAMBA,CAJAMARCA,CAJABAMBA,eta5,pp,20260909,20261008,"00Z,12Z",D1,6h,0.374,1.747,0.134,188,0.833,0.938,0.061,6,0.5,0.935,0.061,4,0.0,1.0,0.0,1,S/D,S/D,S/D,0
4729F0EC,CAJABAMBA,CAJAMARCA,CAJABAMBA,wrf5,pp,20260909,20261008,"00Z,12Z",D1,6h,0.471,2.19,0.113,230,0.5,0.922,0.072,10,0.333,0.939,0.054,6,1.0,0.833,0.167,2,S/D,S/D,S/D,0
4729F0EC,CAJABAMBA,CAJAMARCA,CAJABAMBA,mpas15,pp,20260909,20261008,00Z,D1,6h,1.123,3.152,0.269,117,1.0,0.889,0.111,5,1.0,0.917,0.083,3,1.0,0.909,0.091,1,S/D,S/D,S/D,0
472A32FC,CRISNEJAS,CAJAMARCA,CAJABAMBA,ecmwf,pp,20260909,20261008,"00Z,12Z",D1,6h,0.625,1.654,S/D,234,S/D,1.0,0.0,0,S/D,1.0,0.0,0,S/D,1.0,0.0,0,S/D,S/D,S/D,0
472A32FC,CRISNEJAS,CAJAMARCA,CAJABAMBA,gfs,pp,20260909,20261008,"00Z,12Z",D1,6h,0.506,1.369,S/D,234,S/D,1.0,0.0,0,S/D,1.0,0.0,0,S/D,1.0,0.0,0,S/D,S/D,S/D,0
472A32FC,CRISNEJAS,CAJAMARCA,CAJABAMBA,eta5,pp,20260909,20261008,"00Z,12Z",D1,6h,1.205,2.683,S/D,187,S/D,1.0,0.0,0,S/D,1.0,0.0,0,S/D,1.0,0.0,0,S/D,S/D,S/D,0
472A32FC,CRISNEJAS,CAJAMARCA,CAJABAMBA,wrf5,pp,20260909,20261008,"00Z,12Z",D1,6h,0.439,1.632,S/D,230,S/D,1.0,0.0,0,S/D,1.0,0.0,0,S/D,1.0,0.0,0,S/D,S/D,S/D,0
472A32FC,CRISNEJAS,CAJAMARCA,CAJABAMBA,mpas15,pp,20260909,20261008,00Z,D1,6h,1.299,3.899,S/D,117,S/D,1.0,0.0,0,S/D,1.0,0.0,0,S/D,1.0,0.0,0,S/D,1.0,0.0,0
472645F0,UNC CAJAMARCA,CAJAMARCA,CAJAMARCA,ecmwf,pp,20260909,20261008,"00Z,12Z",D1,6h,0.131,2.278,0.123,224,0.541,0.523,0.34,98,0.25,0.87,0.094,24,0.0,1.0,0.0,6,S/D,S/D,S/D,0
472645F0,UNC CAJAMARCA,CAJAMARCA,CAJAMARCA,gfs,pp,20260909,20261008,"00Z,12Z",D1,6h,1.012,2.615,0.133,224,0.755,0.557,0.387,98,0.667,0.84,0.148,24,0.333,0.882,0.095,6,S/D,S/D,S/D,0
472645F0,UNC CAJAMARCA,CAJAMARCA,CAJAMARCA,eta5,pp,20260909,20261008,"00Z,12Z",D1,6h,0.504,2.414,0.121,181,0.42,0.5,0.296,81,0.4,0.84,0.129,20,0.4,0.867,0.111,5,S/D,S/D,S/D,0
472645F0,UNC CAJAMARCA,CAJAMARCA,CAJAMARCA,wrf5,pp,20260909,20261008,"00Z,12Z",D1,6h,-0.113,2.519,0.18,220,0.302,0.42,0.248,96,0.167,0.778,0.105,24,0.0,1.0,0.0,6,S/D,S/D,S/D,0
472645F0,UNC CAJAMARCA,CAJAMARCA,CAJAMARCA,mpas15,pp,20260909,20261008,00Z,D1,6h,1.186,3.891,0.085,112,0.449,0.463,0.324,49,0.333,0.889,0.091,12,0.333,0.952,0.043,3,S/D,S/D,S/D,0
472501F4,BALSAS,CAJAMARCA,CELENDIN,ecmwf,pp,20260909,20261008,"00Z,12Z",D1,6h,S/D,S/D,S/D,0,S/D,S/D,S/D,0,S/D,S/D,S/D,0,S/D,S/D,S/D,0,S/D,S/D,S/D,0
472501F4,BALSAS,CAJAMARCA,CELENDIN,gfs,pp,20260909,20261008,"00Z,12Z",D1,6h,S/D,S/D,S/D,0,S/D,S/D,S/D,0,S/D,S/D,S/D,0,S/D,S/D,S/D,0,S/D,S/D,S/D,0
472501F4,BALSAS,CAJAMARCA,CELENDIN,eta5,pp,20260909,20261008,"00Z,12Z",D1,6h,S/D,S/D,S/D,0,S/D,S/D,S/D,0,S/D,S/D,S/D,0,S/D,S/D,S/D,0,S/D,S/D,S/D,0
472501F4,BALSAS,CAJAMARCA,CELENDIN,wrf5,pp,20260909,20261008,"00Z,12Z",D1,6h,S/D,S/D,S/D,0,S/D,S/D,S/D,0,S/D,S/D,S/D,0,S/D,S/D,S/D,0,S/D,S/D,S/D,0
472501F4,BALSAS,CAJAMARCA,CELENDIN,mpas15,pp,20260909,20261008,00Z,D1,6h,S/D,S/D,S/D,0,S/D,S/D,S/D,0,S/D,S/D,S/D,0,S/D,S/D,S/D,0,S/D,S/D,S/D,0
4726631C,CELENDIN,CAJAMARCA,CELENDIN,ecmwf,pp,20260909,20261008,"00Z,12Z",D1,6h,0.906,1.955,0.123,220,0.875,0.903,0.095,16,S/D,1.0,0.0,0,S/D,1.0,0.0,0,S/D,S/D,S/D,0
4726631C,CELENDIN,CAJAMARCA,CELENDIN,gfs,pp,20260909,20261008,"00Z,12Z",D1,6h,1.155,1.966,0.116,220,1.0,0.911,0.089,16,S/D,1.0,0.0,0,S/D,1.0,0.0,0,S/D,S/D,S/D,0
4726631C,CELENDIN,CAJAMARCA,CELENDIN,eta5,pp,20260909,20261008,"00Z,12Z",D1,6h,0.353,0.977,0.118,174,0.556,0.909,0.085,9,S/D,1.0,0.0,0,S/D,1.0,0.0,0,S/D,S/D,S/D,0
4726631C,CELENDIN,CAJAMARCA,CELENDIN,wrf5,pp,20260909,20261008,"00Z,12Z",D1,6h,0.673,2.945,-0.011,216,0.312,0.907,0.077,16,S/D,1.0,0.0,0,S/D,1.0,0.0,0,S/D,1.0,0.0,0
4726631C,CELENDIN,CAJAMARCA,CELENDIN,mpas15,pp,20260909,20261008,00Z,D1,6h,1.306,2.652,0.02,110,0.5,0.918,0.075,8,S/D,1.0,0.0,0,S/D,1.0,0.0,0,S/D,S/D,S/D,0
4726C3E4,CHOTA,CAJAMARCA,CHOTA,ecmwf,pp,20260909,20261008,"00Z,12Z",D1,6h,0.818,4.116,0.244,210,0.806,0.809,0.182,36,0.727,0.771,0.211,22,0.3,0.824,0.125,10,0.0,S/D,0.0,2
4726C3E4,CHOTA,CAJAMARCA,CHOTA,gfs,pp,20260909,20261008,"00Z,12Z",D1,6h,0.385,3.269,0.213,210,0.944,0.809,0.189,36,0.636,0.803,0.177,22,0.1,0.9,0.053,10,0.0,S/D,0.0,2
4726C3E4,CHOTA,CAJAMARCA,CHOTA,eta5,pp,20260909,20261008,"00Z,12Z",D1,6h,0.103,3.857,0.187,169,0.655,0.765,0.209,29,0.471,0.795,0.167,17,0.0,1.0,0.0,7,0.0,S/D,0.0,2
4726C3E4,CHOTA,CAJAMARCA,CHOTA,wrf5,pp,20260909,20261008,"00Z,12Z",D1,6h,-0.187,4.214,0.067,206,0.222,0.837,0.104,36,0.227,0.688,0.152,22,0.0,1.0,0.0,10,0.0,1.0,0.0,2
4726C3E4,CHOTA,CAJAMARCA,CHOTA,mpas15,pp,20260909,20261008,00Z,D1,6h,1.519,4.62,0.217,105,0.667,0.769,0.207,18,0.636,0.841,0.146,11,0.6,0.8,0.176,5,0.0,1.0,0.0,1
47E94706,HUAMBOS,CAJAMARCA,CHOTA,ecmwf,pp,20260909,20261008,"00Z,12Z",D1,6h,1.149,2.583,0.176,234,0.833,0.755,0.233,42,0.8,0.884,0.113,10,1.0,0.895,0.105,2,S/D,S/D,S/D,0
47E94706,HUAMBOS,CAJAMARCA,CHOTA,gfs,pp,20260909,20261008,"00Z,12Z",D1,6h,0.626,1.69,0.238,234,0.69,0.76,0.216,42,0.5,0.878,0.109,10,0.0,1.0,0.0,2,S/D,S/D,S/D,0
47E94706,HUAMBOS,CAJAMARCA,CHOTA,eta5,pp,20260909,20261008,"00Z,12Z",D1,6h,0.694,2.197,0.101,188,0.515,0.776,0.185,33,0.375,0.923,0.068,8,0.0,1.0,0.0,1,S/D,S/D,S/D,0
47E94706,HUAMBOS,CAJAMARCA,CHOTA,wrf5,pp,20260909,20261008,"00Z,12Z",D1,6h,0.026,0.828,0.261,231,0.31,0.606,0.21,42,0.2,0.875,0.083,10,0.0,S/D,0.0,2,S/D,S/D,S/D,0
47E94706,HUAMBOS,CAJAMARCA,CHOTA,mpas15,pp,20260909,20261008,00Z,D1,6h,1.68,3.575,0.123,117,0.476,0.8,0.164,21,0.8,0.905,0.093,5,1.0,0.944,0.056,1,S/D,S/D,S/D,0
47E35522,LA MUCHALA,CAJAMARCA,CHOTA,ecmwf,pp,20260909,20261008,"00Z,12Z",D1,6h,0.502,1.018,0.186,44,0.55,0.607,0.297,20,1.0,0.833,0.167,2,S/D,S/D,S/D,0,S/D,S/D,S/D,0
47E35522,LA MUCHALA,CAJAMARCA,CHOTA,gfs,pp,20260909,20261008,"00Z,12Z",D1,6h,0.523,1.291,0.307,44,0.6,0.5,0.375,20,1.0,0.778,0.222,2,S/D,1.0,0.0,0,S/D,S/D,S/D,0
47E35522,LA MUCHALA,CAJAMARCA,CHOTA,eta5,pp,20260909,20261008,"00Z,12Z",D1,6h,2.378,4.257,0.539,36,0.765,0.48,0.448,17,1.0,0.895,0.105,2,S/D,1.0,0.0,0,S/D,S/D,S/D,0
47E35522,LA MUCHALA,CAJAMARCA,CHOTA,wrf5,pp,20260909,20261008,"00Z,12Z",D1,6h,0.073,1.308,0.545,44,0.25,0.286,0.227,20,0.5,0.5,0.333,2,S/D,1.0,0.0,0,S/D,S/D,S/D,0
47E35522,LA MUCHALA,CAJAMARCA,CHOTA,mpas15,pp,20260909,20261008,00Z,D1,6h,0.505,1.137,0.324,22,0.5,0.5,0.333,10,1.0,0.875,0.125,1,S/D,S/D,S/D,0,S/D,S/D,S/D,0
47E1D6C2,PUENTE SAN CARLOS,CAJAMARCA,CHOTA,ecmwf,pp,20260909,20261008,"00Z,12Z",D1,6h,0.404,1.105,-0.067,232,0.346,0.917,0.072,26,0.0,1.0,0.0,6,S/D,1.0,0.0,0,S/D,S/D,S/D,0
47E1D6C2,PUENTE SAN CARLOS,CAJAMARCA,CHOTA,gfs,pp,20260909,20261008,"00Z,12Z",D1,6h,0.345,0.997,0.003,232,0.385,0.896,0.089,26,0.0,1.0,0.0,6,S/D,1.0,0.0,0,S/D,S/D,S/D,0
47E1D6C2,PUENTE SAN CARLOS,CAJAMARCA,CHOTA,eta5,pp,20260909,20261008,"00Z,12Z",D1,6h,0.766,2.016,-0.02,187,0.364,0.887,0.094,22,0.0,1.0,0.0,4,S/D,1.0,0.0,0,S/D,S/D,S/D,0
47E1D6C2,PUENTE SAN CARLOS,CAJAMARCA,CHOTA,wrf5,pp,20260909,20261008,"00Z,12Z",D1,6h,-0.056,0.37,0.094,228,0.038,0.944,0.023,26,0.0,1.0,0.0,6,S/D,S/D,S/D,0,S/D,S/D,S/D,0
47E1D6C2,PUENTE SAN CARLOS,CAJAMARCA,CHOTA,mpas15,pp,20260909,20261008,00Z,D1,6h,0.161,0.767,-0.124,116,0.077,0.952,0.03,13,0.0,1.0,0.0,3,S/D,S/D,S/D,0,S/D,S/D,S/D,0
47E1F02E,TUNEL CHOTANO,CAJAMARCA,CHOTA,ecmwf,pp,20260909,20261008,"00Z,12Z",D1,6h,1.649,3.683,-0.035,234,0.673,0.799,0.183,52,1.0,0.949,0.051,4,0.0,1.0,0.0,2,S/D,S/D,S/D,0
47E1F02E,TUNEL CHOTANO,CAJAMARCA,CHOTA,gfs,pp,20260909,20261008,"00Z,12Z",D1,6h,1.104,2.059,0.169,234,0.846,0.773,0.218,52,1.0,0.949,0.051,4,0.0,1.0,0.0,2,S/D,S/D,S/D,0
47E1F02E,TUNEL CHOTANO,CAJAMARCA,CHOTA,eta5,pp,20260909,20261008,"00Z,12Z",D1,6h,1.099,2.746,0.052,187,0.595,0.763,0.204,37,1.0,0.943,0.057,3,0.0,1.0,0.0,2,S/D,S/D,S/D,0
47E1F02E,TUNEL CHOTANO,CAJAMARCA,CHOTA,wrf5,pp,20260909,20261008,"00Z,12Z",D1,6h,0.724,3.391,0.109,230,0.327,0.73,0.173,52,0.25,0.971,0.027,4,0.0,1.0,0.0,2,S/D,1.0,0.0,0
47E1F02E,TUNEL CHOTANO,CAJAMARCA,CHOTA,mpas15,pp,20260909,20261008,00Z,D1,6h,2.178,4.846,0.115,117,0.538,0.736,0.215,26,1.0,0.957,0.043,2,0.0,1.0,0.0,1,S/D,S/D,S/D,0
472C92CA,CASCABAMBA,CAJAMARCA,CONTUMAZA,ecmwf,pp,20260909,20261008,"00Z,12Z",D1,6h,0.463,1.642,0.176,236,0.625,0.783,0.192,40,0.167,0.971,0.026,6,0.0,1.0,0.0,2,S/D,S/D,S/D,0
472C92CA,CASCABAMBA,CAJAMARCA,CONTUMAZA,gfs,pp,20260909,20261008,"00Z,12Z",D1,6h,0.196,0.72,0.181,236,0.6,0.789,0.185,40,0.333,0.889,0.091,6,0.0,S/D,0.0,2,S/D,S/D,S/D,0
472C92CA,CASCABAMBA,CAJAMARCA,CONTUMAZA,eta5,pp,20260909,20261008,"00Z,12Z",D1,6h,-0.08,0.427,0.153,189,0.103,0.4,0.097,29,0.0,S/D,0.0,3,0.0,S/D,0.0,1,S/D,S/D,S/D,0
472C92CA,CASCABAMBA,CAJAMARCA,CONTUMAZA,wrf5,pp,20260909,20261008,"00Z,12Z",D1,6h,1.376,3.617,0.202,233,0.575,0.742,0.217,40,0.667,0.931,0.067,6,0.0,1.0,0.0,2,S/D,S/D,S/D,0
472C92CA,CASCABAMBA,CAJAMARCA,CONTUMAZA,mpas15,pp,20260909,20261008,00Z,D1,6h,1.092,2.823,0.205,118,0.55,0.744,0.212,20,0.667,0.939,0.059,3,0.0,1.0,0.0,1,S/D,S/D,S/D,0
472C81BC,GUZMANGO,CAJAMARCA,CONTUMAZA,ecmwf,pp,20260909,20261008,"00Z,12Z",D1,6h,0.111,1.652,0.293,234,0.75,0.821,0.169,16,0.333,0.9,0.083,6,0.0,1.0,0.0,2,S/D,S/D,S/D,0
472C81BC,GUZMANGO,CAJAMARCA,CONTUMAZA,gfs,pp,20260909,20261008,"00Z,12Z",D1,6h,-0.114,1.276,0.425,234,0.812,0.683,0.295,16,0.0,1.0,0.0,6,0.0,S/D,0.0,2,S/D,S/D,S/D,0
472C81BC,GUZMANGO,CAJAMARCA,CONTUMAZA,eta5,pp,20260909,20261008,"00Z,12Z",D1,6h,-0.031,1.094,0.3,187,0.583,0.65,0.28,12,0.25,0.833,0.111,4,0.0,S/D,0.0,1,S/D,S/D,S/D,0
472C81BC,GUZMANGO,CAJAMARCA,CONTUMAZA,wrf5,pp,20260909,20261008,"00Z,12Z",D1,6h,-0.023,1.632,0.271,231,0.375,0.667,0.214,16,0.333,0.6,0.222,6,0.0,1.0,0.0,2,S/D,S/D,S/D,0
472C81BC,GUZMANGO,CAJAMARCA,CONTUMAZA,mpas15,pp,20260909,20261008,00Z,D1,6h,0.481,1.81,0.068,117,0.5,0.895,0.095,8,0.667,0.931,0.067,3,0.0,1.0,0.0,1,S/D,S/D,S/D,0
4727470A,PUENTE CHILETE,CAJAMARCA,CONTUMAZA,ecmwf,pp,20260909,20261008,"00Z,12Z",D1,6h,1.154,2.8,0.019,224,0.833,0.961,0.038,6,0.0,1.0,0.0,4,S/D,1.0,0.0,0,S/D,S/D,S/D,0
4727470A,PUENTE CHILETE,CAJAMARCA,CONTUMAZA,gfs,pp,20260909,20261008,"00Z,12Z",D1,6h,1.25,2.26,0.078,224,0.833,0.97,0.03,6,0.5,0.976,0.024,4,S/D,1.0,0.0,0,S/D,S/D,S/D,0
4727470A,PUENTE CHILETE,CAJAMARCA,CONTUMAZA,eta5,pp,20260909,20261008,"00Z,12Z",D1,6h,2.115,4.235,0.218,180,1.0,0.957,0.043,4,1.0,0.971,0.029,2,S/D,1.0,0.0,0,S/D,S/D,S/D,0
4727470A,PUENTE CHILETE,CAJAMARCA,CONTUMAZA,wrf5,pp,20260909,20261008,"00Z,12Z",D1,6h,0.043,0.358,0.212,220,0.167,0.933,0.05,6,0.25,0.833,0.111,4,S/D,S/D,S/D,0,S/D,S/D,S/D,0
4727470A,PUENTE CHILETE,CAJAMARCA,CONTUMAZA,mpas15,pp,20260909,20261008,00Z,D1,6h,1.837,3.917,-0.018,112,0.667,0.959,0.04,3,0.0,1.0,0.0,2,S/D,1.0,0.0,0,S/D,S/D,S/D,0
4726E508,YONAN GORE,CAJAMARCA,CONTUMAZA,ecmwf,pp,20260909,20261008,"00Z,12Z",D1,6h,0.364,1.256,0.017,226,0.5,0.961,0.037,6,0.0,1.0,0.0,4,S/D,1.0,0.0,0,S/D,S/D,S/D,0
4726E508,YONAN GORE,CAJAMARCA,CONTUMAZA,gfs,pp,20260909,20261008,"00Z,12Z",D1,6h,0.22,0.551,0.09,226,0.667,0.956,0.043,6,0.0,1.0,0.0,4,S/D,S/D,S/D,0,S/D,S/D,S/D,0
4726E508,YONAN GORE,CAJAMARCA,CONTUMAZA,eta5,pp,20260909,20261008,"00Z,12Z",D1,6h,0.227,0.927,-0.097,181,0.0,1.0,0.0,5,0.0,1.0,0.0,3,S/D,1.0,0.0,0,S/D,S/D,S/D,0
4726E508,YONAN GORE,CAJAMARCA,CONTUMAZA,wrf5,pp,20260909,20261008,"00Z,12Z",D1,6h,-0.003,0.189,0.205,222,0.167,0.923,0.056,6,0.0,S/D,0.0,4,S/D,S/D,S/D,0,S/D,S/D,S/D,0
4726E508,YONAN GORE,CAJAMARCA,CONTUMAZA,mpas15,pp,20260909,20261008,00Z,D1,6h,0.222,0.984,-0.133,113,0.0,1.0,0.0,3,0.0,1.0,0.0,2,S/D,1.0,0.0,0,S/D,S/D,S/D,0
472B3006,CUMBA,CAJAMARCA,CUTERVO,ecmwf,pp,20260909,20261008,"00Z,12Z",D1,6h,0.261,3.605,0.25,228,0.933,0.789,0.207,30,0.167,0.957,0.036,12,0.0,1.0,0.0,4,0.0,S/D,0.0,2
472B3006,CUMBA,CAJAMARCA,CUTERVO,gfs,pp,20260909,20261008,"00Z,12Z",D1,6h,0.079,3.407,0.23,228,0.767,0.803,0.185,30,0.167,0.957,0.035,12,0.0,1.0,0.0,4,0.0,S/D,0.0,2
472B3006,CUMBA,CAJAMARCA,CUTERVO,eta5,pp,20260909,20261008,"00Z,12Z",D1,6h,1.841,4.453,0.175,181,0.846,0.831,0.164,26,0.6,0.935,0.062,10,0.0,1.0,0.0,2,0.0,S/D,0.0,1
472B3006,CUMBA,CAJAMARCA,CUTERVO,wrf5,pp,20260909,20261008,"00Z,12Z",D1,6h,-0.445,3.325,0.078,224,0.033,0.938,0.022,30,0.0,1.0,0.0,12,0.0,1.0,0.0,4,0.0,S/D,0.0,2
472B3006,CUMBA,CAJAMARCA,CUTERVO,mpas15,pp,20260909,20261008,00Z,D1,6h,1.792,4.79,0.264,114,0.867,0.822,0.173,15,1.0,0.905,0.095,6,0.5,0.941,0.056,2,0.0,S/D,0.0,1
4726A602,CUTERVO,CAJAMARCA,CUTERVO,ecmwf,pp,20260909,20261008,"00Z,12Z",D1,6h,1.028,3.351,0.196,188,0.893,0.824,0.172,28,0.556,0.851,0.133,18,1.0,0.733,0.267,4,S/D,S/D,S/D,0
4726A602,CUTERVO,CAJAMARCA,CUTERVO,gfs,pp,20260909,20261008,"00Z,12Z",D1,6h,0.57,3.004,0.218,188,0.964,0.829,0.17,28,0.556,0.851,0.133,18,0.5,0.75,0.2,4,S/D,S/D,S/D,0
4726A602,CUTERVO,CAJAMARCA,CUTERVO,eta5,pp,20260909,20261008,"00Z,12Z",D1,6h,-0.243,2.911,0.158,156,0.48,0.774,0.182,25,0.125,0.833,0.077,16,0.0,1.0,0.0,3,S/D,S/D,S/D,0
4726A602,CUTERVO,CAJAMARCA,CUTERVO,wrf5,pp,20260909,20261008,"00Z,12Z",D1,6h,-0.161,2.961,0.218,184,0.321,0.727,0.173,28,0.389,0.632,0.233,18,0.25,0.857,0.1,4,S/D,S/D,S/D,0
4726A602,CUTERVO,CAJAMARCA,CUTERVO,mpas15,pp,20260909,20261008,00Z,D1,6h,1.077,3.408,0.286,94,0.857,0.75,0.24,14,0.778,0.8,0.189,9,1.0,0.833,0.167,2,S/D,S/D,S/D,0
4726D092,BAMBAMARCA H,CAJAMARCA,HUALGAYOC,ecmwf,pp,20260909,20261008,"00Z,12Z",D1,6h,0.733,2.162,0.233,100,0.667,0.846,0.143,12,0.25,0.938,0.053,4,S/D,1.0,0.0,0,S/D,S/D,S/D,0
4726D092,BAMBAMARCA H,CAJAMARCA,HUALGAYOC,gfs,pp,20260909,20261008,"00Z,12Z",D1,6h,0.64,1.199,0.167,100,1.0,0.829,0.171,12,0.25,0.958,0.037,4,S/D,S/D,S/D,0,S/D,S/D,S/D,0
4726D092,BAMBAMARCA H,CAJAMARCA,HUALGAYOC,eta5,pp,20260909,20261008,"00Z,12Z",D1,6h,0.084,0.774,0.11,89,0.182,0.857,0.087,11,0.0,1.0,0.0,4,S/D,1.0,0.0,0,S/D,S/D,S/D,0
4726D092,BAMBAMARCA H,CAJAMARCA,HUALGAYOC,wrf5,pp,20260909,20261008,"00Z,12Z",D1,6h,0.024,0.548,0.126,96,0.273,0.824,0.12,11,0.0,1.0,0.0,4,S/D,S/D,S/D,0,S/D,S/D,S/D,0
4726D092,BAMBAMARCA H,CAJAMARCA,HUALGAYOC,mpas15,pp,20260909,20261008,00Z,D1,6h,1.254,2.984,0.131,50,0.667,0.818,0.167,6,0.5,0.95,0.048,2,S/D,1.0,0.0,0,S/D,S/D,S/D,0
472680EE,BAMBAMARCA M,CAJAMARCA,HUALGAYOC,ecmwf,pp,20260909,20261008,"00Z,12Z",D1,6h,0.93,2.568,0.335,226,0.889,0.754,0.239,36,0.562,0.83,0.15,16,0.333,0.917,0.071,6,S/D,S/D,S/D,0
472680EE,BAMBAMARCA M,CAJAMARCA,HUALGAYOC,gfs,pp,20260909,20261008,"00Z,12Z",D1,6h,1.244,2.895,0.252,226,0.944,0.814,0.184,36,0.625,0.896,0.098,16,0.0,1.0,0.0,6,S/D,S/D,S/D,0
472680EE,BAMBAMARCA M,CAJAMARCA,HUALGAYOC,eta5,pp,20260909,20261008,"00Z,12Z",D1,6h,0.72,2.103,0.074,181,0.519,0.827,0.149,27,0.4,0.92,0.071,10,0.0,1.0,0.0,3,S/D,S/D,S/D,0
472680EE,BAMBAMARCA M,CAJAMARCA,HUALGAYOC,wrf5,pp,20260909,20261008,"00Z,12Z",D1,6h,0.29,2.326,0.227,222,0.556,0.71,0.235,36,0.188,0.889,0.075,16,0.0,1.0,0.0,6,S/D,S/D,S/D,0
472680EE,BAMBAMARCA M,CAJAMARCA,HUALGAYOC,mpas15,pp,20260909,20261008,00Z,D1,6h,1.444,3.356,0.162,113,0.667,0.786,0.194,18,0.625,0.894,0.1,8,0.333,0.938,0.056,3,S/D,S/D,S/D,0
4727F484,CHUGUR,CAJAMARCA,HUALGAYOC,ecmwf,pp,20260909,20261008,"00Z,12Z",D1,6h,2.032,3.542,S/D,230,S/D,1.0,0.0,0,S/D,1.0,0.0,0,S/D,1.0,0.0,0,S/D,S/D,S/D,0
4727F484,CHUGUR,CAJAMARCA,HUALGAYOC,gfs,pp,20260909,20261008,"00Z,12Z",D1,6h,2.101,4.561,S/D,230,S/D,1.0,0.0,0,S/D,1.0,0.0,0,S/D,1.0,0.0,0,S/D,1.0,0.0,0
4727F484,CHUGUR,CAJAMARCA,HUALGAYOC,eta5,pp,20260909,20261008,"00Z,12Z",D1,6h,1.381,3.095,S/D,185,S/D,1.0,0.0,0,S/D,1.0,0.0,0,S/D,1.0,0.0,0,S/D,S/D,S/D,0
4727F484,CHUGUR,CAJAMARCA,HUALGAYOC,wrf5,pp,20260909,20261008,"00Z,12Z",D1,6h,1.806,4.263,S/D,226,S/D,1.0,0.0,0,S/D,1.0,0.0,0,S/D,1.0,0.0,0,S/D,1.0,0.0,0
4727F484,CHUGUR,CAJAMARCA,HUALGAYOC,mpas15,pp,20260909,20261008,00Z,D1,6h,2.683,5.535,S/D,115,S/D,1.0,0.0,0,S/D,1.0,0.0,0,S/D,1.0,0.0,0,S/D,1.0,0.0,0
472A571A,HUALLAPE,CAJAMARCA,JAEN,ecmwf,pp,20260909,20261008,"00Z,12Z",D1,6h,0.957,2.387,0.218,234,0.909,0.878,0.12,22,0.5,0.955,0.043,6,0.0,1.0,0.0,2,S/D,S/D,S/D,0
472A571A,HUALLAPE,CAJAMARCA,JAEN,gfs,pp,20260909,20261008,"00Z,12Z",D1,6h,0.193,0.863,0.235,234,0.682,0.826,0.161,22,0.667,0.84,0.148,6,0.0,S/D,0.0,2,S/D,S/D,S/D,0
472A571A,HUALLAPE,CAJAMARCA,JAEN,eta5,pp,20260909,20261008,"00Z,12Z",D1,6h,1.411,2.777,0.185,187,0.688,0.885,0.109,16,1.0,0.918,0.082,5,1.0,0.95,0.05,1,S/D,S/D,S/D,0
472A571A,HUALLAPE,CAJAMARCA,JAEN,wrf5,pp,20260909,20261008,"00Z,12Z",D1,6h,0.039,1.363,0.167,230,0.091,0.882,0.054,22,0.0,1.0,0.0,6,0.0,1.0,0.0,2,S/D,S/D,S/D,0
472A571A,HUALLAPE,CAJAMARCA,JAEN,mpas15,pp,20260909,20261008,00Z,D1,6h,0.864,2.575,0.178,117,0.636,0.844,0.143,11,0.667,0.947,0.051,3,0.0,1.0,0.0,1,S/D,S/D,S/D,0
47269398,JAEN,CAJAMARCA,JAEN,ecmwf,pp,20260909,20261008,"00Z,12Z",D1,6h,0.484,1.157,0.272,220,0.75,0.851,0.142,20,0.5,0.905,0.087,8,S/D,1.0,0.0,0,S/D,S/D,S/D,0
47269398,JAEN,CAJAMARCA,JAEN,gfs,pp,20260909,20261008,"00Z,12Z",D1,6h,0.356,0.858,0.231,220,0.75,0.842,0.15,20,0.375,0.912,0.077,8,S/D,1.0,0.0,0,S/D,S/D,S/D,0
47269398,JAEN,CAJAMARCA,JAEN,eta5,pp,20260909,20261008,"00Z,12Z",D1,6h,2.541,4.057,0.093,175,0.75,0.904,0.093,16,0.6,0.969,0.03,5,S/D,1.0,0.0,0,S/D,S/D,S/D,0
47269398,JAEN,CAJAMARCA,JAEN,wrf5,pp,20260909,20261008,"00Z,12Z",D1,6h,-0.054,0.345,0.121,216,0.15,0.727,0.107,20,0.0,S/D,0.0,8,S/D,S/D,S/D,0,S/D,S/D,S/D,0
47269398,JAEN,CAJAMARCA,JAEN,mpas15,pp,20260909,20261008,00Z,D1,6h,2.07,3.85,0.22,110,0.9,0.862,0.136,10,1.0,0.925,0.075,4,S/D,1.0,0.0,0,S/D,S/D,S/D,0
105136,SAUZAL,CAJAMARCA,JAEN,ecmwf,pp,20260909,20261008,"00Z,12Z",D1,6h,0.965,2.493,0.162,234,0.8,0.922,0.076,10,0.5,0.965,0.034,4,S/D,1.0,0.0,0,S/D,S/D,S/D,0
105136,SAUZAL,CAJAMARCA,JAEN,gfs,pp,20260909,20261008,"00Z,12Z",D1,6h,1.015,2.67,0.217,234,0.9,0.93,0.069,10,0.5,0.968,0.031,4,S/D,1.0,0.0,0,S/D,1.0,0.0,0
105136,SAUZAL,CAJAMARCA,JAEN,eta5,pp,20260909,20261008,"00Z,12Z",D1,6h,1.008,2.804,0.037,189,0.5,0.942,0.055,8,0.0,1.0,0.0,3,S/D,1.0,0.0,0,S/D,S/D,S/D,0
105136,SAUZAL,CAJAMARCA,JAEN,wrf5,pp,20260909,20261008,"00Z,12Z",D1,6h,0.052,0.862,0.131,230,0.1,0.929,0.043,10,0.0,1.0,0.0,4,S/D,1.0,0.0,0,S/D,S/D,S/D,0
105136,SAUZAL,CAJAMARCA,JAEN,mpas15,pp,20260909,20261008,00Z,D1,6h,0.884,2.024,0.202,117,0.8,0.897,0.1,5,0.5,0.97,0.029,2,S/D,1.0,0.0,0,S/D,S/D,S/D,0
4725E206,SAN MARCOS,CAJAMARCA,SAN MARCOS,ecmwf,pp,20260909,20261008,"00Z,12Z",D1,6h,0.569,2.3,0.186,226,0.654,0.86,0.131,26,0.333,0.941,0.053,6,0.0,1.0,0.0,4,S/D,S/D,S/D,0
4725E206,SAN MARCOS,CAJAMARCA,SAN MARCOS,gfs,pp,20260909,20261008,"00Z,12Z",D1,6h,1.002,2.28,0.225,226,0.923,0.853,0.145,26,0.833,0.943,0.056,6,0.0,1.0,0.0,4,S/D,S/D,S/D,0
4725E206,SAN MARCOS,CAJAMARCA,SAN MARCOS,eta5,pp,20260909,20261008,"00Z,12Z",D1,6h,0.333,1.955,0.194,183,0.65,0.809,0.173,20,0.167,0.971,0.025,6,0.0,1.0,0.0,4,S/D,S/D,S/D,0
4725E206,SAN MARCOS,CAJAMARCA,SAN MARCOS,wrf5,pp,20260909,20261008,"00Z,12Z",D1,6h,0.5,2.769,0.222,222,0.577,0.741,0.217,26,0.167,0.962,0.032,6,0.0,1.0,0.0,4,S/D,S/D,S/D,0
4725E206,SAN MARCOS,CAJAMARCA,SAN MARCOS,mpas15,pp,20260909,20261008,00Z,D1,6h,1.065,3.582,0.206,113,0.615,0.818,0.163,13,0.667,0.941,0.057,3,0.5,0.889,0.1,2,S/D,S/D,S/D,0
47E207A4,TONGOD,CAJAMARCA,SAN MIGUEL,ecmwf,pp,20260909,20261008,"00Z,12Z",D1,6h,0.9,3.41,0.339,230,0.714,0.613,0.335,84,0.8,0.753,0.233,30,0.75,0.676,0.293,16,S/D,S/D,S/D,0
47E207A4,TONGOD,CAJAMARCA,SAN MIGUEL,gfs,pp,20260909,20261008,"00Z,12Z",D1,6h,1.017,4.672,0.421,230,0.905,0.578,0.404,84,0.8,0.753,0.233,30,0.5,0.742,0.205,16,S/D,1.0,0.0,0
47E207A4,TONGOD,CAJAMARCA,SAN MIGUEL,eta5,pp,20260909,20261008,"00Z,12Z",D1,6h,-0.315,2.922,0.3,184,0.571,0.544,0.34,63,0.55,0.621,0.289,20,0.0,1.0,0.0,8,S/D,S/D,S/D,0
47E207A4,TONGOD,CAJAMARCA,SAN MIGUEL,wrf5,pp,20260909,20261008,"00Z,12Z",D1,6h,0.049,3.484,0.39,226,0.619,0.388,0.444,84,0.6,0.609,0.31,30,0.562,0.5,0.36,16,S/D,S/D,S/D,0
47E207A4,TONGOD,CAJAMARCA,SAN MIGUEL,mpas15,pp,20260909,20261008,00Z,D1,6h,1.262,3.795,0.375,115,0.595,0.5,0.373,42,0.8,0.739,0.245,15,0.75,0.76,0.222,8,S/D,S/D,S/D,0
47E1C5B4,CAÑAD,CAJAMARCA,SANTA CRUZ,ecmwf,pp,20260909,20261008,"00Z,12Z",D1,6h,1.737,3.519,0.032,226,0.875,0.953,0.047,8,S/D,1.0,0.0,0,S/D,1.0,0.0,0,S/D,S/D,S/D,0
47E1C5B4,CAÑAD,CAJAMARCA,SANTA CRUZ,gfs,pp,20260909,20261008,"00Z,12Z",D1,6h,1.689,3.244,0.181,226,1.0,0.954,0.046,8,S/D,1.0,0.0,0,S/D,1.0,0.0,0,S/D,S/D,S/D,0
47E1C5B4,CAÑAD,CAJAMARCA,SANTA CRUZ,eta5,pp,20260909,20261008,"00Z,12Z",D1,6h,1.305,2.693,0.15,184,1.0,0.949,0.051,5,S/D,1.0,0.0,0,S/D,1.0,0.0,0,S/D,S/D,S/D,0
47E1C5B4,CAÑAD,CAJAMARCA,SANTA CRUZ,wrf5,pp,20260909,20261008,"00Z,12Z",D1,6h,0.156,0.858,0.309,222,0.75,0.739,0.24,8,S/D,1.0,0.0,0,S/D,1.0,0.0,0,S/D,S/D,S/D,0
47E1C5B4,CAÑAD,CAJAMARCA,SANTA CRUZ,mpas15,pp,20260909,20261008,00Z,D1,6h,1.446,3.016,0.148,113,1.0,0.918,0.082,4,S/D,1.0,0.0,0,S/D,1.0,0.0,0,S/D,S/D,S/D,0
47E3055E,CHANCAY BAÑOS,CAJAMARCA,SANTA CRUZ,ecmwf,pp,20260909,20261008,"00Z,12Z",D1,6h,1.389,3.379,0.146,238,0.795,0.802,0.188,44,0.75,0.852,0.141,16,0.75,0.87,0.125,4,S/D,S/D,S/D,0
47E3055E,CHANCAY BAÑOS,CAJAMARCA,SANTA CRUZ,gfs,pp,20260909,20261008,"00Z,12Z",D1,6h,0.841,2.057,0.217,238,0.886,0.802,0.193,44,0.625,0.873,0.118,16,0.5,0.846,0.133,4,S/D,S/D,S/D,0
47E3055E,CHANCAY BAÑOS,CAJAMARCA,SANTA CRUZ,eta5,pp,20260909,20261008,"00Z,12Z",D1,6h,1.042,2.971,0.185,191,0.75,0.786,0.2,28,0.7,0.879,0.115,10,0.333,0.923,0.067,3,S/D,S/D,S/D,0
47E3055E,CHANCAY BAÑOS,CAJAMARCA,SANTA CRUZ,wrf5,pp,20260909,20261008,"00Z,12Z",D1,6h,0.227,2.976,0.212,234,0.364,0.667,0.211,44,0.375,0.778,0.162,16,0.0,1.0,0.0,4,S/D,1.0,0.0,0
47E3055E,CHANCAY BAÑOS,CAJAMARCA,SANTA CRUZ,mpas15,pp,20260909,20261008,00Z,D1,6h,1.494,3.515,0.125,119,0.5,0.784,0.177,22,0.625,0.884,0.109,8,0.5,0.944,0.053,2,S/D,S/D,S/D,0
47E1E358,PUENTE AMBAN,CAJAMARCA,SANTA CRUZ,ecmwf,pp,20260909,20261008,"00Z,12Z",D1,6h,0.968,2.763,0.077,236,0.605,0.84,0.145,38,0.833,0.855,0.141,12,0.667,0.789,0.19,6,S/D,S/D,S/D,0
47E1E358,PUENTE AMBAN,CAJAMARCA,SANTA CRUZ,gfs,pp,20260909,20261008,"00Z,12Z",D1,6h,0.443,1.976,0.351,236,0.816,0.744,0.242,38,0.833,0.756,0.233,12,0.0,1.0,0.0,6,S/D,S/D,S/D,0
47E1E358,PUENTE AMBAN,CAJAMARCA,SANTA CRUZ,eta5,pp,20260909,20261008,"00Z,12Z",D1,6h,1.529,3.776,0.184,189,0.72,0.835,0.155,25,0.75,0.92,0.078,8,0.25,0.952,0.042,4,S/D,S/D,S/D,0
47E1E358,PUENTE AMBAN,CAJAMARCA,SANTA CRUZ,wrf5,pp,20260909,20261008,"00Z,12Z",D1,6h,0.113,2.688,0.255,232,0.342,0.618,0.22,38,0.583,0.682,0.259,12,0.0,1.0,0.0,6,S/D,S/D,S/D,0
47E1E358,PUENTE AMBAN,CAJAMARCA,SANTA CRUZ,mpas15,pp,20260909,20261008,00Z,D1,6h,1.514,3.574,0.101,118,0.474,0.82,0.15,19,0.833,0.884,0.114,6,1.0,0.833,0.167,3,S/D,S/D,S/D,0
114132,POMACANCHI,CUSCO,ACOMAYO,ecmwf,pp,20260909,20261008,"00Z,12Z",D1,6h,0.251,0.809,0.401,236,0.818,0.714,0.269,22,0.333,0.929,0.062,6,S/D,1.0,0.0,0,S/D,S/D,S/D,0
114132,POMACANCHI,CUSCO,ACOMAYO,gfs,pp,20260909,20261008,"00Z,12Z",D1,6h,0.345,1.324,0.385,236,0.864,0.753,0.237,22,0.667,0.84,0.148,6,S/D,1.0,0.0,0,S/D,S/D,S/D,0
114132,POMACANCHI,CUSCO,ACOMAYO,eta5,pp,20260909,20261008,"00Z,12Z",D1,6h,0.351,1.279,0.516,190,0.81,0.646,0.327,21,0.833,0.792,0.2,6,S/D,1.0,0.0,0,S/D,S/D,S/D,0
114132,POMACANCHI,CUSCO,ACOMAYO,wrf5,pp,20260909,20261008,"00Z,12Z",D1,6h,0.19,1.25,0.461,232,0.591,0.606,0.31,22,0.167,0.909,0.062,6,S/D,1.0,0.0,0,S/D,S/D,S/D,0
114132,POMACANCHI,CUSCO,ACOMAYO,mpas15,pp,20260909,20261008,00Z,D1,6h,0.304,0.723,0.402,118,0.818,0.71,0.273,11,0.667,0.909,0.087,3,S/D,S/D,S/D,0,S/D,S/D,S/D,0
113252,ANCACHURO,CUSCO,ANTA,ecmwf,pp,20260909,20261008,"00Z,12Z",D1,6h,0.45,1.27,0.343,232,0.889,0.805,0.19,18,0.833,0.857,0.139,6,S/D,1.0,0.0,0,S/D,S/D,S/D,0
113252,ANCACHURO,CUSCO,ANTA,gfs,pp,20260909,20261008,"00Z,12Z",D1,6h,0.378,1.124,0.296,232,0.722,0.838,0.153,18,0.667,0.857,0.133,6,S/D,1.0,0.0,0,S/D,S/D,S/D,0
113252,ANCACHURO,CUSCO,ANTA,eta5,pp,20260909,20261008,"00Z,12Z",D1,6h,0.535,1.596,0.341,185,0.706,0.745,0.231,17,0.833,0.828,0.167,6,S/D,1.0,0.0,0,S/D,S/D,S/D,0
113252,ANCACHURO,CUSCO,ANTA,wrf5,pp,20260909,20261008,"00Z,12Z",D1,6h,0.091,0.599,0.377,228,0.556,0.722,0.227,18,0.167,0.875,0.077,6,S/D,1.0,0.0,0,S/D,S/D,S/D,0
113252,ANCACHURO,CUSCO,ANTA,mpas15,pp,20260909,20261008,00Z,D1,6h,0.372,0.873,0.219,116,0.667,0.812,0.171,9,0.667,0.917,0.08,3,S/D,S/D,S/D,0,S/D,S/D,S/D,0
47294362,SORAYPAMPA,CUSCO,ANTA,ecmwf,pp,20260909,20261008,"00Z,12Z",D1,6h,S/D,S/D,S/D,0,S/D,S/D,S/D,0,S/D,S/D,S/D,0,S/D,S/D,S/D,0,S/D,S/D,S/D,0
47294362,SORAYPAMPA,CUSCO,ANTA,gfs,pp,20260909,20261008,"00Z,12Z",D1,6h,S/D,S/D,S/D,0,S/D,S/D,S/D,0,S/D,S/D,S/D,0,S/D,S/D,S/D,0,S/D,S/D,S/D,0
47294362,SORAYPAMPA,CUSCO,ANTA,eta5,pp,20260909,20261008,"00Z,12Z",D1,6h,S/D,S/D,S/D,0,S/D,S/D,S/D,0,S/D,S/D,S/D,0,S/D,S/D,S/D,0,S/D,S/D,S/D,0
47294362,SORAYPAMPA,CUSCO,ANTA,wrf5,pp,20260909,20261008,"00Z,12Z",D1,6h,S/D,S/D,S/D,0,S/D,S/D,S/D,0,S/D,S/D,S/D,0,S/D,S/D,S/D,0,S/D,S/D,S/D,0
47294362,SORAYPAMPA,CUSCO,ANTA,mpas15,pp,20260909,20261008,00Z,D1,6h,S/D,S/D,S/D,0,S/D,S/D,S/D,0,S/D,S/D,S/D,0,S/D,S/D,S/D,0,S/D,S/D,S/D,0
472976F8,CALCA,CUSCO,CALCA,ecmwf,pp,20260909,20261008,"00Z,12Z",D1,6h,0.439,1.101,0.338,218,0.864,0.756,0.235,22,0.0,1.0,0.0,2,S/D,1.0,0.0,0,S/D,S/D,S/D,0
472976F8,CALCA,CUSCO,CALCA,gfs,pp,20260909,20261008,"00Z,12Z",D1,6h,0.625,1.325,0.321,218,0.909,0.831,0.167,22,0.0,1.0,0.0,2,S/D,1.0,0.0,0,S/D,S/D,S/D,0
472976F8,CALCA,CUSCO,CALCA,eta5,pp,20260909,20261008,"00Z,12Z",D1,6h,0.127,0.858,0.32,177,0.45,0.625,0.257,20,0.0,1.0,0.0,2,S/D,1.0,0.0,0,S/D,S/D,S/D,0
472976F8,CALCA,CUSCO,CALCA,wrf5,pp,20260909,20261008,"00Z,12Z",D1,6h,0.071,0.554,0.381,215,0.409,0.727,0.196,22,0.0,1.0,0.0,2,S/D,S/D,S/D,0,S/D,S/D,S/D,0
472976F8,CALCA,CUSCO,CALCA,mpas15,pp,20260909,20261008,00Z,D1,6h,0.391,0.959,0.301,109,0.727,0.733,0.242,11,1.0,0.958,0.042,1,S/D,S/D,S/D,0,S/D,S/D,S/D,0
472A6280,NUEVO PISAC,CUSCO,CALCA,ecmwf,pp,20260909,20261008,"00Z,12Z",D1,6h,S/D,S/D,S/D,0,S/D,S/D,S/D,0,S/D,S/D,S/D,0,S/D,S/D,S/D,0,S/D,S/D,S/D,0
472A6280,NUEVO PISAC,CUSCO,CALCA,gfs,pp,20260909,20261008,"00Z,12Z",D1,6h,S/D,S/D,S/D,0,S/D,S/D,S/D,0,S/D,S/D,S/D,0,S/D,S/D,S/D,0,S/D,S/D,S/D,0
472A6280,NUEVO PISAC,CUSCO,CALCA,eta5,pp,20260909,20261008,"00Z,12Z",D1,6h,S/D,S/D,S/D,0,S/D,S/D,S/D,0,S/D,S/D,S/D,0,S/D,S/D,S/D,0,S/D,S/D,S/D,0
472A6280,NUEVO PISAC,CUSCO,CALCA,wrf5,pp,20260909,20261008,"00Z,12Z",D1,6h,S/D,S/D,S/D,0,S/D,S/D,S/D,0,S/D,S/D,S/D,0,S/D,S/D,S/D,0,S/D,S/D,S/D,0
472A6280,NUEVO PISAC,CUSCO,CALCA,mpas15,pp,20260909,20261008,00Z,D1,6h,S/D,S/D,S/D,0,S/D,S/D,S/D,0,S/D,S/D,S/D,0,S/D,S/D,S/D,0,S/D,S/D,S/D,0
114126,PAYAPUNKU,CUSCO,CANAS,ecmwf,pp,20260909,20261008,"00Z,12Z",D1,6h,0.268,1.076,0.565,230,0.964,0.578,0.415,28,0.625,0.773,0.2,8,S/D,1.0,0.0,0,S/D,S/D,S/D,0
114126,PAYAPUNKU,CUSCO,CANAS,gfs,pp,20260909,20261008,"00Z,12Z",D1,6h,0.218,1.176,0.502,230,0.821,0.617,0.354,28,0.0,1.0,0.0,8,S/D,1.0,0.0,0,S/D,S/D,S/D,0
114126,PAYAPUNKU,CUSCO,CANAS,eta5,pp,20260909,20261008,"00Z,12Z",D1,6h,0.23,1.098,0.507,186,0.741,0.535,0.4,27,0.5,0.833,0.143,8,S/D,1.0,0.0,0,S/D,S/D,S/D,0
114126,PAYAPUNKU,CUSCO,CANAS,wrf5,pp,20260909,20261008,"00Z,12Z",D1,6h,0.184,1.641,0.456,227,0.462,0.647,0.25,26,0.0,1.0,0.0,7,S/D,1.0,0.0,0,S/D,S/D,S/D,0
114126,PAYAPUNKU,CUSCO,CANAS,mpas15,pp,20260909,20261008,00Z,D1,6h,0.263,1.022,0.398,115,0.786,0.522,0.423,14,0.75,0.833,0.158,4,S/D,1.0,0.0,0,S/D,S/D,S/D,0
114125,SAUSAYA,CUSCO,CANAS,ecmwf,pp,20260909,20261008,"00Z,12Z",D1,6h,0.334,1.107,0.406,230,0.938,0.773,0.224,16,0.5,0.88,0.107,6,S/D,1.0,0.0,0,S/D,S/D,S/D,0
114125,SAUSAYA,CUSCO,CANAS,gfs,pp,20260909,20261008,"00Z,12Z",D1,6h,0.299,1.185,0.377,230,0.875,0.774,0.219,16,0.333,0.905,0.08,6,S/D,1.0,0.0,0,S/D,S/D,S/D,0
114125,SAUSAYA,CUSCO,CANAS,eta5,pp,20260909,20261008,"00Z,12Z",D1,6h,0.782,2.072,0.362,185,0.867,0.776,0.217,15,0.6,0.925,0.071,5,S/D,1.0,0.0,0,S/D,S/D,S/D,0
114125,SAUSAYA,CUSCO,CANAS,wrf5,pp,20260909,20261008,"00Z,12Z",D1,6h,0.293,1.907,0.327,226,0.5,0.724,0.216,16,0.167,0.923,0.056,6,S/D,1.0,0.0,0,S/D,S/D,S/D,0
114125,SAUSAYA,CUSCO,CANAS,mpas15,pp,20260909,20261008,00Z,D1,6h,0.292,0.834,0.301,115,0.75,0.76,0.222,8,0.667,0.889,0.105,3,S/D,1.0,0.0,0,S/D,S/D,S/D,0
472E025C,QUISOQUEPINA,CUSCO,CANCHIS,ecmwf,pp,20260909,20261008,"00Z,12Z",D1,6h,S/D,S/D,S/D,0,S/D,S/D,S/D,0,S/D,S/D,S/D,0,S/D,S/D,S/D,0,S/D,S/D,S/D,0
472E025C,QUISOQUEPINA,CUSCO,CANCHIS,gfs,pp,20260909,20261008,"00Z,12Z",D1,6h,S/D,S/D,S/D,0,S/D,S/D,S/D,0,S/D,S/D,S/D,0,S/D,S/D,S/D,0,S/D,S/D,S/D,0
472E025C,QUISOQUEPINA,CUSCO,CANCHIS,eta5,pp,20260909,20261008,"00Z,12Z",D1,6h,S/D,S/D,S/D,0,S/D,S/D,S/D,0,S/D,S/D,S/D,0,S/D,S/D,S/D,0,S/D,S/D,S/D,0
472E025C,QUISOQUEPINA,CUSCO,CANCHIS,wrf5,pp,20260909,20261008,"00Z,12Z",D1,6h,S/D,S/D,S/D,0,S/D,S/D,S/D,0,S/D,S/D,S/D,0,S/D,S/D,S/D,0,S/D,S/D,S/D,0
472E025C,QUISOQUEPINA,CUSCO,CANCHIS,mpas15,pp,20260909,20261008,00Z,D1,6h,S/D,S/D,S/D,0,S/D,S/D,S/D,0,S/D,S/D,S/D,0,S/D,S/D,S/D,0,S/D,S/D,S/D,0
114118,SALCCA,CUSCO,CANCHIS,ecmwf,pp,20260909,20261008,"00Z,12Z",D1,6h,0.235,0.961,0.427,236,0.889,0.765,0.229,18,0.75,0.591,0.36,12,S/D,1.0,0.0,0,S/D,S/D,S/D,0
114118,SALCCA,CUSCO,CANCHIS,gfs,pp,20260909,20261008,"00Z,12Z",D1,6h,0.131,0.726,0.462,236,1.0,0.723,0.277,18,0.583,0.611,0.304,12,S/D,1.0,0.0,0,S/D,S/D,S/D,0
114118,SALCCA,CUSCO,CANCHIS,eta5,pp,20260909,20261008,"00Z,12Z",D1,6h,0.493,1.609,0.505,189,0.944,0.696,0.298,18,0.917,0.656,0.333,12,S/D,1.0,0.0,0,S/D,S/D,S/D,0
114118,SALCCA,CUSCO,CANCHIS,wrf5,pp,20260909,20261008,"00Z,12Z",D1,6h,0.152,1.06,0.468,232,0.833,0.595,0.375,18,0.5,0.571,0.3,12,S/D,1.0,0.0,0,S/D,S/D,S/D,0
114118,SALCCA,CUSCO,CANCHIS,mpas15,pp,20260909,20261008,00Z,D1,6h,0.22,0.831,0.295,118,0.778,0.75,0.233,9,0.833,0.75,0.238,6,S/D,1.0,0.0,0,S/D,S/D,S/D,0
47E8B578,SIBINACOCHA,CUSCO,CANCHIS,ecmwf,pp,20260909,20261008,"00Z,12Z",D1,6h,0.113,0.684,0.436,234,0.786,0.672,0.301,28,0.1,0.909,0.05,10,S/D,S/D,S/D,0,S/D,S/D,S/D,0
47E8B578,SIBINACOCHA,CUSCO,CANCHIS,gfs,pp,20260909,20261008,"00Z,12Z",D1,6h,0.505,1.251,0.383,234,0.786,0.741,0.242,28,0.6,0.867,0.122,10,S/D,1.0,0.0,0,S/D,S/D,S/D,0
47E8B578,SIBINACOCHA,CUSCO,CANCHIS,eta5,pp,20260909,20261008,"00Z,12Z",D1,6h,0.2,1.037,0.357,188,0.462,0.625,0.261,26,0.4,0.778,0.167,10,S/D,1.0,0.0,0,S/D,S/D,S/D,0
47E8B578,SIBINACOCHA,CUSCO,CANCHIS,wrf5,pp,20260909,20261008,"00Z,12Z",D1,6h,0.197,1.051,0.36,231,0.577,0.674,0.263,26,0.4,0.778,0.167,10,S/D,1.0,0.0,0,S/D,S/D,S/D,0
47E8B578,SIBINACOCHA,CUSCO,CANCHIS,mpas15,pp,20260909,20261008,00Z,D1,6h,0.391,0.939,0.458,117,0.857,0.647,0.333,14,0.4,0.923,0.069,5,S/D,S/D,S/D,0,S/D,S/D,S/D,0
4726158C,SICUANI,CUSCO,CANCHIS,ecmwf,pp,20260909,20261008,"00Z,12Z",D1,6h,0.293,1.114,0.355,222,0.833,0.839,0.156,12,0.0,1.0,0.0,2,S/D,1.0,0.0,0,S/D,S/D,S/D,0
4726158C,SICUANI,CUSCO,CANCHIS,gfs,pp,20260909,20261008,"00Z,12Z",D1,6h,0.216,0.735,0.401,222,1.0,0.793,0.207,12,1.0,0.875,0.125,2,S/D,1.0,0.0,0,S/D,S/D,S/D,0
4726158C,SICUANI,CUSCO,CANCHIS,eta5,pp,20260909,20261008,"00Z,12Z",D1,6h,0.615,1.679,0.441,179,0.917,0.788,0.208,12,1.0,0.933,0.067,2,S/D,1.0,0.0,0,S/D,S/D,S/D,0
4726158C,SICUANI,CUSCO,CANCHIS,wrf5,pp,20260909,20261008,"00Z,12Z",D1,6h,0.227,1.278,0.481,218,0.833,0.615,0.357,12,1.0,0.714,0.286,2,S/D,1.0,0.0,0,S/D,S/D,S/D,0
4726158C,SICUANI,CUSCO,CANCHIS,mpas15,pp,20260909,20261008,00Z,D1,6h,0.296,0.951,0.195,111,0.667,0.84,0.148,6,1.0,0.941,0.059,1,S/D,1.0,0.0,0,S/D,S/D,S/D,0
114123,MARCA CUNKA,CUSCO,CHUMBIVILCAS,ecmwf,pp,20260909,20261008,"00Z,12Z",D1,6h,0.211,0.828,0.477,230,0.917,0.656,0.333,24,0.312,0.762,0.156,16,S/D,1.0,0.0,0,S/D,S/D,S/D,0
114123,MARCA CUNKA,CUSCO,CHUMBIVILCAS,gfs,pp,20260909,20261008,"00Z,12Z",D1,6h,0.24,0.694,0.405,230,0.958,0.755,0.242,24,0.375,0.824,0.136,16,S/D,S/D,S/D,0,S/D,S/D,S/D,0
114123,MARCA CUNKA,CUSCO,CHUMBIVILCAS,eta5,pp,20260909,20261008,"00Z,12Z",D1,6h,0.501,1.389,0.485,185,0.826,0.635,0.339,23,0.733,0.694,0.275,15,S/D,1.0,0.0,0,S/D,S/D,S/D,0
114123,MARCA CUNKA,CUSCO,CHUMBIVILCAS,wrf5,pp,20260909,20261008,"00Z,12Z",D1,6h,0.133,1.099,0.496,227,0.636,0.667,0.28,22,0.214,0.8,0.115,14,S/D,1.0,0.0,0,S/D,S/D,S/D,0
114123,MARCA CUNKA,CUSCO,CHUMBIVILCAS,mpas15,pp,20260909,20261008,00Z,D1,6h,0.241,0.629,0.401,115,0.833,0.63,0.345,12,0.75,0.684,0.286,8,S/D,S/D,S/D,0,S/D,S/D,S/D,0
4729A090,SANTO TOMAS,CUSCO,CHUMBIVILCAS,ecmwf,pp,20260909,20261008,"00Z,12Z",D1,6h,0.182,0.792,0.45,210,0.909,0.655,0.333,22,0.375,0.824,0.136,8,S/D,1.0,0.0,0,S/D,S/D,S/D,0
4729A090,SANTO TOMAS,CUSCO,CHUMBIVILCAS,gfs,pp,20260909,20261008,"00Z,12Z",D1,6h,0.267,0.746,0.416,210,1.0,0.75,0.25,22,0.25,0.938,0.053,8,S/D,S/D,S/D,0,S/D,S/D,S/D,0
4729A090,SANTO TOMAS,CUSCO,CHUMBIVILCAS,eta5,pp,20260909,20261008,"00Z,12Z",D1,6h,0.502,1.38,0.482,170,0.81,0.638,0.333,21,0.714,0.821,0.167,7,S/D,1.0,0.0,0,S/D,S/D,S/D,0
4729A090,SANTO TOMAS,CUSCO,CHUMBIVILCAS,wrf5,pp,20260909,20261008,"00Z,12Z",D1,6h,0.043,0.577,0.477,206,0.368,0.759,0.171,19,0.0,1.0,0.0,6,S/D,S/D,S/D,0,S/D,S/D,S/D,0
4729A090,SANTO TOMAS,CUSCO,CHUMBIVILCAS,mpas15,pp,20260909,20261008,00Z,D1,6h,0.254,0.643,0.432,105,0.909,0.615,0.37,11,1.0,0.765,0.235,4,S/D,S/D,S/D,0,S/D,S/D,S/D,0
114124,HUAYHUAHUASI,CUSCO,ESPINAR,ecmwf,pp,20260909,20261008,"00Z,12Z",D1,6h,0.14,0.923,0.414,236,1.0,0.778,0.222,14,0.5,0.8,0.167,6,0.0,1.0,0.0,2,S/D,S/D,S/D,0
114124,HUAYHUAHUASI,CUSCO,ESPINAR,gfs,pp,20260909,20261008,"00Z,12Z",D1,6h,0.321,1.077,0.405,236,1.0,0.806,0.194,14,0.833,0.853,0.143,6,0.0,1.0,0.0,2,S/D,S/D,S/D,0
114124,HUAYHUAHUASI,CUSCO,ESPINAR,eta5,pp,20260909,20261008,"00Z,12Z",D1,6h,0.652,1.812,0.397,190,0.857,0.789,0.203,14,1.0,0.854,0.146,6,0.0,1.0,0.0,2,S/D,S/D,S/D,0
114124,HUAYHUAHUASI,CUSCO,ESPINAR,wrf5,pp,20260909,20261008,"00Z,12Z",D1,6h,0.265,1.43,0.363,232,0.75,0.763,0.22,12,0.8,0.818,0.174,5,0.5,0.75,0.2,2,S/D,S/D,S/D,0
114124,HUAYHUAHUASI,CUSCO,ESPINAR,mpas15,pp,20260909,20261008,00Z,D1,6h,0.179,0.905,0.403,118,1.0,0.696,0.304,7,1.0,0.8,0.2,3,0.0,1.0,0.0,1,S/D,S/D,S/D,0
47E880E2,PICHARI,CUSCO,LA CONVENCION,ecmwf,pp,20260909,20261008,"00Z,12Z",D1,6h,1.508,5.553,0.388,232,0.974,0.798,0.201,38,1.0,0.852,0.148,20,0.5,0.846,0.133,12,0.0,S/D,0.0,2
47E880E2,PICHARI,CUSCO,LA CONVENCION,gfs,pp,20260909,20261008,"00Z,12Z",D1,6h,0.467,5.159,0.289,232,1.0,0.823,0.177,38,0.9,0.832,0.165,20,0.0,1.0,0.0,12,0.0,S/D,0.0,2
47E880E2,PICHARI,CUSCO,LA CONVENCION,eta5,pp,20260909,20261008,"00Z,12Z",D1,6h,3.719,8.302,0.274,187,0.824,0.785,0.206,34,0.882,0.864,0.134,17,0.667,0.912,0.085,9,0.0,1.0,0.0,2
47E880E2,PICHARI,CUSCO,LA CONVENCION,wrf5,pp,20260909,20261008,"00Z,12Z",D1,6h,-0.437,5.829,0.287,229,0.486,0.581,0.29,37,0.25,0.762,0.139,20,0.0,1.0,0.0,12,0.0,1.0,0.0,2
47E880E2,PICHARI,CUSCO,LA CONVENCION,mpas15,pp,20260909,20261008,00Z,D1,6h,0.452,5.158,0.18,116,0.789,0.789,0.2,19,0.8,0.862,0.133,10,0.0,1.0,0.0,6,0.0,S/D,0.0,1
112264,PONGO DE MAINIQUE,CUSCO,LA CONVENCION,ecmwf,pp,20260909,20261008,"00Z,12Z",D1,6h,-0.675,6.939,0.306,238,0.818,0.635,0.338,66,0.7,0.753,0.223,30,0.25,0.667,0.167,20,0.0,S/D,0.0,6
112264,PONGO DE MAINIQUE,CUSCO,LA CONVENCION,gfs,pp,20260909,20261008,"00Z,12Z",D1,6h,-0.222,7.416,0.261,238,0.909,0.636,0.351,66,0.533,0.824,0.152,30,0.3,0.793,0.14,20,0.0,S/D,0.0,6
112264,PONGO DE MAINIQUE,CUSCO,LA CONVENCION,eta5,pp,20260909,20261008,"00Z,12Z",D1,6h,0.444,7.409,0.136,191,0.582,0.67,0.267,55,0.5,0.833,0.143,24,0.312,0.815,0.132,16,0.0,S/D,0.0,4
112264,PONGO DE MAINIQUE,CUSCO,LA CONVENCION,wrf5,pp,20260909,20261008,"00Z,12Z",D1,6h,-1.542,7.487,0.244,234,0.431,0.472,0.311,65,0.067,0.92,0.038,30,0.0,1.0,0.0,20,0.0,S/D,0.0,6
112264,PONGO DE MAINIQUE,CUSCO,LA CONVENCION,mpas15,pp,20260909,20261008,00Z,D1,6h,-0.939,7.149,0.27,119,0.606,0.592,0.323,33,0.467,0.821,0.149,15,0.1,0.857,0.062,10,0.0,S/D,0.0,3
4729658E,SAN PABLO,CUSCO,LA CONVENCION,ecmwf,pp,20260909,20261008,"00Z,12Z",D1,6h,1.453,2.836,0.151,234,0.906,0.852,0.146,32,0.857,0.905,0.094,14,0.375,0.857,0.115,8,S/D,S/D,S/D,0
4729658E,SAN PABLO,CUSCO,LA CONVENCION,gfs,pp,20260909,20261008,"00Z,12Z",D1,6h,1.243,2.429,0.263,234,0.938,0.85,0.149,32,0.929,0.876,0.123,14,0.25,0.867,0.095,8,S/D,S/D,S/D,0
4729658E,SAN PABLO,CUSCO,LA CONVENCION,eta5,pp,20260909,20261008,"00Z,12Z",D1,6h,1.937,3.773,0.249,187,0.828,0.8,0.192,29,0.917,0.875,0.124,12,0.667,0.857,0.133,6,S/D,S/D,S/D,0
4729658E,SAN PABLO,CUSCO,LA CONVENCION,wrf5,pp,20260909,20261008,"00Z,12Z",D1,6h,0.021,1.642,0.361,232,0.581,0.7,0.247,31,0.429,0.739,0.194,14,0.0,1.0,0.0,8,S/D,S/D,S/D,0
4729658E,SAN PABLO,CUSCO,LA CONVENCION,mpas15,pp,20260909,20261008,00Z,D1,6h,1.355,2.988,0.184,117,0.688,0.814,0.172,16,0.857,0.887,0.111,7,0.25,0.9,0.077,4,S/D,S/D,S/D,0
4722A338,ACJANACO ,CUSCO,PAUCARTAMBO,ecmwf,pp,20260909,20261008,"00Z,12Z",D1,6h,-0.128,2.796,0.228,236,0.698,0.577,0.357,86,0.477,0.744,0.2,44,0.143,0.5,0.125,14,S/D,S/D,S/D,0
4722A338,ACJANACO ,CUSCO,PAUCARTAMBO,gfs,pp,20260909,20261008,"00Z,12Z",D1,6h,0.632,2.997,0.271,236,0.919,0.578,0.407,86,0.591,0.745,0.217,44,0.429,0.714,0.207,14,S/D,S/D,S/D,0
4722A338,ACJANACO ,CUSCO,PAUCARTAMBO,eta5,pp,20260909,20261008,"00Z,12Z",D1,6h,-0.756,3.224,0.08,189,0.222,0.644,0.158,72,0.135,0.444,0.122,37,0.083,0.667,0.071,12,S/D,S/D,S/D,0
4722A338,ACJANACO ,CUSCO,PAUCARTAMBO,wrf5,pp,20260909,20261008,"00Z,12Z",D1,6h,-0.131,3.751,0.238,233,0.518,0.527,0.328,83,0.31,0.759,0.157,42,0.143,0.8,0.091,14,S/D,1.0,0.0,0
4722A338,ACJANACO ,CUSCO,PAUCARTAMBO,mpas15,pp,20260909,20261008,00Z,D1,6h,0.043,2.92,0.195,118,0.628,0.542,0.36,43,0.5,0.771,0.186,22,0.143,0.8,0.091,7,S/D,S/D,S/D,0
113247,ASHANAKU,CUSCO,QUISPICANCHI,ecmwf,pp,20260909,20261008,"00Z,12Z",D1,6h,0.192,1.824,0.311,232,0.719,0.77,0.211,32,0.722,0.639,0.317,18,0.0,1.0,0.0,4,S/D,S/D,S/D,0
113247,ASHANAKU,CUSCO,QUISPICANCHI,gfs,pp,20260909,20261008,"00Z,12Z",D1,6h,0.472,2.095,0.228,232,0.844,0.812,0.181,32,0.556,0.811,0.164,18,0.0,1.0,0.0,4,S/D,S/D,S/D,0
113247,ASHANAKU,CUSCO,QUISPICANCHI,eta5,pp,20260909,20261008,"00Z,12Z",D1,6h,-0.208,1.864,0.387,186,0.483,0.517,0.318,29,0.278,0.667,0.179,18,0.0,S/D,0.0,4,S/D,S/D,S/D,0
113247,ASHANAKU,CUSCO,QUISPICANCHI,wrf5,pp,20260909,20261008,"00Z,12Z",D1,6h,0.018,1.961,0.333,229,0.452,0.611,0.264,31,0.412,0.65,0.233,17,0.0,1.0,0.0,3,S/D,S/D,S/D,0
113247,ASHANAKU,CUSCO,QUISPICANCHI,mpas15,pp,20260909,20261008,00Z,D1,6h,-0.004,1.591,0.376,116,0.688,0.667,0.289,16,0.778,0.72,0.259,9,0.0,S/D,0.0,2,S/D,S/D,S/D,0
113254,QUINCEMIL,CUSCO,QUISPICANCHI,ecmwf,pp,20260909,20261008,"00Z,12Z",D1,6h,1.32,2.844,S/D,238,S/D,1.0,0.0,0,S/D,1.0,0.0,0,S/D,1.0,0.0,0,S/D,S/D,S/D,0
113254,QUINCEMIL,CUSCO,QUISPICANCHI,gfs,pp,20260909,20261008,"00Z,12Z",D1,6h,1.608,3.17,S/D,238,S/D,1.0,0.0,0,S/D,1.0,0.0,0,S/D,1.0,0.0,0,S/D,S/D,S/D,0
113254,QUINCEMIL,CUSCO,QUISPICANCHI,eta5,pp,20260909,20261008,"00Z,12Z",D1,6h,2.341,4.651,S/D,191,S/D,1.0,0.0,0,S/D,1.0,0.0,0,S/D,1.0,0.0,0,S/D,S/D,S/D,0
113254,QUINCEMIL,CUSCO,QUISPICANCHI,wrf5,pp,20260909,20261008,"00Z,12Z",D1,6h,0.737,3.056,S/D,234,S/D,1.0,0.0,0,S/D,1.0,0.0,0,S/D,1.0,0.0,0,S/D,1.0,0.0,0
113254,QUINCEMIL,CUSCO,QUISPICANCHI,mpas15,pp,20260909,20261008,00Z,D1,6h,2.824,4.98,S/D,119,S/D,1.0,0.0,0,S/D,1.0,0.0,0,S/D,1.0,0.0,0,S/D,S/D,S/D,0
472A9204,CHILCA,CUSCO,URUBAMBA,ecmwf,pp,20260909,20261008,"00Z,12Z",D1,6h,0.235,0.701,0.415,236,0.846,0.771,0.22,26,0.7,0.794,0.189,10,0.0,1.0,0.0,2,S/D,S/D,S/D,0
472A9204,CHILCA,CUSCO,URUBAMBA,gfs,pp,20260909,20261008,"00Z,12Z",D1,6h,0.622,1.38,0.269,236,0.923,0.841,0.157,26,0.6,0.902,0.092,10,0.5,0.667,0.25,2,S/D,S/D,S/D,0
472A9204,CHILCA,CUSCO,URUBAMBA,eta5,pp,20260909,20261008,"00Z,12Z",D1,6h,0.241,0.943,0.243,189,0.708,0.773,0.207,24,0.556,0.762,0.2,9,0.5,0.5,0.333,2,S/D,S/D,S/D,0
472A9204,CHILCA,CUSCO,URUBAMBA,wrf5,pp,20260909,20261008,"00Z,12Z",D1,6h,0.174,0.952,0.448,232,0.76,0.627,0.333,25,0.4,0.75,0.182,10,1.0,0.6,0.4,2,S/D,S/D,S/D,0
472A9204,CHILCA,CUSCO,URUBAMBA,mpas15,pp,20260909,20261008,00Z,D1,6h,0.357,1.097,0.135,118,0.615,0.8,0.178,13,0.2,0.964,0.031,5,0.0,S/D,0.0,1,S/D,S/D,S/D,0
4727C11E,HUAYLLABAMBA,CUSCO,URUBAMBA,ecmwf,pp,20260909,20261008,"00Z,12Z",D1,6h,S/D,S/D,S/D,0,S/D,S/D,S/D,0,S/D,S/D,S/D,0,S/D,S/D,S/D,0,S/D,S/D,S/D,0
4727C11E,HUAYLLABAMBA,CUSCO,URUBAMBA,gfs,pp,20260909,20261008,"00Z,12Z",D1,6h,S/D,S/D,S/D,0,S/D,S/D,S/D,0,S/D,S/D,S/D,0,S/D,S/D,S/D,0,S/D,S/D,S/D,0
4727C11E,HUAYLLABAMBA,CUSCO,URUBAMBA,eta5,pp,20260909,20261008,"00Z,12Z",D1,6h,S/D,S/D,S/D,0,S/D,S/D,S/D,0,S/D,S/D,S/D,0,S/D,S/D,S/D,0,S/D,S/D,S/D,0
4727C11E,HUAYLLABAMBA,CUSCO,URUBAMBA,wrf5,pp,20260909,20261008,"00Z,12Z",D1,6h,S/D,S/D,S/D,0,S/D,S/D,S/D,0,S/D,S/D,S/D,0,S/D,S/D,S/D,0,S/D,S/D,S/D,0
4727C11E,HUAYLLABAMBA,CUSCO,URUBAMBA,mpas15,pp,20260909,20261008,00Z,D1,6h,S/D,S/D,S/D,0,S/D,S/D,S/D,0,S/D,S/D,S/D,0,S/D,S/D,S/D,0,S/D,S/D,S/D,0
472935F2,INTIHUATANA H,CUSCO,URUBAMBA,ecmwf,pp,20260909,20261008,"00Z,12Z",D1,6h,S/D,S/D,S/D,0,S/D,S/D,S/D,0,S/D,S/D,S/D,0,S/D,S/D,S/D,0,S/D,S/D,S/D,0
472935F2,INTIHUATANA H,CUSCO,URUBAMBA,gfs,pp,20260909,20261008,"00Z,12Z",D1,6h,S/D,S/D,S/D,0,S/D,S/D,S/D,0,S/D,S/D,S/D,0,S/D,S/D,S/D,0,S/D,S/D,S/D,0
472935F2,INTIHUATANA H,CUSCO,URUBAMBA,eta5,pp,20260909,20261008,"00Z,12Z",D1,6h,S/D,S/D,S/D,0,S/D,S/D,S/D,0,S/D,S/D,S/D,0,S/D,S/D,S/D,0,S/D,S/D,S/D,0
472935F2,INTIHUATANA H,CUSCO,URUBAMBA,wrf5,pp,20260909,20261008,"00Z,12Z",D1,6h,S/D,S/D,S/D,0,S/D,S/D,S/D,0,S/D,S/D,S/D,0,S/D,S/D,S/D,0,S/D,S/D,S/D,0
472935F2,INTIHUATANA H,CUSCO,URUBAMBA,mpas15,pp,20260909,20261008,00Z,D1,6h,S/D,S/D,S/D,0,S/D,S/D,S/D,0,S/D,S/D,S/D,0,S/D,S/D,S/D,0,S/D,S/D,S/D,0
472852EE,INTIHUATANA M,CUSCO,URUBAMBA,ecmwf,pp,20260909,20261008,"00Z,12Z",D1,6h,0.04,1.689,0.355,228,0.804,0.697,0.282,46,0.5,0.656,0.256,22,0.0,S/D,0.0,8,S/D,S/D,S/D,0
472852EE,INTIHUATANA M,CUSCO,URUBAMBA,gfs,pp,20260909,20261008,"00Z,12Z",D1,6h,0.591,1.791,0.426,228,1.0,0.739,0.261,46,0.955,0.738,0.259,22,0.125,0.8,0.083,8,S/D,S/D,S/D,0
472852EE,INTIHUATANA M,CUSCO,URUBAMBA,eta5,pp,20260909,20261008,"00Z,12Z",D1,6h,0.899,2.554,0.425,184,0.872,0.679,0.306,39,0.8,0.75,0.235,20,0.286,0.875,0.095,7,S/D,S/D,S/D,0
472852EE,INTIHUATANA M,CUSCO,URUBAMBA,wrf5,pp,20260909,20261008,"00Z,12Z",D1,6h,0.705,2.86,0.307,225,0.795,0.66,0.312,44,0.571,0.774,0.194,21,0.25,0.867,0.095,8,S/D,S/D,S/D,0
472852EE,INTIHUATANA M,CUSCO,URUBAMBA,mpas15,pp,20260909,20261008,00Z,D1,6h,0.77,2.208,0.21,114,0.652,0.732,0.234,23,0.818,0.82,0.173,11,0.25,0.667,0.167,4,S/D,S/D,S/D,0
472897F0,MACHUPICCHU,CUSCO,URUBAMBA,ecmwf,pp,20260909,20261008,"00Z,12Z",D1,6h,-0.002,1.376,0.372,196,0.825,0.66,0.317,40,0.333,0.545,0.238,30,0.0,S/D,0.0,4,S/D,S/D,S/D,0
472897F0,MACHUPICCHU,CUSCO,URUBAMBA,gfs,pp,20260909,20261008,"00Z,12Z",D1,6h,0.413,1.562,0.438,196,0.975,0.729,0.269,40,0.733,0.577,0.367,30,0.25,0.8,0.125,4,S/D,S/D,S/D,0
472897F0,MACHUPICCHU,CUSCO,URUBAMBA,eta5,pp,20260909,20261008,"00Z,12Z",D1,6h,0.735,2.56,0.37,157,0.765,0.675,0.295,34,0.667,0.64,0.305,27,0.0,1.0,0.0,4,S/D,S/D,S/D,0
472897F0,MACHUPICCHU,CUSCO,URUBAMBA,wrf5,pp,20260909,20261008,"00Z,12Z",D1,6h,0.566,2.667,0.255,193,0.692,0.654,0.3,39,0.379,0.711,0.196,29,0.25,0.917,0.067,4,S/D,S/D,S/D,0
472897F0,MACHUPICCHU,CUSCO,URUBAMBA,mpas15,pp,20260909,20261008,00Z,D1,6h,0.44,1.804,0.243,98,0.65,0.667,0.283,20,0.667,0.714,0.25,15,0.0,1.0,0.0,2,S/D,S/D,S/D,0
4729950A,PACAYMAYO,CUSCO,URUBAMBA,ecmwf,pp,20260909,20261008,"00Z,12Z",D1,6h,S/D,S/D,S/D,0,S/D,S/D,S/D,0,S/D,S/D,S/D,0,S/D,S/D,S/D,0,S/D,S/D,S/D,0
4729950A,PACAYMAYO,CUSCO,URUBAMBA,gfs,pp,20260909,20261008,"00Z,12Z",D1,6h,S/D,S/D,S/D,0,S/D,S/D,S/D,0,S/D,S/D,S/D,0,S/D,S/D,S/D,0,S/D,S/D,S/D,0
4729950A,PACAYMAYO,CUSCO,URUBAMBA,eta5,pp,20260909,20261008,"00Z,12Z",D1,6h,S/D,S/D,S/D,0,S/D,S/D,S/D,0,S/D,S/D,S/D,0,S/D,S/D,S/D,0,S/D,S/D,S/D,0
4729950A,PACAYMAYO,CUSCO,URUBAMBA,wrf5,pp,20260909,20261008,"00Z,12Z",D1,6h,S/D,S/D,S/D,0,S/D,S/D,S/D,0,S/D,S/D,S/D,0,S/D,S/D,S/D,0,S/D,S/D,S/D,0
4729950A,PACAYMAYO,CUSCO,URUBAMBA,mpas15,pp,20260909,20261008,00Z,D1,6h,S/D,S/D,S/D,0,S/D,S/D,S/D,0,S/D,S/D,S/D,0,S/D,S/D,S/D,0,S/D,S/D,S/D,0
4720CDF8,COCHAMARCA,HUANCAVELICA,CASTROVIRREYNA,ecmwf,pp,20260909,20261008,"00Z,12Z",D1,6h,S/D,S/D,S/D,0,S/D,S/D,S/D,0,S/D,S/D,S/D,0,S/D,S/D,S/D,0,S/D,S/D,S/D,0
4720CDF8,COCHAMARCA,HUANCAVELICA,CASTROVIRREYNA,gfs,pp,20260909,20261008,"00Z,12Z",D1,6h,S/D,S/D,S/D,0,S/D,S/D,S/D,0,S/D,S/D,S/D,0,S/D,S/D,S/D,0,S/D,S/D,S/D,0
4720CDF8,COCHAMARCA,HUANCAVELICA,CASTROVIRREYNA,eta5,pp,20260909,20261008,"00Z,12Z",D1,6h,S/D,S/D,S/D,0,S/D,S/D,S/D,0,S/D,S/D,S/D,0,S/D,S/D,S/D,0,S/D,S/D,S/D,0
4720CDF8,COCHAMARCA,HUANCAVELICA,CASTROVIRREYNA,wrf5,pp,20260909,20261008,"00Z,12Z",D1,6h,S/D,S/D,S/D,0,S/D,S/D,S/D,0,S/D,S/D,S/D,0,S/D,S/D,S/D,0,S/D,S/D,S/D,0
4720CDF8,COCHAMARCA,HUANCAVELICA,CASTROVIRREYNA,mpas15,pp,20260909,20261008,00Z,D1,6h,S/D,S/D,S/D,0,S/D,S/D,S/D,0,S/D,S/D,S/D,0,S/D,S/D,S/D,0,S/D,S/D,S/D,0
47292684,HUACHOS,HUANCAVELICA,CASTROVIRREYNA,ecmwf,pp,20260909,20261008,"00Z,12Z",D1,6h,0.119,0.354,S/D,234,S/D,1.0,0.0,0,S/D,1.0,0.0,0,S/D,S/D,S/D,0,S/D,S/D,S/D,0
47292684,HUACHOS,HUANCAVELICA,CASTROVIRREYNA,gfs,pp,20260909,20261008,"00Z,12Z",D1,6h,0.127,0.557,S/D,234,S/D,1.0,0.0,0,S/D,1.0,0.0,0,S/D,1.0,0.0,0,S/D,S/D,S/D,0
47292684,HUACHOS,HUANCAVELICA,CASTROVIRREYNA,eta5,pp,20260909,20261008,"00Z,12Z",D1,6h,0.03,0.173,S/D,188,S/D,1.0,0.0,0,S/D,1.0,0.0,0,S/D,S/D,S/D,0,S/D,S/D,S/D,0
47292684,HUACHOS,HUANCAVELICA,CASTROVIRREYNA,wrf5,pp,20260909,20261008,"00Z,12Z",D1,6h,0.017,0.141,S/D,230,S/D,1.0,0.0,0,S/D,1.0,0.0,0,S/D,S/D,S/D,0,S/D,S/D,S/D,0
47292684,HUACHOS,HUANCAVELICA,CASTROVIRREYNA,mpas15,pp,20260909,20261008,00Z,D1,6h,0.077,0.333,S/D,117,S/D,1.0,0.0,0,S/D,1.0,0.0,0,S/D,S/D,S/D,0,S/D,S/D,S/D,0
472722EC,HUANCAVELICA,HUANCAVELICA,HUANCAVELICA,ecmwf,pp,20260909,20261008,"00Z,12Z",D1,6h,0.229,1.943,0.454,236,0.796,0.57,0.387,54,0.429,0.842,0.13,14,0.0,1.0,0.0,4,S/D,S/D,S/D,0
472722EC,HUANCAVELICA,HUANCAVELICA,HUANCAVELICA,gfs,pp,20260909,20261008,"00Z,12Z",D1,6h,0.6,2.425,0.429,236,0.87,0.652,0.331,54,0.786,0.776,0.212,14,0.0,1.0,0.0,4,S/D,S/D,S/D,0
472722EC,HUANCAVELICA,HUANCAVELICA,HUANCAVELICA,eta5,pp,20260909,20261008,"00Z,12Z",D1,6h,0.316,1.823,0.48,189,0.721,0.516,0.408,43,0.692,0.735,0.237,13,0.0,1.0,0.0,3,S/D,S/D,S/D,0
472722EC,HUANCAVELICA,HUANCAVELICA,HUANCAVELICA,wrf5,pp,20260909,20261008,"00Z,12Z",D1,6h,0.334,2.339,0.462,232,0.596,0.508,0.369,52,0.538,0.788,0.179,13,0.0,1.0,0.0,4,S/D,S/D,S/D,0
472722EC,HUANCAVELICA,HUANCAVELICA,HUANCAVELICA,mpas15,pp,20260909,20261008,00Z,D1,6h,0.359,2.119,0.368,118,0.704,0.513,0.404,27,0.857,0.769,0.222,7,0.0,1.0,0.0,2,S/D,S/D,S/D,0
47284198,CHALLACA,HUANCAVELICA,HUAYTARA,ecmwf,pp,20260909,20261008,"00Z,12Z",D1,6h,0.01,0.066,S/D,190,S/D,1.0,0.0,0,S/D,S/D,S/D,0,S/D,S/D,S/D,0,S/D,S/D,S/D,0
47284198,CHALLACA,HUANCAVELICA,HUAYTARA,gfs,pp,20260909,20261008,"00Z,12Z",D1,6h,0.005,0.032,S/D,190,S/D,1.0,0.0,0,S/D,S/D,S/D,0,S/D,S/D,S/D,0,S/D,S/D,S/D,0
47284198,CHALLACA,HUANCAVELICA,HUAYTARA,eta5,pp,20260909,20261008,"00Z,12Z",D1,6h,0.008,0.063,S/D,145,S/D,1.0,0.0,0,S/D,S/D,S/D,0,S/D,S/D,S/D,0,S/D,S/D,S/D,0
47284198,CHALLACA,HUANCAVELICA,HUAYTARA,wrf5,pp,20260909,20261008,"00Z,12Z",D1,6h,0.0,0.002,S/D,190,S/D,S/D,S/D,0,S/D,S/D,S/D,0,S/D,S/D,S/D,0,S/D,S/D,S/D,0
47284198,CHALLACA,HUANCAVELICA,HUAYTARA,mpas15,pp,20260909,20261008,00Z,D1,6h,0.0,0.0,S/D,95,S/D,S/D,S/D,0,S/D,S/D,S/D,0,S/D,S/D,S/D,0,S/D,S/D,S/D,0
472811E4,CHALLACA M,HUANCAVELICA,HUAYTARA,ecmwf,pp,20260909,20261008,"00Z,12Z",D1,6h,0.008,0.059,S/D,236,S/D,1.0,0.0,0,S/D,S/D,S/D,0,S/D,S/D,S/D,0,S/D,S/D,S/D,0
472811E4,CHALLACA M,HUANCAVELICA,HUAYTARA,gfs,pp,20260909,20261008,"00Z,12Z",D1,6h,0.004,0.029,S/D,236,S/D,1.0,0.0,0,S/D,S/D,S/D,0,S/D,S/D,S/D,0,S/D,S/D,S/D,0
472811E4,CHALLACA M,HUANCAVELICA,HUAYTARA,eta5,pp,20260909,20261008,"00Z,12Z",D1,6h,0.006,0.055,S/D,189,S/D,1.0,0.0,0,S/D,S/D,S/D,0,S/D,S/D,S/D,0,S/D,S/D,S/D,0
472811E4,CHALLACA M,HUANCAVELICA,HUAYTARA,wrf5,pp,20260909,20261008,"00Z,12Z",D1,6h,0.004,0.039,S/D,232,S/D,1.0,0.0,0,S/D,S/D,S/D,0,S/D,S/D,S/D,0,S/D,S/D,S/D,0
472811E4,CHALLACA M,HUANCAVELICA,HUAYTARA,mpas15,pp,20260909,20261008,00Z,D1,6h,0.0,0.0,S/D,118,S/D,S/D,S/D,0,S/D,S/D,S/D,0,S/D,S/D,S/D,0,S/D,S/D,S/D,0
4728F216,CORDOVA,HUANCAVELICA,HUAYTARA,ecmwf,pp,20260909,20261008,"00Z,12Z",D1,6h,0.043,0.143,S/D,226,S/D,1.0,0.0,0,S/D,1.0,0.0,0,S/D,S/D,S/D,0,S/D,S/D,S/D,0
4728F216,CORDOVA,HUANCAVELICA,HUAYTARA,gfs,pp,20260909,20261008,"00Z,12Z",D1,6h,0.027,0.107,S/D,226,S/D,1.0,0.0,0,S/D,S/D,S/D,0,S/D,S/D,S/D,0,S/D,S/D,S/D,0
4728F216,CORDOVA,HUANCAVELICA,HUAYTARA,eta5,pp,20260909,20261008,"00Z,12Z",D1,6h,0.003,0.017,S/D,180,S/D,1.0,0.0,0,S/D,S/D,S/D,0,S/D,S/D,S/D,0,S/D,S/D,S/D,0
4728F216,CORDOVA,HUANCAVELICA,HUAYTARA,wrf5,pp,20260909,20261008,"00Z,12Z",D1,6h,0.012,0.063,S/D,222,S/D,1.0,0.0,0,S/D,S/D,S/D,0,S/D,S/D,S/D,0,S/D,S/D,S/D,0
4728F216,CORDOVA,HUANCAVELICA,HUAYTARA,mpas15,pp,20260909,20261008,00Z,D1,6h,0.044,0.274,S/D,113,S/D,1.0,0.0,0,S/D,1.0,0.0,0,S/D,S/D,S/D,0,S/D,S/D,S/D,0
4728C78C,CUSICANCHA,HUANCAVELICA,HUAYTARA,ecmwf,pp,20260909,20261008,"00Z,12Z",D1,6h,0.215,0.542,S/D,226,S/D,1.0,0.0,0,S/D,1.0,0.0,0,S/D,S/D,S/D,0,S/D,S/D,S/D,0
4728C78C,CUSICANCHA,HUANCAVELICA,HUAYTARA,gfs,pp,20260909,20261008,"00Z,12Z",D1,6h,0.176,0.567,S/D,226,S/D,1.0,0.0,0,S/D,1.0,0.0,0,S/D,1.0,0.0,0,S/D,S/D,S/D,0
4728C78C,CUSICANCHA,HUANCAVELICA,HUAYTARA,eta5,pp,20260909,20261008,"00Z,12Z",D1,6h,0.044,0.273,S/D,180,S/D,1.0,0.0,0,S/D,1.0,0.0,0,S/D,S/D,S/D,0,S/D,S/D,S/D,0
4728C78C,CUSICANCHA,HUANCAVELICA,HUAYTARA,wrf5,pp,20260909,20261008,"00Z,12Z",D1,6h,0.039,0.267,S/D,222,S/D,1.0,0.0,0,S/D,1.0,0.0,0,S/D,S/D,S/D,0,S/D,S/D,S/D,0
4728C78C,CUSICANCHA,HUANCAVELICA,HUAYTARA,mpas15,pp,20260909,20261008,00Z,D1,6h,0.239,0.694,S/D,113,S/D,1.0,0.0,0,S/D,1.0,0.0,0,S/D,S/D,S/D,0,S/D,S/D,S/D,0
213507,RAMADILLAS,HUANCAVELICA,HUAYTARA,ecmwf,pp,20260909,20261008,"00Z,12Z",D1,6h,S/D,S/D,S/D,0,S/D,S/D,S/D,0,S/D,S/D,S/D,0,S/D,S/D,S/D,0,S/D,S/D,S/D,0
213507,RAMADILLAS,HUANCAVELICA,HUAYTARA,gfs,pp,20260909,20261008,"00Z,12Z",D1,6h,S/D,S/D,S/D,0,S/D,S/D,S/D,0,S/D,S/D,S/D,0,S/D,S/D,S/D,0,S/D,S/D,S/D,0
213507,RAMADILLAS,HUANCAVELICA,HUAYTARA,eta5,pp,20260909,20261008,"00Z,12Z",D1,6h,S/D,S/D,S/D,0,S/D,S/D,S/D,0,S/D,S/D,S/D,0,S/D,S/D,S/D,0,S/D,S/D,S/D,0
213507,RAMADILLAS,HUANCAVELICA,HUAYTARA,wrf5,pp,20260909,20261008,"00Z,12Z",D1,6h,S/D,S/D,S/D,0,S/D,S/D,S/D,0,S/D,S/D,S/D,0,S/D,S/D,S/D,0,S/D,S/D,S/D,0
213507,RAMADILLAS,HUANCAVELICA,HUAYTARA,mpas15,pp,20260909,20261008,00Z,D1,6h,S/D,S/D,S/D,0,S/D,S/D,S/D,0,S/D,S/D,S/D,0,S/D,S/D,S/D,0,S/D,S/D,S/D,0
4729131E,SANTIAGO DE CHOCORVOS,HUANCAVELICA,HUAYTARA,ecmwf,pp,20260909,20261008,"00Z,12Z",D1,6h,0.073,0.205,S/D,192,S/D,1.0,0.0,0,S/D,1.0,0.0,0,S/D,S/D,S/D,0,S/D,S/D,S/D,0
4729131E,SANTIAGO DE CHOCORVOS,HUANCAVELICA,HUAYTARA,gfs,pp,20260909,20261008,"00Z,12Z",D1,6h,0.074,0.209,S/D,192,S/D,1.0,0.0,0,S/D,1.0,0.0,0,S/D,S/D,S/D,0,S/D,S/D,S/D,0
4729131E,SANTIAGO DE CHOCORVOS,HUANCAVELICA,HUAYTARA,eta5,pp,20260909,20261008,"00Z,12Z",D1,6h,0.026,0.226,S/D,145,S/D,1.0,0.0,0,S/D,1.0,0.0,0,S/D,S/D,S/D,0,S/D,S/D,S/D,0
4729131E,SANTIAGO DE CHOCORVOS,HUANCAVELICA,HUAYTARA,wrf5,pp,20260909,20261008,"00Z,12Z",D1,6h,0.02,0.127,S/D,192,S/D,1.0,0.0,0,S/D,1.0,0.0,0,S/D,S/D,S/D,0,S/D,S/D,S/D,0
4729131E,SANTIAGO DE CHOCORVOS,HUANCAVELICA,HUAYTARA,mpas15,pp,20260909,20261008,00Z,D1,6h,0.047,0.255,S/D,96,S/D,1.0,0.0,0,S/D,1.0,0.0,0,S/D,S/D,S/D,0,S/D,S/D,S/D,0
112269,COCHABAMBA GRANDE,HUANCAVELICA,TAYACAJA,ecmwf,pp,20260909,20261008,"00Z,12Z",D1,6h,1.141,1.974,S/D,172,S/D,1.0,0.0,0,S/D,1.0,0.0,0,S/D,1.0,0.0,0,S/D,S/D,S/D,0
112269,COCHABAMBA GRANDE,HUANCAVELICA,TAYACAJA,gfs,pp,20260909,20261008,"00Z,12Z",D1,6h,1.109,1.863,S/D,172,S/D,1.0,0.0,0,S/D,1.0,0.0,0,S/D,1.0,0.0,0,S/D,S/D,S/D,0
112269,COCHABAMBA GRANDE,HUANCAVELICA,TAYACAJA,eta5,pp,20260909,20261008,"00Z,12Z",D1,6h,0.143,0.408,S/D,125,S/D,1.0,0.0,0,S/D,1.0,0.0,0,S/D,S/D,S/D,0,S/D,S/D,S/D,0
112269,COCHABAMBA GRANDE,HUANCAVELICA,TAYACAJA,wrf5,pp,20260909,20261008,"00Z,12Z",D1,6h,0.752,2.11,S/D,172,S/D,1.0,0.0,0,S/D,1.0,0.0,0,S/D,1.0,0.0,0,S/D,S/D,S/D,0
112269,COCHABAMBA GRANDE,HUANCAVELICA,TAYACAJA,mpas15,pp,20260909,20261008,00Z,D1,6h,1.122,1.936,S/D,86,S/D,1.0,0.0,0,S/D,1.0,0.0,0,S/D,1.0,0.0,0,S/D,S/D,S/D,0
110146,QUISCA,HUANUCO,AMBO,ecmwf,pp,20260909,20261008,"00Z,12Z",D1,6h,S/D,S/D,S/D,0,S/D,S/D,S/D,0,S/D,S/D,S/D,0,S/D,S/D,S/D,0,S/D,S/D,S/D,0
110146,QUISCA,HUANUCO,AMBO,gfs,pp,20260909,20261008,"00Z,12Z",D1,6h,S/D,S/D,S/D,0,S/D,S/D,S/D,0,S/D,S/D,S/D,0,S/D,S/D,S/D,0,S/D,S/D,S/D,0
110146,QUISCA,HUANUCO,AMBO,eta5,pp,20260909,20261008,"00Z,12Z",D1,6h,S/D,S/D,S/D,0,S/D,S/D,S/D,0,S/D,S/D,S/D,0,S/D,S/D,S/D,0,S/D,S/D,S/D,0
110146,QUISCA,HUANUCO,AMBO,wrf5,pp,20260909,20261008,"00Z,12Z",D1,6h,S/D,S/D,S/D,0,S/D,S/D,S/D,0,S/D,S/D,S/D,0,S/D,S/D,S/D,0,S/D,S/D,S/D,0
110146,QUISCA,HUANUCO,AMBO,mpas15,pp,20260909,20261008,00Z,D1,6h,S/D,S/D,S/D,0,S/D,S/D,S/D,0,S/D,S/D,S/D,0,S/D,S/D,S/D,0,S/D,S/D,S/D,0
47E845FC,CACHICOTO,HUANUCO,HUAMALIES,ecmwf,pp,20260909,20261008,"00Z,12Z",D1,6h,-0.661,7.732,0.277,234,0.854,0.771,0.22,48,0.833,0.759,0.23,24,0.214,0.727,0.136,14,0.0,S/D,0.0,8
47E845FC,CACHICOTO,HUANUCO,HUAMALIES,gfs,pp,20260909,20261008,"00Z,12Z",D1,6h,0.201,7.647,0.237,234,0.917,0.783,0.213,48,0.917,0.846,0.152,24,0.286,0.8,0.133,14,0.0,S/D,0.0,8
47E845FC,CACHICOTO,HUANUCO,HUAMALIES,eta5,pp,20260909,20261008,"00Z,12Z",D1,6h,1.102,9.475,0.181,188,0.75,0.763,0.22,44,0.857,0.83,0.165,21,0.538,0.86,0.125,13,0.0,S/D,0.0,8
47E845FC,CACHICOTO,HUANUCO,HUAMALIES,wrf5,pp,20260909,20261008,"00Z,12Z",D1,6h,0.187,8.522,0.231,231,0.468,0.732,0.206,47,0.542,0.729,0.22,24,0.571,0.704,0.242,14,0.125,0.833,0.077,8
47E845FC,CACHICOTO,HUANUCO,HUAMALIES,mpas15,pp,20260909,20261008,00Z,D1,6h,1.015,10.175,0.03,117,0.583,0.778,0.192,24,0.75,0.836,0.155,12,0.429,0.87,0.111,7,0.0,1.0,0.0,4
4720EB14,SAN MARTIN,HUANUCO,HUAMALIES,ecmwf,pp,20260909,20261008,"00Z,12Z",D1,6h,0.294,1.194,0.197,236,0.75,0.838,0.153,28,0.6,0.812,0.167,10,0.0,1.0,0.0,2,S/D,S/D,S/D,0
4720EB14,SAN MARTIN,HUANUCO,HUAMALIES,gfs,pp,20260909,20261008,"00Z,12Z",D1,6h,0.615,1.501,0.161,236,0.857,0.85,0.146,28,0.5,0.934,0.062,10,0.0,1.0,0.0,2,S/D,S/D,S/D,0
4720EB14,SAN MARTIN,HUANUCO,HUAMALIES,eta5,pp,20260909,20261008,"00Z,12Z",D1,6h,0.32,1.286,0.078,189,0.526,0.868,0.118,19,0.286,0.944,0.049,7,0.0,1.0,0.0,1,S/D,S/D,S/D,0
4720EB14,SAN MARTIN,HUANUCO,HUAMALIES,wrf5,pp,20260909,20261008,"00Z,12Z",D1,6h,0.039,1.288,0.216,233,0.429,0.684,0.222,28,0.2,0.882,0.08,10,0.0,1.0,0.0,2,S/D,S/D,S/D,0
4720EB14,SAN MARTIN,HUANUCO,HUAMALIES,mpas15,pp,20260909,20261008,00Z,D1,6h,0.988,1.977,0.165,118,0.571,0.86,0.127,14,0.8,0.92,0.078,5,1.0,0.667,0.333,1,S/D,S/D,S/D,0
472D0552,CHINCHAVITO,HUANUCO,HUANUCO,ecmwf,pp,20260909,20261008,"00Z,12Z",D1,6h,-0.51,5.517,0.369,236,0.855,0.611,0.365,76,0.636,0.622,0.311,44,0.25,0.571,0.188,24,0.0,S/D,0.0,6
472D0552,CHINCHAVITO,HUANUCO,HUANUCO,gfs,pp,20260909,20261008,"00Z,12Z",D1,6h,0.001,5.484,0.211,236,0.882,0.656,0.328,76,0.659,0.766,0.209,44,0.167,0.826,0.093,24,0.0,S/D,0.0,6
472D0552,CHINCHAVITO,HUANUCO,HUANUCO,eta5,pp,20260909,20261008,"00Z,12Z",D1,6h,1.713,6.717,0.146,189,0.742,0.664,0.301,62,0.622,0.783,0.192,37,0.571,0.778,0.19,21,0.0,S/D,0.0,4
472D0552,CHINCHAVITO,HUANUCO,HUANUCO,wrf5,pp,20260909,20261008,"00Z,12Z",D1,6h,-0.558,6.443,0.177,233,0.487,0.589,0.287,76,0.432,0.627,0.25,44,0.208,0.737,0.132,24,0.0,1.0,0.0,6
472D0552,CHINCHAVITO,HUANUCO,HUANUCO,mpas15,pp,20260909,20261008,00Z,D1,6h,0.638,6.109,0.197,118,0.789,0.583,0.375,38,0.682,0.773,0.205,22,0.167,0.909,0.062,12,0.0,S/D,0.0,3
472B730C,PUENTE TARUCA,HUANUCO,HUANUCO,ecmwf,pp,20260909,20261008,"00Z,12Z",D1,6h,0.748,1.382,0.276,234,0.909,0.863,0.135,22,0.5,0.944,0.053,8,S/D,1.0,0.0,0,S/D,S/D,S/D,0
472B730C,PUENTE TARUCA,HUANUCO,HUANUCO,gfs,pp,20260909,20261008,"00Z,12Z",D1,6h,0.781,1.333,0.231,234,1.0,0.871,0.129,22,0.5,0.945,0.052,8,S/D,1.0,0.0,0,S/D,S/D,S/D,0
472B730C,PUENTE TARUCA,HUANUCO,HUANUCO,eta5,pp,20260909,20261008,"00Z,12Z",D1,6h,1.113,2.513,0.128,187,0.722,0.854,0.138,18,0.143,0.984,0.015,7,S/D,1.0,0.0,0,S/D,S/D,S/D,0
472B730C,PUENTE TARUCA,HUANUCO,HUANUCO,wrf5,pp,20260909,20261008,"00Z,12Z",D1,6h,-0.009,0.536,0.141,230,0.273,0.714,0.162,22,0.25,0.75,0.143,8,S/D,S/D,S/D,0,S/D,S/D,S/D,0
472B730C,PUENTE TARUCA,HUANUCO,HUANUCO,mpas15,pp,20260909,20261008,00Z,D1,6h,0.835,1.571,0.246,117,0.818,0.83,0.164,11,0.75,0.932,0.067,4,S/D,1.0,0.0,0,S/D,S/D,S/D,0
110140,JESUS DE LAURICOCHA,HUANUCO,LAURICOCHA,ecmwf,pp,20260909,20261008,"00Z,12Z",D1,6h,0.597,1.56,0.282,218,0.767,0.793,0.195,30,0.7,0.848,0.143,10,S/D,1.0,0.0,0,S/D,S/D,S/D,0
110140,JESUS DE LAURICOCHA,HUANUCO,LAURICOCHA,gfs,pp,20260909,20261008,"00Z,12Z",D1,6h,0.857,2.009,0.35,218,1.0,0.804,0.196,30,0.8,0.867,0.129,10,S/D,1.0,0.0,0,S/D,S/D,S/D,0
110140,JESUS DE LAURICOCHA,HUANUCO,LAURICOCHA,eta5,pp,20260909,20261008,"00Z,12Z",D1,6h,0.109,0.955,0.297,174,0.481,0.698,0.228,27,0.111,0.923,0.048,9,S/D,1.0,0.0,0,S/D,S/D,S/D,0
110140,JESUS DE LAURICOCHA,HUANUCO,LAURICOCHA,wrf5,pp,20260909,20261008,"00Z,12Z",D1,6h,0.314,1.492,0.298,214,0.433,0.698,0.217,30,0.2,0.905,0.069,10,S/D,1.0,0.0,0,S/D,S/D,S/D,0
110140,JESUS DE LAURICOCHA,HUANUCO,LAURICOCHA,mpas15,pp,20260909,20261008,00Z,D1,6h,1.118,2.658,0.319,109,0.867,0.729,0.26,15,0.8,0.9,0.098,5,S/D,1.0,0.0,0,S/D,S/D,S/D,0
472DA5AA,PUENTE BELLA,HUANUCO,LEONCIO PRADO,ecmwf,pp,20260909,20261008,"00Z,12Z",D1,6h,0.088,3.833,0.285,236,0.788,0.711,0.268,52,0.5,0.726,0.215,34,0.125,0.778,0.087,16,0.0,S/D,0.0,2
472DA5AA,PUENTE BELLA,HUANUCO,LEONCIO PRADO,gfs,pp,20260909,20261008,"00Z,12Z",D1,6h,0.594,3.573,0.289,236,0.962,0.738,0.259,52,0.765,0.766,0.218,34,0.188,0.824,0.1,16,0.0,S/D,0.0,2
472DA5AA,PUENTE BELLA,HUANUCO,LEONCIO PRADO,eta5,pp,20260909,20261008,"00Z,12Z",D1,6h,3.05,7.054,0.222,189,0.833,0.739,0.248,42,0.793,0.787,0.202,29,0.5,0.887,0.101,14,0.0,1.0,0.0,2
472DA5AA,PUENTE BELLA,HUANUCO,LEONCIO PRADO,wrf5,pp,20260909,20261008,"00Z,12Z",D1,6h,0.528,5.728,0.185,233,0.569,0.721,0.23,51,0.471,0.733,0.205,34,0.062,0.944,0.03,16,0.0,1.0,0.0,2
472DA5AA,PUENTE BELLA,HUANUCO,LEONCIO PRADO,mpas15,pp,20260909,20261008,00Z,D1,6h,1.71,6.163,0.108,118,0.692,0.739,0.234,26,0.647,0.807,0.175,17,0.125,0.952,0.036,8,0.0,1.0,0.0,1
472D1624,PUENTE PEREZ,HUANUCO,LEONCIO PRADO,ecmwf,pp,20260909,20261008,"00Z,12Z",D1,6h,2.987,4.224,S/D,2,S/D,1.0,0.0,0,S/D,1.0,0.0,0,S/D,1.0,0.0,0,S/D,S/D,S/D,0
472D1624,PUENTE PEREZ,HUANUCO,LEONCIO PRADO,gfs,pp,20260909,20261008,"00Z,12Z",D1,6h,1.406,1.482,S/D,2,S/D,1.0,0.0,0,S/D,1.0,0.0,0,S/D,S/D,S/D,0,S/D,S/D,S/D,0
472D1624,PUENTE PEREZ,HUANUCO,LEONCIO PRADO,eta5,pp,20260909,20261008,"00Z,12Z",D1,6h,9.072,10.824,S/D,2,S/D,1.0,0.0,0,S/D,1.0,0.0,0,S/D,1.0,0.0,0,S/D,S/D,S/D,0
472D1624,PUENTE PEREZ,HUANUCO,LEONCIO PRADO,wrf5,pp,20260909,20261008,"00Z,12Z",D1,6h,0.606,0.856,S/D,2,S/D,1.0,0.0,0,S/D,1.0,0.0,0,S/D,S/D,S/D,0,S/D,S/D,S/D,0
472D1624,PUENTE PEREZ,HUANUCO,LEONCIO PRADO,mpas15,pp,20260909,20261008,00Z,D1,6h,0.0,0.0,S/D,1,S/D,S/D,S/D,0,S/D,S/D,S/D,0,S/D,S/D,S/D,0,S/D,S/D,S/D,0
47270400,TINGO MARIA,HUANUCO,LEONCIO PRADO,ecmwf,pp,20260909,20261008,"00Z,12Z",D1,6h,0.059,3.303,0.295,236,0.841,0.739,0.248,44,0.471,0.738,0.203,34,0.25,0.444,0.208,20,S/D,S/D,S/D,0
47270400,TINGO MARIA,HUANUCO,LEONCIO PRADO,gfs,pp,20260909,20261008,"00Z,12Z",D1,6h,0.55,3.308,0.281,236,0.955,0.78,0.218,44,0.706,0.78,0.202,34,0.2,0.765,0.121,20,S/D,S/D,S/D,0
47270400,TINGO MARIA,HUANUCO,LEONCIO PRADO,eta5,pp,20260909,20261008,"00Z,12Z",D1,6h,2.636,6.421,0.138,189,0.744,0.773,0.21,39,0.667,0.811,0.172,30,0.5,0.796,0.169,20,S/D,1.0,0.0,0
47270400,TINGO MARIA,HUANUCO,LEONCIO PRADO,wrf5,pp,20260909,20261008,"00Z,12Z",D1,6h,0.022,4.219,0.219,232,0.571,0.724,0.229,42,0.406,0.649,0.232,32,0.158,0.786,0.1,19,S/D,1.0,0.0,0
47270400,TINGO MARIA,HUANUCO,LEONCIO PRADO,mpas15,pp,20260909,20261008,00Z,D1,6h,1.675,5.124,0.155,118,0.773,0.77,0.215,22,0.706,0.818,0.169,17,0.2,0.909,0.067,10,S/D,1.0,0.0,0
4727A4F8,PUERTO INCA,HUANUCO,PUERTO INCA,ecmwf,pp,20260909,20261008,"00Z,12Z",D1,6h,0.667,3.751,0.344,230,0.955,0.857,0.142,22,0.9,0.875,0.123,10,0.4,0.789,0.16,10,0.0,S/D,0.0,2
4727A4F8,PUERTO INCA,HUANUCO,PUERTO INCA,gfs,pp,20260909,20261008,"00Z,12Z",D1,6h,0.461,4.22,0.348,230,0.864,0.821,0.174,22,0.9,0.842,0.155,10,0.7,0.417,0.467,10,0.0,1.0,0.0,2
4727A4F8,PUERTO INCA,HUANUCO,PUERTO INCA,eta5,pp,20260909,20261008,"00Z,12Z",D1,6h,1.142,5.722,0.122,185,0.55,0.872,0.116,20,0.5,0.919,0.075,10,0.3,0.88,0.094,10,0.0,1.0,0.0,2
4727A4F8,PUERTO INCA,HUANUCO,PUERTO INCA,wrf5,pp,20260909,20261008,"00Z,12Z",D1,6h,0.079,4.138,0.335,226,0.5,0.607,0.282,22,0.6,0.455,0.4,10,0.6,0.333,0.462,10,0.0,1.0,0.0,2
4727A4F8,PUERTO INCA,HUANUCO,PUERTO INCA,mpas15,pp,20260909,20261008,00Z,D1,6h,0.997,4.631,0.275,115,0.909,0.828,0.169,11,1.0,0.898,0.102,5,0.0,1.0,0.0,5,0.0,S/D,0.0,1
109094,PUCA PUCA,HUANUCO,YAROWILCA,ecmwf,pp,20260909,20261008,"00Z,12Z",D1,6h,0.415,1.315,0.331,204,0.821,0.808,0.184,28,0.75,0.882,0.113,8,0.0,S/D,0.0,2,S/D,S/D,S/D,0
109094,PUCA PUCA,HUANUCO,YAROWILCA,gfs,pp,20260909,20261008,"00Z,12Z",D1,6h,0.75,1.451,0.117,204,0.893,0.839,0.158,28,0.75,0.906,0.091,8,1.0,0.5,0.5,2,S/D,S/D,S/D,0
109094,PUCA PUCA,HUANUCO,YAROWILCA,eta5,pp,20260909,20261008,"00Z,12Z",D1,6h,-0.158,1.452,0.15,163,0.542,0.717,0.228,24,0.0,1.0,0.0,7,0.0,S/D,0.0,2,S/D,S/D,S/D,0
109094,PUCA PUCA,HUANUCO,YAROWILCA,wrf5,pp,20260909,20261008,"00Z,12Z",D1,6h,0.228,1.175,0.222,201,0.37,0.811,0.143,27,0.5,0.818,0.154,8,1.0,0.5,0.5,2,S/D,S/D,S/D,0
109094,PUCA PUCA,HUANUCO,YAROWILCA,mpas15,pp,20260909,20261008,00Z,D1,6h,0.909,1.745,0.255,102,0.714,0.778,0.204,14,1.0,0.9,0.1,4,1.0,0.75,0.25,1,S/D,S/D,S/D,0
4728A26A,CONTA M,ICA,CHINCHA,ecmwf,pp,20260909,20261008,"00Z,12Z",D1,6h,-1.147,5.081,0.209,170,0.0,1.0,0.0,14,0.0,S/D,0.0,14,0.0,S/D,0.0,12,0.0,S/D,0.0,2
4728A26A,CONTA M,ICA,CHINCHA,gfs,pp,20260909,20261008,"00Z,12Z",D1,6h,-1.153,5.086,S/D,170,0.0,S/D,0.0,14,0.0,S/D,0.0,14,0.0,S/D,0.0,12,0.0,S/D,0.0,2
4728A26A,CONTA M,ICA,CHINCHA,eta5,pp,20260909,20261008,"00Z,12Z",D1,6h,-1.122,5.324,-0.034,137,0.0,S/D,0.0,10,0.0,S/D,0.0,10,0.0,S/D,0.0,8,0.0,S/D,0.0,2
4728A26A,CONTA M,ICA,CHINCHA,wrf5,pp,20260909,20261008,"00Z,12Z",D1,6h,-1.166,5.13,0.042,167,0.0,1.0,0.0,14,0.0,S/D,0.0,14,0.0,S/D,0.0,12,0.0,S/D,0.0,2
4728A26A,CONTA M,ICA,CHINCHA,mpas15,pp,20260909,20261008,00Z,D1,6h,-1.153,5.086,0.158,85,0.0,S/D,0.0,7,0.0,S/D,0.0,7,0.0,S/D,0.0,6,0.0,S/D,0.0,1
4728B11C,FONAGRO,ICA,CHINCHA,ecmwf,pp,20260909,20261008,"00Z,12Z",D1,6h,0.003,0.007,S/D,234,S/D,S/D,S/D,0,S/D,S/D,S/D,0,S/D,S/D,S/D,0,S/D,S/D,S/D,0
4728B11C,FONAGRO,ICA,CHINCHA,gfs,pp,20260909,20261008,"00Z,12Z",D1,6h,0.007,0.023,S/D,234,S/D,1.0,0.0,0,S/D,S/D,S/D,0,S/D,S/D,S/D,0,S/D,S/D,S/D,0
4728B11C,FONAGRO,ICA,CHINCHA,eta5,pp,20260909,20261008,"00Z,12Z",D1,6h,0.003,0.014,S/D,188,S/D,1.0,0.0,0,S/D,S/D,S/D,0,S/D,S/D,S/D,0,S/D,S/D,S/D,0
4728B11C,FONAGRO,ICA,CHINCHA,wrf5,pp,20260909,20261008,"00Z,12Z",D1,6h,0.005,0.017,S/D,231,S/D,1.0,0.0,0,S/D,S/D,S/D,0,S/D,S/D,S/D,0,S/D,S/D,S/D,0
4728B11C,FONAGRO,ICA,CHINCHA,mpas15,pp,20260909,20261008,00Z,D1,6h,0.0,0.0,S/D,117,S/D,S/D,S/D,0,S/D,S/D,S/D,0,S/D,S/D,S/D,0,S/D,S/D,S/D,0
4728E160,SAN PEDRO DE HUACARPANA,ICA,CHINCHA,ecmwf,pp,20260909,20261008,"00Z,12Z",D1,6h,0.167,0.408,S/D,210,S/D,1.0,0.0,0,S/D,1.0,0.0,0,S/D,S/D,S/D,0,S/D,S/D,S/D,0
4728E160,SAN PEDRO DE HUACARPANA,ICA,CHINCHA,gfs,pp,20260909,20261008,"00Z,12Z",D1,6h,0.136,0.366,S/D,210,S/D,1.0,0.0,0,S/D,1.0,0.0,0,S/D,S/D,S/D,0,S/D,S/D,S/D,0
4728E160,SAN PEDRO DE HUACARPANA,ICA,CHINCHA,eta5,pp,20260909,20261008,"00Z,12Z",D1,6h,0.024,0.196,S/D,166,S/D,1.0,0.0,0,S/D,1.0,0.0,0,S/D,S/D,S/D,0,S/D,S/D,S/D,0
4728E160,SAN PEDRO DE HUACARPANA,ICA,CHINCHA,wrf5,pp,20260909,20261008,"00Z,12Z",D1,6h,0.042,0.207,S/D,206,S/D,1.0,0.0,0,S/D,1.0,0.0,0,S/D,S/D,S/D,0,S/D,S/D,S/D,0
4728E160,SAN PEDRO DE HUACARPANA,ICA,CHINCHA,mpas15,pp,20260909,20261008,00Z,D1,6h,0.119,0.481,S/D,105,S/D,1.0,0.0,0,S/D,1.0,0.0,0,S/D,S/D,S/D,0,S/D,S/D,S/D,0
472A446C,BETA SANTIAGO,ICA,ICA,ecmwf,pp,20260909,20261008,"00Z,12Z",D1,6h,0.001,0.012,0.289,190,0.25,0.0,0.25,4,S/D,S/D,S/D,0,S/D,S/D,S/D,0,S/D,S/D,S/D,0
472A446C,BETA SANTIAGO,ICA,ICA,gfs,pp,20260909,20261008,"00Z,12Z",D1,6h,-0.002,0.015,S/D,190,0.0,S/D,0.0,4,S/D,S/D,S/D,0,S/D,S/D,S/D,0,S/D,S/D,S/D,0
472A446C,BETA SANTIAGO,ICA,ICA,eta5,pp,20260909,20261008,"00Z,12Z",D1,6h,-0.001,0.011,S/D,153,0.0,S/D,0.0,2,S/D,S/D,S/D,0,S/D,S/D,S/D,0,S/D,S/D,S/D,0
472A446C,BETA SANTIAGO,ICA,ICA,wrf5,pp,20260909,20261008,"00Z,12Z",D1,6h,-0.002,0.014,0.203,187,0.0,S/D,0.0,4,S/D,S/D,S/D,0,S/D,S/D,S/D,0,S/D,S/D,S/D,0
472A446C,BETA SANTIAGO,ICA,ICA,mpas15,pp,20260909,20261008,00Z,D1,6h,-0.002,0.015,0.083,95,0.0,S/D,0.0,2,S/D,S/D,S/D,0,S/D,S/D,S/D,0,S/D,S/D,S/D,0
213503,HUAMANI EL TAMBO,ICA,ICA,ecmwf,pp,20260909,20261008,"00Z,12Z",D1,6h,S/D,S/D,S/D,0,S/D,S/D,S/D,0,S/D,S/D,S/D,0,S/D,S/D,S/D,0,S/D,S/D,S/D,0
213503,HUAMANI EL TAMBO,ICA,ICA,gfs,pp,20260909,20261008,"00Z,12Z",D1,6h,S/D,S/D,S/D,0,S/D,S/D,S/D,0,S/D,S/D,S/D,0,S/D,S/D,S/D,0,S/D,S/D,S/D,0
213503,HUAMANI EL TAMBO,ICA,ICA,eta5,pp,20260909,20261008,"00Z,12Z",D1,6h,S/D,S/D,S/D,0,S/D,S/D,S/D,0,S/D,S/D,S/D,0,S/D,S/D,S/D,0,S/D,S/D,S/D,0
213503,HUAMANI EL TAMBO,ICA,ICA,wrf5,pp,20260909,20261008,"00Z,12Z",D1,6h,S/D,S/D,S/D,0,S/D,S/D,S/D,0,S/D,S/D,S/D,0,S/D,S/D,S/D,0,S/D,S/D,S/D,0
213503,HUAMANI EL TAMBO,ICA,ICA,mpas15,pp,20260909,20261008,00Z,D1,6h,S/D,S/D,S/D,0,S/D,S/D,S/D,0,S/D,S/D,S/D,0,S/D,S/D,S/D,0,S/D,S/D,S/D,0
213506,LOS MOLINOS,ICA,ICA,ecmwf,pp,20260909,20261008,"00Z,12Z",D1,6h,S/D,S/D,S/D,0,S/D,S/D,S/D,0,S/D,S/D,S/D,0,S/D,S/D,S/D,0,S/D,S/D,S/D,0
213506,LOS MOLINOS,ICA,ICA,gfs,pp,20260909,20261008,"00Z,12Z",D1,6h,S/D,S/D,S/D,0,S/D,S/D,S/D,0,S/D,S/D,S/D,0,S/D,S/D,S/D,0,S/D,S/D,S/D,0
213506,LOS MOLINOS,ICA,ICA,eta5,pp,20260909,20261008,"00Z,12Z",D1,6h,S/D,S/D,S/D,0,S/D,S/D,S/D,0,S/D,S/D,S/D,0,S/D,S/D,S/D,0,S/D,S/D,S/D,0
213506,LOS MOLINOS,ICA,ICA,wrf5,pp,20260909,20261008,"00Z,12Z",D1,6h,S/D,S/D,S/D,0,S/D,S/D,S/D,0,S/D,S/D,S/D,0,S/D,S/D,S/D,0,S/D,S/D,S/D,0
213506,LOS MOLINOS,ICA,ICA,mpas15,pp,20260909,20261008,00Z,D1,6h,S/D,S/D,S/D,0,S/D,S/D,S/D,0,S/D,S/D,S/D,0,S/D,S/D,S/D,0,S/D,S/D,S/D,0
114139,COPARA,ICA,NASCA,ecmwf,pp,20260909,20261008,"00Z,12Z",D1,6h,0.02,0.037,S/D,26,S/D,1.0,0.0,0,S/D,S/D,S/D,0,S/D,S/D,S/D,0,S/D,S/D,S/D,0
114139,COPARA,ICA,NASCA,gfs,pp,20260909,20261008,"00Z,12Z",D1,6h,0.0,0.0,S/D,26,S/D,S/D,S/D,0,S/D,S/D,S/D,0,S/D,S/D,S/D,0,S/D,S/D,S/D,0
114139,COPARA,ICA,NASCA,eta5,pp,20260909,20261008,"00Z,12Z",D1,6h,0.0,0.0,S/D,24,S/D,S/D,S/D,0,S/D,S/D,S/D,0,S/D,S/D,S/D,0,S/D,S/D,S/D,0
114139,COPARA,ICA,NASCA,wrf5,pp,20260909,20261008,"00Z,12Z",D1,6h,0.013,0.061,S/D,25,S/D,1.0,0.0,0,S/D,S/D,S/D,0,S/D,S/D,S/D,0,S/D,S/D,S/D,0
114139,COPARA,ICA,NASCA,mpas15,pp,20260909,20261008,00Z,D1,6h,0.0,0.0,S/D,13,S/D,S/D,S/D,0,S/D,S/D,S/D,0,S/D,S/D,S/D,0,S/D,S/D,S/D,0
114136,PALPA,ICA,PALPA,ecmwf,pp,20260909,20261008,"00Z,12Z",D1,6h,S/D,S/D,S/D,0,S/D,S/D,S/D,0,S/D,S/D,S/D,0,S/D,S/D,S/D,0,S/D,S/D,S/D,0
114136,PALPA,ICA,PALPA,gfs,pp,20260909,20261008,"00Z,12Z",D1,6h,S/D,S/D,S/D,0,S/D,S/D,S/D,0,S/D,S/D,S/D,0,S/D,S/D,S/D,0,S/D,S/D,S/D,0
114136,PALPA,ICA,PALPA,eta5,pp,20260909,20261008,"00Z,12Z",D1,6h,S/D,S/D,S/D,0,S/D,S/D,S/D,0,S/D,S/D,S/D,0,S/D,S/D,S/D,0,S/D,S/D,S/D,0
114136,PALPA,ICA,PALPA,wrf5,pp,20260909,20261008,"00Z,12Z",D1,6h,S/D,S/D,S/D,0,S/D,S/D,S/D,0,S/D,S/D,S/D,0,S/D,S/D,S/D,0,S/D,S/D,S/D,0
114136,PALPA,ICA,PALPA,mpas15,pp,20260909,20261008,00Z,D1,6h,S/D,S/D,S/D,0,S/D,S/D,S/D,0,S/D,S/D,S/D,0,S/D,S/D,S/D,0,S/D,S/D,S/D,0
114140,PAMPA BLANCA,ICA,PALPA,ecmwf,pp,20260909,20261008,"00Z,12Z",D1,6h,0.0,0.0,S/D,4,S/D,S/D,S/D,0,S/D,S/D,S/D,0,S/D,S/D,S/D,0,S/D,S/D,S/D,0
114140,PAMPA BLANCA,ICA,PALPA,gfs,pp,20260909,20261008,"00Z,12Z",D1,6h,0.141,0.21,S/D,4,S/D,1.0,0.0,0,S/D,S/D,S/D,0,S/D,S/D,S/D,0,S/D,S/D,S/D,0
114140,PAMPA BLANCA,ICA,PALPA,eta5,pp,20260909,20261008,"00Z,12Z",D1,6h,0.0,0.0,S/D,2,S/D,S/D,S/D,0,S/D,S/D,S/D,0,S/D,S/D,S/D,0,S/D,S/D,S/D,0
114140,PAMPA BLANCA,ICA,PALPA,wrf5,pp,20260909,20261008,"00Z,12Z",D1,6h,0.0,0.0,S/D,4,S/D,S/D,S/D,0,S/D,S/D,S/D,0,S/D,S/D,S/D,0,S/D,S/D,S/D,0
114140,PAMPA BLANCA,ICA,PALPA,mpas15,pp,20260909,20261008,00Z,D1,6h,0.0,0.0,S/D,2,S/D,S/D,S/D,0,S/D,S/D,S/D,0,S/D,S/D,S/D,0,S/D,S/D,S/D,0
213403,LETRAYOC,ICA,PISCO,ecmwf,pp,20260909,20261008,"00Z,12Z",D1,6h,S/D,S/D,S/D,0,S/D,S/D,S/D,0,S/D,S/D,S/D,0,S/D,S/D,S/D,0,S/D,S/D,S/D,0
213403,LETRAYOC,ICA,PISCO,gfs,pp,20260909,20261008,"00Z,12Z",D1,6h,S/D,S/D,S/D,0,S/D,S/D,S/D,0,S/D,S/D,S/D,0,S/D,S/D,S/D,0,S/D,S/D,S/D,0
213403,LETRAYOC,ICA,PISCO,eta5,pp,20260909,20261008,"00Z,12Z",D1,6h,S/D,S/D,S/D,0,S/D,S/D,S/D,0,S/D,S/D,S/D,0,S/D,S/D,S/D,0,S/D,S/D,S/D,0
213403,LETRAYOC,ICA,PISCO,wrf5,pp,20260909,20261008,"00Z,12Z",D1,6h,S/D,S/D,S/D,0,S/D,S/D,S/D,0,S/D,S/D,S/D,0,S/D,S/D,S/D,0,S/D,S/D,S/D,0
213403,LETRAYOC,ICA,PISCO,mpas15,pp,20260909,20261008,00Z,D1,6h,S/D,S/D,S/D,0,S/D,S/D,S/D,0,S/D,S/D,S/D,0,S/D,S/D,S/D,0,S/D,S/D,S/D,0
472DF5D6,HUAYTAPALLANA,JUNIN,HUANCAYO,ecmwf,pp,20260909,20261008,"00Z,12Z",D1,6h,0.508,1.612,0.449,232,0.84,0.588,0.382,50,0.562,0.842,0.141,16,0.0,1.0,0.0,2,S/D,S/D,S/D,0
472DF5D6,HUAYTAPALLANA,JUNIN,HUANCAYO,gfs,pp,20260909,20261008,"00Z,12Z",D1,6h,1.053,2.403,0.428,232,0.92,0.723,0.271,50,0.625,0.885,0.108,16,0.0,1.0,0.0,2,S/D,S/D,S/D,0
472DF5D6,HUAYTAPALLANA,JUNIN,HUANCAYO,eta5,pp,20260909,20261008,"00Z,12Z",D1,6h,-0.081,1.224,0.551,185,0.625,0.359,0.463,40,0.25,0.7,0.158,12,0.0,S/D,0.0,2,S/D,S/D,S/D,0
472DF5D6,HUAYTAPALLANA,JUNIN,HUANCAYO,wrf5,pp,20260909,20261008,"00Z,12Z",D1,6h,0.649,2.587,0.42,229,0.72,0.544,0.387,50,0.312,0.881,0.094,16,0.0,1.0,0.0,2,S/D,S/D,S/D,0
472DF5D6,HUAYTAPALLANA,JUNIN,HUANCAYO,mpas15,pp,20260909,20261008,00Z,D1,6h,0.51,1.824,0.346,116,0.68,0.614,0.327,25,0.5,0.879,0.108,8,0.0,1.0,0.0,1,S/D,S/D,S/D,0
111288,CHACAPALPA,JUNIN,JAUJA,ecmwf,pp,20260909,20261008,"00Z,12Z",D1,6h,S/D,S/D,S/D,0,S/D,S/D,S/D,0,S/D,S/D,S/D,0,S/D,S/D,S/D,0,S/D,S/D,S/D,0
111288,CHACAPALPA,JUNIN,JAUJA,gfs,pp,20260909,20261008,"00Z,12Z",D1,6h,S/D,S/D,S/D,0,S/D,S/D,S/D,0,S/D,S/D,S/D,0,S/D,S/D,S/D,0,S/D,S/D,S/D,0
111288,CHACAPALPA,JUNIN,JAUJA,eta5,pp,20260909,20261008,"00Z,12Z",D1,6h,S/D,S/D,S/D,0,S/D,S/D,S/D,0,S/D,S/D,S/D,0,S/D,S/D,S/D,0,S/D,S/D,S/D,0
111288,CHACAPALPA,JUNIN,JAUJA,wrf5,pp,20260909,20261008,"00Z,12Z",D1,6h,S/D,S/D,S/D,0,S/D,S/D,S/D,0,S/D,S/D,S/D,0,S/D,S/D,S/D,0,S/D,S/D,S/D,0
111288,CHACAPALPA,JUNIN,JAUJA,mpas15,pp,20260909,20261008,00Z,D1,6h,S/D,S/D,S/D,0,S/D,S/D,S/D,0,S/D,S/D,S/D,0,S/D,S/D,S/D,0,S/D,S/D,S/D,0
111299,POTSOTENI,JUNIN,SATIPO,ecmwf,pp,20260909,20261008,"00Z,12Z",D1,6h,1.342,2.537,0.072,234,0.944,0.909,0.091,18,0.6,0.939,0.058,10,0.0,1.0,0.0,2,S/D,S/D,S/D,0
111299,POTSOTENI,JUNIN,SATIPO,gfs,pp,20260909,20261008,"00Z,12Z",D1,6h,0.939,1.974,0.017,234,0.667,0.918,0.079,18,0.4,0.95,0.047,10,0.0,1.0,0.0,2,S/D,S/D,S/D,0
111299,POTSOTENI,JUNIN,SATIPO,eta5,pp,20260909,20261008,"00Z,12Z",D1,6h,1.962,4.079,0.163,188,0.722,0.873,0.121,18,0.7,0.914,0.083,10,0.0,1.0,0.0,2,S/D,S/D,S/D,0
111299,POTSOTENI,JUNIN,SATIPO,wrf5,pp,20260909,20261008,"00Z,12Z",D1,6h,0.608,5.492,0.183,231,0.5,0.791,0.173,18,0.2,0.857,0.091,10,0.0,1.0,0.0,2,S/D,1.0,0.0,0
111299,POTSOTENI,JUNIN,SATIPO,mpas15,pp,20260909,20261008,00Z,D1,6h,1.087,2.333,0.002,117,0.444,0.933,0.062,9,0.6,0.936,0.061,5,0.0,1.0,0.0,1,S/D,S/D,S/D,0
4725C4EA,SATIPO,JUNIN,SATIPO,ecmwf,pp,20260909,20261008,"00Z,12Z",D1,6h,-0.189,3.771,0.309,236,0.921,0.771,0.224,38,0.571,0.754,0.208,28,0.1,0.75,0.077,20,S/D,S/D,S/D,0
4725C4EA,SATIPO,JUNIN,SATIPO,gfs,pp,20260909,20261008,"00Z,12Z",D1,6h,-0.084,3.879,0.224,236,0.816,0.797,0.194,38,0.5,0.821,0.152,28,0.1,0.75,0.077,20,S/D,S/D,S/D,0
4725C4EA,SATIPO,JUNIN,SATIPO,eta5,pp,20260909,20261008,"00Z,12Z",D1,6h,1.351,5.637,0.096,189,0.571,0.81,0.167,35,0.577,0.821,0.158,26,0.474,0.769,0.184,19,S/D,S/D,S/D,0
4725C4EA,SATIPO,JUNIN,SATIPO,wrf5,pp,20260909,20261008,"00Z,12Z",D1,6h,-0.44,4.718,0.28,232,0.526,0.672,0.253,38,0.321,0.679,0.191,28,0.05,0.875,0.037,20,S/D,1.0,0.0,0
4725C4EA,SATIPO,JUNIN,SATIPO,mpas15,pp,20260909,20261008,00Z,D1,6h,0.824,4.337,0.239,118,0.895,0.761,0.233,19,0.714,0.836,0.154,14,0.2,0.867,0.087,10,S/D,S/D,S/D,0
47257764,TARMA,JUNIN,TARMA,ecmwf,pp,20260909,20261008,"00Z,12Z",D1,6h,0.293,1.042,0.371,226,0.833,0.792,0.2,24,0.8,0.742,0.242,10,0.25,0.667,0.167,4,S/D,S/D,S/D,0
47257764,TARMA,JUNIN,TARMA,gfs,pp,20260909,20261008,"00Z,12Z",D1,6h,0.849,2.115,0.3,226,0.833,0.861,0.135,24,0.7,0.883,0.111,10,0.5,0.867,0.118,4,S/D,S/D,S/D,0
47257764,TARMA,JUNIN,TARMA,eta5,pp,20260909,20261008,"00Z,12Z",D1,6h,0.83,2.004,0.248,182,0.875,0.798,0.196,24,0.9,0.85,0.148,10,0.0,1.0,0.0,4,S/D,S/D,S/D,0
47257764,TARMA,JUNIN,TARMA,wrf5,pp,20260909,20261008,"00Z,12Z",D1,6h,0.15,1.32,0.357,222,0.609,0.674,0.269,23,0.444,0.818,0.148,9,0.0,1.0,0.0,4,S/D,S/D,S/D,0
47257764,TARMA,JUNIN,TARMA,mpas15,pp,20260909,20261008,00Z,D1,6h,0.399,1.403,0.221,113,0.667,0.778,0.2,12,0.8,0.857,0.138,5,0.0,1.0,0.0,2,S/D,S/D,S/D,0
472D9030,MARCAPOMACOCHA,JUNIN,YAULI,ecmwf,pp,20260909,20261008,"00Z,12Z",D1,6h,0.448,1.032,0.517,236,0.935,0.629,0.361,46,0.833,0.783,0.208,12,S/D,1.0,0.0,0,S/D,S/D,S/D,0
472D9030,MARCAPOMACOCHA,JUNIN,YAULI,gfs,pp,20260909,20261008,"00Z,12Z",D1,6h,0.777,2.106,0.389,236,0.848,0.655,0.325,46,0.667,0.843,0.145,12,S/D,1.0,0.0,0,S/D,S/D,S/D,0
472D9030,MARCAPOMACOCHA,JUNIN,YAULI,eta5,pp,20260909,20261008,"00Z,12Z",D1,6h,0.103,0.68,0.49,189,0.605,0.409,0.426,43,0.5,0.571,0.3,12,S/D,S/D,S/D,0,S/D,S/D,S/D,0
472D9030,MARCAPOMACOCHA,JUNIN,YAULI,wrf5,pp,20260909,20261008,"00Z,12Z",D1,6h,0.683,2.603,0.442,233,0.6,0.578,0.329,45,0.818,0.71,0.273,11,S/D,1.0,0.0,0,S/D,1.0,0.0,0
472D9030,MARCAPOMACOCHA,JUNIN,YAULI,mpas15,pp,20260909,20261008,00Z,D1,6h,0.551,1.969,0.369,118,0.696,0.568,0.364,23,0.5,0.87,0.115,6,S/D,1.0,0.0,0,S/D,S/D,S/D,0
472D30C8,CASAGRANDE,LA LIBERTAD,ASCOPE,ecmwf,pp,20260909,20261008,"00Z,12Z",D1,6h,0.019,0.076,0.17,232,0.167,0.909,0.062,6,S/D,S/D,S/D,0,S/D,S/D,S/D,0,S/D,S/D,S/D,0
472D30C8,CASAGRANDE,LA LIBERTAD,ASCOPE,gfs,pp,20260909,20261008,"00Z,12Z",D1,6h,-0.002,0.015,0.396,232,0.0,S/D,0.0,6,S/D,S/D,S/D,0,S/D,S/D,S/D,0,S/D,S/D,S/D,0
472D30C8,CASAGRANDE,LA LIBERTAD,ASCOPE,eta5,pp,20260909,20261008,"00Z,12Z",D1,6h,0.019,0.068,0.203,185,0.5,0.857,0.125,4,S/D,S/D,S/D,0,S/D,S/D,S/D,0,S/D,S/D,S/D,0
472D30C8,CASAGRANDE,LA LIBERTAD,ASCOPE,wrf5,pp,20260909,20261008,"00Z,12Z",D1,6h,0.0,0.017,0.26,229,0.0,S/D,0.0,6,S/D,S/D,S/D,0,S/D,S/D,S/D,0,S/D,S/D,S/D,0
472D30C8,CASAGRANDE,LA LIBERTAD,ASCOPE,mpas15,pp,20260909,20261008,00Z,D1,6h,0.002,0.049,-0.02,116,0.0,1.0,0.0,3,S/D,S/D,S/D,0,S/D,S/D,S/D,0,S/D,S/D,S/D,0
211001,SALINAR,LA LIBERTAD,ASCOPE,ecmwf,pp,20260909,20261008,"00Z,12Z",D1,6h,0.04,0.115,S/D,230,S/D,1.0,0.0,0,S/D,S/D,S/D,0,S/D,S/D,S/D,0,S/D,S/D,S/D,0
211001,SALINAR,LA LIBERTAD,ASCOPE,gfs,pp,20260909,20261008,"00Z,12Z",D1,6h,0.002,0.014,S/D,230,S/D,1.0,0.0,0,S/D,S/D,S/D,0,S/D,S/D,S/D,0,S/D,S/D,S/D,0
211001,SALINAR,LA LIBERTAD,ASCOPE,eta5,pp,20260909,20261008,"00Z,12Z",D1,6h,0.014,0.073,S/D,184,S/D,1.0,0.0,0,S/D,S/D,S/D,0,S/D,S/D,S/D,0,S/D,S/D,S/D,0
211001,SALINAR,LA LIBERTAD,ASCOPE,wrf5,pp,20260909,20261008,"00Z,12Z",D1,6h,0.002,0.012,S/D,227,S/D,1.0,0.0,0,S/D,S/D,S/D,0,S/D,S/D,S/D,0,S/D,S/D,S/D,0
211001,SALINAR,LA LIBERTAD,ASCOPE,mpas15,pp,20260909,20261008,00Z,D1,6h,0.035,0.228,S/D,115,S/D,1.0,0.0,0,S/D,1.0,0.0,0,S/D,S/D,S/D,0,S/D,S/D,S/D,0
472EA2A4,CASCAS,LA LIBERTAD,GRAN CHIMU,ecmwf,pp,20260909,20261008,"00Z,12Z",D1,6h,0.57,1.624,0.1,236,0.75,0.948,0.051,8,S/D,1.0,0.0,0,S/D,1.0,0.0,0,S/D,S/D,S/D,0
472EA2A4,CASCAS,LA LIBERTAD,GRAN CHIMU,gfs,pp,20260909,20261008,"00Z,12Z",D1,6h,0.303,0.622,-0.113,236,0.25,0.982,0.017,8,S/D,1.0,0.0,0,S/D,S/D,S/D,0,S/D,S/D,S/D,0
472EA2A4,CASCAS,LA LIBERTAD,GRAN CHIMU,eta5,pp,20260909,20261008,"00Z,12Z",D1,6h,0.372,1.266,-0.055,189,0.0,1.0,0.0,5,S/D,1.0,0.0,0,S/D,1.0,0.0,0,S/D,S/D,S/D,0
472EA2A4,CASCAS,LA LIBERTAD,GRAN CHIMU,wrf5,pp,20260909,20261008,"00Z,12Z",D1,6h,0.024,0.118,0.021,233,0.0,1.0,0.0,8,S/D,1.0,0.0,0,S/D,S/D,S/D,0,S/D,S/D,S/D,0
472EA2A4,CASCAS,LA LIBERTAD,GRAN CHIMU,mpas15,pp,20260909,20261008,00Z,D1,6h,0.631,1.602,0.108,118,0.5,0.938,0.059,4,S/D,1.0,0.0,0,S/D,1.0,0.0,0,S/D,S/D,S/D,0
47E0A2A8,EL TAMBO,LA LIBERTAD,GRAN CHIMU,ecmwf,pp,20260909,20261008,"00Z,12Z",D1,6h,0.57,1.635,0.046,232,1.0,0.982,0.018,2,S/D,1.0,0.0,0,S/D,1.0,0.0,0,S/D,S/D,S/D,0
47E0A2A8,EL TAMBO,LA LIBERTAD,GRAN CHIMU,gfs,pp,20260909,20261008,"00Z,12Z",D1,6h,0.312,0.629,0.01,232,0.5,0.991,0.009,2,S/D,1.0,0.0,0,S/D,S/D,S/D,0,S/D,S/D,S/D,0
47E0A2A8,EL TAMBO,LA LIBERTAD,GRAN CHIMU,eta5,pp,20260909,20261008,"00Z,12Z",D1,6h,0.753,2.075,-0.063,186,0.0,1.0,0.0,1,S/D,1.0,0.0,0,S/D,1.0,0.0,0,S/D,S/D,S/D,0
47E0A2A8,EL TAMBO,LA LIBERTAD,GRAN CHIMU,wrf5,pp,20260909,20261008,"00Z,12Z",D1,6h,0.016,0.127,-0.036,228,0.0,1.0,0.0,2,S/D,1.0,0.0,0,S/D,S/D,S/D,0,S/D,S/D,S/D,0
47E0A2A8,EL TAMBO,LA LIBERTAD,GRAN CHIMU,mpas15,pp,20260909,20261008,00Z,D1,6h,0.561,1.567,0.093,116,0.0,1.0,0.0,1,S/D,1.0,0.0,0,S/D,1.0,0.0,0,S/D,S/D,S/D,0
472D552E,LUCMA,LA LIBERTAD,GRAN CHIMU,ecmwf,pp,20260909,20261008,"00Z,12Z",D1,6h,0.256,1.721,0.159,236,1.0,0.963,0.037,4,0.0,1.0,0.0,2,0.0,1.0,0.0,2,S/D,S/D,S/D,0
472D552E,LUCMA,LA LIBERTAD,GRAN CHIMU,gfs,pp,20260909,20261008,"00Z,12Z",D1,6h,0.634,2.033,0.199,236,1.0,0.972,0.028,4,1.0,0.962,0.038,2,0.0,1.0,0.0,2,S/D,S/D,S/D,0
472D552E,LUCMA,LA LIBERTAD,GRAN CHIMU,eta5,pp,20260909,20261008,"00Z,12Z",D1,6h,0.001,1.795,0.238,189,0.75,0.917,0.081,4,0.0,1.0,0.0,2,0.0,1.0,0.0,2,S/D,S/D,S/D,0
472D552E,LUCMA,LA LIBERTAD,GRAN CHIMU,wrf5,pp,20260909,20261008,"00Z,12Z",D1,6h,-0.048,1.615,0.125,233,0.5,0.882,0.105,4,0.0,1.0,0.0,2,0.0,1.0,0.0,2,S/D,S/D,S/D,0
472D552E,LUCMA,LA LIBERTAD,GRAN CHIMU,mpas15,pp,20260909,20261008,00Z,D1,6h,0.739,2.27,0.212,118,1.0,0.946,0.054,2,1.0,0.968,0.032,1,1.0,0.8,0.2,1,S/D,S/D,S/D,0
472CC2B6,MARMOT,LA LIBERTAD,GRAN CHIMU,ecmwf,pp,20260909,20261008,"00Z,12Z",D1,6h,S/D,S/D,S/D,0,S/D,S/D,S/D,0,S/D,S/D,S/D,0,S/D,S/D,S/D,0,S/D,S/D,S/D,0
472CC2B6,MARMOT,LA LIBERTAD,GRAN CHIMU,gfs,pp,20260909,20261008,"00Z,12Z",D1,6h,S/D,S/D,S/D,0,S/D,S/D,S/D,0,S/D,S/D,S/D,0,S/D,S/D,S/D,0,S/D,S/D,S/D,0
472CC2B6,MARMOT,LA LIBERTAD,GRAN CHIMU,eta5,pp,20260909,20261008,"00Z,12Z",D1,6h,S/D,S/D,S/D,0,S/D,S/D,S/D,0,S/D,S/D,S/D,0,S/D,S/D,S/D,0,S/D,S/D,S/D,0
472CC2B6,MARMOT,LA LIBERTAD,GRAN CHIMU,wrf5,pp,20260909,20261008,"00Z,12Z",D1,6h,S/D,S/D,S/D,0,S/D,S/D,S/D,0,S/D,S/D,S/D,0,S/D,S/D,S/D,0,S/D,S/D,S/D,0
472CC2B6,MARMOT,LA LIBERTAD,GRAN CHIMU,mpas15,pp,20260909,20261008,00Z,D1,6h,S/D,S/D,S/D,0,S/D,S/D,S/D,0,S/D,S/D,S/D,0,S/D,S/D,S/D,0,S/D,S/D,S/D,0
472E5220,PUENTE PALMIRA,LA LIBERTAD,GRAN CHIMU,ecmwf,pp,20260909,20261008,"00Z,12Z",D1,6h,0.58,1.632,S/D,234,S/D,1.0,0.0,0,S/D,1.0,0.0,0,S/D,1.0,0.0,0,S/D,S/D,S/D,0
472E5220,PUENTE PALMIRA,LA LIBERTAD,GRAN CHIMU,gfs,pp,20260909,20261008,"00Z,12Z",D1,6h,0.31,0.624,S/D,234,S/D,1.0,0.0,0,S/D,1.0,0.0,0,S/D,S/D,S/D,0,S/D,S/D,S/D,0
472E5220,PUENTE PALMIRA,LA LIBERTAD,GRAN CHIMU,eta5,pp,20260909,20261008,"00Z,12Z",D1,6h,0.579,1.934,S/D,188,S/D,1.0,0.0,0,S/D,1.0,0.0,0,S/D,1.0,0.0,0,S/D,S/D,S/D,0
472E5220,PUENTE PALMIRA,LA LIBERTAD,GRAN CHIMU,wrf5,pp,20260909,20261008,"00Z,12Z",D1,6h,0.011,0.068,S/D,231,S/D,1.0,0.0,0,S/D,S/D,S/D,0,S/D,S/D,S/D,0,S/D,S/D,S/D,0
472E5220,PUENTE PALMIRA,LA LIBERTAD,GRAN CHIMU,mpas15,pp,20260909,20261008,00Z,D1,6h,0.12,0.539,S/D,117,S/D,1.0,0.0,0,S/D,1.0,0.0,0,S/D,S/D,S/D,0,S/D,S/D,S/D,0
472D8346,CALLANCAS,LA LIBERTAD,OTUZCO,ecmwf,pp,20260909,20261008,"00Z,12Z",D1,6h,0.296,0.993,0.208,236,0.786,0.897,0.1,14,0.5,0.909,0.083,6,S/D,1.0,0.0,0,S/D,S/D,S/D,0
472D8346,CALLANCAS,LA LIBERTAD,OTUZCO,gfs,pp,20260909,20261008,"00Z,12Z",D1,6h,0.674,1.616,0.213,236,0.857,0.917,0.082,14,0.5,0.942,0.055,6,S/D,1.0,0.0,0,S/D,S/D,S/D,0
472D8346,CALLANCAS,LA LIBERTAD,OTUZCO,eta5,pp,20260909,20261008,"00Z,12Z",D1,6h,1.588,3.47,0.224,189,0.909,0.898,0.101,11,0.5,0.964,0.034,4,S/D,1.0,0.0,0,S/D,S/D,S/D,0
472D8346,CALLANCAS,LA LIBERTAD,OTUZCO,wrf5,pp,20260909,20261008,"00Z,12Z",D1,6h,-0.023,0.678,0.256,233,0.429,0.739,0.194,14,0.0,1.0,0.0,6,S/D,S/D,S/D,0,S/D,S/D,S/D,0
472D8346,CALLANCAS,LA LIBERTAD,OTUZCO,mpas15,pp,20260909,20261008,00Z,D1,6h,0.547,1.738,0.156,118,0.714,0.839,0.152,7,0.667,0.917,0.08,3,S/D,1.0,0.0,0,S/D,S/D,S/D,0
472EB1D2,CAPACHIQUE,LA LIBERTAD,OTUZCO,ecmwf,pp,20260909,20261008,"00Z,12Z",D1,6h,0.407,1.416,0.224,236,0.708,0.85,0.142,24,0.375,0.914,0.075,8,0.0,1.0,0.0,4,S/D,S/D,S/D,0
472EB1D2,CAPACHIQUE,LA LIBERTAD,OTUZCO,gfs,pp,20260909,20261008,"00Z,12Z",D1,6h,0.965,1.989,0.265,236,0.875,0.866,0.131,24,0.625,0.928,0.069,8,0.5,0.875,0.111,4,S/D,S/D,S/D,0
472EB1D2,CAPACHIQUE,LA LIBERTAD,OTUZCO,eta5,pp,20260909,20261008,"00Z,12Z",D1,6h,0.418,1.382,0.142,189,0.562,0.852,0.132,16,0.4,0.929,0.065,5,0.333,0.8,0.143,3,S/D,S/D,S/D,0
472EB1D2,CAPACHIQUE,LA LIBERTAD,OTUZCO,wrf5,pp,20260909,20261008,"00Z,12Z",D1,6h,0.421,1.829,0.199,233,0.542,0.812,0.163,24,0.625,0.833,0.152,8,0.5,0.75,0.2,4,S/D,S/D,S/D,0
472EB1D2,CAPACHIQUE,LA LIBERTAD,OTUZCO,mpas15,pp,20260909,20261008,00Z,D1,6h,0.822,2.366,0.156,118,0.5,0.838,0.14,12,0.5,0.935,0.061,4,0.0,1.0,0.0,2,S/D,S/D,S/D,0
107131,LA FORTUNA,LA LIBERTAD,OTUZCO,ecmwf,pp,20260909,20261008,"00Z,12Z",D1,6h,0.1,1.661,0.371,236,0.806,0.726,0.257,36,0.357,0.848,0.119,14,0.0,1.0,0.0,2,S/D,S/D,S/D,0
107131,LA FORTUNA,LA LIBERTAD,OTUZCO,gfs,pp,20260909,20261008,"00Z,12Z",D1,6h,0.478,1.918,0.391,236,0.889,0.779,0.215,36,0.714,0.808,0.179,14,0.0,1.0,0.0,2,S/D,S/D,S/D,0
107131,LA FORTUNA,LA LIBERTAD,OTUZCO,eta5,pp,20260909,20261008,"00Z,12Z",D1,6h,-0.285,1.74,0.39,189,0.16,0.5,0.138,25,0.0,S/D,0.0,10,0.0,S/D,0.0,2,S/D,S/D,S/D,0
107131,LA FORTUNA,LA LIBERTAD,OTUZCO,wrf5,pp,20260909,20261008,"00Z,12Z",D1,6h,0.465,2.675,0.324,232,0.639,0.685,0.267,36,0.571,0.742,0.216,14,0.5,0.917,0.077,2,S/D,S/D,S/D,0
107131,LA FORTUNA,LA LIBERTAD,OTUZCO,mpas15,pp,20260909,20261008,00Z,D1,6h,0.511,1.87,0.211,118,0.611,0.686,0.262,18,0.857,0.8,0.194,7,1.0,0.8,0.2,1,S/D,S/D,S/D,0
472E74CC,PUENTE COINA,LA LIBERTAD,OTUZCO,ecmwf,pp,20260909,20261008,"00Z,12Z",D1,6h,0.335,0.897,0.137,234,0.6,0.776,0.195,40,S/D,1.0,0.0,0,S/D,1.0,0.0,0,S/D,S/D,S/D,0
472E74CC,PUENTE COINA,LA LIBERTAD,OTUZCO,gfs,pp,20260909,20261008,"00Z,12Z",D1,6h,0.716,1.518,0.096,234,0.7,0.807,0.178,40,S/D,1.0,0.0,0,S/D,1.0,0.0,0,S/D,S/D,S/D,0
472E74CC,PUENTE COINA,LA LIBERTAD,OTUZCO,eta5,pp,20260909,20261008,"00Z,12Z",D1,6h,0.419,1.334,0.039,188,0.348,0.846,0.119,23,S/D,1.0,0.0,0,S/D,1.0,0.0,0,S/D,S/D,S/D,0
472E74CC,PUENTE COINA,LA LIBERTAD,OTUZCO,wrf5,pp,20260909,20261008,"00Z,12Z",D1,6h,0.289,1.501,0.114,231,0.2,0.789,0.114,40,S/D,1.0,0.0,0,S/D,1.0,0.0,0,S/D,S/D,S/D,0
472E74CC,PUENTE COINA,LA LIBERTAD,OTUZCO,mpas15,pp,20260909,20261008,00Z,D1,6h,0.754,1.848,-0.021,117,0.35,0.8,0.146,20,S/D,1.0,0.0,0,S/D,1.0,0.0,0,S/D,S/D,S/D,0
472D60B4,USQUIL,LA LIBERTAD,OTUZCO,ecmwf,pp,20260909,20261008,"00Z,12Z",D1,6h,0.243,1.124,0.242,236,0.769,0.813,0.177,26,0.375,0.909,0.079,8,0.0,1.0,0.0,2,S/D,S/D,S/D,0
472D60B4,USQUIL,LA LIBERTAD,OTUZCO,gfs,pp,20260909,20261008,"00Z,12Z",D1,6h,0.621,1.599,0.137,236,0.769,0.862,0.132,26,0.75,0.885,0.111,8,0.0,1.0,0.0,2,S/D,S/D,S/D,0
472D60B4,USQUIL,LA LIBERTAD,OTUZCO,eta5,pp,20260909,20261008,"00Z,12Z",D1,6h,0.333,1.311,0.181,189,0.529,0.827,0.15,17,0.667,0.818,0.167,6,0.0,1.0,0.0,1,S/D,S/D,S/D,0
472D60B4,USQUIL,LA LIBERTAD,OTUZCO,wrf5,pp,20260909,20261008,"00Z,12Z",D1,6h,0.197,1.589,0.207,233,0.308,0.789,0.143,26,0.25,0.889,0.083,8,0.0,1.0,0.0,2,S/D,S/D,S/D,0
472D60B4,USQUIL,LA LIBERTAD,OTUZCO,mpas15,pp,20260909,20261008,00Z,D1,6h,0.468,1.687,0.003,118,0.385,0.857,0.116,13,0.25,0.967,0.03,4,0.0,1.0,0.0,1,S/D,S/D,S/D,0
107130,TICAPAMPA,LA LIBERTAD,SANCHEZ CARRION,ecmwf,pp,20260909,20261008,"00Z,12Z",D1,6h,0.573,2.2,0.196,226,0.688,0.805,0.179,32,0.5,0.852,0.129,18,0.0,1.0,0.0,4,S/D,S/D,S/D,0
107130,TICAPAMPA,LA LIBERTAD,SANCHEZ CARRION,gfs,pp,20260909,20261008,"00Z,12Z",D1,6h,0.682,2.274,0.304,226,0.875,0.816,0.179,32,0.667,0.8,0.182,18,0.25,0.875,0.091,4,S/D,S/D,S/D,0
107130,TICAPAMPA,LA LIBERTAD,SANCHEZ CARRION,eta5,pp,20260909,20261008,"00Z,12Z",D1,6h,0.43,1.242,0.328,183,0.654,0.712,0.25,26,0.643,0.763,0.209,14,0.667,0.667,0.286,3,S/D,S/D,S/D,0
107130,TICAPAMPA,LA LIBERTAD,SANCHEZ CARRION,wrf5,pp,20260909,20261008,"00Z,12Z",D1,6h,0.286,1.647,0.394,222,0.688,0.651,0.301,32,0.611,0.645,0.289,18,0.75,0.625,0.333,4,S/D,S/D,S/D,0
107130,TICAPAMPA,LA LIBERTAD,SANCHEZ CARRION,mpas15,pp,20260909,20261008,00Z,D1,6h,0.897,2.418,0.205,113,0.688,0.807,0.177,16,0.667,0.85,0.14,9,0.5,0.875,0.111,2,S/D,S/D,S/D,0
4727319A,QUIRUVILCA,LA LIBERTAD,SANTIAGO DE CHUCO,ecmwf,pp,20260909,20261008,"00Z,12Z",D1,6h,0.415,2.231,0.333,216,0.833,0.703,0.28,36,0.625,0.818,0.164,16,0.333,0.8,0.143,6,S/D,S/D,S/D,0
4727319A,QUIRUVILCA,LA LIBERTAD,SANTIAGO DE CHUCO,gfs,pp,20260909,20261008,"00Z,12Z",D1,6h,1.085,3.079,0.268,216,0.833,0.814,0.18,36,0.75,0.859,0.135,16,0.333,0.895,0.087,6,S/D,S/D,S/D,0
4727319A,QUIRUVILCA,LA LIBERTAD,SANTIAGO DE CHUCO,eta5,pp,20260909,20261008,"00Z,12Z",D1,6h,-0.377,2.373,0.209,172,0.292,0.562,0.212,24,0.091,0.667,0.077,11,0.0,S/D,0.0,4,S/D,S/D,S/D,0
4727319A,QUIRUVILCA,LA LIBERTAD,SANTIAGO DE CHUCO,wrf5,pp,20260909,20261008,"00Z,12Z",D1,6h,1.104,3.961,0.372,212,0.694,0.679,0.281,36,0.75,0.75,0.231,16,0.833,0.792,0.2,6,S/D,1.0,0.0,0
4727319A,QUIRUVILCA,LA LIBERTAD,SANTIAGO DE CHUCO,mpas15,pp,20260909,20261008,00Z,D1,6h,0.178,2.361,0.297,108,0.556,0.643,0.278,18,0.625,0.808,0.172,8,0.0,1.0,0.0,3,S/D,S/D,S/D,0
211408,CONDORCERRO,LA LIBERTAD,VIRU,ecmwf,pp,20260909,20261008,"00Z,12Z",D1,6h,S/D,S/D,S/D,0,S/D,S/D,S/D,0,S/D,S/D,S/D,0,S/D,S/D,S/D,0,S/D,S/D,S/D,0
211408,CONDORCERRO,LA LIBERTAD,VIRU,gfs,pp,20260909,20261008,"00Z,12Z",D1,6h,S/D,S/D,S/D,0,S/D,S/D,S/D,0,S/D,S/D,S/D,0,S/D,S/D,S/D,0,S/D,S/D,S/D,0
211408,CONDORCERRO,LA LIBERTAD,VIRU,eta5,pp,20260909,20261008,"00Z,12Z",D1,6h,S/D,S/D,S/D,0,S/D,S/D,S/D,0,S/D,S/D,S/D,0,S/D,S/D,S/D,0,S/D,S/D,S/D,0
211408,CONDORCERRO,LA LIBERTAD,VIRU,wrf5,pp,20260909,20261008,"00Z,12Z",D1,6h,S/D,S/D,S/D,0,S/D,S/D,S/D,0,S/D,S/D,S/D,0,S/D,S/D,S/D,0,S/D,S/D,S/D,0
211408,CONDORCERRO,LA LIBERTAD,VIRU,mpas15,pp,20260909,20261008,00Z,D1,6h,S/D,S/D,S/D,0,S/D,S/D,S/D,0,S/D,S/D,S/D,0,S/D,S/D,S/D,0,S/D,S/D,S/D,0
47E2F720,TINAJONES,LAMBAYEQUE,CHICLAYO,ecmwf,pp,20260909,20261008,"00Z,12Z",D1,6h,0.044,0.112,0.139,198,0.5,0.957,0.042,2,S/D,S/D,S/D,0,S/D,S/D,S/D,0,S/D,S/D,S/D,0
47E2F720,TINAJONES,LAMBAYEQUE,CHICLAYO,gfs,pp,20260909,20261008,"00Z,12Z",D1,6h,0.012,0.078,0.151,198,0.5,0.857,0.125,2,S/D,S/D,S/D,0,S/D,S/D,S/D,0,S/D,S/D,S/D,0
47E2F720,TINAJONES,LAMBAYEQUE,CHICLAYO,eta5,pp,20260909,20261008,"00Z,12Z",D1,6h,0.097,0.362,0.111,159,0.0,1.0,0.0,1,S/D,1.0,0.0,0,S/D,S/D,S/D,0,S/D,S/D,S/D,0
47E2F720,TINAJONES,LAMBAYEQUE,CHICLAYO,wrf5,pp,20260909,20261008,"00Z,12Z",D1,6h,-0.001,0.021,0.178,194,0.0,S/D,0.0,2,S/D,S/D,S/D,0,S/D,S/D,S/D,0,S/D,S/D,S/D,0
47E2F720,TINAJONES,LAMBAYEQUE,CHICLAYO,mpas15,pp,20260909,20261008,00Z,D1,6h,0.031,0.177,-0.072,99,0.0,1.0,0.0,1,S/D,1.0,0.0,0,S/D,S/D,S/D,0,S/D,S/D,S/D,0
106140,VISTA FLORIDA,LAMBAYEQUE,CHICLAYO,ecmwf,pp,20260909,20261008,"00Z,12Z",D1,6h,0.036,0.148,0.115,234,0.5,0.895,0.095,4,S/D,1.0,0.0,0,S/D,S/D,S/D,0,S/D,S/D,S/D,0
106140,VISTA FLORIDA,LAMBAYEQUE,CHICLAYO,gfs,pp,20260909,20261008,"00Z,12Z",D1,6h,0.002,0.082,-0.023,234,0.0,1.0,0.0,4,S/D,S/D,S/D,0,S/D,S/D,S/D,0,S/D,S/D,S/D,0
106140,VISTA FLORIDA,LAMBAYEQUE,CHICLAYO,eta5,pp,20260909,20261008,"00Z,12Z",D1,6h,0.01,0.045,0.123,188,0.333,0.875,0.1,3,S/D,S/D,S/D,0,S/D,S/D,S/D,0,S/D,S/D,S/D,0
106140,VISTA FLORIDA,LAMBAYEQUE,CHICLAYO,wrf5,pp,20260909,20261008,"00Z,12Z",D1,6h,0.0,0.042,0.282,230,0.0,1.0,0.0,3,S/D,S/D,S/D,0,S/D,S/D,S/D,0,S/D,S/D,S/D,0
106140,VISTA FLORIDA,LAMBAYEQUE,CHICLAYO,mpas15,pp,20260909,20261008,00Z,D1,6h,0.012,0.139,0.129,117,0.0,1.0,0.0,2,S/D,S/D,S/D,0,S/D,S/D,S/D,0,S/D,S/D,S/D,0
106138,PUCHACA,LAMBAYEQUE,FERREÑAFE,ecmwf,pp,20260909,20261008,"00Z,12Z",D1,6h,1.45,2.642,0.093,224,0.9,0.944,0.056,10,S/D,1.0,0.0,0,S/D,1.0,0.0,0,S/D,S/D,S/D,0
106138,PUCHACA,LAMBAYEQUE,FERREÑAFE,gfs,pp,20260909,20261008,"00Z,12Z",D1,6h,0.607,1.734,0.188,224,0.7,0.924,0.074,10,S/D,1.0,0.0,0,S/D,1.0,0.0,0,S/D,S/D,S/D,0
106138,PUCHACA,LAMBAYEQUE,FERREÑAFE,eta5,pp,20260909,20261008,"00Z,12Z",D1,6h,0.597,1.604,0.256,181,0.778,0.875,0.121,9,S/D,1.0,0.0,0,S/D,1.0,0.0,0,S/D,S/D,S/D,0
106138,PUCHACA,LAMBAYEQUE,FERREÑAFE,wrf5,pp,20260909,20261008,"00Z,12Z",D1,6h,0.006,0.12,0.308,220,0.4,0.636,0.235,10,S/D,1.0,0.0,0,S/D,S/D,S/D,0,S/D,S/D,S/D,0
106138,PUCHACA,LAMBAYEQUE,FERREÑAFE,mpas15,pp,20260909,20261008,00Z,D1,6h,0.256,0.662,0.12,112,0.6,0.87,0.12,5,S/D,1.0,0.0,0,S/D,S/D,S/D,0,S/D,S/D,S/D,0
4726F67E,PASABAR,LAMBAYEQUE,LAMBAYEQUE,ecmwf,pp,20260909,20261008,"00Z,12Z",D1,6h,0.228,0.776,0.164,214,1.0,0.938,0.062,4,S/D,1.0,0.0,0,S/D,1.0,0.0,0,S/D,S/D,S/D,0
4726F67E,PASABAR,LAMBAYEQUE,LAMBAYEQUE,gfs,pp,20260909,20261008,"00Z,12Z",D1,6h,0.24,0.791,0.127,214,0.75,0.944,0.055,4,S/D,1.0,0.0,0,S/D,S/D,S/D,0,S/D,S/D,S/D,0
4726F67E,PASABAR,LAMBAYEQUE,LAMBAYEQUE,eta5,pp,20260909,20261008,"00Z,12Z",D1,6h,0.378,1.02,0.054,176,0.5,0.978,0.022,2,S/D,1.0,0.0,0,S/D,1.0,0.0,0,S/D,S/D,S/D,0
4726F67E,PASABAR,LAMBAYEQUE,LAMBAYEQUE,wrf5,pp,20260909,20261008,"00Z,12Z",D1,6h,0.006,0.062,0.039,211,0.0,1.0,0.0,4,S/D,S/D,S/D,0,S/D,S/D,S/D,0,S/D,S/D,S/D,0
4726F67E,PASABAR,LAMBAYEQUE,LAMBAYEQUE,mpas15,pp,20260909,20261008,00Z,D1,6h,0.022,0.146,0.072,107,0.0,1.0,0.0,2,S/D,1.0,0.0,0,S/D,S/D,S/D,0,S/D,S/D,S/D,0
47201542,TONGORRAPE,LAMBAYEQUE,LAMBAYEQUE,ecmwf,pp,20260909,20261008,"00Z,12Z",D1,6h,0.15,0.604,0.06,236,0.55,0.863,0.124,20,0.0,1.0,0.0,4,S/D,1.0,0.0,0,S/D,S/D,S/D,0
47201542,TONGORRAPE,LAMBAYEQUE,LAMBAYEQUE,gfs,pp,20260909,20261008,"00Z,12Z",D1,6h,0.117,0.623,0.196,236,0.45,0.786,0.17,20,0.0,1.0,0.0,4,S/D,S/D,S/D,0,S/D,S/D,S/D,0
47201542,TONGORRAPE,LAMBAYEQUE,LAMBAYEQUE,eta5,pp,20260909,20261008,"00Z,12Z",D1,6h,0.215,0.67,0.294,189,0.588,0.783,0.189,17,0.333,0.944,0.05,3,S/D,S/D,S/D,0,S/D,S/D,S/D,0
47201542,TONGORRAPE,LAMBAYEQUE,LAMBAYEQUE,wrf5,pp,20260909,20261008,"00Z,12Z",D1,6h,-0.025,0.243,0.226,233,0.105,0.667,0.087,19,0.0,1.0,0.0,4,S/D,S/D,S/D,0,S/D,S/D,S/D,0
47201542,TONGORRAPE,LAMBAYEQUE,LAMBAYEQUE,mpas15,pp,20260909,20261008,00Z,D1,6h,-0.031,0.209,0.028,118,0.1,0.5,0.091,10,0.0,S/D,0.0,2,S/D,S/D,S/D,0,S/D,S/D,S/D,0
4725F170,HUAROS,LIMA,CANTA,ecmwf,pp,20260909,20261008,"00Z,12Z",D1,6h,0.261,0.745,0.263,232,0.875,0.92,0.079,8,1.0,0.9,0.1,2,0.0,S/D,0.0,2,S/D,S/D,S/D,0
4725F170,HUAROS,LIMA,CANTA,gfs,pp,20260909,20261008,"00Z,12Z",D1,6h,0.478,1.178,0.28,232,1.0,0.915,0.085,8,1.0,0.941,0.059,2,0.5,0.75,0.2,2,S/D,S/D,S/D,0
4725F170,HUAROS,LIMA,CANTA,eta5,pp,20260909,20261008,"00Z,12Z",D1,6h,-0.023,0.543,-0.01,186,0.143,0.929,0.05,7,0.0,1.0,0.0,2,0.0,S/D,0.0,2,S/D,S/D,S/D,0
4725F170,HUAROS,LIMA,CANTA,wrf5,pp,20260909,20261008,"00Z,12Z",D1,6h,0.05,0.639,0.25,228,0.714,0.75,0.227,7,0.0,1.0,0.0,2,0.0,S/D,0.0,2,S/D,S/D,S/D,0
4725F170,HUAROS,LIMA,CANTA,mpas15,pp,20260909,20261008,00Z,D1,6h,0.518,1.719,0.057,116,0.5,0.923,0.071,4,0.0,1.0,0.0,1,0.0,1.0,0.0,1,S/D,S/D,S/D,0
113249,CAÑETE,LIMA,CAÑETE,ecmwf,pp,20260909,20261008,"00Z,12Z",D1,6h,-0.497,5.742,0.108,234,0.5,0.897,0.094,6,0.0,S/D,0.0,2,0.0,S/D,0.0,2,0.0,S/D,0.0,2
113249,CAÑETE,LIMA,CAÑETE,gfs,pp,20260909,20261008,"00Z,12Z",D1,6h,-0.536,5.741,-0.011,234,0.0,S/D,0.0,6,0.0,S/D,0.0,2,0.0,S/D,0.0,2,0.0,S/D,0.0,2
113249,CAÑETE,LIMA,CAÑETE,eta5,pp,20260909,20261008,"00Z,12Z",D1,6h,-0.326,4.517,0.101,189,0.25,0.667,0.167,4,0.0,S/D,0.0,1,0.0,S/D,0.0,1,0.0,S/D,0.0,1
113249,CAÑETE,LIMA,CAÑETE,wrf5,pp,20260909,20261008,"00Z,12Z",D1,6h,-0.54,5.791,0.08,230,0.167,0.75,0.111,6,0.0,S/D,0.0,2,0.0,S/D,0.0,2,0.0,S/D,0.0,2
113249,CAÑETE,LIMA,CAÑETE,mpas15,pp,20260909,20261008,00Z,D1,6h,-0.532,5.742,0.11,117,0.0,1.0,0.0,3,0.0,S/D,0.0,1,0.0,S/D,0.0,1,0.0,S/D,0.0,1
212900,LA CAPILLA SENAMHI,LIMA,CAÑETE,ecmwf,pp,20260909,20261008,"00Z,12Z",D1,6h,S/D,S/D,S/D,0,S/D,S/D,S/D,0,S/D,S/D,S/D,0,S/D,S/D,S/D,0,S/D,S/D,S/D,0
212900,LA CAPILLA SENAMHI,LIMA,CAÑETE,gfs,pp,20260909,20261008,"00Z,12Z",D1,6h,S/D,S/D,S/D,0,S/D,S/D,S/D,0,S/D,S/D,S/D,0,S/D,S/D,S/D,0,S/D,S/D,S/D,0
212900,LA CAPILLA SENAMHI,LIMA,CAÑETE,eta5,pp,20260909,20261008,"00Z,12Z",D1,6h,S/D,S/D,S/D,0,S/D,S/D,S/D,0,S/D,S/D,S/D,0,S/D,S/D,S/D,0,S/D,S/D,S/D,0
212900,LA CAPILLA SENAMHI,LIMA,CAÑETE,wrf5,pp,20260909,20261008,"00Z,12Z",D1,6h,S/D,S/D,S/D,0,S/D,S/D,S/D,0,S/D,S/D,S/D,0,S/D,S/D,S/D,0,S/D,S/D,S/D,0
212900,LA CAPILLA SENAMHI,LIMA,CAÑETE,mpas15,pp,20260909,20261008,00Z,D1,6h,S/D,S/D,S/D,0,S/D,S/D,S/D,0,S/D,S/D,S/D,0,S/D,S/D,S/D,0,S/D,S/D,S/D,0
472191AC,SOCSI,LIMA,CAÑETE,ecmwf,pp,20260909,20261008,"00Z,12Z",D1,6h,S/D,S/D,S/D,0,S/D,S/D,S/D,0,S/D,S/D,S/D,0,S/D,S/D,S/D,0,S/D,S/D,S/D,0
472191AC,SOCSI,LIMA,CAÑETE,gfs,pp,20260909,20261008,"00Z,12Z",D1,6h,S/D,S/D,S/D,0,S/D,S/D,S/D,0,S/D,S/D,S/D,0,S/D,S/D,S/D,0,S/D,S/D,S/D,0
472191AC,SOCSI,LIMA,CAÑETE,eta5,pp,20260909,20261008,"00Z,12Z",D1,6h,S/D,S/D,S/D,0,S/D,S/D,S/D,0,S/D,S/D,S/D,0,S/D,S/D,S/D,0,S/D,S/D,S/D,0
472191AC,SOCSI,LIMA,CAÑETE,wrf5,pp,20260909,20261008,"00Z,12Z",D1,6h,S/D,S/D,S/D,0,S/D,S/D,S/D,0,S/D,S/D,S/D,0,S/D,S/D,S/D,0,S/D,S/D,S/D,0
472191AC,SOCSI,LIMA,CAÑETE,mpas15,pp,20260909,20261008,00Z,D1,6h,S/D,S/D,S/D,0,S/D,S/D,S/D,0,S/D,S/D,S/D,0,S/D,S/D,S/D,0,S/D,S/D,S/D,0
47E323B2,CARAC,LIMA,HUARAL,ecmwf,pp,20260909,20261008,"00Z,12Z",D1,6h,0.127,0.329,0.406,94,1.0,0.727,0.273,6,S/D,1.0,0.0,0,S/D,S/D,S/D,0,S/D,S/D,S/D,0
47E323B2,CARAC,LIMA,HUARAL,gfs,pp,20260909,20261008,"00Z,12Z",D1,6h,0.277,1.053,0.381,94,0.833,0.8,0.192,6,S/D,1.0,0.0,0,S/D,1.0,0.0,0,S/D,S/D,S/D,0
47E323B2,CARAC,LIMA,HUARAL,eta5,pp,20260909,20261008,"00Z,12Z",D1,6h,0.002,0.039,0.823,65,0.667,0.0,0.667,3,S/D,S/D,S/D,0,S/D,S/D,S/D,0,S/D,S/D,S/D,0
47E323B2,CARAC,LIMA,HUARAL,wrf5,pp,20260909,20261008,"00Z,12Z",D1,6h,0.093,0.731,0.331,94,0.5,0.25,0.429,6,S/D,1.0,0.0,0,S/D,1.0,0.0,0,S/D,S/D,S/D,0
47E323B2,CARAC,LIMA,HUARAL,mpas15,pp,20260909,20261008,00Z,D1,6h,0.5,1.452,0.147,47,0.667,0.818,0.167,3,S/D,1.0,0.0,0,S/D,1.0,0.0,0,S/D,S/D,S/D,0
47E2323E,CUCHUANCA,LIMA,HUARAL,ecmwf,pp,20260909,20261008,"00Z,12Z",D1,6h,0.182,0.496,0.226,236,1.0,0.902,0.098,6,S/D,1.0,0.0,0,S/D,S/D,S/D,0,S/D,S/D,S/D,0
47E2323E,CUCHUANCA,LIMA,HUARAL,gfs,pp,20260909,20261008,"00Z,12Z",D1,6h,0.256,0.772,0.21,236,0.833,0.934,0.065,6,S/D,1.0,0.0,0,S/D,1.0,0.0,0,S/D,S/D,S/D,0
47E2323E,CUCHUANCA,LIMA,HUARAL,eta5,pp,20260909,20261008,"00Z,12Z",D1,6h,0.004,0.044,0.319,189,0.5,0.75,0.2,4,S/D,S/D,S/D,0,S/D,S/D,S/D,0,S/D,S/D,S/D,0
47E2323E,CUCHUANCA,LIMA,HUARAL,wrf5,pp,20260909,20261008,"00Z,12Z",D1,6h,0.047,0.47,0.261,232,0.6,0.571,0.333,5,S/D,1.0,0.0,0,S/D,1.0,0.0,0,S/D,S/D,S/D,0
47E2323E,CUCHUANCA,LIMA,HUARAL,mpas15,pp,20260909,20261008,00Z,D1,6h,0.337,1.092,0.125,118,0.667,0.905,0.091,3,S/D,1.0,0.0,0,S/D,1.0,0.0,0,S/D,S/D,S/D,0
47E330C4,SANTA CRUZ,LIMA,HUARAL,ecmwf,pp,20260909,20261008,"00Z,12Z",D1,6h,0.111,0.62,0.09,238,0.5,0.937,0.06,8,0.125,0.929,0.048,8,S/D,S/D,S/D,0,S/D,S/D,S/D,0
47E330C4,SANTA CRUZ,LIMA,HUARAL,gfs,pp,20260909,20261008,"00Z,12Z",D1,6h,0.182,0.814,0.091,238,0.5,0.948,0.049,8,0.5,0.818,0.154,8,S/D,1.0,0.0,0,S/D,S/D,S/D,0
47E330C4,SANTA CRUZ,LIMA,HUARAL,eta5,pp,20260909,20261008,"00Z,12Z",D1,6h,0.075,0.62,0.025,191,0.2,0.955,0.038,5,0.2,0.929,0.056,5,S/D,S/D,S/D,0,S/D,S/D,S/D,0
47E330C4,SANTA CRUZ,LIMA,HUARAL,wrf5,pp,20260909,20261008,"00Z,12Z",D1,6h,0.102,1.038,0.115,234,0.5,0.875,0.111,8,0.125,0.857,0.071,8,S/D,1.0,0.0,0,S/D,S/D,S/D,0
47E330C4,SANTA CRUZ,LIMA,HUARAL,mpas15,pp,20260909,20261008,00Z,D1,6h,0.488,1.444,0.063,119,0.5,0.938,0.059,4,0.5,0.909,0.083,4,S/D,1.0,0.0,0,S/D,S/D,S/D,0
47E214D2,SANTO DOMINGO,LIMA,HUARAL,ecmwf,pp,20260909,20261008,"00Z,12Z",D1,6h,0.042,0.222,-0.096,234,0.0,1.0,0.0,16,S/D,1.0,0.0,0,S/D,S/D,S/D,0,S/D,S/D,S/D,0
47E214D2,SANTO DOMINGO,LIMA,HUARAL,gfs,pp,20260909,20261008,"00Z,12Z",D1,6h,-0.001,0.077,-0.115,234,0.0,1.0,0.0,16,S/D,S/D,S/D,0,S/D,S/D,S/D,0,S/D,S/D,S/D,0
47E214D2,SANTO DOMINGO,LIMA,HUARAL,eta5,pp,20260909,20261008,"00Z,12Z",D1,6h,-0.013,0.059,S/D,188,0.0,S/D,0.0,13,S/D,S/D,S/D,0,S/D,S/D,S/D,0,S/D,S/D,S/D,0
47E214D2,SANTO DOMINGO,LIMA,HUARAL,wrf5,pp,20260909,20261008,"00Z,12Z",D1,6h,-0.014,0.065,0.065,230,0.0,S/D,0.0,16,S/D,S/D,S/D,0,S/D,S/D,S/D,0,S/D,S/D,S/D,0
47E214D2,SANTO DOMINGO,LIMA,HUARAL,mpas15,pp,20260909,20261008,00Z,D1,6h,-0.015,0.065,-0.04,117,0.0,S/D,0.0,8,S/D,S/D,S/D,0,S/D,S/D,S/D,0,S/D,S/D,S/D,0
47E257D8,VICHAYCOCHA,LIMA,HUARAL,ecmwf,pp,20260909,20261008,"00Z,12Z",D1,6h,0.42,0.953,0.285,194,0.75,0.795,0.191,24,1.0,0.857,0.143,4,S/D,1.0,0.0,0,S/D,S/D,S/D,0
47E257D8,VICHAYCOCHA,LIMA,HUARAL,gfs,pp,20260909,20261008,"00Z,12Z",D1,6h,0.714,2.223,0.275,194,0.75,0.788,0.198,24,1.0,0.882,0.118,4,S/D,1.0,0.0,0,S/D,S/D,S/D,0
47E257D8,VICHAYCOCHA,LIMA,HUARAL,eta5,pp,20260909,20261008,"00Z,12Z",D1,6h,0.043,0.376,0.396,156,0.588,0.565,0.333,17,0.333,0.857,0.111,3,S/D,S/D,S/D,0,S/D,S/D,S/D,0
47E257D8,VICHAYCOCHA,LIMA,HUARAL,wrf5,pp,20260909,20261008,"00Z,12Z",D1,6h,0.179,1.11,0.219,190,0.375,0.75,0.176,24,0.5,0.778,0.182,4,S/D,1.0,0.0,0,S/D,S/D,S/D,0
47E257D8,VICHAYCOCHA,LIMA,HUARAL,mpas15,pp,20260909,20261008,00Z,D1,6h,0.525,1.306,0.217,97,0.583,0.759,0.206,12,1.0,0.905,0.095,2,S/D,1.0,0.0,0,S/D,S/D,S/D,0
472D73C2,CASAPALCA,LIMA,HUAROCHIRI,ecmwf,pp,20260909,20261008,"00Z,12Z",D1,6h,0.208,0.841,0.508,236,0.875,0.593,0.385,40,0.688,0.633,0.314,16,0.0,1.0,0.0,2,S/D,S/D,S/D,0
472D73C2,CASAPALCA,LIMA,HUAROCHIRI,gfs,pp,20260909,20261008,"00Z,12Z",D1,6h,0.44,1.298,0.448,236,0.9,0.67,0.319,40,0.625,0.783,0.192,16,0.0,1.0,0.0,2,S/D,S/D,S/D,0
472D73C2,CASAPALCA,LIMA,HUAROCHIRI,eta5,pp,20260909,20261008,"00Z,12Z",D1,6h,-0.095,0.681,0.57,189,0.697,0.439,0.451,33,0.4,0.333,0.333,15,0.0,S/D,0.0,2,S/D,S/D,S/D,0
472D73C2,CASAPALCA,LIMA,HUAROCHIRI,wrf5,pp,20260909,20261008,"00Z,12Z",D1,6h,0.488,2.569,0.481,233,0.737,0.548,0.389,38,0.667,0.667,0.286,15,0.0,1.0,0.0,2,S/D,1.0,0.0,0
472D73C2,CASAPALCA,LIMA,HUAROCHIRI,mpas15,pp,20260909,20261008,00Z,D1,6h,0.399,1.882,0.38,118,0.7,0.562,0.368,20,0.75,0.727,0.25,8,0.0,1.0,0.0,1,S/D,S/D,S/D,0
472CE45A,MATUCANA,LIMA,HUAROCHIRI,ecmwf,pp,20260909,20261008,"00Z,12Z",D1,6h,0.44,1.016,0.185,236,1.0,0.957,0.043,4,S/D,1.0,0.0,0,S/D,1.0,0.0,0,S/D,S/D,S/D,0
472CE45A,MATUCANA,LIMA,HUAROCHIRI,gfs,pp,20260909,20261008,"00Z,12Z",D1,6h,0.193,0.538,0.207,236,1.0,0.948,0.052,4,S/D,1.0,0.0,0,S/D,S/D,S/D,0,S/D,S/D,S/D,0
472CE45A,MATUCANA,LIMA,HUAROCHIRI,eta5,pp,20260909,20261008,"00Z,12Z",D1,6h,0.033,0.211,0.1,189,0.333,0.917,0.071,3,S/D,1.0,0.0,0,S/D,S/D,S/D,0,S/D,S/D,S/D,0
472CE45A,MATUCANA,LIMA,HUAROCHIRI,wrf5,pp,20260909,20261008,"00Z,12Z",D1,6h,0.084,0.514,0.344,233,0.5,0.875,0.111,4,S/D,1.0,0.0,0,S/D,S/D,S/D,0,S/D,S/D,S/D,0
472CE45A,MATUCANA,LIMA,HUAROCHIRI,mpas15,pp,20260909,20261008,00Z,D1,6h,0.469,1.219,0.215,118,1.0,0.929,0.071,2,S/D,1.0,0.0,0,S/D,1.0,0.0,0,S/D,S/D,S/D,0
212700,PUENTE ANTAPUCRO,LIMA,HUAROCHIRI,ecmwf,pp,20260909,20261008,"00Z,12Z",D1,6h,S/D,S/D,S/D,0,S/D,S/D,S/D,0,S/D,S/D,S/D,0,S/D,S/D,S/D,0,S/D,S/D,S/D,0
212700,PUENTE ANTAPUCRO,LIMA,HUAROCHIRI,gfs,pp,20260909,20261008,"00Z,12Z",D1,6h,S/D,S/D,S/D,0,S/D,S/D,S/D,0,S/D,S/D,S/D,0,S/D,S/D,S/D,0,S/D,S/D,S/D,0
212700,PUENTE ANTAPUCRO,LIMA,HUAROCHIRI,eta5,pp,20260909,20261008,"00Z,12Z",D1,6h,S/D,S/D,S/D,0,S/D,S/D,S/D,0,S/D,S/D,S/D,0,S/D,S/D,S/D,0,S/D,S/D,S/D,0
212700,PUENTE ANTAPUCRO,LIMA,HUAROCHIRI,wrf5,pp,20260909,20261008,"00Z,12Z",D1,6h,S/D,S/D,S/D,0,S/D,S/D,S/D,0,S/D,S/D,S/D,0,S/D,S/D,S/D,0,S/D,S/D,S/D,0
212700,PUENTE ANTAPUCRO,LIMA,HUAROCHIRI,mpas15,pp,20260909,20261008,00Z,D1,6h,S/D,S/D,S/D,0,S/D,S/D,S/D,0,S/D,S/D,S/D,0,S/D,S/D,S/D,0,S/D,S/D,S/D,0
212605,SAN MATEO ,LIMA,HUAROCHIRI,ecmwf,pp,20260909,20261008,"00Z,12Z",D1,6h,S/D,S/D,S/D,0,S/D,S/D,S/D,0,S/D,S/D,S/D,0,S/D,S/D,S/D,0,S/D,S/D,S/D,0
212605,SAN MATEO ,LIMA,HUAROCHIRI,gfs,pp,20260909,20261008,"00Z,12Z",D1,6h,S/D,S/D,S/D,0,S/D,S/D,S/D,0,S/D,S/D,S/D,0,S/D,S/D,S/D,0,S/D,S/D,S/D,0
212605,SAN MATEO ,LIMA,HUAROCHIRI,eta5,pp,20260909,20261008,"00Z,12Z",D1,6h,S/D,S/D,S/D,0,S/D,S/D,S/D,0,S/D,S/D,S/D,0,S/D,S/D,S/D,0,S/D,S/D,S/D,0
212605,SAN MATEO ,LIMA,HUAROCHIRI,wrf5,pp,20260909,20261008,"00Z,12Z",D1,6h,S/D,S/D,S/D,0,S/D,S/D,S/D,0,S/D,S/D,S/D,0,S/D,S/D,S/D,0,S/D,S/D,S/D,0
212605,SAN MATEO ,LIMA,HUAROCHIRI,mpas15,pp,20260909,20261008,00Z,D1,6h,S/D,S/D,S/D,0,S/D,S/D,S/D,0,S/D,S/D,S/D,0,S/D,S/D,S/D,0,S/D,S/D,S/D,0
472EC742,SAN MATEO DE OTAO,LIMA,HUAROCHIRI,ecmwf,pp,20260909,20261008,"00Z,12Z",D1,6h,0.446,1.023,S/D,236,S/D,1.0,0.0,0,S/D,1.0,0.0,0,S/D,1.0,0.0,0,S/D,S/D,S/D,0
472EC742,SAN MATEO DE OTAO,LIMA,HUAROCHIRI,gfs,pp,20260909,20261008,"00Z,12Z",D1,6h,0.199,0.54,S/D,236,S/D,1.0,0.0,0,S/D,1.0,0.0,0,S/D,S/D,S/D,0,S/D,S/D,S/D,0
472EC742,SAN MATEO DE OTAO,LIMA,HUAROCHIRI,eta5,pp,20260909,20261008,"00Z,12Z",D1,6h,0.002,0.013,S/D,189,S/D,1.0,0.0,0,S/D,S/D,S/D,0,S/D,S/D,S/D,0,S/D,S/D,S/D,0
472EC742,SAN MATEO DE OTAO,LIMA,HUAROCHIRI,wrf5,pp,20260909,20261008,"00Z,12Z",D1,6h,0.001,0.007,S/D,233,S/D,S/D,S/D,0,S/D,S/D,S/D,0,S/D,S/D,S/D,0,S/D,S/D,S/D,0
472EC742,SAN MATEO DE OTAO,LIMA,HUAROCHIRI,mpas15,pp,20260909,20261008,00Z,D1,6h,0.0,0.0,S/D,118,S/D,S/D,S/D,0,S/D,S/D,S/D,0,S/D,S/D,S/D,0,S/D,S/D,S/D,0
472E24B0,SANTA EULALIA,LIMA,HUAROCHIRI,ecmwf,pp,20260909,20261008,"00Z,12Z",D1,6h,0.005,0.015,S/D,170,S/D,S/D,S/D,0,S/D,S/D,S/D,0,S/D,S/D,S/D,0,S/D,S/D,S/D,0
472E24B0,SANTA EULALIA,LIMA,HUAROCHIRI,gfs,pp,20260909,20261008,"00Z,12Z",D1,6h,0.0,0.0,S/D,170,S/D,S/D,S/D,0,S/D,S/D,S/D,0,S/D,S/D,S/D,0,S/D,S/D,S/D,0
472E24B0,SANTA EULALIA,LIMA,HUAROCHIRI,eta5,pp,20260909,20261008,"00Z,12Z",D1,6h,0.0,0.001,S/D,134,S/D,S/D,S/D,0,S/D,S/D,S/D,0,S/D,S/D,S/D,0,S/D,S/D,S/D,0
472E24B0,SANTA EULALIA,LIMA,HUAROCHIRI,wrf5,pp,20260909,20261008,"00Z,12Z",D1,6h,0.0,0.001,S/D,167,S/D,S/D,S/D,0,S/D,S/D,S/D,0,S/D,S/D,S/D,0,S/D,S/D,S/D,0
472E24B0,SANTA EULALIA,LIMA,HUAROCHIRI,mpas15,pp,20260909,20261008,00Z,D1,6h,0.0,0.0,S/D,85,S/D,S/D,S/D,0,S/D,S/D,S/D,0,S/D,S/D,S/D,0,S/D,S/D,S/D,0
472CA750,SANTIAGO DE TUNA,LIMA,HUAROCHIRI,ecmwf,pp,20260909,20261008,"00Z,12Z",D1,6h,0.14,0.478,S/D,236,S/D,1.0,0.0,0,S/D,1.0,0.0,0,S/D,S/D,S/D,0,S/D,S/D,S/D,0
472CA750,SANTIAGO DE TUNA,LIMA,HUAROCHIRI,gfs,pp,20260909,20261008,"00Z,12Z",D1,6h,0.047,0.129,S/D,236,S/D,1.0,0.0,0,S/D,1.0,0.0,0,S/D,S/D,S/D,0,S/D,S/D,S/D,0
472CA750,SANTIAGO DE TUNA,LIMA,HUAROCHIRI,eta5,pp,20260909,20261008,"00Z,12Z",D1,6h,0.001,0.005,S/D,189,S/D,S/D,S/D,0,S/D,S/D,S/D,0,S/D,S/D,S/D,0,S/D,S/D,S/D,0
472CA750,SANTIAGO DE TUNA,LIMA,HUAROCHIRI,wrf5,pp,20260909,20261008,"00Z,12Z",D1,6h,0.002,0.01,S/D,233,S/D,1.0,0.0,0,S/D,S/D,S/D,0,S/D,S/D,S/D,0,S/D,S/D,S/D,0
472CA750,SANTIAGO DE TUNA,LIMA,HUAROCHIRI,mpas15,pp,20260909,20261008,00Z,D1,6h,0.034,0.184,S/D,118,S/D,1.0,0.0,0,S/D,1.0,0.0,0,S/D,S/D,S/D,0,S/D,S/D,S/D,0
4724966C,SAYAN,LIMA,HUAURA,ecmwf,pp,20260909,20261008,"00Z,12Z",D1,6h,0.017,0.049,S/D,236,S/D,1.0,0.0,0,S/D,S/D,S/D,0,S/D,S/D,S/D,0,S/D,S/D,S/D,0
4724966C,SAYAN,LIMA,HUAURA,gfs,pp,20260909,20261008,"00Z,12Z",D1,6h,0.003,0.013,S/D,236,S/D,S/D,S/D,0,S/D,S/D,S/D,0,S/D,S/D,S/D,0,S/D,S/D,S/D,0
4724966C,SAYAN,LIMA,HUAURA,eta5,pp,20260909,20261008,"00Z,12Z",D1,6h,0.0,0.0,S/D,190,S/D,S/D,S/D,0,S/D,S/D,S/D,0,S/D,S/D,S/D,0,S/D,S/D,S/D,0
4724966C,SAYAN,LIMA,HUAURA,wrf5,pp,20260909,20261008,"00Z,12Z",D1,6h,0.0,0.001,S/D,232,S/D,S/D,S/D,0,S/D,S/D,S/D,0,S/D,S/D,S/D,0,S/D,S/D,S/D,0
4724966C,SAYAN,LIMA,HUAURA,mpas15,pp,20260909,20261008,00Z,D1,6h,0.0,0.0,S/D,118,S/D,S/D,S/D,0,S/D,S/D,S/D,0,S/D,S/D,S/D,0,S/D,S/D,S/D,0
212500,AGUA AZUL BOCATOMA,LIMA,LIMA,ecmwf,pp,20260909,20261008,"00Z,12Z",D1,6h,S/D,S/D,S/D,0,S/D,S/D,S/D,0,S/D,S/D,S/D,0,S/D,S/D,S/D,0,S/D,S/D,S/D,0
212500,AGUA AZUL BOCATOMA,LIMA,LIMA,gfs,pp,20260909,20261008,"00Z,12Z",D1,6h,S/D,S/D,S/D,0,S/D,S/D,S/D,0,S/D,S/D,S/D,0,S/D,S/D,S/D,0,S/D,S/D,S/D,0
212500,AGUA AZUL BOCATOMA,LIMA,LIMA,eta5,pp,20260909,20261008,"00Z,12Z",D1,6h,S/D,S/D,S/D,0,S/D,S/D,S/D,0,S/D,S/D,S/D,0,S/D,S/D,S/D,0,S/D,S/D,S/D,0
212500,AGUA AZUL BOCATOMA,LIMA,LIMA,wrf5,pp,20260909,20261008,"00Z,12Z",D1,6h,S/D,S/D,S/D,0,S/D,S/D,S/D,0,S/D,S/D,S/D,0,S/D,S/D,S/D,0,S/D,S/D,S/D,0
212500,AGUA AZUL BOCATOMA,LIMA,LIMA,mpas15,pp,20260909,20261008,00Z,D1,6h,S/D,S/D,S/D,0,S/D,S/D,S/D,0,S/D,S/D,S/D,0,S/D,S/D,S/D,0,S/D,S/D,S/D,0
472A218A,ANTONIO RAYMONDI,LIMA,LIMA,ecmwf,pp,20260909,20261008,"00Z,12Z",D1,6h,0.01,0.026,S/D,232,S/D,1.0,0.0,0,S/D,S/D,S/D,0,S/D,S/D,S/D,0,S/D,S/D,S/D,0
472A218A,ANTONIO RAYMONDI,LIMA,LIMA,gfs,pp,20260909,20261008,"00Z,12Z",D1,6h,0.032,0.062,S/D,232,S/D,1.0,0.0,0,S/D,S/D,S/D,0,S/D,S/D,S/D,0,S/D,S/D,S/D,0
472A218A,ANTONIO RAYMONDI,LIMA,LIMA,eta5,pp,20260909,20261008,"00Z,12Z",D1,6h,0.035,0.077,S/D,187,S/D,1.0,0.0,0,S/D,S/D,S/D,0,S/D,S/D,S/D,0,S/D,S/D,S/D,0
472A218A,ANTONIO RAYMONDI,LIMA,LIMA,wrf5,pp,20260909,20261008,"00Z,12Z",D1,6h,0.005,0.024,S/D,228,S/D,1.0,0.0,0,S/D,S/D,S/D,0,S/D,S/D,S/D,0,S/D,S/D,S/D,0
472A218A,ANTONIO RAYMONDI,LIMA,LIMA,mpas15,pp,20260909,20261008,00Z,D1,6h,0.017,0.114,S/D,116,S/D,1.0,0.0,0,S/D,1.0,0.0,0,S/D,S/D,S/D,0,S/D,S/D,S/D,0
112181,CAMPO DE MARTE,LIMA,LIMA,ecmwf,pp,20260909,20261008,"00Z,12Z",D1,6h,0.047,0.143,0.245,190,0.625,0.815,0.167,8,S/D,1.0,0.0,0,S/D,S/D,S/D,0,S/D,S/D,S/D,0
112181,CAMPO DE MARTE,LIMA,LIMA,gfs,pp,20260909,20261008,"00Z,12Z",D1,6h,-0.0,0.055,0.138,190,0.125,0.667,0.1,8,S/D,S/D,S/D,0,S/D,S/D,S/D,0,S/D,S/D,S/D,0
112181,CAMPO DE MARTE,LIMA,LIMA,eta5,pp,20260909,20261008,"00Z,12Z",D1,6h,0.02,0.092,0.11,150,0.25,0.9,0.077,8,S/D,S/D,S/D,0,S/D,S/D,S/D,0,S/D,S/D,S/D,0
112181,CAMPO DE MARTE,LIMA,LIMA,wrf5,pp,20260909,20261008,"00Z,12Z",D1,6h,-0.001,0.056,0.056,186,0.143,0.5,0.125,7,S/D,S/D,S/D,0,S/D,S/D,S/D,0,S/D,S/D,S/D,0
112181,CAMPO DE MARTE,LIMA,LIMA,mpas15,pp,20260909,20261008,00Z,D1,6h,0.011,0.132,-0.139,95,0.0,1.0,0.0,4,S/D,1.0,0.0,0,S/D,S/D,S/D,0,S/D,S/D,S/D,0
111286,CARABAYLLO,LIMA,LIMA,ecmwf,pp,20260909,20261008,"00Z,12Z",D1,6h,S/D,S/D,S/D,0,S/D,S/D,S/D,0,S/D,S/D,S/D,0,S/D,S/D,S/D,0,S/D,S/D,S/D,0
111286,CARABAYLLO,LIMA,LIMA,gfs,pp,20260909,20261008,"00Z,12Z",D1,6h,S/D,S/D,S/D,0,S/D,S/D,S/D,0,S/D,S/D,S/D,0,S/D,S/D,S/D,0,S/D,S/D,S/D,0
111286,CARABAYLLO,LIMA,LIMA,eta5,pp,20260909,20261008,"00Z,12Z",D1,6h,S/D,S/D,S/D,0,S/D,S/D,S/D,0,S/D,S/D,S/D,0,S/D,S/D,S/D,0,S/D,S/D,S/D,0
111286,CARABAYLLO,LIMA,LIMA,wrf5,pp,20260909,20261008,"00Z,12Z",D1,6h,S/D,S/D,S/D,0,S/D,S/D,S/D,0,S/D,S/D,S/D,0,S/D,S/D,S/D,0,S/D,S/D,S/D,0
111286,CARABAYLLO,LIMA,LIMA,mpas15,pp,20260909,20261008,00Z,D1,6h,S/D,S/D,S/D,0,S/D,S/D,S/D,0,S/D,S/D,S/D,0,S/D,S/D,S/D,0,S/D,S/D,S/D,0
112278,CERES,LIMA,LIMA,ecmwf,pp,20260909,20261008,"00Z,12Z",D1,6h,S/D,S/D,S/D,0,S/D,S/D,S/D,0,S/D,S/D,S/D,0,S/D,S/D,S/D,0,S/D,S/D,S/D,0
112278,CERES,LIMA,LIMA,gfs,pp,20260909,20261008,"00Z,12Z",D1,6h,S/D,S/D,S/D,0,S/D,S/D,S/D,0,S/D,S/D,S/D,0,S/D,S/D,S/D,0,S/D,S/D,S/D,0
112278,CERES,LIMA,LIMA,eta5,pp,20260909,20261008,"00Z,12Z",D1,6h,S/D,S/D,S/D,0,S/D,S/D,S/D,0,S/D,S/D,S/D,0,S/D,S/D,S/D,0,S/D,S/D,S/D,0
112278,CERES,LIMA,LIMA,wrf5,pp,20260909,20261008,"00Z,12Z",D1,6h,S/D,S/D,S/D,0,S/D,S/D,S/D,0,S/D,S/D,S/D,0,S/D,S/D,S/D,0,S/D,S/D,S/D,0
112278,CERES,LIMA,LIMA,mpas15,pp,20260909,20261008,00Z,D1,6h,S/D,S/D,S/D,0,S/D,S/D,S/D,0,S/D,S/D,S/D,0,S/D,S/D,S/D,0,S/D,S/D,S/D,0
47278214,CHOSICA,LIMA,LIMA,ecmwf,pp,20260909,20261008,"00Z,12Z",D1,6h,0.0,0.0,S/D,4,S/D,S/D,S/D,0,S/D,S/D,S/D,0,S/D,S/D,S/D,0,S/D,S/D,S/D,0
47278214,CHOSICA,LIMA,LIMA,gfs,pp,20260909,20261008,"00Z,12Z",D1,6h,0.0,0.0,S/D,4,S/D,S/D,S/D,0,S/D,S/D,S/D,0,S/D,S/D,S/D,0,S/D,S/D,S/D,0
47278214,CHOSICA,LIMA,LIMA,eta5,pp,20260909,20261008,"00Z,12Z",D1,6h,0.0,0.0,S/D,3,S/D,S/D,S/D,0,S/D,S/D,S/D,0,S/D,S/D,S/D,0,S/D,S/D,S/D,0
47278214,CHOSICA,LIMA,LIMA,wrf5,pp,20260909,20261008,"00Z,12Z",D1,6h,0.0,0.0,S/D,4,S/D,S/D,S/D,0,S/D,S/D,S/D,0,S/D,S/D,S/D,0,S/D,S/D,S/D,0
47278214,CHOSICA,LIMA,LIMA,mpas15,pp,20260909,20261008,00Z,D1,6h,0.0,0.0,S/D,2,S/D,S/D,S/D,0,S/D,S/D,S/D,0,S/D,S/D,S/D,0,S/D,S/D,S/D,0
112281,LAS PALMAS,LIMA,LIMA,ecmwf,pp,20260909,20261008,"00Z,12Z",D1,6h,0.127,0.222,0.219,240,0.625,0.85,0.138,24,S/D,S/D,S/D,0,S/D,S/D,S/D,0,S/D,S/D,S/D,0
112281,LAS PALMAS,LIMA,LIMA,gfs,pp,20260909,20261008,"00Z,12Z",D1,6h,0.04,0.108,0.158,240,0.375,0.845,0.123,24,S/D,S/D,S/D,0,S/D,S/D,S/D,0,S/D,S/D,S/D,0
112281,LAS PALMAS,LIMA,LIMA,eta5,pp,20260909,20261008,"00Z,12Z",D1,6h,0.048,0.176,0.069,192,0.217,0.878,0.085,23,S/D,S/D,S/D,0,S/D,S/D,S/D,0,S/D,S/D,S/D,0
112281,LAS PALMAS,LIMA,LIMA,wrf5,pp,20260909,20261008,"00Z,12Z",D1,6h,-0.008,0.083,-0.016,236,0.045,0.857,0.036,22,S/D,S/D,S/D,0,S/D,S/D,S/D,0,S/D,S/D,S/D,0
112281,LAS PALMAS,LIMA,LIMA,mpas15,pp,20260909,20261008,00Z,D1,6h,-0.002,0.144,-0.113,120,0.0,1.0,0.0,12,S/D,1.0,0.0,0,S/D,S/D,S/D,0,S/D,S/D,S/D,0
112193,SAN BORJA,LIMA,LIMA,ecmwf,pp,20260909,20261008,"00Z,12Z",D1,6h,0.042,0.116,S/D,166,S/D,1.0,0.0,0,S/D,1.0,0.0,0,S/D,S/D,S/D,0,S/D,S/D,S/D,0
112193,SAN BORJA,LIMA,LIMA,gfs,pp,20260909,20261008,"00Z,12Z",D1,6h,0.012,0.029,S/D,166,S/D,1.0,0.0,0,S/D,S/D,S/D,0,S/D,S/D,S/D,0,S/D,S/D,S/D,0
112193,SAN BORJA,LIMA,LIMA,eta5,pp,20260909,20261008,"00Z,12Z",D1,6h,0.024,0.049,S/D,135,S/D,1.0,0.0,0,S/D,S/D,S/D,0,S/D,S/D,S/D,0,S/D,S/D,S/D,0
112193,SAN BORJA,LIMA,LIMA,wrf5,pp,20260909,20261008,"00Z,12Z",D1,6h,0.012,0.034,S/D,165,S/D,1.0,0.0,0,S/D,S/D,S/D,0,S/D,S/D,S/D,0,S/D,S/D,S/D,0
112193,SAN BORJA,LIMA,LIMA,mpas15,pp,20260909,20261008,00Z,D1,6h,0.03,0.14,S/D,83,S/D,1.0,0.0,0,S/D,S/D,S/D,0,S/D,S/D,S/D,0,S/D,S/D,S/D,0
112267,SAN JUAN DE LURIGANCHO,LIMA,LIMA,ecmwf,pp,20260909,20261008,"00Z,12Z",D1,6h,0.056,0.158,0.061,216,0.0,1.0,0.0,2,S/D,1.0,0.0,0,S/D,S/D,S/D,0,S/D,S/D,S/D,0
112267,SAN JUAN DE LURIGANCHO,LIMA,LIMA,gfs,pp,20260909,20261008,"00Z,12Z",D1,6h,0.007,0.037,0.261,216,1.0,0.333,0.667,2,S/D,S/D,S/D,0,S/D,S/D,S/D,0,S/D,S/D,S/D,0
112267,SAN JUAN DE LURIGANCHO,LIMA,LIMA,eta5,pp,20260909,20261008,"00Z,12Z",D1,6h,0.001,0.033,0.153,172,0.0,S/D,0.0,1,S/D,S/D,S/D,0,S/D,S/D,S/D,0,S/D,S/D,S/D,0
112267,SAN JUAN DE LURIGANCHO,LIMA,LIMA,wrf5,pp,20260909,20261008,"00Z,12Z",D1,6h,0.0,0.031,0.27,212,0.5,0.5,0.333,2,S/D,S/D,S/D,0,S/D,S/D,S/D,0,S/D,S/D,S/D,0
112267,SAN JUAN DE LURIGANCHO,LIMA,LIMA,mpas15,pp,20260909,20261008,00Z,D1,6h,0.019,0.113,0.187,108,1.0,0.8,0.2,1,S/D,1.0,0.0,0,S/D,S/D,S/D,0,S/D,S/D,S/D,0
112265,SAN MARTIN DE PORRES,LIMA,LIMA,ecmwf,pp,20260909,20261008,"00Z,12Z",D1,6h,0.046,0.178,0.096,228,0.0,1.0,0.0,2,0.0,1.0,0.0,2,S/D,S/D,S/D,0,S/D,S/D,S/D,0
112265,SAN MARTIN DE PORRES,LIMA,LIMA,gfs,pp,20260909,20261008,"00Z,12Z",D1,6h,-0.0,0.106,-0.038,228,0.0,1.0,0.0,2,0.0,S/D,0.0,2,S/D,S/D,S/D,0,S/D,S/D,S/D,0
112265,SAN MARTIN DE PORRES,LIMA,LIMA,eta5,pp,20260909,20261008,"00Z,12Z",D1,6h,0.077,0.21,-0.018,182,0.0,1.0,0.0,2,0.0,S/D,0.0,2,S/D,S/D,S/D,0,S/D,S/D,S/D,0
112265,SAN MARTIN DE PORRES,LIMA,LIMA,wrf5,pp,20260909,20261008,"00Z,12Z",D1,6h,-0.006,0.104,-0.039,225,0.0,S/D,0.0,2,0.0,S/D,0.0,2,S/D,S/D,S/D,0,S/D,S/D,S/D,0
112265,SAN MARTIN DE PORRES,LIMA,LIMA,mpas15,pp,20260909,20261008,00Z,D1,6h,0.021,0.183,-0.068,114,0.0,1.0,0.0,1,0.0,1.0,0.0,1,S/D,S/D,S/D,0,S/D,S/D,S/D,0
112208,SANTA ANITA,LIMA,LIMA,ecmwf,pp,20260909,20261008,"00Z,12Z",D1,6h,S/D,S/D,S/D,0,S/D,S/D,S/D,0,S/D,S/D,S/D,0,S/D,S/D,S/D,0,S/D,S/D,S/D,0
112208,SANTA ANITA,LIMA,LIMA,gfs,pp,20260909,20261008,"00Z,12Z",D1,6h,S/D,S/D,S/D,0,S/D,S/D,S/D,0,S/D,S/D,S/D,0,S/D,S/D,S/D,0,S/D,S/D,S/D,0
112208,SANTA ANITA,LIMA,LIMA,eta5,pp,20260909,20261008,"00Z,12Z",D1,6h,S/D,S/D,S/D,0,S/D,S/D,S/D,0,S/D,S/D,S/D,0,S/D,S/D,S/D,0,S/D,S/D,S/D,0
112208,SANTA ANITA,LIMA,LIMA,wrf5,pp,20260909,20261008,"00Z,12Z",D1,6h,S/D,S/D,S/D,0,S/D,S/D,S/D,0,S/D,S/D,S/D,0,S/D,S/D,S/D,0,S/D,S/D,S/D,0
112208,SANTA ANITA,LIMA,LIMA,mpas15,pp,20260909,20261008,00Z,D1,6h,S/D,S/D,S/D,0,S/D,S/D,S/D,0,S/D,S/D,S/D,0,S/D,S/D,S/D,0,S/D,S/D,S/D,0
472AC278,VON HUMBOLDT,LIMA,LIMA,ecmwf,pp,20260909,20261008,"00Z,12Z",D1,6h,0.057,0.153,0.045,220,0.0,1.0,0.0,4,S/D,1.0,0.0,0,S/D,S/D,S/D,0,S/D,S/D,S/D,0
472AC278,VON HUMBOLDT,LIMA,LIMA,gfs,pp,20260909,20261008,"00Z,12Z",D1,6h,0.008,0.028,0.153,220,0.5,0.333,0.4,4,S/D,S/D,S/D,0,S/D,S/D,S/D,0,S/D,S/D,S/D,0
472AC278,VON HUMBOLDT,LIMA,LIMA,eta5,pp,20260909,20261008,"00Z,12Z",D1,6h,0.002,0.027,0.07,176,0.0,1.0,0.0,3,S/D,S/D,S/D,0,S/D,S/D,S/D,0,S/D,S/D,S/D,0
472AC278,VON HUMBOLDT,LIMA,LIMA,wrf5,pp,20260909,20261008,"00Z,12Z",D1,6h,-0.002,0.02,0.098,216,0.0,S/D,0.0,4,S/D,S/D,S/D,0,S/D,S/D,S/D,0,S/D,S/D,S/D,0
472AC278,VON HUMBOLDT,LIMA,LIMA,mpas15,pp,20260909,20261008,00Z,D1,6h,0.05,0.217,0.073,110,0.5,0.857,0.125,2,S/D,1.0,0.0,0,S/D,S/D,S/D,0,S/D,S/D,S/D,0
111290,ÑAÑA,LIMA,LIMA,ecmwf,pp,20260909,20261008,"00Z,12Z",D1,6h,0.007,0.038,0.318,236,0.417,0.5,0.294,12,S/D,S/D,S/D,0,S/D,S/D,S/D,0,S/D,S/D,S/D,0
111290,ÑAÑA,LIMA,LIMA,gfs,pp,20260909,20261008,"00Z,12Z",D1,6h,-0.007,0.035,-0.015,236,0.0,S/D,0.0,12,S/D,S/D,S/D,0,S/D,S/D,S/D,0,S/D,S/D,S/D,0
111290,ÑAÑA,LIMA,LIMA,eta5,pp,20260909,20261008,"00Z,12Z",D1,6h,-0.008,0.038,S/D,189,0.0,S/D,0.0,11,S/D,S/D,S/D,0,S/D,S/D,S/D,0,S/D,S/D,S/D,0
111290,ÑAÑA,LIMA,LIMA,wrf5,pp,20260909,20261008,"00Z,12Z",D1,6h,-0.007,0.035,0.113,233,0.0,S/D,0.0,12,S/D,S/D,S/D,0,S/D,S/D,S/D,0,S/D,S/D,S/D,0
111290,ÑAÑA,LIMA,LIMA,mpas15,pp,20260909,20261008,00Z,D1,6h,0.036,0.188,0.123,118,0.5,0.571,0.3,6,S/D,1.0,0.0,0,S/D,S/D,S/D,0,S/D,S/D,S/D,0
110139,PICOY,LIMA,OYON,ecmwf,pp,20260909,20261008,"00Z,12Z",D1,6h,0.565,1.154,S/D,236,S/D,1.0,0.0,0,S/D,1.0,0.0,0,S/D,1.0,0.0,0,S/D,S/D,S/D,0
110139,PICOY,LIMA,OYON,gfs,pp,20260909,20261008,"00Z,12Z",D1,6h,0.489,1.163,S/D,236,S/D,1.0,0.0,0,S/D,1.0,0.0,0,S/D,1.0,0.0,0,S/D,S/D,S/D,0
110139,PICOY,LIMA,OYON,eta5,pp,20260909,20261008,"00Z,12Z",D1,6h,1.12,2.454,S/D,189,S/D,1.0,0.0,0,S/D,1.0,0.0,0,S/D,1.0,0.0,0,S/D,S/D,S/D,0
110139,PICOY,LIMA,OYON,wrf5,pp,20260909,20261008,"00Z,12Z",D1,6h,0.139,0.596,S/D,233,S/D,1.0,0.0,0,S/D,1.0,0.0,0,S/D,S/D,S/D,0,S/D,S/D,S/D,0
110139,PICOY,LIMA,OYON,mpas15,pp,20260909,20261008,00Z,D1,6h,0.487,1.299,S/D,118,S/D,1.0,0.0,0,S/D,1.0,0.0,0,S/D,1.0,0.0,0,S/D,S/D,S/D,0
472364DC,CARANIA,LIMA,YAUYOS,ecmwf,pp,20260909,20261008,"00Z,12Z",D1,6h,0.264,0.931,0.289,226,0.9,0.864,0.134,10,0.5,0.87,0.115,6,S/D,1.0,0.0,0,S/D,S/D,S/D,0
472364DC,CARANIA,LIMA,YAUYOS,gfs,pp,20260909,20261008,"00Z,12Z",D1,6h,0.425,1.137,0.301,226,1.0,0.9,0.1,10,0.5,0.909,0.083,6,S/D,1.0,0.0,0,S/D,S/D,S/D,0
472364DC,CARANIA,LIMA,YAUYOS,eta5,pp,20260909,20261008,"00Z,12Z",D1,6h,0.107,0.68,0.35,182,0.8,0.704,0.276,10,0.167,0.917,0.059,6,S/D,1.0,0.0,0,S/D,S/D,S/D,0
472364DC,CARANIA,LIMA,YAUYOS,wrf5,pp,20260909,20261008,"00Z,12Z",D1,6h,0.026,0.543,0.208,222,0.556,0.821,0.156,9,0.0,1.0,0.0,5,S/D,S/D,S/D,0,S/D,S/D,S/D,0
472364DC,CARANIA,LIMA,YAUYOS,mpas15,pp,20260909,20261008,00Z,D1,6h,0.339,1.12,0.289,113,0.8,0.84,0.154,5,0.667,0.867,0.125,3,S/D,1.0,0.0,0,S/D,S/D,S/D,0
104112,SAN REGIS,LORETO,LORETO,ecmwf,pp,20260909,20261008,"00Z,12Z",D1,6h,0.706,2.627,0.365,54,1.0,0.8,0.2,4,0.5,0.75,0.2,4,1.0,0.6,0.4,2,S/D,S/D,S/D,0
104112,SAN REGIS,LORETO,LORETO,gfs,pp,20260909,20261008,"00Z,12Z",D1,6h,0.298,1.735,0.236,54,0.5,0.846,0.133,4,0.5,0.75,0.2,4,0.0,1.0,0.0,2,S/D,S/D,S/D,0
104112,SAN REGIS,LORETO,LORETO,eta5,pp,20260909,20261008,"00Z,12Z",D1,6h,1.939,4.822,0.267,48,1.0,0.8,0.2,4,0.75,0.812,0.176,4,0.0,1.0,0.0,2,S/D,S/D,S/D,0
104112,SAN REGIS,LORETO,LORETO,wrf5,pp,20260909,20261008,"00Z,12Z",D1,6h,0.211,2.302,0.045,53,0.333,0.909,0.077,3,0.0,1.0,0.0,3,0.0,1.0,0.0,2,S/D,S/D,S/D,0
104112,SAN REGIS,LORETO,LORETO,mpas15,pp,20260909,20261008,00Z,D1,6h,0.811,1.755,0.384,27,1.0,0.778,0.222,2,1.0,0.714,0.286,2,1.0,0.5,0.5,1,S/D,S/D,S/D,0
4727547C,CABALLOCOCHA,LORETO,MARISCAL RAMON CASTILLA,ecmwf,pp,20260909,20261008,"00Z,12Z",D1,6h,S/D,S/D,S/D,0,S/D,S/D,S/D,0,S/D,S/D,S/D,0,S/D,S/D,S/D,0,S/D,S/D,S/D,0
4727547C,CABALLOCOCHA,LORETO,MARISCAL RAMON CASTILLA,gfs,pp,20260909,20261008,"00Z,12Z",D1,6h,S/D,S/D,S/D,0,S/D,S/D,S/D,0,S/D,S/D,S/D,0,S/D,S/D,S/D,0,S/D,S/D,S/D,0
4727547C,CABALLOCOCHA,LORETO,MARISCAL RAMON CASTILLA,eta5,pp,20260909,20261008,"00Z,12Z",D1,6h,S/D,S/D,S/D,0,S/D,S/D,S/D,0,S/D,S/D,S/D,0,S/D,S/D,S/D,0,S/D,S/D,S/D,0
4727547C,CABALLOCOCHA,LORETO,MARISCAL RAMON CASTILLA,wrf5,pp,20260909,20261008,"00Z,12Z",D1,6h,S/D,S/D,S/D,0,S/D,S/D,S/D,0,S/D,S/D,S/D,0,S/D,S/D,S/D,0,S/D,S/D,S/D,0
4727547C,CABALLOCOCHA,LORETO,MARISCAL RAMON CASTILLA,mpas15,pp,20260909,20261008,00Z,D1,6h,S/D,S/D,S/D,0,S/D,S/D,S/D,0,S/D,S/D,S/D,0,S/D,S/D,S/D,0,S/D,S/D,S/D,0
47288486,PEBAS,LORETO,MARISCAL RAMON CASTILLA,ecmwf,pp,20260909,20261008,"00Z,12Z",D1,6h,S/D,S/D,S/D,0,S/D,S/D,S/D,0,S/D,S/D,S/D,0,S/D,S/D,S/D,0,S/D,S/D,S/D,0
47288486,PEBAS,LORETO,MARISCAL RAMON CASTILLA,gfs,pp,20260909,20261008,"00Z,12Z",D1,6h,S/D,S/D,S/D,0,S/D,S/D,S/D,0,S/D,S/D,S/D,0,S/D,S/D,S/D,0,S/D,S/D,S/D,0
47288486,PEBAS,LORETO,MARISCAL RAMON CASTILLA,eta5,pp,20260909,20261008,"00Z,12Z",D1,6h,S/D,S/D,S/D,0,S/D,S/D,S/D,0,S/D,S/D,S/D,0,S/D,S/D,S/D,0,S/D,S/D,S/D,0
47288486,PEBAS,LORETO,MARISCAL RAMON CASTILLA,wrf5,pp,20260909,20261008,"00Z,12Z",D1,6h,S/D,S/D,S/D,0,S/D,S/D,S/D,0,S/D,S/D,S/D,0,S/D,S/D,S/D,0,S/D,S/D,S/D,0
47288486,PEBAS,LORETO,MARISCAL RAMON CASTILLA,mpas15,pp,20260909,20261008,00Z,D1,6h,S/D,S/D,S/D,0,S/D,S/D,S/D,0,S/D,S/D,S/D,0,S/D,S/D,S/D,0,S/D,S/D,S/D,0
103065,AMAZONAS,LORETO,MAYNAS,ecmwf,pp,20260909,20261008,"00Z,12Z",D1,6h,S/D,S/D,S/D,0,S/D,S/D,S/D,0,S/D,S/D,S/D,0,S/D,S/D,S/D,0,S/D,S/D,S/D,0
103065,AMAZONAS,LORETO,MAYNAS,gfs,pp,20260909,20261008,"00Z,12Z",D1,6h,S/D,S/D,S/D,0,S/D,S/D,S/D,0,S/D,S/D,S/D,0,S/D,S/D,S/D,0,S/D,S/D,S/D,0
103065,AMAZONAS,LORETO,MAYNAS,eta5,pp,20260909,20261008,"00Z,12Z",D1,6h,S/D,S/D,S/D,0,S/D,S/D,S/D,0,S/D,S/D,S/D,0,S/D,S/D,S/D,0,S/D,S/D,S/D,0
103065,AMAZONAS,LORETO,MAYNAS,wrf5,pp,20260909,20261008,"00Z,12Z",D1,6h,S/D,S/D,S/D,0,S/D,S/D,S/D,0,S/D,S/D,S/D,0,S/D,S/D,S/D,0,S/D,S/D,S/D,0
103065,AMAZONAS,LORETO,MAYNAS,mpas15,pp,20260909,20261008,00Z,D1,6h,S/D,S/D,S/D,0,S/D,S/D,S/D,0,S/D,S/D,S/D,0,S/D,S/D,S/D,0,S/D,S/D,S/D,0
47252718,ENAPU PERU,LORETO,MAYNAS,ecmwf,pp,20260909,20261008,"00Z,12Z",D1,6h,0.356,2.939,0.123,230,0.615,0.875,0.116,26,0.545,0.803,0.169,22,0.167,0.75,0.111,12,S/D,S/D,S/D,0
47252718,ENAPU PERU,LORETO,MAYNAS,gfs,pp,20260909,20261008,"00Z,12Z",D1,6h,0.161,3.946,0.16,230,0.538,0.835,0.144,26,0.364,0.778,0.16,22,0.167,0.8,0.1,12,S/D,1.0,0.0,0
47252718,ENAPU PERU,LORETO,MAYNAS,eta5,pp,20260909,20261008,"00Z,12Z",D1,6h,0.992,3.975,0.092,186,0.55,0.845,0.138,20,0.438,0.873,0.109,16,0.222,0.923,0.061,9,S/D,S/D,S/D,0
47252718,ENAPU PERU,LORETO,MAYNAS,wrf5,pp,20260909,20261008,"00Z,12Z",D1,6h,0.204,3.861,0.153,226,0.462,0.793,0.167,26,0.273,0.8,0.13,22,0.083,0.9,0.048,12,S/D,1.0,0.0,0
47252718,ENAPU PERU,LORETO,MAYNAS,mpas15,pp,20260909,20261008,00Z,D1,6h,0.409,2.917,-0.005,115,0.462,0.891,0.097,13,0.364,0.897,0.087,11,0.167,0.857,0.083,6,S/D,S/D,S/D,0
47287402,CONTAMANA,LORETO,UCAYALI,ecmwf,pp,20260909,20261008,"00Z,12Z",D1,6h,S/D,S/D,S/D,0,S/D,S/D,S/D,0,S/D,S/D,S/D,0,S/D,S/D,S/D,0,S/D,S/D,S/D,0
47287402,CONTAMANA,LORETO,UCAYALI,gfs,pp,20260909,20261008,"00Z,12Z",D1,6h,S/D,S/D,S/D,0,S/D,S/D,S/D,0,S/D,S/D,S/D,0,S/D,S/D,S/D,0,S/D,S/D,S/D,0
47287402,CONTAMANA,LORETO,UCAYALI,eta5,pp,20260909,20261008,"00Z,12Z",D1,6h,S/D,S/D,S/D,0,S/D,S/D,S/D,0,S/D,S/D,S/D,0,S/D,S/D,S/D,0,S/D,S/D,S/D,0
47287402,CONTAMANA,LORETO,UCAYALI,wrf5,pp,20260909,20261008,"00Z,12Z",D1,6h,S/D,S/D,S/D,0,S/D,S/D,S/D,0,S/D,S/D,S/D,0,S/D,S/D,S/D,0,S/D,S/D,S/D,0
47287402,CONTAMANA,LORETO,UCAYALI,mpas15,pp,20260909,20261008,00Z,D1,6h,S/D,S/D,S/D,0,S/D,S/D,S/D,0,S/D,S/D,S/D,0,S/D,S/D,S/D,0,S/D,S/D,S/D,0
47E8201A,SALVACION,MADRE DE DIOS,MANU,ecmwf,pp,20260909,20261008,"00Z,12Z",D1,6h,-0.794,7.785,0.245,234,0.793,0.669,0.305,58,0.472,0.746,0.198,36,0.25,0.545,0.192,20,0.0,1.0,0.0,6
47E8201A,SALVACION,MADRE DE DIOS,MANU,gfs,pp,20260909,20261008,"00Z,12Z",D1,6h,-1.159,7.514,0.273,234,0.621,0.66,0.281,58,0.333,0.755,0.164,36,0.15,0.667,0.115,20,0.0,S/D,0.0,6
47E8201A,SALVACION,MADRE DE DIOS,MANU,eta5,pp,20260909,20261008,"00Z,12Z",D1,6h,-0.14,8.444,0.273,188,0.72,0.687,0.279,50,0.667,0.732,0.237,33,0.389,0.731,0.189,18,0.0,S/D,0.0,6
47E8201A,SALVACION,MADRE DE DIOS,MANU,wrf5,pp,20260909,20261008,"00Z,12Z",D1,6h,-1.495,7.8,0.266,231,0.429,0.529,0.289,56,0.235,0.636,0.167,34,0.1,0.6,0.087,20,0.0,S/D,0.0,6
47E8201A,SALVACION,MADRE DE DIOS,MANU,mpas15,pp,20260909,20261008,00Z,D1,6h,1.241,9.947,0.123,117,0.655,0.736,0.232,29,0.667,0.815,0.169,18,0.2,0.909,0.067,10,0.0,1.0,0.0,3
472587E0,IÑAPARI,MADRE DE DIOS,TAHUAMANU,ecmwf,pp,20260909,20261008,"00Z,12Z",D1,6h,0.378,2.204,0.29,224,0.8,0.833,0.16,20,0.7,0.806,0.179,10,0.6,0.571,0.333,10,S/D,S/D,S/D,0
472587E0,IÑAPARI,MADRE DE DIOS,TAHUAMANU,gfs,pp,20260909,20261008,"00Z,12Z",D1,6h,-0.238,2.081,0.327,224,0.55,0.756,0.204,20,0.6,0.667,0.273,10,0.3,0.0,0.3,10,S/D,S/D,S/D,0
472587E0,IÑAPARI,MADRE DE DIOS,TAHUAMANU,eta5,pp,20260909,20261008,"00Z,12Z",D1,6h,0.204,3.097,0.419,180,0.737,0.659,0.304,19,0.8,0.733,0.25,10,0.4,0.5,0.286,10,S/D,1.0,0.0,0
472587E0,IÑAPARI,MADRE DE DIOS,TAHUAMANU,wrf5,pp,20260909,20261008,"00Z,12Z",D1,6h,-0.48,2.655,0.286,220,0.25,0.688,0.161,20,0.1,0.8,0.071,10,0.0,S/D,0.0,10,S/D,S/D,S/D,0
472587E0,IÑAPARI,MADRE DE DIOS,TAHUAMANU,mpas15,pp,20260909,20261008,00Z,D1,6h,0.461,2.293,0.376,112,0.8,0.765,0.222,10,1.0,0.828,0.172,5,0.4,0.6,0.25,5,S/D,S/D,S/D,0
260403,CACHUELA,MADRE DE DIOS,TAMBOPATA,ecmwf,pp,20260909,20261008,"00Z,12Z",D1,6h,0.703,2.475,0.326,234,1.0,0.892,0.108,12,0.75,0.914,0.083,4,0.0,1.0,0.0,2,S/D,S/D,S/D,0
260403,CACHUELA,MADRE DE DIOS,TAMBOPATA,gfs,pp,20260909,20261008,"00Z,12Z",D1,6h,0.505,3.609,0.298,234,0.833,0.836,0.159,12,0.75,0.87,0.125,4,0.5,0.75,0.2,2,S/D,1.0,0.0,0
260403,CACHUELA,MADRE DE DIOS,TAMBOPATA,eta5,pp,20260909,20261008,"00Z,12Z",D1,6h,0.617,2.226,0.21,188,0.556,0.861,0.125,9,1.0,0.92,0.08,2,0.0,1.0,0.0,1,S/D,S/D,S/D,0
260403,CACHUELA,MADRE DE DIOS,TAMBOPATA,wrf5,pp,20260909,20261008,"00Z,12Z",D1,6h,0.304,3.019,0.14,231,0.333,0.826,0.129,12,0.5,0.714,0.222,4,0.0,1.0,0.0,2,S/D,1.0,0.0,0
260403,CACHUELA,MADRE DE DIOS,TAMBOPATA,mpas15,pp,20260909,20261008,00Z,D1,6h,1.321,3.291,0.305,117,1.0,0.864,0.136,6,1.0,0.95,0.05,2,0.0,1.0,0.0,1,S/D,S/D,S/D,0
47E8336C,MALINOWSKY,MADRE DE DIOS,TAMBOPATA,ecmwf,pp,20260909,20261008,"00Z,12Z",D1,6h,0.713,2.142,0.241,234,0.75,0.897,0.1,16,0.667,0.889,0.105,6,S/D,1.0,0.0,0,S/D,S/D,S/D,0
47E8336C,MALINOWSKY,MADRE DE DIOS,TAMBOPATA,gfs,pp,20260909,20261008,"00Z,12Z",D1,6h,0.562,2.572,0.103,234,0.438,0.868,0.113,16,0.167,0.963,0.031,6,S/D,1.0,0.0,0,S/D,S/D,S/D,0
47E8336C,MALINOWSKY,MADRE DE DIOS,TAMBOPATA,eta5,pp,20260909,20261008,"00Z,12Z",D1,6h,0.992,3.745,0.186,188,0.5,0.81,0.16,16,0.5,0.893,0.097,6,S/D,1.0,0.0,0,S/D,1.0,0.0,0
47E8336C,MALINOWSKY,MADRE DE DIOS,TAMBOPATA,wrf5,pp,20260909,20261008,"00Z,12Z",D1,6h,0.256,3.055,0.072,231,0.188,0.864,0.086,16,0.0,1.0,0.0,6,S/D,1.0,0.0,0,S/D,1.0,0.0,0
47E8336C,MALINOWSKY,MADRE DE DIOS,TAMBOPATA,mpas15,pp,20260909,20261008,00Z,D1,6h,2.132,5.048,0.182,117,0.75,0.882,0.113,8,1.0,0.932,0.068,3,S/D,1.0,0.0,0,S/D,1.0,0.0,0
260402,PUENTE HERRERA,MADRE DE DIOS,TAMBOPATA,ecmwf,pp,20260909,20261008,"00Z,12Z",D1,6h,0.791,2.497,S/D,232,S/D,1.0,0.0,0,S/D,1.0,0.0,0,S/D,1.0,0.0,0,S/D,S/D,S/D,0
260402,PUENTE HERRERA,MADRE DE DIOS,TAMBOPATA,gfs,pp,20260909,20261008,"00Z,12Z",D1,6h,0.58,3.691,S/D,232,S/D,1.0,0.0,0,S/D,1.0,0.0,0,S/D,1.0,0.0,0,S/D,1.0,0.0,0
260402,PUENTE HERRERA,MADRE DE DIOS,TAMBOPATA,eta5,pp,20260909,20261008,"00Z,12Z",D1,6h,0.662,2.262,S/D,186,S/D,1.0,0.0,0,S/D,1.0,0.0,0,S/D,1.0,0.0,0,S/D,S/D,S/D,0
260402,PUENTE HERRERA,MADRE DE DIOS,TAMBOPATA,wrf5,pp,20260909,20261008,"00Z,12Z",D1,6h,0.389,3.04,S/D,229,S/D,1.0,0.0,0,S/D,1.0,0.0,0,S/D,1.0,0.0,0,S/D,1.0,0.0,0
260402,PUENTE HERRERA,MADRE DE DIOS,TAMBOPATA,mpas15,pp,20260909,20261008,00Z,D1,6h,1.414,3.333,S/D,116,S/D,1.0,0.0,0,S/D,1.0,0.0,0,S/D,1.0,0.0,0,S/D,S/D,S/D,0
112279,PUERTO MALDONADO,MADRE DE DIOS,TAMBOPATA,ecmwf,pp,20260909,20261008,"00Z,12Z",D1,6h,0.592,2.97,0.237,238,0.917,0.903,0.096,12,1.0,0.943,0.057,2,0.0,1.0,0.0,2,S/D,S/D,S/D,0
112279,PUERTO MALDONADO,MADRE DE DIOS,TAMBOPATA,gfs,pp,20260909,20261008,"00Z,12Z",D1,6h,0.395,3.759,0.221,238,0.583,0.887,0.104,12,1.0,0.913,0.087,2,0.5,0.75,0.2,2,S/D,1.0,0.0,0
112279,PUERTO MALDONADO,MADRE DE DIOS,TAMBOPATA,eta5,pp,20260909,20261008,"00Z,12Z",D1,6h,0.549,2.621,0.215,191,0.6,0.833,0.15,10,1.0,0.96,0.04,1,0.0,1.0,0.0,1,S/D,S/D,S/D,0
112279,PUERTO MALDONADO,MADRE DE DIOS,TAMBOPATA,wrf5,pp,20260909,20261008,"00Z,12Z",D1,6h,0.296,4.401,0.115,234,0.417,0.75,0.185,12,0.0,1.0,0.0,2,0.0,1.0,0.0,2,S/D,1.0,0.0,0
112279,PUERTO MALDONADO,MADRE DE DIOS,TAMBOPATA,mpas15,pp,20260909,20261008,00Z,D1,6h,1.213,3.722,0.23,119,0.833,0.889,0.109,6,1.0,0.976,0.024,1,0.0,1.0,0.0,1,S/D,S/D,S/D,0
260002,TAMBOPATA,MADRE DE DIOS,TAMBOPATA,ecmwf,pp,20260909,20261008,"00Z,12Z",D1,6h,S/D,S/D,S/D,0,S/D,S/D,S/D,0,S/D,S/D,S/D,0,S/D,S/D,S/D,0,S/D,S/D,S/D,0
260002,TAMBOPATA,MADRE DE DIOS,TAMBOPATA,gfs,pp,20260909,20261008,"00Z,12Z",D1,6h,S/D,S/D,S/D,0,S/D,S/D,S/D,0,S/D,S/D,S/D,0,S/D,S/D,S/D,0,S/D,S/D,S/D,0
260002,TAMBOPATA,MADRE DE DIOS,TAMBOPATA,eta5,pp,20260909,20261008,"00Z,12Z",D1,6h,S/D,S/D,S/D,0,S/D,S/D,S/D,0,S/D,S/D,S/D,0,S/D,S/D,S/D,0,S/D,S/D,S/D,0
260002,TAMBOPATA,MADRE DE DIOS,TAMBOPATA,wrf5,pp,20260909,20261008,"00Z,12Z",D1,6h,S/D,S/D,S/D,0,S/D,S/D,S/D,0,S/D,S/D,S/D,0,S/D,S/D,S/D,0,S/D,S/D,S/D,0
260002,TAMBOPATA,MADRE DE DIOS,TAMBOPATA,mpas15,pp,20260909,20261008,00Z,D1,6h,S/D,S/D,S/D,0,S/D,S/D,S/D,0,S/D,S/D,S/D,0,S/D,S/D,S/D,0,S/D,S/D,S/D,0
4723F1BE,MOQUEGUA,MOQUEGUA,MARISCAL NIETO,ecmwf,pp,20260909,20261008,"00Z,12Z",D1,6h,0.008,0.029,S/D,236,S/D,1.0,0.0,0,S/D,S/D,S/D,0,S/D,S/D,S/D,0,S/D,S/D,S/D,0
4723F1BE,MOQUEGUA,MOQUEGUA,MARISCAL NIETO,gfs,pp,20260909,20261008,"00Z,12Z",D1,6h,0.001,0.006,S/D,236,S/D,S/D,S/D,0,S/D,S/D,S/D,0,S/D,S/D,S/D,0,S/D,S/D,S/D,0
4723F1BE,MOQUEGUA,MOQUEGUA,MARISCAL NIETO,eta5,pp,20260909,20261008,"00Z,12Z",D1,6h,0.0,0.0,S/D,189,S/D,S/D,S/D,0,S/D,S/D,S/D,0,S/D,S/D,S/D,0,S/D,S/D,S/D,0
4723F1BE,MOQUEGUA,MOQUEGUA,MARISCAL NIETO,wrf5,pp,20260909,20261008,"00Z,12Z",D1,6h,0.0,0.002,S/D,232,S/D,S/D,S/D,0,S/D,S/D,S/D,0,S/D,S/D,S/D,0,S/D,S/D,S/D,0
4723F1BE,MOQUEGUA,MOQUEGUA,MARISCAL NIETO,mpas15,pp,20260909,20261008,00Z,D1,6h,0.0,0.0,S/D,118,S/D,S/D,S/D,0,S/D,S/D,S/D,0,S/D,S/D,S/D,0,S/D,S/D,S/D,0
110137,12 DE OCTUBRE,PASCO,DANIEL ALCIDES CARRION,ecmwf,pp,20260909,20261008,"00Z,12Z",D1,6h,0.391,1.394,0.275,234,0.643,0.75,0.22,42,0.583,0.841,0.143,12,0.0,1.0,0.0,2,S/D,S/D,S/D,0
110137,12 DE OCTUBRE,PASCO,DANIEL ALCIDES CARRION,gfs,pp,20260909,20261008,"00Z,12Z",D1,6h,0.907,2.602,0.372,234,0.976,0.747,0.252,42,0.75,0.855,0.138,12,0.0,1.0,0.0,2,S/D,S/D,S/D,0
110137,12 DE OCTUBRE,PASCO,DANIEL ALCIDES CARRION,eta5,pp,20260909,20261008,"00Z,12Z",D1,6h,0.272,1.283,0.398,187,0.778,0.654,0.315,36,0.583,0.767,0.2,12,0.0,1.0,0.0,2,S/D,S/D,S/D,0
110137,12 DE OCTUBRE,PASCO,DANIEL ALCIDES CARRION,wrf5,pp,20260909,20261008,"00Z,12Z",D1,6h,0.38,1.796,0.39,231,0.667,0.556,0.364,42,0.583,0.788,0.184,12,0.0,1.0,0.0,2,S/D,S/D,S/D,0
110137,12 DE OCTUBRE,PASCO,DANIEL ALCIDES CARRION,mpas15,pp,20260909,20261008,00Z,D1,6h,0.896,2.306,0.23,117,0.667,0.702,0.259,21,0.667,0.897,0.098,6,0.0,1.0,0.0,1,S/D,S/D,S/D,0
4725D79C,OXAPAMPA,PASCO,OXAPAMPA,ecmwf,pp,20260909,20261008,"00Z,12Z",D1,6h,0.783,2.751,0.144,236,0.893,0.713,0.278,56,0.692,0.854,0.137,26,0.083,0.875,0.053,12,S/D,S/D,S/D,0
4725D79C,OXAPAMPA,PASCO,OXAPAMPA,gfs,pp,20260909,20261008,"00Z,12Z",D1,6h,1.352,3.134,0.208,236,0.946,0.72,0.276,56,0.846,0.827,0.168,26,0.333,0.857,0.111,12,S/D,S/D,S/D,0
4725D79C,OXAPAMPA,PASCO,OXAPAMPA,eta5,pp,20260909,20261008,"00Z,12Z",D1,6h,-0.541,2.657,-0.008,189,0.298,0.741,0.161,47,0.0,1.0,0.0,23,0.0,1.0,0.0,12,S/D,S/D,S/D,0
4725D79C,OXAPAMPA,PASCO,OXAPAMPA,wrf5,pp,20260909,20261008,"00Z,12Z",D1,6h,-0.056,2.1,0.312,233,0.574,0.603,0.307,54,0.4,0.767,0.172,25,0.167,0.75,0.111,12,S/D,S/D,S/D,0
4725D79C,OXAPAMPA,PASCO,OXAPAMPA,mpas15,pp,20260909,20261008,00Z,D1,6h,0.775,2.972,0.125,118,0.607,0.726,0.233,28,0.538,0.865,0.121,13,0.0,1.0,0.0,6,S/D,S/D,S/D,0
109093,PUERTO BERMUDEZ,PASCO,OXAPAMPA,ecmwf,pp,20260909,20261008,"00Z,12Z",D1,6h,-0.32,9.276,0.309,236,0.879,0.707,0.282,58,0.632,0.718,0.242,38,0.182,0.862,0.085,22,0.0,S/D,0.0,4
109093,PUERTO BERMUDEZ,PASCO,OXAPAMPA,gfs,pp,20260909,20261008,"00Z,12Z",D1,6h,-0.672,9.15,0.204,236,0.724,0.724,0.25,58,0.553,0.75,0.208,38,0.273,0.714,0.162,22,0.0,S/D,0.0,4
109093,PUERTO BERMUDEZ,PASCO,OXAPAMPA,eta5,pp,20260909,20261008,"00Z,12Z",D1,6h,-0.026,9.295,0.22,189,0.647,0.689,0.266,51,0.606,0.765,0.204,33,0.421,0.771,0.174,19,0.0,S/D,0.0,3
109093,PUERTO BERMUDEZ,PASCO,OXAPAMPA,wrf5,pp,20260909,20261008,"00Z,12Z",D1,6h,-1.68,9.154,0.371,233,0.466,0.413,0.351,58,0.211,0.667,0.148,38,0.136,0.571,0.115,22,0.0,1.0,0.0,4
109093,PUERTO BERMUDEZ,PASCO,OXAPAMPA,mpas15,pp,20260909,20261008,00Z,D1,6h,0.279,9.552,0.294,118,0.828,0.657,0.32,29,0.684,0.783,0.197,19,0.273,0.85,0.107,11,0.0,1.0,0.0,2
104114,ALTO DE POCLUS,PIURA,AYABACA,ecmwf,pp,20260909,20261008,"00Z,12Z",D1,6h,1.551,2.509,S/D,8,S/D,1.0,0.0,0,S/D,1.0,0.0,0,S/D,1.0,0.0,0,S/D,S/D,S/D,0
104114,ALTO DE POCLUS,PIURA,AYABACA,gfs,pp,20260909,20261008,"00Z,12Z",D1,6h,0.867,1.043,S/D,8,S/D,1.0,0.0,0,S/D,1.0,0.0,0,S/D,S/D,S/D,0,S/D,S/D,S/D,0
104114,ALTO DE POCLUS,PIURA,AYABACA,eta5,pp,20260909,20261008,"00Z,12Z",D1,6h,0.008,0.017,S/D,5,S/D,S/D,S/D,0,S/D,S/D,S/D,0,S/D,S/D,S/D,0,S/D,S/D,S/D,0
104114,ALTO DE POCLUS,PIURA,AYABACA,wrf5,pp,20260909,20261008,"00Z,12Z",D1,6h,0.155,0.304,S/D,8,S/D,1.0,0.0,0,S/D,S/D,S/D,0,S/D,S/D,S/D,0,S/D,S/D,S/D,0
104114,ALTO DE POCLUS,PIURA,AYABACA,mpas15,pp,20260909,20261008,00Z,D1,6h,4.125,7.111,S/D,4,S/D,1.0,0.0,0,S/D,1.0,0.0,0,S/D,1.0,0.0,0,S/D,S/D,S/D,0
47E9177A,EL CIRUELO,PIURA,AYABACA,ecmwf,pp,20260909,20261008,"00Z,12Z",D1,6h,0.99,2.55,0.46,226,0.95,0.703,0.292,40,1.0,0.887,0.113,6,0.0,1.0,0.0,2,S/D,S/D,S/D,0
47E9177A,EL CIRUELO,PIURA,AYABACA,gfs,pp,20260909,20261008,"00Z,12Z",D1,6h,0.778,2.293,0.353,226,0.7,0.72,0.25,40,1.0,0.857,0.143,6,0.5,0.909,0.083,2,S/D,S/D,S/D,0
47E9177A,EL CIRUELO,PIURA,AYABACA,eta5,pp,20260909,20261008,"00Z,12Z",D1,6h,2.784,5.682,0.259,183,0.852,0.763,0.228,27,1.0,0.944,0.056,4,0.0,1.0,0.0,2,S/D,S/D,S/D,0
47E9177A,EL CIRUELO,PIURA,AYABACA,wrf5,pp,20260909,20261008,"00Z,12Z",D1,6h,0.708,4.029,0.296,223,0.45,0.64,0.25,40,0.667,0.826,0.16,6,1.0,0.75,0.25,2,S/D,1.0,0.0,0
47E9177A,EL CIRUELO,PIURA,AYABACA,mpas15,pp,20260909,20261008,00Z,D1,6h,0.905,2.822,0.254,113,0.6,0.657,0.279,20,0.333,0.963,0.034,3,0.0,1.0,0.0,1,S/D,S/D,S/D,0
47E281B0,HUALCUY,PIURA,AYABACA,ecmwf,pp,20260909,20261008,"00Z,12Z",D1,6h,0.33,3.834,0.177,234,0.62,0.763,0.207,50,0.667,0.806,0.176,18,0.429,0.6,0.261,14,0.0,S/D,0.0,2
47E281B0,HUALCUY,PIURA,AYABACA,gfs,pp,20260909,20261008,"00Z,12Z",D1,6h,-0.017,3.411,0.204,234,0.62,0.721,0.238,50,0.667,0.75,0.222,18,0.357,0.5,0.263,14,0.0,S/D,0.0,2
47E281B0,HUALCUY,PIURA,AYABACA,eta5,pp,20260909,20261008,"00Z,12Z",D1,6h,-0.112,3.58,0.081,189,0.289,0.756,0.153,38,0.357,0.792,0.152,14,0.091,0.833,0.062,11,0.0,S/D,0.0,1
47E281B0,HUALCUY,PIURA,AYABACA,wrf5,pp,20260909,20261008,"00Z,12Z",D1,6h,-0.315,3.671,0.23,230,0.3,0.625,0.2,50,0.5,0.609,0.281,18,0.286,0.5,0.222,14,0.0,S/D,0.0,2
47E281B0,HUALCUY,PIURA,AYABACA,mpas15,pp,20260909,20261008,00Z,D1,6h,0.891,4.888,0.189,117,0.44,0.703,0.216,25,0.667,0.812,0.171,9,0.714,0.615,0.333,7,0.0,1.0,0.0,1
472FC5B8,PAIMAS,PIURA,AYABACA,ecmwf,pp,20260909,20261008,"00Z,12Z",D1,6h,1.212,3.439,0.234,238,0.9,0.837,0.16,30,0.8,0.9,0.098,10,0.333,0.895,0.087,6,S/D,1.0,0.0,0
472FC5B8,PAIMAS,PIURA,AYABACA,gfs,pp,20260909,20261008,"00Z,12Z",D1,6h,0.789,3.923,0.197,238,0.733,0.828,0.162,30,0.7,0.868,0.125,10,0.0,1.0,0.0,6,S/D,1.0,0.0,0
472FC5B8,PAIMAS,PIURA,AYABACA,eta5,pp,20260909,20261008,"00Z,12Z",D1,6h,1.01,3.026,0.07,191,0.5,0.872,0.113,22,0.429,0.935,0.06,7,0.4,0.882,0.1,5,S/D,S/D,S/D,0
472FC5B8,PAIMAS,PIURA,AYABACA,wrf5,pp,20260909,20261008,"00Z,12Z",D1,6h,-0.223,1.589,0.205,234,0.133,0.778,0.091,30,0.3,0.571,0.214,10,0.0,1.0,0.0,6,S/D,S/D,S/D,0
472FC5B8,PAIMAS,PIURA,AYABACA,mpas15,pp,20260909,20261008,00Z,D1,6h,0.392,1.791,0.265,119,0.6,0.769,0.2,15,1.0,0.828,0.172,5,0.0,1.0,0.0,3,S/D,S/D,S/D,0
47E0C74E,PUENTE MACARA,PIURA,AYABACA,ecmwf,pp,20260909,20261008,"00Z,12Z",D1,6h,0.822,2.137,0.194,232,1.0,0.971,0.029,4,S/D,1.0,0.0,0,S/D,1.0,0.0,0,S/D,S/D,S/D,0
47E0C74E,PUENTE MACARA,PIURA,AYABACA,gfs,pp,20260909,20261008,"00Z,12Z",D1,6h,0.628,2.484,0.214,232,1.0,0.949,0.051,4,S/D,1.0,0.0,0,S/D,1.0,0.0,0,S/D,S/D,S/D,0
47E0C74E,PUENTE MACARA,PIURA,AYABACA,eta5,pp,20260909,20261008,"00Z,12Z",D1,6h,3.727,6.932,0.19,186,1.0,0.972,0.028,3,S/D,1.0,0.0,0,S/D,1.0,0.0,0,S/D,1.0,0.0,0
47E0C74E,PUENTE MACARA,PIURA,AYABACA,wrf5,pp,20260909,20261008,"00Z,12Z",D1,6h,0.407,2.78,0.144,228,0.5,0.929,0.067,4,S/D,1.0,0.0,0,S/D,1.0,0.0,0,S/D,1.0,0.0,0
47E0C74E,PUENTE MACARA,PIURA,AYABACA,mpas15,pp,20260909,20261008,00Z,D1,6h,1.373,3.206,0.134,116,1.0,0.96,0.04,2,S/D,1.0,0.0,0,S/D,1.0,0.0,0,S/D,S/D,S/D,0
472FF022,SAPILLICA,PIURA,AYABACA,ecmwf,pp,20260909,20261008,"00Z,12Z",D1,6h,0.989,4.142,0.422,238,0.83,0.44,0.503,112,0.917,0.863,0.136,12,1.0,0.789,0.211,4,0.0,1.0,0.0,2
472FF022,SAPILLICA,PIURA,AYABACA,gfs,pp,20260909,20261008,"00Z,12Z",D1,6h,0.566,4.859,0.427,238,0.714,0.375,0.5,112,0.5,0.887,0.102,12,0.0,1.0,0.0,4,0.0,1.0,0.0,2
472FF022,SAPILLICA,PIURA,AYABACA,eta5,pp,20260909,20261008,"00Z,12Z",D1,6h,0.196,2.946,0.24,191,0.448,0.391,0.348,87,0.333,0.906,0.079,9,0.5,0.833,0.143,2,0.0,S/D,0.0,1
472FF022,SAPILLICA,PIURA,AYABACA,wrf5,pp,20260909,20261008,"00Z,12Z",D1,6h,-0.294,3.58,0.372,234,0.268,0.143,0.256,112,0.0,1.0,0.0,12,0.0,1.0,0.0,4,0.0,S/D,0.0,2
472FF022,SAPILLICA,PIURA,AYABACA,mpas15,pp,20260909,20261008,00Z,D1,6h,0.202,3.407,0.239,119,0.446,0.39,0.347,56,0.833,0.828,0.167,6,0.0,1.0,0.0,2,0.0,S/D,0.0,1
472F86B2,CANCHAQUE,PIURA,HUANCABAMBA,ecmwf,pp,20260909,20261008,"00Z,12Z",D1,6h,0.682,3.019,0.185,236,0.52,0.553,0.317,98,0.654,0.66,0.288,26,1.0,0.667,0.333,4,S/D,1.0,0.0,0
472F86B2,CANCHAQUE,PIURA,HUANCABAMBA,gfs,pp,20260909,20261008,"00Z,12Z",D1,6h,0.472,1.712,0.351,236,0.663,0.467,0.419,98,0.654,0.66,0.288,26,0.5,0.778,0.182,4,S/D,S/D,S/D,0
472F86B2,CANCHAQUE,PIURA,HUANCABAMBA,eta5,pp,20260909,20261008,"00Z,12Z",D1,6h,0.216,1.412,0.385,190,0.506,0.391,0.382,77,0.435,0.677,0.227,23,0.667,0.6,0.333,3,S/D,S/D,S/D,0
472F86B2,CANCHAQUE,PIURA,HUANCABAMBA,wrf5,pp,20260909,20261008,"00Z,12Z",D1,6h,-0.304,1.195,0.418,232,0.237,0.233,0.221,97,0.231,0.333,0.207,26,0.0,S/D,0.0,4,S/D,S/D,S/D,0
472F86B2,CANCHAQUE,PIURA,HUANCABAMBA,mpas15,pp,20260909,20261008,00Z,D1,6h,0.496,1.732,0.185,118,0.388,0.472,0.288,49,0.692,0.679,0.281,13,0.5,0.857,0.125,2,S/D,S/D,S/D,0
472FE354,HUANCABAMBA,PIURA,HUANCABAMBA,ecmwf,pp,20260909,20261008,"00Z,12Z",D1,6h,1.05,2.56,0.084,238,0.8,0.936,0.063,10,S/D,1.0,0.0,0,S/D,1.0,0.0,0,S/D,S/D,S/D,0
472FE354,HUANCABAMBA,PIURA,HUANCABAMBA,gfs,pp,20260909,20261008,"00Z,12Z",D1,6h,0.844,1.775,0.013,238,0.6,0.951,0.048,10,S/D,1.0,0.0,0,S/D,1.0,0.0,0,S/D,S/D,S/D,0
472FE354,HUANCABAMBA,PIURA,HUANCABAMBA,eta5,pp,20260909,20261008,"00Z,12Z",D1,6h,0.359,1.415,-0.024,191,0.0,1.0,0.0,3,S/D,1.0,0.0,0,S/D,1.0,0.0,0,S/D,S/D,S/D,0
472FE354,HUANCABAMBA,PIURA,HUANCABAMBA,wrf5,pp,20260909,20261008,"00Z,12Z",D1,6h,0.369,2.377,0.055,234,0.3,0.88,0.094,10,S/D,1.0,0.0,0,S/D,1.0,0.0,0,S/D,S/D,S/D,0
472FE354,HUANCABAMBA,PIURA,HUANCABAMBA,mpas15,pp,20260909,20261008,00Z,D1,6h,1.586,4.01,-0.002,119,0.4,0.951,0.045,5,S/D,1.0,0.0,0,S/D,1.0,0.0,0,S/D,S/D,S/D,0
472761E6,HUARMACA,PIURA,HUANCABAMBA,ecmwf,pp,20260909,20261008,"00Z,12Z",D1,6h,0.944,3.254,0.362,238,0.569,0.647,0.279,72,1.0,0.804,0.196,10,S/D,1.0,0.0,0,S/D,1.0,0.0,0
472761E6,HUARMACA,PIURA,HUANCABAMBA,gfs,pp,20260909,20261008,"00Z,12Z",D1,6h,0.746,1.75,0.475,238,0.764,0.556,0.39,72,0.8,0.846,0.148,10,S/D,1.0,0.0,0,S/D,S/D,S/D,0
472761E6,HUARMACA,PIURA,HUANCABAMBA,eta5,pp,20260909,20261008,"00Z,12Z",D1,6h,0.363,1.005,0.425,191,0.696,0.487,0.419,56,0.5,0.9,0.091,6,S/D,1.0,0.0,0,S/D,S/D,S/D,0
472761E6,HUARMACA,PIURA,HUANCABAMBA,wrf5,pp,20260909,20261008,"00Z,12Z",D1,6h,-0.02,0.481,0.551,234,0.403,0.171,0.372,72,0.2,0.778,0.118,10,S/D,S/D,S/D,0,S/D,S/D,S/D,0
472761E6,HUARMACA,PIURA,HUANCABAMBA,mpas15,pp,20260909,20261008,00Z,D1,6h,0.776,1.918,0.369,119,0.528,0.472,0.358,36,1.0,0.833,0.167,5,S/D,1.0,0.0,0,S/D,S/D,S/D,0
472FB328,CHALACO,PIURA,MORROPON,ecmwf,pp,20260909,20261008,"00Z,12Z",D1,6h,0.602,1.638,0.349,234,0.57,0.414,0.406,114,0.9,0.82,0.176,10,0.25,0.909,0.071,4,S/D,S/D,S/D,0
472FB328,CHALACO,PIURA,MORROPON,gfs,pp,20260909,20261008,"00Z,12Z",D1,6h,1.095,2.968,0.424,234,0.684,0.395,0.473,114,1.0,0.848,0.152,10,1.0,0.714,0.286,4,S/D,1.0,0.0,0
472FB328,CHALACO,PIURA,MORROPON,eta5,pp,20260909,20261008,"00Z,12Z",D1,6h,0.324,1.038,0.39,188,0.443,0.381,0.348,88,1.0,0.829,0.171,6,0.333,0.5,0.25,3,S/D,S/D,S/D,0
472FB328,CHALACO,PIURA,MORROPON,wrf5,pp,20260909,20261008,"00Z,12Z",D1,6h,0.359,2.575,0.397,230,0.36,0.268,0.318,114,0.5,0.783,0.179,10,0.75,0.4,0.5,4,S/D,1.0,0.0,0
472FB328,CHALACO,PIURA,MORROPON,mpas15,pp,20260909,20261008,00Z,D1,6h,0.744,1.886,0.275,117,0.474,0.372,0.37,57,0.8,0.889,0.108,5,0.5,0.833,0.143,2,S/D,S/D,S/D,0
472F6540,CHULUCANAS,PIURA,MORROPON,ecmwf,pp,20260909,20261008,"00Z,12Z",D1,6h,0.195,0.633,0.162,236,1.0,0.961,0.039,2,1.0,0.875,0.125,2,S/D,1.0,0.0,0,S/D,S/D,S/D,0
472F6540,CHULUCANAS,PIURA,MORROPON,gfs,pp,20260909,20261008,"00Z,12Z",D1,6h,0.137,0.574,0.184,236,1.0,0.957,0.043,2,0.5,0.909,0.083,2,S/D,1.0,0.0,0,S/D,S/D,S/D,0
472F6540,CHULUCANAS,PIURA,MORROPON,eta5,pp,20260909,20261008,"00Z,12Z",D1,6h,0.575,1.957,0.139,189,1.0,0.978,0.022,1,1.0,0.955,0.045,1,S/D,1.0,0.0,0,S/D,S/D,S/D,0
472F6540,CHULUCANAS,PIURA,MORROPON,wrf5,pp,20260909,20261008,"00Z,12Z",D1,6h,0.01,0.321,0.22,232,0.5,0.909,0.083,2,0.0,1.0,0.0,2,S/D,S/D,S/D,0,S/D,S/D,S/D,0
472F6540,CHULUCANAS,PIURA,MORROPON,mpas15,pp,20260909,20261008,00Z,D1,6h,0.072,0.322,0.18,118,1.0,0.9,0.1,1,1.0,0.833,0.167,1,S/D,S/D,S/D,0,S/D,S/D,S/D,0
47E037CA,CORRAL DEL MEDIO,PIURA,MORROPON,ecmwf,pp,20260909,20261008,"00Z,12Z",D1,6h,S/D,S/D,S/D,0,S/D,S/D,S/D,0,S/D,S/D,S/D,0,S/D,S/D,S/D,0,S/D,S/D,S/D,0
47E037CA,CORRAL DEL MEDIO,PIURA,MORROPON,gfs,pp,20260909,20261008,"00Z,12Z",D1,6h,S/D,S/D,S/D,0,S/D,S/D,S/D,0,S/D,S/D,S/D,0,S/D,S/D,S/D,0,S/D,S/D,S/D,0
47E037CA,CORRAL DEL MEDIO,PIURA,MORROPON,eta5,pp,20260909,20261008,"00Z,12Z",D1,6h,S/D,S/D,S/D,0,S/D,S/D,S/D,0,S/D,S/D,S/D,0,S/D,S/D,S/D,0,S/D,S/D,S/D,0
47E037CA,CORRAL DEL MEDIO,PIURA,MORROPON,wrf5,pp,20260909,20261008,"00Z,12Z",D1,6h,S/D,S/D,S/D,0,S/D,S/D,S/D,0,S/D,S/D,S/D,0,S/D,S/D,S/D,0,S/D,S/D,S/D,0
47E037CA,CORRAL DEL MEDIO,PIURA,MORROPON,mpas15,pp,20260909,20261008,00Z,D1,6h,S/D,S/D,S/D,0,S/D,S/D,S/D,0,S/D,S/D,S/D,0,S/D,S/D,S/D,0,S/D,S/D,S/D,0
472F50DA,EL VIRREY,PIURA,MORROPON,ecmwf,pp,20260909,20261008,"00Z,12Z",D1,6h,0.191,0.919,0.139,232,0.5,0.886,0.102,10,S/D,1.0,0.0,0,S/D,1.0,0.0,0,S/D,S/D,S/D,0
472F50DA,EL VIRREY,PIURA,MORROPON,gfs,pp,20260909,20261008,"00Z,12Z",D1,6h,0.104,0.481,0.15,232,0.3,0.88,0.094,10,S/D,1.0,0.0,0,S/D,S/D,S/D,0,S/D,S/D,S/D,0
472F50DA,EL VIRREY,PIURA,MORROPON,eta5,pp,20260909,20261008,"00Z,12Z",D1,6h,0.177,0.554,0.134,186,0.375,0.917,0.073,8,S/D,1.0,0.0,0,S/D,S/D,S/D,0,S/D,S/D,S/D,0
472F50DA,EL VIRREY,PIURA,MORROPON,wrf5,pp,20260909,20261008,"00Z,12Z",D1,6h,-0.006,0.041,0.087,228,0.0,S/D,0.0,10,S/D,S/D,S/D,0,S/D,S/D,S/D,0,S/D,S/D,S/D,0
472F50DA,EL VIRREY,PIURA,MORROPON,mpas15,pp,20260909,20261008,00Z,D1,6h,-0.003,0.048,0.101,116,0.2,0.5,0.167,5,S/D,S/D,S/D,0,S/D,S/D,S/D,0,S/D,S/D,S/D,0
47E074C0,HACIENDA BARRIOS,PIURA,MORROPON,ecmwf,pp,20260909,20261008,"00Z,12Z",D1,6h,0.492,1.63,0.16,236,0.714,0.914,0.083,14,0.5,0.97,0.029,2,0.0,1.0,0.0,2,S/D,S/D,S/D,0
47E074C0,HACIENDA BARRIOS,PIURA,MORROPON,gfs,pp,20260909,20261008,"00Z,12Z",D1,6h,0.295,1.065,0.24,236,0.714,0.877,0.118,14,1.0,0.905,0.095,2,0.0,1.0,0.0,2,S/D,S/D,S/D,0
47E074C0,HACIENDA BARRIOS,PIURA,MORROPON,eta5,pp,20260909,20261008,"00Z,12Z",D1,6h,1.263,3.305,0.271,189,0.75,0.886,0.11,12,1.0,0.958,0.042,2,0.5,0.941,0.056,2,S/D,S/D,S/D,0
47E074C0,HACIENDA BARRIOS,PIURA,MORROPON,wrf5,pp,20260909,20261008,"00Z,12Z",D1,6h,0.042,0.667,0.181,232,0.357,0.808,0.143,14,0.0,1.0,0.0,2,0.0,1.0,0.0,2,S/D,S/D,S/D,0
47E074C0,HACIENDA BARRIOS,PIURA,MORROPON,mpas15,pp,20260909,20261008,00Z,D1,6h,1.019,2.654,0.267,118,0.857,0.857,0.14,7,1.0,0.969,0.031,1,1.0,0.875,0.125,1,S/D,S/D,S/D,0
472F95C4,HACIENDA BIGOTE ,PIURA,MORROPON,ecmwf,pp,20260909,20261008,"00Z,12Z",D1,6h,0.47,1.695,0.152,238,0.75,0.948,0.051,8,0.5,0.97,0.029,2,0.0,1.0,0.0,2,S/D,S/D,S/D,0
472F95C4,HACIENDA BIGOTE ,PIURA,MORROPON,gfs,pp,20260909,20261008,"00Z,12Z",D1,6h,0.274,1.154,0.181,238,0.75,0.926,0.072,8,1.0,0.905,0.095,2,0.0,1.0,0.0,2,S/D,S/D,S/D,0
472F95C4,HACIENDA BIGOTE ,PIURA,MORROPON,eta5,pp,20260909,20261008,"00Z,12Z",D1,6h,1.08,3.071,0.164,191,0.571,0.941,0.056,7,1.0,0.952,0.048,2,0.5,0.933,0.062,2,S/D,S/D,S/D,0
472F95C4,HACIENDA BIGOTE ,PIURA,MORROPON,wrf5,pp,20260909,20261008,"00Z,12Z",D1,6h,-0.028,0.747,0.196,234,0.25,0.895,0.08,8,0.0,1.0,0.0,2,0.0,S/D,0.0,2,S/D,S/D,S/D,0
472F95C4,HACIENDA BIGOTE ,PIURA,MORROPON,mpas15,pp,20260909,20261008,00Z,D1,6h,1.001,2.64,0.269,119,1.0,0.907,0.093,4,1.0,0.969,0.031,1,1.0,0.875,0.125,1,S/D,S/D,S/D,0
472FA05E,MALACASI,PIURA,MORROPON,ecmwf,pp,20260909,20261008,"00Z,12Z",D1,6h,0.514,1.548,0.199,238,0.9,0.922,0.077,10,0.75,0.909,0.088,4,S/D,1.0,0.0,0,S/D,S/D,S/D,0
472FA05E,MALACASI,PIURA,MORROPON,gfs,pp,20260909,20261008,"00Z,12Z",D1,6h,0.318,0.993,0.324,238,1.0,0.877,0.123,10,1.0,0.81,0.19,4,S/D,1.0,0.0,0,S/D,S/D,S/D,0
472FA05E,MALACASI,PIURA,MORROPON,eta5,pp,20260909,20261008,"00Z,12Z",D1,6h,0.637,1.971,0.251,191,0.778,0.881,0.115,9,0.667,0.931,0.067,3,S/D,1.0,0.0,0,S/D,S/D,S/D,0
472FA05E,MALACASI,PIURA,MORROPON,wrf5,pp,20260909,20261008,"00Z,12Z",D1,6h,-0.002,0.197,0.325,234,0.5,0.5,0.333,10,0.25,0.5,0.2,4,S/D,S/D,S/D,0,S/D,S/D,S/D,0
472FA05E,MALACASI,PIURA,MORROPON,mpas15,pp,20260909,20261008,00Z,D1,6h,0.491,1.393,0.331,119,1.0,0.848,0.152,5,1.0,0.909,0.091,2,S/D,1.0,0.0,0,S/D,S/D,S/D,0
472F7636,MORROPON,PIURA,MORROPON,ecmwf,pp,20260909,20261008,"00Z,12Z",D1,6h,0.208,0.967,0.06,234,0.333,0.967,0.031,6,1.0,0.8,0.2,2,S/D,1.0,0.0,0,S/D,S/D,S/D,0
472F7636,MORROPON,PIURA,MORROPON,gfs,pp,20260909,20261008,"00Z,12Z",D1,6h,0.126,0.714,0.182,234,0.667,0.897,0.098,6,1.0,0.75,0.25,2,S/D,1.0,0.0,0,S/D,S/D,S/D,0
472F7636,MORROPON,PIURA,MORROPON,eta5,pp,20260909,20261008,"00Z,12Z",D1,6h,0.946,2.766,0.03,188,0.5,0.97,0.029,4,1.0,0.971,0.029,1,S/D,1.0,0.0,0,S/D,S/D,S/D,0
472F7636,MORROPON,PIURA,MORROPON,wrf5,pp,20260909,20261008,"00Z,12Z",D1,6h,0.009,0.224,0.093,230,0.333,0.818,0.133,6,0.5,0.667,0.25,2,S/D,S/D,S/D,0,S/D,S/D,S/D,0
472F7636,MORROPON,PIURA,MORROPON,mpas15,pp,20260909,20261008,00Z,D1,6h,0.224,0.746,0.008,117,0.333,0.95,0.045,3,1.0,0.923,0.077,1,S/D,1.0,0.0,0,S/D,S/D,S/D,0
47E067B6,SALITRAL,PIURA,MORROPON,ecmwf,pp,20260909,20261008,"00Z,12Z",D1,6h,0.469,1.605,0.124,234,0.667,0.93,0.068,12,0.375,0.909,0.079,8,S/D,1.0,0.0,0,S/D,S/D,S/D,0
47E067B6,SALITRAL,PIURA,MORROPON,gfs,pp,20260909,20261008,"00Z,12Z",D1,6h,0.27,1.069,0.088,234,0.5,0.925,0.07,12,0.5,0.81,0.16,8,S/D,1.0,0.0,0,S/D,S/D,S/D,0
47E067B6,SALITRAL,PIURA,MORROPON,eta5,pp,20260909,20261008,"00Z,12Z",D1,6h,0.59,2.02,0.133,188,0.556,0.914,0.081,9,0.333,0.929,0.062,6,S/D,1.0,0.0,0,S/D,S/D,S/D,0
47E067B6,SALITRAL,PIURA,MORROPON,wrf5,pp,20260909,20261008,"00Z,12Z",D1,6h,-0.052,0.549,0.144,230,0.083,0.8,0.062,12,0.125,0.5,0.111,8,S/D,S/D,S/D,0,S/D,S/D,S/D,0
47E067B6,SALITRAL,PIURA,MORROPON,mpas15,pp,20260909,20261008,00Z,D1,6h,0.448,1.344,0.3,117,0.833,0.848,0.147,6,0.75,0.864,0.13,4,S/D,1.0,0.0,0,S/D,S/D,S/D,0
47E08444,SAN PEDRO,PIURA,MORROPON,ecmwf,pp,20260909,20261008,"00Z,12Z",D1,6h,1.599,2.875,0.249,236,1.0,0.944,0.056,10,1.0,0.956,0.044,4,S/D,1.0,0.0,0,S/D,S/D,S/D,0
47E08444,SAN PEDRO,PIURA,MORROPON,gfs,pp,20260909,20261008,"00Z,12Z",D1,6h,0.868,2.685,0.24,236,0.8,0.934,0.065,10,1.0,0.925,0.075,4,S/D,1.0,0.0,0,S/D,S/D,S/D,0
47E08444,SAN PEDRO,PIURA,MORROPON,eta5,pp,20260909,20261008,"00Z,12Z",D1,6h,0.965,2.608,0.24,189,0.778,0.904,0.093,9,1.0,0.921,0.079,3,S/D,1.0,0.0,0,S/D,S/D,S/D,0
47E08444,SAN PEDRO,PIURA,MORROPON,wrf5,pp,20260909,20261008,"00Z,12Z",D1,6h,0.039,0.51,0.162,232,0.5,0.808,0.161,10,0.75,0.4,0.5,4,S/D,1.0,0.0,0,S/D,S/D,S/D,0
47E08444,SAN PEDRO,PIURA,MORROPON,mpas15,pp,20260909,20261008,00Z,D1,6h,0.374,1.099,0.247,118,0.8,0.852,0.143,5,1.0,0.913,0.087,2,S/D,1.0,0.0,0,S/D,S/D,S/D,0
105145,SANTO DOMINGO,PIURA,MORROPON,ecmwf,pp,20260909,20261008,"00Z,12Z",D1,6h,0.099,0.203,S/D,24,S/D,1.0,0.0,0,S/D,S/D,S/D,0,S/D,S/D,S/D,0,S/D,S/D,S/D,0
105145,SANTO DOMINGO,PIURA,MORROPON,gfs,pp,20260909,20261008,"00Z,12Z",D1,6h,0.195,0.422,S/D,24,S/D,1.0,0.0,0,S/D,1.0,0.0,0,S/D,S/D,S/D,0,S/D,S/D,S/D,0
105145,SANTO DOMINGO,PIURA,MORROPON,eta5,pp,20260909,20261008,"00Z,12Z",D1,6h,0.274,0.644,S/D,21,S/D,1.0,0.0,0,S/D,1.0,0.0,0,S/D,S/D,S/D,0,S/D,S/D,S/D,0
105145,SANTO DOMINGO,PIURA,MORROPON,wrf5,pp,20260909,20261008,"00Z,12Z",D1,6h,0.023,0.077,S/D,23,S/D,1.0,0.0,0,S/D,S/D,S/D,0,S/D,S/D,S/D,0,S/D,S/D,S/D,0
105145,SANTO DOMINGO,PIURA,MORROPON,mpas15,pp,20260909,20261008,00Z,D1,6h,0.167,0.408,S/D,12,S/D,1.0,0.0,0,S/D,1.0,0.0,0,S/D,S/D,S/D,0,S/D,S/D,S/D,0
47E0B1DE,PUENTE SIMON RODRIGUEZ,PIURA,PAITA,ecmwf,pp,20260909,20261008,"00Z,12Z",D1,6h,0.015,0.243,0.113,232,0.5,0.769,0.188,6,0.0,1.0,0.0,2,S/D,S/D,S/D,0,S/D,S/D,S/D,0
47E0B1DE,PUENTE SIMON RODRIGUEZ,PIURA,PAITA,gfs,pp,20260909,20261008,"00Z,12Z",D1,6h,-0.022,0.22,0.268,232,0.0,1.0,0.0,6,0.0,S/D,0.0,2,S/D,S/D,S/D,0,S/D,S/D,S/D,0
47E0B1DE,PUENTE SIMON RODRIGUEZ,PIURA,PAITA,eta5,pp,20260909,20261008,"00Z,12Z",D1,6h,0.0,0.279,0.029,187,0.0,1.0,0.0,5,0.0,1.0,0.0,2,S/D,S/D,S/D,0,S/D,S/D,S/D,0
47E0B1DE,PUENTE SIMON RODRIGUEZ,PIURA,PAITA,wrf5,pp,20260909,20261008,"00Z,12Z",D1,6h,-0.022,0.223,0.135,229,0.167,0.667,0.125,6,0.0,S/D,0.0,2,S/D,S/D,S/D,0,S/D,S/D,S/D,0
47E0B1DE,PUENTE SIMON RODRIGUEZ,PIURA,PAITA,mpas15,pp,20260909,20261008,00Z,D1,6h,-0.023,0.226,-0.119,116,0.0,1.0,0.0,3,0.0,S/D,0.0,1,S/D,S/D,S/D,0,S/D,S/D,S/D,0
47E0E1A2,BOCATOMA CHIPILLICO,PIURA,PIURA,ecmwf,pp,20260909,20261008,"00Z,12Z",D1,6h,1.538,3.511,0.222,208,0.889,0.895,0.104,18,1.0,0.947,0.053,4,1.0,0.882,0.118,2,S/D,1.0,0.0,0
47E0E1A2,BOCATOMA CHIPILLICO,PIURA,PIURA,gfs,pp,20260909,20261008,"00Z,12Z",D1,6h,1.064,3.858,0.212,208,0.778,0.877,0.119,18,1.0,0.913,0.087,4,0.0,1.0,0.0,2,S/D,1.0,0.0,0
47E0E1A2,BOCATOMA CHIPILLICO,PIURA,PIURA,eta5,pp,20260909,20261008,"00Z,12Z",D1,6h,0.994,2.545,0.224,166,0.692,0.873,0.12,13,1.0,0.923,0.077,3,1.0,0.9,0.1,1,S/D,S/D,S/D,0
47E0E1A2,BOCATOMA CHIPILLICO,PIURA,PIURA,wrf5,pp,20260909,20261008,"00Z,12Z",D1,6h,-0.002,0.626,0.245,204,0.278,0.615,0.192,18,0.25,0.75,0.143,4,0.0,S/D,0.0,2,S/D,S/D,S/D,0
47E0E1A2,BOCATOMA CHIPILLICO,PIURA,PIURA,mpas15,pp,20260909,20261008,00Z,D1,6h,0.388,1.292,0.154,104,0.444,0.846,0.129,9,1.0,0.909,0.091,2,0.0,1.0,0.0,1,S/D,S/D,S/D,0
47E0F2D4,LAGARTERA,PIURA,PIURA,ecmwf,pp,20260909,20261008,"00Z,12Z",D1,6h,1.378,3.395,0.321,232,0.9,0.778,0.217,40,0.667,0.947,0.051,6,S/D,1.0,0.0,0,S/D,1.0,0.0,0
47E0F2D4,LAGARTERA,PIURA,PIURA,gfs,pp,20260909,20261008,"00Z,12Z",D1,6h,1.001,3.756,0.395,232,0.825,0.734,0.252,40,0.5,0.939,0.058,6,S/D,1.0,0.0,0,S/D,1.0,0.0,0
47E0F2D4,LAGARTERA,PIURA,PIURA,eta5,pp,20260909,20261008,"00Z,12Z",D1,6h,0.857,2.398,0.235,186,0.656,0.696,0.263,32,0.0,1.0,0.0,4,S/D,1.0,0.0,0,S/D,S/D,S/D,0
47E0F2D4,LAGARTERA,PIURA,PIURA,wrf5,pp,20260909,20261008,"00Z,12Z",D1,6h,0.013,0.477,0.087,229,0.125,0.722,0.094,40,0.0,1.0,0.0,6,S/D,S/D,S/D,0,S/D,S/D,S/D,0
47E0F2D4,LAGARTERA,PIURA,PIURA,mpas15,pp,20260909,20261008,00Z,D1,6h,0.341,1.137,0.192,116,0.4,0.692,0.211,20,0.333,0.952,0.043,3,S/D,1.0,0.0,0,S/D,S/D,S/D,0
105112,MIRAFLORES,PIURA,PIURA,ecmwf,pp,20260909,20261008,"00Z,12Z",D1,6h,S/D,S/D,S/D,0,S/D,S/D,S/D,0,S/D,S/D,S/D,0,S/D,S/D,S/D,0,S/D,S/D,S/D,0
105112,MIRAFLORES,PIURA,PIURA,gfs,pp,20260909,20261008,"00Z,12Z",D1,6h,S/D,S/D,S/D,0,S/D,S/D,S/D,0,S/D,S/D,S/D,0,S/D,S/D,S/D,0,S/D,S/D,S/D,0
105112,MIRAFLORES,PIURA,PIURA,eta5,pp,20260909,20261008,"00Z,12Z",D1,6h,S/D,S/D,S/D,0,S/D,S/D,S/D,0,S/D,S/D,S/D,0,S/D,S/D,S/D,0,S/D,S/D,S/D,0
105112,MIRAFLORES,PIURA,PIURA,wrf5,pp,20260909,20261008,"00Z,12Z",D1,6h,S/D,S/D,S/D,0,S/D,S/D,S/D,0,S/D,S/D,S/D,0,S/D,S/D,S/D,0,S/D,S/D,S/D,0
105112,MIRAFLORES,PIURA,PIURA,mpas15,pp,20260909,20261008,00Z,D1,6h,S/D,S/D,S/D,0,S/D,S/D,S/D,0,S/D,S/D,S/D,0,S/D,S/D,S/D,0,S/D,S/D,S/D,0
104113,PARTIDOR,PIURA,PIURA,ecmwf,pp,20260909,20261008,"00Z,12Z",D1,6h,0.011,0.021,S/D,30,S/D,S/D,S/D,0,S/D,S/D,S/D,0,S/D,S/D,S/D,0,S/D,S/D,S/D,0
104113,PARTIDOR,PIURA,PIURA,gfs,pp,20260909,20261008,"00Z,12Z",D1,6h,0.002,0.011,S/D,30,S/D,S/D,S/D,0,S/D,S/D,S/D,0,S/D,S/D,S/D,0,S/D,S/D,S/D,0
104113,PARTIDOR,PIURA,PIURA,eta5,pp,20260909,20261008,"00Z,12Z",D1,6h,0.022,0.095,S/D,27,S/D,1.0,0.0,0,S/D,S/D,S/D,0,S/D,S/D,S/D,0,S/D,S/D,S/D,0
104113,PARTIDOR,PIURA,PIURA,wrf5,pp,20260909,20261008,"00Z,12Z",D1,6h,0.006,0.024,S/D,29,S/D,1.0,0.0,0,S/D,S/D,S/D,0,S/D,S/D,S/D,0,S/D,S/D,S/D,0
104113,PARTIDOR,PIURA,PIURA,mpas15,pp,20260909,20261008,00Z,D1,6h,0.0,0.0,S/D,15,S/D,S/D,S/D,0,S/D,S/D,S/D,0,S/D,S/D,S/D,0,S/D,S/D,S/D,0
105143,SAN MIGUEL,PIURA,PIURA,ecmwf,pp,20260909,20261008,"00Z,12Z",D1,6h,0.045,0.397,0.041,222,0.167,0.9,0.067,6,S/D,1.0,0.0,0,S/D,1.0,0.0,0,S/D,S/D,S/D,0
105143,SAN MIGUEL,PIURA,PIURA,gfs,pp,20260909,20261008,"00Z,12Z",D1,6h,0.001,0.027,-0.034,222,0.0,1.0,0.0,6,S/D,S/D,S/D,0,S/D,S/D,S/D,0,S/D,S/D,S/D,0
105143,SAN MIGUEL,PIURA,PIURA,eta5,pp,20260909,20261008,"00Z,12Z",D1,6h,0.017,0.14,0.019,177,0.0,1.0,0.0,4,S/D,1.0,0.0,0,S/D,S/D,S/D,0,S/D,S/D,S/D,0
105143,SAN MIGUEL,PIURA,PIURA,wrf5,pp,20260909,20261008,"00Z,12Z",D1,6h,0.006,0.064,0.057,218,0.167,0.75,0.111,6,S/D,S/D,S/D,0,S/D,S/D,S/D,0,S/D,S/D,S/D,0
105143,SAN MIGUEL,PIURA,PIURA,mpas15,pp,20260909,20261008,00Z,D1,6h,-0.003,0.016,0.02,111,0.0,S/D,0.0,3,S/D,S/D,S/D,0,S/D,S/D,S/D,0,S/D,S/D,S/D,0
47E0522C,TAMBO GRANDE,PIURA,PIURA,ecmwf,pp,20260909,20261008,"00Z,12Z",D1,6h,-0.137,2.917,0.267,228,0.75,0.816,0.173,12,0.333,0.867,0.105,6,0.0,1.0,0.0,4,0.0,S/D,0.0,2
47E0522C,TAMBO GRANDE,PIURA,PIURA,gfs,pp,20260909,20261008,"00Z,12Z",D1,6h,-0.193,2.876,0.317,228,0.75,0.8,0.188,12,0.0,1.0,0.0,6,0.0,1.0,0.0,4,0.0,S/D,0.0,2
47E0522C,TAMBO GRANDE,PIURA,PIURA,eta5,pp,20260909,20261008,"00Z,12Z",D1,6h,-0.166,3.315,0.094,184,0.364,0.871,0.105,11,0.0,1.0,0.0,5,0.0,1.0,0.0,4,0.0,S/D,0.0,2
47E0522C,TAMBO GRANDE,PIURA,PIURA,wrf5,pp,20260909,20261008,"00Z,12Z",D1,6h,-0.356,2.881,0.193,224,0.167,0.5,0.143,12,0.0,S/D,0.0,6,0.0,S/D,0.0,4,0.0,S/D,0.0,2
47E0522C,TAMBO GRANDE,PIURA,PIURA,mpas15,pp,20260909,20261008,00Z,D1,6h,-0.262,2.892,0.075,114,0.333,0.75,0.167,6,0.0,1.0,0.0,3,0.0,S/D,0.0,2,0.0,S/D,0.0,1
105144,BERNAL,PIURA,SECHURA,ecmwf,pp,20260909,20261008,"00Z,12Z",D1,6h,0.004,0.01,S/D,26,S/D,S/D,S/D,0,S/D,S/D,S/D,0,S/D,S/D,S/D,0,S/D,S/D,S/D,0
105144,BERNAL,PIURA,SECHURA,gfs,pp,20260909,20261008,"00Z,12Z",D1,6h,0.0,0.0,S/D,26,S/D,S/D,S/D,0,S/D,S/D,S/D,0,S/D,S/D,S/D,0,S/D,S/D,S/D,0
105144,BERNAL,PIURA,SECHURA,eta5,pp,20260909,20261008,"00Z,12Z",D1,6h,0.001,0.004,S/D,23,S/D,S/D,S/D,0,S/D,S/D,S/D,0,S/D,S/D,S/D,0,S/D,S/D,S/D,0
105144,BERNAL,PIURA,SECHURA,wrf5,pp,20260909,20261008,"00Z,12Z",D1,6h,0.0,0.002,S/D,25,S/D,S/D,S/D,0,S/D,S/D,S/D,0,S/D,S/D,S/D,0,S/D,S/D,S/D,0
105144,BERNAL,PIURA,SECHURA,mpas15,pp,20260909,20261008,00Z,D1,6h,0.0,0.0,S/D,13,S/D,S/D,S/D,0,S/D,S/D,S/D,0,S/D,S/D,S/D,0,S/D,S/D,S/D,0
105120,CHUSIS,PIURA,SECHURA,ecmwf,pp,20260909,20261008,"00Z,12Z",D1,6h,0.0,0.0,S/D,2,S/D,S/D,S/D,0,S/D,S/D,S/D,0,S/D,S/D,S/D,0,S/D,S/D,S/D,0
105120,CHUSIS,PIURA,SECHURA,gfs,pp,20260909,20261008,"00Z,12Z",D1,6h,0.0,0.0,S/D,2,S/D,S/D,S/D,0,S/D,S/D,S/D,0,S/D,S/D,S/D,0,S/D,S/D,S/D,0
105120,CHUSIS,PIURA,SECHURA,eta5,pp,20260909,20261008,"00Z,12Z",D1,6h,0.0,0.0,S/D,2,S/D,S/D,S/D,0,S/D,S/D,S/D,0,S/D,S/D,S/D,0,S/D,S/D,S/D,0
105120,CHUSIS,PIURA,SECHURA,wrf5,pp,20260909,20261008,"00Z,12Z",D1,6h,0.0,0.0,S/D,2,S/D,S/D,S/D,0,S/D,S/D,S/D,0,S/D,S/D,S/D,0,S/D,S/D,S/D,0
105120,CHUSIS,PIURA,SECHURA,mpas15,pp,20260909,20261008,00Z,D1,6h,0.0,0.0,S/D,1,S/D,S/D,S/D,0,S/D,S/D,S/D,0,S/D,S/D,S/D,0,S/D,S/D,S/D,0
47E0D438,ALAMOR,PIURA,SULLANA,ecmwf,pp,20260909,20261008,"00Z,12Z",D1,6h,0.208,0.969,0.162,234,0.458,0.676,0.234,24,0.5,0.846,0.133,4,S/D,1.0,0.0,0,S/D,S/D,S/D,0
47E0D438,ALAMOR,PIURA,SULLANA,gfs,pp,20260909,20261008,"00Z,12Z",D1,6h,0.172,0.897,0.302,234,0.375,0.69,0.205,24,0.75,0.8,0.188,4,S/D,1.0,0.0,0,S/D,S/D,S/D,0
47E0D438,ALAMOR,PIURA,SULLANA,eta5,pp,20260909,20261008,"00Z,12Z",D1,6h,0.617,2.088,0.148,188,0.5,0.855,0.127,16,1.0,0.923,0.077,2,S/D,1.0,0.0,0,S/D,S/D,S/D,0
47E0D438,ALAMOR,PIURA,SULLANA,wrf5,pp,20260909,20261008,"00Z,12Z",D1,6h,0.234,1.722,0.158,231,0.333,0.579,0.229,24,0.75,0.667,0.3,4,S/D,1.0,0.0,0,S/D,S/D,S/D,0
47E0D438,ALAMOR,PIURA,SULLANA,mpas15,pp,20260909,20261008,00Z,D1,6h,0.362,1.358,0.214,117,0.583,0.708,0.241,12,0.5,0.944,0.053,2,S/D,1.0,0.0,0,S/D,S/D,S/D,0
47E09732,LA ARDILLA,PIURA,SULLANA,ecmwf,pp,20260909,20261008,"00Z,12Z",D1,6h,0.225,0.962,0.234,230,0.75,0.833,0.158,8,0.5,0.929,0.067,2,S/D,1.0,0.0,0,S/D,S/D,S/D,0
47E09732,LA ARDILLA,PIURA,SULLANA,gfs,pp,20260909,20261008,"00Z,12Z",D1,6h,0.181,0.948,0.361,230,0.75,0.806,0.182,8,0.5,0.933,0.062,2,S/D,1.0,0.0,0,S/D,S/D,S/D,0
47E09732,LA ARDILLA,PIURA,SULLANA,eta5,pp,20260909,20261008,"00Z,12Z",D1,6h,0.619,2.054,0.112,185,0.6,0.945,0.053,5,S/D,1.0,0.0,0,S/D,1.0,0.0,0,S/D,S/D,S/D,0
47E09732,LA ARDILLA,PIURA,SULLANA,wrf5,pp,20260909,20261008,"00Z,12Z",D1,6h,0.177,1.605,0.254,226,0.625,0.643,0.294,8,0.0,1.0,0.0,2,S/D,1.0,0.0,0,S/D,S/D,S/D,0
47E09732,LA ARDILLA,PIURA,SULLANA,mpas15,pp,20260909,20261008,00Z,D1,6h,0.373,1.382,0.246,115,1.0,0.833,0.167,4,1.0,0.941,0.059,1,S/D,1.0,0.0,0,S/D,S/D,S/D,0
472FD6CE,LANCONES,PIURA,SULLANA,ecmwf,pp,20260909,20261008,"00Z,12Z",D1,6h,0.105,0.552,0.204,234,0.625,0.808,0.172,8,0.0,1.0,0.0,2,S/D,1.0,0.0,0,S/D,S/D,S/D,0
472FD6CE,LANCONES,PIURA,SULLANA,gfs,pp,20260909,20261008,"00Z,12Z",D1,6h,0.07,0.396,0.263,234,0.625,0.8,0.179,8,0.0,1.0,0.0,2,S/D,S/D,S/D,0,S/D,S/D,S/D,0
472FD6CE,LANCONES,PIURA,SULLANA,eta5,pp,20260909,20261008,"00Z,12Z",D1,6h,0.166,0.758,0.244,189,0.429,0.9,0.088,7,0.0,1.0,0.0,2,S/D,1.0,0.0,0,S/D,S/D,S/D,0
472FD6CE,LANCONES,PIURA,SULLANA,wrf5,pp,20260909,20261008,"00Z,12Z",D1,6h,0.042,0.463,0.112,230,0.25,0.714,0.154,8,0.0,1.0,0.0,2,S/D,S/D,S/D,0,S/D,S/D,S/D,0
472FD6CE,LANCONES,PIURA,SULLANA,mpas15,pp,20260909,20261008,00Z,D1,6h,0.129,0.672,-0.15,117,0.0,1.0,0.0,4,0.0,1.0,0.0,1,S/D,1.0,0.0,0,S/D,S/D,S/D,0
270202,PUENTE AZANGARO,PUNO,AZANGARO,ecmwf,pp,20260909,20261008,"00Z,12Z",D1,6h,0.282,1.085,0.425,234,1.0,0.75,0.25,14,1.0,0.75,0.25,6,0.0,1.0,0.0,2,S/D,S/D,S/D,0
270202,PUENTE AZANGARO,PUNO,AZANGARO,gfs,pp,20260909,20261008,"00Z,12Z",D1,6h,0.294,1.282,0.471,234,1.0,0.731,0.269,14,1.0,0.75,0.25,6,0.0,1.0,0.0,2,S/D,S/D,S/D,0
270202,PUENTE AZANGARO,PUNO,AZANGARO,eta5,pp,20260909,20261008,"00Z,12Z",D1,6h,0.579,1.664,0.532,187,0.929,0.723,0.271,14,1.0,0.8,0.2,6,1.0,0.778,0.222,2,S/D,S/D,S/D,0
270202,PUENTE AZANGARO,PUNO,AZANGARO,wrf5,pp,20260909,20261008,"00Z,12Z",D1,6h,0.257,1.25,0.453,230,0.846,0.703,0.282,13,0.8,0.733,0.25,5,0.0,1.0,0.0,1,S/D,S/D,S/D,0
270202,PUENTE AZANGARO,PUNO,AZANGARO,mpas15,pp,20260909,20261008,00Z,D1,6h,0.367,1.269,0.229,117,0.714,0.792,0.192,7,1.0,0.842,0.158,3,0.0,1.0,0.0,1,S/D,S/D,S/D,0
4721AAE4,AYMAÑA,PUNO,CARABAYA,ecmwf,pp,20260909,20261008,"00Z,12Z",D1,6h,0.038,1.039,0.44,230,0.763,0.628,0.333,38,0.562,0.55,0.333,16,0.0,1.0,0.0,2,S/D,S/D,S/D,0
4721AAE4,AYMAÑA,PUNO,CARABAYA,gfs,pp,20260909,20261008,"00Z,12Z",D1,6h,0.956,2.21,0.346,230,0.868,0.766,0.226,38,0.75,0.848,0.145,16,0.5,0.923,0.071,2,S/D,S/D,S/D,0
4721AAE4,AYMAÑA,PUNO,CARABAYA,eta5,pp,20260909,20261008,"00Z,12Z",D1,6h,0.804,1.962,0.444,184,0.879,0.701,0.287,33,0.8,0.782,0.207,15,1.0,0.818,0.182,2,S/D,S/D,S/D,0
4721AAE4,AYMAÑA,PUNO,CARABAYA,wrf5,pp,20260909,20261008,"00Z,12Z",D1,6h,0.11,1.355,0.451,227,0.583,0.58,0.323,36,0.667,0.565,0.357,15,0.0,1.0,0.0,2,S/D,S/D,S/D,0
4721AAE4,AYMAÑA,PUNO,CARABAYA,mpas15,pp,20260909,20261008,00Z,D1,6h,0.177,1.3,0.385,115,0.789,0.571,0.385,19,0.625,0.815,0.167,8,0.0,S/D,0.0,1,S/D,S/D,S/D,0
4721B992,UPINA,PUNO,CARABAYA,ecmwf,pp,20260909,20261008,"00Z,12Z",D1,6h,0.368,1.8,0.269,234,0.781,0.802,0.188,32,0.8,0.84,0.154,10,0.5,0.833,0.143,2,S/D,S/D,S/D,0
4721B992,UPINA,PUNO,CARABAYA,gfs,pp,20260909,20261008,"00Z,12Z",D1,6h,0.739,2.295,0.195,234,0.688,0.849,0.141,32,1.0,0.863,0.137,10,0.0,1.0,0.0,2,S/D,S/D,S/D,0
4721B992,UPINA,PUNO,CARABAYA,eta5,pp,20260909,20261008,"00Z,12Z",D1,6h,0.582,2.74,0.238,187,0.679,0.762,0.213,28,0.7,0.811,0.175,10,0.0,1.0,0.0,2,S/D,S/D,S/D,0
4721B992,UPINA,PUNO,CARABAYA,wrf5,pp,20260909,20261008,"00Z,12Z",D1,6h,0.097,1.998,0.298,231,0.531,0.696,0.239,32,0.5,0.783,0.179,10,0.0,1.0,0.0,2,S/D,S/D,S/D,0
4721B992,UPINA,PUNO,CARABAYA,mpas15,pp,20260909,20261008,00Z,D1,6h,0.802,2.614,0.094,117,0.5,0.84,0.138,16,0.6,0.929,0.068,5,0.0,1.0,0.0,1,S/D,S/D,S/D,0
210003,HUANCASAYA,PUNO,HUANCANE,ecmwf,pp,20260909,20261008,"00Z,12Z",D1,6h,0.262,0.91,0.499,224,0.9,0.585,0.397,30,0.6,0.76,0.207,10,S/D,1.0,0.0,0,S/D,S/D,S/D,0
210003,HUANCASAYA,PUNO,HUANCANE,gfs,pp,20260909,20261008,"00Z,12Z",D1,6h,0.422,1.051,0.564,224,0.933,0.636,0.354,30,0.9,0.75,0.243,10,S/D,1.0,0.0,0,S/D,S/D,S/D,0
210003,HUANCASAYA,PUNO,HUANCANE,eta5,pp,20260909,20261008,"00Z,12Z",D1,6h,0.397,1.405,0.561,183,0.828,0.51,0.444,29,0.9,0.69,0.3,10,S/D,1.0,0.0,0,S/D,S/D,S/D,0
210003,HUANCASAYA,PUNO,HUANCANE,wrf5,pp,20260909,20261008,"00Z,12Z",D1,6h,0.42,1.392,0.57,220,0.821,0.521,0.434,28,0.889,0.714,0.276,9,S/D,1.0,0.0,0,S/D,S/D,S/D,0
210003,HUANCASAYA,PUNO,HUANCANE,mpas15,pp,20260909,20261008,00Z,D1,6h,0.751,2.122,0.358,112,0.733,0.667,0.297,15,0.8,0.826,0.167,5,S/D,1.0,0.0,0,S/D,S/D,S/D,0
47251282,PUENTE CARRETERA RAMIS,PUNO,HUANCANE,ecmwf,pp,20260909,20261008,"00Z,12Z",D1,6h,0.247,0.895,0.428,226,1.0,0.754,0.246,14,1.0,0.714,0.286,6,S/D,1.0,0.0,0,S/D,S/D,S/D,0
47251282,PUENTE CARRETERA RAMIS,PUNO,HUANCANE,gfs,pp,20260909,20261008,"00Z,12Z",D1,6h,0.278,1.151,0.502,226,0.929,0.683,0.31,14,1.0,0.7,0.3,6,S/D,1.0,0.0,0,S/D,S/D,S/D,0
47251282,PUENTE CARRETERA RAMIS,PUNO,HUANCANE,eta5,pp,20260909,20261008,"00Z,12Z",D1,6h,0.789,2.099,0.497,183,1.0,0.75,0.25,13,1.0,0.824,0.176,6,S/D,1.0,0.0,0,S/D,S/D,S/D,0
47251282,PUENTE CARRETERA RAMIS,PUNO,HUANCANE,wrf5,pp,20260909,20261008,"00Z,12Z",D1,6h,0.313,1.419,0.501,222,0.846,0.686,0.297,13,1.0,0.737,0.263,5,S/D,1.0,0.0,0,S/D,S/D,S/D,0
47251282,PUENTE CARRETERA RAMIS,PUNO,HUANCANE,mpas15,pp,20260909,20261008,00Z,D1,6h,0.232,0.787,0.312,113,0.857,0.769,0.222,7,1.0,0.727,0.273,3,S/D,1.0,0.0,0,S/D,S/D,S/D,0
472E37C6,PALCA,PUNO,LAMPA,ecmwf,pp,20260909,20261008,"00Z,12Z",D1,6h,0.177,0.589,0.353,236,0.722,0.723,0.25,18,1.0,0.875,0.125,2,S/D,S/D,S/D,0,S/D,S/D,S/D,0
472E37C6,PALCA,PUNO,LAMPA,gfs,pp,20260909,20261008,"00Z,12Z",D1,6h,0.388,1.53,0.446,236,0.889,0.746,0.246,18,0.5,0.958,0.04,2,S/D,1.0,0.0,0,S/D,S/D,S/D,0
472E37C6,PALCA,PUNO,LAMPA,eta5,pp,20260909,20261008,"00Z,12Z",D1,6h,0.591,1.705,0.482,189,0.882,0.659,0.326,17,1.0,0.933,0.067,2,S/D,1.0,0.0,0,S/D,S/D,S/D,0
472E37C6,PALCA,PUNO,LAMPA,wrf5,pp,20260909,20261008,"00Z,12Z",D1,6h,0.327,1.174,0.473,233,0.824,0.674,0.304,17,0.0,1.0,0.0,1,S/D,1.0,0.0,0,S/D,S/D,S/D,0
472E37C6,PALCA,PUNO,LAMPA,mpas15,pp,20260909,20261008,00Z,D1,6h,0.184,0.685,-0.0,118,0.333,0.857,0.111,9,0.0,1.0,0.0,1,S/D,S/D,S/D,0,S/D,S/D,S/D,0
472DE6A0,PAMPAHUTA,PUNO,LAMPA,ecmwf,pp,20260909,20261008,"00Z,12Z",D1,6h,0.118,0.605,0.346,232,0.75,0.721,0.255,16,0.75,0.5,0.429,8,0.0,1.0,0.0,2,S/D,S/D,S/D,0
472DE6A0,PAMPAHUTA,PUNO,LAMPA,gfs,pp,20260909,20261008,"00Z,12Z",D1,6h,0.31,1.25,0.445,232,0.875,0.736,0.255,16,1.0,0.714,0.286,8,0.0,1.0,0.0,2,S/D,S/D,S/D,0
472DE6A0,PAMPAHUTA,PUNO,LAMPA,eta5,pp,20260909,20261008,"00Z,12Z",D1,6h,0.398,1.605,0.488,187,0.688,0.676,0.282,16,1.0,0.636,0.364,8,1.0,0.667,0.333,2,S/D,S/D,S/D,0
472DE6A0,PAMPAHUTA,PUNO,LAMPA,wrf5,pp,20260909,20261008,"00Z,12Z",D1,6h,0.207,1.045,0.427,229,0.733,0.676,0.289,15,0.857,0.647,0.333,7,0.0,1.0,0.0,2,S/D,S/D,S/D,0
472DE6A0,PAMPAHUTA,PUNO,LAMPA,mpas15,pp,20260909,20261008,00Z,D1,6h,0.087,0.457,0.404,116,0.75,0.6,0.353,8,0.75,0.625,0.333,4,1.0,0.0,1.0,1,S/D,S/D,S/D,0
114134,ANANSAYA -PUNA,PUNO,MELGAR,ecmwf,pp,20260909,20261008,"00Z,12Z",D1,6h,0.053,0.147,S/D,32,S/D,1.0,0.0,0,S/D,S/D,S/D,0,S/D,S/D,S/D,0,S/D,S/D,S/D,0
114134,ANANSAYA -PUNA,PUNO,MELGAR,gfs,pp,20260909,20261008,"00Z,12Z",D1,6h,0.242,0.641,S/D,32,S/D,1.0,0.0,0,S/D,1.0,0.0,0,S/D,S/D,S/D,0,S/D,S/D,S/D,0
114134,ANANSAYA -PUNA,PUNO,MELGAR,eta5,pp,20260909,20261008,"00Z,12Z",D1,6h,0.032,0.118,S/D,23,S/D,1.0,0.0,0,S/D,S/D,S/D,0,S/D,S/D,S/D,0,S/D,S/D,S/D,0
114134,ANANSAYA -PUNA,PUNO,MELGAR,wrf5,pp,20260909,20261008,"00Z,12Z",D1,6h,0.067,0.343,S/D,31,S/D,1.0,0.0,0,S/D,1.0,0.0,0,S/D,S/D,S/D,0,S/D,S/D,S/D,0
114134,ANANSAYA -PUNA,PUNO,MELGAR,mpas15,pp,20260909,20261008,00Z,D1,6h,0.125,0.5,S/D,16,S/D,1.0,0.0,0,S/D,1.0,0.0,0,S/D,S/D,S/D,0,S/D,S/D,S/D,0
47256412,ENAFER,PUNO,PUNO,ecmwf,pp,20260909,20261008,"00Z,12Z",D1,6h,S/D,S/D,S/D,0,S/D,S/D,S/D,0,S/D,S/D,S/D,0,S/D,S/D,S/D,0,S/D,S/D,S/D,0
47256412,ENAFER,PUNO,PUNO,gfs,pp,20260909,20261008,"00Z,12Z",D1,6h,S/D,S/D,S/D,0,S/D,S/D,S/D,0,S/D,S/D,S/D,0,S/D,S/D,S/D,0,S/D,S/D,S/D,0
47256412,ENAFER,PUNO,PUNO,eta5,pp,20260909,20261008,"00Z,12Z",D1,6h,S/D,S/D,S/D,0,S/D,S/D,S/D,0,S/D,S/D,S/D,0,S/D,S/D,S/D,0,S/D,S/D,S/D,0
47256412,ENAFER,PUNO,PUNO,wrf5,pp,20260909,20261008,"00Z,12Z",D1,6h,S/D,S/D,S/D,0,S/D,S/D,S/D,0,S/D,S/D,S/D,0,S/D,S/D,S/D,0,S/D,S/D,S/D,0
47256412,ENAFER,PUNO,PUNO,mpas15,pp,20260909,20261008,00Z,D1,6h,S/D,S/D,S/D,0,S/D,S/D,S/D,0,S/D,S/D,S/D,0,S/D,S/D,S/D,0,S/D,S/D,S/D,0
472E4156,ILLPA,PUNO,PUNO,ecmwf,pp,20260909,20261008,"00Z,12Z",D1,6h,0.117,0.517,0.409,232,1.0,0.769,0.231,12,0.625,0.5,0.385,8,S/D,1.0,0.0,0,S/D,S/D,S/D,0
472E4156,ILLPA,PUNO,PUNO,gfs,pp,20260909,20261008,"00Z,12Z",D1,6h,0.347,1.577,0.438,232,1.0,0.803,0.197,12,0.75,0.7,0.273,8,S/D,1.0,0.0,0,S/D,S/D,S/D,0
472E4156,ILLPA,PUNO,PUNO,eta5,pp,20260909,20261008,"00Z,12Z",D1,6h,0.31,1.127,0.396,185,0.818,0.775,0.214,11,0.75,0.739,0.24,8,S/D,1.0,0.0,0,S/D,S/D,S/D,0
472E4156,ILLPA,PUNO,PUNO,wrf5,pp,20260909,20261008,"00Z,12Z",D1,6h,0.261,1.149,0.506,229,0.909,0.688,0.303,11,0.857,0.625,0.353,7,S/D,1.0,0.0,0,S/D,S/D,S/D,0
472E4156,ILLPA,PUNO,PUNO,mpas15,pp,20260909,20261008,00Z,D1,6h,0.203,1.011,0.111,116,0.5,0.842,0.136,6,0.75,0.75,0.231,4,S/D,1.0,0.0,0,S/D,S/D,S/D,0
472CB426,LARAQUERI,PUNO,PUNO,ecmwf,pp,20260909,20261008,"00Z,12Z",D1,6h,0.121,0.504,0.381,236,1.0,0.784,0.216,8,0.833,0.615,0.357,6,S/D,1.0,0.0,0,S/D,S/D,S/D,0
472CB426,LARAQUERI,PUNO,PUNO,gfs,pp,20260909,20261008,"00Z,12Z",D1,6h,0.445,1.742,0.389,236,1.0,0.833,0.167,8,1.0,0.684,0.316,6,S/D,1.0,0.0,0,S/D,S/D,S/D,0
472CB426,LARAQUERI,PUNO,PUNO,eta5,pp,20260909,20261008,"00Z,12Z",D1,6h,0.317,1.227,0.456,189,1.0,0.714,0.286,8,0.833,0.706,0.278,6,S/D,1.0,0.0,0,S/D,S/D,S/D,0
472CB426,LARAQUERI,PUNO,PUNO,wrf5,pp,20260909,20261008,"00Z,12Z",D1,6h,0.306,1.5,0.435,233,1.0,0.742,0.258,8,0.833,0.688,0.294,6,S/D,1.0,0.0,0,S/D,S/D,S/D,0
472CB426,LARAQUERI,PUNO,PUNO,mpas15,pp,20260909,20261008,00Z,D1,6h,0.192,0.783,0.211,118,0.75,0.8,0.188,4,1.0,0.7,0.3,3,S/D,1.0,0.0,0,S/D,S/D,S/D,0
472DD33A,PUNO,PUNO,PUNO,ecmwf,pp,20260909,20261008,"00Z,12Z",D1,6h,0.098,0.567,0.436,234,1.0,0.731,0.269,14,0.667,0.6,0.333,6,0.0,1.0,0.0,2,S/D,S/D,S/D,0
472DD33A,PUNO,PUNO,PUNO,gfs,pp,20260909,20261008,"00Z,12Z",D1,6h,0.327,1.665,0.413,234,0.929,0.787,0.21,14,0.833,0.75,0.238,6,0.0,1.0,0.0,2,S/D,S/D,S/D,0
472DD33A,PUNO,PUNO,PUNO,eta5,pp,20260909,20261008,"00Z,12Z",D1,6h,0.185,0.789,0.432,187,0.846,0.703,0.282,13,0.8,0.733,0.25,5,0.5,0.667,0.25,2,S/D,S/D,S/D,0
472DD33A,PUNO,PUNO,PUNO,wrf5,pp,20260909,20261008,"00Z,12Z",D1,6h,0.354,1.618,0.52,231,0.846,0.621,0.355,13,1.0,0.684,0.316,6,0.5,0.9,0.091,2,S/D,S/D,S/D,0
472DD33A,PUNO,PUNO,PUNO,mpas15,pp,20260909,20261008,00Z,D1,6h,0.205,1.103,0.256,117,0.714,0.643,0.312,7,0.667,0.818,0.167,3,0.0,1.0,0.0,1,S/D,S/D,S/D,0
472CF72C,JULIACA,PUNO,SAN ROMAN,ecmwf,pp,20260909,20261008,"00Z,12Z",D1,6h,0.089,0.496,0.472,230,1.0,0.682,0.318,14,0.667,0.429,0.444,6,S/D,1.0,0.0,0,S/D,S/D,S/D,0
472CF72C,JULIACA,PUNO,SAN ROMAN,gfs,pp,20260909,20261008,"00Z,12Z",D1,6h,0.36,1.719,0.46,230,0.929,0.772,0.224,14,0.5,0.812,0.158,6,S/D,1.0,0.0,0,S/D,S/D,S/D,0
472CF72C,JULIACA,PUNO,SAN ROMAN,eta5,pp,20260909,20261008,"00Z,12Z",D1,6h,0.356,1.374,0.515,184,0.923,0.647,0.343,13,0.833,0.706,0.278,6,S/D,1.0,0.0,0,S/D,S/D,S/D,0
472CF72C,JULIACA,PUNO,SAN ROMAN,wrf5,pp,20260909,20261008,"00Z,12Z",D1,6h,0.31,1.785,0.47,227,0.667,0.714,0.25,12,0.4,0.875,0.105,5,S/D,1.0,0.0,0,S/D,S/D,S/D,0
472CF72C,JULIACA,PUNO,SAN ROMAN,mpas15,pp,20260909,20261008,00Z,D1,6h,0.171,0.691,0.248,115,0.714,0.737,0.238,7,0.667,0.778,0.2,3,S/D,1.0,0.0,0,S/D,S/D,S/D,0
107142,BELLAVISTA,SAN MARTIN,BELLAVISTA,ecmwf,pp,20260909,20261008,"00Z,12Z",D1,6h,S/D,S/D,S/D,0,S/D,S/D,S/D,0,S/D,S/D,S/D,0,S/D,S/D,S/D,0,S/D,S/D,S/D,0
107142,BELLAVISTA,SAN MARTIN,BELLAVISTA,gfs,pp,20260909,20261008,"00Z,12Z",D1,6h,S/D,S/D,S/D,0,S/D,S/D,S/D,0,S/D,S/D,S/D,0,S/D,S/D,S/D,0,S/D,S/D,S/D,0
107142,BELLAVISTA,SAN MARTIN,BELLAVISTA,eta5,pp,20260909,20261008,"00Z,12Z",D1,6h,S/D,S/D,S/D,0,S/D,S/D,S/D,0,S/D,S/D,S/D,0,S/D,S/D,S/D,0,S/D,S/D,S/D,0
107142,BELLAVISTA,SAN MARTIN,BELLAVISTA,wrf5,pp,20260909,20261008,"00Z,12Z",D1,6h,S/D,S/D,S/D,0,S/D,S/D,S/D,0,S/D,S/D,S/D,0,S/D,S/D,S/D,0,S/D,S/D,S/D,0
107142,BELLAVISTA,SAN MARTIN,BELLAVISTA,mpas15,pp,20260909,20261008,00Z,D1,6h,S/D,S/D,S/D,0,S/D,S/D,S/D,0,S/D,S/D,S/D,0,S/D,S/D,S/D,0,S/D,S/D,S/D,0
210006,SHANAO,SAN MARTIN,LAMAS,ecmwf,pp,20260909,20261008,"00Z,12Z",D1,6h,S/D,S/D,S/D,0,S/D,S/D,S/D,0,S/D,S/D,S/D,0,S/D,S/D,S/D,0,S/D,S/D,S/D,0
210006,SHANAO,SAN MARTIN,LAMAS,gfs,pp,20260909,20261008,"00Z,12Z",D1,6h,S/D,S/D,S/D,0,S/D,S/D,S/D,0,S/D,S/D,S/D,0,S/D,S/D,S/D,0,S/D,S/D,S/D,0
210006,SHANAO,SAN MARTIN,LAMAS,eta5,pp,20260909,20261008,"00Z,12Z",D1,6h,S/D,S/D,S/D,0,S/D,S/D,S/D,0,S/D,S/D,S/D,0,S/D,S/D,S/D,0,S/D,S/D,S/D,0
210006,SHANAO,SAN MARTIN,LAMAS,wrf5,pp,20260909,20261008,"00Z,12Z",D1,6h,S/D,S/D,S/D,0,S/D,S/D,S/D,0,S/D,S/D,S/D,0,S/D,S/D,S/D,0,S/D,S/D,S/D,0
210006,SHANAO,SAN MARTIN,LAMAS,mpas15,pp,20260909,20261008,00Z,D1,6h,S/D,S/D,S/D,0,S/D,S/D,S/D,0,S/D,S/D,S/D,0,S/D,S/D,S/D,0,S/D,S/D,S/D,0
106144,JEPELACIO,SAN MARTIN,MOYOBAMBA,ecmwf,pp,20260909,20261008,"00Z,12Z",D1,6h,S/D,S/D,S/D,0,S/D,S/D,S/D,0,S/D,S/D,S/D,0,S/D,S/D,S/D,0,S/D,S/D,S/D,0
106144,JEPELACIO,SAN MARTIN,MOYOBAMBA,gfs,pp,20260909,20261008,"00Z,12Z",D1,6h,S/D,S/D,S/D,0,S/D,S/D,S/D,0,S/D,S/D,S/D,0,S/D,S/D,S/D,0,S/D,S/D,S/D,0
106144,JEPELACIO,SAN MARTIN,MOYOBAMBA,eta5,pp,20260909,20261008,"00Z,12Z",D1,6h,S/D,S/D,S/D,0,S/D,S/D,S/D,0,S/D,S/D,S/D,0,S/D,S/D,S/D,0,S/D,S/D,S/D,0
106144,JEPELACIO,SAN MARTIN,MOYOBAMBA,wrf5,pp,20260909,20261008,"00Z,12Z",D1,6h,S/D,S/D,S/D,0,S/D,S/D,S/D,0,S/D,S/D,S/D,0,S/D,S/D,S/D,0,S/D,S/D,S/D,0
106144,JEPELACIO,SAN MARTIN,MOYOBAMBA,mpas15,pp,20260909,20261008,00Z,D1,6h,S/D,S/D,S/D,0,S/D,S/D,S/D,0,S/D,S/D,S/D,0,S/D,S/D,S/D,0,S/D,S/D,S/D,0
106145,TINGO DE PONAZA,SAN MARTIN,PICOTA,ecmwf,pp,20260909,20261008,"00Z,12Z",D1,6h,S/D,S/D,S/D,0,S/D,S/D,S/D,0,S/D,S/D,S/D,0,S/D,S/D,S/D,0,S/D,S/D,S/D,0
106145,TINGO DE PONAZA,SAN MARTIN,PICOTA,gfs,pp,20260909,20261008,"00Z,12Z",D1,6h,S/D,S/D,S/D,0,S/D,S/D,S/D,0,S/D,S/D,S/D,0,S/D,S/D,S/D,0,S/D,S/D,S/D,0
106145,TINGO DE PONAZA,SAN MARTIN,PICOTA,eta5,pp,20260909,20261008,"00Z,12Z",D1,6h,S/D,S/D,S/D,0,S/D,S/D,S/D,0,S/D,S/D,S/D,0,S/D,S/D,S/D,0,S/D,S/D,S/D,0
106145,TINGO DE PONAZA,SAN MARTIN,PICOTA,wrf5,pp,20260909,20261008,"00Z,12Z",D1,6h,S/D,S/D,S/D,0,S/D,S/D,S/D,0,S/D,S/D,S/D,0,S/D,S/D,S/D,0,S/D,S/D,S/D,0
106145,TINGO DE PONAZA,SAN MARTIN,PICOTA,mpas15,pp,20260909,20261008,00Z,D1,6h,S/D,S/D,S/D,0,S/D,S/D,S/D,0,S/D,S/D,S/D,0,S/D,S/D,S/D,0,S/D,S/D,S/D,0
4724851A,NARANJILLO,SAN MARTIN,RIOJA,ecmwf,pp,20260909,20261008,"00Z,12Z",D1,6h,1.271,3.013,0.356,214,0.933,0.816,0.182,30,0.833,0.835,0.16,18,0.833,0.792,0.2,6,0.0,S/D,0.0,2
4724851A,NARANJILLO,SAN MARTIN,RIOJA,gfs,pp,20260909,20261008,"00Z,12Z",D1,6h,0.552,3.169,0.333,214,0.933,0.81,0.188,30,0.667,0.855,0.135,18,0.167,0.857,0.083,6,0.0,S/D,0.0,2
4724851A,NARANJILLO,SAN MARTIN,RIOJA,eta5,pp,20260909,20261008,"00Z,12Z",D1,6h,1.964,5.184,0.173,173,0.692,0.838,0.151,26,0.588,0.877,0.114,17,0.667,0.871,0.121,6,0.0,1.0,0.0,2
4724851A,NARANJILLO,SAN MARTIN,RIOJA,wrf5,pp,20260909,20261008,"00Z,12Z",D1,6h,0.436,4.479,0.366,211,0.733,0.656,0.306,30,0.5,0.757,0.196,18,0.0,1.0,0.0,6,0.0,1.0,0.0,2
4724851A,NARANJILLO,SAN MARTIN,RIOJA,mpas15,pp,20260909,20261008,00Z,D1,6h,1.439,3.045,0.313,107,0.867,0.776,0.217,15,0.778,0.848,0.146,9,0.667,0.895,0.1,3,0.0,S/D,0.0,1
4723013A,EL PORVENIR,SAN MARTIN,SAN MARTIN,ecmwf,pp,20260909,20261008,"00Z,12Z",D1,6h,1.57,4.918,0.427,200,1.0,0.821,0.179,20,0.857,0.833,0.162,14,1.0,0.733,0.267,4,S/D,1.0,0.0,0
4723013A,EL PORVENIR,SAN MARTIN,SAN MARTIN,gfs,pp,20260909,20261008,"00Z,12Z",D1,6h,0.675,2.482,0.391,200,0.8,0.802,0.188,20,0.857,0.76,0.231,14,1.0,0.6,0.4,4,S/D,1.0,0.0,0
4723013A,EL PORVENIR,SAN MARTIN,SAN MARTIN,eta5,pp,20260909,20261008,"00Z,12Z",D1,6h,1.661,4.583,0.347,169,0.824,0.827,0.167,17,0.833,0.841,0.154,12,0.75,0.857,0.136,4,S/D,1.0,0.0,0
4723013A,EL PORVENIR,SAN MARTIN,SAN MARTIN,wrf5,pp,20260909,20261008,"00Z,12Z",D1,6h,-0.026,2.542,0.449,197,0.5,0.583,0.294,20,0.429,0.5,0.3,14,0.5,0.5,0.333,4,S/D,S/D,S/D,0
4723013A,EL PORVENIR,SAN MARTIN,SAN MARTIN,mpas15,pp,20260909,20261008,00Z,D1,6h,1.085,2.458,0.345,100,0.9,0.775,0.22,10,0.857,0.824,0.171,7,1.0,0.818,0.182,2,S/D,1.0,0.0,0
47E2E456,TOCACHE,SAN MARTIN,TOCACHE,ecmwf,pp,20260909,20261008,"00Z,12Z",D1,6h,1.161,2.515,0.311,228,0.955,0.856,0.143,22,S/D,1.0,0.0,0,S/D,1.0,0.0,0,S/D,S/D,S/D,0
47E2E456,TOCACHE,SAN MARTIN,TOCACHE,gfs,pp,20260909,20261008,"00Z,12Z",D1,6h,1.515,2.801,0.215,228,1.0,0.864,0.136,22,S/D,1.0,0.0,0,S/D,1.0,0.0,0,S/D,S/D,S/D,0
47E2E456,TOCACHE,SAN MARTIN,TOCACHE,eta5,pp,20260909,20261008,"00Z,12Z",D1,6h,3.573,6.292,0.16,184,0.789,0.868,0.127,19,S/D,1.0,0.0,0,S/D,1.0,0.0,0,S/D,S/D,S/D,0
47E2E456,TOCACHE,SAN MARTIN,TOCACHE,wrf5,pp,20260909,20261008,"00Z,12Z",D1,6h,1.401,5.4,0.256,224,0.619,0.783,0.191,21,S/D,1.0,0.0,0,S/D,1.0,0.0,0,S/D,1.0,0.0,0
47E2E456,TOCACHE,SAN MARTIN,TOCACHE,mpas15,pp,20260909,20261008,00Z,D1,6h,2.389,4.348,0.336,114,1.0,0.847,0.153,11,S/D,1.0,0.0,0,S/D,1.0,0.0,0,S/D,S/D,S/D,0
47E2C2BA,CANDARAVE,TACNA,CANDARAVE,ecmwf,pp,20260909,20261008,"00Z,12Z",D1,6h,0.032,0.186,0.238,232,1.0,0.778,0.222,2,S/D,1.0,0.0,0,S/D,S/D,S/D,0,S/D,S/D,S/D,0
47E2C2BA,CANDARAVE,TACNA,CANDARAVE,gfs,pp,20260909,20261008,"00Z,12Z",D1,6h,0.07,0.342,0.267,232,1.0,0.895,0.105,2,S/D,1.0,0.0,0,S/D,S/D,S/D,0,S/D,S/D,S/D,0
47E2C2BA,CANDARAVE,TACNA,CANDARAVE,eta5,pp,20260909,20261008,"00Z,12Z",D1,6h,0.048,0.353,0.432,186,1.0,0.714,0.286,2,S/D,1.0,0.0,0,S/D,S/D,S/D,0,S/D,S/D,S/D,0
47E2C2BA,CANDARAVE,TACNA,CANDARAVE,wrf5,pp,20260909,20261008,"00Z,12Z",D1,6h,0.031,0.3,-0.019,228,0.0,1.0,0.0,2,S/D,1.0,0.0,0,S/D,S/D,S/D,0,S/D,S/D,S/D,0
47E2C2BA,CANDARAVE,TACNA,CANDARAVE,mpas15,pp,20260909,20261008,00Z,D1,6h,0.033,0.228,-0.069,116,0.0,1.0,0.0,1,S/D,1.0,0.0,0,S/D,S/D,S/D,0,S/D,S/D,S/D,0
47E1654C,CORACHAY II,TACNA,CANDARAVE,ecmwf,pp,20260909,20261008,"00Z,12Z",D1,6h,0.108,0.416,0.235,234,0.75,0.889,0.107,4,S/D,1.0,0.0,0,S/D,S/D,S/D,0,S/D,S/D,S/D,0
47E1654C,CORACHAY II,TACNA,CANDARAVE,gfs,pp,20260909,20261008,"00Z,12Z",D1,6h,0.154,0.638,0.347,234,1.0,0.875,0.125,4,S/D,1.0,0.0,0,S/D,1.0,0.0,0,S/D,S/D,S/D,0
47E1654C,CORACHAY II,TACNA,CANDARAVE,eta5,pp,20260909,20261008,"00Z,12Z",D1,6h,0.078,0.412,0.365,187,1.0,0.7,0.3,3,S/D,1.0,0.0,0,S/D,S/D,S/D,0,S/D,S/D,S/D,0
47E1654C,CORACHAY II,TACNA,CANDARAVE,wrf5,pp,20260909,20261008,"00Z,12Z",D1,6h,0.084,0.516,0.399,230,0.75,0.769,0.214,4,S/D,1.0,0.0,0,S/D,1.0,0.0,0,S/D,S/D,S/D,0
47E1654C,CORACHAY II,TACNA,CANDARAVE,mpas15,pp,20260909,20261008,00Z,D1,6h,0.075,0.345,0.074,117,0.5,0.875,0.111,2,S/D,1.0,0.0,0,S/D,S/D,S/D,0,S/D,S/D,S/D,0
47E12646,LAGUNA ARICOTA,TACNA,CANDARAVE,ecmwf,pp,20260909,20261008,"00Z,12Z",D1,6h,0.031,0.183,S/D,236,S/D,1.0,0.0,0,S/D,1.0,0.0,0,S/D,S/D,S/D,0,S/D,S/D,S/D,0
47E12646,LAGUNA ARICOTA,TACNA,CANDARAVE,gfs,pp,20260909,20261008,"00Z,12Z",D1,6h,0.073,0.352,S/D,236,S/D,1.0,0.0,0,S/D,1.0,0.0,0,S/D,S/D,S/D,0,S/D,S/D,S/D,0
47E12646,LAGUNA ARICOTA,TACNA,CANDARAVE,eta5,pp,20260909,20261008,"00Z,12Z",D1,6h,0.011,0.084,S/D,189,S/D,1.0,0.0,0,S/D,S/D,S/D,0,S/D,S/D,S/D,0,S/D,S/D,S/D,0
47E12646,LAGUNA ARICOTA,TACNA,CANDARAVE,wrf5,pp,20260909,20261008,"00Z,12Z",D1,6h,0.027,0.264,S/D,232,S/D,1.0,0.0,0,S/D,1.0,0.0,0,S/D,S/D,S/D,0,S/D,S/D,S/D,0
47E12646,LAGUNA ARICOTA,TACNA,CANDARAVE,mpas15,pp,20260909,20261008,00Z,D1,6h,0.008,0.092,S/D,118,S/D,1.0,0.0,0,S/D,1.0,0.0,0,S/D,S/D,S/D,0,S/D,S/D,S/D,0
47E186BE,PUENTE VIEJO,TACNA,JORGE BASADRE,ecmwf,pp,20260909,20261008,"00Z,12Z",D1,6h,-0.318,2.126,0.0,232,0.167,0.844,0.088,30,0.0,S/D,0.0,12,0.0,S/D,0.0,4,S/D,S/D,S/D,0
47E186BE,PUENTE VIEJO,TACNA,JORGE BASADRE,gfs,pp,20260909,20261008,"00Z,12Z",D1,6h,-0.355,2.13,0.174,232,0.0,S/D,0.0,30,0.0,S/D,0.0,12,0.0,S/D,0.0,4,S/D,S/D,S/D,0
47E186BE,PUENTE VIEJO,TACNA,JORGE BASADRE,eta5,pp,20260909,20261008,"00Z,12Z",D1,6h,-0.297,1.766,-0.042,186,0.0,S/D,0.0,26,0.0,S/D,0.0,9,0.0,S/D,0.0,3,S/D,S/D,S/D,0
47E186BE,PUENTE VIEJO,TACNA,JORGE BASADRE,wrf5,pp,20260909,20261008,"00Z,12Z",D1,6h,-0.358,2.144,0.0,229,0.0,1.0,0.0,30,0.0,S/D,0.0,12,0.0,S/D,0.0,4,S/D,S/D,S/D,0
47E186BE,PUENTE VIEJO,TACNA,JORGE BASADRE,mpas15,pp,20260909,20261008,00Z,D1,6h,-0.344,2.132,-0.04,116,0.0,1.0,0.0,15,0.0,S/D,0.0,6,0.0,S/D,0.0,2,S/D,S/D,S/D,0
47E2B42A,BOCATOMA EL AYRO,TACNA,TACNA,ecmwf,pp,20260909,20261008,"00Z,12Z",D1,6h,0.065,0.353,0.3,234,0.833,0.815,0.179,6,0.0,1.0,0.0,2,S/D,S/D,S/D,0,S/D,S/D,S/D,0
47E2B42A,BOCATOMA EL AYRO,TACNA,TACNA,gfs,pp,20260909,20261008,"00Z,12Z",D1,6h,0.193,0.867,0.432,234,1.0,0.778,0.222,6,1.0,0.833,0.167,2,S/D,1.0,0.0,0,S/D,S/D,S/D,0
47E2B42A,BOCATOMA EL AYRO,TACNA,TACNA,eta5,pp,20260909,20261008,"00Z,12Z",D1,6h,0.129,0.586,0.415,187,1.0,0.692,0.308,4,1.0,0.75,0.25,2,S/D,S/D,S/D,0,S/D,S/D,S/D,0
47E2B42A,BOCATOMA EL AYRO,TACNA,TACNA,wrf5,pp,20260909,20261008,"00Z,12Z",D1,6h,0.075,0.629,0.511,230,1.0,0.667,0.333,6,0.5,0.8,0.167,2,S/D,1.0,0.0,0,S/D,S/D,S/D,0
47E2B42A,BOCATOMA EL AYRO,TACNA,TACNA,mpas15,pp,20260909,20261008,00Z,D1,6h,0.099,0.665,0.311,117,1.0,0.4,0.6,3,1.0,0.75,0.25,1,S/D,1.0,0.0,0,S/D,S/D,S/D,0
47E143A0,CAPLINA,TACNA,TACNA,ecmwf,pp,20260909,20261008,"00Z,12Z",D1,6h,0.003,0.066,0.394,226,0.5,0.5,0.333,6,S/D,S/D,S/D,0,S/D,S/D,S/D,0,S/D,S/D,S/D,0
47E143A0,CAPLINA,TACNA,TACNA,gfs,pp,20260909,20261008,"00Z,12Z",D1,6h,0.057,0.293,0.53,226,0.833,0.615,0.357,6,S/D,1.0,0.0,0,S/D,S/D,S/D,0,S/D,S/D,S/D,0
47E143A0,CAPLINA,TACNA,TACNA,eta5,pp,20260909,20261008,"00Z,12Z",D1,6h,0.068,0.458,0.464,183,0.75,0.625,0.333,4,S/D,1.0,0.0,0,S/D,1.0,0.0,0,S/D,S/D,S/D,0
47E143A0,CAPLINA,TACNA,TACNA,wrf5,pp,20260909,20261008,"00Z,12Z",D1,6h,0.089,0.532,0.605,222,0.833,0.615,0.357,6,S/D,1.0,0.0,0,S/D,1.0,0.0,0,S/D,S/D,S/D,0
47E143A0,CAPLINA,TACNA,TACNA,mpas15,pp,20260909,20261008,00Z,D1,6h,0.036,0.24,0.269,113,0.667,0.333,0.5,3,S/D,1.0,0.0,0,S/D,S/D,S/D,0,S/D,S/D,S/D,0
47E13530,CERRO BLANCO,TACNA,TACNA,ecmwf,pp,20260909,20261008,"00Z,12Z",D1,6h,-0.092,0.249,0.61,232,0.229,0.154,0.22,48,0.0,S/D,0.0,2,S/D,S/D,S/D,0,S/D,S/D,S/D,0
47E13530,CERRO BLANCO,TACNA,TACNA,gfs,pp,20260909,20261008,"00Z,12Z",D1,6h,-0.11,0.282,-0.033,232,0.0,S/D,0.0,48,0.0,S/D,0.0,2,S/D,S/D,S/D,0,S/D,S/D,S/D,0
47E13530,CERRO BLANCO,TACNA,TACNA,eta5,pp,20260909,20261008,"00Z,12Z",D1,6h,-0.11,0.284,S/D,186,0.0,S/D,0.0,40,0.0,S/D,0.0,2,S/D,S/D,S/D,0,S/D,S/D,S/D,0
47E13530,CERRO BLANCO,TACNA,TACNA,wrf5,pp,20260909,20261008,"00Z,12Z",D1,6h,-0.109,0.281,0.446,228,0.0,1.0,0.0,48,0.0,S/D,0.0,2,S/D,S/D,S/D,0,S/D,S/D,S/D,0
47E13530,CERRO BLANCO,TACNA,TACNA,mpas15,pp,20260909,20261008,00Z,D1,6h,-0.11,0.282,-0.117,116,0.0,S/D,0.0,24,0.0,S/D,0.0,1,S/D,S/D,S/D,0,S/D,S/D,S/D,0
47E195C8,CHALLATA,TACNA,TACNA,ecmwf,pp,20260909,20261008,"00Z,12Z",D1,6h,0.011,0.069,S/D,228,S/D,1.0,0.0,0,S/D,S/D,S/D,0,S/D,S/D,S/D,0,S/D,S/D,S/D,0
47E195C8,CHALLATA,TACNA,TACNA,gfs,pp,20260909,20261008,"00Z,12Z",D1,6h,0.064,0.317,S/D,228,S/D,1.0,0.0,0,S/D,1.0,0.0,0,S/D,S/D,S/D,0,S/D,S/D,S/D,0
47E195C8,CHALLATA,TACNA,TACNA,eta5,pp,20260909,20261008,"00Z,12Z",D1,6h,0.024,0.274,S/D,184,S/D,1.0,0.0,0,S/D,1.0,0.0,0,S/D,S/D,S/D,0,S/D,S/D,S/D,0
47E195C8,CHALLATA,TACNA,TACNA,wrf5,pp,20260909,20261008,"00Z,12Z",D1,6h,0.004,0.045,S/D,224,S/D,1.0,0.0,0,S/D,S/D,S/D,0,S/D,S/D,S/D,0,S/D,S/D,S/D,0
47E195C8,CHALLATA,TACNA,TACNA,mpas15,pp,20260909,20261008,00Z,D1,6h,0.0,0.0,S/D,114,S/D,S/D,S/D,0,S/D,S/D,S/D,0,S/D,S/D,S/D,0,S/D,S/D,S/D,0
4722F344,LA TRANCA,TACNA,TACNA,ecmwf,pp,20260909,20261008,"00Z,12Z",D1,6h,S/D,S/D,S/D,0,S/D,S/D,S/D,0,S/D,S/D,S/D,0,S/D,S/D,S/D,0,S/D,S/D,S/D,0
4722F344,LA TRANCA,TACNA,TACNA,gfs,pp,20260909,20261008,"00Z,12Z",D1,6h,S/D,S/D,S/D,0,S/D,S/D,S/D,0,S/D,S/D,S/D,0,S/D,S/D,S/D,0,S/D,S/D,S/D,0
4722F344,LA TRANCA,TACNA,TACNA,eta5,pp,20260909,20261008,"00Z,12Z",D1,6h,S/D,S/D,S/D,0,S/D,S/D,S/D,0,S/D,S/D,S/D,0,S/D,S/D,S/D,0,S/D,S/D,S/D,0
4722F344,LA TRANCA,TACNA,TACNA,wrf5,pp,20260909,20261008,"00Z,12Z",D1,6h,S/D,S/D,S/D,0,S/D,S/D,S/D,0,S/D,S/D,S/D,0,S/D,S/D,S/D,0,S/D,S/D,S/D,0
4722F344,LA TRANCA,TACNA,TACNA,mpas15,pp,20260909,20261008,00Z,D1,6h,S/D,S/D,S/D,0,S/D,S/D,S/D,0,S/D,S/D,S/D,0,S/D,S/D,S/D,0,S/D,S/D,S/D,0
47E113DC,REPRESA PAUCARANI,TACNA,TACNA,ecmwf,pp,20260909,20261008,"00Z,12Z",D1,6h,0.072,0.326,0.354,232,0.625,0.792,0.185,8,S/D,1.0,0.0,0,S/D,S/D,S/D,0,S/D,S/D,S/D,0
47E113DC,REPRESA PAUCARANI,TACNA,TACNA,gfs,pp,20260909,20261008,"00Z,12Z",D1,6h,0.14,0.681,0.367,232,0.75,0.739,0.24,8,S/D,1.0,0.0,0,S/D,1.0,0.0,0,S/D,S/D,S/D,0
47E113DC,REPRESA PAUCARANI,TACNA,TACNA,eta5,pp,20260909,20261008,"00Z,12Z",D1,6h,0.118,0.588,0.322,186,0.667,0.789,0.19,6,S/D,1.0,0.0,0,S/D,1.0,0.0,0,S/D,S/D,S/D,0
47E113DC,REPRESA PAUCARANI,TACNA,TACNA,wrf5,pp,20260909,20261008,"00Z,12Z",D1,6h,0.117,0.818,0.452,228,0.625,0.688,0.263,8,S/D,1.0,0.0,0,S/D,1.0,0.0,0,S/D,S/D,S/D,0
47E113DC,REPRESA PAUCARANI,TACNA,TACNA,mpas15,pp,20260909,20261008,00Z,D1,6h,0.028,0.211,0.258,116,0.5,0.333,0.4,4,S/D,1.0,0.0,0,S/D,S/D,S/D,0,S/D,S/D,S/D,0
117059,ANCOAQUE,TACNA,TARATA,ecmwf,pp,20260909,20261008,"00Z,12Z",D1,6h,0.068,0.357,0.258,178,0.667,0.714,0.25,6,S/D,1.0,0.0,0,S/D,S/D,S/D,0,S/D,S/D,S/D,0
117059,ANCOAQUE,TACNA,TARATA,gfs,pp,20260909,20261008,"00Z,12Z",D1,6h,0.145,0.704,0.311,178,0.667,0.818,0.167,6,S/D,1.0,0.0,0,S/D,1.0,0.0,0,S/D,S/D,S/D,0
117059,ANCOAQUE,TACNA,TARATA,eta5,pp,20260909,20261008,"00Z,12Z",D1,6h,0.088,0.41,0.283,142,0.6,0.727,0.231,5,S/D,1.0,0.0,0,S/D,S/D,S/D,0,S/D,S/D,S/D,0
117059,ANCOAQUE,TACNA,TARATA,wrf5,pp,20260909,20261008,"00Z,12Z",D1,6h,0.119,0.859,0.35,175,0.667,0.692,0.267,6,S/D,1.0,0.0,0,S/D,1.0,0.0,0,S/D,S/D,S/D,0
117059,ANCOAQUE,TACNA,TARATA,mpas15,pp,20260909,20261008,00Z,D1,6h,0.254,0.899,0.309,89,1.0,0.7,0.3,3,S/D,1.0,0.0,0,S/D,1.0,0.0,0,S/D,S/D,S/D,0
47E292C6,CHUAPALCA,TACNA,TARATA,ecmwf,pp,20260909,20261008,"00Z,12Z",D1,6h,0.071,0.39,0.303,228,1.0,0.818,0.182,4,S/D,1.0,0.0,0,S/D,S/D,S/D,0,S/D,S/D,S/D,0
47E292C6,CHUAPALCA,TACNA,TARATA,gfs,pp,20260909,20261008,"00Z,12Z",D1,6h,0.213,0.89,0.351,228,1.0,0.867,0.133,4,S/D,1.0,0.0,0,S/D,1.0,0.0,0,S/D,S/D,S/D,0
47E292C6,CHUAPALCA,TACNA,TARATA,eta5,pp,20260909,20261008,"00Z,12Z",D1,6h,0.166,0.68,0.369,182,1.0,0.824,0.176,3,S/D,1.0,0.0,0,S/D,S/D,S/D,0,S/D,S/D,S/D,0
47E292C6,CHUAPALCA,TACNA,TARATA,wrf5,pp,20260909,20261008,"00Z,12Z",D1,6h,0.092,0.462,0.392,224,1.0,0.8,0.2,4,S/D,1.0,0.0,0,S/D,S/D,S/D,0,S/D,S/D,S/D,0
47E292C6,CHUAPALCA,TACNA,TARATA,mpas15,pp,20260909,20261008,00Z,D1,6h,0.218,0.769,0.23,114,1.0,0.857,0.143,2,S/D,1.0,0.0,0,S/D,1.0,0.0,0,S/D,S/D,S/D,0
47E150D6,PUENTE TALAPALCA,TACNA,TARATA,ecmwf,pp,20260909,20261008,"00Z,12Z",D1,6h,0.006,0.034,S/D,228,S/D,1.0,0.0,0,S/D,S/D,S/D,0,S/D,S/D,S/D,0,S/D,S/D,S/D,0
47E150D6,PUENTE TALAPALCA,TACNA,TARATA,gfs,pp,20260909,20261008,"00Z,12Z",D1,6h,0.012,0.074,S/D,228,S/D,1.0,0.0,0,S/D,S/D,S/D,0,S/D,S/D,S/D,0,S/D,S/D,S/D,0
47E150D6,PUENTE TALAPALCA,TACNA,TARATA,eta5,pp,20260909,20261008,"00Z,12Z",D1,6h,0.031,0.223,S/D,183,S/D,1.0,0.0,0,S/D,1.0,0.0,0,S/D,S/D,S/D,0,S/D,S/D,S/D,0
47E150D6,PUENTE TALAPALCA,TACNA,TARATA,wrf5,pp,20260909,20261008,"00Z,12Z",D1,6h,0.005,0.042,S/D,224,S/D,1.0,0.0,0,S/D,S/D,S/D,0,S/D,S/D,S/D,0,S/D,S/D,S/D,0
47E150D6,PUENTE TALAPALCA,TACNA,TARATA,mpas15,pp,20260909,20261008,00Z,D1,6h,0.026,0.162,S/D,114,S/D,1.0,0.0,0,S/D,1.0,0.0,0,S/D,S/D,S/D,0,S/D,S/D,S/D,0
47E1B324,REPRESA JARUMAS,TACNA,TARATA,ecmwf,pp,20260909,20261008,"00Z,12Z",D1,6h,0.078,0.434,0.15,234,0.375,0.824,0.136,8,S/D,1.0,0.0,0,S/D,S/D,S/D,0,S/D,S/D,S/D,0
47E1B324,REPRESA JARUMAS,TACNA,TARATA,gfs,pp,20260909,20261008,"00Z,12Z",D1,6h,0.144,0.716,0.19,234,0.5,0.857,0.125,8,S/D,1.0,0.0,0,S/D,1.0,0.0,0,S/D,S/D,S/D,0
47E1B324,REPRESA JARUMAS,TACNA,TARATA,eta5,pp,20260909,20261008,"00Z,12Z",D1,6h,0.113,0.556,0.173,188,0.429,0.812,0.15,7,S/D,1.0,0.0,0,S/D,S/D,S/D,0,S/D,S/D,S/D,0
47E1B324,REPRESA JARUMAS,TACNA,TARATA,wrf5,pp,20260909,20261008,"00Z,12Z",D1,6h,0.12,0.773,0.248,230,0.375,0.786,0.158,8,S/D,1.0,0.0,0,S/D,1.0,0.0,0,S/D,S/D,S/D,0
47E1B324,REPRESA JARUMAS,TACNA,TARATA,mpas15,pp,20260909,20261008,00Z,D1,6h,0.056,0.302,0.141,117,0.25,0.857,0.1,4,S/D,1.0,0.0,0,S/D,S/D,S/D,0,S/D,S/D,S/D,0
47E1763A,SALIDA TUNEL KOVIRE,TACNA,TARATA,ecmwf,pp,20260909,20261008,"00Z,12Z",D1,6h,0.069,0.392,0.403,234,0.75,0.647,0.316,8,S/D,1.0,0.0,0,S/D,S/D,S/D,0,S/D,S/D,S/D,0
47E1763A,SALIDA TUNEL KOVIRE,TACNA,TARATA,gfs,pp,20260909,20261008,"00Z,12Z",D1,6h,0.135,0.663,0.494,234,1.0,0.714,0.286,8,S/D,1.0,0.0,0,S/D,1.0,0.0,0,S/D,S/D,S/D,0
47E1763A,SALIDA TUNEL KOVIRE,TACNA,TARATA,eta5,pp,20260909,20261008,"00Z,12Z",D1,6h,0.108,0.563,0.453,187,1.0,0.688,0.312,5,S/D,1.0,0.0,0,S/D,1.0,0.0,0,S/D,S/D,S/D,0
47E1763A,SALIDA TUNEL KOVIRE,TACNA,TARATA,wrf5,pp,20260909,20261008,"00Z,12Z",D1,6h,0.11,0.726,0.547,230,0.875,0.5,0.467,8,S/D,1.0,0.0,0,S/D,1.0,0.0,0,S/D,S/D,S/D,0
47E1763A,SALIDA TUNEL KOVIRE,TACNA,TARATA,mpas15,pp,20260909,20261008,00Z,D1,6h,0.061,0.32,0.308,117,0.75,0.5,0.429,4,S/D,1.0,0.0,0,S/D,S/D,S/D,0,S/D,S/D,S/D,0
47E2D1CC,TARATA,TACNA,TARATA,ecmwf,pp,20260909,20261008,"00Z,12Z",D1,6h,0.022,0.196,0.572,234,0.5,0.545,0.312,10,0.5,0.667,0.25,2,S/D,S/D,S/D,0,S/D,S/D,S/D,0
47E2D1CC,TARATA,TACNA,TARATA,gfs,pp,20260909,20261008,"00Z,12Z",D1,6h,0.08,0.407,0.566,234,0.8,0.6,0.364,10,1.0,0.75,0.25,2,S/D,S/D,S/D,0,S/D,S/D,S/D,0
47E2D1CC,TARATA,TACNA,TARATA,eta5,pp,20260909,20261008,"00Z,12Z",D1,6h,0.056,0.41,0.562,187,0.714,0.444,0.455,7,0.0,1.0,0.0,1,S/D,S/D,S/D,0,S/D,S/D,S/D,0
47E2D1CC,TARATA,TACNA,TARATA,wrf5,pp,20260909,20261008,"00Z,12Z",D1,6h,0.025,0.256,0.655,230,0.4,0.333,0.333,10,0.0,1.0,0.0,2,S/D,S/D,S/D,0,S/D,S/D,S/D,0
47E2D1CC,TARATA,TACNA,TARATA,mpas15,pp,20260909,20261008,00Z,D1,6h,0.063,0.294,0.4,117,1.0,0.167,0.833,5,1.0,0.8,0.2,1,S/D,S/D,S/D,0,S/D,S/D,S/D,0
47E2A75C,VILACOTA,TACNA,TARATA,ecmwf,pp,20260909,20261008,"00Z,12Z",D1,6h,0.118,0.435,0.276,236,1.0,0.867,0.133,4,S/D,1.0,0.0,0,S/D,S/D,S/D,0,S/D,S/D,S/D,0
47E2A75C,VILACOTA,TACNA,TARATA,gfs,pp,20260909,20261008,"00Z,12Z",D1,6h,0.197,0.837,0.323,236,1.0,0.857,0.143,4,S/D,1.0,0.0,0,S/D,1.0,0.0,0,S/D,S/D,S/D,0
47E2A75C,VILACOTA,TACNA,TARATA,eta5,pp,20260909,20261008,"00Z,12Z",D1,6h,0.107,0.512,0.376,190,1.0,0.75,0.25,4,S/D,1.0,0.0,0,S/D,S/D,S/D,0,S/D,S/D,S/D,0
47E2A75C,VILACOTA,TACNA,TARATA,wrf5,pp,20260909,20261008,"00Z,12Z",D1,6h,0.082,0.549,0.333,232,1.0,0.765,0.235,4,S/D,1.0,0.0,0,S/D,1.0,0.0,0,S/D,S/D,S/D,0
47E2A75C,VILACOTA,TACNA,TARATA,mpas15,pp,20260909,20261008,00Z,D1,6h,0.319,1.131,0.244,118,1.0,0.857,0.143,2,S/D,1.0,0.0,0,S/D,1.0,0.0,0,S/D,S/D,S/D,0
472F13D0,CAÑAVERAL,TUMBES,CONTRALMIRANTE VILLAR,ecmwf,pp,20260909,20261008,"00Z,12Z",D1,6h,-0.37,6.666,0.327,234,0.688,0.81,0.175,16,0.9,0.571,0.409,10,0.375,0.0,0.375,8,0.0,S/D,0.0,2
472F13D0,CAÑAVERAL,TUMBES,CONTRALMIRANTE VILLAR,gfs,pp,20260909,20261008,"00Z,12Z",D1,6h,-0.552,6.653,0.35,234,0.688,0.804,0.18,16,0.9,0.5,0.474,10,0.375,0.0,0.375,8,0.0,S/D,0.0,2
472F13D0,CAÑAVERAL,TUMBES,CONTRALMIRANTE VILLAR,eta5,pp,20260909,20261008,"00Z,12Z",D1,6h,0.349,5.99,0.108,188,0.667,0.918,0.079,9,0.6,0.925,0.071,5,0.2,0.857,0.091,5,0.0,S/D,0.0,1
472F13D0,CAÑAVERAL,TUMBES,CONTRALMIRANTE VILLAR,wrf5,pp,20260909,20261008,"00Z,12Z",D1,6h,-0.781,6.933,0.339,230,0.562,0.64,0.281,16,0.4,0.333,0.333,10,0.0,S/D,0.0,8,0.0,S/D,0.0,2
472F13D0,CAÑAVERAL,TUMBES,CONTRALMIRANTE VILLAR,mpas15,pp,20260909,20261008,00Z,D1,6h,-0.72,6.887,0.245,117,0.375,0.769,0.167,8,0.2,0.857,0.091,5,0.0,S/D,0.0,4,0.0,S/D,0.0,1
47E01126,CABO INGA H,TUMBES,TUMBES,ecmwf,pp,20260909,20261008,"00Z,12Z",D1,6h,-0.596,5.845,0.438,228,0.714,0.588,0.354,56,0.75,0.571,0.375,24,0.357,0.5,0.263,14,0.0,S/D,0.0,4
47E01126,CABO INGA H,TUMBES,TUMBES,gfs,pp,20260909,20261008,"00Z,12Z",D1,6h,-0.917,5.984,0.47,228,0.661,0.543,0.37,56,0.542,0.581,0.31,24,0.286,0.2,0.267,14,0.0,S/D,0.0,4
47E01126,CABO INGA H,TUMBES,TUMBES,eta5,pp,20260909,20261008,"00Z,12Z",D1,6h,0.866,5.846,0.247,183,0.667,0.692,0.267,42,0.667,0.833,0.154,18,0.4,0.84,0.129,10,0.0,S/D,0.0,2
47E01126,CABO INGA H,TUMBES,TUMBES,wrf5,pp,20260909,20261008,"00Z,12Z",D1,6h,-0.83,5.845,0.497,224,0.554,0.367,0.419,56,0.417,0.5,0.294,24,0.286,0.333,0.25,14,0.25,0.0,0.25,4
47E01126,CABO INGA H,TUMBES,TUMBES,mpas15,pp,20260909,20261008,00Z,D1,6h,-1.004,6.467,0.121,114,0.357,0.643,0.217,28,0.417,0.737,0.192,12,0.143,0.0,0.143,7,0.0,S/D,0.0,2
472F00A6,CABO INGA M,TUMBES,TUMBES,ecmwf,pp,20260909,20261008,"00Z,12Z",D1,6h,-0.876,6.634,0.475,232,0.75,0.567,0.378,56,0.708,0.595,0.347,24,0.375,0.455,0.286,16,0.0,S/D,0.0,4
472F00A6,CABO INGA M,TUMBES,TUMBES,gfs,pp,20260909,20261008,"00Z,12Z",D1,6h,-1.169,6.744,0.474,232,0.643,0.544,0.364,56,0.542,0.606,0.295,24,0.312,0.167,0.294,16,0.0,S/D,0.0,4
472F00A6,CABO INGA M,TUMBES,TUMBES,eta5,pp,20260909,20261008,"00Z,12Z",D1,6h,0.629,6.24,0.288,185,0.718,0.692,0.275,39,0.706,0.833,0.156,17,0.455,0.8,0.161,11,0.0,S/D,0.0,2
472F00A6,CABO INGA M,TUMBES,TUMBES,wrf5,pp,20260909,20261008,"00Z,12Z",D1,6h,-1.001,6.566,0.48,228,0.518,0.408,0.382,56,0.542,0.519,0.342,24,0.312,0.375,0.263,16,0.25,0.0,0.25,4
472F00A6,CABO INGA M,TUMBES,TUMBES,mpas15,pp,20260909,20261008,00Z,D1,6h,-1.322,7.282,0.151,116,0.357,0.63,0.222,28,0.333,0.778,0.154,12,0.125,0.0,0.125,8,0.0,S/D,0.0,2
472EF2D8,CAMPAMENTO SEDE,TUMBES,TUMBES,ecmwf,pp,20260909,20261008,"00Z,12Z",D1,6h,0.399,2.17,0.273,152,0.643,0.786,0.191,14,0.0,1.0,0.0,2,0.0,1.0,0.0,2,S/D,S/D,S/D,0
472EF2D8,CAMPAMENTO SEDE,TUMBES,TUMBES,gfs,pp,20260909,20261008,"00Z,12Z",D1,6h,-0.001,1.057,0.123,152,0.429,0.846,0.128,14,0.0,1.0,0.0,2,0.0,S/D,0.0,2,S/D,S/D,S/D,0
472EF2D8,CAMPAMENTO SEDE,TUMBES,TUMBES,eta5,pp,20260909,20261008,"00Z,12Z",D1,6h,1.257,3.737,0.097,118,0.6,0.875,0.115,10,1.0,0.963,0.037,1,0.0,1.0,0.0,1,S/D,S/D,S/D,0
472EF2D8,CAMPAMENTO SEDE,TUMBES,TUMBES,wrf5,pp,20260909,20261008,"00Z,12Z",D1,6h,-0.061,1.046,0.046,151,0.286,0.765,0.148,14,0.0,1.0,0.0,2,0.0,S/D,0.0,2,S/D,S/D,S/D,0
472EF2D8,CAMPAMENTO SEDE,TUMBES,TUMBES,mpas15,pp,20260909,20261008,00Z,D1,6h,0.107,1.332,0.179,76,0.429,0.727,0.2,7,1.0,0.833,0.167,1,0.0,1.0,0.0,1,S/D,S/D,S/D,0
4724A3F6,EL TIGRE,TUMBES,TUMBES,ecmwf,pp,20260909,20261008,"00Z,12Z",D1,6h,0.588,1.993,0.246,226,1.0,0.914,0.086,8,1.0,0.939,0.061,2,0.0,1.0,0.0,2,S/D,S/D,S/D,0
4724A3F6,EL TIGRE,TUMBES,TUMBES,gfs,pp,20260909,20261008,"00Z,12Z",D1,6h,0.17,0.735,0.202,226,0.625,0.929,0.068,8,1.0,0.867,0.133,2,0.0,1.0,0.0,2,S/D,S/D,S/D,0
4724A3F6,EL TIGRE,TUMBES,TUMBES,eta5,pp,20260909,20261008,"00Z,12Z",D1,6h,1.406,3.536,0.156,182,1.0,0.953,0.047,4,1.0,0.982,0.018,1,1.0,0.941,0.059,1,S/D,1.0,0.0,0
4724A3F6,EL TIGRE,TUMBES,TUMBES,wrf5,pp,20260909,20261008,"00Z,12Z",D1,6h,0.143,1.501,0.228,222,0.625,0.844,0.143,8,1.0,0.8,0.2,2,0.0,1.0,0.0,2,S/D,S/D,S/D,0
4724A3F6,EL TIGRE,TUMBES,TUMBES,mpas15,pp,20260909,20261008,00Z,D1,6h,0.243,1.0,0.229,113,0.5,0.917,0.077,4,0.0,1.0,0.0,1,0.0,S/D,0.0,1,S/D,S/D,S/D,0
472F43AC,HUASIMO,TUMBES,TUMBES,ecmwf,pp,20260909,20261008,"00Z,12Z",D1,6h,-0.428,5.973,0.452,234,0.783,0.636,0.33,46,0.75,0.591,0.36,24,0.429,0.455,0.316,14,0.0,S/D,0.0,2
472F43AC,HUASIMO,TUMBES,TUMBES,gfs,pp,20260909,20261008,"00Z,12Z",D1,6h,-0.742,5.871,0.403,234,0.652,0.63,0.309,46,0.625,0.531,0.366,24,0.357,0.167,0.333,14,0.0,S/D,0.0,2
472F43AC,HUASIMO,TUMBES,TUMBES,eta5,pp,20260909,20261008,"00Z,12Z",D1,6h,0.18,5.485,0.246,187,0.676,0.713,0.253,34,0.556,0.783,0.185,18,0.333,0.786,0.15,9,0.0,S/D,0.0,1
472F43AC,HUASIMO,TUMBES,TUMBES,wrf5,pp,20260909,20261008,"00Z,12Z",D1,6h,-0.954,6.166,0.378,230,0.348,0.59,0.232,46,0.5,0.294,0.414,24,0.214,0.0,0.214,14,0.0,1.0,0.0,2
472F43AC,HUASIMO,TUMBES,TUMBES,mpas15,pp,20260909,20261008,00Z,D1,6h,-1.095,6.383,0.13,117,0.217,0.783,0.122,23,0.25,0.769,0.136,12,0.0,S/D,0.0,7,0.0,S/D,0.0,1
47E024BC,PUENTE TUMBES,TUMBES,TUMBES,ecmwf,pp,20260909,20261008,"00Z,12Z",D1,6h,0.277,1.673,0.305,200,0.556,0.778,0.189,18,0.0,1.0,0.0,4,S/D,1.0,0.0,0,S/D,S/D,S/D,0
47E024BC,PUENTE TUMBES,TUMBES,TUMBES,gfs,pp,20260909,20261008,"00Z,12Z",D1,6h,-0.018,0.599,0.201,200,0.389,0.794,0.156,18,0.0,1.0,0.0,4,S/D,S/D,S/D,0,S/D,S/D,S/D,0
47E024BC,PUENTE TUMBES,TUMBES,TUMBES,eta5,pp,20260909,20261008,"00Z,12Z",D1,6h,1.233,3.439,0.069,163,0.615,0.895,0.099,13,0.667,0.943,0.056,3,S/D,1.0,0.0,0,S/D,S/D,S/D,0
47E024BC,PUENTE TUMBES,TUMBES,TUMBES,wrf5,pp,20260909,20261008,"00Z,12Z",D1,6h,-0.024,0.563,0.148,196,0.235,0.75,0.138,17,0.0,1.0,0.0,3,S/D,S/D,S/D,0,S/D,S/D,S/D,0
47E024BC,PUENTE TUMBES,TUMBES,TUMBES,mpas15,pp,20260909,20261008,00Z,D1,6h,0.153,1.205,0.153,100,0.333,0.727,0.176,9,0.5,0.857,0.125,2,S/D,1.0,0.0,0,S/D,S/D,S/D,0
103068,PUERTO PIZARRO,TUMBES,TUMBES,ecmwf,pp,20260909,20261008,"00Z,12Z",D1,6h,0.006,0.014,S/D,12,S/D,S/D,S/D,0,S/D,S/D,S/D,0,S/D,S/D,S/D,0,S/D,S/D,S/D,0
103068,PUERTO PIZARRO,TUMBES,TUMBES,gfs,pp,20260909,20261008,"00Z,12Z",D1,6h,0.016,0.04,S/D,12,S/D,1.0,0.0,0,S/D,S/D,S/D,0,S/D,S/D,S/D,0,S/D,S/D,S/D,0
103068,PUERTO PIZARRO,TUMBES,TUMBES,eta5,pp,20260909,20261008,"00Z,12Z",D1,6h,0.035,0.08,S/D,8,S/D,1.0,0.0,0,S/D,S/D,S/D,0,S/D,S/D,S/D,0,S/D,S/D,S/D,0
103068,PUERTO PIZARRO,TUMBES,TUMBES,wrf5,pp,20260909,20261008,"00Z,12Z",D1,6h,0.112,0.332,S/D,12,S/D,1.0,0.0,0,S/D,1.0,0.0,0,S/D,S/D,S/D,0,S/D,S/D,S/D,0
103068,PUERTO PIZARRO,TUMBES,TUMBES,mpas15,pp,20260909,20261008,00Z,D1,6h,0.0,0.001,S/D,6,S/D,S/D,S/D,0,S/D,S/D,S/D,0,S/D,S/D,S/D,0,S/D,S/D,S/D,0
472F264A,RICA PLAYA,TUMBES,TUMBES,ecmwf,pp,20260909,20261008,"00Z,12Z",D1,6h,0.291,1.813,0.38,232,0.846,0.771,0.22,26,0.714,0.697,0.27,14,0.5,0.5,0.333,6,S/D,S/D,S/D,0
472F264A,RICA PLAYA,TUMBES,TUMBES,gfs,pp,20260909,20261008,"00Z,12Z",D1,6h,-0.122,1.265,0.344,232,0.731,0.725,0.25,26,0.429,0.6,0.261,14,0.167,0.0,0.167,6,S/D,S/D,S/D,0
472F264A,RICA PLAYA,TUMBES,TUMBES,eta5,pp,20260909,20261008,"00Z,12Z",D1,6h,0.892,2.952,0.108,185,0.588,0.877,0.114,17,0.375,0.939,0.056,8,0.5,0.833,0.143,4,S/D,S/D,S/D,0
472F264A,RICA PLAYA,TUMBES,TUMBES,wrf5,pp,20260909,20261008,"00Z,12Z",D1,6h,-0.176,1.414,0.265,228,0.385,0.677,0.213,26,0.286,0.636,0.19,14,0.167,0.5,0.143,6,S/D,S/D,S/D,0
472F264A,RICA PLAYA,TUMBES,TUMBES,mpas15,pp,20260909,20261008,00Z,D1,6h,-0.04,1.663,0.323,116,0.538,0.72,0.226,13,0.429,0.786,0.167,7,0.0,S/D,0.0,3,S/D,S/D,S/D,0
472F353C,MATAPALO,TUMBES,ZARUMILLA,ecmwf,pp,20260909,20261008,"00Z,12Z",D1,6h,0.927,2.925,0.37,234,0.875,0.682,0.304,48,0.75,0.902,0.095,8,0.5,0.846,0.133,4,S/D,S/D,S/D,0
472F353C,MATAPALO,TUMBES,ZARUMILLA,gfs,pp,20260909,20261008,"00Z,12Z",D1,6h,0.249,1.828,0.242,234,0.688,0.748,0.226,48,0.5,0.905,0.087,8,0.5,0.0,0.5,4,S/D,S/D,S/D,0
472F353C,MATAPALO,TUMBES,ZARUMILLA,eta5,pp,20260909,20261008,"00Z,12Z",D1,6h,2.988,5.479,0.125,188,0.935,0.791,0.206,31,0.667,0.961,0.038,6,0.667,0.951,0.048,3,S/D,1.0,0.0,0
472F353C,MATAPALO,TUMBES,ZARUMILLA,wrf5,pp,20260909,20261008,"00Z,12Z",D1,6h,-0.14,2.807,0.211,230,0.271,0.649,0.181,48,0.0,1.0,0.0,8,0.0,1.0,0.0,4,S/D,S/D,S/D,0
472F353C,MATAPALO,TUMBES,ZARUMILLA,mpas15,pp,20260909,20261008,00Z,D1,6h,0.329,2.789,0.13,117,0.5,0.707,0.226,24,0.25,0.963,0.033,4,0.0,1.0,0.0,2,S/D,S/D,S/D,0
47E86310,CALLERIA,UCAYALI,CORONEL PORTILLO,ecmwf,pp,20260909,20261008,"00Z,12Z",D1,6h,S/D,S/D,S/D,0,S/D,S/D,S/D,0,S/D,S/D,S/D,0,S/D,S/D,S/D,0,S/D,S/D,S/D,0
47E86310,CALLERIA,UCAYALI,CORONEL PORTILLO,gfs,pp,20260909,20261008,"00Z,12Z",D1,6h,S/D,S/D,S/D,0,S/D,S/D,S/D,0,S/D,S/D,S/D,0,S/D,S/D,S/D,0,S/D,S/D,S/D,0
47E86310,CALLERIA,UCAYALI,CORONEL PORTILLO,eta5,pp,20260909,20261008,"00Z,12Z",D1,6h,S/D,S/D,S/D,0,S/D,S/D,S/D,0,S/D,S/D,S/D,0,S/D,S/D,S/D,0,S/D,S/D,S/D,0
47E86310,CALLERIA,UCAYALI,CORONEL PORTILLO,wrf5,pp,20260909,20261008,"00Z,12Z",D1,6h,S/D,S/D,S/D,0,S/D,S/D,S/D,0,S/D,S/D,S/D,0,S/D,S/D,S/D,0,S/D,S/D,S/D,0
47E86310,CALLERIA,UCAYALI,CORONEL PORTILLO,mpas15,pp,20260909,20261008,00Z,D1,6h,S/D,S/D,S/D,0,S/D,S/D,S/D,0,S/D,S/D,S/D,0,S/D,S/D,S/D,0,S/D,S/D,S/D,0
47E87066,PUERTO ESPERANZA,UCAYALI,PURUS,ecmwf,pp,20260909,20261008,"00Z,12Z",D1,6h,0.918,2.676,0.286,234,1.0,0.929,0.071,8,1.0,0.957,0.043,2,1.0,0.833,0.167,2,S/D,S/D,S/D,0
47E87066,PUERTO ESPERANZA,UCAYALI,PURUS,gfs,pp,20260909,20261008,"00Z,12Z",D1,6h,0.431,2.162,0.255,234,0.875,0.892,0.106,8,1.0,0.929,0.071,2,0.0,1.0,0.0,2,S/D,S/D,S/D,0
47E87066,PUERTO ESPERANZA,UCAYALI,PURUS,eta5,pp,20260909,20261008,"00Z,12Z",D1,6h,0.889,2.488,0.34,188,1.0,0.879,0.121,7,1.0,0.953,0.047,2,1.0,0.818,0.182,2,S/D,S/D,S/D,0
47E87066,PUERTO ESPERANZA,UCAYALI,PURUS,wrf5,pp,20260909,20261008,"00Z,12Z",D1,6h,0.061,2.053,0.301,231,0.75,0.667,0.3,8,0.5,0.75,0.2,2,0.0,1.0,0.0,2,S/D,1.0,0.0,0
47E87066,PUERTO ESPERANZA,UCAYALI,PURUS,mpas15,pp,20260909,20261008,00Z,D1,6h,1.533,3.316,0.248,117,1.0,0.915,0.085,4,1.0,0.976,0.024,1,1.0,0.9,0.1,1,S/D,S/D,S/D,0
270001,DESAGUADERO,PUNO,CHUCUITO,ecmwf,pp,20260909,20261008,"00Z,12Z",D1,6h,S/D,S/D,S/D,0,S/D,S/D,S/D,0,S/D,S/D,S/D,0,S/D,S/D,S/D,0,S/D,S/D,S/D,0
270001,DESAGUADERO,PUNO,CHUCUITO,gfs,pp,20260909,20261008,"00Z,12Z",D1,6h,S/D,S/D,S/D,0,S/D,S/D,S/D,0,S/D,S/D,S/D,0,S/D,S/D,S/D,0,S/D,S/D,S/D,0
270001,DESAGUADERO,PUNO,CHUCUITO,eta5,pp,20260909,20261008,"00Z,12Z",D1,6h,S/D,S/D,S/D,0,S/D,S/D,S/D,0,S/D,S/D,S/D,0,S/D,S/D,S/D,0,S/D,S/D,S/D,0
270001,DESAGUADERO,PUNO,CHUCUITO,wrf5,pp,20260909,20261008,"00Z,12Z",D1,6h,S/D,S/D,S/D,0,S/D,S/D,S/D,0,S/D,S/D,S/D,0,S/D,S/D,S/D,0,S/D,S/D,S/D,0
270001,DESAGUADERO,PUNO,CHUCUITO,mpas15,pp,20260909,20261008,00Z,D1,6h,S/D,S/D,S/D,0,S/D,S/D,S/D,0,S/D,S/D,S/D,0,S/D,S/D,S/D,0,S/D,S/D,S/D,0
101004,GUEPPI,LORETO,PUTUMAYO,ecmwf,pp,20260909,20261008,"00Z,12Z",D1,6h,1.977,3.859,S/D,236,S/D,1.0,0.0,0,S/D,1.0,0.0,0,S/D,1.0,0.0,0,S/D,S/D,S/D,0
101004,GUEPPI,LORETO,PUTUMAYO,gfs,pp,20260909,20261008,"00Z,12Z",D1,6h,1.229,2.809,S/D,236,S/D,1.0,0.0,0,S/D,1.0,0.0,0,S/D,1.0,0.0,0,S/D,1.0,0.0,0
101004,GUEPPI,LORETO,PUTUMAYO,eta5,pp,20260909,20261008,"00Z,12Z",D1,6h,2.876,5.421,S/D,189,S/D,1.0,0.0,0,S/D,1.0,0.0,0,S/D,1.0,0.0,0,S/D,S/D,S/D,0
101004,GUEPPI,LORETO,PUTUMAYO,wrf5,pp,20260909,20261008,"00Z,12Z",D1,6h,0.511,2.259,S/D,232,S/D,1.0,0.0,0,S/D,1.0,0.0,0,S/D,1.0,0.0,0,S/D,1.0,0.0,0
101004,GUEPPI,LORETO,PUTUMAYO,mpas15,pp,20260909,20261008,00Z,D1,6h,1.568,3.11,S/D,118,S/D,1.0,0.0,0,S/D,1.0,0.0,0,S/D,1.0,0.0,0,S/D,S/D,S/D,0
