codigo,estacion,departamento,provincia,modelo,variable,periodo_inicio,periodo_fin,ciclos,horizonte,resolucion,bias,rmse,spearman,n,pod_0p1,far_0p1,csi_0p1,eventos_0p1,pod_1,far_1,csi_1,eventos_1,pod_5,far_5,csi_5,eventos_5,pod_25,far_25,csi_25,eventos_25
472B55E0,PUENTE SALINAS AMOJAO,AMAZONAS,BAGUA,ecmwf,pp,20260827,20260925,"00Z,12Z",D1,6h,-0.218,1.82,0.242,46,0.714,0.643,0.312,14,0.333,0.8,0.143,6,0.0,S/D,0.0,4,S/D,S/D,S/D,0
472B55E0,PUENTE SALINAS AMOJAO,AMAZONAS,BAGUA,gfs,pp,20260827,20260925,"00Z,12Z",D1,6h,-0.188,2.01,0.087,46,0.929,0.629,0.361,14,0.0,1.0,0.0,6,0.0,S/D,0.0,4,S/D,S/D,S/D,0
472B55E0,PUENTE SALINAS AMOJAO,AMAZONAS,BAGUA,eta5,pp,20260827,20260925,"00Z,12Z",D1,6h,0.325,1.34,0.179,38,0.7,0.696,0.269,10,0.667,0.846,0.143,3,0.0,S/D,0.0,2,S/D,S/D,S/D,0
472B55E0,PUENTE SALINAS AMOJAO,AMAZONAS,BAGUA,wrf5,pp,20260827,20260925,"00Z,12Z",D1,6h,-0.266,2.439,-0.183,45,0.143,0.833,0.083,14,0.0,1.0,0.0,6,0.0,1.0,0.0,4,S/D,S/D,S/D,0
472B55E0,PUENTE SALINAS AMOJAO,AMAZONAS,BAGUA,mpas15,pp,20260827,20260925,00Z,D1,6h,-0.291,2.087,-0.002,23,0.286,0.714,0.167,7,0.333,0.75,0.167,3,0.0,S/D,0.0,2,S/D,S/D,S/D,0
472C57D4,BAGUA,AMAZONAS,UTCUBAMBA,ecmwf,pp,20260827,20260925,"00Z,12Z",D1,6h,0.589,1.297,0.182,232,1.0,0.936,0.064,10,0.75,0.897,0.1,8,0.0,1.0,0.0,4,S/D,S/D,S/D,0
472C57D4,BAGUA,AMAZONAS,UTCUBAMBA,gfs,pp,20260827,20260925,"00Z,12Z",D1,6h,0.268,0.94,0.239,232,1.0,0.936,0.064,10,0.625,0.839,0.147,8,0.0,S/D,0.0,4,S/D,S/D,S/D,0
472C57D4,BAGUA,AMAZONAS,UTCUBAMBA,eta5,pp,20260827,20260925,"00Z,12Z",D1,6h,1.16,2.305,0.138,195,0.889,0.93,0.07,9,0.571,0.941,0.056,7,0.333,0.909,0.077,3,S/D,S/D,S/D,0
472C57D4,BAGUA,AMAZONAS,UTCUBAMBA,wrf5,pp,20260827,20260925,"00Z,12Z",D1,6h,-0.122,0.852,-0.032,229,0.1,0.917,0.048,10,0.0,S/D,0.0,8,0.0,S/D,0.0,4,S/D,S/D,S/D,0
472C57D4,BAGUA,AMAZONAS,UTCUBAMBA,mpas15,pp,20260827,20260925,00Z,D1,6h,0.842,1.573,0.102,116,0.6,0.955,0.043,5,0.75,0.935,0.064,4,0.5,0.5,0.333,2,S/D,S/D,S/D,0
472B607A,CORRAL QUEMADO,AMAZONAS,UTCUBAMBA,ecmwf,pp,20260827,20260925,"00Z,12Z",D1,6h,0.36,0.843,0.316,228,0.938,0.851,0.147,16,0.625,0.853,0.135,8,S/D,1.0,0.0,0,S/D,S/D,S/D,0
472B607A,CORRAL QUEMADO,AMAZONAS,UTCUBAMBA,gfs,pp,20260827,20260925,"00Z,12Z",D1,6h,0.319,0.822,0.302,228,0.938,0.861,0.138,16,0.5,0.879,0.108,8,S/D,1.0,0.0,0,S/D,S/D,S/D,0
472B607A,CORRAL QUEMADO,AMAZONAS,UTCUBAMBA,eta5,pp,20260827,20260925,"00Z,12Z",D1,6h,1.839,3.244,0.103,191,0.786,0.914,0.084,14,0.5,0.952,0.046,8,S/D,1.0,0.0,0,S/D,S/D,S/D,0
472B607A,CORRAL QUEMADO,AMAZONAS,UTCUBAMBA,wrf5,pp,20260827,20260925,"00Z,12Z",D1,6h,-0.046,0.461,0.112,224,0.067,0.889,0.043,15,0.0,1.0,0.0,7,S/D,S/D,S/D,0,S/D,S/D,S/D,0
472B607A,CORRAL QUEMADO,AMAZONAS,UTCUBAMBA,mpas15,pp,20260827,20260925,00Z,D1,6h,1.039,1.88,0.142,114,0.75,0.897,0.1,8,0.75,0.938,0.061,4,S/D,1.0,0.0,0,S/D,S/D,S/D,0
472B2370,MAGUNCHAL,AMAZONAS,UTCUBAMBA,ecmwf,pp,20260827,20260925,"00Z,12Z",D1,6h,0.25,0.938,0.354,222,1.0,0.864,0.136,16,0.375,0.87,0.107,8,0.0,1.0,0.0,2,S/D,S/D,S/D,0
472B2370,MAGUNCHAL,AMAZONAS,UTCUBAMBA,gfs,pp,20260827,20260925,"00Z,12Z",D1,6h,0.704,1.489,0.323,222,0.938,0.896,0.103,16,0.625,0.909,0.086,8,0.0,1.0,0.0,2,S/D,S/D,S/D,0
472B2370,MAGUNCHAL,AMAZONAS,UTCUBAMBA,eta5,pp,20260827,20260925,"00Z,12Z",D1,6h,1.854,3.527,0.115,185,0.769,0.919,0.079,13,0.333,0.978,0.021,6,0.0,1.0,0.0,1,S/D,S/D,S/D,0
472B2370,MAGUNCHAL,AMAZONAS,UTCUBAMBA,wrf5,pp,20260827,20260925,"00Z,12Z",D1,6h,-0.108,0.688,0.376,218,0.312,0.688,0.185,16,0.125,0.5,0.111,8,0.0,S/D,0.0,2,S/D,S/D,S/D,0
472B2370,MAGUNCHAL,AMAZONAS,UTCUBAMBA,mpas15,pp,20260827,20260925,00Z,D1,6h,1.026,2.245,0.303,111,1.0,0.83,0.17,8,1.0,0.897,0.103,4,0.0,1.0,0.0,1,S/D,S/D,S/D,0
220907,NARANJITO,AMAZONAS,UTCUBAMBA,ecmwf,pp,20260827,20260925,"00Z,12Z",D1,6h,0.281,1.01,0.186,230,1.0,0.889,0.111,14,0.0,1.0,0.0,4,0.0,1.0,0.0,2,S/D,S/D,S/D,0
220907,NARANJITO,AMAZONAS,UTCUBAMBA,gfs,pp,20260827,20260925,"00Z,12Z",D1,6h,0.531,1.166,0.221,230,1.0,0.9,0.1,14,0.5,0.959,0.039,4,0.0,S/D,0.0,2,S/D,S/D,S/D,0
220907,NARANJITO,AMAZONAS,UTCUBAMBA,eta5,pp,20260827,20260925,"00Z,12Z",D1,6h,2.316,4.4,0.086,193,0.667,0.933,0.065,12,0.0,1.0,0.0,3,0.0,1.0,0.0,2,S/D,S/D,S/D,0
220907,NARANJITO,AMAZONAS,UTCUBAMBA,wrf5,pp,20260827,20260925,"00Z,12Z",D1,6h,-0.045,0.658,0.16,226,0.143,0.867,0.074,14,0.0,1.0,0.0,4,0.0,S/D,0.0,2,S/D,S/D,S/D,0
220907,NARANJITO,AMAZONAS,UTCUBAMBA,mpas15,pp,20260827,20260925,00Z,D1,6h,1.095,2.285,0.151,115,0.857,0.875,0.122,7,1.0,0.95,0.05,2,0.0,1.0,0.0,1,S/D,S/D,S/D,0
109096,BUENA VISTA,ANCASH,CASMA,ecmwf,pp,20260827,20260925,"00Z,12Z",D1,6h,0.003,0.011,S/D,214,S/D,S/D,S/D,0,S/D,S/D,S/D,0,S/D,S/D,S/D,0,S/D,S/D,S/D,0
109096,BUENA VISTA,ANCASH,CASMA,gfs,pp,20260827,20260925,"00Z,12Z",D1,6h,0.006,0.02,S/D,214,S/D,1.0,0.0,0,S/D,S/D,S/D,0,S/D,S/D,S/D,0,S/D,S/D,S/D,0
109096,BUENA VISTA,ANCASH,CASMA,eta5,pp,20260827,20260925,"00Z,12Z",D1,6h,0.002,0.013,S/D,178,S/D,1.0,0.0,0,S/D,S/D,S/D,0,S/D,S/D,S/D,0,S/D,S/D,S/D,0
109096,BUENA VISTA,ANCASH,CASMA,wrf5,pp,20260827,20260925,"00Z,12Z",D1,6h,0.001,0.004,S/D,210,S/D,S/D,S/D,0,S/D,S/D,S/D,0,S/D,S/D,S/D,0,S/D,S/D,S/D,0
109096,BUENA VISTA,ANCASH,CASMA,mpas15,pp,20260827,20260925,00Z,D1,6h,0.0,0.0,S/D,107,S/D,S/D,S/D,0,S/D,S/D,S/D,0,S/D,S/D,S/D,0,S/D,S/D,S/D,0
4725A10C,CHAVIN,ANCASH,HUARI,ecmwf,pp,20260827,20260925,"00Z,12Z",D1,6h,0.43,1.429,0.275,218,0.8,0.843,0.151,20,0.5,0.769,0.188,12,S/D,1.0,0.0,0,S/D,S/D,S/D,0
4725A10C,CHAVIN,ANCASH,HUARI,gfs,pp,20260827,20260925,"00Z,12Z",D1,6h,0.748,1.71,0.126,218,0.75,0.885,0.111,20,0.25,0.942,0.049,12,S/D,1.0,0.0,0,S/D,S/D,S/D,0
4725A10C,CHAVIN,ANCASH,HUARI,eta5,pp,20260827,20260925,"00Z,12Z",D1,6h,0.443,1.075,0.217,185,0.765,0.831,0.16,17,0.4,0.897,0.089,10,S/D,S/D,S/D,0,S/D,S/D,S/D,0
4725A10C,CHAVIN,ANCASH,HUARI,wrf5,pp,20260827,20260925,"00Z,12Z",D1,6h,0.142,1.017,0.128,214,0.35,0.851,0.117,20,0.0,1.0,0.0,12,S/D,1.0,0.0,0,S/D,S/D,S/D,0
4725A10C,CHAVIN,ANCASH,HUARI,mpas15,pp,20260827,20260925,00Z,D1,6h,1.32,3.07,0.204,109,0.7,0.873,0.121,10,0.667,0.895,0.1,6,S/D,1.0,0.0,0,S/D,S/D,S/D,0
109091,SAUCEPAMPA,ANCASH,HUAYLAS,ecmwf,pp,20260827,20260925,"00Z,12Z",D1,6h,0.39,0.888,0.002,230,0.5,0.992,0.008,2,S/D,1.0,0.0,0,S/D,1.0,0.0,0,S/D,S/D,S/D,0
109091,SAUCEPAMPA,ANCASH,HUAYLAS,gfs,pp,20260827,20260925,"00Z,12Z",D1,6h,0.876,1.568,0.158,230,1.0,0.988,0.012,2,S/D,1.0,0.0,0,S/D,1.0,0.0,0,S/D,S/D,S/D,0
109091,SAUCEPAMPA,ANCASH,HUAYLAS,eta5,pp,20260827,20260925,"00Z,12Z",D1,6h,0.652,1.611,0.14,193,1.0,0.984,0.016,1,S/D,1.0,0.0,0,S/D,1.0,0.0,0,S/D,S/D,S/D,0
109091,SAUCEPAMPA,ANCASH,HUAYLAS,wrf5,pp,20260827,20260925,"00Z,12Z",D1,6h,0.081,0.35,0.18,227,0.5,0.962,0.037,2,S/D,1.0,0.0,0,S/D,S/D,S/D,0,S/D,S/D,S/D,0
109091,SAUCEPAMPA,ANCASH,HUAYLAS,mpas15,pp,20260827,20260925,00Z,D1,6h,0.999,1.966,-0.104,115,0.0,1.0,0.0,1,S/D,1.0,0.0,0,S/D,1.0,0.0,0,S/D,S/D,S/D,0
472182DA,PUENTE CAHUA,ANCASH,OCROS,ecmwf,pp,20260827,20260925,"00Z,12Z",D1,6h,S/D,S/D,S/D,0,S/D,S/D,S/D,0,S/D,S/D,S/D,0,S/D,S/D,S/D,0,S/D,S/D,S/D,0
472182DA,PUENTE CAHUA,ANCASH,OCROS,gfs,pp,20260827,20260925,"00Z,12Z",D1,6h,S/D,S/D,S/D,0,S/D,S/D,S/D,0,S/D,S/D,S/D,0,S/D,S/D,S/D,0,S/D,S/D,S/D,0
472182DA,PUENTE CAHUA,ANCASH,OCROS,eta5,pp,20260827,20260925,"00Z,12Z",D1,6h,S/D,S/D,S/D,0,S/D,S/D,S/D,0,S/D,S/D,S/D,0,S/D,S/D,S/D,0,S/D,S/D,S/D,0
472182DA,PUENTE CAHUA,ANCASH,OCROS,wrf5,pp,20260827,20260925,"00Z,12Z",D1,6h,S/D,S/D,S/D,0,S/D,S/D,S/D,0,S/D,S/D,S/D,0,S/D,S/D,S/D,0,S/D,S/D,S/D,0
472182DA,PUENTE CAHUA,ANCASH,OCROS,mpas15,pp,20260827,20260925,00Z,D1,6h,S/D,S/D,S/D,0,S/D,S/D,S/D,0,S/D,S/D,S/D,0,S/D,S/D,S/D,0,S/D,S/D,S/D,0
47E89394,PACHACOTO,ANCASH,RECUAY,ecmwf,pp,20260827,20260925,"00Z,12Z",D1,6h,0.143,1.123,0.187,232,0.542,0.862,0.124,24,0.667,0.765,0.211,6,0.0,S/D,0.0,2,S/D,S/D,S/D,0
47E89394,PACHACOTO,ANCASH,RECUAY,gfs,pp,20260827,20260925,"00Z,12Z",D1,6h,0.455,1.235,0.368,232,0.958,0.83,0.169,24,0.833,0.898,0.1,6,0.0,1.0,0.0,2,S/D,S/D,S/D,0
47E89394,PACHACOTO,ANCASH,RECUAY,eta5,pp,20260827,20260925,"00Z,12Z",D1,6h,0.237,1.111,0.368,195,0.7,0.731,0.241,20,0.6,0.85,0.136,5,0.0,1.0,0.0,1,S/D,S/D,S/D,0
47E89394,PACHACOTO,ANCASH,RECUAY,wrf5,pp,20260827,20260925,"00Z,12Z",D1,6h,0.284,1.616,0.309,229,0.5,0.765,0.19,24,0.667,0.846,0.143,6,0.0,1.0,0.0,2,S/D,S/D,S/D,0
47E89394,PACHACOTO,ANCASH,RECUAY,mpas15,pp,20260827,20260925,00Z,D1,6h,0.729,2.125,0.117,116,0.583,0.837,0.146,12,0.667,0.939,0.059,3,0.0,1.0,0.0,1,S/D,S/D,S/D,0
47259496,RECUAY,ANCASH,RECUAY,ecmwf,pp,20260827,20260925,"00Z,12Z",D1,6h,0.214,0.607,0.244,222,0.778,0.846,0.147,18,0.667,0.75,0.222,6,S/D,S/D,S/D,0,S/D,S/D,S/D,0
47259496,RECUAY,ANCASH,RECUAY,gfs,pp,20260827,20260925,"00Z,12Z",D1,6h,0.557,1.102,0.196,222,0.778,0.896,0.101,18,0.833,0.9,0.098,6,S/D,1.0,0.0,0,S/D,S/D,S/D,0
47259496,RECUAY,ANCASH,RECUAY,eta5,pp,20260827,20260925,"00Z,12Z",D1,6h,0.342,1.069,0.191,189,0.529,0.824,0.153,17,0.667,0.833,0.154,6,S/D,S/D,S/D,0,S/D,S/D,S/D,0
47259496,RECUAY,ANCASH,RECUAY,wrf5,pp,20260827,20260925,"00Z,12Z",D1,6h,0.262,1.1,0.406,218,0.778,0.702,0.275,18,0.667,0.826,0.16,6,S/D,1.0,0.0,0,S/D,S/D,S/D,0
47259496,RECUAY,ANCASH,RECUAY,mpas15,pp,20260827,20260925,00Z,D1,6h,0.855,2.142,0.167,111,0.667,0.87,0.122,9,0.667,0.943,0.056,3,S/D,1.0,0.0,0,S/D,S/D,S/D,0
110138,SHAQUEK,ANCASH,RECUAY,ecmwf,pp,20260827,20260925,"00Z,12Z",D1,6h,0.407,0.97,S/D,230,S/D,1.0,0.0,0,S/D,1.0,0.0,0,S/D,1.0,0.0,0,S/D,S/D,S/D,0
110138,SHAQUEK,ANCASH,RECUAY,gfs,pp,20260827,20260925,"00Z,12Z",D1,6h,0.275,0.601,S/D,230,S/D,1.0,0.0,0,S/D,1.0,0.0,0,S/D,S/D,S/D,0,S/D,S/D,S/D,0
110138,SHAQUEK,ANCASH,RECUAY,eta5,pp,20260827,20260925,"00Z,12Z",D1,6h,0.012,0.054,S/D,193,S/D,1.0,0.0,0,S/D,S/D,S/D,0,S/D,S/D,S/D,0,S/D,S/D,S/D,0
110138,SHAQUEK,ANCASH,RECUAY,wrf5,pp,20260827,20260925,"00Z,12Z",D1,6h,0.05,0.229,S/D,227,S/D,1.0,0.0,0,S/D,1.0,0.0,0,S/D,S/D,S/D,0,S/D,S/D,S/D,0
110138,SHAQUEK,ANCASH,RECUAY,mpas15,pp,20260827,20260925,00Z,D1,6h,0.378,0.997,S/D,115,S/D,1.0,0.0,0,S/D,1.0,0.0,0,S/D,1.0,0.0,0,S/D,S/D,S/D,0
211601,SAN JACINTO,ANCASH,SANTA,ecmwf,pp,20260827,20260925,"00Z,12Z",D1,6h,S/D,S/D,S/D,0,S/D,S/D,S/D,0,S/D,S/D,S/D,0,S/D,S/D,S/D,0,S/D,S/D,S/D,0
211601,SAN JACINTO,ANCASH,SANTA,gfs,pp,20260827,20260925,"00Z,12Z",D1,6h,S/D,S/D,S/D,0,S/D,S/D,S/D,0,S/D,S/D,S/D,0,S/D,S/D,S/D,0,S/D,S/D,S/D,0
211601,SAN JACINTO,ANCASH,SANTA,eta5,pp,20260827,20260925,"00Z,12Z",D1,6h,S/D,S/D,S/D,0,S/D,S/D,S/D,0,S/D,S/D,S/D,0,S/D,S/D,S/D,0,S/D,S/D,S/D,0
211601,SAN JACINTO,ANCASH,SANTA,wrf5,pp,20260827,20260925,"00Z,12Z",D1,6h,S/D,S/D,S/D,0,S/D,S/D,S/D,0,S/D,S/D,S/D,0,S/D,S/D,S/D,0,S/D,S/D,S/D,0
211601,SAN JACINTO,ANCASH,SANTA,mpas15,pp,20260827,20260925,00Z,D1,6h,S/D,S/D,S/D,0,S/D,S/D,S/D,0,S/D,S/D,S/D,0,S/D,S/D,S/D,0,S/D,S/D,S/D,0
113253,CURAHUASI,APURIMAC,ABANCAY,ecmwf,pp,20260827,20260925,"00Z,12Z",D1,6h,0.399,0.846,0.411,230,1.0,0.833,0.167,20,0.667,0.882,0.111,6,S/D,S/D,S/D,0,S/D,S/D,S/D,0
113253,CURAHUASI,APURIMAC,ABANCAY,gfs,pp,20260827,20260925,"00Z,12Z",D1,6h,0.74,1.52,0.357,230,1.0,0.871,0.129,20,0.5,0.949,0.048,6,S/D,1.0,0.0,0,S/D,S/D,S/D,0
113253,CURAHUASI,APURIMAC,ABANCAY,eta5,pp,20260827,20260925,"00Z,12Z",D1,6h,0.354,1.049,0.353,195,0.812,0.764,0.224,16,0.4,0.931,0.062,5,S/D,1.0,0.0,0,S/D,S/D,S/D,0
113253,CURAHUASI,APURIMAC,ABANCAY,wrf5,pp,20260827,20260925,"00Z,12Z",D1,6h,0.18,1.29,0.482,226,0.65,0.618,0.317,20,0.333,0.846,0.118,6,S/D,1.0,0.0,0,S/D,S/D,S/D,0
113253,CURAHUASI,APURIMAC,ABANCAY,mpas15,pp,20260827,20260925,00Z,D1,6h,0.551,1.163,0.19,115,0.7,0.841,0.149,10,0.333,0.971,0.027,3,S/D,1.0,0.0,0,S/D,S/D,S/D,0
47263360,GRANJA SAN ANTONIO,APURIMAC,ABANCAY,ecmwf,pp,20260827,20260925,"00Z,12Z",D1,6h,0.228,0.845,0.533,220,0.812,0.642,0.331,48,0.786,0.633,0.333,14,0.0,S/D,0.0,2,S/D,S/D,S/D,0
47263360,GRANJA SAN ANTONIO,APURIMAC,ABANCAY,gfs,pp,20260827,20260925,"00Z,12Z",D1,6h,0.546,1.484,0.487,220,0.917,0.703,0.289,48,0.643,0.83,0.155,14,0.0,1.0,0.0,2,S/D,S/D,S/D,0
47263360,GRANJA SAN ANTONIO,APURIMAC,ABANCAY,eta5,pp,20260827,20260925,"00Z,12Z",D1,6h,-0.101,0.807,0.343,185,0.452,0.457,0.328,42,0.091,0.75,0.071,11,0.0,S/D,0.0,2,S/D,S/D,S/D,0
47263360,GRANJA SAN ANTONIO,APURIMAC,ABANCAY,wrf5,pp,20260827,20260925,"00Z,12Z",D1,6h,0.228,1.505,0.555,216,0.652,0.388,0.462,46,0.357,0.773,0.161,14,0.0,1.0,0.0,2,S/D,S/D,S/D,0
47263360,GRANJA SAN ANTONIO,APURIMAC,ABANCAY,mpas15,pp,20260827,20260925,00Z,D1,6h,0.513,1.372,0.254,110,0.667,0.66,0.291,24,0.714,0.839,0.152,7,0.0,1.0,0.0,1,S/D,S/D,S/D,0
472B16EA,HUACULLO,APURIMAC,ANTABAMBA,ecmwf,pp,20260827,20260925,"00Z,12Z",D1,6h,0.072,0.721,0.46,228,0.794,0.578,0.38,34,0.444,0.636,0.25,18,S/D,S/D,S/D,0,S/D,S/D,S/D,0
472B16EA,HUACULLO,APURIMAC,ANTABAMBA,gfs,pp,20260827,20260925,"00Z,12Z",D1,6h,0.409,1.286,0.44,228,0.912,0.708,0.284,34,0.556,0.796,0.175,18,S/D,1.0,0.0,0,S/D,S/D,S/D,0
472B16EA,HUACULLO,APURIMAC,ANTABAMBA,eta5,pp,20260827,20260925,"00Z,12Z",D1,6h,0.612,1.603,0.521,192,0.871,0.591,0.386,31,0.833,0.643,0.333,18,S/D,1.0,0.0,0,S/D,S/D,S/D,0
472B16EA,HUACULLO,APURIMAC,ANTABAMBA,wrf5,pp,20260827,20260925,"00Z,12Z",D1,6h,0.195,1.312,0.4,224,0.606,0.643,0.29,33,0.294,0.75,0.156,17,S/D,1.0,0.0,0,S/D,S/D,S/D,0
472B16EA,HUACULLO,APURIMAC,ANTABAMBA,mpas15,pp,20260827,20260925,00Z,D1,6h,0.17,0.835,0.331,114,0.647,0.593,0.333,17,0.667,0.727,0.24,9,S/D,S/D,S/D,0,S/D,S/D,S/D,0
113246,TANCAYLLO,APURIMAC,CHINCHEROS,ecmwf,pp,20260827,20260925,"00Z,12Z",D1,6h,0.511,1.586,0.505,232,0.952,0.612,0.381,42,0.5,0.806,0.162,12,1.0,0.846,0.154,2,S/D,S/D,S/D,0
113246,TANCAYLLO,APURIMAC,CHINCHEROS,gfs,pp,20260827,20260925,"00Z,12Z",D1,6h,0.559,1.884,0.412,232,0.905,0.727,0.266,42,0.667,0.784,0.195,12,1.0,0.818,0.182,2,S/D,S/D,S/D,0
113246,TANCAYLLO,APURIMAC,CHINCHEROS,eta5,pp,20260827,20260925,"00Z,12Z",D1,6h,-0.041,1.129,0.429,195,0.475,0.587,0.284,40,0.333,0.733,0.174,12,0.0,1.0,0.0,2,S/D,S/D,S/D,0
113246,TANCAYLLO,APURIMAC,CHINCHEROS,wrf5,pp,20260827,20260925,"00Z,12Z",D1,6h,0.274,1.502,0.437,229,0.488,0.556,0.303,41,0.727,0.704,0.267,11,1.0,0.667,0.333,2,S/D,S/D,S/D,0
113246,TANCAYLLO,APURIMAC,CHINCHEROS,mpas15,pp,20260827,20260925,00Z,D1,6h,0.574,1.463,0.431,116,0.81,0.63,0.34,21,0.667,0.862,0.129,6,1.0,0.8,0.2,1,S/D,S/D,S/D,0
472A1410,CASACCANCHA,APURIMAC,COTABAMBAS,ecmwf,pp,20260827,20260925,"00Z,12Z",D1,6h,0.394,1.009,0.441,232,1.0,0.727,0.273,30,0.75,0.795,0.191,12,S/D,1.0,0.0,0,S/D,S/D,S/D,0
472A1410,CASACCANCHA,APURIMAC,COTABAMBAS,gfs,pp,20260827,20260925,"00Z,12Z",D1,6h,0.232,0.738,0.387,232,0.967,0.764,0.234,30,0.333,0.846,0.118,12,S/D,S/D,S/D,0,S/D,S/D,S/D,0
472A1410,CASACCANCHA,APURIMAC,COTABAMBAS,eta5,pp,20260827,20260925,"00Z,12Z",D1,6h,0.118,0.765,0.356,195,0.643,0.673,0.277,28,0.5,0.684,0.24,12,S/D,S/D,S/D,0,S/D,S/D,S/D,0
472A1410,CASACCANCHA,APURIMAC,COTABAMBAS,wrf5,pp,20260827,20260925,"00Z,12Z",D1,6h,0.198,0.883,0.388,229,0.655,0.708,0.253,29,0.417,0.75,0.185,12,S/D,1.0,0.0,0,S/D,S/D,S/D,0
472A1410,CASACCANCHA,APURIMAC,COTABAMBAS,mpas15,pp,20260827,20260925,00Z,D1,6h,0.422,1.122,0.28,116,0.733,0.732,0.244,15,0.5,0.893,0.097,6,S/D,S/D,S/D,0,S/D,S/D,S/D,0
116085,AREQUIPA UV,AREQUIPA,AREQUIPA,ecmwf,pp,20260827,20260925,"00Z,12Z",D1,6h,0.0,0.001,S/D,12,S/D,S/D,S/D,0,S/D,S/D,S/D,0,S/D,S/D,S/D,0,S/D,S/D,S/D,0
116085,AREQUIPA UV,AREQUIPA,AREQUIPA,gfs,pp,20260827,20260925,"00Z,12Z",D1,6h,0.036,0.09,S/D,12,S/D,1.0,0.0,0,S/D,S/D,S/D,0,S/D,S/D,S/D,0,S/D,S/D,S/D,0
116085,AREQUIPA UV,AREQUIPA,AREQUIPA,eta5,pp,20260827,20260925,"00Z,12Z",D1,6h,0.0,0.0,S/D,9,S/D,S/D,S/D,0,S/D,S/D,S/D,0,S/D,S/D,S/D,0,S/D,S/D,S/D,0
116085,AREQUIPA UV,AREQUIPA,AREQUIPA,wrf5,pp,20260827,20260925,"00Z,12Z",D1,6h,0.0,0.0,S/D,12,S/D,S/D,S/D,0,S/D,S/D,S/D,0,S/D,S/D,S/D,0,S/D,S/D,S/D,0
116085,AREQUIPA UV,AREQUIPA,AREQUIPA,mpas15,pp,20260827,20260925,00Z,D1,6h,0.0,0.0,S/D,6,S/D,S/D,S/D,0,S/D,S/D,S/D,0,S/D,S/D,S/D,0,S/D,S/D,S/D,0
47E26242,BOYADERO,AREQUIPA,AREQUIPA,ecmwf,pp,20260827,20260925,"00Z,12Z",D1,6h,0.004,0.033,S/D,232,S/D,1.0,0.0,0,S/D,S/D,S/D,0,S/D,S/D,S/D,0,S/D,S/D,S/D,0
47E26242,BOYADERO,AREQUIPA,AREQUIPA,gfs,pp,20260827,20260925,"00Z,12Z",D1,6h,0.0,0.0,S/D,232,S/D,S/D,S/D,0,S/D,S/D,S/D,0,S/D,S/D,S/D,0,S/D,S/D,S/D,0
47E26242,BOYADERO,AREQUIPA,AREQUIPA,eta5,pp,20260827,20260925,"00Z,12Z",D1,6h,0.0,0.0,S/D,195,S/D,S/D,S/D,0,S/D,S/D,S/D,0,S/D,S/D,S/D,0,S/D,S/D,S/D,0
47E26242,BOYADERO,AREQUIPA,AREQUIPA,wrf5,pp,20260827,20260925,"00Z,12Z",D1,6h,0.0,0.001,S/D,228,S/D,S/D,S/D,0,S/D,S/D,S/D,0,S/D,S/D,S/D,0,S/D,S/D,S/D,0
47E26242,BOYADERO,AREQUIPA,AREQUIPA,mpas15,pp,20260827,20260925,00Z,D1,6h,0.0,0.0,S/D,116,S/D,S/D,S/D,0,S/D,S/D,S/D,0,S/D,S/D,S/D,0,S/D,S/D,S/D,0
116083,CAYMA,AREQUIPA,AREQUIPA,ecmwf,pp,20260827,20260925,"00Z,12Z",D1,6h,-0.134,2.042,-0.036,234,0.0,1.0,0.0,2,0.0,1.0,0.0,2,0.0,S/D,0.0,2,S/D,S/D,S/D,0
116083,CAYMA,AREQUIPA,AREQUIPA,gfs,pp,20260827,20260925,"00Z,12Z",D1,6h,-0.17,2.027,-0.022,234,0.0,1.0,0.0,2,0.0,1.0,0.0,2,0.0,S/D,0.0,2,S/D,S/D,S/D,0
116083,CAYMA,AREQUIPA,AREQUIPA,eta5,pp,20260827,20260925,"00Z,12Z",D1,6h,-0.222,2.207,-0.007,197,0.0,S/D,0.0,2,0.0,S/D,0.0,2,0.0,S/D,0.0,2,S/D,S/D,S/D,0
116083,CAYMA,AREQUIPA,AREQUIPA,wrf5,pp,20260827,20260925,"00Z,12Z",D1,6h,-0.091,1.441,-0.009,231,0.0,1.0,0.0,1,0.0,S/D,0.0,1,0.0,S/D,0.0,1,S/D,S/D,S/D,0
116083,CAYMA,AREQUIPA,AREQUIPA,mpas15,pp,20260827,20260925,00Z,D1,6h,-0.179,2.027,-0.058,117,0.0,1.0,0.0,1,0.0,S/D,0.0,1,0.0,S/D,0.0,1,S/D,S/D,S/D,0
472147C4,CHARCANI,AREQUIPA,AREQUIPA,ecmwf,pp,20260827,20260925,"00Z,12Z",D1,6h,0.026,0.384,0.073,230,0.5,0.846,0.133,4,0.0,1.0,0.0,2,S/D,S/D,S/D,0,S/D,S/D,S/D,0
472147C4,CHARCANI,AREQUIPA,AREQUIPA,gfs,pp,20260827,20260925,"00Z,12Z",D1,6h,-0.009,0.296,0.272,230,0.5,0.778,0.182,4,0.0,1.0,0.0,2,S/D,S/D,S/D,0,S/D,S/D,S/D,0
472147C4,CHARCANI,AREQUIPA,AREQUIPA,eta5,pp,20260827,20260925,"00Z,12Z",D1,6h,-0.03,0.307,0.342,193,0.25,0.0,0.25,4,0.0,S/D,0.0,2,S/D,S/D,S/D,0,S/D,S/D,S/D,0
472147C4,CHARCANI,AREQUIPA,AREQUIPA,wrf5,pp,20260827,20260925,"00Z,12Z",D1,6h,-0.009,0.203,0.513,227,0.667,0.0,0.667,3,0.0,S/D,0.0,1,S/D,S/D,S/D,0,S/D,S/D,S/D,0
472147C4,CHARCANI,AREQUIPA,AREQUIPA,mpas15,pp,20260827,20260925,00Z,D1,6h,-0.001,0.32,0.221,115,0.5,0.667,0.25,2,0.0,1.0,0.0,1,S/D,S/D,S/D,0,S/D,S/D,S/D,0
116077,CHIGUATA,AREQUIPA,AREQUIPA,ecmwf,pp,20260827,20260925,"00Z,12Z",D1,6h,0.001,0.008,S/D,232,S/D,1.0,0.0,0,S/D,S/D,S/D,0,S/D,S/D,S/D,0,S/D,S/D,S/D,0
116077,CHIGUATA,AREQUIPA,AREQUIPA,gfs,pp,20260827,20260925,"00Z,12Z",D1,6h,0.006,0.044,S/D,232,S/D,1.0,0.0,0,S/D,S/D,S/D,0,S/D,S/D,S/D,0,S/D,S/D,S/D,0
116077,CHIGUATA,AREQUIPA,AREQUIPA,eta5,pp,20260827,20260925,"00Z,12Z",D1,6h,0.006,0.064,S/D,196,S/D,1.0,0.0,0,S/D,S/D,S/D,0,S/D,S/D,S/D,0,S/D,S/D,S/D,0
116077,CHIGUATA,AREQUIPA,AREQUIPA,wrf5,pp,20260827,20260925,"00Z,12Z",D1,6h,0.008,0.075,S/D,228,S/D,1.0,0.0,0,S/D,S/D,S/D,0,S/D,S/D,S/D,0,S/D,S/D,S/D,0
116077,CHIGUATA,AREQUIPA,AREQUIPA,mpas15,pp,20260827,20260925,00Z,D1,6h,0.078,0.335,S/D,116,S/D,1.0,0.0,0,S/D,1.0,0.0,0,S/D,S/D,S/D,0,S/D,S/D,S/D,0
116079,HUASACACHE,AREQUIPA,AREQUIPA,ecmwf,pp,20260827,20260925,"00Z,12Z",D1,6h,-0.003,0.025,0.263,208,0.0,1.0,0.0,6,S/D,S/D,S/D,0,S/D,S/D,S/D,0,S/D,S/D,S/D,0
116079,HUASACACHE,AREQUIPA,AREQUIPA,gfs,pp,20260827,20260925,"00Z,12Z",D1,6h,0.002,0.042,0.452,208,0.333,0.5,0.25,6,S/D,S/D,S/D,0,S/D,S/D,S/D,0,S/D,S/D,S/D,0
116079,HUASACACHE,AREQUIPA,AREQUIPA,eta5,pp,20260827,20260925,"00Z,12Z",D1,6h,-0.003,0.021,S/D,180,0.0,S/D,0.0,5,S/D,S/D,S/D,0,S/D,S/D,S/D,0,S/D,S/D,S/D,0
116079,HUASACACHE,AREQUIPA,AREQUIPA,wrf5,pp,20260827,20260925,"00Z,12Z",D1,6h,-0.002,0.032,-0.021,204,0.0,1.0,0.0,6,S/D,S/D,S/D,0,S/D,S/D,S/D,0,S/D,S/D,S/D,0
116079,HUASACACHE,AREQUIPA,AREQUIPA,mpas15,pp,20260827,20260925,00Z,D1,6h,0.006,0.101,-0.103,104,0.0,1.0,0.0,3,S/D,S/D,S/D,0,S/D,S/D,S/D,0,S/D,S/D,S/D,0
116065,LA PAMPILLA,AREQUIPA,AREQUIPA,ecmwf,pp,20260827,20260925,"00Z,12Z",D1,6h,-0.001,0.02,-0.017,238,0.0,1.0,0.0,2,S/D,S/D,S/D,0,S/D,S/D,S/D,0,S/D,S/D,S/D,0
116065,LA PAMPILLA,AREQUIPA,AREQUIPA,gfs,pp,20260827,20260925,"00Z,12Z",D1,6h,0.004,0.047,-0.016,238,0.0,1.0,0.0,2,S/D,S/D,S/D,0,S/D,S/D,S/D,0,S/D,S/D,S/D,0
116065,LA PAMPILLA,AREQUIPA,AREQUIPA,eta5,pp,20260827,20260925,"00Z,12Z",D1,6h,-0.001,0.014,-0.005,201,0.0,S/D,0.0,1,S/D,S/D,S/D,0,S/D,S/D,S/D,0,S/D,S/D,S/D,0
116065,LA PAMPILLA,AREQUIPA,AREQUIPA,wrf5,pp,20260827,20260925,"00Z,12Z",D1,6h,-0.0,0.027,-0.009,234,0.0,1.0,0.0,2,S/D,S/D,S/D,0,S/D,S/D,S/D,0,S/D,S/D,S/D,0
116065,LA PAMPILLA,AREQUIPA,AREQUIPA,mpas15,pp,20260827,20260925,00Z,D1,6h,0.024,0.16,-0.058,119,0.0,1.0,0.0,1,S/D,1.0,0.0,0,S/D,S/D,S/D,0,S/D,S/D,S/D,0
116086,LAS SALINAS,AREQUIPA,AREQUIPA,ecmwf,pp,20260827,20260925,"00Z,12Z",D1,6h,0.104,0.453,0.201,204,1.0,0.9,0.1,2,S/D,1.0,0.0,0,S/D,S/D,S/D,0,S/D,S/D,S/D,0
116086,LAS SALINAS,AREQUIPA,AREQUIPA,gfs,pp,20260827,20260925,"00Z,12Z",D1,6h,0.045,0.23,0.137,204,0.5,0.933,0.062,2,S/D,1.0,0.0,0,S/D,S/D,S/D,0,S/D,S/D,S/D,0
116086,LAS SALINAS,AREQUIPA,AREQUIPA,eta5,pp,20260827,20260925,"00Z,12Z",D1,6h,0.074,0.36,0.186,177,1.0,0.9,0.1,1,S/D,1.0,0.0,0,S/D,S/D,S/D,0,S/D,S/D,S/D,0
116086,LAS SALINAS,AREQUIPA,AREQUIPA,wrf5,pp,20260827,20260925,"00Z,12Z",D1,6h,0.044,0.293,-0.025,200,0.0,1.0,0.0,2,S/D,1.0,0.0,0,S/D,S/D,S/D,0,S/D,S/D,S/D,0
116086,LAS SALINAS,AREQUIPA,AREQUIPA,mpas15,pp,20260827,20260925,00Z,D1,6h,0.293,0.88,0.081,102,0.0,1.0,0.0,1,S/D,1.0,0.0,0,S/D,S/D,S/D,0,S/D,S/D,S/D,0
47E360B8,PATAHUASI,AREQUIPA,AREQUIPA,ecmwf,pp,20260827,20260925,"00Z,12Z",D1,6h,0.074,0.363,0.175,236,0.0,1.0,0.0,2,S/D,1.0,0.0,0,S/D,S/D,S/D,0,S/D,S/D,S/D,0
47E360B8,PATAHUASI,AREQUIPA,AREQUIPA,gfs,pp,20260827,20260925,"00Z,12Z",D1,6h,0.062,0.278,0.102,236,0.5,0.95,0.048,2,S/D,1.0,0.0,0,S/D,S/D,S/D,0,S/D,S/D,S/D,0
47E360B8,PATAHUASI,AREQUIPA,AREQUIPA,eta5,pp,20260827,20260925,"00Z,12Z",D1,6h,0.058,0.359,-0.017,200,0.0,1.0,0.0,1,S/D,1.0,0.0,0,S/D,S/D,S/D,0,S/D,S/D,S/D,0
47E360B8,PATAHUASI,AREQUIPA,AREQUIPA,wrf5,pp,20260827,20260925,"00Z,12Z",D1,6h,0.041,0.445,-0.025,232,0.0,1.0,0.0,2,S/D,1.0,0.0,0,S/D,1.0,0.0,0,S/D,S/D,S/D,0
47E360B8,PATAHUASI,AREQUIPA,AREQUIPA,mpas15,pp,20260827,20260925,00Z,D1,6h,0.18,0.523,0.162,118,1.0,0.941,0.059,1,S/D,1.0,0.0,0,S/D,S/D,S/D,0,S/D,S/D,S/D,0
4722E032,PUENTE DEL DIABLO,AREQUIPA,AREQUIPA,ecmwf,pp,20260827,20260925,"00Z,12Z",D1,6h,-0.005,0.057,0.398,222,0.0,S/D,0.0,2,S/D,S/D,S/D,0,S/D,S/D,S/D,0,S/D,S/D,S/D,0
4722E032,PUENTE DEL DIABLO,AREQUIPA,AREQUIPA,gfs,pp,20260827,20260925,"00Z,12Z",D1,6h,-0.005,0.057,-0.006,222,0.0,S/D,0.0,2,S/D,S/D,S/D,0,S/D,S/D,S/D,0,S/D,S/D,S/D,0
4722E032,PUENTE DEL DIABLO,AREQUIPA,AREQUIPA,eta5,pp,20260827,20260925,"00Z,12Z",D1,6h,-0.006,0.062,S/D,188,0.0,S/D,0.0,2,S/D,S/D,S/D,0,S/D,S/D,S/D,0,S/D,S/D,S/D,0
4722E032,PUENTE DEL DIABLO,AREQUIPA,AREQUIPA,wrf5,pp,20260827,20260925,"00Z,12Z",D1,6h,-0.005,0.058,-0.009,218,0.0,S/D,0.0,2,S/D,S/D,S/D,0,S/D,S/D,S/D,0,S/D,S/D,S/D,0
4722E032,PUENTE DEL DIABLO,AREQUIPA,AREQUIPA,mpas15,pp,20260827,20260925,00Z,D1,6h,-0.005,0.057,-0.058,111,0.0,S/D,0.0,1,S/D,S/D,S/D,0,S/D,S/D,S/D,0,S/D,S/D,S/D,0
116082,SAN FRANCISCO,AREQUIPA,AREQUIPA,ecmwf,pp,20260827,20260925,"00Z,12Z",D1,6h,0.0,0.004,S/D,230,S/D,S/D,S/D,0,S/D,S/D,S/D,0,S/D,S/D,S/D,0,S/D,S/D,S/D,0
116082,SAN FRANCISCO,AREQUIPA,AREQUIPA,gfs,pp,20260827,20260925,"00Z,12Z",D1,6h,0.005,0.044,S/D,230,S/D,1.0,0.0,0,S/D,S/D,S/D,0,S/D,S/D,S/D,0,S/D,S/D,S/D,0
116082,SAN FRANCISCO,AREQUIPA,AREQUIPA,eta5,pp,20260827,20260925,"00Z,12Z",D1,6h,0.0,0.0,S/D,194,S/D,S/D,S/D,0,S/D,S/D,S/D,0,S/D,S/D,S/D,0,S/D,S/D,S/D,0
116082,SAN FRANCISCO,AREQUIPA,AREQUIPA,wrf5,pp,20260827,20260925,"00Z,12Z",D1,6h,0.002,0.027,S/D,226,S/D,1.0,0.0,0,S/D,S/D,S/D,0,S/D,S/D,S/D,0,S/D,S/D,S/D,0
116082,SAN FRANCISCO,AREQUIPA,AREQUIPA,mpas15,pp,20260827,20260925,00Z,D1,6h,0.017,0.132,S/D,115,S/D,1.0,0.0,0,S/D,1.0,0.0,0,S/D,S/D,S/D,0,S/D,S/D,S/D,0
47E3B6D0,SAN JOSE DE UZUNA,AREQUIPA,AREQUIPA,ecmwf,pp,20260827,20260925,"00Z,12Z",D1,6h,0.06,0.373,-0.059,238,0.0,1.0,0.0,4,S/D,1.0,0.0,0,S/D,S/D,S/D,0,S/D,S/D,S/D,0
47E3B6D0,SAN JOSE DE UZUNA,AREQUIPA,AREQUIPA,gfs,pp,20260827,20260925,"00Z,12Z",D1,6h,0.034,0.22,-0.041,238,0.0,1.0,0.0,4,S/D,1.0,0.0,0,S/D,S/D,S/D,0,S/D,S/D,S/D,0
47E3B6D0,SAN JOSE DE UZUNA,AREQUIPA,AREQUIPA,eta5,pp,20260827,20260925,"00Z,12Z",D1,6h,-0.003,0.075,-0.018,201,0.0,1.0,0.0,4,S/D,S/D,S/D,0,S/D,S/D,S/D,0,S/D,S/D,S/D,0
47E3B6D0,SAN JOSE DE UZUNA,AREQUIPA,AREQUIPA,wrf5,pp,20260827,20260925,"00Z,12Z",D1,6h,0.012,0.183,-0.03,234,0.0,1.0,0.0,4,S/D,1.0,0.0,0,S/D,S/D,S/D,0,S/D,S/D,S/D,0
47E3B6D0,SAN JOSE DE UZUNA,AREQUIPA,AREQUIPA,mpas15,pp,20260827,20260925,00Z,D1,6h,0.003,0.107,0.07,119,0.0,1.0,0.0,2,S/D,1.0,0.0,0,S/D,S/D,S/D,0,S/D,S/D,S/D,0
47E27134,SOCOSANI,AREQUIPA,AREQUIPA,ecmwf,pp,20260827,20260925,"00Z,12Z",D1,6h,0.007,0.052,S/D,204,S/D,1.0,0.0,0,S/D,S/D,S/D,0,S/D,S/D,S/D,0,S/D,S/D,S/D,0
47E27134,SOCOSANI,AREQUIPA,AREQUIPA,gfs,pp,20260827,20260925,"00Z,12Z",D1,6h,0.003,0.019,S/D,204,S/D,1.0,0.0,0,S/D,S/D,S/D,0,S/D,S/D,S/D,0,S/D,S/D,S/D,0
47E27134,SOCOSANI,AREQUIPA,AREQUIPA,eta5,pp,20260827,20260925,"00Z,12Z",D1,6h,0.0,0.0,S/D,171,S/D,S/D,S/D,0,S/D,S/D,S/D,0,S/D,S/D,S/D,0,S/D,S/D,S/D,0
47E27134,SOCOSANI,AREQUIPA,AREQUIPA,wrf5,pp,20260827,20260925,"00Z,12Z",D1,6h,0.001,0.012,S/D,200,S/D,1.0,0.0,0,S/D,S/D,S/D,0,S/D,S/D,S/D,0,S/D,S/D,S/D,0
47E27134,SOCOSANI,AREQUIPA,AREQUIPA,mpas15,pp,20260827,20260925,00Z,D1,6h,0.0,0.0,S/D,102,S/D,S/D,S/D,0,S/D,S/D,S/D,0,S/D,S/D,S/D,0,S/D,S/D,S/D,0
472EE1AE,TINGO GRANDE,AREQUIPA,AREQUIPA,ecmwf,pp,20260827,20260925,"00Z,12Z",D1,6h,0.0,0.0,S/D,4,S/D,S/D,S/D,0,S/D,S/D,S/D,0,S/D,S/D,S/D,0,S/D,S/D,S/D,0
472EE1AE,TINGO GRANDE,AREQUIPA,AREQUIPA,gfs,pp,20260827,20260925,"00Z,12Z",D1,6h,0.0,0.0,S/D,4,S/D,S/D,S/D,0,S/D,S/D,S/D,0,S/D,S/D,S/D,0,S/D,S/D,S/D,0
472EE1AE,TINGO GRANDE,AREQUIPA,AREQUIPA,eta5,pp,20260827,20260925,"00Z,12Z",D1,6h,0.0,0.0,S/D,2,S/D,S/D,S/D,0,S/D,S/D,S/D,0,S/D,S/D,S/D,0,S/D,S/D,S/D,0
472EE1AE,TINGO GRANDE,AREQUIPA,AREQUIPA,wrf5,pp,20260827,20260925,"00Z,12Z",D1,6h,0.0,0.0,S/D,4,S/D,S/D,S/D,0,S/D,S/D,S/D,0,S/D,S/D,S/D,0,S/D,S/D,S/D,0
472EE1AE,TINGO GRANDE,AREQUIPA,AREQUIPA,mpas15,pp,20260827,20260925,00Z,D1,6h,0.0,0.0,S/D,2,S/D,S/D,S/D,0,S/D,S/D,S/D,0,S/D,S/D,S/D,0,S/D,S/D,S/D,0
116078,TUCTUMPAYA,AREQUIPA,AREQUIPA,ecmwf,pp,20260827,20260925,"00Z,12Z",D1,6h,0.067,0.372,S/D,234,S/D,1.0,0.0,0,S/D,1.0,0.0,0,S/D,S/D,S/D,0,S/D,S/D,S/D,0
116078,TUCTUMPAYA,AREQUIPA,AREQUIPA,gfs,pp,20260827,20260925,"00Z,12Z",D1,6h,0.041,0.215,S/D,234,S/D,1.0,0.0,0,S/D,1.0,0.0,0,S/D,S/D,S/D,0,S/D,S/D,S/D,0
116078,TUCTUMPAYA,AREQUIPA,AREQUIPA,eta5,pp,20260827,20260925,"00Z,12Z",D1,6h,0.011,0.105,S/D,197,S/D,1.0,0.0,0,S/D,1.0,0.0,0,S/D,S/D,S/D,0,S/D,S/D,S/D,0
116078,TUCTUMPAYA,AREQUIPA,AREQUIPA,wrf5,pp,20260827,20260925,"00Z,12Z",D1,6h,0.02,0.218,S/D,231,S/D,1.0,0.0,0,S/D,1.0,0.0,0,S/D,S/D,S/D,0,S/D,S/D,S/D,0
116078,TUCTUMPAYA,AREQUIPA,AREQUIPA,mpas15,pp,20260827,20260925,00Z,D1,6h,0.026,0.16,S/D,117,S/D,1.0,0.0,0,S/D,1.0,0.0,0,S/D,S/D,S/D,0,S/D,S/D,S/D,0
116081,YURA,AREQUIPA,AREQUIPA,ecmwf,pp,20260827,20260925,"00Z,12Z",D1,6h,-0.232,2.07,-0.18,148,0.0,1.0,0.0,2,0.0,S/D,0.0,2,0.0,S/D,0.0,2,S/D,S/D,S/D,0
116081,YURA,AREQUIPA,AREQUIPA,gfs,pp,20260827,20260925,"00Z,12Z",D1,6h,-0.24,2.069,-0.01,148,0.0,S/D,0.0,2,0.0,S/D,0.0,2,0.0,S/D,0.0,2,S/D,S/D,S/D,0
116081,YURA,AREQUIPA,AREQUIPA,eta5,pp,20260827,20260925,"00Z,12Z",D1,6h,-0.272,2.199,S/D,131,0.0,S/D,0.0,2,0.0,S/D,0.0,2,0.0,S/D,0.0,2,S/D,S/D,S/D,0
116081,YURA,AREQUIPA,AREQUIPA,wrf5,pp,20260827,20260925,"00Z,12Z",D1,6h,-0.123,1.478,S/D,145,0.0,S/D,0.0,1,0.0,S/D,0.0,1,0.0,S/D,0.0,1,S/D,S/D,S/D,0
116081,YURA,AREQUIPA,AREQUIPA,mpas15,pp,20260827,20260925,00Z,D1,6h,-0.241,2.069,0.197,74,0.0,S/D,0.0,1,0.0,S/D,0.0,1,0.0,S/D,0.0,1,S/D,S/D,S/D,0
116084,CAMANA,AREQUIPA,CAMANA,ecmwf,pp,20260827,20260925,"00Z,12Z",D1,6h,0.409,0.801,S/D,8,S/D,1.0,0.0,0,S/D,1.0,0.0,0,S/D,S/D,S/D,0,S/D,S/D,S/D,0
116084,CAMANA,AREQUIPA,CAMANA,gfs,pp,20260827,20260925,"00Z,12Z",D1,6h,0.031,0.054,S/D,8,S/D,1.0,0.0,0,S/D,S/D,S/D,0,S/D,S/D,S/D,0,S/D,S/D,S/D,0
116084,CAMANA,AREQUIPA,CAMANA,eta5,pp,20260827,20260925,"00Z,12Z",D1,6h,0.046,0.109,S/D,6,S/D,1.0,0.0,0,S/D,S/D,S/D,0,S/D,S/D,S/D,0,S/D,S/D,S/D,0
116084,CAMANA,AREQUIPA,CAMANA,wrf5,pp,20260827,20260925,"00Z,12Z",D1,6h,0.001,0.002,S/D,8,S/D,S/D,S/D,0,S/D,S/D,S/D,0,S/D,S/D,S/D,0,S/D,S/D,S/D,0
116084,CAMANA,AREQUIPA,CAMANA,mpas15,pp,20260827,20260925,00Z,D1,6h,0.25,0.5,S/D,4,S/D,1.0,0.0,0,S/D,1.0,0.0,0,S/D,S/D,S/D,0,S/D,S/D,S/D,0
472D23BE,OCOÑA,AREQUIPA,CAMANA,ecmwf,pp,20260827,20260925,"00Z,12Z",D1,6h,0.326,0.851,0.292,232,0.75,0.798,0.189,32,0.333,0.939,0.054,6,S/D,S/D,S/D,0,S/D,S/D,S/D,0
472D23BE,OCOÑA,AREQUIPA,CAMANA,gfs,pp,20260827,20260925,"00Z,12Z",D1,6h,-0.082,0.41,0.272,232,0.344,0.5,0.256,32,0.0,S/D,0.0,6,S/D,S/D,S/D,0,S/D,S/D,S/D,0
472D23BE,OCOÑA,AREQUIPA,CAMANA,eta5,pp,20260827,20260925,"00Z,12Z",D1,6h,-0.046,0.447,0.196,196,0.407,0.718,0.2,27,0.0,S/D,0.0,6,S/D,S/D,S/D,0,S/D,S/D,S/D,0
472D23BE,OCOÑA,AREQUIPA,CAMANA,wrf5,pp,20260827,20260925,"00Z,12Z",D1,6h,-0.109,0.423,0.107,229,0.0,S/D,0.0,32,0.0,S/D,0.0,6,S/D,S/D,S/D,0,S/D,S/D,S/D,0
472D23BE,OCOÑA,AREQUIPA,CAMANA,mpas15,pp,20260827,20260925,00Z,D1,6h,-0.044,0.473,0.232,116,0.188,0.667,0.136,16,0.0,1.0,0.0,3,S/D,S/D,S/D,0,S/D,S/D,S/D,0
214400,HUATIAPA,AREQUIPA,CASTILLA,ecmwf,pp,20260827,20260925,"00Z,12Z",D1,6h,S/D,S/D,S/D,0,S/D,S/D,S/D,0,S/D,S/D,S/D,0,S/D,S/D,S/D,0,S/D,S/D,S/D,0
214400,HUATIAPA,AREQUIPA,CASTILLA,gfs,pp,20260827,20260925,"00Z,12Z",D1,6h,S/D,S/D,S/D,0,S/D,S/D,S/D,0,S/D,S/D,S/D,0,S/D,S/D,S/D,0,S/D,S/D,S/D,0
214400,HUATIAPA,AREQUIPA,CASTILLA,eta5,pp,20260827,20260925,"00Z,12Z",D1,6h,S/D,S/D,S/D,0,S/D,S/D,S/D,0,S/D,S/D,S/D,0,S/D,S/D,S/D,0,S/D,S/D,S/D,0
214400,HUATIAPA,AREQUIPA,CASTILLA,wrf5,pp,20260827,20260925,"00Z,12Z",D1,6h,S/D,S/D,S/D,0,S/D,S/D,S/D,0,S/D,S/D,S/D,0,S/D,S/D,S/D,0,S/D,S/D,S/D,0
214400,HUATIAPA,AREQUIPA,CASTILLA,mpas15,pp,20260827,20260925,00Z,D1,6h,S/D,S/D,S/D,0,S/D,S/D,S/D,0,S/D,S/D,S/D,0,S/D,S/D,S/D,0,S/D,S/D,S/D,0
4723D752,CHIVAY,AREQUIPA,CAYLLOMA,ecmwf,pp,20260827,20260925,"00Z,12Z",D1,6h,0.158,0.551,0.408,232,0.929,0.711,0.283,14,S/D,1.0,0.0,0,S/D,S/D,S/D,0,S/D,S/D,S/D,0
4723D752,CHIVAY,AREQUIPA,CAYLLOMA,gfs,pp,20260827,20260925,"00Z,12Z",D1,6h,0.206,0.738,0.433,232,0.857,0.733,0.255,14,S/D,1.0,0.0,0,S/D,1.0,0.0,0,S/D,S/D,S/D,0
4723D752,CHIVAY,AREQUIPA,CAYLLOMA,eta5,pp,20260827,20260925,"00Z,12Z",D1,6h,0.21,0.799,0.39,195,0.75,0.69,0.281,12,S/D,1.0,0.0,0,S/D,1.0,0.0,0,S/D,S/D,S/D,0
4723D752,CHIVAY,AREQUIPA,CAYLLOMA,wrf5,pp,20260827,20260925,"00Z,12Z",D1,6h,0.126,0.634,0.355,229,0.5,0.708,0.226,14,S/D,1.0,0.0,0,S/D,1.0,0.0,0,S/D,S/D,S/D,0
4723D752,CHIVAY,AREQUIPA,CAYLLOMA,mpas15,pp,20260827,20260925,00Z,D1,6h,0.339,0.89,0.217,116,0.571,0.826,0.154,7,S/D,1.0,0.0,0,S/D,S/D,S/D,0,S/D,S/D,S/D,0
47E8A60E,COTACOTA,AREQUIPA,CAYLLOMA,ecmwf,pp,20260827,20260925,"00Z,12Z",D1,6h,0.006,0.837,0.51,226,0.714,0.608,0.339,28,0.375,0.455,0.286,16,S/D,1.0,0.0,0,S/D,S/D,S/D,0
47E8A60E,COTACOTA,AREQUIPA,CAYLLOMA,gfs,pp,20260827,20260925,"00Z,12Z",D1,6h,0.442,1.35,0.484,226,0.893,0.702,0.287,28,0.75,0.714,0.261,16,S/D,1.0,0.0,0,S/D,S/D,S/D,0
47E8A60E,COTACOTA,AREQUIPA,CAYLLOMA,eta5,pp,20260827,20260925,"00Z,12Z",D1,6h,0.399,1.352,0.54,189,0.852,0.558,0.411,27,0.75,0.647,0.316,16,S/D,1.0,0.0,0,S/D,S/D,S/D,0
47E8A60E,COTACOTA,AREQUIPA,CAYLLOMA,wrf5,pp,20260827,20260925,"00Z,12Z",D1,6h,0.297,1.346,0.468,223,0.72,0.617,0.333,25,0.5,0.72,0.219,14,S/D,1.0,0.0,0,S/D,S/D,S/D,0
47E8A60E,COTACOTA,AREQUIPA,CAYLLOMA,mpas15,pp,20260827,20260925,00Z,D1,6h,0.127,0.848,0.52,113,0.857,0.5,0.462,14,0.75,0.6,0.353,8,S/D,1.0,0.0,0,S/D,S/D,S/D,0
47E3A5A6,HUANCA,AREQUIPA,CAYLLOMA,ecmwf,pp,20260827,20260925,"00Z,12Z",D1,6h,0.036,0.22,S/D,238,S/D,1.0,0.0,0,S/D,1.0,0.0,0,S/D,S/D,S/D,0,S/D,S/D,S/D,0
47E3A5A6,HUANCA,AREQUIPA,CAYLLOMA,gfs,pp,20260827,20260925,"00Z,12Z",D1,6h,0.011,0.039,S/D,238,S/D,1.0,0.0,0,S/D,S/D,S/D,0,S/D,S/D,S/D,0,S/D,S/D,S/D,0
47E3A5A6,HUANCA,AREQUIPA,CAYLLOMA,eta5,pp,20260827,20260925,"00Z,12Z",D1,6h,0.002,0.032,S/D,201,S/D,1.0,0.0,0,S/D,S/D,S/D,0,S/D,S/D,S/D,0,S/D,S/D,S/D,0
47E3A5A6,HUANCA,AREQUIPA,CAYLLOMA,wrf5,pp,20260827,20260925,"00Z,12Z",D1,6h,0.004,0.054,S/D,234,S/D,1.0,0.0,0,S/D,S/D,S/D,0,S/D,S/D,S/D,0,S/D,S/D,S/D,0
47E3A5A6,HUANCA,AREQUIPA,CAYLLOMA,mpas15,pp,20260827,20260925,00Z,D1,6h,0.017,0.13,S/D,119,S/D,1.0,0.0,0,S/D,1.0,0.0,0,S/D,S/D,S/D,0,S/D,S/D,S/D,0
47E3834A,IMATA,AREQUIPA,CAYLLOMA,ecmwf,pp,20260827,20260925,"00Z,12Z",D1,6h,0.069,0.558,0.381,234,0.812,0.629,0.342,16,0.4,0.667,0.222,10,S/D,1.0,0.0,0,S/D,S/D,S/D,0
47E3834A,IMATA,AREQUIPA,CAYLLOMA,gfs,pp,20260827,20260925,"00Z,12Z",D1,6h,0.075,0.551,0.329,234,0.688,0.756,0.22,16,0.5,0.615,0.278,10,S/D,S/D,S/D,0,S/D,S/D,S/D,0
47E3834A,IMATA,AREQUIPA,CAYLLOMA,eta5,pp,20260827,20260925,"00Z,12Z",D1,6h,0.031,0.596,0.4,198,0.667,0.565,0.357,15,0.556,0.444,0.385,9,S/D,S/D,S/D,0,S/D,S/D,S/D,0
47E3834A,IMATA,AREQUIPA,CAYLLOMA,wrf5,pp,20260827,20260925,"00Z,12Z",D1,6h,0.037,0.535,0.395,230,0.5,0.619,0.276,16,0.5,0.286,0.417,10,S/D,1.0,0.0,0,S/D,S/D,S/D,0
47E3834A,IMATA,AREQUIPA,CAYLLOMA,mpas15,pp,20260827,20260925,00Z,D1,6h,0.138,0.625,0.251,117,0.5,0.789,0.174,8,0.6,0.812,0.167,5,S/D,S/D,S/D,0,S/D,S/D,S/D,0
4729E39A,PAMPA DE MAJES,AREQUIPA,CAYLLOMA,ecmwf,pp,20260827,20260925,"00Z,12Z",D1,6h,-0.0,0.01,-0.019,230,0.0,S/D,0.0,2,S/D,S/D,S/D,0,S/D,S/D,S/D,0,S/D,S/D,S/D,0
4729E39A,PAMPA DE MAJES,AREQUIPA,CAYLLOMA,gfs,pp,20260827,20260925,"00Z,12Z",D1,6h,-0.001,0.009,S/D,230,0.0,S/D,0.0,2,S/D,S/D,S/D,0,S/D,S/D,S/D,0,S/D,S/D,S/D,0
4729E39A,PAMPA DE MAJES,AREQUIPA,CAYLLOMA,eta5,pp,20260827,20260925,"00Z,12Z",D1,6h,-0.001,0.01,S/D,194,0.0,S/D,0.0,2,S/D,S/D,S/D,0,S/D,S/D,S/D,0,S/D,S/D,S/D,0
4729E39A,PAMPA DE MAJES,AREQUIPA,CAYLLOMA,wrf5,pp,20260827,20260925,"00Z,12Z",D1,6h,-0.001,0.009,S/D,226,0.0,S/D,0.0,2,S/D,S/D,S/D,0,S/D,S/D,S/D,0,S/D,S/D,S/D,0
4729E39A,PAMPA DE MAJES,AREQUIPA,CAYLLOMA,mpas15,pp,20260827,20260925,00Z,D1,6h,-0.001,0.009,0.171,115,0.0,S/D,0.0,1,S/D,S/D,S/D,0,S/D,S/D,S/D,0,S/D,S/D,S/D,0
47E373CE,PILLONES,AREQUIPA,CAYLLOMA,ecmwf,pp,20260827,20260925,"00Z,12Z",D1,6h,0.078,0.36,0.454,224,1.0,0.652,0.348,8,1.0,0.667,0.333,2,S/D,S/D,S/D,0,S/D,S/D,S/D,0
47E373CE,PILLONES,AREQUIPA,CAYLLOMA,gfs,pp,20260827,20260925,"00Z,12Z",D1,6h,0.045,0.264,0.538,224,0.875,0.611,0.368,8,0.5,0.833,0.143,2,S/D,S/D,S/D,0,S/D,S/D,S/D,0
47E373CE,PILLONES,AREQUIPA,CAYLLOMA,eta5,pp,20260827,20260925,"00Z,12Z",D1,6h,0.063,0.424,0.364,188,0.714,0.545,0.385,7,0.0,1.0,0.0,2,S/D,S/D,S/D,0,S/D,S/D,S/D,0
47E373CE,PILLONES,AREQUIPA,CAYLLOMA,wrf5,pp,20260827,20260925,"00Z,12Z",D1,6h,0.022,0.179,0.479,220,0.75,0.571,0.375,8,1.0,0.333,0.667,2,S/D,S/D,S/D,0,S/D,S/D,S/D,0
47E373CE,PILLONES,AREQUIPA,CAYLLOMA,mpas15,pp,20260827,20260925,00Z,D1,6h,0.23,0.598,0.331,112,1.0,0.81,0.19,4,1.0,0.938,0.062,1,S/D,S/D,S/D,0,S/D,S/D,S/D,0
47265686,SIBAYO,AREQUIPA,CAYLLOMA,ecmwf,pp,20260827,20260925,"00Z,12Z",D1,6h,S/D,S/D,S/D,0,S/D,S/D,S/D,0,S/D,S/D,S/D,0,S/D,S/D,S/D,0,S/D,S/D,S/D,0
47265686,SIBAYO,AREQUIPA,CAYLLOMA,gfs,pp,20260827,20260925,"00Z,12Z",D1,6h,S/D,S/D,S/D,0,S/D,S/D,S/D,0,S/D,S/D,S/D,0,S/D,S/D,S/D,0,S/D,S/D,S/D,0
47265686,SIBAYO,AREQUIPA,CAYLLOMA,eta5,pp,20260827,20260925,"00Z,12Z",D1,6h,S/D,S/D,S/D,0,S/D,S/D,S/D,0,S/D,S/D,S/D,0,S/D,S/D,S/D,0,S/D,S/D,S/D,0
47265686,SIBAYO,AREQUIPA,CAYLLOMA,wrf5,pp,20260827,20260925,"00Z,12Z",D1,6h,S/D,S/D,S/D,0,S/D,S/D,S/D,0,S/D,S/D,S/D,0,S/D,S/D,S/D,0,S/D,S/D,S/D,0
47265686,SIBAYO,AREQUIPA,CAYLLOMA,mpas15,pp,20260827,20260925,00Z,D1,6h,S/D,S/D,S/D,0,S/D,S/D,S/D,0,S/D,S/D,S/D,0,S/D,S/D,S/D,0,S/D,S/D,S/D,0
472ED434,SUMBAY,AREQUIPA,CAYLLOMA,ecmwf,pp,20260827,20260925,"00Z,12Z",D1,6h,0.05,0.393,0.287,214,0.7,0.759,0.219,10,0.667,0.6,0.333,6,0.5,0.0,0.5,2,S/D,S/D,S/D,0
472ED434,SUMBAY,AREQUIPA,CAYLLOMA,gfs,pp,20260827,20260925,"00Z,12Z",D1,6h,0.059,0.507,0.243,214,0.6,0.842,0.143,10,0.667,0.636,0.308,6,0.0,S/D,0.0,2,S/D,S/D,S/D,0
472ED434,SUMBAY,AREQUIPA,CAYLLOMA,eta5,pp,20260827,20260925,"00Z,12Z",D1,6h,0.002,0.435,0.379,180,0.556,0.737,0.217,9,0.8,0.556,0.4,5,0.0,S/D,0.0,2,S/D,S/D,S/D,0
472ED434,SUMBAY,AREQUIPA,CAYLLOMA,wrf5,pp,20260827,20260925,"00Z,12Z",D1,6h,0.026,0.397,0.349,212,0.5,0.722,0.217,10,0.667,0.333,0.5,6,0.0,1.0,0.0,2,S/D,S/D,S/D,0
472ED434,SUMBAY,AREQUIPA,CAYLLOMA,mpas15,pp,20260827,20260925,00Z,D1,6h,0.115,0.631,0.3,107,0.6,0.812,0.167,5,0.667,0.846,0.143,3,0.0,S/D,0.0,1,S/D,S/D,S/D,0
115150,COROPUNA,AREQUIPA,CONDESUYOS,ecmwf,pp,20260827,20260925,"00Z,12Z",D1,6h,S/D,S/D,S/D,0,S/D,S/D,S/D,0,S/D,S/D,S/D,0,S/D,S/D,S/D,0,S/D,S/D,S/D,0
115150,COROPUNA,AREQUIPA,CONDESUYOS,gfs,pp,20260827,20260925,"00Z,12Z",D1,6h,S/D,S/D,S/D,0,S/D,S/D,S/D,0,S/D,S/D,S/D,0,S/D,S/D,S/D,0,S/D,S/D,S/D,0
115150,COROPUNA,AREQUIPA,CONDESUYOS,eta5,pp,20260827,20260925,"00Z,12Z",D1,6h,S/D,S/D,S/D,0,S/D,S/D,S/D,0,S/D,S/D,S/D,0,S/D,S/D,S/D,0,S/D,S/D,S/D,0
115150,COROPUNA,AREQUIPA,CONDESUYOS,wrf5,pp,20260827,20260925,"00Z,12Z",D1,6h,S/D,S/D,S/D,0,S/D,S/D,S/D,0,S/D,S/D,S/D,0,S/D,S/D,S/D,0,S/D,S/D,S/D,0
115150,COROPUNA,AREQUIPA,CONDESUYOS,mpas15,pp,20260827,20260925,00Z,D1,6h,S/D,S/D,S/D,0,S/D,S/D,S/D,0,S/D,S/D,S/D,0,S/D,S/D,S/D,0,S/D,S/D,S/D,0
114119,VISCA VISCA,AREQUIPA,CONDESUYOS,ecmwf,pp,20260827,20260925,"00Z,12Z",D1,6h,0.092,0.689,0.515,228,0.941,0.579,0.41,34,0.643,0.654,0.29,14,0.0,S/D,0.0,2,S/D,S/D,S/D,0
114119,VISCA VISCA,AREQUIPA,CONDESUYOS,gfs,pp,20260827,20260925,"00Z,12Z",D1,6h,0.507,1.573,0.376,228,0.853,0.75,0.24,34,0.714,0.811,0.175,14,0.0,1.0,0.0,2,S/D,S/D,S/D,0
114119,VISCA VISCA,AREQUIPA,CONDESUYOS,eta5,pp,20260827,20260925,"00Z,12Z",D1,6h,0.925,2.111,0.464,191,0.844,0.645,0.333,32,0.929,0.768,0.228,14,1.0,0.882,0.118,2,S/D,S/D,S/D,0
114119,VISCA VISCA,AREQUIPA,CONDESUYOS,wrf5,pp,20260827,20260925,"00Z,12Z",D1,6h,0.426,2.083,0.358,225,0.613,0.667,0.275,31,0.308,0.857,0.108,13,0.5,0.857,0.125,2,S/D,S/D,S/D,0
114119,VISCA VISCA,AREQUIPA,CONDESUYOS,mpas15,pp,20260827,20260925,00Z,D1,6h,0.244,0.931,0.417,114,0.765,0.629,0.333,17,0.714,0.773,0.208,7,0.0,S/D,0.0,1,S/D,S/D,S/D,0
47280292,COTAHUASI,AREQUIPA,LA UNION,ecmwf,pp,20260827,20260925,"00Z,12Z",D1,6h,-0.331,2.921,0.017,138,0.25,0.926,0.061,8,0.0,1.0,0.0,6,0.0,S/D,0.0,4,S/D,S/D,S/D,0
47280292,COTAHUASI,AREQUIPA,LA UNION,gfs,pp,20260827,20260925,"00Z,12Z",D1,6h,-0.406,2.892,-0.004,138,0.25,0.917,0.067,8,0.0,1.0,0.0,6,0.0,S/D,0.0,4,S/D,S/D,S/D,0
47280292,COTAHUASI,AREQUIPA,LA UNION,eta5,pp,20260827,20260925,"00Z,12Z",D1,6h,-0.097,3.437,0.088,115,0.25,0.917,0.067,8,0.0,1.0,0.0,6,0.0,1.0,0.0,4,S/D,S/D,S/D,0
47280292,COTAHUASI,AREQUIPA,LA UNION,wrf5,pp,20260827,20260925,"00Z,12Z",D1,6h,-0.447,2.944,0.097,134,0.125,0.833,0.077,8,0.0,1.0,0.0,6,0.0,S/D,0.0,4,S/D,S/D,S/D,0
47280292,COTAHUASI,AREQUIPA,LA UNION,mpas15,pp,20260827,20260925,00Z,D1,6h,-0.175,3.036,0.185,69,0.25,0.909,0.071,4,0.0,1.0,0.0,3,0.0,1.0,0.0,2,S/D,S/D,S/D,0
115151,CUYAU,AREQUIPA,LA UNION,ecmwf,pp,20260827,20260925,"00Z,12Z",D1,6h,0.25,0.828,0.347,234,S/D,1.0,0.0,0,S/D,1.0,0.0,0,S/D,1.0,0.0,0,S/D,S/D,S/D,0
115151,CUYAU,AREQUIPA,LA UNION,gfs,pp,20260827,20260925,"00Z,12Z",D1,6h,0.1,0.258,0.311,234,S/D,1.0,0.0,0,S/D,1.0,0.0,0,S/D,S/D,S/D,0,S/D,S/D,S/D,0
115151,CUYAU,AREQUIPA,LA UNION,eta5,pp,20260827,20260925,"00Z,12Z",D1,6h,0.444,1.273,0.243,197,S/D,1.0,0.0,0,S/D,1.0,0.0,0,S/D,1.0,0.0,0,S/D,S/D,S/D,0
115151,CUYAU,AREQUIPA,LA UNION,wrf5,pp,20260827,20260925,"00Z,12Z",D1,6h,0.072,0.45,0.338,231,S/D,1.0,0.0,0,S/D,1.0,0.0,0,S/D,1.0,0.0,0,S/D,S/D,S/D,0
115151,CUYAU,AREQUIPA,LA UNION,mpas15,pp,20260827,20260925,00Z,D1,6h,0.208,0.728,0.15,117,S/D,1.0,0.0,0,S/D,1.0,0.0,0,S/D,1.0,0.0,0,S/D,S/D,S/D,0
4729D600,PAMPA CANGALLO,AYACUCHO,CANGALLO,ecmwf,pp,20260827,20260925,"00Z,12Z",D1,6h,0.35,1.311,0.533,232,0.921,0.682,0.31,38,0.9,0.75,0.243,10,0.25,0.833,0.111,4,S/D,S/D,S/D,0
4729D600,PAMPA CANGALLO,AYACUCHO,CANGALLO,gfs,pp,20260827,20260925,"00Z,12Z",D1,6h,0.761,2.129,0.483,232,1.0,0.745,0.255,38,0.8,0.879,0.118,10,0.25,0.923,0.062,4,S/D,S/D,S/D,0
4729D600,PAMPA CANGALLO,AYACUCHO,CANGALLO,eta5,pp,20260827,20260925,"00Z,12Z",D1,6h,0.333,1.598,0.549,195,0.941,0.549,0.438,34,0.667,0.85,0.14,9,0.0,1.0,0.0,4,S/D,S/D,S/D,0
4729D600,PAMPA CANGALLO,AYACUCHO,CANGALLO,wrf5,pp,20260827,20260925,"00Z,12Z",D1,6h,0.29,2.035,0.469,228,0.676,0.569,0.357,37,0.778,0.708,0.269,9,0.25,0.875,0.091,4,S/D,S/D,S/D,0
4729D600,PAMPA CANGALLO,AYACUCHO,CANGALLO,mpas15,pp,20260827,20260925,00Z,D1,6h,0.6,1.89,0.534,116,0.842,0.636,0.34,19,1.0,0.844,0.156,5,0.0,1.0,0.0,2,S/D,S/D,S/D,0
113248,SANTA CRUZ DE HOSPICIO,AYACUCHO,CANGALLO,ecmwf,pp,20260827,20260925,"00Z,12Z",D1,6h,0.461,1.216,0.573,232,0.947,0.629,0.364,38,0.857,0.714,0.273,14,1.0,0.75,0.25,2,S/D,S/D,S/D,0
113248,SANTA CRUZ DE HOSPICIO,AYACUCHO,CANGALLO,gfs,pp,20260827,20260925,"00Z,12Z",D1,6h,0.718,1.666,0.515,232,0.974,0.684,0.314,38,0.857,0.789,0.203,14,1.0,0.75,0.25,2,S/D,S/D,S/D,0
113248,SANTA CRUZ DE HOSPICIO,AYACUCHO,CANGALLO,eta5,pp,20260827,20260925,"00Z,12Z",D1,6h,0.508,1.25,0.528,195,0.839,0.618,0.356,31,0.727,0.784,0.2,11,1.0,0.6,0.4,2,S/D,S/D,S/D,0
113248,SANTA CRUZ DE HOSPICIO,AYACUCHO,CANGALLO,wrf5,pp,20260827,20260925,"00Z,12Z",D1,6h,0.563,2.049,0.482,228,0.649,0.556,0.358,37,0.615,0.704,0.25,13,1.0,0.833,0.167,2,S/D,S/D,S/D,0
113248,SANTA CRUZ DE HOSPICIO,AYACUCHO,CANGALLO,mpas15,pp,20260827,20260925,00Z,D1,6h,0.886,2.339,0.526,116,0.895,0.564,0.415,19,1.0,0.774,0.226,7,1.0,0.875,0.125,1,S/D,S/D,S/D,0
250900,PUENTE PAMPAS GORE APU,AYACUCHO,HUAMANGA,ecmwf,pp,20260827,20260925,"00Z,12Z",D1,6h,0.518,1.338,0.325,232,0.929,0.883,0.116,14,0.875,0.774,0.219,8,S/D,1.0,0.0,0,S/D,S/D,S/D,0
250900,PUENTE PAMPAS GORE APU,AYACUCHO,HUAMANGA,gfs,pp,20260827,20260925,"00Z,12Z",D1,6h,0.577,1.151,0.299,232,0.857,0.911,0.088,14,1.0,0.8,0.2,8,S/D,1.0,0.0,0,S/D,S/D,S/D,0
250900,PUENTE PAMPAS GORE APU,AYACUCHO,HUAMANGA,eta5,pp,20260827,20260925,"00Z,12Z",D1,6h,1.75,3.46,0.267,195,0.917,0.885,0.113,12,0.857,0.918,0.081,7,S/D,1.0,0.0,0,S/D,S/D,S/D,0
250900,PUENTE PAMPAS GORE APU,AYACUCHO,HUAMANGA,wrf5,pp,20260827,20260925,"00Z,12Z",D1,6h,0.07,0.811,0.301,228,0.538,0.65,0.269,13,0.625,0.375,0.455,8,S/D,1.0,0.0,0,S/D,S/D,S/D,0
250900,PUENTE PAMPAS GORE APU,AYACUCHO,HUAMANGA,mpas15,pp,20260827,20260925,00Z,D1,6h,0.689,1.675,0.318,116,0.857,0.854,0.143,7,1.0,0.867,0.133,4,S/D,1.0,0.0,0,S/D,S/D,S/D,0
114122,CCONTACC,AYACUCHO,LUCANAS,ecmwf,pp,20260827,20260925,"00Z,12Z",D1,6h,0.33,0.986,0.312,232,1.0,0.882,0.118,8,0.0,1.0,0.0,2,S/D,1.0,0.0,0,S/D,S/D,S/D,0
114122,CCONTACC,AYACUCHO,LUCANAS,gfs,pp,20260827,20260925,"00Z,12Z",D1,6h,0.453,1.336,0.288,232,1.0,0.896,0.104,8,0.0,1.0,0.0,2,S/D,1.0,0.0,0,S/D,S/D,S/D,0
114122,CCONTACC,AYACUCHO,LUCANAS,eta5,pp,20260827,20260925,"00Z,12Z",D1,6h,0.149,0.539,0.297,195,0.571,0.857,0.129,7,0.0,1.0,0.0,1,S/D,S/D,S/D,0,S/D,S/D,S/D,0
114122,CCONTACC,AYACUCHO,LUCANAS,wrf5,pp,20260827,20260925,"00Z,12Z",D1,6h,0.42,1.724,0.314,229,0.75,0.867,0.128,8,0.0,1.0,0.0,2,S/D,1.0,0.0,0,S/D,S/D,S/D,0
114122,CCONTACC,AYACUCHO,LUCANAS,mpas15,pp,20260827,20260925,00Z,D1,6h,0.416,1.365,0.299,116,1.0,0.833,0.167,4,1.0,0.952,0.048,1,S/D,1.0,0.0,0,S/D,S/D,S/D,0
47290068,HUAC-HUAS,AYACUCHO,LUCANAS,ecmwf,pp,20260827,20260925,"00Z,12Z",D1,6h,-0.016,0.375,0.163,212,0.5,0.714,0.222,4,0.0,1.0,0.0,2,S/D,S/D,S/D,0,S/D,S/D,S/D,0
47290068,HUAC-HUAS,AYACUCHO,LUCANAS,gfs,pp,20260827,20260925,"00Z,12Z",D1,6h,-0.003,0.376,0.104,212,0.0,1.0,0.0,4,0.0,S/D,0.0,2,S/D,S/D,S/D,0,S/D,S/D,S/D,0
47290068,HUAC-HUAS,AYACUCHO,LUCANAS,eta5,pp,20260827,20260925,"00Z,12Z",D1,6h,-0.028,0.4,0.076,177,0.0,1.0,0.0,3,0.0,S/D,0.0,2,S/D,S/D,S/D,0,S/D,S/D,S/D,0
47290068,HUAC-HUAS,AYACUCHO,LUCANAS,wrf5,pp,20260827,20260925,"00Z,12Z",D1,6h,-0.001,0.448,-0.048,208,0.0,1.0,0.0,4,0.0,1.0,0.0,2,S/D,S/D,S/D,0,S/D,S/D,S/D,0
47290068,HUAC-HUAS,AYACUCHO,LUCANAS,mpas15,pp,20260827,20260925,00Z,D1,6h,0.139,0.646,0.07,106,0.5,0.929,0.067,2,0.0,1.0,0.0,1,S/D,S/D,S/D,0,S/D,S/D,S/D,0
114127,PAMPA GALERAS,AYACUCHO,LUCANAS,ecmwf,pp,20260827,20260925,"00Z,12Z",D1,6h,0.173,0.961,0.333,228,1.0,0.8,0.2,8,0.333,0.714,0.182,6,S/D,1.0,0.0,0,S/D,S/D,S/D,0
114127,PAMPA GALERAS,AYACUCHO,LUCANAS,gfs,pp,20260827,20260925,"00Z,12Z",D1,6h,0.121,0.769,0.277,228,0.5,0.895,0.095,8,0.167,0.917,0.059,6,S/D,1.0,0.0,0,S/D,S/D,S/D,0
114127,PAMPA GALERAS,AYACUCHO,LUCANAS,eta5,pp,20260827,20260925,"00Z,12Z",D1,6h,0.021,0.411,0.273,192,0.5,0.812,0.158,6,0.0,1.0,0.0,4,S/D,S/D,S/D,0,S/D,S/D,S/D,0
114127,PAMPA GALERAS,AYACUCHO,LUCANAS,wrf5,pp,20260827,20260925,"00Z,12Z",D1,6h,0.391,1.897,0.198,225,0.25,0.949,0.044,8,0.167,0.941,0.045,6,S/D,1.0,0.0,0,S/D,S/D,S/D,0
114127,PAMPA GALERAS,AYACUCHO,LUCANAS,mpas15,pp,20260827,20260925,00Z,D1,6h,0.302,1.157,0.2,114,0.75,0.857,0.136,4,0.667,0.867,0.125,3,S/D,1.0,0.0,0,S/D,S/D,S/D,0
114121,HURAY HUMA,AYACUCHO,PARINACOCHAS,ecmwf,pp,20260827,20260925,"00Z,12Z",D1,6h,0.548,1.384,S/D,148,S/D,1.0,0.0,0,S/D,1.0,0.0,0,S/D,1.0,0.0,0,S/D,S/D,S/D,0
114121,HURAY HUMA,AYACUCHO,PARINACOCHAS,gfs,pp,20260827,20260925,"00Z,12Z",D1,6h,0.641,1.385,S/D,148,S/D,1.0,0.0,0,S/D,1.0,0.0,0,S/D,1.0,0.0,0,S/D,S/D,S/D,0
114121,HURAY HUMA,AYACUCHO,PARINACOCHAS,eta5,pp,20260827,20260925,"00Z,12Z",D1,6h,0.464,1.196,S/D,119,S/D,1.0,0.0,0,S/D,1.0,0.0,0,S/D,1.0,0.0,0,S/D,S/D,S/D,0
114121,HURAY HUMA,AYACUCHO,PARINACOCHAS,wrf5,pp,20260827,20260925,"00Z,12Z",D1,6h,0.638,1.895,S/D,146,S/D,1.0,0.0,0,S/D,1.0,0.0,0,S/D,1.0,0.0,0,S/D,S/D,S/D,0
114121,HURAY HUMA,AYACUCHO,PARINACOCHAS,mpas15,pp,20260827,20260925,00Z,D1,6h,0.635,1.865,S/D,74,S/D,1.0,0.0,0,S/D,1.0,0.0,0,S/D,1.0,0.0,0,S/D,S/D,S/D,0
115155,PAUZA,AYACUCHO,PAUCAR DEL SARA SARA,ecmwf,pp,20260827,20260925,"00Z,12Z",D1,6h,S/D,S/D,S/D,0,S/D,S/D,S/D,0,S/D,S/D,S/D,0,S/D,S/D,S/D,0,S/D,S/D,S/D,0
115155,PAUZA,AYACUCHO,PAUCAR DEL SARA SARA,gfs,pp,20260827,20260925,"00Z,12Z",D1,6h,S/D,S/D,S/D,0,S/D,S/D,S/D,0,S/D,S/D,S/D,0,S/D,S/D,S/D,0,S/D,S/D,S/D,0
115155,PAUZA,AYACUCHO,PAUCAR DEL SARA SARA,eta5,pp,20260827,20260925,"00Z,12Z",D1,6h,S/D,S/D,S/D,0,S/D,S/D,S/D,0,S/D,S/D,S/D,0,S/D,S/D,S/D,0,S/D,S/D,S/D,0
115155,PAUZA,AYACUCHO,PAUCAR DEL SARA SARA,wrf5,pp,20260827,20260925,"00Z,12Z",D1,6h,S/D,S/D,S/D,0,S/D,S/D,S/D,0,S/D,S/D,S/D,0,S/D,S/D,S/D,0,S/D,S/D,S/D,0
115155,PAUZA,AYACUCHO,PAUCAR DEL SARA SARA,mpas15,pp,20260827,20260925,00Z,D1,6h,S/D,S/D,S/D,0,S/D,S/D,S/D,0,S/D,S/D,S/D,0,S/D,S/D,S/D,0,S/D,S/D,S/D,0
4725B27A,PAUCARAY,AYACUCHO,SUCRE,ecmwf,pp,20260827,20260925,"00Z,12Z",D1,6h,S/D,S/D,S/D,0,S/D,S/D,S/D,0,S/D,S/D,S/D,0,S/D,S/D,S/D,0,S/D,S/D,S/D,0
4725B27A,PAUCARAY,AYACUCHO,SUCRE,gfs,pp,20260827,20260925,"00Z,12Z",D1,6h,S/D,S/D,S/D,0,S/D,S/D,S/D,0,S/D,S/D,S/D,0,S/D,S/D,S/D,0,S/D,S/D,S/D,0
4725B27A,PAUCARAY,AYACUCHO,SUCRE,eta5,pp,20260827,20260925,"00Z,12Z",D1,6h,S/D,S/D,S/D,0,S/D,S/D,S/D,0,S/D,S/D,S/D,0,S/D,S/D,S/D,0,S/D,S/D,S/D,0
4725B27A,PAUCARAY,AYACUCHO,SUCRE,wrf5,pp,20260827,20260925,"00Z,12Z",D1,6h,S/D,S/D,S/D,0,S/D,S/D,S/D,0,S/D,S/D,S/D,0,S/D,S/D,S/D,0,S/D,S/D,S/D,0
4725B27A,PAUCARAY,AYACUCHO,SUCRE,mpas15,pp,20260827,20260925,00Z,D1,6h,S/D,S/D,S/D,0,S/D,S/D,S/D,0,S/D,S/D,S/D,0,S/D,S/D,S/D,0,S/D,S/D,S/D,0
4729F0EC,CAJABAMBA,CAJAMARCA,CAJABAMBA,ecmwf,pp,20260827,20260925,"00Z,12Z",D1,6h,0.124,1.701,0.297,230,1.0,0.9,0.1,8,0.667,0.765,0.211,6,0.5,0.75,0.2,2,S/D,S/D,S/D,0
4729F0EC,CAJABAMBA,CAJAMARCA,CAJABAMBA,gfs,pp,20260827,20260925,"00Z,12Z",D1,6h,-0.082,1.633,0.356,230,0.875,0.811,0.184,8,0.5,0.727,0.214,6,0.0,S/D,0.0,2,S/D,S/D,S/D,0
4729F0EC,CAJABAMBA,CAJAMARCA,CAJABAMBA,eta5,pp,20260827,20260925,"00Z,12Z",D1,6h,0.057,1.399,0.279,194,1.0,0.891,0.109,5,0.5,0.833,0.143,4,0.0,S/D,0.0,1,S/D,S/D,S/D,0
4729F0EC,CAJABAMBA,CAJAMARCA,CAJABAMBA,wrf5,pp,20260827,20260925,"00Z,12Z",D1,6h,0.038,1.464,0.247,226,0.625,0.815,0.167,8,0.333,0.818,0.133,6,1.0,0.6,0.4,2,S/D,S/D,S/D,0
4729F0EC,CAJABAMBA,CAJAMARCA,CAJABAMBA,mpas15,pp,20260827,20260925,00Z,D1,6h,0.623,2.002,0.282,115,1.0,0.892,0.108,4,1.0,0.87,0.13,3,1.0,0.833,0.167,1,S/D,S/D,S/D,0
472A32FC,CRISNEJAS,CAJAMARCA,CAJABAMBA,ecmwf,pp,20260827,20260925,"00Z,12Z",D1,6h,0.315,0.97,S/D,230,S/D,1.0,0.0,0,S/D,1.0,0.0,0,S/D,1.0,0.0,0,S/D,S/D,S/D,0
472A32FC,CRISNEJAS,CAJAMARCA,CAJABAMBA,gfs,pp,20260827,20260925,"00Z,12Z",D1,6h,0.132,0.551,S/D,230,S/D,1.0,0.0,0,S/D,1.0,0.0,0,S/D,S/D,S/D,0,S/D,S/D,S/D,0
472A32FC,CRISNEJAS,CAJAMARCA,CAJABAMBA,eta5,pp,20260827,20260925,"00Z,12Z",D1,6h,0.457,1.511,S/D,193,S/D,1.0,0.0,0,S/D,1.0,0.0,0,S/D,1.0,0.0,0,S/D,S/D,S/D,0
472A32FC,CRISNEJAS,CAJAMARCA,CAJABAMBA,wrf5,pp,20260827,20260925,"00Z,12Z",D1,6h,0.212,1.139,S/D,226,S/D,1.0,0.0,0,S/D,1.0,0.0,0,S/D,1.0,0.0,0,S/D,S/D,S/D,0
472A32FC,CRISNEJAS,CAJAMARCA,CAJABAMBA,mpas15,pp,20260827,20260925,00Z,D1,6h,0.657,2.146,S/D,115,S/D,1.0,0.0,0,S/D,1.0,0.0,0,S/D,1.0,0.0,0,S/D,S/D,S/D,0
472645F0,UNC CAJAMARCA,CAJAMARCA,CAJAMARCA,ecmwf,pp,20260827,20260925,"00Z,12Z",D1,6h,0.33,1.578,0.307,216,0.557,0.456,0.38,88,0.2,0.935,0.051,10,S/D,1.0,0.0,0,S/D,S/D,S/D,0
472645F0,UNC CAJAMARCA,CAJAMARCA,CAJAMARCA,gfs,pp,20260827,20260925,"00Z,12Z",D1,6h,0.733,1.637,0.123,216,0.636,0.566,0.348,88,0.4,0.933,0.061,10,S/D,1.0,0.0,0,S/D,S/D,S/D,0
472645F0,UNC CAJAMARCA,CAJAMARCA,CAJAMARCA,eta5,pp,20260827,20260925,"00Z,12Z",D1,6h,0.375,1.634,0.043,182,0.301,0.522,0.227,73,0.0,1.0,0.0,9,S/D,1.0,0.0,0,S/D,S/D,S/D,0
472645F0,UNC CAJAMARCA,CAJAMARCA,CAJAMARCA,wrf5,pp,20260827,20260925,"00Z,12Z",D1,6h,-0.022,1.442,0.196,212,0.186,0.36,0.168,86,0.0,1.0,0.0,10,S/D,1.0,0.0,0,S/D,S/D,S/D,0
472645F0,UNC CAJAMARCA,CAJAMARCA,CAJAMARCA,mpas15,pp,20260827,20260925,00Z,D1,6h,1.001,2.825,0.167,108,0.477,0.382,0.368,44,0.2,0.966,0.03,5,S/D,1.0,0.0,0,S/D,S/D,S/D,0
472501F4,BALSAS,CAJAMARCA,CELENDIN,ecmwf,pp,20260827,20260925,"00Z,12Z",D1,6h,S/D,S/D,S/D,0,S/D,S/D,S/D,0,S/D,S/D,S/D,0,S/D,S/D,S/D,0,S/D,S/D,S/D,0
472501F4,BALSAS,CAJAMARCA,CELENDIN,gfs,pp,20260827,20260925,"00Z,12Z",D1,6h,S/D,S/D,S/D,0,S/D,S/D,S/D,0,S/D,S/D,S/D,0,S/D,S/D,S/D,0,S/D,S/D,S/D,0
472501F4,BALSAS,CAJAMARCA,CELENDIN,eta5,pp,20260827,20260925,"00Z,12Z",D1,6h,S/D,S/D,S/D,0,S/D,S/D,S/D,0,S/D,S/D,S/D,0,S/D,S/D,S/D,0,S/D,S/D,S/D,0
472501F4,BALSAS,CAJAMARCA,CELENDIN,wrf5,pp,20260827,20260925,"00Z,12Z",D1,6h,S/D,S/D,S/D,0,S/D,S/D,S/D,0,S/D,S/D,S/D,0,S/D,S/D,S/D,0,S/D,S/D,S/D,0
472501F4,BALSAS,CAJAMARCA,CELENDIN,mpas15,pp,20260827,20260925,00Z,D1,6h,S/D,S/D,S/D,0,S/D,S/D,S/D,0,S/D,S/D,S/D,0,S/D,S/D,S/D,0,S/D,S/D,S/D,0
4726631C,CELENDIN,CAJAMARCA,CELENDIN,ecmwf,pp,20260827,20260925,"00Z,12Z",D1,6h,0.339,1.076,0.309,214,0.833,0.819,0.174,18,S/D,1.0,0.0,0,S/D,1.0,0.0,0,S/D,S/D,S/D,0
4726631C,CELENDIN,CAJAMARCA,CELENDIN,gfs,pp,20260827,20260925,"00Z,12Z",D1,6h,0.566,1.221,0.28,214,1.0,0.872,0.128,18,S/D,1.0,0.0,0,S/D,1.0,0.0,0,S/D,S/D,S/D,0
4726631C,CELENDIN,CAJAMARCA,CELENDIN,eta5,pp,20260827,20260925,"00Z,12Z",D1,6h,0.094,0.356,0.277,178,0.545,0.793,0.176,11,S/D,1.0,0.0,0,S/D,S/D,S/D,0,S/D,S/D,S/D,0
4726631C,CELENDIN,CAJAMARCA,CELENDIN,wrf5,pp,20260827,20260925,"00Z,12Z",D1,6h,0.045,0.483,0.156,210,0.278,0.615,0.192,18,S/D,1.0,0.0,0,S/D,1.0,0.0,0,S/D,S/D,S/D,0
4726631C,CELENDIN,CAJAMARCA,CELENDIN,mpas15,pp,20260827,20260925,00Z,D1,6h,0.852,1.762,0.098,107,0.556,0.881,0.109,9,S/D,1.0,0.0,0,S/D,1.0,0.0,0,S/D,S/D,S/D,0
4726C3E4,CHOTA,CAJAMARCA,CHOTA,ecmwf,pp,20260827,20260925,"00Z,12Z",D1,6h,0.745,2.009,0.203,188,0.85,0.88,0.117,20,0.583,0.86,0.127,12,0.25,0.875,0.091,4,S/D,S/D,S/D,0
4726C3E4,CHOTA,CAJAMARCA,CHOTA,gfs,pp,20260827,20260925,"00Z,12Z",D1,6h,0.393,1.319,0.236,188,0.95,0.873,0.126,20,0.5,0.829,0.146,12,0.25,0.667,0.167,4,S/D,S/D,S/D,0
4726C3E4,CHOTA,CAJAMARCA,CHOTA,eta5,pp,20260827,20260925,"00Z,12Z",D1,6h,0.089,1.25,0.246,157,0.588,0.773,0.196,17,0.333,0.842,0.12,9,0.0,S/D,0.0,3,S/D,S/D,S/D,0
4726C3E4,CHOTA,CAJAMARCA,CHOTA,wrf5,pp,20260827,20260925,"00Z,12Z",D1,6h,-0.158,1.059,0.128,184,0.2,0.833,0.1,20,0.25,0.571,0.188,12,0.0,S/D,0.0,4,S/D,S/D,S/D,0
4726C3E4,CHOTA,CAJAMARCA,CHOTA,mpas15,pp,20260827,20260925,00Z,D1,6h,1.414,3.686,0.129,94,0.6,0.87,0.12,10,0.5,0.925,0.07,6,0.5,0.875,0.111,2,S/D,1.0,0.0,0
47E94706,HUAMBOS,CAJAMARCA,CHOTA,ecmwf,pp,20260827,20260925,"00Z,12Z",D1,6h,0.692,1.729,0.218,230,1.0,0.866,0.134,18,0.75,0.878,0.118,8,0.75,0.667,0.3,4,S/D,S/D,S/D,0
47E94706,HUAMBOS,CAJAMARCA,CHOTA,gfs,pp,20260827,20260925,"00Z,12Z",D1,6h,0.098,1.009,0.167,230,0.444,0.877,0.107,18,0.375,0.7,0.2,8,0.0,1.0,0.0,4,S/D,S/D,S/D,0
47E94706,HUAMBOS,CAJAMARCA,CHOTA,eta5,pp,20260827,20260925,"00Z,12Z",D1,6h,0.145,1.184,0.047,194,0.294,0.872,0.098,17,0.286,0.882,0.091,7,0.0,1.0,0.0,3,S/D,S/D,S/D,0
47E94706,HUAMBOS,CAJAMARCA,CHOTA,wrf5,pp,20260827,20260925,"00Z,12Z",D1,6h,-0.076,0.85,0.365,227,0.333,0.538,0.24,18,0.25,0.714,0.154,8,0.0,S/D,0.0,4,S/D,S/D,S/D,0
47E94706,HUAMBOS,CAJAMARCA,CHOTA,mpas15,pp,20260827,20260925,00Z,D1,6h,0.917,2.087,0.123,115,0.444,0.905,0.085,9,0.75,0.909,0.088,4,1.0,0.75,0.25,2,S/D,S/D,S/D,0
47E1D6C2,PUENTE SAN CARLOS,CAJAMARCA,CHOTA,ecmwf,pp,20260827,20260925,"00Z,12Z",D1,6h,0.183,0.674,-0.168,228,0.0,1.0,0.0,12,0.0,1.0,0.0,6,S/D,S/D,S/D,0,S/D,S/D,S/D,0
47E1D6C2,PUENTE SAN CARLOS,CAJAMARCA,CHOTA,gfs,pp,20260827,20260925,"00Z,12Z",D1,6h,0.048,0.379,-0.093,228,0.0,1.0,0.0,12,0.0,1.0,0.0,6,S/D,S/D,S/D,0,S/D,S/D,S/D,0
47E1D6C2,PUENTE SAN CARLOS,CAJAMARCA,CHOTA,eta5,pp,20260827,20260925,"00Z,12Z",D1,6h,0.221,0.989,-0.097,193,0.0,1.0,0.0,9,0.0,1.0,0.0,4,S/D,1.0,0.0,0,S/D,S/D,S/D,0
47E1D6C2,PUENTE SAN CARLOS,CAJAMARCA,CHOTA,wrf5,pp,20260827,20260925,"00Z,12Z",D1,6h,-0.032,0.264,0.078,224,0.083,0.929,0.04,12,0.0,S/D,0.0,6,S/D,S/D,S/D,0,S/D,S/D,S/D,0
47E1D6C2,PUENTE SAN CARLOS,CAJAMARCA,CHOTA,mpas15,pp,20260827,20260925,00Z,D1,6h,0.06,0.436,0.111,114,0.0,1.0,0.0,6,0.0,1.0,0.0,3,S/D,S/D,S/D,0,S/D,S/D,S/D,0
47E1F02E,TUNEL CHOTANO,CAJAMARCA,CHOTA,ecmwf,pp,20260827,20260925,"00Z,12Z",D1,6h,0.946,2.342,0.083,228,0.778,0.917,0.081,18,1.0,0.929,0.071,4,0.0,1.0,0.0,2,S/D,S/D,S/D,0
47E1F02E,TUNEL CHOTANO,CAJAMARCA,CHOTA,gfs,pp,20260827,20260925,"00Z,12Z",D1,6h,0.581,1.315,0.236,228,0.889,0.908,0.091,18,1.0,0.897,0.103,4,0.0,1.0,0.0,2,S/D,S/D,S/D,0
47E1F02E,TUNEL CHOTANO,CAJAMARCA,CHOTA,eta5,pp,20260827,20260925,"00Z,12Z",D1,6h,0.423,1.477,0.194,191,0.636,0.87,0.121,11,1.0,0.889,0.111,3,0.0,1.0,0.0,2,S/D,S/D,S/D,0
47E1F02E,TUNEL CHOTANO,CAJAMARCA,CHOTA,wrf5,pp,20260827,20260925,"00Z,12Z",D1,6h,0.076,0.846,0.245,224,0.389,0.767,0.171,18,0.25,0.909,0.071,4,0.0,S/D,0.0,2,S/D,S/D,S/D,0
47E1F02E,TUNEL CHOTANO,CAJAMARCA,CHOTA,mpas15,pp,20260827,20260925,00Z,D1,6h,1.263,3.482,0.209,114,0.667,0.86,0.13,9,1.0,0.939,0.061,2,0.0,1.0,0.0,1,S/D,S/D,S/D,0
472C92CA,CASCABAMBA,CAJAMARCA,CONTUMAZA,ecmwf,pp,20260827,20260925,"00Z,12Z",D1,6h,0.444,1.457,-0.02,230,0.409,0.908,0.081,22,0.0,1.0,0.0,2,S/D,1.0,0.0,0,S/D,S/D,S/D,0
472C92CA,CASCABAMBA,CAJAMARCA,CONTUMAZA,gfs,pp,20260827,20260925,"00Z,12Z",D1,6h,0.133,0.391,-0.015,230,0.318,0.911,0.074,22,0.0,1.0,0.0,2,S/D,S/D,S/D,0,S/D,S/D,S/D,0
472C92CA,CASCABAMBA,CAJAMARCA,CONTUMAZA,eta5,pp,20260827,20260925,"00Z,12Z",D1,6h,-0.013,0.103,-0.029,193,0.0,1.0,0.0,15,0.0,S/D,0.0,1,S/D,S/D,S/D,0,S/D,S/D,S/D,0
472C92CA,CASCABAMBA,CAJAMARCA,CONTUMAZA,wrf5,pp,20260827,20260925,"00Z,12Z",D1,6h,0.424,1.777,0.132,227,0.409,0.775,0.17,22,1.0,0.905,0.095,2,S/D,1.0,0.0,0,S/D,S/D,S/D,0
472C92CA,CASCABAMBA,CAJAMARCA,CONTUMAZA,mpas15,pp,20260827,20260925,00Z,D1,6h,0.879,2.395,0.093,115,0.364,0.875,0.103,11,1.0,0.96,0.04,1,S/D,1.0,0.0,0,S/D,S/D,S/D,0
472C81BC,GUZMANGO,CAJAMARCA,CONTUMAZA,ecmwf,pp,20260827,20260925,"00Z,12Z",D1,6h,0.133,0.658,0.129,228,0.5,0.974,0.026,2,S/D,1.0,0.0,0,S/D,1.0,0.0,0,S/D,S/D,S/D,0
472C81BC,GUZMANGO,CAJAMARCA,CONTUMAZA,gfs,pp,20260827,20260925,"00Z,12Z",D1,6h,0.028,0.097,0.209,228,1.0,0.917,0.083,2,S/D,S/D,S/D,0,S/D,S/D,S/D,0,S/D,S/D,S/D,0
472C81BC,GUZMANGO,CAJAMARCA,CONTUMAZA,eta5,pp,20260827,20260925,"00Z,12Z",D1,6h,0.062,0.253,0.2,191,1.0,0.947,0.053,1,S/D,1.0,0.0,0,S/D,S/D,S/D,0,S/D,S/D,S/D,0
472C81BC,GUZMANGO,CAJAMARCA,CONTUMAZA,wrf5,pp,20260827,20260925,"00Z,12Z",D1,6h,0.009,0.069,0.307,225,0.5,0.75,0.2,2,S/D,S/D,S/D,0,S/D,S/D,S/D,0,S/D,S/D,S/D,0
472C81BC,GUZMANGO,CAJAMARCA,CONTUMAZA,mpas15,pp,20260827,20260925,00Z,D1,6h,0.422,1.13,0.144,114,1.0,0.962,0.038,1,S/D,1.0,0.0,0,S/D,1.0,0.0,0,S/D,S/D,S/D,0
4727470A,PUENTE CHILETE,CAJAMARCA,CONTUMAZA,ecmwf,pp,20260827,20260925,"00Z,12Z",D1,6h,0.586,1.893,S/D,218,S/D,1.0,0.0,0,S/D,1.0,0.0,0,S/D,1.0,0.0,0,S/D,S/D,S/D,0
4727470A,PUENTE CHILETE,CAJAMARCA,CONTUMAZA,gfs,pp,20260827,20260925,"00Z,12Z",D1,6h,0.769,1.606,S/D,218,S/D,1.0,0.0,0,S/D,1.0,0.0,0,S/D,1.0,0.0,0,S/D,S/D,S/D,0
4727470A,PUENTE CHILETE,CAJAMARCA,CONTUMAZA,eta5,pp,20260827,20260925,"00Z,12Z",D1,6h,1.218,3.004,S/D,183,S/D,1.0,0.0,0,S/D,1.0,0.0,0,S/D,1.0,0.0,0,S/D,S/D,S/D,0
4727470A,PUENTE CHILETE,CAJAMARCA,CONTUMAZA,wrf5,pp,20260827,20260925,"00Z,12Z",D1,6h,0.02,0.127,S/D,214,S/D,1.0,0.0,0,S/D,1.0,0.0,0,S/D,S/D,S/D,0,S/D,S/D,S/D,0
4727470A,PUENTE CHILETE,CAJAMARCA,CONTUMAZA,mpas15,pp,20260827,20260925,00Z,D1,6h,1.509,3.568,S/D,109,S/D,1.0,0.0,0,S/D,1.0,0.0,0,S/D,1.0,0.0,0,S/D,S/D,S/D,0
4726E508,YONAN GORE,CAJAMARCA,CONTUMAZA,ecmwf,pp,20260827,20260925,"00Z,12Z",D1,6h,0.199,0.842,0.025,220,0.25,0.975,0.023,4,0.0,1.0,0.0,2,S/D,1.0,0.0,0,S/D,S/D,S/D,0
4726E508,YONAN GORE,CAJAMARCA,CONTUMAZA,gfs,pp,20260827,20260925,"00Z,12Z",D1,6h,0.084,0.292,0.107,220,0.5,0.964,0.034,4,0.0,1.0,0.0,2,S/D,S/D,S/D,0,S/D,S/D,S/D,0
4726E508,YONAN GORE,CAJAMARCA,CONTUMAZA,eta5,pp,20260827,20260925,"00Z,12Z",D1,6h,0.144,0.769,-0.072,183,0.0,1.0,0.0,4,0.0,1.0,0.0,2,S/D,1.0,0.0,0,S/D,S/D,S/D,0
4726E508,YONAN GORE,CAJAMARCA,CONTUMAZA,wrf5,pp,20260827,20260925,"00Z,12Z",D1,6h,-0.005,0.168,0.236,216,0.0,1.0,0.0,4,0.0,S/D,0.0,2,S/D,S/D,S/D,0,S/D,S/D,S/D,0
4726E508,YONAN GORE,CAJAMARCA,CONTUMAZA,mpas15,pp,20260827,20260925,00Z,D1,6h,0.101,0.723,-0.092,110,0.0,1.0,0.0,2,0.0,1.0,0.0,1,S/D,1.0,0.0,0,S/D,S/D,S/D,0
472B3006,CUMBA,CAJAMARCA,CUTERVO,ecmwf,pp,20260827,20260925,"00Z,12Z",D1,6h,0.429,1.61,0.242,226,0.857,0.814,0.18,28,0.1,0.976,0.02,10,0.0,1.0,0.0,2,S/D,S/D,S/D,0
472B3006,CUMBA,CAJAMARCA,CUTERVO,gfs,pp,20260827,20260925,"00Z,12Z",D1,6h,0.517,1.283,0.41,226,1.0,0.786,0.214,28,0.8,0.871,0.125,10,0.0,1.0,0.0,2,S/D,S/D,S/D,0
472B3006,CUMBA,CAJAMARCA,CUTERVO,eta5,pp,20260827,20260925,"00Z,12Z",D1,6h,1.676,3.198,0.321,189,0.958,0.811,0.187,24,0.875,0.91,0.089,8,0.0,1.0,0.0,1,S/D,S/D,S/D,0
472B3006,CUMBA,CAJAMARCA,CUTERVO,wrf5,pp,20260827,20260925,"00Z,12Z",D1,6h,-0.038,1.343,0.047,222,0.071,0.917,0.04,28,0.0,1.0,0.0,10,0.0,1.0,0.0,2,S/D,S/D,S/D,0
472B3006,CUMBA,CAJAMARCA,CUTERVO,mpas15,pp,20260827,20260925,00Z,D1,6h,1.519,3.264,0.161,113,0.786,0.836,0.157,14,0.6,0.945,0.053,5,0.0,1.0,0.0,1,S/D,S/D,S/D,0
4726A602,CUTERVO,CAJAMARCA,CUTERVO,ecmwf,pp,20260827,20260925,"00Z,12Z",D1,6h,0.68,1.686,0.152,194,0.944,0.879,0.12,18,0.125,0.978,0.019,8,S/D,1.0,0.0,0,S/D,S/D,S/D,0
4726A602,CUTERVO,CAJAMARCA,CUTERVO,gfs,pp,20260827,20260925,"00Z,12Z",D1,6h,0.418,1.026,0.245,194,0.944,0.886,0.113,18,0.25,0.931,0.057,8,S/D,1.0,0.0,0,S/D,S/D,S/D,0
4726A602,CUTERVO,CAJAMARCA,CUTERVO,eta5,pp,20260827,20260925,"00Z,12Z",D1,6h,0.014,0.674,0.133,167,0.412,0.811,0.149,17,0.125,0.833,0.077,8,S/D,S/D,S/D,0,S/D,S/D,S/D,0
4726A602,CUTERVO,CAJAMARCA,CUTERVO,wrf5,pp,20260827,20260925,"00Z,12Z",D1,6h,0.136,0.998,0.237,190,0.333,0.739,0.171,18,0.375,0.7,0.2,8,S/D,1.0,0.0,0,S/D,S/D,S/D,0
4726A602,CUTERVO,CAJAMARCA,CUTERVO,mpas15,pp,20260827,20260925,00Z,D1,6h,0.818,2.046,0.19,97,0.889,0.818,0.178,9,0.5,0.923,0.071,4,S/D,1.0,0.0,0,S/D,S/D,S/D,0
4726D092,BAMBAMARCA H,CAJAMARCA,HUALGAYOC,ecmwf,pp,20260827,20260925,"00Z,12Z",D1,6h,0.488,1.548,0.353,136,0.9,0.839,0.158,10,0.5,0.812,0.158,6,S/D,1.0,0.0,0,S/D,S/D,S/D,0
4726D092,BAMBAMARCA H,CAJAMARCA,HUALGAYOC,gfs,pp,20260827,20260925,"00Z,12Z",D1,6h,0.473,0.942,0.309,136,1.0,0.892,0.108,10,0.5,0.87,0.115,6,S/D,S/D,S/D,0,S/D,S/D,S/D,0
4726D092,BAMBAMARCA H,CAJAMARCA,HUALGAYOC,eta5,pp,20260827,20260925,"00Z,12Z",D1,6h,-0.021,0.464,0.191,117,0.2,0.833,0.1,10,0.0,1.0,0.0,6,S/D,S/D,S/D,0,S/D,S/D,S/D,0
4726D092,BAMBAMARCA H,CAJAMARCA,HUALGAYOC,wrf5,pp,20260827,20260925,"00Z,12Z",D1,6h,-0.008,0.501,0.227,132,0.333,0.75,0.167,9,0.0,1.0,0.0,6,S/D,S/D,S/D,0,S/D,S/D,S/D,0
4726D092,BAMBAMARCA H,CAJAMARCA,HUALGAYOC,mpas15,pp,20260827,20260925,00Z,D1,6h,0.863,2.316,0.204,68,0.8,0.852,0.143,5,0.667,0.913,0.083,3,S/D,1.0,0.0,0,S/D,S/D,S/D,0
472680EE,BAMBAMARCA M,CAJAMARCA,HUALGAYOC,ecmwf,pp,20260827,20260925,"00Z,12Z",D1,6h,0.726,2.074,0.373,224,0.885,0.765,0.228,26,0.625,0.857,0.132,8,S/D,1.0,0.0,0,S/D,S/D,S/D,0
472680EE,BAMBAMARCA M,CAJAMARCA,HUALGAYOC,gfs,pp,20260827,20260925,"00Z,12Z",D1,6h,0.704,1.398,0.324,224,0.923,0.847,0.151,26,0.5,0.925,0.07,8,S/D,1.0,0.0,0,S/D,S/D,S/D,0
472680EE,BAMBAMARCA M,CAJAMARCA,HUALGAYOC,eta5,pp,20260827,20260925,"00Z,12Z",D1,6h,0.324,1.119,0.163,187,0.476,0.8,0.164,21,0.2,0.962,0.033,5,S/D,1.0,0.0,0,S/D,S/D,S/D,0
472680EE,BAMBAMARCA M,CAJAMARCA,HUALGAYOC,wrf5,pp,20260827,20260925,"00Z,12Z",D1,6h,0.202,1.474,0.355,220,0.538,0.548,0.326,26,0.375,0.75,0.176,8,S/D,1.0,0.0,0,S/D,S/D,S/D,0
472680EE,BAMBAMARCA M,CAJAMARCA,HUALGAYOC,mpas15,pp,20260827,20260925,00Z,D1,6h,1.268,2.953,0.156,112,0.615,0.83,0.154,13,0.75,0.919,0.079,4,S/D,1.0,0.0,0,S/D,S/D,S/D,0
4727F484,CHUGUR,CAJAMARCA,HUALGAYOC,ecmwf,pp,20260827,20260925,"00Z,12Z",D1,6h,1.484,2.918,S/D,226,S/D,1.0,0.0,0,S/D,1.0,0.0,0,S/D,1.0,0.0,0,S/D,S/D,S/D,0
4727F484,CHUGUR,CAJAMARCA,HUALGAYOC,gfs,pp,20260827,20260925,"00Z,12Z",D1,6h,0.934,2.092,S/D,226,S/D,1.0,0.0,0,S/D,1.0,0.0,0,S/D,1.0,0.0,0,S/D,S/D,S/D,0
4727F484,CHUGUR,CAJAMARCA,HUALGAYOC,eta5,pp,20260827,20260925,"00Z,12Z",D1,6h,0.596,1.67,S/D,191,S/D,1.0,0.0,0,S/D,1.0,0.0,0,S/D,1.0,0.0,0,S/D,S/D,S/D,0
4727F484,CHUGUR,CAJAMARCA,HUALGAYOC,wrf5,pp,20260827,20260925,"00Z,12Z",D1,6h,0.662,2.47,S/D,222,S/D,1.0,0.0,0,S/D,1.0,0.0,0,S/D,1.0,0.0,0,S/D,1.0,0.0,0
4727F484,CHUGUR,CAJAMARCA,HUALGAYOC,mpas15,pp,20260827,20260925,00Z,D1,6h,1.575,4.172,S/D,113,S/D,1.0,0.0,0,S/D,1.0,0.0,0,S/D,1.0,0.0,0,S/D,1.0,0.0,0
472A571A,HUALLAPE,CAJAMARCA,JAEN,ecmwf,pp,20260827,20260925,"00Z,12Z",D1,6h,0.3,1.667,0.251,230,0.861,0.799,0.195,36,0.25,0.917,0.067,12,0.0,1.0,0.0,6,S/D,S/D,S/D,0
472A571A,HUALLAPE,CAJAMARCA,JAEN,gfs,pp,20260827,20260925,"00Z,12Z",D1,6h,-0.029,1.228,0.29,230,0.639,0.739,0.228,36,0.333,0.75,0.167,12,0.0,S/D,0.0,6,S/D,S/D,S/D,0
472A571A,HUALLAPE,CAJAMARCA,JAEN,eta5,pp,20260827,20260925,"00Z,12Z",D1,6h,1.059,2.413,0.154,193,0.607,0.832,0.152,28,0.8,0.875,0.121,10,0.25,0.909,0.071,4,S/D,S/D,S/D,0
472A571A,HUALLAPE,CAJAMARCA,JAEN,wrf5,pp,20260827,20260925,"00Z,12Z",D1,6h,-0.262,1.327,0.25,226,0.083,0.7,0.07,36,0.0,S/D,0.0,12,0.0,S/D,0.0,6,S/D,S/D,S/D,0
472A571A,HUALLAPE,CAJAMARCA,JAEN,mpas15,pp,20260827,20260925,00Z,D1,6h,0.383,2.468,0.155,115,0.5,0.757,0.196,18,0.5,0.87,0.115,6,0.0,1.0,0.0,3,S/D,S/D,S/D,0
47269398,JAEN,CAJAMARCA,JAEN,ecmwf,pp,20260827,20260925,"00Z,12Z",D1,6h,0.378,1.041,0.274,208,0.778,0.859,0.136,18,0.5,0.879,0.108,8,S/D,1.0,0.0,0,S/D,S/D,S/D,0
47269398,JAEN,CAJAMARCA,JAEN,gfs,pp,20260827,20260925,"00Z,12Z",D1,6h,0.331,0.882,0.295,208,0.889,0.843,0.154,18,0.375,0.906,0.081,8,S/D,1.0,0.0,0,S/D,S/D,S/D,0
47269398,JAEN,CAJAMARCA,JAEN,eta5,pp,20260827,20260925,"00Z,12Z",D1,6h,2.111,3.496,0.122,173,0.824,0.88,0.117,17,0.571,0.955,0.043,7,S/D,1.0,0.0,0,S/D,S/D,S/D,0
47269398,JAEN,CAJAMARCA,JAEN,wrf5,pp,20260827,20260925,"00Z,12Z",D1,6h,-0.056,0.521,0.173,204,0.167,0.786,0.103,18,0.0,1.0,0.0,8,S/D,S/D,S/D,0,S/D,S/D,S/D,0
47269398,JAEN,CAJAMARCA,JAEN,mpas15,pp,20260827,20260925,00Z,D1,6h,1.319,2.657,0.174,104,0.778,0.863,0.132,9,0.75,0.925,0.073,4,S/D,1.0,0.0,0,S/D,S/D,S/D,0
105136,SAUZAL,CAJAMARCA,JAEN,ecmwf,pp,20260827,20260925,"00Z,12Z",D1,6h,0.48,1.397,0.161,232,1.0,0.973,0.027,2,S/D,1.0,0.0,0,S/D,1.0,0.0,0,S/D,S/D,S/D,0
105136,SAUZAL,CAJAMARCA,JAEN,gfs,pp,20260827,20260925,"00Z,12Z",D1,6h,0.217,0.629,0.182,232,1.0,0.968,0.032,2,S/D,1.0,0.0,0,S/D,S/D,S/D,0,S/D,S/D,S/D,0
105136,SAUZAL,CAJAMARCA,JAEN,eta5,pp,20260827,20260925,"00Z,12Z",D1,6h,0.243,1.021,0.175,196,1.0,0.967,0.033,1,S/D,1.0,0.0,0,S/D,1.0,0.0,0,S/D,S/D,S/D,0
105136,SAUZAL,CAJAMARCA,JAEN,wrf5,pp,20260827,20260925,"00Z,12Z",D1,6h,0.016,0.261,0.133,228,0.0,1.0,0.0,2,S/D,1.0,0.0,0,S/D,S/D,S/D,0,S/D,S/D,S/D,0
105136,SAUZAL,CAJAMARCA,JAEN,mpas15,pp,20260827,20260925,00Z,D1,6h,0.389,0.997,0.175,116,1.0,0.962,0.038,1,S/D,1.0,0.0,0,S/D,1.0,0.0,0,S/D,S/D,S/D,0
4725E206,SAN MARCOS,CAJAMARCA,SAN MARCOS,ecmwf,pp,20260827,20260925,"00Z,12Z",D1,6h,0.592,1.639,0.298,214,1.0,0.915,0.085,8,1.0,0.926,0.074,2,S/D,1.0,0.0,0,S/D,S/D,S/D,0
4725E206,SAN MARCOS,CAJAMARCA,SAN MARCOS,gfs,pp,20260827,20260925,"00Z,12Z",D1,6h,0.471,1.068,0.256,214,1.0,0.924,0.076,8,0.5,0.968,0.031,2,S/D,1.0,0.0,0,S/D,S/D,S/D,0
4725E206,SAN MARCOS,CAJAMARCA,SAN MARCOS,eta5,pp,20260827,20260925,"00Z,12Z",D1,6h,0.167,0.662,0.273,181,0.667,0.871,0.121,6,0.0,1.0,0.0,2,S/D,1.0,0.0,0,S/D,S/D,S/D,0
4725E206,SAN MARCOS,CAJAMARCA,SAN MARCOS,wrf5,pp,20260827,20260925,"00Z,12Z",D1,6h,0.245,1.4,0.4,210,1.0,0.692,0.308,8,0.0,1.0,0.0,2,S/D,1.0,0.0,0,S/D,S/D,S/D,0
4725E206,SAN MARCOS,CAJAMARCA,SAN MARCOS,mpas15,pp,20260827,20260925,00Z,D1,6h,0.78,2.756,0.324,107,1.0,0.875,0.125,4,1.0,0.95,0.05,1,S/D,1.0,0.0,0,S/D,S/D,S/D,0
47E207A4,TONGOD,CAJAMARCA,SAN MIGUEL,ecmwf,pp,20260827,20260925,"00Z,12Z",D1,6h,0.883,2.811,0.248,226,0.711,0.82,0.168,38,0.857,0.848,0.148,14,0.875,0.65,0.333,8,S/D,S/D,S/D,0
47E207A4,TONGOD,CAJAMARCA,SAN MIGUEL,gfs,pp,20260827,20260925,"00Z,12Z",D1,6h,0.382,2.449,0.343,226,0.895,0.736,0.256,38,0.714,0.804,0.182,14,0.625,0.545,0.357,8,S/D,S/D,S/D,0
47E207A4,TONGOD,CAJAMARCA,SAN MIGUEL,eta5,pp,20260827,20260925,"00Z,12Z",D1,6h,-0.145,2.031,0.322,190,0.533,0.644,0.271,30,0.333,0.75,0.167,9,0.0,S/D,0.0,4,S/D,S/D,S/D,0
47E207A4,TONGOD,CAJAMARCA,SAN MIGUEL,wrf5,pp,20260827,20260925,"00Z,12Z",D1,6h,-0.142,2.091,0.381,222,0.526,0.5,0.345,38,0.643,0.471,0.409,14,0.5,0.5,0.333,8,S/D,S/D,S/D,0
47E207A4,TONGOD,CAJAMARCA,SAN MIGUEL,mpas15,pp,20260827,20260925,00Z,D1,6h,0.924,2.669,0.255,113,0.579,0.718,0.234,19,0.857,0.824,0.171,7,1.0,0.733,0.267,4,S/D,S/D,S/D,0
47E1C5B4,CAÑAD,CAJAMARCA,SANTA CRUZ,ecmwf,pp,20260827,20260925,"00Z,12Z",D1,6h,1.05,2.28,0.217,230,1.0,0.97,0.03,4,S/D,1.0,0.0,0,S/D,1.0,0.0,0,S/D,S/D,S/D,0
47E1C5B4,CAÑAD,CAJAMARCA,SANTA CRUZ,gfs,pp,20260827,20260925,"00Z,12Z",D1,6h,0.644,1.258,0.22,230,1.0,0.97,0.03,4,S/D,1.0,0.0,0,S/D,1.0,0.0,0,S/D,S/D,S/D,0
47E1C5B4,CAÑAD,CAJAMARCA,SANTA CRUZ,eta5,pp,20260827,20260925,"00Z,12Z",D1,6h,0.74,1.997,0.177,194,1.0,0.969,0.031,2,S/D,1.0,0.0,0,S/D,1.0,0.0,0,S/D,S/D,S/D,0
47E1C5B4,CAÑAD,CAJAMARCA,SANTA CRUZ,wrf5,pp,20260827,20260925,"00Z,12Z",D1,6h,0.048,0.321,0.369,226,1.0,0.5,0.5,4,S/D,1.0,0.0,0,S/D,S/D,S/D,0,S/D,S/D,S/D,0
47E1C5B4,CAÑAD,CAJAMARCA,SANTA CRUZ,mpas15,pp,20260827,20260925,00Z,D1,6h,0.766,1.698,0.236,115,1.0,0.949,0.051,2,S/D,1.0,0.0,0,S/D,1.0,0.0,0,S/D,S/D,S/D,0
47E3055E,CHANCAY BAÑOS,CAJAMARCA,SANTA CRUZ,ecmwf,pp,20260827,20260925,"00Z,12Z",D1,6h,0.964,2.17,0.075,238,0.75,0.949,0.05,12,1.0,0.897,0.103,6,S/D,1.0,0.0,0,S/D,S/D,S/D,0
47E3055E,CHANCAY BAÑOS,CAJAMARCA,SANTA CRUZ,gfs,pp,20260827,20260925,"00Z,12Z",D1,6h,0.598,1.138,0.186,238,0.833,0.945,0.055,12,1.0,0.846,0.154,6,S/D,1.0,0.0,0,S/D,S/D,S/D,0
47E3055E,CHANCAY BAÑOS,CAJAMARCA,SANTA CRUZ,eta5,pp,20260827,20260925,"00Z,12Z",D1,6h,0.488,1.506,0.188,201,0.625,0.912,0.083,8,0.75,0.893,0.103,4,S/D,1.0,0.0,0,S/D,S/D,S/D,0
47E3055E,CHANCAY BAÑOS,CAJAMARCA,SANTA CRUZ,wrf5,pp,20260827,20260925,"00Z,12Z",D1,6h,0.104,0.944,0.281,234,0.5,0.7,0.231,12,0.5,0.571,0.3,6,S/D,1.0,0.0,0,S/D,S/D,S/D,0
47E3055E,CHANCAY BAÑOS,CAJAMARCA,SANTA CRUZ,mpas15,pp,20260827,20260925,00Z,D1,6h,0.978,2.195,0.096,119,0.5,0.929,0.067,6,1.0,0.909,0.091,3,S/D,1.0,0.0,0,S/D,S/D,S/D,0
47E1E358,PUENTE AMBAN,CAJAMARCA,SANTA CRUZ,ecmwf,pp,20260827,20260925,"00Z,12Z",D1,6h,0.738,1.676,0.114,232,0.6,0.954,0.044,10,1.0,0.915,0.085,4,1.0,0.778,0.222,2,S/D,S/D,S/D,0
47E1E358,PUENTE AMBAN,CAJAMARCA,SANTA CRUZ,gfs,pp,20260827,20260925,"00Z,12Z",D1,6h,0.162,0.667,0.269,232,0.8,0.873,0.123,10,1.0,0.6,0.4,4,0.0,1.0,0.0,2,S/D,S/D,S/D,0
47E1E358,PUENTE AMBAN,CAJAMARCA,SANTA CRUZ,eta5,pp,20260827,20260925,"00Z,12Z",D1,6h,0.854,2.26,0.141,195,0.667,0.942,0.056,6,1.0,0.95,0.05,2,0.0,1.0,0.0,1,S/D,S/D,S/D,0
47E1E358,PUENTE AMBAN,CAJAMARCA,SANTA CRUZ,wrf5,pp,20260827,20260925,"00Z,12Z",D1,6h,0.005,0.323,0.267,228,0.4,0.692,0.211,10,1.0,0.429,0.571,4,0.0,S/D,0.0,2,S/D,S/D,S/D,0
47E1E358,PUENTE AMBAN,CAJAMARCA,SANTA CRUZ,mpas15,pp,20260827,20260925,00Z,D1,6h,0.933,2.174,0.11,116,0.6,0.925,0.071,5,1.0,0.938,0.062,2,1.0,0.875,0.125,1,S/D,S/D,S/D,0
114132,POMACANCHI,CUSCO,ACOMAYO,ecmwf,pp,20260827,20260925,"00Z,12Z",D1,6h,0.316,0.754,0.356,234,0.9,0.793,0.202,20,0.333,0.943,0.051,6,S/D,1.0,0.0,0,S/D,S/D,S/D,0
114132,POMACANCHI,CUSCO,ACOMAYO,gfs,pp,20260827,20260925,"00Z,12Z",D1,6h,0.26,0.974,0.274,234,0.7,0.825,0.163,20,0.667,0.8,0.182,6,S/D,1.0,0.0,0,S/D,S/D,S/D,0
114132,POMACANCHI,CUSCO,ACOMAYO,eta5,pp,20260827,20260925,"00Z,12Z",D1,6h,0.271,0.88,0.358,197,0.65,0.783,0.194,20,0.833,0.783,0.208,6,S/D,1.0,0.0,0,S/D,S/D,S/D,0
114132,POMACANCHI,CUSCO,ACOMAYO,wrf5,pp,20260827,20260925,"00Z,12Z",D1,6h,0.084,0.567,0.41,230,0.55,0.633,0.282,20,0.167,0.889,0.071,6,S/D,1.0,0.0,0,S/D,S/D,S/D,0
114132,POMACANCHI,CUSCO,ACOMAYO,mpas15,pp,20260827,20260925,00Z,D1,6h,0.48,0.974,0.301,117,0.8,0.822,0.17,10,0.667,0.931,0.067,3,S/D,1.0,0.0,0,S/D,S/D,S/D,0
113252,ANCACHURO,CUSCO,ANTA,ecmwf,pp,20260827,20260925,"00Z,12Z",D1,6h,0.427,1.253,0.304,230,0.833,0.8,0.192,24,0.75,0.86,0.133,8,0.0,1.0,0.0,2,S/D,S/D,S/D,0
113252,ANCACHURO,CUSCO,ANTA,gfs,pp,20260827,20260925,"00Z,12Z",D1,6h,0.244,1.198,0.297,230,0.708,0.798,0.187,24,0.5,0.826,0.148,8,0.0,1.0,0.0,2,S/D,S/D,S/D,0
113252,ANCACHURO,CUSCO,ANTA,eta5,pp,20260827,20260925,"00Z,12Z",D1,6h,0.447,1.592,0.344,194,0.667,0.731,0.237,21,0.714,0.833,0.156,7,0.0,1.0,0.0,1,S/D,S/D,S/D,0
113252,ANCACHURO,CUSCO,ANTA,wrf5,pp,20260827,20260925,"00Z,12Z",D1,6h,-0.002,0.919,0.304,226,0.458,0.725,0.208,24,0.125,0.833,0.077,8,0.0,1.0,0.0,2,S/D,S/D,S/D,0
113252,ANCACHURO,CUSCO,ANTA,mpas15,pp,20260827,20260925,00Z,D1,6h,0.481,1.313,0.171,115,0.667,0.81,0.174,12,0.5,0.938,0.059,4,0.0,S/D,0.0,1,S/D,S/D,S/D,0
47294362,SORAYPAMPA,CUSCO,ANTA,ecmwf,pp,20260827,20260925,"00Z,12Z",D1,6h,S/D,S/D,S/D,0,S/D,S/D,S/D,0,S/D,S/D,S/D,0,S/D,S/D,S/D,0,S/D,S/D,S/D,0
47294362,SORAYPAMPA,CUSCO,ANTA,gfs,pp,20260827,20260925,"00Z,12Z",D1,6h,S/D,S/D,S/D,0,S/D,S/D,S/D,0,S/D,S/D,S/D,0,S/D,S/D,S/D,0,S/D,S/D,S/D,0
47294362,SORAYPAMPA,CUSCO,ANTA,eta5,pp,20260827,20260925,"00Z,12Z",D1,6h,S/D,S/D,S/D,0,S/D,S/D,S/D,0,S/D,S/D,S/D,0,S/D,S/D,S/D,0,S/D,S/D,S/D,0
47294362,SORAYPAMPA,CUSCO,ANTA,wrf5,pp,20260827,20260925,"00Z,12Z",D1,6h,S/D,S/D,S/D,0,S/D,S/D,S/D,0,S/D,S/D,S/D,0,S/D,S/D,S/D,0,S/D,S/D,S/D,0
47294362,SORAYPAMPA,CUSCO,ANTA,mpas15,pp,20260827,20260925,00Z,D1,6h,S/D,S/D,S/D,0,S/D,S/D,S/D,0,S/D,S/D,S/D,0,S/D,S/D,S/D,0,S/D,S/D,S/D,0
472976F8,CALCA,CUSCO,CALCA,ecmwf,pp,20260827,20260925,"00Z,12Z",D1,6h,0.595,1.231,0.274,220,0.9,0.822,0.175,20,0.0,1.0,0.0,2,S/D,1.0,0.0,0,S/D,S/D,S/D,0
472976F8,CALCA,CUSCO,CALCA,gfs,pp,20260827,20260925,"00Z,12Z",D1,6h,0.467,1.045,0.317,220,0.9,0.852,0.145,20,0.0,1.0,0.0,2,S/D,1.0,0.0,0,S/D,S/D,S/D,0
472976F8,CALCA,CUSCO,CALCA,eta5,pp,20260827,20260925,"00Z,12Z",D1,6h,0.059,0.65,0.242,187,0.389,0.667,0.219,18,0.0,1.0,0.0,2,S/D,1.0,0.0,0,S/D,S/D,S/D,0
472976F8,CALCA,CUSCO,CALCA,wrf5,pp,20260827,20260925,"00Z,12Z",D1,6h,0.046,0.502,0.307,217,0.35,0.767,0.163,20,0.0,1.0,0.0,2,S/D,S/D,S/D,0,S/D,S/D,S/D,0
472976F8,CALCA,CUSCO,CALCA,mpas15,pp,20260827,20260925,00Z,D1,6h,0.471,0.951,0.271,110,0.8,0.8,0.19,10,1.0,0.968,0.032,1,S/D,S/D,S/D,0,S/D,S/D,S/D,0
472A6280,NUEVO PISAC,CUSCO,CALCA,ecmwf,pp,20260827,20260925,"00Z,12Z",D1,6h,S/D,S/D,S/D,0,S/D,S/D,S/D,0,S/D,S/D,S/D,0,S/D,S/D,S/D,0,S/D,S/D,S/D,0
472A6280,NUEVO PISAC,CUSCO,CALCA,gfs,pp,20260827,20260925,"00Z,12Z",D1,6h,S/D,S/D,S/D,0,S/D,S/D,S/D,0,S/D,S/D,S/D,0,S/D,S/D,S/D,0,S/D,S/D,S/D,0
472A6280,NUEVO PISAC,CUSCO,CALCA,eta5,pp,20260827,20260925,"00Z,12Z",D1,6h,S/D,S/D,S/D,0,S/D,S/D,S/D,0,S/D,S/D,S/D,0,S/D,S/D,S/D,0,S/D,S/D,S/D,0
472A6280,NUEVO PISAC,CUSCO,CALCA,wrf5,pp,20260827,20260925,"00Z,12Z",D1,6h,S/D,S/D,S/D,0,S/D,S/D,S/D,0,S/D,S/D,S/D,0,S/D,S/D,S/D,0,S/D,S/D,S/D,0
472A6280,NUEVO PISAC,CUSCO,CALCA,mpas15,pp,20260827,20260925,00Z,D1,6h,S/D,S/D,S/D,0,S/D,S/D,S/D,0,S/D,S/D,S/D,0,S/D,S/D,S/D,0,S/D,S/D,S/D,0
114126,PAYAPUNKU,CUSCO,CANAS,ecmwf,pp,20260827,20260925,"00Z,12Z",D1,6h,0.358,1.005,0.463,230,0.962,0.716,0.281,26,0.7,0.788,0.194,10,S/D,1.0,0.0,0,S/D,S/D,S/D,0
114126,PAYAPUNKU,CUSCO,CANAS,gfs,pp,20260827,20260925,"00Z,12Z",D1,6h,0.199,0.908,0.283,230,0.654,0.79,0.189,26,0.0,1.0,0.0,10,S/D,S/D,S/D,0,S/D,S/D,S/D,0
114126,PAYAPUNKU,CUSCO,CANAS,eta5,pp,20260827,20260925,"00Z,12Z",D1,6h,0.223,1.035,0.298,193,0.654,0.717,0.246,26,0.4,0.846,0.125,10,S/D,1.0,0.0,0,S/D,S/D,S/D,0
114126,PAYAPUNKU,CUSCO,CANAS,wrf5,pp,20260827,20260925,"00Z,12Z",D1,6h,0.138,1.213,0.308,227,0.417,0.75,0.185,24,0.0,1.0,0.0,9,S/D,1.0,0.0,0,S/D,S/D,S/D,0
114126,PAYAPUNKU,CUSCO,CANAS,mpas15,pp,20260827,20260925,00Z,D1,6h,0.342,1.021,0.401,115,0.846,0.686,0.297,13,0.6,0.864,0.125,5,S/D,1.0,0.0,0,S/D,S/D,S/D,0
114125,SAUSAYA,CUSCO,CANAS,ecmwf,pp,20260827,20260925,"00Z,12Z",D1,6h,0.463,1.057,0.371,218,0.938,0.83,0.169,16,0.75,0.914,0.083,4,S/D,1.0,0.0,0,S/D,S/D,S/D,0
114125,SAUSAYA,CUSCO,CANAS,gfs,pp,20260827,20260925,"00Z,12Z",D1,6h,0.312,0.9,0.237,218,0.75,0.846,0.146,16,0.5,0.917,0.077,4,S/D,S/D,S/D,0,S/D,S/D,S/D,0
114125,SAUSAYA,CUSCO,CANAS,eta5,pp,20260827,20260925,"00Z,12Z",D1,6h,1.016,2.328,0.282,185,0.875,0.821,0.175,16,0.5,0.96,0.038,4,S/D,1.0,0.0,0,S/D,S/D,S/D,0
114125,SAUSAYA,CUSCO,CANAS,wrf5,pp,20260827,20260925,"00Z,12Z",D1,6h,0.274,1.326,0.235,214,0.438,0.806,0.156,16,0.25,0.938,0.053,4,S/D,1.0,0.0,0,S/D,S/D,S/D,0
114125,SAUSAYA,CUSCO,CANAS,mpas15,pp,20260827,20260925,00Z,D1,6h,0.411,0.89,0.233,109,0.75,0.833,0.158,8,0.5,0.958,0.04,2,S/D,1.0,0.0,0,S/D,S/D,S/D,0
472E025C,QUISOQUEPINA,CUSCO,CANCHIS,ecmwf,pp,20260827,20260925,"00Z,12Z",D1,6h,S/D,S/D,S/D,0,S/D,S/D,S/D,0,S/D,S/D,S/D,0,S/D,S/D,S/D,0,S/D,S/D,S/D,0
472E025C,QUISOQUEPINA,CUSCO,CANCHIS,gfs,pp,20260827,20260925,"00Z,12Z",D1,6h,S/D,S/D,S/D,0,S/D,S/D,S/D,0,S/D,S/D,S/D,0,S/D,S/D,S/D,0,S/D,S/D,S/D,0
472E025C,QUISOQUEPINA,CUSCO,CANCHIS,eta5,pp,20260827,20260925,"00Z,12Z",D1,6h,S/D,S/D,S/D,0,S/D,S/D,S/D,0,S/D,S/D,S/D,0,S/D,S/D,S/D,0,S/D,S/D,S/D,0
472E025C,QUISOQUEPINA,CUSCO,CANCHIS,wrf5,pp,20260827,20260925,"00Z,12Z",D1,6h,S/D,S/D,S/D,0,S/D,S/D,S/D,0,S/D,S/D,S/D,0,S/D,S/D,S/D,0,S/D,S/D,S/D,0
472E025C,QUISOQUEPINA,CUSCO,CANCHIS,mpas15,pp,20260827,20260925,00Z,D1,6h,S/D,S/D,S/D,0,S/D,S/D,S/D,0,S/D,S/D,S/D,0,S/D,S/D,S/D,0,S/D,S/D,S/D,0
114118,SALCCA,CUSCO,CANCHIS,ecmwf,pp,20260827,20260925,"00Z,12Z",D1,6h,0.249,0.982,0.353,234,0.889,0.818,0.178,18,0.6,0.769,0.2,10,S/D,1.0,0.0,0,S/D,S/D,S/D,0
114118,SALCCA,CUSCO,CANCHIS,gfs,pp,20260827,20260925,"00Z,12Z",D1,6h,0.129,0.837,0.315,234,0.778,0.803,0.187,18,0.3,0.833,0.12,10,S/D,1.0,0.0,0,S/D,S/D,S/D,0
114118,SALCCA,CUSCO,CANCHIS,eta5,pp,20260827,20260925,"00Z,12Z",D1,6h,0.465,1.375,0.364,197,0.833,0.792,0.2,18,0.9,0.775,0.22,10,S/D,1.0,0.0,0,S/D,S/D,S/D,0
114118,SALCCA,CUSCO,CANCHIS,wrf5,pp,20260827,20260925,"00Z,12Z",D1,6h,0.095,0.85,0.356,230,0.722,0.698,0.271,18,0.3,0.75,0.158,10,S/D,1.0,0.0,0,S/D,S/D,S/D,0
114118,SALCCA,CUSCO,CANCHIS,mpas15,pp,20260827,20260925,00Z,D1,6h,0.396,1.149,0.294,117,0.889,0.795,0.2,9,1.0,0.828,0.172,5,S/D,1.0,0.0,0,S/D,S/D,S/D,0
47E8B578,SIBINACOCHA,CUSCO,CANCHIS,ecmwf,pp,20260827,20260925,"00Z,12Z",D1,6h,0.087,0.632,0.523,232,0.87,0.56,0.412,46,0.312,0.667,0.192,16,S/D,S/D,S/D,0,S/D,S/D,S/D,0
47E8B578,SIBINACOCHA,CUSCO,CANCHIS,gfs,pp,20260827,20260925,"00Z,12Z",D1,6h,0.469,1.279,0.445,232,0.783,0.644,0.324,46,0.625,0.778,0.196,16,S/D,1.0,0.0,0,S/D,S/D,S/D,0
47E8B578,SIBINACOCHA,CUSCO,CANCHIS,eta5,pp,20260827,20260925,"00Z,12Z",D1,6h,0.089,0.874,0.32,195,0.356,0.568,0.242,45,0.375,0.667,0.214,16,S/D,1.0,0.0,0,S/D,S/D,S/D,0
47E8B578,SIBINACOCHA,CUSCO,CANCHIS,wrf5,pp,20260827,20260925,"00Z,12Z",D1,6h,0.05,0.817,0.364,229,0.409,0.561,0.269,44,0.25,0.733,0.148,16,S/D,1.0,0.0,0,S/D,S/D,S/D,0
47E8B578,SIBINACOCHA,CUSCO,CANCHIS,mpas15,pp,20260827,20260925,00Z,D1,6h,0.443,0.967,0.538,116,0.913,0.523,0.457,23,0.75,0.818,0.171,8,S/D,S/D,S/D,0,S/D,S/D,S/D,0
4726158C,SICUANI,CUSCO,CANCHIS,ecmwf,pp,20260827,20260925,"00Z,12Z",D1,6h,0.316,1.012,0.201,212,0.75,0.926,0.072,8,0.0,1.0,0.0,2,S/D,1.0,0.0,0,S/D,S/D,S/D,0
4726158C,SICUANI,CUSCO,CANCHIS,gfs,pp,20260827,20260925,"00Z,12Z",D1,6h,0.219,0.692,0.294,212,1.0,0.871,0.129,8,1.0,0.867,0.133,2,S/D,1.0,0.0,0,S/D,S/D,S/D,0
4726158C,SICUANI,CUSCO,CANCHIS,eta5,pp,20260827,20260925,"00Z,12Z",D1,6h,0.694,1.506,0.272,178,0.875,0.897,0.101,8,1.0,0.949,0.051,2,S/D,1.0,0.0,0,S/D,S/D,S/D,0
4726158C,SICUANI,CUSCO,CANCHIS,wrf5,pp,20260827,20260925,"00Z,12Z",D1,6h,0.18,1.037,0.343,208,0.75,0.76,0.222,8,1.0,0.667,0.333,2,S/D,1.0,0.0,0,S/D,S/D,S/D,0
4726158C,SICUANI,CUSCO,CANCHIS,mpas15,pp,20260827,20260925,00Z,D1,6h,0.43,0.901,0.172,106,0.75,0.914,0.083,4,1.0,0.96,0.04,1,S/D,S/D,S/D,0,S/D,S/D,S/D,0
114123,MARCA CUNKA,CUSCO,CHUMBIVILCAS,ecmwf,pp,20260827,20260925,"00Z,12Z",D1,6h,0.249,0.845,0.443,230,0.867,0.705,0.283,30,0.45,0.64,0.25,20,S/D,1.0,0.0,0,S/D,S/D,S/D,0
114123,MARCA CUNKA,CUSCO,CHUMBIVILCAS,gfs,pp,20260827,20260925,"00Z,12Z",D1,6h,0.267,0.92,0.317,230,0.9,0.791,0.205,30,0.4,0.784,0.163,20,S/D,1.0,0.0,0,S/D,S/D,S/D,0
114123,MARCA CUNKA,CUSCO,CHUMBIVILCAS,eta5,pp,20260827,20260925,"00Z,12Z",D1,6h,0.595,1.481,0.452,193,0.852,0.693,0.291,27,0.778,0.708,0.269,18,S/D,1.0,0.0,0,S/D,S/D,S/D,0
114123,MARCA CUNKA,CUSCO,CHUMBIVILCAS,wrf5,pp,20260827,20260925,"00Z,12Z",D1,6h,0.184,1.66,0.42,227,0.607,0.679,0.266,28,0.222,0.789,0.121,18,S/D,1.0,0.0,0,S/D,S/D,S/D,0
114123,MARCA CUNKA,CUSCO,CHUMBIVILCAS,mpas15,pp,20260827,20260925,00Z,D1,6h,0.508,1.227,0.373,115,0.8,0.707,0.273,15,0.8,0.75,0.235,10,S/D,1.0,0.0,0,S/D,S/D,S/D,0
4729A090,SANTO TOMAS,CUSCO,CHUMBIVILCAS,ecmwf,pp,20260827,20260925,"00Z,12Z",D1,6h,0.146,0.571,0.471,198,0.929,0.653,0.338,28,0.571,0.529,0.348,14,S/D,S/D,S/D,0,S/D,S/D,S/D,0
4729A090,SANTO TOMAS,CUSCO,CHUMBIVILCAS,gfs,pp,20260827,20260925,"00Z,12Z",D1,6h,0.23,0.79,0.303,198,0.893,0.779,0.216,28,0.286,0.879,0.093,14,S/D,S/D,S/D,0,S/D,S/D,S/D,0
4729A090,SANTO TOMAS,CUSCO,CHUMBIVILCAS,eta5,pp,20260827,20260925,"00Z,12Z",D1,6h,0.515,1.246,0.424,168,0.8,0.672,0.303,25,0.75,0.769,0.214,12,S/D,1.0,0.0,0,S/D,S/D,S/D,0
4729A090,SANTO TOMAS,CUSCO,CHUMBIVILCAS,wrf5,pp,20260827,20260925,"00Z,12Z",D1,6h,0.061,1.394,0.428,194,0.28,0.741,0.156,25,0.0,1.0,0.0,12,S/D,1.0,0.0,0,S/D,S/D,S/D,0
4729A090,SANTO TOMAS,CUSCO,CHUMBIVILCAS,mpas15,pp,20260827,20260925,00Z,D1,6h,0.531,1.257,0.448,99,0.929,0.658,0.333,14,1.0,0.75,0.25,7,S/D,1.0,0.0,0,S/D,S/D,S/D,0
114124,HUAYHUAHUASI,CUSCO,ESPINAR,ecmwf,pp,20260827,20260925,"00Z,12Z",D1,6h,0.261,1.085,0.362,234,1.0,0.813,0.187,14,0.5,0.875,0.111,6,0.0,1.0,0.0,2,S/D,S/D,S/D,0
114124,HUAYHUAHUASI,CUSCO,ESPINAR,gfs,pp,20260827,20260925,"00Z,12Z",D1,6h,0.391,1.224,0.293,234,1.0,0.861,0.139,14,0.5,0.921,0.073,6,0.0,1.0,0.0,2,S/D,S/D,S/D,0
114124,HUAYHUAHUASI,CUSCO,ESPINAR,eta5,pp,20260827,20260925,"00Z,12Z",D1,6h,0.817,2.121,0.291,197,0.857,0.831,0.164,14,0.667,0.917,0.08,6,0.0,1.0,0.0,2,S/D,S/D,S/D,0
114124,HUAYHUAHUASI,CUSCO,ESPINAR,wrf5,pp,20260827,20260925,"00Z,12Z",D1,6h,0.274,1.156,0.257,230,0.667,0.852,0.138,12,0.4,0.923,0.069,5,0.5,0.667,0.25,2,S/D,S/D,S/D,0
114124,HUAYHUAHUASI,CUSCO,ESPINAR,mpas15,pp,20260827,20260925,00Z,D1,6h,0.327,1.083,0.369,117,1.0,0.794,0.206,7,1.0,0.885,0.115,3,0.0,S/D,0.0,1,S/D,S/D,S/D,0
47E880E2,PICHARI,CUSCO,LA CONVENCION,ecmwf,pp,20260827,20260925,"00Z,12Z",D1,6h,1.521,6.447,0.392,232,0.975,0.789,0.21,40,1.0,0.81,0.19,26,0.417,0.894,0.093,12,0.0,S/D,0.0,4
47E880E2,PICHARI,CUSCO,LA CONVENCION,gfs,pp,20260827,20260925,"00Z,12Z",D1,6h,0.316,5.993,0.315,232,0.975,0.812,0.187,40,0.923,0.803,0.194,26,0.0,1.0,0.0,12,0.0,S/D,0.0,4
47E880E2,PICHARI,CUSCO,LA CONVENCION,eta5,pp,20260827,20260925,"00Z,12Z",D1,6h,4.539,9.493,0.26,195,0.833,0.799,0.194,36,0.864,0.855,0.142,22,0.5,0.94,0.057,10,0.0,1.0,0.0,4
47E880E2,PICHARI,CUSCO,LA CONVENCION,wrf5,pp,20260827,20260925,"00Z,12Z",D1,6h,-0.704,6.534,0.31,229,0.513,0.6,0.29,39,0.192,0.737,0.125,26,0.0,1.0,0.0,12,0.0,1.0,0.0,4
47E880E2,PICHARI,CUSCO,LA CONVENCION,mpas15,pp,20260827,20260925,00Z,D1,6h,0.228,5.902,0.23,116,0.8,0.761,0.225,20,0.846,0.8,0.193,13,0.0,1.0,0.0,6,0.0,S/D,0.0,2
112264,PONGO DE MAINIQUE,CUSCO,LA CONVENCION,ecmwf,pp,20260827,20260925,"00Z,12Z",D1,6h,-0.355,7.159,0.351,232,0.833,0.628,0.346,54,0.5,0.81,0.16,24,0.111,0.875,0.062,18,0.0,1.0,0.0,6
112264,PONGO DE MAINIQUE,CUSCO,LA CONVENCION,gfs,pp,20260827,20260925,"00Z,12Z",D1,6h,-0.02,6.586,0.317,232,0.833,0.664,0.315,54,0.542,0.835,0.144,24,0.444,0.733,0.2,18,0.0,S/D,0.0,6
112264,PONGO DE MAINIQUE,CUSCO,LA CONVENCION,eta5,pp,20260827,20260925,"00Z,12Z",D1,6h,0.684,7.257,0.171,195,0.625,0.703,0.252,48,0.524,0.847,0.134,21,0.5,0.765,0.19,16,0.0,S/D,0.0,5
112264,PONGO DE MAINIQUE,CUSCO,LA CONVENCION,wrf5,pp,20260827,20260925,"00Z,12Z",D1,6h,-1.149,7.032,0.267,228,0.377,0.574,0.25,53,0.167,0.818,0.095,24,0.0,1.0,0.0,18,0.0,S/D,0.0,6
112264,PONGO DE MAINIQUE,CUSCO,LA CONVENCION,mpas15,pp,20260827,20260925,00Z,D1,6h,-0.465,6.857,0.309,116,0.667,0.617,0.321,27,0.583,0.829,0.152,12,0.0,1.0,0.0,9,0.0,S/D,0.0,3
4729658E,SAN PABLO,CUSCO,LA CONVENCION,ecmwf,pp,20260827,20260925,"00Z,12Z",D1,6h,1.941,3.511,0.123,228,0.972,0.824,0.175,36,0.688,0.922,0.075,16,0.125,0.971,0.024,8,S/D,S/D,S/D,0
4729658E,SAN PABLO,CUSCO,LA CONVENCION,gfs,pp,20260827,20260925,"00Z,12Z",D1,6h,1.106,2.417,0.241,228,0.944,0.828,0.17,36,0.75,0.885,0.111,16,0.0,1.0,0.0,8,S/D,S/D,S/D,0
4729658E,SAN PABLO,CUSCO,LA CONVENCION,eta5,pp,20260827,20260925,"00Z,12Z",D1,6h,2.397,4.507,0.136,192,0.781,0.805,0.185,32,0.714,0.901,0.095,14,0.333,0.947,0.048,6,S/D,S/D,S/D,0
4729658E,SAN PABLO,CUSCO,LA CONVENCION,wrf5,pp,20260827,20260925,"00Z,12Z",D1,6h,-0.083,1.631,0.361,226,0.571,0.643,0.282,35,0.188,0.812,0.103,16,0.0,1.0,0.0,8,S/D,S/D,S/D,0
4729658E,SAN PABLO,CUSCO,LA CONVENCION,mpas15,pp,20260827,20260925,00Z,D1,6h,1.473,3.191,0.218,114,0.778,0.77,0.215,18,0.75,0.885,0.111,8,0.25,0.917,0.067,4,S/D,S/D,S/D,0
4722A338,ACJANACO ,CUSCO,PAUCARTAMBO,ecmwf,pp,20260827,20260925,"00Z,12Z",D1,6h,0.419,2.481,0.297,230,0.75,0.577,0.37,80,0.525,0.777,0.186,40,0.2,0.75,0.125,10,S/D,S/D,S/D,0
4722A338,ACJANACO ,CUSCO,PAUCARTAMBO,gfs,pp,20260827,20260925,"00Z,12Z",D1,6h,0.673,2.506,0.307,230,0.925,0.589,0.398,80,0.625,0.728,0.234,40,0.3,0.8,0.136,10,S/D,S/D,S/D,0
4722A338,ACJANACO ,CUSCO,PAUCARTAMBO,eta5,pp,20260827,20260925,"00Z,12Z",D1,6h,-0.578,2.771,0.222,193,0.284,0.488,0.223,74,0.128,0.5,0.114,39,0.1,0.667,0.083,10,S/D,S/D,S/D,0
4722A338,ACJANACO ,CUSCO,PAUCARTAMBO,wrf5,pp,20260827,20260925,"00Z,12Z",D1,6h,0.286,3.268,0.308,227,0.623,0.529,0.366,77,0.395,0.746,0.183,38,0.1,0.909,0.05,10,S/D,1.0,0.0,0
4722A338,ACJANACO ,CUSCO,PAUCARTAMBO,mpas15,pp,20260827,20260925,00Z,D1,6h,0.562,2.172,0.306,115,0.7,0.562,0.368,40,0.65,0.764,0.21,20,0.4,0.75,0.182,5,S/D,S/D,S/D,0
210007,PAUCARTAMBO,CUSCO,PAUCARTAMBO,ecmwf,pp,20260827,20260925,"00Z,12Z",D1,6h,S/D,S/D,S/D,0,S/D,S/D,S/D,0,S/D,S/D,S/D,0,S/D,S/D,S/D,0,S/D,S/D,S/D,0
210007,PAUCARTAMBO,CUSCO,PAUCARTAMBO,gfs,pp,20260827,20260925,"00Z,12Z",D1,6h,S/D,S/D,S/D,0,S/D,S/D,S/D,0,S/D,S/D,S/D,0,S/D,S/D,S/D,0,S/D,S/D,S/D,0
210007,PAUCARTAMBO,CUSCO,PAUCARTAMBO,eta5,pp,20260827,20260925,"00Z,12Z",D1,6h,S/D,S/D,S/D,0,S/D,S/D,S/D,0,S/D,S/D,S/D,0,S/D,S/D,S/D,0,S/D,S/D,S/D,0
210007,PAUCARTAMBO,CUSCO,PAUCARTAMBO,wrf5,pp,20260827,20260925,"00Z,12Z",D1,6h,S/D,S/D,S/D,0,S/D,S/D,S/D,0,S/D,S/D,S/D,0,S/D,S/D,S/D,0,S/D,S/D,S/D,0
210007,PAUCARTAMBO,CUSCO,PAUCARTAMBO,mpas15,pp,20260827,20260925,00Z,D1,6h,S/D,S/D,S/D,0,S/D,S/D,S/D,0,S/D,S/D,S/D,0,S/D,S/D,S/D,0,S/D,S/D,S/D,0
113247,ASHANAKU,CUSCO,QUISPICANCHI,ecmwf,pp,20260827,20260925,"00Z,12Z",D1,6h,0.249,1.929,0.265,230,0.75,0.817,0.172,28,0.667,0.707,0.255,18,0.167,0.75,0.111,6,S/D,S/D,S/D,0
113247,ASHANAKU,CUSCO,QUISPICANCHI,gfs,pp,20260827,20260925,"00Z,12Z",D1,6h,0.228,2.049,0.225,230,0.821,0.831,0.163,28,0.389,0.794,0.156,18,0.0,1.0,0.0,6,S/D,S/D,S/D,0
113247,ASHANAKU,CUSCO,QUISPICANCHI,eta5,pp,20260827,20260925,"00Z,12Z",D1,6h,-0.273,1.98,0.313,193,0.423,0.645,0.239,26,0.059,0.909,0.037,17,0.0,S/D,0.0,6,S/D,S/D,S/D,0
113247,ASHANAKU,CUSCO,QUISPICANCHI,wrf5,pp,20260827,20260925,"00Z,12Z",D1,6h,-0.14,1.945,0.334,227,0.333,0.69,0.191,27,0.176,0.786,0.107,17,0.0,1.0,0.0,5,S/D,S/D,S/D,0
113247,ASHANAKU,CUSCO,QUISPICANCHI,mpas15,pp,20260827,20260925,00Z,D1,6h,0.029,1.769,0.308,115,0.714,0.756,0.222,14,0.667,0.793,0.188,9,0.0,S/D,0.0,3,S/D,S/D,S/D,0
113254,QUINCEMIL,CUSCO,QUISPICANCHI,ecmwf,pp,20260827,20260925,"00Z,12Z",D1,6h,1.458,3.498,S/D,234,S/D,1.0,0.0,0,S/D,1.0,0.0,0,S/D,1.0,0.0,0,S/D,1.0,0.0,0
113254,QUINCEMIL,CUSCO,QUISPICANCHI,gfs,pp,20260827,20260925,"00Z,12Z",D1,6h,1.278,2.631,S/D,234,S/D,1.0,0.0,0,S/D,1.0,0.0,0,S/D,1.0,0.0,0,S/D,S/D,S/D,0
113254,QUINCEMIL,CUSCO,QUISPICANCHI,eta5,pp,20260827,20260925,"00Z,12Z",D1,6h,2.581,5.301,S/D,198,S/D,1.0,0.0,0,S/D,1.0,0.0,0,S/D,1.0,0.0,0,S/D,1.0,0.0,0
113254,QUINCEMIL,CUSCO,QUISPICANCHI,wrf5,pp,20260827,20260925,"00Z,12Z",D1,6h,0.755,3.49,S/D,230,S/D,1.0,0.0,0,S/D,1.0,0.0,0,S/D,1.0,0.0,0,S/D,1.0,0.0,0
113254,QUINCEMIL,CUSCO,QUISPICANCHI,mpas15,pp,20260827,20260925,00Z,D1,6h,2.491,4.825,S/D,117,S/D,1.0,0.0,0,S/D,1.0,0.0,0,S/D,1.0,0.0,0,S/D,S/D,S/D,0
472A9204,CHILCA,CUSCO,URUBAMBA,ecmwf,pp,20260827,20260925,"00Z,12Z",D1,6h,0.369,0.767,0.382,232,0.846,0.805,0.188,26,0.75,0.854,0.14,8,S/D,1.0,0.0,0,S/D,S/D,S/D,0
472A9204,CHILCA,CUSCO,URUBAMBA,gfs,pp,20260827,20260925,"00Z,12Z",D1,6h,0.475,1.176,0.276,232,0.923,0.841,0.157,26,0.5,0.897,0.093,8,S/D,1.0,0.0,0,S/D,S/D,S/D,0
472A9204,CHILCA,CUSCO,URUBAMBA,eta5,pp,20260827,20260925,"00Z,12Z",D1,6h,0.332,0.987,0.192,195,0.739,0.815,0.173,23,0.429,0.88,0.103,7,S/D,1.0,0.0,0,S/D,S/D,S/D,0
472A9204,CHILCA,CUSCO,URUBAMBA,wrf5,pp,20260827,20260925,"00Z,12Z",D1,6h,0.096,0.671,0.419,228,0.72,0.571,0.367,25,0.25,0.846,0.105,8,S/D,1.0,0.0,0,S/D,S/D,S/D,0
472A9204,CHILCA,CUSCO,URUBAMBA,mpas15,pp,20260827,20260925,00Z,D1,6h,0.607,1.21,0.124,116,0.692,0.827,0.161,13,0.25,0.975,0.023,4,S/D,S/D,S/D,0,S/D,S/D,S/D,0
4727C11E,HUAYLLABAMBA,CUSCO,URUBAMBA,ecmwf,pp,20260827,20260925,"00Z,12Z",D1,6h,S/D,S/D,S/D,0,S/D,S/D,S/D,0,S/D,S/D,S/D,0,S/D,S/D,S/D,0,S/D,S/D,S/D,0
4727C11E,HUAYLLABAMBA,CUSCO,URUBAMBA,gfs,pp,20260827,20260925,"00Z,12Z",D1,6h,S/D,S/D,S/D,0,S/D,S/D,S/D,0,S/D,S/D,S/D,0,S/D,S/D,S/D,0,S/D,S/D,S/D,0
4727C11E,HUAYLLABAMBA,CUSCO,URUBAMBA,eta5,pp,20260827,20260925,"00Z,12Z",D1,6h,S/D,S/D,S/D,0,S/D,S/D,S/D,0,S/D,S/D,S/D,0,S/D,S/D,S/D,0,S/D,S/D,S/D,0
4727C11E,HUAYLLABAMBA,CUSCO,URUBAMBA,wrf5,pp,20260827,20260925,"00Z,12Z",D1,6h,S/D,S/D,S/D,0,S/D,S/D,S/D,0,S/D,S/D,S/D,0,S/D,S/D,S/D,0,S/D,S/D,S/D,0
4727C11E,HUAYLLABAMBA,CUSCO,URUBAMBA,mpas15,pp,20260827,20260925,00Z,D1,6h,S/D,S/D,S/D,0,S/D,S/D,S/D,0,S/D,S/D,S/D,0,S/D,S/D,S/D,0,S/D,S/D,S/D,0
472935F2,INTIHUATANA H,CUSCO,URUBAMBA,ecmwf,pp,20260827,20260925,"00Z,12Z",D1,6h,S/D,S/D,S/D,0,S/D,S/D,S/D,0,S/D,S/D,S/D,0,S/D,S/D,S/D,0,S/D,S/D,S/D,0
472935F2,INTIHUATANA H,CUSCO,URUBAMBA,gfs,pp,20260827,20260925,"00Z,12Z",D1,6h,S/D,S/D,S/D,0,S/D,S/D,S/D,0,S/D,S/D,S/D,0,S/D,S/D,S/D,0,S/D,S/D,S/D,0
472935F2,INTIHUATANA H,CUSCO,URUBAMBA,eta5,pp,20260827,20260925,"00Z,12Z",D1,6h,S/D,S/D,S/D,0,S/D,S/D,S/D,0,S/D,S/D,S/D,0,S/D,S/D,S/D,0,S/D,S/D,S/D,0
472935F2,INTIHUATANA H,CUSCO,URUBAMBA,wrf5,pp,20260827,20260925,"00Z,12Z",D1,6h,S/D,S/D,S/D,0,S/D,S/D,S/D,0,S/D,S/D,S/D,0,S/D,S/D,S/D,0,S/D,S/D,S/D,0
472935F2,INTIHUATANA H,CUSCO,URUBAMBA,mpas15,pp,20260827,20260925,00Z,D1,6h,S/D,S/D,S/D,0,S/D,S/D,S/D,0,S/D,S/D,S/D,0,S/D,S/D,S/D,0,S/D,S/D,S/D,0
472852EE,INTIHUATANA M,CUSCO,URUBAMBA,ecmwf,pp,20260827,20260925,"00Z,12Z",D1,6h,0.02,1.818,0.3,230,0.719,0.662,0.299,64,0.382,0.705,0.2,34,0.0,S/D,0.0,10,S/D,S/D,S/D,0
472852EE,INTIHUATANA M,CUSCO,URUBAMBA,gfs,pp,20260827,20260925,"00Z,12Z",D1,6h,0.346,1.72,0.342,230,0.953,0.676,0.319,64,0.647,0.69,0.265,34,0.1,0.75,0.077,10,S/D,S/D,S/D,0
472852EE,INTIHUATANA M,CUSCO,URUBAMBA,eta5,pp,20260827,20260925,"00Z,12Z",D1,6h,1.05,2.688,0.339,195,0.782,0.642,0.326,55,0.7,0.727,0.244,30,0.333,0.85,0.115,9,S/D,S/D,S/D,0
472852EE,INTIHUATANA M,CUSCO,URUBAMBA,wrf5,pp,20260827,20260925,"00Z,12Z",D1,6h,0.502,2.945,0.328,227,0.726,0.567,0.372,62,0.455,0.706,0.217,33,0.2,0.857,0.091,10,S/D,S/D,S/D,0
472852EE,INTIHUATANA M,CUSCO,URUBAMBA,mpas15,pp,20260827,20260925,00Z,D1,6h,0.778,2.366,0.256,115,0.688,0.633,0.314,32,0.824,0.741,0.246,17,0.2,0.8,0.111,5,S/D,S/D,S/D,0
472897F0,MACHUPICCHU,CUSCO,URUBAMBA,ecmwf,pp,20260827,20260925,"00Z,12Z",D1,6h,-0.066,1.534,0.383,196,0.786,0.581,0.376,56,0.3,0.6,0.207,40,0.0,S/D,0.0,4,S/D,S/D,S/D,0
472897F0,MACHUPICCHU,CUSCO,URUBAMBA,gfs,pp,20260827,20260925,"00Z,12Z",D1,6h,0.217,1.599,0.362,196,0.911,0.673,0.317,56,0.5,0.583,0.294,40,0.25,0.75,0.143,4,S/D,S/D,S/D,0
472897F0,MACHUPICCHU,CUSCO,URUBAMBA,eta5,pp,20260827,20260925,"00Z,12Z",D1,6h,0.883,2.695,0.344,165,0.771,0.611,0.349,48,0.583,0.661,0.273,36,0.0,1.0,0.0,4,S/D,S/D,S/D,0
472897F0,MACHUPICCHU,CUSCO,URUBAMBA,wrf5,pp,20260827,20260925,"00Z,12Z",D1,6h,0.378,2.768,0.316,193,0.673,0.549,0.37,55,0.359,0.659,0.212,39,0.25,0.9,0.077,4,S/D,S/D,S/D,0
472897F0,MACHUPICCHU,CUSCO,URUBAMBA,mpas15,pp,20260827,20260925,00Z,D1,6h,0.554,2.13,0.215,98,0.643,0.6,0.327,28,0.65,0.683,0.271,20,0.0,1.0,0.0,2,S/D,S/D,S/D,0
4729950A,PACAYMAYO,CUSCO,URUBAMBA,ecmwf,pp,20260827,20260925,"00Z,12Z",D1,6h,S/D,S/D,S/D,0,S/D,S/D,S/D,0,S/D,S/D,S/D,0,S/D,S/D,S/D,0,S/D,S/D,S/D,0
4729950A,PACAYMAYO,CUSCO,URUBAMBA,gfs,pp,20260827,20260925,"00Z,12Z",D1,6h,S/D,S/D,S/D,0,S/D,S/D,S/D,0,S/D,S/D,S/D,0,S/D,S/D,S/D,0,S/D,S/D,S/D,0
4729950A,PACAYMAYO,CUSCO,URUBAMBA,eta5,pp,20260827,20260925,"00Z,12Z",D1,6h,S/D,S/D,S/D,0,S/D,S/D,S/D,0,S/D,S/D,S/D,0,S/D,S/D,S/D,0,S/D,S/D,S/D,0
4729950A,PACAYMAYO,CUSCO,URUBAMBA,wrf5,pp,20260827,20260925,"00Z,12Z",D1,6h,S/D,S/D,S/D,0,S/D,S/D,S/D,0,S/D,S/D,S/D,0,S/D,S/D,S/D,0,S/D,S/D,S/D,0
4729950A,PACAYMAYO,CUSCO,URUBAMBA,mpas15,pp,20260827,20260925,00Z,D1,6h,S/D,S/D,S/D,0,S/D,S/D,S/D,0,S/D,S/D,S/D,0,S/D,S/D,S/D,0,S/D,S/D,S/D,0
113255,URUBAMBA,CUSCO,URUBAMBA,ecmwf,pp,20260827,20260925,"00Z,12Z",D1,6h,S/D,S/D,S/D,0,S/D,S/D,S/D,0,S/D,S/D,S/D,0,S/D,S/D,S/D,0,S/D,S/D,S/D,0
113255,URUBAMBA,CUSCO,URUBAMBA,gfs,pp,20260827,20260925,"00Z,12Z",D1,6h,S/D,S/D,S/D,0,S/D,S/D,S/D,0,S/D,S/D,S/D,0,S/D,S/D,S/D,0,S/D,S/D,S/D,0
113255,URUBAMBA,CUSCO,URUBAMBA,eta5,pp,20260827,20260925,"00Z,12Z",D1,6h,S/D,S/D,S/D,0,S/D,S/D,S/D,0,S/D,S/D,S/D,0,S/D,S/D,S/D,0,S/D,S/D,S/D,0
113255,URUBAMBA,CUSCO,URUBAMBA,wrf5,pp,20260827,20260925,"00Z,12Z",D1,6h,S/D,S/D,S/D,0,S/D,S/D,S/D,0,S/D,S/D,S/D,0,S/D,S/D,S/D,0,S/D,S/D,S/D,0
113255,URUBAMBA,CUSCO,URUBAMBA,mpas15,pp,20260827,20260925,00Z,D1,6h,S/D,S/D,S/D,0,S/D,S/D,S/D,0,S/D,S/D,S/D,0,S/D,S/D,S/D,0,S/D,S/D,S/D,0
4720CDF8,COCHAMARCA,HUANCAVELICA,CASTROVIRREYNA,ecmwf,pp,20260827,20260925,"00Z,12Z",D1,6h,S/D,S/D,S/D,0,S/D,S/D,S/D,0,S/D,S/D,S/D,0,S/D,S/D,S/D,0,S/D,S/D,S/D,0
4720CDF8,COCHAMARCA,HUANCAVELICA,CASTROVIRREYNA,gfs,pp,20260827,20260925,"00Z,12Z",D1,6h,S/D,S/D,S/D,0,S/D,S/D,S/D,0,S/D,S/D,S/D,0,S/D,S/D,S/D,0,S/D,S/D,S/D,0
4720CDF8,COCHAMARCA,HUANCAVELICA,CASTROVIRREYNA,eta5,pp,20260827,20260925,"00Z,12Z",D1,6h,S/D,S/D,S/D,0,S/D,S/D,S/D,0,S/D,S/D,S/D,0,S/D,S/D,S/D,0,S/D,S/D,S/D,0
4720CDF8,COCHAMARCA,HUANCAVELICA,CASTROVIRREYNA,wrf5,pp,20260827,20260925,"00Z,12Z",D1,6h,S/D,S/D,S/D,0,S/D,S/D,S/D,0,S/D,S/D,S/D,0,S/D,S/D,S/D,0,S/D,S/D,S/D,0
4720CDF8,COCHAMARCA,HUANCAVELICA,CASTROVIRREYNA,mpas15,pp,20260827,20260925,00Z,D1,6h,S/D,S/D,S/D,0,S/D,S/D,S/D,0,S/D,S/D,S/D,0,S/D,S/D,S/D,0,S/D,S/D,S/D,0
47292684,HUACHOS,HUANCAVELICA,CASTROVIRREYNA,ecmwf,pp,20260827,20260925,"00Z,12Z",D1,6h,0.192,0.518,S/D,232,S/D,1.0,0.0,0,S/D,1.0,0.0,0,S/D,S/D,S/D,0,S/D,S/D,S/D,0
47292684,HUACHOS,HUANCAVELICA,CASTROVIRREYNA,gfs,pp,20260827,20260925,"00Z,12Z",D1,6h,0.125,0.54,S/D,232,S/D,1.0,0.0,0,S/D,1.0,0.0,0,S/D,1.0,0.0,0,S/D,S/D,S/D,0
47292684,HUACHOS,HUANCAVELICA,CASTROVIRREYNA,eta5,pp,20260827,20260925,"00Z,12Z",D1,6h,0.021,0.134,S/D,195,S/D,1.0,0.0,0,S/D,1.0,0.0,0,S/D,S/D,S/D,0,S/D,S/D,S/D,0
47292684,HUACHOS,HUANCAVELICA,CASTROVIRREYNA,wrf5,pp,20260827,20260925,"00Z,12Z",D1,6h,0.019,0.123,S/D,228,S/D,1.0,0.0,0,S/D,1.0,0.0,0,S/D,S/D,S/D,0,S/D,S/D,S/D,0
47292684,HUACHOS,HUANCAVELICA,CASTROVIRREYNA,mpas15,pp,20260827,20260925,00Z,D1,6h,0.134,0.413,S/D,116,S/D,1.0,0.0,0,S/D,1.0,0.0,0,S/D,S/D,S/D,0,S/D,S/D,S/D,0
472722EC,HUANCAVELICA,HUANCAVELICA,HUANCAVELICA,ecmwf,pp,20260827,20260925,"00Z,12Z",D1,6h,0.397,2.215,0.463,234,0.839,0.609,0.364,62,0.625,0.818,0.164,16,0.0,1.0,0.0,6,S/D,S/D,S/D,0
472722EC,HUANCAVELICA,HUANCAVELICA,HUANCAVELICA,gfs,pp,20260827,20260925,"00Z,12Z",D1,6h,0.757,2.774,0.433,234,0.903,0.648,0.339,62,0.688,0.823,0.164,16,0.0,1.0,0.0,6,S/D,S/D,S/D,0
472722EC,HUANCAVELICA,HUANCAVELICA,HUANCAVELICA,eta5,pp,20260827,20260925,"00Z,12Z",D1,6h,0.33,1.854,0.47,197,0.782,0.482,0.453,55,0.733,0.771,0.212,15,0.0,1.0,0.0,5,S/D,S/D,S/D,0
472722EC,HUANCAVELICA,HUANCAVELICA,HUANCAVELICA,wrf5,pp,20260827,20260925,"00Z,12Z",D1,6h,0.484,2.778,0.467,230,0.683,0.506,0.402,60,0.467,0.829,0.143,15,0.0,1.0,0.0,6,S/D,S/D,S/D,0
472722EC,HUANCAVELICA,HUANCAVELICA,HUANCAVELICA,mpas15,pp,20260827,20260925,00Z,D1,6h,0.621,2.49,0.416,117,0.871,0.518,0.45,31,0.875,0.829,0.167,8,0.0,1.0,0.0,3,S/D,S/D,S/D,0
47284198,CHALLACA,HUANCAVELICA,HUAYTARA,ecmwf,pp,20260827,20260925,"00Z,12Z",D1,6h,0.014,0.091,S/D,90,S/D,1.0,0.0,0,S/D,S/D,S/D,0,S/D,S/D,S/D,0,S/D,S/D,S/D,0
47284198,CHALLACA,HUANCAVELICA,HUAYTARA,gfs,pp,20260827,20260925,"00Z,12Z",D1,6h,0.009,0.046,S/D,90,S/D,1.0,0.0,0,S/D,S/D,S/D,0,S/D,S/D,S/D,0,S/D,S/D,S/D,0
47284198,CHALLACA,HUANCAVELICA,HUAYTARA,eta5,pp,20260827,20260925,"00Z,12Z",D1,6h,0.001,0.008,S/D,70,S/D,S/D,S/D,0,S/D,S/D,S/D,0,S/D,S/D,S/D,0,S/D,S/D,S/D,0
47284198,CHALLACA,HUANCAVELICA,HUAYTARA,wrf5,pp,20260827,20260925,"00Z,12Z",D1,6h,0.001,0.003,S/D,90,S/D,S/D,S/D,0,S/D,S/D,S/D,0,S/D,S/D,S/D,0,S/D,S/D,S/D,0
47284198,CHALLACA,HUANCAVELICA,HUAYTARA,mpas15,pp,20260827,20260925,00Z,D1,6h,0.0,0.0,S/D,45,S/D,S/D,S/D,0,S/D,S/D,S/D,0,S/D,S/D,S/D,0,S/D,S/D,S/D,0
472811E4,CHALLACA M,HUANCAVELICA,HUAYTARA,ecmwf,pp,20260827,20260925,"00Z,12Z",D1,6h,0.007,0.058,S/D,232,S/D,1.0,0.0,0,S/D,S/D,S/D,0,S/D,S/D,S/D,0,S/D,S/D,S/D,0
472811E4,CHALLACA M,HUANCAVELICA,HUAYTARA,gfs,pp,20260827,20260925,"00Z,12Z",D1,6h,0.004,0.029,S/D,232,S/D,1.0,0.0,0,S/D,S/D,S/D,0,S/D,S/D,S/D,0,S/D,S/D,S/D,0
472811E4,CHALLACA M,HUANCAVELICA,HUAYTARA,eta5,pp,20260827,20260925,"00Z,12Z",D1,6h,0.001,0.005,S/D,195,S/D,S/D,S/D,0,S/D,S/D,S/D,0,S/D,S/D,S/D,0,S/D,S/D,S/D,0
472811E4,CHALLACA M,HUANCAVELICA,HUAYTARA,wrf5,pp,20260827,20260925,"00Z,12Z",D1,6h,0.003,0.039,S/D,228,S/D,1.0,0.0,0,S/D,S/D,S/D,0,S/D,S/D,S/D,0,S/D,S/D,S/D,0
472811E4,CHALLACA M,HUANCAVELICA,HUAYTARA,mpas15,pp,20260827,20260925,00Z,D1,6h,0.004,0.046,S/D,116,S/D,1.0,0.0,0,S/D,S/D,S/D,0,S/D,S/D,S/D,0,S/D,S/D,S/D,0
4728F216,CORDOVA,HUANCAVELICA,HUAYTARA,ecmwf,pp,20260827,20260925,"00Z,12Z",D1,6h,0.051,0.17,S/D,214,S/D,1.0,0.0,0,S/D,1.0,0.0,0,S/D,S/D,S/D,0,S/D,S/D,S/D,0
4728F216,CORDOVA,HUANCAVELICA,HUAYTARA,gfs,pp,20260827,20260925,"00Z,12Z",D1,6h,0.031,0.112,S/D,214,S/D,1.0,0.0,0,S/D,S/D,S/D,0,S/D,S/D,S/D,0,S/D,S/D,S/D,0
4728F216,CORDOVA,HUANCAVELICA,HUAYTARA,eta5,pp,20260827,20260925,"00Z,12Z",D1,6h,0.002,0.017,S/D,178,S/D,1.0,0.0,0,S/D,S/D,S/D,0,S/D,S/D,S/D,0,S/D,S/D,S/D,0
4728F216,CORDOVA,HUANCAVELICA,HUAYTARA,wrf5,pp,20260827,20260925,"00Z,12Z",D1,6h,0.011,0.063,S/D,210,S/D,1.0,0.0,0,S/D,S/D,S/D,0,S/D,S/D,S/D,0,S/D,S/D,S/D,0
4728F216,CORDOVA,HUANCAVELICA,HUAYTARA,mpas15,pp,20260827,20260925,00Z,D1,6h,0.042,0.232,S/D,107,S/D,1.0,0.0,0,S/D,1.0,0.0,0,S/D,S/D,S/D,0,S/D,S/D,S/D,0
4728C78C,CUSICANCHA,HUANCAVELICA,HUAYTARA,ecmwf,pp,20260827,20260925,"00Z,12Z",D1,6h,0.249,0.725,-0.016,212,0.0,1.0,0.0,2,0.0,1.0,0.0,2,S/D,S/D,S/D,0,S/D,S/D,S/D,0
4728C78C,CUSICANCHA,HUANCAVELICA,HUAYTARA,gfs,pp,20260827,20260925,"00Z,12Z",D1,6h,0.148,0.57,0.175,212,1.0,0.964,0.036,2,0.5,0.9,0.091,2,S/D,1.0,0.0,0,S/D,S/D,S/D,0
4728C78C,CUSICANCHA,HUANCAVELICA,HUAYTARA,eta5,pp,20260827,20260925,"00Z,12Z",D1,6h,0.023,0.359,-0.029,175,0.0,1.0,0.0,1,0.0,1.0,0.0,1,S/D,S/D,S/D,0,S/D,S/D,S/D,0
4728C78C,CUSICANCHA,HUANCAVELICA,HUAYTARA,wrf5,pp,20260827,20260925,"00Z,12Z",D1,6h,0.011,0.371,0.126,208,0.5,0.875,0.111,2,0.5,0.75,0.2,2,S/D,S/D,S/D,0,S/D,S/D,S/D,0
4728C78C,CUSICANCHA,HUANCAVELICA,HUAYTARA,mpas15,pp,20260827,20260925,00Z,D1,6h,0.353,1.034,-0.082,106,0.0,1.0,0.0,1,0.0,1.0,0.0,1,S/D,1.0,0.0,0,S/D,S/D,S/D,0
213507,RAMADILLAS,HUANCAVELICA,HUAYTARA,ecmwf,pp,20260827,20260925,"00Z,12Z",D1,6h,S/D,S/D,S/D,0,S/D,S/D,S/D,0,S/D,S/D,S/D,0,S/D,S/D,S/D,0,S/D,S/D,S/D,0
213507,RAMADILLAS,HUANCAVELICA,HUAYTARA,gfs,pp,20260827,20260925,"00Z,12Z",D1,6h,S/D,S/D,S/D,0,S/D,S/D,S/D,0,S/D,S/D,S/D,0,S/D,S/D,S/D,0,S/D,S/D,S/D,0
213507,RAMADILLAS,HUANCAVELICA,HUAYTARA,eta5,pp,20260827,20260925,"00Z,12Z",D1,6h,S/D,S/D,S/D,0,S/D,S/D,S/D,0,S/D,S/D,S/D,0,S/D,S/D,S/D,0,S/D,S/D,S/D,0
213507,RAMADILLAS,HUANCAVELICA,HUAYTARA,wrf5,pp,20260827,20260925,"00Z,12Z",D1,6h,S/D,S/D,S/D,0,S/D,S/D,S/D,0,S/D,S/D,S/D,0,S/D,S/D,S/D,0,S/D,S/D,S/D,0
213507,RAMADILLAS,HUANCAVELICA,HUAYTARA,mpas15,pp,20260827,20260925,00Z,D1,6h,S/D,S/D,S/D,0,S/D,S/D,S/D,0,S/D,S/D,S/D,0,S/D,S/D,S/D,0,S/D,S/D,S/D,0
4729131E,SANTIAGO DE CHOCORVOS,HUANCAVELICA,HUAYTARA,ecmwf,pp,20260827,20260925,"00Z,12Z",D1,6h,0.1,0.266,S/D,88,S/D,1.0,0.0,0,S/D,1.0,0.0,0,S/D,S/D,S/D,0,S/D,S/D,S/D,0
4729131E,SANTIAGO DE CHOCORVOS,HUANCAVELICA,HUAYTARA,gfs,pp,20260827,20260925,"00Z,12Z",D1,6h,0.131,0.292,S/D,88,S/D,1.0,0.0,0,S/D,1.0,0.0,0,S/D,S/D,S/D,0,S/D,S/D,S/D,0
4729131E,SANTIAGO DE CHOCORVOS,HUANCAVELICA,HUAYTARA,eta5,pp,20260827,20260925,"00Z,12Z",D1,6h,0.055,0.333,S/D,67,S/D,1.0,0.0,0,S/D,1.0,0.0,0,S/D,S/D,S/D,0,S/D,S/D,S/D,0
4729131E,SANTIAGO DE CHOCORVOS,HUANCAVELICA,HUAYTARA,wrf5,pp,20260827,20260925,"00Z,12Z",D1,6h,0.036,0.184,S/D,88,S/D,1.0,0.0,0,S/D,1.0,0.0,0,S/D,S/D,S/D,0,S/D,S/D,S/D,0
4729131E,SANTIAGO DE CHOCORVOS,HUANCAVELICA,HUAYTARA,mpas15,pp,20260827,20260925,00Z,D1,6h,0.057,0.226,S/D,44,S/D,1.0,0.0,0,S/D,1.0,0.0,0,S/D,S/D,S/D,0,S/D,S/D,S/D,0
112269,COCHABAMBA GRANDE,HUANCAVELICA,TAYACAJA,ecmwf,pp,20260827,20260925,"00Z,12Z",D1,6h,1.471,2.295,S/D,70,S/D,1.0,0.0,0,S/D,1.0,0.0,0,S/D,1.0,0.0,0,S/D,S/D,S/D,0
112269,COCHABAMBA GRANDE,HUANCAVELICA,TAYACAJA,gfs,pp,20260827,20260925,"00Z,12Z",D1,6h,1.163,1.643,S/D,70,S/D,1.0,0.0,0,S/D,1.0,0.0,0,S/D,S/D,S/D,0,S/D,S/D,S/D,0
112269,COCHABAMBA GRANDE,HUANCAVELICA,TAYACAJA,eta5,pp,20260827,20260925,"00Z,12Z",D1,6h,0.166,0.364,S/D,49,S/D,1.0,0.0,0,S/D,1.0,0.0,0,S/D,S/D,S/D,0,S/D,S/D,S/D,0
112269,COCHABAMBA GRANDE,HUANCAVELICA,TAYACAJA,wrf5,pp,20260827,20260925,"00Z,12Z",D1,6h,0.913,2.176,S/D,70,S/D,1.0,0.0,0,S/D,1.0,0.0,0,S/D,1.0,0.0,0,S/D,S/D,S/D,0
112269,COCHABAMBA GRANDE,HUANCAVELICA,TAYACAJA,mpas15,pp,20260827,20260925,00Z,D1,6h,1.314,2.188,S/D,35,S/D,1.0,0.0,0,S/D,1.0,0.0,0,S/D,1.0,0.0,0,S/D,S/D,S/D,0
110146,QUISCA,HUANUCO,AMBO,ecmwf,pp,20260827,20260925,"00Z,12Z",D1,6h,-59.87,59.87,S/D,2,0.5,0.0,0.5,2,0.0,S/D,0.0,2,0.0,S/D,0.0,2,0.0,S/D,0.0,2
110146,QUISCA,HUANUCO,AMBO,gfs,pp,20260827,20260925,"00Z,12Z",D1,6h,-59.812,59.812,S/D,2,1.0,0.0,1.0,2,0.0,S/D,0.0,2,0.0,S/D,0.0,2,0.0,S/D,0.0,2
110146,QUISCA,HUANUCO,AMBO,eta5,pp,20260827,20260925,"00Z,12Z",D1,6h,-58.732,58.732,S/D,1,1.0,0.0,1.0,1,1.0,0.0,1.0,1,0.0,S/D,0.0,1,0.0,S/D,0.0,1
110146,QUISCA,HUANUCO,AMBO,wrf5,pp,20260827,20260925,"00Z,12Z",D1,6h,-60.0,60.0,S/D,2,0.0,S/D,0.0,2,0.0,S/D,0.0,2,0.0,S/D,0.0,2,0.0,S/D,0.0,2
110146,QUISCA,HUANUCO,AMBO,mpas15,pp,20260827,20260925,00Z,D1,6h,-60.0,60.0,S/D,1,0.0,S/D,0.0,1,0.0,S/D,0.0,1,0.0,S/D,0.0,1,0.0,S/D,0.0,1
47E845FC,CACHICOTO,HUANUCO,HUAMALIES,ecmwf,pp,20260827,20260925,"00Z,12Z",D1,6h,-0.692,6.913,0.298,232,0.84,0.742,0.246,50,0.708,0.707,0.262,24,0.062,0.833,0.048,16,0.0,S/D,0.0,4
47E845FC,CACHICOTO,HUANUCO,HUAMALIES,gfs,pp,20260827,20260925,"00Z,12Z",D1,6h,-0.021,6.665,0.262,232,0.84,0.767,0.223,50,0.75,0.833,0.158,24,0.188,0.786,0.111,16,0.0,S/D,0.0,4
47E845FC,CACHICOTO,HUANUCO,HUAMALIES,eta5,pp,20260827,20260925,"00Z,12Z",D1,6h,1.303,7.864,0.205,195,0.733,0.75,0.229,45,0.81,0.84,0.155,21,0.643,0.812,0.17,14,0.0,S/D,0.0,4
47E845FC,CACHICOTO,HUANUCO,HUAMALIES,wrf5,pp,20260827,20260925,"00Z,12Z",D1,6h,-0.343,7.698,0.15,229,0.347,0.734,0.177,49,0.333,0.795,0.145,24,0.25,0.765,0.138,16,0.0,1.0,0.0,4
47E845FC,CACHICOTO,HUANUCO,HUAMALIES,mpas15,pp,20260827,20260925,00Z,D1,6h,0.705,9.278,0.122,116,0.56,0.72,0.23,25,0.667,0.818,0.167,12,0.5,0.733,0.211,8,0.0,1.0,0.0,2
4720EB14,SAN MARTIN,HUANUCO,HUAMALIES,ecmwf,pp,20260827,20260925,"00Z,12Z",D1,6h,0.27,0.508,0.166,234,0.688,0.9,0.096,16,0.833,0.688,0.294,6,S/D,1.0,0.0,0,S/D,S/D,S/D,0
4720EB14,SAN MARTIN,HUANUCO,HUAMALIES,gfs,pp,20260827,20260925,"00Z,12Z",D1,6h,0.455,0.948,0.154,234,0.812,0.903,0.095,16,0.333,0.953,0.043,6,S/D,1.0,0.0,0,S/D,S/D,S/D,0
4720EB14,SAN MARTIN,HUANUCO,HUAMALIES,eta5,pp,20260827,20260925,"00Z,12Z",D1,6h,0.266,0.769,0.195,197,0.667,0.873,0.119,12,0.5,0.929,0.067,4,S/D,S/D,S/D,0,S/D,S/D,S/D,0
4720EB14,SAN MARTIN,HUANUCO,HUAMALIES,wrf5,pp,20260827,20260925,"00Z,12Z",D1,6h,0.079,0.545,0.18,231,0.25,0.833,0.111,16,0.333,0.846,0.118,6,S/D,S/D,S/D,0,S/D,S/D,S/D,0
4720EB14,SAN MARTIN,HUANUCO,HUAMALIES,mpas15,pp,20260827,20260925,00Z,D1,6h,1.022,1.858,0.237,117,0.75,0.889,0.107,8,1.0,0.938,0.062,3,S/D,1.0,0.0,0,S/D,S/D,S/D,0
472D0552,CHINCHAVITO,HUANUCO,HUANUCO,ecmwf,pp,20260827,20260925,"00Z,12Z",D1,6h,-0.413,5.171,0.318,234,0.75,0.652,0.312,64,0.5,0.609,0.281,36,0.167,0.786,0.103,18,0.0,S/D,0.0,4
472D0552,CHINCHAVITO,HUANUCO,HUANUCO,gfs,pp,20260827,20260925,"00Z,12Z",D1,6h,-0.032,5.012,0.203,234,0.781,0.711,0.267,64,0.556,0.8,0.172,36,0.056,0.929,0.032,18,0.0,S/D,0.0,4
472D0552,CHINCHAVITO,HUANUCO,HUANUCO,eta5,pp,20260827,20260925,"00Z,12Z",D1,6h,1.617,6.073,0.195,197,0.706,0.721,0.25,51,0.567,0.819,0.159,30,0.5,0.833,0.143,16,0.0,S/D,0.0,3
472D0552,CHINCHAVITO,HUANUCO,HUANUCO,wrf5,pp,20260827,20260925,"00Z,12Z",D1,6h,-0.816,5.298,0.129,231,0.406,0.612,0.248,64,0.306,0.645,0.196,36,0.056,0.909,0.036,18,0.0,S/D,0.0,4
472D0552,CHINCHAVITO,HUANUCO,HUANUCO,mpas15,pp,20260827,20260925,00Z,D1,6h,0.851,5.765,0.175,117,0.781,0.597,0.362,32,0.722,0.776,0.206,18,0.222,0.9,0.074,9,0.0,S/D,0.0,2
472B730C,PUENTE TARUCA,HUANUCO,HUANUCO,ecmwf,pp,20260827,20260925,"00Z,12Z",D1,6h,0.713,1.307,0.254,228,0.818,0.868,0.129,22,0.5,0.97,0.029,4,S/D,1.0,0.0,0,S/D,S/D,S/D,0
472B730C,PUENTE TARUCA,HUANUCO,HUANUCO,gfs,pp,20260827,20260925,"00Z,12Z",D1,6h,0.625,1.029,0.268,228,0.909,0.871,0.127,22,0.5,0.967,0.032,4,S/D,S/D,S/D,0,S/D,S/D,S/D,0
472B730C,PUENTE TARUCA,HUANUCO,HUANUCO,eta5,pp,20260827,20260925,"00Z,12Z",D1,6h,1.042,2.313,0.203,192,0.778,0.851,0.143,18,0.0,1.0,0.0,3,S/D,1.0,0.0,0,S/D,S/D,S/D,0
472B730C,PUENTE TARUCA,HUANUCO,HUANUCO,wrf5,pp,20260827,20260925,"00Z,12Z",D1,6h,-0.002,0.339,0.197,224,0.227,0.643,0.161,22,0.0,1.0,0.0,4,S/D,S/D,S/D,0,S/D,S/D,S/D,0
472B730C,PUENTE TARUCA,HUANUCO,HUANUCO,mpas15,pp,20260827,20260925,00Z,D1,6h,0.905,1.503,0.244,114,0.909,0.818,0.179,11,1.0,0.956,0.044,2,S/D,1.0,0.0,0,S/D,S/D,S/D,0
110140,JESUS DE LAURICOCHA,HUANUCO,LAURICOCHA,ecmwf,pp,20260827,20260925,"00Z,12Z",D1,6h,0.56,1.431,0.256,240,0.786,0.825,0.167,28,0.625,0.904,0.091,8,S/D,1.0,0.0,0,S/D,S/D,S/D,0
110140,JESUS DE LAURICOCHA,HUANUCO,LAURICOCHA,gfs,pp,20260827,20260925,"00Z,12Z",D1,6h,0.589,1.487,0.396,240,1.0,0.817,0.183,28,0.75,0.857,0.136,8,S/D,1.0,0.0,0,S/D,S/D,S/D,0
110140,JESUS DE LAURICOCHA,HUANUCO,LAURICOCHA,eta5,pp,20260827,20260925,"00Z,12Z",D1,6h,0.062,0.861,0.341,202,0.481,0.675,0.241,27,0.0,1.0,0.0,8,S/D,1.0,0.0,0,S/D,S/D,S/D,0
110140,JESUS DE LAURICOCHA,HUANUCO,LAURICOCHA,wrf5,pp,20260827,20260925,"00Z,12Z",D1,6h,0.155,0.941,0.364,236,0.393,0.667,0.22,28,0.25,0.857,0.1,8,S/D,1.0,0.0,0,S/D,S/D,S/D,0
110140,JESUS DE LAURICOCHA,HUANUCO,LAURICOCHA,mpas15,pp,20260827,20260925,00Z,D1,6h,0.983,2.459,0.281,120,0.857,0.765,0.226,14,0.75,0.93,0.068,4,S/D,1.0,0.0,0,S/D,S/D,S/D,0
472DA5AA,PUENTE BELLA,HUANUCO,LEONCIO PRADO,ecmwf,pp,20260827,20260925,"00Z,12Z",D1,6h,0.277,3.02,0.321,234,0.722,0.774,0.208,36,0.5,0.745,0.203,24,0.1,0.875,0.059,10,S/D,S/D,S/D,0
472DA5AA,PUENTE BELLA,HUANUCO,LEONCIO PRADO,gfs,pp,20260827,20260925,"00Z,12Z",D1,6h,0.696,2.836,0.39,234,0.944,0.802,0.195,36,0.75,0.788,0.198,24,0.1,0.923,0.045,10,S/D,S/D,S/D,0
472DA5AA,PUENTE BELLA,HUANUCO,LEONCIO PRADO,eta5,pp,20260827,20260925,"00Z,12Z",D1,6h,3.041,5.833,0.295,197,0.9,0.799,0.197,30,0.8,0.846,0.148,20,0.625,0.911,0.085,8,S/D,1.0,0.0,0
472DA5AA,PUENTE BELLA,HUANUCO,LEONCIO PRADO,wrf5,pp,20260827,20260925,"00Z,12Z",D1,6h,0.179,3.399,0.256,231,0.629,0.725,0.237,35,0.333,0.814,0.136,24,0.0,1.0,0.0,10,S/D,S/D,S/D,0
472DA5AA,PUENTE BELLA,HUANUCO,LEONCIO PRADO,mpas15,pp,20260827,20260925,00Z,D1,6h,1.574,5.385,0.157,117,0.667,0.778,0.2,18,0.667,0.833,0.154,12,0.2,0.909,0.067,5,S/D,1.0,0.0,0
47270400,TINGO MARIA,HUANUCO,LEONCIO PRADO,ecmwf,pp,20260827,20260925,"00Z,12Z",D1,6h,0.156,2.684,0.351,232,0.867,0.77,0.222,30,0.455,0.783,0.172,22,0.286,0.5,0.222,14,S/D,S/D,S/D,0
47270400,TINGO MARIA,HUANUCO,LEONCIO PRADO,gfs,pp,20260827,20260925,"00Z,12Z",D1,6h,0.541,2.865,0.244,232,0.867,0.847,0.149,30,0.636,0.827,0.157,22,0.143,0.846,0.08,14,S/D,S/D,S/D,0
47270400,TINGO MARIA,HUANUCO,LEONCIO PRADO,eta5,pp,20260827,20260925,"00Z,12Z",D1,6h,2.598,5.428,0.212,195,0.84,0.84,0.156,25,0.632,0.875,0.117,19,0.615,0.818,0.163,13,S/D,1.0,0.0,0
47270400,TINGO MARIA,HUANUCO,LEONCIO PRADO,wrf5,pp,20260827,20260925,"00Z,12Z",D1,6h,-0.126,2.958,0.107,228,0.357,0.821,0.135,28,0.3,0.727,0.167,20,0.231,0.571,0.176,13,S/D,S/D,S/D,0
47270400,TINGO MARIA,HUANUCO,LEONCIO PRADO,mpas15,pp,20260827,20260925,00Z,D1,6h,1.597,4.612,0.157,116,0.733,0.823,0.167,15,0.727,0.86,0.133,11,0.286,0.875,0.095,7,S/D,1.0,0.0,0
4727A4F8,PUERTO INCA,HUANUCO,PUERTO INCA,ecmwf,pp,20260827,20260925,"00Z,12Z",D1,6h,0.834,3.355,0.347,230,0.95,0.86,0.139,20,1.0,0.873,0.127,8,0.625,0.706,0.25,8,S/D,1.0,0.0,0
4727A4F8,PUERTO INCA,HUANUCO,PUERTO INCA,gfs,pp,20260827,20260925,"00Z,12Z",D1,6h,0.53,3.435,0.386,230,0.95,0.806,0.192,20,1.0,0.843,0.157,8,0.875,0.3,0.636,8,S/D,1.0,0.0,0
4727A4F8,PUERTO INCA,HUANUCO,PUERTO INCA,eta5,pp,20260827,20260925,"00Z,12Z",D1,6h,0.95,4.576,0.268,194,0.688,0.843,0.147,16,0.714,0.904,0.093,7,0.429,0.833,0.136,7,S/D,1.0,0.0,0
4727A4F8,PUERTO INCA,HUANUCO,PUERTO INCA,wrf5,pp,20260827,20260925,"00Z,12Z",D1,6h,0.033,3.497,0.517,226,0.55,0.45,0.379,20,0.75,0.333,0.545,8,0.5,0.2,0.444,8,S/D,1.0,0.0,0
4727A4F8,PUERTO INCA,HUANUCO,PUERTO INCA,mpas15,pp,20260827,20260925,00Z,D1,6h,1.175,3.629,0.249,115,0.8,0.857,0.138,10,1.0,0.909,0.091,4,0.25,0.909,0.071,4,S/D,S/D,S/D,0
109094,PUCA PUCA,HUANUCO,YAROWILCA,ecmwf,pp,20260827,20260925,"00Z,12Z",D1,6h,0.401,1.315,0.318,216,0.864,0.832,0.164,22,0.667,0.917,0.08,6,0.0,S/D,0.0,2,S/D,S/D,S/D,0
109094,PUCA PUCA,HUANUCO,YAROWILCA,gfs,pp,20260827,20260925,"00Z,12Z",D1,6h,0.488,1.066,0.209,216,0.864,0.859,0.138,22,0.667,0.907,0.089,6,1.0,0.0,1.0,2,S/D,S/D,S/D,0
109094,PUCA PUCA,HUANUCO,YAROWILCA,eta5,pp,20260827,20260925,"00Z,12Z",D1,6h,-0.153,1.333,0.228,182,0.571,0.667,0.267,21,0.0,1.0,0.0,6,0.0,S/D,0.0,2,S/D,S/D,S/D,0
109094,PUCA PUCA,HUANUCO,YAROWILCA,wrf5,pp,20260827,20260925,"00Z,12Z",D1,6h,0.086,0.747,0.258,213,0.333,0.816,0.135,21,0.333,0.833,0.125,6,1.0,0.0,1.0,2,S/D,S/D,S/D,0
109094,PUCA PUCA,HUANUCO,YAROWILCA,mpas15,pp,20260827,20260925,00Z,D1,6h,0.716,1.472,0.245,108,0.727,0.822,0.167,11,1.0,0.921,0.079,3,1.0,0.5,0.5,1,S/D,S/D,S/D,0
4728A26A,CONTA M,ICA,CHINCHA,ecmwf,pp,20260827,20260925,"00Z,12Z",D1,6h,-1.0,4.06,0.438,154,0.0,S/D,0.0,10,0.0,S/D,0.0,10,0.0,S/D,0.0,10,S/D,S/D,S/D,0
4728A26A,CONTA M,ICA,CHINCHA,gfs,pp,20260827,20260925,"00Z,12Z",D1,6h,-1.001,4.065,S/D,154,0.0,S/D,0.0,10,0.0,S/D,0.0,10,0.0,S/D,0.0,10,S/D,S/D,S/D,0
4728A26A,CONTA M,ICA,CHINCHA,eta5,pp,20260827,20260925,"00Z,12Z",D1,6h,-0.992,4.101,0.183,128,0.0,S/D,0.0,8,0.0,S/D,0.0,8,0.0,S/D,0.0,8,S/D,S/D,S/D,0
4728A26A,CONTA M,ICA,CHINCHA,wrf5,pp,20260827,20260925,"00Z,12Z",D1,6h,-1.015,4.104,0.012,151,0.0,1.0,0.0,10,0.0,S/D,0.0,10,0.0,S/D,0.0,10,S/D,S/D,S/D,0
4728A26A,CONTA M,ICA,CHINCHA,mpas15,pp,20260827,20260925,00Z,D1,6h,-1.001,4.065,-0.139,77,0.0,S/D,0.0,5,0.0,S/D,0.0,5,0.0,S/D,0.0,5,S/D,S/D,S/D,0
4728B11C,FONAGRO,ICA,CHINCHA,ecmwf,pp,20260827,20260925,"00Z,12Z",D1,6h,0.004,0.012,S/D,232,S/D,S/D,S/D,0,S/D,S/D,S/D,0,S/D,S/D,S/D,0,S/D,S/D,S/D,0
4728B11C,FONAGRO,ICA,CHINCHA,gfs,pp,20260827,20260925,"00Z,12Z",D1,6h,0.008,0.025,S/D,232,S/D,1.0,0.0,0,S/D,S/D,S/D,0,S/D,S/D,S/D,0,S/D,S/D,S/D,0
4728B11C,FONAGRO,ICA,CHINCHA,eta5,pp,20260827,20260925,"00Z,12Z",D1,6h,0.004,0.011,S/D,195,S/D,S/D,S/D,0,S/D,S/D,S/D,0,S/D,S/D,S/D,0,S/D,S/D,S/D,0
4728B11C,FONAGRO,ICA,CHINCHA,wrf5,pp,20260827,20260925,"00Z,12Z",D1,6h,0.005,0.017,S/D,229,S/D,1.0,0.0,0,S/D,S/D,S/D,0,S/D,S/D,S/D,0,S/D,S/D,S/D,0
4728B11C,FONAGRO,ICA,CHINCHA,mpas15,pp,20260827,20260925,00Z,D1,6h,0.0,0.0,S/D,116,S/D,S/D,S/D,0,S/D,S/D,S/D,0,S/D,S/D,S/D,0,S/D,S/D,S/D,0
4728E160,SAN PEDRO DE HUACARPANA,ICA,CHINCHA,ecmwf,pp,20260827,20260925,"00Z,12Z",D1,6h,0.29,0.683,S/D,206,S/D,1.0,0.0,0,S/D,1.0,0.0,0,S/D,S/D,S/D,0,S/D,S/D,S/D,0
4728E160,SAN PEDRO DE HUACARPANA,ICA,CHINCHA,gfs,pp,20260827,20260925,"00Z,12Z",D1,6h,0.214,0.52,S/D,206,S/D,1.0,0.0,0,S/D,1.0,0.0,0,S/D,S/D,S/D,0,S/D,S/D,S/D,0
4728E160,SAN PEDRO DE HUACARPANA,ICA,CHINCHA,eta5,pp,20260827,20260925,"00Z,12Z",D1,6h,0.031,0.201,S/D,173,S/D,1.0,0.0,0,S/D,1.0,0.0,0,S/D,S/D,S/D,0,S/D,S/D,S/D,0
4728E160,SAN PEDRO DE HUACARPANA,ICA,CHINCHA,wrf5,pp,20260827,20260925,"00Z,12Z",D1,6h,0.08,0.354,S/D,202,S/D,1.0,0.0,0,S/D,1.0,0.0,0,S/D,S/D,S/D,0,S/D,S/D,S/D,0
4728E160,SAN PEDRO DE HUACARPANA,ICA,CHINCHA,mpas15,pp,20260827,20260925,00Z,D1,6h,0.267,0.677,S/D,103,S/D,1.0,0.0,0,S/D,1.0,0.0,0,S/D,S/D,S/D,0,S/D,S/D,S/D,0
472A446C,BETA SANTIAGO,ICA,ICA,ecmwf,pp,20260827,20260925,"00Z,12Z",D1,6h,0.0,0.012,0.296,180,0.25,0.0,0.25,4,S/D,S/D,S/D,0,S/D,S/D,S/D,0,S/D,S/D,S/D,0
472A446C,BETA SANTIAGO,ICA,ICA,gfs,pp,20260827,20260925,"00Z,12Z",D1,6h,-0.002,0.015,S/D,180,0.0,S/D,0.0,4,S/D,S/D,S/D,0,S/D,S/D,S/D,0,S/D,S/D,S/D,0
472A446C,BETA SANTIAGO,ICA,ICA,eta5,pp,20260827,20260925,"00Z,12Z",D1,6h,-0.001,0.012,S/D,150,0.0,S/D,0.0,2,S/D,S/D,S/D,0,S/D,S/D,S/D,0,S/D,S/D,S/D,0
472A446C,BETA SANTIAGO,ICA,ICA,wrf5,pp,20260827,20260925,"00Z,12Z",D1,6h,-0.002,0.015,0.154,177,0.0,S/D,0.0,4,S/D,S/D,S/D,0,S/D,S/D,S/D,0,S/D,S/D,S/D,0
472A446C,BETA SANTIAGO,ICA,ICA,mpas15,pp,20260827,20260925,00Z,D1,6h,-0.002,0.015,0.139,90,0.0,S/D,0.0,2,S/D,S/D,S/D,0,S/D,S/D,S/D,0,S/D,S/D,S/D,0
213503,HUAMANI EL TAMBO,ICA,ICA,ecmwf,pp,20260827,20260925,"00Z,12Z",D1,6h,S/D,S/D,S/D,0,S/D,S/D,S/D,0,S/D,S/D,S/D,0,S/D,S/D,S/D,0,S/D,S/D,S/D,0
213503,HUAMANI EL TAMBO,ICA,ICA,gfs,pp,20260827,20260925,"00Z,12Z",D1,6h,S/D,S/D,S/D,0,S/D,S/D,S/D,0,S/D,S/D,S/D,0,S/D,S/D,S/D,0,S/D,S/D,S/D,0
213503,HUAMANI EL TAMBO,ICA,ICA,eta5,pp,20260827,20260925,"00Z,12Z",D1,6h,S/D,S/D,S/D,0,S/D,S/D,S/D,0,S/D,S/D,S/D,0,S/D,S/D,S/D,0,S/D,S/D,S/D,0
213503,HUAMANI EL TAMBO,ICA,ICA,wrf5,pp,20260827,20260925,"00Z,12Z",D1,6h,S/D,S/D,S/D,0,S/D,S/D,S/D,0,S/D,S/D,S/D,0,S/D,S/D,S/D,0,S/D,S/D,S/D,0
213503,HUAMANI EL TAMBO,ICA,ICA,mpas15,pp,20260827,20260925,00Z,D1,6h,S/D,S/D,S/D,0,S/D,S/D,S/D,0,S/D,S/D,S/D,0,S/D,S/D,S/D,0,S/D,S/D,S/D,0
213506,LOS MOLINOS,ICA,ICA,ecmwf,pp,20260827,20260925,"00Z,12Z",D1,6h,S/D,S/D,S/D,0,S/D,S/D,S/D,0,S/D,S/D,S/D,0,S/D,S/D,S/D,0,S/D,S/D,S/D,0
213506,LOS MOLINOS,ICA,ICA,gfs,pp,20260827,20260925,"00Z,12Z",D1,6h,S/D,S/D,S/D,0,S/D,S/D,S/D,0,S/D,S/D,S/D,0,S/D,S/D,S/D,0,S/D,S/D,S/D,0
213506,LOS MOLINOS,ICA,ICA,eta5,pp,20260827,20260925,"00Z,12Z",D1,6h,S/D,S/D,S/D,0,S/D,S/D,S/D,0,S/D,S/D,S/D,0,S/D,S/D,S/D,0,S/D,S/D,S/D,0
213506,LOS MOLINOS,ICA,ICA,wrf5,pp,20260827,20260925,"00Z,12Z",D1,6h,S/D,S/D,S/D,0,S/D,S/D,S/D,0,S/D,S/D,S/D,0,S/D,S/D,S/D,0,S/D,S/D,S/D,0
213506,LOS MOLINOS,ICA,ICA,mpas15,pp,20260827,20260925,00Z,D1,6h,S/D,S/D,S/D,0,S/D,S/D,S/D,0,S/D,S/D,S/D,0,S/D,S/D,S/D,0,S/D,S/D,S/D,0
114139,COPARA,ICA,NASCA,ecmwf,pp,20260827,20260925,"00Z,12Z",D1,6h,0.013,0.025,S/D,6,S/D,S/D,S/D,0,S/D,S/D,S/D,0,S/D,S/D,S/D,0,S/D,S/D,S/D,0
114139,COPARA,ICA,NASCA,gfs,pp,20260827,20260925,"00Z,12Z",D1,6h,0.0,0.0,S/D,6,S/D,S/D,S/D,0,S/D,S/D,S/D,0,S/D,S/D,S/D,0,S/D,S/D,S/D,0
114139,COPARA,ICA,NASCA,eta5,pp,20260827,20260925,"00Z,12Z",D1,6h,0.0,0.0,S/D,4,S/D,S/D,S/D,0,S/D,S/D,S/D,0,S/D,S/D,S/D,0,S/D,S/D,S/D,0
114139,COPARA,ICA,NASCA,wrf5,pp,20260827,20260925,"00Z,12Z",D1,6h,0.0,0.0,S/D,6,S/D,S/D,S/D,0,S/D,S/D,S/D,0,S/D,S/D,S/D,0,S/D,S/D,S/D,0
114139,COPARA,ICA,NASCA,mpas15,pp,20260827,20260925,00Z,D1,6h,0.0,0.0,S/D,3,S/D,S/D,S/D,0,S/D,S/D,S/D,0,S/D,S/D,S/D,0,S/D,S/D,S/D,0
114136,PALPA,ICA,PALPA,ecmwf,pp,20260827,20260925,"00Z,12Z",D1,6h,S/D,S/D,S/D,0,S/D,S/D,S/D,0,S/D,S/D,S/D,0,S/D,S/D,S/D,0,S/D,S/D,S/D,0
114136,PALPA,ICA,PALPA,gfs,pp,20260827,20260925,"00Z,12Z",D1,6h,S/D,S/D,S/D,0,S/D,S/D,S/D,0,S/D,S/D,S/D,0,S/D,S/D,S/D,0,S/D,S/D,S/D,0
114136,PALPA,ICA,PALPA,eta5,pp,20260827,20260925,"00Z,12Z",D1,6h,S/D,S/D,S/D,0,S/D,S/D,S/D,0,S/D,S/D,S/D,0,S/D,S/D,S/D,0,S/D,S/D,S/D,0
114136,PALPA,ICA,PALPA,wrf5,pp,20260827,20260925,"00Z,12Z",D1,6h,S/D,S/D,S/D,0,S/D,S/D,S/D,0,S/D,S/D,S/D,0,S/D,S/D,S/D,0,S/D,S/D,S/D,0
114136,PALPA,ICA,PALPA,mpas15,pp,20260827,20260925,00Z,D1,6h,S/D,S/D,S/D,0,S/D,S/D,S/D,0,S/D,S/D,S/D,0,S/D,S/D,S/D,0,S/D,S/D,S/D,0
114140,PAMPA BLANCA,ICA,PALPA,ecmwf,pp,20260827,20260925,"00Z,12Z",D1,6h,0.003,0.006,S/D,10,S/D,S/D,S/D,0,S/D,S/D,S/D,0,S/D,S/D,S/D,0,S/D,S/D,S/D,0
114140,PAMPA BLANCA,ICA,PALPA,gfs,pp,20260827,20260925,"00Z,12Z",D1,6h,0.131,0.28,S/D,10,S/D,1.0,0.0,0,S/D,S/D,S/D,0,S/D,S/D,S/D,0,S/D,S/D,S/D,0
114140,PAMPA BLANCA,ICA,PALPA,eta5,pp,20260827,20260925,"00Z,12Z",D1,6h,0.0,0.0,S/D,8,S/D,S/D,S/D,0,S/D,S/D,S/D,0,S/D,S/D,S/D,0,S/D,S/D,S/D,0
114140,PAMPA BLANCA,ICA,PALPA,wrf5,pp,20260827,20260925,"00Z,12Z",D1,6h,0.0,0.0,S/D,10,S/D,S/D,S/D,0,S/D,S/D,S/D,0,S/D,S/D,S/D,0,S/D,S/D,S/D,0
114140,PAMPA BLANCA,ICA,PALPA,mpas15,pp,20260827,20260925,00Z,D1,6h,0.0,0.0,S/D,5,S/D,S/D,S/D,0,S/D,S/D,S/D,0,S/D,S/D,S/D,0,S/D,S/D,S/D,0
213403,LETRAYOC,ICA,PISCO,ecmwf,pp,20260827,20260925,"00Z,12Z",D1,6h,S/D,S/D,S/D,0,S/D,S/D,S/D,0,S/D,S/D,S/D,0,S/D,S/D,S/D,0,S/D,S/D,S/D,0
213403,LETRAYOC,ICA,PISCO,gfs,pp,20260827,20260925,"00Z,12Z",D1,6h,S/D,S/D,S/D,0,S/D,S/D,S/D,0,S/D,S/D,S/D,0,S/D,S/D,S/D,0,S/D,S/D,S/D,0
213403,LETRAYOC,ICA,PISCO,eta5,pp,20260827,20260925,"00Z,12Z",D1,6h,S/D,S/D,S/D,0,S/D,S/D,S/D,0,S/D,S/D,S/D,0,S/D,S/D,S/D,0,S/D,S/D,S/D,0
213403,LETRAYOC,ICA,PISCO,wrf5,pp,20260827,20260925,"00Z,12Z",D1,6h,S/D,S/D,S/D,0,S/D,S/D,S/D,0,S/D,S/D,S/D,0,S/D,S/D,S/D,0,S/D,S/D,S/D,0
213403,LETRAYOC,ICA,PISCO,mpas15,pp,20260827,20260925,00Z,D1,6h,S/D,S/D,S/D,0,S/D,S/D,S/D,0,S/D,S/D,S/D,0,S/D,S/D,S/D,0,S/D,S/D,S/D,0
472DF5D6,HUAYTAPALLANA,JUNIN,HUANCAYO,ecmwf,pp,20260827,20260925,"00Z,12Z",D1,6h,0.737,1.729,0.366,226,0.9,0.717,0.275,40,0.5,0.933,0.062,10,0.0,1.0,0.0,2,S/D,S/D,S/D,0
472DF5D6,HUAYTAPALLANA,JUNIN,HUANCAYO,gfs,pp,20260827,20260925,"00Z,12Z",D1,6h,0.981,1.975,0.402,226,0.975,0.782,0.217,40,0.6,0.933,0.064,10,0.0,1.0,0.0,2,S/D,S/D,S/D,0
472DF5D6,HUAYTAPALLANA,JUNIN,HUANCAYO,eta5,pp,20260827,20260925,"00Z,12Z",D1,6h,-0.112,1.148,0.474,189,0.571,0.429,0.4,35,0.125,0.75,0.091,8,0.0,S/D,0.0,2,S/D,S/D,S/D,0
472DF5D6,HUAYTAPALLANA,JUNIN,HUANCAYO,wrf5,pp,20260827,20260925,"00Z,12Z",D1,6h,0.361,1.752,0.405,223,0.7,0.588,0.35,40,0.3,0.914,0.071,10,0.0,1.0,0.0,2,S/D,S/D,S/D,0
472DF5D6,HUAYTAPALLANA,JUNIN,HUANCAYO,mpas15,pp,20260827,20260925,00Z,D1,6h,0.67,1.926,0.334,113,0.75,0.694,0.278,20,0.4,0.944,0.051,5,0.0,1.0,0.0,1,S/D,S/D,S/D,0
111288,CHACAPALPA,JUNIN,JAUJA,ecmwf,pp,20260827,20260925,"00Z,12Z",D1,6h,S/D,S/D,S/D,0,S/D,S/D,S/D,0,S/D,S/D,S/D,0,S/D,S/D,S/D,0,S/D,S/D,S/D,0
111288,CHACAPALPA,JUNIN,JAUJA,gfs,pp,20260827,20260925,"00Z,12Z",D1,6h,S/D,S/D,S/D,0,S/D,S/D,S/D,0,S/D,S/D,S/D,0,S/D,S/D,S/D,0,S/D,S/D,S/D,0
111288,CHACAPALPA,JUNIN,JAUJA,eta5,pp,20260827,20260925,"00Z,12Z",D1,6h,S/D,S/D,S/D,0,S/D,S/D,S/D,0,S/D,S/D,S/D,0,S/D,S/D,S/D,0,S/D,S/D,S/D,0
111288,CHACAPALPA,JUNIN,JAUJA,wrf5,pp,20260827,20260925,"00Z,12Z",D1,6h,S/D,S/D,S/D,0,S/D,S/D,S/D,0,S/D,S/D,S/D,0,S/D,S/D,S/D,0,S/D,S/D,S/D,0
111288,CHACAPALPA,JUNIN,JAUJA,mpas15,pp,20260827,20260925,00Z,D1,6h,S/D,S/D,S/D,0,S/D,S/D,S/D,0,S/D,S/D,S/D,0,S/D,S/D,S/D,0,S/D,S/D,S/D,0
111299,POTSOTENI,JUNIN,SATIPO,ecmwf,pp,20260827,20260925,"00Z,12Z",D1,6h,1.339,2.309,0.121,234,0.938,0.917,0.083,16,0.667,0.96,0.04,6,S/D,1.0,0.0,0,S/D,S/D,S/D,0
111299,POTSOTENI,JUNIN,SATIPO,gfs,pp,20260827,20260925,"00Z,12Z",D1,6h,1.092,2.088,0.066,234,0.625,0.922,0.074,16,0.667,0.947,0.051,6,S/D,1.0,0.0,0,S/D,S/D,S/D,0
111299,POTSOTENI,JUNIN,SATIPO,eta5,pp,20260827,20260925,"00Z,12Z",D1,6h,2.088,4.003,0.255,197,0.875,0.867,0.131,16,0.833,0.94,0.06,6,S/D,1.0,0.0,0,S/D,S/D,S/D,0
111299,POTSOTENI,JUNIN,SATIPO,wrf5,pp,20260827,20260925,"00Z,12Z",D1,6h,0.397,2.501,0.197,231,0.438,0.806,0.156,16,0.167,0.929,0.053,6,S/D,1.0,0.0,0,S/D,1.0,0.0,0
111299,POTSOTENI,JUNIN,SATIPO,mpas15,pp,20260827,20260925,00Z,D1,6h,1.044,2.157,0.053,117,0.5,0.925,0.07,8,0.333,0.977,0.022,3,S/D,1.0,0.0,0,S/D,S/D,S/D,0
4725C4EA,SATIPO,JUNIN,SATIPO,ecmwf,pp,20260827,20260925,"00Z,12Z",D1,6h,-0.275,4.692,0.411,236,0.969,0.772,0.226,32,0.708,0.717,0.254,24,0.143,0.778,0.095,14,0.0,S/D,0.0,2
4725C4EA,SATIPO,JUNIN,SATIPO,gfs,pp,20260827,20260925,"00Z,12Z",D1,6h,-0.092,4.964,0.319,236,0.875,0.786,0.207,32,0.583,0.806,0.171,24,0.143,0.867,0.074,14,0.0,S/D,0.0,2
4725C4EA,SATIPO,JUNIN,SATIPO,eta5,pp,20260827,20260925,"00Z,12Z",D1,6h,1.421,6.425,0.177,199,0.733,0.812,0.176,30,0.696,0.83,0.158,23,0.5,0.837,0.14,14,0.0,S/D,0.0,2
4725C4EA,SATIPO,JUNIN,SATIPO,wrf5,pp,20260827,20260925,"00Z,12Z",D1,6h,-0.603,5.64,0.239,232,0.5,0.686,0.239,32,0.25,0.739,0.146,24,0.0,1.0,0.0,14,0.0,1.0,0.0,2
4725C4EA,SATIPO,JUNIN,SATIPO,mpas15,pp,20260827,20260925,00Z,D1,6h,0.82,4.831,0.327,118,1.0,0.778,0.222,16,0.833,0.836,0.159,12,0.429,0.812,0.15,7,0.0,S/D,0.0,1
47257764,TARMA,JUNIN,TARMA,ecmwf,pp,20260827,20260925,"00Z,12Z",D1,6h,0.315,0.76,0.431,222,0.885,0.765,0.228,26,0.9,0.667,0.321,10,0.5,0.667,0.25,2,S/D,S/D,S/D,0
47257764,TARMA,JUNIN,TARMA,gfs,pp,20260827,20260925,"00Z,12Z",D1,6h,0.614,1.504,0.432,222,0.923,0.817,0.18,26,0.8,0.784,0.205,10,1.0,0.8,0.2,2,S/D,S/D,S/D,0
47257764,TARMA,JUNIN,TARMA,eta5,pp,20260827,20260925,"00Z,12Z",D1,6h,0.927,1.874,0.275,188,0.885,0.796,0.198,26,1.0,0.848,0.152,10,0.0,1.0,0.0,2,S/D,S/D,S/D,0
47257764,TARMA,JUNIN,TARMA,wrf5,pp,20260827,20260925,"00Z,12Z",D1,6h,0.04,0.807,0.386,218,0.56,0.548,0.333,25,0.444,0.692,0.222,9,0.0,1.0,0.0,2,S/D,S/D,S/D,0
47257764,TARMA,JUNIN,TARMA,mpas15,pp,20260827,20260925,00Z,D1,6h,0.455,1.145,0.279,111,0.769,0.767,0.217,13,1.0,0.848,0.152,5,0.0,1.0,0.0,1,S/D,S/D,S/D,0
472D9030,MARCAPOMACOCHA,JUNIN,YAULI,ecmwf,pp,20260827,20260925,"00Z,12Z",D1,6h,0.614,1.416,0.511,234,0.914,0.533,0.448,70,0.667,0.803,0.179,18,S/D,1.0,0.0,0,S/D,S/D,S/D,0
472D9030,MARCAPOMACOCHA,JUNIN,YAULI,gfs,pp,20260827,20260925,"00Z,12Z",D1,6h,0.792,2.023,0.466,234,0.829,0.513,0.443,70,0.611,0.81,0.169,18,S/D,1.0,0.0,0,S/D,S/D,S/D,0
472D9030,MARCAPOMACOCHA,JUNIN,YAULI,eta5,pp,20260827,20260925,"00Z,12Z",D1,6h,0.143,0.86,0.451,197,0.53,0.364,0.407,66,0.389,0.667,0.219,18,S/D,S/D,S/D,0,S/D,S/D,S/D,0
472D9030,MARCAPOMACOCHA,JUNIN,YAULI,wrf5,pp,20260827,20260925,"00Z,12Z",D1,6h,0.701,2.561,0.464,231,0.565,0.466,0.379,69,0.706,0.676,0.286,17,S/D,1.0,0.0,0,S/D,1.0,0.0,0
472D9030,MARCAPOMACOCHA,JUNIN,YAULI,mpas15,pp,20260827,20260925,00Z,D1,6h,0.998,2.916,0.394,117,0.686,0.489,0.414,35,0.556,0.861,0.125,9,S/D,1.0,0.0,0,S/D,S/D,S/D,0
472D30C8,CASAGRANDE,LA LIBERTAD,ASCOPE,ecmwf,pp,20260827,20260925,"00Z,12Z",D1,6h,-0.037,0.486,0.09,230,0.0,1.0,0.0,6,0.0,S/D,0.0,2,0.0,S/D,0.0,2,S/D,S/D,S/D,0
472D30C8,CASAGRANDE,LA LIBERTAD,ASCOPE,gfs,pp,20260827,20260925,"00Z,12Z",D1,6h,-0.046,0.485,-0.019,230,0.0,1.0,0.0,6,0.0,S/D,0.0,2,0.0,S/D,0.0,2,S/D,S/D,S/D,0
472D30C8,CASAGRANDE,LA LIBERTAD,ASCOPE,eta5,pp,20260827,20260925,"00Z,12Z",D1,6h,-0.036,0.533,0.065,193,0.2,0.929,0.056,5,0.0,S/D,0.0,2,0.0,S/D,0.0,2,S/D,S/D,S/D,0
472D30C8,CASAGRANDE,LA LIBERTAD,ASCOPE,wrf5,pp,20260827,20260925,"00Z,12Z",D1,6h,-0.045,0.488,0.115,227,0.0,S/D,0.0,6,0.0,S/D,0.0,2,0.0,S/D,0.0,2,S/D,S/D,S/D,0
472D30C8,CASAGRANDE,LA LIBERTAD,ASCOPE,mpas15,pp,20260827,20260925,00Z,D1,6h,-0.043,0.487,-0.102,115,0.0,1.0,0.0,3,0.0,S/D,0.0,1,0.0,S/D,0.0,1,S/D,S/D,S/D,0
211001,SALINAR,LA LIBERTAD,ASCOPE,ecmwf,pp,20260827,20260925,"00Z,12Z",D1,6h,0.012,0.041,S/D,230,S/D,1.0,0.0,0,S/D,S/D,S/D,0,S/D,S/D,S/D,0,S/D,S/D,S/D,0
211001,SALINAR,LA LIBERTAD,ASCOPE,gfs,pp,20260827,20260925,"00Z,12Z",D1,6h,0.001,0.009,S/D,230,S/D,S/D,S/D,0,S/D,S/D,S/D,0,S/D,S/D,S/D,0,S/D,S/D,S/D,0
211001,SALINAR,LA LIBERTAD,ASCOPE,eta5,pp,20260827,20260925,"00Z,12Z",D1,6h,0.01,0.043,S/D,193,S/D,1.0,0.0,0,S/D,S/D,S/D,0,S/D,S/D,S/D,0,S/D,S/D,S/D,0
211001,SALINAR,LA LIBERTAD,ASCOPE,wrf5,pp,20260827,20260925,"00Z,12Z",D1,6h,0.002,0.01,S/D,227,S/D,1.0,0.0,0,S/D,S/D,S/D,0,S/D,S/D,S/D,0,S/D,S/D,S/D,0
211001,SALINAR,LA LIBERTAD,ASCOPE,mpas15,pp,20260827,20260925,00Z,D1,6h,0.0,0.0,S/D,115,S/D,S/D,S/D,0,S/D,S/D,S/D,0,S/D,S/D,S/D,0,S/D,S/D,S/D,0
472EA2A4,CASCAS,LA LIBERTAD,GRAN CHIMU,ecmwf,pp,20260827,20260925,"00Z,12Z",D1,6h,0.462,1.465,0.139,234,1.0,0.98,0.02,2,S/D,1.0,0.0,0,S/D,1.0,0.0,0,S/D,S/D,S/D,0
472EA2A4,CASCAS,LA LIBERTAD,GRAN CHIMU,gfs,pp,20260827,20260925,"00Z,12Z",D1,6h,0.155,0.38,-0.084,234,0.0,1.0,0.0,2,S/D,1.0,0.0,0,S/D,S/D,S/D,0,S/D,S/D,S/D,0
472EA2A4,CASCAS,LA LIBERTAD,GRAN CHIMU,eta5,pp,20260827,20260925,"00Z,12Z",D1,6h,0.198,0.766,-0.06,197,0.0,1.0,0.0,2,S/D,1.0,0.0,0,S/D,1.0,0.0,0,S/D,S/D,S/D,0
472EA2A4,CASCAS,LA LIBERTAD,GRAN CHIMU,wrf5,pp,20260827,20260925,"00Z,12Z",D1,6h,0.008,0.041,0.123,231,0.0,1.0,0.0,2,S/D,S/D,S/D,0,S/D,S/D,S/D,0,S/D,S/D,S/D,0
472EA2A4,CASCAS,LA LIBERTAD,GRAN CHIMU,mpas15,pp,20260827,20260925,00Z,D1,6h,0.448,1.291,0.167,117,1.0,0.958,0.042,1,S/D,1.0,0.0,0,S/D,1.0,0.0,0,S/D,S/D,S/D,0
47E0A2A8,EL TAMBO,LA LIBERTAD,GRAN CHIMU,ecmwf,pp,20260827,20260925,"00Z,12Z",D1,6h,0.456,1.474,S/D,230,S/D,1.0,0.0,0,S/D,1.0,0.0,0,S/D,1.0,0.0,0,S/D,S/D,S/D,0
47E0A2A8,EL TAMBO,LA LIBERTAD,GRAN CHIMU,gfs,pp,20260827,20260925,"00Z,12Z",D1,6h,0.16,0.384,S/D,230,S/D,1.0,0.0,0,S/D,1.0,0.0,0,S/D,S/D,S/D,0,S/D,S/D,S/D,0
47E0A2A8,EL TAMBO,LA LIBERTAD,GRAN CHIMU,eta5,pp,20260827,20260925,"00Z,12Z",D1,6h,0.44,1.515,S/D,193,S/D,1.0,0.0,0,S/D,1.0,0.0,0,S/D,1.0,0.0,0,S/D,S/D,S/D,0
47E0A2A8,EL TAMBO,LA LIBERTAD,GRAN CHIMU,wrf5,pp,20260827,20260925,"00Z,12Z",D1,6h,0.014,0.117,S/D,226,S/D,1.0,0.0,0,S/D,1.0,0.0,0,S/D,S/D,S/D,0,S/D,S/D,S/D,0
47E0A2A8,EL TAMBO,LA LIBERTAD,GRAN CHIMU,mpas15,pp,20260827,20260925,00Z,D1,6h,0.343,1.098,S/D,115,S/D,1.0,0.0,0,S/D,1.0,0.0,0,S/D,1.0,0.0,0,S/D,S/D,S/D,0
472D552E,LUCMA,LA LIBERTAD,GRAN CHIMU,ecmwf,pp,20260827,20260925,"00Z,12Z",D1,6h,0.283,0.803,S/D,230,S/D,1.0,0.0,0,S/D,1.0,0.0,0,S/D,1.0,0.0,0,S/D,S/D,S/D,0
472D552E,LUCMA,LA LIBERTAD,GRAN CHIMU,gfs,pp,20260827,20260925,"00Z,12Z",D1,6h,0.362,0.806,S/D,230,S/D,1.0,0.0,0,S/D,1.0,0.0,0,S/D,1.0,0.0,0,S/D,S/D,S/D,0
472D552E,LUCMA,LA LIBERTAD,GRAN CHIMU,eta5,pp,20260827,20260925,"00Z,12Z",D1,6h,0.078,0.259,S/D,193,S/D,1.0,0.0,0,S/D,1.0,0.0,0,S/D,S/D,S/D,0,S/D,S/D,S/D,0
472D552E,LUCMA,LA LIBERTAD,GRAN CHIMU,wrf5,pp,20260827,20260925,"00Z,12Z",D1,6h,0.014,0.092,S/D,227,S/D,1.0,0.0,0,S/D,S/D,S/D,0,S/D,S/D,S/D,0,S/D,S/D,S/D,0
472D552E,LUCMA,LA LIBERTAD,GRAN CHIMU,mpas15,pp,20260827,20260925,00Z,D1,6h,0.604,1.463,S/D,115,S/D,1.0,0.0,0,S/D,1.0,0.0,0,S/D,1.0,0.0,0,S/D,S/D,S/D,0
472CC2B6,MARMOT,LA LIBERTAD,GRAN CHIMU,ecmwf,pp,20260827,20260925,"00Z,12Z",D1,6h,S/D,S/D,S/D,0,S/D,S/D,S/D,0,S/D,S/D,S/D,0,S/D,S/D,S/D,0,S/D,S/D,S/D,0
472CC2B6,MARMOT,LA LIBERTAD,GRAN CHIMU,gfs,pp,20260827,20260925,"00Z,12Z",D1,6h,S/D,S/D,S/D,0,S/D,S/D,S/D,0,S/D,S/D,S/D,0,S/D,S/D,S/D,0,S/D,S/D,S/D,0
472CC2B6,MARMOT,LA LIBERTAD,GRAN CHIMU,eta5,pp,20260827,20260925,"00Z,12Z",D1,6h,S/D,S/D,S/D,0,S/D,S/D,S/D,0,S/D,S/D,S/D,0,S/D,S/D,S/D,0,S/D,S/D,S/D,0
472CC2B6,MARMOT,LA LIBERTAD,GRAN CHIMU,wrf5,pp,20260827,20260925,"00Z,12Z",D1,6h,S/D,S/D,S/D,0,S/D,S/D,S/D,0,S/D,S/D,S/D,0,S/D,S/D,S/D,0,S/D,S/D,S/D,0
472CC2B6,MARMOT,LA LIBERTAD,GRAN CHIMU,mpas15,pp,20260827,20260925,00Z,D1,6h,S/D,S/D,S/D,0,S/D,S/D,S/D,0,S/D,S/D,S/D,0,S/D,S/D,S/D,0,S/D,S/D,S/D,0
472E5220,PUENTE PALMIRA,LA LIBERTAD,GRAN CHIMU,ecmwf,pp,20260827,20260925,"00Z,12Z",D1,6h,0.463,1.466,S/D,234,S/D,1.0,0.0,0,S/D,1.0,0.0,0,S/D,1.0,0.0,0,S/D,S/D,S/D,0
472E5220,PUENTE PALMIRA,LA LIBERTAD,GRAN CHIMU,gfs,pp,20260827,20260925,"00Z,12Z",D1,6h,0.155,0.38,S/D,234,S/D,1.0,0.0,0,S/D,1.0,0.0,0,S/D,S/D,S/D,0,S/D,S/D,S/D,0
472E5220,PUENTE PALMIRA,LA LIBERTAD,GRAN CHIMU,eta5,pp,20260827,20260925,"00Z,12Z",D1,6h,0.372,1.526,S/D,197,S/D,1.0,0.0,0,S/D,1.0,0.0,0,S/D,1.0,0.0,0,S/D,S/D,S/D,0
472E5220,PUENTE PALMIRA,LA LIBERTAD,GRAN CHIMU,wrf5,pp,20260827,20260925,"00Z,12Z",D1,6h,0.006,0.056,S/D,231,S/D,1.0,0.0,0,S/D,S/D,S/D,0,S/D,S/D,S/D,0,S/D,S/D,S/D,0
472E5220,PUENTE PALMIRA,LA LIBERTAD,GRAN CHIMU,mpas15,pp,20260827,20260925,00Z,D1,6h,0.038,0.231,S/D,117,S/D,1.0,0.0,0,S/D,1.0,0.0,0,S/D,S/D,S/D,0,S/D,S/D,S/D,0
472D8346,CALLANCAS,LA LIBERTAD,OTUZCO,ecmwf,pp,20260827,20260925,"00Z,12Z",D1,6h,0.239,0.832,0.144,232,0.667,0.946,0.053,6,1.0,0.913,0.087,2,S/D,1.0,0.0,0,S/D,S/D,S/D,0
472D8346,CALLANCAS,LA LIBERTAD,OTUZCO,gfs,pp,20260827,20260925,"00Z,12Z",D1,6h,0.317,0.872,0.147,232,0.667,0.96,0.04,6,0.5,0.957,0.042,2,S/D,1.0,0.0,0,S/D,S/D,S/D,0
472D8346,CALLANCAS,LA LIBERTAD,OTUZCO,eta5,pp,20260827,20260925,"00Z,12Z",D1,6h,1.039,2.545,0.117,195,1.0,0.951,0.049,4,1.0,0.977,0.023,1,S/D,1.0,0.0,0,S/D,S/D,S/D,0
472D8346,CALLANCAS,LA LIBERTAD,OTUZCO,wrf5,pp,20260827,20260925,"00Z,12Z",D1,6h,-0.017,0.467,0.148,229,0.167,0.875,0.077,6,0.0,1.0,0.0,2,S/D,S/D,S/D,0,S/D,S/D,S/D,0
472D8346,CALLANCAS,LA LIBERTAD,OTUZCO,mpas15,pp,20260827,20260925,00Z,D1,6h,0.441,1.375,0.102,116,0.667,0.931,0.067,3,1.0,0.952,0.048,1,S/D,1.0,0.0,0,S/D,S/D,S/D,0
472EB1D2,CAPACHIQUE,LA LIBERTAD,OTUZCO,ecmwf,pp,20260827,20260925,"00Z,12Z",D1,6h,0.344,1.043,0.195,234,0.7,0.915,0.082,10,0.25,0.955,0.04,4,S/D,1.0,0.0,0,S/D,S/D,S/D,0
472EB1D2,CAPACHIQUE,LA LIBERTAD,OTUZCO,gfs,pp,20260827,20260925,"00Z,12Z",D1,6h,0.436,1.073,0.243,234,0.8,0.927,0.071,10,0.5,0.938,0.059,4,S/D,1.0,0.0,0,S/D,S/D,S/D,0
472EB1D2,CAPACHIQUE,LA LIBERTAD,OTUZCO,eta5,pp,20260827,20260925,"00Z,12Z",D1,6h,0.354,1.101,0.084,197,0.5,0.935,0.061,6,0.0,1.0,0.0,2,S/D,1.0,0.0,0,S/D,S/D,S/D,0
472EB1D2,CAPACHIQUE,LA LIBERTAD,OTUZCO,wrf5,pp,20260827,20260925,"00Z,12Z",D1,6h,0.109,0.629,0.159,231,0.4,0.875,0.105,10,0.5,0.778,0.182,4,S/D,1.0,0.0,0,S/D,S/D,S/D,0
472EB1D2,CAPACHIQUE,LA LIBERTAD,OTUZCO,mpas15,pp,20260827,20260925,00Z,D1,6h,0.791,2.031,0.112,117,0.4,0.95,0.047,5,0.0,1.0,0.0,2,S/D,1.0,0.0,0,S/D,S/D,S/D,0
107131,LA FORTUNA,LA LIBERTAD,OTUZCO,ecmwf,pp,20260827,20260925,"00Z,12Z",D1,6h,0.198,0.722,0.293,228,0.75,0.875,0.12,12,0.667,0.826,0.16,6,S/D,1.0,0.0,0,S/D,S/D,S/D,0
107131,LA FORTUNA,LA LIBERTAD,OTUZCO,gfs,pp,20260827,20260925,"00Z,12Z",D1,6h,0.273,0.81,0.307,228,1.0,0.878,0.122,12,0.5,0.87,0.115,6,S/D,1.0,0.0,0,S/D,S/D,S/D,0
107131,LA FORTUNA,LA LIBERTAD,OTUZCO,eta5,pp,20260827,20260925,"00Z,12Z",D1,6h,-0.04,0.433,0.148,193,0.0,1.0,0.0,7,0.0,S/D,0.0,3,S/D,S/D,S/D,0,S/D,S/D,S/D,0
107131,LA FORTUNA,LA LIBERTAD,OTUZCO,wrf5,pp,20260827,20260925,"00Z,12Z",D1,6h,0.246,1.589,0.317,224,0.583,0.781,0.189,12,0.5,0.769,0.188,6,S/D,1.0,0.0,0,S/D,S/D,S/D,0
107131,LA FORTUNA,LA LIBERTAD,OTUZCO,mpas15,pp,20260827,20260925,00Z,D1,6h,0.518,1.389,0.153,114,0.667,0.879,0.114,6,0.667,0.923,0.074,3,S/D,1.0,0.0,0,S/D,S/D,S/D,0
472E74CC,PUENTE COINA,LA LIBERTAD,OTUZCO,ecmwf,pp,20260827,20260925,"00Z,12Z",D1,6h,0.275,0.79,0.155,234,1.0,0.973,0.027,2,S/D,1.0,0.0,0,S/D,1.0,0.0,0,S/D,S/D,S/D,0
472E74CC,PUENTE COINA,LA LIBERTAD,OTUZCO,gfs,pp,20260827,20260925,"00Z,12Z",D1,6h,0.354,0.796,0.129,234,1.0,0.98,0.02,2,S/D,1.0,0.0,0,S/D,1.0,0.0,0,S/D,S/D,S/D,0
472E74CC,PUENTE COINA,LA LIBERTAD,OTUZCO,eta5,pp,20260827,20260925,"00Z,12Z",D1,6h,0.277,0.947,0.128,197,1.0,0.974,0.026,1,S/D,1.0,0.0,0,S/D,1.0,0.0,0,S/D,S/D,S/D,0
472E74CC,PUENTE COINA,LA LIBERTAD,OTUZCO,wrf5,pp,20260827,20260925,"00Z,12Z",D1,6h,0.132,0.784,0.201,231,0.0,1.0,0.0,2,S/D,1.0,0.0,0,S/D,1.0,0.0,0,S/D,S/D,S/D,0
472E74CC,PUENTE COINA,LA LIBERTAD,OTUZCO,mpas15,pp,20260827,20260925,00Z,D1,6h,0.608,1.421,0.128,117,1.0,0.971,0.029,1,S/D,1.0,0.0,0,S/D,1.0,0.0,0,S/D,S/D,S/D,0
472D60B4,USQUIL,LA LIBERTAD,OTUZCO,ecmwf,pp,20260827,20260925,"00Z,12Z",D1,6h,0.265,0.771,0.241,234,0.8,0.892,0.105,10,S/D,1.0,0.0,0,S/D,1.0,0.0,0,S/D,S/D,S/D,0
472D60B4,USQUIL,LA LIBERTAD,OTUZCO,gfs,pp,20260827,20260925,"00Z,12Z",D1,6h,0.343,0.777,0.237,234,1.0,0.9,0.1,10,S/D,1.0,0.0,0,S/D,1.0,0.0,0,S/D,S/D,S/D,0
472D60B4,USQUIL,LA LIBERTAD,OTUZCO,eta5,pp,20260827,20260925,"00Z,12Z",D1,6h,0.271,0.933,0.175,197,0.667,0.897,0.098,6,S/D,1.0,0.0,0,S/D,1.0,0.0,0,S/D,S/D,S/D,0
472D60B4,USQUIL,LA LIBERTAD,OTUZCO,wrf5,pp,20260827,20260925,"00Z,12Z",D1,6h,0.121,0.784,0.32,231,0.3,0.8,0.136,10,S/D,1.0,0.0,0,S/D,1.0,0.0,0,S/D,S/D,S/D,0
472D60B4,USQUIL,LA LIBERTAD,OTUZCO,mpas15,pp,20260827,20260925,00Z,D1,6h,0.619,1.486,0.06,117,0.6,0.923,0.073,5,S/D,1.0,0.0,0,S/D,1.0,0.0,0,S/D,S/D,S/D,0
107130,TICAPAMPA,LA LIBERTAD,SANCHEZ CARRION,ecmwf,pp,20260827,20260925,"00Z,12Z",D1,6h,0.69,1.62,0.185,212,0.688,0.89,0.105,16,0.625,0.896,0.098,8,S/D,1.0,0.0,0,S/D,S/D,S/D,0
107130,TICAPAMPA,LA LIBERTAD,SANCHEZ CARRION,gfs,pp,20260827,20260925,"00Z,12Z",D1,6h,0.266,0.767,0.271,212,0.875,0.857,0.14,16,0.375,0.857,0.115,8,S/D,S/D,S/D,0,S/D,S/D,S/D,0
107130,TICAPAMPA,LA LIBERTAD,SANCHEZ CARRION,eta5,pp,20260827,20260925,"00Z,12Z",D1,6h,0.225,0.848,0.3,181,0.615,0.771,0.2,13,0.429,0.824,0.143,7,S/D,1.0,0.0,0,S/D,S/D,S/D,0
107130,TICAPAMPA,LA LIBERTAD,SANCHEZ CARRION,wrf5,pp,20260827,20260925,"00Z,12Z",D1,6h,0.127,0.922,0.365,208,0.625,0.615,0.312,16,0.375,0.75,0.176,8,S/D,1.0,0.0,0,S/D,S/D,S/D,0
107130,TICAPAMPA,LA LIBERTAD,SANCHEZ CARRION,mpas15,pp,20260827,20260925,00Z,D1,6h,0.737,2.058,0.242,106,0.75,0.86,0.133,8,0.75,0.889,0.107,4,S/D,1.0,0.0,0,S/D,S/D,S/D,0
4727319A,QUIRUVILCA,LA LIBERTAD,SANTIAGO DE CHUCO,ecmwf,pp,20260827,20260925,"00Z,12Z",D1,6h,0.444,2.408,0.178,214,0.714,0.888,0.108,14,0.0,1.0,0.0,2,0.0,1.0,0.0,2,S/D,S/D,S/D,0
4727319A,QUIRUVILCA,LA LIBERTAD,SANTIAGO DE CHUCO,gfs,pp,20260827,20260925,"00Z,12Z",D1,6h,0.485,2.51,0.142,214,0.714,0.919,0.078,14,1.0,0.953,0.047,2,0.0,1.0,0.0,2,S/D,S/D,S/D,0
4727319A,QUIRUVILCA,LA LIBERTAD,SANTIAGO DE CHUCO,eta5,pp,20260827,20260925,"00Z,12Z",D1,6h,-0.229,2.15,0.006,179,0.0,1.0,0.0,12,0.0,1.0,0.0,2,0.0,S/D,0.0,2,S/D,S/D,S/D,0
4727319A,QUIRUVILCA,LA LIBERTAD,SANTIAGO DE CHUCO,wrf5,pp,20260827,20260925,"00Z,12Z",D1,6h,0.386,2.824,0.181,210,0.5,0.816,0.156,14,0.0,1.0,0.0,2,0.0,1.0,0.0,2,S/D,S/D,S/D,0
4727319A,QUIRUVILCA,LA LIBERTAD,SANTIAGO DE CHUCO,mpas15,pp,20260827,20260925,00Z,D1,6h,0.436,2.391,0.146,107,0.571,0.867,0.121,7,0.0,1.0,0.0,1,0.0,1.0,0.0,1,S/D,S/D,S/D,0
211408,CONDORCERRO,LA LIBERTAD,VIRU,ecmwf,pp,20260827,20260925,"00Z,12Z",D1,6h,S/D,S/D,S/D,0,S/D,S/D,S/D,0,S/D,S/D,S/D,0,S/D,S/D,S/D,0,S/D,S/D,S/D,0
211408,CONDORCERRO,LA LIBERTAD,VIRU,gfs,pp,20260827,20260925,"00Z,12Z",D1,6h,S/D,S/D,S/D,0,S/D,S/D,S/D,0,S/D,S/D,S/D,0,S/D,S/D,S/D,0,S/D,S/D,S/D,0
211408,CONDORCERRO,LA LIBERTAD,VIRU,eta5,pp,20260827,20260925,"00Z,12Z",D1,6h,S/D,S/D,S/D,0,S/D,S/D,S/D,0,S/D,S/D,S/D,0,S/D,S/D,S/D,0,S/D,S/D,S/D,0
211408,CONDORCERRO,LA LIBERTAD,VIRU,wrf5,pp,20260827,20260925,"00Z,12Z",D1,6h,S/D,S/D,S/D,0,S/D,S/D,S/D,0,S/D,S/D,S/D,0,S/D,S/D,S/D,0,S/D,S/D,S/D,0
211408,CONDORCERRO,LA LIBERTAD,VIRU,mpas15,pp,20260827,20260925,00Z,D1,6h,S/D,S/D,S/D,0,S/D,S/D,S/D,0,S/D,S/D,S/D,0,S/D,S/D,S/D,0,S/D,S/D,S/D,0
47E2F720,TINAJONES,LAMBAYEQUE,CHICLAYO,ecmwf,pp,20260827,20260925,"00Z,12Z",D1,6h,0.026,0.07,S/D,236,S/D,1.0,0.0,0,S/D,S/D,S/D,0,S/D,S/D,S/D,0,S/D,S/D,S/D,0
47E2F720,TINAJONES,LAMBAYEQUE,CHICLAYO,gfs,pp,20260827,20260925,"00Z,12Z",D1,6h,0.006,0.058,S/D,236,S/D,1.0,0.0,0,S/D,S/D,S/D,0,S/D,S/D,S/D,0,S/D,S/D,S/D,0
47E2F720,TINAJONES,LAMBAYEQUE,CHICLAYO,eta5,pp,20260827,20260925,"00Z,12Z",D1,6h,0.033,0.159,S/D,199,S/D,1.0,0.0,0,S/D,1.0,0.0,0,S/D,S/D,S/D,0,S/D,S/D,S/D,0
47E2F720,TINAJONES,LAMBAYEQUE,CHICLAYO,wrf5,pp,20260827,20260925,"00Z,12Z",D1,6h,0.001,0.004,S/D,232,S/D,S/D,S/D,0,S/D,S/D,S/D,0,S/D,S/D,S/D,0,S/D,S/D,S/D,0
47E2F720,TINAJONES,LAMBAYEQUE,CHICLAYO,mpas15,pp,20260827,20260925,00Z,D1,6h,0.0,0.0,S/D,118,S/D,S/D,S/D,0,S/D,S/D,S/D,0,S/D,S/D,S/D,0,S/D,S/D,S/D,0
106140,VISTA FLORIDA,LAMBAYEQUE,CHICLAYO,ecmwf,pp,20260827,20260925,"00Z,12Z",D1,6h,0.016,0.09,0.045,230,0.0,1.0,0.0,2,S/D,1.0,0.0,0,S/D,S/D,S/D,0,S/D,S/D,S/D,0
106140,VISTA FLORIDA,LAMBAYEQUE,CHICLAYO,gfs,pp,20260827,20260925,"00Z,12Z",D1,6h,0.004,0.063,-0.012,230,0.0,1.0,0.0,2,S/D,S/D,S/D,0,S/D,S/D,S/D,0,S/D,S/D,S/D,0
106140,VISTA FLORIDA,LAMBAYEQUE,CHICLAYO,eta5,pp,20260827,20260925,"00Z,12Z",D1,6h,0.01,0.038,0.063,194,0.0,1.0,0.0,2,S/D,S/D,S/D,0,S/D,S/D,S/D,0,S/D,S/D,S/D,0
106140,VISTA FLORIDA,LAMBAYEQUE,CHICLAYO,wrf5,pp,20260827,20260925,"00Z,12Z",D1,6h,0.002,0.014,0.166,226,0.0,1.0,0.0,1,S/D,S/D,S/D,0,S/D,S/D,S/D,0,S/D,S/D,S/D,0
106140,VISTA FLORIDA,LAMBAYEQUE,CHICLAYO,mpas15,pp,20260827,20260925,00Z,D1,6h,-0.001,0.009,0.124,115,0.0,S/D,0.0,1,S/D,S/D,S/D,0,S/D,S/D,S/D,0,S/D,S/D,S/D,0
106138,PUCHACA,LAMBAYEQUE,FERREÑAFE,ecmwf,pp,20260827,20260925,"00Z,12Z",D1,6h,0.992,2.118,S/D,216,S/D,1.0,0.0,0,S/D,1.0,0.0,0,S/D,1.0,0.0,0,S/D,S/D,S/D,0
106138,PUCHACA,LAMBAYEQUE,FERREÑAFE,gfs,pp,20260827,20260925,"00Z,12Z",D1,6h,0.093,0.266,S/D,216,S/D,1.0,0.0,0,S/D,1.0,0.0,0,S/D,S/D,S/D,0,S/D,S/D,S/D,0
106138,PUCHACA,LAMBAYEQUE,FERREÑAFE,eta5,pp,20260827,20260925,"00Z,12Z",D1,6h,0.206,0.771,S/D,180,S/D,1.0,0.0,0,S/D,1.0,0.0,0,S/D,1.0,0.0,0,S/D,S/D,S/D,0
106138,PUCHACA,LAMBAYEQUE,FERREÑAFE,wrf5,pp,20260827,20260925,"00Z,12Z",D1,6h,0.006,0.04,S/D,212,S/D,1.0,0.0,0,S/D,S/D,S/D,0,S/D,S/D,S/D,0,S/D,S/D,S/D,0
106138,PUCHACA,LAMBAYEQUE,FERREÑAFE,mpas15,pp,20260827,20260925,00Z,D1,6h,0.12,0.391,S/D,108,S/D,1.0,0.0,0,S/D,1.0,0.0,0,S/D,S/D,S/D,0,S/D,S/D,S/D,0
4726F67E,PASABAR,LAMBAYEQUE,LAMBAYEQUE,ecmwf,pp,20260827,20260925,"00Z,12Z",D1,6h,0.085,0.209,0.197,202,1.0,0.915,0.085,4,S/D,1.0,0.0,0,S/D,S/D,S/D,0,S/D,S/D,S/D,0
4726F67E,PASABAR,LAMBAYEQUE,LAMBAYEQUE,gfs,pp,20260827,20260925,"00Z,12Z",D1,6h,0.015,0.055,0.297,202,0.75,0.769,0.214,4,S/D,S/D,S/D,0,S/D,S/D,S/D,0,S/D,S/D,S/D,0
4726F67E,PASABAR,LAMBAYEQUE,LAMBAYEQUE,eta5,pp,20260827,20260925,"00Z,12Z",D1,6h,0.061,0.305,0.142,172,0.5,0.917,0.077,2,S/D,1.0,0.0,0,S/D,S/D,S/D,0,S/D,S/D,S/D,0
4726F67E,PASABAR,LAMBAYEQUE,LAMBAYEQUE,wrf5,pp,20260827,20260925,"00Z,12Z",D1,6h,0.001,0.02,0.071,199,0.0,1.0,0.0,4,S/D,S/D,S/D,0,S/D,S/D,S/D,0,S/D,S/D,S/D,0
4726F67E,PASABAR,LAMBAYEQUE,LAMBAYEQUE,mpas15,pp,20260827,20260925,00Z,D1,6h,-0.002,0.014,0.108,101,0.0,S/D,0.0,2,S/D,S/D,S/D,0,S/D,S/D,S/D,0,S/D,S/D,S/D,0
47201542,TONGORRAPE,LAMBAYEQUE,LAMBAYEQUE,ecmwf,pp,20260827,20260925,"00Z,12Z",D1,6h,0.082,0.222,0.046,230,0.333,0.957,0.039,6,S/D,1.0,0.0,0,S/D,S/D,S/D,0,S/D,S/D,S/D,0
47201542,TONGORRAPE,LAMBAYEQUE,LAMBAYEQUE,gfs,pp,20260827,20260925,"00Z,12Z",D1,6h,-0.003,0.058,0.085,230,0.0,1.0,0.0,6,S/D,S/D,S/D,0,S/D,S/D,S/D,0,S/D,S/D,S/D,0
47201542,TONGORRAPE,LAMBAYEQUE,LAMBAYEQUE,eta5,pp,20260827,20260925,"00Z,12Z",D1,6h,0.057,0.312,0.265,193,0.4,0.882,0.1,5,S/D,1.0,0.0,0,S/D,S/D,S/D,0,S/D,S/D,S/D,0
47201542,TONGORRAPE,LAMBAYEQUE,LAMBAYEQUE,wrf5,pp,20260827,20260925,"00Z,12Z",D1,6h,-0.002,0.048,-0.039,227,0.0,1.0,0.0,5,S/D,S/D,S/D,0,S/D,S/D,S/D,0,S/D,S/D,S/D,0
47201542,TONGORRAPE,LAMBAYEQUE,LAMBAYEQUE,mpas15,pp,20260827,20260925,00Z,D1,6h,-0.008,0.055,0.016,115,0.0,S/D,0.0,3,S/D,S/D,S/D,0,S/D,S/D,S/D,0,S/D,S/D,S/D,0
4725F170,HUAROS,LIMA,CANTA,ecmwf,pp,20260827,20260925,"00Z,12Z",D1,6h,0.373,0.915,0.206,218,0.833,0.95,0.05,6,1.0,0.929,0.071,2,0.0,1.0,0.0,2,S/D,S/D,S/D,0
4725F170,HUAROS,LIMA,CANTA,gfs,pp,20260827,20260925,"00Z,12Z",D1,6h,0.782,1.776,0.199,218,1.0,0.945,0.055,6,1.0,0.953,0.047,2,0.5,0.909,0.083,2,S/D,S/D,S/D,0
4725F170,HUAROS,LIMA,CANTA,eta5,pp,20260827,20260925,"00Z,12Z",D1,6h,0.005,0.579,-0.023,184,0.167,0.947,0.042,6,0.0,1.0,0.0,2,0.0,S/D,0.0,2,S/D,S/D,S/D,0
4725F170,HUAROS,LIMA,CANTA,wrf5,pp,20260827,20260925,"00Z,12Z",D1,6h,0.12,0.773,0.138,214,0.6,0.9,0.094,5,0.0,1.0,0.0,2,0.0,S/D,0.0,2,S/D,S/D,S/D,0
4725F170,HUAROS,LIMA,CANTA,mpas15,pp,20260827,20260925,00Z,D1,6h,0.649,2.003,-0.042,109,0.333,0.968,0.03,3,0.0,1.0,0.0,1,0.0,1.0,0.0,1,S/D,S/D,S/D,0
113249,CAÑETE,LIMA,CAÑETE,ecmwf,pp,20260827,20260925,"00Z,12Z",D1,6h,-0.522,5.766,0.189,232,0.3,0.75,0.158,10,0.0,S/D,0.0,2,0.0,S/D,0.0,2,0.0,S/D,0.0,2
113249,CAÑETE,LIMA,CAÑETE,gfs,pp,20260827,20260925,"00Z,12Z",D1,6h,-0.543,5.766,S/D,232,0.0,S/D,0.0,10,0.0,S/D,0.0,2,0.0,S/D,0.0,2,0.0,S/D,0.0,2
113249,CAÑETE,LIMA,CAÑETE,eta5,pp,20260827,20260925,"00Z,12Z",D1,6h,-0.315,4.436,0.113,196,0.125,0.667,0.1,8,0.0,S/D,0.0,1,0.0,S/D,0.0,1,0.0,S/D,0.0,1
113249,CAÑETE,LIMA,CAÑETE,wrf5,pp,20260827,20260925,"00Z,12Z",D1,6h,-0.549,5.816,0.097,228,0.1,0.5,0.091,10,0.0,S/D,0.0,2,0.0,S/D,0.0,2,0.0,S/D,0.0,2
113249,CAÑETE,LIMA,CAÑETE,mpas15,pp,20260827,20260925,00Z,D1,6h,-0.539,5.766,0.149,116,0.0,1.0,0.0,5,0.0,S/D,0.0,1,0.0,S/D,0.0,1,0.0,S/D,0.0,1
212900,LA CAPILLA SENAMHI,LIMA,CAÑETE,ecmwf,pp,20260827,20260925,"00Z,12Z",D1,6h,S/D,S/D,S/D,0,S/D,S/D,S/D,0,S/D,S/D,S/D,0,S/D,S/D,S/D,0,S/D,S/D,S/D,0
212900,LA CAPILLA SENAMHI,LIMA,CAÑETE,gfs,pp,20260827,20260925,"00Z,12Z",D1,6h,S/D,S/D,S/D,0,S/D,S/D,S/D,0,S/D,S/D,S/D,0,S/D,S/D,S/D,0,S/D,S/D,S/D,0
212900,LA CAPILLA SENAMHI,LIMA,CAÑETE,eta5,pp,20260827,20260925,"00Z,12Z",D1,6h,S/D,S/D,S/D,0,S/D,S/D,S/D,0,S/D,S/D,S/D,0,S/D,S/D,S/D,0,S/D,S/D,S/D,0
212900,LA CAPILLA SENAMHI,LIMA,CAÑETE,wrf5,pp,20260827,20260925,"00Z,12Z",D1,6h,S/D,S/D,S/D,0,S/D,S/D,S/D,0,S/D,S/D,S/D,0,S/D,S/D,S/D,0,S/D,S/D,S/D,0
212900,LA CAPILLA SENAMHI,LIMA,CAÑETE,mpas15,pp,20260827,20260925,00Z,D1,6h,S/D,S/D,S/D,0,S/D,S/D,S/D,0,S/D,S/D,S/D,0,S/D,S/D,S/D,0,S/D,S/D,S/D,0
472191AC,SOCSI,LIMA,CAÑETE,ecmwf,pp,20260827,20260925,"00Z,12Z",D1,6h,S/D,S/D,S/D,0,S/D,S/D,S/D,0,S/D,S/D,S/D,0,S/D,S/D,S/D,0,S/D,S/D,S/D,0
472191AC,SOCSI,LIMA,CAÑETE,gfs,pp,20260827,20260925,"00Z,12Z",D1,6h,S/D,S/D,S/D,0,S/D,S/D,S/D,0,S/D,S/D,S/D,0,S/D,S/D,S/D,0,S/D,S/D,S/D,0
472191AC,SOCSI,LIMA,CAÑETE,eta5,pp,20260827,20260925,"00Z,12Z",D1,6h,S/D,S/D,S/D,0,S/D,S/D,S/D,0,S/D,S/D,S/D,0,S/D,S/D,S/D,0,S/D,S/D,S/D,0
472191AC,SOCSI,LIMA,CAÑETE,wrf5,pp,20260827,20260925,"00Z,12Z",D1,6h,S/D,S/D,S/D,0,S/D,S/D,S/D,0,S/D,S/D,S/D,0,S/D,S/D,S/D,0,S/D,S/D,S/D,0
472191AC,SOCSI,LIMA,CAÑETE,mpas15,pp,20260827,20260925,00Z,D1,6h,S/D,S/D,S/D,0,S/D,S/D,S/D,0,S/D,S/D,S/D,0,S/D,S/D,S/D,0,S/D,S/D,S/D,0
47E323B2,CARAC,LIMA,HUARAL,ecmwf,pp,20260827,20260925,"00Z,12Z",D1,6h,0.154,0.454,0.339,122,1.0,0.812,0.188,6,S/D,1.0,0.0,0,S/D,S/D,S/D,0,S/D,S/D,S/D,0
47E323B2,CARAC,LIMA,HUARAL,gfs,pp,20260827,20260925,"00Z,12Z",D1,6h,0.588,1.816,0.254,122,0.833,0.886,0.111,6,S/D,1.0,0.0,0,S/D,1.0,0.0,0,S/D,S/D,S/D,0
47E323B2,CARAC,LIMA,HUARAL,eta5,pp,20260827,20260925,"00Z,12Z",D1,6h,0.021,0.136,0.492,99,0.667,0.6,0.333,3,S/D,1.0,0.0,0,S/D,S/D,S/D,0,S/D,S/D,S/D,0
47E323B2,CARAC,LIMA,HUARAL,wrf5,pp,20260827,20260925,"00Z,12Z",D1,6h,0.108,0.712,0.303,122,0.5,0.571,0.3,6,S/D,1.0,0.0,0,S/D,1.0,0.0,0,S/D,S/D,S/D,0
47E323B2,CARAC,LIMA,HUARAL,mpas15,pp,20260827,20260925,00Z,D1,6h,0.32,1.128,0.198,61,0.667,0.8,0.182,3,S/D,1.0,0.0,0,S/D,1.0,0.0,0,S/D,S/D,S/D,0
47E2323E,CUCHUANCA,LIMA,HUARAL,ecmwf,pp,20260827,20260925,"00Z,12Z",D1,6h,0.204,0.521,0.215,232,1.0,0.914,0.086,6,S/D,1.0,0.0,0,S/D,S/D,S/D,0,S/D,S/D,S/D,0
47E2323E,CUCHUANCA,LIMA,HUARAL,gfs,pp,20260827,20260925,"00Z,12Z",D1,6h,0.433,1.363,0.18,232,0.833,0.946,0.053,6,S/D,1.0,0.0,0,S/D,1.0,0.0,0,S/D,S/D,S/D,0
47E2323E,CUCHUANCA,LIMA,HUARAL,eta5,pp,20260827,20260925,"00Z,12Z",D1,6h,0.013,0.102,0.281,195,0.5,0.8,0.167,4,S/D,1.0,0.0,0,S/D,S/D,S/D,0,S/D,S/D,S/D,0
47E2323E,CUCHUANCA,LIMA,HUARAL,wrf5,pp,20260827,20260925,"00Z,12Z",D1,6h,0.074,0.535,0.241,228,0.6,0.7,0.25,5,S/D,1.0,0.0,0,S/D,1.0,0.0,0,S/D,S/D,S/D,0
47E2323E,CUCHUANCA,LIMA,HUARAL,mpas15,pp,20260827,20260925,00Z,D1,6h,0.343,1.039,0.131,116,0.667,0.913,0.083,3,S/D,1.0,0.0,0,S/D,1.0,0.0,0,S/D,S/D,S/D,0
47E330C4,SANTA CRUZ,LIMA,HUARAL,ecmwf,pp,20260827,20260925,"00Z,12Z",D1,6h,0.117,0.623,0.077,234,0.5,0.942,0.055,8,0.125,0.933,0.045,8,S/D,S/D,S/D,0,S/D,S/D,S/D,0
47E330C4,SANTA CRUZ,LIMA,HUARAL,gfs,pp,20260827,20260925,"00Z,12Z",D1,6h,0.324,1.349,0.07,234,0.5,0.957,0.042,8,0.5,0.833,0.143,8,S/D,1.0,0.0,0,S/D,S/D,S/D,0
47E330C4,SANTA CRUZ,LIMA,HUARAL,eta5,pp,20260827,20260925,"00Z,12Z",D1,6h,0.103,0.644,-0.005,197,0.2,0.97,0.027,5,0.2,0.938,0.05,5,S/D,S/D,S/D,0,S/D,S/D,S/D,0
47E330C4,SANTA CRUZ,LIMA,HUARAL,wrf5,pp,20260827,20260925,"00Z,12Z",D1,6h,0.153,1.144,0.112,230,0.5,0.879,0.108,8,0.125,0.917,0.053,8,S/D,1.0,0.0,0,S/D,S/D,S/D,0
47E330C4,SANTA CRUZ,LIMA,HUARAL,mpas15,pp,20260827,20260925,00Z,D1,6h,0.612,1.767,0.07,117,0.5,0.949,0.049,4,0.5,0.933,0.062,4,S/D,1.0,0.0,0,S/D,S/D,S/D,0
47E214D2,SANTO DOMINGO,LIMA,HUARAL,ecmwf,pp,20260827,20260925,"00Z,12Z",D1,6h,0.035,0.21,-0.08,232,0.0,1.0,0.0,12,S/D,1.0,0.0,0,S/D,S/D,S/D,0,S/D,S/D,S/D,0
47E214D2,SANTO DOMINGO,LIMA,HUARAL,gfs,pp,20260827,20260925,"00Z,12Z",D1,6h,0.024,0.196,-0.109,232,0.0,1.0,0.0,12,S/D,1.0,0.0,0,S/D,S/D,S/D,0,S/D,S/D,S/D,0
47E214D2,SANTO DOMINGO,LIMA,HUARAL,eta5,pp,20260827,20260925,"00Z,12Z",D1,6h,-0.011,0.056,-0.017,195,0.0,S/D,0.0,10,S/D,S/D,S/D,0,S/D,S/D,S/D,0,S/D,S/D,S/D,0
47E214D2,SANTO DOMINGO,LIMA,HUARAL,wrf5,pp,20260827,20260925,"00Z,12Z",D1,6h,-0.013,0.064,0.07,228,0.0,S/D,0.0,12,S/D,S/D,S/D,0,S/D,S/D,S/D,0,S/D,S/D,S/D,0
47E214D2,SANTO DOMINGO,LIMA,HUARAL,mpas15,pp,20260827,20260925,00Z,D1,6h,-0.013,0.064,0.046,116,0.0,S/D,0.0,6,S/D,S/D,S/D,0,S/D,S/D,S/D,0,S/D,S/D,S/D,0
47E257D8,VICHAYCOCHA,LIMA,HUARAL,ecmwf,pp,20260827,20260925,"00Z,12Z",D1,6h,0.6,1.278,0.241,232,0.769,0.825,0.167,26,1.0,0.915,0.085,4,S/D,1.0,0.0,0,S/D,S/D,S/D,0
47E257D8,VICHAYCOCHA,LIMA,HUARAL,gfs,pp,20260827,20260925,"00Z,12Z",D1,6h,1.045,2.622,0.213,232,0.769,0.825,0.167,26,1.0,0.925,0.075,4,S/D,1.0,0.0,0,S/D,S/D,S/D,0
47E257D8,VICHAYCOCHA,LIMA,HUARAL,eta5,pp,20260827,20260925,"00Z,12Z",D1,6h,0.073,0.395,0.29,195,0.526,0.706,0.233,19,0.333,0.875,0.1,3,S/D,S/D,S/D,0,S/D,S/D,S/D,0
47E257D8,VICHAYCOCHA,LIMA,HUARAL,wrf5,pp,20260827,20260925,"00Z,12Z",D1,6h,0.27,1.234,0.219,228,0.423,0.761,0.18,26,0.5,0.875,0.111,4,S/D,1.0,0.0,0,S/D,S/D,S/D,0
47E257D8,VICHAYCOCHA,LIMA,HUARAL,mpas15,pp,20260827,20260925,00Z,D1,6h,0.692,1.915,0.22,116,0.615,0.795,0.182,13,1.0,0.931,0.069,2,S/D,1.0,0.0,0,S/D,S/D,S/D,0
472D73C2,CASAPALCA,LIMA,HUAROCHIRI,ecmwf,pp,20260827,20260925,"00Z,12Z",D1,6h,0.343,0.978,0.467,232,0.95,0.667,0.328,40,0.833,0.634,0.341,18,0.0,1.0,0.0,2,S/D,S/D,S/D,0
472D73C2,CASAPALCA,LIMA,HUAROCHIRI,gfs,pp,20260827,20260925,"00Z,12Z",D1,6h,0.521,1.387,0.428,232,0.95,0.71,0.286,40,0.667,0.786,0.194,18,0.0,1.0,0.0,2,S/D,S/D,S/D,0
472D73C2,CASAPALCA,LIMA,HUAROCHIRI,eta5,pp,20260827,20260925,"00Z,12Z",D1,6h,-0.078,0.755,0.5,195,0.765,0.552,0.394,34,0.471,0.385,0.364,17,0.0,S/D,0.0,2,S/D,S/D,S/D,0
472D73C2,CASAPALCA,LIMA,HUAROCHIRI,wrf5,pp,20260827,20260925,"00Z,12Z",D1,6h,0.658,2.845,0.518,229,0.868,0.535,0.434,38,0.765,0.649,0.317,17,0.0,1.0,0.0,2,S/D,1.0,0.0,0
472D73C2,CASAPALCA,LIMA,HUAROCHIRI,mpas15,pp,20260827,20260925,00Z,D1,6h,0.875,2.546,0.439,116,0.85,0.622,0.354,20,0.778,0.794,0.194,9,0.0,1.0,0.0,1,S/D,S/D,S/D,0
472CE45A,MATUCANA,LIMA,HUAROCHIRI,ecmwf,pp,20260827,20260925,"00Z,12Z",D1,6h,0.785,1.615,0.246,230,1.0,0.934,0.066,8,S/D,1.0,0.0,0,S/D,1.0,0.0,0,S/D,S/D,S/D,0
472CE45A,MATUCANA,LIMA,HUAROCHIRI,gfs,pp,20260827,20260925,"00Z,12Z",D1,6h,0.343,0.822,0.258,230,1.0,0.918,0.082,8,S/D,1.0,0.0,0,S/D,1.0,0.0,0,S/D,S/D,S/D,0
472CE45A,MATUCANA,LIMA,HUAROCHIRI,eta5,pp,20260827,20260925,"00Z,12Z",D1,6h,0.092,0.518,0.05,193,0.143,0.958,0.033,7,S/D,1.0,0.0,0,S/D,1.0,0.0,0,S/D,S/D,S/D,0
472CE45A,MATUCANA,LIMA,HUAROCHIRI,wrf5,pp,20260827,20260925,"00Z,12Z",D1,6h,0.131,0.744,0.339,227,0.625,0.792,0.185,8,S/D,1.0,0.0,0,S/D,1.0,0.0,0,S/D,S/D,S/D,0
472CE45A,MATUCANA,LIMA,HUAROCHIRI,mpas15,pp,20260827,20260925,00Z,D1,6h,0.93,2.422,0.253,115,1.0,0.902,0.098,4,S/D,1.0,0.0,0,S/D,1.0,0.0,0,S/D,S/D,S/D,0
212700,PUENTE ANTAPUCRO,LIMA,HUAROCHIRI,ecmwf,pp,20260827,20260925,"00Z,12Z",D1,6h,S/D,S/D,S/D,0,S/D,S/D,S/D,0,S/D,S/D,S/D,0,S/D,S/D,S/D,0,S/D,S/D,S/D,0
212700,PUENTE ANTAPUCRO,LIMA,HUAROCHIRI,gfs,pp,20260827,20260925,"00Z,12Z",D1,6h,S/D,S/D,S/D,0,S/D,S/D,S/D,0,S/D,S/D,S/D,0,S/D,S/D,S/D,0,S/D,S/D,S/D,0
212700,PUENTE ANTAPUCRO,LIMA,HUAROCHIRI,eta5,pp,20260827,20260925,"00Z,12Z",D1,6h,S/D,S/D,S/D,0,S/D,S/D,S/D,0,S/D,S/D,S/D,0,S/D,S/D,S/D,0,S/D,S/D,S/D,0
212700,PUENTE ANTAPUCRO,LIMA,HUAROCHIRI,wrf5,pp,20260827,20260925,"00Z,12Z",D1,6h,S/D,S/D,S/D,0,S/D,S/D,S/D,0,S/D,S/D,S/D,0,S/D,S/D,S/D,0,S/D,S/D,S/D,0
212700,PUENTE ANTAPUCRO,LIMA,HUAROCHIRI,mpas15,pp,20260827,20260925,00Z,D1,6h,S/D,S/D,S/D,0,S/D,S/D,S/D,0,S/D,S/D,S/D,0,S/D,S/D,S/D,0,S/D,S/D,S/D,0
212605,SAN MATEO ,LIMA,HUAROCHIRI,ecmwf,pp,20260827,20260925,"00Z,12Z",D1,6h,S/D,S/D,S/D,0,S/D,S/D,S/D,0,S/D,S/D,S/D,0,S/D,S/D,S/D,0,S/D,S/D,S/D,0
212605,SAN MATEO ,LIMA,HUAROCHIRI,gfs,pp,20260827,20260925,"00Z,12Z",D1,6h,S/D,S/D,S/D,0,S/D,S/D,S/D,0,S/D,S/D,S/D,0,S/D,S/D,S/D,0,S/D,S/D,S/D,0
212605,SAN MATEO ,LIMA,HUAROCHIRI,eta5,pp,20260827,20260925,"00Z,12Z",D1,6h,S/D,S/D,S/D,0,S/D,S/D,S/D,0,S/D,S/D,S/D,0,S/D,S/D,S/D,0,S/D,S/D,S/D,0
212605,SAN MATEO ,LIMA,HUAROCHIRI,wrf5,pp,20260827,20260925,"00Z,12Z",D1,6h,S/D,S/D,S/D,0,S/D,S/D,S/D,0,S/D,S/D,S/D,0,S/D,S/D,S/D,0,S/D,S/D,S/D,0
212605,SAN MATEO ,LIMA,HUAROCHIRI,mpas15,pp,20260827,20260925,00Z,D1,6h,S/D,S/D,S/D,0,S/D,S/D,S/D,0,S/D,S/D,S/D,0,S/D,S/D,S/D,0,S/D,S/D,S/D,0
472EC742,SAN MATEO DE OTAO,LIMA,HUAROCHIRI,ecmwf,pp,20260827,20260925,"00Z,12Z",D1,6h,0.809,1.642,S/D,234,S/D,1.0,0.0,0,S/D,1.0,0.0,0,S/D,1.0,0.0,0,S/D,S/D,S/D,0
472EC742,SAN MATEO DE OTAO,LIMA,HUAROCHIRI,gfs,pp,20260827,20260925,"00Z,12Z",D1,6h,0.364,0.851,S/D,234,S/D,1.0,0.0,0,S/D,1.0,0.0,0,S/D,1.0,0.0,0,S/D,S/D,S/D,0
472EC742,SAN MATEO DE OTAO,LIMA,HUAROCHIRI,eta5,pp,20260827,20260925,"00Z,12Z",D1,6h,0.003,0.017,S/D,197,S/D,1.0,0.0,0,S/D,S/D,S/D,0,S/D,S/D,S/D,0,S/D,S/D,S/D,0
472EC742,SAN MATEO DE OTAO,LIMA,HUAROCHIRI,wrf5,pp,20260827,20260925,"00Z,12Z",D1,6h,0.005,0.05,S/D,231,S/D,1.0,0.0,0,S/D,S/D,S/D,0,S/D,S/D,S/D,0,S/D,S/D,S/D,0
472EC742,SAN MATEO DE OTAO,LIMA,HUAROCHIRI,mpas15,pp,20260827,20260925,00Z,D1,6h,0.026,0.196,S/D,117,S/D,1.0,0.0,0,S/D,1.0,0.0,0,S/D,S/D,S/D,0,S/D,S/D,S/D,0
472E24B0,SANTA EULALIA,LIMA,HUAROCHIRI,ecmwf,pp,20260827,20260925,"00Z,12Z",D1,6h,0.004,0.012,S/D,152,S/D,S/D,S/D,0,S/D,S/D,S/D,0,S/D,S/D,S/D,0,S/D,S/D,S/D,0
472E24B0,SANTA EULALIA,LIMA,HUAROCHIRI,gfs,pp,20260827,20260925,"00Z,12Z",D1,6h,0.001,0.007,S/D,152,S/D,S/D,S/D,0,S/D,S/D,S/D,0,S/D,S/D,S/D,0,S/D,S/D,S/D,0
472E24B0,SANTA EULALIA,LIMA,HUAROCHIRI,eta5,pp,20260827,20260925,"00Z,12Z",D1,6h,0.0,0.002,S/D,126,S/D,S/D,S/D,0,S/D,S/D,S/D,0,S/D,S/D,S/D,0,S/D,S/D,S/D,0
472E24B0,SANTA EULALIA,LIMA,HUAROCHIRI,wrf5,pp,20260827,20260925,"00Z,12Z",D1,6h,0.0,0.001,S/D,149,S/D,S/D,S/D,0,S/D,S/D,S/D,0,S/D,S/D,S/D,0,S/D,S/D,S/D,0
472E24B0,SANTA EULALIA,LIMA,HUAROCHIRI,mpas15,pp,20260827,20260925,00Z,D1,6h,0.033,0.236,S/D,76,S/D,1.0,0.0,0,S/D,1.0,0.0,0,S/D,S/D,S/D,0,S/D,S/D,S/D,0
472CA750,SANTIAGO DE TUNA,LIMA,HUAROCHIRI,ecmwf,pp,20260827,20260925,"00Z,12Z",D1,6h,0.179,0.524,S/D,230,S/D,1.0,0.0,0,S/D,1.0,0.0,0,S/D,S/D,S/D,0,S/D,S/D,S/D,0
472CA750,SANTIAGO DE TUNA,LIMA,HUAROCHIRI,gfs,pp,20260827,20260925,"00Z,12Z",D1,6h,0.101,0.234,S/D,230,S/D,1.0,0.0,0,S/D,1.0,0.0,0,S/D,S/D,S/D,0,S/D,S/D,S/D,0
472CA750,SANTIAGO DE TUNA,LIMA,HUAROCHIRI,eta5,pp,20260827,20260925,"00Z,12Z",D1,6h,0.003,0.032,S/D,193,S/D,1.0,0.0,0,S/D,S/D,S/D,0,S/D,S/D,S/D,0,S/D,S/D,S/D,0
472CA750,SANTIAGO DE TUNA,LIMA,HUAROCHIRI,wrf5,pp,20260827,20260925,"00Z,12Z",D1,6h,0.007,0.064,S/D,227,S/D,1.0,0.0,0,S/D,S/D,S/D,0,S/D,S/D,S/D,0,S/D,S/D,S/D,0
472CA750,SANTIAGO DE TUNA,LIMA,HUAROCHIRI,mpas15,pp,20260827,20260925,00Z,D1,6h,0.113,0.401,S/D,115,S/D,1.0,0.0,0,S/D,1.0,0.0,0,S/D,S/D,S/D,0,S/D,S/D,S/D,0
4724966C,SAYAN,LIMA,HUAURA,ecmwf,pp,20260827,20260925,"00Z,12Z",D1,6h,0.008,0.031,S/D,222,S/D,1.0,0.0,0,S/D,S/D,S/D,0,S/D,S/D,S/D,0,S/D,S/D,S/D,0
4724966C,SAYAN,LIMA,HUAURA,gfs,pp,20260827,20260925,"00Z,12Z",D1,6h,0.003,0.015,S/D,222,S/D,S/D,S/D,0,S/D,S/D,S/D,0,S/D,S/D,S/D,0,S/D,S/D,S/D,0
4724966C,SAYAN,LIMA,HUAURA,eta5,pp,20260827,20260925,"00Z,12Z",D1,6h,0.0,0.0,S/D,188,S/D,S/D,S/D,0,S/D,S/D,S/D,0,S/D,S/D,S/D,0,S/D,S/D,S/D,0
4724966C,SAYAN,LIMA,HUAURA,wrf5,pp,20260827,20260925,"00Z,12Z",D1,6h,0.0,0.001,S/D,218,S/D,S/D,S/D,0,S/D,S/D,S/D,0,S/D,S/D,S/D,0,S/D,S/D,S/D,0
4724966C,SAYAN,LIMA,HUAURA,mpas15,pp,20260827,20260925,00Z,D1,6h,0.0,0.0,S/D,111,S/D,S/D,S/D,0,S/D,S/D,S/D,0,S/D,S/D,S/D,0,S/D,S/D,S/D,0
212500,AGUA AZUL BOCATOMA,LIMA,LIMA,ecmwf,pp,20260827,20260925,"00Z,12Z",D1,6h,S/D,S/D,S/D,0,S/D,S/D,S/D,0,S/D,S/D,S/D,0,S/D,S/D,S/D,0,S/D,S/D,S/D,0
212500,AGUA AZUL BOCATOMA,LIMA,LIMA,gfs,pp,20260827,20260925,"00Z,12Z",D1,6h,S/D,S/D,S/D,0,S/D,S/D,S/D,0,S/D,S/D,S/D,0,S/D,S/D,S/D,0,S/D,S/D,S/D,0
212500,AGUA AZUL BOCATOMA,LIMA,LIMA,eta5,pp,20260827,20260925,"00Z,12Z",D1,6h,S/D,S/D,S/D,0,S/D,S/D,S/D,0,S/D,S/D,S/D,0,S/D,S/D,S/D,0,S/D,S/D,S/D,0
212500,AGUA AZUL BOCATOMA,LIMA,LIMA,wrf5,pp,20260827,20260925,"00Z,12Z",D1,6h,S/D,S/D,S/D,0,S/D,S/D,S/D,0,S/D,S/D,S/D,0,S/D,S/D,S/D,0,S/D,S/D,S/D,0
212500,AGUA AZUL BOCATOMA,LIMA,LIMA,mpas15,pp,20260827,20260925,00Z,D1,6h,S/D,S/D,S/D,0,S/D,S/D,S/D,0,S/D,S/D,S/D,0,S/D,S/D,S/D,0,S/D,S/D,S/D,0
472A218A,ANTONIO RAYMONDI,LIMA,LIMA,ecmwf,pp,20260827,20260925,"00Z,12Z",D1,6h,0.008,0.019,S/D,232,S/D,S/D,S/D,0,S/D,S/D,S/D,0,S/D,S/D,S/D,0,S/D,S/D,S/D,0
472A218A,ANTONIO RAYMONDI,LIMA,LIMA,gfs,pp,20260827,20260925,"00Z,12Z",D1,6h,0.037,0.065,S/D,232,S/D,1.0,0.0,0,S/D,S/D,S/D,0,S/D,S/D,S/D,0,S/D,S/D,S/D,0
472A218A,ANTONIO RAYMONDI,LIMA,LIMA,eta5,pp,20260827,20260925,"00Z,12Z",D1,6h,0.044,0.092,S/D,195,S/D,1.0,0.0,0,S/D,S/D,S/D,0,S/D,S/D,S/D,0,S/D,S/D,S/D,0
472A218A,ANTONIO RAYMONDI,LIMA,LIMA,wrf5,pp,20260827,20260925,"00Z,12Z",D1,6h,0.005,0.023,S/D,228,S/D,1.0,0.0,0,S/D,S/D,S/D,0,S/D,S/D,S/D,0,S/D,S/D,S/D,0
472A218A,ANTONIO RAYMONDI,LIMA,LIMA,mpas15,pp,20260827,20260925,00Z,D1,6h,0.009,0.066,S/D,116,S/D,1.0,0.0,0,S/D,S/D,S/D,0,S/D,S/D,S/D,0,S/D,S/D,S/D,0
112181,CAMPO DE MARTE,LIMA,LIMA,ecmwf,pp,20260827,20260925,"00Z,12Z",D1,6h,0.03,0.111,0.236,200,0.5,0.857,0.125,6,S/D,1.0,0.0,0,S/D,S/D,S/D,0,S/D,S/D,S/D,0
112181,CAMPO DE MARTE,LIMA,LIMA,gfs,pp,20260827,20260925,"00Z,12Z",D1,6h,0.001,0.052,0.012,200,0.0,S/D,0.0,6,S/D,S/D,S/D,0,S/D,S/D,S/D,0,S/D,S/D,S/D,0
112181,CAMPO DE MARTE,LIMA,LIMA,eta5,pp,20260827,20260925,"00Z,12Z",D1,6h,0.021,0.075,0.102,170,0.333,0.9,0.083,6,S/D,S/D,S/D,0,S/D,S/D,S/D,0,S/D,S/D,S/D,0
112181,CAMPO DE MARTE,LIMA,LIMA,wrf5,pp,20260827,20260925,"00Z,12Z",D1,6h,-0.003,0.052,-0.067,198,0.0,S/D,0.0,6,S/D,S/D,S/D,0,S/D,S/D,S/D,0,S/D,S/D,S/D,0
112181,CAMPO DE MARTE,LIMA,LIMA,mpas15,pp,20260827,20260925,00Z,D1,6h,0.002,0.078,0.122,100,0.0,1.0,0.0,3,S/D,S/D,S/D,0,S/D,S/D,S/D,0,S/D,S/D,S/D,0
111286,CARABAYLLO,LIMA,LIMA,ecmwf,pp,20260827,20260925,"00Z,12Z",D1,6h,S/D,S/D,S/D,0,S/D,S/D,S/D,0,S/D,S/D,S/D,0,S/D,S/D,S/D,0,S/D,S/D,S/D,0
111286,CARABAYLLO,LIMA,LIMA,gfs,pp,20260827,20260925,"00Z,12Z",D1,6h,S/D,S/D,S/D,0,S/D,S/D,S/D,0,S/D,S/D,S/D,0,S/D,S/D,S/D,0,S/D,S/D,S/D,0
111286,CARABAYLLO,LIMA,LIMA,eta5,pp,20260827,20260925,"00Z,12Z",D1,6h,S/D,S/D,S/D,0,S/D,S/D,S/D,0,S/D,S/D,S/D,0,S/D,S/D,S/D,0,S/D,S/D,S/D,0
111286,CARABAYLLO,LIMA,LIMA,wrf5,pp,20260827,20260925,"00Z,12Z",D1,6h,S/D,S/D,S/D,0,S/D,S/D,S/D,0,S/D,S/D,S/D,0,S/D,S/D,S/D,0,S/D,S/D,S/D,0
111286,CARABAYLLO,LIMA,LIMA,mpas15,pp,20260827,20260925,00Z,D1,6h,S/D,S/D,S/D,0,S/D,S/D,S/D,0,S/D,S/D,S/D,0,S/D,S/D,S/D,0,S/D,S/D,S/D,0
112278,CERES,LIMA,LIMA,ecmwf,pp,20260827,20260925,"00Z,12Z",D1,6h,S/D,S/D,S/D,0,S/D,S/D,S/D,0,S/D,S/D,S/D,0,S/D,S/D,S/D,0,S/D,S/D,S/D,0
112278,CERES,LIMA,LIMA,gfs,pp,20260827,20260925,"00Z,12Z",D1,6h,S/D,S/D,S/D,0,S/D,S/D,S/D,0,S/D,S/D,S/D,0,S/D,S/D,S/D,0,S/D,S/D,S/D,0
112278,CERES,LIMA,LIMA,eta5,pp,20260827,20260925,"00Z,12Z",D1,6h,S/D,S/D,S/D,0,S/D,S/D,S/D,0,S/D,S/D,S/D,0,S/D,S/D,S/D,0,S/D,S/D,S/D,0
112278,CERES,LIMA,LIMA,wrf5,pp,20260827,20260925,"00Z,12Z",D1,6h,S/D,S/D,S/D,0,S/D,S/D,S/D,0,S/D,S/D,S/D,0,S/D,S/D,S/D,0,S/D,S/D,S/D,0
112278,CERES,LIMA,LIMA,mpas15,pp,20260827,20260925,00Z,D1,6h,S/D,S/D,S/D,0,S/D,S/D,S/D,0,S/D,S/D,S/D,0,S/D,S/D,S/D,0,S/D,S/D,S/D,0
47278214,CHOSICA,LIMA,LIMA,ecmwf,pp,20260827,20260925,"00Z,12Z",D1,6h,0.015,0.022,S/D,2,S/D,S/D,S/D,0,S/D,S/D,S/D,0,S/D,S/D,S/D,0,S/D,S/D,S/D,0
47278214,CHOSICA,LIMA,LIMA,gfs,pp,20260827,20260925,"00Z,12Z",D1,6h,0.0,0.0,S/D,2,S/D,S/D,S/D,0,S/D,S/D,S/D,0,S/D,S/D,S/D,0,S/D,S/D,S/D,0
47278214,CHOSICA,LIMA,LIMA,eta5,pp,20260827,20260925,"00Z,12Z",D1,6h,0.0,0.0,S/D,1,S/D,S/D,S/D,0,S/D,S/D,S/D,0,S/D,S/D,S/D,0,S/D,S/D,S/D,0
47278214,CHOSICA,LIMA,LIMA,wrf5,pp,20260827,20260925,"00Z,12Z",D1,6h,0.0,0.0,S/D,2,S/D,S/D,S/D,0,S/D,S/D,S/D,0,S/D,S/D,S/D,0,S/D,S/D,S/D,0
47278214,CHOSICA,LIMA,LIMA,mpas15,pp,20260827,20260925,00Z,D1,6h,2.0,2.0,S/D,1,S/D,1.0,0.0,0,S/D,1.0,0.0,0,S/D,S/D,S/D,0,S/D,S/D,S/D,0
112281,LAS PALMAS,LIMA,LIMA,ecmwf,pp,20260827,20260925,"00Z,12Z",D1,6h,0.112,0.197,0.117,240,0.462,0.864,0.118,26,S/D,S/D,S/D,0,S/D,S/D,S/D,0,S/D,S/D,S/D,0
112281,LAS PALMAS,LIMA,LIMA,gfs,pp,20260827,20260925,"00Z,12Z",D1,6h,0.055,0.108,-0.065,240,0.115,0.951,0.036,26,S/D,S/D,S/D,0,S/D,S/D,S/D,0,S/D,S/D,S/D,0
112281,LAS PALMAS,LIMA,LIMA,eta5,pp,20260827,20260925,"00Z,12Z",D1,6h,0.066,0.168,0.009,202,0.19,0.918,0.061,21,S/D,S/D,S/D,0,S/D,S/D,S/D,0,S/D,S/D,S/D,0
112281,LAS PALMAS,LIMA,LIMA,wrf5,pp,20260827,20260925,"00Z,12Z",D1,6h,-0.002,0.053,-0.056,236,0.042,0.857,0.033,24,S/D,S/D,S/D,0,S/D,S/D,S/D,0,S/D,S/D,S/D,0
112281,LAS PALMAS,LIMA,LIMA,mpas15,pp,20260827,20260925,00Z,D1,6h,-0.003,0.092,-0.166,120,0.0,1.0,0.0,13,S/D,S/D,S/D,0,S/D,S/D,S/D,0,S/D,S/D,S/D,0
112193,SAN BORJA,LIMA,LIMA,ecmwf,pp,20260827,20260925,"00Z,12Z",D1,6h,0.038,0.107,S/D,210,S/D,1.0,0.0,0,S/D,1.0,0.0,0,S/D,S/D,S/D,0,S/D,S/D,S/D,0
112193,SAN BORJA,LIMA,LIMA,gfs,pp,20260827,20260925,"00Z,12Z",D1,6h,0.011,0.028,S/D,210,S/D,1.0,0.0,0,S/D,S/D,S/D,0,S/D,S/D,S/D,0,S/D,S/D,S/D,0
112193,SAN BORJA,LIMA,LIMA,eta5,pp,20260827,20260925,"00Z,12Z",D1,6h,0.026,0.049,S/D,177,S/D,1.0,0.0,0,S/D,S/D,S/D,0,S/D,S/D,S/D,0,S/D,S/D,S/D,0
112193,SAN BORJA,LIMA,LIMA,wrf5,pp,20260827,20260925,"00Z,12Z",D1,6h,0.01,0.031,S/D,209,S/D,1.0,0.0,0,S/D,S/D,S/D,0,S/D,S/D,S/D,0,S/D,S/D,S/D,0
112193,SAN BORJA,LIMA,LIMA,mpas15,pp,20260827,20260925,00Z,D1,6h,0.014,0.077,S/D,105,S/D,1.0,0.0,0,S/D,S/D,S/D,0,S/D,S/D,S/D,0,S/D,S/D,S/D,0
112267,SAN JUAN DE LURIGANCHO,LIMA,LIMA,ecmwf,pp,20260827,20260925,"00Z,12Z",D1,6h,0.037,0.121,0.163,208,0.5,0.913,0.08,4,S/D,1.0,0.0,0,S/D,S/D,S/D,0,S/D,S/D,S/D,0
112267,SAN JUAN DE LURIGANCHO,LIMA,LIMA,gfs,pp,20260827,20260925,"00Z,12Z",D1,6h,0.007,0.038,0.246,208,0.5,0.333,0.4,4,S/D,S/D,S/D,0,S/D,S/D,S/D,0,S/D,S/D,S/D,0
112267,SAN JUAN DE LURIGANCHO,LIMA,LIMA,eta5,pp,20260827,20260925,"00Z,12Z",D1,6h,0.001,0.035,0.234,178,0.0,1.0,0.0,3,S/D,S/D,S/D,0,S/D,S/D,S/D,0,S/D,S/D,S/D,0
112267,SAN JUAN DE LURIGANCHO,LIMA,LIMA,wrf5,pp,20260827,20260925,"00Z,12Z",D1,6h,-0.001,0.033,0.082,204,0.25,0.5,0.2,4,S/D,S/D,S/D,0,S/D,S/D,S/D,0,S/D,S/D,S/D,0
112267,SAN JUAN DE LURIGANCHO,LIMA,LIMA,mpas15,pp,20260827,20260925,00Z,D1,6h,0.01,0.062,0.245,104,0.5,0.75,0.2,2,S/D,S/D,S/D,0,S/D,S/D,S/D,0,S/D,S/D,S/D,0
112265,SAN MARTIN DE PORRES,LIMA,LIMA,ecmwf,pp,20260827,20260925,"00Z,12Z",D1,6h,0.042,0.117,S/D,198,S/D,1.0,0.0,0,S/D,1.0,0.0,0,S/D,S/D,S/D,0,S/D,S/D,S/D,0
112265,SAN MARTIN DE PORRES,LIMA,LIMA,gfs,pp,20260827,20260925,"00Z,12Z",D1,6h,0.011,0.028,S/D,198,S/D,1.0,0.0,0,S/D,S/D,S/D,0,S/D,S/D,S/D,0,S/D,S/D,S/D,0
112265,SAN MARTIN DE PORRES,LIMA,LIMA,eta5,pp,20260827,20260925,"00Z,12Z",D1,6h,0.104,0.188,S/D,166,S/D,1.0,0.0,0,S/D,S/D,S/D,0,S/D,S/D,S/D,0,S/D,S/D,S/D,0
112265,SAN MARTIN DE PORRES,LIMA,LIMA,wrf5,pp,20260827,20260925,"00Z,12Z",D1,6h,0.004,0.013,S/D,195,S/D,S/D,S/D,0,S/D,S/D,S/D,0,S/D,S/D,S/D,0,S/D,S/D,S/D,0
112265,SAN MARTIN DE PORRES,LIMA,LIMA,mpas15,pp,20260827,20260925,00Z,D1,6h,0.015,0.079,S/D,99,S/D,1.0,0.0,0,S/D,S/D,S/D,0,S/D,S/D,S/D,0,S/D,S/D,S/D,0
112208,SANTA ANITA,LIMA,LIMA,ecmwf,pp,20260827,20260925,"00Z,12Z",D1,6h,S/D,S/D,S/D,0,S/D,S/D,S/D,0,S/D,S/D,S/D,0,S/D,S/D,S/D,0,S/D,S/D,S/D,0
112208,SANTA ANITA,LIMA,LIMA,gfs,pp,20260827,20260925,"00Z,12Z",D1,6h,S/D,S/D,S/D,0,S/D,S/D,S/D,0,S/D,S/D,S/D,0,S/D,S/D,S/D,0,S/D,S/D,S/D,0
112208,SANTA ANITA,LIMA,LIMA,eta5,pp,20260827,20260925,"00Z,12Z",D1,6h,S/D,S/D,S/D,0,S/D,S/D,S/D,0,S/D,S/D,S/D,0,S/D,S/D,S/D,0,S/D,S/D,S/D,0
112208,SANTA ANITA,LIMA,LIMA,wrf5,pp,20260827,20260925,"00Z,12Z",D1,6h,S/D,S/D,S/D,0,S/D,S/D,S/D,0,S/D,S/D,S/D,0,S/D,S/D,S/D,0,S/D,S/D,S/D,0
112208,SANTA ANITA,LIMA,LIMA,mpas15,pp,20260827,20260925,00Z,D1,6h,S/D,S/D,S/D,0,S/D,S/D,S/D,0,S/D,S/D,S/D,0,S/D,S/D,S/D,0,S/D,S/D,S/D,0
472AC278,VON HUMBOLDT,LIMA,LIMA,ecmwf,pp,20260827,20260925,"00Z,12Z",D1,6h,0.039,0.114,0.077,220,0.0,1.0,0.0,2,S/D,1.0,0.0,0,S/D,S/D,S/D,0,S/D,S/D,S/D,0
472AC278,VON HUMBOLDT,LIMA,LIMA,gfs,pp,20260827,20260925,"00Z,12Z",D1,6h,0.009,0.027,0.255,220,1.0,0.333,0.667,2,S/D,S/D,S/D,0,S/D,S/D,S/D,0,S/D,S/D,S/D,0
472AC278,VON HUMBOLDT,LIMA,LIMA,eta5,pp,20260827,20260925,"00Z,12Z",D1,6h,0.004,0.026,-0.031,186,0.0,1.0,0.0,1,S/D,S/D,S/D,0,S/D,S/D,S/D,0,S/D,S/D,S/D,0
472AC278,VON HUMBOLDT,LIMA,LIMA,wrf5,pp,20260827,20260925,"00Z,12Z",D1,6h,-0.001,0.017,0.138,216,0.0,S/D,0.0,2,S/D,S/D,S/D,0,S/D,S/D,S/D,0,S/D,S/D,S/D,0
472AC278,VON HUMBOLDT,LIMA,LIMA,mpas15,pp,20260827,20260925,00Z,D1,6h,0.032,0.169,0.194,110,1.0,0.8,0.2,1,S/D,1.0,0.0,0,S/D,S/D,S/D,0,S/D,S/D,S/D,0
111290,ÑAÑA,LIMA,LIMA,ecmwf,pp,20260827,20260925,"00Z,12Z",D1,6h,0.004,0.036,0.33,234,0.4,0.5,0.286,10,S/D,S/D,S/D,0,S/D,S/D,S/D,0,S/D,S/D,S/D,0
111290,ÑAÑA,LIMA,LIMA,gfs,pp,20260827,20260925,"00Z,12Z",D1,6h,-0.005,0.034,-0.024,234,0.0,S/D,0.0,10,S/D,S/D,S/D,0,S/D,S/D,S/D,0,S/D,S/D,S/D,0
111290,ÑAÑA,LIMA,LIMA,eta5,pp,20260827,20260925,"00Z,12Z",D1,6h,-0.007,0.036,S/D,197,0.0,S/D,0.0,9,S/D,S/D,S/D,0,S/D,S/D,S/D,0,S/D,S/D,S/D,0
111290,ÑAÑA,LIMA,LIMA,wrf5,pp,20260827,20260925,"00Z,12Z",D1,6h,-0.006,0.033,0.113,231,0.0,S/D,0.0,10,S/D,S/D,S/D,0,S/D,S/D,S/D,0,S/D,S/D,S/D,0
111290,ÑAÑA,LIMA,LIMA,mpas15,pp,20260827,20260925,00Z,D1,6h,0.02,0.142,0.087,117,0.4,0.6,0.25,5,S/D,1.0,0.0,0,S/D,S/D,S/D,0,S/D,S/D,S/D,0
110139,PICOY,LIMA,OYON,ecmwf,pp,20260827,20260925,"00Z,12Z",D1,6h,0.612,1.259,0.01,232,0.625,0.959,0.04,8,0.5,0.977,0.022,2,S/D,1.0,0.0,0,S/D,S/D,S/D,0
110139,PICOY,LIMA,OYON,gfs,pp,20260827,20260925,"00Z,12Z",D1,6h,0.668,2.016,0.005,232,0.5,0.964,0.035,8,1.0,0.952,0.048,2,S/D,1.0,0.0,0,S/D,S/D,S/D,0
110139,PICOY,LIMA,OYON,eta5,pp,20260827,20260925,"00Z,12Z",D1,6h,1.401,2.746,0.059,195,0.571,0.955,0.043,7,1.0,0.968,0.032,2,S/D,1.0,0.0,0,S/D,S/D,S/D,0
110139,PICOY,LIMA,OYON,wrf5,pp,20260827,20260925,"00Z,12Z",D1,6h,0.133,0.557,-0.068,229,0.125,0.972,0.023,8,0.0,1.0,0.0,2,S/D,S/D,S/D,0,S/D,S/D,S/D,0
110139,PICOY,LIMA,OYON,mpas15,pp,20260827,20260925,00Z,D1,6h,0.73,1.857,-0.064,116,0.25,0.972,0.026,4,1.0,0.966,0.034,1,S/D,1.0,0.0,0,S/D,S/D,S/D,0
472364DC,CARANIA,LIMA,YAUYOS,ecmwf,pp,20260827,20260925,"00Z,12Z",D1,6h,0.414,1.104,0.319,212,0.929,0.856,0.143,14,0.625,0.848,0.139,8,S/D,1.0,0.0,0,S/D,S/D,S/D,0
472364DC,CARANIA,LIMA,YAUYOS,gfs,pp,20260827,20260925,"00Z,12Z",D1,6h,0.577,1.404,0.337,212,1.0,0.885,0.115,14,0.625,0.881,0.111,8,S/D,1.0,0.0,0,S/D,S/D,S/D,0
472364DC,CARANIA,LIMA,YAUYOS,eta5,pp,20260827,20260925,"00Z,12Z",D1,6h,0.412,1.563,0.289,180,0.769,0.787,0.2,13,0.375,0.897,0.088,8,S/D,1.0,0.0,0,S/D,S/D,S/D,0
472364DC,CARANIA,LIMA,YAUYOS,wrf5,pp,20260827,20260925,"00Z,12Z",D1,6h,0.199,1.224,0.25,208,0.615,0.81,0.17,13,0.286,0.875,0.095,7,S/D,1.0,0.0,0,S/D,S/D,S/D,0
472364DC,CARANIA,LIMA,YAUYOS,mpas15,pp,20260827,20260925,00Z,D1,6h,0.711,1.922,0.348,106,0.857,0.824,0.171,7,0.75,0.875,0.12,4,S/D,1.0,0.0,0,S/D,S/D,S/D,0
104112,SAN REGIS,LORETO,LORETO,ecmwf,pp,20260827,20260925,"00Z,12Z",D1,6h,-0.162,5.179,0.34,128,0.917,0.804,0.193,12,0.5,0.792,0.172,10,0.25,0.714,0.154,8,0.0,S/D,0.0,2
104112,SAN REGIS,LORETO,LORETO,gfs,pp,20260827,20260925,"00Z,12Z",D1,6h,-0.632,5.104,0.097,128,0.417,0.878,0.104,12,0.2,0.867,0.087,10,0.0,1.0,0.0,8,0.0,S/D,0.0,2
104112,SAN REGIS,LORETO,LORETO,eta5,pp,20260827,20260925,"00Z,12Z",D1,6h,0.354,6.3,0.085,112,0.545,0.846,0.136,11,0.444,0.862,0.118,9,0.0,1.0,0.0,7,0.0,S/D,0.0,2
104112,SAN REGIS,LORETO,LORETO,wrf5,pp,20260827,20260925,"00Z,12Z",D1,6h,-0.673,5.294,0.078,127,0.182,0.895,0.071,11,0.111,0.875,0.062,9,0.0,1.0,0.0,8,0.0,S/D,0.0,2
104112,SAN REGIS,LORETO,LORETO,mpas15,pp,20260827,20260925,00Z,D1,6h,0.119,4.811,0.405,64,1.0,0.786,0.214,6,0.8,0.765,0.222,5,0.5,0.5,0.333,4,0.0,S/D,0.0,1
4727547C,CABALLOCOCHA,LORETO,MARISCAL RAMON CASTILLA,ecmwf,pp,20260827,20260925,"00Z,12Z",D1,6h,S/D,S/D,S/D,0,S/D,S/D,S/D,0,S/D,S/D,S/D,0,S/D,S/D,S/D,0,S/D,S/D,S/D,0
4727547C,CABALLOCOCHA,LORETO,MARISCAL RAMON CASTILLA,gfs,pp,20260827,20260925,"00Z,12Z",D1,6h,S/D,S/D,S/D,0,S/D,S/D,S/D,0,S/D,S/D,S/D,0,S/D,S/D,S/D,0,S/D,S/D,S/D,0
4727547C,CABALLOCOCHA,LORETO,MARISCAL RAMON CASTILLA,eta5,pp,20260827,20260925,"00Z,12Z",D1,6h,S/D,S/D,S/D,0,S/D,S/D,S/D,0,S/D,S/D,S/D,0,S/D,S/D,S/D,0,S/D,S/D,S/D,0
4727547C,CABALLOCOCHA,LORETO,MARISCAL RAMON CASTILLA,wrf5,pp,20260827,20260925,"00Z,12Z",D1,6h,S/D,S/D,S/D,0,S/D,S/D,S/D,0,S/D,S/D,S/D,0,S/D,S/D,S/D,0,S/D,S/D,S/D,0
4727547C,CABALLOCOCHA,LORETO,MARISCAL RAMON CASTILLA,mpas15,pp,20260827,20260925,00Z,D1,6h,S/D,S/D,S/D,0,S/D,S/D,S/D,0,S/D,S/D,S/D,0,S/D,S/D,S/D,0,S/D,S/D,S/D,0
47288486,PEBAS,LORETO,MARISCAL RAMON CASTILLA,ecmwf,pp,20260827,20260925,"00Z,12Z",D1,6h,S/D,S/D,S/D,0,S/D,S/D,S/D,0,S/D,S/D,S/D,0,S/D,S/D,S/D,0,S/D,S/D,S/D,0
47288486,PEBAS,LORETO,MARISCAL RAMON CASTILLA,gfs,pp,20260827,20260925,"00Z,12Z",D1,6h,S/D,S/D,S/D,0,S/D,S/D,S/D,0,S/D,S/D,S/D,0,S/D,S/D,S/D,0,S/D,S/D,S/D,0
47288486,PEBAS,LORETO,MARISCAL RAMON CASTILLA,eta5,pp,20260827,20260925,"00Z,12Z",D1,6h,S/D,S/D,S/D,0,S/D,S/D,S/D,0,S/D,S/D,S/D,0,S/D,S/D,S/D,0,S/D,S/D,S/D,0
47288486,PEBAS,LORETO,MARISCAL RAMON CASTILLA,wrf5,pp,20260827,20260925,"00Z,12Z",D1,6h,S/D,S/D,S/D,0,S/D,S/D,S/D,0,S/D,S/D,S/D,0,S/D,S/D,S/D,0,S/D,S/D,S/D,0
47288486,PEBAS,LORETO,MARISCAL RAMON CASTILLA,mpas15,pp,20260827,20260925,00Z,D1,6h,S/D,S/D,S/D,0,S/D,S/D,S/D,0,S/D,S/D,S/D,0,S/D,S/D,S/D,0,S/D,S/D,S/D,0
103065,AMAZONAS,LORETO,MAYNAS,ecmwf,pp,20260827,20260925,"00Z,12Z",D1,6h,S/D,S/D,S/D,0,S/D,S/D,S/D,0,S/D,S/D,S/D,0,S/D,S/D,S/D,0,S/D,S/D,S/D,0
103065,AMAZONAS,LORETO,MAYNAS,gfs,pp,20260827,20260925,"00Z,12Z",D1,6h,S/D,S/D,S/D,0,S/D,S/D,S/D,0,S/D,S/D,S/D,0,S/D,S/D,S/D,0,S/D,S/D,S/D,0
103065,AMAZONAS,LORETO,MAYNAS,eta5,pp,20260827,20260925,"00Z,12Z",D1,6h,S/D,S/D,S/D,0,S/D,S/D,S/D,0,S/D,S/D,S/D,0,S/D,S/D,S/D,0,S/D,S/D,S/D,0
103065,AMAZONAS,LORETO,MAYNAS,wrf5,pp,20260827,20260925,"00Z,12Z",D1,6h,S/D,S/D,S/D,0,S/D,S/D,S/D,0,S/D,S/D,S/D,0,S/D,S/D,S/D,0,S/D,S/D,S/D,0
103065,AMAZONAS,LORETO,MAYNAS,mpas15,pp,20260827,20260925,00Z,D1,6h,S/D,S/D,S/D,0,S/D,S/D,S/D,0,S/D,S/D,S/D,0,S/D,S/D,S/D,0,S/D,S/D,S/D,0
47252718,ENAPU PERU,LORETO,MAYNAS,ecmwf,pp,20260827,20260925,"00Z,12Z",D1,6h,0.606,3.276,0.107,218,0.615,0.871,0.119,26,0.444,0.873,0.11,18,0.0,1.0,0.0,8,S/D,S/D,S/D,0
47252718,ENAPU PERU,LORETO,MAYNAS,gfs,pp,20260827,20260925,"00Z,12Z",D1,6h,0.2,2.546,0.25,218,0.654,0.807,0.175,26,0.389,0.829,0.135,18,0.25,0.818,0.118,8,S/D,S/D,S/D,0
47252718,ENAPU PERU,LORETO,MAYNAS,eta5,pp,20260827,20260925,"00Z,12Z",D1,6h,1.198,4.743,0.199,185,0.667,0.803,0.179,21,0.467,0.87,0.113,15,0.143,0.96,0.032,7,S/D,1.0,0.0,0
47252718,ENAPU PERU,LORETO,MAYNAS,wrf5,pp,20260827,20260925,"00Z,12Z",D1,6h,0.941,7.007,0.165,214,0.5,0.768,0.188,26,0.222,0.867,0.091,18,0.125,0.917,0.053,8,S/D,1.0,0.0,0
47252718,ENAPU PERU,LORETO,MAYNAS,mpas15,pp,20260827,20260925,00Z,D1,6h,0.824,3.602,-0.104,109,0.385,0.902,0.085,13,0.333,0.921,0.068,9,0.0,1.0,0.0,4,S/D,S/D,S/D,0
47287402,CONTAMANA,LORETO,UCAYALI,ecmwf,pp,20260827,20260925,"00Z,12Z",D1,6h,S/D,S/D,S/D,0,S/D,S/D,S/D,0,S/D,S/D,S/D,0,S/D,S/D,S/D,0,S/D,S/D,S/D,0
47287402,CONTAMANA,LORETO,UCAYALI,gfs,pp,20260827,20260925,"00Z,12Z",D1,6h,S/D,S/D,S/D,0,S/D,S/D,S/D,0,S/D,S/D,S/D,0,S/D,S/D,S/D,0,S/D,S/D,S/D,0
47287402,CONTAMANA,LORETO,UCAYALI,eta5,pp,20260827,20260925,"00Z,12Z",D1,6h,S/D,S/D,S/D,0,S/D,S/D,S/D,0,S/D,S/D,S/D,0,S/D,S/D,S/D,0,S/D,S/D,S/D,0
47287402,CONTAMANA,LORETO,UCAYALI,wrf5,pp,20260827,20260925,"00Z,12Z",D1,6h,S/D,S/D,S/D,0,S/D,S/D,S/D,0,S/D,S/D,S/D,0,S/D,S/D,S/D,0,S/D,S/D,S/D,0
47287402,CONTAMANA,LORETO,UCAYALI,mpas15,pp,20260827,20260925,00Z,D1,6h,S/D,S/D,S/D,0,S/D,S/D,S/D,0,S/D,S/D,S/D,0,S/D,S/D,S/D,0,S/D,S/D,S/D,0
47E8201A,SALVACION,MADRE DE DIOS,MANU,ecmwf,pp,20260827,20260925,"00Z,12Z",D1,6h,-0.643,6.971,0.41,228,0.8,0.597,0.366,60,0.523,0.531,0.329,44,0.35,0.5,0.259,20,0.167,0.667,0.125,6
47E8201A,SALVACION,MADRE DE DIOS,MANU,gfs,pp,20260827,20260925,"00Z,12Z",D1,6h,-0.879,6.706,0.419,228,0.717,0.538,0.391,60,0.364,0.644,0.219,44,0.2,0.714,0.133,20,0.0,S/D,0.0,6
47E8201A,SALVACION,MADRE DE DIOS,MANU,eta5,pp,20260827,20260925,"00Z,12Z",D1,6h,0.382,7.832,0.342,191,0.75,0.615,0.341,56,0.643,0.662,0.284,42,0.526,0.714,0.227,19,0.0,S/D,0.0,6
47E8201A,SALVACION,MADRE DE DIOS,MANU,wrf5,pp,20260827,20260925,"00Z,12Z",D1,6h,-0.823,8.848,0.269,225,0.414,0.538,0.279,58,0.333,0.517,0.246,42,0.2,0.6,0.154,20,0.0,1.0,0.0,6
47E8201A,SALVACION,MADRE DE DIOS,MANU,mpas15,pp,20260827,20260925,00Z,D1,6h,1.692,9.246,0.254,114,0.7,0.704,0.263,30,0.818,0.695,0.286,22,0.5,0.773,0.185,10,0.0,1.0,0.0,3
472587E0,IÑAPARI,MADRE DE DIOS,TAHUAMANU,ecmwf,pp,20260827,20260925,"00Z,12Z",D1,6h,-0.702,7.179,0.354,214,0.917,0.845,0.153,12,0.8,0.692,0.286,10,0.6,0.5,0.375,10,0.0,S/D,0.0,4
472587E0,IÑAPARI,MADRE DE DIOS,TAHUAMANU,gfs,pp,20260827,20260925,"00Z,12Z",D1,6h,-1.077,7.595,0.403,214,0.833,0.722,0.263,12,0.6,0.333,0.462,10,0.4,0.333,0.333,10,0.0,1.0,0.0,4
472587E0,IÑAPARI,MADRE DE DIOS,TAHUAMANU,eta5,pp,20260827,20260925,"00Z,12Z",D1,6h,-1.339,7.971,0.442,181,0.667,0.704,0.258,12,0.6,0.625,0.3,10,0.5,0.167,0.455,10,0.0,S/D,0.0,4
472587E0,IÑAPARI,MADRE DE DIOS,TAHUAMANU,wrf5,pp,20260827,20260925,"00Z,12Z",D1,6h,-1.386,8.097,0.395,210,0.417,0.583,0.263,12,0.2,0.5,0.167,10,0.0,1.0,0.0,10,0.0,S/D,0.0,4
472587E0,IÑAPARI,MADRE DE DIOS,TAHUAMANU,mpas15,pp,20260827,20260925,00Z,D1,6h,-0.288,5.356,0.396,107,1.0,0.793,0.207,6,1.0,0.815,0.185,5,0.8,0.333,0.571,5,0.0,S/D,0.0,2
260403,CACHUELA,MADRE DE DIOS,TAMBOPATA,ecmwf,pp,20260827,20260925,"00Z,12Z",D1,6h,0.197,3.614,0.295,234,0.9,0.895,0.103,10,0.625,0.833,0.152,8,0.5,0.889,0.1,2,0.0,S/D,0.0,2
260403,CACHUELA,MADRE DE DIOS,TAMBOPATA,gfs,pp,20260827,20260925,"00Z,12Z",D1,6h,-0.149,3.424,0.259,234,0.5,0.868,0.116,10,0.25,0.909,0.071,8,0.0,1.0,0.0,2,0.0,S/D,0.0,2
260403,CACHUELA,MADRE DE DIOS,TAMBOPATA,eta5,pp,20260827,20260925,"00Z,12Z",D1,6h,-0.001,4.126,0.169,197,0.4,0.857,0.118,10,0.25,0.882,0.087,8,0.0,1.0,0.0,2,0.0,S/D,0.0,2
260403,CACHUELA,MADRE DE DIOS,TAMBOPATA,wrf5,pp,20260827,20260925,"00Z,12Z",D1,6h,-0.218,4.169,0.052,231,0.0,1.0,0.0,10,0.0,1.0,0.0,8,0.0,1.0,0.0,2,0.0,1.0,0.0,2
260403,CACHUELA,MADRE DE DIOS,TAMBOPATA,mpas15,pp,20260827,20260925,00Z,D1,6h,0.73,4.269,0.311,117,1.0,0.861,0.139,5,0.75,0.903,0.094,4,0.0,1.0,0.0,1,0.0,S/D,0.0,1
47E8336C,MALINOWSKY,MADRE DE DIOS,TAMBOPATA,ecmwf,pp,20260827,20260925,"00Z,12Z",D1,6h,0.119,4.274,0.247,232,0.643,0.894,0.1,14,0.625,0.848,0.139,8,1.0,0.778,0.222,2,0.0,S/D,0.0,2
47E8336C,MALINOWSKY,MADRE DE DIOS,TAMBOPATA,gfs,pp,20260827,20260925,"00Z,12Z",D1,6h,-0.172,4.08,0.203,232,0.5,0.821,0.152,14,0.5,0.81,0.16,8,0.5,0.667,0.25,2,0.0,S/D,0.0,2
47E8336C,MALINOWSKY,MADRE DE DIOS,TAMBOPATA,eta5,pp,20260827,20260925,"00Z,12Z",D1,6h,0.223,5.482,0.222,195,0.5,0.8,0.167,14,0.75,0.727,0.25,8,0.5,0.9,0.091,2,0.0,1.0,0.0,2
47E8336C,MALINOWSKY,MADRE DE DIOS,TAMBOPATA,wrf5,pp,20260827,20260925,"00Z,12Z",D1,6h,-0.393,4.587,0.036,229,0.143,0.818,0.087,14,0.125,0.8,0.083,8,0.0,1.0,0.0,2,0.0,S/D,0.0,2
47E8336C,MALINOWSKY,MADRE DE DIOS,TAMBOPATA,mpas15,pp,20260827,20260925,00Z,D1,6h,1.147,4.616,0.215,116,0.714,0.872,0.122,7,0.75,0.909,0.088,4,1.0,0.947,0.053,1,0.0,S/D,0.0,1
260402,PUENTE HERRERA,MADRE DE DIOS,TAMBOPATA,ecmwf,pp,20260827,20260925,"00Z,12Z",D1,6h,0.595,2.024,S/D,234,S/D,1.0,0.0,0,S/D,1.0,0.0,0,S/D,1.0,0.0,0,S/D,S/D,S/D,0
260402,PUENTE HERRERA,MADRE DE DIOS,TAMBOPATA,gfs,pp,20260827,20260925,"00Z,12Z",D1,6h,0.249,0.809,S/D,234,S/D,1.0,0.0,0,S/D,1.0,0.0,0,S/D,1.0,0.0,0,S/D,S/D,S/D,0
260402,PUENTE HERRERA,MADRE DE DIOS,TAMBOPATA,eta5,pp,20260827,20260925,"00Z,12Z",D1,6h,0.472,1.833,S/D,197,S/D,1.0,0.0,0,S/D,1.0,0.0,0,S/D,1.0,0.0,0,S/D,S/D,S/D,0
260402,PUENTE HERRERA,MADRE DE DIOS,TAMBOPATA,wrf5,pp,20260827,20260925,"00Z,12Z",D1,6h,0.186,2.278,S/D,231,S/D,1.0,0.0,0,S/D,1.0,0.0,0,S/D,1.0,0.0,0,S/D,1.0,0.0,0
260402,PUENTE HERRERA,MADRE DE DIOS,TAMBOPATA,mpas15,pp,20260827,20260925,00Z,D1,6h,1.128,2.809,S/D,117,S/D,1.0,0.0,0,S/D,1.0,0.0,0,S/D,1.0,0.0,0,S/D,S/D,S/D,0
112279,PUERTO MALDONADO,MADRE DE DIOS,TAMBOPATA,ecmwf,pp,20260827,20260925,"00Z,12Z",D1,6h,0.405,2.092,0.331,236,0.778,0.837,0.156,18,0.667,0.867,0.125,6,0.25,0.889,0.083,4,S/D,S/D,S/D,0
112279,PUERTO MALDONADO,MADRE DE DIOS,TAMBOPATA,gfs,pp,20260827,20260925,"00Z,12Z",D1,6h,0.063,1.356,0.339,236,0.556,0.744,0.213,18,0.333,0.909,0.077,6,0.0,1.0,0.0,4,S/D,S/D,S/D,0
112279,PUERTO MALDONADO,MADRE DE DIOS,TAMBOPATA,eta5,pp,20260827,20260925,"00Z,12Z",D1,6h,0.248,2.169,0.159,199,0.278,0.821,0.122,18,0.333,0.882,0.095,6,0.0,1.0,0.0,4,S/D,S/D,S/D,0
112279,PUERTO MALDONADO,MADRE DE DIOS,TAMBOPATA,wrf5,pp,20260827,20260925,"00Z,12Z",D1,6h,0.052,3.368,0.111,232,0.111,0.818,0.074,18,0.0,1.0,0.0,6,0.0,1.0,0.0,4,S/D,1.0,0.0,0
112279,PUERTO MALDONADO,MADRE DE DIOS,TAMBOPATA,mpas15,pp,20260827,20260925,00Z,D1,6h,0.934,2.864,0.299,118,0.667,0.833,0.154,9,0.667,0.935,0.062,3,0.5,0.9,0.091,2,S/D,S/D,S/D,0
260002,TAMBOPATA,MADRE DE DIOS,TAMBOPATA,ecmwf,pp,20260827,20260925,"00Z,12Z",D1,6h,S/D,S/D,S/D,0,S/D,S/D,S/D,0,S/D,S/D,S/D,0,S/D,S/D,S/D,0,S/D,S/D,S/D,0
260002,TAMBOPATA,MADRE DE DIOS,TAMBOPATA,gfs,pp,20260827,20260925,"00Z,12Z",D1,6h,S/D,S/D,S/D,0,S/D,S/D,S/D,0,S/D,S/D,S/D,0,S/D,S/D,S/D,0,S/D,S/D,S/D,0
260002,TAMBOPATA,MADRE DE DIOS,TAMBOPATA,eta5,pp,20260827,20260925,"00Z,12Z",D1,6h,S/D,S/D,S/D,0,S/D,S/D,S/D,0,S/D,S/D,S/D,0,S/D,S/D,S/D,0,S/D,S/D,S/D,0
260002,TAMBOPATA,MADRE DE DIOS,TAMBOPATA,wrf5,pp,20260827,20260925,"00Z,12Z",D1,6h,S/D,S/D,S/D,0,S/D,S/D,S/D,0,S/D,S/D,S/D,0,S/D,S/D,S/D,0,S/D,S/D,S/D,0
260002,TAMBOPATA,MADRE DE DIOS,TAMBOPATA,mpas15,pp,20260827,20260925,00Z,D1,6h,S/D,S/D,S/D,0,S/D,S/D,S/D,0,S/D,S/D,S/D,0,S/D,S/D,S/D,0,S/D,S/D,S/D,0
4723F1BE,MOQUEGUA,MOQUEGUA,MARISCAL NIETO,ecmwf,pp,20260827,20260925,"00Z,12Z",D1,6h,0.006,0.028,S/D,232,S/D,1.0,0.0,0,S/D,S/D,S/D,0,S/D,S/D,S/D,0,S/D,S/D,S/D,0
4723F1BE,MOQUEGUA,MOQUEGUA,MARISCAL NIETO,gfs,pp,20260827,20260925,"00Z,12Z",D1,6h,0.001,0.006,S/D,232,S/D,S/D,S/D,0,S/D,S/D,S/D,0,S/D,S/D,S/D,0,S/D,S/D,S/D,0
4723F1BE,MOQUEGUA,MOQUEGUA,MARISCAL NIETO,eta5,pp,20260827,20260925,"00Z,12Z",D1,6h,0.0,0.0,S/D,195,S/D,S/D,S/D,0,S/D,S/D,S/D,0,S/D,S/D,S/D,0,S/D,S/D,S/D,0
4723F1BE,MOQUEGUA,MOQUEGUA,MARISCAL NIETO,wrf5,pp,20260827,20260925,"00Z,12Z",D1,6h,0.0,0.002,S/D,228,S/D,S/D,S/D,0,S/D,S/D,S/D,0,S/D,S/D,S/D,0,S/D,S/D,S/D,0
4723F1BE,MOQUEGUA,MOQUEGUA,MARISCAL NIETO,mpas15,pp,20260827,20260925,00Z,D1,6h,0.0,0.0,S/D,116,S/D,S/D,S/D,0,S/D,S/D,S/D,0,S/D,S/D,S/D,0,S/D,S/D,S/D,0
110137,12 DE OCTUBRE,PASCO,DANIEL ALCIDES CARRION,ecmwf,pp,20260827,20260925,"00Z,12Z",D1,6h,0.351,1.407,0.286,232,0.7,0.736,0.237,40,0.5,0.884,0.104,10,0.0,1.0,0.0,2,S/D,S/D,S/D,0
110137,12 DE OCTUBRE,PASCO,DANIEL ALCIDES CARRION,gfs,pp,20260827,20260925,"00Z,12Z",D1,6h,0.395,1.317,0.46,232,0.975,0.719,0.279,40,0.8,0.814,0.178,10,0.0,1.0,0.0,2,S/D,S/D,S/D,0
110137,12 DE OCTUBRE,PASCO,DANIEL ALCIDES CARRION,eta5,pp,20260827,20260925,"00Z,12Z",D1,6h,0.21,1.2,0.381,195,0.794,0.671,0.303,34,0.556,0.833,0.147,9,0.0,S/D,0.0,2,S/D,S/D,S/D,0
110137,12 DE OCTUBRE,PASCO,DANIEL ALCIDES CARRION,wrf5,pp,20260827,20260925,"00Z,12Z",D1,6h,0.162,1.453,0.478,229,0.625,0.49,0.391,40,0.5,0.8,0.167,10,0.0,1.0,0.0,2,S/D,S/D,S/D,0
110137,12 DE OCTUBRE,PASCO,DANIEL ALCIDES CARRION,mpas15,pp,20260827,20260925,00Z,D1,6h,0.888,2.347,0.257,116,0.7,0.72,0.25,20,0.6,0.923,0.073,5,0.0,1.0,0.0,1,S/D,S/D,S/D,0
4725D79C,OXAPAMPA,PASCO,OXAPAMPA,ecmwf,pp,20260827,20260925,"00Z,12Z",D1,6h,0.755,2.369,0.172,234,0.833,0.729,0.257,54,0.6,0.843,0.142,30,0.0,1.0,0.0,8,S/D,S/D,S/D,0
4725D79C,OXAPAMPA,PASCO,OXAPAMPA,gfs,pp,20260827,20260925,"00Z,12Z",D1,6h,1.343,2.69,0.242,234,0.963,0.728,0.269,54,0.8,0.812,0.179,30,0.25,0.875,0.091,8,S/D,S/D,S/D,0
4725D79C,OXAPAMPA,PASCO,OXAPAMPA,eta5,pp,20260827,20260925,"00Z,12Z",D1,6h,-0.366,1.847,0.088,197,0.348,0.68,0.2,46,0.038,0.909,0.028,26,0.0,S/D,0.0,8,S/D,S/D,S/D,0
4725D79C,OXAPAMPA,PASCO,OXAPAMPA,wrf5,pp,20260827,20260925,"00Z,12Z",D1,6h,-0.112,1.773,0.254,231,0.5,0.639,0.265,52,0.207,0.829,0.103,29,0.0,1.0,0.0,8,S/D,S/D,S/D,0
4725D79C,OXAPAMPA,PASCO,OXAPAMPA,mpas15,pp,20260827,20260925,00Z,D1,6h,0.68,2.435,0.165,117,0.593,0.709,0.242,27,0.467,0.857,0.123,15,0.0,1.0,0.0,4,S/D,S/D,S/D,0
109093,PUERTO BERMUDEZ,PASCO,OXAPAMPA,ecmwf,pp,20260827,20260925,"00Z,12Z",D1,6h,-0.627,9.288,0.299,232,0.862,0.688,0.298,58,0.553,0.687,0.25,38,0.292,0.731,0.163,24,0.0,S/D,0.0,4
109093,PUERTO BERMUDEZ,PASCO,OXAPAMPA,gfs,pp,20260827,20260925,"00Z,12Z",D1,6h,-1.052,9.231,0.215,232,0.672,0.717,0.248,58,0.526,0.714,0.227,38,0.333,0.556,0.235,24,0.0,S/D,0.0,4
109093,PUERTO BERMUDEZ,PASCO,OXAPAMPA,eta5,pp,20260827,20260925,"00Z,12Z",D1,6h,-0.538,9.212,0.17,195,0.592,0.701,0.248,49,0.545,0.769,0.194,33,0.35,0.731,0.179,20,0.0,S/D,0.0,3
109093,PUERTO BERMUDEZ,PASCO,OXAPAMPA,wrf5,pp,20260827,20260925,"00Z,12Z",D1,6h,-2.038,9.266,0.36,229,0.345,0.333,0.294,58,0.211,0.5,0.174,38,0.167,0.0,0.167,24,0.0,1.0,0.0,4
109093,PUERTO BERMUDEZ,PASCO,OXAPAMPA,mpas15,pp,20260827,20260925,00Z,D1,6h,-0.415,9.385,0.299,116,0.724,0.65,0.309,29,0.632,0.739,0.226,19,0.333,0.733,0.174,12,0.0,1.0,0.0,2
104114,ALTO DE POCLUS,PIURA,AYABACA,ecmwf,pp,20260827,20260925,"00Z,12Z",D1,6h,S/D,S/D,S/D,0,S/D,S/D,S/D,0,S/D,S/D,S/D,0,S/D,S/D,S/D,0,S/D,S/D,S/D,0
104114,ALTO DE POCLUS,PIURA,AYABACA,gfs,pp,20260827,20260925,"00Z,12Z",D1,6h,S/D,S/D,S/D,0,S/D,S/D,S/D,0,S/D,S/D,S/D,0,S/D,S/D,S/D,0,S/D,S/D,S/D,0
104114,ALTO DE POCLUS,PIURA,AYABACA,eta5,pp,20260827,20260925,"00Z,12Z",D1,6h,S/D,S/D,S/D,0,S/D,S/D,S/D,0,S/D,S/D,S/D,0,S/D,S/D,S/D,0,S/D,S/D,S/D,0
104114,ALTO DE POCLUS,PIURA,AYABACA,wrf5,pp,20260827,20260925,"00Z,12Z",D1,6h,S/D,S/D,S/D,0,S/D,S/D,S/D,0,S/D,S/D,S/D,0,S/D,S/D,S/D,0,S/D,S/D,S/D,0
104114,ALTO DE POCLUS,PIURA,AYABACA,mpas15,pp,20260827,20260925,00Z,D1,6h,S/D,S/D,S/D,0,S/D,S/D,S/D,0,S/D,S/D,S/D,0,S/D,S/D,S/D,0,S/D,S/D,S/D,0
47E9177A,EL CIRUELO,PIURA,AYABACA,ecmwf,pp,20260827,20260925,"00Z,12Z",D1,6h,0.708,2.306,0.249,228,0.722,0.847,0.144,18,0.667,0.886,0.108,6,0.0,1.0,0.0,2,S/D,S/D,S/D,0
47E9177A,EL CIRUELO,PIURA,AYABACA,gfs,pp,20260827,20260925,"00Z,12Z",D1,6h,0.274,1.053,0.252,228,0.667,0.831,0.156,18,0.667,0.789,0.19,6,0.5,0.8,0.167,2,S/D,S/D,S/D,0
47E9177A,EL CIRUELO,PIURA,AYABACA,eta5,pp,20260827,20260925,"00Z,12Z",D1,6h,1.573,3.985,0.263,192,0.846,0.847,0.149,13,0.75,0.939,0.06,4,0.0,1.0,0.0,2,S/D,S/D,S/D,0
47E9177A,EL CIRUELO,PIURA,AYABACA,wrf5,pp,20260827,20260925,"00Z,12Z",D1,6h,0.432,3.195,0.211,225,0.389,0.794,0.156,18,0.667,0.733,0.235,6,1.0,0.667,0.333,2,S/D,1.0,0.0,0
47E9177A,EL CIRUELO,PIURA,AYABACA,mpas15,pp,20260827,20260925,00Z,D1,6h,0.368,1.347,0.117,114,0.444,0.833,0.138,9,0.333,0.941,0.053,3,0.0,1.0,0.0,1,S/D,S/D,S/D,0
47E281B0,HUALCUY,PIURA,AYABACA,ecmwf,pp,20260827,20260925,"00Z,12Z",D1,6h,0.227,1.991,0.216,234,0.75,0.85,0.143,24,0.5,0.886,0.103,8,0.25,0.5,0.2,8,S/D,S/D,S/D,0
47E281B0,HUALCUY,PIURA,AYABACA,gfs,pp,20260827,20260925,"00Z,12Z",D1,6h,-0.102,1.74,0.126,234,0.583,0.844,0.14,24,0.5,0.667,0.25,8,0.125,0.0,0.125,8,S/D,S/D,S/D,0
47E281B0,HUALCUY,PIURA,AYABACA,eta5,pp,20260827,20260925,"00Z,12Z",D1,6h,-0.178,1.869,0.044,197,0.158,0.857,0.081,19,0.167,0.857,0.083,6,0.167,0.0,0.167,6,S/D,S/D,S/D,0
47E281B0,HUALCUY,PIURA,AYABACA,wrf5,pp,20260827,20260925,"00Z,12Z",D1,6h,-0.229,1.752,0.278,230,0.208,0.667,0.147,24,0.375,0.571,0.25,8,0.25,0.0,0.25,8,S/D,S/D,S/D,0
47E281B0,HUALCUY,PIURA,AYABACA,mpas15,pp,20260827,20260925,00Z,D1,6h,0.222,1.892,0.199,117,0.5,0.76,0.194,12,0.5,0.895,0.095,4,0.5,0.333,0.4,4,S/D,S/D,S/D,0
472FC5B8,PAIMAS,PIURA,AYABACA,ecmwf,pp,20260827,20260925,"00Z,12Z",D1,6h,0.585,1.394,0.184,236,0.8,0.938,0.061,10,1.0,0.958,0.042,2,1.0,0.714,0.286,2,S/D,S/D,S/D,0
472FC5B8,PAIMAS,PIURA,AYABACA,gfs,pp,20260827,20260925,"00Z,12Z",D1,6h,0.134,1.093,0.142,236,0.6,0.913,0.082,10,1.0,0.882,0.118,2,0.0,1.0,0.0,2,S/D,S/D,S/D,0
472FC5B8,PAIMAS,PIURA,AYABACA,eta5,pp,20260827,20260925,"00Z,12Z",D1,6h,0.579,1.686,0.058,199,0.429,0.95,0.047,7,1.0,0.96,0.04,1,1.0,0.857,0.143,1,S/D,S/D,S/D,0
472FC5B8,PAIMAS,PIURA,AYABACA,wrf5,pp,20260827,20260925,"00Z,12Z",D1,6h,-0.077,1.254,0.126,232,0.2,0.846,0.095,10,0.5,0.667,0.25,2,0.0,1.0,0.0,2,S/D,S/D,S/D,0
472FC5B8,PAIMAS,PIURA,AYABACA,mpas15,pp,20260827,20260925,00Z,D1,6h,0.169,1.196,0.189,118,0.6,0.88,0.111,5,1.0,0.938,0.062,1,0.0,S/D,0.0,1,S/D,S/D,S/D,0
47E0C74E,PUENTE MACARA,PIURA,AYABACA,ecmwf,pp,20260827,20260925,"00Z,12Z",D1,6h,0.431,1.552,0.214,230,1.0,0.95,0.05,4,S/D,1.0,0.0,0,S/D,1.0,0.0,0,S/D,S/D,S/D,0
47E0C74E,PUENTE MACARA,PIURA,AYABACA,gfs,pp,20260827,20260925,"00Z,12Z",D1,6h,0.154,0.783,0.318,230,1.0,0.886,0.114,4,S/D,1.0,0.0,0,S/D,1.0,0.0,0,S/D,S/D,S/D,0
47E0C74E,PUENTE MACARA,PIURA,AYABACA,eta5,pp,20260827,20260925,"00Z,12Z",D1,6h,1.827,4.391,0.221,194,1.0,0.961,0.039,3,S/D,1.0,0.0,0,S/D,1.0,0.0,0,S/D,S/D,S/D,0
47E0C74E,PUENTE MACARA,PIURA,AYABACA,wrf5,pp,20260827,20260925,"00Z,12Z",D1,6h,0.078,0.512,0.187,226,0.5,0.857,0.125,4,S/D,1.0,0.0,0,S/D,1.0,0.0,0,S/D,S/D,S/D,0
47E0C74E,PUENTE MACARA,PIURA,AYABACA,mpas15,pp,20260827,20260925,00Z,D1,6h,0.707,2.132,0.183,115,1.0,0.943,0.057,2,S/D,1.0,0.0,0,S/D,1.0,0.0,0,S/D,S/D,S/D,0
472FF022,SAPILLICA,PIURA,AYABACA,ecmwf,pp,20260827,20260925,"00Z,12Z",D1,6h,0.294,2.823,0.264,234,0.611,0.742,0.221,54,1.0,0.875,0.125,6,1.0,0.429,0.571,4,0.0,S/D,0.0,2
472FF022,SAPILLICA,PIURA,AYABACA,gfs,pp,20260827,20260925,"00Z,12Z",D1,6h,-0.16,3.239,0.241,234,0.444,0.652,0.242,54,0.667,0.765,0.211,6,0.0,1.0,0.0,4,0.0,S/D,0.0,2
472FF022,SAPILLICA,PIURA,AYABACA,eta5,pp,20260827,20260925,"00Z,12Z",D1,6h,0.078,2.706,0.137,197,0.273,0.692,0.169,44,0.25,0.938,0.053,4,0.5,0.75,0.2,2,0.0,S/D,0.0,1
472FF022,SAPILLICA,PIURA,AYABACA,wrf5,pp,20260827,20260925,"00Z,12Z",D1,6h,-0.367,3.399,0.333,230,0.241,0.188,0.228,54,0.0,1.0,0.0,6,0.0,S/D,0.0,4,0.0,S/D,0.0,2
472FF022,SAPILLICA,PIURA,AYABACA,mpas15,pp,20260827,20260925,00Z,D1,6h,-0.078,3.202,0.176,117,0.37,0.643,0.222,27,1.0,0.824,0.176,3,0.0,1.0,0.0,2,0.0,S/D,0.0,1
472F86B2,CANCHAQUE,PIURA,HUANCABAMBA,ecmwf,pp,20260827,20260925,"00Z,12Z",D1,6h,0.16,0.706,0.267,236,0.542,0.72,0.226,48,0.6,0.714,0.24,10,1.0,0.0,1.0,2,S/D,S/D,S/D,0
472F86B2,CANCHAQUE,PIURA,HUANCABAMBA,gfs,pp,20260827,20260925,"00Z,12Z",D1,6h,0.072,0.915,0.31,236,0.625,0.634,0.3,48,0.6,0.571,0.333,10,0.0,1.0,0.0,2,S/D,S/D,S/D,0
472F86B2,CANCHAQUE,PIURA,HUANCABAMBA,eta5,pp,20260827,20260925,"00Z,12Z",D1,6h,0.07,1.069,0.318,199,0.432,0.568,0.276,37,0.375,0.812,0.143,8,0.0,1.0,0.0,1,S/D,S/D,S/D,0
472F86B2,CANCHAQUE,PIURA,HUANCABAMBA,wrf5,pp,20260827,20260925,"00Z,12Z",D1,6h,-0.189,1.055,0.377,232,0.149,0.222,0.143,47,0.1,0.0,0.1,10,0.0,S/D,0.0,2,S/D,S/D,S/D,0
472F86B2,CANCHAQUE,PIURA,HUANCABAMBA,mpas15,pp,20260827,20260925,00Z,D1,6h,0.155,0.795,0.092,118,0.25,0.7,0.158,24,0.6,0.769,0.2,5,1.0,0.5,0.5,1,S/D,S/D,S/D,0
472FE354,HUANCABAMBA,PIURA,HUANCABAMBA,ecmwf,pp,20260827,20260925,"00Z,12Z",D1,6h,0.518,1.501,0.213,236,0.75,0.835,0.157,24,0.0,1.0,0.0,2,S/D,1.0,0.0,0,S/D,S/D,S/D,0
472FE354,HUANCABAMBA,PIURA,HUANCABAMBA,gfs,pp,20260827,20260925,"00Z,12Z",D1,6h,0.269,0.862,0.081,236,0.5,0.875,0.111,24,0.5,0.944,0.053,2,S/D,1.0,0.0,0,S/D,S/D,S/D,0
472FE354,HUANCABAMBA,PIURA,HUANCABAMBA,eta5,pp,20260827,20260925,"00Z,12Z",D1,6h,0.034,0.299,0.038,199,0.118,0.935,0.043,17,0.0,1.0,0.0,2,S/D,S/D,S/D,0,S/D,S/D,S/D,0
472FE354,HUANCABAMBA,PIURA,HUANCABAMBA,wrf5,pp,20260827,20260925,"00Z,12Z",D1,6h,-0.018,0.204,-0.011,232,0.083,0.833,0.059,24,0.0,1.0,0.0,2,S/D,S/D,S/D,0,S/D,S/D,S/D,0
472FE354,HUANCABAMBA,PIURA,HUANCABAMBA,mpas15,pp,20260827,20260925,00Z,D1,6h,0.668,2.484,0.03,118,0.25,0.9,0.077,12,1.0,0.955,0.045,1,S/D,1.0,0.0,0,S/D,S/D,S/D,0
472761E6,HUARMACA,PIURA,HUANCABAMBA,ecmwf,pp,20260827,20260925,"00Z,12Z",D1,6h,0.291,0.861,0.315,234,0.6,0.806,0.171,30,0.667,0.81,0.174,6,S/D,1.0,0.0,0,S/D,S/D,S/D,0
472761E6,HUARMACA,PIURA,HUANCABAMBA,gfs,pp,20260827,20260925,"00Z,12Z",D1,6h,0.202,0.696,0.338,234,0.733,0.732,0.244,30,0.333,0.857,0.111,6,S/D,1.0,0.0,0,S/D,S/D,S/D,0
472761E6,HUARMACA,PIURA,HUANCABAMBA,eta5,pp,20260827,20260925,"00Z,12Z",D1,6h,0.099,0.545,0.312,197,0.591,0.705,0.245,22,0.0,1.0,0.0,4,S/D,1.0,0.0,0,S/D,S/D,S/D,0
472761E6,HUARMACA,PIURA,HUANCABAMBA,wrf5,pp,20260827,20260925,"00Z,12Z",D1,6h,-0.057,0.299,0.597,230,0.267,0.0,0.267,30,0.0,1.0,0.0,6,S/D,S/D,S/D,0,S/D,S/D,S/D,0
472761E6,HUARMACA,PIURA,HUANCABAMBA,mpas15,pp,20260827,20260925,00Z,D1,6h,0.277,0.956,0.262,117,0.4,0.7,0.207,15,0.667,0.867,0.125,3,S/D,1.0,0.0,0,S/D,S/D,S/D,0
472FB328,CHALACO,PIURA,MORROPON,ecmwf,pp,20260827,20260925,"00Z,12Z",D1,6h,0.124,1.807,0.233,234,0.442,0.667,0.235,52,0.75,0.714,0.261,8,0.25,0.8,0.125,4,S/D,S/D,S/D,0
472FB328,CHALACO,PIURA,MORROPON,gfs,pp,20260827,20260925,"00Z,12Z",D1,6h,0.13,1.76,0.202,234,0.462,0.711,0.216,52,0.75,0.786,0.2,8,0.5,0.0,0.5,4,S/D,S/D,S/D,0
472FB328,CHALACO,PIURA,MORROPON,eta5,pp,20260827,20260925,"00Z,12Z",D1,6h,0.028,1.979,0.159,197,0.244,0.722,0.149,41,0.6,0.8,0.176,5,0.0,1.0,0.0,3,S/D,S/D,S/D,0
472FB328,CHALACO,PIURA,MORROPON,wrf5,pp,20260827,20260925,"00Z,12Z",D1,6h,-0.08,1.77,0.222,230,0.288,0.571,0.208,52,0.375,0.625,0.231,8,0.25,0.0,0.25,4,S/D,S/D,S/D,0
472FB328,CHALACO,PIURA,MORROPON,mpas15,pp,20260827,20260925,00Z,D1,6h,0.274,1.911,0.092,117,0.308,0.75,0.16,26,0.75,0.87,0.125,4,0.5,0.0,0.5,2,S/D,S/D,S/D,0
472F6540,CHULUCANAS,PIURA,MORROPON,ecmwf,pp,20260827,20260925,"00Z,12Z",D1,6h,0.125,0.495,0.17,232,1.0,0.935,0.065,2,1.0,0.778,0.222,2,S/D,1.0,0.0,0,S/D,S/D,S/D,0
472F6540,CHULUCANAS,PIURA,MORROPON,gfs,pp,20260827,20260925,"00Z,12Z",D1,6h,0.02,0.271,0.328,232,1.0,0.875,0.125,2,0.5,0.75,0.2,2,S/D,S/D,S/D,0,S/D,S/D,S/D,0
472F6540,CHULUCANAS,PIURA,MORROPON,eta5,pp,20260827,20260925,"00Z,12Z",D1,6h,0.155,0.63,0.179,195,1.0,0.955,0.045,1,1.0,0.9,0.1,1,S/D,1.0,0.0,0,S/D,S/D,S/D,0
472F6540,CHULUCANAS,PIURA,MORROPON,wrf5,pp,20260827,20260925,"00Z,12Z",D1,6h,0.005,0.327,0.247,228,0.5,0.889,0.1,2,0.0,1.0,0.0,2,S/D,S/D,S/D,0,S/D,S/D,S/D,0
472F6540,CHULUCANAS,PIURA,MORROPON,mpas15,pp,20260827,20260925,00Z,D1,6h,0.06,0.301,0.19,116,1.0,0.889,0.111,1,1.0,0.8,0.2,1,S/D,S/D,S/D,0,S/D,S/D,S/D,0
47E037CA,CORRAL DEL MEDIO,PIURA,MORROPON,ecmwf,pp,20260827,20260925,"00Z,12Z",D1,6h,0.0,0.0,S/D,2,S/D,S/D,S/D,0,S/D,S/D,S/D,0,S/D,S/D,S/D,0,S/D,S/D,S/D,0
47E037CA,CORRAL DEL MEDIO,PIURA,MORROPON,gfs,pp,20260827,20260925,"00Z,12Z",D1,6h,0.0,0.0,S/D,2,S/D,S/D,S/D,0,S/D,S/D,S/D,0,S/D,S/D,S/D,0,S/D,S/D,S/D,0
47E037CA,CORRAL DEL MEDIO,PIURA,MORROPON,eta5,pp,20260827,20260925,"00Z,12Z",D1,6h,0.0,0.0,S/D,2,S/D,S/D,S/D,0,S/D,S/D,S/D,0,S/D,S/D,S/D,0,S/D,S/D,S/D,0
47E037CA,CORRAL DEL MEDIO,PIURA,MORROPON,wrf5,pp,20260827,20260925,"00Z,12Z",D1,6h,0.0,0.0,S/D,2,S/D,S/D,S/D,0,S/D,S/D,S/D,0,S/D,S/D,S/D,0,S/D,S/D,S/D,0
47E037CA,CORRAL DEL MEDIO,PIURA,MORROPON,mpas15,pp,20260827,20260925,00Z,D1,6h,0.0,0.0,S/D,1,S/D,S/D,S/D,0,S/D,S/D,S/D,0,S/D,S/D,S/D,0,S/D,S/D,S/D,0
472F50DA,EL VIRREY,PIURA,MORROPON,ecmwf,pp,20260827,20260925,"00Z,12Z",D1,6h,0.141,0.876,-0.064,230,0.0,1.0,0.0,2,S/D,1.0,0.0,0,S/D,1.0,0.0,0,S/D,S/D,S/D,0
472F50DA,EL VIRREY,PIURA,MORROPON,gfs,pp,20260827,20260925,"00Z,12Z",D1,6h,0.003,0.025,-0.017,230,0.0,1.0,0.0,2,S/D,S/D,S/D,0,S/D,S/D,S/D,0,S/D,S/D,S/D,0
472F50DA,EL VIRREY,PIURA,MORROPON,eta5,pp,20260827,20260925,"00Z,12Z",D1,6h,0.02,0.111,-0.046,194,0.0,1.0,0.0,2,S/D,1.0,0.0,0,S/D,S/D,S/D,0,S/D,S/D,S/D,0
472F50DA,EL VIRREY,PIURA,MORROPON,wrf5,pp,20260827,20260925,"00Z,12Z",D1,6h,0.001,0.012,-0.024,226,0.0,S/D,0.0,2,S/D,S/D,S/D,0,S/D,S/D,S/D,0,S/D,S/D,S/D,0
472F50DA,EL VIRREY,PIURA,MORROPON,mpas15,pp,20260827,20260925,00Z,D1,6h,-0.001,0.009,0.18,115,0.0,S/D,0.0,1,S/D,S/D,S/D,0,S/D,S/D,S/D,0,S/D,S/D,S/D,0
47E074C0,HACIENDA BARRIOS,PIURA,MORROPON,ecmwf,pp,20260827,20260925,"00Z,12Z",D1,6h,0.311,1.272,0.174,230,1.0,0.95,0.05,4,S/D,1.0,0.0,0,S/D,1.0,0.0,0,S/D,S/D,S/D,0
47E074C0,HACIENDA BARRIOS,PIURA,MORROPON,gfs,pp,20260827,20260925,"00Z,12Z",D1,6h,0.067,0.298,0.22,230,0.75,0.897,0.1,4,S/D,1.0,0.0,0,S/D,S/D,S/D,0,S/D,S/D,S/D,0
47E074C0,HACIENDA BARRIOS,PIURA,MORROPON,eta5,pp,20260827,20260925,"00Z,12Z",D1,6h,0.492,1.729,0.205,194,1.0,0.953,0.047,2,S/D,1.0,0.0,0,S/D,1.0,0.0,0,S/D,S/D,S/D,0
47E074C0,HACIENDA BARRIOS,PIURA,MORROPON,wrf5,pp,20260827,20260925,"00Z,12Z",D1,6h,0.03,0.135,0.122,226,0.5,0.889,0.1,4,S/D,1.0,0.0,0,S/D,S/D,S/D,0,S/D,S/D,S/D,0
47E074C0,HACIENDA BARRIOS,PIURA,MORROPON,mpas15,pp,20260827,20260925,00Z,D1,6h,0.35,1.345,0.074,115,0.5,0.952,0.045,2,S/D,1.0,0.0,0,S/D,1.0,0.0,0,S/D,S/D,S/D,0
472F95C4,HACIENDA BIGOTE ,PIURA,MORROPON,ecmwf,pp,20260827,20260925,"00Z,12Z",D1,6h,0.303,1.244,0.202,236,1.0,0.95,0.05,4,S/D,1.0,0.0,0,S/D,1.0,0.0,0,S/D,S/D,S/D,0
472F95C4,HACIENDA BIGOTE ,PIURA,MORROPON,gfs,pp,20260827,20260925,"00Z,12Z",D1,6h,0.065,0.285,0.206,236,0.75,0.897,0.1,4,S/D,1.0,0.0,0,S/D,S/D,S/D,0,S/D,S/D,S/D,0
472F95C4,HACIENDA BIGOTE ,PIURA,MORROPON,eta5,pp,20260827,20260925,"00Z,12Z",D1,6h,0.41,1.531,0.051,199,0.333,0.97,0.029,3,S/D,1.0,0.0,0,S/D,1.0,0.0,0,S/D,S/D,S/D,0
472F95C4,HACIENDA BIGOTE ,PIURA,MORROPON,wrf5,pp,20260827,20260925,"00Z,12Z",D1,6h,0.016,0.123,0.125,232,0.25,0.923,0.062,4,S/D,1.0,0.0,0,S/D,S/D,S/D,0,S/D,S/D,S/D,0
472F95C4,HACIENDA BIGOTE ,PIURA,MORROPON,mpas15,pp,20260827,20260925,00Z,D1,6h,0.349,1.317,0.075,118,0.5,0.955,0.043,2,S/D,1.0,0.0,0,S/D,1.0,0.0,0,S/D,S/D,S/D,0
472FA05E,MALACASI,PIURA,MORROPON,ecmwf,pp,20260827,20260925,"00Z,12Z",D1,6h,0.303,1.225,0.159,236,1.0,0.975,0.025,2,1.0,0.867,0.133,2,S/D,1.0,0.0,0,S/D,S/D,S/D,0
472FA05E,MALACASI,PIURA,MORROPON,gfs,pp,20260827,20260925,"00Z,12Z",D1,6h,0.065,0.261,0.223,236,1.0,0.931,0.069,2,1.0,0.5,0.5,2,S/D,S/D,S/D,0,S/D,S/D,S/D,0
472FA05E,MALACASI,PIURA,MORROPON,eta5,pp,20260827,20260925,"00Z,12Z",D1,6h,0.217,0.869,0.173,199,1.0,0.958,0.042,1,1.0,0.929,0.071,1,S/D,1.0,0.0,0,S/D,S/D,S/D,0
472FA05E,MALACASI,PIURA,MORROPON,wrf5,pp,20260827,20260925,"00Z,12Z",D1,6h,0.009,0.102,0.292,232,1.0,0.8,0.2,2,0.5,0.0,0.5,2,S/D,S/D,S/D,0,S/D,S/D,S/D,0
472FA05E,MALACASI,PIURA,MORROPON,mpas15,pp,20260827,20260925,00Z,D1,6h,0.158,0.447,0.181,118,1.0,0.944,0.056,1,1.0,0.917,0.083,1,S/D,S/D,S/D,0,S/D,S/D,S/D,0
472F7636,MORROPON,PIURA,MORROPON,ecmwf,pp,20260827,20260925,"00Z,12Z",D1,6h,0.117,0.823,0.122,238,0.333,0.929,0.062,6,1.0,0.667,0.333,2,S/D,1.0,0.0,0,S/D,S/D,S/D,0
472F7636,MORROPON,PIURA,MORROPON,gfs,pp,20260827,20260925,"00Z,12Z",D1,6h,-0.005,0.17,0.349,238,0.667,0.667,0.286,6,1.0,0.0,1.0,2,S/D,S/D,S/D,0,S/D,S/D,S/D,0
472F7636,MORROPON,PIURA,MORROPON,eta5,pp,20260827,20260925,"00Z,12Z",D1,6h,0.328,1.199,0.091,201,0.5,0.949,0.049,4,1.0,0.938,0.062,1,S/D,1.0,0.0,0,S/D,S/D,S/D,0
472F7636,MORROPON,PIURA,MORROPON,wrf5,pp,20260827,20260925,"00Z,12Z",D1,6h,0.014,0.253,0.109,234,0.333,0.846,0.118,6,0.5,0.75,0.2,2,S/D,S/D,S/D,0,S/D,S/D,S/D,0
472F7636,MORROPON,PIURA,MORROPON,mpas15,pp,20260827,20260925,00Z,D1,6h,0.129,0.41,0.024,119,0.333,0.941,0.053,3,1.0,0.9,0.1,1,S/D,S/D,S/D,0,S/D,S/D,S/D,0
47E067B6,SALITRAL,PIURA,MORROPON,ecmwf,pp,20260827,20260925,"00Z,12Z",D1,6h,0.288,1.252,0.17,230,1.0,0.949,0.051,4,0.5,0.867,0.118,4,S/D,1.0,0.0,0,S/D,S/D,S/D,0
47E067B6,SALITRAL,PIURA,MORROPON,gfs,pp,20260827,20260925,"00Z,12Z",D1,6h,0.042,0.318,0.301,230,1.0,0.857,0.143,4,0.5,0.5,0.333,4,S/D,S/D,S/D,0,S/D,S/D,S/D,0
47E067B6,SALITRAL,PIURA,MORROPON,eta5,pp,20260827,20260925,"00Z,12Z",D1,6h,0.203,0.871,0.239,194,1.0,0.913,0.087,2,1.0,0.846,0.154,2,S/D,1.0,0.0,0,S/D,S/D,S/D,0
47E067B6,SALITRAL,PIURA,MORROPON,wrf5,pp,20260827,20260925,"00Z,12Z",D1,6h,-0.022,0.224,0.43,226,0.5,0.333,0.4,4,0.25,0.0,0.25,4,S/D,S/D,S/D,0,S/D,S/D,S/D,0
47E067B6,SALITRAL,PIURA,MORROPON,mpas15,pp,20260827,20260925,00Z,D1,6h,0.141,0.458,0.236,115,1.0,0.889,0.111,2,1.0,0.833,0.167,2,S/D,S/D,S/D,0,S/D,S/D,S/D,0
47E08444,SAN PEDRO,PIURA,MORROPON,ecmwf,pp,20260827,20260925,"00Z,12Z",D1,6h,1.017,2.118,0.197,232,1.0,0.972,0.028,4,1.0,0.968,0.032,2,S/D,1.0,0.0,0,S/D,S/D,S/D,0
47E08444,SAN PEDRO,PIURA,MORROPON,gfs,pp,20260827,20260925,"00Z,12Z",D1,6h,0.168,0.509,0.171,232,0.5,0.966,0.033,4,1.0,0.714,0.286,2,S/D,1.0,0.0,0,S/D,S/D,S/D,0
47E08444,SAN PEDRO,PIURA,MORROPON,eta5,pp,20260827,20260925,"00Z,12Z",D1,6h,0.361,1.268,0.132,195,0.667,0.952,0.047,3,1.0,0.941,0.059,1,S/D,1.0,0.0,0,S/D,S/D,S/D,0
47E08444,SAN PEDRO,PIURA,MORROPON,wrf5,pp,20260827,20260925,"00Z,12Z",D1,6h,0.044,0.466,0.12,228,0.5,0.9,0.091,4,0.5,0.833,0.143,2,S/D,S/D,S/D,0,S/D,S/D,S/D,0
47E08444,SAN PEDRO,PIURA,MORROPON,mpas15,pp,20260827,20260925,00Z,D1,6h,0.201,0.573,0.21,116,1.0,0.9,0.1,2,1.0,0.923,0.077,1,S/D,S/D,S/D,0,S/D,S/D,S/D,0
105145,SANTO DOMINGO,PIURA,MORROPON,ecmwf,pp,20260827,20260925,"00Z,12Z",D1,6h,0.012,0.028,S/D,6,S/D,S/D,S/D,0,S/D,S/D,S/D,0,S/D,S/D,S/D,0,S/D,S/D,S/D,0
105145,SANTO DOMINGO,PIURA,MORROPON,gfs,pp,20260827,20260925,"00Z,12Z",D1,6h,0.396,0.562,S/D,6,S/D,1.0,0.0,0,S/D,1.0,0.0,0,S/D,S/D,S/D,0,S/D,S/D,S/D,0
105145,SANTO DOMINGO,PIURA,MORROPON,eta5,pp,20260827,20260925,"00Z,12Z",D1,6h,0.071,0.144,S/D,5,S/D,1.0,0.0,0,S/D,S/D,S/D,0,S/D,S/D,S/D,0,S/D,S/D,S/D,0
105145,SANTO DOMINGO,PIURA,MORROPON,wrf5,pp,20260827,20260925,"00Z,12Z",D1,6h,0.02,0.031,S/D,6,S/D,S/D,S/D,0,S/D,S/D,S/D,0,S/D,S/D,S/D,0,S/D,S/D,S/D,0
105145,SANTO DOMINGO,PIURA,MORROPON,mpas15,pp,20260827,20260925,00Z,D1,6h,1.0,1.291,S/D,3,S/D,1.0,0.0,0,S/D,1.0,0.0,0,S/D,S/D,S/D,0,S/D,S/D,S/D,0
47E0B1DE,PUENTE SIMON RODRIGUEZ,PIURA,PAITA,ecmwf,pp,20260827,20260925,"00Z,12Z",D1,6h,-0.002,0.196,0.13,232,0.5,0.625,0.273,6,0.0,1.0,0.0,2,S/D,S/D,S/D,0,S/D,S/D,S/D,0
47E0B1DE,PUENTE SIMON RODRIGUEZ,PIURA,PAITA,gfs,pp,20260827,20260925,"00Z,12Z",D1,6h,-0.023,0.219,0.291,232,0.0,1.0,0.0,6,0.0,S/D,0.0,2,S/D,S/D,S/D,0,S/D,S/D,S/D,0
47E0B1DE,PUENTE SIMON RODRIGUEZ,PIURA,PAITA,eta5,pp,20260827,20260925,"00Z,12Z",D1,6h,-0.023,0.235,0.052,196,0.0,1.0,0.0,5,0.0,S/D,0.0,2,S/D,S/D,S/D,0,S/D,S/D,S/D,0
47E0B1DE,PUENTE SIMON RODRIGUEZ,PIURA,PAITA,wrf5,pp,20260827,20260925,"00Z,12Z",D1,6h,-0.021,0.224,0.145,229,0.167,0.8,0.1,6,0.0,S/D,0.0,2,S/D,S/D,S/D,0,S/D,S/D,S/D,0
47E0B1DE,PUENTE SIMON RODRIGUEZ,PIURA,PAITA,mpas15,pp,20260827,20260925,00Z,D1,6h,-0.028,0.221,-0.101,116,0.0,S/D,0.0,3,0.0,S/D,0.0,1,S/D,S/D,S/D,0,S/D,S/D,S/D,0
47E0E1A2,BOCATOMA CHIPILLICO,PIURA,PIURA,ecmwf,pp,20260827,20260925,"00Z,12Z",D1,6h,0.738,1.515,0.187,210,1.0,0.969,0.031,4,1.0,0.958,0.042,2,1.0,0.714,0.286,2,S/D,S/D,S/D,0
47E0E1A2,BOCATOMA CHIPILLICO,PIURA,PIURA,gfs,pp,20260827,20260925,"00Z,12Z",D1,6h,0.235,0.686,0.211,210,1.0,0.94,0.06,4,1.0,0.882,0.118,2,0.0,1.0,0.0,2,S/D,S/D,S/D,0
47E0E1A2,BOCATOMA CHIPILLICO,PIURA,PIURA,eta5,pp,20260827,20260925,"00Z,12Z",D1,6h,0.466,1.44,0.199,175,1.0,0.956,0.044,2,1.0,0.952,0.048,1,1.0,0.833,0.167,1,S/D,S/D,S/D,0
47E0E1A2,BOCATOMA CHIPILLICO,PIURA,PIURA,wrf5,pp,20260827,20260925,"00Z,12Z",D1,6h,0.015,0.612,0.294,206,0.75,0.667,0.3,4,0.0,1.0,0.0,2,0.0,S/D,0.0,2,S/D,S/D,S/D,0
47E0E1A2,BOCATOMA CHIPILLICO,PIURA,PIURA,mpas15,pp,20260827,20260925,00Z,D1,6h,0.158,0.695,0.068,105,0.5,0.944,0.053,2,1.0,0.923,0.077,1,0.0,S/D,0.0,1,S/D,S/D,S/D,0
47E0F2D4,LAGARTERA,PIURA,PIURA,ecmwf,pp,20260827,20260925,"00Z,12Z",D1,6h,0.606,1.299,0.241,226,0.929,0.893,0.106,14,1.0,0.956,0.044,2,S/D,1.0,0.0,0,S/D,S/D,S/D,0
47E0F2D4,LAGARTERA,PIURA,PIURA,gfs,pp,20260827,20260925,"00Z,12Z",D1,6h,0.205,0.641,0.116,226,0.5,0.894,0.096,14,1.0,0.867,0.133,2,S/D,1.0,0.0,0,S/D,S/D,S/D,0
47E0F2D4,LAGARTERA,PIURA,PIURA,eta5,pp,20260827,20260925,"00Z,12Z",D1,6h,0.415,1.338,0.002,190,0.25,0.951,0.043,8,0.0,1.0,0.0,1,S/D,1.0,0.0,0,S/D,S/D,S/D,0
47E0F2D4,LAGARTERA,PIURA,PIURA,wrf5,pp,20260827,20260925,"00Z,12Z",D1,6h,0.039,0.437,0.223,223,0.071,0.917,0.04,14,0.0,1.0,0.0,2,S/D,S/D,S/D,0,S/D,S/D,S/D,0
47E0F2D4,LAGARTERA,PIURA,PIURA,mpas15,pp,20260827,20260925,00Z,D1,6h,0.161,0.528,0.257,113,0.429,0.824,0.143,7,1.0,0.917,0.083,1,S/D,S/D,S/D,0,S/D,S/D,S/D,0
105112,MIRAFLORES,PIURA,PIURA,ecmwf,pp,20260827,20260925,"00Z,12Z",D1,6h,S/D,S/D,S/D,0,S/D,S/D,S/D,0,S/D,S/D,S/D,0,S/D,S/D,S/D,0,S/D,S/D,S/D,0
105112,MIRAFLORES,PIURA,PIURA,gfs,pp,20260827,20260925,"00Z,12Z",D1,6h,S/D,S/D,S/D,0,S/D,S/D,S/D,0,S/D,S/D,S/D,0,S/D,S/D,S/D,0,S/D,S/D,S/D,0
105112,MIRAFLORES,PIURA,PIURA,eta5,pp,20260827,20260925,"00Z,12Z",D1,6h,S/D,S/D,S/D,0,S/D,S/D,S/D,0,S/D,S/D,S/D,0,S/D,S/D,S/D,0,S/D,S/D,S/D,0
105112,MIRAFLORES,PIURA,PIURA,wrf5,pp,20260827,20260925,"00Z,12Z",D1,6h,S/D,S/D,S/D,0,S/D,S/D,S/D,0,S/D,S/D,S/D,0,S/D,S/D,S/D,0,S/D,S/D,S/D,0
105112,MIRAFLORES,PIURA,PIURA,mpas15,pp,20260827,20260925,00Z,D1,6h,S/D,S/D,S/D,0,S/D,S/D,S/D,0,S/D,S/D,S/D,0,S/D,S/D,S/D,0,S/D,S/D,S/D,0
104113,PARTIDOR,PIURA,PIURA,ecmwf,pp,20260827,20260925,"00Z,12Z",D1,6h,S/D,S/D,S/D,0,S/D,S/D,S/D,0,S/D,S/D,S/D,0,S/D,S/D,S/D,0,S/D,S/D,S/D,0
104113,PARTIDOR,PIURA,PIURA,gfs,pp,20260827,20260925,"00Z,12Z",D1,6h,S/D,S/D,S/D,0,S/D,S/D,S/D,0,S/D,S/D,S/D,0,S/D,S/D,S/D,0,S/D,S/D,S/D,0
104113,PARTIDOR,PIURA,PIURA,eta5,pp,20260827,20260925,"00Z,12Z",D1,6h,S/D,S/D,S/D,0,S/D,S/D,S/D,0,S/D,S/D,S/D,0,S/D,S/D,S/D,0,S/D,S/D,S/D,0
104113,PARTIDOR,PIURA,PIURA,wrf5,pp,20260827,20260925,"00Z,12Z",D1,6h,S/D,S/D,S/D,0,S/D,S/D,S/D,0,S/D,S/D,S/D,0,S/D,S/D,S/D,0,S/D,S/D,S/D,0
104113,PARTIDOR,PIURA,PIURA,mpas15,pp,20260827,20260925,00Z,D1,6h,S/D,S/D,S/D,0,S/D,S/D,S/D,0,S/D,S/D,S/D,0,S/D,S/D,S/D,0,S/D,S/D,S/D,0
105143,SAN MIGUEL,PIURA,PIURA,ecmwf,pp,20260827,20260925,"00Z,12Z",D1,6h,0.038,0.379,0.113,240,0.25,0.857,0.1,4,S/D,1.0,0.0,0,S/D,1.0,0.0,0,S/D,S/D,S/D,0
105143,SAN MIGUEL,PIURA,PIURA,gfs,pp,20260827,20260925,"00Z,12Z",D1,6h,0.002,0.024,-0.026,240,0.0,1.0,0.0,4,S/D,S/D,S/D,0,S/D,S/D,S/D,0,S/D,S/D,S/D,0
105143,SAN MIGUEL,PIURA,PIURA,eta5,pp,20260827,20260925,"00Z,12Z",D1,6h,0.009,0.11,0.094,202,0.0,1.0,0.0,2,S/D,1.0,0.0,0,S/D,S/D,S/D,0,S/D,S/D,S/D,0
105143,SAN MIGUEL,PIURA,PIURA,wrf5,pp,20260827,20260925,"00Z,12Z",D1,6h,0.001,0.021,0.089,236,0.25,0.5,0.2,4,S/D,S/D,S/D,0,S/D,S/D,S/D,0,S/D,S/D,S/D,0
105143,SAN MIGUEL,PIURA,PIURA,mpas15,pp,20260827,20260925,00Z,D1,6h,-0.002,0.013,-0.079,120,0.0,S/D,0.0,2,S/D,S/D,S/D,0,S/D,S/D,S/D,0,S/D,S/D,S/D,0
47E0522C,TAMBO GRANDE,PIURA,PIURA,ecmwf,pp,20260827,20260925,"00Z,12Z",D1,6h,-0.206,2.905,0.232,226,0.625,0.833,0.152,8,0.333,0.778,0.154,6,0.0,1.0,0.0,4,0.0,S/D,0.0,2
47E0522C,TAMBO GRANDE,PIURA,PIURA,gfs,pp,20260827,20260925,"00Z,12Z",D1,6h,-0.314,2.844,0.485,226,0.625,0.643,0.294,8,0.0,1.0,0.0,6,0.0,S/D,0.0,4,0.0,S/D,0.0,2
47E0522C,TAMBO GRANDE,PIURA,PIURA,eta5,pp,20260827,20260925,"00Z,12Z",D1,6h,-0.371,3.118,0.055,191,0.143,0.875,0.071,7,0.0,1.0,0.0,5,0.0,S/D,0.0,4,0.0,S/D,0.0,2
47E0522C,TAMBO GRANDE,PIURA,PIURA,wrf5,pp,20260827,20260925,"00Z,12Z",D1,6h,-0.36,2.894,0.088,222,0.0,1.0,0.0,8,0.0,S/D,0.0,6,0.0,S/D,0.0,4,0.0,S/D,0.0,2
47E0522C,TAMBO GRANDE,PIURA,PIURA,mpas15,pp,20260827,20260925,00Z,D1,6h,-0.342,2.871,-0.033,113,0.0,1.0,0.0,4,0.0,1.0,0.0,3,0.0,S/D,0.0,2,0.0,S/D,0.0,1
105144,BERNAL,PIURA,SECHURA,ecmwf,pp,20260827,20260925,"00Z,12Z",D1,6h,0.0,0.0,S/D,2,S/D,S/D,S/D,0,S/D,S/D,S/D,0,S/D,S/D,S/D,0,S/D,S/D,S/D,0
105144,BERNAL,PIURA,SECHURA,gfs,pp,20260827,20260925,"00Z,12Z",D1,6h,0.0,0.0,S/D,2,S/D,S/D,S/D,0,S/D,S/D,S/D,0,S/D,S/D,S/D,0,S/D,S/D,S/D,0
105144,BERNAL,PIURA,SECHURA,eta5,pp,20260827,20260925,"00Z,12Z",D1,6h,0.0,0.0,S/D,1,S/D,S/D,S/D,0,S/D,S/D,S/D,0,S/D,S/D,S/D,0,S/D,S/D,S/D,0
105144,BERNAL,PIURA,SECHURA,wrf5,pp,20260827,20260925,"00Z,12Z",D1,6h,0.0,0.0,S/D,2,S/D,S/D,S/D,0,S/D,S/D,S/D,0,S/D,S/D,S/D,0,S/D,S/D,S/D,0
105144,BERNAL,PIURA,SECHURA,mpas15,pp,20260827,20260925,00Z,D1,6h,0.0,0.0,S/D,1,S/D,S/D,S/D,0,S/D,S/D,S/D,0,S/D,S/D,S/D,0,S/D,S/D,S/D,0
105120,CHUSIS,PIURA,SECHURA,ecmwf,pp,20260827,20260925,"00Z,12Z",D1,6h,0.0,0.0,S/D,2,S/D,S/D,S/D,0,S/D,S/D,S/D,0,S/D,S/D,S/D,0,S/D,S/D,S/D,0
105120,CHUSIS,PIURA,SECHURA,gfs,pp,20260827,20260925,"00Z,12Z",D1,6h,0.0,0.0,S/D,2,S/D,S/D,S/D,0,S/D,S/D,S/D,0,S/D,S/D,S/D,0,S/D,S/D,S/D,0
105120,CHUSIS,PIURA,SECHURA,eta5,pp,20260827,20260925,"00Z,12Z",D1,6h,0.0,0.0,S/D,2,S/D,S/D,S/D,0,S/D,S/D,S/D,0,S/D,S/D,S/D,0,S/D,S/D,S/D,0
105120,CHUSIS,PIURA,SECHURA,wrf5,pp,20260827,20260925,"00Z,12Z",D1,6h,0.0,0.0,S/D,2,S/D,S/D,S/D,0,S/D,S/D,S/D,0,S/D,S/D,S/D,0,S/D,S/D,S/D,0
105120,CHUSIS,PIURA,SECHURA,mpas15,pp,20260827,20260925,00Z,D1,6h,0.0,0.0,S/D,1,S/D,S/D,S/D,0,S/D,S/D,S/D,0,S/D,S/D,S/D,0,S/D,S/D,S/D,0
47E0D438,ALAMOR,PIURA,SULLANA,ecmwf,pp,20260827,20260925,"00Z,12Z",D1,6h,0.106,0.627,0.095,234,0.25,0.81,0.121,16,0.5,0.833,0.143,2,S/D,1.0,0.0,0,S/D,S/D,S/D,0
47E0D438,ALAMOR,PIURA,SULLANA,gfs,pp,20260827,20260925,"00Z,12Z",D1,6h,0.092,0.744,0.209,234,0.25,0.733,0.148,16,1.0,0.667,0.333,2,S/D,1.0,0.0,0,S/D,S/D,S/D,0
47E0D438,ALAMOR,PIURA,SULLANA,eta5,pp,20260827,20260925,"00Z,12Z",D1,6h,0.209,0.957,0.252,197,0.583,0.788,0.184,12,1.0,0.833,0.167,2,S/D,1.0,0.0,0,S/D,S/D,S/D,0
47E0D438,ALAMOR,PIURA,SULLANA,wrf5,pp,20260827,20260925,"00Z,12Z",D1,6h,0.095,0.829,0.044,231,0.25,0.692,0.16,16,1.0,0.667,0.333,2,S/D,1.0,0.0,0,S/D,S/D,S/D,0
47E0D438,ALAMOR,PIURA,SULLANA,mpas15,pp,20260827,20260925,00Z,D1,6h,0.144,0.58,0.22,117,0.5,0.733,0.211,8,0.0,1.0,0.0,1,S/D,S/D,S/D,0,S/D,S/D,S/D,0
47E09732,LA ARDILLA,PIURA,SULLANA,ecmwf,pp,20260827,20260925,"00Z,12Z",D1,6h,0.094,0.754,0.226,212,0.5,0.789,0.174,8,0.0,1.0,0.0,2,S/D,1.0,0.0,0,S/D,S/D,S/D,0
47E09732,LA ARDILLA,PIURA,SULLANA,gfs,pp,20260827,20260925,"00Z,12Z",D1,6h,0.084,0.865,0.353,212,0.5,0.692,0.235,8,0.0,1.0,0.0,2,S/D,1.0,0.0,0,S/D,S/D,S/D,0
47E09732,LA ARDILLA,PIURA,SULLANA,eta5,pp,20260827,20260925,"00Z,12Z",D1,6h,0.207,1.073,0.163,178,0.571,0.875,0.114,7,0.0,1.0,0.0,2,S/D,1.0,0.0,0,S/D,S/D,S/D,0
47E09732,LA ARDILLA,PIURA,SULLANA,wrf5,pp,20260827,20260925,"00Z,12Z",D1,6h,0.033,0.533,0.19,208,0.5,0.556,0.308,8,0.0,1.0,0.0,2,S/D,S/D,S/D,0,S/D,S/D,S/D,0
47E09732,LA ARDILLA,PIURA,SULLANA,mpas15,pp,20260827,20260925,00Z,D1,6h,0.142,0.696,0.188,106,0.75,0.8,0.188,4,0.0,1.0,0.0,1,S/D,S/D,S/D,0,S/D,S/D,S/D,0
472FD6CE,LANCONES,PIURA,SULLANA,ecmwf,pp,20260827,20260925,"00Z,12Z",D1,6h,0.017,0.237,0.221,234,0.667,0.667,0.286,6,0.0,1.0,0.0,2,S/D,S/D,S/D,0,S/D,S/D,S/D,0
472FD6CE,LANCONES,PIURA,SULLANA,gfs,pp,20260827,20260925,"00Z,12Z",D1,6h,0.011,0.184,0.548,234,0.833,0.444,0.5,6,0.0,1.0,0.0,2,S/D,S/D,S/D,0,S/D,S/D,S/D,0
472FD6CE,LANCONES,PIURA,SULLANA,eta5,pp,20260827,20260925,"00Z,12Z",D1,6h,0.019,0.191,0.303,198,0.4,0.846,0.125,5,0.0,1.0,0.0,2,S/D,S/D,S/D,0,S/D,S/D,S/D,0
472FD6CE,LANCONES,PIURA,SULLANA,wrf5,pp,20260827,20260925,"00Z,12Z",D1,6h,0.033,0.426,0.162,230,0.333,0.778,0.154,6,0.0,1.0,0.0,2,S/D,S/D,S/D,0,S/D,S/D,S/D,0
472FD6CE,LANCONES,PIURA,SULLANA,mpas15,pp,20260827,20260925,00Z,D1,6h,0.036,0.288,-0.108,117,0.0,1.0,0.0,3,0.0,1.0,0.0,1,S/D,S/D,S/D,0,S/D,S/D,S/D,0
270202,PUENTE AZANGARO,PUNO,AZANGARO,ecmwf,pp,20260827,20260925,"00Z,12Z",D1,6h,0.199,1.445,0.526,234,1.0,0.629,0.371,26,0.833,0.677,0.303,12,0.0,1.0,0.0,4,S/D,S/D,S/D,0
270202,PUENTE AZANGARO,PUNO,AZANGARO,gfs,pp,20260827,20260925,"00Z,12Z",D1,6h,0.192,1.019,0.569,234,0.962,0.59,0.403,26,0.75,0.667,0.3,12,0.5,0.714,0.222,4,S/D,S/D,S/D,0
270202,PUENTE AZANGARO,PUNO,AZANGARO,eta5,pp,20260827,20260925,"00Z,12Z",D1,6h,0.595,1.906,0.618,197,0.958,0.617,0.377,24,0.9,0.775,0.22,10,1.0,0.667,0.333,4,S/D,S/D,S/D,0
270202,PUENTE AZANGARO,PUNO,AZANGARO,wrf5,pp,20260827,20260925,"00Z,12Z",D1,6h,0.235,1.637,0.556,230,0.84,0.543,0.42,25,0.636,0.682,0.269,11,0.333,0.833,0.125,3,S/D,S/D,S/D,0
270202,PUENTE AZANGARO,PUNO,AZANGARO,mpas15,pp,20260827,20260925,00Z,D1,6h,0.253,1.802,0.259,117,0.692,0.7,0.265,13,0.833,0.792,0.2,6,0.0,1.0,0.0,2,S/D,S/D,S/D,0
4721AAE4,AYMAÑA,PUNO,CARABAYA,ecmwf,pp,20260827,20260925,"00Z,12Z",D1,6h,0.032,1.727,0.38,232,0.806,0.721,0.261,36,0.583,0.696,0.25,12,0.0,1.0,0.0,4,S/D,S/D,S/D,0
4721AAE4,AYMAÑA,PUNO,CARABAYA,gfs,pp,20260827,20260925,"00Z,12Z",D1,6h,0.59,2.439,0.347,232,0.917,0.777,0.219,36,0.583,0.889,0.103,12,0.0,1.0,0.0,4,S/D,S/D,S/D,0
4721AAE4,AYMAÑA,PUNO,CARABAYA,eta5,pp,20260827,20260925,"00Z,12Z",D1,6h,0.969,2.677,0.404,195,0.886,0.748,0.244,35,0.917,0.843,0.155,12,0.0,1.0,0.0,4,S/D,S/D,S/D,0
4721AAE4,AYMAÑA,PUNO,CARABAYA,wrf5,pp,20260827,20260925,"00Z,12Z",D1,6h,-0.056,1.862,0.392,229,0.529,0.633,0.277,34,0.545,0.6,0.3,11,0.0,1.0,0.0,4,S/D,S/D,S/D,0
4721AAE4,AYMAÑA,PUNO,CARABAYA,mpas15,pp,20260827,20260925,00Z,D1,6h,0.315,1.8,0.442,116,0.944,0.653,0.34,18,0.833,0.861,0.135,6,0.0,S/D,0.0,2,S/D,S/D,S/D,0
114137,CRUCERO,PUNO,CARABAYA,ecmwf,pp,20260827,20260925,"00Z,12Z",D1,6h,0.457,1.162,0.464,208,0.824,0.702,0.28,34,0.75,0.75,0.231,12,S/D,1.0,0.0,0,S/D,S/D,S/D,0
114137,CRUCERO,PUNO,CARABAYA,gfs,pp,20260827,20260925,"00Z,12Z",D1,6h,0.428,1.281,0.368,208,0.824,0.702,0.28,34,0.583,0.806,0.171,12,S/D,1.0,0.0,0,S/D,S/D,S/D,0
114137,CRUCERO,PUNO,CARABAYA,eta5,pp,20260827,20260925,"00Z,12Z",D1,6h,0.198,1.203,0.542,180,0.677,0.488,0.412,31,0.364,0.75,0.174,11,S/D,1.0,0.0,0,S/D,S/D,S/D,0
114137,CRUCERO,PUNO,CARABAYA,wrf5,pp,20260827,20260925,"00Z,12Z",D1,6h,0.235,1.041,0.465,204,0.636,0.543,0.362,33,0.5,0.739,0.207,12,S/D,1.0,0.0,0,S/D,S/D,S/D,0
114137,CRUCERO,PUNO,CARABAYA,mpas15,pp,20260827,20260925,00Z,D1,6h,0.53,1.228,0.441,104,0.882,0.605,0.375,17,0.667,0.862,0.129,6,S/D,1.0,0.0,0,S/D,S/D,S/D,0
4721B992,UPINA,PUNO,CARABAYA,ecmwf,pp,20260827,20260925,"00Z,12Z",D1,6h,0.511,1.207,0.242,232,0.786,0.833,0.159,28,0.8,0.86,0.136,10,S/D,1.0,0.0,0,S/D,S/D,S/D,0
4721B992,UPINA,PUNO,CARABAYA,gfs,pp,20260827,20260925,"00Z,12Z",D1,6h,0.714,1.834,0.266,232,0.786,0.852,0.142,28,0.9,0.847,0.15,10,S/D,1.0,0.0,0,S/D,S/D,S/D,0
4721B992,UPINA,PUNO,CARABAYA,eta5,pp,20260827,20260925,"00Z,12Z",D1,6h,0.991,2.628,0.214,195,0.667,0.812,0.171,27,0.7,0.863,0.13,10,S/D,1.0,0.0,0,S/D,S/D,S/D,0
4721B992,UPINA,PUNO,CARABAYA,wrf5,pp,20260827,20260925,"00Z,12Z",D1,6h,0.146,1.31,0.365,229,0.607,0.595,0.321,28,0.4,0.765,0.174,10,S/D,1.0,0.0,0,S/D,S/D,S/D,0
4721B992,UPINA,PUNO,CARABAYA,mpas15,pp,20260827,20260925,00Z,D1,6h,1.303,3.18,0.161,116,0.643,0.833,0.153,14,0.8,0.909,0.089,5,S/D,1.0,0.0,0,S/D,1.0,0.0,0
210003,HUANCASAYA,PUNO,HUANCANE,ecmwf,pp,20260827,20260925,"00Z,12Z",D1,6h,0.324,1.044,0.587,222,0.875,0.462,0.5,48,0.5,0.765,0.19,16,S/D,1.0,0.0,0,S/D,S/D,S/D,0
210003,HUANCASAYA,PUNO,HUANCANE,gfs,pp,20260827,20260925,"00Z,12Z",D1,6h,0.512,1.176,0.659,222,0.958,0.531,0.46,48,0.75,0.745,0.235,16,S/D,1.0,0.0,0,S/D,S/D,S/D,0
210003,HUANCASAYA,PUNO,HUANCANE,eta5,pp,20260827,20260925,"00Z,12Z",D1,6h,0.445,1.508,0.615,189,0.8,0.379,0.537,45,0.571,0.765,0.2,14,S/D,1.0,0.0,0,S/D,S/D,S/D,0
210003,HUANCASAYA,PUNO,HUANCANE,wrf5,pp,20260827,20260925,"00Z,12Z",D1,6h,0.782,2.303,0.667,218,0.848,0.4,0.542,46,0.8,0.727,0.255,15,S/D,1.0,0.0,0,S/D,S/D,S/D,0
210003,HUANCASAYA,PUNO,HUANCANE,mpas15,pp,20260827,20260925,00Z,D1,6h,1.094,2.727,0.526,111,0.833,0.512,0.444,24,0.75,0.806,0.182,8,S/D,1.0,0.0,0,S/D,S/D,S/D,0
47251282,PUENTE CARRETERA RAMIS,PUNO,HUANCANE,ecmwf,pp,20260827,20260925,"00Z,12Z",D1,6h,0.15,0.971,0.456,216,0.944,0.73,0.266,18,0.8,0.652,0.32,10,0.5,0.667,0.25,2,S/D,S/D,S/D,0
47251282,PUENTE CARRETERA RAMIS,PUNO,HUANCANE,gfs,pp,20260827,20260925,"00Z,12Z",D1,6h,0.246,1.629,0.55,216,1.0,0.633,0.367,18,1.0,0.6,0.4,10,0.0,1.0,0.0,2,S/D,S/D,S/D,0
47251282,PUENTE CARRETERA RAMIS,PUNO,HUANCANE,eta5,pp,20260827,20260925,"00Z,12Z",D1,6h,0.822,2.314,0.555,184,1.0,0.735,0.265,18,1.0,0.778,0.222,10,0.0,1.0,0.0,2,S/D,S/D,S/D,0
47251282,PUENTE CARRETERA RAMIS,PUNO,HUANCANE,wrf5,pp,20260827,20260925,"00Z,12Z",D1,6h,0.319,1.5,0.546,212,0.941,0.61,0.381,17,0.889,0.636,0.348,9,1.0,0.714,0.286,2,S/D,S/D,S/D,0
47251282,PUENTE CARRETERA RAMIS,PUNO,HUANCANE,mpas15,pp,20260827,20260925,00Z,D1,6h,0.187,1.177,0.312,108,0.778,0.781,0.206,9,1.0,0.722,0.278,5,0.0,S/D,0.0,1,S/D,S/D,S/D,0
472E37C6,PALCA,PUNO,LAMPA,ecmwf,pp,20260827,20260925,"00Z,12Z",D1,6h,0.216,0.652,0.399,232,0.773,0.691,0.283,22,1.0,0.789,0.211,4,S/D,1.0,0.0,0,S/D,S/D,S/D,0
472E37C6,PALCA,PUNO,LAMPA,gfs,pp,20260827,20260925,"00Z,12Z",D1,6h,0.306,1.072,0.451,232,0.909,0.747,0.247,22,0.75,0.889,0.107,4,S/D,1.0,0.0,0,S/D,S/D,S/D,0
472E37C6,PALCA,PUNO,LAMPA,eta5,pp,20260827,20260925,"00Z,12Z",D1,6h,0.597,1.657,0.527,195,0.905,0.635,0.352,21,1.0,0.875,0.125,4,S/D,1.0,0.0,0,S/D,S/D,S/D,0
472E37C6,PALCA,PUNO,LAMPA,wrf5,pp,20260827,20260925,"00Z,12Z",D1,6h,0.299,1.138,0.44,229,0.762,0.68,0.291,21,0.0,1.0,0.0,3,S/D,1.0,0.0,0,S/D,S/D,S/D,0
472E37C6,PALCA,PUNO,LAMPA,mpas15,pp,20260827,20260925,00Z,D1,6h,0.214,0.692,0.199,116,0.545,0.739,0.214,11,0.5,0.923,0.071,2,S/D,S/D,S/D,0,S/D,S/D,S/D,0
472DE6A0,PAMPAHUTA,PUNO,LAMPA,ecmwf,pp,20260827,20260925,"00Z,12Z",D1,6h,0.063,0.628,0.456,230,0.833,0.608,0.364,24,0.667,0.385,0.471,12,0.25,0.667,0.167,4,S/D,S/D,S/D,0
472DE6A0,PAMPAHUTA,PUNO,LAMPA,gfs,pp,20260827,20260925,"00Z,12Z",D1,6h,0.284,1.293,0.52,230,0.917,0.676,0.314,24,1.0,0.636,0.364,12,0.0,1.0,0.0,4,S/D,S/D,S/D,0
472DE6A0,PAMPAHUTA,PUNO,LAMPA,eta5,pp,20260827,20260925,"00Z,12Z",D1,6h,0.331,1.447,0.573,195,0.783,0.561,0.391,23,1.0,0.538,0.462,12,0.75,0.5,0.429,4,S/D,S/D,S/D,0
472DE6A0,PAMPAHUTA,PUNO,LAMPA,wrf5,pp,20260827,20260925,"00Z,12Z",D1,6h,0.115,0.894,0.488,227,0.696,0.556,0.372,23,0.909,0.444,0.526,11,0.0,1.0,0.0,4,S/D,S/D,S/D,0
472DE6A0,PAMPAHUTA,PUNO,LAMPA,mpas15,pp,20260827,20260925,00Z,D1,6h,0.074,0.658,0.451,115,0.75,0.55,0.391,12,0.667,0.733,0.235,6,0.5,0.0,0.5,2,S/D,S/D,S/D,0
114134,ANANSAYA -PUNA,PUNO,MELGAR,ecmwf,pp,20260827,20260925,"00Z,12Z",D1,6h,0.049,0.107,S/D,14,S/D,1.0,0.0,0,S/D,S/D,S/D,0,S/D,S/D,S/D,0,S/D,S/D,S/D,0
114134,ANANSAYA -PUNA,PUNO,MELGAR,gfs,pp,20260827,20260925,"00Z,12Z",D1,6h,0.857,1.94,S/D,14,S/D,1.0,0.0,0,S/D,1.0,0.0,0,S/D,1.0,0.0,0,S/D,S/D,S/D,0
114134,ANANSAYA -PUNA,PUNO,MELGAR,eta5,pp,20260827,20260925,"00Z,12Z",D1,6h,0.156,0.517,S/D,11,S/D,1.0,0.0,0,S/D,1.0,0.0,0,S/D,S/D,S/D,0,S/D,S/D,S/D,0
114134,ANANSAYA -PUNA,PUNO,MELGAR,wrf5,pp,20260827,20260925,"00Z,12Z",D1,6h,0.182,0.609,S/D,14,S/D,1.0,0.0,0,S/D,1.0,0.0,0,S/D,S/D,S/D,0,S/D,S/D,S/D,0
114134,ANANSAYA -PUNA,PUNO,MELGAR,mpas15,pp,20260827,20260925,00Z,D1,6h,0.286,0.756,S/D,7,S/D,1.0,0.0,0,S/D,1.0,0.0,0,S/D,S/D,S/D,0,S/D,S/D,S/D,0
47256412,ENAFER,PUNO,PUNO,ecmwf,pp,20260827,20260925,"00Z,12Z",D1,6h,S/D,S/D,S/D,0,S/D,S/D,S/D,0,S/D,S/D,S/D,0,S/D,S/D,S/D,0,S/D,S/D,S/D,0
47256412,ENAFER,PUNO,PUNO,gfs,pp,20260827,20260925,"00Z,12Z",D1,6h,S/D,S/D,S/D,0,S/D,S/D,S/D,0,S/D,S/D,S/D,0,S/D,S/D,S/D,0,S/D,S/D,S/D,0
47256412,ENAFER,PUNO,PUNO,eta5,pp,20260827,20260925,"00Z,12Z",D1,6h,S/D,S/D,S/D,0,S/D,S/D,S/D,0,S/D,S/D,S/D,0,S/D,S/D,S/D,0,S/D,S/D,S/D,0
47256412,ENAFER,PUNO,PUNO,wrf5,pp,20260827,20260925,"00Z,12Z",D1,6h,S/D,S/D,S/D,0,S/D,S/D,S/D,0,S/D,S/D,S/D,0,S/D,S/D,S/D,0,S/D,S/D,S/D,0
47256412,ENAFER,PUNO,PUNO,mpas15,pp,20260827,20260925,00Z,D1,6h,S/D,S/D,S/D,0,S/D,S/D,S/D,0,S/D,S/D,S/D,0,S/D,S/D,S/D,0,S/D,S/D,S/D,0
472E4156,ILLPA,PUNO,PUNO,ecmwf,pp,20260827,20260925,"00Z,12Z",D1,6h,0.149,0.651,0.403,224,0.875,0.759,0.233,16,0.625,0.615,0.312,8,S/D,1.0,0.0,0,S/D,S/D,S/D,0
472E4156,ILLPA,PUNO,PUNO,gfs,pp,20260827,20260925,"00Z,12Z",D1,6h,0.294,1.109,0.463,224,0.938,0.783,0.214,16,0.75,0.7,0.273,8,S/D,1.0,0.0,0,S/D,S/D,S/D,0
472E4156,ILLPA,PUNO,PUNO,eta5,pp,20260827,20260925,"00Z,12Z",D1,6h,0.351,1.108,0.443,188,0.867,0.75,0.241,15,0.75,0.769,0.214,8,S/D,1.0,0.0,0,S/D,S/D,S/D,0
472E4156,ILLPA,PUNO,PUNO,wrf5,pp,20260827,20260925,"00Z,12Z",D1,6h,0.24,1.073,0.526,221,0.8,0.636,0.333,15,0.857,0.6,0.375,7,S/D,1.0,0.0,0,S/D,S/D,S/D,0
472E4156,ILLPA,PUNO,PUNO,mpas15,pp,20260827,20260925,00Z,D1,6h,0.321,1.321,0.234,112,0.625,0.762,0.208,8,0.75,0.8,0.188,4,S/D,1.0,0.0,0,S/D,S/D,S/D,0
472CB426,LARAQUERI,PUNO,PUNO,ecmwf,pp,20260827,20260925,"00Z,12Z",D1,6h,0.13,0.54,0.417,232,1.0,0.744,0.256,10,0.875,0.5,0.467,8,S/D,1.0,0.0,0,S/D,S/D,S/D,0
472CB426,LARAQUERI,PUNO,PUNO,gfs,pp,20260827,20260925,"00Z,12Z",D1,6h,0.301,1.301,0.441,232,1.0,0.792,0.208,10,1.0,0.529,0.471,8,S/D,1.0,0.0,0,S/D,S/D,S/D,0
472CB426,LARAQUERI,PUNO,PUNO,eta5,pp,20260827,20260925,"00Z,12Z",D1,6h,0.332,1.15,0.494,195,1.0,0.697,0.303,10,0.875,0.682,0.304,8,S/D,1.0,0.0,0,S/D,S/D,S/D,0
472CB426,LARAQUERI,PUNO,PUNO,wrf5,pp,20260827,20260925,"00Z,12Z",D1,6h,0.202,1.086,0.472,229,1.0,0.655,0.345,10,0.875,0.533,0.438,8,S/D,1.0,0.0,0,S/D,S/D,S/D,0
472CB426,LARAQUERI,PUNO,PUNO,mpas15,pp,20260827,20260925,00Z,D1,6h,0.19,0.612,0.275,116,0.8,0.789,0.2,5,1.0,0.667,0.333,4,S/D,1.0,0.0,0,S/D,S/D,S/D,0
472DD33A,PUNO,PUNO,PUNO,ecmwf,pp,20260827,20260925,"00Z,12Z",D1,6h,0.153,0.722,0.391,226,1.0,0.793,0.207,12,0.75,0.769,0.214,4,0.0,1.0,0.0,2,S/D,S/D,S/D,0
472DD33A,PUNO,PUNO,PUNO,gfs,pp,20260827,20260925,"00Z,12Z",D1,6h,0.297,1.271,0.358,226,0.917,0.841,0.157,12,0.75,0.85,0.143,4,0.0,1.0,0.0,2,S/D,S/D,S/D,0
472DD33A,PUNO,PUNO,PUNO,eta5,pp,20260827,20260925,"00Z,12Z",D1,6h,0.207,0.739,0.413,190,0.917,0.756,0.239,12,1.0,0.733,0.267,4,0.5,0.667,0.25,2,S/D,S/D,S/D,0
472DD33A,PUNO,PUNO,PUNO,wrf5,pp,20260827,20260925,"00Z,12Z",D1,6h,0.268,1.271,0.462,223,0.818,0.71,0.273,11,1.0,0.778,0.222,4,0.5,0.833,0.143,2,S/D,S/D,S/D,0
472DD33A,PUNO,PUNO,PUNO,mpas15,pp,20260827,20260925,00Z,D1,6h,0.31,1.431,0.327,113,0.833,0.643,0.333,6,1.0,0.833,0.167,2,0.0,1.0,0.0,1,S/D,S/D,S/D,0
115156,CABANILLAS,PUNO,SAN ROMAN,ecmwf,pp,20260827,20260925,"00Z,12Z",D1,6h,-0.041,0.637,0.291,210,0.438,0.553,0.284,48,0.8,0.2,0.667,10,0.0,1.0,0.0,2,S/D,S/D,S/D,0
115156,CABANILLAS,PUNO,SAN ROMAN,gfs,pp,20260827,20260925,"00Z,12Z",D1,6h,0.115,1.113,0.302,210,0.479,0.629,0.264,48,0.7,0.611,0.333,10,0.0,1.0,0.0,2,S/D,S/D,S/D,0
115156,CABANILLAS,PUNO,SAN ROMAN,eta5,pp,20260827,20260925,"00Z,12Z",D1,6h,0.4,1.565,0.312,182,0.452,0.568,0.284,42,1.0,0.655,0.345,10,0.0,1.0,0.0,2,S/D,S/D,S/D,0
115156,CABANILLAS,PUNO,SAN ROMAN,wrf5,pp,20260827,20260925,"00Z,12Z",D1,6h,0.045,1.295,0.304,206,0.34,0.543,0.242,47,0.7,0.3,0.538,10,0.0,1.0,0.0,2,S/D,S/D,S/D,0
115156,CABANILLAS,PUNO,SAN ROMAN,mpas15,pp,20260827,20260925,00Z,D1,6h,0.143,0.79,0.208,105,0.417,0.565,0.27,24,1.0,0.643,0.357,5,0.0,1.0,0.0,1,S/D,S/D,S/D,0
472CF72C,JULIACA,PUNO,SAN ROMAN,ecmwf,pp,20260827,20260925,"00Z,12Z",D1,6h,0.108,0.497,0.486,226,1.0,0.673,0.327,16,0.7,0.364,0.5,10,S/D,1.0,0.0,0,S/D,S/D,S/D,0
472CF72C,JULIACA,PUNO,SAN ROMAN,gfs,pp,20260827,20260925,"00Z,12Z",D1,6h,0.188,0.829,0.464,226,0.938,0.769,0.227,16,0.5,0.643,0.263,10,S/D,1.0,0.0,0,S/D,S/D,S/D,0
472CF72C,JULIACA,PUNO,SAN ROMAN,eta5,pp,20260827,20260925,"00Z,12Z",D1,6h,0.352,1.176,0.543,189,0.938,0.643,0.349,16,0.9,0.609,0.375,10,S/D,1.0,0.0,0,S/D,S/D,S/D,0
472CF72C,JULIACA,PUNO,SAN ROMAN,wrf5,pp,20260827,20260925,"00Z,12Z",D1,6h,0.273,1.681,0.479,223,0.643,0.719,0.243,14,0.556,0.688,0.25,9,S/D,1.0,0.0,0,S/D,S/D,S/D,0
472CF72C,JULIACA,PUNO,SAN ROMAN,mpas15,pp,20260827,20260925,00Z,D1,6h,0.21,0.736,0.396,113,0.875,0.682,0.304,8,0.8,0.636,0.333,5,S/D,1.0,0.0,0,S/D,S/D,S/D,0
107142,BELLAVISTA,SAN MARTIN,BELLAVISTA,ecmwf,pp,20260827,20260925,"00Z,12Z",D1,6h,S/D,S/D,S/D,0,S/D,S/D,S/D,0,S/D,S/D,S/D,0,S/D,S/D,S/D,0,S/D,S/D,S/D,0
107142,BELLAVISTA,SAN MARTIN,BELLAVISTA,gfs,pp,20260827,20260925,"00Z,12Z",D1,6h,S/D,S/D,S/D,0,S/D,S/D,S/D,0,S/D,S/D,S/D,0,S/D,S/D,S/D,0,S/D,S/D,S/D,0
107142,BELLAVISTA,SAN MARTIN,BELLAVISTA,eta5,pp,20260827,20260925,"00Z,12Z",D1,6h,S/D,S/D,S/D,0,S/D,S/D,S/D,0,S/D,S/D,S/D,0,S/D,S/D,S/D,0,S/D,S/D,S/D,0
107142,BELLAVISTA,SAN MARTIN,BELLAVISTA,wrf5,pp,20260827,20260925,"00Z,12Z",D1,6h,S/D,S/D,S/D,0,S/D,S/D,S/D,0,S/D,S/D,S/D,0,S/D,S/D,S/D,0,S/D,S/D,S/D,0
107142,BELLAVISTA,SAN MARTIN,BELLAVISTA,mpas15,pp,20260827,20260925,00Z,D1,6h,S/D,S/D,S/D,0,S/D,S/D,S/D,0,S/D,S/D,S/D,0,S/D,S/D,S/D,0,S/D,S/D,S/D,0
210006,SHANAO,SAN MARTIN,LAMAS,ecmwf,pp,20260827,20260925,"00Z,12Z",D1,6h,S/D,S/D,S/D,0,S/D,S/D,S/D,0,S/D,S/D,S/D,0,S/D,S/D,S/D,0,S/D,S/D,S/D,0
210006,SHANAO,SAN MARTIN,LAMAS,gfs,pp,20260827,20260925,"00Z,12Z",D1,6h,S/D,S/D,S/D,0,S/D,S/D,S/D,0,S/D,S/D,S/D,0,S/D,S/D,S/D,0,S/D,S/D,S/D,0
210006,SHANAO,SAN MARTIN,LAMAS,eta5,pp,20260827,20260925,"00Z,12Z",D1,6h,S/D,S/D,S/D,0,S/D,S/D,S/D,0,S/D,S/D,S/D,0,S/D,S/D,S/D,0,S/D,S/D,S/D,0
210006,SHANAO,SAN MARTIN,LAMAS,wrf5,pp,20260827,20260925,"00Z,12Z",D1,6h,S/D,S/D,S/D,0,S/D,S/D,S/D,0,S/D,S/D,S/D,0,S/D,S/D,S/D,0,S/D,S/D,S/D,0
210006,SHANAO,SAN MARTIN,LAMAS,mpas15,pp,20260827,20260925,00Z,D1,6h,S/D,S/D,S/D,0,S/D,S/D,S/D,0,S/D,S/D,S/D,0,S/D,S/D,S/D,0,S/D,S/D,S/D,0
106144,JEPELACIO,SAN MARTIN,MOYOBAMBA,ecmwf,pp,20260827,20260925,"00Z,12Z",D1,6h,S/D,S/D,S/D,0,S/D,S/D,S/D,0,S/D,S/D,S/D,0,S/D,S/D,S/D,0,S/D,S/D,S/D,0
106144,JEPELACIO,SAN MARTIN,MOYOBAMBA,gfs,pp,20260827,20260925,"00Z,12Z",D1,6h,S/D,S/D,S/D,0,S/D,S/D,S/D,0,S/D,S/D,S/D,0,S/D,S/D,S/D,0,S/D,S/D,S/D,0
106144,JEPELACIO,SAN MARTIN,MOYOBAMBA,eta5,pp,20260827,20260925,"00Z,12Z",D1,6h,S/D,S/D,S/D,0,S/D,S/D,S/D,0,S/D,S/D,S/D,0,S/D,S/D,S/D,0,S/D,S/D,S/D,0
106144,JEPELACIO,SAN MARTIN,MOYOBAMBA,wrf5,pp,20260827,20260925,"00Z,12Z",D1,6h,S/D,S/D,S/D,0,S/D,S/D,S/D,0,S/D,S/D,S/D,0,S/D,S/D,S/D,0,S/D,S/D,S/D,0
106144,JEPELACIO,SAN MARTIN,MOYOBAMBA,mpas15,pp,20260827,20260925,00Z,D1,6h,S/D,S/D,S/D,0,S/D,S/D,S/D,0,S/D,S/D,S/D,0,S/D,S/D,S/D,0,S/D,S/D,S/D,0
106145,TINGO DE PONAZA,SAN MARTIN,PICOTA,ecmwf,pp,20260827,20260925,"00Z,12Z",D1,6h,S/D,S/D,S/D,0,S/D,S/D,S/D,0,S/D,S/D,S/D,0,S/D,S/D,S/D,0,S/D,S/D,S/D,0
106145,TINGO DE PONAZA,SAN MARTIN,PICOTA,gfs,pp,20260827,20260925,"00Z,12Z",D1,6h,S/D,S/D,S/D,0,S/D,S/D,S/D,0,S/D,S/D,S/D,0,S/D,S/D,S/D,0,S/D,S/D,S/D,0
106145,TINGO DE PONAZA,SAN MARTIN,PICOTA,eta5,pp,20260827,20260925,"00Z,12Z",D1,6h,S/D,S/D,S/D,0,S/D,S/D,S/D,0,S/D,S/D,S/D,0,S/D,S/D,S/D,0,S/D,S/D,S/D,0
106145,TINGO DE PONAZA,SAN MARTIN,PICOTA,wrf5,pp,20260827,20260925,"00Z,12Z",D1,6h,S/D,S/D,S/D,0,S/D,S/D,S/D,0,S/D,S/D,S/D,0,S/D,S/D,S/D,0,S/D,S/D,S/D,0
106145,TINGO DE PONAZA,SAN MARTIN,PICOTA,mpas15,pp,20260827,20260925,00Z,D1,6h,S/D,S/D,S/D,0,S/D,S/D,S/D,0,S/D,S/D,S/D,0,S/D,S/D,S/D,0,S/D,S/D,S/D,0
4724851A,NARANJILLO,SAN MARTIN,RIOJA,ecmwf,pp,20260827,20260925,"00Z,12Z",D1,6h,0.981,3.603,0.364,216,1.0,0.817,0.183,28,0.75,0.831,0.16,20,0.5,0.737,0.208,10,0.0,S/D,0.0,2
4724851A,NARANJILLO,SAN MARTIN,RIOJA,gfs,pp,20260827,20260925,"00Z,12Z",D1,6h,0.282,3.571,0.309,216,0.929,0.816,0.182,28,0.65,0.822,0.163,20,0.1,0.833,0.067,10,0.0,S/D,0.0,2
4724851A,NARANJILLO,SAN MARTIN,RIOJA,eta5,pp,20260827,20260925,"00Z,12Z",D1,6h,1.27,4.672,0.248,182,0.76,0.832,0.16,25,0.632,0.836,0.15,19,0.4,0.84,0.129,10,0.0,S/D,0.0,2
4724851A,NARANJILLO,SAN MARTIN,RIOJA,wrf5,pp,20260827,20260925,"00Z,12Z",D1,6h,-0.281,3.585,0.393,213,0.679,0.642,0.306,28,0.45,0.667,0.237,20,0.2,0.667,0.143,10,0.0,S/D,0.0,2
4724851A,NARANJILLO,SAN MARTIN,RIOJA,mpas15,pp,20260827,20260925,00Z,D1,6h,0.573,2.623,0.384,108,0.857,0.755,0.235,14,0.8,0.789,0.2,10,0.6,0.667,0.273,5,0.0,S/D,0.0,1
4723013A,EL PORVENIR,SAN MARTIN,SAN MARTIN,ecmwf,pp,20260827,20260925,"00Z,12Z",D1,6h,1.485,4.671,0.381,222,1.0,0.897,0.103,12,1.0,0.877,0.123,8,1.0,0.778,0.222,4,S/D,1.0,0.0,0
4723013A,EL PORVENIR,SAN MARTIN,SAN MARTIN,gfs,pp,20260827,20260925,"00Z,12Z",D1,6h,0.683,2.377,0.386,222,1.0,0.875,0.125,12,1.0,0.846,0.154,8,1.0,0.6,0.4,4,S/D,1.0,0.0,0
4723013A,EL PORVENIR,SAN MARTIN,SAN MARTIN,eta5,pp,20260827,20260925,"00Z,12Z",D1,6h,1.244,3.331,0.373,188,0.9,0.878,0.12,10,0.857,0.898,0.1,7,0.75,0.857,0.136,4,S/D,S/D,S/D,0
4723013A,EL PORVENIR,SAN MARTIN,SAN MARTIN,wrf5,pp,20260827,20260925,"00Z,12Z",D1,6h,0.018,2.401,0.423,219,0.583,0.667,0.269,12,0.75,0.5,0.429,8,0.5,0.5,0.333,4,S/D,S/D,S/D,0
4723013A,EL PORVENIR,SAN MARTIN,SAN MARTIN,mpas15,pp,20260827,20260925,00Z,D1,6h,0.768,1.929,0.375,111,1.0,0.829,0.171,6,1.0,0.857,0.143,4,1.0,0.714,0.286,2,S/D,1.0,0.0,0
47E2E456,TOCACHE,SAN MARTIN,TOCACHE,ecmwf,pp,20260827,20260925,"00Z,12Z",D1,6h,1.078,2.675,0.299,230,0.9,0.868,0.13,20,S/D,1.0,0.0,0,S/D,1.0,0.0,0,S/D,S/D,S/D,0
47E2E456,TOCACHE,SAN MARTIN,TOCACHE,gfs,pp,20260827,20260925,"00Z,12Z",D1,6h,1.19,2.542,0.27,230,1.0,0.864,0.136,20,S/D,1.0,0.0,0,S/D,1.0,0.0,0,S/D,S/D,S/D,0
47E2E456,TOCACHE,SAN MARTIN,TOCACHE,eta5,pp,20260827,20260925,"00Z,12Z",D1,6h,2.491,4.803,0.138,195,0.647,0.895,0.099,17,S/D,1.0,0.0,0,S/D,1.0,0.0,0,S/D,S/D,S/D,0
47E2E456,TOCACHE,SAN MARTIN,TOCACHE,wrf5,pp,20260827,20260925,"00Z,12Z",D1,6h,0.99,4.515,0.288,226,0.579,0.78,0.19,19,S/D,1.0,0.0,0,S/D,1.0,0.0,0,S/D,1.0,0.0,0
47E2E456,TOCACHE,SAN MARTIN,TOCACHE,mpas15,pp,20260827,20260925,00Z,D1,6h,2.37,4.413,0.316,115,1.0,0.863,0.137,10,S/D,1.0,0.0,0,S/D,1.0,0.0,0,S/D,S/D,S/D,0
47E2C2BA,CANDARAVE,TACNA,CANDARAVE,ecmwf,pp,20260827,20260925,"00Z,12Z",D1,6h,0.032,0.185,0.268,234,1.0,0.778,0.222,2,S/D,1.0,0.0,0,S/D,S/D,S/D,0,S/D,S/D,S/D,0
47E2C2BA,CANDARAVE,TACNA,CANDARAVE,gfs,pp,20260827,20260925,"00Z,12Z",D1,6h,0.067,0.34,0.29,234,1.0,0.867,0.133,2,S/D,1.0,0.0,0,S/D,S/D,S/D,0,S/D,S/D,S/D,0
47E2C2BA,CANDARAVE,TACNA,CANDARAVE,eta5,pp,20260827,20260925,"00Z,12Z",D1,6h,0.045,0.343,0.433,197,1.0,0.714,0.286,2,S/D,1.0,0.0,0,S/D,S/D,S/D,0,S/D,S/D,S/D,0
47E2C2BA,CANDARAVE,TACNA,CANDARAVE,wrf5,pp,20260827,20260925,"00Z,12Z",D1,6h,0.031,0.299,-0.018,230,0.0,1.0,0.0,2,S/D,1.0,0.0,0,S/D,S/D,S/D,0,S/D,S/D,S/D,0
47E2C2BA,CANDARAVE,TACNA,CANDARAVE,mpas15,pp,20260827,20260925,00Z,D1,6h,0.037,0.232,-0.059,117,0.0,1.0,0.0,1,S/D,1.0,0.0,0,S/D,S/D,S/D,0,S/D,S/D,S/D,0
47E1654C,CORACHAY II,TACNA,CANDARAVE,ecmwf,pp,20260827,20260925,"00Z,12Z",D1,6h,0.088,0.392,0.251,230,0.75,0.87,0.125,4,S/D,1.0,0.0,0,S/D,S/D,S/D,0,S/D,S/D,S/D,0
47E1654C,CORACHAY II,TACNA,CANDARAVE,gfs,pp,20260827,20260925,"00Z,12Z",D1,6h,0.134,0.625,0.37,230,1.0,0.852,0.148,4,S/D,1.0,0.0,0,S/D,1.0,0.0,0,S/D,S/D,S/D,0
47E1654C,CORACHAY II,TACNA,CANDARAVE,eta5,pp,20260827,20260925,"00Z,12Z",D1,6h,0.061,0.375,0.406,193,1.0,0.625,0.375,3,S/D,1.0,0.0,0,S/D,S/D,S/D,0,S/D,S/D,S/D,0
47E1654C,CORACHAY II,TACNA,CANDARAVE,wrf5,pp,20260827,20260925,"00Z,12Z",D1,6h,0.069,0.497,0.41,226,0.75,0.7,0.273,4,S/D,1.0,0.0,0,S/D,1.0,0.0,0,S/D,S/D,S/D,0
47E1654C,CORACHAY II,TACNA,CANDARAVE,mpas15,pp,20260827,20260925,00Z,D1,6h,0.068,0.301,0.09,115,0.5,0.889,0.1,2,S/D,1.0,0.0,0,S/D,S/D,S/D,0,S/D,S/D,S/D,0
47E12646,LAGUNA ARICOTA,TACNA,CANDARAVE,ecmwf,pp,20260827,20260925,"00Z,12Z",D1,6h,0.031,0.186,S/D,230,S/D,1.0,0.0,0,S/D,1.0,0.0,0,S/D,S/D,S/D,0,S/D,S/D,S/D,0
47E12646,LAGUNA ARICOTA,TACNA,CANDARAVE,gfs,pp,20260827,20260925,"00Z,12Z",D1,6h,0.061,0.335,S/D,230,S/D,1.0,0.0,0,S/D,1.0,0.0,0,S/D,S/D,S/D,0,S/D,S/D,S/D,0
47E12646,LAGUNA ARICOTA,TACNA,CANDARAVE,eta5,pp,20260827,20260925,"00Z,12Z",D1,6h,0.009,0.08,S/D,193,S/D,1.0,0.0,0,S/D,S/D,S/D,0,S/D,S/D,S/D,0,S/D,S/D,S/D,0
47E12646,LAGUNA ARICOTA,TACNA,CANDARAVE,wrf5,pp,20260827,20260925,"00Z,12Z",D1,6h,0.027,0.267,S/D,226,S/D,1.0,0.0,0,S/D,1.0,0.0,0,S/D,S/D,S/D,0,S/D,S/D,S/D,0
47E12646,LAGUNA ARICOTA,TACNA,CANDARAVE,mpas15,pp,20260827,20260925,00Z,D1,6h,0.009,0.093,S/D,115,S/D,1.0,0.0,0,S/D,1.0,0.0,0,S/D,S/D,S/D,0,S/D,S/D,S/D,0
47E186BE,PUENTE VIEJO,TACNA,JORGE BASADRE,ecmwf,pp,20260827,20260925,"00Z,12Z",D1,6h,-0.321,2.126,0.001,232,0.167,0.833,0.091,30,0.0,S/D,0.0,12,0.0,S/D,0.0,4,S/D,S/D,S/D,0
47E186BE,PUENTE VIEJO,TACNA,JORGE BASADRE,gfs,pp,20260827,20260925,"00Z,12Z",D1,6h,-0.355,2.13,0.174,232,0.0,S/D,0.0,30,0.0,S/D,0.0,12,0.0,S/D,0.0,4,S/D,S/D,S/D,0
47E186BE,PUENTE VIEJO,TACNA,JORGE BASADRE,eta5,pp,20260827,20260925,"00Z,12Z",D1,6h,-0.283,1.725,-0.028,195,0.0,S/D,0.0,26,0.0,S/D,0.0,9,0.0,S/D,0.0,3,S/D,S/D,S/D,0
47E186BE,PUENTE VIEJO,TACNA,JORGE BASADRE,wrf5,pp,20260827,20260925,"00Z,12Z",D1,6h,-0.358,2.144,0.028,229,0.0,1.0,0.0,30,0.0,S/D,0.0,12,0.0,S/D,0.0,4,S/D,S/D,S/D,0
47E186BE,PUENTE VIEJO,TACNA,JORGE BASADRE,mpas15,pp,20260827,20260925,00Z,D1,6h,-0.347,2.131,0.028,116,0.0,1.0,0.0,15,0.0,S/D,0.0,6,0.0,S/D,0.0,2,S/D,S/D,S/D,0
47E2B42A,BOCATOMA EL AYRO,TACNA,TACNA,ecmwf,pp,20260827,20260925,"00Z,12Z",D1,6h,0.055,0.346,0.331,234,0.833,0.722,0.263,6,0.0,1.0,0.0,2,S/D,S/D,S/D,0,S/D,S/D,S/D,0
47E2B42A,BOCATOMA EL AYRO,TACNA,TACNA,gfs,pp,20260827,20260925,"00Z,12Z",D1,6h,0.158,0.836,0.499,234,1.0,0.667,0.333,6,1.0,0.778,0.222,2,S/D,1.0,0.0,0,S/D,S/D,S/D,0
47E2B42A,BOCATOMA EL AYRO,TACNA,TACNA,eta5,pp,20260827,20260925,"00Z,12Z",D1,6h,0.112,0.562,0.5,197,1.0,0.636,0.364,4,1.0,0.714,0.286,2,S/D,S/D,S/D,0,S/D,S/D,S/D,0
47E2B42A,BOCATOMA EL AYRO,TACNA,TACNA,wrf5,pp,20260827,20260925,"00Z,12Z",D1,6h,0.069,0.627,0.584,230,1.0,0.6,0.4,6,0.5,0.8,0.167,2,S/D,1.0,0.0,0,S/D,S/D,S/D,0
47E2B42A,BOCATOMA EL AYRO,TACNA,TACNA,mpas15,pp,20260827,20260925,00Z,D1,6h,0.108,0.671,0.326,117,1.0,0.5,0.5,3,1.0,0.8,0.2,1,S/D,1.0,0.0,0,S/D,S/D,S/D,0
47E143A0,CAPLINA,TACNA,TACNA,ecmwf,pp,20260827,20260925,"00Z,12Z",D1,6h,0.003,0.066,0.48,226,0.5,0.5,0.333,6,S/D,S/D,S/D,0,S/D,S/D,S/D,0,S/D,S/D,S/D,0
47E143A0,CAPLINA,TACNA,TACNA,gfs,pp,20260827,20260925,"00Z,12Z",D1,6h,0.029,0.195,0.636,226,0.833,0.444,0.5,6,S/D,1.0,0.0,0,S/D,S/D,S/D,0,S/D,S/D,S/D,0
47E143A0,CAPLINA,TACNA,TACNA,eta5,pp,20260827,20260925,"00Z,12Z",D1,6h,0.047,0.425,0.56,191,0.75,0.4,0.5,4,S/D,1.0,0.0,0,S/D,1.0,0.0,0,S/D,S/D,S/D,0
47E143A0,CAPLINA,TACNA,TACNA,wrf5,pp,20260827,20260925,"00Z,12Z",D1,6h,0.067,0.502,0.737,222,0.833,0.444,0.5,6,S/D,1.0,0.0,0,S/D,1.0,0.0,0,S/D,S/D,S/D,0
47E143A0,CAPLINA,TACNA,TACNA,mpas15,pp,20260827,20260925,00Z,D1,6h,0.036,0.24,0.298,113,0.667,0.333,0.5,3,S/D,1.0,0.0,0,S/D,S/D,S/D,0,S/D,S/D,S/D,0
47E13530,CERRO BLANCO,TACNA,TACNA,ecmwf,pp,20260827,20260925,"00Z,12Z",D1,6h,-0.065,0.217,0.489,230,0.235,0.2,0.222,34,0.0,S/D,0.0,2,S/D,S/D,S/D,0,S/D,S/D,S/D,0
47E13530,CERRO BLANCO,TACNA,TACNA,gfs,pp,20260827,20260925,"00Z,12Z",D1,6h,-0.078,0.242,-0.027,230,0.0,S/D,0.0,34,0.0,S/D,0.0,2,S/D,S/D,S/D,0,S/D,S/D,S/D,0
47E13530,CERRO BLANCO,TACNA,TACNA,eta5,pp,20260827,20260925,"00Z,12Z",D1,6h,-0.081,0.251,S/D,193,0.0,S/D,0.0,30,0.0,S/D,0.0,2,S/D,S/D,S/D,0,S/D,S/D,S/D,0
47E13530,CERRO BLANCO,TACNA,TACNA,wrf5,pp,20260827,20260925,"00Z,12Z",D1,6h,-0.077,0.243,0.401,226,0.0,1.0,0.0,34,0.0,S/D,0.0,2,S/D,S/D,S/D,0,S/D,S/D,S/D,0
47E13530,CERRO BLANCO,TACNA,TACNA,mpas15,pp,20260827,20260925,00Z,D1,6h,-0.078,0.242,-0.013,115,0.0,S/D,0.0,17,0.0,S/D,0.0,1,S/D,S/D,S/D,0,S/D,S/D,S/D,0
47E195C8,CHALLATA,TACNA,TACNA,ecmwf,pp,20260827,20260925,"00Z,12Z",D1,6h,0.011,0.069,S/D,228,S/D,1.0,0.0,0,S/D,S/D,S/D,0,S/D,S/D,S/D,0,S/D,S/D,S/D,0
47E195C8,CHALLATA,TACNA,TACNA,gfs,pp,20260827,20260925,"00Z,12Z",D1,6h,0.037,0.231,S/D,228,S/D,1.0,0.0,0,S/D,1.0,0.0,0,S/D,S/D,S/D,0,S/D,S/D,S/D,0
47E195C8,CHALLATA,TACNA,TACNA,eta5,pp,20260827,20260925,"00Z,12Z",D1,6h,0.0,0.004,S/D,191,S/D,S/D,S/D,0,S/D,S/D,S/D,0,S/D,S/D,S/D,0,S/D,S/D,S/D,0
47E195C8,CHALLATA,TACNA,TACNA,wrf5,pp,20260827,20260925,"00Z,12Z",D1,6h,0.004,0.045,S/D,224,S/D,1.0,0.0,0,S/D,S/D,S/D,0,S/D,S/D,S/D,0,S/D,S/D,S/D,0
47E195C8,CHALLATA,TACNA,TACNA,mpas15,pp,20260827,20260925,00Z,D1,6h,0.0,0.0,S/D,114,S/D,S/D,S/D,0,S/D,S/D,S/D,0,S/D,S/D,S/D,0,S/D,S/D,S/D,0
4722F344,LA TRANCA,TACNA,TACNA,ecmwf,pp,20260827,20260925,"00Z,12Z",D1,6h,S/D,S/D,S/D,0,S/D,S/D,S/D,0,S/D,S/D,S/D,0,S/D,S/D,S/D,0,S/D,S/D,S/D,0
4722F344,LA TRANCA,TACNA,TACNA,gfs,pp,20260827,20260925,"00Z,12Z",D1,6h,S/D,S/D,S/D,0,S/D,S/D,S/D,0,S/D,S/D,S/D,0,S/D,S/D,S/D,0,S/D,S/D,S/D,0
4722F344,LA TRANCA,TACNA,TACNA,eta5,pp,20260827,20260925,"00Z,12Z",D1,6h,S/D,S/D,S/D,0,S/D,S/D,S/D,0,S/D,S/D,S/D,0,S/D,S/D,S/D,0,S/D,S/D,S/D,0
4722F344,LA TRANCA,TACNA,TACNA,wrf5,pp,20260827,20260925,"00Z,12Z",D1,6h,S/D,S/D,S/D,0,S/D,S/D,S/D,0,S/D,S/D,S/D,0,S/D,S/D,S/D,0,S/D,S/D,S/D,0
4722F344,LA TRANCA,TACNA,TACNA,mpas15,pp,20260827,20260925,00Z,D1,6h,S/D,S/D,S/D,0,S/D,S/D,S/D,0,S/D,S/D,S/D,0,S/D,S/D,S/D,0,S/D,S/D,S/D,0
47E113DC,REPRESA PAUCARANI,TACNA,TACNA,ecmwf,pp,20260827,20260925,"00Z,12Z",D1,6h,0.062,0.32,0.389,230,0.625,0.667,0.278,8,S/D,1.0,0.0,0,S/D,S/D,S/D,0,S/D,S/D,S/D,0
47E113DC,REPRESA PAUCARANI,TACNA,TACNA,gfs,pp,20260827,20260925,"00Z,12Z",D1,6h,0.107,0.643,0.447,230,0.75,0.571,0.375,8,S/D,1.0,0.0,0,S/D,1.0,0.0,0,S/D,S/D,S/D,0
47E113DC,REPRESA PAUCARANI,TACNA,TACNA,eta5,pp,20260827,20260925,"00Z,12Z",D1,6h,0.095,0.562,0.366,194,0.667,0.692,0.267,6,S/D,1.0,0.0,0,S/D,1.0,0.0,0,S/D,S/D,S/D,0
47E113DC,REPRESA PAUCARANI,TACNA,TACNA,wrf5,pp,20260827,20260925,"00Z,12Z",D1,6h,0.107,0.817,0.512,226,0.625,0.583,0.333,8,S/D,1.0,0.0,0,S/D,1.0,0.0,0,S/D,S/D,S/D,0
47E113DC,REPRESA PAUCARANI,TACNA,TACNA,mpas15,pp,20260827,20260925,00Z,D1,6h,0.028,0.212,0.302,115,0.5,0.333,0.4,4,S/D,1.0,0.0,0,S/D,S/D,S/D,0,S/D,S/D,S/D,0
117059,ANCOAQUE,TACNA,TARATA,ecmwf,pp,20260827,20260925,"00Z,12Z",D1,6h,0.06,0.351,0.295,182,0.667,0.556,0.364,6,S/D,1.0,0.0,0,S/D,S/D,S/D,0,S/D,S/D,S/D,0
117059,ANCOAQUE,TACNA,TARATA,gfs,pp,20260827,20260925,"00Z,12Z",D1,6h,0.116,0.677,0.362,182,0.667,0.75,0.222,6,S/D,1.0,0.0,0,S/D,1.0,0.0,0,S/D,S/D,S/D,0
117059,ANCOAQUE,TACNA,TARATA,eta5,pp,20260827,20260925,"00Z,12Z",D1,6h,0.067,0.384,0.327,151,0.6,0.5,0.375,5,S/D,1.0,0.0,0,S/D,S/D,S/D,0,S/D,S/D,S/D,0
117059,ANCOAQUE,TACNA,TARATA,wrf5,pp,20260827,20260925,"00Z,12Z",D1,6h,0.104,0.844,0.465,179,0.667,0.556,0.364,6,S/D,1.0,0.0,0,S/D,1.0,0.0,0,S/D,S/D,S/D,0
117059,ANCOAQUE,TACNA,TARATA,mpas15,pp,20260827,20260925,00Z,D1,6h,0.204,0.74,0.334,91,1.0,0.667,0.333,3,S/D,1.0,0.0,0,S/D,S/D,S/D,0,S/D,S/D,S/D,0
47E292C6,CHUAPALCA,TACNA,TARATA,ecmwf,pp,20260827,20260925,"00Z,12Z",D1,6h,0.062,0.383,0.151,232,0.5,0.846,0.133,4,S/D,1.0,0.0,0,S/D,S/D,S/D,0,S/D,S/D,S/D,0
47E292C6,CHUAPALCA,TACNA,TARATA,gfs,pp,20260827,20260925,"00Z,12Z",D1,6h,0.164,0.801,0.178,232,0.5,0.909,0.083,4,S/D,1.0,0.0,0,S/D,1.0,0.0,0,S/D,S/D,S/D,0
47E292C6,CHUAPALCA,TACNA,TARATA,eta5,pp,20260827,20260925,"00Z,12Z",D1,6h,0.13,0.629,0.249,195,0.5,0.833,0.143,4,S/D,1.0,0.0,0,S/D,S/D,S/D,0,S/D,S/D,S/D,0
47E292C6,CHUAPALCA,TACNA,TARATA,wrf5,pp,20260827,20260925,"00Z,12Z",D1,6h,0.06,0.336,0.211,228,0.5,0.867,0.118,4,S/D,1.0,0.0,0,S/D,S/D,S/D,0,S/D,S/D,S/D,0
47E292C6,CHUAPALCA,TACNA,TARATA,mpas15,pp,20260827,20260925,00Z,D1,6h,0.203,0.745,0.083,116,0.5,0.929,0.067,2,S/D,1.0,0.0,0,S/D,1.0,0.0,0,S/D,S/D,S/D,0
47E150D6,PUENTE TALAPALCA,TACNA,TARATA,ecmwf,pp,20260827,20260925,"00Z,12Z",D1,6h,0.001,0.009,S/D,222,S/D,S/D,S/D,0,S/D,S/D,S/D,0,S/D,S/D,S/D,0,S/D,S/D,S/D,0
47E150D6,PUENTE TALAPALCA,TACNA,TARATA,gfs,pp,20260827,20260925,"00Z,12Z",D1,6h,0.006,0.055,S/D,222,S/D,1.0,0.0,0,S/D,S/D,S/D,0,S/D,S/D,S/D,0,S/D,S/D,S/D,0
47E150D6,PUENTE TALAPALCA,TACNA,TARATA,eta5,pp,20260827,20260925,"00Z,12Z",D1,6h,0.01,0.108,S/D,187,S/D,1.0,0.0,0,S/D,1.0,0.0,0,S/D,S/D,S/D,0,S/D,S/D,S/D,0
47E150D6,PUENTE TALAPALCA,TACNA,TARATA,wrf5,pp,20260827,20260925,"00Z,12Z",D1,6h,0.004,0.042,S/D,218,S/D,1.0,0.0,0,S/D,S/D,S/D,0,S/D,S/D,S/D,0,S/D,S/D,S/D,0
47E150D6,PUENTE TALAPALCA,TACNA,TARATA,mpas15,pp,20260827,20260925,00Z,D1,6h,0.027,0.164,S/D,111,S/D,1.0,0.0,0,S/D,1.0,0.0,0,S/D,S/D,S/D,0,S/D,S/D,S/D,0
47E1B324,REPRESA JARUMAS,TACNA,TARATA,ecmwf,pp,20260827,20260925,"00Z,12Z",D1,6h,0.073,0.436,0.187,230,0.375,0.75,0.176,8,S/D,1.0,0.0,0,S/D,S/D,S/D,0,S/D,S/D,S/D,0
47E1B324,REPRESA JARUMAS,TACNA,TARATA,gfs,pp,20260827,20260925,"00Z,12Z",D1,6h,0.125,0.708,0.236,230,0.5,0.81,0.16,8,S/D,1.0,0.0,0,S/D,1.0,0.0,0,S/D,S/D,S/D,0
47E1B324,REPRESA JARUMAS,TACNA,TARATA,eta5,pp,20260827,20260925,"00Z,12Z",D1,6h,0.092,0.531,0.223,194,0.429,0.727,0.2,7,S/D,1.0,0.0,0,S/D,S/D,S/D,0,S/D,S/D,S/D,0
47E1B324,REPRESA JARUMAS,TACNA,TARATA,wrf5,pp,20260827,20260925,"00Z,12Z",D1,6h,0.1,0.732,0.29,226,0.375,0.75,0.176,8,S/D,1.0,0.0,0,S/D,1.0,0.0,0,S/D,S/D,S/D,0
47E1B324,REPRESA JARUMAS,TACNA,TARATA,mpas15,pp,20260827,20260925,00Z,D1,6h,0.057,0.304,0.179,115,0.25,0.857,0.1,4,S/D,1.0,0.0,0,S/D,S/D,S/D,0,S/D,S/D,S/D,0
47E1763A,SALIDA TUNEL KOVIRE,TACNA,TARATA,ecmwf,pp,20260827,20260925,"00Z,12Z",D1,6h,0.064,0.394,0.473,230,0.75,0.5,0.429,8,S/D,1.0,0.0,0,S/D,S/D,S/D,0,S/D,S/D,S/D,0
47E1763A,SALIDA TUNEL KOVIRE,TACNA,TARATA,gfs,pp,20260827,20260925,"00Z,12Z",D1,6h,0.117,0.652,0.573,230,1.0,0.619,0.381,8,S/D,1.0,0.0,0,S/D,1.0,0.0,0,S/D,S/D,S/D,0
47E1763A,SALIDA TUNEL KOVIRE,TACNA,TARATA,eta5,pp,20260827,20260925,"00Z,12Z",D1,6h,0.092,0.544,0.524,193,1.0,0.583,0.417,5,S/D,1.0,0.0,0,S/D,1.0,0.0,0,S/D,S/D,S/D,0
47E1763A,SALIDA TUNEL KOVIRE,TACNA,TARATA,wrf5,pp,20260827,20260925,"00Z,12Z",D1,6h,0.097,0.715,0.652,226,0.875,0.417,0.538,8,S/D,1.0,0.0,0,S/D,1.0,0.0,0,S/D,S/D,S/D,0
47E1763A,SALIDA TUNEL KOVIRE,TACNA,TARATA,mpas15,pp,20260827,20260925,00Z,D1,6h,0.066,0.327,0.336,115,0.75,0.571,0.375,4,S/D,1.0,0.0,0,S/D,S/D,S/D,0,S/D,S/D,S/D,0
47E2D1CC,TARATA,TACNA,TARATA,ecmwf,pp,20260827,20260925,"00Z,12Z",D1,6h,0.02,0.194,0.753,236,0.5,0.5,0.333,10,0.5,0.667,0.25,2,S/D,S/D,S/D,0,S/D,S/D,S/D,0
47E2D1CC,TARATA,TACNA,TARATA,gfs,pp,20260827,20260925,"00Z,12Z",D1,6h,0.062,0.38,0.667,236,0.8,0.429,0.5,10,1.0,0.667,0.333,2,S/D,S/D,S/D,0,S/D,S/D,S/D,0
47E2D1CC,TARATA,TACNA,TARATA,eta5,pp,20260827,20260925,"00Z,12Z",D1,6h,0.048,0.395,0.704,199,0.714,0.286,0.556,7,0.0,1.0,0.0,1,S/D,S/D,S/D,0,S/D,S/D,S/D,0
47E2D1CC,TARATA,TACNA,TARATA,wrf5,pp,20260827,20260925,"00Z,12Z",D1,6h,0.014,0.213,0.831,232,0.4,0.0,0.4,10,0.0,1.0,0.0,2,S/D,S/D,S/D,0,S/D,S/D,S/D,0
47E2D1CC,TARATA,TACNA,TARATA,mpas15,pp,20260827,20260925,00Z,D1,6h,0.063,0.293,0.425,118,1.0,0.167,0.833,5,1.0,0.8,0.2,1,S/D,S/D,S/D,0,S/D,S/D,S/D,0
47E2A75C,VILACOTA,TACNA,TARATA,ecmwf,pp,20260827,20260925,"00Z,12Z",D1,6h,0.094,0.407,0.291,234,1.0,0.81,0.19,4,S/D,1.0,0.0,0,S/D,S/D,S/D,0,S/D,S/D,S/D,0
47E2A75C,VILACOTA,TACNA,TARATA,gfs,pp,20260827,20260925,"00Z,12Z",D1,6h,0.155,0.769,0.362,234,1.0,0.818,0.182,4,S/D,1.0,0.0,0,S/D,1.0,0.0,0,S/D,S/D,S/D,0
47E2A75C,VILACOTA,TACNA,TARATA,eta5,pp,20260827,20260925,"00Z,12Z",D1,6h,0.096,0.499,0.397,198,1.0,0.692,0.308,4,S/D,1.0,0.0,0,S/D,S/D,S/D,0,S/D,S/D,S/D,0
47E2A75C,VILACOTA,TACNA,TARATA,wrf5,pp,20260827,20260925,"00Z,12Z",D1,6h,0.075,0.548,0.377,230,1.0,0.714,0.286,4,S/D,1.0,0.0,0,S/D,1.0,0.0,0,S/D,S/D,S/D,0
47E2A75C,VILACOTA,TACNA,TARATA,mpas15,pp,20260827,20260925,00Z,D1,6h,0.296,0.917,0.26,117,1.0,0.882,0.118,2,S/D,1.0,0.0,0,S/D,S/D,S/D,0,S/D,S/D,S/D,0
472F13D0,CAÑAVERAL,TUMBES,CONTRALMIRANTE VILLAR,ecmwf,pp,20260827,20260925,"00Z,12Z",D1,6h,0.192,1.452,0.271,232,0.4,0.875,0.105,10,1.0,0.667,0.333,4,0.5,0.0,0.5,4,S/D,S/D,S/D,0
472F13D0,CAÑAVERAL,TUMBES,CONTRALMIRANTE VILLAR,gfs,pp,20260827,20260925,"00Z,12Z",D1,6h,0.041,0.577,0.297,232,0.6,0.818,0.162,10,1.0,0.429,0.571,4,0.75,0.0,0.75,4,S/D,S/D,S/D,0
472F13D0,CAÑAVERAL,TUMBES,CONTRALMIRANTE VILLAR,eta5,pp,20260827,20260925,"00Z,12Z",D1,6h,0.257,0.937,0.296,195,0.857,0.857,0.14,7,1.0,0.909,0.091,2,0.5,0.5,0.333,2,S/D,S/D,S/D,0
472F13D0,CAÑAVERAL,TUMBES,CONTRALMIRANTE VILLAR,wrf5,pp,20260827,20260925,"00Z,12Z",D1,6h,-0.084,0.888,0.228,228,0.3,0.842,0.115,10,0.75,0.25,0.6,4,0.0,S/D,0.0,4,S/D,S/D,S/D,0
472F13D0,CAÑAVERAL,TUMBES,CONTRALMIRANTE VILLAR,mpas15,pp,20260827,20260925,00Z,D1,6h,-0.083,0.877,0.078,116,0.2,0.8,0.111,5,0.5,0.667,0.25,2,0.0,S/D,0.0,2,S/D,S/D,S/D,0
47E01126,CABO INGA H,TUMBES,TUMBES,ecmwf,pp,20260827,20260925,"00Z,12Z",D1,6h,-0.25,2.322,0.333,228,0.654,0.717,0.246,26,0.571,0.619,0.296,14,0.25,0.0,0.25,8,0.0,S/D,0.0,2
47E01126,CABO INGA H,TUMBES,TUMBES,gfs,pp,20260827,20260925,"00Z,12Z",D1,6h,-0.4,2.869,0.416,228,0.654,0.685,0.27,26,0.357,0.667,0.208,14,0.25,0.0,0.25,8,0.0,S/D,0.0,2
47E01126,CABO INGA H,TUMBES,TUMBES,eta5,pp,20260827,20260925,"00Z,12Z",D1,6h,0.447,2.879,0.244,193,0.636,0.788,0.189,22,0.636,0.833,0.152,11,0.2,0.917,0.062,5,0.0,S/D,0.0,1
47E01126,CABO INGA H,TUMBES,TUMBES,wrf5,pp,20260827,20260925,"00Z,12Z",D1,6h,-0.321,2.772,0.36,224,0.538,0.576,0.311,26,0.357,0.545,0.25,14,0.25,0.0,0.25,8,0.5,0.0,0.5,2
47E01126,CABO INGA H,TUMBES,TUMBES,mpas15,pp,20260827,20260925,00Z,D1,6h,-0.544,3.643,0.052,114,0.231,0.786,0.125,13,0.143,0.857,0.077,7,0.25,0.0,0.25,4,0.0,S/D,0.0,1
472F00A6,CABO INGA M,TUMBES,TUMBES,ecmwf,pp,20260827,20260925,"00Z,12Z",D1,6h,-0.432,3.002,0.405,228,0.818,0.7,0.281,22,0.643,0.591,0.333,14,0.3,0.0,0.3,10,0.0,S/D,0.0,2
472F00A6,CABO INGA M,TUMBES,TUMBES,gfs,pp,20260827,20260925,"00Z,12Z",D1,6h,-0.565,3.416,0.435,228,0.682,0.717,0.25,22,0.5,0.588,0.292,14,0.3,0.0,0.3,10,0.0,S/D,0.0,2
472F00A6,CABO INGA M,TUMBES,TUMBES,eta5,pp,20260827,20260925,"00Z,12Z",D1,6h,0.353,3.128,0.291,191,0.765,0.8,0.188,17,0.7,0.837,0.152,10,0.333,0.846,0.118,6,0.0,S/D,0.0,1
472F00A6,CABO INGA M,TUMBES,TUMBES,wrf5,pp,20260827,20260925,"00Z,12Z",D1,6h,-0.495,3.486,0.402,224,0.636,0.562,0.35,22,0.5,0.562,0.304,14,0.3,0.0,0.3,10,0.5,0.0,0.5,2
472F00A6,CABO INGA M,TUMBES,TUMBES,mpas15,pp,20260827,20260925,00Z,D1,6h,-0.757,4.277,0.098,114,0.273,0.786,0.136,11,0.143,0.857,0.077,7,0.2,0.0,0.2,5,0.0,S/D,0.0,1
472EF2D8,CAMPAMENTO SEDE,TUMBES,TUMBES,ecmwf,pp,20260827,20260925,"00Z,12Z",D1,6h,-0.076,0.993,-0.043,158,0.1,0.933,0.042,10,0.0,1.0,0.0,2,0.0,S/D,0.0,2,S/D,S/D,S/D,0
472EF2D8,CAMPAMENTO SEDE,TUMBES,TUMBES,gfs,pp,20260827,20260925,"00Z,12Z",D1,6h,-0.08,0.999,-0.076,158,0.0,1.0,0.0,10,0.0,1.0,0.0,2,0.0,S/D,0.0,2,S/D,S/D,S/D,0
472EF2D8,CAMPAMENTO SEDE,TUMBES,TUMBES,eta5,pp,20260827,20260925,"00Z,12Z",D1,6h,0.331,1.348,-0.079,131,0.125,0.966,0.028,8,1.0,0.923,0.077,1,0.0,1.0,0.0,1,S/D,S/D,S/D,0
472EF2D8,CAMPAMENTO SEDE,TUMBES,TUMBES,wrf5,pp,20260827,20260925,"00Z,12Z",D1,6h,-0.103,0.995,-0.069,157,0.0,1.0,0.0,10,0.0,S/D,0.0,2,0.0,S/D,0.0,2,S/D,S/D,S/D,0
472EF2D8,CAMPAMENTO SEDE,TUMBES,TUMBES,mpas15,pp,20260827,20260925,00Z,D1,6h,-0.059,0.915,-0.021,79,0.2,0.75,0.125,5,1.0,0.667,0.333,1,0.0,S/D,0.0,1,S/D,S/D,S/D,0
4724A3F6,EL TIGRE,TUMBES,TUMBES,ecmwf,pp,20260827,20260925,"00Z,12Z",D1,6h,0.163,0.738,0.286,214,1.0,0.864,0.136,6,1.0,0.846,0.154,2,0.0,1.0,0.0,2,S/D,S/D,S/D,0
4724A3F6,EL TIGRE,TUMBES,TUMBES,gfs,pp,20260827,20260925,"00Z,12Z",D1,6h,0.077,0.661,0.253,214,0.667,0.889,0.105,6,1.0,0.667,0.333,2,0.0,1.0,0.0,2,S/D,S/D,S/D,0
4724A3F6,EL TIGRE,TUMBES,TUMBES,eta5,pp,20260827,20260925,"00Z,12Z",D1,6h,0.511,1.511,0.198,181,1.0,0.945,0.055,3,1.0,0.962,0.038,1,1.0,0.857,0.143,1,S/D,S/D,S/D,0
4724A3F6,EL TIGRE,TUMBES,TUMBES,wrf5,pp,20260827,20260925,"00Z,12Z",D1,6h,0.025,0.631,0.268,210,0.667,0.778,0.2,6,1.0,0.667,0.333,2,0.0,1.0,0.0,2,S/D,S/D,S/D,0
4724A3F6,EL TIGRE,TUMBES,TUMBES,mpas15,pp,20260827,20260925,00Z,D1,6h,0.054,0.772,0.289,107,0.667,0.8,0.182,3,0.0,1.0,0.0,1,0.0,S/D,0.0,1,S/D,S/D,S/D,0
472F43AC,HUASIMO,TUMBES,TUMBES,ecmwf,pp,20260827,20260925,"00Z,12Z",D1,6h,0.056,1.338,0.373,230,0.889,0.742,0.25,18,0.583,0.696,0.25,12,0.5,0.0,0.5,6,S/D,S/D,S/D,0
472F43AC,HUASIMO,TUMBES,TUMBES,gfs,pp,20260827,20260925,"00Z,12Z",D1,6h,-0.083,1.411,0.345,230,0.722,0.768,0.213,18,0.5,0.647,0.261,12,0.5,0.0,0.5,6,S/D,S/D,S/D,0
472F43AC,HUASIMO,TUMBES,TUMBES,eta5,pp,20260827,20260925,"00Z,12Z",D1,6h,0.242,1.614,0.28,193,0.769,0.815,0.175,13,0.625,0.8,0.179,8,0.667,0.6,0.333,3,S/D,S/D,S/D,0
472F43AC,HUASIMO,TUMBES,TUMBES,wrf5,pp,20260827,20260925,"00Z,12Z",D1,6h,-0.178,1.79,0.319,226,0.556,0.714,0.233,18,0.583,0.125,0.538,12,0.333,0.0,0.333,6,S/D,1.0,0.0,0
472F43AC,HUASIMO,TUMBES,TUMBES,mpas15,pp,20260827,20260925,00Z,D1,6h,-0.323,2.356,0.137,115,0.222,0.846,0.1,9,0.167,0.8,0.1,6,0.0,S/D,0.0,3,S/D,S/D,S/D,0
47E024BC,PUENTE TUMBES,TUMBES,TUMBES,ecmwf,pp,20260827,20260925,"00Z,12Z",D1,6h,-0.032,0.53,0.221,228,0.167,0.944,0.043,6,0.0,1.0,0.0,4,S/D,S/D,S/D,0,S/D,S/D,S/D,0
47E024BC,PUENTE TUMBES,TUMBES,TUMBES,gfs,pp,20260827,20260925,"00Z,12Z",D1,6h,-0.037,0.528,0.045,228,0.0,1.0,0.0,6,0.0,1.0,0.0,4,S/D,S/D,S/D,0,S/D,S/D,S/D,0
47E024BC,PUENTE TUMBES,TUMBES,TUMBES,eta5,pp,20260827,20260925,"00Z,12Z",D1,6h,0.3,1.095,0.174,193,0.8,0.918,0.08,5,0.667,0.875,0.118,3,S/D,1.0,0.0,0,S/D,S/D,S/D,0
47E024BC,PUENTE TUMBES,TUMBES,TUMBES,wrf5,pp,20260827,20260925,"00Z,12Z",D1,6h,-0.044,0.482,0.115,224,0.0,1.0,0.0,5,0.0,S/D,0.0,3,S/D,S/D,S/D,0,S/D,S/D,S/D,0
47E024BC,PUENTE TUMBES,TUMBES,TUMBES,mpas15,pp,20260827,20260925,00Z,D1,6h,-0.021,0.498,0.15,114,0.333,0.8,0.143,3,0.5,0.667,0.25,2,S/D,S/D,S/D,0,S/D,S/D,S/D,0
103068,PUERTO PIZARRO,TUMBES,TUMBES,ecmwf,pp,20260827,20260925,"00Z,12Z",D1,6h,0.162,0.298,S/D,4,S/D,1.0,0.0,0,S/D,S/D,S/D,0,S/D,S/D,S/D,0,S/D,S/D,S/D,0
103068,PUERTO PIZARRO,TUMBES,TUMBES,gfs,pp,20260827,20260925,"00Z,12Z",D1,6h,0.031,0.044,S/D,4,S/D,S/D,S/D,0,S/D,S/D,S/D,0,S/D,S/D,S/D,0,S/D,S/D,S/D,0
103068,PUERTO PIZARRO,TUMBES,TUMBES,eta5,pp,20260827,20260925,"00Z,12Z",D1,6h,0.0,0.0,S/D,2,S/D,S/D,S/D,0,S/D,S/D,S/D,0,S/D,S/D,S/D,0,S/D,S/D,S/D,0
103068,PUERTO PIZARRO,TUMBES,TUMBES,wrf5,pp,20260827,20260925,"00Z,12Z",D1,6h,0.002,0.005,S/D,4,S/D,S/D,S/D,0,S/D,S/D,S/D,0,S/D,S/D,S/D,0,S/D,S/D,S/D,0
103068,PUERTO PIZARRO,TUMBES,TUMBES,mpas15,pp,20260827,20260925,00Z,D1,6h,1.0,1.414,S/D,2,S/D,1.0,0.0,0,S/D,1.0,0.0,0,S/D,S/D,S/D,0,S/D,S/D,S/D,0
472F264A,RICA PLAYA,TUMBES,TUMBES,ecmwf,pp,20260827,20260925,"00Z,12Z",D1,6h,-0.015,1.125,0.342,232,0.667,0.739,0.231,18,0.667,0.692,0.267,6,0.25,0.0,0.25,4,S/D,S/D,S/D,0
472F264A,RICA PLAYA,TUMBES,TUMBES,gfs,pp,20260827,20260925,"00Z,12Z",D1,6h,-0.095,1.051,0.446,232,0.778,0.632,0.333,18,0.667,0.333,0.5,6,0.25,0.0,0.25,4,S/D,S/D,S/D,0
472F264A,RICA PLAYA,TUMBES,TUMBES,eta5,pp,20260827,20260925,"00Z,12Z",D1,6h,0.312,1.108,0.239,195,0.714,0.815,0.172,14,0.667,0.929,0.069,3,1.0,0.5,0.5,2,S/D,S/D,S/D,0
472F264A,RICA PLAYA,TUMBES,TUMBES,wrf5,pp,20260827,20260925,"00Z,12Z",D1,6h,-0.125,1.172,0.268,228,0.333,0.727,0.176,18,0.5,0.571,0.3,6,0.25,0.0,0.25,4,S/D,S/D,S/D,0
472F264A,RICA PLAYA,TUMBES,TUMBES,mpas15,pp,20260827,20260925,00Z,D1,6h,-0.118,1.452,0.201,116,0.444,0.6,0.267,9,0.333,0.8,0.143,3,0.0,S/D,0.0,2,S/D,S/D,S/D,0
472F353C,MATAPALO,TUMBES,ZARUMILLA,ecmwf,pp,20260827,20260925,"00Z,12Z",D1,6h,0.228,1.204,0.068,230,0.417,0.937,0.058,12,0.5,0.909,0.083,4,1.0,0.333,0.667,2,S/D,S/D,S/D,0
472F353C,MATAPALO,TUMBES,ZARUMILLA,gfs,pp,20260827,20260925,"00Z,12Z",D1,6h,0.074,1.589,0.058,230,0.417,0.936,0.059,12,0.5,0.875,0.111,4,1.0,0.0,1.0,2,S/D,S/D,S/D,0
472F353C,MATAPALO,TUMBES,ZARUMILLA,eta5,pp,20260827,20260925,"00Z,12Z",D1,6h,1.242,2.719,0.01,194,0.7,0.938,0.061,10,0.333,0.984,0.015,3,1.0,0.941,0.059,1,S/D,S/D,S/D,0
472F353C,MATAPALO,TUMBES,ZARUMILLA,wrf5,pp,20260827,20260925,"00Z,12Z",D1,6h,-0.212,2.256,0.119,226,0.167,0.909,0.062,12,0.0,1.0,0.0,4,0.0,S/D,0.0,2,S/D,S/D,S/D,0
472F353C,MATAPALO,TUMBES,ZARUMILLA,mpas15,pp,20260827,20260925,00Z,D1,6h,0.007,2.39,-0.024,115,0.0,1.0,0.0,6,0.0,1.0,0.0,2,0.0,1.0,0.0,1,S/D,S/D,S/D,0
47E86310,CALLERIA,UCAYALI,CORONEL PORTILLO,ecmwf,pp,20260827,20260925,"00Z,12Z",D1,6h,S/D,S/D,S/D,0,S/D,S/D,S/D,0,S/D,S/D,S/D,0,S/D,S/D,S/D,0,S/D,S/D,S/D,0
47E86310,CALLERIA,UCAYALI,CORONEL PORTILLO,gfs,pp,20260827,20260925,"00Z,12Z",D1,6h,S/D,S/D,S/D,0,S/D,S/D,S/D,0,S/D,S/D,S/D,0,S/D,S/D,S/D,0,S/D,S/D,S/D,0
47E86310,CALLERIA,UCAYALI,CORONEL PORTILLO,eta5,pp,20260827,20260925,"00Z,12Z",D1,6h,S/D,S/D,S/D,0,S/D,S/D,S/D,0,S/D,S/D,S/D,0,S/D,S/D,S/D,0,S/D,S/D,S/D,0
47E86310,CALLERIA,UCAYALI,CORONEL PORTILLO,wrf5,pp,20260827,20260925,"00Z,12Z",D1,6h,S/D,S/D,S/D,0,S/D,S/D,S/D,0,S/D,S/D,S/D,0,S/D,S/D,S/D,0,S/D,S/D,S/D,0
47E86310,CALLERIA,UCAYALI,CORONEL PORTILLO,mpas15,pp,20260827,20260925,00Z,D1,6h,S/D,S/D,S/D,0,S/D,S/D,S/D,0,S/D,S/D,S/D,0,S/D,S/D,S/D,0,S/D,S/D,S/D,0
47E87066,PUERTO ESPERANZA,UCAYALI,PURUS,ecmwf,pp,20260827,20260925,"00Z,12Z",D1,6h,-0.176,5.282,0.383,232,0.818,0.791,0.2,22,0.571,0.75,0.211,14,0.5,0.545,0.312,10,0.0,S/D,0.0,4
47E87066,PUERTO ESPERANZA,UCAYALI,PURUS,gfs,pp,20260827,20260925,"00Z,12Z",D1,6h,-0.712,5.357,0.418,232,0.727,0.692,0.276,22,0.571,0.636,0.286,14,0.2,0.333,0.182,10,0.0,S/D,0.0,4
47E87066,PUERTO ESPERANZA,UCAYALI,PURUS,eta5,pp,20260827,20260925,"00Z,12Z",D1,6h,-0.707,5.768,0.451,195,0.727,0.644,0.314,22,0.5,0.759,0.194,14,0.4,0.333,0.333,10,0.0,S/D,0.0,4
47E87066,PUERTO ESPERANZA,UCAYALI,PURUS,wrf5,pp,20260827,20260925,"00Z,12Z",D1,6h,-0.858,6.17,0.456,229,0.545,0.333,0.429,22,0.214,0.571,0.167,14,0.0,1.0,0.0,10,0.0,1.0,0.0,4
47E87066,PUERTO ESPERANZA,UCAYALI,PURUS,mpas15,pp,20260827,20260925,00Z,D1,6h,0.534,4.787,0.361,116,0.909,0.792,0.204,11,0.857,0.86,0.136,7,0.6,0.7,0.25,5,0.0,S/D,0.0,2
270001,DESAGUADERO,PUNO,CHUCUITO,ecmwf,pp,20260827,20260925,"00Z,12Z",D1,6h,S/D,S/D,S/D,0,S/D,S/D,S/D,0,S/D,S/D,S/D,0,S/D,S/D,S/D,0,S/D,S/D,S/D,0
270001,DESAGUADERO,PUNO,CHUCUITO,gfs,pp,20260827,20260925,"00Z,12Z",D1,6h,S/D,S/D,S/D,0,S/D,S/D,S/D,0,S/D,S/D,S/D,0,S/D,S/D,S/D,0,S/D,S/D,S/D,0
270001,DESAGUADERO,PUNO,CHUCUITO,eta5,pp,20260827,20260925,"00Z,12Z",D1,6h,S/D,S/D,S/D,0,S/D,S/D,S/D,0,S/D,S/D,S/D,0,S/D,S/D,S/D,0,S/D,S/D,S/D,0
270001,DESAGUADERO,PUNO,CHUCUITO,wrf5,pp,20260827,20260925,"00Z,12Z",D1,6h,S/D,S/D,S/D,0,S/D,S/D,S/D,0,S/D,S/D,S/D,0,S/D,S/D,S/D,0,S/D,S/D,S/D,0
270001,DESAGUADERO,PUNO,CHUCUITO,mpas15,pp,20260827,20260925,00Z,D1,6h,S/D,S/D,S/D,0,S/D,S/D,S/D,0,S/D,S/D,S/D,0,S/D,S/D,S/D,0,S/D,S/D,S/D,0
101004,GUEPPI,LORETO,PUTUMAYO,ecmwf,pp,20260827,20260925,"00Z,12Z",D1,6h,2.025,3.402,S/D,232,S/D,1.0,0.0,0,S/D,1.0,0.0,0,S/D,1.0,0.0,0,S/D,S/D,S/D,0
101004,GUEPPI,LORETO,PUTUMAYO,gfs,pp,20260827,20260925,"00Z,12Z",D1,6h,1.3,2.405,S/D,232,S/D,1.0,0.0,0,S/D,1.0,0.0,0,S/D,1.0,0.0,0,S/D,S/D,S/D,0
101004,GUEPPI,LORETO,PUTUMAYO,eta5,pp,20260827,20260925,"00Z,12Z",D1,6h,2.341,4.566,S/D,195,S/D,1.0,0.0,0,S/D,1.0,0.0,0,S/D,1.0,0.0,0,S/D,S/D,S/D,0
101004,GUEPPI,LORETO,PUTUMAYO,wrf5,pp,20260827,20260925,"00Z,12Z",D1,6h,0.299,1.034,S/D,228,S/D,1.0,0.0,0,S/D,1.0,0.0,0,S/D,1.0,0.0,0,S/D,S/D,S/D,0
101004,GUEPPI,LORETO,PUTUMAYO,mpas15,pp,20260827,20260925,00Z,D1,6h,2.034,4.271,S/D,116,S/D,1.0,0.0,0,S/D,1.0,0.0,0,S/D,1.0,0.0,0,S/D,S/D,S/D,0
