codigo,estacion,departamento,provincia,modelo,variable,periodo_inicio,periodo_fin,ciclos,horizonte,resolucion,bias,rmse,spearman,n,pod_0p1,far_0p1,csi_0p1,eventos_0p1,pod_1,far_1,csi_1,eventos_1,pod_5,far_5,csi_5,eventos_5,pod_25,far_25,csi_25,eventos_25
472B55E0,PUENTE SALINAS AMOJAO,AMAZONAS,BAGUA,ecmwf,pp,20260828,20260926,"00Z,12Z",D1,6h,-0.218,1.82,0.242,46,0.714,0.643,0.312,14,0.333,0.8,0.143,6,0.0,S/D,0.0,4,S/D,S/D,S/D,0
472B55E0,PUENTE SALINAS AMOJAO,AMAZONAS,BAGUA,gfs,pp,20260828,20260926,"00Z,12Z",D1,6h,-0.188,2.01,0.087,46,0.929,0.629,0.361,14,0.0,1.0,0.0,6,0.0,S/D,0.0,4,S/D,S/D,S/D,0
472B55E0,PUENTE SALINAS AMOJAO,AMAZONAS,BAGUA,eta5,pp,20260828,20260926,"00Z,12Z",D1,6h,0.325,1.34,0.179,38,0.7,0.696,0.269,10,0.667,0.846,0.143,3,0.0,S/D,0.0,2,S/D,S/D,S/D,0
472B55E0,PUENTE SALINAS AMOJAO,AMAZONAS,BAGUA,wrf5,pp,20260828,20260926,"00Z,12Z",D1,6h,-0.266,2.439,-0.183,45,0.143,0.833,0.083,14,0.0,1.0,0.0,6,0.0,1.0,0.0,4,S/D,S/D,S/D,0
472B55E0,PUENTE SALINAS AMOJAO,AMAZONAS,BAGUA,mpas15,pp,20260828,20260926,00Z,D1,6h,-0.291,2.087,-0.002,23,0.286,0.714,0.167,7,0.333,0.75,0.167,3,0.0,S/D,0.0,2,S/D,S/D,S/D,0
472C57D4,BAGUA,AMAZONAS,UTCUBAMBA,ecmwf,pp,20260828,20260926,"00Z,12Z",D1,6h,0.604,1.3,0.209,232,1.0,0.927,0.073,12,0.8,0.867,0.129,10,0.0,1.0,0.0,4,S/D,S/D,S/D,0
472C57D4,BAGUA,AMAZONAS,UTCUBAMBA,gfs,pp,20260828,20260926,"00Z,12Z",D1,6h,0.286,0.959,0.249,232,1.0,0.927,0.073,12,0.5,0.844,0.135,10,0.0,S/D,0.0,4,S/D,S/D,S/D,0
472C57D4,BAGUA,AMAZONAS,UTCUBAMBA,eta5,pp,20260828,20260926,"00Z,12Z",D1,6h,1.218,2.375,0.113,195,0.909,0.917,0.083,11,0.444,0.944,0.052,9,0.333,0.917,0.071,3,S/D,S/D,S/D,0
472C57D4,BAGUA,AMAZONAS,UTCUBAMBA,wrf5,pp,20260828,20260926,"00Z,12Z",D1,6h,-0.134,0.862,0.05,229,0.167,0.846,0.087,12,0.0,S/D,0.0,10,0.0,S/D,0.0,4,S/D,S/D,S/D,0
472C57D4,BAGUA,AMAZONAS,UTCUBAMBA,mpas15,pp,20260828,20260926,00Z,D1,6h,0.967,1.76,0.14,116,0.667,0.944,0.055,6,0.8,0.92,0.078,5,0.5,0.667,0.25,2,S/D,S/D,S/D,0
472B607A,CORRAL QUEMADO,AMAZONAS,UTCUBAMBA,ecmwf,pp,20260828,20260926,"00Z,12Z",D1,6h,0.388,0.862,0.331,228,0.944,0.841,0.157,18,0.625,0.865,0.125,8,S/D,1.0,0.0,0,S/D,S/D,S/D,0
472B607A,CORRAL QUEMADO,AMAZONAS,UTCUBAMBA,gfs,pp,20260828,20260926,"00Z,12Z",D1,6h,0.348,0.851,0.268,228,0.833,0.868,0.128,18,0.5,0.886,0.103,8,S/D,1.0,0.0,0,S/D,S/D,S/D,0
472B607A,CORRAL QUEMADO,AMAZONAS,UTCUBAMBA,eta5,pp,20260828,20260926,"00Z,12Z",D1,6h,1.928,3.318,0.068,191,0.75,0.91,0.088,16,0.5,0.954,0.044,8,S/D,1.0,0.0,0,S/D,S/D,S/D,0
472B607A,CORRAL QUEMADO,AMAZONAS,UTCUBAMBA,wrf5,pp,20260828,20260926,"00Z,12Z",D1,6h,-0.046,0.461,0.164,224,0.059,0.889,0.04,17,0.0,1.0,0.0,7,S/D,S/D,S/D,0,S/D,S/D,S/D,0
472B607A,CORRAL QUEMADO,AMAZONAS,UTCUBAMBA,mpas15,pp,20260828,20260926,00Z,D1,6h,1.231,2.215,0.164,114,0.778,0.887,0.109,9,0.75,0.942,0.057,4,S/D,1.0,0.0,0,S/D,S/D,S/D,0
472B2370,MAGUNCHAL,AMAZONAS,UTCUBAMBA,ecmwf,pp,20260828,20260926,"00Z,12Z",D1,6h,0.135,1.591,0.374,222,1.0,0.839,0.161,20,0.333,0.846,0.118,12,0.0,1.0,0.0,4,S/D,S/D,S/D,0
472B2370,MAGUNCHAL,AMAZONAS,UTCUBAMBA,gfs,pp,20260828,20260926,"00Z,12Z",D1,6h,0.637,1.749,0.347,222,0.95,0.873,0.126,20,0.667,0.867,0.125,12,0.5,0.818,0.154,4,S/D,S/D,S/D,0
472B2370,MAGUNCHAL,AMAZONAS,UTCUBAMBA,eta5,pp,20260828,20260926,"00Z,12Z",D1,6h,1.768,3.777,0.137,185,0.812,0.899,0.098,16,0.556,0.947,0.051,9,0.0,1.0,0.0,3,S/D,S/D,S/D,0
472B2370,MAGUNCHAL,AMAZONAS,UTCUBAMBA,wrf5,pp,20260828,20260926,"00Z,12Z",D1,6h,-0.24,1.448,0.4,218,0.35,0.65,0.212,20,0.167,0.333,0.154,12,0.0,S/D,0.0,4,S/D,S/D,S/D,0
472B2370,MAGUNCHAL,AMAZONAS,UTCUBAMBA,mpas15,pp,20260828,20260926,00Z,D1,6h,0.989,2.545,0.317,111,1.0,0.8,0.2,10,0.833,0.878,0.119,6,0.0,1.0,0.0,2,S/D,S/D,S/D,0
220907,NARANJITO,AMAZONAS,UTCUBAMBA,ecmwf,pp,20260828,20260926,"00Z,12Z",D1,6h,0.281,1.038,0.171,230,0.889,0.877,0.121,18,0.25,0.889,0.083,8,0.0,1.0,0.0,2,S/D,S/D,S/D,0
220907,NARANJITO,AMAZONAS,UTCUBAMBA,gfs,pp,20260828,20260926,"00Z,12Z",D1,6h,0.548,1.208,0.233,230,1.0,0.877,0.123,18,0.5,0.925,0.07,8,0.0,S/D,0.0,2,S/D,S/D,S/D,0
220907,NARANJITO,AMAZONAS,UTCUBAMBA,eta5,pp,20260828,20260926,"00Z,12Z",D1,6h,2.357,4.414,0.111,193,0.733,0.91,0.087,15,0.5,0.967,0.032,6,0.0,1.0,0.0,2,S/D,S/D,S/D,0
220907,NARANJITO,AMAZONAS,UTCUBAMBA,wrf5,pp,20260828,20260926,"00Z,12Z",D1,6h,-0.04,0.723,0.181,226,0.222,0.789,0.121,18,0.25,0.667,0.167,8,0.0,S/D,0.0,2,S/D,S/D,S/D,0
220907,NARANJITO,AMAZONAS,UTCUBAMBA,mpas15,pp,20260828,20260926,00Z,D1,6h,1.17,2.393,0.18,115,0.889,0.843,0.154,9,0.75,0.929,0.07,4,0.0,1.0,0.0,1,S/D,S/D,S/D,0
109096,BUENA VISTA,ANCASH,CASMA,ecmwf,pp,20260828,20260926,"00Z,12Z",D1,6h,0.003,0.011,S/D,212,S/D,S/D,S/D,0,S/D,S/D,S/D,0,S/D,S/D,S/D,0,S/D,S/D,S/D,0
109096,BUENA VISTA,ANCASH,CASMA,gfs,pp,20260828,20260926,"00Z,12Z",D1,6h,0.006,0.02,S/D,212,S/D,1.0,0.0,0,S/D,S/D,S/D,0,S/D,S/D,S/D,0,S/D,S/D,S/D,0
109096,BUENA VISTA,ANCASH,CASMA,eta5,pp,20260828,20260926,"00Z,12Z",D1,6h,0.002,0.013,S/D,176,S/D,1.0,0.0,0,S/D,S/D,S/D,0,S/D,S/D,S/D,0,S/D,S/D,S/D,0
109096,BUENA VISTA,ANCASH,CASMA,wrf5,pp,20260828,20260926,"00Z,12Z",D1,6h,0.001,0.004,S/D,208,S/D,S/D,S/D,0,S/D,S/D,S/D,0,S/D,S/D,S/D,0,S/D,S/D,S/D,0
109096,BUENA VISTA,ANCASH,CASMA,mpas15,pp,20260828,20260926,00Z,D1,6h,0.0,0.0,S/D,106,S/D,S/D,S/D,0,S/D,S/D,S/D,0,S/D,S/D,S/D,0,S/D,S/D,S/D,0
4725A10C,CHAVIN,ANCASH,HUARI,ecmwf,pp,20260828,20260926,"00Z,12Z",D1,6h,0.429,1.429,0.24,218,0.727,0.845,0.147,22,0.5,0.769,0.188,12,S/D,1.0,0.0,0,S/D,S/D,S/D,0
4725A10C,CHAVIN,ANCASH,HUARI,gfs,pp,20260828,20260926,"00Z,12Z",D1,6h,0.743,1.71,0.089,218,0.682,0.883,0.111,22,0.25,0.942,0.049,12,S/D,1.0,0.0,0,S/D,S/D,S/D,0
4725A10C,CHAVIN,ANCASH,HUARI,eta5,pp,20260828,20260926,"00Z,12Z",D1,6h,0.441,1.075,0.176,185,0.684,0.831,0.157,19,0.4,0.897,0.089,10,S/D,S/D,S/D,0,S/D,S/D,S/D,0
4725A10C,CHAVIN,ANCASH,HUARI,wrf5,pp,20260828,20260926,"00Z,12Z",D1,6h,0.14,1.017,0.102,214,0.318,0.851,0.113,22,0.0,1.0,0.0,12,S/D,1.0,0.0,0,S/D,S/D,S/D,0
4725A10C,CHAVIN,ANCASH,HUARI,mpas15,pp,20260828,20260926,00Z,D1,6h,1.318,3.07,0.189,109,0.636,0.873,0.119,11,0.667,0.895,0.1,6,S/D,1.0,0.0,0,S/D,S/D,S/D,0
109091,SAUCEPAMPA,ANCASH,HUAYLAS,ecmwf,pp,20260828,20260926,"00Z,12Z",D1,6h,0.396,0.891,-0.001,230,0.5,0.992,0.008,2,S/D,1.0,0.0,0,S/D,1.0,0.0,0,S/D,S/D,S/D,0
109091,SAUCEPAMPA,ANCASH,HUAYLAS,gfs,pp,20260828,20260926,"00Z,12Z",D1,6h,0.879,1.568,0.158,230,1.0,0.988,0.012,2,S/D,1.0,0.0,0,S/D,1.0,0.0,0,S/D,S/D,S/D,0
109091,SAUCEPAMPA,ANCASH,HUAYLAS,eta5,pp,20260828,20260926,"00Z,12Z",D1,6h,0.653,1.611,0.139,193,1.0,0.985,0.015,1,S/D,1.0,0.0,0,S/D,1.0,0.0,0,S/D,S/D,S/D,0
109091,SAUCEPAMPA,ANCASH,HUAYLAS,wrf5,pp,20260828,20260926,"00Z,12Z",D1,6h,0.081,0.35,0.178,227,0.5,0.962,0.037,2,S/D,1.0,0.0,0,S/D,S/D,S/D,0,S/D,S/D,S/D,0
109091,SAUCEPAMPA,ANCASH,HUAYLAS,mpas15,pp,20260828,20260926,00Z,D1,6h,1.017,1.993,-0.106,115,0.0,1.0,0.0,1,S/D,1.0,0.0,0,S/D,1.0,0.0,0,S/D,S/D,S/D,0
472182DA,PUENTE CAHUA,ANCASH,OCROS,ecmwf,pp,20260828,20260926,"00Z,12Z",D1,6h,S/D,S/D,S/D,0,S/D,S/D,S/D,0,S/D,S/D,S/D,0,S/D,S/D,S/D,0,S/D,S/D,S/D,0
472182DA,PUENTE CAHUA,ANCASH,OCROS,gfs,pp,20260828,20260926,"00Z,12Z",D1,6h,S/D,S/D,S/D,0,S/D,S/D,S/D,0,S/D,S/D,S/D,0,S/D,S/D,S/D,0,S/D,S/D,S/D,0
472182DA,PUENTE CAHUA,ANCASH,OCROS,eta5,pp,20260828,20260926,"00Z,12Z",D1,6h,S/D,S/D,S/D,0,S/D,S/D,S/D,0,S/D,S/D,S/D,0,S/D,S/D,S/D,0,S/D,S/D,S/D,0
472182DA,PUENTE CAHUA,ANCASH,OCROS,wrf5,pp,20260828,20260926,"00Z,12Z",D1,6h,S/D,S/D,S/D,0,S/D,S/D,S/D,0,S/D,S/D,S/D,0,S/D,S/D,S/D,0,S/D,S/D,S/D,0
472182DA,PUENTE CAHUA,ANCASH,OCROS,mpas15,pp,20260828,20260926,00Z,D1,6h,S/D,S/D,S/D,0,S/D,S/D,S/D,0,S/D,S/D,S/D,0,S/D,S/D,S/D,0,S/D,S/D,S/D,0
47E89394,PACHACOTO,ANCASH,RECUAY,ecmwf,pp,20260828,20260926,"00Z,12Z",D1,6h,0.141,1.123,0.191,232,0.542,0.859,0.126,24,0.667,0.765,0.211,6,0.0,S/D,0.0,2,S/D,S/D,S/D,0
47E89394,PACHACOTO,ANCASH,RECUAY,gfs,pp,20260828,20260926,"00Z,12Z",D1,6h,0.455,1.235,0.368,232,0.958,0.831,0.168,24,0.833,0.898,0.1,6,0.0,1.0,0.0,2,S/D,S/D,S/D,0
47E89394,PACHACOTO,ANCASH,RECUAY,eta5,pp,20260828,20260926,"00Z,12Z",D1,6h,0.237,1.111,0.368,195,0.7,0.731,0.241,20,0.6,0.85,0.136,5,0.0,1.0,0.0,1,S/D,S/D,S/D,0
47E89394,PACHACOTO,ANCASH,RECUAY,wrf5,pp,20260828,20260926,"00Z,12Z",D1,6h,0.284,1.616,0.314,229,0.5,0.765,0.19,24,0.667,0.846,0.143,6,0.0,1.0,0.0,2,S/D,S/D,S/D,0
47E89394,PACHACOTO,ANCASH,RECUAY,mpas15,pp,20260828,20260926,00Z,D1,6h,0.764,2.158,0.106,116,0.583,0.841,0.143,12,0.667,0.941,0.057,3,0.0,1.0,0.0,1,S/D,S/D,S/D,0
47259496,RECUAY,ANCASH,RECUAY,ecmwf,pp,20260828,20260926,"00Z,12Z",D1,6h,0.211,0.606,0.247,222,0.778,0.843,0.151,18,0.667,0.75,0.222,6,S/D,S/D,S/D,0,S/D,S/D,S/D,0
47259496,RECUAY,ANCASH,RECUAY,gfs,pp,20260828,20260926,"00Z,12Z",D1,6h,0.557,1.102,0.196,222,0.778,0.896,0.101,18,0.833,0.9,0.098,6,S/D,1.0,0.0,0,S/D,S/D,S/D,0
47259496,RECUAY,ANCASH,RECUAY,eta5,pp,20260828,20260926,"00Z,12Z",D1,6h,0.342,1.069,0.191,189,0.529,0.824,0.153,17,0.667,0.833,0.154,6,S/D,S/D,S/D,0,S/D,S/D,S/D,0
47259496,RECUAY,ANCASH,RECUAY,wrf5,pp,20260828,20260926,"00Z,12Z",D1,6h,0.262,1.1,0.406,218,0.778,0.702,0.275,18,0.667,0.826,0.16,6,S/D,1.0,0.0,0,S/D,S/D,S/D,0
47259496,RECUAY,ANCASH,RECUAY,mpas15,pp,20260828,20260926,00Z,D1,6h,0.891,2.176,0.157,111,0.667,0.872,0.12,9,0.667,0.944,0.054,3,S/D,1.0,0.0,0,S/D,S/D,S/D,0
110138,SHAQUEK,ANCASH,RECUAY,ecmwf,pp,20260828,20260926,"00Z,12Z",D1,6h,0.413,0.973,S/D,230,S/D,1.0,0.0,0,S/D,1.0,0.0,0,S/D,1.0,0.0,0,S/D,S/D,S/D,0
110138,SHAQUEK,ANCASH,RECUAY,gfs,pp,20260828,20260926,"00Z,12Z",D1,6h,0.276,0.601,S/D,230,S/D,1.0,0.0,0,S/D,1.0,0.0,0,S/D,S/D,S/D,0,S/D,S/D,S/D,0
110138,SHAQUEK,ANCASH,RECUAY,eta5,pp,20260828,20260926,"00Z,12Z",D1,6h,0.012,0.054,S/D,193,S/D,1.0,0.0,0,S/D,S/D,S/D,0,S/D,S/D,S/D,0,S/D,S/D,S/D,0
110138,SHAQUEK,ANCASH,RECUAY,wrf5,pp,20260828,20260926,"00Z,12Z",D1,6h,0.05,0.229,S/D,227,S/D,1.0,0.0,0,S/D,1.0,0.0,0,S/D,S/D,S/D,0,S/D,S/D,S/D,0
110138,SHAQUEK,ANCASH,RECUAY,mpas15,pp,20260828,20260926,00Z,D1,6h,0.413,1.064,S/D,115,S/D,1.0,0.0,0,S/D,1.0,0.0,0,S/D,1.0,0.0,0,S/D,S/D,S/D,0
211601,SAN JACINTO,ANCASH,SANTA,ecmwf,pp,20260828,20260926,"00Z,12Z",D1,6h,S/D,S/D,S/D,0,S/D,S/D,S/D,0,S/D,S/D,S/D,0,S/D,S/D,S/D,0,S/D,S/D,S/D,0
211601,SAN JACINTO,ANCASH,SANTA,gfs,pp,20260828,20260926,"00Z,12Z",D1,6h,S/D,S/D,S/D,0,S/D,S/D,S/D,0,S/D,S/D,S/D,0,S/D,S/D,S/D,0,S/D,S/D,S/D,0
211601,SAN JACINTO,ANCASH,SANTA,eta5,pp,20260828,20260926,"00Z,12Z",D1,6h,S/D,S/D,S/D,0,S/D,S/D,S/D,0,S/D,S/D,S/D,0,S/D,S/D,S/D,0,S/D,S/D,S/D,0
211601,SAN JACINTO,ANCASH,SANTA,wrf5,pp,20260828,20260926,"00Z,12Z",D1,6h,S/D,S/D,S/D,0,S/D,S/D,S/D,0,S/D,S/D,S/D,0,S/D,S/D,S/D,0,S/D,S/D,S/D,0
211601,SAN JACINTO,ANCASH,SANTA,mpas15,pp,20260828,20260926,00Z,D1,6h,S/D,S/D,S/D,0,S/D,S/D,S/D,0,S/D,S/D,S/D,0,S/D,S/D,S/D,0,S/D,S/D,S/D,0
113253,CURAHUASI,APURIMAC,ABANCAY,ecmwf,pp,20260828,20260926,"00Z,12Z",D1,6h,0.399,0.846,0.411,230,1.0,0.833,0.167,20,0.667,0.882,0.111,6,S/D,S/D,S/D,0,S/D,S/D,S/D,0
113253,CURAHUASI,APURIMAC,ABANCAY,gfs,pp,20260828,20260926,"00Z,12Z",D1,6h,0.74,1.52,0.357,230,1.0,0.872,0.128,20,0.5,0.949,0.048,6,S/D,1.0,0.0,0,S/D,S/D,S/D,0
113253,CURAHUASI,APURIMAC,ABANCAY,eta5,pp,20260828,20260926,"00Z,12Z",D1,6h,0.354,1.049,0.353,195,0.812,0.764,0.224,16,0.4,0.931,0.062,5,S/D,1.0,0.0,0,S/D,S/D,S/D,0
113253,CURAHUASI,APURIMAC,ABANCAY,wrf5,pp,20260828,20260926,"00Z,12Z",D1,6h,0.18,1.29,0.482,226,0.65,0.618,0.317,20,0.333,0.846,0.118,6,S/D,1.0,0.0,0,S/D,S/D,S/D,0
113253,CURAHUASI,APURIMAC,ABANCAY,mpas15,pp,20260828,20260926,00Z,D1,6h,0.551,1.163,0.185,115,0.7,0.841,0.149,10,0.333,0.971,0.027,3,S/D,1.0,0.0,0,S/D,S/D,S/D,0
47263360,GRANJA SAN ANTONIO,APURIMAC,ABANCAY,ecmwf,pp,20260828,20260926,"00Z,12Z",D1,6h,0.214,0.855,0.464,220,0.75,0.642,0.32,52,0.688,0.633,0.314,16,0.0,S/D,0.0,2,S/D,S/D,S/D,0
47263360,GRANJA SAN ANTONIO,APURIMAC,ABANCAY,gfs,pp,20260828,20260926,"00Z,12Z",D1,6h,0.533,1.49,0.422,220,0.865,0.698,0.288,52,0.562,0.83,0.15,16,0.0,1.0,0.0,2,S/D,S/D,S/D,0
47263360,GRANJA SAN ANTONIO,APURIMAC,ABANCAY,eta5,pp,20260828,20260926,"00Z,12Z",D1,6h,-0.117,0.82,0.298,185,0.413,0.457,0.306,46,0.077,0.75,0.062,13,0.0,S/D,0.0,2,S/D,S/D,S/D,0
47263360,GRANJA SAN ANTONIO,APURIMAC,ABANCAY,wrf5,pp,20260828,20260926,"00Z,12Z",D1,6h,0.214,1.511,0.509,216,0.6,0.388,0.435,50,0.312,0.773,0.152,16,0.0,1.0,0.0,2,S/D,S/D,S/D,0
47263360,GRANJA SAN ANTONIO,APURIMAC,ABANCAY,mpas15,pp,20260828,20260926,00Z,D1,6h,0.499,1.379,0.24,110,0.615,0.66,0.281,26,0.625,0.839,0.147,8,0.0,1.0,0.0,1,S/D,S/D,S/D,0
472B16EA,HUACULLO,APURIMAC,ANTABAMBA,ecmwf,pp,20260828,20260926,"00Z,12Z",D1,6h,0.072,0.721,0.458,228,0.794,0.578,0.38,34,0.444,0.636,0.25,18,S/D,S/D,S/D,0,S/D,S/D,S/D,0
472B16EA,HUACULLO,APURIMAC,ANTABAMBA,gfs,pp,20260828,20260926,"00Z,12Z",D1,6h,0.414,1.287,0.435,228,0.912,0.713,0.279,34,0.556,0.796,0.175,18,S/D,1.0,0.0,0,S/D,S/D,S/D,0
472B16EA,HUACULLO,APURIMAC,ANTABAMBA,eta5,pp,20260828,20260926,"00Z,12Z",D1,6h,0.614,1.604,0.518,192,0.871,0.597,0.38,31,0.833,0.643,0.333,18,S/D,1.0,0.0,0,S/D,S/D,S/D,0
472B16EA,HUACULLO,APURIMAC,ANTABAMBA,wrf5,pp,20260828,20260926,"00Z,12Z",D1,6h,0.195,1.312,0.4,224,0.606,0.643,0.29,33,0.294,0.75,0.156,17,S/D,1.0,0.0,0,S/D,S/D,S/D,0
472B16EA,HUACULLO,APURIMAC,ANTABAMBA,mpas15,pp,20260828,20260926,00Z,D1,6h,0.17,0.835,0.322,114,0.647,0.593,0.333,17,0.667,0.727,0.24,9,S/D,S/D,S/D,0,S/D,S/D,S/D,0
113246,TANCAYLLO,APURIMAC,CHINCHEROS,ecmwf,pp,20260828,20260926,"00Z,12Z",D1,6h,0.513,1.586,0.501,232,0.952,0.615,0.377,42,0.5,0.806,0.162,12,1.0,0.846,0.154,2,S/D,S/D,S/D,0
113246,TANCAYLLO,APURIMAC,CHINCHEROS,gfs,pp,20260828,20260926,"00Z,12Z",D1,6h,0.554,1.882,0.416,232,0.905,0.725,0.268,42,0.667,0.784,0.195,12,1.0,0.818,0.182,2,S/D,S/D,S/D,0
113246,TANCAYLLO,APURIMAC,CHINCHEROS,eta5,pp,20260828,20260926,"00Z,12Z",D1,6h,-0.041,1.129,0.429,195,0.475,0.587,0.284,40,0.333,0.733,0.174,12,0.0,1.0,0.0,2,S/D,S/D,S/D,0
113246,TANCAYLLO,APURIMAC,CHINCHEROS,wrf5,pp,20260828,20260926,"00Z,12Z",D1,6h,0.274,1.502,0.437,229,0.488,0.556,0.303,41,0.727,0.704,0.267,11,1.0,0.667,0.333,2,S/D,S/D,S/D,0
113246,TANCAYLLO,APURIMAC,CHINCHEROS,mpas15,pp,20260828,20260926,00Z,D1,6h,0.574,1.463,0.427,116,0.81,0.63,0.34,21,0.667,0.862,0.129,6,1.0,0.8,0.2,1,S/D,S/D,S/D,0
472A1410,CASACCANCHA,APURIMAC,COTABAMBAS,ecmwf,pp,20260828,20260926,"00Z,12Z",D1,6h,0.39,1.009,0.445,232,1.0,0.72,0.28,30,0.75,0.795,0.191,12,S/D,1.0,0.0,0,S/D,S/D,S/D,0
472A1410,CASACCANCHA,APURIMAC,COTABAMBAS,gfs,pp,20260828,20260926,"00Z,12Z",D1,6h,0.236,0.739,0.383,232,0.967,0.768,0.23,30,0.333,0.846,0.118,12,S/D,S/D,S/D,0,S/D,S/D,S/D,0
472A1410,CASACCANCHA,APURIMAC,COTABAMBAS,eta5,pp,20260828,20260926,"00Z,12Z",D1,6h,0.118,0.765,0.356,195,0.643,0.673,0.277,28,0.5,0.684,0.24,12,S/D,S/D,S/D,0,S/D,S/D,S/D,0
472A1410,CASACCANCHA,APURIMAC,COTABAMBAS,wrf5,pp,20260828,20260926,"00Z,12Z",D1,6h,0.198,0.883,0.388,229,0.655,0.708,0.253,29,0.417,0.75,0.185,12,S/D,1.0,0.0,0,S/D,S/D,S/D,0
472A1410,CASACCANCHA,APURIMAC,COTABAMBAS,mpas15,pp,20260828,20260926,00Z,D1,6h,0.422,1.122,0.275,116,0.733,0.732,0.244,15,0.5,0.893,0.097,6,S/D,S/D,S/D,0,S/D,S/D,S/D,0
116085,AREQUIPA UV,AREQUIPA,AREQUIPA,ecmwf,pp,20260828,20260926,"00Z,12Z",D1,6h,0.0,0.0,S/D,8,S/D,S/D,S/D,0,S/D,S/D,S/D,0,S/D,S/D,S/D,0,S/D,S/D,S/D,0
116085,AREQUIPA UV,AREQUIPA,AREQUIPA,gfs,pp,20260828,20260926,"00Z,12Z",D1,6h,0.0,0.0,S/D,8,S/D,S/D,S/D,0,S/D,S/D,S/D,0,S/D,S/D,S/D,0,S/D,S/D,S/D,0
116085,AREQUIPA UV,AREQUIPA,AREQUIPA,eta5,pp,20260828,20260926,"00Z,12Z",D1,6h,0.0,0.0,S/D,7,S/D,S/D,S/D,0,S/D,S/D,S/D,0,S/D,S/D,S/D,0,S/D,S/D,S/D,0
116085,AREQUIPA UV,AREQUIPA,AREQUIPA,wrf5,pp,20260828,20260926,"00Z,12Z",D1,6h,0.0,0.0,S/D,8,S/D,S/D,S/D,0,S/D,S/D,S/D,0,S/D,S/D,S/D,0,S/D,S/D,S/D,0
116085,AREQUIPA UV,AREQUIPA,AREQUIPA,mpas15,pp,20260828,20260926,00Z,D1,6h,0.0,0.0,S/D,4,S/D,S/D,S/D,0,S/D,S/D,S/D,0,S/D,S/D,S/D,0,S/D,S/D,S/D,0
47E26242,BOYADERO,AREQUIPA,AREQUIPA,ecmwf,pp,20260828,20260926,"00Z,12Z",D1,6h,0.004,0.033,S/D,232,S/D,1.0,0.0,0,S/D,S/D,S/D,0,S/D,S/D,S/D,0,S/D,S/D,S/D,0
47E26242,BOYADERO,AREQUIPA,AREQUIPA,gfs,pp,20260828,20260926,"00Z,12Z",D1,6h,0.0,0.0,S/D,232,S/D,S/D,S/D,0,S/D,S/D,S/D,0,S/D,S/D,S/D,0,S/D,S/D,S/D,0
47E26242,BOYADERO,AREQUIPA,AREQUIPA,eta5,pp,20260828,20260926,"00Z,12Z",D1,6h,0.0,0.0,S/D,195,S/D,S/D,S/D,0,S/D,S/D,S/D,0,S/D,S/D,S/D,0,S/D,S/D,S/D,0
47E26242,BOYADERO,AREQUIPA,AREQUIPA,wrf5,pp,20260828,20260926,"00Z,12Z",D1,6h,0.0,0.001,S/D,228,S/D,S/D,S/D,0,S/D,S/D,S/D,0,S/D,S/D,S/D,0,S/D,S/D,S/D,0
47E26242,BOYADERO,AREQUIPA,AREQUIPA,mpas15,pp,20260828,20260926,00Z,D1,6h,0.0,0.0,S/D,116,S/D,S/D,S/D,0,S/D,S/D,S/D,0,S/D,S/D,S/D,0,S/D,S/D,S/D,0
116083,CAYMA,AREQUIPA,AREQUIPA,ecmwf,pp,20260828,20260926,"00Z,12Z",D1,6h,-0.134,2.042,-0.036,234,0.0,1.0,0.0,2,0.0,1.0,0.0,2,0.0,S/D,0.0,2,S/D,S/D,S/D,0
116083,CAYMA,AREQUIPA,AREQUIPA,gfs,pp,20260828,20260926,"00Z,12Z",D1,6h,-0.17,2.027,-0.022,234,0.0,1.0,0.0,2,0.0,1.0,0.0,2,0.0,S/D,0.0,2,S/D,S/D,S/D,0
116083,CAYMA,AREQUIPA,AREQUIPA,eta5,pp,20260828,20260926,"00Z,12Z",D1,6h,-0.222,2.207,-0.007,197,0.0,S/D,0.0,2,0.0,S/D,0.0,2,0.0,S/D,0.0,2,S/D,S/D,S/D,0
116083,CAYMA,AREQUIPA,AREQUIPA,wrf5,pp,20260828,20260926,"00Z,12Z",D1,6h,-0.091,1.441,-0.009,231,0.0,1.0,0.0,1,0.0,S/D,0.0,1,0.0,S/D,0.0,1,S/D,S/D,S/D,0
116083,CAYMA,AREQUIPA,AREQUIPA,mpas15,pp,20260828,20260926,00Z,D1,6h,-0.179,2.027,-0.061,117,0.0,1.0,0.0,1,0.0,S/D,0.0,1,0.0,S/D,0.0,1,S/D,S/D,S/D,0
472147C4,CHARCANI,AREQUIPA,AREQUIPA,ecmwf,pp,20260828,20260926,"00Z,12Z",D1,6h,0.026,0.384,0.073,230,0.5,0.846,0.133,4,0.0,1.0,0.0,2,S/D,S/D,S/D,0,S/D,S/D,S/D,0
472147C4,CHARCANI,AREQUIPA,AREQUIPA,gfs,pp,20260828,20260926,"00Z,12Z",D1,6h,-0.009,0.296,0.272,230,0.5,0.778,0.182,4,0.0,1.0,0.0,2,S/D,S/D,S/D,0,S/D,S/D,S/D,0
472147C4,CHARCANI,AREQUIPA,AREQUIPA,eta5,pp,20260828,20260926,"00Z,12Z",D1,6h,-0.03,0.307,0.342,193,0.25,0.0,0.25,4,0.0,S/D,0.0,2,S/D,S/D,S/D,0,S/D,S/D,S/D,0
472147C4,CHARCANI,AREQUIPA,AREQUIPA,wrf5,pp,20260828,20260926,"00Z,12Z",D1,6h,-0.009,0.203,0.513,227,0.667,0.0,0.667,3,0.0,S/D,0.0,1,S/D,S/D,S/D,0,S/D,S/D,S/D,0
472147C4,CHARCANI,AREQUIPA,AREQUIPA,mpas15,pp,20260828,20260926,00Z,D1,6h,-0.001,0.32,0.212,115,0.5,0.667,0.25,2,0.0,1.0,0.0,1,S/D,S/D,S/D,0,S/D,S/D,S/D,0
116077,CHIGUATA,AREQUIPA,AREQUIPA,ecmwf,pp,20260828,20260926,"00Z,12Z",D1,6h,0.001,0.008,S/D,232,S/D,1.0,0.0,0,S/D,S/D,S/D,0,S/D,S/D,S/D,0,S/D,S/D,S/D,0
116077,CHIGUATA,AREQUIPA,AREQUIPA,gfs,pp,20260828,20260926,"00Z,12Z",D1,6h,0.006,0.044,S/D,232,S/D,1.0,0.0,0,S/D,S/D,S/D,0,S/D,S/D,S/D,0,S/D,S/D,S/D,0
116077,CHIGUATA,AREQUIPA,AREQUIPA,eta5,pp,20260828,20260926,"00Z,12Z",D1,6h,0.006,0.064,S/D,196,S/D,1.0,0.0,0,S/D,S/D,S/D,0,S/D,S/D,S/D,0,S/D,S/D,S/D,0
116077,CHIGUATA,AREQUIPA,AREQUIPA,wrf5,pp,20260828,20260926,"00Z,12Z",D1,6h,0.008,0.075,S/D,228,S/D,1.0,0.0,0,S/D,S/D,S/D,0,S/D,S/D,S/D,0,S/D,S/D,S/D,0
116077,CHIGUATA,AREQUIPA,AREQUIPA,mpas15,pp,20260828,20260926,00Z,D1,6h,0.078,0.335,S/D,116,S/D,1.0,0.0,0,S/D,1.0,0.0,0,S/D,S/D,S/D,0,S/D,S/D,S/D,0
116065,LA PAMPILLA,AREQUIPA,AREQUIPA,ecmwf,pp,20260828,20260926,"00Z,12Z",D1,6h,0.001,0.008,S/D,238,S/D,1.0,0.0,0,S/D,S/D,S/D,0,S/D,S/D,S/D,0,S/D,S/D,S/D,0
116065,LA PAMPILLA,AREQUIPA,AREQUIPA,gfs,pp,20260828,20260926,"00Z,12Z",D1,6h,0.006,0.043,S/D,238,S/D,1.0,0.0,0,S/D,S/D,S/D,0,S/D,S/D,S/D,0,S/D,S/D,S/D,0
116065,LA PAMPILLA,AREQUIPA,AREQUIPA,eta5,pp,20260828,20260926,"00Z,12Z",D1,6h,0.0,0.0,S/D,201,S/D,S/D,S/D,0,S/D,S/D,S/D,0,S/D,S/D,S/D,0,S/D,S/D,S/D,0
116065,LA PAMPILLA,AREQUIPA,AREQUIPA,wrf5,pp,20260828,20260926,"00Z,12Z",D1,6h,0.002,0.02,S/D,234,S/D,1.0,0.0,0,S/D,S/D,S/D,0,S/D,S/D,S/D,0,S/D,S/D,S/D,0
116065,LA PAMPILLA,AREQUIPA,AREQUIPA,mpas15,pp,20260828,20260926,00Z,D1,6h,0.025,0.159,S/D,119,S/D,1.0,0.0,0,S/D,1.0,0.0,0,S/D,S/D,S/D,0,S/D,S/D,S/D,0
47E360B8,PATAHUASI,AREQUIPA,AREQUIPA,ecmwf,pp,20260828,20260926,"00Z,12Z",D1,6h,0.074,0.363,0.175,236,0.0,1.0,0.0,2,S/D,1.0,0.0,0,S/D,S/D,S/D,0,S/D,S/D,S/D,0
47E360B8,PATAHUASI,AREQUIPA,AREQUIPA,gfs,pp,20260828,20260926,"00Z,12Z",D1,6h,0.062,0.278,0.102,236,0.5,0.95,0.048,2,S/D,1.0,0.0,0,S/D,S/D,S/D,0,S/D,S/D,S/D,0
47E360B8,PATAHUASI,AREQUIPA,AREQUIPA,eta5,pp,20260828,20260926,"00Z,12Z",D1,6h,0.058,0.359,-0.017,200,0.0,1.0,0.0,1,S/D,1.0,0.0,0,S/D,S/D,S/D,0,S/D,S/D,S/D,0
47E360B8,PATAHUASI,AREQUIPA,AREQUIPA,wrf5,pp,20260828,20260926,"00Z,12Z",D1,6h,0.041,0.445,-0.025,232,0.0,1.0,0.0,2,S/D,1.0,0.0,0,S/D,1.0,0.0,0,S/D,S/D,S/D,0
47E360B8,PATAHUASI,AREQUIPA,AREQUIPA,mpas15,pp,20260828,20260926,00Z,D1,6h,0.18,0.523,0.16,118,1.0,0.941,0.059,1,S/D,1.0,0.0,0,S/D,S/D,S/D,0,S/D,S/D,S/D,0
4722E032,PUENTE DEL DIABLO,AREQUIPA,AREQUIPA,ecmwf,pp,20260828,20260926,"00Z,12Z",D1,6h,-0.005,0.057,0.398,218,0.0,S/D,0.0,2,S/D,S/D,S/D,0,S/D,S/D,S/D,0,S/D,S/D,S/D,0
4722E032,PUENTE DEL DIABLO,AREQUIPA,AREQUIPA,gfs,pp,20260828,20260926,"00Z,12Z",D1,6h,-0.005,0.058,-0.007,218,0.0,S/D,0.0,2,S/D,S/D,S/D,0,S/D,S/D,S/D,0,S/D,S/D,S/D,0
4722E032,PUENTE DEL DIABLO,AREQUIPA,AREQUIPA,eta5,pp,20260828,20260926,"00Z,12Z",D1,6h,-0.006,0.062,S/D,185,0.0,S/D,0.0,2,S/D,S/D,S/D,0,S/D,S/D,S/D,0,S/D,S/D,S/D,0
4722E032,PUENTE DEL DIABLO,AREQUIPA,AREQUIPA,wrf5,pp,20260828,20260926,"00Z,12Z",D1,6h,-0.005,0.058,-0.009,215,0.0,S/D,0.0,2,S/D,S/D,S/D,0,S/D,S/D,S/D,0,S/D,S/D,S/D,0
4722E032,PUENTE DEL DIABLO,AREQUIPA,AREQUIPA,mpas15,pp,20260828,20260926,00Z,D1,6h,-0.005,0.057,-0.062,109,0.0,S/D,0.0,1,S/D,S/D,S/D,0,S/D,S/D,S/D,0,S/D,S/D,S/D,0
116082,SAN FRANCISCO,AREQUIPA,AREQUIPA,ecmwf,pp,20260828,20260926,"00Z,12Z",D1,6h,0.0,0.004,S/D,230,S/D,S/D,S/D,0,S/D,S/D,S/D,0,S/D,S/D,S/D,0,S/D,S/D,S/D,0
116082,SAN FRANCISCO,AREQUIPA,AREQUIPA,gfs,pp,20260828,20260926,"00Z,12Z",D1,6h,0.005,0.044,S/D,230,S/D,1.0,0.0,0,S/D,S/D,S/D,0,S/D,S/D,S/D,0,S/D,S/D,S/D,0
116082,SAN FRANCISCO,AREQUIPA,AREQUIPA,eta5,pp,20260828,20260926,"00Z,12Z",D1,6h,0.0,0.0,S/D,194,S/D,S/D,S/D,0,S/D,S/D,S/D,0,S/D,S/D,S/D,0,S/D,S/D,S/D,0
116082,SAN FRANCISCO,AREQUIPA,AREQUIPA,wrf5,pp,20260828,20260926,"00Z,12Z",D1,6h,0.002,0.027,S/D,226,S/D,1.0,0.0,0,S/D,S/D,S/D,0,S/D,S/D,S/D,0,S/D,S/D,S/D,0
116082,SAN FRANCISCO,AREQUIPA,AREQUIPA,mpas15,pp,20260828,20260926,00Z,D1,6h,0.017,0.132,S/D,115,S/D,1.0,0.0,0,S/D,1.0,0.0,0,S/D,S/D,S/D,0,S/D,S/D,S/D,0
47E3B6D0,SAN JOSE DE UZUNA,AREQUIPA,AREQUIPA,ecmwf,pp,20260828,20260926,"00Z,12Z",D1,6h,0.06,0.373,-0.059,238,0.0,1.0,0.0,4,S/D,1.0,0.0,0,S/D,S/D,S/D,0,S/D,S/D,S/D,0
47E3B6D0,SAN JOSE DE UZUNA,AREQUIPA,AREQUIPA,gfs,pp,20260828,20260926,"00Z,12Z",D1,6h,0.034,0.22,-0.041,238,0.0,1.0,0.0,4,S/D,1.0,0.0,0,S/D,S/D,S/D,0,S/D,S/D,S/D,0
47E3B6D0,SAN JOSE DE UZUNA,AREQUIPA,AREQUIPA,eta5,pp,20260828,20260926,"00Z,12Z",D1,6h,-0.003,0.075,-0.018,201,0.0,1.0,0.0,4,S/D,S/D,S/D,0,S/D,S/D,S/D,0,S/D,S/D,S/D,0
47E3B6D0,SAN JOSE DE UZUNA,AREQUIPA,AREQUIPA,wrf5,pp,20260828,20260926,"00Z,12Z",D1,6h,0.012,0.183,-0.03,234,0.0,1.0,0.0,4,S/D,1.0,0.0,0,S/D,S/D,S/D,0,S/D,S/D,S/D,0
47E3B6D0,SAN JOSE DE UZUNA,AREQUIPA,AREQUIPA,mpas15,pp,20260828,20260926,00Z,D1,6h,0.003,0.107,0.061,119,0.0,1.0,0.0,2,S/D,1.0,0.0,0,S/D,S/D,S/D,0,S/D,S/D,S/D,0
47E27134,SOCOSANI,AREQUIPA,AREQUIPA,ecmwf,pp,20260828,20260926,"00Z,12Z",D1,6h,0.007,0.052,S/D,204,S/D,1.0,0.0,0,S/D,S/D,S/D,0,S/D,S/D,S/D,0,S/D,S/D,S/D,0
47E27134,SOCOSANI,AREQUIPA,AREQUIPA,gfs,pp,20260828,20260926,"00Z,12Z",D1,6h,0.003,0.019,S/D,204,S/D,1.0,0.0,0,S/D,S/D,S/D,0,S/D,S/D,S/D,0,S/D,S/D,S/D,0
47E27134,SOCOSANI,AREQUIPA,AREQUIPA,eta5,pp,20260828,20260926,"00Z,12Z",D1,6h,0.0,0.0,S/D,170,S/D,S/D,S/D,0,S/D,S/D,S/D,0,S/D,S/D,S/D,0,S/D,S/D,S/D,0
47E27134,SOCOSANI,AREQUIPA,AREQUIPA,wrf5,pp,20260828,20260926,"00Z,12Z",D1,6h,0.001,0.012,S/D,200,S/D,1.0,0.0,0,S/D,S/D,S/D,0,S/D,S/D,S/D,0,S/D,S/D,S/D,0
47E27134,SOCOSANI,AREQUIPA,AREQUIPA,mpas15,pp,20260828,20260926,00Z,D1,6h,0.0,0.0,S/D,102,S/D,S/D,S/D,0,S/D,S/D,S/D,0,S/D,S/D,S/D,0,S/D,S/D,S/D,0
472EE1AE,TINGO GRANDE,AREQUIPA,AREQUIPA,ecmwf,pp,20260828,20260926,"00Z,12Z",D1,6h,0.0,0.0,S/D,6,S/D,S/D,S/D,0,S/D,S/D,S/D,0,S/D,S/D,S/D,0,S/D,S/D,S/D,0
472EE1AE,TINGO GRANDE,AREQUIPA,AREQUIPA,gfs,pp,20260828,20260926,"00Z,12Z",D1,6h,0.0,0.0,S/D,6,S/D,S/D,S/D,0,S/D,S/D,S/D,0,S/D,S/D,S/D,0,S/D,S/D,S/D,0
472EE1AE,TINGO GRANDE,AREQUIPA,AREQUIPA,eta5,pp,20260828,20260926,"00Z,12Z",D1,6h,0.0,0.0,S/D,6,S/D,S/D,S/D,0,S/D,S/D,S/D,0,S/D,S/D,S/D,0,S/D,S/D,S/D,0
472EE1AE,TINGO GRANDE,AREQUIPA,AREQUIPA,wrf5,pp,20260828,20260926,"00Z,12Z",D1,6h,0.0,0.0,S/D,6,S/D,S/D,S/D,0,S/D,S/D,S/D,0,S/D,S/D,S/D,0,S/D,S/D,S/D,0
472EE1AE,TINGO GRANDE,AREQUIPA,AREQUIPA,mpas15,pp,20260828,20260926,00Z,D1,6h,0.0,0.0,S/D,3,S/D,S/D,S/D,0,S/D,S/D,S/D,0,S/D,S/D,S/D,0,S/D,S/D,S/D,0
116078,TUCTUMPAYA,AREQUIPA,AREQUIPA,ecmwf,pp,20260828,20260926,"00Z,12Z",D1,6h,0.067,0.372,S/D,234,S/D,1.0,0.0,0,S/D,1.0,0.0,0,S/D,S/D,S/D,0,S/D,S/D,S/D,0
116078,TUCTUMPAYA,AREQUIPA,AREQUIPA,gfs,pp,20260828,20260926,"00Z,12Z",D1,6h,0.041,0.215,S/D,234,S/D,1.0,0.0,0,S/D,1.0,0.0,0,S/D,S/D,S/D,0,S/D,S/D,S/D,0
116078,TUCTUMPAYA,AREQUIPA,AREQUIPA,eta5,pp,20260828,20260926,"00Z,12Z",D1,6h,0.011,0.105,S/D,197,S/D,1.0,0.0,0,S/D,1.0,0.0,0,S/D,S/D,S/D,0,S/D,S/D,S/D,0
116078,TUCTUMPAYA,AREQUIPA,AREQUIPA,wrf5,pp,20260828,20260926,"00Z,12Z",D1,6h,0.02,0.218,S/D,231,S/D,1.0,0.0,0,S/D,1.0,0.0,0,S/D,S/D,S/D,0,S/D,S/D,S/D,0
116078,TUCTUMPAYA,AREQUIPA,AREQUIPA,mpas15,pp,20260828,20260926,00Z,D1,6h,0.026,0.16,S/D,117,S/D,1.0,0.0,0,S/D,1.0,0.0,0,S/D,S/D,S/D,0,S/D,S/D,S/D,0
116081,YURA,AREQUIPA,AREQUIPA,ecmwf,pp,20260828,20260926,"00Z,12Z",D1,6h,-0.239,2.098,-0.181,144,0.0,1.0,0.0,2,0.0,S/D,0.0,2,0.0,S/D,0.0,2,S/D,S/D,S/D,0
116081,YURA,AREQUIPA,AREQUIPA,gfs,pp,20260828,20260926,"00Z,12Z",D1,6h,-0.247,2.098,-0.01,144,0.0,S/D,0.0,2,0.0,S/D,0.0,2,0.0,S/D,0.0,2,S/D,S/D,S/D,0
116081,YURA,AREQUIPA,AREQUIPA,eta5,pp,20260828,20260926,"00Z,12Z",D1,6h,-0.278,2.225,S/D,128,0.0,S/D,0.0,2,0.0,S/D,0.0,2,0.0,S/D,0.0,2,S/D,S/D,S/D,0
116081,YURA,AREQUIPA,AREQUIPA,wrf5,pp,20260828,20260926,"00Z,12Z",D1,6h,-0.126,1.499,S/D,141,0.0,S/D,0.0,1,0.0,S/D,0.0,1,0.0,S/D,0.0,1,S/D,S/D,S/D,0
116081,YURA,AREQUIPA,AREQUIPA,mpas15,pp,20260828,20260926,00Z,D1,6h,-0.247,2.098,0.184,72,0.0,S/D,0.0,1,0.0,S/D,0.0,1,0.0,S/D,0.0,1,S/D,S/D,S/D,0
116084,CAMANA,AREQUIPA,CAMANA,ecmwf,pp,20260828,20260926,"00Z,12Z",D1,6h,0.006,0.012,S/D,6,S/D,S/D,S/D,0,S/D,S/D,S/D,0,S/D,S/D,S/D,0,S/D,S/D,S/D,0
116084,CAMANA,AREQUIPA,CAMANA,gfs,pp,20260828,20260926,"00Z,12Z",D1,6h,0.01,0.026,S/D,6,S/D,S/D,S/D,0,S/D,S/D,S/D,0,S/D,S/D,S/D,0,S/D,S/D,S/D,0
116084,CAMANA,AREQUIPA,CAMANA,eta5,pp,20260828,20260926,"00Z,12Z",D1,6h,0.0,0.0,S/D,5,S/D,S/D,S/D,0,S/D,S/D,S/D,0,S/D,S/D,S/D,0,S/D,S/D,S/D,0
116084,CAMANA,AREQUIPA,CAMANA,wrf5,pp,20260828,20260926,"00Z,12Z",D1,6h,0.0,0.0,S/D,6,S/D,S/D,S/D,0,S/D,S/D,S/D,0,S/D,S/D,S/D,0,S/D,S/D,S/D,0
116084,CAMANA,AREQUIPA,CAMANA,mpas15,pp,20260828,20260926,00Z,D1,6h,0.0,0.0,S/D,3,S/D,S/D,S/D,0,S/D,S/D,S/D,0,S/D,S/D,S/D,0,S/D,S/D,S/D,0
472D23BE,OCOÑA,AREQUIPA,CAMANA,ecmwf,pp,20260828,20260926,"00Z,12Z",D1,6h,0.322,0.85,0.297,232,0.75,0.793,0.194,32,0.333,0.939,0.054,6,S/D,S/D,S/D,0,S/D,S/D,S/D,0
472D23BE,OCOÑA,AREQUIPA,CAMANA,gfs,pp,20260828,20260926,"00Z,12Z",D1,6h,-0.083,0.41,0.287,232,0.344,0.5,0.256,32,0.0,S/D,0.0,6,S/D,S/D,S/D,0,S/D,S/D,S/D,0
472D23BE,OCOÑA,AREQUIPA,CAMANA,eta5,pp,20260828,20260926,"00Z,12Z",D1,6h,-0.05,0.446,0.213,196,0.407,0.694,0.212,27,0.0,S/D,0.0,6,S/D,S/D,S/D,0,S/D,S/D,S/D,0
472D23BE,OCOÑA,AREQUIPA,CAMANA,wrf5,pp,20260828,20260926,"00Z,12Z",D1,6h,-0.109,0.423,0.12,229,0.0,S/D,0.0,32,0.0,S/D,0.0,6,S/D,S/D,S/D,0,S/D,S/D,S/D,0
472D23BE,OCOÑA,AREQUIPA,CAMANA,mpas15,pp,20260828,20260926,00Z,D1,6h,-0.044,0.473,0.218,116,0.188,0.667,0.136,16,0.0,1.0,0.0,3,S/D,S/D,S/D,0,S/D,S/D,S/D,0
214400,HUATIAPA,AREQUIPA,CASTILLA,ecmwf,pp,20260828,20260926,"00Z,12Z",D1,6h,S/D,S/D,S/D,0,S/D,S/D,S/D,0,S/D,S/D,S/D,0,S/D,S/D,S/D,0,S/D,S/D,S/D,0
214400,HUATIAPA,AREQUIPA,CASTILLA,gfs,pp,20260828,20260926,"00Z,12Z",D1,6h,S/D,S/D,S/D,0,S/D,S/D,S/D,0,S/D,S/D,S/D,0,S/D,S/D,S/D,0,S/D,S/D,S/D,0
214400,HUATIAPA,AREQUIPA,CASTILLA,eta5,pp,20260828,20260926,"00Z,12Z",D1,6h,S/D,S/D,S/D,0,S/D,S/D,S/D,0,S/D,S/D,S/D,0,S/D,S/D,S/D,0,S/D,S/D,S/D,0
214400,HUATIAPA,AREQUIPA,CASTILLA,wrf5,pp,20260828,20260926,"00Z,12Z",D1,6h,S/D,S/D,S/D,0,S/D,S/D,S/D,0,S/D,S/D,S/D,0,S/D,S/D,S/D,0,S/D,S/D,S/D,0
214400,HUATIAPA,AREQUIPA,CASTILLA,mpas15,pp,20260828,20260926,00Z,D1,6h,S/D,S/D,S/D,0,S/D,S/D,S/D,0,S/D,S/D,S/D,0,S/D,S/D,S/D,0,S/D,S/D,S/D,0
4723D752,CHIVAY,AREQUIPA,CAYLLOMA,ecmwf,pp,20260828,20260926,"00Z,12Z",D1,6h,0.159,0.551,0.407,232,0.929,0.711,0.283,14,S/D,1.0,0.0,0,S/D,S/D,S/D,0,S/D,S/D,S/D,0
4723D752,CHIVAY,AREQUIPA,CAYLLOMA,gfs,pp,20260828,20260926,"00Z,12Z",D1,6h,0.206,0.738,0.433,232,0.857,0.733,0.255,14,S/D,1.0,0.0,0,S/D,1.0,0.0,0,S/D,S/D,S/D,0
4723D752,CHIVAY,AREQUIPA,CAYLLOMA,eta5,pp,20260828,20260926,"00Z,12Z",D1,6h,0.21,0.799,0.39,195,0.75,0.69,0.281,12,S/D,1.0,0.0,0,S/D,1.0,0.0,0,S/D,S/D,S/D,0
4723D752,CHIVAY,AREQUIPA,CAYLLOMA,wrf5,pp,20260828,20260926,"00Z,12Z",D1,6h,0.126,0.634,0.355,229,0.5,0.708,0.226,14,S/D,1.0,0.0,0,S/D,1.0,0.0,0,S/D,S/D,S/D,0
4723D752,CHIVAY,AREQUIPA,CAYLLOMA,mpas15,pp,20260828,20260926,00Z,D1,6h,0.339,0.89,0.21,116,0.571,0.826,0.154,7,S/D,1.0,0.0,0,S/D,S/D,S/D,0,S/D,S/D,S/D,0
47E8A60E,COTACOTA,AREQUIPA,CAYLLOMA,ecmwf,pp,20260828,20260926,"00Z,12Z",D1,6h,0.006,0.837,0.51,226,0.714,0.608,0.339,28,0.375,0.455,0.286,16,S/D,1.0,0.0,0,S/D,S/D,S/D,0
47E8A60E,COTACOTA,AREQUIPA,CAYLLOMA,gfs,pp,20260828,20260926,"00Z,12Z",D1,6h,0.442,1.35,0.484,226,0.893,0.702,0.287,28,0.75,0.714,0.261,16,S/D,1.0,0.0,0,S/D,S/D,S/D,0
47E8A60E,COTACOTA,AREQUIPA,CAYLLOMA,eta5,pp,20260828,20260926,"00Z,12Z",D1,6h,0.399,1.352,0.54,189,0.852,0.558,0.411,27,0.75,0.647,0.316,16,S/D,1.0,0.0,0,S/D,S/D,S/D,0
47E8A60E,COTACOTA,AREQUIPA,CAYLLOMA,wrf5,pp,20260828,20260926,"00Z,12Z",D1,6h,0.297,1.346,0.468,223,0.72,0.617,0.333,25,0.5,0.72,0.219,14,S/D,1.0,0.0,0,S/D,S/D,S/D,0
47E8A60E,COTACOTA,AREQUIPA,CAYLLOMA,mpas15,pp,20260828,20260926,00Z,D1,6h,0.127,0.848,0.511,113,0.857,0.5,0.462,14,0.75,0.6,0.353,8,S/D,1.0,0.0,0,S/D,S/D,S/D,0
47E3A5A6,HUANCA,AREQUIPA,CAYLLOMA,ecmwf,pp,20260828,20260926,"00Z,12Z",D1,6h,0.036,0.22,S/D,238,S/D,1.0,0.0,0,S/D,1.0,0.0,0,S/D,S/D,S/D,0,S/D,S/D,S/D,0
47E3A5A6,HUANCA,AREQUIPA,CAYLLOMA,gfs,pp,20260828,20260926,"00Z,12Z",D1,6h,0.011,0.039,S/D,238,S/D,1.0,0.0,0,S/D,S/D,S/D,0,S/D,S/D,S/D,0,S/D,S/D,S/D,0
47E3A5A6,HUANCA,AREQUIPA,CAYLLOMA,eta5,pp,20260828,20260926,"00Z,12Z",D1,6h,0.002,0.032,S/D,201,S/D,1.0,0.0,0,S/D,S/D,S/D,0,S/D,S/D,S/D,0,S/D,S/D,S/D,0
47E3A5A6,HUANCA,AREQUIPA,CAYLLOMA,wrf5,pp,20260828,20260926,"00Z,12Z",D1,6h,0.004,0.054,S/D,234,S/D,1.0,0.0,0,S/D,S/D,S/D,0,S/D,S/D,S/D,0,S/D,S/D,S/D,0
47E3A5A6,HUANCA,AREQUIPA,CAYLLOMA,mpas15,pp,20260828,20260926,00Z,D1,6h,0.017,0.13,S/D,119,S/D,1.0,0.0,0,S/D,1.0,0.0,0,S/D,S/D,S/D,0,S/D,S/D,S/D,0
47E3834A,IMATA,AREQUIPA,CAYLLOMA,ecmwf,pp,20260828,20260926,"00Z,12Z",D1,6h,0.069,0.558,0.381,234,0.812,0.629,0.342,16,0.4,0.667,0.222,10,S/D,1.0,0.0,0,S/D,S/D,S/D,0
47E3834A,IMATA,AREQUIPA,CAYLLOMA,gfs,pp,20260828,20260926,"00Z,12Z",D1,6h,0.075,0.551,0.329,234,0.688,0.756,0.22,16,0.5,0.615,0.278,10,S/D,S/D,S/D,0,S/D,S/D,S/D,0
47E3834A,IMATA,AREQUIPA,CAYLLOMA,eta5,pp,20260828,20260926,"00Z,12Z",D1,6h,0.031,0.596,0.4,198,0.667,0.565,0.357,15,0.556,0.444,0.385,9,S/D,S/D,S/D,0,S/D,S/D,S/D,0
47E3834A,IMATA,AREQUIPA,CAYLLOMA,wrf5,pp,20260828,20260926,"00Z,12Z",D1,6h,0.037,0.535,0.395,230,0.5,0.619,0.276,16,0.5,0.286,0.417,10,S/D,1.0,0.0,0,S/D,S/D,S/D,0
47E3834A,IMATA,AREQUIPA,CAYLLOMA,mpas15,pp,20260828,20260926,00Z,D1,6h,0.138,0.625,0.241,117,0.5,0.789,0.174,8,0.6,0.812,0.167,5,S/D,S/D,S/D,0,S/D,S/D,S/D,0
4729E39A,PAMPA DE MAJES,AREQUIPA,CAYLLOMA,ecmwf,pp,20260828,20260926,"00Z,12Z",D1,6h,-0.0,0.01,-0.019,230,0.0,S/D,0.0,2,S/D,S/D,S/D,0,S/D,S/D,S/D,0,S/D,S/D,S/D,0
4729E39A,PAMPA DE MAJES,AREQUIPA,CAYLLOMA,gfs,pp,20260828,20260926,"00Z,12Z",D1,6h,-0.001,0.009,S/D,230,0.0,S/D,0.0,2,S/D,S/D,S/D,0,S/D,S/D,S/D,0,S/D,S/D,S/D,0
4729E39A,PAMPA DE MAJES,AREQUIPA,CAYLLOMA,eta5,pp,20260828,20260926,"00Z,12Z",D1,6h,-0.001,0.01,S/D,194,0.0,S/D,0.0,2,S/D,S/D,S/D,0,S/D,S/D,S/D,0,S/D,S/D,S/D,0
4729E39A,PAMPA DE MAJES,AREQUIPA,CAYLLOMA,wrf5,pp,20260828,20260926,"00Z,12Z",D1,6h,-0.001,0.009,S/D,226,0.0,S/D,0.0,2,S/D,S/D,S/D,0,S/D,S/D,S/D,0,S/D,S/D,S/D,0
4729E39A,PAMPA DE MAJES,AREQUIPA,CAYLLOMA,mpas15,pp,20260828,20260926,00Z,D1,6h,-0.001,0.009,0.164,115,0.0,S/D,0.0,1,S/D,S/D,S/D,0,S/D,S/D,S/D,0,S/D,S/D,S/D,0
47E373CE,PILLONES,AREQUIPA,CAYLLOMA,ecmwf,pp,20260828,20260926,"00Z,12Z",D1,6h,0.077,0.359,0.454,226,1.0,0.652,0.348,8,1.0,0.667,0.333,2,S/D,S/D,S/D,0,S/D,S/D,S/D,0
47E373CE,PILLONES,AREQUIPA,CAYLLOMA,gfs,pp,20260828,20260926,"00Z,12Z",D1,6h,0.045,0.263,0.538,226,0.875,0.611,0.368,8,0.5,0.833,0.143,2,S/D,S/D,S/D,0,S/D,S/D,S/D,0
47E373CE,PILLONES,AREQUIPA,CAYLLOMA,eta5,pp,20260828,20260926,"00Z,12Z",D1,6h,0.062,0.422,0.364,190,0.714,0.545,0.385,7,0.0,1.0,0.0,2,S/D,S/D,S/D,0,S/D,S/D,S/D,0
47E373CE,PILLONES,AREQUIPA,CAYLLOMA,wrf5,pp,20260828,20260926,"00Z,12Z",D1,6h,0.022,0.178,0.479,222,0.75,0.571,0.375,8,1.0,0.333,0.667,2,S/D,S/D,S/D,0,S/D,S/D,S/D,0
47E373CE,PILLONES,AREQUIPA,CAYLLOMA,mpas15,pp,20260828,20260926,00Z,D1,6h,0.228,0.595,0.327,113,1.0,0.81,0.19,4,1.0,0.938,0.062,1,S/D,S/D,S/D,0,S/D,S/D,S/D,0
47265686,SIBAYO,AREQUIPA,CAYLLOMA,ecmwf,pp,20260828,20260926,"00Z,12Z",D1,6h,S/D,S/D,S/D,0,S/D,S/D,S/D,0,S/D,S/D,S/D,0,S/D,S/D,S/D,0,S/D,S/D,S/D,0
47265686,SIBAYO,AREQUIPA,CAYLLOMA,gfs,pp,20260828,20260926,"00Z,12Z",D1,6h,S/D,S/D,S/D,0,S/D,S/D,S/D,0,S/D,S/D,S/D,0,S/D,S/D,S/D,0,S/D,S/D,S/D,0
47265686,SIBAYO,AREQUIPA,CAYLLOMA,eta5,pp,20260828,20260926,"00Z,12Z",D1,6h,S/D,S/D,S/D,0,S/D,S/D,S/D,0,S/D,S/D,S/D,0,S/D,S/D,S/D,0,S/D,S/D,S/D,0
47265686,SIBAYO,AREQUIPA,CAYLLOMA,wrf5,pp,20260828,20260926,"00Z,12Z",D1,6h,S/D,S/D,S/D,0,S/D,S/D,S/D,0,S/D,S/D,S/D,0,S/D,S/D,S/D,0,S/D,S/D,S/D,0
47265686,SIBAYO,AREQUIPA,CAYLLOMA,mpas15,pp,20260828,20260926,00Z,D1,6h,S/D,S/D,S/D,0,S/D,S/D,S/D,0,S/D,S/D,S/D,0,S/D,S/D,S/D,0,S/D,S/D,S/D,0
472ED434,SUMBAY,AREQUIPA,CAYLLOMA,ecmwf,pp,20260828,20260926,"00Z,12Z",D1,6h,0.05,0.395,0.287,212,0.7,0.759,0.219,10,0.667,0.6,0.333,6,0.5,0.0,0.5,2,S/D,S/D,S/D,0
472ED434,SUMBAY,AREQUIPA,CAYLLOMA,gfs,pp,20260828,20260926,"00Z,12Z",D1,6h,0.06,0.509,0.242,212,0.6,0.842,0.143,10,0.667,0.636,0.308,6,0.0,S/D,0.0,2,S/D,S/D,S/D,0
472ED434,SUMBAY,AREQUIPA,CAYLLOMA,eta5,pp,20260828,20260926,"00Z,12Z",D1,6h,0.002,0.436,0.379,179,0.556,0.737,0.217,9,0.8,0.556,0.4,5,0.0,S/D,0.0,2,S/D,S/D,S/D,0
472ED434,SUMBAY,AREQUIPA,CAYLLOMA,wrf5,pp,20260828,20260926,"00Z,12Z",D1,6h,0.026,0.399,0.348,210,0.5,0.722,0.217,10,0.667,0.333,0.5,6,0.0,1.0,0.0,2,S/D,S/D,S/D,0
472ED434,SUMBAY,AREQUIPA,CAYLLOMA,mpas15,pp,20260828,20260926,00Z,D1,6h,0.116,0.634,0.289,106,0.6,0.812,0.167,5,0.667,0.846,0.143,3,0.0,S/D,0.0,1,S/D,S/D,S/D,0
115150,COROPUNA,AREQUIPA,CONDESUYOS,ecmwf,pp,20260828,20260926,"00Z,12Z",D1,6h,S/D,S/D,S/D,0,S/D,S/D,S/D,0,S/D,S/D,S/D,0,S/D,S/D,S/D,0,S/D,S/D,S/D,0
115150,COROPUNA,AREQUIPA,CONDESUYOS,gfs,pp,20260828,20260926,"00Z,12Z",D1,6h,S/D,S/D,S/D,0,S/D,S/D,S/D,0,S/D,S/D,S/D,0,S/D,S/D,S/D,0,S/D,S/D,S/D,0
115150,COROPUNA,AREQUIPA,CONDESUYOS,eta5,pp,20260828,20260926,"00Z,12Z",D1,6h,S/D,S/D,S/D,0,S/D,S/D,S/D,0,S/D,S/D,S/D,0,S/D,S/D,S/D,0,S/D,S/D,S/D,0
115150,COROPUNA,AREQUIPA,CONDESUYOS,wrf5,pp,20260828,20260926,"00Z,12Z",D1,6h,S/D,S/D,S/D,0,S/D,S/D,S/D,0,S/D,S/D,S/D,0,S/D,S/D,S/D,0,S/D,S/D,S/D,0
115150,COROPUNA,AREQUIPA,CONDESUYOS,mpas15,pp,20260828,20260926,00Z,D1,6h,S/D,S/D,S/D,0,S/D,S/D,S/D,0,S/D,S/D,S/D,0,S/D,S/D,S/D,0,S/D,S/D,S/D,0
114119,VISCA VISCA,AREQUIPA,CONDESUYOS,ecmwf,pp,20260828,20260926,"00Z,12Z",D1,6h,0.092,0.689,0.513,228,0.941,0.579,0.41,34,0.643,0.654,0.29,14,0.0,S/D,0.0,2,S/D,S/D,S/D,0
114119,VISCA VISCA,AREQUIPA,CONDESUYOS,gfs,pp,20260828,20260926,"00Z,12Z",D1,6h,0.508,1.573,0.374,228,0.853,0.752,0.238,34,0.714,0.811,0.175,14,0.0,1.0,0.0,2,S/D,S/D,S/D,0
114119,VISCA VISCA,AREQUIPA,CONDESUYOS,eta5,pp,20260828,20260926,"00Z,12Z",D1,6h,0.927,2.111,0.462,191,0.844,0.649,0.329,32,0.929,0.768,0.228,14,1.0,0.882,0.118,2,S/D,S/D,S/D,0
114119,VISCA VISCA,AREQUIPA,CONDESUYOS,wrf5,pp,20260828,20260926,"00Z,12Z",D1,6h,0.426,2.083,0.358,225,0.613,0.667,0.275,31,0.308,0.857,0.108,13,0.5,0.857,0.125,2,S/D,S/D,S/D,0
114119,VISCA VISCA,AREQUIPA,CONDESUYOS,mpas15,pp,20260828,20260926,00Z,D1,6h,0.244,0.931,0.41,114,0.765,0.629,0.333,17,0.714,0.773,0.208,7,0.0,S/D,0.0,1,S/D,S/D,S/D,0
47280292,COTAHUASI,AREQUIPA,LA UNION,ecmwf,pp,20260828,20260926,"00Z,12Z",D1,6h,-0.331,2.921,0.017,138,0.25,0.926,0.061,8,0.0,1.0,0.0,6,0.0,S/D,0.0,4,S/D,S/D,S/D,0
47280292,COTAHUASI,AREQUIPA,LA UNION,gfs,pp,20260828,20260926,"00Z,12Z",D1,6h,-0.406,2.892,-0.004,138,0.25,0.917,0.067,8,0.0,1.0,0.0,6,0.0,S/D,0.0,4,S/D,S/D,S/D,0
47280292,COTAHUASI,AREQUIPA,LA UNION,eta5,pp,20260828,20260926,"00Z,12Z",D1,6h,-0.096,3.422,0.089,116,0.25,0.917,0.067,8,0.0,1.0,0.0,6,0.0,1.0,0.0,4,S/D,S/D,S/D,0
47280292,COTAHUASI,AREQUIPA,LA UNION,wrf5,pp,20260828,20260926,"00Z,12Z",D1,6h,-0.447,2.944,0.097,134,0.125,0.833,0.077,8,0.0,1.0,0.0,6,0.0,S/D,0.0,4,S/D,S/D,S/D,0
47280292,COTAHUASI,AREQUIPA,LA UNION,mpas15,pp,20260828,20260926,00Z,D1,6h,-0.175,3.036,0.17,69,0.25,0.909,0.071,4,0.0,1.0,0.0,3,0.0,1.0,0.0,2,S/D,S/D,S/D,0
115151,CUYAU,AREQUIPA,LA UNION,ecmwf,pp,20260828,20260926,"00Z,12Z",D1,6h,0.25,0.828,0.347,234,S/D,1.0,0.0,0,S/D,1.0,0.0,0,S/D,1.0,0.0,0,S/D,S/D,S/D,0
115151,CUYAU,AREQUIPA,LA UNION,gfs,pp,20260828,20260926,"00Z,12Z",D1,6h,0.1,0.258,0.309,234,S/D,1.0,0.0,0,S/D,1.0,0.0,0,S/D,S/D,S/D,0,S/D,S/D,S/D,0
115151,CUYAU,AREQUIPA,LA UNION,eta5,pp,20260828,20260926,"00Z,12Z",D1,6h,0.445,1.273,0.24,197,S/D,1.0,0.0,0,S/D,1.0,0.0,0,S/D,1.0,0.0,0,S/D,S/D,S/D,0
115151,CUYAU,AREQUIPA,LA UNION,wrf5,pp,20260828,20260926,"00Z,12Z",D1,6h,0.072,0.45,0.338,231,S/D,1.0,0.0,0,S/D,1.0,0.0,0,S/D,1.0,0.0,0,S/D,S/D,S/D,0
115151,CUYAU,AREQUIPA,LA UNION,mpas15,pp,20260828,20260926,00Z,D1,6h,0.208,0.728,0.146,117,S/D,1.0,0.0,0,S/D,1.0,0.0,0,S/D,1.0,0.0,0,S/D,S/D,S/D,0
4729D600,PAMPA CANGALLO,AYACUCHO,CANGALLO,ecmwf,pp,20260828,20260926,"00Z,12Z",D1,6h,0.35,1.311,0.533,232,0.921,0.679,0.312,38,0.9,0.75,0.243,10,0.25,0.833,0.111,4,S/D,S/D,S/D,0
4729D600,PAMPA CANGALLO,AYACUCHO,CANGALLO,gfs,pp,20260828,20260926,"00Z,12Z",D1,6h,0.747,2.123,0.49,232,1.0,0.741,0.259,38,0.8,0.875,0.121,10,0.25,0.923,0.062,4,S/D,S/D,S/D,0
4729D600,PAMPA CANGALLO,AYACUCHO,CANGALLO,eta5,pp,20260828,20260926,"00Z,12Z",D1,6h,0.333,1.598,0.55,195,0.941,0.549,0.438,34,0.667,0.85,0.14,9,0.0,1.0,0.0,4,S/D,S/D,S/D,0
4729D600,PAMPA CANGALLO,AYACUCHO,CANGALLO,wrf5,pp,20260828,20260926,"00Z,12Z",D1,6h,0.288,2.035,0.477,228,0.676,0.554,0.368,37,0.778,0.708,0.269,9,0.25,0.875,0.091,4,S/D,S/D,S/D,0
4729D600,PAMPA CANGALLO,AYACUCHO,CANGALLO,mpas15,pp,20260828,20260926,00Z,D1,6h,0.6,1.89,0.527,116,0.842,0.636,0.34,19,1.0,0.844,0.156,5,0.0,1.0,0.0,2,S/D,S/D,S/D,0
113248,SANTA CRUZ DE HOSPICIO,AYACUCHO,CANGALLO,ecmwf,pp,20260828,20260926,"00Z,12Z",D1,6h,0.465,1.221,0.572,230,0.947,0.629,0.364,38,0.857,0.714,0.273,14,1.0,0.75,0.25,2,S/D,S/D,S/D,0
113248,SANTA CRUZ DE HOSPICIO,AYACUCHO,CANGALLO,gfs,pp,20260828,20260926,"00Z,12Z",D1,6h,0.719,1.672,0.517,230,0.974,0.678,0.319,38,0.857,0.789,0.203,14,1.0,0.75,0.25,2,S/D,S/D,S/D,0
113248,SANTA CRUZ DE HOSPICIO,AYACUCHO,CANGALLO,eta5,pp,20260828,20260926,"00Z,12Z",D1,6h,0.513,1.256,0.527,193,0.839,0.618,0.356,31,0.727,0.784,0.2,11,1.0,0.6,0.4,2,S/D,S/D,S/D,0
113248,SANTA CRUZ DE HOSPICIO,AYACUCHO,CANGALLO,wrf5,pp,20260828,20260926,"00Z,12Z",D1,6h,0.568,2.058,0.484,226,0.649,0.556,0.358,37,0.615,0.704,0.25,13,1.0,0.833,0.167,2,S/D,S/D,S/D,0
113248,SANTA CRUZ DE HOSPICIO,AYACUCHO,CANGALLO,mpas15,pp,20260828,20260926,00Z,D1,6h,0.894,2.349,0.524,115,0.895,0.564,0.415,19,1.0,0.774,0.226,7,1.0,0.875,0.125,1,S/D,S/D,S/D,0
250900,PUENTE PAMPAS GORE APU,AYACUCHO,HUAMANGA,ecmwf,pp,20260828,20260926,"00Z,12Z",D1,6h,0.526,1.34,0.323,232,0.929,0.886,0.113,14,0.875,0.774,0.219,8,S/D,1.0,0.0,0,S/D,S/D,S/D,0
250900,PUENTE PAMPAS GORE APU,AYACUCHO,HUAMANGA,gfs,pp,20260828,20260926,"00Z,12Z",D1,6h,0.576,1.151,0.298,232,0.857,0.91,0.088,14,1.0,0.8,0.2,8,S/D,1.0,0.0,0,S/D,S/D,S/D,0
250900,PUENTE PAMPAS GORE APU,AYACUCHO,HUAMANGA,eta5,pp,20260828,20260926,"00Z,12Z",D1,6h,1.75,3.46,0.267,195,0.917,0.885,0.113,12,0.857,0.918,0.081,7,S/D,1.0,0.0,0,S/D,S/D,S/D,0
250900,PUENTE PAMPAS GORE APU,AYACUCHO,HUAMANGA,wrf5,pp,20260828,20260926,"00Z,12Z",D1,6h,0.07,0.811,0.301,228,0.538,0.65,0.269,13,0.625,0.375,0.455,8,S/D,1.0,0.0,0,S/D,S/D,S/D,0
250900,PUENTE PAMPAS GORE APU,AYACUCHO,HUAMANGA,mpas15,pp,20260828,20260926,00Z,D1,6h,0.689,1.675,0.315,116,0.857,0.854,0.143,7,1.0,0.867,0.133,4,S/D,1.0,0.0,0,S/D,S/D,S/D,0
114122,CCONTACC,AYACUCHO,LUCANAS,ecmwf,pp,20260828,20260926,"00Z,12Z",D1,6h,0.33,0.986,0.309,232,1.0,0.882,0.118,8,0.0,1.0,0.0,2,S/D,1.0,0.0,0,S/D,S/D,S/D,0
114122,CCONTACC,AYACUCHO,LUCANAS,gfs,pp,20260828,20260926,"00Z,12Z",D1,6h,0.455,1.336,0.284,232,1.0,0.899,0.101,8,0.0,1.0,0.0,2,S/D,1.0,0.0,0,S/D,S/D,S/D,0
114122,CCONTACC,AYACUCHO,LUCANAS,eta5,pp,20260828,20260926,"00Z,12Z",D1,6h,0.151,0.54,0.292,195,0.571,0.862,0.125,7,0.0,1.0,0.0,1,S/D,S/D,S/D,0,S/D,S/D,S/D,0
114122,CCONTACC,AYACUCHO,LUCANAS,wrf5,pp,20260828,20260926,"00Z,12Z",D1,6h,0.42,1.724,0.312,229,0.75,0.867,0.128,8,0.0,1.0,0.0,2,S/D,1.0,0.0,0,S/D,S/D,S/D,0
114122,CCONTACC,AYACUCHO,LUCANAS,mpas15,pp,20260828,20260926,00Z,D1,6h,0.416,1.365,0.296,116,1.0,0.833,0.167,4,1.0,0.952,0.048,1,S/D,1.0,0.0,0,S/D,S/D,S/D,0
47290068,HUAC-HUAS,AYACUCHO,LUCANAS,ecmwf,pp,20260828,20260926,"00Z,12Z",D1,6h,-0.016,0.375,0.162,212,0.5,0.714,0.222,4,0.0,1.0,0.0,2,S/D,S/D,S/D,0,S/D,S/D,S/D,0
47290068,HUAC-HUAS,AYACUCHO,LUCANAS,gfs,pp,20260828,20260926,"00Z,12Z",D1,6h,-0.003,0.376,0.104,212,0.0,1.0,0.0,4,0.0,S/D,0.0,2,S/D,S/D,S/D,0,S/D,S/D,S/D,0
47290068,HUAC-HUAS,AYACUCHO,LUCANAS,eta5,pp,20260828,20260926,"00Z,12Z",D1,6h,-0.028,0.4,0.076,177,0.0,1.0,0.0,3,0.0,S/D,0.0,2,S/D,S/D,S/D,0,S/D,S/D,S/D,0
47290068,HUAC-HUAS,AYACUCHO,LUCANAS,wrf5,pp,20260828,20260926,"00Z,12Z",D1,6h,-0.001,0.448,-0.048,208,0.0,1.0,0.0,4,0.0,1.0,0.0,2,S/D,S/D,S/D,0,S/D,S/D,S/D,0
47290068,HUAC-HUAS,AYACUCHO,LUCANAS,mpas15,pp,20260828,20260926,00Z,D1,6h,0.139,0.646,0.066,106,0.5,0.929,0.067,2,0.0,1.0,0.0,1,S/D,S/D,S/D,0,S/D,S/D,S/D,0
114127,PAMPA GALERAS,AYACUCHO,LUCANAS,ecmwf,pp,20260828,20260926,"00Z,12Z",D1,6h,0.175,0.961,0.325,228,1.0,0.81,0.19,8,0.333,0.714,0.182,6,S/D,1.0,0.0,0,S/D,S/D,S/D,0
114127,PAMPA GALERAS,AYACUCHO,LUCANAS,gfs,pp,20260828,20260926,"00Z,12Z",D1,6h,0.122,0.769,0.266,228,0.5,0.897,0.093,8,0.167,0.917,0.059,6,S/D,1.0,0.0,0,S/D,S/D,S/D,0
114127,PAMPA GALERAS,AYACUCHO,LUCANAS,eta5,pp,20260828,20260926,"00Z,12Z",D1,6h,0.021,0.411,0.273,192,0.5,0.812,0.158,6,0.0,1.0,0.0,4,S/D,S/D,S/D,0,S/D,S/D,S/D,0
114127,PAMPA GALERAS,AYACUCHO,LUCANAS,wrf5,pp,20260828,20260926,"00Z,12Z",D1,6h,0.392,1.897,0.194,225,0.25,0.949,0.044,8,0.167,0.941,0.045,6,S/D,1.0,0.0,0,S/D,S/D,S/D,0
114127,PAMPA GALERAS,AYACUCHO,LUCANAS,mpas15,pp,20260828,20260926,00Z,D1,6h,0.302,1.157,0.196,114,0.75,0.857,0.136,4,0.667,0.867,0.125,3,S/D,1.0,0.0,0,S/D,S/D,S/D,0
114121,HURAY HUMA,AYACUCHO,PARINACOCHAS,ecmwf,pp,20260828,20260926,"00Z,12Z",D1,6h,0.541,1.383,S/D,148,S/D,1.0,0.0,0,S/D,1.0,0.0,0,S/D,1.0,0.0,0,S/D,S/D,S/D,0
114121,HURAY HUMA,AYACUCHO,PARINACOCHAS,gfs,pp,20260828,20260926,"00Z,12Z",D1,6h,0.647,1.387,S/D,148,S/D,1.0,0.0,0,S/D,1.0,0.0,0,S/D,1.0,0.0,0,S/D,S/D,S/D,0
114121,HURAY HUMA,AYACUCHO,PARINACOCHAS,eta5,pp,20260828,20260926,"00Z,12Z",D1,6h,0.48,1.21,S/D,119,S/D,1.0,0.0,0,S/D,1.0,0.0,0,S/D,1.0,0.0,0,S/D,S/D,S/D,0
114121,HURAY HUMA,AYACUCHO,PARINACOCHAS,wrf5,pp,20260828,20260926,"00Z,12Z",D1,6h,0.638,1.895,S/D,146,S/D,1.0,0.0,0,S/D,1.0,0.0,0,S/D,1.0,0.0,0,S/D,S/D,S/D,0
114121,HURAY HUMA,AYACUCHO,PARINACOCHAS,mpas15,pp,20260828,20260926,00Z,D1,6h,0.635,1.865,S/D,74,S/D,1.0,0.0,0,S/D,1.0,0.0,0,S/D,1.0,0.0,0,S/D,S/D,S/D,0
115155,PAUZA,AYACUCHO,PAUCAR DEL SARA SARA,ecmwf,pp,20260828,20260926,"00Z,12Z",D1,6h,S/D,S/D,S/D,0,S/D,S/D,S/D,0,S/D,S/D,S/D,0,S/D,S/D,S/D,0,S/D,S/D,S/D,0
115155,PAUZA,AYACUCHO,PAUCAR DEL SARA SARA,gfs,pp,20260828,20260926,"00Z,12Z",D1,6h,S/D,S/D,S/D,0,S/D,S/D,S/D,0,S/D,S/D,S/D,0,S/D,S/D,S/D,0,S/D,S/D,S/D,0
115155,PAUZA,AYACUCHO,PAUCAR DEL SARA SARA,eta5,pp,20260828,20260926,"00Z,12Z",D1,6h,S/D,S/D,S/D,0,S/D,S/D,S/D,0,S/D,S/D,S/D,0,S/D,S/D,S/D,0,S/D,S/D,S/D,0
115155,PAUZA,AYACUCHO,PAUCAR DEL SARA SARA,wrf5,pp,20260828,20260926,"00Z,12Z",D1,6h,S/D,S/D,S/D,0,S/D,S/D,S/D,0,S/D,S/D,S/D,0,S/D,S/D,S/D,0,S/D,S/D,S/D,0
115155,PAUZA,AYACUCHO,PAUCAR DEL SARA SARA,mpas15,pp,20260828,20260926,00Z,D1,6h,S/D,S/D,S/D,0,S/D,S/D,S/D,0,S/D,S/D,S/D,0,S/D,S/D,S/D,0,S/D,S/D,S/D,0
4725B27A,PAUCARAY,AYACUCHO,SUCRE,ecmwf,pp,20260828,20260926,"00Z,12Z",D1,6h,S/D,S/D,S/D,0,S/D,S/D,S/D,0,S/D,S/D,S/D,0,S/D,S/D,S/D,0,S/D,S/D,S/D,0
4725B27A,PAUCARAY,AYACUCHO,SUCRE,gfs,pp,20260828,20260926,"00Z,12Z",D1,6h,S/D,S/D,S/D,0,S/D,S/D,S/D,0,S/D,S/D,S/D,0,S/D,S/D,S/D,0,S/D,S/D,S/D,0
4725B27A,PAUCARAY,AYACUCHO,SUCRE,eta5,pp,20260828,20260926,"00Z,12Z",D1,6h,S/D,S/D,S/D,0,S/D,S/D,S/D,0,S/D,S/D,S/D,0,S/D,S/D,S/D,0,S/D,S/D,S/D,0
4725B27A,PAUCARAY,AYACUCHO,SUCRE,wrf5,pp,20260828,20260926,"00Z,12Z",D1,6h,S/D,S/D,S/D,0,S/D,S/D,S/D,0,S/D,S/D,S/D,0,S/D,S/D,S/D,0,S/D,S/D,S/D,0
4725B27A,PAUCARAY,AYACUCHO,SUCRE,mpas15,pp,20260828,20260926,00Z,D1,6h,S/D,S/D,S/D,0,S/D,S/D,S/D,0,S/D,S/D,S/D,0,S/D,S/D,S/D,0,S/D,S/D,S/D,0
4729F0EC,CAJABAMBA,CAJAMARCA,CAJABAMBA,ecmwf,pp,20260828,20260926,"00Z,12Z",D1,6h,0.129,1.701,0.295,230,1.0,0.905,0.095,8,0.667,0.765,0.211,6,0.5,0.75,0.2,2,S/D,S/D,S/D,0
4729F0EC,CAJABAMBA,CAJAMARCA,CAJABAMBA,gfs,pp,20260828,20260926,"00Z,12Z",D1,6h,-0.081,1.633,0.35,230,0.875,0.811,0.184,8,0.5,0.727,0.214,6,0.0,S/D,0.0,2,S/D,S/D,S/D,0
4729F0EC,CAJABAMBA,CAJAMARCA,CAJABAMBA,eta5,pp,20260828,20260926,"00Z,12Z",D1,6h,0.058,1.399,0.274,194,1.0,0.894,0.106,5,0.5,0.833,0.143,4,0.0,S/D,0.0,1,S/D,S/D,S/D,0
4729F0EC,CAJABAMBA,CAJAMARCA,CAJABAMBA,wrf5,pp,20260828,20260926,"00Z,12Z",D1,6h,0.038,1.464,0.242,226,0.625,0.815,0.167,8,0.333,0.818,0.133,6,1.0,0.6,0.4,2,S/D,S/D,S/D,0
4729F0EC,CAJABAMBA,CAJAMARCA,CAJABAMBA,mpas15,pp,20260828,20260926,00Z,D1,6h,0.662,2.018,0.275,115,1.0,0.9,0.1,4,1.0,0.885,0.115,3,1.0,0.833,0.167,1,S/D,S/D,S/D,0
472A32FC,CRISNEJAS,CAJAMARCA,CAJABAMBA,ecmwf,pp,20260828,20260926,"00Z,12Z",D1,6h,0.321,0.971,S/D,230,S/D,1.0,0.0,0,S/D,1.0,0.0,0,S/D,1.0,0.0,0,S/D,S/D,S/D,0
472A32FC,CRISNEJAS,CAJAMARCA,CAJABAMBA,gfs,pp,20260828,20260926,"00Z,12Z",D1,6h,0.133,0.551,S/D,230,S/D,1.0,0.0,0,S/D,1.0,0.0,0,S/D,S/D,S/D,0,S/D,S/D,S/D,0
472A32FC,CRISNEJAS,CAJAMARCA,CAJABAMBA,eta5,pp,20260828,20260926,"00Z,12Z",D1,6h,0.461,1.511,S/D,193,S/D,1.0,0.0,0,S/D,1.0,0.0,0,S/D,1.0,0.0,0,S/D,S/D,S/D,0
472A32FC,CRISNEJAS,CAJAMARCA,CAJABAMBA,wrf5,pp,20260828,20260926,"00Z,12Z",D1,6h,0.212,1.139,S/D,226,S/D,1.0,0.0,0,S/D,1.0,0.0,0,S/D,1.0,0.0,0,S/D,S/D,S/D,0
472A32FC,CRISNEJAS,CAJAMARCA,CAJABAMBA,mpas15,pp,20260828,20260926,00Z,D1,6h,0.691,2.158,S/D,115,S/D,1.0,0.0,0,S/D,1.0,0.0,0,S/D,1.0,0.0,0,S/D,S/D,S/D,0
472645F0,UNC CAJAMARCA,CAJAMARCA,CAJAMARCA,ecmwf,pp,20260828,20260926,"00Z,12Z",D1,6h,0.343,1.584,0.301,216,0.567,0.446,0.389,90,0.2,0.939,0.049,10,S/D,1.0,0.0,0,S/D,S/D,S/D,0
472645F0,UNC CAJAMARCA,CAJAMARCA,CAJAMARCA,gfs,pp,20260828,20260926,"00Z,12Z",D1,6h,0.765,1.671,0.112,216,0.644,0.57,0.347,90,0.4,0.934,0.06,10,S/D,1.0,0.0,0,S/D,S/D,S/D,0
472645F0,UNC CAJAMARCA,CAJAMARCA,CAJAMARCA,eta5,pp,20260828,20260926,"00Z,12Z",D1,6h,0.392,1.653,0.014,182,0.293,0.542,0.218,75,0.0,1.0,0.0,9,S/D,1.0,0.0,0,S/D,S/D,S/D,0
472645F0,UNC CAJAMARCA,CAJAMARCA,CAJAMARCA,wrf5,pp,20260828,20260926,"00Z,12Z",D1,6h,-0.023,1.442,0.169,212,0.182,0.36,0.165,88,0.0,1.0,0.0,10,S/D,1.0,0.0,0,S/D,S/D,S/D,0
472645F0,UNC CAJAMARCA,CAJAMARCA,CAJAMARCA,mpas15,pp,20260828,20260926,00Z,D1,6h,1.133,3.122,0.152,108,0.489,0.389,0.373,45,0.2,0.967,0.029,5,S/D,1.0,0.0,0,S/D,S/D,S/D,0
472501F4,BALSAS,CAJAMARCA,CELENDIN,ecmwf,pp,20260828,20260926,"00Z,12Z",D1,6h,S/D,S/D,S/D,0,S/D,S/D,S/D,0,S/D,S/D,S/D,0,S/D,S/D,S/D,0,S/D,S/D,S/D,0
472501F4,BALSAS,CAJAMARCA,CELENDIN,gfs,pp,20260828,20260926,"00Z,12Z",D1,6h,S/D,S/D,S/D,0,S/D,S/D,S/D,0,S/D,S/D,S/D,0,S/D,S/D,S/D,0,S/D,S/D,S/D,0
472501F4,BALSAS,CAJAMARCA,CELENDIN,eta5,pp,20260828,20260926,"00Z,12Z",D1,6h,S/D,S/D,S/D,0,S/D,S/D,S/D,0,S/D,S/D,S/D,0,S/D,S/D,S/D,0,S/D,S/D,S/D,0
472501F4,BALSAS,CAJAMARCA,CELENDIN,wrf5,pp,20260828,20260926,"00Z,12Z",D1,6h,S/D,S/D,S/D,0,S/D,S/D,S/D,0,S/D,S/D,S/D,0,S/D,S/D,S/D,0,S/D,S/D,S/D,0
472501F4,BALSAS,CAJAMARCA,CELENDIN,mpas15,pp,20260828,20260926,00Z,D1,6h,S/D,S/D,S/D,0,S/D,S/D,S/D,0,S/D,S/D,S/D,0,S/D,S/D,S/D,0,S/D,S/D,S/D,0
4726631C,CELENDIN,CAJAMARCA,CELENDIN,ecmwf,pp,20260828,20260926,"00Z,12Z",D1,6h,0.356,1.085,0.292,212,0.833,0.831,0.163,18,S/D,1.0,0.0,0,S/D,1.0,0.0,0,S/D,S/D,S/D,0
4726631C,CELENDIN,CAJAMARCA,CELENDIN,gfs,pp,20260828,20260926,"00Z,12Z",D1,6h,0.591,1.235,0.267,212,1.0,0.878,0.122,18,S/D,1.0,0.0,0,S/D,1.0,0.0,0,S/D,S/D,S/D,0
4726631C,CELENDIN,CAJAMARCA,CELENDIN,eta5,pp,20260828,20260926,"00Z,12Z",D1,6h,0.1,0.364,0.263,176,0.545,0.8,0.171,11,S/D,1.0,0.0,0,S/D,S/D,S/D,0,S/D,S/D,S/D,0
4726631C,CELENDIN,CAJAMARCA,CELENDIN,wrf5,pp,20260828,20260926,"00Z,12Z",D1,6h,0.046,0.485,0.155,208,0.278,0.615,0.192,18,S/D,1.0,0.0,0,S/D,1.0,0.0,0,S/D,S/D,S/D,0
4726631C,CELENDIN,CAJAMARCA,CELENDIN,mpas15,pp,20260828,20260926,00Z,D1,6h,0.898,1.812,0.088,106,0.556,0.884,0.106,9,S/D,1.0,0.0,0,S/D,1.0,0.0,0,S/D,S/D,S/D,0
4726C3E4,CHOTA,CAJAMARCA,CHOTA,ecmwf,pp,20260828,20260926,"00Z,12Z",D1,6h,0.801,2.053,0.188,190,0.85,0.884,0.113,20,0.583,0.868,0.121,12,0.25,0.875,0.091,4,S/D,S/D,S/D,0
4726C3E4,CHOTA,CAJAMARCA,CHOTA,gfs,pp,20260828,20260926,"00Z,12Z",D1,6h,0.45,1.372,0.212,190,0.95,0.88,0.119,20,0.5,0.842,0.136,12,0.25,0.667,0.167,4,S/D,S/D,S/D,0
4726C3E4,CHOTA,CAJAMARCA,CHOTA,eta5,pp,20260828,20260926,"00Z,12Z",D1,6h,0.147,1.333,0.219,158,0.588,0.796,0.179,17,0.333,0.857,0.111,9,0.0,1.0,0.0,3,S/D,S/D,S/D,0
4726C3E4,CHOTA,CAJAMARCA,CHOTA,wrf5,pp,20260828,20260926,"00Z,12Z",D1,6h,-0.096,1.215,0.097,186,0.2,0.862,0.089,20,0.25,0.667,0.167,12,0.0,1.0,0.0,4,S/D,S/D,S/D,0
4726C3E4,CHOTA,CAJAMARCA,CHOTA,mpas15,pp,20260828,20260926,00Z,D1,6h,1.546,3.873,0.118,95,0.6,0.875,0.115,10,0.5,0.929,0.067,6,0.5,0.889,0.1,2,S/D,1.0,0.0,0
47E94706,HUAMBOS,CAJAMARCA,CHOTA,ecmwf,pp,20260828,20260926,"00Z,12Z",D1,6h,0.757,1.834,0.193,232,1.0,0.857,0.143,20,0.75,0.887,0.109,8,0.75,0.727,0.25,4,S/D,S/D,S/D,0
47E94706,HUAMBOS,CAJAMARCA,CHOTA,gfs,pp,20260828,20260926,"00Z,12Z",D1,6h,0.136,1.074,0.179,232,0.5,0.861,0.122,20,0.375,0.75,0.176,8,0.0,1.0,0.0,4,S/D,S/D,S/D,0
47E94706,HUAMBOS,CAJAMARCA,CHOTA,eta5,pp,20260828,20260926,"00Z,12Z",D1,6h,0.177,1.236,0.064,195,0.333,0.864,0.107,18,0.286,0.889,0.087,7,0.0,1.0,0.0,3,S/D,S/D,S/D,0
47E94706,HUAMBOS,CAJAMARCA,CHOTA,wrf5,pp,20260828,20260926,"00Z,12Z",D1,6h,-0.067,0.858,0.351,229,0.3,0.571,0.214,20,0.25,0.75,0.143,8,0.0,S/D,0.0,4,S/D,S/D,S/D,0
47E94706,HUAMBOS,CAJAMARCA,CHOTA,mpas15,pp,20260828,20260926,00Z,D1,6h,1.046,2.458,0.079,116,0.4,0.909,0.08,10,0.75,0.914,0.083,4,1.0,0.778,0.222,2,S/D,S/D,S/D,0
47E1D6C2,PUENTE SAN CARLOS,CAJAMARCA,CHOTA,ecmwf,pp,20260828,20260926,"00Z,12Z",D1,6h,0.226,0.783,-0.184,228,0.0,1.0,0.0,12,0.0,1.0,0.0,6,S/D,1.0,0.0,0,S/D,S/D,S/D,0
47E1D6C2,PUENTE SAN CARLOS,CAJAMARCA,CHOTA,gfs,pp,20260828,20260926,"00Z,12Z",D1,6h,0.067,0.417,-0.103,228,0.0,1.0,0.0,12,0.0,1.0,0.0,6,S/D,S/D,S/D,0,S/D,S/D,S/D,0
47E1D6C2,PUENTE SAN CARLOS,CAJAMARCA,CHOTA,eta5,pp,20260828,20260926,"00Z,12Z",D1,6h,0.248,1.013,-0.109,193,0.0,1.0,0.0,9,0.0,1.0,0.0,4,S/D,1.0,0.0,0,S/D,S/D,S/D,0
47E1D6C2,PUENTE SAN CARLOS,CAJAMARCA,CHOTA,wrf5,pp,20260828,20260926,"00Z,12Z",D1,6h,-0.033,0.263,0.084,224,0.083,0.923,0.042,12,0.0,S/D,0.0,6,S/D,S/D,S/D,0,S/D,S/D,S/D,0
47E1D6C2,PUENTE SAN CARLOS,CAJAMARCA,CHOTA,mpas15,pp,20260828,20260926,00Z,D1,6h,0.095,0.575,0.098,114,0.0,1.0,0.0,6,0.0,1.0,0.0,3,S/D,S/D,S/D,0,S/D,S/D,S/D,0
47E1F02E,TUNEL CHOTANO,CAJAMARCA,CHOTA,ecmwf,pp,20260828,20260926,"00Z,12Z",D1,6h,0.997,2.38,0.085,228,0.773,0.902,0.095,22,1.0,0.932,0.068,4,0.0,1.0,0.0,2,S/D,S/D,S/D,0
47E1F02E,TUNEL CHOTANO,CAJAMARCA,CHOTA,gfs,pp,20260828,20260926,"00Z,12Z",D1,6h,0.629,1.364,0.264,228,0.909,0.89,0.109,22,1.0,0.905,0.095,4,0.0,1.0,0.0,2,S/D,S/D,S/D,0
47E1F02E,TUNEL CHOTANO,CAJAMARCA,CHOTA,eta5,pp,20260828,20260926,"00Z,12Z",D1,6h,0.478,1.567,0.232,191,0.714,0.831,0.159,14,1.0,0.897,0.103,3,0.0,1.0,0.0,2,S/D,S/D,S/D,0
47E1F02E,TUNEL CHOTANO,CAJAMARCA,CHOTA,wrf5,pp,20260828,20260926,"00Z,12Z",D1,6h,0.112,0.929,0.237,224,0.364,0.758,0.17,22,0.25,0.929,0.059,4,0.0,1.0,0.0,2,S/D,S/D,S/D,0
47E1F02E,TUNEL CHOTANO,CAJAMARCA,CHOTA,mpas15,pp,20260828,20260926,00Z,D1,6h,1.367,3.61,0.189,114,0.636,0.844,0.143,11,1.0,0.943,0.057,2,0.0,1.0,0.0,1,S/D,S/D,S/D,0
472C92CA,CASCABAMBA,CAJAMARCA,CONTUMAZA,ecmwf,pp,20260828,20260926,"00Z,12Z",D1,6h,0.481,1.493,0.02,230,0.458,0.895,0.093,24,0.0,1.0,0.0,2,S/D,1.0,0.0,0,S/D,S/D,S/D,0
472C92CA,CASCABAMBA,CAJAMARCA,CONTUMAZA,gfs,pp,20260828,20260926,"00Z,12Z",D1,6h,0.134,0.392,0.017,230,0.375,0.892,0.092,24,0.0,1.0,0.0,2,S/D,S/D,S/D,0,S/D,S/D,S/D,0
472C92CA,CASCABAMBA,CAJAMARCA,CONTUMAZA,eta5,pp,20260828,20260926,"00Z,12Z",D1,6h,-0.019,0.119,0.019,193,0.0,1.0,0.0,17,0.0,S/D,0.0,1,S/D,S/D,S/D,0,S/D,S/D,S/D,0
472C92CA,CASCABAMBA,CAJAMARCA,CONTUMAZA,wrf5,pp,20260828,20260926,"00Z,12Z",D1,6h,0.479,1.883,0.174,227,0.458,0.75,0.193,24,1.0,0.913,0.087,2,S/D,1.0,0.0,0,S/D,S/D,S/D,0
472C92CA,CASCABAMBA,CAJAMARCA,CONTUMAZA,mpas15,pp,20260828,20260926,00Z,D1,6h,1.013,2.705,0.129,115,0.417,0.857,0.119,12,1.0,0.963,0.037,1,S/D,1.0,0.0,0,S/D,S/D,S/D,0
472C81BC,GUZMANGO,CAJAMARCA,CONTUMAZA,ecmwf,pp,20260828,20260926,"00Z,12Z",D1,6h,0.151,0.675,0.122,228,0.5,0.977,0.023,2,S/D,1.0,0.0,0,S/D,1.0,0.0,0,S/D,S/D,S/D,0
472C81BC,GUZMANGO,CAJAMARCA,CONTUMAZA,gfs,pp,20260828,20260926,"00Z,12Z",D1,6h,0.029,0.098,0.204,228,1.0,0.92,0.08,2,S/D,S/D,S/D,0,S/D,S/D,S/D,0,S/D,S/D,S/D,0
472C81BC,GUZMANGO,CAJAMARCA,CONTUMAZA,eta5,pp,20260828,20260926,"00Z,12Z",D1,6h,0.063,0.254,0.197,191,1.0,0.947,0.053,1,S/D,1.0,0.0,0,S/D,S/D,S/D,0,S/D,S/D,S/D,0
472C81BC,GUZMANGO,CAJAMARCA,CONTUMAZA,wrf5,pp,20260828,20260926,"00Z,12Z",D1,6h,0.009,0.069,0.286,225,0.5,0.75,0.2,2,S/D,S/D,S/D,0,S/D,S/D,S/D,0,S/D,S/D,S/D,0
472C81BC,GUZMANGO,CAJAMARCA,CONTUMAZA,mpas15,pp,20260828,20260926,00Z,D1,6h,0.51,1.369,0.136,114,1.0,0.964,0.036,1,S/D,1.0,0.0,0,S/D,1.0,0.0,0,S/D,S/D,S/D,0
4727470A,PUENTE CHILETE,CAJAMARCA,CONTUMAZA,ecmwf,pp,20260828,20260926,"00Z,12Z",D1,6h,0.657,2.017,0.039,218,0.5,0.989,0.01,2,0.0,1.0,0.0,2,S/D,1.0,0.0,0,S/D,S/D,S/D,0
4727470A,PUENTE CHILETE,CAJAMARCA,CONTUMAZA,gfs,pp,20260828,20260926,"00Z,12Z",D1,6h,0.815,1.682,-0.02,218,0.5,0.992,0.007,2,0.0,1.0,0.0,2,S/D,1.0,0.0,0,S/D,S/D,S/D,0
4727470A,PUENTE CHILETE,CAJAMARCA,CONTUMAZA,eta5,pp,20260828,20260926,"00Z,12Z",D1,6h,1.291,3.11,0.13,183,1.0,0.987,0.013,1,1.0,0.979,0.021,1,S/D,1.0,0.0,0,S/D,S/D,S/D,0
4727470A,PUENTE CHILETE,CAJAMARCA,CONTUMAZA,wrf5,pp,20260828,20260926,"00Z,12Z",D1,6h,0.008,0.178,0.116,214,0.0,1.0,0.0,2,0.0,1.0,0.0,2,S/D,S/D,S/D,0,S/D,S/D,S/D,0
4727470A,PUENTE CHILETE,CAJAMARCA,CONTUMAZA,mpas15,pp,20260828,20260926,00Z,D1,6h,1.699,3.974,0.051,109,1.0,0.975,0.025,1,0.0,1.0,0.0,1,S/D,1.0,0.0,0,S/D,S/D,S/D,0
4726E508,YONAN GORE,CAJAMARCA,CONTUMAZA,ecmwf,pp,20260828,20260926,"00Z,12Z",D1,6h,0.211,0.847,0.016,220,0.25,0.978,0.02,4,0.0,1.0,0.0,2,S/D,1.0,0.0,0,S/D,S/D,S/D,0
4726E508,YONAN GORE,CAJAMARCA,CONTUMAZA,gfs,pp,20260828,20260926,"00Z,12Z",D1,6h,0.092,0.306,0.101,220,0.5,0.966,0.033,4,0.0,1.0,0.0,2,S/D,S/D,S/D,0,S/D,S/D,S/D,0
4726E508,YONAN GORE,CAJAMARCA,CONTUMAZA,eta5,pp,20260828,20260926,"00Z,12Z",D1,6h,0.149,0.772,-0.076,183,0.0,1.0,0.0,4,0.0,1.0,0.0,2,S/D,1.0,0.0,0,S/D,S/D,S/D,0
4726E508,YONAN GORE,CAJAMARCA,CONTUMAZA,wrf5,pp,20260828,20260926,"00Z,12Z",D1,6h,-0.005,0.168,0.243,216,0.0,1.0,0.0,4,0.0,S/D,0.0,2,S/D,S/D,S/D,0,S/D,S/D,S/D,0
4726E508,YONAN GORE,CAJAMARCA,CONTUMAZA,mpas15,pp,20260828,20260926,00Z,D1,6h,0.137,0.817,-0.096,110,0.0,1.0,0.0,2,0.0,1.0,0.0,1,S/D,1.0,0.0,0,S/D,S/D,S/D,0
472B3006,CUMBA,CAJAMARCA,CUTERVO,ecmwf,pp,20260828,20260926,"00Z,12Z",D1,6h,0.48,1.659,0.249,226,0.867,0.809,0.186,30,0.1,0.977,0.019,10,0.0,1.0,0.0,2,S/D,S/D,S/D,0
472B3006,CUMBA,CAJAMARCA,CUTERVO,gfs,pp,20260828,20260926,"00Z,12Z",D1,6h,0.548,1.295,0.393,226,1.0,0.784,0.216,30,0.8,0.879,0.118,10,0.0,1.0,0.0,2,S/D,S/D,S/D,0
472B3006,CUMBA,CAJAMARCA,CUTERVO,eta5,pp,20260828,20260926,"00Z,12Z",D1,6h,1.714,3.211,0.293,189,0.962,0.805,0.194,26,0.875,0.914,0.085,8,0.0,1.0,0.0,1,S/D,S/D,S/D,0
472B3006,CUMBA,CAJAMARCA,CUTERVO,wrf5,pp,20260828,20260926,"00Z,12Z",D1,6h,-0.035,1.344,0.064,222,0.067,0.92,0.038,30,0.0,1.0,0.0,10,0.0,1.0,0.0,2,S/D,S/D,S/D,0
472B3006,CUMBA,CAJAMARCA,CUTERVO,mpas15,pp,20260828,20260926,00Z,D1,6h,1.677,3.412,0.166,113,0.8,0.831,0.162,15,0.6,0.949,0.049,5,0.0,1.0,0.0,1,S/D,S/D,S/D,0
4726A602,CUTERVO,CAJAMARCA,CUTERVO,ecmwf,pp,20260828,20260926,"00Z,12Z",D1,6h,0.735,1.752,0.135,192,0.944,0.882,0.117,18,0.125,0.979,0.019,8,S/D,1.0,0.0,0,S/D,S/D,S/D,0
4726A602,CUTERVO,CAJAMARCA,CUTERVO,gfs,pp,20260828,20260926,"00Z,12Z",D1,6h,0.472,1.103,0.224,192,0.944,0.889,0.11,18,0.25,0.938,0.053,8,S/D,1.0,0.0,0,S/D,S/D,S/D,0
4726A602,CUTERVO,CAJAMARCA,CUTERVO,eta5,pp,20260828,20260926,"00Z,12Z",D1,6h,0.017,0.676,0.124,166,0.412,0.821,0.143,17,0.125,0.833,0.077,8,S/D,S/D,S/D,0,S/D,S/D,S/D,0
4726A602,CUTERVO,CAJAMARCA,CUTERVO,wrf5,pp,20260828,20260926,"00Z,12Z",D1,6h,0.153,1.024,0.226,188,0.333,0.75,0.167,18,0.375,0.727,0.188,8,S/D,1.0,0.0,0,S/D,S/D,S/D,0
4726A602,CUTERVO,CAJAMARCA,CUTERVO,mpas15,pp,20260828,20260926,00Z,D1,6h,0.915,2.213,0.175,96,0.889,0.826,0.17,9,0.5,0.926,0.069,4,S/D,1.0,0.0,0,S/D,S/D,S/D,0
4726D092,BAMBAMARCA H,CAJAMARCA,HUALGAYOC,ecmwf,pp,20260828,20260926,"00Z,12Z",D1,6h,0.473,1.526,0.347,140,0.833,0.828,0.167,12,0.5,0.812,0.158,6,S/D,1.0,0.0,0,S/D,S/D,S/D,0
4726D092,BAMBAMARCA H,CAJAMARCA,HUALGAYOC,gfs,pp,20260828,20260926,"00Z,12Z",D1,6h,0.477,0.947,0.259,140,1.0,0.876,0.124,12,0.5,0.875,0.111,6,S/D,S/D,S/D,0,S/D,S/D,S/D,0
4726D092,BAMBAMARCA H,CAJAMARCA,HUALGAYOC,eta5,pp,20260828,20260926,"00Z,12Z",D1,6h,0.018,0.667,0.146,120,0.167,0.846,0.087,12,0.0,1.0,0.0,6,S/D,1.0,0.0,0,S/D,S/D,S/D,0
4726D092,BAMBAMARCA H,CAJAMARCA,HUALGAYOC,wrf5,pp,20260828,20260926,"00Z,12Z",D1,6h,-0.007,0.497,0.168,136,0.273,0.786,0.136,11,0.0,1.0,0.0,6,S/D,S/D,S/D,0,S/D,S/D,S/D,0
4726D092,BAMBAMARCA H,CAJAMARCA,HUALGAYOC,mpas15,pp,20260828,20260926,00Z,D1,6h,0.863,2.292,0.258,70,0.833,0.821,0.172,6,0.667,0.917,0.08,3,S/D,1.0,0.0,0,S/D,S/D,S/D,0
472680EE,BAMBAMARCA M,CAJAMARCA,HUALGAYOC,ecmwf,pp,20260828,20260926,"00Z,12Z",D1,6h,0.732,2.074,0.366,224,0.885,0.775,0.219,26,0.625,0.857,0.132,8,S/D,1.0,0.0,0,S/D,S/D,S/D,0
472680EE,BAMBAMARCA M,CAJAMARCA,HUALGAYOC,gfs,pp,20260828,20260926,"00Z,12Z",D1,6h,0.741,1.429,0.311,224,0.923,0.853,0.145,26,0.5,0.929,0.067,8,S/D,1.0,0.0,0,S/D,S/D,S/D,0
472680EE,BAMBAMARCA M,CAJAMARCA,HUALGAYOC,eta5,pp,20260828,20260926,"00Z,12Z",D1,6h,0.368,1.248,0.142,187,0.476,0.811,0.156,21,0.2,0.963,0.032,5,S/D,1.0,0.0,0,S/D,S/D,S/D,0
472680EE,BAMBAMARCA M,CAJAMARCA,HUALGAYOC,wrf5,pp,20260828,20260926,"00Z,12Z",D1,6h,0.206,1.475,0.338,220,0.538,0.576,0.311,26,0.375,0.75,0.176,8,S/D,1.0,0.0,0,S/D,S/D,S/D,0
472680EE,BAMBAMARCA M,CAJAMARCA,HUALGAYOC,mpas15,pp,20260828,20260926,00Z,D1,6h,1.304,2.965,0.146,112,0.615,0.837,0.148,13,0.75,0.923,0.075,4,S/D,1.0,0.0,0,S/D,S/D,S/D,0
4727F484,CHUGUR,CAJAMARCA,HUALGAYOC,ecmwf,pp,20260828,20260926,"00Z,12Z",D1,6h,1.521,2.944,S/D,226,S/D,1.0,0.0,0,S/D,1.0,0.0,0,S/D,1.0,0.0,0,S/D,S/D,S/D,0
4727F484,CHUGUR,CAJAMARCA,HUALGAYOC,gfs,pp,20260828,20260926,"00Z,12Z",D1,6h,0.997,2.154,S/D,226,S/D,1.0,0.0,0,S/D,1.0,0.0,0,S/D,1.0,0.0,0,S/D,S/D,S/D,0
4727F484,CHUGUR,CAJAMARCA,HUALGAYOC,eta5,pp,20260828,20260926,"00Z,12Z",D1,6h,0.662,1.752,S/D,191,S/D,1.0,0.0,0,S/D,1.0,0.0,0,S/D,1.0,0.0,0,S/D,S/D,S/D,0
4727F484,CHUGUR,CAJAMARCA,HUALGAYOC,wrf5,pp,20260828,20260926,"00Z,12Z",D1,6h,0.721,2.508,S/D,222,S/D,1.0,0.0,0,S/D,1.0,0.0,0,S/D,1.0,0.0,0,S/D,1.0,0.0,0
4727F484,CHUGUR,CAJAMARCA,HUALGAYOC,mpas15,pp,20260828,20260926,00Z,D1,6h,1.752,4.506,S/D,113,S/D,1.0,0.0,0,S/D,1.0,0.0,0,S/D,1.0,0.0,0,S/D,1.0,0.0,0
472A571A,HUALLAPE,CAJAMARCA,JAEN,ecmwf,pp,20260828,20260926,"00Z,12Z",D1,6h,0.345,1.692,0.219,230,0.861,0.809,0.186,36,0.25,0.925,0.061,12,0.0,1.0,0.0,6,S/D,S/D,S/D,0
472A571A,HUALLAPE,CAJAMARCA,JAEN,gfs,pp,20260828,20260926,"00Z,12Z",D1,6h,-0.006,1.241,0.262,230,0.639,0.755,0.215,36,0.333,0.789,0.148,12,0.0,S/D,0.0,6,S/D,S/D,S/D,0
472A571A,HUALLAPE,CAJAMARCA,JAEN,eta5,pp,20260828,20260926,"00Z,12Z",D1,6h,1.143,2.53,0.136,193,0.607,0.838,0.147,28,0.8,0.881,0.116,10,0.25,0.917,0.067,4,S/D,S/D,S/D,0
472A571A,HUALLAPE,CAJAMARCA,JAEN,wrf5,pp,20260828,20260926,"00Z,12Z",D1,6h,-0.261,1.327,0.243,226,0.083,0.7,0.07,36,0.0,S/D,0.0,12,0.0,S/D,0.0,6,S/D,S/D,S/D,0
472A571A,HUALLAPE,CAJAMARCA,JAEN,mpas15,pp,20260828,20260926,00Z,D1,6h,0.436,2.49,0.125,115,0.5,0.775,0.184,18,0.5,0.885,0.103,6,0.0,1.0,0.0,3,S/D,S/D,S/D,0
47269398,JAEN,CAJAMARCA,JAEN,ecmwf,pp,20260828,20260926,"00Z,12Z",D1,6h,0.41,1.059,0.254,208,0.778,0.867,0.128,18,0.5,0.889,0.1,8,S/D,1.0,0.0,0,S/D,S/D,S/D,0
47269398,JAEN,CAJAMARCA,JAEN,gfs,pp,20260828,20260926,"00Z,12Z",D1,6h,0.364,0.912,0.277,208,0.889,0.852,0.145,18,0.375,0.912,0.077,8,S/D,1.0,0.0,0,S/D,S/D,S/D,0
47269398,JAEN,CAJAMARCA,JAEN,eta5,pp,20260828,20260926,"00Z,12Z",D1,6h,2.231,3.607,0.103,173,0.824,0.886,0.111,17,0.571,0.957,0.042,7,S/D,1.0,0.0,0,S/D,S/D,S/D,0
47269398,JAEN,CAJAMARCA,JAEN,wrf5,pp,20260828,20260926,"00Z,12Z",D1,6h,-0.055,0.521,0.158,204,0.167,0.786,0.103,18,0.0,1.0,0.0,8,S/D,S/D,S/D,0,S/D,S/D,S/D,0
47269398,JAEN,CAJAMARCA,JAEN,mpas15,pp,20260828,20260926,00Z,D1,6h,1.55,2.987,0.142,104,0.778,0.873,0.123,9,0.75,0.932,0.067,4,S/D,1.0,0.0,0,S/D,S/D,S/D,0
105136,SAUZAL,CAJAMARCA,JAEN,ecmwf,pp,20260828,20260926,"00Z,12Z",D1,6h,0.518,1.439,0.222,232,1.0,0.95,0.05,4,S/D,1.0,0.0,0,S/D,1.0,0.0,0,S/D,S/D,S/D,0
105136,SAUZAL,CAJAMARCA,JAEN,gfs,pp,20260828,20260926,"00Z,12Z",D1,6h,0.271,0.791,0.251,232,1.0,0.942,0.058,4,S/D,1.0,0.0,0,S/D,1.0,0.0,0,S/D,S/D,S/D,0
105136,SAUZAL,CAJAMARCA,JAEN,eta5,pp,20260828,20260926,"00Z,12Z",D1,6h,0.318,1.251,0.054,196,0.333,0.971,0.028,3,S/D,1.0,0.0,0,S/D,1.0,0.0,0,S/D,S/D,S/D,0
105136,SAUZAL,CAJAMARCA,JAEN,wrf5,pp,20260828,20260926,"00Z,12Z",D1,6h,0.016,0.261,0.302,228,0.25,0.667,0.167,4,S/D,1.0,0.0,0,S/D,S/D,S/D,0,S/D,S/D,S/D,0
105136,SAUZAL,CAJAMARCA,JAEN,mpas15,pp,20260828,20260926,00Z,D1,6h,0.478,1.357,0.243,116,1.0,0.929,0.071,2,S/D,1.0,0.0,0,S/D,1.0,0.0,0,S/D,S/D,S/D,0
4725E206,SAN MARCOS,CAJAMARCA,SAN MARCOS,ecmwf,pp,20260828,20260926,"00Z,12Z",D1,6h,0.606,1.643,0.296,214,1.0,0.918,0.082,8,1.0,0.929,0.071,2,S/D,1.0,0.0,0,S/D,S/D,S/D,0
4725E206,SAN MARCOS,CAJAMARCA,SAN MARCOS,gfs,pp,20260828,20260926,"00Z,12Z",D1,6h,0.479,1.07,0.253,214,1.0,0.926,0.074,8,0.5,0.968,0.031,2,S/D,1.0,0.0,0,S/D,S/D,S/D,0
4725E206,SAN MARCOS,CAJAMARCA,SAN MARCOS,eta5,pp,20260828,20260926,"00Z,12Z",D1,6h,0.17,0.663,0.266,181,0.667,0.875,0.118,6,0.0,1.0,0.0,2,S/D,1.0,0.0,0,S/D,S/D,S/D,0
4725E206,SAN MARCOS,CAJAMARCA,SAN MARCOS,wrf5,pp,20260828,20260926,"00Z,12Z",D1,6h,0.245,1.4,0.4,210,1.0,0.692,0.308,8,0.0,1.0,0.0,2,S/D,1.0,0.0,0,S/D,S/D,S/D,0
4725E206,SAN MARCOS,CAJAMARCA,SAN MARCOS,mpas15,pp,20260828,20260926,00Z,D1,6h,0.818,2.766,0.319,107,1.0,0.886,0.114,4,1.0,0.955,0.045,1,S/D,1.0,0.0,0,S/D,S/D,S/D,0
47E207A4,TONGOD,CAJAMARCA,SAN MIGUEL,ecmwf,pp,20260828,20260926,"00Z,12Z",D1,6h,0.878,2.811,0.262,226,0.738,0.797,0.189,42,0.875,0.825,0.171,16,0.875,0.65,0.333,8,S/D,S/D,S/D,0
47E207A4,TONGOD,CAJAMARCA,SAN MIGUEL,gfs,pp,20260828,20260926,"00Z,12Z",D1,6h,0.403,2.453,0.361,226,0.905,0.719,0.273,42,0.75,0.778,0.207,16,0.625,0.615,0.312,8,S/D,S/D,S/D,0
47E207A4,TONGOD,CAJAMARCA,SAN MIGUEL,eta5,pp,20260828,20260926,"00Z,12Z",D1,6h,-0.173,2.054,0.354,190,0.576,0.62,0.297,33,0.455,0.643,0.25,11,0.0,S/D,0.0,4,S/D,S/D,S/D,0
47E207A4,TONGOD,CAJAMARCA,SAN MIGUEL,wrf5,pp,20260828,20260926,"00Z,12Z",D1,6h,-0.175,2.122,0.393,222,0.548,0.477,0.365,42,0.562,0.471,0.375,16,0.5,0.5,0.333,8,S/D,S/D,S/D,0
47E207A4,TONGOD,CAJAMARCA,SAN MIGUEL,mpas15,pp,20260828,20260926,00Z,D1,6h,1.094,3.137,0.257,113,0.571,0.707,0.24,21,0.875,0.806,0.189,8,1.0,0.75,0.25,4,S/D,S/D,S/D,0
47E1C5B4,CAÑAD,CAJAMARCA,SANTA CRUZ,ecmwf,pp,20260828,20260926,"00Z,12Z",D1,6h,1.103,2.346,0.148,230,0.833,0.964,0.035,6,S/D,1.0,0.0,0,S/D,1.0,0.0,0,S/D,S/D,S/D,0
47E1C5B4,CAÑAD,CAJAMARCA,SANTA CRUZ,gfs,pp,20260828,20260926,"00Z,12Z",D1,6h,0.716,1.391,0.285,230,1.0,0.957,0.043,6,S/D,1.0,0.0,0,S/D,1.0,0.0,0,S/D,S/D,S/D,0
47E1C5B4,CAÑAD,CAJAMARCA,SANTA CRUZ,eta5,pp,20260828,20260926,"00Z,12Z",D1,6h,0.818,2.083,0.292,194,1.0,0.957,0.043,3,S/D,1.0,0.0,0,S/D,1.0,0.0,0,S/D,S/D,S/D,0
47E1C5B4,CAÑAD,CAJAMARCA,SANTA CRUZ,wrf5,pp,20260828,20260926,"00Z,12Z",D1,6h,0.049,0.332,0.37,226,0.667,0.636,0.308,6,S/D,1.0,0.0,0,S/D,S/D,S/D,0,S/D,S/D,S/D,0
47E1C5B4,CAÑAD,CAJAMARCA,SANTA CRUZ,mpas15,pp,20260828,20260926,00Z,D1,6h,0.921,2.266,0.242,115,1.0,0.929,0.071,3,S/D,1.0,0.0,0,S/D,1.0,0.0,0,S/D,S/D,S/D,0
47E3055E,CHANCAY BAÑOS,CAJAMARCA,SANTA CRUZ,ecmwf,pp,20260828,20260926,"00Z,12Z",D1,6h,1.012,2.21,0.055,238,0.714,0.945,0.054,14,1.0,0.902,0.098,6,S/D,1.0,0.0,0,S/D,S/D,S/D,0
47E3055E,CHANCAY BAÑOS,CAJAMARCA,SANTA CRUZ,gfs,pp,20260828,20260926,"00Z,12Z",D1,6h,0.645,1.192,0.208,238,0.857,0.937,0.063,14,1.0,0.857,0.143,6,S/D,1.0,0.0,0,S/D,S/D,S/D,0
47E3055E,CHANCAY BAÑOS,CAJAMARCA,SANTA CRUZ,eta5,pp,20260828,20260926,"00Z,12Z",D1,6h,0.559,1.669,0.21,201,0.667,0.905,0.091,9,0.75,0.9,0.097,4,S/D,1.0,0.0,0,S/D,S/D,S/D,0
47E3055E,CHANCAY BAÑOS,CAJAMARCA,SANTA CRUZ,wrf5,pp,20260828,20260926,"00Z,12Z",D1,6h,0.114,0.951,0.306,234,0.5,0.696,0.233,14,0.5,0.625,0.273,6,S/D,1.0,0.0,0,S/D,S/D,S/D,0
47E3055E,CHANCAY BAÑOS,CAJAMARCA,SANTA CRUZ,mpas15,pp,20260828,20260926,00Z,D1,6h,1.111,2.55,0.049,119,0.429,0.932,0.062,7,1.0,0.914,0.086,3,S/D,1.0,0.0,0,S/D,S/D,S/D,0
47E1E358,PUENTE AMBAN,CAJAMARCA,SANTA CRUZ,ecmwf,pp,20260828,20260926,"00Z,12Z",D1,6h,0.805,1.792,0.036,232,0.571,0.942,0.056,14,1.0,0.922,0.078,4,1.0,0.818,0.182,2,S/D,S/D,S/D,0
47E1E358,PUENTE AMBAN,CAJAMARCA,SANTA CRUZ,gfs,pp,20260828,20260926,"00Z,12Z",D1,6h,0.197,0.767,0.29,232,0.786,0.843,0.151,14,1.0,0.667,0.333,4,0.0,1.0,0.0,2,S/D,S/D,S/D,0
47E1E358,PUENTE AMBAN,CAJAMARCA,SANTA CRUZ,eta5,pp,20260828,20260926,"00Z,12Z",D1,6h,0.966,2.466,0.197,195,0.75,0.92,0.078,8,1.0,0.955,0.045,2,0.0,1.0,0.0,1,S/D,S/D,S/D,0
47E1E358,PUENTE AMBAN,CAJAMARCA,SANTA CRUZ,wrf5,pp,20260828,20260926,"00Z,12Z",D1,6h,0.016,0.36,0.26,228,0.357,0.688,0.2,14,1.0,0.556,0.444,4,0.0,S/D,0.0,2,S/D,S/D,S/D,0
47E1E358,PUENTE AMBAN,CAJAMARCA,SANTA CRUZ,mpas15,pp,20260828,20260926,00Z,D1,6h,1.066,2.54,0.018,116,0.429,0.929,0.065,7,1.0,0.941,0.059,2,1.0,0.889,0.111,1,S/D,S/D,S/D,0
114132,POMACANCHI,CUSCO,ACOMAYO,ecmwf,pp,20260828,20260926,"00Z,12Z",D1,6h,0.316,0.754,0.354,234,0.9,0.793,0.202,20,0.333,0.943,0.051,6,S/D,1.0,0.0,0,S/D,S/D,S/D,0
114132,POMACANCHI,CUSCO,ACOMAYO,gfs,pp,20260828,20260926,"00Z,12Z",D1,6h,0.26,0.974,0.274,234,0.7,0.825,0.163,20,0.667,0.8,0.182,6,S/D,1.0,0.0,0,S/D,S/D,S/D,0
114132,POMACANCHI,CUSCO,ACOMAYO,eta5,pp,20260828,20260926,"00Z,12Z",D1,6h,0.271,0.88,0.358,197,0.65,0.783,0.194,20,0.833,0.783,0.208,6,S/D,1.0,0.0,0,S/D,S/D,S/D,0
114132,POMACANCHI,CUSCO,ACOMAYO,wrf5,pp,20260828,20260926,"00Z,12Z",D1,6h,0.084,0.567,0.41,230,0.55,0.633,0.282,20,0.167,0.889,0.071,6,S/D,1.0,0.0,0,S/D,S/D,S/D,0
114132,POMACANCHI,CUSCO,ACOMAYO,mpas15,pp,20260828,20260926,00Z,D1,6h,0.48,0.974,0.296,117,0.8,0.822,0.17,10,0.667,0.931,0.067,3,S/D,1.0,0.0,0,S/D,S/D,S/D,0
113252,ANCACHURO,CUSCO,ANTA,ecmwf,pp,20260828,20260926,"00Z,12Z",D1,6h,0.435,1.264,0.344,226,0.909,0.8,0.196,22,0.75,0.86,0.133,8,0.0,1.0,0.0,2,S/D,S/D,S/D,0
113252,ANCACHURO,CUSCO,ANTA,gfs,pp,20260828,20260926,"00Z,12Z",D1,6h,0.249,1.208,0.33,226,0.773,0.798,0.191,22,0.5,0.826,0.148,8,0.0,1.0,0.0,2,S/D,S/D,S/D,0
113252,ANCACHURO,CUSCO,ANTA,eta5,pp,20260828,20260926,"00Z,12Z",D1,6h,0.457,1.608,0.359,190,0.7,0.731,0.241,20,0.714,0.833,0.156,7,0.0,1.0,0.0,1,S/D,S/D,S/D,0
113252,ANCACHURO,CUSCO,ANTA,wrf5,pp,20260828,20260926,"00Z,12Z",D1,6h,-0.001,0.927,0.328,222,0.5,0.725,0.216,22,0.125,0.833,0.077,8,0.0,1.0,0.0,2,S/D,S/D,S/D,0
113252,ANCACHURO,CUSCO,ANTA,mpas15,pp,20260828,20260926,00Z,D1,6h,0.49,1.324,0.2,113,0.727,0.81,0.178,11,0.5,0.938,0.059,4,0.0,S/D,0.0,1,S/D,S/D,S/D,0
47294362,SORAYPAMPA,CUSCO,ANTA,ecmwf,pp,20260828,20260926,"00Z,12Z",D1,6h,S/D,S/D,S/D,0,S/D,S/D,S/D,0,S/D,S/D,S/D,0,S/D,S/D,S/D,0,S/D,S/D,S/D,0
47294362,SORAYPAMPA,CUSCO,ANTA,gfs,pp,20260828,20260926,"00Z,12Z",D1,6h,S/D,S/D,S/D,0,S/D,S/D,S/D,0,S/D,S/D,S/D,0,S/D,S/D,S/D,0,S/D,S/D,S/D,0
47294362,SORAYPAMPA,CUSCO,ANTA,eta5,pp,20260828,20260926,"00Z,12Z",D1,6h,S/D,S/D,S/D,0,S/D,S/D,S/D,0,S/D,S/D,S/D,0,S/D,S/D,S/D,0,S/D,S/D,S/D,0
47294362,SORAYPAMPA,CUSCO,ANTA,wrf5,pp,20260828,20260926,"00Z,12Z",D1,6h,S/D,S/D,S/D,0,S/D,S/D,S/D,0,S/D,S/D,S/D,0,S/D,S/D,S/D,0,S/D,S/D,S/D,0
47294362,SORAYPAMPA,CUSCO,ANTA,mpas15,pp,20260828,20260926,00Z,D1,6h,S/D,S/D,S/D,0,S/D,S/D,S/D,0,S/D,S/D,S/D,0,S/D,S/D,S/D,0,S/D,S/D,S/D,0
472976F8,CALCA,CUSCO,CALCA,ecmwf,pp,20260828,20260926,"00Z,12Z",D1,6h,0.587,1.225,0.277,222,0.9,0.818,0.178,20,0.0,1.0,0.0,2,S/D,1.0,0.0,0,S/D,S/D,S/D,0
472976F8,CALCA,CUSCO,CALCA,gfs,pp,20260828,20260926,"00Z,12Z",D1,6h,0.462,1.04,0.318,222,0.9,0.851,0.146,20,0.0,1.0,0.0,2,S/D,1.0,0.0,0,S/D,S/D,S/D,0
472976F8,CALCA,CUSCO,CALCA,eta5,pp,20260828,20260926,"00Z,12Z",D1,6h,0.059,0.648,0.243,188,0.389,0.667,0.219,18,0.0,1.0,0.0,2,S/D,1.0,0.0,0,S/D,S/D,S/D,0
472976F8,CALCA,CUSCO,CALCA,wrf5,pp,20260828,20260926,"00Z,12Z",D1,6h,0.045,0.499,0.308,219,0.35,0.767,0.163,20,0.0,1.0,0.0,2,S/D,S/D,S/D,0,S/D,S/D,S/D,0
472976F8,CALCA,CUSCO,CALCA,mpas15,pp,20260828,20260926,00Z,D1,6h,0.467,0.946,0.267,111,0.8,0.8,0.19,10,1.0,0.968,0.032,1,S/D,S/D,S/D,0,S/D,S/D,S/D,0
472A6280,NUEVO PISAC,CUSCO,CALCA,ecmwf,pp,20260828,20260926,"00Z,12Z",D1,6h,S/D,S/D,S/D,0,S/D,S/D,S/D,0,S/D,S/D,S/D,0,S/D,S/D,S/D,0,S/D,S/D,S/D,0
472A6280,NUEVO PISAC,CUSCO,CALCA,gfs,pp,20260828,20260926,"00Z,12Z",D1,6h,S/D,S/D,S/D,0,S/D,S/D,S/D,0,S/D,S/D,S/D,0,S/D,S/D,S/D,0,S/D,S/D,S/D,0
472A6280,NUEVO PISAC,CUSCO,CALCA,eta5,pp,20260828,20260926,"00Z,12Z",D1,6h,S/D,S/D,S/D,0,S/D,S/D,S/D,0,S/D,S/D,S/D,0,S/D,S/D,S/D,0,S/D,S/D,S/D,0
472A6280,NUEVO PISAC,CUSCO,CALCA,wrf5,pp,20260828,20260926,"00Z,12Z",D1,6h,S/D,S/D,S/D,0,S/D,S/D,S/D,0,S/D,S/D,S/D,0,S/D,S/D,S/D,0,S/D,S/D,S/D,0
472A6280,NUEVO PISAC,CUSCO,CALCA,mpas15,pp,20260828,20260926,00Z,D1,6h,S/D,S/D,S/D,0,S/D,S/D,S/D,0,S/D,S/D,S/D,0,S/D,S/D,S/D,0,S/D,S/D,S/D,0
114126,PAYAPUNKU,CUSCO,CANAS,ecmwf,pp,20260828,20260926,"00Z,12Z",D1,6h,0.358,1.005,0.463,230,0.962,0.716,0.281,26,0.7,0.788,0.194,10,S/D,1.0,0.0,0,S/D,S/D,S/D,0
114126,PAYAPUNKU,CUSCO,CANAS,gfs,pp,20260828,20260926,"00Z,12Z",D1,6h,0.199,0.908,0.283,230,0.654,0.79,0.189,26,0.0,1.0,0.0,10,S/D,S/D,S/D,0,S/D,S/D,S/D,0
114126,PAYAPUNKU,CUSCO,CANAS,eta5,pp,20260828,20260926,"00Z,12Z",D1,6h,0.223,1.035,0.298,193,0.654,0.717,0.246,26,0.4,0.846,0.125,10,S/D,1.0,0.0,0,S/D,S/D,S/D,0
114126,PAYAPUNKU,CUSCO,CANAS,wrf5,pp,20260828,20260926,"00Z,12Z",D1,6h,0.138,1.213,0.308,227,0.417,0.75,0.185,24,0.0,1.0,0.0,9,S/D,1.0,0.0,0,S/D,S/D,S/D,0
114126,PAYAPUNKU,CUSCO,CANAS,mpas15,pp,20260828,20260926,00Z,D1,6h,0.342,1.021,0.397,115,0.846,0.686,0.297,13,0.6,0.864,0.125,5,S/D,1.0,0.0,0,S/D,S/D,S/D,0
114125,SAUSAYA,CUSCO,CANAS,ecmwf,pp,20260828,20260926,"00Z,12Z",D1,6h,0.463,1.057,0.371,218,0.938,0.83,0.169,16,0.75,0.914,0.083,4,S/D,1.0,0.0,0,S/D,S/D,S/D,0
114125,SAUSAYA,CUSCO,CANAS,gfs,pp,20260828,20260926,"00Z,12Z",D1,6h,0.312,0.9,0.237,218,0.75,0.846,0.146,16,0.5,0.917,0.077,4,S/D,S/D,S/D,0,S/D,S/D,S/D,0
114125,SAUSAYA,CUSCO,CANAS,eta5,pp,20260828,20260926,"00Z,12Z",D1,6h,1.016,2.328,0.282,185,0.875,0.821,0.175,16,0.5,0.96,0.038,4,S/D,1.0,0.0,0,S/D,S/D,S/D,0
114125,SAUSAYA,CUSCO,CANAS,wrf5,pp,20260828,20260926,"00Z,12Z",D1,6h,0.274,1.326,0.235,214,0.438,0.806,0.156,16,0.25,0.938,0.053,4,S/D,1.0,0.0,0,S/D,S/D,S/D,0
114125,SAUSAYA,CUSCO,CANAS,mpas15,pp,20260828,20260926,00Z,D1,6h,0.411,0.89,0.23,109,0.75,0.833,0.158,8,0.5,0.958,0.04,2,S/D,1.0,0.0,0,S/D,S/D,S/D,0
472E025C,QUISOQUEPINA,CUSCO,CANCHIS,ecmwf,pp,20260828,20260926,"00Z,12Z",D1,6h,S/D,S/D,S/D,0,S/D,S/D,S/D,0,S/D,S/D,S/D,0,S/D,S/D,S/D,0,S/D,S/D,S/D,0
472E025C,QUISOQUEPINA,CUSCO,CANCHIS,gfs,pp,20260828,20260926,"00Z,12Z",D1,6h,S/D,S/D,S/D,0,S/D,S/D,S/D,0,S/D,S/D,S/D,0,S/D,S/D,S/D,0,S/D,S/D,S/D,0
472E025C,QUISOQUEPINA,CUSCO,CANCHIS,eta5,pp,20260828,20260926,"00Z,12Z",D1,6h,S/D,S/D,S/D,0,S/D,S/D,S/D,0,S/D,S/D,S/D,0,S/D,S/D,S/D,0,S/D,S/D,S/D,0
472E025C,QUISOQUEPINA,CUSCO,CANCHIS,wrf5,pp,20260828,20260926,"00Z,12Z",D1,6h,S/D,S/D,S/D,0,S/D,S/D,S/D,0,S/D,S/D,S/D,0,S/D,S/D,S/D,0,S/D,S/D,S/D,0
472E025C,QUISOQUEPINA,CUSCO,CANCHIS,mpas15,pp,20260828,20260926,00Z,D1,6h,S/D,S/D,S/D,0,S/D,S/D,S/D,0,S/D,S/D,S/D,0,S/D,S/D,S/D,0,S/D,S/D,S/D,0
114118,SALCCA,CUSCO,CANCHIS,ecmwf,pp,20260828,20260926,"00Z,12Z",D1,6h,0.249,0.982,0.352,234,0.889,0.818,0.178,18,0.6,0.769,0.2,10,S/D,1.0,0.0,0,S/D,S/D,S/D,0
114118,SALCCA,CUSCO,CANCHIS,gfs,pp,20260828,20260926,"00Z,12Z",D1,6h,0.129,0.837,0.315,234,0.778,0.803,0.187,18,0.3,0.833,0.12,10,S/D,1.0,0.0,0,S/D,S/D,S/D,0
114118,SALCCA,CUSCO,CANCHIS,eta5,pp,20260828,20260926,"00Z,12Z",D1,6h,0.465,1.375,0.364,197,0.833,0.792,0.2,18,0.9,0.775,0.22,10,S/D,1.0,0.0,0,S/D,S/D,S/D,0
114118,SALCCA,CUSCO,CANCHIS,wrf5,pp,20260828,20260926,"00Z,12Z",D1,6h,0.095,0.85,0.356,230,0.722,0.698,0.271,18,0.3,0.75,0.158,10,S/D,1.0,0.0,0,S/D,S/D,S/D,0
114118,SALCCA,CUSCO,CANCHIS,mpas15,pp,20260828,20260926,00Z,D1,6h,0.396,1.149,0.291,117,0.889,0.795,0.2,9,1.0,0.828,0.172,5,S/D,1.0,0.0,0,S/D,S/D,S/D,0
47E8B578,SIBINACOCHA,CUSCO,CANCHIS,ecmwf,pp,20260828,20260926,"00Z,12Z",D1,6h,0.085,0.631,0.528,232,0.87,0.551,0.421,46,0.312,0.667,0.192,16,S/D,S/D,S/D,0,S/D,S/D,S/D,0
47E8B578,SIBINACOCHA,CUSCO,CANCHIS,gfs,pp,20260828,20260926,"00Z,12Z",D1,6h,0.468,1.279,0.449,232,0.783,0.64,0.327,46,0.625,0.778,0.196,16,S/D,1.0,0.0,0,S/D,S/D,S/D,0
47E8B578,SIBINACOCHA,CUSCO,CANCHIS,eta5,pp,20260828,20260926,"00Z,12Z",D1,6h,0.089,0.874,0.32,195,0.356,0.568,0.242,45,0.375,0.667,0.214,16,S/D,1.0,0.0,0,S/D,S/D,S/D,0
47E8B578,SIBINACOCHA,CUSCO,CANCHIS,wrf5,pp,20260828,20260926,"00Z,12Z",D1,6h,0.05,0.817,0.37,229,0.409,0.55,0.273,44,0.25,0.733,0.148,16,S/D,1.0,0.0,0,S/D,S/D,S/D,0
47E8B578,SIBINACOCHA,CUSCO,CANCHIS,mpas15,pp,20260828,20260926,00Z,D1,6h,0.443,0.967,0.533,116,0.913,0.523,0.457,23,0.75,0.818,0.171,8,S/D,S/D,S/D,0,S/D,S/D,S/D,0
4726158C,SICUANI,CUSCO,CANCHIS,ecmwf,pp,20260828,20260926,"00Z,12Z",D1,6h,0.316,1.012,0.201,212,0.75,0.926,0.072,8,0.0,1.0,0.0,2,S/D,1.0,0.0,0,S/D,S/D,S/D,0
4726158C,SICUANI,CUSCO,CANCHIS,gfs,pp,20260828,20260926,"00Z,12Z",D1,6h,0.219,0.692,0.294,212,1.0,0.871,0.129,8,1.0,0.867,0.133,2,S/D,1.0,0.0,0,S/D,S/D,S/D,0
4726158C,SICUANI,CUSCO,CANCHIS,eta5,pp,20260828,20260926,"00Z,12Z",D1,6h,0.694,1.506,0.272,178,0.875,0.897,0.101,8,1.0,0.949,0.051,2,S/D,1.0,0.0,0,S/D,S/D,S/D,0
4726158C,SICUANI,CUSCO,CANCHIS,wrf5,pp,20260828,20260926,"00Z,12Z",D1,6h,0.18,1.037,0.343,208,0.75,0.76,0.222,8,1.0,0.667,0.333,2,S/D,1.0,0.0,0,S/D,S/D,S/D,0
4726158C,SICUANI,CUSCO,CANCHIS,mpas15,pp,20260828,20260926,00Z,D1,6h,0.43,0.901,0.169,106,0.75,0.914,0.083,4,1.0,0.96,0.04,1,S/D,S/D,S/D,0,S/D,S/D,S/D,0
114123,MARCA CUNKA,CUSCO,CHUMBIVILCAS,ecmwf,pp,20260828,20260926,"00Z,12Z",D1,6h,0.249,0.845,0.445,230,0.867,0.705,0.283,30,0.45,0.64,0.25,20,S/D,1.0,0.0,0,S/D,S/D,S/D,0
114123,MARCA CUNKA,CUSCO,CHUMBIVILCAS,gfs,pp,20260828,20260926,"00Z,12Z",D1,6h,0.267,0.92,0.316,230,0.9,0.792,0.203,30,0.4,0.784,0.163,20,S/D,1.0,0.0,0,S/D,S/D,S/D,0
114123,MARCA CUNKA,CUSCO,CHUMBIVILCAS,eta5,pp,20260828,20260926,"00Z,12Z",D1,6h,0.596,1.481,0.45,193,0.852,0.693,0.291,27,0.778,0.708,0.269,18,S/D,1.0,0.0,0,S/D,S/D,S/D,0
114123,MARCA CUNKA,CUSCO,CHUMBIVILCAS,wrf5,pp,20260828,20260926,"00Z,12Z",D1,6h,0.184,1.66,0.42,227,0.607,0.679,0.266,28,0.222,0.789,0.121,18,S/D,1.0,0.0,0,S/D,S/D,S/D,0
114123,MARCA CUNKA,CUSCO,CHUMBIVILCAS,mpas15,pp,20260828,20260926,00Z,D1,6h,0.508,1.227,0.368,115,0.8,0.707,0.273,15,0.8,0.75,0.235,10,S/D,1.0,0.0,0,S/D,S/D,S/D,0
4729A090,SANTO TOMAS,CUSCO,CHUMBIVILCAS,ecmwf,pp,20260828,20260926,"00Z,12Z",D1,6h,0.145,0.568,0.471,200,0.929,0.653,0.338,28,0.571,0.529,0.348,14,S/D,S/D,S/D,0,S/D,S/D,S/D,0
4729A090,SANTO TOMAS,CUSCO,CHUMBIVILCAS,gfs,pp,20260828,20260926,"00Z,12Z",D1,6h,0.228,0.786,0.304,200,0.893,0.781,0.214,28,0.286,0.879,0.093,14,S/D,S/D,S/D,0,S/D,S/D,S/D,0
4729A090,SANTO TOMAS,CUSCO,CHUMBIVILCAS,eta5,pp,20260828,20260926,"00Z,12Z",D1,6h,0.512,1.243,0.423,169,0.8,0.672,0.303,25,0.75,0.769,0.214,12,S/D,1.0,0.0,0,S/D,S/D,S/D,0
4729A090,SANTO TOMAS,CUSCO,CHUMBIVILCAS,wrf5,pp,20260828,20260926,"00Z,12Z",D1,6h,0.06,1.387,0.429,196,0.28,0.741,0.156,25,0.0,1.0,0.0,12,S/D,1.0,0.0,0,S/D,S/D,S/D,0
4729A090,SANTO TOMAS,CUSCO,CHUMBIVILCAS,mpas15,pp,20260828,20260926,00Z,D1,6h,0.526,1.251,0.445,100,0.929,0.658,0.333,14,1.0,0.75,0.25,7,S/D,1.0,0.0,0,S/D,S/D,S/D,0
114124,HUAYHUAHUASI,CUSCO,ESPINAR,ecmwf,pp,20260828,20260926,"00Z,12Z",D1,6h,0.261,1.085,0.362,234,1.0,0.813,0.187,14,0.5,0.875,0.111,6,0.0,1.0,0.0,2,S/D,S/D,S/D,0
114124,HUAYHUAHUASI,CUSCO,ESPINAR,gfs,pp,20260828,20260926,"00Z,12Z",D1,6h,0.392,1.224,0.292,234,1.0,0.863,0.137,14,0.5,0.921,0.073,6,0.0,1.0,0.0,2,S/D,S/D,S/D,0
114124,HUAYHUAHUASI,CUSCO,ESPINAR,eta5,pp,20260828,20260926,"00Z,12Z",D1,6h,0.817,2.121,0.291,197,0.857,0.831,0.164,14,0.667,0.917,0.08,6,0.0,1.0,0.0,2,S/D,S/D,S/D,0
114124,HUAYHUAHUASI,CUSCO,ESPINAR,wrf5,pp,20260828,20260926,"00Z,12Z",D1,6h,0.274,1.156,0.257,230,0.667,0.852,0.138,12,0.4,0.923,0.069,5,0.5,0.667,0.25,2,S/D,S/D,S/D,0
114124,HUAYHUAHUASI,CUSCO,ESPINAR,mpas15,pp,20260828,20260926,00Z,D1,6h,0.327,1.083,0.366,117,1.0,0.794,0.206,7,1.0,0.885,0.115,3,0.0,S/D,0.0,1,S/D,S/D,S/D,0
47E880E2,PICHARI,CUSCO,LA CONVENCION,ecmwf,pp,20260828,20260926,"00Z,12Z",D1,6h,1.542,6.457,0.402,232,0.976,0.777,0.222,42,1.0,0.813,0.187,26,0.417,0.896,0.091,12,0.0,S/D,0.0,4
47E880E2,PICHARI,CUSCO,LA CONVENCION,gfs,pp,20260828,20260926,"00Z,12Z",D1,6h,0.331,5.994,0.298,232,0.976,0.808,0.191,42,0.923,0.806,0.19,26,0.0,1.0,0.0,12,0.0,S/D,0.0,4
47E880E2,PICHARI,CUSCO,LA CONVENCION,eta5,pp,20260828,20260926,"00Z,12Z",D1,6h,4.543,9.495,0.249,195,0.842,0.782,0.209,38,0.864,0.855,0.142,22,0.5,0.94,0.057,10,0.0,1.0,0.0,4
47E880E2,PICHARI,CUSCO,LA CONVENCION,wrf5,pp,20260828,20260926,"00Z,12Z",D1,6h,-0.707,6.534,0.288,229,0.488,0.6,0.282,41,0.192,0.737,0.125,26,0.0,1.0,0.0,12,0.0,1.0,0.0,4
47E880E2,PICHARI,CUSCO,LA CONVENCION,mpas15,pp,20260828,20260926,00Z,D1,6h,0.26,5.907,0.232,116,0.81,0.754,0.233,21,0.846,0.807,0.186,13,0.0,1.0,0.0,6,0.0,S/D,0.0,2
112264,PONGO DE MAINIQUE,CUSCO,LA CONVENCION,ecmwf,pp,20260828,20260926,"00Z,12Z",D1,6h,-0.431,7.239,0.348,232,0.839,0.624,0.351,56,0.538,0.794,0.175,26,0.1,0.875,0.059,20,0.0,1.0,0.0,6
112264,PONGO DE MAINIQUE,CUSCO,LA CONVENCION,gfs,pp,20260828,20260926,"00Z,12Z",D1,6h,-0.134,6.704,0.297,232,0.821,0.664,0.313,56,0.5,0.835,0.141,26,0.4,0.733,0.19,20,0.0,S/D,0.0,6
112264,PONGO DE MAINIQUE,CUSCO,LA CONVENCION,eta5,pp,20260828,20260926,"00Z,12Z",D1,6h,0.545,7.386,0.148,195,0.6,0.703,0.248,50,0.478,0.847,0.131,23,0.444,0.765,0.182,18,0.0,S/D,0.0,5
112264,PONGO DE MAINIQUE,CUSCO,LA CONVENCION,wrf5,pp,20260828,20260926,"00Z,12Z",D1,6h,-1.269,7.146,0.246,228,0.364,0.574,0.244,55,0.154,0.818,0.091,26,0.0,1.0,0.0,20,0.0,S/D,0.0,6
112264,PONGO DE MAINIQUE,CUSCO,LA CONVENCION,mpas15,pp,20260828,20260926,00Z,D1,6h,-0.547,6.982,0.289,116,0.643,0.625,0.31,28,0.538,0.833,0.146,13,0.0,1.0,0.0,10,0.0,S/D,0.0,3
4729658E,SAN PABLO,CUSCO,LA CONVENCION,ecmwf,pp,20260828,20260926,"00Z,12Z",D1,6h,1.924,3.504,0.126,228,0.974,0.814,0.185,38,0.688,0.92,0.077,16,0.125,0.971,0.024,8,S/D,S/D,S/D,0
4729658E,SAN PABLO,CUSCO,LA CONVENCION,gfs,pp,20260828,20260926,"00Z,12Z",D1,6h,1.123,2.421,0.245,228,0.947,0.822,0.176,38,0.75,0.887,0.109,16,0.0,1.0,0.0,8,S/D,S/D,S/D,0
4729658E,SAN PABLO,CUSCO,LA CONVENCION,eta5,pp,20260828,20260926,"00Z,12Z",D1,6h,2.406,4.509,0.126,192,0.765,0.798,0.19,34,0.714,0.902,0.094,14,0.333,0.947,0.048,6,S/D,S/D,S/D,0
4729658E,SAN PABLO,CUSCO,LA CONVENCION,wrf5,pp,20260828,20260926,"00Z,12Z",D1,6h,-0.083,1.631,0.369,226,0.568,0.632,0.288,37,0.188,0.812,0.103,16,0.0,1.0,0.0,8,S/D,S/D,S/D,0
4729658E,SAN PABLO,CUSCO,LA CONVENCION,mpas15,pp,20260828,20260926,00Z,D1,6h,1.506,3.211,0.218,114,0.789,0.758,0.227,19,0.75,0.887,0.109,8,0.25,0.917,0.067,4,S/D,S/D,S/D,0
4722A338,ACJANACO ,CUSCO,PAUCARTAMBO,ecmwf,pp,20260828,20260926,"00Z,12Z",D1,6h,0.325,2.642,0.294,230,0.75,0.577,0.37,80,0.524,0.766,0.193,42,0.167,0.75,0.111,12,S/D,S/D,S/D,0
4722A338,ACJANACO ,CUSCO,PAUCARTAMBO,gfs,pp,20260828,20260926,"00Z,12Z",D1,6h,0.582,2.693,0.291,230,0.925,0.589,0.398,80,0.595,0.725,0.231,42,0.25,0.8,0.125,12,S/D,S/D,S/D,0
4722A338,ACJANACO ,CUSCO,PAUCARTAMBO,eta5,pp,20260828,20260926,"00Z,12Z",D1,6h,-0.688,2.984,0.24,193,0.293,0.476,0.232,75,0.122,0.5,0.109,41,0.083,0.667,0.071,12,S/D,S/D,S/D,0
4722A338,ACJANACO ,CUSCO,PAUCARTAMBO,wrf5,pp,20260828,20260926,"00Z,12Z",D1,6h,0.183,3.427,0.283,227,0.597,0.531,0.357,77,0.375,0.741,0.181,40,0.083,0.909,0.045,12,S/D,1.0,0.0,0
4722A338,ACJANACO ,CUSCO,PAUCARTAMBO,mpas15,pp,20260828,20260926,00Z,D1,6h,0.437,2.392,0.292,115,0.675,0.565,0.36,40,0.619,0.755,0.213,21,0.333,0.75,0.167,6,S/D,S/D,S/D,0
210007,PAUCARTAMBO,CUSCO,PAUCARTAMBO,ecmwf,pp,20260828,20260926,"00Z,12Z",D1,6h,S/D,S/D,S/D,0,S/D,S/D,S/D,0,S/D,S/D,S/D,0,S/D,S/D,S/D,0,S/D,S/D,S/D,0
210007,PAUCARTAMBO,CUSCO,PAUCARTAMBO,gfs,pp,20260828,20260926,"00Z,12Z",D1,6h,S/D,S/D,S/D,0,S/D,S/D,S/D,0,S/D,S/D,S/D,0,S/D,S/D,S/D,0,S/D,S/D,S/D,0
210007,PAUCARTAMBO,CUSCO,PAUCARTAMBO,eta5,pp,20260828,20260926,"00Z,12Z",D1,6h,S/D,S/D,S/D,0,S/D,S/D,S/D,0,S/D,S/D,S/D,0,S/D,S/D,S/D,0,S/D,S/D,S/D,0
210007,PAUCARTAMBO,CUSCO,PAUCARTAMBO,wrf5,pp,20260828,20260926,"00Z,12Z",D1,6h,S/D,S/D,S/D,0,S/D,S/D,S/D,0,S/D,S/D,S/D,0,S/D,S/D,S/D,0,S/D,S/D,S/D,0
210007,PAUCARTAMBO,CUSCO,PAUCARTAMBO,mpas15,pp,20260828,20260926,00Z,D1,6h,S/D,S/D,S/D,0,S/D,S/D,S/D,0,S/D,S/D,S/D,0,S/D,S/D,S/D,0,S/D,S/D,S/D,0
113247,ASHANAKU,CUSCO,QUISPICANCHI,ecmwf,pp,20260828,20260926,"00Z,12Z",D1,6h,0.249,1.929,0.266,230,0.75,0.816,0.174,28,0.667,0.707,0.255,18,0.167,0.75,0.111,6,S/D,S/D,S/D,0
113247,ASHANAKU,CUSCO,QUISPICANCHI,gfs,pp,20260828,20260926,"00Z,12Z",D1,6h,0.228,2.049,0.227,230,0.821,0.828,0.165,28,0.389,0.794,0.156,18,0.0,1.0,0.0,6,S/D,S/D,S/D,0
113247,ASHANAKU,CUSCO,QUISPICANCHI,eta5,pp,20260828,20260926,"00Z,12Z",D1,6h,-0.273,1.98,0.313,193,0.423,0.645,0.239,26,0.059,0.909,0.037,17,0.0,S/D,0.0,6,S/D,S/D,S/D,0
113247,ASHANAKU,CUSCO,QUISPICANCHI,wrf5,pp,20260828,20260926,"00Z,12Z",D1,6h,-0.14,1.945,0.334,227,0.333,0.69,0.191,27,0.176,0.786,0.107,17,0.0,1.0,0.0,5,S/D,S/D,S/D,0
113247,ASHANAKU,CUSCO,QUISPICANCHI,mpas15,pp,20260828,20260926,00Z,D1,6h,0.029,1.769,0.304,115,0.714,0.756,0.222,14,0.667,0.793,0.188,9,0.0,S/D,0.0,3,S/D,S/D,S/D,0
113254,QUINCEMIL,CUSCO,QUISPICANCHI,ecmwf,pp,20260828,20260926,"00Z,12Z",D1,6h,1.469,3.503,S/D,234,S/D,1.0,0.0,0,S/D,1.0,0.0,0,S/D,1.0,0.0,0,S/D,1.0,0.0,0
113254,QUINCEMIL,CUSCO,QUISPICANCHI,gfs,pp,20260828,20260926,"00Z,12Z",D1,6h,1.283,2.631,S/D,234,S/D,1.0,0.0,0,S/D,1.0,0.0,0,S/D,1.0,0.0,0,S/D,S/D,S/D,0
113254,QUINCEMIL,CUSCO,QUISPICANCHI,eta5,pp,20260828,20260926,"00Z,12Z",D1,6h,2.587,5.302,S/D,198,S/D,1.0,0.0,0,S/D,1.0,0.0,0,S/D,1.0,0.0,0,S/D,1.0,0.0,0
113254,QUINCEMIL,CUSCO,QUISPICANCHI,wrf5,pp,20260828,20260926,"00Z,12Z",D1,6h,0.753,3.49,S/D,230,S/D,1.0,0.0,0,S/D,1.0,0.0,0,S/D,1.0,0.0,0,S/D,1.0,0.0,0
113254,QUINCEMIL,CUSCO,QUISPICANCHI,mpas15,pp,20260828,20260926,00Z,D1,6h,2.543,4.857,S/D,117,S/D,1.0,0.0,0,S/D,1.0,0.0,0,S/D,1.0,0.0,0,S/D,S/D,S/D,0
472A9204,CHILCA,CUSCO,URUBAMBA,ecmwf,pp,20260828,20260926,"00Z,12Z",D1,6h,0.366,0.767,0.385,232,0.846,0.802,0.191,26,0.75,0.854,0.14,8,S/D,1.0,0.0,0,S/D,S/D,S/D,0
472A9204,CHILCA,CUSCO,URUBAMBA,gfs,pp,20260828,20260926,"00Z,12Z",D1,6h,0.473,1.175,0.278,232,0.923,0.841,0.157,26,0.5,0.897,0.093,8,S/D,1.0,0.0,0,S/D,S/D,S/D,0
472A9204,CHILCA,CUSCO,URUBAMBA,eta5,pp,20260828,20260926,"00Z,12Z",D1,6h,0.332,0.987,0.191,195,0.739,0.815,0.173,23,0.429,0.88,0.103,7,S/D,1.0,0.0,0,S/D,S/D,S/D,0
472A9204,CHILCA,CUSCO,URUBAMBA,wrf5,pp,20260828,20260926,"00Z,12Z",D1,6h,0.096,0.671,0.418,228,0.72,0.571,0.367,25,0.25,0.846,0.105,8,S/D,1.0,0.0,0,S/D,S/D,S/D,0
472A9204,CHILCA,CUSCO,URUBAMBA,mpas15,pp,20260828,20260926,00Z,D1,6h,0.59,1.196,0.13,116,0.692,0.824,0.164,13,0.25,0.974,0.024,4,S/D,S/D,S/D,0,S/D,S/D,S/D,0
4727C11E,HUAYLLABAMBA,CUSCO,URUBAMBA,ecmwf,pp,20260828,20260926,"00Z,12Z",D1,6h,S/D,S/D,S/D,0,S/D,S/D,S/D,0,S/D,S/D,S/D,0,S/D,S/D,S/D,0,S/D,S/D,S/D,0
4727C11E,HUAYLLABAMBA,CUSCO,URUBAMBA,gfs,pp,20260828,20260926,"00Z,12Z",D1,6h,S/D,S/D,S/D,0,S/D,S/D,S/D,0,S/D,S/D,S/D,0,S/D,S/D,S/D,0,S/D,S/D,S/D,0
4727C11E,HUAYLLABAMBA,CUSCO,URUBAMBA,eta5,pp,20260828,20260926,"00Z,12Z",D1,6h,S/D,S/D,S/D,0,S/D,S/D,S/D,0,S/D,S/D,S/D,0,S/D,S/D,S/D,0,S/D,S/D,S/D,0
4727C11E,HUAYLLABAMBA,CUSCO,URUBAMBA,wrf5,pp,20260828,20260926,"00Z,12Z",D1,6h,S/D,S/D,S/D,0,S/D,S/D,S/D,0,S/D,S/D,S/D,0,S/D,S/D,S/D,0,S/D,S/D,S/D,0
4727C11E,HUAYLLABAMBA,CUSCO,URUBAMBA,mpas15,pp,20260828,20260926,00Z,D1,6h,S/D,S/D,S/D,0,S/D,S/D,S/D,0,S/D,S/D,S/D,0,S/D,S/D,S/D,0,S/D,S/D,S/D,0
472935F2,INTIHUATANA H,CUSCO,URUBAMBA,ecmwf,pp,20260828,20260926,"00Z,12Z",D1,6h,S/D,S/D,S/D,0,S/D,S/D,S/D,0,S/D,S/D,S/D,0,S/D,S/D,S/D,0,S/D,S/D,S/D,0
472935F2,INTIHUATANA H,CUSCO,URUBAMBA,gfs,pp,20260828,20260926,"00Z,12Z",D1,6h,S/D,S/D,S/D,0,S/D,S/D,S/D,0,S/D,S/D,S/D,0,S/D,S/D,S/D,0,S/D,S/D,S/D,0
472935F2,INTIHUATANA H,CUSCO,URUBAMBA,eta5,pp,20260828,20260926,"00Z,12Z",D1,6h,S/D,S/D,S/D,0,S/D,S/D,S/D,0,S/D,S/D,S/D,0,S/D,S/D,S/D,0,S/D,S/D,S/D,0
472935F2,INTIHUATANA H,CUSCO,URUBAMBA,wrf5,pp,20260828,20260926,"00Z,12Z",D1,6h,S/D,S/D,S/D,0,S/D,S/D,S/D,0,S/D,S/D,S/D,0,S/D,S/D,S/D,0,S/D,S/D,S/D,0
472935F2,INTIHUATANA H,CUSCO,URUBAMBA,mpas15,pp,20260828,20260926,00Z,D1,6h,S/D,S/D,S/D,0,S/D,S/D,S/D,0,S/D,S/D,S/D,0,S/D,S/D,S/D,0,S/D,S/D,S/D,0
472852EE,INTIHUATANA M,CUSCO,URUBAMBA,ecmwf,pp,20260828,20260926,"00Z,12Z",D1,6h,0.019,1.818,0.301,230,0.719,0.662,0.299,64,0.382,0.705,0.2,34,0.0,S/D,0.0,10,S/D,S/D,S/D,0
472852EE,INTIHUATANA M,CUSCO,URUBAMBA,gfs,pp,20260828,20260926,"00Z,12Z",D1,6h,0.348,1.721,0.339,230,0.953,0.679,0.316,64,0.647,0.69,0.265,34,0.1,0.75,0.077,10,S/D,S/D,S/D,0
472852EE,INTIHUATANA M,CUSCO,URUBAMBA,eta5,pp,20260828,20260926,"00Z,12Z",D1,6h,1.056,2.695,0.338,194,0.782,0.642,0.326,55,0.7,0.727,0.244,30,0.333,0.85,0.115,9,S/D,S/D,S/D,0
472852EE,INTIHUATANA M,CUSCO,URUBAMBA,wrf5,pp,20260828,20260926,"00Z,12Z",D1,6h,0.502,2.945,0.329,227,0.726,0.567,0.372,62,0.455,0.706,0.217,33,0.2,0.857,0.091,10,S/D,S/D,S/D,0
472852EE,INTIHUATANA M,CUSCO,URUBAMBA,mpas15,pp,20260828,20260926,00Z,D1,6h,0.796,2.374,0.245,115,0.688,0.639,0.31,32,0.824,0.745,0.241,17,0.2,0.8,0.111,5,S/D,S/D,S/D,0
472897F0,MACHUPICCHU,CUSCO,URUBAMBA,ecmwf,pp,20260828,20260926,"00Z,12Z",D1,6h,-0.063,1.526,0.38,198,0.786,0.589,0.37,56,0.3,0.6,0.207,40,0.0,S/D,0.0,4,S/D,S/D,S/D,0
472897F0,MACHUPICCHU,CUSCO,URUBAMBA,gfs,pp,20260828,20260926,"00Z,12Z",D1,6h,0.221,1.591,0.357,198,0.911,0.681,0.309,56,0.5,0.583,0.294,40,0.25,0.75,0.143,4,S/D,S/D,S/D,0
472897F0,MACHUPICCHU,CUSCO,URUBAMBA,eta5,pp,20260828,20260926,"00Z,12Z",D1,6h,0.881,2.687,0.343,166,0.771,0.615,0.346,48,0.583,0.661,0.273,36,0.0,1.0,0.0,4,S/D,S/D,S/D,0
472897F0,MACHUPICCHU,CUSCO,URUBAMBA,wrf5,pp,20260828,20260926,"00Z,12Z",D1,6h,0.38,2.755,0.311,195,0.673,0.56,0.363,55,0.359,0.659,0.212,39,0.25,0.9,0.077,4,S/D,S/D,S/D,0
472897F0,MACHUPICCHU,CUSCO,URUBAMBA,mpas15,pp,20260828,20260926,00Z,D1,6h,0.569,2.129,0.2,99,0.643,0.609,0.321,28,0.65,0.69,0.265,20,0.0,1.0,0.0,2,S/D,S/D,S/D,0
4729950A,PACAYMAYO,CUSCO,URUBAMBA,ecmwf,pp,20260828,20260926,"00Z,12Z",D1,6h,S/D,S/D,S/D,0,S/D,S/D,S/D,0,S/D,S/D,S/D,0,S/D,S/D,S/D,0,S/D,S/D,S/D,0
4729950A,PACAYMAYO,CUSCO,URUBAMBA,gfs,pp,20260828,20260926,"00Z,12Z",D1,6h,S/D,S/D,S/D,0,S/D,S/D,S/D,0,S/D,S/D,S/D,0,S/D,S/D,S/D,0,S/D,S/D,S/D,0
4729950A,PACAYMAYO,CUSCO,URUBAMBA,eta5,pp,20260828,20260926,"00Z,12Z",D1,6h,S/D,S/D,S/D,0,S/D,S/D,S/D,0,S/D,S/D,S/D,0,S/D,S/D,S/D,0,S/D,S/D,S/D,0
4729950A,PACAYMAYO,CUSCO,URUBAMBA,wrf5,pp,20260828,20260926,"00Z,12Z",D1,6h,S/D,S/D,S/D,0,S/D,S/D,S/D,0,S/D,S/D,S/D,0,S/D,S/D,S/D,0,S/D,S/D,S/D,0
4729950A,PACAYMAYO,CUSCO,URUBAMBA,mpas15,pp,20260828,20260926,00Z,D1,6h,S/D,S/D,S/D,0,S/D,S/D,S/D,0,S/D,S/D,S/D,0,S/D,S/D,S/D,0,S/D,S/D,S/D,0
113255,URUBAMBA,CUSCO,URUBAMBA,ecmwf,pp,20260828,20260926,"00Z,12Z",D1,6h,S/D,S/D,S/D,0,S/D,S/D,S/D,0,S/D,S/D,S/D,0,S/D,S/D,S/D,0,S/D,S/D,S/D,0
113255,URUBAMBA,CUSCO,URUBAMBA,gfs,pp,20260828,20260926,"00Z,12Z",D1,6h,S/D,S/D,S/D,0,S/D,S/D,S/D,0,S/D,S/D,S/D,0,S/D,S/D,S/D,0,S/D,S/D,S/D,0
113255,URUBAMBA,CUSCO,URUBAMBA,eta5,pp,20260828,20260926,"00Z,12Z",D1,6h,S/D,S/D,S/D,0,S/D,S/D,S/D,0,S/D,S/D,S/D,0,S/D,S/D,S/D,0,S/D,S/D,S/D,0
113255,URUBAMBA,CUSCO,URUBAMBA,wrf5,pp,20260828,20260926,"00Z,12Z",D1,6h,S/D,S/D,S/D,0,S/D,S/D,S/D,0,S/D,S/D,S/D,0,S/D,S/D,S/D,0,S/D,S/D,S/D,0
113255,URUBAMBA,CUSCO,URUBAMBA,mpas15,pp,20260828,20260926,00Z,D1,6h,S/D,S/D,S/D,0,S/D,S/D,S/D,0,S/D,S/D,S/D,0,S/D,S/D,S/D,0,S/D,S/D,S/D,0
4720CDF8,COCHAMARCA,HUANCAVELICA,CASTROVIRREYNA,ecmwf,pp,20260828,20260926,"00Z,12Z",D1,6h,S/D,S/D,S/D,0,S/D,S/D,S/D,0,S/D,S/D,S/D,0,S/D,S/D,S/D,0,S/D,S/D,S/D,0
4720CDF8,COCHAMARCA,HUANCAVELICA,CASTROVIRREYNA,gfs,pp,20260828,20260926,"00Z,12Z",D1,6h,S/D,S/D,S/D,0,S/D,S/D,S/D,0,S/D,S/D,S/D,0,S/D,S/D,S/D,0,S/D,S/D,S/D,0
4720CDF8,COCHAMARCA,HUANCAVELICA,CASTROVIRREYNA,eta5,pp,20260828,20260926,"00Z,12Z",D1,6h,S/D,S/D,S/D,0,S/D,S/D,S/D,0,S/D,S/D,S/D,0,S/D,S/D,S/D,0,S/D,S/D,S/D,0
4720CDF8,COCHAMARCA,HUANCAVELICA,CASTROVIRREYNA,wrf5,pp,20260828,20260926,"00Z,12Z",D1,6h,S/D,S/D,S/D,0,S/D,S/D,S/D,0,S/D,S/D,S/D,0,S/D,S/D,S/D,0,S/D,S/D,S/D,0
4720CDF8,COCHAMARCA,HUANCAVELICA,CASTROVIRREYNA,mpas15,pp,20260828,20260926,00Z,D1,6h,S/D,S/D,S/D,0,S/D,S/D,S/D,0,S/D,S/D,S/D,0,S/D,S/D,S/D,0,S/D,S/D,S/D,0
47292684,HUACHOS,HUANCAVELICA,CASTROVIRREYNA,ecmwf,pp,20260828,20260926,"00Z,12Z",D1,6h,0.192,0.518,S/D,232,S/D,1.0,0.0,0,S/D,1.0,0.0,0,S/D,S/D,S/D,0,S/D,S/D,S/D,0
47292684,HUACHOS,HUANCAVELICA,CASTROVIRREYNA,gfs,pp,20260828,20260926,"00Z,12Z",D1,6h,0.124,0.54,S/D,232,S/D,1.0,0.0,0,S/D,1.0,0.0,0,S/D,1.0,0.0,0,S/D,S/D,S/D,0
47292684,HUACHOS,HUANCAVELICA,CASTROVIRREYNA,eta5,pp,20260828,20260926,"00Z,12Z",D1,6h,0.021,0.134,S/D,195,S/D,1.0,0.0,0,S/D,1.0,0.0,0,S/D,S/D,S/D,0,S/D,S/D,S/D,0
47292684,HUACHOS,HUANCAVELICA,CASTROVIRREYNA,wrf5,pp,20260828,20260926,"00Z,12Z",D1,6h,0.019,0.123,S/D,228,S/D,1.0,0.0,0,S/D,1.0,0.0,0,S/D,S/D,S/D,0,S/D,S/D,S/D,0
47292684,HUACHOS,HUANCAVELICA,CASTROVIRREYNA,mpas15,pp,20260828,20260926,00Z,D1,6h,0.134,0.413,S/D,116,S/D,1.0,0.0,0,S/D,1.0,0.0,0,S/D,S/D,S/D,0,S/D,S/D,S/D,0
472722EC,HUANCAVELICA,HUANCAVELICA,HUANCAVELICA,ecmwf,pp,20260828,20260926,"00Z,12Z",D1,6h,0.389,2.214,0.476,234,0.839,0.597,0.374,62,0.625,0.818,0.164,16,0.0,1.0,0.0,6,S/D,S/D,S/D,0
472722EC,HUANCAVELICA,HUANCAVELICA,HUANCAVELICA,gfs,pp,20260828,20260926,"00Z,12Z",D1,6h,0.728,2.754,0.445,234,0.903,0.643,0.344,62,0.688,0.817,0.169,16,0.0,1.0,0.0,6,S/D,S/D,S/D,0
472722EC,HUANCAVELICA,HUANCAVELICA,HUANCAVELICA,eta5,pp,20260828,20260926,"00Z,12Z",D1,6h,0.33,1.854,0.472,197,0.782,0.482,0.453,55,0.733,0.771,0.212,15,0.0,1.0,0.0,5,S/D,S/D,S/D,0
472722EC,HUANCAVELICA,HUANCAVELICA,HUANCAVELICA,wrf5,pp,20260828,20260926,"00Z,12Z",D1,6h,0.48,2.778,0.476,230,0.683,0.5,0.406,60,0.467,0.829,0.143,15,0.0,1.0,0.0,6,S/D,S/D,S/D,0
472722EC,HUANCAVELICA,HUANCAVELICA,HUANCAVELICA,mpas15,pp,20260828,20260926,00Z,D1,6h,0.604,2.483,0.427,117,0.871,0.509,0.458,31,0.875,0.825,0.171,8,0.0,1.0,0.0,3,S/D,S/D,S/D,0
47284198,CHALLACA,HUANCAVELICA,HUAYTARA,ecmwf,pp,20260828,20260926,"00Z,12Z",D1,6h,0.013,0.089,S/D,96,S/D,1.0,0.0,0,S/D,S/D,S/D,0,S/D,S/D,S/D,0,S/D,S/D,S/D,0
47284198,CHALLACA,HUANCAVELICA,HUAYTARA,gfs,pp,20260828,20260926,"00Z,12Z",D1,6h,0.008,0.045,S/D,96,S/D,1.0,0.0,0,S/D,S/D,S/D,0,S/D,S/D,S/D,0,S/D,S/D,S/D,0
47284198,CHALLACA,HUANCAVELICA,HUAYTARA,eta5,pp,20260828,20260926,"00Z,12Z",D1,6h,0.001,0.008,S/D,74,S/D,S/D,S/D,0,S/D,S/D,S/D,0,S/D,S/D,S/D,0,S/D,S/D,S/D,0
47284198,CHALLACA,HUANCAVELICA,HUAYTARA,wrf5,pp,20260828,20260926,"00Z,12Z",D1,6h,0.001,0.003,S/D,96,S/D,S/D,S/D,0,S/D,S/D,S/D,0,S/D,S/D,S/D,0,S/D,S/D,S/D,0
47284198,CHALLACA,HUANCAVELICA,HUAYTARA,mpas15,pp,20260828,20260926,00Z,D1,6h,0.0,0.0,S/D,48,S/D,S/D,S/D,0,S/D,S/D,S/D,0,S/D,S/D,S/D,0,S/D,S/D,S/D,0
472811E4,CHALLACA M,HUANCAVELICA,HUAYTARA,ecmwf,pp,20260828,20260926,"00Z,12Z",D1,6h,0.007,0.058,S/D,232,S/D,1.0,0.0,0,S/D,S/D,S/D,0,S/D,S/D,S/D,0,S/D,S/D,S/D,0
472811E4,CHALLACA M,HUANCAVELICA,HUAYTARA,gfs,pp,20260828,20260926,"00Z,12Z",D1,6h,0.004,0.029,S/D,232,S/D,1.0,0.0,0,S/D,S/D,S/D,0,S/D,S/D,S/D,0,S/D,S/D,S/D,0
472811E4,CHALLACA M,HUANCAVELICA,HUAYTARA,eta5,pp,20260828,20260926,"00Z,12Z",D1,6h,0.001,0.005,S/D,195,S/D,S/D,S/D,0,S/D,S/D,S/D,0,S/D,S/D,S/D,0,S/D,S/D,S/D,0
472811E4,CHALLACA M,HUANCAVELICA,HUAYTARA,wrf5,pp,20260828,20260926,"00Z,12Z",D1,6h,0.003,0.039,S/D,228,S/D,1.0,0.0,0,S/D,S/D,S/D,0,S/D,S/D,S/D,0,S/D,S/D,S/D,0
472811E4,CHALLACA M,HUANCAVELICA,HUAYTARA,mpas15,pp,20260828,20260926,00Z,D1,6h,0.004,0.046,S/D,116,S/D,1.0,0.0,0,S/D,S/D,S/D,0,S/D,S/D,S/D,0,S/D,S/D,S/D,0
4728F216,CORDOVA,HUANCAVELICA,HUAYTARA,ecmwf,pp,20260828,20260926,"00Z,12Z",D1,6h,0.052,0.171,S/D,214,S/D,1.0,0.0,0,S/D,1.0,0.0,0,S/D,S/D,S/D,0,S/D,S/D,S/D,0
4728F216,CORDOVA,HUANCAVELICA,HUAYTARA,gfs,pp,20260828,20260926,"00Z,12Z",D1,6h,0.032,0.113,S/D,214,S/D,1.0,0.0,0,S/D,S/D,S/D,0,S/D,S/D,S/D,0,S/D,S/D,S/D,0
4728F216,CORDOVA,HUANCAVELICA,HUAYTARA,eta5,pp,20260828,20260926,"00Z,12Z",D1,6h,0.002,0.017,S/D,178,S/D,1.0,0.0,0,S/D,S/D,S/D,0,S/D,S/D,S/D,0,S/D,S/D,S/D,0
4728F216,CORDOVA,HUANCAVELICA,HUAYTARA,wrf5,pp,20260828,20260926,"00Z,12Z",D1,6h,0.011,0.063,S/D,210,S/D,1.0,0.0,0,S/D,S/D,S/D,0,S/D,S/D,S/D,0,S/D,S/D,S/D,0
4728F216,CORDOVA,HUANCAVELICA,HUAYTARA,mpas15,pp,20260828,20260926,00Z,D1,6h,0.042,0.232,S/D,107,S/D,1.0,0.0,0,S/D,1.0,0.0,0,S/D,S/D,S/D,0,S/D,S/D,S/D,0
4728C78C,CUSICANCHA,HUANCAVELICA,HUAYTARA,ecmwf,pp,20260828,20260926,"00Z,12Z",D1,6h,0.252,0.726,-0.017,212,0.0,1.0,0.0,2,0.0,1.0,0.0,2,S/D,S/D,S/D,0,S/D,S/D,S/D,0
4728C78C,CUSICANCHA,HUANCAVELICA,HUAYTARA,gfs,pp,20260828,20260926,"00Z,12Z",D1,6h,0.148,0.57,0.175,212,1.0,0.964,0.036,2,0.5,0.9,0.091,2,S/D,1.0,0.0,0,S/D,S/D,S/D,0
4728C78C,CUSICANCHA,HUANCAVELICA,HUAYTARA,eta5,pp,20260828,20260926,"00Z,12Z",D1,6h,0.023,0.359,-0.029,175,0.0,1.0,0.0,1,0.0,1.0,0.0,1,S/D,S/D,S/D,0,S/D,S/D,S/D,0
4728C78C,CUSICANCHA,HUANCAVELICA,HUAYTARA,wrf5,pp,20260828,20260926,"00Z,12Z",D1,6h,0.011,0.371,0.126,208,0.5,0.875,0.111,2,0.5,0.75,0.2,2,S/D,S/D,S/D,0,S/D,S/D,S/D,0
4728C78C,CUSICANCHA,HUANCAVELICA,HUAYTARA,mpas15,pp,20260828,20260926,00Z,D1,6h,0.353,1.034,-0.085,106,0.0,1.0,0.0,1,0.0,1.0,0.0,1,S/D,1.0,0.0,0,S/D,S/D,S/D,0
213507,RAMADILLAS,HUANCAVELICA,HUAYTARA,ecmwf,pp,20260828,20260926,"00Z,12Z",D1,6h,S/D,S/D,S/D,0,S/D,S/D,S/D,0,S/D,S/D,S/D,0,S/D,S/D,S/D,0,S/D,S/D,S/D,0
213507,RAMADILLAS,HUANCAVELICA,HUAYTARA,gfs,pp,20260828,20260926,"00Z,12Z",D1,6h,S/D,S/D,S/D,0,S/D,S/D,S/D,0,S/D,S/D,S/D,0,S/D,S/D,S/D,0,S/D,S/D,S/D,0
213507,RAMADILLAS,HUANCAVELICA,HUAYTARA,eta5,pp,20260828,20260926,"00Z,12Z",D1,6h,S/D,S/D,S/D,0,S/D,S/D,S/D,0,S/D,S/D,S/D,0,S/D,S/D,S/D,0,S/D,S/D,S/D,0
213507,RAMADILLAS,HUANCAVELICA,HUAYTARA,wrf5,pp,20260828,20260926,"00Z,12Z",D1,6h,S/D,S/D,S/D,0,S/D,S/D,S/D,0,S/D,S/D,S/D,0,S/D,S/D,S/D,0,S/D,S/D,S/D,0
213507,RAMADILLAS,HUANCAVELICA,HUAYTARA,mpas15,pp,20260828,20260926,00Z,D1,6h,S/D,S/D,S/D,0,S/D,S/D,S/D,0,S/D,S/D,S/D,0,S/D,S/D,S/D,0,S/D,S/D,S/D,0
4729131E,SANTIAGO DE CHOCORVOS,HUANCAVELICA,HUAYTARA,ecmwf,pp,20260828,20260926,"00Z,12Z",D1,6h,0.092,0.255,S/D,96,S/D,1.0,0.0,0,S/D,1.0,0.0,0,S/D,S/D,S/D,0,S/D,S/D,S/D,0
4729131E,SANTIAGO DE CHOCORVOS,HUANCAVELICA,HUAYTARA,gfs,pp,20260828,20260926,"00Z,12Z",D1,6h,0.12,0.279,S/D,96,S/D,1.0,0.0,0,S/D,1.0,0.0,0,S/D,S/D,S/D,0,S/D,S/D,S/D,0
4729131E,SANTIAGO DE CHOCORVOS,HUANCAVELICA,HUAYTARA,eta5,pp,20260828,20260926,"00Z,12Z",D1,6h,0.05,0.319,S/D,73,S/D,1.0,0.0,0,S/D,1.0,0.0,0,S/D,S/D,S/D,0,S/D,S/D,S/D,0
4729131E,SANTIAGO DE CHOCORVOS,HUANCAVELICA,HUAYTARA,wrf5,pp,20260828,20260926,"00Z,12Z",D1,6h,0.033,0.176,S/D,96,S/D,1.0,0.0,0,S/D,1.0,0.0,0,S/D,S/D,S/D,0,S/D,S/D,S/D,0
4729131E,SANTIAGO DE CHOCORVOS,HUANCAVELICA,HUAYTARA,mpas15,pp,20260828,20260926,00Z,D1,6h,0.052,0.217,S/D,48,S/D,1.0,0.0,0,S/D,1.0,0.0,0,S/D,S/D,S/D,0,S/D,S/D,S/D,0
112269,COCHABAMBA GRANDE,HUANCAVELICA,TAYACAJA,ecmwf,pp,20260828,20260926,"00Z,12Z",D1,6h,1.342,2.178,S/D,78,S/D,1.0,0.0,0,S/D,1.0,0.0,0,S/D,1.0,0.0,0,S/D,S/D,S/D,0
112269,COCHABAMBA GRANDE,HUANCAVELICA,TAYACAJA,gfs,pp,20260828,20260926,"00Z,12Z",D1,6h,1.058,1.557,S/D,78,S/D,1.0,0.0,0,S/D,1.0,0.0,0,S/D,S/D,S/D,0,S/D,S/D,S/D,0
112269,COCHABAMBA GRANDE,HUANCAVELICA,TAYACAJA,eta5,pp,20260828,20260926,"00Z,12Z",D1,6h,0.148,0.344,S/D,55,S/D,1.0,0.0,0,S/D,1.0,0.0,0,S/D,S/D,S/D,0,S/D,S/D,S/D,0
112269,COCHABAMBA GRANDE,HUANCAVELICA,TAYACAJA,wrf5,pp,20260828,20260926,"00Z,12Z",D1,6h,0.82,2.062,S/D,78,S/D,1.0,0.0,0,S/D,1.0,0.0,0,S/D,1.0,0.0,0,S/D,S/D,S/D,0
112269,COCHABAMBA GRANDE,HUANCAVELICA,TAYACAJA,mpas15,pp,20260828,20260926,00Z,D1,6h,1.231,2.097,S/D,39,S/D,1.0,0.0,0,S/D,1.0,0.0,0,S/D,1.0,0.0,0,S/D,S/D,S/D,0
110146,QUISCA,HUANUCO,AMBO,ecmwf,pp,20260828,20260926,"00Z,12Z",D1,6h,S/D,S/D,S/D,0,S/D,S/D,S/D,0,S/D,S/D,S/D,0,S/D,S/D,S/D,0,S/D,S/D,S/D,0
110146,QUISCA,HUANUCO,AMBO,gfs,pp,20260828,20260926,"00Z,12Z",D1,6h,S/D,S/D,S/D,0,S/D,S/D,S/D,0,S/D,S/D,S/D,0,S/D,S/D,S/D,0,S/D,S/D,S/D,0
110146,QUISCA,HUANUCO,AMBO,eta5,pp,20260828,20260926,"00Z,12Z",D1,6h,S/D,S/D,S/D,0,S/D,S/D,S/D,0,S/D,S/D,S/D,0,S/D,S/D,S/D,0,S/D,S/D,S/D,0
110146,QUISCA,HUANUCO,AMBO,wrf5,pp,20260828,20260926,"00Z,12Z",D1,6h,S/D,S/D,S/D,0,S/D,S/D,S/D,0,S/D,S/D,S/D,0,S/D,S/D,S/D,0,S/D,S/D,S/D,0
110146,QUISCA,HUANUCO,AMBO,mpas15,pp,20260828,20260926,00Z,D1,6h,S/D,S/D,S/D,0,S/D,S/D,S/D,0,S/D,S/D,S/D,0,S/D,S/D,S/D,0,S/D,S/D,S/D,0
47E845FC,CACHICOTO,HUANUCO,HUAMALIES,ecmwf,pp,20260828,20260926,"00Z,12Z",D1,6h,-0.664,6.918,0.288,232,0.846,0.737,0.251,52,0.708,0.721,0.25,24,0.062,0.833,0.048,16,0.0,S/D,0.0,4
47E845FC,CACHICOTO,HUANUCO,HUAMALIES,gfs,pp,20260828,20260926,"00Z,12Z",D1,6h,0.0,6.668,0.257,232,0.846,0.761,0.229,52,0.75,0.839,0.153,24,0.188,0.786,0.111,16,0.0,S/D,0.0,4
47E845FC,CACHICOTO,HUANUCO,HUAMALIES,eta5,pp,20260828,20260926,"00Z,12Z",D1,6h,1.377,7.979,0.216,195,0.745,0.735,0.243,47,0.81,0.838,0.156,21,0.643,0.816,0.167,14,0.0,S/D,0.0,4
47E845FC,CACHICOTO,HUANUCO,HUAMALIES,wrf5,pp,20260828,20260926,"00Z,12Z",D1,6h,-0.342,7.698,0.159,229,0.353,0.723,0.184,51,0.333,0.8,0.143,24,0.25,0.765,0.138,16,0.0,1.0,0.0,4
47E845FC,CACHICOTO,HUANUCO,HUAMALIES,mpas15,pp,20260828,20260926,00Z,D1,6h,0.804,9.301,0.128,116,0.577,0.717,0.234,26,0.667,0.83,0.157,12,0.5,0.75,0.2,8,0.0,1.0,0.0,2
4720EB14,SAN MARTIN,HUANUCO,HUAMALIES,ecmwf,pp,20260828,20260926,"00Z,12Z",D1,6h,0.271,0.509,0.169,234,0.722,0.886,0.109,18,0.833,0.688,0.294,6,S/D,1.0,0.0,0,S/D,S/D,S/D,0
4720EB14,SAN MARTIN,HUANUCO,HUAMALIES,gfs,pp,20260828,20260926,"00Z,12Z",D1,6h,0.452,0.948,0.153,234,0.833,0.888,0.109,18,0.333,0.953,0.043,6,S/D,1.0,0.0,0,S/D,S/D,S/D,0
4720EB14,SAN MARTIN,HUANUCO,HUAMALIES,eta5,pp,20260828,20260926,"00Z,12Z",D1,6h,0.262,0.77,0.153,197,0.571,0.873,0.116,14,0.5,0.929,0.067,4,S/D,S/D,S/D,0,S/D,S/D,S/D,0
4720EB14,SAN MARTIN,HUANUCO,HUAMALIES,wrf5,pp,20260828,20260926,"00Z,12Z",D1,6h,0.076,0.546,0.155,231,0.222,0.833,0.105,18,0.333,0.846,0.118,6,S/D,S/D,S/D,0,S/D,S/D,S/D,0
4720EB14,SAN MARTIN,HUANUCO,HUAMALIES,mpas15,pp,20260828,20260926,00Z,D1,6h,1.036,1.868,0.218,117,0.667,0.891,0.103,9,1.0,0.939,0.061,3,S/D,1.0,0.0,0,S/D,S/D,S/D,0
472D0552,CHINCHAVITO,HUANUCO,HUANUCO,ecmwf,pp,20260828,20260926,"00Z,12Z",D1,6h,-0.456,5.204,0.333,234,0.765,0.636,0.327,68,0.526,0.592,0.299,38,0.15,0.786,0.097,20,0.0,S/D,0.0,4
472D0552,CHINCHAVITO,HUANUCO,HUANUCO,gfs,pp,20260828,20260926,"00Z,12Z",D1,6h,-0.096,5.055,0.203,234,0.794,0.695,0.283,68,0.579,0.786,0.185,38,0.05,0.929,0.03,20,0.0,S/D,0.0,4
472D0552,CHINCHAVITO,HUANUCO,HUANUCO,eta5,pp,20260828,20260926,"00Z,12Z",D1,6h,1.573,6.109,0.164,197,0.673,0.711,0.253,55,0.562,0.811,0.165,32,0.5,0.816,0.155,18,0.0,S/D,0.0,3
472D0552,CHINCHAVITO,HUANUCO,HUANUCO,wrf5,pp,20260828,20260926,"00Z,12Z",D1,6h,-0.806,5.357,0.15,231,0.426,0.592,0.264,68,0.342,0.618,0.22,38,0.1,0.833,0.067,20,0.0,S/D,0.0,4
472D0552,CHINCHAVITO,HUANUCO,HUANUCO,mpas15,pp,20260828,20260926,00Z,D1,6h,0.871,5.842,0.201,117,0.794,0.571,0.386,34,0.737,0.763,0.219,19,0.2,0.905,0.069,10,0.0,S/D,0.0,2
472B730C,PUENTE TARUCA,HUANUCO,HUANUCO,ecmwf,pp,20260828,20260926,"00Z,12Z",D1,6h,0.693,1.341,0.257,228,0.833,0.857,0.139,24,0.5,0.955,0.043,6,S/D,1.0,0.0,0,S/D,S/D,S/D,0
472B730C,PUENTE TARUCA,HUANUCO,HUANUCO,gfs,pp,20260828,20260926,"00Z,12Z",D1,6h,0.598,1.075,0.267,228,0.917,0.862,0.137,24,0.333,0.967,0.031,6,S/D,S/D,S/D,0,S/D,S/D,S/D,0
472B730C,PUENTE TARUCA,HUANUCO,HUANUCO,eta5,pp,20260828,20260926,"00Z,12Z",D1,6h,1.0,2.348,0.158,192,0.7,0.851,0.14,20,0.0,1.0,0.0,5,S/D,1.0,0.0,0,S/D,S/D,S/D,0
472B730C,PUENTE TARUCA,HUANUCO,HUANUCO,wrf5,pp,20260828,20260926,"00Z,12Z",D1,6h,-0.038,0.508,0.173,224,0.208,0.643,0.152,24,0.0,1.0,0.0,6,S/D,S/D,S/D,0,S/D,S/D,S/D,0
472B730C,PUENTE TARUCA,HUANUCO,HUANUCO,mpas15,pp,20260828,20260926,00Z,D1,6h,0.87,1.549,0.224,114,0.833,0.818,0.175,12,0.667,0.956,0.043,3,S/D,1.0,0.0,0,S/D,S/D,S/D,0
110140,JESUS DE LAURICOCHA,HUANUCO,LAURICOCHA,ecmwf,pp,20260828,20260926,"00Z,12Z",D1,6h,0.562,1.431,0.254,240,0.786,0.827,0.165,28,0.625,0.904,0.091,8,S/D,1.0,0.0,0,S/D,S/D,S/D,0
110140,JESUS DE LAURICOCHA,HUANUCO,LAURICOCHA,gfs,pp,20260828,20260926,"00Z,12Z",D1,6h,0.583,1.486,0.4,240,1.0,0.815,0.185,28,0.75,0.857,0.136,8,S/D,1.0,0.0,0,S/D,S/D,S/D,0
110140,JESUS DE LAURICOCHA,HUANUCO,LAURICOCHA,eta5,pp,20260828,20260926,"00Z,12Z",D1,6h,0.062,0.861,0.345,202,0.481,0.675,0.241,27,0.0,1.0,0.0,8,S/D,1.0,0.0,0,S/D,S/D,S/D,0
110140,JESUS DE LAURICOCHA,HUANUCO,LAURICOCHA,wrf5,pp,20260828,20260926,"00Z,12Z",D1,6h,0.156,0.941,0.356,236,0.393,0.676,0.216,28,0.25,0.857,0.1,8,S/D,1.0,0.0,0,S/D,S/D,S/D,0
110140,JESUS DE LAURICOCHA,HUANUCO,LAURICOCHA,mpas15,pp,20260828,20260926,00Z,D1,6h,1.0,2.466,0.272,120,0.857,0.769,0.222,14,0.75,0.932,0.067,4,S/D,1.0,0.0,0,S/D,S/D,S/D,0
472DA5AA,PUENTE BELLA,HUANUCO,LEONCIO PRADO,ecmwf,pp,20260828,20260926,"00Z,12Z",D1,6h,0.27,3.024,0.327,234,0.75,0.748,0.233,40,0.5,0.729,0.213,26,0.1,0.875,0.059,10,S/D,S/D,S/D,0
472DA5AA,PUENTE BELLA,HUANUCO,LEONCIO PRADO,gfs,pp,20260828,20260926,"00Z,12Z",D1,6h,0.676,2.845,0.373,234,0.95,0.782,0.216,40,0.692,0.788,0.194,26,0.1,0.923,0.045,10,S/D,S/D,S/D,0
472DA5AA,PUENTE BELLA,HUANUCO,LEONCIO PRADO,eta5,pp,20260828,20260926,"00Z,12Z",D1,6h,3.078,5.921,0.262,197,0.824,0.788,0.203,34,0.773,0.837,0.156,22,0.625,0.912,0.083,8,S/D,1.0,0.0,0
472DA5AA,PUENTE BELLA,HUANUCO,LEONCIO PRADO,wrf5,pp,20260828,20260926,"00Z,12Z",D1,6h,0.167,3.404,0.237,231,0.59,0.72,0.235,39,0.346,0.795,0.148,26,0.0,1.0,0.0,10,S/D,S/D,S/D,0
472DA5AA,PUENTE BELLA,HUANUCO,LEONCIO PRADO,mpas15,pp,20260828,20260926,00Z,D1,6h,1.635,5.401,0.187,117,0.7,0.754,0.222,20,0.692,0.82,0.167,13,0.2,0.917,0.062,5,S/D,1.0,0.0,0
47270400,TINGO MARIA,HUANUCO,LEONCIO PRADO,ecmwf,pp,20260828,20260926,"00Z,12Z",D1,6h,0.141,2.694,0.398,232,0.938,0.744,0.252,32,0.458,0.766,0.183,24,0.286,0.5,0.222,14,S/D,S/D,S/D,0
47270400,TINGO MARIA,HUANUCO,LEONCIO PRADO,gfs,pp,20260828,20260926,"00Z,12Z",D1,6h,0.513,2.882,0.266,232,0.938,0.826,0.172,32,0.583,0.827,0.154,24,0.143,0.846,0.08,14,S/D,S/D,S/D,0
47270400,TINGO MARIA,HUANUCO,LEONCIO PRADO,eta5,pp,20260828,20260926,"00Z,12Z",D1,6h,2.614,5.474,0.189,195,0.786,0.829,0.163,28,0.619,0.865,0.125,21,0.615,0.822,0.16,13,S/D,1.0,0.0,0
47270400,TINGO MARIA,HUANUCO,LEONCIO PRADO,wrf5,pp,20260828,20260926,"00Z,12Z",D1,6h,-0.14,2.969,0.131,228,0.367,0.807,0.145,30,0.318,0.696,0.184,22,0.231,0.571,0.176,13,S/D,S/D,S/D,0
47270400,TINGO MARIA,HUANUCO,LEONCIO PRADO,mpas15,pp,20260828,20260926,00Z,D1,6h,1.651,4.649,0.231,116,0.812,0.797,0.194,16,0.75,0.845,0.148,12,0.286,0.882,0.091,7,S/D,1.0,0.0,0
4727A4F8,PUERTO INCA,HUANUCO,PUERTO INCA,ecmwf,pp,20260828,20260926,"00Z,12Z",D1,6h,0.817,3.394,0.367,230,0.958,0.836,0.163,24,0.9,0.866,0.132,10,0.5,0.706,0.227,10,S/D,1.0,0.0,0
4727A4F8,PUERTO INCA,HUANUCO,PUERTO INCA,gfs,pp,20260828,20260926,"00Z,12Z",D1,6h,0.511,3.445,0.397,230,0.875,0.79,0.204,24,1.0,0.811,0.189,10,0.8,0.273,0.615,10,S/D,1.0,0.0,0
4727A4F8,PUERTO INCA,HUANUCO,PUERTO INCA,eta5,pp,20260828,20260926,"00Z,12Z",D1,6h,0.888,4.613,0.214,194,0.6,0.831,0.152,20,0.556,0.904,0.089,9,0.333,0.833,0.125,9,S/D,1.0,0.0,0
4727A4F8,PUERTO INCA,HUANUCO,PUERTO INCA,wrf5,pp,20260828,20260926,"00Z,12Z",D1,6h,-0.022,3.542,0.448,226,0.458,0.45,0.333,24,0.6,0.333,0.462,10,0.4,0.2,0.364,10,S/D,1.0,0.0,0
4727A4F8,PUERTO INCA,HUANUCO,PUERTO INCA,mpas15,pp,20260828,20260926,00Z,D1,6h,1.224,3.704,0.296,115,0.833,0.828,0.167,12,1.0,0.891,0.109,5,0.2,0.917,0.062,5,S/D,S/D,S/D,0
109094,PUCA PUCA,HUANUCO,YAROWILCA,ecmwf,pp,20260828,20260926,"00Z,12Z",D1,6h,0.405,1.315,0.316,216,0.864,0.835,0.161,22,0.667,0.917,0.08,6,0.0,S/D,0.0,2,S/D,S/D,S/D,0
109094,PUCA PUCA,HUANUCO,YAROWILCA,gfs,pp,20260828,20260926,"00Z,12Z",D1,6h,0.489,1.066,0.208,216,0.864,0.86,0.137,22,0.667,0.907,0.089,6,1.0,0.0,1.0,2,S/D,S/D,S/D,0
109094,PUCA PUCA,HUANUCO,YAROWILCA,eta5,pp,20260828,20260926,"00Z,12Z",D1,6h,-0.153,1.333,0.228,182,0.571,0.667,0.267,21,0.0,1.0,0.0,6,0.0,S/D,0.0,2,S/D,S/D,S/D,0
109094,PUCA PUCA,HUANUCO,YAROWILCA,wrf5,pp,20260828,20260926,"00Z,12Z",D1,6h,0.088,0.747,0.253,213,0.333,0.821,0.132,21,0.333,0.833,0.125,6,1.0,0.0,1.0,2,S/D,S/D,S/D,0
109094,PUCA PUCA,HUANUCO,YAROWILCA,mpas15,pp,20260828,20260926,00Z,D1,6h,0.734,1.484,0.235,108,0.727,0.826,0.163,11,1.0,0.923,0.077,3,1.0,0.5,0.5,1,S/D,S/D,S/D,0
4728A26A,CONTA M,ICA,CHINCHA,ecmwf,pp,20260828,20260926,"00Z,12Z",D1,6h,-1.293,4.45,0.382,154,0.0,S/D,0.0,14,0.0,S/D,0.0,14,0.0,S/D,0.0,14,S/D,S/D,S/D,0
4728A26A,CONTA M,ICA,CHINCHA,gfs,pp,20260828,20260926,"00Z,12Z",D1,6h,-1.295,4.454,S/D,154,0.0,S/D,0.0,14,0.0,S/D,0.0,14,0.0,S/D,0.0,14,S/D,S/D,S/D,0
4728A26A,CONTA M,ICA,CHINCHA,eta5,pp,20260828,20260926,"00Z,12Z",D1,6h,-1.257,4.449,0.149,128,0.0,S/D,0.0,11,0.0,S/D,0.0,11,0.0,S/D,0.0,11,S/D,S/D,S/D,0
4728A26A,CONTA M,ICA,CHINCHA,wrf5,pp,20260828,20260926,"00Z,12Z",D1,6h,-1.314,4.497,0.034,151,0.0,1.0,0.0,14,0.0,S/D,0.0,14,0.0,S/D,0.0,14,S/D,S/D,S/D,0
4728A26A,CONTA M,ICA,CHINCHA,mpas15,pp,20260828,20260926,00Z,D1,6h,-1.295,4.454,-0.066,77,0.0,S/D,0.0,7,0.0,S/D,0.0,7,0.0,S/D,0.0,7,S/D,S/D,S/D,0
4728B11C,FONAGRO,ICA,CHINCHA,ecmwf,pp,20260828,20260926,"00Z,12Z",D1,6h,0.004,0.01,S/D,232,S/D,S/D,S/D,0,S/D,S/D,S/D,0,S/D,S/D,S/D,0,S/D,S/D,S/D,0
4728B11C,FONAGRO,ICA,CHINCHA,gfs,pp,20260828,20260926,"00Z,12Z",D1,6h,0.008,0.025,S/D,232,S/D,1.0,0.0,0,S/D,S/D,S/D,0,S/D,S/D,S/D,0,S/D,S/D,S/D,0
4728B11C,FONAGRO,ICA,CHINCHA,eta5,pp,20260828,20260926,"00Z,12Z",D1,6h,0.003,0.011,S/D,195,S/D,S/D,S/D,0,S/D,S/D,S/D,0,S/D,S/D,S/D,0,S/D,S/D,S/D,0
4728B11C,FONAGRO,ICA,CHINCHA,wrf5,pp,20260828,20260926,"00Z,12Z",D1,6h,0.005,0.017,S/D,229,S/D,1.0,0.0,0,S/D,S/D,S/D,0,S/D,S/D,S/D,0,S/D,S/D,S/D,0
4728B11C,FONAGRO,ICA,CHINCHA,mpas15,pp,20260828,20260926,00Z,D1,6h,0.0,0.0,S/D,116,S/D,S/D,S/D,0,S/D,S/D,S/D,0,S/D,S/D,S/D,0,S/D,S/D,S/D,0
4728E160,SAN PEDRO DE HUACARPANA,ICA,CHINCHA,ecmwf,pp,20260828,20260926,"00Z,12Z",D1,6h,0.29,0.683,S/D,206,S/D,1.0,0.0,0,S/D,1.0,0.0,0,S/D,S/D,S/D,0,S/D,S/D,S/D,0
4728E160,SAN PEDRO DE HUACARPANA,ICA,CHINCHA,gfs,pp,20260828,20260926,"00Z,12Z",D1,6h,0.214,0.52,S/D,206,S/D,1.0,0.0,0,S/D,1.0,0.0,0,S/D,S/D,S/D,0,S/D,S/D,S/D,0
4728E160,SAN PEDRO DE HUACARPANA,ICA,CHINCHA,eta5,pp,20260828,20260926,"00Z,12Z",D1,6h,0.031,0.201,S/D,173,S/D,1.0,0.0,0,S/D,1.0,0.0,0,S/D,S/D,S/D,0,S/D,S/D,S/D,0
4728E160,SAN PEDRO DE HUACARPANA,ICA,CHINCHA,wrf5,pp,20260828,20260926,"00Z,12Z",D1,6h,0.08,0.354,S/D,202,S/D,1.0,0.0,0,S/D,1.0,0.0,0,S/D,S/D,S/D,0,S/D,S/D,S/D,0
4728E160,SAN PEDRO DE HUACARPANA,ICA,CHINCHA,mpas15,pp,20260828,20260926,00Z,D1,6h,0.267,0.677,S/D,103,S/D,1.0,0.0,0,S/D,1.0,0.0,0,S/D,S/D,S/D,0,S/D,S/D,S/D,0
472A446C,BETA SANTIAGO,ICA,ICA,ecmwf,pp,20260828,20260926,"00Z,12Z",D1,6h,0.0,0.012,0.303,180,0.25,0.0,0.25,4,S/D,S/D,S/D,0,S/D,S/D,S/D,0,S/D,S/D,S/D,0
472A446C,BETA SANTIAGO,ICA,ICA,gfs,pp,20260828,20260926,"00Z,12Z",D1,6h,-0.002,0.015,S/D,180,0.0,S/D,0.0,4,S/D,S/D,S/D,0,S/D,S/D,S/D,0,S/D,S/D,S/D,0
472A446C,BETA SANTIAGO,ICA,ICA,eta5,pp,20260828,20260926,"00Z,12Z",D1,6h,-0.001,0.012,S/D,151,0.0,S/D,0.0,2,S/D,S/D,S/D,0,S/D,S/D,S/D,0,S/D,S/D,S/D,0
472A446C,BETA SANTIAGO,ICA,ICA,wrf5,pp,20260828,20260926,"00Z,12Z",D1,6h,-0.002,0.015,0.184,177,0.0,S/D,0.0,4,S/D,S/D,S/D,0,S/D,S/D,S/D,0,S/D,S/D,S/D,0
472A446C,BETA SANTIAGO,ICA,ICA,mpas15,pp,20260828,20260926,00Z,D1,6h,-0.002,0.015,0.126,90,0.0,S/D,0.0,2,S/D,S/D,S/D,0,S/D,S/D,S/D,0,S/D,S/D,S/D,0
213503,HUAMANI EL TAMBO,ICA,ICA,ecmwf,pp,20260828,20260926,"00Z,12Z",D1,6h,S/D,S/D,S/D,0,S/D,S/D,S/D,0,S/D,S/D,S/D,0,S/D,S/D,S/D,0,S/D,S/D,S/D,0
213503,HUAMANI EL TAMBO,ICA,ICA,gfs,pp,20260828,20260926,"00Z,12Z",D1,6h,S/D,S/D,S/D,0,S/D,S/D,S/D,0,S/D,S/D,S/D,0,S/D,S/D,S/D,0,S/D,S/D,S/D,0
213503,HUAMANI EL TAMBO,ICA,ICA,eta5,pp,20260828,20260926,"00Z,12Z",D1,6h,S/D,S/D,S/D,0,S/D,S/D,S/D,0,S/D,S/D,S/D,0,S/D,S/D,S/D,0,S/D,S/D,S/D,0
213503,HUAMANI EL TAMBO,ICA,ICA,wrf5,pp,20260828,20260926,"00Z,12Z",D1,6h,S/D,S/D,S/D,0,S/D,S/D,S/D,0,S/D,S/D,S/D,0,S/D,S/D,S/D,0,S/D,S/D,S/D,0
213503,HUAMANI EL TAMBO,ICA,ICA,mpas15,pp,20260828,20260926,00Z,D1,6h,S/D,S/D,S/D,0,S/D,S/D,S/D,0,S/D,S/D,S/D,0,S/D,S/D,S/D,0,S/D,S/D,S/D,0
213506,LOS MOLINOS,ICA,ICA,ecmwf,pp,20260828,20260926,"00Z,12Z",D1,6h,S/D,S/D,S/D,0,S/D,S/D,S/D,0,S/D,S/D,S/D,0,S/D,S/D,S/D,0,S/D,S/D,S/D,0
213506,LOS MOLINOS,ICA,ICA,gfs,pp,20260828,20260926,"00Z,12Z",D1,6h,S/D,S/D,S/D,0,S/D,S/D,S/D,0,S/D,S/D,S/D,0,S/D,S/D,S/D,0,S/D,S/D,S/D,0
213506,LOS MOLINOS,ICA,ICA,eta5,pp,20260828,20260926,"00Z,12Z",D1,6h,S/D,S/D,S/D,0,S/D,S/D,S/D,0,S/D,S/D,S/D,0,S/D,S/D,S/D,0,S/D,S/D,S/D,0
213506,LOS MOLINOS,ICA,ICA,wrf5,pp,20260828,20260926,"00Z,12Z",D1,6h,S/D,S/D,S/D,0,S/D,S/D,S/D,0,S/D,S/D,S/D,0,S/D,S/D,S/D,0,S/D,S/D,S/D,0
213506,LOS MOLINOS,ICA,ICA,mpas15,pp,20260828,20260926,00Z,D1,6h,S/D,S/D,S/D,0,S/D,S/D,S/D,0,S/D,S/D,S/D,0,S/D,S/D,S/D,0,S/D,S/D,S/D,0
114139,COPARA,ICA,NASCA,ecmwf,pp,20260828,20260926,"00Z,12Z",D1,6h,0.03,0.06,S/D,8,S/D,1.0,0.0,0,S/D,S/D,S/D,0,S/D,S/D,S/D,0,S/D,S/D,S/D,0
114139,COPARA,ICA,NASCA,gfs,pp,20260828,20260926,"00Z,12Z",D1,6h,0.0,0.0,S/D,8,S/D,S/D,S/D,0,S/D,S/D,S/D,0,S/D,S/D,S/D,0,S/D,S/D,S/D,0
114139,COPARA,ICA,NASCA,eta5,pp,20260828,20260926,"00Z,12Z",D1,6h,0.0,0.0,S/D,7,S/D,S/D,S/D,0,S/D,S/D,S/D,0,S/D,S/D,S/D,0,S/D,S/D,S/D,0
114139,COPARA,ICA,NASCA,wrf5,pp,20260828,20260926,"00Z,12Z",D1,6h,0.038,0.108,S/D,8,S/D,1.0,0.0,0,S/D,S/D,S/D,0,S/D,S/D,S/D,0,S/D,S/D,S/D,0
114139,COPARA,ICA,NASCA,mpas15,pp,20260828,20260926,00Z,D1,6h,0.0,0.0,S/D,4,S/D,S/D,S/D,0,S/D,S/D,S/D,0,S/D,S/D,S/D,0,S/D,S/D,S/D,0
114136,PALPA,ICA,PALPA,ecmwf,pp,20260828,20260926,"00Z,12Z",D1,6h,S/D,S/D,S/D,0,S/D,S/D,S/D,0,S/D,S/D,S/D,0,S/D,S/D,S/D,0,S/D,S/D,S/D,0
114136,PALPA,ICA,PALPA,gfs,pp,20260828,20260926,"00Z,12Z",D1,6h,S/D,S/D,S/D,0,S/D,S/D,S/D,0,S/D,S/D,S/D,0,S/D,S/D,S/D,0,S/D,S/D,S/D,0
114136,PALPA,ICA,PALPA,eta5,pp,20260828,20260926,"00Z,12Z",D1,6h,S/D,S/D,S/D,0,S/D,S/D,S/D,0,S/D,S/D,S/D,0,S/D,S/D,S/D,0,S/D,S/D,S/D,0
114136,PALPA,ICA,PALPA,wrf5,pp,20260828,20260926,"00Z,12Z",D1,6h,S/D,S/D,S/D,0,S/D,S/D,S/D,0,S/D,S/D,S/D,0,S/D,S/D,S/D,0,S/D,S/D,S/D,0
114136,PALPA,ICA,PALPA,mpas15,pp,20260828,20260926,00Z,D1,6h,S/D,S/D,S/D,0,S/D,S/D,S/D,0,S/D,S/D,S/D,0,S/D,S/D,S/D,0,S/D,S/D,S/D,0
114140,PAMPA BLANCA,ICA,PALPA,ecmwf,pp,20260828,20260926,"00Z,12Z",D1,6h,0.0,0.0,S/D,4,S/D,S/D,S/D,0,S/D,S/D,S/D,0,S/D,S/D,S/D,0,S/D,S/D,S/D,0
114140,PAMPA BLANCA,ICA,PALPA,gfs,pp,20260828,20260926,"00Z,12Z",D1,6h,0.0,0.0,S/D,4,S/D,S/D,S/D,0,S/D,S/D,S/D,0,S/D,S/D,S/D,0,S/D,S/D,S/D,0
114140,PAMPA BLANCA,ICA,PALPA,eta5,pp,20260828,20260926,"00Z,12Z",D1,6h,0.0,0.0,S/D,4,S/D,S/D,S/D,0,S/D,S/D,S/D,0,S/D,S/D,S/D,0,S/D,S/D,S/D,0
114140,PAMPA BLANCA,ICA,PALPA,wrf5,pp,20260828,20260926,"00Z,12Z",D1,6h,0.0,0.0,S/D,4,S/D,S/D,S/D,0,S/D,S/D,S/D,0,S/D,S/D,S/D,0,S/D,S/D,S/D,0
114140,PAMPA BLANCA,ICA,PALPA,mpas15,pp,20260828,20260926,00Z,D1,6h,0.0,0.0,S/D,2,S/D,S/D,S/D,0,S/D,S/D,S/D,0,S/D,S/D,S/D,0,S/D,S/D,S/D,0
213403,LETRAYOC,ICA,PISCO,ecmwf,pp,20260828,20260926,"00Z,12Z",D1,6h,S/D,S/D,S/D,0,S/D,S/D,S/D,0,S/D,S/D,S/D,0,S/D,S/D,S/D,0,S/D,S/D,S/D,0
213403,LETRAYOC,ICA,PISCO,gfs,pp,20260828,20260926,"00Z,12Z",D1,6h,S/D,S/D,S/D,0,S/D,S/D,S/D,0,S/D,S/D,S/D,0,S/D,S/D,S/D,0,S/D,S/D,S/D,0
213403,LETRAYOC,ICA,PISCO,eta5,pp,20260828,20260926,"00Z,12Z",D1,6h,S/D,S/D,S/D,0,S/D,S/D,S/D,0,S/D,S/D,S/D,0,S/D,S/D,S/D,0,S/D,S/D,S/D,0
213403,LETRAYOC,ICA,PISCO,wrf5,pp,20260828,20260926,"00Z,12Z",D1,6h,S/D,S/D,S/D,0,S/D,S/D,S/D,0,S/D,S/D,S/D,0,S/D,S/D,S/D,0,S/D,S/D,S/D,0
213403,LETRAYOC,ICA,PISCO,mpas15,pp,20260828,20260926,00Z,D1,6h,S/D,S/D,S/D,0,S/D,S/D,S/D,0,S/D,S/D,S/D,0,S/D,S/D,S/D,0,S/D,S/D,S/D,0
472DF5D6,HUAYTAPALLANA,JUNIN,HUANCAYO,ecmwf,pp,20260828,20260926,"00Z,12Z",D1,6h,0.699,1.72,0.365,226,0.881,0.702,0.287,42,0.417,0.93,0.064,12,0.0,1.0,0.0,2,S/D,S/D,S/D,0
472DF5D6,HUAYTAPALLANA,JUNIN,HUANCAYO,gfs,pp,20260828,20260926,"00Z,12Z",D1,6h,0.933,1.955,0.381,226,0.952,0.773,0.225,42,0.5,0.931,0.065,12,0.0,1.0,0.0,2,S/D,S/D,S/D,0
472DF5D6,HUAYTAPALLANA,JUNIN,HUANCAYO,eta5,pp,20260828,20260926,"00Z,12Z",D1,6h,-0.127,1.157,0.453,189,0.541,0.429,0.385,37,0.1,0.75,0.077,10,0.0,S/D,0.0,2,S/D,S/D,S/D,0
472DF5D6,HUAYTAPALLANA,JUNIN,HUANCAYO,wrf5,pp,20260828,20260926,"00Z,12Z",D1,6h,0.348,1.757,0.392,223,0.667,0.582,0.346,42,0.25,0.914,0.068,12,0.0,1.0,0.0,2,S/D,S/D,S/D,0
472DF5D6,HUAYTAPALLANA,JUNIN,HUANCAYO,mpas15,pp,20260828,20260926,00Z,D1,6h,0.64,1.921,0.327,113,0.714,0.688,0.278,21,0.333,0.943,0.051,6,0.0,1.0,0.0,1,S/D,S/D,S/D,0
111288,CHACAPALPA,JUNIN,JAUJA,ecmwf,pp,20260828,20260926,"00Z,12Z",D1,6h,S/D,S/D,S/D,0,S/D,S/D,S/D,0,S/D,S/D,S/D,0,S/D,S/D,S/D,0,S/D,S/D,S/D,0
111288,CHACAPALPA,JUNIN,JAUJA,gfs,pp,20260828,20260926,"00Z,12Z",D1,6h,S/D,S/D,S/D,0,S/D,S/D,S/D,0,S/D,S/D,S/D,0,S/D,S/D,S/D,0,S/D,S/D,S/D,0
111288,CHACAPALPA,JUNIN,JAUJA,eta5,pp,20260828,20260926,"00Z,12Z",D1,6h,S/D,S/D,S/D,0,S/D,S/D,S/D,0,S/D,S/D,S/D,0,S/D,S/D,S/D,0,S/D,S/D,S/D,0
111288,CHACAPALPA,JUNIN,JAUJA,wrf5,pp,20260828,20260926,"00Z,12Z",D1,6h,S/D,S/D,S/D,0,S/D,S/D,S/D,0,S/D,S/D,S/D,0,S/D,S/D,S/D,0,S/D,S/D,S/D,0
111288,CHACAPALPA,JUNIN,JAUJA,mpas15,pp,20260828,20260926,00Z,D1,6h,S/D,S/D,S/D,0,S/D,S/D,S/D,0,S/D,S/D,S/D,0,S/D,S/D,S/D,0,S/D,S/D,S/D,0
111299,POTSOTENI,JUNIN,SATIPO,ecmwf,pp,20260828,20260926,"00Z,12Z",D1,6h,1.358,2.322,0.119,234,0.944,0.907,0.093,18,0.625,0.95,0.048,8,S/D,1.0,0.0,0,S/D,S/D,S/D,0
111299,POTSOTENI,JUNIN,SATIPO,gfs,pp,20260828,20260926,"00Z,12Z",D1,6h,1.081,2.091,0.026,234,0.556,0.922,0.073,18,0.5,0.947,0.05,8,S/D,1.0,0.0,0,S/D,S/D,S/D,0
111299,POTSOTENI,JUNIN,SATIPO,eta5,pp,20260828,20260926,"00Z,12Z",D1,6h,2.102,4.014,0.242,197,0.833,0.858,0.138,18,0.75,0.929,0.07,8,S/D,1.0,0.0,0,S/D,S/D,S/D,0
111299,POTSOTENI,JUNIN,SATIPO,wrf5,pp,20260828,20260926,"00Z,12Z",D1,6h,0.388,2.504,0.137,231,0.389,0.811,0.146,18,0.125,0.929,0.048,8,S/D,1.0,0.0,0,S/D,1.0,0.0,0
111299,POTSOTENI,JUNIN,SATIPO,mpas15,pp,20260828,20260926,00Z,D1,6h,1.068,2.167,0.079,117,0.556,0.909,0.085,9,0.5,0.956,0.043,4,S/D,1.0,0.0,0,S/D,S/D,S/D,0
4725C4EA,SATIPO,JUNIN,SATIPO,ecmwf,pp,20260828,20260926,"00Z,12Z",D1,6h,-0.25,4.696,0.414,236,0.971,0.766,0.232,34,0.731,0.708,0.264,26,0.143,0.778,0.095,14,0.0,S/D,0.0,2
4725C4EA,SATIPO,JUNIN,SATIPO,gfs,pp,20260828,20260926,"00Z,12Z",D1,6h,-0.102,4.966,0.287,236,0.824,0.786,0.204,34,0.538,0.806,0.167,26,0.143,0.867,0.074,14,0.0,S/D,0.0,2
4725C4EA,SATIPO,JUNIN,SATIPO,eta5,pp,20260828,20260926,"00Z,12Z",D1,6h,1.491,6.543,0.182,199,0.719,0.803,0.183,32,0.68,0.819,0.167,25,0.5,0.841,0.137,14,0.0,S/D,0.0,2
4725C4EA,SATIPO,JUNIN,SATIPO,wrf5,pp,20260828,20260926,"00Z,12Z",D1,6h,-0.573,5.659,0.266,232,0.529,0.654,0.265,34,0.308,0.68,0.186,26,0.0,1.0,0.0,14,0.0,1.0,0.0,2
4725C4EA,SATIPO,JUNIN,SATIPO,mpas15,pp,20260828,20260926,00Z,D1,6h,0.844,4.838,0.341,118,1.0,0.767,0.233,17,0.846,0.823,0.172,13,0.429,0.812,0.15,7,0.0,S/D,0.0,1
47257764,TARMA,JUNIN,TARMA,ecmwf,pp,20260828,20260926,"00Z,12Z",D1,6h,0.254,0.996,0.415,222,0.857,0.758,0.233,28,0.75,0.667,0.3,12,0.25,0.667,0.167,4,S/D,S/D,S/D,0
47257764,TARMA,JUNIN,TARMA,gfs,pp,20260828,20260926,"00Z,12Z",D1,6h,0.546,1.639,0.379,222,0.857,0.814,0.18,28,0.667,0.784,0.195,12,0.5,0.8,0.167,4,S/D,S/D,S/D,0
47257764,TARMA,JUNIN,TARMA,eta5,pp,20260828,20260926,"00Z,12Z",D1,6h,0.862,1.962,0.28,188,0.893,0.783,0.212,28,0.917,0.836,0.162,12,0.0,1.0,0.0,4,S/D,S/D,S/D,0
47257764,TARMA,JUNIN,TARMA,wrf5,pp,20260828,20260926,"00Z,12Z",D1,6h,-0.024,1.043,0.379,218,0.519,0.548,0.318,27,0.364,0.692,0.2,11,0.0,1.0,0.0,4,S/D,S/D,S/D,0
47257764,TARMA,JUNIN,TARMA,mpas15,pp,20260828,20260926,00Z,D1,6h,0.375,1.306,0.276,111,0.714,0.762,0.217,14,0.833,0.844,0.152,6,0.0,1.0,0.0,2,S/D,S/D,S/D,0
472D9030,MARCAPOMACOCHA,JUNIN,YAULI,ecmwf,pp,20260828,20260926,"00Z,12Z",D1,6h,0.6,1.409,0.526,234,0.914,0.519,0.46,70,0.667,0.8,0.182,18,S/D,1.0,0.0,0,S/D,S/D,S/D,0
472D9030,MARCAPOMACOCHA,JUNIN,YAULI,gfs,pp,20260828,20260926,"00Z,12Z",D1,6h,0.735,1.924,0.486,234,0.829,0.504,0.45,70,0.611,0.804,0.175,18,S/D,1.0,0.0,0,S/D,S/D,S/D,0
472D9030,MARCAPOMACOCHA,JUNIN,YAULI,eta5,pp,20260828,20260926,"00Z,12Z",D1,6h,0.143,0.86,0.456,197,0.53,0.364,0.407,66,0.389,0.667,0.219,18,S/D,S/D,S/D,0,S/D,S/D,S/D,0
472D9030,MARCAPOMACOCHA,JUNIN,YAULI,wrf5,pp,20260828,20260926,"00Z,12Z",D1,6h,0.681,2.552,0.482,231,0.565,0.451,0.386,69,0.706,0.657,0.3,17,S/D,1.0,0.0,0,S/D,1.0,0.0,0
472D9030,MARCAPOMACOCHA,JUNIN,YAULI,mpas15,pp,20260828,20260926,00Z,D1,6h,0.998,2.916,0.386,117,0.686,0.489,0.414,35,0.556,0.861,0.125,9,S/D,1.0,0.0,0,S/D,S/D,S/D,0
472D30C8,CASAGRANDE,LA LIBERTAD,ASCOPE,ecmwf,pp,20260828,20260926,"00Z,12Z",D1,6h,-0.037,0.486,0.085,230,0.0,1.0,0.0,6,0.0,S/D,0.0,2,0.0,S/D,0.0,2,S/D,S/D,S/D,0
472D30C8,CASAGRANDE,LA LIBERTAD,ASCOPE,gfs,pp,20260828,20260926,"00Z,12Z",D1,6h,-0.046,0.485,-0.019,230,0.0,1.0,0.0,6,0.0,S/D,0.0,2,0.0,S/D,0.0,2,S/D,S/D,S/D,0
472D30C8,CASAGRANDE,LA LIBERTAD,ASCOPE,eta5,pp,20260828,20260926,"00Z,12Z",D1,6h,-0.037,0.533,0.07,193,0.2,0.929,0.056,5,0.0,S/D,0.0,2,0.0,S/D,0.0,2,S/D,S/D,S/D,0
472D30C8,CASAGRANDE,LA LIBERTAD,ASCOPE,wrf5,pp,20260828,20260926,"00Z,12Z",D1,6h,-0.045,0.488,0.122,227,0.0,S/D,0.0,6,0.0,S/D,0.0,2,0.0,S/D,0.0,2,S/D,S/D,S/D,0
472D30C8,CASAGRANDE,LA LIBERTAD,ASCOPE,mpas15,pp,20260828,20260926,00Z,D1,6h,-0.043,0.487,-0.106,115,0.0,1.0,0.0,3,0.0,S/D,0.0,1,0.0,S/D,0.0,1,S/D,S/D,S/D,0
211001,SALINAR,LA LIBERTAD,ASCOPE,ecmwf,pp,20260828,20260926,"00Z,12Z",D1,6h,0.017,0.052,S/D,230,S/D,1.0,0.0,0,S/D,S/D,S/D,0,S/D,S/D,S/D,0,S/D,S/D,S/D,0
211001,SALINAR,LA LIBERTAD,ASCOPE,gfs,pp,20260828,20260926,"00Z,12Z",D1,6h,0.001,0.009,S/D,230,S/D,S/D,S/D,0,S/D,S/D,S/D,0,S/D,S/D,S/D,0,S/D,S/D,S/D,0
211001,SALINAR,LA LIBERTAD,ASCOPE,eta5,pp,20260828,20260926,"00Z,12Z",D1,6h,0.01,0.043,S/D,193,S/D,1.0,0.0,0,S/D,S/D,S/D,0,S/D,S/D,S/D,0,S/D,S/D,S/D,0
211001,SALINAR,LA LIBERTAD,ASCOPE,wrf5,pp,20260828,20260926,"00Z,12Z",D1,6h,0.002,0.01,S/D,227,S/D,1.0,0.0,0,S/D,S/D,S/D,0,S/D,S/D,S/D,0,S/D,S/D,S/D,0
211001,SALINAR,LA LIBERTAD,ASCOPE,mpas15,pp,20260828,20260926,00Z,D1,6h,0.017,0.187,S/D,115,S/D,1.0,0.0,0,S/D,1.0,0.0,0,S/D,S/D,S/D,0,S/D,S/D,S/D,0
472EA2A4,CASCAS,LA LIBERTAD,GRAN CHIMU,ecmwf,pp,20260828,20260926,"00Z,12Z",D1,6h,0.503,1.511,0.136,234,1.0,0.981,0.019,2,S/D,1.0,0.0,0,S/D,1.0,0.0,0,S/D,S/D,S/D,0
472EA2A4,CASCAS,LA LIBERTAD,GRAN CHIMU,gfs,pp,20260828,20260926,"00Z,12Z",D1,6h,0.16,0.383,-0.087,234,0.0,1.0,0.0,2,S/D,1.0,0.0,0,S/D,S/D,S/D,0,S/D,S/D,S/D,0
472EA2A4,CASCAS,LA LIBERTAD,GRAN CHIMU,eta5,pp,20260828,20260926,"00Z,12Z",D1,6h,0.202,0.767,-0.061,197,0.0,1.0,0.0,2,S/D,1.0,0.0,0,S/D,1.0,0.0,0,S/D,S/D,S/D,0
472EA2A4,CASCAS,LA LIBERTAD,GRAN CHIMU,wrf5,pp,20260828,20260926,"00Z,12Z",D1,6h,0.009,0.046,0.116,231,0.0,1.0,0.0,2,S/D,S/D,S/D,0,S/D,S/D,S/D,0,S/D,S/D,S/D,0
472EA2A4,CASCAS,LA LIBERTAD,GRAN CHIMU,mpas15,pp,20260828,20260926,00Z,D1,6h,0.533,1.492,0.161,117,1.0,0.964,0.036,1,S/D,1.0,0.0,0,S/D,1.0,0.0,0,S/D,S/D,S/D,0
47E0A2A8,EL TAMBO,LA LIBERTAD,GRAN CHIMU,ecmwf,pp,20260828,20260926,"00Z,12Z",D1,6h,0.498,1.52,S/D,230,S/D,1.0,0.0,0,S/D,1.0,0.0,0,S/D,1.0,0.0,0,S/D,S/D,S/D,0
47E0A2A8,EL TAMBO,LA LIBERTAD,GRAN CHIMU,gfs,pp,20260828,20260926,"00Z,12Z",D1,6h,0.165,0.387,S/D,230,S/D,1.0,0.0,0,S/D,1.0,0.0,0,S/D,S/D,S/D,0,S/D,S/D,S/D,0
47E0A2A8,EL TAMBO,LA LIBERTAD,GRAN CHIMU,eta5,pp,20260828,20260926,"00Z,12Z",D1,6h,0.446,1.517,S/D,193,S/D,1.0,0.0,0,S/D,1.0,0.0,0,S/D,1.0,0.0,0,S/D,S/D,S/D,0
47E0A2A8,EL TAMBO,LA LIBERTAD,GRAN CHIMU,wrf5,pp,20260828,20260926,"00Z,12Z",D1,6h,0.014,0.117,S/D,226,S/D,1.0,0.0,0,S/D,1.0,0.0,0,S/D,S/D,S/D,0,S/D,S/D,S/D,0
47E0A2A8,EL TAMBO,LA LIBERTAD,GRAN CHIMU,mpas15,pp,20260828,20260926,00Z,D1,6h,0.413,1.238,S/D,115,S/D,1.0,0.0,0,S/D,1.0,0.0,0,S/D,1.0,0.0,0,S/D,S/D,S/D,0
472D552E,LUCMA,LA LIBERTAD,GRAN CHIMU,ecmwf,pp,20260828,20260926,"00Z,12Z",D1,6h,0.306,0.821,S/D,230,S/D,1.0,0.0,0,S/D,1.0,0.0,0,S/D,1.0,0.0,0,S/D,S/D,S/D,0
472D552E,LUCMA,LA LIBERTAD,GRAN CHIMU,gfs,pp,20260828,20260926,"00Z,12Z",D1,6h,0.375,0.816,S/D,230,S/D,1.0,0.0,0,S/D,1.0,0.0,0,S/D,1.0,0.0,0,S/D,S/D,S/D,0
472D552E,LUCMA,LA LIBERTAD,GRAN CHIMU,eta5,pp,20260828,20260926,"00Z,12Z",D1,6h,0.082,0.264,S/D,193,S/D,1.0,0.0,0,S/D,1.0,0.0,0,S/D,S/D,S/D,0,S/D,S/D,S/D,0
472D552E,LUCMA,LA LIBERTAD,GRAN CHIMU,wrf5,pp,20260828,20260926,"00Z,12Z",D1,6h,0.014,0.092,S/D,227,S/D,1.0,0.0,0,S/D,S/D,S/D,0,S/D,S/D,S/D,0,S/D,S/D,S/D,0
472D552E,LUCMA,LA LIBERTAD,GRAN CHIMU,mpas15,pp,20260828,20260926,00Z,D1,6h,0.717,1.843,S/D,115,S/D,1.0,0.0,0,S/D,1.0,0.0,0,S/D,1.0,0.0,0,S/D,S/D,S/D,0
472CC2B6,MARMOT,LA LIBERTAD,GRAN CHIMU,ecmwf,pp,20260828,20260926,"00Z,12Z",D1,6h,S/D,S/D,S/D,0,S/D,S/D,S/D,0,S/D,S/D,S/D,0,S/D,S/D,S/D,0,S/D,S/D,S/D,0
472CC2B6,MARMOT,LA LIBERTAD,GRAN CHIMU,gfs,pp,20260828,20260926,"00Z,12Z",D1,6h,S/D,S/D,S/D,0,S/D,S/D,S/D,0,S/D,S/D,S/D,0,S/D,S/D,S/D,0,S/D,S/D,S/D,0
472CC2B6,MARMOT,LA LIBERTAD,GRAN CHIMU,eta5,pp,20260828,20260926,"00Z,12Z",D1,6h,S/D,S/D,S/D,0,S/D,S/D,S/D,0,S/D,S/D,S/D,0,S/D,S/D,S/D,0,S/D,S/D,S/D,0
472CC2B6,MARMOT,LA LIBERTAD,GRAN CHIMU,wrf5,pp,20260828,20260926,"00Z,12Z",D1,6h,S/D,S/D,S/D,0,S/D,S/D,S/D,0,S/D,S/D,S/D,0,S/D,S/D,S/D,0,S/D,S/D,S/D,0
472CC2B6,MARMOT,LA LIBERTAD,GRAN CHIMU,mpas15,pp,20260828,20260926,00Z,D1,6h,S/D,S/D,S/D,0,S/D,S/D,S/D,0,S/D,S/D,S/D,0,S/D,S/D,S/D,0,S/D,S/D,S/D,0
472E5220,PUENTE PALMIRA,LA LIBERTAD,GRAN CHIMU,ecmwf,pp,20260828,20260926,"00Z,12Z",D1,6h,0.504,1.512,S/D,234,S/D,1.0,0.0,0,S/D,1.0,0.0,0,S/D,1.0,0.0,0,S/D,S/D,S/D,0
472E5220,PUENTE PALMIRA,LA LIBERTAD,GRAN CHIMU,gfs,pp,20260828,20260926,"00Z,12Z",D1,6h,0.161,0.383,S/D,234,S/D,1.0,0.0,0,S/D,1.0,0.0,0,S/D,S/D,S/D,0,S/D,S/D,S/D,0
472E5220,PUENTE PALMIRA,LA LIBERTAD,GRAN CHIMU,eta5,pp,20260828,20260926,"00Z,12Z",D1,6h,0.373,1.527,S/D,197,S/D,1.0,0.0,0,S/D,1.0,0.0,0,S/D,1.0,0.0,0,S/D,S/D,S/D,0
472E5220,PUENTE PALMIRA,LA LIBERTAD,GRAN CHIMU,wrf5,pp,20260828,20260926,"00Z,12Z",D1,6h,0.006,0.056,S/D,231,S/D,1.0,0.0,0,S/D,S/D,S/D,0,S/D,S/D,S/D,0,S/D,S/D,S/D,0
472E5220,PUENTE PALMIRA,LA LIBERTAD,GRAN CHIMU,mpas15,pp,20260828,20260926,00Z,D1,6h,0.073,0.436,S/D,117,S/D,1.0,0.0,0,S/D,1.0,0.0,0,S/D,S/D,S/D,0,S/D,S/D,S/D,0
472D8346,CALLANCAS,LA LIBERTAD,OTUZCO,ecmwf,pp,20260828,20260926,"00Z,12Z",D1,6h,0.261,0.85,0.135,232,0.667,0.951,0.048,6,1.0,0.92,0.08,2,S/D,1.0,0.0,0,S/D,S/D,S/D,0
472D8346,CALLANCAS,LA LIBERTAD,OTUZCO,gfs,pp,20260828,20260926,"00Z,12Z",D1,6h,0.33,0.881,0.142,232,0.667,0.96,0.039,6,0.5,0.96,0.038,2,S/D,1.0,0.0,0,S/D,S/D,S/D,0
472D8346,CALLANCAS,LA LIBERTAD,OTUZCO,eta5,pp,20260828,20260926,"00Z,12Z",D1,6h,1.062,2.554,0.111,195,1.0,0.953,0.047,4,1.0,0.978,0.022,1,S/D,1.0,0.0,0,S/D,S/D,S/D,0
472D8346,CALLANCAS,LA LIBERTAD,OTUZCO,wrf5,pp,20260828,20260926,"00Z,12Z",D1,6h,-0.017,0.467,0.148,229,0.167,0.875,0.077,6,0.0,1.0,0.0,2,S/D,S/D,S/D,0,S/D,S/D,S/D,0
472D8346,CALLANCAS,LA LIBERTAD,OTUZCO,mpas15,pp,20260828,20260926,00Z,D1,6h,0.51,1.563,0.096,116,0.667,0.933,0.065,3,1.0,0.955,0.045,1,S/D,1.0,0.0,0,S/D,S/D,S/D,0
472EB1D2,CAPACHIQUE,LA LIBERTAD,OTUZCO,ecmwf,pp,20260828,20260926,"00Z,12Z",D1,6h,0.365,1.082,0.188,234,0.667,0.907,0.089,12,0.25,0.958,0.037,4,S/D,1.0,0.0,0,S/D,S/D,S/D,0
472EB1D2,CAPACHIQUE,LA LIBERTAD,OTUZCO,gfs,pp,20260828,20260926,"00Z,12Z",D1,6h,0.436,1.077,0.24,234,0.833,0.911,0.088,12,0.5,0.938,0.059,4,S/D,1.0,0.0,0,S/D,S/D,S/D,0
472EB1D2,CAPACHIQUE,LA LIBERTAD,OTUZCO,eta5,pp,20260828,20260926,"00Z,12Z",D1,6h,0.356,1.103,0.11,197,0.571,0.917,0.078,7,0.0,1.0,0.0,2,S/D,1.0,0.0,0,S/D,S/D,S/D,0
472EB1D2,CAPACHIQUE,LA LIBERTAD,OTUZCO,wrf5,pp,20260828,20260926,"00Z,12Z",D1,6h,0.108,0.636,0.147,231,0.333,0.882,0.095,12,0.5,0.778,0.182,4,S/D,1.0,0.0,0,S/D,S/D,S/D,0
472EB1D2,CAPACHIQUE,LA LIBERTAD,OTUZCO,mpas15,pp,20260828,20260926,00Z,D1,6h,0.818,2.065,0.056,117,0.333,0.951,0.044,6,0.0,1.0,0.0,2,S/D,1.0,0.0,0,S/D,S/D,S/D,0
107131,LA FORTUNA,LA LIBERTAD,OTUZCO,ecmwf,pp,20260828,20260926,"00Z,12Z",D1,6h,0.215,0.738,0.29,230,0.75,0.848,0.145,16,0.667,0.84,0.148,6,S/D,1.0,0.0,0,S/D,S/D,S/D,0
107131,LA FORTUNA,LA LIBERTAD,OTUZCO,gfs,pp,20260828,20260926,"00Z,12Z",D1,6h,0.28,0.817,0.191,230,0.75,0.88,0.115,16,0.5,0.88,0.107,6,S/D,1.0,0.0,0,S/D,S/D,S/D,0
107131,LA FORTUNA,LA LIBERTAD,OTUZCO,eta5,pp,20260828,20260926,"00Z,12Z",D1,6h,-0.041,0.433,0.171,194,0.0,1.0,0.0,9,0.0,S/D,0.0,3,S/D,S/D,S/D,0,S/D,S/D,S/D,0
107131,LA FORTUNA,LA LIBERTAD,OTUZCO,wrf5,pp,20260828,20260926,"00Z,12Z",D1,6h,0.241,1.582,0.231,226,0.438,0.781,0.171,16,0.5,0.769,0.188,6,S/D,1.0,0.0,0,S/D,S/D,S/D,0
107131,LA FORTUNA,LA LIBERTAD,OTUZCO,mpas15,pp,20260828,20260926,00Z,D1,6h,0.563,1.492,0.064,115,0.5,0.882,0.105,8,0.667,0.926,0.071,3,S/D,1.0,0.0,0,S/D,S/D,S/D,0
472E74CC,PUENTE COINA,LA LIBERTAD,OTUZCO,ecmwf,pp,20260828,20260926,"00Z,12Z",D1,6h,0.292,0.806,0.188,234,0.875,0.914,0.085,8,S/D,1.0,0.0,0,S/D,1.0,0.0,0,S/D,S/D,S/D,0
472E74CC,PUENTE COINA,LA LIBERTAD,OTUZCO,gfs,pp,20260828,20260926,"00Z,12Z",D1,6h,0.361,0.806,-0.006,234,0.5,0.961,0.038,8,S/D,1.0,0.0,0,S/D,1.0,0.0,0,S/D,S/D,S/D,0
472E74CC,PUENTE COINA,LA LIBERTAD,OTUZCO,eta5,pp,20260828,20260926,"00Z,12Z",D1,6h,0.277,0.948,0.045,197,0.4,0.951,0.045,5,S/D,1.0,0.0,0,S/D,1.0,0.0,0,S/D,S/D,S/D,0
472E74CC,PUENTE COINA,LA LIBERTAD,OTUZCO,wrf5,pp,20260828,20260926,"00Z,12Z",D1,6h,0.127,0.785,0.044,231,0.0,1.0,0.0,8,S/D,1.0,0.0,0,S/D,1.0,0.0,0,S/D,S/D,S/D,0
472E74CC,PUENTE COINA,LA LIBERTAD,OTUZCO,mpas15,pp,20260828,20260926,00Z,D1,6h,0.654,1.526,-0.0,117,0.25,0.971,0.026,4,S/D,1.0,0.0,0,S/D,1.0,0.0,0,S/D,S/D,S/D,0
472D60B4,USQUIL,LA LIBERTAD,OTUZCO,ecmwf,pp,20260828,20260926,"00Z,12Z",D1,6h,0.28,0.79,0.24,234,0.786,0.864,0.131,14,S/D,1.0,0.0,0,S/D,1.0,0.0,0,S/D,S/D,S/D,0
472D60B4,USQUIL,LA LIBERTAD,OTUZCO,gfs,pp,20260828,20260926,"00Z,12Z",D1,6h,0.349,0.79,0.117,234,0.714,0.902,0.094,14,S/D,1.0,0.0,0,S/D,1.0,0.0,0,S/D,S/D,S/D,0
472D60B4,USQUIL,LA LIBERTAD,OTUZCO,eta5,pp,20260828,20260926,"00Z,12Z",D1,6h,0.27,0.934,0.169,197,0.625,0.878,0.114,8,S/D,1.0,0.0,0,S/D,1.0,0.0,0,S/D,S/D,S/D,0
472D60B4,USQUIL,LA LIBERTAD,OTUZCO,wrf5,pp,20260828,20260926,"00Z,12Z",D1,6h,0.115,0.786,0.232,231,0.214,0.812,0.111,14,S/D,1.0,0.0,0,S/D,1.0,0.0,0,S/D,S/D,S/D,0
472D60B4,USQUIL,LA LIBERTAD,OTUZCO,mpas15,pp,20260828,20260926,00Z,D1,6h,0.646,1.533,-0.023,117,0.429,0.925,0.068,7,S/D,1.0,0.0,0,S/D,1.0,0.0,0,S/D,S/D,S/D,0
107130,TICAPAMPA,LA LIBERTAD,SANCHEZ CARRION,ecmwf,pp,20260828,20260926,"00Z,12Z",D1,6h,0.689,1.62,0.182,212,0.688,0.889,0.106,16,0.625,0.896,0.098,8,S/D,1.0,0.0,0,S/D,S/D,S/D,0
107130,TICAPAMPA,LA LIBERTAD,SANCHEZ CARRION,gfs,pp,20260828,20260926,"00Z,12Z",D1,6h,0.272,0.768,0.265,212,0.875,0.863,0.135,16,0.375,0.857,0.115,8,S/D,S/D,S/D,0,S/D,S/D,S/D,0
107130,TICAPAMPA,LA LIBERTAD,SANCHEZ CARRION,eta5,pp,20260828,20260926,"00Z,12Z",D1,6h,0.225,0.848,0.295,181,0.615,0.771,0.2,13,0.429,0.824,0.143,7,S/D,1.0,0.0,0,S/D,S/D,S/D,0
107130,TICAPAMPA,LA LIBERTAD,SANCHEZ CARRION,wrf5,pp,20260828,20260926,"00Z,12Z",D1,6h,0.128,0.922,0.361,208,0.625,0.615,0.312,16,0.375,0.75,0.176,8,S/D,1.0,0.0,0,S/D,S/D,S/D,0
107130,TICAPAMPA,LA LIBERTAD,SANCHEZ CARRION,mpas15,pp,20260828,20260926,00Z,D1,6h,0.756,2.067,0.235,106,0.75,0.864,0.13,8,0.75,0.893,0.103,4,S/D,1.0,0.0,0,S/D,S/D,S/D,0
4727319A,QUIRUVILCA,LA LIBERTAD,SANTIAGO DE CHUCO,ecmwf,pp,20260828,20260926,"00Z,12Z",D1,6h,0.414,2.393,0.213,214,0.75,0.865,0.129,16,0.25,0.975,0.023,4,0.0,1.0,0.0,2,S/D,S/D,S/D,0
4727319A,QUIRUVILCA,LA LIBERTAD,SANTIAGO DE CHUCO,gfs,pp,20260828,20260926,"00Z,12Z",D1,6h,0.479,2.511,0.166,214,0.75,0.906,0.092,16,0.5,0.953,0.044,4,0.0,1.0,0.0,2,S/D,S/D,S/D,0
4727319A,QUIRUVILCA,LA LIBERTAD,SANTIAGO DE CHUCO,eta5,pp,20260828,20260926,"00Z,12Z",D1,6h,-0.248,2.157,-0.012,179,0.0,1.0,0.0,14,0.0,1.0,0.0,4,0.0,S/D,0.0,2,S/D,S/D,S/D,0
4727319A,QUIRUVILCA,LA LIBERTAD,SANTIAGO DE CHUCO,wrf5,pp,20260828,20260926,"00Z,12Z",D1,6h,0.373,2.827,0.218,210,0.5,0.795,0.17,16,0.0,1.0,0.0,4,0.0,1.0,0.0,2,S/D,S/D,S/D,0
4727319A,QUIRUVILCA,LA LIBERTAD,SANTIAGO DE CHUCO,mpas15,pp,20260828,20260926,00Z,D1,6h,0.438,2.391,0.181,107,0.625,0.839,0.147,8,0.5,0.96,0.038,2,0.0,1.0,0.0,1,S/D,S/D,S/D,0
211408,CONDORCERRO,LA LIBERTAD,VIRU,ecmwf,pp,20260828,20260926,"00Z,12Z",D1,6h,S/D,S/D,S/D,0,S/D,S/D,S/D,0,S/D,S/D,S/D,0,S/D,S/D,S/D,0,S/D,S/D,S/D,0
211408,CONDORCERRO,LA LIBERTAD,VIRU,gfs,pp,20260828,20260926,"00Z,12Z",D1,6h,S/D,S/D,S/D,0,S/D,S/D,S/D,0,S/D,S/D,S/D,0,S/D,S/D,S/D,0,S/D,S/D,S/D,0
211408,CONDORCERRO,LA LIBERTAD,VIRU,eta5,pp,20260828,20260926,"00Z,12Z",D1,6h,S/D,S/D,S/D,0,S/D,S/D,S/D,0,S/D,S/D,S/D,0,S/D,S/D,S/D,0,S/D,S/D,S/D,0
211408,CONDORCERRO,LA LIBERTAD,VIRU,wrf5,pp,20260828,20260926,"00Z,12Z",D1,6h,S/D,S/D,S/D,0,S/D,S/D,S/D,0,S/D,S/D,S/D,0,S/D,S/D,S/D,0,S/D,S/D,S/D,0
211408,CONDORCERRO,LA LIBERTAD,VIRU,mpas15,pp,20260828,20260926,00Z,D1,6h,S/D,S/D,S/D,0,S/D,S/D,S/D,0,S/D,S/D,S/D,0,S/D,S/D,S/D,0,S/D,S/D,S/D,0
47E2F720,TINAJONES,LAMBAYEQUE,CHICLAYO,ecmwf,pp,20260828,20260926,"00Z,12Z",D1,6h,0.033,0.097,S/D,236,S/D,1.0,0.0,0,S/D,S/D,S/D,0,S/D,S/D,S/D,0,S/D,S/D,S/D,0
47E2F720,TINAJONES,LAMBAYEQUE,CHICLAYO,gfs,pp,20260828,20260926,"00Z,12Z",D1,6h,0.006,0.059,S/D,236,S/D,1.0,0.0,0,S/D,S/D,S/D,0,S/D,S/D,S/D,0,S/D,S/D,S/D,0
47E2F720,TINAJONES,LAMBAYEQUE,CHICLAYO,eta5,pp,20260828,20260926,"00Z,12Z",D1,6h,0.036,0.163,S/D,199,S/D,1.0,0.0,0,S/D,1.0,0.0,0,S/D,S/D,S/D,0,S/D,S/D,S/D,0
47E2F720,TINAJONES,LAMBAYEQUE,CHICLAYO,wrf5,pp,20260828,20260926,"00Z,12Z",D1,6h,0.001,0.004,S/D,232,S/D,S/D,S/D,0,S/D,S/D,S/D,0,S/D,S/D,S/D,0,S/D,S/D,S/D,0
47E2F720,TINAJONES,LAMBAYEQUE,CHICLAYO,mpas15,pp,20260828,20260926,00Z,D1,6h,0.0,0.0,S/D,118,S/D,S/D,S/D,0,S/D,S/D,S/D,0,S/D,S/D,S/D,0,S/D,S/D,S/D,0
106140,VISTA FLORIDA,LAMBAYEQUE,CHICLAYO,ecmwf,pp,20260828,20260926,"00Z,12Z",D1,6h,0.017,0.091,0.04,230,0.0,1.0,0.0,2,S/D,1.0,0.0,0,S/D,S/D,S/D,0,S/D,S/D,S/D,0
106140,VISTA FLORIDA,LAMBAYEQUE,CHICLAYO,gfs,pp,20260828,20260926,"00Z,12Z",D1,6h,0.004,0.063,-0.012,230,0.0,1.0,0.0,2,S/D,S/D,S/D,0,S/D,S/D,S/D,0,S/D,S/D,S/D,0
106140,VISTA FLORIDA,LAMBAYEQUE,CHICLAYO,eta5,pp,20260828,20260926,"00Z,12Z",D1,6h,0.01,0.038,0.069,194,0.0,1.0,0.0,2,S/D,S/D,S/D,0,S/D,S/D,S/D,0,S/D,S/D,S/D,0
106140,VISTA FLORIDA,LAMBAYEQUE,CHICLAYO,wrf5,pp,20260828,20260926,"00Z,12Z",D1,6h,0.002,0.014,0.176,226,0.0,1.0,0.0,1,S/D,S/D,S/D,0,S/D,S/D,S/D,0,S/D,S/D,S/D,0
106140,VISTA FLORIDA,LAMBAYEQUE,CHICLAYO,mpas15,pp,20260828,20260926,00Z,D1,6h,-0.001,0.009,0.114,115,0.0,S/D,0.0,1,S/D,S/D,S/D,0,S/D,S/D,S/D,0,S/D,S/D,S/D,0
106138,PUCHACA,LAMBAYEQUE,FERREÑAFE,ecmwf,pp,20260828,20260926,"00Z,12Z",D1,6h,1.072,2.185,S/D,216,S/D,1.0,0.0,0,S/D,1.0,0.0,0,S/D,1.0,0.0,0,S/D,S/D,S/D,0
106138,PUCHACA,LAMBAYEQUE,FERREÑAFE,gfs,pp,20260828,20260926,"00Z,12Z",D1,6h,0.109,0.294,S/D,216,S/D,1.0,0.0,0,S/D,1.0,0.0,0,S/D,S/D,S/D,0,S/D,S/D,S/D,0
106138,PUCHACA,LAMBAYEQUE,FERREÑAFE,eta5,pp,20260828,20260926,"00Z,12Z",D1,6h,0.22,0.779,S/D,180,S/D,1.0,0.0,0,S/D,1.0,0.0,0,S/D,1.0,0.0,0,S/D,S/D,S/D,0
106138,PUCHACA,LAMBAYEQUE,FERREÑAFE,wrf5,pp,20260828,20260926,"00Z,12Z",D1,6h,0.006,0.04,S/D,212,S/D,1.0,0.0,0,S/D,S/D,S/D,0,S/D,S/D,S/D,0,S/D,S/D,S/D,0
106138,PUCHACA,LAMBAYEQUE,FERREÑAFE,mpas15,pp,20260828,20260926,00Z,D1,6h,0.157,0.549,S/D,108,S/D,1.0,0.0,0,S/D,1.0,0.0,0,S/D,S/D,S/D,0,S/D,S/D,S/D,0
4726F67E,PASABAR,LAMBAYEQUE,LAMBAYEQUE,ecmwf,pp,20260828,20260926,"00Z,12Z",D1,6h,0.125,0.407,0.185,202,1.0,0.925,0.075,4,S/D,1.0,0.0,0,S/D,S/D,S/D,0,S/D,S/D,S/D,0
4726F67E,PASABAR,LAMBAYEQUE,LAMBAYEQUE,gfs,pp,20260828,20260926,"00Z,12Z",D1,6h,0.019,0.065,0.278,202,0.75,0.8,0.188,4,S/D,S/D,S/D,0,S/D,S/D,S/D,0,S/D,S/D,S/D,0
4726F67E,PASABAR,LAMBAYEQUE,LAMBAYEQUE,eta5,pp,20260828,20260926,"00Z,12Z",D1,6h,0.063,0.306,0.131,172,0.5,0.923,0.071,2,S/D,1.0,0.0,0,S/D,S/D,S/D,0,S/D,S/D,S/D,0
4726F67E,PASABAR,LAMBAYEQUE,LAMBAYEQUE,wrf5,pp,20260828,20260926,"00Z,12Z",D1,6h,0.001,0.02,0.076,199,0.0,1.0,0.0,4,S/D,S/D,S/D,0,S/D,S/D,S/D,0,S/D,S/D,S/D,0
4726F67E,PASABAR,LAMBAYEQUE,LAMBAYEQUE,mpas15,pp,20260828,20260926,00Z,D1,6h,-0.002,0.014,0.102,101,0.0,S/D,0.0,2,S/D,S/D,S/D,0,S/D,S/D,S/D,0,S/D,S/D,S/D,0
47201542,TONGORRAPE,LAMBAYEQUE,LAMBAYEQUE,ecmwf,pp,20260828,20260926,"00Z,12Z",D1,6h,0.087,0.226,0.04,230,0.333,0.961,0.036,6,S/D,1.0,0.0,0,S/D,S/D,S/D,0,S/D,S/D,S/D,0
47201542,TONGORRAPE,LAMBAYEQUE,LAMBAYEQUE,gfs,pp,20260828,20260926,"00Z,12Z",D1,6h,-0.001,0.065,0.077,230,0.0,1.0,0.0,6,S/D,S/D,S/D,0,S/D,S/D,S/D,0,S/D,S/D,S/D,0
47201542,TONGORRAPE,LAMBAYEQUE,LAMBAYEQUE,eta5,pp,20260828,20260926,"00Z,12Z",D1,6h,0.058,0.312,0.25,193,0.4,0.882,0.1,5,S/D,1.0,0.0,0,S/D,S/D,S/D,0,S/D,S/D,S/D,0
47201542,TONGORRAPE,LAMBAYEQUE,LAMBAYEQUE,wrf5,pp,20260828,20260926,"00Z,12Z",D1,6h,-0.001,0.049,-0.043,227,0.0,1.0,0.0,5,S/D,S/D,S/D,0,S/D,S/D,S/D,0,S/D,S/D,S/D,0
47201542,TONGORRAPE,LAMBAYEQUE,LAMBAYEQUE,mpas15,pp,20260828,20260926,00Z,D1,6h,-0.008,0.055,0.008,115,0.0,S/D,0.0,3,S/D,S/D,S/D,0,S/D,S/D,S/D,0,S/D,S/D,S/D,0
4725F170,HUAROS,LIMA,CANTA,ecmwf,pp,20260828,20260926,"00Z,12Z",D1,6h,0.366,0.911,0.207,218,0.833,0.949,0.05,6,1.0,0.926,0.074,2,0.0,1.0,0.0,2,S/D,S/D,S/D,0
4725F170,HUAROS,LIMA,CANTA,gfs,pp,20260828,20260926,"00Z,12Z",D1,6h,0.713,1.618,0.205,218,1.0,0.944,0.056,6,1.0,0.951,0.049,2,0.5,0.889,0.1,2,S/D,S/D,S/D,0
4725F170,HUAROS,LIMA,CANTA,eta5,pp,20260828,20260926,"00Z,12Z",D1,6h,0.005,0.579,-0.023,184,0.167,0.947,0.042,6,0.0,1.0,0.0,2,0.0,S/D,0.0,2,S/D,S/D,S/D,0
4725F170,HUAROS,LIMA,CANTA,wrf5,pp,20260828,20260926,"00Z,12Z",D1,6h,0.117,0.772,0.142,214,0.6,0.897,0.097,5,0.0,1.0,0.0,2,0.0,S/D,0.0,2,S/D,S/D,S/D,0
4725F170,HUAROS,LIMA,CANTA,mpas15,pp,20260828,20260926,00Z,D1,6h,0.685,2.039,-0.047,109,0.333,0.969,0.029,3,0.0,1.0,0.0,1,0.0,1.0,0.0,1,S/D,S/D,S/D,0
113249,CAÑETE,LIMA,CAÑETE,ecmwf,pp,20260828,20260926,"00Z,12Z",D1,6h,-0.523,5.766,0.194,232,0.3,0.75,0.158,10,0.0,S/D,0.0,2,0.0,S/D,0.0,2,0.0,S/D,0.0,2
113249,CAÑETE,LIMA,CAÑETE,gfs,pp,20260828,20260926,"00Z,12Z",D1,6h,-0.543,5.766,S/D,232,0.0,S/D,0.0,10,0.0,S/D,0.0,2,0.0,S/D,0.0,2,0.0,S/D,0.0,2
113249,CAÑETE,LIMA,CAÑETE,eta5,pp,20260828,20260926,"00Z,12Z",D1,6h,-0.316,4.436,0.12,196,0.125,0.667,0.1,8,0.0,S/D,0.0,1,0.0,S/D,0.0,1,0.0,S/D,0.0,1
113249,CAÑETE,LIMA,CAÑETE,wrf5,pp,20260828,20260926,"00Z,12Z",D1,6h,-0.549,5.816,0.102,228,0.1,0.5,0.091,10,0.0,S/D,0.0,2,0.0,S/D,0.0,2,0.0,S/D,0.0,2
113249,CAÑETE,LIMA,CAÑETE,mpas15,pp,20260828,20260926,00Z,D1,6h,-0.539,5.766,0.137,116,0.0,1.0,0.0,5,0.0,S/D,0.0,1,0.0,S/D,0.0,1,0.0,S/D,0.0,1
212900,LA CAPILLA SENAMHI,LIMA,CAÑETE,ecmwf,pp,20260828,20260926,"00Z,12Z",D1,6h,S/D,S/D,S/D,0,S/D,S/D,S/D,0,S/D,S/D,S/D,0,S/D,S/D,S/D,0,S/D,S/D,S/D,0
212900,LA CAPILLA SENAMHI,LIMA,CAÑETE,gfs,pp,20260828,20260926,"00Z,12Z",D1,6h,S/D,S/D,S/D,0,S/D,S/D,S/D,0,S/D,S/D,S/D,0,S/D,S/D,S/D,0,S/D,S/D,S/D,0
212900,LA CAPILLA SENAMHI,LIMA,CAÑETE,eta5,pp,20260828,20260926,"00Z,12Z",D1,6h,S/D,S/D,S/D,0,S/D,S/D,S/D,0,S/D,S/D,S/D,0,S/D,S/D,S/D,0,S/D,S/D,S/D,0
212900,LA CAPILLA SENAMHI,LIMA,CAÑETE,wrf5,pp,20260828,20260926,"00Z,12Z",D1,6h,S/D,S/D,S/D,0,S/D,S/D,S/D,0,S/D,S/D,S/D,0,S/D,S/D,S/D,0,S/D,S/D,S/D,0
212900,LA CAPILLA SENAMHI,LIMA,CAÑETE,mpas15,pp,20260828,20260926,00Z,D1,6h,S/D,S/D,S/D,0,S/D,S/D,S/D,0,S/D,S/D,S/D,0,S/D,S/D,S/D,0,S/D,S/D,S/D,0
472191AC,SOCSI,LIMA,CAÑETE,ecmwf,pp,20260828,20260926,"00Z,12Z",D1,6h,S/D,S/D,S/D,0,S/D,S/D,S/D,0,S/D,S/D,S/D,0,S/D,S/D,S/D,0,S/D,S/D,S/D,0
472191AC,SOCSI,LIMA,CAÑETE,gfs,pp,20260828,20260926,"00Z,12Z",D1,6h,S/D,S/D,S/D,0,S/D,S/D,S/D,0,S/D,S/D,S/D,0,S/D,S/D,S/D,0,S/D,S/D,S/D,0
472191AC,SOCSI,LIMA,CAÑETE,eta5,pp,20260828,20260926,"00Z,12Z",D1,6h,S/D,S/D,S/D,0,S/D,S/D,S/D,0,S/D,S/D,S/D,0,S/D,S/D,S/D,0,S/D,S/D,S/D,0
472191AC,SOCSI,LIMA,CAÑETE,wrf5,pp,20260828,20260926,"00Z,12Z",D1,6h,S/D,S/D,S/D,0,S/D,S/D,S/D,0,S/D,S/D,S/D,0,S/D,S/D,S/D,0,S/D,S/D,S/D,0
472191AC,SOCSI,LIMA,CAÑETE,mpas15,pp,20260828,20260926,00Z,D1,6h,S/D,S/D,S/D,0,S/D,S/D,S/D,0,S/D,S/D,S/D,0,S/D,S/D,S/D,0,S/D,S/D,S/D,0
47E323B2,CARAC,LIMA,HUARAL,ecmwf,pp,20260828,20260926,"00Z,12Z",D1,6h,0.153,0.454,0.344,122,1.0,0.806,0.194,6,S/D,1.0,0.0,0,S/D,S/D,S/D,0,S/D,S/D,S/D,0
47E323B2,CARAC,LIMA,HUARAL,gfs,pp,20260828,20260926,"00Z,12Z",D1,6h,0.574,1.814,0.268,122,0.833,0.875,0.122,6,S/D,1.0,0.0,0,S/D,1.0,0.0,0,S/D,S/D,S/D,0
47E323B2,CARAC,LIMA,HUARAL,eta5,pp,20260828,20260926,"00Z,12Z",D1,6h,0.021,0.136,0.492,99,0.667,0.6,0.333,3,S/D,1.0,0.0,0,S/D,S/D,S/D,0,S/D,S/D,S/D,0
47E323B2,CARAC,LIMA,HUARAL,wrf5,pp,20260828,20260926,"00Z,12Z",D1,6h,0.108,0.712,0.303,122,0.5,0.571,0.3,6,S/D,1.0,0.0,0,S/D,1.0,0.0,0,S/D,S/D,S/D,0
47E323B2,CARAC,LIMA,HUARAL,mpas15,pp,20260828,20260926,00Z,D1,6h,0.385,1.239,0.178,61,0.667,0.818,0.167,3,S/D,1.0,0.0,0,S/D,1.0,0.0,0,S/D,S/D,S/D,0
47E2323E,CUCHUANCA,LIMA,HUARAL,ecmwf,pp,20260828,20260926,"00Z,12Z",D1,6h,0.203,0.521,0.216,232,1.0,0.913,0.087,6,S/D,1.0,0.0,0,S/D,S/D,S/D,0,S/D,S/D,S/D,0
47E2323E,CUCHUANCA,LIMA,HUARAL,gfs,pp,20260828,20260926,"00Z,12Z",D1,6h,0.426,1.361,0.185,232,0.833,0.944,0.056,6,S/D,1.0,0.0,0,S/D,1.0,0.0,0,S/D,S/D,S/D,0
47E2323E,CUCHUANCA,LIMA,HUARAL,eta5,pp,20260828,20260926,"00Z,12Z",D1,6h,0.013,0.102,0.281,195,0.5,0.8,0.167,4,S/D,1.0,0.0,0,S/D,S/D,S/D,0,S/D,S/D,S/D,0
47E2323E,CUCHUANCA,LIMA,HUARAL,wrf5,pp,20260828,20260926,"00Z,12Z",D1,6h,0.074,0.535,0.241,228,0.6,0.7,0.25,5,S/D,1.0,0.0,0,S/D,1.0,0.0,0,S/D,S/D,S/D,0
47E2323E,CUCHUANCA,LIMA,HUARAL,mpas15,pp,20260828,20260926,00Z,D1,6h,0.378,1.104,0.125,116,0.667,0.917,0.08,3,S/D,1.0,0.0,0,S/D,1.0,0.0,0,S/D,S/D,S/D,0
47E330C4,SANTA CRUZ,LIMA,HUARAL,ecmwf,pp,20260828,20260926,"00Z,12Z",D1,6h,0.117,0.623,0.08,234,0.5,0.941,0.056,8,0.125,0.933,0.045,8,S/D,S/D,S/D,0,S/D,S/D,S/D,0
47E330C4,SANTA CRUZ,LIMA,HUARAL,gfs,pp,20260828,20260926,"00Z,12Z",D1,6h,0.317,1.347,0.073,234,0.5,0.955,0.043,8,0.5,0.833,0.143,8,S/D,1.0,0.0,0,S/D,S/D,S/D,0
47E330C4,SANTA CRUZ,LIMA,HUARAL,eta5,pp,20260828,20260926,"00Z,12Z",D1,6h,0.103,0.644,-0.005,197,0.2,0.97,0.027,5,0.2,0.938,0.05,5,S/D,S/D,S/D,0,S/D,S/D,S/D,0
47E330C4,SANTA CRUZ,LIMA,HUARAL,wrf5,pp,20260828,20260926,"00Z,12Z",D1,6h,0.151,1.144,0.114,230,0.5,0.875,0.111,8,0.125,0.917,0.053,8,S/D,1.0,0.0,0,S/D,S/D,S/D,0
47E330C4,SANTA CRUZ,LIMA,HUARAL,mpas15,pp,20260828,20260926,00Z,D1,6h,0.646,1.805,0.063,117,0.5,0.95,0.048,4,0.5,0.935,0.061,4,S/D,1.0,0.0,0,S/D,S/D,S/D,0
47E214D2,SANTO DOMINGO,LIMA,HUARAL,ecmwf,pp,20260828,20260926,"00Z,12Z",D1,6h,0.035,0.21,-0.082,232,0.0,1.0,0.0,12,S/D,1.0,0.0,0,S/D,S/D,S/D,0,S/D,S/D,S/D,0
47E214D2,SANTO DOMINGO,LIMA,HUARAL,gfs,pp,20260828,20260926,"00Z,12Z",D1,6h,0.024,0.196,-0.109,232,0.0,1.0,0.0,12,S/D,1.0,0.0,0,S/D,S/D,S/D,0,S/D,S/D,S/D,0
47E214D2,SANTO DOMINGO,LIMA,HUARAL,eta5,pp,20260828,20260926,"00Z,12Z",D1,6h,-0.011,0.056,-0.017,195,0.0,S/D,0.0,10,S/D,S/D,S/D,0,S/D,S/D,S/D,0,S/D,S/D,S/D,0
47E214D2,SANTO DOMINGO,LIMA,HUARAL,wrf5,pp,20260828,20260926,"00Z,12Z",D1,6h,-0.013,0.064,0.07,228,0.0,S/D,0.0,12,S/D,S/D,S/D,0,S/D,S/D,S/D,0,S/D,S/D,S/D,0
47E214D2,SANTO DOMINGO,LIMA,HUARAL,mpas15,pp,20260828,20260926,00Z,D1,6h,-0.013,0.064,0.037,116,0.0,S/D,0.0,6,S/D,S/D,S/D,0,S/D,S/D,S/D,0,S/D,S/D,S/D,0
47E257D8,VICHAYCOCHA,LIMA,HUARAL,ecmwf,pp,20260828,20260926,"00Z,12Z",D1,6h,0.577,1.251,0.249,232,0.769,0.82,0.171,26,1.0,0.913,0.087,4,S/D,1.0,0.0,0,S/D,S/D,S/D,0
47E257D8,VICHAYCOCHA,LIMA,HUARAL,gfs,pp,20260828,20260926,"00Z,12Z",D1,6h,0.984,2.544,0.228,232,0.769,0.818,0.172,26,1.0,0.922,0.078,4,S/D,1.0,0.0,0,S/D,S/D,S/D,0
47E257D8,VICHAYCOCHA,LIMA,HUARAL,eta5,pp,20260828,20260926,"00Z,12Z",D1,6h,0.073,0.395,0.29,195,0.526,0.706,0.233,19,0.333,0.875,0.1,3,S/D,S/D,S/D,0,S/D,S/D,S/D,0
47E257D8,VICHAYCOCHA,LIMA,HUARAL,wrf5,pp,20260828,20260926,"00Z,12Z",D1,6h,0.266,1.233,0.224,228,0.423,0.761,0.18,26,0.5,0.875,0.111,4,S/D,1.0,0.0,0,S/D,S/D,S/D,0
47E257D8,VICHAYCOCHA,LIMA,HUARAL,mpas15,pp,20260828,20260926,00Z,D1,6h,0.71,1.924,0.208,116,0.615,0.8,0.178,13,1.0,0.933,0.067,2,S/D,1.0,0.0,0,S/D,S/D,S/D,0
472D73C2,CASAPALCA,LIMA,HUAROCHIRI,ecmwf,pp,20260828,20260926,"00Z,12Z",D1,6h,0.341,0.978,0.47,232,0.95,0.661,0.333,40,0.833,0.634,0.341,18,0.0,1.0,0.0,2,S/D,S/D,S/D,0
472D73C2,CASAPALCA,LIMA,HUAROCHIRI,gfs,pp,20260828,20260926,"00Z,12Z",D1,6h,0.515,1.385,0.434,232,0.95,0.705,0.29,40,0.667,0.786,0.194,18,0.0,1.0,0.0,2,S/D,S/D,S/D,0
472D73C2,CASAPALCA,LIMA,HUAROCHIRI,eta5,pp,20260828,20260926,"00Z,12Z",D1,6h,-0.078,0.755,0.5,195,0.765,0.552,0.394,34,0.471,0.385,0.364,17,0.0,S/D,0.0,2,S/D,S/D,S/D,0
472D73C2,CASAPALCA,LIMA,HUAROCHIRI,wrf5,pp,20260828,20260926,"00Z,12Z",D1,6h,0.646,2.843,0.529,229,0.868,0.522,0.446,38,0.765,0.629,0.333,17,0.0,1.0,0.0,2,S/D,1.0,0.0,0
472D73C2,CASAPALCA,LIMA,HUAROCHIRI,mpas15,pp,20260828,20260926,00Z,D1,6h,0.858,2.539,0.443,116,0.85,0.614,0.362,20,0.778,0.788,0.2,9,0.0,1.0,0.0,1,S/D,S/D,S/D,0
472CE45A,MATUCANA,LIMA,HUAROCHIRI,ecmwf,pp,20260828,20260926,"00Z,12Z",D1,6h,0.782,1.615,0.246,230,1.0,0.933,0.067,8,S/D,1.0,0.0,0,S/D,1.0,0.0,0,S/D,S/D,S/D,0
472CE45A,MATUCANA,LIMA,HUAROCHIRI,gfs,pp,20260828,20260926,"00Z,12Z",D1,6h,0.342,0.822,0.259,230,1.0,0.917,0.083,8,S/D,1.0,0.0,0,S/D,1.0,0.0,0,S/D,S/D,S/D,0
472CE45A,MATUCANA,LIMA,HUAROCHIRI,eta5,pp,20260828,20260926,"00Z,12Z",D1,6h,0.092,0.518,0.05,193,0.143,0.958,0.033,7,S/D,1.0,0.0,0,S/D,1.0,0.0,0,S/D,S/D,S/D,0
472CE45A,MATUCANA,LIMA,HUAROCHIRI,wrf5,pp,20260828,20260926,"00Z,12Z",D1,6h,0.131,0.744,0.339,227,0.625,0.792,0.185,8,S/D,1.0,0.0,0,S/D,1.0,0.0,0,S/D,S/D,S/D,0
472CE45A,MATUCANA,LIMA,HUAROCHIRI,mpas15,pp,20260828,20260926,00Z,D1,6h,0.948,2.429,0.25,115,1.0,0.905,0.095,4,S/D,1.0,0.0,0,S/D,1.0,0.0,0,S/D,S/D,S/D,0
212700,PUENTE ANTAPUCRO,LIMA,HUAROCHIRI,ecmwf,pp,20260828,20260926,"00Z,12Z",D1,6h,S/D,S/D,S/D,0,S/D,S/D,S/D,0,S/D,S/D,S/D,0,S/D,S/D,S/D,0,S/D,S/D,S/D,0
212700,PUENTE ANTAPUCRO,LIMA,HUAROCHIRI,gfs,pp,20260828,20260926,"00Z,12Z",D1,6h,S/D,S/D,S/D,0,S/D,S/D,S/D,0,S/D,S/D,S/D,0,S/D,S/D,S/D,0,S/D,S/D,S/D,0
212700,PUENTE ANTAPUCRO,LIMA,HUAROCHIRI,eta5,pp,20260828,20260926,"00Z,12Z",D1,6h,S/D,S/D,S/D,0,S/D,S/D,S/D,0,S/D,S/D,S/D,0,S/D,S/D,S/D,0,S/D,S/D,S/D,0
212700,PUENTE ANTAPUCRO,LIMA,HUAROCHIRI,wrf5,pp,20260828,20260926,"00Z,12Z",D1,6h,S/D,S/D,S/D,0,S/D,S/D,S/D,0,S/D,S/D,S/D,0,S/D,S/D,S/D,0,S/D,S/D,S/D,0
212700,PUENTE ANTAPUCRO,LIMA,HUAROCHIRI,mpas15,pp,20260828,20260926,00Z,D1,6h,S/D,S/D,S/D,0,S/D,S/D,S/D,0,S/D,S/D,S/D,0,S/D,S/D,S/D,0,S/D,S/D,S/D,0
212605,SAN MATEO ,LIMA,HUAROCHIRI,ecmwf,pp,20260828,20260926,"00Z,12Z",D1,6h,S/D,S/D,S/D,0,S/D,S/D,S/D,0,S/D,S/D,S/D,0,S/D,S/D,S/D,0,S/D,S/D,S/D,0
212605,SAN MATEO ,LIMA,HUAROCHIRI,gfs,pp,20260828,20260926,"00Z,12Z",D1,6h,S/D,S/D,S/D,0,S/D,S/D,S/D,0,S/D,S/D,S/D,0,S/D,S/D,S/D,0,S/D,S/D,S/D,0
212605,SAN MATEO ,LIMA,HUAROCHIRI,eta5,pp,20260828,20260926,"00Z,12Z",D1,6h,S/D,S/D,S/D,0,S/D,S/D,S/D,0,S/D,S/D,S/D,0,S/D,S/D,S/D,0,S/D,S/D,S/D,0
212605,SAN MATEO ,LIMA,HUAROCHIRI,wrf5,pp,20260828,20260926,"00Z,12Z",D1,6h,S/D,S/D,S/D,0,S/D,S/D,S/D,0,S/D,S/D,S/D,0,S/D,S/D,S/D,0,S/D,S/D,S/D,0
212605,SAN MATEO ,LIMA,HUAROCHIRI,mpas15,pp,20260828,20260926,00Z,D1,6h,S/D,S/D,S/D,0,S/D,S/D,S/D,0,S/D,S/D,S/D,0,S/D,S/D,S/D,0,S/D,S/D,S/D,0
472EC742,SAN MATEO DE OTAO,LIMA,HUAROCHIRI,ecmwf,pp,20260828,20260926,"00Z,12Z",D1,6h,0.807,1.642,S/D,234,S/D,1.0,0.0,0,S/D,1.0,0.0,0,S/D,1.0,0.0,0,S/D,S/D,S/D,0
472EC742,SAN MATEO DE OTAO,LIMA,HUAROCHIRI,gfs,pp,20260828,20260926,"00Z,12Z",D1,6h,0.362,0.851,S/D,234,S/D,1.0,0.0,0,S/D,1.0,0.0,0,S/D,1.0,0.0,0,S/D,S/D,S/D,0
472EC742,SAN MATEO DE OTAO,LIMA,HUAROCHIRI,eta5,pp,20260828,20260926,"00Z,12Z",D1,6h,0.003,0.017,S/D,197,S/D,1.0,0.0,0,S/D,S/D,S/D,0,S/D,S/D,S/D,0,S/D,S/D,S/D,0
472EC742,SAN MATEO DE OTAO,LIMA,HUAROCHIRI,wrf5,pp,20260828,20260926,"00Z,12Z",D1,6h,0.005,0.05,S/D,231,S/D,1.0,0.0,0,S/D,S/D,S/D,0,S/D,S/D,S/D,0,S/D,S/D,S/D,0
472EC742,SAN MATEO DE OTAO,LIMA,HUAROCHIRI,mpas15,pp,20260828,20260926,00Z,D1,6h,0.026,0.196,S/D,117,S/D,1.0,0.0,0,S/D,1.0,0.0,0,S/D,S/D,S/D,0,S/D,S/D,S/D,0
472E24B0,SANTA EULALIA,LIMA,HUAROCHIRI,ecmwf,pp,20260828,20260926,"00Z,12Z",D1,6h,0.003,0.011,S/D,152,S/D,S/D,S/D,0,S/D,S/D,S/D,0,S/D,S/D,S/D,0,S/D,S/D,S/D,0
472E24B0,SANTA EULALIA,LIMA,HUAROCHIRI,gfs,pp,20260828,20260926,"00Z,12Z",D1,6h,0.001,0.007,S/D,152,S/D,S/D,S/D,0,S/D,S/D,S/D,0,S/D,S/D,S/D,0,S/D,S/D,S/D,0
472E24B0,SANTA EULALIA,LIMA,HUAROCHIRI,eta5,pp,20260828,20260926,"00Z,12Z",D1,6h,0.0,0.002,S/D,127,S/D,S/D,S/D,0,S/D,S/D,S/D,0,S/D,S/D,S/D,0,S/D,S/D,S/D,0
472E24B0,SANTA EULALIA,LIMA,HUAROCHIRI,wrf5,pp,20260828,20260926,"00Z,12Z",D1,6h,0.0,0.001,S/D,149,S/D,S/D,S/D,0,S/D,S/D,S/D,0,S/D,S/D,S/D,0,S/D,S/D,S/D,0
472E24B0,SANTA EULALIA,LIMA,HUAROCHIRI,mpas15,pp,20260828,20260926,00Z,D1,6h,0.033,0.236,S/D,76,S/D,1.0,0.0,0,S/D,1.0,0.0,0,S/D,S/D,S/D,0,S/D,S/D,S/D,0
472CA750,SANTIAGO DE TUNA,LIMA,HUAROCHIRI,ecmwf,pp,20260828,20260926,"00Z,12Z",D1,6h,0.179,0.524,S/D,230,S/D,1.0,0.0,0,S/D,1.0,0.0,0,S/D,S/D,S/D,0,S/D,S/D,S/D,0
472CA750,SANTIAGO DE TUNA,LIMA,HUAROCHIRI,gfs,pp,20260828,20260926,"00Z,12Z",D1,6h,0.101,0.234,S/D,230,S/D,1.0,0.0,0,S/D,1.0,0.0,0,S/D,S/D,S/D,0,S/D,S/D,S/D,0
472CA750,SANTIAGO DE TUNA,LIMA,HUAROCHIRI,eta5,pp,20260828,20260926,"00Z,12Z",D1,6h,0.003,0.032,S/D,193,S/D,1.0,0.0,0,S/D,S/D,S/D,0,S/D,S/D,S/D,0,S/D,S/D,S/D,0
472CA750,SANTIAGO DE TUNA,LIMA,HUAROCHIRI,wrf5,pp,20260828,20260926,"00Z,12Z",D1,6h,0.007,0.064,S/D,227,S/D,1.0,0.0,0,S/D,S/D,S/D,0,S/D,S/D,S/D,0,S/D,S/D,S/D,0
472CA750,SANTIAGO DE TUNA,LIMA,HUAROCHIRI,mpas15,pp,20260828,20260926,00Z,D1,6h,0.113,0.401,S/D,115,S/D,1.0,0.0,0,S/D,1.0,0.0,0,S/D,S/D,S/D,0,S/D,S/D,S/D,0
4724966C,SAYAN,LIMA,HUAURA,ecmwf,pp,20260828,20260926,"00Z,12Z",D1,6h,0.008,0.031,S/D,222,S/D,1.0,0.0,0,S/D,S/D,S/D,0,S/D,S/D,S/D,0,S/D,S/D,S/D,0
4724966C,SAYAN,LIMA,HUAURA,gfs,pp,20260828,20260926,"00Z,12Z",D1,6h,0.003,0.015,S/D,222,S/D,S/D,S/D,0,S/D,S/D,S/D,0,S/D,S/D,S/D,0,S/D,S/D,S/D,0
4724966C,SAYAN,LIMA,HUAURA,eta5,pp,20260828,20260926,"00Z,12Z",D1,6h,0.0,0.0,S/D,188,S/D,S/D,S/D,0,S/D,S/D,S/D,0,S/D,S/D,S/D,0,S/D,S/D,S/D,0
4724966C,SAYAN,LIMA,HUAURA,wrf5,pp,20260828,20260926,"00Z,12Z",D1,6h,0.0,0.001,S/D,218,S/D,S/D,S/D,0,S/D,S/D,S/D,0,S/D,S/D,S/D,0,S/D,S/D,S/D,0
4724966C,SAYAN,LIMA,HUAURA,mpas15,pp,20260828,20260926,00Z,D1,6h,0.0,0.0,S/D,111,S/D,S/D,S/D,0,S/D,S/D,S/D,0,S/D,S/D,S/D,0,S/D,S/D,S/D,0
212500,AGUA AZUL BOCATOMA,LIMA,LIMA,ecmwf,pp,20260828,20260926,"00Z,12Z",D1,6h,S/D,S/D,S/D,0,S/D,S/D,S/D,0,S/D,S/D,S/D,0,S/D,S/D,S/D,0,S/D,S/D,S/D,0
212500,AGUA AZUL BOCATOMA,LIMA,LIMA,gfs,pp,20260828,20260926,"00Z,12Z",D1,6h,S/D,S/D,S/D,0,S/D,S/D,S/D,0,S/D,S/D,S/D,0,S/D,S/D,S/D,0,S/D,S/D,S/D,0
212500,AGUA AZUL BOCATOMA,LIMA,LIMA,eta5,pp,20260828,20260926,"00Z,12Z",D1,6h,S/D,S/D,S/D,0,S/D,S/D,S/D,0,S/D,S/D,S/D,0,S/D,S/D,S/D,0,S/D,S/D,S/D,0
212500,AGUA AZUL BOCATOMA,LIMA,LIMA,wrf5,pp,20260828,20260926,"00Z,12Z",D1,6h,S/D,S/D,S/D,0,S/D,S/D,S/D,0,S/D,S/D,S/D,0,S/D,S/D,S/D,0,S/D,S/D,S/D,0
212500,AGUA AZUL BOCATOMA,LIMA,LIMA,mpas15,pp,20260828,20260926,00Z,D1,6h,S/D,S/D,S/D,0,S/D,S/D,S/D,0,S/D,S/D,S/D,0,S/D,S/D,S/D,0,S/D,S/D,S/D,0
472A218A,ANTONIO RAYMONDI,LIMA,LIMA,ecmwf,pp,20260828,20260926,"00Z,12Z",D1,6h,0.008,0.019,S/D,232,S/D,S/D,S/D,0,S/D,S/D,S/D,0,S/D,S/D,S/D,0,S/D,S/D,S/D,0
472A218A,ANTONIO RAYMONDI,LIMA,LIMA,gfs,pp,20260828,20260926,"00Z,12Z",D1,6h,0.037,0.065,S/D,232,S/D,1.0,0.0,0,S/D,S/D,S/D,0,S/D,S/D,S/D,0,S/D,S/D,S/D,0
472A218A,ANTONIO RAYMONDI,LIMA,LIMA,eta5,pp,20260828,20260926,"00Z,12Z",D1,6h,0.043,0.09,S/D,195,S/D,1.0,0.0,0,S/D,S/D,S/D,0,S/D,S/D,S/D,0,S/D,S/D,S/D,0
472A218A,ANTONIO RAYMONDI,LIMA,LIMA,wrf5,pp,20260828,20260926,"00Z,12Z",D1,6h,0.005,0.023,S/D,228,S/D,1.0,0.0,0,S/D,S/D,S/D,0,S/D,S/D,S/D,0,S/D,S/D,S/D,0
472A218A,ANTONIO RAYMONDI,LIMA,LIMA,mpas15,pp,20260828,20260926,00Z,D1,6h,0.009,0.066,S/D,116,S/D,1.0,0.0,0,S/D,S/D,S/D,0,S/D,S/D,S/D,0,S/D,S/D,S/D,0
112181,CAMPO DE MARTE,LIMA,LIMA,ecmwf,pp,20260828,20260926,"00Z,12Z",D1,6h,0.029,0.109,0.233,210,0.5,0.864,0.12,6,S/D,1.0,0.0,0,S/D,S/D,S/D,0,S/D,S/D,S/D,0
112181,CAMPO DE MARTE,LIMA,LIMA,gfs,pp,20260828,20260926,"00Z,12Z",D1,6h,0.003,0.053,0.005,210,0.0,1.0,0.0,6,S/D,S/D,S/D,0,S/D,S/D,S/D,0,S/D,S/D,S/D,0
112181,CAMPO DE MARTE,LIMA,LIMA,eta5,pp,20260828,20260926,"00Z,12Z",D1,6h,0.024,0.08,0.095,177,0.333,0.913,0.074,6,S/D,S/D,S/D,0,S/D,S/D,S/D,0,S/D,S/D,S/D,0
112181,CAMPO DE MARTE,LIMA,LIMA,wrf5,pp,20260828,20260926,"00Z,12Z",D1,6h,-0.001,0.053,-0.072,208,0.0,1.0,0.0,6,S/D,S/D,S/D,0,S/D,S/D,S/D,0,S/D,S/D,S/D,0
112181,CAMPO DE MARTE,LIMA,LIMA,mpas15,pp,20260828,20260926,00Z,D1,6h,0.002,0.077,0.105,105,0.0,1.0,0.0,3,S/D,S/D,S/D,0,S/D,S/D,S/D,0,S/D,S/D,S/D,0
111286,CARABAYLLO,LIMA,LIMA,ecmwf,pp,20260828,20260926,"00Z,12Z",D1,6h,S/D,S/D,S/D,0,S/D,S/D,S/D,0,S/D,S/D,S/D,0,S/D,S/D,S/D,0,S/D,S/D,S/D,0
111286,CARABAYLLO,LIMA,LIMA,gfs,pp,20260828,20260926,"00Z,12Z",D1,6h,S/D,S/D,S/D,0,S/D,S/D,S/D,0,S/D,S/D,S/D,0,S/D,S/D,S/D,0,S/D,S/D,S/D,0
111286,CARABAYLLO,LIMA,LIMA,eta5,pp,20260828,20260926,"00Z,12Z",D1,6h,S/D,S/D,S/D,0,S/D,S/D,S/D,0,S/D,S/D,S/D,0,S/D,S/D,S/D,0,S/D,S/D,S/D,0
111286,CARABAYLLO,LIMA,LIMA,wrf5,pp,20260828,20260926,"00Z,12Z",D1,6h,S/D,S/D,S/D,0,S/D,S/D,S/D,0,S/D,S/D,S/D,0,S/D,S/D,S/D,0,S/D,S/D,S/D,0
111286,CARABAYLLO,LIMA,LIMA,mpas15,pp,20260828,20260926,00Z,D1,6h,S/D,S/D,S/D,0,S/D,S/D,S/D,0,S/D,S/D,S/D,0,S/D,S/D,S/D,0,S/D,S/D,S/D,0
112278,CERES,LIMA,LIMA,ecmwf,pp,20260828,20260926,"00Z,12Z",D1,6h,S/D,S/D,S/D,0,S/D,S/D,S/D,0,S/D,S/D,S/D,0,S/D,S/D,S/D,0,S/D,S/D,S/D,0
112278,CERES,LIMA,LIMA,gfs,pp,20260828,20260926,"00Z,12Z",D1,6h,S/D,S/D,S/D,0,S/D,S/D,S/D,0,S/D,S/D,S/D,0,S/D,S/D,S/D,0,S/D,S/D,S/D,0
112278,CERES,LIMA,LIMA,eta5,pp,20260828,20260926,"00Z,12Z",D1,6h,S/D,S/D,S/D,0,S/D,S/D,S/D,0,S/D,S/D,S/D,0,S/D,S/D,S/D,0,S/D,S/D,S/D,0
112278,CERES,LIMA,LIMA,wrf5,pp,20260828,20260926,"00Z,12Z",D1,6h,S/D,S/D,S/D,0,S/D,S/D,S/D,0,S/D,S/D,S/D,0,S/D,S/D,S/D,0,S/D,S/D,S/D,0
112278,CERES,LIMA,LIMA,mpas15,pp,20260828,20260926,00Z,D1,6h,S/D,S/D,S/D,0,S/D,S/D,S/D,0,S/D,S/D,S/D,0,S/D,S/D,S/D,0,S/D,S/D,S/D,0
47278214,CHOSICA,LIMA,LIMA,ecmwf,pp,20260828,20260926,"00Z,12Z",D1,6h,S/D,S/D,S/D,0,S/D,S/D,S/D,0,S/D,S/D,S/D,0,S/D,S/D,S/D,0,S/D,S/D,S/D,0
47278214,CHOSICA,LIMA,LIMA,gfs,pp,20260828,20260926,"00Z,12Z",D1,6h,S/D,S/D,S/D,0,S/D,S/D,S/D,0,S/D,S/D,S/D,0,S/D,S/D,S/D,0,S/D,S/D,S/D,0
47278214,CHOSICA,LIMA,LIMA,eta5,pp,20260828,20260926,"00Z,12Z",D1,6h,S/D,S/D,S/D,0,S/D,S/D,S/D,0,S/D,S/D,S/D,0,S/D,S/D,S/D,0,S/D,S/D,S/D,0
47278214,CHOSICA,LIMA,LIMA,wrf5,pp,20260828,20260926,"00Z,12Z",D1,6h,S/D,S/D,S/D,0,S/D,S/D,S/D,0,S/D,S/D,S/D,0,S/D,S/D,S/D,0,S/D,S/D,S/D,0
47278214,CHOSICA,LIMA,LIMA,mpas15,pp,20260828,20260926,00Z,D1,6h,S/D,S/D,S/D,0,S/D,S/D,S/D,0,S/D,S/D,S/D,0,S/D,S/D,S/D,0,S/D,S/D,S/D,0
112281,LAS PALMAS,LIMA,LIMA,ecmwf,pp,20260828,20260926,"00Z,12Z",D1,6h,0.111,0.196,0.123,240,0.458,0.874,0.11,24,S/D,S/D,S/D,0,S/D,S/D,S/D,0,S/D,S/D,S/D,0
112281,LAS PALMAS,LIMA,LIMA,gfs,pp,20260828,20260926,"00Z,12Z",D1,6h,0.054,0.107,-0.049,240,0.125,0.95,0.037,24,S/D,S/D,S/D,0,S/D,S/D,S/D,0,S/D,S/D,S/D,0
112281,LAS PALMAS,LIMA,LIMA,eta5,pp,20260828,20260926,"00Z,12Z",D1,6h,0.064,0.167,0.004,202,0.15,0.935,0.048,20,S/D,S/D,S/D,0,S/D,S/D,S/D,0,S/D,S/D,S/D,0
112281,LAS PALMAS,LIMA,LIMA,wrf5,pp,20260828,20260926,"00Z,12Z",D1,6h,-0.001,0.053,-0.057,236,0.045,0.857,0.036,22,S/D,S/D,S/D,0,S/D,S/D,S/D,0,S/D,S/D,S/D,0
112281,LAS PALMAS,LIMA,LIMA,mpas15,pp,20260828,20260926,00Z,D1,6h,-0.002,0.092,-0.165,120,0.0,1.0,0.0,12,S/D,S/D,S/D,0,S/D,S/D,S/D,0,S/D,S/D,S/D,0
112193,SAN BORJA,LIMA,LIMA,ecmwf,pp,20260828,20260926,"00Z,12Z",D1,6h,0.039,0.109,S/D,204,S/D,1.0,0.0,0,S/D,1.0,0.0,0,S/D,S/D,S/D,0,S/D,S/D,S/D,0
112193,SAN BORJA,LIMA,LIMA,gfs,pp,20260828,20260926,"00Z,12Z",D1,6h,0.011,0.027,S/D,204,S/D,1.0,0.0,0,S/D,S/D,S/D,0,S/D,S/D,S/D,0,S/D,S/D,S/D,0
112193,SAN BORJA,LIMA,LIMA,eta5,pp,20260828,20260926,"00Z,12Z",D1,6h,0.025,0.049,S/D,172,S/D,1.0,0.0,0,S/D,S/D,S/D,0,S/D,S/D,S/D,0,S/D,S/D,S/D,0
112193,SAN BORJA,LIMA,LIMA,wrf5,pp,20260828,20260926,"00Z,12Z",D1,6h,0.01,0.032,S/D,203,S/D,1.0,0.0,0,S/D,S/D,S/D,0,S/D,S/D,S/D,0,S/D,S/D,S/D,0
112193,SAN BORJA,LIMA,LIMA,mpas15,pp,20260828,20260926,00Z,D1,6h,0.015,0.078,S/D,102,S/D,1.0,0.0,0,S/D,S/D,S/D,0,S/D,S/D,S/D,0,S/D,S/D,S/D,0
112267,SAN JUAN DE LURIGANCHO,LIMA,LIMA,ecmwf,pp,20260828,20260926,"00Z,12Z",D1,6h,0.037,0.121,0.163,208,0.5,0.913,0.08,4,S/D,1.0,0.0,0,S/D,S/D,S/D,0,S/D,S/D,S/D,0
112267,SAN JUAN DE LURIGANCHO,LIMA,LIMA,gfs,pp,20260828,20260926,"00Z,12Z",D1,6h,0.007,0.038,0.246,208,0.5,0.333,0.4,4,S/D,S/D,S/D,0,S/D,S/D,S/D,0,S/D,S/D,S/D,0
112267,SAN JUAN DE LURIGANCHO,LIMA,LIMA,eta5,pp,20260828,20260926,"00Z,12Z",D1,6h,0.001,0.035,0.242,178,0.0,1.0,0.0,3,S/D,S/D,S/D,0,S/D,S/D,S/D,0,S/D,S/D,S/D,0
112267,SAN JUAN DE LURIGANCHO,LIMA,LIMA,wrf5,pp,20260828,20260926,"00Z,12Z",D1,6h,-0.001,0.033,0.084,204,0.25,0.5,0.2,4,S/D,S/D,S/D,0,S/D,S/D,S/D,0,S/D,S/D,S/D,0
112267,SAN JUAN DE LURIGANCHO,LIMA,LIMA,mpas15,pp,20260828,20260926,00Z,D1,6h,0.01,0.062,0.234,104,0.5,0.75,0.2,2,S/D,S/D,S/D,0,S/D,S/D,S/D,0,S/D,S/D,S/D,0
112265,SAN MARTIN DE PORRES,LIMA,LIMA,ecmwf,pp,20260828,20260926,"00Z,12Z",D1,6h,0.041,0.117,S/D,200,S/D,1.0,0.0,0,S/D,1.0,0.0,0,S/D,S/D,S/D,0,S/D,S/D,S/D,0
112265,SAN MARTIN DE PORRES,LIMA,LIMA,gfs,pp,20260828,20260926,"00Z,12Z",D1,6h,0.011,0.028,S/D,200,S/D,1.0,0.0,0,S/D,S/D,S/D,0,S/D,S/D,S/D,0,S/D,S/D,S/D,0
112265,SAN MARTIN DE PORRES,LIMA,LIMA,eta5,pp,20260828,20260926,"00Z,12Z",D1,6h,0.098,0.182,S/D,168,S/D,1.0,0.0,0,S/D,S/D,S/D,0,S/D,S/D,S/D,0,S/D,S/D,S/D,0
112265,SAN MARTIN DE PORRES,LIMA,LIMA,wrf5,pp,20260828,20260926,"00Z,12Z",D1,6h,0.004,0.013,S/D,197,S/D,S/D,S/D,0,S/D,S/D,S/D,0,S/D,S/D,S/D,0,S/D,S/D,S/D,0
112265,SAN MARTIN DE PORRES,LIMA,LIMA,mpas15,pp,20260828,20260926,00Z,D1,6h,0.015,0.079,S/D,100,S/D,1.0,0.0,0,S/D,S/D,S/D,0,S/D,S/D,S/D,0,S/D,S/D,S/D,0
112208,SANTA ANITA,LIMA,LIMA,ecmwf,pp,20260828,20260926,"00Z,12Z",D1,6h,S/D,S/D,S/D,0,S/D,S/D,S/D,0,S/D,S/D,S/D,0,S/D,S/D,S/D,0,S/D,S/D,S/D,0
112208,SANTA ANITA,LIMA,LIMA,gfs,pp,20260828,20260926,"00Z,12Z",D1,6h,S/D,S/D,S/D,0,S/D,S/D,S/D,0,S/D,S/D,S/D,0,S/D,S/D,S/D,0,S/D,S/D,S/D,0
112208,SANTA ANITA,LIMA,LIMA,eta5,pp,20260828,20260926,"00Z,12Z",D1,6h,S/D,S/D,S/D,0,S/D,S/D,S/D,0,S/D,S/D,S/D,0,S/D,S/D,S/D,0,S/D,S/D,S/D,0
112208,SANTA ANITA,LIMA,LIMA,wrf5,pp,20260828,20260926,"00Z,12Z",D1,6h,S/D,S/D,S/D,0,S/D,S/D,S/D,0,S/D,S/D,S/D,0,S/D,S/D,S/D,0,S/D,S/D,S/D,0
112208,SANTA ANITA,LIMA,LIMA,mpas15,pp,20260828,20260926,00Z,D1,6h,S/D,S/D,S/D,0,S/D,S/D,S/D,0,S/D,S/D,S/D,0,S/D,S/D,S/D,0,S/D,S/D,S/D,0
472AC278,VON HUMBOLDT,LIMA,LIMA,ecmwf,pp,20260828,20260926,"00Z,12Z",D1,6h,0.039,0.114,0.077,220,0.0,1.0,0.0,2,S/D,1.0,0.0,0,S/D,S/D,S/D,0,S/D,S/D,S/D,0
472AC278,VON HUMBOLDT,LIMA,LIMA,gfs,pp,20260828,20260926,"00Z,12Z",D1,6h,0.009,0.027,0.255,220,1.0,0.333,0.667,2,S/D,S/D,S/D,0,S/D,S/D,S/D,0,S/D,S/D,S/D,0
472AC278,VON HUMBOLDT,LIMA,LIMA,eta5,pp,20260828,20260926,"00Z,12Z",D1,6h,0.004,0.026,-0.03,186,0.0,1.0,0.0,1,S/D,S/D,S/D,0,S/D,S/D,S/D,0,S/D,S/D,S/D,0
472AC278,VON HUMBOLDT,LIMA,LIMA,wrf5,pp,20260828,20260926,"00Z,12Z",D1,6h,-0.001,0.017,0.138,216,0.0,S/D,0.0,2,S/D,S/D,S/D,0,S/D,S/D,S/D,0,S/D,S/D,S/D,0
472AC278,VON HUMBOLDT,LIMA,LIMA,mpas15,pp,20260828,20260926,00Z,D1,6h,0.032,0.169,0.19,110,1.0,0.8,0.2,1,S/D,1.0,0.0,0,S/D,S/D,S/D,0,S/D,S/D,S/D,0
111290,ÑAÑA,LIMA,LIMA,ecmwf,pp,20260828,20260926,"00Z,12Z",D1,6h,0.004,0.036,0.333,234,0.4,0.5,0.286,10,S/D,S/D,S/D,0,S/D,S/D,S/D,0,S/D,S/D,S/D,0
111290,ÑAÑA,LIMA,LIMA,gfs,pp,20260828,20260926,"00Z,12Z",D1,6h,-0.005,0.034,-0.024,234,0.0,S/D,0.0,10,S/D,S/D,S/D,0,S/D,S/D,S/D,0,S/D,S/D,S/D,0
111290,ÑAÑA,LIMA,LIMA,eta5,pp,20260828,20260926,"00Z,12Z",D1,6h,-0.007,0.036,S/D,197,0.0,S/D,0.0,9,S/D,S/D,S/D,0,S/D,S/D,S/D,0,S/D,S/D,S/D,0
111290,ÑAÑA,LIMA,LIMA,wrf5,pp,20260828,20260926,"00Z,12Z",D1,6h,-0.006,0.033,0.113,231,0.0,S/D,0.0,10,S/D,S/D,S/D,0,S/D,S/D,S/D,0,S/D,S/D,S/D,0
111290,ÑAÑA,LIMA,LIMA,mpas15,pp,20260828,20260926,00Z,D1,6h,0.02,0.142,0.081,117,0.4,0.6,0.25,5,S/D,1.0,0.0,0,S/D,S/D,S/D,0,S/D,S/D,S/D,0
110139,PICOY,LIMA,OYON,ecmwf,pp,20260828,20260926,"00Z,12Z",D1,6h,0.616,1.262,0.01,232,0.625,0.958,0.041,8,0.5,0.978,0.022,2,S/D,1.0,0.0,0,S/D,S/D,S/D,0
110139,PICOY,LIMA,OYON,gfs,pp,20260828,20260926,"00Z,12Z",D1,6h,0.661,2.015,0.009,232,0.5,0.963,0.035,8,1.0,0.952,0.048,2,S/D,1.0,0.0,0,S/D,S/D,S/D,0
110139,PICOY,LIMA,OYON,eta5,pp,20260828,20260926,"00Z,12Z",D1,6h,1.401,2.746,0.06,195,0.571,0.955,0.044,7,1.0,0.968,0.032,2,S/D,1.0,0.0,0,S/D,S/D,S/D,0
110139,PICOY,LIMA,OYON,wrf5,pp,20260828,20260926,"00Z,12Z",D1,6h,0.133,0.557,-0.068,229,0.125,0.972,0.023,8,0.0,1.0,0.0,2,S/D,S/D,S/D,0,S/D,S/D,S/D,0
110139,PICOY,LIMA,OYON,mpas15,pp,20260828,20260926,00Z,D1,6h,0.765,1.893,-0.07,116,0.25,0.973,0.025,4,1.0,0.967,0.033,1,S/D,1.0,0.0,0,S/D,S/D,S/D,0
472364DC,CARANIA,LIMA,YAUYOS,ecmwf,pp,20260828,20260926,"00Z,12Z",D1,6h,0.411,1.103,0.322,212,0.929,0.852,0.146,14,0.625,0.848,0.139,8,S/D,1.0,0.0,0,S/D,S/D,S/D,0
472364DC,CARANIA,LIMA,YAUYOS,gfs,pp,20260828,20260926,"00Z,12Z",D1,6h,0.568,1.399,0.339,212,1.0,0.884,0.116,14,0.625,0.875,0.116,8,S/D,1.0,0.0,0,S/D,S/D,S/D,0
472364DC,CARANIA,LIMA,YAUYOS,eta5,pp,20260828,20260926,"00Z,12Z",D1,6h,0.412,1.563,0.289,180,0.769,0.787,0.2,13,0.375,0.897,0.088,8,S/D,1.0,0.0,0,S/D,S/D,S/D,0
472364DC,CARANIA,LIMA,YAUYOS,wrf5,pp,20260828,20260926,"00Z,12Z",D1,6h,0.199,1.224,0.25,208,0.615,0.81,0.17,13,0.286,0.875,0.095,7,S/D,1.0,0.0,0,S/D,S/D,S/D,0
472364DC,CARANIA,LIMA,YAUYOS,mpas15,pp,20260828,20260926,00Z,D1,6h,0.711,1.922,0.343,106,0.857,0.824,0.171,7,0.75,0.875,0.12,4,S/D,1.0,0.0,0,S/D,S/D,S/D,0
104112,SAN REGIS,LORETO,LORETO,ecmwf,pp,20260828,20260926,"00Z,12Z",D1,6h,-0.176,5.348,0.337,120,0.917,0.8,0.196,12,0.5,0.792,0.172,10,0.25,0.714,0.154,8,0.0,S/D,0.0,2
104112,SAN REGIS,LORETO,LORETO,gfs,pp,20260828,20260926,"00Z,12Z",D1,6h,-0.674,5.272,0.081,120,0.417,0.878,0.104,12,0.2,0.867,0.087,10,0.0,1.0,0.0,8,0.0,S/D,0.0,2
104112,SAN REGIS,LORETO,LORETO,eta5,pp,20260828,20260926,"00Z,12Z",D1,6h,0.374,6.476,0.071,106,0.545,0.846,0.136,11,0.444,0.862,0.118,9,0.0,1.0,0.0,7,0.0,S/D,0.0,2
104112,SAN REGIS,LORETO,LORETO,wrf5,pp,20260828,20260926,"00Z,12Z",D1,6h,-0.718,5.47,0.068,119,0.182,0.895,0.071,11,0.111,0.875,0.062,9,0.0,1.0,0.0,8,0.0,S/D,0.0,2
104112,SAN REGIS,LORETO,LORETO,mpas15,pp,20260828,20260926,00Z,D1,6h,0.127,4.969,0.404,60,1.0,0.786,0.214,6,0.8,0.765,0.222,5,0.5,0.5,0.333,4,0.0,S/D,0.0,1
4727547C,CABALLOCOCHA,LORETO,MARISCAL RAMON CASTILLA,ecmwf,pp,20260828,20260926,"00Z,12Z",D1,6h,S/D,S/D,S/D,0,S/D,S/D,S/D,0,S/D,S/D,S/D,0,S/D,S/D,S/D,0,S/D,S/D,S/D,0
4727547C,CABALLOCOCHA,LORETO,MARISCAL RAMON CASTILLA,gfs,pp,20260828,20260926,"00Z,12Z",D1,6h,S/D,S/D,S/D,0,S/D,S/D,S/D,0,S/D,S/D,S/D,0,S/D,S/D,S/D,0,S/D,S/D,S/D,0
4727547C,CABALLOCOCHA,LORETO,MARISCAL RAMON CASTILLA,eta5,pp,20260828,20260926,"00Z,12Z",D1,6h,S/D,S/D,S/D,0,S/D,S/D,S/D,0,S/D,S/D,S/D,0,S/D,S/D,S/D,0,S/D,S/D,S/D,0
4727547C,CABALLOCOCHA,LORETO,MARISCAL RAMON CASTILLA,wrf5,pp,20260828,20260926,"00Z,12Z",D1,6h,S/D,S/D,S/D,0,S/D,S/D,S/D,0,S/D,S/D,S/D,0,S/D,S/D,S/D,0,S/D,S/D,S/D,0
4727547C,CABALLOCOCHA,LORETO,MARISCAL RAMON CASTILLA,mpas15,pp,20260828,20260926,00Z,D1,6h,S/D,S/D,S/D,0,S/D,S/D,S/D,0,S/D,S/D,S/D,0,S/D,S/D,S/D,0,S/D,S/D,S/D,0
47288486,PEBAS,LORETO,MARISCAL RAMON CASTILLA,ecmwf,pp,20260828,20260926,"00Z,12Z",D1,6h,S/D,S/D,S/D,0,S/D,S/D,S/D,0,S/D,S/D,S/D,0,S/D,S/D,S/D,0,S/D,S/D,S/D,0
47288486,PEBAS,LORETO,MARISCAL RAMON CASTILLA,gfs,pp,20260828,20260926,"00Z,12Z",D1,6h,S/D,S/D,S/D,0,S/D,S/D,S/D,0,S/D,S/D,S/D,0,S/D,S/D,S/D,0,S/D,S/D,S/D,0
47288486,PEBAS,LORETO,MARISCAL RAMON CASTILLA,eta5,pp,20260828,20260926,"00Z,12Z",D1,6h,S/D,S/D,S/D,0,S/D,S/D,S/D,0,S/D,S/D,S/D,0,S/D,S/D,S/D,0,S/D,S/D,S/D,0
47288486,PEBAS,LORETO,MARISCAL RAMON CASTILLA,wrf5,pp,20260828,20260926,"00Z,12Z",D1,6h,S/D,S/D,S/D,0,S/D,S/D,S/D,0,S/D,S/D,S/D,0,S/D,S/D,S/D,0,S/D,S/D,S/D,0
47288486,PEBAS,LORETO,MARISCAL RAMON CASTILLA,mpas15,pp,20260828,20260926,00Z,D1,6h,S/D,S/D,S/D,0,S/D,S/D,S/D,0,S/D,S/D,S/D,0,S/D,S/D,S/D,0,S/D,S/D,S/D,0
103065,AMAZONAS,LORETO,MAYNAS,ecmwf,pp,20260828,20260926,"00Z,12Z",D1,6h,S/D,S/D,S/D,0,S/D,S/D,S/D,0,S/D,S/D,S/D,0,S/D,S/D,S/D,0,S/D,S/D,S/D,0
103065,AMAZONAS,LORETO,MAYNAS,gfs,pp,20260828,20260926,"00Z,12Z",D1,6h,S/D,S/D,S/D,0,S/D,S/D,S/D,0,S/D,S/D,S/D,0,S/D,S/D,S/D,0,S/D,S/D,S/D,0
103065,AMAZONAS,LORETO,MAYNAS,eta5,pp,20260828,20260926,"00Z,12Z",D1,6h,S/D,S/D,S/D,0,S/D,S/D,S/D,0,S/D,S/D,S/D,0,S/D,S/D,S/D,0,S/D,S/D,S/D,0
103065,AMAZONAS,LORETO,MAYNAS,wrf5,pp,20260828,20260926,"00Z,12Z",D1,6h,S/D,S/D,S/D,0,S/D,S/D,S/D,0,S/D,S/D,S/D,0,S/D,S/D,S/D,0,S/D,S/D,S/D,0
103065,AMAZONAS,LORETO,MAYNAS,mpas15,pp,20260828,20260926,00Z,D1,6h,S/D,S/D,S/D,0,S/D,S/D,S/D,0,S/D,S/D,S/D,0,S/D,S/D,S/D,0,S/D,S/D,S/D,0
47252718,ENAPU PERU,LORETO,MAYNAS,ecmwf,pp,20260828,20260926,"00Z,12Z",D1,6h,0.58,3.366,0.111,218,0.633,0.852,0.137,30,0.455,0.851,0.127,22,0.0,1.0,0.0,10,S/D,S/D,S/D,0
47252718,ENAPU PERU,LORETO,MAYNAS,gfs,pp,20260828,20260926,"00Z,12Z",D1,6h,0.304,3.891,0.192,218,0.6,0.804,0.173,30,0.318,0.837,0.121,22,0.2,0.833,0.1,10,S/D,1.0,0.0,0
47252718,ENAPU PERU,LORETO,MAYNAS,eta5,pp,20260828,20260926,"00Z,12Z",D1,6h,1.202,4.914,0.158,185,0.625,0.797,0.181,24,0.389,0.875,0.104,18,0.125,0.962,0.03,8,S/D,1.0,0.0,0
47252718,ENAPU PERU,LORETO,MAYNAS,wrf5,pp,20260828,20260926,"00Z,12Z",D1,6h,0.913,7.131,0.151,214,0.5,0.75,0.2,30,0.182,0.875,0.08,22,0.1,0.923,0.045,10,S/D,1.0,0.0,0
47252718,ENAPU PERU,LORETO,MAYNAS,mpas15,pp,20260828,20260926,00Z,D1,6h,0.732,3.705,-0.139,109,0.333,0.904,0.081,15,0.273,0.923,0.064,11,0.0,1.0,0.0,5,S/D,S/D,S/D,0
47287402,CONTAMANA,LORETO,UCAYALI,ecmwf,pp,20260828,20260926,"00Z,12Z",D1,6h,S/D,S/D,S/D,0,S/D,S/D,S/D,0,S/D,S/D,S/D,0,S/D,S/D,S/D,0,S/D,S/D,S/D,0
47287402,CONTAMANA,LORETO,UCAYALI,gfs,pp,20260828,20260926,"00Z,12Z",D1,6h,S/D,S/D,S/D,0,S/D,S/D,S/D,0,S/D,S/D,S/D,0,S/D,S/D,S/D,0,S/D,S/D,S/D,0
47287402,CONTAMANA,LORETO,UCAYALI,eta5,pp,20260828,20260926,"00Z,12Z",D1,6h,S/D,S/D,S/D,0,S/D,S/D,S/D,0,S/D,S/D,S/D,0,S/D,S/D,S/D,0,S/D,S/D,S/D,0
47287402,CONTAMANA,LORETO,UCAYALI,wrf5,pp,20260828,20260926,"00Z,12Z",D1,6h,S/D,S/D,S/D,0,S/D,S/D,S/D,0,S/D,S/D,S/D,0,S/D,S/D,S/D,0,S/D,S/D,S/D,0
47287402,CONTAMANA,LORETO,UCAYALI,mpas15,pp,20260828,20260926,00Z,D1,6h,S/D,S/D,S/D,0,S/D,S/D,S/D,0,S/D,S/D,S/D,0,S/D,S/D,S/D,0,S/D,S/D,S/D,0
47E8201A,SALVACION,MADRE DE DIOS,MANU,ecmwf,pp,20260828,20260926,"00Z,12Z",D1,6h,-0.637,6.972,0.406,228,0.8,0.597,0.366,60,0.523,0.531,0.329,44,0.35,0.5,0.259,20,0.167,0.667,0.125,6
47E8201A,SALVACION,MADRE DE DIOS,MANU,gfs,pp,20260828,20260926,"00Z,12Z",D1,6h,-0.878,6.706,0.412,228,0.717,0.547,0.384,60,0.364,0.644,0.219,44,0.2,0.714,0.133,20,0.0,S/D,0.0,6
47E8201A,SALVACION,MADRE DE DIOS,MANU,eta5,pp,20260828,20260926,"00Z,12Z",D1,6h,0.396,7.834,0.338,191,0.75,0.618,0.339,56,0.643,0.667,0.281,42,0.526,0.714,0.227,19,0.0,S/D,0.0,6
47E8201A,SALVACION,MADRE DE DIOS,MANU,wrf5,pp,20260828,20260926,"00Z,12Z",D1,6h,-0.824,8.848,0.279,225,0.414,0.529,0.282,58,0.333,0.517,0.246,42,0.2,0.6,0.154,20,0.0,1.0,0.0,6
47E8201A,SALVACION,MADRE DE DIOS,MANU,mpas15,pp,20260828,20260926,00Z,D1,6h,1.71,9.253,0.251,114,0.7,0.7,0.266,30,0.818,0.7,0.281,22,0.5,0.773,0.185,10,0.0,1.0,0.0,3
472587E0,IÑAPARI,MADRE DE DIOS,TAHUAMANU,ecmwf,pp,20260828,20260926,"00Z,12Z",D1,6h,-0.655,7.191,0.37,214,0.929,0.827,0.171,14,0.8,0.724,0.258,10,0.6,0.5,0.375,10,0.0,S/D,0.0,4
472587E0,IÑAPARI,MADRE DE DIOS,TAHUAMANU,gfs,pp,20260828,20260926,"00Z,12Z",D1,6h,-1.066,7.596,0.431,214,0.857,0.692,0.293,14,0.6,0.4,0.429,10,0.4,0.333,0.333,10,0.0,1.0,0.0,4
472587E0,IÑAPARI,MADRE DE DIOS,TAHUAMANU,eta5,pp,20260828,20260926,"00Z,12Z",D1,6h,-1.311,7.976,0.484,181,0.714,0.655,0.303,14,0.6,0.667,0.273,10,0.5,0.167,0.455,10,0.0,S/D,0.0,4
472587E0,IÑAPARI,MADRE DE DIOS,TAHUAMANU,wrf5,pp,20260828,20260926,"00Z,12Z",D1,6h,-1.383,8.097,0.404,210,0.429,0.538,0.286,14,0.2,0.6,0.154,10,0.0,1.0,0.0,10,0.0,S/D,0.0,4
472587E0,IÑAPARI,MADRE DE DIOS,TAHUAMANU,mpas15,pp,20260828,20260926,00Z,D1,6h,-0.178,5.421,0.425,107,1.0,0.774,0.226,7,1.0,0.828,0.172,5,0.8,0.429,0.5,5,0.0,S/D,0.0,2
260403,CACHUELA,MADRE DE DIOS,TAMBOPATA,ecmwf,pp,20260828,20260926,"00Z,12Z",D1,6h,0.226,3.623,0.287,234,0.9,0.901,0.098,10,0.625,0.844,0.143,8,0.5,0.889,0.1,2,0.0,S/D,0.0,2
260403,CACHUELA,MADRE DE DIOS,TAMBOPATA,gfs,pp,20260828,20260926,"00Z,12Z",D1,6h,-0.148,3.424,0.252,234,0.5,0.872,0.114,10,0.25,0.909,0.071,8,0.0,1.0,0.0,2,0.0,S/D,0.0,2
260403,CACHUELA,MADRE DE DIOS,TAMBOPATA,eta5,pp,20260828,20260926,"00Z,12Z",D1,6h,-0.001,4.126,0.169,197,0.4,0.857,0.118,10,0.25,0.882,0.087,8,0.0,1.0,0.0,2,0.0,S/D,0.0,2
260403,CACHUELA,MADRE DE DIOS,TAMBOPATA,wrf5,pp,20260828,20260926,"00Z,12Z",D1,6h,-0.218,4.169,0.05,231,0.0,1.0,0.0,10,0.0,1.0,0.0,8,0.0,1.0,0.0,2,0.0,1.0,0.0,2
260403,CACHUELA,MADRE DE DIOS,TAMBOPATA,mpas15,pp,20260828,20260926,00Z,D1,6h,0.781,4.289,0.305,117,1.0,0.868,0.132,5,0.75,0.909,0.088,4,0.0,1.0,0.0,1,0.0,S/D,0.0,1
47E8336C,MALINOWSKY,MADRE DE DIOS,TAMBOPATA,ecmwf,pp,20260828,20260926,"00Z,12Z",D1,6h,0.142,4.278,0.233,232,0.643,0.901,0.094,14,0.625,0.857,0.132,8,1.0,0.778,0.222,2,0.0,S/D,0.0,2
47E8336C,MALINOWSKY,MADRE DE DIOS,TAMBOPATA,gfs,pp,20260828,20260926,"00Z,12Z",D1,6h,-0.172,4.08,0.203,232,0.5,0.821,0.152,14,0.5,0.81,0.16,8,0.5,0.667,0.25,2,0.0,S/D,0.0,2
47E8336C,MALINOWSKY,MADRE DE DIOS,TAMBOPATA,eta5,pp,20260828,20260926,"00Z,12Z",D1,6h,0.223,5.482,0.222,195,0.5,0.8,0.167,14,0.75,0.727,0.25,8,0.5,0.9,0.091,2,0.0,1.0,0.0,2
47E8336C,MALINOWSKY,MADRE DE DIOS,TAMBOPATA,wrf5,pp,20260828,20260926,"00Z,12Z",D1,6h,-0.393,4.587,0.038,229,0.143,0.818,0.087,14,0.125,0.8,0.083,8,0.0,1.0,0.0,2,0.0,S/D,0.0,2
47E8336C,MALINOWSKY,MADRE DE DIOS,TAMBOPATA,mpas15,pp,20260828,20260926,00Z,D1,6h,1.198,4.633,0.2,116,0.714,0.881,0.114,7,0.75,0.914,0.083,4,1.0,0.947,0.053,1,0.0,S/D,0.0,1
260402,PUENTE HERRERA,MADRE DE DIOS,TAMBOPATA,ecmwf,pp,20260828,20260926,"00Z,12Z",D1,6h,0.625,2.041,S/D,234,S/D,1.0,0.0,0,S/D,1.0,0.0,0,S/D,1.0,0.0,0,S/D,S/D,S/D,0
260402,PUENTE HERRERA,MADRE DE DIOS,TAMBOPATA,gfs,pp,20260828,20260926,"00Z,12Z",D1,6h,0.251,0.809,S/D,234,S/D,1.0,0.0,0,S/D,1.0,0.0,0,S/D,1.0,0.0,0,S/D,S/D,S/D,0
260402,PUENTE HERRERA,MADRE DE DIOS,TAMBOPATA,eta5,pp,20260828,20260926,"00Z,12Z",D1,6h,0.472,1.833,S/D,197,S/D,1.0,0.0,0,S/D,1.0,0.0,0,S/D,1.0,0.0,0,S/D,S/D,S/D,0
260402,PUENTE HERRERA,MADRE DE DIOS,TAMBOPATA,wrf5,pp,20260828,20260926,"00Z,12Z",D1,6h,0.186,2.278,S/D,231,S/D,1.0,0.0,0,S/D,1.0,0.0,0,S/D,1.0,0.0,0,S/D,1.0,0.0,0
260402,PUENTE HERRERA,MADRE DE DIOS,TAMBOPATA,mpas15,pp,20260828,20260926,00Z,D1,6h,1.179,2.839,S/D,117,S/D,1.0,0.0,0,S/D,1.0,0.0,0,S/D,1.0,0.0,0,S/D,S/D,S/D,0
112279,PUERTO MALDONADO,MADRE DE DIOS,TAMBOPATA,ecmwf,pp,20260828,20260926,"00Z,12Z",D1,6h,0.435,2.108,0.316,236,0.778,0.846,0.147,18,0.667,0.875,0.118,6,0.25,0.889,0.083,4,S/D,S/D,S/D,0
112279,PUERTO MALDONADO,MADRE DE DIOS,TAMBOPATA,gfs,pp,20260828,20260926,"00Z,12Z",D1,6h,0.064,1.356,0.332,236,0.556,0.75,0.208,18,0.333,0.909,0.077,6,0.0,1.0,0.0,4,S/D,S/D,S/D,0
112279,PUERTO MALDONADO,MADRE DE DIOS,TAMBOPATA,eta5,pp,20260828,20260926,"00Z,12Z",D1,6h,0.248,2.169,0.159,199,0.278,0.821,0.122,18,0.333,0.882,0.095,6,0.0,1.0,0.0,4,S/D,S/D,S/D,0
112279,PUERTO MALDONADO,MADRE DE DIOS,TAMBOPATA,wrf5,pp,20260828,20260926,"00Z,12Z",D1,6h,0.052,3.368,0.107,232,0.111,0.818,0.074,18,0.0,1.0,0.0,6,0.0,1.0,0.0,4,S/D,1.0,0.0,0
112279,PUERTO MALDONADO,MADRE DE DIOS,TAMBOPATA,mpas15,pp,20260828,20260926,00Z,D1,6h,0.985,2.894,0.288,118,0.667,0.842,0.146,9,0.667,0.939,0.059,3,0.5,0.9,0.091,2,S/D,S/D,S/D,0
260002,TAMBOPATA,MADRE DE DIOS,TAMBOPATA,ecmwf,pp,20260828,20260926,"00Z,12Z",D1,6h,S/D,S/D,S/D,0,S/D,S/D,S/D,0,S/D,S/D,S/D,0,S/D,S/D,S/D,0,S/D,S/D,S/D,0
260002,TAMBOPATA,MADRE DE DIOS,TAMBOPATA,gfs,pp,20260828,20260926,"00Z,12Z",D1,6h,S/D,S/D,S/D,0,S/D,S/D,S/D,0,S/D,S/D,S/D,0,S/D,S/D,S/D,0,S/D,S/D,S/D,0
260002,TAMBOPATA,MADRE DE DIOS,TAMBOPATA,eta5,pp,20260828,20260926,"00Z,12Z",D1,6h,S/D,S/D,S/D,0,S/D,S/D,S/D,0,S/D,S/D,S/D,0,S/D,S/D,S/D,0,S/D,S/D,S/D,0
260002,TAMBOPATA,MADRE DE DIOS,TAMBOPATA,wrf5,pp,20260828,20260926,"00Z,12Z",D1,6h,S/D,S/D,S/D,0,S/D,S/D,S/D,0,S/D,S/D,S/D,0,S/D,S/D,S/D,0,S/D,S/D,S/D,0
260002,TAMBOPATA,MADRE DE DIOS,TAMBOPATA,mpas15,pp,20260828,20260926,00Z,D1,6h,S/D,S/D,S/D,0,S/D,S/D,S/D,0,S/D,S/D,S/D,0,S/D,S/D,S/D,0,S/D,S/D,S/D,0
4723F1BE,MOQUEGUA,MOQUEGUA,MARISCAL NIETO,ecmwf,pp,20260828,20260926,"00Z,12Z",D1,6h,0.006,0.028,S/D,232,S/D,1.0,0.0,0,S/D,S/D,S/D,0,S/D,S/D,S/D,0,S/D,S/D,S/D,0
4723F1BE,MOQUEGUA,MOQUEGUA,MARISCAL NIETO,gfs,pp,20260828,20260926,"00Z,12Z",D1,6h,0.001,0.006,S/D,232,S/D,S/D,S/D,0,S/D,S/D,S/D,0,S/D,S/D,S/D,0,S/D,S/D,S/D,0
4723F1BE,MOQUEGUA,MOQUEGUA,MARISCAL NIETO,eta5,pp,20260828,20260926,"00Z,12Z",D1,6h,0.0,0.0,S/D,195,S/D,S/D,S/D,0,S/D,S/D,S/D,0,S/D,S/D,S/D,0,S/D,S/D,S/D,0
4723F1BE,MOQUEGUA,MOQUEGUA,MARISCAL NIETO,wrf5,pp,20260828,20260926,"00Z,12Z",D1,6h,0.0,0.002,S/D,228,S/D,S/D,S/D,0,S/D,S/D,S/D,0,S/D,S/D,S/D,0,S/D,S/D,S/D,0
4723F1BE,MOQUEGUA,MOQUEGUA,MARISCAL NIETO,mpas15,pp,20260828,20260926,00Z,D1,6h,0.0,0.0,S/D,116,S/D,S/D,S/D,0,S/D,S/D,S/D,0,S/D,S/D,S/D,0,S/D,S/D,S/D,0
110137,12 DE OCTUBRE,PASCO,DANIEL ALCIDES CARRION,ecmwf,pp,20260828,20260926,"00Z,12Z",D1,6h,0.357,1.409,0.28,232,0.7,0.741,0.233,40,0.5,0.886,0.102,10,0.0,1.0,0.0,2,S/D,S/D,S/D,0
110137,12 DE OCTUBRE,PASCO,DANIEL ALCIDES CARRION,gfs,pp,20260828,20260926,"00Z,12Z",D1,6h,0.395,1.317,0.46,232,0.975,0.719,0.279,40,0.8,0.814,0.178,10,0.0,1.0,0.0,2,S/D,S/D,S/D,0
110137,12 DE OCTUBRE,PASCO,DANIEL ALCIDES CARRION,eta5,pp,20260828,20260926,"00Z,12Z",D1,6h,0.21,1.2,0.383,195,0.794,0.671,0.303,34,0.556,0.833,0.147,9,0.0,S/D,0.0,2,S/D,S/D,S/D,0
110137,12 DE OCTUBRE,PASCO,DANIEL ALCIDES CARRION,wrf5,pp,20260828,20260926,"00Z,12Z",D1,6h,0.162,1.453,0.475,229,0.625,0.49,0.391,40,0.5,0.8,0.167,10,0.0,1.0,0.0,2,S/D,S/D,S/D,0
110137,12 DE OCTUBRE,PASCO,DANIEL ALCIDES CARRION,mpas15,pp,20260828,20260926,00Z,D1,6h,0.871,2.34,0.261,116,0.7,0.714,0.255,20,0.6,0.921,0.075,5,0.0,1.0,0.0,1,S/D,S/D,S/D,0
4725D79C,OXAPAMPA,PASCO,OXAPAMPA,ecmwf,pp,20260828,20260926,"00Z,12Z",D1,6h,0.799,2.447,0.18,234,0.839,0.72,0.266,56,0.625,0.832,0.153,32,0.1,0.875,0.059,10,S/D,S/D,S/D,0
4725D79C,OXAPAMPA,PASCO,OXAPAMPA,gfs,pp,20260828,20260926,"00Z,12Z",D1,6h,1.295,2.725,0.245,234,0.964,0.716,0.281,56,0.812,0.798,0.193,32,0.2,0.875,0.083,10,S/D,S/D,S/D,0
4725D79C,OXAPAMPA,PASCO,OXAPAMPA,eta5,pp,20260828,20260926,"00Z,12Z",D1,6h,-0.439,1.984,0.073,197,0.333,0.68,0.195,48,0.036,0.909,0.026,28,0.0,S/D,0.0,10,S/D,S/D,S/D,0
4725D79C,OXAPAMPA,PASCO,OXAPAMPA,wrf5,pp,20260828,20260926,"00Z,12Z",D1,6h,-0.175,1.895,0.244,231,0.481,0.639,0.26,54,0.194,0.829,0.1,31,0.0,1.0,0.0,10,S/D,S/D,S/D,0
4725D79C,OXAPAMPA,PASCO,OXAPAMPA,mpas15,pp,20260828,20260926,00Z,D1,6h,0.652,2.578,0.151,117,0.571,0.709,0.239,28,0.438,0.857,0.121,16,0.0,1.0,0.0,5,S/D,S/D,S/D,0
109093,PUERTO BERMUDEZ,PASCO,OXAPAMPA,ecmwf,pp,20260828,20260926,"00Z,12Z",D1,6h,-0.565,9.299,0.286,232,0.867,0.681,0.304,60,0.553,0.712,0.233,38,0.292,0.731,0.163,24,0.0,S/D,0.0,4
109093,PUERTO BERMUDEZ,PASCO,OXAPAMPA,gfs,pp,20260828,20260926,"00Z,12Z",D1,6h,-1.054,9.231,0.203,232,0.667,0.712,0.252,60,0.526,0.714,0.227,38,0.333,0.556,0.235,24,0.0,S/D,0.0,4
109093,PUERTO BERMUDEZ,PASCO,OXAPAMPA,eta5,pp,20260828,20260926,"00Z,12Z",D1,6h,-0.513,9.219,0.166,195,0.588,0.694,0.252,51,0.545,0.772,0.191,33,0.35,0.741,0.175,20,0.0,S/D,0.0,3
109093,PUERTO BERMUDEZ,PASCO,OXAPAMPA,wrf5,pp,20260828,20260926,"00Z,12Z",D1,6h,-2.003,9.282,0.374,229,0.367,0.312,0.314,60,0.211,0.529,0.17,38,0.167,0.2,0.16,24,0.0,1.0,0.0,4
109093,PUERTO BERMUDEZ,PASCO,OXAPAMPA,mpas15,pp,20260828,20260926,00Z,D1,6h,-0.366,9.392,0.296,116,0.733,0.651,0.31,30,0.632,0.75,0.218,19,0.333,0.733,0.174,12,0.0,1.0,0.0,2
104114,ALTO DE POCLUS,PIURA,AYABACA,ecmwf,pp,20260828,20260926,"00Z,12Z",D1,6h,6.175,7.85,S/D,6,S/D,1.0,0.0,0,S/D,1.0,0.0,0,S/D,1.0,0.0,0,S/D,S/D,S/D,0
104114,ALTO DE POCLUS,PIURA,AYABACA,gfs,pp,20260828,20260926,"00Z,12Z",D1,6h,2.042,2.669,S/D,6,S/D,1.0,0.0,0,S/D,1.0,0.0,0,S/D,S/D,S/D,0,S/D,S/D,S/D,0
104114,ALTO DE POCLUS,PIURA,AYABACA,eta5,pp,20260828,20260926,"00Z,12Z",D1,6h,0.0,0.0,S/D,6,S/D,S/D,S/D,0,S/D,S/D,S/D,0,S/D,S/D,S/D,0,S/D,S/D,S/D,0
104114,ALTO DE POCLUS,PIURA,AYABACA,wrf5,pp,20260828,20260926,"00Z,12Z",D1,6h,1.805,2.598,S/D,6,S/D,1.0,0.0,0,S/D,1.0,0.0,0,S/D,1.0,0.0,0,S/D,S/D,S/D,0
104114,ALTO DE POCLUS,PIURA,AYABACA,mpas15,pp,20260828,20260926,00Z,D1,6h,4.0,5.888,S/D,3,S/D,1.0,0.0,0,S/D,1.0,0.0,0,S/D,1.0,0.0,0,S/D,S/D,S/D,0
47E9177A,EL CIRUELO,PIURA,AYABACA,ecmwf,pp,20260828,20260926,"00Z,12Z",D1,6h,0.743,2.338,0.24,228,0.722,0.854,0.138,18,0.667,0.892,0.103,6,0.0,1.0,0.0,2,S/D,S/D,S/D,0
47E9177A,EL CIRUELO,PIURA,AYABACA,gfs,pp,20260828,20260926,"00Z,12Z",D1,6h,0.307,1.115,0.25,228,0.667,0.831,0.156,18,0.667,0.81,0.174,6,0.5,0.8,0.167,2,S/D,S/D,S/D,0
47E9177A,EL CIRUELO,PIURA,AYABACA,eta5,pp,20260828,20260926,"00Z,12Z",D1,6h,1.606,4.004,0.255,192,0.846,0.851,0.145,13,0.75,0.941,0.058,4,0.0,1.0,0.0,2,S/D,S/D,S/D,0
47E9177A,EL CIRUELO,PIURA,AYABACA,wrf5,pp,20260828,20260926,"00Z,12Z",D1,6h,0.446,3.201,0.213,225,0.389,0.806,0.149,18,0.667,0.75,0.222,6,1.0,0.667,0.333,2,S/D,1.0,0.0,0
47E9177A,EL CIRUELO,PIURA,AYABACA,mpas15,pp,20260828,20260926,00Z,D1,6h,0.543,2.307,0.106,114,0.444,0.84,0.133,9,0.333,0.944,0.05,3,0.0,1.0,0.0,1,S/D,S/D,S/D,0
47E281B0,HUALCUY,PIURA,AYABACA,ecmwf,pp,20260828,20260926,"00Z,12Z",D1,6h,0.247,1.998,0.207,234,0.75,0.832,0.159,28,0.5,0.895,0.095,8,0.25,0.5,0.2,8,S/D,S/D,S/D,0
47E281B0,HUALCUY,PIURA,AYABACA,gfs,pp,20260828,20260926,"00Z,12Z",D1,6h,-0.089,1.746,0.129,234,0.607,0.821,0.16,28,0.5,0.714,0.222,8,0.125,0.0,0.125,8,S/D,S/D,S/D,0
47E281B0,HUALCUY,PIURA,AYABACA,eta5,pp,20260828,20260926,"00Z,12Z",D1,6h,-0.178,1.869,0.057,197,0.182,0.818,0.1,22,0.167,0.857,0.083,6,0.167,0.0,0.167,6,S/D,S/D,S/D,0
47E281B0,HUALCUY,PIURA,AYABACA,wrf5,pp,20260828,20260926,"00Z,12Z",D1,6h,-0.23,1.752,0.253,230,0.179,0.667,0.132,28,0.375,0.571,0.25,8,0.25,0.0,0.25,8,S/D,S/D,S/D,0
47E281B0,HUALCUY,PIURA,AYABACA,mpas15,pp,20260828,20260926,00Z,D1,6h,0.289,1.98,0.191,117,0.5,0.741,0.206,14,0.5,0.905,0.087,4,0.5,0.5,0.333,4,S/D,S/D,S/D,0
472FC5B8,PAIMAS,PIURA,AYABACA,ecmwf,pp,20260828,20260926,"00Z,12Z",D1,6h,0.681,1.562,0.225,236,0.833,0.926,0.072,12,1.0,0.926,0.074,4,1.0,0.778,0.222,2,S/D,S/D,S/D,0
472FC5B8,PAIMAS,PIURA,AYABACA,gfs,pp,20260828,20260926,"00Z,12Z",D1,6h,0.124,1.104,0.196,236,0.667,0.89,0.104,12,1.0,0.789,0.211,4,0.0,1.0,0.0,2,S/D,S/D,S/D,0
472FC5B8,PAIMAS,PIURA,AYABACA,eta5,pp,20260828,20260926,"00Z,12Z",D1,6h,0.541,1.727,0.088,199,0.444,0.933,0.062,9,0.333,0.96,0.037,3,1.0,0.857,0.143,1,S/D,S/D,S/D,0
472FC5B8,PAIMAS,PIURA,AYABACA,wrf5,pp,20260828,20260926,"00Z,12Z",D1,6h,-0.111,1.308,0.138,232,0.167,0.846,0.087,12,0.25,0.667,0.167,4,0.0,1.0,0.0,2,S/D,S/D,S/D,0
472FC5B8,PAIMAS,PIURA,AYABACA,mpas15,pp,20260828,20260926,00Z,D1,6h,0.236,1.331,0.235,118,0.667,0.852,0.138,6,1.0,0.889,0.111,2,0.0,1.0,0.0,1,S/D,S/D,S/D,0
47E0C74E,PUENTE MACARA,PIURA,AYABACA,ecmwf,pp,20260828,20260926,"00Z,12Z",D1,6h,0.461,1.573,0.213,228,1.0,0.954,0.046,4,S/D,1.0,0.0,0,S/D,1.0,0.0,0,S/D,S/D,S/D,0
47E0C74E,PUENTE MACARA,PIURA,AYABACA,gfs,pp,20260828,20260926,"00Z,12Z",D1,6h,0.169,0.799,0.31,228,1.0,0.892,0.108,4,S/D,1.0,0.0,0,S/D,1.0,0.0,0,S/D,S/D,S/D,0
47E0C74E,PUENTE MACARA,PIURA,AYABACA,eta5,pp,20260828,20260926,"00Z,12Z",D1,6h,1.881,4.431,0.221,192,1.0,0.962,0.038,3,S/D,1.0,0.0,0,S/D,1.0,0.0,0,S/D,S/D,S/D,0
47E0C74E,PUENTE MACARA,PIURA,AYABACA,wrf5,pp,20260828,20260926,"00Z,12Z",D1,6h,0.081,0.515,0.184,224,0.5,0.867,0.118,4,S/D,1.0,0.0,0,S/D,1.0,0.0,0,S/D,S/D,S/D,0
47E0C74E,PUENTE MACARA,PIURA,AYABACA,mpas15,pp,20260828,20260926,00Z,D1,6h,0.836,2.511,0.178,114,1.0,0.944,0.056,2,S/D,1.0,0.0,0,S/D,1.0,0.0,0,S/D,S/D,S/D,0
472FF022,SAPILLICA,PIURA,AYABACA,ecmwf,pp,20260828,20260926,"00Z,12Z",D1,6h,0.416,2.989,0.287,234,0.65,0.711,0.25,60,1.0,0.889,0.111,6,1.0,0.556,0.444,4,0.0,S/D,0.0,2
472FF022,SAPILLICA,PIURA,AYABACA,gfs,pp,20260828,20260926,"00Z,12Z",D1,6h,-0.144,3.243,0.229,234,0.433,0.644,0.243,60,0.667,0.789,0.19,6,0.0,1.0,0.0,4,0.0,S/D,0.0,2
472FF022,SAPILLICA,PIURA,AYABACA,eta5,pp,20260828,20260926,"00Z,12Z",D1,6h,0.081,2.708,0.162,197,0.292,0.65,0.189,48,0.25,0.941,0.05,4,0.5,0.75,0.2,2,0.0,S/D,0.0,1
472FF022,SAPILLICA,PIURA,AYABACA,wrf5,pp,20260828,20260926,"00Z,12Z",D1,6h,-0.359,3.406,0.337,230,0.233,0.176,0.222,60,0.0,1.0,0.0,6,0.0,S/D,0.0,4,0.0,S/D,0.0,2
472FF022,SAPILLICA,PIURA,AYABACA,mpas15,pp,20260828,20260926,00Z,D1,6h,-0.001,3.276,0.158,117,0.367,0.633,0.224,30,1.0,0.842,0.158,3,0.0,1.0,0.0,2,0.0,S/D,0.0,1
472F86B2,CANCHAQUE,PIURA,HUANCABAMBA,ecmwf,pp,20260828,20260926,"00Z,12Z",D1,6h,0.198,0.792,0.241,236,0.56,0.717,0.231,50,0.6,0.739,0.222,10,1.0,0.0,1.0,2,S/D,S/D,S/D,0
472F86B2,CANCHAQUE,PIURA,HUANCABAMBA,gfs,pp,20260828,20260926,"00Z,12Z",D1,6h,0.12,1.038,0.284,236,0.6,0.651,0.283,50,0.6,0.625,0.3,10,0.0,1.0,0.0,2,S/D,S/D,S/D,0
472F86B2,CANCHAQUE,PIURA,HUANCABAMBA,eta5,pp,20260828,20260926,"00Z,12Z",D1,6h,0.08,1.072,0.305,199,0.447,0.585,0.274,38,0.375,0.812,0.143,8,0.0,1.0,0.0,1,S/D,S/D,S/D,0
472F86B2,CANCHAQUE,PIURA,HUANCABAMBA,wrf5,pp,20260828,20260926,"00Z,12Z",D1,6h,-0.189,1.055,0.337,232,0.143,0.364,0.132,49,0.1,0.0,0.1,10,0.0,S/D,0.0,2,S/D,S/D,S/D,0
472F86B2,CANCHAQUE,PIURA,HUANCABAMBA,mpas15,pp,20260828,20260926,00Z,D1,6h,0.239,1.216,0.058,118,0.24,0.714,0.15,25,0.6,0.786,0.188,5,1.0,0.667,0.333,1,S/D,S/D,S/D,0
472FE354,HUANCABAMBA,PIURA,HUANCABAMBA,ecmwf,pp,20260828,20260926,"00Z,12Z",D1,6h,0.53,1.504,0.199,236,0.75,0.841,0.151,24,0.0,1.0,0.0,2,S/D,1.0,0.0,0,S/D,S/D,S/D,0
472FE354,HUANCABAMBA,PIURA,HUANCABAMBA,gfs,pp,20260828,20260926,"00Z,12Z",D1,6h,0.299,0.906,0.064,236,0.5,0.88,0.107,24,0.5,0.95,0.048,2,S/D,1.0,0.0,0,S/D,S/D,S/D,0
472FE354,HUANCABAMBA,PIURA,HUANCABAMBA,eta5,pp,20260828,20260926,"00Z,12Z",D1,6h,0.034,0.299,0.038,199,0.118,0.935,0.043,17,0.0,1.0,0.0,2,S/D,S/D,S/D,0,S/D,S/D,S/D,0
472FE354,HUANCABAMBA,PIURA,HUANCABAMBA,wrf5,pp,20260828,20260926,"00Z,12Z",D1,6h,-0.018,0.204,-0.011,232,0.083,0.833,0.059,24,0.0,1.0,0.0,2,S/D,S/D,S/D,0,S/D,S/D,S/D,0
472FE354,HUANCABAMBA,PIURA,HUANCABAMBA,mpas15,pp,20260828,20260926,00Z,D1,6h,0.77,2.718,0.017,118,0.25,0.903,0.075,12,1.0,0.957,0.043,1,S/D,1.0,0.0,0,S/D,S/D,S/D,0
472761E6,HUARMACA,PIURA,HUANCABAMBA,ecmwf,pp,20260828,20260926,"00Z,12Z",D1,6h,0.324,0.92,0.332,234,0.647,0.778,0.198,34,0.667,0.826,0.16,6,S/D,1.0,0.0,0,S/D,S/D,S/D,0
472761E6,HUARMACA,PIURA,HUANCABAMBA,gfs,pp,20260828,20260926,"00Z,12Z",D1,6h,0.246,0.832,0.352,234,0.706,0.721,0.25,34,0.333,0.875,0.1,6,S/D,1.0,0.0,0,S/D,S/D,S/D,0
472761E6,HUARMACA,PIURA,HUANCABAMBA,eta5,pp,20260828,20260926,"00Z,12Z",D1,6h,0.104,0.546,0.351,197,0.64,0.667,0.281,25,0.0,1.0,0.0,4,S/D,1.0,0.0,0,S/D,S/D,S/D,0
472761E6,HUARMACA,PIURA,HUANCABAMBA,wrf5,pp,20260828,20260926,"00Z,12Z",D1,6h,-0.062,0.302,0.586,230,0.235,0.0,0.235,34,0.0,1.0,0.0,6,S/D,S/D,S/D,0,S/D,S/D,S/D,0
472761E6,HUARMACA,PIURA,HUANCABAMBA,mpas15,pp,20260828,20260926,00Z,D1,6h,0.34,1.186,0.265,117,0.412,0.667,0.226,17,0.667,0.875,0.118,3,S/D,1.0,0.0,0,S/D,S/D,S/D,0
472FB328,CHALACO,PIURA,MORROPON,ecmwf,pp,20260828,20260926,"00Z,12Z",D1,6h,0.16,1.858,0.241,234,0.448,0.649,0.245,58,0.75,0.739,0.24,8,0.25,0.833,0.111,4,S/D,S/D,S/D,0
472FB328,CHALACO,PIURA,MORROPON,gfs,pp,20260828,20260926,"00Z,12Z",D1,6h,0.171,1.813,0.186,234,0.448,0.698,0.22,58,0.75,0.806,0.182,8,0.5,0.0,0.5,4,S/D,S/D,S/D,0
472FB328,CHALACO,PIURA,MORROPON,eta5,pp,20260828,20260926,"00Z,12Z",D1,6h,0.037,1.983,0.179,197,0.267,0.684,0.169,45,0.6,0.824,0.158,5,0.0,1.0,0.0,3,S/D,S/D,S/D,0
472FB328,CHALACO,PIURA,MORROPON,wrf5,pp,20260828,20260926,"00Z,12Z",D1,6h,-0.084,1.771,0.227,230,0.293,0.541,0.218,58,0.375,0.625,0.231,8,0.25,0.0,0.25,4,S/D,S/D,S/D,0
472FB328,CHALACO,PIURA,MORROPON,mpas15,pp,20260828,20260926,00Z,D1,6h,0.368,2.12,0.075,117,0.31,0.735,0.167,29,0.75,0.88,0.115,4,0.5,0.5,0.333,2,S/D,S/D,S/D,0
472F6540,CHULUCANAS,PIURA,MORROPON,ecmwf,pp,20260828,20260926,"00Z,12Z",D1,6h,0.132,0.501,0.169,232,1.0,0.941,0.059,2,1.0,0.8,0.2,2,S/D,1.0,0.0,0,S/D,S/D,S/D,0
472F6540,CHULUCANAS,PIURA,MORROPON,gfs,pp,20260828,20260926,"00Z,12Z",D1,6h,0.02,0.271,0.32,232,1.0,0.882,0.118,2,0.5,0.75,0.2,2,S/D,S/D,S/D,0,S/D,S/D,S/D,0
472F6540,CHULUCANAS,PIURA,MORROPON,eta5,pp,20260828,20260926,"00Z,12Z",D1,6h,0.164,0.638,0.175,195,1.0,0.958,0.042,1,1.0,0.909,0.091,1,S/D,1.0,0.0,0,S/D,S/D,S/D,0
472F6540,CHULUCANAS,PIURA,MORROPON,wrf5,pp,20260828,20260926,"00Z,12Z",D1,6h,0.004,0.327,0.258,228,0.5,0.889,0.1,2,0.0,1.0,0.0,2,S/D,S/D,S/D,0,S/D,S/D,S/D,0
472F6540,CHULUCANAS,PIURA,MORROPON,mpas15,pp,20260828,20260926,00Z,D1,6h,0.078,0.354,0.187,116,1.0,0.9,0.1,1,1.0,0.833,0.167,1,S/D,S/D,S/D,0,S/D,S/D,S/D,0
47E037CA,CORRAL DEL MEDIO,PIURA,MORROPON,ecmwf,pp,20260828,20260926,"00Z,12Z",D1,6h,0.0,0.0,S/D,2,S/D,S/D,S/D,0,S/D,S/D,S/D,0,S/D,S/D,S/D,0,S/D,S/D,S/D,0
47E037CA,CORRAL DEL MEDIO,PIURA,MORROPON,gfs,pp,20260828,20260926,"00Z,12Z",D1,6h,0.0,0.0,S/D,2,S/D,S/D,S/D,0,S/D,S/D,S/D,0,S/D,S/D,S/D,0,S/D,S/D,S/D,0
47E037CA,CORRAL DEL MEDIO,PIURA,MORROPON,eta5,pp,20260828,20260926,"00Z,12Z",D1,6h,0.0,0.0,S/D,2,S/D,S/D,S/D,0,S/D,S/D,S/D,0,S/D,S/D,S/D,0,S/D,S/D,S/D,0
47E037CA,CORRAL DEL MEDIO,PIURA,MORROPON,wrf5,pp,20260828,20260926,"00Z,12Z",D1,6h,0.0,0.0,S/D,2,S/D,S/D,S/D,0,S/D,S/D,S/D,0,S/D,S/D,S/D,0,S/D,S/D,S/D,0
47E037CA,CORRAL DEL MEDIO,PIURA,MORROPON,mpas15,pp,20260828,20260926,00Z,D1,6h,0.0,0.0,S/D,1,S/D,S/D,S/D,0,S/D,S/D,S/D,0,S/D,S/D,S/D,0,S/D,S/D,S/D,0
472F50DA,EL VIRREY,PIURA,MORROPON,ecmwf,pp,20260828,20260926,"00Z,12Z",D1,6h,0.146,0.877,0.061,230,0.5,0.92,0.074,4,S/D,1.0,0.0,0,S/D,1.0,0.0,0,S/D,S/D,S/D,0
472F50DA,EL VIRREY,PIURA,MORROPON,gfs,pp,20260828,20260926,"00Z,12Z",D1,6h,0.002,0.027,-0.024,230,0.0,1.0,0.0,4,S/D,S/D,S/D,0,S/D,S/D,S/D,0,S/D,S/D,S/D,0
472F50DA,EL VIRREY,PIURA,MORROPON,eta5,pp,20260828,20260926,"00Z,12Z",D1,6h,0.021,0.112,-0.056,194,0.0,1.0,0.0,3,S/D,1.0,0.0,0,S/D,S/D,S/D,0,S/D,S/D,S/D,0
472F50DA,EL VIRREY,PIURA,MORROPON,wrf5,pp,20260828,20260926,"00Z,12Z",D1,6h,-0.0,0.015,-0.034,226,0.0,S/D,0.0,4,S/D,S/D,S/D,0,S/D,S/D,S/D,0,S/D,S/D,S/D,0
472F50DA,EL VIRREY,PIURA,MORROPON,mpas15,pp,20260828,20260926,00Z,D1,6h,-0.002,0.013,0.082,115,0.0,S/D,0.0,2,S/D,S/D,S/D,0,S/D,S/D,S/D,0,S/D,S/D,S/D,0
47E074C0,HACIENDA BARRIOS,PIURA,MORROPON,ecmwf,pp,20260828,20260926,"00Z,12Z",D1,6h,0.347,1.291,0.166,230,1.0,0.955,0.045,4,S/D,1.0,0.0,0,S/D,1.0,0.0,0,S/D,S/D,S/D,0
47E074C0,HACIENDA BARRIOS,PIURA,MORROPON,gfs,pp,20260828,20260926,"00Z,12Z",D1,6h,0.077,0.312,0.21,230,0.75,0.909,0.088,4,S/D,1.0,0.0,0,S/D,S/D,S/D,0,S/D,S/D,S/D,0
47E074C0,HACIENDA BARRIOS,PIURA,MORROPON,eta5,pp,20260828,20260926,"00Z,12Z",D1,6h,0.506,1.735,0.201,194,1.0,0.957,0.043,2,S/D,1.0,0.0,0,S/D,1.0,0.0,0,S/D,S/D,S/D,0
47E074C0,HACIENDA BARRIOS,PIURA,MORROPON,wrf5,pp,20260828,20260926,"00Z,12Z",D1,6h,0.031,0.135,0.122,226,0.5,0.889,0.1,4,S/D,1.0,0.0,0,S/D,S/D,S/D,0,S/D,S/D,S/D,0
47E074C0,HACIENDA BARRIOS,PIURA,MORROPON,mpas15,pp,20260828,20260926,00Z,D1,6h,0.507,2.151,0.069,115,0.5,0.955,0.043,2,S/D,1.0,0.0,0,S/D,1.0,0.0,0,S/D,S/D,S/D,0
472F95C4,HACIENDA BIGOTE ,PIURA,MORROPON,ecmwf,pp,20260828,20260926,"00Z,12Z",D1,6h,0.338,1.263,0.197,236,1.0,0.955,0.045,4,S/D,1.0,0.0,0,S/D,1.0,0.0,0,S/D,S/D,S/D,0
472F95C4,HACIENDA BIGOTE ,PIURA,MORROPON,gfs,pp,20260828,20260926,"00Z,12Z",D1,6h,0.074,0.299,0.196,236,0.75,0.909,0.088,4,S/D,1.0,0.0,0,S/D,S/D,S/D,0,S/D,S/D,S/D,0
472F95C4,HACIENDA BIGOTE ,PIURA,MORROPON,eta5,pp,20260828,20260926,"00Z,12Z",D1,6h,0.422,1.539,0.047,199,0.333,0.971,0.027,3,S/D,1.0,0.0,0,S/D,1.0,0.0,0,S/D,S/D,S/D,0
472F95C4,HACIENDA BIGOTE ,PIURA,MORROPON,wrf5,pp,20260828,20260926,"00Z,12Z",D1,6h,0.017,0.124,0.119,232,0.25,0.929,0.059,4,S/D,1.0,0.0,0,S/D,S/D,S/D,0,S/D,S/D,S/D,0
472F95C4,HACIENDA BIGOTE ,PIURA,MORROPON,mpas15,pp,20260828,20260926,00Z,D1,6h,0.501,2.117,0.07,118,0.5,0.957,0.042,2,S/D,1.0,0.0,0,S/D,1.0,0.0,0,S/D,S/D,S/D,0
472FA05E,MALACASI,PIURA,MORROPON,ecmwf,pp,20260828,20260926,"00Z,12Z",D1,6h,0.338,1.245,0.158,236,1.0,0.977,0.023,2,1.0,0.889,0.111,2,S/D,1.0,0.0,0,S/D,S/D,S/D,0
472FA05E,MALACASI,PIURA,MORROPON,gfs,pp,20260828,20260926,"00Z,12Z",D1,6h,0.074,0.276,0.217,236,1.0,0.939,0.061,2,1.0,0.6,0.4,2,S/D,S/D,S/D,0,S/D,S/D,S/D,0
472FA05E,MALACASI,PIURA,MORROPON,eta5,pp,20260828,20260926,"00Z,12Z",D1,6h,0.226,0.876,0.17,199,1.0,0.962,0.038,1,1.0,0.933,0.067,1,S/D,1.0,0.0,0,S/D,S/D,S/D,0
472FA05E,MALACASI,PIURA,MORROPON,wrf5,pp,20260828,20260926,"00Z,12Z",D1,6h,0.009,0.102,0.292,232,1.0,0.8,0.2,2,0.5,0.0,0.5,2,S/D,S/D,S/D,0,S/D,S/D,S/D,0
472FA05E,MALACASI,PIURA,MORROPON,mpas15,pp,20260828,20260926,00Z,D1,6h,0.243,1.024,0.175,118,1.0,0.947,0.053,1,1.0,0.923,0.077,1,S/D,1.0,0.0,0,S/D,S/D,S/D,0
472F7636,MORROPON,PIURA,MORROPON,ecmwf,pp,20260828,20260926,"00Z,12Z",D1,6h,0.129,0.83,0.113,238,0.333,0.939,0.054,6,1.0,0.714,0.286,2,S/D,1.0,0.0,0,S/D,S/D,S/D,0
472F7636,MORROPON,PIURA,MORROPON,gfs,pp,20260828,20260926,"00Z,12Z",D1,6h,-0.005,0.17,0.341,238,0.667,0.667,0.286,6,1.0,0.0,1.0,2,S/D,S/D,S/D,0,S/D,S/D,S/D,0
472F7636,MORROPON,PIURA,MORROPON,eta5,pp,20260828,20260926,"00Z,12Z",D1,6h,0.347,1.217,0.087,201,0.5,0.951,0.047,4,1.0,0.941,0.059,1,S/D,1.0,0.0,0,S/D,S/D,S/D,0
472F7636,MORROPON,PIURA,MORROPON,wrf5,pp,20260828,20260926,"00Z,12Z",D1,6h,0.014,0.253,0.109,234,0.333,0.846,0.118,6,0.5,0.75,0.2,2,S/D,S/D,S/D,0,S/D,S/D,S/D,0
472F7636,MORROPON,PIURA,MORROPON,mpas15,pp,20260828,20260926,00Z,D1,6h,0.18,0.686,0.018,119,0.333,0.944,0.05,3,1.0,0.909,0.091,1,S/D,1.0,0.0,0,S/D,S/D,S/D,0
47E067B6,SALITRAL,PIURA,MORROPON,ecmwf,pp,20260828,20260926,"00Z,12Z",D1,6h,0.323,1.271,0.162,230,1.0,0.953,0.047,4,0.5,0.889,0.1,4,S/D,1.0,0.0,0,S/D,S/D,S/D,0
47E067B6,SALITRAL,PIURA,MORROPON,gfs,pp,20260828,20260926,"00Z,12Z",D1,6h,0.052,0.33,0.288,230,1.0,0.875,0.125,4,0.5,0.6,0.286,4,S/D,S/D,S/D,0,S/D,S/D,S/D,0
47E067B6,SALITRAL,PIURA,MORROPON,eta5,pp,20260828,20260926,"00Z,12Z",D1,6h,0.212,0.878,0.233,194,1.0,0.92,0.08,2,1.0,0.857,0.143,2,S/D,1.0,0.0,0,S/D,S/D,S/D,0
47E067B6,SALITRAL,PIURA,MORROPON,wrf5,pp,20260828,20260926,"00Z,12Z",D1,6h,-0.022,0.224,0.43,226,0.5,0.333,0.4,4,0.25,0.0,0.25,4,S/D,S/D,S/D,0,S/D,S/D,S/D,0
47E067B6,SALITRAL,PIURA,MORROPON,mpas15,pp,20260828,20260926,00Z,D1,6h,0.228,1.039,0.229,115,1.0,0.895,0.105,2,1.0,0.846,0.154,2,S/D,1.0,0.0,0,S/D,S/D,S/D,0
47E08444,SAN PEDRO,PIURA,MORROPON,ecmwf,pp,20260828,20260926,"00Z,12Z",D1,6h,1.116,2.29,0.193,232,1.0,0.974,0.026,4,1.0,0.97,0.03,2,S/D,1.0,0.0,0,S/D,S/D,S/D,0
47E08444,SAN PEDRO,PIURA,MORROPON,gfs,pp,20260828,20260926,"00Z,12Z",D1,6h,0.187,0.539,0.167,232,0.5,0.968,0.031,4,1.0,0.778,0.222,2,S/D,1.0,0.0,0,S/D,S/D,S/D,0
47E08444,SAN PEDRO,PIURA,MORROPON,eta5,pp,20260828,20260926,"00Z,12Z",D1,6h,0.39,1.299,0.128,195,0.667,0.955,0.044,3,1.0,0.947,0.053,1,S/D,1.0,0.0,0,S/D,S/D,S/D,0
47E08444,SAN PEDRO,PIURA,MORROPON,wrf5,pp,20260828,20260926,"00Z,12Z",D1,6h,0.045,0.466,0.117,228,0.5,0.905,0.087,4,0.5,0.833,0.143,2,S/D,S/D,S/D,0,S/D,S/D,S/D,0
47E08444,SAN PEDRO,PIURA,MORROPON,mpas15,pp,20260828,20260926,00Z,D1,6h,0.27,0.938,0.203,116,1.0,0.905,0.095,2,1.0,0.929,0.071,1,S/D,1.0,0.0,0,S/D,S/D,S/D,0
105145,SANTO DOMINGO,PIURA,MORROPON,ecmwf,pp,20260828,20260926,"00Z,12Z",D1,6h,0.139,0.189,S/D,6,S/D,1.0,0.0,0,S/D,S/D,S/D,0,S/D,S/D,S/D,0,S/D,S/D,S/D,0
105145,SANTO DOMINGO,PIURA,MORROPON,gfs,pp,20260828,20260926,"00Z,12Z",D1,6h,0.427,0.578,S/D,6,S/D,1.0,0.0,0,S/D,1.0,0.0,0,S/D,S/D,S/D,0,S/D,S/D,S/D,0
105145,SANTO DOMINGO,PIURA,MORROPON,eta5,pp,20260828,20260926,"00Z,12Z",D1,6h,0.073,0.136,S/D,6,S/D,1.0,0.0,0,S/D,S/D,S/D,0,S/D,S/D,S/D,0,S/D,S/D,S/D,0
105145,SANTO DOMINGO,PIURA,MORROPON,wrf5,pp,20260828,20260926,"00Z,12Z",D1,6h,0.073,0.149,S/D,6,S/D,1.0,0.0,0,S/D,S/D,S/D,0,S/D,S/D,S/D,0,S/D,S/D,S/D,0
105145,SANTO DOMINGO,PIURA,MORROPON,mpas15,pp,20260828,20260926,00Z,D1,6h,1.0,1.291,S/D,3,S/D,1.0,0.0,0,S/D,1.0,0.0,0,S/D,S/D,S/D,0,S/D,S/D,S/D,0
47E0B1DE,PUENTE SIMON RODRIGUEZ,PIURA,PAITA,ecmwf,pp,20260828,20260926,"00Z,12Z",D1,6h,-0.002,0.196,0.131,232,0.5,0.625,0.273,6,0.0,1.0,0.0,2,S/D,S/D,S/D,0,S/D,S/D,S/D,0
47E0B1DE,PUENTE SIMON RODRIGUEZ,PIURA,PAITA,gfs,pp,20260828,20260926,"00Z,12Z",D1,6h,-0.023,0.219,0.291,232,0.0,1.0,0.0,6,0.0,S/D,0.0,2,S/D,S/D,S/D,0,S/D,S/D,S/D,0
47E0B1DE,PUENTE SIMON RODRIGUEZ,PIURA,PAITA,eta5,pp,20260828,20260926,"00Z,12Z",D1,6h,-0.023,0.235,0.063,196,0.0,1.0,0.0,5,0.0,S/D,0.0,2,S/D,S/D,S/D,0,S/D,S/D,S/D,0
47E0B1DE,PUENTE SIMON RODRIGUEZ,PIURA,PAITA,wrf5,pp,20260828,20260926,"00Z,12Z",D1,6h,-0.021,0.224,0.145,229,0.167,0.8,0.1,6,0.0,S/D,0.0,2,S/D,S/D,S/D,0,S/D,S/D,S/D,0
47E0B1DE,PUENTE SIMON RODRIGUEZ,PIURA,PAITA,mpas15,pp,20260828,20260926,00Z,D1,6h,-0.028,0.221,-0.105,116,0.0,S/D,0.0,3,0.0,S/D,0.0,1,S/D,S/D,S/D,0,S/D,S/D,S/D,0
47E0E1A2,BOCATOMA CHIPILLICO,PIURA,PIURA,ecmwf,pp,20260828,20260926,"00Z,12Z",D1,6h,0.884,1.88,0.18,210,1.0,0.97,0.03,4,1.0,0.963,0.037,2,1.0,0.778,0.222,2,S/D,S/D,S/D,0
47E0E1A2,BOCATOMA CHIPILLICO,PIURA,PIURA,gfs,pp,20260828,20260926,"00Z,12Z",D1,6h,0.263,0.729,0.205,210,1.0,0.944,0.056,4,1.0,0.895,0.105,2,0.0,1.0,0.0,2,S/D,S/D,S/D,0
47E0E1A2,BOCATOMA CHIPILLICO,PIURA,PIURA,eta5,pp,20260828,20260926,"00Z,12Z",D1,6h,0.469,1.441,0.197,175,1.0,0.957,0.043,2,1.0,0.952,0.048,1,1.0,0.833,0.167,1,S/D,S/D,S/D,0
47E0E1A2,BOCATOMA CHIPILLICO,PIURA,PIURA,wrf5,pp,20260828,20260926,"00Z,12Z",D1,6h,0.017,0.612,0.289,206,0.75,0.7,0.273,4,0.0,1.0,0.0,2,0.0,S/D,0.0,2,S/D,S/D,S/D,0
47E0E1A2,BOCATOMA CHIPILLICO,PIURA,PIURA,mpas15,pp,20260828,20260926,00Z,D1,6h,0.234,1.045,0.062,105,0.5,0.947,0.05,2,1.0,0.929,0.071,1,0.0,1.0,0.0,1,S/D,S/D,S/D,0
47E0F2D4,LAGARTERA,PIURA,PIURA,ecmwf,pp,20260828,20260926,"00Z,12Z",D1,6h,0.738,1.673,0.275,226,0.944,0.868,0.131,18,1.0,0.961,0.039,2,S/D,1.0,0.0,0,S/D,S/D,S/D,0
47E0F2D4,LAGARTERA,PIURA,PIURA,gfs,pp,20260828,20260926,"00Z,12Z",D1,6h,0.228,0.677,0.172,226,0.611,0.843,0.143,18,1.0,0.882,0.118,2,S/D,1.0,0.0,0,S/D,S/D,S/D,0
47E0F2D4,LAGARTERA,PIURA,PIURA,eta5,pp,20260828,20260926,"00Z,12Z",D1,6h,0.418,1.339,0.013,190,0.333,0.907,0.078,12,0.0,1.0,0.0,1,S/D,1.0,0.0,0,S/D,S/D,S/D,0
47E0F2D4,LAGARTERA,PIURA,PIURA,wrf5,pp,20260828,20260926,"00Z,12Z",D1,6h,0.041,0.443,0.224,223,0.111,0.846,0.069,18,0.0,1.0,0.0,2,S/D,S/D,S/D,0,S/D,S/D,S/D,0
47E0F2D4,LAGARTERA,PIURA,PIURA,mpas15,pp,20260828,20260926,00Z,D1,6h,0.229,0.906,0.294,113,0.444,0.778,0.174,9,1.0,0.923,0.077,1,S/D,1.0,0.0,0,S/D,S/D,S/D,0
105112,MIRAFLORES,PIURA,PIURA,ecmwf,pp,20260828,20260926,"00Z,12Z",D1,6h,S/D,S/D,S/D,0,S/D,S/D,S/D,0,S/D,S/D,S/D,0,S/D,S/D,S/D,0,S/D,S/D,S/D,0
105112,MIRAFLORES,PIURA,PIURA,gfs,pp,20260828,20260926,"00Z,12Z",D1,6h,S/D,S/D,S/D,0,S/D,S/D,S/D,0,S/D,S/D,S/D,0,S/D,S/D,S/D,0,S/D,S/D,S/D,0
105112,MIRAFLORES,PIURA,PIURA,eta5,pp,20260828,20260926,"00Z,12Z",D1,6h,S/D,S/D,S/D,0,S/D,S/D,S/D,0,S/D,S/D,S/D,0,S/D,S/D,S/D,0,S/D,S/D,S/D,0
105112,MIRAFLORES,PIURA,PIURA,wrf5,pp,20260828,20260926,"00Z,12Z",D1,6h,S/D,S/D,S/D,0,S/D,S/D,S/D,0,S/D,S/D,S/D,0,S/D,S/D,S/D,0,S/D,S/D,S/D,0
105112,MIRAFLORES,PIURA,PIURA,mpas15,pp,20260828,20260926,00Z,D1,6h,S/D,S/D,S/D,0,S/D,S/D,S/D,0,S/D,S/D,S/D,0,S/D,S/D,S/D,0,S/D,S/D,S/D,0
104113,PARTIDOR,PIURA,PIURA,ecmwf,pp,20260828,20260926,"00Z,12Z",D1,6h,S/D,S/D,S/D,0,S/D,S/D,S/D,0,S/D,S/D,S/D,0,S/D,S/D,S/D,0,S/D,S/D,S/D,0
104113,PARTIDOR,PIURA,PIURA,gfs,pp,20260828,20260926,"00Z,12Z",D1,6h,S/D,S/D,S/D,0,S/D,S/D,S/D,0,S/D,S/D,S/D,0,S/D,S/D,S/D,0,S/D,S/D,S/D,0
104113,PARTIDOR,PIURA,PIURA,eta5,pp,20260828,20260926,"00Z,12Z",D1,6h,S/D,S/D,S/D,0,S/D,S/D,S/D,0,S/D,S/D,S/D,0,S/D,S/D,S/D,0,S/D,S/D,S/D,0
104113,PARTIDOR,PIURA,PIURA,wrf5,pp,20260828,20260926,"00Z,12Z",D1,6h,S/D,S/D,S/D,0,S/D,S/D,S/D,0,S/D,S/D,S/D,0,S/D,S/D,S/D,0,S/D,S/D,S/D,0
104113,PARTIDOR,PIURA,PIURA,mpas15,pp,20260828,20260926,00Z,D1,6h,S/D,S/D,S/D,0,S/D,S/D,S/D,0,S/D,S/D,S/D,0,S/D,S/D,S/D,0,S/D,S/D,S/D,0
105143,SAN MIGUEL,PIURA,PIURA,ecmwf,pp,20260828,20260926,"00Z,12Z",D1,6h,0.038,0.38,0.108,240,0.25,0.857,0.1,4,S/D,1.0,0.0,0,S/D,1.0,0.0,0,S/D,S/D,S/D,0
105143,SAN MIGUEL,PIURA,PIURA,gfs,pp,20260828,20260926,"00Z,12Z",D1,6h,0.002,0.024,-0.026,240,0.0,1.0,0.0,4,S/D,S/D,S/D,0,S/D,S/D,S/D,0,S/D,S/D,S/D,0
105143,SAN MIGUEL,PIURA,PIURA,eta5,pp,20260828,20260926,"00Z,12Z",D1,6h,0.009,0.11,0.098,202,0.0,1.0,0.0,2,S/D,1.0,0.0,0,S/D,S/D,S/D,0,S/D,S/D,S/D,0
105143,SAN MIGUEL,PIURA,PIURA,wrf5,pp,20260828,20260926,"00Z,12Z",D1,6h,0.001,0.021,0.097,236,0.25,0.5,0.2,4,S/D,S/D,S/D,0,S/D,S/D,S/D,0,S/D,S/D,S/D,0
105143,SAN MIGUEL,PIURA,PIURA,mpas15,pp,20260828,20260926,00Z,D1,6h,-0.002,0.013,-0.082,120,0.0,S/D,0.0,2,S/D,S/D,S/D,0,S/D,S/D,S/D,0,S/D,S/D,S/D,0
47E0522C,TAMBO GRANDE,PIURA,PIURA,ecmwf,pp,20260828,20260926,"00Z,12Z",D1,6h,-0.199,2.906,0.22,226,0.625,0.848,0.139,8,0.333,0.8,0.143,6,0.0,1.0,0.0,4,0.0,S/D,0.0,2
47E0522C,TAMBO GRANDE,PIURA,PIURA,gfs,pp,20260828,20260926,"00Z,12Z",D1,6h,-0.314,2.844,0.47,226,0.625,0.667,0.278,8,0.0,1.0,0.0,6,0.0,S/D,0.0,4,0.0,S/D,0.0,2
47E0522C,TAMBO GRANDE,PIURA,PIURA,eta5,pp,20260828,20260926,"00Z,12Z",D1,6h,-0.371,3.118,0.049,191,0.143,0.875,0.071,7,0.0,1.0,0.0,5,0.0,S/D,0.0,4,0.0,S/D,0.0,2
47E0522C,TAMBO GRANDE,PIURA,PIURA,wrf5,pp,20260828,20260926,"00Z,12Z",D1,6h,-0.36,2.894,0.088,222,0.0,1.0,0.0,8,0.0,S/D,0.0,6,0.0,S/D,0.0,4,0.0,S/D,0.0,2
47E0522C,TAMBO GRANDE,PIURA,PIURA,mpas15,pp,20260828,20260926,00Z,D1,6h,-0.306,2.896,-0.041,113,0.0,1.0,0.0,4,0.0,1.0,0.0,3,0.0,S/D,0.0,2,0.0,S/D,0.0,1
105144,BERNAL,PIURA,SECHURA,ecmwf,pp,20260828,20260926,"00Z,12Z",D1,6h,0.0,0.0,S/D,2,S/D,S/D,S/D,0,S/D,S/D,S/D,0,S/D,S/D,S/D,0,S/D,S/D,S/D,0
105144,BERNAL,PIURA,SECHURA,gfs,pp,20260828,20260926,"00Z,12Z",D1,6h,0.0,0.0,S/D,2,S/D,S/D,S/D,0,S/D,S/D,S/D,0,S/D,S/D,S/D,0,S/D,S/D,S/D,0
105144,BERNAL,PIURA,SECHURA,eta5,pp,20260828,20260926,"00Z,12Z",D1,6h,0.0,0.0,S/D,2,S/D,S/D,S/D,0,S/D,S/D,S/D,0,S/D,S/D,S/D,0,S/D,S/D,S/D,0
105144,BERNAL,PIURA,SECHURA,wrf5,pp,20260828,20260926,"00Z,12Z",D1,6h,0.0,0.0,S/D,2,S/D,S/D,S/D,0,S/D,S/D,S/D,0,S/D,S/D,S/D,0,S/D,S/D,S/D,0
105144,BERNAL,PIURA,SECHURA,mpas15,pp,20260828,20260926,00Z,D1,6h,0.0,0.0,S/D,1,S/D,S/D,S/D,0,S/D,S/D,S/D,0,S/D,S/D,S/D,0,S/D,S/D,S/D,0
105120,CHUSIS,PIURA,SECHURA,ecmwf,pp,20260828,20260926,"00Z,12Z",D1,6h,S/D,S/D,S/D,0,S/D,S/D,S/D,0,S/D,S/D,S/D,0,S/D,S/D,S/D,0,S/D,S/D,S/D,0
105120,CHUSIS,PIURA,SECHURA,gfs,pp,20260828,20260926,"00Z,12Z",D1,6h,S/D,S/D,S/D,0,S/D,S/D,S/D,0,S/D,S/D,S/D,0,S/D,S/D,S/D,0,S/D,S/D,S/D,0
105120,CHUSIS,PIURA,SECHURA,eta5,pp,20260828,20260926,"00Z,12Z",D1,6h,S/D,S/D,S/D,0,S/D,S/D,S/D,0,S/D,S/D,S/D,0,S/D,S/D,S/D,0,S/D,S/D,S/D,0
105120,CHUSIS,PIURA,SECHURA,wrf5,pp,20260828,20260926,"00Z,12Z",D1,6h,S/D,S/D,S/D,0,S/D,S/D,S/D,0,S/D,S/D,S/D,0,S/D,S/D,S/D,0,S/D,S/D,S/D,0
105120,CHUSIS,PIURA,SECHURA,mpas15,pp,20260828,20260926,00Z,D1,6h,S/D,S/D,S/D,0,S/D,S/D,S/D,0,S/D,S/D,S/D,0,S/D,S/D,S/D,0,S/D,S/D,S/D,0
47E0D438,ALAMOR,PIURA,SULLANA,ecmwf,pp,20260828,20260926,"00Z,12Z",D1,6h,0.105,0.627,0.094,234,0.25,0.8,0.125,16,0.5,0.833,0.143,2,S/D,1.0,0.0,0,S/D,S/D,S/D,0
47E0D438,ALAMOR,PIURA,SULLANA,gfs,pp,20260828,20260926,"00Z,12Z",D1,6h,0.092,0.744,0.209,234,0.25,0.733,0.148,16,1.0,0.667,0.333,2,S/D,1.0,0.0,0,S/D,S/D,S/D,0
47E0D438,ALAMOR,PIURA,SULLANA,eta5,pp,20260828,20260926,"00Z,12Z",D1,6h,0.215,0.959,0.246,197,0.583,0.8,0.175,12,1.0,0.833,0.167,2,S/D,1.0,0.0,0,S/D,S/D,S/D,0
47E0D438,ALAMOR,PIURA,SULLANA,wrf5,pp,20260828,20260926,"00Z,12Z",D1,6h,0.095,0.829,0.044,231,0.25,0.692,0.16,16,1.0,0.667,0.333,2,S/D,1.0,0.0,0,S/D,S/D,S/D,0
47E0D438,ALAMOR,PIURA,SULLANA,mpas15,pp,20260828,20260926,00Z,D1,6h,0.247,1.252,0.206,117,0.5,0.75,0.2,8,0.0,1.0,0.0,1,S/D,1.0,0.0,0,S/D,S/D,S/D,0
47E09732,LA ARDILLA,PIURA,SULLANA,ecmwf,pp,20260828,20260926,"00Z,12Z",D1,6h,0.094,0.754,0.224,212,0.5,0.778,0.182,8,0.0,1.0,0.0,2,S/D,1.0,0.0,0,S/D,S/D,S/D,0
47E09732,LA ARDILLA,PIURA,SULLANA,gfs,pp,20260828,20260926,"00Z,12Z",D1,6h,0.084,0.865,0.353,212,0.5,0.692,0.235,8,0.0,1.0,0.0,2,S/D,1.0,0.0,0,S/D,S/D,S/D,0
47E09732,LA ARDILLA,PIURA,SULLANA,eta5,pp,20260828,20260926,"00Z,12Z",D1,6h,0.214,1.076,0.16,178,0.571,0.882,0.108,7,0.0,1.0,0.0,2,S/D,1.0,0.0,0,S/D,S/D,S/D,0
47E09732,LA ARDILLA,PIURA,SULLANA,wrf5,pp,20260828,20260926,"00Z,12Z",D1,6h,0.034,0.533,0.184,208,0.5,0.556,0.308,8,0.0,1.0,0.0,2,S/D,S/D,S/D,0,S/D,S/D,S/D,0
47E09732,LA ARDILLA,PIURA,SULLANA,mpas15,pp,20260828,20260926,00Z,D1,6h,0.256,1.357,0.178,106,0.75,0.812,0.176,4,0.0,1.0,0.0,1,S/D,1.0,0.0,0,S/D,S/D,S/D,0
472FD6CE,LANCONES,PIURA,SULLANA,ecmwf,pp,20260828,20260926,"00Z,12Z",D1,6h,0.017,0.237,0.216,234,0.667,0.667,0.286,6,0.0,1.0,0.0,2,S/D,S/D,S/D,0,S/D,S/D,S/D,0
472FD6CE,LANCONES,PIURA,SULLANA,gfs,pp,20260828,20260926,"00Z,12Z",D1,6h,0.011,0.184,0.548,234,0.833,0.444,0.5,6,0.0,1.0,0.0,2,S/D,S/D,S/D,0,S/D,S/D,S/D,0
472FD6CE,LANCONES,PIURA,SULLANA,eta5,pp,20260828,20260926,"00Z,12Z",D1,6h,0.018,0.191,0.313,198,0.4,0.846,0.125,5,0.0,1.0,0.0,2,S/D,S/D,S/D,0,S/D,S/D,S/D,0
472FD6CE,LANCONES,PIURA,SULLANA,wrf5,pp,20260828,20260926,"00Z,12Z",D1,6h,0.032,0.426,0.169,230,0.333,0.778,0.154,6,0.0,1.0,0.0,2,S/D,S/D,S/D,0,S/D,S/D,S/D,0
472FD6CE,LANCONES,PIURA,SULLANA,mpas15,pp,20260828,20260926,00Z,D1,6h,0.087,0.625,-0.112,117,0.0,1.0,0.0,3,0.0,1.0,0.0,1,S/D,1.0,0.0,0,S/D,S/D,S/D,0
270202,PUENTE AZANGARO,PUNO,AZANGARO,ecmwf,pp,20260828,20260926,"00Z,12Z",D1,6h,0.199,1.445,0.525,234,1.0,0.629,0.371,26,0.833,0.677,0.303,12,0.0,1.0,0.0,4,S/D,S/D,S/D,0
270202,PUENTE AZANGARO,PUNO,AZANGARO,gfs,pp,20260828,20260926,"00Z,12Z",D1,6h,0.192,1.019,0.569,234,0.962,0.59,0.403,26,0.75,0.667,0.3,12,0.5,0.714,0.222,4,S/D,S/D,S/D,0
270202,PUENTE AZANGARO,PUNO,AZANGARO,eta5,pp,20260828,20260926,"00Z,12Z",D1,6h,0.595,1.906,0.618,197,0.958,0.617,0.377,24,0.9,0.775,0.22,10,1.0,0.667,0.333,4,S/D,S/D,S/D,0
270202,PUENTE AZANGARO,PUNO,AZANGARO,wrf5,pp,20260828,20260926,"00Z,12Z",D1,6h,0.235,1.637,0.556,230,0.84,0.543,0.42,25,0.636,0.682,0.269,11,0.333,0.833,0.125,3,S/D,S/D,S/D,0
270202,PUENTE AZANGARO,PUNO,AZANGARO,mpas15,pp,20260828,20260926,00Z,D1,6h,0.253,1.802,0.253,117,0.692,0.7,0.265,13,0.833,0.792,0.2,6,0.0,1.0,0.0,2,S/D,S/D,S/D,0
4721AAE4,AYMAÑA,PUNO,CARABAYA,ecmwf,pp,20260828,20260926,"00Z,12Z",D1,6h,0.031,1.727,0.383,232,0.806,0.718,0.264,36,0.583,0.696,0.25,12,0.0,1.0,0.0,4,S/D,S/D,S/D,0
4721AAE4,AYMAÑA,PUNO,CARABAYA,gfs,pp,20260828,20260926,"00Z,12Z",D1,6h,0.578,2.436,0.354,232,0.917,0.771,0.224,36,0.583,0.885,0.106,12,0.0,1.0,0.0,4,S/D,S/D,S/D,0
4721AAE4,AYMAÑA,PUNO,CARABAYA,eta5,pp,20260828,20260926,"00Z,12Z",D1,6h,0.973,2.678,0.403,195,0.886,0.75,0.242,35,0.917,0.843,0.155,12,0.0,1.0,0.0,4,S/D,S/D,S/D,0
4721AAE4,AYMAÑA,PUNO,CARABAYA,wrf5,pp,20260828,20260926,"00Z,12Z",D1,6h,-0.06,1.861,0.399,229,0.529,0.625,0.281,34,0.545,0.6,0.3,11,0.0,1.0,0.0,4,S/D,S/D,S/D,0
4721AAE4,AYMAÑA,PUNO,CARABAYA,mpas15,pp,20260828,20260926,00Z,D1,6h,0.315,1.8,0.439,116,0.944,0.653,0.34,18,0.833,0.861,0.135,6,0.0,S/D,0.0,2,S/D,S/D,S/D,0
4721B992,UPINA,PUNO,CARABAYA,ecmwf,pp,20260828,20260926,"00Z,12Z",D1,6h,0.501,1.208,0.234,232,0.767,0.822,0.169,30,0.8,0.86,0.136,10,S/D,1.0,0.0,0,S/D,S/D,S/D,0
4721B992,UPINA,PUNO,CARABAYA,gfs,pp,20260828,20260926,"00Z,12Z",D1,6h,0.706,1.835,0.237,232,0.733,0.85,0.142,30,0.9,0.847,0.15,10,S/D,1.0,0.0,0,S/D,S/D,S/D,0
4721B992,UPINA,PUNO,CARABAYA,eta5,pp,20260828,20260926,"00Z,12Z",D1,6h,0.99,2.628,0.22,195,0.69,0.796,0.187,29,0.7,0.865,0.127,10,S/D,1.0,0.0,0,S/D,S/D,S/D,0
4721B992,UPINA,PUNO,CARABAYA,wrf5,pp,20260828,20260926,"00Z,12Z",D1,6h,0.139,1.312,0.334,229,0.567,0.595,0.309,30,0.4,0.765,0.174,10,S/D,1.0,0.0,0,S/D,S/D,S/D,0
4721B992,UPINA,PUNO,CARABAYA,mpas15,pp,20260828,20260926,00Z,D1,6h,1.279,3.175,0.153,116,0.6,0.83,0.153,15,0.8,0.907,0.091,5,S/D,1.0,0.0,0,S/D,1.0,0.0,0
210003,HUANCASAYA,PUNO,HUANCANE,ecmwf,pp,20260828,20260926,"00Z,12Z",D1,6h,0.327,1.049,0.586,220,0.875,0.462,0.5,48,0.5,0.765,0.19,16,S/D,1.0,0.0,0,S/D,S/D,S/D,0
210003,HUANCASAYA,PUNO,HUANCANE,gfs,pp,20260828,20260926,"00Z,12Z",D1,6h,0.515,1.182,0.662,220,0.958,0.521,0.469,48,0.75,0.745,0.235,16,S/D,1.0,0.0,0,S/D,S/D,S/D,0
210003,HUANCASAYA,PUNO,HUANCANE,eta5,pp,20260828,20260926,"00Z,12Z",D1,6h,0.448,1.512,0.612,188,0.8,0.379,0.537,45,0.571,0.765,0.2,14,S/D,1.0,0.0,0,S/D,S/D,S/D,0
210003,HUANCASAYA,PUNO,HUANCANE,wrf5,pp,20260828,20260926,"00Z,12Z",D1,6h,0.79,2.314,0.666,216,0.848,0.4,0.542,46,0.8,0.727,0.255,15,S/D,1.0,0.0,0,S/D,S/D,S/D,0
210003,HUANCASAYA,PUNO,HUANCANE,mpas15,pp,20260828,20260926,00Z,D1,6h,1.104,2.739,0.519,110,0.833,0.512,0.444,24,0.75,0.806,0.182,8,S/D,1.0,0.0,0,S/D,S/D,S/D,0
47251282,PUENTE CARRETERA RAMIS,PUNO,HUANCANE,ecmwf,pp,20260828,20260926,"00Z,12Z",D1,6h,0.15,0.971,0.455,216,0.944,0.73,0.266,18,0.8,0.652,0.32,10,0.5,0.667,0.25,2,S/D,S/D,S/D,0
47251282,PUENTE CARRETERA RAMIS,PUNO,HUANCANE,gfs,pp,20260828,20260926,"00Z,12Z",D1,6h,0.246,1.629,0.55,216,1.0,0.633,0.367,18,1.0,0.6,0.4,10,0.0,1.0,0.0,2,S/D,S/D,S/D,0
47251282,PUENTE CARRETERA RAMIS,PUNO,HUANCANE,eta5,pp,20260828,20260926,"00Z,12Z",D1,6h,0.822,2.314,0.555,184,1.0,0.735,0.265,18,1.0,0.778,0.222,10,0.0,1.0,0.0,2,S/D,S/D,S/D,0
47251282,PUENTE CARRETERA RAMIS,PUNO,HUANCANE,wrf5,pp,20260828,20260926,"00Z,12Z",D1,6h,0.319,1.5,0.546,212,0.941,0.61,0.381,17,0.889,0.636,0.348,9,1.0,0.714,0.286,2,S/D,S/D,S/D,0
47251282,PUENTE CARRETERA RAMIS,PUNO,HUANCANE,mpas15,pp,20260828,20260926,00Z,D1,6h,0.187,1.177,0.307,108,0.778,0.781,0.206,9,1.0,0.722,0.278,5,0.0,S/D,0.0,1,S/D,S/D,S/D,0
472E37C6,PALCA,PUNO,LAMPA,ecmwf,pp,20260828,20260926,"00Z,12Z",D1,6h,0.216,0.652,0.399,232,0.773,0.691,0.283,22,1.0,0.789,0.211,4,S/D,1.0,0.0,0,S/D,S/D,S/D,0
472E37C6,PALCA,PUNO,LAMPA,gfs,pp,20260828,20260926,"00Z,12Z",D1,6h,0.306,1.072,0.451,232,0.909,0.747,0.247,22,0.75,0.889,0.107,4,S/D,1.0,0.0,0,S/D,S/D,S/D,0
472E37C6,PALCA,PUNO,LAMPA,eta5,pp,20260828,20260926,"00Z,12Z",D1,6h,0.597,1.657,0.527,195,0.905,0.635,0.352,21,1.0,0.875,0.125,4,S/D,1.0,0.0,0,S/D,S/D,S/D,0
472E37C6,PALCA,PUNO,LAMPA,wrf5,pp,20260828,20260926,"00Z,12Z",D1,6h,0.299,1.138,0.44,229,0.762,0.68,0.291,21,0.0,1.0,0.0,3,S/D,1.0,0.0,0,S/D,S/D,S/D,0
472E37C6,PALCA,PUNO,LAMPA,mpas15,pp,20260828,20260926,00Z,D1,6h,0.214,0.692,0.192,116,0.545,0.739,0.214,11,0.5,0.923,0.071,2,S/D,S/D,S/D,0,S/D,S/D,S/D,0
472DE6A0,PAMPAHUTA,PUNO,LAMPA,ecmwf,pp,20260828,20260926,"00Z,12Z",D1,6h,0.062,0.622,0.455,234,0.833,0.608,0.364,24,0.667,0.385,0.471,12,0.25,0.667,0.167,4,S/D,S/D,S/D,0
472DE6A0,PAMPAHUTA,PUNO,LAMPA,gfs,pp,20260828,20260926,"00Z,12Z",D1,6h,0.279,1.282,0.519,234,0.917,0.676,0.314,24,1.0,0.636,0.364,12,0.0,1.0,0.0,4,S/D,S/D,S/D,0
472DE6A0,PAMPAHUTA,PUNO,LAMPA,eta5,pp,20260828,20260926,"00Z,12Z",D1,6h,0.328,1.44,0.573,197,0.783,0.561,0.391,23,1.0,0.538,0.462,12,0.75,0.5,0.429,4,S/D,S/D,S/D,0
472DE6A0,PAMPAHUTA,PUNO,LAMPA,wrf5,pp,20260828,20260926,"00Z,12Z",D1,6h,0.113,0.886,0.488,231,0.696,0.556,0.372,23,0.909,0.444,0.526,11,0.0,1.0,0.0,4,S/D,S/D,S/D,0
472DE6A0,PAMPAHUTA,PUNO,LAMPA,mpas15,pp,20260828,20260926,00Z,D1,6h,0.073,0.653,0.442,117,0.75,0.55,0.391,12,0.667,0.733,0.235,6,0.5,0.0,0.5,2,S/D,S/D,S/D,0
114134,ANANSAYA -PUNA,PUNO,MELGAR,ecmwf,pp,20260828,20260926,"00Z,12Z",D1,6h,0.106,0.238,S/D,16,S/D,1.0,0.0,0,S/D,S/D,S/D,0,S/D,S/D,S/D,0,S/D,S/D,S/D,0
114134,ANANSAYA -PUNA,PUNO,MELGAR,gfs,pp,20260828,20260926,"00Z,12Z",D1,6h,0.637,1.745,S/D,16,S/D,1.0,0.0,0,S/D,1.0,0.0,0,S/D,1.0,0.0,0,S/D,S/D,S/D,0
114134,ANANSAYA -PUNA,PUNO,MELGAR,eta5,pp,20260828,20260926,"00Z,12Z",D1,6h,0.184,0.501,S/D,13,S/D,1.0,0.0,0,S/D,1.0,0.0,0,S/D,S/D,S/D,0,S/D,S/D,S/D,0
114134,ANANSAYA -PUNA,PUNO,MELGAR,wrf5,pp,20260828,20260926,"00Z,12Z",D1,6h,0.18,0.59,S/D,15,S/D,1.0,0.0,0,S/D,1.0,0.0,0,S/D,S/D,S/D,0,S/D,S/D,S/D,0
114134,ANANSAYA -PUNA,PUNO,MELGAR,mpas15,pp,20260828,20260926,00Z,D1,6h,0.312,0.729,S/D,8,S/D,1.0,0.0,0,S/D,1.0,0.0,0,S/D,S/D,S/D,0,S/D,S/D,S/D,0
47256412,ENAFER,PUNO,PUNO,ecmwf,pp,20260828,20260926,"00Z,12Z",D1,6h,S/D,S/D,S/D,0,S/D,S/D,S/D,0,S/D,S/D,S/D,0,S/D,S/D,S/D,0,S/D,S/D,S/D,0
47256412,ENAFER,PUNO,PUNO,gfs,pp,20260828,20260926,"00Z,12Z",D1,6h,S/D,S/D,S/D,0,S/D,S/D,S/D,0,S/D,S/D,S/D,0,S/D,S/D,S/D,0,S/D,S/D,S/D,0
47256412,ENAFER,PUNO,PUNO,eta5,pp,20260828,20260926,"00Z,12Z",D1,6h,S/D,S/D,S/D,0,S/D,S/D,S/D,0,S/D,S/D,S/D,0,S/D,S/D,S/D,0,S/D,S/D,S/D,0
47256412,ENAFER,PUNO,PUNO,wrf5,pp,20260828,20260926,"00Z,12Z",D1,6h,S/D,S/D,S/D,0,S/D,S/D,S/D,0,S/D,S/D,S/D,0,S/D,S/D,S/D,0,S/D,S/D,S/D,0
47256412,ENAFER,PUNO,PUNO,mpas15,pp,20260828,20260926,00Z,D1,6h,S/D,S/D,S/D,0,S/D,S/D,S/D,0,S/D,S/D,S/D,0,S/D,S/D,S/D,0,S/D,S/D,S/D,0
472E4156,ILLPA,PUNO,PUNO,ecmwf,pp,20260828,20260926,"00Z,12Z",D1,6h,0.149,0.651,0.401,224,0.875,0.759,0.233,16,0.625,0.615,0.312,8,S/D,1.0,0.0,0,S/D,S/D,S/D,0
472E4156,ILLPA,PUNO,PUNO,gfs,pp,20260828,20260926,"00Z,12Z",D1,6h,0.294,1.109,0.463,224,0.938,0.783,0.214,16,0.75,0.7,0.273,8,S/D,1.0,0.0,0,S/D,S/D,S/D,0
472E4156,ILLPA,PUNO,PUNO,eta5,pp,20260828,20260926,"00Z,12Z",D1,6h,0.351,1.108,0.443,188,0.867,0.75,0.241,15,0.75,0.769,0.214,8,S/D,1.0,0.0,0,S/D,S/D,S/D,0
472E4156,ILLPA,PUNO,PUNO,wrf5,pp,20260828,20260926,"00Z,12Z",D1,6h,0.24,1.073,0.526,221,0.8,0.636,0.333,15,0.857,0.6,0.375,7,S/D,1.0,0.0,0,S/D,S/D,S/D,0
472E4156,ILLPA,PUNO,PUNO,mpas15,pp,20260828,20260926,00Z,D1,6h,0.321,1.321,0.228,112,0.625,0.762,0.208,8,0.75,0.8,0.188,4,S/D,1.0,0.0,0,S/D,S/D,S/D,0
472CB426,LARAQUERI,PUNO,PUNO,ecmwf,pp,20260828,20260926,"00Z,12Z",D1,6h,0.13,0.54,0.414,232,1.0,0.744,0.256,10,0.875,0.5,0.467,8,S/D,1.0,0.0,0,S/D,S/D,S/D,0
472CB426,LARAQUERI,PUNO,PUNO,gfs,pp,20260828,20260926,"00Z,12Z",D1,6h,0.301,1.301,0.441,232,1.0,0.792,0.208,10,1.0,0.529,0.471,8,S/D,1.0,0.0,0,S/D,S/D,S/D,0
472CB426,LARAQUERI,PUNO,PUNO,eta5,pp,20260828,20260926,"00Z,12Z",D1,6h,0.332,1.15,0.494,195,1.0,0.697,0.303,10,0.875,0.682,0.304,8,S/D,1.0,0.0,0,S/D,S/D,S/D,0
472CB426,LARAQUERI,PUNO,PUNO,wrf5,pp,20260828,20260926,"00Z,12Z",D1,6h,0.202,1.086,0.472,229,1.0,0.655,0.345,10,0.875,0.533,0.438,8,S/D,1.0,0.0,0,S/D,S/D,S/D,0
472CB426,LARAQUERI,PUNO,PUNO,mpas15,pp,20260828,20260926,00Z,D1,6h,0.19,0.612,0.27,116,0.8,0.789,0.2,5,1.0,0.667,0.333,4,S/D,1.0,0.0,0,S/D,S/D,S/D,0
472DD33A,PUNO,PUNO,PUNO,ecmwf,pp,20260828,20260926,"00Z,12Z",D1,6h,0.153,0.722,0.389,226,1.0,0.793,0.207,12,0.75,0.769,0.214,4,0.0,1.0,0.0,2,S/D,S/D,S/D,0
472DD33A,PUNO,PUNO,PUNO,gfs,pp,20260828,20260926,"00Z,12Z",D1,6h,0.297,1.271,0.358,226,0.917,0.841,0.157,12,0.75,0.85,0.143,4,0.0,1.0,0.0,2,S/D,S/D,S/D,0
472DD33A,PUNO,PUNO,PUNO,eta5,pp,20260828,20260926,"00Z,12Z",D1,6h,0.207,0.739,0.413,190,0.917,0.756,0.239,12,1.0,0.733,0.267,4,0.5,0.667,0.25,2,S/D,S/D,S/D,0
472DD33A,PUNO,PUNO,PUNO,wrf5,pp,20260828,20260926,"00Z,12Z",D1,6h,0.268,1.271,0.462,223,0.818,0.71,0.273,11,1.0,0.778,0.222,4,0.5,0.833,0.143,2,S/D,S/D,S/D,0
472DD33A,PUNO,PUNO,PUNO,mpas15,pp,20260828,20260926,00Z,D1,6h,0.31,1.431,0.321,113,0.833,0.643,0.333,6,1.0,0.833,0.167,2,0.0,1.0,0.0,1,S/D,S/D,S/D,0
472CF72C,JULIACA,PUNO,SAN ROMAN,ecmwf,pp,20260828,20260926,"00Z,12Z",D1,6h,0.108,0.497,0.486,226,1.0,0.673,0.327,16,0.7,0.364,0.5,10,S/D,1.0,0.0,0,S/D,S/D,S/D,0
472CF72C,JULIACA,PUNO,SAN ROMAN,gfs,pp,20260828,20260926,"00Z,12Z",D1,6h,0.188,0.829,0.464,226,0.938,0.769,0.227,16,0.5,0.643,0.263,10,S/D,1.0,0.0,0,S/D,S/D,S/D,0
472CF72C,JULIACA,PUNO,SAN ROMAN,eta5,pp,20260828,20260926,"00Z,12Z",D1,6h,0.352,1.176,0.543,189,0.938,0.643,0.349,16,0.9,0.609,0.375,10,S/D,1.0,0.0,0,S/D,S/D,S/D,0
472CF72C,JULIACA,PUNO,SAN ROMAN,wrf5,pp,20260828,20260926,"00Z,12Z",D1,6h,0.273,1.681,0.479,223,0.643,0.719,0.243,14,0.556,0.688,0.25,9,S/D,1.0,0.0,0,S/D,S/D,S/D,0
472CF72C,JULIACA,PUNO,SAN ROMAN,mpas15,pp,20260828,20260926,00Z,D1,6h,0.21,0.736,0.39,113,0.875,0.682,0.304,8,0.8,0.636,0.333,5,S/D,1.0,0.0,0,S/D,S/D,S/D,0
107142,BELLAVISTA,SAN MARTIN,BELLAVISTA,ecmwf,pp,20260828,20260926,"00Z,12Z",D1,6h,S/D,S/D,S/D,0,S/D,S/D,S/D,0,S/D,S/D,S/D,0,S/D,S/D,S/D,0,S/D,S/D,S/D,0
107142,BELLAVISTA,SAN MARTIN,BELLAVISTA,gfs,pp,20260828,20260926,"00Z,12Z",D1,6h,S/D,S/D,S/D,0,S/D,S/D,S/D,0,S/D,S/D,S/D,0,S/D,S/D,S/D,0,S/D,S/D,S/D,0
107142,BELLAVISTA,SAN MARTIN,BELLAVISTA,eta5,pp,20260828,20260926,"00Z,12Z",D1,6h,S/D,S/D,S/D,0,S/D,S/D,S/D,0,S/D,S/D,S/D,0,S/D,S/D,S/D,0,S/D,S/D,S/D,0
107142,BELLAVISTA,SAN MARTIN,BELLAVISTA,wrf5,pp,20260828,20260926,"00Z,12Z",D1,6h,S/D,S/D,S/D,0,S/D,S/D,S/D,0,S/D,S/D,S/D,0,S/D,S/D,S/D,0,S/D,S/D,S/D,0
107142,BELLAVISTA,SAN MARTIN,BELLAVISTA,mpas15,pp,20260828,20260926,00Z,D1,6h,S/D,S/D,S/D,0,S/D,S/D,S/D,0,S/D,S/D,S/D,0,S/D,S/D,S/D,0,S/D,S/D,S/D,0
210006,SHANAO,SAN MARTIN,LAMAS,ecmwf,pp,20260828,20260926,"00Z,12Z",D1,6h,S/D,S/D,S/D,0,S/D,S/D,S/D,0,S/D,S/D,S/D,0,S/D,S/D,S/D,0,S/D,S/D,S/D,0
210006,SHANAO,SAN MARTIN,LAMAS,gfs,pp,20260828,20260926,"00Z,12Z",D1,6h,S/D,S/D,S/D,0,S/D,S/D,S/D,0,S/D,S/D,S/D,0,S/D,S/D,S/D,0,S/D,S/D,S/D,0
210006,SHANAO,SAN MARTIN,LAMAS,eta5,pp,20260828,20260926,"00Z,12Z",D1,6h,S/D,S/D,S/D,0,S/D,S/D,S/D,0,S/D,S/D,S/D,0,S/D,S/D,S/D,0,S/D,S/D,S/D,0
210006,SHANAO,SAN MARTIN,LAMAS,wrf5,pp,20260828,20260926,"00Z,12Z",D1,6h,S/D,S/D,S/D,0,S/D,S/D,S/D,0,S/D,S/D,S/D,0,S/D,S/D,S/D,0,S/D,S/D,S/D,0
210006,SHANAO,SAN MARTIN,LAMAS,mpas15,pp,20260828,20260926,00Z,D1,6h,S/D,S/D,S/D,0,S/D,S/D,S/D,0,S/D,S/D,S/D,0,S/D,S/D,S/D,0,S/D,S/D,S/D,0
106144,JEPELACIO,SAN MARTIN,MOYOBAMBA,ecmwf,pp,20260828,20260926,"00Z,12Z",D1,6h,S/D,S/D,S/D,0,S/D,S/D,S/D,0,S/D,S/D,S/D,0,S/D,S/D,S/D,0,S/D,S/D,S/D,0
106144,JEPELACIO,SAN MARTIN,MOYOBAMBA,gfs,pp,20260828,20260926,"00Z,12Z",D1,6h,S/D,S/D,S/D,0,S/D,S/D,S/D,0,S/D,S/D,S/D,0,S/D,S/D,S/D,0,S/D,S/D,S/D,0
106144,JEPELACIO,SAN MARTIN,MOYOBAMBA,eta5,pp,20260828,20260926,"00Z,12Z",D1,6h,S/D,S/D,S/D,0,S/D,S/D,S/D,0,S/D,S/D,S/D,0,S/D,S/D,S/D,0,S/D,S/D,S/D,0
106144,JEPELACIO,SAN MARTIN,MOYOBAMBA,wrf5,pp,20260828,20260926,"00Z,12Z",D1,6h,S/D,S/D,S/D,0,S/D,S/D,S/D,0,S/D,S/D,S/D,0,S/D,S/D,S/D,0,S/D,S/D,S/D,0
106144,JEPELACIO,SAN MARTIN,MOYOBAMBA,mpas15,pp,20260828,20260926,00Z,D1,6h,S/D,S/D,S/D,0,S/D,S/D,S/D,0,S/D,S/D,S/D,0,S/D,S/D,S/D,0,S/D,S/D,S/D,0
106145,TINGO DE PONAZA,SAN MARTIN,PICOTA,ecmwf,pp,20260828,20260926,"00Z,12Z",D1,6h,S/D,S/D,S/D,0,S/D,S/D,S/D,0,S/D,S/D,S/D,0,S/D,S/D,S/D,0,S/D,S/D,S/D,0
106145,TINGO DE PONAZA,SAN MARTIN,PICOTA,gfs,pp,20260828,20260926,"00Z,12Z",D1,6h,S/D,S/D,S/D,0,S/D,S/D,S/D,0,S/D,S/D,S/D,0,S/D,S/D,S/D,0,S/D,S/D,S/D,0
106145,TINGO DE PONAZA,SAN MARTIN,PICOTA,eta5,pp,20260828,20260926,"00Z,12Z",D1,6h,S/D,S/D,S/D,0,S/D,S/D,S/D,0,S/D,S/D,S/D,0,S/D,S/D,S/D,0,S/D,S/D,S/D,0
106145,TINGO DE PONAZA,SAN MARTIN,PICOTA,wrf5,pp,20260828,20260926,"00Z,12Z",D1,6h,S/D,S/D,S/D,0,S/D,S/D,S/D,0,S/D,S/D,S/D,0,S/D,S/D,S/D,0,S/D,S/D,S/D,0
106145,TINGO DE PONAZA,SAN MARTIN,PICOTA,mpas15,pp,20260828,20260926,00Z,D1,6h,S/D,S/D,S/D,0,S/D,S/D,S/D,0,S/D,S/D,S/D,0,S/D,S/D,S/D,0,S/D,S/D,S/D,0
4724851A,NARANJILLO,SAN MARTIN,RIOJA,ecmwf,pp,20260828,20260926,"00Z,12Z",D1,6h,1.042,3.644,0.382,216,1.0,0.805,0.195,30,0.773,0.815,0.175,22,0.5,0.762,0.192,10,0.0,S/D,0.0,2
4724851A,NARANJILLO,SAN MARTIN,RIOJA,gfs,pp,20260828,20260926,"00Z,12Z",D1,6h,0.304,3.576,0.327,216,0.933,0.806,0.192,30,0.682,0.805,0.179,22,0.1,0.833,0.067,10,0.0,S/D,0.0,2
4724851A,NARANJILLO,SAN MARTIN,RIOJA,eta5,pp,20260828,20260926,"00Z,12Z",D1,6h,1.236,4.674,0.228,183,0.741,0.828,0.163,27,0.571,0.838,0.145,21,0.4,0.84,0.129,10,0.0,S/D,0.0,2
4724851A,NARANJILLO,SAN MARTIN,RIOJA,wrf5,pp,20260828,20260926,"00Z,12Z",D1,6h,-0.247,3.625,0.417,213,0.7,0.618,0.328,30,0.5,0.621,0.275,22,0.2,0.714,0.133,10,0.0,S/D,0.0,2
4724851A,NARANJILLO,SAN MARTIN,RIOJA,mpas15,pp,20260828,20260926,00Z,D1,6h,0.595,2.708,0.36,108,0.8,0.76,0.226,15,0.727,0.795,0.19,11,0.6,0.7,0.25,5,0.0,S/D,0.0,1
4723013A,EL PORVENIR,SAN MARTIN,SAN MARTIN,ecmwf,pp,20260828,20260926,"00Z,12Z",D1,6h,1.532,4.757,0.386,214,1.0,0.894,0.106,12,1.0,0.877,0.123,8,1.0,0.778,0.222,4,S/D,1.0,0.0,0
4723013A,EL PORVENIR,SAN MARTIN,SAN MARTIN,gfs,pp,20260828,20260926,"00Z,12Z",D1,6h,0.709,2.421,0.389,214,1.0,0.875,0.125,12,1.0,0.846,0.154,8,1.0,0.6,0.4,4,S/D,1.0,0.0,0
4723013A,EL PORVENIR,SAN MARTIN,SAN MARTIN,eta5,pp,20260828,20260926,"00Z,12Z",D1,6h,1.285,3.386,0.374,182,0.9,0.878,0.12,10,0.857,0.898,0.1,7,0.75,0.857,0.136,4,S/D,S/D,S/D,0
4723013A,EL PORVENIR,SAN MARTIN,SAN MARTIN,wrf5,pp,20260828,20260926,"00Z,12Z",D1,6h,0.018,2.446,0.422,211,0.583,0.667,0.269,12,0.75,0.5,0.429,8,0.5,0.5,0.333,4,S/D,S/D,S/D,0
4723013A,EL PORVENIR,SAN MARTIN,SAN MARTIN,mpas15,pp,20260828,20260926,00Z,D1,6h,0.797,1.965,0.376,107,1.0,0.829,0.171,6,1.0,0.857,0.143,4,1.0,0.714,0.286,2,S/D,1.0,0.0,0
47E2E456,TOCACHE,SAN MARTIN,TOCACHE,ecmwf,pp,20260828,20260926,"00Z,12Z",D1,6h,1.101,2.68,0.307,230,0.909,0.86,0.138,22,S/D,1.0,0.0,0,S/D,1.0,0.0,0,S/D,S/D,S/D,0
47E2E456,TOCACHE,SAN MARTIN,TOCACHE,gfs,pp,20260828,20260926,"00Z,12Z",D1,6h,1.2,2.544,0.271,230,1.0,0.854,0.146,22,S/D,1.0,0.0,0,S/D,1.0,0.0,0,S/D,S/D,S/D,0
47E2E456,TOCACHE,SAN MARTIN,TOCACHE,eta5,pp,20260828,20260926,"00Z,12Z",D1,6h,2.522,4.823,0.132,195,0.632,0.887,0.106,19,S/D,1.0,0.0,0,S/D,1.0,0.0,0,S/D,S/D,S/D,0
47E2E456,TOCACHE,SAN MARTIN,TOCACHE,wrf5,pp,20260828,20260926,"00Z,12Z",D1,6h,1.064,4.608,0.305,226,0.571,0.769,0.197,21,S/D,1.0,0.0,0,S/D,1.0,0.0,0,S/D,1.0,0.0,0
47E2E456,TOCACHE,SAN MARTIN,TOCACHE,mpas15,pp,20260828,20260926,00Z,D1,6h,2.438,4.437,0.329,115,1.0,0.855,0.145,11,S/D,1.0,0.0,0,S/D,1.0,0.0,0,S/D,S/D,S/D,0
47E2C2BA,CANDARAVE,TACNA,CANDARAVE,ecmwf,pp,20260828,20260926,"00Z,12Z",D1,6h,0.032,0.185,0.268,234,1.0,0.778,0.222,2,S/D,1.0,0.0,0,S/D,S/D,S/D,0,S/D,S/D,S/D,0
47E2C2BA,CANDARAVE,TACNA,CANDARAVE,gfs,pp,20260828,20260926,"00Z,12Z",D1,6h,0.067,0.34,0.29,234,1.0,0.867,0.133,2,S/D,1.0,0.0,0,S/D,S/D,S/D,0,S/D,S/D,S/D,0
47E2C2BA,CANDARAVE,TACNA,CANDARAVE,eta5,pp,20260828,20260926,"00Z,12Z",D1,6h,0.045,0.343,0.433,197,1.0,0.714,0.286,2,S/D,1.0,0.0,0,S/D,S/D,S/D,0,S/D,S/D,S/D,0
47E2C2BA,CANDARAVE,TACNA,CANDARAVE,wrf5,pp,20260828,20260926,"00Z,12Z",D1,6h,0.031,0.299,-0.018,230,0.0,1.0,0.0,2,S/D,1.0,0.0,0,S/D,S/D,S/D,0,S/D,S/D,S/D,0
47E2C2BA,CANDARAVE,TACNA,CANDARAVE,mpas15,pp,20260828,20260926,00Z,D1,6h,0.037,0.232,-0.062,117,0.0,1.0,0.0,1,S/D,1.0,0.0,0,S/D,S/D,S/D,0,S/D,S/D,S/D,0
47E1654C,CORACHAY II,TACNA,CANDARAVE,ecmwf,pp,20260828,20260926,"00Z,12Z",D1,6h,0.088,0.392,0.251,230,0.75,0.87,0.125,4,S/D,1.0,0.0,0,S/D,S/D,S/D,0,S/D,S/D,S/D,0
47E1654C,CORACHAY II,TACNA,CANDARAVE,gfs,pp,20260828,20260926,"00Z,12Z",D1,6h,0.134,0.625,0.37,230,1.0,0.852,0.148,4,S/D,1.0,0.0,0,S/D,1.0,0.0,0,S/D,S/D,S/D,0
47E1654C,CORACHAY II,TACNA,CANDARAVE,eta5,pp,20260828,20260926,"00Z,12Z",D1,6h,0.061,0.375,0.406,193,1.0,0.625,0.375,3,S/D,1.0,0.0,0,S/D,S/D,S/D,0,S/D,S/D,S/D,0
47E1654C,CORACHAY II,TACNA,CANDARAVE,wrf5,pp,20260828,20260926,"00Z,12Z",D1,6h,0.069,0.497,0.41,226,0.75,0.7,0.273,4,S/D,1.0,0.0,0,S/D,1.0,0.0,0,S/D,S/D,S/D,0
47E1654C,CORACHAY II,TACNA,CANDARAVE,mpas15,pp,20260828,20260926,00Z,D1,6h,0.068,0.301,0.086,115,0.5,0.889,0.1,2,S/D,1.0,0.0,0,S/D,S/D,S/D,0,S/D,S/D,S/D,0
47E12646,LAGUNA ARICOTA,TACNA,CANDARAVE,ecmwf,pp,20260828,20260926,"00Z,12Z",D1,6h,0.031,0.186,S/D,230,S/D,1.0,0.0,0,S/D,1.0,0.0,0,S/D,S/D,S/D,0,S/D,S/D,S/D,0
47E12646,LAGUNA ARICOTA,TACNA,CANDARAVE,gfs,pp,20260828,20260926,"00Z,12Z",D1,6h,0.061,0.335,S/D,230,S/D,1.0,0.0,0,S/D,1.0,0.0,0,S/D,S/D,S/D,0,S/D,S/D,S/D,0
47E12646,LAGUNA ARICOTA,TACNA,CANDARAVE,eta5,pp,20260828,20260926,"00Z,12Z",D1,6h,0.009,0.08,S/D,193,S/D,1.0,0.0,0,S/D,S/D,S/D,0,S/D,S/D,S/D,0,S/D,S/D,S/D,0
47E12646,LAGUNA ARICOTA,TACNA,CANDARAVE,wrf5,pp,20260828,20260926,"00Z,12Z",D1,6h,0.027,0.267,S/D,226,S/D,1.0,0.0,0,S/D,1.0,0.0,0,S/D,S/D,S/D,0,S/D,S/D,S/D,0
47E12646,LAGUNA ARICOTA,TACNA,CANDARAVE,mpas15,pp,20260828,20260926,00Z,D1,6h,0.009,0.093,S/D,115,S/D,1.0,0.0,0,S/D,1.0,0.0,0,S/D,S/D,S/D,0,S/D,S/D,S/D,0
47E186BE,PUENTE VIEJO,TACNA,JORGE BASADRE,ecmwf,pp,20260828,20260926,"00Z,12Z",D1,6h,-0.322,2.126,0.012,232,0.167,0.833,0.091,30,0.0,S/D,0.0,12,0.0,S/D,0.0,4,S/D,S/D,S/D,0
47E186BE,PUENTE VIEJO,TACNA,JORGE BASADRE,gfs,pp,20260828,20260926,"00Z,12Z",D1,6h,-0.355,2.13,0.174,232,0.0,S/D,0.0,30,0.0,S/D,0.0,12,0.0,S/D,0.0,4,S/D,S/D,S/D,0
47E186BE,PUENTE VIEJO,TACNA,JORGE BASADRE,eta5,pp,20260828,20260926,"00Z,12Z",D1,6h,-0.283,1.725,-0.028,195,0.0,S/D,0.0,26,0.0,S/D,0.0,9,0.0,S/D,0.0,3,S/D,S/D,S/D,0
47E186BE,PUENTE VIEJO,TACNA,JORGE BASADRE,wrf5,pp,20260828,20260926,"00Z,12Z",D1,6h,-0.358,2.144,0.042,229,0.0,1.0,0.0,30,0.0,S/D,0.0,12,0.0,S/D,0.0,4,S/D,S/D,S/D,0
47E186BE,PUENTE VIEJO,TACNA,JORGE BASADRE,mpas15,pp,20260828,20260926,00Z,D1,6h,-0.347,2.131,0.013,116,0.0,1.0,0.0,15,0.0,S/D,0.0,6,0.0,S/D,0.0,2,S/D,S/D,S/D,0
47E2B42A,BOCATOMA EL AYRO,TACNA,TACNA,ecmwf,pp,20260828,20260926,"00Z,12Z",D1,6h,0.055,0.346,0.331,234,0.833,0.722,0.263,6,0.0,1.0,0.0,2,S/D,S/D,S/D,0,S/D,S/D,S/D,0
47E2B42A,BOCATOMA EL AYRO,TACNA,TACNA,gfs,pp,20260828,20260926,"00Z,12Z",D1,6h,0.158,0.836,0.499,234,1.0,0.667,0.333,6,1.0,0.778,0.222,2,S/D,1.0,0.0,0,S/D,S/D,S/D,0
47E2B42A,BOCATOMA EL AYRO,TACNA,TACNA,eta5,pp,20260828,20260926,"00Z,12Z",D1,6h,0.112,0.562,0.5,197,1.0,0.636,0.364,4,1.0,0.714,0.286,2,S/D,S/D,S/D,0,S/D,S/D,S/D,0
47E2B42A,BOCATOMA EL AYRO,TACNA,TACNA,wrf5,pp,20260828,20260926,"00Z,12Z",D1,6h,0.069,0.627,0.584,230,1.0,0.6,0.4,6,0.5,0.8,0.167,2,S/D,1.0,0.0,0,S/D,S/D,S/D,0
47E2B42A,BOCATOMA EL AYRO,TACNA,TACNA,mpas15,pp,20260828,20260926,00Z,D1,6h,0.108,0.671,0.321,117,1.0,0.5,0.5,3,1.0,0.8,0.2,1,S/D,1.0,0.0,0,S/D,S/D,S/D,0
47E143A0,CAPLINA,TACNA,TACNA,ecmwf,pp,20260828,20260926,"00Z,12Z",D1,6h,0.003,0.066,0.48,226,0.5,0.5,0.333,6,S/D,S/D,S/D,0,S/D,S/D,S/D,0,S/D,S/D,S/D,0
47E143A0,CAPLINA,TACNA,TACNA,gfs,pp,20260828,20260926,"00Z,12Z",D1,6h,0.029,0.195,0.636,226,0.833,0.444,0.5,6,S/D,1.0,0.0,0,S/D,S/D,S/D,0,S/D,S/D,S/D,0
47E143A0,CAPLINA,TACNA,TACNA,eta5,pp,20260828,20260926,"00Z,12Z",D1,6h,0.047,0.425,0.56,191,0.75,0.4,0.5,4,S/D,1.0,0.0,0,S/D,1.0,0.0,0,S/D,S/D,S/D,0
47E143A0,CAPLINA,TACNA,TACNA,wrf5,pp,20260828,20260926,"00Z,12Z",D1,6h,0.067,0.502,0.737,222,0.833,0.444,0.5,6,S/D,1.0,0.0,0,S/D,1.0,0.0,0,S/D,S/D,S/D,0
47E143A0,CAPLINA,TACNA,TACNA,mpas15,pp,20260828,20260926,00Z,D1,6h,0.036,0.24,0.288,113,0.667,0.333,0.5,3,S/D,1.0,0.0,0,S/D,S/D,S/D,0,S/D,S/D,S/D,0
47E13530,CERRO BLANCO,TACNA,TACNA,ecmwf,pp,20260828,20260926,"00Z,12Z",D1,6h,-0.065,0.217,0.506,230,0.235,0.2,0.222,34,0.0,S/D,0.0,2,S/D,S/D,S/D,0,S/D,S/D,S/D,0
47E13530,CERRO BLANCO,TACNA,TACNA,gfs,pp,20260828,20260926,"00Z,12Z",D1,6h,-0.078,0.242,-0.027,230,0.0,S/D,0.0,34,0.0,S/D,0.0,2,S/D,S/D,S/D,0,S/D,S/D,S/D,0
47E13530,CERRO BLANCO,TACNA,TACNA,eta5,pp,20260828,20260926,"00Z,12Z",D1,6h,-0.081,0.251,S/D,193,0.0,S/D,0.0,30,0.0,S/D,0.0,2,S/D,S/D,S/D,0,S/D,S/D,S/D,0
47E13530,CERRO BLANCO,TACNA,TACNA,wrf5,pp,20260828,20260926,"00Z,12Z",D1,6h,-0.077,0.243,0.427,226,0.0,1.0,0.0,34,0.0,S/D,0.0,2,S/D,S/D,S/D,0,S/D,S/D,S/D,0
47E13530,CERRO BLANCO,TACNA,TACNA,mpas15,pp,20260828,20260926,00Z,D1,6h,-0.078,0.242,-0.026,115,0.0,S/D,0.0,17,0.0,S/D,0.0,1,S/D,S/D,S/D,0,S/D,S/D,S/D,0
47E195C8,CHALLATA,TACNA,TACNA,ecmwf,pp,20260828,20260926,"00Z,12Z",D1,6h,0.011,0.069,S/D,226,S/D,1.0,0.0,0,S/D,S/D,S/D,0,S/D,S/D,S/D,0,S/D,S/D,S/D,0
47E195C8,CHALLATA,TACNA,TACNA,gfs,pp,20260828,20260926,"00Z,12Z",D1,6h,0.037,0.232,S/D,226,S/D,1.0,0.0,0,S/D,1.0,0.0,0,S/D,S/D,S/D,0,S/D,S/D,S/D,0
47E195C8,CHALLATA,TACNA,TACNA,eta5,pp,20260828,20260926,"00Z,12Z",D1,6h,0.0,0.004,S/D,190,S/D,S/D,S/D,0,S/D,S/D,S/D,0,S/D,S/D,S/D,0,S/D,S/D,S/D,0
47E195C8,CHALLATA,TACNA,TACNA,wrf5,pp,20260828,20260926,"00Z,12Z",D1,6h,0.004,0.045,S/D,222,S/D,1.0,0.0,0,S/D,S/D,S/D,0,S/D,S/D,S/D,0,S/D,S/D,S/D,0
47E195C8,CHALLATA,TACNA,TACNA,mpas15,pp,20260828,20260926,00Z,D1,6h,0.0,0.0,S/D,113,S/D,S/D,S/D,0,S/D,S/D,S/D,0,S/D,S/D,S/D,0,S/D,S/D,S/D,0
4722F344,LA TRANCA,TACNA,TACNA,ecmwf,pp,20260828,20260926,"00Z,12Z",D1,6h,S/D,S/D,S/D,0,S/D,S/D,S/D,0,S/D,S/D,S/D,0,S/D,S/D,S/D,0,S/D,S/D,S/D,0
4722F344,LA TRANCA,TACNA,TACNA,gfs,pp,20260828,20260926,"00Z,12Z",D1,6h,S/D,S/D,S/D,0,S/D,S/D,S/D,0,S/D,S/D,S/D,0,S/D,S/D,S/D,0,S/D,S/D,S/D,0
4722F344,LA TRANCA,TACNA,TACNA,eta5,pp,20260828,20260926,"00Z,12Z",D1,6h,S/D,S/D,S/D,0,S/D,S/D,S/D,0,S/D,S/D,S/D,0,S/D,S/D,S/D,0,S/D,S/D,S/D,0
4722F344,LA TRANCA,TACNA,TACNA,wrf5,pp,20260828,20260926,"00Z,12Z",D1,6h,S/D,S/D,S/D,0,S/D,S/D,S/D,0,S/D,S/D,S/D,0,S/D,S/D,S/D,0,S/D,S/D,S/D,0
4722F344,LA TRANCA,TACNA,TACNA,mpas15,pp,20260828,20260926,00Z,D1,6h,S/D,S/D,S/D,0,S/D,S/D,S/D,0,S/D,S/D,S/D,0,S/D,S/D,S/D,0,S/D,S/D,S/D,0
47E113DC,REPRESA PAUCARANI,TACNA,TACNA,ecmwf,pp,20260828,20260926,"00Z,12Z",D1,6h,0.062,0.32,0.389,230,0.625,0.667,0.278,8,S/D,1.0,0.0,0,S/D,S/D,S/D,0,S/D,S/D,S/D,0
47E113DC,REPRESA PAUCARANI,TACNA,TACNA,gfs,pp,20260828,20260926,"00Z,12Z",D1,6h,0.107,0.643,0.447,230,0.75,0.571,0.375,8,S/D,1.0,0.0,0,S/D,1.0,0.0,0,S/D,S/D,S/D,0
47E113DC,REPRESA PAUCARANI,TACNA,TACNA,eta5,pp,20260828,20260926,"00Z,12Z",D1,6h,0.095,0.562,0.366,194,0.667,0.692,0.267,6,S/D,1.0,0.0,0,S/D,1.0,0.0,0,S/D,S/D,S/D,0
47E113DC,REPRESA PAUCARANI,TACNA,TACNA,wrf5,pp,20260828,20260926,"00Z,12Z",D1,6h,0.107,0.817,0.512,226,0.625,0.583,0.333,8,S/D,1.0,0.0,0,S/D,1.0,0.0,0,S/D,S/D,S/D,0
47E113DC,REPRESA PAUCARANI,TACNA,TACNA,mpas15,pp,20260828,20260926,00Z,D1,6h,0.028,0.212,0.29,115,0.5,0.333,0.4,4,S/D,1.0,0.0,0,S/D,S/D,S/D,0,S/D,S/D,S/D,0
117059,ANCOAQUE,TACNA,TARATA,ecmwf,pp,20260828,20260926,"00Z,12Z",D1,6h,0.06,0.351,0.29,182,0.667,0.6,0.333,6,S/D,1.0,0.0,0,S/D,S/D,S/D,0,S/D,S/D,S/D,0
117059,ANCOAQUE,TACNA,TARATA,gfs,pp,20260828,20260926,"00Z,12Z",D1,6h,0.116,0.677,0.362,182,0.667,0.75,0.222,6,S/D,1.0,0.0,0,S/D,1.0,0.0,0,S/D,S/D,S/D,0
117059,ANCOAQUE,TACNA,TARATA,eta5,pp,20260828,20260926,"00Z,12Z",D1,6h,0.066,0.383,0.327,152,0.6,0.5,0.375,5,S/D,1.0,0.0,0,S/D,S/D,S/D,0,S/D,S/D,S/D,0
117059,ANCOAQUE,TACNA,TARATA,wrf5,pp,20260828,20260926,"00Z,12Z",D1,6h,0.104,0.844,0.465,179,0.667,0.556,0.364,6,S/D,1.0,0.0,0,S/D,1.0,0.0,0,S/D,S/D,S/D,0
117059,ANCOAQUE,TACNA,TARATA,mpas15,pp,20260828,20260926,00Z,D1,6h,0.204,0.74,0.33,91,1.0,0.667,0.333,3,S/D,1.0,0.0,0,S/D,S/D,S/D,0,S/D,S/D,S/D,0
47E292C6,CHUAPALCA,TACNA,TARATA,ecmwf,pp,20260828,20260926,"00Z,12Z",D1,6h,0.062,0.383,0.151,232,0.5,0.846,0.133,4,S/D,1.0,0.0,0,S/D,S/D,S/D,0,S/D,S/D,S/D,0
47E292C6,CHUAPALCA,TACNA,TARATA,gfs,pp,20260828,20260926,"00Z,12Z",D1,6h,0.164,0.801,0.178,232,0.5,0.909,0.083,4,S/D,1.0,0.0,0,S/D,1.0,0.0,0,S/D,S/D,S/D,0
47E292C6,CHUAPALCA,TACNA,TARATA,eta5,pp,20260828,20260926,"00Z,12Z",D1,6h,0.13,0.629,0.249,195,0.5,0.833,0.143,4,S/D,1.0,0.0,0,S/D,S/D,S/D,0,S/D,S/D,S/D,0
47E292C6,CHUAPALCA,TACNA,TARATA,wrf5,pp,20260828,20260926,"00Z,12Z",D1,6h,0.06,0.336,0.211,228,0.5,0.867,0.118,4,S/D,1.0,0.0,0,S/D,S/D,S/D,0,S/D,S/D,S/D,0
47E292C6,CHUAPALCA,TACNA,TARATA,mpas15,pp,20260828,20260926,00Z,D1,6h,0.203,0.745,0.079,116,0.5,0.929,0.067,2,S/D,1.0,0.0,0,S/D,1.0,0.0,0,S/D,S/D,S/D,0
47E150D6,PUENTE TALAPALCA,TACNA,TARATA,ecmwf,pp,20260828,20260926,"00Z,12Z",D1,6h,0.001,0.009,S/D,222,S/D,S/D,S/D,0,S/D,S/D,S/D,0,S/D,S/D,S/D,0,S/D,S/D,S/D,0
47E150D6,PUENTE TALAPALCA,TACNA,TARATA,gfs,pp,20260828,20260926,"00Z,12Z",D1,6h,0.006,0.055,S/D,222,S/D,1.0,0.0,0,S/D,S/D,S/D,0,S/D,S/D,S/D,0,S/D,S/D,S/D,0
47E150D6,PUENTE TALAPALCA,TACNA,TARATA,eta5,pp,20260828,20260926,"00Z,12Z",D1,6h,0.01,0.108,S/D,187,S/D,1.0,0.0,0,S/D,1.0,0.0,0,S/D,S/D,S/D,0,S/D,S/D,S/D,0
47E150D6,PUENTE TALAPALCA,TACNA,TARATA,wrf5,pp,20260828,20260926,"00Z,12Z",D1,6h,0.004,0.042,S/D,218,S/D,1.0,0.0,0,S/D,S/D,S/D,0,S/D,S/D,S/D,0,S/D,S/D,S/D,0
47E150D6,PUENTE TALAPALCA,TACNA,TARATA,mpas15,pp,20260828,20260926,00Z,D1,6h,0.027,0.164,S/D,111,S/D,1.0,0.0,0,S/D,1.0,0.0,0,S/D,S/D,S/D,0,S/D,S/D,S/D,0
47E1B324,REPRESA JARUMAS,TACNA,TARATA,ecmwf,pp,20260828,20260926,"00Z,12Z",D1,6h,0.073,0.437,0.184,230,0.375,0.769,0.167,8,S/D,1.0,0.0,0,S/D,S/D,S/D,0,S/D,S/D,S/D,0
47E1B324,REPRESA JARUMAS,TACNA,TARATA,gfs,pp,20260828,20260926,"00Z,12Z",D1,6h,0.125,0.708,0.236,230,0.5,0.81,0.16,8,S/D,1.0,0.0,0,S/D,1.0,0.0,0,S/D,S/D,S/D,0
47E1B324,REPRESA JARUMAS,TACNA,TARATA,eta5,pp,20260828,20260926,"00Z,12Z",D1,6h,0.092,0.531,0.223,194,0.429,0.727,0.2,7,S/D,1.0,0.0,0,S/D,S/D,S/D,0,S/D,S/D,S/D,0
47E1B324,REPRESA JARUMAS,TACNA,TARATA,wrf5,pp,20260828,20260926,"00Z,12Z",D1,6h,0.1,0.732,0.29,226,0.375,0.75,0.176,8,S/D,1.0,0.0,0,S/D,1.0,0.0,0,S/D,S/D,S/D,0
47E1B324,REPRESA JARUMAS,TACNA,TARATA,mpas15,pp,20260828,20260926,00Z,D1,6h,0.057,0.304,0.167,115,0.25,0.857,0.1,4,S/D,1.0,0.0,0,S/D,S/D,S/D,0,S/D,S/D,S/D,0
47E1763A,SALIDA TUNEL KOVIRE,TACNA,TARATA,ecmwf,pp,20260828,20260926,"00Z,12Z",D1,6h,0.064,0.394,0.466,230,0.75,0.538,0.4,8,S/D,1.0,0.0,0,S/D,S/D,S/D,0,S/D,S/D,S/D,0
47E1763A,SALIDA TUNEL KOVIRE,TACNA,TARATA,gfs,pp,20260828,20260926,"00Z,12Z",D1,6h,0.117,0.652,0.573,230,1.0,0.619,0.381,8,S/D,1.0,0.0,0,S/D,1.0,0.0,0,S/D,S/D,S/D,0
47E1763A,SALIDA TUNEL KOVIRE,TACNA,TARATA,eta5,pp,20260828,20260926,"00Z,12Z",D1,6h,0.092,0.544,0.524,193,1.0,0.583,0.417,5,S/D,1.0,0.0,0,S/D,1.0,0.0,0,S/D,S/D,S/D,0
47E1763A,SALIDA TUNEL KOVIRE,TACNA,TARATA,wrf5,pp,20260828,20260926,"00Z,12Z",D1,6h,0.097,0.715,0.652,226,0.875,0.417,0.538,8,S/D,1.0,0.0,0,S/D,1.0,0.0,0,S/D,S/D,S/D,0
47E1763A,SALIDA TUNEL KOVIRE,TACNA,TARATA,mpas15,pp,20260828,20260926,00Z,D1,6h,0.066,0.327,0.327,115,0.75,0.571,0.375,4,S/D,1.0,0.0,0,S/D,S/D,S/D,0,S/D,S/D,S/D,0
47E2D1CC,TARATA,TACNA,TARATA,ecmwf,pp,20260828,20260926,"00Z,12Z",D1,6h,0.02,0.194,0.753,236,0.5,0.5,0.333,10,0.5,0.667,0.25,2,S/D,S/D,S/D,0,S/D,S/D,S/D,0
47E2D1CC,TARATA,TACNA,TARATA,gfs,pp,20260828,20260926,"00Z,12Z",D1,6h,0.062,0.38,0.667,236,0.8,0.429,0.5,10,1.0,0.667,0.333,2,S/D,S/D,S/D,0,S/D,S/D,S/D,0
47E2D1CC,TARATA,TACNA,TARATA,eta5,pp,20260828,20260926,"00Z,12Z",D1,6h,0.048,0.395,0.704,199,0.714,0.286,0.556,7,0.0,1.0,0.0,1,S/D,S/D,S/D,0,S/D,S/D,S/D,0
47E2D1CC,TARATA,TACNA,TARATA,wrf5,pp,20260828,20260926,"00Z,12Z",D1,6h,0.014,0.213,0.831,232,0.4,0.0,0.4,10,0.0,1.0,0.0,2,S/D,S/D,S/D,0,S/D,S/D,S/D,0
47E2D1CC,TARATA,TACNA,TARATA,mpas15,pp,20260828,20260926,00Z,D1,6h,0.063,0.293,0.418,118,1.0,0.167,0.833,5,1.0,0.8,0.2,1,S/D,S/D,S/D,0,S/D,S/D,S/D,0
47E2A75C,VILACOTA,TACNA,TARATA,ecmwf,pp,20260828,20260926,"00Z,12Z",D1,6h,0.094,0.407,0.291,234,1.0,0.81,0.19,4,S/D,1.0,0.0,0,S/D,S/D,S/D,0,S/D,S/D,S/D,0
47E2A75C,VILACOTA,TACNA,TARATA,gfs,pp,20260828,20260926,"00Z,12Z",D1,6h,0.155,0.769,0.362,234,1.0,0.818,0.182,4,S/D,1.0,0.0,0,S/D,1.0,0.0,0,S/D,S/D,S/D,0
47E2A75C,VILACOTA,TACNA,TARATA,eta5,pp,20260828,20260926,"00Z,12Z",D1,6h,0.096,0.499,0.397,198,1.0,0.692,0.308,4,S/D,1.0,0.0,0,S/D,S/D,S/D,0,S/D,S/D,S/D,0
47E2A75C,VILACOTA,TACNA,TARATA,wrf5,pp,20260828,20260926,"00Z,12Z",D1,6h,0.075,0.548,0.377,230,1.0,0.714,0.286,4,S/D,1.0,0.0,0,S/D,1.0,0.0,0,S/D,S/D,S/D,0
47E2A75C,VILACOTA,TACNA,TARATA,mpas15,pp,20260828,20260926,00Z,D1,6h,0.296,0.917,0.256,117,1.0,0.882,0.118,2,S/D,1.0,0.0,0,S/D,S/D,S/D,0,S/D,S/D,S/D,0
472F13D0,CAÑAVERAL,TUMBES,CONTRALMIRANTE VILLAR,ecmwf,pp,20260828,20260926,"00Z,12Z",D1,6h,0.151,1.521,0.298,232,0.417,0.848,0.125,12,0.833,0.615,0.357,6,0.333,0.0,0.333,6,S/D,S/D,S/D,0
472F13D0,CAÑAVERAL,TUMBES,CONTRALMIRANTE VILLAR,gfs,pp,20260828,20260926,"00Z,12Z",D1,6h,0.01,0.668,0.354,232,0.667,0.771,0.205,12,1.0,0.333,0.667,6,0.5,0.0,0.5,6,S/D,S/D,S/D,0
472F13D0,CAÑAVERAL,TUMBES,CONTRALMIRANTE VILLAR,eta5,pp,20260828,20260926,"00Z,12Z",D1,6h,0.202,1.085,0.283,195,0.778,0.837,0.156,9,0.75,0.87,0.125,4,0.25,0.5,0.2,4,S/D,S/D,S/D,0
472F13D0,CAÑAVERAL,TUMBES,CONTRALMIRANTE VILLAR,wrf5,pp,20260828,20260926,"00Z,12Z",D1,6h,-0.135,1.041,0.242,228,0.333,0.8,0.143,12,0.5,0.25,0.429,6,0.0,S/D,0.0,6,S/D,S/D,S/D,0
472F13D0,CAÑAVERAL,TUMBES,CONTRALMIRANTE VILLAR,mpas15,pp,20260828,20260926,00Z,D1,6h,-0.134,1.034,0.123,116,0.167,0.8,0.1,6,0.333,0.667,0.2,3,0.0,S/D,0.0,3,S/D,S/D,S/D,0
47E01126,CABO INGA H,TUMBES,TUMBES,ecmwf,pp,20260828,20260926,"00Z,12Z",D1,6h,-0.295,2.383,0.362,228,0.667,0.688,0.27,30,0.625,0.565,0.345,16,0.3,0.0,0.3,10,0.0,S/D,0.0,2
47E01126,CABO INGA H,TUMBES,TUMBES,gfs,pp,20260828,20260926,"00Z,12Z",D1,6h,-0.44,2.901,0.436,228,0.633,0.655,0.288,30,0.438,0.588,0.269,16,0.3,0.0,0.3,10,0.0,S/D,0.0,2
47E01126,CABO INGA H,TUMBES,TUMBES,eta5,pp,20260828,20260926,"00Z,12Z",D1,6h,0.377,2.965,0.278,193,0.68,0.75,0.224,25,0.615,0.814,0.167,13,0.143,0.917,0.056,7,0.0,S/D,0.0,1
47E01126,CABO INGA H,TUMBES,TUMBES,wrf5,pp,20260828,20260926,"00Z,12Z",D1,6h,-0.315,2.904,0.364,224,0.533,0.543,0.327,30,0.375,0.5,0.273,16,0.3,0.0,0.3,10,0.5,0.0,0.5,2
47E01126,CABO INGA H,TUMBES,TUMBES,mpas15,pp,20260828,20260926,00Z,D1,6h,-0.568,3.674,0.069,114,0.267,0.75,0.148,15,0.25,0.778,0.133,8,0.2,0.0,0.2,5,0.0,S/D,0.0,1
472F00A6,CABO INGA M,TUMBES,TUMBES,ecmwf,pp,20260828,20260926,"00Z,12Z",D1,6h,-0.482,3.058,0.429,228,0.808,0.672,0.304,26,0.688,0.542,0.379,16,0.333,0.0,0.333,12,0.0,S/D,0.0,2
472F00A6,CABO INGA M,TUMBES,TUMBES,gfs,pp,20260828,20260926,"00Z,12Z",D1,6h,-0.61,3.448,0.453,228,0.654,0.685,0.27,26,0.562,0.526,0.346,16,0.333,0.0,0.333,12,0.0,S/D,0.0,2
472F00A6,CABO INGA M,TUMBES,TUMBES,eta5,pp,20260828,20260926,"00Z,12Z",D1,6h,0.277,3.22,0.323,191,0.8,0.761,0.225,20,0.667,0.818,0.167,12,0.25,0.846,0.105,8,0.0,S/D,0.0,1
472F00A6,CABO INGA M,TUMBES,TUMBES,wrf5,pp,20260828,20260926,"00Z,12Z",D1,6h,-0.519,3.5,0.405,224,0.615,0.529,0.364,26,0.562,0.5,0.36,16,0.333,0.0,0.333,12,0.5,0.0,0.5,2
472F00A6,CABO INGA M,TUMBES,TUMBES,mpas15,pp,20260828,20260926,00Z,D1,6h,-0.786,4.309,0.113,114,0.308,0.75,0.16,13,0.25,0.778,0.133,8,0.167,0.0,0.167,6,0.0,S/D,0.0,1
472EF2D8,CAMPAMENTO SEDE,TUMBES,TUMBES,ecmwf,pp,20260828,20260926,"00Z,12Z",D1,6h,-0.065,0.989,0.088,160,0.286,0.81,0.129,14,0.0,1.0,0.0,2,0.0,S/D,0.0,2,S/D,S/D,S/D,0
472EF2D8,CAMPAMENTO SEDE,TUMBES,TUMBES,gfs,pp,20260828,20260926,"00Z,12Z",D1,6h,-0.08,0.992,-0.057,160,0.071,0.941,0.033,14,0.0,1.0,0.0,2,0.0,S/D,0.0,2,S/D,S/D,S/D,0
472EF2D8,CAMPAMENTO SEDE,TUMBES,TUMBES,eta5,pp,20260828,20260926,"00Z,12Z",D1,6h,0.343,1.353,-0.02,132,0.273,0.906,0.075,11,1.0,0.929,0.071,1,0.0,1.0,0.0,1,S/D,S/D,S/D,0
472EF2D8,CAMPAMENTO SEDE,TUMBES,TUMBES,wrf5,pp,20260828,20260926,"00Z,12Z",D1,6h,-0.104,0.988,-0.102,159,0.0,1.0,0.0,14,0.0,S/D,0.0,2,0.0,S/D,0.0,2,S/D,S/D,S/D,0
472EF2D8,CAMPAMENTO SEDE,TUMBES,TUMBES,mpas15,pp,20260828,20260926,00Z,D1,6h,-0.061,0.909,0.008,80,0.143,0.75,0.1,7,1.0,0.667,0.333,1,0.0,S/D,0.0,1,S/D,S/D,S/D,0
4724A3F6,EL TIGRE,TUMBES,TUMBES,ecmwf,pp,20260828,20260926,"00Z,12Z",D1,6h,0.277,1.293,0.274,214,1.0,0.875,0.125,6,1.0,0.875,0.125,2,0.0,1.0,0.0,2,S/D,S/D,S/D,0
4724A3F6,EL TIGRE,TUMBES,TUMBES,gfs,pp,20260828,20260926,"00Z,12Z",D1,6h,0.085,0.668,0.246,214,0.667,0.895,0.1,6,1.0,0.714,0.286,2,0.0,1.0,0.0,2,S/D,S/D,S/D,0
4724A3F6,EL TIGRE,TUMBES,TUMBES,eta5,pp,20260828,20260926,"00Z,12Z",D1,6h,0.519,1.512,0.195,181,1.0,0.947,0.053,3,1.0,0.962,0.038,1,1.0,0.857,0.143,1,S/D,S/D,S/D,0
4724A3F6,EL TIGRE,TUMBES,TUMBES,wrf5,pp,20260828,20260926,"00Z,12Z",D1,6h,0.027,0.632,0.269,210,0.667,0.789,0.19,6,1.0,0.667,0.333,2,0.0,1.0,0.0,2,S/D,S/D,S/D,0
4724A3F6,EL TIGRE,TUMBES,TUMBES,mpas15,pp,20260828,20260926,00Z,D1,6h,0.073,0.796,0.28,107,0.667,0.818,0.167,3,0.0,1.0,0.0,1,0.0,S/D,0.0,1,S/D,S/D,S/D,0
472F43AC,HUASIMO,TUMBES,TUMBES,ecmwf,pp,20260828,20260926,"00Z,12Z",D1,6h,-0.037,1.683,0.398,230,0.864,0.712,0.275,22,0.643,0.64,0.3,14,0.5,0.0,0.5,8,S/D,S/D,S/D,0
472F43AC,HUASIMO,TUMBES,TUMBES,gfs,pp,20260828,20260926,"00Z,12Z",D1,6h,-0.171,1.69,0.37,230,0.682,0.737,0.234,22,0.571,0.579,0.32,14,0.5,0.0,0.5,8,S/D,S/D,S/D,0
472F43AC,HUASIMO,TUMBES,TUMBES,eta5,pp,20260828,20260926,"00Z,12Z",D1,6h,0.105,2.097,0.291,193,0.75,0.786,0.2,16,0.6,0.769,0.2,10,0.4,0.6,0.25,5,S/D,S/D,S/D,0
472F43AC,HUASIMO,TUMBES,TUMBES,wrf5,pp,20260828,20260926,"00Z,12Z",D1,6h,-0.244,2.024,0.315,226,0.5,0.694,0.234,22,0.571,0.111,0.533,14,0.375,0.0,0.375,8,S/D,1.0,0.0,0
472F43AC,HUASIMO,TUMBES,TUMBES,mpas15,pp,20260828,20260926,00Z,D1,6h,-0.43,2.709,0.126,115,0.182,0.857,0.087,11,0.143,0.833,0.083,7,0.0,S/D,0.0,4,S/D,S/D,S/D,0
47E024BC,PUENTE TUMBES,TUMBES,TUMBES,ecmwf,pp,20260828,20260926,"00Z,12Z",D1,6h,-0.028,0.532,0.297,228,0.4,0.833,0.133,10,0.0,1.0,0.0,4,S/D,S/D,S/D,0,S/D,S/D,S/D,0
47E024BC,PUENTE TUMBES,TUMBES,TUMBES,gfs,pp,20260828,20260926,"00Z,12Z",D1,6h,-0.04,0.529,0.049,228,0.1,0.952,0.033,10,0.0,1.0,0.0,4,S/D,S/D,S/D,0,S/D,S/D,S/D,0
47E024BC,PUENTE TUMBES,TUMBES,TUMBES,eta5,pp,20260828,20260926,"00Z,12Z",D1,6h,0.307,1.102,0.185,193,0.75,0.885,0.111,8,0.667,0.882,0.111,3,S/D,1.0,0.0,0,S/D,S/D,S/D,0
47E024BC,PUENTE TUMBES,TUMBES,TUMBES,wrf5,pp,20260828,20260926,"00Z,12Z",D1,6h,-0.048,0.484,0.043,224,0.0,1.0,0.0,9,0.0,S/D,0.0,3,S/D,S/D,S/D,0,S/D,S/D,S/D,0
47E024BC,PUENTE TUMBES,TUMBES,TUMBES,mpas15,pp,20260828,20260926,00Z,D1,6h,-0.025,0.499,0.149,114,0.2,0.8,0.111,5,0.5,0.667,0.25,2,S/D,S/D,S/D,0,S/D,S/D,S/D,0
103068,PUERTO PIZARRO,TUMBES,TUMBES,ecmwf,pp,20260828,20260926,"00Z,12Z",D1,6h,0.121,0.226,S/D,4,S/D,1.0,0.0,0,S/D,S/D,S/D,0,S/D,S/D,S/D,0,S/D,S/D,S/D,0
103068,PUERTO PIZARRO,TUMBES,TUMBES,gfs,pp,20260828,20260926,"00Z,12Z",D1,6h,0.031,0.044,S/D,4,S/D,S/D,S/D,0,S/D,S/D,S/D,0,S/D,S/D,S/D,0,S/D,S/D,S/D,0
103068,PUERTO PIZARRO,TUMBES,TUMBES,eta5,pp,20260828,20260926,"00Z,12Z",D1,6h,0.014,0.029,S/D,4,S/D,S/D,S/D,0,S/D,S/D,S/D,0,S/D,S/D,S/D,0,S/D,S/D,S/D,0
103068,PUERTO PIZARRO,TUMBES,TUMBES,wrf5,pp,20260828,20260926,"00Z,12Z",D1,6h,0.012,0.025,S/D,4,S/D,S/D,S/D,0,S/D,S/D,S/D,0,S/D,S/D,S/D,0,S/D,S/D,S/D,0
103068,PUERTO PIZARRO,TUMBES,TUMBES,mpas15,pp,20260828,20260926,00Z,D1,6h,0.0,0.0,S/D,2,S/D,S/D,S/D,0,S/D,S/D,S/D,0,S/D,S/D,S/D,0,S/D,S/D,S/D,0
472F264A,RICA PLAYA,TUMBES,TUMBES,ecmwf,pp,20260828,20260926,"00Z,12Z",D1,6h,0.042,1.234,0.366,232,0.7,0.72,0.25,20,0.75,0.625,0.333,8,0.5,0.0,0.5,6,S/D,S/D,S/D,0
472F264A,RICA PLAYA,TUMBES,TUMBES,gfs,pp,20260828,20260926,"00Z,12Z",D1,6h,-0.136,1.14,0.471,232,0.8,0.6,0.364,20,0.625,0.286,0.5,8,0.167,0.0,0.167,6,S/D,S/D,S/D,0
472F264A,RICA PLAYA,TUMBES,TUMBES,eta5,pp,20260828,20260926,"00Z,12Z",D1,6h,0.262,1.22,0.231,195,0.688,0.807,0.177,16,0.6,0.897,0.097,5,0.5,0.5,0.333,4,S/D,S/D,S/D,0
472F264A,RICA PLAYA,TUMBES,TUMBES,wrf5,pp,20260828,20260926,"00Z,12Z",D1,6h,-0.174,1.282,0.281,228,0.35,0.696,0.194,20,0.375,0.571,0.25,8,0.167,0.0,0.167,6,S/D,S/D,S/D,0
472F264A,RICA PLAYA,TUMBES,TUMBES,mpas15,pp,20260828,20260926,00Z,D1,6h,-0.149,1.553,0.22,116,0.4,0.636,0.235,10,0.25,0.833,0.111,4,0.0,S/D,0.0,3,S/D,S/D,S/D,0
472F353C,MATAPALO,TUMBES,ZARUMILLA,ecmwf,pp,20260828,20260926,"00Z,12Z",D1,6h,0.378,1.985,0.152,230,0.556,0.88,0.11,18,0.5,0.917,0.077,4,1.0,0.6,0.4,2,S/D,S/D,S/D,0
472F353C,MATAPALO,TUMBES,ZARUMILLA,gfs,pp,20260828,20260926,"00Z,12Z",D1,6h,0.078,1.592,0.095,230,0.389,0.914,0.076,18,0.5,0.882,0.105,4,1.0,0.0,1.0,2,S/D,S/D,S/D,0
472F353C,MATAPALO,TUMBES,ZARUMILLA,eta5,pp,20260828,20260926,"00Z,12Z",D1,6h,1.262,2.726,0.023,194,0.733,0.904,0.093,15,0.333,0.985,0.014,3,1.0,0.941,0.059,1,S/D,S/D,S/D,0
472F353C,MATAPALO,TUMBES,ZARUMILLA,wrf5,pp,20260828,20260926,"00Z,12Z",D1,6h,-0.218,2.256,0.066,226,0.111,0.909,0.053,18,0.0,1.0,0.0,4,0.0,S/D,0.0,2,S/D,S/D,S/D,0
472F353C,MATAPALO,TUMBES,ZARUMILLA,mpas15,pp,20260828,20260926,00Z,D1,6h,0.037,2.402,0.059,115,0.222,0.9,0.074,9,0.0,1.0,0.0,2,0.0,1.0,0.0,1,S/D,S/D,S/D,0
47E86310,CALLERIA,UCAYALI,CORONEL PORTILLO,ecmwf,pp,20260828,20260926,"00Z,12Z",D1,6h,S/D,S/D,S/D,0,S/D,S/D,S/D,0,S/D,S/D,S/D,0,S/D,S/D,S/D,0,S/D,S/D,S/D,0
47E86310,CALLERIA,UCAYALI,CORONEL PORTILLO,gfs,pp,20260828,20260926,"00Z,12Z",D1,6h,S/D,S/D,S/D,0,S/D,S/D,S/D,0,S/D,S/D,S/D,0,S/D,S/D,S/D,0,S/D,S/D,S/D,0
47E86310,CALLERIA,UCAYALI,CORONEL PORTILLO,eta5,pp,20260828,20260926,"00Z,12Z",D1,6h,S/D,S/D,S/D,0,S/D,S/D,S/D,0,S/D,S/D,S/D,0,S/D,S/D,S/D,0,S/D,S/D,S/D,0
47E86310,CALLERIA,UCAYALI,CORONEL PORTILLO,wrf5,pp,20260828,20260926,"00Z,12Z",D1,6h,S/D,S/D,S/D,0,S/D,S/D,S/D,0,S/D,S/D,S/D,0,S/D,S/D,S/D,0,S/D,S/D,S/D,0
47E86310,CALLERIA,UCAYALI,CORONEL PORTILLO,mpas15,pp,20260828,20260926,00Z,D1,6h,S/D,S/D,S/D,0,S/D,S/D,S/D,0,S/D,S/D,S/D,0,S/D,S/D,S/D,0,S/D,S/D,S/D,0
47E87066,PUERTO ESPERANZA,UCAYALI,PURUS,ecmwf,pp,20260828,20260926,"00Z,12Z",D1,6h,-0.117,5.303,0.369,232,0.818,0.802,0.189,22,0.571,0.778,0.19,14,0.5,0.583,0.294,10,0.0,S/D,0.0,4
47E87066,PUERTO ESPERANZA,UCAYALI,PURUS,gfs,pp,20260828,20260926,"00Z,12Z",D1,6h,-0.556,5.529,0.378,232,0.727,0.729,0.246,22,0.571,0.68,0.258,14,0.2,0.667,0.143,10,0.0,S/D,0.0,4
47E87066,PUERTO ESPERANZA,UCAYALI,PURUS,eta5,pp,20260828,20260926,"00Z,12Z",D1,6h,-0.679,5.779,0.43,195,0.727,0.66,0.302,22,0.5,0.767,0.189,14,0.4,0.429,0.308,10,0.0,S/D,0.0,4
47E87066,PUERTO ESPERANZA,UCAYALI,PURUS,wrf5,pp,20260828,20260926,"00Z,12Z",D1,6h,-0.852,6.17,0.429,229,0.545,0.429,0.387,22,0.214,0.571,0.167,14,0.0,1.0,0.0,10,0.0,1.0,0.0,4
47E87066,PUERTO ESPERANZA,UCAYALI,PURUS,mpas15,pp,20260828,20260926,00Z,D1,6h,0.603,4.823,0.349,116,0.909,0.8,0.196,11,0.857,0.867,0.13,7,0.6,0.727,0.231,5,0.0,S/D,0.0,2
270001,DESAGUADERO,PUNO,CHUCUITO,ecmwf,pp,20260828,20260926,"00Z,12Z",D1,6h,S/D,S/D,S/D,0,S/D,S/D,S/D,0,S/D,S/D,S/D,0,S/D,S/D,S/D,0,S/D,S/D,S/D,0
270001,DESAGUADERO,PUNO,CHUCUITO,gfs,pp,20260828,20260926,"00Z,12Z",D1,6h,S/D,S/D,S/D,0,S/D,S/D,S/D,0,S/D,S/D,S/D,0,S/D,S/D,S/D,0,S/D,S/D,S/D,0
270001,DESAGUADERO,PUNO,CHUCUITO,eta5,pp,20260828,20260926,"00Z,12Z",D1,6h,S/D,S/D,S/D,0,S/D,S/D,S/D,0,S/D,S/D,S/D,0,S/D,S/D,S/D,0,S/D,S/D,S/D,0
270001,DESAGUADERO,PUNO,CHUCUITO,wrf5,pp,20260828,20260926,"00Z,12Z",D1,6h,S/D,S/D,S/D,0,S/D,S/D,S/D,0,S/D,S/D,S/D,0,S/D,S/D,S/D,0,S/D,S/D,S/D,0
270001,DESAGUADERO,PUNO,CHUCUITO,mpas15,pp,20260828,20260926,00Z,D1,6h,S/D,S/D,S/D,0,S/D,S/D,S/D,0,S/D,S/D,S/D,0,S/D,S/D,S/D,0,S/D,S/D,S/D,0
101004,GUEPPI,LORETO,PUTUMAYO,ecmwf,pp,20260828,20260926,"00Z,12Z",D1,6h,2.012,3.398,S/D,232,S/D,1.0,0.0,0,S/D,1.0,0.0,0,S/D,1.0,0.0,0,S/D,S/D,S/D,0
101004,GUEPPI,LORETO,PUTUMAYO,gfs,pp,20260828,20260926,"00Z,12Z",D1,6h,1.3,2.405,S/D,232,S/D,1.0,0.0,0,S/D,1.0,0.0,0,S/D,1.0,0.0,0,S/D,S/D,S/D,0
101004,GUEPPI,LORETO,PUTUMAYO,eta5,pp,20260828,20260926,"00Z,12Z",D1,6h,2.363,4.579,S/D,195,S/D,1.0,0.0,0,S/D,1.0,0.0,0,S/D,1.0,0.0,0,S/D,S/D,S/D,0
101004,GUEPPI,LORETO,PUTUMAYO,wrf5,pp,20260828,20260926,"00Z,12Z",D1,6h,0.299,1.034,S/D,228,S/D,1.0,0.0,0,S/D,1.0,0.0,0,S/D,1.0,0.0,0,S/D,S/D,S/D,0
101004,GUEPPI,LORETO,PUTUMAYO,mpas15,pp,20260828,20260926,00Z,D1,6h,2.017,4.267,S/D,116,S/D,1.0,0.0,0,S/D,1.0,0.0,0,S/D,1.0,0.0,0,S/D,S/D,S/D,0
