codigo,estacion,departamento,provincia,modelo,variable,periodo_inicio,periodo_fin,ciclos,horizonte,resolucion,bias,rmse,spearman,n,pod_0p1,far_0p1,csi_0p1,eventos_0p1,pod_1,far_1,csi_1,eventos_1,pod_5,far_5,csi_5,eventos_5,pod_25,far_25,csi_25,eventos_25
472B55E0,PUENTE SALINAS AMOJAO,AMAZONAS,BAGUA,ecmwf,pp,20260905,20261004,"00Z,12Z",D1,6h,0.328,0.678,0.035,40,0.6,0.75,0.214,10,0.0,1.0,0.0,2,S/D,S/D,S/D,0,S/D,S/D,S/D,0
472B55E0,PUENTE SALINAS AMOJAO,AMAZONAS,BAGUA,gfs,pp,20260905,20261004,"00Z,12Z",D1,6h,0.411,0.726,0.077,40,0.9,0.69,0.3,10,0.0,1.0,0.0,2,S/D,S/D,S/D,0,S/D,S/D,S/D,0
472B55E0,PUENTE SALINAS AMOJAO,AMAZONAS,BAGUA,eta5,pp,20260905,20261004,"00Z,12Z",D1,6h,0.553,1.02,0.006,34,0.625,0.737,0.227,8,0.0,1.0,0.0,1,S/D,S/D,S/D,0,S/D,S/D,S/D,0
472B55E0,PUENTE SALINAS AMOJAO,AMAZONAS,BAGUA,wrf5,pp,20260905,20261004,"00Z,12Z",D1,6h,0.395,1.433,-0.146,39,0.2,0.833,0.1,10,0.0,1.0,0.0,2,S/D,1.0,0.0,0,S/D,S/D,S/D,0
472B55E0,PUENTE SALINAS AMOJAO,AMAZONAS,BAGUA,mpas15,pp,20260905,20261004,00Z,D1,6h,0.3,0.966,-0.179,20,0.2,0.833,0.1,5,0.0,1.0,0.0,1,S/D,S/D,S/D,0,S/D,S/D,S/D,0
472C57D4,BAGUA,AMAZONAS,UTCUBAMBA,ecmwf,pp,20260905,20261004,"00Z,12Z",D1,6h,0.614,1.351,0.218,236,1.0,0.894,0.106,18,0.714,0.846,0.145,14,0.0,1.0,0.0,4,S/D,S/D,S/D,0
472C57D4,BAGUA,AMAZONAS,UTCUBAMBA,gfs,pp,20260905,20261004,"00Z,12Z",D1,6h,0.271,1.055,0.152,236,0.778,0.918,0.08,18,0.357,0.875,0.102,14,0.0,S/D,0.0,4,S/D,S/D,S/D,0
472C57D4,BAGUA,AMAZONAS,UTCUBAMBA,eta5,pp,20260905,20261004,"00Z,12Z",D1,6h,1.516,2.921,0.032,191,0.786,0.911,0.087,14,0.364,0.951,0.045,11,0.333,0.944,0.05,3,S/D,S/D,S/D,0
472C57D4,BAGUA,AMAZONAS,UTCUBAMBA,wrf5,pp,20260905,20261004,"00Z,12Z",D1,6h,-0.184,0.928,0.143,233,0.278,0.643,0.185,18,0.0,S/D,0.0,14,0.0,S/D,0.0,4,S/D,S/D,S/D,0
472C57D4,BAGUA,AMAZONAS,UTCUBAMBA,mpas15,pp,20260905,20261004,00Z,D1,6h,1.031,1.938,0.248,118,0.778,0.904,0.093,9,0.857,0.893,0.105,7,0.5,0.75,0.2,2,S/D,S/D,S/D,0
472B607A,CORRAL QUEMADO,AMAZONAS,UTCUBAMBA,ecmwf,pp,20260905,20261004,"00Z,12Z",D1,6h,0.34,1.222,0.31,232,0.833,0.815,0.179,24,0.583,0.829,0.152,12,0.5,0.75,0.2,2,S/D,S/D,S/D,0
472B607A,CORRAL QUEMADO,AMAZONAS,UTCUBAMBA,gfs,pp,20260905,20261004,"00Z,12Z",D1,6h,0.253,1.341,0.248,232,0.792,0.83,0.162,24,0.333,0.892,0.089,12,0.0,1.0,0.0,2,S/D,S/D,S/D,0
472B607A,CORRAL QUEMADO,AMAZONAS,UTCUBAMBA,eta5,pp,20260905,20261004,"00Z,12Z",D1,6h,2.263,3.919,0.041,187,0.7,0.895,0.101,20,0.4,0.956,0.041,10,0.0,1.0,0.0,1,S/D,S/D,S/D,0
472B607A,CORRAL QUEMADO,AMAZONAS,UTCUBAMBA,wrf5,pp,20260905,20261004,"00Z,12Z",D1,6h,-0.156,1.128,0.191,228,0.087,0.714,0.071,23,0.0,1.0,0.0,11,0.0,S/D,0.0,2,S/D,S/D,S/D,0
472B607A,CORRAL QUEMADO,AMAZONAS,UTCUBAMBA,mpas15,pp,20260905,20261004,00Z,D1,6h,1.384,2.625,0.217,116,0.833,0.853,0.143,12,0.833,0.912,0.086,6,1.0,0.909,0.091,1,S/D,S/D,S/D,0
472B2370,MAGUNCHAL,AMAZONAS,UTCUBAMBA,ecmwf,pp,20260905,20261004,"00Z,12Z",D1,6h,0.189,2.514,0.383,228,0.969,0.777,0.221,32,0.438,0.851,0.125,16,0.0,1.0,0.0,6,S/D,S/D,S/D,0
472B2370,MAGUNCHAL,AMAZONAS,UTCUBAMBA,gfs,pp,20260905,20261004,"00Z,12Z",D1,6h,0.718,2.662,0.204,228,0.875,0.834,0.162,32,0.562,0.893,0.099,16,0.333,0.857,0.111,6,S/D,S/D,S/D,0
472B2370,MAGUNCHAL,AMAZONAS,UTCUBAMBA,eta5,pp,20260905,20261004,"00Z,12Z",D1,6h,2.344,4.839,0.219,183,0.88,0.838,0.158,25,0.75,0.914,0.083,12,0.25,0.971,0.026,4,S/D,S/D,S/D,0
472B2370,MAGUNCHAL,AMAZONAS,UTCUBAMBA,wrf5,pp,20260905,20261004,"00Z,12Z",D1,6h,-0.329,2.384,0.351,224,0.406,0.552,0.271,32,0.188,0.571,0.15,16,0.0,1.0,0.0,6,S/D,S/D,S/D,0
472B2370,MAGUNCHAL,AMAZONAS,UTCUBAMBA,mpas15,pp,20260905,20261004,00Z,D1,6h,1.03,2.919,0.211,114,0.812,0.776,0.213,16,0.75,0.872,0.122,8,0.333,0.9,0.083,3,S/D,S/D,S/D,0
220907,NARANJITO,AMAZONAS,UTCUBAMBA,ecmwf,pp,20260905,20261004,"00Z,12Z",D1,6h,0.386,1.836,0.103,234,0.75,0.879,0.116,24,0.25,0.909,0.071,12,0.0,1.0,0.0,4,S/D,S/D,S/D,0
220907,NARANJITO,AMAZONAS,UTCUBAMBA,gfs,pp,20260905,20261004,"00Z,12Z",D1,6h,0.616,1.801,0.032,234,0.833,0.879,0.118,24,0.167,0.971,0.025,12,0.0,1.0,0.0,4,S/D,S/D,S/D,0
220907,NARANJITO,AMAZONAS,UTCUBAMBA,eta5,pp,20260905,20261004,"00Z,12Z",D1,6h,3.299,5.755,0.086,189,0.75,0.89,0.106,20,0.7,0.936,0.062,10,0.0,1.0,0.0,3,S/D,S/D,S/D,0
220907,NARANJITO,AMAZONAS,UTCUBAMBA,wrf5,pp,20260905,20261004,"00Z,12Z",D1,6h,-0.114,1.381,0.147,230,0.208,0.762,0.125,24,0.167,0.75,0.111,12,0.0,1.0,0.0,4,S/D,S/D,S/D,0
220907,NARANJITO,AMAZONAS,UTCUBAMBA,mpas15,pp,20260905,20261004,00Z,D1,6h,1.284,2.859,0.08,117,0.75,0.847,0.145,12,0.333,0.958,0.038,6,0.0,1.0,0.0,2,S/D,S/D,S/D,0
109096,BUENA VISTA,ANCASH,CASMA,ecmwf,pp,20260905,20261004,"00Z,12Z",D1,6h,-0.004,0.062,0.022,226,0.0,S/D,0.0,4,S/D,S/D,S/D,0,S/D,S/D,S/D,0,S/D,S/D,S/D,0
109096,BUENA VISTA,ANCASH,CASMA,gfs,pp,20260905,20261004,"00Z,12Z",D1,6h,-0.001,0.067,-0.045,226,0.0,1.0,0.0,4,S/D,S/D,S/D,0,S/D,S/D,S/D,0,S/D,S/D,S/D,0
109096,BUENA VISTA,ANCASH,CASMA,eta5,pp,20260905,20261004,"00Z,12Z",D1,6h,-0.001,0.065,-0.04,181,0.0,1.0,0.0,3,S/D,S/D,S/D,0,S/D,S/D,S/D,0,S/D,S/D,S/D,0
109096,BUENA VISTA,ANCASH,CASMA,wrf5,pp,20260905,20261004,"00Z,12Z",D1,6h,-0.007,0.064,-0.04,222,0.0,1.0,0.0,4,S/D,S/D,S/D,0,S/D,S/D,S/D,0,S/D,S/D,S/D,0
109096,BUENA VISTA,ANCASH,CASMA,mpas15,pp,20260905,20261004,00Z,D1,6h,-0.008,0.063,-0.09,113,0.0,S/D,0.0,2,S/D,S/D,S/D,0,S/D,S/D,S/D,0,S/D,S/D,S/D,0
4725A10C,CHAVIN,ANCASH,HUARI,ecmwf,pp,20260905,20261004,"00Z,12Z",D1,6h,0.458,1.438,0.211,224,0.682,0.872,0.121,22,0.5,0.759,0.194,14,S/D,1.0,0.0,0,S/D,S/D,S/D,0
4725A10C,CHAVIN,ANCASH,HUARI,gfs,pp,20260905,20261004,"00Z,12Z",D1,6h,0.93,1.87,-0.035,224,0.636,0.91,0.085,22,0.214,0.959,0.036,14,S/D,1.0,0.0,0,S/D,S/D,S/D,0
4725A10C,CHAVIN,ANCASH,HUARI,eta5,pp,20260905,20261004,"00Z,12Z",D1,6h,0.489,1.187,0.114,183,0.611,0.871,0.12,18,0.364,0.9,0.085,11,S/D,1.0,0.0,0,S/D,S/D,S/D,0
4725A10C,CHAVIN,ANCASH,HUARI,wrf5,pp,20260905,20261004,"00Z,12Z",D1,6h,0.151,1.026,0.01,220,0.318,0.883,0.093,22,0.0,1.0,0.0,14,S/D,1.0,0.0,0,S/D,S/D,S/D,0
4725A10C,CHAVIN,ANCASH,HUARI,mpas15,pp,20260905,20261004,00Z,D1,6h,1.242,2.86,0.176,112,0.636,0.881,0.111,11,0.714,0.875,0.119,7,S/D,1.0,0.0,0,S/D,S/D,S/D,0
109091,SAUCEPAMPA,ANCASH,HUAYLAS,ecmwf,pp,20260905,20261004,"00Z,12Z",D1,6h,0.391,0.903,0.094,230,0.75,0.973,0.027,4,S/D,1.0,0.0,0,S/D,1.0,0.0,0,S/D,S/D,S/D,0
109091,SAUCEPAMPA,ANCASH,HUAYLAS,gfs,pp,20260905,20261004,"00Z,12Z",D1,6h,1.169,2.056,0.112,230,1.0,0.979,0.021,4,S/D,1.0,0.0,0,S/D,1.0,0.0,0,S/D,S/D,S/D,0
109091,SAUCEPAMPA,ANCASH,HUAYLAS,eta5,pp,20260905,20261004,"00Z,12Z",D1,6h,0.709,1.679,0.056,186,0.5,0.985,0.015,2,S/D,1.0,0.0,0,S/D,1.0,0.0,0,S/D,S/D,S/D,0
109091,SAUCEPAMPA,ANCASH,HUAYLAS,wrf5,pp,20260905,20261004,"00Z,12Z",D1,6h,0.094,0.365,0.13,227,0.25,0.97,0.028,4,S/D,1.0,0.0,0,S/D,S/D,S/D,0,S/D,S/D,S/D,0
109091,SAUCEPAMPA,ANCASH,HUAYLAS,mpas15,pp,20260905,20261004,00Z,D1,6h,1.044,2.177,0.02,115,0.5,0.981,0.019,2,S/D,1.0,0.0,0,S/D,1.0,0.0,0,S/D,S/D,S/D,0
472182DA,PUENTE CAHUA,ANCASH,OCROS,ecmwf,pp,20260905,20261004,"00Z,12Z",D1,6h,S/D,S/D,S/D,0,S/D,S/D,S/D,0,S/D,S/D,S/D,0,S/D,S/D,S/D,0,S/D,S/D,S/D,0
472182DA,PUENTE CAHUA,ANCASH,OCROS,gfs,pp,20260905,20261004,"00Z,12Z",D1,6h,S/D,S/D,S/D,0,S/D,S/D,S/D,0,S/D,S/D,S/D,0,S/D,S/D,S/D,0,S/D,S/D,S/D,0
472182DA,PUENTE CAHUA,ANCASH,OCROS,eta5,pp,20260905,20261004,"00Z,12Z",D1,6h,S/D,S/D,S/D,0,S/D,S/D,S/D,0,S/D,S/D,S/D,0,S/D,S/D,S/D,0,S/D,S/D,S/D,0
472182DA,PUENTE CAHUA,ANCASH,OCROS,wrf5,pp,20260905,20261004,"00Z,12Z",D1,6h,S/D,S/D,S/D,0,S/D,S/D,S/D,0,S/D,S/D,S/D,0,S/D,S/D,S/D,0,S/D,S/D,S/D,0
472182DA,PUENTE CAHUA,ANCASH,OCROS,mpas15,pp,20260905,20261004,00Z,D1,6h,S/D,S/D,S/D,0,S/D,S/D,S/D,0,S/D,S/D,S/D,0,S/D,S/D,S/D,0,S/D,S/D,S/D,0
47E89394,PACHACOTO,ANCASH,RECUAY,ecmwf,pp,20260905,20261004,"00Z,12Z",D1,6h,0.144,1.121,0.193,234,0.583,0.843,0.141,24,0.667,0.789,0.19,6,0.0,S/D,0.0,2,S/D,S/D,S/D,0
47E89394,PACHACOTO,ANCASH,RECUAY,gfs,pp,20260905,20261004,"00Z,12Z",D1,6h,0.514,1.272,0.346,234,0.958,0.855,0.144,24,0.833,0.904,0.094,6,0.0,1.0,0.0,2,S/D,S/D,S/D,0
47E89394,PACHACOTO,ANCASH,RECUAY,eta5,pp,20260905,20261004,"00Z,12Z",D1,6h,0.234,1.116,0.356,190,0.737,0.731,0.246,19,0.6,0.842,0.143,5,0.0,1.0,0.0,1,S/D,S/D,S/D,0
47E89394,PACHACOTO,ANCASH,RECUAY,wrf5,pp,20260905,20261004,"00Z,12Z",D1,6h,0.284,1.611,0.321,231,0.5,0.769,0.188,24,0.667,0.846,0.143,6,0.0,1.0,0.0,2,S/D,S/D,S/D,0
47E89394,PACHACOTO,ANCASH,RECUAY,mpas15,pp,20260905,20261004,00Z,D1,6h,0.671,1.992,0.182,117,0.667,0.8,0.182,12,0.667,0.933,0.065,3,0.0,1.0,0.0,1,S/D,S/D,S/D,0
47259496,RECUAY,ANCASH,RECUAY,ecmwf,pp,20260905,20261004,"00Z,12Z",D1,6h,0.213,0.606,0.223,226,0.722,0.852,0.14,18,0.5,0.778,0.182,8,S/D,S/D,S/D,0,S/D,S/D,S/D,0
47259496,RECUAY,ANCASH,RECUAY,gfs,pp,20260905,20261004,"00Z,12Z",D1,6h,0.612,1.136,0.295,226,0.944,0.892,0.107,18,0.75,0.887,0.109,8,S/D,1.0,0.0,0,S/D,S/D,S/D,0
47259496,RECUAY,ANCASH,RECUAY,eta5,pp,20260905,20261004,"00Z,12Z",D1,6h,0.338,1.059,0.273,184,0.643,0.82,0.164,14,0.571,0.826,0.154,7,S/D,S/D,S/D,0,S/D,S/D,S/D,0
47259496,RECUAY,ANCASH,RECUAY,wrf5,pp,20260905,20261004,"00Z,12Z",D1,6h,0.258,1.098,0.379,222,0.667,0.76,0.214,18,0.5,0.826,0.148,8,S/D,1.0,0.0,0,S/D,S/D,S/D,0
47259496,RECUAY,ANCASH,RECUAY,mpas15,pp,20260905,20261004,00Z,D1,6h,0.772,1.919,0.16,113,0.667,0.867,0.125,9,0.75,0.912,0.086,4,S/D,1.0,0.0,0,S/D,S/D,S/D,0
110138,SHAQUEK,ANCASH,RECUAY,ecmwf,pp,20260905,20261004,"00Z,12Z",D1,6h,0.445,0.999,S/D,234,S/D,1.0,0.0,0,S/D,1.0,0.0,0,S/D,1.0,0.0,0,S/D,S/D,S/D,0
110138,SHAQUEK,ANCASH,RECUAY,gfs,pp,20260905,20261004,"00Z,12Z",D1,6h,0.28,0.598,S/D,234,S/D,1.0,0.0,0,S/D,1.0,0.0,0,S/D,S/D,S/D,0,S/D,S/D,S/D,0
110138,SHAQUEK,ANCASH,RECUAY,eta5,pp,20260905,20261004,"00Z,12Z",D1,6h,0.012,0.055,S/D,189,S/D,1.0,0.0,0,S/D,S/D,S/D,0,S/D,S/D,S/D,0,S/D,S/D,S/D,0
110138,SHAQUEK,ANCASH,RECUAY,wrf5,pp,20260905,20261004,"00Z,12Z",D1,6h,0.074,0.358,S/D,231,S/D,1.0,0.0,0,S/D,1.0,0.0,0,S/D,S/D,S/D,0,S/D,S/D,S/D,0
110138,SHAQUEK,ANCASH,RECUAY,mpas15,pp,20260905,20261004,00Z,D1,6h,0.419,1.052,S/D,117,S/D,1.0,0.0,0,S/D,1.0,0.0,0,S/D,1.0,0.0,0,S/D,S/D,S/D,0
211601,SAN JACINTO,ANCASH,SANTA,ecmwf,pp,20260905,20261004,"00Z,12Z",D1,6h,S/D,S/D,S/D,0,S/D,S/D,S/D,0,S/D,S/D,S/D,0,S/D,S/D,S/D,0,S/D,S/D,S/D,0
211601,SAN JACINTO,ANCASH,SANTA,gfs,pp,20260905,20261004,"00Z,12Z",D1,6h,S/D,S/D,S/D,0,S/D,S/D,S/D,0,S/D,S/D,S/D,0,S/D,S/D,S/D,0,S/D,S/D,S/D,0
211601,SAN JACINTO,ANCASH,SANTA,eta5,pp,20260905,20261004,"00Z,12Z",D1,6h,S/D,S/D,S/D,0,S/D,S/D,S/D,0,S/D,S/D,S/D,0,S/D,S/D,S/D,0,S/D,S/D,S/D,0
211601,SAN JACINTO,ANCASH,SANTA,wrf5,pp,20260905,20261004,"00Z,12Z",D1,6h,S/D,S/D,S/D,0,S/D,S/D,S/D,0,S/D,S/D,S/D,0,S/D,S/D,S/D,0,S/D,S/D,S/D,0
211601,SAN JACINTO,ANCASH,SANTA,mpas15,pp,20260905,20261004,00Z,D1,6h,S/D,S/D,S/D,0,S/D,S/D,S/D,0,S/D,S/D,S/D,0,S/D,S/D,S/D,0,S/D,S/D,S/D,0
113253,CURAHUASI,APURIMAC,ABANCAY,ecmwf,pp,20260905,20261004,"00Z,12Z",D1,6h,0.415,0.943,0.461,232,1.0,0.791,0.209,24,0.75,0.846,0.146,8,S/D,1.0,0.0,0,S/D,S/D,S/D,0
113253,CURAHUASI,APURIMAC,ABANCAY,gfs,pp,20260905,20261004,"00Z,12Z",D1,6h,0.874,2.089,0.399,232,1.0,0.836,0.164,24,0.625,0.924,0.072,8,S/D,1.0,0.0,0,S/D,S/D,S/D,0
113253,CURAHUASI,APURIMAC,ABANCAY,eta5,pp,20260905,20261004,"00Z,12Z",D1,6h,0.407,1.121,0.406,190,0.85,0.721,0.266,20,0.571,0.882,0.108,7,S/D,1.0,0.0,0,S/D,S/D,S/D,0
113253,CURAHUASI,APURIMAC,ABANCAY,wrf5,pp,20260905,20261004,"00Z,12Z",D1,6h,0.252,1.525,0.499,228,0.708,0.575,0.362,24,0.375,0.824,0.136,8,S/D,1.0,0.0,0,S/D,S/D,S/D,0
113253,CURAHUASI,APURIMAC,ABANCAY,mpas15,pp,20260905,20261004,00Z,D1,6h,0.469,1.236,0.21,116,0.667,0.784,0.195,12,0.25,0.967,0.03,4,S/D,1.0,0.0,0,S/D,S/D,S/D,0
47263360,GRANJA SAN ANTONIO,APURIMAC,ABANCAY,ecmwf,pp,20260905,20261004,"00Z,12Z",D1,6h,0.107,1.275,0.531,222,0.776,0.579,0.375,58,0.682,0.571,0.357,22,0.0,1.0,0.0,4,S/D,S/D,S/D,0
47263360,GRANJA SAN ANTONIO,APURIMAC,ABANCAY,gfs,pp,20260905,20261004,"00Z,12Z",D1,6h,0.547,2.056,0.465,222,0.879,0.641,0.342,58,0.591,0.783,0.188,22,0.0,1.0,0.0,4,S/D,S/D,S/D,0
47263360,GRANJA SAN ANTONIO,APURIMAC,ABANCAY,eta5,pp,20260905,20261004,"00Z,12Z",D1,6h,-0.278,1.51,0.332,180,0.429,0.462,0.313,49,0.059,0.8,0.048,17,0.0,S/D,0.0,4,S/D,S/D,S/D,0
47263360,GRANJA SAN ANTONIO,APURIMAC,ABANCAY,wrf5,pp,20260905,20261004,"00Z,12Z",D1,6h,0.31,2.567,0.525,218,0.625,0.352,0.467,56,0.409,0.679,0.22,22,0.0,1.0,0.0,4,S/D,S/D,S/D,0
47263360,GRANJA SAN ANTONIO,APURIMAC,ABANCAY,mpas15,pp,20260905,20261004,00Z,D1,6h,0.248,1.68,0.34,111,0.621,0.55,0.353,29,0.636,0.741,0.226,11,0.0,1.0,0.0,2,S/D,S/D,S/D,0
472B16EA,HUACULLO,APURIMAC,ANTABAMBA,ecmwf,pp,20260905,20261004,"00Z,12Z",D1,6h,0.122,0.82,0.481,232,0.824,0.562,0.4,34,0.444,0.68,0.229,18,S/D,S/D,S/D,0,S/D,S/D,S/D,0
472B16EA,HUACULLO,APURIMAC,ANTABAMBA,gfs,pp,20260905,20261004,"00Z,12Z",D1,6h,0.477,1.401,0.466,232,0.941,0.698,0.296,34,0.556,0.808,0.167,18,S/D,1.0,0.0,0,S/D,S/D,S/D,0
472B16EA,HUACULLO,APURIMAC,ANTABAMBA,eta5,pp,20260905,20261004,"00Z,12Z",D1,6h,0.767,1.92,0.546,188,0.909,0.565,0.417,33,0.833,0.674,0.306,18,S/D,1.0,0.0,0,S/D,S/D,S/D,0
472B16EA,HUACULLO,APURIMAC,ANTABAMBA,wrf5,pp,20260905,20261004,"00Z,12Z",D1,6h,0.324,1.659,0.463,228,0.697,0.617,0.329,33,0.294,0.8,0.135,17,S/D,1.0,0.0,0,S/D,S/D,S/D,0
472B16EA,HUACULLO,APURIMAC,ANTABAMBA,mpas15,pp,20260905,20261004,00Z,D1,6h,0.218,0.976,0.355,116,0.706,0.571,0.364,17,0.667,0.739,0.231,9,S/D,1.0,0.0,0,S/D,S/D,S/D,0
113246,TANCAYLLO,APURIMAC,CHINCHEROS,ecmwf,pp,20260905,20261004,"00Z,12Z",D1,6h,0.554,1.614,0.523,232,0.957,0.577,0.415,46,0.5,0.838,0.14,12,1.0,0.846,0.154,2,S/D,S/D,S/D,0
113246,TANCAYLLO,APURIMAC,CHINCHEROS,gfs,pp,20260905,20261004,"00Z,12Z",D1,6h,0.576,1.898,0.454,232,0.913,0.672,0.318,46,0.667,0.818,0.167,12,1.0,0.818,0.182,2,S/D,S/D,S/D,0
113246,TANCAYLLO,APURIMAC,CHINCHEROS,eta5,pp,20260905,20261004,"00Z,12Z",D1,6h,0.006,1.195,0.472,190,0.523,0.54,0.324,44,0.333,0.789,0.148,12,0.0,1.0,0.0,2,S/D,S/D,S/D,0
113246,TANCAYLLO,APURIMAC,CHINCHEROS,wrf5,pp,20260905,20261004,"00Z,12Z",D1,6h,0.359,1.642,0.452,229,0.533,0.538,0.329,45,0.727,0.75,0.229,11,1.0,0.75,0.25,2,S/D,S/D,S/D,0
113246,TANCAYLLO,APURIMAC,CHINCHEROS,mpas15,pp,20260905,20261004,00Z,D1,6h,0.616,1.498,0.435,116,0.826,0.612,0.358,23,0.667,0.867,0.125,6,1.0,0.8,0.2,1,S/D,S/D,S/D,0
472A1410,CASACCANCHA,APURIMAC,COTABAMBAS,ecmwf,pp,20260905,20261004,"00Z,12Z",D1,6h,0.429,1.106,0.506,232,1.0,0.66,0.34,36,0.786,0.771,0.216,14,S/D,1.0,0.0,0,S/D,S/D,S/D,0
472A1410,CASACCANCHA,APURIMAC,COTABAMBAS,gfs,pp,20260905,20261004,"00Z,12Z",D1,6h,0.256,0.856,0.432,232,0.972,0.703,0.294,36,0.286,0.867,0.1,14,S/D,1.0,0.0,0,S/D,S/D,S/D,0
472A1410,CASACCANCHA,APURIMAC,COTABAMBAS,eta5,pp,20260905,20261004,"00Z,12Z",D1,6h,0.1,0.79,0.39,188,0.636,0.618,0.313,33,0.5,0.682,0.241,14,S/D,S/D,S/D,0,S/D,S/D,S/D,0
472A1410,CASACCANCHA,APURIMAC,COTABAMBAS,wrf5,pp,20260905,20261004,"00Z,12Z",D1,6h,0.254,1.058,0.473,229,0.714,0.615,0.333,35,0.429,0.76,0.182,14,S/D,1.0,0.0,0,S/D,S/D,S/D,0
472A1410,CASACCANCHA,APURIMAC,COTABAMBAS,mpas15,pp,20260905,20261004,00Z,D1,6h,0.345,1.077,0.312,116,0.722,0.639,0.317,18,0.429,0.88,0.103,7,S/D,S/D,S/D,0,S/D,S/D,S/D,0
116085,AREQUIPA UV,AREQUIPA,AREQUIPA,ecmwf,pp,20260905,20261004,"00Z,12Z",D1,6h,0.001,0.002,S/D,6,S/D,S/D,S/D,0,S/D,S/D,S/D,0,S/D,S/D,S/D,0,S/D,S/D,S/D,0
116085,AREQUIPA UV,AREQUIPA,AREQUIPA,gfs,pp,20260905,20261004,"00Z,12Z",D1,6h,0.073,0.128,S/D,6,S/D,1.0,0.0,0,S/D,S/D,S/D,0,S/D,S/D,S/D,0,S/D,S/D,S/D,0
116085,AREQUIPA UV,AREQUIPA,AREQUIPA,eta5,pp,20260905,20261004,"00Z,12Z",D1,6h,0.0,0.0,S/D,5,S/D,S/D,S/D,0,S/D,S/D,S/D,0,S/D,S/D,S/D,0,S/D,S/D,S/D,0
116085,AREQUIPA UV,AREQUIPA,AREQUIPA,wrf5,pp,20260905,20261004,"00Z,12Z",D1,6h,0.0,0.0,S/D,6,S/D,S/D,S/D,0,S/D,S/D,S/D,0,S/D,S/D,S/D,0,S/D,S/D,S/D,0
116085,AREQUIPA UV,AREQUIPA,AREQUIPA,mpas15,pp,20260905,20261004,00Z,D1,6h,0.0,0.0,S/D,3,S/D,S/D,S/D,0,S/D,S/D,S/D,0,S/D,S/D,S/D,0,S/D,S/D,S/D,0
47E26242,BOYADERO,AREQUIPA,AREQUIPA,ecmwf,pp,20260905,20261004,"00Z,12Z",D1,6h,0.005,0.033,S/D,236,S/D,1.0,0.0,0,S/D,S/D,S/D,0,S/D,S/D,S/D,0,S/D,S/D,S/D,0
47E26242,BOYADERO,AREQUIPA,AREQUIPA,gfs,pp,20260905,20261004,"00Z,12Z",D1,6h,0.0,0.0,S/D,236,S/D,S/D,S/D,0,S/D,S/D,S/D,0,S/D,S/D,S/D,0,S/D,S/D,S/D,0
47E26242,BOYADERO,AREQUIPA,AREQUIPA,eta5,pp,20260905,20261004,"00Z,12Z",D1,6h,0.0,0.0,S/D,191,S/D,S/D,S/D,0,S/D,S/D,S/D,0,S/D,S/D,S/D,0,S/D,S/D,S/D,0
47E26242,BOYADERO,AREQUIPA,AREQUIPA,wrf5,pp,20260905,20261004,"00Z,12Z",D1,6h,0.0,0.001,S/D,232,S/D,S/D,S/D,0,S/D,S/D,S/D,0,S/D,S/D,S/D,0,S/D,S/D,S/D,0
47E26242,BOYADERO,AREQUIPA,AREQUIPA,mpas15,pp,20260905,20261004,00Z,D1,6h,0.0,0.0,S/D,118,S/D,S/D,S/D,0,S/D,S/D,S/D,0,S/D,S/D,S/D,0,S/D,S/D,S/D,0
116083,CAYMA,AREQUIPA,AREQUIPA,ecmwf,pp,20260905,20261004,"00Z,12Z",D1,6h,-0.128,2.034,-0.037,236,0.0,1.0,0.0,2,0.0,1.0,0.0,2,0.0,S/D,0.0,2,S/D,S/D,S/D,0
116083,CAYMA,AREQUIPA,AREQUIPA,gfs,pp,20260905,20261004,"00Z,12Z",D1,6h,-0.161,2.019,-0.024,236,0.0,1.0,0.0,2,0.0,1.0,0.0,2,0.0,S/D,0.0,2,S/D,S/D,S/D,0
116083,CAYMA,AREQUIPA,AREQUIPA,eta5,pp,20260905,20261004,"00Z,12Z",D1,6h,-0.229,2.241,-0.013,191,0.0,S/D,0.0,2,0.0,S/D,0.0,2,0.0,S/D,0.0,2,S/D,S/D,S/D,0
116083,CAYMA,AREQUIPA,AREQUIPA,wrf5,pp,20260905,20261004,"00Z,12Z",D1,6h,-0.09,1.435,-0.01,233,0.0,1.0,0.0,1,0.0,S/D,0.0,1,0.0,S/D,0.0,1,S/D,S/D,S/D,0
116083,CAYMA,AREQUIPA,AREQUIPA,mpas15,pp,20260905,20261004,00Z,D1,6h,-0.177,2.018,-0.064,118,0.0,1.0,0.0,1,0.0,S/D,0.0,1,0.0,S/D,0.0,1,S/D,S/D,S/D,0
472147C4,CHARCANI,AREQUIPA,AREQUIPA,ecmwf,pp,20260905,20261004,"00Z,12Z",D1,6h,0.03,0.384,0.067,232,0.5,0.882,0.105,4,0.0,1.0,0.0,2,S/D,S/D,S/D,0,S/D,S/D,S/D,0
472147C4,CHARCANI,AREQUIPA,AREQUIPA,gfs,pp,20260905,20261004,"00Z,12Z",D1,6h,-0.002,0.301,0.238,232,0.5,0.846,0.133,4,0.0,1.0,0.0,2,S/D,S/D,S/D,0,S/D,S/D,S/D,0
472147C4,CHARCANI,AREQUIPA,AREQUIPA,eta5,pp,20260905,20261004,"00Z,12Z",D1,6h,-0.027,0.313,0.156,187,0.25,0.667,0.167,4,0.0,S/D,0.0,2,S/D,S/D,S/D,0,S/D,S/D,S/D,0
472147C4,CHARCANI,AREQUIPA,AREQUIPA,wrf5,pp,20260905,20261004,"00Z,12Z",D1,6h,-0.009,0.202,0.433,229,0.667,0.333,0.5,3,0.0,S/D,0.0,1,S/D,S/D,S/D,0,S/D,S/D,S/D,0
472147C4,CHARCANI,AREQUIPA,AREQUIPA,mpas15,pp,20260905,20261004,00Z,D1,6h,-0.001,0.319,0.203,116,0.5,0.667,0.25,2,0.0,1.0,0.0,1,S/D,S/D,S/D,0,S/D,S/D,S/D,0
116077,CHIGUATA,AREQUIPA,AREQUIPA,ecmwf,pp,20260905,20261004,"00Z,12Z",D1,6h,0.002,0.013,S/D,236,S/D,1.0,0.0,0,S/D,S/D,S/D,0,S/D,S/D,S/D,0,S/D,S/D,S/D,0
116077,CHIGUATA,AREQUIPA,AREQUIPA,gfs,pp,20260905,20261004,"00Z,12Z",D1,6h,0.009,0.051,S/D,236,S/D,1.0,0.0,0,S/D,S/D,S/D,0,S/D,S/D,S/D,0,S/D,S/D,S/D,0
116077,CHIGUATA,AREQUIPA,AREQUIPA,eta5,pp,20260905,20261004,"00Z,12Z",D1,6h,0.008,0.066,S/D,192,S/D,1.0,0.0,0,S/D,S/D,S/D,0,S/D,S/D,S/D,0,S/D,S/D,S/D,0
116077,CHIGUATA,AREQUIPA,AREQUIPA,wrf5,pp,20260905,20261004,"00Z,12Z",D1,6h,0.008,0.074,S/D,232,S/D,1.0,0.0,0,S/D,S/D,S/D,0,S/D,S/D,S/D,0,S/D,S/D,S/D,0
116077,CHIGUATA,AREQUIPA,AREQUIPA,mpas15,pp,20260905,20261004,00Z,D1,6h,0.093,0.38,S/D,118,S/D,1.0,0.0,0,S/D,1.0,0.0,0,S/D,S/D,S/D,0,S/D,S/D,S/D,0
116065,LA PAMPILLA,AREQUIPA,AREQUIPA,ecmwf,pp,20260905,20261004,"00Z,12Z",D1,6h,0.002,0.013,S/D,236,S/D,1.0,0.0,0,S/D,S/D,S/D,0,S/D,S/D,S/D,0,S/D,S/D,S/D,0
116065,LA PAMPILLA,AREQUIPA,AREQUIPA,gfs,pp,20260905,20261004,"00Z,12Z",D1,6h,0.009,0.051,S/D,236,S/D,1.0,0.0,0,S/D,S/D,S/D,0,S/D,S/D,S/D,0,S/D,S/D,S/D,0
116065,LA PAMPILLA,AREQUIPA,AREQUIPA,eta5,pp,20260905,20261004,"00Z,12Z",D1,6h,0.0,0.0,S/D,192,S/D,S/D,S/D,0,S/D,S/D,S/D,0,S/D,S/D,S/D,0,S/D,S/D,S/D,0
116065,LA PAMPILLA,AREQUIPA,AREQUIPA,wrf5,pp,20260905,20261004,"00Z,12Z",D1,6h,0.002,0.02,S/D,232,S/D,1.0,0.0,0,S/D,S/D,S/D,0,S/D,S/D,S/D,0,S/D,S/D,S/D,0
116065,LA PAMPILLA,AREQUIPA,AREQUIPA,mpas15,pp,20260905,20261004,00Z,D1,6h,0.025,0.159,S/D,118,S/D,1.0,0.0,0,S/D,1.0,0.0,0,S/D,S/D,S/D,0,S/D,S/D,S/D,0
47E360B8,PATAHUASI,AREQUIPA,AREQUIPA,ecmwf,pp,20260905,20261004,"00Z,12Z",D1,6h,0.077,0.365,0.152,236,0.0,1.0,0.0,2,S/D,1.0,0.0,0,S/D,S/D,S/D,0,S/D,S/D,S/D,0
47E360B8,PATAHUASI,AREQUIPA,AREQUIPA,gfs,pp,20260905,20261004,"00Z,12Z",D1,6h,0.076,0.3,0.088,236,0.5,0.958,0.04,2,S/D,1.0,0.0,0,S/D,S/D,S/D,0,S/D,S/D,S/D,0
47E360B8,PATAHUASI,AREQUIPA,AREQUIPA,eta5,pp,20260905,20261004,"00Z,12Z",D1,6h,0.063,0.367,-0.023,192,0.0,1.0,0.0,1,S/D,1.0,0.0,0,S/D,S/D,S/D,0,S/D,S/D,S/D,0
47E360B8,PATAHUASI,AREQUIPA,AREQUIPA,wrf5,pp,20260905,20261004,"00Z,12Z",D1,6h,0.054,0.457,-0.028,232,0.0,1.0,0.0,2,S/D,1.0,0.0,0,S/D,1.0,0.0,0,S/D,S/D,S/D,0
47E360B8,PATAHUASI,AREQUIPA,AREQUIPA,mpas15,pp,20260905,20261004,00Z,D1,6h,0.188,0.531,0.155,118,1.0,0.944,0.056,1,S/D,1.0,0.0,0,S/D,S/D,S/D,0,S/D,S/D,S/D,0
4722E032,PUENTE DEL DIABLO,AREQUIPA,AREQUIPA,ecmwf,pp,20260905,20261004,"00Z,12Z",D1,6h,-0.004,0.059,0.301,216,0.0,1.0,0.0,2,S/D,S/D,S/D,0,S/D,S/D,S/D,0,S/D,S/D,S/D,0
4722E032,PUENTE DEL DIABLO,AREQUIPA,AREQUIPA,gfs,pp,20260905,20261004,"00Z,12Z",D1,6h,-0.005,0.058,-0.007,216,0.0,S/D,0.0,2,S/D,S/D,S/D,0,S/D,S/D,S/D,0,S/D,S/D,S/D,0
4722E032,PUENTE DEL DIABLO,AREQUIPA,AREQUIPA,eta5,pp,20260905,20261004,"00Z,12Z",D1,6h,-0.007,0.064,S/D,175,0.0,S/D,0.0,2,S/D,S/D,S/D,0,S/D,S/D,S/D,0,S/D,S/D,S/D,0
4722E032,PUENTE DEL DIABLO,AREQUIPA,AREQUIPA,wrf5,pp,20260905,20261004,"00Z,12Z",D1,6h,-0.005,0.059,-0.01,212,0.0,S/D,0.0,2,S/D,S/D,S/D,0,S/D,S/D,S/D,0,S/D,S/D,S/D,0
4722E032,PUENTE DEL DIABLO,AREQUIPA,AREQUIPA,mpas15,pp,20260905,20261004,00Z,D1,6h,-0.006,0.058,-0.067,108,0.0,S/D,0.0,1,S/D,S/D,S/D,0,S/D,S/D,S/D,0,S/D,S/D,S/D,0
116082,SAN FRANCISCO,AREQUIPA,AREQUIPA,ecmwf,pp,20260905,20261004,"00Z,12Z",D1,6h,0.002,0.012,S/D,236,S/D,1.0,0.0,0,S/D,S/D,S/D,0,S/D,S/D,S/D,0,S/D,S/D,S/D,0
116082,SAN FRANCISCO,AREQUIPA,AREQUIPA,gfs,pp,20260905,20261004,"00Z,12Z",D1,6h,0.008,0.05,S/D,236,S/D,1.0,0.0,0,S/D,S/D,S/D,0,S/D,S/D,S/D,0,S/D,S/D,S/D,0
116082,SAN FRANCISCO,AREQUIPA,AREQUIPA,eta5,pp,20260905,20261004,"00Z,12Z",D1,6h,0.0,0.0,S/D,191,S/D,S/D,S/D,0,S/D,S/D,S/D,0,S/D,S/D,S/D,0,S/D,S/D,S/D,0
116082,SAN FRANCISCO,AREQUIPA,AREQUIPA,wrf5,pp,20260905,20261004,"00Z,12Z",D1,6h,0.003,0.027,S/D,232,S/D,1.0,0.0,0,S/D,S/D,S/D,0,S/D,S/D,S/D,0,S/D,S/D,S/D,0
116082,SAN FRANCISCO,AREQUIPA,AREQUIPA,mpas15,pp,20260905,20261004,00Z,D1,6h,0.017,0.13,S/D,118,S/D,1.0,0.0,0,S/D,1.0,0.0,0,S/D,S/D,S/D,0,S/D,S/D,S/D,0
47E3B6D0,SAN JOSE DE UZUNA,AREQUIPA,AREQUIPA,ecmwf,pp,20260905,20261004,"00Z,12Z",D1,6h,0.052,0.406,-0.065,238,0.0,1.0,0.0,4,0.0,1.0,0.0,2,S/D,S/D,S/D,0,S/D,S/D,S/D,0
47E3B6D0,SAN JOSE DE UZUNA,AREQUIPA,AREQUIPA,gfs,pp,20260905,20261004,"00Z,12Z",D1,6h,0.033,0.27,0.175,238,0.5,0.895,0.095,4,0.0,1.0,0.0,2,S/D,S/D,S/D,0,S/D,S/D,S/D,0
47E3B6D0,SAN JOSE DE UZUNA,AREQUIPA,AREQUIPA,eta5,pp,20260905,20261004,"00Z,12Z",D1,6h,-0.019,0.185,0.361,193,0.0,1.0,0.0,4,0.0,S/D,0.0,2,S/D,S/D,S/D,0,S/D,S/D,S/D,0
47E3B6D0,SAN JOSE DE UZUNA,AREQUIPA,AREQUIPA,wrf5,pp,20260905,20261004,"00Z,12Z",D1,6h,-0.002,0.241,0.088,234,0.0,1.0,0.0,4,0.0,1.0,0.0,2,S/D,S/D,S/D,0,S/D,S/D,S/D,0
47E3B6D0,SAN JOSE DE UZUNA,AREQUIPA,AREQUIPA,mpas15,pp,20260905,20261004,00Z,D1,6h,-0.011,0.189,0.048,119,0.0,1.0,0.0,2,0.0,1.0,0.0,1,S/D,S/D,S/D,0,S/D,S/D,S/D,0
47E27134,SOCOSANI,AREQUIPA,AREQUIPA,ecmwf,pp,20260905,20261004,"00Z,12Z",D1,6h,0.009,0.055,S/D,204,S/D,1.0,0.0,0,S/D,S/D,S/D,0,S/D,S/D,S/D,0,S/D,S/D,S/D,0
47E27134,SOCOSANI,AREQUIPA,AREQUIPA,gfs,pp,20260905,20261004,"00Z,12Z",D1,6h,0.005,0.027,S/D,204,S/D,1.0,0.0,0,S/D,S/D,S/D,0,S/D,S/D,S/D,0,S/D,S/D,S/D,0
47E27134,SOCOSANI,AREQUIPA,AREQUIPA,eta5,pp,20260905,20261004,"00Z,12Z",D1,6h,0.0,0.0,S/D,162,S/D,S/D,S/D,0,S/D,S/D,S/D,0,S/D,S/D,S/D,0,S/D,S/D,S/D,0
47E27134,SOCOSANI,AREQUIPA,AREQUIPA,wrf5,pp,20260905,20261004,"00Z,12Z",D1,6h,0.001,0.012,S/D,200,S/D,1.0,0.0,0,S/D,S/D,S/D,0,S/D,S/D,S/D,0,S/D,S/D,S/D,0
47E27134,SOCOSANI,AREQUIPA,AREQUIPA,mpas15,pp,20260905,20261004,00Z,D1,6h,0.0,0.0,S/D,102,S/D,S/D,S/D,0,S/D,S/D,S/D,0,S/D,S/D,S/D,0,S/D,S/D,S/D,0
472EE1AE,TINGO GRANDE,AREQUIPA,AREQUIPA,ecmwf,pp,20260905,20261004,"00Z,12Z",D1,6h,0.0,0.0,S/D,4,S/D,S/D,S/D,0,S/D,S/D,S/D,0,S/D,S/D,S/D,0,S/D,S/D,S/D,0
472EE1AE,TINGO GRANDE,AREQUIPA,AREQUIPA,gfs,pp,20260905,20261004,"00Z,12Z",D1,6h,0.0,0.0,S/D,4,S/D,S/D,S/D,0,S/D,S/D,S/D,0,S/D,S/D,S/D,0,S/D,S/D,S/D,0
472EE1AE,TINGO GRANDE,AREQUIPA,AREQUIPA,eta5,pp,20260905,20261004,"00Z,12Z",D1,6h,0.0,0.0,S/D,4,S/D,S/D,S/D,0,S/D,S/D,S/D,0,S/D,S/D,S/D,0,S/D,S/D,S/D,0
472EE1AE,TINGO GRANDE,AREQUIPA,AREQUIPA,wrf5,pp,20260905,20261004,"00Z,12Z",D1,6h,0.0,0.0,S/D,4,S/D,S/D,S/D,0,S/D,S/D,S/D,0,S/D,S/D,S/D,0,S/D,S/D,S/D,0
472EE1AE,TINGO GRANDE,AREQUIPA,AREQUIPA,mpas15,pp,20260905,20261004,00Z,D1,6h,0.0,0.0,S/D,2,S/D,S/D,S/D,0,S/D,S/D,S/D,0,S/D,S/D,S/D,0,S/D,S/D,S/D,0
116078,TUCTUMPAYA,AREQUIPA,AREQUIPA,ecmwf,pp,20260905,20261004,"00Z,12Z",D1,6h,0.072,0.372,S/D,236,S/D,1.0,0.0,0,S/D,1.0,0.0,0,S/D,S/D,S/D,0,S/D,S/D,S/D,0
116078,TUCTUMPAYA,AREQUIPA,AREQUIPA,gfs,pp,20260905,20261004,"00Z,12Z",D1,6h,0.053,0.237,S/D,236,S/D,1.0,0.0,0,S/D,1.0,0.0,0,S/D,S/D,S/D,0,S/D,S/D,S/D,0
116078,TUCTUMPAYA,AREQUIPA,AREQUIPA,eta5,pp,20260905,20261004,"00Z,12Z",D1,6h,0.014,0.108,S/D,191,S/D,1.0,0.0,0,S/D,1.0,0.0,0,S/D,S/D,S/D,0,S/D,S/D,S/D,0
116078,TUCTUMPAYA,AREQUIPA,AREQUIPA,wrf5,pp,20260905,20261004,"00Z,12Z",D1,6h,0.022,0.219,S/D,233,S/D,1.0,0.0,0,S/D,1.0,0.0,0,S/D,S/D,S/D,0,S/D,S/D,S/D,0
116078,TUCTUMPAYA,AREQUIPA,AREQUIPA,mpas15,pp,20260905,20261004,00Z,D1,6h,0.025,0.159,S/D,118,S/D,1.0,0.0,0,S/D,1.0,0.0,0,S/D,S/D,S/D,0,S/D,S/D,S/D,0
116081,YURA,AREQUIPA,AREQUIPA,ecmwf,pp,20260905,20261004,"00Z,12Z",D1,6h,-0.284,2.319,-0.185,118,0.0,1.0,0.0,2,0.0,S/D,0.0,2,0.0,S/D,0.0,2,S/D,S/D,S/D,0
116081,YURA,AREQUIPA,AREQUIPA,gfs,pp,20260905,20261004,"00Z,12Z",D1,6h,-0.292,2.319,-0.017,118,0.0,1.0,0.0,2,0.0,S/D,0.0,2,0.0,S/D,0.0,2,S/D,S/D,S/D,0
116081,YURA,AREQUIPA,AREQUIPA,eta5,pp,20260905,20261004,"00Z,12Z",D1,6h,-0.339,2.457,-0.014,105,0.0,S/D,0.0,2,0.0,S/D,0.0,2,0.0,S/D,0.0,2,S/D,S/D,S/D,0
116081,YURA,AREQUIPA,AREQUIPA,wrf5,pp,20260905,20261004,"00Z,12Z",D1,6h,-0.153,1.66,-0.012,115,0.0,1.0,0.0,1,0.0,S/D,0.0,1,0.0,S/D,0.0,1,S/D,S/D,S/D,0
116081,YURA,AREQUIPA,AREQUIPA,mpas15,pp,20260905,20261004,00Z,D1,6h,-0.302,2.317,0.18,59,0.0,S/D,0.0,1,0.0,S/D,0.0,1,0.0,S/D,0.0,1,S/D,S/D,S/D,0
116084,CAMANA,AREQUIPA,CAMANA,ecmwf,pp,20260905,20261004,"00Z,12Z",D1,6h,0.0,0.0,S/D,2,S/D,S/D,S/D,0,S/D,S/D,S/D,0,S/D,S/D,S/D,0,S/D,S/D,S/D,0
116084,CAMANA,AREQUIPA,CAMANA,gfs,pp,20260905,20261004,"00Z,12Z",D1,6h,0.0,0.0,S/D,2,S/D,S/D,S/D,0,S/D,S/D,S/D,0,S/D,S/D,S/D,0,S/D,S/D,S/D,0
116084,CAMANA,AREQUIPA,CAMANA,eta5,pp,20260905,20261004,"00Z,12Z",D1,6h,0.0,0.0,S/D,2,S/D,S/D,S/D,0,S/D,S/D,S/D,0,S/D,S/D,S/D,0,S/D,S/D,S/D,0
116084,CAMANA,AREQUIPA,CAMANA,wrf5,pp,20260905,20261004,"00Z,12Z",D1,6h,0.002,0.003,S/D,2,S/D,S/D,S/D,0,S/D,S/D,S/D,0,S/D,S/D,S/D,0,S/D,S/D,S/D,0
116084,CAMANA,AREQUIPA,CAMANA,mpas15,pp,20260905,20261004,00Z,D1,6h,0.0,0.0,S/D,1,S/D,S/D,S/D,0,S/D,S/D,S/D,0,S/D,S/D,S/D,0,S/D,S/D,S/D,0
472D23BE,OCOÑA,AREQUIPA,CAMANA,ecmwf,pp,20260905,20261004,"00Z,12Z",D1,6h,0.349,0.866,0.338,234,0.824,0.769,0.22,34,0.333,0.947,0.048,6,S/D,S/D,S/D,0,S/D,S/D,S/D,0
472D23BE,OCOÑA,AREQUIPA,CAMANA,gfs,pp,20260905,20261004,"00Z,12Z",D1,6h,-0.089,0.412,0.316,234,0.353,0.455,0.273,34,0.0,S/D,0.0,6,S/D,S/D,S/D,0,S/D,S/D,S/D,0
472D23BE,OCOÑA,AREQUIPA,CAMANA,eta5,pp,20260905,20261004,"00Z,12Z",D1,6h,-0.049,0.464,0.253,190,0.483,0.65,0.255,29,0.0,S/D,0.0,6,S/D,S/D,S/D,0,S/D,S/D,S/D,0
472D23BE,OCOÑA,AREQUIPA,CAMANA,wrf5,pp,20260905,20261004,"00Z,12Z",D1,6h,-0.115,0.427,0.174,231,0.0,S/D,0.0,34,0.0,S/D,0.0,6,S/D,S/D,S/D,0,S/D,S/D,S/D,0
472D23BE,OCOÑA,AREQUIPA,CAMANA,mpas15,pp,20260905,20261004,00Z,D1,6h,-0.033,0.494,0.175,117,0.235,0.636,0.167,17,0.0,1.0,0.0,3,S/D,S/D,S/D,0,S/D,S/D,S/D,0
214400,HUATIAPA,AREQUIPA,CASTILLA,ecmwf,pp,20260905,20261004,"00Z,12Z",D1,6h,S/D,S/D,S/D,0,S/D,S/D,S/D,0,S/D,S/D,S/D,0,S/D,S/D,S/D,0,S/D,S/D,S/D,0
214400,HUATIAPA,AREQUIPA,CASTILLA,gfs,pp,20260905,20261004,"00Z,12Z",D1,6h,S/D,S/D,S/D,0,S/D,S/D,S/D,0,S/D,S/D,S/D,0,S/D,S/D,S/D,0,S/D,S/D,S/D,0
214400,HUATIAPA,AREQUIPA,CASTILLA,eta5,pp,20260905,20261004,"00Z,12Z",D1,6h,S/D,S/D,S/D,0,S/D,S/D,S/D,0,S/D,S/D,S/D,0,S/D,S/D,S/D,0,S/D,S/D,S/D,0
214400,HUATIAPA,AREQUIPA,CASTILLA,wrf5,pp,20260905,20261004,"00Z,12Z",D1,6h,S/D,S/D,S/D,0,S/D,S/D,S/D,0,S/D,S/D,S/D,0,S/D,S/D,S/D,0,S/D,S/D,S/D,0
214400,HUATIAPA,AREQUIPA,CASTILLA,mpas15,pp,20260905,20261004,00Z,D1,6h,S/D,S/D,S/D,0,S/D,S/D,S/D,0,S/D,S/D,S/D,0,S/D,S/D,S/D,0,S/D,S/D,S/D,0
4723D752,CHIVAY,AREQUIPA,CAYLLOMA,ecmwf,pp,20260905,20261004,"00Z,12Z",D1,6h,0.18,0.565,0.37,236,0.929,0.755,0.241,14,S/D,1.0,0.0,0,S/D,S/D,S/D,0,S/D,S/D,S/D,0
4723D752,CHIVAY,AREQUIPA,CAYLLOMA,gfs,pp,20260905,20261004,"00Z,12Z",D1,6h,0.249,0.789,0.39,236,0.857,0.774,0.218,14,S/D,1.0,0.0,0,S/D,1.0,0.0,0,S/D,S/D,S/D,0
4723D752,CHIVAY,AREQUIPA,CAYLLOMA,eta5,pp,20260905,20261004,"00Z,12Z",D1,6h,0.257,0.849,0.336,191,0.75,0.757,0.225,12,S/D,1.0,0.0,0,S/D,1.0,0.0,0,S/D,S/D,S/D,0
4723D752,CHIVAY,AREQUIPA,CAYLLOMA,wrf5,pp,20260905,20261004,"00Z,12Z",D1,6h,0.169,0.746,0.316,233,0.5,0.774,0.184,14,S/D,1.0,0.0,0,S/D,1.0,0.0,0,S/D,S/D,S/D,0
4723D752,CHIVAY,AREQUIPA,CAYLLOMA,mpas15,pp,20260905,20261004,00Z,D1,6h,0.363,0.919,0.191,118,0.571,0.833,0.148,7,S/D,1.0,0.0,0,S/D,S/D,S/D,0,S/D,S/D,S/D,0
47E8A60E,COTACOTA,AREQUIPA,CAYLLOMA,ecmwf,pp,20260905,20261004,"00Z,12Z",D1,6h,0.06,0.897,0.481,226,0.733,0.645,0.314,30,0.375,0.6,0.24,16,S/D,1.0,0.0,0,S/D,S/D,S/D,0
47E8A60E,COTACOTA,AREQUIPA,CAYLLOMA,gfs,pp,20260905,20261004,"00Z,12Z",D1,6h,0.557,1.526,0.478,226,0.9,0.69,0.3,30,0.75,0.755,0.226,16,S/D,1.0,0.0,0,S/D,S/D,S/D,0
47E8A60E,COTACOTA,AREQUIPA,CAYLLOMA,eta5,pp,20260905,20261004,"00Z,12Z",D1,6h,0.508,1.476,0.53,182,0.862,0.576,0.397,29,0.75,0.7,0.273,16,S/D,1.0,0.0,0,S/D,S/D,S/D,0
47E8A60E,COTACOTA,AREQUIPA,CAYLLOMA,wrf5,pp,20260905,20261004,"00Z,12Z",D1,6h,0.481,1.733,0.461,223,0.741,0.643,0.317,27,0.5,0.794,0.171,14,S/D,1.0,0.0,0,S/D,S/D,S/D,0
47E8A60E,COTACOTA,AREQUIPA,CAYLLOMA,mpas15,pp,20260905,20261004,00Z,D1,6h,0.205,1.125,0.511,113,0.867,0.5,0.464,15,0.75,0.647,0.316,8,S/D,1.0,0.0,0,S/D,S/D,S/D,0
47E3A5A6,HUANCA,AREQUIPA,CAYLLOMA,ecmwf,pp,20260905,20261004,"00Z,12Z",D1,6h,0.041,0.223,S/D,236,S/D,1.0,0.0,0,S/D,1.0,0.0,0,S/D,S/D,S/D,0,S/D,S/D,S/D,0
47E3A5A6,HUANCA,AREQUIPA,CAYLLOMA,gfs,pp,20260905,20261004,"00Z,12Z",D1,6h,0.021,0.11,S/D,236,S/D,1.0,0.0,0,S/D,1.0,0.0,0,S/D,S/D,S/D,0,S/D,S/D,S/D,0
47E3A5A6,HUANCA,AREQUIPA,CAYLLOMA,eta5,pp,20260905,20261004,"00Z,12Z",D1,6h,0.004,0.041,S/D,192,S/D,1.0,0.0,0,S/D,S/D,S/D,0,S/D,S/D,S/D,0,S/D,S/D,S/D,0
47E3A5A6,HUANCA,AREQUIPA,CAYLLOMA,wrf5,pp,20260905,20261004,"00Z,12Z",D1,6h,0.008,0.064,S/D,232,S/D,1.0,0.0,0,S/D,S/D,S/D,0,S/D,S/D,S/D,0,S/D,S/D,S/D,0
47E3A5A6,HUANCA,AREQUIPA,CAYLLOMA,mpas15,pp,20260905,20261004,00Z,D1,6h,0.017,0.13,S/D,118,S/D,1.0,0.0,0,S/D,1.0,0.0,0,S/D,S/D,S/D,0,S/D,S/D,S/D,0
47E3834A,IMATA,AREQUIPA,CAYLLOMA,ecmwf,pp,20260905,20261004,"00Z,12Z",D1,6h,0.096,0.584,0.342,234,0.812,0.717,0.265,16,0.4,0.692,0.211,10,S/D,1.0,0.0,0,S/D,S/D,S/D,0
47E3834A,IMATA,AREQUIPA,CAYLLOMA,gfs,pp,20260905,20261004,"00Z,12Z",D1,6h,0.101,0.578,0.285,234,0.688,0.788,0.193,16,0.5,0.667,0.25,10,S/D,S/D,S/D,0,S/D,S/D,S/D,0
47E3834A,IMATA,AREQUIPA,CAYLLOMA,eta5,pp,20260905,20261004,"00Z,12Z",D1,6h,0.054,0.65,0.361,190,0.667,0.615,0.323,15,0.556,0.5,0.357,9,S/D,S/D,S/D,0,S/D,S/D,S/D,0
47E3834A,IMATA,AREQUIPA,CAYLLOMA,wrf5,pp,20260905,20261004,"00Z,12Z",D1,6h,0.075,0.662,0.351,230,0.5,0.692,0.235,16,0.5,0.444,0.357,10,S/D,1.0,0.0,0,S/D,S/D,S/D,0
47E3834A,IMATA,AREQUIPA,CAYLLOMA,mpas15,pp,20260905,20261004,00Z,D1,6h,0.164,0.672,0.22,117,0.5,0.8,0.167,8,0.6,0.812,0.167,5,S/D,S/D,S/D,0,S/D,S/D,S/D,0
4729E39A,PAMPA DE MAJES,AREQUIPA,CAYLLOMA,ecmwf,pp,20260905,20261004,"00Z,12Z",D1,6h,-0.001,0.013,0.099,234,0.0,S/D,0.0,4,S/D,S/D,S/D,0,S/D,S/D,S/D,0,S/D,S/D,S/D,0
4729E39A,PAMPA DE MAJES,AREQUIPA,CAYLLOMA,gfs,pp,20260905,20261004,"00Z,12Z",D1,6h,-0.002,0.013,S/D,234,0.0,S/D,0.0,4,S/D,S/D,S/D,0,S/D,S/D,S/D,0,S/D,S/D,S/D,0
4729E39A,PAMPA DE MAJES,AREQUIPA,CAYLLOMA,eta5,pp,20260905,20261004,"00Z,12Z",D1,6h,-0.002,0.013,S/D,190,0.0,S/D,0.0,3,S/D,S/D,S/D,0,S/D,S/D,S/D,0,S/D,S/D,S/D,0
4729E39A,PAMPA DE MAJES,AREQUIPA,CAYLLOMA,wrf5,pp,20260905,20261004,"00Z,12Z",D1,6h,-0.002,0.013,S/D,230,0.0,S/D,0.0,4,S/D,S/D,S/D,0,S/D,S/D,S/D,0,S/D,S/D,S/D,0
4729E39A,PAMPA DE MAJES,AREQUIPA,CAYLLOMA,mpas15,pp,20260905,20261004,00Z,D1,6h,-0.002,0.013,0.216,117,0.0,S/D,0.0,2,S/D,S/D,S/D,0,S/D,S/D,S/D,0,S/D,S/D,S/D,0
47E373CE,PILLONES,AREQUIPA,CAYLLOMA,ecmwf,pp,20260905,20261004,"00Z,12Z",D1,6h,0.084,0.361,0.414,228,1.0,0.714,0.286,8,1.0,0.667,0.333,2,S/D,S/D,S/D,0,S/D,S/D,S/D,0
47E373CE,PILLONES,AREQUIPA,CAYLLOMA,gfs,pp,20260905,20261004,"00Z,12Z",D1,6h,0.053,0.273,0.509,228,0.875,0.682,0.304,8,0.5,0.857,0.125,2,S/D,S/D,S/D,0,S/D,S/D,S/D,0
47E373CE,PILLONES,AREQUIPA,CAYLLOMA,eta5,pp,20260905,20261004,"00Z,12Z",D1,6h,0.076,0.443,0.314,184,0.714,0.643,0.312,7,0.0,1.0,0.0,2,S/D,S/D,S/D,0,S/D,S/D,S/D,0
47E373CE,PILLONES,AREQUIPA,CAYLLOMA,wrf5,pp,20260905,20261004,"00Z,12Z",D1,6h,0.062,0.482,0.436,224,0.75,0.6,0.353,8,1.0,0.6,0.4,2,S/D,1.0,0.0,0,S/D,S/D,S/D,0
47E373CE,PILLONES,AREQUIPA,CAYLLOMA,mpas15,pp,20260905,20261004,00Z,D1,6h,0.253,0.628,0.313,114,1.0,0.826,0.174,4,1.0,0.941,0.059,1,S/D,S/D,S/D,0,S/D,S/D,S/D,0
47265686,SIBAYO,AREQUIPA,CAYLLOMA,ecmwf,pp,20260905,20261004,"00Z,12Z",D1,6h,S/D,S/D,S/D,0,S/D,S/D,S/D,0,S/D,S/D,S/D,0,S/D,S/D,S/D,0,S/D,S/D,S/D,0
47265686,SIBAYO,AREQUIPA,CAYLLOMA,gfs,pp,20260905,20261004,"00Z,12Z",D1,6h,S/D,S/D,S/D,0,S/D,S/D,S/D,0,S/D,S/D,S/D,0,S/D,S/D,S/D,0,S/D,S/D,S/D,0
47265686,SIBAYO,AREQUIPA,CAYLLOMA,eta5,pp,20260905,20261004,"00Z,12Z",D1,6h,S/D,S/D,S/D,0,S/D,S/D,S/D,0,S/D,S/D,S/D,0,S/D,S/D,S/D,0,S/D,S/D,S/D,0
47265686,SIBAYO,AREQUIPA,CAYLLOMA,wrf5,pp,20260905,20261004,"00Z,12Z",D1,6h,S/D,S/D,S/D,0,S/D,S/D,S/D,0,S/D,S/D,S/D,0,S/D,S/D,S/D,0,S/D,S/D,S/D,0
47265686,SIBAYO,AREQUIPA,CAYLLOMA,mpas15,pp,20260905,20261004,00Z,D1,6h,S/D,S/D,S/D,0,S/D,S/D,S/D,0,S/D,S/D,S/D,0,S/D,S/D,S/D,0,S/D,S/D,S/D,0
472ED434,SUMBAY,AREQUIPA,CAYLLOMA,ecmwf,pp,20260905,20261004,"00Z,12Z",D1,6h,0.08,0.436,0.254,210,0.7,0.825,0.163,10,0.667,0.636,0.308,6,0.5,0.0,0.5,2,S/D,S/D,S/D,0
472ED434,SUMBAY,AREQUIPA,CAYLLOMA,gfs,pp,20260905,20261004,"00Z,12Z",D1,6h,0.089,0.543,0.202,210,0.6,0.867,0.122,10,0.667,0.692,0.267,6,0.0,S/D,0.0,2,S/D,S/D,S/D,0
472ED434,SUMBAY,AREQUIPA,CAYLLOMA,eta5,pp,20260905,20261004,"00Z,12Z",D1,6h,0.027,0.496,0.336,171,0.556,0.773,0.192,9,0.8,0.636,0.333,5,0.0,S/D,0.0,2,S/D,S/D,S/D,0
472ED434,SUMBAY,AREQUIPA,CAYLLOMA,wrf5,pp,20260905,20261004,"00Z,12Z",D1,6h,0.068,0.573,0.309,208,0.5,0.783,0.179,10,0.667,0.5,0.4,6,0.0,1.0,0.0,2,S/D,S/D,S/D,0
472ED434,SUMBAY,AREQUIPA,CAYLLOMA,mpas15,pp,20260905,20261004,00Z,D1,6h,0.146,0.687,0.274,105,0.6,0.824,0.158,5,0.667,0.846,0.143,3,0.0,S/D,0.0,1,S/D,S/D,S/D,0
115150,COROPUNA,AREQUIPA,CONDESUYOS,ecmwf,pp,20260905,20261004,"00Z,12Z",D1,6h,S/D,S/D,S/D,0,S/D,S/D,S/D,0,S/D,S/D,S/D,0,S/D,S/D,S/D,0,S/D,S/D,S/D,0
115150,COROPUNA,AREQUIPA,CONDESUYOS,gfs,pp,20260905,20261004,"00Z,12Z",D1,6h,S/D,S/D,S/D,0,S/D,S/D,S/D,0,S/D,S/D,S/D,0,S/D,S/D,S/D,0,S/D,S/D,S/D,0
115150,COROPUNA,AREQUIPA,CONDESUYOS,eta5,pp,20260905,20261004,"00Z,12Z",D1,6h,S/D,S/D,S/D,0,S/D,S/D,S/D,0,S/D,S/D,S/D,0,S/D,S/D,S/D,0,S/D,S/D,S/D,0
115150,COROPUNA,AREQUIPA,CONDESUYOS,wrf5,pp,20260905,20261004,"00Z,12Z",D1,6h,S/D,S/D,S/D,0,S/D,S/D,S/D,0,S/D,S/D,S/D,0,S/D,S/D,S/D,0,S/D,S/D,S/D,0
115150,COROPUNA,AREQUIPA,CONDESUYOS,mpas15,pp,20260905,20261004,00Z,D1,6h,S/D,S/D,S/D,0,S/D,S/D,S/D,0,S/D,S/D,S/D,0,S/D,S/D,S/D,0,S/D,S/D,S/D,0
114119,VISCA VISCA,AREQUIPA,CONDESUYOS,ecmwf,pp,20260905,20261004,"00Z,12Z",D1,6h,0.12,0.739,0.526,230,0.944,0.575,0.415,36,0.688,0.656,0.297,16,0.0,S/D,0.0,2,S/D,S/D,S/D,0
114119,VISCA VISCA,AREQUIPA,CONDESUYOS,gfs,pp,20260905,20261004,"00Z,12Z",D1,6h,0.518,1.458,0.393,230,0.861,0.726,0.263,36,0.75,0.8,0.188,16,0.0,1.0,0.0,2,S/D,S/D,S/D,0
114119,VISCA VISCA,AREQUIPA,CONDESUYOS,eta5,pp,20260905,20261004,"00Z,12Z",D1,6h,1.018,2.225,0.455,186,0.853,0.633,0.345,34,0.938,0.746,0.25,16,1.0,0.905,0.095,2,S/D,S/D,S/D,0
114119,VISCA VISCA,AREQUIPA,CONDESUYOS,wrf5,pp,20260905,20261004,"00Z,12Z",D1,6h,0.471,2.119,0.385,227,0.636,0.656,0.288,33,0.4,0.806,0.15,15,0.5,0.889,0.1,2,S/D,S/D,S/D,0
114119,VISCA VISCA,AREQUIPA,CONDESUYOS,mpas15,pp,20260905,20261004,00Z,D1,6h,0.218,0.919,0.426,115,0.778,0.588,0.368,18,0.75,0.75,0.231,8,0.0,S/D,0.0,1,S/D,S/D,S/D,0
47280292,COTAHUASI,AREQUIPA,LA UNION,ecmwf,pp,20260905,20261004,"00Z,12Z",D1,6h,-0.269,2.857,0.003,146,0.25,0.931,0.057,8,0.0,1.0,0.0,6,0.0,S/D,0.0,4,S/D,S/D,S/D,0
47280292,COTAHUASI,AREQUIPA,LA UNION,gfs,pp,20260905,20261004,"00Z,12Z",D1,6h,-0.27,2.914,-0.019,146,0.25,0.935,0.054,8,0.0,1.0,0.0,6,0.0,1.0,0.0,4,S/D,S/D,S/D,0
47280292,COTAHUASI,AREQUIPA,LA UNION,eta5,pp,20260905,20261004,"00Z,12Z",D1,6h,-0.058,3.404,0.076,118,0.25,0.917,0.067,8,0.0,1.0,0.0,6,0.0,1.0,0.0,4,S/D,S/D,S/D,0
47280292,COTAHUASI,AREQUIPA,LA UNION,wrf5,pp,20260905,20261004,"00Z,12Z",D1,6h,-0.393,2.869,0.072,142,0.125,0.909,0.056,8,0.0,1.0,0.0,6,0.0,S/D,0.0,4,S/D,S/D,S/D,0
47280292,COTAHUASI,AREQUIPA,LA UNION,mpas15,pp,20260905,20261004,00Z,D1,6h,-0.084,3.007,0.136,73,0.25,0.917,0.067,4,0.0,1.0,0.0,3,0.0,1.0,0.0,2,S/D,S/D,S/D,0
115151,CUYAU,AREQUIPA,LA UNION,ecmwf,pp,20260905,20261004,"00Z,12Z",D1,6h,0.277,0.864,0.331,234,S/D,1.0,0.0,0,S/D,1.0,0.0,0,S/D,1.0,0.0,0,S/D,S/D,S/D,0
115151,CUYAU,AREQUIPA,LA UNION,gfs,pp,20260905,20261004,"00Z,12Z",D1,6h,0.173,0.659,0.287,234,S/D,1.0,0.0,0,S/D,1.0,0.0,0,S/D,1.0,0.0,0,S/D,S/D,S/D,0
115151,CUYAU,AREQUIPA,LA UNION,eta5,pp,20260905,20261004,"00Z,12Z",D1,6h,0.487,1.329,0.229,190,S/D,1.0,0.0,0,S/D,1.0,0.0,0,S/D,1.0,0.0,0,S/D,S/D,S/D,0
115151,CUYAU,AREQUIPA,LA UNION,wrf5,pp,20260905,20261004,"00Z,12Z",D1,6h,0.073,0.447,0.319,231,S/D,1.0,0.0,0,S/D,1.0,0.0,0,S/D,1.0,0.0,0,S/D,S/D,S/D,0
115151,CUYAU,AREQUIPA,LA UNION,mpas15,pp,20260905,20261004,00Z,D1,6h,0.26,0.837,0.133,117,S/D,1.0,0.0,0,S/D,1.0,0.0,0,S/D,1.0,0.0,0,S/D,S/D,S/D,0
4729D600,PAMPA CANGALLO,AYACUCHO,CANGALLO,ecmwf,pp,20260905,20261004,"00Z,12Z",D1,6h,0.42,1.418,0.539,234,0.925,0.648,0.343,40,0.9,0.795,0.2,10,0.25,0.833,0.111,4,S/D,S/D,S/D,0
4729D600,PAMPA CANGALLO,AYACUCHO,CANGALLO,gfs,pp,20260905,20261004,"00Z,12Z",D1,6h,0.773,2.151,0.507,234,1.0,0.697,0.303,40,0.8,0.882,0.114,10,0.25,0.923,0.062,4,S/D,S/D,S/D,0
4729D600,PAMPA CANGALLO,AYACUCHO,CANGALLO,eta5,pp,20260905,20261004,"00Z,12Z",D1,6h,0.402,1.695,0.551,190,0.943,0.548,0.44,35,0.667,0.86,0.13,9,0.0,1.0,0.0,4,S/D,S/D,S/D,0
4729D600,PAMPA CANGALLO,AYACUCHO,CANGALLO,wrf5,pp,20260905,20261004,"00Z,12Z",D1,6h,0.346,2.098,0.496,230,0.692,0.534,0.386,39,0.778,0.75,0.233,9,0.25,0.9,0.077,4,S/D,S/D,S/D,0
4729D600,PAMPA CANGALLO,AYACUCHO,CANGALLO,mpas15,pp,20260905,20261004,00Z,D1,6h,0.72,2.138,0.531,117,0.85,0.605,0.37,20,1.0,0.857,0.143,5,0.0,1.0,0.0,2,S/D,S/D,S/D,0
113248,SANTA CRUZ DE HOSPICIO,AYACUCHO,CANGALLO,ecmwf,pp,20260905,20261004,"00Z,12Z",D1,6h,0.466,1.186,0.518,236,0.917,0.66,0.33,36,0.833,0.767,0.222,12,1.0,0.75,0.25,2,S/D,S/D,S/D,0
113248,SANTA CRUZ DE HOSPICIO,AYACUCHO,CANGALLO,gfs,pp,20260905,20261004,"00Z,12Z",D1,6h,0.819,1.825,0.498,236,0.917,0.7,0.292,36,1.0,0.806,0.194,12,1.0,0.833,0.167,2,S/D,S/D,S/D,0
113248,SANTA CRUZ DE HOSPICIO,AYACUCHO,CANGALLO,eta5,pp,20260905,20261004,"00Z,12Z",D1,6h,0.586,1.316,0.528,191,0.867,0.634,0.347,30,0.8,0.805,0.186,10,1.0,0.6,0.4,2,S/D,S/D,S/D,0
113248,SANTA CRUZ DE HOSPICIO,AYACUCHO,CANGALLO,wrf5,pp,20260905,20261004,"00Z,12Z",D1,6h,0.701,2.191,0.503,232,0.743,0.581,0.366,35,0.727,0.778,0.205,11,1.0,0.846,0.154,2,S/D,S/D,S/D,0
113248,SANTA CRUZ DE HOSPICIO,AYACUCHO,CANGALLO,mpas15,pp,20260905,20261004,00Z,D1,6h,0.913,2.347,0.511,118,0.889,0.6,0.381,18,1.0,0.8,0.2,6,1.0,0.889,0.111,1,S/D,S/D,S/D,0
250900,PUENTE PAMPAS GORE APU,AYACUCHO,HUAMANGA,ecmwf,pp,20260905,20261004,"00Z,12Z",D1,6h,0.592,1.417,0.355,236,0.938,0.87,0.129,16,0.9,0.775,0.22,10,S/D,1.0,0.0,0,S/D,S/D,S/D,0
250900,PUENTE PAMPAS GORE APU,AYACUCHO,HUAMANGA,gfs,pp,20260905,20261004,"00Z,12Z",D1,6h,0.62,1.205,0.32,236,0.875,0.897,0.101,16,1.0,0.796,0.204,10,S/D,1.0,0.0,0,S/D,S/D,S/D,0
250900,PUENTE PAMPAS GORE APU,AYACUCHO,HUAMANGA,eta5,pp,20260905,20261004,"00Z,12Z",D1,6h,1.923,3.749,0.3,191,0.929,0.862,0.137,14,0.889,0.889,0.11,9,S/D,1.0,0.0,0,S/D,S/D,S/D,0
250900,PUENTE PAMPAS GORE APU,AYACUCHO,HUAMANGA,wrf5,pp,20260905,20261004,"00Z,12Z",D1,6h,0.112,0.886,0.347,232,0.6,0.654,0.281,15,0.7,0.417,0.467,10,S/D,1.0,0.0,0,S/D,S/D,S/D,0
250900,PUENTE PAMPAS GORE APU,AYACUCHO,HUAMANGA,mpas15,pp,20260905,20261004,00Z,D1,6h,0.681,1.653,0.346,118,0.875,0.837,0.159,8,1.0,0.828,0.172,5,S/D,1.0,0.0,0,S/D,S/D,S/D,0
114122,CCONTACC,AYACUCHO,LUCANAS,ecmwf,pp,20260905,20261004,"00Z,12Z",D1,6h,0.348,1.008,0.317,236,1.0,0.859,0.141,10,0.0,1.0,0.0,2,S/D,1.0,0.0,0,S/D,S/D,S/D,0
114122,CCONTACC,AYACUCHO,LUCANAS,gfs,pp,20260905,20261004,"00Z,12Z",D1,6h,0.565,1.499,0.287,236,1.0,0.88,0.12,10,0.0,1.0,0.0,2,S/D,1.0,0.0,0,S/D,S/D,S/D,0
114122,CCONTACC,AYACUCHO,LUCANAS,eta5,pp,20260905,20261004,"00Z,12Z",D1,6h,0.195,0.643,0.288,191,0.625,0.848,0.139,8,0.0,1.0,0.0,1,S/D,S/D,S/D,0,S/D,S/D,S/D,0
114122,CCONTACC,AYACUCHO,LUCANAS,wrf5,pp,20260905,20261004,"00Z,12Z",D1,6h,0.471,1.776,0.322,233,0.8,0.849,0.145,10,0.0,1.0,0.0,2,S/D,1.0,0.0,0,S/D,S/D,S/D,0
114122,CCONTACC,AYACUCHO,LUCANAS,mpas15,pp,20260905,20261004,00Z,D1,6h,0.424,1.37,0.309,118,1.0,0.792,0.208,5,1.0,0.952,0.048,1,S/D,1.0,0.0,0,S/D,S/D,S/D,0
47290068,HUAC-HUAS,AYACUCHO,LUCANAS,ecmwf,pp,20260905,20261004,"00Z,12Z",D1,6h,-0.01,0.374,0.138,216,0.5,0.818,0.154,4,0.0,1.0,0.0,2,S/D,S/D,S/D,0,S/D,S/D,S/D,0
47290068,HUAC-HUAS,AYACUCHO,LUCANAS,gfs,pp,20260905,20261004,"00Z,12Z",D1,6h,-0.005,0.372,0.111,216,0.0,1.0,0.0,4,0.0,S/D,0.0,2,S/D,S/D,S/D,0,S/D,S/D,S/D,0
47290068,HUAC-HUAS,AYACUCHO,LUCANAS,eta5,pp,20260905,20261004,"00Z,12Z",D1,6h,-0.026,0.404,0.058,174,0.0,1.0,0.0,3,0.0,S/D,0.0,2,S/D,S/D,S/D,0,S/D,S/D,S/D,0
47290068,HUAC-HUAS,AYACUCHO,LUCANAS,wrf5,pp,20260905,20261004,"00Z,12Z",D1,6h,0.006,0.447,-0.055,212,0.0,1.0,0.0,4,0.0,1.0,0.0,2,S/D,S/D,S/D,0,S/D,S/D,S/D,0
47290068,HUAC-HUAS,AYACUCHO,LUCANAS,mpas15,pp,20260905,20261004,00Z,D1,6h,0.178,0.726,0.053,108,0.5,0.933,0.062,2,0.0,1.0,0.0,1,S/D,S/D,S/D,0,S/D,S/D,S/D,0
114127,PAMPA GALERAS,AYACUCHO,LUCANAS,ecmwf,pp,20260905,20261004,"00Z,12Z",D1,6h,0.229,0.967,0.275,230,1.0,0.882,0.118,6,0.5,0.818,0.154,4,S/D,1.0,0.0,0,S/D,S/D,S/D,0
114127,PAMPA GALERAS,AYACUCHO,LUCANAS,gfs,pp,20260905,20261004,"00Z,12Z",D1,6h,0.176,0.786,0.255,230,0.667,0.909,0.087,6,0.25,0.938,0.053,4,S/D,1.0,0.0,0,S/D,S/D,S/D,0
114127,PAMPA GALERAS,AYACUCHO,LUCANAS,eta5,pp,20260905,20261004,"00Z,12Z",D1,6h,0.068,0.505,0.289,187,0.6,0.85,0.136,5,0.0,1.0,0.0,3,S/D,S/D,S/D,0,S/D,S/D,S/D,0
114127,PAMPA GALERAS,AYACUCHO,LUCANAS,wrf5,pp,20260905,20261004,"00Z,12Z",D1,6h,0.445,1.892,0.226,227,0.333,0.956,0.041,6,0.25,0.952,0.042,4,S/D,1.0,0.0,0,S/D,S/D,S/D,0
114127,PAMPA GALERAS,AYACUCHO,LUCANAS,mpas15,pp,20260905,20261004,00Z,D1,6h,0.338,1.154,0.263,115,1.0,0.864,0.136,3,1.0,0.882,0.118,2,S/D,1.0,0.0,0,S/D,S/D,S/D,0
114121,HURAY HUMA,AYACUCHO,PARINACOCHAS,ecmwf,pp,20260905,20261004,"00Z,12Z",D1,6h,0.581,1.408,S/D,164,S/D,1.0,0.0,0,S/D,1.0,0.0,0,S/D,1.0,0.0,0,S/D,S/D,S/D,0
114121,HURAY HUMA,AYACUCHO,PARINACOCHAS,gfs,pp,20260905,20261004,"00Z,12Z",D1,6h,0.704,1.574,S/D,164,S/D,1.0,0.0,0,S/D,1.0,0.0,0,S/D,1.0,0.0,0,S/D,S/D,S/D,0
114121,HURAY HUMA,AYACUCHO,PARINACOCHAS,eta5,pp,20260905,20261004,"00Z,12Z",D1,6h,0.488,1.287,S/D,126,S/D,1.0,0.0,0,S/D,1.0,0.0,0,S/D,1.0,0.0,0,S/D,S/D,S/D,0
114121,HURAY HUMA,AYACUCHO,PARINACOCHAS,wrf5,pp,20260905,20261004,"00Z,12Z",D1,6h,0.742,2.002,S/D,162,S/D,1.0,0.0,0,S/D,1.0,0.0,0,S/D,1.0,0.0,0,S/D,S/D,S/D,0
114121,HURAY HUMA,AYACUCHO,PARINACOCHAS,mpas15,pp,20260905,20261004,00Z,D1,6h,0.652,1.844,S/D,82,S/D,1.0,0.0,0,S/D,1.0,0.0,0,S/D,1.0,0.0,0,S/D,S/D,S/D,0
115155,PAUZA,AYACUCHO,PAUCAR DEL SARA SARA,ecmwf,pp,20260905,20261004,"00Z,12Z",D1,6h,S/D,S/D,S/D,0,S/D,S/D,S/D,0,S/D,S/D,S/D,0,S/D,S/D,S/D,0,S/D,S/D,S/D,0
115155,PAUZA,AYACUCHO,PAUCAR DEL SARA SARA,gfs,pp,20260905,20261004,"00Z,12Z",D1,6h,S/D,S/D,S/D,0,S/D,S/D,S/D,0,S/D,S/D,S/D,0,S/D,S/D,S/D,0,S/D,S/D,S/D,0
115155,PAUZA,AYACUCHO,PAUCAR DEL SARA SARA,eta5,pp,20260905,20261004,"00Z,12Z",D1,6h,S/D,S/D,S/D,0,S/D,S/D,S/D,0,S/D,S/D,S/D,0,S/D,S/D,S/D,0,S/D,S/D,S/D,0
115155,PAUZA,AYACUCHO,PAUCAR DEL SARA SARA,wrf5,pp,20260905,20261004,"00Z,12Z",D1,6h,S/D,S/D,S/D,0,S/D,S/D,S/D,0,S/D,S/D,S/D,0,S/D,S/D,S/D,0,S/D,S/D,S/D,0
115155,PAUZA,AYACUCHO,PAUCAR DEL SARA SARA,mpas15,pp,20260905,20261004,00Z,D1,6h,S/D,S/D,S/D,0,S/D,S/D,S/D,0,S/D,S/D,S/D,0,S/D,S/D,S/D,0,S/D,S/D,S/D,0
4725B27A,PAUCARAY,AYACUCHO,SUCRE,ecmwf,pp,20260905,20261004,"00Z,12Z",D1,6h,S/D,S/D,S/D,0,S/D,S/D,S/D,0,S/D,S/D,S/D,0,S/D,S/D,S/D,0,S/D,S/D,S/D,0
4725B27A,PAUCARAY,AYACUCHO,SUCRE,gfs,pp,20260905,20261004,"00Z,12Z",D1,6h,S/D,S/D,S/D,0,S/D,S/D,S/D,0,S/D,S/D,S/D,0,S/D,S/D,S/D,0,S/D,S/D,S/D,0
4725B27A,PAUCARAY,AYACUCHO,SUCRE,eta5,pp,20260905,20261004,"00Z,12Z",D1,6h,S/D,S/D,S/D,0,S/D,S/D,S/D,0,S/D,S/D,S/D,0,S/D,S/D,S/D,0,S/D,S/D,S/D,0
4725B27A,PAUCARAY,AYACUCHO,SUCRE,wrf5,pp,20260905,20261004,"00Z,12Z",D1,6h,S/D,S/D,S/D,0,S/D,S/D,S/D,0,S/D,S/D,S/D,0,S/D,S/D,S/D,0,S/D,S/D,S/D,0
4725B27A,PAUCARAY,AYACUCHO,SUCRE,mpas15,pp,20260905,20261004,00Z,D1,6h,S/D,S/D,S/D,0,S/D,S/D,S/D,0,S/D,S/D,S/D,0,S/D,S/D,S/D,0,S/D,S/D,S/D,0
4729F0EC,CAJABAMBA,CAJAMARCA,CAJABAMBA,ecmwf,pp,20260905,20261004,"00Z,12Z",D1,6h,0.321,1.928,0.258,234,0.9,0.92,0.079,10,0.667,0.867,0.125,6,0.5,0.857,0.125,2,S/D,S/D,S/D,0
4729F0EC,CAJABAMBA,CAJAMARCA,CAJABAMBA,gfs,pp,20260905,20261004,"00Z,12Z",D1,6h,0.17,1.958,0.245,234,0.9,0.889,0.11,10,0.5,0.889,0.1,6,0.0,1.0,0.0,2,S/D,S/D,S/D,0
4729F0EC,CAJABAMBA,CAJAMARCA,CAJABAMBA,eta5,pp,20260905,20261004,"00Z,12Z",D1,6h,0.246,1.612,0.162,190,0.833,0.932,0.068,6,0.5,0.913,0.08,4,0.0,1.0,0.0,1,S/D,S/D,S/D,0
4729F0EC,CAJABAMBA,CAJAMARCA,CAJABAMBA,wrf5,pp,20260905,20261004,"00Z,12Z",D1,6h,0.315,2.014,0.145,230,0.5,0.906,0.086,10,0.333,0.917,0.071,6,1.0,0.8,0.2,2,S/D,S/D,S/D,0
4729F0EC,CAJABAMBA,CAJAMARCA,CAJABAMBA,mpas15,pp,20260905,20261004,00Z,D1,6h,0.991,3.008,0.282,117,1.0,0.886,0.114,5,1.0,0.909,0.091,3,1.0,0.889,0.111,1,S/D,S/D,S/D,0
472A32FC,CRISNEJAS,CAJAMARCA,CAJABAMBA,ecmwf,pp,20260905,20261004,"00Z,12Z",D1,6h,0.521,1.344,S/D,234,S/D,1.0,0.0,0,S/D,1.0,0.0,0,S/D,1.0,0.0,0,S/D,S/D,S/D,0
472A32FC,CRISNEJAS,CAJAMARCA,CAJABAMBA,gfs,pp,20260905,20261004,"00Z,12Z",D1,6h,0.431,1.321,S/D,234,S/D,1.0,0.0,0,S/D,1.0,0.0,0,S/D,1.0,0.0,0,S/D,S/D,S/D,0
472A32FC,CRISNEJAS,CAJAMARCA,CAJABAMBA,eta5,pp,20260905,20261004,"00Z,12Z",D1,6h,0.981,2.431,S/D,189,S/D,1.0,0.0,0,S/D,1.0,0.0,0,S/D,1.0,0.0,0,S/D,S/D,S/D,0
472A32FC,CRISNEJAS,CAJAMARCA,CAJABAMBA,wrf5,pp,20260905,20261004,"00Z,12Z",D1,6h,0.374,1.59,S/D,230,S/D,1.0,0.0,0,S/D,1.0,0.0,0,S/D,1.0,0.0,0,S/D,S/D,S/D,0
472A32FC,CRISNEJAS,CAJAMARCA,CAJABAMBA,mpas15,pp,20260905,20261004,00Z,D1,6h,1.154,3.751,S/D,117,S/D,1.0,0.0,0,S/D,1.0,0.0,0,S/D,1.0,0.0,0,S/D,1.0,0.0,0
472645F0,UNC CAJAMARCA,CAJAMARCA,CAJAMARCA,ecmwf,pp,20260905,20261004,"00Z,12Z",D1,6h,0.274,1.946,0.159,218,0.54,0.476,0.362,100,0.188,0.925,0.057,16,0.0,1.0,0.0,4,S/D,S/D,S/D,0
472645F0,UNC CAJAMARCA,CAJAMARCA,CAJAMARCA,gfs,pp,20260905,20261004,"00Z,12Z",D1,6h,0.994,2.295,0.03,218,0.72,0.553,0.381,100,0.5,0.908,0.084,16,0.0,1.0,0.0,4,S/D,S/D,S/D,0
472645F0,UNC CAJAMARCA,CAJAMARCA,CAJAMARCA,eta5,pp,20260905,20261004,"00Z,12Z",D1,6h,0.507,2.115,0.034,178,0.373,0.492,0.274,83,0.214,0.933,0.054,14,0.0,1.0,0.0,3,S/D,S/D,S/D,0
472645F0,UNC CAJAMARCA,CAJAMARCA,CAJAMARCA,wrf5,pp,20260905,20261004,"00Z,12Z",D1,6h,0.007,2.097,0.146,214,0.255,0.432,0.214,98,0.125,0.857,0.071,16,0.0,1.0,0.0,4,S/D,S/D,S/D,0
472645F0,UNC CAJAMARCA,CAJAMARCA,CAJAMARCA,mpas15,pp,20260905,20261004,00Z,D1,6h,1.25,3.668,0.073,109,0.44,0.421,0.333,50,0.25,0.941,0.05,8,0.0,1.0,0.0,2,S/D,S/D,S/D,0
472501F4,BALSAS,CAJAMARCA,CELENDIN,ecmwf,pp,20260905,20261004,"00Z,12Z",D1,6h,S/D,S/D,S/D,0,S/D,S/D,S/D,0,S/D,S/D,S/D,0,S/D,S/D,S/D,0,S/D,S/D,S/D,0
472501F4,BALSAS,CAJAMARCA,CELENDIN,gfs,pp,20260905,20261004,"00Z,12Z",D1,6h,S/D,S/D,S/D,0,S/D,S/D,S/D,0,S/D,S/D,S/D,0,S/D,S/D,S/D,0,S/D,S/D,S/D,0
472501F4,BALSAS,CAJAMARCA,CELENDIN,eta5,pp,20260905,20261004,"00Z,12Z",D1,6h,S/D,S/D,S/D,0,S/D,S/D,S/D,0,S/D,S/D,S/D,0,S/D,S/D,S/D,0,S/D,S/D,S/D,0
472501F4,BALSAS,CAJAMARCA,CELENDIN,wrf5,pp,20260905,20261004,"00Z,12Z",D1,6h,S/D,S/D,S/D,0,S/D,S/D,S/D,0,S/D,S/D,S/D,0,S/D,S/D,S/D,0,S/D,S/D,S/D,0
472501F4,BALSAS,CAJAMARCA,CELENDIN,mpas15,pp,20260905,20261004,00Z,D1,6h,S/D,S/D,S/D,0,S/D,S/D,S/D,0,S/D,S/D,S/D,0,S/D,S/D,S/D,0,S/D,S/D,S/D,0
4726631C,CELENDIN,CAJAMARCA,CELENDIN,ecmwf,pp,20260905,20261004,"00Z,12Z",D1,6h,0.852,1.892,0.131,216,0.833,0.887,0.11,18,S/D,1.0,0.0,0,S/D,1.0,0.0,0,S/D,S/D,S/D,0
4726631C,CELENDIN,CAJAMARCA,CELENDIN,gfs,pp,20260905,20261004,"00Z,12Z",D1,6h,1.1,1.945,0.129,216,1.0,0.893,0.107,18,S/D,1.0,0.0,0,S/D,1.0,0.0,0,S/D,S/D,S/D,0
4726631C,CELENDIN,CAJAMARCA,CELENDIN,eta5,pp,20260905,20261004,"00Z,12Z",D1,6h,0.315,0.95,0.16,172,0.545,0.875,0.113,11,S/D,1.0,0.0,0,S/D,1.0,0.0,0,S/D,S/D,S/D,0
4726631C,CELENDIN,CAJAMARCA,CELENDIN,wrf5,pp,20260905,20261004,"00Z,12Z",D1,6h,0.644,2.965,-0.01,212,0.278,0.891,0.085,18,S/D,1.0,0.0,0,S/D,1.0,0.0,0,S/D,1.0,0.0,0
4726631C,CELENDIN,CAJAMARCA,CELENDIN,mpas15,pp,20260905,20261004,00Z,D1,6h,1.31,2.642,0.043,108,0.556,0.902,0.091,9,S/D,1.0,0.0,0,S/D,1.0,0.0,0,S/D,S/D,S/D,0
4726C3E4,CHOTA,CAJAMARCA,CHOTA,ecmwf,pp,20260905,20261004,"00Z,12Z",D1,6h,0.734,4.026,0.198,202,0.794,0.828,0.165,34,0.7,0.791,0.192,20,0.125,0.923,0.05,8,0.0,S/D,0.0,2
4726C3E4,CHOTA,CAJAMARCA,CHOTA,gfs,pp,20260905,20261004,"00Z,12Z",D1,6h,0.338,3.218,0.219,202,0.941,0.812,0.186,34,0.6,0.803,0.174,20,0.125,0.889,0.062,8,0.0,S/D,0.0,2
4726C3E4,CHOTA,CAJAMARCA,CHOTA,eta5,pp,20260905,20261004,"00Z,12Z",D1,6h,0.05,3.902,0.202,163,0.643,0.746,0.222,28,0.438,0.788,0.167,16,0.0,1.0,0.0,6,0.0,S/D,0.0,2
4726C3E4,CHOTA,CAJAMARCA,CHOTA,wrf5,pp,20260905,20261004,"00Z,12Z",D1,6h,-0.202,4.2,0.077,198,0.206,0.833,0.101,34,0.25,0.643,0.172,20,0.0,1.0,0.0,8,0.0,1.0,0.0,2
4726C3E4,CHOTA,CAJAMARCA,CHOTA,mpas15,pp,20260905,20261004,00Z,D1,6h,1.48,4.64,0.18,101,0.647,0.792,0.186,17,0.6,0.867,0.122,10,0.5,0.846,0.133,4,0.0,1.0,0.0,1
47E94706,HUAMBOS,CAJAMARCA,CHOTA,ecmwf,pp,20260905,20261004,"00Z,12Z",D1,6h,1.011,2.405,0.148,234,0.825,0.776,0.214,40,0.75,0.905,0.092,8,1.0,0.875,0.125,2,S/D,S/D,S/D,0
47E94706,HUAMBOS,CAJAMARCA,CHOTA,gfs,pp,20260905,20261004,"00Z,12Z",D1,6h,0.479,1.374,0.274,234,0.675,0.755,0.22,40,0.625,0.853,0.135,8,0.0,1.0,0.0,2,S/D,S/D,S/D,0
47E94706,HUAMBOS,CAJAMARCA,CHOTA,eta5,pp,20260905,20261004,"00Z,12Z",D1,6h,0.559,2.058,0.141,190,0.5,0.75,0.2,32,0.286,0.941,0.051,7,0.0,1.0,0.0,1,S/D,S/D,S/D,0
47E94706,HUAMBOS,CAJAMARCA,CHOTA,wrf5,pp,20260905,20261004,"00Z,12Z",D1,6h,-0.004,0.745,0.285,231,0.3,0.571,0.214,40,0.25,0.846,0.105,8,0.0,S/D,0.0,2,S/D,S/D,S/D,0
47E94706,HUAMBOS,CAJAMARCA,CHOTA,mpas15,pp,20260905,20261004,00Z,D1,6h,1.489,3.322,0.106,117,0.45,0.82,0.148,20,0.75,0.927,0.071,4,1.0,0.933,0.067,1,S/D,S/D,S/D,0
47E35522,LA MUCHALA,CAJAMARCA,CHOTA,ecmwf,pp,20260905,20261004,"00Z,12Z",D1,6h,0.529,0.892,0.148,14,0.667,0.6,0.333,6,1.0,0.714,0.286,2,S/D,S/D,S/D,0,S/D,S/D,S/D,0
47E35522,LA MUCHALA,CAJAMARCA,CHOTA,gfs,pp,20260905,20261004,"00Z,12Z",D1,6h,0.496,0.831,0.327,14,0.667,0.636,0.308,6,1.0,0.5,0.5,2,S/D,1.0,0.0,0,S/D,S/D,S/D,0
47E35522,LA MUCHALA,CAJAMARCA,CHOTA,eta5,pp,20260905,20261004,"00Z,12Z",D1,6h,3.936,6.127,0.574,13,0.8,0.636,0.333,5,1.0,0.778,0.222,2,S/D,1.0,0.0,0,S/D,S/D,S/D,0
47E35522,LA MUCHALA,CAJAMARCA,CHOTA,wrf5,pp,20260905,20261004,"00Z,12Z",D1,6h,0.049,1.531,0.66,14,0.333,0.333,0.286,6,0.5,0.0,0.5,2,S/D,1.0,0.0,0,S/D,S/D,S/D,0
47E35522,LA MUCHALA,CAJAMARCA,CHOTA,mpas15,pp,20260905,20261004,00Z,D1,6h,0.286,0.952,0.179,7,0.667,0.6,0.333,3,1.0,0.75,0.25,1,S/D,S/D,S/D,0,S/D,S/D,S/D,0
47E1D6C2,PUENTE SAN CARLOS,CAJAMARCA,CHOTA,ecmwf,pp,20260905,20261004,"00Z,12Z",D1,6h,0.359,1.009,-0.033,232,0.333,0.942,0.052,18,0.0,1.0,0.0,6,S/D,1.0,0.0,0,S/D,S/D,S/D,0
47E1D6C2,PUENTE SAN CARLOS,CAJAMARCA,CHOTA,gfs,pp,20260905,20261004,"00Z,12Z",D1,6h,0.263,0.812,0.024,232,0.389,0.917,0.074,18,0.0,1.0,0.0,6,S/D,1.0,0.0,0,S/D,S/D,S/D,0
47E1D6C2,PUENTE SAN CARLOS,CAJAMARCA,CHOTA,eta5,pp,20260905,20261004,"00Z,12Z",D1,6h,0.648,1.881,0.045,189,0.4,0.905,0.083,15,0.0,1.0,0.0,4,S/D,1.0,0.0,0,S/D,S/D,S/D,0
47E1D6C2,PUENTE SAN CARLOS,CAJAMARCA,CHOTA,wrf5,pp,20260905,20261004,"00Z,12Z",D1,6h,-0.053,0.36,0.108,228,0.056,0.933,0.031,18,0.0,1.0,0.0,6,S/D,S/D,S/D,0,S/D,S/D,S/D,0
47E1D6C2,PUENTE SAN CARLOS,CAJAMARCA,CHOTA,mpas15,pp,20260905,20261004,00Z,D1,6h,0.132,0.716,-0.078,116,0.0,1.0,0.0,9,0.0,1.0,0.0,3,S/D,S/D,S/D,0,S/D,S/D,S/D,0
47E1F02E,TUNEL CHOTANO,CAJAMARCA,CHOTA,ecmwf,pp,20260905,20261004,"00Z,12Z",D1,6h,1.487,3.406,0.01,234,0.729,0.814,0.174,48,1.0,0.947,0.053,4,0.0,1.0,0.0,2,S/D,S/D,S/D,0
47E1F02E,TUNEL CHOTANO,CAJAMARCA,CHOTA,gfs,pp,20260905,20261004,"00Z,12Z",D1,6h,1.0,1.953,0.229,234,0.833,0.796,0.196,48,1.0,0.942,0.058,4,0.0,1.0,0.0,2,S/D,S/D,S/D,0
47E1F02E,TUNEL CHOTANO,CAJAMARCA,CHOTA,eta5,pp,20260905,20261004,"00Z,12Z",D1,6h,0.971,2.654,0.161,189,0.636,0.741,0.226,33,1.0,0.935,0.065,3,0.0,1.0,0.0,2,S/D,S/D,S/D,0
47E1F02E,TUNEL CHOTANO,CAJAMARCA,CHOTA,wrf5,pp,20260905,20261004,"00Z,12Z",D1,6h,0.66,3.361,0.197,230,0.354,0.691,0.198,48,0.25,0.966,0.031,4,0.0,1.0,0.0,2,S/D,1.0,0.0,0
47E1F02E,TUNEL CHOTANO,CAJAMARCA,CHOTA,mpas15,pp,20260905,20261004,00Z,D1,6h,1.927,4.562,0.171,117,0.583,0.731,0.226,24,1.0,0.953,0.047,2,0.0,1.0,0.0,1,S/D,S/D,S/D,0
472C92CA,CASCABAMBA,CAJAMARCA,CONTUMAZA,ecmwf,pp,20260905,20261004,"00Z,12Z",D1,6h,0.456,1.582,0.134,234,0.615,0.856,0.132,26,0.0,1.0,0.0,4,0.0,1.0,0.0,2,S/D,S/D,S/D,0
472C92CA,CASCABAMBA,CAJAMARCA,CONTUMAZA,gfs,pp,20260905,20261004,"00Z,12Z",D1,6h,0.176,0.686,0.15,234,0.615,0.853,0.134,26,0.0,1.0,0.0,4,0.0,S/D,0.0,2,S/D,S/D,S/D,0
472C92CA,CASCABAMBA,CAJAMARCA,CONTUMAZA,eta5,pp,20260905,20261004,"00Z,12Z",D1,6h,-0.05,0.392,0.107,189,0.0,1.0,0.0,18,0.0,S/D,0.0,2,0.0,S/D,0.0,1,S/D,S/D,S/D,0
472C92CA,CASCABAMBA,CAJAMARCA,CONTUMAZA,wrf5,pp,20260905,20261004,"00Z,12Z",D1,6h,1.094,3.196,0.2,231,0.615,0.797,0.18,26,0.5,0.956,0.043,4,0.0,1.0,0.0,2,S/D,S/D,S/D,0
472C92CA,CASCABAMBA,CAJAMARCA,CONTUMAZA,mpas15,pp,20260905,20261004,00Z,D1,6h,1.097,2.843,0.216,117,0.615,0.805,0.174,13,0.5,0.968,0.031,2,0.0,1.0,0.0,1,S/D,S/D,S/D,0
472C81BC,GUZMANGO,CAJAMARCA,CONTUMAZA,ecmwf,pp,20260905,20261004,"00Z,12Z",D1,6h,0.137,0.837,0.23,232,0.6,0.889,0.103,10,0.5,0.867,0.118,4,S/D,1.0,0.0,0,S/D,S/D,S/D,0
472C81BC,GUZMANGO,CAJAMARCA,CONTUMAZA,gfs,pp,20260905,20261004,"00Z,12Z",D1,6h,-0.027,0.475,0.307,232,0.7,0.811,0.175,10,0.0,S/D,0.0,4,S/D,S/D,S/D,0,S/D,S/D,S/D,0
472C81BC,GUZMANGO,CAJAMARCA,CONTUMAZA,eta5,pp,20260905,20261004,"00Z,12Z",D1,6h,0.014,0.505,0.279,187,0.625,0.737,0.227,8,0.333,0.8,0.143,3,S/D,S/D,S/D,0,S/D,S/D,S/D,0
472C81BC,GUZMANGO,CAJAMARCA,CONTUMAZA,wrf5,pp,20260905,20261004,"00Z,12Z",D1,6h,-0.045,0.454,0.248,229,0.3,0.75,0.158,10,0.25,0.0,0.25,4,S/D,S/D,S/D,0,S/D,S/D,S/D,0
472C81BC,GUZMANGO,CAJAMARCA,CONTUMAZA,mpas15,pp,20260905,20261004,00Z,D1,6h,0.59,1.505,0.011,116,0.4,0.946,0.05,5,0.5,0.964,0.034,2,S/D,1.0,0.0,0,S/D,S/D,S/D,0
4727470A,PUENTE CHILETE,CAJAMARCA,CONTUMAZA,ecmwf,pp,20260905,20261004,"00Z,12Z",D1,6h,0.901,2.244,0.043,220,0.75,0.974,0.026,4,0.0,1.0,0.0,4,S/D,1.0,0.0,0,S/D,S/D,S/D,0
4727470A,PUENTE CHILETE,CAJAMARCA,CONTUMAZA,gfs,pp,20260905,20261004,"00Z,12Z",D1,6h,1.077,1.991,0.026,220,0.75,0.981,0.019,4,0.5,0.971,0.028,4,S/D,1.0,0.0,0,S/D,S/D,S/D,0
4727470A,PUENTE CHILETE,CAJAMARCA,CONTUMAZA,eta5,pp,20260905,20261004,"00Z,12Z",D1,6h,1.661,3.602,0.144,179,1.0,0.976,0.024,2,1.0,0.965,0.035,2,S/D,1.0,0.0,0,S/D,S/D,S/D,0
4727470A,PUENTE CHILETE,CAJAMARCA,CONTUMAZA,wrf5,pp,20260905,20261004,"00Z,12Z",D1,6h,0.032,0.319,0.123,216,0.25,0.923,0.062,4,0.25,0.75,0.143,4,S/D,S/D,S/D,0,S/D,S/D,S/D,0
4727470A,PUENTE CHILETE,CAJAMARCA,CONTUMAZA,mpas15,pp,20260905,20261004,00Z,D1,6h,1.93,4.155,0.056,110,1.0,0.957,0.043,2,0.0,1.0,0.0,2,S/D,1.0,0.0,0,S/D,S/D,S/D,0
4726E508,YONAN GORE,CAJAMARCA,CONTUMAZA,ecmwf,pp,20260905,20261004,"00Z,12Z",D1,6h,0.282,1.049,0.04,224,0.5,0.955,0.043,6,0.0,1.0,0.0,4,S/D,1.0,0.0,0,S/D,S/D,S/D,0
4726E508,YONAN GORE,CAJAMARCA,CONTUMAZA,gfs,pp,20260905,20261004,"00Z,12Z",D1,6h,0.147,0.401,0.117,224,0.667,0.951,0.048,6,0.0,1.0,0.0,4,S/D,S/D,S/D,0,S/D,S/D,S/D,0
4726E508,YONAN GORE,CAJAMARCA,CONTUMAZA,eta5,pp,20260905,20261004,"00Z,12Z",D1,6h,0.185,0.876,-0.093,181,0.0,1.0,0.0,5,0.0,1.0,0.0,3,S/D,1.0,0.0,0,S/D,S/D,S/D,0
4726E508,YONAN GORE,CAJAMARCA,CONTUMAZA,wrf5,pp,20260905,20261004,"00Z,12Z",D1,6h,-0.008,0.183,0.205,220,0.167,0.917,0.059,6,0.0,S/D,0.0,4,S/D,S/D,S/D,0,S/D,S/D,S/D,0
4726E508,YONAN GORE,CAJAMARCA,CONTUMAZA,mpas15,pp,20260905,20261004,00Z,D1,6h,0.188,0.911,-0.128,112,0.0,1.0,0.0,3,0.0,1.0,0.0,2,S/D,1.0,0.0,0,S/D,S/D,S/D,0
472B3006,CUMBA,CAJAMARCA,CUTERVO,ecmwf,pp,20260905,20261004,"00Z,12Z",D1,6h,0.121,3.683,0.187,228,0.861,0.78,0.212,36,0.111,0.957,0.032,18,0.0,1.0,0.0,6,0.0,S/D,0.0,2
472B3006,CUMBA,CAJAMARCA,CUTERVO,gfs,pp,20260905,20261004,"00Z,12Z",D1,6h,0.066,3.484,0.25,228,0.806,0.78,0.209,36,0.444,0.869,0.113,18,0.0,1.0,0.0,6,0.0,S/D,0.0,2
472B3006,CUMBA,CAJAMARCA,CUTERVO,eta5,pp,20260905,20261004,"00Z,12Z",D1,6h,1.8,4.502,0.186,183,0.867,0.802,0.193,30,0.643,0.899,0.096,14,0.0,1.0,0.0,3,0.0,S/D,0.0,1
472B3006,CUMBA,CAJAMARCA,CUTERVO,wrf5,pp,20260905,20261004,"00Z,12Z",D1,6h,-0.561,3.439,0.034,224,0.028,0.947,0.019,36,0.0,1.0,0.0,18,0.0,1.0,0.0,6,0.0,S/D,0.0,2
472B3006,CUMBA,CAJAMARCA,CUTERVO,mpas15,pp,20260905,20261004,00Z,D1,6h,1.621,4.717,0.187,114,0.778,0.818,0.173,18,0.778,0.892,0.104,9,0.333,0.933,0.059,3,0.0,S/D,0.0,1
4726A602,CUTERVO,CAJAMARCA,CUTERVO,ecmwf,pp,20260905,20261004,"00Z,12Z",D1,6h,1.046,2.82,0.163,186,0.9,0.82,0.176,30,0.5,0.873,0.113,16,1.0,0.8,0.2,2,S/D,S/D,S/D,0
4726A602,CUTERVO,CAJAMARCA,CUTERVO,gfs,pp,20260905,20261004,"00Z,12Z",D1,6h,0.664,2.068,0.243,186,0.967,0.814,0.185,30,0.5,0.86,0.123,16,1.0,0.714,0.286,2,S/D,S/D,S/D,0
4726A602,CUTERVO,CAJAMARCA,CUTERVO,eta5,pp,20260905,20261004,"00Z,12Z",D1,6h,-0.144,2.405,0.145,156,0.444,0.755,0.188,27,0.067,0.889,0.043,15,0.0,1.0,0.0,2,S/D,S/D,S/D,0
4726A602,CUTERVO,CAJAMARCA,CUTERVO,wrf5,pp,20260905,20261004,"00Z,12Z",D1,6h,0.056,2.003,0.211,182,0.3,0.727,0.167,30,0.375,0.647,0.222,16,0.5,0.857,0.125,2,S/D,S/D,S/D,0
4726A602,CUTERVO,CAJAMARCA,CUTERVO,mpas15,pp,20260905,20261004,00Z,D1,6h,1.14,3.238,0.247,93,0.867,0.745,0.245,15,0.75,0.818,0.171,8,1.0,0.889,0.111,1,S/D,S/D,S/D,0
4726D092,BAMBAMARCA H,CAJAMARCA,HUALGAYOC,ecmwf,pp,20260905,20261004,"00Z,12Z",D1,6h,0.543,1.635,0.343,122,0.833,0.831,0.164,12,0.5,0.812,0.158,6,S/D,1.0,0.0,0,S/D,S/D,S/D,0
4726D092,BAMBAMARCA H,CAJAMARCA,HUALGAYOC,gfs,pp,20260905,20261004,"00Z,12Z",D1,6h,0.544,1.055,0.251,122,1.0,0.862,0.138,12,0.5,0.88,0.107,6,S/D,S/D,S/D,0,S/D,S/D,S/D,0
4726D092,BAMBAMARCA H,CAJAMARCA,HUALGAYOC,eta5,pp,20260905,20261004,"00Z,12Z",D1,6h,0.021,0.7,0.122,109,0.167,0.846,0.087,12,0.0,1.0,0.0,6,S/D,1.0,0.0,0,S/D,S/D,S/D,0
4726D092,BAMBAMARCA H,CAJAMARCA,HUALGAYOC,wrf5,pp,20260905,20261004,"00Z,12Z",D1,6h,-0.008,0.534,0.149,118,0.273,0.786,0.136,11,0.0,1.0,0.0,6,S/D,S/D,S/D,0,S/D,S/D,S/D,0
4726D092,BAMBAMARCA H,CAJAMARCA,HUALGAYOC,mpas15,pp,20260905,20261004,00Z,D1,6h,0.941,2.438,0.257,61,0.833,0.808,0.185,6,0.667,0.909,0.087,3,S/D,1.0,0.0,0,S/D,S/D,S/D,0
472680EE,BAMBAMARCA M,CAJAMARCA,HUALGAYOC,ecmwf,pp,20260905,20261004,"00Z,12Z",D1,6h,0.938,2.574,0.332,226,0.889,0.752,0.241,36,0.5,0.863,0.121,14,0.0,1.0,0.0,4,S/D,S/D,S/D,0
472680EE,BAMBAMARCA M,CAJAMARCA,HUALGAYOC,gfs,pp,20260905,20261004,"00Z,12Z",D1,6h,1.233,2.759,0.268,226,0.944,0.813,0.185,36,0.571,0.91,0.084,14,0.0,1.0,0.0,4,S/D,S/D,S/D,0
472680EE,BAMBAMARCA M,CAJAMARCA,HUALGAYOC,eta5,pp,20260905,20261004,"00Z,12Z",D1,6h,0.674,1.988,0.1,182,0.536,0.8,0.17,28,0.333,0.932,0.06,9,0.0,1.0,0.0,2,S/D,S/D,S/D,0
472680EE,BAMBAMARCA M,CAJAMARCA,HUALGAYOC,wrf5,pp,20260905,20261004,"00Z,12Z",D1,6h,0.304,2.073,0.23,222,0.5,0.7,0.231,36,0.214,0.88,0.083,14,0.0,1.0,0.0,4,S/D,S/D,S/D,0
472680EE,BAMBAMARCA M,CAJAMARCA,HUALGAYOC,mpas15,pp,20260905,20261004,00Z,D1,6h,1.472,3.357,0.138,113,0.667,0.789,0.19,18,0.571,0.913,0.082,7,0.0,1.0,0.0,2,S/D,S/D,S/D,0
4727F484,CHUGUR,CAJAMARCA,HUALGAYOC,ecmwf,pp,20260905,20261004,"00Z,12Z",D1,6h,1.904,3.397,S/D,230,S/D,1.0,0.0,0,S/D,1.0,0.0,0,S/D,1.0,0.0,0,S/D,S/D,S/D,0
4727F484,CHUGUR,CAJAMARCA,HUALGAYOC,gfs,pp,20260905,20261004,"00Z,12Z",D1,6h,1.903,4.453,S/D,230,S/D,1.0,0.0,0,S/D,1.0,0.0,0,S/D,1.0,0.0,0,S/D,1.0,0.0,0
4727F484,CHUGUR,CAJAMARCA,HUALGAYOC,eta5,pp,20260905,20261004,"00Z,12Z",D1,6h,1.237,3.003,S/D,187,S/D,1.0,0.0,0,S/D,1.0,0.0,0,S/D,1.0,0.0,0,S/D,S/D,S/D,0
4727F484,CHUGUR,CAJAMARCA,HUALGAYOC,wrf5,pp,20260905,20261004,"00Z,12Z",D1,6h,1.61,4.141,S/D,226,S/D,1.0,0.0,0,S/D,1.0,0.0,0,S/D,1.0,0.0,0,S/D,1.0,0.0,0
4727F484,CHUGUR,CAJAMARCA,HUALGAYOC,mpas15,pp,20260905,20261004,00Z,D1,6h,2.391,5.31,S/D,115,S/D,1.0,0.0,0,S/D,1.0,0.0,0,S/D,1.0,0.0,0,S/D,1.0,0.0,0
472A571A,HUALLAPE,CAJAMARCA,JAEN,ecmwf,pp,20260905,20261004,"00Z,12Z",D1,6h,0.936,2.363,0.176,234,0.9,0.847,0.15,30,0.375,0.953,0.043,8,0.0,1.0,0.0,2,S/D,S/D,S/D,0
472A571A,HUALLAPE,CAJAMARCA,JAEN,gfs,pp,20260905,20261004,"00Z,12Z",D1,6h,0.187,0.874,0.203,234,0.633,0.804,0.176,30,0.5,0.84,0.138,8,0.0,S/D,0.0,2,S/D,S/D,S/D,0
472A571A,HUALLAPE,CAJAMARCA,JAEN,eta5,pp,20260905,20261004,"00Z,12Z",D1,6h,1.364,2.64,0.162,189,0.652,0.851,0.138,23,0.857,0.909,0.09,7,1.0,0.944,0.056,1,S/D,S/D,S/D,0
472A571A,HUALLAPE,CAJAMARCA,JAEN,wrf5,pp,20260905,20261004,"00Z,12Z",D1,6h,0.016,1.369,0.191,230,0.1,0.812,0.07,30,0.0,1.0,0.0,8,0.0,1.0,0.0,2,S/D,S/D,S/D,0
472A571A,HUALLAPE,CAJAMARCA,JAEN,mpas15,pp,20260905,20261004,00Z,D1,6h,0.772,2.533,0.079,117,0.467,0.837,0.137,15,0.5,0.939,0.057,4,0.0,1.0,0.0,1,S/D,S/D,S/D,0
47269398,JAEN,CAJAMARCA,JAEN,ecmwf,pp,20260905,20261004,"00Z,12Z",D1,6h,0.448,1.196,0.244,212,0.727,0.846,0.145,22,0.4,0.9,0.087,10,S/D,1.0,0.0,0,S/D,S/D,S/D,0
47269398,JAEN,CAJAMARCA,JAEN,gfs,pp,20260905,20261004,"00Z,12Z",D1,6h,0.351,0.937,0.219,212,0.773,0.838,0.155,22,0.3,0.917,0.07,10,S/D,1.0,0.0,0,S/D,S/D,S/D,0
47269398,JAEN,CAJAMARCA,JAEN,eta5,pp,20260905,20261004,"00Z,12Z",D1,6h,2.661,4.206,0.07,170,0.778,0.886,0.11,18,0.571,0.96,0.039,7,S/D,1.0,0.0,0,S/D,S/D,S/D,0
47269398,JAEN,CAJAMARCA,JAEN,wrf5,pp,20260905,20261004,"00Z,12Z",D1,6h,-0.095,0.497,0.159,208,0.182,0.636,0.138,22,0.0,S/D,0.0,10,S/D,S/D,S/D,0,S/D,S/D,S/D,0
47269398,JAEN,CAJAMARCA,JAEN,mpas15,pp,20260905,20261004,00Z,D1,6h,1.982,3.723,0.174,106,0.818,0.862,0.134,11,0.8,0.923,0.075,5,S/D,1.0,0.0,0,S/D,S/D,S/D,0
105136,SAUZAL,CAJAMARCA,JAEN,ecmwf,pp,20260905,20261004,"00Z,12Z",D1,6h,0.829,2.353,0.175,234,0.8,0.918,0.081,10,0.5,0.959,0.039,4,S/D,1.0,0.0,0,S/D,S/D,S/D,0
105136,SAUZAL,CAJAMARCA,JAEN,gfs,pp,20260905,20261004,"00Z,12Z",D1,6h,0.89,2.591,0.24,234,0.9,0.918,0.081,10,0.5,0.963,0.036,4,S/D,1.0,0.0,0,S/D,1.0,0.0,0
105136,SAUZAL,CAJAMARCA,JAEN,eta5,pp,20260905,20261004,"00Z,12Z",D1,6h,0.924,2.757,0.062,191,0.5,0.932,0.063,8,0.0,1.0,0.0,3,S/D,1.0,0.0,0,S/D,S/D,S/D,0
105136,SAUZAL,CAJAMARCA,JAEN,wrf5,pp,20260905,20261004,"00Z,12Z",D1,6h,0.05,0.862,0.139,230,0.1,0.923,0.045,10,0.0,1.0,0.0,4,S/D,1.0,0.0,0,S/D,S/D,S/D,0
105136,SAUZAL,CAJAMARCA,JAEN,mpas15,pp,20260905,20261004,00Z,D1,6h,0.747,1.888,0.219,117,0.8,0.882,0.114,5,0.5,0.966,0.033,2,S/D,1.0,0.0,0,S/D,S/D,S/D,0
4725E206,SAN MARCOS,CAJAMARCA,SAN MARCOS,ecmwf,pp,20260905,20261004,"00Z,12Z",D1,6h,0.698,1.753,0.297,220,0.917,0.905,0.094,12,1.0,0.939,0.061,2,S/D,1.0,0.0,0,S/D,S/D,S/D,0
4725E206,SAN MARCOS,CAJAMARCA,SAN MARCOS,gfs,pp,20260905,20261004,"00Z,12Z",D1,6h,1.059,1.88,0.211,220,1.0,0.92,0.08,12,0.5,0.986,0.014,2,S/D,1.0,0.0,0,S/D,S/D,S/D,0
4725E206,SAN MARCOS,CAJAMARCA,SAN MARCOS,eta5,pp,20260905,20261004,"00Z,12Z",D1,6h,0.461,1.214,0.179,180,0.667,0.893,0.102,9,0.0,1.0,0.0,2,S/D,1.0,0.0,0,S/D,S/D,S/D,0
4725E206,SAN MARCOS,CAJAMARCA,SAN MARCOS,wrf5,pp,20260905,20261004,"00Z,12Z",D1,6h,0.656,2.438,0.322,216,0.833,0.787,0.204,12,0.0,1.0,0.0,2,S/D,1.0,0.0,0,S/D,S/D,S/D,0
4725E206,SAN MARCOS,CAJAMARCA,SAN MARCOS,mpas15,pp,20260905,20261004,00Z,D1,6h,1.159,3.374,0.277,110,0.833,0.884,0.114,6,1.0,0.97,0.03,1,S/D,1.0,0.0,0,S/D,S/D,S/D,0
47E207A4,TONGOD,CAJAMARCA,SAN MIGUEL,ecmwf,pp,20260905,20261004,"00Z,12Z",D1,6h,0.954,3.263,0.304,230,0.735,0.688,0.281,68,0.769,0.787,0.2,26,0.714,0.688,0.278,14,S/D,S/D,S/D,0
47E207A4,TONGOD,CAJAMARCA,SAN MIGUEL,gfs,pp,20260905,20261004,"00Z,12Z",D1,6h,1.001,4.467,0.419,230,0.882,0.641,0.343,68,0.769,0.767,0.217,26,0.5,0.75,0.2,14,S/D,1.0,0.0,0
47E207A4,TONGOD,CAJAMARCA,SAN MIGUEL,eta5,pp,20260905,20261004,"00Z,12Z",D1,6h,-0.144,2.382,0.33,186,0.588,0.565,0.333,51,0.471,0.68,0.235,17,0.0,1.0,0.0,6,S/D,S/D,S/D,0
47E207A4,TONGOD,CAJAMARCA,SAN MIGUEL,wrf5,pp,20260905,20261004,"00Z,12Z",D1,6h,0.099,3.425,0.41,226,0.632,0.442,0.422,68,0.577,0.625,0.294,26,0.5,0.562,0.304,14,S/D,S/D,S/D,0
47E207A4,TONGOD,CAJAMARCA,SAN MIGUEL,mpas15,pp,20260905,20261004,00Z,D1,6h,1.235,3.517,0.368,115,0.588,0.574,0.328,34,0.769,0.767,0.217,13,0.857,0.739,0.25,7,S/D,S/D,S/D,0
47E1C5B4,CAÑAD,CAJAMARCA,SANTA CRUZ,ecmwf,pp,20260905,20261004,"00Z,12Z",D1,6h,1.61,3.39,-0.021,228,0.833,0.968,0.032,6,S/D,1.0,0.0,0,S/D,1.0,0.0,0,S/D,S/D,S/D,0
47E1C5B4,CAÑAD,CAJAMARCA,SANTA CRUZ,gfs,pp,20260905,20261004,"00Z,12Z",D1,6h,1.384,2.822,0.169,228,1.0,0.963,0.037,6,S/D,1.0,0.0,0,S/D,1.0,0.0,0,S/D,S/D,S/D,0
47E1C5B4,CAÑAD,CAJAMARCA,SANTA CRUZ,eta5,pp,20260905,20261004,"00Z,12Z",D1,6h,1.165,2.58,0.123,188,1.0,0.966,0.034,3,S/D,1.0,0.0,0,S/D,1.0,0.0,0,S/D,S/D,S/D,0
47E1C5B4,CAÑAD,CAJAMARCA,SANTA CRUZ,wrf5,pp,20260905,20261004,"00Z,12Z",D1,6h,0.137,0.838,0.269,224,0.667,0.789,0.19,6,S/D,1.0,0.0,0,S/D,1.0,0.0,0,S/D,S/D,S/D,0
47E1C5B4,CAÑAD,CAJAMARCA,SANTA CRUZ,mpas15,pp,20260905,20261004,00Z,D1,6h,1.281,2.844,0.121,114,1.0,0.938,0.062,3,S/D,1.0,0.0,0,S/D,1.0,0.0,0,S/D,S/D,S/D,0
47E3055E,CHANCAY BAÑOS,CAJAMARCA,SANTA CRUZ,ecmwf,pp,20260905,20261004,"00Z,12Z",D1,6h,1.266,3.188,0.113,238,0.816,0.838,0.157,38,0.714,0.872,0.122,14,0.75,0.833,0.158,4,S/D,S/D,S/D,0
47E3055E,CHANCAY BAÑOS,CAJAMARCA,SANTA CRUZ,gfs,pp,20260905,20261004,"00Z,12Z",D1,6h,0.776,2.009,0.188,238,0.868,0.834,0.162,38,0.571,0.884,0.107,14,0.5,0.833,0.143,4,S/D,S/D,S/D,0
47E3055E,CHANCAY BAÑOS,CAJAMARCA,SANTA CRUZ,eta5,pp,20260905,20261004,"00Z,12Z",D1,6h,0.939,2.862,0.216,193,0.739,0.8,0.187,23,0.75,0.878,0.118,8,0.333,0.909,0.077,3,S/D,S/D,S/D,0
47E3055E,CHANCAY BAÑOS,CAJAMARCA,SANTA CRUZ,wrf5,pp,20260905,20261004,"00Z,12Z",D1,6h,0.199,2.965,0.2,234,0.316,0.692,0.185,38,0.286,0.8,0.133,14,0.0,1.0,0.0,4,S/D,1.0,0.0,0
47E3055E,CHANCAY BAÑOS,CAJAMARCA,SANTA CRUZ,mpas15,pp,20260905,20261004,00Z,D1,6h,1.335,3.282,0.102,119,0.474,0.824,0.148,19,0.571,0.905,0.089,7,0.5,0.933,0.062,2,S/D,S/D,S/D,0
47E1E358,PUENTE AMBAN,CAJAMARCA,SANTA CRUZ,ecmwf,pp,20260905,20261004,"00Z,12Z",D1,6h,0.825,2.576,0.015,236,0.559,0.872,0.117,34,0.833,0.841,0.154,12,0.667,0.75,0.222,6,S/D,S/D,S/D,0
47E1E358,PUENTE AMBAN,CAJAMARCA,SANTA CRUZ,gfs,pp,20260905,20261004,"00Z,12Z",D1,6h,0.291,1.729,0.334,236,0.794,0.755,0.231,34,0.833,0.706,0.278,12,0.0,1.0,0.0,6,S/D,S/D,S/D,0
47E1E358,PUENTE AMBAN,CAJAMARCA,SANTA CRUZ,eta5,pp,20260905,20261004,"00Z,12Z",D1,6h,1.355,3.676,0.178,191,0.682,0.847,0.143,22,0.75,0.905,0.092,8,0.25,0.95,0.043,4,S/D,S/D,S/D,0
47E1E358,PUENTE AMBAN,CAJAMARCA,SANTA CRUZ,wrf5,pp,20260905,20261004,"00Z,12Z",D1,6h,0.06,2.657,0.223,232,0.265,0.667,0.173,34,0.583,0.588,0.318,12,0.0,1.0,0.0,6,S/D,S/D,S/D,0
47E1E358,PUENTE AMBAN,CAJAMARCA,SANTA CRUZ,mpas15,pp,20260905,20261004,00Z,D1,6h,1.319,3.301,0.06,118,0.412,0.86,0.117,17,0.833,0.881,0.116,6,1.0,0.8,0.2,3,S/D,S/D,S/D,0
114132,POMACANCHI,CUSCO,ACOMAYO,ecmwf,pp,20260905,20261004,"00Z,12Z",D1,6h,0.356,0.899,0.42,236,0.857,0.714,0.273,28,0.333,0.951,0.044,6,S/D,1.0,0.0,0,S/D,S/D,S/D,0
114132,POMACANCHI,CUSCO,ACOMAYO,gfs,pp,20260905,20261004,"00Z,12Z",D1,6h,0.333,1.318,0.373,236,0.75,0.731,0.247,28,0.667,0.833,0.154,6,S/D,1.0,0.0,0,S/D,S/D,S/D,0
114132,POMACANCHI,CUSCO,ACOMAYO,eta5,pp,20260905,20261004,"00Z,12Z",D1,6h,0.39,1.319,0.45,192,0.704,0.678,0.284,27,0.833,0.815,0.179,6,S/D,1.0,0.0,0,S/D,S/D,S/D,0
114132,POMACANCHI,CUSCO,ACOMAYO,wrf5,pp,20260905,20261004,"00Z,12Z",D1,6h,0.217,1.307,0.446,232,0.536,0.583,0.306,28,0.167,0.923,0.056,6,S/D,1.0,0.0,0,S/D,S/D,S/D,0
114132,POMACANCHI,CUSCO,ACOMAYO,mpas15,pp,20260905,20261004,00Z,D1,6h,0.469,0.994,0.351,118,0.786,0.738,0.244,14,0.667,0.929,0.069,3,S/D,1.0,0.0,0,S/D,S/D,S/D,0
113252,ANCACHURO,CUSCO,ANTA,ecmwf,pp,20260905,20261004,"00Z,12Z",D1,6h,0.549,1.358,0.332,230,0.9,0.809,0.188,20,0.833,0.886,0.111,6,S/D,1.0,0.0,0,S/D,S/D,S/D,0
113252,ANCACHURO,CUSCO,ANTA,gfs,pp,20260905,20261004,"00Z,12Z",D1,6h,0.392,1.134,0.305,230,0.75,0.817,0.172,20,0.667,0.857,0.133,6,S/D,1.0,0.0,0,S/D,S/D,S/D,0
113252,ANCACHURO,CUSCO,ANTA,eta5,pp,20260905,20261004,"00Z,12Z",D1,6h,0.593,1.623,0.349,186,0.737,0.75,0.23,19,0.833,0.853,0.143,6,S/D,1.0,0.0,0,S/D,S/D,S/D,0
113252,ANCACHURO,CUSCO,ANTA,wrf5,pp,20260905,20261004,"00Z,12Z",D1,6h,0.099,0.604,0.359,226,0.55,0.756,0.204,20,0.167,0.875,0.077,6,S/D,1.0,0.0,0,S/D,S/D,S/D,0
113252,ANCACHURO,CUSCO,ANTA,mpas15,pp,20260905,20261004,00Z,D1,6h,0.494,1.038,0.215,115,0.7,0.816,0.171,10,0.667,0.933,0.065,3,S/D,S/D,S/D,0,S/D,S/D,S/D,0
47294362,SORAYPAMPA,CUSCO,ANTA,ecmwf,pp,20260905,20261004,"00Z,12Z",D1,6h,S/D,S/D,S/D,0,S/D,S/D,S/D,0,S/D,S/D,S/D,0,S/D,S/D,S/D,0,S/D,S/D,S/D,0
47294362,SORAYPAMPA,CUSCO,ANTA,gfs,pp,20260905,20261004,"00Z,12Z",D1,6h,S/D,S/D,S/D,0,S/D,S/D,S/D,0,S/D,S/D,S/D,0,S/D,S/D,S/D,0,S/D,S/D,S/D,0
47294362,SORAYPAMPA,CUSCO,ANTA,eta5,pp,20260905,20261004,"00Z,12Z",D1,6h,S/D,S/D,S/D,0,S/D,S/D,S/D,0,S/D,S/D,S/D,0,S/D,S/D,S/D,0,S/D,S/D,S/D,0
47294362,SORAYPAMPA,CUSCO,ANTA,wrf5,pp,20260905,20261004,"00Z,12Z",D1,6h,S/D,S/D,S/D,0,S/D,S/D,S/D,0,S/D,S/D,S/D,0,S/D,S/D,S/D,0,S/D,S/D,S/D,0
47294362,SORAYPAMPA,CUSCO,ANTA,mpas15,pp,20260905,20261004,00Z,D1,6h,S/D,S/D,S/D,0,S/D,S/D,S/D,0,S/D,S/D,S/D,0,S/D,S/D,S/D,0,S/D,S/D,S/D,0
472976F8,CALCA,CUSCO,CALCA,ecmwf,pp,20260905,20261004,"00Z,12Z",D1,6h,0.573,1.252,0.309,222,0.875,0.772,0.221,24,0.0,1.0,0.0,2,S/D,1.0,0.0,0,S/D,S/D,S/D,0
472976F8,CALCA,CUSCO,CALCA,gfs,pp,20260905,20261004,"00Z,12Z",D1,6h,0.555,1.201,0.352,222,0.917,0.817,0.18,24,0.0,1.0,0.0,2,S/D,1.0,0.0,0,S/D,S/D,S/D,0
472976F8,CALCA,CUSCO,CALCA,eta5,pp,20260905,20261004,"00Z,12Z",D1,6h,0.118,0.845,0.281,182,0.409,0.625,0.243,22,0.0,1.0,0.0,2,S/D,1.0,0.0,0,S/D,S/D,S/D,0
472976F8,CALCA,CUSCO,CALCA,wrf5,pp,20260905,20261004,"00Z,12Z",D1,6h,0.08,0.555,0.33,219,0.375,0.763,0.17,24,0.0,1.0,0.0,2,S/D,S/D,S/D,0,S/D,S/D,S/D,0
472976F8,CALCA,CUSCO,CALCA,mpas15,pp,20260905,20261004,00Z,D1,6h,0.477,1.053,0.284,111,0.75,0.75,0.231,12,1.0,0.966,0.034,1,S/D,S/D,S/D,0,S/D,S/D,S/D,0
472A6280,NUEVO PISAC,CUSCO,CALCA,ecmwf,pp,20260905,20261004,"00Z,12Z",D1,6h,S/D,S/D,S/D,0,S/D,S/D,S/D,0,S/D,S/D,S/D,0,S/D,S/D,S/D,0,S/D,S/D,S/D,0
472A6280,NUEVO PISAC,CUSCO,CALCA,gfs,pp,20260905,20261004,"00Z,12Z",D1,6h,S/D,S/D,S/D,0,S/D,S/D,S/D,0,S/D,S/D,S/D,0,S/D,S/D,S/D,0,S/D,S/D,S/D,0
472A6280,NUEVO PISAC,CUSCO,CALCA,eta5,pp,20260905,20261004,"00Z,12Z",D1,6h,S/D,S/D,S/D,0,S/D,S/D,S/D,0,S/D,S/D,S/D,0,S/D,S/D,S/D,0,S/D,S/D,S/D,0
472A6280,NUEVO PISAC,CUSCO,CALCA,wrf5,pp,20260905,20261004,"00Z,12Z",D1,6h,S/D,S/D,S/D,0,S/D,S/D,S/D,0,S/D,S/D,S/D,0,S/D,S/D,S/D,0,S/D,S/D,S/D,0
472A6280,NUEVO PISAC,CUSCO,CALCA,mpas15,pp,20260905,20261004,00Z,D1,6h,S/D,S/D,S/D,0,S/D,S/D,S/D,0,S/D,S/D,S/D,0,S/D,S/D,S/D,0,S/D,S/D,S/D,0
114126,PAYAPUNKU,CUSCO,CANAS,ecmwf,pp,20260905,20261004,"00Z,12Z",D1,6h,0.45,1.292,0.494,228,0.969,0.656,0.341,32,0.7,0.806,0.179,10,S/D,1.0,0.0,0,S/D,S/D,S/D,0
114126,PAYAPUNKU,CUSCO,CANAS,gfs,pp,20260905,20261004,"00Z,12Z",D1,6h,0.281,1.28,0.363,228,0.719,0.705,0.264,32,0.0,1.0,0.0,10,S/D,1.0,0.0,0,S/D,S/D,S/D,0
114126,PAYAPUNKU,CUSCO,CANAS,eta5,pp,20260905,20261004,"00Z,12Z",D1,6h,0.299,1.232,0.373,186,0.71,0.621,0.328,31,0.4,0.862,0.114,10,S/D,1.0,0.0,0,S/D,S/D,S/D,0
114126,PAYAPUNKU,CUSCO,CANAS,wrf5,pp,20260905,20261004,"00Z,12Z",D1,6h,0.274,1.808,0.315,225,0.4,0.727,0.194,30,0.0,1.0,0.0,9,S/D,1.0,0.0,0,S/D,S/D,S/D,0
114126,PAYAPUNKU,CUSCO,CANAS,mpas15,pp,20260905,20261004,00Z,D1,6h,0.383,1.124,0.394,114,0.812,0.629,0.342,16,0.6,0.88,0.111,5,S/D,1.0,0.0,0,S/D,S/D,S/D,0
114125,SAUSAYA,CUSCO,CANAS,ecmwf,pp,20260905,20261004,"00Z,12Z",D1,6h,0.534,1.332,0.357,228,0.944,0.815,0.183,18,0.5,0.923,0.071,6,S/D,1.0,0.0,0,S/D,S/D,S/D,0
114125,SAUSAYA,CUSCO,CANAS,gfs,pp,20260905,20261004,"00Z,12Z",D1,6h,0.379,1.277,0.264,228,0.778,0.823,0.169,18,0.333,0.923,0.067,6,S/D,1.0,0.0,0,S/D,S/D,S/D,0
114125,SAUSAYA,CUSCO,CANAS,eta5,pp,20260905,20261004,"00Z,12Z",D1,6h,1.086,2.426,0.281,186,0.882,0.808,0.188,17,0.6,0.943,0.055,5,S/D,1.0,0.0,0,S/D,S/D,S/D,0
114125,SAUSAYA,CUSCO,CANAS,wrf5,pp,20260905,20261004,"00Z,12Z",D1,6h,0.432,2.186,0.223,224,0.444,0.8,0.16,18,0.167,0.944,0.043,6,S/D,1.0,0.0,0,S/D,S/D,S/D,0
114125,SAUSAYA,CUSCO,CANAS,mpas15,pp,20260905,20261004,00Z,D1,6h,0.434,0.982,0.252,114,0.778,0.806,0.184,9,0.667,0.923,0.074,3,S/D,1.0,0.0,0,S/D,S/D,S/D,0
472E025C,QUISOQUEPINA,CUSCO,CANCHIS,ecmwf,pp,20260905,20261004,"00Z,12Z",D1,6h,S/D,S/D,S/D,0,S/D,S/D,S/D,0,S/D,S/D,S/D,0,S/D,S/D,S/D,0,S/D,S/D,S/D,0
472E025C,QUISOQUEPINA,CUSCO,CANCHIS,gfs,pp,20260905,20261004,"00Z,12Z",D1,6h,S/D,S/D,S/D,0,S/D,S/D,S/D,0,S/D,S/D,S/D,0,S/D,S/D,S/D,0,S/D,S/D,S/D,0
472E025C,QUISOQUEPINA,CUSCO,CANCHIS,eta5,pp,20260905,20261004,"00Z,12Z",D1,6h,S/D,S/D,S/D,0,S/D,S/D,S/D,0,S/D,S/D,S/D,0,S/D,S/D,S/D,0,S/D,S/D,S/D,0
472E025C,QUISOQUEPINA,CUSCO,CANCHIS,wrf5,pp,20260905,20261004,"00Z,12Z",D1,6h,S/D,S/D,S/D,0,S/D,S/D,S/D,0,S/D,S/D,S/D,0,S/D,S/D,S/D,0,S/D,S/D,S/D,0
472E025C,QUISOQUEPINA,CUSCO,CANCHIS,mpas15,pp,20260905,20261004,00Z,D1,6h,S/D,S/D,S/D,0,S/D,S/D,S/D,0,S/D,S/D,S/D,0,S/D,S/D,S/D,0,S/D,S/D,S/D,0
114118,SALCCA,CUSCO,CANCHIS,ecmwf,pp,20260905,20261004,"00Z,12Z",D1,6h,0.338,1.218,0.41,238,0.909,0.78,0.215,22,0.714,0.667,0.294,14,S/D,1.0,0.0,0,S/D,S/D,S/D,0
114118,SALCCA,CUSCO,CANCHIS,gfs,pp,20260905,20261004,"00Z,12Z",D1,6h,0.129,0.783,0.385,238,0.818,0.76,0.228,22,0.5,0.667,0.25,14,S/D,1.0,0.0,0,S/D,S/D,S/D,0
114118,SALCCA,CUSCO,CANCHIS,eta5,pp,20260905,20261004,"00Z,12Z",D1,6h,0.586,1.746,0.439,193,0.864,0.729,0.26,22,0.929,0.69,0.302,14,S/D,1.0,0.0,0,S/D,S/D,S/D,0
114118,SALCCA,CUSCO,CANCHIS,wrf5,pp,20260905,20261004,"00Z,12Z",D1,6h,0.155,1.107,0.426,234,0.727,0.619,0.333,22,0.429,0.625,0.25,14,S/D,1.0,0.0,0,S/D,S/D,S/D,0
114118,SALCCA,CUSCO,CANCHIS,mpas15,pp,20260905,20261004,00Z,D1,6h,0.399,1.235,0.289,119,0.818,0.763,0.225,11,0.857,0.786,0.207,7,S/D,1.0,0.0,0,S/D,S/D,S/D,0
47E8B578,SIBINACOCHA,CUSCO,CANCHIS,ecmwf,pp,20260905,20261004,"00Z,12Z",D1,6h,0.129,0.748,0.523,234,0.841,0.565,0.402,44,0.312,0.706,0.179,16,S/D,S/D,S/D,0,S/D,S/D,S/D,0
47E8B578,SIBINACOCHA,CUSCO,CANCHIS,gfs,pp,20260905,20261004,"00Z,12Z",D1,6h,0.474,1.212,0.466,234,0.818,0.633,0.34,44,0.75,0.755,0.226,16,S/D,1.0,0.0,0,S/D,S/D,S/D,0
47E8B578,SIBINACOCHA,CUSCO,CANCHIS,eta5,pp,20260905,20261004,"00Z,12Z",D1,6h,0.187,1.086,0.358,190,0.439,0.55,0.286,41,0.438,0.682,0.226,16,S/D,1.0,0.0,0,S/D,S/D,S/D,0
47E8B578,SIBINACOCHA,CUSCO,CANCHIS,wrf5,pp,20260905,20261004,"00Z,12Z",D1,6h,0.085,0.869,0.352,231,0.429,0.6,0.261,42,0.312,0.706,0.179,16,S/D,1.0,0.0,0,S/D,S/D,S/D,0
47E8B578,SIBINACOCHA,CUSCO,CANCHIS,mpas15,pp,20260905,20261004,00Z,D1,6h,0.432,1.007,0.5,117,0.864,0.537,0.432,22,0.625,0.839,0.147,8,S/D,S/D,S/D,0,S/D,S/D,S/D,0
4726158C,SICUANI,CUSCO,CANCHIS,ecmwf,pp,20260905,20261004,"00Z,12Z",D1,6h,0.435,1.372,0.301,216,0.833,0.878,0.119,12,0.0,1.0,0.0,2,S/D,1.0,0.0,0,S/D,S/D,S/D,0
4726158C,SICUANI,CUSCO,CANCHIS,gfs,pp,20260905,20261004,"00Z,12Z",D1,6h,0.239,0.755,0.383,216,1.0,0.815,0.185,12,1.0,0.889,0.111,2,S/D,1.0,0.0,0,S/D,S/D,S/D,0
4726158C,SICUANI,CUSCO,CANCHIS,eta5,pp,20260905,20261004,"00Z,12Z",D1,6h,0.819,1.904,0.388,176,0.917,0.828,0.169,12,1.0,0.95,0.05,2,S/D,1.0,0.0,0,S/D,S/D,S/D,0
4726158C,SICUANI,CUSCO,CANCHIS,wrf5,pp,20260905,20261004,"00Z,12Z",D1,6h,0.27,1.34,0.447,212,0.833,0.667,0.312,12,1.0,0.778,0.222,2,S/D,1.0,0.0,0,S/D,S/D,S/D,0
4726158C,SICUANI,CUSCO,CANCHIS,mpas15,pp,20260905,20261004,00Z,D1,6h,0.456,1.137,0.165,108,0.667,0.882,0.111,6,1.0,0.958,0.042,1,S/D,1.0,0.0,0,S/D,S/D,S/D,0
114123,MARCA CUNKA,CUSCO,CHUMBIVILCAS,ecmwf,pp,20260905,20261004,"00Z,12Z",D1,6h,0.326,1.015,0.45,232,0.875,0.692,0.295,32,0.45,0.719,0.209,20,S/D,1.0,0.0,0,S/D,S/D,S/D,0
114123,MARCA CUNKA,CUSCO,CHUMBIVILCAS,gfs,pp,20260905,20261004,"00Z,12Z",D1,6h,0.256,0.831,0.349,232,0.906,0.762,0.232,32,0.4,0.8,0.154,20,S/D,S/D,S/D,0,S/D,S/D,S/D,0
114123,MARCA CUNKA,CUSCO,CHUMBIVILCAS,eta5,pp,20260905,20261004,"00Z,12Z",D1,6h,0.68,1.647,0.459,188,0.862,0.658,0.325,29,0.778,0.731,0.25,18,S/D,1.0,0.0,0,S/D,S/D,S/D,0
114123,MARCA CUNKA,CUSCO,CHUMBIVILCAS,wrf5,pp,20260905,20261004,"00Z,12Z",D1,6h,0.265,1.901,0.434,229,0.633,0.672,0.275,30,0.222,0.826,0.108,18,S/D,1.0,0.0,0,S/D,S/D,S/D,0
114123,MARCA CUNKA,CUSCO,CHUMBIVILCAS,mpas15,pp,20260905,20261004,00Z,D1,6h,0.403,0.878,0.394,116,0.812,0.675,0.302,16,0.8,0.742,0.242,10,S/D,S/D,S/D,0,S/D,S/D,S/D,0
4729A090,SANTO TOMAS,CUSCO,CHUMBIVILCAS,ecmwf,pp,20260905,20261004,"00Z,12Z",D1,6h,0.229,0.834,0.49,212,0.938,0.63,0.361,32,0.571,0.667,0.267,14,S/D,1.0,0.0,0,S/D,S/D,S/D,0
4729A090,SANTO TOMAS,CUSCO,CHUMBIVILCAS,gfs,pp,20260905,20261004,"00Z,12Z",D1,6h,0.269,0.861,0.357,212,0.906,0.741,0.252,32,0.286,0.895,0.083,14,S/D,S/D,S/D,0,S/D,S/D,S/D,0
4729A090,SANTO TOMAS,CUSCO,CHUMBIVILCAS,eta5,pp,20260905,20261004,"00Z,12Z",D1,6h,0.619,1.516,0.472,173,0.828,0.625,0.348,29,0.75,0.786,0.2,12,S/D,1.0,0.0,0,S/D,S/D,S/D,0
4729A090,SANTO TOMAS,CUSCO,CHUMBIVILCAS,wrf5,pp,20260905,20261004,"00Z,12Z",D1,6h,0.09,1.37,0.444,208,0.379,0.694,0.204,29,0.0,1.0,0.0,12,S/D,1.0,0.0,0,S/D,S/D,S/D,0
4729A090,SANTO TOMAS,CUSCO,CHUMBIVILCAS,mpas15,pp,20260905,20261004,00Z,D1,6h,0.389,0.833,0.501,106,0.938,0.595,0.395,16,1.0,0.741,0.259,7,S/D,S/D,S/D,0,S/D,S/D,S/D,0
114124,HUAYHUAHUASI,CUSCO,ESPINAR,ecmwf,pp,20260905,20261004,"00Z,12Z",D1,6h,0.31,1.158,0.4,238,1.0,0.786,0.214,18,0.625,0.828,0.156,8,0.0,1.0,0.0,2,S/D,S/D,S/D,0
114124,HUAYHUAHUASI,CUSCO,ESPINAR,gfs,pp,20260905,20261004,"00Z,12Z",D1,6h,0.458,1.361,0.353,238,1.0,0.82,0.18,18,0.625,0.886,0.106,8,0.0,1.0,0.0,2,S/D,S/D,S/D,0
114124,HUAYHUAHUASI,CUSCO,ESPINAR,eta5,pp,20260905,20261004,"00Z,12Z",D1,6h,0.898,2.189,0.322,193,0.833,0.803,0.19,18,0.75,0.887,0.109,8,0.0,1.0,0.0,2,S/D,S/D,S/D,0
114124,HUAYHUAHUASI,CUSCO,ESPINAR,wrf5,pp,20260905,20261004,"00Z,12Z",D1,6h,0.398,1.654,0.345,234,0.75,0.789,0.197,16,0.571,0.871,0.118,7,0.5,0.833,0.143,2,S/D,S/D,S/D,0
114124,HUAYHUAHUASI,CUSCO,ESPINAR,mpas15,pp,20260905,20261004,00Z,D1,6h,0.313,1.032,0.406,119,1.0,0.743,0.257,9,1.0,0.833,0.167,4,0.0,1.0,0.0,1,S/D,S/D,S/D,0
47E880E2,PICHARI,CUSCO,LA CONVENCION,ecmwf,pp,20260905,20261004,"00Z,12Z",D1,6h,1.39,6.398,0.419,234,0.976,0.776,0.223,42,1.0,0.807,0.193,26,0.5,0.872,0.113,12,0.0,S/D,0.0,4
47E880E2,PICHARI,CUSCO,LA CONVENCION,gfs,pp,20260905,20261004,"00Z,12Z",D1,6h,0.267,6.073,0.298,234,0.976,0.808,0.191,42,0.923,0.795,0.202,26,0.0,1.0,0.0,12,0.0,S/D,0.0,4
47E880E2,PICHARI,CUSCO,LA CONVENCION,eta5,pp,20260905,20261004,"00Z,12Z",D1,6h,4.375,9.392,0.304,190,0.865,0.77,0.222,37,0.909,0.836,0.161,22,0.7,0.916,0.081,10,0.0,1.0,0.0,4
47E880E2,PICHARI,CUSCO,LA CONVENCION,wrf5,pp,20260905,20261004,"00Z,12Z",D1,6h,-0.724,6.654,0.287,231,0.463,0.596,0.275,41,0.192,0.762,0.119,26,0.0,1.0,0.0,12,0.0,1.0,0.0,4
47E880E2,PICHARI,CUSCO,LA CONVENCION,mpas15,pp,20260905,20261004,00Z,D1,6h,0.134,5.986,0.188,117,0.762,0.765,0.219,21,0.769,0.821,0.169,13,0.0,1.0,0.0,6,0.0,S/D,0.0,2
112264,PONGO DE MAINIQUE,CUSCO,LA CONVENCION,ecmwf,pp,20260905,20261004,"00Z,12Z",D1,6h,-0.785,6.848,0.258,236,0.786,0.674,0.299,56,0.654,0.764,0.21,26,0.15,0.7,0.111,20,0.0,S/D,0.0,6
112264,PONGO DE MAINIQUE,CUSCO,LA CONVENCION,gfs,pp,20260905,20261004,"00Z,12Z",D1,6h,-0.094,6.948,0.322,236,0.946,0.66,0.333,56,0.615,0.818,0.163,26,0.4,0.733,0.19,20,0.0,S/D,0.0,6
112264,PONGO DE MAINIQUE,CUSCO,LA CONVENCION,eta5,pp,20260905,20261004,"00Z,12Z",D1,6h,0.672,7.725,0.16,191,0.625,0.706,0.25,48,0.609,0.818,0.163,23,0.444,0.765,0.182,18,0.0,S/D,0.0,5
112264,PONGO DE MAINIQUE,CUSCO,LA CONVENCION,wrf5,pp,20260905,20261004,"00Z,12Z",D1,6h,-1.279,7.414,0.321,232,0.509,0.5,0.337,55,0.115,0.893,0.059,26,0.0,1.0,0.0,20,0.0,S/D,0.0,6
112264,PONGO DE MAINIQUE,CUSCO,LA CONVENCION,mpas15,pp,20260905,20261004,00Z,D1,6h,-0.924,7.111,0.291,118,0.607,0.605,0.315,28,0.538,0.806,0.167,13,0.0,1.0,0.0,10,0.0,S/D,0.0,3
4729658E,SAN PABLO,CUSCO,LA CONVENCION,ecmwf,pp,20260905,20261004,"00Z,12Z",D1,6h,1.615,3.225,0.199,234,0.929,0.804,0.193,42,0.778,0.891,0.106,18,0.3,0.9,0.081,10,S/D,S/D,S/D,0
4729658E,SAN PABLO,CUSCO,LA CONVENCION,gfs,pp,20260905,20261004,"00Z,12Z",D1,6h,1.113,2.42,0.298,234,0.952,0.798,0.2,42,0.889,0.848,0.15,18,0.2,0.867,0.087,10,S/D,S/D,S/D,0
4729658E,SAN PABLO,CUSCO,LA CONVENCION,eta5,pp,20260905,20261004,"00Z,12Z",D1,6h,2.403,4.48,0.21,189,0.816,0.765,0.223,38,0.875,0.859,0.139,16,0.5,0.897,0.093,8,S/D,S/D,S/D,0
4729658E,SAN PABLO,CUSCO,LA CONVENCION,wrf5,pp,20260905,20261004,"00Z,12Z",D1,6h,-0.074,1.763,0.405,232,0.61,0.603,0.316,41,0.389,0.696,0.206,18,0.0,1.0,0.0,10,S/D,S/D,S/D,0
4729658E,SAN PABLO,CUSCO,LA CONVENCION,mpas15,pp,20260905,20261004,00Z,D1,6h,1.33,3.155,0.213,117,0.714,0.746,0.231,21,0.778,0.868,0.127,9,0.2,0.923,0.059,5,S/D,S/D,S/D,0
4722A338,ACJANACO ,CUSCO,PAUCARTAMBO,ecmwf,pp,20260905,20261004,"00Z,12Z",D1,6h,-0.019,2.961,0.339,236,0.745,0.521,0.412,94,0.558,0.659,0.269,52,0.188,0.667,0.136,16,S/D,S/D,S/D,0
4722A338,ACJANACO ,CUSCO,PAUCARTAMBO,gfs,pp,20260905,20261004,"00Z,12Z",D1,6h,0.568,2.967,0.376,236,0.926,0.525,0.458,94,0.654,0.67,0.281,52,0.438,0.696,0.219,16,S/D,S/D,S/D,0
4722A338,ACJANACO ,CUSCO,PAUCARTAMBO,eta5,pp,20260905,20261004,"00Z,12Z",D1,6h,-0.875,3.283,0.156,191,0.259,0.523,0.202,81,0.13,0.4,0.12,46,0.071,0.667,0.062,14,S/D,S/D,S/D,0
4722A338,ACJANACO ,CUSCO,PAUCARTAMBO,wrf5,pp,20260905,20261004,"00Z,12Z",D1,6h,-0.186,3.661,0.295,233,0.549,0.462,0.373,91,0.36,0.679,0.205,50,0.188,0.727,0.125,16,S/D,1.0,0.0,0
4722A338,ACJANACO ,CUSCO,PAUCARTAMBO,mpas15,pp,20260905,20261004,00Z,D1,6h,0.057,2.917,0.297,118,0.66,0.483,0.408,47,0.615,0.686,0.262,26,0.25,0.714,0.154,8,S/D,S/D,S/D,0
113247,ASHANAKU,CUSCO,QUISPICANCHI,ecmwf,pp,20260905,20261004,"00Z,12Z",D1,6h,0.211,1.918,0.315,232,0.75,0.752,0.229,36,0.727,0.644,0.314,22,0.167,0.75,0.111,6,S/D,S/D,S/D,0
113247,ASHANAKU,CUSCO,QUISPICANCHI,gfs,pp,20260905,20261004,"00Z,12Z",D1,6h,0.336,2.153,0.252,232,0.861,0.78,0.212,36,0.5,0.761,0.193,22,0.0,1.0,0.0,6,S/D,S/D,S/D,0
113247,ASHANAKU,CUSCO,QUISPICANCHI,eta5,pp,20260905,20261004,"00Z,12Z",D1,6h,-0.292,2.012,0.354,188,0.469,0.559,0.294,32,0.238,0.667,0.161,21,0.0,S/D,0.0,6,S/D,S/D,S/D,0
113247,ASHANAKU,CUSCO,QUISPICANCHI,wrf5,pp,20260905,20261004,"00Z,12Z",D1,6h,-0.063,2.113,0.329,229,0.4,0.622,0.241,35,0.333,0.65,0.206,21,0.0,1.0,0.0,5,S/D,S/D,S/D,0
113247,ASHANAKU,CUSCO,QUISPICANCHI,mpas15,pp,20260905,20261004,00Z,D1,6h,-0.035,1.752,0.374,116,0.722,0.649,0.31,18,0.727,0.714,0.258,11,0.0,S/D,0.0,3,S/D,S/D,S/D,0
113254,QUINCEMIL,CUSCO,QUISPICANCHI,ecmwf,pp,20260905,20261004,"00Z,12Z",D1,6h,1.478,3.545,S/D,236,S/D,1.0,0.0,0,S/D,1.0,0.0,0,S/D,1.0,0.0,0,S/D,1.0,0.0,0
113254,QUINCEMIL,CUSCO,QUISPICANCHI,gfs,pp,20260905,20261004,"00Z,12Z",D1,6h,1.7,3.371,S/D,236,S/D,1.0,0.0,0,S/D,1.0,0.0,0,S/D,1.0,0.0,0,S/D,S/D,S/D,0
113254,QUINCEMIL,CUSCO,QUISPICANCHI,eta5,pp,20260905,20261004,"00Z,12Z",D1,6h,2.879,5.535,S/D,192,S/D,1.0,0.0,0,S/D,1.0,0.0,0,S/D,1.0,0.0,0,S/D,1.0,0.0,0
113254,QUINCEMIL,CUSCO,QUISPICANCHI,wrf5,pp,20260905,20261004,"00Z,12Z",D1,6h,0.891,3.591,S/D,232,S/D,1.0,0.0,0,S/D,1.0,0.0,0,S/D,1.0,0.0,0,S/D,1.0,0.0,0
113254,QUINCEMIL,CUSCO,QUISPICANCHI,mpas15,pp,20260905,20261004,00Z,D1,6h,2.801,5.163,S/D,118,S/D,1.0,0.0,0,S/D,1.0,0.0,0,S/D,1.0,0.0,0,S/D,S/D,S/D,0
472A9204,CHILCA,CUSCO,URUBAMBA,ecmwf,pp,20260905,20261004,"00Z,12Z",D1,6h,0.31,0.799,0.425,236,0.867,0.752,0.239,30,0.7,0.837,0.152,10,0.0,1.0,0.0,2,S/D,S/D,S/D,0
472A9204,CHILCA,CUSCO,URUBAMBA,gfs,pp,20260905,20261004,"00Z,12Z",D1,6h,0.554,1.295,0.317,236,0.933,0.812,0.185,30,0.6,0.891,0.102,10,0.5,0.667,0.25,2,S/D,S/D,S/D,0
472A9204,CHILCA,CUSCO,URUBAMBA,eta5,pp,20260905,20261004,"00Z,12Z",D1,6h,0.316,1.047,0.246,191,0.741,0.767,0.215,27,0.556,0.8,0.172,9,0.5,0.5,0.333,2,S/D,S/D,S/D,0
472A9204,CHILCA,CUSCO,URUBAMBA,wrf5,pp,20260905,20261004,"00Z,12Z",D1,6h,0.189,0.961,0.454,232,0.759,0.6,0.355,29,0.4,0.778,0.167,10,1.0,0.6,0.4,2,S/D,S/D,S/D,0
472A9204,CHILCA,CUSCO,URUBAMBA,mpas15,pp,20260905,20261004,00Z,D1,6h,0.398,1.134,0.18,118,0.667,0.773,0.204,15,0.2,0.968,0.029,5,0.0,S/D,0.0,1,S/D,S/D,S/D,0
4727C11E,HUAYLLABAMBA,CUSCO,URUBAMBA,ecmwf,pp,20260905,20261004,"00Z,12Z",D1,6h,S/D,S/D,S/D,0,S/D,S/D,S/D,0,S/D,S/D,S/D,0,S/D,S/D,S/D,0,S/D,S/D,S/D,0
4727C11E,HUAYLLABAMBA,CUSCO,URUBAMBA,gfs,pp,20260905,20261004,"00Z,12Z",D1,6h,S/D,S/D,S/D,0,S/D,S/D,S/D,0,S/D,S/D,S/D,0,S/D,S/D,S/D,0,S/D,S/D,S/D,0
4727C11E,HUAYLLABAMBA,CUSCO,URUBAMBA,eta5,pp,20260905,20261004,"00Z,12Z",D1,6h,S/D,S/D,S/D,0,S/D,S/D,S/D,0,S/D,S/D,S/D,0,S/D,S/D,S/D,0,S/D,S/D,S/D,0
4727C11E,HUAYLLABAMBA,CUSCO,URUBAMBA,wrf5,pp,20260905,20261004,"00Z,12Z",D1,6h,S/D,S/D,S/D,0,S/D,S/D,S/D,0,S/D,S/D,S/D,0,S/D,S/D,S/D,0,S/D,S/D,S/D,0
4727C11E,HUAYLLABAMBA,CUSCO,URUBAMBA,mpas15,pp,20260905,20261004,00Z,D1,6h,S/D,S/D,S/D,0,S/D,S/D,S/D,0,S/D,S/D,S/D,0,S/D,S/D,S/D,0,S/D,S/D,S/D,0
472935F2,INTIHUATANA H,CUSCO,URUBAMBA,ecmwf,pp,20260905,20261004,"00Z,12Z",D1,6h,S/D,S/D,S/D,0,S/D,S/D,S/D,0,S/D,S/D,S/D,0,S/D,S/D,S/D,0,S/D,S/D,S/D,0
472935F2,INTIHUATANA H,CUSCO,URUBAMBA,gfs,pp,20260905,20261004,"00Z,12Z",D1,6h,S/D,S/D,S/D,0,S/D,S/D,S/D,0,S/D,S/D,S/D,0,S/D,S/D,S/D,0,S/D,S/D,S/D,0
472935F2,INTIHUATANA H,CUSCO,URUBAMBA,eta5,pp,20260905,20261004,"00Z,12Z",D1,6h,S/D,S/D,S/D,0,S/D,S/D,S/D,0,S/D,S/D,S/D,0,S/D,S/D,S/D,0,S/D,S/D,S/D,0
472935F2,INTIHUATANA H,CUSCO,URUBAMBA,wrf5,pp,20260905,20261004,"00Z,12Z",D1,6h,S/D,S/D,S/D,0,S/D,S/D,S/D,0,S/D,S/D,S/D,0,S/D,S/D,S/D,0,S/D,S/D,S/D,0
472935F2,INTIHUATANA H,CUSCO,URUBAMBA,mpas15,pp,20260905,20261004,00Z,D1,6h,S/D,S/D,S/D,0,S/D,S/D,S/D,0,S/D,S/D,S/D,0,S/D,S/D,S/D,0,S/D,S/D,S/D,0
472852EE,INTIHUATANA M,CUSCO,URUBAMBA,ecmwf,pp,20260905,20261004,"00Z,12Z",D1,6h,-0.098,1.855,0.397,228,0.766,0.602,0.355,64,0.412,0.588,0.259,34,0.0,S/D,0.0,10,S/D,S/D,S/D,0
472852EE,INTIHUATANA M,CUSCO,URUBAMBA,gfs,pp,20260905,20261004,"00Z,12Z",D1,6h,0.396,1.852,0.399,228,0.953,0.655,0.339,64,0.765,0.671,0.299,34,0.1,0.8,0.071,10,S/D,S/D,S/D,0
472852EE,INTIHUATANA M,CUSCO,URUBAMBA,eta5,pp,20260905,20261004,"00Z,12Z",D1,6h,1.081,2.779,0.42,186,0.852,0.607,0.368,54,0.8,0.692,0.286,30,0.333,0.864,0.107,9,S/D,S/D,S/D,0
472852EE,INTIHUATANA M,CUSCO,URUBAMBA,wrf5,pp,20260905,20261004,"00Z,12Z",D1,6h,0.41,2.77,0.324,225,0.694,0.574,0.358,62,0.455,0.694,0.224,33,0.2,0.846,0.095,10,S/D,S/D,S/D,0
472852EE,INTIHUATANA M,CUSCO,URUBAMBA,mpas15,pp,20260905,20261004,00Z,D1,6h,0.623,2.197,0.268,114,0.656,0.632,0.309,32,0.824,0.731,0.255,17,0.2,0.667,0.143,5,S/D,S/D,S/D,0
472897F0,MACHUPICCHU,CUSCO,URUBAMBA,ecmwf,pp,20260905,20261004,"00Z,12Z",D1,6h,-0.125,1.479,0.406,198,0.778,0.576,0.378,54,0.31,0.48,0.241,42,0.0,S/D,0.0,4,S/D,S/D,S/D,0
472897F0,MACHUPICCHU,CUSCO,URUBAMBA,gfs,pp,20260905,20261004,"00Z,12Z",D1,6h,0.267,1.608,0.422,198,0.944,0.653,0.34,54,0.619,0.519,0.371,42,0.25,0.8,0.125,4,S/D,S/D,S/D,0
472897F0,MACHUPICCHU,CUSCO,URUBAMBA,eta5,pp,20260905,20261004,"00Z,12Z",D1,6h,0.911,2.706,0.379,160,0.783,0.609,0.353,46,0.676,0.597,0.338,37,0.0,1.0,0.0,4,S/D,S/D,S/D,0
472897F0,MACHUPICCHU,CUSCO,URUBAMBA,wrf5,pp,20260905,20261004,"00Z,12Z",D1,6h,0.302,2.543,0.265,195,0.604,0.595,0.32,53,0.317,0.649,0.2,41,0.25,0.9,0.077,4,S/D,S/D,S/D,0
472897F0,MACHUPICCHU,CUSCO,URUBAMBA,mpas15,pp,20260905,20261004,00Z,D1,6h,0.336,1.771,0.283,99,0.63,0.585,0.333,27,0.667,0.632,0.311,21,0.0,1.0,0.0,2,S/D,S/D,S/D,0
4729950A,PACAYMAYO,CUSCO,URUBAMBA,ecmwf,pp,20260905,20261004,"00Z,12Z",D1,6h,S/D,S/D,S/D,0,S/D,S/D,S/D,0,S/D,S/D,S/D,0,S/D,S/D,S/D,0,S/D,S/D,S/D,0
4729950A,PACAYMAYO,CUSCO,URUBAMBA,gfs,pp,20260905,20261004,"00Z,12Z",D1,6h,S/D,S/D,S/D,0,S/D,S/D,S/D,0,S/D,S/D,S/D,0,S/D,S/D,S/D,0,S/D,S/D,S/D,0
4729950A,PACAYMAYO,CUSCO,URUBAMBA,eta5,pp,20260905,20261004,"00Z,12Z",D1,6h,S/D,S/D,S/D,0,S/D,S/D,S/D,0,S/D,S/D,S/D,0,S/D,S/D,S/D,0,S/D,S/D,S/D,0
4729950A,PACAYMAYO,CUSCO,URUBAMBA,wrf5,pp,20260905,20261004,"00Z,12Z",D1,6h,S/D,S/D,S/D,0,S/D,S/D,S/D,0,S/D,S/D,S/D,0,S/D,S/D,S/D,0,S/D,S/D,S/D,0
4729950A,PACAYMAYO,CUSCO,URUBAMBA,mpas15,pp,20260905,20261004,00Z,D1,6h,S/D,S/D,S/D,0,S/D,S/D,S/D,0,S/D,S/D,S/D,0,S/D,S/D,S/D,0,S/D,S/D,S/D,0
4729867C,QORIHUAYRACHINA,CUSCO,URUBAMBA,ecmwf,pp,20260905,20261004,"00Z,12Z",D1,6h,S/D,S/D,S/D,0,S/D,S/D,S/D,0,S/D,S/D,S/D,0,S/D,S/D,S/D,0,S/D,S/D,S/D,0
4729867C,QORIHUAYRACHINA,CUSCO,URUBAMBA,gfs,pp,20260905,20261004,"00Z,12Z",D1,6h,S/D,S/D,S/D,0,S/D,S/D,S/D,0,S/D,S/D,S/D,0,S/D,S/D,S/D,0,S/D,S/D,S/D,0
4729867C,QORIHUAYRACHINA,CUSCO,URUBAMBA,eta5,pp,20260905,20261004,"00Z,12Z",D1,6h,S/D,S/D,S/D,0,S/D,S/D,S/D,0,S/D,S/D,S/D,0,S/D,S/D,S/D,0,S/D,S/D,S/D,0
4729867C,QORIHUAYRACHINA,CUSCO,URUBAMBA,wrf5,pp,20260905,20261004,"00Z,12Z",D1,6h,S/D,S/D,S/D,0,S/D,S/D,S/D,0,S/D,S/D,S/D,0,S/D,S/D,S/D,0,S/D,S/D,S/D,0
4729867C,QORIHUAYRACHINA,CUSCO,URUBAMBA,mpas15,pp,20260905,20261004,00Z,D1,6h,S/D,S/D,S/D,0,S/D,S/D,S/D,0,S/D,S/D,S/D,0,S/D,S/D,S/D,0,S/D,S/D,S/D,0
4720CDF8,COCHAMARCA,HUANCAVELICA,CASTROVIRREYNA,ecmwf,pp,20260905,20261004,"00Z,12Z",D1,6h,S/D,S/D,S/D,0,S/D,S/D,S/D,0,S/D,S/D,S/D,0,S/D,S/D,S/D,0,S/D,S/D,S/D,0
4720CDF8,COCHAMARCA,HUANCAVELICA,CASTROVIRREYNA,gfs,pp,20260905,20261004,"00Z,12Z",D1,6h,S/D,S/D,S/D,0,S/D,S/D,S/D,0,S/D,S/D,S/D,0,S/D,S/D,S/D,0,S/D,S/D,S/D,0
4720CDF8,COCHAMARCA,HUANCAVELICA,CASTROVIRREYNA,eta5,pp,20260905,20261004,"00Z,12Z",D1,6h,S/D,S/D,S/D,0,S/D,S/D,S/D,0,S/D,S/D,S/D,0,S/D,S/D,S/D,0,S/D,S/D,S/D,0
4720CDF8,COCHAMARCA,HUANCAVELICA,CASTROVIRREYNA,wrf5,pp,20260905,20261004,"00Z,12Z",D1,6h,S/D,S/D,S/D,0,S/D,S/D,S/D,0,S/D,S/D,S/D,0,S/D,S/D,S/D,0,S/D,S/D,S/D,0
4720CDF8,COCHAMARCA,HUANCAVELICA,CASTROVIRREYNA,mpas15,pp,20260905,20261004,00Z,D1,6h,S/D,S/D,S/D,0,S/D,S/D,S/D,0,S/D,S/D,S/D,0,S/D,S/D,S/D,0,S/D,S/D,S/D,0
47292684,HUACHOS,HUANCAVELICA,CASTROVIRREYNA,ecmwf,pp,20260905,20261004,"00Z,12Z",D1,6h,0.179,0.471,S/D,232,S/D,1.0,0.0,0,S/D,1.0,0.0,0,S/D,S/D,S/D,0,S/D,S/D,S/D,0
47292684,HUACHOS,HUANCAVELICA,CASTROVIRREYNA,gfs,pp,20260905,20261004,"00Z,12Z",D1,6h,0.163,0.596,S/D,232,S/D,1.0,0.0,0,S/D,1.0,0.0,0,S/D,1.0,0.0,0,S/D,S/D,S/D,0
47292684,HUACHOS,HUANCAVELICA,CASTROVIRREYNA,eta5,pp,20260905,20261004,"00Z,12Z",D1,6h,0.035,0.177,S/D,187,S/D,1.0,0.0,0,S/D,1.0,0.0,0,S/D,S/D,S/D,0,S/D,S/D,S/D,0
47292684,HUACHOS,HUANCAVELICA,CASTROVIRREYNA,wrf5,pp,20260905,20261004,"00Z,12Z",D1,6h,0.028,0.158,S/D,228,S/D,1.0,0.0,0,S/D,1.0,0.0,0,S/D,S/D,S/D,0,S/D,S/D,S/D,0
47292684,HUACHOS,HUANCAVELICA,CASTROVIRREYNA,mpas15,pp,20260905,20261004,00Z,D1,6h,0.129,0.431,S/D,116,S/D,1.0,0.0,0,S/D,1.0,0.0,0,S/D,S/D,S/D,0,S/D,S/D,S/D,0
472722EC,HUANCAVELICA,HUANCAVELICA,HUANCAVELICA,ecmwf,pp,20260905,20261004,"00Z,12Z",D1,6h,0.457,2.235,0.468,236,0.829,0.528,0.43,70,0.5,0.86,0.123,16,0.0,1.0,0.0,4,S/D,S/D,S/D,0
472722EC,HUANCAVELICA,HUANCAVELICA,HUANCAVELICA,gfs,pp,20260905,20261004,"00Z,12Z",D1,6h,0.725,2.582,0.48,236,0.9,0.583,0.399,70,0.812,0.783,0.206,16,0.0,1.0,0.0,4,S/D,S/D,S/D,0
472722EC,HUANCAVELICA,HUANCAVELICA,HUANCAVELICA,eta5,pp,20260905,20261004,"00Z,12Z",D1,6h,0.399,1.855,0.526,191,0.776,0.438,0.484,58,0.733,0.761,0.22,15,0.0,1.0,0.0,3,S/D,S/D,S/D,0
472722EC,HUANCAVELICA,HUANCAVELICA,HUANCAVELICA,wrf5,pp,20260905,20261004,"00Z,12Z",D1,6h,0.525,2.684,0.478,232,0.662,0.451,0.429,68,0.6,0.791,0.184,15,0.0,1.0,0.0,4,S/D,S/D,S/D,0
472722EC,HUANCAVELICA,HUANCAVELICA,HUANCAVELICA,mpas15,pp,20260905,20261004,00Z,D1,6h,0.56,2.411,0.4,118,0.771,0.46,0.466,35,0.75,0.829,0.162,8,0.0,1.0,0.0,2,S/D,S/D,S/D,0
47284198,CHALLACA,HUANCAVELICA,HUAYTARA,ecmwf,pp,20260905,20261004,"00Z,12Z",D1,6h,0.011,0.073,S/D,158,S/D,1.0,0.0,0,S/D,S/D,S/D,0,S/D,S/D,S/D,0,S/D,S/D,S/D,0
47284198,CHALLACA,HUANCAVELICA,HUAYTARA,gfs,pp,20260905,20261004,"00Z,12Z",D1,6h,0.006,0.035,S/D,158,S/D,1.0,0.0,0,S/D,S/D,S/D,0,S/D,S/D,S/D,0,S/D,S/D,S/D,0
47284198,CHALLACA,HUANCAVELICA,HUAYTARA,eta5,pp,20260905,20261004,"00Z,12Z",D1,6h,0.009,0.069,S/D,121,S/D,1.0,0.0,0,S/D,S/D,S/D,0,S/D,S/D,S/D,0,S/D,S/D,S/D,0
47284198,CHALLACA,HUANCAVELICA,HUAYTARA,wrf5,pp,20260905,20261004,"00Z,12Z",D1,6h,0.001,0.003,S/D,158,S/D,S/D,S/D,0,S/D,S/D,S/D,0,S/D,S/D,S/D,0,S/D,S/D,S/D,0
47284198,CHALLACA,HUANCAVELICA,HUAYTARA,mpas15,pp,20260905,20261004,00Z,D1,6h,0.0,0.0,S/D,79,S/D,S/D,S/D,0,S/D,S/D,S/D,0,S/D,S/D,S/D,0,S/D,S/D,S/D,0
472811E4,CHALLACA M,HUANCAVELICA,HUAYTARA,ecmwf,pp,20260905,20261004,"00Z,12Z",D1,6h,0.008,0.059,S/D,236,S/D,1.0,0.0,0,S/D,S/D,S/D,0,S/D,S/D,S/D,0,S/D,S/D,S/D,0
472811E4,CHALLACA M,HUANCAVELICA,HUAYTARA,gfs,pp,20260905,20261004,"00Z,12Z",D1,6h,0.004,0.029,S/D,236,S/D,1.0,0.0,0,S/D,S/D,S/D,0,S/D,S/D,S/D,0,S/D,S/D,S/D,0
472811E4,CHALLACA M,HUANCAVELICA,HUAYTARA,eta5,pp,20260905,20261004,"00Z,12Z",D1,6h,0.006,0.055,S/D,191,S/D,1.0,0.0,0,S/D,S/D,S/D,0,S/D,S/D,S/D,0,S/D,S/D,S/D,0
472811E4,CHALLACA M,HUANCAVELICA,HUAYTARA,wrf5,pp,20260905,20261004,"00Z,12Z",D1,6h,0.004,0.039,S/D,232,S/D,1.0,0.0,0,S/D,S/D,S/D,0,S/D,S/D,S/D,0,S/D,S/D,S/D,0
472811E4,CHALLACA M,HUANCAVELICA,HUAYTARA,mpas15,pp,20260905,20261004,00Z,D1,6h,0.0,0.0,S/D,118,S/D,S/D,S/D,0,S/D,S/D,S/D,0,S/D,S/D,S/D,0,S/D,S/D,S/D,0
4728F216,CORDOVA,HUANCAVELICA,HUAYTARA,ecmwf,pp,20260905,20261004,"00Z,12Z",D1,6h,0.056,0.173,S/D,216,S/D,1.0,0.0,0,S/D,1.0,0.0,0,S/D,S/D,S/D,0,S/D,S/D,S/D,0
4728F216,CORDOVA,HUANCAVELICA,HUAYTARA,gfs,pp,20260905,20261004,"00Z,12Z",D1,6h,0.031,0.112,S/D,216,S/D,1.0,0.0,0,S/D,S/D,S/D,0,S/D,S/D,S/D,0,S/D,S/D,S/D,0
4728F216,CORDOVA,HUANCAVELICA,HUAYTARA,eta5,pp,20260905,20261004,"00Z,12Z",D1,6h,0.003,0.017,S/D,173,S/D,1.0,0.0,0,S/D,S/D,S/D,0,S/D,S/D,S/D,0,S/D,S/D,S/D,0
4728F216,CORDOVA,HUANCAVELICA,HUAYTARA,wrf5,pp,20260905,20261004,"00Z,12Z",D1,6h,0.013,0.064,S/D,212,S/D,1.0,0.0,0,S/D,S/D,S/D,0,S/D,S/D,S/D,0,S/D,S/D,S/D,0
4728F216,CORDOVA,HUANCAVELICA,HUAYTARA,mpas15,pp,20260905,20261004,00Z,D1,6h,0.06,0.3,S/D,108,S/D,1.0,0.0,0,S/D,1.0,0.0,0,S/D,S/D,S/D,0,S/D,S/D,S/D,0
4728C78C,CUSICANCHA,HUANCAVELICA,HUAYTARA,ecmwf,pp,20260905,20261004,"00Z,12Z",D1,6h,0.237,0.683,-0.018,216,0.0,1.0,0.0,2,0.0,1.0,0.0,2,S/D,S/D,S/D,0,S/D,S/D,S/D,0
4728C78C,CUSICANCHA,HUANCAVELICA,HUAYTARA,gfs,pp,20260905,20261004,"00Z,12Z",D1,6h,0.191,0.639,0.161,216,1.0,0.969,0.031,2,0.5,0.933,0.062,2,S/D,1.0,0.0,0,S/D,S/D,S/D,0
4728C78C,CUSICANCHA,HUANCAVELICA,HUAYTARA,eta5,pp,20260905,20261004,"00Z,12Z",D1,6h,0.031,0.369,-0.034,172,0.0,1.0,0.0,1,0.0,1.0,0.0,1,S/D,S/D,S/D,0,S/D,S/D,S/D,0
4728C78C,CUSICANCHA,HUANCAVELICA,HUAYTARA,wrf5,pp,20260905,20261004,"00Z,12Z",D1,6h,0.019,0.371,0.107,212,0.5,0.923,0.071,2,0.5,0.75,0.2,2,S/D,S/D,S/D,0,S/D,S/D,S/D,0
4728C78C,CUSICANCHA,HUANCAVELICA,HUAYTARA,mpas15,pp,20260905,20261004,00Z,D1,6h,0.337,1.011,-0.09,108,0.0,1.0,0.0,1,0.0,1.0,0.0,1,S/D,1.0,0.0,0,S/D,S/D,S/D,0
213507,RAMADILLAS,HUANCAVELICA,HUAYTARA,ecmwf,pp,20260905,20261004,"00Z,12Z",D1,6h,S/D,S/D,S/D,0,S/D,S/D,S/D,0,S/D,S/D,S/D,0,S/D,S/D,S/D,0,S/D,S/D,S/D,0
213507,RAMADILLAS,HUANCAVELICA,HUAYTARA,gfs,pp,20260905,20261004,"00Z,12Z",D1,6h,S/D,S/D,S/D,0,S/D,S/D,S/D,0,S/D,S/D,S/D,0,S/D,S/D,S/D,0,S/D,S/D,S/D,0
213507,RAMADILLAS,HUANCAVELICA,HUAYTARA,eta5,pp,20260905,20261004,"00Z,12Z",D1,6h,S/D,S/D,S/D,0,S/D,S/D,S/D,0,S/D,S/D,S/D,0,S/D,S/D,S/D,0,S/D,S/D,S/D,0
213507,RAMADILLAS,HUANCAVELICA,HUAYTARA,wrf5,pp,20260905,20261004,"00Z,12Z",D1,6h,S/D,S/D,S/D,0,S/D,S/D,S/D,0,S/D,S/D,S/D,0,S/D,S/D,S/D,0,S/D,S/D,S/D,0
213507,RAMADILLAS,HUANCAVELICA,HUAYTARA,mpas15,pp,20260905,20261004,00Z,D1,6h,S/D,S/D,S/D,0,S/D,S/D,S/D,0,S/D,S/D,S/D,0,S/D,S/D,S/D,0,S/D,S/D,S/D,0
4729131E,SANTIAGO DE CHOCORVOS,HUANCAVELICA,HUAYTARA,ecmwf,pp,20260905,20261004,"00Z,12Z",D1,6h,0.078,0.219,S/D,160,S/D,1.0,0.0,0,S/D,1.0,0.0,0,S/D,S/D,S/D,0,S/D,S/D,S/D,0
4729131E,SANTIAGO DE CHOCORVOS,HUANCAVELICA,HUAYTARA,gfs,pp,20260905,20261004,"00Z,12Z",D1,6h,0.088,0.229,S/D,160,S/D,1.0,0.0,0,S/D,1.0,0.0,0,S/D,S/D,S/D,0,S/D,S/D,S/D,0
4729131E,SANTIAGO DE CHOCORVOS,HUANCAVELICA,HUAYTARA,eta5,pp,20260905,20261004,"00Z,12Z",D1,6h,0.031,0.248,S/D,121,S/D,1.0,0.0,0,S/D,1.0,0.0,0,S/D,S/D,S/D,0,S/D,S/D,S/D,0
4729131E,SANTIAGO DE CHOCORVOS,HUANCAVELICA,HUAYTARA,wrf5,pp,20260905,20261004,"00Z,12Z",D1,6h,0.024,0.139,S/D,160,S/D,1.0,0.0,0,S/D,1.0,0.0,0,S/D,S/D,S/D,0,S/D,S/D,S/D,0
4729131E,SANTIAGO DE CHOCORVOS,HUANCAVELICA,HUAYTARA,mpas15,pp,20260905,20261004,00Z,D1,6h,0.056,0.28,S/D,80,S/D,1.0,0.0,0,S/D,1.0,0.0,0,S/D,S/D,S/D,0,S/D,S/D,S/D,0
112269,COCHABAMBA GRANDE,HUANCAVELICA,TAYACAJA,ecmwf,pp,20260905,20261004,"00Z,12Z",D1,6h,1.223,2.122,S/D,142,S/D,1.0,0.0,0,S/D,1.0,0.0,0,S/D,1.0,0.0,0,S/D,S/D,S/D,0
112269,COCHABAMBA GRANDE,HUANCAVELICA,TAYACAJA,gfs,pp,20260905,20261004,"00Z,12Z",D1,6h,1.139,1.943,S/D,142,S/D,1.0,0.0,0,S/D,1.0,0.0,0,S/D,1.0,0.0,0,S/D,S/D,S/D,0
112269,COCHABAMBA GRANDE,HUANCAVELICA,TAYACAJA,eta5,pp,20260905,20261004,"00Z,12Z",D1,6h,0.17,0.449,S/D,103,S/D,1.0,0.0,0,S/D,1.0,0.0,0,S/D,S/D,S/D,0,S/D,S/D,S/D,0
112269,COCHABAMBA GRANDE,HUANCAVELICA,TAYACAJA,wrf5,pp,20260905,20261004,"00Z,12Z",D1,6h,0.838,2.293,S/D,142,S/D,1.0,0.0,0,S/D,1.0,0.0,0,S/D,1.0,0.0,0,S/D,S/D,S/D,0
112269,COCHABAMBA GRANDE,HUANCAVELICA,TAYACAJA,mpas15,pp,20260905,20261004,00Z,D1,6h,1.106,1.936,S/D,71,S/D,1.0,0.0,0,S/D,1.0,0.0,0,S/D,1.0,0.0,0,S/D,S/D,S/D,0
110146,QUISCA,HUANUCO,AMBO,ecmwf,pp,20260905,20261004,"00Z,12Z",D1,6h,S/D,S/D,S/D,0,S/D,S/D,S/D,0,S/D,S/D,S/D,0,S/D,S/D,S/D,0,S/D,S/D,S/D,0
110146,QUISCA,HUANUCO,AMBO,gfs,pp,20260905,20261004,"00Z,12Z",D1,6h,S/D,S/D,S/D,0,S/D,S/D,S/D,0,S/D,S/D,S/D,0,S/D,S/D,S/D,0,S/D,S/D,S/D,0
110146,QUISCA,HUANUCO,AMBO,eta5,pp,20260905,20261004,"00Z,12Z",D1,6h,S/D,S/D,S/D,0,S/D,S/D,S/D,0,S/D,S/D,S/D,0,S/D,S/D,S/D,0,S/D,S/D,S/D,0
110146,QUISCA,HUANUCO,AMBO,wrf5,pp,20260905,20261004,"00Z,12Z",D1,6h,S/D,S/D,S/D,0,S/D,S/D,S/D,0,S/D,S/D,S/D,0,S/D,S/D,S/D,0,S/D,S/D,S/D,0
110146,QUISCA,HUANUCO,AMBO,mpas15,pp,20260905,20261004,00Z,D1,6h,S/D,S/D,S/D,0,S/D,S/D,S/D,0,S/D,S/D,S/D,0,S/D,S/D,S/D,0,S/D,S/D,S/D,0
47E845FC,CACHICOTO,HUANUCO,HUAMALIES,ecmwf,pp,20260905,20261004,"00Z,12Z",D1,6h,-1.029,7.951,0.308,234,0.875,0.723,0.266,56,0.8,0.696,0.282,30,0.15,0.7,0.111,20,0.0,S/D,0.0,8
47E845FC,CACHICOTO,HUANUCO,HUAMALIES,gfs,pp,20260905,20261004,"00Z,12Z",D1,6h,-0.063,7.831,0.234,234,0.893,0.758,0.235,56,0.867,0.819,0.176,30,0.2,0.81,0.108,20,0.0,S/D,0.0,8
47E845FC,CACHICOTO,HUANUCO,HUAMALIES,eta5,pp,20260905,20261004,"00Z,12Z",D1,6h,1.057,9.54,0.196,190,0.745,0.73,0.247,51,0.808,0.809,0.183,26,0.556,0.821,0.156,18,0.0,S/D,0.0,8
47E845FC,CACHICOTO,HUANUCO,HUAMALIES,wrf5,pp,20260905,20261004,"00Z,12Z",D1,6h,-0.132,8.779,0.218,231,0.455,0.695,0.223,55,0.467,0.702,0.222,30,0.4,0.704,0.205,20,0.125,0.833,0.077,8
47E845FC,CACHICOTO,HUANUCO,HUAMALIES,mpas15,pp,20260905,20261004,00Z,D1,6h,0.597,10.177,0.102,117,0.607,0.721,0.236,28,0.733,0.8,0.186,15,0.5,0.773,0.185,10,0.0,1.0,0.0,4
4720EB14,SAN MARTIN,HUANUCO,HUAMALIES,ecmwf,pp,20260905,20261004,"00Z,12Z",D1,6h,0.18,0.999,0.215,236,0.75,0.831,0.16,28,0.6,0.714,0.24,10,0.0,1.0,0.0,2,S/D,S/D,S/D,0
4720EB14,SAN MARTIN,HUANUCO,HUAMALIES,gfs,pp,20260905,20261004,"00Z,12Z",D1,6h,0.565,1.459,0.166,236,0.857,0.853,0.144,28,0.5,0.926,0.068,10,0.0,1.0,0.0,2,S/D,S/D,S/D,0
4720EB14,SAN MARTIN,HUANUCO,HUAMALIES,eta5,pp,20260905,20261004,"00Z,12Z",D1,6h,0.333,1.281,0.102,191,0.55,0.861,0.125,20,0.286,0.947,0.047,7,0.0,1.0,0.0,1,S/D,S/D,S/D,0
4720EB14,SAN MARTIN,HUANUCO,HUAMALIES,wrf5,pp,20260905,20261004,"00Z,12Z",D1,6h,0.042,1.293,0.215,233,0.393,0.718,0.196,28,0.2,0.882,0.08,10,0.0,1.0,0.0,2,S/D,S/D,S/D,0
4720EB14,SAN MARTIN,HUANUCO,HUAMALIES,mpas15,pp,20260905,20261004,00Z,D1,6h,1.035,2.003,0.219,118,0.643,0.845,0.143,14,0.8,0.925,0.074,5,1.0,0.667,0.333,1,S/D,S/D,S/D,0
472D0552,CHINCHAVITO,HUANUCO,HUANUCO,ecmwf,pp,20260905,20261004,"00Z,12Z",D1,6h,-0.188,5.093,0.368,236,0.855,0.608,0.367,76,0.643,0.64,0.3,42,0.25,0.706,0.156,20,0.0,S/D,0.0,4
472D0552,CHINCHAVITO,HUANUCO,HUANUCO,gfs,pp,20260905,20261004,"00Z,12Z",D1,6h,0.27,5.142,0.24,236,0.908,0.653,0.335,76,0.69,0.772,0.207,42,0.1,0.909,0.05,20,0.0,S/D,0.0,4
472D0552,CHINCHAVITO,HUANUCO,HUANUCO,eta5,pp,20260905,20261004,"00Z,12Z",D1,6h,2.138,6.508,0.217,191,0.77,0.659,0.309,61,0.686,0.778,0.202,35,0.667,0.8,0.182,18,0.0,S/D,0.0,3
472D0552,CHINCHAVITO,HUANUCO,HUANUCO,wrf5,pp,20260905,20261004,"00Z,12Z",D1,6h,-0.365,6.077,0.206,233,0.5,0.568,0.302,76,0.405,0.63,0.239,42,0.2,0.778,0.118,20,0.0,1.0,0.0,4
472D0552,CHINCHAVITO,HUANUCO,HUANUCO,mpas15,pp,20260905,20261004,00Z,D1,6h,0.903,5.568,0.22,118,0.816,0.569,0.392,38,0.762,0.758,0.225,21,0.2,0.909,0.067,10,0.0,S/D,0.0,2
472B730C,PUENTE TARUCA,HUANUCO,HUANUCO,ecmwf,pp,20260905,20261004,"00Z,12Z",D1,6h,0.756,1.393,0.268,234,0.885,0.844,0.153,26,0.5,0.947,0.05,8,S/D,1.0,0.0,0,S/D,S/D,S/D,0
472B730C,PUENTE TARUCA,HUANUCO,HUANUCO,gfs,pp,20260905,20261004,"00Z,12Z",D1,6h,0.816,1.371,0.271,234,1.0,0.847,0.153,26,0.5,0.95,0.048,8,S/D,1.0,0.0,0,S/D,S/D,S/D,0
472B730C,PUENTE TARUCA,HUANUCO,HUANUCO,eta5,pp,20260905,20261004,"00Z,12Z",D1,6h,1.209,2.653,0.136,189,0.714,0.844,0.147,21,0.143,0.984,0.014,7,S/D,1.0,0.0,0,S/D,S/D,S/D,0
472B730C,PUENTE TARUCA,HUANUCO,HUANUCO,wrf5,pp,20260905,20261004,"00Z,12Z",D1,6h,-0.018,0.528,0.185,230,0.269,0.667,0.175,26,0.25,0.667,0.167,8,S/D,S/D,S/D,0,S/D,S/D,S/D,0
472B730C,PUENTE TARUCA,HUANUCO,HUANUCO,mpas15,pp,20260905,20261004,00Z,D1,6h,0.896,1.62,0.226,117,0.769,0.821,0.169,13,0.75,0.938,0.061,4,S/D,1.0,0.0,0,S/D,S/D,S/D,0
110140,JESUS DE LAURICOCHA,HUANUCO,LAURICOCHA,ecmwf,pp,20260905,20261004,"00Z,12Z",D1,6h,0.564,1.436,0.262,240,0.767,0.813,0.177,30,0.625,0.904,0.091,8,S/D,1.0,0.0,0,S/D,S/D,S/D,0
110140,JESUS DE LAURICOCHA,HUANUCO,LAURICOCHA,gfs,pp,20260905,20261004,"00Z,12Z",D1,6h,0.695,1.559,0.339,240,1.0,0.826,0.174,30,0.75,0.891,0.105,8,S/D,1.0,0.0,0,S/D,S/D,S/D,0
110140,JESUS DE LAURICOCHA,HUANUCO,LAURICOCHA,eta5,pp,20260905,20261004,"00Z,12Z",D1,6h,0.08,0.888,0.286,194,0.464,0.705,0.22,28,0.0,1.0,0.0,8,S/D,1.0,0.0,0,S/D,S/D,S/D,0
110140,JESUS DE LAURICOCHA,HUANUCO,LAURICOCHA,wrf5,pp,20260905,20261004,"00Z,12Z",D1,6h,0.19,0.987,0.295,236,0.4,0.707,0.203,30,0.25,0.889,0.083,8,S/D,1.0,0.0,0,S/D,S/D,S/D,0
110140,JESUS DE LAURICOCHA,HUANUCO,LAURICOCHA,mpas15,pp,20260905,20261004,00Z,D1,6h,1.067,2.554,0.297,120,0.867,0.745,0.245,15,0.75,0.932,0.067,4,S/D,1.0,0.0,0,S/D,S/D,S/D,0
472DA5AA,PUENTE BELLA,HUANUCO,LEONCIO PRADO,ecmwf,pp,20260905,20261004,"00Z,12Z",D1,6h,0.088,4.091,0.294,236,0.796,0.701,0.277,54,0.528,0.721,0.224,36,0.188,0.727,0.125,16,0.0,S/D,0.0,2
472DA5AA,PUENTE BELLA,HUANUCO,LEONCIO PRADO,gfs,pp,20260905,20261004,"00Z,12Z",D1,6h,0.623,3.919,0.351,236,1.0,0.724,0.276,54,0.778,0.757,0.228,36,0.188,0.85,0.091,16,0.0,S/D,0.0,2
472DA5AA,PUENTE BELLA,HUANUCO,LEONCIO PRADO,eta5,pp,20260905,20261004,"00Z,12Z",D1,6h,3.27,7.107,0.276,191,0.86,0.734,0.255,43,0.833,0.781,0.21,30,0.571,0.884,0.107,14,0.0,1.0,0.0,2
472DA5AA,PUENTE BELLA,HUANUCO,LEONCIO PRADO,wrf5,pp,20260905,20261004,"00Z,12Z",D1,6h,0.122,4.936,0.237,233,0.623,0.676,0.27,53,0.417,0.741,0.19,36,0.062,0.933,0.033,16,0.0,S/D,0.0,2
472DA5AA,PUENTE BELLA,HUANUCO,LEONCIO PRADO,mpas15,pp,20260905,20261004,00Z,D1,6h,1.508,6.208,0.093,118,0.667,0.735,0.234,27,0.667,0.789,0.19,18,0.125,0.947,0.038,8,0.0,1.0,0.0,1
47270400,TINGO MARIA,HUANUCO,LEONCIO PRADO,ecmwf,pp,20260905,20261004,"00Z,12Z",D1,6h,0.054,3.558,0.377,236,0.932,0.715,0.279,44,0.533,0.761,0.198,30,0.3,0.455,0.24,20,S/D,S/D,S/D,0
47270400,TINGO MARIA,HUANUCO,LEONCIO PRADO,gfs,pp,20260905,20261004,"00Z,12Z",D1,6h,0.576,3.676,0.299,236,1.0,0.776,0.224,44,0.733,0.805,0.182,30,0.2,0.8,0.111,20,S/D,S/D,S/D,0
47270400,TINGO MARIA,HUANUCO,LEONCIO PRADO,eta5,pp,20260905,20261004,"00Z,12Z",D1,6h,2.873,6.502,0.167,191,0.789,0.778,0.21,38,0.731,0.829,0.161,26,0.579,0.804,0.172,19,S/D,1.0,0.0,0
47270400,TINGO MARIA,HUANUCO,LEONCIO PRADO,wrf5,pp,20260905,20261004,"00Z,12Z",D1,6h,-0.178,4.47,0.183,232,0.5,0.741,0.206,42,0.429,0.647,0.24,28,0.158,0.75,0.107,19,S/D,1.0,0.0,0
47270400,TINGO MARIA,HUANUCO,LEONCIO PRADO,mpas15,pp,20260905,20261004,00Z,D1,6h,1.531,5.253,0.202,118,0.818,0.757,0.231,22,0.8,0.821,0.171,15,0.2,0.905,0.069,10,S/D,1.0,0.0,0
4727A4F8,PUERTO INCA,HUANUCO,PUERTO INCA,ecmwf,pp,20260905,20261004,"00Z,12Z",D1,6h,0.68,4.179,0.409,228,0.967,0.808,0.191,30,0.929,0.831,0.167,14,0.571,0.667,0.267,14,0.0,1.0,0.0,2
4727A4F8,PUERTO INCA,HUANUCO,PUERTO INCA,gfs,pp,20260905,20261004,"00Z,12Z",D1,6h,0.375,4.446,0.411,228,0.9,0.767,0.227,30,0.929,0.812,0.186,14,0.714,0.333,0.526,14,0.0,1.0,0.0,2
4727A4F8,PUERTO INCA,HUANUCO,PUERTO INCA,eta5,pp,20260905,20261004,"00Z,12Z",D1,6h,0.964,6.076,0.091,186,0.538,0.844,0.137,26,0.538,0.894,0.097,13,0.308,0.857,0.108,13,0.0,1.0,0.0,2
4727A4F8,PUERTO INCA,HUANUCO,PUERTO INCA,wrf5,pp,20260905,20261004,"00Z,12Z",D1,6h,-0.18,4.671,0.396,224,0.5,0.516,0.326,30,0.571,0.467,0.381,14,0.429,0.333,0.353,14,0.0,1.0,0.0,2
4727A4F8,PUERTO INCA,HUANUCO,PUERTO INCA,mpas15,pp,20260905,20261004,00Z,D1,6h,0.891,4.716,0.323,114,0.867,0.783,0.21,15,1.0,0.863,0.137,7,0.143,0.917,0.056,7,0.0,S/D,0.0,1
109094,PUCA PUCA,HUANUCO,YAROWILCA,ecmwf,pp,20260905,20261004,"00Z,12Z",D1,6h,0.44,1.339,0.291,214,0.808,0.825,0.168,26,0.667,0.923,0.074,6,0.0,S/D,0.0,2,S/D,S/D,S/D,0
109094,PUCA PUCA,HUANUCO,YAROWILCA,gfs,pp,20260905,20261004,"00Z,12Z",D1,6h,0.708,1.366,0.103,214,0.885,0.858,0.139,26,0.667,0.932,0.066,6,1.0,0.5,0.5,2,S/D,S/D,S/D,0
109094,PUCA PUCA,HUANUCO,YAROWILCA,eta5,pp,20260905,20261004,"00Z,12Z",D1,6h,-0.13,1.383,0.148,173,0.522,0.733,0.214,23,0.0,1.0,0.0,6,0.0,S/D,0.0,2,S/D,S/D,S/D,0
109094,PUCA PUCA,HUANUCO,YAROWILCA,wrf5,pp,20260905,20261004,"00Z,12Z",D1,6h,0.183,0.971,0.203,211,0.32,0.833,0.123,25,0.333,0.889,0.091,6,1.0,0.333,0.667,2,S/D,S/D,S/D,0
109094,PUCA PUCA,HUANUCO,YAROWILCA,mpas15,pp,20260905,20261004,00Z,D1,6h,0.832,1.602,0.224,107,0.692,0.804,0.18,13,1.0,0.927,0.073,3,1.0,0.5,0.5,1,S/D,S/D,S/D,0
4728A26A,CONTA M,ICA,CHINCHA,ecmwf,pp,20260905,20261004,"00Z,12Z",D1,6h,-0.724,3.015,0.119,164,0.0,1.0,0.0,12,0.0,S/D,0.0,12,0.0,S/D,0.0,10,S/D,S/D,S/D,0
4728A26A,CONTA M,ICA,CHINCHA,gfs,pp,20260905,20261004,"00Z,12Z",D1,6h,-0.73,3.018,S/D,164,0.0,S/D,0.0,12,0.0,S/D,0.0,12,0.0,S/D,0.0,10,S/D,S/D,S/D,0
4728A26A,CONTA M,ICA,CHINCHA,eta5,pp,20260905,20261004,"00Z,12Z",D1,6h,-0.587,2.724,-0.031,132,0.0,S/D,0.0,8,0.0,S/D,0.0,8,0.0,S/D,0.0,6,S/D,S/D,S/D,0
4728A26A,CONTA M,ICA,CHINCHA,wrf5,pp,20260905,20261004,"00Z,12Z",D1,6h,-0.736,3.045,0.004,161,0.0,1.0,0.0,12,0.0,S/D,0.0,12,0.0,S/D,0.0,10,S/D,S/D,S/D,0
4728A26A,CONTA M,ICA,CHINCHA,mpas15,pp,20260905,20261004,00Z,D1,6h,-0.73,3.018,0.075,82,0.0,S/D,0.0,6,0.0,S/D,0.0,6,0.0,S/D,0.0,5,S/D,S/D,S/D,0
4728B11C,FONAGRO,ICA,CHINCHA,ecmwf,pp,20260905,20261004,"00Z,12Z",D1,6h,0.003,0.009,S/D,234,S/D,S/D,S/D,0,S/D,S/D,S/D,0,S/D,S/D,S/D,0,S/D,S/D,S/D,0
4728B11C,FONAGRO,ICA,CHINCHA,gfs,pp,20260905,20261004,"00Z,12Z",D1,6h,0.007,0.023,S/D,234,S/D,1.0,0.0,0,S/D,S/D,S/D,0,S/D,S/D,S/D,0,S/D,S/D,S/D,0
4728B11C,FONAGRO,ICA,CHINCHA,eta5,pp,20260905,20261004,"00Z,12Z",D1,6h,0.004,0.015,S/D,190,S/D,1.0,0.0,0,S/D,S/D,S/D,0,S/D,S/D,S/D,0,S/D,S/D,S/D,0
4728B11C,FONAGRO,ICA,CHINCHA,wrf5,pp,20260905,20261004,"00Z,12Z",D1,6h,0.006,0.02,S/D,231,S/D,1.0,0.0,0,S/D,S/D,S/D,0,S/D,S/D,S/D,0,S/D,S/D,S/D,0
4728B11C,FONAGRO,ICA,CHINCHA,mpas15,pp,20260905,20261004,00Z,D1,6h,0.0,0.0,S/D,117,S/D,S/D,S/D,0,S/D,S/D,S/D,0,S/D,S/D,S/D,0,S/D,S/D,S/D,0
4728E160,SAN PEDRO DE HUACARPANA,ICA,CHINCHA,ecmwf,pp,20260905,20261004,"00Z,12Z",D1,6h,0.271,0.623,S/D,206,S/D,1.0,0.0,0,S/D,1.0,0.0,0,S/D,S/D,S/D,0,S/D,S/D,S/D,0
4728E160,SAN PEDRO DE HUACARPANA,ICA,CHINCHA,gfs,pp,20260905,20261004,"00Z,12Z",D1,6h,0.237,0.538,S/D,206,S/D,1.0,0.0,0,S/D,1.0,0.0,0,S/D,S/D,S/D,0,S/D,S/D,S/D,0
4728E160,SAN PEDRO DE HUACARPANA,ICA,CHINCHA,eta5,pp,20260905,20261004,"00Z,12Z",D1,6h,0.038,0.212,S/D,165,S/D,1.0,0.0,0,S/D,1.0,0.0,0,S/D,S/D,S/D,0,S/D,S/D,S/D,0
4728E160,SAN PEDRO DE HUACARPANA,ICA,CHINCHA,wrf5,pp,20260905,20261004,"00Z,12Z",D1,6h,0.106,0.383,S/D,202,S/D,1.0,0.0,0,S/D,1.0,0.0,0,S/D,S/D,S/D,0,S/D,S/D,S/D,0
4728E160,SAN PEDRO DE HUACARPANA,ICA,CHINCHA,mpas15,pp,20260905,20261004,00Z,D1,6h,0.223,0.631,S/D,103,S/D,1.0,0.0,0,S/D,1.0,0.0,0,S/D,S/D,S/D,0,S/D,S/D,S/D,0
472A446C,BETA SANTIAGO,ICA,ICA,ecmwf,pp,20260905,20261004,"00Z,12Z",D1,6h,0.0,0.012,0.294,190,0.25,0.0,0.25,4,S/D,S/D,S/D,0,S/D,S/D,S/D,0,S/D,S/D,S/D,0
472A446C,BETA SANTIAGO,ICA,ICA,gfs,pp,20260905,20261004,"00Z,12Z",D1,6h,-0.002,0.015,S/D,190,0.0,S/D,0.0,4,S/D,S/D,S/D,0,S/D,S/D,S/D,0,S/D,S/D,S/D,0
472A446C,BETA SANTIAGO,ICA,ICA,eta5,pp,20260905,20261004,"00Z,12Z",D1,6h,-0.001,0.011,S/D,154,0.0,S/D,0.0,2,S/D,S/D,S/D,0,S/D,S/D,S/D,0,S/D,S/D,S/D,0
472A446C,BETA SANTIAGO,ICA,ICA,wrf5,pp,20260905,20261004,"00Z,12Z",D1,6h,-0.002,0.014,0.205,187,0.0,S/D,0.0,4,S/D,S/D,S/D,0,S/D,S/D,S/D,0,S/D,S/D,S/D,0
472A446C,BETA SANTIAGO,ICA,ICA,mpas15,pp,20260905,20261004,00Z,D1,6h,-0.002,0.015,0.097,95,0.0,S/D,0.0,2,S/D,S/D,S/D,0,S/D,S/D,S/D,0,S/D,S/D,S/D,0
213503,HUAMANI EL TAMBO,ICA,ICA,ecmwf,pp,20260905,20261004,"00Z,12Z",D1,6h,S/D,S/D,S/D,0,S/D,S/D,S/D,0,S/D,S/D,S/D,0,S/D,S/D,S/D,0,S/D,S/D,S/D,0
213503,HUAMANI EL TAMBO,ICA,ICA,gfs,pp,20260905,20261004,"00Z,12Z",D1,6h,S/D,S/D,S/D,0,S/D,S/D,S/D,0,S/D,S/D,S/D,0,S/D,S/D,S/D,0,S/D,S/D,S/D,0
213503,HUAMANI EL TAMBO,ICA,ICA,eta5,pp,20260905,20261004,"00Z,12Z",D1,6h,S/D,S/D,S/D,0,S/D,S/D,S/D,0,S/D,S/D,S/D,0,S/D,S/D,S/D,0,S/D,S/D,S/D,0
213503,HUAMANI EL TAMBO,ICA,ICA,wrf5,pp,20260905,20261004,"00Z,12Z",D1,6h,S/D,S/D,S/D,0,S/D,S/D,S/D,0,S/D,S/D,S/D,0,S/D,S/D,S/D,0,S/D,S/D,S/D,0
213503,HUAMANI EL TAMBO,ICA,ICA,mpas15,pp,20260905,20261004,00Z,D1,6h,S/D,S/D,S/D,0,S/D,S/D,S/D,0,S/D,S/D,S/D,0,S/D,S/D,S/D,0,S/D,S/D,S/D,0
213506,LOS MOLINOS,ICA,ICA,ecmwf,pp,20260905,20261004,"00Z,12Z",D1,6h,S/D,S/D,S/D,0,S/D,S/D,S/D,0,S/D,S/D,S/D,0,S/D,S/D,S/D,0,S/D,S/D,S/D,0
213506,LOS MOLINOS,ICA,ICA,gfs,pp,20260905,20261004,"00Z,12Z",D1,6h,S/D,S/D,S/D,0,S/D,S/D,S/D,0,S/D,S/D,S/D,0,S/D,S/D,S/D,0,S/D,S/D,S/D,0
213506,LOS MOLINOS,ICA,ICA,eta5,pp,20260905,20261004,"00Z,12Z",D1,6h,S/D,S/D,S/D,0,S/D,S/D,S/D,0,S/D,S/D,S/D,0,S/D,S/D,S/D,0,S/D,S/D,S/D,0
213506,LOS MOLINOS,ICA,ICA,wrf5,pp,20260905,20261004,"00Z,12Z",D1,6h,S/D,S/D,S/D,0,S/D,S/D,S/D,0,S/D,S/D,S/D,0,S/D,S/D,S/D,0,S/D,S/D,S/D,0
213506,LOS MOLINOS,ICA,ICA,mpas15,pp,20260905,20261004,00Z,D1,6h,S/D,S/D,S/D,0,S/D,S/D,S/D,0,S/D,S/D,S/D,0,S/D,S/D,S/D,0,S/D,S/D,S/D,0
114139,COPARA,ICA,NASCA,ecmwf,pp,20260905,20261004,"00Z,12Z",D1,6h,0.033,0.051,S/D,20,S/D,1.0,0.0,0,S/D,S/D,S/D,0,S/D,S/D,S/D,0,S/D,S/D,S/D,0
114139,COPARA,ICA,NASCA,gfs,pp,20260905,20261004,"00Z,12Z",D1,6h,0.0,0.0,S/D,20,S/D,S/D,S/D,0,S/D,S/D,S/D,0,S/D,S/D,S/D,0,S/D,S/D,S/D,0
114139,COPARA,ICA,NASCA,eta5,pp,20260905,20261004,"00Z,12Z",D1,6h,0.0,0.0,S/D,18,S/D,S/D,S/D,0,S/D,S/D,S/D,0,S/D,S/D,S/D,0,S/D,S/D,S/D,0
114139,COPARA,ICA,NASCA,wrf5,pp,20260905,20261004,"00Z,12Z",D1,6h,0.016,0.068,S/D,20,S/D,1.0,0.0,0,S/D,S/D,S/D,0,S/D,S/D,S/D,0,S/D,S/D,S/D,0
114139,COPARA,ICA,NASCA,mpas15,pp,20260905,20261004,00Z,D1,6h,0.0,0.0,S/D,10,S/D,S/D,S/D,0,S/D,S/D,S/D,0,S/D,S/D,S/D,0,S/D,S/D,S/D,0
114136,PALPA,ICA,PALPA,ecmwf,pp,20260905,20261004,"00Z,12Z",D1,6h,S/D,S/D,S/D,0,S/D,S/D,S/D,0,S/D,S/D,S/D,0,S/D,S/D,S/D,0,S/D,S/D,S/D,0
114136,PALPA,ICA,PALPA,gfs,pp,20260905,20261004,"00Z,12Z",D1,6h,S/D,S/D,S/D,0,S/D,S/D,S/D,0,S/D,S/D,S/D,0,S/D,S/D,S/D,0,S/D,S/D,S/D,0
114136,PALPA,ICA,PALPA,eta5,pp,20260905,20261004,"00Z,12Z",D1,6h,S/D,S/D,S/D,0,S/D,S/D,S/D,0,S/D,S/D,S/D,0,S/D,S/D,S/D,0,S/D,S/D,S/D,0
114136,PALPA,ICA,PALPA,wrf5,pp,20260905,20261004,"00Z,12Z",D1,6h,S/D,S/D,S/D,0,S/D,S/D,S/D,0,S/D,S/D,S/D,0,S/D,S/D,S/D,0,S/D,S/D,S/D,0
114136,PALPA,ICA,PALPA,mpas15,pp,20260905,20261004,00Z,D1,6h,S/D,S/D,S/D,0,S/D,S/D,S/D,0,S/D,S/D,S/D,0,S/D,S/D,S/D,0,S/D,S/D,S/D,0
114140,PAMPA BLANCA,ICA,PALPA,ecmwf,pp,20260905,20261004,"00Z,12Z",D1,6h,0.0,0.0,S/D,2,S/D,S/D,S/D,0,S/D,S/D,S/D,0,S/D,S/D,S/D,0,S/D,S/D,S/D,0
114140,PAMPA BLANCA,ICA,PALPA,gfs,pp,20260905,20261004,"00Z,12Z",D1,6h,0.0,0.0,S/D,2,S/D,S/D,S/D,0,S/D,S/D,S/D,0,S/D,S/D,S/D,0,S/D,S/D,S/D,0
114140,PAMPA BLANCA,ICA,PALPA,eta5,pp,20260905,20261004,"00Z,12Z",D1,6h,0.0,0.0,S/D,2,S/D,S/D,S/D,0,S/D,S/D,S/D,0,S/D,S/D,S/D,0,S/D,S/D,S/D,0
114140,PAMPA BLANCA,ICA,PALPA,wrf5,pp,20260905,20261004,"00Z,12Z",D1,6h,0.0,0.0,S/D,2,S/D,S/D,S/D,0,S/D,S/D,S/D,0,S/D,S/D,S/D,0,S/D,S/D,S/D,0
114140,PAMPA BLANCA,ICA,PALPA,mpas15,pp,20260905,20261004,00Z,D1,6h,0.0,0.0,S/D,1,S/D,S/D,S/D,0,S/D,S/D,S/D,0,S/D,S/D,S/D,0,S/D,S/D,S/D,0
213403,LETRAYOC,ICA,PISCO,ecmwf,pp,20260905,20261004,"00Z,12Z",D1,6h,S/D,S/D,S/D,0,S/D,S/D,S/D,0,S/D,S/D,S/D,0,S/D,S/D,S/D,0,S/D,S/D,S/D,0
213403,LETRAYOC,ICA,PISCO,gfs,pp,20260905,20261004,"00Z,12Z",D1,6h,S/D,S/D,S/D,0,S/D,S/D,S/D,0,S/D,S/D,S/D,0,S/D,S/D,S/D,0,S/D,S/D,S/D,0
213403,LETRAYOC,ICA,PISCO,eta5,pp,20260905,20261004,"00Z,12Z",D1,6h,S/D,S/D,S/D,0,S/D,S/D,S/D,0,S/D,S/D,S/D,0,S/D,S/D,S/D,0,S/D,S/D,S/D,0
213403,LETRAYOC,ICA,PISCO,wrf5,pp,20260905,20261004,"00Z,12Z",D1,6h,S/D,S/D,S/D,0,S/D,S/D,S/D,0,S/D,S/D,S/D,0,S/D,S/D,S/D,0,S/D,S/D,S/D,0
213403,LETRAYOC,ICA,PISCO,mpas15,pp,20260905,20261004,00Z,D1,6h,S/D,S/D,S/D,0,S/D,S/D,S/D,0,S/D,S/D,S/D,0,S/D,S/D,S/D,0,S/D,S/D,S/D,0
472DF5D6,HUAYTAPALLANA,JUNIN,HUANCAYO,ecmwf,pp,20260905,20261004,"00Z,12Z",D1,6h,0.647,1.716,0.436,230,0.88,0.617,0.364,50,0.562,0.871,0.117,16,0.0,1.0,0.0,2,S/D,S/D,S/D,0
472DF5D6,HUAYTAPALLANA,JUNIN,HUANCAYO,gfs,pp,20260905,20261004,"00Z,12Z",D1,6h,1.028,2.342,0.409,230,0.92,0.728,0.266,50,0.625,0.888,0.105,16,0.0,1.0,0.0,2,S/D,S/D,S/D,0
472DF5D6,HUAYTAPALLANA,JUNIN,HUANCAYO,eta5,pp,20260905,20261004,"00Z,12Z",D1,6h,-0.084,1.228,0.481,185,0.6,0.429,0.414,40,0.25,0.7,0.158,12,0.0,S/D,0.0,2,S/D,S/D,S/D,0
472DF5D6,HUAYTAPALLANA,JUNIN,HUANCAYO,wrf5,pp,20260905,20261004,"00Z,12Z",D1,6h,0.513,2.289,0.408,227,0.7,0.562,0.368,50,0.312,0.868,0.102,16,0.0,1.0,0.0,2,S/D,S/D,S/D,0
472DF5D6,HUAYTAPALLANA,JUNIN,HUANCAYO,mpas15,pp,20260905,20261004,00Z,D1,6h,0.598,1.915,0.37,115,0.72,0.6,0.346,25,0.5,0.886,0.103,8,0.0,1.0,0.0,1,S/D,S/D,S/D,0
111288,CHACAPALPA,JUNIN,JAUJA,ecmwf,pp,20260905,20261004,"00Z,12Z",D1,6h,S/D,S/D,S/D,0,S/D,S/D,S/D,0,S/D,S/D,S/D,0,S/D,S/D,S/D,0,S/D,S/D,S/D,0
111288,CHACAPALPA,JUNIN,JAUJA,gfs,pp,20260905,20261004,"00Z,12Z",D1,6h,S/D,S/D,S/D,0,S/D,S/D,S/D,0,S/D,S/D,S/D,0,S/D,S/D,S/D,0,S/D,S/D,S/D,0
111288,CHACAPALPA,JUNIN,JAUJA,eta5,pp,20260905,20261004,"00Z,12Z",D1,6h,S/D,S/D,S/D,0,S/D,S/D,S/D,0,S/D,S/D,S/D,0,S/D,S/D,S/D,0,S/D,S/D,S/D,0
111288,CHACAPALPA,JUNIN,JAUJA,wrf5,pp,20260905,20261004,"00Z,12Z",D1,6h,S/D,S/D,S/D,0,S/D,S/D,S/D,0,S/D,S/D,S/D,0,S/D,S/D,S/D,0,S/D,S/D,S/D,0
111288,CHACAPALPA,JUNIN,JAUJA,mpas15,pp,20260905,20261004,00Z,D1,6h,S/D,S/D,S/D,0,S/D,S/D,S/D,0,S/D,S/D,S/D,0,S/D,S/D,S/D,0,S/D,S/D,S/D,0
111299,POTSOTENI,JUNIN,SATIPO,ecmwf,pp,20260905,20261004,"00Z,12Z",D1,6h,1.374,2.629,0.083,234,0.95,0.896,0.103,20,0.6,0.938,0.059,10,0.0,1.0,0.0,2,S/D,S/D,S/D,0
111299,POTSOTENI,JUNIN,SATIPO,gfs,pp,20260905,20261004,"00Z,12Z",D1,6h,1.131,2.189,0.017,234,0.7,0.911,0.086,20,0.4,0.956,0.042,10,0.0,1.0,0.0,2,S/D,S/D,S/D,0
111299,POTSOTENI,JUNIN,SATIPO,eta5,pp,20260905,20261004,"00Z,12Z",D1,6h,2.245,4.342,0.178,190,0.75,0.864,0.13,20,0.7,0.923,0.074,10,0.0,1.0,0.0,2,S/D,S/D,S/D,0
111299,POTSOTENI,JUNIN,SATIPO,wrf5,pp,20260905,20261004,"00Z,12Z",D1,6h,0.636,5.503,0.211,231,0.55,0.761,0.2,20,0.2,0.875,0.083,10,0.0,1.0,0.0,2,S/D,1.0,0.0,0
111299,POTSOTENI,JUNIN,SATIPO,mpas15,pp,20260905,20261004,00Z,D1,6h,1.069,2.444,0.061,117,0.5,0.911,0.082,10,0.6,0.936,0.061,5,0.0,1.0,0.0,1,S/D,S/D,S/D,0
4725C4EA,SATIPO,JUNIN,SATIPO,ecmwf,pp,20260905,20261004,"00Z,12Z",D1,6h,-0.343,4.798,0.381,236,0.95,0.748,0.248,40,0.679,0.729,0.241,28,0.111,0.778,0.08,18,0.0,S/D,0.0,2
4725C4EA,SATIPO,JUNIN,SATIPO,gfs,pp,20260905,20261004,"00Z,12Z",D1,6h,-0.087,5.01,0.28,236,0.85,0.783,0.209,40,0.571,0.822,0.157,28,0.111,0.833,0.071,18,0.0,S/D,0.0,2
4725C4EA,SATIPO,JUNIN,SATIPO,eta5,pp,20260905,20261004,"00Z,12Z",D1,6h,1.503,6.746,0.15,191,0.676,0.783,0.197,37,0.667,0.812,0.171,27,0.5,0.809,0.161,18,0.0,S/D,0.0,2
4725C4EA,SATIPO,JUNIN,SATIPO,wrf5,pp,20260905,20261004,"00Z,12Z",D1,6h,-0.651,5.635,0.269,232,0.525,0.65,0.266,40,0.321,0.679,0.191,28,0.056,0.875,0.04,18,0.0,1.0,0.0,2
4725C4EA,SATIPO,JUNIN,SATIPO,mpas15,pp,20260905,20261004,00Z,D1,6h,0.69,4.998,0.29,118,0.9,0.743,0.25,20,0.714,0.836,0.154,14,0.333,0.824,0.13,9,0.0,S/D,0.0,1
47257764,TARMA,JUNIN,TARMA,ecmwf,pp,20260905,20261004,"00Z,12Z",D1,6h,0.295,1.046,0.398,224,0.857,0.758,0.233,28,0.75,0.727,0.25,12,0.25,0.667,0.167,4,S/D,S/D,S/D,0
47257764,TARMA,JUNIN,TARMA,gfs,pp,20260905,20261004,"00Z,12Z",D1,6h,0.667,1.735,0.345,224,0.857,0.839,0.157,28,0.667,0.833,0.154,12,0.5,0.818,0.154,4,S/D,S/D,S/D,0
47257764,TARMA,JUNIN,TARMA,eta5,pp,20260905,20261004,"00Z,12Z",D1,6h,0.95,2.135,0.269,183,0.893,0.771,0.223,28,0.917,0.836,0.162,12,0.0,1.0,0.0,4,S/D,S/D,S/D,0
47257764,TARMA,JUNIN,TARMA,wrf5,pp,20260905,20261004,"00Z,12Z",D1,6h,0.036,1.128,0.337,220,0.519,0.65,0.264,27,0.364,0.75,0.174,11,0.0,1.0,0.0,4,S/D,S/D,S/D,0
47257764,TARMA,JUNIN,TARMA,mpas15,pp,20260905,20261004,00Z,D1,6h,0.434,1.426,0.259,112,0.714,0.744,0.233,14,0.833,0.844,0.152,6,0.0,1.0,0.0,2,S/D,S/D,S/D,0
472D9030,MARCAPOMACOCHA,JUNIN,YAULI,ecmwf,pp,20260905,20261004,"00Z,12Z",D1,6h,0.576,1.366,0.555,236,0.95,0.551,0.438,60,0.75,0.782,0.203,16,S/D,1.0,0.0,0,S/D,S/D,S/D,0
472D9030,MARCAPOMACOCHA,JUNIN,YAULI,gfs,pp,20260905,20261004,"00Z,12Z",D1,6h,0.68,1.835,0.477,236,0.85,0.557,0.411,60,0.688,0.784,0.196,16,S/D,1.0,0.0,0,S/D,S/D,S/D,0
472D9030,MARCAPOMACOCHA,JUNIN,YAULI,eta5,pp,20260905,20261004,"00Z,12Z",D1,6h,0.131,0.788,0.563,191,0.607,0.32,0.472,56,0.438,0.611,0.259,16,S/D,S/D,S/D,0,S/D,S/D,S/D,0
472D9030,MARCAPOMACOCHA,JUNIN,YAULI,wrf5,pp,20260905,20261004,"00Z,12Z",D1,6h,0.663,2.507,0.54,233,0.627,0.464,0.407,59,0.8,0.625,0.343,15,S/D,1.0,0.0,0,S/D,1.0,0.0,0
472D9030,MARCAPOMACOCHA,JUNIN,YAULI,mpas15,pp,20260905,20261004,00Z,D1,6h,0.858,2.605,0.447,118,0.733,0.511,0.415,30,0.625,0.839,0.147,8,S/D,1.0,0.0,0,S/D,S/D,S/D,0
472D30C8,CASAGRANDE,LA LIBERTAD,ASCOPE,ecmwf,pp,20260905,20261004,"00Z,12Z",D1,6h,-0.031,0.485,0.045,232,0.0,1.0,0.0,6,0.0,S/D,0.0,2,0.0,S/D,0.0,2,S/D,S/D,S/D,0
472D30C8,CASAGRANDE,LA LIBERTAD,ASCOPE,gfs,pp,20260905,20261004,"00Z,12Z",D1,6h,-0.045,0.483,-0.022,232,0.0,1.0,0.0,6,0.0,S/D,0.0,2,0.0,S/D,0.0,2,S/D,S/D,S/D,0
472D30C8,CASAGRANDE,LA LIBERTAD,ASCOPE,eta5,pp,20260905,20261004,"00Z,12Z",D1,6h,-0.032,0.543,0.058,187,0.2,0.944,0.045,5,0.0,S/D,0.0,2,0.0,S/D,0.0,2,S/D,S/D,S/D,0
472D30C8,CASAGRANDE,LA LIBERTAD,ASCOPE,wrf5,pp,20260905,20261004,"00Z,12Z",D1,6h,-0.044,0.486,0.11,229,0.0,S/D,0.0,6,0.0,S/D,0.0,2,0.0,S/D,0.0,2,S/D,S/D,S/D,0
472D30C8,CASAGRANDE,LA LIBERTAD,ASCOPE,mpas15,pp,20260905,20261004,00Z,D1,6h,-0.042,0.485,-0.113,116,0.0,1.0,0.0,3,0.0,S/D,0.0,1,0.0,S/D,0.0,1,S/D,S/D,S/D,0
211001,SALINAR,LA LIBERTAD,ASCOPE,ecmwf,pp,20260905,20261004,"00Z,12Z",D1,6h,0.026,0.074,S/D,232,S/D,1.0,0.0,0,S/D,S/D,S/D,0,S/D,S/D,S/D,0,S/D,S/D,S/D,0
211001,SALINAR,LA LIBERTAD,ASCOPE,gfs,pp,20260905,20261004,"00Z,12Z",D1,6h,0.002,0.013,S/D,232,S/D,1.0,0.0,0,S/D,S/D,S/D,0,S/D,S/D,S/D,0,S/D,S/D,S/D,0
211001,SALINAR,LA LIBERTAD,ASCOPE,eta5,pp,20260905,20261004,"00Z,12Z",D1,6h,0.014,0.056,S/D,187,S/D,1.0,0.0,0,S/D,S/D,S/D,0,S/D,S/D,S/D,0,S/D,S/D,S/D,0
211001,SALINAR,LA LIBERTAD,ASCOPE,wrf5,pp,20260905,20261004,"00Z,12Z",D1,6h,0.002,0.012,S/D,229,S/D,1.0,0.0,0,S/D,S/D,S/D,0,S/D,S/D,S/D,0,S/D,S/D,S/D,0
211001,SALINAR,LA LIBERTAD,ASCOPE,mpas15,pp,20260905,20261004,00Z,D1,6h,0.034,0.227,S/D,116,S/D,1.0,0.0,0,S/D,1.0,0.0,0,S/D,S/D,S/D,0,S/D,S/D,S/D,0
472EA2A4,CASCAS,LA LIBERTAD,GRAN CHIMU,ecmwf,pp,20260905,20261004,"00Z,12Z",D1,6h,0.527,1.543,0.101,236,0.667,0.965,0.035,6,S/D,1.0,0.0,0,S/D,1.0,0.0,0,S/D,S/D,S/D,0
472EA2A4,CASCAS,LA LIBERTAD,GRAN CHIMU,gfs,pp,20260905,20261004,"00Z,12Z",D1,6h,0.248,0.516,-0.06,236,0.333,0.982,0.018,6,S/D,1.0,0.0,0,S/D,S/D,S/D,0,S/D,S/D,S/D,0
472EA2A4,CASCAS,LA LIBERTAD,GRAN CHIMU,eta5,pp,20260905,20261004,"00Z,12Z",D1,6h,0.293,0.971,-0.092,191,0.0,1.0,0.0,4,S/D,1.0,0.0,0,S/D,1.0,0.0,0,S/D,S/D,S/D,0
472EA2A4,CASCAS,LA LIBERTAD,GRAN CHIMU,wrf5,pp,20260905,20261004,"00Z,12Z",D1,6h,0.015,0.087,0.063,233,0.0,1.0,0.0,6,S/D,S/D,S/D,0,S/D,S/D,S/D,0,S/D,S/D,S/D,0
472EA2A4,CASCAS,LA LIBERTAD,GRAN CHIMU,mpas15,pp,20260905,20261004,00Z,D1,6h,0.61,1.6,0.183,118,0.667,0.935,0.062,3,S/D,1.0,0.0,0,S/D,1.0,0.0,0,S/D,S/D,S/D,0
47E0A2A8,EL TAMBO,LA LIBERTAD,GRAN CHIMU,ecmwf,pp,20260905,20261004,"00Z,12Z",D1,6h,0.529,1.554,S/D,232,S/D,1.0,0.0,0,S/D,1.0,0.0,0,S/D,1.0,0.0,0,S/D,S/D,S/D,0
47E0A2A8,EL TAMBO,LA LIBERTAD,GRAN CHIMU,gfs,pp,20260905,20261004,"00Z,12Z",D1,6h,0.259,0.521,S/D,232,S/D,1.0,0.0,0,S/D,1.0,0.0,0,S/D,S/D,S/D,0,S/D,S/D,S/D,0
47E0A2A8,EL TAMBO,LA LIBERTAD,GRAN CHIMU,eta5,pp,20260905,20261004,"00Z,12Z",D1,6h,0.638,1.827,S/D,188,S/D,1.0,0.0,0,S/D,1.0,0.0,0,S/D,1.0,0.0,0,S/D,S/D,S/D,0
47E0A2A8,EL TAMBO,LA LIBERTAD,GRAN CHIMU,wrf5,pp,20260905,20261004,"00Z,12Z",D1,6h,0.017,0.12,S/D,228,S/D,1.0,0.0,0,S/D,1.0,0.0,0,S/D,S/D,S/D,0,S/D,S/D,S/D,0
47E0A2A8,EL TAMBO,LA LIBERTAD,GRAN CHIMU,mpas15,pp,20260905,20261004,00Z,D1,6h,0.513,1.498,S/D,116,S/D,1.0,0.0,0,S/D,1.0,0.0,0,S/D,1.0,0.0,0,S/D,S/D,S/D,0
472D552E,LUCMA,LA LIBERTAD,GRAN CHIMU,ecmwf,pp,20260905,20261004,"00Z,12Z",D1,6h,0.37,0.861,S/D,232,S/D,1.0,0.0,0,S/D,1.0,0.0,0,S/D,1.0,0.0,0,S/D,S/D,S/D,0
472D552E,LUCMA,LA LIBERTAD,GRAN CHIMU,gfs,pp,20260905,20261004,"00Z,12Z",D1,6h,0.602,1.303,S/D,232,S/D,1.0,0.0,0,S/D,1.0,0.0,0,S/D,1.0,0.0,0,S/D,S/D,S/D,0
472D552E,LUCMA,LA LIBERTAD,GRAN CHIMU,eta5,pp,20260905,20261004,"00Z,12Z",D1,6h,0.116,0.37,S/D,187,S/D,1.0,0.0,0,S/D,1.0,0.0,0,S/D,S/D,S/D,0,S/D,S/D,S/D,0
472D552E,LUCMA,LA LIBERTAD,GRAN CHIMU,wrf5,pp,20260905,20261004,"00Z,12Z",D1,6h,0.038,0.194,S/D,229,S/D,1.0,0.0,0,S/D,1.0,0.0,0,S/D,S/D,S/D,0,S/D,S/D,S/D,0
472D552E,LUCMA,LA LIBERTAD,GRAN CHIMU,mpas15,pp,20260905,20261004,00Z,D1,6h,0.828,1.995,S/D,116,S/D,1.0,0.0,0,S/D,1.0,0.0,0,S/D,1.0,0.0,0,S/D,S/D,S/D,0
472CC2B6,MARMOT,LA LIBERTAD,GRAN CHIMU,ecmwf,pp,20260905,20261004,"00Z,12Z",D1,6h,S/D,S/D,S/D,0,S/D,S/D,S/D,0,S/D,S/D,S/D,0,S/D,S/D,S/D,0,S/D,S/D,S/D,0
472CC2B6,MARMOT,LA LIBERTAD,GRAN CHIMU,gfs,pp,20260905,20261004,"00Z,12Z",D1,6h,S/D,S/D,S/D,0,S/D,S/D,S/D,0,S/D,S/D,S/D,0,S/D,S/D,S/D,0,S/D,S/D,S/D,0
472CC2B6,MARMOT,LA LIBERTAD,GRAN CHIMU,eta5,pp,20260905,20261004,"00Z,12Z",D1,6h,S/D,S/D,S/D,0,S/D,S/D,S/D,0,S/D,S/D,S/D,0,S/D,S/D,S/D,0,S/D,S/D,S/D,0
472CC2B6,MARMOT,LA LIBERTAD,GRAN CHIMU,wrf5,pp,20260905,20261004,"00Z,12Z",D1,6h,S/D,S/D,S/D,0,S/D,S/D,S/D,0,S/D,S/D,S/D,0,S/D,S/D,S/D,0,S/D,S/D,S/D,0
472CC2B6,MARMOT,LA LIBERTAD,GRAN CHIMU,mpas15,pp,20260905,20261004,00Z,D1,6h,S/D,S/D,S/D,0,S/D,S/D,S/D,0,S/D,S/D,S/D,0,S/D,S/D,S/D,0,S/D,S/D,S/D,0
472E5220,PUENTE PALMIRA,LA LIBERTAD,GRAN CHIMU,ecmwf,pp,20260905,20261004,"00Z,12Z",D1,6h,0.536,1.551,S/D,234,S/D,1.0,0.0,0,S/D,1.0,0.0,0,S/D,1.0,0.0,0,S/D,S/D,S/D,0
472E5220,PUENTE PALMIRA,LA LIBERTAD,GRAN CHIMU,gfs,pp,20260905,20261004,"00Z,12Z",D1,6h,0.254,0.518,S/D,234,S/D,1.0,0.0,0,S/D,1.0,0.0,0,S/D,S/D,S/D,0,S/D,S/D,S/D,0
472E5220,PUENTE PALMIRA,LA LIBERTAD,GRAN CHIMU,eta5,pp,20260905,20261004,"00Z,12Z",D1,6h,0.504,1.769,S/D,190,S/D,1.0,0.0,0,S/D,1.0,0.0,0,S/D,1.0,0.0,0,S/D,S/D,S/D,0
472E5220,PUENTE PALMIRA,LA LIBERTAD,GRAN CHIMU,wrf5,pp,20260905,20261004,"00Z,12Z",D1,6h,0.007,0.056,S/D,231,S/D,1.0,0.0,0,S/D,S/D,S/D,0,S/D,S/D,S/D,0,S/D,S/D,S/D,0
472E5220,PUENTE PALMIRA,LA LIBERTAD,GRAN CHIMU,mpas15,pp,20260905,20261004,00Z,D1,6h,0.111,0.531,S/D,117,S/D,1.0,0.0,0,S/D,1.0,0.0,0,S/D,S/D,S/D,0,S/D,S/D,S/D,0
472D8346,CALLANCAS,LA LIBERTAD,OTUZCO,ecmwf,pp,20260905,20261004,"00Z,12Z",D1,6h,0.289,0.932,0.149,234,0.75,0.942,0.057,8,0.75,0.903,0.094,4,S/D,1.0,0.0,0,S/D,S/D,S/D,0
472D8346,CALLANCAS,LA LIBERTAD,OTUZCO,gfs,pp,20260905,20261004,"00Z,12Z",D1,6h,0.52,1.383,0.101,234,0.75,0.955,0.044,8,0.25,0.974,0.024,4,S/D,1.0,0.0,0,S/D,S/D,S/D,0
472D8346,CALLANCAS,LA LIBERTAD,OTUZCO,eta5,pp,20260905,20261004,"00Z,12Z",D1,6h,1.248,2.84,0.069,189,0.8,0.957,0.043,5,0.5,0.981,0.019,2,S/D,1.0,0.0,0,S/D,S/D,S/D,0
472D8346,CALLANCAS,LA LIBERTAD,OTUZCO,wrf5,pp,20260905,20261004,"00Z,12Z",D1,6h,-0.019,0.625,0.129,231,0.25,0.882,0.087,8,0.0,1.0,0.0,4,S/D,S/D,S/D,0,S/D,S/D,S/D,0
472D8346,CALLANCAS,LA LIBERTAD,OTUZCO,mpas15,pp,20260905,20261004,00Z,D1,6h,0.564,1.765,0.129,117,0.75,0.903,0.094,4,0.5,0.957,0.042,2,S/D,1.0,0.0,0,S/D,S/D,S/D,0
472EB1D2,CAPACHIQUE,LA LIBERTAD,OTUZCO,ecmwf,pp,20260905,20261004,"00Z,12Z",D1,6h,0.416,1.352,0.215,236,0.75,0.889,0.107,16,0.167,0.966,0.029,6,0.0,1.0,0.0,2,S/D,S/D,S/D,0
472EB1D2,CAPACHIQUE,LA LIBERTAD,OTUZCO,gfs,pp,20260905,20261004,"00Z,12Z",D1,6h,0.734,1.647,0.233,236,0.875,0.905,0.093,16,0.5,0.943,0.054,6,0.0,1.0,0.0,2,S/D,S/D,S/D,0
472EB1D2,CAPACHIQUE,LA LIBERTAD,OTUZCO,eta5,pp,20260905,20261004,"00Z,12Z",D1,6h,0.439,1.339,0.097,191,0.556,0.912,0.082,9,0.0,1.0,0.0,3,0.0,1.0,0.0,1,S/D,S/D,S/D,0
472EB1D2,CAPACHIQUE,LA LIBERTAD,OTUZCO,wrf5,pp,20260905,20261004,"00Z,12Z",D1,6h,0.306,1.456,0.15,233,0.438,0.883,0.101,16,0.5,0.864,0.12,6,0.0,1.0,0.0,2,S/D,S/D,S/D,0
472EB1D2,CAPACHIQUE,LA LIBERTAD,OTUZCO,mpas15,pp,20260905,20261004,00Z,D1,6h,0.865,2.281,0.148,118,0.5,0.9,0.091,8,0.333,0.969,0.029,3,0.0,1.0,0.0,1,S/D,S/D,S/D,0
107131,LA FORTUNA,LA LIBERTAD,OTUZCO,ecmwf,pp,20260905,20261004,"00Z,12Z",D1,6h,0.218,0.826,0.316,234,0.833,0.802,0.19,24,0.417,0.839,0.132,12,S/D,1.0,0.0,0,S/D,S/D,S/D,0
107131,LA FORTUNA,LA LIBERTAD,OTUZCO,gfs,pp,20260905,20261004,"00Z,12Z",D1,6h,0.45,1.202,0.253,234,0.833,0.852,0.144,24,0.667,0.795,0.186,12,S/D,1.0,0.0,0,S/D,S/D,S/D,0
107131,LA FORTUNA,LA LIBERTAD,OTUZCO,eta5,pp,20260905,20261004,"00Z,12Z",D1,6h,-0.103,0.592,0.302,190,0.067,0.8,0.053,15,0.0,S/D,0.0,8,S/D,S/D,S/D,0,S/D,S/D,S/D,0
107131,LA FORTUNA,LA LIBERTAD,OTUZCO,wrf5,pp,20260905,20261004,"00Z,12Z",D1,6h,0.42,1.937,0.248,230,0.542,0.794,0.176,24,0.583,0.72,0.233,12,S/D,1.0,0.0,0,S/D,S/D,S/D,0
107131,LA FORTUNA,LA LIBERTAD,OTUZCO,mpas15,pp,20260905,20261004,00Z,D1,6h,0.621,1.632,0.206,117,0.667,0.778,0.2,12,0.833,0.828,0.167,6,S/D,1.0,0.0,0,S/D,S/D,S/D,0
472E74CC,PUENTE COINA,LA LIBERTAD,OTUZCO,ecmwf,pp,20260905,20261004,"00Z,12Z",D1,6h,0.331,0.841,0.165,236,0.615,0.845,0.142,26,S/D,1.0,0.0,0,S/D,1.0,0.0,0,S/D,S/D,S/D,0
472E74CC,PUENTE COINA,LA LIBERTAD,OTUZCO,gfs,pp,20260905,20261004,"00Z,12Z",D1,6h,0.56,1.283,0.017,236,0.654,0.874,0.118,26,S/D,1.0,0.0,0,S/D,1.0,0.0,0,S/D,S/D,S/D,0
472E74CC,PUENTE COINA,LA LIBERTAD,OTUZCO,eta5,pp,20260905,20261004,"00Z,12Z",D1,6h,0.343,1.096,-0.041,191,0.25,0.938,0.053,12,S/D,1.0,0.0,0,S/D,1.0,0.0,0,S/D,S/D,S/D,0
472E74CC,PUENTE COINA,LA LIBERTAD,OTUZCO,wrf5,pp,20260905,20261004,"00Z,12Z",D1,6h,0.226,1.123,0.086,233,0.115,0.9,0.057,26,S/D,1.0,0.0,0,S/D,1.0,0.0,0,S/D,S/D,S/D,0
472E74CC,PUENTE COINA,LA LIBERTAD,OTUZCO,mpas15,pp,20260905,20261004,00Z,D1,6h,0.734,1.742,0.033,118,0.385,0.861,0.114,13,S/D,1.0,0.0,0,S/D,1.0,0.0,0,S/D,S/D,S/D,0
472D60B4,USQUIL,LA LIBERTAD,OTUZCO,ecmwf,pp,20260905,20261004,"00Z,12Z",D1,6h,0.276,1.054,0.216,236,0.786,0.893,0.104,14,0.5,0.968,0.031,2,0.0,1.0,0.0,2,S/D,S/D,S/D,0
472D60B4,USQUIL,LA LIBERTAD,OTUZCO,gfs,pp,20260905,20261004,"00Z,12Z",D1,6h,0.506,1.458,0.032,236,0.714,0.926,0.072,14,0.0,1.0,0.0,2,0.0,1.0,0.0,2,S/D,S/D,S/D,0
472D60B4,USQUIL,LA LIBERTAD,OTUZCO,eta5,pp,20260905,20261004,"00Z,12Z",D1,6h,0.308,1.227,0.123,191,0.571,0.917,0.078,7,0.0,1.0,0.0,1,0.0,1.0,0.0,1,S/D,S/D,S/D,0
472D60B4,USQUIL,LA LIBERTAD,OTUZCO,wrf5,pp,20260905,20261004,"00Z,12Z",D1,6h,0.171,1.34,0.171,233,0.286,0.867,0.1,14,0.0,1.0,0.0,2,0.0,1.0,0.0,2,S/D,S/D,S/D,0
472D60B4,USQUIL,LA LIBERTAD,OTUZCO,mpas15,pp,20260905,20261004,00Z,D1,6h,0.582,1.724,-0.017,118,0.429,0.919,0.073,7,0.0,1.0,0.0,1,0.0,1.0,0.0,1,S/D,S/D,S/D,0
107130,TICAPAMPA,LA LIBERTAD,SANCHEZ CARRION,ecmwf,pp,20260905,20261004,"00Z,12Z",D1,6h,0.59,2.179,0.217,222,0.75,0.864,0.13,20,0.583,0.865,0.123,12,0.0,1.0,0.0,2,S/D,S/D,S/D,0
107130,TICAPAMPA,LA LIBERTAD,SANCHEZ CARRION,gfs,pp,20260905,20261004,"00Z,12Z",D1,6h,0.425,1.631,0.232,222,0.9,0.876,0.122,20,0.583,0.841,0.143,12,0.0,1.0,0.0,2,S/D,S/D,S/D,0
107130,TICAPAMPA,LA LIBERTAD,SANCHEZ CARRION,eta5,pp,20260905,20261004,"00Z,12Z",D1,6h,0.352,1.066,0.222,182,0.6,0.824,0.158,15,0.444,0.857,0.121,9,1.0,0.75,0.25,1,S/D,S/D,S/D,0
107130,TICAPAMPA,LA LIBERTAD,SANCHEZ CARRION,wrf5,pp,20260905,20261004,"00Z,12Z",D1,6h,0.238,1.547,0.307,218,0.65,0.745,0.224,20,0.5,0.739,0.207,12,1.0,0.714,0.286,2,S/D,S/D,S/D,0
107130,TICAPAMPA,LA LIBERTAD,SANCHEZ CARRION,mpas15,pp,20260905,20261004,00Z,D1,6h,0.885,2.278,0.279,111,0.8,0.849,0.145,10,0.833,0.865,0.132,6,1.0,0.857,0.143,1,S/D,S/D,S/D,0
4727319A,QUIRUVILCA,LA LIBERTAD,SANTIAGO DE CHUCO,ecmwf,pp,20260905,20261004,"00Z,12Z",D1,6h,0.628,1.664,0.269,212,0.9,0.814,0.182,20,0.5,0.958,0.04,4,0.0,1.0,0.0,2,S/D,S/D,S/D,0
4727319A,QUIRUVILCA,LA LIBERTAD,SANTIAGO DE CHUCO,gfs,pp,20260905,20261004,"00Z,12Z",D1,6h,0.939,1.949,0.217,212,0.8,0.894,0.103,20,0.5,0.971,0.029,4,0.5,0.857,0.125,2,S/D,S/D,S/D,0
4727319A,QUIRUVILCA,LA LIBERTAD,SANTIAGO DE CHUCO,eta5,pp,20260905,20261004,"00Z,12Z",D1,6h,-0.059,0.534,0.09,171,0.143,0.778,0.095,14,0.0,1.0,0.0,3,0.0,S/D,0.0,1,S/D,S/D,S/D,0
4727319A,QUIRUVILCA,LA LIBERTAD,SANTIAGO DE CHUCO,wrf5,pp,20260905,20261004,"00Z,12Z",D1,6h,0.999,3.512,0.27,208,0.6,0.803,0.174,20,0.5,0.943,0.054,4,1.0,0.867,0.133,2,S/D,1.0,0.0,0
4727319A,QUIRUVILCA,LA LIBERTAD,SANTIAGO DE CHUCO,mpas15,pp,20260905,20261004,00Z,D1,6h,0.558,1.476,0.282,106,0.7,0.759,0.219,10,1.0,0.92,0.08,2,0.0,1.0,0.0,1,S/D,S/D,S/D,0
211408,CONDORCERRO,LA LIBERTAD,VIRU,ecmwf,pp,20260905,20261004,"00Z,12Z",D1,6h,S/D,S/D,S/D,0,S/D,S/D,S/D,0,S/D,S/D,S/D,0,S/D,S/D,S/D,0,S/D,S/D,S/D,0
211408,CONDORCERRO,LA LIBERTAD,VIRU,gfs,pp,20260905,20261004,"00Z,12Z",D1,6h,S/D,S/D,S/D,0,S/D,S/D,S/D,0,S/D,S/D,S/D,0,S/D,S/D,S/D,0,S/D,S/D,S/D,0
211408,CONDORCERRO,LA LIBERTAD,VIRU,eta5,pp,20260905,20261004,"00Z,12Z",D1,6h,S/D,S/D,S/D,0,S/D,S/D,S/D,0,S/D,S/D,S/D,0,S/D,S/D,S/D,0,S/D,S/D,S/D,0
211408,CONDORCERRO,LA LIBERTAD,VIRU,wrf5,pp,20260905,20261004,"00Z,12Z",D1,6h,S/D,S/D,S/D,0,S/D,S/D,S/D,0,S/D,S/D,S/D,0,S/D,S/D,S/D,0,S/D,S/D,S/D,0
211408,CONDORCERRO,LA LIBERTAD,VIRU,mpas15,pp,20260905,20261004,00Z,D1,6h,S/D,S/D,S/D,0,S/D,S/D,S/D,0,S/D,S/D,S/D,0,S/D,S/D,S/D,0,S/D,S/D,S/D,0
47E2F720,TINAJONES,LAMBAYEQUE,CHICLAYO,ecmwf,pp,20260905,20261004,"00Z,12Z",D1,6h,0.043,0.109,0.13,230,0.5,0.962,0.037,2,S/D,S/D,S/D,0,S/D,S/D,S/D,0,S/D,S/D,S/D,0
47E2F720,TINAJONES,LAMBAYEQUE,CHICLAYO,gfs,pp,20260905,20261004,"00Z,12Z",D1,6h,0.011,0.073,0.149,230,0.5,0.857,0.125,2,S/D,S/D,S/D,0,S/D,S/D,S/D,0,S/D,S/D,S/D,0
47E2F720,TINAJONES,LAMBAYEQUE,CHICLAYO,eta5,pp,20260905,20261004,"00Z,12Z",D1,6h,0.096,0.357,0.098,185,0.0,1.0,0.0,1,S/D,1.0,0.0,0,S/D,S/D,S/D,0,S/D,S/D,S/D,0
47E2F720,TINAJONES,LAMBAYEQUE,CHICLAYO,wrf5,pp,20260905,20261004,"00Z,12Z",D1,6h,-0.001,0.019,0.151,226,0.0,S/D,0.0,2,S/D,S/D,S/D,0,S/D,S/D,S/D,0,S/D,S/D,S/D,0
47E2F720,TINAJONES,LAMBAYEQUE,CHICLAYO,mpas15,pp,20260905,20261004,00Z,D1,6h,0.027,0.164,-0.063,115,0.0,1.0,0.0,1,S/D,1.0,0.0,0,S/D,S/D,S/D,0,S/D,S/D,S/D,0
106140,VISTA FLORIDA,LAMBAYEQUE,CHICLAYO,ecmwf,pp,20260905,20261004,"00Z,12Z",D1,6h,0.031,0.127,0.015,234,0.0,1.0,0.0,2,S/D,1.0,0.0,0,S/D,S/D,S/D,0,S/D,S/D,S/D,0
106140,VISTA FLORIDA,LAMBAYEQUE,CHICLAYO,gfs,pp,20260905,20261004,"00Z,12Z",D1,6h,0.004,0.063,-0.014,234,0.0,1.0,0.0,2,S/D,S/D,S/D,0,S/D,S/D,S/D,0,S/D,S/D,S/D,0
106140,VISTA FLORIDA,LAMBAYEQUE,CHICLAYO,eta5,pp,20260905,20261004,"00Z,12Z",D1,6h,0.011,0.04,0.049,190,0.0,1.0,0.0,2,S/D,S/D,S/D,0,S/D,S/D,S/D,0,S/D,S/D,S/D,0
106140,VISTA FLORIDA,LAMBAYEQUE,CHICLAYO,wrf5,pp,20260905,20261004,"00Z,12Z",D1,6h,0.003,0.017,0.155,230,0.0,1.0,0.0,1,S/D,S/D,S/D,0,S/D,S/D,S/D,0,S/D,S/D,S/D,0
106140,VISTA FLORIDA,LAMBAYEQUE,CHICLAYO,mpas15,pp,20260905,20261004,00Z,D1,6h,0.016,0.131,0.101,117,0.0,1.0,0.0,1,S/D,S/D,S/D,0,S/D,S/D,S/D,0,S/D,S/D,S/D,0
106138,PUCHACA,LAMBAYEQUE,FERREÑAFE,ecmwf,pp,20260905,20261004,"00Z,12Z",D1,6h,1.39,2.511,0.094,216,0.9,0.943,0.057,10,S/D,1.0,0.0,0,S/D,1.0,0.0,0,S/D,S/D,S/D,0
106138,PUCHACA,LAMBAYEQUE,FERREÑAFE,gfs,pp,20260905,20261004,"00Z,12Z",D1,6h,0.507,1.593,0.211,216,0.7,0.91,0.086,10,S/D,1.0,0.0,0,S/D,1.0,0.0,0,S/D,S/D,S/D,0
106138,PUCHACA,LAMBAYEQUE,FERREÑAFE,eta5,pp,20260905,20261004,"00Z,12Z",D1,6h,0.547,1.566,0.271,176,0.778,0.86,0.135,9,S/D,1.0,0.0,0,S/D,1.0,0.0,0,S/D,S/D,S/D,0
106138,PUCHACA,LAMBAYEQUE,FERREÑAFE,wrf5,pp,20260905,20261004,"00Z,12Z",D1,6h,0.005,0.104,0.329,212,0.4,0.667,0.222,10,S/D,1.0,0.0,0,S/D,S/D,S/D,0,S/D,S/D,S/D,0
106138,PUCHACA,LAMBAYEQUE,FERREÑAFE,mpas15,pp,20260905,20261004,00Z,D1,6h,0.242,0.655,0.13,108,0.6,0.857,0.13,5,S/D,1.0,0.0,0,S/D,S/D,S/D,0,S/D,S/D,S/D,0
4726F67E,PASABAR,LAMBAYEQUE,LAMBAYEQUE,ecmwf,pp,20260905,20261004,"00Z,12Z",D1,6h,0.175,0.565,0.165,212,1.0,0.939,0.061,4,S/D,1.0,0.0,0,S/D,1.0,0.0,0,S/D,S/D,S/D,0
4726F67E,PASABAR,LAMBAYEQUE,LAMBAYEQUE,gfs,pp,20260905,20261004,"00Z,12Z",D1,6h,0.149,0.531,0.148,212,0.75,0.936,0.062,4,S/D,1.0,0.0,0,S/D,S/D,S/D,0,S/D,S/D,S/D,0
4726F67E,PASABAR,LAMBAYEQUE,LAMBAYEQUE,eta5,pp,20260905,20261004,"00Z,12Z",D1,6h,0.304,0.923,0.064,175,0.5,0.974,0.026,2,S/D,1.0,0.0,0,S/D,1.0,0.0,0,S/D,S/D,S/D,0
4726F67E,PASABAR,LAMBAYEQUE,LAMBAYEQUE,wrf5,pp,20260905,20261004,"00Z,12Z",D1,6h,0.006,0.063,0.046,209,0.0,1.0,0.0,4,S/D,S/D,S/D,0,S/D,S/D,S/D,0,S/D,S/D,S/D,0
4726F67E,PASABAR,LAMBAYEQUE,LAMBAYEQUE,mpas15,pp,20260905,20261004,00Z,D1,6h,0.022,0.146,0.081,106,0.0,1.0,0.0,2,S/D,1.0,0.0,0,S/D,S/D,S/D,0,S/D,S/D,S/D,0
47201542,TONGORRAPE,LAMBAYEQUE,LAMBAYEQUE,ecmwf,pp,20260905,20261004,"00Z,12Z",D1,6h,0.12,0.538,0.095,234,0.55,0.847,0.136,20,0.0,1.0,0.0,4,S/D,1.0,0.0,0,S/D,S/D,S/D,0
47201542,TONGORRAPE,LAMBAYEQUE,LAMBAYEQUE,gfs,pp,20260905,20261004,"00Z,12Z",D1,6h,0.055,0.428,0.238,234,0.45,0.743,0.196,20,0.0,1.0,0.0,4,S/D,S/D,S/D,0,S/D,S/D,S/D,0
47201542,TONGORRAPE,LAMBAYEQUE,LAMBAYEQUE,eta5,pp,20260905,20261004,"00Z,12Z",D1,6h,0.169,0.608,0.325,189,0.588,0.744,0.217,17,0.333,0.929,0.062,3,S/D,S/D,S/D,0,S/D,S/D,S/D,0
47201542,TONGORRAPE,LAMBAYEQUE,LAMBAYEQUE,wrf5,pp,20260905,20261004,"00Z,12Z",D1,6h,-0.036,0.202,0.213,231,0.105,0.6,0.091,19,0.0,S/D,0.0,4,S/D,S/D,S/D,0,S/D,S/D,S/D,0
47201542,TONGORRAPE,LAMBAYEQUE,LAMBAYEQUE,mpas15,pp,20260905,20261004,00Z,D1,6h,-0.032,0.21,0.046,117,0.1,0.5,0.091,10,0.0,S/D,0.0,2,S/D,S/D,S/D,0,S/D,S/D,S/D,0
4725F170,HUAROS,LIMA,CANTA,ecmwf,pp,20260905,20261004,"00Z,12Z",D1,6h,0.32,0.806,0.251,228,0.875,0.927,0.072,8,1.0,0.929,0.071,2,0.0,S/D,0.0,2,S/D,S/D,S/D,0
4725F170,HUAROS,LIMA,CANTA,gfs,pp,20260905,20261004,"00Z,12Z",D1,6h,0.603,1.489,0.268,228,1.0,0.92,0.08,8,1.0,0.943,0.057,2,0.5,0.875,0.111,2,S/D,S/D,S/D,0
4725F170,HUAROS,LIMA,CANTA,eta5,pp,20260905,20261004,"00Z,12Z",D1,6h,-0.011,0.566,-0.028,185,0.143,0.938,0.045,7,0.0,1.0,0.0,2,0.0,S/D,0.0,2,S/D,S/D,S/D,0
4725F170,HUAROS,LIMA,CANTA,wrf5,pp,20260905,20261004,"00Z,12Z",D1,6h,0.118,0.761,0.215,224,0.714,0.839,0.152,7,0.0,1.0,0.0,2,0.0,S/D,0.0,2,S/D,S/D,S/D,0
4725F170,HUAROS,LIMA,CANTA,mpas15,pp,20260905,20261004,00Z,D1,6h,0.628,1.808,0.042,114,0.5,0.938,0.059,4,0.0,1.0,0.0,1,0.0,1.0,0.0,1,S/D,S/D,S/D,0
113249,CAÑETE,LIMA,CAÑETE,ecmwf,pp,20260905,20261004,"00Z,12Z",D1,6h,-0.502,5.742,0.109,234,0.5,0.885,0.103,6,0.0,S/D,0.0,2,0.0,S/D,0.0,2,0.0,S/D,0.0,2
113249,CAÑETE,LIMA,CAÑETE,gfs,pp,20260905,20261004,"00Z,12Z",D1,6h,-0.536,5.741,-0.011,234,0.0,S/D,0.0,6,0.0,S/D,0.0,2,0.0,S/D,0.0,2,0.0,S/D,0.0,2
113249,CAÑETE,LIMA,CAÑETE,eta5,pp,20260905,20261004,"00Z,12Z",D1,6h,-0.321,4.494,0.092,191,0.25,0.667,0.167,4,0.0,S/D,0.0,1,0.0,S/D,0.0,1,0.0,S/D,0.0,1
113249,CAÑETE,LIMA,CAÑETE,wrf5,pp,20260905,20261004,"00Z,12Z",D1,6h,-0.54,5.791,0.081,230,0.167,0.75,0.111,6,0.0,S/D,0.0,2,0.0,S/D,0.0,2,0.0,S/D,0.0,2
113249,CAÑETE,LIMA,CAÑETE,mpas15,pp,20260905,20261004,00Z,D1,6h,-0.532,5.742,0.125,117,0.0,1.0,0.0,3,0.0,S/D,0.0,1,0.0,S/D,0.0,1,0.0,S/D,0.0,1
212900,LA CAPILLA SENAMHI,LIMA,CAÑETE,ecmwf,pp,20260905,20261004,"00Z,12Z",D1,6h,S/D,S/D,S/D,0,S/D,S/D,S/D,0,S/D,S/D,S/D,0,S/D,S/D,S/D,0,S/D,S/D,S/D,0
212900,LA CAPILLA SENAMHI,LIMA,CAÑETE,gfs,pp,20260905,20261004,"00Z,12Z",D1,6h,S/D,S/D,S/D,0,S/D,S/D,S/D,0,S/D,S/D,S/D,0,S/D,S/D,S/D,0,S/D,S/D,S/D,0
212900,LA CAPILLA SENAMHI,LIMA,CAÑETE,eta5,pp,20260905,20261004,"00Z,12Z",D1,6h,S/D,S/D,S/D,0,S/D,S/D,S/D,0,S/D,S/D,S/D,0,S/D,S/D,S/D,0,S/D,S/D,S/D,0
212900,LA CAPILLA SENAMHI,LIMA,CAÑETE,wrf5,pp,20260905,20261004,"00Z,12Z",D1,6h,S/D,S/D,S/D,0,S/D,S/D,S/D,0,S/D,S/D,S/D,0,S/D,S/D,S/D,0,S/D,S/D,S/D,0
212900,LA CAPILLA SENAMHI,LIMA,CAÑETE,mpas15,pp,20260905,20261004,00Z,D1,6h,S/D,S/D,S/D,0,S/D,S/D,S/D,0,S/D,S/D,S/D,0,S/D,S/D,S/D,0,S/D,S/D,S/D,0
472191AC,SOCSI,LIMA,CAÑETE,ecmwf,pp,20260905,20261004,"00Z,12Z",D1,6h,S/D,S/D,S/D,0,S/D,S/D,S/D,0,S/D,S/D,S/D,0,S/D,S/D,S/D,0,S/D,S/D,S/D,0
472191AC,SOCSI,LIMA,CAÑETE,gfs,pp,20260905,20261004,"00Z,12Z",D1,6h,S/D,S/D,S/D,0,S/D,S/D,S/D,0,S/D,S/D,S/D,0,S/D,S/D,S/D,0,S/D,S/D,S/D,0
472191AC,SOCSI,LIMA,CAÑETE,eta5,pp,20260905,20261004,"00Z,12Z",D1,6h,S/D,S/D,S/D,0,S/D,S/D,S/D,0,S/D,S/D,S/D,0,S/D,S/D,S/D,0,S/D,S/D,S/D,0
472191AC,SOCSI,LIMA,CAÑETE,wrf5,pp,20260905,20261004,"00Z,12Z",D1,6h,S/D,S/D,S/D,0,S/D,S/D,S/D,0,S/D,S/D,S/D,0,S/D,S/D,S/D,0,S/D,S/D,S/D,0
472191AC,SOCSI,LIMA,CAÑETE,mpas15,pp,20260905,20261004,00Z,D1,6h,S/D,S/D,S/D,0,S/D,S/D,S/D,0,S/D,S/D,S/D,0,S/D,S/D,S/D,0,S/D,S/D,S/D,0
47E323B2,CARAC,LIMA,HUARAL,ecmwf,pp,20260905,20261004,"00Z,12Z",D1,6h,0.145,0.34,0.353,110,1.0,0.812,0.188,6,S/D,1.0,0.0,0,S/D,S/D,S/D,0,S/D,S/D,S/D,0
47E323B2,CARAC,LIMA,HUARAL,gfs,pp,20260905,20261004,"00Z,12Z",D1,6h,0.34,1.176,0.324,110,0.833,0.853,0.143,6,S/D,1.0,0.0,0,S/D,1.0,0.0,0,S/D,S/D,S/D,0
47E323B2,CARAC,LIMA,HUARAL,eta5,pp,20260905,20261004,"00Z,12Z",D1,6h,0.002,0.035,0.822,79,0.667,0.0,0.667,3,S/D,S/D,S/D,0,S/D,S/D,S/D,0,S/D,S/D,S/D,0
47E323B2,CARAC,LIMA,HUARAL,wrf5,pp,20260905,20261004,"00Z,12Z",D1,6h,0.08,0.676,0.306,110,0.5,0.25,0.429,6,S/D,1.0,0.0,0,S/D,1.0,0.0,0,S/D,S/D,S/D,0
47E323B2,CARAC,LIMA,HUARAL,mpas15,pp,20260905,20261004,00Z,D1,6h,0.427,1.342,0.165,55,0.667,0.818,0.167,3,S/D,1.0,0.0,0,S/D,1.0,0.0,0,S/D,S/D,S/D,0
47E2323E,CUCHUANCA,LIMA,HUARAL,ecmwf,pp,20260905,20261004,"00Z,12Z",D1,6h,0.191,0.463,0.215,236,1.0,0.918,0.082,6,S/D,1.0,0.0,0,S/D,S/D,S/D,0,S/D,S/D,S/D,0
47E2323E,CUCHUANCA,LIMA,HUARAL,gfs,pp,20260905,20261004,"00Z,12Z",D1,6h,0.284,0.875,0.201,236,0.833,0.941,0.058,6,S/D,1.0,0.0,0,S/D,1.0,0.0,0,S/D,S/D,S/D,0
47E2323E,CUCHUANCA,LIMA,HUARAL,eta5,pp,20260905,20261004,"00Z,12Z",D1,6h,0.004,0.044,0.32,191,0.5,0.75,0.2,4,S/D,S/D,S/D,0,S/D,S/D,S/D,0,S/D,S/D,S/D,0
47E2323E,CUCHUANCA,LIMA,HUARAL,wrf5,pp,20260905,20261004,"00Z,12Z",D1,6h,0.055,0.481,0.239,232,0.6,0.625,0.3,5,S/D,1.0,0.0,0,S/D,1.0,0.0,0,S/D,S/D,S/D,0
47E2323E,CUCHUANCA,LIMA,HUARAL,mpas15,pp,20260905,20261004,00Z,D1,6h,0.371,1.115,0.122,118,0.667,0.917,0.08,3,S/D,1.0,0.0,0,S/D,1.0,0.0,0,S/D,S/D,S/D,0
47E330C4,SANTA CRUZ,LIMA,HUARAL,ecmwf,pp,20260905,20261004,"00Z,12Z",D1,6h,0.108,0.577,0.082,236,0.5,0.945,0.052,8,0.125,0.923,0.05,8,S/D,S/D,S/D,0,S/D,S/D,S/D,0
47E330C4,SANTA CRUZ,LIMA,HUARAL,gfs,pp,20260905,20261004,"00Z,12Z",D1,6h,0.197,0.901,0.086,236,0.5,0.952,0.045,8,0.5,0.789,0.174,8,S/D,1.0,0.0,0,S/D,S/D,S/D,0
47E330C4,SANTA CRUZ,LIMA,HUARAL,eta5,pp,20260905,20261004,"00Z,12Z",D1,6h,0.071,0.604,0.013,191,0.2,0.962,0.033,5,0.2,0.923,0.059,5,S/D,S/D,S/D,0,S/D,S/D,S/D,0
47E330C4,SANTA CRUZ,LIMA,HUARAL,wrf5,pp,20260905,20261004,"00Z,12Z",D1,6h,0.115,1.055,0.113,232,0.5,0.879,0.108,8,0.125,0.889,0.062,8,S/D,1.0,0.0,0,S/D,S/D,S/D,0
47E330C4,SANTA CRUZ,LIMA,HUARAL,mpas15,pp,20260905,20261004,00Z,D1,6h,0.573,1.501,0.059,118,0.5,0.947,0.05,4,0.5,0.926,0.069,4,S/D,1.0,0.0,0,S/D,S/D,S/D,0
47E214D2,SANTO DOMINGO,LIMA,HUARAL,ecmwf,pp,20260905,20261004,"00Z,12Z",D1,6h,0.047,0.227,-0.101,234,0.0,1.0,0.0,16,S/D,1.0,0.0,0,S/D,S/D,S/D,0,S/D,S/D,S/D,0
47E214D2,SANTO DOMINGO,LIMA,HUARAL,gfs,pp,20260905,20261004,"00Z,12Z",D1,6h,0.005,0.094,-0.121,234,0.0,1.0,0.0,16,S/D,S/D,S/D,0,S/D,S/D,S/D,0,S/D,S/D,S/D,0
47E214D2,SANTO DOMINGO,LIMA,HUARAL,eta5,pp,20260905,20261004,"00Z,12Z",D1,6h,-0.013,0.058,-0.02,190,0.0,S/D,0.0,13,S/D,S/D,S/D,0,S/D,S/D,S/D,0,S/D,S/D,S/D,0
47E214D2,SANTO DOMINGO,LIMA,HUARAL,wrf5,pp,20260905,20261004,"00Z,12Z",D1,6h,-0.014,0.065,0.055,230,0.0,S/D,0.0,16,S/D,S/D,S/D,0,S/D,S/D,S/D,0,S/D,S/D,S/D,0
47E214D2,SANTO DOMINGO,LIMA,HUARAL,mpas15,pp,20260905,20261004,00Z,D1,6h,-0.015,0.065,-0.025,117,0.0,S/D,0.0,8,S/D,S/D,S/D,0,S/D,S/D,S/D,0,S/D,S/D,S/D,0
47E257D8,VICHAYCOCHA,LIMA,HUARAL,ecmwf,pp,20260905,20261004,"00Z,12Z",D1,6h,0.512,1.131,0.268,226,0.769,0.815,0.175,26,1.0,0.892,0.108,4,S/D,1.0,0.0,0,S/D,S/D,S/D,0
47E257D8,VICHAYCOCHA,LIMA,HUARAL,gfs,pp,20260905,20261004,"00Z,12Z",D1,6h,0.77,2.175,0.258,226,0.769,0.813,0.177,26,1.0,0.909,0.091,4,S/D,1.0,0.0,0,S/D,S/D,S/D,0
47E257D8,VICHAYCOCHA,LIMA,HUARAL,eta5,pp,20260905,20261004,"00Z,12Z",D1,6h,0.053,0.362,0.312,182,0.526,0.655,0.263,19,0.333,0.857,0.111,3,S/D,S/D,S/D,0,S/D,S/D,S/D,0
47E257D8,VICHAYCOCHA,LIMA,HUARAL,wrf5,pp,20260905,20261004,"00Z,12Z",D1,6h,0.238,1.172,0.227,222,0.423,0.761,0.18,26,0.5,0.846,0.133,4,S/D,1.0,0.0,0,S/D,S/D,S/D,0
47E257D8,VICHAYCOCHA,LIMA,HUARAL,mpas15,pp,20260905,20261004,00Z,D1,6h,0.622,1.482,0.218,113,0.615,0.784,0.19,13,1.0,0.929,0.071,2,S/D,1.0,0.0,0,S/D,S/D,S/D,0
472D73C2,CASAPALCA,LIMA,HUAROCHIRI,ecmwf,pp,20260905,20261004,"00Z,12Z",D1,6h,0.256,0.911,0.52,234,0.9,0.563,0.417,50,0.75,0.605,0.349,20,0.0,1.0,0.0,2,S/D,S/D,S/D,0
472D73C2,CASAPALCA,LIMA,HUAROCHIRI,gfs,pp,20260905,20261004,"00Z,12Z",D1,6h,0.413,1.285,0.526,234,0.92,0.603,0.383,50,0.7,0.72,0.25,20,0.0,1.0,0.0,2,S/D,S/D,S/D,0
472D73C2,CASAPALCA,LIMA,HUAROCHIRI,eta5,pp,20260905,20261004,"00Z,12Z",D1,6h,-0.131,0.751,0.583,189,0.732,0.412,0.484,41,0.444,0.273,0.381,18,0.0,S/D,0.0,2,S/D,S/D,S/D,0
472D73C2,CASAPALCA,LIMA,HUAROCHIRI,wrf5,pp,20260905,20261004,"00Z,12Z",D1,6h,0.539,2.762,0.56,231,0.792,0.449,0.481,48,0.737,0.533,0.4,19,0.0,1.0,0.0,2,S/D,1.0,0.0,0
472D73C2,CASAPALCA,LIMA,HUAROCHIRI,mpas15,pp,20260905,20261004,00Z,D1,6h,0.703,2.345,0.441,117,0.76,0.537,0.404,25,0.8,0.733,0.25,10,0.0,1.0,0.0,1,S/D,S/D,S/D,0
472CE45A,MATUCANA,LIMA,HUAROCHIRI,ecmwf,pp,20260905,20261004,"00Z,12Z",D1,6h,0.715,1.486,0.251,234,1.0,0.927,0.073,8,S/D,1.0,0.0,0,S/D,1.0,0.0,0,S/D,S/D,S/D,0
472CE45A,MATUCANA,LIMA,HUAROCHIRI,gfs,pp,20260905,20261004,"00Z,12Z",D1,6h,0.285,0.764,0.281,234,1.0,0.907,0.093,8,S/D,1.0,0.0,0,S/D,1.0,0.0,0,S/D,S/D,S/D,0
472CE45A,MATUCANA,LIMA,HUAROCHIRI,eta5,pp,20260905,20261004,"00Z,12Z",D1,6h,0.087,0.53,0.07,189,0.143,0.95,0.038,7,S/D,1.0,0.0,0,S/D,1.0,0.0,0,S/D,S/D,S/D,0
472CE45A,MATUCANA,LIMA,HUAROCHIRI,wrf5,pp,20260905,20261004,"00Z,12Z",D1,6h,0.127,0.737,0.358,231,0.625,0.783,0.192,8,S/D,1.0,0.0,0,S/D,1.0,0.0,0,S/D,S/D,S/D,0
472CE45A,MATUCANA,LIMA,HUAROCHIRI,mpas15,pp,20260905,20261004,00Z,D1,6h,0.752,1.737,0.261,117,1.0,0.895,0.105,4,S/D,1.0,0.0,0,S/D,1.0,0.0,0,S/D,S/D,S/D,0
212700,PUENTE ANTAPUCRO,LIMA,HUAROCHIRI,ecmwf,pp,20260905,20261004,"00Z,12Z",D1,6h,S/D,S/D,S/D,0,S/D,S/D,S/D,0,S/D,S/D,S/D,0,S/D,S/D,S/D,0,S/D,S/D,S/D,0
212700,PUENTE ANTAPUCRO,LIMA,HUAROCHIRI,gfs,pp,20260905,20261004,"00Z,12Z",D1,6h,S/D,S/D,S/D,0,S/D,S/D,S/D,0,S/D,S/D,S/D,0,S/D,S/D,S/D,0,S/D,S/D,S/D,0
212700,PUENTE ANTAPUCRO,LIMA,HUAROCHIRI,eta5,pp,20260905,20261004,"00Z,12Z",D1,6h,S/D,S/D,S/D,0,S/D,S/D,S/D,0,S/D,S/D,S/D,0,S/D,S/D,S/D,0,S/D,S/D,S/D,0
212700,PUENTE ANTAPUCRO,LIMA,HUAROCHIRI,wrf5,pp,20260905,20261004,"00Z,12Z",D1,6h,S/D,S/D,S/D,0,S/D,S/D,S/D,0,S/D,S/D,S/D,0,S/D,S/D,S/D,0,S/D,S/D,S/D,0
212700,PUENTE ANTAPUCRO,LIMA,HUAROCHIRI,mpas15,pp,20260905,20261004,00Z,D1,6h,S/D,S/D,S/D,0,S/D,S/D,S/D,0,S/D,S/D,S/D,0,S/D,S/D,S/D,0,S/D,S/D,S/D,0
212605,SAN MATEO ,LIMA,HUAROCHIRI,ecmwf,pp,20260905,20261004,"00Z,12Z",D1,6h,S/D,S/D,S/D,0,S/D,S/D,S/D,0,S/D,S/D,S/D,0,S/D,S/D,S/D,0,S/D,S/D,S/D,0
212605,SAN MATEO ,LIMA,HUAROCHIRI,gfs,pp,20260905,20261004,"00Z,12Z",D1,6h,S/D,S/D,S/D,0,S/D,S/D,S/D,0,S/D,S/D,S/D,0,S/D,S/D,S/D,0,S/D,S/D,S/D,0
212605,SAN MATEO ,LIMA,HUAROCHIRI,eta5,pp,20260905,20261004,"00Z,12Z",D1,6h,S/D,S/D,S/D,0,S/D,S/D,S/D,0,S/D,S/D,S/D,0,S/D,S/D,S/D,0,S/D,S/D,S/D,0
212605,SAN MATEO ,LIMA,HUAROCHIRI,wrf5,pp,20260905,20261004,"00Z,12Z",D1,6h,S/D,S/D,S/D,0,S/D,S/D,S/D,0,S/D,S/D,S/D,0,S/D,S/D,S/D,0,S/D,S/D,S/D,0
212605,SAN MATEO ,LIMA,HUAROCHIRI,mpas15,pp,20260905,20261004,00Z,D1,6h,S/D,S/D,S/D,0,S/D,S/D,S/D,0,S/D,S/D,S/D,0,S/D,S/D,S/D,0,S/D,S/D,S/D,0
472EC742,SAN MATEO DE OTAO,LIMA,HUAROCHIRI,ecmwf,pp,20260905,20261004,"00Z,12Z",D1,6h,0.746,1.523,S/D,236,S/D,1.0,0.0,0,S/D,1.0,0.0,0,S/D,1.0,0.0,0,S/D,S/D,S/D,0
472EC742,SAN MATEO DE OTAO,LIMA,HUAROCHIRI,gfs,pp,20260905,20261004,"00Z,12Z",D1,6h,0.309,0.799,S/D,236,S/D,1.0,0.0,0,S/D,1.0,0.0,0,S/D,1.0,0.0,0,S/D,S/D,S/D,0
472EC742,SAN MATEO DE OTAO,LIMA,HUAROCHIRI,eta5,pp,20260905,20261004,"00Z,12Z",D1,6h,0.004,0.019,S/D,191,S/D,1.0,0.0,0,S/D,S/D,S/D,0,S/D,S/D,S/D,0,S/D,S/D,S/D,0
472EC742,SAN MATEO DE OTAO,LIMA,HUAROCHIRI,wrf5,pp,20260905,20261004,"00Z,12Z",D1,6h,0.005,0.05,S/D,233,S/D,1.0,0.0,0,S/D,S/D,S/D,0,S/D,S/D,S/D,0,S/D,S/D,S/D,0
472EC742,SAN MATEO DE OTAO,LIMA,HUAROCHIRI,mpas15,pp,20260905,20261004,00Z,D1,6h,0.004,0.046,S/D,118,S/D,1.0,0.0,0,S/D,S/D,S/D,0,S/D,S/D,S/D,0,S/D,S/D,S/D,0
472E24B0,SANTA EULALIA,LIMA,HUAROCHIRI,ecmwf,pp,20260905,20261004,"00Z,12Z",D1,6h,0.004,0.013,S/D,162,S/D,S/D,S/D,0,S/D,S/D,S/D,0,S/D,S/D,S/D,0,S/D,S/D,S/D,0
472E24B0,SANTA EULALIA,LIMA,HUAROCHIRI,gfs,pp,20260905,20261004,"00Z,12Z",D1,6h,0.0,0.005,S/D,162,S/D,S/D,S/D,0,S/D,S/D,S/D,0,S/D,S/D,S/D,0,S/D,S/D,S/D,0
472E24B0,SANTA EULALIA,LIMA,HUAROCHIRI,eta5,pp,20260905,20261004,"00Z,12Z",D1,6h,0.0,0.002,S/D,130,S/D,S/D,S/D,0,S/D,S/D,S/D,0,S/D,S/D,S/D,0,S/D,S/D,S/D,0
472E24B0,SANTA EULALIA,LIMA,HUAROCHIRI,wrf5,pp,20260905,20261004,"00Z,12Z",D1,6h,0.0,0.001,S/D,159,S/D,S/D,S/D,0,S/D,S/D,S/D,0,S/D,S/D,S/D,0,S/D,S/D,S/D,0
472E24B0,SANTA EULALIA,LIMA,HUAROCHIRI,mpas15,pp,20260905,20261004,00Z,D1,6h,0.006,0.056,S/D,81,S/D,1.0,0.0,0,S/D,S/D,S/D,0,S/D,S/D,S/D,0,S/D,S/D,S/D,0
472CA750,SANTIAGO DE TUNA,LIMA,HUAROCHIRI,ecmwf,pp,20260905,20261004,"00Z,12Z",D1,6h,0.168,0.503,S/D,234,S/D,1.0,0.0,0,S/D,1.0,0.0,0,S/D,S/D,S/D,0,S/D,S/D,S/D,0
472CA750,SANTIAGO DE TUNA,LIMA,HUAROCHIRI,gfs,pp,20260905,20261004,"00Z,12Z",D1,6h,0.087,0.221,S/D,234,S/D,1.0,0.0,0,S/D,1.0,0.0,0,S/D,S/D,S/D,0,S/D,S/D,S/D,0
472CA750,SANTIAGO DE TUNA,LIMA,HUAROCHIRI,eta5,pp,20260905,20261004,"00Z,12Z",D1,6h,0.003,0.033,S/D,189,S/D,1.0,0.0,0,S/D,S/D,S/D,0,S/D,S/D,S/D,0,S/D,S/D,S/D,0
472CA750,SANTIAGO DE TUNA,LIMA,HUAROCHIRI,wrf5,pp,20260905,20261004,"00Z,12Z",D1,6h,0.006,0.059,S/D,231,S/D,1.0,0.0,0,S/D,S/D,S/D,0,S/D,S/D,S/D,0,S/D,S/D,S/D,0
472CA750,SANTIAGO DE TUNA,LIMA,HUAROCHIRI,mpas15,pp,20260905,20261004,00Z,D1,6h,0.06,0.236,S/D,117,S/D,1.0,0.0,0,S/D,1.0,0.0,0,S/D,S/D,S/D,0,S/D,S/D,S/D,0
4724966C,SAYAN,LIMA,HUAURA,ecmwf,pp,20260905,20261004,"00Z,12Z",D1,6h,0.013,0.041,S/D,232,S/D,1.0,0.0,0,S/D,S/D,S/D,0,S/D,S/D,S/D,0,S/D,S/D,S/D,0
4724966C,SAYAN,LIMA,HUAURA,gfs,pp,20260905,20261004,"00Z,12Z",D1,6h,0.003,0.014,S/D,232,S/D,S/D,S/D,0,S/D,S/D,S/D,0,S/D,S/D,S/D,0,S/D,S/D,S/D,0
4724966C,SAYAN,LIMA,HUAURA,eta5,pp,20260905,20261004,"00Z,12Z",D1,6h,0.0,0.0,S/D,189,S/D,S/D,S/D,0,S/D,S/D,S/D,0,S/D,S/D,S/D,0,S/D,S/D,S/D,0
4724966C,SAYAN,LIMA,HUAURA,wrf5,pp,20260905,20261004,"00Z,12Z",D1,6h,0.0,0.001,S/D,228,S/D,S/D,S/D,0,S/D,S/D,S/D,0,S/D,S/D,S/D,0,S/D,S/D,S/D,0
4724966C,SAYAN,LIMA,HUAURA,mpas15,pp,20260905,20261004,00Z,D1,6h,0.0,0.0,S/D,116,S/D,S/D,S/D,0,S/D,S/D,S/D,0,S/D,S/D,S/D,0,S/D,S/D,S/D,0
212500,AGUA AZUL BOCATOMA,LIMA,LIMA,ecmwf,pp,20260905,20261004,"00Z,12Z",D1,6h,S/D,S/D,S/D,0,S/D,S/D,S/D,0,S/D,S/D,S/D,0,S/D,S/D,S/D,0,S/D,S/D,S/D,0
212500,AGUA AZUL BOCATOMA,LIMA,LIMA,gfs,pp,20260905,20261004,"00Z,12Z",D1,6h,S/D,S/D,S/D,0,S/D,S/D,S/D,0,S/D,S/D,S/D,0,S/D,S/D,S/D,0,S/D,S/D,S/D,0
212500,AGUA AZUL BOCATOMA,LIMA,LIMA,eta5,pp,20260905,20261004,"00Z,12Z",D1,6h,S/D,S/D,S/D,0,S/D,S/D,S/D,0,S/D,S/D,S/D,0,S/D,S/D,S/D,0,S/D,S/D,S/D,0
212500,AGUA AZUL BOCATOMA,LIMA,LIMA,wrf5,pp,20260905,20261004,"00Z,12Z",D1,6h,S/D,S/D,S/D,0,S/D,S/D,S/D,0,S/D,S/D,S/D,0,S/D,S/D,S/D,0,S/D,S/D,S/D,0
212500,AGUA AZUL BOCATOMA,LIMA,LIMA,mpas15,pp,20260905,20261004,00Z,D1,6h,S/D,S/D,S/D,0,S/D,S/D,S/D,0,S/D,S/D,S/D,0,S/D,S/D,S/D,0,S/D,S/D,S/D,0
472A218A,ANTONIO RAYMONDI,LIMA,LIMA,ecmwf,pp,20260905,20261004,"00Z,12Z",D1,6h,0.009,0.025,S/D,232,S/D,1.0,0.0,0,S/D,S/D,S/D,0,S/D,S/D,S/D,0,S/D,S/D,S/D,0
472A218A,ANTONIO RAYMONDI,LIMA,LIMA,gfs,pp,20260905,20261004,"00Z,12Z",D1,6h,0.033,0.062,S/D,232,S/D,1.0,0.0,0,S/D,S/D,S/D,0,S/D,S/D,S/D,0,S/D,S/D,S/D,0
472A218A,ANTONIO RAYMONDI,LIMA,LIMA,eta5,pp,20260905,20261004,"00Z,12Z",D1,6h,0.04,0.087,S/D,189,S/D,1.0,0.0,0,S/D,S/D,S/D,0,S/D,S/D,S/D,0,S/D,S/D,S/D,0
472A218A,ANTONIO RAYMONDI,LIMA,LIMA,wrf5,pp,20260905,20261004,"00Z,12Z",D1,6h,0.006,0.024,S/D,228,S/D,1.0,0.0,0,S/D,S/D,S/D,0,S/D,S/D,S/D,0,S/D,S/D,S/D,0
472A218A,ANTONIO RAYMONDI,LIMA,LIMA,mpas15,pp,20260905,20261004,00Z,D1,6h,0.009,0.066,S/D,116,S/D,1.0,0.0,0,S/D,S/D,S/D,0,S/D,S/D,S/D,0,S/D,S/D,S/D,0
112181,CAMPO DE MARTE,LIMA,LIMA,ecmwf,pp,20260905,20261004,"00Z,12Z",D1,6h,0.037,0.129,0.26,200,0.625,0.792,0.185,8,S/D,1.0,0.0,0,S/D,S/D,S/D,0,S/D,S/D,S/D,0
112181,CAMPO DE MARTE,LIMA,LIMA,gfs,pp,20260905,20261004,"00Z,12Z",D1,6h,0.001,0.055,0.128,200,0.125,0.667,0.1,8,S/D,S/D,S/D,0,S/D,S/D,S/D,0,S/D,S/D,S/D,0
112181,CAMPO DE MARTE,LIMA,LIMA,eta5,pp,20260905,20261004,"00Z,12Z",D1,6h,0.02,0.084,0.101,164,0.25,0.905,0.074,8,S/D,S/D,S/D,0,S/D,S/D,S/D,0,S/D,S/D,S/D,0
112181,CAMPO DE MARTE,LIMA,LIMA,wrf5,pp,20260905,20261004,"00Z,12Z",D1,6h,-0.0,0.054,0.046,196,0.143,0.5,0.125,7,S/D,S/D,S/D,0,S/D,S/D,S/D,0,S/D,S/D,S/D,0
112181,CAMPO DE MARTE,LIMA,LIMA,mpas15,pp,20260905,20261004,00Z,D1,6h,0.015,0.138,-0.137,100,0.0,1.0,0.0,4,S/D,S/D,S/D,0,S/D,S/D,S/D,0,S/D,S/D,S/D,0
111286,CARABAYLLO,LIMA,LIMA,ecmwf,pp,20260905,20261004,"00Z,12Z",D1,6h,S/D,S/D,S/D,0,S/D,S/D,S/D,0,S/D,S/D,S/D,0,S/D,S/D,S/D,0,S/D,S/D,S/D,0
111286,CARABAYLLO,LIMA,LIMA,gfs,pp,20260905,20261004,"00Z,12Z",D1,6h,S/D,S/D,S/D,0,S/D,S/D,S/D,0,S/D,S/D,S/D,0,S/D,S/D,S/D,0,S/D,S/D,S/D,0
111286,CARABAYLLO,LIMA,LIMA,eta5,pp,20260905,20261004,"00Z,12Z",D1,6h,S/D,S/D,S/D,0,S/D,S/D,S/D,0,S/D,S/D,S/D,0,S/D,S/D,S/D,0,S/D,S/D,S/D,0
111286,CARABAYLLO,LIMA,LIMA,wrf5,pp,20260905,20261004,"00Z,12Z",D1,6h,S/D,S/D,S/D,0,S/D,S/D,S/D,0,S/D,S/D,S/D,0,S/D,S/D,S/D,0,S/D,S/D,S/D,0
111286,CARABAYLLO,LIMA,LIMA,mpas15,pp,20260905,20261004,00Z,D1,6h,S/D,S/D,S/D,0,S/D,S/D,S/D,0,S/D,S/D,S/D,0,S/D,S/D,S/D,0,S/D,S/D,S/D,0
112278,CERES,LIMA,LIMA,ecmwf,pp,20260905,20261004,"00Z,12Z",D1,6h,S/D,S/D,S/D,0,S/D,S/D,S/D,0,S/D,S/D,S/D,0,S/D,S/D,S/D,0,S/D,S/D,S/D,0
112278,CERES,LIMA,LIMA,gfs,pp,20260905,20261004,"00Z,12Z",D1,6h,S/D,S/D,S/D,0,S/D,S/D,S/D,0,S/D,S/D,S/D,0,S/D,S/D,S/D,0,S/D,S/D,S/D,0
112278,CERES,LIMA,LIMA,eta5,pp,20260905,20261004,"00Z,12Z",D1,6h,S/D,S/D,S/D,0,S/D,S/D,S/D,0,S/D,S/D,S/D,0,S/D,S/D,S/D,0,S/D,S/D,S/D,0
112278,CERES,LIMA,LIMA,wrf5,pp,20260905,20261004,"00Z,12Z",D1,6h,S/D,S/D,S/D,0,S/D,S/D,S/D,0,S/D,S/D,S/D,0,S/D,S/D,S/D,0,S/D,S/D,S/D,0
112278,CERES,LIMA,LIMA,mpas15,pp,20260905,20261004,00Z,D1,6h,S/D,S/D,S/D,0,S/D,S/D,S/D,0,S/D,S/D,S/D,0,S/D,S/D,S/D,0,S/D,S/D,S/D,0
47278214,CHOSICA,LIMA,LIMA,ecmwf,pp,20260905,20261004,"00Z,12Z",D1,6h,S/D,S/D,S/D,0,S/D,S/D,S/D,0,S/D,S/D,S/D,0,S/D,S/D,S/D,0,S/D,S/D,S/D,0
47278214,CHOSICA,LIMA,LIMA,gfs,pp,20260905,20261004,"00Z,12Z",D1,6h,S/D,S/D,S/D,0,S/D,S/D,S/D,0,S/D,S/D,S/D,0,S/D,S/D,S/D,0,S/D,S/D,S/D,0
47278214,CHOSICA,LIMA,LIMA,eta5,pp,20260905,20261004,"00Z,12Z",D1,6h,S/D,S/D,S/D,0,S/D,S/D,S/D,0,S/D,S/D,S/D,0,S/D,S/D,S/D,0,S/D,S/D,S/D,0
47278214,CHOSICA,LIMA,LIMA,wrf5,pp,20260905,20261004,"00Z,12Z",D1,6h,S/D,S/D,S/D,0,S/D,S/D,S/D,0,S/D,S/D,S/D,0,S/D,S/D,S/D,0,S/D,S/D,S/D,0
47278214,CHOSICA,LIMA,LIMA,mpas15,pp,20260905,20261004,00Z,D1,6h,S/D,S/D,S/D,0,S/D,S/D,S/D,0,S/D,S/D,S/D,0,S/D,S/D,S/D,0,S/D,S/D,S/D,0
112281,LAS PALMAS,LIMA,LIMA,ecmwf,pp,20260905,20261004,"00Z,12Z",D1,6h,0.109,0.203,0.219,240,0.577,0.831,0.15,26,S/D,S/D,S/D,0,S/D,S/D,S/D,0,S/D,S/D,S/D,0
112281,LAS PALMAS,LIMA,LIMA,gfs,pp,20260905,20261004,"00Z,12Z",D1,6h,0.037,0.106,0.142,240,0.346,0.839,0.123,26,S/D,S/D,S/D,0,S/D,S/D,S/D,0,S/D,S/D,S/D,0
112281,LAS PALMAS,LIMA,LIMA,eta5,pp,20260905,20261004,"00Z,12Z",D1,6h,0.051,0.178,0.059,194,0.208,0.886,0.079,24,S/D,S/D,S/D,0,S/D,S/D,S/D,0,S/D,S/D,S/D,0
112281,LAS PALMAS,LIMA,LIMA,wrf5,pp,20260905,20261004,"00Z,12Z",D1,6h,-0.009,0.084,-0.037,236,0.042,0.875,0.032,24,S/D,S/D,S/D,0,S/D,S/D,S/D,0,S/D,S/D,S/D,0
112281,LAS PALMAS,LIMA,LIMA,mpas15,pp,20260905,20261004,00Z,D1,6h,-0.012,0.112,-0.099,120,0.0,1.0,0.0,13,S/D,S/D,S/D,0,S/D,S/D,S/D,0,S/D,S/D,S/D,0
112193,SAN BORJA,LIMA,LIMA,ecmwf,pp,20260905,20261004,"00Z,12Z",D1,6h,0.037,0.11,S/D,188,S/D,1.0,0.0,0,S/D,1.0,0.0,0,S/D,S/D,S/D,0,S/D,S/D,S/D,0
112193,SAN BORJA,LIMA,LIMA,gfs,pp,20260905,20261004,"00Z,12Z",D1,6h,0.011,0.027,S/D,188,S/D,1.0,0.0,0,S/D,S/D,S/D,0,S/D,S/D,S/D,0,S/D,S/D,S/D,0
112193,SAN BORJA,LIMA,LIMA,eta5,pp,20260905,20261004,"00Z,12Z",D1,6h,0.025,0.048,S/D,153,S/D,1.0,0.0,0,S/D,S/D,S/D,0,S/D,S/D,S/D,0,S/D,S/D,S/D,0
112193,SAN BORJA,LIMA,LIMA,wrf5,pp,20260905,20261004,"00Z,12Z",D1,6h,0.012,0.033,S/D,187,S/D,1.0,0.0,0,S/D,S/D,S/D,0,S/D,S/D,S/D,0,S/D,S/D,S/D,0
112193,SAN BORJA,LIMA,LIMA,mpas15,pp,20260905,20261004,00Z,D1,6h,0.027,0.131,S/D,94,S/D,1.0,0.0,0,S/D,S/D,S/D,0,S/D,S/D,S/D,0,S/D,S/D,S/D,0
112267,SAN JUAN DE LURIGANCHO,LIMA,LIMA,ecmwf,pp,20260905,20261004,"00Z,12Z",D1,6h,0.048,0.147,0.081,214,0.0,1.0,0.0,2,S/D,1.0,0.0,0,S/D,S/D,S/D,0,S/D,S/D,S/D,0
112267,SAN JUAN DE LURIGANCHO,LIMA,LIMA,gfs,pp,20260905,20261004,"00Z,12Z",D1,6h,0.007,0.037,0.262,214,1.0,0.333,0.667,2,S/D,S/D,S/D,0,S/D,S/D,S/D,0,S/D,S/D,S/D,0
112267,SAN JUAN DE LURIGANCHO,LIMA,LIMA,eta5,pp,20260905,20261004,"00Z,12Z",D1,6h,0.002,0.035,0.141,173,0.0,1.0,0.0,1,S/D,S/D,S/D,0,S/D,S/D,S/D,0,S/D,S/D,S/D,0
112267,SAN JUAN DE LURIGANCHO,LIMA,LIMA,wrf5,pp,20260905,20261004,"00Z,12Z",D1,6h,0.001,0.031,0.261,210,0.5,0.5,0.333,2,S/D,S/D,S/D,0,S/D,S/D,S/D,0,S/D,S/D,S/D,0
112267,SAN JUAN DE LURIGANCHO,LIMA,LIMA,mpas15,pp,20260905,20261004,00Z,D1,6h,0.01,0.06,0.196,107,1.0,0.75,0.25,1,S/D,S/D,S/D,0,S/D,S/D,S/D,0,S/D,S/D,S/D,0
112265,SAN MARTIN DE PORRES,LIMA,LIMA,ecmwf,pp,20260905,20261004,"00Z,12Z",D1,6h,0.042,0.18,0.109,200,0.0,1.0,0.0,2,0.0,1.0,0.0,2,S/D,S/D,S/D,0,S/D,S/D,S/D,0
112265,SAN MARTIN DE PORRES,LIMA,LIMA,gfs,pp,20260905,20261004,"00Z,12Z",D1,6h,-0.0,0.113,-0.043,200,0.0,1.0,0.0,2,0.0,S/D,0.0,2,S/D,S/D,S/D,0,S/D,S/D,S/D,0
112265,SAN MARTIN DE PORRES,LIMA,LIMA,eta5,pp,20260905,20261004,"00Z,12Z",D1,6h,0.08,0.216,-0.023,160,0.0,1.0,0.0,2,0.0,S/D,0.0,2,S/D,S/D,S/D,0,S/D,S/D,S/D,0
112265,SAN MARTIN DE PORRES,LIMA,LIMA,wrf5,pp,20260905,20261004,"00Z,12Z",D1,6h,-0.007,0.112,-0.046,197,0.0,S/D,0.0,2,0.0,S/D,0.0,2,S/D,S/D,S/D,0,S/D,S/D,S/D,0
112265,SAN MARTIN DE PORRES,LIMA,LIMA,mpas15,pp,20260905,20261004,00Z,D1,6h,0.014,0.168,-0.073,100,0.0,1.0,0.0,1,0.0,S/D,0.0,1,S/D,S/D,S/D,0,S/D,S/D,S/D,0
112208,SANTA ANITA,LIMA,LIMA,ecmwf,pp,20260905,20261004,"00Z,12Z",D1,6h,S/D,S/D,S/D,0,S/D,S/D,S/D,0,S/D,S/D,S/D,0,S/D,S/D,S/D,0,S/D,S/D,S/D,0
112208,SANTA ANITA,LIMA,LIMA,gfs,pp,20260905,20261004,"00Z,12Z",D1,6h,S/D,S/D,S/D,0,S/D,S/D,S/D,0,S/D,S/D,S/D,0,S/D,S/D,S/D,0,S/D,S/D,S/D,0
112208,SANTA ANITA,LIMA,LIMA,eta5,pp,20260905,20261004,"00Z,12Z",D1,6h,S/D,S/D,S/D,0,S/D,S/D,S/D,0,S/D,S/D,S/D,0,S/D,S/D,S/D,0,S/D,S/D,S/D,0
112208,SANTA ANITA,LIMA,LIMA,wrf5,pp,20260905,20261004,"00Z,12Z",D1,6h,S/D,S/D,S/D,0,S/D,S/D,S/D,0,S/D,S/D,S/D,0,S/D,S/D,S/D,0,S/D,S/D,S/D,0
112208,SANTA ANITA,LIMA,LIMA,mpas15,pp,20260905,20261004,00Z,D1,6h,S/D,S/D,S/D,0,S/D,S/D,S/D,0,S/D,S/D,S/D,0,S/D,S/D,S/D,0,S/D,S/D,S/D,0
472AC278,VON HUMBOLDT,LIMA,LIMA,ecmwf,pp,20260905,20261004,"00Z,12Z",D1,6h,0.048,0.142,0.071,220,0.0,1.0,0.0,4,S/D,1.0,0.0,0,S/D,S/D,S/D,0,S/D,S/D,S/D,0
472AC278,VON HUMBOLDT,LIMA,LIMA,gfs,pp,20260905,20261004,"00Z,12Z",D1,6h,0.008,0.028,0.153,220,0.5,0.333,0.4,4,S/D,S/D,S/D,0,S/D,S/D,S/D,0,S/D,S/D,S/D,0
472AC278,VON HUMBOLDT,LIMA,LIMA,eta5,pp,20260905,20261004,"00Z,12Z",D1,6h,0.003,0.028,0.06,178,0.0,1.0,0.0,3,S/D,S/D,S/D,0,S/D,S/D,S/D,0,S/D,S/D,S/D,0
472AC278,VON HUMBOLDT,LIMA,LIMA,wrf5,pp,20260905,20261004,"00Z,12Z",D1,6h,-0.002,0.02,0.087,216,0.0,S/D,0.0,4,S/D,S/D,S/D,0,S/D,S/D,S/D,0,S/D,S/D,S/D,0
472AC278,VON HUMBOLDT,LIMA,LIMA,mpas15,pp,20260905,20261004,00Z,D1,6h,0.04,0.195,0.081,110,0.5,0.833,0.143,2,S/D,1.0,0.0,0,S/D,S/D,S/D,0,S/D,S/D,S/D,0
111290,ÑAÑA,LIMA,LIMA,ecmwf,pp,20260905,20261004,"00Z,12Z",D1,6h,0.006,0.037,0.347,236,0.417,0.5,0.294,12,S/D,S/D,S/D,0,S/D,S/D,S/D,0,S/D,S/D,S/D,0
111290,ÑAÑA,LIMA,LIMA,gfs,pp,20260905,20261004,"00Z,12Z",D1,6h,-0.006,0.035,-0.021,236,0.0,S/D,0.0,12,S/D,S/D,S/D,0,S/D,S/D,S/D,0,S/D,S/D,S/D,0
111290,ÑAÑA,LIMA,LIMA,eta5,pp,20260905,20261004,"00Z,12Z",D1,6h,-0.008,0.038,S/D,191,0.0,S/D,0.0,11,S/D,S/D,S/D,0,S/D,S/D,S/D,0,S/D,S/D,S/D,0
111290,ÑAÑA,LIMA,LIMA,wrf5,pp,20260905,20261004,"00Z,12Z",D1,6h,-0.007,0.035,0.083,233,0.0,S/D,0.0,12,S/D,S/D,S/D,0,S/D,S/D,S/D,0,S/D,S/D,S/D,0
111290,ÑAÑA,LIMA,LIMA,mpas15,pp,20260905,20261004,00Z,D1,6h,0.027,0.164,0.136,118,0.5,0.5,0.333,6,S/D,1.0,0.0,0,S/D,S/D,S/D,0,S/D,S/D,S/D,0
110139,PICOY,LIMA,OYON,ecmwf,pp,20260905,20261004,"00Z,12Z",D1,6h,0.609,1.238,-0.041,236,0.5,0.992,0.008,2,S/D,1.0,0.0,0,S/D,1.0,0.0,0,S/D,S/D,S/D,0
110139,PICOY,LIMA,OYON,gfs,pp,20260905,20261004,"00Z,12Z",D1,6h,0.497,1.225,0.098,236,1.0,0.982,0.018,2,S/D,1.0,0.0,0,S/D,1.0,0.0,0,S/D,S/D,S/D,0
110139,PICOY,LIMA,OYON,eta5,pp,20260905,20261004,"00Z,12Z",D1,6h,1.317,2.715,0.099,191,1.0,0.987,0.013,1,S/D,1.0,0.0,0,S/D,1.0,0.0,0,S/D,S/D,S/D,0
110139,PICOY,LIMA,OYON,wrf5,pp,20260905,20261004,"00Z,12Z",D1,6h,0.124,0.499,0.06,233,0.5,0.97,0.029,2,S/D,1.0,0.0,0,S/D,S/D,S/D,0,S/D,S/D,S/D,0
110139,PICOY,LIMA,OYON,mpas15,pp,20260905,20261004,00Z,D1,6h,0.637,1.484,-0.09,118,0.0,1.0,0.0,1,S/D,1.0,0.0,0,S/D,1.0,0.0,0,S/D,S/D,S/D,0
472364DC,CARANIA,LIMA,YAUYOS,ecmwf,pp,20260905,20261004,"00Z,12Z",D1,6h,0.374,1.052,0.291,222,0.917,0.874,0.125,12,0.625,0.833,0.152,8,S/D,1.0,0.0,0,S/D,S/D,S/D,0
472364DC,CARANIA,LIMA,YAUYOS,gfs,pp,20260905,20261004,"00Z,12Z",D1,6h,0.602,1.45,0.305,222,1.0,0.896,0.104,12,0.625,0.891,0.102,8,S/D,1.0,0.0,0,S/D,S/D,S/D,0
472364DC,CARANIA,LIMA,YAUYOS,eta5,pp,20260905,20261004,"00Z,12Z",D1,6h,0.409,1.56,0.283,181,0.833,0.787,0.204,12,0.375,0.893,0.091,8,S/D,1.0,0.0,0,S/D,S/D,S/D,0
472364DC,CARANIA,LIMA,YAUYOS,wrf5,pp,20260905,20261004,"00Z,12Z",D1,6h,0.186,1.194,0.211,218,0.636,0.844,0.143,11,0.286,0.857,0.105,7,S/D,1.0,0.0,0,S/D,S/D,S/D,0
472364DC,CARANIA,LIMA,YAUYOS,mpas15,pp,20260905,20261004,00Z,D1,6h,0.577,1.579,0.309,111,0.833,0.844,0.152,6,0.75,0.864,0.13,4,S/D,1.0,0.0,0,S/D,S/D,S/D,0
104112,SAN REGIS,LORETO,LORETO,ecmwf,pp,20260905,20261004,"00Z,12Z",D1,6h,0.543,2.87,0.307,74,0.833,0.839,0.156,6,0.5,0.769,0.188,6,0.5,0.714,0.222,4,S/D,S/D,S/D,0
104112,SAN REGIS,LORETO,LORETO,gfs,pp,20260905,20261004,"00Z,12Z",D1,6h,0.164,2.229,0.035,74,0.333,0.923,0.067,6,0.333,0.846,0.118,6,0.0,1.0,0.0,4,S/D,S/D,S/D,0
104112,SAN REGIS,LORETO,LORETO,eta5,pp,20260905,20261004,"00Z,12Z",D1,6h,1.953,4.548,0.207,64,1.0,0.848,0.152,5,0.8,0.852,0.143,5,0.0,1.0,0.0,3,S/D,S/D,S/D,0
104112,SAN REGIS,LORETO,LORETO,wrf5,pp,20260905,20261004,"00Z,12Z",D1,6h,0.217,2.825,0.053,73,0.4,0.889,0.095,5,0.2,0.875,0.083,5,0.0,1.0,0.0,4,S/D,S/D,S/D,0
104112,SAN REGIS,LORETO,LORETO,mpas15,pp,20260905,20261004,00Z,D1,6h,0.414,2.109,0.376,37,1.0,0.75,0.25,3,0.667,0.714,0.25,3,0.5,0.5,0.333,2,S/D,S/D,S/D,0
4727547C,CABALLOCOCHA,LORETO,MARISCAL RAMON CASTILLA,ecmwf,pp,20260905,20261004,"00Z,12Z",D1,6h,S/D,S/D,S/D,0,S/D,S/D,S/D,0,S/D,S/D,S/D,0,S/D,S/D,S/D,0,S/D,S/D,S/D,0
4727547C,CABALLOCOCHA,LORETO,MARISCAL RAMON CASTILLA,gfs,pp,20260905,20261004,"00Z,12Z",D1,6h,S/D,S/D,S/D,0,S/D,S/D,S/D,0,S/D,S/D,S/D,0,S/D,S/D,S/D,0,S/D,S/D,S/D,0
4727547C,CABALLOCOCHA,LORETO,MARISCAL RAMON CASTILLA,eta5,pp,20260905,20261004,"00Z,12Z",D1,6h,S/D,S/D,S/D,0,S/D,S/D,S/D,0,S/D,S/D,S/D,0,S/D,S/D,S/D,0,S/D,S/D,S/D,0
4727547C,CABALLOCOCHA,LORETO,MARISCAL RAMON CASTILLA,wrf5,pp,20260905,20261004,"00Z,12Z",D1,6h,S/D,S/D,S/D,0,S/D,S/D,S/D,0,S/D,S/D,S/D,0,S/D,S/D,S/D,0,S/D,S/D,S/D,0
4727547C,CABALLOCOCHA,LORETO,MARISCAL RAMON CASTILLA,mpas15,pp,20260905,20261004,00Z,D1,6h,S/D,S/D,S/D,0,S/D,S/D,S/D,0,S/D,S/D,S/D,0,S/D,S/D,S/D,0,S/D,S/D,S/D,0
47288486,PEBAS,LORETO,MARISCAL RAMON CASTILLA,ecmwf,pp,20260905,20261004,"00Z,12Z",D1,6h,S/D,S/D,S/D,0,S/D,S/D,S/D,0,S/D,S/D,S/D,0,S/D,S/D,S/D,0,S/D,S/D,S/D,0
47288486,PEBAS,LORETO,MARISCAL RAMON CASTILLA,gfs,pp,20260905,20261004,"00Z,12Z",D1,6h,S/D,S/D,S/D,0,S/D,S/D,S/D,0,S/D,S/D,S/D,0,S/D,S/D,S/D,0,S/D,S/D,S/D,0
47288486,PEBAS,LORETO,MARISCAL RAMON CASTILLA,eta5,pp,20260905,20261004,"00Z,12Z",D1,6h,S/D,S/D,S/D,0,S/D,S/D,S/D,0,S/D,S/D,S/D,0,S/D,S/D,S/D,0,S/D,S/D,S/D,0
47288486,PEBAS,LORETO,MARISCAL RAMON CASTILLA,wrf5,pp,20260905,20261004,"00Z,12Z",D1,6h,S/D,S/D,S/D,0,S/D,S/D,S/D,0,S/D,S/D,S/D,0,S/D,S/D,S/D,0,S/D,S/D,S/D,0
47288486,PEBAS,LORETO,MARISCAL RAMON CASTILLA,mpas15,pp,20260905,20261004,00Z,D1,6h,S/D,S/D,S/D,0,S/D,S/D,S/D,0,S/D,S/D,S/D,0,S/D,S/D,S/D,0,S/D,S/D,S/D,0
103065,AMAZONAS,LORETO,MAYNAS,ecmwf,pp,20260905,20261004,"00Z,12Z",D1,6h,S/D,S/D,S/D,0,S/D,S/D,S/D,0,S/D,S/D,S/D,0,S/D,S/D,S/D,0,S/D,S/D,S/D,0
103065,AMAZONAS,LORETO,MAYNAS,gfs,pp,20260905,20261004,"00Z,12Z",D1,6h,S/D,S/D,S/D,0,S/D,S/D,S/D,0,S/D,S/D,S/D,0,S/D,S/D,S/D,0,S/D,S/D,S/D,0
103065,AMAZONAS,LORETO,MAYNAS,eta5,pp,20260905,20261004,"00Z,12Z",D1,6h,S/D,S/D,S/D,0,S/D,S/D,S/D,0,S/D,S/D,S/D,0,S/D,S/D,S/D,0,S/D,S/D,S/D,0
103065,AMAZONAS,LORETO,MAYNAS,wrf5,pp,20260905,20261004,"00Z,12Z",D1,6h,S/D,S/D,S/D,0,S/D,S/D,S/D,0,S/D,S/D,S/D,0,S/D,S/D,S/D,0,S/D,S/D,S/D,0
103065,AMAZONAS,LORETO,MAYNAS,mpas15,pp,20260905,20261004,00Z,D1,6h,S/D,S/D,S/D,0,S/D,S/D,S/D,0,S/D,S/D,S/D,0,S/D,S/D,S/D,0,S/D,S/D,S/D,0
47252718,ENAPU PERU,LORETO,MAYNAS,ecmwf,pp,20260905,20261004,"00Z,12Z",D1,6h,0.488,3.303,0.139,228,0.618,0.84,0.146,34,0.5,0.818,0.154,24,0.167,0.818,0.095,12,S/D,S/D,S/D,0
47252718,ENAPU PERU,LORETO,MAYNAS,gfs,pp,20260905,20261004,"00Z,12Z",D1,6h,0.304,4.074,0.192,228,0.618,0.781,0.193,34,0.375,0.809,0.145,24,0.167,0.857,0.083,12,S/D,1.0,0.0,0
47252718,ENAPU PERU,LORETO,MAYNAS,eta5,pp,20260905,20261004,"00Z,12Z",D1,6h,1.543,5.297,0.137,186,0.654,0.795,0.185,26,0.444,0.879,0.105,18,0.222,0.939,0.05,9,S/D,1.0,0.0,0
47252718,ENAPU PERU,LORETO,MAYNAS,wrf5,pp,20260905,20261004,"00Z,12Z",D1,6h,0.73,7.017,0.172,224,0.471,0.733,0.205,34,0.25,0.806,0.122,24,0.083,0.917,0.043,12,S/D,1.0,0.0,0
47252718,ENAPU PERU,LORETO,MAYNAS,mpas15,pp,20260905,20261004,00Z,D1,6h,0.386,3.077,-0.046,114,0.353,0.882,0.097,17,0.333,0.886,0.093,12,0.167,0.889,0.071,6,S/D,S/D,S/D,0
47287402,CONTAMANA,LORETO,UCAYALI,ecmwf,pp,20260905,20261004,"00Z,12Z",D1,6h,S/D,S/D,S/D,0,S/D,S/D,S/D,0,S/D,S/D,S/D,0,S/D,S/D,S/D,0,S/D,S/D,S/D,0
47287402,CONTAMANA,LORETO,UCAYALI,gfs,pp,20260905,20261004,"00Z,12Z",D1,6h,S/D,S/D,S/D,0,S/D,S/D,S/D,0,S/D,S/D,S/D,0,S/D,S/D,S/D,0,S/D,S/D,S/D,0
47287402,CONTAMANA,LORETO,UCAYALI,eta5,pp,20260905,20261004,"00Z,12Z",D1,6h,S/D,S/D,S/D,0,S/D,S/D,S/D,0,S/D,S/D,S/D,0,S/D,S/D,S/D,0,S/D,S/D,S/D,0
47287402,CONTAMANA,LORETO,UCAYALI,wrf5,pp,20260905,20261004,"00Z,12Z",D1,6h,S/D,S/D,S/D,0,S/D,S/D,S/D,0,S/D,S/D,S/D,0,S/D,S/D,S/D,0,S/D,S/D,S/D,0
47287402,CONTAMANA,LORETO,UCAYALI,mpas15,pp,20260905,20261004,00Z,D1,6h,S/D,S/D,S/D,0,S/D,S/D,S/D,0,S/D,S/D,S/D,0,S/D,S/D,S/D,0,S/D,S/D,S/D,0
47E8201A,SALVACION,MADRE DE DIOS,MANU,ecmwf,pp,20260905,20261004,"00Z,12Z",D1,6h,-0.917,8.3,0.325,232,0.804,0.64,0.331,56,0.526,0.672,0.253,38,0.278,0.615,0.192,18,0.125,0.667,0.1,8
47E8201A,SALVACION,MADRE DE DIOS,MANU,gfs,pp,20260905,20261004,"00Z,12Z",D1,6h,-1.115,7.882,0.365,232,0.714,0.63,0.323,56,0.474,0.667,0.243,38,0.278,0.667,0.179,18,0.0,S/D,0.0,8
47E8201A,SALVACION,MADRE DE DIOS,MANU,eta5,pp,20260905,20261004,"00Z,12Z",D1,6h,-0.202,9.327,0.239,188,0.731,0.686,0.281,52,0.649,0.724,0.24,37,0.389,0.781,0.163,18,0.0,S/D,0.0,8
47E8201A,SALVACION,MADRE DE DIOS,MANU,wrf5,pp,20260905,20261004,"00Z,12Z",D1,6h,-1.203,9.836,0.332,229,0.481,0.5,0.325,54,0.389,0.481,0.286,36,0.222,0.556,0.174,18,0.0,1.0,0.0,8
47E8201A,SALVACION,MADRE DE DIOS,MANU,mpas15,pp,20260905,20261004,00Z,D1,6h,1.025,10.333,0.198,116,0.679,0.721,0.247,28,0.737,0.77,0.212,19,0.333,0.857,0.111,9,0.0,1.0,0.0,4
472587E0,IÑAPARI,MADRE DE DIOS,TAHUAMANU,ecmwf,pp,20260905,20261004,"00Z,12Z",D1,6h,-0.052,5.495,0.299,220,0.75,0.835,0.156,20,0.9,0.743,0.25,10,0.8,0.467,0.471,10,0.0,S/D,0.0,2
472587E0,IÑAPARI,MADRE DE DIOS,TAHUAMANU,gfs,pp,20260905,20261004,"00Z,12Z",D1,6h,-0.455,5.889,0.412,220,0.7,0.736,0.237,20,0.8,0.6,0.364,10,0.4,0.333,0.333,10,0.0,1.0,0.0,2
472587E0,IÑAPARI,MADRE DE DIOS,TAHUAMANU,eta5,pp,20260905,20261004,"00Z,12Z",D1,6h,-0.312,6.474,0.499,179,0.85,0.622,0.354,20,1.0,0.697,0.303,10,0.6,0.333,0.462,10,0.0,1.0,0.0,2
472587E0,IÑAPARI,MADRE DE DIOS,TAHUAMANU,wrf5,pp,20260905,20261004,"00Z,12Z",D1,6h,-0.845,6.429,0.384,216,0.4,0.579,0.258,20,0.2,0.714,0.133,10,0.0,1.0,0.0,10,0.0,S/D,0.0,2
472587E0,IÑAPARI,MADRE DE DIOS,TAHUAMANU,mpas15,pp,20260905,20261004,00Z,D1,6h,0.185,4.261,0.37,110,0.8,0.742,0.242,10,1.0,0.821,0.179,5,0.6,0.5,0.375,5,0.0,S/D,0.0,1
260403,CACHUELA,MADRE DE DIOS,TAMBOPATA,ecmwf,pp,20260905,20261004,"00Z,12Z",D1,6h,0.656,2.085,0.294,234,1.0,0.921,0.079,8,1.0,0.938,0.062,2,S/D,1.0,0.0,0,S/D,S/D,S/D,0
260403,CACHUELA,MADRE DE DIOS,TAMBOPATA,gfs,pp,20260905,20261004,"00Z,12Z",D1,6h,0.508,3.611,0.197,234,0.625,0.914,0.082,8,0.5,0.96,0.038,2,S/D,1.0,0.0,0,S/D,1.0,0.0,0
260403,CACHUELA,MADRE DE DIOS,TAMBOPATA,eta5,pp,20260905,20261004,"00Z,12Z",D1,6h,0.68,2.128,0.234,190,0.625,0.875,0.116,8,1.0,0.929,0.071,2,S/D,1.0,0.0,0,S/D,S/D,S/D,0
260403,CACHUELA,MADRE DE DIOS,TAMBOPATA,wrf5,pp,20260905,20261004,"00Z,12Z",D1,6h,0.15,2.295,0.076,231,0.125,0.938,0.043,8,0.0,1.0,0.0,2,S/D,1.0,0.0,0,S/D,1.0,0.0,0
260403,CACHUELA,MADRE DE DIOS,TAMBOPATA,mpas15,pp,20260905,20261004,00Z,D1,6h,1.181,2.962,0.271,117,1.0,0.897,0.103,4,1.0,0.972,0.028,1,S/D,1.0,0.0,0,S/D,S/D,S/D,0
47E8336C,MALINOWSKY,MADRE DE DIOS,TAMBOPATA,ecmwf,pp,20260905,20261004,"00Z,12Z",D1,6h,0.27,4.365,0.332,234,0.833,0.858,0.138,18,0.8,0.771,0.216,10,1.0,0.8,0.2,2,0.0,S/D,0.0,2
47E8336C,MALINOWSKY,MADRE DE DIOS,TAMBOPATA,gfs,pp,20260905,20261004,"00Z,12Z",D1,6h,-0.019,4.172,0.234,234,0.611,0.81,0.169,18,0.4,0.862,0.114,10,0.5,0.833,0.143,2,0.0,S/D,0.0,2
47E8336C,MALINOWSKY,MADRE DE DIOS,TAMBOPATA,eta5,pp,20260905,20261004,"00Z,12Z",D1,6h,0.481,5.707,0.28,190,0.611,0.766,0.204,18,0.6,0.812,0.167,10,0.5,0.929,0.067,2,0.0,1.0,0.0,2
47E8336C,MALINOWSKY,MADRE DE DIOS,TAMBOPATA,wrf5,pp,20260905,20261004,"00Z,12Z",D1,6h,-0.188,5.408,0.1,231,0.222,0.778,0.125,18,0.1,0.833,0.067,10,0.0,1.0,0.0,2,0.0,1.0,0.0,2
47E8336C,MALINOWSKY,MADRE DE DIOS,TAMBOPATA,mpas15,pp,20260905,20261004,00Z,D1,6h,1.302,4.71,0.282,117,0.778,0.854,0.14,9,1.0,0.875,0.125,5,1.0,0.944,0.056,1,0.0,S/D,0.0,1
260402,PUENTE HERRERA,MADRE DE DIOS,TAMBOPATA,ecmwf,pp,20260905,20261004,"00Z,12Z",D1,6h,0.703,2.168,S/D,232,S/D,1.0,0.0,0,S/D,1.0,0.0,0,S/D,1.0,0.0,0,S/D,S/D,S/D,0
260402,PUENTE HERRERA,MADRE DE DIOS,TAMBOPATA,gfs,pp,20260905,20261004,"00Z,12Z",D1,6h,0.543,3.622,S/D,232,S/D,1.0,0.0,0,S/D,1.0,0.0,0,S/D,1.0,0.0,0,S/D,1.0,0.0,0
260402,PUENTE HERRERA,MADRE DE DIOS,TAMBOPATA,eta5,pp,20260905,20261004,"00Z,12Z",D1,6h,0.714,2.243,S/D,188,S/D,1.0,0.0,0,S/D,1.0,0.0,0,S/D,1.0,0.0,0,S/D,S/D,S/D,0
260402,PUENTE HERRERA,MADRE DE DIOS,TAMBOPATA,wrf5,pp,20260905,20261004,"00Z,12Z",D1,6h,0.194,2.29,S/D,229,S/D,1.0,0.0,0,S/D,1.0,0.0,0,S/D,1.0,0.0,0,S/D,1.0,0.0,0
260402,PUENTE HERRERA,MADRE DE DIOS,TAMBOPATA,mpas15,pp,20260905,20261004,00Z,D1,6h,1.233,3.063,S/D,116,S/D,1.0,0.0,0,S/D,1.0,0.0,0,S/D,1.0,0.0,0,S/D,S/D,S/D,0
112279,PUERTO MALDONADO,MADRE DE DIOS,TAMBOPATA,ecmwf,pp,20260905,20261004,"00Z,12Z",D1,6h,0.653,2.093,0.224,238,0.75,0.913,0.085,12,1.0,0.938,0.062,2,S/D,1.0,0.0,0,S/D,S/D,S/D,0
112279,PUERTO MALDONADO,MADRE DE DIOS,TAMBOPATA,gfs,pp,20260905,20261004,"00Z,12Z",D1,6h,0.506,3.581,0.2,238,0.5,0.898,0.092,12,0.5,0.96,0.038,2,S/D,1.0,0.0,0,S/D,1.0,0.0,0
112279,PUERTO MALDONADO,MADRE DE DIOS,TAMBOPATA,eta5,pp,20260905,20261004,"00Z,12Z",D1,6h,0.676,2.144,0.167,193,0.5,0.85,0.13,12,1.0,0.929,0.071,2,S/D,1.0,0.0,0,S/D,S/D,S/D,0
112279,PUERTO MALDONADO,MADRE DE DIOS,TAMBOPATA,wrf5,pp,20260905,20261004,"00Z,12Z",D1,6h,0.213,3.12,0.002,234,0.083,0.923,0.042,12,0.0,1.0,0.0,2,S/D,1.0,0.0,0,S/D,1.0,0.0,0
112279,PUERTO MALDONADO,MADRE DE DIOS,TAMBOPATA,mpas15,pp,20260905,20261004,00Z,D1,6h,1.184,2.973,0.185,119,0.667,0.9,0.095,6,1.0,0.973,0.027,1,S/D,1.0,0.0,0,S/D,S/D,S/D,0
260002,TAMBOPATA,MADRE DE DIOS,TAMBOPATA,ecmwf,pp,20260905,20261004,"00Z,12Z",D1,6h,S/D,S/D,S/D,0,S/D,S/D,S/D,0,S/D,S/D,S/D,0,S/D,S/D,S/D,0,S/D,S/D,S/D,0
260002,TAMBOPATA,MADRE DE DIOS,TAMBOPATA,gfs,pp,20260905,20261004,"00Z,12Z",D1,6h,S/D,S/D,S/D,0,S/D,S/D,S/D,0,S/D,S/D,S/D,0,S/D,S/D,S/D,0,S/D,S/D,S/D,0
260002,TAMBOPATA,MADRE DE DIOS,TAMBOPATA,eta5,pp,20260905,20261004,"00Z,12Z",D1,6h,S/D,S/D,S/D,0,S/D,S/D,S/D,0,S/D,S/D,S/D,0,S/D,S/D,S/D,0,S/D,S/D,S/D,0
260002,TAMBOPATA,MADRE DE DIOS,TAMBOPATA,wrf5,pp,20260905,20261004,"00Z,12Z",D1,6h,S/D,S/D,S/D,0,S/D,S/D,S/D,0,S/D,S/D,S/D,0,S/D,S/D,S/D,0,S/D,S/D,S/D,0
260002,TAMBOPATA,MADRE DE DIOS,TAMBOPATA,mpas15,pp,20260905,20261004,00Z,D1,6h,S/D,S/D,S/D,0,S/D,S/D,S/D,0,S/D,S/D,S/D,0,S/D,S/D,S/D,0,S/D,S/D,S/D,0
4723F1BE,MOQUEGUA,MOQUEGUA,MARISCAL NIETO,ecmwf,pp,20260905,20261004,"00Z,12Z",D1,6h,0.007,0.028,S/D,236,S/D,1.0,0.0,0,S/D,S/D,S/D,0,S/D,S/D,S/D,0,S/D,S/D,S/D,0
4723F1BE,MOQUEGUA,MOQUEGUA,MARISCAL NIETO,gfs,pp,20260905,20261004,"00Z,12Z",D1,6h,0.001,0.006,S/D,236,S/D,S/D,S/D,0,S/D,S/D,S/D,0,S/D,S/D,S/D,0,S/D,S/D,S/D,0
4723F1BE,MOQUEGUA,MOQUEGUA,MARISCAL NIETO,eta5,pp,20260905,20261004,"00Z,12Z",D1,6h,0.0,0.0,S/D,191,S/D,S/D,S/D,0,S/D,S/D,S/D,0,S/D,S/D,S/D,0,S/D,S/D,S/D,0
4723F1BE,MOQUEGUA,MOQUEGUA,MARISCAL NIETO,wrf5,pp,20260905,20261004,"00Z,12Z",D1,6h,0.0,0.002,S/D,232,S/D,S/D,S/D,0,S/D,S/D,S/D,0,S/D,S/D,S/D,0,S/D,S/D,S/D,0
4723F1BE,MOQUEGUA,MOQUEGUA,MARISCAL NIETO,mpas15,pp,20260905,20261004,00Z,D1,6h,0.0,0.0,S/D,118,S/D,S/D,S/D,0,S/D,S/D,S/D,0,S/D,S/D,S/D,0,S/D,S/D,S/D,0
110137,12 DE OCTUBRE,PASCO,DANIEL ALCIDES CARRION,ecmwf,pp,20260905,20261004,"00Z,12Z",D1,6h,0.362,1.412,0.316,234,0.737,0.741,0.237,38,0.5,0.886,0.102,10,0.0,1.0,0.0,2,S/D,S/D,S/D,0
110137,12 DE OCTUBRE,PASCO,DANIEL ALCIDES CARRION,gfs,pp,20260905,20261004,"00Z,12Z",D1,6h,0.505,1.38,0.367,234,0.974,0.78,0.219,38,0.8,0.852,0.143,10,0.0,1.0,0.0,2,S/D,S/D,S/D,0
110137,12 DE OCTUBRE,PASCO,DANIEL ALCIDES CARRION,eta5,pp,20260905,20261004,"00Z,12Z",D1,6h,0.202,1.208,0.362,189,0.781,0.691,0.284,32,0.556,0.828,0.152,9,0.0,S/D,0.0,2,S/D,S/D,S/D,0
110137,12 DE OCTUBRE,PASCO,DANIEL ALCIDES CARRION,wrf5,pp,20260905,20261004,"00Z,12Z",D1,6h,0.146,1.43,0.384,231,0.579,0.569,0.328,38,0.5,0.773,0.185,10,0.0,1.0,0.0,2,S/D,S/D,S/D,0
110137,12 DE OCTUBRE,PASCO,DANIEL ALCIDES CARRION,mpas15,pp,20260905,20261004,00Z,D1,6h,0.915,2.363,0.267,117,0.737,0.725,0.25,19,0.6,0.927,0.07,5,0.0,1.0,0.0,1,S/D,S/D,S/D,0
4725D79C,OXAPAMPA,PASCO,OXAPAMPA,ecmwf,pp,20260905,20261004,"00Z,12Z",D1,6h,0.618,2.748,0.157,236,0.833,0.673,0.307,66,0.632,0.8,0.179,38,0.083,0.857,0.056,12,S/D,S/D,S/D,0
4725D79C,OXAPAMPA,PASCO,OXAPAMPA,gfs,pp,20260905,20261004,"00Z,12Z",D1,6h,1.214,2.93,0.254,236,0.955,0.674,0.321,66,0.842,0.758,0.232,38,0.333,0.833,0.125,12,S/D,S/D,S/D,0
4725D79C,OXAPAMPA,PASCO,OXAPAMPA,eta5,pp,20260905,20261004,"00Z,12Z",D1,6h,-0.672,2.644,0.036,191,0.327,0.654,0.202,55,0.031,0.909,0.024,32,0.0,S/D,0.0,12,S/D,S/D,S/D,0
4725D79C,OXAPAMPA,PASCO,OXAPAMPA,wrf5,pp,20260905,20261004,"00Z,12Z",D1,6h,-0.17,2.162,0.296,233,0.516,0.582,0.3,64,0.297,0.756,0.155,37,0.167,0.714,0.118,12,S/D,S/D,S/D,0
4725D79C,OXAPAMPA,PASCO,OXAPAMPA,mpas15,pp,20260905,20261004,00Z,D1,6h,0.621,2.891,0.135,118,0.606,0.677,0.267,33,0.474,0.83,0.143,19,0.0,1.0,0.0,6,S/D,S/D,S/D,0
109093,PUERTO BERMUDEZ,PASCO,OXAPAMPA,ecmwf,pp,20260905,20261004,"00Z,12Z",D1,6h,-0.377,9.29,0.339,236,0.891,0.667,0.32,64,0.625,0.699,0.255,40,0.292,0.767,0.149,24,0.0,S/D,0.0,4
109093,PUERTO BERMUDEZ,PASCO,OXAPAMPA,gfs,pp,20260905,20261004,"00Z,12Z",D1,6h,-0.651,9.268,0.195,236,0.719,0.714,0.257,64,0.6,0.742,0.22,40,0.333,0.692,0.19,24,0.0,S/D,0.0,4
109093,PUERTO BERMUDEZ,PASCO,OXAPAMPA,eta5,pp,20260905,20261004,"00Z,12Z",D1,6h,-0.183,9.49,0.152,191,0.618,0.679,0.268,55,0.571,0.775,0.192,35,0.35,0.8,0.146,20,0.0,S/D,0.0,3
109093,PUERTO BERMUDEZ,PASCO,OXAPAMPA,wrf5,pp,20260905,20261004,"00Z,12Z",D1,6h,-1.83,9.302,0.354,233,0.453,0.396,0.349,64,0.225,0.667,0.155,40,0.167,0.5,0.143,24,0.0,1.0,0.0,4
109093,PUERTO BERMUDEZ,PASCO,OXAPAMPA,mpas15,pp,20260905,20261004,00Z,D1,6h,-0.125,9.395,0.299,118,0.781,0.638,0.329,32,0.65,0.768,0.206,20,0.333,0.778,0.154,12,0.0,1.0,0.0,2
104114,ALTO DE POCLUS,PIURA,AYABACA,ecmwf,pp,20260905,20261004,"00Z,12Z",D1,6h,S/D,S/D,S/D,0,S/D,S/D,S/D,0,S/D,S/D,S/D,0,S/D,S/D,S/D,0,S/D,S/D,S/D,0
104114,ALTO DE POCLUS,PIURA,AYABACA,gfs,pp,20260905,20261004,"00Z,12Z",D1,6h,S/D,S/D,S/D,0,S/D,S/D,S/D,0,S/D,S/D,S/D,0,S/D,S/D,S/D,0,S/D,S/D,S/D,0
104114,ALTO DE POCLUS,PIURA,AYABACA,eta5,pp,20260905,20261004,"00Z,12Z",D1,6h,S/D,S/D,S/D,0,S/D,S/D,S/D,0,S/D,S/D,S/D,0,S/D,S/D,S/D,0,S/D,S/D,S/D,0
104114,ALTO DE POCLUS,PIURA,AYABACA,wrf5,pp,20260905,20261004,"00Z,12Z",D1,6h,S/D,S/D,S/D,0,S/D,S/D,S/D,0,S/D,S/D,S/D,0,S/D,S/D,S/D,0,S/D,S/D,S/D,0
104114,ALTO DE POCLUS,PIURA,AYABACA,mpas15,pp,20260905,20261004,00Z,D1,6h,S/D,S/D,S/D,0,S/D,S/D,S/D,0,S/D,S/D,S/D,0,S/D,S/D,S/D,0,S/D,S/D,S/D,0
47E9177A,EL CIRUELO,PIURA,AYABACA,ecmwf,pp,20260905,20261004,"00Z,12Z",D1,6h,1.03,2.631,0.431,228,0.929,0.69,0.302,42,1.0,0.889,0.111,6,0.0,1.0,0.0,2,S/D,S/D,S/D,0
47E9177A,EL CIRUELO,PIURA,AYABACA,gfs,pp,20260905,20261004,"00Z,12Z",D1,6h,0.695,2.213,0.334,228,0.667,0.708,0.255,42,1.0,0.846,0.154,6,0.5,0.9,0.091,2,S/D,S/D,S/D,0
47E9177A,EL CIRUELO,PIURA,AYABACA,eta5,pp,20260905,20261004,"00Z,12Z",D1,6h,2.669,5.486,0.254,186,0.828,0.758,0.231,29,1.0,0.945,0.055,4,0.0,1.0,0.0,2,S/D,S/D,S/D,0
47E9177A,EL CIRUELO,PIURA,AYABACA,wrf5,pp,20260905,20261004,"00Z,12Z",D1,6h,0.739,4.05,0.281,225,0.429,0.654,0.237,42,0.667,0.84,0.148,6,1.0,0.778,0.222,2,S/D,1.0,0.0,0
47E9177A,EL CIRUELO,PIURA,AYABACA,mpas15,pp,20260905,20261004,00Z,D1,6h,0.714,2.415,0.202,114,0.524,0.694,0.239,21,0.333,0.962,0.036,3,0.0,1.0,0.0,1,S/D,S/D,S/D,0
47E281B0,HUALCUY,PIURA,AYABACA,ecmwf,pp,20260905,20261004,"00Z,12Z",D1,6h,0.481,2.492,0.137,232,0.605,0.819,0.162,38,0.625,0.804,0.175,16,0.5,0.538,0.316,12,S/D,S/D,S/D,0
47E281B0,HUALCUY,PIURA,AYABACA,gfs,pp,20260905,20261004,"00Z,12Z",D1,6h,0.166,2.093,0.141,232,0.605,0.793,0.183,38,0.625,0.75,0.217,16,0.417,0.5,0.294,12,S/D,S/D,S/D,0
47E281B0,HUALCUY,PIURA,AYABACA,eta5,pp,20260905,20261004,"00Z,12Z",D1,6h,0.063,2.72,0.136,189,0.355,0.756,0.169,31,0.385,0.792,0.156,13,0.1,0.833,0.067,10,S/D,S/D,S/D,0
47E281B0,HUALCUY,PIURA,AYABACA,wrf5,pp,20260905,20261004,"00Z,12Z",D1,6h,-0.099,2.047,0.218,228,0.316,0.667,0.194,38,0.562,0.55,0.333,16,0.333,0.429,0.267,12,S/D,S/D,S/D,0
47E281B0,HUALCUY,PIURA,AYABACA,mpas15,pp,20260905,20261004,00Z,D1,6h,0.772,3.608,0.12,116,0.368,0.788,0.156,19,0.625,0.821,0.161,8,0.667,0.556,0.364,6,S/D,1.0,0.0,0
472FC5B8,PAIMAS,PIURA,AYABACA,ecmwf,pp,20260905,20261004,"00Z,12Z",D1,6h,1.144,3.377,0.239,238,0.893,0.847,0.151,28,0.8,0.899,0.099,10,0.333,0.882,0.095,6,S/D,1.0,0.0,0
472FC5B8,PAIMAS,PIURA,AYABACA,gfs,pp,20260905,20261004,"00Z,12Z",D1,6h,0.715,3.892,0.214,238,0.714,0.831,0.159,28,0.7,0.854,0.137,10,0.0,1.0,0.0,6,S/D,1.0,0.0,0
472FC5B8,PAIMAS,PIURA,AYABACA,eta5,pp,20260905,20261004,"00Z,12Z",D1,6h,1.022,3.02,0.085,193,0.5,0.881,0.106,20,0.429,0.938,0.058,7,0.4,0.882,0.1,5,S/D,S/D,S/D,0
472FC5B8,PAIMAS,PIURA,AYABACA,wrf5,pp,20260905,20261004,"00Z,12Z",D1,6h,-0.218,1.589,0.136,234,0.143,0.81,0.089,28,0.3,0.571,0.214,10,0.0,1.0,0.0,6,S/D,S/D,S/D,0
472FC5B8,PAIMAS,PIURA,AYABACA,mpas15,pp,20260905,20261004,00Z,D1,6h,0.292,1.633,0.296,119,0.643,0.769,0.205,14,1.0,0.815,0.185,5,0.0,1.0,0.0,3,S/D,S/D,S/D,0
47E0C74E,PUENTE MACARA,PIURA,AYABACA,ecmwf,pp,20260905,20261004,"00Z,12Z",D1,6h,0.784,2.087,0.195,234,1.0,0.97,0.03,4,S/D,1.0,0.0,0,S/D,1.0,0.0,0,S/D,S/D,S/D,0
47E0C74E,PUENTE MACARA,PIURA,AYABACA,gfs,pp,20260905,20261004,"00Z,12Z",D1,6h,0.592,2.464,0.223,234,1.0,0.944,0.056,4,S/D,1.0,0.0,0,S/D,1.0,0.0,0,S/D,S/D,S/D,0
47E0C74E,PUENTE MACARA,PIURA,AYABACA,eta5,pp,20260905,20261004,"00Z,12Z",D1,6h,3.622,6.81,0.19,190,1.0,0.972,0.028,3,S/D,1.0,0.0,0,S/D,1.0,0.0,0,S/D,1.0,0.0,0
47E0C74E,PUENTE MACARA,PIURA,AYABACA,wrf5,pp,20260905,20261004,"00Z,12Z",D1,6h,0.412,2.769,0.143,230,0.5,0.931,0.065,4,S/D,1.0,0.0,0,S/D,1.0,0.0,0,S/D,1.0,0.0,0
47E0C74E,PUENTE MACARA,PIURA,AYABACA,mpas15,pp,20260905,20261004,00Z,D1,6h,1.161,2.771,0.145,117,1.0,0.961,0.039,2,S/D,1.0,0.0,0,S/D,1.0,0.0,0,S/D,S/D,S/D,0
472FF022,SAPILLICA,PIURA,AYABACA,ecmwf,pp,20260905,20261004,"00Z,12Z",D1,6h,0.951,4.114,0.425,236,0.819,0.525,0.43,94,1.0,0.873,0.127,10,1.0,0.765,0.235,4,0.0,1.0,0.0,2
472FF022,SAPILLICA,PIURA,AYABACA,gfs,pp,20260905,20261004,"00Z,12Z",D1,6h,0.519,4.858,0.418,236,0.713,0.432,0.462,94,0.6,0.875,0.115,10,0.0,1.0,0.0,4,0.0,1.0,0.0,2
472FF022,SAPILLICA,PIURA,AYABACA,eta5,pp,20260905,20261004,"00Z,12Z",D1,6h,0.217,2.943,0.292,191,0.486,0.426,0.357,72,0.429,0.903,0.086,7,0.5,0.833,0.143,2,0.0,S/D,0.0,1
472FF022,SAPILLICA,PIURA,AYABACA,wrf5,pp,20260905,20261004,"00Z,12Z",D1,6h,-0.312,3.545,0.446,232,0.33,0.162,0.31,94,0.0,1.0,0.0,10,0.0,1.0,0.0,4,0.0,S/D,0.0,2
472FF022,SAPILLICA,PIURA,AYABACA,mpas15,pp,20260905,20261004,00Z,D1,6h,0.136,3.354,0.282,118,0.511,0.442,0.364,47,0.8,0.852,0.143,5,0.0,1.0,0.0,2,0.0,S/D,0.0,1
472F86B2,CANCHAQUE,PIURA,HUANCABAMBA,ecmwf,pp,20260905,20261004,"00Z,12Z",D1,6h,0.58,2.915,0.222,236,0.547,0.577,0.313,86,0.65,0.683,0.271,20,1.0,0.5,0.5,4,S/D,1.0,0.0,0
472F86B2,CANCHAQUE,PIURA,HUANCABAMBA,gfs,pp,20260905,20261004,"00Z,12Z",D1,6h,0.42,1.635,0.43,236,0.686,0.459,0.434,86,0.7,0.667,0.292,20,0.5,0.778,0.182,4,S/D,S/D,S/D,0
472F86B2,CANCHAQUE,PIURA,HUANCABAMBA,eta5,pp,20260905,20261004,"00Z,12Z",D1,6h,0.256,1.391,0.4,192,0.515,0.426,0.372,68,0.556,0.688,0.25,18,0.667,0.6,0.333,3,S/D,S/D,S/D,0
472F86B2,CANCHAQUE,PIURA,HUANCABAMBA,wrf5,pp,20260905,20261004,"00Z,12Z",D1,6h,-0.262,1.166,0.452,232,0.247,0.192,0.233,85,0.3,0.333,0.261,20,0.0,S/D,0.0,4,S/D,S/D,S/D,0
472F86B2,CANCHAQUE,PIURA,HUANCABAMBA,mpas15,pp,20260905,20261004,00Z,D1,6h,0.36,1.463,0.191,118,0.349,0.516,0.254,43,0.7,0.72,0.25,10,0.5,0.8,0.167,2,S/D,S/D,S/D,0
472FE354,HUANCABAMBA,PIURA,HUANCABAMBA,ecmwf,pp,20260905,20261004,"00Z,12Z",D1,6h,0.908,2.366,0.038,238,0.667,0.934,0.063,12,S/D,1.0,0.0,0,S/D,1.0,0.0,0,S/D,S/D,S/D,0
472FE354,HUANCABAMBA,PIURA,HUANCABAMBA,gfs,pp,20260905,20261004,"00Z,12Z",D1,6h,0.766,1.693,-0.02,238,0.5,0.95,0.047,12,S/D,1.0,0.0,0,S/D,1.0,0.0,0,S/D,S/D,S/D,0
472FE354,HUANCABAMBA,PIURA,HUANCABAMBA,eta5,pp,20260905,20261004,"00Z,12Z",D1,6h,0.361,1.408,-0.058,193,0.0,1.0,0.0,4,S/D,1.0,0.0,0,S/D,1.0,0.0,0,S/D,S/D,S/D,0
472FE354,HUANCABAMBA,PIURA,HUANCABAMBA,wrf5,pp,20260905,20261004,"00Z,12Z",D1,6h,0.369,2.377,0.028,234,0.25,0.88,0.088,12,S/D,1.0,0.0,0,S/D,1.0,0.0,0,S/D,S/D,S/D,0
472FE354,HUANCABAMBA,PIURA,HUANCABAMBA,mpas15,pp,20260905,20261004,00Z,D1,6h,1.274,3.545,-0.014,119,0.333,0.947,0.048,6,S/D,1.0,0.0,0,S/D,1.0,0.0,0,S/D,S/D,S/D,0
472761E6,HUARMACA,PIURA,HUANCABAMBA,ecmwf,pp,20260905,20261004,"00Z,12Z",D1,6h,0.821,3.149,0.367,238,0.611,0.708,0.246,54,1.0,0.81,0.19,8,S/D,1.0,0.0,0,S/D,1.0,0.0,0
472761E6,HUARMACA,PIURA,HUANCABAMBA,gfs,pp,20260905,20261004,"00Z,12Z",D1,6h,0.673,1.687,0.488,238,0.815,0.604,0.364,54,0.75,0.864,0.13,8,S/D,1.0,0.0,0,S/D,S/D,S/D,0
472761E6,HUARMACA,PIURA,HUANCABAMBA,eta5,pp,20260905,20261004,"00Z,12Z",D1,6h,0.367,0.992,0.447,193,0.762,0.549,0.395,42,0.6,0.897,0.097,5,S/D,1.0,0.0,0,S/D,S/D,S/D,0
472761E6,HUARMACA,PIURA,HUANCABAMBA,wrf5,pp,20260905,20261004,"00Z,12Z",D1,6h,-0.015,0.466,0.564,234,0.389,0.192,0.356,54,0.25,0.75,0.143,8,S/D,S/D,S/D,0,S/D,S/D,S/D,0
472761E6,HUARMACA,PIURA,HUANCABAMBA,mpas15,pp,20260905,20261004,00Z,D1,6h,0.671,1.827,0.362,119,0.556,0.516,0.349,27,1.0,0.846,0.154,4,S/D,1.0,0.0,0,S/D,S/D,S/D,0
472FB328,CHALACO,PIURA,MORROPON,ecmwf,pp,20260905,20261004,"00Z,12Z",D1,6h,0.473,1.446,0.361,234,0.533,0.489,0.353,90,0.875,0.829,0.167,8,0.25,0.889,0.083,4,S/D,S/D,S/D,0
472FB328,CHALACO,PIURA,MORROPON,gfs,pp,20260905,20261004,"00Z,12Z",D1,6h,1.007,2.895,0.395,234,0.667,0.496,0.403,90,1.0,0.867,0.133,8,1.0,0.667,0.333,4,S/D,1.0,0.0,0
472FB328,CHALACO,PIURA,MORROPON,eta5,pp,20260905,20261004,"00Z,12Z",D1,6h,0.332,1.012,0.418,190,0.471,0.467,0.333,68,1.0,0.848,0.152,5,0.333,0.5,0.25,3,S/D,S/D,S/D,0
472FB328,CHALACO,PIURA,MORROPON,wrf5,pp,20260905,20261004,"00Z,12Z",D1,6h,0.378,2.552,0.373,230,0.378,0.358,0.312,90,0.625,0.783,0.192,8,0.75,0.25,0.6,4,S/D,1.0,0.0,0
472FB328,CHALACO,PIURA,MORROPON,mpas15,pp,20260905,20261004,00Z,D1,6h,0.625,1.675,0.253,117,0.489,0.476,0.338,45,0.75,0.912,0.086,4,0.5,0.667,0.25,2,S/D,S/D,S/D,0
472F6540,CHULUCANAS,PIURA,MORROPON,ecmwf,pp,20260905,20261004,"00Z,12Z",D1,6h,0.2,0.633,0.161,236,1.0,0.963,0.037,2,1.0,0.875,0.125,2,S/D,1.0,0.0,0,S/D,S/D,S/D,0
472F6540,CHULUCANAS,PIURA,MORROPON,gfs,pp,20260905,20261004,"00Z,12Z",D1,6h,0.114,0.552,0.2,236,1.0,0.949,0.051,2,0.5,0.889,0.1,2,S/D,1.0,0.0,0,S/D,S/D,S/D,0
472F6540,CHULUCANAS,PIURA,MORROPON,eta5,pp,20260905,20261004,"00Z,12Z",D1,6h,0.535,1.894,0.14,191,1.0,0.978,0.022,1,1.0,0.952,0.048,1,S/D,1.0,0.0,0,S/D,S/D,S/D,0
472F6540,CHULUCANAS,PIURA,MORROPON,wrf5,pp,20260905,20261004,"00Z,12Z",D1,6h,0.023,0.355,0.204,232,0.5,0.933,0.062,2,0.0,1.0,0.0,2,S/D,S/D,S/D,0,S/D,S/D,S/D,0
472F6540,CHULUCANAS,PIURA,MORROPON,mpas15,pp,20260905,20261004,00Z,D1,6h,0.089,0.365,0.182,118,1.0,0.917,0.083,1,1.0,0.857,0.143,1,S/D,S/D,S/D,0,S/D,S/D,S/D,0
47E037CA,CORRAL DEL MEDIO,PIURA,MORROPON,ecmwf,pp,20260905,20261004,"00Z,12Z",D1,6h,S/D,S/D,S/D,0,S/D,S/D,S/D,0,S/D,S/D,S/D,0,S/D,S/D,S/D,0,S/D,S/D,S/D,0
47E037CA,CORRAL DEL MEDIO,PIURA,MORROPON,gfs,pp,20260905,20261004,"00Z,12Z",D1,6h,S/D,S/D,S/D,0,S/D,S/D,S/D,0,S/D,S/D,S/D,0,S/D,S/D,S/D,0,S/D,S/D,S/D,0
47E037CA,CORRAL DEL MEDIO,PIURA,MORROPON,eta5,pp,20260905,20261004,"00Z,12Z",D1,6h,S/D,S/D,S/D,0,S/D,S/D,S/D,0,S/D,S/D,S/D,0,S/D,S/D,S/D,0,S/D,S/D,S/D,0
47E037CA,CORRAL DEL MEDIO,PIURA,MORROPON,wrf5,pp,20260905,20261004,"00Z,12Z",D1,6h,S/D,S/D,S/D,0,S/D,S/D,S/D,0,S/D,S/D,S/D,0,S/D,S/D,S/D,0,S/D,S/D,S/D,0
47E037CA,CORRAL DEL MEDIO,PIURA,MORROPON,mpas15,pp,20260905,20261004,00Z,D1,6h,S/D,S/D,S/D,0,S/D,S/D,S/D,0,S/D,S/D,S/D,0,S/D,S/D,S/D,0,S/D,S/D,S/D,0
472F50DA,EL VIRREY,PIURA,MORROPON,ecmwf,pp,20260905,20261004,"00Z,12Z",D1,6h,0.185,0.914,0.146,234,0.5,0.884,0.104,10,S/D,1.0,0.0,0,S/D,1.0,0.0,0,S/D,S/D,S/D,0
472F50DA,EL VIRREY,PIURA,MORROPON,gfs,pp,20260905,20261004,"00Z,12Z",D1,6h,0.044,0.276,0.204,234,0.3,0.786,0.143,10,S/D,1.0,0.0,0,S/D,S/D,S/D,0,S/D,S/D,S/D,0
472F50DA,EL VIRREY,PIURA,MORROPON,eta5,pp,20260905,20261004,"00Z,12Z",D1,6h,0.146,0.516,0.15,190,0.375,0.903,0.083,8,S/D,1.0,0.0,0,S/D,S/D,S/D,0,S/D,S/D,S/D,0
472F50DA,EL VIRREY,PIURA,MORROPON,wrf5,pp,20260905,20261004,"00Z,12Z",D1,6h,-0.006,0.041,0.077,230,0.0,S/D,0.0,10,S/D,S/D,S/D,0,S/D,S/D,S/D,0,S/D,S/D,S/D,0
472F50DA,EL VIRREY,PIURA,MORROPON,mpas15,pp,20260905,20261004,00Z,D1,6h,-0.003,0.048,0.12,117,0.2,0.5,0.167,5,S/D,S/D,S/D,0,S/D,S/D,S/D,0,S/D,S/D,S/D,0
47E074C0,HACIENDA BARRIOS,PIURA,MORROPON,ecmwf,pp,20260905,20261004,"00Z,12Z",D1,6h,0.496,1.617,0.202,234,1.0,0.916,0.084,10,0.5,0.969,0.03,2,0.0,1.0,0.0,2,S/D,S/D,S/D,0
47E074C0,HACIENDA BARRIOS,PIURA,MORROPON,gfs,pp,20260905,20261004,"00Z,12Z",D1,6h,0.262,1.035,0.304,234,0.9,0.877,0.122,10,1.0,0.895,0.105,2,0.0,1.0,0.0,2,S/D,S/D,S/D,0
47E074C0,HACIENDA BARRIOS,PIURA,MORROPON,eta5,pp,20260905,20261004,"00Z,12Z",D1,6h,1.259,3.297,0.274,190,0.75,0.919,0.079,8,1.0,0.959,0.041,2,0.5,0.938,0.059,2,S/D,S/D,S/D,0
47E074C0,HACIENDA BARRIOS,PIURA,MORROPON,wrf5,pp,20260905,20261004,"00Z,12Z",D1,6h,0.03,0.575,0.192,230,0.5,0.844,0.135,10,0.0,1.0,0.0,2,0.0,S/D,0.0,2,S/D,S/D,S/D,0
47E074C0,HACIENDA BARRIOS,PIURA,MORROPON,mpas15,pp,20260905,20261004,00Z,D1,6h,0.902,2.577,0.244,117,0.8,0.892,0.105,5,1.0,0.964,0.036,1,1.0,0.875,0.125,1,S/D,S/D,S/D,0
472F95C4,HACIENDA BIGOTE ,PIURA,MORROPON,ecmwf,pp,20260905,20261004,"00Z,12Z",D1,6h,0.466,1.675,0.199,238,1.0,0.933,0.067,8,0.5,0.969,0.03,2,0.0,1.0,0.0,2,S/D,S/D,S/D,0
472F95C4,HACIENDA BIGOTE ,PIURA,MORROPON,gfs,pp,20260905,20261004,"00Z,12Z",D1,6h,0.235,1.123,0.233,238,0.875,0.904,0.095,8,1.0,0.895,0.105,2,0.0,1.0,0.0,2,S/D,S/D,S/D,0
472F95C4,HACIENDA BIGOTE ,PIURA,MORROPON,eta5,pp,20260905,20261004,"00Z,12Z",D1,6h,1.054,3.045,0.09,193,0.429,0.953,0.044,7,1.0,0.952,0.048,2,0.5,0.933,0.062,2,S/D,S/D,S/D,0
472F95C4,HACIENDA BIGOTE ,PIURA,MORROPON,wrf5,pp,20260905,20261004,"00Z,12Z",D1,6h,-0.03,0.747,0.145,234,0.25,0.913,0.069,8,0.0,1.0,0.0,2,0.0,S/D,0.0,2,S/D,S/D,S/D,0
472F95C4,HACIENDA BIGOTE ,PIURA,MORROPON,mpas15,pp,20260905,20261004,00Z,D1,6h,0.872,2.552,0.197,119,0.75,0.921,0.077,4,1.0,0.964,0.036,1,1.0,0.875,0.125,1,S/D,S/D,S/D,0
472FA05E,MALACASI,PIURA,MORROPON,ecmwf,pp,20260905,20261004,"00Z,12Z",D1,6h,0.517,1.534,0.193,236,0.9,0.924,0.075,10,0.75,0.906,0.091,4,S/D,1.0,0.0,0,S/D,S/D,S/D,0
472FA05E,MALACASI,PIURA,MORROPON,gfs,pp,20260905,20261004,"00Z,12Z",D1,6h,0.285,0.961,0.344,236,1.0,0.863,0.137,10,1.0,0.789,0.211,4,S/D,1.0,0.0,0,S/D,S/D,S/D,0
472FA05E,MALACASI,PIURA,MORROPON,eta5,pp,20260905,20261004,"00Z,12Z",D1,6h,0.616,1.942,0.258,191,0.778,0.875,0.121,9,0.667,0.933,0.065,3,S/D,1.0,0.0,0,S/D,S/D,S/D,0
472FA05E,MALACASI,PIURA,MORROPON,wrf5,pp,20260905,20261004,"00Z,12Z",D1,6h,0.001,0.2,0.305,232,0.5,0.643,0.263,10,0.25,0.5,0.2,4,S/D,S/D,S/D,0,S/D,S/D,S/D,0
472FA05E,MALACASI,PIURA,MORROPON,mpas15,pp,20260905,20261004,00Z,D1,6h,0.465,1.388,0.342,118,1.0,0.828,0.172,5,1.0,0.9,0.1,2,S/D,1.0,0.0,0,S/D,S/D,S/D,0
472F7636,MORROPON,PIURA,MORROPON,ecmwf,pp,20260905,20261004,"00Z,12Z",D1,6h,0.214,0.97,0.065,234,0.333,0.967,0.031,6,1.0,0.818,0.182,2,S/D,1.0,0.0,0,S/D,S/D,S/D,0
472F7636,MORROPON,PIURA,MORROPON,gfs,pp,20260905,20261004,"00Z,12Z",D1,6h,0.098,0.682,0.205,234,0.667,0.886,0.108,6,1.0,0.6,0.4,2,S/D,1.0,0.0,0,S/D,S/D,S/D,0
472F7636,MORROPON,PIURA,MORROPON,eta5,pp,20260905,20261004,"00Z,12Z",D1,6h,0.91,2.705,0.038,190,0.5,0.969,0.03,4,1.0,0.97,0.03,1,S/D,1.0,0.0,0,S/D,S/D,S/D,0
472F7636,MORROPON,PIURA,MORROPON,wrf5,pp,20260905,20261004,"00Z,12Z",D1,6h,0.025,0.272,0.081,230,0.333,0.867,0.105,6,0.5,0.8,0.167,2,S/D,S/D,S/D,0,S/D,S/D,S/D,0
472F7636,MORROPON,PIURA,MORROPON,mpas15,pp,20260905,20261004,00Z,D1,6h,0.219,0.738,0.013,117,0.333,0.952,0.043,3,1.0,0.917,0.083,1,S/D,1.0,0.0,0,S/D,S/D,S/D,0
47E067B6,SALITRAL,PIURA,MORROPON,ecmwf,pp,20260905,20261004,"00Z,12Z",D1,6h,0.455,1.597,0.148,234,0.9,0.923,0.076,10,0.3,0.906,0.077,10,S/D,1.0,0.0,0,S/D,S/D,S/D,0
47E067B6,SALITRAL,PIURA,MORROPON,gfs,pp,20260905,20261004,"00Z,12Z",D1,6h,0.22,1.051,0.22,234,0.8,0.889,0.108,10,0.4,0.789,0.16,10,S/D,1.0,0.0,0,S/D,S/D,S/D,0
47E067B6,SALITRAL,PIURA,MORROPON,eta5,pp,20260905,20261004,"00Z,12Z",D1,6h,0.557,1.981,0.123,190,0.571,0.927,0.069,7,0.429,0.897,0.091,7,S/D,1.0,0.0,0,S/D,S/D,S/D,0
47E067B6,SALITRAL,PIURA,MORROPON,wrf5,pp,20260905,20261004,"00Z,12Z",D1,6h,-0.064,0.584,0.28,230,0.2,0.667,0.143,10,0.1,0.5,0.091,10,S/D,S/D,S/D,0,S/D,S/D,S/D,0
47E067B6,SALITRAL,PIURA,MORROPON,mpas15,pp,20260905,20261004,00Z,D1,6h,0.405,1.338,0.299,117,0.8,0.862,0.133,5,0.8,0.8,0.19,5,S/D,1.0,0.0,0,S/D,S/D,S/D,0
47E08444,SAN PEDRO,PIURA,MORROPON,ecmwf,pp,20260905,20261004,"00Z,12Z",D1,6h,1.602,2.82,0.225,236,1.0,0.944,0.056,10,1.0,0.959,0.041,4,S/D,1.0,0.0,0,S/D,S/D,S/D,0
47E08444,SAN PEDRO,PIURA,MORROPON,gfs,pp,20260905,20261004,"00Z,12Z",D1,6h,0.789,2.652,0.182,236,0.6,0.944,0.054,10,1.0,0.911,0.089,4,S/D,1.0,0.0,0,S/D,S/D,S/D,0
47E08444,SAN PEDRO,PIURA,MORROPON,eta5,pp,20260905,20261004,"00Z,12Z",D1,6h,0.939,2.571,0.169,191,0.667,0.917,0.08,9,1.0,0.921,0.079,3,S/D,1.0,0.0,0,S/D,S/D,S/D,0
47E08444,SAN PEDRO,PIURA,MORROPON,wrf5,pp,20260905,20261004,"00Z,12Z",D1,6h,0.067,0.576,0.156,232,0.5,0.839,0.139,10,0.75,0.625,0.333,4,S/D,1.0,0.0,0,S/D,S/D,S/D,0
47E08444,SAN PEDRO,PIURA,MORROPON,mpas15,pp,20260905,20261004,00Z,D1,6h,0.364,1.084,0.248,118,0.8,0.862,0.133,5,1.0,0.909,0.091,2,S/D,1.0,0.0,0,S/D,S/D,S/D,0
105145,SANTO DOMINGO,PIURA,MORROPON,ecmwf,pp,20260905,20261004,"00Z,12Z",D1,6h,0.025,0.063,S/D,14,S/D,1.0,0.0,0,S/D,S/D,S/D,0,S/D,S/D,S/D,0,S/D,S/D,S/D,0
105145,SANTO DOMINGO,PIURA,MORROPON,gfs,pp,20260905,20261004,"00Z,12Z",D1,6h,0.246,0.497,S/D,14,S/D,1.0,0.0,0,S/D,1.0,0.0,0,S/D,S/D,S/D,0,S/D,S/D,S/D,0
105145,SANTO DOMINGO,PIURA,MORROPON,eta5,pp,20260905,20261004,"00Z,12Z",D1,6h,0.124,0.31,S/D,12,S/D,1.0,0.0,0,S/D,S/D,S/D,0,S/D,S/D,S/D,0,S/D,S/D,S/D,0
105145,SANTO DOMINGO,PIURA,MORROPON,wrf5,pp,20260905,20261004,"00Z,12Z",D1,6h,0.11,0.253,S/D,13,S/D,1.0,0.0,0,S/D,S/D,S/D,0,S/D,S/D,S/D,0,S/D,S/D,S/D,0
105145,SANTO DOMINGO,PIURA,MORROPON,mpas15,pp,20260905,20261004,00Z,D1,6h,0.286,0.535,S/D,7,S/D,1.0,0.0,0,S/D,1.0,0.0,0,S/D,S/D,S/D,0,S/D,S/D,S/D,0
47E0B1DE,PUENTE SIMON RODRIGUEZ,PIURA,PAITA,ecmwf,pp,20260905,20261004,"00Z,12Z",D1,6h,0.018,0.244,0.102,232,0.5,0.786,0.176,6,0.0,1.0,0.0,2,S/D,S/D,S/D,0,S/D,S/D,S/D,0
47E0B1DE,PUENTE SIMON RODRIGUEZ,PIURA,PAITA,gfs,pp,20260905,20261004,"00Z,12Z",D1,6h,-0.023,0.219,0.269,232,0.0,1.0,0.0,6,0.0,S/D,0.0,2,S/D,S/D,S/D,0,S/D,S/D,S/D,0
47E0B1DE,PUENTE SIMON RODRIGUEZ,PIURA,PAITA,eta5,pp,20260905,20261004,"00Z,12Z",D1,6h,-0.012,0.258,0.029,189,0.0,1.0,0.0,5,0.0,1.0,0.0,2,S/D,S/D,S/D,0,S/D,S/D,S/D,0
47E0B1DE,PUENTE SIMON RODRIGUEZ,PIURA,PAITA,wrf5,pp,20260905,20261004,"00Z,12Z",D1,6h,-0.02,0.224,0.116,229,0.167,0.8,0.1,6,0.0,S/D,0.0,2,S/D,S/D,S/D,0,S/D,S/D,S/D,0
47E0B1DE,PUENTE SIMON RODRIGUEZ,PIURA,PAITA,mpas15,pp,20260905,20261004,00Z,D1,6h,-0.023,0.226,-0.113,116,0.0,1.0,0.0,3,0.0,S/D,0.0,1,S/D,S/D,S/D,0,S/D,S/D,S/D,0
47E0E1A2,BOCATOMA CHIPILLICO,PIURA,PIURA,ecmwf,pp,20260905,20261004,"00Z,12Z",D1,6h,1.434,3.402,0.191,214,0.875,0.908,0.091,16,1.0,0.947,0.053,4,1.0,0.867,0.133,2,S/D,1.0,0.0,0
47E0E1A2,BOCATOMA CHIPILLICO,PIURA,PIURA,gfs,pp,20260905,20261004,"00Z,12Z",D1,6h,0.961,3.773,0.195,214,0.75,0.887,0.109,16,1.0,0.902,0.098,4,0.0,1.0,0.0,2,S/D,1.0,0.0,0
47E0E1A2,BOCATOMA CHIPILLICO,PIURA,PIURA,eta5,pp,20260905,20261004,"00Z,12Z",D1,6h,0.96,2.495,0.199,173,0.636,0.899,0.096,11,1.0,0.925,0.075,3,1.0,0.9,0.1,1,S/D,S/D,S/D,0
47E0E1A2,BOCATOMA CHIPILLICO,PIURA,PIURA,wrf5,pp,20260905,20261004,"00Z,12Z",D1,6h,0.024,0.651,0.26,210,0.312,0.706,0.179,16,0.25,0.833,0.111,4,0.0,S/D,0.0,2,S/D,S/D,S/D,0
47E0E1A2,BOCATOMA CHIPILLICO,PIURA,PIURA,mpas15,pp,20260905,20261004,00Z,D1,6h,0.293,1.097,0.128,107,0.375,0.885,0.097,8,1.0,0.895,0.105,2,0.0,1.0,0.0,1,S/D,S/D,S/D,0
47E0F2D4,LAGARTERA,PIURA,PIURA,ecmwf,pp,20260905,20261004,"00Z,12Z",D1,6h,1.325,3.362,0.376,228,0.905,0.756,0.237,42,0.667,0.947,0.052,6,S/D,1.0,0.0,0,S/D,1.0,0.0,0
47E0F2D4,LAGARTERA,PIURA,PIURA,gfs,pp,20260905,20261004,"00Z,12Z",D1,6h,0.939,3.759,0.399,228,0.762,0.719,0.258,42,0.5,0.932,0.064,6,S/D,1.0,0.0,0,S/D,1.0,0.0,0
47E0F2D4,LAGARTERA,PIURA,PIURA,eta5,pp,20260905,20261004,"00Z,12Z",D1,6h,0.858,2.411,0.223,184,0.562,0.727,0.225,32,0.0,1.0,0.0,4,S/D,1.0,0.0,0,S/D,S/D,S/D,0
47E0F2D4,LAGARTERA,PIURA,PIURA,wrf5,pp,20260905,20261004,"00Z,12Z",D1,6h,0.035,0.514,0.142,225,0.095,0.818,0.067,42,0.0,1.0,0.0,6,S/D,S/D,S/D,0,S/D,S/D,S/D,0
47E0F2D4,LAGARTERA,PIURA,PIURA,mpas15,pp,20260905,20261004,00Z,D1,6h,0.263,0.959,0.243,114,0.381,0.692,0.205,21,0.333,0.944,0.05,3,S/D,1.0,0.0,0,S/D,S/D,S/D,0
105112,MIRAFLORES,PIURA,PIURA,ecmwf,pp,20260905,20261004,"00Z,12Z",D1,6h,S/D,S/D,S/D,0,S/D,S/D,S/D,0,S/D,S/D,S/D,0,S/D,S/D,S/D,0,S/D,S/D,S/D,0
105112,MIRAFLORES,PIURA,PIURA,gfs,pp,20260905,20261004,"00Z,12Z",D1,6h,S/D,S/D,S/D,0,S/D,S/D,S/D,0,S/D,S/D,S/D,0,S/D,S/D,S/D,0,S/D,S/D,S/D,0
105112,MIRAFLORES,PIURA,PIURA,eta5,pp,20260905,20261004,"00Z,12Z",D1,6h,S/D,S/D,S/D,0,S/D,S/D,S/D,0,S/D,S/D,S/D,0,S/D,S/D,S/D,0,S/D,S/D,S/D,0
105112,MIRAFLORES,PIURA,PIURA,wrf5,pp,20260905,20261004,"00Z,12Z",D1,6h,S/D,S/D,S/D,0,S/D,S/D,S/D,0,S/D,S/D,S/D,0,S/D,S/D,S/D,0,S/D,S/D,S/D,0
105112,MIRAFLORES,PIURA,PIURA,mpas15,pp,20260905,20261004,00Z,D1,6h,S/D,S/D,S/D,0,S/D,S/D,S/D,0,S/D,S/D,S/D,0,S/D,S/D,S/D,0,S/D,S/D,S/D,0
104113,PARTIDOR,PIURA,PIURA,ecmwf,pp,20260905,20261004,"00Z,12Z",D1,6h,0.164,0.377,S/D,12,S/D,1.0,0.0,0,S/D,S/D,S/D,0,S/D,S/D,S/D,0,S/D,S/D,S/D,0
104113,PARTIDOR,PIURA,PIURA,gfs,pp,20260905,20261004,"00Z,12Z",D1,6h,0.073,0.179,S/D,12,S/D,1.0,0.0,0,S/D,S/D,S/D,0,S/D,S/D,S/D,0,S/D,S/D,S/D,0
104113,PARTIDOR,PIURA,PIURA,eta5,pp,20260905,20261004,"00Z,12Z",D1,6h,0.048,0.138,S/D,9,S/D,1.0,0.0,0,S/D,S/D,S/D,0,S/D,S/D,S/D,0,S/D,S/D,S/D,0
104113,PARTIDOR,PIURA,PIURA,wrf5,pp,20260905,20261004,"00Z,12Z",D1,6h,0.13,0.374,S/D,12,S/D,1.0,0.0,0,S/D,1.0,0.0,0,S/D,S/D,S/D,0,S/D,S/D,S/D,0
104113,PARTIDOR,PIURA,PIURA,mpas15,pp,20260905,20261004,00Z,D1,6h,0.167,0.408,S/D,6,S/D,1.0,0.0,0,S/D,1.0,0.0,0,S/D,S/D,S/D,0,S/D,S/D,S/D,0
105143,SAN MIGUEL,PIURA,PIURA,ecmwf,pp,20260905,20261004,"00Z,12Z",D1,6h,0.044,0.382,0.082,240,0.25,0.909,0.071,4,S/D,1.0,0.0,0,S/D,1.0,0.0,0,S/D,S/D,S/D,0
105143,SAN MIGUEL,PIURA,PIURA,gfs,pp,20260905,20261004,"00Z,12Z",D1,6h,0.002,0.024,-0.026,240,0.0,1.0,0.0,4,S/D,S/D,S/D,0,S/D,S/D,S/D,0,S/D,S/D,S/D,0
105143,SAN MIGUEL,PIURA,PIURA,eta5,pp,20260905,20261004,"00Z,12Z",D1,6h,0.017,0.133,0.069,194,0.0,1.0,0.0,2,S/D,1.0,0.0,0,S/D,S/D,S/D,0,S/D,S/D,S/D,0
105143,SAN MIGUEL,PIURA,PIURA,wrf5,pp,20260905,20261004,"00Z,12Z",D1,6h,0.007,0.061,0.074,236,0.25,0.75,0.143,4,S/D,S/D,S/D,0,S/D,S/D,S/D,0,S/D,S/D,S/D,0
105143,SAN MIGUEL,PIURA,PIURA,mpas15,pp,20260905,20261004,00Z,D1,6h,-0.002,0.013,-0.088,120,0.0,S/D,0.0,2,S/D,S/D,S/D,0,S/D,S/D,S/D,0,S/D,S/D,S/D,0
47E0522C,TAMBO GRANDE,PIURA,PIURA,ecmwf,pp,20260905,20261004,"00Z,12Z",D1,6h,-0.131,2.905,0.261,230,0.75,0.827,0.164,12,0.333,0.867,0.105,6,0.0,1.0,0.0,4,0.0,S/D,0.0,2
47E0522C,TAMBO GRANDE,PIURA,PIURA,gfs,pp,20260905,20261004,"00Z,12Z",D1,6h,-0.214,2.859,0.363,230,0.75,0.757,0.225,12,0.0,1.0,0.0,6,0.0,1.0,0.0,4,0.0,S/D,0.0,2
47E0522C,TAMBO GRANDE,PIURA,PIURA,eta5,pp,20260905,20261004,"00Z,12Z",D1,6h,-0.179,3.277,0.099,188,0.364,0.846,0.121,11,0.0,1.0,0.0,5,0.0,1.0,0.0,4,0.0,S/D,0.0,2
47E0522C,TAMBO GRANDE,PIURA,PIURA,wrf5,pp,20260905,20261004,"00Z,12Z",D1,6h,-0.351,2.868,0.177,226,0.167,0.714,0.118,12,0.0,S/D,0.0,6,0.0,S/D,0.0,4,0.0,S/D,0.0,2
47E0522C,TAMBO GRANDE,PIURA,PIURA,mpas15,pp,20260905,20261004,00Z,D1,6h,-0.269,2.878,0.09,115,0.333,0.714,0.182,6,0.0,1.0,0.0,3,0.0,S/D,0.0,2,0.0,S/D,0.0,1
105144,BERNAL,PIURA,SECHURA,ecmwf,pp,20260905,20261004,"00Z,12Z",D1,6h,0.008,0.022,S/D,16,S/D,S/D,S/D,0,S/D,S/D,S/D,0,S/D,S/D,S/D,0,S/D,S/D,S/D,0
105144,BERNAL,PIURA,SECHURA,gfs,pp,20260905,20261004,"00Z,12Z",D1,6h,0.012,0.027,S/D,16,S/D,S/D,S/D,0,S/D,S/D,S/D,0,S/D,S/D,S/D,0,S/D,S/D,S/D,0
105144,BERNAL,PIURA,SECHURA,eta5,pp,20260905,20261004,"00Z,12Z",D1,6h,0.004,0.008,S/D,13,S/D,S/D,S/D,0,S/D,S/D,S/D,0,S/D,S/D,S/D,0,S/D,S/D,S/D,0
105144,BERNAL,PIURA,SECHURA,wrf5,pp,20260905,20261004,"00Z,12Z",D1,6h,0.019,0.064,S/D,16,S/D,1.0,0.0,0,S/D,S/D,S/D,0,S/D,S/D,S/D,0,S/D,S/D,S/D,0
105144,BERNAL,PIURA,SECHURA,mpas15,pp,20260905,20261004,00Z,D1,6h,0.0,0.0,S/D,8,S/D,S/D,S/D,0,S/D,S/D,S/D,0,S/D,S/D,S/D,0,S/D,S/D,S/D,0
105120,CHUSIS,PIURA,SECHURA,ecmwf,pp,20260905,20261004,"00Z,12Z",D1,6h,S/D,S/D,S/D,0,S/D,S/D,S/D,0,S/D,S/D,S/D,0,S/D,S/D,S/D,0,S/D,S/D,S/D,0
105120,CHUSIS,PIURA,SECHURA,gfs,pp,20260905,20261004,"00Z,12Z",D1,6h,S/D,S/D,S/D,0,S/D,S/D,S/D,0,S/D,S/D,S/D,0,S/D,S/D,S/D,0,S/D,S/D,S/D,0
105120,CHUSIS,PIURA,SECHURA,eta5,pp,20260905,20261004,"00Z,12Z",D1,6h,S/D,S/D,S/D,0,S/D,S/D,S/D,0,S/D,S/D,S/D,0,S/D,S/D,S/D,0,S/D,S/D,S/D,0
105120,CHUSIS,PIURA,SECHURA,wrf5,pp,20260905,20261004,"00Z,12Z",D1,6h,S/D,S/D,S/D,0,S/D,S/D,S/D,0,S/D,S/D,S/D,0,S/D,S/D,S/D,0,S/D,S/D,S/D,0
105120,CHUSIS,PIURA,SECHURA,mpas15,pp,20260905,20261004,00Z,D1,6h,S/D,S/D,S/D,0,S/D,S/D,S/D,0,S/D,S/D,S/D,0,S/D,S/D,S/D,0,S/D,S/D,S/D,0
47E0D438,ALAMOR,PIURA,SULLANA,ecmwf,pp,20260905,20261004,"00Z,12Z",D1,6h,0.213,0.97,0.163,234,0.5,0.686,0.239,22,0.5,0.846,0.133,4,S/D,1.0,0.0,0,S/D,S/D,S/D,0
47E0D438,ALAMOR,PIURA,SULLANA,gfs,pp,20260905,20261004,"00Z,12Z",D1,6h,0.158,0.884,0.298,234,0.409,0.667,0.225,22,0.75,0.769,0.214,4,S/D,1.0,0.0,0,S/D,S/D,S/D,0
47E0D438,ALAMOR,PIURA,SULLANA,eta5,pp,20260905,20261004,"00Z,12Z",D1,6h,0.598,2.07,0.165,190,0.533,0.857,0.127,15,1.0,0.92,0.08,2,S/D,1.0,0.0,0,S/D,S/D,S/D,0
47E0D438,ALAMOR,PIURA,SULLANA,wrf5,pp,20260905,20261004,"00Z,12Z",D1,6h,0.247,1.725,0.165,231,0.364,0.652,0.216,22,0.75,0.7,0.273,4,S/D,1.0,0.0,0,S/D,S/D,S/D,0
47E0D438,ALAMOR,PIURA,SULLANA,mpas15,pp,20260905,20261004,00Z,D1,6h,0.309,1.288,0.201,117,0.545,0.739,0.214,11,0.5,0.938,0.059,2,S/D,1.0,0.0,0,S/D,S/D,S/D,0
47E09732,LA ARDILLA,PIURA,SULLANA,ecmwf,pp,20260905,20261004,"00Z,12Z",D1,6h,0.197,1.023,0.216,228,0.6,0.838,0.146,10,0.25,0.929,0.059,4,S/D,1.0,0.0,0,S/D,S/D,S/D,0
47E09732,LA ARDILLA,PIURA,SULLANA,gfs,pp,20260905,20261004,"00Z,12Z",D1,6h,0.134,0.999,0.313,228,0.6,0.778,0.194,10,0.25,0.923,0.062,4,S/D,1.0,0.0,0,S/D,S/D,S/D,0
47E09732,LA ARDILLA,PIURA,SULLANA,eta5,pp,20260905,20261004,"00Z,12Z",D1,6h,0.561,2.072,0.096,186,0.571,0.927,0.069,7,0.0,1.0,0.0,2,S/D,1.0,0.0,0,S/D,S/D,S/D,0
47E09732,LA ARDILLA,PIURA,SULLANA,wrf5,pp,20260905,20261004,"00Z,12Z",D1,6h,0.149,1.649,0.195,224,0.5,0.688,0.238,10,0.0,1.0,0.0,4,S/D,1.0,0.0,0,S/D,S/D,S/D,0
47E09732,LA ARDILLA,PIURA,SULLANA,mpas15,pp,20260905,20261004,00Z,D1,6h,0.288,1.357,0.197,114,0.8,0.826,0.167,5,0.5,0.933,0.062,2,S/D,1.0,0.0,0,S/D,S/D,S/D,0
472FD6CE,LANCONES,PIURA,SULLANA,ecmwf,pp,20260905,20261004,"00Z,12Z",D1,6h,0.105,0.552,0.202,234,0.625,0.8,0.179,8,0.0,1.0,0.0,2,S/D,1.0,0.0,0,S/D,S/D,S/D,0
472FD6CE,LANCONES,PIURA,SULLANA,gfs,pp,20260905,20261004,"00Z,12Z",D1,6h,0.038,0.29,0.306,234,0.625,0.722,0.238,8,0.0,1.0,0.0,2,S/D,S/D,S/D,0,S/D,S/D,S/D,0
472FD6CE,LANCONES,PIURA,SULLANA,eta5,pp,20260905,20261004,"00Z,12Z",D1,6h,0.158,0.749,0.243,191,0.429,0.903,0.086,7,0.0,1.0,0.0,2,S/D,1.0,0.0,0,S/D,S/D,S/D,0
472FD6CE,LANCONES,PIURA,SULLANA,wrf5,pp,20260905,20261004,"00Z,12Z",D1,6h,0.047,0.464,0.101,230,0.25,0.833,0.111,8,0.0,1.0,0.0,2,S/D,S/D,S/D,0,S/D,S/D,S/D,0
472FD6CE,LANCONES,PIURA,SULLANA,mpas15,pp,20260905,20261004,00Z,D1,6h,0.121,0.666,-0.141,117,0.0,1.0,0.0,4,0.0,1.0,0.0,1,S/D,1.0,0.0,0,S/D,S/D,S/D,0
270202,PUENTE AZANGARO,PUNO,AZANGARO,ecmwf,pp,20260905,20261004,"00Z,12Z",D1,6h,0.262,1.52,0.524,234,1.0,0.654,0.346,28,0.857,0.647,0.333,14,0.0,1.0,0.0,4,S/D,S/D,S/D,0
270202,PUENTE AZANGARO,PUNO,AZANGARO,gfs,pp,20260905,20261004,"00Z,12Z",D1,6h,0.327,1.413,0.552,234,0.964,0.625,0.37,28,0.786,0.667,0.306,14,0.5,0.8,0.167,4,S/D,S/D,S/D,0
270202,PUENTE AZANGARO,PUNO,AZANGARO,eta5,pp,20260905,20261004,"00Z,12Z",D1,6h,0.712,2.088,0.621,189,0.962,0.621,0.373,26,0.917,0.75,0.244,12,1.0,0.714,0.286,4,S/D,S/D,S/D,0
270202,PUENTE AZANGARO,PUNO,AZANGARO,wrf5,pp,20260905,20261004,"00Z,12Z",D1,6h,0.291,1.722,0.544,230,0.852,0.566,0.404,27,0.692,0.64,0.31,13,0.333,0.875,0.1,3,S/D,S/D,S/D,0
270202,PUENTE AZANGARO,PUNO,AZANGARO,mpas15,pp,20260905,20261004,00Z,D1,6h,0.32,1.859,0.264,117,0.714,0.697,0.27,14,0.857,0.778,0.214,7,0.0,1.0,0.0,2,S/D,S/D,S/D,0
4721AAE4,AYMAÑA,PUNO,CARABAYA,ecmwf,pp,20260905,20261004,"00Z,12Z",D1,6h,-0.131,1.907,0.445,232,0.771,0.598,0.359,48,0.5,0.63,0.27,20,0.0,1.0,0.0,6,S/D,S/D,S/D,0
4721AAE4,AYMAÑA,PUNO,CARABAYA,gfs,pp,20260905,20261004,"00Z,12Z",D1,6h,0.728,2.727,0.375,232,0.896,0.709,0.281,48,0.65,0.822,0.163,20,0.167,0.933,0.05,6,S/D,S/D,S/D,0
4721AAE4,AYMAÑA,PUNO,CARABAYA,eta5,pp,20260905,20261004,"00Z,12Z",D1,6h,0.883,2.793,0.399,187,0.884,0.667,0.319,43,0.789,0.797,0.192,19,0.333,0.867,0.105,6,S/D,S/D,S/D,0
4721AAE4,AYMAÑA,PUNO,CARABAYA,wrf5,pp,20260905,20261004,"00Z,12Z",D1,6h,-0.158,2.016,0.422,229,0.522,0.538,0.324,46,0.579,0.45,0.393,19,0.0,1.0,0.0,6,S/D,S/D,S/D,0
4721AAE4,AYMAÑA,PUNO,CARABAYA,mpas15,pp,20260905,20261004,00Z,D1,6h,0.081,2.004,0.374,116,0.792,0.568,0.388,24,0.6,0.818,0.162,10,0.0,S/D,0.0,3,S/D,S/D,S/D,0
4721B992,UPINA,PUNO,CARABAYA,ecmwf,pp,20260905,20261004,"00Z,12Z",D1,6h,0.37,1.821,0.27,234,0.763,0.78,0.206,38,0.75,0.845,0.148,12,0.5,0.8,0.167,2,S/D,S/D,S/D,0
4721B992,UPINA,PUNO,CARABAYA,gfs,pp,20260905,20261004,"00Z,12Z",D1,6h,0.832,2.611,0.233,234,0.737,0.818,0.171,38,0.917,0.857,0.141,12,0.0,1.0,0.0,2,S/D,S/D,S/D,0
4721B992,UPINA,PUNO,CARABAYA,eta5,pp,20260905,20261004,"00Z,12Z",D1,6h,0.83,3.169,0.231,189,0.706,0.736,0.238,34,0.667,0.83,0.157,12,0.0,1.0,0.0,2,S/D,S/D,S/D,0
4721B992,UPINA,PUNO,CARABAYA,wrf5,pp,20260905,20261004,"00Z,12Z",D1,6h,0.112,2.16,0.317,231,0.526,0.655,0.263,38,0.417,0.8,0.156,12,0.0,1.0,0.0,2,S/D,S/D,S/D,0
4721B992,UPINA,PUNO,CARABAYA,mpas15,pp,20260905,20261004,00Z,D1,6h,1.018,2.825,0.159,117,0.579,0.8,0.175,19,0.667,0.915,0.082,6,0.0,1.0,0.0,1,S/D,S/D,S/D,0
210003,HUANCASAYA,PUNO,HUANCANE,ecmwf,pp,20260905,20261004,"00Z,12Z",D1,6h,0.405,1.218,0.583,224,0.88,0.476,0.489,50,0.556,0.75,0.208,18,S/D,1.0,0.0,0,S/D,S/D,S/D,0
210003,HUANCASAYA,PUNO,HUANCANE,gfs,pp,20260905,20261004,"00Z,12Z",D1,6h,0.547,1.273,0.663,224,0.96,0.505,0.485,50,0.778,0.725,0.255,18,S/D,1.0,0.0,0,S/D,S/D,S/D,0
210003,HUANCASAYA,PUNO,HUANCANE,eta5,pp,20260905,20261004,"00Z,12Z",D1,6h,0.505,1.588,0.585,185,0.809,0.424,0.507,47,0.625,0.737,0.227,16,S/D,1.0,0.0,0,S/D,S/D,S/D,0
210003,HUANCASAYA,PUNO,HUANCANE,wrf5,pp,20260905,20261004,"00Z,12Z",D1,6h,0.808,2.313,0.649,220,0.854,0.406,0.539,48,0.824,0.696,0.286,17,S/D,1.0,0.0,0,S/D,S/D,S/D,0
210003,HUANCASAYA,PUNO,HUANCANE,mpas15,pp,20260905,20261004,00Z,D1,6h,1.249,3.052,0.522,112,0.84,0.523,0.438,25,0.778,0.781,0.206,9,S/D,1.0,0.0,0,S/D,S/D,S/D,0
47251282,PUENTE CARRETERA RAMIS,PUNO,HUANCANE,ecmwf,pp,20260905,20261004,"00Z,12Z",D1,6h,0.248,1.186,0.428,222,0.95,0.753,0.244,20,0.8,0.724,0.258,10,0.5,0.8,0.167,2,S/D,S/D,S/D,0
47251282,PUENTE CARRETERA RAMIS,PUNO,HUANCANE,gfs,pp,20260905,20261004,"00Z,12Z",D1,6h,0.347,1.825,0.506,222,0.95,0.683,0.311,20,1.0,0.667,0.333,10,0.0,1.0,0.0,2,S/D,S/D,S/D,0
47251282,PUENTE CARRETERA RAMIS,PUNO,HUANCANE,eta5,pp,20260905,20261004,"00Z,12Z",D1,6h,0.957,2.488,0.532,182,1.0,0.74,0.26,19,1.0,0.8,0.2,10,0.0,1.0,0.0,2,S/D,S/D,S/D,0
47251282,PUENTE CARRETERA RAMIS,PUNO,HUANCANE,wrf5,pp,20260905,20261004,"00Z,12Z",D1,6h,0.441,1.838,0.507,218,0.895,0.66,0.327,19,0.889,0.704,0.286,9,1.0,0.778,0.222,2,S/D,S/D,S/D,0
47251282,PUENTE CARRETERA RAMIS,PUNO,HUANCANE,mpas15,pp,20260905,20261004,00Z,D1,6h,0.243,1.297,0.3,111,0.8,0.771,0.216,10,1.0,0.722,0.278,5,0.0,1.0,0.0,1,S/D,S/D,S/D,0
472E37C6,PALCA,PUNO,LAMPA,ecmwf,pp,20260905,20261004,"00Z,12Z",D1,6h,0.276,0.768,0.402,234,0.792,0.703,0.275,24,1.0,0.826,0.174,4,S/D,1.0,0.0,0,S/D,S/D,S/D,0
472E37C6,PALCA,PUNO,LAMPA,gfs,pp,20260905,20261004,"00Z,12Z",D1,6h,0.459,1.558,0.445,234,0.917,0.753,0.242,24,0.75,0.906,0.091,4,S/D,1.0,0.0,0,S/D,S/D,S/D,0
472E37C6,PALCA,PUNO,LAMPA,eta5,pp,20260905,20261004,"00Z,12Z",D1,6h,0.715,1.811,0.495,189,0.909,0.655,0.333,22,1.0,0.892,0.108,4,S/D,1.0,0.0,0,S/D,S/D,S/D,0
472E37C6,PALCA,PUNO,LAMPA,wrf5,pp,20260905,20261004,"00Z,12Z",D1,6h,0.381,1.244,0.434,231,0.783,0.69,0.286,23,0.0,1.0,0.0,3,S/D,1.0,0.0,0,S/D,S/D,S/D,0
472E37C6,PALCA,PUNO,LAMPA,mpas15,pp,20260905,20261004,00Z,D1,6h,0.27,0.796,0.13,117,0.5,0.786,0.176,12,0.5,0.929,0.067,2,S/D,S/D,S/D,0,S/D,S/D,S/D,0
472DE6A0,PAMPAHUTA,PUNO,LAMPA,ecmwf,pp,20260905,20261004,"00Z,12Z",D1,6h,0.125,0.76,0.427,232,0.833,0.655,0.323,24,0.667,0.529,0.381,12,0.25,0.667,0.167,4,S/D,S/D,S/D,0
472DE6A0,PAMPAHUTA,PUNO,LAMPA,gfs,pp,20260905,20261004,"00Z,12Z",D1,6h,0.34,1.382,0.494,232,0.917,0.707,0.286,24,1.0,0.667,0.333,12,0.0,1.0,0.0,4,S/D,S/D,S/D,0
472DE6A0,PAMPAHUTA,PUNO,LAMPA,eta5,pp,20260905,20261004,"00Z,12Z",D1,6h,0.459,1.695,0.529,189,0.783,0.617,0.346,23,1.0,0.613,0.387,12,0.75,0.625,0.333,4,S/D,S/D,S/D,0
472DE6A0,PAMPAHUTA,PUNO,LAMPA,wrf5,pp,20260905,20261004,"00Z,12Z",D1,6h,0.204,1.1,0.456,229,0.696,0.628,0.32,23,0.909,0.565,0.417,11,0.0,1.0,0.0,4,S/D,S/D,S/D,0
472DE6A0,PAMPAHUTA,PUNO,LAMPA,mpas15,pp,20260905,20261004,00Z,D1,6h,0.108,0.742,0.417,116,0.75,0.591,0.36,12,0.667,0.733,0.235,6,0.5,0.0,0.5,2,S/D,S/D,S/D,0
114134,ANANSAYA -PUNA,PUNO,MELGAR,ecmwf,pp,20260905,20261004,"00Z,12Z",D1,6h,0.105,0.234,S/D,10,S/D,1.0,0.0,0,S/D,S/D,S/D,0,S/D,S/D,S/D,0,S/D,S/D,S/D,0
114134,ANANSAYA -PUNA,PUNO,MELGAR,gfs,pp,20260905,20261004,"00Z,12Z",D1,6h,0.025,0.056,S/D,10,S/D,1.0,0.0,0,S/D,S/D,S/D,0,S/D,S/D,S/D,0,S/D,S/D,S/D,0
114134,ANANSAYA -PUNA,PUNO,MELGAR,eta5,pp,20260905,20261004,"00Z,12Z",D1,6h,0.0,0.0,S/D,7,S/D,S/D,S/D,0,S/D,S/D,S/D,0,S/D,S/D,S/D,0,S/D,S/D,S/D,0
114134,ANANSAYA -PUNA,PUNO,MELGAR,wrf5,pp,20260905,20261004,"00Z,12Z",D1,6h,0.0,0.0,S/D,10,S/D,S/D,S/D,0,S/D,S/D,S/D,0,S/D,S/D,S/D,0,S/D,S/D,S/D,0
114134,ANANSAYA -PUNA,PUNO,MELGAR,mpas15,pp,20260905,20261004,00Z,D1,6h,0.0,0.0,S/D,5,S/D,S/D,S/D,0,S/D,S/D,S/D,0,S/D,S/D,S/D,0,S/D,S/D,S/D,0
47256412,ENAFER,PUNO,PUNO,ecmwf,pp,20260905,20261004,"00Z,12Z",D1,6h,S/D,S/D,S/D,0,S/D,S/D,S/D,0,S/D,S/D,S/D,0,S/D,S/D,S/D,0,S/D,S/D,S/D,0
47256412,ENAFER,PUNO,PUNO,gfs,pp,20260905,20261004,"00Z,12Z",D1,6h,S/D,S/D,S/D,0,S/D,S/D,S/D,0,S/D,S/D,S/D,0,S/D,S/D,S/D,0,S/D,S/D,S/D,0
47256412,ENAFER,PUNO,PUNO,eta5,pp,20260905,20261004,"00Z,12Z",D1,6h,S/D,S/D,S/D,0,S/D,S/D,S/D,0,S/D,S/D,S/D,0,S/D,S/D,S/D,0,S/D,S/D,S/D,0
47256412,ENAFER,PUNO,PUNO,wrf5,pp,20260905,20261004,"00Z,12Z",D1,6h,S/D,S/D,S/D,0,S/D,S/D,S/D,0,S/D,S/D,S/D,0,S/D,S/D,S/D,0,S/D,S/D,S/D,0
47256412,ENAFER,PUNO,PUNO,mpas15,pp,20260905,20261004,00Z,D1,6h,S/D,S/D,S/D,0,S/D,S/D,S/D,0,S/D,S/D,S/D,0,S/D,S/D,S/D,0,S/D,S/D,S/D,0
472E4156,ILLPA,PUNO,PUNO,ecmwf,pp,20260905,20261004,"00Z,12Z",D1,6h,0.209,0.739,0.387,230,0.889,0.775,0.219,18,0.625,0.688,0.263,8,S/D,1.0,0.0,0,S/D,S/D,S/D,0
472E4156,ILLPA,PUNO,PUNO,gfs,pp,20260905,20261004,"00Z,12Z",D1,6h,0.487,1.787,0.447,230,0.944,0.793,0.205,18,0.75,0.793,0.194,8,S/D,1.0,0.0,0,S/D,S/D,S/D,0
472E4156,ILLPA,PUNO,PUNO,eta5,pp,20260905,20261004,"00Z,12Z",D1,6h,0.435,1.293,0.387,185,0.812,0.772,0.217,16,0.75,0.793,0.194,8,S/D,1.0,0.0,0,S/D,S/D,S/D,0
472E4156,ILLPA,PUNO,PUNO,wrf5,pp,20260905,20261004,"00Z,12Z",D1,6h,0.358,1.369,0.505,227,0.824,0.674,0.304,17,0.857,0.714,0.273,7,S/D,1.0,0.0,0,S/D,S/D,S/D,0
472E4156,ILLPA,PUNO,PUNO,mpas15,pp,20260905,20261004,00Z,D1,6h,0.406,1.436,0.161,115,0.556,0.815,0.161,9,0.75,0.842,0.15,4,S/D,1.0,0.0,0,S/D,S/D,S/D,0
472CB426,LARAQUERI,PUNO,PUNO,ecmwf,pp,20260905,20261004,"00Z,12Z",D1,6h,0.168,0.59,0.39,234,1.0,0.796,0.204,10,0.875,0.588,0.389,8,S/D,1.0,0.0,0,S/D,S/D,S/D,0
472CB426,LARAQUERI,PUNO,PUNO,gfs,pp,20260905,20261004,"00Z,12Z",D1,6h,0.479,1.759,0.397,234,1.0,0.831,0.169,10,1.0,0.652,0.348,8,S/D,1.0,0.0,0,S/D,S/D,S/D,0
472CB426,LARAQUERI,PUNO,PUNO,eta5,pp,20260905,20261004,"00Z,12Z",D1,6h,0.413,1.339,0.458,189,1.0,0.737,0.263,10,0.875,0.708,0.28,8,S/D,1.0,0.0,0,S/D,S/D,S/D,0
472CB426,LARAQUERI,PUNO,PUNO,wrf5,pp,20260905,20261004,"00Z,12Z",D1,6h,0.338,1.524,0.433,231,1.0,0.722,0.278,10,0.875,0.65,0.333,8,S/D,1.0,0.0,0,S/D,S/D,S/D,0
472CB426,LARAQUERI,PUNO,PUNO,mpas15,pp,20260905,20261004,00Z,D1,6h,0.265,0.869,0.249,117,0.8,0.81,0.182,5,1.0,0.714,0.286,4,S/D,1.0,0.0,0,S/D,S/D,S/D,0
472DD33A,PUNO,PUNO,PUNO,ecmwf,pp,20260905,20261004,"00Z,12Z",D1,6h,0.197,0.783,0.381,232,1.0,0.803,0.197,14,0.667,0.75,0.222,6,0.0,1.0,0.0,2,S/D,S/D,S/D,0
472DD33A,PUNO,PUNO,PUNO,gfs,pp,20260905,20261004,"00Z,12Z",D1,6h,0.473,1.871,0.358,232,0.929,0.841,0.157,14,0.833,0.828,0.167,6,0.0,1.0,0.0,2,S/D,S/D,S/D,0
472DD33A,PUNO,PUNO,PUNO,eta5,pp,20260905,20261004,"00Z,12Z",D1,6h,0.25,0.86,0.354,187,0.846,0.784,0.208,13,0.8,0.765,0.222,5,0.5,0.667,0.25,2,S/D,S/D,S/D,0
472DD33A,PUNO,PUNO,PUNO,wrf5,pp,20260905,20261004,"00Z,12Z",D1,6h,0.453,1.736,0.447,229,0.846,0.732,0.256,13,1.0,0.769,0.231,6,0.5,0.909,0.083,2,S/D,S/D,S/D,0
472DD33A,PUNO,PUNO,PUNO,mpas15,pp,20260905,20261004,00Z,D1,6h,0.353,1.488,0.241,116,0.714,0.737,0.238,7,0.667,0.867,0.125,3,0.0,1.0,0.0,1,S/D,S/D,S/D,0
472CF72C,JULIACA,PUNO,SAN ROMAN,ecmwf,pp,20260905,20261004,"00Z,12Z",D1,6h,0.146,0.578,0.472,228,1.0,0.705,0.295,18,0.7,0.462,0.438,10,S/D,1.0,0.0,0,S/D,S/D,S/D,0
472CF72C,JULIACA,PUNO,SAN ROMAN,gfs,pp,20260905,20261004,"00Z,12Z",D1,6h,0.405,1.746,0.449,228,0.944,0.776,0.221,18,0.5,0.75,0.2,10,S/D,1.0,0.0,0,S/D,S/D,S/D,0
472CF72C,JULIACA,PUNO,SAN ROMAN,eta5,pp,20260905,20261004,"00Z,12Z",D1,6h,0.452,1.44,0.509,184,0.941,0.673,0.32,17,0.9,0.64,0.346,10,S/D,1.0,0.0,0,S/D,S/D,S/D,0
472CF72C,JULIACA,PUNO,SAN ROMAN,wrf5,pp,20260905,20261004,"00Z,12Z",D1,6h,0.394,1.872,0.45,225,0.688,0.732,0.239,16,0.556,0.773,0.192,9,S/D,1.0,0.0,0,S/D,S/D,S/D,0
472CF72C,JULIACA,PUNO,SAN ROMAN,mpas15,pp,20260905,20261004,00Z,D1,6h,0.289,0.949,0.314,114,0.778,0.731,0.25,9,0.8,0.692,0.286,5,S/D,1.0,0.0,0,S/D,S/D,S/D,0
107142,BELLAVISTA,SAN MARTIN,BELLAVISTA,ecmwf,pp,20260905,20261004,"00Z,12Z",D1,6h,S/D,S/D,S/D,0,S/D,S/D,S/D,0,S/D,S/D,S/D,0,S/D,S/D,S/D,0,S/D,S/D,S/D,0
107142,BELLAVISTA,SAN MARTIN,BELLAVISTA,gfs,pp,20260905,20261004,"00Z,12Z",D1,6h,S/D,S/D,S/D,0,S/D,S/D,S/D,0,S/D,S/D,S/D,0,S/D,S/D,S/D,0,S/D,S/D,S/D,0
107142,BELLAVISTA,SAN MARTIN,BELLAVISTA,eta5,pp,20260905,20261004,"00Z,12Z",D1,6h,S/D,S/D,S/D,0,S/D,S/D,S/D,0,S/D,S/D,S/D,0,S/D,S/D,S/D,0,S/D,S/D,S/D,0
107142,BELLAVISTA,SAN MARTIN,BELLAVISTA,wrf5,pp,20260905,20261004,"00Z,12Z",D1,6h,S/D,S/D,S/D,0,S/D,S/D,S/D,0,S/D,S/D,S/D,0,S/D,S/D,S/D,0,S/D,S/D,S/D,0
107142,BELLAVISTA,SAN MARTIN,BELLAVISTA,mpas15,pp,20260905,20261004,00Z,D1,6h,S/D,S/D,S/D,0,S/D,S/D,S/D,0,S/D,S/D,S/D,0,S/D,S/D,S/D,0,S/D,S/D,S/D,0
210006,SHANAO,SAN MARTIN,LAMAS,ecmwf,pp,20260905,20261004,"00Z,12Z",D1,6h,S/D,S/D,S/D,0,S/D,S/D,S/D,0,S/D,S/D,S/D,0,S/D,S/D,S/D,0,S/D,S/D,S/D,0
210006,SHANAO,SAN MARTIN,LAMAS,gfs,pp,20260905,20261004,"00Z,12Z",D1,6h,S/D,S/D,S/D,0,S/D,S/D,S/D,0,S/D,S/D,S/D,0,S/D,S/D,S/D,0,S/D,S/D,S/D,0
210006,SHANAO,SAN MARTIN,LAMAS,eta5,pp,20260905,20261004,"00Z,12Z",D1,6h,S/D,S/D,S/D,0,S/D,S/D,S/D,0,S/D,S/D,S/D,0,S/D,S/D,S/D,0,S/D,S/D,S/D,0
210006,SHANAO,SAN MARTIN,LAMAS,wrf5,pp,20260905,20261004,"00Z,12Z",D1,6h,S/D,S/D,S/D,0,S/D,S/D,S/D,0,S/D,S/D,S/D,0,S/D,S/D,S/D,0,S/D,S/D,S/D,0
210006,SHANAO,SAN MARTIN,LAMAS,mpas15,pp,20260905,20261004,00Z,D1,6h,S/D,S/D,S/D,0,S/D,S/D,S/D,0,S/D,S/D,S/D,0,S/D,S/D,S/D,0,S/D,S/D,S/D,0
106144,JEPELACIO,SAN MARTIN,MOYOBAMBA,ecmwf,pp,20260905,20261004,"00Z,12Z",D1,6h,S/D,S/D,S/D,0,S/D,S/D,S/D,0,S/D,S/D,S/D,0,S/D,S/D,S/D,0,S/D,S/D,S/D,0
106144,JEPELACIO,SAN MARTIN,MOYOBAMBA,gfs,pp,20260905,20261004,"00Z,12Z",D1,6h,S/D,S/D,S/D,0,S/D,S/D,S/D,0,S/D,S/D,S/D,0,S/D,S/D,S/D,0,S/D,S/D,S/D,0
106144,JEPELACIO,SAN MARTIN,MOYOBAMBA,eta5,pp,20260905,20261004,"00Z,12Z",D1,6h,S/D,S/D,S/D,0,S/D,S/D,S/D,0,S/D,S/D,S/D,0,S/D,S/D,S/D,0,S/D,S/D,S/D,0
106144,JEPELACIO,SAN MARTIN,MOYOBAMBA,wrf5,pp,20260905,20261004,"00Z,12Z",D1,6h,S/D,S/D,S/D,0,S/D,S/D,S/D,0,S/D,S/D,S/D,0,S/D,S/D,S/D,0,S/D,S/D,S/D,0
106144,JEPELACIO,SAN MARTIN,MOYOBAMBA,mpas15,pp,20260905,20261004,00Z,D1,6h,S/D,S/D,S/D,0,S/D,S/D,S/D,0,S/D,S/D,S/D,0,S/D,S/D,S/D,0,S/D,S/D,S/D,0
106145,TINGO DE PONAZA,SAN MARTIN,PICOTA,ecmwf,pp,20260905,20261004,"00Z,12Z",D1,6h,S/D,S/D,S/D,0,S/D,S/D,S/D,0,S/D,S/D,S/D,0,S/D,S/D,S/D,0,S/D,S/D,S/D,0
106145,TINGO DE PONAZA,SAN MARTIN,PICOTA,gfs,pp,20260905,20261004,"00Z,12Z",D1,6h,S/D,S/D,S/D,0,S/D,S/D,S/D,0,S/D,S/D,S/D,0,S/D,S/D,S/D,0,S/D,S/D,S/D,0
106145,TINGO DE PONAZA,SAN MARTIN,PICOTA,eta5,pp,20260905,20261004,"00Z,12Z",D1,6h,S/D,S/D,S/D,0,S/D,S/D,S/D,0,S/D,S/D,S/D,0,S/D,S/D,S/D,0,S/D,S/D,S/D,0
106145,TINGO DE PONAZA,SAN MARTIN,PICOTA,wrf5,pp,20260905,20261004,"00Z,12Z",D1,6h,S/D,S/D,S/D,0,S/D,S/D,S/D,0,S/D,S/D,S/D,0,S/D,S/D,S/D,0,S/D,S/D,S/D,0
106145,TINGO DE PONAZA,SAN MARTIN,PICOTA,mpas15,pp,20260905,20261004,00Z,D1,6h,S/D,S/D,S/D,0,S/D,S/D,S/D,0,S/D,S/D,S/D,0,S/D,S/D,S/D,0,S/D,S/D,S/D,0
4724851A,NARANJILLO,SAN MARTIN,RIOJA,ecmwf,pp,20260905,20261004,"00Z,12Z",D1,6h,1.37,3.45,0.371,214,0.969,0.8,0.199,32,0.8,0.835,0.158,20,0.625,0.8,0.179,8,0.0,S/D,0.0,2
4724851A,NARANJILLO,SAN MARTIN,RIOJA,gfs,pp,20260905,20261004,"00Z,12Z",D1,6h,0.586,3.29,0.349,214,1.0,0.794,0.206,32,0.65,0.851,0.138,20,0.125,0.857,0.071,8,0.0,S/D,0.0,2
4724851A,NARANJILLO,SAN MARTIN,RIOJA,eta5,pp,20260905,20261004,"00Z,12Z",D1,6h,2.097,5.355,0.212,175,0.741,0.84,0.152,27,0.632,0.865,0.125,19,0.5,0.879,0.108,8,0.0,1.0,0.0,2
4724851A,NARANJILLO,SAN MARTIN,RIOJA,wrf5,pp,20260905,20261004,"00Z,12Z",D1,6h,0.369,4.55,0.398,211,0.75,0.647,0.316,32,0.45,0.763,0.184,20,0.0,1.0,0.0,8,0.0,1.0,0.0,2
4724851A,NARANJILLO,SAN MARTIN,RIOJA,mpas15,pp,20260905,20261004,00Z,D1,6h,1.317,2.98,0.393,107,0.938,0.737,0.259,16,0.8,0.826,0.167,10,0.75,0.842,0.15,4,0.0,S/D,0.0,1
4723013A,EL PORVENIR,SAN MARTIN,SAN MARTIN,ecmwf,pp,20260905,20261004,"00Z,12Z",D1,6h,1.659,5.022,0.452,198,1.0,0.805,0.195,22,0.875,0.794,0.2,16,1.0,0.789,0.211,4,S/D,1.0,0.0,0
4723013A,EL PORVENIR,SAN MARTIN,SAN MARTIN,gfs,pp,20260905,20261004,"00Z,12Z",D1,6h,0.906,2.694,0.369,198,0.818,0.822,0.171,22,0.875,0.778,0.215,16,1.0,0.692,0.308,4,S/D,1.0,0.0,0
4723013A,EL PORVENIR,SAN MARTIN,SAN MARTIN,eta5,pp,20260905,20261004,"00Z,12Z",D1,6h,2.045,4.898,0.328,169,0.833,0.839,0.156,18,0.846,0.853,0.143,13,0.75,0.889,0.107,4,S/D,1.0,0.0,0
4723013A,EL PORVENIR,SAN MARTIN,SAN MARTIN,wrf5,pp,20260905,20261004,"00Z,12Z",D1,6h,-0.04,2.579,0.441,195,0.5,0.593,0.289,22,0.438,0.5,0.304,16,0.5,0.5,0.333,4,S/D,S/D,S/D,0
4723013A,EL PORVENIR,SAN MARTIN,SAN MARTIN,mpas15,pp,20260905,20261004,00Z,D1,6h,0.983,2.382,0.387,99,0.909,0.737,0.256,11,0.875,0.774,0.219,8,1.0,0.818,0.182,2,S/D,1.0,0.0,0
47E2E456,TOCACHE,SAN MARTIN,TOCACHE,ecmwf,pp,20260905,20261004,"00Z,12Z",D1,6h,1.368,3.037,0.312,230,0.958,0.855,0.144,24,S/D,1.0,0.0,0,S/D,1.0,0.0,0,S/D,S/D,S/D,0
47E2E456,TOCACHE,SAN MARTIN,TOCACHE,gfs,pp,20260905,20261004,"00Z,12Z",D1,6h,1.698,2.997,0.229,230,1.0,0.859,0.141,24,S/D,1.0,0.0,0,S/D,1.0,0.0,0,S/D,S/D,S/D,0
47E2E456,TOCACHE,SAN MARTIN,TOCACHE,eta5,pp,20260905,20261004,"00Z,12Z",D1,6h,3.898,6.454,0.144,188,0.762,0.872,0.123,21,S/D,1.0,0.0,0,S/D,1.0,0.0,0,S/D,S/D,S/D,0
47E2E456,TOCACHE,SAN MARTIN,TOCACHE,wrf5,pp,20260905,20261004,"00Z,12Z",D1,6h,1.419,5.412,0.266,226,0.609,0.788,0.187,23,S/D,1.0,0.0,0,S/D,1.0,0.0,0,S/D,1.0,0.0,0
47E2E456,TOCACHE,SAN MARTIN,TOCACHE,mpas15,pp,20260905,20261004,00Z,D1,6h,2.503,4.513,0.338,115,1.0,0.844,0.156,12,S/D,1.0,0.0,0,S/D,1.0,0.0,0,S/D,S/D,S/D,0
47E2C2BA,CANDARAVE,TACNA,CANDARAVE,ecmwf,pp,20260905,20261004,"00Z,12Z",D1,6h,0.032,0.185,0.228,234,1.0,0.778,0.222,2,S/D,1.0,0.0,0,S/D,S/D,S/D,0,S/D,S/D,S/D,0
47E2C2BA,CANDARAVE,TACNA,CANDARAVE,gfs,pp,20260905,20261004,"00Z,12Z",D1,6h,0.071,0.341,0.252,234,1.0,0.895,0.105,2,S/D,1.0,0.0,0,S/D,S/D,S/D,0,S/D,S/D,S/D,0
47E2C2BA,CANDARAVE,TACNA,CANDARAVE,eta5,pp,20260905,20261004,"00Z,12Z",D1,6h,0.047,0.35,0.432,189,1.0,0.714,0.286,2,S/D,1.0,0.0,0,S/D,S/D,S/D,0,S/D,S/D,S/D,0
47E2C2BA,CANDARAVE,TACNA,CANDARAVE,wrf5,pp,20260905,20261004,"00Z,12Z",D1,6h,0.031,0.299,-0.02,230,0.0,1.0,0.0,2,S/D,1.0,0.0,0,S/D,S/D,S/D,0,S/D,S/D,S/D,0
47E2C2BA,CANDARAVE,TACNA,CANDARAVE,mpas15,pp,20260905,20261004,00Z,D1,6h,0.037,0.232,-0.066,117,0.0,1.0,0.0,1,S/D,1.0,0.0,0,S/D,S/D,S/D,0,S/D,S/D,S/D,0
47E1654C,CORACHAY II,TACNA,CANDARAVE,ecmwf,pp,20260905,20261004,"00Z,12Z",D1,6h,0.12,0.424,0.209,234,0.75,0.912,0.086,4,S/D,1.0,0.0,0,S/D,S/D,S/D,0,S/D,S/D,S/D,0
47E1654C,CORACHAY II,TACNA,CANDARAVE,gfs,pp,20260905,20261004,"00Z,12Z",D1,6h,0.157,0.638,0.327,234,1.0,0.886,0.114,4,S/D,1.0,0.0,0,S/D,1.0,0.0,0,S/D,S/D,S/D,0
47E1654C,CORACHAY II,TACNA,CANDARAVE,eta5,pp,20260905,20261004,"00Z,12Z",D1,6h,0.077,0.409,0.365,189,1.0,0.7,0.3,3,S/D,1.0,0.0,0,S/D,S/D,S/D,0,S/D,S/D,S/D,0
47E1654C,CORACHAY II,TACNA,CANDARAVE,wrf5,pp,20260905,20261004,"00Z,12Z",D1,6h,0.084,0.516,0.375,230,0.75,0.769,0.214,4,S/D,1.0,0.0,0,S/D,1.0,0.0,0,S/D,S/D,S/D,0
47E1654C,CORACHAY II,TACNA,CANDARAVE,mpas15,pp,20260905,20261004,00Z,D1,6h,0.084,0.351,0.076,117,0.5,0.9,0.091,2,S/D,1.0,0.0,0,S/D,S/D,S/D,0,S/D,S/D,S/D,0
47E12646,LAGUNA ARICOTA,TACNA,CANDARAVE,ecmwf,pp,20260905,20261004,"00Z,12Z",D1,6h,0.031,0.184,S/D,236,S/D,1.0,0.0,0,S/D,1.0,0.0,0,S/D,S/D,S/D,0,S/D,S/D,S/D,0
47E12646,LAGUNA ARICOTA,TACNA,CANDARAVE,gfs,pp,20260905,20261004,"00Z,12Z",D1,6h,0.074,0.352,S/D,236,S/D,1.0,0.0,0,S/D,1.0,0.0,0,S/D,S/D,S/D,0,S/D,S/D,S/D,0
47E12646,LAGUNA ARICOTA,TACNA,CANDARAVE,eta5,pp,20260905,20261004,"00Z,12Z",D1,6h,0.011,0.084,S/D,191,S/D,1.0,0.0,0,S/D,S/D,S/D,0,S/D,S/D,S/D,0,S/D,S/D,S/D,0
47E12646,LAGUNA ARICOTA,TACNA,CANDARAVE,wrf5,pp,20260905,20261004,"00Z,12Z",D1,6h,0.027,0.264,S/D,232,S/D,1.0,0.0,0,S/D,1.0,0.0,0,S/D,S/D,S/D,0,S/D,S/D,S/D,0
47E12646,LAGUNA ARICOTA,TACNA,CANDARAVE,mpas15,pp,20260905,20261004,00Z,D1,6h,0.008,0.092,S/D,118,S/D,1.0,0.0,0,S/D,1.0,0.0,0,S/D,S/D,S/D,0,S/D,S/D,S/D,0
47E186BE,PUENTE VIEJO,TACNA,JORGE BASADRE,ecmwf,pp,20260905,20261004,"00Z,12Z",D1,6h,-0.321,2.126,0.029,232,0.167,0.833,0.091,30,0.0,S/D,0.0,12,0.0,S/D,0.0,4,S/D,S/D,S/D,0
47E186BE,PUENTE VIEJO,TACNA,JORGE BASADRE,gfs,pp,20260905,20261004,"00Z,12Z",D1,6h,-0.355,2.13,0.174,232,0.0,S/D,0.0,30,0.0,S/D,0.0,12,0.0,S/D,0.0,4,S/D,S/D,S/D,0
47E186BE,PUENTE VIEJO,TACNA,JORGE BASADRE,eta5,pp,20260905,20261004,"00Z,12Z",D1,6h,-0.293,1.757,-0.041,188,0.0,S/D,0.0,26,0.0,S/D,0.0,9,0.0,S/D,0.0,3,S/D,S/D,S/D,0
47E186BE,PUENTE VIEJO,TACNA,JORGE BASADRE,wrf5,pp,20260905,20261004,"00Z,12Z",D1,6h,-0.358,2.144,0.018,229,0.0,1.0,0.0,30,0.0,S/D,0.0,12,0.0,S/D,0.0,4,S/D,S/D,S/D,0
47E186BE,PUENTE VIEJO,TACNA,JORGE BASADRE,mpas15,pp,20260905,20261004,00Z,D1,6h,-0.344,2.132,-0.015,116,0.0,1.0,0.0,15,0.0,S/D,0.0,6,0.0,S/D,0.0,2,S/D,S/D,S/D,0
47E2B42A,BOCATOMA EL AYRO,TACNA,TACNA,ecmwf,pp,20260905,20261004,"00Z,12Z",D1,6h,0.07,0.354,0.275,234,0.833,0.833,0.161,6,0.0,1.0,0.0,2,S/D,S/D,S/D,0,S/D,S/D,S/D,0
47E2B42A,BOCATOMA EL AYRO,TACNA,TACNA,gfs,pp,20260905,20261004,"00Z,12Z",D1,6h,0.193,0.867,0.427,234,1.0,0.778,0.222,6,1.0,0.833,0.167,2,S/D,1.0,0.0,0,S/D,S/D,S/D,0
47E2B42A,BOCATOMA EL AYRO,TACNA,TACNA,eta5,pp,20260905,20261004,"00Z,12Z",D1,6h,0.127,0.582,0.415,189,1.0,0.692,0.308,4,1.0,0.75,0.25,2,S/D,S/D,S/D,0,S/D,S/D,S/D,0
47E2B42A,BOCATOMA EL AYRO,TACNA,TACNA,wrf5,pp,20260905,20261004,"00Z,12Z",D1,6h,0.075,0.629,0.511,230,1.0,0.667,0.333,6,0.5,0.8,0.167,2,S/D,1.0,0.0,0,S/D,S/D,S/D,0
47E2B42A,BOCATOMA EL AYRO,TACNA,TACNA,mpas15,pp,20260905,20261004,00Z,D1,6h,0.108,0.671,0.313,117,1.0,0.5,0.5,3,1.0,0.8,0.2,1,S/D,1.0,0.0,0,S/D,S/D,S/D,0
47E143A0,CAPLINA,TACNA,TACNA,ecmwf,pp,20260905,20261004,"00Z,12Z",D1,6h,0.003,0.066,0.382,228,0.5,0.5,0.333,6,S/D,S/D,S/D,0,S/D,S/D,S/D,0,S/D,S/D,S/D,0
47E143A0,CAPLINA,TACNA,TACNA,gfs,pp,20260905,20261004,"00Z,12Z",D1,6h,0.056,0.291,0.53,228,0.833,0.615,0.357,6,S/D,1.0,0.0,0,S/D,S/D,S/D,0,S/D,S/D,S/D,0
47E143A0,CAPLINA,TACNA,TACNA,eta5,pp,20260905,20261004,"00Z,12Z",D1,6h,0.067,0.454,0.464,186,0.75,0.625,0.333,4,S/D,1.0,0.0,0,S/D,1.0,0.0,0,S/D,S/D,S/D,0
47E143A0,CAPLINA,TACNA,TACNA,wrf5,pp,20260905,20261004,"00Z,12Z",D1,6h,0.088,0.53,0.605,224,0.833,0.615,0.357,6,S/D,1.0,0.0,0,S/D,1.0,0.0,0,S/D,S/D,S/D,0
47E143A0,CAPLINA,TACNA,TACNA,mpas15,pp,20260905,20261004,00Z,D1,6h,0.036,0.239,0.279,114,0.667,0.333,0.5,3,S/D,1.0,0.0,0,S/D,S/D,S/D,0,S/D,S/D,S/D,0
47E13530,CERRO BLANCO,TACNA,TACNA,ecmwf,pp,20260905,20261004,"00Z,12Z",D1,6h,-0.084,0.24,0.592,232,0.227,0.167,0.217,44,0.0,S/D,0.0,2,S/D,S/D,S/D,0,S/D,S/D,S/D,0
47E13530,CERRO BLANCO,TACNA,TACNA,gfs,pp,20260905,20261004,"00Z,12Z",D1,6h,-0.099,0.268,-0.032,232,0.0,S/D,0.0,44,0.0,S/D,0.0,2,S/D,S/D,S/D,0,S/D,S/D,S/D,0
47E13530,CERRO BLANCO,TACNA,TACNA,eta5,pp,20260905,20261004,"00Z,12Z",D1,6h,-0.102,0.275,S/D,188,0.0,S/D,0.0,38,0.0,S/D,0.0,2,S/D,S/D,S/D,0,S/D,S/D,S/D,0
47E13530,CERRO BLANCO,TACNA,TACNA,wrf5,pp,20260905,20261004,"00Z,12Z",D1,6h,-0.098,0.269,0.39,228,0.0,1.0,0.0,44,0.0,S/D,0.0,2,S/D,S/D,S/D,0,S/D,S/D,S/D,0
47E13530,CERRO BLANCO,TACNA,TACNA,mpas15,pp,20260905,20261004,00Z,D1,6h,-0.099,0.268,-0.064,116,0.0,S/D,0.0,22,0.0,S/D,0.0,1,S/D,S/D,S/D,0,S/D,S/D,S/D,0
47E195C8,CHALLATA,TACNA,TACNA,ecmwf,pp,20260905,20261004,"00Z,12Z",D1,6h,0.011,0.069,S/D,230,S/D,1.0,0.0,0,S/D,S/D,S/D,0,S/D,S/D,S/D,0,S/D,S/D,S/D,0
47E195C8,CHALLATA,TACNA,TACNA,gfs,pp,20260905,20261004,"00Z,12Z",D1,6h,0.064,0.316,S/D,230,S/D,1.0,0.0,0,S/D,1.0,0.0,0,S/D,S/D,S/D,0,S/D,S/D,S/D,0
47E195C8,CHALLATA,TACNA,TACNA,eta5,pp,20260905,20261004,"00Z,12Z",D1,6h,0.024,0.272,S/D,187,S/D,1.0,0.0,0,S/D,1.0,0.0,0,S/D,S/D,S/D,0,S/D,S/D,S/D,0
47E195C8,CHALLATA,TACNA,TACNA,wrf5,pp,20260905,20261004,"00Z,12Z",D1,6h,0.004,0.044,S/D,226,S/D,1.0,0.0,0,S/D,S/D,S/D,0,S/D,S/D,S/D,0,S/D,S/D,S/D,0
47E195C8,CHALLATA,TACNA,TACNA,mpas15,pp,20260905,20261004,00Z,D1,6h,0.0,0.0,S/D,115,S/D,S/D,S/D,0,S/D,S/D,S/D,0,S/D,S/D,S/D,0,S/D,S/D,S/D,0
4722F344,LA TRANCA,TACNA,TACNA,ecmwf,pp,20260905,20261004,"00Z,12Z",D1,6h,S/D,S/D,S/D,0,S/D,S/D,S/D,0,S/D,S/D,S/D,0,S/D,S/D,S/D,0,S/D,S/D,S/D,0
4722F344,LA TRANCA,TACNA,TACNA,gfs,pp,20260905,20261004,"00Z,12Z",D1,6h,S/D,S/D,S/D,0,S/D,S/D,S/D,0,S/D,S/D,S/D,0,S/D,S/D,S/D,0,S/D,S/D,S/D,0
4722F344,LA TRANCA,TACNA,TACNA,eta5,pp,20260905,20261004,"00Z,12Z",D1,6h,S/D,S/D,S/D,0,S/D,S/D,S/D,0,S/D,S/D,S/D,0,S/D,S/D,S/D,0,S/D,S/D,S/D,0
4722F344,LA TRANCA,TACNA,TACNA,wrf5,pp,20260905,20261004,"00Z,12Z",D1,6h,S/D,S/D,S/D,0,S/D,S/D,S/D,0,S/D,S/D,S/D,0,S/D,S/D,S/D,0,S/D,S/D,S/D,0
4722F344,LA TRANCA,TACNA,TACNA,mpas15,pp,20260905,20261004,00Z,D1,6h,S/D,S/D,S/D,0,S/D,S/D,S/D,0,S/D,S/D,S/D,0,S/D,S/D,S/D,0,S/D,S/D,S/D,0
47E113DC,REPRESA PAUCARANI,TACNA,TACNA,ecmwf,pp,20260905,20261004,"00Z,12Z",D1,6h,0.077,0.327,0.319,232,0.625,0.815,0.167,8,S/D,1.0,0.0,0,S/D,S/D,S/D,0,S/D,S/D,S/D,0
47E113DC,REPRESA PAUCARANI,TACNA,TACNA,gfs,pp,20260905,20261004,"00Z,12Z",D1,6h,0.141,0.681,0.362,232,0.75,0.739,0.24,8,S/D,1.0,0.0,0,S/D,1.0,0.0,0,S/D,S/D,S/D,0
47E113DC,REPRESA PAUCARANI,TACNA,TACNA,eta5,pp,20260905,20261004,"00Z,12Z",D1,6h,0.117,0.585,0.31,188,0.667,0.789,0.19,6,S/D,1.0,0.0,0,S/D,1.0,0.0,0,S/D,S/D,S/D,0
47E113DC,REPRESA PAUCARANI,TACNA,TACNA,wrf5,pp,20260905,20261004,"00Z,12Z",D1,6h,0.117,0.818,0.438,228,0.625,0.688,0.263,8,S/D,1.0,0.0,0,S/D,1.0,0.0,0,S/D,S/D,S/D,0
47E113DC,REPRESA PAUCARANI,TACNA,TACNA,mpas15,pp,20260905,20261004,00Z,D1,6h,0.028,0.211,0.277,116,0.5,0.333,0.4,4,S/D,1.0,0.0,0,S/D,S/D,S/D,0,S/D,S/D,S/D,0
117059,ANCOAQUE,TACNA,TARATA,ecmwf,pp,20260905,20261004,"00Z,12Z",D1,6h,0.069,0.355,0.234,180,0.667,0.714,0.25,6,S/D,1.0,0.0,0,S/D,S/D,S/D,0,S/D,S/D,S/D,0
117059,ANCOAQUE,TACNA,TARATA,gfs,pp,20260905,20261004,"00Z,12Z",D1,6h,0.144,0.7,0.306,180,0.667,0.818,0.167,6,S/D,1.0,0.0,0,S/D,1.0,0.0,0,S/D,S/D,S/D,0
117059,ANCOAQUE,TACNA,TARATA,eta5,pp,20260905,20261004,"00Z,12Z",D1,6h,0.086,0.406,0.27,145,0.6,0.727,0.231,5,S/D,1.0,0.0,0,S/D,S/D,S/D,0,S/D,S/D,S/D,0
117059,ANCOAQUE,TACNA,TARATA,wrf5,pp,20260905,20261004,"00Z,12Z",D1,6h,0.117,0.854,0.35,177,0.667,0.692,0.267,6,S/D,1.0,0.0,0,S/D,1.0,0.0,0,S/D,S/D,S/D,0
117059,ANCOAQUE,TACNA,TARATA,mpas15,pp,20260905,20261004,00Z,D1,6h,0.273,0.918,0.308,90,1.0,0.727,0.273,3,S/D,1.0,0.0,0,S/D,1.0,0.0,0,S/D,S/D,S/D,0
47E292C6,CHUAPALCA,TACNA,TARATA,ecmwf,pp,20260905,20261004,"00Z,12Z",D1,6h,0.071,0.39,0.289,228,1.0,0.818,0.182,4,S/D,1.0,0.0,0,S/D,S/D,S/D,0,S/D,S/D,S/D,0
47E292C6,CHUAPALCA,TACNA,TARATA,gfs,pp,20260905,20261004,"00Z,12Z",D1,6h,0.214,0.89,0.347,228,1.0,0.867,0.133,4,S/D,1.0,0.0,0,S/D,1.0,0.0,0,S/D,S/D,S/D,0
47E292C6,CHUAPALCA,TACNA,TARATA,eta5,pp,20260905,20261004,"00Z,12Z",D1,6h,0.165,0.678,0.369,183,1.0,0.824,0.176,3,S/D,1.0,0.0,0,S/D,S/D,S/D,0,S/D,S/D,S/D,0
47E292C6,CHUAPALCA,TACNA,TARATA,wrf5,pp,20260905,20261004,"00Z,12Z",D1,6h,0.092,0.462,0.392,224,1.0,0.8,0.2,4,S/D,1.0,0.0,0,S/D,S/D,S/D,0,S/D,S/D,S/D,0
47E292C6,CHUAPALCA,TACNA,TARATA,mpas15,pp,20260905,20261004,00Z,D1,6h,0.231,0.776,0.231,114,1.0,0.875,0.125,2,S/D,1.0,0.0,0,S/D,1.0,0.0,0,S/D,S/D,S/D,0
47E150D6,PUENTE TALAPALCA,TACNA,TARATA,ecmwf,pp,20260905,20261004,"00Z,12Z",D1,6h,0.006,0.034,S/D,228,S/D,1.0,0.0,0,S/D,S/D,S/D,0,S/D,S/D,S/D,0,S/D,S/D,S/D,0
47E150D6,PUENTE TALAPALCA,TACNA,TARATA,gfs,pp,20260905,20261004,"00Z,12Z",D1,6h,0.012,0.074,S/D,228,S/D,1.0,0.0,0,S/D,S/D,S/D,0,S/D,S/D,S/D,0,S/D,S/D,S/D,0
47E150D6,PUENTE TALAPALCA,TACNA,TARATA,eta5,pp,20260905,20261004,"00Z,12Z",D1,6h,0.031,0.222,S/D,185,S/D,1.0,0.0,0,S/D,1.0,0.0,0,S/D,S/D,S/D,0,S/D,S/D,S/D,0
47E150D6,PUENTE TALAPALCA,TACNA,TARATA,wrf5,pp,20260905,20261004,"00Z,12Z",D1,6h,0.005,0.042,S/D,224,S/D,1.0,0.0,0,S/D,S/D,S/D,0,S/D,S/D,S/D,0,S/D,S/D,S/D,0
47E150D6,PUENTE TALAPALCA,TACNA,TARATA,mpas15,pp,20260905,20261004,00Z,D1,6h,0.026,0.162,S/D,114,S/D,1.0,0.0,0,S/D,1.0,0.0,0,S/D,S/D,S/D,0,S/D,S/D,S/D,0
47E1B324,REPRESA JARUMAS,TACNA,TARATA,ecmwf,pp,20260905,20261004,"00Z,12Z",D1,6h,0.079,0.434,0.134,234,0.375,0.824,0.136,8,S/D,1.0,0.0,0,S/D,S/D,S/D,0,S/D,S/D,S/D,0
47E1B324,REPRESA JARUMAS,TACNA,TARATA,gfs,pp,20260905,20261004,"00Z,12Z",D1,6h,0.144,0.716,0.186,234,0.5,0.857,0.125,8,S/D,1.0,0.0,0,S/D,1.0,0.0,0,S/D,S/D,S/D,0
47E1B324,REPRESA JARUMAS,TACNA,TARATA,eta5,pp,20260905,20261004,"00Z,12Z",D1,6h,0.112,0.553,0.174,190,0.429,0.812,0.15,7,S/D,1.0,0.0,0,S/D,S/D,S/D,0,S/D,S/D,S/D,0
47E1B324,REPRESA JARUMAS,TACNA,TARATA,wrf5,pp,20260905,20261004,"00Z,12Z",D1,6h,0.12,0.773,0.242,230,0.375,0.786,0.158,8,S/D,1.0,0.0,0,S/D,1.0,0.0,0,S/D,S/D,S/D,0
47E1B324,REPRESA JARUMAS,TACNA,TARATA,mpas15,pp,20260905,20261004,00Z,D1,6h,0.056,0.302,0.158,117,0.25,0.857,0.1,4,S/D,1.0,0.0,0,S/D,S/D,S/D,0,S/D,S/D,S/D,0
47E1763A,SALIDA TUNEL KOVIRE,TACNA,TARATA,ecmwf,pp,20260905,20261004,"00Z,12Z",D1,6h,0.07,0.392,0.377,234,0.75,0.647,0.316,8,S/D,1.0,0.0,0,S/D,S/D,S/D,0,S/D,S/D,S/D,0
47E1763A,SALIDA TUNEL KOVIRE,TACNA,TARATA,gfs,pp,20260905,20261004,"00Z,12Z",D1,6h,0.136,0.663,0.488,234,1.0,0.714,0.286,8,S/D,1.0,0.0,0,S/D,1.0,0.0,0,S/D,S/D,S/D,0
47E1763A,SALIDA TUNEL KOVIRE,TACNA,TARATA,eta5,pp,20260905,20261004,"00Z,12Z",D1,6h,0.107,0.56,0.446,189,1.0,0.688,0.312,5,S/D,1.0,0.0,0,S/D,1.0,0.0,0,S/D,S/D,S/D,0
47E1763A,SALIDA TUNEL KOVIRE,TACNA,TARATA,wrf5,pp,20260905,20261004,"00Z,12Z",D1,6h,0.11,0.726,0.538,230,0.875,0.5,0.467,8,S/D,1.0,0.0,0,S/D,1.0,0.0,0,S/D,S/D,S/D,0
47E1763A,SALIDA TUNEL KOVIRE,TACNA,TARATA,mpas15,pp,20260905,20261004,00Z,D1,6h,0.065,0.324,0.317,117,0.75,0.571,0.375,4,S/D,1.0,0.0,0,S/D,S/D,S/D,0,S/D,S/D,S/D,0
47E2D1CC,TARATA,TACNA,TARATA,ecmwf,pp,20260905,20261004,"00Z,12Z",D1,6h,0.022,0.196,0.572,234,0.5,0.545,0.312,10,0.5,0.667,0.25,2,S/D,S/D,S/D,0,S/D,S/D,S/D,0
47E2D1CC,TARATA,TACNA,TARATA,gfs,pp,20260905,20261004,"00Z,12Z",D1,6h,0.08,0.407,0.558,234,0.8,0.6,0.364,10,1.0,0.75,0.25,2,S/D,S/D,S/D,0,S/D,S/D,S/D,0
47E2D1CC,TARATA,TACNA,TARATA,eta5,pp,20260905,20261004,"00Z,12Z",D1,6h,0.056,0.408,0.562,189,0.714,0.444,0.455,7,0.0,1.0,0.0,1,S/D,S/D,S/D,0,S/D,S/D,S/D,0
47E2D1CC,TARATA,TACNA,TARATA,wrf5,pp,20260905,20261004,"00Z,12Z",D1,6h,0.025,0.256,0.655,230,0.4,0.333,0.333,10,0.0,1.0,0.0,2,S/D,S/D,S/D,0,S/D,S/D,S/D,0
47E2D1CC,TARATA,TACNA,TARATA,mpas15,pp,20260905,20261004,00Z,D1,6h,0.063,0.294,0.408,117,1.0,0.167,0.833,5,1.0,0.8,0.2,1,S/D,S/D,S/D,0,S/D,S/D,S/D,0
47E2A75C,VILACOTA,TACNA,TARATA,ecmwf,pp,20260905,20261004,"00Z,12Z",D1,6h,0.119,0.435,0.262,236,1.0,0.871,0.129,4,S/D,1.0,0.0,0,S/D,S/D,S/D,0,S/D,S/D,S/D,0
47E2A75C,VILACOTA,TACNA,TARATA,gfs,pp,20260905,20261004,"00Z,12Z",D1,6h,0.199,0.837,0.314,236,1.0,0.862,0.138,4,S/D,1.0,0.0,0,S/D,1.0,0.0,0,S/D,S/D,S/D,0
47E2A75C,VILACOTA,TACNA,TARATA,eta5,pp,20260905,20261004,"00Z,12Z",D1,6h,0.106,0.509,0.358,192,1.0,0.75,0.25,4,S/D,1.0,0.0,0,S/D,S/D,S/D,0,S/D,S/D,S/D,0
47E2A75C,VILACOTA,TACNA,TARATA,wrf5,pp,20260905,20261004,"00Z,12Z",D1,6h,0.082,0.549,0.322,232,1.0,0.765,0.235,4,S/D,1.0,0.0,0,S/D,1.0,0.0,0,S/D,S/D,S/D,0
47E2A75C,VILACOTA,TACNA,TARATA,mpas15,pp,20260905,20261004,00Z,D1,6h,0.378,1.195,0.243,118,1.0,0.889,0.111,2,S/D,1.0,0.0,0,S/D,1.0,0.0,0,S/D,S/D,S/D,0
472F13D0,CAÑAVERAL,TUMBES,CONTRALMIRANTE VILLAR,ecmwf,pp,20260905,20261004,"00Z,12Z",D1,6h,-0.374,6.666,0.329,234,0.688,0.804,0.18,16,0.9,0.591,0.391,10,0.375,0.0,0.375,8,0.0,S/D,0.0,2
472F13D0,CAÑAVERAL,TUMBES,CONTRALMIRANTE VILLAR,gfs,pp,20260905,20261004,"00Z,12Z",D1,6h,-0.554,6.653,0.35,234,0.688,0.807,0.177,16,0.9,0.471,0.5,10,0.375,0.0,0.375,8,0.0,S/D,0.0,2
472F13D0,CAÑAVERAL,TUMBES,CONTRALMIRANTE VILLAR,eta5,pp,20260905,20261004,"00Z,12Z",D1,6h,0.352,5.959,0.114,190,0.667,0.913,0.083,9,0.6,0.929,0.068,5,0.2,0.857,0.091,5,0.0,S/D,0.0,1
472F13D0,CAÑAVERAL,TUMBES,CONTRALMIRANTE VILLAR,wrf5,pp,20260905,20261004,"00Z,12Z",D1,6h,-0.769,6.934,0.312,230,0.562,0.7,0.243,16,0.4,0.429,0.308,10,0.0,S/D,0.0,8,0.0,S/D,0.0,2
472F13D0,CAÑAVERAL,TUMBES,CONTRALMIRANTE VILLAR,mpas15,pp,20260905,20261004,00Z,D1,6h,-0.728,6.886,0.267,117,0.375,0.75,0.176,8,0.2,0.833,0.1,5,0.0,S/D,0.0,4,0.0,S/D,0.0,1
47E01126,CABO INGA H,TUMBES,TUMBES,ecmwf,pp,20260905,20261004,"00Z,12Z",D1,6h,-0.666,5.811,0.425,228,0.692,0.604,0.336,52,0.727,0.579,0.364,22,0.357,0.375,0.294,14,0.0,S/D,0.0,4
47E01126,CABO INGA H,TUMBES,TUMBES,gfs,pp,20260905,20261004,"00Z,12Z",D1,6h,-0.924,5.982,0.453,228,0.635,0.577,0.34,52,0.5,0.593,0.289,22,0.286,0.2,0.267,14,0.0,S/D,0.0,4
47E01126,CABO INGA H,TUMBES,TUMBES,eta5,pp,20260905,20261004,"00Z,12Z",D1,6h,0.781,5.765,0.243,185,0.65,0.714,0.248,40,0.647,0.836,0.151,17,0.4,0.833,0.133,10,0.0,S/D,0.0,2
47E01126,CABO INGA H,TUMBES,TUMBES,wrf5,pp,20260905,20261004,"00Z,12Z",D1,6h,-0.792,5.846,0.45,224,0.577,0.444,0.395,52,0.455,0.524,0.303,22,0.286,0.333,0.25,14,0.25,0.0,0.25,4
47E01126,CABO INGA H,TUMBES,TUMBES,mpas15,pp,20260905,20261004,00Z,D1,6h,-1.068,6.453,0.164,114,0.346,0.64,0.214,26,0.364,0.75,0.174,11,0.143,0.0,0.143,7,0.0,S/D,0.0,2
472F00A6,CABO INGA M,TUMBES,TUMBES,ecmwf,pp,20260905,20261004,"00Z,12Z",D1,6h,-0.941,6.603,0.462,232,0.731,0.582,0.362,52,0.708,0.564,0.37,24,0.375,0.333,0.316,16,0.0,S/D,0.0,4
472F00A6,CABO INGA M,TUMBES,TUMBES,gfs,pp,20260905,20261004,"00Z,12Z",D1,6h,-1.179,6.742,0.449,232,0.615,0.584,0.33,52,0.542,0.552,0.325,24,0.312,0.167,0.294,16,0.0,S/D,0.0,4
472F00A6,CABO INGA M,TUMBES,TUMBES,eta5,pp,20260905,20261004,"00Z,12Z",D1,6h,0.596,6.202,0.279,187,0.703,0.714,0.255,37,0.706,0.826,0.162,17,0.455,0.8,0.161,11,0.0,S/D,0.0,2
472F00A6,CABO INGA M,TUMBES,TUMBES,wrf5,pp,20260905,20261004,"00Z,12Z",D1,6h,-0.983,6.567,0.431,228,0.519,0.46,0.36,52,0.542,0.519,0.342,24,0.312,0.375,0.263,16,0.25,0.0,0.25,4
472F00A6,CABO INGA M,TUMBES,TUMBES,mpas15,pp,20260905,20261004,00Z,D1,6h,-1.366,7.274,0.186,116,0.346,0.64,0.214,26,0.333,0.75,0.167,12,0.125,0.0,0.125,8,0.0,S/D,0.0,2
472EF2D8,CAMPAMENTO SEDE,TUMBES,TUMBES,ecmwf,pp,20260905,20261004,"00Z,12Z",D1,6h,0.311,1.985,0.226,168,0.562,0.775,0.191,16,0.0,1.0,0.0,2,0.0,1.0,0.0,2,S/D,S/D,S/D,0
472EF2D8,CAMPAMENTO SEDE,TUMBES,TUMBES,gfs,pp,20260905,20261004,"00Z,12Z",D1,6h,-0.026,0.995,0.152,168,0.375,0.824,0.136,16,0.0,1.0,0.0,2,0.0,S/D,0.0,2,S/D,S/D,S/D,0
472EF2D8,CAMPAMENTO SEDE,TUMBES,TUMBES,eta5,pp,20260905,20261004,"00Z,12Z",D1,6h,1.095,3.538,0.067,131,0.5,0.867,0.118,12,1.0,0.96,0.04,1,0.0,1.0,0.0,1,S/D,S/D,S/D,0
472EF2D8,CAMPAMENTO SEDE,TUMBES,TUMBES,wrf5,pp,20260905,20261004,"00Z,12Z",D1,6h,-0.055,0.995,0.0,167,0.25,0.778,0.133,16,0.0,1.0,0.0,2,0.0,S/D,0.0,2,S/D,S/D,S/D,0
472EF2D8,CAMPAMENTO SEDE,TUMBES,TUMBES,mpas15,pp,20260905,20261004,00Z,D1,6h,0.089,1.266,0.159,84,0.375,0.7,0.2,8,1.0,0.833,0.167,1,0.0,1.0,0.0,1,S/D,S/D,S/D,0
4724A3F6,EL TIGRE,TUMBES,TUMBES,ecmwf,pp,20260905,20261004,"00Z,12Z",D1,6h,0.538,1.98,0.26,222,1.0,0.905,0.095,8,1.0,0.926,0.074,2,0.0,1.0,0.0,2,S/D,S/D,S/D,0
4724A3F6,EL TIGRE,TUMBES,TUMBES,gfs,pp,20260905,20261004,"00Z,12Z",D1,6h,0.142,0.723,0.219,222,0.625,0.917,0.079,8,1.0,0.833,0.167,2,0.0,1.0,0.0,2,S/D,S/D,S/D,0
4724A3F6,EL TIGRE,TUMBES,TUMBES,eta5,pp,20260905,20261004,"00Z,12Z",D1,6h,1.352,3.504,0.163,181,1.0,0.953,0.047,4,1.0,0.98,0.02,1,1.0,0.938,0.062,1,S/D,1.0,0.0,0
4724A3F6,EL TIGRE,TUMBES,TUMBES,wrf5,pp,20260905,20261004,"00Z,12Z",D1,6h,0.147,1.515,0.231,218,0.625,0.839,0.147,8,1.0,0.8,0.2,2,0.0,1.0,0.0,2,S/D,S/D,S/D,0
4724A3F6,EL TIGRE,TUMBES,TUMBES,mpas15,pp,20260905,20261004,00Z,D1,6h,0.198,0.978,0.259,111,0.5,0.889,0.1,4,0.0,1.0,0.0,1,0.0,S/D,0.0,1,S/D,S/D,S/D,0
472F43AC,HUASIMO,TUMBES,TUMBES,ecmwf,pp,20260905,20261004,"00Z,12Z",D1,6h,-0.384,5.882,0.449,232,0.773,0.63,0.333,44,0.727,0.6,0.348,22,0.417,0.444,0.312,12,0.0,S/D,0.0,2
472F43AC,HUASIMO,TUMBES,TUMBES,gfs,pp,20260905,20261004,"00Z,12Z",D1,6h,-0.64,5.752,0.394,232,0.636,0.641,0.298,44,0.591,0.536,0.351,22,0.417,0.167,0.385,12,0.0,S/D,0.0,2
472F43AC,HUASIMO,TUMBES,TUMBES,eta5,pp,20260905,20261004,"00Z,12Z",D1,6h,0.2,5.346,0.262,187,0.667,0.714,0.25,33,0.588,0.773,0.196,17,0.375,0.769,0.167,8,0.0,S/D,0.0,1
472F43AC,HUASIMO,TUMBES,TUMBES,wrf5,pp,20260905,20261004,"00Z,12Z",D1,6h,-0.821,6.031,0.334,228,0.341,0.651,0.208,44,0.545,0.294,0.444,22,0.25,0.0,0.25,12,0.0,1.0,0.0,2
472F43AC,HUASIMO,TUMBES,TUMBES,mpas15,pp,20260905,20261004,00Z,D1,6h,-1.011,6.268,0.152,116,0.182,0.789,0.108,22,0.182,0.818,0.1,11,0.0,S/D,0.0,6,0.0,S/D,0.0,1
47E024BC,PUENTE TUMBES,TUMBES,TUMBES,ecmwf,pp,20260905,20261004,"00Z,12Z",D1,6h,0.243,1.554,0.303,232,0.556,0.787,0.182,18,0.0,1.0,0.0,4,S/D,1.0,0.0,0,S/D,S/D,S/D,0
47E024BC,PUENTE TUMBES,TUMBES,TUMBES,gfs,pp,20260905,20261004,"00Z,12Z",D1,6h,-0.013,0.556,0.2,232,0.389,0.806,0.149,18,0.0,1.0,0.0,4,S/D,S/D,S/D,0,S/D,S/D,S/D,0
47E024BC,PUENTE TUMBES,TUMBES,TUMBES,eta5,pp,20260905,20261004,"00Z,12Z",D1,6h,1.07,3.195,0.095,189,0.615,0.896,0.098,13,0.667,0.944,0.054,3,S/D,1.0,0.0,0,S/D,S/D,S/D,0
47E024BC,PUENTE TUMBES,TUMBES,TUMBES,wrf5,pp,20260905,20261004,"00Z,12Z",D1,6h,-0.019,0.522,0.138,228,0.235,0.778,0.129,17,0.0,1.0,0.0,3,S/D,S/D,S/D,0,S/D,S/D,S/D,0
47E024BC,PUENTE TUMBES,TUMBES,TUMBES,mpas15,pp,20260905,20261004,00Z,D1,6h,0.136,1.12,0.16,116,0.333,0.75,0.167,9,0.5,0.857,0.125,2,S/D,1.0,0.0,0,S/D,S/D,S/D,0
103068,PUERTO PIZARRO,TUMBES,TUMBES,ecmwf,pp,20260905,20261004,"00Z,12Z",D1,6h,0.085,0.163,S/D,8,S/D,1.0,0.0,0,S/D,S/D,S/D,0,S/D,S/D,S/D,0,S/D,S/D,S/D,0
103068,PUERTO PIZARRO,TUMBES,TUMBES,gfs,pp,20260905,20261004,"00Z,12Z",D1,6h,0.039,0.073,S/D,8,S/D,1.0,0.0,0,S/D,S/D,S/D,0,S/D,S/D,S/D,0,S/D,S/D,S/D,0
103068,PUERTO PIZARRO,TUMBES,TUMBES,eta5,pp,20260905,20261004,"00Z,12Z",D1,6h,0.404,0.758,S/D,6,S/D,1.0,0.0,0,S/D,1.0,0.0,0,S/D,S/D,S/D,0,S/D,S/D,S/D,0
103068,PUERTO PIZARRO,TUMBES,TUMBES,wrf5,pp,20260905,20261004,"00Z,12Z",D1,6h,0.014,0.024,S/D,8,S/D,S/D,S/D,0,S/D,S/D,S/D,0,S/D,S/D,S/D,0,S/D,S/D,S/D,0
103068,PUERTO PIZARRO,TUMBES,TUMBES,mpas15,pp,20260905,20261004,00Z,D1,6h,0.0,0.0,S/D,4,S/D,S/D,S/D,0,S/D,S/D,S/D,0,S/D,S/D,S/D,0,S/D,S/D,S/D,0
472F264A,RICA PLAYA,TUMBES,TUMBES,ecmwf,pp,20260905,20261004,"00Z,12Z",D1,6h,0.269,1.772,0.345,234,0.818,0.793,0.198,22,0.667,0.704,0.258,12,0.5,0.5,0.333,6,S/D,S/D,S/D,0
472F264A,RICA PLAYA,TUMBES,TUMBES,gfs,pp,20260905,20261004,"00Z,12Z",D1,6h,-0.112,1.201,0.319,234,0.682,0.754,0.221,22,0.5,0.5,0.333,12,0.167,0.0,0.167,6,S/D,S/D,S/D,0
472F264A,RICA PLAYA,TUMBES,TUMBES,eta5,pp,20260905,20261004,"00Z,12Z",D1,6h,0.88,2.901,0.094,189,0.533,0.901,0.091,15,0.429,0.936,0.059,7,0.5,0.833,0.143,4,S/D,S/D,S/D,0
472F264A,RICA PLAYA,TUMBES,TUMBES,wrf5,pp,20260905,20261004,"00Z,12Z",D1,6h,-0.128,1.359,0.192,230,0.364,0.771,0.163,22,0.333,0.667,0.2,12,0.167,0.5,0.143,6,S/D,S/D,S/D,0
472F264A,RICA PLAYA,TUMBES,TUMBES,mpas15,pp,20260905,20261004,00Z,D1,6h,-0.05,1.614,0.316,117,0.455,0.737,0.2,11,0.333,0.833,0.125,6,0.0,S/D,0.0,3,S/D,S/D,S/D,0
472F353C,MATAPALO,TUMBES,ZARUMILLA,ecmwf,pp,20260905,20261004,"00Z,12Z",D1,6h,0.795,2.824,0.37,234,0.864,0.689,0.297,44,0.5,0.959,0.039,4,0.5,0.8,0.167,4,S/D,S/D,S/D,0
472F353C,MATAPALO,TUMBES,ZARUMILLA,gfs,pp,20260905,20261004,"00Z,12Z",D1,6h,0.206,1.796,0.25,234,0.659,0.756,0.216,44,0.5,0.939,0.057,4,0.5,0.0,0.5,4,S/D,S/D,S/D,0
472F353C,MATAPALO,TUMBES,ZARUMILLA,eta5,pp,20260905,20261004,"00Z,12Z",D1,6h,2.908,5.415,0.135,190,0.929,0.812,0.186,28,0.667,0.98,0.02,3,0.667,0.951,0.048,3,S/D,1.0,0.0,0
472F353C,MATAPALO,TUMBES,ZARUMILLA,wrf5,pp,20260905,20261004,"00Z,12Z",D1,6h,-0.107,2.793,0.195,230,0.273,0.676,0.174,44,0.0,1.0,0.0,4,0.0,1.0,0.0,4,S/D,S/D,S/D,0
472F353C,MATAPALO,TUMBES,ZARUMILLA,mpas15,pp,20260905,20261004,00Z,D1,6h,0.281,2.756,0.196,117,0.5,0.686,0.239,22,0.0,1.0,0.0,2,0.0,1.0,0.0,2,S/D,S/D,S/D,0
47E86310,CALLERIA,UCAYALI,CORONEL PORTILLO,ecmwf,pp,20260905,20261004,"00Z,12Z",D1,6h,S/D,S/D,S/D,0,S/D,S/D,S/D,0,S/D,S/D,S/D,0,S/D,S/D,S/D,0,S/D,S/D,S/D,0
47E86310,CALLERIA,UCAYALI,CORONEL PORTILLO,gfs,pp,20260905,20261004,"00Z,12Z",D1,6h,S/D,S/D,S/D,0,S/D,S/D,S/D,0,S/D,S/D,S/D,0,S/D,S/D,S/D,0,S/D,S/D,S/D,0
47E86310,CALLERIA,UCAYALI,CORONEL PORTILLO,eta5,pp,20260905,20261004,"00Z,12Z",D1,6h,S/D,S/D,S/D,0,S/D,S/D,S/D,0,S/D,S/D,S/D,0,S/D,S/D,S/D,0,S/D,S/D,S/D,0
47E86310,CALLERIA,UCAYALI,CORONEL PORTILLO,wrf5,pp,20260905,20261004,"00Z,12Z",D1,6h,S/D,S/D,S/D,0,S/D,S/D,S/D,0,S/D,S/D,S/D,0,S/D,S/D,S/D,0,S/D,S/D,S/D,0
47E86310,CALLERIA,UCAYALI,CORONEL PORTILLO,mpas15,pp,20260905,20261004,00Z,D1,6h,S/D,S/D,S/D,0,S/D,S/D,S/D,0,S/D,S/D,S/D,0,S/D,S/D,S/D,0,S/D,S/D,S/D,0
47E87066,PUERTO ESPERANZA,UCAYALI,PURUS,ecmwf,pp,20260905,20261004,"00Z,12Z",D1,6h,0.307,5.166,0.341,234,0.875,0.87,0.127,16,0.75,0.864,0.13,8,0.833,0.667,0.312,6,0.0,S/D,0.0,4
47E87066,PUERTO ESPERANZA,UCAYALI,PURUS,gfs,pp,20260905,20261004,"00Z,12Z",D1,6h,-0.144,5.374,0.3,234,0.812,0.833,0.16,16,0.875,0.8,0.194,8,0.333,0.714,0.182,6,0.0,S/D,0.0,4
47E87066,PUERTO ESPERANZA,UCAYALI,PURUS,eta5,pp,20260905,20261004,"00Z,12Z",D1,6h,0.015,5.868,0.382,190,0.938,0.773,0.224,16,0.75,0.872,0.122,8,0.667,0.636,0.308,6,0.0,S/D,0.0,4
47E87066,PUERTO ESPERANZA,UCAYALI,PURUS,wrf5,pp,20260905,20261004,"00Z,12Z",D1,6h,-0.603,5.895,0.422,231,0.688,0.542,0.379,16,0.375,0.625,0.231,8,0.0,1.0,0.0,6,0.0,1.0,0.0,4
47E87066,PUERTO ESPERANZA,UCAYALI,PURUS,mpas15,pp,20260905,20261004,00Z,D1,6h,0.953,4.731,0.353,117,1.0,0.837,0.163,8,1.0,0.909,0.091,4,1.0,0.75,0.25,3,0.0,S/D,0.0,2
270001,DESAGUADERO,PUNO,CHUCUITO,ecmwf,pp,20260905,20261004,"00Z,12Z",D1,6h,S/D,S/D,S/D,0,S/D,S/D,S/D,0,S/D,S/D,S/D,0,S/D,S/D,S/D,0,S/D,S/D,S/D,0
270001,DESAGUADERO,PUNO,CHUCUITO,gfs,pp,20260905,20261004,"00Z,12Z",D1,6h,S/D,S/D,S/D,0,S/D,S/D,S/D,0,S/D,S/D,S/D,0,S/D,S/D,S/D,0,S/D,S/D,S/D,0
270001,DESAGUADERO,PUNO,CHUCUITO,eta5,pp,20260905,20261004,"00Z,12Z",D1,6h,S/D,S/D,S/D,0,S/D,S/D,S/D,0,S/D,S/D,S/D,0,S/D,S/D,S/D,0,S/D,S/D,S/D,0
270001,DESAGUADERO,PUNO,CHUCUITO,wrf5,pp,20260905,20261004,"00Z,12Z",D1,6h,S/D,S/D,S/D,0,S/D,S/D,S/D,0,S/D,S/D,S/D,0,S/D,S/D,S/D,0,S/D,S/D,S/D,0
270001,DESAGUADERO,PUNO,CHUCUITO,mpas15,pp,20260905,20261004,00Z,D1,6h,S/D,S/D,S/D,0,S/D,S/D,S/D,0,S/D,S/D,S/D,0,S/D,S/D,S/D,0,S/D,S/D,S/D,0
101004,GUEPPI,LORETO,PUTUMAYO,ecmwf,pp,20260905,20261004,"00Z,12Z",D1,6h,2.062,3.91,S/D,236,S/D,1.0,0.0,0,S/D,1.0,0.0,0,S/D,1.0,0.0,0,S/D,S/D,S/D,0
101004,GUEPPI,LORETO,PUTUMAYO,gfs,pp,20260905,20261004,"00Z,12Z",D1,6h,1.354,2.907,S/D,236,S/D,1.0,0.0,0,S/D,1.0,0.0,0,S/D,1.0,0.0,0,S/D,1.0,0.0,0
101004,GUEPPI,LORETO,PUTUMAYO,eta5,pp,20260905,20261004,"00Z,12Z",D1,6h,2.875,5.34,S/D,191,S/D,1.0,0.0,0,S/D,1.0,0.0,0,S/D,1.0,0.0,0,S/D,S/D,S/D,0
101004,GUEPPI,LORETO,PUTUMAYO,wrf5,pp,20260905,20261004,"00Z,12Z",D1,6h,0.572,2.376,S/D,232,S/D,1.0,0.0,0,S/D,1.0,0.0,0,S/D,1.0,0.0,0,S/D,1.0,0.0,0
101004,GUEPPI,LORETO,PUTUMAYO,mpas15,pp,20260905,20261004,00Z,D1,6h,2.013,4.326,S/D,118,S/D,1.0,0.0,0,S/D,1.0,0.0,0,S/D,1.0,0.0,0,S/D,S/D,S/D,0
