codigo,estacion,departamento,provincia,modelo,variable,periodo_inicio,periodo_fin,ciclos,horizonte,resolucion,bias,mae,rmse,spearman,n
472B55E0,PUENTE SALINAS AMOJAO,AMAZONAS,BAGUA,ecmwf,temp,20260904,20261003,"00Z,12Z",D1,3h,S/D,S/D,S/D,S/D,0
472B55E0,PUENTE SALINAS AMOJAO,AMAZONAS,BAGUA,gfs,temp,20260904,20261003,"00Z,12Z",D1,3h,S/D,S/D,S/D,S/D,0
472B55E0,PUENTE SALINAS AMOJAO,AMAZONAS,BAGUA,eta5,temp,20260904,20261003,"00Z,12Z",D1,3h,S/D,S/D,S/D,S/D,0
472B55E0,PUENTE SALINAS AMOJAO,AMAZONAS,BAGUA,wrf5,temp,20260904,20261003,"00Z,12Z",D1,3h,S/D,S/D,S/D,S/D,0
472B55E0,PUENTE SALINAS AMOJAO,AMAZONAS,BAGUA,mpas15,temp,20260904,20261003,00Z,D1,3h,S/D,S/D,S/D,S/D,0
472C57D4,BAGUA,AMAZONAS,UTCUBAMBA,ecmwf,temp,20260904,20261003,"00Z,12Z",D1,3h,-3.326,3.355,3.773,0.887,480
472C57D4,BAGUA,AMAZONAS,UTCUBAMBA,gfs,temp,20260904,20261003,"00Z,12Z",D1,3h,-3.306,3.389,3.733,0.909,480
472C57D4,BAGUA,AMAZONAS,UTCUBAMBA,eta5,temp,20260904,20261003,"00Z,12Z",D1,3h,-1.022,1.754,2.238,0.873,379
472C57D4,BAGUA,AMAZONAS,UTCUBAMBA,wrf5,temp,20260904,20261003,"00Z,12Z",D1,3h,0.813,1.601,2.058,0.893,472
472C57D4,BAGUA,AMAZONAS,UTCUBAMBA,mpas15,temp,20260904,20261003,00Z,D1,3h,-4.52,4.547,4.848,0.902,240
472B607A,CORRAL QUEMADO,AMAZONAS,UTCUBAMBA,ecmwf,temp,20260904,20261003,"00Z,12Z",D1,3h,S/D,S/D,S/D,S/D,0
472B607A,CORRAL QUEMADO,AMAZONAS,UTCUBAMBA,gfs,temp,20260904,20261003,"00Z,12Z",D1,3h,S/D,S/D,S/D,S/D,0
472B607A,CORRAL QUEMADO,AMAZONAS,UTCUBAMBA,eta5,temp,20260904,20261003,"00Z,12Z",D1,3h,S/D,S/D,S/D,S/D,0
472B607A,CORRAL QUEMADO,AMAZONAS,UTCUBAMBA,wrf5,temp,20260904,20261003,"00Z,12Z",D1,3h,S/D,S/D,S/D,S/D,0
472B607A,CORRAL QUEMADO,AMAZONAS,UTCUBAMBA,mpas15,temp,20260904,20261003,00Z,D1,3h,S/D,S/D,S/D,S/D,0
472B2370,MAGUNCHAL,AMAZONAS,UTCUBAMBA,ecmwf,temp,20260904,20261003,"00Z,12Z",D1,3h,S/D,S/D,S/D,S/D,0
472B2370,MAGUNCHAL,AMAZONAS,UTCUBAMBA,gfs,temp,20260904,20261003,"00Z,12Z",D1,3h,S/D,S/D,S/D,S/D,0
472B2370,MAGUNCHAL,AMAZONAS,UTCUBAMBA,eta5,temp,20260904,20261003,"00Z,12Z",D1,3h,S/D,S/D,S/D,S/D,0
472B2370,MAGUNCHAL,AMAZONAS,UTCUBAMBA,wrf5,temp,20260904,20261003,"00Z,12Z",D1,3h,S/D,S/D,S/D,S/D,0
472B2370,MAGUNCHAL,AMAZONAS,UTCUBAMBA,mpas15,temp,20260904,20261003,00Z,D1,3h,S/D,S/D,S/D,S/D,0
220907,NARANJITO,AMAZONAS,UTCUBAMBA,ecmwf,temp,20260904,20261003,"00Z,12Z",D1,3h,S/D,S/D,S/D,S/D,0
220907,NARANJITO,AMAZONAS,UTCUBAMBA,gfs,temp,20260904,20261003,"00Z,12Z",D1,3h,S/D,S/D,S/D,S/D,0
220907,NARANJITO,AMAZONAS,UTCUBAMBA,eta5,temp,20260904,20261003,"00Z,12Z",D1,3h,S/D,S/D,S/D,S/D,0
220907,NARANJITO,AMAZONAS,UTCUBAMBA,wrf5,temp,20260904,20261003,"00Z,12Z",D1,3h,S/D,S/D,S/D,S/D,0
220907,NARANJITO,AMAZONAS,UTCUBAMBA,mpas15,temp,20260904,20261003,00Z,D1,3h,S/D,S/D,S/D,S/D,0
109096,BUENA VISTA,ANCASH,CASMA,ecmwf,temp,20260904,20261003,"00Z,12Z",D1,3h,0.199,1.074,1.425,0.911,478
109096,BUENA VISTA,ANCASH,CASMA,gfs,temp,20260904,20261003,"00Z,12Z",D1,3h,-2.054,2.169,2.666,0.87,478
109096,BUENA VISTA,ANCASH,CASMA,eta5,temp,20260904,20261003,"00Z,12Z",D1,3h,-1.61,2.247,2.618,0.858,377
109096,BUENA VISTA,ANCASH,CASMA,wrf5,temp,20260904,20261003,"00Z,12Z",D1,3h,-0.873,1.383,1.676,0.902,470
109096,BUENA VISTA,ANCASH,CASMA,mpas15,temp,20260904,20261003,00Z,D1,3h,-2.062,2.204,2.59,0.871,239
4725A10C,CHAVIN,ANCASH,HUARI,ecmwf,temp,20260904,20261003,"00Z,12Z",D1,3h,-8.968,8.968,9.311,0.885,474
4725A10C,CHAVIN,ANCASH,HUARI,gfs,temp,20260904,20261003,"00Z,12Z",D1,3h,-8.017,8.017,8.559,0.881,474
4725A10C,CHAVIN,ANCASH,HUARI,eta5,temp,20260904,20261003,"00Z,12Z",D1,3h,-5.059,5.135,5.596,0.867,375
4725A10C,CHAVIN,ANCASH,HUARI,wrf5,temp,20260904,20261003,"00Z,12Z",D1,3h,-2.27,2.731,3.332,0.898,466
4725A10C,CHAVIN,ANCASH,HUARI,mpas15,temp,20260904,20261003,00Z,D1,3h,-10.018,10.018,10.397,0.897,237
109091,SAUCEPAMPA,ANCASH,HUAYLAS,ecmwf,temp,20260904,20261003,"00Z,12Z",D1,3h,-4.956,4.962,5.582,0.877,476
109091,SAUCEPAMPA,ANCASH,HUAYLAS,gfs,temp,20260904,20261003,"00Z,12Z",D1,3h,-7.076,7.076,7.965,0.828,476
109091,SAUCEPAMPA,ANCASH,HUAYLAS,eta5,temp,20260904,20261003,"00Z,12Z",D1,3h,0.267,1.522,1.861,0.895,375
109091,SAUCEPAMPA,ANCASH,HUAYLAS,wrf5,temp,20260904,20261003,"00Z,12Z",D1,3h,-2.755,2.982,3.88,0.874,468
109091,SAUCEPAMPA,ANCASH,HUAYLAS,mpas15,temp,20260904,20261003,00Z,D1,3h,-9.774,9.774,10.271,0.864,238
472182DA,PUENTE CAHUA,ANCASH,OCROS,ecmwf,temp,20260904,20261003,"00Z,12Z",D1,3h,S/D,S/D,S/D,S/D,0
472182DA,PUENTE CAHUA,ANCASH,OCROS,gfs,temp,20260904,20261003,"00Z,12Z",D1,3h,S/D,S/D,S/D,S/D,0
472182DA,PUENTE CAHUA,ANCASH,OCROS,eta5,temp,20260904,20261003,"00Z,12Z",D1,3h,S/D,S/D,S/D,S/D,0
472182DA,PUENTE CAHUA,ANCASH,OCROS,wrf5,temp,20260904,20261003,"00Z,12Z",D1,3h,S/D,S/D,S/D,S/D,0
472182DA,PUENTE CAHUA,ANCASH,OCROS,mpas15,temp,20260904,20261003,00Z,D1,3h,S/D,S/D,S/D,S/D,0
47E89394,PACHACOTO,ANCASH,RECUAY,ecmwf,temp,20260904,20261003,"00Z,12Z",D1,3h,-0.127,2.694,3.291,0.899,480
47E89394,PACHACOTO,ANCASH,RECUAY,gfs,temp,20260904,20261003,"00Z,12Z",D1,3h,-0.679,4.19,4.947,0.834,480
47E89394,PACHACOTO,ANCASH,RECUAY,eta5,temp,20260904,20261003,"00Z,12Z",D1,3h,1.751,2.627,3.333,0.906,379
47E89394,PACHACOTO,ANCASH,RECUAY,wrf5,temp,20260904,20261003,"00Z,12Z",D1,3h,1.652,3.28,4.018,0.898,472
47E89394,PACHACOTO,ANCASH,RECUAY,mpas15,temp,20260904,20261003,00Z,D1,3h,-3.089,4.412,5.35,0.848,240
47259496,RECUAY,ANCASH,RECUAY,ecmwf,temp,20260904,20261003,"00Z,12Z",D1,3h,-3.192,3.516,4.241,0.939,472
47259496,RECUAY,ANCASH,RECUAY,gfs,temp,20260904,20261003,"00Z,12Z",D1,3h,-3.751,5.022,6.148,0.888,472
47259496,RECUAY,ANCASH,RECUAY,eta5,temp,20260904,20261003,"00Z,12Z",D1,3h,-1.3,2.566,3.106,0.913,372
47259496,RECUAY,ANCASH,RECUAY,wrf5,temp,20260904,20261003,"00Z,12Z",D1,3h,0.735,2.982,3.494,0.931,464
47259496,RECUAY,ANCASH,RECUAY,mpas15,temp,20260904,20261003,00Z,D1,3h,-7.105,7.114,8.2,0.908,236
110138,SHAQUEK,ANCASH,RECUAY,ecmwf,temp,20260904,20261003,"00Z,12Z",D1,3h,-6.726,6.726,7.009,0.806,478
110138,SHAQUEK,ANCASH,RECUAY,gfs,temp,20260904,20261003,"00Z,12Z",D1,3h,-3.854,3.854,4.082,0.835,478
110138,SHAQUEK,ANCASH,RECUAY,eta5,temp,20260904,20261003,"00Z,12Z",D1,3h,-4.822,4.822,5.097,0.806,377
110138,SHAQUEK,ANCASH,RECUAY,wrf5,temp,20260904,20261003,"00Z,12Z",D1,3h,-1.526,1.84,2.252,0.807,470
110138,SHAQUEK,ANCASH,RECUAY,mpas15,temp,20260904,20261003,00Z,D1,3h,-2.788,2.844,3.226,0.814,239
211601,SAN JACINTO,ANCASH,SANTA,ecmwf,temp,20260904,20261003,"00Z,12Z",D1,3h,S/D,S/D,S/D,S/D,0
211601,SAN JACINTO,ANCASH,SANTA,gfs,temp,20260904,20261003,"00Z,12Z",D1,3h,S/D,S/D,S/D,S/D,0
211601,SAN JACINTO,ANCASH,SANTA,eta5,temp,20260904,20261003,"00Z,12Z",D1,3h,S/D,S/D,S/D,S/D,0
211601,SAN JACINTO,ANCASH,SANTA,wrf5,temp,20260904,20261003,"00Z,12Z",D1,3h,S/D,S/D,S/D,S/D,0
211601,SAN JACINTO,ANCASH,SANTA,mpas15,temp,20260904,20261003,00Z,D1,3h,S/D,S/D,S/D,S/D,0
113253,CURAHUASI,APURIMAC,ABANCAY,ecmwf,temp,20260904,20261003,"00Z,12Z",D1,3h,-4.669,4.694,5.162,0.891,478
113253,CURAHUASI,APURIMAC,ABANCAY,gfs,temp,20260904,20261003,"00Z,12Z",D1,3h,-5.576,5.58,6.181,0.868,478
113253,CURAHUASI,APURIMAC,ABANCAY,eta5,temp,20260904,20261003,"00Z,12Z",D1,3h,-2.838,3.065,3.548,0.89,378
113253,CURAHUASI,APURIMAC,ABANCAY,wrf5,temp,20260904,20261003,"00Z,12Z",D1,3h,-1.361,2.122,2.743,0.906,470
113253,CURAHUASI,APURIMAC,ABANCAY,mpas15,temp,20260904,20261003,00Z,D1,3h,-6.853,6.853,7.208,0.9,239
47263360,GRANJA SAN ANTONIO,APURIMAC,ABANCAY,ecmwf,temp,20260904,20261003,"00Z,12Z",D1,3h,-3.089,3.26,3.665,0.87,474
47263360,GRANJA SAN ANTONIO,APURIMAC,ABANCAY,gfs,temp,20260904,20261003,"00Z,12Z",D1,3h,-3.984,4.018,4.381,0.884,474
47263360,GRANJA SAN ANTONIO,APURIMAC,ABANCAY,eta5,temp,20260904,20261003,"00Z,12Z",D1,3h,-3.925,4.061,4.631,0.832,375
47263360,GRANJA SAN ANTONIO,APURIMAC,ABANCAY,wrf5,temp,20260904,20261003,"00Z,12Z",D1,3h,-3.348,3.417,3.803,0.882,466
47263360,GRANJA SAN ANTONIO,APURIMAC,ABANCAY,mpas15,temp,20260904,20261003,00Z,D1,3h,-4.656,4.662,5.014,0.903,237
472B16EA,HUACULLO,APURIMAC,ANTABAMBA,ecmwf,temp,20260904,20261003,"00Z,12Z",D1,3h,-0.927,2.856,3.505,0.824,478
472B16EA,HUACULLO,APURIMAC,ANTABAMBA,gfs,temp,20260904,20261003,"00Z,12Z",D1,3h,0.878,2.762,3.613,0.819,478
472B16EA,HUACULLO,APURIMAC,ANTABAMBA,eta5,temp,20260904,20261003,"00Z,12Z",D1,3h,3.049,3.518,4.608,0.791,377
472B16EA,HUACULLO,APURIMAC,ANTABAMBA,wrf5,temp,20260904,20261003,"00Z,12Z",D1,3h,2.047,3.188,4.206,0.786,470
472B16EA,HUACULLO,APURIMAC,ANTABAMBA,mpas15,temp,20260904,20261003,00Z,D1,3h,-0.469,2.521,3.17,0.857,239
113246,TANCAYLLO,APURIMAC,CHINCHEROS,ecmwf,temp,20260904,20261003,"00Z,12Z",D1,3h,1.671,2.659,3.445,0.827,480
113246,TANCAYLLO,APURIMAC,CHINCHEROS,gfs,temp,20260904,20261003,"00Z,12Z",D1,3h,0.266,1.928,2.418,0.849,480
113246,TANCAYLLO,APURIMAC,CHINCHEROS,eta5,temp,20260904,20261003,"00Z,12Z",D1,3h,-0.059,2.159,2.595,0.818,379
113246,TANCAYLLO,APURIMAC,CHINCHEROS,wrf5,temp,20260904,20261003,"00Z,12Z",D1,3h,0.731,2.331,2.881,0.812,472
113246,TANCAYLLO,APURIMAC,CHINCHEROS,mpas15,temp,20260904,20261003,00Z,D1,3h,-2.217,2.827,3.655,0.782,240
472A1410,CASACCANCHA,APURIMAC,COTABAMBAS,ecmwf,temp,20260904,20261003,"00Z,12Z",D1,3h,-1.098,2.143,2.73,0.844,476
472A1410,CASACCANCHA,APURIMAC,COTABAMBAS,gfs,temp,20260904,20261003,"00Z,12Z",D1,3h,0.552,1.634,2.054,0.9,476
472A1410,CASACCANCHA,APURIMAC,COTABAMBAS,eta5,temp,20260904,20261003,"00Z,12Z",D1,3h,3.092,3.352,4.054,0.856,376
472A1410,CASACCANCHA,APURIMAC,COTABAMBAS,wrf5,temp,20260904,20261003,"00Z,12Z",D1,3h,1.46,2.077,2.644,0.881,469
472A1410,CASACCANCHA,APURIMAC,COTABAMBAS,mpas15,temp,20260904,20261003,00Z,D1,3h,-0.5,1.614,2.061,0.906,238
116085,AREQUIPA UV,AREQUIPA,AREQUIPA,ecmwf,temp,20260904,20261003,"00Z,12Z",D1,3h,-1.058,1.379,1.628,0.93,352
116085,AREQUIPA UV,AREQUIPA,AREQUIPA,gfs,temp,20260904,20261003,"00Z,12Z",D1,3h,-2.436,2.74,3.102,0.849,352
116085,AREQUIPA UV,AREQUIPA,AREQUIPA,eta5,temp,20260904,20261003,"00Z,12Z",D1,3h,-0.01,1.202,1.441,0.908,271
116085,AREQUIPA UV,AREQUIPA,AREQUIPA,wrf5,temp,20260904,20261003,"00Z,12Z",D1,3h,1.105,1.948,2.349,0.874,347
116085,AREQUIPA UV,AREQUIPA,AREQUIPA,mpas15,temp,20260904,20261003,00Z,D1,3h,-7.258,7.26,7.762,0.786,176
47E26242,BOYADERO,AREQUIPA,AREQUIPA,ecmwf,temp,20260904,20261003,"00Z,12Z",D1,3h,S/D,S/D,S/D,S/D,0
47E26242,BOYADERO,AREQUIPA,AREQUIPA,gfs,temp,20260904,20261003,"00Z,12Z",D1,3h,S/D,S/D,S/D,S/D,0
47E26242,BOYADERO,AREQUIPA,AREQUIPA,eta5,temp,20260904,20261003,"00Z,12Z",D1,3h,S/D,S/D,S/D,S/D,0
47E26242,BOYADERO,AREQUIPA,AREQUIPA,wrf5,temp,20260904,20261003,"00Z,12Z",D1,3h,S/D,S/D,S/D,S/D,0
47E26242,BOYADERO,AREQUIPA,AREQUIPA,mpas15,temp,20260904,20261003,00Z,D1,3h,S/D,S/D,S/D,S/D,0
116083,CAYMA,AREQUIPA,AREQUIPA,ecmwf,temp,20260904,20261003,"00Z,12Z",D1,3h,S/D,S/D,S/D,S/D,0
116083,CAYMA,AREQUIPA,AREQUIPA,gfs,temp,20260904,20261003,"00Z,12Z",D1,3h,S/D,S/D,S/D,S/D,0
116083,CAYMA,AREQUIPA,AREQUIPA,eta5,temp,20260904,20261003,"00Z,12Z",D1,3h,S/D,S/D,S/D,S/D,0
116083,CAYMA,AREQUIPA,AREQUIPA,wrf5,temp,20260904,20261003,"00Z,12Z",D1,3h,S/D,S/D,S/D,S/D,0
116083,CAYMA,AREQUIPA,AREQUIPA,mpas15,temp,20260904,20261003,00Z,D1,3h,S/D,S/D,S/D,S/D,0
472147C4,CHARCANI,AREQUIPA,AREQUIPA,ecmwf,temp,20260904,20261003,"00Z,12Z",D1,3h,S/D,S/D,S/D,S/D,0
472147C4,CHARCANI,AREQUIPA,AREQUIPA,gfs,temp,20260904,20261003,"00Z,12Z",D1,3h,S/D,S/D,S/D,S/D,0
472147C4,CHARCANI,AREQUIPA,AREQUIPA,eta5,temp,20260904,20261003,"00Z,12Z",D1,3h,S/D,S/D,S/D,S/D,0
472147C4,CHARCANI,AREQUIPA,AREQUIPA,wrf5,temp,20260904,20261003,"00Z,12Z",D1,3h,S/D,S/D,S/D,S/D,0
472147C4,CHARCANI,AREQUIPA,AREQUIPA,mpas15,temp,20260904,20261003,00Z,D1,3h,S/D,S/D,S/D,S/D,0
116077,CHIGUATA,AREQUIPA,AREQUIPA,ecmwf,temp,20260904,20261003,"00Z,12Z",D1,3h,S/D,S/D,S/D,S/D,0
116077,CHIGUATA,AREQUIPA,AREQUIPA,gfs,temp,20260904,20261003,"00Z,12Z",D1,3h,S/D,S/D,S/D,S/D,0
116077,CHIGUATA,AREQUIPA,AREQUIPA,eta5,temp,20260904,20261003,"00Z,12Z",D1,3h,S/D,S/D,S/D,S/D,0
116077,CHIGUATA,AREQUIPA,AREQUIPA,wrf5,temp,20260904,20261003,"00Z,12Z",D1,3h,S/D,S/D,S/D,S/D,0
116077,CHIGUATA,AREQUIPA,AREQUIPA,mpas15,temp,20260904,20261003,00Z,D1,3h,S/D,S/D,S/D,S/D,0
116065,LA PAMPILLA,AREQUIPA,AREQUIPA,ecmwf,temp,20260904,20261003,"00Z,12Z",D1,3h,-0.864,1.588,1.889,0.895,478
116065,LA PAMPILLA,AREQUIPA,AREQUIPA,gfs,temp,20260904,20261003,"00Z,12Z",D1,3h,-2.317,2.996,3.399,0.822,478
116065,LA PAMPILLA,AREQUIPA,AREQUIPA,eta5,temp,20260904,20261003,"00Z,12Z",D1,3h,0.251,1.35,1.756,0.888,378
116065,LA PAMPILLA,AREQUIPA,AREQUIPA,wrf5,temp,20260904,20261003,"00Z,12Z",D1,3h,1.283,2.359,2.922,0.842,470
116065,LA PAMPILLA,AREQUIPA,AREQUIPA,mpas15,temp,20260904,20261003,00Z,D1,3h,-7.071,7.217,7.767,0.757,239
47E360B8,PATAHUASI,AREQUIPA,AREQUIPA,ecmwf,temp,20260904,20261003,"00Z,12Z",D1,3h,1.067,3.928,4.835,0.901,478
47E360B8,PATAHUASI,AREQUIPA,AREQUIPA,gfs,temp,20260904,20261003,"00Z,12Z",D1,3h,2.473,5.096,6.471,0.808,478
47E360B8,PATAHUASI,AREQUIPA,AREQUIPA,eta5,temp,20260904,20261003,"00Z,12Z",D1,3h,5.956,5.979,7.015,0.913,378
47E360B8,PATAHUASI,AREQUIPA,AREQUIPA,wrf5,temp,20260904,20261003,"00Z,12Z",D1,3h,3.768,4.365,5.963,0.921,470
47E360B8,PATAHUASI,AREQUIPA,AREQUIPA,mpas15,temp,20260904,20261003,00Z,D1,3h,-0.783,3.937,4.427,0.9,239
4722E032,PUENTE DEL DIABLO,AREQUIPA,AREQUIPA,ecmwf,temp,20260904,20261003,"00Z,12Z",D1,3h,S/D,S/D,S/D,S/D,0
4722E032,PUENTE DEL DIABLO,AREQUIPA,AREQUIPA,gfs,temp,20260904,20261003,"00Z,12Z",D1,3h,S/D,S/D,S/D,S/D,0
4722E032,PUENTE DEL DIABLO,AREQUIPA,AREQUIPA,eta5,temp,20260904,20261003,"00Z,12Z",D1,3h,S/D,S/D,S/D,S/D,0
4722E032,PUENTE DEL DIABLO,AREQUIPA,AREQUIPA,wrf5,temp,20260904,20261003,"00Z,12Z",D1,3h,S/D,S/D,S/D,S/D,0
4722E032,PUENTE DEL DIABLO,AREQUIPA,AREQUIPA,mpas15,temp,20260904,20261003,00Z,D1,3h,S/D,S/D,S/D,S/D,0
116082,SAN FRANCISCO,AREQUIPA,AREQUIPA,ecmwf,temp,20260904,20261003,"00Z,12Z",D1,3h,S/D,S/D,S/D,S/D,0
116082,SAN FRANCISCO,AREQUIPA,AREQUIPA,gfs,temp,20260904,20261003,"00Z,12Z",D1,3h,S/D,S/D,S/D,S/D,0
116082,SAN FRANCISCO,AREQUIPA,AREQUIPA,eta5,temp,20260904,20261003,"00Z,12Z",D1,3h,S/D,S/D,S/D,S/D,0
116082,SAN FRANCISCO,AREQUIPA,AREQUIPA,wrf5,temp,20260904,20261003,"00Z,12Z",D1,3h,S/D,S/D,S/D,S/D,0
116082,SAN FRANCISCO,AREQUIPA,AREQUIPA,mpas15,temp,20260904,20261003,00Z,D1,3h,S/D,S/D,S/D,S/D,0
47E3B6D0,SAN JOSE DE UZUNA,AREQUIPA,AREQUIPA,ecmwf,temp,20260904,20261003,"00Z,12Z",D1,3h,-4.828,4.914,5.735,0.877,478
47E3B6D0,SAN JOSE DE UZUNA,AREQUIPA,AREQUIPA,gfs,temp,20260904,20261003,"00Z,12Z",D1,3h,-2.534,3.635,4.389,0.841,478
47E3B6D0,SAN JOSE DE UZUNA,AREQUIPA,AREQUIPA,eta5,temp,20260904,20261003,"00Z,12Z",D1,3h,1.383,2.071,2.611,0.905,378
47E3B6D0,SAN JOSE DE UZUNA,AREQUIPA,AREQUIPA,wrf5,temp,20260904,20261003,"00Z,12Z",D1,3h,1.71,2.731,3.485,0.846,470
47E3B6D0,SAN JOSE DE UZUNA,AREQUIPA,AREQUIPA,mpas15,temp,20260904,20261003,00Z,D1,3h,1.189,2.84,3.612,0.837,239
47E27134,SOCOSANI,AREQUIPA,AREQUIPA,ecmwf,temp,20260904,20261003,"00Z,12Z",D1,3h,S/D,S/D,S/D,S/D,0
47E27134,SOCOSANI,AREQUIPA,AREQUIPA,gfs,temp,20260904,20261003,"00Z,12Z",D1,3h,S/D,S/D,S/D,S/D,0
47E27134,SOCOSANI,AREQUIPA,AREQUIPA,eta5,temp,20260904,20261003,"00Z,12Z",D1,3h,S/D,S/D,S/D,S/D,0
47E27134,SOCOSANI,AREQUIPA,AREQUIPA,wrf5,temp,20260904,20261003,"00Z,12Z",D1,3h,S/D,S/D,S/D,S/D,0
47E27134,SOCOSANI,AREQUIPA,AREQUIPA,mpas15,temp,20260904,20261003,00Z,D1,3h,S/D,S/D,S/D,S/D,0
472EE1AE,TINGO GRANDE,AREQUIPA,AREQUIPA,ecmwf,temp,20260904,20261003,"00Z,12Z",D1,3h,S/D,S/D,S/D,S/D,0
472EE1AE,TINGO GRANDE,AREQUIPA,AREQUIPA,gfs,temp,20260904,20261003,"00Z,12Z",D1,3h,S/D,S/D,S/D,S/D,0
472EE1AE,TINGO GRANDE,AREQUIPA,AREQUIPA,eta5,temp,20260904,20261003,"00Z,12Z",D1,3h,S/D,S/D,S/D,S/D,0
472EE1AE,TINGO GRANDE,AREQUIPA,AREQUIPA,wrf5,temp,20260904,20261003,"00Z,12Z",D1,3h,S/D,S/D,S/D,S/D,0
472EE1AE,TINGO GRANDE,AREQUIPA,AREQUIPA,mpas15,temp,20260904,20261003,00Z,D1,3h,S/D,S/D,S/D,S/D,0
116078,TUCTUMPAYA,AREQUIPA,AREQUIPA,ecmwf,temp,20260904,20261003,"00Z,12Z",D1,3h,-5.227,5.228,5.686,0.887,480
116078,TUCTUMPAYA,AREQUIPA,AREQUIPA,gfs,temp,20260904,20261003,"00Z,12Z",D1,3h,-2.921,3.162,3.912,0.864,480
116078,TUCTUMPAYA,AREQUIPA,AREQUIPA,eta5,temp,20260904,20261003,"00Z,12Z",D1,3h,0.627,1.206,1.563,0.919,379
116078,TUCTUMPAYA,AREQUIPA,AREQUIPA,wrf5,temp,20260904,20261003,"00Z,12Z",D1,3h,0.073,2.233,2.607,0.865,472
116078,TUCTUMPAYA,AREQUIPA,AREQUIPA,mpas15,temp,20260904,20261003,00Z,D1,3h,-2.438,3.076,3.386,0.894,240
116081,YURA,AREQUIPA,AREQUIPA,ecmwf,temp,20260904,20261003,"00Z,12Z",D1,3h,-8.784,8.784,8.946,0.861,304
116081,YURA,AREQUIPA,AREQUIPA,gfs,temp,20260904,20261003,"00Z,12Z",D1,3h,-6.777,6.777,7.003,0.85,304
116081,YURA,AREQUIPA,AREQUIPA,eta5,temp,20260904,20261003,"00Z,12Z",D1,3h,-1.091,1.444,1.776,0.88,246
116081,YURA,AREQUIPA,AREQUIPA,wrf5,temp,20260904,20261003,"00Z,12Z",D1,3h,-0.745,1.819,2.247,0.864,296
116081,YURA,AREQUIPA,AREQUIPA,mpas15,temp,20260904,20261003,00Z,D1,3h,-3.076,3.606,3.799,0.803,152
116084,CAMANA,AREQUIPA,CAMANA,ecmwf,temp,20260904,20261003,"00Z,12Z",D1,3h,-0.255,1.525,1.938,0.268,348
116084,CAMANA,AREQUIPA,CAMANA,gfs,temp,20260904,20261003,"00Z,12Z",D1,3h,-1.416,1.743,2.321,0.453,348
116084,CAMANA,AREQUIPA,CAMANA,eta5,temp,20260904,20261003,"00Z,12Z",D1,3h,-1.976,2.077,2.47,0.692,279
116084,CAMANA,AREQUIPA,CAMANA,wrf5,temp,20260904,20261003,"00Z,12Z",D1,3h,-0.055,1.141,1.369,0.725,343
116084,CAMANA,AREQUIPA,CAMANA,mpas15,temp,20260904,20261003,00Z,D1,3h,-1.765,1.984,2.445,0.537,174
472D23BE,OCOÑA,AREQUIPA,CAMANA,ecmwf,temp,20260904,20261003,"00Z,12Z",D1,3h,-1.448,1.549,1.817,0.66,478
472D23BE,OCOÑA,AREQUIPA,CAMANA,gfs,temp,20260904,20261003,"00Z,12Z",D1,3h,-2.123,2.143,2.396,0.665,478
472D23BE,OCOÑA,AREQUIPA,CAMANA,eta5,temp,20260904,20261003,"00Z,12Z",D1,3h,-1.415,1.907,2.27,0.614,378
472D23BE,OCOÑA,AREQUIPA,CAMANA,wrf5,temp,20260904,20261003,"00Z,12Z",D1,3h,-0.626,1.26,1.541,0.618,470
472D23BE,OCOÑA,AREQUIPA,CAMANA,mpas15,temp,20260904,20261003,00Z,D1,3h,-1.279,1.404,1.775,0.591,239
214400,HUATIAPA,AREQUIPA,CASTILLA,ecmwf,temp,20260904,20261003,"00Z,12Z",D1,3h,S/D,S/D,S/D,S/D,0
214400,HUATIAPA,AREQUIPA,CASTILLA,gfs,temp,20260904,20261003,"00Z,12Z",D1,3h,S/D,S/D,S/D,S/D,0
214400,HUATIAPA,AREQUIPA,CASTILLA,eta5,temp,20260904,20261003,"00Z,12Z",D1,3h,S/D,S/D,S/D,S/D,0
214400,HUATIAPA,AREQUIPA,CASTILLA,wrf5,temp,20260904,20261003,"00Z,12Z",D1,3h,S/D,S/D,S/D,S/D,0
214400,HUATIAPA,AREQUIPA,CASTILLA,mpas15,temp,20260904,20261003,00Z,D1,3h,S/D,S/D,S/D,S/D,0
4723D752,CHIVAY,AREQUIPA,CAYLLOMA,ecmwf,temp,20260904,20261003,"00Z,12Z",D1,3h,-8.339,8.339,8.919,0.833,480
4723D752,CHIVAY,AREQUIPA,CAYLLOMA,gfs,temp,20260904,20261003,"00Z,12Z",D1,3h,-5.831,5.862,6.798,0.822,480
4723D752,CHIVAY,AREQUIPA,CAYLLOMA,eta5,temp,20260904,20261003,"00Z,12Z",D1,3h,-2.965,3.218,3.785,0.886,379
4723D752,CHIVAY,AREQUIPA,CAYLLOMA,wrf5,temp,20260904,20261003,"00Z,12Z",D1,3h,-0.458,2.343,2.783,0.869,472
4723D752,CHIVAY,AREQUIPA,CAYLLOMA,mpas15,temp,20260904,20261003,00Z,D1,3h,-8.396,8.396,8.79,0.911,240
47E8A60E,COTACOTA,AREQUIPA,CAYLLOMA,ecmwf,temp,20260904,20261003,"00Z,12Z",D1,3h,-1.523,2.468,3.012,0.908,478
47E8A60E,COTACOTA,AREQUIPA,CAYLLOMA,gfs,temp,20260904,20261003,"00Z,12Z",D1,3h,0.588,3.045,3.799,0.811,478
47E8A60E,COTACOTA,AREQUIPA,CAYLLOMA,eta5,temp,20260904,20261003,"00Z,12Z",D1,3h,2.555,3.208,4.119,0.839,377
47E8A60E,COTACOTA,AREQUIPA,CAYLLOMA,wrf5,temp,20260904,20261003,"00Z,12Z",D1,3h,0.523,2.874,3.667,0.82,470
47E8A60E,COTACOTA,AREQUIPA,CAYLLOMA,mpas15,temp,20260904,20261003,00Z,D1,3h,-2.24,3.35,3.827,0.87,239
47E3A5A6,HUANCA,AREQUIPA,CAYLLOMA,ecmwf,temp,20260904,20261003,"00Z,12Z",D1,3h,-2.036,2.329,2.591,0.883,476
47E3A5A6,HUANCA,AREQUIPA,CAYLLOMA,gfs,temp,20260904,20261003,"00Z,12Z",D1,3h,-2.272,2.632,2.967,0.861,476
47E3A5A6,HUANCA,AREQUIPA,CAYLLOMA,eta5,temp,20260904,20261003,"00Z,12Z",D1,3h,0.89,1.366,1.75,0.895,377
47E3A5A6,HUANCA,AREQUIPA,CAYLLOMA,wrf5,temp,20260904,20261003,"00Z,12Z",D1,3h,-0.073,1.524,1.97,0.834,468
47E3A5A6,HUANCA,AREQUIPA,CAYLLOMA,mpas15,temp,20260904,20261003,00Z,D1,3h,-2.203,2.824,3.119,0.861,238
47E3834A,IMATA,AREQUIPA,CAYLLOMA,ecmwf,temp,20260904,20261003,"00Z,12Z",D1,3h,0.679,1.969,2.751,0.9,476
47E3834A,IMATA,AREQUIPA,CAYLLOMA,gfs,temp,20260904,20261003,"00Z,12Z",D1,3h,2.369,2.969,4.067,0.876,476
47E3834A,IMATA,AREQUIPA,CAYLLOMA,eta5,temp,20260904,20261003,"00Z,12Z",D1,3h,4.751,4.77,5.66,0.858,377
47E3834A,IMATA,AREQUIPA,CAYLLOMA,wrf5,temp,20260904,20261003,"00Z,12Z",D1,3h,2.396,2.915,3.915,0.902,468
47E3834A,IMATA,AREQUIPA,CAYLLOMA,mpas15,temp,20260904,20261003,00Z,D1,3h,-0.268,2.201,2.777,0.896,238
4729E39A,PAMPA DE MAJES,AREQUIPA,CAYLLOMA,ecmwf,temp,20260904,20261003,"00Z,12Z",D1,3h,1.144,1.857,2.299,0.916,478
4729E39A,PAMPA DE MAJES,AREQUIPA,CAYLLOMA,gfs,temp,20260904,20261003,"00Z,12Z",D1,3h,1.272,2.034,2.494,0.91,478
4729E39A,PAMPA DE MAJES,AREQUIPA,CAYLLOMA,eta5,temp,20260904,20261003,"00Z,12Z",D1,3h,3.51,3.537,3.982,0.933,378
4729E39A,PAMPA DE MAJES,AREQUIPA,CAYLLOMA,wrf5,temp,20260904,20261003,"00Z,12Z",D1,3h,1.592,2.689,3.302,0.824,470
4729E39A,PAMPA DE MAJES,AREQUIPA,CAYLLOMA,mpas15,temp,20260904,20261003,00Z,D1,3h,-1.268,2.396,2.946,0.863,239
47E373CE,PILLONES,AREQUIPA,CAYLLOMA,ecmwf,temp,20260904,20261003,"00Z,12Z",D1,3h,2.337,2.536,3.366,0.948,472
47E373CE,PILLONES,AREQUIPA,CAYLLOMA,gfs,temp,20260904,20261003,"00Z,12Z",D1,3h,3.265,3.488,4.85,0.882,472
47E373CE,PILLONES,AREQUIPA,CAYLLOMA,eta5,temp,20260904,20261003,"00Z,12Z",D1,3h,4.01,4.116,4.96,0.89,373
47E373CE,PILLONES,AREQUIPA,CAYLLOMA,wrf5,temp,20260904,20261003,"00Z,12Z",D1,3h,2.311,2.992,4.317,0.864,464
47E373CE,PILLONES,AREQUIPA,CAYLLOMA,mpas15,temp,20260904,20261003,00Z,D1,3h,-0.731,2.149,2.555,0.93,236
47265686,SIBAYO,AREQUIPA,CAYLLOMA,ecmwf,temp,20260904,20261003,"00Z,12Z",D1,3h,S/D,S/D,S/D,S/D,0
47265686,SIBAYO,AREQUIPA,CAYLLOMA,gfs,temp,20260904,20261003,"00Z,12Z",D1,3h,S/D,S/D,S/D,S/D,0
47265686,SIBAYO,AREQUIPA,CAYLLOMA,eta5,temp,20260904,20261003,"00Z,12Z",D1,3h,S/D,S/D,S/D,S/D,0
47265686,SIBAYO,AREQUIPA,CAYLLOMA,wrf5,temp,20260904,20261003,"00Z,12Z",D1,3h,S/D,S/D,S/D,S/D,0
47265686,SIBAYO,AREQUIPA,CAYLLOMA,mpas15,temp,20260904,20261003,00Z,D1,3h,S/D,S/D,S/D,S/D,0
472ED434,SUMBAY,AREQUIPA,CAYLLOMA,ecmwf,temp,20260904,20261003,"00Z,12Z",D1,3h,S/D,S/D,S/D,S/D,0
472ED434,SUMBAY,AREQUIPA,CAYLLOMA,gfs,temp,20260904,20261003,"00Z,12Z",D1,3h,S/D,S/D,S/D,S/D,0
472ED434,SUMBAY,AREQUIPA,CAYLLOMA,eta5,temp,20260904,20261003,"00Z,12Z",D1,3h,S/D,S/D,S/D,S/D,0
472ED434,SUMBAY,AREQUIPA,CAYLLOMA,wrf5,temp,20260904,20261003,"00Z,12Z",D1,3h,S/D,S/D,S/D,S/D,0
472ED434,SUMBAY,AREQUIPA,CAYLLOMA,mpas15,temp,20260904,20261003,00Z,D1,3h,S/D,S/D,S/D,S/D,0
115150,COROPUNA,AREQUIPA,CONDESUYOS,ecmwf,temp,20260904,20261003,"00Z,12Z",D1,3h,5.888,5.888,6.305,0.826,468
115150,COROPUNA,AREQUIPA,CONDESUYOS,gfs,temp,20260904,20261003,"00Z,12Z",D1,3h,9.004,9.004,9.17,0.806,468
115150,COROPUNA,AREQUIPA,CONDESUYOS,eta5,temp,20260904,20261003,"00Z,12Z",D1,3h,3.281,3.281,3.453,0.88,369
115150,COROPUNA,AREQUIPA,CONDESUYOS,wrf5,temp,20260904,20261003,"00Z,12Z",D1,3h,2.091,2.134,2.42,0.877,460
115150,COROPUNA,AREQUIPA,CONDESUYOS,mpas15,temp,20260904,20261003,00Z,D1,3h,8.012,8.012,8.356,0.757,234
114119,VISCA VISCA,AREQUIPA,CONDESUYOS,ecmwf,temp,20260904,20261003,"00Z,12Z",D1,3h,-3.073,3.622,4.33,0.794,476
114119,VISCA VISCA,AREQUIPA,CONDESUYOS,gfs,temp,20260904,20261003,"00Z,12Z",D1,3h,-1.113,2.175,2.72,0.863,476
114119,VISCA VISCA,AREQUIPA,CONDESUYOS,eta5,temp,20260904,20261003,"00Z,12Z",D1,3h,1.628,2.458,3.131,0.849,376
114119,VISCA VISCA,AREQUIPA,CONDESUYOS,wrf5,temp,20260904,20261003,"00Z,12Z",D1,3h,-0.916,2.354,2.941,0.823,468
114119,VISCA VISCA,AREQUIPA,CONDESUYOS,mpas15,temp,20260904,20261003,00Z,D1,3h,-3.286,3.663,4.116,0.849,238
47280292,COTAHUASI,AREQUIPA,LA UNION,ecmwf,temp,20260904,20261003,"00Z,12Z",D1,3h,-6.03,6.031,6.37,0.879,444
47280292,COTAHUASI,AREQUIPA,LA UNION,gfs,temp,20260904,20261003,"00Z,12Z",D1,3h,-6.635,6.635,7.016,0.833,444
47280292,COTAHUASI,AREQUIPA,LA UNION,eta5,temp,20260904,20261003,"00Z,12Z",D1,3h,-0.978,2.556,3.145,0.87,347
47280292,COTAHUASI,AREQUIPA,LA UNION,wrf5,temp,20260904,20261003,"00Z,12Z",D1,3h,-2.099,2.391,2.941,0.825,436
47280292,COTAHUASI,AREQUIPA,LA UNION,mpas15,temp,20260904,20261003,00Z,D1,3h,-11.936,11.936,12.094,0.883,222
115151,CUYAU,AREQUIPA,LA UNION,ecmwf,temp,20260904,20261003,"00Z,12Z",D1,3h,S/D,S/D,S/D,S/D,0
115151,CUYAU,AREQUIPA,LA UNION,gfs,temp,20260904,20261003,"00Z,12Z",D1,3h,S/D,S/D,S/D,S/D,0
115151,CUYAU,AREQUIPA,LA UNION,eta5,temp,20260904,20261003,"00Z,12Z",D1,3h,S/D,S/D,S/D,S/D,0
115151,CUYAU,AREQUIPA,LA UNION,wrf5,temp,20260904,20261003,"00Z,12Z",D1,3h,S/D,S/D,S/D,S/D,0
115151,CUYAU,AREQUIPA,LA UNION,mpas15,temp,20260904,20261003,00Z,D1,3h,S/D,S/D,S/D,S/D,0
4729D600,PAMPA CANGALLO,AYACUCHO,CANGALLO,ecmwf,temp,20260904,20261003,"00Z,12Z",D1,3h,-2.964,3.146,3.789,0.898,478
4729D600,PAMPA CANGALLO,AYACUCHO,CANGALLO,gfs,temp,20260904,20261003,"00Z,12Z",D1,3h,-2.503,3.071,3.803,0.87,478
4729D600,PAMPA CANGALLO,AYACUCHO,CANGALLO,eta5,temp,20260904,20261003,"00Z,12Z",D1,3h,-0.965,2.16,2.774,0.869,378
4729D600,PAMPA CANGALLO,AYACUCHO,CANGALLO,wrf5,temp,20260904,20261003,"00Z,12Z",D1,3h,0.705,2.383,2.976,0.845,470
4729D600,PAMPA CANGALLO,AYACUCHO,CANGALLO,mpas15,temp,20260904,20261003,00Z,D1,3h,-3.912,4.036,4.626,0.898,239
113248,SANTA CRUZ DE HOSPICIO,AYACUCHO,CANGALLO,ecmwf,temp,20260904,20261003,"00Z,12Z",D1,3h,-0.879,1.617,1.95,0.936,480
113248,SANTA CRUZ DE HOSPICIO,AYACUCHO,CANGALLO,gfs,temp,20260904,20261003,"00Z,12Z",D1,3h,-0.81,2.295,2.772,0.857,480
113248,SANTA CRUZ DE HOSPICIO,AYACUCHO,CANGALLO,eta5,temp,20260904,20261003,"00Z,12Z",D1,3h,0.553,1.622,2.186,0.892,379
113248,SANTA CRUZ DE HOSPICIO,AYACUCHO,CANGALLO,wrf5,temp,20260904,20261003,"00Z,12Z",D1,3h,-0.645,2.101,2.61,0.859,472
113248,SANTA CRUZ DE HOSPICIO,AYACUCHO,CANGALLO,mpas15,temp,20260904,20261003,00Z,D1,3h,-3.557,3.816,4.265,0.897,240
250900,PUENTE PAMPAS GORE APU,AYACUCHO,HUAMANGA,ecmwf,temp,20260904,20261003,"00Z,12Z",D1,3h,S/D,S/D,S/D,S/D,0
250900,PUENTE PAMPAS GORE APU,AYACUCHO,HUAMANGA,gfs,temp,20260904,20261003,"00Z,12Z",D1,3h,S/D,S/D,S/D,S/D,0
250900,PUENTE PAMPAS GORE APU,AYACUCHO,HUAMANGA,eta5,temp,20260904,20261003,"00Z,12Z",D1,3h,S/D,S/D,S/D,S/D,0
250900,PUENTE PAMPAS GORE APU,AYACUCHO,HUAMANGA,wrf5,temp,20260904,20261003,"00Z,12Z",D1,3h,S/D,S/D,S/D,S/D,0
250900,PUENTE PAMPAS GORE APU,AYACUCHO,HUAMANGA,mpas15,temp,20260904,20261003,00Z,D1,3h,S/D,S/D,S/D,S/D,0
114122,CCONTACC,AYACUCHO,LUCANAS,ecmwf,temp,20260904,20261003,"00Z,12Z",D1,3h,-2.795,2.926,3.346,0.918,480
114122,CCONTACC,AYACUCHO,LUCANAS,gfs,temp,20260904,20261003,"00Z,12Z",D1,3h,-2.63,2.854,3.481,0.868,480
114122,CCONTACC,AYACUCHO,LUCANAS,eta5,temp,20260904,20261003,"00Z,12Z",D1,3h,-1.628,2.038,2.56,0.896,379
114122,CCONTACC,AYACUCHO,LUCANAS,wrf5,temp,20260904,20261003,"00Z,12Z",D1,3h,-0.894,2.07,2.436,0.855,472
114122,CCONTACC,AYACUCHO,LUCANAS,mpas15,temp,20260904,20261003,00Z,D1,3h,-3.182,3.241,3.536,0.925,240
47290068,HUAC-HUAS,AYACUCHO,LUCANAS,ecmwf,temp,20260904,20261003,"00Z,12Z",D1,3h,4.974,4.974,5.144,0.832,470
47290068,HUAC-HUAS,AYACUCHO,LUCANAS,gfs,temp,20260904,20261003,"00Z,12Z",D1,3h,4.194,4.194,4.488,0.795,470
47290068,HUAC-HUAS,AYACUCHO,LUCANAS,eta5,temp,20260904,20261003,"00Z,12Z",D1,3h,-0.377,1.502,1.889,0.801,371
47290068,HUAC-HUAS,AYACUCHO,LUCANAS,wrf5,temp,20260904,20261003,"00Z,12Z",D1,3h,-1.261,1.611,1.979,0.818,462
47290068,HUAC-HUAS,AYACUCHO,LUCANAS,mpas15,temp,20260904,20261003,00Z,D1,3h,-1.763,1.97,2.373,0.804,235
114127,PAMPA GALERAS,AYACUCHO,LUCANAS,ecmwf,temp,20260904,20261003,"00Z,12Z",D1,3h,2.674,3.477,4.601,0.879,478
114127,PAMPA GALERAS,AYACUCHO,LUCANAS,gfs,temp,20260904,20261003,"00Z,12Z",D1,3h,4.876,5.061,6.771,0.831,478
114127,PAMPA GALERAS,AYACUCHO,LUCANAS,eta5,temp,20260904,20261003,"00Z,12Z",D1,3h,1.658,2.681,3.585,0.913,378
114127,PAMPA GALERAS,AYACUCHO,LUCANAS,wrf5,temp,20260904,20261003,"00Z,12Z",D1,3h,1.363,3.295,4.229,0.848,470
114127,PAMPA GALERAS,AYACUCHO,LUCANAS,mpas15,temp,20260904,20261003,00Z,D1,3h,0.743,2.402,3.053,0.938,239
114121,HURAY HUMA,AYACUCHO,PARINACOCHAS,ecmwf,temp,20260904,20261003,"00Z,12Z",D1,3h,-2.199,3.311,3.781,0.888,410
114121,HURAY HUMA,AYACUCHO,PARINACOCHAS,gfs,temp,20260904,20261003,"00Z,12Z",D1,3h,-0.446,3.17,3.654,0.85,410
114121,HURAY HUMA,AYACUCHO,PARINACOCHAS,eta5,temp,20260904,20261003,"00Z,12Z",D1,3h,0.743,2.138,2.823,0.898,317
114121,HURAY HUMA,AYACUCHO,PARINACOCHAS,wrf5,temp,20260904,20261003,"00Z,12Z",D1,3h,-0.183,2.69,3.283,0.871,404
114121,HURAY HUMA,AYACUCHO,PARINACOCHAS,mpas15,temp,20260904,20261003,00Z,D1,3h,-1.772,2.929,3.358,0.921,205
115155,PAUZA,AYACUCHO,PAUCAR DEL SARA SARA,ecmwf,temp,20260904,20261003,"00Z,12Z",D1,3h,-3.769,3.776,4.193,0.909,480
115155,PAUZA,AYACUCHO,PAUCAR DEL SARA SARA,gfs,temp,20260904,20261003,"00Z,12Z",D1,3h,-4.712,4.712,5.287,0.857,480
115155,PAUZA,AYACUCHO,PAUCAR DEL SARA SARA,eta5,temp,20260904,20261003,"00Z,12Z",D1,3h,0.82,1.723,2.176,0.927,379
115155,PAUZA,AYACUCHO,PAUCAR DEL SARA SARA,wrf5,temp,20260904,20261003,"00Z,12Z",D1,3h,3.175,3.213,3.61,0.904,472
115155,PAUZA,AYACUCHO,PAUCAR DEL SARA SARA,mpas15,temp,20260904,20261003,00Z,D1,3h,-8.227,8.227,8.401,0.905,240
4725B27A,PAUCARAY,AYACUCHO,SUCRE,ecmwf,temp,20260904,20261003,"00Z,12Z",D1,3h,S/D,S/D,S/D,S/D,0
4725B27A,PAUCARAY,AYACUCHO,SUCRE,gfs,temp,20260904,20261003,"00Z,12Z",D1,3h,S/D,S/D,S/D,S/D,0
4725B27A,PAUCARAY,AYACUCHO,SUCRE,eta5,temp,20260904,20261003,"00Z,12Z",D1,3h,S/D,S/D,S/D,S/D,0
4725B27A,PAUCARAY,AYACUCHO,SUCRE,wrf5,temp,20260904,20261003,"00Z,12Z",D1,3h,S/D,S/D,S/D,S/D,0
4725B27A,PAUCARAY,AYACUCHO,SUCRE,mpas15,temp,20260904,20261003,00Z,D1,3h,S/D,S/D,S/D,S/D,0
4729F0EC,CAJABAMBA,CAJAMARCA,CAJABAMBA,ecmwf,temp,20260904,20261003,"00Z,12Z",D1,3h,-3.642,3.7,4.133,0.897,478
4729F0EC,CAJABAMBA,CAJAMARCA,CAJABAMBA,gfs,temp,20260904,20261003,"00Z,12Z",D1,3h,-1.565,2.234,2.797,0.857,478
4729F0EC,CAJABAMBA,CAJAMARCA,CAJABAMBA,eta5,temp,20260904,20261003,"00Z,12Z",D1,3h,-4.133,4.19,4.636,0.88,378
4729F0EC,CAJABAMBA,CAJAMARCA,CAJABAMBA,wrf5,temp,20260904,20261003,"00Z,12Z",D1,3h,-2.339,2.638,3.228,0.884,470
4729F0EC,CAJABAMBA,CAJAMARCA,CAJABAMBA,mpas15,temp,20260904,20261003,00Z,D1,3h,-4.827,4.833,5.202,0.926,239
472A32FC,CRISNEJAS,CAJAMARCA,CAJABAMBA,ecmwf,temp,20260904,20261003,"00Z,12Z",D1,3h,S/D,S/D,S/D,S/D,0
472A32FC,CRISNEJAS,CAJAMARCA,CAJABAMBA,gfs,temp,20260904,20261003,"00Z,12Z",D1,3h,S/D,S/D,S/D,S/D,0
472A32FC,CRISNEJAS,CAJAMARCA,CAJABAMBA,eta5,temp,20260904,20261003,"00Z,12Z",D1,3h,S/D,S/D,S/D,S/D,0
472A32FC,CRISNEJAS,CAJAMARCA,CAJABAMBA,wrf5,temp,20260904,20261003,"00Z,12Z",D1,3h,S/D,S/D,S/D,S/D,0
472A32FC,CRISNEJAS,CAJAMARCA,CAJABAMBA,mpas15,temp,20260904,20261003,00Z,D1,3h,S/D,S/D,S/D,S/D,0
472645F0,UNC CAJAMARCA,CAJAMARCA,CAJAMARCA,ecmwf,temp,20260904,20261003,"00Z,12Z",D1,3h,-1.751,2.301,2.863,0.905,466
472645F0,UNC CAJAMARCA,CAJAMARCA,CAJAMARCA,gfs,temp,20260904,20261003,"00Z,12Z",D1,3h,-1.354,2.241,2.831,0.856,466
472645F0,UNC CAJAMARCA,CAJAMARCA,CAJAMARCA,eta5,temp,20260904,20261003,"00Z,12Z",D1,3h,0.798,1.726,2.16,0.88,369
472645F0,UNC CAJAMARCA,CAJAMARCA,CAJAMARCA,wrf5,temp,20260904,20261003,"00Z,12Z",D1,3h,0.882,1.883,2.319,0.884,458
472645F0,UNC CAJAMARCA,CAJAMARCA,CAJAMARCA,mpas15,temp,20260904,20261003,00Z,D1,3h,-3.708,3.764,4.253,0.893,233
472501F4,BALSAS,CAJAMARCA,CELENDIN,ecmwf,temp,20260904,20261003,"00Z,12Z",D1,3h,-9.891,9.891,10.233,0.836,480
472501F4,BALSAS,CAJAMARCA,CELENDIN,gfs,temp,20260904,20261003,"00Z,12Z",D1,3h,-11.605,11.605,11.937,0.767,480
472501F4,BALSAS,CAJAMARCA,CELENDIN,eta5,temp,20260904,20261003,"00Z,12Z",D1,3h,-5.893,5.926,6.562,0.815,379
472501F4,BALSAS,CAJAMARCA,CELENDIN,wrf5,temp,20260904,20261003,"00Z,12Z",D1,3h,-2.762,3.117,3.759,0.835,472
472501F4,BALSAS,CAJAMARCA,CELENDIN,mpas15,temp,20260904,20261003,00Z,D1,3h,-14.926,14.926,15.116,0.79,240
4726631C,CELENDIN,CAJAMARCA,CELENDIN,ecmwf,temp,20260904,20261003,"00Z,12Z",D1,3h,-0.839,1.932,2.413,0.855,468
4726631C,CELENDIN,CAJAMARCA,CELENDIN,gfs,temp,20260904,20261003,"00Z,12Z",D1,3h,-0.954,1.714,2.21,0.881,468
4726631C,CELENDIN,CAJAMARCA,CELENDIN,eta5,temp,20260904,20261003,"00Z,12Z",D1,3h,-0.26,1.619,2.017,0.865,367
4726631C,CELENDIN,CAJAMARCA,CELENDIN,wrf5,temp,20260904,20261003,"00Z,12Z",D1,3h,0.204,1.631,2.006,0.865,460
4726631C,CELENDIN,CAJAMARCA,CELENDIN,mpas15,temp,20260904,20261003,00Z,D1,3h,0.01,1.606,2.042,0.866,234
4726C3E4,CHOTA,CAJAMARCA,CHOTA,ecmwf,temp,20260904,20261003,"00Z,12Z",D1,3h,-2.445,2.687,3.267,0.873,446
4726C3E4,CHOTA,CAJAMARCA,CHOTA,gfs,temp,20260904,20261003,"00Z,12Z",D1,3h,-2.655,2.837,3.351,0.848,446
4726C3E4,CHOTA,CAJAMARCA,CHOTA,eta5,temp,20260904,20261003,"00Z,12Z",D1,3h,-2.624,2.766,3.19,0.874,349
4726C3E4,CHOTA,CAJAMARCA,CHOTA,wrf5,temp,20260904,20261003,"00Z,12Z",D1,3h,0.005,1.539,1.957,0.868,440
4726C3E4,CHOTA,CAJAMARCA,CHOTA,mpas15,temp,20260904,20261003,00Z,D1,3h,-4.738,4.789,5.332,0.847,223
47E94706,HUAMBOS,CAJAMARCA,CHOTA,ecmwf,temp,20260904,20261003,"00Z,12Z",D1,3h,0.887,1.726,2.325,0.811,480
47E94706,HUAMBOS,CAJAMARCA,CHOTA,gfs,temp,20260904,20261003,"00Z,12Z",D1,3h,1.871,2.518,3.487,0.776,480
47E94706,HUAMBOS,CAJAMARCA,CHOTA,eta5,temp,20260904,20261003,"00Z,12Z",D1,3h,2.125,2.834,3.623,0.789,379
47E94706,HUAMBOS,CAJAMARCA,CHOTA,wrf5,temp,20260904,20261003,"00Z,12Z",D1,3h,0.727,1.67,2.179,0.81,472
47E94706,HUAMBOS,CAJAMARCA,CHOTA,mpas15,temp,20260904,20261003,00Z,D1,3h,-0.88,1.67,2.089,0.757,240
47E35522,LA MUCHALA,CAJAMARCA,CHOTA,ecmwf,temp,20260904,20261003,"00Z,12Z",D1,3h,2.041,2.041,2.348,0.894,16
47E35522,LA MUCHALA,CAJAMARCA,CHOTA,gfs,temp,20260904,20261003,"00Z,12Z",D1,3h,3.03,3.03,3.469,0.941,16
47E35522,LA MUCHALA,CAJAMARCA,CHOTA,eta5,temp,20260904,20261003,"00Z,12Z",D1,3h,4.571,4.571,4.918,0.728,11
47E35522,LA MUCHALA,CAJAMARCA,CHOTA,wrf5,temp,20260904,20261003,"00Z,12Z",D1,3h,2.425,2.469,3.146,0.876,16
47E35522,LA MUCHALA,CAJAMARCA,CHOTA,mpas15,temp,20260904,20261003,00Z,D1,3h,1.067,1.338,1.622,0.976,8
47E1D6C2,PUENTE SAN CARLOS,CAJAMARCA,CHOTA,ecmwf,temp,20260904,20261003,"00Z,12Z",D1,3h,-5.167,5.189,5.637,0.671,478
47E1D6C2,PUENTE SAN CARLOS,CAJAMARCA,CHOTA,gfs,temp,20260904,20261003,"00Z,12Z",D1,3h,-3.928,4.262,4.833,0.553,478
47E1D6C2,PUENTE SAN CARLOS,CAJAMARCA,CHOTA,eta5,temp,20260904,20261003,"00Z,12Z",D1,3h,-1.143,1.926,2.254,0.846,377
47E1D6C2,PUENTE SAN CARLOS,CAJAMARCA,CHOTA,wrf5,temp,20260904,20261003,"00Z,12Z",D1,3h,-1.917,2.556,2.912,0.882,470
47E1D6C2,PUENTE SAN CARLOS,CAJAMARCA,CHOTA,mpas15,temp,20260904,20261003,00Z,D1,3h,-2.524,2.715,3.026,0.842,239
47E1F02E,TUNEL CHOTANO,CAJAMARCA,CHOTA,ecmwf,temp,20260904,20261003,"00Z,12Z",D1,3h,-3.829,3.858,4.377,0.891,476
47E1F02E,TUNEL CHOTANO,CAJAMARCA,CHOTA,gfs,temp,20260904,20261003,"00Z,12Z",D1,3h,-4.091,4.116,4.585,0.848,476
47E1F02E,TUNEL CHOTANO,CAJAMARCA,CHOTA,eta5,temp,20260904,20261003,"00Z,12Z",D1,3h,-1.339,1.804,2.198,0.898,375
47E1F02E,TUNEL CHOTANO,CAJAMARCA,CHOTA,wrf5,temp,20260904,20261003,"00Z,12Z",D1,3h,-2.355,2.607,3.259,0.831,468
47E1F02E,TUNEL CHOTANO,CAJAMARCA,CHOTA,mpas15,temp,20260904,20261003,00Z,D1,3h,-5.314,5.316,5.908,0.878,238
472C92CA,CASCABAMBA,CAJAMARCA,CONTUMAZA,ecmwf,temp,20260904,20261003,"00Z,12Z",D1,3h,7.488,7.488,7.83,0.748,480
472C92CA,CASCABAMBA,CAJAMARCA,CONTUMAZA,gfs,temp,20260904,20261003,"00Z,12Z",D1,3h,9.298,9.298,9.548,0.735,480
472C92CA,CASCABAMBA,CAJAMARCA,CONTUMAZA,eta5,temp,20260904,20261003,"00Z,12Z",D1,3h,0.572,1.394,1.781,0.832,379
472C92CA,CASCABAMBA,CAJAMARCA,CONTUMAZA,wrf5,temp,20260904,20261003,"00Z,12Z",D1,3h,0.24,1.81,2.28,0.735,472
472C92CA,CASCABAMBA,CAJAMARCA,CONTUMAZA,mpas15,temp,20260904,20261003,00Z,D1,3h,6.729,6.737,7.015,0.78,240
472C81BC,GUZMANGO,CAJAMARCA,CONTUMAZA,ecmwf,temp,20260904,20261003,"00Z,12Z",D1,3h,3.751,3.759,4.142,0.699,478
472C81BC,GUZMANGO,CAJAMARCA,CONTUMAZA,gfs,temp,20260904,20261003,"00Z,12Z",D1,3h,4.517,4.517,4.915,0.676,478
472C81BC,GUZMANGO,CAJAMARCA,CONTUMAZA,eta5,temp,20260904,20261003,"00Z,12Z",D1,3h,1.028,1.549,1.973,0.779,377
472C81BC,GUZMANGO,CAJAMARCA,CONTUMAZA,wrf5,temp,20260904,20261003,"00Z,12Z",D1,3h,2.076,2.321,2.707,0.696,470
472C81BC,GUZMANGO,CAJAMARCA,CONTUMAZA,mpas15,temp,20260904,20261003,00Z,D1,3h,2.006,2.176,2.667,0.761,239
4727470A,PUENTE CHILETE,CAJAMARCA,CONTUMAZA,ecmwf,temp,20260904,20261003,"00Z,12Z",D1,3h,-8.042,8.042,8.326,0.866,478
4727470A,PUENTE CHILETE,CAJAMARCA,CONTUMAZA,gfs,temp,20260904,20261003,"00Z,12Z",D1,3h,-7.614,7.614,7.933,0.789,478
4727470A,PUENTE CHILETE,CAJAMARCA,CONTUMAZA,eta5,temp,20260904,20261003,"00Z,12Z",D1,3h,-0.914,1.652,2.062,0.88,377
4727470A,PUENTE CHILETE,CAJAMARCA,CONTUMAZA,wrf5,temp,20260904,20261003,"00Z,12Z",D1,3h,-1.962,2.185,2.595,0.896,470
4727470A,PUENTE CHILETE,CAJAMARCA,CONTUMAZA,mpas15,temp,20260904,20261003,00Z,D1,3h,-10.396,10.396,10.676,0.767,239
4726E508,YONAN GORE,CAJAMARCA,CONTUMAZA,ecmwf,temp,20260904,20261003,"00Z,12Z",D1,3h,S/D,S/D,S/D,S/D,0
4726E508,YONAN GORE,CAJAMARCA,CONTUMAZA,gfs,temp,20260904,20261003,"00Z,12Z",D1,3h,S/D,S/D,S/D,S/D,0
4726E508,YONAN GORE,CAJAMARCA,CONTUMAZA,eta5,temp,20260904,20261003,"00Z,12Z",D1,3h,S/D,S/D,S/D,S/D,0
4726E508,YONAN GORE,CAJAMARCA,CONTUMAZA,wrf5,temp,20260904,20261003,"00Z,12Z",D1,3h,S/D,S/D,S/D,S/D,0
4726E508,YONAN GORE,CAJAMARCA,CONTUMAZA,mpas15,temp,20260904,20261003,00Z,D1,3h,S/D,S/D,S/D,S/D,0
472B3006,CUMBA,CAJAMARCA,CUTERVO,ecmwf,temp,20260904,20261003,"00Z,12Z",D1,3h,S/D,S/D,S/D,S/D,0
472B3006,CUMBA,CAJAMARCA,CUTERVO,gfs,temp,20260904,20261003,"00Z,12Z",D1,3h,S/D,S/D,S/D,S/D,0
472B3006,CUMBA,CAJAMARCA,CUTERVO,eta5,temp,20260904,20261003,"00Z,12Z",D1,3h,S/D,S/D,S/D,S/D,0
472B3006,CUMBA,CAJAMARCA,CUTERVO,wrf5,temp,20260904,20261003,"00Z,12Z",D1,3h,S/D,S/D,S/D,S/D,0
472B3006,CUMBA,CAJAMARCA,CUTERVO,mpas15,temp,20260904,20261003,00Z,D1,3h,S/D,S/D,S/D,S/D,0
4726A602,CUTERVO,CAJAMARCA,CUTERVO,ecmwf,temp,20260904,20261003,"00Z,12Z",D1,3h,0.655,1.709,2.176,0.786,452
4726A602,CUTERVO,CAJAMARCA,CUTERVO,gfs,temp,20260904,20261003,"00Z,12Z",D1,3h,0.34,1.391,1.779,0.847,452
4726A602,CUTERVO,CAJAMARCA,CUTERVO,eta5,temp,20260904,20261003,"00Z,12Z",D1,3h,-0.258,1.608,2.011,0.849,361
4726A602,CUTERVO,CAJAMARCA,CUTERVO,wrf5,temp,20260904,20261003,"00Z,12Z",D1,3h,-0.288,1.241,1.56,0.861,444
4726A602,CUTERVO,CAJAMARCA,CUTERVO,mpas15,temp,20260904,20261003,00Z,D1,3h,0.603,1.17,1.455,0.878,226
4726D092,BAMBAMARCA H,CAJAMARCA,HUALGAYOC,ecmwf,temp,20260904,20261003,"00Z,12Z",D1,3h,S/D,S/D,S/D,S/D,0
4726D092,BAMBAMARCA H,CAJAMARCA,HUALGAYOC,gfs,temp,20260904,20261003,"00Z,12Z",D1,3h,S/D,S/D,S/D,S/D,0
4726D092,BAMBAMARCA H,CAJAMARCA,HUALGAYOC,eta5,temp,20260904,20261003,"00Z,12Z",D1,3h,S/D,S/D,S/D,S/D,0
4726D092,BAMBAMARCA H,CAJAMARCA,HUALGAYOC,wrf5,temp,20260904,20261003,"00Z,12Z",D1,3h,S/D,S/D,S/D,S/D,0
4726D092,BAMBAMARCA H,CAJAMARCA,HUALGAYOC,mpas15,temp,20260904,20261003,00Z,D1,3h,S/D,S/D,S/D,S/D,0
472680EE,BAMBAMARCA M,CAJAMARCA,HUALGAYOC,ecmwf,temp,20260904,20261003,"00Z,12Z",D1,3h,-4.43,4.453,4.886,0.856,476
472680EE,BAMBAMARCA M,CAJAMARCA,HUALGAYOC,gfs,temp,20260904,20261003,"00Z,12Z",D1,3h,-5.504,5.504,5.778,0.838,476
472680EE,BAMBAMARCA M,CAJAMARCA,HUALGAYOC,eta5,temp,20260904,20261003,"00Z,12Z",D1,3h,-2.314,2.654,3.082,0.867,375
472680EE,BAMBAMARCA M,CAJAMARCA,HUALGAYOC,wrf5,temp,20260904,20261003,"00Z,12Z",D1,3h,-0.298,1.305,1.686,0.88,468
472680EE,BAMBAMARCA M,CAJAMARCA,HUALGAYOC,mpas15,temp,20260904,20261003,00Z,D1,3h,-5.532,5.532,5.798,0.82,238
4727F484,CHUGUR,CAJAMARCA,HUALGAYOC,ecmwf,temp,20260904,20261003,"00Z,12Z",D1,3h,-4.404,4.417,4.732,0.832,474
4727F484,CHUGUR,CAJAMARCA,HUALGAYOC,gfs,temp,20260904,20261003,"00Z,12Z",D1,3h,-2.563,2.621,3.012,0.826,474
4727F484,CHUGUR,CAJAMARCA,HUALGAYOC,eta5,temp,20260904,20261003,"00Z,12Z",D1,3h,0.695,1.486,1.882,0.884,374
4727F484,CHUGUR,CAJAMARCA,HUALGAYOC,wrf5,temp,20260904,20261003,"00Z,12Z",D1,3h,-1.946,2.062,2.54,0.82,466
4727F484,CHUGUR,CAJAMARCA,HUALGAYOC,mpas15,temp,20260904,20261003,00Z,D1,3h,-1.408,1.725,2.073,0.83,237
472A571A,HUALLAPE,CAJAMARCA,JAEN,ecmwf,temp,20260904,20261003,"00Z,12Z",D1,3h,S/D,S/D,S/D,S/D,0
472A571A,HUALLAPE,CAJAMARCA,JAEN,gfs,temp,20260904,20261003,"00Z,12Z",D1,3h,S/D,S/D,S/D,S/D,0
472A571A,HUALLAPE,CAJAMARCA,JAEN,eta5,temp,20260904,20261003,"00Z,12Z",D1,3h,S/D,S/D,S/D,S/D,0
472A571A,HUALLAPE,CAJAMARCA,JAEN,wrf5,temp,20260904,20261003,"00Z,12Z",D1,3h,S/D,S/D,S/D,S/D,0
472A571A,HUALLAPE,CAJAMARCA,JAEN,mpas15,temp,20260904,20261003,00Z,D1,3h,S/D,S/D,S/D,S/D,0
47269398,JAEN,CAJAMARCA,JAEN,ecmwf,temp,20260904,20261003,"00Z,12Z",D1,3h,-3.046,3.147,3.522,0.908,468
47269398,JAEN,CAJAMARCA,JAEN,gfs,temp,20260904,20261003,"00Z,12Z",D1,3h,-2.258,2.435,2.777,0.911,468
47269398,JAEN,CAJAMARCA,JAEN,eta5,temp,20260904,20261003,"00Z,12Z",D1,3h,-1.031,1.853,2.291,0.869,368
47269398,JAEN,CAJAMARCA,JAEN,wrf5,temp,20260904,20261003,"00Z,12Z",D1,3h,0.365,1.521,2.0,0.864,460
47269398,JAEN,CAJAMARCA,JAEN,mpas15,temp,20260904,20261003,00Z,D1,3h,-4.369,4.41,4.822,0.88,234
105136,SAUZAL,CAJAMARCA,JAEN,ecmwf,temp,20260904,20261003,"00Z,12Z",D1,3h,S/D,S/D,S/D,S/D,0
105136,SAUZAL,CAJAMARCA,JAEN,gfs,temp,20260904,20261003,"00Z,12Z",D1,3h,S/D,S/D,S/D,S/D,0
105136,SAUZAL,CAJAMARCA,JAEN,eta5,temp,20260904,20261003,"00Z,12Z",D1,3h,S/D,S/D,S/D,S/D,0
105136,SAUZAL,CAJAMARCA,JAEN,wrf5,temp,20260904,20261003,"00Z,12Z",D1,3h,S/D,S/D,S/D,S/D,0
105136,SAUZAL,CAJAMARCA,JAEN,mpas15,temp,20260904,20261003,00Z,D1,3h,S/D,S/D,S/D,S/D,0
4725E206,SAN MARCOS,CAJAMARCA,SAN MARCOS,ecmwf,temp,20260904,20261003,"00Z,12Z",D1,3h,-4.765,4.797,5.36,0.916,468
4725E206,SAN MARCOS,CAJAMARCA,SAN MARCOS,gfs,temp,20260904,20261003,"00Z,12Z",D1,3h,-4.915,5.036,6.124,0.864,468
4725E206,SAN MARCOS,CAJAMARCA,SAN MARCOS,eta5,temp,20260904,20261003,"00Z,12Z",D1,3h,-1.879,2.729,3.309,0.885,369
4725E206,SAN MARCOS,CAJAMARCA,SAN MARCOS,wrf5,temp,20260904,20261003,"00Z,12Z",D1,3h,1.101,2.657,3.193,0.868,460
4725E206,SAN MARCOS,CAJAMARCA,SAN MARCOS,mpas15,temp,20260904,20261003,00Z,D1,3h,-4.376,4.451,5.36,0.932,234
47E207A4,TONGOD,CAJAMARCA,SAN MIGUEL,ecmwf,temp,20260904,20261003,"00Z,12Z",D1,3h,-4.495,4.629,5.182,0.851,476
47E207A4,TONGOD,CAJAMARCA,SAN MIGUEL,gfs,temp,20260904,20261003,"00Z,12Z",D1,3h,-2.64,3.108,3.646,0.803,476
47E207A4,TONGOD,CAJAMARCA,SAN MIGUEL,eta5,temp,20260904,20261003,"00Z,12Z",D1,3h,-3.34,3.65,4.067,0.834,376
47E207A4,TONGOD,CAJAMARCA,SAN MIGUEL,wrf5,temp,20260904,20261003,"00Z,12Z",D1,3h,0.873,1.915,2.64,0.82,468
47E207A4,TONGOD,CAJAMARCA,SAN MIGUEL,mpas15,temp,20260904,20261003,00Z,D1,3h,-3.444,3.739,4.255,0.8,238
47E1C5B4,CAÑAD,CAJAMARCA,SANTA CRUZ,ecmwf,temp,20260904,20261003,"00Z,12Z",D1,3h,-9.377,9.377,9.664,0.706,474
47E1C5B4,CAÑAD,CAJAMARCA,SANTA CRUZ,gfs,temp,20260904,20261003,"00Z,12Z",D1,3h,-8.566,8.566,8.883,0.658,474
47E1C5B4,CAÑAD,CAJAMARCA,SANTA CRUZ,eta5,temp,20260904,20261003,"00Z,12Z",D1,3h,-4.939,5.014,5.806,0.685,375
47E1C5B4,CAÑAD,CAJAMARCA,SANTA CRUZ,wrf5,temp,20260904,20261003,"00Z,12Z",D1,3h,-1.696,2.117,2.665,0.783,466
47E1C5B4,CAÑAD,CAJAMARCA,SANTA CRUZ,mpas15,temp,20260904,20261003,00Z,D1,3h,-6.894,6.894,7.236,0.722,237
47E3055E,CHANCAY BAÑOS,CAJAMARCA,SANTA CRUZ,ecmwf,temp,20260904,20261003,"00Z,12Z",D1,3h,-5.536,5.536,5.813,0.916,478
47E3055E,CHANCAY BAÑOS,CAJAMARCA,SANTA CRUZ,gfs,temp,20260904,20261003,"00Z,12Z",D1,3h,-5.817,5.817,6.113,0.829,478
47E3055E,CHANCAY BAÑOS,CAJAMARCA,SANTA CRUZ,eta5,temp,20260904,20261003,"00Z,12Z",D1,3h,-2.433,2.643,3.188,0.858,378
47E3055E,CHANCAY BAÑOS,CAJAMARCA,SANTA CRUZ,wrf5,temp,20260904,20261003,"00Z,12Z",D1,3h,0.186,1.479,1.916,0.846,470
47E3055E,CHANCAY BAÑOS,CAJAMARCA,SANTA CRUZ,mpas15,temp,20260904,20261003,00Z,D1,3h,-5.541,5.541,5.922,0.864,239
47E1E358,PUENTE AMBAN,CAJAMARCA,SANTA CRUZ,ecmwf,temp,20260904,20261003,"00Z,12Z",D1,3h,-4.997,5.002,5.424,0.883,478
47E1E358,PUENTE AMBAN,CAJAMARCA,SANTA CRUZ,gfs,temp,20260904,20261003,"00Z,12Z",D1,3h,-4.013,4.051,4.505,0.844,478
47E1E358,PUENTE AMBAN,CAJAMARCA,SANTA CRUZ,eta5,temp,20260904,20261003,"00Z,12Z",D1,3h,-2.408,2.674,3.142,0.866,377
47E1E358,PUENTE AMBAN,CAJAMARCA,SANTA CRUZ,wrf5,temp,20260904,20261003,"00Z,12Z",D1,3h,-0.537,1.737,2.276,0.834,470
47E1E358,PUENTE AMBAN,CAJAMARCA,SANTA CRUZ,mpas15,temp,20260904,20261003,00Z,D1,3h,-6.755,6.755,7.272,0.866,239
114132,POMACANCHI,CUSCO,ACOMAYO,ecmwf,temp,20260904,20261003,"00Z,12Z",D1,3h,-1.736,2.216,2.635,0.925,480
114132,POMACANCHI,CUSCO,ACOMAYO,gfs,temp,20260904,20261003,"00Z,12Z",D1,3h,-1.23,2.302,2.818,0.892,480
114132,POMACANCHI,CUSCO,ACOMAYO,eta5,temp,20260904,20261003,"00Z,12Z",D1,3h,-0.041,1.832,2.329,0.875,379
114132,POMACANCHI,CUSCO,ACOMAYO,wrf5,temp,20260904,20261003,"00Z,12Z",D1,3h,0.87,1.895,2.54,0.889,472
114132,POMACANCHI,CUSCO,ACOMAYO,mpas15,temp,20260904,20261003,00Z,D1,3h,-2.732,3.017,3.468,0.921,240
113252,ANCACHURO,CUSCO,ANTA,ecmwf,temp,20260904,20261003,"00Z,12Z",D1,3h,-1.497,2.86,3.406,0.886,480
113252,ANCACHURO,CUSCO,ANTA,gfs,temp,20260904,20261003,"00Z,12Z",D1,3h,-0.501,3.222,3.673,0.864,480
113252,ANCACHURO,CUSCO,ANTA,eta5,temp,20260904,20261003,"00Z,12Z",D1,3h,3.863,3.917,4.621,0.899,379
113252,ANCACHURO,CUSCO,ANTA,wrf5,temp,20260904,20261003,"00Z,12Z",D1,3h,2.488,3.027,3.84,0.899,472
113252,ANCACHURO,CUSCO,ANTA,mpas15,temp,20260904,20261003,00Z,D1,3h,-1.991,2.893,3.604,0.94,240
47294362,SORAYPAMPA,CUSCO,ANTA,ecmwf,temp,20260904,20261003,"00Z,12Z",D1,3h,4.086,4.18,4.886,0.839,480
47294362,SORAYPAMPA,CUSCO,ANTA,gfs,temp,20260904,20261003,"00Z,12Z",D1,3h,3.417,3.456,3.946,0.872,480
47294362,SORAYPAMPA,CUSCO,ANTA,eta5,temp,20260904,20261003,"00Z,12Z",D1,3h,-3.272,3.53,3.996,0.862,379
47294362,SORAYPAMPA,CUSCO,ANTA,wrf5,temp,20260904,20261003,"00Z,12Z",D1,3h,-1.424,2.295,2.848,0.846,472
47294362,SORAYPAMPA,CUSCO,ANTA,mpas15,temp,20260904,20261003,00Z,D1,3h,-1.11,1.853,2.374,0.883,240
472976F8,CALCA,CUSCO,CALCA,ecmwf,temp,20260904,20261003,"00Z,12Z",D1,3h,-9.957,9.966,10.438,0.79,474
472976F8,CALCA,CUSCO,CALCA,gfs,temp,20260904,20261003,"00Z,12Z",D1,3h,-7.594,7.607,8.382,0.806,474
472976F8,CALCA,CUSCO,CALCA,eta5,temp,20260904,20261003,"00Z,12Z",D1,3h,-6.632,6.638,7.133,0.862,375
472976F8,CALCA,CUSCO,CALCA,wrf5,temp,20260904,20261003,"00Z,12Z",D1,3h,-0.297,2.208,2.725,0.868,466
472976F8,CALCA,CUSCO,CALCA,mpas15,temp,20260904,20261003,00Z,D1,3h,-8.582,8.586,9.056,0.896,237
472A6280,NUEVO PISAC,CUSCO,CALCA,ecmwf,temp,20260904,20261003,"00Z,12Z",D1,3h,S/D,S/D,S/D,S/D,0
472A6280,NUEVO PISAC,CUSCO,CALCA,gfs,temp,20260904,20261003,"00Z,12Z",D1,3h,S/D,S/D,S/D,S/D,0
472A6280,NUEVO PISAC,CUSCO,CALCA,eta5,temp,20260904,20261003,"00Z,12Z",D1,3h,S/D,S/D,S/D,S/D,0
472A6280,NUEVO PISAC,CUSCO,CALCA,wrf5,temp,20260904,20261003,"00Z,12Z",D1,3h,S/D,S/D,S/D,S/D,0
472A6280,NUEVO PISAC,CUSCO,CALCA,mpas15,temp,20260904,20261003,00Z,D1,3h,S/D,S/D,S/D,S/D,0
114126,PAYAPUNKU,CUSCO,CANAS,ecmwf,temp,20260904,20261003,"00Z,12Z",D1,3h,-1.568,2.381,2.959,0.893,480
114126,PAYAPUNKU,CUSCO,CANAS,gfs,temp,20260904,20261003,"00Z,12Z",D1,3h,-0.32,2.0,2.602,0.885,480
114126,PAYAPUNKU,CUSCO,CANAS,eta5,temp,20260904,20261003,"00Z,12Z",D1,3h,-1.041,2.411,2.964,0.86,379
114126,PAYAPUNKU,CUSCO,CANAS,wrf5,temp,20260904,20261003,"00Z,12Z",D1,3h,0.845,2.449,3.164,0.836,472
114126,PAYAPUNKU,CUSCO,CANAS,mpas15,temp,20260904,20261003,00Z,D1,3h,-2.633,3.158,3.543,0.903,240
114125,SAUSAYA,CUSCO,CANAS,ecmwf,temp,20260904,20261003,"00Z,12Z",D1,3h,-0.53,3.903,4.887,0.875,476
114125,SAUSAYA,CUSCO,CANAS,gfs,temp,20260904,20261003,"00Z,12Z",D1,3h,0.716,3.949,5.176,0.847,476
114125,SAUSAYA,CUSCO,CANAS,eta5,temp,20260904,20261003,"00Z,12Z",D1,3h,3.498,4.18,5.594,0.862,377
114125,SAUSAYA,CUSCO,CANAS,wrf5,temp,20260904,20261003,"00Z,12Z",D1,3h,2.987,4.275,5.801,0.835,468
114125,SAUSAYA,CUSCO,CANAS,mpas15,temp,20260904,20261003,00Z,D1,3h,-0.934,3.753,4.574,0.913,238
472E025C,QUISOQUEPINA,CUSCO,CANCHIS,ecmwf,temp,20260904,20261003,"00Z,12Z",D1,3h,-0.351,1.727,2.258,0.599,128
472E025C,QUISOQUEPINA,CUSCO,CANCHIS,gfs,temp,20260904,20261003,"00Z,12Z",D1,3h,2.12,2.318,2.83,0.663,128
472E025C,QUISOQUEPINA,CUSCO,CANCHIS,eta5,temp,20260904,20261003,"00Z,12Z",D1,3h,2.227,2.539,3.035,0.667,113
472E025C,QUISOQUEPINA,CUSCO,CANCHIS,wrf5,temp,20260904,20261003,"00Z,12Z",D1,3h,0.341,1.839,2.394,0.481,122
472E025C,QUISOQUEPINA,CUSCO,CANCHIS,mpas15,temp,20260904,20261003,00Z,D1,3h,1.617,2.019,2.544,0.631,64
114118,SALCCA,CUSCO,CANCHIS,ecmwf,temp,20260904,20261003,"00Z,12Z",D1,3h,S/D,S/D,S/D,S/D,0
114118,SALCCA,CUSCO,CANCHIS,gfs,temp,20260904,20261003,"00Z,12Z",D1,3h,S/D,S/D,S/D,S/D,0
114118,SALCCA,CUSCO,CANCHIS,eta5,temp,20260904,20261003,"00Z,12Z",D1,3h,S/D,S/D,S/D,S/D,0
114118,SALCCA,CUSCO,CANCHIS,wrf5,temp,20260904,20261003,"00Z,12Z",D1,3h,S/D,S/D,S/D,S/D,0
114118,SALCCA,CUSCO,CANCHIS,mpas15,temp,20260904,20261003,00Z,D1,3h,S/D,S/D,S/D,S/D,0
47E8B578,SIBINACOCHA,CUSCO,CANCHIS,ecmwf,temp,20260904,20261003,"00Z,12Z",D1,3h,0.085,2.352,2.827,0.794,480
47E8B578,SIBINACOCHA,CUSCO,CANCHIS,gfs,temp,20260904,20261003,"00Z,12Z",D1,3h,0.448,1.832,2.327,0.794,480
47E8B578,SIBINACOCHA,CUSCO,CANCHIS,eta5,temp,20260904,20261003,"00Z,12Z",D1,3h,3.163,3.361,4.124,0.809,379
47E8B578,SIBINACOCHA,CUSCO,CANCHIS,wrf5,temp,20260904,20261003,"00Z,12Z",D1,3h,1.56,2.322,2.942,0.766,472
47E8B578,SIBINACOCHA,CUSCO,CANCHIS,mpas15,temp,20260904,20261003,00Z,D1,3h,-1.543,2.229,2.634,0.809,240
4726158C,SICUANI,CUSCO,CANCHIS,ecmwf,temp,20260904,20261003,"00Z,12Z",D1,3h,-2.234,2.839,3.32,0.943,470
4726158C,SICUANI,CUSCO,CANCHIS,gfs,temp,20260904,20261003,"00Z,12Z",D1,3h,-1.615,3.484,4.056,0.877,470
4726158C,SICUANI,CUSCO,CANCHIS,eta5,temp,20260904,20261003,"00Z,12Z",D1,3h,0.25,2.253,2.825,0.91,372
4726158C,SICUANI,CUSCO,CANCHIS,wrf5,temp,20260904,20261003,"00Z,12Z",D1,3h,2.573,3.133,4.242,0.892,462
4726158C,SICUANI,CUSCO,CANCHIS,mpas15,temp,20260904,20261003,00Z,D1,3h,-4.825,5.244,6.102,0.899,235
114123,MARCA CUNKA,CUSCO,CHUMBIVILCAS,ecmwf,temp,20260904,20261003,"00Z,12Z",D1,3h,-2.227,3.332,4.116,0.863,480
114123,MARCA CUNKA,CUSCO,CHUMBIVILCAS,gfs,temp,20260904,20261003,"00Z,12Z",D1,3h,-0.329,2.776,3.584,0.885,480
114123,MARCA CUNKA,CUSCO,CHUMBIVILCAS,eta5,temp,20260904,20261003,"00Z,12Z",D1,3h,1.379,2.894,3.746,0.854,379
114123,MARCA CUNKA,CUSCO,CHUMBIVILCAS,wrf5,temp,20260904,20261003,"00Z,12Z",D1,3h,0.983,2.955,3.891,0.843,472
114123,MARCA CUNKA,CUSCO,CHUMBIVILCAS,mpas15,temp,20260904,20261003,00Z,D1,3h,-2.487,3.649,4.182,0.88,240
4729A090,SANTO TOMAS,CUSCO,CHUMBIVILCAS,ecmwf,temp,20260904,20261003,"00Z,12Z",D1,3h,-3.824,3.917,4.438,0.911,470
4729A090,SANTO TOMAS,CUSCO,CHUMBIVILCAS,gfs,temp,20260904,20261003,"00Z,12Z",D1,3h,-1.925,2.302,2.845,0.934,470
4729A090,SANTO TOMAS,CUSCO,CHUMBIVILCAS,eta5,temp,20260904,20261003,"00Z,12Z",D1,3h,0.457,1.911,2.461,0.887,372
4729A090,SANTO TOMAS,CUSCO,CHUMBIVILCAS,wrf5,temp,20260904,20261003,"00Z,12Z",D1,3h,2.464,2.724,3.341,0.906,462
4729A090,SANTO TOMAS,CUSCO,CHUMBIVILCAS,mpas15,temp,20260904,20261003,00Z,D1,3h,-4.103,4.24,4.713,0.892,235
114124,HUAYHUAHUASI,CUSCO,ESPINAR,ecmwf,temp,20260904,20261003,"00Z,12Z",D1,3h,1.381,3.259,4.35,0.915,480
114124,HUAYHUAHUASI,CUSCO,ESPINAR,gfs,temp,20260904,20261003,"00Z,12Z",D1,3h,2.533,4.441,6.078,0.821,480
114124,HUAYHUAHUASI,CUSCO,ESPINAR,eta5,temp,20260904,20261003,"00Z,12Z",D1,3h,4.539,5.043,6.609,0.847,379
114124,HUAYHUAHUASI,CUSCO,ESPINAR,wrf5,temp,20260904,20261003,"00Z,12Z",D1,3h,3.415,4.706,6.383,0.818,472
114124,HUAYHUAHUASI,CUSCO,ESPINAR,mpas15,temp,20260904,20261003,00Z,D1,3h,-0.177,3.63,4.639,0.913,240
47E880E2,PICHARI,CUSCO,LA CONVENCION,ecmwf,temp,20260904,20261003,"00Z,12Z",D1,3h,-7.827,7.827,8.39,0.758,478
47E880E2,PICHARI,CUSCO,LA CONVENCION,gfs,temp,20260904,20261003,"00Z,12Z",D1,3h,-7.393,7.418,8.074,0.683,478
47E880E2,PICHARI,CUSCO,LA CONVENCION,eta5,temp,20260904,20261003,"00Z,12Z",D1,3h,1.186,2.312,2.958,0.77,378
47E880E2,PICHARI,CUSCO,LA CONVENCION,wrf5,temp,20260904,20261003,"00Z,12Z",D1,3h,1.767,2.522,3.27,0.804,470
47E880E2,PICHARI,CUSCO,LA CONVENCION,mpas15,temp,20260904,20261003,00Z,D1,3h,-9.38,9.38,10.057,0.582,239
112264,PONGO DE MAINIQUE,CUSCO,LA CONVENCION,ecmwf,temp,20260904,20261003,"00Z,12Z",D1,3h,-2.574,3.031,3.39,0.815,480
112264,PONGO DE MAINIQUE,CUSCO,LA CONVENCION,gfs,temp,20260904,20261003,"00Z,12Z",D1,3h,-1.663,2.906,3.404,0.773,480
112264,PONGO DE MAINIQUE,CUSCO,LA CONVENCION,eta5,temp,20260904,20261003,"00Z,12Z",D1,3h,0.88,1.85,2.442,0.759,379
112264,PONGO DE MAINIQUE,CUSCO,LA CONVENCION,wrf5,temp,20260904,20261003,"00Z,12Z",D1,3h,0.932,1.779,2.291,0.822,472
112264,PONGO DE MAINIQUE,CUSCO,LA CONVENCION,mpas15,temp,20260904,20261003,00Z,D1,3h,-2.812,3.223,3.647,0.768,240
4729658E,SAN PABLO,CUSCO,LA CONVENCION,ecmwf,temp,20260904,20261003,"00Z,12Z",D1,3h,-10.757,10.757,11.185,0.785,480
4729658E,SAN PABLO,CUSCO,LA CONVENCION,gfs,temp,20260904,20261003,"00Z,12Z",D1,3h,-9.657,9.657,10.155,0.766,480
4729658E,SAN PABLO,CUSCO,LA CONVENCION,eta5,temp,20260904,20261003,"00Z,12Z",D1,3h,-5.21,5.294,6.196,0.762,379
4729658E,SAN PABLO,CUSCO,LA CONVENCION,wrf5,temp,20260904,20261003,"00Z,12Z",D1,3h,-1.307,2.422,2.922,0.812,472
4729658E,SAN PABLO,CUSCO,LA CONVENCION,mpas15,temp,20260904,20261003,00Z,D1,3h,-10.566,10.566,11.288,0.638,240
4722A338,ACJANACO ,CUSCO,PAUCARTAMBO,ecmwf,temp,20260904,20261003,"00Z,12Z",D1,3h,-0.036,1.922,2.403,0.738,480
4722A338,ACJANACO ,CUSCO,PAUCARTAMBO,gfs,temp,20260904,20261003,"00Z,12Z",D1,3h,1.46,2.152,2.723,0.687,480
4722A338,ACJANACO ,CUSCO,PAUCARTAMBO,eta5,temp,20260904,20261003,"00Z,12Z",D1,3h,-0.208,1.617,2.139,0.763,379
4722A338,ACJANACO ,CUSCO,PAUCARTAMBO,wrf5,temp,20260904,20261003,"00Z,12Z",D1,3h,1.562,2.178,2.852,0.613,472
4722A338,ACJANACO ,CUSCO,PAUCARTAMBO,mpas15,temp,20260904,20261003,00Z,D1,3h,-0.9,1.726,2.32,0.766,240
113247,ASHANAKU,CUSCO,QUISPICANCHI,ecmwf,temp,20260904,20261003,"00Z,12Z",D1,3h,-0.494,1.677,2.087,0.843,480
113247,ASHANAKU,CUSCO,QUISPICANCHI,gfs,temp,20260904,20261003,"00Z,12Z",D1,3h,0.141,1.939,2.492,0.818,480
113247,ASHANAKU,CUSCO,QUISPICANCHI,eta5,temp,20260904,20261003,"00Z,12Z",D1,3h,0.691,1.695,2.257,0.831,379
113247,ASHANAKU,CUSCO,QUISPICANCHI,wrf5,temp,20260904,20261003,"00Z,12Z",D1,3h,-1.325,2.199,2.761,0.77,472
113247,ASHANAKU,CUSCO,QUISPICANCHI,mpas15,temp,20260904,20261003,00Z,D1,3h,-0.942,1.766,2.384,0.873,240
113254,QUINCEMIL,CUSCO,QUISPICANCHI,ecmwf,temp,20260904,20261003,"00Z,12Z",D1,3h,-0.496,1.555,2.02,0.822,480
113254,QUINCEMIL,CUSCO,QUISPICANCHI,gfs,temp,20260904,20261003,"00Z,12Z",D1,3h,-0.644,1.791,2.303,0.793,480
113254,QUINCEMIL,CUSCO,QUISPICANCHI,eta5,temp,20260904,20261003,"00Z,12Z",D1,3h,0.872,1.907,2.331,0.813,379
113254,QUINCEMIL,CUSCO,QUISPICANCHI,wrf5,temp,20260904,20261003,"00Z,12Z",D1,3h,3.041,3.151,3.583,0.863,472
113254,QUINCEMIL,CUSCO,QUISPICANCHI,mpas15,temp,20260904,20261003,00Z,D1,3h,-1.656,2.232,2.811,0.77,240
472A9204,CHILCA,CUSCO,URUBAMBA,ecmwf,temp,20260904,20261003,"00Z,12Z",D1,3h,S/D,S/D,S/D,S/D,0
472A9204,CHILCA,CUSCO,URUBAMBA,gfs,temp,20260904,20261003,"00Z,12Z",D1,3h,S/D,S/D,S/D,S/D,0
472A9204,CHILCA,CUSCO,URUBAMBA,eta5,temp,20260904,20261003,"00Z,12Z",D1,3h,S/D,S/D,S/D,S/D,0
472A9204,CHILCA,CUSCO,URUBAMBA,wrf5,temp,20260904,20261003,"00Z,12Z",D1,3h,S/D,S/D,S/D,S/D,0
472A9204,CHILCA,CUSCO,URUBAMBA,mpas15,temp,20260904,20261003,00Z,D1,3h,S/D,S/D,S/D,S/D,0
4727C11E,HUAYLLABAMBA,CUSCO,URUBAMBA,ecmwf,temp,20260904,20261003,"00Z,12Z",D1,3h,-5.817,5.849,6.344,0.723,472
4727C11E,HUAYLLABAMBA,CUSCO,URUBAMBA,gfs,temp,20260904,20261003,"00Z,12Z",D1,3h,-4.81,4.821,5.317,0.8,472
4727C11E,HUAYLLABAMBA,CUSCO,URUBAMBA,eta5,temp,20260904,20261003,"00Z,12Z",D1,3h,-2.18,2.482,2.952,0.836,375
4727C11E,HUAYLLABAMBA,CUSCO,URUBAMBA,wrf5,temp,20260904,20261003,"00Z,12Z",D1,3h,-6.12,6.123,6.595,0.819,464
4727C11E,HUAYLLABAMBA,CUSCO,URUBAMBA,mpas15,temp,20260904,20261003,00Z,D1,3h,-6.008,6.009,6.413,0.832,236
472935F2,INTIHUATANA H,CUSCO,URUBAMBA,ecmwf,temp,20260904,20261003,"00Z,12Z",D1,3h,S/D,S/D,S/D,S/D,0
472935F2,INTIHUATANA H,CUSCO,URUBAMBA,gfs,temp,20260904,20261003,"00Z,12Z",D1,3h,S/D,S/D,S/D,S/D,0
472935F2,INTIHUATANA H,CUSCO,URUBAMBA,eta5,temp,20260904,20261003,"00Z,12Z",D1,3h,S/D,S/D,S/D,S/D,0
472935F2,INTIHUATANA H,CUSCO,URUBAMBA,wrf5,temp,20260904,20261003,"00Z,12Z",D1,3h,S/D,S/D,S/D,S/D,0
472935F2,INTIHUATANA H,CUSCO,URUBAMBA,mpas15,temp,20260904,20261003,00Z,D1,3h,S/D,S/D,S/D,S/D,0
472852EE,INTIHUATANA M,CUSCO,URUBAMBA,ecmwf,temp,20260904,20261003,"00Z,12Z",D1,3h,-11.808,11.808,12.137,0.678,478
472852EE,INTIHUATANA M,CUSCO,URUBAMBA,gfs,temp,20260904,20261003,"00Z,12Z",D1,3h,-10.783,10.783,11.041,0.805,478
472852EE,INTIHUATANA M,CUSCO,URUBAMBA,eta5,temp,20260904,20261003,"00Z,12Z",D1,3h,-5.472,5.478,6.006,0.761,377
472852EE,INTIHUATANA M,CUSCO,URUBAMBA,wrf5,temp,20260904,20261003,"00Z,12Z",D1,3h,-2.837,3.068,3.619,0.797,470
472852EE,INTIHUATANA M,CUSCO,URUBAMBA,mpas15,temp,20260904,20261003,00Z,D1,3h,-9.637,9.637,10.06,0.722,239
472897F0,MACHUPICCHU,CUSCO,URUBAMBA,ecmwf,temp,20260904,20261003,"00Z,12Z",D1,3h,-9.026,9.026,9.531,0.644,470
472897F0,MACHUPICCHU,CUSCO,URUBAMBA,gfs,temp,20260904,20261003,"00Z,12Z",D1,3h,-8.013,8.013,8.439,0.801,470
472897F0,MACHUPICCHU,CUSCO,URUBAMBA,eta5,temp,20260904,20261003,"00Z,12Z",D1,3h,-2.75,2.977,3.853,0.766,371
472897F0,MACHUPICCHU,CUSCO,URUBAMBA,wrf5,temp,20260904,20261003,"00Z,12Z",D1,3h,-0.074,1.744,2.407,0.833,462
472897F0,MACHUPICCHU,CUSCO,URUBAMBA,mpas15,temp,20260904,20261003,00Z,D1,3h,-6.878,6.883,7.571,0.702,235
4729950A,PACAYMAYO,CUSCO,URUBAMBA,ecmwf,temp,20260904,20261003,"00Z,12Z",D1,3h,-0.626,1.791,2.187,0.751,480
4729950A,PACAYMAYO,CUSCO,URUBAMBA,gfs,temp,20260904,20261003,"00Z,12Z",D1,3h,0.396,1.287,1.643,0.774,480
4729950A,PACAYMAYO,CUSCO,URUBAMBA,eta5,temp,20260904,20261003,"00Z,12Z",D1,3h,3.051,3.068,3.423,0.822,379
4729950A,PACAYMAYO,CUSCO,URUBAMBA,wrf5,temp,20260904,20261003,"00Z,12Z",D1,3h,-0.598,1.583,1.994,0.763,472
4729950A,PACAYMAYO,CUSCO,URUBAMBA,mpas15,temp,20260904,20261003,00Z,D1,3h,-0.772,1.434,1.787,0.854,240
4729867C,QORIHUAYRACHINA,CUSCO,URUBAMBA,ecmwf,temp,20260904,20261003,"00Z,12Z",D1,3h,S/D,S/D,S/D,S/D,0
4729867C,QORIHUAYRACHINA,CUSCO,URUBAMBA,gfs,temp,20260904,20261003,"00Z,12Z",D1,3h,S/D,S/D,S/D,S/D,0
4729867C,QORIHUAYRACHINA,CUSCO,URUBAMBA,eta5,temp,20260904,20261003,"00Z,12Z",D1,3h,S/D,S/D,S/D,S/D,0
4729867C,QORIHUAYRACHINA,CUSCO,URUBAMBA,wrf5,temp,20260904,20261003,"00Z,12Z",D1,3h,S/D,S/D,S/D,S/D,0
4729867C,QORIHUAYRACHINA,CUSCO,URUBAMBA,mpas15,temp,20260904,20261003,00Z,D1,3h,S/D,S/D,S/D,S/D,0
4720CDF8,COCHAMARCA,HUANCAVELICA,CASTROVIRREYNA,ecmwf,temp,20260904,20261003,"00Z,12Z",D1,3h,S/D,S/D,S/D,S/D,0
4720CDF8,COCHAMARCA,HUANCAVELICA,CASTROVIRREYNA,gfs,temp,20260904,20261003,"00Z,12Z",D1,3h,S/D,S/D,S/D,S/D,0
4720CDF8,COCHAMARCA,HUANCAVELICA,CASTROVIRREYNA,eta5,temp,20260904,20261003,"00Z,12Z",D1,3h,S/D,S/D,S/D,S/D,0
4720CDF8,COCHAMARCA,HUANCAVELICA,CASTROVIRREYNA,wrf5,temp,20260904,20261003,"00Z,12Z",D1,3h,S/D,S/D,S/D,S/D,0
4720CDF8,COCHAMARCA,HUANCAVELICA,CASTROVIRREYNA,mpas15,temp,20260904,20261003,00Z,D1,3h,S/D,S/D,S/D,S/D,0
47292684,HUACHOS,HUANCAVELICA,CASTROVIRREYNA,ecmwf,temp,20260904,20261003,"00Z,12Z",D1,3h,-6.281,6.281,6.661,0.854,476
47292684,HUACHOS,HUANCAVELICA,CASTROVIRREYNA,gfs,temp,20260904,20261003,"00Z,12Z",D1,3h,-5.145,5.151,5.761,0.814,476
47292684,HUACHOS,HUANCAVELICA,CASTROVIRREYNA,eta5,temp,20260904,20261003,"00Z,12Z",D1,3h,-4.047,4.049,4.376,0.859,376
47292684,HUACHOS,HUANCAVELICA,CASTROVIRREYNA,wrf5,temp,20260904,20261003,"00Z,12Z",D1,3h,-4.172,4.323,5.175,0.803,468
47292684,HUACHOS,HUANCAVELICA,CASTROVIRREYNA,mpas15,temp,20260904,20261003,00Z,D1,3h,-6.005,6.005,6.69,0.846,238
472722EC,HUANCAVELICA,HUANCAVELICA,HUANCAVELICA,ecmwf,temp,20260904,20261003,"00Z,12Z",D1,3h,-4.708,4.717,5.007,0.91,480
472722EC,HUANCAVELICA,HUANCAVELICA,HUANCAVELICA,gfs,temp,20260904,20261003,"00Z,12Z",D1,3h,-3.799,3.863,4.382,0.861,480
472722EC,HUANCAVELICA,HUANCAVELICA,HUANCAVELICA,eta5,temp,20260904,20261003,"00Z,12Z",D1,3h,-3.05,3.192,3.591,0.892,379
472722EC,HUANCAVELICA,HUANCAVELICA,HUANCAVELICA,wrf5,temp,20260904,20261003,"00Z,12Z",D1,3h,-1.934,2.281,2.766,0.898,472
472722EC,HUANCAVELICA,HUANCAVELICA,HUANCAVELICA,mpas15,temp,20260904,20261003,00Z,D1,3h,-4.924,4.96,5.337,0.903,240
47284198,CHALLACA,HUANCAVELICA,HUAYTARA,ecmwf,temp,20260904,20261003,"00Z,12Z",D1,3h,-2.289,2.542,3.025,0.868,316
47284198,CHALLACA,HUANCAVELICA,HUAYTARA,gfs,temp,20260904,20261003,"00Z,12Z",D1,3h,-2.032,2.465,2.901,0.86,316
47284198,CHALLACA,HUANCAVELICA,HUAYTARA,eta5,temp,20260904,20261003,"00Z,12Z",D1,3h,-3.906,3.999,4.471,0.824,237
47284198,CHALLACA,HUANCAVELICA,HUAYTARA,wrf5,temp,20260904,20261003,"00Z,12Z",D1,3h,-2.145,2.944,3.635,0.729,316
47284198,CHALLACA,HUANCAVELICA,HUAYTARA,mpas15,temp,20260904,20261003,00Z,D1,3h,-5.91,5.93,6.485,0.816,158
472811E4,CHALLACA M,HUANCAVELICA,HUAYTARA,ecmwf,temp,20260904,20261003,"00Z,12Z",D1,3h,-2.299,2.53,3.213,0.884,478
472811E4,CHALLACA M,HUANCAVELICA,HUAYTARA,gfs,temp,20260904,20261003,"00Z,12Z",D1,3h,-2.195,2.533,3.233,0.896,478
472811E4,CHALLACA M,HUANCAVELICA,HUAYTARA,eta5,temp,20260904,20261003,"00Z,12Z",D1,3h,-3.946,3.95,4.296,0.875,377
472811E4,CHALLACA M,HUANCAVELICA,HUAYTARA,wrf5,temp,20260904,20261003,"00Z,12Z",D1,3h,-1.796,2.571,3.227,0.842,470
472811E4,CHALLACA M,HUANCAVELICA,HUAYTARA,mpas15,temp,20260904,20261003,00Z,D1,3h,-5.914,5.915,6.689,0.864,239
4728F216,CORDOVA,HUANCAVELICA,HUAYTARA,ecmwf,temp,20260904,20261003,"00Z,12Z",D1,3h,-0.941,1.317,1.705,0.84,470
4728F216,CORDOVA,HUANCAVELICA,HUAYTARA,gfs,temp,20260904,20261003,"00Z,12Z",D1,3h,0.507,1.171,1.39,0.855,470
4728F216,CORDOVA,HUANCAVELICA,HUAYTARA,eta5,temp,20260904,20261003,"00Z,12Z",D1,3h,-0.207,1.919,2.28,0.837,372
4728F216,CORDOVA,HUANCAVELICA,HUAYTARA,wrf5,temp,20260904,20261003,"00Z,12Z",D1,3h,-1.156,1.445,1.773,0.855,462
4728F216,CORDOVA,HUANCAVELICA,HUAYTARA,mpas15,temp,20260904,20261003,00Z,D1,3h,0.177,1.31,1.578,0.817,235
4728C78C,CUSICANCHA,HUANCAVELICA,HUAYTARA,ecmwf,temp,20260904,20261003,"00Z,12Z",D1,3h,-6.537,6.537,6.834,0.862,472
4728C78C,CUSICANCHA,HUANCAVELICA,HUAYTARA,gfs,temp,20260904,20261003,"00Z,12Z",D1,3h,-4.798,4.804,5.386,0.793,472
4728C78C,CUSICANCHA,HUANCAVELICA,HUAYTARA,eta5,temp,20260904,20261003,"00Z,12Z",D1,3h,-4.079,4.119,4.473,0.852,373
4728C78C,CUSICANCHA,HUANCAVELICA,HUAYTARA,wrf5,temp,20260904,20261003,"00Z,12Z",D1,3h,-2.006,2.365,2.933,0.825,464
4728C78C,CUSICANCHA,HUANCAVELICA,HUAYTARA,mpas15,temp,20260904,20261003,00Z,D1,3h,-4.689,4.689,5.155,0.881,236
213507,RAMADILLAS,HUANCAVELICA,HUAYTARA,ecmwf,temp,20260904,20261003,"00Z,12Z",D1,3h,S/D,S/D,S/D,S/D,0
213507,RAMADILLAS,HUANCAVELICA,HUAYTARA,gfs,temp,20260904,20261003,"00Z,12Z",D1,3h,S/D,S/D,S/D,S/D,0
213507,RAMADILLAS,HUANCAVELICA,HUAYTARA,eta5,temp,20260904,20261003,"00Z,12Z",D1,3h,S/D,S/D,S/D,S/D,0
213507,RAMADILLAS,HUANCAVELICA,HUAYTARA,wrf5,temp,20260904,20261003,"00Z,12Z",D1,3h,S/D,S/D,S/D,S/D,0
213507,RAMADILLAS,HUANCAVELICA,HUAYTARA,mpas15,temp,20260904,20261003,00Z,D1,3h,S/D,S/D,S/D,S/D,0
4729131E,SANTIAGO DE CHOCORVOS,HUANCAVELICA,HUAYTARA,ecmwf,temp,20260904,20261003,"00Z,12Z",D1,3h,-7.616,7.616,7.845,0.863,476
4729131E,SANTIAGO DE CHOCORVOS,HUANCAVELICA,HUAYTARA,gfs,temp,20260904,20261003,"00Z,12Z",D1,3h,-6.892,6.892,7.075,0.851,476
4729131E,SANTIAGO DE CHOCORVOS,HUANCAVELICA,HUAYTARA,eta5,temp,20260904,20261003,"00Z,12Z",D1,3h,-6.153,6.153,6.416,0.847,376
4729131E,SANTIAGO DE CHOCORVOS,HUANCAVELICA,HUAYTARA,wrf5,temp,20260904,20261003,"00Z,12Z",D1,3h,-5.857,5.857,6.067,0.812,468
4729131E,SANTIAGO DE CHOCORVOS,HUANCAVELICA,HUAYTARA,mpas15,temp,20260904,20261003,00Z,D1,3h,-7.403,7.403,7.665,0.852,238
112269,COCHABAMBA GRANDE,HUANCAVELICA,TAYACAJA,ecmwf,temp,20260904,20261003,"00Z,12Z",D1,3h,-5.176,5.179,5.468,0.797,272
112269,COCHABAMBA GRANDE,HUANCAVELICA,TAYACAJA,gfs,temp,20260904,20261003,"00Z,12Z",D1,3h,-2.224,2.369,2.856,0.784,272
112269,COCHABAMBA GRANDE,HUANCAVELICA,TAYACAJA,eta5,temp,20260904,20261003,"00Z,12Z",D1,3h,-1.541,1.789,2.164,0.859,192
112269,COCHABAMBA GRANDE,HUANCAVELICA,TAYACAJA,wrf5,temp,20260904,20261003,"00Z,12Z",D1,3h,-2.694,2.761,3.105,0.854,272
112269,COCHABAMBA GRANDE,HUANCAVELICA,TAYACAJA,mpas15,temp,20260904,20261003,00Z,D1,3h,-0.38,1.324,1.88,0.86,136
110146,QUISCA,HUANUCO,AMBO,ecmwf,temp,20260904,20261003,"00Z,12Z",D1,3h,-5.943,5.944,6.203,0.872,282
110146,QUISCA,HUANUCO,AMBO,gfs,temp,20260904,20261003,"00Z,12Z",D1,3h,-7.314,7.314,7.578,0.843,282
110146,QUISCA,HUANUCO,AMBO,eta5,temp,20260904,20261003,"00Z,12Z",D1,3h,-3.684,3.764,4.087,0.872,223
110146,QUISCA,HUANUCO,AMBO,wrf5,temp,20260904,20261003,"00Z,12Z",D1,3h,-1.049,1.778,2.066,0.891,279
110146,QUISCA,HUANUCO,AMBO,mpas15,temp,20260904,20261003,00Z,D1,3h,-9.493,9.493,9.835,0.842,141
47E845FC,CACHICOTO,HUANUCO,HUAMALIES,ecmwf,temp,20260904,20261003,"00Z,12Z",D1,3h,-4.374,4.516,5.06,0.787,480
47E845FC,CACHICOTO,HUANUCO,HUAMALIES,gfs,temp,20260904,20261003,"00Z,12Z",D1,3h,-5.252,5.396,6.061,0.702,480
47E845FC,CACHICOTO,HUANUCO,HUAMALIES,eta5,temp,20260904,20261003,"00Z,12Z",D1,3h,-0.578,2.166,2.762,0.731,379
47E845FC,CACHICOTO,HUANUCO,HUAMALIES,wrf5,temp,20260904,20261003,"00Z,12Z",D1,3h,0.511,1.913,2.44,0.76,472
47E845FC,CACHICOTO,HUANUCO,HUAMALIES,mpas15,temp,20260904,20261003,00Z,D1,3h,-4.553,4.665,5.466,0.646,240
4720EB14,SAN MARTIN,HUANUCO,HUAMALIES,ecmwf,temp,20260904,20261003,"00Z,12Z",D1,3h,-1.515,2.938,3.404,0.811,480
4720EB14,SAN MARTIN,HUANUCO,HUAMALIES,gfs,temp,20260904,20261003,"00Z,12Z",D1,3h,-2.55,3.096,3.729,0.751,480
4720EB14,SAN MARTIN,HUANUCO,HUAMALIES,eta5,temp,20260904,20261003,"00Z,12Z",D1,3h,6.786,6.786,7.348,0.844,379
4720EB14,SAN MARTIN,HUANUCO,HUAMALIES,wrf5,temp,20260904,20261003,"00Z,12Z",D1,3h,-0.309,2.077,2.546,0.787,472
4720EB14,SAN MARTIN,HUANUCO,HUAMALIES,mpas15,temp,20260904,20261003,00Z,D1,3h,-2.87,3.288,4.014,0.751,240
472D0552,CHINCHAVITO,HUANUCO,HUANUCO,ecmwf,temp,20260904,20261003,"00Z,12Z",D1,3h,S/D,S/D,S/D,S/D,0
472D0552,CHINCHAVITO,HUANUCO,HUANUCO,gfs,temp,20260904,20261003,"00Z,12Z",D1,3h,S/D,S/D,S/D,S/D,0
472D0552,CHINCHAVITO,HUANUCO,HUANUCO,eta5,temp,20260904,20261003,"00Z,12Z",D1,3h,S/D,S/D,S/D,S/D,0
472D0552,CHINCHAVITO,HUANUCO,HUANUCO,wrf5,temp,20260904,20261003,"00Z,12Z",D1,3h,S/D,S/D,S/D,S/D,0
472D0552,CHINCHAVITO,HUANUCO,HUANUCO,mpas15,temp,20260904,20261003,00Z,D1,3h,S/D,S/D,S/D,S/D,0
472B730C,PUENTE TARUCA,HUANUCO,HUANUCO,ecmwf,temp,20260904,20261003,"00Z,12Z",D1,3h,S/D,S/D,S/D,S/D,0
472B730C,PUENTE TARUCA,HUANUCO,HUANUCO,gfs,temp,20260904,20261003,"00Z,12Z",D1,3h,S/D,S/D,S/D,S/D,0
472B730C,PUENTE TARUCA,HUANUCO,HUANUCO,eta5,temp,20260904,20261003,"00Z,12Z",D1,3h,S/D,S/D,S/D,S/D,0
472B730C,PUENTE TARUCA,HUANUCO,HUANUCO,wrf5,temp,20260904,20261003,"00Z,12Z",D1,3h,S/D,S/D,S/D,S/D,0
472B730C,PUENTE TARUCA,HUANUCO,HUANUCO,mpas15,temp,20260904,20261003,00Z,D1,3h,S/D,S/D,S/D,S/D,0
110140,JESUS DE LAURICOCHA,HUANUCO,LAURICOCHA,ecmwf,temp,20260904,20261003,"00Z,12Z",D1,3h,-3.561,3.662,4.119,0.897,480
110140,JESUS DE LAURICOCHA,HUANUCO,LAURICOCHA,gfs,temp,20260904,20261003,"00Z,12Z",D1,3h,-2.752,3.091,3.623,0.88,480
110140,JESUS DE LAURICOCHA,HUANUCO,LAURICOCHA,eta5,temp,20260904,20261003,"00Z,12Z",D1,3h,-2.834,3.112,3.713,0.843,379
110140,JESUS DE LAURICOCHA,HUANUCO,LAURICOCHA,wrf5,temp,20260904,20261003,"00Z,12Z",D1,3h,-0.98,1.901,2.326,0.906,472
110140,JESUS DE LAURICOCHA,HUANUCO,LAURICOCHA,mpas15,temp,20260904,20261003,00Z,D1,3h,-3.659,3.795,4.181,0.915,240
472DA5AA,PUENTE BELLA,HUANUCO,LEONCIO PRADO,ecmwf,temp,20260904,20261003,"00Z,12Z",D1,3h,S/D,S/D,S/D,S/D,0
472DA5AA,PUENTE BELLA,HUANUCO,LEONCIO PRADO,gfs,temp,20260904,20261003,"00Z,12Z",D1,3h,S/D,S/D,S/D,S/D,0
472DA5AA,PUENTE BELLA,HUANUCO,LEONCIO PRADO,eta5,temp,20260904,20261003,"00Z,12Z",D1,3h,S/D,S/D,S/D,S/D,0
472DA5AA,PUENTE BELLA,HUANUCO,LEONCIO PRADO,wrf5,temp,20260904,20261003,"00Z,12Z",D1,3h,S/D,S/D,S/D,S/D,0
472DA5AA,PUENTE BELLA,HUANUCO,LEONCIO PRADO,mpas15,temp,20260904,20261003,00Z,D1,3h,S/D,S/D,S/D,S/D,0
47270400,TINGO MARIA,HUANUCO,LEONCIO PRADO,ecmwf,temp,20260904,20261003,"00Z,12Z",D1,3h,-1.799,2.266,2.645,0.858,478
47270400,TINGO MARIA,HUANUCO,LEONCIO PRADO,gfs,temp,20260904,20261003,"00Z,12Z",D1,3h,-3.367,3.825,4.293,0.821,478
47270400,TINGO MARIA,HUANUCO,LEONCIO PRADO,eta5,temp,20260904,20261003,"00Z,12Z",D1,3h,0.347,1.729,2.265,0.802,377
47270400,TINGO MARIA,HUANUCO,LEONCIO PRADO,wrf5,temp,20260904,20261003,"00Z,12Z",D1,3h,-0.243,1.618,2.133,0.825,470
47270400,TINGO MARIA,HUANUCO,LEONCIO PRADO,mpas15,temp,20260904,20261003,00Z,D1,3h,-5.422,5.463,5.987,0.719,239
4727A4F8,PUERTO INCA,HUANUCO,PUERTO INCA,ecmwf,temp,20260904,20261003,"00Z,12Z",D1,3h,-0.63,1.387,1.849,0.862,478
4727A4F8,PUERTO INCA,HUANUCO,PUERTO INCA,gfs,temp,20260904,20261003,"00Z,12Z",D1,3h,-0.446,2.014,2.575,0.869,478
4727A4F8,PUERTO INCA,HUANUCO,PUERTO INCA,eta5,temp,20260904,20261003,"00Z,12Z",D1,3h,2.064,2.609,3.405,0.764,377
4727A4F8,PUERTO INCA,HUANUCO,PUERTO INCA,wrf5,temp,20260904,20261003,"00Z,12Z",D1,3h,0.207,1.513,2.133,0.859,470
4727A4F8,PUERTO INCA,HUANUCO,PUERTO INCA,mpas15,temp,20260904,20261003,00Z,D1,3h,-0.998,1.782,2.434,0.833,239
109094,PUCA PUCA,HUANUCO,YAROWILCA,ecmwf,temp,20260904,20261003,"00Z,12Z",D1,3h,-1.799,2.312,2.665,0.891,470
109094,PUCA PUCA,HUANUCO,YAROWILCA,gfs,temp,20260904,20261003,"00Z,12Z",D1,3h,-0.775,1.802,2.188,0.831,470
109094,PUCA PUCA,HUANUCO,YAROWILCA,eta5,temp,20260904,20261003,"00Z,12Z",D1,3h,-1.902,2.646,3.134,0.826,371
109094,PUCA PUCA,HUANUCO,YAROWILCA,wrf5,temp,20260904,20261003,"00Z,12Z",D1,3h,-0.325,1.517,1.863,0.889,462
109094,PUCA PUCA,HUANUCO,YAROWILCA,mpas15,temp,20260904,20261003,00Z,D1,3h,-2.43,2.646,3.032,0.898,235
4728A26A,CONTA M,ICA,CHINCHA,ecmwf,temp,20260904,20261003,"00Z,12Z",D1,3h,-0.742,1.558,1.832,0.837,442
4728A26A,CONTA M,ICA,CHINCHA,gfs,temp,20260904,20261003,"00Z,12Z",D1,3h,-0.944,1.733,2.062,0.768,442
4728A26A,CONTA M,ICA,CHINCHA,eta5,temp,20260904,20261003,"00Z,12Z",D1,3h,-0.3,1.972,2.386,0.74,348
4728A26A,CONTA M,ICA,CHINCHA,wrf5,temp,20260904,20261003,"00Z,12Z",D1,3h,-1.126,1.815,2.137,0.789,435
4728A26A,CONTA M,ICA,CHINCHA,mpas15,temp,20260904,20261003,00Z,D1,3h,-1.737,2.197,2.631,0.742,221
4728B11C,FONAGRO,ICA,CHINCHA,ecmwf,temp,20260904,20261003,"00Z,12Z",D1,3h,-1.172,1.897,2.556,0.483,476
4728B11C,FONAGRO,ICA,CHINCHA,gfs,temp,20260904,20261003,"00Z,12Z",D1,3h,-3.508,3.656,4.193,0.593,476
4728B11C,FONAGRO,ICA,CHINCHA,eta5,temp,20260904,20261003,"00Z,12Z",D1,3h,-2.08,2.471,2.886,0.812,377
4728B11C,FONAGRO,ICA,CHINCHA,wrf5,temp,20260904,20261003,"00Z,12Z",D1,3h,-1.59,1.853,2.209,0.766,468
4728B11C,FONAGRO,ICA,CHINCHA,mpas15,temp,20260904,20261003,00Z,D1,3h,-2.104,2.356,2.669,0.788,238
4728E160,SAN PEDRO DE HUACARPANA,ICA,CHINCHA,ecmwf,temp,20260904,20261003,"00Z,12Z",D1,3h,-1.751,2.024,2.545,0.865,460
4728E160,SAN PEDRO DE HUACARPANA,ICA,CHINCHA,gfs,temp,20260904,20261003,"00Z,12Z",D1,3h,1.52,1.724,2.024,0.858,460
4728E160,SAN PEDRO DE HUACARPANA,ICA,CHINCHA,eta5,temp,20260904,20261003,"00Z,12Z",D1,3h,0.378,1.795,2.237,0.86,363
4728E160,SAN PEDRO DE HUACARPANA,ICA,CHINCHA,wrf5,temp,20260904,20261003,"00Z,12Z",D1,3h,1.203,1.462,1.874,0.846,452
4728E160,SAN PEDRO DE HUACARPANA,ICA,CHINCHA,mpas15,temp,20260904,20261003,00Z,D1,3h,-0.594,1.236,1.517,0.872,230
472A446C,BETA SANTIAGO,ICA,ICA,ecmwf,temp,20260904,20261003,"00Z,12Z",D1,3h,0.553,1.521,1.973,0.883,466
472A446C,BETA SANTIAGO,ICA,ICA,gfs,temp,20260904,20261003,"00Z,12Z",D1,3h,1.109,1.939,2.548,0.833,466
472A446C,BETA SANTIAGO,ICA,ICA,eta5,temp,20260904,20261003,"00Z,12Z",D1,3h,3.426,3.944,4.802,0.864,368
472A446C,BETA SANTIAGO,ICA,ICA,wrf5,temp,20260904,20261003,"00Z,12Z",D1,3h,-1.178,3.011,3.599,0.811,458
472A446C,BETA SANTIAGO,ICA,ICA,mpas15,temp,20260904,20261003,00Z,D1,3h,-0.881,2.339,2.789,0.843,233
213503,HUAMANI EL TAMBO,ICA,ICA,ecmwf,temp,20260904,20261003,"00Z,12Z",D1,3h,-1.28,2.736,3.429,0.644,470
213503,HUAMANI EL TAMBO,ICA,ICA,gfs,temp,20260904,20261003,"00Z,12Z",D1,3h,-1.164,2.75,3.394,0.582,470
213503,HUAMANI EL TAMBO,ICA,ICA,eta5,temp,20260904,20261003,"00Z,12Z",D1,3h,1.889,2.878,3.771,0.625,369
213503,HUAMANI EL TAMBO,ICA,ICA,wrf5,temp,20260904,20261003,"00Z,12Z",D1,3h,0.765,2.442,2.925,0.614,462
213503,HUAMANI EL TAMBO,ICA,ICA,mpas15,temp,20260904,20261003,00Z,D1,3h,-1.346,2.751,3.35,0.585,235
213506,LOS MOLINOS,ICA,ICA,ecmwf,temp,20260904,20261003,"00Z,12Z",D1,3h,S/D,S/D,S/D,S/D,0
213506,LOS MOLINOS,ICA,ICA,gfs,temp,20260904,20261003,"00Z,12Z",D1,3h,S/D,S/D,S/D,S/D,0
213506,LOS MOLINOS,ICA,ICA,eta5,temp,20260904,20261003,"00Z,12Z",D1,3h,S/D,S/D,S/D,S/D,0
213506,LOS MOLINOS,ICA,ICA,wrf5,temp,20260904,20261003,"00Z,12Z",D1,3h,S/D,S/D,S/D,S/D,0
213506,LOS MOLINOS,ICA,ICA,mpas15,temp,20260904,20261003,00Z,D1,3h,S/D,S/D,S/D,S/D,0
114139,COPARA,ICA,NASCA,ecmwf,temp,20260904,20261003,"00Z,12Z",D1,3h,-1.113,2.058,2.857,0.873,204
114139,COPARA,ICA,NASCA,gfs,temp,20260904,20261003,"00Z,12Z",D1,3h,0.657,2.098,2.553,0.814,204
114139,COPARA,ICA,NASCA,eta5,temp,20260904,20261003,"00Z,12Z",D1,3h,1.883,2.292,2.833,0.867,173
114139,COPARA,ICA,NASCA,wrf5,temp,20260904,20261003,"00Z,12Z",D1,3h,0.626,1.721,2.131,0.898,198
114139,COPARA,ICA,NASCA,mpas15,temp,20260904,20261003,00Z,D1,3h,-0.74,2.406,2.873,0.816,102
114136,PALPA,ICA,PALPA,ecmwf,temp,20260904,20261003,"00Z,12Z",D1,3h,-2.27,2.557,3.001,0.899,480
114136,PALPA,ICA,PALPA,gfs,temp,20260904,20261003,"00Z,12Z",D1,3h,-1.812,2.661,3.189,0.834,480
114136,PALPA,ICA,PALPA,eta5,temp,20260904,20261003,"00Z,12Z",D1,3h,-0.088,2.104,2.636,0.884,379
114136,PALPA,ICA,PALPA,wrf5,temp,20260904,20261003,"00Z,12Z",D1,3h,-0.918,2.246,2.669,0.87,472
114136,PALPA,ICA,PALPA,mpas15,temp,20260904,20261003,00Z,D1,3h,-3.055,3.433,3.989,0.835,240
114140,PAMPA BLANCA,ICA,PALPA,ecmwf,temp,20260904,20261003,"00Z,12Z",D1,3h,-2.934,3.747,4.563,0.645,370
114140,PAMPA BLANCA,ICA,PALPA,gfs,temp,20260904,20261003,"00Z,12Z",D1,3h,-3.734,4.362,5.164,0.631,370
114140,PAMPA BLANCA,ICA,PALPA,eta5,temp,20260904,20261003,"00Z,12Z",D1,3h,-0.792,2.953,3.62,0.763,289
114140,PAMPA BLANCA,ICA,PALPA,wrf5,temp,20260904,20261003,"00Z,12Z",D1,3h,0.915,2.871,3.453,0.669,365
114140,PAMPA BLANCA,ICA,PALPA,mpas15,temp,20260904,20261003,00Z,D1,3h,-4.306,4.645,5.466,0.705,185
213403,LETRAYOC,ICA,PISCO,ecmwf,temp,20260904,20261003,"00Z,12Z",D1,3h,S/D,S/D,S/D,S/D,0
213403,LETRAYOC,ICA,PISCO,gfs,temp,20260904,20261003,"00Z,12Z",D1,3h,S/D,S/D,S/D,S/D,0
213403,LETRAYOC,ICA,PISCO,eta5,temp,20260904,20261003,"00Z,12Z",D1,3h,S/D,S/D,S/D,S/D,0
213403,LETRAYOC,ICA,PISCO,wrf5,temp,20260904,20261003,"00Z,12Z",D1,3h,S/D,S/D,S/D,S/D,0
213403,LETRAYOC,ICA,PISCO,mpas15,temp,20260904,20261003,00Z,D1,3h,S/D,S/D,S/D,S/D,0
472DF5D6,HUAYTAPALLANA,JUNIN,HUANCAYO,ecmwf,temp,20260904,20261003,"00Z,12Z",D1,3h,1.041,1.667,2.124,0.796,476
472DF5D6,HUAYTAPALLANA,JUNIN,HUANCAYO,gfs,temp,20260904,20261003,"00Z,12Z",D1,3h,2.452,2.592,2.939,0.778,476
472DF5D6,HUAYTAPALLANA,JUNIN,HUANCAYO,eta5,temp,20260904,20261003,"00Z,12Z",D1,3h,0.244,1.577,1.965,0.833,375
472DF5D6,HUAYTAPALLANA,JUNIN,HUANCAYO,wrf5,temp,20260904,20261003,"00Z,12Z",D1,3h,0.073,1.206,1.605,0.817,468
472DF5D6,HUAYTAPALLANA,JUNIN,HUANCAYO,mpas15,temp,20260904,20261003,00Z,D1,3h,1.443,1.727,2.149,0.817,238
111288,CHACAPALPA,JUNIN,JAUJA,ecmwf,temp,20260904,20261003,"00Z,12Z",D1,3h,-1.169,2.551,3.084,0.843,472
111288,CHACAPALPA,JUNIN,JAUJA,gfs,temp,20260904,20261003,"00Z,12Z",D1,3h,-0.589,2.25,2.848,0.793,472
111288,CHACAPALPA,JUNIN,JAUJA,eta5,temp,20260904,20261003,"00Z,12Z",D1,3h,1.257,2.475,3.235,0.818,371
111288,CHACAPALPA,JUNIN,JAUJA,wrf5,temp,20260904,20261003,"00Z,12Z",D1,3h,0.602,2.191,2.826,0.835,464
111288,CHACAPALPA,JUNIN,JAUJA,mpas15,temp,20260904,20261003,00Z,D1,3h,-2.436,3.101,3.572,0.827,236
111299,POTSOTENI,JUNIN,SATIPO,ecmwf,temp,20260904,20261003,"00Z,12Z",D1,3h,-5.294,5.325,6.073,0.835,480
111299,POTSOTENI,JUNIN,SATIPO,gfs,temp,20260904,20261003,"00Z,12Z",D1,3h,-4.121,4.475,5.145,0.819,480
111299,POTSOTENI,JUNIN,SATIPO,eta5,temp,20260904,20261003,"00Z,12Z",D1,3h,1.316,2.633,3.358,0.788,379
111299,POTSOTENI,JUNIN,SATIPO,wrf5,temp,20260904,20261003,"00Z,12Z",D1,3h,1.563,2.474,3.215,0.812,472
111299,POTSOTENI,JUNIN,SATIPO,mpas15,temp,20260904,20261003,00Z,D1,3h,-4.514,4.642,5.505,0.799,240
4725C4EA,SATIPO,JUNIN,SATIPO,ecmwf,temp,20260904,20261003,"00Z,12Z",D1,3h,-2.363,2.56,3.059,0.911,478
4725C4EA,SATIPO,JUNIN,SATIPO,gfs,temp,20260904,20261003,"00Z,12Z",D1,3h,-2.048,2.825,3.473,0.843,478
4725C4EA,SATIPO,JUNIN,SATIPO,eta5,temp,20260904,20261003,"00Z,12Z",D1,3h,2.291,2.976,3.634,0.787,378
4725C4EA,SATIPO,JUNIN,SATIPO,wrf5,temp,20260904,20261003,"00Z,12Z",D1,3h,1.555,2.348,2.947,0.831,470
4725C4EA,SATIPO,JUNIN,SATIPO,mpas15,temp,20260904,20261003,00Z,D1,3h,-3.62,3.765,4.617,0.807,239
47257764,TARMA,JUNIN,TARMA,ecmwf,temp,20260904,20261003,"00Z,12Z",D1,3h,-6.981,6.983,7.232,0.904,470
47257764,TARMA,JUNIN,TARMA,gfs,temp,20260904,20261003,"00Z,12Z",D1,3h,-5.4,5.449,6.031,0.815,470
47257764,TARMA,JUNIN,TARMA,eta5,temp,20260904,20261003,"00Z,12Z",D1,3h,-4.58,4.694,5.113,0.848,372
47257764,TARMA,JUNIN,TARMA,wrf5,temp,20260904,20261003,"00Z,12Z",D1,3h,-0.841,1.889,2.279,0.884,462
47257764,TARMA,JUNIN,TARMA,mpas15,temp,20260904,20261003,00Z,D1,3h,-7.032,7.057,7.494,0.898,235
472D9030,MARCAPOMACOCHA,JUNIN,YAULI,ecmwf,temp,20260904,20261003,"00Z,12Z",D1,3h,-2.524,2.759,3.217,0.887,480
472D9030,MARCAPOMACOCHA,JUNIN,YAULI,gfs,temp,20260904,20261003,"00Z,12Z",D1,3h,-0.766,1.854,2.428,0.842,480
472D9030,MARCAPOMACOCHA,JUNIN,YAULI,eta5,temp,20260904,20261003,"00Z,12Z",D1,3h,-1.139,1.971,2.36,0.844,379
472D9030,MARCAPOMACOCHA,JUNIN,YAULI,wrf5,temp,20260904,20261003,"00Z,12Z",D1,3h,0.173,1.597,2.078,0.877,472
472D9030,MARCAPOMACOCHA,JUNIN,YAULI,mpas15,temp,20260904,20261003,00Z,D1,3h,-2.045,2.35,2.744,0.908,240
472D30C8,CASAGRANDE,LA LIBERTAD,ASCOPE,ecmwf,temp,20260904,20261003,"00Z,12Z",D1,3h,0.84,1.114,1.471,0.911,474
472D30C8,CASAGRANDE,LA LIBERTAD,ASCOPE,gfs,temp,20260904,20261003,"00Z,12Z",D1,3h,-0.085,0.971,1.192,0.885,474
472D30C8,CASAGRANDE,LA LIBERTAD,ASCOPE,eta5,temp,20260904,20261003,"00Z,12Z",D1,3h,-0.23,1.716,2.07,0.818,373
472D30C8,CASAGRANDE,LA LIBERTAD,ASCOPE,wrf5,temp,20260904,20261003,"00Z,12Z",D1,3h,-0.317,1.424,1.72,0.835,466
472D30C8,CASAGRANDE,LA LIBERTAD,ASCOPE,mpas15,temp,20260904,20261003,00Z,D1,3h,-1.21,1.471,1.692,0.89,237
211001,SALINAR,LA LIBERTAD,ASCOPE,ecmwf,temp,20260904,20261003,"00Z,12Z",D1,3h,S/D,S/D,S/D,S/D,0
211001,SALINAR,LA LIBERTAD,ASCOPE,gfs,temp,20260904,20261003,"00Z,12Z",D1,3h,S/D,S/D,S/D,S/D,0
211001,SALINAR,LA LIBERTAD,ASCOPE,eta5,temp,20260904,20261003,"00Z,12Z",D1,3h,S/D,S/D,S/D,S/D,0
211001,SALINAR,LA LIBERTAD,ASCOPE,wrf5,temp,20260904,20261003,"00Z,12Z",D1,3h,S/D,S/D,S/D,S/D,0
211001,SALINAR,LA LIBERTAD,ASCOPE,mpas15,temp,20260904,20261003,00Z,D1,3h,S/D,S/D,S/D,S/D,0
472EA2A4,CASCAS,LA LIBERTAD,GRAN CHIMU,ecmwf,temp,20260904,20261003,"00Z,12Z",D1,3h,-2.868,3.001,3.469,0.809,480
472EA2A4,CASCAS,LA LIBERTAD,GRAN CHIMU,gfs,temp,20260904,20261003,"00Z,12Z",D1,3h,-1.058,1.944,2.441,0.711,480
472EA2A4,CASCAS,LA LIBERTAD,GRAN CHIMU,eta5,temp,20260904,20261003,"00Z,12Z",D1,3h,-0.11,1.546,2.005,0.821,379
472EA2A4,CASCAS,LA LIBERTAD,GRAN CHIMU,wrf5,temp,20260904,20261003,"00Z,12Z",D1,3h,-0.414,1.39,1.811,0.832,472
472EA2A4,CASCAS,LA LIBERTAD,GRAN CHIMU,mpas15,temp,20260904,20261003,00Z,D1,3h,-2.736,2.972,3.349,0.802,240
47E0A2A8,EL TAMBO,LA LIBERTAD,GRAN CHIMU,ecmwf,temp,20260904,20261003,"00Z,12Z",D1,3h,-6.31,6.318,6.929,0.68,478
47E0A2A8,EL TAMBO,LA LIBERTAD,GRAN CHIMU,gfs,temp,20260904,20261003,"00Z,12Z",D1,3h,-4.508,4.626,5.401,0.608,478
47E0A2A8,EL TAMBO,LA LIBERTAD,GRAN CHIMU,eta5,temp,20260904,20261003,"00Z,12Z",D1,3h,-1.393,2.04,2.462,0.85,377
47E0A2A8,EL TAMBO,LA LIBERTAD,GRAN CHIMU,wrf5,temp,20260904,20261003,"00Z,12Z",D1,3h,-1.306,1.998,2.419,0.855,470
47E0A2A8,EL TAMBO,LA LIBERTAD,GRAN CHIMU,mpas15,temp,20260904,20261003,00Z,D1,3h,-7.155,7.199,7.686,0.676,239
472D552E,LUCMA,LA LIBERTAD,GRAN CHIMU,ecmwf,temp,20260904,20261003,"00Z,12Z",D1,3h,-2.259,2.947,3.455,0.844,480
472D552E,LUCMA,LA LIBERTAD,GRAN CHIMU,gfs,temp,20260904,20261003,"00Z,12Z",D1,3h,-2.708,2.958,3.373,0.813,480
472D552E,LUCMA,LA LIBERTAD,GRAN CHIMU,eta5,temp,20260904,20261003,"00Z,12Z",D1,3h,-3.211,3.273,3.717,0.813,379
472D552E,LUCMA,LA LIBERTAD,GRAN CHIMU,wrf5,temp,20260904,20261003,"00Z,12Z",D1,3h,-2.774,2.842,3.182,0.809,472
472D552E,LUCMA,LA LIBERTAD,GRAN CHIMU,mpas15,temp,20260904,20261003,00Z,D1,3h,-3.281,3.338,3.695,0.858,240
472CC2B6,MARMOT,LA LIBERTAD,GRAN CHIMU,ecmwf,temp,20260904,20261003,"00Z,12Z",D1,3h,0.041,1.149,1.454,0.843,480
472CC2B6,MARMOT,LA LIBERTAD,GRAN CHIMU,gfs,temp,20260904,20261003,"00Z,12Z",D1,3h,3.515,3.534,3.733,0.861,480
472CC2B6,MARMOT,LA LIBERTAD,GRAN CHIMU,eta5,temp,20260904,20261003,"00Z,12Z",D1,3h,0.472,1.521,1.889,0.819,379
472CC2B6,MARMOT,LA LIBERTAD,GRAN CHIMU,wrf5,temp,20260904,20261003,"00Z,12Z",D1,3h,-3.164,3.167,3.357,0.867,472
472CC2B6,MARMOT,LA LIBERTAD,GRAN CHIMU,mpas15,temp,20260904,20261003,00Z,D1,3h,2.059,2.191,2.626,0.828,240
472E5220,PUENTE PALMIRA,LA LIBERTAD,GRAN CHIMU,ecmwf,temp,20260904,20261003,"00Z,12Z",D1,3h,-5.155,5.187,5.799,0.666,480
472E5220,PUENTE PALMIRA,LA LIBERTAD,GRAN CHIMU,gfs,temp,20260904,20261003,"00Z,12Z",D1,3h,-3.346,3.599,4.352,0.605,480
472E5220,PUENTE PALMIRA,LA LIBERTAD,GRAN CHIMU,eta5,temp,20260904,20261003,"00Z,12Z",D1,3h,0.577,1.698,2.288,0.837,379
472E5220,PUENTE PALMIRA,LA LIBERTAD,GRAN CHIMU,wrf5,temp,20260904,20261003,"00Z,12Z",D1,3h,-0.838,1.802,2.245,0.813,472
472E5220,PUENTE PALMIRA,LA LIBERTAD,GRAN CHIMU,mpas15,temp,20260904,20261003,00Z,D1,3h,-4.662,4.804,5.312,0.721,240
472D8346,CALLANCAS,LA LIBERTAD,OTUZCO,ecmwf,temp,20260904,20261003,"00Z,12Z",D1,3h,-5.943,5.967,6.425,0.86,480
472D8346,CALLANCAS,LA LIBERTAD,OTUZCO,gfs,temp,20260904,20261003,"00Z,12Z",D1,3h,-6.392,6.393,6.765,0.781,480
472D8346,CALLANCAS,LA LIBERTAD,OTUZCO,eta5,temp,20260904,20261003,"00Z,12Z",D1,3h,-1.351,2.045,2.58,0.869,379
472D8346,CALLANCAS,LA LIBERTAD,OTUZCO,wrf5,temp,20260904,20261003,"00Z,12Z",D1,3h,0.628,1.605,2.023,0.845,472
472D8346,CALLANCAS,LA LIBERTAD,OTUZCO,mpas15,temp,20260904,20261003,00Z,D1,3h,-7.903,7.903,8.086,0.875,240
472EB1D2,CAPACHIQUE,LA LIBERTAD,OTUZCO,ecmwf,temp,20260904,20261003,"00Z,12Z",D1,3h,-2.124,2.48,2.927,0.815,480
472EB1D2,CAPACHIQUE,LA LIBERTAD,OTUZCO,gfs,temp,20260904,20261003,"00Z,12Z",D1,3h,-1.66,1.944,2.468,0.802,480
472EB1D2,CAPACHIQUE,LA LIBERTAD,OTUZCO,eta5,temp,20260904,20261003,"00Z,12Z",D1,3h,-1.902,2.434,3.026,0.815,379
472EB1D2,CAPACHIQUE,LA LIBERTAD,OTUZCO,wrf5,temp,20260904,20261003,"00Z,12Z",D1,3h,-0.021,1.205,1.573,0.8,472
472EB1D2,CAPACHIQUE,LA LIBERTAD,OTUZCO,mpas15,temp,20260904,20261003,00Z,D1,3h,-4.58,4.58,4.94,0.821,240
107131,LA FORTUNA,LA LIBERTAD,OTUZCO,ecmwf,temp,20260904,20261003,"00Z,12Z",D1,3h,3.865,3.967,4.884,0.802,478
107131,LA FORTUNA,LA LIBERTAD,OTUZCO,gfs,temp,20260904,20261003,"00Z,12Z",D1,3h,3.423,3.436,3.985,0.825,478
107131,LA FORTUNA,LA LIBERTAD,OTUZCO,eta5,temp,20260904,20261003,"00Z,12Z",D1,3h,-4.044,4.047,4.436,0.807,377
107131,LA FORTUNA,LA LIBERTAD,OTUZCO,wrf5,temp,20260904,20261003,"00Z,12Z",D1,3h,-0.042,1.478,1.865,0.707,470
107131,LA FORTUNA,LA LIBERTAD,OTUZCO,mpas15,temp,20260904,20261003,00Z,D1,3h,0.211,1.532,1.87,0.827,239
472E74CC,PUENTE COINA,LA LIBERTAD,OTUZCO,ecmwf,temp,20260904,20261003,"00Z,12Z",D1,3h,-3.918,3.994,4.463,0.89,480
472E74CC,PUENTE COINA,LA LIBERTAD,OTUZCO,gfs,temp,20260904,20261003,"00Z,12Z",D1,3h,-4.367,4.406,4.847,0.81,480
472E74CC,PUENTE COINA,LA LIBERTAD,OTUZCO,eta5,temp,20260904,20261003,"00Z,12Z",D1,3h,-5.989,5.994,6.25,0.869,379
472E74CC,PUENTE COINA,LA LIBERTAD,OTUZCO,wrf5,temp,20260904,20261003,"00Z,12Z",D1,3h,-3.114,3.595,4.113,0.697,472
472E74CC,PUENTE COINA,LA LIBERTAD,OTUZCO,mpas15,temp,20260904,20261003,00Z,D1,3h,-7.588,7.588,7.744,0.9,240
472D60B4,USQUIL,LA LIBERTAD,OTUZCO,ecmwf,temp,20260904,20261003,"00Z,12Z",D1,3h,2.301,2.695,3.333,0.802,480
472D60B4,USQUIL,LA LIBERTAD,OTUZCO,gfs,temp,20260904,20261003,"00Z,12Z",D1,3h,1.852,2.243,2.565,0.85,480
472D60B4,USQUIL,LA LIBERTAD,OTUZCO,eta5,temp,20260904,20261003,"00Z,12Z",D1,3h,0.233,1.491,1.84,0.835,379
472D60B4,USQUIL,LA LIBERTAD,OTUZCO,wrf5,temp,20260904,20261003,"00Z,12Z",D1,3h,3.118,3.461,3.817,0.828,472
472D60B4,USQUIL,LA LIBERTAD,OTUZCO,mpas15,temp,20260904,20261003,00Z,D1,3h,-3.249,3.395,3.884,0.787,240
107130,TICAPAMPA,LA LIBERTAD,SANCHEZ CARRION,ecmwf,temp,20260904,20261003,"00Z,12Z",D1,3h,-5.989,6.028,6.842,0.777,474
107130,TICAPAMPA,LA LIBERTAD,SANCHEZ CARRION,gfs,temp,20260904,20261003,"00Z,12Z",D1,3h,-5.084,5.099,5.785,0.827,474
107130,TICAPAMPA,LA LIBERTAD,SANCHEZ CARRION,eta5,temp,20260904,20261003,"00Z,12Z",D1,3h,-0.982,2.258,2.731,0.841,375
107130,TICAPAMPA,LA LIBERTAD,SANCHEZ CARRION,wrf5,temp,20260904,20261003,"00Z,12Z",D1,3h,-1.424,2.112,2.898,0.843,466
107130,TICAPAMPA,LA LIBERTAD,SANCHEZ CARRION,mpas15,temp,20260904,20261003,00Z,D1,3h,-4.581,4.597,5.111,0.881,237
4727319A,QUIRUVILCA,LA LIBERTAD,SANTIAGO DE CHUCO,ecmwf,temp,20260904,20261003,"00Z,12Z",D1,3h,-0.38,1.315,1.618,0.867,468
4727319A,QUIRUVILCA,LA LIBERTAD,SANTIAGO DE CHUCO,gfs,temp,20260904,20261003,"00Z,12Z",D1,3h,1.389,1.812,2.095,0.895,468
4727319A,QUIRUVILCA,LA LIBERTAD,SANTIAGO DE CHUCO,eta5,temp,20260904,20261003,"00Z,12Z",D1,3h,-0.754,1.361,1.709,0.889,368
4727319A,QUIRUVILCA,LA LIBERTAD,SANTIAGO DE CHUCO,wrf5,temp,20260904,20261003,"00Z,12Z",D1,3h,-0.491,1.284,1.699,0.855,460
4727319A,QUIRUVILCA,LA LIBERTAD,SANTIAGO DE CHUCO,mpas15,temp,20260904,20261003,00Z,D1,3h,0.226,1.284,1.598,0.889,234
211408,CONDORCERRO,LA LIBERTAD,VIRU,ecmwf,temp,20260904,20261003,"00Z,12Z",D1,3h,S/D,S/D,S/D,S/D,0
211408,CONDORCERRO,LA LIBERTAD,VIRU,gfs,temp,20260904,20261003,"00Z,12Z",D1,3h,S/D,S/D,S/D,S/D,0
211408,CONDORCERRO,LA LIBERTAD,VIRU,eta5,temp,20260904,20261003,"00Z,12Z",D1,3h,S/D,S/D,S/D,S/D,0
211408,CONDORCERRO,LA LIBERTAD,VIRU,wrf5,temp,20260904,20261003,"00Z,12Z",D1,3h,S/D,S/D,S/D,S/D,0
211408,CONDORCERRO,LA LIBERTAD,VIRU,mpas15,temp,20260904,20261003,00Z,D1,3h,S/D,S/D,S/D,S/D,0
47E2F720,TINAJONES,LAMBAYEQUE,CHICLAYO,ecmwf,temp,20260904,20261003,"00Z,12Z",D1,3h,-0.188,1.033,1.331,0.912,478
47E2F720,TINAJONES,LAMBAYEQUE,CHICLAYO,gfs,temp,20260904,20261003,"00Z,12Z",D1,3h,-0.05,0.999,1.313,0.914,478
47E2F720,TINAJONES,LAMBAYEQUE,CHICLAYO,eta5,temp,20260904,20261003,"00Z,12Z",D1,3h,3.309,3.378,4.11,0.917,378
47E2F720,TINAJONES,LAMBAYEQUE,CHICLAYO,wrf5,temp,20260904,20261003,"00Z,12Z",D1,3h,0.132,1.539,2.016,0.909,470
47E2F720,TINAJONES,LAMBAYEQUE,CHICLAYO,mpas15,temp,20260904,20261003,00Z,D1,3h,-1.232,1.655,1.871,0.893,239
106140,VISTA FLORIDA,LAMBAYEQUE,CHICLAYO,ecmwf,temp,20260904,20261003,"00Z,12Z",D1,3h,-0.32,1.024,1.266,0.92,480
106140,VISTA FLORIDA,LAMBAYEQUE,CHICLAYO,gfs,temp,20260904,20261003,"00Z,12Z",D1,3h,-0.926,1.251,1.48,0.914,480
106140,VISTA FLORIDA,LAMBAYEQUE,CHICLAYO,eta5,temp,20260904,20261003,"00Z,12Z",D1,3h,-0.52,1.334,1.633,0.876,379
106140,VISTA FLORIDA,LAMBAYEQUE,CHICLAYO,wrf5,temp,20260904,20261003,"00Z,12Z",D1,3h,-0.71,1.298,1.519,0.885,472
106140,VISTA FLORIDA,LAMBAYEQUE,CHICLAYO,mpas15,temp,20260904,20261003,00Z,D1,3h,-1.028,1.24,1.547,0.913,240
106138,PUCHACA,LAMBAYEQUE,FERREÑAFE,ecmwf,temp,20260904,20261003,"00Z,12Z",D1,3h,S/D,S/D,S/D,S/D,0
106138,PUCHACA,LAMBAYEQUE,FERREÑAFE,gfs,temp,20260904,20261003,"00Z,12Z",D1,3h,S/D,S/D,S/D,S/D,0
106138,PUCHACA,LAMBAYEQUE,FERREÑAFE,eta5,temp,20260904,20261003,"00Z,12Z",D1,3h,S/D,S/D,S/D,S/D,0
106138,PUCHACA,LAMBAYEQUE,FERREÑAFE,wrf5,temp,20260904,20261003,"00Z,12Z",D1,3h,S/D,S/D,S/D,S/D,0
106138,PUCHACA,LAMBAYEQUE,FERREÑAFE,mpas15,temp,20260904,20261003,00Z,D1,3h,S/D,S/D,S/D,S/D,0
4726F67E,PASABAR,LAMBAYEQUE,LAMBAYEQUE,ecmwf,temp,20260904,20261003,"00Z,12Z",D1,3h,-1.932,2.174,2.679,0.885,468
4726F67E,PASABAR,LAMBAYEQUE,LAMBAYEQUE,gfs,temp,20260904,20261003,"00Z,12Z",D1,3h,-2.029,2.333,2.703,0.904,468
4726F67E,PASABAR,LAMBAYEQUE,LAMBAYEQUE,eta5,temp,20260904,20261003,"00Z,12Z",D1,3h,1.203,2.131,2.735,0.922,370
4726F67E,PASABAR,LAMBAYEQUE,LAMBAYEQUE,wrf5,temp,20260904,20261003,"00Z,12Z",D1,3h,-0.78,1.89,2.265,0.898,461
4726F67E,PASABAR,LAMBAYEQUE,LAMBAYEQUE,mpas15,temp,20260904,20261003,00Z,D1,3h,-1.439,1.905,2.242,0.921,234
47201542,TONGORRAPE,LAMBAYEQUE,LAMBAYEQUE,ecmwf,temp,20260904,20261003,"00Z,12Z",D1,3h,-1.005,1.739,2.169,0.888,480
47201542,TONGORRAPE,LAMBAYEQUE,LAMBAYEQUE,gfs,temp,20260904,20261003,"00Z,12Z",D1,3h,-0.217,1.532,1.986,0.903,480
47201542,TONGORRAPE,LAMBAYEQUE,LAMBAYEQUE,eta5,temp,20260904,20261003,"00Z,12Z",D1,3h,0.648,1.796,2.362,0.895,379
47201542,TONGORRAPE,LAMBAYEQUE,LAMBAYEQUE,wrf5,temp,20260904,20261003,"00Z,12Z",D1,3h,-0.228,1.65,2.052,0.9,472
47201542,TONGORRAPE,LAMBAYEQUE,LAMBAYEQUE,mpas15,temp,20260904,20261003,00Z,D1,3h,-1.162,1.739,2.097,0.89,240
4725F170,HUAROS,LIMA,CANTA,ecmwf,temp,20260904,20261003,"00Z,12Z",D1,3h,-4.972,5.033,5.526,0.715,472
4725F170,HUAROS,LIMA,CANTA,gfs,temp,20260904,20261003,"00Z,12Z",D1,3h,-4.795,4.806,5.174,0.692,472
4725F170,HUAROS,LIMA,CANTA,eta5,temp,20260904,20261003,"00Z,12Z",D1,3h,-3.208,3.498,4.116,0.765,373
4725F170,HUAROS,LIMA,CANTA,wrf5,temp,20260904,20261003,"00Z,12Z",D1,3h,-1.505,1.849,2.229,0.815,464
4725F170,HUAROS,LIMA,CANTA,mpas15,temp,20260904,20261003,00Z,D1,3h,-5.047,5.067,5.409,0.793,236
113249,CAÑETE,LIMA,CAÑETE,ecmwf,temp,20260904,20261003,"00Z,12Z",D1,3h,-2.044,2.412,2.755,0.792,478
113249,CAÑETE,LIMA,CAÑETE,gfs,temp,20260904,20261003,"00Z,12Z",D1,3h,-1.944,2.296,2.648,0.739,478
113249,CAÑETE,LIMA,CAÑETE,eta5,temp,20260904,20261003,"00Z,12Z",D1,3h,-1.395,2.76,3.105,0.772,378
113249,CAÑETE,LIMA,CAÑETE,wrf5,temp,20260904,20261003,"00Z,12Z",D1,3h,-0.522,1.488,1.794,0.738,470
113249,CAÑETE,LIMA,CAÑETE,mpas15,temp,20260904,20261003,00Z,D1,3h,-1.712,2.056,2.578,0.366,239
212900,LA CAPILLA SENAMHI,LIMA,CAÑETE,ecmwf,temp,20260904,20261003,"00Z,12Z",D1,3h,S/D,S/D,S/D,S/D,0
212900,LA CAPILLA SENAMHI,LIMA,CAÑETE,gfs,temp,20260904,20261003,"00Z,12Z",D1,3h,S/D,S/D,S/D,S/D,0
212900,LA CAPILLA SENAMHI,LIMA,CAÑETE,eta5,temp,20260904,20261003,"00Z,12Z",D1,3h,S/D,S/D,S/D,S/D,0
212900,LA CAPILLA SENAMHI,LIMA,CAÑETE,wrf5,temp,20260904,20261003,"00Z,12Z",D1,3h,S/D,S/D,S/D,S/D,0
212900,LA CAPILLA SENAMHI,LIMA,CAÑETE,mpas15,temp,20260904,20261003,00Z,D1,3h,S/D,S/D,S/D,S/D,0
472191AC,SOCSI,LIMA,CAÑETE,ecmwf,temp,20260904,20261003,"00Z,12Z",D1,3h,S/D,S/D,S/D,S/D,0
472191AC,SOCSI,LIMA,CAÑETE,gfs,temp,20260904,20261003,"00Z,12Z",D1,3h,S/D,S/D,S/D,S/D,0
472191AC,SOCSI,LIMA,CAÑETE,eta5,temp,20260904,20261003,"00Z,12Z",D1,3h,S/D,S/D,S/D,S/D,0
472191AC,SOCSI,LIMA,CAÑETE,wrf5,temp,20260904,20261003,"00Z,12Z",D1,3h,S/D,S/D,S/D,S/D,0
472191AC,SOCSI,LIMA,CAÑETE,mpas15,temp,20260904,20261003,00Z,D1,3h,S/D,S/D,S/D,S/D,0
47E323B2,CARAC,LIMA,HUARAL,ecmwf,temp,20260904,20261003,"00Z,12Z",D1,3h,-2.89,2.972,3.643,0.889,244
47E323B2,CARAC,LIMA,HUARAL,gfs,temp,20260904,20261003,"00Z,12Z",D1,3h,-3.252,3.353,4.347,0.813,244
47E323B2,CARAC,LIMA,HUARAL,eta5,temp,20260904,20261003,"00Z,12Z",D1,3h,-1.852,2.146,2.641,0.84,172
47E323B2,CARAC,LIMA,HUARAL,wrf5,temp,20260904,20261003,"00Z,12Z",D1,3h,-1.539,2.599,3.408,0.784,244
47E323B2,CARAC,LIMA,HUARAL,mpas15,temp,20260904,20261003,00Z,D1,3h,-6.014,6.014,6.559,0.845,122
47E2323E,CUCHUANCA,LIMA,HUARAL,ecmwf,temp,20260904,20261003,"00Z,12Z",D1,3h,S/D,S/D,S/D,S/D,0
47E2323E,CUCHUANCA,LIMA,HUARAL,gfs,temp,20260904,20261003,"00Z,12Z",D1,3h,S/D,S/D,S/D,S/D,0
47E2323E,CUCHUANCA,LIMA,HUARAL,eta5,temp,20260904,20261003,"00Z,12Z",D1,3h,S/D,S/D,S/D,S/D,0
47E2323E,CUCHUANCA,LIMA,HUARAL,wrf5,temp,20260904,20261003,"00Z,12Z",D1,3h,S/D,S/D,S/D,S/D,0
47E2323E,CUCHUANCA,LIMA,HUARAL,mpas15,temp,20260904,20261003,00Z,D1,3h,S/D,S/D,S/D,S/D,0
47E330C4,SANTA CRUZ,LIMA,HUARAL,ecmwf,temp,20260904,20261003,"00Z,12Z",D1,3h,1.088,2.374,2.804,0.8,476
47E330C4,SANTA CRUZ,LIMA,HUARAL,gfs,temp,20260904,20261003,"00Z,12Z",D1,3h,0.498,0.926,1.144,0.84,476
47E330C4,SANTA CRUZ,LIMA,HUARAL,eta5,temp,20260904,20261003,"00Z,12Z",D1,3h,0.306,2.346,2.732,0.776,376
47E330C4,SANTA CRUZ,LIMA,HUARAL,wrf5,temp,20260904,20261003,"00Z,12Z",D1,3h,-1.28,1.523,1.797,0.824,468
47E330C4,SANTA CRUZ,LIMA,HUARAL,mpas15,temp,20260904,20261003,00Z,D1,3h,-5.341,5.341,5.689,0.777,238
47E214D2,SANTO DOMINGO,LIMA,HUARAL,ecmwf,temp,20260904,20261003,"00Z,12Z",D1,3h,-0.729,2.132,2.61,0.478,476
47E214D2,SANTO DOMINGO,LIMA,HUARAL,gfs,temp,20260904,20261003,"00Z,12Z",D1,3h,-0.795,2.047,2.501,0.534,476
47E214D2,SANTO DOMINGO,LIMA,HUARAL,eta5,temp,20260904,20261003,"00Z,12Z",D1,3h,2.66,3.105,3.94,0.694,376
47E214D2,SANTO DOMINGO,LIMA,HUARAL,wrf5,temp,20260904,20261003,"00Z,12Z",D1,3h,-0.08,1.809,2.189,0.679,468
47E214D2,SANTO DOMINGO,LIMA,HUARAL,mpas15,temp,20260904,20261003,00Z,D1,3h,-1.267,2.195,2.566,0.638,238
47E257D8,VICHAYCOCHA,LIMA,HUARAL,ecmwf,temp,20260904,20261003,"00Z,12Z",D1,3h,S/D,S/D,S/D,S/D,0
47E257D8,VICHAYCOCHA,LIMA,HUARAL,gfs,temp,20260904,20261003,"00Z,12Z",D1,3h,S/D,S/D,S/D,S/D,0
47E257D8,VICHAYCOCHA,LIMA,HUARAL,eta5,temp,20260904,20261003,"00Z,12Z",D1,3h,S/D,S/D,S/D,S/D,0
47E257D8,VICHAYCOCHA,LIMA,HUARAL,wrf5,temp,20260904,20261003,"00Z,12Z",D1,3h,S/D,S/D,S/D,S/D,0
47E257D8,VICHAYCOCHA,LIMA,HUARAL,mpas15,temp,20260904,20261003,00Z,D1,3h,S/D,S/D,S/D,S/D,0
472D73C2,CASAPALCA,LIMA,HUAROCHIRI,ecmwf,temp,20260904,20261003,"00Z,12Z",D1,3h,-0.76,1.378,1.786,0.932,480
472D73C2,CASAPALCA,LIMA,HUAROCHIRI,gfs,temp,20260904,20261003,"00Z,12Z",D1,3h,-0.67,1.793,2.204,0.852,480
472D73C2,CASAPALCA,LIMA,HUAROCHIRI,eta5,temp,20260904,20261003,"00Z,12Z",D1,3h,-2.357,2.728,3.244,0.81,379
472D73C2,CASAPALCA,LIMA,HUAROCHIRI,wrf5,temp,20260904,20261003,"00Z,12Z",D1,3h,-2.209,2.485,2.958,0.838,472
472D73C2,CASAPALCA,LIMA,HUAROCHIRI,mpas15,temp,20260904,20261003,00Z,D1,3h,-3.383,3.466,3.95,0.87,240
472CE45A,MATUCANA,LIMA,HUAROCHIRI,ecmwf,temp,20260904,20261003,"00Z,12Z",D1,3h,-10.036,10.036,10.274,0.796,480
472CE45A,MATUCANA,LIMA,HUAROCHIRI,gfs,temp,20260904,20261003,"00Z,12Z",D1,3h,-7.154,7.154,7.611,0.808,480
472CE45A,MATUCANA,LIMA,HUAROCHIRI,eta5,temp,20260904,20261003,"00Z,12Z",D1,3h,-6.18,6.18,6.404,0.872,379
472CE45A,MATUCANA,LIMA,HUAROCHIRI,wrf5,temp,20260904,20261003,"00Z,12Z",D1,3h,-1.796,2.605,3.182,0.755,472
472CE45A,MATUCANA,LIMA,HUAROCHIRI,mpas15,temp,20260904,20261003,00Z,D1,3h,-12.087,12.087,12.265,0.872,240
212700,PUENTE ANTAPUCRO,LIMA,HUAROCHIRI,ecmwf,temp,20260904,20261003,"00Z,12Z",D1,3h,S/D,S/D,S/D,S/D,0
212700,PUENTE ANTAPUCRO,LIMA,HUAROCHIRI,gfs,temp,20260904,20261003,"00Z,12Z",D1,3h,S/D,S/D,S/D,S/D,0
212700,PUENTE ANTAPUCRO,LIMA,HUAROCHIRI,eta5,temp,20260904,20261003,"00Z,12Z",D1,3h,S/D,S/D,S/D,S/D,0
212700,PUENTE ANTAPUCRO,LIMA,HUAROCHIRI,wrf5,temp,20260904,20261003,"00Z,12Z",D1,3h,S/D,S/D,S/D,S/D,0
212700,PUENTE ANTAPUCRO,LIMA,HUAROCHIRI,mpas15,temp,20260904,20261003,00Z,D1,3h,S/D,S/D,S/D,S/D,0
212605,SAN MATEO ,LIMA,HUAROCHIRI,ecmwf,temp,20260904,20261003,"00Z,12Z",D1,3h,S/D,S/D,S/D,S/D,0
212605,SAN MATEO ,LIMA,HUAROCHIRI,gfs,temp,20260904,20261003,"00Z,12Z",D1,3h,S/D,S/D,S/D,S/D,0
212605,SAN MATEO ,LIMA,HUAROCHIRI,eta5,temp,20260904,20261003,"00Z,12Z",D1,3h,S/D,S/D,S/D,S/D,0
212605,SAN MATEO ,LIMA,HUAROCHIRI,wrf5,temp,20260904,20261003,"00Z,12Z",D1,3h,S/D,S/D,S/D,S/D,0
212605,SAN MATEO ,LIMA,HUAROCHIRI,mpas15,temp,20260904,20261003,00Z,D1,3h,S/D,S/D,S/D,S/D,0
472EC742,SAN MATEO DE OTAO,LIMA,HUAROCHIRI,ecmwf,temp,20260904,20261003,"00Z,12Z",D1,3h,-3.875,3.896,4.316,0.78,480
472EC742,SAN MATEO DE OTAO,LIMA,HUAROCHIRI,gfs,temp,20260904,20261003,"00Z,12Z",D1,3h,-0.993,1.442,1.937,0.83,480
472EC742,SAN MATEO DE OTAO,LIMA,HUAROCHIRI,eta5,temp,20260904,20261003,"00Z,12Z",D1,3h,2.45,2.528,2.958,0.813,379
472EC742,SAN MATEO DE OTAO,LIMA,HUAROCHIRI,wrf5,temp,20260904,20261003,"00Z,12Z",D1,3h,3.098,3.344,3.834,0.739,472
472EC742,SAN MATEO DE OTAO,LIMA,HUAROCHIRI,mpas15,temp,20260904,20261003,00Z,D1,3h,4.858,4.863,5.228,0.811,240
472E24B0,SANTA EULALIA,LIMA,HUAROCHIRI,ecmwf,temp,20260904,20261003,"00Z,12Z",D1,3h,S/D,S/D,S/D,S/D,0
472E24B0,SANTA EULALIA,LIMA,HUAROCHIRI,gfs,temp,20260904,20261003,"00Z,12Z",D1,3h,S/D,S/D,S/D,S/D,0
472E24B0,SANTA EULALIA,LIMA,HUAROCHIRI,eta5,temp,20260904,20261003,"00Z,12Z",D1,3h,S/D,S/D,S/D,S/D,0
472E24B0,SANTA EULALIA,LIMA,HUAROCHIRI,wrf5,temp,20260904,20261003,"00Z,12Z",D1,3h,S/D,S/D,S/D,S/D,0
472E24B0,SANTA EULALIA,LIMA,HUAROCHIRI,mpas15,temp,20260904,20261003,00Z,D1,3h,S/D,S/D,S/D,S/D,0
472CA750,SANTIAGO DE TUNA,LIMA,HUAROCHIRI,ecmwf,temp,20260904,20261003,"00Z,12Z",D1,3h,0.71,1.644,2.0,0.867,480
472CA750,SANTIAGO DE TUNA,LIMA,HUAROCHIRI,gfs,temp,20260904,20261003,"00Z,12Z",D1,3h,0.519,2.154,2.436,0.857,480
472CA750,SANTIAGO DE TUNA,LIMA,HUAROCHIRI,eta5,temp,20260904,20261003,"00Z,12Z",D1,3h,-3.509,3.573,4.006,0.819,379
472CA750,SANTIAGO DE TUNA,LIMA,HUAROCHIRI,wrf5,temp,20260904,20261003,"00Z,12Z",D1,3h,-0.471,2.606,2.883,0.796,472
472CA750,SANTIAGO DE TUNA,LIMA,HUAROCHIRI,mpas15,temp,20260904,20261003,00Z,D1,3h,-1.295,2.138,2.658,0.859,240
4724966C,SAYAN,LIMA,HUAURA,ecmwf,temp,20260904,20261003,"00Z,12Z",D1,3h,-1.16,1.588,1.966,0.871,474
4724966C,SAYAN,LIMA,HUAURA,gfs,temp,20260904,20261003,"00Z,12Z",D1,3h,-0.911,1.406,1.752,0.864,474
4724966C,SAYAN,LIMA,HUAURA,eta5,temp,20260904,20261003,"00Z,12Z",D1,3h,1.255,1.956,2.488,0.793,375
4724966C,SAYAN,LIMA,HUAURA,wrf5,temp,20260904,20261003,"00Z,12Z",D1,3h,-0.244,1.526,1.864,0.845,466
4724966C,SAYAN,LIMA,HUAURA,mpas15,temp,20260904,20261003,00Z,D1,3h,-3.326,3.532,4.136,0.725,237
212500,AGUA AZUL BOCATOMA,LIMA,LIMA,ecmwf,temp,20260904,20261003,"00Z,12Z",D1,3h,S/D,S/D,S/D,S/D,0
212500,AGUA AZUL BOCATOMA,LIMA,LIMA,gfs,temp,20260904,20261003,"00Z,12Z",D1,3h,S/D,S/D,S/D,S/D,0
212500,AGUA AZUL BOCATOMA,LIMA,LIMA,eta5,temp,20260904,20261003,"00Z,12Z",D1,3h,S/D,S/D,S/D,S/D,0
212500,AGUA AZUL BOCATOMA,LIMA,LIMA,wrf5,temp,20260904,20261003,"00Z,12Z",D1,3h,S/D,S/D,S/D,S/D,0
212500,AGUA AZUL BOCATOMA,LIMA,LIMA,mpas15,temp,20260904,20261003,00Z,D1,3h,S/D,S/D,S/D,S/D,0
472A218A,ANTONIO RAYMONDI,LIMA,LIMA,ecmwf,temp,20260904,20261003,"00Z,12Z",D1,3h,-2.261,2.371,3.037,0.161,476
472A218A,ANTONIO RAYMONDI,LIMA,LIMA,gfs,temp,20260904,20261003,"00Z,12Z",D1,3h,-3.812,3.813,4.127,0.776,476
472A218A,ANTONIO RAYMONDI,LIMA,LIMA,eta5,temp,20260904,20261003,"00Z,12Z",D1,3h,-3.311,3.344,3.672,0.811,376
472A218A,ANTONIO RAYMONDI,LIMA,LIMA,wrf5,temp,20260904,20261003,"00Z,12Z",D1,3h,-1.555,1.696,1.999,0.801,468
472A218A,ANTONIO RAYMONDI,LIMA,LIMA,mpas15,temp,20260904,20261003,00Z,D1,3h,-2.751,2.772,2.991,0.8,238
112181,CAMPO DE MARTE,LIMA,LIMA,ecmwf,temp,20260904,20261003,"00Z,12Z",D1,3h,-1.036,1.48,1.704,0.884,466
112181,CAMPO DE MARTE,LIMA,LIMA,gfs,temp,20260904,20261003,"00Z,12Z",D1,3h,-2.194,2.196,2.371,0.87,466
112181,CAMPO DE MARTE,LIMA,LIMA,eta5,temp,20260904,20261003,"00Z,12Z",D1,3h,-2.412,2.558,2.892,0.835,368
112181,CAMPO DE MARTE,LIMA,LIMA,wrf5,temp,20260904,20261003,"00Z,12Z",D1,3h,-0.363,0.876,1.094,0.802,459
112181,CAMPO DE MARTE,LIMA,LIMA,mpas15,temp,20260904,20261003,00Z,D1,3h,-1.686,1.748,2.187,0.714,233
111286,CARABAYLLO,LIMA,LIMA,ecmwf,temp,20260904,20261003,"00Z,12Z",D1,3h,-1.75,1.918,2.14,0.891,476
111286,CARABAYLLO,LIMA,LIMA,gfs,temp,20260904,20261003,"00Z,12Z",D1,3h,-2.92,2.92,3.138,0.892,476
111286,CARABAYLLO,LIMA,LIMA,eta5,temp,20260904,20261003,"00Z,12Z",D1,3h,-3.019,3.221,3.642,0.886,377
111286,CARABAYLLO,LIMA,LIMA,wrf5,temp,20260904,20261003,"00Z,12Z",D1,3h,-1.595,1.808,2.047,0.875,468
111286,CARABAYLLO,LIMA,LIMA,mpas15,temp,20260904,20261003,00Z,D1,3h,-1.993,2.046,2.351,0.877,238
112278,CERES,LIMA,LIMA,ecmwf,temp,20260904,20261003,"00Z,12Z",D1,3h,-0.766,1.262,1.446,0.891,396
112278,CERES,LIMA,LIMA,gfs,temp,20260904,20261003,"00Z,12Z",D1,3h,-1.927,1.931,2.18,0.883,396
112278,CERES,LIMA,LIMA,eta5,temp,20260904,20261003,"00Z,12Z",D1,3h,-2.491,2.816,3.25,0.87,337
112278,CERES,LIMA,LIMA,wrf5,temp,20260904,20261003,"00Z,12Z",D1,3h,-0.127,0.989,1.255,0.848,388
112278,CERES,LIMA,LIMA,mpas15,temp,20260904,20261003,00Z,D1,3h,-1.277,1.365,1.591,0.89,198
47278214,CHOSICA,LIMA,LIMA,ecmwf,temp,20260904,20261003,"00Z,12Z",D1,3h,S/D,S/D,S/D,S/D,0
47278214,CHOSICA,LIMA,LIMA,gfs,temp,20260904,20261003,"00Z,12Z",D1,3h,S/D,S/D,S/D,S/D,0
47278214,CHOSICA,LIMA,LIMA,eta5,temp,20260904,20261003,"00Z,12Z",D1,3h,S/D,S/D,S/D,S/D,0
47278214,CHOSICA,LIMA,LIMA,wrf5,temp,20260904,20261003,"00Z,12Z",D1,3h,S/D,S/D,S/D,S/D,0
47278214,CHOSICA,LIMA,LIMA,mpas15,temp,20260904,20261003,00Z,D1,3h,S/D,S/D,S/D,S/D,0
112281,LAS PALMAS,LIMA,LIMA,ecmwf,temp,20260904,20261003,"00Z,12Z",D1,3h,-1.871,1.901,2.408,0.614,480
112281,LAS PALMAS,LIMA,LIMA,gfs,temp,20260904,20261003,"00Z,12Z",D1,3h,-3.415,3.415,3.738,0.72,480
112281,LAS PALMAS,LIMA,LIMA,eta5,temp,20260904,20261003,"00Z,12Z",D1,3h,-2.431,2.508,2.78,0.829,379
112281,LAS PALMAS,LIMA,LIMA,wrf5,temp,20260904,20261003,"00Z,12Z",D1,3h,-0.317,0.924,1.196,0.761,472
112281,LAS PALMAS,LIMA,LIMA,mpas15,temp,20260904,20261003,00Z,D1,3h,-2.207,2.312,3.19,-0.329,240
112193,SAN BORJA,LIMA,LIMA,ecmwf,temp,20260904,20261003,"00Z,12Z",D1,3h,-1.303,1.666,1.905,0.889,458
112193,SAN BORJA,LIMA,LIMA,gfs,temp,20260904,20261003,"00Z,12Z",D1,3h,-2.435,2.438,2.572,0.888,458
112193,SAN BORJA,LIMA,LIMA,eta5,temp,20260904,20261003,"00Z,12Z",D1,3h,-3.124,3.185,3.532,0.853,362
112193,SAN BORJA,LIMA,LIMA,wrf5,temp,20260904,20261003,"00Z,12Z",D1,3h,-0.38,0.9,1.117,0.77,452
112193,SAN BORJA,LIMA,LIMA,mpas15,temp,20260904,20261003,00Z,D1,3h,-1.911,1.941,2.336,0.708,229
112267,SAN JUAN DE LURIGANCHO,LIMA,LIMA,ecmwf,temp,20260904,20261003,"00Z,12Z",D1,3h,-0.959,1.507,1.707,0.885,424
112267,SAN JUAN DE LURIGANCHO,LIMA,LIMA,gfs,temp,20260904,20261003,"00Z,12Z",D1,3h,-2.1,2.11,2.292,0.896,424
112267,SAN JUAN DE LURIGANCHO,LIMA,LIMA,eta5,temp,20260904,20261003,"00Z,12Z",D1,3h,-2.859,3.09,3.538,0.868,337
112267,SAN JUAN DE LURIGANCHO,LIMA,LIMA,wrf5,temp,20260904,20261003,"00Z,12Z",D1,3h,-1.494,1.788,2.014,0.831,416
112267,SAN JUAN DE LURIGANCHO,LIMA,LIMA,mpas15,temp,20260904,20261003,00Z,D1,3h,-1.653,1.697,2.211,0.767,212
112265,SAN MARTIN DE PORRES,LIMA,LIMA,ecmwf,temp,20260904,20261003,"00Z,12Z",D1,3h,-1.955,2.221,2.547,0.894,412
112265,SAN MARTIN DE PORRES,LIMA,LIMA,gfs,temp,20260904,20261003,"00Z,12Z",D1,3h,-3.093,3.093,3.211,0.883,412
112265,SAN MARTIN DE PORRES,LIMA,LIMA,eta5,temp,20260904,20261003,"00Z,12Z",D1,3h,-3.182,3.191,3.54,0.836,320
112265,SAN MARTIN DE PORRES,LIMA,LIMA,wrf5,temp,20260904,20261003,"00Z,12Z",D1,3h,-0.833,1.079,1.266,0.805,405
112265,SAN MARTIN DE PORRES,LIMA,LIMA,mpas15,temp,20260904,20261003,00Z,D1,3h,-2.63,2.63,2.816,0.737,206
112208,SANTA ANITA,LIMA,LIMA,ecmwf,temp,20260904,20261003,"00Z,12Z",D1,3h,-0.314,1.233,1.462,0.888,478
112208,SANTA ANITA,LIMA,LIMA,gfs,temp,20260904,20261003,"00Z,12Z",D1,3h,-1.478,1.519,1.708,0.893,478
112208,SANTA ANITA,LIMA,LIMA,eta5,temp,20260904,20261003,"00Z,12Z",D1,3h,-2.025,2.623,3.056,0.856,378
112208,SANTA ANITA,LIMA,LIMA,wrf5,temp,20260904,20261003,"00Z,12Z",D1,3h,0.089,0.9,1.187,0.831,470
112208,SANTA ANITA,LIMA,LIMA,mpas15,temp,20260904,20261003,00Z,D1,3h,-0.987,1.191,1.704,0.754,239
472AC278,VON HUMBOLDT,LIMA,LIMA,ecmwf,temp,20260904,20261003,"00Z,12Z",D1,3h,-0.481,1.126,1.327,0.891,444
472AC278,VON HUMBOLDT,LIMA,LIMA,gfs,temp,20260904,20261003,"00Z,12Z",D1,3h,-1.628,1.717,2.057,0.868,444
472AC278,VON HUMBOLDT,LIMA,LIMA,eta5,temp,20260904,20261003,"00Z,12Z",D1,3h,-2.5,2.698,3.129,0.865,350
472AC278,VON HUMBOLDT,LIMA,LIMA,wrf5,temp,20260904,20261003,"00Z,12Z",D1,3h,-0.18,1.031,1.32,0.84,436
472AC278,VON HUMBOLDT,LIMA,LIMA,mpas15,temp,20260904,20261003,00Z,D1,3h,-0.986,1.251,1.521,0.875,222
111290,ÑAÑA,LIMA,LIMA,ecmwf,temp,20260904,20261003,"00Z,12Z",D1,3h,-0.235,1.453,1.769,0.754,480
111290,ÑAÑA,LIMA,LIMA,gfs,temp,20260904,20261003,"00Z,12Z",D1,3h,-0.328,1.508,1.847,0.734,480
111290,ÑAÑA,LIMA,LIMA,eta5,temp,20260904,20261003,"00Z,12Z",D1,3h,0.732,2.388,2.911,0.766,379
111290,ÑAÑA,LIMA,LIMA,wrf5,temp,20260904,20261003,"00Z,12Z",D1,3h,-1.0,1.599,1.892,0.852,472
111290,ÑAÑA,LIMA,LIMA,mpas15,temp,20260904,20261003,00Z,D1,3h,0.29,0.805,1.044,0.906,240
110139,PICOY,LIMA,OYON,ecmwf,temp,20260904,20261003,"00Z,12Z",D1,3h,S/D,S/D,S/D,S/D,0
110139,PICOY,LIMA,OYON,gfs,temp,20260904,20261003,"00Z,12Z",D1,3h,S/D,S/D,S/D,S/D,0
110139,PICOY,LIMA,OYON,eta5,temp,20260904,20261003,"00Z,12Z",D1,3h,S/D,S/D,S/D,S/D,0
110139,PICOY,LIMA,OYON,wrf5,temp,20260904,20261003,"00Z,12Z",D1,3h,S/D,S/D,S/D,S/D,0
110139,PICOY,LIMA,OYON,mpas15,temp,20260904,20261003,00Z,D1,3h,S/D,S/D,S/D,S/D,0
472364DC,CARANIA,LIMA,YAUYOS,ecmwf,temp,20260904,20261003,"00Z,12Z",D1,3h,S/D,S/D,S/D,S/D,0
472364DC,CARANIA,LIMA,YAUYOS,gfs,temp,20260904,20261003,"00Z,12Z",D1,3h,S/D,S/D,S/D,S/D,0
472364DC,CARANIA,LIMA,YAUYOS,eta5,temp,20260904,20261003,"00Z,12Z",D1,3h,S/D,S/D,S/D,S/D,0
472364DC,CARANIA,LIMA,YAUYOS,wrf5,temp,20260904,20261003,"00Z,12Z",D1,3h,S/D,S/D,S/D,S/D,0
472364DC,CARANIA,LIMA,YAUYOS,mpas15,temp,20260904,20261003,00Z,D1,3h,S/D,S/D,S/D,S/D,0
104112,SAN REGIS,LORETO,LORETO,ecmwf,temp,20260904,20261003,"00Z,12Z",D1,3h,-0.061,1.28,1.804,0.868,368
104112,SAN REGIS,LORETO,LORETO,gfs,temp,20260904,20261003,"00Z,12Z",D1,3h,0.598,2.232,2.986,0.797,368
104112,SAN REGIS,LORETO,LORETO,eta5,temp,20260904,20261003,"00Z,12Z",D1,3h,2.561,2.784,3.574,0.807,295
104112,SAN REGIS,LORETO,LORETO,wrf5,temp,20260904,20261003,"00Z,12Z",D1,3h,1.316,1.996,2.572,0.832,361
104112,SAN REGIS,LORETO,LORETO,mpas15,temp,20260904,20261003,00Z,D1,3h,-0.057,1.357,1.852,0.858,184
4727547C,CABALLOCOCHA,LORETO,MARISCAL RAMON CASTILLA,ecmwf,temp,20260904,20261003,"00Z,12Z",D1,3h,-0.6,1.388,1.927,0.82,476
4727547C,CABALLOCOCHA,LORETO,MARISCAL RAMON CASTILLA,gfs,temp,20260904,20261003,"00Z,12Z",D1,3h,0.077,2.33,2.994,0.772,476
4727547C,CABALLOCOCHA,LORETO,MARISCAL RAMON CASTILLA,eta5,temp,20260904,20261003,"00Z,12Z",D1,3h,1.866,2.443,3.372,0.741,375
4727547C,CABALLOCOCHA,LORETO,MARISCAL RAMON CASTILLA,wrf5,temp,20260904,20261003,"00Z,12Z",D1,3h,1.135,2.07,2.727,0.792,468
4727547C,CABALLOCOCHA,LORETO,MARISCAL RAMON CASTILLA,mpas15,temp,20260904,20261003,00Z,D1,3h,-0.428,1.442,1.896,0.798,238
47288486,PEBAS,LORETO,MARISCAL RAMON CASTILLA,ecmwf,temp,20260904,20261003,"00Z,12Z",D1,3h,S/D,S/D,S/D,S/D,0
47288486,PEBAS,LORETO,MARISCAL RAMON CASTILLA,gfs,temp,20260904,20261003,"00Z,12Z",D1,3h,S/D,S/D,S/D,S/D,0
47288486,PEBAS,LORETO,MARISCAL RAMON CASTILLA,eta5,temp,20260904,20261003,"00Z,12Z",D1,3h,S/D,S/D,S/D,S/D,0
47288486,PEBAS,LORETO,MARISCAL RAMON CASTILLA,wrf5,temp,20260904,20261003,"00Z,12Z",D1,3h,S/D,S/D,S/D,S/D,0
47288486,PEBAS,LORETO,MARISCAL RAMON CASTILLA,mpas15,temp,20260904,20261003,00Z,D1,3h,S/D,S/D,S/D,S/D,0
103065,AMAZONAS,LORETO,MAYNAS,ecmwf,temp,20260904,20261003,"00Z,12Z",D1,3h,0.141,1.511,2.023,0.824,480
103065,AMAZONAS,LORETO,MAYNAS,gfs,temp,20260904,20261003,"00Z,12Z",D1,3h,0.474,2.381,3.243,0.753,480
103065,AMAZONAS,LORETO,MAYNAS,eta5,temp,20260904,20261003,"00Z,12Z",D1,3h,2.931,3.2,4.01,0.752,379
103065,AMAZONAS,LORETO,MAYNAS,wrf5,temp,20260904,20261003,"00Z,12Z",D1,3h,1.475,2.251,2.907,0.794,472
103065,AMAZONAS,LORETO,MAYNAS,mpas15,temp,20260904,20261003,00Z,D1,3h,-0.836,2.229,2.99,0.714,240
47252718,ENAPU PERU,LORETO,MAYNAS,ecmwf,temp,20260904,20261003,"00Z,12Z",D1,3h,-0.659,1.386,1.866,0.793,472
47252718,ENAPU PERU,LORETO,MAYNAS,gfs,temp,20260904,20261003,"00Z,12Z",D1,3h,-0.329,2.802,3.45,0.727,472
47252718,ENAPU PERU,LORETO,MAYNAS,eta5,temp,20260904,20261003,"00Z,12Z",D1,3h,2.103,2.84,3.677,0.692,374
47252718,ENAPU PERU,LORETO,MAYNAS,wrf5,temp,20260904,20261003,"00Z,12Z",D1,3h,0.554,2.228,2.832,0.736,464
47252718,ENAPU PERU,LORETO,MAYNAS,mpas15,temp,20260904,20261003,00Z,D1,3h,-1.463,1.96,2.562,0.721,236
47287402,CONTAMANA,LORETO,UCAYALI,ecmwf,temp,20260904,20261003,"00Z,12Z",D1,3h,-1.719,2.056,2.526,0.895,472
47287402,CONTAMANA,LORETO,UCAYALI,gfs,temp,20260904,20261003,"00Z,12Z",D1,3h,-0.836,2.413,3.006,0.857,472
47287402,CONTAMANA,LORETO,UCAYALI,eta5,temp,20260904,20261003,"00Z,12Z",D1,3h,1.151,1.992,2.743,0.81,374
47287402,CONTAMANA,LORETO,UCAYALI,wrf5,temp,20260904,20261003,"00Z,12Z",D1,3h,0.201,1.788,2.407,0.84,464
47287402,CONTAMANA,LORETO,UCAYALI,mpas15,temp,20260904,20261003,00Z,D1,3h,-1.891,2.137,2.571,0.901,236
47E8201A,SALVACION,MADRE DE DIOS,MANU,ecmwf,temp,20260904,20261003,"00Z,12Z",D1,3h,-0.841,1.886,2.424,0.795,480
47E8201A,SALVACION,MADRE DE DIOS,MANU,gfs,temp,20260904,20261003,"00Z,12Z",D1,3h,0.192,2.799,3.55,0.707,480
47E8201A,SALVACION,MADRE DE DIOS,MANU,eta5,temp,20260904,20261003,"00Z,12Z",D1,3h,0.23,1.742,2.276,0.815,379
47E8201A,SALVACION,MADRE DE DIOS,MANU,wrf5,temp,20260904,20261003,"00Z,12Z",D1,3h,1.757,2.247,2.843,0.828,472
47E8201A,SALVACION,MADRE DE DIOS,MANU,mpas15,temp,20260904,20261003,00Z,D1,3h,-1.936,2.577,3.339,0.72,240
472587E0,IÑAPARI,MADRE DE DIOS,TAHUAMANU,ecmwf,temp,20260904,20261003,"00Z,12Z",D1,3h,-0.088,1.439,2.044,0.912,472
472587E0,IÑAPARI,MADRE DE DIOS,TAHUAMANU,gfs,temp,20260904,20261003,"00Z,12Z",D1,3h,1.4,2.1,2.974,0.868,472
472587E0,IÑAPARI,MADRE DE DIOS,TAHUAMANU,eta5,temp,20260904,20261003,"00Z,12Z",D1,3h,2.953,3.083,3.825,0.853,372
472587E0,IÑAPARI,MADRE DE DIOS,TAHUAMANU,wrf5,temp,20260904,20261003,"00Z,12Z",D1,3h,1.721,2.201,3.041,0.868,464
472587E0,IÑAPARI,MADRE DE DIOS,TAHUAMANU,mpas15,temp,20260904,20261003,00Z,D1,3h,-0.755,1.772,2.377,0.908,236
260403,CACHUELA,MADRE DE DIOS,TAMBOPATA,ecmwf,temp,20260904,20261003,"00Z,12Z",D1,3h,-0.163,1.127,1.51,0.935,480
260403,CACHUELA,MADRE DE DIOS,TAMBOPATA,gfs,temp,20260904,20261003,"00Z,12Z",D1,3h,1.92,2.845,3.539,0.832,480
260403,CACHUELA,MADRE DE DIOS,TAMBOPATA,eta5,temp,20260904,20261003,"00Z,12Z",D1,3h,3.299,3.544,4.134,0.866,379
260403,CACHUELA,MADRE DE DIOS,TAMBOPATA,wrf5,temp,20260904,20261003,"00Z,12Z",D1,3h,1.686,2.319,2.922,0.877,472
260403,CACHUELA,MADRE DE DIOS,TAMBOPATA,mpas15,temp,20260904,20261003,00Z,D1,3h,-0.846,1.284,1.751,0.943,240
47E8336C,MALINOWSKY,MADRE DE DIOS,TAMBOPATA,ecmwf,temp,20260904,20261003,"00Z,12Z",D1,3h,-0.154,1.565,2.025,0.889,480
47E8336C,MALINOWSKY,MADRE DE DIOS,TAMBOPATA,gfs,temp,20260904,20261003,"00Z,12Z",D1,3h,1.617,2.806,3.607,0.765,480
47E8336C,MALINOWSKY,MADRE DE DIOS,TAMBOPATA,eta5,temp,20260904,20261003,"00Z,12Z",D1,3h,3.295,3.386,3.937,0.87,379
47E8336C,MALINOWSKY,MADRE DE DIOS,TAMBOPATA,wrf5,temp,20260904,20261003,"00Z,12Z",D1,3h,1.571,2.235,2.863,0.853,472
47E8336C,MALINOWSKY,MADRE DE DIOS,TAMBOPATA,mpas15,temp,20260904,20261003,00Z,D1,3h,-0.887,1.828,2.296,0.895,240
260402,PUENTE HERRERA,MADRE DE DIOS,TAMBOPATA,ecmwf,temp,20260904,20261003,"00Z,12Z",D1,3h,S/D,S/D,S/D,S/D,0
260402,PUENTE HERRERA,MADRE DE DIOS,TAMBOPATA,gfs,temp,20260904,20261003,"00Z,12Z",D1,3h,S/D,S/D,S/D,S/D,0
260402,PUENTE HERRERA,MADRE DE DIOS,TAMBOPATA,eta5,temp,20260904,20261003,"00Z,12Z",D1,3h,S/D,S/D,S/D,S/D,0
260402,PUENTE HERRERA,MADRE DE DIOS,TAMBOPATA,wrf5,temp,20260904,20261003,"00Z,12Z",D1,3h,S/D,S/D,S/D,S/D,0
260402,PUENTE HERRERA,MADRE DE DIOS,TAMBOPATA,mpas15,temp,20260904,20261003,00Z,D1,3h,S/D,S/D,S/D,S/D,0
112279,PUERTO MALDONADO,MADRE DE DIOS,TAMBOPATA,ecmwf,temp,20260904,20261003,"00Z,12Z",D1,3h,-0.954,1.513,1.965,0.927,480
112279,PUERTO MALDONADO,MADRE DE DIOS,TAMBOPATA,gfs,temp,20260904,20261003,"00Z,12Z",D1,3h,1.129,2.645,3.316,0.83,480
112279,PUERTO MALDONADO,MADRE DE DIOS,TAMBOPATA,eta5,temp,20260904,20261003,"00Z,12Z",D1,3h,2.553,3.006,3.629,0.859,379
112279,PUERTO MALDONADO,MADRE DE DIOS,TAMBOPATA,wrf5,temp,20260904,20261003,"00Z,12Z",D1,3h,1.017,2.117,2.725,0.869,472
112279,PUERTO MALDONADO,MADRE DE DIOS,TAMBOPATA,mpas15,temp,20260904,20261003,00Z,D1,3h,-1.637,1.835,2.311,0.936,240
260002,TAMBOPATA,MADRE DE DIOS,TAMBOPATA,ecmwf,temp,20260904,20261003,"00Z,12Z",D1,3h,S/D,S/D,S/D,S/D,0
260002,TAMBOPATA,MADRE DE DIOS,TAMBOPATA,gfs,temp,20260904,20261003,"00Z,12Z",D1,3h,S/D,S/D,S/D,S/D,0
260002,TAMBOPATA,MADRE DE DIOS,TAMBOPATA,eta5,temp,20260904,20261003,"00Z,12Z",D1,3h,S/D,S/D,S/D,S/D,0
260002,TAMBOPATA,MADRE DE DIOS,TAMBOPATA,wrf5,temp,20260904,20261003,"00Z,12Z",D1,3h,S/D,S/D,S/D,S/D,0
260002,TAMBOPATA,MADRE DE DIOS,TAMBOPATA,mpas15,temp,20260904,20261003,00Z,D1,3h,S/D,S/D,S/D,S/D,0
4723F1BE,MOQUEGUA,MOQUEGUA,MARISCAL NIETO,ecmwf,temp,20260904,20261003,"00Z,12Z",D1,3h,-1.044,1.621,2.053,0.939,478
4723F1BE,MOQUEGUA,MOQUEGUA,MARISCAL NIETO,gfs,temp,20260904,20261003,"00Z,12Z",D1,3h,-0.025,1.596,1.933,0.94,478
4723F1BE,MOQUEGUA,MOQUEGUA,MARISCAL NIETO,eta5,temp,20260904,20261003,"00Z,12Z",D1,3h,1.737,2.174,2.641,0.92,377
4723F1BE,MOQUEGUA,MOQUEGUA,MARISCAL NIETO,wrf5,temp,20260904,20261003,"00Z,12Z",D1,3h,0.191,1.825,2.249,0.905,470
4723F1BE,MOQUEGUA,MOQUEGUA,MARISCAL NIETO,mpas15,temp,20260904,20261003,00Z,D1,3h,-4.215,4.359,4.75,0.906,239
110137,12 DE OCTUBRE,PASCO,DANIEL ALCIDES CARRION,ecmwf,temp,20260904,20261003,"00Z,12Z",D1,3h,-0.85,2.372,2.862,0.88,478
110137,12 DE OCTUBRE,PASCO,DANIEL ALCIDES CARRION,gfs,temp,20260904,20261003,"00Z,12Z",D1,3h,-1.486,2.547,3.279,0.824,478
110137,12 DE OCTUBRE,PASCO,DANIEL ALCIDES CARRION,eta5,temp,20260904,20261003,"00Z,12Z",D1,3h,-0.643,2.348,2.805,0.826,377
110137,12 DE OCTUBRE,PASCO,DANIEL ALCIDES CARRION,wrf5,temp,20260904,20261003,"00Z,12Z",D1,3h,-0.016,2.286,2.816,0.852,470
110137,12 DE OCTUBRE,PASCO,DANIEL ALCIDES CARRION,mpas15,temp,20260904,20261003,00Z,D1,3h,-3.689,3.89,4.445,0.889,239
4725D79C,OXAPAMPA,PASCO,OXAPAMPA,ecmwf,temp,20260904,20261003,"00Z,12Z",D1,3h,-3.609,3.684,3.999,0.827,480
4725D79C,OXAPAMPA,PASCO,OXAPAMPA,gfs,temp,20260904,20261003,"00Z,12Z",D1,3h,-4.467,4.487,4.841,0.829,480
4725D79C,OXAPAMPA,PASCO,OXAPAMPA,eta5,temp,20260904,20261003,"00Z,12Z",D1,3h,-5.836,5.838,6.149,0.78,379
4725D79C,OXAPAMPA,PASCO,OXAPAMPA,wrf5,temp,20260904,20261003,"00Z,12Z",D1,3h,-0.378,1.508,1.968,0.829,472
4725D79C,OXAPAMPA,PASCO,OXAPAMPA,mpas15,temp,20260904,20261003,00Z,D1,3h,-3.015,3.257,3.876,0.704,240
109093,PUERTO BERMUDEZ,PASCO,OXAPAMPA,ecmwf,temp,20260904,20261003,"00Z,12Z",D1,3h,-0.496,1.431,1.895,0.867,480
109093,PUERTO BERMUDEZ,PASCO,OXAPAMPA,gfs,temp,20260904,20261003,"00Z,12Z",D1,3h,-0.404,2.389,3.048,0.825,480
109093,PUERTO BERMUDEZ,PASCO,OXAPAMPA,eta5,temp,20260904,20261003,"00Z,12Z",D1,3h,1.971,2.462,3.12,0.805,379
109093,PUERTO BERMUDEZ,PASCO,OXAPAMPA,wrf5,temp,20260904,20261003,"00Z,12Z",D1,3h,1.427,1.973,2.592,0.852,472
109093,PUERTO BERMUDEZ,PASCO,OXAPAMPA,mpas15,temp,20260904,20261003,00Z,D1,3h,-0.658,1.62,2.277,0.847,240
104114,ALTO DE POCLUS,PIURA,AYABACA,ecmwf,temp,20260904,20261003,"00Z,12Z",D1,3h,8.013,8.013,8.198,0.824,376
104114,ALTO DE POCLUS,PIURA,AYABACA,gfs,temp,20260904,20261003,"00Z,12Z",D1,3h,9.25,9.25,9.396,0.865,376
104114,ALTO DE POCLUS,PIURA,AYABACA,eta5,temp,20260904,20261003,"00Z,12Z",D1,3h,0.085,1.059,1.335,0.89,296
104114,ALTO DE POCLUS,PIURA,AYABACA,wrf5,temp,20260904,20261003,"00Z,12Z",D1,3h,0.915,1.753,2.127,0.738,369
104114,ALTO DE POCLUS,PIURA,AYABACA,mpas15,temp,20260904,20261003,00Z,D1,3h,5.786,5.786,6.018,0.829,188
47E9177A,EL CIRUELO,PIURA,AYABACA,ecmwf,temp,20260904,20261003,"00Z,12Z",D1,3h,S/D,S/D,S/D,S/D,0
47E9177A,EL CIRUELO,PIURA,AYABACA,gfs,temp,20260904,20261003,"00Z,12Z",D1,3h,S/D,S/D,S/D,S/D,0
47E9177A,EL CIRUELO,PIURA,AYABACA,eta5,temp,20260904,20261003,"00Z,12Z",D1,3h,S/D,S/D,S/D,S/D,0
47E9177A,EL CIRUELO,PIURA,AYABACA,wrf5,temp,20260904,20261003,"00Z,12Z",D1,3h,S/D,S/D,S/D,S/D,0
47E9177A,EL CIRUELO,PIURA,AYABACA,mpas15,temp,20260904,20261003,00Z,D1,3h,S/D,S/D,S/D,S/D,0
47E281B0,HUALCUY,PIURA,AYABACA,ecmwf,temp,20260904,20261003,"00Z,12Z",D1,3h,-4.064,4.065,4.336,0.867,476
47E281B0,HUALCUY,PIURA,AYABACA,gfs,temp,20260904,20261003,"00Z,12Z",D1,3h,-3.34,3.507,3.883,0.82,476
47E281B0,HUALCUY,PIURA,AYABACA,eta5,temp,20260904,20261003,"00Z,12Z",D1,3h,1.417,1.93,2.498,0.859,376
47E281B0,HUALCUY,PIURA,AYABACA,wrf5,temp,20260904,20261003,"00Z,12Z",D1,3h,2.973,2.98,3.363,0.901,468
47E281B0,HUALCUY,PIURA,AYABACA,mpas15,temp,20260904,20261003,00Z,D1,3h,-3.086,3.09,3.524,0.876,238
472FC5B8,PAIMAS,PIURA,AYABACA,ecmwf,temp,20260904,20261003,"00Z,12Z",D1,3h,-5.221,5.222,5.593,0.779,478
472FC5B8,PAIMAS,PIURA,AYABACA,gfs,temp,20260904,20261003,"00Z,12Z",D1,3h,-3.787,3.929,4.465,0.757,478
472FC5B8,PAIMAS,PIURA,AYABACA,eta5,temp,20260904,20261003,"00Z,12Z",D1,3h,-2.737,3.044,3.492,0.798,378
472FC5B8,PAIMAS,PIURA,AYABACA,wrf5,temp,20260904,20261003,"00Z,12Z",D1,3h,-0.948,2.44,2.829,0.847,470
472FC5B8,PAIMAS,PIURA,AYABACA,mpas15,temp,20260904,20261003,00Z,D1,3h,-2.677,2.855,3.221,0.876,239
47E0C74E,PUENTE MACARA,PIURA,AYABACA,ecmwf,temp,20260904,20261003,"00Z,12Z",D1,3h,S/D,S/D,S/D,S/D,0
47E0C74E,PUENTE MACARA,PIURA,AYABACA,gfs,temp,20260904,20261003,"00Z,12Z",D1,3h,S/D,S/D,S/D,S/D,0
47E0C74E,PUENTE MACARA,PIURA,AYABACA,eta5,temp,20260904,20261003,"00Z,12Z",D1,3h,S/D,S/D,S/D,S/D,0
47E0C74E,PUENTE MACARA,PIURA,AYABACA,wrf5,temp,20260904,20261003,"00Z,12Z",D1,3h,S/D,S/D,S/D,S/D,0
47E0C74E,PUENTE MACARA,PIURA,AYABACA,mpas15,temp,20260904,20261003,00Z,D1,3h,S/D,S/D,S/D,S/D,0
472FF022,SAPILLICA,PIURA,AYABACA,ecmwf,temp,20260904,20261003,"00Z,12Z",D1,3h,0.145,1.077,1.376,0.874,476
472FF022,SAPILLICA,PIURA,AYABACA,gfs,temp,20260904,20261003,"00Z,12Z",D1,3h,1.587,1.793,2.387,0.861,476
472FF022,SAPILLICA,PIURA,AYABACA,eta5,temp,20260904,20261003,"00Z,12Z",D1,3h,0.313,1.25,1.568,0.852,376
472FF022,SAPILLICA,PIURA,AYABACA,wrf5,temp,20260904,20261003,"00Z,12Z",D1,3h,0.429,1.529,1.958,0.739,468
472FF022,SAPILLICA,PIURA,AYABACA,mpas15,temp,20260904,20261003,00Z,D1,3h,1.344,1.598,2.199,0.885,238
472F86B2,CANCHAQUE,PIURA,HUANCABAMBA,ecmwf,temp,20260904,20261003,"00Z,12Z",D1,3h,-1.603,2.706,3.051,0.78,476
472F86B2,CANCHAQUE,PIURA,HUANCABAMBA,gfs,temp,20260904,20261003,"00Z,12Z",D1,3h,-1.862,2.801,3.174,0.718,476
472F86B2,CANCHAQUE,PIURA,HUANCABAMBA,eta5,temp,20260904,20261003,"00Z,12Z",D1,3h,0.004,1.513,1.854,0.738,377
472F86B2,CANCHAQUE,PIURA,HUANCABAMBA,wrf5,temp,20260904,20261003,"00Z,12Z",D1,3h,0.122,2.404,2.998,0.369,468
472F86B2,CANCHAQUE,PIURA,HUANCABAMBA,mpas15,temp,20260904,20261003,00Z,D1,3h,0.154,1.846,2.316,0.704,238
472FE354,HUANCABAMBA,PIURA,HUANCABAMBA,ecmwf,temp,20260904,20261003,"00Z,12Z",D1,3h,-4.84,4.843,5.418,0.825,478
472FE354,HUANCABAMBA,PIURA,HUANCABAMBA,gfs,temp,20260904,20261003,"00Z,12Z",D1,3h,-4.675,4.734,5.343,0.77,478
472FE354,HUANCABAMBA,PIURA,HUANCABAMBA,eta5,temp,20260904,20261003,"00Z,12Z",D1,3h,-3.27,3.351,3.914,0.862,378
472FE354,HUANCABAMBA,PIURA,HUANCABAMBA,wrf5,temp,20260904,20261003,"00Z,12Z",D1,3h,-0.081,1.723,2.233,0.806,470
472FE354,HUANCABAMBA,PIURA,HUANCABAMBA,mpas15,temp,20260904,20261003,00Z,D1,3h,-4.492,4.58,5.183,0.782,239
472761E6,HUARMACA,PIURA,HUANCABAMBA,ecmwf,temp,20260904,20261003,"00Z,12Z",D1,3h,0.689,1.812,2.324,0.682,480
472761E6,HUARMACA,PIURA,HUANCABAMBA,gfs,temp,20260904,20261003,"00Z,12Z",D1,3h,0.432,1.852,2.37,0.571,480
472761E6,HUARMACA,PIURA,HUANCABAMBA,eta5,temp,20260904,20261003,"00Z,12Z",D1,3h,0.98,1.832,2.392,0.592,379
472761E6,HUARMACA,PIURA,HUANCABAMBA,wrf5,temp,20260904,20261003,"00Z,12Z",D1,3h,1.933,2.395,2.896,0.653,472
472761E6,HUARMACA,PIURA,HUANCABAMBA,mpas15,temp,20260904,20261003,00Z,D1,3h,-0.268,1.746,2.112,0.58,240
472FB328,CHALACO,PIURA,MORROPON,ecmwf,temp,20260904,20261003,"00Z,12Z",D1,3h,0.74,1.447,1.827,0.806,478
472FB328,CHALACO,PIURA,MORROPON,gfs,temp,20260904,20261003,"00Z,12Z",D1,3h,0.321,1.173,1.525,0.884,478
472FB328,CHALACO,PIURA,MORROPON,eta5,temp,20260904,20261003,"00Z,12Z",D1,3h,2.708,2.857,3.32,0.848,378
472FB328,CHALACO,PIURA,MORROPON,wrf5,temp,20260904,20261003,"00Z,12Z",D1,3h,1.023,2.581,3.154,0.508,470
472FB328,CHALACO,PIURA,MORROPON,mpas15,temp,20260904,20261003,00Z,D1,3h,3.522,3.531,3.917,0.849,239
472F6540,CHULUCANAS,PIURA,MORROPON,ecmwf,temp,20260904,20261003,"00Z,12Z",D1,3h,0.599,1.234,1.738,0.936,478
472F6540,CHULUCANAS,PIURA,MORROPON,gfs,temp,20260904,20261003,"00Z,12Z",D1,3h,-0.009,1.646,2.034,0.926,478
472F6540,CHULUCANAS,PIURA,MORROPON,eta5,temp,20260904,20261003,"00Z,12Z",D1,3h,1.186,1.839,2.488,0.932,377
472F6540,CHULUCANAS,PIURA,MORROPON,wrf5,temp,20260904,20261003,"00Z,12Z",D1,3h,-0.304,1.988,2.336,0.911,470
472F6540,CHULUCANAS,PIURA,MORROPON,mpas15,temp,20260904,20261003,00Z,D1,3h,-1.459,2.092,2.338,0.941,239
47E037CA,CORRAL DEL MEDIO,PIURA,MORROPON,ecmwf,temp,20260904,20261003,"00Z,12Z",D1,3h,S/D,S/D,S/D,S/D,0
47E037CA,CORRAL DEL MEDIO,PIURA,MORROPON,gfs,temp,20260904,20261003,"00Z,12Z",D1,3h,S/D,S/D,S/D,S/D,0
47E037CA,CORRAL DEL MEDIO,PIURA,MORROPON,eta5,temp,20260904,20261003,"00Z,12Z",D1,3h,S/D,S/D,S/D,S/D,0
47E037CA,CORRAL DEL MEDIO,PIURA,MORROPON,wrf5,temp,20260904,20261003,"00Z,12Z",D1,3h,S/D,S/D,S/D,S/D,0
47E037CA,CORRAL DEL MEDIO,PIURA,MORROPON,mpas15,temp,20260904,20261003,00Z,D1,3h,S/D,S/D,S/D,S/D,0
472F50DA,EL VIRREY,PIURA,MORROPON,ecmwf,temp,20260904,20261003,"00Z,12Z",D1,3h,-0.262,1.135,1.485,0.942,476
472F50DA,EL VIRREY,PIURA,MORROPON,gfs,temp,20260904,20261003,"00Z,12Z",D1,3h,-0.091,1.925,2.373,0.92,476
472F50DA,EL VIRREY,PIURA,MORROPON,eta5,temp,20260904,20261003,"00Z,12Z",D1,3h,-0.623,2.039,2.386,0.916,376
472F50DA,EL VIRREY,PIURA,MORROPON,wrf5,temp,20260904,20261003,"00Z,12Z",D1,3h,-1.069,2.324,2.729,0.872,468
472F50DA,EL VIRREY,PIURA,MORROPON,mpas15,temp,20260904,20261003,00Z,D1,3h,-0.183,1.514,1.928,0.936,238
47E074C0,HACIENDA BARRIOS,PIURA,MORROPON,ecmwf,temp,20260904,20261003,"00Z,12Z",D1,3h,S/D,S/D,S/D,S/D,0
47E074C0,HACIENDA BARRIOS,PIURA,MORROPON,gfs,temp,20260904,20261003,"00Z,12Z",D1,3h,S/D,S/D,S/D,S/D,0
47E074C0,HACIENDA BARRIOS,PIURA,MORROPON,eta5,temp,20260904,20261003,"00Z,12Z",D1,3h,S/D,S/D,S/D,S/D,0
47E074C0,HACIENDA BARRIOS,PIURA,MORROPON,wrf5,temp,20260904,20261003,"00Z,12Z",D1,3h,S/D,S/D,S/D,S/D,0
47E074C0,HACIENDA BARRIOS,PIURA,MORROPON,mpas15,temp,20260904,20261003,00Z,D1,3h,S/D,S/D,S/D,S/D,0
472F95C4,HACIENDA BIGOTE ,PIURA,MORROPON,ecmwf,temp,20260904,20261003,"00Z,12Z",D1,3h,-4.131,4.14,4.471,0.88,478
472F95C4,HACIENDA BIGOTE ,PIURA,MORROPON,gfs,temp,20260904,20261003,"00Z,12Z",D1,3h,-4.089,4.153,4.616,0.81,478
472F95C4,HACIENDA BIGOTE ,PIURA,MORROPON,eta5,temp,20260904,20261003,"00Z,12Z",D1,3h,1.346,2.334,3.033,0.88,378
472F95C4,HACIENDA BIGOTE ,PIURA,MORROPON,wrf5,temp,20260904,20261003,"00Z,12Z",D1,3h,-1.107,2.41,2.742,0.866,470
472F95C4,HACIENDA BIGOTE ,PIURA,MORROPON,mpas15,temp,20260904,20261003,00Z,D1,3h,-5.699,5.744,6.227,0.683,239
472FA05E,MALACASI,PIURA,MORROPON,ecmwf,temp,20260904,20261003,"00Z,12Z",D1,3h,-4.037,4.043,4.435,0.895,476
472FA05E,MALACASI,PIURA,MORROPON,gfs,temp,20260904,20261003,"00Z,12Z",D1,3h,-3.993,4.038,4.425,0.839,476
472FA05E,MALACASI,PIURA,MORROPON,eta5,temp,20260904,20261003,"00Z,12Z",D1,3h,0.145,1.794,2.224,0.913,376
472FA05E,MALACASI,PIURA,MORROPON,wrf5,temp,20260904,20261003,"00Z,12Z",D1,3h,-0.995,2.024,2.347,0.912,468
472FA05E,MALACASI,PIURA,MORROPON,mpas15,temp,20260904,20261003,00Z,D1,3h,-3.27,3.338,3.655,0.901,238
472F7636,MORROPON,PIURA,MORROPON,ecmwf,temp,20260904,20261003,"00Z,12Z",D1,3h,-0.512,1.425,1.717,0.931,476
472F7636,MORROPON,PIURA,MORROPON,gfs,temp,20260904,20261003,"00Z,12Z",D1,3h,-0.345,2.018,2.344,0.917,476
472F7636,MORROPON,PIURA,MORROPON,eta5,temp,20260904,20261003,"00Z,12Z",D1,3h,1.009,1.917,2.5,0.931,376
472F7636,MORROPON,PIURA,MORROPON,wrf5,temp,20260904,20261003,"00Z,12Z",D1,3h,-0.121,2.0,2.358,0.909,468
472F7636,MORROPON,PIURA,MORROPON,mpas15,temp,20260904,20261003,00Z,D1,3h,-2.954,3.074,3.378,0.923,238
47E067B6,SALITRAL,PIURA,MORROPON,ecmwf,temp,20260904,20261003,"00Z,12Z",D1,3h,S/D,S/D,S/D,S/D,0
47E067B6,SALITRAL,PIURA,MORROPON,gfs,temp,20260904,20261003,"00Z,12Z",D1,3h,S/D,S/D,S/D,S/D,0
47E067B6,SALITRAL,PIURA,MORROPON,eta5,temp,20260904,20261003,"00Z,12Z",D1,3h,S/D,S/D,S/D,S/D,0
47E067B6,SALITRAL,PIURA,MORROPON,wrf5,temp,20260904,20261003,"00Z,12Z",D1,3h,S/D,S/D,S/D,S/D,0
47E067B6,SALITRAL,PIURA,MORROPON,mpas15,temp,20260904,20261003,00Z,D1,3h,S/D,S/D,S/D,S/D,0
47E08444,SAN PEDRO,PIURA,MORROPON,ecmwf,temp,20260904,20261003,"00Z,12Z",D1,3h,S/D,S/D,S/D,S/D,0
47E08444,SAN PEDRO,PIURA,MORROPON,gfs,temp,20260904,20261003,"00Z,12Z",D1,3h,S/D,S/D,S/D,S/D,0
47E08444,SAN PEDRO,PIURA,MORROPON,eta5,temp,20260904,20261003,"00Z,12Z",D1,3h,S/D,S/D,S/D,S/D,0
47E08444,SAN PEDRO,PIURA,MORROPON,wrf5,temp,20260904,20261003,"00Z,12Z",D1,3h,S/D,S/D,S/D,S/D,0
47E08444,SAN PEDRO,PIURA,MORROPON,mpas15,temp,20260904,20261003,00Z,D1,3h,S/D,S/D,S/D,S/D,0
105145,SANTO DOMINGO,PIURA,MORROPON,ecmwf,temp,20260904,20261003,"00Z,12Z",D1,3h,-3.107,3.107,3.304,0.826,24
105145,SANTO DOMINGO,PIURA,MORROPON,gfs,temp,20260904,20261003,"00Z,12Z",D1,3h,-4.117,4.117,4.471,0.726,24
105145,SANTO DOMINGO,PIURA,MORROPON,eta5,temp,20260904,20261003,"00Z,12Z",D1,3h,-1.552,1.713,2.044,0.871,20
105145,SANTO DOMINGO,PIURA,MORROPON,wrf5,temp,20260904,20261003,"00Z,12Z",D1,3h,0.02,0.643,0.894,0.876,24
105145,SANTO DOMINGO,PIURA,MORROPON,mpas15,temp,20260904,20261003,00Z,D1,3h,0.269,1.167,1.542,0.695,12
47E0B1DE,PUENTE SIMON RODRIGUEZ,PIURA,PAITA,ecmwf,temp,20260904,20261003,"00Z,12Z",D1,3h,S/D,S/D,S/D,S/D,0
47E0B1DE,PUENTE SIMON RODRIGUEZ,PIURA,PAITA,gfs,temp,20260904,20261003,"00Z,12Z",D1,3h,S/D,S/D,S/D,S/D,0
47E0B1DE,PUENTE SIMON RODRIGUEZ,PIURA,PAITA,eta5,temp,20260904,20261003,"00Z,12Z",D1,3h,S/D,S/D,S/D,S/D,0
47E0B1DE,PUENTE SIMON RODRIGUEZ,PIURA,PAITA,wrf5,temp,20260904,20261003,"00Z,12Z",D1,3h,S/D,S/D,S/D,S/D,0
47E0B1DE,PUENTE SIMON RODRIGUEZ,PIURA,PAITA,mpas15,temp,20260904,20261003,00Z,D1,3h,S/D,S/D,S/D,S/D,0
47E0E1A2,BOCATOMA CHIPILLICO,PIURA,PIURA,ecmwf,temp,20260904,20261003,"00Z,12Z",D1,3h,S/D,S/D,S/D,S/D,0
47E0E1A2,BOCATOMA CHIPILLICO,PIURA,PIURA,gfs,temp,20260904,20261003,"00Z,12Z",D1,3h,S/D,S/D,S/D,S/D,0
47E0E1A2,BOCATOMA CHIPILLICO,PIURA,PIURA,eta5,temp,20260904,20261003,"00Z,12Z",D1,3h,S/D,S/D,S/D,S/D,0
47E0E1A2,BOCATOMA CHIPILLICO,PIURA,PIURA,wrf5,temp,20260904,20261003,"00Z,12Z",D1,3h,S/D,S/D,S/D,S/D,0
47E0E1A2,BOCATOMA CHIPILLICO,PIURA,PIURA,mpas15,temp,20260904,20261003,00Z,D1,3h,S/D,S/D,S/D,S/D,0
47E0F2D4,LAGARTERA,PIURA,PIURA,ecmwf,temp,20260904,20261003,"00Z,12Z",D1,3h,S/D,S/D,S/D,S/D,0
47E0F2D4,LAGARTERA,PIURA,PIURA,gfs,temp,20260904,20261003,"00Z,12Z",D1,3h,S/D,S/D,S/D,S/D,0
47E0F2D4,LAGARTERA,PIURA,PIURA,eta5,temp,20260904,20261003,"00Z,12Z",D1,3h,S/D,S/D,S/D,S/D,0
47E0F2D4,LAGARTERA,PIURA,PIURA,wrf5,temp,20260904,20261003,"00Z,12Z",D1,3h,S/D,S/D,S/D,S/D,0
47E0F2D4,LAGARTERA,PIURA,PIURA,mpas15,temp,20260904,20261003,00Z,D1,3h,S/D,S/D,S/D,S/D,0
105112,MIRAFLORES,PIURA,PIURA,ecmwf,temp,20260904,20261003,"00Z,12Z",D1,3h,S/D,S/D,S/D,S/D,0
105112,MIRAFLORES,PIURA,PIURA,gfs,temp,20260904,20261003,"00Z,12Z",D1,3h,S/D,S/D,S/D,S/D,0
105112,MIRAFLORES,PIURA,PIURA,eta5,temp,20260904,20261003,"00Z,12Z",D1,3h,S/D,S/D,S/D,S/D,0
105112,MIRAFLORES,PIURA,PIURA,wrf5,temp,20260904,20261003,"00Z,12Z",D1,3h,S/D,S/D,S/D,S/D,0
105112,MIRAFLORES,PIURA,PIURA,mpas15,temp,20260904,20261003,00Z,D1,3h,S/D,S/D,S/D,S/D,0
104113,PARTIDOR,PIURA,PIURA,ecmwf,temp,20260904,20261003,"00Z,12Z",D1,3h,1.26,1.408,1.969,0.95,266
104113,PARTIDOR,PIURA,PIURA,gfs,temp,20260904,20261003,"00Z,12Z",D1,3h,0.318,1.641,2.029,0.938,266
104113,PARTIDOR,PIURA,PIURA,eta5,temp,20260904,20261003,"00Z,12Z",D1,3h,1.526,1.849,2.491,0.944,225
104113,PARTIDOR,PIURA,PIURA,wrf5,temp,20260904,20261003,"00Z,12Z",D1,3h,-0.209,1.751,1.997,0.936,259
104113,PARTIDOR,PIURA,PIURA,mpas15,temp,20260904,20261003,00Z,D1,3h,-0.099,1.27,1.664,0.951,133
105143,SAN MIGUEL,PIURA,PIURA,ecmwf,temp,20260904,20261003,"00Z,12Z",D1,3h,-0.291,0.884,1.2,0.949,480
105143,SAN MIGUEL,PIURA,PIURA,gfs,temp,20260904,20261003,"00Z,12Z",D1,3h,-0.928,1.174,1.601,0.951,480
105143,SAN MIGUEL,PIURA,PIURA,eta5,temp,20260904,20261003,"00Z,12Z",D1,3h,0.21,1.193,1.491,0.935,379
105143,SAN MIGUEL,PIURA,PIURA,wrf5,temp,20260904,20261003,"00Z,12Z",D1,3h,-0.637,1.204,1.439,0.947,472
105143,SAN MIGUEL,PIURA,PIURA,mpas15,temp,20260904,20261003,00Z,D1,3h,-1.035,1.434,1.659,0.944,240
47E0522C,TAMBO GRANDE,PIURA,PIURA,ecmwf,temp,20260904,20261003,"00Z,12Z",D1,3h,S/D,S/D,S/D,S/D,0
47E0522C,TAMBO GRANDE,PIURA,PIURA,gfs,temp,20260904,20261003,"00Z,12Z",D1,3h,S/D,S/D,S/D,S/D,0
47E0522C,TAMBO GRANDE,PIURA,PIURA,eta5,temp,20260904,20261003,"00Z,12Z",D1,3h,S/D,S/D,S/D,S/D,0
47E0522C,TAMBO GRANDE,PIURA,PIURA,wrf5,temp,20260904,20261003,"00Z,12Z",D1,3h,S/D,S/D,S/D,S/D,0
47E0522C,TAMBO GRANDE,PIURA,PIURA,mpas15,temp,20260904,20261003,00Z,D1,3h,S/D,S/D,S/D,S/D,0
105144,BERNAL,PIURA,SECHURA,ecmwf,temp,20260904,20261003,"00Z,12Z",D1,3h,0.22,0.938,1.287,0.944,258
105144,BERNAL,PIURA,SECHURA,gfs,temp,20260904,20261003,"00Z,12Z",D1,3h,-0.28,1.384,1.589,0.937,258
105144,BERNAL,PIURA,SECHURA,eta5,temp,20260904,20261003,"00Z,12Z",D1,3h,0.255,1.407,1.781,0.922,217
105144,BERNAL,PIURA,SECHURA,wrf5,temp,20260904,20261003,"00Z,12Z",D1,3h,-0.282,1.254,1.487,0.93,251
105144,BERNAL,PIURA,SECHURA,mpas15,temp,20260904,20261003,00Z,D1,3h,-0.193,1.468,1.71,0.944,129
105120,CHUSIS,PIURA,SECHURA,ecmwf,temp,20260904,20261003,"00Z,12Z",D1,3h,0.243,0.905,1.273,0.952,242
105120,CHUSIS,PIURA,SECHURA,gfs,temp,20260904,20261003,"00Z,12Z",D1,3h,-0.146,1.207,1.464,0.955,242
105120,CHUSIS,PIURA,SECHURA,eta5,temp,20260904,20261003,"00Z,12Z",D1,3h,0.107,1.047,1.323,0.923,189
105120,CHUSIS,PIURA,SECHURA,wrf5,temp,20260904,20261003,"00Z,12Z",D1,3h,-0.562,0.985,1.197,0.948,236
105120,CHUSIS,PIURA,SECHURA,mpas15,temp,20260904,20261003,00Z,D1,3h,-0.458,0.928,1.167,0.947,121
47E0D438,ALAMOR,PIURA,SULLANA,ecmwf,temp,20260904,20261003,"00Z,12Z",D1,3h,S/D,S/D,S/D,S/D,0
47E0D438,ALAMOR,PIURA,SULLANA,gfs,temp,20260904,20261003,"00Z,12Z",D1,3h,S/D,S/D,S/D,S/D,0
47E0D438,ALAMOR,PIURA,SULLANA,eta5,temp,20260904,20261003,"00Z,12Z",D1,3h,S/D,S/D,S/D,S/D,0
47E0D438,ALAMOR,PIURA,SULLANA,wrf5,temp,20260904,20261003,"00Z,12Z",D1,3h,S/D,S/D,S/D,S/D,0
47E0D438,ALAMOR,PIURA,SULLANA,mpas15,temp,20260904,20261003,00Z,D1,3h,S/D,S/D,S/D,S/D,0
47E09732,LA ARDILLA,PIURA,SULLANA,ecmwf,temp,20260904,20261003,"00Z,12Z",D1,3h,S/D,S/D,S/D,S/D,0
47E09732,LA ARDILLA,PIURA,SULLANA,gfs,temp,20260904,20261003,"00Z,12Z",D1,3h,S/D,S/D,S/D,S/D,0
47E09732,LA ARDILLA,PIURA,SULLANA,eta5,temp,20260904,20261003,"00Z,12Z",D1,3h,S/D,S/D,S/D,S/D,0
47E09732,LA ARDILLA,PIURA,SULLANA,wrf5,temp,20260904,20261003,"00Z,12Z",D1,3h,S/D,S/D,S/D,S/D,0
47E09732,LA ARDILLA,PIURA,SULLANA,mpas15,temp,20260904,20261003,00Z,D1,3h,S/D,S/D,S/D,S/D,0
472FD6CE,LANCONES,PIURA,SULLANA,ecmwf,temp,20260904,20261003,"00Z,12Z",D1,3h,0.699,1.257,1.778,0.917,478
472FD6CE,LANCONES,PIURA,SULLANA,gfs,temp,20260904,20261003,"00Z,12Z",D1,3h,0.327,1.731,2.147,0.904,478
472FD6CE,LANCONES,PIURA,SULLANA,eta5,temp,20260904,20261003,"00Z,12Z",D1,3h,0.601,1.306,1.716,0.901,378
472FD6CE,LANCONES,PIURA,SULLANA,wrf5,temp,20260904,20261003,"00Z,12Z",D1,3h,0.112,1.824,2.239,0.893,470
472FD6CE,LANCONES,PIURA,SULLANA,mpas15,temp,20260904,20261003,00Z,D1,3h,-0.122,1.513,1.864,0.93,239
270202,PUENTE AZANGARO,PUNO,AZANGARO,ecmwf,temp,20260904,20261003,"00Z,12Z",D1,3h,-1.05,1.867,2.249,0.94,478
270202,PUENTE AZANGARO,PUNO,AZANGARO,gfs,temp,20260904,20261003,"00Z,12Z",D1,3h,-0.319,1.876,2.476,0.89,478
270202,PUENTE AZANGARO,PUNO,AZANGARO,eta5,temp,20260904,20261003,"00Z,12Z",D1,3h,0.892,2.117,2.689,0.879,377
270202,PUENTE AZANGARO,PUNO,AZANGARO,wrf5,temp,20260904,20261003,"00Z,12Z",D1,3h,0.737,1.992,2.473,0.908,470
270202,PUENTE AZANGARO,PUNO,AZANGARO,mpas15,temp,20260904,20261003,00Z,D1,3h,-2.268,2.688,2.976,0.938,239
4721AAE4,AYMAÑA,PUNO,CARABAYA,ecmwf,temp,20260904,20261003,"00Z,12Z",D1,3h,-5.232,5.328,5.831,0.814,480
4721AAE4,AYMAÑA,PUNO,CARABAYA,gfs,temp,20260904,20261003,"00Z,12Z",D1,3h,-3.571,4.024,4.741,0.737,480
4721AAE4,AYMAÑA,PUNO,CARABAYA,eta5,temp,20260904,20261003,"00Z,12Z",D1,3h,4.45,4.454,4.917,0.863,379
4721AAE4,AYMAÑA,PUNO,CARABAYA,wrf5,temp,20260904,20261003,"00Z,12Z",D1,3h,-1.027,2.298,2.74,0.797,472
4721AAE4,AYMAÑA,PUNO,CARABAYA,mpas15,temp,20260904,20261003,00Z,D1,3h,-4.709,4.821,5.562,0.809,240
4721B992,UPINA,PUNO,CARABAYA,ecmwf,temp,20260904,20261003,"00Z,12Z",D1,3h,-3.916,3.969,4.332,0.858,480
4721B992,UPINA,PUNO,CARABAYA,gfs,temp,20260904,20261003,"00Z,12Z",D1,3h,-3.448,3.592,4.19,0.748,480
4721B992,UPINA,PUNO,CARABAYA,eta5,temp,20260904,20261003,"00Z,12Z",D1,3h,3.596,3.623,4.057,0.826,379
4721B992,UPINA,PUNO,CARABAYA,wrf5,temp,20260904,20261003,"00Z,12Z",D1,3h,-1.497,2.045,2.446,0.806,472
4721B992,UPINA,PUNO,CARABAYA,mpas15,temp,20260904,20261003,00Z,D1,3h,-1.407,2.28,2.95,0.77,240
210003,HUANCASAYA,PUNO,HUANCANE,ecmwf,temp,20260904,20261003,"00Z,12Z",D1,3h,-0.038,2.109,2.813,0.815,478
210003,HUANCASAYA,PUNO,HUANCANE,gfs,temp,20260904,20261003,"00Z,12Z",D1,3h,1.199,2.179,3.153,0.793,478
210003,HUANCASAYA,PUNO,HUANCANE,eta5,temp,20260904,20261003,"00Z,12Z",D1,3h,0.262,2.078,2.829,0.817,378
210003,HUANCASAYA,PUNO,HUANCANE,wrf5,temp,20260904,20261003,"00Z,12Z",D1,3h,0.907,2.08,2.91,0.814,470
210003,HUANCASAYA,PUNO,HUANCANE,mpas15,temp,20260904,20261003,00Z,D1,3h,-0.56,2.432,3.02,0.821,239
47251282,PUENTE CARRETERA RAMIS,PUNO,HUANCANE,ecmwf,temp,20260904,20261003,"00Z,12Z",D1,3h,-0.45,1.513,1.911,0.937,474
47251282,PUENTE CARRETERA RAMIS,PUNO,HUANCANE,gfs,temp,20260904,20261003,"00Z,12Z",D1,3h,0.123,2.518,3.096,0.831,474
47251282,PUENTE CARRETERA RAMIS,PUNO,HUANCANE,eta5,temp,20260904,20261003,"00Z,12Z",D1,3h,3.239,3.359,4.031,0.881,375
47251282,PUENTE CARRETERA RAMIS,PUNO,HUANCANE,wrf5,temp,20260904,20261003,"00Z,12Z",D1,3h,1.219,2.16,2.668,0.884,466
47251282,PUENTE CARRETERA RAMIS,PUNO,HUANCANE,mpas15,temp,20260904,20261003,00Z,D1,3h,-1.397,2.027,2.374,0.934,237
472E37C6,PALCA,PUNO,LAMPA,ecmwf,temp,20260904,20261003,"00Z,12Z",D1,3h,-0.891,2.652,3.292,0.899,480
472E37C6,PALCA,PUNO,LAMPA,gfs,temp,20260904,20261003,"00Z,12Z",D1,3h,0.18,3.509,4.198,0.854,480
472E37C6,PALCA,PUNO,LAMPA,eta5,temp,20260904,20261003,"00Z,12Z",D1,3h,0.599,2.791,3.56,0.883,379
472E37C6,PALCA,PUNO,LAMPA,wrf5,temp,20260904,20261003,"00Z,12Z",D1,3h,1.007,3.136,4.134,0.846,472
472E37C6,PALCA,PUNO,LAMPA,mpas15,temp,20260904,20261003,00Z,D1,3h,-3.127,4.491,5.056,0.873,240
472DE6A0,PAMPAHUTA,PUNO,LAMPA,ecmwf,temp,20260904,20261003,"00Z,12Z",D1,3h,-1.339,3.731,4.713,0.79,478
472DE6A0,PAMPAHUTA,PUNO,LAMPA,gfs,temp,20260904,20261003,"00Z,12Z",D1,3h,0.132,3.441,4.416,0.81,478
472DE6A0,PAMPAHUTA,PUNO,LAMPA,eta5,temp,20260904,20261003,"00Z,12Z",D1,3h,3.837,4.297,5.474,0.841,378
472DE6A0,PAMPAHUTA,PUNO,LAMPA,wrf5,temp,20260904,20261003,"00Z,12Z",D1,3h,2.092,3.611,4.805,0.816,470
472DE6A0,PAMPAHUTA,PUNO,LAMPA,mpas15,temp,20260904,20261003,00Z,D1,3h,-0.823,3.232,4.025,0.86,239
114134,ANANSAYA -PUNA,PUNO,MELGAR,ecmwf,temp,20260904,20261003,"00Z,12Z",D1,3h,S/D,S/D,S/D,S/D,0
114134,ANANSAYA -PUNA,PUNO,MELGAR,gfs,temp,20260904,20261003,"00Z,12Z",D1,3h,S/D,S/D,S/D,S/D,0
114134,ANANSAYA -PUNA,PUNO,MELGAR,eta5,temp,20260904,20261003,"00Z,12Z",D1,3h,S/D,S/D,S/D,S/D,0
114134,ANANSAYA -PUNA,PUNO,MELGAR,wrf5,temp,20260904,20261003,"00Z,12Z",D1,3h,S/D,S/D,S/D,S/D,0
114134,ANANSAYA -PUNA,PUNO,MELGAR,mpas15,temp,20260904,20261003,00Z,D1,3h,S/D,S/D,S/D,S/D,0
47256412,ENAFER,PUNO,PUNO,ecmwf,temp,20260904,20261003,"00Z,12Z",D1,3h,S/D,S/D,S/D,S/D,0
47256412,ENAFER,PUNO,PUNO,gfs,temp,20260904,20261003,"00Z,12Z",D1,3h,S/D,S/D,S/D,S/D,0
47256412,ENAFER,PUNO,PUNO,eta5,temp,20260904,20261003,"00Z,12Z",D1,3h,S/D,S/D,S/D,S/D,0
47256412,ENAFER,PUNO,PUNO,wrf5,temp,20260904,20261003,"00Z,12Z",D1,3h,S/D,S/D,S/D,S/D,0
47256412,ENAFER,PUNO,PUNO,mpas15,temp,20260904,20261003,00Z,D1,3h,S/D,S/D,S/D,S/D,0
472E4156,ILLPA,PUNO,PUNO,ecmwf,temp,20260904,20261003,"00Z,12Z",D1,3h,1.365,2.035,2.631,0.946,478
472E4156,ILLPA,PUNO,PUNO,gfs,temp,20260904,20261003,"00Z,12Z",D1,3h,0.825,4.068,4.844,0.809,478
472E4156,ILLPA,PUNO,PUNO,eta5,temp,20260904,20261003,"00Z,12Z",D1,3h,1.53,2.379,3.1,0.913,377
472E4156,ILLPA,PUNO,PUNO,wrf5,temp,20260904,20261003,"00Z,12Z",D1,3h,2.063,2.758,3.562,0.897,470
472E4156,ILLPA,PUNO,PUNO,mpas15,temp,20260904,20261003,00Z,D1,3h,-0.735,3.811,4.671,0.846,239
472CB426,LARAQUERI,PUNO,PUNO,ecmwf,temp,20260904,20261003,"00Z,12Z",D1,3h,-0.546,2.131,2.712,0.9,480
472CB426,LARAQUERI,PUNO,PUNO,gfs,temp,20260904,20261003,"00Z,12Z",D1,3h,0.071,2.656,3.349,0.878,480
472CB426,LARAQUERI,PUNO,PUNO,eta5,temp,20260904,20261003,"00Z,12Z",D1,3h,1.733,2.375,3.325,0.898,379
472CB426,LARAQUERI,PUNO,PUNO,wrf5,temp,20260904,20261003,"00Z,12Z",D1,3h,1.86,2.624,3.644,0.871,472
472CB426,LARAQUERI,PUNO,PUNO,mpas15,temp,20260904,20261003,00Z,D1,3h,-1.567,3.123,3.583,0.882,240
472DD33A,PUNO,PUNO,PUNO,ecmwf,temp,20260904,20261003,"00Z,12Z",D1,3h,-0.649,2.395,2.755,0.875,480
472DD33A,PUNO,PUNO,PUNO,gfs,temp,20260904,20261003,"00Z,12Z",D1,3h,-1.177,2.248,2.841,0.82,480
472DD33A,PUNO,PUNO,PUNO,eta5,temp,20260904,20261003,"00Z,12Z",D1,3h,-0.742,2.378,2.865,0.796,379
472DD33A,PUNO,PUNO,PUNO,wrf5,temp,20260904,20261003,"00Z,12Z",D1,3h,0.905,1.99,2.541,0.849,472
472DD33A,PUNO,PUNO,PUNO,mpas15,temp,20260904,20261003,00Z,D1,3h,-4.118,4.512,5.866,0.256,240
472CF72C,JULIACA,PUNO,SAN ROMAN,ecmwf,temp,20260904,20261003,"00Z,12Z",D1,3h,0.231,1.77,2.367,0.936,480
472CF72C,JULIACA,PUNO,SAN ROMAN,gfs,temp,20260904,20261003,"00Z,12Z",D1,3h,0.681,2.498,3.44,0.881,480
472CF72C,JULIACA,PUNO,SAN ROMAN,eta5,temp,20260904,20261003,"00Z,12Z",D1,3h,1.237,2.507,3.291,0.885,379
472CF72C,JULIACA,PUNO,SAN ROMAN,wrf5,temp,20260904,20261003,"00Z,12Z",D1,3h,1.196,2.446,3.377,0.886,472
472CF72C,JULIACA,PUNO,SAN ROMAN,mpas15,temp,20260904,20261003,00Z,D1,3h,-0.861,2.347,2.831,0.929,240
107142,BELLAVISTA,SAN MARTIN,BELLAVISTA,ecmwf,temp,20260904,20261003,"00Z,12Z",D1,3h,-1.31,1.745,2.333,0.879,480
107142,BELLAVISTA,SAN MARTIN,BELLAVISTA,gfs,temp,20260904,20261003,"00Z,12Z",D1,3h,-2.376,3.151,3.775,0.853,480
107142,BELLAVISTA,SAN MARTIN,BELLAVISTA,eta5,temp,20260904,20261003,"00Z,12Z",D1,3h,0.381,2.007,2.555,0.833,379
107142,BELLAVISTA,SAN MARTIN,BELLAVISTA,wrf5,temp,20260904,20261003,"00Z,12Z",D1,3h,-0.887,1.789,2.231,0.872,472
107142,BELLAVISTA,SAN MARTIN,BELLAVISTA,mpas15,temp,20260904,20261003,00Z,D1,3h,-2.734,2.803,3.32,0.918,240
210006,SHANAO,SAN MARTIN,LAMAS,ecmwf,temp,20260904,20261003,"00Z,12Z",D1,3h,S/D,S/D,S/D,S/D,0
210006,SHANAO,SAN MARTIN,LAMAS,gfs,temp,20260904,20261003,"00Z,12Z",D1,3h,S/D,S/D,S/D,S/D,0
210006,SHANAO,SAN MARTIN,LAMAS,eta5,temp,20260904,20261003,"00Z,12Z",D1,3h,S/D,S/D,S/D,S/D,0
210006,SHANAO,SAN MARTIN,LAMAS,wrf5,temp,20260904,20261003,"00Z,12Z",D1,3h,S/D,S/D,S/D,S/D,0
210006,SHANAO,SAN MARTIN,LAMAS,mpas15,temp,20260904,20261003,00Z,D1,3h,S/D,S/D,S/D,S/D,0
106144,JEPELACIO,SAN MARTIN,MOYOBAMBA,ecmwf,temp,20260904,20261003,"00Z,12Z",D1,3h,-0.033,1.582,2.029,0.869,480
106144,JEPELACIO,SAN MARTIN,MOYOBAMBA,gfs,temp,20260904,20261003,"00Z,12Z",D1,3h,-0.777,2.14,2.565,0.86,480
106144,JEPELACIO,SAN MARTIN,MOYOBAMBA,eta5,temp,20260904,20261003,"00Z,12Z",D1,3h,2.781,2.963,3.615,0.81,379
106144,JEPELACIO,SAN MARTIN,MOYOBAMBA,wrf5,temp,20260904,20261003,"00Z,12Z",D1,3h,-0.562,1.833,2.295,0.791,472
106144,JEPELACIO,SAN MARTIN,MOYOBAMBA,mpas15,temp,20260904,20261003,00Z,D1,3h,-2.17,2.616,3.265,0.779,240
106145,TINGO DE PONAZA,SAN MARTIN,PICOTA,ecmwf,temp,20260904,20261003,"00Z,12Z",D1,3h,-1.256,1.959,2.506,0.862,412
106145,TINGO DE PONAZA,SAN MARTIN,PICOTA,gfs,temp,20260904,20261003,"00Z,12Z",D1,3h,-2.674,3.037,3.674,0.872,412
106145,TINGO DE PONAZA,SAN MARTIN,PICOTA,eta5,temp,20260904,20261003,"00Z,12Z",D1,3h,0.17,2.292,2.891,0.798,329
106145,TINGO DE PONAZA,SAN MARTIN,PICOTA,wrf5,temp,20260904,20261003,"00Z,12Z",D1,3h,-0.763,1.803,2.245,0.888,404
106145,TINGO DE PONAZA,SAN MARTIN,PICOTA,mpas15,temp,20260904,20261003,00Z,D1,3h,-3.554,3.611,4.282,0.901,206
4724851A,NARANJILLO,SAN MARTIN,RIOJA,ecmwf,temp,20260904,20261003,"00Z,12Z",D1,3h,-2.314,2.581,3.026,0.879,470
4724851A,NARANJILLO,SAN MARTIN,RIOJA,gfs,temp,20260904,20261003,"00Z,12Z",D1,3h,-4.269,4.331,4.853,0.8,470
4724851A,NARANJILLO,SAN MARTIN,RIOJA,eta5,temp,20260904,20261003,"00Z,12Z",D1,3h,-0.269,1.767,2.191,0.805,371
4724851A,NARANJILLO,SAN MARTIN,RIOJA,wrf5,temp,20260904,20261003,"00Z,12Z",D1,3h,-0.536,1.525,1.987,0.869,462
4724851A,NARANJILLO,SAN MARTIN,RIOJA,mpas15,temp,20260904,20261003,00Z,D1,3h,-5.605,5.611,6.136,0.75,235
4723013A,EL PORVENIR,SAN MARTIN,SAN MARTIN,ecmwf,temp,20260904,20261003,"00Z,12Z",D1,3h,-3.882,3.972,4.768,0.831,410
4723013A,EL PORVENIR,SAN MARTIN,SAN MARTIN,gfs,temp,20260904,20261003,"00Z,12Z",D1,3h,-3.374,3.45,4.063,0.888,410
4723013A,EL PORVENIR,SAN MARTIN,SAN MARTIN,eta5,temp,20260904,20261003,"00Z,12Z",D1,3h,0.427,2.129,2.676,0.831,340
4723013A,EL PORVENIR,SAN MARTIN,SAN MARTIN,wrf5,temp,20260904,20261003,"00Z,12Z",D1,3h,-0.229,1.628,2.061,0.892,402
4723013A,EL PORVENIR,SAN MARTIN,SAN MARTIN,mpas15,temp,20260904,20261003,00Z,D1,3h,-3.448,3.469,4.088,0.923,205
47E2E456,TOCACHE,SAN MARTIN,TOCACHE,ecmwf,temp,20260904,20261003,"00Z,12Z",D1,3h,-0.964,1.598,1.938,0.874,472
47E2E456,TOCACHE,SAN MARTIN,TOCACHE,gfs,temp,20260904,20261003,"00Z,12Z",D1,3h,-1.527,3.091,3.427,0.836,472
47E2E456,TOCACHE,SAN MARTIN,TOCACHE,eta5,temp,20260904,20261003,"00Z,12Z",D1,3h,1.552,2.045,2.656,0.819,374
47E2E456,TOCACHE,SAN MARTIN,TOCACHE,wrf5,temp,20260904,20261003,"00Z,12Z",D1,3h,0.28,1.668,2.109,0.854,464
47E2E456,TOCACHE,SAN MARTIN,TOCACHE,mpas15,temp,20260904,20261003,00Z,D1,3h,-2.826,3.091,3.498,0.819,236
47E2C2BA,CANDARAVE,TACNA,CANDARAVE,ecmwf,temp,20260904,20261003,"00Z,12Z",D1,3h,-1.701,1.88,2.185,0.948,476
47E2C2BA,CANDARAVE,TACNA,CANDARAVE,gfs,temp,20260904,20261003,"00Z,12Z",D1,3h,-1.424,1.843,2.337,0.91,476
47E2C2BA,CANDARAVE,TACNA,CANDARAVE,eta5,temp,20260904,20261003,"00Z,12Z",D1,3h,-0.627,1.165,1.449,0.948,376
47E2C2BA,CANDARAVE,TACNA,CANDARAVE,wrf5,temp,20260904,20261003,"00Z,12Z",D1,3h,2.015,2.117,2.539,0.919,468
47E2C2BA,CANDARAVE,TACNA,CANDARAVE,mpas15,temp,20260904,20261003,00Z,D1,3h,-1.696,1.968,2.412,0.935,238
47E1654C,CORACHAY II,TACNA,CANDARAVE,ecmwf,temp,20260904,20261003,"00Z,12Z",D1,3h,S/D,S/D,S/D,S/D,0
47E1654C,CORACHAY II,TACNA,CANDARAVE,gfs,temp,20260904,20261003,"00Z,12Z",D1,3h,S/D,S/D,S/D,S/D,0
47E1654C,CORACHAY II,TACNA,CANDARAVE,eta5,temp,20260904,20261003,"00Z,12Z",D1,3h,S/D,S/D,S/D,S/D,0
47E1654C,CORACHAY II,TACNA,CANDARAVE,wrf5,temp,20260904,20261003,"00Z,12Z",D1,3h,S/D,S/D,S/D,S/D,0
47E1654C,CORACHAY II,TACNA,CANDARAVE,mpas15,temp,20260904,20261003,00Z,D1,3h,S/D,S/D,S/D,S/D,0
47E12646,LAGUNA ARICOTA,TACNA,CANDARAVE,ecmwf,temp,20260904,20261003,"00Z,12Z",D1,3h,S/D,S/D,S/D,S/D,0
47E12646,LAGUNA ARICOTA,TACNA,CANDARAVE,gfs,temp,20260904,20261003,"00Z,12Z",D1,3h,S/D,S/D,S/D,S/D,0
47E12646,LAGUNA ARICOTA,TACNA,CANDARAVE,eta5,temp,20260904,20261003,"00Z,12Z",D1,3h,S/D,S/D,S/D,S/D,0
47E12646,LAGUNA ARICOTA,TACNA,CANDARAVE,wrf5,temp,20260904,20261003,"00Z,12Z",D1,3h,S/D,S/D,S/D,S/D,0
47E12646,LAGUNA ARICOTA,TACNA,CANDARAVE,mpas15,temp,20260904,20261003,00Z,D1,3h,S/D,S/D,S/D,S/D,0
47E186BE,PUENTE VIEJO,TACNA,JORGE BASADRE,ecmwf,temp,20260904,20261003,"00Z,12Z",D1,3h,S/D,S/D,S/D,S/D,0
47E186BE,PUENTE VIEJO,TACNA,JORGE BASADRE,gfs,temp,20260904,20261003,"00Z,12Z",D1,3h,S/D,S/D,S/D,S/D,0
47E186BE,PUENTE VIEJO,TACNA,JORGE BASADRE,eta5,temp,20260904,20261003,"00Z,12Z",D1,3h,S/D,S/D,S/D,S/D,0
47E186BE,PUENTE VIEJO,TACNA,JORGE BASADRE,wrf5,temp,20260904,20261003,"00Z,12Z",D1,3h,S/D,S/D,S/D,S/D,0
47E186BE,PUENTE VIEJO,TACNA,JORGE BASADRE,mpas15,temp,20260904,20261003,00Z,D1,3h,S/D,S/D,S/D,S/D,0
47E2B42A,BOCATOMA EL AYRO,TACNA,TACNA,ecmwf,temp,20260904,20261003,"00Z,12Z",D1,3h,-3.81,4.88,5.45,0.769,476
47E2B42A,BOCATOMA EL AYRO,TACNA,TACNA,gfs,temp,20260904,20261003,"00Z,12Z",D1,3h,-2.217,4.106,4.651,0.762,476
47E2B42A,BOCATOMA EL AYRO,TACNA,TACNA,eta5,temp,20260904,20261003,"00Z,12Z",D1,3h,1.326,2.448,3.339,0.836,376
47E2B42A,BOCATOMA EL AYRO,TACNA,TACNA,wrf5,temp,20260904,20261003,"00Z,12Z",D1,3h,1.234,2.534,3.41,0.865,468
47E2B42A,BOCATOMA EL AYRO,TACNA,TACNA,mpas15,temp,20260904,20261003,00Z,D1,3h,-3.3,4.102,4.571,0.853,238
47E143A0,CAPLINA,TACNA,TACNA,ecmwf,temp,20260904,20261003,"00Z,12Z",D1,3h,S/D,S/D,S/D,S/D,0
47E143A0,CAPLINA,TACNA,TACNA,gfs,temp,20260904,20261003,"00Z,12Z",D1,3h,S/D,S/D,S/D,S/D,0
47E143A0,CAPLINA,TACNA,TACNA,eta5,temp,20260904,20261003,"00Z,12Z",D1,3h,S/D,S/D,S/D,S/D,0
47E143A0,CAPLINA,TACNA,TACNA,wrf5,temp,20260904,20261003,"00Z,12Z",D1,3h,S/D,S/D,S/D,S/D,0
47E143A0,CAPLINA,TACNA,TACNA,mpas15,temp,20260904,20261003,00Z,D1,3h,S/D,S/D,S/D,S/D,0
47E13530,CERRO BLANCO,TACNA,TACNA,ecmwf,temp,20260904,20261003,"00Z,12Z",D1,3h,S/D,S/D,S/D,S/D,0
47E13530,CERRO BLANCO,TACNA,TACNA,gfs,temp,20260904,20261003,"00Z,12Z",D1,3h,S/D,S/D,S/D,S/D,0
47E13530,CERRO BLANCO,TACNA,TACNA,eta5,temp,20260904,20261003,"00Z,12Z",D1,3h,S/D,S/D,S/D,S/D,0
47E13530,CERRO BLANCO,TACNA,TACNA,wrf5,temp,20260904,20261003,"00Z,12Z",D1,3h,S/D,S/D,S/D,S/D,0
47E13530,CERRO BLANCO,TACNA,TACNA,mpas15,temp,20260904,20261003,00Z,D1,3h,S/D,S/D,S/D,S/D,0
47E195C8,CHALLATA,TACNA,TACNA,ecmwf,temp,20260904,20261003,"00Z,12Z",D1,3h,S/D,S/D,S/D,S/D,0
47E195C8,CHALLATA,TACNA,TACNA,gfs,temp,20260904,20261003,"00Z,12Z",D1,3h,S/D,S/D,S/D,S/D,0
47E195C8,CHALLATA,TACNA,TACNA,eta5,temp,20260904,20261003,"00Z,12Z",D1,3h,S/D,S/D,S/D,S/D,0
47E195C8,CHALLATA,TACNA,TACNA,wrf5,temp,20260904,20261003,"00Z,12Z",D1,3h,S/D,S/D,S/D,S/D,0
47E195C8,CHALLATA,TACNA,TACNA,mpas15,temp,20260904,20261003,00Z,D1,3h,S/D,S/D,S/D,S/D,0
4722F344,LA TRANCA,TACNA,TACNA,ecmwf,temp,20260904,20261003,"00Z,12Z",D1,3h,S/D,S/D,S/D,S/D,0
4722F344,LA TRANCA,TACNA,TACNA,gfs,temp,20260904,20261003,"00Z,12Z",D1,3h,S/D,S/D,S/D,S/D,0
4722F344,LA TRANCA,TACNA,TACNA,eta5,temp,20260904,20261003,"00Z,12Z",D1,3h,S/D,S/D,S/D,S/D,0
4722F344,LA TRANCA,TACNA,TACNA,wrf5,temp,20260904,20261003,"00Z,12Z",D1,3h,S/D,S/D,S/D,S/D,0
4722F344,LA TRANCA,TACNA,TACNA,mpas15,temp,20260904,20261003,00Z,D1,3h,S/D,S/D,S/D,S/D,0
47E113DC,REPRESA PAUCARANI,TACNA,TACNA,ecmwf,temp,20260904,20261003,"00Z,12Z",D1,3h,S/D,S/D,S/D,S/D,0
47E113DC,REPRESA PAUCARANI,TACNA,TACNA,gfs,temp,20260904,20261003,"00Z,12Z",D1,3h,S/D,S/D,S/D,S/D,0
47E113DC,REPRESA PAUCARANI,TACNA,TACNA,eta5,temp,20260904,20261003,"00Z,12Z",D1,3h,S/D,S/D,S/D,S/D,0
47E113DC,REPRESA PAUCARANI,TACNA,TACNA,wrf5,temp,20260904,20261003,"00Z,12Z",D1,3h,S/D,S/D,S/D,S/D,0
47E113DC,REPRESA PAUCARANI,TACNA,TACNA,mpas15,temp,20260904,20261003,00Z,D1,3h,S/D,S/D,S/D,S/D,0
117059,ANCOAQUE,TACNA,TARATA,ecmwf,temp,20260904,20261003,"00Z,12Z",D1,3h,S/D,S/D,S/D,S/D,0
117059,ANCOAQUE,TACNA,TARATA,gfs,temp,20260904,20261003,"00Z,12Z",D1,3h,S/D,S/D,S/D,S/D,0
117059,ANCOAQUE,TACNA,TARATA,eta5,temp,20260904,20261003,"00Z,12Z",D1,3h,S/D,S/D,S/D,S/D,0
117059,ANCOAQUE,TACNA,TARATA,wrf5,temp,20260904,20261003,"00Z,12Z",D1,3h,S/D,S/D,S/D,S/D,0
117059,ANCOAQUE,TACNA,TARATA,mpas15,temp,20260904,20261003,00Z,D1,3h,S/D,S/D,S/D,S/D,0
47E292C6,CHUAPALCA,TACNA,TARATA,ecmwf,temp,20260904,20261003,"00Z,12Z",D1,3h,-0.067,3.308,4.084,0.876,472
47E292C6,CHUAPALCA,TACNA,TARATA,gfs,temp,20260904,20261003,"00Z,12Z",D1,3h,0.035,4.327,5.264,0.78,472
47E292C6,CHUAPALCA,TACNA,TARATA,eta5,temp,20260904,20261003,"00Z,12Z",D1,3h,1.989,3.165,4.817,0.835,372
47E292C6,CHUAPALCA,TACNA,TARATA,wrf5,temp,20260904,20261003,"00Z,12Z",D1,3h,2.412,3.454,5.296,0.845,464
47E292C6,CHUAPALCA,TACNA,TARATA,mpas15,temp,20260904,20261003,00Z,D1,3h,-2.15,4.518,4.934,0.857,236
47E150D6,PUENTE TALAPALCA,TACNA,TARATA,ecmwf,temp,20260904,20261003,"00Z,12Z",D1,3h,S/D,S/D,S/D,S/D,0
47E150D6,PUENTE TALAPALCA,TACNA,TARATA,gfs,temp,20260904,20261003,"00Z,12Z",D1,3h,S/D,S/D,S/D,S/D,0
47E150D6,PUENTE TALAPALCA,TACNA,TARATA,eta5,temp,20260904,20261003,"00Z,12Z",D1,3h,S/D,S/D,S/D,S/D,0
47E150D6,PUENTE TALAPALCA,TACNA,TARATA,wrf5,temp,20260904,20261003,"00Z,12Z",D1,3h,S/D,S/D,S/D,S/D,0
47E150D6,PUENTE TALAPALCA,TACNA,TARATA,mpas15,temp,20260904,20261003,00Z,D1,3h,S/D,S/D,S/D,S/D,0
47E1B324,REPRESA JARUMAS,TACNA,TARATA,ecmwf,temp,20260904,20261003,"00Z,12Z",D1,3h,S/D,S/D,S/D,S/D,0
47E1B324,REPRESA JARUMAS,TACNA,TARATA,gfs,temp,20260904,20261003,"00Z,12Z",D1,3h,S/D,S/D,S/D,S/D,0
47E1B324,REPRESA JARUMAS,TACNA,TARATA,eta5,temp,20260904,20261003,"00Z,12Z",D1,3h,S/D,S/D,S/D,S/D,0
47E1B324,REPRESA JARUMAS,TACNA,TARATA,wrf5,temp,20260904,20261003,"00Z,12Z",D1,3h,S/D,S/D,S/D,S/D,0
47E1B324,REPRESA JARUMAS,TACNA,TARATA,mpas15,temp,20260904,20261003,00Z,D1,3h,S/D,S/D,S/D,S/D,0
47E1763A,SALIDA TUNEL KOVIRE,TACNA,TARATA,ecmwf,temp,20260904,20261003,"00Z,12Z",D1,3h,S/D,S/D,S/D,S/D,0
47E1763A,SALIDA TUNEL KOVIRE,TACNA,TARATA,gfs,temp,20260904,20261003,"00Z,12Z",D1,3h,S/D,S/D,S/D,S/D,0
47E1763A,SALIDA TUNEL KOVIRE,TACNA,TARATA,eta5,temp,20260904,20261003,"00Z,12Z",D1,3h,S/D,S/D,S/D,S/D,0
47E1763A,SALIDA TUNEL KOVIRE,TACNA,TARATA,wrf5,temp,20260904,20261003,"00Z,12Z",D1,3h,S/D,S/D,S/D,S/D,0
47E1763A,SALIDA TUNEL KOVIRE,TACNA,TARATA,mpas15,temp,20260904,20261003,00Z,D1,3h,S/D,S/D,S/D,S/D,0
47E2D1CC,TARATA,TACNA,TARATA,ecmwf,temp,20260904,20261003,"00Z,12Z",D1,3h,-4.865,4.989,5.579,0.859,476
47E2D1CC,TARATA,TACNA,TARATA,gfs,temp,20260904,20261003,"00Z,12Z",D1,3h,-5.123,5.184,6.043,0.843,476
47E2D1CC,TARATA,TACNA,TARATA,eta5,temp,20260904,20261003,"00Z,12Z",D1,3h,-0.141,1.19,1.568,0.919,376
47E2D1CC,TARATA,TACNA,TARATA,wrf5,temp,20260904,20261003,"00Z,12Z",D1,3h,1.079,2.657,3.173,0.838,468
47E2D1CC,TARATA,TACNA,TARATA,mpas15,temp,20260904,20261003,00Z,D1,3h,-7.341,7.371,7.898,0.864,238
47E2A75C,VILACOTA,TACNA,TARATA,ecmwf,temp,20260904,20261003,"00Z,12Z",D1,3h,-0.162,2.714,3.189,0.874,478
47E2A75C,VILACOTA,TACNA,TARATA,gfs,temp,20260904,20261003,"00Z,12Z",D1,3h,0.979,3.395,4.14,0.807,478
47E2A75C,VILACOTA,TACNA,TARATA,eta5,temp,20260904,20261003,"00Z,12Z",D1,3h,2.355,2.91,4.165,0.821,378
47E2A75C,VILACOTA,TACNA,TARATA,wrf5,temp,20260904,20261003,"00Z,12Z",D1,3h,0.919,3.639,4.433,0.751,470
47E2A75C,VILACOTA,TACNA,TARATA,mpas15,temp,20260904,20261003,00Z,D1,3h,-1.965,3.238,3.664,0.876,239
472F13D0,CAÑAVERAL,TUMBES,CONTRALMIRANTE VILLAR,ecmwf,temp,20260904,20261003,"00Z,12Z",D1,3h,0.011,0.878,1.143,0.913,476
472F13D0,CAÑAVERAL,TUMBES,CONTRALMIRANTE VILLAR,gfs,temp,20260904,20261003,"00Z,12Z",D1,3h,-0.936,1.32,1.557,0.871,476
472F13D0,CAÑAVERAL,TUMBES,CONTRALMIRANTE VILLAR,eta5,temp,20260904,20261003,"00Z,12Z",D1,3h,-0.136,1.239,1.546,0.888,376
472F13D0,CAÑAVERAL,TUMBES,CONTRALMIRANTE VILLAR,wrf5,temp,20260904,20261003,"00Z,12Z",D1,3h,-0.525,1.26,1.526,0.854,468
472F13D0,CAÑAVERAL,TUMBES,CONTRALMIRANTE VILLAR,mpas15,temp,20260904,20261003,00Z,D1,3h,-1.774,1.886,2.17,0.887,238
47E01126,CABO INGA H,TUMBES,TUMBES,ecmwf,temp,20260904,20261003,"00Z,12Z",D1,3h,S/D,S/D,S/D,S/D,0
47E01126,CABO INGA H,TUMBES,TUMBES,gfs,temp,20260904,20261003,"00Z,12Z",D1,3h,S/D,S/D,S/D,S/D,0
47E01126,CABO INGA H,TUMBES,TUMBES,eta5,temp,20260904,20261003,"00Z,12Z",D1,3h,S/D,S/D,S/D,S/D,0
47E01126,CABO INGA H,TUMBES,TUMBES,wrf5,temp,20260904,20261003,"00Z,12Z",D1,3h,S/D,S/D,S/D,S/D,0
47E01126,CABO INGA H,TUMBES,TUMBES,mpas15,temp,20260904,20261003,00Z,D1,3h,S/D,S/D,S/D,S/D,0
472F00A6,CABO INGA M,TUMBES,TUMBES,ecmwf,temp,20260904,20261003,"00Z,12Z",D1,3h,-1.259,1.671,1.994,0.873,476
472F00A6,CABO INGA M,TUMBES,TUMBES,gfs,temp,20260904,20261003,"00Z,12Z",D1,3h,-1.116,1.973,2.333,0.824,476
472F00A6,CABO INGA M,TUMBES,TUMBES,eta5,temp,20260904,20261003,"00Z,12Z",D1,3h,-0.907,1.777,2.131,0.845,375
472F00A6,CABO INGA M,TUMBES,TUMBES,wrf5,temp,20260904,20261003,"00Z,12Z",D1,3h,-1.716,2.532,2.913,0.824,468
472F00A6,CABO INGA M,TUMBES,TUMBES,mpas15,temp,20260904,20261003,00Z,D1,3h,-1.805,2.158,2.507,0.852,238
472EF2D8,CAMPAMENTO SEDE,TUMBES,TUMBES,ecmwf,temp,20260904,20261003,"00Z,12Z",D1,3h,-1.063,1.358,1.944,0.402,424
472EF2D8,CAMPAMENTO SEDE,TUMBES,TUMBES,gfs,temp,20260904,20261003,"00Z,12Z",D1,3h,-1.988,2.014,2.476,0.611,424
472EF2D8,CAMPAMENTO SEDE,TUMBES,TUMBES,eta5,temp,20260904,20261003,"00Z,12Z",D1,3h,-0.767,1.083,1.306,0.762,331
472EF2D8,CAMPAMENTO SEDE,TUMBES,TUMBES,wrf5,temp,20260904,20261003,"00Z,12Z",D1,3h,-1.061,1.321,1.61,0.773,417
472EF2D8,CAMPAMENTO SEDE,TUMBES,TUMBES,mpas15,temp,20260904,20261003,00Z,D1,3h,-1.25,1.347,1.812,0.725,212
4724A3F6,EL TIGRE,TUMBES,TUMBES,ecmwf,temp,20260904,20261003,"00Z,12Z",D1,3h,-0.256,0.973,1.267,0.897,472
4724A3F6,EL TIGRE,TUMBES,TUMBES,gfs,temp,20260904,20261003,"00Z,12Z",D1,3h,-1.556,1.812,2.145,0.83,472
4724A3F6,EL TIGRE,TUMBES,TUMBES,eta5,temp,20260904,20261003,"00Z,12Z",D1,3h,-0.186,1.384,1.731,0.826,374
4724A3F6,EL TIGRE,TUMBES,TUMBES,wrf5,temp,20260904,20261003,"00Z,12Z",D1,3h,-0.668,1.355,1.695,0.832,464
4724A3F6,EL TIGRE,TUMBES,TUMBES,mpas15,temp,20260904,20261003,00Z,D1,3h,-2.257,2.368,2.711,0.856,236
472F43AC,HUASIMO,TUMBES,TUMBES,ecmwf,temp,20260904,20261003,"00Z,12Z",D1,3h,1.547,1.633,1.978,0.934,476
472F43AC,HUASIMO,TUMBES,TUMBES,gfs,temp,20260904,20261003,"00Z,12Z",D1,3h,1.691,1.906,2.428,0.899,476
472F43AC,HUASIMO,TUMBES,TUMBES,eta5,temp,20260904,20261003,"00Z,12Z",D1,3h,1.209,1.53,1.918,0.908,375
472F43AC,HUASIMO,TUMBES,TUMBES,wrf5,temp,20260904,20261003,"00Z,12Z",D1,3h,-0.681,1.79,2.123,0.896,468
472F43AC,HUASIMO,TUMBES,TUMBES,mpas15,temp,20260904,20261003,00Z,D1,3h,1.344,1.537,2.001,0.915,238
47E024BC,PUENTE TUMBES,TUMBES,TUMBES,ecmwf,temp,20260904,20261003,"00Z,12Z",D1,3h,S/D,S/D,S/D,S/D,0
47E024BC,PUENTE TUMBES,TUMBES,TUMBES,gfs,temp,20260904,20261003,"00Z,12Z",D1,3h,S/D,S/D,S/D,S/D,0
47E024BC,PUENTE TUMBES,TUMBES,TUMBES,eta5,temp,20260904,20261003,"00Z,12Z",D1,3h,S/D,S/D,S/D,S/D,0
47E024BC,PUENTE TUMBES,TUMBES,TUMBES,wrf5,temp,20260904,20261003,"00Z,12Z",D1,3h,S/D,S/D,S/D,S/D,0
47E024BC,PUENTE TUMBES,TUMBES,TUMBES,mpas15,temp,20260904,20261003,00Z,D1,3h,S/D,S/D,S/D,S/D,0
103068,PUERTO PIZARRO,TUMBES,TUMBES,ecmwf,temp,20260904,20261003,"00Z,12Z",D1,3h,-1.998,2.358,3.208,0.301,324
103068,PUERTO PIZARRO,TUMBES,TUMBES,gfs,temp,20260904,20261003,"00Z,12Z",D1,3h,-2.883,2.915,3.71,0.591,324
103068,PUERTO PIZARRO,TUMBES,TUMBES,eta5,temp,20260904,20261003,"00Z,12Z",D1,3h,-2.545,2.56,3.116,0.872,260
103068,PUERTO PIZARRO,TUMBES,TUMBES,wrf5,temp,20260904,20261003,"00Z,12Z",D1,3h,-2.076,2.399,3.272,0.246,318
103068,PUERTO PIZARRO,TUMBES,TUMBES,mpas15,temp,20260904,20261003,00Z,D1,3h,-1.963,2.078,2.921,0.681,162
472F264A,RICA PLAYA,TUMBES,TUMBES,ecmwf,temp,20260904,20261003,"00Z,12Z",D1,3h,-0.082,1.043,1.327,0.881,478
472F264A,RICA PLAYA,TUMBES,TUMBES,gfs,temp,20260904,20261003,"00Z,12Z",D1,3h,-1.372,1.599,1.909,0.816,478
472F264A,RICA PLAYA,TUMBES,TUMBES,eta5,temp,20260904,20261003,"00Z,12Z",D1,3h,-0.906,1.57,1.917,0.829,377
472F264A,RICA PLAYA,TUMBES,TUMBES,wrf5,temp,20260904,20261003,"00Z,12Z",D1,3h,-1.087,1.644,1.972,0.798,470
472F264A,RICA PLAYA,TUMBES,TUMBES,mpas15,temp,20260904,20261003,00Z,D1,3h,-2.071,2.184,2.559,0.847,239
472F353C,MATAPALO,TUMBES,ZARUMILLA,ecmwf,temp,20260904,20261003,"00Z,12Z",D1,3h,-1.203,1.488,1.792,0.897,478
472F353C,MATAPALO,TUMBES,ZARUMILLA,gfs,temp,20260904,20261003,"00Z,12Z",D1,3h,-1.304,1.69,2.019,0.885,478
472F353C,MATAPALO,TUMBES,ZARUMILLA,eta5,temp,20260904,20261003,"00Z,12Z",D1,3h,0.438,1.193,1.523,0.871,377
472F353C,MATAPALO,TUMBES,ZARUMILLA,wrf5,temp,20260904,20261003,"00Z,12Z",D1,3h,-0.353,1.155,1.496,0.863,470
472F353C,MATAPALO,TUMBES,ZARUMILLA,mpas15,temp,20260904,20261003,00Z,D1,3h,-1.218,1.42,1.842,0.881,239
47E86310,CALLERIA,UCAYALI,CORONEL PORTILLO,ecmwf,temp,20260904,20261003,"00Z,12Z",D1,3h,0.284,1.659,2.134,0.843,480
47E86310,CALLERIA,UCAYALI,CORONEL PORTILLO,gfs,temp,20260904,20261003,"00Z,12Z",D1,3h,1.224,2.497,3.36,0.787,480
47E86310,CALLERIA,UCAYALI,CORONEL PORTILLO,eta5,temp,20260904,20261003,"00Z,12Z",D1,3h,2.585,2.837,3.604,0.778,379
47E86310,CALLERIA,UCAYALI,CORONEL PORTILLO,wrf5,temp,20260904,20261003,"00Z,12Z",D1,3h,1.224,1.85,2.458,0.858,472
47E86310,CALLERIA,UCAYALI,CORONEL PORTILLO,mpas15,temp,20260904,20261003,00Z,D1,3h,-0.141,1.612,2.173,0.857,240
47E87066,PUERTO ESPERANZA,UCAYALI,PURUS,ecmwf,temp,20260904,20261003,"00Z,12Z",D1,3h,-0.91,1.95,2.717,0.839,480
47E87066,PUERTO ESPERANZA,UCAYALI,PURUS,gfs,temp,20260904,20261003,"00Z,12Z",D1,3h,0.435,2.609,3.357,0.786,480
47E87066,PUERTO ESPERANZA,UCAYALI,PURUS,eta5,temp,20260904,20261003,"00Z,12Z",D1,3h,2.212,2.56,3.114,0.863,379
47E87066,PUERTO ESPERANZA,UCAYALI,PURUS,wrf5,temp,20260904,20261003,"00Z,12Z",D1,3h,0.908,2.034,2.57,0.856,472
47E87066,PUERTO ESPERANZA,UCAYALI,PURUS,mpas15,temp,20260904,20261003,00Z,D1,3h,-1.128,2.036,2.791,0.863,240
270001,DESAGUADERO,PUNO,CHUCUITO,ecmwf,temp,20260904,20261003,"00Z,12Z",D1,3h,S/D,S/D,S/D,S/D,0
270001,DESAGUADERO,PUNO,CHUCUITO,gfs,temp,20260904,20261003,"00Z,12Z",D1,3h,S/D,S/D,S/D,S/D,0
270001,DESAGUADERO,PUNO,CHUCUITO,eta5,temp,20260904,20261003,"00Z,12Z",D1,3h,S/D,S/D,S/D,S/D,0
270001,DESAGUADERO,PUNO,CHUCUITO,wrf5,temp,20260904,20261003,"00Z,12Z",D1,3h,S/D,S/D,S/D,S/D,0
270001,DESAGUADERO,PUNO,CHUCUITO,mpas15,temp,20260904,20261003,00Z,D1,3h,S/D,S/D,S/D,S/D,0
101004,GUEPPI,LORETO,PUTUMAYO,ecmwf,temp,20260904,20261003,"00Z,12Z",D1,3h,0.138,1.201,1.609,0.828,480
101004,GUEPPI,LORETO,PUTUMAYO,gfs,temp,20260904,20261003,"00Z,12Z",D1,3h,-0.574,2.212,2.762,0.787,480
101004,GUEPPI,LORETO,PUTUMAYO,eta5,temp,20260904,20261003,"00Z,12Z",D1,3h,2.011,2.313,2.987,0.782,379
101004,GUEPPI,LORETO,PUTUMAYO,wrf5,temp,20260904,20261003,"00Z,12Z",D1,3h,0.659,1.766,2.331,0.793,472
101004,GUEPPI,LORETO,PUTUMAYO,mpas15,temp,20260904,20261003,00Z,D1,3h,0.115,1.215,1.672,0.829,240
