codigo,estacion,departamento,provincia,modelo,variable,periodo_inicio,periodo_fin,ciclos,horizonte,resolucion,bias,mae,rmse,spearman,n
472C57D4,BAGUA,AMAZONAS,UTCUBAMBA,ecmwf,temp,20260910,20261009,"00Z,12Z",D1,3h,-3.35,3.401,3.799,0.891,480
472C57D4,BAGUA,AMAZONAS,UTCUBAMBA,gfs,temp,20260910,20261009,"00Z,12Z",D1,3h,-3.376,3.463,3.794,0.917,480
472C57D4,BAGUA,AMAZONAS,UTCUBAMBA,eta5,temp,20260910,20261009,"00Z,12Z",D1,3h,-1.005,1.801,2.301,0.871,384
472C57D4,BAGUA,AMAZONAS,UTCUBAMBA,wrf5,temp,20260910,20261009,"00Z,12Z",D1,3h,0.87,1.564,2.036,0.899,475
472C57D4,BAGUA,AMAZONAS,UTCUBAMBA,mpas15,temp,20260910,20261009,00Z,D1,3h,-4.756,4.782,5.087,0.907,240
472B607A,CORRAL QUEMADO,AMAZONAS,UTCUBAMBA,ecmwf,temp,20260910,20261009,"00Z,12Z",D1,3h,S/D,S/D,S/D,S/D,0
472B607A,CORRAL QUEMADO,AMAZONAS,UTCUBAMBA,gfs,temp,20260910,20261009,"00Z,12Z",D1,3h,S/D,S/D,S/D,S/D,0
472B607A,CORRAL QUEMADO,AMAZONAS,UTCUBAMBA,eta5,temp,20260910,20261009,"00Z,12Z",D1,3h,S/D,S/D,S/D,S/D,0
472B607A,CORRAL QUEMADO,AMAZONAS,UTCUBAMBA,wrf5,temp,20260910,20261009,"00Z,12Z",D1,3h,S/D,S/D,S/D,S/D,0
472B607A,CORRAL QUEMADO,AMAZONAS,UTCUBAMBA,mpas15,temp,20260910,20261009,00Z,D1,3h,S/D,S/D,S/D,S/D,0
472B2370,MAGUNCHAL,AMAZONAS,UTCUBAMBA,ecmwf,temp,20260910,20261009,"00Z,12Z",D1,3h,S/D,S/D,S/D,S/D,0
472B2370,MAGUNCHAL,AMAZONAS,UTCUBAMBA,gfs,temp,20260910,20261009,"00Z,12Z",D1,3h,S/D,S/D,S/D,S/D,0
472B2370,MAGUNCHAL,AMAZONAS,UTCUBAMBA,eta5,temp,20260910,20261009,"00Z,12Z",D1,3h,S/D,S/D,S/D,S/D,0
472B2370,MAGUNCHAL,AMAZONAS,UTCUBAMBA,wrf5,temp,20260910,20261009,"00Z,12Z",D1,3h,S/D,S/D,S/D,S/D,0
472B2370,MAGUNCHAL,AMAZONAS,UTCUBAMBA,mpas15,temp,20260910,20261009,00Z,D1,3h,S/D,S/D,S/D,S/D,0
220907,NARANJITO,AMAZONAS,UTCUBAMBA,ecmwf,temp,20260910,20261009,"00Z,12Z",D1,3h,S/D,S/D,S/D,S/D,0
220907,NARANJITO,AMAZONAS,UTCUBAMBA,gfs,temp,20260910,20261009,"00Z,12Z",D1,3h,S/D,S/D,S/D,S/D,0
220907,NARANJITO,AMAZONAS,UTCUBAMBA,eta5,temp,20260910,20261009,"00Z,12Z",D1,3h,S/D,S/D,S/D,S/D,0
220907,NARANJITO,AMAZONAS,UTCUBAMBA,wrf5,temp,20260910,20261009,"00Z,12Z",D1,3h,S/D,S/D,S/D,S/D,0
220907,NARANJITO,AMAZONAS,UTCUBAMBA,mpas15,temp,20260910,20261009,00Z,D1,3h,S/D,S/D,S/D,S/D,0
109096,BUENA VISTA,ANCASH,CASMA,ecmwf,temp,20260910,20261009,"00Z,12Z",D1,3h,0.227,1.086,1.447,0.91,478
109096,BUENA VISTA,ANCASH,CASMA,gfs,temp,20260910,20261009,"00Z,12Z",D1,3h,-2.204,2.288,2.765,0.877,478
109096,BUENA VISTA,ANCASH,CASMA,eta5,temp,20260910,20261009,"00Z,12Z",D1,3h,-1.714,2.292,2.662,0.872,382
109096,BUENA VISTA,ANCASH,CASMA,wrf5,temp,20260910,20261009,"00Z,12Z",D1,3h,-0.865,1.406,1.708,0.896,473
109096,BUENA VISTA,ANCASH,CASMA,mpas15,temp,20260910,20261009,00Z,D1,3h,-2.099,2.259,2.638,0.869,239
4725A10C,CHAVIN,ANCASH,HUARI,ecmwf,temp,20260910,20261009,"00Z,12Z",D1,3h,-8.644,8.644,9.054,0.873,476
4725A10C,CHAVIN,ANCASH,HUARI,gfs,temp,20260910,20261009,"00Z,12Z",D1,3h,-7.882,7.882,8.507,0.865,476
4725A10C,CHAVIN,ANCASH,HUARI,eta5,temp,20260910,20261009,"00Z,12Z",D1,3h,-4.606,4.724,5.239,0.873,381
4725A10C,CHAVIN,ANCASH,HUARI,wrf5,temp,20260910,20261009,"00Z,12Z",D1,3h,-2.263,2.803,3.507,0.893,471
4725A10C,CHAVIN,ANCASH,HUARI,mpas15,temp,20260910,20261009,00Z,D1,3h,-9.803,9.803,10.214,0.897,238
109091,SAUCEPAMPA,ANCASH,HUAYLAS,ecmwf,temp,20260910,20261009,"00Z,12Z",D1,3h,-5.086,5.112,5.711,0.876,476
109091,SAUCEPAMPA,ANCASH,HUAYLAS,gfs,temp,20260910,20261009,"00Z,12Z",D1,3h,-7.221,7.221,8.12,0.787,476
109091,SAUCEPAMPA,ANCASH,HUAYLAS,eta5,temp,20260910,20261009,"00Z,12Z",D1,3h,0.318,1.562,1.918,0.884,380
109091,SAUCEPAMPA,ANCASH,HUAYLAS,wrf5,temp,20260910,20261009,"00Z,12Z",D1,3h,-2.809,3.069,3.943,0.859,471
109091,SAUCEPAMPA,ANCASH,HUAYLAS,mpas15,temp,20260910,20261009,00Z,D1,3h,-9.776,9.776,10.269,0.841,238
472182DA,PUENTE CAHUA,ANCASH,OCROS,ecmwf,temp,20260910,20261009,"00Z,12Z",D1,3h,S/D,S/D,S/D,S/D,0
472182DA,PUENTE CAHUA,ANCASH,OCROS,gfs,temp,20260910,20261009,"00Z,12Z",D1,3h,S/D,S/D,S/D,S/D,0
472182DA,PUENTE CAHUA,ANCASH,OCROS,eta5,temp,20260910,20261009,"00Z,12Z",D1,3h,S/D,S/D,S/D,S/D,0
472182DA,PUENTE CAHUA,ANCASH,OCROS,wrf5,temp,20260910,20261009,"00Z,12Z",D1,3h,S/D,S/D,S/D,S/D,0
472182DA,PUENTE CAHUA,ANCASH,OCROS,mpas15,temp,20260910,20261009,00Z,D1,3h,S/D,S/D,S/D,S/D,0
47E89394,PACHACOTO,ANCASH,RECUAY,ecmwf,temp,20260910,20261009,"00Z,12Z",D1,3h,-0.161,2.84,3.414,0.893,480
47E89394,PACHACOTO,ANCASH,RECUAY,gfs,temp,20260910,20261009,"00Z,12Z",D1,3h,-0.758,4.326,5.122,0.815,480
47E89394,PACHACOTO,ANCASH,RECUAY,eta5,temp,20260910,20261009,"00Z,12Z",D1,3h,1.952,2.813,3.619,0.9,384
47E89394,PACHACOTO,ANCASH,RECUAY,wrf5,temp,20260910,20261009,"00Z,12Z",D1,3h,1.518,3.427,4.179,0.885,475
47E89394,PACHACOTO,ANCASH,RECUAY,mpas15,temp,20260910,20261009,00Z,D1,3h,-3.074,4.452,5.463,0.847,240
47259496,RECUAY,ANCASH,RECUAY,ecmwf,temp,20260910,20261009,"00Z,12Z",D1,3h,-3.264,3.569,4.307,0.939,474
47259496,RECUAY,ANCASH,RECUAY,gfs,temp,20260910,20261009,"00Z,12Z",D1,3h,-3.881,5.083,6.269,0.879,474
47259496,RECUAY,ANCASH,RECUAY,eta5,temp,20260910,20261009,"00Z,12Z",D1,3h,-1.135,2.619,3.161,0.912,379
47259496,RECUAY,ANCASH,RECUAY,wrf5,temp,20260910,20261009,"00Z,12Z",D1,3h,0.471,3.025,3.534,0.928,469
47259496,RECUAY,ANCASH,RECUAY,mpas15,temp,20260910,20261009,00Z,D1,3h,-7.134,7.141,8.251,0.911,237
110138,SHAQUEK,ANCASH,RECUAY,ecmwf,temp,20260910,20261009,"00Z,12Z",D1,3h,-6.609,6.61,6.917,0.797,478
110138,SHAQUEK,ANCASH,RECUAY,gfs,temp,20260910,20261009,"00Z,12Z",D1,3h,-3.742,3.75,4.002,0.827,478
110138,SHAQUEK,ANCASH,RECUAY,eta5,temp,20260910,20261009,"00Z,12Z",D1,3h,-4.582,4.597,4.889,0.804,382
110138,SHAQUEK,ANCASH,RECUAY,wrf5,temp,20260910,20261009,"00Z,12Z",D1,3h,-1.489,1.881,2.283,0.793,473
110138,SHAQUEK,ANCASH,RECUAY,mpas15,temp,20260910,20261009,00Z,D1,3h,-2.736,2.823,3.184,0.819,239
211601,SAN JACINTO,ANCASH,SANTA,ecmwf,temp,20260910,20261009,"00Z,12Z",D1,3h,S/D,S/D,S/D,S/D,0
211601,SAN JACINTO,ANCASH,SANTA,gfs,temp,20260910,20261009,"00Z,12Z",D1,3h,S/D,S/D,S/D,S/D,0
211601,SAN JACINTO,ANCASH,SANTA,eta5,temp,20260910,20261009,"00Z,12Z",D1,3h,S/D,S/D,S/D,S/D,0
211601,SAN JACINTO,ANCASH,SANTA,wrf5,temp,20260910,20261009,"00Z,12Z",D1,3h,S/D,S/D,S/D,S/D,0
211601,SAN JACINTO,ANCASH,SANTA,mpas15,temp,20260910,20261009,00Z,D1,3h,S/D,S/D,S/D,S/D,0
113253,CURAHUASI,APURIMAC,ABANCAY,ecmwf,temp,20260910,20261009,"00Z,12Z",D1,3h,-4.884,4.908,5.397,0.895,478
113253,CURAHUASI,APURIMAC,ABANCAY,gfs,temp,20260910,20261009,"00Z,12Z",D1,3h,-5.742,5.747,6.363,0.876,478
113253,CURAHUASI,APURIMAC,ABANCAY,eta5,temp,20260910,20261009,"00Z,12Z",D1,3h,-2.931,3.154,3.639,0.903,383
113253,CURAHUASI,APURIMAC,ABANCAY,wrf5,temp,20260910,20261009,"00Z,12Z",D1,3h,-1.603,2.407,3.025,0.916,473
113253,CURAHUASI,APURIMAC,ABANCAY,mpas15,temp,20260910,20261009,00Z,D1,3h,-7.138,7.138,7.499,0.908,239
47263360,GRANJA SAN ANTONIO,APURIMAC,ABANCAY,ecmwf,temp,20260910,20261009,"00Z,12Z",D1,3h,-3.327,3.43,3.842,0.872,474
47263360,GRANJA SAN ANTONIO,APURIMAC,ABANCAY,gfs,temp,20260910,20261009,"00Z,12Z",D1,3h,-4.174,4.201,4.538,0.892,474
47263360,GRANJA SAN ANTONIO,APURIMAC,ABANCAY,eta5,temp,20260910,20261009,"00Z,12Z",D1,3h,-4.01,4.129,4.684,0.857,380
47263360,GRANJA SAN ANTONIO,APURIMAC,ABANCAY,wrf5,temp,20260910,20261009,"00Z,12Z",D1,3h,-3.59,3.645,4.022,0.89,469
47263360,GRANJA SAN ANTONIO,APURIMAC,ABANCAY,mpas15,temp,20260910,20261009,00Z,D1,3h,-4.938,4.945,5.291,0.91,237
472B16EA,HUACULLO,APURIMAC,ANTABAMBA,ecmwf,temp,20260910,20261009,"00Z,12Z",D1,3h,-0.568,3.222,4.009,0.822,478
472B16EA,HUACULLO,APURIMAC,ANTABAMBA,gfs,temp,20260910,20261009,"00Z,12Z",D1,3h,1.154,3.178,4.244,0.841,478
472B16EA,HUACULLO,APURIMAC,ANTABAMBA,eta5,temp,20260910,20261009,"00Z,12Z",D1,3h,3.297,3.89,5.279,0.785,382
472B16EA,HUACULLO,APURIMAC,ANTABAMBA,wrf5,temp,20260910,20261009,"00Z,12Z",D1,3h,2.483,3.698,5.042,0.781,473
472B16EA,HUACULLO,APURIMAC,ANTABAMBA,mpas15,temp,20260910,20261009,00Z,D1,3h,-0.094,2.867,3.7,0.865,239
113246,TANCAYLLO,APURIMAC,CHINCHEROS,ecmwf,temp,20260910,20261009,"00Z,12Z",D1,3h,1.465,2.689,3.392,0.841,480
113246,TANCAYLLO,APURIMAC,CHINCHEROS,gfs,temp,20260910,20261009,"00Z,12Z",D1,3h,0.3,2.061,2.574,0.866,480
113246,TANCAYLLO,APURIMAC,CHINCHEROS,eta5,temp,20260910,20261009,"00Z,12Z",D1,3h,-0.2,2.218,2.656,0.844,384
113246,TANCAYLLO,APURIMAC,CHINCHEROS,wrf5,temp,20260910,20261009,"00Z,12Z",D1,3h,0.65,2.558,3.109,0.818,475
113246,TANCAYLLO,APURIMAC,CHINCHEROS,mpas15,temp,20260910,20261009,00Z,D1,3h,-2.469,3.063,3.97,0.814,240
472A1410,CASACCANCHA,APURIMAC,COTABAMBAS,ecmwf,temp,20260910,20261009,"00Z,12Z",D1,3h,-1.093,2.171,2.767,0.86,476
472A1410,CASACCANCHA,APURIMAC,COTABAMBAS,gfs,temp,20260910,20261009,"00Z,12Z",D1,3h,0.668,1.768,2.198,0.919,476
472A1410,CASACCANCHA,APURIMAC,COTABAMBAS,eta5,temp,20260910,20261009,"00Z,12Z",D1,3h,2.943,3.209,3.782,0.886,381
472A1410,CASACCANCHA,APURIMAC,COTABAMBAS,wrf5,temp,20260910,20261009,"00Z,12Z",D1,3h,1.322,2.122,2.69,0.893,472
472A1410,CASACCANCHA,APURIMAC,COTABAMBAS,mpas15,temp,20260910,20261009,00Z,D1,3h,-0.647,1.719,2.147,0.922,238
116085,AREQUIPA UV,AREQUIPA,AREQUIPA,ecmwf,temp,20260910,20261009,"00Z,12Z",D1,3h,-1.055,1.384,1.577,0.941,346
116085,AREQUIPA UV,AREQUIPA,AREQUIPA,gfs,temp,20260910,20261009,"00Z,12Z",D1,3h,-2.547,2.8,3.131,0.882,346
116085,AREQUIPA UV,AREQUIPA,AREQUIPA,eta5,temp,20260910,20261009,"00Z,12Z",D1,3h,-0.033,1.186,1.473,0.929,273
116085,AREQUIPA UV,AREQUIPA,AREQUIPA,wrf5,temp,20260910,20261009,"00Z,12Z",D1,3h,1.11,2.007,2.365,0.884,342
116085,AREQUIPA UV,AREQUIPA,AREQUIPA,mpas15,temp,20260910,20261009,00Z,D1,3h,-7.312,7.312,7.722,0.839,173
47E26242,BOYADERO,AREQUIPA,AREQUIPA,ecmwf,temp,20260910,20261009,"00Z,12Z",D1,3h,S/D,S/D,S/D,S/D,0
47E26242,BOYADERO,AREQUIPA,AREQUIPA,gfs,temp,20260910,20261009,"00Z,12Z",D1,3h,S/D,S/D,S/D,S/D,0
47E26242,BOYADERO,AREQUIPA,AREQUIPA,eta5,temp,20260910,20261009,"00Z,12Z",D1,3h,S/D,S/D,S/D,S/D,0
47E26242,BOYADERO,AREQUIPA,AREQUIPA,wrf5,temp,20260910,20261009,"00Z,12Z",D1,3h,S/D,S/D,S/D,S/D,0
47E26242,BOYADERO,AREQUIPA,AREQUIPA,mpas15,temp,20260910,20261009,00Z,D1,3h,S/D,S/D,S/D,S/D,0
116083,CAYMA,AREQUIPA,AREQUIPA,ecmwf,temp,20260910,20261009,"00Z,12Z",D1,3h,S/D,S/D,S/D,S/D,0
116083,CAYMA,AREQUIPA,AREQUIPA,gfs,temp,20260910,20261009,"00Z,12Z",D1,3h,S/D,S/D,S/D,S/D,0
116083,CAYMA,AREQUIPA,AREQUIPA,eta5,temp,20260910,20261009,"00Z,12Z",D1,3h,S/D,S/D,S/D,S/D,0
116083,CAYMA,AREQUIPA,AREQUIPA,wrf5,temp,20260910,20261009,"00Z,12Z",D1,3h,S/D,S/D,S/D,S/D,0
116083,CAYMA,AREQUIPA,AREQUIPA,mpas15,temp,20260910,20261009,00Z,D1,3h,S/D,S/D,S/D,S/D,0
472147C4,CHARCANI,AREQUIPA,AREQUIPA,ecmwf,temp,20260910,20261009,"00Z,12Z",D1,3h,S/D,S/D,S/D,S/D,0
472147C4,CHARCANI,AREQUIPA,AREQUIPA,gfs,temp,20260910,20261009,"00Z,12Z",D1,3h,S/D,S/D,S/D,S/D,0
472147C4,CHARCANI,AREQUIPA,AREQUIPA,eta5,temp,20260910,20261009,"00Z,12Z",D1,3h,S/D,S/D,S/D,S/D,0
472147C4,CHARCANI,AREQUIPA,AREQUIPA,wrf5,temp,20260910,20261009,"00Z,12Z",D1,3h,S/D,S/D,S/D,S/D,0
472147C4,CHARCANI,AREQUIPA,AREQUIPA,mpas15,temp,20260910,20261009,00Z,D1,3h,S/D,S/D,S/D,S/D,0
116077,CHIGUATA,AREQUIPA,AREQUIPA,ecmwf,temp,20260910,20261009,"00Z,12Z",D1,3h,S/D,S/D,S/D,S/D,0
116077,CHIGUATA,AREQUIPA,AREQUIPA,gfs,temp,20260910,20261009,"00Z,12Z",D1,3h,S/D,S/D,S/D,S/D,0
116077,CHIGUATA,AREQUIPA,AREQUIPA,eta5,temp,20260910,20261009,"00Z,12Z",D1,3h,S/D,S/D,S/D,S/D,0
116077,CHIGUATA,AREQUIPA,AREQUIPA,wrf5,temp,20260910,20261009,"00Z,12Z",D1,3h,S/D,S/D,S/D,S/D,0
116077,CHIGUATA,AREQUIPA,AREQUIPA,mpas15,temp,20260910,20261009,00Z,D1,3h,S/D,S/D,S/D,S/D,0
116065,LA PAMPILLA,AREQUIPA,AREQUIPA,ecmwf,temp,20260910,20261009,"00Z,12Z",D1,3h,-0.806,1.635,1.969,0.89,440
116065,LA PAMPILLA,AREQUIPA,AREQUIPA,gfs,temp,20260910,20261009,"00Z,12Z",D1,3h,-2.354,3.088,3.485,0.825,440
116065,LA PAMPILLA,AREQUIPA,AREQUIPA,eta5,temp,20260910,20261009,"00Z,12Z",D1,3h,0.292,1.4,1.847,0.885,352
116065,LA PAMPILLA,AREQUIPA,AREQUIPA,wrf5,temp,20260910,20261009,"00Z,12Z",D1,3h,1.287,2.496,3.055,0.846,435
116065,LA PAMPILLA,AREQUIPA,AREQUIPA,mpas15,temp,20260910,20261009,00Z,D1,3h,-7.066,7.257,7.8,0.77,220
47E360B8,PATAHUASI,AREQUIPA,AREQUIPA,ecmwf,temp,20260910,20261009,"00Z,12Z",D1,3h,1.783,4.37,5.415,0.908,478
47E360B8,PATAHUASI,AREQUIPA,AREQUIPA,gfs,temp,20260910,20261009,"00Z,12Z",D1,3h,3.081,5.642,7.057,0.847,478
47E360B8,PATAHUASI,AREQUIPA,AREQUIPA,eta5,temp,20260910,20261009,"00Z,12Z",D1,3h,6.466,6.474,7.553,0.929,383
47E360B8,PATAHUASI,AREQUIPA,AREQUIPA,wrf5,temp,20260910,20261009,"00Z,12Z",D1,3h,4.239,4.875,6.522,0.937,473
47E360B8,PATAHUASI,AREQUIPA,AREQUIPA,mpas15,temp,20260910,20261009,00Z,D1,3h,-0.443,4.195,4.67,0.905,239
4722E032,PUENTE DEL DIABLO,AREQUIPA,AREQUIPA,ecmwf,temp,20260910,20261009,"00Z,12Z",D1,3h,S/D,S/D,S/D,S/D,0
4722E032,PUENTE DEL DIABLO,AREQUIPA,AREQUIPA,gfs,temp,20260910,20261009,"00Z,12Z",D1,3h,S/D,S/D,S/D,S/D,0
4722E032,PUENTE DEL DIABLO,AREQUIPA,AREQUIPA,eta5,temp,20260910,20261009,"00Z,12Z",D1,3h,S/D,S/D,S/D,S/D,0
4722E032,PUENTE DEL DIABLO,AREQUIPA,AREQUIPA,wrf5,temp,20260910,20261009,"00Z,12Z",D1,3h,S/D,S/D,S/D,S/D,0
4722E032,PUENTE DEL DIABLO,AREQUIPA,AREQUIPA,mpas15,temp,20260910,20261009,00Z,D1,3h,S/D,S/D,S/D,S/D,0
116082,SAN FRANCISCO,AREQUIPA,AREQUIPA,ecmwf,temp,20260910,20261009,"00Z,12Z",D1,3h,S/D,S/D,S/D,S/D,0
116082,SAN FRANCISCO,AREQUIPA,AREQUIPA,gfs,temp,20260910,20261009,"00Z,12Z",D1,3h,S/D,S/D,S/D,S/D,0
116082,SAN FRANCISCO,AREQUIPA,AREQUIPA,eta5,temp,20260910,20261009,"00Z,12Z",D1,3h,S/D,S/D,S/D,S/D,0
116082,SAN FRANCISCO,AREQUIPA,AREQUIPA,wrf5,temp,20260910,20261009,"00Z,12Z",D1,3h,S/D,S/D,S/D,S/D,0
116082,SAN FRANCISCO,AREQUIPA,AREQUIPA,mpas15,temp,20260910,20261009,00Z,D1,3h,S/D,S/D,S/D,S/D,0
47E3B6D0,SAN JOSE DE UZUNA,AREQUIPA,AREQUIPA,ecmwf,temp,20260910,20261009,"00Z,12Z",D1,3h,-4.566,4.7,5.62,0.893,478
47E3B6D0,SAN JOSE DE UZUNA,AREQUIPA,AREQUIPA,gfs,temp,20260910,20261009,"00Z,12Z",D1,3h,-2.389,3.619,4.372,0.883,478
47E3B6D0,SAN JOSE DE UZUNA,AREQUIPA,AREQUIPA,eta5,temp,20260910,20261009,"00Z,12Z",D1,3h,1.527,2.207,2.765,0.921,383
47E3B6D0,SAN JOSE DE UZUNA,AREQUIPA,AREQUIPA,wrf5,temp,20260910,20261009,"00Z,12Z",D1,3h,1.82,2.905,3.674,0.87,473
47E3B6D0,SAN JOSE DE UZUNA,AREQUIPA,AREQUIPA,mpas15,temp,20260910,20261009,00Z,D1,3h,1.255,2.995,3.707,0.87,239
47E27134,SOCOSANI,AREQUIPA,AREQUIPA,ecmwf,temp,20260910,20261009,"00Z,12Z",D1,3h,S/D,S/D,S/D,S/D,0
47E27134,SOCOSANI,AREQUIPA,AREQUIPA,gfs,temp,20260910,20261009,"00Z,12Z",D1,3h,S/D,S/D,S/D,S/D,0
47E27134,SOCOSANI,AREQUIPA,AREQUIPA,eta5,temp,20260910,20261009,"00Z,12Z",D1,3h,S/D,S/D,S/D,S/D,0
47E27134,SOCOSANI,AREQUIPA,AREQUIPA,wrf5,temp,20260910,20261009,"00Z,12Z",D1,3h,S/D,S/D,S/D,S/D,0
47E27134,SOCOSANI,AREQUIPA,AREQUIPA,mpas15,temp,20260910,20261009,00Z,D1,3h,S/D,S/D,S/D,S/D,0
472EE1AE,TINGO GRANDE,AREQUIPA,AREQUIPA,ecmwf,temp,20260910,20261009,"00Z,12Z",D1,3h,S/D,S/D,S/D,S/D,0
472EE1AE,TINGO GRANDE,AREQUIPA,AREQUIPA,gfs,temp,20260910,20261009,"00Z,12Z",D1,3h,S/D,S/D,S/D,S/D,0
472EE1AE,TINGO GRANDE,AREQUIPA,AREQUIPA,eta5,temp,20260910,20261009,"00Z,12Z",D1,3h,S/D,S/D,S/D,S/D,0
472EE1AE,TINGO GRANDE,AREQUIPA,AREQUIPA,wrf5,temp,20260910,20261009,"00Z,12Z",D1,3h,S/D,S/D,S/D,S/D,0
472EE1AE,TINGO GRANDE,AREQUIPA,AREQUIPA,mpas15,temp,20260910,20261009,00Z,D1,3h,S/D,S/D,S/D,S/D,0
116078,TUCTUMPAYA,AREQUIPA,AREQUIPA,ecmwf,temp,20260910,20261009,"00Z,12Z",D1,3h,-5.096,5.097,5.599,0.905,480
116078,TUCTUMPAYA,AREQUIPA,AREQUIPA,gfs,temp,20260910,20261009,"00Z,12Z",D1,3h,-2.908,3.114,3.904,0.905,480
116078,TUCTUMPAYA,AREQUIPA,AREQUIPA,eta5,temp,20260910,20261009,"00Z,12Z",D1,3h,0.594,1.154,1.488,0.939,384
116078,TUCTUMPAYA,AREQUIPA,AREQUIPA,wrf5,temp,20260910,20261009,"00Z,12Z",D1,3h,0.099,2.395,2.761,0.893,475
116078,TUCTUMPAYA,AREQUIPA,AREQUIPA,mpas15,temp,20260910,20261009,00Z,D1,3h,-2.518,3.047,3.402,0.92,240
116081,YURA,AREQUIPA,AREQUIPA,ecmwf,temp,20260910,20261009,"00Z,12Z",D1,3h,-8.467,8.467,8.664,0.841,304
116081,YURA,AREQUIPA,AREQUIPA,gfs,temp,20260910,20261009,"00Z,12Z",D1,3h,-6.7,6.7,6.938,0.86,304
116081,YURA,AREQUIPA,AREQUIPA,eta5,temp,20260910,20261009,"00Z,12Z",D1,3h,-1.042,1.529,1.845,0.893,251
116081,YURA,AREQUIPA,AREQUIPA,wrf5,temp,20260910,20261009,"00Z,12Z",D1,3h,-0.784,1.952,2.383,0.885,299
116081,YURA,AREQUIPA,AREQUIPA,mpas15,temp,20260910,20261009,00Z,D1,3h,-3.035,3.609,3.819,0.829,152
116084,CAMANA,AREQUIPA,CAMANA,ecmwf,temp,20260910,20261009,"00Z,12Z",D1,3h,-0.286,1.508,1.915,0.361,302
116084,CAMANA,AREQUIPA,CAMANA,gfs,temp,20260910,20261009,"00Z,12Z",D1,3h,-1.348,1.662,2.183,0.598,302
116084,CAMANA,AREQUIPA,CAMANA,eta5,temp,20260910,20261009,"00Z,12Z",D1,3h,-1.76,1.884,2.25,0.756,246
116084,CAMANA,AREQUIPA,CAMANA,wrf5,temp,20260910,20261009,"00Z,12Z",D1,3h,0.027,1.113,1.329,0.774,300
116084,CAMANA,AREQUIPA,CAMANA,mpas15,temp,20260910,20261009,00Z,D1,3h,-1.883,2.078,2.54,0.56,151
472D23BE,OCOÑA,AREQUIPA,CAMANA,ecmwf,temp,20260910,20261009,"00Z,12Z",D1,3h,-1.442,1.542,1.808,0.672,478
472D23BE,OCOÑA,AREQUIPA,CAMANA,gfs,temp,20260910,20261009,"00Z,12Z",D1,3h,-1.988,2.009,2.221,0.767,478
472D23BE,OCOÑA,AREQUIPA,CAMANA,eta5,temp,20260910,20261009,"00Z,12Z",D1,3h,-1.36,1.873,2.24,0.647,383
472D23BE,OCOÑA,AREQUIPA,CAMANA,wrf5,temp,20260910,20261009,"00Z,12Z",D1,3h,-0.586,1.234,1.494,0.646,473
472D23BE,OCOÑA,AREQUIPA,CAMANA,mpas15,temp,20260910,20261009,00Z,D1,3h,-1.357,1.478,1.842,0.632,239
214400,HUATIAPA,AREQUIPA,CASTILLA,ecmwf,temp,20260910,20261009,"00Z,12Z",D1,3h,S/D,S/D,S/D,S/D,0
214400,HUATIAPA,AREQUIPA,CASTILLA,gfs,temp,20260910,20261009,"00Z,12Z",D1,3h,S/D,S/D,S/D,S/D,0
214400,HUATIAPA,AREQUIPA,CASTILLA,eta5,temp,20260910,20261009,"00Z,12Z",D1,3h,S/D,S/D,S/D,S/D,0
214400,HUATIAPA,AREQUIPA,CASTILLA,wrf5,temp,20260910,20261009,"00Z,12Z",D1,3h,S/D,S/D,S/D,S/D,0
214400,HUATIAPA,AREQUIPA,CASTILLA,mpas15,temp,20260910,20261009,00Z,D1,3h,S/D,S/D,S/D,S/D,0
4723D752,CHIVAY,AREQUIPA,CAYLLOMA,ecmwf,temp,20260910,20261009,"00Z,12Z",D1,3h,-8.261,8.261,8.873,0.85,480
4723D752,CHIVAY,AREQUIPA,CAYLLOMA,gfs,temp,20260910,20261009,"00Z,12Z",D1,3h,-5.78,5.809,6.778,0.863,480
4723D752,CHIVAY,AREQUIPA,CAYLLOMA,eta5,temp,20260910,20261009,"00Z,12Z",D1,3h,-3.015,3.222,3.767,0.914,384
4723D752,CHIVAY,AREQUIPA,CAYLLOMA,wrf5,temp,20260910,20261009,"00Z,12Z",D1,3h,-0.361,2.513,2.862,0.895,475
4723D752,CHIVAY,AREQUIPA,CAYLLOMA,mpas15,temp,20260910,20261009,00Z,D1,3h,-8.505,8.505,8.867,0.931,240
47E8A60E,COTACOTA,AREQUIPA,CAYLLOMA,ecmwf,temp,20260910,20261009,"00Z,12Z",D1,3h,-1.449,2.585,3.161,0.913,478
47E8A60E,COTACOTA,AREQUIPA,CAYLLOMA,gfs,temp,20260910,20261009,"00Z,12Z",D1,3h,0.959,3.445,4.204,0.853,478
47E8A60E,COTACOTA,AREQUIPA,CAYLLOMA,eta5,temp,20260910,20261009,"00Z,12Z",D1,3h,2.437,3.272,4.21,0.861,382
47E8A60E,COTACOTA,AREQUIPA,CAYLLOMA,wrf5,temp,20260910,20261009,"00Z,12Z",D1,3h,0.861,3.269,4.09,0.839,473
47E8A60E,COTACOTA,AREQUIPA,CAYLLOMA,mpas15,temp,20260910,20261009,00Z,D1,3h,-2.113,3.455,3.929,0.888,239
47E3A5A6,HUANCA,AREQUIPA,CAYLLOMA,ecmwf,temp,20260910,20261009,"00Z,12Z",D1,3h,-1.97,2.345,2.579,0.891,476
47E3A5A6,HUANCA,AREQUIPA,CAYLLOMA,gfs,temp,20260910,20261009,"00Z,12Z",D1,3h,-2.322,2.688,3.005,0.883,476
47E3A5A6,HUANCA,AREQUIPA,CAYLLOMA,eta5,temp,20260910,20261009,"00Z,12Z",D1,3h,0.865,1.339,1.76,0.902,382
47E3A5A6,HUANCA,AREQUIPA,CAYLLOMA,wrf5,temp,20260910,20261009,"00Z,12Z",D1,3h,-0.054,1.623,2.084,0.844,471
47E3A5A6,HUANCA,AREQUIPA,CAYLLOMA,mpas15,temp,20260910,20261009,00Z,D1,3h,-2.221,2.907,3.189,0.873,238
47E3834A,IMATA,AREQUIPA,CAYLLOMA,ecmwf,temp,20260910,20261009,"00Z,12Z",D1,3h,0.999,2.174,3.128,0.895,476
47E3834A,IMATA,AREQUIPA,CAYLLOMA,gfs,temp,20260910,20261009,"00Z,12Z",D1,3h,2.703,3.219,4.408,0.9,476
47E3834A,IMATA,AREQUIPA,CAYLLOMA,eta5,temp,20260910,20261009,"00Z,12Z",D1,3h,4.866,4.887,5.884,0.857,382
47E3834A,IMATA,AREQUIPA,CAYLLOMA,wrf5,temp,20260910,20261009,"00Z,12Z",D1,3h,2.669,3.205,4.285,0.915,471
47E3834A,IMATA,AREQUIPA,CAYLLOMA,mpas15,temp,20260910,20261009,00Z,D1,3h,0.006,2.354,2.972,0.899,238
4729E39A,PAMPA DE MAJES,AREQUIPA,CAYLLOMA,ecmwf,temp,20260910,20261009,"00Z,12Z",D1,3h,1.024,1.783,2.2,0.93,478
4729E39A,PAMPA DE MAJES,AREQUIPA,CAYLLOMA,gfs,temp,20260910,20261009,"00Z,12Z",D1,3h,1.176,2.004,2.423,0.925,478
4729E39A,PAMPA DE MAJES,AREQUIPA,CAYLLOMA,eta5,temp,20260910,20261009,"00Z,12Z",D1,3h,3.491,3.536,3.984,0.942,383
4729E39A,PAMPA DE MAJES,AREQUIPA,CAYLLOMA,wrf5,temp,20260910,20261009,"00Z,12Z",D1,3h,1.474,2.734,3.298,0.845,473
4729E39A,PAMPA DE MAJES,AREQUIPA,CAYLLOMA,mpas15,temp,20260910,20261009,00Z,D1,3h,-1.334,2.443,3.026,0.879,239
47E373CE,PILLONES,AREQUIPA,CAYLLOMA,ecmwf,temp,20260910,20261009,"00Z,12Z",D1,3h,2.753,2.919,3.779,0.955,474
47E373CE,PILLONES,AREQUIPA,CAYLLOMA,gfs,temp,20260910,20261009,"00Z,12Z",D1,3h,3.648,3.859,5.216,0.912,474
47E373CE,PILLONES,AREQUIPA,CAYLLOMA,eta5,temp,20260910,20261009,"00Z,12Z",D1,3h,4.251,4.334,5.165,0.906,380
47E373CE,PILLONES,AREQUIPA,CAYLLOMA,wrf5,temp,20260910,20261009,"00Z,12Z",D1,3h,2.722,3.388,4.77,0.879,469
47E373CE,PILLONES,AREQUIPA,CAYLLOMA,mpas15,temp,20260910,20261009,00Z,D1,3h,-0.553,2.117,2.51,0.94,237
47265686,SIBAYO,AREQUIPA,CAYLLOMA,ecmwf,temp,20260910,20261009,"00Z,12Z",D1,3h,S/D,S/D,S/D,S/D,0
47265686,SIBAYO,AREQUIPA,CAYLLOMA,gfs,temp,20260910,20261009,"00Z,12Z",D1,3h,S/D,S/D,S/D,S/D,0
47265686,SIBAYO,AREQUIPA,CAYLLOMA,eta5,temp,20260910,20261009,"00Z,12Z",D1,3h,S/D,S/D,S/D,S/D,0
47265686,SIBAYO,AREQUIPA,CAYLLOMA,wrf5,temp,20260910,20261009,"00Z,12Z",D1,3h,S/D,S/D,S/D,S/D,0
47265686,SIBAYO,AREQUIPA,CAYLLOMA,mpas15,temp,20260910,20261009,00Z,D1,3h,S/D,S/D,S/D,S/D,0
472ED434,SUMBAY,AREQUIPA,CAYLLOMA,ecmwf,temp,20260910,20261009,"00Z,12Z",D1,3h,S/D,S/D,S/D,S/D,0
472ED434,SUMBAY,AREQUIPA,CAYLLOMA,gfs,temp,20260910,20261009,"00Z,12Z",D1,3h,S/D,S/D,S/D,S/D,0
472ED434,SUMBAY,AREQUIPA,CAYLLOMA,eta5,temp,20260910,20261009,"00Z,12Z",D1,3h,S/D,S/D,S/D,S/D,0
472ED434,SUMBAY,AREQUIPA,CAYLLOMA,wrf5,temp,20260910,20261009,"00Z,12Z",D1,3h,S/D,S/D,S/D,S/D,0
472ED434,SUMBAY,AREQUIPA,CAYLLOMA,mpas15,temp,20260910,20261009,00Z,D1,3h,S/D,S/D,S/D,S/D,0
115150,COROPUNA,AREQUIPA,CONDESUYOS,ecmwf,temp,20260910,20261009,"00Z,12Z",D1,3h,6.229,6.229,6.703,0.818,468
115150,COROPUNA,AREQUIPA,CONDESUYOS,gfs,temp,20260910,20261009,"00Z,12Z",D1,3h,9.417,9.417,9.591,0.819,468
115150,COROPUNA,AREQUIPA,CONDESUYOS,eta5,temp,20260910,20261009,"00Z,12Z",D1,3h,3.364,3.366,3.539,0.885,374
115150,COROPUNA,AREQUIPA,CONDESUYOS,wrf5,temp,20260910,20261009,"00Z,12Z",D1,3h,2.32,2.355,2.615,0.891,463
115150,COROPUNA,AREQUIPA,CONDESUYOS,mpas15,temp,20260910,20261009,00Z,D1,3h,8.059,8.059,8.488,0.747,234
114119,VISCA VISCA,AREQUIPA,CONDESUYOS,ecmwf,temp,20260910,20261009,"00Z,12Z",D1,3h,-3.277,3.976,4.684,0.793,470
114119,VISCA VISCA,AREQUIPA,CONDESUYOS,gfs,temp,20260910,20261009,"00Z,12Z",D1,3h,-1.123,2.352,2.898,0.877,470
114119,VISCA VISCA,AREQUIPA,CONDESUYOS,eta5,temp,20260910,20261009,"00Z,12Z",D1,3h,1.279,2.5,3.133,0.844,377
114119,VISCA VISCA,AREQUIPA,CONDESUYOS,wrf5,temp,20260910,20261009,"00Z,12Z",D1,3h,-0.832,2.496,3.058,0.839,465
114119,VISCA VISCA,AREQUIPA,CONDESUYOS,mpas15,temp,20260910,20261009,00Z,D1,3h,-3.399,3.85,4.295,0.857,235
47280292,COTAHUASI,AREQUIPA,LA UNION,ecmwf,temp,20260910,20261009,"00Z,12Z",D1,3h,-6.116,6.117,6.43,0.895,446
47280292,COTAHUASI,AREQUIPA,LA UNION,gfs,temp,20260910,20261009,"00Z,12Z",D1,3h,-6.674,6.674,7.04,0.855,446
47280292,COTAHUASI,AREQUIPA,LA UNION,eta5,temp,20260910,20261009,"00Z,12Z",D1,3h,-1.075,2.648,3.246,0.877,353
47280292,COTAHUASI,AREQUIPA,LA UNION,wrf5,temp,20260910,20261009,"00Z,12Z",D1,3h,-2.23,2.452,3.016,0.856,441
47280292,COTAHUASI,AREQUIPA,LA UNION,mpas15,temp,20260910,20261009,00Z,D1,3h,-12.234,12.234,12.394,0.895,223
115151,CUYAU,AREQUIPA,LA UNION,ecmwf,temp,20260910,20261009,"00Z,12Z",D1,3h,S/D,S/D,S/D,S/D,0
115151,CUYAU,AREQUIPA,LA UNION,gfs,temp,20260910,20261009,"00Z,12Z",D1,3h,S/D,S/D,S/D,S/D,0
115151,CUYAU,AREQUIPA,LA UNION,eta5,temp,20260910,20261009,"00Z,12Z",D1,3h,S/D,S/D,S/D,S/D,0
115151,CUYAU,AREQUIPA,LA UNION,wrf5,temp,20260910,20261009,"00Z,12Z",D1,3h,S/D,S/D,S/D,S/D,0
115151,CUYAU,AREQUIPA,LA UNION,mpas15,temp,20260910,20261009,00Z,D1,3h,S/D,S/D,S/D,S/D,0
4729D600,PAMPA CANGALLO,AYACUCHO,CANGALLO,ecmwf,temp,20260910,20261009,"00Z,12Z",D1,3h,-3.215,3.433,4.061,0.913,478
4729D600,PAMPA CANGALLO,AYACUCHO,CANGALLO,gfs,temp,20260910,20261009,"00Z,12Z",D1,3h,-2.532,3.326,4.025,0.882,478
4729D600,PAMPA CANGALLO,AYACUCHO,CANGALLO,eta5,temp,20260910,20261009,"00Z,12Z",D1,3h,-1.32,2.345,3.025,0.887,383
4729D600,PAMPA CANGALLO,AYACUCHO,CANGALLO,wrf5,temp,20260910,20261009,"00Z,12Z",D1,3h,0.633,2.51,3.166,0.866,473
4729D600,PAMPA CANGALLO,AYACUCHO,CANGALLO,mpas15,temp,20260910,20261009,00Z,D1,3h,-4.216,4.36,4.964,0.908,239
113248,SANTA CRUZ DE HOSPICIO,AYACUCHO,CANGALLO,ecmwf,temp,20260910,20261009,"00Z,12Z",D1,3h,-0.934,1.73,2.052,0.932,478
113248,SANTA CRUZ DE HOSPICIO,AYACUCHO,CANGALLO,gfs,temp,20260910,20261009,"00Z,12Z",D1,3h,-0.67,2.4,2.838,0.883,478
113248,SANTA CRUZ DE HOSPICIO,AYACUCHO,CANGALLO,eta5,temp,20260910,20261009,"00Z,12Z",D1,3h,0.35,1.623,2.16,0.892,382
113248,SANTA CRUZ DE HOSPICIO,AYACUCHO,CANGALLO,wrf5,temp,20260910,20261009,"00Z,12Z",D1,3h,-0.462,2.259,2.79,0.864,473
113248,SANTA CRUZ DE HOSPICIO,AYACUCHO,CANGALLO,mpas15,temp,20260910,20261009,00Z,D1,3h,-3.56,3.895,4.339,0.888,239
250900,PUENTE PAMPAS GORE APU,AYACUCHO,HUAMANGA,ecmwf,temp,20260910,20261009,"00Z,12Z",D1,3h,S/D,S/D,S/D,S/D,0
250900,PUENTE PAMPAS GORE APU,AYACUCHO,HUAMANGA,gfs,temp,20260910,20261009,"00Z,12Z",D1,3h,S/D,S/D,S/D,S/D,0
250900,PUENTE PAMPAS GORE APU,AYACUCHO,HUAMANGA,eta5,temp,20260910,20261009,"00Z,12Z",D1,3h,S/D,S/D,S/D,S/D,0
250900,PUENTE PAMPAS GORE APU,AYACUCHO,HUAMANGA,wrf5,temp,20260910,20261009,"00Z,12Z",D1,3h,S/D,S/D,S/D,S/D,0
250900,PUENTE PAMPAS GORE APU,AYACUCHO,HUAMANGA,mpas15,temp,20260910,20261009,00Z,D1,3h,S/D,S/D,S/D,S/D,0
114122,CCONTACC,AYACUCHO,LUCANAS,ecmwf,temp,20260910,20261009,"00Z,12Z",D1,3h,-2.869,2.956,3.368,0.934,480
114122,CCONTACC,AYACUCHO,LUCANAS,gfs,temp,20260910,20261009,"00Z,12Z",D1,3h,-2.45,2.732,3.333,0.903,480
114122,CCONTACC,AYACUCHO,LUCANAS,eta5,temp,20260910,20261009,"00Z,12Z",D1,3h,-1.763,2.077,2.591,0.905,384
114122,CCONTACC,AYACUCHO,LUCANAS,wrf5,temp,20260910,20261009,"00Z,12Z",D1,3h,-0.839,2.214,2.526,0.875,475
114122,CCONTACC,AYACUCHO,LUCANAS,mpas15,temp,20260910,20261009,00Z,D1,3h,-3.37,3.407,3.697,0.939,240
47290068,HUAC-HUAS,AYACUCHO,LUCANAS,ecmwf,temp,20260910,20261009,"00Z,12Z",D1,3h,4.884,4.884,5.079,0.832,470
47290068,HUAC-HUAS,AYACUCHO,LUCANAS,gfs,temp,20260910,20261009,"00Z,12Z",D1,3h,4.123,4.131,4.457,0.804,470
47290068,HUAC-HUAS,AYACUCHO,LUCANAS,eta5,temp,20260910,20261009,"00Z,12Z",D1,3h,-0.454,1.624,2.022,0.798,376
47290068,HUAC-HUAS,AYACUCHO,LUCANAS,wrf5,temp,20260910,20261009,"00Z,12Z",D1,3h,-1.239,1.702,2.074,0.807,465
47290068,HUAC-HUAS,AYACUCHO,LUCANAS,mpas15,temp,20260910,20261009,00Z,D1,3h,-1.858,2.087,2.525,0.804,235
114127,PAMPA GALERAS,AYACUCHO,LUCANAS,ecmwf,temp,20260910,20261009,"00Z,12Z",D1,3h,3.032,3.932,5.242,0.879,480
114127,PAMPA GALERAS,AYACUCHO,LUCANAS,gfs,temp,20260910,20261009,"00Z,12Z",D1,3h,5.216,5.494,7.376,0.845,480
114127,PAMPA GALERAS,AYACUCHO,LUCANAS,eta5,temp,20260910,20261009,"00Z,12Z",D1,3h,1.961,3.023,4.045,0.914,384
114127,PAMPA GALERAS,AYACUCHO,LUCANAS,wrf5,temp,20260910,20261009,"00Z,12Z",D1,3h,1.902,3.77,4.833,0.862,475
114127,PAMPA GALERAS,AYACUCHO,LUCANAS,mpas15,temp,20260910,20261009,00Z,D1,3h,1.008,2.815,3.479,0.945,240
114121,HURAY HUMA,AYACUCHO,PARINACOCHAS,ecmwf,temp,20260910,20261009,"00Z,12Z",D1,3h,-1.67,3.539,4.022,0.876,430
114121,HURAY HUMA,AYACUCHO,PARINACOCHAS,gfs,temp,20260910,20261009,"00Z,12Z",D1,3h,-0.015,3.571,4.103,0.877,430
114121,HURAY HUMA,AYACUCHO,PARINACOCHAS,eta5,temp,20260910,20261009,"00Z,12Z",D1,3h,0.792,2.424,3.269,0.906,339
114121,HURAY HUMA,AYACUCHO,PARINACOCHAS,wrf5,temp,20260910,20261009,"00Z,12Z",D1,3h,0.149,3.186,3.843,0.876,427
114121,HURAY HUMA,AYACUCHO,PARINACOCHAS,mpas15,temp,20260910,20261009,00Z,D1,3h,-1.569,3.186,3.624,0.929,215
115155,PAUZA,AYACUCHO,PAUCAR DEL SARA SARA,ecmwf,temp,20260910,20261009,"00Z,12Z",D1,3h,-3.702,3.71,4.136,0.912,446
115155,PAUZA,AYACUCHO,PAUCAR DEL SARA SARA,gfs,temp,20260910,20261009,"00Z,12Z",D1,3h,-4.561,4.561,5.132,0.869,446
115155,PAUZA,AYACUCHO,PAUCAR DEL SARA SARA,eta5,temp,20260910,20261009,"00Z,12Z",D1,3h,0.923,1.778,2.247,0.933,356
115155,PAUZA,AYACUCHO,PAUCAR DEL SARA SARA,wrf5,temp,20260910,20261009,"00Z,12Z",D1,3h,3.102,3.142,3.539,0.911,441
115155,PAUZA,AYACUCHO,PAUCAR DEL SARA SARA,mpas15,temp,20260910,20261009,00Z,D1,3h,-8.193,8.193,8.366,0.914,223
4725B27A,PAUCARAY,AYACUCHO,SUCRE,ecmwf,temp,20260910,20261009,"00Z,12Z",D1,3h,S/D,S/D,S/D,S/D,0
4725B27A,PAUCARAY,AYACUCHO,SUCRE,gfs,temp,20260910,20261009,"00Z,12Z",D1,3h,S/D,S/D,S/D,S/D,0
4725B27A,PAUCARAY,AYACUCHO,SUCRE,eta5,temp,20260910,20261009,"00Z,12Z",D1,3h,S/D,S/D,S/D,S/D,0
4725B27A,PAUCARAY,AYACUCHO,SUCRE,wrf5,temp,20260910,20261009,"00Z,12Z",D1,3h,S/D,S/D,S/D,S/D,0
4725B27A,PAUCARAY,AYACUCHO,SUCRE,mpas15,temp,20260910,20261009,00Z,D1,3h,S/D,S/D,S/D,S/D,0
4729F0EC,CAJABAMBA,CAJAMARCA,CAJABAMBA,ecmwf,temp,20260910,20261009,"00Z,12Z",D1,3h,-3.79,3.863,4.322,0.893,478
4729F0EC,CAJABAMBA,CAJAMARCA,CAJABAMBA,gfs,temp,20260910,20261009,"00Z,12Z",D1,3h,-1.345,2.298,2.867,0.836,478
4729F0EC,CAJABAMBA,CAJAMARCA,CAJABAMBA,eta5,temp,20260910,20261009,"00Z,12Z",D1,3h,-3.854,3.93,4.41,0.87,383
4729F0EC,CAJABAMBA,CAJAMARCA,CAJABAMBA,wrf5,temp,20260910,20261009,"00Z,12Z",D1,3h,-2.563,2.907,3.575,0.867,473
4729F0EC,CAJABAMBA,CAJAMARCA,CAJABAMBA,mpas15,temp,20260910,20261009,00Z,D1,3h,-4.783,4.789,5.236,0.924,239
472A32FC,CRISNEJAS,CAJAMARCA,CAJABAMBA,ecmwf,temp,20260910,20261009,"00Z,12Z",D1,3h,S/D,S/D,S/D,S/D,0
472A32FC,CRISNEJAS,CAJAMARCA,CAJABAMBA,gfs,temp,20260910,20261009,"00Z,12Z",D1,3h,S/D,S/D,S/D,S/D,0
472A32FC,CRISNEJAS,CAJAMARCA,CAJABAMBA,eta5,temp,20260910,20261009,"00Z,12Z",D1,3h,S/D,S/D,S/D,S/D,0
472A32FC,CRISNEJAS,CAJAMARCA,CAJABAMBA,wrf5,temp,20260910,20261009,"00Z,12Z",D1,3h,S/D,S/D,S/D,S/D,0
472A32FC,CRISNEJAS,CAJAMARCA,CAJABAMBA,mpas15,temp,20260910,20261009,00Z,D1,3h,S/D,S/D,S/D,S/D,0
472645F0,UNC CAJAMARCA,CAJAMARCA,CAJAMARCA,ecmwf,temp,20260910,20261009,"00Z,12Z",D1,3h,-1.886,2.4,2.936,0.897,472
472645F0,UNC CAJAMARCA,CAJAMARCA,CAJAMARCA,gfs,temp,20260910,20261009,"00Z,12Z",D1,3h,-1.372,2.282,2.911,0.846,472
472645F0,UNC CAJAMARCA,CAJAMARCA,CAJAMARCA,eta5,temp,20260910,20261009,"00Z,12Z",D1,3h,0.765,1.75,2.196,0.878,379
472645F0,UNC CAJAMARCA,CAJAMARCA,CAJAMARCA,wrf5,temp,20260910,20261009,"00Z,12Z",D1,3h,0.793,1.863,2.308,0.882,467
472645F0,UNC CAJAMARCA,CAJAMARCA,CAJAMARCA,mpas15,temp,20260910,20261009,00Z,D1,3h,-3.795,3.854,4.38,0.885,236
472501F4,BALSAS,CAJAMARCA,CELENDIN,ecmwf,temp,20260910,20261009,"00Z,12Z",D1,3h,-10.564,10.564,10.888,0.829,478
472501F4,BALSAS,CAJAMARCA,CELENDIN,gfs,temp,20260910,20261009,"00Z,12Z",D1,3h,-11.871,11.871,12.178,0.784,478
472501F4,BALSAS,CAJAMARCA,CELENDIN,eta5,temp,20260910,20261009,"00Z,12Z",D1,3h,-6.326,6.33,6.917,0.818,382
472501F4,BALSAS,CAJAMARCA,CELENDIN,wrf5,temp,20260910,20261009,"00Z,12Z",D1,3h,-3.071,3.298,3.967,0.839,473
472501F4,BALSAS,CAJAMARCA,CELENDIN,mpas15,temp,20260910,20261009,00Z,D1,3h,-15.381,15.381,15.569,0.804,239
4726631C,CELENDIN,CAJAMARCA,CELENDIN,ecmwf,temp,20260910,20261009,"00Z,12Z",D1,3h,-1.369,2.288,2.815,0.821,472
4726631C,CELENDIN,CAJAMARCA,CELENDIN,gfs,temp,20260910,20261009,"00Z,12Z",D1,3h,-1.219,1.868,2.406,0.864,472
4726631C,CELENDIN,CAJAMARCA,CELENDIN,eta5,temp,20260910,20261009,"00Z,12Z",D1,3h,-0.534,1.804,2.184,0.846,376
4726631C,CELENDIN,CAJAMARCA,CELENDIN,wrf5,temp,20260910,20261009,"00Z,12Z",D1,3h,-0.019,1.662,2.017,0.854,467
4726631C,CELENDIN,CAJAMARCA,CELENDIN,mpas15,temp,20260910,20261009,00Z,D1,3h,-0.349,1.71,2.142,0.841,236
4726C3E4,CHOTA,CAJAMARCA,CHOTA,ecmwf,temp,20260910,20261009,"00Z,12Z",D1,3h,-2.794,2.943,3.56,0.867,466
4726C3E4,CHOTA,CAJAMARCA,CHOTA,gfs,temp,20260910,20261009,"00Z,12Z",D1,3h,-2.607,2.776,3.288,0.846,466
4726C3E4,CHOTA,CAJAMARCA,CHOTA,eta5,temp,20260910,20261009,"00Z,12Z",D1,3h,-2.579,2.73,3.145,0.864,372
4726C3E4,CHOTA,CAJAMARCA,CHOTA,wrf5,temp,20260910,20261009,"00Z,12Z",D1,3h,-0.106,1.616,2.075,0.845,463
4726C3E4,CHOTA,CAJAMARCA,CHOTA,mpas15,temp,20260910,20261009,00Z,D1,3h,-4.761,4.792,5.317,0.846,233
47E94706,HUAMBOS,CAJAMARCA,CHOTA,ecmwf,temp,20260910,20261009,"00Z,12Z",D1,3h,0.541,1.68,2.245,0.817,480
47E94706,HUAMBOS,CAJAMARCA,CHOTA,gfs,temp,20260910,20261009,"00Z,12Z",D1,3h,1.671,2.347,3.204,0.775,480
47E94706,HUAMBOS,CAJAMARCA,CHOTA,eta5,temp,20260910,20261009,"00Z,12Z",D1,3h,2.161,2.708,3.42,0.789,384
47E94706,HUAMBOS,CAJAMARCA,CHOTA,wrf5,temp,20260910,20261009,"00Z,12Z",D1,3h,0.625,1.603,2.088,0.812,475
47E94706,HUAMBOS,CAJAMARCA,CHOTA,mpas15,temp,20260910,20261009,00Z,D1,3h,-1.136,1.736,2.207,0.773,240
47E35522,LA MUCHALA,CAJAMARCA,CHOTA,ecmwf,temp,20260910,20261009,"00Z,12Z",D1,3h,1.191,1.514,1.86,0.636,112
47E35522,LA MUCHALA,CAJAMARCA,CHOTA,gfs,temp,20260910,20261009,"00Z,12Z",D1,3h,2.541,2.582,3.151,0.685,112
47E35522,LA MUCHALA,CAJAMARCA,CHOTA,eta5,temp,20260910,20261009,"00Z,12Z",D1,3h,4.135,4.135,4.542,0.605,91
47E35522,LA MUCHALA,CAJAMARCA,CHOTA,wrf5,temp,20260910,20261009,"00Z,12Z",D1,3h,2.163,2.248,2.771,0.704,112
47E35522,LA MUCHALA,CAJAMARCA,CHOTA,mpas15,temp,20260910,20261009,00Z,D1,3h,0.606,1.609,2.134,0.539,56
47E1D6C2,PUENTE SAN CARLOS,CAJAMARCA,CHOTA,ecmwf,temp,20260910,20261009,"00Z,12Z",D1,3h,-5.426,5.44,5.881,0.665,478
47E1D6C2,PUENTE SAN CARLOS,CAJAMARCA,CHOTA,gfs,temp,20260910,20261009,"00Z,12Z",D1,3h,-4.13,4.371,4.96,0.547,478
47E1D6C2,PUENTE SAN CARLOS,CAJAMARCA,CHOTA,eta5,temp,20260910,20261009,"00Z,12Z",D1,3h,-1.124,1.878,2.176,0.855,382
47E1D6C2,PUENTE SAN CARLOS,CAJAMARCA,CHOTA,wrf5,temp,20260910,20261009,"00Z,12Z",D1,3h,-1.788,2.507,2.861,0.874,473
47E1D6C2,PUENTE SAN CARLOS,CAJAMARCA,CHOTA,mpas15,temp,20260910,20261009,00Z,D1,3h,-2.437,2.613,2.916,0.858,239
47E1F02E,TUNEL CHOTANO,CAJAMARCA,CHOTA,ecmwf,temp,20260910,20261009,"00Z,12Z",D1,3h,-4.132,4.137,4.627,0.896,476
47E1F02E,TUNEL CHOTANO,CAJAMARCA,CHOTA,gfs,temp,20260910,20261009,"00Z,12Z",D1,3h,-3.94,3.952,4.428,0.849,476
47E1F02E,TUNEL CHOTANO,CAJAMARCA,CHOTA,eta5,temp,20260910,20261009,"00Z,12Z",D1,3h,-1.171,1.674,2.077,0.888,380
47E1F02E,TUNEL CHOTANO,CAJAMARCA,CHOTA,wrf5,temp,20260910,20261009,"00Z,12Z",D1,3h,-2.438,2.703,3.467,0.796,471
47E1F02E,TUNEL CHOTANO,CAJAMARCA,CHOTA,mpas15,temp,20260910,20261009,00Z,D1,3h,-5.287,5.287,5.842,0.877,238
472C92CA,CASCABAMBA,CAJAMARCA,CONTUMAZA,ecmwf,temp,20260910,20261009,"00Z,12Z",D1,3h,7.508,7.508,7.837,0.764,478
472C92CA,CASCABAMBA,CAJAMARCA,CONTUMAZA,gfs,temp,20260910,20261009,"00Z,12Z",D1,3h,9.445,9.445,9.675,0.751,478
472C92CA,CASCABAMBA,CAJAMARCA,CONTUMAZA,eta5,temp,20260910,20261009,"00Z,12Z",D1,3h,0.85,1.494,1.943,0.821,383
472C92CA,CASCABAMBA,CAJAMARCA,CONTUMAZA,wrf5,temp,20260910,20261009,"00Z,12Z",D1,3h,0.319,1.856,2.355,0.71,473
472C92CA,CASCABAMBA,CAJAMARCA,CONTUMAZA,mpas15,temp,20260910,20261009,00Z,D1,3h,6.787,6.795,7.062,0.787,239
472C81BC,GUZMANGO,CAJAMARCA,CONTUMAZA,ecmwf,temp,20260910,20261009,"00Z,12Z",D1,3h,3.963,3.966,4.364,0.663,478
472C81BC,GUZMANGO,CAJAMARCA,CONTUMAZA,gfs,temp,20260910,20261009,"00Z,12Z",D1,3h,4.94,4.94,5.366,0.63,478
472C81BC,GUZMANGO,CAJAMARCA,CONTUMAZA,eta5,temp,20260910,20261009,"00Z,12Z",D1,3h,1.416,1.83,2.294,0.729,382
472C81BC,GUZMANGO,CAJAMARCA,CONTUMAZA,wrf5,temp,20260910,20261009,"00Z,12Z",D1,3h,2.368,2.575,2.952,0.688,473
472C81BC,GUZMANGO,CAJAMARCA,CONTUMAZA,mpas15,temp,20260910,20261009,00Z,D1,3h,2.323,2.481,2.998,0.707,239
4727470A,PUENTE CHILETE,CAJAMARCA,CONTUMAZA,ecmwf,temp,20260910,20261009,"00Z,12Z",D1,3h,-8.27,8.27,8.546,0.858,478
4727470A,PUENTE CHILETE,CAJAMARCA,CONTUMAZA,gfs,temp,20260910,20261009,"00Z,12Z",D1,3h,-7.754,7.754,8.077,0.774,478
4727470A,PUENTE CHILETE,CAJAMARCA,CONTUMAZA,eta5,temp,20260910,20261009,"00Z,12Z",D1,3h,-1.012,1.69,2.105,0.873,382
4727470A,PUENTE CHILETE,CAJAMARCA,CONTUMAZA,wrf5,temp,20260910,20261009,"00Z,12Z",D1,3h,-2.013,2.25,2.634,0.887,473
4727470A,PUENTE CHILETE,CAJAMARCA,CONTUMAZA,mpas15,temp,20260910,20261009,00Z,D1,3h,-10.58,10.58,10.853,0.772,239
4726E508,YONAN GORE,CAJAMARCA,CONTUMAZA,ecmwf,temp,20260910,20261009,"00Z,12Z",D1,3h,S/D,S/D,S/D,S/D,0
4726E508,YONAN GORE,CAJAMARCA,CONTUMAZA,gfs,temp,20260910,20261009,"00Z,12Z",D1,3h,S/D,S/D,S/D,S/D,0
4726E508,YONAN GORE,CAJAMARCA,CONTUMAZA,eta5,temp,20260910,20261009,"00Z,12Z",D1,3h,S/D,S/D,S/D,S/D,0
4726E508,YONAN GORE,CAJAMARCA,CONTUMAZA,wrf5,temp,20260910,20261009,"00Z,12Z",D1,3h,S/D,S/D,S/D,S/D,0
4726E508,YONAN GORE,CAJAMARCA,CONTUMAZA,mpas15,temp,20260910,20261009,00Z,D1,3h,S/D,S/D,S/D,S/D,0
472B3006,CUMBA,CAJAMARCA,CUTERVO,ecmwf,temp,20260910,20261009,"00Z,12Z",D1,3h,S/D,S/D,S/D,S/D,0
472B3006,CUMBA,CAJAMARCA,CUTERVO,gfs,temp,20260910,20261009,"00Z,12Z",D1,3h,S/D,S/D,S/D,S/D,0
472B3006,CUMBA,CAJAMARCA,CUTERVO,eta5,temp,20260910,20261009,"00Z,12Z",D1,3h,S/D,S/D,S/D,S/D,0
472B3006,CUMBA,CAJAMARCA,CUTERVO,wrf5,temp,20260910,20261009,"00Z,12Z",D1,3h,S/D,S/D,S/D,S/D,0
472B3006,CUMBA,CAJAMARCA,CUTERVO,mpas15,temp,20260910,20261009,00Z,D1,3h,S/D,S/D,S/D,S/D,0
4726A602,CUTERVO,CAJAMARCA,CUTERVO,ecmwf,temp,20260910,20261009,"00Z,12Z",D1,3h,0.091,1.677,2.125,0.804,454
4726A602,CUTERVO,CAJAMARCA,CUTERVO,gfs,temp,20260910,20261009,"00Z,12Z",D1,3h,0.223,1.374,1.718,0.834,454
4726A602,CUTERVO,CAJAMARCA,CUTERVO,eta5,temp,20260910,20261009,"00Z,12Z",D1,3h,-0.237,1.479,1.859,0.854,367
4726A602,CUTERVO,CAJAMARCA,CUTERVO,wrf5,temp,20260910,20261009,"00Z,12Z",D1,3h,-0.386,1.24,1.574,0.858,449
4726A602,CUTERVO,CAJAMARCA,CUTERVO,mpas15,temp,20260910,20261009,00Z,D1,3h,0.467,1.11,1.391,0.883,227
4726D092,BAMBAMARCA H,CAJAMARCA,HUALGAYOC,ecmwf,temp,20260910,20261009,"00Z,12Z",D1,3h,S/D,S/D,S/D,S/D,0
4726D092,BAMBAMARCA H,CAJAMARCA,HUALGAYOC,gfs,temp,20260910,20261009,"00Z,12Z",D1,3h,S/D,S/D,S/D,S/D,0
4726D092,BAMBAMARCA H,CAJAMARCA,HUALGAYOC,eta5,temp,20260910,20261009,"00Z,12Z",D1,3h,S/D,S/D,S/D,S/D,0
4726D092,BAMBAMARCA H,CAJAMARCA,HUALGAYOC,wrf5,temp,20260910,20261009,"00Z,12Z",D1,3h,S/D,S/D,S/D,S/D,0
4726D092,BAMBAMARCA H,CAJAMARCA,HUALGAYOC,mpas15,temp,20260910,20261009,00Z,D1,3h,S/D,S/D,S/D,S/D,0
472680EE,BAMBAMARCA M,CAJAMARCA,HUALGAYOC,ecmwf,temp,20260910,20261009,"00Z,12Z",D1,3h,-5.001,5.016,5.478,0.833,480
472680EE,BAMBAMARCA M,CAJAMARCA,HUALGAYOC,gfs,temp,20260910,20261009,"00Z,12Z",D1,3h,-5.747,5.747,6.057,0.804,480
472680EE,BAMBAMARCA M,CAJAMARCA,HUALGAYOC,eta5,temp,20260910,20261009,"00Z,12Z",D1,3h,-2.499,2.751,3.173,0.852,384
472680EE,BAMBAMARCA M,CAJAMARCA,HUALGAYOC,wrf5,temp,20260910,20261009,"00Z,12Z",D1,3h,-0.55,1.409,1.806,0.862,475
472680EE,BAMBAMARCA M,CAJAMARCA,HUALGAYOC,mpas15,temp,20260910,20261009,00Z,D1,3h,-5.843,5.843,6.157,0.804,240
4727F484,CHUGUR,CAJAMARCA,HUALGAYOC,ecmwf,temp,20260910,20261009,"00Z,12Z",D1,3h,-4.682,4.695,5.006,0.823,474
4727F484,CHUGUR,CAJAMARCA,HUALGAYOC,gfs,temp,20260910,20261009,"00Z,12Z",D1,3h,-2.614,2.662,3.05,0.786,474
4727F484,CHUGUR,CAJAMARCA,HUALGAYOC,eta5,temp,20260910,20261009,"00Z,12Z",D1,3h,0.852,1.51,1.906,0.866,379
4727F484,CHUGUR,CAJAMARCA,HUALGAYOC,wrf5,temp,20260910,20261009,"00Z,12Z",D1,3h,-1.911,2.036,2.531,0.783,469
4727F484,CHUGUR,CAJAMARCA,HUALGAYOC,mpas15,temp,20260910,20261009,00Z,D1,3h,-1.487,1.767,2.15,0.819,237
472A571A,HUALLAPE,CAJAMARCA,JAEN,ecmwf,temp,20260910,20261009,"00Z,12Z",D1,3h,S/D,S/D,S/D,S/D,0
472A571A,HUALLAPE,CAJAMARCA,JAEN,gfs,temp,20260910,20261009,"00Z,12Z",D1,3h,S/D,S/D,S/D,S/D,0
472A571A,HUALLAPE,CAJAMARCA,JAEN,eta5,temp,20260910,20261009,"00Z,12Z",D1,3h,S/D,S/D,S/D,S/D,0
472A571A,HUALLAPE,CAJAMARCA,JAEN,wrf5,temp,20260910,20261009,"00Z,12Z",D1,3h,S/D,S/D,S/D,S/D,0
472A571A,HUALLAPE,CAJAMARCA,JAEN,mpas15,temp,20260910,20261009,00Z,D1,3h,S/D,S/D,S/D,S/D,0
47269398,JAEN,CAJAMARCA,JAEN,ecmwf,temp,20260910,20261009,"00Z,12Z",D1,3h,-3.111,3.206,3.592,0.913,474
47269398,JAEN,CAJAMARCA,JAEN,gfs,temp,20260910,20261009,"00Z,12Z",D1,3h,-2.285,2.45,2.753,0.923,474
47269398,JAEN,CAJAMARCA,JAEN,eta5,temp,20260910,20261009,"00Z,12Z",D1,3h,-0.971,1.817,2.276,0.87,379
47269398,JAEN,CAJAMARCA,JAEN,wrf5,temp,20260910,20261009,"00Z,12Z",D1,3h,0.423,1.49,1.973,0.875,469
47269398,JAEN,CAJAMARCA,JAEN,mpas15,temp,20260910,20261009,00Z,D1,3h,-4.583,4.61,5.023,0.892,237
105136,SAUZAL,CAJAMARCA,JAEN,ecmwf,temp,20260910,20261009,"00Z,12Z",D1,3h,S/D,S/D,S/D,S/D,0
105136,SAUZAL,CAJAMARCA,JAEN,gfs,temp,20260910,20261009,"00Z,12Z",D1,3h,S/D,S/D,S/D,S/D,0
105136,SAUZAL,CAJAMARCA,JAEN,eta5,temp,20260910,20261009,"00Z,12Z",D1,3h,S/D,S/D,S/D,S/D,0
105136,SAUZAL,CAJAMARCA,JAEN,wrf5,temp,20260910,20261009,"00Z,12Z",D1,3h,S/D,S/D,S/D,S/D,0
105136,SAUZAL,CAJAMARCA,JAEN,mpas15,temp,20260910,20261009,00Z,D1,3h,S/D,S/D,S/D,S/D,0
4725E206,SAN MARCOS,CAJAMARCA,SAN MARCOS,ecmwf,temp,20260910,20261009,"00Z,12Z",D1,3h,-5.168,5.199,5.813,0.911,474
4725E206,SAN MARCOS,CAJAMARCA,SAN MARCOS,gfs,temp,20260910,20261009,"00Z,12Z",D1,3h,-5.049,5.173,6.304,0.853,474
4725E206,SAN MARCOS,CAJAMARCA,SAN MARCOS,eta5,temp,20260910,20261009,"00Z,12Z",D1,3h,-1.975,2.851,3.43,0.882,379
4725E206,SAN MARCOS,CAJAMARCA,SAN MARCOS,wrf5,temp,20260910,20261009,"00Z,12Z",D1,3h,0.719,2.555,3.175,0.863,469
4725E206,SAN MARCOS,CAJAMARCA,SAN MARCOS,mpas15,temp,20260910,20261009,00Z,D1,3h,-4.642,4.691,5.608,0.934,237
47E207A4,TONGOD,CAJAMARCA,SAN MIGUEL,ecmwf,temp,20260910,20261009,"00Z,12Z",D1,3h,-4.667,4.757,5.319,0.849,476
47E207A4,TONGOD,CAJAMARCA,SAN MIGUEL,gfs,temp,20260910,20261009,"00Z,12Z",D1,3h,-2.587,3.121,3.637,0.784,476
47E207A4,TONGOD,CAJAMARCA,SAN MIGUEL,eta5,temp,20260910,20261009,"00Z,12Z",D1,3h,-3.167,3.551,3.948,0.819,381
47E207A4,TONGOD,CAJAMARCA,SAN MIGUEL,wrf5,temp,20260910,20261009,"00Z,12Z",D1,3h,0.97,2.037,2.797,0.784,471
47E207A4,TONGOD,CAJAMARCA,SAN MIGUEL,mpas15,temp,20260910,20261009,00Z,D1,3h,-3.484,3.773,4.318,0.79,238
47E1C5B4,CAÑAD,CAJAMARCA,SANTA CRUZ,ecmwf,temp,20260910,20261009,"00Z,12Z",D1,3h,-8.944,8.944,9.217,0.739,472
47E1C5B4,CAÑAD,CAJAMARCA,SANTA CRUZ,gfs,temp,20260910,20261009,"00Z,12Z",D1,3h,-8.056,8.056,8.328,0.72,472
47E1C5B4,CAÑAD,CAJAMARCA,SANTA CRUZ,eta5,temp,20260910,20261009,"00Z,12Z",D1,3h,-4.294,4.382,5.09,0.713,378
47E1C5B4,CAÑAD,CAJAMARCA,SANTA CRUZ,wrf5,temp,20260910,20261009,"00Z,12Z",D1,3h,-1.412,1.93,2.458,0.794,467
47E1C5B4,CAÑAD,CAJAMARCA,SANTA CRUZ,mpas15,temp,20260910,20261009,00Z,D1,3h,-6.421,6.421,6.737,0.771,236
47E3055E,CHANCAY BAÑOS,CAJAMARCA,SANTA CRUZ,ecmwf,temp,20260910,20261009,"00Z,12Z",D1,3h,-5.67,5.67,5.932,0.92,478
47E3055E,CHANCAY BAÑOS,CAJAMARCA,SANTA CRUZ,gfs,temp,20260910,20261009,"00Z,12Z",D1,3h,-5.498,5.498,5.795,0.838,478
47E3055E,CHANCAY BAÑOS,CAJAMARCA,SANTA CRUZ,eta5,temp,20260910,20261009,"00Z,12Z",D1,3h,-2.074,2.324,2.826,0.849,383
47E3055E,CHANCAY BAÑOS,CAJAMARCA,SANTA CRUZ,wrf5,temp,20260910,20261009,"00Z,12Z",D1,3h,0.118,1.574,2.072,0.81,473
47E3055E,CHANCAY BAÑOS,CAJAMARCA,SANTA CRUZ,mpas15,temp,20260910,20261009,00Z,D1,3h,-5.412,5.412,5.828,0.873,239
47E1E358,PUENTE AMBAN,CAJAMARCA,SANTA CRUZ,ecmwf,temp,20260910,20261009,"00Z,12Z",D1,3h,-4.873,4.878,5.327,0.893,478
47E1E358,PUENTE AMBAN,CAJAMARCA,SANTA CRUZ,gfs,temp,20260910,20261009,"00Z,12Z",D1,3h,-3.742,3.822,4.308,0.851,478
47E1E358,PUENTE AMBAN,CAJAMARCA,SANTA CRUZ,eta5,temp,20260910,20261009,"00Z,12Z",D1,3h,-2.024,2.392,2.852,0.864,382
47E1E358,PUENTE AMBAN,CAJAMARCA,SANTA CRUZ,wrf5,temp,20260910,20261009,"00Z,12Z",D1,3h,-0.501,1.933,2.559,0.81,473
47E1E358,PUENTE AMBAN,CAJAMARCA,SANTA CRUZ,mpas15,temp,20260910,20261009,00Z,D1,3h,-6.54,6.542,7.127,0.877,239
114132,POMACANCHI,CUSCO,ACOMAYO,ecmwf,temp,20260910,20261009,"00Z,12Z",D1,3h,-1.425,2.269,2.727,0.913,480
114132,POMACANCHI,CUSCO,ACOMAYO,gfs,temp,20260910,20261009,"00Z,12Z",D1,3h,-1.03,2.576,3.167,0.884,480
114132,POMACANCHI,CUSCO,ACOMAYO,eta5,temp,20260910,20261009,"00Z,12Z",D1,3h,0.128,1.905,2.491,0.879,384
114132,POMACANCHI,CUSCO,ACOMAYO,wrf5,temp,20260910,20261009,"00Z,12Z",D1,3h,1.001,2.187,2.986,0.881,475
114132,POMACANCHI,CUSCO,ACOMAYO,mpas15,temp,20260910,20261009,00Z,D1,3h,-2.638,3.087,3.574,0.919,240
113252,ANCACHURO,CUSCO,ANTA,ecmwf,temp,20260910,20261009,"00Z,12Z",D1,3h,-1.497,3.04,3.566,0.889,480
113252,ANCACHURO,CUSCO,ANTA,gfs,temp,20260910,20261009,"00Z,12Z",D1,3h,-0.522,3.322,3.768,0.889,480
113252,ANCACHURO,CUSCO,ANTA,eta5,temp,20260910,20261009,"00Z,12Z",D1,3h,3.856,3.918,4.696,0.909,384
113252,ANCACHURO,CUSCO,ANTA,wrf5,temp,20260910,20261009,"00Z,12Z",D1,3h,2.325,3.059,3.894,0.911,475
113252,ANCACHURO,CUSCO,ANTA,mpas15,temp,20260910,20261009,00Z,D1,3h,-2.074,2.977,3.738,0.949,240
47294362,SORAYPAMPA,CUSCO,ANTA,ecmwf,temp,20260910,20261009,"00Z,12Z",D1,3h,3.956,4.069,4.83,0.834,480
47294362,SORAYPAMPA,CUSCO,ANTA,gfs,temp,20260910,20261009,"00Z,12Z",D1,3h,3.361,3.407,3.99,0.879,480
47294362,SORAYPAMPA,CUSCO,ANTA,eta5,temp,20260910,20261009,"00Z,12Z",D1,3h,-3.477,3.814,4.324,0.855,384
47294362,SORAYPAMPA,CUSCO,ANTA,wrf5,temp,20260910,20261009,"00Z,12Z",D1,3h,-1.527,2.646,3.217,0.845,475
47294362,SORAYPAMPA,CUSCO,ANTA,mpas15,temp,20260910,20261009,00Z,D1,3h,-1.237,2.0,2.588,0.9,240
472976F8,CALCA,CUSCO,CALCA,ecmwf,temp,20260910,20261009,"00Z,12Z",D1,3h,-9.894,9.902,10.404,0.794,474
472976F8,CALCA,CUSCO,CALCA,gfs,temp,20260910,20261009,"00Z,12Z",D1,3h,-7.653,7.666,8.465,0.84,474
472976F8,CALCA,CUSCO,CALCA,eta5,temp,20260910,20261009,"00Z,12Z",D1,3h,-6.696,6.702,7.215,0.875,380
472976F8,CALCA,CUSCO,CALCA,wrf5,temp,20260910,20261009,"00Z,12Z",D1,3h,-0.355,2.292,2.827,0.884,469
472976F8,CALCA,CUSCO,CALCA,mpas15,temp,20260910,20261009,00Z,D1,3h,-8.562,8.566,9.032,0.913,237
472A6280,NUEVO PISAC,CUSCO,CALCA,ecmwf,temp,20260910,20261009,"00Z,12Z",D1,3h,S/D,S/D,S/D,S/D,0
472A6280,NUEVO PISAC,CUSCO,CALCA,gfs,temp,20260910,20261009,"00Z,12Z",D1,3h,S/D,S/D,S/D,S/D,0
472A6280,NUEVO PISAC,CUSCO,CALCA,eta5,temp,20260910,20261009,"00Z,12Z",D1,3h,S/D,S/D,S/D,S/D,0
472A6280,NUEVO PISAC,CUSCO,CALCA,wrf5,temp,20260910,20261009,"00Z,12Z",D1,3h,S/D,S/D,S/D,S/D,0
472A6280,NUEVO PISAC,CUSCO,CALCA,mpas15,temp,20260910,20261009,00Z,D1,3h,S/D,S/D,S/D,S/D,0
114126,PAYAPUNKU,CUSCO,CANAS,ecmwf,temp,20260910,20261009,"00Z,12Z",D1,3h,-1.337,2.46,3.071,0.895,480
114126,PAYAPUNKU,CUSCO,CANAS,gfs,temp,20260910,20261009,"00Z,12Z",D1,3h,0.003,2.275,2.95,0.879,480
114126,PAYAPUNKU,CUSCO,CANAS,eta5,temp,20260910,20261009,"00Z,12Z",D1,3h,-0.927,2.622,3.218,0.85,384
114126,PAYAPUNKU,CUSCO,CANAS,wrf5,temp,20260910,20261009,"00Z,12Z",D1,3h,1.197,2.775,3.578,0.831,475
114126,PAYAPUNKU,CUSCO,CANAS,mpas15,temp,20260910,20261009,00Z,D1,3h,-2.442,3.189,3.626,0.89,240
114125,SAUSAYA,CUSCO,CANAS,ecmwf,temp,20260910,20261009,"00Z,12Z",D1,3h,0.194,4.453,5.575,0.888,478
114125,SAUSAYA,CUSCO,CANAS,gfs,temp,20260910,20261009,"00Z,12Z",D1,3h,1.529,4.811,6.207,0.848,478
114125,SAUSAYA,CUSCO,CANAS,eta5,temp,20260910,20261009,"00Z,12Z",D1,3h,4.057,4.905,6.554,0.861,383
114125,SAUSAYA,CUSCO,CANAS,wrf5,temp,20260910,20261009,"00Z,12Z",D1,3h,3.777,5.158,6.905,0.842,473
114125,SAUSAYA,CUSCO,CANAS,mpas15,temp,20260910,20261009,00Z,D1,3h,-0.276,4.279,5.208,0.904,239
472E025C,QUISOQUEPINA,CUSCO,CANCHIS,ecmwf,temp,20260910,20261009,"00Z,12Z",D1,3h,-0.326,1.797,2.308,0.592,126
472E025C,QUISOQUEPINA,CUSCO,CANCHIS,gfs,temp,20260910,20261009,"00Z,12Z",D1,3h,2.1,2.3,2.801,0.653,126
472E025C,QUISOQUEPINA,CUSCO,CANCHIS,eta5,temp,20260910,20261009,"00Z,12Z",D1,3h,2.069,2.443,2.939,0.654,111
472E025C,QUISOQUEPINA,CUSCO,CANCHIS,wrf5,temp,20260910,20261009,"00Z,12Z",D1,3h,0.268,1.808,2.375,0.483,122
472E025C,QUISOQUEPINA,CUSCO,CANCHIS,mpas15,temp,20260910,20261009,00Z,D1,3h,1.561,2.022,2.553,0.614,63
114118,SALCCA,CUSCO,CANCHIS,ecmwf,temp,20260910,20261009,"00Z,12Z",D1,3h,S/D,S/D,S/D,S/D,0
114118,SALCCA,CUSCO,CANCHIS,gfs,temp,20260910,20261009,"00Z,12Z",D1,3h,S/D,S/D,S/D,S/D,0
114118,SALCCA,CUSCO,CANCHIS,eta5,temp,20260910,20261009,"00Z,12Z",D1,3h,S/D,S/D,S/D,S/D,0
114118,SALCCA,CUSCO,CANCHIS,wrf5,temp,20260910,20261009,"00Z,12Z",D1,3h,S/D,S/D,S/D,S/D,0
114118,SALCCA,CUSCO,CANCHIS,mpas15,temp,20260910,20261009,00Z,D1,3h,S/D,S/D,S/D,S/D,0
47E8B578,SIBINACOCHA,CUSCO,CANCHIS,ecmwf,temp,20260910,20261009,"00Z,12Z",D1,3h,0.043,2.475,2.957,0.793,480
47E8B578,SIBINACOCHA,CUSCO,CANCHIS,gfs,temp,20260910,20261009,"00Z,12Z",D1,3h,0.437,1.986,2.579,0.79,480
47E8B578,SIBINACOCHA,CUSCO,CANCHIS,eta5,temp,20260910,20261009,"00Z,12Z",D1,3h,3.003,3.206,4.001,0.815,384
47E8B578,SIBINACOCHA,CUSCO,CANCHIS,wrf5,temp,20260910,20261009,"00Z,12Z",D1,3h,1.626,2.508,3.195,0.766,475
47E8B578,SIBINACOCHA,CUSCO,CANCHIS,mpas15,temp,20260910,20261009,00Z,D1,3h,-1.499,2.39,2.818,0.816,240
4726158C,SICUANI,CUSCO,CANCHIS,ecmwf,temp,20260910,20261009,"00Z,12Z",D1,3h,-2.055,2.917,3.424,0.953,472
4726158C,SICUANI,CUSCO,CANCHIS,gfs,temp,20260910,20261009,"00Z,12Z",D1,3h,-1.355,3.826,4.38,0.896,472
4726158C,SICUANI,CUSCO,CANCHIS,eta5,temp,20260910,20261009,"00Z,12Z",D1,3h,0.338,2.58,3.201,0.923,379
4726158C,SICUANI,CUSCO,CANCHIS,wrf5,temp,20260910,20261009,"00Z,12Z",D1,3h,2.808,3.485,4.754,0.908,467
4726158C,SICUANI,CUSCO,CANCHIS,mpas15,temp,20260910,20261009,00Z,D1,3h,-4.7,5.298,6.258,0.913,236
114123,MARCA CUNKA,CUSCO,CHUMBIVILCAS,ecmwf,temp,20260910,20261009,"00Z,12Z",D1,3h,-2.359,3.741,4.542,0.859,480
114123,MARCA CUNKA,CUSCO,CHUMBIVILCAS,gfs,temp,20260910,20261009,"00Z,12Z",D1,3h,-0.113,3.165,4.066,0.889,480
114123,MARCA CUNKA,CUSCO,CHUMBIVILCAS,eta5,temp,20260910,20261009,"00Z,12Z",D1,3h,1.308,3.226,4.172,0.846,384
114123,MARCA CUNKA,CUSCO,CHUMBIVILCAS,wrf5,temp,20260910,20261009,"00Z,12Z",D1,3h,1.221,3.343,4.387,0.849,475
114123,MARCA CUNKA,CUSCO,CHUMBIVILCAS,mpas15,temp,20260910,20261009,00Z,D1,3h,-2.445,3.976,4.516,0.872,240
4729A090,SANTO TOMAS,CUSCO,CHUMBIVILCAS,ecmwf,temp,20260910,20261009,"00Z,12Z",D1,3h,-4.307,4.342,4.843,0.924,474
4729A090,SANTO TOMAS,CUSCO,CHUMBIVILCAS,gfs,temp,20260910,20261009,"00Z,12Z",D1,3h,-2.053,2.428,2.969,0.953,474
4729A090,SANTO TOMAS,CUSCO,CHUMBIVILCAS,eta5,temp,20260910,20261009,"00Z,12Z",D1,3h,0.054,1.895,2.316,0.908,380
4729A090,SANTO TOMAS,CUSCO,CHUMBIVILCAS,wrf5,temp,20260910,20261009,"00Z,12Z",D1,3h,2.324,2.638,3.166,0.932,469
4729A090,SANTO TOMAS,CUSCO,CHUMBIVILCAS,mpas15,temp,20260910,20261009,00Z,D1,3h,-4.397,4.491,4.917,0.915,237
114124,HUAYHUAHUASI,CUSCO,ESPINAR,ecmwf,temp,20260910,20261009,"00Z,12Z",D1,3h,1.854,3.804,5.108,0.923,478
114124,HUAYHUAHUASI,CUSCO,ESPINAR,gfs,temp,20260910,20261009,"00Z,12Z",D1,3h,3.25,5.258,7.121,0.849,478
114124,HUAYHUAHUASI,CUSCO,ESPINAR,eta5,temp,20260910,20261009,"00Z,12Z",D1,3h,4.926,5.655,7.482,0.851,383
114124,HUAYHUAHUASI,CUSCO,ESPINAR,wrf5,temp,20260910,20261009,"00Z,12Z",D1,3h,4.171,5.534,7.43,0.839,473
114124,HUAYHUAHUASI,CUSCO,ESPINAR,mpas15,temp,20260910,20261009,00Z,D1,3h,0.284,4.181,5.361,0.913,239
47E880E2,PICHARI,CUSCO,LA CONVENCION,ecmwf,temp,20260910,20261009,"00Z,12Z",D1,3h,-8.16,8.16,8.795,0.779,478
47E880E2,PICHARI,CUSCO,LA CONVENCION,gfs,temp,20260910,20261009,"00Z,12Z",D1,3h,-7.621,7.646,8.327,0.719,478
47E880E2,PICHARI,CUSCO,LA CONVENCION,eta5,temp,20260910,20261009,"00Z,12Z",D1,3h,1.174,2.28,2.905,0.801,383
47E880E2,PICHARI,CUSCO,LA CONVENCION,wrf5,temp,20260910,20261009,"00Z,12Z",D1,3h,1.623,2.5,3.222,0.825,473
47E880E2,PICHARI,CUSCO,LA CONVENCION,mpas15,temp,20260910,20261009,00Z,D1,3h,-9.83,9.83,10.571,0.604,239
112264,PONGO DE MAINIQUE,CUSCO,LA CONVENCION,ecmwf,temp,20260910,20261009,"00Z,12Z",D1,3h,-2.7,3.088,3.467,0.816,480
112264,PONGO DE MAINIQUE,CUSCO,LA CONVENCION,gfs,temp,20260910,20261009,"00Z,12Z",D1,3h,-1.89,2.981,3.461,0.788,480
112264,PONGO DE MAINIQUE,CUSCO,LA CONVENCION,eta5,temp,20260910,20261009,"00Z,12Z",D1,3h,0.772,1.866,2.414,0.764,384
112264,PONGO DE MAINIQUE,CUSCO,LA CONVENCION,wrf5,temp,20260910,20261009,"00Z,12Z",D1,3h,0.855,1.772,2.276,0.818,475
112264,PONGO DE MAINIQUE,CUSCO,LA CONVENCION,mpas15,temp,20260910,20261009,00Z,D1,3h,-3.029,3.39,3.849,0.748,240
4729658E,SAN PABLO,CUSCO,LA CONVENCION,ecmwf,temp,20260910,20261009,"00Z,12Z",D1,3h,-11.253,11.253,11.687,0.786,480
4729658E,SAN PABLO,CUSCO,LA CONVENCION,gfs,temp,20260910,20261009,"00Z,12Z",D1,3h,-10.22,10.22,10.718,0.782,480
4729658E,SAN PABLO,CUSCO,LA CONVENCION,eta5,temp,20260910,20261009,"00Z,12Z",D1,3h,-5.767,5.848,6.683,0.776,384
4729658E,SAN PABLO,CUSCO,LA CONVENCION,wrf5,temp,20260910,20261009,"00Z,12Z",D1,3h,-1.798,2.708,3.204,0.84,475
4729658E,SAN PABLO,CUSCO,LA CONVENCION,mpas15,temp,20260910,20261009,00Z,D1,3h,-11.137,11.137,11.84,0.676,240
4722A338,ACJANACO ,CUSCO,PAUCARTAMBO,ecmwf,temp,20260910,20261009,"00Z,12Z",D1,3h,-0.082,1.996,2.48,0.731,480
4722A338,ACJANACO ,CUSCO,PAUCARTAMBO,gfs,temp,20260910,20261009,"00Z,12Z",D1,3h,1.425,2.07,2.635,0.71,480
4722A338,ACJANACO ,CUSCO,PAUCARTAMBO,eta5,temp,20260910,20261009,"00Z,12Z",D1,3h,-0.241,1.64,2.125,0.756,384
4722A338,ACJANACO ,CUSCO,PAUCARTAMBO,wrf5,temp,20260910,20261009,"00Z,12Z",D1,3h,1.574,2.12,2.783,0.659,475
4722A338,ACJANACO ,CUSCO,PAUCARTAMBO,mpas15,temp,20260910,20261009,00Z,D1,3h,-0.858,1.734,2.282,0.776,240
113247,ASHANAKU,CUSCO,QUISPICANCHI,ecmwf,temp,20260910,20261009,"00Z,12Z",D1,3h,-0.476,1.712,2.122,0.85,480
113247,ASHANAKU,CUSCO,QUISPICANCHI,gfs,temp,20260910,20261009,"00Z,12Z",D1,3h,0.124,2.055,2.63,0.832,480
113247,ASHANAKU,CUSCO,QUISPICANCHI,eta5,temp,20260910,20261009,"00Z,12Z",D1,3h,0.691,1.693,2.277,0.829,384
113247,ASHANAKU,CUSCO,QUISPICANCHI,wrf5,temp,20260910,20261009,"00Z,12Z",D1,3h,-1.406,2.391,2.98,0.772,475
113247,ASHANAKU,CUSCO,QUISPICANCHI,mpas15,temp,20260910,20261009,00Z,D1,3h,-0.892,1.835,2.479,0.883,240
113254,QUINCEMIL,CUSCO,QUISPICANCHI,ecmwf,temp,20260910,20261009,"00Z,12Z",D1,3h,-0.623,1.545,2.062,0.809,480
113254,QUINCEMIL,CUSCO,QUISPICANCHI,gfs,temp,20260910,20261009,"00Z,12Z",D1,3h,-0.824,1.852,2.403,0.769,480
113254,QUINCEMIL,CUSCO,QUISPICANCHI,eta5,temp,20260910,20261009,"00Z,12Z",D1,3h,0.829,1.882,2.347,0.798,384
113254,QUINCEMIL,CUSCO,QUISPICANCHI,wrf5,temp,20260910,20261009,"00Z,12Z",D1,3h,3.084,3.192,3.642,0.856,475
113254,QUINCEMIL,CUSCO,QUISPICANCHI,mpas15,temp,20260910,20261009,00Z,D1,3h,-1.715,2.258,2.889,0.733,240
472A9204,CHILCA,CUSCO,URUBAMBA,ecmwf,temp,20260910,20261009,"00Z,12Z",D1,3h,S/D,S/D,S/D,S/D,0
472A9204,CHILCA,CUSCO,URUBAMBA,gfs,temp,20260910,20261009,"00Z,12Z",D1,3h,S/D,S/D,S/D,S/D,0
472A9204,CHILCA,CUSCO,URUBAMBA,eta5,temp,20260910,20261009,"00Z,12Z",D1,3h,S/D,S/D,S/D,S/D,0
472A9204,CHILCA,CUSCO,URUBAMBA,wrf5,temp,20260910,20261009,"00Z,12Z",D1,3h,S/D,S/D,S/D,S/D,0
472A9204,CHILCA,CUSCO,URUBAMBA,mpas15,temp,20260910,20261009,00Z,D1,3h,S/D,S/D,S/D,S/D,0
4727C11E,HUAYLLABAMBA,CUSCO,URUBAMBA,ecmwf,temp,20260910,20261009,"00Z,12Z",D1,3h,-6.096,6.146,6.697,0.713,470
4727C11E,HUAYLLABAMBA,CUSCO,URUBAMBA,gfs,temp,20260910,20261009,"00Z,12Z",D1,3h,-4.951,4.962,5.498,0.822,470
4727C11E,HUAYLLABAMBA,CUSCO,URUBAMBA,eta5,temp,20260910,20261009,"00Z,12Z",D1,3h,-2.555,2.82,3.309,0.832,378
4727C11E,HUAYLLABAMBA,CUSCO,URUBAMBA,wrf5,temp,20260910,20261009,"00Z,12Z",D1,3h,-6.402,6.404,6.941,0.827,465
4727C11E,HUAYLLABAMBA,CUSCO,URUBAMBA,mpas15,temp,20260910,20261009,00Z,D1,3h,-6.257,6.258,6.675,0.839,235
472935F2,INTIHUATANA H,CUSCO,URUBAMBA,ecmwf,temp,20260910,20261009,"00Z,12Z",D1,3h,S/D,S/D,S/D,S/D,0
472935F2,INTIHUATANA H,CUSCO,URUBAMBA,gfs,temp,20260910,20261009,"00Z,12Z",D1,3h,S/D,S/D,S/D,S/D,0
472935F2,INTIHUATANA H,CUSCO,URUBAMBA,eta5,temp,20260910,20261009,"00Z,12Z",D1,3h,S/D,S/D,S/D,S/D,0
472935F2,INTIHUATANA H,CUSCO,URUBAMBA,wrf5,temp,20260910,20261009,"00Z,12Z",D1,3h,S/D,S/D,S/D,S/D,0
472935F2,INTIHUATANA H,CUSCO,URUBAMBA,mpas15,temp,20260910,20261009,00Z,D1,3h,S/D,S/D,S/D,S/D,0
472852EE,INTIHUATANA M,CUSCO,URUBAMBA,ecmwf,temp,20260910,20261009,"00Z,12Z",D1,3h,-12.264,12.264,12.644,0.68,478
472852EE,INTIHUATANA M,CUSCO,URUBAMBA,gfs,temp,20260910,20261009,"00Z,12Z",D1,3h,-11.103,11.103,11.377,0.833,478
472852EE,INTIHUATANA M,CUSCO,URUBAMBA,eta5,temp,20260910,20261009,"00Z,12Z",D1,3h,-5.979,5.986,6.543,0.769,382
472852EE,INTIHUATANA M,CUSCO,URUBAMBA,wrf5,temp,20260910,20261009,"00Z,12Z",D1,3h,-3.25,3.455,4.045,0.824,473
472852EE,INTIHUATANA M,CUSCO,URUBAMBA,mpas15,temp,20260910,20261009,00Z,D1,3h,-10.072,10.072,10.533,0.729,239
472897F0,MACHUPICCHU,CUSCO,URUBAMBA,ecmwf,temp,20260910,20261009,"00Z,12Z",D1,3h,-9.358,9.358,9.918,0.666,464
472897F0,MACHUPICCHU,CUSCO,URUBAMBA,gfs,temp,20260910,20261009,"00Z,12Z",D1,3h,-8.219,8.219,8.665,0.83,464
472897F0,MACHUPICCHU,CUSCO,URUBAMBA,eta5,temp,20260910,20261009,"00Z,12Z",D1,3h,-3.129,3.307,4.222,0.781,370
472897F0,MACHUPICCHU,CUSCO,URUBAMBA,wrf5,temp,20260910,20261009,"00Z,12Z",D1,3h,-0.381,1.815,2.576,0.856,459
472897F0,MACHUPICCHU,CUSCO,URUBAMBA,mpas15,temp,20260910,20261009,00Z,D1,3h,-7.216,7.221,7.956,0.72,232
4729950A,PACAYMAYO,CUSCO,URUBAMBA,ecmwf,temp,20260910,20261009,"00Z,12Z",D1,3h,-0.757,1.988,2.421,0.738,480
4729950A,PACAYMAYO,CUSCO,URUBAMBA,gfs,temp,20260910,20261009,"00Z,12Z",D1,3h,0.4,1.332,1.698,0.801,480
4729950A,PACAYMAYO,CUSCO,URUBAMBA,eta5,temp,20260910,20261009,"00Z,12Z",D1,3h,2.885,2.908,3.307,0.83,384
4729950A,PACAYMAYO,CUSCO,URUBAMBA,wrf5,temp,20260910,20261009,"00Z,12Z",D1,3h,-0.723,1.758,2.198,0.793,475
4729950A,PACAYMAYO,CUSCO,URUBAMBA,mpas15,temp,20260910,20261009,00Z,D1,3h,-0.87,1.486,1.866,0.867,240
4720CDF8,COCHAMARCA,HUANCAVELICA,CASTROVIRREYNA,ecmwf,temp,20260910,20261009,"00Z,12Z",D1,3h,S/D,S/D,S/D,S/D,0
4720CDF8,COCHAMARCA,HUANCAVELICA,CASTROVIRREYNA,gfs,temp,20260910,20261009,"00Z,12Z",D1,3h,S/D,S/D,S/D,S/D,0
4720CDF8,COCHAMARCA,HUANCAVELICA,CASTROVIRREYNA,eta5,temp,20260910,20261009,"00Z,12Z",D1,3h,S/D,S/D,S/D,S/D,0
4720CDF8,COCHAMARCA,HUANCAVELICA,CASTROVIRREYNA,wrf5,temp,20260910,20261009,"00Z,12Z",D1,3h,S/D,S/D,S/D,S/D,0
4720CDF8,COCHAMARCA,HUANCAVELICA,CASTROVIRREYNA,mpas15,temp,20260910,20261009,00Z,D1,3h,S/D,S/D,S/D,S/D,0
47292684,HUACHOS,HUANCAVELICA,CASTROVIRREYNA,ecmwf,temp,20260910,20261009,"00Z,12Z",D1,3h,-6.151,6.151,6.587,0.844,476
47292684,HUACHOS,HUANCAVELICA,CASTROVIRREYNA,gfs,temp,20260910,20261009,"00Z,12Z",D1,3h,-4.926,4.991,5.648,0.813,476
47292684,HUACHOS,HUANCAVELICA,CASTROVIRREYNA,eta5,temp,20260910,20261009,"00Z,12Z",D1,3h,-3.953,3.993,4.348,0.843,381
47292684,HUACHOS,HUANCAVELICA,CASTROVIRREYNA,wrf5,temp,20260910,20261009,"00Z,12Z",D1,3h,-4.068,4.341,5.277,0.803,471
47292684,HUACHOS,HUANCAVELICA,CASTROVIRREYNA,mpas15,temp,20260910,20261009,00Z,D1,3h,-5.955,5.981,6.774,0.841,238
472722EC,HUANCAVELICA,HUANCAVELICA,HUANCAVELICA,ecmwf,temp,20260910,20261009,"00Z,12Z",D1,3h,-4.64,4.652,4.949,0.925,480
472722EC,HUANCAVELICA,HUANCAVELICA,HUANCAVELICA,gfs,temp,20260910,20261009,"00Z,12Z",D1,3h,-3.824,3.881,4.441,0.892,480
472722EC,HUANCAVELICA,HUANCAVELICA,HUANCAVELICA,eta5,temp,20260910,20261009,"00Z,12Z",D1,3h,-3.173,3.279,3.7,0.911,384
472722EC,HUANCAVELICA,HUANCAVELICA,HUANCAVELICA,wrf5,temp,20260910,20261009,"00Z,12Z",D1,3h,-1.998,2.38,2.917,0.915,475
472722EC,HUANCAVELICA,HUANCAVELICA,HUANCAVELICA,mpas15,temp,20260910,20261009,00Z,D1,3h,-5.059,5.095,5.485,0.921,240
47284198,CHALLACA,HUANCAVELICA,HUAYTARA,ecmwf,temp,20260910,20261009,"00Z,12Z",D1,3h,-2.371,2.614,3.07,0.872,412
47284198,CHALLACA,HUANCAVELICA,HUAYTARA,gfs,temp,20260910,20261009,"00Z,12Z",D1,3h,-2.068,2.486,2.899,0.867,412
47284198,CHALLACA,HUANCAVELICA,HUAYTARA,eta5,temp,20260910,20261009,"00Z,12Z",D1,3h,-3.941,4.027,4.498,0.838,317
47284198,CHALLACA,HUANCAVELICA,HUAYTARA,wrf5,temp,20260910,20261009,"00Z,12Z",D1,3h,-2.204,2.989,3.658,0.741,412
47284198,CHALLACA,HUANCAVELICA,HUAYTARA,mpas15,temp,20260910,20261009,00Z,D1,3h,-5.916,5.942,6.496,0.821,206
472811E4,CHALLACA M,HUANCAVELICA,HUAYTARA,ecmwf,temp,20260910,20261009,"00Z,12Z",D1,3h,-2.534,2.704,3.369,0.894,478
472811E4,CHALLACA M,HUANCAVELICA,HUAYTARA,gfs,temp,20260910,20261009,"00Z,12Z",D1,3h,-2.291,2.574,3.258,0.917,478
472811E4,CHALLACA M,HUANCAVELICA,HUAYTARA,eta5,temp,20260910,20261009,"00Z,12Z",D1,3h,-4.147,4.147,4.469,0.895,382
472811E4,CHALLACA M,HUANCAVELICA,HUAYTARA,wrf5,temp,20260910,20261009,"00Z,12Z",D1,3h,-1.911,2.639,3.307,0.865,473
472811E4,CHALLACA M,HUANCAVELICA,HUAYTARA,mpas15,temp,20260910,20261009,00Z,D1,3h,-6.091,6.091,6.834,0.887,239
4728F216,CORDOVA,HUANCAVELICA,HUAYTARA,ecmwf,temp,20260910,20261009,"00Z,12Z",D1,3h,-0.869,1.32,1.693,0.851,474
4728F216,CORDOVA,HUANCAVELICA,HUAYTARA,gfs,temp,20260910,20261009,"00Z,12Z",D1,3h,0.395,1.228,1.474,0.86,474
4728F216,CORDOVA,HUANCAVELICA,HUAYTARA,eta5,temp,20260910,20261009,"00Z,12Z",D1,3h,-0.296,2.03,2.406,0.838,380
4728F216,CORDOVA,HUANCAVELICA,HUAYTARA,wrf5,temp,20260910,20261009,"00Z,12Z",D1,3h,-1.191,1.53,1.85,0.854,469
4728F216,CORDOVA,HUANCAVELICA,HUAYTARA,mpas15,temp,20260910,20261009,00Z,D1,3h,0.026,1.364,1.658,0.815,237
4728C78C,CUSICANCHA,HUANCAVELICA,HUAYTARA,ecmwf,temp,20260910,20261009,"00Z,12Z",D1,3h,-6.486,6.486,6.809,0.86,472
4728C78C,CUSICANCHA,HUANCAVELICA,HUAYTARA,gfs,temp,20260910,20261009,"00Z,12Z",D1,3h,-4.618,4.623,5.201,0.825,472
4728C78C,CUSICANCHA,HUANCAVELICA,HUAYTARA,eta5,temp,20260910,20261009,"00Z,12Z",D1,3h,-4.037,4.075,4.443,0.853,378
4728C78C,CUSICANCHA,HUANCAVELICA,HUAYTARA,wrf5,temp,20260910,20261009,"00Z,12Z",D1,3h,-1.972,2.377,2.964,0.84,467
4728C78C,CUSICANCHA,HUANCAVELICA,HUAYTARA,mpas15,temp,20260910,20261009,00Z,D1,3h,-4.79,4.79,5.285,0.891,236
213507,RAMADILLAS,HUANCAVELICA,HUAYTARA,ecmwf,temp,20260910,20261009,"00Z,12Z",D1,3h,S/D,S/D,S/D,S/D,0
213507,RAMADILLAS,HUANCAVELICA,HUAYTARA,gfs,temp,20260910,20261009,"00Z,12Z",D1,3h,S/D,S/D,S/D,S/D,0
213507,RAMADILLAS,HUANCAVELICA,HUAYTARA,eta5,temp,20260910,20261009,"00Z,12Z",D1,3h,S/D,S/D,S/D,S/D,0
213507,RAMADILLAS,HUANCAVELICA,HUAYTARA,wrf5,temp,20260910,20261009,"00Z,12Z",D1,3h,S/D,S/D,S/D,S/D,0
213507,RAMADILLAS,HUANCAVELICA,HUAYTARA,mpas15,temp,20260910,20261009,00Z,D1,3h,S/D,S/D,S/D,S/D,0
4729131E,SANTIAGO DE CHOCORVOS,HUANCAVELICA,HUAYTARA,ecmwf,temp,20260910,20261009,"00Z,12Z",D1,3h,-7.505,7.505,7.78,0.869,476
4729131E,SANTIAGO DE CHOCORVOS,HUANCAVELICA,HUAYTARA,gfs,temp,20260910,20261009,"00Z,12Z",D1,3h,-6.594,6.594,6.802,0.845,476
4729131E,SANTIAGO DE CHOCORVOS,HUANCAVELICA,HUAYTARA,eta5,temp,20260910,20261009,"00Z,12Z",D1,3h,-5.924,5.924,6.269,0.841,381
4729131E,SANTIAGO DE CHOCORVOS,HUANCAVELICA,HUAYTARA,wrf5,temp,20260910,20261009,"00Z,12Z",D1,3h,-5.621,5.625,5.886,0.815,471
4729131E,SANTIAGO DE CHOCORVOS,HUANCAVELICA,HUAYTARA,mpas15,temp,20260910,20261009,00Z,D1,3h,-7.328,7.328,7.623,0.855,238
112269,COCHABAMBA GRANDE,HUANCAVELICA,TAYACAJA,ecmwf,temp,20260910,20261009,"00Z,12Z",D1,3h,-5.316,5.318,5.624,0.793,366
112269,COCHABAMBA GRANDE,HUANCAVELICA,TAYACAJA,gfs,temp,20260910,20261009,"00Z,12Z",D1,3h,-2.355,2.48,3.011,0.787,366
112269,COCHABAMBA GRANDE,HUANCAVELICA,TAYACAJA,eta5,temp,20260910,20261009,"00Z,12Z",D1,3h,-1.756,1.953,2.334,0.868,270
112269,COCHABAMBA GRANDE,HUANCAVELICA,TAYACAJA,wrf5,temp,20260910,20261009,"00Z,12Z",D1,3h,-2.786,2.838,3.219,0.868,366
112269,COCHABAMBA GRANDE,HUANCAVELICA,TAYACAJA,mpas15,temp,20260910,20261009,00Z,D1,3h,-0.504,1.407,2.01,0.858,183
110146,QUISCA,HUANUCO,AMBO,ecmwf,temp,20260910,20261009,"00Z,12Z",D1,3h,-5.776,5.777,6.045,0.881,266
110146,QUISCA,HUANUCO,AMBO,gfs,temp,20260910,20261009,"00Z,12Z",D1,3h,-7.176,7.176,7.446,0.85,266
110146,QUISCA,HUANUCO,AMBO,eta5,temp,20260910,20261009,"00Z,12Z",D1,3h,-3.709,3.742,4.083,0.872,215
110146,QUISCA,HUANUCO,AMBO,wrf5,temp,20260910,20261009,"00Z,12Z",D1,3h,-1.176,1.702,2.023,0.903,262
110146,QUISCA,HUANUCO,AMBO,mpas15,temp,20260910,20261009,00Z,D1,3h,-9.393,9.393,9.74,0.867,133
47E845FC,CACHICOTO,HUANUCO,HUAMALIES,ecmwf,temp,20260910,20261009,"00Z,12Z",D1,3h,-4.334,4.493,5.085,0.777,480
47E845FC,CACHICOTO,HUANUCO,HUAMALIES,gfs,temp,20260910,20261009,"00Z,12Z",D1,3h,-5.367,5.492,6.202,0.682,480
47E845FC,CACHICOTO,HUANUCO,HUAMALIES,eta5,temp,20260910,20261009,"00Z,12Z",D1,3h,-0.431,2.203,2.76,0.731,384
47E845FC,CACHICOTO,HUANUCO,HUAMALIES,wrf5,temp,20260910,20261009,"00Z,12Z",D1,3h,0.542,1.954,2.445,0.781,475
47E845FC,CACHICOTO,HUANUCO,HUAMALIES,mpas15,temp,20260910,20261009,00Z,D1,3h,-4.624,4.731,5.608,0.642,240
4720EB14,SAN MARTIN,HUANUCO,HUAMALIES,ecmwf,temp,20260910,20261009,"00Z,12Z",D1,3h,-1.353,2.918,3.365,0.805,480
4720EB14,SAN MARTIN,HUANUCO,HUAMALIES,gfs,temp,20260910,20261009,"00Z,12Z",D1,3h,-2.414,3.097,3.701,0.742,480
4720EB14,SAN MARTIN,HUANUCO,HUAMALIES,eta5,temp,20260910,20261009,"00Z,12Z",D1,3h,7.09,7.09,7.623,0.843,384
4720EB14,SAN MARTIN,HUANUCO,HUAMALIES,wrf5,temp,20260910,20261009,"00Z,12Z",D1,3h,-0.166,2.089,2.568,0.787,475
4720EB14,SAN MARTIN,HUANUCO,HUAMALIES,mpas15,temp,20260910,20261009,00Z,D1,3h,-2.755,3.306,4.038,0.739,240
472D0552,CHINCHAVITO,HUANUCO,HUANUCO,ecmwf,temp,20260910,20261009,"00Z,12Z",D1,3h,S/D,S/D,S/D,S/D,0
472D0552,CHINCHAVITO,HUANUCO,HUANUCO,gfs,temp,20260910,20261009,"00Z,12Z",D1,3h,S/D,S/D,S/D,S/D,0
472D0552,CHINCHAVITO,HUANUCO,HUANUCO,eta5,temp,20260910,20261009,"00Z,12Z",D1,3h,S/D,S/D,S/D,S/D,0
472D0552,CHINCHAVITO,HUANUCO,HUANUCO,wrf5,temp,20260910,20261009,"00Z,12Z",D1,3h,S/D,S/D,S/D,S/D,0
472D0552,CHINCHAVITO,HUANUCO,HUANUCO,mpas15,temp,20260910,20261009,00Z,D1,3h,S/D,S/D,S/D,S/D,0
472B730C,PUENTE TARUCA,HUANUCO,HUANUCO,ecmwf,temp,20260910,20261009,"00Z,12Z",D1,3h,S/D,S/D,S/D,S/D,0
472B730C,PUENTE TARUCA,HUANUCO,HUANUCO,gfs,temp,20260910,20261009,"00Z,12Z",D1,3h,S/D,S/D,S/D,S/D,0
472B730C,PUENTE TARUCA,HUANUCO,HUANUCO,eta5,temp,20260910,20261009,"00Z,12Z",D1,3h,S/D,S/D,S/D,S/D,0
472B730C,PUENTE TARUCA,HUANUCO,HUANUCO,wrf5,temp,20260910,20261009,"00Z,12Z",D1,3h,S/D,S/D,S/D,S/D,0
472B730C,PUENTE TARUCA,HUANUCO,HUANUCO,mpas15,temp,20260910,20261009,00Z,D1,3h,S/D,S/D,S/D,S/D,0
110140,JESUS DE LAURICOCHA,HUANUCO,LAURICOCHA,ecmwf,temp,20260910,20261009,"00Z,12Z",D1,3h,-3.381,3.523,4.018,0.889,446
110140,JESUS DE LAURICOCHA,HUANUCO,LAURICOCHA,gfs,temp,20260910,20261009,"00Z,12Z",D1,3h,-2.701,3.083,3.645,0.872,446
110140,JESUS DE LAURICOCHA,HUANUCO,LAURICOCHA,eta5,temp,20260910,20261009,"00Z,12Z",D1,3h,-2.534,2.854,3.403,0.861,356
110140,JESUS DE LAURICOCHA,HUANUCO,LAURICOCHA,wrf5,temp,20260910,20261009,"00Z,12Z",D1,3h,-0.956,1.97,2.422,0.9,441
110140,JESUS DE LAURICOCHA,HUANUCO,LAURICOCHA,mpas15,temp,20260910,20261009,00Z,D1,3h,-3.454,3.627,4.025,0.916,223
472DA5AA,PUENTE BELLA,HUANUCO,LEONCIO PRADO,ecmwf,temp,20260910,20261009,"00Z,12Z",D1,3h,S/D,S/D,S/D,S/D,0
472DA5AA,PUENTE BELLA,HUANUCO,LEONCIO PRADO,gfs,temp,20260910,20261009,"00Z,12Z",D1,3h,S/D,S/D,S/D,S/D,0
472DA5AA,PUENTE BELLA,HUANUCO,LEONCIO PRADO,eta5,temp,20260910,20261009,"00Z,12Z",D1,3h,S/D,S/D,S/D,S/D,0
472DA5AA,PUENTE BELLA,HUANUCO,LEONCIO PRADO,wrf5,temp,20260910,20261009,"00Z,12Z",D1,3h,S/D,S/D,S/D,S/D,0
472DA5AA,PUENTE BELLA,HUANUCO,LEONCIO PRADO,mpas15,temp,20260910,20261009,00Z,D1,3h,S/D,S/D,S/D,S/D,0
472D1624,PUENTE PEREZ,HUANUCO,LEONCIO PRADO,ecmwf,temp,20260910,20261009,"00Z,12Z",D1,3h,S/D,S/D,S/D,S/D,0
472D1624,PUENTE PEREZ,HUANUCO,LEONCIO PRADO,gfs,temp,20260910,20261009,"00Z,12Z",D1,3h,S/D,S/D,S/D,S/D,0
472D1624,PUENTE PEREZ,HUANUCO,LEONCIO PRADO,eta5,temp,20260910,20261009,"00Z,12Z",D1,3h,S/D,S/D,S/D,S/D,0
472D1624,PUENTE PEREZ,HUANUCO,LEONCIO PRADO,wrf5,temp,20260910,20261009,"00Z,12Z",D1,3h,S/D,S/D,S/D,S/D,0
472D1624,PUENTE PEREZ,HUANUCO,LEONCIO PRADO,mpas15,temp,20260910,20261009,00Z,D1,3h,S/D,S/D,S/D,S/D,0
47270400,TINGO MARIA,HUANUCO,LEONCIO PRADO,ecmwf,temp,20260910,20261009,"00Z,12Z",D1,3h,-1.815,2.336,2.717,0.849,478
47270400,TINGO MARIA,HUANUCO,LEONCIO PRADO,gfs,temp,20260910,20261009,"00Z,12Z",D1,3h,-3.364,3.813,4.266,0.815,478
47270400,TINGO MARIA,HUANUCO,LEONCIO PRADO,eta5,temp,20260910,20261009,"00Z,12Z",D1,3h,0.463,1.827,2.34,0.786,382
47270400,TINGO MARIA,HUANUCO,LEONCIO PRADO,wrf5,temp,20260910,20261009,"00Z,12Z",D1,3h,-0.189,1.69,2.199,0.823,473
47270400,TINGO MARIA,HUANUCO,LEONCIO PRADO,mpas15,temp,20260910,20261009,00Z,D1,3h,-5.533,5.574,6.139,0.709,239
4727A4F8,PUERTO INCA,HUANUCO,PUERTO INCA,ecmwf,temp,20260910,20261009,"00Z,12Z",D1,3h,-0.767,1.446,1.903,0.858,478
4727A4F8,PUERTO INCA,HUANUCO,PUERTO INCA,gfs,temp,20260910,20261009,"00Z,12Z",D1,3h,-0.356,2.073,2.733,0.869,478
4727A4F8,PUERTO INCA,HUANUCO,PUERTO INCA,eta5,temp,20260910,20261009,"00Z,12Z",D1,3h,1.951,2.521,3.334,0.757,382
4727A4F8,PUERTO INCA,HUANUCO,PUERTO INCA,wrf5,temp,20260910,20261009,"00Z,12Z",D1,3h,0.304,1.625,2.33,0.844,473
4727A4F8,PUERTO INCA,HUANUCO,PUERTO INCA,mpas15,temp,20260910,20261009,00Z,D1,3h,-1.209,1.945,2.632,0.789,239
109094,PUCA PUCA,HUANUCO,YAROWILCA,ecmwf,temp,20260910,20261009,"00Z,12Z",D1,3h,-1.709,2.274,2.652,0.889,464
109094,PUCA PUCA,HUANUCO,YAROWILCA,gfs,temp,20260910,20261009,"00Z,12Z",D1,3h,-0.806,1.911,2.302,0.84,464
109094,PUCA PUCA,HUANUCO,YAROWILCA,eta5,temp,20260910,20261009,"00Z,12Z",D1,3h,-1.806,2.547,2.985,0.836,371
109094,PUCA PUCA,HUANUCO,YAROWILCA,wrf5,temp,20260910,20261009,"00Z,12Z",D1,3h,-0.381,1.66,2.029,0.884,459
109094,PUCA PUCA,HUANUCO,YAROWILCA,mpas15,temp,20260910,20261009,00Z,D1,3h,-2.321,2.556,2.956,0.904,232
4728A26A,CONTA M,ICA,CHINCHA,ecmwf,temp,20260910,20261009,"00Z,12Z",D1,3h,-0.511,1.467,1.759,0.831,448
4728A26A,CONTA M,ICA,CHINCHA,gfs,temp,20260910,20261009,"00Z,12Z",D1,3h,-0.876,1.685,1.995,0.78,448
4728A26A,CONTA M,ICA,CHINCHA,eta5,temp,20260910,20261009,"00Z,12Z",D1,3h,-0.14,1.892,2.31,0.755,359
4728A26A,CONTA M,ICA,CHINCHA,wrf5,temp,20260910,20261009,"00Z,12Z",D1,3h,-0.951,1.673,1.948,0.821,443
4728A26A,CONTA M,ICA,CHINCHA,mpas15,temp,20260910,20261009,00Z,D1,3h,-1.812,2.214,2.637,0.771,224
4728B11C,FONAGRO,ICA,CHINCHA,ecmwf,temp,20260910,20261009,"00Z,12Z",D1,3h,-1.047,1.965,2.578,0.547,476
4728B11C,FONAGRO,ICA,CHINCHA,gfs,temp,20260910,20261009,"00Z,12Z",D1,3h,-3.524,3.69,4.291,0.639,476
4728B11C,FONAGRO,ICA,CHINCHA,eta5,temp,20260910,20261009,"00Z,12Z",D1,3h,-2.063,2.422,2.86,0.816,382
4728B11C,FONAGRO,ICA,CHINCHA,wrf5,temp,20260910,20261009,"00Z,12Z",D1,3h,-1.426,1.788,2.112,0.794,471
4728B11C,FONAGRO,ICA,CHINCHA,mpas15,temp,20260910,20261009,00Z,D1,3h,-1.966,2.263,2.576,0.792,238
4728E160,SAN PEDRO DE HUACARPANA,ICA,CHINCHA,ecmwf,temp,20260910,20261009,"00Z,12Z",D1,3h,-1.684,1.98,2.511,0.889,462
4728E160,SAN PEDRO DE HUACARPANA,ICA,CHINCHA,gfs,temp,20260910,20261009,"00Z,12Z",D1,3h,1.586,1.735,2.028,0.889,462
4728E160,SAN PEDRO DE HUACARPANA,ICA,CHINCHA,eta5,temp,20260910,20261009,"00Z,12Z",D1,3h,0.29,1.763,2.196,0.871,369
4728E160,SAN PEDRO DE HUACARPANA,ICA,CHINCHA,wrf5,temp,20260910,20261009,"00Z,12Z",D1,3h,1.179,1.552,1.936,0.866,457
4728E160,SAN PEDRO DE HUACARPANA,ICA,CHINCHA,mpas15,temp,20260910,20261009,00Z,D1,3h,-0.818,1.431,1.756,0.878,231
472A446C,BETA SANTIAGO,ICA,ICA,ecmwf,temp,20260910,20261009,"00Z,12Z",D1,3h,0.67,1.581,2.04,0.883,462
472A446C,BETA SANTIAGO,ICA,ICA,gfs,temp,20260910,20261009,"00Z,12Z",D1,3h,1.267,1.972,2.579,0.852,462
472A446C,BETA SANTIAGO,ICA,ICA,eta5,temp,20260910,20261009,"00Z,12Z",D1,3h,3.616,4.052,4.889,0.876,370
472A446C,BETA SANTIAGO,ICA,ICA,wrf5,temp,20260910,20261009,"00Z,12Z",D1,3h,-1.097,2.966,3.567,0.816,457
472A446C,BETA SANTIAGO,ICA,ICA,mpas15,temp,20260910,20261009,00Z,D1,3h,-0.843,2.336,2.789,0.837,231
213503,HUAMANI EL TAMBO,ICA,ICA,ecmwf,temp,20260910,20261009,"00Z,12Z",D1,3h,-1.727,3.009,3.752,0.636,474
213503,HUAMANI EL TAMBO,ICA,ICA,gfs,temp,20260910,20261009,"00Z,12Z",D1,3h,-1.474,2.954,3.618,0.575,474
213503,HUAMANI EL TAMBO,ICA,ICA,eta5,temp,20260910,20261009,"00Z,12Z",D1,3h,1.508,2.871,3.712,0.609,378
213503,HUAMANI EL TAMBO,ICA,ICA,wrf5,temp,20260910,20261009,"00Z,12Z",D1,3h,0.633,2.425,2.891,0.652,469
213503,HUAMANI EL TAMBO,ICA,ICA,mpas15,temp,20260910,20261009,00Z,D1,3h,-1.676,2.939,3.591,0.587,237
213506,LOS MOLINOS,ICA,ICA,ecmwf,temp,20260910,20261009,"00Z,12Z",D1,3h,S/D,S/D,S/D,S/D,0
213506,LOS MOLINOS,ICA,ICA,gfs,temp,20260910,20261009,"00Z,12Z",D1,3h,S/D,S/D,S/D,S/D,0
213506,LOS MOLINOS,ICA,ICA,eta5,temp,20260910,20261009,"00Z,12Z",D1,3h,S/D,S/D,S/D,S/D,0
213506,LOS MOLINOS,ICA,ICA,wrf5,temp,20260910,20261009,"00Z,12Z",D1,3h,S/D,S/D,S/D,S/D,0
213506,LOS MOLINOS,ICA,ICA,mpas15,temp,20260910,20261009,00Z,D1,3h,S/D,S/D,S/D,S/D,0
114139,COPARA,ICA,NASCA,ecmwf,temp,20260910,20261009,"00Z,12Z",D1,3h,-1.723,2.257,3.03,0.907,144
114139,COPARA,ICA,NASCA,gfs,temp,20260910,20261009,"00Z,12Z",D1,3h,0.188,2.125,2.526,0.846,144
114139,COPARA,ICA,NASCA,eta5,temp,20260910,20261009,"00Z,12Z",D1,3h,1.763,2.247,2.712,0.878,126
114139,COPARA,ICA,NASCA,wrf5,temp,20260910,20261009,"00Z,12Z",D1,3h,0.515,1.679,2.134,0.909,140
114139,COPARA,ICA,NASCA,mpas15,temp,20260910,20261009,00Z,D1,3h,-0.96,2.288,2.791,0.815,72
114136,PALPA,ICA,PALPA,ecmwf,temp,20260910,20261009,"00Z,12Z",D1,3h,-2.364,2.67,3.106,0.895,446
114136,PALPA,ICA,PALPA,gfs,temp,20260910,20261009,"00Z,12Z",D1,3h,-1.899,2.715,3.236,0.837,446
114136,PALPA,ICA,PALPA,eta5,temp,20260910,20261009,"00Z,12Z",D1,3h,-0.14,2.131,2.683,0.883,356
114136,PALPA,ICA,PALPA,wrf5,temp,20260910,20261009,"00Z,12Z",D1,3h,-0.891,2.251,2.671,0.869,441
114136,PALPA,ICA,PALPA,mpas15,temp,20260910,20261009,00Z,D1,3h,-3.201,3.601,4.136,0.823,223
114140,PAMPA BLANCA,ICA,PALPA,ecmwf,temp,20260910,20261009,"00Z,12Z",D1,3h,-2.996,3.838,4.609,0.612,372
114140,PAMPA BLANCA,ICA,PALPA,gfs,temp,20260910,20261009,"00Z,12Z",D1,3h,-3.759,4.442,5.233,0.606,372
114140,PAMPA BLANCA,ICA,PALPA,eta5,temp,20260910,20261009,"00Z,12Z",D1,3h,-0.996,2.941,3.647,0.75,294
114140,PAMPA BLANCA,ICA,PALPA,wrf5,temp,20260910,20261009,"00Z,12Z",D1,3h,1.044,2.845,3.459,0.682,367
114140,PAMPA BLANCA,ICA,PALPA,mpas15,temp,20260910,20261009,00Z,D1,3h,-4.336,4.763,5.58,0.656,186
213403,LETRAYOC,ICA,PISCO,ecmwf,temp,20260910,20261009,"00Z,12Z",D1,3h,S/D,S/D,S/D,S/D,0
213403,LETRAYOC,ICA,PISCO,gfs,temp,20260910,20261009,"00Z,12Z",D1,3h,S/D,S/D,S/D,S/D,0
213403,LETRAYOC,ICA,PISCO,eta5,temp,20260910,20261009,"00Z,12Z",D1,3h,S/D,S/D,S/D,S/D,0
213403,LETRAYOC,ICA,PISCO,wrf5,temp,20260910,20261009,"00Z,12Z",D1,3h,S/D,S/D,S/D,S/D,0
213403,LETRAYOC,ICA,PISCO,mpas15,temp,20260910,20261009,00Z,D1,3h,S/D,S/D,S/D,S/D,0
472DF5D6,HUAYTAPALLANA,JUNIN,HUANCAYO,ecmwf,temp,20260910,20261009,"00Z,12Z",D1,3h,1.02,1.736,2.206,0.806,476
472DF5D6,HUAYTAPALLANA,JUNIN,HUANCAYO,gfs,temp,20260910,20261009,"00Z,12Z",D1,3h,2.31,2.448,2.813,0.803,476
472DF5D6,HUAYTAPALLANA,JUNIN,HUANCAYO,eta5,temp,20260910,20261009,"00Z,12Z",D1,3h,-0.063,1.511,1.885,0.834,380
472DF5D6,HUAYTAPALLANA,JUNIN,HUANCAYO,wrf5,temp,20260910,20261009,"00Z,12Z",D1,3h,-0.084,1.272,1.665,0.818,471
472DF5D6,HUAYTAPALLANA,JUNIN,HUANCAYO,mpas15,temp,20260910,20261009,00Z,D1,3h,1.446,1.725,2.182,0.828,238
111288,CHACAPALPA,JUNIN,JAUJA,ecmwf,temp,20260910,20261009,"00Z,12Z",D1,3h,-0.908,2.617,3.168,0.843,476
111288,CHACAPALPA,JUNIN,JAUJA,gfs,temp,20260910,20261009,"00Z,12Z",D1,3h,-0.469,2.594,3.285,0.763,476
111288,CHACAPALPA,JUNIN,JAUJA,eta5,temp,20260910,20261009,"00Z,12Z",D1,3h,1.541,2.499,3.384,0.821,380
111288,CHACAPALPA,JUNIN,JAUJA,wrf5,temp,20260910,20261009,"00Z,12Z",D1,3h,0.609,2.474,3.184,0.826,471
111288,CHACAPALPA,JUNIN,JAUJA,mpas15,temp,20260910,20261009,00Z,D1,3h,-2.139,3.074,3.515,0.84,238
111299,POTSOTENI,JUNIN,SATIPO,ecmwf,temp,20260910,20261009,"00Z,12Z",D1,3h,-5.661,5.692,6.442,0.834,480
111299,POTSOTENI,JUNIN,SATIPO,gfs,temp,20260910,20261009,"00Z,12Z",D1,3h,-4.377,4.707,5.348,0.818,480
111299,POTSOTENI,JUNIN,SATIPO,eta5,temp,20260910,20261009,"00Z,12Z",D1,3h,1.038,2.528,3.27,0.784,384
111299,POTSOTENI,JUNIN,SATIPO,wrf5,temp,20260910,20261009,"00Z,12Z",D1,3h,1.398,2.439,3.204,0.81,475
111299,POTSOTENI,JUNIN,SATIPO,mpas15,temp,20260910,20261009,00Z,D1,3h,-4.931,5.053,5.972,0.795,240
4725C4EA,SATIPO,JUNIN,SATIPO,ecmwf,temp,20260910,20261009,"00Z,12Z",D1,3h,-2.297,2.513,3.032,0.905,478
4725C4EA,SATIPO,JUNIN,SATIPO,gfs,temp,20260910,20261009,"00Z,12Z",D1,3h,-2.013,2.837,3.465,0.831,478
4725C4EA,SATIPO,JUNIN,SATIPO,eta5,temp,20260910,20261009,"00Z,12Z",D1,3h,2.347,2.964,3.649,0.786,383
4725C4EA,SATIPO,JUNIN,SATIPO,wrf5,temp,20260910,20261009,"00Z,12Z",D1,3h,1.578,2.443,3.086,0.82,473
4725C4EA,SATIPO,JUNIN,SATIPO,mpas15,temp,20260910,20261009,00Z,D1,3h,-3.658,3.811,4.706,0.82,239
47257764,TARMA,JUNIN,TARMA,ecmwf,temp,20260910,20261009,"00Z,12Z",D1,3h,-6.821,6.824,7.118,0.899,472
47257764,TARMA,JUNIN,TARMA,gfs,temp,20260910,20261009,"00Z,12Z",D1,3h,-5.412,5.475,6.147,0.814,472
47257764,TARMA,JUNIN,TARMA,eta5,temp,20260910,20261009,"00Z,12Z",D1,3h,-4.5,4.685,5.187,0.847,378
47257764,TARMA,JUNIN,TARMA,wrf5,temp,20260910,20261009,"00Z,12Z",D1,3h,-0.919,2.116,2.51,0.879,467
47257764,TARMA,JUNIN,TARMA,mpas15,temp,20260910,20261009,00Z,D1,3h,-6.996,7.025,7.551,0.89,236
472D9030,MARCAPOMACOCHA,JUNIN,YAULI,ecmwf,temp,20260910,20261009,"00Z,12Z",D1,3h,-2.192,2.691,3.224,0.855,480
472D9030,MARCAPOMACOCHA,JUNIN,YAULI,gfs,temp,20260910,20261009,"00Z,12Z",D1,3h,-0.588,2.251,2.868,0.81,480
472D9030,MARCAPOMACOCHA,JUNIN,YAULI,eta5,temp,20260910,20261009,"00Z,12Z",D1,3h,-0.766,2.007,2.434,0.829,384
472D9030,MARCAPOMACOCHA,JUNIN,YAULI,wrf5,temp,20260910,20261009,"00Z,12Z",D1,3h,0.216,1.989,2.519,0.853,475
472D9030,MARCAPOMACOCHA,JUNIN,YAULI,mpas15,temp,20260910,20261009,00Z,D1,3h,-2.115,2.487,2.897,0.914,240
472D30C8,CASAGRANDE,LA LIBERTAD,ASCOPE,ecmwf,temp,20260910,20261009,"00Z,12Z",D1,3h,0.848,1.141,1.502,0.904,474
472D30C8,CASAGRANDE,LA LIBERTAD,ASCOPE,gfs,temp,20260910,20261009,"00Z,12Z",D1,3h,-0.205,1.004,1.204,0.894,474
472D30C8,CASAGRANDE,LA LIBERTAD,ASCOPE,eta5,temp,20260910,20261009,"00Z,12Z",D1,3h,-0.354,1.698,2.036,0.839,378
472D30C8,CASAGRANDE,LA LIBERTAD,ASCOPE,wrf5,temp,20260910,20261009,"00Z,12Z",D1,3h,-0.325,1.431,1.731,0.846,469
472D30C8,CASAGRANDE,LA LIBERTAD,ASCOPE,mpas15,temp,20260910,20261009,00Z,D1,3h,-1.225,1.477,1.703,0.889,237
211001,SALINAR,LA LIBERTAD,ASCOPE,ecmwf,temp,20260910,20261009,"00Z,12Z",D1,3h,S/D,S/D,S/D,S/D,0
211001,SALINAR,LA LIBERTAD,ASCOPE,gfs,temp,20260910,20261009,"00Z,12Z",D1,3h,S/D,S/D,S/D,S/D,0
211001,SALINAR,LA LIBERTAD,ASCOPE,eta5,temp,20260910,20261009,"00Z,12Z",D1,3h,S/D,S/D,S/D,S/D,0
211001,SALINAR,LA LIBERTAD,ASCOPE,wrf5,temp,20260910,20261009,"00Z,12Z",D1,3h,S/D,S/D,S/D,S/D,0
211001,SALINAR,LA LIBERTAD,ASCOPE,mpas15,temp,20260910,20261009,00Z,D1,3h,S/D,S/D,S/D,S/D,0
472EA2A4,CASCAS,LA LIBERTAD,GRAN CHIMU,ecmwf,temp,20260910,20261009,"00Z,12Z",D1,3h,-3.026,3.138,3.57,0.807,480
472EA2A4,CASCAS,LA LIBERTAD,GRAN CHIMU,gfs,temp,20260910,20261009,"00Z,12Z",D1,3h,-1.096,1.898,2.373,0.721,480
472EA2A4,CASCAS,LA LIBERTAD,GRAN CHIMU,eta5,temp,20260910,20261009,"00Z,12Z",D1,3h,-0.163,1.436,1.885,0.827,384
472EA2A4,CASCAS,LA LIBERTAD,GRAN CHIMU,wrf5,temp,20260910,20261009,"00Z,12Z",D1,3h,-0.418,1.328,1.744,0.842,475
472EA2A4,CASCAS,LA LIBERTAD,GRAN CHIMU,mpas15,temp,20260910,20261009,00Z,D1,3h,-2.82,3.002,3.354,0.81,240
47E0A2A8,EL TAMBO,LA LIBERTAD,GRAN CHIMU,ecmwf,temp,20260910,20261009,"00Z,12Z",D1,3h,-6.604,6.61,7.177,0.689,478
47E0A2A8,EL TAMBO,LA LIBERTAD,GRAN CHIMU,gfs,temp,20260910,20261009,"00Z,12Z",D1,3h,-4.681,4.778,5.513,0.616,478
47E0A2A8,EL TAMBO,LA LIBERTAD,GRAN CHIMU,eta5,temp,20260910,20261009,"00Z,12Z",D1,3h,-1.552,2.064,2.48,0.852,382
47E0A2A8,EL TAMBO,LA LIBERTAD,GRAN CHIMU,wrf5,temp,20260910,20261009,"00Z,12Z",D1,3h,-1.338,2.009,2.407,0.861,473
47E0A2A8,EL TAMBO,LA LIBERTAD,GRAN CHIMU,mpas15,temp,20260910,20261009,00Z,D1,3h,-7.489,7.514,7.959,0.693,239
472D552E,LUCMA,LA LIBERTAD,GRAN CHIMU,ecmwf,temp,20260910,20261009,"00Z,12Z",D1,3h,-2.208,2.89,3.416,0.853,480
472D552E,LUCMA,LA LIBERTAD,GRAN CHIMU,gfs,temp,20260910,20261009,"00Z,12Z",D1,3h,-2.533,2.72,3.15,0.802,480
472D552E,LUCMA,LA LIBERTAD,GRAN CHIMU,eta5,temp,20260910,20261009,"00Z,12Z",D1,3h,-3.05,3.092,3.539,0.815,384
472D552E,LUCMA,LA LIBERTAD,GRAN CHIMU,wrf5,temp,20260910,20261009,"00Z,12Z",D1,3h,-2.72,2.811,3.135,0.79,475
472D552E,LUCMA,LA LIBERTAD,GRAN CHIMU,mpas15,temp,20260910,20261009,00Z,D1,3h,-3.266,3.29,3.636,0.872,240
472CC2B6,MARMOT,LA LIBERTAD,GRAN CHIMU,ecmwf,temp,20260910,20261009,"00Z,12Z",D1,3h,-0.088,1.137,1.474,0.856,480
472CC2B6,MARMOT,LA LIBERTAD,GRAN CHIMU,gfs,temp,20260910,20261009,"00Z,12Z",D1,3h,3.603,3.609,3.807,0.876,480
472CC2B6,MARMOT,LA LIBERTAD,GRAN CHIMU,eta5,temp,20260910,20261009,"00Z,12Z",D1,3h,0.636,1.48,1.877,0.821,384
472CC2B6,MARMOT,LA LIBERTAD,GRAN CHIMU,wrf5,temp,20260910,20261009,"00Z,12Z",D1,3h,-3.056,3.06,3.262,0.877,475
472CC2B6,MARMOT,LA LIBERTAD,GRAN CHIMU,mpas15,temp,20260910,20261009,00Z,D1,3h,2.097,2.197,2.649,0.823,240
472E5220,PUENTE PALMIRA,LA LIBERTAD,GRAN CHIMU,ecmwf,temp,20260910,20261009,"00Z,12Z",D1,3h,-5.539,5.564,6.163,0.676,480
472E5220,PUENTE PALMIRA,LA LIBERTAD,GRAN CHIMU,gfs,temp,20260910,20261009,"00Z,12Z",D1,3h,-3.609,3.818,4.576,0.61,480
472E5220,PUENTE PALMIRA,LA LIBERTAD,GRAN CHIMU,eta5,temp,20260910,20261009,"00Z,12Z",D1,3h,0.355,1.612,2.169,0.846,384
472E5220,PUENTE PALMIRA,LA LIBERTAD,GRAN CHIMU,wrf5,temp,20260910,20261009,"00Z,12Z",D1,3h,-0.968,1.828,2.318,0.822,475
472E5220,PUENTE PALMIRA,LA LIBERTAD,GRAN CHIMU,mpas15,temp,20260910,20261009,00Z,D1,3h,-4.982,5.084,5.571,0.729,240
472D8346,CALLANCAS,LA LIBERTAD,OTUZCO,ecmwf,temp,20260910,20261009,"00Z,12Z",D1,3h,-5.877,5.908,6.344,0.859,480
472D8346,CALLANCAS,LA LIBERTAD,OTUZCO,gfs,temp,20260910,20261009,"00Z,12Z",D1,3h,-6.202,6.202,6.571,0.768,480
472D8346,CALLANCAS,LA LIBERTAD,OTUZCO,eta5,temp,20260910,20261009,"00Z,12Z",D1,3h,-1.098,1.85,2.371,0.862,384
472D8346,CALLANCAS,LA LIBERTAD,OTUZCO,wrf5,temp,20260910,20261009,"00Z,12Z",D1,3h,0.728,1.634,2.069,0.836,475
472D8346,CALLANCAS,LA LIBERTAD,OTUZCO,mpas15,temp,20260910,20261009,00Z,D1,3h,-7.835,7.835,8.006,0.878,240
472EB1D2,CAPACHIQUE,LA LIBERTAD,OTUZCO,ecmwf,temp,20260910,20261009,"00Z,12Z",D1,3h,-2.018,2.399,2.853,0.819,480
472EB1D2,CAPACHIQUE,LA LIBERTAD,OTUZCO,gfs,temp,20260910,20261009,"00Z,12Z",D1,3h,-1.35,1.708,2.253,0.793,480
472EB1D2,CAPACHIQUE,LA LIBERTAD,OTUZCO,eta5,temp,20260910,20261009,"00Z,12Z",D1,3h,-1.595,2.209,2.763,0.81,384
472EB1D2,CAPACHIQUE,LA LIBERTAD,OTUZCO,wrf5,temp,20260910,20261009,"00Z,12Z",D1,3h,-0.016,1.263,1.636,0.793,475
472EB1D2,CAPACHIQUE,LA LIBERTAD,OTUZCO,mpas15,temp,20260910,20261009,00Z,D1,3h,-4.322,4.334,4.725,0.823,240
107131,LA FORTUNA,LA LIBERTAD,OTUZCO,ecmwf,temp,20260910,20261009,"00Z,12Z",D1,3h,3.843,3.963,4.754,0.806,478
107131,LA FORTUNA,LA LIBERTAD,OTUZCO,gfs,temp,20260910,20261009,"00Z,12Z",D1,3h,3.526,3.526,3.917,0.833,478
107131,LA FORTUNA,LA LIBERTAD,OTUZCO,eta5,temp,20260910,20261009,"00Z,12Z",D1,3h,-3.814,3.818,4.227,0.787,382
107131,LA FORTUNA,LA LIBERTAD,OTUZCO,wrf5,temp,20260910,20261009,"00Z,12Z",D1,3h,-0.132,1.326,1.707,0.75,473
107131,LA FORTUNA,LA LIBERTAD,OTUZCO,mpas15,temp,20260910,20261009,00Z,D1,3h,0.261,1.464,1.795,0.835,239
472E74CC,PUENTE COINA,LA LIBERTAD,OTUZCO,ecmwf,temp,20260910,20261009,"00Z,12Z",D1,3h,-3.894,3.953,4.425,0.89,478
472E74CC,PUENTE COINA,LA LIBERTAD,OTUZCO,gfs,temp,20260910,20261009,"00Z,12Z",D1,3h,-4.224,4.269,4.698,0.8,478
472E74CC,PUENTE COINA,LA LIBERTAD,OTUZCO,eta5,temp,20260910,20261009,"00Z,12Z",D1,3h,-5.833,5.837,6.096,0.862,383
472E74CC,PUENTE COINA,LA LIBERTAD,OTUZCO,wrf5,temp,20260910,20261009,"00Z,12Z",D1,3h,-3.176,3.611,4.122,0.698,473
472E74CC,PUENTE COINA,LA LIBERTAD,OTUZCO,mpas15,temp,20260910,20261009,00Z,D1,3h,-7.493,7.493,7.646,0.899,239
472D60B4,USQUIL,LA LIBERTAD,OTUZCO,ecmwf,temp,20260910,20261009,"00Z,12Z",D1,3h,2.454,2.808,3.448,0.788,480
472D60B4,USQUIL,LA LIBERTAD,OTUZCO,gfs,temp,20260910,20261009,"00Z,12Z",D1,3h,2.129,2.421,2.706,0.852,480
472D60B4,USQUIL,LA LIBERTAD,OTUZCO,eta5,temp,20260910,20261009,"00Z,12Z",D1,3h,0.511,1.522,1.909,0.82,384
472D60B4,USQUIL,LA LIBERTAD,OTUZCO,wrf5,temp,20260910,20261009,"00Z,12Z",D1,3h,3.182,3.45,3.789,0.86,475
472D60B4,USQUIL,LA LIBERTAD,OTUZCO,mpas15,temp,20260910,20261009,00Z,D1,3h,-3.037,3.268,3.737,0.787,240
107130,TICAPAMPA,LA LIBERTAD,SANCHEZ CARRION,ecmwf,temp,20260910,20261009,"00Z,12Z",D1,3h,-6.256,6.289,7.183,0.753,478
107130,TICAPAMPA,LA LIBERTAD,SANCHEZ CARRION,gfs,temp,20260910,20261009,"00Z,12Z",D1,3h,-5.107,5.125,5.976,0.815,478
107130,TICAPAMPA,LA LIBERTAD,SANCHEZ CARRION,eta5,temp,20260910,20261009,"00Z,12Z",D1,3h,-0.728,2.152,2.649,0.836,383
107130,TICAPAMPA,LA LIBERTAD,SANCHEZ CARRION,wrf5,temp,20260910,20261009,"00Z,12Z",D1,3h,-1.543,2.32,3.212,0.832,473
107130,TICAPAMPA,LA LIBERTAD,SANCHEZ CARRION,mpas15,temp,20260910,20261009,00Z,D1,3h,-4.451,4.488,5.118,0.874,239
4727319A,QUIRUVILCA,LA LIBERTAD,SANTIAGO DE CHUCO,ecmwf,temp,20260910,20261009,"00Z,12Z",D1,3h,-0.38,1.367,1.695,0.842,470
4727319A,QUIRUVILCA,LA LIBERTAD,SANTIAGO DE CHUCO,gfs,temp,20260910,20261009,"00Z,12Z",D1,3h,1.472,1.933,2.261,0.867,470
4727319A,QUIRUVILCA,LA LIBERTAD,SANTIAGO DE CHUCO,eta5,temp,20260910,20261009,"00Z,12Z",D1,3h,-0.53,1.422,1.826,0.853,375
4727319A,QUIRUVILCA,LA LIBERTAD,SANTIAGO DE CHUCO,wrf5,temp,20260910,20261009,"00Z,12Z",D1,3h,-0.516,1.356,1.825,0.826,465
4727319A,QUIRUVILCA,LA LIBERTAD,SANTIAGO DE CHUCO,mpas15,temp,20260910,20261009,00Z,D1,3h,0.335,1.387,1.828,0.863,235
211408,CONDORCERRO,LA LIBERTAD,VIRU,ecmwf,temp,20260910,20261009,"00Z,12Z",D1,3h,S/D,S/D,S/D,S/D,0
211408,CONDORCERRO,LA LIBERTAD,VIRU,gfs,temp,20260910,20261009,"00Z,12Z",D1,3h,S/D,S/D,S/D,S/D,0
211408,CONDORCERRO,LA LIBERTAD,VIRU,eta5,temp,20260910,20261009,"00Z,12Z",D1,3h,S/D,S/D,S/D,S/D,0
211408,CONDORCERRO,LA LIBERTAD,VIRU,wrf5,temp,20260910,20261009,"00Z,12Z",D1,3h,S/D,S/D,S/D,S/D,0
211408,CONDORCERRO,LA LIBERTAD,VIRU,mpas15,temp,20260910,20261009,00Z,D1,3h,S/D,S/D,S/D,S/D,0
47E2F720,TINAJONES,LAMBAYEQUE,CHICLAYO,ecmwf,temp,20260910,20261009,"00Z,12Z",D1,3h,-0.187,0.994,1.286,0.921,390
47E2F720,TINAJONES,LAMBAYEQUE,CHICLAYO,gfs,temp,20260910,20261009,"00Z,12Z",D1,3h,-0.055,0.991,1.298,0.921,390
47E2F720,TINAJONES,LAMBAYEQUE,CHICLAYO,eta5,temp,20260910,20261009,"00Z,12Z",D1,3h,3.295,3.337,4.047,0.928,311
47E2F720,TINAJONES,LAMBAYEQUE,CHICLAYO,wrf5,temp,20260910,20261009,"00Z,12Z",D1,3h,0.183,1.58,2.076,0.912,385
47E2F720,TINAJONES,LAMBAYEQUE,CHICLAYO,mpas15,temp,20260910,20261009,00Z,D1,3h,-1.178,1.566,1.765,0.911,195
106140,VISTA FLORIDA,LAMBAYEQUE,CHICLAYO,ecmwf,temp,20260910,20261009,"00Z,12Z",D1,3h,-0.298,1.035,1.274,0.926,480
106140,VISTA FLORIDA,LAMBAYEQUE,CHICLAYO,gfs,temp,20260910,20261009,"00Z,12Z",D1,3h,-0.985,1.301,1.534,0.929,480
106140,VISTA FLORIDA,LAMBAYEQUE,CHICLAYO,eta5,temp,20260910,20261009,"00Z,12Z",D1,3h,-0.583,1.35,1.632,0.889,384
106140,VISTA FLORIDA,LAMBAYEQUE,CHICLAYO,wrf5,temp,20260910,20261009,"00Z,12Z",D1,3h,-0.677,1.312,1.544,0.894,475
106140,VISTA FLORIDA,LAMBAYEQUE,CHICLAYO,mpas15,temp,20260910,20261009,00Z,D1,3h,-0.975,1.226,1.539,0.928,240
106138,PUCHACA,LAMBAYEQUE,FERREÑAFE,ecmwf,temp,20260910,20261009,"00Z,12Z",D1,3h,S/D,S/D,S/D,S/D,0
106138,PUCHACA,LAMBAYEQUE,FERREÑAFE,gfs,temp,20260910,20261009,"00Z,12Z",D1,3h,S/D,S/D,S/D,S/D,0
106138,PUCHACA,LAMBAYEQUE,FERREÑAFE,eta5,temp,20260910,20261009,"00Z,12Z",D1,3h,S/D,S/D,S/D,S/D,0
106138,PUCHACA,LAMBAYEQUE,FERREÑAFE,wrf5,temp,20260910,20261009,"00Z,12Z",D1,3h,S/D,S/D,S/D,S/D,0
106138,PUCHACA,LAMBAYEQUE,FERREÑAFE,mpas15,temp,20260910,20261009,00Z,D1,3h,S/D,S/D,S/D,S/D,0
4726F67E,PASABAR,LAMBAYEQUE,LAMBAYEQUE,ecmwf,temp,20260910,20261009,"00Z,12Z",D1,3h,-1.878,2.102,2.602,0.901,472
4726F67E,PASABAR,LAMBAYEQUE,LAMBAYEQUE,gfs,temp,20260910,20261009,"00Z,12Z",D1,3h,-2.011,2.274,2.678,0.92,472
4726F67E,PASABAR,LAMBAYEQUE,LAMBAYEQUE,eta5,temp,20260910,20261009,"00Z,12Z",D1,3h,1.395,2.124,2.687,0.934,379
4726F67E,PASABAR,LAMBAYEQUE,LAMBAYEQUE,wrf5,temp,20260910,20261009,"00Z,12Z",D1,3h,-0.603,1.821,2.203,0.903,468
4726F67E,PASABAR,LAMBAYEQUE,LAMBAYEQUE,mpas15,temp,20260910,20261009,00Z,D1,3h,-1.327,1.805,2.132,0.939,236
47201542,TONGORRAPE,LAMBAYEQUE,LAMBAYEQUE,ecmwf,temp,20260910,20261009,"00Z,12Z",D1,3h,-0.872,1.572,1.965,0.906,480
47201542,TONGORRAPE,LAMBAYEQUE,LAMBAYEQUE,gfs,temp,20260910,20261009,"00Z,12Z",D1,3h,-0.049,1.418,1.838,0.917,480
47201542,TONGORRAPE,LAMBAYEQUE,LAMBAYEQUE,eta5,temp,20260910,20261009,"00Z,12Z",D1,3h,0.855,1.741,2.269,0.912,384
47201542,TONGORRAPE,LAMBAYEQUE,LAMBAYEQUE,wrf5,temp,20260910,20261009,"00Z,12Z",D1,3h,0.026,1.575,2.01,0.907,475
47201542,TONGORRAPE,LAMBAYEQUE,LAMBAYEQUE,mpas15,temp,20260910,20261009,00Z,D1,3h,-0.932,1.538,1.878,0.907,240
4725F170,HUAROS,LIMA,CANTA,ecmwf,temp,20260910,20261009,"00Z,12Z",D1,3h,-4.967,5.027,5.48,0.771,476
4725F170,HUAROS,LIMA,CANTA,gfs,temp,20260910,20261009,"00Z,12Z",D1,3h,-4.716,4.726,5.059,0.739,476
4725F170,HUAROS,LIMA,CANTA,eta5,temp,20260910,20261009,"00Z,12Z",D1,3h,-3.153,3.382,3.971,0.793,381
4725F170,HUAROS,LIMA,CANTA,wrf5,temp,20260910,20261009,"00Z,12Z",D1,3h,-1.518,1.839,2.217,0.835,471
4725F170,HUAROS,LIMA,CANTA,mpas15,temp,20260910,20261009,00Z,D1,3h,-5.342,5.362,5.696,0.817,238
113249,CAÑETE,LIMA,CAÑETE,ecmwf,temp,20260910,20261009,"00Z,12Z",D1,3h,-1.99,2.348,2.702,0.808,478
113249,CAÑETE,LIMA,CAÑETE,gfs,temp,20260910,20261009,"00Z,12Z",D1,3h,-1.965,2.297,2.657,0.758,478
113249,CAÑETE,LIMA,CAÑETE,eta5,temp,20260910,20261009,"00Z,12Z",D1,3h,-1.415,2.773,3.137,0.78,383
113249,CAÑETE,LIMA,CAÑETE,wrf5,temp,20260910,20261009,"00Z,12Z",D1,3h,-0.463,1.448,1.766,0.766,473
113249,CAÑETE,LIMA,CAÑETE,mpas15,temp,20260910,20261009,00Z,D1,3h,-1.658,2.026,2.539,0.441,239
212900,LA CAPILLA SENAMHI,LIMA,CAÑETE,ecmwf,temp,20260910,20261009,"00Z,12Z",D1,3h,S/D,S/D,S/D,S/D,0
212900,LA CAPILLA SENAMHI,LIMA,CAÑETE,gfs,temp,20260910,20261009,"00Z,12Z",D1,3h,S/D,S/D,S/D,S/D,0
212900,LA CAPILLA SENAMHI,LIMA,CAÑETE,eta5,temp,20260910,20261009,"00Z,12Z",D1,3h,S/D,S/D,S/D,S/D,0
212900,LA CAPILLA SENAMHI,LIMA,CAÑETE,wrf5,temp,20260910,20261009,"00Z,12Z",D1,3h,S/D,S/D,S/D,S/D,0
212900,LA CAPILLA SENAMHI,LIMA,CAÑETE,mpas15,temp,20260910,20261009,00Z,D1,3h,S/D,S/D,S/D,S/D,0
472191AC,SOCSI,LIMA,CAÑETE,ecmwf,temp,20260910,20261009,"00Z,12Z",D1,3h,S/D,S/D,S/D,S/D,0
472191AC,SOCSI,LIMA,CAÑETE,gfs,temp,20260910,20261009,"00Z,12Z",D1,3h,S/D,S/D,S/D,S/D,0
472191AC,SOCSI,LIMA,CAÑETE,eta5,temp,20260910,20261009,"00Z,12Z",D1,3h,S/D,S/D,S/D,S/D,0
472191AC,SOCSI,LIMA,CAÑETE,wrf5,temp,20260910,20261009,"00Z,12Z",D1,3h,S/D,S/D,S/D,S/D,0
472191AC,SOCSI,LIMA,CAÑETE,mpas15,temp,20260910,20261009,00Z,D1,3h,S/D,S/D,S/D,S/D,0
47E323B2,CARAC,LIMA,HUARAL,ecmwf,temp,20260910,20261009,"00Z,12Z",D1,3h,-3.039,3.11,3.709,0.894,190
47E323B2,CARAC,LIMA,HUARAL,gfs,temp,20260910,20261009,"00Z,12Z",D1,3h,-3.352,3.476,4.367,0.813,190
47E323B2,CARAC,LIMA,HUARAL,eta5,temp,20260910,20261009,"00Z,12Z",D1,3h,-1.844,2.219,2.654,0.825,131
47E323B2,CARAC,LIMA,HUARAL,wrf5,temp,20260910,20261009,"00Z,12Z",D1,3h,-1.605,2.683,3.407,0.784,190
47E323B2,CARAC,LIMA,HUARAL,mpas15,temp,20260910,20261009,00Z,D1,3h,-6.164,6.164,6.687,0.84,95
47E2323E,CUCHUANCA,LIMA,HUARAL,ecmwf,temp,20260910,20261009,"00Z,12Z",D1,3h,S/D,S/D,S/D,S/D,0
47E2323E,CUCHUANCA,LIMA,HUARAL,gfs,temp,20260910,20261009,"00Z,12Z",D1,3h,S/D,S/D,S/D,S/D,0
47E2323E,CUCHUANCA,LIMA,HUARAL,eta5,temp,20260910,20261009,"00Z,12Z",D1,3h,S/D,S/D,S/D,S/D,0
47E2323E,CUCHUANCA,LIMA,HUARAL,wrf5,temp,20260910,20261009,"00Z,12Z",D1,3h,S/D,S/D,S/D,S/D,0
47E2323E,CUCHUANCA,LIMA,HUARAL,mpas15,temp,20260910,20261009,00Z,D1,3h,S/D,S/D,S/D,S/D,0
47E330C4,SANTA CRUZ,LIMA,HUARAL,ecmwf,temp,20260910,20261009,"00Z,12Z",D1,3h,0.95,2.516,2.974,0.806,478
47E330C4,SANTA CRUZ,LIMA,HUARAL,gfs,temp,20260910,20261009,"00Z,12Z",D1,3h,0.533,0.934,1.138,0.851,478
47E330C4,SANTA CRUZ,LIMA,HUARAL,eta5,temp,20260910,20261009,"00Z,12Z",D1,3h,0.346,2.29,2.709,0.788,383
47E330C4,SANTA CRUZ,LIMA,HUARAL,wrf5,temp,20260910,20261009,"00Z,12Z",D1,3h,-1.186,1.404,1.666,0.83,473
47E330C4,SANTA CRUZ,LIMA,HUARAL,mpas15,temp,20260910,20261009,00Z,D1,3h,-5.442,5.442,5.815,0.79,239
47E214D2,SANTO DOMINGO,LIMA,HUARAL,ecmwf,temp,20260910,20261009,"00Z,12Z",D1,3h,-0.606,2.175,2.621,0.403,476
47E214D2,SANTO DOMINGO,LIMA,HUARAL,gfs,temp,20260910,20261009,"00Z,12Z",D1,3h,-0.569,2.116,2.528,0.455,476
47E214D2,SANTO DOMINGO,LIMA,HUARAL,eta5,temp,20260910,20261009,"00Z,12Z",D1,3h,2.97,3.42,4.391,0.611,381
47E214D2,SANTO DOMINGO,LIMA,HUARAL,wrf5,temp,20260910,20261009,"00Z,12Z",D1,3h,0.363,2.007,2.513,0.617,471
47E214D2,SANTO DOMINGO,LIMA,HUARAL,mpas15,temp,20260910,20261009,00Z,D1,3h,-1.0,2.17,2.512,0.586,238
47E257D8,VICHAYCOCHA,LIMA,HUARAL,ecmwf,temp,20260910,20261009,"00Z,12Z",D1,3h,S/D,S/D,S/D,S/D,0
47E257D8,VICHAYCOCHA,LIMA,HUARAL,gfs,temp,20260910,20261009,"00Z,12Z",D1,3h,S/D,S/D,S/D,S/D,0
47E257D8,VICHAYCOCHA,LIMA,HUARAL,eta5,temp,20260910,20261009,"00Z,12Z",D1,3h,S/D,S/D,S/D,S/D,0
47E257D8,VICHAYCOCHA,LIMA,HUARAL,wrf5,temp,20260910,20261009,"00Z,12Z",D1,3h,S/D,S/D,S/D,S/D,0
47E257D8,VICHAYCOCHA,LIMA,HUARAL,mpas15,temp,20260910,20261009,00Z,D1,3h,S/D,S/D,S/D,S/D,0
472D73C2,CASAPALCA,LIMA,HUAROCHIRI,ecmwf,temp,20260910,20261009,"00Z,12Z",D1,3h,-0.752,1.304,1.698,0.936,480
472D73C2,CASAPALCA,LIMA,HUAROCHIRI,gfs,temp,20260910,20261009,"00Z,12Z",D1,3h,-0.66,2.057,2.457,0.855,480
472D73C2,CASAPALCA,LIMA,HUAROCHIRI,eta5,temp,20260910,20261009,"00Z,12Z",D1,3h,-2.232,2.555,3.103,0.833,384
472D73C2,CASAPALCA,LIMA,HUAROCHIRI,wrf5,temp,20260910,20261009,"00Z,12Z",D1,3h,-2.177,2.558,3.12,0.845,475
472D73C2,CASAPALCA,LIMA,HUAROCHIRI,mpas15,temp,20260910,20261009,00Z,D1,3h,-3.488,3.551,4.064,0.881,240
472CE45A,MATUCANA,LIMA,HUAROCHIRI,ecmwf,temp,20260910,20261009,"00Z,12Z",D1,3h,-9.772,9.772,10.082,0.756,480
472CE45A,MATUCANA,LIMA,HUAROCHIRI,gfs,temp,20260910,20261009,"00Z,12Z",D1,3h,-7.043,7.043,7.548,0.811,480
472CE45A,MATUCANA,LIMA,HUAROCHIRI,eta5,temp,20260910,20261009,"00Z,12Z",D1,3h,-6.03,6.03,6.31,0.852,384
472CE45A,MATUCANA,LIMA,HUAROCHIRI,wrf5,temp,20260910,20261009,"00Z,12Z",D1,3h,-1.808,2.766,3.348,0.754,475
472CE45A,MATUCANA,LIMA,HUAROCHIRI,mpas15,temp,20260910,20261009,00Z,D1,3h,-12.133,12.133,12.32,0.862,240
212700,PUENTE ANTAPUCRO,LIMA,HUAROCHIRI,ecmwf,temp,20260910,20261009,"00Z,12Z",D1,3h,S/D,S/D,S/D,S/D,0
212700,PUENTE ANTAPUCRO,LIMA,HUAROCHIRI,gfs,temp,20260910,20261009,"00Z,12Z",D1,3h,S/D,S/D,S/D,S/D,0
212700,PUENTE ANTAPUCRO,LIMA,HUAROCHIRI,eta5,temp,20260910,20261009,"00Z,12Z",D1,3h,S/D,S/D,S/D,S/D,0
212700,PUENTE ANTAPUCRO,LIMA,HUAROCHIRI,wrf5,temp,20260910,20261009,"00Z,12Z",D1,3h,S/D,S/D,S/D,S/D,0
212700,PUENTE ANTAPUCRO,LIMA,HUAROCHIRI,mpas15,temp,20260910,20261009,00Z,D1,3h,S/D,S/D,S/D,S/D,0
212605,SAN MATEO ,LIMA,HUAROCHIRI,ecmwf,temp,20260910,20261009,"00Z,12Z",D1,3h,S/D,S/D,S/D,S/D,0
212605,SAN MATEO ,LIMA,HUAROCHIRI,gfs,temp,20260910,20261009,"00Z,12Z",D1,3h,S/D,S/D,S/D,S/D,0
212605,SAN MATEO ,LIMA,HUAROCHIRI,eta5,temp,20260910,20261009,"00Z,12Z",D1,3h,S/D,S/D,S/D,S/D,0
212605,SAN MATEO ,LIMA,HUAROCHIRI,wrf5,temp,20260910,20261009,"00Z,12Z",D1,3h,S/D,S/D,S/D,S/D,0
212605,SAN MATEO ,LIMA,HUAROCHIRI,mpas15,temp,20260910,20261009,00Z,D1,3h,S/D,S/D,S/D,S/D,0
472EC742,SAN MATEO DE OTAO,LIMA,HUAROCHIRI,ecmwf,temp,20260910,20261009,"00Z,12Z",D1,3h,-3.589,3.622,4.102,0.78,480
472EC742,SAN MATEO DE OTAO,LIMA,HUAROCHIRI,gfs,temp,20260910,20261009,"00Z,12Z",D1,3h,-0.859,1.355,1.829,0.859,480
472EC742,SAN MATEO DE OTAO,LIMA,HUAROCHIRI,eta5,temp,20260910,20261009,"00Z,12Z",D1,3h,2.399,2.493,2.93,0.835,384
472EC742,SAN MATEO DE OTAO,LIMA,HUAROCHIRI,wrf5,temp,20260910,20261009,"00Z,12Z",D1,3h,3.087,3.364,3.873,0.749,475
472EC742,SAN MATEO DE OTAO,LIMA,HUAROCHIRI,mpas15,temp,20260910,20261009,00Z,D1,3h,4.784,4.796,5.174,0.824,240
472E24B0,SANTA EULALIA,LIMA,HUAROCHIRI,ecmwf,temp,20260910,20261009,"00Z,12Z",D1,3h,S/D,S/D,S/D,S/D,0
472E24B0,SANTA EULALIA,LIMA,HUAROCHIRI,gfs,temp,20260910,20261009,"00Z,12Z",D1,3h,S/D,S/D,S/D,S/D,0
472E24B0,SANTA EULALIA,LIMA,HUAROCHIRI,eta5,temp,20260910,20261009,"00Z,12Z",D1,3h,S/D,S/D,S/D,S/D,0
472E24B0,SANTA EULALIA,LIMA,HUAROCHIRI,wrf5,temp,20260910,20261009,"00Z,12Z",D1,3h,S/D,S/D,S/D,S/D,0
472E24B0,SANTA EULALIA,LIMA,HUAROCHIRI,mpas15,temp,20260910,20261009,00Z,D1,3h,S/D,S/D,S/D,S/D,0
472CA750,SANTIAGO DE TUNA,LIMA,HUAROCHIRI,ecmwf,temp,20260910,20261009,"00Z,12Z",D1,3h,0.754,1.742,2.129,0.864,480
472CA750,SANTIAGO DE TUNA,LIMA,HUAROCHIRI,gfs,temp,20260910,20261009,"00Z,12Z",D1,3h,0.626,2.251,2.542,0.865,480
472CA750,SANTIAGO DE TUNA,LIMA,HUAROCHIRI,eta5,temp,20260910,20261009,"00Z,12Z",D1,3h,-3.406,3.525,3.988,0.817,384
472CA750,SANTIAGO DE TUNA,LIMA,HUAROCHIRI,wrf5,temp,20260910,20261009,"00Z,12Z",D1,3h,-0.408,2.73,2.989,0.803,475
472CA750,SANTIAGO DE TUNA,LIMA,HUAROCHIRI,mpas15,temp,20260910,20261009,00Z,D1,3h,-1.325,2.239,2.796,0.855,240
4724966C,SAYAN,LIMA,HUAURA,ecmwf,temp,20260910,20261009,"00Z,12Z",D1,3h,-1.227,1.602,2.008,0.888,478
4724966C,SAYAN,LIMA,HUAURA,gfs,temp,20260910,20261009,"00Z,12Z",D1,3h,-1.056,1.463,1.822,0.879,478
4724966C,SAYAN,LIMA,HUAURA,eta5,temp,20260910,20261009,"00Z,12Z",D1,3h,1.024,1.847,2.335,0.8,383
4724966C,SAYAN,LIMA,HUAURA,wrf5,temp,20260910,20261009,"00Z,12Z",D1,3h,-0.278,1.477,1.808,0.875,473
4724966C,SAYAN,LIMA,HUAURA,mpas15,temp,20260910,20261009,00Z,D1,3h,-3.679,3.823,4.461,0.739,239
212500,AGUA AZUL BOCATOMA,LIMA,LIMA,ecmwf,temp,20260910,20261009,"00Z,12Z",D1,3h,S/D,S/D,S/D,S/D,0
212500,AGUA AZUL BOCATOMA,LIMA,LIMA,gfs,temp,20260910,20261009,"00Z,12Z",D1,3h,S/D,S/D,S/D,S/D,0
212500,AGUA AZUL BOCATOMA,LIMA,LIMA,eta5,temp,20260910,20261009,"00Z,12Z",D1,3h,S/D,S/D,S/D,S/D,0
212500,AGUA AZUL BOCATOMA,LIMA,LIMA,wrf5,temp,20260910,20261009,"00Z,12Z",D1,3h,S/D,S/D,S/D,S/D,0
212500,AGUA AZUL BOCATOMA,LIMA,LIMA,mpas15,temp,20260910,20261009,00Z,D1,3h,S/D,S/D,S/D,S/D,0
472A218A,ANTONIO RAYMONDI,LIMA,LIMA,ecmwf,temp,20260910,20261009,"00Z,12Z",D1,3h,-2.226,2.34,3.002,0.309,476
472A218A,ANTONIO RAYMONDI,LIMA,LIMA,gfs,temp,20260910,20261009,"00Z,12Z",D1,3h,-4.019,4.02,4.342,0.774,476
472A218A,ANTONIO RAYMONDI,LIMA,LIMA,eta5,temp,20260910,20261009,"00Z,12Z",D1,3h,-3.529,3.552,3.9,0.79,381
472A218A,ANTONIO RAYMONDI,LIMA,LIMA,wrf5,temp,20260910,20261009,"00Z,12Z",D1,3h,-1.582,1.73,2.05,0.795,471
472A218A,ANTONIO RAYMONDI,LIMA,LIMA,mpas15,temp,20260910,20261009,00Z,D1,3h,-2.774,2.795,3.016,0.833,238
112181,CAMPO DE MARTE,LIMA,LIMA,ecmwf,temp,20260910,20261009,"00Z,12Z",D1,3h,-1.04,1.469,1.703,0.896,460
112181,CAMPO DE MARTE,LIMA,LIMA,gfs,temp,20260910,20261009,"00Z,12Z",D1,3h,-2.329,2.331,2.538,0.859,460
112181,CAMPO DE MARTE,LIMA,LIMA,eta5,temp,20260910,20261009,"00Z,12Z",D1,3h,-2.583,2.721,3.097,0.806,368
112181,CAMPO DE MARTE,LIMA,LIMA,wrf5,temp,20260910,20261009,"00Z,12Z",D1,3h,-0.36,0.867,1.1,0.846,455
112181,CAMPO DE MARTE,LIMA,LIMA,mpas15,temp,20260910,20261009,00Z,D1,3h,-1.779,1.841,2.305,0.742,230
111286,CARABAYLLO,LIMA,LIMA,ecmwf,temp,20260910,20261009,"00Z,12Z",D1,3h,-1.75,1.939,2.163,0.898,478
111286,CARABAYLLO,LIMA,LIMA,gfs,temp,20260910,20261009,"00Z,12Z",D1,3h,-3.029,3.029,3.27,0.886,478
111286,CARABAYLLO,LIMA,LIMA,eta5,temp,20260910,20261009,"00Z,12Z",D1,3h,-3.165,3.341,3.801,0.858,383
111286,CARABAYLLO,LIMA,LIMA,wrf5,temp,20260910,20261009,"00Z,12Z",D1,3h,-1.599,1.832,2.086,0.869,473
111286,CARABAYLLO,LIMA,LIMA,mpas15,temp,20260910,20261009,00Z,D1,3h,-2.063,2.116,2.434,0.882,239
112278,CERES,LIMA,LIMA,ecmwf,temp,20260910,20261009,"00Z,12Z",D1,3h,-0.737,1.252,1.429,0.905,394
112278,CERES,LIMA,LIMA,gfs,temp,20260910,20261009,"00Z,12Z",D1,3h,-2.024,2.027,2.294,0.883,394
112278,CERES,LIMA,LIMA,eta5,temp,20260910,20261009,"00Z,12Z",D1,3h,-2.585,2.876,3.331,0.85,341
112278,CERES,LIMA,LIMA,wrf5,temp,20260910,20261009,"00Z,12Z",D1,3h,-0.079,0.939,1.197,0.884,389
112278,CERES,LIMA,LIMA,mpas15,temp,20260910,20261009,00Z,D1,3h,-1.372,1.443,1.67,0.893,197
47278214,CHOSICA,LIMA,LIMA,ecmwf,temp,20260910,20261009,"00Z,12Z",D1,3h,S/D,S/D,S/D,S/D,0
47278214,CHOSICA,LIMA,LIMA,gfs,temp,20260910,20261009,"00Z,12Z",D1,3h,S/D,S/D,S/D,S/D,0
47278214,CHOSICA,LIMA,LIMA,eta5,temp,20260910,20261009,"00Z,12Z",D1,3h,S/D,S/D,S/D,S/D,0
47278214,CHOSICA,LIMA,LIMA,wrf5,temp,20260910,20261009,"00Z,12Z",D1,3h,S/D,S/D,S/D,S/D,0
47278214,CHOSICA,LIMA,LIMA,mpas15,temp,20260910,20261009,00Z,D1,3h,S/D,S/D,S/D,S/D,0
112281,LAS PALMAS,LIMA,LIMA,ecmwf,temp,20260910,20261009,"00Z,12Z",D1,3h,-1.832,1.861,2.404,0.7,480
112281,LAS PALMAS,LIMA,LIMA,gfs,temp,20260910,20261009,"00Z,12Z",D1,3h,-3.645,3.645,4.012,0.728,480
112281,LAS PALMAS,LIMA,LIMA,eta5,temp,20260910,20261009,"00Z,12Z",D1,3h,-2.637,2.713,3.028,0.794,384
112281,LAS PALMAS,LIMA,LIMA,wrf5,temp,20260910,20261009,"00Z,12Z",D1,3h,-0.297,0.928,1.2,0.813,475
112281,LAS PALMAS,LIMA,LIMA,mpas15,temp,20260910,20261009,00Z,D1,3h,-2.214,2.322,3.242,-0.096,240
112193,SAN BORJA,LIMA,LIMA,ecmwf,temp,20260910,20261009,"00Z,12Z",D1,3h,-1.311,1.704,1.929,0.889,436
112193,SAN BORJA,LIMA,LIMA,gfs,temp,20260910,20261009,"00Z,12Z",D1,3h,-2.501,2.505,2.658,0.871,436
112193,SAN BORJA,LIMA,LIMA,eta5,temp,20260910,20261009,"00Z,12Z",D1,3h,-3.255,3.315,3.681,0.82,349
112193,SAN BORJA,LIMA,LIMA,wrf5,temp,20260910,20261009,"00Z,12Z",D1,3h,-0.338,0.903,1.135,0.793,433
112193,SAN BORJA,LIMA,LIMA,mpas15,temp,20260910,20261009,00Z,D1,3h,-1.886,1.918,2.331,0.726,218
112267,SAN JUAN DE LURIGANCHO,LIMA,LIMA,ecmwf,temp,20260910,20261009,"00Z,12Z",D1,3h,-0.946,1.531,1.725,0.884,442
112267,SAN JUAN DE LURIGANCHO,LIMA,LIMA,gfs,temp,20260910,20261009,"00Z,12Z",D1,3h,-2.185,2.194,2.391,0.882,442
112267,SAN JUAN DE LURIGANCHO,LIMA,LIMA,eta5,temp,20260910,20261009,"00Z,12Z",D1,3h,-2.969,3.186,3.659,0.83,351
112267,SAN JUAN DE LURIGANCHO,LIMA,LIMA,wrf5,temp,20260910,20261009,"00Z,12Z",D1,3h,-1.452,1.761,1.982,0.846,437
112267,SAN JUAN DE LURIGANCHO,LIMA,LIMA,mpas15,temp,20260910,20261009,00Z,D1,3h,-1.656,1.698,2.23,0.785,221
112265,SAN MARTIN DE PORRES,LIMA,LIMA,ecmwf,temp,20260910,20261009,"00Z,12Z",D1,3h,-2.005,2.262,2.607,0.875,478
112265,SAN MARTIN DE PORRES,LIMA,LIMA,gfs,temp,20260910,20261009,"00Z,12Z",D1,3h,-3.284,3.284,3.419,0.843,478
112265,SAN MARTIN DE PORRES,LIMA,LIMA,eta5,temp,20260910,20261009,"00Z,12Z",D1,3h,-3.433,3.441,3.817,0.777,383
112265,SAN MARTIN DE PORRES,LIMA,LIMA,wrf5,temp,20260910,20261009,"00Z,12Z",D1,3h,-0.89,1.121,1.326,0.819,473
112265,SAN MARTIN DE PORRES,LIMA,LIMA,mpas15,temp,20260910,20261009,00Z,D1,3h,-2.729,2.729,2.919,0.768,239
112208,SANTA ANITA,LIMA,LIMA,ecmwf,temp,20260910,20261009,"00Z,12Z",D1,3h,-0.313,1.242,1.471,0.892,478
112208,SANTA ANITA,LIMA,LIMA,gfs,temp,20260910,20261009,"00Z,12Z",D1,3h,-1.578,1.619,1.828,0.885,478
112208,SANTA ANITA,LIMA,LIMA,eta5,temp,20260910,20261009,"00Z,12Z",D1,3h,-2.144,2.683,3.148,0.828,383
112208,SANTA ANITA,LIMA,LIMA,wrf5,temp,20260910,20261009,"00Z,12Z",D1,3h,0.125,0.879,1.174,0.854,473
112208,SANTA ANITA,LIMA,LIMA,mpas15,temp,20260910,20261009,00Z,D1,3h,-1.014,1.229,1.757,0.777,239
472AC278,VON HUMBOLDT,LIMA,LIMA,ecmwf,temp,20260910,20261009,"00Z,12Z",D1,3h,-0.478,1.142,1.355,0.899,444
472AC278,VON HUMBOLDT,LIMA,LIMA,gfs,temp,20260910,20261009,"00Z,12Z",D1,3h,-1.735,1.839,2.2,0.859,444
472AC278,VON HUMBOLDT,LIMA,LIMA,eta5,temp,20260910,20261009,"00Z,12Z",D1,3h,-2.6,2.784,3.242,0.844,355
472AC278,VON HUMBOLDT,LIMA,LIMA,wrf5,temp,20260910,20261009,"00Z,12Z",D1,3h,-0.176,1.032,1.306,0.874,439
472AC278,VON HUMBOLDT,LIMA,LIMA,mpas15,temp,20260910,20261009,00Z,D1,3h,-1.091,1.35,1.646,0.866,222
111290,ÑAÑA,LIMA,LIMA,ecmwf,temp,20260910,20261009,"00Z,12Z",D1,3h,-0.325,1.421,1.729,0.785,480
111290,ÑAÑA,LIMA,LIMA,gfs,temp,20260910,20261009,"00Z,12Z",D1,3h,-0.491,1.552,1.866,0.747,480
111290,ÑAÑA,LIMA,LIMA,eta5,temp,20260910,20261009,"00Z,12Z",D1,3h,0.589,2.378,2.861,0.756,384
111290,ÑAÑA,LIMA,LIMA,wrf5,temp,20260910,20261009,"00Z,12Z",D1,3h,-1.009,1.618,1.904,0.858,475
111290,ÑAÑA,LIMA,LIMA,mpas15,temp,20260910,20261009,00Z,D1,3h,0.208,0.779,1.012,0.913,240
110139,PICOY,LIMA,OYON,ecmwf,temp,20260910,20261009,"00Z,12Z",D1,3h,S/D,S/D,S/D,S/D,0
110139,PICOY,LIMA,OYON,gfs,temp,20260910,20261009,"00Z,12Z",D1,3h,S/D,S/D,S/D,S/D,0
110139,PICOY,LIMA,OYON,eta5,temp,20260910,20261009,"00Z,12Z",D1,3h,S/D,S/D,S/D,S/D,0
110139,PICOY,LIMA,OYON,wrf5,temp,20260910,20261009,"00Z,12Z",D1,3h,S/D,S/D,S/D,S/D,0
110139,PICOY,LIMA,OYON,mpas15,temp,20260910,20261009,00Z,D1,3h,S/D,S/D,S/D,S/D,0
472364DC,CARANIA,LIMA,YAUYOS,ecmwf,temp,20260910,20261009,"00Z,12Z",D1,3h,S/D,S/D,S/D,S/D,0
472364DC,CARANIA,LIMA,YAUYOS,gfs,temp,20260910,20261009,"00Z,12Z",D1,3h,S/D,S/D,S/D,S/D,0
472364DC,CARANIA,LIMA,YAUYOS,eta5,temp,20260910,20261009,"00Z,12Z",D1,3h,S/D,S/D,S/D,S/D,0
472364DC,CARANIA,LIMA,YAUYOS,wrf5,temp,20260910,20261009,"00Z,12Z",D1,3h,S/D,S/D,S/D,S/D,0
472364DC,CARANIA,LIMA,YAUYOS,mpas15,temp,20260910,20261009,00Z,D1,3h,S/D,S/D,S/D,S/D,0
104112,SAN REGIS,LORETO,LORETO,ecmwf,temp,20260910,20261009,"00Z,12Z",D1,3h,-0.322,1.383,2.018,0.869,338
104112,SAN REGIS,LORETO,LORETO,gfs,temp,20260910,20261009,"00Z,12Z",D1,3h,0.683,2.209,3.001,0.795,338
104112,SAN REGIS,LORETO,LORETO,eta5,temp,20260910,20261009,"00Z,12Z",D1,3h,2.479,2.674,3.338,0.83,277
104112,SAN REGIS,LORETO,LORETO,wrf5,temp,20260910,20261009,"00Z,12Z",D1,3h,1.311,1.923,2.389,0.857,334
104112,SAN REGIS,LORETO,LORETO,mpas15,temp,20260910,20261009,00Z,D1,3h,-0.201,1.441,1.947,0.861,169
4727547C,CABALLOCOCHA,LORETO,MARISCAL RAMON CASTILLA,ecmwf,temp,20260910,20261009,"00Z,12Z",D1,3h,-0.756,1.452,1.986,0.833,476
4727547C,CABALLOCOCHA,LORETO,MARISCAL RAMON CASTILLA,gfs,temp,20260910,20261009,"00Z,12Z",D1,3h,-0.02,2.383,3.039,0.783,476
4727547C,CABALLOCOCHA,LORETO,MARISCAL RAMON CASTILLA,eta5,temp,20260910,20261009,"00Z,12Z",D1,3h,1.864,2.476,3.375,0.756,380
4727547C,CABALLOCOCHA,LORETO,MARISCAL RAMON CASTILLA,wrf5,temp,20260910,20261009,"00Z,12Z",D1,3h,1.178,2.078,2.752,0.804,471
4727547C,CABALLOCOCHA,LORETO,MARISCAL RAMON CASTILLA,mpas15,temp,20260910,20261009,00Z,D1,3h,-0.435,1.438,1.978,0.79,238
47288486,PEBAS,LORETO,MARISCAL RAMON CASTILLA,ecmwf,temp,20260910,20261009,"00Z,12Z",D1,3h,S/D,S/D,S/D,S/D,0
47288486,PEBAS,LORETO,MARISCAL RAMON CASTILLA,gfs,temp,20260910,20261009,"00Z,12Z",D1,3h,S/D,S/D,S/D,S/D,0
47288486,PEBAS,LORETO,MARISCAL RAMON CASTILLA,eta5,temp,20260910,20261009,"00Z,12Z",D1,3h,S/D,S/D,S/D,S/D,0
47288486,PEBAS,LORETO,MARISCAL RAMON CASTILLA,wrf5,temp,20260910,20261009,"00Z,12Z",D1,3h,S/D,S/D,S/D,S/D,0
47288486,PEBAS,LORETO,MARISCAL RAMON CASTILLA,mpas15,temp,20260910,20261009,00Z,D1,3h,S/D,S/D,S/D,S/D,0
103065,AMAZONAS,LORETO,MAYNAS,ecmwf,temp,20260910,20261009,"00Z,12Z",D1,3h,0.055,1.549,2.115,0.813,472
103065,AMAZONAS,LORETO,MAYNAS,gfs,temp,20260910,20261009,"00Z,12Z",D1,3h,0.627,2.339,3.181,0.759,472
103065,AMAZONAS,LORETO,MAYNAS,eta5,temp,20260910,20261009,"00Z,12Z",D1,3h,2.895,3.179,4.022,0.749,380
103065,AMAZONAS,LORETO,MAYNAS,wrf5,temp,20260910,20261009,"00Z,12Z",D1,3h,1.539,2.277,2.962,0.788,467
103065,AMAZONAS,LORETO,MAYNAS,mpas15,temp,20260910,20261009,00Z,D1,3h,-0.964,2.33,3.096,0.695,236
47252718,ENAPU PERU,LORETO,MAYNAS,ecmwf,temp,20260910,20261009,"00Z,12Z",D1,3h,-0.726,1.407,1.923,0.814,476
47252718,ENAPU PERU,LORETO,MAYNAS,gfs,temp,20260910,20261009,"00Z,12Z",D1,3h,-0.114,2.736,3.396,0.768,476
47252718,ENAPU PERU,LORETO,MAYNAS,eta5,temp,20260910,20261009,"00Z,12Z",D1,3h,2.118,2.867,3.708,0.729,382
47252718,ENAPU PERU,LORETO,MAYNAS,wrf5,temp,20260910,20261009,"00Z,12Z",D1,3h,0.624,2.203,2.82,0.762,471
47252718,ENAPU PERU,LORETO,MAYNAS,mpas15,temp,20260910,20261009,00Z,D1,3h,-1.577,2.046,2.638,0.721,238
47287402,CONTAMANA,LORETO,UCAYALI,ecmwf,temp,20260910,20261009,"00Z,12Z",D1,3h,-1.96,2.162,2.663,0.894,474
47287402,CONTAMANA,LORETO,UCAYALI,gfs,temp,20260910,20261009,"00Z,12Z",D1,3h,-0.743,2.293,2.88,0.872,474
47287402,CONTAMANA,LORETO,UCAYALI,eta5,temp,20260910,20261009,"00Z,12Z",D1,3h,1.302,1.972,2.675,0.837,381
47287402,CONTAMANA,LORETO,UCAYALI,wrf5,temp,20260910,20261009,"00Z,12Z",D1,3h,0.234,1.804,2.413,0.839,469
47287402,CONTAMANA,LORETO,UCAYALI,mpas15,temp,20260910,20261009,00Z,D1,3h,-2.121,2.311,2.848,0.881,237
47E8201A,SALVACION,MADRE DE DIOS,MANU,ecmwf,temp,20260910,20261009,"00Z,12Z",D1,3h,-0.976,1.968,2.496,0.776,480
47E8201A,SALVACION,MADRE DE DIOS,MANU,gfs,temp,20260910,20261009,"00Z,12Z",D1,3h,0.201,2.72,3.478,0.717,480
47E8201A,SALVACION,MADRE DE DIOS,MANU,eta5,temp,20260910,20261009,"00Z,12Z",D1,3h,0.11,1.617,2.115,0.826,384
47E8201A,SALVACION,MADRE DE DIOS,MANU,wrf5,temp,20260910,20261009,"00Z,12Z",D1,3h,1.71,2.242,2.841,0.813,475
47E8201A,SALVACION,MADRE DE DIOS,MANU,mpas15,temp,20260910,20261009,00Z,D1,3h,-2.067,2.629,3.351,0.711,240
472587E0,IÑAPARI,MADRE DE DIOS,TAHUAMANU,ecmwf,temp,20260910,20261009,"00Z,12Z",D1,3h,-0.356,1.523,2.271,0.892,476
472587E0,IÑAPARI,MADRE DE DIOS,TAHUAMANU,gfs,temp,20260910,20261009,"00Z,12Z",D1,3h,1.148,2.047,2.823,0.852,476
472587E0,IÑAPARI,MADRE DE DIOS,TAHUAMANU,eta5,temp,20260910,20261009,"00Z,12Z",D1,3h,2.567,2.901,3.621,0.85,380
472587E0,IÑAPARI,MADRE DE DIOS,TAHUAMANU,wrf5,temp,20260910,20261009,"00Z,12Z",D1,3h,1.558,2.081,2.871,0.876,471
472587E0,IÑAPARI,MADRE DE DIOS,TAHUAMANU,mpas15,temp,20260910,20261009,00Z,D1,3h,-0.986,1.9,2.578,0.894,238
260403,CACHUELA,MADRE DE DIOS,TAMBOPATA,ecmwf,temp,20260910,20261009,"00Z,12Z",D1,3h,-0.345,1.151,1.536,0.923,480
260403,CACHUELA,MADRE DE DIOS,TAMBOPATA,gfs,temp,20260910,20261009,"00Z,12Z",D1,3h,1.587,2.65,3.358,0.832,480
260403,CACHUELA,MADRE DE DIOS,TAMBOPATA,eta5,temp,20260910,20261009,"00Z,12Z",D1,3h,3.073,3.344,3.87,0.878,384
260403,CACHUELA,MADRE DE DIOS,TAMBOPATA,wrf5,temp,20260910,20261009,"00Z,12Z",D1,3h,1.58,2.249,2.794,0.89,475
260403,CACHUELA,MADRE DE DIOS,TAMBOPATA,mpas15,temp,20260910,20261009,00Z,D1,3h,-0.987,1.507,2.041,0.915,240
47E8336C,MALINOWSKY,MADRE DE DIOS,TAMBOPATA,ecmwf,temp,20260910,20261009,"00Z,12Z",D1,3h,-0.409,1.551,2.013,0.875,480
47E8336C,MALINOWSKY,MADRE DE DIOS,TAMBOPATA,gfs,temp,20260910,20261009,"00Z,12Z",D1,3h,1.288,2.623,3.42,0.778,480
47E8336C,MALINOWSKY,MADRE DE DIOS,TAMBOPATA,eta5,temp,20260910,20261009,"00Z,12Z",D1,3h,3.042,3.188,3.704,0.871,384
47E8336C,MALINOWSKY,MADRE DE DIOS,TAMBOPATA,wrf5,temp,20260910,20261009,"00Z,12Z",D1,3h,1.5,2.158,2.746,0.861,475
47E8336C,MALINOWSKY,MADRE DE DIOS,TAMBOPATA,mpas15,temp,20260910,20261009,00Z,D1,3h,-1.043,1.934,2.432,0.863,240
260402,PUENTE HERRERA,MADRE DE DIOS,TAMBOPATA,ecmwf,temp,20260910,20261009,"00Z,12Z",D1,3h,S/D,S/D,S/D,S/D,0
260402,PUENTE HERRERA,MADRE DE DIOS,TAMBOPATA,gfs,temp,20260910,20261009,"00Z,12Z",D1,3h,S/D,S/D,S/D,S/D,0
260402,PUENTE HERRERA,MADRE DE DIOS,TAMBOPATA,eta5,temp,20260910,20261009,"00Z,12Z",D1,3h,S/D,S/D,S/D,S/D,0
260402,PUENTE HERRERA,MADRE DE DIOS,TAMBOPATA,wrf5,temp,20260910,20261009,"00Z,12Z",D1,3h,S/D,S/D,S/D,S/D,0
260402,PUENTE HERRERA,MADRE DE DIOS,TAMBOPATA,mpas15,temp,20260910,20261009,00Z,D1,3h,S/D,S/D,S/D,S/D,0
112279,PUERTO MALDONADO,MADRE DE DIOS,TAMBOPATA,ecmwf,temp,20260910,20261009,"00Z,12Z",D1,3h,-1.163,1.584,2.051,0.905,480
112279,PUERTO MALDONADO,MADRE DE DIOS,TAMBOPATA,gfs,temp,20260910,20261009,"00Z,12Z",D1,3h,0.768,2.477,3.156,0.829,480
112279,PUERTO MALDONADO,MADRE DE DIOS,TAMBOPATA,eta5,temp,20260910,20261009,"00Z,12Z",D1,3h,2.287,2.813,3.327,0.865,384
112279,PUERTO MALDONADO,MADRE DE DIOS,TAMBOPATA,wrf5,temp,20260910,20261009,"00Z,12Z",D1,3h,0.871,2.018,2.571,0.879,475
112279,PUERTO MALDONADO,MADRE DE DIOS,TAMBOPATA,mpas15,temp,20260910,20261009,00Z,D1,3h,-1.806,2.101,2.597,0.898,240
260002,TAMBOPATA,MADRE DE DIOS,TAMBOPATA,ecmwf,temp,20260910,20261009,"00Z,12Z",D1,3h,S/D,S/D,S/D,S/D,0
260002,TAMBOPATA,MADRE DE DIOS,TAMBOPATA,gfs,temp,20260910,20261009,"00Z,12Z",D1,3h,S/D,S/D,S/D,S/D,0
260002,TAMBOPATA,MADRE DE DIOS,TAMBOPATA,eta5,temp,20260910,20261009,"00Z,12Z",D1,3h,S/D,S/D,S/D,S/D,0
260002,TAMBOPATA,MADRE DE DIOS,TAMBOPATA,wrf5,temp,20260910,20261009,"00Z,12Z",D1,3h,S/D,S/D,S/D,S/D,0
260002,TAMBOPATA,MADRE DE DIOS,TAMBOPATA,mpas15,temp,20260910,20261009,00Z,D1,3h,S/D,S/D,S/D,S/D,0
4723F1BE,MOQUEGUA,MOQUEGUA,MARISCAL NIETO,ecmwf,temp,20260910,20261009,"00Z,12Z",D1,3h,-1.003,1.594,2.03,0.949,478
4723F1BE,MOQUEGUA,MOQUEGUA,MARISCAL NIETO,gfs,temp,20260910,20261009,"00Z,12Z",D1,3h,0.145,1.637,2.011,0.942,478
4723F1BE,MOQUEGUA,MOQUEGUA,MARISCAL NIETO,eta5,temp,20260910,20261009,"00Z,12Z",D1,3h,1.961,2.329,2.809,0.924,382
4723F1BE,MOQUEGUA,MOQUEGUA,MARISCAL NIETO,wrf5,temp,20260910,20261009,"00Z,12Z",D1,3h,0.333,1.916,2.382,0.909,473
4723F1BE,MOQUEGUA,MOQUEGUA,MARISCAL NIETO,mpas15,temp,20260910,20261009,00Z,D1,3h,-4.064,4.279,4.676,0.905,239
110137,12 DE OCTUBRE,PASCO,DANIEL ALCIDES CARRION,ecmwf,temp,20260910,20261009,"00Z,12Z",D1,3h,-0.701,2.488,3.106,0.875,478
110137,12 DE OCTUBRE,PASCO,DANIEL ALCIDES CARRION,gfs,temp,20260910,20261009,"00Z,12Z",D1,3h,-1.458,2.823,3.723,0.806,478
110137,12 DE OCTUBRE,PASCO,DANIEL ALCIDES CARRION,eta5,temp,20260910,20261009,"00Z,12Z",D1,3h,-0.132,2.306,2.828,0.837,382
110137,12 DE OCTUBRE,PASCO,DANIEL ALCIDES CARRION,wrf5,temp,20260910,20261009,"00Z,12Z",D1,3h,0.028,2.585,3.269,0.836,473
110137,12 DE OCTUBRE,PASCO,DANIEL ALCIDES CARRION,mpas15,temp,20260910,20261009,00Z,D1,3h,-3.516,3.878,4.479,0.879,239
4725D79C,OXAPAMPA,PASCO,OXAPAMPA,ecmwf,temp,20260910,20261009,"00Z,12Z",D1,3h,-3.485,3.567,3.926,0.843,480
4725D79C,OXAPAMPA,PASCO,OXAPAMPA,gfs,temp,20260910,20261009,"00Z,12Z",D1,3h,-4.511,4.537,4.948,0.83,480
4725D79C,OXAPAMPA,PASCO,OXAPAMPA,eta5,temp,20260910,20261009,"00Z,12Z",D1,3h,-5.877,5.881,6.238,0.781,384
4725D79C,OXAPAMPA,PASCO,OXAPAMPA,wrf5,temp,20260910,20261009,"00Z,12Z",D1,3h,-0.252,1.495,1.977,0.836,475
4725D79C,OXAPAMPA,PASCO,OXAPAMPA,mpas15,temp,20260910,20261009,00Z,D1,3h,-3.024,3.32,4.031,0.71,240
109093,PUERTO BERMUDEZ,PASCO,OXAPAMPA,ecmwf,temp,20260910,20261009,"00Z,12Z",D1,3h,-0.517,1.518,2.012,0.851,480
109093,PUERTO BERMUDEZ,PASCO,OXAPAMPA,gfs,temp,20260910,20261009,"00Z,12Z",D1,3h,-0.388,2.459,3.226,0.813,480
109093,PUERTO BERMUDEZ,PASCO,OXAPAMPA,eta5,temp,20260910,20261009,"00Z,12Z",D1,3h,2.018,2.532,3.206,0.793,384
109093,PUERTO BERMUDEZ,PASCO,OXAPAMPA,wrf5,temp,20260910,20261009,"00Z,12Z",D1,3h,1.64,2.147,2.884,0.833,475
109093,PUERTO BERMUDEZ,PASCO,OXAPAMPA,mpas15,temp,20260910,20261009,00Z,D1,3h,-0.655,1.682,2.379,0.828,240
104114,ALTO DE POCLUS,PIURA,AYABACA,ecmwf,temp,20260910,20261009,"00Z,12Z",D1,3h,8.079,8.079,8.296,0.796,346
104114,ALTO DE POCLUS,PIURA,AYABACA,gfs,temp,20260910,20261009,"00Z,12Z",D1,3h,9.304,9.304,9.466,0.835,346
104114,ALTO DE POCLUS,PIURA,AYABACA,eta5,temp,20260910,20261009,"00Z,12Z",D1,3h,0.452,1.158,1.469,0.878,282
104114,ALTO DE POCLUS,PIURA,AYABACA,wrf5,temp,20260910,20261009,"00Z,12Z",D1,3h,1.02,1.871,2.309,0.691,341
104114,ALTO DE POCLUS,PIURA,AYABACA,mpas15,temp,20260910,20261009,00Z,D1,3h,5.633,5.633,5.878,0.811,173
47E9177A,EL CIRUELO,PIURA,AYABACA,ecmwf,temp,20260910,20261009,"00Z,12Z",D1,3h,S/D,S/D,S/D,S/D,0
47E9177A,EL CIRUELO,PIURA,AYABACA,gfs,temp,20260910,20261009,"00Z,12Z",D1,3h,S/D,S/D,S/D,S/D,0
47E9177A,EL CIRUELO,PIURA,AYABACA,eta5,temp,20260910,20261009,"00Z,12Z",D1,3h,S/D,S/D,S/D,S/D,0
47E9177A,EL CIRUELO,PIURA,AYABACA,wrf5,temp,20260910,20261009,"00Z,12Z",D1,3h,S/D,S/D,S/D,S/D,0
47E9177A,EL CIRUELO,PIURA,AYABACA,mpas15,temp,20260910,20261009,00Z,D1,3h,S/D,S/D,S/D,S/D,0
47E281B0,HUALCUY,PIURA,AYABACA,ecmwf,temp,20260910,20261009,"00Z,12Z",D1,3h,-4.015,4.016,4.32,0.851,478
47E281B0,HUALCUY,PIURA,AYABACA,gfs,temp,20260910,20261009,"00Z,12Z",D1,3h,-2.988,3.202,3.578,0.821,478
47E281B0,HUALCUY,PIURA,AYABACA,eta5,temp,20260910,20261009,"00Z,12Z",D1,3h,1.712,2.11,2.702,0.842,383
47E281B0,HUALCUY,PIURA,AYABACA,wrf5,temp,20260910,20261009,"00Z,12Z",D1,3h,3.047,3.069,3.477,0.89,473
47E281B0,HUALCUY,PIURA,AYABACA,mpas15,temp,20260910,20261009,00Z,D1,3h,-2.979,2.985,3.403,0.87,239
472FC5B8,PAIMAS,PIURA,AYABACA,ecmwf,temp,20260910,20261009,"00Z,12Z",D1,3h,-5.151,5.154,5.532,0.776,478
472FC5B8,PAIMAS,PIURA,AYABACA,gfs,temp,20260910,20261009,"00Z,12Z",D1,3h,-3.683,3.818,4.313,0.759,478
472FC5B8,PAIMAS,PIURA,AYABACA,eta5,temp,20260910,20261009,"00Z,12Z",D1,3h,-2.594,2.906,3.324,0.808,383
472FC5B8,PAIMAS,PIURA,AYABACA,wrf5,temp,20260910,20261009,"00Z,12Z",D1,3h,-0.73,2.334,2.706,0.852,473
472FC5B8,PAIMAS,PIURA,AYABACA,mpas15,temp,20260910,20261009,00Z,D1,3h,-2.534,2.727,3.103,0.864,239
47E0C74E,PUENTE MACARA,PIURA,AYABACA,ecmwf,temp,20260910,20261009,"00Z,12Z",D1,3h,S/D,S/D,S/D,S/D,0
47E0C74E,PUENTE MACARA,PIURA,AYABACA,gfs,temp,20260910,20261009,"00Z,12Z",D1,3h,S/D,S/D,S/D,S/D,0
47E0C74E,PUENTE MACARA,PIURA,AYABACA,eta5,temp,20260910,20261009,"00Z,12Z",D1,3h,S/D,S/D,S/D,S/D,0
47E0C74E,PUENTE MACARA,PIURA,AYABACA,wrf5,temp,20260910,20261009,"00Z,12Z",D1,3h,S/D,S/D,S/D,S/D,0
47E0C74E,PUENTE MACARA,PIURA,AYABACA,mpas15,temp,20260910,20261009,00Z,D1,3h,S/D,S/D,S/D,S/D,0
472FF022,SAPILLICA,PIURA,AYABACA,ecmwf,temp,20260910,20261009,"00Z,12Z",D1,3h,0.235,1.019,1.323,0.877,478
472FF022,SAPILLICA,PIURA,AYABACA,gfs,temp,20260910,20261009,"00Z,12Z",D1,3h,1.703,1.808,2.414,0.863,478
472FF022,SAPILLICA,PIURA,AYABACA,eta5,temp,20260910,20261009,"00Z,12Z",D1,3h,0.443,1.227,1.554,0.855,383
472FF022,SAPILLICA,PIURA,AYABACA,wrf5,temp,20260910,20261009,"00Z,12Z",D1,3h,0.531,1.513,1.901,0.762,473
472FF022,SAPILLICA,PIURA,AYABACA,mpas15,temp,20260910,20261009,00Z,D1,3h,1.442,1.693,2.278,0.874,239
472F86B2,CANCHAQUE,PIURA,HUANCABAMBA,ecmwf,temp,20260910,20261009,"00Z,12Z",D1,3h,-1.869,2.871,3.224,0.739,476
472F86B2,CANCHAQUE,PIURA,HUANCABAMBA,gfs,temp,20260910,20261009,"00Z,12Z",D1,3h,-1.701,2.659,2.994,0.729,476
472F86B2,CANCHAQUE,PIURA,HUANCABAMBA,eta5,temp,20260910,20261009,"00Z,12Z",D1,3h,0.118,1.46,1.794,0.748,382
472F86B2,CANCHAQUE,PIURA,HUANCABAMBA,wrf5,temp,20260910,20261009,"00Z,12Z",D1,3h,-0.281,2.259,2.867,0.36,471
472F86B2,CANCHAQUE,PIURA,HUANCABAMBA,mpas15,temp,20260910,20261009,00Z,D1,3h,0.076,1.715,2.125,0.713,238
472FE354,HUANCABAMBA,PIURA,HUANCABAMBA,ecmwf,temp,20260910,20261009,"00Z,12Z",D1,3h,-5.189,5.195,5.877,0.821,478
472FE354,HUANCABAMBA,PIURA,HUANCABAMBA,gfs,temp,20260910,20261009,"00Z,12Z",D1,3h,-4.654,4.734,5.434,0.773,478
472FE354,HUANCABAMBA,PIURA,HUANCABAMBA,eta5,temp,20260910,20261009,"00Z,12Z",D1,3h,-3.117,3.243,3.777,0.858,383
472FE354,HUANCABAMBA,PIURA,HUANCABAMBA,wrf5,temp,20260910,20261009,"00Z,12Z",D1,3h,0.014,1.881,2.382,0.804,473
472FE354,HUANCABAMBA,PIURA,HUANCABAMBA,mpas15,temp,20260910,20261009,00Z,D1,3h,-4.804,4.908,5.594,0.801,239
472761E6,HUARMACA,PIURA,HUANCABAMBA,ecmwf,temp,20260910,20261009,"00Z,12Z",D1,3h,0.844,1.78,2.318,0.697,480
472761E6,HUARMACA,PIURA,HUANCABAMBA,gfs,temp,20260910,20261009,"00Z,12Z",D1,3h,1.01,1.878,2.481,0.594,480
472761E6,HUARMACA,PIURA,HUANCABAMBA,eta5,temp,20260910,20261009,"00Z,12Z",D1,3h,1.574,2.145,2.699,0.571,384
472761E6,HUARMACA,PIURA,HUANCABAMBA,wrf5,temp,20260910,20261009,"00Z,12Z",D1,3h,2.001,2.459,2.95,0.627,475
472761E6,HUARMACA,PIURA,HUANCABAMBA,mpas15,temp,20260910,20261009,00Z,D1,3h,0.221,1.753,2.156,0.588,240
472FB328,CHALACO,PIURA,MORROPON,ecmwf,temp,20260910,20261009,"00Z,12Z",D1,3h,0.426,1.267,1.612,0.81,478
472FB328,CHALACO,PIURA,MORROPON,gfs,temp,20260910,20261009,"00Z,12Z",D1,3h,0.471,1.212,1.566,0.855,478
472FB328,CHALACO,PIURA,MORROPON,eta5,temp,20260910,20261009,"00Z,12Z",D1,3h,2.805,2.911,3.345,0.818,383
472FB328,CHALACO,PIURA,MORROPON,wrf5,temp,20260910,20261009,"00Z,12Z",D1,3h,1.094,2.415,3.034,0.468,473
472FB328,CHALACO,PIURA,MORROPON,mpas15,temp,20260910,20261009,00Z,D1,3h,3.539,3.548,3.932,0.831,239
472F6540,CHULUCANAS,PIURA,MORROPON,ecmwf,temp,20260910,20261009,"00Z,12Z",D1,3h,0.55,1.213,1.632,0.943,478
472F6540,CHULUCANAS,PIURA,MORROPON,gfs,temp,20260910,20261009,"00Z,12Z",D1,3h,-0.004,1.615,1.961,0.926,478
472F6540,CHULUCANAS,PIURA,MORROPON,eta5,temp,20260910,20261009,"00Z,12Z",D1,3h,1.255,1.76,2.373,0.94,382
472F6540,CHULUCANAS,PIURA,MORROPON,wrf5,temp,20260910,20261009,"00Z,12Z",D1,3h,-0.223,1.976,2.328,0.908,473
472F6540,CHULUCANAS,PIURA,MORROPON,mpas15,temp,20260910,20261009,00Z,D1,3h,-1.378,1.994,2.234,0.942,239
47E037CA,CORRAL DEL MEDIO,PIURA,MORROPON,ecmwf,temp,20260910,20261009,"00Z,12Z",D1,3h,S/D,S/D,S/D,S/D,0
47E037CA,CORRAL DEL MEDIO,PIURA,MORROPON,gfs,temp,20260910,20261009,"00Z,12Z",D1,3h,S/D,S/D,S/D,S/D,0
47E037CA,CORRAL DEL MEDIO,PIURA,MORROPON,eta5,temp,20260910,20261009,"00Z,12Z",D1,3h,S/D,S/D,S/D,S/D,0
47E037CA,CORRAL DEL MEDIO,PIURA,MORROPON,wrf5,temp,20260910,20261009,"00Z,12Z",D1,3h,S/D,S/D,S/D,S/D,0
47E037CA,CORRAL DEL MEDIO,PIURA,MORROPON,mpas15,temp,20260910,20261009,00Z,D1,3h,S/D,S/D,S/D,S/D,0
472F50DA,EL VIRREY,PIURA,MORROPON,ecmwf,temp,20260910,20261009,"00Z,12Z",D1,3h,-0.265,1.134,1.447,0.945,476
472F50DA,EL VIRREY,PIURA,MORROPON,gfs,temp,20260910,20261009,"00Z,12Z",D1,3h,-0.059,1.842,2.273,0.925,476
472F50DA,EL VIRREY,PIURA,MORROPON,eta5,temp,20260910,20261009,"00Z,12Z",D1,3h,-0.525,1.892,2.2,0.928,381
472F50DA,EL VIRREY,PIURA,MORROPON,wrf5,temp,20260910,20261009,"00Z,12Z",D1,3h,-0.939,2.282,2.677,0.879,471
472F50DA,EL VIRREY,PIURA,MORROPON,mpas15,temp,20260910,20261009,00Z,D1,3h,-0.092,1.446,1.833,0.944,238
47E074C0,HACIENDA BARRIOS,PIURA,MORROPON,ecmwf,temp,20260910,20261009,"00Z,12Z",D1,3h,S/D,S/D,S/D,S/D,0
47E074C0,HACIENDA BARRIOS,PIURA,MORROPON,gfs,temp,20260910,20261009,"00Z,12Z",D1,3h,S/D,S/D,S/D,S/D,0
47E074C0,HACIENDA BARRIOS,PIURA,MORROPON,eta5,temp,20260910,20261009,"00Z,12Z",D1,3h,S/D,S/D,S/D,S/D,0
47E074C0,HACIENDA BARRIOS,PIURA,MORROPON,wrf5,temp,20260910,20261009,"00Z,12Z",D1,3h,S/D,S/D,S/D,S/D,0
47E074C0,HACIENDA BARRIOS,PIURA,MORROPON,mpas15,temp,20260910,20261009,00Z,D1,3h,S/D,S/D,S/D,S/D,0
472F95C4,HACIENDA BIGOTE ,PIURA,MORROPON,ecmwf,temp,20260910,20261009,"00Z,12Z",D1,3h,-3.838,3.843,4.178,0.874,478
472F95C4,HACIENDA BIGOTE ,PIURA,MORROPON,gfs,temp,20260910,20261009,"00Z,12Z",D1,3h,-4.008,4.042,4.484,0.813,478
472F95C4,HACIENDA BIGOTE ,PIURA,MORROPON,eta5,temp,20260910,20261009,"00Z,12Z",D1,3h,1.617,2.372,3.027,0.877,383
472F95C4,HACIENDA BIGOTE ,PIURA,MORROPON,wrf5,temp,20260910,20261009,"00Z,12Z",D1,3h,-0.745,2.215,2.564,0.864,473
472F95C4,HACIENDA BIGOTE ,PIURA,MORROPON,mpas15,temp,20260910,20261009,00Z,D1,3h,-5.664,5.69,6.131,0.695,239
472FA05E,MALACASI,PIURA,MORROPON,ecmwf,temp,20260910,20261009,"00Z,12Z",D1,3h,-3.825,3.83,4.214,0.894,478
472FA05E,MALACASI,PIURA,MORROPON,gfs,temp,20260910,20261009,"00Z,12Z",D1,3h,-3.994,4.015,4.387,0.841,478
472FA05E,MALACASI,PIURA,MORROPON,eta5,temp,20260910,20261009,"00Z,12Z",D1,3h,0.327,1.711,2.108,0.915,383
472FA05E,MALACASI,PIURA,MORROPON,wrf5,temp,20260910,20261009,"00Z,12Z",D1,3h,-0.752,1.898,2.222,0.907,473
472FA05E,MALACASI,PIURA,MORROPON,mpas15,temp,20260910,20261009,00Z,D1,3h,-3.13,3.166,3.506,0.898,239
472F7636,MORROPON,PIURA,MORROPON,ecmwf,temp,20260910,20261009,"00Z,12Z",D1,3h,-0.521,1.394,1.659,0.935,476
472F7636,MORROPON,PIURA,MORROPON,gfs,temp,20260910,20261009,"00Z,12Z",D1,3h,-0.309,1.945,2.265,0.914,476
472F7636,MORROPON,PIURA,MORROPON,eta5,temp,20260910,20261009,"00Z,12Z",D1,3h,1.116,1.82,2.39,0.94,381
472F7636,MORROPON,PIURA,MORROPON,wrf5,temp,20260910,20261009,"00Z,12Z",D1,3h,-0.026,1.982,2.341,0.907,471
472F7636,MORROPON,PIURA,MORROPON,mpas15,temp,20260910,20261009,00Z,D1,3h,-2.915,2.991,3.315,0.924,238
47E067B6,SALITRAL,PIURA,MORROPON,ecmwf,temp,20260910,20261009,"00Z,12Z",D1,3h,S/D,S/D,S/D,S/D,0
47E067B6,SALITRAL,PIURA,MORROPON,gfs,temp,20260910,20261009,"00Z,12Z",D1,3h,S/D,S/D,S/D,S/D,0
47E067B6,SALITRAL,PIURA,MORROPON,eta5,temp,20260910,20261009,"00Z,12Z",D1,3h,S/D,S/D,S/D,S/D,0
47E067B6,SALITRAL,PIURA,MORROPON,wrf5,temp,20260910,20261009,"00Z,12Z",D1,3h,S/D,S/D,S/D,S/D,0
47E067B6,SALITRAL,PIURA,MORROPON,mpas15,temp,20260910,20261009,00Z,D1,3h,S/D,S/D,S/D,S/D,0
47E08444,SAN PEDRO,PIURA,MORROPON,ecmwf,temp,20260910,20261009,"00Z,12Z",D1,3h,S/D,S/D,S/D,S/D,0
47E08444,SAN PEDRO,PIURA,MORROPON,gfs,temp,20260910,20261009,"00Z,12Z",D1,3h,S/D,S/D,S/D,S/D,0
47E08444,SAN PEDRO,PIURA,MORROPON,eta5,temp,20260910,20261009,"00Z,12Z",D1,3h,S/D,S/D,S/D,S/D,0
47E08444,SAN PEDRO,PIURA,MORROPON,wrf5,temp,20260910,20261009,"00Z,12Z",D1,3h,S/D,S/D,S/D,S/D,0
47E08444,SAN PEDRO,PIURA,MORROPON,mpas15,temp,20260910,20261009,00Z,D1,3h,S/D,S/D,S/D,S/D,0
105145,SANTO DOMINGO,PIURA,MORROPON,ecmwf,temp,20260910,20261009,"00Z,12Z",D1,3h,-2.765,2.765,2.857,0.863,14
105145,SANTO DOMINGO,PIURA,MORROPON,gfs,temp,20260910,20261009,"00Z,12Z",D1,3h,-4.376,4.376,4.601,0.697,14
105145,SANTO DOMINGO,PIURA,MORROPON,eta5,temp,20260910,20261009,"00Z,12Z",D1,3h,-1.256,1.523,1.812,0.891,12
105145,SANTO DOMINGO,PIURA,MORROPON,wrf5,temp,20260910,20261009,"00Z,12Z",D1,3h,-0.048,0.549,0.773,0.876,14
105145,SANTO DOMINGO,PIURA,MORROPON,mpas15,temp,20260910,20261009,00Z,D1,3h,0.266,1.467,1.954,0.703,7
47E0B1DE,PUENTE SIMON RODRIGUEZ,PIURA,PAITA,ecmwf,temp,20260910,20261009,"00Z,12Z",D1,3h,S/D,S/D,S/D,S/D,0
47E0B1DE,PUENTE SIMON RODRIGUEZ,PIURA,PAITA,gfs,temp,20260910,20261009,"00Z,12Z",D1,3h,S/D,S/D,S/D,S/D,0
47E0B1DE,PUENTE SIMON RODRIGUEZ,PIURA,PAITA,eta5,temp,20260910,20261009,"00Z,12Z",D1,3h,S/D,S/D,S/D,S/D,0
47E0B1DE,PUENTE SIMON RODRIGUEZ,PIURA,PAITA,wrf5,temp,20260910,20261009,"00Z,12Z",D1,3h,S/D,S/D,S/D,S/D,0
47E0B1DE,PUENTE SIMON RODRIGUEZ,PIURA,PAITA,mpas15,temp,20260910,20261009,00Z,D1,3h,S/D,S/D,S/D,S/D,0
47E0E1A2,BOCATOMA CHIPILLICO,PIURA,PIURA,ecmwf,temp,20260910,20261009,"00Z,12Z",D1,3h,S/D,S/D,S/D,S/D,0
47E0E1A2,BOCATOMA CHIPILLICO,PIURA,PIURA,gfs,temp,20260910,20261009,"00Z,12Z",D1,3h,S/D,S/D,S/D,S/D,0
47E0E1A2,BOCATOMA CHIPILLICO,PIURA,PIURA,eta5,temp,20260910,20261009,"00Z,12Z",D1,3h,S/D,S/D,S/D,S/D,0
47E0E1A2,BOCATOMA CHIPILLICO,PIURA,PIURA,wrf5,temp,20260910,20261009,"00Z,12Z",D1,3h,S/D,S/D,S/D,S/D,0
47E0E1A2,BOCATOMA CHIPILLICO,PIURA,PIURA,mpas15,temp,20260910,20261009,00Z,D1,3h,S/D,S/D,S/D,S/D,0
47E0F2D4,LAGARTERA,PIURA,PIURA,ecmwf,temp,20260910,20261009,"00Z,12Z",D1,3h,S/D,S/D,S/D,S/D,0
47E0F2D4,LAGARTERA,PIURA,PIURA,gfs,temp,20260910,20261009,"00Z,12Z",D1,3h,S/D,S/D,S/D,S/D,0
47E0F2D4,LAGARTERA,PIURA,PIURA,eta5,temp,20260910,20261009,"00Z,12Z",D1,3h,S/D,S/D,S/D,S/D,0
47E0F2D4,LAGARTERA,PIURA,PIURA,wrf5,temp,20260910,20261009,"00Z,12Z",D1,3h,S/D,S/D,S/D,S/D,0
47E0F2D4,LAGARTERA,PIURA,PIURA,mpas15,temp,20260910,20261009,00Z,D1,3h,S/D,S/D,S/D,S/D,0
105112,MIRAFLORES,PIURA,PIURA,ecmwf,temp,20260910,20261009,"00Z,12Z",D1,3h,S/D,S/D,S/D,S/D,0
105112,MIRAFLORES,PIURA,PIURA,gfs,temp,20260910,20261009,"00Z,12Z",D1,3h,S/D,S/D,S/D,S/D,0
105112,MIRAFLORES,PIURA,PIURA,eta5,temp,20260910,20261009,"00Z,12Z",D1,3h,S/D,S/D,S/D,S/D,0
105112,MIRAFLORES,PIURA,PIURA,wrf5,temp,20260910,20261009,"00Z,12Z",D1,3h,S/D,S/D,S/D,S/D,0
105112,MIRAFLORES,PIURA,PIURA,mpas15,temp,20260910,20261009,00Z,D1,3h,S/D,S/D,S/D,S/D,0
104113,PARTIDOR,PIURA,PIURA,ecmwf,temp,20260910,20261009,"00Z,12Z",D1,3h,1.292,1.436,1.919,0.94,162
104113,PARTIDOR,PIURA,PIURA,gfs,temp,20260910,20261009,"00Z,12Z",D1,3h,0.162,1.468,1.779,0.927,162
104113,PARTIDOR,PIURA,PIURA,eta5,temp,20260910,20261009,"00Z,12Z",D1,3h,1.47,1.732,2.289,0.942,143
104113,PARTIDOR,PIURA,PIURA,wrf5,temp,20260910,20261009,"00Z,12Z",D1,3h,-0.267,1.794,2.009,0.911,158
104113,PARTIDOR,PIURA,PIURA,mpas15,temp,20260910,20261009,00Z,D1,3h,-0.262,1.123,1.407,0.946,81
105143,SAN MIGUEL,PIURA,PIURA,ecmwf,temp,20260910,20261009,"00Z,12Z",D1,3h,-0.341,0.868,1.182,0.957,446
105143,SAN MIGUEL,PIURA,PIURA,gfs,temp,20260910,20261009,"00Z,12Z",D1,3h,-0.955,1.204,1.646,0.955,446
105143,SAN MIGUEL,PIURA,PIURA,eta5,temp,20260910,20261009,"00Z,12Z",D1,3h,0.256,1.17,1.456,0.943,356
105143,SAN MIGUEL,PIURA,PIURA,wrf5,temp,20260910,20261009,"00Z,12Z",D1,3h,-0.611,1.241,1.471,0.946,441
105143,SAN MIGUEL,PIURA,PIURA,mpas15,temp,20260910,20261009,00Z,D1,3h,-1.077,1.468,1.688,0.946,223
47E0522C,TAMBO GRANDE,PIURA,PIURA,ecmwf,temp,20260910,20261009,"00Z,12Z",D1,3h,S/D,S/D,S/D,S/D,0
47E0522C,TAMBO GRANDE,PIURA,PIURA,gfs,temp,20260910,20261009,"00Z,12Z",D1,3h,S/D,S/D,S/D,S/D,0
47E0522C,TAMBO GRANDE,PIURA,PIURA,eta5,temp,20260910,20261009,"00Z,12Z",D1,3h,S/D,S/D,S/D,S/D,0
47E0522C,TAMBO GRANDE,PIURA,PIURA,wrf5,temp,20260910,20261009,"00Z,12Z",D1,3h,S/D,S/D,S/D,S/D,0
47E0522C,TAMBO GRANDE,PIURA,PIURA,mpas15,temp,20260910,20261009,00Z,D1,3h,S/D,S/D,S/D,S/D,0
105144,BERNAL,PIURA,SECHURA,ecmwf,temp,20260910,20261009,"00Z,12Z",D1,3h,0.153,1.01,1.315,0.952,162
105144,BERNAL,PIURA,SECHURA,gfs,temp,20260910,20261009,"00Z,12Z",D1,3h,-0.286,1.433,1.613,0.946,162
105144,BERNAL,PIURA,SECHURA,eta5,temp,20260910,20261009,"00Z,12Z",D1,3h,0.236,1.402,1.759,0.934,143
105144,BERNAL,PIURA,SECHURA,wrf5,temp,20260910,20261009,"00Z,12Z",D1,3h,-0.232,1.353,1.577,0.937,157
105144,BERNAL,PIURA,SECHURA,mpas15,temp,20260910,20261009,00Z,D1,3h,-0.256,1.533,1.786,0.95,81
105120,CHUSIS,PIURA,SECHURA,ecmwf,temp,20260910,20261009,"00Z,12Z",D1,3h,0.266,0.903,1.288,0.945,226
105120,CHUSIS,PIURA,SECHURA,gfs,temp,20260910,20261009,"00Z,12Z",D1,3h,-0.103,1.207,1.441,0.939,226
105120,CHUSIS,PIURA,SECHURA,eta5,temp,20260910,20261009,"00Z,12Z",D1,3h,0.068,1.004,1.242,0.917,186
105120,CHUSIS,PIURA,SECHURA,wrf5,temp,20260910,20261009,"00Z,12Z",D1,3h,-0.451,0.952,1.159,0.933,222
105120,CHUSIS,PIURA,SECHURA,mpas15,temp,20260910,20261009,00Z,D1,3h,-0.438,0.891,1.106,0.949,113
47E0D438,ALAMOR,PIURA,SULLANA,ecmwf,temp,20260910,20261009,"00Z,12Z",D1,3h,S/D,S/D,S/D,S/D,0
47E0D438,ALAMOR,PIURA,SULLANA,gfs,temp,20260910,20261009,"00Z,12Z",D1,3h,S/D,S/D,S/D,S/D,0
47E0D438,ALAMOR,PIURA,SULLANA,eta5,temp,20260910,20261009,"00Z,12Z",D1,3h,S/D,S/D,S/D,S/D,0
47E0D438,ALAMOR,PIURA,SULLANA,wrf5,temp,20260910,20261009,"00Z,12Z",D1,3h,S/D,S/D,S/D,S/D,0
47E0D438,ALAMOR,PIURA,SULLANA,mpas15,temp,20260910,20261009,00Z,D1,3h,S/D,S/D,S/D,S/D,0
47E09732,LA ARDILLA,PIURA,SULLANA,ecmwf,temp,20260910,20261009,"00Z,12Z",D1,3h,S/D,S/D,S/D,S/D,0
47E09732,LA ARDILLA,PIURA,SULLANA,gfs,temp,20260910,20261009,"00Z,12Z",D1,3h,S/D,S/D,S/D,S/D,0
47E09732,LA ARDILLA,PIURA,SULLANA,eta5,temp,20260910,20261009,"00Z,12Z",D1,3h,S/D,S/D,S/D,S/D,0
47E09732,LA ARDILLA,PIURA,SULLANA,wrf5,temp,20260910,20261009,"00Z,12Z",D1,3h,S/D,S/D,S/D,S/D,0
47E09732,LA ARDILLA,PIURA,SULLANA,mpas15,temp,20260910,20261009,00Z,D1,3h,S/D,S/D,S/D,S/D,0
472FD6CE,LANCONES,PIURA,SULLANA,ecmwf,temp,20260910,20261009,"00Z,12Z",D1,3h,0.569,1.152,1.614,0.934,478
472FD6CE,LANCONES,PIURA,SULLANA,gfs,temp,20260910,20261009,"00Z,12Z",D1,3h,0.341,1.655,2.082,0.913,478
472FD6CE,LANCONES,PIURA,SULLANA,eta5,temp,20260910,20261009,"00Z,12Z",D1,3h,0.633,1.254,1.635,0.913,383
472FD6CE,LANCONES,PIURA,SULLANA,wrf5,temp,20260910,20261009,"00Z,12Z",D1,3h,0.19,1.794,2.236,0.902,473
472FD6CE,LANCONES,PIURA,SULLANA,mpas15,temp,20260910,20261009,00Z,D1,3h,-0.165,1.413,1.745,0.944,239
270202,PUENTE AZANGARO,PUNO,AZANGARO,ecmwf,temp,20260910,20261009,"00Z,12Z",D1,3h,-1.019,1.913,2.288,0.941,478
270202,PUENTE AZANGARO,PUNO,AZANGARO,gfs,temp,20260910,20261009,"00Z,12Z",D1,3h,-0.115,1.973,2.574,0.897,478
270202,PUENTE AZANGARO,PUNO,AZANGARO,eta5,temp,20260910,20261009,"00Z,12Z",D1,3h,0.809,2.196,2.769,0.883,382
270202,PUENTE AZANGARO,PUNO,AZANGARO,wrf5,temp,20260910,20261009,"00Z,12Z",D1,3h,0.971,2.122,2.594,0.913,473
270202,PUENTE AZANGARO,PUNO,AZANGARO,mpas15,temp,20260910,20261009,00Z,D1,3h,-2.18,2.657,2.948,0.945,239
4721AAE4,AYMAÑA,PUNO,CARABAYA,ecmwf,temp,20260910,20261009,"00Z,12Z",D1,3h,-5.161,5.302,5.873,0.81,480
4721AAE4,AYMAÑA,PUNO,CARABAYA,gfs,temp,20260910,20261009,"00Z,12Z",D1,3h,-3.446,4.063,4.779,0.744,480
4721AAE4,AYMAÑA,PUNO,CARABAYA,eta5,temp,20260910,20261009,"00Z,12Z",D1,3h,4.526,4.54,5.055,0.872,384
4721AAE4,AYMAÑA,PUNO,CARABAYA,wrf5,temp,20260910,20261009,"00Z,12Z",D1,3h,-0.996,2.41,2.874,0.813,475
4721AAE4,AYMAÑA,PUNO,CARABAYA,mpas15,temp,20260910,20261009,00Z,D1,3h,-4.619,4.775,5.571,0.824,240
4721B992,UPINA,PUNO,CARABAYA,ecmwf,temp,20260910,20261009,"00Z,12Z",D1,3h,-3.761,3.823,4.215,0.867,480
4721B992,UPINA,PUNO,CARABAYA,gfs,temp,20260910,20261009,"00Z,12Z",D1,3h,-3.146,3.301,3.866,0.79,480
4721B992,UPINA,PUNO,CARABAYA,eta5,temp,20260910,20261009,"00Z,12Z",D1,3h,3.768,3.794,4.187,0.846,384
4721B992,UPINA,PUNO,CARABAYA,wrf5,temp,20260910,20261009,"00Z,12Z",D1,3h,-1.338,1.92,2.326,0.832,475
4721B992,UPINA,PUNO,CARABAYA,mpas15,temp,20260910,20261009,00Z,D1,3h,-1.261,2.169,2.84,0.798,240
210003,HUANCASAYA,PUNO,HUANCANE,ecmwf,temp,20260910,20261009,"00Z,12Z",D1,3h,-0.071,2.276,2.993,0.814,478
210003,HUANCASAYA,PUNO,HUANCANE,gfs,temp,20260910,20261009,"00Z,12Z",D1,3h,1.325,2.331,3.341,0.806,478
210003,HUANCASAYA,PUNO,HUANCANE,eta5,temp,20260910,20261009,"00Z,12Z",D1,3h,0.166,2.358,3.093,0.809,383
210003,HUANCASAYA,PUNO,HUANCANE,wrf5,temp,20260910,20261009,"00Z,12Z",D1,3h,0.986,2.297,3.133,0.817,473
210003,HUANCASAYA,PUNO,HUANCANE,mpas15,temp,20260910,20261009,00Z,D1,3h,-0.482,2.611,3.19,0.841,239
47251282,PUENTE CARRETERA RAMIS,PUNO,HUANCANE,ecmwf,temp,20260910,20261009,"00Z,12Z",D1,3h,-0.21,1.643,2.061,0.939,478
47251282,PUENTE CARRETERA RAMIS,PUNO,HUANCANE,gfs,temp,20260910,20261009,"00Z,12Z",D1,3h,0.395,2.763,3.386,0.86,478
47251282,PUENTE CARRETERA RAMIS,PUNO,HUANCANE,eta5,temp,20260910,20261009,"00Z,12Z",D1,3h,3.271,3.392,4.107,0.893,383
47251282,PUENTE CARRETERA RAMIS,PUNO,HUANCANE,wrf5,temp,20260910,20261009,"00Z,12Z",D1,3h,1.454,2.233,2.812,0.903,473
47251282,PUENTE CARRETERA RAMIS,PUNO,HUANCANE,mpas15,temp,20260910,20261009,00Z,D1,3h,-1.346,2.028,2.398,0.94,239
472E37C6,PALCA,PUNO,LAMPA,ecmwf,temp,20260910,20261009,"00Z,12Z",D1,3h,-0.891,2.981,3.626,0.904,480
472E37C6,PALCA,PUNO,LAMPA,gfs,temp,20260910,20261009,"00Z,12Z",D1,3h,0.296,3.868,4.534,0.881,480
472E37C6,PALCA,PUNO,LAMPA,eta5,temp,20260910,20261009,"00Z,12Z",D1,3h,0.411,3.141,3.888,0.897,384
472E37C6,PALCA,PUNO,LAMPA,wrf5,temp,20260910,20261009,"00Z,12Z",D1,3h,1.183,3.481,4.506,0.872,475
472E37C6,PALCA,PUNO,LAMPA,mpas15,temp,20260910,20261009,00Z,D1,3h,-2.99,4.726,5.312,0.891,240
472DE6A0,PAMPAHUTA,PUNO,LAMPA,ecmwf,temp,20260910,20261009,"00Z,12Z",D1,3h,-1.092,4.159,5.265,0.767,478
472DE6A0,PAMPAHUTA,PUNO,LAMPA,gfs,temp,20260910,20261009,"00Z,12Z",D1,3h,0.518,3.825,4.923,0.82,478
472DE6A0,PAMPAHUTA,PUNO,LAMPA,eta5,temp,20260910,20261009,"00Z,12Z",D1,3h,3.829,4.419,5.792,0.834,383
472DE6A0,PAMPAHUTA,PUNO,LAMPA,wrf5,temp,20260910,20261009,"00Z,12Z",D1,3h,2.48,4.077,5.435,0.815,473
472DE6A0,PAMPAHUTA,PUNO,LAMPA,mpas15,temp,20260910,20261009,00Z,D1,3h,-0.549,3.553,4.482,0.858,239
114134,ANANSAYA -PUNA,PUNO,MELGAR,ecmwf,temp,20260910,20261009,"00Z,12Z",D1,3h,S/D,S/D,S/D,S/D,0
114134,ANANSAYA -PUNA,PUNO,MELGAR,gfs,temp,20260910,20261009,"00Z,12Z",D1,3h,S/D,S/D,S/D,S/D,0
114134,ANANSAYA -PUNA,PUNO,MELGAR,eta5,temp,20260910,20261009,"00Z,12Z",D1,3h,S/D,S/D,S/D,S/D,0
114134,ANANSAYA -PUNA,PUNO,MELGAR,wrf5,temp,20260910,20261009,"00Z,12Z",D1,3h,S/D,S/D,S/D,S/D,0
114134,ANANSAYA -PUNA,PUNO,MELGAR,mpas15,temp,20260910,20261009,00Z,D1,3h,S/D,S/D,S/D,S/D,0
47256412,ENAFER,PUNO,PUNO,ecmwf,temp,20260910,20261009,"00Z,12Z",D1,3h,S/D,S/D,S/D,S/D,0
47256412,ENAFER,PUNO,PUNO,gfs,temp,20260910,20261009,"00Z,12Z",D1,3h,S/D,S/D,S/D,S/D,0
47256412,ENAFER,PUNO,PUNO,eta5,temp,20260910,20261009,"00Z,12Z",D1,3h,S/D,S/D,S/D,S/D,0
47256412,ENAFER,PUNO,PUNO,wrf5,temp,20260910,20261009,"00Z,12Z",D1,3h,S/D,S/D,S/D,S/D,0
47256412,ENAFER,PUNO,PUNO,mpas15,temp,20260910,20261009,00Z,D1,3h,S/D,S/D,S/D,S/D,0
472E4156,ILLPA,PUNO,PUNO,ecmwf,temp,20260910,20261009,"00Z,12Z",D1,3h,1.544,2.196,2.845,0.953,478
472E4156,ILLPA,PUNO,PUNO,gfs,temp,20260910,20261009,"00Z,12Z",D1,3h,1.119,4.433,5.267,0.838,478
472E4156,ILLPA,PUNO,PUNO,eta5,temp,20260910,20261009,"00Z,12Z",D1,3h,1.55,2.573,3.347,0.915,382
472E4156,ILLPA,PUNO,PUNO,wrf5,temp,20260910,20261009,"00Z,12Z",D1,3h,2.349,2.965,3.873,0.913,473
472E4156,ILLPA,PUNO,PUNO,mpas15,temp,20260910,20261009,00Z,D1,3h,-0.609,4.12,4.97,0.874,239
472CB426,LARAQUERI,PUNO,PUNO,ecmwf,temp,20260910,20261009,"00Z,12Z",D1,3h,-0.583,2.162,2.741,0.909,480
472CB426,LARAQUERI,PUNO,PUNO,gfs,temp,20260910,20261009,"00Z,12Z",D1,3h,0.155,2.724,3.448,0.889,480
472CB426,LARAQUERI,PUNO,PUNO,eta5,temp,20260910,20261009,"00Z,12Z",D1,3h,1.625,2.476,3.452,0.896,384
472CB426,LARAQUERI,PUNO,PUNO,wrf5,temp,20260910,20261009,"00Z,12Z",D1,3h,2.014,2.634,3.758,0.889,475
472CB426,LARAQUERI,PUNO,PUNO,mpas15,temp,20260910,20261009,00Z,D1,3h,-1.361,3.113,3.533,0.899,240
472DD33A,PUNO,PUNO,PUNO,ecmwf,temp,20260910,20261009,"00Z,12Z",D1,3h,-0.592,2.551,2.906,0.874,480
472DD33A,PUNO,PUNO,PUNO,gfs,temp,20260910,20261009,"00Z,12Z",D1,3h,-1.005,2.346,2.937,0.843,480
472DD33A,PUNO,PUNO,PUNO,eta5,temp,20260910,20261009,"00Z,12Z",D1,3h,-0.825,2.636,3.132,0.787,384
472DD33A,PUNO,PUNO,PUNO,wrf5,temp,20260910,20261009,"00Z,12Z",D1,3h,1.147,2.145,2.743,0.855,475
472DD33A,PUNO,PUNO,PUNO,mpas15,temp,20260910,20261009,00Z,D1,3h,-4.054,4.626,6.13,0.243,240
472CF72C,JULIACA,PUNO,SAN ROMAN,ecmwf,temp,20260910,20261009,"00Z,12Z",D1,3h,0.317,1.814,2.432,0.944,480
472CF72C,JULIACA,PUNO,SAN ROMAN,gfs,temp,20260910,20261009,"00Z,12Z",D1,3h,0.939,2.653,3.654,0.893,480
472CF72C,JULIACA,PUNO,SAN ROMAN,eta5,temp,20260910,20261009,"00Z,12Z",D1,3h,1.118,2.591,3.417,0.892,384
472CF72C,JULIACA,PUNO,SAN ROMAN,wrf5,temp,20260910,20261009,"00Z,12Z",D1,3h,1.46,2.558,3.575,0.904,475
472CF72C,JULIACA,PUNO,SAN ROMAN,mpas15,temp,20260910,20261009,00Z,D1,3h,-0.839,2.472,2.915,0.936,240
107142,BELLAVISTA,SAN MARTIN,BELLAVISTA,ecmwf,temp,20260910,20261009,"00Z,12Z",D1,3h,-1.491,1.877,2.488,0.87,446
107142,BELLAVISTA,SAN MARTIN,BELLAVISTA,gfs,temp,20260910,20261009,"00Z,12Z",D1,3h,-2.177,3.19,3.765,0.859,446
107142,BELLAVISTA,SAN MARTIN,BELLAVISTA,eta5,temp,20260910,20261009,"00Z,12Z",D1,3h,0.542,2.052,2.637,0.828,356
107142,BELLAVISTA,SAN MARTIN,BELLAVISTA,wrf5,temp,20260910,20261009,"00Z,12Z",D1,3h,-0.787,1.855,2.285,0.871,441
107142,BELLAVISTA,SAN MARTIN,BELLAVISTA,mpas15,temp,20260910,20261009,00Z,D1,3h,-2.91,2.985,3.565,0.903,223
210006,SHANAO,SAN MARTIN,LAMAS,ecmwf,temp,20260910,20261009,"00Z,12Z",D1,3h,S/D,S/D,S/D,S/D,0
210006,SHANAO,SAN MARTIN,LAMAS,gfs,temp,20260910,20261009,"00Z,12Z",D1,3h,S/D,S/D,S/D,S/D,0
210006,SHANAO,SAN MARTIN,LAMAS,eta5,temp,20260910,20261009,"00Z,12Z",D1,3h,S/D,S/D,S/D,S/D,0
210006,SHANAO,SAN MARTIN,LAMAS,wrf5,temp,20260910,20261009,"00Z,12Z",D1,3h,S/D,S/D,S/D,S/D,0
210006,SHANAO,SAN MARTIN,LAMAS,mpas15,temp,20260910,20261009,00Z,D1,3h,S/D,S/D,S/D,S/D,0
106144,JEPELACIO,SAN MARTIN,MOYOBAMBA,ecmwf,temp,20260910,20261009,"00Z,12Z",D1,3h,-0.273,1.68,2.142,0.859,446
106144,JEPELACIO,SAN MARTIN,MOYOBAMBA,gfs,temp,20260910,20261009,"00Z,12Z",D1,3h,-0.771,2.307,2.755,0.842,446
106144,JEPELACIO,SAN MARTIN,MOYOBAMBA,eta5,temp,20260910,20261009,"00Z,12Z",D1,3h,2.789,2.991,3.651,0.815,356
106144,JEPELACIO,SAN MARTIN,MOYOBAMBA,wrf5,temp,20260910,20261009,"00Z,12Z",D1,3h,-0.541,1.911,2.36,0.796,441
106144,JEPELACIO,SAN MARTIN,MOYOBAMBA,mpas15,temp,20260910,20261009,00Z,D1,3h,-2.374,2.793,3.473,0.785,223
106145,TINGO DE PONAZA,SAN MARTIN,PICOTA,ecmwf,temp,20260910,20261009,"00Z,12Z",D1,3h,-1.31,2.046,2.632,0.853,446
106145,TINGO DE PONAZA,SAN MARTIN,PICOTA,gfs,temp,20260910,20261009,"00Z,12Z",D1,3h,-2.627,3.079,3.731,0.867,446
106145,TINGO DE PONAZA,SAN MARTIN,PICOTA,eta5,temp,20260910,20261009,"00Z,12Z",D1,3h,0.327,2.33,2.955,0.8,356
106145,TINGO DE PONAZA,SAN MARTIN,PICOTA,wrf5,temp,20260910,20261009,"00Z,12Z",D1,3h,-0.641,1.898,2.389,0.872,441
106145,TINGO DE PONAZA,SAN MARTIN,PICOTA,mpas15,temp,20260910,20261009,00Z,D1,3h,-3.619,3.673,4.424,0.897,223
4724851A,NARANJILLO,SAN MARTIN,RIOJA,ecmwf,temp,20260910,20261009,"00Z,12Z",D1,3h,-2.471,2.696,3.185,0.881,470
4724851A,NARANJILLO,SAN MARTIN,RIOJA,gfs,temp,20260910,20261009,"00Z,12Z",D1,3h,-4.06,4.129,4.742,0.792,470
4724851A,NARANJILLO,SAN MARTIN,RIOJA,eta5,temp,20260910,20261009,"00Z,12Z",D1,3h,-0.117,1.82,2.263,0.811,377
4724851A,NARANJILLO,SAN MARTIN,RIOJA,wrf5,temp,20260910,20261009,"00Z,12Z",D1,3h,-0.329,1.514,1.964,0.876,465
4724851A,NARANJILLO,SAN MARTIN,RIOJA,mpas15,temp,20260910,20261009,00Z,D1,3h,-5.733,5.742,6.338,0.753,235
4723013A,EL PORVENIR,SAN MARTIN,SAN MARTIN,ecmwf,temp,20260910,20261009,"00Z,12Z",D1,3h,-4.195,4.31,5.055,0.824,410
4723013A,EL PORVENIR,SAN MARTIN,SAN MARTIN,gfs,temp,20260910,20261009,"00Z,12Z",D1,3h,-3.212,3.304,3.883,0.884,410
4723013A,EL PORVENIR,SAN MARTIN,SAN MARTIN,eta5,temp,20260910,20261009,"00Z,12Z",D1,3h,0.587,2.029,2.565,0.851,345
4723013A,EL PORVENIR,SAN MARTIN,SAN MARTIN,wrf5,temp,20260910,20261009,"00Z,12Z",D1,3h,-0.12,1.555,1.932,0.906,405
4723013A,EL PORVENIR,SAN MARTIN,SAN MARTIN,mpas15,temp,20260910,20261009,00Z,D1,3h,-3.668,3.69,4.345,0.928,205
47E2E456,TOCACHE,SAN MARTIN,TOCACHE,ecmwf,temp,20260910,20261009,"00Z,12Z",D1,3h,-0.851,1.559,1.909,0.88,468
47E2E456,TOCACHE,SAN MARTIN,TOCACHE,gfs,temp,20260910,20261009,"00Z,12Z",D1,3h,-1.363,3.059,3.437,0.825,468
47E2E456,TOCACHE,SAN MARTIN,TOCACHE,eta5,temp,20260910,20261009,"00Z,12Z",D1,3h,1.709,2.208,2.891,0.771,375
47E2E456,TOCACHE,SAN MARTIN,TOCACHE,wrf5,temp,20260910,20261009,"00Z,12Z",D1,3h,0.41,1.66,2.149,0.846,463
47E2E456,TOCACHE,SAN MARTIN,TOCACHE,mpas15,temp,20260910,20261009,00Z,D1,3h,-2.836,3.073,3.519,0.812,234
47E2C2BA,CANDARAVE,TACNA,CANDARAVE,ecmwf,temp,20260910,20261009,"00Z,12Z",D1,3h,-1.642,1.794,2.099,0.96,476
47E2C2BA,CANDARAVE,TACNA,CANDARAVE,gfs,temp,20260910,20261009,"00Z,12Z",D1,3h,-1.469,1.897,2.379,0.931,476
47E2C2BA,CANDARAVE,TACNA,CANDARAVE,eta5,temp,20260910,20261009,"00Z,12Z",D1,3h,-0.66,1.181,1.453,0.958,381
47E2C2BA,CANDARAVE,TACNA,CANDARAVE,wrf5,temp,20260910,20261009,"00Z,12Z",D1,3h,2.041,2.17,2.643,0.929,471
47E2C2BA,CANDARAVE,TACNA,CANDARAVE,mpas15,temp,20260910,20261009,00Z,D1,3h,-1.708,1.936,2.424,0.944,238
47E1654C,CORACHAY II,TACNA,CANDARAVE,ecmwf,temp,20260910,20261009,"00Z,12Z",D1,3h,S/D,S/D,S/D,S/D,0
47E1654C,CORACHAY II,TACNA,CANDARAVE,gfs,temp,20260910,20261009,"00Z,12Z",D1,3h,S/D,S/D,S/D,S/D,0
47E1654C,CORACHAY II,TACNA,CANDARAVE,eta5,temp,20260910,20261009,"00Z,12Z",D1,3h,S/D,S/D,S/D,S/D,0
47E1654C,CORACHAY II,TACNA,CANDARAVE,wrf5,temp,20260910,20261009,"00Z,12Z",D1,3h,S/D,S/D,S/D,S/D,0
47E1654C,CORACHAY II,TACNA,CANDARAVE,mpas15,temp,20260910,20261009,00Z,D1,3h,S/D,S/D,S/D,S/D,0
47E12646,LAGUNA ARICOTA,TACNA,CANDARAVE,ecmwf,temp,20260910,20261009,"00Z,12Z",D1,3h,S/D,S/D,S/D,S/D,0
47E12646,LAGUNA ARICOTA,TACNA,CANDARAVE,gfs,temp,20260910,20261009,"00Z,12Z",D1,3h,S/D,S/D,S/D,S/D,0
47E12646,LAGUNA ARICOTA,TACNA,CANDARAVE,eta5,temp,20260910,20261009,"00Z,12Z",D1,3h,S/D,S/D,S/D,S/D,0
47E12646,LAGUNA ARICOTA,TACNA,CANDARAVE,wrf5,temp,20260910,20261009,"00Z,12Z",D1,3h,S/D,S/D,S/D,S/D,0
47E12646,LAGUNA ARICOTA,TACNA,CANDARAVE,mpas15,temp,20260910,20261009,00Z,D1,3h,S/D,S/D,S/D,S/D,0
47E186BE,PUENTE VIEJO,TACNA,JORGE BASADRE,ecmwf,temp,20260910,20261009,"00Z,12Z",D1,3h,S/D,S/D,S/D,S/D,0
47E186BE,PUENTE VIEJO,TACNA,JORGE BASADRE,gfs,temp,20260910,20261009,"00Z,12Z",D1,3h,S/D,S/D,S/D,S/D,0
47E186BE,PUENTE VIEJO,TACNA,JORGE BASADRE,eta5,temp,20260910,20261009,"00Z,12Z",D1,3h,S/D,S/D,S/D,S/D,0
47E186BE,PUENTE VIEJO,TACNA,JORGE BASADRE,wrf5,temp,20260910,20261009,"00Z,12Z",D1,3h,S/D,S/D,S/D,S/D,0
47E186BE,PUENTE VIEJO,TACNA,JORGE BASADRE,mpas15,temp,20260910,20261009,00Z,D1,3h,S/D,S/D,S/D,S/D,0
47E2B42A,BOCATOMA EL AYRO,TACNA,TACNA,ecmwf,temp,20260910,20261009,"00Z,12Z",D1,3h,-3.912,5.028,5.568,0.781,476
47E2B42A,BOCATOMA EL AYRO,TACNA,TACNA,gfs,temp,20260910,20261009,"00Z,12Z",D1,3h,-2.278,4.173,4.685,0.784,476
47E2B42A,BOCATOMA EL AYRO,TACNA,TACNA,eta5,temp,20260910,20261009,"00Z,12Z",D1,3h,1.198,2.464,3.372,0.836,381
47E2B42A,BOCATOMA EL AYRO,TACNA,TACNA,wrf5,temp,20260910,20261009,"00Z,12Z",D1,3h,1.18,2.536,3.441,0.877,471
47E2B42A,BOCATOMA EL AYRO,TACNA,TACNA,mpas15,temp,20260910,20261009,00Z,D1,3h,-3.385,4.18,4.628,0.868,238
47E143A0,CAPLINA,TACNA,TACNA,ecmwf,temp,20260910,20261009,"00Z,12Z",D1,3h,S/D,S/D,S/D,S/D,0
47E143A0,CAPLINA,TACNA,TACNA,gfs,temp,20260910,20261009,"00Z,12Z",D1,3h,S/D,S/D,S/D,S/D,0
47E143A0,CAPLINA,TACNA,TACNA,eta5,temp,20260910,20261009,"00Z,12Z",D1,3h,S/D,S/D,S/D,S/D,0
47E143A0,CAPLINA,TACNA,TACNA,wrf5,temp,20260910,20261009,"00Z,12Z",D1,3h,S/D,S/D,S/D,S/D,0
47E143A0,CAPLINA,TACNA,TACNA,mpas15,temp,20260910,20261009,00Z,D1,3h,S/D,S/D,S/D,S/D,0
47E13530,CERRO BLANCO,TACNA,TACNA,ecmwf,temp,20260910,20261009,"00Z,12Z",D1,3h,S/D,S/D,S/D,S/D,0
47E13530,CERRO BLANCO,TACNA,TACNA,gfs,temp,20260910,20261009,"00Z,12Z",D1,3h,S/D,S/D,S/D,S/D,0
47E13530,CERRO BLANCO,TACNA,TACNA,eta5,temp,20260910,20261009,"00Z,12Z",D1,3h,S/D,S/D,S/D,S/D,0
47E13530,CERRO BLANCO,TACNA,TACNA,wrf5,temp,20260910,20261009,"00Z,12Z",D1,3h,S/D,S/D,S/D,S/D,0
47E13530,CERRO BLANCO,TACNA,TACNA,mpas15,temp,20260910,20261009,00Z,D1,3h,S/D,S/D,S/D,S/D,0
47E195C8,CHALLATA,TACNA,TACNA,ecmwf,temp,20260910,20261009,"00Z,12Z",D1,3h,S/D,S/D,S/D,S/D,0
47E195C8,CHALLATA,TACNA,TACNA,gfs,temp,20260910,20261009,"00Z,12Z",D1,3h,S/D,S/D,S/D,S/D,0
47E195C8,CHALLATA,TACNA,TACNA,eta5,temp,20260910,20261009,"00Z,12Z",D1,3h,S/D,S/D,S/D,S/D,0
47E195C8,CHALLATA,TACNA,TACNA,wrf5,temp,20260910,20261009,"00Z,12Z",D1,3h,S/D,S/D,S/D,S/D,0
47E195C8,CHALLATA,TACNA,TACNA,mpas15,temp,20260910,20261009,00Z,D1,3h,S/D,S/D,S/D,S/D,0
4722F344,LA TRANCA,TACNA,TACNA,ecmwf,temp,20260910,20261009,"00Z,12Z",D1,3h,S/D,S/D,S/D,S/D,0
4722F344,LA TRANCA,TACNA,TACNA,gfs,temp,20260910,20261009,"00Z,12Z",D1,3h,S/D,S/D,S/D,S/D,0
4722F344,LA TRANCA,TACNA,TACNA,eta5,temp,20260910,20261009,"00Z,12Z",D1,3h,S/D,S/D,S/D,S/D,0
4722F344,LA TRANCA,TACNA,TACNA,wrf5,temp,20260910,20261009,"00Z,12Z",D1,3h,S/D,S/D,S/D,S/D,0
4722F344,LA TRANCA,TACNA,TACNA,mpas15,temp,20260910,20261009,00Z,D1,3h,S/D,S/D,S/D,S/D,0
47E113DC,REPRESA PAUCARANI,TACNA,TACNA,ecmwf,temp,20260910,20261009,"00Z,12Z",D1,3h,S/D,S/D,S/D,S/D,0
47E113DC,REPRESA PAUCARANI,TACNA,TACNA,gfs,temp,20260910,20261009,"00Z,12Z",D1,3h,S/D,S/D,S/D,S/D,0
47E113DC,REPRESA PAUCARANI,TACNA,TACNA,eta5,temp,20260910,20261009,"00Z,12Z",D1,3h,S/D,S/D,S/D,S/D,0
47E113DC,REPRESA PAUCARANI,TACNA,TACNA,wrf5,temp,20260910,20261009,"00Z,12Z",D1,3h,S/D,S/D,S/D,S/D,0
47E113DC,REPRESA PAUCARANI,TACNA,TACNA,mpas15,temp,20260910,20261009,00Z,D1,3h,S/D,S/D,S/D,S/D,0
117059,ANCOAQUE,TACNA,TARATA,ecmwf,temp,20260910,20261009,"00Z,12Z",D1,3h,S/D,S/D,S/D,S/D,0
117059,ANCOAQUE,TACNA,TARATA,gfs,temp,20260910,20261009,"00Z,12Z",D1,3h,S/D,S/D,S/D,S/D,0
117059,ANCOAQUE,TACNA,TARATA,eta5,temp,20260910,20261009,"00Z,12Z",D1,3h,S/D,S/D,S/D,S/D,0
117059,ANCOAQUE,TACNA,TARATA,wrf5,temp,20260910,20261009,"00Z,12Z",D1,3h,S/D,S/D,S/D,S/D,0
117059,ANCOAQUE,TACNA,TARATA,mpas15,temp,20260910,20261009,00Z,D1,3h,S/D,S/D,S/D,S/D,0
47E292C6,CHUAPALCA,TACNA,TARATA,ecmwf,temp,20260910,20261009,"00Z,12Z",D1,3h,0.095,3.434,4.25,0.892,472
47E292C6,CHUAPALCA,TACNA,TARATA,gfs,temp,20260910,20261009,"00Z,12Z",D1,3h,0.194,4.453,5.437,0.816,472
47E292C6,CHUAPALCA,TACNA,TARATA,eta5,temp,20260910,20261009,"00Z,12Z",D1,3h,2.081,3.331,5.07,0.841,378
47E292C6,CHUAPALCA,TACNA,TARATA,wrf5,temp,20260910,20261009,"00Z,12Z",D1,3h,2.504,3.588,5.539,0.868,467
47E292C6,CHUAPALCA,TACNA,TARATA,mpas15,temp,20260910,20261009,00Z,D1,3h,-1.958,4.656,5.044,0.868,236
47E150D6,PUENTE TALAPALCA,TACNA,TARATA,ecmwf,temp,20260910,20261009,"00Z,12Z",D1,3h,S/D,S/D,S/D,S/D,0
47E150D6,PUENTE TALAPALCA,TACNA,TARATA,gfs,temp,20260910,20261009,"00Z,12Z",D1,3h,S/D,S/D,S/D,S/D,0
47E150D6,PUENTE TALAPALCA,TACNA,TARATA,eta5,temp,20260910,20261009,"00Z,12Z",D1,3h,S/D,S/D,S/D,S/D,0
47E150D6,PUENTE TALAPALCA,TACNA,TARATA,wrf5,temp,20260910,20261009,"00Z,12Z",D1,3h,S/D,S/D,S/D,S/D,0
47E150D6,PUENTE TALAPALCA,TACNA,TARATA,mpas15,temp,20260910,20261009,00Z,D1,3h,S/D,S/D,S/D,S/D,0
47E1B324,REPRESA JARUMAS,TACNA,TARATA,ecmwf,temp,20260910,20261009,"00Z,12Z",D1,3h,S/D,S/D,S/D,S/D,0
47E1B324,REPRESA JARUMAS,TACNA,TARATA,gfs,temp,20260910,20261009,"00Z,12Z",D1,3h,S/D,S/D,S/D,S/D,0
47E1B324,REPRESA JARUMAS,TACNA,TARATA,eta5,temp,20260910,20261009,"00Z,12Z",D1,3h,S/D,S/D,S/D,S/D,0
47E1B324,REPRESA JARUMAS,TACNA,TARATA,wrf5,temp,20260910,20261009,"00Z,12Z",D1,3h,S/D,S/D,S/D,S/D,0
47E1B324,REPRESA JARUMAS,TACNA,TARATA,mpas15,temp,20260910,20261009,00Z,D1,3h,S/D,S/D,S/D,S/D,0
47E1763A,SALIDA TUNEL KOVIRE,TACNA,TARATA,ecmwf,temp,20260910,20261009,"00Z,12Z",D1,3h,S/D,S/D,S/D,S/D,0
47E1763A,SALIDA TUNEL KOVIRE,TACNA,TARATA,gfs,temp,20260910,20261009,"00Z,12Z",D1,3h,S/D,S/D,S/D,S/D,0
47E1763A,SALIDA TUNEL KOVIRE,TACNA,TARATA,eta5,temp,20260910,20261009,"00Z,12Z",D1,3h,S/D,S/D,S/D,S/D,0
47E1763A,SALIDA TUNEL KOVIRE,TACNA,TARATA,wrf5,temp,20260910,20261009,"00Z,12Z",D1,3h,S/D,S/D,S/D,S/D,0
47E1763A,SALIDA TUNEL KOVIRE,TACNA,TARATA,mpas15,temp,20260910,20261009,00Z,D1,3h,S/D,S/D,S/D,S/D,0
47E2D1CC,TARATA,TACNA,TARATA,ecmwf,temp,20260910,20261009,"00Z,12Z",D1,3h,-4.842,4.987,5.591,0.872,476
47E2D1CC,TARATA,TACNA,TARATA,gfs,temp,20260910,20261009,"00Z,12Z",D1,3h,-5.099,5.168,6.039,0.862,476
47E2D1CC,TARATA,TACNA,TARATA,eta5,temp,20260910,20261009,"00Z,12Z",D1,3h,-0.108,1.186,1.604,0.924,381
47E2D1CC,TARATA,TACNA,TARATA,wrf5,temp,20260910,20261009,"00Z,12Z",D1,3h,1.106,2.784,3.31,0.848,471
47E2D1CC,TARATA,TACNA,TARATA,mpas15,temp,20260910,20261009,00Z,D1,3h,-7.329,7.359,7.918,0.874,238
47E2A75C,VILACOTA,TACNA,TARATA,ecmwf,temp,20260910,20261009,"00Z,12Z",D1,3h,0.074,2.818,3.331,0.891,478
47E2A75C,VILACOTA,TACNA,TARATA,gfs,temp,20260910,20261009,"00Z,12Z",D1,3h,1.194,3.586,4.338,0.835,478
47E2A75C,VILACOTA,TACNA,TARATA,eta5,temp,20260910,20261009,"00Z,12Z",D1,3h,2.53,3.096,4.38,0.836,383
47E2A75C,VILACOTA,TACNA,TARATA,wrf5,temp,20260910,20261009,"00Z,12Z",D1,3h,1.228,3.929,4.798,0.761,473
47E2A75C,VILACOTA,TACNA,TARATA,mpas15,temp,20260910,20261009,00Z,D1,3h,-1.788,3.291,3.701,0.884,239
472F13D0,CAÑAVERAL,TUMBES,CONTRALMIRANTE VILLAR,ecmwf,temp,20260910,20261009,"00Z,12Z",D1,3h,0.192,0.865,1.116,0.912,476
472F13D0,CAÑAVERAL,TUMBES,CONTRALMIRANTE VILLAR,gfs,temp,20260910,20261009,"00Z,12Z",D1,3h,-0.719,1.18,1.433,0.876,476
472F13D0,CAÑAVERAL,TUMBES,CONTRALMIRANTE VILLAR,eta5,temp,20260910,20261009,"00Z,12Z",D1,3h,0.142,1.222,1.511,0.876,381
472F13D0,CAÑAVERAL,TUMBES,CONTRALMIRANTE VILLAR,wrf5,temp,20260910,20261009,"00Z,12Z",D1,3h,-0.273,1.131,1.407,0.854,471
472F13D0,CAÑAVERAL,TUMBES,CONTRALMIRANTE VILLAR,mpas15,temp,20260910,20261009,00Z,D1,3h,-1.573,1.697,1.992,0.888,238
47E01126,CABO INGA H,TUMBES,TUMBES,ecmwf,temp,20260910,20261009,"00Z,12Z",D1,3h,S/D,S/D,S/D,S/D,0
47E01126,CABO INGA H,TUMBES,TUMBES,gfs,temp,20260910,20261009,"00Z,12Z",D1,3h,S/D,S/D,S/D,S/D,0
47E01126,CABO INGA H,TUMBES,TUMBES,eta5,temp,20260910,20261009,"00Z,12Z",D1,3h,S/D,S/D,S/D,S/D,0
47E01126,CABO INGA H,TUMBES,TUMBES,wrf5,temp,20260910,20261009,"00Z,12Z",D1,3h,S/D,S/D,S/D,S/D,0
47E01126,CABO INGA H,TUMBES,TUMBES,mpas15,temp,20260910,20261009,00Z,D1,3h,S/D,S/D,S/D,S/D,0
472F00A6,CABO INGA M,TUMBES,TUMBES,ecmwf,temp,20260910,20261009,"00Z,12Z",D1,3h,-1.096,1.584,1.913,0.869,478
472F00A6,CABO INGA M,TUMBES,TUMBES,gfs,temp,20260910,20261009,"00Z,12Z",D1,3h,-0.787,1.751,2.143,0.828,478
472F00A6,CABO INGA M,TUMBES,TUMBES,eta5,temp,20260910,20261009,"00Z,12Z",D1,3h,-0.497,1.624,1.957,0.843,382
472F00A6,CABO INGA M,TUMBES,TUMBES,wrf5,temp,20260910,20261009,"00Z,12Z",D1,3h,-1.273,2.301,2.698,0.827,473
472F00A6,CABO INGA M,TUMBES,TUMBES,mpas15,temp,20260910,20261009,00Z,D1,3h,-1.484,1.988,2.347,0.846,239
472EF2D8,CAMPAMENTO SEDE,TUMBES,TUMBES,ecmwf,temp,20260910,20261009,"00Z,12Z",D1,3h,-1.02,1.273,1.849,0.549,410
472EF2D8,CAMPAMENTO SEDE,TUMBES,TUMBES,gfs,temp,20260910,20261009,"00Z,12Z",D1,3h,-1.966,1.987,2.445,0.605,410
472EF2D8,CAMPAMENTO SEDE,TUMBES,TUMBES,eta5,temp,20260910,20261009,"00Z,12Z",D1,3h,-0.806,1.032,1.254,0.776,326
472EF2D8,CAMPAMENTO SEDE,TUMBES,TUMBES,wrf5,temp,20260910,20261009,"00Z,12Z",D1,3h,-0.994,1.227,1.487,0.792,406
472EF2D8,CAMPAMENTO SEDE,TUMBES,TUMBES,mpas15,temp,20260910,20261009,00Z,D1,3h,-1.209,1.307,1.769,0.735,205
4724A3F6,EL TIGRE,TUMBES,TUMBES,ecmwf,temp,20260910,20261009,"00Z,12Z",D1,3h,-0.27,0.958,1.26,0.904,476
4724A3F6,EL TIGRE,TUMBES,TUMBES,gfs,temp,20260910,20261009,"00Z,12Z",D1,3h,-1.496,1.788,2.159,0.836,476
4724A3F6,EL TIGRE,TUMBES,TUMBES,eta5,temp,20260910,20261009,"00Z,12Z",D1,3h,-0.071,1.321,1.693,0.833,382
4724A3F6,EL TIGRE,TUMBES,TUMBES,wrf5,temp,20260910,20261009,"00Z,12Z",D1,3h,-0.521,1.233,1.565,0.853,471
4724A3F6,EL TIGRE,TUMBES,TUMBES,mpas15,temp,20260910,20261009,00Z,D1,3h,-2.2,2.303,2.636,0.865,238
472F43AC,HUASIMO,TUMBES,TUMBES,ecmwf,temp,20260910,20261009,"00Z,12Z",D1,3h,1.604,1.694,2.027,0.931,478
472F43AC,HUASIMO,TUMBES,TUMBES,gfs,temp,20260910,20261009,"00Z,12Z",D1,3h,1.913,2.06,2.537,0.899,478
472F43AC,HUASIMO,TUMBES,TUMBES,eta5,temp,20260910,20261009,"00Z,12Z",D1,3h,1.471,1.689,2.074,0.905,382
472F43AC,HUASIMO,TUMBES,TUMBES,wrf5,temp,20260910,20261009,"00Z,12Z",D1,3h,-0.388,1.687,2.032,0.898,473
472F43AC,HUASIMO,TUMBES,TUMBES,mpas15,temp,20260910,20261009,00Z,D1,3h,1.598,1.732,2.166,0.912,239
47E024BC,PUENTE TUMBES,TUMBES,TUMBES,ecmwf,temp,20260910,20261009,"00Z,12Z",D1,3h,S/D,S/D,S/D,S/D,0
47E024BC,PUENTE TUMBES,TUMBES,TUMBES,gfs,temp,20260910,20261009,"00Z,12Z",D1,3h,S/D,S/D,S/D,S/D,0
47E024BC,PUENTE TUMBES,TUMBES,TUMBES,eta5,temp,20260910,20261009,"00Z,12Z",D1,3h,S/D,S/D,S/D,S/D,0
47E024BC,PUENTE TUMBES,TUMBES,TUMBES,wrf5,temp,20260910,20261009,"00Z,12Z",D1,3h,S/D,S/D,S/D,S/D,0
47E024BC,PUENTE TUMBES,TUMBES,TUMBES,mpas15,temp,20260910,20261009,00Z,D1,3h,S/D,S/D,S/D,S/D,0
103068,PUERTO PIZARRO,TUMBES,TUMBES,ecmwf,temp,20260910,20261009,"00Z,12Z",D1,3h,-1.852,2.193,3.039,0.409,296
103068,PUERTO PIZARRO,TUMBES,TUMBES,gfs,temp,20260910,20261009,"00Z,12Z",D1,3h,-2.809,2.844,3.616,0.567,296
103068,PUERTO PIZARRO,TUMBES,TUMBES,eta5,temp,20260910,20261009,"00Z,12Z",D1,3h,-2.453,2.476,3.018,0.893,239
103068,PUERTO PIZARRO,TUMBES,TUMBES,wrf5,temp,20260910,20261009,"00Z,12Z",D1,3h,-1.888,2.231,3.117,0.248,292
103068,PUERTO PIZARRO,TUMBES,TUMBES,mpas15,temp,20260910,20261009,00Z,D1,3h,-1.805,1.942,2.772,0.673,148
472F264A,RICA PLAYA,TUMBES,TUMBES,ecmwf,temp,20260910,20261009,"00Z,12Z",D1,3h,0.043,1.072,1.364,0.877,478
472F264A,RICA PLAYA,TUMBES,TUMBES,gfs,temp,20260910,20261009,"00Z,12Z",D1,3h,-1.174,1.464,1.807,0.823,478
472F264A,RICA PLAYA,TUMBES,TUMBES,eta5,temp,20260910,20261009,"00Z,12Z",D1,3h,-0.688,1.452,1.784,0.827,382
472F264A,RICA PLAYA,TUMBES,TUMBES,wrf5,temp,20260910,20261009,"00Z,12Z",D1,3h,-0.842,1.5,1.805,0.817,473
472F264A,RICA PLAYA,TUMBES,TUMBES,mpas15,temp,20260910,20261009,00Z,D1,3h,-1.884,2.05,2.396,0.854,239
472F353C,MATAPALO,TUMBES,ZARUMILLA,ecmwf,temp,20260910,20261009,"00Z,12Z",D1,3h,-1.32,1.588,1.954,0.878,478
472F353C,MATAPALO,TUMBES,ZARUMILLA,gfs,temp,20260910,20261009,"00Z,12Z",D1,3h,-1.241,1.596,1.946,0.871,478
472F353C,MATAPALO,TUMBES,ZARUMILLA,eta5,temp,20260910,20261009,"00Z,12Z",D1,3h,0.54,1.258,1.617,0.854,382
472F353C,MATAPALO,TUMBES,ZARUMILLA,wrf5,temp,20260910,20261009,"00Z,12Z",D1,3h,-0.125,1.114,1.424,0.859,473
472F353C,MATAPALO,TUMBES,ZARUMILLA,mpas15,temp,20260910,20261009,00Z,D1,3h,-1.125,1.404,1.839,0.866,239
47E86310,CALLERIA,UCAYALI,CORONEL PORTILLO,ecmwf,temp,20260910,20261009,"00Z,12Z",D1,3h,0.156,1.595,2.037,0.843,480
47E86310,CALLERIA,UCAYALI,CORONEL PORTILLO,gfs,temp,20260910,20261009,"00Z,12Z",D1,3h,1.398,2.466,3.351,0.792,480
47E86310,CALLERIA,UCAYALI,CORONEL PORTILLO,eta5,temp,20260910,20261009,"00Z,12Z",D1,3h,2.601,2.811,3.515,0.803,384
47E86310,CALLERIA,UCAYALI,CORONEL PORTILLO,wrf5,temp,20260910,20261009,"00Z,12Z",D1,3h,1.248,1.851,2.506,0.852,475
47E86310,CALLERIA,UCAYALI,CORONEL PORTILLO,mpas15,temp,20260910,20261009,00Z,D1,3h,-0.282,1.711,2.272,0.848,240
47E87066,PUERTO ESPERANZA,UCAYALI,PURUS,ecmwf,temp,20260910,20261009,"00Z,12Z",D1,3h,-0.893,1.943,2.731,0.815,480
47E87066,PUERTO ESPERANZA,UCAYALI,PURUS,gfs,temp,20260910,20261009,"00Z,12Z",D1,3h,0.645,2.466,3.197,0.782,480
47E87066,PUERTO ESPERANZA,UCAYALI,PURUS,eta5,temp,20260910,20261009,"00Z,12Z",D1,3h,2.336,2.625,3.214,0.85,384
47E87066,PUERTO ESPERANZA,UCAYALI,PURUS,wrf5,temp,20260910,20261009,"00Z,12Z",D1,3h,1.193,2.029,2.569,0.857,475
47E87066,PUERTO ESPERANZA,UCAYALI,PURUS,mpas15,temp,20260910,20261009,00Z,D1,3h,-1.022,2.027,2.791,0.838,240
270001,DESAGUADERO,PUNO,CHUCUITO,ecmwf,temp,20260910,20261009,"00Z,12Z",D1,3h,S/D,S/D,S/D,S/D,0
270001,DESAGUADERO,PUNO,CHUCUITO,gfs,temp,20260910,20261009,"00Z,12Z",D1,3h,S/D,S/D,S/D,S/D,0
270001,DESAGUADERO,PUNO,CHUCUITO,eta5,temp,20260910,20261009,"00Z,12Z",D1,3h,S/D,S/D,S/D,S/D,0
270001,DESAGUADERO,PUNO,CHUCUITO,wrf5,temp,20260910,20261009,"00Z,12Z",D1,3h,S/D,S/D,S/D,S/D,0
270001,DESAGUADERO,PUNO,CHUCUITO,mpas15,temp,20260910,20261009,00Z,D1,3h,S/D,S/D,S/D,S/D,0
101004,GUEPPI,LORETO,PUTUMAYO,ecmwf,temp,20260910,20261009,"00Z,12Z",D1,3h,0.079,1.215,1.609,0.837,480
101004,GUEPPI,LORETO,PUTUMAYO,gfs,temp,20260910,20261009,"00Z,12Z",D1,3h,-0.468,2.235,2.744,0.797,480
101004,GUEPPI,LORETO,PUTUMAYO,eta5,temp,20260910,20261009,"00Z,12Z",D1,3h,1.946,2.267,2.893,0.799,384
101004,GUEPPI,LORETO,PUTUMAYO,wrf5,temp,20260910,20261009,"00Z,12Z",D1,3h,0.647,1.691,2.232,0.82,475
101004,GUEPPI,LORETO,PUTUMAYO,mpas15,temp,20260910,20261009,00Z,D1,3h,0.045,1.225,1.651,0.841,240
