codigo,estacion,departamento,provincia,modelo,variable,periodo_inicio,periodo_fin,ciclos,horizonte,resolucion,bias,mae,rmse,spearman,n
472B55E0,PUENTE SALINAS AMOJAO,AMAZONAS,BAGUA,ecmwf,temp,20260830,20260928,"00Z,12Z",D1,3h,S/D,S/D,S/D,S/D,0
472B55E0,PUENTE SALINAS AMOJAO,AMAZONAS,BAGUA,gfs,temp,20260830,20260928,"00Z,12Z",D1,3h,S/D,S/D,S/D,S/D,0
472B55E0,PUENTE SALINAS AMOJAO,AMAZONAS,BAGUA,eta5,temp,20260830,20260928,"00Z,12Z",D1,3h,S/D,S/D,S/D,S/D,0
472B55E0,PUENTE SALINAS AMOJAO,AMAZONAS,BAGUA,wrf5,temp,20260830,20260928,"00Z,12Z",D1,3h,S/D,S/D,S/D,S/D,0
472B55E0,PUENTE SALINAS AMOJAO,AMAZONAS,BAGUA,mpas15,temp,20260830,20260928,00Z,D1,3h,S/D,S/D,S/D,S/D,0
472C57D4,BAGUA,AMAZONAS,UTCUBAMBA,ecmwf,temp,20260830,20260928,"00Z,12Z",D1,3h,-3.25,3.282,3.647,0.894,480
472C57D4,BAGUA,AMAZONAS,UTCUBAMBA,gfs,temp,20260830,20260928,"00Z,12Z",D1,3h,-3.212,3.32,3.653,0.906,480
472C57D4,BAGUA,AMAZONAS,UTCUBAMBA,eta5,temp,20260830,20260928,"00Z,12Z",D1,3h,-0.771,1.648,2.088,0.874,389
472C57D4,BAGUA,AMAZONAS,UTCUBAMBA,wrf5,temp,20260830,20260928,"00Z,12Z",D1,3h,0.889,1.645,2.101,0.887,472
472C57D4,BAGUA,AMAZONAS,UTCUBAMBA,mpas15,temp,20260830,20260928,00Z,D1,3h,-4.433,4.46,4.747,0.902,240
472B607A,CORRAL QUEMADO,AMAZONAS,UTCUBAMBA,ecmwf,temp,20260830,20260928,"00Z,12Z",D1,3h,S/D,S/D,S/D,S/D,0
472B607A,CORRAL QUEMADO,AMAZONAS,UTCUBAMBA,gfs,temp,20260830,20260928,"00Z,12Z",D1,3h,S/D,S/D,S/D,S/D,0
472B607A,CORRAL QUEMADO,AMAZONAS,UTCUBAMBA,eta5,temp,20260830,20260928,"00Z,12Z",D1,3h,S/D,S/D,S/D,S/D,0
472B607A,CORRAL QUEMADO,AMAZONAS,UTCUBAMBA,wrf5,temp,20260830,20260928,"00Z,12Z",D1,3h,S/D,S/D,S/D,S/D,0
472B607A,CORRAL QUEMADO,AMAZONAS,UTCUBAMBA,mpas15,temp,20260830,20260928,00Z,D1,3h,S/D,S/D,S/D,S/D,0
472B2370,MAGUNCHAL,AMAZONAS,UTCUBAMBA,ecmwf,temp,20260830,20260928,"00Z,12Z",D1,3h,S/D,S/D,S/D,S/D,0
472B2370,MAGUNCHAL,AMAZONAS,UTCUBAMBA,gfs,temp,20260830,20260928,"00Z,12Z",D1,3h,S/D,S/D,S/D,S/D,0
472B2370,MAGUNCHAL,AMAZONAS,UTCUBAMBA,eta5,temp,20260830,20260928,"00Z,12Z",D1,3h,S/D,S/D,S/D,S/D,0
472B2370,MAGUNCHAL,AMAZONAS,UTCUBAMBA,wrf5,temp,20260830,20260928,"00Z,12Z",D1,3h,S/D,S/D,S/D,S/D,0
472B2370,MAGUNCHAL,AMAZONAS,UTCUBAMBA,mpas15,temp,20260830,20260928,00Z,D1,3h,S/D,S/D,S/D,S/D,0
220907,NARANJITO,AMAZONAS,UTCUBAMBA,ecmwf,temp,20260830,20260928,"00Z,12Z",D1,3h,S/D,S/D,S/D,S/D,0
220907,NARANJITO,AMAZONAS,UTCUBAMBA,gfs,temp,20260830,20260928,"00Z,12Z",D1,3h,S/D,S/D,S/D,S/D,0
220907,NARANJITO,AMAZONAS,UTCUBAMBA,eta5,temp,20260830,20260928,"00Z,12Z",D1,3h,S/D,S/D,S/D,S/D,0
220907,NARANJITO,AMAZONAS,UTCUBAMBA,wrf5,temp,20260830,20260928,"00Z,12Z",D1,3h,S/D,S/D,S/D,S/D,0
220907,NARANJITO,AMAZONAS,UTCUBAMBA,mpas15,temp,20260830,20260928,00Z,D1,3h,S/D,S/D,S/D,S/D,0
109096,BUENA VISTA,ANCASH,CASMA,ecmwf,temp,20260830,20260928,"00Z,12Z",D1,3h,0.226,1.081,1.416,0.914,476
109096,BUENA VISTA,ANCASH,CASMA,gfs,temp,20260830,20260928,"00Z,12Z",D1,3h,-1.915,2.043,2.579,0.877,476
109096,BUENA VISTA,ANCASH,CASMA,eta5,temp,20260830,20260928,"00Z,12Z",D1,3h,-1.437,2.061,2.386,0.883,385
109096,BUENA VISTA,ANCASH,CASMA,wrf5,temp,20260830,20260928,"00Z,12Z",D1,3h,-0.848,1.346,1.638,0.909,468
109096,BUENA VISTA,ANCASH,CASMA,mpas15,temp,20260830,20260928,00Z,D1,3h,-1.941,2.105,2.493,0.882,238
4725A10C,CHAVIN,ANCASH,HUARI,ecmwf,temp,20260830,20260928,"00Z,12Z",D1,3h,-9.009,9.009,9.326,0.894,474
4725A10C,CHAVIN,ANCASH,HUARI,gfs,temp,20260830,20260928,"00Z,12Z",D1,3h,-7.891,7.891,8.367,0.876,474
4725A10C,CHAVIN,ANCASH,HUARI,eta5,temp,20260830,20260928,"00Z,12Z",D1,3h,-5.175,5.245,5.694,0.859,385
4725A10C,CHAVIN,ANCASH,HUARI,wrf5,temp,20260830,20260928,"00Z,12Z",D1,3h,-2.177,2.594,3.18,0.89,466
4725A10C,CHAVIN,ANCASH,HUARI,mpas15,temp,20260830,20260928,00Z,D1,3h,-9.979,9.979,10.349,0.902,237
109091,SAUCEPAMPA,ANCASH,HUAYLAS,ecmwf,temp,20260830,20260928,"00Z,12Z",D1,3h,-4.674,4.694,5.289,0.891,476
109091,SAUCEPAMPA,ANCASH,HUAYLAS,gfs,temp,20260830,20260928,"00Z,12Z",D1,3h,-6.78,6.78,7.62,0.86,476
109091,SAUCEPAMPA,ANCASH,HUAYLAS,eta5,temp,20260830,20260928,"00Z,12Z",D1,3h,0.518,1.546,1.893,0.901,385
109091,SAUCEPAMPA,ANCASH,HUAYLAS,wrf5,temp,20260830,20260928,"00Z,12Z",D1,3h,-2.642,2.845,3.724,0.882,468
109091,SAUCEPAMPA,ANCASH,HUAYLAS,mpas15,temp,20260830,20260928,00Z,D1,3h,-9.667,9.667,10.151,0.868,238
472182DA,PUENTE CAHUA,ANCASH,OCROS,ecmwf,temp,20260830,20260928,"00Z,12Z",D1,3h,S/D,S/D,S/D,S/D,0
472182DA,PUENTE CAHUA,ANCASH,OCROS,gfs,temp,20260830,20260928,"00Z,12Z",D1,3h,S/D,S/D,S/D,S/D,0
472182DA,PUENTE CAHUA,ANCASH,OCROS,eta5,temp,20260830,20260928,"00Z,12Z",D1,3h,S/D,S/D,S/D,S/D,0
472182DA,PUENTE CAHUA,ANCASH,OCROS,wrf5,temp,20260830,20260928,"00Z,12Z",D1,3h,S/D,S/D,S/D,S/D,0
472182DA,PUENTE CAHUA,ANCASH,OCROS,mpas15,temp,20260830,20260928,00Z,D1,3h,S/D,S/D,S/D,S/D,0
47E89394,PACHACOTO,ANCASH,RECUAY,ecmwf,temp,20260830,20260928,"00Z,12Z",D1,3h,-0.085,2.564,3.173,0.904,480
47E89394,PACHACOTO,ANCASH,RECUAY,gfs,temp,20260830,20260928,"00Z,12Z",D1,3h,-0.613,4.013,4.755,0.852,480
47E89394,PACHACOTO,ANCASH,RECUAY,eta5,temp,20260830,20260928,"00Z,12Z",D1,3h,1.722,2.549,3.217,0.904,389
47E89394,PACHACOTO,ANCASH,RECUAY,wrf5,temp,20260830,20260928,"00Z,12Z",D1,3h,1.622,3.225,3.898,0.894,472
47E89394,PACHACOTO,ANCASH,RECUAY,mpas15,temp,20260830,20260928,00Z,D1,3h,-3.195,4.357,5.34,0.845,240
47259496,RECUAY,ANCASH,RECUAY,ecmwf,temp,20260830,20260928,"00Z,12Z",D1,3h,-3.15,3.442,4.176,0.94,474
47259496,RECUAY,ANCASH,RECUAY,gfs,temp,20260830,20260928,"00Z,12Z",D1,3h,-3.668,4.872,6.005,0.897,474
47259496,RECUAY,ANCASH,RECUAY,eta5,temp,20260830,20260928,"00Z,12Z",D1,3h,-1.315,2.548,3.083,0.909,384
47259496,RECUAY,ANCASH,RECUAY,wrf5,temp,20260830,20260928,"00Z,12Z",D1,3h,0.723,2.882,3.402,0.924,466
47259496,RECUAY,ANCASH,RECUAY,mpas15,temp,20260830,20260928,00Z,D1,3h,-7.191,7.2,8.256,0.905,237
110138,SHAQUEK,ANCASH,RECUAY,ecmwf,temp,20260830,20260928,"00Z,12Z",D1,3h,-6.399,6.399,6.676,0.816,476
110138,SHAQUEK,ANCASH,RECUAY,gfs,temp,20260830,20260928,"00Z,12Z",D1,3h,-3.662,3.668,3.91,0.841,476
110138,SHAQUEK,ANCASH,RECUAY,eta5,temp,20260830,20260928,"00Z,12Z",D1,3h,-4.6,4.6,4.87,0.81,385
110138,SHAQUEK,ANCASH,RECUAY,wrf5,temp,20260830,20260928,"00Z,12Z",D1,3h,-1.417,1.753,2.154,0.814,468
110138,SHAQUEK,ANCASH,RECUAY,mpas15,temp,20260830,20260928,00Z,D1,3h,-2.622,2.692,3.047,0.825,238
211601,SAN JACINTO,ANCASH,SANTA,ecmwf,temp,20260830,20260928,"00Z,12Z",D1,3h,S/D,S/D,S/D,S/D,0
211601,SAN JACINTO,ANCASH,SANTA,gfs,temp,20260830,20260928,"00Z,12Z",D1,3h,S/D,S/D,S/D,S/D,0
211601,SAN JACINTO,ANCASH,SANTA,eta5,temp,20260830,20260928,"00Z,12Z",D1,3h,S/D,S/D,S/D,S/D,0
211601,SAN JACINTO,ANCASH,SANTA,wrf5,temp,20260830,20260928,"00Z,12Z",D1,3h,S/D,S/D,S/D,S/D,0
211601,SAN JACINTO,ANCASH,SANTA,mpas15,temp,20260830,20260928,00Z,D1,3h,S/D,S/D,S/D,S/D,0
113253,CURAHUASI,APURIMAC,ABANCAY,ecmwf,temp,20260830,20260928,"00Z,12Z",D1,3h,-4.887,4.893,5.303,0.904,478
113253,CURAHUASI,APURIMAC,ABANCAY,gfs,temp,20260830,20260928,"00Z,12Z",D1,3h,-5.651,5.651,6.24,0.886,478
113253,CURAHUASI,APURIMAC,ABANCAY,eta5,temp,20260830,20260928,"00Z,12Z",D1,3h,-2.967,3.083,3.521,0.899,388
113253,CURAHUASI,APURIMAC,ABANCAY,wrf5,temp,20260830,20260928,"00Z,12Z",D1,3h,-1.474,2.059,2.676,0.916,470
113253,CURAHUASI,APURIMAC,ABANCAY,mpas15,temp,20260830,20260928,00Z,D1,3h,-7.039,7.039,7.382,0.9,239
47263360,GRANJA SAN ANTONIO,APURIMAC,ABANCAY,ecmwf,temp,20260830,20260928,"00Z,12Z",D1,3h,-3.319,3.442,3.858,0.862,474
47263360,GRANJA SAN ANTONIO,APURIMAC,ABANCAY,gfs,temp,20260830,20260928,"00Z,12Z",D1,3h,-4.071,4.079,4.421,0.896,474
47263360,GRANJA SAN ANTONIO,APURIMAC,ABANCAY,eta5,temp,20260830,20260928,"00Z,12Z",D1,3h,-4.093,4.228,4.728,0.827,385
47263360,GRANJA SAN ANTONIO,APURIMAC,ABANCAY,wrf5,temp,20260830,20260928,"00Z,12Z",D1,3h,-3.479,3.516,3.846,0.883,466
47263360,GRANJA SAN ANTONIO,APURIMAC,ABANCAY,mpas15,temp,20260830,20260928,00Z,D1,3h,-4.791,4.796,5.106,0.902,237
472B16EA,HUACULLO,APURIMAC,ANTABAMBA,ecmwf,temp,20260830,20260928,"00Z,12Z",D1,3h,-0.781,2.763,3.354,0.824,478
472B16EA,HUACULLO,APURIMAC,ANTABAMBA,gfs,temp,20260830,20260928,"00Z,12Z",D1,3h,1.058,2.883,3.698,0.809,478
472B16EA,HUACULLO,APURIMAC,ANTABAMBA,eta5,temp,20260830,20260928,"00Z,12Z",D1,3h,3.216,3.585,4.622,0.79,387
472B16EA,HUACULLO,APURIMAC,ANTABAMBA,wrf5,temp,20260830,20260928,"00Z,12Z",D1,3h,2.075,3.227,4.157,0.785,470
472B16EA,HUACULLO,APURIMAC,ANTABAMBA,mpas15,temp,20260830,20260928,00Z,D1,3h,-0.633,2.499,3.062,0.856,239
113246,TANCAYLLO,APURIMAC,CHINCHEROS,ecmwf,temp,20260830,20260928,"00Z,12Z",D1,3h,1.696,2.638,3.452,0.817,480
113246,TANCAYLLO,APURIMAC,CHINCHEROS,gfs,temp,20260830,20260928,"00Z,12Z",D1,3h,0.226,1.903,2.387,0.842,480
113246,TANCAYLLO,APURIMAC,CHINCHEROS,eta5,temp,20260830,20260928,"00Z,12Z",D1,3h,-0.141,2.147,2.558,0.813,389
113246,TANCAYLLO,APURIMAC,CHINCHEROS,wrf5,temp,20260830,20260928,"00Z,12Z",D1,3h,0.707,2.206,2.738,0.822,472
113246,TANCAYLLO,APURIMAC,CHINCHEROS,mpas15,temp,20260830,20260928,00Z,D1,3h,-2.267,2.827,3.688,0.773,240
472A1410,CASACCANCHA,APURIMAC,COTABAMBAS,ecmwf,temp,20260830,20260928,"00Z,12Z",D1,3h,-1.203,2.22,2.808,0.841,478
472A1410,CASACCANCHA,APURIMAC,COTABAMBAS,gfs,temp,20260830,20260928,"00Z,12Z",D1,3h,0.436,1.657,2.068,0.897,478
472A1410,CASACCANCHA,APURIMAC,COTABAMBAS,eta5,temp,20260830,20260928,"00Z,12Z",D1,3h,2.978,3.282,4.002,0.849,387
472A1410,CASACCANCHA,APURIMAC,COTABAMBAS,wrf5,temp,20260830,20260928,"00Z,12Z",D1,3h,1.389,2.094,2.626,0.879,471
472A1410,CASACCANCHA,APURIMAC,COTABAMBAS,mpas15,temp,20260830,20260928,00Z,D1,3h,-0.702,1.72,2.211,0.904,239
116085,AREQUIPA UV,AREQUIPA,AREQUIPA,ecmwf,temp,20260830,20260928,"00Z,12Z",D1,3h,-1.002,1.31,1.493,0.934,372
116085,AREQUIPA UV,AREQUIPA,AREQUIPA,gfs,temp,20260830,20260928,"00Z,12Z",D1,3h,-2.132,2.507,2.847,0.84,372
116085,AREQUIPA UV,AREQUIPA,AREQUIPA,eta5,temp,20260830,20260928,"00Z,12Z",D1,3h,0.179,1.075,1.303,0.919,298
116085,AREQUIPA UV,AREQUIPA,AREQUIPA,wrf5,temp,20260830,20260928,"00Z,12Z",D1,3h,1.276,2.035,2.439,0.864,365
116085,AREQUIPA UV,AREQUIPA,AREQUIPA,mpas15,temp,20260830,20260928,00Z,D1,3h,-6.944,6.984,7.485,0.766,186
47E26242,BOYADERO,AREQUIPA,AREQUIPA,ecmwf,temp,20260830,20260928,"00Z,12Z",D1,3h,S/D,S/D,S/D,S/D,0
47E26242,BOYADERO,AREQUIPA,AREQUIPA,gfs,temp,20260830,20260928,"00Z,12Z",D1,3h,S/D,S/D,S/D,S/D,0
47E26242,BOYADERO,AREQUIPA,AREQUIPA,eta5,temp,20260830,20260928,"00Z,12Z",D1,3h,S/D,S/D,S/D,S/D,0
47E26242,BOYADERO,AREQUIPA,AREQUIPA,wrf5,temp,20260830,20260928,"00Z,12Z",D1,3h,S/D,S/D,S/D,S/D,0
47E26242,BOYADERO,AREQUIPA,AREQUIPA,mpas15,temp,20260830,20260928,00Z,D1,3h,S/D,S/D,S/D,S/D,0
116083,CAYMA,AREQUIPA,AREQUIPA,ecmwf,temp,20260830,20260928,"00Z,12Z",D1,3h,S/D,S/D,S/D,S/D,0
116083,CAYMA,AREQUIPA,AREQUIPA,gfs,temp,20260830,20260928,"00Z,12Z",D1,3h,S/D,S/D,S/D,S/D,0
116083,CAYMA,AREQUIPA,AREQUIPA,eta5,temp,20260830,20260928,"00Z,12Z",D1,3h,S/D,S/D,S/D,S/D,0
116083,CAYMA,AREQUIPA,AREQUIPA,wrf5,temp,20260830,20260928,"00Z,12Z",D1,3h,S/D,S/D,S/D,S/D,0
116083,CAYMA,AREQUIPA,AREQUIPA,mpas15,temp,20260830,20260928,00Z,D1,3h,S/D,S/D,S/D,S/D,0
472147C4,CHARCANI,AREQUIPA,AREQUIPA,ecmwf,temp,20260830,20260928,"00Z,12Z",D1,3h,S/D,S/D,S/D,S/D,0
472147C4,CHARCANI,AREQUIPA,AREQUIPA,gfs,temp,20260830,20260928,"00Z,12Z",D1,3h,S/D,S/D,S/D,S/D,0
472147C4,CHARCANI,AREQUIPA,AREQUIPA,eta5,temp,20260830,20260928,"00Z,12Z",D1,3h,S/D,S/D,S/D,S/D,0
472147C4,CHARCANI,AREQUIPA,AREQUIPA,wrf5,temp,20260830,20260928,"00Z,12Z",D1,3h,S/D,S/D,S/D,S/D,0
472147C4,CHARCANI,AREQUIPA,AREQUIPA,mpas15,temp,20260830,20260928,00Z,D1,3h,S/D,S/D,S/D,S/D,0
116077,CHIGUATA,AREQUIPA,AREQUIPA,ecmwf,temp,20260830,20260928,"00Z,12Z",D1,3h,S/D,S/D,S/D,S/D,0
116077,CHIGUATA,AREQUIPA,AREQUIPA,gfs,temp,20260830,20260928,"00Z,12Z",D1,3h,S/D,S/D,S/D,S/D,0
116077,CHIGUATA,AREQUIPA,AREQUIPA,eta5,temp,20260830,20260928,"00Z,12Z",D1,3h,S/D,S/D,S/D,S/D,0
116077,CHIGUATA,AREQUIPA,AREQUIPA,wrf5,temp,20260830,20260928,"00Z,12Z",D1,3h,S/D,S/D,S/D,S/D,0
116077,CHIGUATA,AREQUIPA,AREQUIPA,mpas15,temp,20260830,20260928,00Z,D1,3h,S/D,S/D,S/D,S/D,0
116065,LA PAMPILLA,AREQUIPA,AREQUIPA,ecmwf,temp,20260830,20260928,"00Z,12Z",D1,3h,-0.831,1.517,1.819,0.906,480
116065,LA PAMPILLA,AREQUIPA,AREQUIPA,gfs,temp,20260830,20260928,"00Z,12Z",D1,3h,-2.091,2.84,3.227,0.832,480
116065,LA PAMPILLA,AREQUIPA,AREQUIPA,eta5,temp,20260830,20260928,"00Z,12Z",D1,3h,0.413,1.27,1.658,0.906,389
116065,LA PAMPILLA,AREQUIPA,AREQUIPA,wrf5,temp,20260830,20260928,"00Z,12Z",D1,3h,1.342,2.397,2.965,0.85,472
116065,LA PAMPILLA,AREQUIPA,AREQUIPA,mpas15,temp,20260830,20260928,00Z,D1,3h,-6.865,7.087,7.603,0.76,240
47E360B8,PATAHUASI,AREQUIPA,AREQUIPA,ecmwf,temp,20260830,20260928,"00Z,12Z",D1,3h,1.507,4.21,5.201,0.897,478
47E360B8,PATAHUASI,AREQUIPA,AREQUIPA,gfs,temp,20260830,20260928,"00Z,12Z",D1,3h,3.043,5.535,6.986,0.82,478
47E360B8,PATAHUASI,AREQUIPA,AREQUIPA,eta5,temp,20260830,20260928,"00Z,12Z",D1,3h,6.635,6.648,7.701,0.913,388
47E360B8,PATAHUASI,AREQUIPA,AREQUIPA,wrf5,temp,20260830,20260928,"00Z,12Z",D1,3h,4.319,4.856,6.528,0.924,470
47E360B8,PATAHUASI,AREQUIPA,AREQUIPA,mpas15,temp,20260830,20260928,00Z,D1,3h,-0.359,4.08,4.621,0.9,239
4722E032,PUENTE DEL DIABLO,AREQUIPA,AREQUIPA,ecmwf,temp,20260830,20260928,"00Z,12Z",D1,3h,S/D,S/D,S/D,S/D,0
4722E032,PUENTE DEL DIABLO,AREQUIPA,AREQUIPA,gfs,temp,20260830,20260928,"00Z,12Z",D1,3h,S/D,S/D,S/D,S/D,0
4722E032,PUENTE DEL DIABLO,AREQUIPA,AREQUIPA,eta5,temp,20260830,20260928,"00Z,12Z",D1,3h,S/D,S/D,S/D,S/D,0
4722E032,PUENTE DEL DIABLO,AREQUIPA,AREQUIPA,wrf5,temp,20260830,20260928,"00Z,12Z",D1,3h,S/D,S/D,S/D,S/D,0
4722E032,PUENTE DEL DIABLO,AREQUIPA,AREQUIPA,mpas15,temp,20260830,20260928,00Z,D1,3h,S/D,S/D,S/D,S/D,0
116082,SAN FRANCISCO,AREQUIPA,AREQUIPA,ecmwf,temp,20260830,20260928,"00Z,12Z",D1,3h,S/D,S/D,S/D,S/D,0
116082,SAN FRANCISCO,AREQUIPA,AREQUIPA,gfs,temp,20260830,20260928,"00Z,12Z",D1,3h,S/D,S/D,S/D,S/D,0
116082,SAN FRANCISCO,AREQUIPA,AREQUIPA,eta5,temp,20260830,20260928,"00Z,12Z",D1,3h,S/D,S/D,S/D,S/D,0
116082,SAN FRANCISCO,AREQUIPA,AREQUIPA,wrf5,temp,20260830,20260928,"00Z,12Z",D1,3h,S/D,S/D,S/D,S/D,0
116082,SAN FRANCISCO,AREQUIPA,AREQUIPA,mpas15,temp,20260830,20260928,00Z,D1,3h,S/D,S/D,S/D,S/D,0
47E3B6D0,SAN JOSE DE UZUNA,AREQUIPA,AREQUIPA,ecmwf,temp,20260830,20260928,"00Z,12Z",D1,3h,-4.359,4.577,5.464,0.865,478
47E3B6D0,SAN JOSE DE UZUNA,AREQUIPA,AREQUIPA,gfs,temp,20260830,20260928,"00Z,12Z",D1,3h,-2.026,3.577,4.258,0.848,478
47E3B6D0,SAN JOSE DE UZUNA,AREQUIPA,AREQUIPA,eta5,temp,20260830,20260928,"00Z,12Z",D1,3h,1.858,2.302,2.95,0.904,388
47E3B6D0,SAN JOSE DE UZUNA,AREQUIPA,AREQUIPA,wrf5,temp,20260830,20260928,"00Z,12Z",D1,3h,2.036,2.946,3.766,0.837,470
47E3B6D0,SAN JOSE DE UZUNA,AREQUIPA,AREQUIPA,mpas15,temp,20260830,20260928,00Z,D1,3h,1.408,2.951,3.822,0.841,239
47E27134,SOCOSANI,AREQUIPA,AREQUIPA,ecmwf,temp,20260830,20260928,"00Z,12Z",D1,3h,S/D,S/D,S/D,S/D,0
47E27134,SOCOSANI,AREQUIPA,AREQUIPA,gfs,temp,20260830,20260928,"00Z,12Z",D1,3h,S/D,S/D,S/D,S/D,0
47E27134,SOCOSANI,AREQUIPA,AREQUIPA,eta5,temp,20260830,20260928,"00Z,12Z",D1,3h,S/D,S/D,S/D,S/D,0
47E27134,SOCOSANI,AREQUIPA,AREQUIPA,wrf5,temp,20260830,20260928,"00Z,12Z",D1,3h,S/D,S/D,S/D,S/D,0
47E27134,SOCOSANI,AREQUIPA,AREQUIPA,mpas15,temp,20260830,20260928,00Z,D1,3h,S/D,S/D,S/D,S/D,0
472EE1AE,TINGO GRANDE,AREQUIPA,AREQUIPA,ecmwf,temp,20260830,20260928,"00Z,12Z",D1,3h,S/D,S/D,S/D,S/D,0
472EE1AE,TINGO GRANDE,AREQUIPA,AREQUIPA,gfs,temp,20260830,20260928,"00Z,12Z",D1,3h,S/D,S/D,S/D,S/D,0
472EE1AE,TINGO GRANDE,AREQUIPA,AREQUIPA,eta5,temp,20260830,20260928,"00Z,12Z",D1,3h,S/D,S/D,S/D,S/D,0
472EE1AE,TINGO GRANDE,AREQUIPA,AREQUIPA,wrf5,temp,20260830,20260928,"00Z,12Z",D1,3h,S/D,S/D,S/D,S/D,0
472EE1AE,TINGO GRANDE,AREQUIPA,AREQUIPA,mpas15,temp,20260830,20260928,00Z,D1,3h,S/D,S/D,S/D,S/D,0
116078,TUCTUMPAYA,AREQUIPA,AREQUIPA,ecmwf,temp,20260830,20260928,"00Z,12Z",D1,3h,-4.85,4.895,5.433,0.859,480
116078,TUCTUMPAYA,AREQUIPA,AREQUIPA,gfs,temp,20260830,20260928,"00Z,12Z",D1,3h,-2.506,3.0,3.748,0.853,480
116078,TUCTUMPAYA,AREQUIPA,AREQUIPA,eta5,temp,20260830,20260928,"00Z,12Z",D1,3h,0.955,1.384,1.802,0.903,389
116078,TUCTUMPAYA,AREQUIPA,AREQUIPA,wrf5,temp,20260830,20260928,"00Z,12Z",D1,3h,0.33,2.471,2.876,0.839,472
116078,TUCTUMPAYA,AREQUIPA,AREQUIPA,mpas15,temp,20260830,20260928,00Z,D1,3h,-2.209,3.014,3.332,0.887,240
116081,YURA,AREQUIPA,AREQUIPA,ecmwf,temp,20260830,20260928,"00Z,12Z",D1,3h,-8.323,8.323,8.503,0.853,320
116081,YURA,AREQUIPA,AREQUIPA,gfs,temp,20260830,20260928,"00Z,12Z",D1,3h,-6.233,6.233,6.507,0.845,320
116081,YURA,AREQUIPA,AREQUIPA,eta5,temp,20260830,20260928,"00Z,12Z",D1,3h,-0.896,1.257,1.553,0.894,269
116081,YURA,AREQUIPA,AREQUIPA,wrf5,temp,20260830,20260928,"00Z,12Z",D1,3h,-0.649,1.917,2.348,0.87,312
116081,YURA,AREQUIPA,AREQUIPA,mpas15,temp,20260830,20260928,00Z,D1,3h,-2.969,3.614,3.749,0.83,160
116084,CAMANA,AREQUIPA,CAMANA,ecmwf,temp,20260830,20260928,"00Z,12Z",D1,3h,-0.338,1.482,1.91,0.18,356
116084,CAMANA,AREQUIPA,CAMANA,gfs,temp,20260830,20260928,"00Z,12Z",D1,3h,-1.41,1.727,2.272,0.402,356
116084,CAMANA,AREQUIPA,CAMANA,eta5,temp,20260830,20260928,"00Z,12Z",D1,3h,-1.978,2.091,2.457,0.671,292
116084,CAMANA,AREQUIPA,CAMANA,wrf5,temp,20260830,20260928,"00Z,12Z",D1,3h,-0.114,1.134,1.351,0.712,352
116084,CAMANA,AREQUIPA,CAMANA,mpas15,temp,20260830,20260928,00Z,D1,3h,-1.818,1.992,2.431,0.509,178
472D23BE,OCOÑA,AREQUIPA,CAMANA,ecmwf,temp,20260830,20260928,"00Z,12Z",D1,3h,-1.398,1.494,1.771,0.662,478
472D23BE,OCOÑA,AREQUIPA,CAMANA,gfs,temp,20260830,20260928,"00Z,12Z",D1,3h,-2.105,2.125,2.374,0.666,478
472D23BE,OCOÑA,AREQUIPA,CAMANA,eta5,temp,20260830,20260928,"00Z,12Z",D1,3h,-1.448,1.913,2.275,0.614,388
472D23BE,OCOÑA,AREQUIPA,CAMANA,wrf5,temp,20260830,20260928,"00Z,12Z",D1,3h,-0.628,1.268,1.548,0.613,470
472D23BE,OCOÑA,AREQUIPA,CAMANA,mpas15,temp,20260830,20260928,00Z,D1,3h,-1.258,1.385,1.751,0.566,239
214400,HUATIAPA,AREQUIPA,CASTILLA,ecmwf,temp,20260830,20260928,"00Z,12Z",D1,3h,S/D,S/D,S/D,S/D,0
214400,HUATIAPA,AREQUIPA,CASTILLA,gfs,temp,20260830,20260928,"00Z,12Z",D1,3h,S/D,S/D,S/D,S/D,0
214400,HUATIAPA,AREQUIPA,CASTILLA,eta5,temp,20260830,20260928,"00Z,12Z",D1,3h,S/D,S/D,S/D,S/D,0
214400,HUATIAPA,AREQUIPA,CASTILLA,wrf5,temp,20260830,20260928,"00Z,12Z",D1,3h,S/D,S/D,S/D,S/D,0
214400,HUATIAPA,AREQUIPA,CASTILLA,mpas15,temp,20260830,20260928,00Z,D1,3h,S/D,S/D,S/D,S/D,0
4723D752,CHIVAY,AREQUIPA,CAYLLOMA,ecmwf,temp,20260830,20260928,"00Z,12Z",D1,3h,-7.929,7.938,8.625,0.814,480
4723D752,CHIVAY,AREQUIPA,CAYLLOMA,gfs,temp,20260830,20260928,"00Z,12Z",D1,3h,-5.33,5.424,6.485,0.835,480
4723D752,CHIVAY,AREQUIPA,CAYLLOMA,eta5,temp,20260830,20260928,"00Z,12Z",D1,3h,-2.496,2.827,3.38,0.895,389
4723D752,CHIVAY,AREQUIPA,CAYLLOMA,wrf5,temp,20260830,20260928,"00Z,12Z",D1,3h,-0.037,2.377,2.824,0.882,472
4723D752,CHIVAY,AREQUIPA,CAYLLOMA,mpas15,temp,20260830,20260928,00Z,D1,3h,-8.066,8.066,8.516,0.906,240
47E8A60E,COTACOTA,AREQUIPA,CAYLLOMA,ecmwf,temp,20260830,20260928,"00Z,12Z",D1,3h,-1.401,2.443,3.002,0.909,478
47E8A60E,COTACOTA,AREQUIPA,CAYLLOMA,gfs,temp,20260830,20260928,"00Z,12Z",D1,3h,1.023,3.096,3.919,0.842,478
47E8A60E,COTACOTA,AREQUIPA,CAYLLOMA,eta5,temp,20260830,20260928,"00Z,12Z",D1,3h,2.871,3.35,4.236,0.857,387
47E8A60E,COTACOTA,AREQUIPA,CAYLLOMA,wrf5,temp,20260830,20260928,"00Z,12Z",D1,3h,0.928,2.884,3.71,0.844,470
47E8A60E,COTACOTA,AREQUIPA,CAYLLOMA,mpas15,temp,20260830,20260928,00Z,D1,3h,-2.187,3.335,3.862,0.861,239
47E3A5A6,HUANCA,AREQUIPA,CAYLLOMA,ecmwf,temp,20260830,20260928,"00Z,12Z",D1,3h,-1.845,2.186,2.453,0.877,478
47E3A5A6,HUANCA,AREQUIPA,CAYLLOMA,gfs,temp,20260830,20260928,"00Z,12Z",D1,3h,-1.993,2.452,2.815,0.854,478
47E3A5A6,HUANCA,AREQUIPA,CAYLLOMA,eta5,temp,20260830,20260928,"00Z,12Z",D1,3h,1.084,1.408,1.789,0.892,388
47E3A5A6,HUANCA,AREQUIPA,CAYLLOMA,wrf5,temp,20260830,20260928,"00Z,12Z",D1,3h,0.119,1.579,2.031,0.826,470
47E3A5A6,HUANCA,AREQUIPA,CAYLLOMA,mpas15,temp,20260830,20260928,00Z,D1,3h,-2.047,2.725,3.027,0.858,239
47E3834A,IMATA,AREQUIPA,CAYLLOMA,ecmwf,temp,20260830,20260928,"00Z,12Z",D1,3h,0.838,2.031,2.874,0.897,476
47E3834A,IMATA,AREQUIPA,CAYLLOMA,gfs,temp,20260830,20260928,"00Z,12Z",D1,3h,2.682,3.249,4.386,0.89,476
47E3834A,IMATA,AREQUIPA,CAYLLOMA,eta5,temp,20260830,20260928,"00Z,12Z",D1,3h,5.023,5.031,5.892,0.858,387
47E3834A,IMATA,AREQUIPA,CAYLLOMA,wrf5,temp,20260830,20260928,"00Z,12Z",D1,3h,2.679,3.158,4.163,0.915,468
47E3834A,IMATA,AREQUIPA,CAYLLOMA,mpas15,temp,20260830,20260928,00Z,D1,3h,-0.142,2.187,2.798,0.9,238
4729E39A,PAMPA DE MAJES,AREQUIPA,CAYLLOMA,ecmwf,temp,20260830,20260928,"00Z,12Z",D1,3h,1.07,1.86,2.287,0.927,478
4729E39A,PAMPA DE MAJES,AREQUIPA,CAYLLOMA,gfs,temp,20260830,20260928,"00Z,12Z",D1,3h,1.254,2.084,2.519,0.922,478
4729E39A,PAMPA DE MAJES,AREQUIPA,CAYLLOMA,eta5,temp,20260830,20260928,"00Z,12Z",D1,3h,3.404,3.441,3.822,0.938,388
4729E39A,PAMPA DE MAJES,AREQUIPA,CAYLLOMA,wrf5,temp,20260830,20260928,"00Z,12Z",D1,3h,1.55,2.739,3.323,0.839,470
4729E39A,PAMPA DE MAJES,AREQUIPA,CAYLLOMA,mpas15,temp,20260830,20260928,00Z,D1,3h,-1.3,2.409,2.976,0.862,239
47E373CE,PILLONES,AREQUIPA,CAYLLOMA,ecmwf,temp,20260830,20260928,"00Z,12Z",D1,3h,2.498,2.707,3.586,0.947,472
47E373CE,PILLONES,AREQUIPA,CAYLLOMA,gfs,temp,20260830,20260928,"00Z,12Z",D1,3h,3.547,3.79,5.214,0.885,472
47E373CE,PILLONES,AREQUIPA,CAYLLOMA,eta5,temp,20260830,20260928,"00Z,12Z",D1,3h,4.357,4.423,5.27,0.891,383
47E373CE,PILLONES,AREQUIPA,CAYLLOMA,wrf5,temp,20260830,20260928,"00Z,12Z",D1,3h,2.667,3.278,4.669,0.864,464
47E373CE,PILLONES,AREQUIPA,CAYLLOMA,mpas15,temp,20260830,20260928,00Z,D1,3h,-0.571,2.184,2.599,0.932,236
47265686,SIBAYO,AREQUIPA,CAYLLOMA,ecmwf,temp,20260830,20260928,"00Z,12Z",D1,3h,S/D,S/D,S/D,S/D,0
47265686,SIBAYO,AREQUIPA,CAYLLOMA,gfs,temp,20260830,20260928,"00Z,12Z",D1,3h,S/D,S/D,S/D,S/D,0
47265686,SIBAYO,AREQUIPA,CAYLLOMA,eta5,temp,20260830,20260928,"00Z,12Z",D1,3h,S/D,S/D,S/D,S/D,0
47265686,SIBAYO,AREQUIPA,CAYLLOMA,wrf5,temp,20260830,20260928,"00Z,12Z",D1,3h,S/D,S/D,S/D,S/D,0
47265686,SIBAYO,AREQUIPA,CAYLLOMA,mpas15,temp,20260830,20260928,00Z,D1,3h,S/D,S/D,S/D,S/D,0
472ED434,SUMBAY,AREQUIPA,CAYLLOMA,ecmwf,temp,20260830,20260928,"00Z,12Z",D1,3h,S/D,S/D,S/D,S/D,0
472ED434,SUMBAY,AREQUIPA,CAYLLOMA,gfs,temp,20260830,20260928,"00Z,12Z",D1,3h,S/D,S/D,S/D,S/D,0
472ED434,SUMBAY,AREQUIPA,CAYLLOMA,eta5,temp,20260830,20260928,"00Z,12Z",D1,3h,S/D,S/D,S/D,S/D,0
472ED434,SUMBAY,AREQUIPA,CAYLLOMA,wrf5,temp,20260830,20260928,"00Z,12Z",D1,3h,S/D,S/D,S/D,S/D,0
472ED434,SUMBAY,AREQUIPA,CAYLLOMA,mpas15,temp,20260830,20260928,00Z,D1,3h,S/D,S/D,S/D,S/D,0
115150,COROPUNA,AREQUIPA,CONDESUYOS,ecmwf,temp,20260830,20260928,"00Z,12Z",D1,3h,5.924,5.924,6.318,0.854,468
115150,COROPUNA,AREQUIPA,CONDESUYOS,gfs,temp,20260830,20260928,"00Z,12Z",D1,3h,8.946,8.946,9.089,0.817,468
115150,COROPUNA,AREQUIPA,CONDESUYOS,eta5,temp,20260830,20260928,"00Z,12Z",D1,3h,3.214,3.214,3.388,0.889,379
115150,COROPUNA,AREQUIPA,CONDESUYOS,wrf5,temp,20260830,20260928,"00Z,12Z",D1,3h,2.153,2.183,2.456,0.884,460
115150,COROPUNA,AREQUIPA,CONDESUYOS,mpas15,temp,20260830,20260928,00Z,D1,3h,7.709,7.709,8.068,0.761,234
114119,VISCA VISCA,AREQUIPA,CONDESUYOS,ecmwf,temp,20260830,20260928,"00Z,12Z",D1,3h,-3.219,3.674,4.399,0.799,478
114119,VISCA VISCA,AREQUIPA,CONDESUYOS,gfs,temp,20260830,20260928,"00Z,12Z",D1,3h,-1.113,2.121,2.681,0.876,478
114119,VISCA VISCA,AREQUIPA,CONDESUYOS,eta5,temp,20260830,20260928,"00Z,12Z",D1,3h,1.545,2.335,2.985,0.855,387
114119,VISCA VISCA,AREQUIPA,CONDESUYOS,wrf5,temp,20260830,20260928,"00Z,12Z",D1,3h,-0.94,2.301,2.888,0.836,470
114119,VISCA VISCA,AREQUIPA,CONDESUYOS,mpas15,temp,20260830,20260928,00Z,D1,3h,-3.558,3.801,4.291,0.859,239
47280292,COTAHUASI,AREQUIPA,LA UNION,ecmwf,temp,20260830,20260928,"00Z,12Z",D1,3h,-5.49,5.492,5.772,0.895,446
47280292,COTAHUASI,AREQUIPA,LA UNION,gfs,temp,20260830,20260928,"00Z,12Z",D1,3h,-6.116,6.116,6.439,0.862,446
47280292,COTAHUASI,AREQUIPA,LA UNION,eta5,temp,20260830,20260928,"00Z,12Z",D1,3h,-0.421,2.38,2.899,0.881,359
47280292,COTAHUASI,AREQUIPA,LA UNION,wrf5,temp,20260830,20260928,"00Z,12Z",D1,3h,-1.799,2.174,2.68,0.823,438
47280292,COTAHUASI,AREQUIPA,LA UNION,mpas15,temp,20260830,20260928,00Z,D1,3h,-11.415,11.415,11.546,0.891,223
115151,CUYAU,AREQUIPA,LA UNION,ecmwf,temp,20260830,20260928,"00Z,12Z",D1,3h,S/D,S/D,S/D,S/D,0
115151,CUYAU,AREQUIPA,LA UNION,gfs,temp,20260830,20260928,"00Z,12Z",D1,3h,S/D,S/D,S/D,S/D,0
115151,CUYAU,AREQUIPA,LA UNION,eta5,temp,20260830,20260928,"00Z,12Z",D1,3h,S/D,S/D,S/D,S/D,0
115151,CUYAU,AREQUIPA,LA UNION,wrf5,temp,20260830,20260928,"00Z,12Z",D1,3h,S/D,S/D,S/D,S/D,0
115151,CUYAU,AREQUIPA,LA UNION,mpas15,temp,20260830,20260928,00Z,D1,3h,S/D,S/D,S/D,S/D,0
4729D600,PAMPA CANGALLO,AYACUCHO,CANGALLO,ecmwf,temp,20260830,20260928,"00Z,12Z",D1,3h,-2.975,3.146,3.789,0.891,480
4729D600,PAMPA CANGALLO,AYACUCHO,CANGALLO,gfs,temp,20260830,20260928,"00Z,12Z",D1,3h,-2.514,3.116,3.868,0.861,480
4729D600,PAMPA CANGALLO,AYACUCHO,CANGALLO,eta5,temp,20260830,20260928,"00Z,12Z",D1,3h,-0.978,2.067,2.658,0.866,389
4729D600,PAMPA CANGALLO,AYACUCHO,CANGALLO,wrf5,temp,20260830,20260928,"00Z,12Z",D1,3h,0.72,2.309,2.926,0.845,472
4729D600,PAMPA CANGALLO,AYACUCHO,CANGALLO,mpas15,temp,20260830,20260928,00Z,D1,3h,-4.045,4.15,4.768,0.889,240
113248,SANTA CRUZ DE HOSPICIO,AYACUCHO,CANGALLO,ecmwf,temp,20260830,20260928,"00Z,12Z",D1,3h,-0.881,1.585,1.921,0.929,478
113248,SANTA CRUZ DE HOSPICIO,AYACUCHO,CANGALLO,gfs,temp,20260830,20260928,"00Z,12Z",D1,3h,-0.715,2.231,2.672,0.864,478
113248,SANTA CRUZ DE HOSPICIO,AYACUCHO,CANGALLO,eta5,temp,20260830,20260928,"00Z,12Z",D1,3h,0.515,1.557,2.096,0.885,387
113248,SANTA CRUZ DE HOSPICIO,AYACUCHO,CANGALLO,wrf5,temp,20260830,20260928,"00Z,12Z",D1,3h,-0.6,1.96,2.47,0.859,470
113248,SANTA CRUZ DE HOSPICIO,AYACUCHO,CANGALLO,mpas15,temp,20260830,20260928,00Z,D1,3h,-3.75,3.952,4.374,0.893,239
250900,PUENTE PAMPAS GORE APU,AYACUCHO,HUAMANGA,ecmwf,temp,20260830,20260928,"00Z,12Z",D1,3h,S/D,S/D,S/D,S/D,0
250900,PUENTE PAMPAS GORE APU,AYACUCHO,HUAMANGA,gfs,temp,20260830,20260928,"00Z,12Z",D1,3h,S/D,S/D,S/D,S/D,0
250900,PUENTE PAMPAS GORE APU,AYACUCHO,HUAMANGA,eta5,temp,20260830,20260928,"00Z,12Z",D1,3h,S/D,S/D,S/D,S/D,0
250900,PUENTE PAMPAS GORE APU,AYACUCHO,HUAMANGA,wrf5,temp,20260830,20260928,"00Z,12Z",D1,3h,S/D,S/D,S/D,S/D,0
250900,PUENTE PAMPAS GORE APU,AYACUCHO,HUAMANGA,mpas15,temp,20260830,20260928,00Z,D1,3h,S/D,S/D,S/D,S/D,0
114122,CCONTACC,AYACUCHO,LUCANAS,ecmwf,temp,20260830,20260928,"00Z,12Z",D1,3h,-2.678,2.815,3.242,0.91,478
114122,CCONTACC,AYACUCHO,LUCANAS,gfs,temp,20260830,20260928,"00Z,12Z",D1,3h,-2.463,2.714,3.314,0.864,478
114122,CCONTACC,AYACUCHO,LUCANAS,eta5,temp,20260830,20260928,"00Z,12Z",D1,3h,-1.462,1.879,2.396,0.892,387
114122,CCONTACC,AYACUCHO,LUCANAS,wrf5,temp,20260830,20260928,"00Z,12Z",D1,3h,-0.795,1.924,2.297,0.856,470
114122,CCONTACC,AYACUCHO,LUCANAS,mpas15,temp,20260830,20260928,00Z,D1,3h,-3.179,3.222,3.508,0.919,239
47290068,HUAC-HUAS,AYACUCHO,LUCANAS,ecmwf,temp,20260830,20260928,"00Z,12Z",D1,3h,4.954,4.954,5.117,0.833,474
47290068,HUAC-HUAS,AYACUCHO,LUCANAS,gfs,temp,20260830,20260928,"00Z,12Z",D1,3h,4.047,4.048,4.336,0.795,474
47290068,HUAC-HUAS,AYACUCHO,LUCANAS,eta5,temp,20260830,20260928,"00Z,12Z",D1,3h,-0.251,1.538,1.891,0.795,384
47290068,HUAC-HUAS,AYACUCHO,LUCANAS,wrf5,temp,20260830,20260928,"00Z,12Z",D1,3h,-1.139,1.495,1.869,0.817,466
47290068,HUAC-HUAS,AYACUCHO,LUCANAS,mpas15,temp,20260830,20260928,00Z,D1,3h,-1.632,1.856,2.228,0.804,237
114127,PAMPA GALERAS,AYACUCHO,LUCANAS,ecmwf,temp,20260830,20260928,"00Z,12Z",D1,3h,2.697,3.476,4.616,0.878,478
114127,PAMPA GALERAS,AYACUCHO,LUCANAS,gfs,temp,20260830,20260928,"00Z,12Z",D1,3h,4.853,5.07,6.748,0.835,478
114127,PAMPA GALERAS,AYACUCHO,LUCANAS,eta5,temp,20260830,20260928,"00Z,12Z",D1,3h,1.938,2.731,3.754,0.9,388
114127,PAMPA GALERAS,AYACUCHO,LUCANAS,wrf5,temp,20260830,20260928,"00Z,12Z",D1,3h,1.547,3.282,4.291,0.843,470
114127,PAMPA GALERAS,AYACUCHO,LUCANAS,mpas15,temp,20260830,20260928,00Z,D1,3h,0.791,2.363,3.017,0.937,239
114121,HURAY HUMA,AYACUCHO,PARINACOCHAS,ecmwf,temp,20260830,20260928,"00Z,12Z",D1,3h,-2.219,3.264,3.713,0.891,408
114121,HURAY HUMA,AYACUCHO,PARINACOCHAS,gfs,temp,20260830,20260928,"00Z,12Z",D1,3h,-0.387,3.185,3.649,0.859,408
114121,HURAY HUMA,AYACUCHO,PARINACOCHAS,eta5,temp,20260830,20260928,"00Z,12Z",D1,3h,0.783,2.114,2.71,0.9,325
114121,HURAY HUMA,AYACUCHO,PARINACOCHAS,wrf5,temp,20260830,20260928,"00Z,12Z",D1,3h,-0.202,2.652,3.18,0.874,402
114121,HURAY HUMA,AYACUCHO,PARINACOCHAS,mpas15,temp,20260830,20260928,00Z,D1,3h,-1.969,2.926,3.338,0.922,204
115155,PAUZA,AYACUCHO,PAUCAR DEL SARA SARA,ecmwf,temp,20260830,20260928,"00Z,12Z",D1,3h,-3.482,3.49,3.894,0.914,480
115155,PAUZA,AYACUCHO,PAUCAR DEL SARA SARA,gfs,temp,20260830,20260928,"00Z,12Z",D1,3h,-4.341,4.349,4.891,0.871,480
115155,PAUZA,AYACUCHO,PAUCAR DEL SARA SARA,eta5,temp,20260830,20260928,"00Z,12Z",D1,3h,1.195,1.814,2.275,0.935,389
115155,PAUZA,AYACUCHO,PAUCAR DEL SARA SARA,wrf5,temp,20260830,20260928,"00Z,12Z",D1,3h,3.2,3.217,3.552,0.916,472
115155,PAUZA,AYACUCHO,PAUCAR DEL SARA SARA,mpas15,temp,20260830,20260928,00Z,D1,3h,-7.93,7.93,8.111,0.9,240
4725B27A,PAUCARAY,AYACUCHO,SUCRE,ecmwf,temp,20260830,20260928,"00Z,12Z",D1,3h,S/D,S/D,S/D,S/D,0
4725B27A,PAUCARAY,AYACUCHO,SUCRE,gfs,temp,20260830,20260928,"00Z,12Z",D1,3h,S/D,S/D,S/D,S/D,0
4725B27A,PAUCARAY,AYACUCHO,SUCRE,eta5,temp,20260830,20260928,"00Z,12Z",D1,3h,S/D,S/D,S/D,S/D,0
4725B27A,PAUCARAY,AYACUCHO,SUCRE,wrf5,temp,20260830,20260928,"00Z,12Z",D1,3h,S/D,S/D,S/D,S/D,0
4725B27A,PAUCARAY,AYACUCHO,SUCRE,mpas15,temp,20260830,20260928,00Z,D1,3h,S/D,S/D,S/D,S/D,0
4729F0EC,CAJABAMBA,CAJAMARCA,CAJABAMBA,ecmwf,temp,20260830,20260928,"00Z,12Z",D1,3h,-3.583,3.631,4.061,0.898,480
4729F0EC,CAJABAMBA,CAJAMARCA,CAJABAMBA,gfs,temp,20260830,20260928,"00Z,12Z",D1,3h,-1.568,2.145,2.674,0.866,480
4729F0EC,CAJABAMBA,CAJAMARCA,CAJABAMBA,eta5,temp,20260830,20260928,"00Z,12Z",D1,3h,-4.38,4.431,4.86,0.877,389
4729F0EC,CAJABAMBA,CAJAMARCA,CAJABAMBA,wrf5,temp,20260830,20260928,"00Z,12Z",D1,3h,-2.11,2.422,2.913,0.904,472
4729F0EC,CAJABAMBA,CAJAMARCA,CAJABAMBA,mpas15,temp,20260830,20260928,00Z,D1,3h,-4.854,4.86,5.23,0.926,240
472A32FC,CRISNEJAS,CAJAMARCA,CAJABAMBA,ecmwf,temp,20260830,20260928,"00Z,12Z",D1,3h,S/D,S/D,S/D,S/D,0
472A32FC,CRISNEJAS,CAJAMARCA,CAJABAMBA,gfs,temp,20260830,20260928,"00Z,12Z",D1,3h,S/D,S/D,S/D,S/D,0
472A32FC,CRISNEJAS,CAJAMARCA,CAJABAMBA,eta5,temp,20260830,20260928,"00Z,12Z",D1,3h,S/D,S/D,S/D,S/D,0
472A32FC,CRISNEJAS,CAJAMARCA,CAJABAMBA,wrf5,temp,20260830,20260928,"00Z,12Z",D1,3h,S/D,S/D,S/D,S/D,0
472A32FC,CRISNEJAS,CAJAMARCA,CAJABAMBA,mpas15,temp,20260830,20260928,00Z,D1,3h,S/D,S/D,S/D,S/D,0
472645F0,UNC CAJAMARCA,CAJAMARCA,CAJAMARCA,ecmwf,temp,20260830,20260928,"00Z,12Z",D1,3h,-1.7,2.265,2.836,0.903,466
472645F0,UNC CAJAMARCA,CAJAMARCA,CAJAMARCA,gfs,temp,20260830,20260928,"00Z,12Z",D1,3h,-1.186,2.046,2.562,0.873,466
472645F0,UNC CAJAMARCA,CAJAMARCA,CAJAMARCA,eta5,temp,20260830,20260928,"00Z,12Z",D1,3h,0.947,1.732,2.189,0.882,379
472645F0,UNC CAJAMARCA,CAJAMARCA,CAJAMARCA,wrf5,temp,20260830,20260928,"00Z,12Z",D1,3h,1.054,1.792,2.247,0.897,458
472645F0,UNC CAJAMARCA,CAJAMARCA,CAJAMARCA,mpas15,temp,20260830,20260928,00Z,D1,3h,-3.626,3.687,4.166,0.889,233
472501F4,BALSAS,CAJAMARCA,CELENDIN,ecmwf,temp,20260830,20260928,"00Z,12Z",D1,3h,-9.927,9.927,10.29,0.835,480
472501F4,BALSAS,CAJAMARCA,CELENDIN,gfs,temp,20260830,20260928,"00Z,12Z",D1,3h,-11.815,11.815,12.158,0.789,480
472501F4,BALSAS,CAJAMARCA,CELENDIN,eta5,temp,20260830,20260928,"00Z,12Z",D1,3h,-6.078,6.111,6.759,0.817,389
472501F4,BALSAS,CAJAMARCA,CELENDIN,wrf5,temp,20260830,20260928,"00Z,12Z",D1,3h,-2.881,3.242,3.891,0.834,472
472501F4,BALSAS,CAJAMARCA,CELENDIN,mpas15,temp,20260830,20260928,00Z,D1,3h,-15.129,15.129,15.32,0.792,240
4726631C,CELENDIN,CAJAMARCA,CELENDIN,ecmwf,temp,20260830,20260928,"00Z,12Z",D1,3h,-0.685,1.877,2.309,0.87,468
4726631C,CELENDIN,CAJAMARCA,CELENDIN,gfs,temp,20260830,20260928,"00Z,12Z",D1,3h,-0.996,1.748,2.264,0.885,468
4726631C,CELENDIN,CAJAMARCA,CELENDIN,eta5,temp,20260830,20260928,"00Z,12Z",D1,3h,-0.424,1.76,2.172,0.849,377
4726631C,CELENDIN,CAJAMARCA,CELENDIN,wrf5,temp,20260830,20260928,"00Z,12Z",D1,3h,0.176,1.699,2.099,0.858,460
4726631C,CELENDIN,CAJAMARCA,CELENDIN,mpas15,temp,20260830,20260928,00Z,D1,3h,-0.025,1.655,2.107,0.863,234
4726C3E4,CHOTA,CAJAMARCA,CHOTA,ecmwf,temp,20260830,20260928,"00Z,12Z",D1,3h,-2.419,2.83,3.383,0.869,442
4726C3E4,CHOTA,CAJAMARCA,CHOTA,gfs,temp,20260830,20260928,"00Z,12Z",D1,3h,-2.737,2.964,3.495,0.87,442
4726C3E4,CHOTA,CAJAMARCA,CHOTA,eta5,temp,20260830,20260928,"00Z,12Z",D1,3h,-2.863,2.999,3.439,0.897,355
4726C3E4,CHOTA,CAJAMARCA,CHOTA,wrf5,temp,20260830,20260928,"00Z,12Z",D1,3h,-0.118,1.638,2.04,0.889,436
4726C3E4,CHOTA,CAJAMARCA,CHOTA,mpas15,temp,20260830,20260928,00Z,D1,3h,-4.976,5.078,5.639,0.847,221
47E94706,HUAMBOS,CAJAMARCA,CHOTA,ecmwf,temp,20260830,20260928,"00Z,12Z",D1,3h,1.014,1.707,2.302,0.831,480
47E94706,HUAMBOS,CAJAMARCA,CHOTA,gfs,temp,20260830,20260928,"00Z,12Z",D1,3h,1.896,2.626,3.594,0.768,480
47E94706,HUAMBOS,CAJAMARCA,CHOTA,eta5,temp,20260830,20260928,"00Z,12Z",D1,3h,2.015,2.855,3.606,0.791,389
47E94706,HUAMBOS,CAJAMARCA,CHOTA,wrf5,temp,20260830,20260928,"00Z,12Z",D1,3h,0.755,1.692,2.178,0.817,472
47E94706,HUAMBOS,CAJAMARCA,CHOTA,mpas15,temp,20260830,20260928,00Z,D1,3h,-0.874,1.673,2.053,0.768,240
47E1D6C2,PUENTE SAN CARLOS,CAJAMARCA,CHOTA,ecmwf,temp,20260830,20260928,"00Z,12Z",D1,3h,-5.111,5.133,5.607,0.696,478
47E1D6C2,PUENTE SAN CARLOS,CAJAMARCA,CHOTA,gfs,temp,20260830,20260928,"00Z,12Z",D1,3h,-3.936,4.286,4.89,0.557,478
47E1D6C2,PUENTE SAN CARLOS,CAJAMARCA,CHOTA,eta5,temp,20260830,20260928,"00Z,12Z",D1,3h,-1.227,1.932,2.271,0.851,387
47E1D6C2,PUENTE SAN CARLOS,CAJAMARCA,CHOTA,wrf5,temp,20260830,20260928,"00Z,12Z",D1,3h,-2.081,2.549,2.917,0.893,470
47E1D6C2,PUENTE SAN CARLOS,CAJAMARCA,CHOTA,mpas15,temp,20260830,20260928,00Z,D1,3h,-2.637,2.822,3.121,0.852,239
47E1F02E,TUNEL CHOTANO,CAJAMARCA,CHOTA,ecmwf,temp,20260830,20260928,"00Z,12Z",D1,3h,-3.781,3.835,4.369,0.891,476
47E1F02E,TUNEL CHOTANO,CAJAMARCA,CHOTA,gfs,temp,20260830,20260928,"00Z,12Z",D1,3h,-4.142,4.166,4.636,0.872,476
47E1F02E,TUNEL CHOTANO,CAJAMARCA,CHOTA,eta5,temp,20260830,20260928,"00Z,12Z",D1,3h,-1.521,1.866,2.264,0.913,385
47E1F02E,TUNEL CHOTANO,CAJAMARCA,CHOTA,wrf5,temp,20260830,20260928,"00Z,12Z",D1,3h,-2.413,2.673,3.268,0.85,468
47E1F02E,TUNEL CHOTANO,CAJAMARCA,CHOTA,mpas15,temp,20260830,20260928,00Z,D1,3h,-5.497,5.499,6.112,0.888,238
472C92CA,CASCABAMBA,CAJAMARCA,CONTUMAZA,ecmwf,temp,20260830,20260928,"00Z,12Z",D1,3h,7.551,7.551,7.88,0.751,480
472C92CA,CASCABAMBA,CAJAMARCA,CONTUMAZA,gfs,temp,20260830,20260928,"00Z,12Z",D1,3h,9.297,9.297,9.557,0.721,480
472C92CA,CASCABAMBA,CAJAMARCA,CONTUMAZA,eta5,temp,20260830,20260928,"00Z,12Z",D1,3h,0.472,1.342,1.7,0.826,389
472C92CA,CASCABAMBA,CAJAMARCA,CONTUMAZA,wrf5,temp,20260830,20260928,"00Z,12Z",D1,3h,0.28,1.751,2.221,0.73,472
472C92CA,CASCABAMBA,CAJAMARCA,CONTUMAZA,mpas15,temp,20260830,20260928,00Z,D1,3h,6.747,6.754,7.047,0.765,240
472C81BC,GUZMANGO,CAJAMARCA,CONTUMAZA,ecmwf,temp,20260830,20260928,"00Z,12Z",D1,3h,3.887,3.892,4.213,0.754,478
472C81BC,GUZMANGO,CAJAMARCA,CONTUMAZA,gfs,temp,20260830,20260928,"00Z,12Z",D1,3h,4.532,4.532,4.879,0.723,478
472C81BC,GUZMANGO,CAJAMARCA,CONTUMAZA,eta5,temp,20260830,20260928,"00Z,12Z",D1,3h,0.966,1.476,1.858,0.817,387
472C81BC,GUZMANGO,CAJAMARCA,CONTUMAZA,wrf5,temp,20260830,20260928,"00Z,12Z",D1,3h,2.09,2.321,2.723,0.711,470
472C81BC,GUZMANGO,CAJAMARCA,CONTUMAZA,mpas15,temp,20260830,20260928,00Z,D1,3h,2.063,2.194,2.654,0.799,239
4727470A,PUENTE CHILETE,CAJAMARCA,CONTUMAZA,ecmwf,temp,20260830,20260928,"00Z,12Z",D1,3h,-8.076,8.076,8.353,0.878,478
4727470A,PUENTE CHILETE,CAJAMARCA,CONTUMAZA,gfs,temp,20260830,20260928,"00Z,12Z",D1,3h,-7.67,7.67,7.987,0.801,478
4727470A,PUENTE CHILETE,CAJAMARCA,CONTUMAZA,eta5,temp,20260830,20260928,"00Z,12Z",D1,3h,-1.021,1.677,2.094,0.894,387
4727470A,PUENTE CHILETE,CAJAMARCA,CONTUMAZA,wrf5,temp,20260830,20260928,"00Z,12Z",D1,3h,-2.011,2.235,2.663,0.901,470
4727470A,PUENTE CHILETE,CAJAMARCA,CONTUMAZA,mpas15,temp,20260830,20260928,00Z,D1,3h,-10.418,10.418,10.709,0.772,239
4726E508,YONAN GORE,CAJAMARCA,CONTUMAZA,ecmwf,temp,20260830,20260928,"00Z,12Z",D1,3h,S/D,S/D,S/D,S/D,0
4726E508,YONAN GORE,CAJAMARCA,CONTUMAZA,gfs,temp,20260830,20260928,"00Z,12Z",D1,3h,S/D,S/D,S/D,S/D,0
4726E508,YONAN GORE,CAJAMARCA,CONTUMAZA,eta5,temp,20260830,20260928,"00Z,12Z",D1,3h,S/D,S/D,S/D,S/D,0
4726E508,YONAN GORE,CAJAMARCA,CONTUMAZA,wrf5,temp,20260830,20260928,"00Z,12Z",D1,3h,S/D,S/D,S/D,S/D,0
4726E508,YONAN GORE,CAJAMARCA,CONTUMAZA,mpas15,temp,20260830,20260928,00Z,D1,3h,S/D,S/D,S/D,S/D,0
472B3006,CUMBA,CAJAMARCA,CUTERVO,ecmwf,temp,20260830,20260928,"00Z,12Z",D1,3h,S/D,S/D,S/D,S/D,0
472B3006,CUMBA,CAJAMARCA,CUTERVO,gfs,temp,20260830,20260928,"00Z,12Z",D1,3h,S/D,S/D,S/D,S/D,0
472B3006,CUMBA,CAJAMARCA,CUTERVO,eta5,temp,20260830,20260928,"00Z,12Z",D1,3h,S/D,S/D,S/D,S/D,0
472B3006,CUMBA,CAJAMARCA,CUTERVO,wrf5,temp,20260830,20260928,"00Z,12Z",D1,3h,S/D,S/D,S/D,S/D,0
472B3006,CUMBA,CAJAMARCA,CUTERVO,mpas15,temp,20260830,20260928,00Z,D1,3h,S/D,S/D,S/D,S/D,0
4726A602,CUTERVO,CAJAMARCA,CUTERVO,ecmwf,temp,20260830,20260928,"00Z,12Z",D1,3h,0.759,1.661,2.107,0.801,456
4726A602,CUTERVO,CAJAMARCA,CUTERVO,gfs,temp,20260830,20260928,"00Z,12Z",D1,3h,0.338,1.422,1.804,0.862,456
4726A602,CUTERVO,CAJAMARCA,CUTERVO,eta5,temp,20260830,20260928,"00Z,12Z",D1,3h,-0.535,1.635,2.034,0.849,373
4726A602,CUTERVO,CAJAMARCA,CUTERVO,wrf5,temp,20260830,20260928,"00Z,12Z",D1,3h,-0.349,1.226,1.51,0.874,448
4726A602,CUTERVO,CAJAMARCA,CUTERVO,mpas15,temp,20260830,20260928,00Z,D1,3h,0.452,1.078,1.351,0.882,228
4726D092,BAMBAMARCA H,CAJAMARCA,HUALGAYOC,ecmwf,temp,20260830,20260928,"00Z,12Z",D1,3h,S/D,S/D,S/D,S/D,0
4726D092,BAMBAMARCA H,CAJAMARCA,HUALGAYOC,gfs,temp,20260830,20260928,"00Z,12Z",D1,3h,S/D,S/D,S/D,S/D,0
4726D092,BAMBAMARCA H,CAJAMARCA,HUALGAYOC,eta5,temp,20260830,20260928,"00Z,12Z",D1,3h,S/D,S/D,S/D,S/D,0
4726D092,BAMBAMARCA H,CAJAMARCA,HUALGAYOC,wrf5,temp,20260830,20260928,"00Z,12Z",D1,3h,S/D,S/D,S/D,S/D,0
4726D092,BAMBAMARCA H,CAJAMARCA,HUALGAYOC,mpas15,temp,20260830,20260928,00Z,D1,3h,S/D,S/D,S/D,S/D,0
472680EE,BAMBAMARCA M,CAJAMARCA,HUALGAYOC,ecmwf,temp,20260830,20260928,"00Z,12Z",D1,3h,-4.274,4.289,4.713,0.886,476
472680EE,BAMBAMARCA M,CAJAMARCA,HUALGAYOC,gfs,temp,20260830,20260928,"00Z,12Z",D1,3h,-5.514,5.514,5.788,0.846,476
472680EE,BAMBAMARCA M,CAJAMARCA,HUALGAYOC,eta5,temp,20260830,20260928,"00Z,12Z",D1,3h,-2.554,2.86,3.275,0.873,385
472680EE,BAMBAMARCA M,CAJAMARCA,HUALGAYOC,wrf5,temp,20260830,20260928,"00Z,12Z",D1,3h,-0.32,1.34,1.695,0.885,468
472680EE,BAMBAMARCA M,CAJAMARCA,HUALGAYOC,mpas15,temp,20260830,20260928,00Z,D1,3h,-5.651,5.651,5.939,0.825,238
4727F484,CHUGUR,CAJAMARCA,HUALGAYOC,ecmwf,temp,20260830,20260928,"00Z,12Z",D1,3h,-4.461,4.463,4.796,0.843,474
4727F484,CHUGUR,CAJAMARCA,HUALGAYOC,gfs,temp,20260830,20260928,"00Z,12Z",D1,3h,-2.531,2.59,3.003,0.847,474
4727F484,CHUGUR,CAJAMARCA,HUALGAYOC,eta5,temp,20260830,20260928,"00Z,12Z",D1,3h,0.531,1.387,1.664,0.904,384
4727F484,CHUGUR,CAJAMARCA,HUALGAYOC,wrf5,temp,20260830,20260928,"00Z,12Z",D1,3h,-2.009,2.084,2.483,0.851,466
4727F484,CHUGUR,CAJAMARCA,HUALGAYOC,mpas15,temp,20260830,20260928,00Z,D1,3h,-1.567,1.844,2.225,0.83,237
472A571A,HUALLAPE,CAJAMARCA,JAEN,ecmwf,temp,20260830,20260928,"00Z,12Z",D1,3h,S/D,S/D,S/D,S/D,0
472A571A,HUALLAPE,CAJAMARCA,JAEN,gfs,temp,20260830,20260928,"00Z,12Z",D1,3h,S/D,S/D,S/D,S/D,0
472A571A,HUALLAPE,CAJAMARCA,JAEN,eta5,temp,20260830,20260928,"00Z,12Z",D1,3h,S/D,S/D,S/D,S/D,0
472A571A,HUALLAPE,CAJAMARCA,JAEN,wrf5,temp,20260830,20260928,"00Z,12Z",D1,3h,S/D,S/D,S/D,S/D,0
472A571A,HUALLAPE,CAJAMARCA,JAEN,mpas15,temp,20260830,20260928,00Z,D1,3h,S/D,S/D,S/D,S/D,0
47269398,JAEN,CAJAMARCA,JAEN,ecmwf,temp,20260830,20260928,"00Z,12Z",D1,3h,-3.062,3.156,3.514,0.916,468
47269398,JAEN,CAJAMARCA,JAEN,gfs,temp,20260830,20260928,"00Z,12Z",D1,3h,-2.295,2.467,2.81,0.908,468
47269398,JAEN,CAJAMARCA,JAEN,eta5,temp,20260830,20260928,"00Z,12Z",D1,3h,-0.9,1.78,2.201,0.873,378
47269398,JAEN,CAJAMARCA,JAEN,wrf5,temp,20260830,20260928,"00Z,12Z",D1,3h,0.359,1.528,2.003,0.862,460
47269398,JAEN,CAJAMARCA,JAEN,mpas15,temp,20260830,20260928,00Z,D1,3h,-4.337,4.378,4.781,0.88,234
105136,SAUZAL,CAJAMARCA,JAEN,ecmwf,temp,20260830,20260928,"00Z,12Z",D1,3h,S/D,S/D,S/D,S/D,0
105136,SAUZAL,CAJAMARCA,JAEN,gfs,temp,20260830,20260928,"00Z,12Z",D1,3h,S/D,S/D,S/D,S/D,0
105136,SAUZAL,CAJAMARCA,JAEN,eta5,temp,20260830,20260928,"00Z,12Z",D1,3h,S/D,S/D,S/D,S/D,0
105136,SAUZAL,CAJAMARCA,JAEN,wrf5,temp,20260830,20260928,"00Z,12Z",D1,3h,S/D,S/D,S/D,S/D,0
105136,SAUZAL,CAJAMARCA,JAEN,mpas15,temp,20260830,20260928,00Z,D1,3h,S/D,S/D,S/D,S/D,0
4725E206,SAN MARCOS,CAJAMARCA,SAN MARCOS,ecmwf,temp,20260830,20260928,"00Z,12Z",D1,3h,-4.645,4.674,5.18,0.919,468
4725E206,SAN MARCOS,CAJAMARCA,SAN MARCOS,gfs,temp,20260830,20260928,"00Z,12Z",D1,3h,-4.597,4.7,5.594,0.903,468
4725E206,SAN MARCOS,CAJAMARCA,SAN MARCOS,eta5,temp,20260830,20260928,"00Z,12Z",D1,3h,-1.742,2.548,3.09,0.893,379
4725E206,SAN MARCOS,CAJAMARCA,SAN MARCOS,wrf5,temp,20260830,20260928,"00Z,12Z",D1,3h,1.509,2.523,3.02,0.896,460
4725E206,SAN MARCOS,CAJAMARCA,SAN MARCOS,mpas15,temp,20260830,20260928,00Z,D1,3h,-4.226,4.319,5.219,0.925,234
47E207A4,TONGOD,CAJAMARCA,SAN MIGUEL,ecmwf,temp,20260830,20260928,"00Z,12Z",D1,3h,-4.636,4.802,5.387,0.844,476
47E207A4,TONGOD,CAJAMARCA,SAN MIGUEL,gfs,temp,20260830,20260928,"00Z,12Z",D1,3h,-2.693,3.19,3.721,0.821,476
47E207A4,TONGOD,CAJAMARCA,SAN MIGUEL,eta5,temp,20260830,20260928,"00Z,12Z",D1,3h,-3.644,3.926,4.319,0.854,386
47E207A4,TONGOD,CAJAMARCA,SAN MIGUEL,wrf5,temp,20260830,20260928,"00Z,12Z",D1,3h,0.733,1.805,2.506,0.857,468
47E207A4,TONGOD,CAJAMARCA,SAN MIGUEL,mpas15,temp,20260830,20260928,00Z,D1,3h,-3.623,3.986,4.489,0.8,238
47E1C5B4,CAÑAD,CAJAMARCA,SANTA CRUZ,ecmwf,temp,20260830,20260928,"00Z,12Z",D1,3h,-9.573,9.573,9.831,0.739,474
47E1C5B4,CAÑAD,CAJAMARCA,SANTA CRUZ,gfs,temp,20260830,20260928,"00Z,12Z",D1,3h,-8.8,8.8,9.082,0.698,474
47E1C5B4,CAÑAD,CAJAMARCA,SANTA CRUZ,eta5,temp,20260830,20260928,"00Z,12Z",D1,3h,-5.178,5.229,5.987,0.727,385
47E1C5B4,CAÑAD,CAJAMARCA,SANTA CRUZ,wrf5,temp,20260830,20260928,"00Z,12Z",D1,3h,-1.906,2.241,2.771,0.796,466
47E1C5B4,CAÑAD,CAJAMARCA,SANTA CRUZ,mpas15,temp,20260830,20260928,00Z,D1,3h,-7.129,7.129,7.421,0.761,237
47E3055E,CHANCAY BAÑOS,CAJAMARCA,SANTA CRUZ,ecmwf,temp,20260830,20260928,"00Z,12Z",D1,3h,-5.476,5.476,5.759,0.909,478
47E3055E,CHANCAY BAÑOS,CAJAMARCA,SANTA CRUZ,gfs,temp,20260830,20260928,"00Z,12Z",D1,3h,-5.855,5.855,6.12,0.86,478
47E3055E,CHANCAY BAÑOS,CAJAMARCA,SANTA CRUZ,eta5,temp,20260830,20260928,"00Z,12Z",D1,3h,-2.608,2.696,3.209,0.892,388
47E3055E,CHANCAY BAÑOS,CAJAMARCA,SANTA CRUZ,wrf5,temp,20260830,20260928,"00Z,12Z",D1,3h,0.145,1.424,1.811,0.865,470
47E3055E,CHANCAY BAÑOS,CAJAMARCA,SANTA CRUZ,mpas15,temp,20260830,20260928,00Z,D1,3h,-5.681,5.681,6.054,0.885,239
47E1E358,PUENTE AMBAN,CAJAMARCA,SANTA CRUZ,ecmwf,temp,20260830,20260928,"00Z,12Z",D1,3h,-4.991,4.996,5.413,0.892,478
47E1E358,PUENTE AMBAN,CAJAMARCA,SANTA CRUZ,gfs,temp,20260830,20260928,"00Z,12Z",D1,3h,-4.108,4.14,4.557,0.862,478
47E1E358,PUENTE AMBAN,CAJAMARCA,SANTA CRUZ,eta5,temp,20260830,20260928,"00Z,12Z",D1,3h,-2.492,2.606,3.071,0.898,387
47E1E358,PUENTE AMBAN,CAJAMARCA,SANTA CRUZ,wrf5,temp,20260830,20260928,"00Z,12Z",D1,3h,-0.599,1.746,2.182,0.851,470
47E1E358,PUENTE AMBAN,CAJAMARCA,SANTA CRUZ,mpas15,temp,20260830,20260928,00Z,D1,3h,-6.871,6.871,7.378,0.894,239
114132,POMACANCHI,CUSCO,ACOMAYO,ecmwf,temp,20260830,20260928,"00Z,12Z",D1,3h,-1.837,2.271,2.695,0.918,480
114132,POMACANCHI,CUSCO,ACOMAYO,gfs,temp,20260830,20260928,"00Z,12Z",D1,3h,-1.178,2.244,2.721,0.89,480
114132,POMACANCHI,CUSCO,ACOMAYO,eta5,temp,20260830,20260928,"00Z,12Z",D1,3h,-0.069,1.782,2.234,0.868,389
114132,POMACANCHI,CUSCO,ACOMAYO,wrf5,temp,20260830,20260928,"00Z,12Z",D1,3h,0.922,1.791,2.384,0.897,472
114132,POMACANCHI,CUSCO,ACOMAYO,mpas15,temp,20260830,20260928,00Z,D1,3h,-2.794,3.051,3.517,0.916,240
113252,ANCACHURO,CUSCO,ANTA,ecmwf,temp,20260830,20260928,"00Z,12Z",D1,3h,-1.646,2.842,3.417,0.888,480
113252,ANCACHURO,CUSCO,ANTA,gfs,temp,20260830,20260928,"00Z,12Z",D1,3h,-0.569,3.27,3.737,0.86,480
113252,ANCACHURO,CUSCO,ANTA,eta5,temp,20260830,20260928,"00Z,12Z",D1,3h,3.72,3.757,4.417,0.901,389
113252,ANCACHURO,CUSCO,ANTA,wrf5,temp,20260830,20260928,"00Z,12Z",D1,3h,2.452,2.934,3.707,0.91,472
113252,ANCACHURO,CUSCO,ANTA,mpas15,temp,20260830,20260928,00Z,D1,3h,-2.111,3.002,3.725,0.939,240
47294362,SORAYPAMPA,CUSCO,ANTA,ecmwf,temp,20260830,20260928,"00Z,12Z",D1,3h,3.952,4.038,4.695,0.849,480
47294362,SORAYPAMPA,CUSCO,ANTA,gfs,temp,20260830,20260928,"00Z,12Z",D1,3h,3.302,3.349,3.829,0.878,480
47294362,SORAYPAMPA,CUSCO,ANTA,eta5,temp,20260830,20260928,"00Z,12Z",D1,3h,-3.324,3.482,3.873,0.877,389
47294362,SORAYPAMPA,CUSCO,ANTA,wrf5,temp,20260830,20260928,"00Z,12Z",D1,3h,-1.618,2.287,2.821,0.862,472
47294362,SORAYPAMPA,CUSCO,ANTA,mpas15,temp,20260830,20260928,00Z,D1,3h,-1.343,1.963,2.505,0.882,240
472976F8,CALCA,CUSCO,CALCA,ecmwf,temp,20260830,20260928,"00Z,12Z",D1,3h,-10.218,10.227,10.687,0.785,476
472976F8,CALCA,CUSCO,CALCA,gfs,temp,20260830,20260928,"00Z,12Z",D1,3h,-7.773,7.786,8.536,0.813,476
472976F8,CALCA,CUSCO,CALCA,eta5,temp,20260830,20260928,"00Z,12Z",D1,3h,-6.943,6.948,7.404,0.854,386
472976F8,CALCA,CUSCO,CALCA,wrf5,temp,20260830,20260928,"00Z,12Z",D1,3h,-0.52,2.133,2.62,0.877,468
472976F8,CALCA,CUSCO,CALCA,mpas15,temp,20260830,20260928,00Z,D1,3h,-8.794,8.799,9.276,0.888,238
472A6280,NUEVO PISAC,CUSCO,CALCA,ecmwf,temp,20260830,20260928,"00Z,12Z",D1,3h,S/D,S/D,S/D,S/D,0
472A6280,NUEVO PISAC,CUSCO,CALCA,gfs,temp,20260830,20260928,"00Z,12Z",D1,3h,S/D,S/D,S/D,S/D,0
472A6280,NUEVO PISAC,CUSCO,CALCA,eta5,temp,20260830,20260928,"00Z,12Z",D1,3h,S/D,S/D,S/D,S/D,0
472A6280,NUEVO PISAC,CUSCO,CALCA,wrf5,temp,20260830,20260928,"00Z,12Z",D1,3h,S/D,S/D,S/D,S/D,0
472A6280,NUEVO PISAC,CUSCO,CALCA,mpas15,temp,20260830,20260928,00Z,D1,3h,S/D,S/D,S/D,S/D,0
114126,PAYAPUNKU,CUSCO,CANAS,ecmwf,temp,20260830,20260928,"00Z,12Z",D1,3h,-1.525,2.388,2.94,0.886,480
114126,PAYAPUNKU,CUSCO,CANAS,gfs,temp,20260830,20260928,"00Z,12Z",D1,3h,-0.27,1.971,2.551,0.886,480
114126,PAYAPUNKU,CUSCO,CANAS,eta5,temp,20260830,20260928,"00Z,12Z",D1,3h,-1.001,2.337,2.838,0.86,389
114126,PAYAPUNKU,CUSCO,CANAS,wrf5,temp,20260830,20260928,"00Z,12Z",D1,3h,0.917,2.378,3.059,0.842,472
114126,PAYAPUNKU,CUSCO,CANAS,mpas15,temp,20260830,20260928,00Z,D1,3h,-2.687,3.152,3.531,0.906,240
114125,SAUSAYA,CUSCO,CANAS,ecmwf,temp,20260830,20260928,"00Z,12Z",D1,3h,-0.509,3.98,4.93,0.87,476
114125,SAUSAYA,CUSCO,CANAS,gfs,temp,20260830,20260928,"00Z,12Z",D1,3h,0.743,3.93,5.12,0.856,476
114125,SAUSAYA,CUSCO,CANAS,eta5,temp,20260830,20260928,"00Z,12Z",D1,3h,3.573,4.211,5.549,0.86,387
114125,SAUSAYA,CUSCO,CANAS,wrf5,temp,20260830,20260928,"00Z,12Z",D1,3h,3.031,4.218,5.683,0.851,468
114125,SAUSAYA,CUSCO,CANAS,mpas15,temp,20260830,20260928,00Z,D1,3h,-0.979,3.873,4.642,0.906,238
472E025C,QUISOQUEPINA,CUSCO,CANCHIS,ecmwf,temp,20260830,20260928,"00Z,12Z",D1,3h,-0.259,1.667,2.084,0.61,120
472E025C,QUISOQUEPINA,CUSCO,CANCHIS,gfs,temp,20260830,20260928,"00Z,12Z",D1,3h,2.207,2.302,2.832,0.675,120
472E025C,QUISOQUEPINA,CUSCO,CANCHIS,eta5,temp,20260830,20260928,"00Z,12Z",D1,3h,2.391,2.474,2.932,0.699,109
472E025C,QUISOQUEPINA,CUSCO,CANCHIS,wrf5,temp,20260830,20260928,"00Z,12Z",D1,3h,0.484,1.765,2.228,0.526,114
472E025C,QUISOQUEPINA,CUSCO,CANCHIS,mpas15,temp,20260830,20260928,00Z,D1,3h,1.721,2.034,2.539,0.65,60
114118,SALCCA,CUSCO,CANCHIS,ecmwf,temp,20260830,20260928,"00Z,12Z",D1,3h,S/D,S/D,S/D,S/D,0
114118,SALCCA,CUSCO,CANCHIS,gfs,temp,20260830,20260928,"00Z,12Z",D1,3h,S/D,S/D,S/D,S/D,0
114118,SALCCA,CUSCO,CANCHIS,eta5,temp,20260830,20260928,"00Z,12Z",D1,3h,S/D,S/D,S/D,S/D,0
114118,SALCCA,CUSCO,CANCHIS,wrf5,temp,20260830,20260928,"00Z,12Z",D1,3h,S/D,S/D,S/D,S/D,0
114118,SALCCA,CUSCO,CANCHIS,mpas15,temp,20260830,20260928,00Z,D1,3h,S/D,S/D,S/D,S/D,0
47E8B578,SIBINACOCHA,CUSCO,CANCHIS,ecmwf,temp,20260830,20260928,"00Z,12Z",D1,3h,-0.019,2.479,2.927,0.781,480
47E8B578,SIBINACOCHA,CUSCO,CANCHIS,gfs,temp,20260830,20260928,"00Z,12Z",D1,3h,0.44,1.808,2.298,0.796,480
47E8B578,SIBINACOCHA,CUSCO,CANCHIS,eta5,temp,20260830,20260928,"00Z,12Z",D1,3h,3.21,3.332,4.085,0.811,389
47E8B578,SIBINACOCHA,CUSCO,CANCHIS,wrf5,temp,20260830,20260928,"00Z,12Z",D1,3h,1.536,2.299,2.907,0.769,472
47E8B578,SIBINACOCHA,CUSCO,CANCHIS,mpas15,temp,20260830,20260928,00Z,D1,3h,-1.7,2.294,2.766,0.795,240
4726158C,SICUANI,CUSCO,CANCHIS,ecmwf,temp,20260830,20260928,"00Z,12Z",D1,3h,-2.3,2.777,3.279,0.948,470
4726158C,SICUANI,CUSCO,CANCHIS,gfs,temp,20260830,20260928,"00Z,12Z",D1,3h,-1.6,3.401,3.968,0.886,470
4726158C,SICUANI,CUSCO,CANCHIS,eta5,temp,20260830,20260928,"00Z,12Z",D1,3h,0.324,2.098,2.59,0.913,382
4726158C,SICUANI,CUSCO,CANCHIS,wrf5,temp,20260830,20260928,"00Z,12Z",D1,3h,2.604,3.102,4.133,0.902,462
4726158C,SICUANI,CUSCO,CANCHIS,mpas15,temp,20260830,20260928,00Z,D1,3h,-4.907,5.207,6.101,0.905,235
114123,MARCA CUNKA,CUSCO,CHUMBIVILCAS,ecmwf,temp,20260830,20260928,"00Z,12Z",D1,3h,-2.302,3.356,4.103,0.867,480
114123,MARCA CUNKA,CUSCO,CHUMBIVILCAS,gfs,temp,20260830,20260928,"00Z,12Z",D1,3h,-0.454,2.842,3.587,0.886,480
114123,MARCA CUNKA,CUSCO,CHUMBIVILCAS,eta5,temp,20260830,20260928,"00Z,12Z",D1,3h,1.336,2.939,3.685,0.85,389
114123,MARCA CUNKA,CUSCO,CHUMBIVILCAS,wrf5,temp,20260830,20260928,"00Z,12Z",D1,3h,0.854,2.989,3.857,0.844,472
114123,MARCA CUNKA,CUSCO,CHUMBIVILCAS,mpas15,temp,20260830,20260928,00Z,D1,3h,-2.72,3.782,4.33,0.884,240
4729A090,SANTO TOMAS,CUSCO,CHUMBIVILCAS,ecmwf,temp,20260830,20260928,"00Z,12Z",D1,3h,-3.901,3.978,4.469,0.914,470
4729A090,SANTO TOMAS,CUSCO,CHUMBIVILCAS,gfs,temp,20260830,20260928,"00Z,12Z",D1,3h,-2.035,2.345,2.886,0.938,470
4729A090,SANTO TOMAS,CUSCO,CHUMBIVILCAS,eta5,temp,20260830,20260928,"00Z,12Z",D1,3h,0.387,1.836,2.395,0.883,381
4729A090,SANTO TOMAS,CUSCO,CHUMBIVILCAS,wrf5,temp,20260830,20260928,"00Z,12Z",D1,3h,2.322,2.592,3.181,0.912,462
4729A090,SANTO TOMAS,CUSCO,CHUMBIVILCAS,mpas15,temp,20260830,20260928,00Z,D1,3h,-4.33,4.422,4.897,0.897,235
114124,HUAYHUAHUASI,CUSCO,ESPINAR,ecmwf,temp,20260830,20260928,"00Z,12Z",D1,3h,1.417,3.374,4.392,0.917,480
114124,HUAYHUAHUASI,CUSCO,ESPINAR,gfs,temp,20260830,20260928,"00Z,12Z",D1,3h,2.796,4.587,6.205,0.83,480
114124,HUAYHUAHUASI,CUSCO,ESPINAR,eta5,temp,20260830,20260928,"00Z,12Z",D1,3h,4.813,5.19,6.748,0.852,389
114124,HUAYHUAHUASI,CUSCO,ESPINAR,wrf5,temp,20260830,20260928,"00Z,12Z",D1,3h,3.662,4.911,6.509,0.825,472
114124,HUAYHUAHUASI,CUSCO,ESPINAR,mpas15,temp,20260830,20260928,00Z,D1,3h,-0.206,3.68,4.6,0.919,240
47E880E2,PICHARI,CUSCO,LA CONVENCION,ecmwf,temp,20260830,20260928,"00Z,12Z",D1,3h,-7.931,7.931,8.446,0.776,478
47E880E2,PICHARI,CUSCO,LA CONVENCION,gfs,temp,20260830,20260928,"00Z,12Z",D1,3h,-7.411,7.414,8.012,0.703,478
47E880E2,PICHARI,CUSCO,LA CONVENCION,eta5,temp,20260830,20260928,"00Z,12Z",D1,3h,1.181,2.264,2.905,0.776,388
47E880E2,PICHARI,CUSCO,LA CONVENCION,wrf5,temp,20260830,20260928,"00Z,12Z",D1,3h,1.76,2.457,3.15,0.818,470
47E880E2,PICHARI,CUSCO,LA CONVENCION,mpas15,temp,20260830,20260928,00Z,D1,3h,-9.409,9.409,10.044,0.587,239
112264,PONGO DE MAINIQUE,CUSCO,LA CONVENCION,ecmwf,temp,20260830,20260928,"00Z,12Z",D1,3h,-2.575,3.052,3.408,0.813,480
112264,PONGO DE MAINIQUE,CUSCO,LA CONVENCION,gfs,temp,20260830,20260928,"00Z,12Z",D1,3h,-1.519,2.801,3.312,0.777,480
112264,PONGO DE MAINIQUE,CUSCO,LA CONVENCION,eta5,temp,20260830,20260928,"00Z,12Z",D1,3h,1.014,1.909,2.494,0.754,389
112264,PONGO DE MAINIQUE,CUSCO,LA CONVENCION,wrf5,temp,20260830,20260928,"00Z,12Z",D1,3h,1.069,1.809,2.336,0.828,472
112264,PONGO DE MAINIQUE,CUSCO,LA CONVENCION,mpas15,temp,20260830,20260928,00Z,D1,3h,-2.825,3.241,3.66,0.76,240
4729658E,SAN PABLO,CUSCO,LA CONVENCION,ecmwf,temp,20260830,20260928,"00Z,12Z",D1,3h,-10.986,10.986,11.399,0.798,480
4729658E,SAN PABLO,CUSCO,LA CONVENCION,gfs,temp,20260830,20260928,"00Z,12Z",D1,3h,-9.867,9.867,10.33,0.794,480
4729658E,SAN PABLO,CUSCO,LA CONVENCION,eta5,temp,20260830,20260928,"00Z,12Z",D1,3h,-5.447,5.504,6.335,0.77,389
4729658E,SAN PABLO,CUSCO,LA CONVENCION,wrf5,temp,20260830,20260928,"00Z,12Z",D1,3h,-1.465,2.448,2.924,0.819,472
4729658E,SAN PABLO,CUSCO,LA CONVENCION,mpas15,temp,20260830,20260928,00Z,D1,3h,-10.777,10.777,11.47,0.637,240
4722A338,ACJANACO ,CUSCO,PAUCARTAMBO,ecmwf,temp,20260830,20260928,"00Z,12Z",D1,3h,-0.079,1.939,2.402,0.732,478
4722A338,ACJANACO ,CUSCO,PAUCARTAMBO,gfs,temp,20260830,20260928,"00Z,12Z",D1,3h,1.343,2.084,2.675,0.703,478
4722A338,ACJANACO ,CUSCO,PAUCARTAMBO,eta5,temp,20260830,20260928,"00Z,12Z",D1,3h,-0.431,1.679,2.206,0.734,387
4722A338,ACJANACO ,CUSCO,PAUCARTAMBO,wrf5,temp,20260830,20260928,"00Z,12Z",D1,3h,1.396,2.103,2.766,0.612,470
4722A338,ACJANACO ,CUSCO,PAUCARTAMBO,mpas15,temp,20260830,20260928,00Z,D1,3h,-0.942,1.703,2.332,0.784,239
210007,PAUCARTAMBO,CUSCO,PAUCARTAMBO,ecmwf,temp,20260830,20260928,"00Z,12Z",D1,3h,S/D,S/D,S/D,S/D,0
210007,PAUCARTAMBO,CUSCO,PAUCARTAMBO,gfs,temp,20260830,20260928,"00Z,12Z",D1,3h,S/D,S/D,S/D,S/D,0
210007,PAUCARTAMBO,CUSCO,PAUCARTAMBO,eta5,temp,20260830,20260928,"00Z,12Z",D1,3h,S/D,S/D,S/D,S/D,0
210007,PAUCARTAMBO,CUSCO,PAUCARTAMBO,wrf5,temp,20260830,20260928,"00Z,12Z",D1,3h,S/D,S/D,S/D,S/D,0
210007,PAUCARTAMBO,CUSCO,PAUCARTAMBO,mpas15,temp,20260830,20260928,00Z,D1,3h,S/D,S/D,S/D,S/D,0
113247,ASHANAKU,CUSCO,QUISPICANCHI,ecmwf,temp,20260830,20260928,"00Z,12Z",D1,3h,-0.592,1.735,2.135,0.836,480
113247,ASHANAKU,CUSCO,QUISPICANCHI,gfs,temp,20260830,20260928,"00Z,12Z",D1,3h,0.088,1.935,2.502,0.819,480
113247,ASHANAKU,CUSCO,QUISPICANCHI,eta5,temp,20260830,20260928,"00Z,12Z",D1,3h,0.433,1.705,2.239,0.816,389
113247,ASHANAKU,CUSCO,QUISPICANCHI,wrf5,temp,20260830,20260928,"00Z,12Z",D1,3h,-1.357,2.185,2.732,0.773,472
113247,ASHANAKU,CUSCO,QUISPICANCHI,mpas15,temp,20260830,20260928,00Z,D1,3h,-1.071,1.859,2.496,0.877,240
113254,QUINCEMIL,CUSCO,QUISPICANCHI,ecmwf,temp,20260830,20260928,"00Z,12Z",D1,3h,-0.258,1.491,1.949,0.821,480
113254,QUINCEMIL,CUSCO,QUISPICANCHI,gfs,temp,20260830,20260928,"00Z,12Z",D1,3h,-0.314,1.817,2.388,0.758,480
113254,QUINCEMIL,CUSCO,QUISPICANCHI,eta5,temp,20260830,20260928,"00Z,12Z",D1,3h,1.218,2.106,2.578,0.774,389
113254,QUINCEMIL,CUSCO,QUISPICANCHI,wrf5,temp,20260830,20260928,"00Z,12Z",D1,3h,3.14,3.251,3.693,0.845,472
113254,QUINCEMIL,CUSCO,QUISPICANCHI,mpas15,temp,20260830,20260928,00Z,D1,3h,-1.522,2.178,2.766,0.764,240
472A9204,CHILCA,CUSCO,URUBAMBA,ecmwf,temp,20260830,20260928,"00Z,12Z",D1,3h,S/D,S/D,S/D,S/D,0
472A9204,CHILCA,CUSCO,URUBAMBA,gfs,temp,20260830,20260928,"00Z,12Z",D1,3h,S/D,S/D,S/D,S/D,0
472A9204,CHILCA,CUSCO,URUBAMBA,eta5,temp,20260830,20260928,"00Z,12Z",D1,3h,S/D,S/D,S/D,S/D,0
472A9204,CHILCA,CUSCO,URUBAMBA,wrf5,temp,20260830,20260928,"00Z,12Z",D1,3h,S/D,S/D,S/D,S/D,0
472A9204,CHILCA,CUSCO,URUBAMBA,mpas15,temp,20260830,20260928,00Z,D1,3h,S/D,S/D,S/D,S/D,0
4727C11E,HUAYLLABAMBA,CUSCO,URUBAMBA,ecmwf,temp,20260830,20260928,"00Z,12Z",D1,3h,-5.996,6.016,6.489,0.742,472
4727C11E,HUAYLLABAMBA,CUSCO,URUBAMBA,gfs,temp,20260830,20260928,"00Z,12Z",D1,3h,-5.041,5.046,5.558,0.822,472
4727C11E,HUAYLLABAMBA,CUSCO,URUBAMBA,eta5,temp,20260830,20260928,"00Z,12Z",D1,3h,-2.477,2.702,3.165,0.837,384
4727C11E,HUAYLLABAMBA,CUSCO,URUBAMBA,wrf5,temp,20260830,20260928,"00Z,12Z",D1,3h,-6.261,6.264,6.714,0.829,464
4727C11E,HUAYLLABAMBA,CUSCO,URUBAMBA,mpas15,temp,20260830,20260928,00Z,D1,3h,-6.294,6.294,6.709,0.831,236
472935F2,INTIHUATANA H,CUSCO,URUBAMBA,ecmwf,temp,20260830,20260928,"00Z,12Z",D1,3h,S/D,S/D,S/D,S/D,0
472935F2,INTIHUATANA H,CUSCO,URUBAMBA,gfs,temp,20260830,20260928,"00Z,12Z",D1,3h,S/D,S/D,S/D,S/D,0
472935F2,INTIHUATANA H,CUSCO,URUBAMBA,eta5,temp,20260830,20260928,"00Z,12Z",D1,3h,S/D,S/D,S/D,S/D,0
472935F2,INTIHUATANA H,CUSCO,URUBAMBA,wrf5,temp,20260830,20260928,"00Z,12Z",D1,3h,S/D,S/D,S/D,S/D,0
472935F2,INTIHUATANA H,CUSCO,URUBAMBA,mpas15,temp,20260830,20260928,00Z,D1,3h,S/D,S/D,S/D,S/D,0
472852EE,INTIHUATANA M,CUSCO,URUBAMBA,ecmwf,temp,20260830,20260928,"00Z,12Z",D1,3h,-11.938,11.938,12.235,0.708,480
472852EE,INTIHUATANA M,CUSCO,URUBAMBA,gfs,temp,20260830,20260928,"00Z,12Z",D1,3h,-10.97,10.97,11.214,0.825,480
472852EE,INTIHUATANA M,CUSCO,URUBAMBA,eta5,temp,20260830,20260928,"00Z,12Z",D1,3h,-5.764,5.766,6.237,0.753,389
472852EE,INTIHUATANA M,CUSCO,URUBAMBA,wrf5,temp,20260830,20260928,"00Z,12Z",D1,3h,-3.083,3.252,3.784,0.796,472
472852EE,INTIHUATANA M,CUSCO,URUBAMBA,mpas15,temp,20260830,20260928,00Z,D1,3h,-9.824,9.824,10.23,0.719,240
472897F0,MACHUPICCHU,CUSCO,URUBAMBA,ecmwf,temp,20260830,20260928,"00Z,12Z",D1,3h,-8.999,8.999,9.446,0.692,474
472897F0,MACHUPICCHU,CUSCO,URUBAMBA,gfs,temp,20260830,20260928,"00Z,12Z",D1,3h,-8.042,8.042,8.445,0.829,474
472897F0,MACHUPICCHU,CUSCO,URUBAMBA,eta5,temp,20260830,20260928,"00Z,12Z",D1,3h,-2.843,3.003,3.842,0.774,384
472897F0,MACHUPICCHU,CUSCO,URUBAMBA,wrf5,temp,20260830,20260928,"00Z,12Z",D1,3h,-0.155,1.697,2.361,0.838,466
472897F0,MACHUPICCHU,CUSCO,URUBAMBA,mpas15,temp,20260830,20260928,00Z,D1,3h,-6.901,6.901,7.575,0.716,237
4729950A,PACAYMAYO,CUSCO,URUBAMBA,ecmwf,temp,20260830,20260928,"00Z,12Z",D1,3h,-0.763,1.78,2.157,0.763,480
4729950A,PACAYMAYO,CUSCO,URUBAMBA,gfs,temp,20260830,20260928,"00Z,12Z",D1,3h,0.205,1.283,1.605,0.797,480
4729950A,PACAYMAYO,CUSCO,URUBAMBA,eta5,temp,20260830,20260928,"00Z,12Z",D1,3h,2.746,2.776,3.16,0.813,389
4729950A,PACAYMAYO,CUSCO,URUBAMBA,wrf5,temp,20260830,20260928,"00Z,12Z",D1,3h,-0.741,1.587,1.993,0.782,472
4729950A,PACAYMAYO,CUSCO,URUBAMBA,mpas15,temp,20260830,20260928,00Z,D1,3h,-1.017,1.557,1.915,0.844,240
4720CDF8,COCHAMARCA,HUANCAVELICA,CASTROVIRREYNA,ecmwf,temp,20260830,20260928,"00Z,12Z",D1,3h,S/D,S/D,S/D,S/D,0
4720CDF8,COCHAMARCA,HUANCAVELICA,CASTROVIRREYNA,gfs,temp,20260830,20260928,"00Z,12Z",D1,3h,S/D,S/D,S/D,S/D,0
4720CDF8,COCHAMARCA,HUANCAVELICA,CASTROVIRREYNA,eta5,temp,20260830,20260928,"00Z,12Z",D1,3h,S/D,S/D,S/D,S/D,0
4720CDF8,COCHAMARCA,HUANCAVELICA,CASTROVIRREYNA,wrf5,temp,20260830,20260928,"00Z,12Z",D1,3h,S/D,S/D,S/D,S/D,0
4720CDF8,COCHAMARCA,HUANCAVELICA,CASTROVIRREYNA,mpas15,temp,20260830,20260928,00Z,D1,3h,S/D,S/D,S/D,S/D,0
47292684,HUACHOS,HUANCAVELICA,CASTROVIRREYNA,ecmwf,temp,20260830,20260928,"00Z,12Z",D1,3h,-5.884,5.884,6.26,0.845,478
47292684,HUACHOS,HUANCAVELICA,CASTROVIRREYNA,gfs,temp,20260830,20260928,"00Z,12Z",D1,3h,-4.773,4.778,5.4,0.812,478
47292684,HUACHOS,HUANCAVELICA,CASTROVIRREYNA,eta5,temp,20260830,20260928,"00Z,12Z",D1,3h,-3.664,3.667,3.99,0.859,388
47292684,HUACHOS,HUANCAVELICA,CASTROVIRREYNA,wrf5,temp,20260830,20260928,"00Z,12Z",D1,3h,-3.899,4.059,4.92,0.785,470
47292684,HUACHOS,HUANCAVELICA,CASTROVIRREYNA,mpas15,temp,20260830,20260928,00Z,D1,3h,-5.681,5.681,6.304,0.854,239
472722EC,HUANCAVELICA,HUANCAVELICA,HUANCAVELICA,ecmwf,temp,20260830,20260928,"00Z,12Z",D1,3h,-4.562,4.607,4.916,0.893,480
472722EC,HUANCAVELICA,HUANCAVELICA,HUANCAVELICA,gfs,temp,20260830,20260928,"00Z,12Z",D1,3h,-3.665,3.785,4.325,0.848,480
472722EC,HUANCAVELICA,HUANCAVELICA,HUANCAVELICA,eta5,temp,20260830,20260928,"00Z,12Z",D1,3h,-2.968,3.166,3.537,0.877,389
472722EC,HUANCAVELICA,HUANCAVELICA,HUANCAVELICA,wrf5,temp,20260830,20260928,"00Z,12Z",D1,3h,-1.822,2.213,2.716,0.889,472
472722EC,HUANCAVELICA,HUANCAVELICA,HUANCAVELICA,mpas15,temp,20260830,20260928,00Z,D1,3h,-4.924,4.972,5.385,0.889,240
47284198,CHALLACA,HUANCAVELICA,HUAYTARA,ecmwf,temp,20260830,20260928,"00Z,12Z",D1,3h,-2.404,2.622,3.029,0.896,236
47284198,CHALLACA,HUANCAVELICA,HUAYTARA,gfs,temp,20260830,20260928,"00Z,12Z",D1,3h,-2.224,2.629,3.045,0.874,236
47284198,CHALLACA,HUANCAVELICA,HUAYTARA,eta5,temp,20260830,20260928,"00Z,12Z",D1,3h,-4.063,4.127,4.497,0.845,170
47284198,CHALLACA,HUANCAVELICA,HUAYTARA,wrf5,temp,20260830,20260928,"00Z,12Z",D1,3h,-2.288,2.991,3.74,0.746,236
47284198,CHALLACA,HUANCAVELICA,HUAYTARA,mpas15,temp,20260830,20260928,00Z,D1,3h,-5.953,5.979,6.532,0.825,118
472811E4,CHALLACA M,HUANCAVELICA,HUAYTARA,ecmwf,temp,20260830,20260928,"00Z,12Z",D1,3h,-2.226,2.478,3.137,0.911,478
472811E4,CHALLACA M,HUANCAVELICA,HUAYTARA,gfs,temp,20260830,20260928,"00Z,12Z",D1,3h,-2.222,2.604,3.295,0.902,478
472811E4,CHALLACA M,HUANCAVELICA,HUAYTARA,eta5,temp,20260830,20260928,"00Z,12Z",D1,3h,-3.838,3.851,4.123,0.898,387
472811E4,CHALLACA M,HUANCAVELICA,HUAYTARA,wrf5,temp,20260830,20260928,"00Z,12Z",D1,3h,-1.758,2.583,3.258,0.841,470
472811E4,CHALLACA M,HUANCAVELICA,HUAYTARA,mpas15,temp,20260830,20260928,00Z,D1,3h,-5.772,5.783,6.59,0.878,239
4728F216,CORDOVA,HUANCAVELICA,HUAYTARA,ecmwf,temp,20260830,20260928,"00Z,12Z",D1,3h,-0.85,1.278,1.651,0.825,472
4728F216,CORDOVA,HUANCAVELICA,HUAYTARA,gfs,temp,20260830,20260928,"00Z,12Z",D1,3h,0.527,1.206,1.429,0.84,472
4728F216,CORDOVA,HUANCAVELICA,HUAYTARA,eta5,temp,20260830,20260928,"00Z,12Z",D1,3h,-0.117,1.937,2.301,0.812,383
4728F216,CORDOVA,HUANCAVELICA,HUAYTARA,wrf5,temp,20260830,20260928,"00Z,12Z",D1,3h,-1.063,1.365,1.696,0.847,464
4728F216,CORDOVA,HUANCAVELICA,HUAYTARA,mpas15,temp,20260830,20260928,00Z,D1,3h,0.242,1.266,1.54,0.814,236
4728C78C,CUSICANCHA,HUANCAVELICA,HUAYTARA,ecmwf,temp,20260830,20260928,"00Z,12Z",D1,3h,-6.244,6.244,6.547,0.855,474
4728C78C,CUSICANCHA,HUANCAVELICA,HUAYTARA,gfs,temp,20260830,20260928,"00Z,12Z",D1,3h,-4.421,4.422,5.04,0.773,474
4728C78C,CUSICANCHA,HUANCAVELICA,HUAYTARA,eta5,temp,20260830,20260928,"00Z,12Z",D1,3h,-3.674,3.754,4.132,0.836,385
4728C78C,CUSICANCHA,HUANCAVELICA,HUAYTARA,wrf5,temp,20260830,20260928,"00Z,12Z",D1,3h,-1.773,2.135,2.714,0.813,466
4728C78C,CUSICANCHA,HUANCAVELICA,HUAYTARA,mpas15,temp,20260830,20260928,00Z,D1,3h,-4.453,4.453,4.871,0.878,237
213507,RAMADILLAS,HUANCAVELICA,HUAYTARA,ecmwf,temp,20260830,20260928,"00Z,12Z",D1,3h,S/D,S/D,S/D,S/D,0
213507,RAMADILLAS,HUANCAVELICA,HUAYTARA,gfs,temp,20260830,20260928,"00Z,12Z",D1,3h,S/D,S/D,S/D,S/D,0
213507,RAMADILLAS,HUANCAVELICA,HUAYTARA,eta5,temp,20260830,20260928,"00Z,12Z",D1,3h,S/D,S/D,S/D,S/D,0
213507,RAMADILLAS,HUANCAVELICA,HUAYTARA,wrf5,temp,20260830,20260928,"00Z,12Z",D1,3h,S/D,S/D,S/D,S/D,0
213507,RAMADILLAS,HUANCAVELICA,HUAYTARA,mpas15,temp,20260830,20260928,00Z,D1,3h,S/D,S/D,S/D,S/D,0
4729131E,SANTIAGO DE CHOCORVOS,HUANCAVELICA,HUAYTARA,ecmwf,temp,20260830,20260928,"00Z,12Z",D1,3h,-7.328,7.328,7.545,0.852,476
4729131E,SANTIAGO DE CHOCORVOS,HUANCAVELICA,HUAYTARA,gfs,temp,20260830,20260928,"00Z,12Z",D1,3h,-6.584,6.584,6.795,0.833,476
4729131E,SANTIAGO DE CHOCORVOS,HUANCAVELICA,HUAYTARA,eta5,temp,20260830,20260928,"00Z,12Z",D1,3h,-5.764,5.764,6.032,0.835,386
4729131E,SANTIAGO DE CHOCORVOS,HUANCAVELICA,HUAYTARA,wrf5,temp,20260830,20260928,"00Z,12Z",D1,3h,-5.544,5.544,5.78,0.789,468
4729131E,SANTIAGO DE CHOCORVOS,HUANCAVELICA,HUAYTARA,mpas15,temp,20260830,20260928,00Z,D1,3h,-7.126,7.126,7.385,0.85,238
112269,COCHABAMBA GRANDE,HUANCAVELICA,TAYACAJA,ecmwf,temp,20260830,20260928,"00Z,12Z",D1,3h,-5.188,5.188,5.457,0.787,192
112269,COCHABAMBA GRANDE,HUANCAVELICA,TAYACAJA,gfs,temp,20260830,20260928,"00Z,12Z",D1,3h,-2.217,2.35,2.789,0.764,192
112269,COCHABAMBA GRANDE,HUANCAVELICA,TAYACAJA,eta5,temp,20260830,20260928,"00Z,12Z",D1,3h,-1.606,1.792,2.172,0.831,125
112269,COCHABAMBA GRANDE,HUANCAVELICA,TAYACAJA,wrf5,temp,20260830,20260928,"00Z,12Z",D1,3h,-2.666,2.713,3.023,0.855,192
112269,COCHABAMBA GRANDE,HUANCAVELICA,TAYACAJA,mpas15,temp,20260830,20260928,00Z,D1,3h,-0.412,1.308,1.896,0.846,96
110146,QUISCA,HUANUCO,AMBO,ecmwf,temp,20260830,20260928,"00Z,12Z",D1,3h,-6.259,6.259,6.446,0.879,254
110146,QUISCA,HUANUCO,AMBO,gfs,temp,20260830,20260928,"00Z,12Z",D1,3h,-7.607,7.607,7.797,0.856,254
110146,QUISCA,HUANUCO,AMBO,eta5,temp,20260830,20260928,"00Z,12Z",D1,3h,-4.061,4.112,4.334,0.894,210
110146,QUISCA,HUANUCO,AMBO,wrf5,temp,20260830,20260928,"00Z,12Z",D1,3h,-1.38,1.85,2.117,0.918,249
110146,QUISCA,HUANUCO,AMBO,mpas15,temp,20260830,20260928,00Z,D1,3h,-9.695,9.695,9.992,0.841,127
47E845FC,CACHICOTO,HUANUCO,HUAMALIES,ecmwf,temp,20260830,20260928,"00Z,12Z",D1,3h,-4.433,4.56,5.122,0.792,480
47E845FC,CACHICOTO,HUANUCO,HUAMALIES,gfs,temp,20260830,20260928,"00Z,12Z",D1,3h,-5.093,5.275,5.928,0.725,480
47E845FC,CACHICOTO,HUANUCO,HUAMALIES,eta5,temp,20260830,20260928,"00Z,12Z",D1,3h,-0.291,2.129,2.677,0.742,389
47E845FC,CACHICOTO,HUANUCO,HUAMALIES,wrf5,temp,20260830,20260928,"00Z,12Z",D1,3h,0.612,1.962,2.486,0.764,472
47E845FC,CACHICOTO,HUANUCO,HUAMALIES,mpas15,temp,20260830,20260928,00Z,D1,3h,-4.587,4.679,5.45,0.679,240
4720EB14,SAN MARTIN,HUANUCO,HUAMALIES,ecmwf,temp,20260830,20260928,"00Z,12Z",D1,3h,-1.752,2.97,3.448,0.819,480
4720EB14,SAN MARTIN,HUANUCO,HUAMALIES,gfs,temp,20260830,20260928,"00Z,12Z",D1,3h,-2.687,3.159,3.835,0.747,480
4720EB14,SAN MARTIN,HUANUCO,HUAMALIES,eta5,temp,20260830,20260928,"00Z,12Z",D1,3h,6.533,6.533,7.112,0.84,389
4720EB14,SAN MARTIN,HUANUCO,HUAMALIES,wrf5,temp,20260830,20260928,"00Z,12Z",D1,3h,-0.534,2.138,2.612,0.781,472
4720EB14,SAN MARTIN,HUANUCO,HUAMALIES,mpas15,temp,20260830,20260928,00Z,D1,3h,-3.006,3.371,4.099,0.749,240
472D0552,CHINCHAVITO,HUANUCO,HUANUCO,ecmwf,temp,20260830,20260928,"00Z,12Z",D1,3h,S/D,S/D,S/D,S/D,0
472D0552,CHINCHAVITO,HUANUCO,HUANUCO,gfs,temp,20260830,20260928,"00Z,12Z",D1,3h,S/D,S/D,S/D,S/D,0
472D0552,CHINCHAVITO,HUANUCO,HUANUCO,eta5,temp,20260830,20260928,"00Z,12Z",D1,3h,S/D,S/D,S/D,S/D,0
472D0552,CHINCHAVITO,HUANUCO,HUANUCO,wrf5,temp,20260830,20260928,"00Z,12Z",D1,3h,S/D,S/D,S/D,S/D,0
472D0552,CHINCHAVITO,HUANUCO,HUANUCO,mpas15,temp,20260830,20260928,00Z,D1,3h,S/D,S/D,S/D,S/D,0
472B730C,PUENTE TARUCA,HUANUCO,HUANUCO,ecmwf,temp,20260830,20260928,"00Z,12Z",D1,3h,S/D,S/D,S/D,S/D,0
472B730C,PUENTE TARUCA,HUANUCO,HUANUCO,gfs,temp,20260830,20260928,"00Z,12Z",D1,3h,S/D,S/D,S/D,S/D,0
472B730C,PUENTE TARUCA,HUANUCO,HUANUCO,eta5,temp,20260830,20260928,"00Z,12Z",D1,3h,S/D,S/D,S/D,S/D,0
472B730C,PUENTE TARUCA,HUANUCO,HUANUCO,wrf5,temp,20260830,20260928,"00Z,12Z",D1,3h,S/D,S/D,S/D,S/D,0
472B730C,PUENTE TARUCA,HUANUCO,HUANUCO,mpas15,temp,20260830,20260928,00Z,D1,3h,S/D,S/D,S/D,S/D,0
110140,JESUS DE LAURICOCHA,HUANUCO,LAURICOCHA,ecmwf,temp,20260830,20260928,"00Z,12Z",D1,3h,-3.731,3.76,4.192,0.893,480
110140,JESUS DE LAURICOCHA,HUANUCO,LAURICOCHA,gfs,temp,20260830,20260928,"00Z,12Z",D1,3h,-2.978,3.194,3.666,0.867,480
110140,JESUS DE LAURICOCHA,HUANUCO,LAURICOCHA,eta5,temp,20260830,20260928,"00Z,12Z",D1,3h,-3.293,3.445,4.028,0.839,389
110140,JESUS DE LAURICOCHA,HUANUCO,LAURICOCHA,wrf5,temp,20260830,20260928,"00Z,12Z",D1,3h,-1.236,1.916,2.309,0.892,472
110140,JESUS DE LAURICOCHA,HUANUCO,LAURICOCHA,mpas15,temp,20260830,20260928,00Z,D1,3h,-3.899,3.964,4.349,0.905,240
472DA5AA,PUENTE BELLA,HUANUCO,LEONCIO PRADO,ecmwf,temp,20260830,20260928,"00Z,12Z",D1,3h,S/D,S/D,S/D,S/D,0
472DA5AA,PUENTE BELLA,HUANUCO,LEONCIO PRADO,gfs,temp,20260830,20260928,"00Z,12Z",D1,3h,S/D,S/D,S/D,S/D,0
472DA5AA,PUENTE BELLA,HUANUCO,LEONCIO PRADO,eta5,temp,20260830,20260928,"00Z,12Z",D1,3h,S/D,S/D,S/D,S/D,0
472DA5AA,PUENTE BELLA,HUANUCO,LEONCIO PRADO,wrf5,temp,20260830,20260928,"00Z,12Z",D1,3h,S/D,S/D,S/D,S/D,0
472DA5AA,PUENTE BELLA,HUANUCO,LEONCIO PRADO,mpas15,temp,20260830,20260928,00Z,D1,3h,S/D,S/D,S/D,S/D,0
47270400,TINGO MARIA,HUANUCO,LEONCIO PRADO,ecmwf,temp,20260830,20260928,"00Z,12Z",D1,3h,-1.912,2.27,2.623,0.876,478
47270400,TINGO MARIA,HUANUCO,LEONCIO PRADO,gfs,temp,20260830,20260928,"00Z,12Z",D1,3h,-3.303,3.755,4.23,0.838,478
47270400,TINGO MARIA,HUANUCO,LEONCIO PRADO,eta5,temp,20260830,20260928,"00Z,12Z",D1,3h,0.529,1.762,2.279,0.813,387
47270400,TINGO MARIA,HUANUCO,LEONCIO PRADO,wrf5,temp,20260830,20260928,"00Z,12Z",D1,3h,-0.294,1.588,2.117,0.827,470
47270400,TINGO MARIA,HUANUCO,LEONCIO PRADO,mpas15,temp,20260830,20260928,00Z,D1,3h,-5.515,5.539,6.024,0.762,239
4727A4F8,PUERTO INCA,HUANUCO,PUERTO INCA,ecmwf,temp,20260830,20260928,"00Z,12Z",D1,3h,-0.616,1.318,1.79,0.874,478
4727A4F8,PUERTO INCA,HUANUCO,PUERTO INCA,gfs,temp,20260830,20260928,"00Z,12Z",D1,3h,-0.403,1.918,2.465,0.886,478
4727A4F8,PUERTO INCA,HUANUCO,PUERTO INCA,eta5,temp,20260830,20260928,"00Z,12Z",D1,3h,2.292,2.745,3.512,0.791,387
4727A4F8,PUERTO INCA,HUANUCO,PUERTO INCA,wrf5,temp,20260830,20260928,"00Z,12Z",D1,3h,0.123,1.421,2.06,0.871,470
4727A4F8,PUERTO INCA,HUANUCO,PUERTO INCA,mpas15,temp,20260830,20260928,00Z,D1,3h,-1.056,1.694,2.351,0.868,239
109094,PUCA PUCA,HUANUCO,YAROWILCA,ecmwf,temp,20260830,20260928,"00Z,12Z",D1,3h,-1.995,2.397,2.765,0.891,470
109094,PUCA PUCA,HUANUCO,YAROWILCA,gfs,temp,20260830,20260928,"00Z,12Z",D1,3h,-0.951,1.836,2.202,0.817,470
109094,PUCA PUCA,HUANUCO,YAROWILCA,eta5,temp,20260830,20260928,"00Z,12Z",D1,3h,-2.332,2.949,3.452,0.816,381
109094,PUCA PUCA,HUANUCO,YAROWILCA,wrf5,temp,20260830,20260928,"00Z,12Z",D1,3h,-0.521,1.537,1.864,0.885,462
109094,PUCA PUCA,HUANUCO,YAROWILCA,mpas15,temp,20260830,20260928,00Z,D1,3h,-2.633,2.798,3.198,0.891,235
4728A26A,CONTA M,ICA,CHINCHA,ecmwf,temp,20260830,20260928,"00Z,12Z",D1,3h,-0.728,1.551,1.831,0.838,442
4728A26A,CONTA M,ICA,CHINCHA,gfs,temp,20260830,20260928,"00Z,12Z",D1,3h,-0.927,1.687,2.024,0.79,442
4728A26A,CONTA M,ICA,CHINCHA,eta5,temp,20260830,20260928,"00Z,12Z",D1,3h,-0.296,1.915,2.331,0.756,356
4728A26A,CONTA M,ICA,CHINCHA,wrf5,temp,20260830,20260928,"00Z,12Z",D1,3h,-1.187,1.826,2.149,0.798,435
4728A26A,CONTA M,ICA,CHINCHA,mpas15,temp,20260830,20260928,00Z,D1,3h,-1.646,2.154,2.587,0.745,221
4728B11C,FONAGRO,ICA,CHINCHA,ecmwf,temp,20260830,20260928,"00Z,12Z",D1,3h,-1.126,1.878,2.524,0.495,476
4728B11C,FONAGRO,ICA,CHINCHA,gfs,temp,20260830,20260928,"00Z,12Z",D1,3h,-3.317,3.516,4.053,0.585,476
4728B11C,FONAGRO,ICA,CHINCHA,eta5,temp,20260830,20260928,"00Z,12Z",D1,3h,-1.975,2.391,2.802,0.834,387
4728B11C,FONAGRO,ICA,CHINCHA,wrf5,temp,20260830,20260928,"00Z,12Z",D1,3h,-1.625,1.883,2.236,0.778,468
4728B11C,FONAGRO,ICA,CHINCHA,mpas15,temp,20260830,20260928,00Z,D1,3h,-2.045,2.311,2.642,0.783,238
4728E160,SAN PEDRO DE HUACARPANA,ICA,CHINCHA,ecmwf,temp,20260830,20260928,"00Z,12Z",D1,3h,-1.654,1.972,2.513,0.854,464
4728E160,SAN PEDRO DE HUACARPANA,ICA,CHINCHA,gfs,temp,20260830,20260928,"00Z,12Z",D1,3h,1.508,1.702,1.982,0.857,464
4728E160,SAN PEDRO DE HUACARPANA,ICA,CHINCHA,eta5,temp,20260830,20260928,"00Z,12Z",D1,3h,0.456,1.912,2.362,0.84,376
4728E160,SAN PEDRO DE HUACARPANA,ICA,CHINCHA,wrf5,temp,20260830,20260928,"00Z,12Z",D1,3h,1.115,1.369,1.745,0.85,456
4728E160,SAN PEDRO DE HUACARPANA,ICA,CHINCHA,mpas15,temp,20260830,20260928,00Z,D1,3h,-0.628,1.234,1.528,0.858,232
472A446C,BETA SANTIAGO,ICA,ICA,ecmwf,temp,20260830,20260928,"00Z,12Z",D1,3h,0.704,1.566,2.043,0.883,462
472A446C,BETA SANTIAGO,ICA,ICA,gfs,temp,20260830,20260928,"00Z,12Z",D1,3h,1.182,1.991,2.619,0.834,462
472A446C,BETA SANTIAGO,ICA,ICA,eta5,temp,20260830,20260928,"00Z,12Z",D1,3h,3.447,3.987,4.867,0.866,374
472A446C,BETA SANTIAGO,ICA,ICA,wrf5,temp,20260830,20260928,"00Z,12Z",D1,3h,-1.068,3.088,3.678,0.811,454
472A446C,BETA SANTIAGO,ICA,ICA,mpas15,temp,20260830,20260928,00Z,D1,3h,-0.651,2.389,2.871,0.829,231
213503,HUAMANI EL TAMBO,ICA,ICA,ecmwf,temp,20260830,20260928,"00Z,12Z",D1,3h,-1.239,2.683,3.396,0.648,470
213503,HUAMANI EL TAMBO,ICA,ICA,gfs,temp,20260830,20260928,"00Z,12Z",D1,3h,-1.224,2.751,3.382,0.594,470
213503,HUAMANI EL TAMBO,ICA,ICA,eta5,temp,20260830,20260928,"00Z,12Z",D1,3h,1.838,2.807,3.707,0.64,379
213503,HUAMANI EL TAMBO,ICA,ICA,wrf5,temp,20260830,20260928,"00Z,12Z",D1,3h,0.84,2.477,2.964,0.617,462
213503,HUAMANI EL TAMBO,ICA,ICA,mpas15,temp,20260830,20260928,00Z,D1,3h,-1.3,2.676,3.294,0.613,235
213506,LOS MOLINOS,ICA,ICA,ecmwf,temp,20260830,20260928,"00Z,12Z",D1,3h,S/D,S/D,S/D,S/D,0
213506,LOS MOLINOS,ICA,ICA,gfs,temp,20260830,20260928,"00Z,12Z",D1,3h,S/D,S/D,S/D,S/D,0
213506,LOS MOLINOS,ICA,ICA,eta5,temp,20260830,20260928,"00Z,12Z",D1,3h,S/D,S/D,S/D,S/D,0
213506,LOS MOLINOS,ICA,ICA,wrf5,temp,20260830,20260928,"00Z,12Z",D1,3h,S/D,S/D,S/D,S/D,0
213506,LOS MOLINOS,ICA,ICA,mpas15,temp,20260830,20260928,00Z,D1,3h,S/D,S/D,S/D,S/D,0
114139,COPARA,ICA,NASCA,ecmwf,temp,20260830,20260928,"00Z,12Z",D1,3h,-0.925,1.964,2.784,0.881,232
114139,COPARA,ICA,NASCA,gfs,temp,20260830,20260928,"00Z,12Z",D1,3h,0.783,2.1,2.555,0.824,232
114139,COPARA,ICA,NASCA,eta5,temp,20260830,20260928,"00Z,12Z",D1,3h,1.944,2.302,2.813,0.841,201
114139,COPARA,ICA,NASCA,wrf5,temp,20260830,20260928,"00Z,12Z",D1,3h,0.745,1.821,2.213,0.879,227
114139,COPARA,ICA,NASCA,mpas15,temp,20260830,20260928,00Z,D1,3h,-0.614,2.315,2.845,0.798,116
114136,PALPA,ICA,PALPA,ecmwf,temp,20260830,20260928,"00Z,12Z",D1,3h,-2.04,2.434,2.888,0.902,480
114136,PALPA,ICA,PALPA,gfs,temp,20260830,20260928,"00Z,12Z",D1,3h,-1.637,2.612,3.155,0.841,480
114136,PALPA,ICA,PALPA,eta5,temp,20260830,20260928,"00Z,12Z",D1,3h,0.106,2.128,2.644,0.885,389
114136,PALPA,ICA,PALPA,wrf5,temp,20260830,20260928,"00Z,12Z",D1,3h,-0.78,2.256,2.687,0.875,472
114136,PALPA,ICA,PALPA,mpas15,temp,20260830,20260928,00Z,D1,3h,-2.795,3.331,3.898,0.833,240
114140,PAMPA BLANCA,ICA,PALPA,ecmwf,temp,20260830,20260928,"00Z,12Z",D1,3h,-2.813,3.635,4.435,0.63,374
114140,PAMPA BLANCA,ICA,PALPA,gfs,temp,20260830,20260928,"00Z,12Z",D1,3h,-3.66,4.294,5.086,0.614,374
114140,PAMPA BLANCA,ICA,PALPA,eta5,temp,20260830,20260928,"00Z,12Z",D1,3h,-1.023,2.939,3.638,0.744,300
114140,PAMPA BLANCA,ICA,PALPA,wrf5,temp,20260830,20260928,"00Z,12Z",D1,3h,1.166,2.906,3.539,0.649,366
114140,PAMPA BLANCA,ICA,PALPA,mpas15,temp,20260830,20260928,00Z,D1,3h,-4.092,4.519,5.335,0.668,187
213403,LETRAYOC,ICA,PISCO,ecmwf,temp,20260830,20260928,"00Z,12Z",D1,3h,S/D,S/D,S/D,S/D,0
213403,LETRAYOC,ICA,PISCO,gfs,temp,20260830,20260928,"00Z,12Z",D1,3h,S/D,S/D,S/D,S/D,0
213403,LETRAYOC,ICA,PISCO,eta5,temp,20260830,20260928,"00Z,12Z",D1,3h,S/D,S/D,S/D,S/D,0
213403,LETRAYOC,ICA,PISCO,wrf5,temp,20260830,20260928,"00Z,12Z",D1,3h,S/D,S/D,S/D,S/D,0
213403,LETRAYOC,ICA,PISCO,mpas15,temp,20260830,20260928,00Z,D1,3h,S/D,S/D,S/D,S/D,0
472DF5D6,HUAYTAPALLANA,JUNIN,HUANCAYO,ecmwf,temp,20260830,20260928,"00Z,12Z",D1,3h,1.13,1.674,2.137,0.787,476
472DF5D6,HUAYTAPALLANA,JUNIN,HUANCAYO,gfs,temp,20260830,20260928,"00Z,12Z",D1,3h,2.573,2.693,3.043,0.779,476
472DF5D6,HUAYTAPALLANA,JUNIN,HUANCAYO,eta5,temp,20260830,20260928,"00Z,12Z",D1,3h,0.395,1.578,1.968,0.83,385
472DF5D6,HUAYTAPALLANA,JUNIN,HUANCAYO,wrf5,temp,20260830,20260928,"00Z,12Z",D1,3h,0.213,1.231,1.6,0.819,468
472DF5D6,HUAYTAPALLANA,JUNIN,HUANCAYO,mpas15,temp,20260830,20260928,00Z,D1,3h,1.382,1.663,2.108,0.817,238
111288,CHACAPALPA,JUNIN,JAUJA,ecmwf,temp,20260830,20260928,"00Z,12Z",D1,3h,-1.206,2.474,2.998,0.84,472
111288,CHACAPALPA,JUNIN,JAUJA,gfs,temp,20260830,20260928,"00Z,12Z",D1,3h,-0.702,2.237,2.828,0.78,472
111288,CHACAPALPA,JUNIN,JAUJA,eta5,temp,20260830,20260928,"00Z,12Z",D1,3h,1.08,2.411,3.153,0.815,381
111288,CHACAPALPA,JUNIN,JAUJA,wrf5,temp,20260830,20260928,"00Z,12Z",D1,3h,0.529,2.104,2.717,0.829,464
111288,CHACAPALPA,JUNIN,JAUJA,mpas15,temp,20260830,20260928,00Z,D1,3h,-2.642,3.213,3.711,0.813,236
111299,POTSOTENI,JUNIN,SATIPO,ecmwf,temp,20260830,20260928,"00Z,12Z",D1,3h,-5.143,5.174,5.942,0.835,480
111299,POTSOTENI,JUNIN,SATIPO,gfs,temp,20260830,20260928,"00Z,12Z",D1,3h,-3.872,4.276,4.971,0.812,480
111299,POTSOTENI,JUNIN,SATIPO,eta5,temp,20260830,20260928,"00Z,12Z",D1,3h,1.633,2.8,3.539,0.776,389
111299,POTSOTENI,JUNIN,SATIPO,wrf5,temp,20260830,20260928,"00Z,12Z",D1,3h,1.804,2.577,3.309,0.814,472
111299,POTSOTENI,JUNIN,SATIPO,mpas15,temp,20260830,20260928,00Z,D1,3h,-4.431,4.556,5.427,0.797,240
4725C4EA,SATIPO,JUNIN,SATIPO,ecmwf,temp,20260830,20260928,"00Z,12Z",D1,3h,-2.396,2.544,3.047,0.906,478
4725C4EA,SATIPO,JUNIN,SATIPO,gfs,temp,20260830,20260928,"00Z,12Z",D1,3h,-1.941,2.724,3.376,0.847,478
4725C4EA,SATIPO,JUNIN,SATIPO,eta5,temp,20260830,20260928,"00Z,12Z",D1,3h,2.464,3.104,3.771,0.783,388
4725C4EA,SATIPO,JUNIN,SATIPO,wrf5,temp,20260830,20260928,"00Z,12Z",D1,3h,1.645,2.325,2.881,0.848,470
4725C4EA,SATIPO,JUNIN,SATIPO,mpas15,temp,20260830,20260928,00Z,D1,3h,-3.683,3.782,4.646,0.816,239
47257764,TARMA,JUNIN,TARMA,ecmwf,temp,20260830,20260928,"00Z,12Z",D1,3h,-7.192,7.192,7.407,0.896,472
47257764,TARMA,JUNIN,TARMA,gfs,temp,20260830,20260928,"00Z,12Z",D1,3h,-5.555,5.563,6.112,0.815,472
47257764,TARMA,JUNIN,TARMA,eta5,temp,20260830,20260928,"00Z,12Z",D1,3h,-4.864,4.894,5.306,0.848,384
47257764,TARMA,JUNIN,TARMA,wrf5,temp,20260830,20260928,"00Z,12Z",D1,3h,-1.002,1.841,2.21,0.881,464
47257764,TARMA,JUNIN,TARMA,mpas15,temp,20260830,20260928,00Z,D1,3h,-7.226,7.23,7.661,0.893,236
472D9030,MARCAPOMACOCHA,JUNIN,YAULI,ecmwf,temp,20260830,20260928,"00Z,12Z",D1,3h,-2.385,2.642,3.129,0.879,480
472D9030,MARCAPOMACOCHA,JUNIN,YAULI,gfs,temp,20260830,20260928,"00Z,12Z",D1,3h,-0.613,1.798,2.39,0.823,480
472D9030,MARCAPOMACOCHA,JUNIN,YAULI,eta5,temp,20260830,20260928,"00Z,12Z",D1,3h,-1.078,1.944,2.356,0.828,389
472D9030,MARCAPOMACOCHA,JUNIN,YAULI,wrf5,temp,20260830,20260928,"00Z,12Z",D1,3h,0.179,1.567,2.062,0.874,472
472D9030,MARCAPOMACOCHA,JUNIN,YAULI,mpas15,temp,20260830,20260928,00Z,D1,3h,-1.935,2.256,2.662,0.902,240
472D30C8,CASAGRANDE,LA LIBERTAD,ASCOPE,ecmwf,temp,20260830,20260928,"00Z,12Z",D1,3h,0.834,1.134,1.467,0.904,474
472D30C8,CASAGRANDE,LA LIBERTAD,ASCOPE,gfs,temp,20260830,20260928,"00Z,12Z",D1,3h,0.067,0.999,1.247,0.894,474
472D30C8,CASAGRANDE,LA LIBERTAD,ASCOPE,eta5,temp,20260830,20260928,"00Z,12Z",D1,3h,-0.1,1.6,1.942,0.835,383
472D30C8,CASAGRANDE,LA LIBERTAD,ASCOPE,wrf5,temp,20260830,20260928,"00Z,12Z",D1,3h,-0.28,1.389,1.687,0.836,466
472D30C8,CASAGRANDE,LA LIBERTAD,ASCOPE,mpas15,temp,20260830,20260928,00Z,D1,3h,-1.076,1.457,1.671,0.889,237
211001,SALINAR,LA LIBERTAD,ASCOPE,ecmwf,temp,20260830,20260928,"00Z,12Z",D1,3h,S/D,S/D,S/D,S/D,0
211001,SALINAR,LA LIBERTAD,ASCOPE,gfs,temp,20260830,20260928,"00Z,12Z",D1,3h,S/D,S/D,S/D,S/D,0
211001,SALINAR,LA LIBERTAD,ASCOPE,eta5,temp,20260830,20260928,"00Z,12Z",D1,3h,S/D,S/D,S/D,S/D,0
211001,SALINAR,LA LIBERTAD,ASCOPE,wrf5,temp,20260830,20260928,"00Z,12Z",D1,3h,S/D,S/D,S/D,S/D,0
211001,SALINAR,LA LIBERTAD,ASCOPE,mpas15,temp,20260830,20260928,00Z,D1,3h,S/D,S/D,S/D,S/D,0
472EA2A4,CASCAS,LA LIBERTAD,GRAN CHIMU,ecmwf,temp,20260830,20260928,"00Z,12Z",D1,3h,-2.894,3.055,3.499,0.814,480
472EA2A4,CASCAS,LA LIBERTAD,GRAN CHIMU,gfs,temp,20260830,20260928,"00Z,12Z",D1,3h,-1.147,2.011,2.514,0.715,480
472EA2A4,CASCAS,LA LIBERTAD,GRAN CHIMU,eta5,temp,20260830,20260928,"00Z,12Z",D1,3h,-0.257,1.555,1.997,0.835,389
472EA2A4,CASCAS,LA LIBERTAD,GRAN CHIMU,wrf5,temp,20260830,20260928,"00Z,12Z",D1,3h,-0.495,1.449,1.855,0.83,472
472EA2A4,CASCAS,LA LIBERTAD,GRAN CHIMU,mpas15,temp,20260830,20260928,00Z,D1,3h,-2.801,3.07,3.411,0.81,240
47E0A2A8,EL TAMBO,LA LIBERTAD,GRAN CHIMU,ecmwf,temp,20260830,20260928,"00Z,12Z",D1,3h,-6.195,6.203,6.869,0.699,478
47E0A2A8,EL TAMBO,LA LIBERTAD,GRAN CHIMU,gfs,temp,20260830,20260928,"00Z,12Z",D1,3h,-4.457,4.581,5.436,0.623,478
47E0A2A8,EL TAMBO,LA LIBERTAD,GRAN CHIMU,eta5,temp,20260830,20260928,"00Z,12Z",D1,3h,-1.387,2.049,2.449,0.874,387
47E0A2A8,EL TAMBO,LA LIBERTAD,GRAN CHIMU,wrf5,temp,20260830,20260928,"00Z,12Z",D1,3h,-1.274,2.006,2.451,0.863,470
47E0A2A8,EL TAMBO,LA LIBERTAD,GRAN CHIMU,mpas15,temp,20260830,20260928,00Z,D1,3h,-7.04,7.086,7.612,0.692,239
472D552E,LUCMA,LA LIBERTAD,GRAN CHIMU,ecmwf,temp,20260830,20260928,"00Z,12Z",D1,3h,-2.403,3.059,3.57,0.856,480
472D552E,LUCMA,LA LIBERTAD,GRAN CHIMU,gfs,temp,20260830,20260928,"00Z,12Z",D1,3h,-2.765,3.062,3.498,0.816,480
472D552E,LUCMA,LA LIBERTAD,GRAN CHIMU,eta5,temp,20260830,20260928,"00Z,12Z",D1,3h,-3.327,3.396,3.827,0.822,389
472D552E,LUCMA,LA LIBERTAD,GRAN CHIMU,wrf5,temp,20260830,20260928,"00Z,12Z",D1,3h,-2.857,2.918,3.249,0.816,472
472D552E,LUCMA,LA LIBERTAD,GRAN CHIMU,mpas15,temp,20260830,20260928,00Z,D1,3h,-3.326,3.393,3.774,0.862,240
472CC2B6,MARMOT,LA LIBERTAD,GRAN CHIMU,ecmwf,temp,20260830,20260928,"00Z,12Z",D1,3h,0.155,1.082,1.371,0.861,480
472CC2B6,MARMOT,LA LIBERTAD,GRAN CHIMU,gfs,temp,20260830,20260928,"00Z,12Z",D1,3h,3.497,3.509,3.704,0.852,480
472CC2B6,MARMOT,LA LIBERTAD,GRAN CHIMU,eta5,temp,20260830,20260928,"00Z,12Z",D1,3h,0.389,1.5,1.86,0.812,389
472CC2B6,MARMOT,LA LIBERTAD,GRAN CHIMU,wrf5,temp,20260830,20260928,"00Z,12Z",D1,3h,-3.145,3.149,3.341,0.846,472
472CC2B6,MARMOT,LA LIBERTAD,GRAN CHIMU,mpas15,temp,20260830,20260928,00Z,D1,3h,2.09,2.231,2.655,0.83,240
472E5220,PUENTE PALMIRA,LA LIBERTAD,GRAN CHIMU,ecmwf,temp,20260830,20260928,"00Z,12Z",D1,3h,-5.007,5.039,5.714,0.689,480
472E5220,PUENTE PALMIRA,LA LIBERTAD,GRAN CHIMU,gfs,temp,20260830,20260928,"00Z,12Z",D1,3h,-3.261,3.542,4.373,0.618,480
472E5220,PUENTE PALMIRA,LA LIBERTAD,GRAN CHIMU,eta5,temp,20260830,20260928,"00Z,12Z",D1,3h,0.63,1.649,2.258,0.858,389
472E5220,PUENTE PALMIRA,LA LIBERTAD,GRAN CHIMU,wrf5,temp,20260830,20260928,"00Z,12Z",D1,3h,-0.766,1.836,2.309,0.819,472
472E5220,PUENTE PALMIRA,LA LIBERTAD,GRAN CHIMU,mpas15,temp,20260830,20260928,00Z,D1,3h,-4.523,4.665,5.214,0.744,240
472D8346,CALLANCAS,LA LIBERTAD,OTUZCO,ecmwf,temp,20260830,20260928,"00Z,12Z",D1,3h,-6.12,6.138,6.563,0.884,480
472D8346,CALLANCAS,LA LIBERTAD,OTUZCO,gfs,temp,20260830,20260928,"00Z,12Z",D1,3h,-6.481,6.483,6.831,0.814,480
472D8346,CALLANCAS,LA LIBERTAD,OTUZCO,eta5,temp,20260830,20260928,"00Z,12Z",D1,3h,-1.485,2.11,2.638,0.885,389
472D8346,CALLANCAS,LA LIBERTAD,OTUZCO,wrf5,temp,20260830,20260928,"00Z,12Z",D1,3h,0.492,1.536,1.931,0.862,472
472D8346,CALLANCAS,LA LIBERTAD,OTUZCO,mpas15,temp,20260830,20260928,00Z,D1,3h,-8.019,8.019,8.188,0.89,240
472EB1D2,CAPACHIQUE,LA LIBERTAD,OTUZCO,ecmwf,temp,20260830,20260928,"00Z,12Z",D1,3h,-2.058,2.484,2.911,0.824,480
472EB1D2,CAPACHIQUE,LA LIBERTAD,OTUZCO,gfs,temp,20260830,20260928,"00Z,12Z",D1,3h,-1.556,1.941,2.459,0.795,480
472EB1D2,CAPACHIQUE,LA LIBERTAD,OTUZCO,eta5,temp,20260830,20260928,"00Z,12Z",D1,3h,-1.893,2.508,3.12,0.803,389
472EB1D2,CAPACHIQUE,LA LIBERTAD,OTUZCO,wrf5,temp,20260830,20260928,"00Z,12Z",D1,3h,0.061,1.141,1.49,0.803,472
472EB1D2,CAPACHIQUE,LA LIBERTAD,OTUZCO,mpas15,temp,20260830,20260928,00Z,D1,3h,-4.551,4.551,4.903,0.825,240
107131,LA FORTUNA,LA LIBERTAD,OTUZCO,ecmwf,temp,20260830,20260928,"00Z,12Z",D1,3h,3.843,3.944,4.935,0.801,478
107131,LA FORTUNA,LA LIBERTAD,OTUZCO,gfs,temp,20260830,20260928,"00Z,12Z",D1,3h,3.489,3.502,4.132,0.805,478
107131,LA FORTUNA,LA LIBERTAD,OTUZCO,eta5,temp,20260830,20260928,"00Z,12Z",D1,3h,-4.061,4.064,4.466,0.808,387
107131,LA FORTUNA,LA LIBERTAD,OTUZCO,wrf5,temp,20260830,20260928,"00Z,12Z",D1,3h,0.077,1.49,1.861,0.69,470
107131,LA FORTUNA,LA LIBERTAD,OTUZCO,mpas15,temp,20260830,20260928,00Z,D1,3h,0.274,1.57,1.901,0.839,239
472E74CC,PUENTE COINA,LA LIBERTAD,OTUZCO,ecmwf,temp,20260830,20260928,"00Z,12Z",D1,3h,-3.983,4.047,4.491,0.907,480
472E74CC,PUENTE COINA,LA LIBERTAD,OTUZCO,gfs,temp,20260830,20260928,"00Z,12Z",D1,3h,-4.344,4.362,4.809,0.823,480
472E74CC,PUENTE COINA,LA LIBERTAD,OTUZCO,eta5,temp,20260830,20260928,"00Z,12Z",D1,3h,-5.974,5.974,6.224,0.886,389
472E74CC,PUENTE COINA,LA LIBERTAD,OTUZCO,wrf5,temp,20260830,20260928,"00Z,12Z",D1,3h,-3.089,3.568,4.088,0.701,472
472E74CC,PUENTE COINA,LA LIBERTAD,OTUZCO,mpas15,temp,20260830,20260928,00Z,D1,3h,-7.568,7.568,7.717,0.91,240
472D60B4,USQUIL,LA LIBERTAD,OTUZCO,ecmwf,temp,20260830,20260928,"00Z,12Z",D1,3h,2.269,2.674,3.325,0.794,480
472D60B4,USQUIL,LA LIBERTAD,OTUZCO,gfs,temp,20260830,20260928,"00Z,12Z",D1,3h,1.907,2.221,2.562,0.829,480
472D60B4,USQUIL,LA LIBERTAD,OTUZCO,eta5,temp,20260830,20260928,"00Z,12Z",D1,3h,0.262,1.544,1.901,0.813,389
472D60B4,USQUIL,LA LIBERTAD,OTUZCO,wrf5,temp,20260830,20260928,"00Z,12Z",D1,3h,3.176,3.457,3.816,0.819,472
472D60B4,USQUIL,LA LIBERTAD,OTUZCO,mpas15,temp,20260830,20260928,00Z,D1,3h,-3.231,3.423,3.907,0.782,240
107130,TICAPAMPA,LA LIBERTAD,SANCHEZ CARRION,ecmwf,temp,20260830,20260928,"00Z,12Z",D1,3h,-6.038,6.073,6.863,0.788,474
107130,TICAPAMPA,LA LIBERTAD,SANCHEZ CARRION,gfs,temp,20260830,20260928,"00Z,12Z",D1,3h,-5.05,5.05,5.578,0.845,474
107130,TICAPAMPA,LA LIBERTAD,SANCHEZ CARRION,eta5,temp,20260830,20260928,"00Z,12Z",D1,3h,-1.277,2.398,2.903,0.837,385
107130,TICAPAMPA,LA LIBERTAD,SANCHEZ CARRION,wrf5,temp,20260830,20260928,"00Z,12Z",D1,3h,-1.324,1.934,2.573,0.857,466
107130,TICAPAMPA,LA LIBERTAD,SANCHEZ CARRION,mpas15,temp,20260830,20260928,00Z,D1,3h,-4.655,4.671,5.151,0.877,237
4727319A,QUIRUVILCA,LA LIBERTAD,SANTIAGO DE CHUCO,ecmwf,temp,20260830,20260928,"00Z,12Z",D1,3h,-0.26,1.339,1.686,0.848,468
4727319A,QUIRUVILCA,LA LIBERTAD,SANTIAGO DE CHUCO,gfs,temp,20260830,20260928,"00Z,12Z",D1,3h,1.544,1.838,2.174,0.882,468
4727319A,QUIRUVILCA,LA LIBERTAD,SANTIAGO DE CHUCO,eta5,temp,20260830,20260928,"00Z,12Z",D1,3h,-0.731,1.404,1.835,0.864,378
4727319A,QUIRUVILCA,LA LIBERTAD,SANTIAGO DE CHUCO,wrf5,temp,20260830,20260928,"00Z,12Z",D1,3h,-0.345,1.231,1.626,0.846,460
4727319A,QUIRUVILCA,LA LIBERTAD,SANTIAGO DE CHUCO,mpas15,temp,20260830,20260928,00Z,D1,3h,0.272,1.293,1.675,0.868,234
211408,CONDORCERRO,LA LIBERTAD,VIRU,ecmwf,temp,20260830,20260928,"00Z,12Z",D1,3h,S/D,S/D,S/D,S/D,0
211408,CONDORCERRO,LA LIBERTAD,VIRU,gfs,temp,20260830,20260928,"00Z,12Z",D1,3h,S/D,S/D,S/D,S/D,0
211408,CONDORCERRO,LA LIBERTAD,VIRU,eta5,temp,20260830,20260928,"00Z,12Z",D1,3h,S/D,S/D,S/D,S/D,0
211408,CONDORCERRO,LA LIBERTAD,VIRU,wrf5,temp,20260830,20260928,"00Z,12Z",D1,3h,S/D,S/D,S/D,S/D,0
211408,CONDORCERRO,LA LIBERTAD,VIRU,mpas15,temp,20260830,20260928,00Z,D1,3h,S/D,S/D,S/D,S/D,0
47E2F720,TINAJONES,LAMBAYEQUE,CHICLAYO,ecmwf,temp,20260830,20260928,"00Z,12Z",D1,3h,-0.147,1.096,1.398,0.919,478
47E2F720,TINAJONES,LAMBAYEQUE,CHICLAYO,gfs,temp,20260830,20260928,"00Z,12Z",D1,3h,-0.047,1.025,1.323,0.919,478
47E2F720,TINAJONES,LAMBAYEQUE,CHICLAYO,eta5,temp,20260830,20260928,"00Z,12Z",D1,3h,3.288,3.356,4.049,0.926,388
47E2F720,TINAJONES,LAMBAYEQUE,CHICLAYO,wrf5,temp,20260830,20260928,"00Z,12Z",D1,3h,0.043,1.487,1.938,0.917,470
47E2F720,TINAJONES,LAMBAYEQUE,CHICLAYO,mpas15,temp,20260830,20260928,00Z,D1,3h,-1.246,1.662,1.889,0.894,239
106140,VISTA FLORIDA,LAMBAYEQUE,CHICLAYO,ecmwf,temp,20260830,20260928,"00Z,12Z",D1,3h,-0.295,1.05,1.3,0.926,480
106140,VISTA FLORIDA,LAMBAYEQUE,CHICLAYO,gfs,temp,20260830,20260928,"00Z,12Z",D1,3h,-0.903,1.262,1.509,0.919,480
106140,VISTA FLORIDA,LAMBAYEQUE,CHICLAYO,eta5,temp,20260830,20260928,"00Z,12Z",D1,3h,-0.521,1.285,1.567,0.889,389
106140,VISTA FLORIDA,LAMBAYEQUE,CHICLAYO,wrf5,temp,20260830,20260928,"00Z,12Z",D1,3h,-0.779,1.327,1.55,0.893,472
106140,VISTA FLORIDA,LAMBAYEQUE,CHICLAYO,mpas15,temp,20260830,20260928,00Z,D1,3h,-1.029,1.29,1.624,0.918,240
106138,PUCHACA,LAMBAYEQUE,FERREÑAFE,ecmwf,temp,20260830,20260928,"00Z,12Z",D1,3h,S/D,S/D,S/D,S/D,0
106138,PUCHACA,LAMBAYEQUE,FERREÑAFE,gfs,temp,20260830,20260928,"00Z,12Z",D1,3h,S/D,S/D,S/D,S/D,0
106138,PUCHACA,LAMBAYEQUE,FERREÑAFE,eta5,temp,20260830,20260928,"00Z,12Z",D1,3h,S/D,S/D,S/D,S/D,0
106138,PUCHACA,LAMBAYEQUE,FERREÑAFE,wrf5,temp,20260830,20260928,"00Z,12Z",D1,3h,S/D,S/D,S/D,S/D,0
106138,PUCHACA,LAMBAYEQUE,FERREÑAFE,mpas15,temp,20260830,20260928,00Z,D1,3h,S/D,S/D,S/D,S/D,0
4726F67E,PASABAR,LAMBAYEQUE,LAMBAYEQUE,ecmwf,temp,20260830,20260928,"00Z,12Z",D1,3h,-1.935,2.226,2.749,0.888,468
4726F67E,PASABAR,LAMBAYEQUE,LAMBAYEQUE,gfs,temp,20260830,20260928,"00Z,12Z",D1,3h,-2.206,2.487,2.872,0.898,468
4726F67E,PASABAR,LAMBAYEQUE,LAMBAYEQUE,eta5,temp,20260830,20260928,"00Z,12Z",D1,3h,0.872,1.984,2.585,0.92,379
4726F67E,PASABAR,LAMBAYEQUE,LAMBAYEQUE,wrf5,temp,20260830,20260928,"00Z,12Z",D1,3h,-1.067,1.989,2.344,0.905,461
4726F67E,PASABAR,LAMBAYEQUE,LAMBAYEQUE,mpas15,temp,20260830,20260928,00Z,D1,3h,-1.579,1.951,2.291,0.925,234
47201542,TONGORRAPE,LAMBAYEQUE,LAMBAYEQUE,ecmwf,temp,20260830,20260928,"00Z,12Z",D1,3h,-0.937,1.78,2.236,0.888,478
47201542,TONGORRAPE,LAMBAYEQUE,LAMBAYEQUE,gfs,temp,20260830,20260928,"00Z,12Z",D1,3h,-0.413,1.6,2.029,0.907,478
47201542,TONGORRAPE,LAMBAYEQUE,LAMBAYEQUE,eta5,temp,20260830,20260928,"00Z,12Z",D1,3h,0.431,1.766,2.283,0.895,387
47201542,TONGORRAPE,LAMBAYEQUE,LAMBAYEQUE,wrf5,temp,20260830,20260928,"00Z,12Z",D1,3h,-0.472,1.672,2.025,0.903,470
47201542,TONGORRAPE,LAMBAYEQUE,LAMBAYEQUE,mpas15,temp,20260830,20260928,00Z,D1,3h,-1.287,1.81,2.174,0.899,239
4725F170,HUAROS,LIMA,CANTA,ecmwf,temp,20260830,20260928,"00Z,12Z",D1,3h,-4.834,4.913,5.454,0.682,472
4725F170,HUAROS,LIMA,CANTA,gfs,temp,20260830,20260928,"00Z,12Z",D1,3h,-4.61,4.621,5.033,0.653,472
4725F170,HUAROS,LIMA,CANTA,eta5,temp,20260830,20260928,"00Z,12Z",D1,3h,-3.064,3.427,4.062,0.727,383
4725F170,HUAROS,LIMA,CANTA,wrf5,temp,20260830,20260928,"00Z,12Z",D1,3h,-1.467,1.846,2.229,0.801,464
4725F170,HUAROS,LIMA,CANTA,mpas15,temp,20260830,20260928,00Z,D1,3h,-4.903,4.922,5.259,0.772,236
113249,CAÑETE,LIMA,CAÑETE,ecmwf,temp,20260830,20260928,"00Z,12Z",D1,3h,-1.985,2.383,2.726,0.799,480
113249,CAÑETE,LIMA,CAÑETE,gfs,temp,20260830,20260928,"00Z,12Z",D1,3h,-1.904,2.253,2.593,0.777,480
113249,CAÑETE,LIMA,CAÑETE,eta5,temp,20260830,20260928,"00Z,12Z",D1,3h,-1.432,2.769,3.091,0.795,389
113249,CAÑETE,LIMA,CAÑETE,wrf5,temp,20260830,20260928,"00Z,12Z",D1,3h,-0.544,1.548,1.855,0.713,472
113249,CAÑETE,LIMA,CAÑETE,mpas15,temp,20260830,20260928,00Z,D1,3h,-1.65,2.018,2.549,0.374,240
212900,LA CAPILLA SENAMHI,LIMA,CAÑETE,ecmwf,temp,20260830,20260928,"00Z,12Z",D1,3h,S/D,S/D,S/D,S/D,0
212900,LA CAPILLA SENAMHI,LIMA,CAÑETE,gfs,temp,20260830,20260928,"00Z,12Z",D1,3h,S/D,S/D,S/D,S/D,0
212900,LA CAPILLA SENAMHI,LIMA,CAÑETE,eta5,temp,20260830,20260928,"00Z,12Z",D1,3h,S/D,S/D,S/D,S/D,0
212900,LA CAPILLA SENAMHI,LIMA,CAÑETE,wrf5,temp,20260830,20260928,"00Z,12Z",D1,3h,S/D,S/D,S/D,S/D,0
212900,LA CAPILLA SENAMHI,LIMA,CAÑETE,mpas15,temp,20260830,20260928,00Z,D1,3h,S/D,S/D,S/D,S/D,0
472191AC,SOCSI,LIMA,CAÑETE,ecmwf,temp,20260830,20260928,"00Z,12Z",D1,3h,S/D,S/D,S/D,S/D,0
472191AC,SOCSI,LIMA,CAÑETE,gfs,temp,20260830,20260928,"00Z,12Z",D1,3h,S/D,S/D,S/D,S/D,0
472191AC,SOCSI,LIMA,CAÑETE,eta5,temp,20260830,20260928,"00Z,12Z",D1,3h,S/D,S/D,S/D,S/D,0
472191AC,SOCSI,LIMA,CAÑETE,wrf5,temp,20260830,20260928,"00Z,12Z",D1,3h,S/D,S/D,S/D,S/D,0
472191AC,SOCSI,LIMA,CAÑETE,mpas15,temp,20260830,20260928,00Z,D1,3h,S/D,S/D,S/D,S/D,0
47E323B2,CARAC,LIMA,HUARAL,ecmwf,temp,20260830,20260928,"00Z,12Z",D1,3h,-2.272,2.364,3.032,0.893,250
47E323B2,CARAC,LIMA,HUARAL,gfs,temp,20260830,20260928,"00Z,12Z",D1,3h,-2.825,2.947,3.96,0.819,250
47E323B2,CARAC,LIMA,HUARAL,eta5,temp,20260830,20260928,"00Z,12Z",D1,3h,-1.285,1.627,2.122,0.844,188
47E323B2,CARAC,LIMA,HUARAL,wrf5,temp,20260830,20260928,"00Z,12Z",D1,3h,-1.378,2.435,3.195,0.781,250
47E323B2,CARAC,LIMA,HUARAL,mpas15,temp,20260830,20260928,00Z,D1,3h,-5.388,5.388,5.886,0.863,125
47E2323E,CUCHUANCA,LIMA,HUARAL,ecmwf,temp,20260830,20260928,"00Z,12Z",D1,3h,S/D,S/D,S/D,S/D,0
47E2323E,CUCHUANCA,LIMA,HUARAL,gfs,temp,20260830,20260928,"00Z,12Z",D1,3h,S/D,S/D,S/D,S/D,0
47E2323E,CUCHUANCA,LIMA,HUARAL,eta5,temp,20260830,20260928,"00Z,12Z",D1,3h,S/D,S/D,S/D,S/D,0
47E2323E,CUCHUANCA,LIMA,HUARAL,wrf5,temp,20260830,20260928,"00Z,12Z",D1,3h,S/D,S/D,S/D,S/D,0
47E2323E,CUCHUANCA,LIMA,HUARAL,mpas15,temp,20260830,20260928,00Z,D1,3h,S/D,S/D,S/D,S/D,0
47E330C4,SANTA CRUZ,LIMA,HUARAL,ecmwf,temp,20260830,20260928,"00Z,12Z",D1,3h,1.199,2.294,2.697,0.784,476
47E330C4,SANTA CRUZ,LIMA,HUARAL,gfs,temp,20260830,20260928,"00Z,12Z",D1,3h,0.535,0.968,1.199,0.822,476
47E330C4,SANTA CRUZ,LIMA,HUARAL,eta5,temp,20260830,20260928,"00Z,12Z",D1,3h,0.367,2.388,2.776,0.747,386
47E330C4,SANTA CRUZ,LIMA,HUARAL,wrf5,temp,20260830,20260928,"00Z,12Z",D1,3h,-1.193,1.473,1.76,0.819,468
47E330C4,SANTA CRUZ,LIMA,HUARAL,mpas15,temp,20260830,20260928,00Z,D1,3h,-5.161,5.161,5.498,0.756,238
47E214D2,SANTO DOMINGO,LIMA,HUARAL,ecmwf,temp,20260830,20260928,"00Z,12Z",D1,3h,-0.872,2.079,2.557,0.561,476
47E214D2,SANTO DOMINGO,LIMA,HUARAL,gfs,temp,20260830,20260928,"00Z,12Z",D1,3h,-0.964,1.948,2.394,0.626,476
47E214D2,SANTO DOMINGO,LIMA,HUARAL,eta5,temp,20260830,20260928,"00Z,12Z",D1,3h,2.493,2.826,3.559,0.764,386
47E214D2,SANTO DOMINGO,LIMA,HUARAL,wrf5,temp,20260830,20260928,"00Z,12Z",D1,3h,-0.275,1.637,1.969,0.752,468
47E214D2,SANTO DOMINGO,LIMA,HUARAL,mpas15,temp,20260830,20260928,00Z,D1,3h,-1.402,2.139,2.516,0.698,238
47E257D8,VICHAYCOCHA,LIMA,HUARAL,ecmwf,temp,20260830,20260928,"00Z,12Z",D1,3h,S/D,S/D,S/D,S/D,0
47E257D8,VICHAYCOCHA,LIMA,HUARAL,gfs,temp,20260830,20260928,"00Z,12Z",D1,3h,S/D,S/D,S/D,S/D,0
47E257D8,VICHAYCOCHA,LIMA,HUARAL,eta5,temp,20260830,20260928,"00Z,12Z",D1,3h,S/D,S/D,S/D,S/D,0
47E257D8,VICHAYCOCHA,LIMA,HUARAL,wrf5,temp,20260830,20260928,"00Z,12Z",D1,3h,S/D,S/D,S/D,S/D,0
47E257D8,VICHAYCOCHA,LIMA,HUARAL,mpas15,temp,20260830,20260928,00Z,D1,3h,S/D,S/D,S/D,S/D,0
472D73C2,CASAPALCA,LIMA,HUAROCHIRI,ecmwf,temp,20260830,20260928,"00Z,12Z",D1,3h,-0.822,1.424,1.848,0.923,480
472D73C2,CASAPALCA,LIMA,HUAROCHIRI,gfs,temp,20260830,20260928,"00Z,12Z",D1,3h,-0.724,1.831,2.273,0.828,480
472D73C2,CASAPALCA,LIMA,HUAROCHIRI,eta5,temp,20260830,20260928,"00Z,12Z",D1,3h,-2.572,2.883,3.41,0.782,389
472D73C2,CASAPALCA,LIMA,HUAROCHIRI,wrf5,temp,20260830,20260928,"00Z,12Z",D1,3h,-2.368,2.559,3.037,0.83,472
472D73C2,CASAPALCA,LIMA,HUAROCHIRI,mpas15,temp,20260830,20260928,00Z,D1,3h,-3.566,3.638,4.107,0.856,240
472CE45A,MATUCANA,LIMA,HUAROCHIRI,ecmwf,temp,20260830,20260928,"00Z,12Z",D1,3h,-9.637,9.637,9.876,0.81,480
472CE45A,MATUCANA,LIMA,HUAROCHIRI,gfs,temp,20260830,20260928,"00Z,12Z",D1,3h,-6.875,6.875,7.352,0.801,480
472CE45A,MATUCANA,LIMA,HUAROCHIRI,eta5,temp,20260830,20260928,"00Z,12Z",D1,3h,-5.776,5.776,6.011,0.87,389
472CE45A,MATUCANA,LIMA,HUAROCHIRI,wrf5,temp,20260830,20260928,"00Z,12Z",D1,3h,-1.707,2.541,3.085,0.758,472
472CE45A,MATUCANA,LIMA,HUAROCHIRI,mpas15,temp,20260830,20260928,00Z,D1,3h,-11.74,11.74,11.906,0.881,240
212700,PUENTE ANTAPUCRO,LIMA,HUAROCHIRI,ecmwf,temp,20260830,20260928,"00Z,12Z",D1,3h,S/D,S/D,S/D,S/D,0
212700,PUENTE ANTAPUCRO,LIMA,HUAROCHIRI,gfs,temp,20260830,20260928,"00Z,12Z",D1,3h,S/D,S/D,S/D,S/D,0
212700,PUENTE ANTAPUCRO,LIMA,HUAROCHIRI,eta5,temp,20260830,20260928,"00Z,12Z",D1,3h,S/D,S/D,S/D,S/D,0
212700,PUENTE ANTAPUCRO,LIMA,HUAROCHIRI,wrf5,temp,20260830,20260928,"00Z,12Z",D1,3h,S/D,S/D,S/D,S/D,0
212700,PUENTE ANTAPUCRO,LIMA,HUAROCHIRI,mpas15,temp,20260830,20260928,00Z,D1,3h,S/D,S/D,S/D,S/D,0
212605,SAN MATEO ,LIMA,HUAROCHIRI,ecmwf,temp,20260830,20260928,"00Z,12Z",D1,3h,S/D,S/D,S/D,S/D,0
212605,SAN MATEO ,LIMA,HUAROCHIRI,gfs,temp,20260830,20260928,"00Z,12Z",D1,3h,S/D,S/D,S/D,S/D,0
212605,SAN MATEO ,LIMA,HUAROCHIRI,eta5,temp,20260830,20260928,"00Z,12Z",D1,3h,S/D,S/D,S/D,S/D,0
212605,SAN MATEO ,LIMA,HUAROCHIRI,wrf5,temp,20260830,20260928,"00Z,12Z",D1,3h,S/D,S/D,S/D,S/D,0
212605,SAN MATEO ,LIMA,HUAROCHIRI,mpas15,temp,20260830,20260928,00Z,D1,3h,S/D,S/D,S/D,S/D,0
472EC742,SAN MATEO DE OTAO,LIMA,HUAROCHIRI,ecmwf,temp,20260830,20260928,"00Z,12Z",D1,3h,-3.52,3.578,4.005,0.773,480
472EC742,SAN MATEO DE OTAO,LIMA,HUAROCHIRI,gfs,temp,20260830,20260928,"00Z,12Z",D1,3h,-0.758,1.346,1.827,0.82,480
472EC742,SAN MATEO DE OTAO,LIMA,HUAROCHIRI,eta5,temp,20260830,20260928,"00Z,12Z",D1,3h,2.568,2.628,3.045,0.813,389
472EC742,SAN MATEO DE OTAO,LIMA,HUAROCHIRI,wrf5,temp,20260830,20260928,"00Z,12Z",D1,3h,3.165,3.333,3.817,0.747,472
472EC742,SAN MATEO DE OTAO,LIMA,HUAROCHIRI,mpas15,temp,20260830,20260928,00Z,D1,3h,5.001,5.001,5.33,0.803,240
472E24B0,SANTA EULALIA,LIMA,HUAROCHIRI,ecmwf,temp,20260830,20260928,"00Z,12Z",D1,3h,S/D,S/D,S/D,S/D,0
472E24B0,SANTA EULALIA,LIMA,HUAROCHIRI,gfs,temp,20260830,20260928,"00Z,12Z",D1,3h,S/D,S/D,S/D,S/D,0
472E24B0,SANTA EULALIA,LIMA,HUAROCHIRI,eta5,temp,20260830,20260928,"00Z,12Z",D1,3h,S/D,S/D,S/D,S/D,0
472E24B0,SANTA EULALIA,LIMA,HUAROCHIRI,wrf5,temp,20260830,20260928,"00Z,12Z",D1,3h,S/D,S/D,S/D,S/D,0
472E24B0,SANTA EULALIA,LIMA,HUAROCHIRI,mpas15,temp,20260830,20260928,00Z,D1,3h,S/D,S/D,S/D,S/D,0
472CA750,SANTIAGO DE TUNA,LIMA,HUAROCHIRI,ecmwf,temp,20260830,20260928,"00Z,12Z",D1,3h,0.862,1.658,2.003,0.879,480
472CA750,SANTIAGO DE TUNA,LIMA,HUAROCHIRI,gfs,temp,20260830,20260928,"00Z,12Z",D1,3h,0.716,2.144,2.477,0.859,480
472CA750,SANTIAGO DE TUNA,LIMA,HUAROCHIRI,eta5,temp,20260830,20260928,"00Z,12Z",D1,3h,-3.141,3.233,3.658,0.828,389
472CA750,SANTIAGO DE TUNA,LIMA,HUAROCHIRI,wrf5,temp,20260830,20260928,"00Z,12Z",D1,3h,-0.316,2.578,2.849,0.788,472
472CA750,SANTIAGO DE TUNA,LIMA,HUAROCHIRI,mpas15,temp,20260830,20260928,00Z,D1,3h,-1.01,2.014,2.492,0.867,240
4724966C,SAYAN,LIMA,HUAURA,ecmwf,temp,20260830,20260928,"00Z,12Z",D1,3h,-1.101,1.628,2.024,0.871,474
4724966C,SAYAN,LIMA,HUAURA,gfs,temp,20260830,20260928,"00Z,12Z",D1,3h,-0.846,1.415,1.748,0.871,474
4724966C,SAYAN,LIMA,HUAURA,eta5,temp,20260830,20260928,"00Z,12Z",D1,3h,1.378,1.928,2.491,0.807,385
4724966C,SAYAN,LIMA,HUAURA,wrf5,temp,20260830,20260928,"00Z,12Z",D1,3h,-0.158,1.502,1.841,0.855,466
4724966C,SAYAN,LIMA,HUAURA,mpas15,temp,20260830,20260928,00Z,D1,3h,-3.241,3.48,4.11,0.731,237
212500,AGUA AZUL BOCATOMA,LIMA,LIMA,ecmwf,temp,20260830,20260928,"00Z,12Z",D1,3h,S/D,S/D,S/D,S/D,0
212500,AGUA AZUL BOCATOMA,LIMA,LIMA,gfs,temp,20260830,20260928,"00Z,12Z",D1,3h,S/D,S/D,S/D,S/D,0
212500,AGUA AZUL BOCATOMA,LIMA,LIMA,eta5,temp,20260830,20260928,"00Z,12Z",D1,3h,S/D,S/D,S/D,S/D,0
212500,AGUA AZUL BOCATOMA,LIMA,LIMA,wrf5,temp,20260830,20260928,"00Z,12Z",D1,3h,S/D,S/D,S/D,S/D,0
212500,AGUA AZUL BOCATOMA,LIMA,LIMA,mpas15,temp,20260830,20260928,00Z,D1,3h,S/D,S/D,S/D,S/D,0
472A218A,ANTONIO RAYMONDI,LIMA,LIMA,ecmwf,temp,20260830,20260928,"00Z,12Z",D1,3h,-2.267,2.389,3.038,0.102,478
472A218A,ANTONIO RAYMONDI,LIMA,LIMA,gfs,temp,20260830,20260928,"00Z,12Z",D1,3h,-3.581,3.583,3.914,0.773,478
472A218A,ANTONIO RAYMONDI,LIMA,LIMA,eta5,temp,20260830,20260928,"00Z,12Z",D1,3h,-3.236,3.276,3.6,0.82,387
472A218A,ANTONIO RAYMONDI,LIMA,LIMA,wrf5,temp,20260830,20260928,"00Z,12Z",D1,3h,-1.553,1.676,1.968,0.807,470
472A218A,ANTONIO RAYMONDI,LIMA,LIMA,mpas15,temp,20260830,20260928,00Z,D1,3h,-2.683,2.713,2.943,0.759,239
112181,CAMPO DE MARTE,LIMA,LIMA,ecmwf,temp,20260830,20260928,"00Z,12Z",D1,3h,-1.071,1.494,1.735,0.881,470
112181,CAMPO DE MARTE,LIMA,LIMA,gfs,temp,20260830,20260928,"00Z,12Z",D1,3h,-2.155,2.157,2.337,0.872,470
112181,CAMPO DE MARTE,LIMA,LIMA,eta5,temp,20260830,20260928,"00Z,12Z",D1,3h,-2.415,2.554,2.888,0.841,379
112181,CAMPO DE MARTE,LIMA,LIMA,wrf5,temp,20260830,20260928,"00Z,12Z",D1,3h,-0.402,0.888,1.083,0.81,464
112181,CAMPO DE MARTE,LIMA,LIMA,mpas15,temp,20260830,20260928,00Z,D1,3h,-1.713,1.776,2.211,0.726,235
111286,CARABAYLLO,LIMA,LIMA,ecmwf,temp,20260830,20260928,"00Z,12Z",D1,3h,-1.789,1.969,2.188,0.89,476
111286,CARABAYLLO,LIMA,LIMA,gfs,temp,20260830,20260928,"00Z,12Z",D1,3h,-2.877,2.877,3.09,0.905,476
111286,CARABAYLLO,LIMA,LIMA,eta5,temp,20260830,20260928,"00Z,12Z",D1,3h,-3.08,3.292,3.709,0.882,387
111286,CARABAYLLO,LIMA,LIMA,wrf5,temp,20260830,20260928,"00Z,12Z",D1,3h,-1.636,1.84,2.089,0.879,468
111286,CARABAYLLO,LIMA,LIMA,mpas15,temp,20260830,20260928,00Z,D1,3h,-1.944,2.009,2.321,0.874,238
112278,CERES,LIMA,LIMA,ecmwf,temp,20260830,20260928,"00Z,12Z",D1,3h,-0.874,1.332,1.523,0.888,396
112278,CERES,LIMA,LIMA,gfs,temp,20260830,20260928,"00Z,12Z",D1,3h,-1.937,1.939,2.17,0.898,396
112278,CERES,LIMA,LIMA,eta5,temp,20260830,20260928,"00Z,12Z",D1,3h,-2.612,2.91,3.362,0.868,347
112278,CERES,LIMA,LIMA,wrf5,temp,20260830,20260928,"00Z,12Z",D1,3h,-0.213,0.994,1.239,0.851,388
112278,CERES,LIMA,LIMA,mpas15,temp,20260830,20260928,00Z,D1,3h,-1.249,1.376,1.602,0.889,198
47278214,CHOSICA,LIMA,LIMA,ecmwf,temp,20260830,20260928,"00Z,12Z",D1,3h,1.059,1.059,1.267,0.976,8
47278214,CHOSICA,LIMA,LIMA,gfs,temp,20260830,20260928,"00Z,12Z",D1,3h,1.757,1.757,1.916,0.927,8
47278214,CHOSICA,LIMA,LIMA,eta5,temp,20260830,20260928,"00Z,12Z",D1,3h,4.995,4.995,5.61,0.781,8
47278214,CHOSICA,LIMA,LIMA,wrf5,temp,20260830,20260928,"00Z,12Z",D1,3h,2.521,2.521,2.743,0.683,8
47278214,CHOSICA,LIMA,LIMA,mpas15,temp,20260830,20260928,00Z,D1,3h,-1.82,1.82,2.075,0.8,4
112281,LAS PALMAS,LIMA,LIMA,ecmwf,temp,20260830,20260928,"00Z,12Z",D1,3h,-1.961,1.985,2.46,0.642,480
112281,LAS PALMAS,LIMA,LIMA,gfs,temp,20260830,20260928,"00Z,12Z",D1,3h,-3.28,3.28,3.611,0.724,480
112281,LAS PALMAS,LIMA,LIMA,eta5,temp,20260830,20260928,"00Z,12Z",D1,3h,-2.458,2.504,2.79,0.832,389
112281,LAS PALMAS,LIMA,LIMA,wrf5,temp,20260830,20260928,"00Z,12Z",D1,3h,-0.36,0.879,1.144,0.767,472
112281,LAS PALMAS,LIMA,LIMA,mpas15,temp,20260830,20260928,00Z,D1,3h,-2.273,2.373,3.216,-0.374,240
112193,SAN BORJA,LIMA,LIMA,ecmwf,temp,20260830,20260928,"00Z,12Z",D1,3h,-1.345,1.715,1.963,0.895,466
112193,SAN BORJA,LIMA,LIMA,gfs,temp,20260830,20260928,"00Z,12Z",D1,3h,-2.409,2.412,2.55,0.893,466
112193,SAN BORJA,LIMA,LIMA,eta5,temp,20260830,20260928,"00Z,12Z",D1,3h,-3.153,3.204,3.568,0.855,378
112193,SAN BORJA,LIMA,LIMA,wrf5,temp,20260830,20260928,"00Z,12Z",D1,3h,-0.405,0.893,1.086,0.789,460
112193,SAN BORJA,LIMA,LIMA,mpas15,temp,20260830,20260928,00Z,D1,3h,-1.947,1.978,2.358,0.733,233
112267,SAN JUAN DE LURIGANCHO,LIMA,LIMA,ecmwf,temp,20260830,20260928,"00Z,12Z",D1,3h,-1.073,1.541,1.743,0.883,416
112267,SAN JUAN DE LURIGANCHO,LIMA,LIMA,gfs,temp,20260830,20260928,"00Z,12Z",D1,3h,-2.12,2.129,2.301,0.898,416
112267,SAN JUAN DE LURIGANCHO,LIMA,LIMA,eta5,temp,20260830,20260928,"00Z,12Z",D1,3h,-3.013,3.196,3.644,0.862,342
112267,SAN JUAN DE LURIGANCHO,LIMA,LIMA,wrf5,temp,20260830,20260928,"00Z,12Z",D1,3h,-1.597,1.816,2.044,0.829,408
112267,SAN JUAN DE LURIGANCHO,LIMA,LIMA,mpas15,temp,20260830,20260928,00Z,D1,3h,-1.696,1.737,2.247,0.8,208
112265,SAN MARTIN DE PORRES,LIMA,LIMA,ecmwf,temp,20260830,20260928,"00Z,12Z",D1,3h,-1.976,2.245,2.589,0.89,412
112265,SAN MARTIN DE PORRES,LIMA,LIMA,gfs,temp,20260830,20260928,"00Z,12Z",D1,3h,-3.019,3.019,3.142,0.894,412
112265,SAN MARTIN DE PORRES,LIMA,LIMA,eta5,temp,20260830,20260928,"00Z,12Z",D1,3h,-3.151,3.158,3.511,0.848,330
112265,SAN MARTIN DE PORRES,LIMA,LIMA,wrf5,temp,20260830,20260928,"00Z,12Z",D1,3h,-0.837,1.073,1.264,0.794,405
112265,SAN MARTIN DE PORRES,LIMA,LIMA,mpas15,temp,20260830,20260928,00Z,D1,3h,-2.605,2.605,2.79,0.732,206
112208,SANTA ANITA,LIMA,LIMA,ecmwf,temp,20260830,20260928,"00Z,12Z",D1,3h,-0.384,1.275,1.509,0.879,478
112208,SANTA ANITA,LIMA,LIMA,gfs,temp,20260830,20260928,"00Z,12Z",D1,3h,-1.467,1.509,1.698,0.894,478
112208,SANTA ANITA,LIMA,LIMA,eta5,temp,20260830,20260928,"00Z,12Z",D1,3h,-2.124,2.698,3.142,0.853,388
112208,SANTA ANITA,LIMA,LIMA,wrf5,temp,20260830,20260928,"00Z,12Z",D1,3h,0.026,0.89,1.158,0.83,470
112208,SANTA ANITA,LIMA,LIMA,mpas15,temp,20260830,20260928,00Z,D1,3h,-1.018,1.216,1.728,0.77,239
472AC278,VON HUMBOLDT,LIMA,LIMA,ecmwf,temp,20260830,20260928,"00Z,12Z",D1,3h,-0.576,1.19,1.384,0.876,444
472AC278,VON HUMBOLDT,LIMA,LIMA,gfs,temp,20260830,20260928,"00Z,12Z",D1,3h,-1.636,1.727,2.049,0.871,444
472AC278,VON HUMBOLDT,LIMA,LIMA,eta5,temp,20260830,20260928,"00Z,12Z",D1,3h,-2.615,2.787,3.223,0.86,360
472AC278,VON HUMBOLDT,LIMA,LIMA,wrf5,temp,20260830,20260928,"00Z,12Z",D1,3h,-0.257,1.037,1.304,0.834,436
472AC278,VON HUMBOLDT,LIMA,LIMA,mpas15,temp,20260830,20260928,00Z,D1,3h,-0.961,1.265,1.531,0.871,222
111290,ÑAÑA,LIMA,LIMA,ecmwf,temp,20260830,20260928,"00Z,12Z",D1,3h,-0.122,1.397,1.715,0.771,480
111290,ÑAÑA,LIMA,LIMA,gfs,temp,20260830,20260928,"00Z,12Z",D1,3h,-0.356,1.473,1.808,0.752,480
111290,ÑAÑA,LIMA,LIMA,eta5,temp,20260830,20260928,"00Z,12Z",D1,3h,0.669,2.331,2.854,0.771,389
111290,ÑAÑA,LIMA,LIMA,wrf5,temp,20260830,20260928,"00Z,12Z",D1,3h,-1.101,1.634,1.946,0.857,472
111290,ÑAÑA,LIMA,LIMA,mpas15,temp,20260830,20260928,00Z,D1,3h,0.298,0.823,1.086,0.905,240
110139,PICOY,LIMA,OYON,ecmwf,temp,20260830,20260928,"00Z,12Z",D1,3h,S/D,S/D,S/D,S/D,0
110139,PICOY,LIMA,OYON,gfs,temp,20260830,20260928,"00Z,12Z",D1,3h,S/D,S/D,S/D,S/D,0
110139,PICOY,LIMA,OYON,eta5,temp,20260830,20260928,"00Z,12Z",D1,3h,S/D,S/D,S/D,S/D,0
110139,PICOY,LIMA,OYON,wrf5,temp,20260830,20260928,"00Z,12Z",D1,3h,S/D,S/D,S/D,S/D,0
110139,PICOY,LIMA,OYON,mpas15,temp,20260830,20260928,00Z,D1,3h,S/D,S/D,S/D,S/D,0
472364DC,CARANIA,LIMA,YAUYOS,ecmwf,temp,20260830,20260928,"00Z,12Z",D1,3h,S/D,S/D,S/D,S/D,0
472364DC,CARANIA,LIMA,YAUYOS,gfs,temp,20260830,20260928,"00Z,12Z",D1,3h,S/D,S/D,S/D,S/D,0
472364DC,CARANIA,LIMA,YAUYOS,eta5,temp,20260830,20260928,"00Z,12Z",D1,3h,S/D,S/D,S/D,S/D,0
472364DC,CARANIA,LIMA,YAUYOS,wrf5,temp,20260830,20260928,"00Z,12Z",D1,3h,S/D,S/D,S/D,S/D,0
472364DC,CARANIA,LIMA,YAUYOS,mpas15,temp,20260830,20260928,00Z,D1,3h,S/D,S/D,S/D,S/D,0
104112,SAN REGIS,LORETO,LORETO,ecmwf,temp,20260830,20260928,"00Z,12Z",D1,3h,0.004,1.297,1.833,0.853,388
104112,SAN REGIS,LORETO,LORETO,gfs,temp,20260830,20260928,"00Z,12Z",D1,3h,0.838,2.302,3.066,0.799,388
104112,SAN REGIS,LORETO,LORETO,eta5,temp,20260830,20260928,"00Z,12Z",D1,3h,2.982,3.16,4.038,0.786,321
104112,SAN REGIS,LORETO,LORETO,wrf5,temp,20260830,20260928,"00Z,12Z",D1,3h,1.501,2.117,2.76,0.831,381
104112,SAN REGIS,LORETO,LORETO,mpas15,temp,20260830,20260928,00Z,D1,3h,0.059,1.342,1.806,0.854,194
4727547C,CABALLOCOCHA,LORETO,MARISCAL RAMON CASTILLA,ecmwf,temp,20260830,20260928,"00Z,12Z",D1,3h,-0.827,1.482,2.053,0.832,476
4727547C,CABALLOCOCHA,LORETO,MARISCAL RAMON CASTILLA,gfs,temp,20260830,20260928,"00Z,12Z",D1,3h,-0.022,2.289,2.922,0.798,476
4727547C,CABALLOCOCHA,LORETO,MARISCAL RAMON CASTILLA,eta5,temp,20260830,20260928,"00Z,12Z",D1,3h,1.725,2.347,3.207,0.769,385
4727547C,CABALLOCOCHA,LORETO,MARISCAL RAMON CASTILLA,wrf5,temp,20260830,20260928,"00Z,12Z",D1,3h,0.823,1.937,2.579,0.801,468
4727547C,CABALLOCOCHA,LORETO,MARISCAL RAMON CASTILLA,mpas15,temp,20260830,20260928,00Z,D1,3h,-0.799,1.591,2.154,0.808,238
47288486,PEBAS,LORETO,MARISCAL RAMON CASTILLA,ecmwf,temp,20260830,20260928,"00Z,12Z",D1,3h,S/D,S/D,S/D,S/D,0
47288486,PEBAS,LORETO,MARISCAL RAMON CASTILLA,gfs,temp,20260830,20260928,"00Z,12Z",D1,3h,S/D,S/D,S/D,S/D,0
47288486,PEBAS,LORETO,MARISCAL RAMON CASTILLA,eta5,temp,20260830,20260928,"00Z,12Z",D1,3h,S/D,S/D,S/D,S/D,0
47288486,PEBAS,LORETO,MARISCAL RAMON CASTILLA,wrf5,temp,20260830,20260928,"00Z,12Z",D1,3h,S/D,S/D,S/D,S/D,0
47288486,PEBAS,LORETO,MARISCAL RAMON CASTILLA,mpas15,temp,20260830,20260928,00Z,D1,3h,S/D,S/D,S/D,S/D,0
103065,AMAZONAS,LORETO,MAYNAS,ecmwf,temp,20260830,20260928,"00Z,12Z",D1,3h,-0.048,1.472,2.024,0.836,470
103065,AMAZONAS,LORETO,MAYNAS,gfs,temp,20260830,20260928,"00Z,12Z",D1,3h,0.388,2.353,3.151,0.775,470
103065,AMAZONAS,LORETO,MAYNAS,eta5,temp,20260830,20260928,"00Z,12Z",D1,3h,2.957,3.199,3.987,0.769,380
103065,AMAZONAS,LORETO,MAYNAS,wrf5,temp,20260830,20260928,"00Z,12Z",D1,3h,1.294,2.106,2.718,0.814,462
103065,AMAZONAS,LORETO,MAYNAS,mpas15,temp,20260830,20260928,00Z,D1,3h,-1.05,2.307,3.116,0.741,235
47252718,ENAPU PERU,LORETO,MAYNAS,ecmwf,temp,20260830,20260928,"00Z,12Z",D1,3h,-0.833,1.438,1.924,0.805,472
47252718,ENAPU PERU,LORETO,MAYNAS,gfs,temp,20260830,20260928,"00Z,12Z",D1,3h,-0.411,2.839,3.415,0.76,472
47252718,ENAPU PERU,LORETO,MAYNAS,eta5,temp,20260830,20260928,"00Z,12Z",D1,3h,2.13,2.878,3.676,0.713,384
47252718,ENAPU PERU,LORETO,MAYNAS,wrf5,temp,20260830,20260928,"00Z,12Z",D1,3h,0.365,2.156,2.726,0.765,464
47252718,ENAPU PERU,LORETO,MAYNAS,mpas15,temp,20260830,20260928,00Z,D1,3h,-1.65,2.029,2.67,0.755,236
47287402,CONTAMANA,LORETO,UCAYALI,ecmwf,temp,20260830,20260928,"00Z,12Z",D1,3h,-1.758,2.07,2.529,0.908,472
47287402,CONTAMANA,LORETO,UCAYALI,gfs,temp,20260830,20260928,"00Z,12Z",D1,3h,-0.808,2.368,2.945,0.869,472
47287402,CONTAMANA,LORETO,UCAYALI,eta5,temp,20260830,20260928,"00Z,12Z",D1,3h,1.429,2.117,2.905,0.811,384
47287402,CONTAMANA,LORETO,UCAYALI,wrf5,temp,20260830,20260928,"00Z,12Z",D1,3h,0.072,1.702,2.326,0.854,464
47287402,CONTAMANA,LORETO,UCAYALI,mpas15,temp,20260830,20260928,00Z,D1,3h,-1.98,2.193,2.581,0.92,236
47E8201A,SALVACION,MADRE DE DIOS,MANU,ecmwf,temp,20260830,20260928,"00Z,12Z",D1,3h,-0.81,1.862,2.385,0.811,480
47E8201A,SALVACION,MADRE DE DIOS,MANU,gfs,temp,20260830,20260928,"00Z,12Z",D1,3h,0.437,2.761,3.55,0.713,480
47E8201A,SALVACION,MADRE DE DIOS,MANU,eta5,temp,20260830,20260928,"00Z,12Z",D1,3h,0.455,1.73,2.271,0.824,389
47E8201A,SALVACION,MADRE DE DIOS,MANU,wrf5,temp,20260830,20260928,"00Z,12Z",D1,3h,1.782,2.268,2.896,0.815,472
47E8201A,SALVACION,MADRE DE DIOS,MANU,mpas15,temp,20260830,20260928,00Z,D1,3h,-1.932,2.599,3.345,0.734,240
472587E0,IÑAPARI,MADRE DE DIOS,TAHUAMANU,ecmwf,temp,20260830,20260928,"00Z,12Z",D1,3h,-0.125,1.393,1.935,0.938,474
472587E0,IÑAPARI,MADRE DE DIOS,TAHUAMANU,gfs,temp,20260830,20260928,"00Z,12Z",D1,3h,1.458,2.092,2.776,0.898,474
472587E0,IÑAPARI,MADRE DE DIOS,TAHUAMANU,eta5,temp,20260830,20260928,"00Z,12Z",D1,3h,2.937,3.015,3.691,0.884,384
472587E0,IÑAPARI,MADRE DE DIOS,TAHUAMANU,wrf5,temp,20260830,20260928,"00Z,12Z",D1,3h,1.538,1.964,2.66,0.901,466
472587E0,IÑAPARI,MADRE DE DIOS,TAHUAMANU,mpas15,temp,20260830,20260928,00Z,D1,3h,-0.925,1.796,2.466,0.932,237
260403,CACHUELA,MADRE DE DIOS,TAMBOPATA,ecmwf,temp,20260830,20260928,"00Z,12Z",D1,3h,-0.114,1.14,1.535,0.941,480
260403,CACHUELA,MADRE DE DIOS,TAMBOPATA,gfs,temp,20260830,20260928,"00Z,12Z",D1,3h,2.133,2.786,3.501,0.853,480
260403,CACHUELA,MADRE DE DIOS,TAMBOPATA,eta5,temp,20260830,20260928,"00Z,12Z",D1,3h,3.526,3.698,4.342,0.863,389
260403,CACHUELA,MADRE DE DIOS,TAMBOPATA,wrf5,temp,20260830,20260928,"00Z,12Z",D1,3h,1.73,2.201,2.795,0.889,472
260403,CACHUELA,MADRE DE DIOS,TAMBOPATA,mpas15,temp,20260830,20260928,00Z,D1,3h,-0.843,1.329,1.865,0.937,240
47E8336C,MALINOWSKY,MADRE DE DIOS,TAMBOPATA,ecmwf,temp,20260830,20260928,"00Z,12Z",D1,3h,-0.07,1.597,2.061,0.893,480
47E8336C,MALINOWSKY,MADRE DE DIOS,TAMBOPATA,gfs,temp,20260830,20260928,"00Z,12Z",D1,3h,1.863,2.709,3.54,0.784,480
47E8336C,MALINOWSKY,MADRE DE DIOS,TAMBOPATA,eta5,temp,20260830,20260928,"00Z,12Z",D1,3h,3.575,3.644,4.175,0.877,389
47E8336C,MALINOWSKY,MADRE DE DIOS,TAMBOPATA,wrf5,temp,20260830,20260928,"00Z,12Z",D1,3h,1.53,2.084,2.717,0.859,472
47E8336C,MALINOWSKY,MADRE DE DIOS,TAMBOPATA,mpas15,temp,20260830,20260928,00Z,D1,3h,-0.872,1.91,2.395,0.885,240
260402,PUENTE HERRERA,MADRE DE DIOS,TAMBOPATA,ecmwf,temp,20260830,20260928,"00Z,12Z",D1,3h,S/D,S/D,S/D,S/D,0
260402,PUENTE HERRERA,MADRE DE DIOS,TAMBOPATA,gfs,temp,20260830,20260928,"00Z,12Z",D1,3h,S/D,S/D,S/D,S/D,0
260402,PUENTE HERRERA,MADRE DE DIOS,TAMBOPATA,eta5,temp,20260830,20260928,"00Z,12Z",D1,3h,S/D,S/D,S/D,S/D,0
260402,PUENTE HERRERA,MADRE DE DIOS,TAMBOPATA,wrf5,temp,20260830,20260928,"00Z,12Z",D1,3h,S/D,S/D,S/D,S/D,0
260402,PUENTE HERRERA,MADRE DE DIOS,TAMBOPATA,mpas15,temp,20260830,20260928,00Z,D1,3h,S/D,S/D,S/D,S/D,0
112279,PUERTO MALDONADO,MADRE DE DIOS,TAMBOPATA,ecmwf,temp,20260830,20260928,"00Z,12Z",D1,3h,-0.857,1.494,1.94,0.931,480
112279,PUERTO MALDONADO,MADRE DE DIOS,TAMBOPATA,gfs,temp,20260830,20260928,"00Z,12Z",D1,3h,1.39,2.551,3.258,0.849,480
112279,PUERTO MALDONADO,MADRE DE DIOS,TAMBOPATA,eta5,temp,20260830,20260928,"00Z,12Z",D1,3h,2.816,3.153,3.841,0.854,389
112279,PUERTO MALDONADO,MADRE DE DIOS,TAMBOPATA,wrf5,temp,20260830,20260928,"00Z,12Z",D1,3h,1.113,2.028,2.618,0.881,472
112279,PUERTO MALDONADO,MADRE DE DIOS,TAMBOPATA,mpas15,temp,20260830,20260928,00Z,D1,3h,-1.585,1.847,2.359,0.93,240
260002,TAMBOPATA,MADRE DE DIOS,TAMBOPATA,ecmwf,temp,20260830,20260928,"00Z,12Z",D1,3h,S/D,S/D,S/D,S/D,0
260002,TAMBOPATA,MADRE DE DIOS,TAMBOPATA,gfs,temp,20260830,20260928,"00Z,12Z",D1,3h,S/D,S/D,S/D,S/D,0
260002,TAMBOPATA,MADRE DE DIOS,TAMBOPATA,eta5,temp,20260830,20260928,"00Z,12Z",D1,3h,S/D,S/D,S/D,S/D,0
260002,TAMBOPATA,MADRE DE DIOS,TAMBOPATA,wrf5,temp,20260830,20260928,"00Z,12Z",D1,3h,S/D,S/D,S/D,S/D,0
260002,TAMBOPATA,MADRE DE DIOS,TAMBOPATA,mpas15,temp,20260830,20260928,00Z,D1,3h,S/D,S/D,S/D,S/D,0
4723F1BE,MOQUEGUA,MOQUEGUA,MARISCAL NIETO,ecmwf,temp,20260830,20260928,"00Z,12Z",D1,3h,-1.178,1.688,2.121,0.941,478
4723F1BE,MOQUEGUA,MOQUEGUA,MARISCAL NIETO,gfs,temp,20260830,20260928,"00Z,12Z",D1,3h,-0.136,1.633,1.946,0.941,478
4723F1BE,MOQUEGUA,MOQUEGUA,MARISCAL NIETO,eta5,temp,20260830,20260928,"00Z,12Z",D1,3h,1.591,2.04,2.496,0.918,387
4723F1BE,MOQUEGUA,MOQUEGUA,MARISCAL NIETO,wrf5,temp,20260830,20260928,"00Z,12Z",D1,3h,0.038,1.839,2.238,0.913,470
4723F1BE,MOQUEGUA,MOQUEGUA,MARISCAL NIETO,mpas15,temp,20260830,20260928,00Z,D1,3h,-4.234,4.375,4.76,0.91,239
110137,12 DE OCTUBRE,PASCO,DANIEL ALCIDES CARRION,ecmwf,temp,20260830,20260928,"00Z,12Z",D1,3h,-1.033,2.467,2.955,0.857,478
110137,12 DE OCTUBRE,PASCO,DANIEL ALCIDES CARRION,gfs,temp,20260830,20260928,"00Z,12Z",D1,3h,-1.691,2.529,3.258,0.799,478
110137,12 DE OCTUBRE,PASCO,DANIEL ALCIDES CARRION,eta5,temp,20260830,20260928,"00Z,12Z",D1,3h,-1.06,2.425,2.876,0.808,387
110137,12 DE OCTUBRE,PASCO,DANIEL ALCIDES CARRION,wrf5,temp,20260830,20260928,"00Z,12Z",D1,3h,-0.284,2.218,2.728,0.834,470
110137,12 DE OCTUBRE,PASCO,DANIEL ALCIDES CARRION,mpas15,temp,20260830,20260928,00Z,D1,3h,-3.873,3.987,4.559,0.866,239
4725D79C,OXAPAMPA,PASCO,OXAPAMPA,ecmwf,temp,20260830,20260928,"00Z,12Z",D1,3h,-3.83,3.901,4.196,0.839,480
4725D79C,OXAPAMPA,PASCO,OXAPAMPA,gfs,temp,20260830,20260928,"00Z,12Z",D1,3h,-4.617,4.639,4.986,0.82,480
4725D79C,OXAPAMPA,PASCO,OXAPAMPA,eta5,temp,20260830,20260928,"00Z,12Z",D1,3h,-6.131,6.133,6.425,0.78,389
4725D79C,OXAPAMPA,PASCO,OXAPAMPA,wrf5,temp,20260830,20260928,"00Z,12Z",D1,3h,-0.528,1.578,2.046,0.827,472
4725D79C,OXAPAMPA,PASCO,OXAPAMPA,mpas15,temp,20260830,20260928,00Z,D1,3h,-3.26,3.47,4.056,0.707,240
109093,PUERTO BERMUDEZ,PASCO,OXAPAMPA,ecmwf,temp,20260830,20260928,"00Z,12Z",D1,3h,-0.477,1.382,1.809,0.885,480
109093,PUERTO BERMUDEZ,PASCO,OXAPAMPA,gfs,temp,20260830,20260928,"00Z,12Z",D1,3h,-0.198,2.257,2.908,0.84,480
109093,PUERTO BERMUDEZ,PASCO,OXAPAMPA,eta5,temp,20260830,20260928,"00Z,12Z",D1,3h,2.101,2.549,3.192,0.808,389
109093,PUERTO BERMUDEZ,PASCO,OXAPAMPA,wrf5,temp,20260830,20260928,"00Z,12Z",D1,3h,1.487,1.956,2.553,0.862,472
109093,PUERTO BERMUDEZ,PASCO,OXAPAMPA,mpas15,temp,20260830,20260928,00Z,D1,3h,-0.673,1.52,2.164,0.871,240
104114,ALTO DE POCLUS,PIURA,AYABACA,ecmwf,temp,20260830,20260928,"00Z,12Z",D1,3h,8.248,8.248,8.413,0.835,358
104114,ALTO DE POCLUS,PIURA,AYABACA,gfs,temp,20260830,20260928,"00Z,12Z",D1,3h,9.358,9.358,9.51,0.861,358
104114,ALTO DE POCLUS,PIURA,AYABACA,eta5,temp,20260830,20260928,"00Z,12Z",D1,3h,-0.011,1.05,1.288,0.864,290
104114,ALTO DE POCLUS,PIURA,AYABACA,wrf5,temp,20260830,20260928,"00Z,12Z",D1,3h,0.994,1.728,2.111,0.748,353
104114,ALTO DE POCLUS,PIURA,AYABACA,mpas15,temp,20260830,20260928,00Z,D1,3h,5.859,5.859,6.121,0.818,179
47E9177A,EL CIRUELO,PIURA,AYABACA,ecmwf,temp,20260830,20260928,"00Z,12Z",D1,3h,S/D,S/D,S/D,S/D,0
47E9177A,EL CIRUELO,PIURA,AYABACA,gfs,temp,20260830,20260928,"00Z,12Z",D1,3h,S/D,S/D,S/D,S/D,0
47E9177A,EL CIRUELO,PIURA,AYABACA,eta5,temp,20260830,20260928,"00Z,12Z",D1,3h,S/D,S/D,S/D,S/D,0
47E9177A,EL CIRUELO,PIURA,AYABACA,wrf5,temp,20260830,20260928,"00Z,12Z",D1,3h,S/D,S/D,S/D,S/D,0
47E9177A,EL CIRUELO,PIURA,AYABACA,mpas15,temp,20260830,20260928,00Z,D1,3h,S/D,S/D,S/D,S/D,0
47E281B0,HUALCUY,PIURA,AYABACA,ecmwf,temp,20260830,20260928,"00Z,12Z",D1,3h,-4.069,4.07,4.321,0.88,476
47E281B0,HUALCUY,PIURA,AYABACA,gfs,temp,20260830,20260928,"00Z,12Z",D1,3h,-3.402,3.558,3.936,0.834,476
47E281B0,HUALCUY,PIURA,AYABACA,eta5,temp,20260830,20260928,"00Z,12Z",D1,3h,1.218,1.818,2.346,0.861,386
47E281B0,HUALCUY,PIURA,AYABACA,wrf5,temp,20260830,20260928,"00Z,12Z",D1,3h,2.968,2.976,3.402,0.906,468
47E281B0,HUALCUY,PIURA,AYABACA,mpas15,temp,20260830,20260928,00Z,D1,3h,-3.143,3.171,3.594,0.881,238
472FC5B8,PAIMAS,PIURA,AYABACA,ecmwf,temp,20260830,20260928,"00Z,12Z",D1,3h,-5.326,5.327,5.688,0.795,478
472FC5B8,PAIMAS,PIURA,AYABACA,gfs,temp,20260830,20260928,"00Z,12Z",D1,3h,-3.952,4.093,4.624,0.773,478
472FC5B8,PAIMAS,PIURA,AYABACA,eta5,temp,20260830,20260928,"00Z,12Z",D1,3h,-2.928,3.227,3.663,0.806,388
472FC5B8,PAIMAS,PIURA,AYABACA,wrf5,temp,20260830,20260928,"00Z,12Z",D1,3h,-1.252,2.457,2.849,0.869,470
472FC5B8,PAIMAS,PIURA,AYABACA,mpas15,temp,20260830,20260928,00Z,D1,3h,-2.875,3.003,3.361,0.9,239
47E0C74E,PUENTE MACARA,PIURA,AYABACA,ecmwf,temp,20260830,20260928,"00Z,12Z",D1,3h,S/D,S/D,S/D,S/D,0
47E0C74E,PUENTE MACARA,PIURA,AYABACA,gfs,temp,20260830,20260928,"00Z,12Z",D1,3h,S/D,S/D,S/D,S/D,0
47E0C74E,PUENTE MACARA,PIURA,AYABACA,eta5,temp,20260830,20260928,"00Z,12Z",D1,3h,S/D,S/D,S/D,S/D,0
47E0C74E,PUENTE MACARA,PIURA,AYABACA,wrf5,temp,20260830,20260928,"00Z,12Z",D1,3h,S/D,S/D,S/D,S/D,0
47E0C74E,PUENTE MACARA,PIURA,AYABACA,mpas15,temp,20260830,20260928,00Z,D1,3h,S/D,S/D,S/D,S/D,0
472FF022,SAPILLICA,PIURA,AYABACA,ecmwf,temp,20260830,20260928,"00Z,12Z",D1,3h,0.09,1.129,1.441,0.873,476
472FF022,SAPILLICA,PIURA,AYABACA,gfs,temp,20260830,20260928,"00Z,12Z",D1,3h,1.47,1.713,2.302,0.865,476
472FF022,SAPILLICA,PIURA,AYABACA,eta5,temp,20260830,20260928,"00Z,12Z",D1,3h,0.178,1.239,1.562,0.849,386
472FF022,SAPILLICA,PIURA,AYABACA,wrf5,temp,20260830,20260928,"00Z,12Z",D1,3h,0.359,1.525,1.952,0.741,468
472FF022,SAPILLICA,PIURA,AYABACA,mpas15,temp,20260830,20260928,00Z,D1,3h,1.206,1.517,2.14,0.885,238
472F86B2,CANCHAQUE,PIURA,HUANCABAMBA,ecmwf,temp,20260830,20260928,"00Z,12Z",D1,3h,-1.58,2.706,3.096,0.775,478
472F86B2,CANCHAQUE,PIURA,HUANCABAMBA,gfs,temp,20260830,20260928,"00Z,12Z",D1,3h,-2.068,2.976,3.366,0.726,478
472F86B2,CANCHAQUE,PIURA,HUANCABAMBA,eta5,temp,20260830,20260928,"00Z,12Z",D1,3h,-0.248,1.52,1.883,0.741,388
472F86B2,CANCHAQUE,PIURA,HUANCABAMBA,wrf5,temp,20260830,20260928,"00Z,12Z",D1,3h,0.029,2.685,3.284,0.344,470
472F86B2,CANCHAQUE,PIURA,HUANCABAMBA,mpas15,temp,20260830,20260928,00Z,D1,3h,-0.002,1.947,2.407,0.713,239
472FE354,HUANCABAMBA,PIURA,HUANCABAMBA,ecmwf,temp,20260830,20260928,"00Z,12Z",D1,3h,-4.534,4.538,5.018,0.849,478
472FE354,HUANCABAMBA,PIURA,HUANCABAMBA,gfs,temp,20260830,20260928,"00Z,12Z",D1,3h,-4.49,4.559,5.132,0.783,478
472FE354,HUANCABAMBA,PIURA,HUANCABAMBA,eta5,temp,20260830,20260928,"00Z,12Z",D1,3h,-3.334,3.434,3.983,0.862,388
472FE354,HUANCABAMBA,PIURA,HUANCABAMBA,wrf5,temp,20260830,20260928,"00Z,12Z",D1,3h,0.157,1.645,2.069,0.825,470
472FE354,HUANCABAMBA,PIURA,HUANCABAMBA,mpas15,temp,20260830,20260928,00Z,D1,3h,-4.209,4.318,4.888,0.768,239
472761E6,HUARMACA,PIURA,HUANCABAMBA,ecmwf,temp,20260830,20260928,"00Z,12Z",D1,3h,0.862,1.961,2.513,0.694,480
472761E6,HUARMACA,PIURA,HUANCABAMBA,gfs,temp,20260830,20260928,"00Z,12Z",D1,3h,0.375,1.965,2.487,0.589,480
472761E6,HUARMACA,PIURA,HUANCABAMBA,eta5,temp,20260830,20260928,"00Z,12Z",D1,3h,0.906,1.861,2.413,0.596,389
472761E6,HUARMACA,PIURA,HUANCABAMBA,wrf5,temp,20260830,20260928,"00Z,12Z",D1,3h,2.025,2.487,2.99,0.653,472
472761E6,HUARMACA,PIURA,HUANCABAMBA,mpas15,temp,20260830,20260928,00Z,D1,3h,-0.261,1.826,2.237,0.586,240
472FB328,CHALACO,PIURA,MORROPON,ecmwf,temp,20260830,20260928,"00Z,12Z",D1,3h,0.971,1.482,1.856,0.838,478
472FB328,CHALACO,PIURA,MORROPON,gfs,temp,20260830,20260928,"00Z,12Z",D1,3h,0.373,1.23,1.578,0.862,478
472FB328,CHALACO,PIURA,MORROPON,eta5,temp,20260830,20260928,"00Z,12Z",D1,3h,2.701,2.855,3.324,0.831,388
472FB328,CHALACO,PIURA,MORROPON,wrf5,temp,20260830,20260928,"00Z,12Z",D1,3h,1.084,2.683,3.278,0.538,470
472FB328,CHALACO,PIURA,MORROPON,mpas15,temp,20260830,20260928,00Z,D1,3h,3.543,3.563,3.976,0.833,239
472F6540,CHULUCANAS,PIURA,MORROPON,ecmwf,temp,20260830,20260928,"00Z,12Z",D1,3h,0.601,1.253,1.776,0.935,478
472F6540,CHULUCANAS,PIURA,MORROPON,gfs,temp,20260830,20260928,"00Z,12Z",D1,3h,-0.204,1.613,1.964,0.932,478
472F6540,CHULUCANAS,PIURA,MORROPON,eta5,temp,20260830,20260928,"00Z,12Z",D1,3h,0.891,1.737,2.343,0.937,387
472F6540,CHULUCANAS,PIURA,MORROPON,wrf5,temp,20260830,20260928,"00Z,12Z",D1,3h,-0.598,1.97,2.284,0.919,470
472F6540,CHULUCANAS,PIURA,MORROPON,mpas15,temp,20260830,20260928,00Z,D1,3h,-1.603,2.092,2.364,0.946,239
47E037CA,CORRAL DEL MEDIO,PIURA,MORROPON,ecmwf,temp,20260830,20260928,"00Z,12Z",D1,3h,S/D,S/D,S/D,S/D,0
47E037CA,CORRAL DEL MEDIO,PIURA,MORROPON,gfs,temp,20260830,20260928,"00Z,12Z",D1,3h,S/D,S/D,S/D,S/D,0
47E037CA,CORRAL DEL MEDIO,PIURA,MORROPON,eta5,temp,20260830,20260928,"00Z,12Z",D1,3h,S/D,S/D,S/D,S/D,0
47E037CA,CORRAL DEL MEDIO,PIURA,MORROPON,wrf5,temp,20260830,20260928,"00Z,12Z",D1,3h,S/D,S/D,S/D,S/D,0
47E037CA,CORRAL DEL MEDIO,PIURA,MORROPON,mpas15,temp,20260830,20260928,00Z,D1,3h,S/D,S/D,S/D,S/D,0
472F50DA,EL VIRREY,PIURA,MORROPON,ecmwf,temp,20260830,20260928,"00Z,12Z",D1,3h,-0.321,1.191,1.534,0.944,476
472F50DA,EL VIRREY,PIURA,MORROPON,gfs,temp,20260830,20260928,"00Z,12Z",D1,3h,-0.283,1.919,2.338,0.922,476
472F50DA,EL VIRREY,PIURA,MORROPON,eta5,temp,20260830,20260928,"00Z,12Z",D1,3h,-0.894,2.078,2.418,0.917,386
472F50DA,EL VIRREY,PIURA,MORROPON,wrf5,temp,20260830,20260928,"00Z,12Z",D1,3h,-1.348,2.392,2.786,0.88,468
472F50DA,EL VIRREY,PIURA,MORROPON,mpas15,temp,20260830,20260928,00Z,D1,3h,-0.333,1.473,1.876,0.939,238
47E074C0,HACIENDA BARRIOS,PIURA,MORROPON,ecmwf,temp,20260830,20260928,"00Z,12Z",D1,3h,S/D,S/D,S/D,S/D,0
47E074C0,HACIENDA BARRIOS,PIURA,MORROPON,gfs,temp,20260830,20260928,"00Z,12Z",D1,3h,S/D,S/D,S/D,S/D,0
47E074C0,HACIENDA BARRIOS,PIURA,MORROPON,eta5,temp,20260830,20260928,"00Z,12Z",D1,3h,S/D,S/D,S/D,S/D,0
47E074C0,HACIENDA BARRIOS,PIURA,MORROPON,wrf5,temp,20260830,20260928,"00Z,12Z",D1,3h,S/D,S/D,S/D,S/D,0
47E074C0,HACIENDA BARRIOS,PIURA,MORROPON,mpas15,temp,20260830,20260928,00Z,D1,3h,S/D,S/D,S/D,S/D,0
472F95C4,HACIENDA BIGOTE ,PIURA,MORROPON,ecmwf,temp,20260830,20260928,"00Z,12Z",D1,3h,-4.163,4.175,4.518,0.886,478
472F95C4,HACIENDA BIGOTE ,PIURA,MORROPON,gfs,temp,20260830,20260928,"00Z,12Z",D1,3h,-4.194,4.261,4.728,0.819,478
472F95C4,HACIENDA BIGOTE ,PIURA,MORROPON,eta5,temp,20260830,20260928,"00Z,12Z",D1,3h,1.158,2.336,3.016,0.886,388
472F95C4,HACIENDA BIGOTE ,PIURA,MORROPON,wrf5,temp,20260830,20260928,"00Z,12Z",D1,3h,-1.334,2.486,2.822,0.877,470
472F95C4,HACIENDA BIGOTE ,PIURA,MORROPON,mpas15,temp,20260830,20260928,00Z,D1,3h,-5.783,5.828,6.32,0.694,239
472FA05E,MALACASI,PIURA,MORROPON,ecmwf,temp,20260830,20260928,"00Z,12Z",D1,3h,-4.049,4.062,4.484,0.897,476
472FA05E,MALACASI,PIURA,MORROPON,gfs,temp,20260830,20260928,"00Z,12Z",D1,3h,-4.078,4.12,4.534,0.845,476
472FA05E,MALACASI,PIURA,MORROPON,eta5,temp,20260830,20260928,"00Z,12Z",D1,3h,-0.048,1.844,2.269,0.913,386
472FA05E,MALACASI,PIURA,MORROPON,wrf5,temp,20260830,20260928,"00Z,12Z",D1,3h,-1.206,2.079,2.408,0.916,468
472FA05E,MALACASI,PIURA,MORROPON,mpas15,temp,20260830,20260928,00Z,D1,3h,-3.392,3.448,3.75,0.906,238
472F7636,MORROPON,PIURA,MORROPON,ecmwf,temp,20260830,20260928,"00Z,12Z",D1,3h,-0.542,1.476,1.777,0.935,478
472F7636,MORROPON,PIURA,MORROPON,gfs,temp,20260830,20260928,"00Z,12Z",D1,3h,-0.508,2.055,2.377,0.92,478
472F7636,MORROPON,PIURA,MORROPON,eta5,temp,20260830,20260928,"00Z,12Z",D1,3h,0.768,1.886,2.451,0.933,388
472F7636,MORROPON,PIURA,MORROPON,wrf5,temp,20260830,20260928,"00Z,12Z",D1,3h,-0.387,2.004,2.327,0.917,470
472F7636,MORROPON,PIURA,MORROPON,mpas15,temp,20260830,20260928,00Z,D1,3h,-3.05,3.158,3.45,0.93,239
47E067B6,SALITRAL,PIURA,MORROPON,ecmwf,temp,20260830,20260928,"00Z,12Z",D1,3h,S/D,S/D,S/D,S/D,0
47E067B6,SALITRAL,PIURA,MORROPON,gfs,temp,20260830,20260928,"00Z,12Z",D1,3h,S/D,S/D,S/D,S/D,0
47E067B6,SALITRAL,PIURA,MORROPON,eta5,temp,20260830,20260928,"00Z,12Z",D1,3h,S/D,S/D,S/D,S/D,0
47E067B6,SALITRAL,PIURA,MORROPON,wrf5,temp,20260830,20260928,"00Z,12Z",D1,3h,S/D,S/D,S/D,S/D,0
47E067B6,SALITRAL,PIURA,MORROPON,mpas15,temp,20260830,20260928,00Z,D1,3h,S/D,S/D,S/D,S/D,0
47E08444,SAN PEDRO,PIURA,MORROPON,ecmwf,temp,20260830,20260928,"00Z,12Z",D1,3h,S/D,S/D,S/D,S/D,0
47E08444,SAN PEDRO,PIURA,MORROPON,gfs,temp,20260830,20260928,"00Z,12Z",D1,3h,S/D,S/D,S/D,S/D,0
47E08444,SAN PEDRO,PIURA,MORROPON,eta5,temp,20260830,20260928,"00Z,12Z",D1,3h,S/D,S/D,S/D,S/D,0
47E08444,SAN PEDRO,PIURA,MORROPON,wrf5,temp,20260830,20260928,"00Z,12Z",D1,3h,S/D,S/D,S/D,S/D,0
47E08444,SAN PEDRO,PIURA,MORROPON,mpas15,temp,20260830,20260928,00Z,D1,3h,S/D,S/D,S/D,S/D,0
105145,SANTO DOMINGO,PIURA,MORROPON,ecmwf,temp,20260830,20260928,"00Z,12Z",D1,3h,-3.086,3.286,3.575,0.718,28
105145,SANTO DOMINGO,PIURA,MORROPON,gfs,temp,20260830,20260928,"00Z,12Z",D1,3h,-4.092,4.393,4.76,0.558,28
105145,SANTO DOMINGO,PIURA,MORROPON,eta5,temp,20260830,20260928,"00Z,12Z",D1,3h,-1.482,2.011,2.267,0.824,24
105145,SANTO DOMINGO,PIURA,MORROPON,wrf5,temp,20260830,20260928,"00Z,12Z",D1,3h,0.267,1.03,1.427,0.849,28
105145,SANTO DOMINGO,PIURA,MORROPON,mpas15,temp,20260830,20260928,00Z,D1,3h,0.357,1.441,1.684,0.803,14
47E0B1DE,PUENTE SIMON RODRIGUEZ,PIURA,PAITA,ecmwf,temp,20260830,20260928,"00Z,12Z",D1,3h,S/D,S/D,S/D,S/D,0
47E0B1DE,PUENTE SIMON RODRIGUEZ,PIURA,PAITA,gfs,temp,20260830,20260928,"00Z,12Z",D1,3h,S/D,S/D,S/D,S/D,0
47E0B1DE,PUENTE SIMON RODRIGUEZ,PIURA,PAITA,eta5,temp,20260830,20260928,"00Z,12Z",D1,3h,S/D,S/D,S/D,S/D,0
47E0B1DE,PUENTE SIMON RODRIGUEZ,PIURA,PAITA,wrf5,temp,20260830,20260928,"00Z,12Z",D1,3h,S/D,S/D,S/D,S/D,0
47E0B1DE,PUENTE SIMON RODRIGUEZ,PIURA,PAITA,mpas15,temp,20260830,20260928,00Z,D1,3h,S/D,S/D,S/D,S/D,0
47E0E1A2,BOCATOMA CHIPILLICO,PIURA,PIURA,ecmwf,temp,20260830,20260928,"00Z,12Z",D1,3h,S/D,S/D,S/D,S/D,0
47E0E1A2,BOCATOMA CHIPILLICO,PIURA,PIURA,gfs,temp,20260830,20260928,"00Z,12Z",D1,3h,S/D,S/D,S/D,S/D,0
47E0E1A2,BOCATOMA CHIPILLICO,PIURA,PIURA,eta5,temp,20260830,20260928,"00Z,12Z",D1,3h,S/D,S/D,S/D,S/D,0
47E0E1A2,BOCATOMA CHIPILLICO,PIURA,PIURA,wrf5,temp,20260830,20260928,"00Z,12Z",D1,3h,S/D,S/D,S/D,S/D,0
47E0E1A2,BOCATOMA CHIPILLICO,PIURA,PIURA,mpas15,temp,20260830,20260928,00Z,D1,3h,S/D,S/D,S/D,S/D,0
47E0F2D4,LAGARTERA,PIURA,PIURA,ecmwf,temp,20260830,20260928,"00Z,12Z",D1,3h,S/D,S/D,S/D,S/D,0
47E0F2D4,LAGARTERA,PIURA,PIURA,gfs,temp,20260830,20260928,"00Z,12Z",D1,3h,S/D,S/D,S/D,S/D,0
47E0F2D4,LAGARTERA,PIURA,PIURA,eta5,temp,20260830,20260928,"00Z,12Z",D1,3h,S/D,S/D,S/D,S/D,0
47E0F2D4,LAGARTERA,PIURA,PIURA,wrf5,temp,20260830,20260928,"00Z,12Z",D1,3h,S/D,S/D,S/D,S/D,0
47E0F2D4,LAGARTERA,PIURA,PIURA,mpas15,temp,20260830,20260928,00Z,D1,3h,S/D,S/D,S/D,S/D,0
105112,MIRAFLORES,PIURA,PIURA,ecmwf,temp,20260830,20260928,"00Z,12Z",D1,3h,S/D,S/D,S/D,S/D,0
105112,MIRAFLORES,PIURA,PIURA,gfs,temp,20260830,20260928,"00Z,12Z",D1,3h,S/D,S/D,S/D,S/D,0
105112,MIRAFLORES,PIURA,PIURA,eta5,temp,20260830,20260928,"00Z,12Z",D1,3h,S/D,S/D,S/D,S/D,0
105112,MIRAFLORES,PIURA,PIURA,wrf5,temp,20260830,20260928,"00Z,12Z",D1,3h,S/D,S/D,S/D,S/D,0
105112,MIRAFLORES,PIURA,PIURA,mpas15,temp,20260830,20260928,00Z,D1,3h,S/D,S/D,S/D,S/D,0
104113,PARTIDOR,PIURA,PIURA,ecmwf,temp,20260830,20260928,"00Z,12Z",D1,3h,1.132,1.379,1.929,0.949,282
104113,PARTIDOR,PIURA,PIURA,gfs,temp,20260830,20260928,"00Z,12Z",D1,3h,0.213,1.707,2.075,0.938,282
104113,PARTIDOR,PIURA,PIURA,eta5,temp,20260830,20260928,"00Z,12Z",D1,3h,1.402,1.779,2.421,0.949,243
104113,PARTIDOR,PIURA,PIURA,wrf5,temp,20260830,20260928,"00Z,12Z",D1,3h,-0.348,1.811,2.046,0.933,276
104113,PARTIDOR,PIURA,PIURA,mpas15,temp,20260830,20260928,00Z,D1,3h,-0.203,1.349,1.712,0.953,141
105143,SAN MIGUEL,PIURA,PIURA,ecmwf,temp,20260830,20260928,"00Z,12Z",D1,3h,-0.229,0.907,1.224,0.951,480
105143,SAN MIGUEL,PIURA,PIURA,gfs,temp,20260830,20260928,"00Z,12Z",D1,3h,-0.931,1.218,1.646,0.949,480
105143,SAN MIGUEL,PIURA,PIURA,eta5,temp,20260830,20260928,"00Z,12Z",D1,3h,0.132,1.187,1.488,0.935,389
105143,SAN MIGUEL,PIURA,PIURA,wrf5,temp,20260830,20260928,"00Z,12Z",D1,3h,-0.72,1.264,1.502,0.947,472
105143,SAN MIGUEL,PIURA,PIURA,mpas15,temp,20260830,20260928,00Z,D1,3h,-0.991,1.4,1.624,0.948,240
47E0522C,TAMBO GRANDE,PIURA,PIURA,ecmwf,temp,20260830,20260928,"00Z,12Z",D1,3h,S/D,S/D,S/D,S/D,0
47E0522C,TAMBO GRANDE,PIURA,PIURA,gfs,temp,20260830,20260928,"00Z,12Z",D1,3h,S/D,S/D,S/D,S/D,0
47E0522C,TAMBO GRANDE,PIURA,PIURA,eta5,temp,20260830,20260928,"00Z,12Z",D1,3h,S/D,S/D,S/D,S/D,0
47E0522C,TAMBO GRANDE,PIURA,PIURA,wrf5,temp,20260830,20260928,"00Z,12Z",D1,3h,S/D,S/D,S/D,S/D,0
47E0522C,TAMBO GRANDE,PIURA,PIURA,mpas15,temp,20260830,20260928,00Z,D1,3h,S/D,S/D,S/D,S/D,0
105144,BERNAL,PIURA,SECHURA,ecmwf,temp,20260830,20260928,"00Z,12Z",D1,3h,0.141,0.923,1.219,0.949,290
105144,BERNAL,PIURA,SECHURA,gfs,temp,20260830,20260928,"00Z,12Z",D1,3h,-0.355,1.343,1.533,0.941,290
105144,BERNAL,PIURA,SECHURA,eta5,temp,20260830,20260928,"00Z,12Z",D1,3h,0.208,1.391,1.741,0.926,250
105144,BERNAL,PIURA,SECHURA,wrf5,temp,20260830,20260928,"00Z,12Z",D1,3h,-0.387,1.262,1.472,0.937,284
105144,BERNAL,PIURA,SECHURA,mpas15,temp,20260830,20260928,00Z,D1,3h,-0.251,1.45,1.681,0.945,145
105120,CHUSIS,PIURA,SECHURA,ecmwf,temp,20260830,20260928,"00Z,12Z",D1,3h,0.362,0.901,1.265,0.961,268
105120,CHUSIS,PIURA,SECHURA,gfs,temp,20260830,20260928,"00Z,12Z",D1,3h,-0.111,1.236,1.478,0.954,268
105120,CHUSIS,PIURA,SECHURA,eta5,temp,20260830,20260928,"00Z,12Z",D1,3h,0.11,0.95,1.19,0.928,222
105120,CHUSIS,PIURA,SECHURA,wrf5,temp,20260830,20260928,"00Z,12Z",D1,3h,-0.559,0.987,1.206,0.945,263
105120,CHUSIS,PIURA,SECHURA,mpas15,temp,20260830,20260928,00Z,D1,3h,-0.326,0.829,1.047,0.957,134
47E0D438,ALAMOR,PIURA,SULLANA,ecmwf,temp,20260830,20260928,"00Z,12Z",D1,3h,S/D,S/D,S/D,S/D,0
47E0D438,ALAMOR,PIURA,SULLANA,gfs,temp,20260830,20260928,"00Z,12Z",D1,3h,S/D,S/D,S/D,S/D,0
47E0D438,ALAMOR,PIURA,SULLANA,eta5,temp,20260830,20260928,"00Z,12Z",D1,3h,S/D,S/D,S/D,S/D,0
47E0D438,ALAMOR,PIURA,SULLANA,wrf5,temp,20260830,20260928,"00Z,12Z",D1,3h,S/D,S/D,S/D,S/D,0
47E0D438,ALAMOR,PIURA,SULLANA,mpas15,temp,20260830,20260928,00Z,D1,3h,S/D,S/D,S/D,S/D,0
47E09732,LA ARDILLA,PIURA,SULLANA,ecmwf,temp,20260830,20260928,"00Z,12Z",D1,3h,S/D,S/D,S/D,S/D,0
47E09732,LA ARDILLA,PIURA,SULLANA,gfs,temp,20260830,20260928,"00Z,12Z",D1,3h,S/D,S/D,S/D,S/D,0
47E09732,LA ARDILLA,PIURA,SULLANA,eta5,temp,20260830,20260928,"00Z,12Z",D1,3h,S/D,S/D,S/D,S/D,0
47E09732,LA ARDILLA,PIURA,SULLANA,wrf5,temp,20260830,20260928,"00Z,12Z",D1,3h,S/D,S/D,S/D,S/D,0
47E09732,LA ARDILLA,PIURA,SULLANA,mpas15,temp,20260830,20260928,00Z,D1,3h,S/D,S/D,S/D,S/D,0
472FD6CE,LANCONES,PIURA,SULLANA,ecmwf,temp,20260830,20260928,"00Z,12Z",D1,3h,0.789,1.3,1.836,0.922,478
472FD6CE,LANCONES,PIURA,SULLANA,gfs,temp,20260830,20260928,"00Z,12Z",D1,3h,0.23,1.744,2.107,0.909,478
472FD6CE,LANCONES,PIURA,SULLANA,eta5,temp,20260830,20260928,"00Z,12Z",D1,3h,0.434,1.25,1.618,0.915,388
472FD6CE,LANCONES,PIURA,SULLANA,wrf5,temp,20260830,20260928,"00Z,12Z",D1,3h,-0.029,1.816,2.168,0.899,470
472FD6CE,LANCONES,PIURA,SULLANA,mpas15,temp,20260830,20260928,00Z,D1,3h,-0.164,1.523,1.856,0.935,239
270202,PUENTE AZANGARO,PUNO,AZANGARO,ecmwf,temp,20260830,20260928,"00Z,12Z",D1,3h,-1.012,1.834,2.227,0.939,478
270202,PUENTE AZANGARO,PUNO,AZANGARO,gfs,temp,20260830,20260928,"00Z,12Z",D1,3h,-0.274,1.943,2.563,0.881,478
270202,PUENTE AZANGARO,PUNO,AZANGARO,eta5,temp,20260830,20260928,"00Z,12Z",D1,3h,0.875,2.169,2.713,0.876,387
270202,PUENTE AZANGARO,PUNO,AZANGARO,wrf5,temp,20260830,20260928,"00Z,12Z",D1,3h,0.784,2.02,2.476,0.909,470
270202,PUENTE AZANGARO,PUNO,AZANGARO,mpas15,temp,20260830,20260928,00Z,D1,3h,-2.44,2.834,3.107,0.939,239
4721AAE4,AYMAÑA,PUNO,CARABAYA,ecmwf,temp,20260830,20260928,"00Z,12Z",D1,3h,-5.399,5.506,6.007,0.808,480
4721AAE4,AYMAÑA,PUNO,CARABAYA,gfs,temp,20260830,20260928,"00Z,12Z",D1,3h,-3.558,4.015,4.758,0.764,480
4721AAE4,AYMAÑA,PUNO,CARABAYA,eta5,temp,20260830,20260928,"00Z,12Z",D1,3h,4.184,4.187,4.651,0.87,389
4721AAE4,AYMAÑA,PUNO,CARABAYA,wrf5,temp,20260830,20260928,"00Z,12Z",D1,3h,-1.121,2.388,2.808,0.797,472
4721AAE4,AYMAÑA,PUNO,CARABAYA,mpas15,temp,20260830,20260928,00Z,D1,3h,-4.885,4.999,5.747,0.815,240
4721B992,UPINA,PUNO,CARABAYA,ecmwf,temp,20260830,20260928,"00Z,12Z",D1,3h,-4.084,4.134,4.477,0.864,480
4721B992,UPINA,PUNO,CARABAYA,gfs,temp,20260830,20260928,"00Z,12Z",D1,3h,-3.565,3.688,4.281,0.771,480
4721B992,UPINA,PUNO,CARABAYA,eta5,temp,20260830,20260928,"00Z,12Z",D1,3h,3.182,3.22,3.623,0.843,389
4721B992,UPINA,PUNO,CARABAYA,wrf5,temp,20260830,20260928,"00Z,12Z",D1,3h,-1.796,2.219,2.66,0.811,472
4721B992,UPINA,PUNO,CARABAYA,mpas15,temp,20260830,20260928,00Z,D1,3h,-1.636,2.388,3.107,0.772,240
210003,HUANCASAYA,PUNO,HUANCANE,ecmwf,temp,20260830,20260928,"00Z,12Z",D1,3h,0.478,2.154,3.015,0.818,478
210003,HUANCASAYA,PUNO,HUANCANE,gfs,temp,20260830,20260928,"00Z,12Z",D1,3h,1.511,2.357,3.463,0.801,478
210003,HUANCASAYA,PUNO,HUANCANE,eta5,temp,20260830,20260928,"00Z,12Z",D1,3h,0.579,2.199,3.056,0.817,388
210003,HUANCASAYA,PUNO,HUANCANE,wrf5,temp,20260830,20260928,"00Z,12Z",D1,3h,1.07,2.219,3.133,0.816,470
210003,HUANCASAYA,PUNO,HUANCANE,mpas15,temp,20260830,20260928,00Z,D1,3h,-0.282,2.543,3.202,0.823,239
47251282,PUENTE CARRETERA RAMIS,PUNO,HUANCANE,ecmwf,temp,20260830,20260928,"00Z,12Z",D1,3h,-0.382,1.556,1.977,0.941,474
47251282,PUENTE CARRETERA RAMIS,PUNO,HUANCANE,gfs,temp,20260830,20260928,"00Z,12Z",D1,3h,0.193,2.511,3.131,0.863,474
47251282,PUENTE CARRETERA RAMIS,PUNO,HUANCANE,eta5,temp,20260830,20260928,"00Z,12Z",D1,3h,3.23,3.396,4.099,0.881,385
47251282,PUENTE CARRETERA RAMIS,PUNO,HUANCANE,wrf5,temp,20260830,20260928,"00Z,12Z",D1,3h,1.275,2.126,2.646,0.902,466
47251282,PUENTE CARRETERA RAMIS,PUNO,HUANCANE,mpas15,temp,20260830,20260928,00Z,D1,3h,-1.68,2.187,2.535,0.938,237
472E37C6,PALCA,PUNO,LAMPA,ecmwf,temp,20260830,20260928,"00Z,12Z",D1,3h,-0.761,2.66,3.325,0.898,480
472E37C6,PALCA,PUNO,LAMPA,gfs,temp,20260830,20260928,"00Z,12Z",D1,3h,0.467,3.528,4.223,0.868,480
472E37C6,PALCA,PUNO,LAMPA,eta5,temp,20260830,20260928,"00Z,12Z",D1,3h,0.814,2.738,3.482,0.898,389
472E37C6,PALCA,PUNO,LAMPA,wrf5,temp,20260830,20260928,"00Z,12Z",D1,3h,1.319,3.166,4.185,0.858,472
472E37C6,PALCA,PUNO,LAMPA,mpas15,temp,20260830,20260928,00Z,D1,3h,-3.094,4.408,5.01,0.876,240
472DE6A0,PAMPAHUTA,PUNO,LAMPA,ecmwf,temp,20260830,20260928,"00Z,12Z",D1,3h,-1.2,3.779,4.741,0.78,478
472DE6A0,PAMPAHUTA,PUNO,LAMPA,gfs,temp,20260830,20260928,"00Z,12Z",D1,3h,0.343,3.563,4.521,0.812,478
472DE6A0,PAMPAHUTA,PUNO,LAMPA,eta5,temp,20260830,20260928,"00Z,12Z",D1,3h,3.957,4.443,5.545,0.843,388
472DE6A0,PAMPAHUTA,PUNO,LAMPA,wrf5,temp,20260830,20260928,"00Z,12Z",D1,3h,2.297,3.764,4.899,0.821,470
472DE6A0,PAMPAHUTA,PUNO,LAMPA,mpas15,temp,20260830,20260928,00Z,D1,3h,-0.863,3.263,4.035,0.856,239
114134,ANANSAYA -PUNA,PUNO,MELGAR,ecmwf,temp,20260830,20260928,"00Z,12Z",D1,3h,S/D,S/D,S/D,S/D,0
114134,ANANSAYA -PUNA,PUNO,MELGAR,gfs,temp,20260830,20260928,"00Z,12Z",D1,3h,S/D,S/D,S/D,S/D,0
114134,ANANSAYA -PUNA,PUNO,MELGAR,eta5,temp,20260830,20260928,"00Z,12Z",D1,3h,S/D,S/D,S/D,S/D,0
114134,ANANSAYA -PUNA,PUNO,MELGAR,wrf5,temp,20260830,20260928,"00Z,12Z",D1,3h,S/D,S/D,S/D,S/D,0
114134,ANANSAYA -PUNA,PUNO,MELGAR,mpas15,temp,20260830,20260928,00Z,D1,3h,S/D,S/D,S/D,S/D,0
47256412,ENAFER,PUNO,PUNO,ecmwf,temp,20260830,20260928,"00Z,12Z",D1,3h,S/D,S/D,S/D,S/D,0
47256412,ENAFER,PUNO,PUNO,gfs,temp,20260830,20260928,"00Z,12Z",D1,3h,S/D,S/D,S/D,S/D,0
47256412,ENAFER,PUNO,PUNO,eta5,temp,20260830,20260928,"00Z,12Z",D1,3h,S/D,S/D,S/D,S/D,0
47256412,ENAFER,PUNO,PUNO,wrf5,temp,20260830,20260928,"00Z,12Z",D1,3h,S/D,S/D,S/D,S/D,0
47256412,ENAFER,PUNO,PUNO,mpas15,temp,20260830,20260928,00Z,D1,3h,S/D,S/D,S/D,S/D,0
472E4156,ILLPA,PUNO,PUNO,ecmwf,temp,20260830,20260928,"00Z,12Z",D1,3h,1.494,2.2,2.838,0.948,478
472E4156,ILLPA,PUNO,PUNO,gfs,temp,20260830,20260928,"00Z,12Z",D1,3h,1.006,4.256,5.021,0.862,478
472E4156,ILLPA,PUNO,PUNO,eta5,temp,20260830,20260928,"00Z,12Z",D1,3h,1.649,2.526,3.28,0.916,387
472E4156,ILLPA,PUNO,PUNO,wrf5,temp,20260830,20260928,"00Z,12Z",D1,3h,2.253,2.815,3.628,0.921,470
472E4156,ILLPA,PUNO,PUNO,mpas15,temp,20260830,20260928,00Z,D1,3h,-0.683,4.069,4.914,0.86,239
472CB426,LARAQUERI,PUNO,PUNO,ecmwf,temp,20260830,20260928,"00Z,12Z",D1,3h,-0.477,2.305,2.954,0.9,480
472CB426,LARAQUERI,PUNO,PUNO,gfs,temp,20260830,20260928,"00Z,12Z",D1,3h,0.386,2.751,3.603,0.9,480
472CB426,LARAQUERI,PUNO,PUNO,eta5,temp,20260830,20260928,"00Z,12Z",D1,3h,1.936,2.576,3.674,0.907,389
472CB426,LARAQUERI,PUNO,PUNO,wrf5,temp,20260830,20260928,"00Z,12Z",D1,3h,2.148,2.739,3.906,0.898,472
472CB426,LARAQUERI,PUNO,PUNO,mpas15,temp,20260830,20260928,00Z,D1,3h,-1.389,3.238,3.762,0.886,240
472DD33A,PUNO,PUNO,PUNO,ecmwf,temp,20260830,20260928,"00Z,12Z",D1,3h,-0.656,2.438,2.813,0.868,480
472DD33A,PUNO,PUNO,PUNO,gfs,temp,20260830,20260928,"00Z,12Z",D1,3h,-1.131,2.211,2.754,0.844,480
472DD33A,PUNO,PUNO,PUNO,eta5,temp,20260830,20260928,"00Z,12Z",D1,3h,-0.796,2.511,2.989,0.781,389
472DD33A,PUNO,PUNO,PUNO,wrf5,temp,20260830,20260928,"00Z,12Z",D1,3h,0.995,1.959,2.495,0.857,472
472DD33A,PUNO,PUNO,PUNO,mpas15,temp,20260830,20260928,00Z,D1,3h,-4.101,4.53,5.849,0.225,240
472CF72C,JULIACA,PUNO,SAN ROMAN,ecmwf,temp,20260830,20260928,"00Z,12Z",D1,3h,0.34,1.847,2.503,0.933,480
472CF72C,JULIACA,PUNO,SAN ROMAN,gfs,temp,20260830,20260928,"00Z,12Z",D1,3h,0.814,2.529,3.483,0.899,480
472CF72C,JULIACA,PUNO,SAN ROMAN,eta5,temp,20260830,20260928,"00Z,12Z",D1,3h,1.282,2.646,3.394,0.885,389
472CF72C,JULIACA,PUNO,SAN ROMAN,wrf5,temp,20260830,20260928,"00Z,12Z",D1,3h,1.316,2.429,3.348,0.904,472
472CF72C,JULIACA,PUNO,SAN ROMAN,mpas15,temp,20260830,20260928,00Z,D1,3h,-0.894,2.399,2.873,0.934,240
107142,BELLAVISTA,SAN MARTIN,BELLAVISTA,ecmwf,temp,20260830,20260928,"00Z,12Z",D1,3h,-1.258,1.698,2.269,0.892,480
107142,BELLAVISTA,SAN MARTIN,BELLAVISTA,gfs,temp,20260830,20260928,"00Z,12Z",D1,3h,-2.456,3.165,3.776,0.858,480
107142,BELLAVISTA,SAN MARTIN,BELLAVISTA,eta5,temp,20260830,20260928,"00Z,12Z",D1,3h,0.552,2.071,2.583,0.838,389
107142,BELLAVISTA,SAN MARTIN,BELLAVISTA,wrf5,temp,20260830,20260928,"00Z,12Z",D1,3h,-1.028,1.867,2.297,0.872,472
107142,BELLAVISTA,SAN MARTIN,BELLAVISTA,mpas15,temp,20260830,20260928,00Z,D1,3h,-2.772,2.841,3.342,0.923,240
210006,SHANAO,SAN MARTIN,LAMAS,ecmwf,temp,20260830,20260928,"00Z,12Z",D1,3h,S/D,S/D,S/D,S/D,0
210006,SHANAO,SAN MARTIN,LAMAS,gfs,temp,20260830,20260928,"00Z,12Z",D1,3h,S/D,S/D,S/D,S/D,0
210006,SHANAO,SAN MARTIN,LAMAS,eta5,temp,20260830,20260928,"00Z,12Z",D1,3h,S/D,S/D,S/D,S/D,0
210006,SHANAO,SAN MARTIN,LAMAS,wrf5,temp,20260830,20260928,"00Z,12Z",D1,3h,S/D,S/D,S/D,S/D,0
210006,SHANAO,SAN MARTIN,LAMAS,mpas15,temp,20260830,20260928,00Z,D1,3h,S/D,S/D,S/D,S/D,0
106144,JEPELACIO,SAN MARTIN,MOYOBAMBA,ecmwf,temp,20260830,20260928,"00Z,12Z",D1,3h,0.113,1.571,2.001,0.874,480
106144,JEPELACIO,SAN MARTIN,MOYOBAMBA,gfs,temp,20260830,20260928,"00Z,12Z",D1,3h,-0.676,2.115,2.549,0.859,480
106144,JEPELACIO,SAN MARTIN,MOYOBAMBA,eta5,temp,20260830,20260928,"00Z,12Z",D1,3h,2.989,3.131,3.78,0.812,389
106144,JEPELACIO,SAN MARTIN,MOYOBAMBA,wrf5,temp,20260830,20260928,"00Z,12Z",D1,3h,-0.532,1.857,2.325,0.792,472
106144,JEPELACIO,SAN MARTIN,MOYOBAMBA,mpas15,temp,20260830,20260928,00Z,D1,3h,-2.088,2.581,3.246,0.769,240
106145,TINGO DE PONAZA,SAN MARTIN,PICOTA,ecmwf,temp,20260830,20260928,"00Z,12Z",D1,3h,-1.183,1.913,2.456,0.865,332
106145,TINGO DE PONAZA,SAN MARTIN,PICOTA,gfs,temp,20260830,20260928,"00Z,12Z",D1,3h,-2.625,2.921,3.613,0.874,332
106145,TINGO DE PONAZA,SAN MARTIN,PICOTA,eta5,temp,20260830,20260928,"00Z,12Z",D1,3h,0.355,2.272,2.831,0.809,262
106145,TINGO DE PONAZA,SAN MARTIN,PICOTA,wrf5,temp,20260830,20260928,"00Z,12Z",D1,3h,-0.83,1.778,2.181,0.897,324
106145,TINGO DE PONAZA,SAN MARTIN,PICOTA,mpas15,temp,20260830,20260928,00Z,D1,3h,-3.481,3.507,4.187,0.916,166
4724851A,NARANJILLO,SAN MARTIN,RIOJA,ecmwf,temp,20260830,20260928,"00Z,12Z",D1,3h,-2.194,2.475,2.895,0.889,474
4724851A,NARANJILLO,SAN MARTIN,RIOJA,gfs,temp,20260830,20260928,"00Z,12Z",D1,3h,-4.201,4.269,4.8,0.801,474
4724851A,NARANJILLO,SAN MARTIN,RIOJA,eta5,temp,20260830,20260928,"00Z,12Z",D1,3h,-0.067,1.779,2.2,0.792,384
4724851A,NARANJILLO,SAN MARTIN,RIOJA,wrf5,temp,20260830,20260928,"00Z,12Z",D1,3h,-0.505,1.442,1.904,0.872,466
4724851A,NARANJILLO,SAN MARTIN,RIOJA,mpas15,temp,20260830,20260928,00Z,D1,3h,-5.515,5.521,6.059,0.744,237
4723013A,EL PORVENIR,SAN MARTIN,SAN MARTIN,ecmwf,temp,20260830,20260928,"00Z,12Z",D1,3h,-3.737,3.855,4.685,0.833,422
4723013A,EL PORVENIR,SAN MARTIN,SAN MARTIN,gfs,temp,20260830,20260928,"00Z,12Z",D1,3h,-3.304,3.386,4.057,0.877,422
4723013A,EL PORVENIR,SAN MARTIN,SAN MARTIN,eta5,temp,20260830,20260928,"00Z,12Z",D1,3h,0.667,2.183,2.734,0.835,359
4723013A,EL PORVENIR,SAN MARTIN,SAN MARTIN,wrf5,temp,20260830,20260928,"00Z,12Z",D1,3h,-0.212,1.653,2.066,0.894,414
4723013A,EL PORVENIR,SAN MARTIN,SAN MARTIN,mpas15,temp,20260830,20260928,00Z,D1,3h,-3.309,3.335,3.97,0.928,211
47E2E456,TOCACHE,SAN MARTIN,TOCACHE,ecmwf,temp,20260830,20260928,"00Z,12Z",D1,3h,-1.019,1.618,1.961,0.887,472
47E2E456,TOCACHE,SAN MARTIN,TOCACHE,gfs,temp,20260830,20260928,"00Z,12Z",D1,3h,-1.329,3.087,3.427,0.846,472
47E2E456,TOCACHE,SAN MARTIN,TOCACHE,eta5,temp,20260830,20260928,"00Z,12Z",D1,3h,1.865,2.289,2.87,0.835,384
47E2E456,TOCACHE,SAN MARTIN,TOCACHE,wrf5,temp,20260830,20260928,"00Z,12Z",D1,3h,0.247,1.673,2.095,0.866,464
47E2E456,TOCACHE,SAN MARTIN,TOCACHE,mpas15,temp,20260830,20260928,00Z,D1,3h,-2.885,3.109,3.531,0.836,236
47E2C2BA,CANDARAVE,TACNA,CANDARAVE,ecmwf,temp,20260830,20260928,"00Z,12Z",D1,3h,-1.496,1.733,2.055,0.942,478
47E2C2BA,CANDARAVE,TACNA,CANDARAVE,gfs,temp,20260830,20260928,"00Z,12Z",D1,3h,-1.022,1.816,2.235,0.903,478
47E2C2BA,CANDARAVE,TACNA,CANDARAVE,eta5,temp,20260830,20260928,"00Z,12Z",D1,3h,-0.182,1.139,1.399,0.933,388
47E2C2BA,CANDARAVE,TACNA,CANDARAVE,wrf5,temp,20260830,20260928,"00Z,12Z",D1,3h,2.339,2.397,2.89,0.899,470
47E2C2BA,CANDARAVE,TACNA,CANDARAVE,mpas15,temp,20260830,20260928,00Z,D1,3h,-1.434,1.894,2.306,0.926,239
47E1654C,CORACHAY II,TACNA,CANDARAVE,ecmwf,temp,20260830,20260928,"00Z,12Z",D1,3h,S/D,S/D,S/D,S/D,0
47E1654C,CORACHAY II,TACNA,CANDARAVE,gfs,temp,20260830,20260928,"00Z,12Z",D1,3h,S/D,S/D,S/D,S/D,0
47E1654C,CORACHAY II,TACNA,CANDARAVE,eta5,temp,20260830,20260928,"00Z,12Z",D1,3h,S/D,S/D,S/D,S/D,0
47E1654C,CORACHAY II,TACNA,CANDARAVE,wrf5,temp,20260830,20260928,"00Z,12Z",D1,3h,S/D,S/D,S/D,S/D,0
47E1654C,CORACHAY II,TACNA,CANDARAVE,mpas15,temp,20260830,20260928,00Z,D1,3h,S/D,S/D,S/D,S/D,0
47E12646,LAGUNA ARICOTA,TACNA,CANDARAVE,ecmwf,temp,20260830,20260928,"00Z,12Z",D1,3h,S/D,S/D,S/D,S/D,0
47E12646,LAGUNA ARICOTA,TACNA,CANDARAVE,gfs,temp,20260830,20260928,"00Z,12Z",D1,3h,S/D,S/D,S/D,S/D,0
47E12646,LAGUNA ARICOTA,TACNA,CANDARAVE,eta5,temp,20260830,20260928,"00Z,12Z",D1,3h,S/D,S/D,S/D,S/D,0
47E12646,LAGUNA ARICOTA,TACNA,CANDARAVE,wrf5,temp,20260830,20260928,"00Z,12Z",D1,3h,S/D,S/D,S/D,S/D,0
47E12646,LAGUNA ARICOTA,TACNA,CANDARAVE,mpas15,temp,20260830,20260928,00Z,D1,3h,S/D,S/D,S/D,S/D,0
47E186BE,PUENTE VIEJO,TACNA,JORGE BASADRE,ecmwf,temp,20260830,20260928,"00Z,12Z",D1,3h,S/D,S/D,S/D,S/D,0
47E186BE,PUENTE VIEJO,TACNA,JORGE BASADRE,gfs,temp,20260830,20260928,"00Z,12Z",D1,3h,S/D,S/D,S/D,S/D,0
47E186BE,PUENTE VIEJO,TACNA,JORGE BASADRE,eta5,temp,20260830,20260928,"00Z,12Z",D1,3h,S/D,S/D,S/D,S/D,0
47E186BE,PUENTE VIEJO,TACNA,JORGE BASADRE,wrf5,temp,20260830,20260928,"00Z,12Z",D1,3h,S/D,S/D,S/D,S/D,0
47E186BE,PUENTE VIEJO,TACNA,JORGE BASADRE,mpas15,temp,20260830,20260928,00Z,D1,3h,S/D,S/D,S/D,S/D,0
47E2B42A,BOCATOMA EL AYRO,TACNA,TACNA,ecmwf,temp,20260830,20260928,"00Z,12Z",D1,3h,-3.451,4.858,5.459,0.756,478
47E2B42A,BOCATOMA EL AYRO,TACNA,TACNA,gfs,temp,20260830,20260928,"00Z,12Z",D1,3h,-1.885,4.177,4.758,0.767,478
47E2B42A,BOCATOMA EL AYRO,TACNA,TACNA,eta5,temp,20260830,20260928,"00Z,12Z",D1,3h,1.498,2.681,3.666,0.818,388
47E2B42A,BOCATOMA EL AYRO,TACNA,TACNA,wrf5,temp,20260830,20260928,"00Z,12Z",D1,3h,1.426,2.806,3.734,0.858,470
47E2B42A,BOCATOMA EL AYRO,TACNA,TACNA,mpas15,temp,20260830,20260928,00Z,D1,3h,-3.224,4.181,4.682,0.85,239
47E143A0,CAPLINA,TACNA,TACNA,ecmwf,temp,20260830,20260928,"00Z,12Z",D1,3h,S/D,S/D,S/D,S/D,0
47E143A0,CAPLINA,TACNA,TACNA,gfs,temp,20260830,20260928,"00Z,12Z",D1,3h,S/D,S/D,S/D,S/D,0
47E143A0,CAPLINA,TACNA,TACNA,eta5,temp,20260830,20260928,"00Z,12Z",D1,3h,S/D,S/D,S/D,S/D,0
47E143A0,CAPLINA,TACNA,TACNA,wrf5,temp,20260830,20260928,"00Z,12Z",D1,3h,S/D,S/D,S/D,S/D,0
47E143A0,CAPLINA,TACNA,TACNA,mpas15,temp,20260830,20260928,00Z,D1,3h,S/D,S/D,S/D,S/D,0
47E13530,CERRO BLANCO,TACNA,TACNA,ecmwf,temp,20260830,20260928,"00Z,12Z",D1,3h,S/D,S/D,S/D,S/D,0
47E13530,CERRO BLANCO,TACNA,TACNA,gfs,temp,20260830,20260928,"00Z,12Z",D1,3h,S/D,S/D,S/D,S/D,0
47E13530,CERRO BLANCO,TACNA,TACNA,eta5,temp,20260830,20260928,"00Z,12Z",D1,3h,S/D,S/D,S/D,S/D,0
47E13530,CERRO BLANCO,TACNA,TACNA,wrf5,temp,20260830,20260928,"00Z,12Z",D1,3h,S/D,S/D,S/D,S/D,0
47E13530,CERRO BLANCO,TACNA,TACNA,mpas15,temp,20260830,20260928,00Z,D1,3h,S/D,S/D,S/D,S/D,0
47E195C8,CHALLATA,TACNA,TACNA,ecmwf,temp,20260830,20260928,"00Z,12Z",D1,3h,S/D,S/D,S/D,S/D,0
47E195C8,CHALLATA,TACNA,TACNA,gfs,temp,20260830,20260928,"00Z,12Z",D1,3h,S/D,S/D,S/D,S/D,0
47E195C8,CHALLATA,TACNA,TACNA,eta5,temp,20260830,20260928,"00Z,12Z",D1,3h,S/D,S/D,S/D,S/D,0
47E195C8,CHALLATA,TACNA,TACNA,wrf5,temp,20260830,20260928,"00Z,12Z",D1,3h,S/D,S/D,S/D,S/D,0
47E195C8,CHALLATA,TACNA,TACNA,mpas15,temp,20260830,20260928,00Z,D1,3h,S/D,S/D,S/D,S/D,0
4722F344,LA TRANCA,TACNA,TACNA,ecmwf,temp,20260830,20260928,"00Z,12Z",D1,3h,S/D,S/D,S/D,S/D,0
4722F344,LA TRANCA,TACNA,TACNA,gfs,temp,20260830,20260928,"00Z,12Z",D1,3h,S/D,S/D,S/D,S/D,0
4722F344,LA TRANCA,TACNA,TACNA,eta5,temp,20260830,20260928,"00Z,12Z",D1,3h,S/D,S/D,S/D,S/D,0
4722F344,LA TRANCA,TACNA,TACNA,wrf5,temp,20260830,20260928,"00Z,12Z",D1,3h,S/D,S/D,S/D,S/D,0
4722F344,LA TRANCA,TACNA,TACNA,mpas15,temp,20260830,20260928,00Z,D1,3h,S/D,S/D,S/D,S/D,0
47E113DC,REPRESA PAUCARANI,TACNA,TACNA,ecmwf,temp,20260830,20260928,"00Z,12Z",D1,3h,S/D,S/D,S/D,S/D,0
47E113DC,REPRESA PAUCARANI,TACNA,TACNA,gfs,temp,20260830,20260928,"00Z,12Z",D1,3h,S/D,S/D,S/D,S/D,0
47E113DC,REPRESA PAUCARANI,TACNA,TACNA,eta5,temp,20260830,20260928,"00Z,12Z",D1,3h,S/D,S/D,S/D,S/D,0
47E113DC,REPRESA PAUCARANI,TACNA,TACNA,wrf5,temp,20260830,20260928,"00Z,12Z",D1,3h,S/D,S/D,S/D,S/D,0
47E113DC,REPRESA PAUCARANI,TACNA,TACNA,mpas15,temp,20260830,20260928,00Z,D1,3h,S/D,S/D,S/D,S/D,0
117059,ANCOAQUE,TACNA,TARATA,ecmwf,temp,20260830,20260928,"00Z,12Z",D1,3h,S/D,S/D,S/D,S/D,0
117059,ANCOAQUE,TACNA,TARATA,gfs,temp,20260830,20260928,"00Z,12Z",D1,3h,S/D,S/D,S/D,S/D,0
117059,ANCOAQUE,TACNA,TARATA,eta5,temp,20260830,20260928,"00Z,12Z",D1,3h,S/D,S/D,S/D,S/D,0
117059,ANCOAQUE,TACNA,TARATA,wrf5,temp,20260830,20260928,"00Z,12Z",D1,3h,S/D,S/D,S/D,S/D,0
117059,ANCOAQUE,TACNA,TARATA,mpas15,temp,20260830,20260928,00Z,D1,3h,S/D,S/D,S/D,S/D,0
47E292C6,CHUAPALCA,TACNA,TARATA,ecmwf,temp,20260830,20260928,"00Z,12Z",D1,3h,0.164,3.488,4.3,0.879,474
47E292C6,CHUAPALCA,TACNA,TARATA,gfs,temp,20260830,20260928,"00Z,12Z",D1,3h,0.371,4.588,5.586,0.786,474
47E292C6,CHUAPALCA,TACNA,TARATA,eta5,temp,20260830,20260928,"00Z,12Z",D1,3h,2.258,3.43,5.192,0.824,384
47E292C6,CHUAPALCA,TACNA,TARATA,wrf5,temp,20260830,20260928,"00Z,12Z",D1,3h,2.741,3.772,5.643,0.853,466
47E292C6,CHUAPALCA,TACNA,TARATA,mpas15,temp,20260830,20260928,00Z,D1,3h,-1.902,4.641,5.1,0.853,237
47E150D6,PUENTE TALAPALCA,TACNA,TARATA,ecmwf,temp,20260830,20260928,"00Z,12Z",D1,3h,S/D,S/D,S/D,S/D,0
47E150D6,PUENTE TALAPALCA,TACNA,TARATA,gfs,temp,20260830,20260928,"00Z,12Z",D1,3h,S/D,S/D,S/D,S/D,0
47E150D6,PUENTE TALAPALCA,TACNA,TARATA,eta5,temp,20260830,20260928,"00Z,12Z",D1,3h,S/D,S/D,S/D,S/D,0
47E150D6,PUENTE TALAPALCA,TACNA,TARATA,wrf5,temp,20260830,20260928,"00Z,12Z",D1,3h,S/D,S/D,S/D,S/D,0
47E150D6,PUENTE TALAPALCA,TACNA,TARATA,mpas15,temp,20260830,20260928,00Z,D1,3h,S/D,S/D,S/D,S/D,0
47E1B324,REPRESA JARUMAS,TACNA,TARATA,ecmwf,temp,20260830,20260928,"00Z,12Z",D1,3h,S/D,S/D,S/D,S/D,0
47E1B324,REPRESA JARUMAS,TACNA,TARATA,gfs,temp,20260830,20260928,"00Z,12Z",D1,3h,S/D,S/D,S/D,S/D,0
47E1B324,REPRESA JARUMAS,TACNA,TARATA,eta5,temp,20260830,20260928,"00Z,12Z",D1,3h,S/D,S/D,S/D,S/D,0
47E1B324,REPRESA JARUMAS,TACNA,TARATA,wrf5,temp,20260830,20260928,"00Z,12Z",D1,3h,S/D,S/D,S/D,S/D,0
47E1B324,REPRESA JARUMAS,TACNA,TARATA,mpas15,temp,20260830,20260928,00Z,D1,3h,S/D,S/D,S/D,S/D,0
47E1763A,SALIDA TUNEL KOVIRE,TACNA,TARATA,ecmwf,temp,20260830,20260928,"00Z,12Z",D1,3h,S/D,S/D,S/D,S/D,0
47E1763A,SALIDA TUNEL KOVIRE,TACNA,TARATA,gfs,temp,20260830,20260928,"00Z,12Z",D1,3h,S/D,S/D,S/D,S/D,0
47E1763A,SALIDA TUNEL KOVIRE,TACNA,TARATA,eta5,temp,20260830,20260928,"00Z,12Z",D1,3h,S/D,S/D,S/D,S/D,0
47E1763A,SALIDA TUNEL KOVIRE,TACNA,TARATA,wrf5,temp,20260830,20260928,"00Z,12Z",D1,3h,S/D,S/D,S/D,S/D,0
47E1763A,SALIDA TUNEL KOVIRE,TACNA,TARATA,mpas15,temp,20260830,20260928,00Z,D1,3h,S/D,S/D,S/D,S/D,0
47E2D1CC,TARATA,TACNA,TARATA,ecmwf,temp,20260830,20260928,"00Z,12Z",D1,3h,-4.53,4.725,5.37,0.852,478
47E2D1CC,TARATA,TACNA,TARATA,gfs,temp,20260830,20260928,"00Z,12Z",D1,3h,-4.709,4.854,5.787,0.852,478
47E2D1CC,TARATA,TACNA,TARATA,eta5,temp,20260830,20260928,"00Z,12Z",D1,3h,0.078,1.171,1.551,0.924,388
47E2D1CC,TARATA,TACNA,TARATA,wrf5,temp,20260830,20260928,"00Z,12Z",D1,3h,1.177,2.882,3.395,0.843,470
47E2D1CC,TARATA,TACNA,TARATA,mpas15,temp,20260830,20260928,00Z,D1,3h,-6.985,7.052,7.607,0.861,239
47E2A75C,VILACOTA,TACNA,TARATA,ecmwf,temp,20260830,20260928,"00Z,12Z",D1,3h,0.208,2.809,3.369,0.874,478
47E2A75C,VILACOTA,TACNA,TARATA,gfs,temp,20260830,20260928,"00Z,12Z",D1,3h,1.401,3.652,4.5,0.816,478
47E2A75C,VILACOTA,TACNA,TARATA,eta5,temp,20260830,20260928,"00Z,12Z",D1,3h,2.768,3.273,4.638,0.802,388
47E2A75C,VILACOTA,TACNA,TARATA,wrf5,temp,20260830,20260928,"00Z,12Z",D1,3h,1.367,3.902,4.823,0.752,470
47E2A75C,VILACOTA,TACNA,TARATA,mpas15,temp,20260830,20260928,00Z,D1,3h,-1.725,3.249,3.71,0.873,239
472F13D0,CAÑAVERAL,TUMBES,CONTRALMIRANTE VILLAR,ecmwf,temp,20260830,20260928,"00Z,12Z",D1,3h,-0.048,0.9,1.16,0.915,478
472F13D0,CAÑAVERAL,TUMBES,CONTRALMIRANTE VILLAR,gfs,temp,20260830,20260928,"00Z,12Z",D1,3h,-1.03,1.364,1.6,0.882,478
472F13D0,CAÑAVERAL,TUMBES,CONTRALMIRANTE VILLAR,eta5,temp,20260830,20260928,"00Z,12Z",D1,3h,-0.261,1.324,1.625,0.894,387
472F13D0,CAÑAVERAL,TUMBES,CONTRALMIRANTE VILLAR,wrf5,temp,20260830,20260928,"00Z,12Z",D1,3h,-0.667,1.288,1.553,0.864,470
472F13D0,CAÑAVERAL,TUMBES,CONTRALMIRANTE VILLAR,mpas15,temp,20260830,20260928,00Z,D1,3h,-1.856,1.974,2.256,0.892,239
47E01126,CABO INGA H,TUMBES,TUMBES,ecmwf,temp,20260830,20260928,"00Z,12Z",D1,3h,S/D,S/D,S/D,S/D,0
47E01126,CABO INGA H,TUMBES,TUMBES,gfs,temp,20260830,20260928,"00Z,12Z",D1,3h,S/D,S/D,S/D,S/D,0
47E01126,CABO INGA H,TUMBES,TUMBES,eta5,temp,20260830,20260928,"00Z,12Z",D1,3h,S/D,S/D,S/D,S/D,0
47E01126,CABO INGA H,TUMBES,TUMBES,wrf5,temp,20260830,20260928,"00Z,12Z",D1,3h,S/D,S/D,S/D,S/D,0
47E01126,CABO INGA H,TUMBES,TUMBES,mpas15,temp,20260830,20260928,00Z,D1,3h,S/D,S/D,S/D,S/D,0
472F00A6,CABO INGA M,TUMBES,TUMBES,ecmwf,temp,20260830,20260928,"00Z,12Z",D1,3h,-1.356,1.792,2.109,0.878,476
472F00A6,CABO INGA M,TUMBES,TUMBES,gfs,temp,20260830,20260928,"00Z,12Z",D1,3h,-1.318,2.232,2.587,0.828,476
472F00A6,CABO INGA M,TUMBES,TUMBES,eta5,temp,20260830,20260928,"00Z,12Z",D1,3h,-1.137,1.996,2.351,0.851,385
472F00A6,CABO INGA M,TUMBES,TUMBES,wrf5,temp,20260830,20260928,"00Z,12Z",D1,3h,-2.019,2.756,3.127,0.833,468
472F00A6,CABO INGA M,TUMBES,TUMBES,mpas15,temp,20260830,20260928,00Z,D1,3h,-1.998,2.331,2.669,0.862,238
472EF2D8,CAMPAMENTO SEDE,TUMBES,TUMBES,ecmwf,temp,20260830,20260928,"00Z,12Z",D1,3h,-1.063,1.331,1.918,0.422,418
472EF2D8,CAMPAMENTO SEDE,TUMBES,TUMBES,gfs,temp,20260830,20260928,"00Z,12Z",D1,3h,-1.958,1.972,2.433,0.658,418
472EF2D8,CAMPAMENTO SEDE,TUMBES,TUMBES,eta5,temp,20260830,20260928,"00Z,12Z",D1,3h,-0.757,1.107,1.348,0.762,337
472EF2D8,CAMPAMENTO SEDE,TUMBES,TUMBES,wrf5,temp,20260830,20260928,"00Z,12Z",D1,3h,-1.217,1.445,1.756,0.789,411
472EF2D8,CAMPAMENTO SEDE,TUMBES,TUMBES,mpas15,temp,20260830,20260928,00Z,D1,3h,-1.241,1.308,1.764,0.768,209
4724A3F6,EL TIGRE,TUMBES,TUMBES,ecmwf,temp,20260830,20260928,"00Z,12Z",D1,3h,-0.206,0.999,1.287,0.896,472
4724A3F6,EL TIGRE,TUMBES,TUMBES,gfs,temp,20260830,20260928,"00Z,12Z",D1,3h,-1.653,1.907,2.214,0.838,472
4724A3F6,EL TIGRE,TUMBES,TUMBES,eta5,temp,20260830,20260928,"00Z,12Z",D1,3h,-0.231,1.493,1.838,0.83,384
4724A3F6,EL TIGRE,TUMBES,TUMBES,wrf5,temp,20260830,20260928,"00Z,12Z",D1,3h,-0.795,1.45,1.785,0.84,464
4724A3F6,EL TIGRE,TUMBES,TUMBES,mpas15,temp,20260830,20260928,00Z,D1,3h,-2.287,2.402,2.751,0.867,236
472F43AC,HUASIMO,TUMBES,TUMBES,ecmwf,temp,20260830,20260928,"00Z,12Z",D1,3h,1.529,1.618,1.998,0.932,476
472F43AC,HUASIMO,TUMBES,TUMBES,gfs,temp,20260830,20260928,"00Z,12Z",D1,3h,1.569,1.829,2.433,0.903,476
472F43AC,HUASIMO,TUMBES,TUMBES,eta5,temp,20260830,20260928,"00Z,12Z",D1,3h,1.098,1.474,1.877,0.912,385
472F43AC,HUASIMO,TUMBES,TUMBES,wrf5,temp,20260830,20260928,"00Z,12Z",D1,3h,-0.903,1.84,2.145,0.906,468
472F43AC,HUASIMO,TUMBES,TUMBES,mpas15,temp,20260830,20260928,00Z,D1,3h,1.187,1.399,1.883,0.923,238
47E024BC,PUENTE TUMBES,TUMBES,TUMBES,ecmwf,temp,20260830,20260928,"00Z,12Z",D1,3h,S/D,S/D,S/D,S/D,0
47E024BC,PUENTE TUMBES,TUMBES,TUMBES,gfs,temp,20260830,20260928,"00Z,12Z",D1,3h,S/D,S/D,S/D,S/D,0
47E024BC,PUENTE TUMBES,TUMBES,TUMBES,eta5,temp,20260830,20260928,"00Z,12Z",D1,3h,S/D,S/D,S/D,S/D,0
47E024BC,PUENTE TUMBES,TUMBES,TUMBES,wrf5,temp,20260830,20260928,"00Z,12Z",D1,3h,S/D,S/D,S/D,S/D,0
47E024BC,PUENTE TUMBES,TUMBES,TUMBES,mpas15,temp,20260830,20260928,00Z,D1,3h,S/D,S/D,S/D,S/D,0
103068,PUERTO PIZARRO,TUMBES,TUMBES,ecmwf,temp,20260830,20260928,"00Z,12Z",D1,3h,-1.978,2.327,3.201,0.301,336
103068,PUERTO PIZARRO,TUMBES,TUMBES,gfs,temp,20260830,20260928,"00Z,12Z",D1,3h,-2.796,2.83,3.638,0.629,336
103068,PUERTO PIZARRO,TUMBES,TUMBES,eta5,temp,20260830,20260928,"00Z,12Z",D1,3h,-2.318,2.364,2.91,0.892,272
103068,PUERTO PIZARRO,TUMBES,TUMBES,wrf5,temp,20260830,20260928,"00Z,12Z",D1,3h,-1.994,2.287,3.193,0.348,329
103068,PUERTO PIZARRO,TUMBES,TUMBES,mpas15,temp,20260830,20260928,00Z,D1,3h,-1.945,2.041,2.872,0.712,168
472F264A,RICA PLAYA,TUMBES,TUMBES,ecmwf,temp,20260830,20260928,"00Z,12Z",D1,3h,-0.064,1.075,1.354,0.883,478
472F264A,RICA PLAYA,TUMBES,TUMBES,gfs,temp,20260830,20260928,"00Z,12Z",D1,3h,-1.5,1.736,2.025,0.827,478
472F264A,RICA PLAYA,TUMBES,TUMBES,eta5,temp,20260830,20260928,"00Z,12Z",D1,3h,-0.998,1.682,2.043,0.844,387
472F264A,RICA PLAYA,TUMBES,TUMBES,wrf5,temp,20260830,20260928,"00Z,12Z",D1,3h,-1.228,1.756,2.08,0.81,470
472F264A,RICA PLAYA,TUMBES,TUMBES,mpas15,temp,20260830,20260928,00Z,D1,3h,-2.132,2.247,2.626,0.863,239
472F353C,MATAPALO,TUMBES,ZARUMILLA,ecmwf,temp,20260830,20260928,"00Z,12Z",D1,3h,-1.069,1.422,1.726,0.897,478
472F353C,MATAPALO,TUMBES,ZARUMILLA,gfs,temp,20260830,20260928,"00Z,12Z",D1,3h,-1.262,1.841,2.16,0.889,478
472F353C,MATAPALO,TUMBES,ZARUMILLA,eta5,temp,20260830,20260928,"00Z,12Z",D1,3h,0.513,1.286,1.681,0.874,387
472F353C,MATAPALO,TUMBES,ZARUMILLA,wrf5,temp,20260830,20260928,"00Z,12Z",D1,3h,-0.426,1.213,1.552,0.875,470
472F353C,MATAPALO,TUMBES,ZARUMILLA,mpas15,temp,20260830,20260928,00Z,D1,3h,-1.137,1.413,1.803,0.892,239
47E86310,CALLERIA,UCAYALI,CORONEL PORTILLO,ecmwf,temp,20260830,20260928,"00Z,12Z",D1,3h,0.491,1.7,2.173,0.851,480
47E86310,CALLERIA,UCAYALI,CORONEL PORTILLO,gfs,temp,20260830,20260928,"00Z,12Z",D1,3h,1.508,2.466,3.357,0.809,480
47E86310,CALLERIA,UCAYALI,CORONEL PORTILLO,eta5,temp,20260830,20260928,"00Z,12Z",D1,3h,2.933,3.093,3.847,0.793,389
47E86310,CALLERIA,UCAYALI,CORONEL PORTILLO,wrf5,temp,20260830,20260928,"00Z,12Z",D1,3h,1.289,1.845,2.45,0.866,472
47E86310,CALLERIA,UCAYALI,CORONEL PORTILLO,mpas15,temp,20260830,20260928,00Z,D1,3h,-0.079,1.592,2.165,0.869,240
47E87066,PUERTO ESPERANZA,UCAYALI,PURUS,ecmwf,temp,20260830,20260928,"00Z,12Z",D1,3h,-1.009,2.061,2.81,0.843,480
47E87066,PUERTO ESPERANZA,UCAYALI,PURUS,gfs,temp,20260830,20260928,"00Z,12Z",D1,3h,0.452,2.643,3.44,0.783,480
47E87066,PUERTO ESPERANZA,UCAYALI,PURUS,eta5,temp,20260830,20260928,"00Z,12Z",D1,3h,2.175,2.514,3.098,0.869,389
47E87066,PUERTO ESPERANZA,UCAYALI,PURUS,wrf5,temp,20260830,20260928,"00Z,12Z",D1,3h,0.657,1.889,2.44,0.867,472
47E87066,PUERTO ESPERANZA,UCAYALI,PURUS,mpas15,temp,20260830,20260928,00Z,D1,3h,-1.45,2.269,3.063,0.857,240
270001,DESAGUADERO,PUNO,CHUCUITO,ecmwf,temp,20260830,20260928,"00Z,12Z",D1,3h,S/D,S/D,S/D,S/D,0
270001,DESAGUADERO,PUNO,CHUCUITO,gfs,temp,20260830,20260928,"00Z,12Z",D1,3h,S/D,S/D,S/D,S/D,0
270001,DESAGUADERO,PUNO,CHUCUITO,eta5,temp,20260830,20260928,"00Z,12Z",D1,3h,S/D,S/D,S/D,S/D,0
270001,DESAGUADERO,PUNO,CHUCUITO,wrf5,temp,20260830,20260928,"00Z,12Z",D1,3h,S/D,S/D,S/D,S/D,0
270001,DESAGUADERO,PUNO,CHUCUITO,mpas15,temp,20260830,20260928,00Z,D1,3h,S/D,S/D,S/D,S/D,0
101004,GUEPPI,LORETO,PUTUMAYO,ecmwf,temp,20260830,20260928,"00Z,12Z",D1,3h,0.01,1.238,1.641,0.819,480
101004,GUEPPI,LORETO,PUTUMAYO,gfs,temp,20260830,20260928,"00Z,12Z",D1,3h,-0.738,2.389,2.922,0.758,480
101004,GUEPPI,LORETO,PUTUMAYO,eta5,temp,20260830,20260928,"00Z,12Z",D1,3h,1.763,2.123,2.818,0.769,389
101004,GUEPPI,LORETO,PUTUMAYO,wrf5,temp,20260830,20260928,"00Z,12Z",D1,3h,0.515,1.774,2.344,0.767,472
101004,GUEPPI,LORETO,PUTUMAYO,mpas15,temp,20260830,20260928,00Z,D1,3h,0.02,1.21,1.661,0.824,240
