codigo,estacion,departamento,provincia,modelo,variable,periodo_inicio,periodo_fin,ciclos,horizonte,resolucion,bias,mae,rmse,spearman,n
472B55E0,PUENTE SALINAS AMOJAO,AMAZONAS,BAGUA,ecmwf,temp,20260831,20260929,"00Z,12Z",D1,3h,S/D,S/D,S/D,S/D,0
472B55E0,PUENTE SALINAS AMOJAO,AMAZONAS,BAGUA,gfs,temp,20260831,20260929,"00Z,12Z",D1,3h,S/D,S/D,S/D,S/D,0
472B55E0,PUENTE SALINAS AMOJAO,AMAZONAS,BAGUA,eta5,temp,20260831,20260929,"00Z,12Z",D1,3h,S/D,S/D,S/D,S/D,0
472B55E0,PUENTE SALINAS AMOJAO,AMAZONAS,BAGUA,wrf5,temp,20260831,20260929,"00Z,12Z",D1,3h,S/D,S/D,S/D,S/D,0
472B55E0,PUENTE SALINAS AMOJAO,AMAZONAS,BAGUA,mpas15,temp,20260831,20260929,00Z,D1,3h,S/D,S/D,S/D,S/D,0
472C57D4,BAGUA,AMAZONAS,UTCUBAMBA,ecmwf,temp,20260831,20260929,"00Z,12Z",D1,3h,-3.289,3.315,3.679,0.897,480
472C57D4,BAGUA,AMAZONAS,UTCUBAMBA,gfs,temp,20260831,20260929,"00Z,12Z",D1,3h,-3.226,3.316,3.647,0.909,480
472C57D4,BAGUA,AMAZONAS,UTCUBAMBA,eta5,temp,20260831,20260929,"00Z,12Z",D1,3h,-0.831,1.669,2.11,0.875,384
472C57D4,BAGUA,AMAZONAS,UTCUBAMBA,wrf5,temp,20260831,20260929,"00Z,12Z",D1,3h,0.852,1.616,2.065,0.89,472
472C57D4,BAGUA,AMAZONAS,UTCUBAMBA,mpas15,temp,20260831,20260929,00Z,D1,3h,-4.471,4.498,4.783,0.904,240
472B607A,CORRAL QUEMADO,AMAZONAS,UTCUBAMBA,ecmwf,temp,20260831,20260929,"00Z,12Z",D1,3h,S/D,S/D,S/D,S/D,0
472B607A,CORRAL QUEMADO,AMAZONAS,UTCUBAMBA,gfs,temp,20260831,20260929,"00Z,12Z",D1,3h,S/D,S/D,S/D,S/D,0
472B607A,CORRAL QUEMADO,AMAZONAS,UTCUBAMBA,eta5,temp,20260831,20260929,"00Z,12Z",D1,3h,S/D,S/D,S/D,S/D,0
472B607A,CORRAL QUEMADO,AMAZONAS,UTCUBAMBA,wrf5,temp,20260831,20260929,"00Z,12Z",D1,3h,S/D,S/D,S/D,S/D,0
472B607A,CORRAL QUEMADO,AMAZONAS,UTCUBAMBA,mpas15,temp,20260831,20260929,00Z,D1,3h,S/D,S/D,S/D,S/D,0
472B2370,MAGUNCHAL,AMAZONAS,UTCUBAMBA,ecmwf,temp,20260831,20260929,"00Z,12Z",D1,3h,S/D,S/D,S/D,S/D,0
472B2370,MAGUNCHAL,AMAZONAS,UTCUBAMBA,gfs,temp,20260831,20260929,"00Z,12Z",D1,3h,S/D,S/D,S/D,S/D,0
472B2370,MAGUNCHAL,AMAZONAS,UTCUBAMBA,eta5,temp,20260831,20260929,"00Z,12Z",D1,3h,S/D,S/D,S/D,S/D,0
472B2370,MAGUNCHAL,AMAZONAS,UTCUBAMBA,wrf5,temp,20260831,20260929,"00Z,12Z",D1,3h,S/D,S/D,S/D,S/D,0
472B2370,MAGUNCHAL,AMAZONAS,UTCUBAMBA,mpas15,temp,20260831,20260929,00Z,D1,3h,S/D,S/D,S/D,S/D,0
220907,NARANJITO,AMAZONAS,UTCUBAMBA,ecmwf,temp,20260831,20260929,"00Z,12Z",D1,3h,S/D,S/D,S/D,S/D,0
220907,NARANJITO,AMAZONAS,UTCUBAMBA,gfs,temp,20260831,20260929,"00Z,12Z",D1,3h,S/D,S/D,S/D,S/D,0
220907,NARANJITO,AMAZONAS,UTCUBAMBA,eta5,temp,20260831,20260929,"00Z,12Z",D1,3h,S/D,S/D,S/D,S/D,0
220907,NARANJITO,AMAZONAS,UTCUBAMBA,wrf5,temp,20260831,20260929,"00Z,12Z",D1,3h,S/D,S/D,S/D,S/D,0
220907,NARANJITO,AMAZONAS,UTCUBAMBA,mpas15,temp,20260831,20260929,00Z,D1,3h,S/D,S/D,S/D,S/D,0
109096,BUENA VISTA,ANCASH,CASMA,ecmwf,temp,20260831,20260929,"00Z,12Z",D1,3h,0.225,1.072,1.413,0.914,476
109096,BUENA VISTA,ANCASH,CASMA,gfs,temp,20260831,20260929,"00Z,12Z",D1,3h,-1.952,2.069,2.589,0.876,476
109096,BUENA VISTA,ANCASH,CASMA,eta5,temp,20260831,20260929,"00Z,12Z",D1,3h,-1.45,2.087,2.42,0.88,380
109096,BUENA VISTA,ANCASH,CASMA,wrf5,temp,20260831,20260929,"00Z,12Z",D1,3h,-0.849,1.348,1.635,0.908,468
109096,BUENA VISTA,ANCASH,CASMA,mpas15,temp,20260831,20260929,00Z,D1,3h,-1.957,2.102,2.493,0.883,238
4725A10C,CHAVIN,ANCASH,HUARI,ecmwf,temp,20260831,20260929,"00Z,12Z",D1,3h,-9.038,9.038,9.349,0.894,474
4725A10C,CHAVIN,ANCASH,HUARI,gfs,temp,20260831,20260929,"00Z,12Z",D1,3h,-7.977,7.977,8.457,0.877,474
4725A10C,CHAVIN,ANCASH,HUARI,eta5,temp,20260831,20260929,"00Z,12Z",D1,3h,-5.205,5.276,5.719,0.859,380
4725A10C,CHAVIN,ANCASH,HUARI,wrf5,temp,20260831,20260929,"00Z,12Z",D1,3h,-2.231,2.639,3.226,0.89,466
4725A10C,CHAVIN,ANCASH,HUARI,mpas15,temp,20260831,20260929,00Z,D1,3h,-10.022,10.022,10.385,0.903,237
109091,SAUCEPAMPA,ANCASH,HUAYLAS,ecmwf,temp,20260831,20260929,"00Z,12Z",D1,3h,-4.741,4.761,5.354,0.883,476
109091,SAUCEPAMPA,ANCASH,HUAYLAS,gfs,temp,20260831,20260929,"00Z,12Z",D1,3h,-6.887,6.887,7.734,0.848,476
109091,SAUCEPAMPA,ANCASH,HUAYLAS,eta5,temp,20260831,20260929,"00Z,12Z",D1,3h,0.417,1.55,1.904,0.897,380
109091,SAUCEPAMPA,ANCASH,HUAYLAS,wrf5,temp,20260831,20260929,"00Z,12Z",D1,3h,-2.706,2.903,3.781,0.882,468
109091,SAUCEPAMPA,ANCASH,HUAYLAS,mpas15,temp,20260831,20260929,00Z,D1,3h,-9.745,9.745,10.23,0.864,238
472182DA,PUENTE CAHUA,ANCASH,OCROS,ecmwf,temp,20260831,20260929,"00Z,12Z",D1,3h,S/D,S/D,S/D,S/D,0
472182DA,PUENTE CAHUA,ANCASH,OCROS,gfs,temp,20260831,20260929,"00Z,12Z",D1,3h,S/D,S/D,S/D,S/D,0
472182DA,PUENTE CAHUA,ANCASH,OCROS,eta5,temp,20260831,20260929,"00Z,12Z",D1,3h,S/D,S/D,S/D,S/D,0
472182DA,PUENTE CAHUA,ANCASH,OCROS,wrf5,temp,20260831,20260929,"00Z,12Z",D1,3h,S/D,S/D,S/D,S/D,0
472182DA,PUENTE CAHUA,ANCASH,OCROS,mpas15,temp,20260831,20260929,00Z,D1,3h,S/D,S/D,S/D,S/D,0
47E89394,PACHACOTO,ANCASH,RECUAY,ecmwf,temp,20260831,20260929,"00Z,12Z",D1,3h,-0.177,2.526,3.138,0.903,480
47E89394,PACHACOTO,ANCASH,RECUAY,gfs,temp,20260831,20260929,"00Z,12Z",D1,3h,-0.738,3.98,4.731,0.842,480
47E89394,PACHACOTO,ANCASH,RECUAY,eta5,temp,20260831,20260929,"00Z,12Z",D1,3h,1.618,2.498,3.147,0.902,384
47E89394,PACHACOTO,ANCASH,RECUAY,wrf5,temp,20260831,20260929,"00Z,12Z",D1,3h,1.575,3.129,3.817,0.896,472
47E89394,PACHACOTO,ANCASH,RECUAY,mpas15,temp,20260831,20260929,00Z,D1,3h,-3.25,4.374,5.333,0.843,240
47259496,RECUAY,ANCASH,RECUAY,ecmwf,temp,20260831,20260929,"00Z,12Z",D1,3h,-3.206,3.481,4.204,0.938,474
47259496,RECUAY,ANCASH,RECUAY,gfs,temp,20260831,20260929,"00Z,12Z",D1,3h,-3.757,4.898,6.03,0.889,474
47259496,RECUAY,ANCASH,RECUAY,eta5,temp,20260831,20260929,"00Z,12Z",D1,3h,-1.39,2.565,3.1,0.907,379
47259496,RECUAY,ANCASH,RECUAY,wrf5,temp,20260831,20260929,"00Z,12Z",D1,3h,0.711,2.839,3.372,0.922,466
47259496,RECUAY,ANCASH,RECUAY,mpas15,temp,20260831,20260929,00Z,D1,3h,-7.224,7.233,8.264,0.903,237
110138,SHAQUEK,ANCASH,RECUAY,ecmwf,temp,20260831,20260929,"00Z,12Z",D1,3h,-6.474,6.474,6.738,0.818,478
110138,SHAQUEK,ANCASH,RECUAY,gfs,temp,20260831,20260929,"00Z,12Z",D1,3h,-3.711,3.716,3.945,0.837,478
110138,SHAQUEK,ANCASH,RECUAY,eta5,temp,20260831,20260929,"00Z,12Z",D1,3h,-4.645,4.645,4.904,0.81,382
110138,SHAQUEK,ANCASH,RECUAY,wrf5,temp,20260831,20260929,"00Z,12Z",D1,3h,-1.435,1.752,2.155,0.803,470
110138,SHAQUEK,ANCASH,RECUAY,mpas15,temp,20260831,20260929,00Z,D1,3h,-2.652,2.71,3.064,0.822,239
211601,SAN JACINTO,ANCASH,SANTA,ecmwf,temp,20260831,20260929,"00Z,12Z",D1,3h,S/D,S/D,S/D,S/D,0
211601,SAN JACINTO,ANCASH,SANTA,gfs,temp,20260831,20260929,"00Z,12Z",D1,3h,S/D,S/D,S/D,S/D,0
211601,SAN JACINTO,ANCASH,SANTA,eta5,temp,20260831,20260929,"00Z,12Z",D1,3h,S/D,S/D,S/D,S/D,0
211601,SAN JACINTO,ANCASH,SANTA,wrf5,temp,20260831,20260929,"00Z,12Z",D1,3h,S/D,S/D,S/D,S/D,0
211601,SAN JACINTO,ANCASH,SANTA,mpas15,temp,20260831,20260929,00Z,D1,3h,S/D,S/D,S/D,S/D,0
113253,CURAHUASI,APURIMAC,ABANCAY,ecmwf,temp,20260831,20260929,"00Z,12Z",D1,3h,-4.81,4.834,5.266,0.896,478
113253,CURAHUASI,APURIMAC,ABANCAY,gfs,temp,20260831,20260929,"00Z,12Z",D1,3h,-5.648,5.65,6.23,0.882,478
113253,CURAHUASI,APURIMAC,ABANCAY,eta5,temp,20260831,20260929,"00Z,12Z",D1,3h,-2.904,3.078,3.521,0.893,383
113253,CURAHUASI,APURIMAC,ABANCAY,wrf5,temp,20260831,20260929,"00Z,12Z",D1,3h,-1.396,2.053,2.658,0.91,470
113253,CURAHUASI,APURIMAC,ABANCAY,mpas15,temp,20260831,20260929,00Z,D1,3h,-6.956,6.956,7.315,0.894,239
47263360,GRANJA SAN ANTONIO,APURIMAC,ABANCAY,ecmwf,temp,20260831,20260929,"00Z,12Z",D1,3h,-3.236,3.393,3.802,0.863,474
47263360,GRANJA SAN ANTONIO,APURIMAC,ABANCAY,gfs,temp,20260831,20260929,"00Z,12Z",D1,3h,-4.062,4.079,4.417,0.889,474
47263360,GRANJA SAN ANTONIO,APURIMAC,ABANCAY,eta5,temp,20260831,20260929,"00Z,12Z",D1,3h,-4.027,4.156,4.679,0.828,380
47263360,GRANJA SAN ANTONIO,APURIMAC,ABANCAY,wrf5,temp,20260831,20260929,"00Z,12Z",D1,3h,-3.417,3.459,3.796,0.88,466
47263360,GRANJA SAN ANTONIO,APURIMAC,ABANCAY,mpas15,temp,20260831,20260929,00Z,D1,3h,-4.713,4.719,5.049,0.899,237
472B16EA,HUACULLO,APURIMAC,ANTABAMBA,ecmwf,temp,20260831,20260929,"00Z,12Z",D1,3h,-0.8,2.724,3.318,0.823,478
472B16EA,HUACULLO,APURIMAC,ANTABAMBA,gfs,temp,20260831,20260929,"00Z,12Z",D1,3h,0.986,2.812,3.623,0.798,478
472B16EA,HUACULLO,APURIMAC,ANTABAMBA,eta5,temp,20260831,20260929,"00Z,12Z",D1,3h,3.16,3.522,4.54,0.791,382
472B16EA,HUACULLO,APURIMAC,ANTABAMBA,wrf5,temp,20260831,20260929,"00Z,12Z",D1,3h,2.037,3.172,4.081,0.783,470
472B16EA,HUACULLO,APURIMAC,ANTABAMBA,mpas15,temp,20260831,20260929,00Z,D1,3h,-0.621,2.458,3.024,0.854,239
113246,TANCAYLLO,APURIMAC,CHINCHEROS,ecmwf,temp,20260831,20260929,"00Z,12Z",D1,3h,1.654,2.626,3.418,0.815,480
113246,TANCAYLLO,APURIMAC,CHINCHEROS,gfs,temp,20260831,20260929,"00Z,12Z",D1,3h,0.165,1.915,2.4,0.835,480
113246,TANCAYLLO,APURIMAC,CHINCHEROS,eta5,temp,20260831,20260929,"00Z,12Z",D1,3h,-0.184,2.14,2.553,0.81,384
113246,TANCAYLLO,APURIMAC,CHINCHEROS,wrf5,temp,20260831,20260929,"00Z,12Z",D1,3h,0.615,2.213,2.746,0.812,472
113246,TANCAYLLO,APURIMAC,CHINCHEROS,mpas15,temp,20260831,20260929,00Z,D1,3h,-2.296,2.835,3.689,0.77,240
472A1410,CASACCANCHA,APURIMAC,COTABAMBAS,ecmwf,temp,20260831,20260929,"00Z,12Z",D1,3h,-1.174,2.231,2.815,0.833,478
472A1410,CASACCANCHA,APURIMAC,COTABAMBAS,gfs,temp,20260831,20260929,"00Z,12Z",D1,3h,0.436,1.656,2.087,0.892,478
472A1410,CASACCANCHA,APURIMAC,COTABAMBAS,eta5,temp,20260831,20260929,"00Z,12Z",D1,3h,3.005,3.309,4.068,0.843,382
472A1410,CASACCANCHA,APURIMAC,COTABAMBAS,wrf5,temp,20260831,20260929,"00Z,12Z",D1,3h,1.452,2.096,2.663,0.874,471
472A1410,CASACCANCHA,APURIMAC,COTABAMBAS,mpas15,temp,20260831,20260929,00Z,D1,3h,-0.635,1.712,2.226,0.895,239
116085,AREQUIPA UV,AREQUIPA,AREQUIPA,ecmwf,temp,20260831,20260929,"00Z,12Z",D1,3h,-1.095,1.384,1.619,0.933,370
116085,AREQUIPA UV,AREQUIPA,AREQUIPA,gfs,temp,20260831,20260929,"00Z,12Z",D1,3h,-2.335,2.661,3.052,0.84,370
116085,AREQUIPA UV,AREQUIPA,AREQUIPA,eta5,temp,20260831,20260929,"00Z,12Z",D1,3h,0.064,1.111,1.377,0.92,296
116085,AREQUIPA UV,AREQUIPA,AREQUIPA,wrf5,temp,20260831,20260929,"00Z,12Z",D1,3h,1.184,1.994,2.41,0.87,365
116085,AREQUIPA UV,AREQUIPA,AREQUIPA,mpas15,temp,20260831,20260929,00Z,D1,3h,-7.117,7.152,7.615,0.785,185
47E26242,BOYADERO,AREQUIPA,AREQUIPA,ecmwf,temp,20260831,20260929,"00Z,12Z",D1,3h,S/D,S/D,S/D,S/D,0
47E26242,BOYADERO,AREQUIPA,AREQUIPA,gfs,temp,20260831,20260929,"00Z,12Z",D1,3h,S/D,S/D,S/D,S/D,0
47E26242,BOYADERO,AREQUIPA,AREQUIPA,eta5,temp,20260831,20260929,"00Z,12Z",D1,3h,S/D,S/D,S/D,S/D,0
47E26242,BOYADERO,AREQUIPA,AREQUIPA,wrf5,temp,20260831,20260929,"00Z,12Z",D1,3h,S/D,S/D,S/D,S/D,0
47E26242,BOYADERO,AREQUIPA,AREQUIPA,mpas15,temp,20260831,20260929,00Z,D1,3h,S/D,S/D,S/D,S/D,0
116083,CAYMA,AREQUIPA,AREQUIPA,ecmwf,temp,20260831,20260929,"00Z,12Z",D1,3h,S/D,S/D,S/D,S/D,0
116083,CAYMA,AREQUIPA,AREQUIPA,gfs,temp,20260831,20260929,"00Z,12Z",D1,3h,S/D,S/D,S/D,S/D,0
116083,CAYMA,AREQUIPA,AREQUIPA,eta5,temp,20260831,20260929,"00Z,12Z",D1,3h,S/D,S/D,S/D,S/D,0
116083,CAYMA,AREQUIPA,AREQUIPA,wrf5,temp,20260831,20260929,"00Z,12Z",D1,3h,S/D,S/D,S/D,S/D,0
116083,CAYMA,AREQUIPA,AREQUIPA,mpas15,temp,20260831,20260929,00Z,D1,3h,S/D,S/D,S/D,S/D,0
472147C4,CHARCANI,AREQUIPA,AREQUIPA,ecmwf,temp,20260831,20260929,"00Z,12Z",D1,3h,S/D,S/D,S/D,S/D,0
472147C4,CHARCANI,AREQUIPA,AREQUIPA,gfs,temp,20260831,20260929,"00Z,12Z",D1,3h,S/D,S/D,S/D,S/D,0
472147C4,CHARCANI,AREQUIPA,AREQUIPA,eta5,temp,20260831,20260929,"00Z,12Z",D1,3h,S/D,S/D,S/D,S/D,0
472147C4,CHARCANI,AREQUIPA,AREQUIPA,wrf5,temp,20260831,20260929,"00Z,12Z",D1,3h,S/D,S/D,S/D,S/D,0
472147C4,CHARCANI,AREQUIPA,AREQUIPA,mpas15,temp,20260831,20260929,00Z,D1,3h,S/D,S/D,S/D,S/D,0
116077,CHIGUATA,AREQUIPA,AREQUIPA,ecmwf,temp,20260831,20260929,"00Z,12Z",D1,3h,S/D,S/D,S/D,S/D,0
116077,CHIGUATA,AREQUIPA,AREQUIPA,gfs,temp,20260831,20260929,"00Z,12Z",D1,3h,S/D,S/D,S/D,S/D,0
116077,CHIGUATA,AREQUIPA,AREQUIPA,eta5,temp,20260831,20260929,"00Z,12Z",D1,3h,S/D,S/D,S/D,S/D,0
116077,CHIGUATA,AREQUIPA,AREQUIPA,wrf5,temp,20260831,20260929,"00Z,12Z",D1,3h,S/D,S/D,S/D,S/D,0
116077,CHIGUATA,AREQUIPA,AREQUIPA,mpas15,temp,20260831,20260929,00Z,D1,3h,S/D,S/D,S/D,S/D,0
116065,LA PAMPILLA,AREQUIPA,AREQUIPA,ecmwf,temp,20260831,20260929,"00Z,12Z",D1,3h,-0.866,1.543,1.857,0.904,480
116065,LA PAMPILLA,AREQUIPA,AREQUIPA,gfs,temp,20260831,20260929,"00Z,12Z",D1,3h,-2.197,2.914,3.322,0.826,480
116065,LA PAMPILLA,AREQUIPA,AREQUIPA,eta5,temp,20260831,20260929,"00Z,12Z",D1,3h,0.342,1.294,1.682,0.902,384
116065,LA PAMPILLA,AREQUIPA,AREQUIPA,wrf5,temp,20260831,20260929,"00Z,12Z",D1,3h,1.284,2.357,2.934,0.85,472
116065,LA PAMPILLA,AREQUIPA,AREQUIPA,mpas15,temp,20260831,20260929,00Z,D1,3h,-6.939,7.147,7.663,0.757,240
47E360B8,PATAHUASI,AREQUIPA,AREQUIPA,ecmwf,temp,20260831,20260929,"00Z,12Z",D1,3h,1.362,4.057,5.052,0.899,478
47E360B8,PATAHUASI,AREQUIPA,AREQUIPA,gfs,temp,20260831,20260929,"00Z,12Z",D1,3h,2.846,5.356,6.826,0.798,478
47E360B8,PATAHUASI,AREQUIPA,AREQUIPA,eta5,temp,20260831,20260929,"00Z,12Z",D1,3h,6.457,6.471,7.53,0.913,383
47E360B8,PATAHUASI,AREQUIPA,AREQUIPA,wrf5,temp,20260831,20260929,"00Z,12Z",D1,3h,4.146,4.708,6.365,0.92,470
47E360B8,PATAHUASI,AREQUIPA,AREQUIPA,mpas15,temp,20260831,20260929,00Z,D1,3h,-0.492,4.004,4.545,0.898,239
4722E032,PUENTE DEL DIABLO,AREQUIPA,AREQUIPA,ecmwf,temp,20260831,20260929,"00Z,12Z",D1,3h,S/D,S/D,S/D,S/D,0
4722E032,PUENTE DEL DIABLO,AREQUIPA,AREQUIPA,gfs,temp,20260831,20260929,"00Z,12Z",D1,3h,S/D,S/D,S/D,S/D,0
4722E032,PUENTE DEL DIABLO,AREQUIPA,AREQUIPA,eta5,temp,20260831,20260929,"00Z,12Z",D1,3h,S/D,S/D,S/D,S/D,0
4722E032,PUENTE DEL DIABLO,AREQUIPA,AREQUIPA,wrf5,temp,20260831,20260929,"00Z,12Z",D1,3h,S/D,S/D,S/D,S/D,0
4722E032,PUENTE DEL DIABLO,AREQUIPA,AREQUIPA,mpas15,temp,20260831,20260929,00Z,D1,3h,S/D,S/D,S/D,S/D,0
116082,SAN FRANCISCO,AREQUIPA,AREQUIPA,ecmwf,temp,20260831,20260929,"00Z,12Z",D1,3h,S/D,S/D,S/D,S/D,0
116082,SAN FRANCISCO,AREQUIPA,AREQUIPA,gfs,temp,20260831,20260929,"00Z,12Z",D1,3h,S/D,S/D,S/D,S/D,0
116082,SAN FRANCISCO,AREQUIPA,AREQUIPA,eta5,temp,20260831,20260929,"00Z,12Z",D1,3h,S/D,S/D,S/D,S/D,0
116082,SAN FRANCISCO,AREQUIPA,AREQUIPA,wrf5,temp,20260831,20260929,"00Z,12Z",D1,3h,S/D,S/D,S/D,S/D,0
116082,SAN FRANCISCO,AREQUIPA,AREQUIPA,mpas15,temp,20260831,20260929,00Z,D1,3h,S/D,S/D,S/D,S/D,0
47E3B6D0,SAN JOSE DE UZUNA,AREQUIPA,AREQUIPA,ecmwf,temp,20260831,20260929,"00Z,12Z",D1,3h,-4.511,4.686,5.552,0.864,478
47E3B6D0,SAN JOSE DE UZUNA,AREQUIPA,AREQUIPA,gfs,temp,20260831,20260929,"00Z,12Z",D1,3h,-2.219,3.638,4.338,0.826,478
47E3B6D0,SAN JOSE DE UZUNA,AREQUIPA,AREQUIPA,eta5,temp,20260831,20260929,"00Z,12Z",D1,3h,1.696,2.237,2.865,0.9,383
47E3B6D0,SAN JOSE DE UZUNA,AREQUIPA,AREQUIPA,wrf5,temp,20260831,20260929,"00Z,12Z",D1,3h,1.895,2.848,3.658,0.833,470
47E3B6D0,SAN JOSE DE UZUNA,AREQUIPA,AREQUIPA,mpas15,temp,20260831,20260929,00Z,D1,3h,1.309,2.912,3.747,0.832,239
47E27134,SOCOSANI,AREQUIPA,AREQUIPA,ecmwf,temp,20260831,20260929,"00Z,12Z",D1,3h,S/D,S/D,S/D,S/D,0
47E27134,SOCOSANI,AREQUIPA,AREQUIPA,gfs,temp,20260831,20260929,"00Z,12Z",D1,3h,S/D,S/D,S/D,S/D,0
47E27134,SOCOSANI,AREQUIPA,AREQUIPA,eta5,temp,20260831,20260929,"00Z,12Z",D1,3h,S/D,S/D,S/D,S/D,0
47E27134,SOCOSANI,AREQUIPA,AREQUIPA,wrf5,temp,20260831,20260929,"00Z,12Z",D1,3h,S/D,S/D,S/D,S/D,0
47E27134,SOCOSANI,AREQUIPA,AREQUIPA,mpas15,temp,20260831,20260929,00Z,D1,3h,S/D,S/D,S/D,S/D,0
472EE1AE,TINGO GRANDE,AREQUIPA,AREQUIPA,ecmwf,temp,20260831,20260929,"00Z,12Z",D1,3h,S/D,S/D,S/D,S/D,0
472EE1AE,TINGO GRANDE,AREQUIPA,AREQUIPA,gfs,temp,20260831,20260929,"00Z,12Z",D1,3h,S/D,S/D,S/D,S/D,0
472EE1AE,TINGO GRANDE,AREQUIPA,AREQUIPA,eta5,temp,20260831,20260929,"00Z,12Z",D1,3h,S/D,S/D,S/D,S/D,0
472EE1AE,TINGO GRANDE,AREQUIPA,AREQUIPA,wrf5,temp,20260831,20260929,"00Z,12Z",D1,3h,S/D,S/D,S/D,S/D,0
472EE1AE,TINGO GRANDE,AREQUIPA,AREQUIPA,mpas15,temp,20260831,20260929,00Z,D1,3h,S/D,S/D,S/D,S/D,0
116078,TUCTUMPAYA,AREQUIPA,AREQUIPA,ecmwf,temp,20260831,20260929,"00Z,12Z",D1,3h,-4.956,4.993,5.502,0.86,480
116078,TUCTUMPAYA,AREQUIPA,AREQUIPA,gfs,temp,20260831,20260929,"00Z,12Z",D1,3h,-2.653,3.073,3.827,0.834,480
116078,TUCTUMPAYA,AREQUIPA,AREQUIPA,eta5,temp,20260831,20260929,"00Z,12Z",D1,3h,0.844,1.332,1.744,0.901,384
116078,TUCTUMPAYA,AREQUIPA,AREQUIPA,wrf5,temp,20260831,20260929,"00Z,12Z",D1,3h,0.235,2.39,2.797,0.832,472
116078,TUCTUMPAYA,AREQUIPA,AREQUIPA,mpas15,temp,20260831,20260929,00Z,D1,3h,-2.281,3.042,3.358,0.881,240
116081,YURA,AREQUIPA,AREQUIPA,ecmwf,temp,20260831,20260929,"00Z,12Z",D1,3h,-8.46,8.46,8.642,0.843,316
116081,YURA,AREQUIPA,AREQUIPA,gfs,temp,20260831,20260929,"00Z,12Z",D1,3h,-6.414,6.414,6.685,0.824,316
116081,YURA,AREQUIPA,AREQUIPA,eta5,temp,20260831,20260929,"00Z,12Z",D1,3h,-1.005,1.344,1.653,0.884,261
116081,YURA,AREQUIPA,AREQUIPA,wrf5,temp,20260831,20260929,"00Z,12Z",D1,3h,-0.75,1.885,2.326,0.861,308
116081,YURA,AREQUIPA,AREQUIPA,mpas15,temp,20260831,20260929,00Z,D1,3h,-3.096,3.688,3.836,0.813,158
116084,CAMANA,AREQUIPA,CAMANA,ecmwf,temp,20260831,20260929,"00Z,12Z",D1,3h,-0.335,1.507,1.912,0.252,350
116084,CAMANA,AREQUIPA,CAMANA,gfs,temp,20260831,20260929,"00Z,12Z",D1,3h,-1.429,1.779,2.321,0.418,350
116084,CAMANA,AREQUIPA,CAMANA,eta5,temp,20260831,20260929,"00Z,12Z",D1,3h,-1.966,2.063,2.414,0.701,282
116084,CAMANA,AREQUIPA,CAMANA,wrf5,temp,20260831,20260929,"00Z,12Z",D1,3h,-0.071,1.077,1.302,0.737,347
116084,CAMANA,AREQUIPA,CAMANA,mpas15,temp,20260831,20260929,00Z,D1,3h,-1.844,2.018,2.478,0.509,175
472D23BE,OCOÑA,AREQUIPA,CAMANA,ecmwf,temp,20260831,20260929,"00Z,12Z",D1,3h,-1.371,1.476,1.75,0.66,478
472D23BE,OCOÑA,AREQUIPA,CAMANA,gfs,temp,20260831,20260929,"00Z,12Z",D1,3h,-2.095,2.115,2.367,0.662,478
472D23BE,OCOÑA,AREQUIPA,CAMANA,eta5,temp,20260831,20260929,"00Z,12Z",D1,3h,-1.395,1.887,2.24,0.615,383
472D23BE,OCOÑA,AREQUIPA,CAMANA,wrf5,temp,20260831,20260929,"00Z,12Z",D1,3h,-0.587,1.247,1.531,0.616,470
472D23BE,OCOÑA,AREQUIPA,CAMANA,mpas15,temp,20260831,20260929,00Z,D1,3h,-1.244,1.371,1.74,0.569,239
214400,HUATIAPA,AREQUIPA,CASTILLA,ecmwf,temp,20260831,20260929,"00Z,12Z",D1,3h,S/D,S/D,S/D,S/D,0
214400,HUATIAPA,AREQUIPA,CASTILLA,gfs,temp,20260831,20260929,"00Z,12Z",D1,3h,S/D,S/D,S/D,S/D,0
214400,HUATIAPA,AREQUIPA,CASTILLA,eta5,temp,20260831,20260929,"00Z,12Z",D1,3h,S/D,S/D,S/D,S/D,0
214400,HUATIAPA,AREQUIPA,CASTILLA,wrf5,temp,20260831,20260929,"00Z,12Z",D1,3h,S/D,S/D,S/D,S/D,0
214400,HUATIAPA,AREQUIPA,CASTILLA,mpas15,temp,20260831,20260929,00Z,D1,3h,S/D,S/D,S/D,S/D,0
4723D752,CHIVAY,AREQUIPA,CAYLLOMA,ecmwf,temp,20260831,20260929,"00Z,12Z",D1,3h,-8.014,8.023,8.674,0.81,480
4723D752,CHIVAY,AREQUIPA,CAYLLOMA,gfs,temp,20260831,20260929,"00Z,12Z",D1,3h,-5.48,5.562,6.59,0.806,480
4723D752,CHIVAY,AREQUIPA,CAYLLOMA,eta5,temp,20260831,20260929,"00Z,12Z",D1,3h,-2.615,2.93,3.499,0.888,384
4723D752,CHIVAY,AREQUIPA,CAYLLOMA,wrf5,temp,20260831,20260929,"00Z,12Z",D1,3h,-0.185,2.395,2.863,0.852,472
4723D752,CHIVAY,AREQUIPA,CAYLLOMA,mpas15,temp,20260831,20260929,00Z,D1,3h,-8.137,8.137,8.57,0.906,240
47E8A60E,COTACOTA,AREQUIPA,CAYLLOMA,ecmwf,temp,20260831,20260929,"00Z,12Z",D1,3h,-1.462,2.449,3.004,0.908,478
47E8A60E,COTACOTA,AREQUIPA,CAYLLOMA,gfs,temp,20260831,20260929,"00Z,12Z",D1,3h,0.802,3.113,3.911,0.811,478
47E8A60E,COTACOTA,AREQUIPA,CAYLLOMA,eta5,temp,20260831,20260929,"00Z,12Z",D1,3h,2.783,3.316,4.185,0.849,382
47E8A60E,COTACOTA,AREQUIPA,CAYLLOMA,wrf5,temp,20260831,20260929,"00Z,12Z",D1,3h,0.735,2.899,3.707,0.821,470
47E8A60E,COTACOTA,AREQUIPA,CAYLLOMA,mpas15,temp,20260831,20260929,00Z,D1,3h,-2.273,3.347,3.866,0.862,239
47E3A5A6,HUANCA,AREQUIPA,CAYLLOMA,ecmwf,temp,20260831,20260929,"00Z,12Z",D1,3h,-1.909,2.228,2.495,0.876,476
47E3A5A6,HUANCA,AREQUIPA,CAYLLOMA,gfs,temp,20260831,20260929,"00Z,12Z",D1,3h,-2.118,2.535,2.909,0.843,476
47E3A5A6,HUANCA,AREQUIPA,CAYLLOMA,eta5,temp,20260831,20260929,"00Z,12Z",D1,3h,0.99,1.371,1.755,0.89,382
47E3A5A6,HUANCA,AREQUIPA,CAYLLOMA,wrf5,temp,20260831,20260929,"00Z,12Z",D1,3h,0.033,1.55,1.995,0.82,468
47E3A5A6,HUANCA,AREQUIPA,CAYLLOMA,mpas15,temp,20260831,20260929,00Z,D1,3h,-2.115,2.759,3.056,0.855,238
47E3834A,IMATA,AREQUIPA,CAYLLOMA,ecmwf,temp,20260831,20260929,"00Z,12Z",D1,3h,0.772,1.977,2.791,0.9,476
47E3834A,IMATA,AREQUIPA,CAYLLOMA,gfs,temp,20260831,20260929,"00Z,12Z",D1,3h,2.554,3.164,4.286,0.873,476
47E3834A,IMATA,AREQUIPA,CAYLLOMA,eta5,temp,20260831,20260929,"00Z,12Z",D1,3h,4.951,4.961,5.822,0.857,382
47E3834A,IMATA,AREQUIPA,CAYLLOMA,wrf5,temp,20260831,20260929,"00Z,12Z",D1,3h,2.576,3.077,4.071,0.905,468
47E3834A,IMATA,AREQUIPA,CAYLLOMA,mpas15,temp,20260831,20260929,00Z,D1,3h,-0.192,2.178,2.776,0.899,238
4729E39A,PAMPA DE MAJES,AREQUIPA,CAYLLOMA,ecmwf,temp,20260831,20260929,"00Z,12Z",D1,3h,1.033,1.843,2.283,0.921,478
4729E39A,PAMPA DE MAJES,AREQUIPA,CAYLLOMA,gfs,temp,20260831,20260929,"00Z,12Z",D1,3h,1.245,2.049,2.5,0.919,478
4729E39A,PAMPA DE MAJES,AREQUIPA,CAYLLOMA,eta5,temp,20260831,20260929,"00Z,12Z",D1,3h,3.425,3.464,3.884,0.936,383
4729E39A,PAMPA DE MAJES,AREQUIPA,CAYLLOMA,wrf5,temp,20260831,20260929,"00Z,12Z",D1,3h,1.532,2.715,3.309,0.83,470
4729E39A,PAMPA DE MAJES,AREQUIPA,CAYLLOMA,mpas15,temp,20260831,20260929,00Z,D1,3h,-1.331,2.436,3.009,0.857,239
47E373CE,PILLONES,AREQUIPA,CAYLLOMA,ecmwf,temp,20260831,20260929,"00Z,12Z",D1,3h,2.448,2.655,3.508,0.945,472
47E373CE,PILLONES,AREQUIPA,CAYLLOMA,gfs,temp,20260831,20260929,"00Z,12Z",D1,3h,3.443,3.688,5.101,0.871,472
47E373CE,PILLONES,AREQUIPA,CAYLLOMA,eta5,temp,20260831,20260929,"00Z,12Z",D1,3h,4.28,4.355,5.202,0.887,378
47E373CE,PILLONES,AREQUIPA,CAYLLOMA,wrf5,temp,20260831,20260929,"00Z,12Z",D1,3h,2.535,3.164,4.543,0.853,464
47E373CE,PILLONES,AREQUIPA,CAYLLOMA,mpas15,temp,20260831,20260929,00Z,D1,3h,-0.615,2.184,2.62,0.927,236
47265686,SIBAYO,AREQUIPA,CAYLLOMA,ecmwf,temp,20260831,20260929,"00Z,12Z",D1,3h,S/D,S/D,S/D,S/D,0
47265686,SIBAYO,AREQUIPA,CAYLLOMA,gfs,temp,20260831,20260929,"00Z,12Z",D1,3h,S/D,S/D,S/D,S/D,0
47265686,SIBAYO,AREQUIPA,CAYLLOMA,eta5,temp,20260831,20260929,"00Z,12Z",D1,3h,S/D,S/D,S/D,S/D,0
47265686,SIBAYO,AREQUIPA,CAYLLOMA,wrf5,temp,20260831,20260929,"00Z,12Z",D1,3h,S/D,S/D,S/D,S/D,0
47265686,SIBAYO,AREQUIPA,CAYLLOMA,mpas15,temp,20260831,20260929,00Z,D1,3h,S/D,S/D,S/D,S/D,0
472ED434,SUMBAY,AREQUIPA,CAYLLOMA,ecmwf,temp,20260831,20260929,"00Z,12Z",D1,3h,S/D,S/D,S/D,S/D,0
472ED434,SUMBAY,AREQUIPA,CAYLLOMA,gfs,temp,20260831,20260929,"00Z,12Z",D1,3h,S/D,S/D,S/D,S/D,0
472ED434,SUMBAY,AREQUIPA,CAYLLOMA,eta5,temp,20260831,20260929,"00Z,12Z",D1,3h,S/D,S/D,S/D,S/D,0
472ED434,SUMBAY,AREQUIPA,CAYLLOMA,wrf5,temp,20260831,20260929,"00Z,12Z",D1,3h,S/D,S/D,S/D,S/D,0
472ED434,SUMBAY,AREQUIPA,CAYLLOMA,mpas15,temp,20260831,20260929,00Z,D1,3h,S/D,S/D,S/D,S/D,0
115150,COROPUNA,AREQUIPA,CONDESUYOS,ecmwf,temp,20260831,20260929,"00Z,12Z",D1,3h,5.901,5.901,6.293,0.846,468
115150,COROPUNA,AREQUIPA,CONDESUYOS,gfs,temp,20260831,20260929,"00Z,12Z",D1,3h,8.879,8.879,9.033,0.814,468
115150,COROPUNA,AREQUIPA,CONDESUYOS,eta5,temp,20260831,20260929,"00Z,12Z",D1,3h,3.231,3.231,3.405,0.884,374
115150,COROPUNA,AREQUIPA,CONDESUYOS,wrf5,temp,20260831,20260929,"00Z,12Z",D1,3h,2.135,2.166,2.45,0.877,460
115150,COROPUNA,AREQUIPA,CONDESUYOS,mpas15,temp,20260831,20260929,00Z,D1,3h,7.755,7.755,8.103,0.753,234
114119,VISCA VISCA,AREQUIPA,CONDESUYOS,ecmwf,temp,20260831,20260929,"00Z,12Z",D1,3h,-3.163,3.629,4.345,0.794,478
114119,VISCA VISCA,AREQUIPA,CONDESUYOS,gfs,temp,20260831,20260929,"00Z,12Z",D1,3h,-1.142,2.129,2.676,0.863,478
114119,VISCA VISCA,AREQUIPA,CONDESUYOS,eta5,temp,20260831,20260929,"00Z,12Z",D1,3h,1.576,2.356,3.012,0.85,382
114119,VISCA VISCA,AREQUIPA,CONDESUYOS,wrf5,temp,20260831,20260929,"00Z,12Z",D1,3h,-0.962,2.293,2.875,0.827,470
114119,VISCA VISCA,AREQUIPA,CONDESUYOS,mpas15,temp,20260831,20260929,00Z,D1,3h,-3.491,3.785,4.26,0.846,239
47280292,COTAHUASI,AREQUIPA,LA UNION,ecmwf,temp,20260831,20260929,"00Z,12Z",D1,3h,-5.636,5.638,5.963,0.882,446
47280292,COTAHUASI,AREQUIPA,LA UNION,gfs,temp,20260831,20260929,"00Z,12Z",D1,3h,-6.342,6.342,6.743,0.818,446
47280292,COTAHUASI,AREQUIPA,LA UNION,eta5,temp,20260831,20260929,"00Z,12Z",D1,3h,-0.596,2.486,3.041,0.87,354
47280292,COTAHUASI,AREQUIPA,LA UNION,wrf5,temp,20260831,20260929,"00Z,12Z",D1,3h,-1.938,2.289,2.837,0.804,438
47280292,COTAHUASI,AREQUIPA,LA UNION,mpas15,temp,20260831,20260929,00Z,D1,3h,-11.538,11.538,11.676,0.886,223
115151,CUYAU,AREQUIPA,LA UNION,ecmwf,temp,20260831,20260929,"00Z,12Z",D1,3h,S/D,S/D,S/D,S/D,0
115151,CUYAU,AREQUIPA,LA UNION,gfs,temp,20260831,20260929,"00Z,12Z",D1,3h,S/D,S/D,S/D,S/D,0
115151,CUYAU,AREQUIPA,LA UNION,eta5,temp,20260831,20260929,"00Z,12Z",D1,3h,S/D,S/D,S/D,S/D,0
115151,CUYAU,AREQUIPA,LA UNION,wrf5,temp,20260831,20260929,"00Z,12Z",D1,3h,S/D,S/D,S/D,S/D,0
115151,CUYAU,AREQUIPA,LA UNION,mpas15,temp,20260831,20260929,00Z,D1,3h,S/D,S/D,S/D,S/D,0
4729D600,PAMPA CANGALLO,AYACUCHO,CANGALLO,ecmwf,temp,20260831,20260929,"00Z,12Z",D1,3h,-2.99,3.149,3.787,0.89,480
4729D600,PAMPA CANGALLO,AYACUCHO,CANGALLO,gfs,temp,20260831,20260929,"00Z,12Z",D1,3h,-2.593,3.14,3.909,0.845,480
4729D600,PAMPA CANGALLO,AYACUCHO,CANGALLO,eta5,temp,20260831,20260929,"00Z,12Z",D1,3h,-1.02,2.084,2.676,0.861,384
4729D600,PAMPA CANGALLO,AYACUCHO,CANGALLO,wrf5,temp,20260831,20260929,"00Z,12Z",D1,3h,0.648,2.275,2.867,0.839,472
4729D600,PAMPA CANGALLO,AYACUCHO,CANGALLO,mpas15,temp,20260831,20260929,00Z,D1,3h,-4.025,4.122,4.723,0.888,240
113248,SANTA CRUZ DE HOSPICIO,AYACUCHO,CANGALLO,ecmwf,temp,20260831,20260929,"00Z,12Z",D1,3h,-0.886,1.583,1.918,0.929,478
113248,SANTA CRUZ DE HOSPICIO,AYACUCHO,CANGALLO,gfs,temp,20260831,20260929,"00Z,12Z",D1,3h,-0.798,2.267,2.727,0.838,478
113248,SANTA CRUZ DE HOSPICIO,AYACUCHO,CANGALLO,eta5,temp,20260831,20260929,"00Z,12Z",D1,3h,0.493,1.568,2.11,0.882,382
113248,SANTA CRUZ DE HOSPICIO,AYACUCHO,CANGALLO,wrf5,temp,20260831,20260929,"00Z,12Z",D1,3h,-0.668,1.983,2.488,0.855,470
113248,SANTA CRUZ DE HOSPICIO,AYACUCHO,CANGALLO,mpas15,temp,20260831,20260929,00Z,D1,3h,-3.72,3.92,4.333,0.893,239
250900,PUENTE PAMPAS GORE APU,AYACUCHO,HUAMANGA,ecmwf,temp,20260831,20260929,"00Z,12Z",D1,3h,S/D,S/D,S/D,S/D,0
250900,PUENTE PAMPAS GORE APU,AYACUCHO,HUAMANGA,gfs,temp,20260831,20260929,"00Z,12Z",D1,3h,S/D,S/D,S/D,S/D,0
250900,PUENTE PAMPAS GORE APU,AYACUCHO,HUAMANGA,eta5,temp,20260831,20260929,"00Z,12Z",D1,3h,S/D,S/D,S/D,S/D,0
250900,PUENTE PAMPAS GORE APU,AYACUCHO,HUAMANGA,wrf5,temp,20260831,20260929,"00Z,12Z",D1,3h,S/D,S/D,S/D,S/D,0
250900,PUENTE PAMPAS GORE APU,AYACUCHO,HUAMANGA,mpas15,temp,20260831,20260929,00Z,D1,3h,S/D,S/D,S/D,S/D,0
114122,CCONTACC,AYACUCHO,LUCANAS,ecmwf,temp,20260831,20260929,"00Z,12Z",D1,3h,-2.699,2.826,3.248,0.911,480
114122,CCONTACC,AYACUCHO,LUCANAS,gfs,temp,20260831,20260929,"00Z,12Z",D1,3h,-2.579,2.802,3.406,0.848,480
114122,CCONTACC,AYACUCHO,LUCANAS,eta5,temp,20260831,20260929,"00Z,12Z",D1,3h,-1.539,1.939,2.459,0.89,384
114122,CCONTACC,AYACUCHO,LUCANAS,wrf5,temp,20260831,20260929,"00Z,12Z",D1,3h,-0.866,1.94,2.31,0.845,472
114122,CCONTACC,AYACUCHO,LUCANAS,mpas15,temp,20260831,20260929,00Z,D1,3h,-3.169,3.208,3.493,0.92,240
47290068,HUAC-HUAS,AYACUCHO,LUCANAS,ecmwf,temp,20260831,20260929,"00Z,12Z",D1,3h,4.955,4.955,5.121,0.826,474
47290068,HUAC-HUAS,AYACUCHO,LUCANAS,gfs,temp,20260831,20260929,"00Z,12Z",D1,3h,4.086,4.086,4.388,0.792,474
47290068,HUAC-HUAS,AYACUCHO,LUCANAS,eta5,temp,20260831,20260929,"00Z,12Z",D1,3h,-0.273,1.539,1.889,0.79,379
47290068,HUAC-HUAS,AYACUCHO,LUCANAS,wrf5,temp,20260831,20260929,"00Z,12Z",D1,3h,-1.177,1.518,1.886,0.811,466
47290068,HUAC-HUAS,AYACUCHO,LUCANAS,mpas15,temp,20260831,20260929,00Z,D1,3h,-1.661,1.875,2.255,0.801,237
114127,PAMPA GALERAS,AYACUCHO,LUCANAS,ecmwf,temp,20260831,20260929,"00Z,12Z",D1,3h,2.596,3.363,4.478,0.877,478
114127,PAMPA GALERAS,AYACUCHO,LUCANAS,gfs,temp,20260831,20260929,"00Z,12Z",D1,3h,4.713,4.92,6.579,0.819,478
114127,PAMPA GALERAS,AYACUCHO,LUCANAS,eta5,temp,20260831,20260929,"00Z,12Z",D1,3h,1.729,2.619,3.584,0.901,383
114127,PAMPA GALERAS,AYACUCHO,LUCANAS,wrf5,temp,20260831,20260929,"00Z,12Z",D1,3h,1.347,3.184,4.151,0.832,470
114127,PAMPA GALERAS,AYACUCHO,LUCANAS,mpas15,temp,20260831,20260929,00Z,D1,3h,0.679,2.274,2.911,0.935,239
114121,HURAY HUMA,AYACUCHO,PARINACOCHAS,ecmwf,temp,20260831,20260929,"00Z,12Z",D1,3h,-2.287,3.255,3.721,0.89,410
114121,HURAY HUMA,AYACUCHO,PARINACOCHAS,gfs,temp,20260831,20260929,"00Z,12Z",D1,3h,-0.496,3.145,3.62,0.836,410
114121,HURAY HUMA,AYACUCHO,PARINACOCHAS,eta5,temp,20260831,20260929,"00Z,12Z",D1,3h,0.727,2.062,2.667,0.898,322
114121,HURAY HUMA,AYACUCHO,PARINACOCHAS,wrf5,temp,20260831,20260929,"00Z,12Z",D1,3h,-0.273,2.599,3.136,0.87,404
114121,HURAY HUMA,AYACUCHO,PARINACOCHAS,mpas15,temp,20260831,20260929,00Z,D1,3h,-1.947,2.866,3.276,0.922,205
115155,PAUZA,AYACUCHO,PAUCAR DEL SARA SARA,ecmwf,temp,20260831,20260929,"00Z,12Z",D1,3h,-3.574,3.582,4.018,0.908,480
115155,PAUZA,AYACUCHO,PAUCAR DEL SARA SARA,gfs,temp,20260831,20260929,"00Z,12Z",D1,3h,-4.523,4.527,5.131,0.842,480
115155,PAUZA,AYACUCHO,PAUCAR DEL SARA SARA,eta5,temp,20260831,20260929,"00Z,12Z",D1,3h,1.061,1.84,2.324,0.925,384
115155,PAUZA,AYACUCHO,PAUCAR DEL SARA SARA,wrf5,temp,20260831,20260929,"00Z,12Z",D1,3h,3.127,3.165,3.51,0.911,472
115155,PAUZA,AYACUCHO,PAUCAR DEL SARA SARA,mpas15,temp,20260831,20260929,00Z,D1,3h,-7.995,7.995,8.171,0.899,240
4725B27A,PAUCARAY,AYACUCHO,SUCRE,ecmwf,temp,20260831,20260929,"00Z,12Z",D1,3h,S/D,S/D,S/D,S/D,0
4725B27A,PAUCARAY,AYACUCHO,SUCRE,gfs,temp,20260831,20260929,"00Z,12Z",D1,3h,S/D,S/D,S/D,S/D,0
4725B27A,PAUCARAY,AYACUCHO,SUCRE,eta5,temp,20260831,20260929,"00Z,12Z",D1,3h,S/D,S/D,S/D,S/D,0
4725B27A,PAUCARAY,AYACUCHO,SUCRE,wrf5,temp,20260831,20260929,"00Z,12Z",D1,3h,S/D,S/D,S/D,S/D,0
4725B27A,PAUCARAY,AYACUCHO,SUCRE,mpas15,temp,20260831,20260929,00Z,D1,3h,S/D,S/D,S/D,S/D,0
4729F0EC,CAJABAMBA,CAJAMARCA,CAJABAMBA,ecmwf,temp,20260831,20260929,"00Z,12Z",D1,3h,-3.589,3.637,4.056,0.898,480
4729F0EC,CAJABAMBA,CAJAMARCA,CAJABAMBA,gfs,temp,20260831,20260929,"00Z,12Z",D1,3h,-1.558,2.133,2.667,0.868,480
4729F0EC,CAJABAMBA,CAJAMARCA,CAJABAMBA,eta5,temp,20260831,20260929,"00Z,12Z",D1,3h,-4.327,4.378,4.809,0.879,384
4729F0EC,CAJABAMBA,CAJAMARCA,CAJABAMBA,wrf5,temp,20260831,20260929,"00Z,12Z",D1,3h,-2.141,2.447,2.94,0.901,472
4729F0EC,CAJABAMBA,CAJAMARCA,CAJABAMBA,mpas15,temp,20260831,20260929,00Z,D1,3h,-4.836,4.841,5.204,0.927,240
472A32FC,CRISNEJAS,CAJAMARCA,CAJABAMBA,ecmwf,temp,20260831,20260929,"00Z,12Z",D1,3h,S/D,S/D,S/D,S/D,0
472A32FC,CRISNEJAS,CAJAMARCA,CAJABAMBA,gfs,temp,20260831,20260929,"00Z,12Z",D1,3h,S/D,S/D,S/D,S/D,0
472A32FC,CRISNEJAS,CAJAMARCA,CAJABAMBA,eta5,temp,20260831,20260929,"00Z,12Z",D1,3h,S/D,S/D,S/D,S/D,0
472A32FC,CRISNEJAS,CAJAMARCA,CAJABAMBA,wrf5,temp,20260831,20260929,"00Z,12Z",D1,3h,S/D,S/D,S/D,S/D,0
472A32FC,CRISNEJAS,CAJAMARCA,CAJABAMBA,mpas15,temp,20260831,20260929,00Z,D1,3h,S/D,S/D,S/D,S/D,0
472645F0,UNC CAJAMARCA,CAJAMARCA,CAJAMARCA,ecmwf,temp,20260831,20260929,"00Z,12Z",D1,3h,-1.67,2.237,2.811,0.905,466
472645F0,UNC CAJAMARCA,CAJAMARCA,CAJAMARCA,gfs,temp,20260831,20260929,"00Z,12Z",D1,3h,-1.209,2.08,2.613,0.872,466
472645F0,UNC CAJAMARCA,CAJAMARCA,CAJAMARCA,eta5,temp,20260831,20260929,"00Z,12Z",D1,3h,0.956,1.743,2.201,0.88,374
472645F0,UNC CAJAMARCA,CAJAMARCA,CAJAMARCA,wrf5,temp,20260831,20260929,"00Z,12Z",D1,3h,1.071,1.836,2.28,0.896,458
472645F0,UNC CAJAMARCA,CAJAMARCA,CAJAMARCA,mpas15,temp,20260831,20260929,00Z,D1,3h,-3.611,3.672,4.152,0.89,233
472501F4,BALSAS,CAJAMARCA,CELENDIN,ecmwf,temp,20260831,20260929,"00Z,12Z",D1,3h,-9.911,9.911,10.272,0.834,480
472501F4,BALSAS,CAJAMARCA,CELENDIN,gfs,temp,20260831,20260929,"00Z,12Z",D1,3h,-11.775,11.775,12.115,0.79,480
472501F4,BALSAS,CAJAMARCA,CELENDIN,eta5,temp,20260831,20260929,"00Z,12Z",D1,3h,-6.017,6.051,6.714,0.818,384
472501F4,BALSAS,CAJAMARCA,CELENDIN,wrf5,temp,20260831,20260929,"00Z,12Z",D1,3h,-2.857,3.221,3.875,0.834,472
472501F4,BALSAS,CAJAMARCA,CELENDIN,mpas15,temp,20260831,20260929,00Z,D1,3h,-15.079,15.079,15.263,0.792,240
4726631C,CELENDIN,CAJAMARCA,CELENDIN,ecmwf,temp,20260831,20260929,"00Z,12Z",D1,3h,-0.659,1.859,2.292,0.868,468
4726631C,CELENDIN,CAJAMARCA,CELENDIN,gfs,temp,20260831,20260929,"00Z,12Z",D1,3h,-0.949,1.727,2.236,0.884,468
4726631C,CELENDIN,CAJAMARCA,CELENDIN,eta5,temp,20260831,20260929,"00Z,12Z",D1,3h,-0.328,1.757,2.172,0.849,372
4726631C,CELENDIN,CAJAMARCA,CELENDIN,wrf5,temp,20260831,20260929,"00Z,12Z",D1,3h,0.235,1.706,2.096,0.859,460
4726631C,CELENDIN,CAJAMARCA,CELENDIN,mpas15,temp,20260831,20260929,00Z,D1,3h,0.01,1.637,2.075,0.862,234
4726C3E4,CHOTA,CAJAMARCA,CHOTA,ecmwf,temp,20260831,20260929,"00Z,12Z",D1,3h,-2.409,2.816,3.37,0.867,446
4726C3E4,CHOTA,CAJAMARCA,CHOTA,gfs,temp,20260831,20260929,"00Z,12Z",D1,3h,-2.711,2.942,3.47,0.866,446
4726C3E4,CHOTA,CAJAMARCA,CHOTA,eta5,temp,20260831,20260929,"00Z,12Z",D1,3h,-2.806,2.968,3.398,0.893,354
4726C3E4,CHOTA,CAJAMARCA,CHOTA,wrf5,temp,20260831,20260929,"00Z,12Z",D1,3h,-0.097,1.628,2.025,0.887,440
4726C3E4,CHOTA,CAJAMARCA,CHOTA,mpas15,temp,20260831,20260929,00Z,D1,3h,-4.917,5.018,5.574,0.845,223
47E94706,HUAMBOS,CAJAMARCA,CHOTA,ecmwf,temp,20260831,20260929,"00Z,12Z",D1,3h,0.98,1.704,2.3,0.829,480
47E94706,HUAMBOS,CAJAMARCA,CHOTA,gfs,temp,20260831,20260929,"00Z,12Z",D1,3h,1.926,2.62,3.585,0.775,480
47E94706,HUAMBOS,CAJAMARCA,CHOTA,eta5,temp,20260831,20260929,"00Z,12Z",D1,3h,2.065,2.887,3.649,0.792,384
47E94706,HUAMBOS,CAJAMARCA,CHOTA,wrf5,temp,20260831,20260929,"00Z,12Z",D1,3h,0.738,1.721,2.213,0.812,472
47E94706,HUAMBOS,CAJAMARCA,CHOTA,mpas15,temp,20260831,20260929,00Z,D1,3h,-0.863,1.671,2.054,0.765,240
47E1D6C2,PUENTE SAN CARLOS,CAJAMARCA,CHOTA,ecmwf,temp,20260831,20260929,"00Z,12Z",D1,3h,-5.15,5.171,5.636,0.685,478
47E1D6C2,PUENTE SAN CARLOS,CAJAMARCA,CHOTA,gfs,temp,20260831,20260929,"00Z,12Z",D1,3h,-3.946,4.296,4.889,0.552,478
47E1D6C2,PUENTE SAN CARLOS,CAJAMARCA,CHOTA,eta5,temp,20260831,20260929,"00Z,12Z",D1,3h,-1.225,1.951,2.288,0.851,382
47E1D6C2,PUENTE SAN CARLOS,CAJAMARCA,CHOTA,wrf5,temp,20260831,20260929,"00Z,12Z",D1,3h,-2.068,2.569,2.933,0.892,470
47E1D6C2,PUENTE SAN CARLOS,CAJAMARCA,CHOTA,mpas15,temp,20260831,20260929,00Z,D1,3h,-2.643,2.832,3.13,0.849,239
47E1F02E,TUNEL CHOTANO,CAJAMARCA,CHOTA,ecmwf,temp,20260831,20260929,"00Z,12Z",D1,3h,-3.777,3.832,4.357,0.89,476
47E1F02E,TUNEL CHOTANO,CAJAMARCA,CHOTA,gfs,temp,20260831,20260929,"00Z,12Z",D1,3h,-4.126,4.15,4.61,0.87,476
47E1F02E,TUNEL CHOTANO,CAJAMARCA,CHOTA,eta5,temp,20260831,20260929,"00Z,12Z",D1,3h,-1.467,1.829,2.218,0.915,380
47E1F02E,TUNEL CHOTANO,CAJAMARCA,CHOTA,wrf5,temp,20260831,20260929,"00Z,12Z",D1,3h,-2.419,2.677,3.272,0.85,468
47E1F02E,TUNEL CHOTANO,CAJAMARCA,CHOTA,mpas15,temp,20260831,20260929,00Z,D1,3h,-5.46,5.461,6.062,0.887,238
472C92CA,CASCABAMBA,CAJAMARCA,CONTUMAZA,ecmwf,temp,20260831,20260929,"00Z,12Z",D1,3h,7.533,7.533,7.856,0.753,480
472C92CA,CASCABAMBA,CAJAMARCA,CONTUMAZA,gfs,temp,20260831,20260929,"00Z,12Z",D1,3h,9.3,9.3,9.552,0.723,480
472C92CA,CASCABAMBA,CAJAMARCA,CONTUMAZA,eta5,temp,20260831,20260929,"00Z,12Z",D1,3h,0.49,1.354,1.708,0.824,384
472C92CA,CASCABAMBA,CAJAMARCA,CONTUMAZA,wrf5,temp,20260831,20260929,"00Z,12Z",D1,3h,0.254,1.727,2.192,0.727,472
472C92CA,CASCABAMBA,CAJAMARCA,CONTUMAZA,mpas15,temp,20260831,20260929,00Z,D1,3h,6.74,6.748,7.035,0.766,240
472C81BC,GUZMANGO,CAJAMARCA,CONTUMAZA,ecmwf,temp,20260831,20260929,"00Z,12Z",D1,3h,3.82,3.825,4.153,0.742,478
472C81BC,GUZMANGO,CAJAMARCA,CONTUMAZA,gfs,temp,20260831,20260929,"00Z,12Z",D1,3h,4.526,4.526,4.888,0.713,478
472C81BC,GUZMANGO,CAJAMARCA,CONTUMAZA,eta5,temp,20260831,20260929,"00Z,12Z",D1,3h,0.994,1.508,1.899,0.807,382
472C81BC,GUZMANGO,CAJAMARCA,CONTUMAZA,wrf5,temp,20260831,20260929,"00Z,12Z",D1,3h,2.089,2.318,2.715,0.704,470
472C81BC,GUZMANGO,CAJAMARCA,CONTUMAZA,mpas15,temp,20260831,20260929,00Z,D1,3h,2.038,2.186,2.649,0.786,239
4727470A,PUENTE CHILETE,CAJAMARCA,CONTUMAZA,ecmwf,temp,20260831,20260929,"00Z,12Z",D1,3h,-8.057,8.057,8.337,0.875,478
4727470A,PUENTE CHILETE,CAJAMARCA,CONTUMAZA,gfs,temp,20260831,20260929,"00Z,12Z",D1,3h,-7.642,7.642,7.959,0.801,478
4727470A,PUENTE CHILETE,CAJAMARCA,CONTUMAZA,eta5,temp,20260831,20260929,"00Z,12Z",D1,3h,-0.962,1.659,2.079,0.893,382
4727470A,PUENTE CHILETE,CAJAMARCA,CONTUMAZA,wrf5,temp,20260831,20260929,"00Z,12Z",D1,3h,-1.969,2.198,2.633,0.901,470
4727470A,PUENTE CHILETE,CAJAMARCA,CONTUMAZA,mpas15,temp,20260831,20260929,00Z,D1,3h,-10.387,10.387,10.679,0.77,239
4726E508,YONAN GORE,CAJAMARCA,CONTUMAZA,ecmwf,temp,20260831,20260929,"00Z,12Z",D1,3h,S/D,S/D,S/D,S/D,0
4726E508,YONAN GORE,CAJAMARCA,CONTUMAZA,gfs,temp,20260831,20260929,"00Z,12Z",D1,3h,S/D,S/D,S/D,S/D,0
4726E508,YONAN GORE,CAJAMARCA,CONTUMAZA,eta5,temp,20260831,20260929,"00Z,12Z",D1,3h,S/D,S/D,S/D,S/D,0
4726E508,YONAN GORE,CAJAMARCA,CONTUMAZA,wrf5,temp,20260831,20260929,"00Z,12Z",D1,3h,S/D,S/D,S/D,S/D,0
4726E508,YONAN GORE,CAJAMARCA,CONTUMAZA,mpas15,temp,20260831,20260929,00Z,D1,3h,S/D,S/D,S/D,S/D,0
472B3006,CUMBA,CAJAMARCA,CUTERVO,ecmwf,temp,20260831,20260929,"00Z,12Z",D1,3h,S/D,S/D,S/D,S/D,0
472B3006,CUMBA,CAJAMARCA,CUTERVO,gfs,temp,20260831,20260929,"00Z,12Z",D1,3h,S/D,S/D,S/D,S/D,0
472B3006,CUMBA,CAJAMARCA,CUTERVO,eta5,temp,20260831,20260929,"00Z,12Z",D1,3h,S/D,S/D,S/D,S/D,0
472B3006,CUMBA,CAJAMARCA,CUTERVO,wrf5,temp,20260831,20260929,"00Z,12Z",D1,3h,S/D,S/D,S/D,S/D,0
472B3006,CUMBA,CAJAMARCA,CUTERVO,mpas15,temp,20260831,20260929,00Z,D1,3h,S/D,S/D,S/D,S/D,0
4726A602,CUTERVO,CAJAMARCA,CUTERVO,ecmwf,temp,20260831,20260929,"00Z,12Z",D1,3h,0.765,1.686,2.124,0.794,452
4726A602,CUTERVO,CAJAMARCA,CUTERVO,gfs,temp,20260831,20260929,"00Z,12Z",D1,3h,0.359,1.438,1.821,0.859,452
4726A602,CUTERVO,CAJAMARCA,CUTERVO,eta5,temp,20260831,20260929,"00Z,12Z",D1,3h,-0.443,1.644,2.056,0.85,366
4726A602,CUTERVO,CAJAMARCA,CUTERVO,wrf5,temp,20260831,20260929,"00Z,12Z",D1,3h,-0.322,1.243,1.53,0.871,444
4726A602,CUTERVO,CAJAMARCA,CUTERVO,mpas15,temp,20260831,20260929,00Z,D1,3h,0.481,1.092,1.362,0.874,226
4726D092,BAMBAMARCA H,CAJAMARCA,HUALGAYOC,ecmwf,temp,20260831,20260929,"00Z,12Z",D1,3h,S/D,S/D,S/D,S/D,0
4726D092,BAMBAMARCA H,CAJAMARCA,HUALGAYOC,gfs,temp,20260831,20260929,"00Z,12Z",D1,3h,S/D,S/D,S/D,S/D,0
4726D092,BAMBAMARCA H,CAJAMARCA,HUALGAYOC,eta5,temp,20260831,20260929,"00Z,12Z",D1,3h,S/D,S/D,S/D,S/D,0
4726D092,BAMBAMARCA H,CAJAMARCA,HUALGAYOC,wrf5,temp,20260831,20260929,"00Z,12Z",D1,3h,S/D,S/D,S/D,S/D,0
4726D092,BAMBAMARCA H,CAJAMARCA,HUALGAYOC,mpas15,temp,20260831,20260929,00Z,D1,3h,S/D,S/D,S/D,S/D,0
472680EE,BAMBAMARCA M,CAJAMARCA,HUALGAYOC,ecmwf,temp,20260831,20260929,"00Z,12Z",D1,3h,-4.308,4.323,4.752,0.877,476
472680EE,BAMBAMARCA M,CAJAMARCA,HUALGAYOC,gfs,temp,20260831,20260929,"00Z,12Z",D1,3h,-5.491,5.491,5.754,0.85,476
472680EE,BAMBAMARCA M,CAJAMARCA,HUALGAYOC,eta5,temp,20260831,20260929,"00Z,12Z",D1,3h,-2.471,2.782,3.196,0.876,380
472680EE,BAMBAMARCA M,CAJAMARCA,HUALGAYOC,wrf5,temp,20260831,20260929,"00Z,12Z",D1,3h,-0.295,1.316,1.663,0.885,468
472680EE,BAMBAMARCA M,CAJAMARCA,HUALGAYOC,mpas15,temp,20260831,20260929,00Z,D1,3h,-5.632,5.632,5.907,0.822,238
4727F484,CHUGUR,CAJAMARCA,HUALGAYOC,ecmwf,temp,20260831,20260929,"00Z,12Z",D1,3h,-4.427,4.429,4.753,0.847,474
4727F484,CHUGUR,CAJAMARCA,HUALGAYOC,gfs,temp,20260831,20260929,"00Z,12Z",D1,3h,-2.513,2.576,2.983,0.848,474
4727F484,CHUGUR,CAJAMARCA,HUALGAYOC,eta5,temp,20260831,20260929,"00Z,12Z",D1,3h,0.598,1.41,1.714,0.906,379
4727F484,CHUGUR,CAJAMARCA,HUALGAYOC,wrf5,temp,20260831,20260929,"00Z,12Z",D1,3h,-1.972,2.053,2.45,0.853,466
4727F484,CHUGUR,CAJAMARCA,HUALGAYOC,mpas15,temp,20260831,20260929,00Z,D1,3h,-1.506,1.786,2.158,0.836,237
472A571A,HUALLAPE,CAJAMARCA,JAEN,ecmwf,temp,20260831,20260929,"00Z,12Z",D1,3h,S/D,S/D,S/D,S/D,0
472A571A,HUALLAPE,CAJAMARCA,JAEN,gfs,temp,20260831,20260929,"00Z,12Z",D1,3h,S/D,S/D,S/D,S/D,0
472A571A,HUALLAPE,CAJAMARCA,JAEN,eta5,temp,20260831,20260929,"00Z,12Z",D1,3h,S/D,S/D,S/D,S/D,0
472A571A,HUALLAPE,CAJAMARCA,JAEN,wrf5,temp,20260831,20260929,"00Z,12Z",D1,3h,S/D,S/D,S/D,S/D,0
472A571A,HUALLAPE,CAJAMARCA,JAEN,mpas15,temp,20260831,20260929,00Z,D1,3h,S/D,S/D,S/D,S/D,0
47269398,JAEN,CAJAMARCA,JAEN,ecmwf,temp,20260831,20260929,"00Z,12Z",D1,3h,-3.069,3.163,3.525,0.915,468
47269398,JAEN,CAJAMARCA,JAEN,gfs,temp,20260831,20260929,"00Z,12Z",D1,3h,-2.273,2.447,2.795,0.908,468
47269398,JAEN,CAJAMARCA,JAEN,eta5,temp,20260831,20260929,"00Z,12Z",D1,3h,-0.918,1.799,2.217,0.87,373
47269398,JAEN,CAJAMARCA,JAEN,wrf5,temp,20260831,20260929,"00Z,12Z",D1,3h,0.356,1.516,1.994,0.863,460
47269398,JAEN,CAJAMARCA,JAEN,mpas15,temp,20260831,20260929,00Z,D1,3h,-4.335,4.376,4.777,0.879,234
105136,SAUZAL,CAJAMARCA,JAEN,ecmwf,temp,20260831,20260929,"00Z,12Z",D1,3h,S/D,S/D,S/D,S/D,0
105136,SAUZAL,CAJAMARCA,JAEN,gfs,temp,20260831,20260929,"00Z,12Z",D1,3h,S/D,S/D,S/D,S/D,0
105136,SAUZAL,CAJAMARCA,JAEN,eta5,temp,20260831,20260929,"00Z,12Z",D1,3h,S/D,S/D,S/D,S/D,0
105136,SAUZAL,CAJAMARCA,JAEN,wrf5,temp,20260831,20260929,"00Z,12Z",D1,3h,S/D,S/D,S/D,S/D,0
105136,SAUZAL,CAJAMARCA,JAEN,mpas15,temp,20260831,20260929,00Z,D1,3h,S/D,S/D,S/D,S/D,0
4725E206,SAN MARCOS,CAJAMARCA,SAN MARCOS,ecmwf,temp,20260831,20260929,"00Z,12Z",D1,3h,-4.656,4.685,5.204,0.922,470
4725E206,SAN MARCOS,CAJAMARCA,SAN MARCOS,gfs,temp,20260831,20260929,"00Z,12Z",D1,3h,-4.666,4.769,5.728,0.893,470
4725E206,SAN MARCOS,CAJAMARCA,SAN MARCOS,eta5,temp,20260831,20260929,"00Z,12Z",D1,3h,-1.765,2.575,3.131,0.892,376
4725E206,SAN MARCOS,CAJAMARCA,SAN MARCOS,wrf5,temp,20260831,20260929,"00Z,12Z",D1,3h,1.464,2.558,3.064,0.896,462
4725E206,SAN MARCOS,CAJAMARCA,SAN MARCOS,mpas15,temp,20260831,20260929,00Z,D1,3h,-4.254,4.346,5.265,0.927,235
47E207A4,TONGOD,CAJAMARCA,SAN MIGUEL,ecmwf,temp,20260831,20260929,"00Z,12Z",D1,3h,-4.616,4.782,5.353,0.846,476
47E207A4,TONGOD,CAJAMARCA,SAN MIGUEL,gfs,temp,20260831,20260929,"00Z,12Z",D1,3h,-2.689,3.185,3.71,0.82,476
47E207A4,TONGOD,CAJAMARCA,SAN MIGUEL,eta5,temp,20260831,20260929,"00Z,12Z",D1,3h,-3.578,3.864,4.256,0.857,381
47E207A4,TONGOD,CAJAMARCA,SAN MIGUEL,wrf5,temp,20260831,20260929,"00Z,12Z",D1,3h,0.745,1.803,2.506,0.857,468
47E207A4,TONGOD,CAJAMARCA,SAN MIGUEL,mpas15,temp,20260831,20260929,00Z,D1,3h,-3.596,3.959,4.453,0.802,238
47E1C5B4,CAÑAD,CAJAMARCA,SANTA CRUZ,ecmwf,temp,20260831,20260929,"00Z,12Z",D1,3h,-9.535,9.535,9.804,0.728,474
47E1C5B4,CAÑAD,CAJAMARCA,SANTA CRUZ,gfs,temp,20260831,20260929,"00Z,12Z",D1,3h,-8.752,8.752,9.043,0.688,474
47E1C5B4,CAÑAD,CAJAMARCA,SANTA CRUZ,eta5,temp,20260831,20260929,"00Z,12Z",D1,3h,-5.106,5.18,5.96,0.712,380
47E1C5B4,CAÑAD,CAJAMARCA,SANTA CRUZ,wrf5,temp,20260831,20260929,"00Z,12Z",D1,3h,-1.842,2.21,2.752,0.783,466
47E1C5B4,CAÑAD,CAJAMARCA,SANTA CRUZ,mpas15,temp,20260831,20260929,00Z,D1,3h,-7.062,7.062,7.376,0.744,237
47E3055E,CHANCAY BAÑOS,CAJAMARCA,SANTA CRUZ,ecmwf,temp,20260831,20260929,"00Z,12Z",D1,3h,-5.483,5.483,5.767,0.906,478
47E3055E,CHANCAY BAÑOS,CAJAMARCA,SANTA CRUZ,gfs,temp,20260831,20260929,"00Z,12Z",D1,3h,-5.849,5.849,6.119,0.855,478
47E3055E,CHANCAY BAÑOS,CAJAMARCA,SANTA CRUZ,eta5,temp,20260831,20260929,"00Z,12Z",D1,3h,-2.579,2.705,3.218,0.888,383
47E3055E,CHANCAY BAÑOS,CAJAMARCA,SANTA CRUZ,wrf5,temp,20260831,20260929,"00Z,12Z",D1,3h,0.145,1.443,1.853,0.863,470
47E3055E,CHANCAY BAÑOS,CAJAMARCA,SANTA CRUZ,mpas15,temp,20260831,20260929,00Z,D1,3h,-5.648,5.648,6.022,0.88,239
47E1E358,PUENTE AMBAN,CAJAMARCA,SANTA CRUZ,ecmwf,temp,20260831,20260929,"00Z,12Z",D1,3h,-5.003,5.008,5.418,0.89,478
47E1E358,PUENTE AMBAN,CAJAMARCA,SANTA CRUZ,gfs,temp,20260831,20260929,"00Z,12Z",D1,3h,-4.056,4.088,4.509,0.86,478
47E1E358,PUENTE AMBAN,CAJAMARCA,SANTA CRUZ,eta5,temp,20260831,20260929,"00Z,12Z",D1,3h,-2.466,2.633,3.1,0.893,382
47E1E358,PUENTE AMBAN,CAJAMARCA,SANTA CRUZ,wrf5,temp,20260831,20260929,"00Z,12Z",D1,3h,-0.58,1.745,2.205,0.849,470
47E1E358,PUENTE AMBAN,CAJAMARCA,SANTA CRUZ,mpas15,temp,20260831,20260929,00Z,D1,3h,-6.837,6.837,7.346,0.886,239
114132,POMACANCHI,CUSCO,ACOMAYO,ecmwf,temp,20260831,20260929,"00Z,12Z",D1,3h,-1.836,2.272,2.692,0.917,480
114132,POMACANCHI,CUSCO,ACOMAYO,gfs,temp,20260831,20260929,"00Z,12Z",D1,3h,-1.183,2.208,2.684,0.891,480
114132,POMACANCHI,CUSCO,ACOMAYO,eta5,temp,20260831,20260929,"00Z,12Z",D1,3h,-0.058,1.825,2.281,0.867,384
114132,POMACANCHI,CUSCO,ACOMAYO,wrf5,temp,20260831,20260929,"00Z,12Z",D1,3h,0.94,1.791,2.388,0.894,472
114132,POMACANCHI,CUSCO,ACOMAYO,mpas15,temp,20260831,20260929,00Z,D1,3h,-2.801,3.052,3.512,0.913,240
113252,ANCACHURO,CUSCO,ANTA,ecmwf,temp,20260831,20260929,"00Z,12Z",D1,3h,-1.6,2.806,3.38,0.884,480
113252,ANCACHURO,CUSCO,ANTA,gfs,temp,20260831,20260929,"00Z,12Z",D1,3h,-0.548,3.204,3.678,0.857,480
113252,ANCACHURO,CUSCO,ANTA,eta5,temp,20260831,20260929,"00Z,12Z",D1,3h,3.764,3.802,4.458,0.898,384
113252,ANCACHURO,CUSCO,ANTA,wrf5,temp,20260831,20260929,"00Z,12Z",D1,3h,2.523,2.975,3.746,0.905,472
113252,ANCACHURO,CUSCO,ANTA,mpas15,temp,20260831,20260929,00Z,D1,3h,-2.066,2.923,3.655,0.935,240
47294362,SORAYPAMPA,CUSCO,ANTA,ecmwf,temp,20260831,20260929,"00Z,12Z",D1,3h,4.018,4.104,4.784,0.845,480
47294362,SORAYPAMPA,CUSCO,ANTA,gfs,temp,20260831,20260929,"00Z,12Z",D1,3h,3.362,3.402,3.876,0.873,480
47294362,SORAYPAMPA,CUSCO,ANTA,eta5,temp,20260831,20260929,"00Z,12Z",D1,3h,-3.224,3.434,3.825,0.868,384
47294362,SORAYPAMPA,CUSCO,ANTA,wrf5,temp,20260831,20260929,"00Z,12Z",D1,3h,-1.498,2.237,2.754,0.851,472
47294362,SORAYPAMPA,CUSCO,ANTA,mpas15,temp,20260831,20260929,00Z,D1,3h,-1.259,1.925,2.444,0.877,240
472976F8,CALCA,CUSCO,CALCA,ecmwf,temp,20260831,20260929,"00Z,12Z",D1,3h,-10.133,10.141,10.606,0.785,476
472976F8,CALCA,CUSCO,CALCA,gfs,temp,20260831,20260929,"00Z,12Z",D1,3h,-7.683,7.696,8.463,0.806,476
472976F8,CALCA,CUSCO,CALCA,eta5,temp,20260831,20260929,"00Z,12Z",D1,3h,-6.831,6.837,7.307,0.854,381
472976F8,CALCA,CUSCO,CALCA,wrf5,temp,20260831,20260929,"00Z,12Z",D1,3h,-0.398,2.135,2.617,0.875,468
472976F8,CALCA,CUSCO,CALCA,mpas15,temp,20260831,20260929,00Z,D1,3h,-8.739,8.743,9.217,0.888,238
472A6280,NUEVO PISAC,CUSCO,CALCA,ecmwf,temp,20260831,20260929,"00Z,12Z",D1,3h,S/D,S/D,S/D,S/D,0
472A6280,NUEVO PISAC,CUSCO,CALCA,gfs,temp,20260831,20260929,"00Z,12Z",D1,3h,S/D,S/D,S/D,S/D,0
472A6280,NUEVO PISAC,CUSCO,CALCA,eta5,temp,20260831,20260929,"00Z,12Z",D1,3h,S/D,S/D,S/D,S/D,0
472A6280,NUEVO PISAC,CUSCO,CALCA,wrf5,temp,20260831,20260929,"00Z,12Z",D1,3h,S/D,S/D,S/D,S/D,0
472A6280,NUEVO PISAC,CUSCO,CALCA,mpas15,temp,20260831,20260929,00Z,D1,3h,S/D,S/D,S/D,S/D,0
114126,PAYAPUNKU,CUSCO,CANAS,ecmwf,temp,20260831,20260929,"00Z,12Z",D1,3h,-1.536,2.381,2.931,0.886,480
114126,PAYAPUNKU,CUSCO,CANAS,gfs,temp,20260831,20260929,"00Z,12Z",D1,3h,-0.29,1.966,2.546,0.882,480
114126,PAYAPUNKU,CUSCO,CANAS,eta5,temp,20260831,20260929,"00Z,12Z",D1,3h,-1.011,2.362,2.865,0.857,384
114126,PAYAPUNKU,CUSCO,CANAS,wrf5,temp,20260831,20260929,"00Z,12Z",D1,3h,0.914,2.405,3.081,0.836,472
114126,PAYAPUNKU,CUSCO,CANAS,mpas15,temp,20260831,20260929,00Z,D1,3h,-2.714,3.177,3.564,0.899,240
114125,SAUSAYA,CUSCO,CANAS,ecmwf,temp,20260831,20260929,"00Z,12Z",D1,3h,-0.563,3.907,4.857,0.867,476
114125,SAUSAYA,CUSCO,CANAS,gfs,temp,20260831,20260929,"00Z,12Z",D1,3h,0.679,3.85,5.044,0.85,476
114125,SAUSAYA,CUSCO,CANAS,eta5,temp,20260831,20260929,"00Z,12Z",D1,3h,3.508,4.164,5.479,0.855,382
114125,SAUSAYA,CUSCO,CANAS,wrf5,temp,20260831,20260929,"00Z,12Z",D1,3h,2.985,4.177,5.635,0.842,468
114125,SAUSAYA,CUSCO,CANAS,mpas15,temp,20260831,20260929,00Z,D1,3h,-1.063,3.808,4.568,0.901,238
472E025C,QUISOQUEPINA,CUSCO,CANCHIS,ecmwf,temp,20260831,20260929,"00Z,12Z",D1,3h,-0.251,1.618,2.04,0.613,126
472E025C,QUISOQUEPINA,CUSCO,CANCHIS,gfs,temp,20260831,20260929,"00Z,12Z",D1,3h,2.189,2.278,2.796,0.67,126
472E025C,QUISOQUEPINA,CUSCO,CANCHIS,eta5,temp,20260831,20260929,"00Z,12Z",D1,3h,2.367,2.447,2.905,0.694,112
472E025C,QUISOQUEPINA,CUSCO,CANCHIS,wrf5,temp,20260831,20260929,"00Z,12Z",D1,3h,0.434,1.716,2.184,0.509,120
472E025C,QUISOQUEPINA,CUSCO,CANCHIS,mpas15,temp,20260831,20260929,00Z,D1,3h,1.665,1.965,2.483,0.632,63
114118,SALCCA,CUSCO,CANCHIS,ecmwf,temp,20260831,20260929,"00Z,12Z",D1,3h,S/D,S/D,S/D,S/D,0
114118,SALCCA,CUSCO,CANCHIS,gfs,temp,20260831,20260929,"00Z,12Z",D1,3h,S/D,S/D,S/D,S/D,0
114118,SALCCA,CUSCO,CANCHIS,eta5,temp,20260831,20260929,"00Z,12Z",D1,3h,S/D,S/D,S/D,S/D,0
114118,SALCCA,CUSCO,CANCHIS,wrf5,temp,20260831,20260929,"00Z,12Z",D1,3h,S/D,S/D,S/D,S/D,0
114118,SALCCA,CUSCO,CANCHIS,mpas15,temp,20260831,20260929,00Z,D1,3h,S/D,S/D,S/D,S/D,0
47E8B578,SIBINACOCHA,CUSCO,CANCHIS,ecmwf,temp,20260831,20260929,"00Z,12Z",D1,3h,0.033,2.434,2.896,0.782,480
47E8B578,SIBINACOCHA,CUSCO,CANCHIS,gfs,temp,20260831,20260929,"00Z,12Z",D1,3h,0.456,1.796,2.281,0.793,480
47E8B578,SIBINACOCHA,CUSCO,CANCHIS,eta5,temp,20260831,20260929,"00Z,12Z",D1,3h,3.214,3.338,4.089,0.811,384
47E8B578,SIBINACOCHA,CUSCO,CANCHIS,wrf5,temp,20260831,20260929,"00Z,12Z",D1,3h,1.53,2.271,2.874,0.77,472
47E8B578,SIBINACOCHA,CUSCO,CANCHIS,mpas15,temp,20260831,20260929,00Z,D1,3h,-1.692,2.265,2.719,0.795,240
4726158C,SICUANI,CUSCO,CANCHIS,ecmwf,temp,20260831,20260929,"00Z,12Z",D1,3h,-2.286,2.776,3.265,0.944,470
4726158C,SICUANI,CUSCO,CANCHIS,gfs,temp,20260831,20260929,"00Z,12Z",D1,3h,-1.585,3.334,3.907,0.882,470
4726158C,SICUANI,CUSCO,CANCHIS,eta5,temp,20260831,20260929,"00Z,12Z",D1,3h,0.305,2.105,2.616,0.909,377
4726158C,SICUANI,CUSCO,CANCHIS,wrf5,temp,20260831,20260929,"00Z,12Z",D1,3h,2.627,3.1,4.128,0.896,462
4726158C,SICUANI,CUSCO,CANCHIS,mpas15,temp,20260831,20260929,00Z,D1,3h,-4.914,5.204,6.077,0.897,235
114123,MARCA CUNKA,CUSCO,CHUMBIVILCAS,ecmwf,temp,20260831,20260929,"00Z,12Z",D1,3h,-2.305,3.334,4.084,0.863,480
114123,MARCA CUNKA,CUSCO,CHUMBIVILCAS,gfs,temp,20260831,20260929,"00Z,12Z",D1,3h,-0.476,2.791,3.536,0.884,480
114123,MARCA CUNKA,CUSCO,CHUMBIVILCAS,eta5,temp,20260831,20260929,"00Z,12Z",D1,3h,1.313,2.902,3.653,0.848,384
114123,MARCA CUNKA,CUSCO,CHUMBIVILCAS,wrf5,temp,20260831,20260929,"00Z,12Z",D1,3h,0.843,2.954,3.816,0.839,472
114123,MARCA CUNKA,CUSCO,CHUMBIVILCAS,mpas15,temp,20260831,20260929,00Z,D1,3h,-2.7,3.75,4.285,0.88,240
4729A090,SANTO TOMAS,CUSCO,CHUMBIVILCAS,ecmwf,temp,20260831,20260929,"00Z,12Z",D1,3h,-3.881,3.974,4.471,0.906,470
4729A090,SANTO TOMAS,CUSCO,CHUMBIVILCAS,gfs,temp,20260831,20260929,"00Z,12Z",D1,3h,-2.034,2.359,2.884,0.931,470
4729A090,SANTO TOMAS,CUSCO,CHUMBIVILCAS,eta5,temp,20260831,20260929,"00Z,12Z",D1,3h,0.39,1.882,2.462,0.874,376
4729A090,SANTO TOMAS,CUSCO,CHUMBIVILCAS,wrf5,temp,20260831,20260929,"00Z,12Z",D1,3h,2.349,2.618,3.249,0.901,462
4729A090,SANTO TOMAS,CUSCO,CHUMBIVILCAS,mpas15,temp,20260831,20260929,00Z,D1,3h,-4.286,4.415,4.887,0.885,235
114124,HUAYHUAHUASI,CUSCO,ESPINAR,ecmwf,temp,20260831,20260929,"00Z,12Z",D1,3h,1.346,3.293,4.304,0.915,480
114124,HUAYHUAHUASI,CUSCO,ESPINAR,gfs,temp,20260831,20260929,"00Z,12Z",D1,3h,2.585,4.463,6.057,0.819,480
114124,HUAYHUAHUASI,CUSCO,ESPINAR,eta5,temp,20260831,20260929,"00Z,12Z",D1,3h,4.676,5.084,6.593,0.848,384
114124,HUAYHUAHUASI,CUSCO,ESPINAR,wrf5,temp,20260831,20260929,"00Z,12Z",D1,3h,3.489,4.761,6.353,0.819,472
114124,HUAYHUAHUASI,CUSCO,ESPINAR,mpas15,temp,20260831,20260929,00Z,D1,3h,-0.314,3.645,4.535,0.912,240
47E880E2,PICHARI,CUSCO,LA CONVENCION,ecmwf,temp,20260831,20260929,"00Z,12Z",D1,3h,-7.853,7.853,8.388,0.755,478
47E880E2,PICHARI,CUSCO,LA CONVENCION,gfs,temp,20260831,20260929,"00Z,12Z",D1,3h,-7.39,7.407,8.03,0.68,478
47E880E2,PICHARI,CUSCO,LA CONVENCION,eta5,temp,20260831,20260929,"00Z,12Z",D1,3h,1.146,2.259,2.889,0.77,383
47E880E2,PICHARI,CUSCO,LA CONVENCION,wrf5,temp,20260831,20260929,"00Z,12Z",D1,3h,1.816,2.523,3.272,0.797,470
47E880E2,PICHARI,CUSCO,LA CONVENCION,mpas15,temp,20260831,20260929,00Z,D1,3h,-9.326,9.326,9.986,0.562,239
112264,PONGO DE MAINIQUE,CUSCO,LA CONVENCION,ecmwf,temp,20260831,20260929,"00Z,12Z",D1,3h,-2.582,3.051,3.413,0.81,480
112264,PONGO DE MAINIQUE,CUSCO,LA CONVENCION,gfs,temp,20260831,20260929,"00Z,12Z",D1,3h,-1.582,2.849,3.346,0.775,480
112264,PONGO DE MAINIQUE,CUSCO,LA CONVENCION,eta5,temp,20260831,20260929,"00Z,12Z",D1,3h,0.925,1.878,2.467,0.752,384
112264,PONGO DE MAINIQUE,CUSCO,LA CONVENCION,wrf5,temp,20260831,20260929,"00Z,12Z",D1,3h,1.064,1.818,2.364,0.82,472
112264,PONGO DE MAINIQUE,CUSCO,LA CONVENCION,mpas15,temp,20260831,20260929,00Z,D1,3h,-2.805,3.223,3.641,0.76,240
4729658E,SAN PABLO,CUSCO,LA CONVENCION,ecmwf,temp,20260831,20260929,"00Z,12Z",D1,3h,-10.909,10.909,11.337,0.788,480
4729658E,SAN PABLO,CUSCO,LA CONVENCION,gfs,temp,20260831,20260929,"00Z,12Z",D1,3h,-9.78,9.78,10.257,0.78,480
4729658E,SAN PABLO,CUSCO,LA CONVENCION,eta5,temp,20260831,20260929,"00Z,12Z",D1,3h,-5.395,5.452,6.292,0.764,384
4729658E,SAN PABLO,CUSCO,LA CONVENCION,wrf5,temp,20260831,20260929,"00Z,12Z",D1,3h,-1.395,2.447,2.938,0.807,472
4729658E,SAN PABLO,CUSCO,LA CONVENCION,mpas15,temp,20260831,20260929,00Z,D1,3h,-10.655,10.655,11.349,0.631,240
4722A338,ACJANACO ,CUSCO,PAUCARTAMBO,ecmwf,temp,20260831,20260929,"00Z,12Z",D1,3h,-0.045,1.943,2.397,0.728,480
4722A338,ACJANACO ,CUSCO,PAUCARTAMBO,gfs,temp,20260831,20260929,"00Z,12Z",D1,3h,1.397,2.122,2.703,0.686,480
4722A338,ACJANACO ,CUSCO,PAUCARTAMBO,eta5,temp,20260831,20260929,"00Z,12Z",D1,3h,-0.362,1.642,2.16,0.743,384
4722A338,ACJANACO ,CUSCO,PAUCARTAMBO,wrf5,temp,20260831,20260929,"00Z,12Z",D1,3h,1.457,2.141,2.799,0.604,472
4722A338,ACJANACO ,CUSCO,PAUCARTAMBO,mpas15,temp,20260831,20260929,00Z,D1,3h,-0.906,1.685,2.298,0.777,240
210007,PAUCARTAMBO,CUSCO,PAUCARTAMBO,ecmwf,temp,20260831,20260929,"00Z,12Z",D1,3h,S/D,S/D,S/D,S/D,0
210007,PAUCARTAMBO,CUSCO,PAUCARTAMBO,gfs,temp,20260831,20260929,"00Z,12Z",D1,3h,S/D,S/D,S/D,S/D,0
210007,PAUCARTAMBO,CUSCO,PAUCARTAMBO,eta5,temp,20260831,20260929,"00Z,12Z",D1,3h,S/D,S/D,S/D,S/D,0
210007,PAUCARTAMBO,CUSCO,PAUCARTAMBO,wrf5,temp,20260831,20260929,"00Z,12Z",D1,3h,S/D,S/D,S/D,S/D,0
210007,PAUCARTAMBO,CUSCO,PAUCARTAMBO,mpas15,temp,20260831,20260929,00Z,D1,3h,S/D,S/D,S/D,S/D,0
113247,ASHANAKU,CUSCO,QUISPICANCHI,ecmwf,temp,20260831,20260929,"00Z,12Z",D1,3h,-0.579,1.701,2.103,0.836,480
113247,ASHANAKU,CUSCO,QUISPICANCHI,gfs,temp,20260831,20260929,"00Z,12Z",D1,3h,0.105,1.949,2.503,0.81,480
113247,ASHANAKU,CUSCO,QUISPICANCHI,eta5,temp,20260831,20260929,"00Z,12Z",D1,3h,0.482,1.695,2.231,0.821,384
113247,ASHANAKU,CUSCO,QUISPICANCHI,wrf5,temp,20260831,20260929,"00Z,12Z",D1,3h,-1.346,2.154,2.701,0.774,472
113247,ASHANAKU,CUSCO,QUISPICANCHI,mpas15,temp,20260831,20260929,00Z,D1,3h,-1.071,1.824,2.455,0.877,240
113254,QUINCEMIL,CUSCO,QUISPICANCHI,ecmwf,temp,20260831,20260929,"00Z,12Z",D1,3h,-0.315,1.528,1.998,0.816,480
113254,QUINCEMIL,CUSCO,QUISPICANCHI,gfs,temp,20260831,20260929,"00Z,12Z",D1,3h,-0.412,1.822,2.386,0.755,480
113254,QUINCEMIL,CUSCO,QUISPICANCHI,eta5,temp,20260831,20260929,"00Z,12Z",D1,3h,1.162,2.101,2.58,0.775,384
113254,QUINCEMIL,CUSCO,QUISPICANCHI,wrf5,temp,20260831,20260929,"00Z,12Z",D1,3h,3.136,3.247,3.693,0.846,472
113254,QUINCEMIL,CUSCO,QUISPICANCHI,mpas15,temp,20260831,20260929,00Z,D1,3h,-1.512,2.185,2.785,0.763,240
472A9204,CHILCA,CUSCO,URUBAMBA,ecmwf,temp,20260831,20260929,"00Z,12Z",D1,3h,S/D,S/D,S/D,S/D,0
472A9204,CHILCA,CUSCO,URUBAMBA,gfs,temp,20260831,20260929,"00Z,12Z",D1,3h,S/D,S/D,S/D,S/D,0
472A9204,CHILCA,CUSCO,URUBAMBA,eta5,temp,20260831,20260929,"00Z,12Z",D1,3h,S/D,S/D,S/D,S/D,0
472A9204,CHILCA,CUSCO,URUBAMBA,wrf5,temp,20260831,20260929,"00Z,12Z",D1,3h,S/D,S/D,S/D,S/D,0
472A9204,CHILCA,CUSCO,URUBAMBA,mpas15,temp,20260831,20260929,00Z,D1,3h,S/D,S/D,S/D,S/D,0
4727C11E,HUAYLLABAMBA,CUSCO,URUBAMBA,ecmwf,temp,20260831,20260929,"00Z,12Z",D1,3h,-5.968,5.989,6.461,0.738,472
4727C11E,HUAYLLABAMBA,CUSCO,URUBAMBA,gfs,temp,20260831,20260929,"00Z,12Z",D1,3h,-4.993,4.997,5.501,0.815,472
4727C11E,HUAYLLABAMBA,CUSCO,URUBAMBA,eta5,temp,20260831,20260929,"00Z,12Z",D1,3h,-2.411,2.653,3.11,0.833,379
4727C11E,HUAYLLABAMBA,CUSCO,URUBAMBA,wrf5,temp,20260831,20260929,"00Z,12Z",D1,3h,-6.189,6.192,6.638,0.823,464
4727C11E,HUAYLLABAMBA,CUSCO,URUBAMBA,mpas15,temp,20260831,20260929,00Z,D1,3h,-6.234,6.234,6.645,0.825,236
472935F2,INTIHUATANA H,CUSCO,URUBAMBA,ecmwf,temp,20260831,20260929,"00Z,12Z",D1,3h,S/D,S/D,S/D,S/D,0
472935F2,INTIHUATANA H,CUSCO,URUBAMBA,gfs,temp,20260831,20260929,"00Z,12Z",D1,3h,S/D,S/D,S/D,S/D,0
472935F2,INTIHUATANA H,CUSCO,URUBAMBA,eta5,temp,20260831,20260929,"00Z,12Z",D1,3h,S/D,S/D,S/D,S/D,0
472935F2,INTIHUATANA H,CUSCO,URUBAMBA,wrf5,temp,20260831,20260929,"00Z,12Z",D1,3h,S/D,S/D,S/D,S/D,0
472935F2,INTIHUATANA H,CUSCO,URUBAMBA,mpas15,temp,20260831,20260929,00Z,D1,3h,S/D,S/D,S/D,S/D,0
472852EE,INTIHUATANA M,CUSCO,URUBAMBA,ecmwf,temp,20260831,20260929,"00Z,12Z",D1,3h,-11.875,11.875,12.179,0.693,480
472852EE,INTIHUATANA M,CUSCO,URUBAMBA,gfs,temp,20260831,20260929,"00Z,12Z",D1,3h,-10.887,10.887,11.132,0.814,480
472852EE,INTIHUATANA M,CUSCO,URUBAMBA,eta5,temp,20260831,20260929,"00Z,12Z",D1,3h,-5.662,5.665,6.144,0.745,384
472852EE,INTIHUATANA M,CUSCO,URUBAMBA,wrf5,temp,20260831,20260929,"00Z,12Z",D1,3h,-2.985,3.18,3.719,0.785,472
472852EE,INTIHUATANA M,CUSCO,URUBAMBA,mpas15,temp,20260831,20260929,00Z,D1,3h,-9.731,9.731,10.139,0.705,240
472897F0,MACHUPICCHU,CUSCO,URUBAMBA,ecmwf,temp,20260831,20260929,"00Z,12Z",D1,3h,-8.973,8.973,9.423,0.673,474
472897F0,MACHUPICCHU,CUSCO,URUBAMBA,gfs,temp,20260831,20260929,"00Z,12Z",D1,3h,-7.996,7.996,8.396,0.813,474
472897F0,MACHUPICCHU,CUSCO,URUBAMBA,eta5,temp,20260831,20260929,"00Z,12Z",D1,3h,-2.773,2.962,3.786,0.762,379
472897F0,MACHUPICCHU,CUSCO,URUBAMBA,wrf5,temp,20260831,20260929,"00Z,12Z",D1,3h,-0.095,1.704,2.356,0.825,466
472897F0,MACHUPICCHU,CUSCO,URUBAMBA,mpas15,temp,20260831,20260929,00Z,D1,3h,-6.845,6.849,7.513,0.695,237
4729950A,PACAYMAYO,CUSCO,URUBAMBA,ecmwf,temp,20260831,20260929,"00Z,12Z",D1,3h,-0.778,1.8,2.176,0.763,480
4729950A,PACAYMAYO,CUSCO,URUBAMBA,gfs,temp,20260831,20260929,"00Z,12Z",D1,3h,0.21,1.272,1.602,0.788,480
4729950A,PACAYMAYO,CUSCO,URUBAMBA,eta5,temp,20260831,20260929,"00Z,12Z",D1,3h,2.777,2.807,3.191,0.808,384
4729950A,PACAYMAYO,CUSCO,URUBAMBA,wrf5,temp,20260831,20260929,"00Z,12Z",D1,3h,-0.728,1.56,1.964,0.773,472
4729950A,PACAYMAYO,CUSCO,URUBAMBA,mpas15,temp,20260831,20260929,00Z,D1,3h,-1.0,1.549,1.905,0.84,240
4720CDF8,COCHAMARCA,HUANCAVELICA,CASTROVIRREYNA,ecmwf,temp,20260831,20260929,"00Z,12Z",D1,3h,S/D,S/D,S/D,S/D,0
4720CDF8,COCHAMARCA,HUANCAVELICA,CASTROVIRREYNA,gfs,temp,20260831,20260929,"00Z,12Z",D1,3h,S/D,S/D,S/D,S/D,0
4720CDF8,COCHAMARCA,HUANCAVELICA,CASTROVIRREYNA,eta5,temp,20260831,20260929,"00Z,12Z",D1,3h,S/D,S/D,S/D,S/D,0
4720CDF8,COCHAMARCA,HUANCAVELICA,CASTROVIRREYNA,wrf5,temp,20260831,20260929,"00Z,12Z",D1,3h,S/D,S/D,S/D,S/D,0
4720CDF8,COCHAMARCA,HUANCAVELICA,CASTROVIRREYNA,mpas15,temp,20260831,20260929,00Z,D1,3h,S/D,S/D,S/D,S/D,0
47292684,HUACHOS,HUANCAVELICA,CASTROVIRREYNA,ecmwf,temp,20260831,20260929,"00Z,12Z",D1,3h,-5.936,5.936,6.302,0.848,478
47292684,HUACHOS,HUANCAVELICA,CASTROVIRREYNA,gfs,temp,20260831,20260929,"00Z,12Z",D1,3h,-4.863,4.868,5.469,0.801,478
47292684,HUACHOS,HUANCAVELICA,CASTROVIRREYNA,eta5,temp,20260831,20260929,"00Z,12Z",D1,3h,-3.715,3.717,4.032,0.858,383
47292684,HUACHOS,HUANCAVELICA,CASTROVIRREYNA,wrf5,temp,20260831,20260929,"00Z,12Z",D1,3h,-3.943,4.083,4.918,0.784,470
47292684,HUACHOS,HUANCAVELICA,CASTROVIRREYNA,mpas15,temp,20260831,20260929,00Z,D1,3h,-5.732,5.732,6.341,0.851,239
472722EC,HUANCAVELICA,HUANCAVELICA,HUANCAVELICA,ecmwf,temp,20260831,20260929,"00Z,12Z",D1,3h,-4.651,4.663,4.97,0.896,480
472722EC,HUANCAVELICA,HUANCAVELICA,HUANCAVELICA,gfs,temp,20260831,20260929,"00Z,12Z",D1,3h,-3.744,3.81,4.351,0.839,480
472722EC,HUANCAVELICA,HUANCAVELICA,HUANCAVELICA,eta5,temp,20260831,20260929,"00Z,12Z",D1,3h,-3.051,3.187,3.572,0.877,384
472722EC,HUANCAVELICA,HUANCAVELICA,HUANCAVELICA,wrf5,temp,20260831,20260929,"00Z,12Z",D1,3h,-1.889,2.217,2.703,0.888,472
472722EC,HUANCAVELICA,HUANCAVELICA,HUANCAVELICA,mpas15,temp,20260831,20260929,00Z,D1,3h,-4.955,4.977,5.375,0.888,240
47284198,CHALLACA,HUANCAVELICA,HUAYTARA,ecmwf,temp,20260831,20260929,"00Z,12Z",D1,3h,-2.341,2.56,2.972,0.893,252
47284198,CHALLACA,HUANCAVELICA,HUAYTARA,gfs,temp,20260831,20260929,"00Z,12Z",D1,3h,-2.149,2.543,2.977,0.871,252
47284198,CHALLACA,HUANCAVELICA,HUAYTARA,eta5,temp,20260831,20260929,"00Z,12Z",D1,3h,-3.928,4.007,4.398,0.846,181
47284198,CHALLACA,HUANCAVELICA,HUAYTARA,wrf5,temp,20260831,20260929,"00Z,12Z",D1,3h,-2.292,2.965,3.696,0.741,252
47284198,CHALLACA,HUANCAVELICA,HUAYTARA,mpas15,temp,20260831,20260929,00Z,D1,3h,-5.928,5.953,6.49,0.817,126
472811E4,CHALLACA M,HUANCAVELICA,HUAYTARA,ecmwf,temp,20260831,20260929,"00Z,12Z",D1,3h,-2.176,2.422,3.082,0.91,478
472811E4,CHALLACA M,HUANCAVELICA,HUAYTARA,gfs,temp,20260831,20260929,"00Z,12Z",D1,3h,-2.163,2.534,3.228,0.903,478
472811E4,CHALLACA M,HUANCAVELICA,HUAYTARA,eta5,temp,20260831,20260929,"00Z,12Z",D1,3h,-3.756,3.77,4.044,0.9,382
472811E4,CHALLACA M,HUANCAVELICA,HUAYTARA,wrf5,temp,20260831,20260929,"00Z,12Z",D1,3h,-1.734,2.532,3.203,0.845,470
472811E4,CHALLACA M,HUANCAVELICA,HUAYTARA,mpas15,temp,20260831,20260929,00Z,D1,3h,-5.753,5.764,6.553,0.876,239
4728F216,CORDOVA,HUANCAVELICA,HUAYTARA,ecmwf,temp,20260831,20260929,"00Z,12Z",D1,3h,-0.87,1.278,1.65,0.823,472
4728F216,CORDOVA,HUANCAVELICA,HUAYTARA,gfs,temp,20260831,20260929,"00Z,12Z",D1,3h,0.516,1.187,1.407,0.844,472
4728F216,CORDOVA,HUANCAVELICA,HUAYTARA,eta5,temp,20260831,20260929,"00Z,12Z",D1,3h,-0.125,1.932,2.295,0.812,378
4728F216,CORDOVA,HUANCAVELICA,HUAYTARA,wrf5,temp,20260831,20260929,"00Z,12Z",D1,3h,-1.086,1.365,1.69,0.847,464
4728F216,CORDOVA,HUANCAVELICA,HUAYTARA,mpas15,temp,20260831,20260929,00Z,D1,3h,0.209,1.266,1.535,0.809,236
4728C78C,CUSICANCHA,HUANCAVELICA,HUAYTARA,ecmwf,temp,20260831,20260929,"00Z,12Z",D1,3h,-6.309,6.309,6.607,0.858,474
4728C78C,CUSICANCHA,HUANCAVELICA,HUAYTARA,gfs,temp,20260831,20260929,"00Z,12Z",D1,3h,-4.552,4.552,5.151,0.766,474
4728C78C,CUSICANCHA,HUANCAVELICA,HUAYTARA,eta5,temp,20260831,20260929,"00Z,12Z",D1,3h,-3.762,3.838,4.209,0.84,380
4728C78C,CUSICANCHA,HUANCAVELICA,HUAYTARA,wrf5,temp,20260831,20260929,"00Z,12Z",D1,3h,-1.839,2.167,2.737,0.811,466
4728C78C,CUSICANCHA,HUANCAVELICA,HUAYTARA,mpas15,temp,20260831,20260929,00Z,D1,3h,-4.498,4.498,4.908,0.876,237
213507,RAMADILLAS,HUANCAVELICA,HUAYTARA,ecmwf,temp,20260831,20260929,"00Z,12Z",D1,3h,S/D,S/D,S/D,S/D,0
213507,RAMADILLAS,HUANCAVELICA,HUAYTARA,gfs,temp,20260831,20260929,"00Z,12Z",D1,3h,S/D,S/D,S/D,S/D,0
213507,RAMADILLAS,HUANCAVELICA,HUAYTARA,eta5,temp,20260831,20260929,"00Z,12Z",D1,3h,S/D,S/D,S/D,S/D,0
213507,RAMADILLAS,HUANCAVELICA,HUAYTARA,wrf5,temp,20260831,20260929,"00Z,12Z",D1,3h,S/D,S/D,S/D,S/D,0
213507,RAMADILLAS,HUANCAVELICA,HUAYTARA,mpas15,temp,20260831,20260929,00Z,D1,3h,S/D,S/D,S/D,S/D,0
4729131E,SANTIAGO DE CHOCORVOS,HUANCAVELICA,HUAYTARA,ecmwf,temp,20260831,20260929,"00Z,12Z",D1,3h,-7.363,7.363,7.574,0.859,476
4729131E,SANTIAGO DE CHOCORVOS,HUANCAVELICA,HUAYTARA,gfs,temp,20260831,20260929,"00Z,12Z",D1,3h,-6.659,6.659,6.86,0.826,476
4729131E,SANTIAGO DE CHOCORVOS,HUANCAVELICA,HUAYTARA,eta5,temp,20260831,20260929,"00Z,12Z",D1,3h,-5.815,5.815,6.08,0.835,381
4729131E,SANTIAGO DE CHOCORVOS,HUANCAVELICA,HUAYTARA,wrf5,temp,20260831,20260929,"00Z,12Z",D1,3h,-5.595,5.595,5.822,0.783,468
4729131E,SANTIAGO DE CHOCORVOS,HUANCAVELICA,HUAYTARA,mpas15,temp,20260831,20260929,00Z,D1,3h,-7.167,7.167,7.416,0.85,238
112269,COCHABAMBA GRANDE,HUANCAVELICA,TAYACAJA,ecmwf,temp,20260831,20260929,"00Z,12Z",D1,3h,-5.158,5.158,5.419,0.781,208
112269,COCHABAMBA GRANDE,HUANCAVELICA,TAYACAJA,gfs,temp,20260831,20260929,"00Z,12Z",D1,3h,-2.234,2.357,2.784,0.77,208
112269,COCHABAMBA GRANDE,HUANCAVELICA,TAYACAJA,eta5,temp,20260831,20260929,"00Z,12Z",D1,3h,-1.584,1.754,2.119,0.851,136
112269,COCHABAMBA GRANDE,HUANCAVELICA,TAYACAJA,wrf5,temp,20260831,20260929,"00Z,12Z",D1,3h,-2.642,2.685,2.998,0.855,208
112269,COCHABAMBA GRANDE,HUANCAVELICA,TAYACAJA,mpas15,temp,20260831,20260929,00Z,D1,3h,-0.316,1.271,1.846,0.846,104
110146,QUISCA,HUANUCO,AMBO,ecmwf,temp,20260831,20260929,"00Z,12Z",D1,3h,-6.045,6.045,6.263,0.874,288
110146,QUISCA,HUANUCO,AMBO,gfs,temp,20260831,20260929,"00Z,12Z",D1,3h,-7.485,7.485,7.704,0.852,288
110146,QUISCA,HUANUCO,AMBO,eta5,temp,20260831,20260929,"00Z,12Z",D1,3h,-4.008,4.064,4.336,0.888,233
110146,QUISCA,HUANUCO,AMBO,wrf5,temp,20260831,20260929,"00Z,12Z",D1,3h,-1.205,1.847,2.112,0.893,284
110146,QUISCA,HUANUCO,AMBO,mpas15,temp,20260831,20260929,00Z,D1,3h,-9.652,9.652,9.993,0.818,144
47E845FC,CACHICOTO,HUANUCO,HUAMALIES,ecmwf,temp,20260831,20260929,"00Z,12Z",D1,3h,-4.454,4.578,5.141,0.79,480
47E845FC,CACHICOTO,HUANUCO,HUAMALIES,gfs,temp,20260831,20260929,"00Z,12Z",D1,3h,-5.134,5.302,5.967,0.724,480
47E845FC,CACHICOTO,HUANUCO,HUAMALIES,eta5,temp,20260831,20260929,"00Z,12Z",D1,3h,-0.384,2.132,2.687,0.75,384
47E845FC,CACHICOTO,HUANUCO,HUAMALIES,wrf5,temp,20260831,20260929,"00Z,12Z",D1,3h,0.592,1.954,2.47,0.768,472
47E845FC,CACHICOTO,HUANUCO,HUAMALIES,mpas15,temp,20260831,20260929,00Z,D1,3h,-4.577,4.67,5.437,0.678,240
4720EB14,SAN MARTIN,HUANUCO,HUAMALIES,ecmwf,temp,20260831,20260929,"00Z,12Z",D1,3h,-1.717,2.962,3.435,0.814,480
4720EB14,SAN MARTIN,HUANUCO,HUAMALIES,gfs,temp,20260831,20260929,"00Z,12Z",D1,3h,-2.697,3.165,3.831,0.747,480
4720EB14,SAN MARTIN,HUANUCO,HUAMALIES,eta5,temp,20260831,20260929,"00Z,12Z",D1,3h,6.545,6.545,7.138,0.838,384
4720EB14,SAN MARTIN,HUANUCO,HUAMALIES,wrf5,temp,20260831,20260929,"00Z,12Z",D1,3h,-0.497,2.129,2.593,0.778,472
4720EB14,SAN MARTIN,HUANUCO,HUAMALIES,mpas15,temp,20260831,20260929,00Z,D1,3h,-3.0,3.365,4.102,0.741,240
472D0552,CHINCHAVITO,HUANUCO,HUANUCO,ecmwf,temp,20260831,20260929,"00Z,12Z",D1,3h,S/D,S/D,S/D,S/D,0
472D0552,CHINCHAVITO,HUANUCO,HUANUCO,gfs,temp,20260831,20260929,"00Z,12Z",D1,3h,S/D,S/D,S/D,S/D,0
472D0552,CHINCHAVITO,HUANUCO,HUANUCO,eta5,temp,20260831,20260929,"00Z,12Z",D1,3h,S/D,S/D,S/D,S/D,0
472D0552,CHINCHAVITO,HUANUCO,HUANUCO,wrf5,temp,20260831,20260929,"00Z,12Z",D1,3h,S/D,S/D,S/D,S/D,0
472D0552,CHINCHAVITO,HUANUCO,HUANUCO,mpas15,temp,20260831,20260929,00Z,D1,3h,S/D,S/D,S/D,S/D,0
472B730C,PUENTE TARUCA,HUANUCO,HUANUCO,ecmwf,temp,20260831,20260929,"00Z,12Z",D1,3h,S/D,S/D,S/D,S/D,0
472B730C,PUENTE TARUCA,HUANUCO,HUANUCO,gfs,temp,20260831,20260929,"00Z,12Z",D1,3h,S/D,S/D,S/D,S/D,0
472B730C,PUENTE TARUCA,HUANUCO,HUANUCO,eta5,temp,20260831,20260929,"00Z,12Z",D1,3h,S/D,S/D,S/D,S/D,0
472B730C,PUENTE TARUCA,HUANUCO,HUANUCO,wrf5,temp,20260831,20260929,"00Z,12Z",D1,3h,S/D,S/D,S/D,S/D,0
472B730C,PUENTE TARUCA,HUANUCO,HUANUCO,mpas15,temp,20260831,20260929,00Z,D1,3h,S/D,S/D,S/D,S/D,0
110140,JESUS DE LAURICOCHA,HUANUCO,LAURICOCHA,ecmwf,temp,20260831,20260929,"00Z,12Z",D1,3h,-3.74,3.769,4.199,0.893,480
110140,JESUS DE LAURICOCHA,HUANUCO,LAURICOCHA,gfs,temp,20260831,20260929,"00Z,12Z",D1,3h,-2.986,3.203,3.706,0.865,480
110140,JESUS DE LAURICOCHA,HUANUCO,LAURICOCHA,eta5,temp,20260831,20260929,"00Z,12Z",D1,3h,-3.26,3.415,4.001,0.842,384
110140,JESUS DE LAURICOCHA,HUANUCO,LAURICOCHA,wrf5,temp,20260831,20260929,"00Z,12Z",D1,3h,-1.213,1.899,2.29,0.895,472
110140,JESUS DE LAURICOCHA,HUANUCO,LAURICOCHA,mpas15,temp,20260831,20260929,00Z,D1,3h,-3.896,3.961,4.35,0.907,240
472DA5AA,PUENTE BELLA,HUANUCO,LEONCIO PRADO,ecmwf,temp,20260831,20260929,"00Z,12Z",D1,3h,S/D,S/D,S/D,S/D,0
472DA5AA,PUENTE BELLA,HUANUCO,LEONCIO PRADO,gfs,temp,20260831,20260929,"00Z,12Z",D1,3h,S/D,S/D,S/D,S/D,0
472DA5AA,PUENTE BELLA,HUANUCO,LEONCIO PRADO,eta5,temp,20260831,20260929,"00Z,12Z",D1,3h,S/D,S/D,S/D,S/D,0
472DA5AA,PUENTE BELLA,HUANUCO,LEONCIO PRADO,wrf5,temp,20260831,20260929,"00Z,12Z",D1,3h,S/D,S/D,S/D,S/D,0
472DA5AA,PUENTE BELLA,HUANUCO,LEONCIO PRADO,mpas15,temp,20260831,20260929,00Z,D1,3h,S/D,S/D,S/D,S/D,0
47270400,TINGO MARIA,HUANUCO,LEONCIO PRADO,ecmwf,temp,20260831,20260929,"00Z,12Z",D1,3h,-1.906,2.287,2.641,0.872,478
47270400,TINGO MARIA,HUANUCO,LEONCIO PRADO,gfs,temp,20260831,20260929,"00Z,12Z",D1,3h,-3.311,3.773,4.252,0.833,478
47270400,TINGO MARIA,HUANUCO,LEONCIO PRADO,eta5,temp,20260831,20260929,"00Z,12Z",D1,3h,0.475,1.753,2.269,0.815,382
47270400,TINGO MARIA,HUANUCO,LEONCIO PRADO,wrf5,temp,20260831,20260929,"00Z,12Z",D1,3h,-0.281,1.603,2.132,0.825,470
47270400,TINGO MARIA,HUANUCO,LEONCIO PRADO,mpas15,temp,20260831,20260929,00Z,D1,3h,-5.493,5.517,6.009,0.754,239
4727A4F8,PUERTO INCA,HUANUCO,PUERTO INCA,ecmwf,temp,20260831,20260929,"00Z,12Z",D1,3h,-0.615,1.318,1.79,0.874,478
4727A4F8,PUERTO INCA,HUANUCO,PUERTO INCA,gfs,temp,20260831,20260929,"00Z,12Z",D1,3h,-0.41,1.948,2.492,0.884,478
4727A4F8,PUERTO INCA,HUANUCO,PUERTO INCA,eta5,temp,20260831,20260929,"00Z,12Z",D1,3h,2.252,2.717,3.496,0.787,382
4727A4F8,PUERTO INCA,HUANUCO,PUERTO INCA,wrf5,temp,20260831,20260929,"00Z,12Z",D1,3h,0.159,1.433,2.069,0.87,470
4727A4F8,PUERTO INCA,HUANUCO,PUERTO INCA,mpas15,temp,20260831,20260929,00Z,D1,3h,-1.06,1.704,2.362,0.865,239
109094,PUCA PUCA,HUANUCO,YAROWILCA,ecmwf,temp,20260831,20260929,"00Z,12Z",D1,3h,-1.965,2.371,2.739,0.888,470
109094,PUCA PUCA,HUANUCO,YAROWILCA,gfs,temp,20260831,20260929,"00Z,12Z",D1,3h,-0.926,1.819,2.194,0.817,470
109094,PUCA PUCA,HUANUCO,YAROWILCA,eta5,temp,20260831,20260929,"00Z,12Z",D1,3h,-2.247,2.874,3.386,0.818,376
109094,PUCA PUCA,HUANUCO,YAROWILCA,wrf5,temp,20260831,20260929,"00Z,12Z",D1,3h,-0.481,1.511,1.837,0.885,462
109094,PUCA PUCA,HUANUCO,YAROWILCA,mpas15,temp,20260831,20260929,00Z,D1,3h,-2.606,2.77,3.169,0.89,235
4728A26A,CONTA M,ICA,CHINCHA,ecmwf,temp,20260831,20260929,"00Z,12Z",D1,3h,-0.717,1.551,1.831,0.828,442
4728A26A,CONTA M,ICA,CHINCHA,gfs,temp,20260831,20260929,"00Z,12Z",D1,3h,-0.911,1.677,2.016,0.777,442
4728A26A,CONTA M,ICA,CHINCHA,eta5,temp,20260831,20260929,"00Z,12Z",D1,3h,-0.284,1.924,2.343,0.748,352
4728A26A,CONTA M,ICA,CHINCHA,wrf5,temp,20260831,20260929,"00Z,12Z",D1,3h,-1.164,1.816,2.139,0.788,435
4728A26A,CONTA M,ICA,CHINCHA,mpas15,temp,20260831,20260929,00Z,D1,3h,-1.677,2.166,2.594,0.738,221
4728B11C,FONAGRO,ICA,CHINCHA,ecmwf,temp,20260831,20260929,"00Z,12Z",D1,3h,-1.138,1.868,2.513,0.479,476
4728B11C,FONAGRO,ICA,CHINCHA,gfs,temp,20260831,20260929,"00Z,12Z",D1,3h,-3.368,3.533,4.075,0.572,476
4728B11C,FONAGRO,ICA,CHINCHA,eta5,temp,20260831,20260929,"00Z,12Z",D1,3h,-1.999,2.406,2.815,0.826,382
4728B11C,FONAGRO,ICA,CHINCHA,wrf5,temp,20260831,20260929,"00Z,12Z",D1,3h,-1.626,1.872,2.227,0.77,468
4728B11C,FONAGRO,ICA,CHINCHA,mpas15,temp,20260831,20260929,00Z,D1,3h,-2.056,2.314,2.642,0.774,238
4728E160,SAN PEDRO DE HUACARPANA,ICA,CHINCHA,ecmwf,temp,20260831,20260929,"00Z,12Z",D1,3h,-1.671,1.982,2.518,0.853,464
4728E160,SAN PEDRO DE HUACARPANA,ICA,CHINCHA,gfs,temp,20260831,20260929,"00Z,12Z",D1,3h,1.474,1.668,1.94,0.855,464
4728E160,SAN PEDRO DE HUACARPANA,ICA,CHINCHA,eta5,temp,20260831,20260929,"00Z,12Z",D1,3h,0.419,1.913,2.363,0.845,371
4728E160,SAN PEDRO DE HUACARPANA,ICA,CHINCHA,wrf5,temp,20260831,20260929,"00Z,12Z",D1,3h,1.096,1.343,1.711,0.847,456
4728E160,SAN PEDRO DE HUACARPANA,ICA,CHINCHA,mpas15,temp,20260831,20260929,00Z,D1,3h,-0.618,1.227,1.529,0.854,232
472A446C,BETA SANTIAGO,ICA,ICA,ecmwf,temp,20260831,20260929,"00Z,12Z",D1,3h,0.669,1.571,2.036,0.883,464
472A446C,BETA SANTIAGO,ICA,ICA,gfs,temp,20260831,20260929,"00Z,12Z",D1,3h,1.19,1.979,2.592,0.838,464
472A446C,BETA SANTIAGO,ICA,ICA,eta5,temp,20260831,20260929,"00Z,12Z",D1,3h,3.448,3.985,4.838,0.872,371
472A446C,BETA SANTIAGO,ICA,ICA,wrf5,temp,20260831,20260929,"00Z,12Z",D1,3h,-1.094,3.02,3.615,0.817,456
472A446C,BETA SANTIAGO,ICA,ICA,mpas15,temp,20260831,20260929,00Z,D1,3h,-0.713,2.358,2.838,0.838,232
213503,HUAMANI EL TAMBO,ICA,ICA,ecmwf,temp,20260831,20260929,"00Z,12Z",D1,3h,-1.215,2.68,3.394,0.642,470
213503,HUAMANI EL TAMBO,ICA,ICA,gfs,temp,20260831,20260929,"00Z,12Z",D1,3h,-1.192,2.743,3.387,0.586,470
213503,HUAMANI EL TAMBO,ICA,ICA,eta5,temp,20260831,20260929,"00Z,12Z",D1,3h,1.858,2.829,3.731,0.634,374
213503,HUAMANI EL TAMBO,ICA,ICA,wrf5,temp,20260831,20260929,"00Z,12Z",D1,3h,0.79,2.458,2.951,0.611,462
213503,HUAMANI EL TAMBO,ICA,ICA,mpas15,temp,20260831,20260929,00Z,D1,3h,-1.311,2.693,3.306,0.603,235
213506,LOS MOLINOS,ICA,ICA,ecmwf,temp,20260831,20260929,"00Z,12Z",D1,3h,S/D,S/D,S/D,S/D,0
213506,LOS MOLINOS,ICA,ICA,gfs,temp,20260831,20260929,"00Z,12Z",D1,3h,S/D,S/D,S/D,S/D,0
213506,LOS MOLINOS,ICA,ICA,eta5,temp,20260831,20260929,"00Z,12Z",D1,3h,S/D,S/D,S/D,S/D,0
213506,LOS MOLINOS,ICA,ICA,wrf5,temp,20260831,20260929,"00Z,12Z",D1,3h,S/D,S/D,S/D,S/D,0
213506,LOS MOLINOS,ICA,ICA,mpas15,temp,20260831,20260929,00Z,D1,3h,S/D,S/D,S/D,S/D,0
114139,COPARA,ICA,NASCA,ecmwf,temp,20260831,20260929,"00Z,12Z",D1,3h,-1.069,1.945,2.623,0.876,230
114139,COPARA,ICA,NASCA,gfs,temp,20260831,20260929,"00Z,12Z",D1,3h,0.649,1.958,2.404,0.816,230
114139,COPARA,ICA,NASCA,eta5,temp,20260831,20260929,"00Z,12Z",D1,3h,1.761,2.151,2.661,0.865,199
114139,COPARA,ICA,NASCA,wrf5,temp,20260831,20260929,"00Z,12Z",D1,3h,0.644,1.651,2.045,0.886,225
114139,COPARA,ICA,NASCA,mpas15,temp,20260831,20260929,00Z,D1,3h,-1.034,2.286,2.725,0.816,115
114136,PALPA,ICA,PALPA,ecmwf,temp,20260831,20260929,"00Z,12Z",D1,3h,-2.102,2.48,2.941,0.901,480
114136,PALPA,ICA,PALPA,gfs,temp,20260831,20260929,"00Z,12Z",D1,3h,-1.685,2.612,3.167,0.839,480
114136,PALPA,ICA,PALPA,eta5,temp,20260831,20260929,"00Z,12Z",D1,3h,0.055,2.12,2.64,0.886,384
114136,PALPA,ICA,PALPA,wrf5,temp,20260831,20260929,"00Z,12Z",D1,3h,-0.804,2.244,2.675,0.874,472
114136,PALPA,ICA,PALPA,mpas15,temp,20260831,20260929,00Z,D1,3h,-2.884,3.383,3.935,0.836,240
114140,PAMPA BLANCA,ICA,PALPA,ecmwf,temp,20260831,20260929,"00Z,12Z",D1,3h,-2.932,3.605,4.448,0.664,370
114140,PAMPA BLANCA,ICA,PALPA,gfs,temp,20260831,20260929,"00Z,12Z",D1,3h,-3.775,4.286,5.083,0.649,370
114140,PAMPA BLANCA,ICA,PALPA,eta5,temp,20260831,20260929,"00Z,12Z",D1,3h,-0.85,2.96,3.64,0.765,294
114140,PAMPA BLANCA,ICA,PALPA,wrf5,temp,20260831,20260929,"00Z,12Z",D1,3h,0.929,2.826,3.385,0.665,364
114140,PAMPA BLANCA,ICA,PALPA,mpas15,temp,20260831,20260929,00Z,D1,3h,-4.297,4.576,5.385,0.723,185
213403,LETRAYOC,ICA,PISCO,ecmwf,temp,20260831,20260929,"00Z,12Z",D1,3h,S/D,S/D,S/D,S/D,0
213403,LETRAYOC,ICA,PISCO,gfs,temp,20260831,20260929,"00Z,12Z",D1,3h,S/D,S/D,S/D,S/D,0
213403,LETRAYOC,ICA,PISCO,eta5,temp,20260831,20260929,"00Z,12Z",D1,3h,S/D,S/D,S/D,S/D,0
213403,LETRAYOC,ICA,PISCO,wrf5,temp,20260831,20260929,"00Z,12Z",D1,3h,S/D,S/D,S/D,S/D,0
213403,LETRAYOC,ICA,PISCO,mpas15,temp,20260831,20260929,00Z,D1,3h,S/D,S/D,S/D,S/D,0
472DF5D6,HUAYTAPALLANA,JUNIN,HUANCAYO,ecmwf,temp,20260831,20260929,"00Z,12Z",D1,3h,1.149,1.666,2.133,0.782,476
472DF5D6,HUAYTAPALLANA,JUNIN,HUANCAYO,gfs,temp,20260831,20260929,"00Z,12Z",D1,3h,2.595,2.738,3.075,0.768,476
472DF5D6,HUAYTAPALLANA,JUNIN,HUANCAYO,eta5,temp,20260831,20260929,"00Z,12Z",D1,3h,0.459,1.576,1.979,0.831,380
472DF5D6,HUAYTAPALLANA,JUNIN,HUANCAYO,wrf5,temp,20260831,20260929,"00Z,12Z",D1,3h,0.226,1.235,1.616,0.815,468
472DF5D6,HUAYTAPALLANA,JUNIN,HUANCAYO,mpas15,temp,20260831,20260929,00Z,D1,3h,1.389,1.658,2.108,0.813,238
111288,CHACAPALPA,JUNIN,JAUJA,ecmwf,temp,20260831,20260929,"00Z,12Z",D1,3h,-1.209,2.439,2.956,0.841,472
111288,CHACAPALPA,JUNIN,JAUJA,gfs,temp,20260831,20260929,"00Z,12Z",D1,3h,-0.727,2.177,2.768,0.781,472
111288,CHACAPALPA,JUNIN,JAUJA,eta5,temp,20260831,20260929,"00Z,12Z",D1,3h,1.079,2.397,3.117,0.818,376
111288,CHACAPALPA,JUNIN,JAUJA,wrf5,temp,20260831,20260929,"00Z,12Z",D1,3h,0.5,2.057,2.661,0.828,464
111288,CHACAPALPA,JUNIN,JAUJA,mpas15,temp,20260831,20260929,00Z,D1,3h,-2.612,3.134,3.647,0.816,236
111299,POTSOTENI,JUNIN,SATIPO,ecmwf,temp,20260831,20260929,"00Z,12Z",D1,3h,-5.137,5.168,5.94,0.831,480
111299,POTSOTENI,JUNIN,SATIPO,gfs,temp,20260831,20260929,"00Z,12Z",D1,3h,-3.891,4.285,4.972,0.815,480
111299,POTSOTENI,JUNIN,SATIPO,eta5,temp,20260831,20260929,"00Z,12Z",D1,3h,1.569,2.763,3.494,0.778,384
111299,POTSOTENI,JUNIN,SATIPO,wrf5,temp,20260831,20260929,"00Z,12Z",D1,3h,1.797,2.577,3.313,0.813,472
111299,POTSOTENI,JUNIN,SATIPO,mpas15,temp,20260831,20260929,00Z,D1,3h,-4.382,4.508,5.385,0.794,240
4725C4EA,SATIPO,JUNIN,SATIPO,ecmwf,temp,20260831,20260929,"00Z,12Z",D1,3h,-2.352,2.553,3.057,0.904,478
4725C4EA,SATIPO,JUNIN,SATIPO,gfs,temp,20260831,20260929,"00Z,12Z",D1,3h,-1.919,2.722,3.38,0.846,478
4725C4EA,SATIPO,JUNIN,SATIPO,eta5,temp,20260831,20260929,"00Z,12Z",D1,3h,2.41,3.069,3.727,0.787,383
4725C4EA,SATIPO,JUNIN,SATIPO,wrf5,temp,20260831,20260929,"00Z,12Z",D1,3h,1.674,2.367,2.959,0.843,470
4725C4EA,SATIPO,JUNIN,SATIPO,mpas15,temp,20260831,20260929,00Z,D1,3h,-3.618,3.752,4.625,0.809,239
47257764,TARMA,JUNIN,TARMA,ecmwf,temp,20260831,20260929,"00Z,12Z",D1,3h,-7.18,7.18,7.399,0.896,472
47257764,TARMA,JUNIN,TARMA,gfs,temp,20260831,20260929,"00Z,12Z",D1,3h,-5.558,5.566,6.119,0.811,472
47257764,TARMA,JUNIN,TARMA,eta5,temp,20260831,20260929,"00Z,12Z",D1,3h,-4.828,4.859,5.259,0.849,379
47257764,TARMA,JUNIN,TARMA,wrf5,temp,20260831,20260929,"00Z,12Z",D1,3h,-0.979,1.815,2.182,0.882,464
47257764,TARMA,JUNIN,TARMA,mpas15,temp,20260831,20260929,00Z,D1,3h,-7.207,7.21,7.64,0.891,236
472D9030,MARCAPOMACOCHA,JUNIN,YAULI,ecmwf,temp,20260831,20260929,"00Z,12Z",D1,3h,-2.445,2.687,3.171,0.877,480
472D9030,MARCAPOMACOCHA,JUNIN,YAULI,gfs,temp,20260831,20260929,"00Z,12Z",D1,3h,-0.698,1.816,2.419,0.822,480
472D9030,MARCAPOMACOCHA,JUNIN,YAULI,eta5,temp,20260831,20260929,"00Z,12Z",D1,3h,-1.156,1.969,2.377,0.831,384
472D9030,MARCAPOMACOCHA,JUNIN,YAULI,wrf5,temp,20260831,20260929,"00Z,12Z",D1,3h,0.152,1.577,2.065,0.87,472
472D9030,MARCAPOMACOCHA,JUNIN,YAULI,mpas15,temp,20260831,20260929,00Z,D1,3h,-1.986,2.293,2.702,0.9,240
472D30C8,CASAGRANDE,LA LIBERTAD,ASCOPE,ecmwf,temp,20260831,20260929,"00Z,12Z",D1,3h,0.829,1.131,1.469,0.905,474
472D30C8,CASAGRANDE,LA LIBERTAD,ASCOPE,gfs,temp,20260831,20260929,"00Z,12Z",D1,3h,0.009,0.992,1.214,0.888,474
472D30C8,CASAGRANDE,LA LIBERTAD,ASCOPE,eta5,temp,20260831,20260929,"00Z,12Z",D1,3h,-0.122,1.625,1.963,0.83,378
472D30C8,CASAGRANDE,LA LIBERTAD,ASCOPE,wrf5,temp,20260831,20260929,"00Z,12Z",D1,3h,-0.299,1.414,1.709,0.83,466
472D30C8,CASAGRANDE,LA LIBERTAD,ASCOPE,mpas15,temp,20260831,20260929,00Z,D1,3h,-1.128,1.457,1.673,0.885,237
211001,SALINAR,LA LIBERTAD,ASCOPE,ecmwf,temp,20260831,20260929,"00Z,12Z",D1,3h,S/D,S/D,S/D,S/D,0
211001,SALINAR,LA LIBERTAD,ASCOPE,gfs,temp,20260831,20260929,"00Z,12Z",D1,3h,S/D,S/D,S/D,S/D,0
211001,SALINAR,LA LIBERTAD,ASCOPE,eta5,temp,20260831,20260929,"00Z,12Z",D1,3h,S/D,S/D,S/D,S/D,0
211001,SALINAR,LA LIBERTAD,ASCOPE,wrf5,temp,20260831,20260929,"00Z,12Z",D1,3h,S/D,S/D,S/D,S/D,0
211001,SALINAR,LA LIBERTAD,ASCOPE,mpas15,temp,20260831,20260929,00Z,D1,3h,S/D,S/D,S/D,S/D,0
472EA2A4,CASCAS,LA LIBERTAD,GRAN CHIMU,ecmwf,temp,20260831,20260929,"00Z,12Z",D1,3h,-2.855,3.015,3.466,0.813,480
472EA2A4,CASCAS,LA LIBERTAD,GRAN CHIMU,gfs,temp,20260831,20260929,"00Z,12Z",D1,3h,-1.087,1.968,2.472,0.715,480
472EA2A4,CASCAS,LA LIBERTAD,GRAN CHIMU,eta5,temp,20260831,20260929,"00Z,12Z",D1,3h,-0.168,1.541,1.992,0.836,384
472EA2A4,CASCAS,LA LIBERTAD,GRAN CHIMU,wrf5,temp,20260831,20260929,"00Z,12Z",D1,3h,-0.435,1.443,1.835,0.828,472
472EA2A4,CASCAS,LA LIBERTAD,GRAN CHIMU,mpas15,temp,20260831,20260929,00Z,D1,3h,-2.753,3.022,3.375,0.806,240
47E0A2A8,EL TAMBO,LA LIBERTAD,GRAN CHIMU,ecmwf,temp,20260831,20260929,"00Z,12Z",D1,3h,-6.197,6.205,6.862,0.696,478
47E0A2A8,EL TAMBO,LA LIBERTAD,GRAN CHIMU,gfs,temp,20260831,20260929,"00Z,12Z",D1,3h,-4.438,4.562,5.396,0.621,478
47E0A2A8,EL TAMBO,LA LIBERTAD,GRAN CHIMU,eta5,temp,20260831,20260929,"00Z,12Z",D1,3h,-1.328,2.006,2.405,0.872,382
47E0A2A8,EL TAMBO,LA LIBERTAD,GRAN CHIMU,wrf5,temp,20260831,20260929,"00Z,12Z",D1,3h,-1.249,1.991,2.425,0.861,470
47E0A2A8,EL TAMBO,LA LIBERTAD,GRAN CHIMU,mpas15,temp,20260831,20260929,00Z,D1,3h,-7.051,7.097,7.616,0.688,239
472D552E,LUCMA,LA LIBERTAD,GRAN CHIMU,ecmwf,temp,20260831,20260929,"00Z,12Z",D1,3h,-2.401,3.058,3.573,0.855,480
472D552E,LUCMA,LA LIBERTAD,GRAN CHIMU,gfs,temp,20260831,20260929,"00Z,12Z",D1,3h,-2.778,3.073,3.495,0.821,480
472D552E,LUCMA,LA LIBERTAD,GRAN CHIMU,eta5,temp,20260831,20260929,"00Z,12Z",D1,3h,-3.312,3.382,3.821,0.823,384
472D552E,LUCMA,LA LIBERTAD,GRAN CHIMU,wrf5,temp,20260831,20260929,"00Z,12Z",D1,3h,-2.874,2.936,3.261,0.813,472
472D552E,LUCMA,LA LIBERTAD,GRAN CHIMU,mpas15,temp,20260831,20260929,00Z,D1,3h,-3.355,3.422,3.804,0.861,240
472CC2B6,MARMOT,LA LIBERTAD,GRAN CHIMU,ecmwf,temp,20260831,20260929,"00Z,12Z",D1,3h,0.137,1.1,1.386,0.853,480
472CC2B6,MARMOT,LA LIBERTAD,GRAN CHIMU,gfs,temp,20260831,20260929,"00Z,12Z",D1,3h,3.519,3.531,3.725,0.846,480
472CC2B6,MARMOT,LA LIBERTAD,GRAN CHIMU,eta5,temp,20260831,20260929,"00Z,12Z",D1,3h,0.414,1.537,1.907,0.805,384
472CC2B6,MARMOT,LA LIBERTAD,GRAN CHIMU,wrf5,temp,20260831,20260929,"00Z,12Z",D1,3h,-3.15,3.154,3.348,0.841,472
472CC2B6,MARMOT,LA LIBERTAD,GRAN CHIMU,mpas15,temp,20260831,20260929,00Z,D1,3h,2.085,2.229,2.662,0.822,240
472E5220,PUENTE PALMIRA,LA LIBERTAD,GRAN CHIMU,ecmwf,temp,20260831,20260929,"00Z,12Z",D1,3h,-5.017,5.049,5.71,0.682,480
472E5220,PUENTE PALMIRA,LA LIBERTAD,GRAN CHIMU,gfs,temp,20260831,20260929,"00Z,12Z",D1,3h,-3.249,3.521,4.335,0.615,480
472E5220,PUENTE PALMIRA,LA LIBERTAD,GRAN CHIMU,eta5,temp,20260831,20260929,"00Z,12Z",D1,3h,0.672,1.676,2.287,0.855,384
472E5220,PUENTE PALMIRA,LA LIBERTAD,GRAN CHIMU,wrf5,temp,20260831,20260929,"00Z,12Z",D1,3h,-0.756,1.829,2.292,0.815,472
472E5220,PUENTE PALMIRA,LA LIBERTAD,GRAN CHIMU,mpas15,temp,20260831,20260929,00Z,D1,3h,-4.534,4.677,5.214,0.737,240
472D8346,CALLANCAS,LA LIBERTAD,OTUZCO,ecmwf,temp,20260831,20260929,"00Z,12Z",D1,3h,-6.099,6.118,6.552,0.878,480
472D8346,CALLANCAS,LA LIBERTAD,OTUZCO,gfs,temp,20260831,20260929,"00Z,12Z",D1,3h,-6.475,6.477,6.831,0.807,480
472D8346,CALLANCAS,LA LIBERTAD,OTUZCO,eta5,temp,20260831,20260929,"00Z,12Z",D1,3h,-1.453,2.104,2.636,0.882,384
472D8346,CALLANCAS,LA LIBERTAD,OTUZCO,wrf5,temp,20260831,20260929,"00Z,12Z",D1,3h,0.516,1.535,1.939,0.858,472
472D8346,CALLANCAS,LA LIBERTAD,OTUZCO,mpas15,temp,20260831,20260929,00Z,D1,3h,-8.022,8.022,8.195,0.886,240
472EB1D2,CAPACHIQUE,LA LIBERTAD,OTUZCO,ecmwf,temp,20260831,20260929,"00Z,12Z",D1,3h,-2.089,2.501,2.926,0.817,480
472EB1D2,CAPACHIQUE,LA LIBERTAD,OTUZCO,gfs,temp,20260831,20260929,"00Z,12Z",D1,3h,-1.605,1.988,2.509,0.79,480
472EB1D2,CAPACHIQUE,LA LIBERTAD,OTUZCO,eta5,temp,20260831,20260929,"00Z,12Z",D1,3h,-1.91,2.529,3.145,0.798,384
472EB1D2,CAPACHIQUE,LA LIBERTAD,OTUZCO,wrf5,temp,20260831,20260929,"00Z,12Z",D1,3h,0.017,1.147,1.494,0.796,472
472EB1D2,CAPACHIQUE,LA LIBERTAD,OTUZCO,mpas15,temp,20260831,20260929,00Z,D1,3h,-4.565,4.565,4.921,0.815,240
107131,LA FORTUNA,LA LIBERTAD,OTUZCO,ecmwf,temp,20260831,20260929,"00Z,12Z",D1,3h,3.858,3.967,4.949,0.795,478
107131,LA FORTUNA,LA LIBERTAD,OTUZCO,gfs,temp,20260831,20260929,"00Z,12Z",D1,3h,3.489,3.503,4.124,0.801,478
107131,LA FORTUNA,LA LIBERTAD,OTUZCO,eta5,temp,20260831,20260929,"00Z,12Z",D1,3h,-4.048,4.051,4.463,0.804,382
107131,LA FORTUNA,LA LIBERTAD,OTUZCO,wrf5,temp,20260831,20260929,"00Z,12Z",D1,3h,0.055,1.476,1.846,0.688,470
107131,LA FORTUNA,LA LIBERTAD,OTUZCO,mpas15,temp,20260831,20260929,00Z,D1,3h,0.274,1.585,1.917,0.834,239
472E74CC,PUENTE COINA,LA LIBERTAD,OTUZCO,ecmwf,temp,20260831,20260929,"00Z,12Z",D1,3h,-4.009,4.063,4.518,0.905,480
472E74CC,PUENTE COINA,LA LIBERTAD,OTUZCO,gfs,temp,20260831,20260929,"00Z,12Z",D1,3h,-4.385,4.403,4.846,0.825,480
472E74CC,PUENTE COINA,LA LIBERTAD,OTUZCO,eta5,temp,20260831,20260929,"00Z,12Z",D1,3h,-6.0,6.0,6.249,0.885,384
472E74CC,PUENTE COINA,LA LIBERTAD,OTUZCO,wrf5,temp,20260831,20260929,"00Z,12Z",D1,3h,-3.144,3.608,4.118,0.703,472
472E74CC,PUENTE COINA,LA LIBERTAD,OTUZCO,mpas15,temp,20260831,20260929,00Z,D1,3h,-7.61,7.61,7.758,0.909,240
472D60B4,USQUIL,LA LIBERTAD,OTUZCO,ecmwf,temp,20260831,20260929,"00Z,12Z",D1,3h,2.281,2.704,3.343,0.785,480
472D60B4,USQUIL,LA LIBERTAD,OTUZCO,gfs,temp,20260831,20260929,"00Z,12Z",D1,3h,1.904,2.242,2.579,0.823,480
472D60B4,USQUIL,LA LIBERTAD,OTUZCO,eta5,temp,20260831,20260929,"00Z,12Z",D1,3h,0.262,1.558,1.912,0.807,384
472D60B4,USQUIL,LA LIBERTAD,OTUZCO,wrf5,temp,20260831,20260929,"00Z,12Z",D1,3h,3.16,3.456,3.811,0.819,472
472D60B4,USQUIL,LA LIBERTAD,OTUZCO,mpas15,temp,20260831,20260929,00Z,D1,3h,-3.226,3.419,3.903,0.772,240
107130,TICAPAMPA,LA LIBERTAD,SANCHEZ CARRION,ecmwf,temp,20260831,20260929,"00Z,12Z",D1,3h,-6.037,6.073,6.846,0.79,474
107130,TICAPAMPA,LA LIBERTAD,SANCHEZ CARRION,gfs,temp,20260831,20260929,"00Z,12Z",D1,3h,-5.07,5.071,5.607,0.845,474
107130,TICAPAMPA,LA LIBERTAD,SANCHEZ CARRION,eta5,temp,20260831,20260929,"00Z,12Z",D1,3h,-1.221,2.361,2.854,0.839,380
107130,TICAPAMPA,LA LIBERTAD,SANCHEZ CARRION,wrf5,temp,20260831,20260929,"00Z,12Z",D1,3h,-1.331,1.941,2.584,0.858,466
107130,TICAPAMPA,LA LIBERTAD,SANCHEZ CARRION,mpas15,temp,20260831,20260929,00Z,D1,3h,-4.65,4.666,5.143,0.878,237
4727319A,QUIRUVILCA,LA LIBERTAD,SANTIAGO DE CHUCO,ecmwf,temp,20260831,20260929,"00Z,12Z",D1,3h,-0.239,1.321,1.668,0.856,468
4727319A,QUIRUVILCA,LA LIBERTAD,SANTIAGO DE CHUCO,gfs,temp,20260831,20260929,"00Z,12Z",D1,3h,1.543,1.852,2.182,0.883,468
4727319A,QUIRUVILCA,LA LIBERTAD,SANTIAGO DE CHUCO,eta5,temp,20260831,20260929,"00Z,12Z",D1,3h,-0.697,1.395,1.829,0.864,373
4727319A,QUIRUVILCA,LA LIBERTAD,SANTIAGO DE CHUCO,wrf5,temp,20260831,20260929,"00Z,12Z",D1,3h,-0.324,1.222,1.622,0.853,460
4727319A,QUIRUVILCA,LA LIBERTAD,SANTIAGO DE CHUCO,mpas15,temp,20260831,20260929,00Z,D1,3h,0.309,1.299,1.678,0.868,234
211408,CONDORCERRO,LA LIBERTAD,VIRU,ecmwf,temp,20260831,20260929,"00Z,12Z",D1,3h,S/D,S/D,S/D,S/D,0
211408,CONDORCERRO,LA LIBERTAD,VIRU,gfs,temp,20260831,20260929,"00Z,12Z",D1,3h,S/D,S/D,S/D,S/D,0
211408,CONDORCERRO,LA LIBERTAD,VIRU,eta5,temp,20260831,20260929,"00Z,12Z",D1,3h,S/D,S/D,S/D,S/D,0
211408,CONDORCERRO,LA LIBERTAD,VIRU,wrf5,temp,20260831,20260929,"00Z,12Z",D1,3h,S/D,S/D,S/D,S/D,0
211408,CONDORCERRO,LA LIBERTAD,VIRU,mpas15,temp,20260831,20260929,00Z,D1,3h,S/D,S/D,S/D,S/D,0
47E2F720,TINAJONES,LAMBAYEQUE,CHICLAYO,ecmwf,temp,20260831,20260929,"00Z,12Z",D1,3h,-0.16,1.112,1.413,0.914,478
47E2F720,TINAJONES,LAMBAYEQUE,CHICLAYO,gfs,temp,20260831,20260929,"00Z,12Z",D1,3h,-0.051,1.029,1.332,0.916,478
47E2F720,TINAJONES,LAMBAYEQUE,CHICLAYO,eta5,temp,20260831,20260929,"00Z,12Z",D1,3h,3.295,3.365,4.081,0.925,383
47E2F720,TINAJONES,LAMBAYEQUE,CHICLAYO,wrf5,temp,20260831,20260929,"00Z,12Z",D1,3h,0.06,1.525,1.983,0.914,470
47E2F720,TINAJONES,LAMBAYEQUE,CHICLAYO,mpas15,temp,20260831,20260929,00Z,D1,3h,-1.266,1.695,1.914,0.892,239
106140,VISTA FLORIDA,LAMBAYEQUE,CHICLAYO,ecmwf,temp,20260831,20260929,"00Z,12Z",D1,3h,-0.281,1.066,1.314,0.922,480
106140,VISTA FLORIDA,LAMBAYEQUE,CHICLAYO,gfs,temp,20260831,20260929,"00Z,12Z",D1,3h,-0.89,1.266,1.511,0.918,480
106140,VISTA FLORIDA,LAMBAYEQUE,CHICLAYO,eta5,temp,20260831,20260929,"00Z,12Z",D1,3h,-0.472,1.289,1.573,0.888,384
106140,VISTA FLORIDA,LAMBAYEQUE,CHICLAYO,wrf5,temp,20260831,20260929,"00Z,12Z",D1,3h,-0.755,1.332,1.554,0.891,472
106140,VISTA FLORIDA,LAMBAYEQUE,CHICLAYO,mpas15,temp,20260831,20260929,00Z,D1,3h,-1.024,1.288,1.622,0.915,240
106138,PUCHACA,LAMBAYEQUE,FERREÑAFE,ecmwf,temp,20260831,20260929,"00Z,12Z",D1,3h,S/D,S/D,S/D,S/D,0
106138,PUCHACA,LAMBAYEQUE,FERREÑAFE,gfs,temp,20260831,20260929,"00Z,12Z",D1,3h,S/D,S/D,S/D,S/D,0
106138,PUCHACA,LAMBAYEQUE,FERREÑAFE,eta5,temp,20260831,20260929,"00Z,12Z",D1,3h,S/D,S/D,S/D,S/D,0
106138,PUCHACA,LAMBAYEQUE,FERREÑAFE,wrf5,temp,20260831,20260929,"00Z,12Z",D1,3h,S/D,S/D,S/D,S/D,0
106138,PUCHACA,LAMBAYEQUE,FERREÑAFE,mpas15,temp,20260831,20260929,00Z,D1,3h,S/D,S/D,S/D,S/D,0
4726F67E,PASABAR,LAMBAYEQUE,LAMBAYEQUE,ecmwf,temp,20260831,20260929,"00Z,12Z",D1,3h,-1.936,2.209,2.719,0.887,468
4726F67E,PASABAR,LAMBAYEQUE,LAMBAYEQUE,gfs,temp,20260831,20260929,"00Z,12Z",D1,3h,-2.16,2.462,2.836,0.898,468
4726F67E,PASABAR,LAMBAYEQUE,LAMBAYEQUE,eta5,temp,20260831,20260929,"00Z,12Z",D1,3h,0.95,2.07,2.679,0.92,374
4726F67E,PASABAR,LAMBAYEQUE,LAMBAYEQUE,wrf5,temp,20260831,20260929,"00Z,12Z",D1,3h,-1.006,1.996,2.353,0.9,461
4726F67E,PASABAR,LAMBAYEQUE,LAMBAYEQUE,mpas15,temp,20260831,20260929,00Z,D1,3h,-1.551,1.968,2.298,0.921,234
47201542,TONGORRAPE,LAMBAYEQUE,LAMBAYEQUE,ecmwf,temp,20260831,20260929,"00Z,12Z",D1,3h,-0.969,1.788,2.245,0.888,480
47201542,TONGORRAPE,LAMBAYEQUE,LAMBAYEQUE,gfs,temp,20260831,20260929,"00Z,12Z",D1,3h,-0.37,1.614,2.055,0.906,480
47201542,TONGORRAPE,LAMBAYEQUE,LAMBAYEQUE,eta5,temp,20260831,20260929,"00Z,12Z",D1,3h,0.478,1.805,2.35,0.895,384
47201542,TONGORRAPE,LAMBAYEQUE,LAMBAYEQUE,wrf5,temp,20260831,20260929,"00Z,12Z",D1,3h,-0.426,1.695,2.073,0.9,472
47201542,TONGORRAPE,LAMBAYEQUE,LAMBAYEQUE,mpas15,temp,20260831,20260929,00Z,D1,3h,-1.278,1.82,2.177,0.896,240
4725F170,HUAROS,LIMA,CANTA,ecmwf,temp,20260831,20260929,"00Z,12Z",D1,3h,-4.833,4.913,5.45,0.681,472
4725F170,HUAROS,LIMA,CANTA,gfs,temp,20260831,20260929,"00Z,12Z",D1,3h,-4.654,4.666,5.07,0.653,472
4725F170,HUAROS,LIMA,CANTA,eta5,temp,20260831,20260929,"00Z,12Z",D1,3h,-3.062,3.431,4.078,0.732,378
4725F170,HUAROS,LIMA,CANTA,wrf5,temp,20260831,20260929,"00Z,12Z",D1,3h,-1.454,1.828,2.216,0.798,464
4725F170,HUAROS,LIMA,CANTA,mpas15,temp,20260831,20260929,00Z,D1,3h,-4.892,4.912,5.251,0.769,236
113249,CAÑETE,LIMA,CAÑETE,ecmwf,temp,20260831,20260929,"00Z,12Z",D1,3h,-2.011,2.403,2.744,0.786,480
113249,CAÑETE,LIMA,CAÑETE,gfs,temp,20260831,20260929,"00Z,12Z",D1,3h,-1.92,2.273,2.614,0.753,480
113249,CAÑETE,LIMA,CAÑETE,eta5,temp,20260831,20260929,"00Z,12Z",D1,3h,-1.42,2.791,3.113,0.785,384
113249,CAÑETE,LIMA,CAÑETE,wrf5,temp,20260831,20260929,"00Z,12Z",D1,3h,-0.562,1.537,1.848,0.718,472
113249,CAÑETE,LIMA,CAÑETE,mpas15,temp,20260831,20260929,00Z,D1,3h,-1.674,2.009,2.541,0.348,240
212900,LA CAPILLA SENAMHI,LIMA,CAÑETE,ecmwf,temp,20260831,20260929,"00Z,12Z",D1,3h,S/D,S/D,S/D,S/D,0
212900,LA CAPILLA SENAMHI,LIMA,CAÑETE,gfs,temp,20260831,20260929,"00Z,12Z",D1,3h,S/D,S/D,S/D,S/D,0
212900,LA CAPILLA SENAMHI,LIMA,CAÑETE,eta5,temp,20260831,20260929,"00Z,12Z",D1,3h,S/D,S/D,S/D,S/D,0
212900,LA CAPILLA SENAMHI,LIMA,CAÑETE,wrf5,temp,20260831,20260929,"00Z,12Z",D1,3h,S/D,S/D,S/D,S/D,0
212900,LA CAPILLA SENAMHI,LIMA,CAÑETE,mpas15,temp,20260831,20260929,00Z,D1,3h,S/D,S/D,S/D,S/D,0
472191AC,SOCSI,LIMA,CAÑETE,ecmwf,temp,20260831,20260929,"00Z,12Z",D1,3h,S/D,S/D,S/D,S/D,0
472191AC,SOCSI,LIMA,CAÑETE,gfs,temp,20260831,20260929,"00Z,12Z",D1,3h,S/D,S/D,S/D,S/D,0
472191AC,SOCSI,LIMA,CAÑETE,eta5,temp,20260831,20260929,"00Z,12Z",D1,3h,S/D,S/D,S/D,S/D,0
472191AC,SOCSI,LIMA,CAÑETE,wrf5,temp,20260831,20260929,"00Z,12Z",D1,3h,S/D,S/D,S/D,S/D,0
472191AC,SOCSI,LIMA,CAÑETE,mpas15,temp,20260831,20260929,00Z,D1,3h,S/D,S/D,S/D,S/D,0
47E323B2,CARAC,LIMA,HUARAL,ecmwf,temp,20260831,20260929,"00Z,12Z",D1,3h,-2.348,2.439,3.069,0.892,250
47E323B2,CARAC,LIMA,HUARAL,gfs,temp,20260831,20260929,"00Z,12Z",D1,3h,-2.946,3.056,4.011,0.797,250
47E323B2,CARAC,LIMA,HUARAL,eta5,temp,20260831,20260929,"00Z,12Z",D1,3h,-1.374,1.694,2.145,0.838,183
47E323B2,CARAC,LIMA,HUARAL,wrf5,temp,20260831,20260929,"00Z,12Z",D1,3h,-1.477,2.423,3.171,0.765,250
47E323B2,CARAC,LIMA,HUARAL,mpas15,temp,20260831,20260929,00Z,D1,3h,-5.491,5.491,5.968,0.856,125
47E2323E,CUCHUANCA,LIMA,HUARAL,ecmwf,temp,20260831,20260929,"00Z,12Z",D1,3h,S/D,S/D,S/D,S/D,0
47E2323E,CUCHUANCA,LIMA,HUARAL,gfs,temp,20260831,20260929,"00Z,12Z",D1,3h,S/D,S/D,S/D,S/D,0
47E2323E,CUCHUANCA,LIMA,HUARAL,eta5,temp,20260831,20260929,"00Z,12Z",D1,3h,S/D,S/D,S/D,S/D,0
47E2323E,CUCHUANCA,LIMA,HUARAL,wrf5,temp,20260831,20260929,"00Z,12Z",D1,3h,S/D,S/D,S/D,S/D,0
47E2323E,CUCHUANCA,LIMA,HUARAL,mpas15,temp,20260831,20260929,00Z,D1,3h,S/D,S/D,S/D,S/D,0
47E330C4,SANTA CRUZ,LIMA,HUARAL,ecmwf,temp,20260831,20260929,"00Z,12Z",D1,3h,1.22,2.3,2.699,0.782,476
47E330C4,SANTA CRUZ,LIMA,HUARAL,gfs,temp,20260831,20260929,"00Z,12Z",D1,3h,0.533,0.951,1.178,0.821,476
47E330C4,SANTA CRUZ,LIMA,HUARAL,eta5,temp,20260831,20260929,"00Z,12Z",D1,3h,0.384,2.394,2.782,0.75,381
47E330C4,SANTA CRUZ,LIMA,HUARAL,wrf5,temp,20260831,20260929,"00Z,12Z",D1,3h,-1.203,1.484,1.765,0.817,468
47E330C4,SANTA CRUZ,LIMA,HUARAL,mpas15,temp,20260831,20260929,00Z,D1,3h,-5.169,5.169,5.506,0.753,238
47E214D2,SANTO DOMINGO,LIMA,HUARAL,ecmwf,temp,20260831,20260929,"00Z,12Z",D1,3h,-0.838,2.062,2.539,0.549,476
47E214D2,SANTO DOMINGO,LIMA,HUARAL,gfs,temp,20260831,20260929,"00Z,12Z",D1,3h,-0.918,1.937,2.387,0.614,476
47E214D2,SANTO DOMINGO,LIMA,HUARAL,eta5,temp,20260831,20260929,"00Z,12Z",D1,3h,2.54,2.879,3.63,0.758,381
47E214D2,SANTO DOMINGO,LIMA,HUARAL,wrf5,temp,20260831,20260929,"00Z,12Z",D1,3h,-0.233,1.654,1.989,0.743,468
47E214D2,SANTO DOMINGO,LIMA,HUARAL,mpas15,temp,20260831,20260929,00Z,D1,3h,-1.36,2.116,2.496,0.693,238
47E257D8,VICHAYCOCHA,LIMA,HUARAL,ecmwf,temp,20260831,20260929,"00Z,12Z",D1,3h,S/D,S/D,S/D,S/D,0
47E257D8,VICHAYCOCHA,LIMA,HUARAL,gfs,temp,20260831,20260929,"00Z,12Z",D1,3h,S/D,S/D,S/D,S/D,0
47E257D8,VICHAYCOCHA,LIMA,HUARAL,eta5,temp,20260831,20260929,"00Z,12Z",D1,3h,S/D,S/D,S/D,S/D,0
47E257D8,VICHAYCOCHA,LIMA,HUARAL,wrf5,temp,20260831,20260929,"00Z,12Z",D1,3h,S/D,S/D,S/D,S/D,0
47E257D8,VICHAYCOCHA,LIMA,HUARAL,mpas15,temp,20260831,20260929,00Z,D1,3h,S/D,S/D,S/D,S/D,0
472D73C2,CASAPALCA,LIMA,HUAROCHIRI,ecmwf,temp,20260831,20260929,"00Z,12Z",D1,3h,-0.803,1.422,1.847,0.921,480
472D73C2,CASAPALCA,LIMA,HUAROCHIRI,gfs,temp,20260831,20260929,"00Z,12Z",D1,3h,-0.762,1.792,2.238,0.827,480
472D73C2,CASAPALCA,LIMA,HUAROCHIRI,eta5,temp,20260831,20260929,"00Z,12Z",D1,3h,-2.578,2.895,3.412,0.785,384
472D73C2,CASAPALCA,LIMA,HUAROCHIRI,wrf5,temp,20260831,20260929,"00Z,12Z",D1,3h,-2.359,2.534,3.001,0.831,472
472D73C2,CASAPALCA,LIMA,HUAROCHIRI,mpas15,temp,20260831,20260929,00Z,D1,3h,-3.544,3.618,4.082,0.855,240
472CE45A,MATUCANA,LIMA,HUAROCHIRI,ecmwf,temp,20260831,20260929,"00Z,12Z",D1,3h,-9.735,9.735,9.966,0.809,480
472CE45A,MATUCANA,LIMA,HUAROCHIRI,gfs,temp,20260831,20260929,"00Z,12Z",D1,3h,-6.946,6.946,7.406,0.789,480
472CE45A,MATUCANA,LIMA,HUAROCHIRI,eta5,temp,20260831,20260929,"00Z,12Z",D1,3h,-5.839,5.839,6.072,0.868,384
472CE45A,MATUCANA,LIMA,HUAROCHIRI,wrf5,temp,20260831,20260929,"00Z,12Z",D1,3h,-1.732,2.524,3.064,0.754,472
472CE45A,MATUCANA,LIMA,HUAROCHIRI,mpas15,temp,20260831,20260929,00Z,D1,3h,-11.807,11.807,11.967,0.878,240
212700,PUENTE ANTAPUCRO,LIMA,HUAROCHIRI,ecmwf,temp,20260831,20260929,"00Z,12Z",D1,3h,S/D,S/D,S/D,S/D,0
212700,PUENTE ANTAPUCRO,LIMA,HUAROCHIRI,gfs,temp,20260831,20260929,"00Z,12Z",D1,3h,S/D,S/D,S/D,S/D,0
212700,PUENTE ANTAPUCRO,LIMA,HUAROCHIRI,eta5,temp,20260831,20260929,"00Z,12Z",D1,3h,S/D,S/D,S/D,S/D,0
212700,PUENTE ANTAPUCRO,LIMA,HUAROCHIRI,wrf5,temp,20260831,20260929,"00Z,12Z",D1,3h,S/D,S/D,S/D,S/D,0
212700,PUENTE ANTAPUCRO,LIMA,HUAROCHIRI,mpas15,temp,20260831,20260929,00Z,D1,3h,S/D,S/D,S/D,S/D,0
212605,SAN MATEO ,LIMA,HUAROCHIRI,ecmwf,temp,20260831,20260929,"00Z,12Z",D1,3h,S/D,S/D,S/D,S/D,0
212605,SAN MATEO ,LIMA,HUAROCHIRI,gfs,temp,20260831,20260929,"00Z,12Z",D1,3h,S/D,S/D,S/D,S/D,0
212605,SAN MATEO ,LIMA,HUAROCHIRI,eta5,temp,20260831,20260929,"00Z,12Z",D1,3h,S/D,S/D,S/D,S/D,0
212605,SAN MATEO ,LIMA,HUAROCHIRI,wrf5,temp,20260831,20260929,"00Z,12Z",D1,3h,S/D,S/D,S/D,S/D,0
212605,SAN MATEO ,LIMA,HUAROCHIRI,mpas15,temp,20260831,20260929,00Z,D1,3h,S/D,S/D,S/D,S/D,0
472EC742,SAN MATEO DE OTAO,LIMA,HUAROCHIRI,ecmwf,temp,20260831,20260929,"00Z,12Z",D1,3h,-3.612,3.661,4.076,0.78,480
472EC742,SAN MATEO DE OTAO,LIMA,HUAROCHIRI,gfs,temp,20260831,20260929,"00Z,12Z",D1,3h,-0.824,1.366,1.864,0.812,480
472EC742,SAN MATEO DE OTAO,LIMA,HUAROCHIRI,eta5,temp,20260831,20260929,"00Z,12Z",D1,3h,2.55,2.61,3.031,0.81,384
472EC742,SAN MATEO DE OTAO,LIMA,HUAROCHIRI,wrf5,temp,20260831,20260929,"00Z,12Z",D1,3h,3.13,3.324,3.795,0.739,472
472EC742,SAN MATEO DE OTAO,LIMA,HUAROCHIRI,mpas15,temp,20260831,20260929,00Z,D1,3h,4.957,4.957,5.292,0.805,240
472E24B0,SANTA EULALIA,LIMA,HUAROCHIRI,ecmwf,temp,20260831,20260929,"00Z,12Z",D1,3h,S/D,S/D,S/D,S/D,0
472E24B0,SANTA EULALIA,LIMA,HUAROCHIRI,gfs,temp,20260831,20260929,"00Z,12Z",D1,3h,S/D,S/D,S/D,S/D,0
472E24B0,SANTA EULALIA,LIMA,HUAROCHIRI,eta5,temp,20260831,20260929,"00Z,12Z",D1,3h,S/D,S/D,S/D,S/D,0
472E24B0,SANTA EULALIA,LIMA,HUAROCHIRI,wrf5,temp,20260831,20260929,"00Z,12Z",D1,3h,S/D,S/D,S/D,S/D,0
472E24B0,SANTA EULALIA,LIMA,HUAROCHIRI,mpas15,temp,20260831,20260929,00Z,D1,3h,S/D,S/D,S/D,S/D,0
472CA750,SANTIAGO DE TUNA,LIMA,HUAROCHIRI,ecmwf,temp,20260831,20260929,"00Z,12Z",D1,3h,0.819,1.621,1.959,0.876,480
472CA750,SANTIAGO DE TUNA,LIMA,HUAROCHIRI,gfs,temp,20260831,20260929,"00Z,12Z",D1,3h,0.657,2.119,2.426,0.855,480
472CA750,SANTIAGO DE TUNA,LIMA,HUAROCHIRI,eta5,temp,20260831,20260929,"00Z,12Z",D1,3h,-3.204,3.287,3.698,0.824,384
472CA750,SANTIAGO DE TUNA,LIMA,HUAROCHIRI,wrf5,temp,20260831,20260929,"00Z,12Z",D1,3h,-0.366,2.544,2.811,0.785,472
472CA750,SANTIAGO DE TUNA,LIMA,HUAROCHIRI,mpas15,temp,20260831,20260929,00Z,D1,3h,-1.074,2.012,2.497,0.865,240
4724966C,SAYAN,LIMA,HUAURA,ecmwf,temp,20260831,20260929,"00Z,12Z",D1,3h,-1.08,1.593,1.978,0.873,474
4724966C,SAYAN,LIMA,HUAURA,gfs,temp,20260831,20260929,"00Z,12Z",D1,3h,-0.836,1.386,1.719,0.873,474
4724966C,SAYAN,LIMA,HUAURA,eta5,temp,20260831,20260929,"00Z,12Z",D1,3h,1.401,1.951,2.517,0.806,380
4724966C,SAYAN,LIMA,HUAURA,wrf5,temp,20260831,20260929,"00Z,12Z",D1,3h,-0.127,1.513,1.853,0.852,466
4724966C,SAYAN,LIMA,HUAURA,mpas15,temp,20260831,20260929,00Z,D1,3h,-3.207,3.435,4.058,0.729,237
212500,AGUA AZUL BOCATOMA,LIMA,LIMA,ecmwf,temp,20260831,20260929,"00Z,12Z",D1,3h,S/D,S/D,S/D,S/D,0
212500,AGUA AZUL BOCATOMA,LIMA,LIMA,gfs,temp,20260831,20260929,"00Z,12Z",D1,3h,S/D,S/D,S/D,S/D,0
212500,AGUA AZUL BOCATOMA,LIMA,LIMA,eta5,temp,20260831,20260929,"00Z,12Z",D1,3h,S/D,S/D,S/D,S/D,0
212500,AGUA AZUL BOCATOMA,LIMA,LIMA,wrf5,temp,20260831,20260929,"00Z,12Z",D1,3h,S/D,S/D,S/D,S/D,0
212500,AGUA AZUL BOCATOMA,LIMA,LIMA,mpas15,temp,20260831,20260929,00Z,D1,3h,S/D,S/D,S/D,S/D,0
472A218A,ANTONIO RAYMONDI,LIMA,LIMA,ecmwf,temp,20260831,20260929,"00Z,12Z",D1,3h,-2.26,2.371,3.005,0.118,478
472A218A,ANTONIO RAYMONDI,LIMA,LIMA,gfs,temp,20260831,20260929,"00Z,12Z",D1,3h,-3.633,3.634,3.944,0.773,478
472A218A,ANTONIO RAYMONDI,LIMA,LIMA,eta5,temp,20260831,20260929,"00Z,12Z",D1,3h,-3.239,3.277,3.61,0.816,382
472A218A,ANTONIO RAYMONDI,LIMA,LIMA,wrf5,temp,20260831,20260929,"00Z,12Z",D1,3h,-1.536,1.672,1.964,0.8,470
472A218A,ANTONIO RAYMONDI,LIMA,LIMA,mpas15,temp,20260831,20260929,00Z,D1,3h,-2.695,2.722,2.939,0.772,239
112181,CAMPO DE MARTE,LIMA,LIMA,ecmwf,temp,20260831,20260929,"00Z,12Z",D1,3h,-1.049,1.493,1.732,0.878,472
112181,CAMPO DE MARTE,LIMA,LIMA,gfs,temp,20260831,20260929,"00Z,12Z",D1,3h,-2.142,2.144,2.323,0.87,472
112181,CAMPO DE MARTE,LIMA,LIMA,eta5,temp,20260831,20260929,"00Z,12Z",D1,3h,-2.375,2.54,2.868,0.84,378
112181,CAMPO DE MARTE,LIMA,LIMA,wrf5,temp,20260831,20260929,"00Z,12Z",D1,3h,-0.361,0.871,1.076,0.806,464
112181,CAMPO DE MARTE,LIMA,LIMA,mpas15,temp,20260831,20260929,00Z,D1,3h,-1.655,1.725,2.145,0.712,236
111286,CARABAYLLO,LIMA,LIMA,ecmwf,temp,20260831,20260929,"00Z,12Z",D1,3h,-1.756,1.957,2.176,0.888,476
111286,CARABAYLLO,LIMA,LIMA,gfs,temp,20260831,20260929,"00Z,12Z",D1,3h,-2.869,2.869,3.079,0.902,476
111286,CARABAYLLO,LIMA,LIMA,eta5,temp,20260831,20260929,"00Z,12Z",D1,3h,-3.008,3.243,3.67,0.882,382
111286,CARABAYLLO,LIMA,LIMA,wrf5,temp,20260831,20260929,"00Z,12Z",D1,3h,-1.581,1.82,2.065,0.878,468
111286,CARABAYLLO,LIMA,LIMA,mpas15,temp,20260831,20260929,00Z,D1,3h,-1.919,1.987,2.294,0.871,238
112278,CERES,LIMA,LIMA,ecmwf,temp,20260831,20260929,"00Z,12Z",D1,3h,-0.827,1.319,1.508,0.892,396
112278,CERES,LIMA,LIMA,gfs,temp,20260831,20260929,"00Z,12Z",D1,3h,-1.919,1.922,2.148,0.897,396
112278,CERES,LIMA,LIMA,eta5,temp,20260831,20260929,"00Z,12Z",D1,3h,-2.536,2.864,3.32,0.871,342
112278,CERES,LIMA,LIMA,wrf5,temp,20260831,20260929,"00Z,12Z",D1,3h,-0.178,1.005,1.259,0.852,388
112278,CERES,LIMA,LIMA,mpas15,temp,20260831,20260929,00Z,D1,3h,-1.249,1.372,1.592,0.888,198
47278214,CHOSICA,LIMA,LIMA,ecmwf,temp,20260831,20260929,"00Z,12Z",D1,3h,0.436,0.525,0.581,0.837,6
47278214,CHOSICA,LIMA,LIMA,gfs,temp,20260831,20260929,"00Z,12Z",D1,3h,1.162,1.162,1.186,0.956,6
47278214,CHOSICA,LIMA,LIMA,eta5,temp,20260831,20260929,"00Z,12Z",D1,3h,3.811,3.811,4.521,0.949,5
47278214,CHOSICA,LIMA,LIMA,wrf5,temp,20260831,20260929,"00Z,12Z",D1,3h,2.978,2.978,3.172,0.837,6
47278214,CHOSICA,LIMA,LIMA,mpas15,temp,20260831,20260929,00Z,D1,3h,-1.974,1.974,2.071,1.0,3
112281,LAS PALMAS,LIMA,LIMA,ecmwf,temp,20260831,20260929,"00Z,12Z",D1,3h,-1.91,1.935,2.414,0.634,480
112281,LAS PALMAS,LIMA,LIMA,gfs,temp,20260831,20260929,"00Z,12Z",D1,3h,-3.289,3.289,3.614,0.712,480
112281,LAS PALMAS,LIMA,LIMA,eta5,temp,20260831,20260929,"00Z,12Z",D1,3h,-2.417,2.483,2.772,0.828,384
112281,LAS PALMAS,LIMA,LIMA,wrf5,temp,20260831,20260929,"00Z,12Z",D1,3h,-0.331,0.889,1.16,0.762,472
112281,LAS PALMAS,LIMA,LIMA,mpas15,temp,20260831,20260929,00Z,D1,3h,-2.221,2.325,3.168,-0.349,240
112193,SAN BORJA,LIMA,LIMA,ecmwf,temp,20260831,20260929,"00Z,12Z",D1,3h,-1.314,1.718,1.962,0.889,466
112193,SAN BORJA,LIMA,LIMA,gfs,temp,20260831,20260929,"00Z,12Z",D1,3h,-2.403,2.407,2.545,0.889,466
112193,SAN BORJA,LIMA,LIMA,eta5,temp,20260831,20260929,"00Z,12Z",D1,3h,-3.098,3.166,3.534,0.849,373
112193,SAN BORJA,LIMA,LIMA,wrf5,temp,20260831,20260929,"00Z,12Z",D1,3h,-0.372,0.901,1.109,0.78,460
112193,SAN BORJA,LIMA,LIMA,mpas15,temp,20260831,20260929,00Z,D1,3h,-1.911,1.942,2.319,0.72,233
112267,SAN JUAN DE LURIGANCHO,LIMA,LIMA,ecmwf,temp,20260831,20260929,"00Z,12Z",D1,3h,-1.041,1.547,1.746,0.88,414
112267,SAN JUAN DE LURIGANCHO,LIMA,LIMA,gfs,temp,20260831,20260929,"00Z,12Z",D1,3h,-2.113,2.122,2.295,0.895,414
112267,SAN JUAN DE LURIGANCHO,LIMA,LIMA,eta5,temp,20260831,20260929,"00Z,12Z",D1,3h,-2.95,3.164,3.608,0.859,335
112267,SAN JUAN DE LURIGANCHO,LIMA,LIMA,wrf5,temp,20260831,20260929,"00Z,12Z",D1,3h,-1.566,1.817,2.044,0.823,406
112267,SAN JUAN DE LURIGANCHO,LIMA,LIMA,mpas15,temp,20260831,20260929,00Z,D1,3h,-1.653,1.697,2.203,0.789,207
112265,SAN MARTIN DE PORRES,LIMA,LIMA,ecmwf,temp,20260831,20260929,"00Z,12Z",D1,3h,-1.956,2.241,2.584,0.887,412
112265,SAN MARTIN DE PORRES,LIMA,LIMA,gfs,temp,20260831,20260929,"00Z,12Z",D1,3h,-3.028,3.028,3.151,0.89,412
112265,SAN MARTIN DE PORRES,LIMA,LIMA,eta5,temp,20260831,20260929,"00Z,12Z",D1,3h,-3.112,3.123,3.487,0.844,325
112265,SAN MARTIN DE PORRES,LIMA,LIMA,wrf5,temp,20260831,20260929,"00Z,12Z",D1,3h,-0.81,1.074,1.271,0.791,405
112265,SAN MARTIN DE PORRES,LIMA,LIMA,mpas15,temp,20260831,20260929,00Z,D1,3h,-2.579,2.579,2.761,0.725,206
112208,SANTA ANITA,LIMA,LIMA,ecmwf,temp,20260831,20260929,"00Z,12Z",D1,3h,-0.354,1.279,1.513,0.879,478
112208,SANTA ANITA,LIMA,LIMA,gfs,temp,20260831,20260929,"00Z,12Z",D1,3h,-1.462,1.504,1.691,0.892,478
112208,SANTA ANITA,LIMA,LIMA,eta5,temp,20260831,20260929,"00Z,12Z",D1,3h,-2.063,2.676,3.116,0.854,383
112208,SANTA ANITA,LIMA,LIMA,wrf5,temp,20260831,20260929,"00Z,12Z",D1,3h,0.058,0.903,1.182,0.829,470
112208,SANTA ANITA,LIMA,LIMA,mpas15,temp,20260831,20260929,00Z,D1,3h,-0.983,1.191,1.69,0.762,239
472AC278,VON HUMBOLDT,LIMA,LIMA,ecmwf,temp,20260831,20260929,"00Z,12Z",D1,3h,-0.526,1.175,1.37,0.881,444
472AC278,VON HUMBOLDT,LIMA,LIMA,gfs,temp,20260831,20260929,"00Z,12Z",D1,3h,-1.612,1.703,2.019,0.873,444
472AC278,VON HUMBOLDT,LIMA,LIMA,eta5,temp,20260831,20260929,"00Z,12Z",D1,3h,-2.535,2.729,3.173,0.863,355
472AC278,VON HUMBOLDT,LIMA,LIMA,wrf5,temp,20260831,20260929,"00Z,12Z",D1,3h,-0.209,1.031,1.301,0.836,436
472AC278,VON HUMBOLDT,LIMA,LIMA,mpas15,temp,20260831,20260929,00Z,D1,3h,-0.952,1.251,1.516,0.869,222
111290,ÑAÑA,LIMA,LIMA,ecmwf,temp,20260831,20260929,"00Z,12Z",D1,3h,-0.141,1.405,1.723,0.762,480
111290,ÑAÑA,LIMA,LIMA,gfs,temp,20260831,20260929,"00Z,12Z",D1,3h,-0.329,1.472,1.804,0.745,480
111290,ÑAÑA,LIMA,LIMA,eta5,temp,20260831,20260929,"00Z,12Z",D1,3h,0.723,2.367,2.885,0.768,384
111290,ÑAÑA,LIMA,LIMA,wrf5,temp,20260831,20260929,"00Z,12Z",D1,3h,-1.054,1.627,1.93,0.853,472
111290,ÑAÑA,LIMA,LIMA,mpas15,temp,20260831,20260929,00Z,D1,3h,0.298,0.814,1.075,0.903,240
110139,PICOY,LIMA,OYON,ecmwf,temp,20260831,20260929,"00Z,12Z",D1,3h,S/D,S/D,S/D,S/D,0
110139,PICOY,LIMA,OYON,gfs,temp,20260831,20260929,"00Z,12Z",D1,3h,S/D,S/D,S/D,S/D,0
110139,PICOY,LIMA,OYON,eta5,temp,20260831,20260929,"00Z,12Z",D1,3h,S/D,S/D,S/D,S/D,0
110139,PICOY,LIMA,OYON,wrf5,temp,20260831,20260929,"00Z,12Z",D1,3h,S/D,S/D,S/D,S/D,0
110139,PICOY,LIMA,OYON,mpas15,temp,20260831,20260929,00Z,D1,3h,S/D,S/D,S/D,S/D,0
472364DC,CARANIA,LIMA,YAUYOS,ecmwf,temp,20260831,20260929,"00Z,12Z",D1,3h,S/D,S/D,S/D,S/D,0
472364DC,CARANIA,LIMA,YAUYOS,gfs,temp,20260831,20260929,"00Z,12Z",D1,3h,S/D,S/D,S/D,S/D,0
472364DC,CARANIA,LIMA,YAUYOS,eta5,temp,20260831,20260929,"00Z,12Z",D1,3h,S/D,S/D,S/D,S/D,0
472364DC,CARANIA,LIMA,YAUYOS,wrf5,temp,20260831,20260929,"00Z,12Z",D1,3h,S/D,S/D,S/D,S/D,0
472364DC,CARANIA,LIMA,YAUYOS,mpas15,temp,20260831,20260929,00Z,D1,3h,S/D,S/D,S/D,S/D,0
104112,SAN REGIS,LORETO,LORETO,ecmwf,temp,20260831,20260929,"00Z,12Z",D1,3h,0.002,1.286,1.823,0.856,386
104112,SAN REGIS,LORETO,LORETO,gfs,temp,20260831,20260929,"00Z,12Z",D1,3h,0.799,2.276,3.041,0.802,386
104112,SAN REGIS,LORETO,LORETO,eta5,temp,20260831,20260929,"00Z,12Z",D1,3h,2.897,3.078,3.97,0.788,315
104112,SAN REGIS,LORETO,LORETO,wrf5,temp,20260831,20260929,"00Z,12Z",D1,3h,1.463,2.083,2.734,0.832,379
104112,SAN REGIS,LORETO,LORETO,mpas15,temp,20260831,20260929,00Z,D1,3h,0.043,1.328,1.791,0.858,193
4727547C,CABALLOCOCHA,LORETO,MARISCAL RAMON CASTILLA,ecmwf,temp,20260831,20260929,"00Z,12Z",D1,3h,-0.795,1.477,2.053,0.827,476
4727547C,CABALLOCOCHA,LORETO,MARISCAL RAMON CASTILLA,gfs,temp,20260831,20260929,"00Z,12Z",D1,3h,0.077,2.301,2.954,0.795,476
4727547C,CABALLOCOCHA,LORETO,MARISCAL RAMON CASTILLA,eta5,temp,20260831,20260929,"00Z,12Z",D1,3h,1.797,2.409,3.279,0.766,380
4727547C,CABALLOCOCHA,LORETO,MARISCAL RAMON CASTILLA,wrf5,temp,20260831,20260929,"00Z,12Z",D1,3h,0.936,1.983,2.627,0.799,468
4727547C,CABALLOCOCHA,LORETO,MARISCAL RAMON CASTILLA,mpas15,temp,20260831,20260929,00Z,D1,3h,-0.737,1.598,2.133,0.793,238
47288486,PEBAS,LORETO,MARISCAL RAMON CASTILLA,ecmwf,temp,20260831,20260929,"00Z,12Z",D1,3h,S/D,S/D,S/D,S/D,0
47288486,PEBAS,LORETO,MARISCAL RAMON CASTILLA,gfs,temp,20260831,20260929,"00Z,12Z",D1,3h,S/D,S/D,S/D,S/D,0
47288486,PEBAS,LORETO,MARISCAL RAMON CASTILLA,eta5,temp,20260831,20260929,"00Z,12Z",D1,3h,S/D,S/D,S/D,S/D,0
47288486,PEBAS,LORETO,MARISCAL RAMON CASTILLA,wrf5,temp,20260831,20260929,"00Z,12Z",D1,3h,S/D,S/D,S/D,S/D,0
47288486,PEBAS,LORETO,MARISCAL RAMON CASTILLA,mpas15,temp,20260831,20260929,00Z,D1,3h,S/D,S/D,S/D,S/D,0
103065,AMAZONAS,LORETO,MAYNAS,ecmwf,temp,20260831,20260929,"00Z,12Z",D1,3h,-0.063,1.483,2.033,0.839,472
103065,AMAZONAS,LORETO,MAYNAS,gfs,temp,20260831,20260929,"00Z,12Z",D1,3h,0.371,2.352,3.143,0.779,472
103065,AMAZONAS,LORETO,MAYNAS,eta5,temp,20260831,20260929,"00Z,12Z",D1,3h,2.871,3.141,3.937,0.769,377
103065,AMAZONAS,LORETO,MAYNAS,wrf5,temp,20260831,20260929,"00Z,12Z",D1,3h,1.237,2.089,2.708,0.814,464
103065,AMAZONAS,LORETO,MAYNAS,mpas15,temp,20260831,20260929,00Z,D1,3h,-1.07,2.309,3.132,0.744,236
47252718,ENAPU PERU,LORETO,MAYNAS,ecmwf,temp,20260831,20260929,"00Z,12Z",D1,3h,-0.856,1.442,1.926,0.808,472
47252718,ENAPU PERU,LORETO,MAYNAS,gfs,temp,20260831,20260929,"00Z,12Z",D1,3h,-0.425,2.842,3.413,0.76,472
47252718,ENAPU PERU,LORETO,MAYNAS,eta5,temp,20260831,20260929,"00Z,12Z",D1,3h,2.054,2.835,3.62,0.713,379
47252718,ENAPU PERU,LORETO,MAYNAS,wrf5,temp,20260831,20260929,"00Z,12Z",D1,3h,0.312,2.146,2.706,0.765,464
47252718,ENAPU PERU,LORETO,MAYNAS,mpas15,temp,20260831,20260929,00Z,D1,3h,-1.682,2.061,2.696,0.76,236
47287402,CONTAMANA,LORETO,UCAYALI,ecmwf,temp,20260831,20260929,"00Z,12Z",D1,3h,-1.774,2.083,2.54,0.91,472
47287402,CONTAMANA,LORETO,UCAYALI,gfs,temp,20260831,20260929,"00Z,12Z",D1,3h,-0.836,2.378,2.953,0.87,472
47287402,CONTAMANA,LORETO,UCAYALI,eta5,temp,20260831,20260929,"00Z,12Z",D1,3h,1.354,2.103,2.906,0.808,379
47287402,CONTAMANA,LORETO,UCAYALI,wrf5,temp,20260831,20260929,"00Z,12Z",D1,3h,0.059,1.715,2.337,0.853,464
47287402,CONTAMANA,LORETO,UCAYALI,mpas15,temp,20260831,20260929,00Z,D1,3h,-1.989,2.218,2.606,0.915,236
47E8201A,SALVACION,MADRE DE DIOS,MANU,ecmwf,temp,20260831,20260929,"00Z,12Z",D1,3h,-0.768,1.865,2.387,0.808,480
47E8201A,SALVACION,MADRE DE DIOS,MANU,gfs,temp,20260831,20260929,"00Z,12Z",D1,3h,0.39,2.838,3.611,0.695,480
47E8201A,SALVACION,MADRE DE DIOS,MANU,eta5,temp,20260831,20260929,"00Z,12Z",D1,3h,0.455,1.774,2.32,0.818,384
47E8201A,SALVACION,MADRE DE DIOS,MANU,wrf5,temp,20260831,20260929,"00Z,12Z",D1,3h,1.788,2.291,2.922,0.807,472
47E8201A,SALVACION,MADRE DE DIOS,MANU,mpas15,temp,20260831,20260929,00Z,D1,3h,-1.854,2.564,3.317,0.728,240
472587E0,IÑAPARI,MADRE DE DIOS,TAHUAMANU,ecmwf,temp,20260831,20260929,"00Z,12Z",D1,3h,-0.036,1.436,2.031,0.928,474
472587E0,IÑAPARI,MADRE DE DIOS,TAHUAMANU,gfs,temp,20260831,20260929,"00Z,12Z",D1,3h,1.563,2.182,3.037,0.884,474
472587E0,IÑAPARI,MADRE DE DIOS,TAHUAMANU,eta5,temp,20260831,20260929,"00Z,12Z",D1,3h,3.058,3.137,3.871,0.871,379
472587E0,IÑAPARI,MADRE DE DIOS,TAHUAMANU,wrf5,temp,20260831,20260929,"00Z,12Z",D1,3h,1.667,2.102,2.92,0.884,466
472587E0,IÑAPARI,MADRE DE DIOS,TAHUAMANU,mpas15,temp,20260831,20260929,00Z,D1,3h,-0.789,1.81,2.46,0.92,237
260403,CACHUELA,MADRE DE DIOS,TAMBOPATA,ecmwf,temp,20260831,20260929,"00Z,12Z",D1,3h,-0.085,1.15,1.541,0.94,480
260403,CACHUELA,MADRE DE DIOS,TAMBOPATA,gfs,temp,20260831,20260929,"00Z,12Z",D1,3h,2.133,2.815,3.532,0.852,480
260403,CACHUELA,MADRE DE DIOS,TAMBOPATA,eta5,temp,20260831,20260929,"00Z,12Z",D1,3h,3.562,3.749,4.386,0.862,384
260403,CACHUELA,MADRE DE DIOS,TAMBOPATA,wrf5,temp,20260831,20260929,"00Z,12Z",D1,3h,1.786,2.263,2.881,0.887,472
260403,CACHUELA,MADRE DE DIOS,TAMBOPATA,mpas15,temp,20260831,20260929,00Z,D1,3h,-0.778,1.312,1.824,0.937,240
47E8336C,MALINOWSKY,MADRE DE DIOS,TAMBOPATA,ecmwf,temp,20260831,20260929,"00Z,12Z",D1,3h,-0.038,1.607,2.086,0.89,480
47E8336C,MALINOWSKY,MADRE DE DIOS,TAMBOPATA,gfs,temp,20260831,20260929,"00Z,12Z",D1,3h,1.854,2.787,3.617,0.775,480
47E8336C,MALINOWSKY,MADRE DE DIOS,TAMBOPATA,eta5,temp,20260831,20260929,"00Z,12Z",D1,3h,3.606,3.675,4.216,0.875,384
47E8336C,MALINOWSKY,MADRE DE DIOS,TAMBOPATA,wrf5,temp,20260831,20260929,"00Z,12Z",D1,3h,1.611,2.158,2.8,0.858,472
47E8336C,MALINOWSKY,MADRE DE DIOS,TAMBOPATA,mpas15,temp,20260831,20260929,00Z,D1,3h,-0.82,1.92,2.406,0.882,240
260402,PUENTE HERRERA,MADRE DE DIOS,TAMBOPATA,ecmwf,temp,20260831,20260929,"00Z,12Z",D1,3h,S/D,S/D,S/D,S/D,0
260402,PUENTE HERRERA,MADRE DE DIOS,TAMBOPATA,gfs,temp,20260831,20260929,"00Z,12Z",D1,3h,S/D,S/D,S/D,S/D,0
260402,PUENTE HERRERA,MADRE DE DIOS,TAMBOPATA,eta5,temp,20260831,20260929,"00Z,12Z",D1,3h,S/D,S/D,S/D,S/D,0
260402,PUENTE HERRERA,MADRE DE DIOS,TAMBOPATA,wrf5,temp,20260831,20260929,"00Z,12Z",D1,3h,S/D,S/D,S/D,S/D,0
260402,PUENTE HERRERA,MADRE DE DIOS,TAMBOPATA,mpas15,temp,20260831,20260929,00Z,D1,3h,S/D,S/D,S/D,S/D,0
112279,PUERTO MALDONADO,MADRE DE DIOS,TAMBOPATA,ecmwf,temp,20260831,20260929,"00Z,12Z",D1,3h,-0.849,1.508,1.96,0.929,480
112279,PUERTO MALDONADO,MADRE DE DIOS,TAMBOPATA,gfs,temp,20260831,20260929,"00Z,12Z",D1,3h,1.369,2.592,3.292,0.844,480
112279,PUERTO MALDONADO,MADRE DE DIOS,TAMBOPATA,eta5,temp,20260831,20260929,"00Z,12Z",D1,3h,2.84,3.208,3.89,0.85,384
112279,PUERTO MALDONADO,MADRE DE DIOS,TAMBOPATA,wrf5,temp,20260831,20260929,"00Z,12Z",D1,3h,1.144,2.081,2.69,0.877,472
112279,PUERTO MALDONADO,MADRE DE DIOS,TAMBOPATA,mpas15,temp,20260831,20260929,00Z,D1,3h,-1.542,1.826,2.328,0.928,240
260002,TAMBOPATA,MADRE DE DIOS,TAMBOPATA,ecmwf,temp,20260831,20260929,"00Z,12Z",D1,3h,S/D,S/D,S/D,S/D,0
260002,TAMBOPATA,MADRE DE DIOS,TAMBOPATA,gfs,temp,20260831,20260929,"00Z,12Z",D1,3h,S/D,S/D,S/D,S/D,0
260002,TAMBOPATA,MADRE DE DIOS,TAMBOPATA,eta5,temp,20260831,20260929,"00Z,12Z",D1,3h,S/D,S/D,S/D,S/D,0
260002,TAMBOPATA,MADRE DE DIOS,TAMBOPATA,wrf5,temp,20260831,20260929,"00Z,12Z",D1,3h,S/D,S/D,S/D,S/D,0
260002,TAMBOPATA,MADRE DE DIOS,TAMBOPATA,mpas15,temp,20260831,20260929,00Z,D1,3h,S/D,S/D,S/D,S/D,0
4723F1BE,MOQUEGUA,MOQUEGUA,MARISCAL NIETO,ecmwf,temp,20260831,20260929,"00Z,12Z",D1,3h,-1.182,1.687,2.125,0.941,478
4723F1BE,MOQUEGUA,MOQUEGUA,MARISCAL NIETO,gfs,temp,20260831,20260929,"00Z,12Z",D1,3h,-0.116,1.641,1.962,0.939,478
4723F1BE,MOQUEGUA,MOQUEGUA,MARISCAL NIETO,eta5,temp,20260831,20260929,"00Z,12Z",D1,3h,1.652,2.089,2.546,0.918,382
4723F1BE,MOQUEGUA,MOQUEGUA,MARISCAL NIETO,wrf5,temp,20260831,20260929,"00Z,12Z",D1,3h,0.066,1.83,2.232,0.911,470
4723F1BE,MOQUEGUA,MOQUEGUA,MARISCAL NIETO,mpas15,temp,20260831,20260929,00Z,D1,3h,-4.197,4.34,4.735,0.909,239
110137,12 DE OCTUBRE,PASCO,DANIEL ALCIDES CARRION,ecmwf,temp,20260831,20260929,"00Z,12Z",D1,3h,-1.005,2.392,2.878,0.86,478
110137,12 DE OCTUBRE,PASCO,DANIEL ALCIDES CARRION,gfs,temp,20260831,20260929,"00Z,12Z",D1,3h,-1.669,2.512,3.239,0.798,478
110137,12 DE OCTUBRE,PASCO,DANIEL ALCIDES CARRION,eta5,temp,20260831,20260929,"00Z,12Z",D1,3h,-1.005,2.376,2.817,0.814,382
110137,12 DE OCTUBRE,PASCO,DANIEL ALCIDES CARRION,wrf5,temp,20260831,20260929,"00Z,12Z",D1,3h,-0.234,2.176,2.673,0.837,470
110137,12 DE OCTUBRE,PASCO,DANIEL ALCIDES CARRION,mpas15,temp,20260831,20260929,00Z,D1,3h,-3.873,3.976,4.537,0.872,239
4725D79C,OXAPAMPA,PASCO,OXAPAMPA,ecmwf,temp,20260831,20260929,"00Z,12Z",D1,3h,-3.822,3.894,4.187,0.834,480
4725D79C,OXAPAMPA,PASCO,OXAPAMPA,gfs,temp,20260831,20260929,"00Z,12Z",D1,3h,-4.614,4.636,4.987,0.817,480
4725D79C,OXAPAMPA,PASCO,OXAPAMPA,eta5,temp,20260831,20260929,"00Z,12Z",D1,3h,-6.09,6.093,6.389,0.78,384
4725D79C,OXAPAMPA,PASCO,OXAPAMPA,wrf5,temp,20260831,20260929,"00Z,12Z",D1,3h,-0.516,1.598,2.061,0.823,472
4725D79C,OXAPAMPA,PASCO,OXAPAMPA,mpas15,temp,20260831,20260929,00Z,D1,3h,-3.203,3.422,4.007,0.706,240
109093,PUERTO BERMUDEZ,PASCO,OXAPAMPA,ecmwf,temp,20260831,20260929,"00Z,12Z",D1,3h,-0.479,1.392,1.819,0.884,480
109093,PUERTO BERMUDEZ,PASCO,OXAPAMPA,gfs,temp,20260831,20260929,"00Z,12Z",D1,3h,-0.236,2.298,2.945,0.838,480
109093,PUERTO BERMUDEZ,PASCO,OXAPAMPA,eta5,temp,20260831,20260929,"00Z,12Z",D1,3h,2.036,2.526,3.168,0.807,384
109093,PUERTO BERMUDEZ,PASCO,OXAPAMPA,wrf5,temp,20260831,20260929,"00Z,12Z",D1,3h,1.505,1.968,2.57,0.862,472
109093,PUERTO BERMUDEZ,PASCO,OXAPAMPA,mpas15,temp,20260831,20260929,00Z,D1,3h,-0.681,1.535,2.173,0.869,240
104114,ALTO DE POCLUS,PIURA,AYABACA,ecmwf,temp,20260831,20260929,"00Z,12Z",D1,3h,8.364,8.364,8.518,0.828,360
104114,ALTO DE POCLUS,PIURA,AYABACA,gfs,temp,20260831,20260929,"00Z,12Z",D1,3h,9.35,9.35,9.496,0.862,360
104114,ALTO DE POCLUS,PIURA,AYABACA,eta5,temp,20260831,20260929,"00Z,12Z",D1,3h,0.017,1.027,1.291,0.873,291
104114,ALTO DE POCLUS,PIURA,AYABACA,wrf5,temp,20260831,20260929,"00Z,12Z",D1,3h,1.113,1.77,2.157,0.719,354
104114,ALTO DE POCLUS,PIURA,AYABACA,mpas15,temp,20260831,20260929,00Z,D1,3h,5.852,5.852,6.091,0.821,180
47E9177A,EL CIRUELO,PIURA,AYABACA,ecmwf,temp,20260831,20260929,"00Z,12Z",D1,3h,S/D,S/D,S/D,S/D,0
47E9177A,EL CIRUELO,PIURA,AYABACA,gfs,temp,20260831,20260929,"00Z,12Z",D1,3h,S/D,S/D,S/D,S/D,0
47E9177A,EL CIRUELO,PIURA,AYABACA,eta5,temp,20260831,20260929,"00Z,12Z",D1,3h,S/D,S/D,S/D,S/D,0
47E9177A,EL CIRUELO,PIURA,AYABACA,wrf5,temp,20260831,20260929,"00Z,12Z",D1,3h,S/D,S/D,S/D,S/D,0
47E9177A,EL CIRUELO,PIURA,AYABACA,mpas15,temp,20260831,20260929,00Z,D1,3h,S/D,S/D,S/D,S/D,0
47E281B0,HUALCUY,PIURA,AYABACA,ecmwf,temp,20260831,20260929,"00Z,12Z",D1,3h,-4.081,4.082,4.337,0.876,476
47E281B0,HUALCUY,PIURA,AYABACA,gfs,temp,20260831,20260929,"00Z,12Z",D1,3h,-3.401,3.561,3.941,0.83,476
47E281B0,HUALCUY,PIURA,AYABACA,eta5,temp,20260831,20260929,"00Z,12Z",D1,3h,1.226,1.836,2.396,0.861,381
47E281B0,HUALCUY,PIURA,AYABACA,wrf5,temp,20260831,20260929,"00Z,12Z",D1,3h,2.98,2.988,3.411,0.904,468
47E281B0,HUALCUY,PIURA,AYABACA,mpas15,temp,20260831,20260929,00Z,D1,3h,-3.128,3.156,3.576,0.88,238
472FC5B8,PAIMAS,PIURA,AYABACA,ecmwf,temp,20260831,20260929,"00Z,12Z",D1,3h,-5.299,5.3,5.664,0.786,478
472FC5B8,PAIMAS,PIURA,AYABACA,gfs,temp,20260831,20260929,"00Z,12Z",D1,3h,-3.892,4.054,4.587,0.762,478
472FC5B8,PAIMAS,PIURA,AYABACA,eta5,temp,20260831,20260929,"00Z,12Z",D1,3h,-2.866,3.197,3.635,0.797,383
472FC5B8,PAIMAS,PIURA,AYABACA,wrf5,temp,20260831,20260929,"00Z,12Z",D1,3h,-1.169,2.464,2.851,0.86,470
472FC5B8,PAIMAS,PIURA,AYABACA,mpas15,temp,20260831,20260929,00Z,D1,3h,-2.819,2.97,3.336,0.888,239
47E0C74E,PUENTE MACARA,PIURA,AYABACA,ecmwf,temp,20260831,20260929,"00Z,12Z",D1,3h,S/D,S/D,S/D,S/D,0
47E0C74E,PUENTE MACARA,PIURA,AYABACA,gfs,temp,20260831,20260929,"00Z,12Z",D1,3h,S/D,S/D,S/D,S/D,0
47E0C74E,PUENTE MACARA,PIURA,AYABACA,eta5,temp,20260831,20260929,"00Z,12Z",D1,3h,S/D,S/D,S/D,S/D,0
47E0C74E,PUENTE MACARA,PIURA,AYABACA,wrf5,temp,20260831,20260929,"00Z,12Z",D1,3h,S/D,S/D,S/D,S/D,0
47E0C74E,PUENTE MACARA,PIURA,AYABACA,mpas15,temp,20260831,20260929,00Z,D1,3h,S/D,S/D,S/D,S/D,0
472FF022,SAPILLICA,PIURA,AYABACA,ecmwf,temp,20260831,20260929,"00Z,12Z",D1,3h,0.102,1.12,1.426,0.87,476
472FF022,SAPILLICA,PIURA,AYABACA,gfs,temp,20260831,20260929,"00Z,12Z",D1,3h,1.517,1.762,2.343,0.86,476
472FF022,SAPILLICA,PIURA,AYABACA,eta5,temp,20260831,20260929,"00Z,12Z",D1,3h,0.212,1.241,1.567,0.849,381
472FF022,SAPILLICA,PIURA,AYABACA,wrf5,temp,20260831,20260929,"00Z,12Z",D1,3h,0.399,1.545,1.969,0.736,468
472FF022,SAPILLICA,PIURA,AYABACA,mpas15,temp,20260831,20260929,00Z,D1,3h,1.244,1.542,2.168,0.882,238
472F86B2,CANCHAQUE,PIURA,HUANCABAMBA,ecmwf,temp,20260831,20260929,"00Z,12Z",D1,3h,-1.537,2.731,3.111,0.767,476
472F86B2,CANCHAQUE,PIURA,HUANCABAMBA,gfs,temp,20260831,20260929,"00Z,12Z",D1,3h,-1.977,2.943,3.331,0.716,476
472F86B2,CANCHAQUE,PIURA,HUANCABAMBA,eta5,temp,20260831,20260929,"00Z,12Z",D1,3h,-0.157,1.523,1.888,0.731,382
472F86B2,CANCHAQUE,PIURA,HUANCABAMBA,wrf5,temp,20260831,20260929,"00Z,12Z",D1,3h,0.136,2.621,3.221,0.344,468
472F86B2,CANCHAQUE,PIURA,HUANCABAMBA,mpas15,temp,20260831,20260929,00Z,D1,3h,0.08,1.96,2.423,0.703,238
472FE354,HUANCABAMBA,PIURA,HUANCABAMBA,ecmwf,temp,20260831,20260929,"00Z,12Z",D1,3h,-4.546,4.549,5.039,0.845,478
472FE354,HUANCABAMBA,PIURA,HUANCABAMBA,gfs,temp,20260831,20260929,"00Z,12Z",D1,3h,-4.484,4.554,5.126,0.778,478
472FE354,HUANCABAMBA,PIURA,HUANCABAMBA,eta5,temp,20260831,20260929,"00Z,12Z",D1,3h,-3.308,3.409,3.97,0.862,383
472FE354,HUANCABAMBA,PIURA,HUANCABAMBA,wrf5,temp,20260831,20260929,"00Z,12Z",D1,3h,0.154,1.649,2.091,0.819,470
472FE354,HUANCABAMBA,PIURA,HUANCABAMBA,mpas15,temp,20260831,20260929,00Z,D1,3h,-4.201,4.308,4.872,0.768,239
472761E6,HUARMACA,PIURA,HUANCABAMBA,ecmwf,temp,20260831,20260929,"00Z,12Z",D1,3h,0.807,1.931,2.47,0.687,480
472761E6,HUARMACA,PIURA,HUANCABAMBA,gfs,temp,20260831,20260929,"00Z,12Z",D1,3h,0.371,1.958,2.487,0.577,480
472761E6,HUARMACA,PIURA,HUANCABAMBA,eta5,temp,20260831,20260929,"00Z,12Z",D1,3h,0.883,1.856,2.405,0.591,384
472761E6,HUARMACA,PIURA,HUANCABAMBA,wrf5,temp,20260831,20260929,"00Z,12Z",D1,3h,2.005,2.493,2.988,0.642,472
472761E6,HUARMACA,PIURA,HUANCABAMBA,mpas15,temp,20260831,20260929,00Z,D1,3h,-0.288,1.839,2.247,0.574,240
472FB328,CHALACO,PIURA,MORROPON,ecmwf,temp,20260831,20260929,"00Z,12Z",D1,3h,0.891,1.466,1.84,0.826,478
472FB328,CHALACO,PIURA,MORROPON,gfs,temp,20260831,20260929,"00Z,12Z",D1,3h,0.326,1.214,1.562,0.862,478
472FB328,CHALACO,PIURA,MORROPON,eta5,temp,20260831,20260929,"00Z,12Z",D1,3h,2.651,2.812,3.291,0.827,383
472FB328,CHALACO,PIURA,MORROPON,wrf5,temp,20260831,20260929,"00Z,12Z",D1,3h,1.037,2.668,3.256,0.517,470
472FB328,CHALACO,PIURA,MORROPON,mpas15,temp,20260831,20260929,00Z,D1,3h,3.501,3.521,3.936,0.832,239
472F6540,CHULUCANAS,PIURA,MORROPON,ecmwf,temp,20260831,20260929,"00Z,12Z",D1,3h,0.618,1.274,1.797,0.934,478
472F6540,CHULUCANAS,PIURA,MORROPON,gfs,temp,20260831,20260929,"00Z,12Z",D1,3h,-0.146,1.639,2.008,0.927,478
472F6540,CHULUCANAS,PIURA,MORROPON,eta5,temp,20260831,20260929,"00Z,12Z",D1,3h,0.956,1.787,2.415,0.935,382
472F6540,CHULUCANAS,PIURA,MORROPON,wrf5,temp,20260831,20260929,"00Z,12Z",D1,3h,-0.544,1.999,2.312,0.915,470
472F6540,CHULUCANAS,PIURA,MORROPON,mpas15,temp,20260831,20260929,00Z,D1,3h,-1.558,2.113,2.378,0.941,239
47E037CA,CORRAL DEL MEDIO,PIURA,MORROPON,ecmwf,temp,20260831,20260929,"00Z,12Z",D1,3h,S/D,S/D,S/D,S/D,0
47E037CA,CORRAL DEL MEDIO,PIURA,MORROPON,gfs,temp,20260831,20260929,"00Z,12Z",D1,3h,S/D,S/D,S/D,S/D,0
47E037CA,CORRAL DEL MEDIO,PIURA,MORROPON,eta5,temp,20260831,20260929,"00Z,12Z",D1,3h,S/D,S/D,S/D,S/D,0
47E037CA,CORRAL DEL MEDIO,PIURA,MORROPON,wrf5,temp,20260831,20260929,"00Z,12Z",D1,3h,S/D,S/D,S/D,S/D,0
47E037CA,CORRAL DEL MEDIO,PIURA,MORROPON,mpas15,temp,20260831,20260929,00Z,D1,3h,S/D,S/D,S/D,S/D,0
472F50DA,EL VIRREY,PIURA,MORROPON,ecmwf,temp,20260831,20260929,"00Z,12Z",D1,3h,-0.3,1.192,1.533,0.942,476
472F50DA,EL VIRREY,PIURA,MORROPON,gfs,temp,20260831,20260929,"00Z,12Z",D1,3h,-0.233,1.949,2.378,0.919,476
472F50DA,EL VIRREY,PIURA,MORROPON,eta5,temp,20260831,20260929,"00Z,12Z",D1,3h,-0.822,2.109,2.453,0.915,381
472F50DA,EL VIRREY,PIURA,MORROPON,wrf5,temp,20260831,20260929,"00Z,12Z",D1,3h,-1.295,2.408,2.803,0.874,468
472F50DA,EL VIRREY,PIURA,MORROPON,mpas15,temp,20260831,20260929,00Z,D1,3h,-0.305,1.523,1.938,0.935,238
47E074C0,HACIENDA BARRIOS,PIURA,MORROPON,ecmwf,temp,20260831,20260929,"00Z,12Z",D1,3h,S/D,S/D,S/D,S/D,0
47E074C0,HACIENDA BARRIOS,PIURA,MORROPON,gfs,temp,20260831,20260929,"00Z,12Z",D1,3h,S/D,S/D,S/D,S/D,0
47E074C0,HACIENDA BARRIOS,PIURA,MORROPON,eta5,temp,20260831,20260929,"00Z,12Z",D1,3h,S/D,S/D,S/D,S/D,0
47E074C0,HACIENDA BARRIOS,PIURA,MORROPON,wrf5,temp,20260831,20260929,"00Z,12Z",D1,3h,S/D,S/D,S/D,S/D,0
47E074C0,HACIENDA BARRIOS,PIURA,MORROPON,mpas15,temp,20260831,20260929,00Z,D1,3h,S/D,S/D,S/D,S/D,0
472F95C4,HACIENDA BIGOTE ,PIURA,MORROPON,ecmwf,temp,20260831,20260929,"00Z,12Z",D1,3h,-4.165,4.176,4.518,0.881,478
472F95C4,HACIENDA BIGOTE ,PIURA,MORROPON,gfs,temp,20260831,20260929,"00Z,12Z",D1,3h,-4.129,4.201,4.681,0.808,478
472F95C4,HACIENDA BIGOTE ,PIURA,MORROPON,eta5,temp,20260831,20260929,"00Z,12Z",D1,3h,1.22,2.407,3.099,0.878,383
472F95C4,HACIENDA BIGOTE ,PIURA,MORROPON,wrf5,temp,20260831,20260929,"00Z,12Z",D1,3h,-1.288,2.504,2.842,0.868,470
472F95C4,HACIENDA BIGOTE ,PIURA,MORROPON,mpas15,temp,20260831,20260929,00Z,D1,3h,-5.735,5.78,6.282,0.68,239
472FA05E,MALACASI,PIURA,MORROPON,ecmwf,temp,20260831,20260929,"00Z,12Z",D1,3h,-4.053,4.058,4.473,0.896,476
472FA05E,MALACASI,PIURA,MORROPON,gfs,temp,20260831,20260929,"00Z,12Z",D1,3h,-4.015,4.06,4.474,0.837,476
472FA05E,MALACASI,PIURA,MORROPON,eta5,temp,20260831,20260929,"00Z,12Z",D1,3h,0.017,1.895,2.328,0.908,381
472FA05E,MALACASI,PIURA,MORROPON,wrf5,temp,20260831,20260929,"00Z,12Z",D1,3h,-1.158,2.095,2.424,0.911,468
472FA05E,MALACASI,PIURA,MORROPON,mpas15,temp,20260831,20260929,00Z,D1,3h,-3.34,3.414,3.722,0.899,238
472F7636,MORROPON,PIURA,MORROPON,ecmwf,temp,20260831,20260929,"00Z,12Z",D1,3h,-0.516,1.506,1.804,0.93,478
472F7636,MORROPON,PIURA,MORROPON,gfs,temp,20260831,20260929,"00Z,12Z",D1,3h,-0.445,2.089,2.413,0.914,478
472F7636,MORROPON,PIURA,MORROPON,eta5,temp,20260831,20260929,"00Z,12Z",D1,3h,0.84,1.963,2.536,0.929,383
472F7636,MORROPON,PIURA,MORROPON,wrf5,temp,20260831,20260929,"00Z,12Z",D1,3h,-0.324,2.047,2.376,0.91,470
472F7636,MORROPON,PIURA,MORROPON,mpas15,temp,20260831,20260929,00Z,D1,3h,-3.009,3.143,3.438,0.922,239
47E067B6,SALITRAL,PIURA,MORROPON,ecmwf,temp,20260831,20260929,"00Z,12Z",D1,3h,S/D,S/D,S/D,S/D,0
47E067B6,SALITRAL,PIURA,MORROPON,gfs,temp,20260831,20260929,"00Z,12Z",D1,3h,S/D,S/D,S/D,S/D,0
47E067B6,SALITRAL,PIURA,MORROPON,eta5,temp,20260831,20260929,"00Z,12Z",D1,3h,S/D,S/D,S/D,S/D,0
47E067B6,SALITRAL,PIURA,MORROPON,wrf5,temp,20260831,20260929,"00Z,12Z",D1,3h,S/D,S/D,S/D,S/D,0
47E067B6,SALITRAL,PIURA,MORROPON,mpas15,temp,20260831,20260929,00Z,D1,3h,S/D,S/D,S/D,S/D,0
47E08444,SAN PEDRO,PIURA,MORROPON,ecmwf,temp,20260831,20260929,"00Z,12Z",D1,3h,S/D,S/D,S/D,S/D,0
47E08444,SAN PEDRO,PIURA,MORROPON,gfs,temp,20260831,20260929,"00Z,12Z",D1,3h,S/D,S/D,S/D,S/D,0
47E08444,SAN PEDRO,PIURA,MORROPON,eta5,temp,20260831,20260929,"00Z,12Z",D1,3h,S/D,S/D,S/D,S/D,0
47E08444,SAN PEDRO,PIURA,MORROPON,wrf5,temp,20260831,20260929,"00Z,12Z",D1,3h,S/D,S/D,S/D,S/D,0
47E08444,SAN PEDRO,PIURA,MORROPON,mpas15,temp,20260831,20260929,00Z,D1,3h,S/D,S/D,S/D,S/D,0
105145,SANTO DOMINGO,PIURA,MORROPON,ecmwf,temp,20260831,20260929,"00Z,12Z",D1,3h,-3.258,3.258,3.486,0.872,36
105145,SANTO DOMINGO,PIURA,MORROPON,gfs,temp,20260831,20260929,"00Z,12Z",D1,3h,-4.378,4.378,4.744,0.831,36
105145,SANTO DOMINGO,PIURA,MORROPON,eta5,temp,20260831,20260929,"00Z,12Z",D1,3h,-1.657,1.761,2.066,0.904,31
105145,SANTO DOMINGO,PIURA,MORROPON,wrf5,temp,20260831,20260929,"00Z,12Z",D1,3h,-0.271,1.108,1.662,0.872,36
105145,SANTO DOMINGO,PIURA,MORROPON,mpas15,temp,20260831,20260929,00Z,D1,3h,-0.071,1.4,1.757,0.804,18
47E0B1DE,PUENTE SIMON RODRIGUEZ,PIURA,PAITA,ecmwf,temp,20260831,20260929,"00Z,12Z",D1,3h,S/D,S/D,S/D,S/D,0
47E0B1DE,PUENTE SIMON RODRIGUEZ,PIURA,PAITA,gfs,temp,20260831,20260929,"00Z,12Z",D1,3h,S/D,S/D,S/D,S/D,0
47E0B1DE,PUENTE SIMON RODRIGUEZ,PIURA,PAITA,eta5,temp,20260831,20260929,"00Z,12Z",D1,3h,S/D,S/D,S/D,S/D,0
47E0B1DE,PUENTE SIMON RODRIGUEZ,PIURA,PAITA,wrf5,temp,20260831,20260929,"00Z,12Z",D1,3h,S/D,S/D,S/D,S/D,0
47E0B1DE,PUENTE SIMON RODRIGUEZ,PIURA,PAITA,mpas15,temp,20260831,20260929,00Z,D1,3h,S/D,S/D,S/D,S/D,0
47E0E1A2,BOCATOMA CHIPILLICO,PIURA,PIURA,ecmwf,temp,20260831,20260929,"00Z,12Z",D1,3h,S/D,S/D,S/D,S/D,0
47E0E1A2,BOCATOMA CHIPILLICO,PIURA,PIURA,gfs,temp,20260831,20260929,"00Z,12Z",D1,3h,S/D,S/D,S/D,S/D,0
47E0E1A2,BOCATOMA CHIPILLICO,PIURA,PIURA,eta5,temp,20260831,20260929,"00Z,12Z",D1,3h,S/D,S/D,S/D,S/D,0
47E0E1A2,BOCATOMA CHIPILLICO,PIURA,PIURA,wrf5,temp,20260831,20260929,"00Z,12Z",D1,3h,S/D,S/D,S/D,S/D,0
47E0E1A2,BOCATOMA CHIPILLICO,PIURA,PIURA,mpas15,temp,20260831,20260929,00Z,D1,3h,S/D,S/D,S/D,S/D,0
47E0F2D4,LAGARTERA,PIURA,PIURA,ecmwf,temp,20260831,20260929,"00Z,12Z",D1,3h,S/D,S/D,S/D,S/D,0
47E0F2D4,LAGARTERA,PIURA,PIURA,gfs,temp,20260831,20260929,"00Z,12Z",D1,3h,S/D,S/D,S/D,S/D,0
47E0F2D4,LAGARTERA,PIURA,PIURA,eta5,temp,20260831,20260929,"00Z,12Z",D1,3h,S/D,S/D,S/D,S/D,0
47E0F2D4,LAGARTERA,PIURA,PIURA,wrf5,temp,20260831,20260929,"00Z,12Z",D1,3h,S/D,S/D,S/D,S/D,0
47E0F2D4,LAGARTERA,PIURA,PIURA,mpas15,temp,20260831,20260929,00Z,D1,3h,S/D,S/D,S/D,S/D,0
105112,MIRAFLORES,PIURA,PIURA,ecmwf,temp,20260831,20260929,"00Z,12Z",D1,3h,S/D,S/D,S/D,S/D,0
105112,MIRAFLORES,PIURA,PIURA,gfs,temp,20260831,20260929,"00Z,12Z",D1,3h,S/D,S/D,S/D,S/D,0
105112,MIRAFLORES,PIURA,PIURA,eta5,temp,20260831,20260929,"00Z,12Z",D1,3h,S/D,S/D,S/D,S/D,0
105112,MIRAFLORES,PIURA,PIURA,wrf5,temp,20260831,20260929,"00Z,12Z",D1,3h,S/D,S/D,S/D,S/D,0
105112,MIRAFLORES,PIURA,PIURA,mpas15,temp,20260831,20260929,00Z,D1,3h,S/D,S/D,S/D,S/D,0
104113,PARTIDOR,PIURA,PIURA,ecmwf,temp,20260831,20260929,"00Z,12Z",D1,3h,1.152,1.357,1.898,0.943,272
104113,PARTIDOR,PIURA,PIURA,gfs,temp,20260831,20260929,"00Z,12Z",D1,3h,0.22,1.656,2.028,0.929,272
104113,PARTIDOR,PIURA,PIURA,eta5,temp,20260831,20260929,"00Z,12Z",D1,3h,1.365,1.744,2.383,0.94,235
104113,PARTIDOR,PIURA,PIURA,wrf5,temp,20260831,20260929,"00Z,12Z",D1,3h,-0.386,1.733,1.956,0.931,266
104113,PARTIDOR,PIURA,PIURA,mpas15,temp,20260831,20260929,00Z,D1,3h,-0.166,1.303,1.671,0.942,136
105143,SAN MIGUEL,PIURA,PIURA,ecmwf,temp,20260831,20260929,"00Z,12Z",D1,3h,-0.23,0.905,1.224,0.95,480
105143,SAN MIGUEL,PIURA,PIURA,gfs,temp,20260831,20260929,"00Z,12Z",D1,3h,-0.925,1.207,1.632,0.949,480
105143,SAN MIGUEL,PIURA,PIURA,eta5,temp,20260831,20260929,"00Z,12Z",D1,3h,0.145,1.221,1.528,0.935,384
105143,SAN MIGUEL,PIURA,PIURA,wrf5,temp,20260831,20260929,"00Z,12Z",D1,3h,-0.71,1.274,1.516,0.946,472
105143,SAN MIGUEL,PIURA,PIURA,mpas15,temp,20260831,20260929,00Z,D1,3h,-0.999,1.425,1.65,0.948,240
47E0522C,TAMBO GRANDE,PIURA,PIURA,ecmwf,temp,20260831,20260929,"00Z,12Z",D1,3h,S/D,S/D,S/D,S/D,0
47E0522C,TAMBO GRANDE,PIURA,PIURA,gfs,temp,20260831,20260929,"00Z,12Z",D1,3h,S/D,S/D,S/D,S/D,0
47E0522C,TAMBO GRANDE,PIURA,PIURA,eta5,temp,20260831,20260929,"00Z,12Z",D1,3h,S/D,S/D,S/D,S/D,0
47E0522C,TAMBO GRANDE,PIURA,PIURA,wrf5,temp,20260831,20260929,"00Z,12Z",D1,3h,S/D,S/D,S/D,S/D,0
47E0522C,TAMBO GRANDE,PIURA,PIURA,mpas15,temp,20260831,20260929,00Z,D1,3h,S/D,S/D,S/D,S/D,0
105144,BERNAL,PIURA,SECHURA,ecmwf,temp,20260831,20260929,"00Z,12Z",D1,3h,0.152,0.915,1.218,0.948,274
105144,BERNAL,PIURA,SECHURA,gfs,temp,20260831,20260929,"00Z,12Z",D1,3h,-0.344,1.317,1.51,0.94,274
105144,BERNAL,PIURA,SECHURA,eta5,temp,20260831,20260929,"00Z,12Z",D1,3h,0.175,1.363,1.728,0.925,236
105144,BERNAL,PIURA,SECHURA,wrf5,temp,20260831,20260929,"00Z,12Z",D1,3h,-0.376,1.241,1.463,0.938,269
105144,BERNAL,PIURA,SECHURA,mpas15,temp,20260831,20260929,00Z,D1,3h,-0.267,1.423,1.662,0.949,137
105120,CHUSIS,PIURA,SECHURA,ecmwf,temp,20260831,20260929,"00Z,12Z",D1,3h,0.324,0.937,1.345,0.952,256
105120,CHUSIS,PIURA,SECHURA,gfs,temp,20260831,20260929,"00Z,12Z",D1,3h,-0.151,1.255,1.523,0.946,256
105120,CHUSIS,PIURA,SECHURA,eta5,temp,20260831,20260929,"00Z,12Z",D1,3h,0.047,0.984,1.247,0.926,207
105120,CHUSIS,PIURA,SECHURA,wrf5,temp,20260831,20260929,"00Z,12Z",D1,3h,-0.589,0.984,1.188,0.94,252
105120,CHUSIS,PIURA,SECHURA,mpas15,temp,20260831,20260929,00Z,D1,3h,-0.347,0.839,1.052,0.956,128
47E0D438,ALAMOR,PIURA,SULLANA,ecmwf,temp,20260831,20260929,"00Z,12Z",D1,3h,S/D,S/D,S/D,S/D,0
47E0D438,ALAMOR,PIURA,SULLANA,gfs,temp,20260831,20260929,"00Z,12Z",D1,3h,S/D,S/D,S/D,S/D,0
47E0D438,ALAMOR,PIURA,SULLANA,eta5,temp,20260831,20260929,"00Z,12Z",D1,3h,S/D,S/D,S/D,S/D,0
47E0D438,ALAMOR,PIURA,SULLANA,wrf5,temp,20260831,20260929,"00Z,12Z",D1,3h,S/D,S/D,S/D,S/D,0
47E0D438,ALAMOR,PIURA,SULLANA,mpas15,temp,20260831,20260929,00Z,D1,3h,S/D,S/D,S/D,S/D,0
47E09732,LA ARDILLA,PIURA,SULLANA,ecmwf,temp,20260831,20260929,"00Z,12Z",D1,3h,S/D,S/D,S/D,S/D,0
47E09732,LA ARDILLA,PIURA,SULLANA,gfs,temp,20260831,20260929,"00Z,12Z",D1,3h,S/D,S/D,S/D,S/D,0
47E09732,LA ARDILLA,PIURA,SULLANA,eta5,temp,20260831,20260929,"00Z,12Z",D1,3h,S/D,S/D,S/D,S/D,0
47E09732,LA ARDILLA,PIURA,SULLANA,wrf5,temp,20260831,20260929,"00Z,12Z",D1,3h,S/D,S/D,S/D,S/D,0
47E09732,LA ARDILLA,PIURA,SULLANA,mpas15,temp,20260831,20260929,00Z,D1,3h,S/D,S/D,S/D,S/D,0
472FD6CE,LANCONES,PIURA,SULLANA,ecmwf,temp,20260831,20260929,"00Z,12Z",D1,3h,0.8,1.327,1.867,0.918,478
472FD6CE,LANCONES,PIURA,SULLANA,gfs,temp,20260831,20260929,"00Z,12Z",D1,3h,0.278,1.774,2.166,0.901,478
472FD6CE,LANCONES,PIURA,SULLANA,eta5,temp,20260831,20260929,"00Z,12Z",D1,3h,0.502,1.297,1.69,0.906,383
472FD6CE,LANCONES,PIURA,SULLANA,wrf5,temp,20260831,20260929,"00Z,12Z",D1,3h,0.023,1.843,2.219,0.892,470
472FD6CE,LANCONES,PIURA,SULLANA,mpas15,temp,20260831,20260929,00Z,D1,3h,-0.122,1.549,1.904,0.928,239
270202,PUENTE AZANGARO,PUNO,AZANGARO,ecmwf,temp,20260831,20260929,"00Z,12Z",D1,3h,-1.019,1.839,2.229,0.94,478
270202,PUENTE AZANGARO,PUNO,AZANGARO,gfs,temp,20260831,20260929,"00Z,12Z",D1,3h,-0.315,1.931,2.537,0.883,478
270202,PUENTE AZANGARO,PUNO,AZANGARO,eta5,temp,20260831,20260929,"00Z,12Z",D1,3h,0.863,2.191,2.734,0.875,382
270202,PUENTE AZANGARO,PUNO,AZANGARO,wrf5,temp,20260831,20260929,"00Z,12Z",D1,3h,0.753,2.0,2.464,0.909,470
270202,PUENTE AZANGARO,PUNO,AZANGARO,mpas15,temp,20260831,20260929,00Z,D1,3h,-2.429,2.808,3.079,0.94,239
4721AAE4,AYMAÑA,PUNO,CARABAYA,ecmwf,temp,20260831,20260929,"00Z,12Z",D1,3h,-5.383,5.49,5.994,0.81,480
4721AAE4,AYMAÑA,PUNO,CARABAYA,gfs,temp,20260831,20260929,"00Z,12Z",D1,3h,-3.594,4.041,4.805,0.758,480
4721AAE4,AYMAÑA,PUNO,CARABAYA,eta5,temp,20260831,20260929,"00Z,12Z",D1,3h,4.194,4.198,4.657,0.873,384
4721AAE4,AYMAÑA,PUNO,CARABAYA,wrf5,temp,20260831,20260929,"00Z,12Z",D1,3h,-1.1,2.366,2.791,0.8,472
4721AAE4,AYMAÑA,PUNO,CARABAYA,mpas15,temp,20260831,20260929,00Z,D1,3h,-4.89,5.005,5.75,0.813,240
4721B992,UPINA,PUNO,CARABAYA,ecmwf,temp,20260831,20260929,"00Z,12Z",D1,3h,-4.049,4.099,4.447,0.86,480
4721B992,UPINA,PUNO,CARABAYA,gfs,temp,20260831,20260929,"00Z,12Z",D1,3h,-3.541,3.663,4.243,0.768,480
4721B992,UPINA,PUNO,CARABAYA,eta5,temp,20260831,20260929,"00Z,12Z",D1,3h,3.25,3.283,3.687,0.841,384
4721B992,UPINA,PUNO,CARABAYA,wrf5,temp,20260831,20260929,"00Z,12Z",D1,3h,-1.735,2.18,2.599,0.809,472
4721B992,UPINA,PUNO,CARABAYA,mpas15,temp,20260831,20260929,00Z,D1,3h,-1.613,2.375,3.074,0.766,240
210003,HUANCASAYA,PUNO,HUANCANE,ecmwf,temp,20260831,20260929,"00Z,12Z",D1,3h,0.395,2.142,2.977,0.821,478
210003,HUANCASAYA,PUNO,HUANCANE,gfs,temp,20260831,20260929,"00Z,12Z",D1,3h,1.372,2.336,3.424,0.793,478
210003,HUANCASAYA,PUNO,HUANCANE,eta5,temp,20260831,20260929,"00Z,12Z",D1,3h,0.518,2.19,3.024,0.817,383
210003,HUANCASAYA,PUNO,HUANCANE,wrf5,temp,20260831,20260929,"00Z,12Z",D1,3h,1.04,2.197,3.11,0.818,470
210003,HUANCASAYA,PUNO,HUANCANE,mpas15,temp,20260831,20260929,00Z,D1,3h,-0.39,2.539,3.181,0.821,239
47251282,PUENTE CARRETERA RAMIS,PUNO,HUANCANE,ecmwf,temp,20260831,20260929,"00Z,12Z",D1,3h,-0.398,1.537,1.951,0.939,474
47251282,PUENTE CARRETERA RAMIS,PUNO,HUANCANE,gfs,temp,20260831,20260929,"00Z,12Z",D1,3h,0.126,2.468,3.089,0.848,474
47251282,PUENTE CARRETERA RAMIS,PUNO,HUANCANE,eta5,temp,20260831,20260929,"00Z,12Z",D1,3h,3.207,3.36,4.049,0.882,380
47251282,PUENTE CARRETERA RAMIS,PUNO,HUANCANE,wrf5,temp,20260831,20260929,"00Z,12Z",D1,3h,1.238,2.102,2.616,0.898,466
47251282,PUENTE CARRETERA RAMIS,PUNO,HUANCANE,mpas15,temp,20260831,20260929,00Z,D1,3h,-1.605,2.138,2.48,0.936,237
472E37C6,PALCA,PUNO,LAMPA,ecmwf,temp,20260831,20260929,"00Z,12Z",D1,3h,-0.811,2.637,3.3,0.899,480
472E37C6,PALCA,PUNO,LAMPA,gfs,temp,20260831,20260929,"00Z,12Z",D1,3h,0.314,3.489,4.179,0.858,480
472E37C6,PALCA,PUNO,LAMPA,eta5,temp,20260831,20260929,"00Z,12Z",D1,3h,0.76,2.704,3.443,0.894,384
472E37C6,PALCA,PUNO,LAMPA,wrf5,temp,20260831,20260929,"00Z,12Z",D1,3h,1.178,3.096,4.113,0.854,472
472E37C6,PALCA,PUNO,LAMPA,mpas15,temp,20260831,20260929,00Z,D1,3h,-3.15,4.422,5.018,0.87,240
472DE6A0,PAMPAHUTA,PUNO,LAMPA,ecmwf,temp,20260831,20260929,"00Z,12Z",D1,3h,-1.281,3.735,4.679,0.781,478
472DE6A0,PAMPAHUTA,PUNO,LAMPA,gfs,temp,20260831,20260929,"00Z,12Z",D1,3h,0.204,3.512,4.456,0.799,478
472DE6A0,PAMPAHUTA,PUNO,LAMPA,eta5,temp,20260831,20260929,"00Z,12Z",D1,3h,3.91,4.376,5.474,0.842,383
472DE6A0,PAMPAHUTA,PUNO,LAMPA,wrf5,temp,20260831,20260929,"00Z,12Z",D1,3h,2.157,3.657,4.782,0.815,470
472DE6A0,PAMPAHUTA,PUNO,LAMPA,mpas15,temp,20260831,20260929,00Z,D1,3h,-0.925,3.21,3.97,0.856,239
114134,ANANSAYA -PUNA,PUNO,MELGAR,ecmwf,temp,20260831,20260929,"00Z,12Z",D1,3h,S/D,S/D,S/D,S/D,0
114134,ANANSAYA -PUNA,PUNO,MELGAR,gfs,temp,20260831,20260929,"00Z,12Z",D1,3h,S/D,S/D,S/D,S/D,0
114134,ANANSAYA -PUNA,PUNO,MELGAR,eta5,temp,20260831,20260929,"00Z,12Z",D1,3h,S/D,S/D,S/D,S/D,0
114134,ANANSAYA -PUNA,PUNO,MELGAR,wrf5,temp,20260831,20260929,"00Z,12Z",D1,3h,S/D,S/D,S/D,S/D,0
114134,ANANSAYA -PUNA,PUNO,MELGAR,mpas15,temp,20260831,20260929,00Z,D1,3h,S/D,S/D,S/D,S/D,0
47256412,ENAFER,PUNO,PUNO,ecmwf,temp,20260831,20260929,"00Z,12Z",D1,3h,S/D,S/D,S/D,S/D,0
47256412,ENAFER,PUNO,PUNO,gfs,temp,20260831,20260929,"00Z,12Z",D1,3h,S/D,S/D,S/D,S/D,0
47256412,ENAFER,PUNO,PUNO,eta5,temp,20260831,20260929,"00Z,12Z",D1,3h,S/D,S/D,S/D,S/D,0
47256412,ENAFER,PUNO,PUNO,wrf5,temp,20260831,20260929,"00Z,12Z",D1,3h,S/D,S/D,S/D,S/D,0
47256412,ENAFER,PUNO,PUNO,mpas15,temp,20260831,20260929,00Z,D1,3h,S/D,S/D,S/D,S/D,0
472E4156,ILLPA,PUNO,PUNO,ecmwf,temp,20260831,20260929,"00Z,12Z",D1,3h,1.476,2.137,2.768,0.949,478
472E4156,ILLPA,PUNO,PUNO,gfs,temp,20260831,20260929,"00Z,12Z",D1,3h,0.91,4.183,4.968,0.834,478
472E4156,ILLPA,PUNO,PUNO,eta5,temp,20260831,20260929,"00Z,12Z",D1,3h,1.612,2.434,3.197,0.917,382
472E4156,ILLPA,PUNO,PUNO,wrf5,temp,20260831,20260929,"00Z,12Z",D1,3h,2.144,2.78,3.597,0.91,470
472E4156,ILLPA,PUNO,PUNO,mpas15,temp,20260831,20260929,00Z,D1,3h,-0.68,3.966,4.82,0.849,239
472CB426,LARAQUERI,PUNO,PUNO,ecmwf,temp,20260831,20260929,"00Z,12Z",D1,3h,-0.481,2.232,2.867,0.903,480
472CB426,LARAQUERI,PUNO,PUNO,gfs,temp,20260831,20260929,"00Z,12Z",D1,3h,0.234,2.753,3.574,0.886,480
472CB426,LARAQUERI,PUNO,PUNO,eta5,temp,20260831,20260929,"00Z,12Z",D1,3h,1.87,2.504,3.57,0.908,384
472CB426,LARAQUERI,PUNO,PUNO,wrf5,temp,20260831,20260929,"00Z,12Z",D1,3h,2.023,2.709,3.84,0.888,472
472CB426,LARAQUERI,PUNO,PUNO,mpas15,temp,20260831,20260929,00Z,D1,3h,-1.465,3.21,3.739,0.885,240
472DD33A,PUNO,PUNO,PUNO,ecmwf,temp,20260831,20260929,"00Z,12Z",D1,3h,-0.658,2.398,2.78,0.869,480
472DD33A,PUNO,PUNO,PUNO,gfs,temp,20260831,20260929,"00Z,12Z",D1,3h,-1.212,2.24,2.826,0.822,480
472DD33A,PUNO,PUNO,PUNO,eta5,temp,20260831,20260929,"00Z,12Z",D1,3h,-0.822,2.456,2.934,0.786,384
472DD33A,PUNO,PUNO,PUNO,wrf5,temp,20260831,20260929,"00Z,12Z",D1,3h,0.891,1.929,2.462,0.852,472
472DD33A,PUNO,PUNO,PUNO,mpas15,temp,20260831,20260929,00Z,D1,3h,-4.071,4.477,5.791,0.225,240
472CF72C,JULIACA,PUNO,SAN ROMAN,ecmwf,temp,20260831,20260929,"00Z,12Z",D1,3h,0.314,1.814,2.452,0.934,480
472CF72C,JULIACA,PUNO,SAN ROMAN,gfs,temp,20260831,20260929,"00Z,12Z",D1,3h,0.671,2.531,3.457,0.884,480
472CF72C,JULIACA,PUNO,SAN ROMAN,eta5,temp,20260831,20260929,"00Z,12Z",D1,3h,1.264,2.593,3.323,0.885,384
472CF72C,JULIACA,PUNO,SAN ROMAN,wrf5,temp,20260831,20260929,"00Z,12Z",D1,3h,1.186,2.408,3.302,0.896,472
472CF72C,JULIACA,PUNO,SAN ROMAN,mpas15,temp,20260831,20260929,00Z,D1,3h,-0.916,2.377,2.849,0.93,240
107142,BELLAVISTA,SAN MARTIN,BELLAVISTA,ecmwf,temp,20260831,20260929,"00Z,12Z",D1,3h,-1.265,1.703,2.287,0.891,480
107142,BELLAVISTA,SAN MARTIN,BELLAVISTA,gfs,temp,20260831,20260929,"00Z,12Z",D1,3h,-2.455,3.172,3.792,0.855,480
107142,BELLAVISTA,SAN MARTIN,BELLAVISTA,eta5,temp,20260831,20260929,"00Z,12Z",D1,3h,0.494,2.091,2.605,0.837,384
107142,BELLAVISTA,SAN MARTIN,BELLAVISTA,wrf5,temp,20260831,20260929,"00Z,12Z",D1,3h,-1.02,1.86,2.294,0.871,472
107142,BELLAVISTA,SAN MARTIN,BELLAVISTA,mpas15,temp,20260831,20260929,00Z,D1,3h,-2.776,2.845,3.355,0.921,240
210006,SHANAO,SAN MARTIN,LAMAS,ecmwf,temp,20260831,20260929,"00Z,12Z",D1,3h,S/D,S/D,S/D,S/D,0
210006,SHANAO,SAN MARTIN,LAMAS,gfs,temp,20260831,20260929,"00Z,12Z",D1,3h,S/D,S/D,S/D,S/D,0
210006,SHANAO,SAN MARTIN,LAMAS,eta5,temp,20260831,20260929,"00Z,12Z",D1,3h,S/D,S/D,S/D,S/D,0
210006,SHANAO,SAN MARTIN,LAMAS,wrf5,temp,20260831,20260929,"00Z,12Z",D1,3h,S/D,S/D,S/D,S/D,0
210006,SHANAO,SAN MARTIN,LAMAS,mpas15,temp,20260831,20260929,00Z,D1,3h,S/D,S/D,S/D,S/D,0
106144,JEPELACIO,SAN MARTIN,MOYOBAMBA,ecmwf,temp,20260831,20260929,"00Z,12Z",D1,3h,0.106,1.559,1.986,0.874,480
106144,JEPELACIO,SAN MARTIN,MOYOBAMBA,gfs,temp,20260831,20260929,"00Z,12Z",D1,3h,-0.687,2.134,2.575,0.857,480
106144,JEPELACIO,SAN MARTIN,MOYOBAMBA,eta5,temp,20260831,20260929,"00Z,12Z",D1,3h,2.938,3.099,3.75,0.811,384
106144,JEPELACIO,SAN MARTIN,MOYOBAMBA,wrf5,temp,20260831,20260929,"00Z,12Z",D1,3h,-0.544,1.847,2.314,0.792,472
106144,JEPELACIO,SAN MARTIN,MOYOBAMBA,mpas15,temp,20260831,20260929,00Z,D1,3h,-2.107,2.575,3.231,0.776,240
106145,TINGO DE PONAZA,SAN MARTIN,PICOTA,ecmwf,temp,20260831,20260929,"00Z,12Z",D1,3h,-1.196,1.931,2.486,0.863,348
106145,TINGO DE PONAZA,SAN MARTIN,PICOTA,gfs,temp,20260831,20260929,"00Z,12Z",D1,3h,-2.629,2.914,3.613,0.873,348
106145,TINGO DE PONAZA,SAN MARTIN,PICOTA,eta5,temp,20260831,20260929,"00Z,12Z",D1,3h,0.27,2.289,2.848,0.813,273
106145,TINGO DE PONAZA,SAN MARTIN,PICOTA,wrf5,temp,20260831,20260929,"00Z,12Z",D1,3h,-0.828,1.774,2.168,0.896,340
106145,TINGO DE PONAZA,SAN MARTIN,PICOTA,mpas15,temp,20260831,20260929,00Z,D1,3h,-3.502,3.536,4.234,0.911,174
4724851A,NARANJILLO,SAN MARTIN,RIOJA,ecmwf,temp,20260831,20260929,"00Z,12Z",D1,3h,-2.196,2.478,2.905,0.887,474
4724851A,NARANJILLO,SAN MARTIN,RIOJA,gfs,temp,20260831,20260929,"00Z,12Z",D1,3h,-4.202,4.27,4.796,0.802,474
4724851A,NARANJILLO,SAN MARTIN,RIOJA,eta5,temp,20260831,20260929,"00Z,12Z",D1,3h,-0.105,1.798,2.227,0.793,379
4724851A,NARANJILLO,SAN MARTIN,RIOJA,wrf5,temp,20260831,20260929,"00Z,12Z",D1,3h,-0.527,1.461,1.927,0.871,466
4724851A,NARANJILLO,SAN MARTIN,RIOJA,mpas15,temp,20260831,20260929,00Z,D1,3h,-5.498,5.505,6.036,0.746,237
4723013A,EL PORVENIR,SAN MARTIN,SAN MARTIN,ecmwf,temp,20260831,20260929,"00Z,12Z",D1,3h,-3.761,3.864,4.679,0.839,406
4723013A,EL PORVENIR,SAN MARTIN,SAN MARTIN,gfs,temp,20260831,20260929,"00Z,12Z",D1,3h,-3.338,3.421,4.08,0.879,406
4723013A,EL PORVENIR,SAN MARTIN,SAN MARTIN,eta5,temp,20260831,20260929,"00Z,12Z",D1,3h,0.627,2.19,2.737,0.832,343
4723013A,EL PORVENIR,SAN MARTIN,SAN MARTIN,wrf5,temp,20260831,20260929,"00Z,12Z",D1,3h,-0.24,1.656,2.071,0.894,398
4723013A,EL PORVENIR,SAN MARTIN,SAN MARTIN,mpas15,temp,20260831,20260929,00Z,D1,3h,-3.336,3.359,3.977,0.93,203
47E2E456,TOCACHE,SAN MARTIN,TOCACHE,ecmwf,temp,20260831,20260929,"00Z,12Z",D1,3h,-1.028,1.614,1.953,0.886,470
47E2E456,TOCACHE,SAN MARTIN,TOCACHE,gfs,temp,20260831,20260929,"00Z,12Z",D1,3h,-1.392,3.086,3.418,0.848,470
47E2E456,TOCACHE,SAN MARTIN,TOCACHE,eta5,temp,20260831,20260929,"00Z,12Z",D1,3h,1.805,2.255,2.847,0.831,377
47E2E456,TOCACHE,SAN MARTIN,TOCACHE,wrf5,temp,20260831,20260929,"00Z,12Z",D1,3h,0.245,1.672,2.096,0.863,462
47E2E456,TOCACHE,SAN MARTIN,TOCACHE,mpas15,temp,20260831,20260929,00Z,D1,3h,-2.893,3.11,3.532,0.835,235
47E2C2BA,CANDARAVE,TACNA,CANDARAVE,ecmwf,temp,20260831,20260929,"00Z,12Z",D1,3h,-1.54,1.753,2.071,0.943,478
47E2C2BA,CANDARAVE,TACNA,CANDARAVE,gfs,temp,20260831,20260929,"00Z,12Z",D1,3h,-1.153,1.842,2.297,0.889,478
47E2C2BA,CANDARAVE,TACNA,CANDARAVE,eta5,temp,20260831,20260929,"00Z,12Z",D1,3h,-0.306,1.134,1.406,0.933,383
47E2C2BA,CANDARAVE,TACNA,CANDARAVE,wrf5,temp,20260831,20260929,"00Z,12Z",D1,3h,2.237,2.311,2.793,0.893,470
47E2C2BA,CANDARAVE,TACNA,CANDARAVE,mpas15,temp,20260831,20260929,00Z,D1,3h,-1.499,1.905,2.314,0.929,239
47E1654C,CORACHAY II,TACNA,CANDARAVE,ecmwf,temp,20260831,20260929,"00Z,12Z",D1,3h,S/D,S/D,S/D,S/D,0
47E1654C,CORACHAY II,TACNA,CANDARAVE,gfs,temp,20260831,20260929,"00Z,12Z",D1,3h,S/D,S/D,S/D,S/D,0
47E1654C,CORACHAY II,TACNA,CANDARAVE,eta5,temp,20260831,20260929,"00Z,12Z",D1,3h,S/D,S/D,S/D,S/D,0
47E1654C,CORACHAY II,TACNA,CANDARAVE,wrf5,temp,20260831,20260929,"00Z,12Z",D1,3h,S/D,S/D,S/D,S/D,0
47E1654C,CORACHAY II,TACNA,CANDARAVE,mpas15,temp,20260831,20260929,00Z,D1,3h,S/D,S/D,S/D,S/D,0
47E12646,LAGUNA ARICOTA,TACNA,CANDARAVE,ecmwf,temp,20260831,20260929,"00Z,12Z",D1,3h,S/D,S/D,S/D,S/D,0
47E12646,LAGUNA ARICOTA,TACNA,CANDARAVE,gfs,temp,20260831,20260929,"00Z,12Z",D1,3h,S/D,S/D,S/D,S/D,0
47E12646,LAGUNA ARICOTA,TACNA,CANDARAVE,eta5,temp,20260831,20260929,"00Z,12Z",D1,3h,S/D,S/D,S/D,S/D,0
47E12646,LAGUNA ARICOTA,TACNA,CANDARAVE,wrf5,temp,20260831,20260929,"00Z,12Z",D1,3h,S/D,S/D,S/D,S/D,0
47E12646,LAGUNA ARICOTA,TACNA,CANDARAVE,mpas15,temp,20260831,20260929,00Z,D1,3h,S/D,S/D,S/D,S/D,0
47E186BE,PUENTE VIEJO,TACNA,JORGE BASADRE,ecmwf,temp,20260831,20260929,"00Z,12Z",D1,3h,S/D,S/D,S/D,S/D,0
47E186BE,PUENTE VIEJO,TACNA,JORGE BASADRE,gfs,temp,20260831,20260929,"00Z,12Z",D1,3h,S/D,S/D,S/D,S/D,0
47E186BE,PUENTE VIEJO,TACNA,JORGE BASADRE,eta5,temp,20260831,20260929,"00Z,12Z",D1,3h,S/D,S/D,S/D,S/D,0
47E186BE,PUENTE VIEJO,TACNA,JORGE BASADRE,wrf5,temp,20260831,20260929,"00Z,12Z",D1,3h,S/D,S/D,S/D,S/D,0
47E186BE,PUENTE VIEJO,TACNA,JORGE BASADRE,mpas15,temp,20260831,20260929,00Z,D1,3h,S/D,S/D,S/D,S/D,0
47E2B42A,BOCATOMA EL AYRO,TACNA,TACNA,ecmwf,temp,20260831,20260929,"00Z,12Z",D1,3h,-3.488,4.885,5.453,0.748,478
47E2B42A,BOCATOMA EL AYRO,TACNA,TACNA,gfs,temp,20260831,20260929,"00Z,12Z",D1,3h,-1.976,4.215,4.772,0.748,478
47E2B42A,BOCATOMA EL AYRO,TACNA,TACNA,eta5,temp,20260831,20260929,"00Z,12Z",D1,3h,1.5,2.652,3.646,0.816,383
47E2B42A,BOCATOMA EL AYRO,TACNA,TACNA,wrf5,temp,20260831,20260929,"00Z,12Z",D1,3h,1.377,2.738,3.691,0.853,470
47E2B42A,BOCATOMA EL AYRO,TACNA,TACNA,mpas15,temp,20260831,20260929,00Z,D1,3h,-3.227,4.172,4.669,0.846,239
47E143A0,CAPLINA,TACNA,TACNA,ecmwf,temp,20260831,20260929,"00Z,12Z",D1,3h,S/D,S/D,S/D,S/D,0
47E143A0,CAPLINA,TACNA,TACNA,gfs,temp,20260831,20260929,"00Z,12Z",D1,3h,S/D,S/D,S/D,S/D,0
47E143A0,CAPLINA,TACNA,TACNA,eta5,temp,20260831,20260929,"00Z,12Z",D1,3h,S/D,S/D,S/D,S/D,0
47E143A0,CAPLINA,TACNA,TACNA,wrf5,temp,20260831,20260929,"00Z,12Z",D1,3h,S/D,S/D,S/D,S/D,0
47E143A0,CAPLINA,TACNA,TACNA,mpas15,temp,20260831,20260929,00Z,D1,3h,S/D,S/D,S/D,S/D,0
47E13530,CERRO BLANCO,TACNA,TACNA,ecmwf,temp,20260831,20260929,"00Z,12Z",D1,3h,S/D,S/D,S/D,S/D,0
47E13530,CERRO BLANCO,TACNA,TACNA,gfs,temp,20260831,20260929,"00Z,12Z",D1,3h,S/D,S/D,S/D,S/D,0
47E13530,CERRO BLANCO,TACNA,TACNA,eta5,temp,20260831,20260929,"00Z,12Z",D1,3h,S/D,S/D,S/D,S/D,0
47E13530,CERRO BLANCO,TACNA,TACNA,wrf5,temp,20260831,20260929,"00Z,12Z",D1,3h,S/D,S/D,S/D,S/D,0
47E13530,CERRO BLANCO,TACNA,TACNA,mpas15,temp,20260831,20260929,00Z,D1,3h,S/D,S/D,S/D,S/D,0
47E195C8,CHALLATA,TACNA,TACNA,ecmwf,temp,20260831,20260929,"00Z,12Z",D1,3h,S/D,S/D,S/D,S/D,0
47E195C8,CHALLATA,TACNA,TACNA,gfs,temp,20260831,20260929,"00Z,12Z",D1,3h,S/D,S/D,S/D,S/D,0
47E195C8,CHALLATA,TACNA,TACNA,eta5,temp,20260831,20260929,"00Z,12Z",D1,3h,S/D,S/D,S/D,S/D,0
47E195C8,CHALLATA,TACNA,TACNA,wrf5,temp,20260831,20260929,"00Z,12Z",D1,3h,S/D,S/D,S/D,S/D,0
47E195C8,CHALLATA,TACNA,TACNA,mpas15,temp,20260831,20260929,00Z,D1,3h,S/D,S/D,S/D,S/D,0
4722F344,LA TRANCA,TACNA,TACNA,ecmwf,temp,20260831,20260929,"00Z,12Z",D1,3h,S/D,S/D,S/D,S/D,0
4722F344,LA TRANCA,TACNA,TACNA,gfs,temp,20260831,20260929,"00Z,12Z",D1,3h,S/D,S/D,S/D,S/D,0
4722F344,LA TRANCA,TACNA,TACNA,eta5,temp,20260831,20260929,"00Z,12Z",D1,3h,S/D,S/D,S/D,S/D,0
4722F344,LA TRANCA,TACNA,TACNA,wrf5,temp,20260831,20260929,"00Z,12Z",D1,3h,S/D,S/D,S/D,S/D,0
4722F344,LA TRANCA,TACNA,TACNA,mpas15,temp,20260831,20260929,00Z,D1,3h,S/D,S/D,S/D,S/D,0
47E113DC,REPRESA PAUCARANI,TACNA,TACNA,ecmwf,temp,20260831,20260929,"00Z,12Z",D1,3h,S/D,S/D,S/D,S/D,0
47E113DC,REPRESA PAUCARANI,TACNA,TACNA,gfs,temp,20260831,20260929,"00Z,12Z",D1,3h,S/D,S/D,S/D,S/D,0
47E113DC,REPRESA PAUCARANI,TACNA,TACNA,eta5,temp,20260831,20260929,"00Z,12Z",D1,3h,S/D,S/D,S/D,S/D,0
47E113DC,REPRESA PAUCARANI,TACNA,TACNA,wrf5,temp,20260831,20260929,"00Z,12Z",D1,3h,S/D,S/D,S/D,S/D,0
47E113DC,REPRESA PAUCARANI,TACNA,TACNA,mpas15,temp,20260831,20260929,00Z,D1,3h,S/D,S/D,S/D,S/D,0
117059,ANCOAQUE,TACNA,TARATA,ecmwf,temp,20260831,20260929,"00Z,12Z",D1,3h,S/D,S/D,S/D,S/D,0
117059,ANCOAQUE,TACNA,TARATA,gfs,temp,20260831,20260929,"00Z,12Z",D1,3h,S/D,S/D,S/D,S/D,0
117059,ANCOAQUE,TACNA,TARATA,eta5,temp,20260831,20260929,"00Z,12Z",D1,3h,S/D,S/D,S/D,S/D,0
117059,ANCOAQUE,TACNA,TARATA,wrf5,temp,20260831,20260929,"00Z,12Z",D1,3h,S/D,S/D,S/D,S/D,0
117059,ANCOAQUE,TACNA,TARATA,mpas15,temp,20260831,20260929,00Z,D1,3h,S/D,S/D,S/D,S/D,0
47E292C6,CHUAPALCA,TACNA,TARATA,ecmwf,temp,20260831,20260929,"00Z,12Z",D1,3h,0.099,3.395,4.217,0.88,474
47E292C6,CHUAPALCA,TACNA,TARATA,gfs,temp,20260831,20260929,"00Z,12Z",D1,3h,0.248,4.497,5.498,0.776,474
47E292C6,CHUAPALCA,TACNA,TARATA,eta5,temp,20260831,20260929,"00Z,12Z",D1,3h,2.21,3.332,5.088,0.825,379
47E292C6,CHUAPALCA,TACNA,TARATA,wrf5,temp,20260831,20260929,"00Z,12Z",D1,3h,2.63,3.656,5.526,0.847,466
47E292C6,CHUAPALCA,TACNA,TARATA,mpas15,temp,20260831,20260929,00Z,D1,3h,-1.996,4.57,5.028,0.856,237
47E150D6,PUENTE TALAPALCA,TACNA,TARATA,ecmwf,temp,20260831,20260929,"00Z,12Z",D1,3h,S/D,S/D,S/D,S/D,0
47E150D6,PUENTE TALAPALCA,TACNA,TARATA,gfs,temp,20260831,20260929,"00Z,12Z",D1,3h,S/D,S/D,S/D,S/D,0
47E150D6,PUENTE TALAPALCA,TACNA,TARATA,eta5,temp,20260831,20260929,"00Z,12Z",D1,3h,S/D,S/D,S/D,S/D,0
47E150D6,PUENTE TALAPALCA,TACNA,TARATA,wrf5,temp,20260831,20260929,"00Z,12Z",D1,3h,S/D,S/D,S/D,S/D,0
47E150D6,PUENTE TALAPALCA,TACNA,TARATA,mpas15,temp,20260831,20260929,00Z,D1,3h,S/D,S/D,S/D,S/D,0
47E1B324,REPRESA JARUMAS,TACNA,TARATA,ecmwf,temp,20260831,20260929,"00Z,12Z",D1,3h,S/D,S/D,S/D,S/D,0
47E1B324,REPRESA JARUMAS,TACNA,TARATA,gfs,temp,20260831,20260929,"00Z,12Z",D1,3h,S/D,S/D,S/D,S/D,0
47E1B324,REPRESA JARUMAS,TACNA,TARATA,eta5,temp,20260831,20260929,"00Z,12Z",D1,3h,S/D,S/D,S/D,S/D,0
47E1B324,REPRESA JARUMAS,TACNA,TARATA,wrf5,temp,20260831,20260929,"00Z,12Z",D1,3h,S/D,S/D,S/D,S/D,0
47E1B324,REPRESA JARUMAS,TACNA,TARATA,mpas15,temp,20260831,20260929,00Z,D1,3h,S/D,S/D,S/D,S/D,0
47E1763A,SALIDA TUNEL KOVIRE,TACNA,TARATA,ecmwf,temp,20260831,20260929,"00Z,12Z",D1,3h,S/D,S/D,S/D,S/D,0
47E1763A,SALIDA TUNEL KOVIRE,TACNA,TARATA,gfs,temp,20260831,20260929,"00Z,12Z",D1,3h,S/D,S/D,S/D,S/D,0
47E1763A,SALIDA TUNEL KOVIRE,TACNA,TARATA,eta5,temp,20260831,20260929,"00Z,12Z",D1,3h,S/D,S/D,S/D,S/D,0
47E1763A,SALIDA TUNEL KOVIRE,TACNA,TARATA,wrf5,temp,20260831,20260929,"00Z,12Z",D1,3h,S/D,S/D,S/D,S/D,0
47E1763A,SALIDA TUNEL KOVIRE,TACNA,TARATA,mpas15,temp,20260831,20260929,00Z,D1,3h,S/D,S/D,S/D,S/D,0
47E2D1CC,TARATA,TACNA,TARATA,ecmwf,temp,20260831,20260929,"00Z,12Z",D1,3h,-4.617,4.792,5.418,0.851,478
47E2D1CC,TARATA,TACNA,TARATA,gfs,temp,20260831,20260929,"00Z,12Z",D1,3h,-4.861,4.987,5.913,0.831,478
47E2D1CC,TARATA,TACNA,TARATA,eta5,temp,20260831,20260929,"00Z,12Z",D1,3h,0.002,1.172,1.557,0.923,383
47E2D1CC,TARATA,TACNA,TARATA,wrf5,temp,20260831,20260929,"00Z,12Z",D1,3h,1.116,2.818,3.336,0.832,470
47E2D1CC,TARATA,TACNA,TARATA,mpas15,temp,20260831,20260929,00Z,D1,3h,-7.072,7.128,7.667,0.86,239
47E2A75C,VILACOTA,TACNA,TARATA,ecmwf,temp,20260831,20260929,"00Z,12Z",D1,3h,0.09,2.771,3.322,0.869,478
47E2A75C,VILACOTA,TACNA,TARATA,gfs,temp,20260831,20260929,"00Z,12Z",D1,3h,1.21,3.582,4.411,0.797,478
47E2A75C,VILACOTA,TACNA,TARATA,eta5,temp,20260831,20260929,"00Z,12Z",D1,3h,2.645,3.165,4.513,0.802,383
47E2A75C,VILACOTA,TACNA,TARATA,wrf5,temp,20260831,20260929,"00Z,12Z",D1,3h,1.188,3.8,4.706,0.736,470
47E2A75C,VILACOTA,TACNA,TARATA,mpas15,temp,20260831,20260929,00Z,D1,3h,-1.849,3.287,3.759,0.868,239
472F13D0,CAÑAVERAL,TUMBES,CONTRALMIRANTE VILLAR,ecmwf,temp,20260831,20260929,"00Z,12Z",D1,3h,-0.043,0.901,1.161,0.909,476
472F13D0,CAÑAVERAL,TUMBES,CONTRALMIRANTE VILLAR,gfs,temp,20260831,20260929,"00Z,12Z",D1,3h,-1.008,1.366,1.6,0.875,476
472F13D0,CAÑAVERAL,TUMBES,CONTRALMIRANTE VILLAR,eta5,temp,20260831,20260929,"00Z,12Z",D1,3h,-0.242,1.338,1.639,0.888,381
472F13D0,CAÑAVERAL,TUMBES,CONTRALMIRANTE VILLAR,wrf5,temp,20260831,20260929,"00Z,12Z",D1,3h,-0.63,1.278,1.544,0.858,468
472F13D0,CAÑAVERAL,TUMBES,CONTRALMIRANTE VILLAR,mpas15,temp,20260831,20260929,00Z,D1,3h,-1.838,1.957,2.243,0.888,238
47E01126,CABO INGA H,TUMBES,TUMBES,ecmwf,temp,20260831,20260929,"00Z,12Z",D1,3h,S/D,S/D,S/D,S/D,0
47E01126,CABO INGA H,TUMBES,TUMBES,gfs,temp,20260831,20260929,"00Z,12Z",D1,3h,S/D,S/D,S/D,S/D,0
47E01126,CABO INGA H,TUMBES,TUMBES,eta5,temp,20260831,20260929,"00Z,12Z",D1,3h,S/D,S/D,S/D,S/D,0
47E01126,CABO INGA H,TUMBES,TUMBES,wrf5,temp,20260831,20260929,"00Z,12Z",D1,3h,S/D,S/D,S/D,S/D,0
47E01126,CABO INGA H,TUMBES,TUMBES,mpas15,temp,20260831,20260929,00Z,D1,3h,S/D,S/D,S/D,S/D,0
472F00A6,CABO INGA M,TUMBES,TUMBES,ecmwf,temp,20260831,20260929,"00Z,12Z",D1,3h,-1.343,1.791,2.106,0.877,476
472F00A6,CABO INGA M,TUMBES,TUMBES,gfs,temp,20260831,20260929,"00Z,12Z",D1,3h,-1.274,2.212,2.568,0.825,476
472F00A6,CABO INGA M,TUMBES,TUMBES,eta5,temp,20260831,20260929,"00Z,12Z",D1,3h,-1.095,1.972,2.329,0.85,380
472F00A6,CABO INGA M,TUMBES,TUMBES,wrf5,temp,20260831,20260929,"00Z,12Z",D1,3h,-1.959,2.736,3.103,0.831,468
472F00A6,CABO INGA M,TUMBES,TUMBES,mpas15,temp,20260831,20260929,00Z,D1,3h,-1.952,2.307,2.64,0.862,238
472EF2D8,CAMPAMENTO SEDE,TUMBES,TUMBES,ecmwf,temp,20260831,20260929,"00Z,12Z",D1,3h,-1.081,1.353,1.942,0.408,420
472EF2D8,CAMPAMENTO SEDE,TUMBES,TUMBES,gfs,temp,20260831,20260929,"00Z,12Z",D1,3h,-1.985,2.004,2.461,0.629,420
472EF2D8,CAMPAMENTO SEDE,TUMBES,TUMBES,eta5,temp,20260831,20260929,"00Z,12Z",D1,3h,-0.781,1.113,1.352,0.762,334
472EF2D8,CAMPAMENTO SEDE,TUMBES,TUMBES,wrf5,temp,20260831,20260929,"00Z,12Z",D1,3h,-1.199,1.438,1.748,0.775,413
472EF2D8,CAMPAMENTO SEDE,TUMBES,TUMBES,mpas15,temp,20260831,20260929,00Z,D1,3h,-1.254,1.336,1.796,0.75,210
4724A3F6,EL TIGRE,TUMBES,TUMBES,ecmwf,temp,20260831,20260929,"00Z,12Z",D1,3h,-0.229,0.997,1.285,0.893,472
4724A3F6,EL TIGRE,TUMBES,TUMBES,gfs,temp,20260831,20260929,"00Z,12Z",D1,3h,-1.632,1.887,2.197,0.833,472
4724A3F6,EL TIGRE,TUMBES,TUMBES,eta5,temp,20260831,20260929,"00Z,12Z",D1,3h,-0.228,1.488,1.833,0.826,379
4724A3F6,EL TIGRE,TUMBES,TUMBES,wrf5,temp,20260831,20260929,"00Z,12Z",D1,3h,-0.784,1.431,1.768,0.837,464
4724A3F6,EL TIGRE,TUMBES,TUMBES,mpas15,temp,20260831,20260929,00Z,D1,3h,-2.284,2.399,2.741,0.864,236
472F43AC,HUASIMO,TUMBES,TUMBES,ecmwf,temp,20260831,20260929,"00Z,12Z",D1,3h,1.542,1.631,2.019,0.929,476
472F43AC,HUASIMO,TUMBES,TUMBES,gfs,temp,20260831,20260929,"00Z,12Z",D1,3h,1.614,1.872,2.479,0.899,476
472F43AC,HUASIMO,TUMBES,TUMBES,eta5,temp,20260831,20260929,"00Z,12Z",D1,3h,1.129,1.505,1.916,0.909,380
472F43AC,HUASIMO,TUMBES,TUMBES,wrf5,temp,20260831,20260929,"00Z,12Z",D1,3h,-0.843,1.843,2.15,0.903,468
472F43AC,HUASIMO,TUMBES,TUMBES,mpas15,temp,20260831,20260929,00Z,D1,3h,1.239,1.442,1.935,0.92,238
47E024BC,PUENTE TUMBES,TUMBES,TUMBES,ecmwf,temp,20260831,20260929,"00Z,12Z",D1,3h,S/D,S/D,S/D,S/D,0
47E024BC,PUENTE TUMBES,TUMBES,TUMBES,gfs,temp,20260831,20260929,"00Z,12Z",D1,3h,S/D,S/D,S/D,S/D,0
47E024BC,PUENTE TUMBES,TUMBES,TUMBES,eta5,temp,20260831,20260929,"00Z,12Z",D1,3h,S/D,S/D,S/D,S/D,0
47E024BC,PUENTE TUMBES,TUMBES,TUMBES,wrf5,temp,20260831,20260929,"00Z,12Z",D1,3h,S/D,S/D,S/D,S/D,0
47E024BC,PUENTE TUMBES,TUMBES,TUMBES,mpas15,temp,20260831,20260929,00Z,D1,3h,S/D,S/D,S/D,S/D,0
103068,PUERTO PIZARRO,TUMBES,TUMBES,ecmwf,temp,20260831,20260929,"00Z,12Z",D1,3h,-2.144,2.449,3.303,0.31,316
103068,PUERTO PIZARRO,TUMBES,TUMBES,gfs,temp,20260831,20260929,"00Z,12Z",D1,3h,-2.971,2.989,3.761,0.644,316
103068,PUERTO PIZARRO,TUMBES,TUMBES,eta5,temp,20260831,20260929,"00Z,12Z",D1,3h,-2.533,2.55,3.075,0.903,256
103068,PUERTO PIZARRO,TUMBES,TUMBES,wrf5,temp,20260831,20260929,"00Z,12Z",D1,3h,-2.212,2.447,3.348,0.319,309
103068,PUERTO PIZARRO,TUMBES,TUMBES,mpas15,temp,20260831,20260929,00Z,D1,3h,-2.014,2.092,2.924,0.717,158
472F264A,RICA PLAYA,TUMBES,TUMBES,ecmwf,temp,20260831,20260929,"00Z,12Z",D1,3h,-0.072,1.081,1.364,0.877,478
472F264A,RICA PLAYA,TUMBES,TUMBES,gfs,temp,20260831,20260929,"00Z,12Z",D1,3h,-1.465,1.701,2.0,0.823,478
472F264A,RICA PLAYA,TUMBES,TUMBES,eta5,temp,20260831,20260929,"00Z,12Z",D1,3h,-0.978,1.697,2.045,0.842,382
472F264A,RICA PLAYA,TUMBES,TUMBES,wrf5,temp,20260831,20260929,"00Z,12Z",D1,3h,-1.193,1.735,2.063,0.806,470
472F264A,RICA PLAYA,TUMBES,TUMBES,mpas15,temp,20260831,20260929,00Z,D1,3h,-2.115,2.239,2.619,0.859,239
472F353C,MATAPALO,TUMBES,ZARUMILLA,ecmwf,temp,20260831,20260929,"00Z,12Z",D1,3h,-1.08,1.443,1.75,0.894,478
472F353C,MATAPALO,TUMBES,ZARUMILLA,gfs,temp,20260831,20260929,"00Z,12Z",D1,3h,-1.26,1.823,2.152,0.882,478
472F353C,MATAPALO,TUMBES,ZARUMILLA,eta5,temp,20260831,20260929,"00Z,12Z",D1,3h,0.525,1.288,1.677,0.874,382
472F353C,MATAPALO,TUMBES,ZARUMILLA,wrf5,temp,20260831,20260929,"00Z,12Z",D1,3h,-0.394,1.225,1.566,0.87,470
472F353C,MATAPALO,TUMBES,ZARUMILLA,mpas15,temp,20260831,20260929,00Z,D1,3h,-1.13,1.403,1.799,0.888,239
47E86310,CALLERIA,UCAYALI,CORONEL PORTILLO,ecmwf,temp,20260831,20260929,"00Z,12Z",D1,3h,0.488,1.7,2.17,0.85,480
47E86310,CALLERIA,UCAYALI,CORONEL PORTILLO,gfs,temp,20260831,20260929,"00Z,12Z",D1,3h,1.521,2.478,3.367,0.808,480
47E86310,CALLERIA,UCAYALI,CORONEL PORTILLO,eta5,temp,20260831,20260929,"00Z,12Z",D1,3h,2.901,3.071,3.836,0.793,384
47E86310,CALLERIA,UCAYALI,CORONEL PORTILLO,wrf5,temp,20260831,20260929,"00Z,12Z",D1,3h,1.303,1.858,2.468,0.865,472
47E86310,CALLERIA,UCAYALI,CORONEL PORTILLO,mpas15,temp,20260831,20260929,00Z,D1,3h,-0.076,1.611,2.182,0.865,240
47E87066,PUERTO ESPERANZA,UCAYALI,PURUS,ecmwf,temp,20260831,20260929,"00Z,12Z",D1,3h,-0.927,2.031,2.776,0.839,480
47E87066,PUERTO ESPERANZA,UCAYALI,PURUS,gfs,temp,20260831,20260929,"00Z,12Z",D1,3h,0.513,2.698,3.484,0.78,480
47E87066,PUERTO ESPERANZA,UCAYALI,PURUS,eta5,temp,20260831,20260929,"00Z,12Z",D1,3h,2.256,2.592,3.191,0.866,384
47E87066,PUERTO ESPERANZA,UCAYALI,PURUS,wrf5,temp,20260831,20260929,"00Z,12Z",D1,3h,0.779,1.971,2.554,0.86,472
47E87066,PUERTO ESPERANZA,UCAYALI,PURUS,mpas15,temp,20260831,20260929,00Z,D1,3h,-1.299,2.223,2.991,0.847,240
270001,DESAGUADERO,PUNO,CHUCUITO,ecmwf,temp,20260831,20260929,"00Z,12Z",D1,3h,S/D,S/D,S/D,S/D,0
270001,DESAGUADERO,PUNO,CHUCUITO,gfs,temp,20260831,20260929,"00Z,12Z",D1,3h,S/D,S/D,S/D,S/D,0
270001,DESAGUADERO,PUNO,CHUCUITO,eta5,temp,20260831,20260929,"00Z,12Z",D1,3h,S/D,S/D,S/D,S/D,0
270001,DESAGUADERO,PUNO,CHUCUITO,wrf5,temp,20260831,20260929,"00Z,12Z",D1,3h,S/D,S/D,S/D,S/D,0
270001,DESAGUADERO,PUNO,CHUCUITO,mpas15,temp,20260831,20260929,00Z,D1,3h,S/D,S/D,S/D,S/D,0
101004,GUEPPI,LORETO,PUTUMAYO,ecmwf,temp,20260831,20260929,"00Z,12Z",D1,3h,0.096,1.211,1.612,0.829,480
101004,GUEPPI,LORETO,PUTUMAYO,gfs,temp,20260831,20260929,"00Z,12Z",D1,3h,-0.648,2.355,2.893,0.765,480
101004,GUEPPI,LORETO,PUTUMAYO,eta5,temp,20260831,20260929,"00Z,12Z",D1,3h,1.79,2.159,2.843,0.78,384
101004,GUEPPI,LORETO,PUTUMAYO,wrf5,temp,20260831,20260929,"00Z,12Z",D1,3h,0.541,1.769,2.331,0.78,472
101004,GUEPPI,LORETO,PUTUMAYO,mpas15,temp,20260831,20260929,00Z,D1,3h,0.067,1.19,1.64,0.829,240
