codigo,estacion,departamento,provincia,modelo,variable,periodo_inicio,periodo_fin,ciclos,horizonte,resolucion,bias,mae,rmse,spearman,n
472B55E0,PUENTE SALINAS AMOJAO,AMAZONAS,BAGUA,ecmwf,temp,20260829,20260927,"00Z,12Z",D1,3h,S/D,S/D,S/D,S/D,0
472B55E0,PUENTE SALINAS AMOJAO,AMAZONAS,BAGUA,gfs,temp,20260829,20260927,"00Z,12Z",D1,3h,S/D,S/D,S/D,S/D,0
472B55E0,PUENTE SALINAS AMOJAO,AMAZONAS,BAGUA,eta5,temp,20260829,20260927,"00Z,12Z",D1,3h,S/D,S/D,S/D,S/D,0
472B55E0,PUENTE SALINAS AMOJAO,AMAZONAS,BAGUA,wrf5,temp,20260829,20260927,"00Z,12Z",D1,3h,S/D,S/D,S/D,S/D,0
472B55E0,PUENTE SALINAS AMOJAO,AMAZONAS,BAGUA,mpas15,temp,20260829,20260927,00Z,D1,3h,S/D,S/D,S/D,S/D,0
472C57D4,BAGUA,AMAZONAS,UTCUBAMBA,ecmwf,temp,20260829,20260927,"00Z,12Z",D1,3h,-3.262,3.294,3.653,0.894,480
472C57D4,BAGUA,AMAZONAS,UTCUBAMBA,gfs,temp,20260829,20260927,"00Z,12Z",D1,3h,-3.227,3.343,3.672,0.908,480
472C57D4,BAGUA,AMAZONAS,UTCUBAMBA,eta5,temp,20260829,20260927,"00Z,12Z",D1,3h,-0.723,1.643,2.08,0.875,398
472C57D4,BAGUA,AMAZONAS,UTCUBAMBA,wrf5,temp,20260829,20260927,"00Z,12Z",D1,3h,0.878,1.626,2.077,0.891,472
472C57D4,BAGUA,AMAZONAS,UTCUBAMBA,mpas15,temp,20260829,20260927,00Z,D1,3h,-4.457,4.484,4.759,0.905,240
472B607A,CORRAL QUEMADO,AMAZONAS,UTCUBAMBA,ecmwf,temp,20260829,20260927,"00Z,12Z",D1,3h,S/D,S/D,S/D,S/D,0
472B607A,CORRAL QUEMADO,AMAZONAS,UTCUBAMBA,gfs,temp,20260829,20260927,"00Z,12Z",D1,3h,S/D,S/D,S/D,S/D,0
472B607A,CORRAL QUEMADO,AMAZONAS,UTCUBAMBA,eta5,temp,20260829,20260927,"00Z,12Z",D1,3h,S/D,S/D,S/D,S/D,0
472B607A,CORRAL QUEMADO,AMAZONAS,UTCUBAMBA,wrf5,temp,20260829,20260927,"00Z,12Z",D1,3h,S/D,S/D,S/D,S/D,0
472B607A,CORRAL QUEMADO,AMAZONAS,UTCUBAMBA,mpas15,temp,20260829,20260927,00Z,D1,3h,S/D,S/D,S/D,S/D,0
472B2370,MAGUNCHAL,AMAZONAS,UTCUBAMBA,ecmwf,temp,20260829,20260927,"00Z,12Z",D1,3h,S/D,S/D,S/D,S/D,0
472B2370,MAGUNCHAL,AMAZONAS,UTCUBAMBA,gfs,temp,20260829,20260927,"00Z,12Z",D1,3h,S/D,S/D,S/D,S/D,0
472B2370,MAGUNCHAL,AMAZONAS,UTCUBAMBA,eta5,temp,20260829,20260927,"00Z,12Z",D1,3h,S/D,S/D,S/D,S/D,0
472B2370,MAGUNCHAL,AMAZONAS,UTCUBAMBA,wrf5,temp,20260829,20260927,"00Z,12Z",D1,3h,S/D,S/D,S/D,S/D,0
472B2370,MAGUNCHAL,AMAZONAS,UTCUBAMBA,mpas15,temp,20260829,20260927,00Z,D1,3h,S/D,S/D,S/D,S/D,0
220907,NARANJITO,AMAZONAS,UTCUBAMBA,ecmwf,temp,20260829,20260927,"00Z,12Z",D1,3h,S/D,S/D,S/D,S/D,0
220907,NARANJITO,AMAZONAS,UTCUBAMBA,gfs,temp,20260829,20260927,"00Z,12Z",D1,3h,S/D,S/D,S/D,S/D,0
220907,NARANJITO,AMAZONAS,UTCUBAMBA,eta5,temp,20260829,20260927,"00Z,12Z",D1,3h,S/D,S/D,S/D,S/D,0
220907,NARANJITO,AMAZONAS,UTCUBAMBA,wrf5,temp,20260829,20260927,"00Z,12Z",D1,3h,S/D,S/D,S/D,S/D,0
220907,NARANJITO,AMAZONAS,UTCUBAMBA,mpas15,temp,20260829,20260927,00Z,D1,3h,S/D,S/D,S/D,S/D,0
109096,BUENA VISTA,ANCASH,CASMA,ecmwf,temp,20260829,20260927,"00Z,12Z",D1,3h,0.216,1.095,1.44,0.914,474
109096,BUENA VISTA,ANCASH,CASMA,gfs,temp,20260829,20260927,"00Z,12Z",D1,3h,-1.885,2.02,2.579,0.874,474
109096,BUENA VISTA,ANCASH,CASMA,eta5,temp,20260829,20260927,"00Z,12Z",D1,3h,-1.438,2.049,2.38,0.884,392
109096,BUENA VISTA,ANCASH,CASMA,wrf5,temp,20260829,20260927,"00Z,12Z",D1,3h,-0.834,1.337,1.643,0.91,466
109096,BUENA VISTA,ANCASH,CASMA,mpas15,temp,20260829,20260927,00Z,D1,3h,-1.917,2.085,2.486,0.883,237
4725A10C,CHAVIN,ANCASH,HUARI,ecmwf,temp,20260829,20260927,"00Z,12Z",D1,3h,-8.989,8.989,9.31,0.896,474
4725A10C,CHAVIN,ANCASH,HUARI,gfs,temp,20260829,20260927,"00Z,12Z",D1,3h,-7.837,7.837,8.322,0.873,474
4725A10C,CHAVIN,ANCASH,HUARI,eta5,temp,20260829,20260927,"00Z,12Z",D1,3h,-5.099,5.17,5.64,0.857,394
4725A10C,CHAVIN,ANCASH,HUARI,wrf5,temp,20260829,20260927,"00Z,12Z",D1,3h,-2.158,2.595,3.174,0.891,466
4725A10C,CHAVIN,ANCASH,HUARI,mpas15,temp,20260829,20260927,00Z,D1,3h,-9.912,9.912,10.294,0.896,237
109091,SAUCEPAMPA,ANCASH,HUAYLAS,ecmwf,temp,20260829,20260927,"00Z,12Z",D1,3h,-4.624,4.653,5.249,0.892,476
109091,SAUCEPAMPA,ANCASH,HUAYLAS,gfs,temp,20260829,20260927,"00Z,12Z",D1,3h,-6.73,6.73,7.571,0.862,476
109091,SAUCEPAMPA,ANCASH,HUAYLAS,eta5,temp,20260829,20260927,"00Z,12Z",D1,3h,0.564,1.576,1.922,0.901,394
109091,SAUCEPAMPA,ANCASH,HUAYLAS,wrf5,temp,20260829,20260927,"00Z,12Z",D1,3h,-2.593,2.817,3.694,0.884,468
109091,SAUCEPAMPA,ANCASH,HUAYLAS,mpas15,temp,20260829,20260927,00Z,D1,3h,-9.631,9.631,10.111,0.872,238
472182DA,PUENTE CAHUA,ANCASH,OCROS,ecmwf,temp,20260829,20260927,"00Z,12Z",D1,3h,S/D,S/D,S/D,S/D,0
472182DA,PUENTE CAHUA,ANCASH,OCROS,gfs,temp,20260829,20260927,"00Z,12Z",D1,3h,S/D,S/D,S/D,S/D,0
472182DA,PUENTE CAHUA,ANCASH,OCROS,eta5,temp,20260829,20260927,"00Z,12Z",D1,3h,S/D,S/D,S/D,S/D,0
472182DA,PUENTE CAHUA,ANCASH,OCROS,wrf5,temp,20260829,20260927,"00Z,12Z",D1,3h,S/D,S/D,S/D,S/D,0
472182DA,PUENTE CAHUA,ANCASH,OCROS,mpas15,temp,20260829,20260927,00Z,D1,3h,S/D,S/D,S/D,S/D,0
47E89394,PACHACOTO,ANCASH,RECUAY,ecmwf,temp,20260829,20260927,"00Z,12Z",D1,3h,-0.035,2.565,3.173,0.903,480
47E89394,PACHACOTO,ANCASH,RECUAY,gfs,temp,20260829,20260927,"00Z,12Z",D1,3h,-0.577,3.983,4.711,0.856,480
47E89394,PACHACOTO,ANCASH,RECUAY,eta5,temp,20260829,20260927,"00Z,12Z",D1,3h,1.764,2.571,3.228,0.906,398
47E89394,PACHACOTO,ANCASH,RECUAY,wrf5,temp,20260829,20260927,"00Z,12Z",D1,3h,1.64,3.236,3.899,0.894,472
47E89394,PACHACOTO,ANCASH,RECUAY,mpas15,temp,20260829,20260927,00Z,D1,3h,-3.178,4.322,5.319,0.848,240
47259496,RECUAY,ANCASH,RECUAY,ecmwf,temp,20260829,20260927,"00Z,12Z",D1,3h,-3.07,3.396,4.143,0.939,474
47259496,RECUAY,ANCASH,RECUAY,gfs,temp,20260829,20260927,"00Z,12Z",D1,3h,-3.603,4.849,5.976,0.897,474
47259496,RECUAY,ANCASH,RECUAY,eta5,temp,20260829,20260927,"00Z,12Z",D1,3h,-1.242,2.544,3.069,0.911,393
47259496,RECUAY,ANCASH,RECUAY,wrf5,temp,20260829,20260927,"00Z,12Z",D1,3h,0.753,2.902,3.421,0.926,466
47259496,RECUAY,ANCASH,RECUAY,mpas15,temp,20260829,20260927,00Z,D1,3h,-7.139,7.149,8.228,0.906,237
110138,SHAQUEK,ANCASH,RECUAY,ecmwf,temp,20260829,20260927,"00Z,12Z",D1,3h,-6.332,6.332,6.615,0.812,476
110138,SHAQUEK,ANCASH,RECUAY,gfs,temp,20260829,20260927,"00Z,12Z",D1,3h,-3.637,3.642,3.883,0.843,476
110138,SHAQUEK,ANCASH,RECUAY,eta5,temp,20260829,20260927,"00Z,12Z",D1,3h,-4.57,4.57,4.84,0.812,394
110138,SHAQUEK,ANCASH,RECUAY,wrf5,temp,20260829,20260927,"00Z,12Z",D1,3h,-1.392,1.731,2.13,0.815,468
110138,SHAQUEK,ANCASH,RECUAY,mpas15,temp,20260829,20260927,00Z,D1,3h,-2.608,2.678,3.029,0.831,238
211601,SAN JACINTO,ANCASH,SANTA,ecmwf,temp,20260829,20260927,"00Z,12Z",D1,3h,S/D,S/D,S/D,S/D,0
211601,SAN JACINTO,ANCASH,SANTA,gfs,temp,20260829,20260927,"00Z,12Z",D1,3h,S/D,S/D,S/D,S/D,0
211601,SAN JACINTO,ANCASH,SANTA,eta5,temp,20260829,20260927,"00Z,12Z",D1,3h,S/D,S/D,S/D,S/D,0
211601,SAN JACINTO,ANCASH,SANTA,wrf5,temp,20260829,20260927,"00Z,12Z",D1,3h,S/D,S/D,S/D,S/D,0
211601,SAN JACINTO,ANCASH,SANTA,mpas15,temp,20260829,20260927,00Z,D1,3h,S/D,S/D,S/D,S/D,0
113253,CURAHUASI,APURIMAC,ABANCAY,ecmwf,temp,20260829,20260927,"00Z,12Z",D1,3h,-4.849,4.862,5.284,0.904,478
113253,CURAHUASI,APURIMAC,ABANCAY,gfs,temp,20260829,20260927,"00Z,12Z",D1,3h,-5.564,5.564,6.171,0.877,478
113253,CURAHUASI,APURIMAC,ABANCAY,eta5,temp,20260829,20260927,"00Z,12Z",D1,3h,-2.879,3.01,3.469,0.896,397
113253,CURAHUASI,APURIMAC,ABANCAY,wrf5,temp,20260829,20260927,"00Z,12Z",D1,3h,-1.456,2.057,2.674,0.917,470
113253,CURAHUASI,APURIMAC,ABANCAY,mpas15,temp,20260829,20260927,00Z,D1,3h,-7.013,7.013,7.359,0.902,239
47263360,GRANJA SAN ANTONIO,APURIMAC,ABANCAY,ecmwf,temp,20260829,20260927,"00Z,12Z",D1,3h,-3.288,3.43,3.84,0.865,474
47263360,GRANJA SAN ANTONIO,APURIMAC,ABANCAY,gfs,temp,20260829,20260927,"00Z,12Z",D1,3h,-3.991,3.998,4.353,0.887,474
47263360,GRANJA SAN ANTONIO,APURIMAC,ABANCAY,eta5,temp,20260829,20260927,"00Z,12Z",D1,3h,-4.003,4.152,4.662,0.824,394
47263360,GRANJA SAN ANTONIO,APURIMAC,ABANCAY,wrf5,temp,20260829,20260927,"00Z,12Z",D1,3h,-3.457,3.494,3.832,0.883,466
47263360,GRANJA SAN ANTONIO,APURIMAC,ABANCAY,mpas15,temp,20260829,20260927,00Z,D1,3h,-4.754,4.759,5.07,0.906,237
472B16EA,HUACULLO,APURIMAC,ANTABAMBA,ecmwf,temp,20260829,20260927,"00Z,12Z",D1,3h,-0.751,2.796,3.388,0.822,478
472B16EA,HUACULLO,APURIMAC,ANTABAMBA,gfs,temp,20260829,20260927,"00Z,12Z",D1,3h,1.088,2.905,3.718,0.811,478
472B16EA,HUACULLO,APURIMAC,ANTABAMBA,eta5,temp,20260829,20260927,"00Z,12Z",D1,3h,3.24,3.633,4.688,0.788,396
472B16EA,HUACULLO,APURIMAC,ANTABAMBA,wrf5,temp,20260829,20260927,"00Z,12Z",D1,3h,2.096,3.27,4.212,0.782,470
472B16EA,HUACULLO,APURIMAC,ANTABAMBA,mpas15,temp,20260829,20260927,00Z,D1,3h,-0.601,2.536,3.103,0.853,239
113246,TANCAYLLO,APURIMAC,CHINCHEROS,ecmwf,temp,20260829,20260927,"00Z,12Z",D1,3h,1.684,2.631,3.452,0.817,478
113246,TANCAYLLO,APURIMAC,CHINCHEROS,gfs,temp,20260829,20260927,"00Z,12Z",D1,3h,0.226,1.915,2.408,0.84,478
113246,TANCAYLLO,APURIMAC,CHINCHEROS,eta5,temp,20260829,20260927,"00Z,12Z",D1,3h,-0.13,2.137,2.552,0.814,396
113246,TANCAYLLO,APURIMAC,CHINCHEROS,wrf5,temp,20260829,20260927,"00Z,12Z",D1,3h,0.693,2.219,2.751,0.822,470
113246,TANCAYLLO,APURIMAC,CHINCHEROS,mpas15,temp,20260829,20260927,00Z,D1,3h,-2.274,2.858,3.721,0.771,239
472A1410,CASACCANCHA,APURIMAC,COTABAMBAS,ecmwf,temp,20260829,20260927,"00Z,12Z",D1,3h,-1.253,2.255,2.845,0.841,478
472A1410,CASACCANCHA,APURIMAC,COTABAMBAS,gfs,temp,20260829,20260927,"00Z,12Z",D1,3h,0.415,1.674,2.089,0.898,478
472A1410,CASACCANCHA,APURIMAC,COTABAMBAS,eta5,temp,20260829,20260927,"00Z,12Z",D1,3h,2.988,3.286,3.985,0.851,396
472A1410,CASACCANCHA,APURIMAC,COTABAMBAS,wrf5,temp,20260829,20260927,"00Z,12Z",D1,3h,1.336,2.084,2.618,0.88,471
472A1410,CASACCANCHA,APURIMAC,COTABAMBAS,mpas15,temp,20260829,20260927,00Z,D1,3h,-0.773,1.754,2.239,0.906,239
116085,AREQUIPA UV,AREQUIPA,AREQUIPA,ecmwf,temp,20260829,20260927,"00Z,12Z",D1,3h,-1.007,1.316,1.522,0.928,368
116085,AREQUIPA UV,AREQUIPA,AREQUIPA,gfs,temp,20260829,20260927,"00Z,12Z",D1,3h,-2.126,2.499,2.825,0.848,368
116085,AREQUIPA UV,AREQUIPA,AREQUIPA,eta5,temp,20260829,20260927,"00Z,12Z",D1,3h,0.155,1.055,1.282,0.926,297
116085,AREQUIPA UV,AREQUIPA,AREQUIPA,wrf5,temp,20260829,20260927,"00Z,12Z",D1,3h,1.336,2.048,2.454,0.867,362
116085,AREQUIPA UV,AREQUIPA,AREQUIPA,mpas15,temp,20260829,20260927,00Z,D1,3h,-6.927,6.964,7.446,0.774,184
47E26242,BOYADERO,AREQUIPA,AREQUIPA,ecmwf,temp,20260829,20260927,"00Z,12Z",D1,3h,S/D,S/D,S/D,S/D,0
47E26242,BOYADERO,AREQUIPA,AREQUIPA,gfs,temp,20260829,20260927,"00Z,12Z",D1,3h,S/D,S/D,S/D,S/D,0
47E26242,BOYADERO,AREQUIPA,AREQUIPA,eta5,temp,20260829,20260927,"00Z,12Z",D1,3h,S/D,S/D,S/D,S/D,0
47E26242,BOYADERO,AREQUIPA,AREQUIPA,wrf5,temp,20260829,20260927,"00Z,12Z",D1,3h,S/D,S/D,S/D,S/D,0
47E26242,BOYADERO,AREQUIPA,AREQUIPA,mpas15,temp,20260829,20260927,00Z,D1,3h,S/D,S/D,S/D,S/D,0
116083,CAYMA,AREQUIPA,AREQUIPA,ecmwf,temp,20260829,20260927,"00Z,12Z",D1,3h,S/D,S/D,S/D,S/D,0
116083,CAYMA,AREQUIPA,AREQUIPA,gfs,temp,20260829,20260927,"00Z,12Z",D1,3h,S/D,S/D,S/D,S/D,0
116083,CAYMA,AREQUIPA,AREQUIPA,eta5,temp,20260829,20260927,"00Z,12Z",D1,3h,S/D,S/D,S/D,S/D,0
116083,CAYMA,AREQUIPA,AREQUIPA,wrf5,temp,20260829,20260927,"00Z,12Z",D1,3h,S/D,S/D,S/D,S/D,0
116083,CAYMA,AREQUIPA,AREQUIPA,mpas15,temp,20260829,20260927,00Z,D1,3h,S/D,S/D,S/D,S/D,0
472147C4,CHARCANI,AREQUIPA,AREQUIPA,ecmwf,temp,20260829,20260927,"00Z,12Z",D1,3h,S/D,S/D,S/D,S/D,0
472147C4,CHARCANI,AREQUIPA,AREQUIPA,gfs,temp,20260829,20260927,"00Z,12Z",D1,3h,S/D,S/D,S/D,S/D,0
472147C4,CHARCANI,AREQUIPA,AREQUIPA,eta5,temp,20260829,20260927,"00Z,12Z",D1,3h,S/D,S/D,S/D,S/D,0
472147C4,CHARCANI,AREQUIPA,AREQUIPA,wrf5,temp,20260829,20260927,"00Z,12Z",D1,3h,S/D,S/D,S/D,S/D,0
472147C4,CHARCANI,AREQUIPA,AREQUIPA,mpas15,temp,20260829,20260927,00Z,D1,3h,S/D,S/D,S/D,S/D,0
116077,CHIGUATA,AREQUIPA,AREQUIPA,ecmwf,temp,20260829,20260927,"00Z,12Z",D1,3h,S/D,S/D,S/D,S/D,0
116077,CHIGUATA,AREQUIPA,AREQUIPA,gfs,temp,20260829,20260927,"00Z,12Z",D1,3h,S/D,S/D,S/D,S/D,0
116077,CHIGUATA,AREQUIPA,AREQUIPA,eta5,temp,20260829,20260927,"00Z,12Z",D1,3h,S/D,S/D,S/D,S/D,0
116077,CHIGUATA,AREQUIPA,AREQUIPA,wrf5,temp,20260829,20260927,"00Z,12Z",D1,3h,S/D,S/D,S/D,S/D,0
116077,CHIGUATA,AREQUIPA,AREQUIPA,mpas15,temp,20260829,20260927,00Z,D1,3h,S/D,S/D,S/D,S/D,0
116065,LA PAMPILLA,AREQUIPA,AREQUIPA,ecmwf,temp,20260829,20260927,"00Z,12Z",D1,3h,-0.823,1.514,1.819,0.907,480
116065,LA PAMPILLA,AREQUIPA,AREQUIPA,gfs,temp,20260829,20260927,"00Z,12Z",D1,3h,-2.069,2.835,3.212,0.834,480
116065,LA PAMPILLA,AREQUIPA,AREQUIPA,eta5,temp,20260829,20260927,"00Z,12Z",D1,3h,0.429,1.257,1.647,0.91,398
116065,LA PAMPILLA,AREQUIPA,AREQUIPA,wrf5,temp,20260829,20260927,"00Z,12Z",D1,3h,1.381,2.403,2.983,0.855,472
116065,LA PAMPILLA,AREQUIPA,AREQUIPA,mpas15,temp,20260829,20260927,00Z,D1,3h,-6.814,7.053,7.559,0.76,240
47E360B8,PATAHUASI,AREQUIPA,AREQUIPA,ecmwf,temp,20260829,20260927,"00Z,12Z",D1,3h,1.607,4.27,5.292,0.895,478
47E360B8,PATAHUASI,AREQUIPA,AREQUIPA,gfs,temp,20260829,20260927,"00Z,12Z",D1,3h,3.156,5.627,7.111,0.814,478
47E360B8,PATAHUASI,AREQUIPA,AREQUIPA,eta5,temp,20260829,20260927,"00Z,12Z",D1,3h,6.722,6.735,7.808,0.912,397
47E360B8,PATAHUASI,AREQUIPA,AREQUIPA,wrf5,temp,20260829,20260927,"00Z,12Z",D1,3h,4.424,4.961,6.646,0.921,470
47E360B8,PATAHUASI,AREQUIPA,AREQUIPA,mpas15,temp,20260829,20260927,00Z,D1,3h,-0.263,4.111,4.666,0.898,239
4722E032,PUENTE DEL DIABLO,AREQUIPA,AREQUIPA,ecmwf,temp,20260829,20260927,"00Z,12Z",D1,3h,S/D,S/D,S/D,S/D,0
4722E032,PUENTE DEL DIABLO,AREQUIPA,AREQUIPA,gfs,temp,20260829,20260927,"00Z,12Z",D1,3h,S/D,S/D,S/D,S/D,0
4722E032,PUENTE DEL DIABLO,AREQUIPA,AREQUIPA,eta5,temp,20260829,20260927,"00Z,12Z",D1,3h,S/D,S/D,S/D,S/D,0
4722E032,PUENTE DEL DIABLO,AREQUIPA,AREQUIPA,wrf5,temp,20260829,20260927,"00Z,12Z",D1,3h,S/D,S/D,S/D,S/D,0
4722E032,PUENTE DEL DIABLO,AREQUIPA,AREQUIPA,mpas15,temp,20260829,20260927,00Z,D1,3h,S/D,S/D,S/D,S/D,0
116082,SAN FRANCISCO,AREQUIPA,AREQUIPA,ecmwf,temp,20260829,20260927,"00Z,12Z",D1,3h,S/D,S/D,S/D,S/D,0
116082,SAN FRANCISCO,AREQUIPA,AREQUIPA,gfs,temp,20260829,20260927,"00Z,12Z",D1,3h,S/D,S/D,S/D,S/D,0
116082,SAN FRANCISCO,AREQUIPA,AREQUIPA,eta5,temp,20260829,20260927,"00Z,12Z",D1,3h,S/D,S/D,S/D,S/D,0
116082,SAN FRANCISCO,AREQUIPA,AREQUIPA,wrf5,temp,20260829,20260927,"00Z,12Z",D1,3h,S/D,S/D,S/D,S/D,0
116082,SAN FRANCISCO,AREQUIPA,AREQUIPA,mpas15,temp,20260829,20260927,00Z,D1,3h,S/D,S/D,S/D,S/D,0
47E3B6D0,SAN JOSE DE UZUNA,AREQUIPA,AREQUIPA,ecmwf,temp,20260829,20260927,"00Z,12Z",D1,3h,-4.293,4.541,5.435,0.861,478
47E3B6D0,SAN JOSE DE UZUNA,AREQUIPA,AREQUIPA,gfs,temp,20260829,20260927,"00Z,12Z",D1,3h,-1.948,3.602,4.266,0.842,478
47E3B6D0,SAN JOSE DE UZUNA,AREQUIPA,AREQUIPA,eta5,temp,20260829,20260927,"00Z,12Z",D1,3h,1.914,2.335,3.004,0.904,397
47E3B6D0,SAN JOSE DE UZUNA,AREQUIPA,AREQUIPA,wrf5,temp,20260829,20260927,"00Z,12Z",D1,3h,2.109,2.987,3.837,0.835,470
47E3B6D0,SAN JOSE DE UZUNA,AREQUIPA,AREQUIPA,mpas15,temp,20260829,20260927,00Z,D1,3h,1.462,2.97,3.866,0.842,239
47E27134,SOCOSANI,AREQUIPA,AREQUIPA,ecmwf,temp,20260829,20260927,"00Z,12Z",D1,3h,S/D,S/D,S/D,S/D,0
47E27134,SOCOSANI,AREQUIPA,AREQUIPA,gfs,temp,20260829,20260927,"00Z,12Z",D1,3h,S/D,S/D,S/D,S/D,0
47E27134,SOCOSANI,AREQUIPA,AREQUIPA,eta5,temp,20260829,20260927,"00Z,12Z",D1,3h,S/D,S/D,S/D,S/D,0
47E27134,SOCOSANI,AREQUIPA,AREQUIPA,wrf5,temp,20260829,20260927,"00Z,12Z",D1,3h,S/D,S/D,S/D,S/D,0
47E27134,SOCOSANI,AREQUIPA,AREQUIPA,mpas15,temp,20260829,20260927,00Z,D1,3h,S/D,S/D,S/D,S/D,0
472EE1AE,TINGO GRANDE,AREQUIPA,AREQUIPA,ecmwf,temp,20260829,20260927,"00Z,12Z",D1,3h,S/D,S/D,S/D,S/D,0
472EE1AE,TINGO GRANDE,AREQUIPA,AREQUIPA,gfs,temp,20260829,20260927,"00Z,12Z",D1,3h,S/D,S/D,S/D,S/D,0
472EE1AE,TINGO GRANDE,AREQUIPA,AREQUIPA,eta5,temp,20260829,20260927,"00Z,12Z",D1,3h,S/D,S/D,S/D,S/D,0
472EE1AE,TINGO GRANDE,AREQUIPA,AREQUIPA,wrf5,temp,20260829,20260927,"00Z,12Z",D1,3h,S/D,S/D,S/D,S/D,0
472EE1AE,TINGO GRANDE,AREQUIPA,AREQUIPA,mpas15,temp,20260829,20260927,00Z,D1,3h,S/D,S/D,S/D,S/D,0
116078,TUCTUMPAYA,AREQUIPA,AREQUIPA,ecmwf,temp,20260829,20260927,"00Z,12Z",D1,3h,-4.791,4.84,5.394,0.853,480
116078,TUCTUMPAYA,AREQUIPA,AREQUIPA,gfs,temp,20260829,20260927,"00Z,12Z",D1,3h,-2.434,2.999,3.733,0.844,480
116078,TUCTUMPAYA,AREQUIPA,AREQUIPA,eta5,temp,20260829,20260927,"00Z,12Z",D1,3h,1.009,1.418,1.844,0.9,398
116078,TUCTUMPAYA,AREQUIPA,AREQUIPA,wrf5,temp,20260829,20260927,"00Z,12Z",D1,3h,0.412,2.528,2.932,0.833,472
116078,TUCTUMPAYA,AREQUIPA,AREQUIPA,mpas15,temp,20260829,20260927,00Z,D1,3h,-2.165,3.0,3.32,0.885,240
116081,YURA,AREQUIPA,AREQUIPA,ecmwf,temp,20260829,20260927,"00Z,12Z",D1,3h,-8.251,8.251,8.435,0.845,324
116081,YURA,AREQUIPA,AREQUIPA,gfs,temp,20260829,20260927,"00Z,12Z",D1,3h,-6.127,6.127,6.41,0.834,324
116081,YURA,AREQUIPA,AREQUIPA,eta5,temp,20260829,20260927,"00Z,12Z",D1,3h,-0.87,1.23,1.532,0.894,280
116081,YURA,AREQUIPA,AREQUIPA,wrf5,temp,20260829,20260927,"00Z,12Z",D1,3h,-0.583,1.908,2.33,0.874,316
116081,YURA,AREQUIPA,AREQUIPA,mpas15,temp,20260829,20260927,00Z,D1,3h,-2.889,3.555,3.687,0.832,162
116084,CAMANA,AREQUIPA,CAMANA,ecmwf,temp,20260829,20260927,"00Z,12Z",D1,3h,-0.416,1.56,1.991,0.155,348
116084,CAMANA,AREQUIPA,CAMANA,gfs,temp,20260829,20260927,"00Z,12Z",D1,3h,-1.472,1.807,2.36,0.379,348
116084,CAMANA,AREQUIPA,CAMANA,eta5,temp,20260829,20260927,"00Z,12Z",D1,3h,-2.033,2.141,2.485,0.702,287
116084,CAMANA,AREQUIPA,CAMANA,wrf5,temp,20260829,20260927,"00Z,12Z",D1,3h,-0.134,1.07,1.293,0.733,344
116084,CAMANA,AREQUIPA,CAMANA,mpas15,temp,20260829,20260927,00Z,D1,3h,-1.924,2.088,2.556,0.51,174
472D23BE,OCOÑA,AREQUIPA,CAMANA,ecmwf,temp,20260829,20260927,"00Z,12Z",D1,3h,-1.393,1.49,1.766,0.659,478
472D23BE,OCOÑA,AREQUIPA,CAMANA,gfs,temp,20260829,20260927,"00Z,12Z",D1,3h,-2.086,2.107,2.352,0.671,478
472D23BE,OCOÑA,AREQUIPA,CAMANA,eta5,temp,20260829,20260927,"00Z,12Z",D1,3h,-1.466,1.92,2.282,0.622,397
472D23BE,OCOÑA,AREQUIPA,CAMANA,wrf5,temp,20260829,20260927,"00Z,12Z",D1,3h,-0.621,1.262,1.542,0.618,470
472D23BE,OCOÑA,AREQUIPA,CAMANA,mpas15,temp,20260829,20260927,00Z,D1,3h,-1.251,1.386,1.751,0.545,239
214400,HUATIAPA,AREQUIPA,CASTILLA,ecmwf,temp,20260829,20260927,"00Z,12Z",D1,3h,S/D,S/D,S/D,S/D,0
214400,HUATIAPA,AREQUIPA,CASTILLA,gfs,temp,20260829,20260927,"00Z,12Z",D1,3h,S/D,S/D,S/D,S/D,0
214400,HUATIAPA,AREQUIPA,CASTILLA,eta5,temp,20260829,20260927,"00Z,12Z",D1,3h,S/D,S/D,S/D,S/D,0
214400,HUATIAPA,AREQUIPA,CASTILLA,wrf5,temp,20260829,20260927,"00Z,12Z",D1,3h,S/D,S/D,S/D,S/D,0
214400,HUATIAPA,AREQUIPA,CASTILLA,mpas15,temp,20260829,20260927,00Z,D1,3h,S/D,S/D,S/D,S/D,0
4723D752,CHIVAY,AREQUIPA,CAYLLOMA,ecmwf,temp,20260829,20260927,"00Z,12Z",D1,3h,-7.874,7.89,8.599,0.804,480
4723D752,CHIVAY,AREQUIPA,CAYLLOMA,gfs,temp,20260829,20260927,"00Z,12Z",D1,3h,-5.273,5.39,6.46,0.828,480
4723D752,CHIVAY,AREQUIPA,CAYLLOMA,eta5,temp,20260829,20260927,"00Z,12Z",D1,3h,-2.465,2.814,3.368,0.893,398
4723D752,CHIVAY,AREQUIPA,CAYLLOMA,wrf5,temp,20260829,20260927,"00Z,12Z",D1,3h,0.016,2.427,2.882,0.874,472
4723D752,CHIVAY,AREQUIPA,CAYLLOMA,mpas15,temp,20260829,20260927,00Z,D1,3h,-8.022,8.022,8.489,0.902,240
47E8A60E,COTACOTA,AREQUIPA,CAYLLOMA,ecmwf,temp,20260829,20260927,"00Z,12Z",D1,3h,-1.404,2.465,3.029,0.91,478
47E8A60E,COTACOTA,AREQUIPA,CAYLLOMA,gfs,temp,20260829,20260927,"00Z,12Z",D1,3h,1.067,3.129,3.981,0.842,478
47E8A60E,COTACOTA,AREQUIPA,CAYLLOMA,eta5,temp,20260829,20260927,"00Z,12Z",D1,3h,2.902,3.384,4.293,0.857,396
47E8A60E,COTACOTA,AREQUIPA,CAYLLOMA,wrf5,temp,20260829,20260927,"00Z,12Z",D1,3h,0.967,2.923,3.762,0.844,470
47E8A60E,COTACOTA,AREQUIPA,CAYLLOMA,mpas15,temp,20260829,20260927,00Z,D1,3h,-2.154,3.363,3.892,0.862,239
47E3A5A6,HUANCA,AREQUIPA,CAYLLOMA,ecmwf,temp,20260829,20260927,"00Z,12Z",D1,3h,-1.826,2.176,2.443,0.873,478
47E3A5A6,HUANCA,AREQUIPA,CAYLLOMA,gfs,temp,20260829,20260927,"00Z,12Z",D1,3h,-1.948,2.435,2.798,0.851,478
47E3A5A6,HUANCA,AREQUIPA,CAYLLOMA,eta5,temp,20260829,20260927,"00Z,12Z",D1,3h,1.103,1.414,1.792,0.892,397
47E3A5A6,HUANCA,AREQUIPA,CAYLLOMA,wrf5,temp,20260829,20260927,"00Z,12Z",D1,3h,0.169,1.603,2.05,0.823,470
47E3A5A6,HUANCA,AREQUIPA,CAYLLOMA,mpas15,temp,20260829,20260927,00Z,D1,3h,-2.021,2.702,3.001,0.859,239
47E3834A,IMATA,AREQUIPA,CAYLLOMA,ecmwf,temp,20260829,20260927,"00Z,12Z",D1,3h,0.882,2.057,2.929,0.896,476
47E3834A,IMATA,AREQUIPA,CAYLLOMA,gfs,temp,20260829,20260927,"00Z,12Z",D1,3h,2.691,3.244,4.417,0.892,476
47E3834A,IMATA,AREQUIPA,CAYLLOMA,eta5,temp,20260829,20260927,"00Z,12Z",D1,3h,5.053,5.061,5.936,0.858,396
47E3834A,IMATA,AREQUIPA,CAYLLOMA,wrf5,temp,20260829,20260927,"00Z,12Z",D1,3h,2.693,3.171,4.203,0.917,468
47E3834A,IMATA,AREQUIPA,CAYLLOMA,mpas15,temp,20260829,20260927,00Z,D1,3h,-0.126,2.225,2.841,0.9,238
4729E39A,PAMPA DE MAJES,AREQUIPA,CAYLLOMA,ecmwf,temp,20260829,20260927,"00Z,12Z",D1,3h,1.099,1.879,2.302,0.929,478
4729E39A,PAMPA DE MAJES,AREQUIPA,CAYLLOMA,gfs,temp,20260829,20260927,"00Z,12Z",D1,3h,1.267,2.09,2.524,0.924,478
4729E39A,PAMPA DE MAJES,AREQUIPA,CAYLLOMA,eta5,temp,20260829,20260927,"00Z,12Z",D1,3h,3.389,3.426,3.8,0.939,397
4729E39A,PAMPA DE MAJES,AREQUIPA,CAYLLOMA,wrf5,temp,20260829,20260927,"00Z,12Z",D1,3h,1.596,2.731,3.324,0.844,470
4729E39A,PAMPA DE MAJES,AREQUIPA,CAYLLOMA,mpas15,temp,20260829,20260927,00Z,D1,3h,-1.268,2.404,2.969,0.861,239
47E373CE,PILLONES,AREQUIPA,CAYLLOMA,ecmwf,temp,20260829,20260927,"00Z,12Z",D1,3h,2.558,2.768,3.666,0.945,470
47E373CE,PILLONES,AREQUIPA,CAYLLOMA,gfs,temp,20260829,20260927,"00Z,12Z",D1,3h,3.623,3.863,5.314,0.88,470
47E373CE,PILLONES,AREQUIPA,CAYLLOMA,eta5,temp,20260829,20260927,"00Z,12Z",D1,3h,4.42,4.485,5.353,0.887,390
47E373CE,PILLONES,AREQUIPA,CAYLLOMA,wrf5,temp,20260829,20260927,"00Z,12Z",D1,3h,2.765,3.369,4.803,0.853,462
47E373CE,PILLONES,AREQUIPA,CAYLLOMA,mpas15,temp,20260829,20260927,00Z,D1,3h,-0.525,2.218,2.636,0.931,235
47265686,SIBAYO,AREQUIPA,CAYLLOMA,ecmwf,temp,20260829,20260927,"00Z,12Z",D1,3h,S/D,S/D,S/D,S/D,0
47265686,SIBAYO,AREQUIPA,CAYLLOMA,gfs,temp,20260829,20260927,"00Z,12Z",D1,3h,S/D,S/D,S/D,S/D,0
47265686,SIBAYO,AREQUIPA,CAYLLOMA,eta5,temp,20260829,20260927,"00Z,12Z",D1,3h,S/D,S/D,S/D,S/D,0
47265686,SIBAYO,AREQUIPA,CAYLLOMA,wrf5,temp,20260829,20260927,"00Z,12Z",D1,3h,S/D,S/D,S/D,S/D,0
47265686,SIBAYO,AREQUIPA,CAYLLOMA,mpas15,temp,20260829,20260927,00Z,D1,3h,S/D,S/D,S/D,S/D,0
472ED434,SUMBAY,AREQUIPA,CAYLLOMA,ecmwf,temp,20260829,20260927,"00Z,12Z",D1,3h,S/D,S/D,S/D,S/D,0
472ED434,SUMBAY,AREQUIPA,CAYLLOMA,gfs,temp,20260829,20260927,"00Z,12Z",D1,3h,S/D,S/D,S/D,S/D,0
472ED434,SUMBAY,AREQUIPA,CAYLLOMA,eta5,temp,20260829,20260927,"00Z,12Z",D1,3h,S/D,S/D,S/D,S/D,0
472ED434,SUMBAY,AREQUIPA,CAYLLOMA,wrf5,temp,20260829,20260927,"00Z,12Z",D1,3h,S/D,S/D,S/D,S/D,0
472ED434,SUMBAY,AREQUIPA,CAYLLOMA,mpas15,temp,20260829,20260927,00Z,D1,3h,S/D,S/D,S/D,S/D,0
115150,COROPUNA,AREQUIPA,CONDESUYOS,ecmwf,temp,20260829,20260927,"00Z,12Z",D1,3h,5.956,5.956,6.352,0.858,468
115150,COROPUNA,AREQUIPA,CONDESUYOS,gfs,temp,20260829,20260927,"00Z,12Z",D1,3h,8.984,8.984,9.12,0.827,468
115150,COROPUNA,AREQUIPA,CONDESUYOS,eta5,temp,20260829,20260927,"00Z,12Z",D1,3h,3.22,3.22,3.393,0.896,388
115150,COROPUNA,AREQUIPA,CONDESUYOS,wrf5,temp,20260829,20260927,"00Z,12Z",D1,3h,2.173,2.195,2.474,0.887,460
115150,COROPUNA,AREQUIPA,CONDESUYOS,mpas15,temp,20260829,20260927,00Z,D1,3h,7.696,7.696,8.056,0.762,234
114119,VISCA VISCA,AREQUIPA,CONDESUYOS,ecmwf,temp,20260829,20260927,"00Z,12Z",D1,3h,-3.289,3.736,4.47,0.8,478
114119,VISCA VISCA,AREQUIPA,CONDESUYOS,gfs,temp,20260829,20260927,"00Z,12Z",D1,3h,-1.166,2.158,2.723,0.879,478
114119,VISCA VISCA,AREQUIPA,CONDESUYOS,eta5,temp,20260829,20260927,"00Z,12Z",D1,3h,1.505,2.306,2.957,0.858,396
114119,VISCA VISCA,AREQUIPA,CONDESUYOS,wrf5,temp,20260829,20260927,"00Z,12Z",D1,3h,-0.994,2.335,2.926,0.837,470
114119,VISCA VISCA,AREQUIPA,CONDESUYOS,mpas15,temp,20260829,20260927,00Z,D1,3h,-3.61,3.854,4.365,0.854,239
47280292,COTAHUASI,AREQUIPA,LA UNION,ecmwf,temp,20260829,20260927,"00Z,12Z",D1,3h,-5.495,5.496,5.778,0.893,442
47280292,COTAHUASI,AREQUIPA,LA UNION,gfs,temp,20260829,20260927,"00Z,12Z",D1,3h,-6.072,6.072,6.407,0.857,442
47280292,COTAHUASI,AREQUIPA,LA UNION,eta5,temp,20260829,20260927,"00Z,12Z",D1,3h,-0.393,2.369,2.886,0.882,364
47280292,COTAHUASI,AREQUIPA,LA UNION,wrf5,temp,20260829,20260927,"00Z,12Z",D1,3h,-1.74,2.153,2.662,0.82,434
47280292,COTAHUASI,AREQUIPA,LA UNION,mpas15,temp,20260829,20260927,00Z,D1,3h,-11.366,11.366,11.5,0.888,221
115151,CUYAU,AREQUIPA,LA UNION,ecmwf,temp,20260829,20260927,"00Z,12Z",D1,3h,S/D,S/D,S/D,S/D,0
115151,CUYAU,AREQUIPA,LA UNION,gfs,temp,20260829,20260927,"00Z,12Z",D1,3h,S/D,S/D,S/D,S/D,0
115151,CUYAU,AREQUIPA,LA UNION,eta5,temp,20260829,20260927,"00Z,12Z",D1,3h,S/D,S/D,S/D,S/D,0
115151,CUYAU,AREQUIPA,LA UNION,wrf5,temp,20260829,20260927,"00Z,12Z",D1,3h,S/D,S/D,S/D,S/D,0
115151,CUYAU,AREQUIPA,LA UNION,mpas15,temp,20260829,20260927,00Z,D1,3h,S/D,S/D,S/D,S/D,0
4729D600,PAMPA CANGALLO,AYACUCHO,CANGALLO,ecmwf,temp,20260829,20260927,"00Z,12Z",D1,3h,-2.997,3.178,3.828,0.894,480
4729D600,PAMPA CANGALLO,AYACUCHO,CANGALLO,gfs,temp,20260829,20260927,"00Z,12Z",D1,3h,-2.482,3.178,3.939,0.854,480
4729D600,PAMPA CANGALLO,AYACUCHO,CANGALLO,eta5,temp,20260829,20260927,"00Z,12Z",D1,3h,-0.977,2.072,2.667,0.87,398
4729D600,PAMPA CANGALLO,AYACUCHO,CANGALLO,wrf5,temp,20260829,20260927,"00Z,12Z",D1,3h,0.668,2.353,2.993,0.845,472
4729D600,PAMPA CANGALLO,AYACUCHO,CANGALLO,mpas15,temp,20260829,20260927,00Z,D1,3h,-4.059,4.17,4.807,0.894,240
113248,SANTA CRUZ DE HOSPICIO,AYACUCHO,CANGALLO,ecmwf,temp,20260829,20260927,"00Z,12Z",D1,3h,-0.898,1.623,1.967,0.928,478
113248,SANTA CRUZ DE HOSPICIO,AYACUCHO,CANGALLO,gfs,temp,20260829,20260927,"00Z,12Z",D1,3h,-0.746,2.275,2.754,0.865,478
113248,SANTA CRUZ DE HOSPICIO,AYACUCHO,CANGALLO,eta5,temp,20260829,20260927,"00Z,12Z",D1,3h,0.477,1.55,2.096,0.886,396
113248,SANTA CRUZ DE HOSPICIO,AYACUCHO,CANGALLO,wrf5,temp,20260829,20260927,"00Z,12Z",D1,3h,-0.64,2.005,2.54,0.858,470
113248,SANTA CRUZ DE HOSPICIO,AYACUCHO,CANGALLO,mpas15,temp,20260829,20260927,00Z,D1,3h,-3.76,3.987,4.415,0.891,239
250900,PUENTE PAMPAS GORE APU,AYACUCHO,HUAMANGA,ecmwf,temp,20260829,20260927,"00Z,12Z",D1,3h,S/D,S/D,S/D,S/D,0
250900,PUENTE PAMPAS GORE APU,AYACUCHO,HUAMANGA,gfs,temp,20260829,20260927,"00Z,12Z",D1,3h,S/D,S/D,S/D,S/D,0
250900,PUENTE PAMPAS GORE APU,AYACUCHO,HUAMANGA,eta5,temp,20260829,20260927,"00Z,12Z",D1,3h,S/D,S/D,S/D,S/D,0
250900,PUENTE PAMPAS GORE APU,AYACUCHO,HUAMANGA,wrf5,temp,20260829,20260927,"00Z,12Z",D1,3h,S/D,S/D,S/D,S/D,0
250900,PUENTE PAMPAS GORE APU,AYACUCHO,HUAMANGA,mpas15,temp,20260829,20260927,00Z,D1,3h,S/D,S/D,S/D,S/D,0
114122,CCONTACC,AYACUCHO,LUCANAS,ecmwf,temp,20260829,20260927,"00Z,12Z",D1,3h,-2.696,2.826,3.252,0.91,478
114122,CCONTACC,AYACUCHO,LUCANAS,gfs,temp,20260829,20260927,"00Z,12Z",D1,3h,-2.444,2.7,3.286,0.864,478
114122,CCONTACC,AYACUCHO,LUCANAS,eta5,temp,20260829,20260927,"00Z,12Z",D1,3h,-1.47,1.849,2.368,0.893,396
114122,CCONTACC,AYACUCHO,LUCANAS,wrf5,temp,20260829,20260927,"00Z,12Z",D1,3h,-0.785,1.938,2.304,0.852,470
114122,CCONTACC,AYACUCHO,LUCANAS,mpas15,temp,20260829,20260927,00Z,D1,3h,-3.189,3.232,3.516,0.918,239
47290068,HUAC-HUAS,AYACUCHO,LUCANAS,ecmwf,temp,20260829,20260927,"00Z,12Z",D1,3h,4.924,4.924,5.086,0.833,472
47290068,HUAC-HUAS,AYACUCHO,LUCANAS,gfs,temp,20260829,20260927,"00Z,12Z",D1,3h,4.017,4.018,4.307,0.795,472
47290068,HUAC-HUAS,AYACUCHO,LUCANAS,eta5,temp,20260829,20260927,"00Z,12Z",D1,3h,-0.245,1.548,1.894,0.793,391
47290068,HUAC-HUAS,AYACUCHO,LUCANAS,wrf5,temp,20260829,20260927,"00Z,12Z",D1,3h,-1.13,1.486,1.849,0.822,464
47290068,HUAC-HUAS,AYACUCHO,LUCANAS,mpas15,temp,20260829,20260927,00Z,D1,3h,-1.634,1.854,2.224,0.804,236
114127,PAMPA GALERAS,AYACUCHO,LUCANAS,ecmwf,temp,20260829,20260927,"00Z,12Z",D1,3h,2.772,3.561,4.734,0.871,478
114127,PAMPA GALERAS,AYACUCHO,LUCANAS,gfs,temp,20260829,20260927,"00Z,12Z",D1,3h,4.944,5.167,6.864,0.835,478
114127,PAMPA GALERAS,AYACUCHO,LUCANAS,eta5,temp,20260829,20260927,"00Z,12Z",D1,3h,2.021,2.812,3.888,0.893,397
114127,PAMPA GALERAS,AYACUCHO,LUCANAS,wrf5,temp,20260829,20260927,"00Z,12Z",D1,3h,1.65,3.368,4.402,0.835,470
114127,PAMPA GALERAS,AYACUCHO,LUCANAS,mpas15,temp,20260829,20260927,00Z,D1,3h,0.868,2.411,3.08,0.936,239
114121,HURAY HUMA,AYACUCHO,PARINACOCHAS,ecmwf,temp,20260829,20260927,"00Z,12Z",D1,3h,-2.225,3.294,3.742,0.894,406
114121,HURAY HUMA,AYACUCHO,PARINACOCHAS,gfs,temp,20260829,20260927,"00Z,12Z",D1,3h,-0.405,3.186,3.648,0.867,406
114121,HURAY HUMA,AYACUCHO,PARINACOCHAS,eta5,temp,20260829,20260927,"00Z,12Z",D1,3h,0.767,2.15,2.753,0.902,332
114121,HURAY HUMA,AYACUCHO,PARINACOCHAS,wrf5,temp,20260829,20260927,"00Z,12Z",D1,3h,-0.217,2.668,3.184,0.88,400
114121,HURAY HUMA,AYACUCHO,PARINACOCHAS,mpas15,temp,20260829,20260927,00Z,D1,3h,-1.978,2.97,3.385,0.923,203
115155,PAUZA,AYACUCHO,PAUCAR DEL SARA SARA,ecmwf,temp,20260829,20260927,"00Z,12Z",D1,3h,-3.451,3.459,3.87,0.912,480
115155,PAUZA,AYACUCHO,PAUCAR DEL SARA SARA,gfs,temp,20260829,20260927,"00Z,12Z",D1,3h,-4.275,4.29,4.834,0.867,480
115155,PAUZA,AYACUCHO,PAUCAR DEL SARA SARA,eta5,temp,20260829,20260927,"00Z,12Z",D1,3h,1.218,1.834,2.298,0.935,398
115155,PAUZA,AYACUCHO,PAUCAR DEL SARA SARA,wrf5,temp,20260829,20260927,"00Z,12Z",D1,3h,3.222,3.239,3.571,0.917,472
115155,PAUZA,AYACUCHO,PAUCAR DEL SARA SARA,mpas15,temp,20260829,20260927,00Z,D1,3h,-7.87,7.87,8.051,0.898,240
4725B27A,PAUCARAY,AYACUCHO,SUCRE,ecmwf,temp,20260829,20260927,"00Z,12Z",D1,3h,S/D,S/D,S/D,S/D,0
4725B27A,PAUCARAY,AYACUCHO,SUCRE,gfs,temp,20260829,20260927,"00Z,12Z",D1,3h,S/D,S/D,S/D,S/D,0
4725B27A,PAUCARAY,AYACUCHO,SUCRE,eta5,temp,20260829,20260927,"00Z,12Z",D1,3h,S/D,S/D,S/D,S/D,0
4725B27A,PAUCARAY,AYACUCHO,SUCRE,wrf5,temp,20260829,20260927,"00Z,12Z",D1,3h,S/D,S/D,S/D,S/D,0
4725B27A,PAUCARAY,AYACUCHO,SUCRE,mpas15,temp,20260829,20260927,00Z,D1,3h,S/D,S/D,S/D,S/D,0
4729F0EC,CAJABAMBA,CAJAMARCA,CAJABAMBA,ecmwf,temp,20260829,20260927,"00Z,12Z",D1,3h,-3.613,3.651,4.088,0.901,480
4729F0EC,CAJABAMBA,CAJAMARCA,CAJABAMBA,gfs,temp,20260829,20260927,"00Z,12Z",D1,3h,-1.621,2.188,2.705,0.868,480
4729F0EC,CAJABAMBA,CAJAMARCA,CAJABAMBA,eta5,temp,20260829,20260927,"00Z,12Z",D1,3h,-4.429,4.476,4.902,0.879,398
4729F0EC,CAJABAMBA,CAJAMARCA,CAJABAMBA,wrf5,temp,20260829,20260927,"00Z,12Z",D1,3h,-2.142,2.454,2.943,0.905,472
4729F0EC,CAJABAMBA,CAJAMARCA,CAJABAMBA,mpas15,temp,20260829,20260927,00Z,D1,3h,-4.887,4.892,5.258,0.928,240
472A32FC,CRISNEJAS,CAJAMARCA,CAJABAMBA,ecmwf,temp,20260829,20260927,"00Z,12Z",D1,3h,S/D,S/D,S/D,S/D,0
472A32FC,CRISNEJAS,CAJAMARCA,CAJABAMBA,gfs,temp,20260829,20260927,"00Z,12Z",D1,3h,S/D,S/D,S/D,S/D,0
472A32FC,CRISNEJAS,CAJAMARCA,CAJABAMBA,eta5,temp,20260829,20260927,"00Z,12Z",D1,3h,S/D,S/D,S/D,S/D,0
472A32FC,CRISNEJAS,CAJAMARCA,CAJABAMBA,wrf5,temp,20260829,20260927,"00Z,12Z",D1,3h,S/D,S/D,S/D,S/D,0
472A32FC,CRISNEJAS,CAJAMARCA,CAJABAMBA,mpas15,temp,20260829,20260927,00Z,D1,3h,S/D,S/D,S/D,S/D,0
472645F0,UNC CAJAMARCA,CAJAMARCA,CAJAMARCA,ecmwf,temp,20260829,20260927,"00Z,12Z",D1,3h,-1.736,2.289,2.87,0.905,466
472645F0,UNC CAJAMARCA,CAJAMARCA,CAJAMARCA,gfs,temp,20260829,20260927,"00Z,12Z",D1,3h,-1.199,2.016,2.541,0.876,466
472645F0,UNC CAJAMARCA,CAJAMARCA,CAJAMARCA,eta5,temp,20260829,20260927,"00Z,12Z",D1,3h,0.938,1.714,2.172,0.885,388
472645F0,UNC CAJAMARCA,CAJAMARCA,CAJAMARCA,wrf5,temp,20260829,20260927,"00Z,12Z",D1,3h,1.025,1.796,2.236,0.899,458
472645F0,UNC CAJAMARCA,CAJAMARCA,CAJAMARCA,mpas15,temp,20260829,20260927,00Z,D1,3h,-3.609,3.677,4.153,0.887,233
472501F4,BALSAS,CAJAMARCA,CELENDIN,ecmwf,temp,20260829,20260927,"00Z,12Z",D1,3h,-10.002,10.002,10.369,0.833,480
472501F4,BALSAS,CAJAMARCA,CELENDIN,gfs,temp,20260829,20260927,"00Z,12Z",D1,3h,-11.862,11.862,12.205,0.792,480
472501F4,BALSAS,CAJAMARCA,CELENDIN,eta5,temp,20260829,20260927,"00Z,12Z",D1,3h,-6.143,6.175,6.817,0.816,398
472501F4,BALSAS,CAJAMARCA,CELENDIN,wrf5,temp,20260829,20260927,"00Z,12Z",D1,3h,-2.925,3.286,3.928,0.832,472
472501F4,BALSAS,CAJAMARCA,CELENDIN,mpas15,temp,20260829,20260927,00Z,D1,3h,-15.157,15.157,15.352,0.788,240
4726631C,CELENDIN,CAJAMARCA,CELENDIN,ecmwf,temp,20260829,20260927,"00Z,12Z",D1,3h,-0.683,1.883,2.317,0.875,468
4726631C,CELENDIN,CAJAMARCA,CELENDIN,gfs,temp,20260829,20260927,"00Z,12Z",D1,3h,-0.991,1.755,2.275,0.888,468
4726631C,CELENDIN,CAJAMARCA,CELENDIN,eta5,temp,20260829,20260927,"00Z,12Z",D1,3h,-0.464,1.787,2.208,0.852,386
4726631C,CELENDIN,CAJAMARCA,CELENDIN,wrf5,temp,20260829,20260927,"00Z,12Z",D1,3h,0.152,1.716,2.122,0.861,460
4726631C,CELENDIN,CAJAMARCA,CELENDIN,mpas15,temp,20260829,20260927,00Z,D1,3h,0.006,1.669,2.117,0.867,234
4726C3E4,CHOTA,CAJAMARCA,CHOTA,ecmwf,temp,20260829,20260927,"00Z,12Z",D1,3h,-2.433,2.836,3.388,0.873,434
4726C3E4,CHOTA,CAJAMARCA,CHOTA,gfs,temp,20260829,20260927,"00Z,12Z",D1,3h,-2.744,2.955,3.492,0.873,434
4726C3E4,CHOTA,CAJAMARCA,CHOTA,eta5,temp,20260829,20260927,"00Z,12Z",D1,3h,-2.862,2.993,3.437,0.9,356
4726C3E4,CHOTA,CAJAMARCA,CHOTA,wrf5,temp,20260829,20260927,"00Z,12Z",D1,3h,-0.136,1.62,2.009,0.894,428
4726C3E4,CHOTA,CAJAMARCA,CHOTA,mpas15,temp,20260829,20260927,00Z,D1,3h,-4.994,5.097,5.646,0.847,217
47E94706,HUAMBOS,CAJAMARCA,CHOTA,ecmwf,temp,20260829,20260927,"00Z,12Z",D1,3h,1.037,1.703,2.308,0.836,480
47E94706,HUAMBOS,CAJAMARCA,CHOTA,gfs,temp,20260829,20260927,"00Z,12Z",D1,3h,1.894,2.641,3.604,0.767,480
47E94706,HUAMBOS,CAJAMARCA,CHOTA,eta5,temp,20260829,20260927,"00Z,12Z",D1,3h,1.993,2.859,3.61,0.792,398
47E94706,HUAMBOS,CAJAMARCA,CHOTA,wrf5,temp,20260829,20260927,"00Z,12Z",D1,3h,0.752,1.703,2.182,0.818,472
47E94706,HUAMBOS,CAJAMARCA,CHOTA,mpas15,temp,20260829,20260927,00Z,D1,3h,-0.862,1.666,2.039,0.771,240
47E1D6C2,PUENTE SAN CARLOS,CAJAMARCA,CHOTA,ecmwf,temp,20260829,20260927,"00Z,12Z",D1,3h,-5.1,5.121,5.591,0.709,478
47E1D6C2,PUENTE SAN CARLOS,CAJAMARCA,CHOTA,gfs,temp,20260829,20260927,"00Z,12Z",D1,3h,-3.924,4.27,4.878,0.56,478
47E1D6C2,PUENTE SAN CARLOS,CAJAMARCA,CHOTA,eta5,temp,20260829,20260927,"00Z,12Z",D1,3h,-1.225,1.902,2.25,0.853,396
47E1D6C2,PUENTE SAN CARLOS,CAJAMARCA,CHOTA,wrf5,temp,20260829,20260927,"00Z,12Z",D1,3h,-2.097,2.52,2.891,0.895,470
47E1D6C2,PUENTE SAN CARLOS,CAJAMARCA,CHOTA,mpas15,temp,20260829,20260927,00Z,D1,3h,-2.66,2.829,3.123,0.859,239
47E1F02E,TUNEL CHOTANO,CAJAMARCA,CHOTA,ecmwf,temp,20260829,20260927,"00Z,12Z",D1,3h,-3.753,3.816,4.358,0.897,476
47E1F02E,TUNEL CHOTANO,CAJAMARCA,CHOTA,gfs,temp,20260829,20260927,"00Z,12Z",D1,3h,-4.116,4.143,4.618,0.878,476
47E1F02E,TUNEL CHOTANO,CAJAMARCA,CHOTA,eta5,temp,20260829,20260927,"00Z,12Z",D1,3h,-1.5,1.854,2.256,0.916,394
47E1F02E,TUNEL CHOTANO,CAJAMARCA,CHOTA,wrf5,temp,20260829,20260927,"00Z,12Z",D1,3h,-2.396,2.662,3.254,0.857,468
47E1F02E,TUNEL CHOTANO,CAJAMARCA,CHOTA,mpas15,temp,20260829,20260927,00Z,D1,3h,-5.469,5.475,6.106,0.891,238
472C92CA,CASCABAMBA,CAJAMARCA,CONTUMAZA,ecmwf,temp,20260829,20260927,"00Z,12Z",D1,3h,7.482,7.482,7.829,0.751,480
472C92CA,CASCABAMBA,CAJAMARCA,CONTUMAZA,gfs,temp,20260829,20260927,"00Z,12Z",D1,3h,9.244,9.244,9.518,0.715,480
472C92CA,CASCABAMBA,CAJAMARCA,CONTUMAZA,eta5,temp,20260829,20260927,"00Z,12Z",D1,3h,0.437,1.318,1.675,0.833,398
472C92CA,CASCABAMBA,CAJAMARCA,CONTUMAZA,wrf5,temp,20260829,20260927,"00Z,12Z",D1,3h,0.246,1.79,2.262,0.728,472
472C92CA,CASCABAMBA,CAJAMARCA,CONTUMAZA,mpas15,temp,20260829,20260927,00Z,D1,3h,6.704,6.712,7.014,0.765,240
472C81BC,GUZMANGO,CAJAMARCA,CONTUMAZA,ecmwf,temp,20260829,20260927,"00Z,12Z",D1,3h,3.877,3.882,4.205,0.748,478
472C81BC,GUZMANGO,CAJAMARCA,CONTUMAZA,gfs,temp,20260829,20260927,"00Z,12Z",D1,3h,4.504,4.504,4.855,0.717,478
472C81BC,GUZMANGO,CAJAMARCA,CONTUMAZA,eta5,temp,20260829,20260927,"00Z,12Z",D1,3h,0.924,1.469,1.846,0.811,396
472C81BC,GUZMANGO,CAJAMARCA,CONTUMAZA,wrf5,temp,20260829,20260927,"00Z,12Z",D1,3h,2.06,2.292,2.7,0.704,470
472C81BC,GUZMANGO,CAJAMARCA,CONTUMAZA,mpas15,temp,20260829,20260927,00Z,D1,3h,2.049,2.196,2.651,0.793,239
4727470A,PUENTE CHILETE,CAJAMARCA,CONTUMAZA,ecmwf,temp,20260829,20260927,"00Z,12Z",D1,3h,-8.072,8.072,8.352,0.879,478
4727470A,PUENTE CHILETE,CAJAMARCA,CONTUMAZA,gfs,temp,20260829,20260927,"00Z,12Z",D1,3h,-7.649,7.649,7.961,0.805,478
4727470A,PUENTE CHILETE,CAJAMARCA,CONTUMAZA,eta5,temp,20260829,20260927,"00Z,12Z",D1,3h,-1.04,1.681,2.094,0.898,396
4727470A,PUENTE CHILETE,CAJAMARCA,CONTUMAZA,wrf5,temp,20260829,20260927,"00Z,12Z",D1,3h,-2.015,2.24,2.674,0.901,470
4727470A,PUENTE CHILETE,CAJAMARCA,CONTUMAZA,mpas15,temp,20260829,20260927,00Z,D1,3h,-10.384,10.384,10.674,0.773,239
4726E508,YONAN GORE,CAJAMARCA,CONTUMAZA,ecmwf,temp,20260829,20260927,"00Z,12Z",D1,3h,S/D,S/D,S/D,S/D,0
4726E508,YONAN GORE,CAJAMARCA,CONTUMAZA,gfs,temp,20260829,20260927,"00Z,12Z",D1,3h,S/D,S/D,S/D,S/D,0
4726E508,YONAN GORE,CAJAMARCA,CONTUMAZA,eta5,temp,20260829,20260927,"00Z,12Z",D1,3h,S/D,S/D,S/D,S/D,0
4726E508,YONAN GORE,CAJAMARCA,CONTUMAZA,wrf5,temp,20260829,20260927,"00Z,12Z",D1,3h,S/D,S/D,S/D,S/D,0
4726E508,YONAN GORE,CAJAMARCA,CONTUMAZA,mpas15,temp,20260829,20260927,00Z,D1,3h,S/D,S/D,S/D,S/D,0
472B3006,CUMBA,CAJAMARCA,CUTERVO,ecmwf,temp,20260829,20260927,"00Z,12Z",D1,3h,S/D,S/D,S/D,S/D,0
472B3006,CUMBA,CAJAMARCA,CUTERVO,gfs,temp,20260829,20260927,"00Z,12Z",D1,3h,S/D,S/D,S/D,S/D,0
472B3006,CUMBA,CAJAMARCA,CUTERVO,eta5,temp,20260829,20260927,"00Z,12Z",D1,3h,S/D,S/D,S/D,S/D,0
472B3006,CUMBA,CAJAMARCA,CUTERVO,wrf5,temp,20260829,20260927,"00Z,12Z",D1,3h,S/D,S/D,S/D,S/D,0
472B3006,CUMBA,CAJAMARCA,CUTERVO,mpas15,temp,20260829,20260927,00Z,D1,3h,S/D,S/D,S/D,S/D,0
4726A602,CUTERVO,CAJAMARCA,CUTERVO,ecmwf,temp,20260829,20260927,"00Z,12Z",D1,3h,0.779,1.659,2.107,0.807,456
4726A602,CUTERVO,CAJAMARCA,CUTERVO,gfs,temp,20260829,20260927,"00Z,12Z",D1,3h,0.357,1.435,1.815,0.869,456
4726A602,CUTERVO,CAJAMARCA,CUTERVO,eta5,temp,20260829,20260927,"00Z,12Z",D1,3h,-0.538,1.651,2.043,0.856,382
4726A602,CUTERVO,CAJAMARCA,CUTERVO,wrf5,temp,20260829,20260927,"00Z,12Z",D1,3h,-0.361,1.238,1.526,0.876,448
4726A602,CUTERVO,CAJAMARCA,CUTERVO,mpas15,temp,20260829,20260927,00Z,D1,3h,0.463,1.082,1.348,0.885,228
4726D092,BAMBAMARCA H,CAJAMARCA,HUALGAYOC,ecmwf,temp,20260829,20260927,"00Z,12Z",D1,3h,S/D,S/D,S/D,S/D,0
4726D092,BAMBAMARCA H,CAJAMARCA,HUALGAYOC,gfs,temp,20260829,20260927,"00Z,12Z",D1,3h,S/D,S/D,S/D,S/D,0
4726D092,BAMBAMARCA H,CAJAMARCA,HUALGAYOC,eta5,temp,20260829,20260927,"00Z,12Z",D1,3h,S/D,S/D,S/D,S/D,0
4726D092,BAMBAMARCA H,CAJAMARCA,HUALGAYOC,wrf5,temp,20260829,20260927,"00Z,12Z",D1,3h,S/D,S/D,S/D,S/D,0
4726D092,BAMBAMARCA H,CAJAMARCA,HUALGAYOC,mpas15,temp,20260829,20260927,00Z,D1,3h,S/D,S/D,S/D,S/D,0
472680EE,BAMBAMARCA M,CAJAMARCA,HUALGAYOC,ecmwf,temp,20260829,20260927,"00Z,12Z",D1,3h,-4.275,4.29,4.716,0.887,476
472680EE,BAMBAMARCA M,CAJAMARCA,HUALGAYOC,gfs,temp,20260829,20260927,"00Z,12Z",D1,3h,-5.555,5.555,5.833,0.843,476
472680EE,BAMBAMARCA M,CAJAMARCA,HUALGAYOC,eta5,temp,20260829,20260927,"00Z,12Z",D1,3h,-2.62,2.919,3.338,0.875,394
472680EE,BAMBAMARCA M,CAJAMARCA,HUALGAYOC,wrf5,temp,20260829,20260927,"00Z,12Z",D1,3h,-0.362,1.369,1.721,0.886,468
472680EE,BAMBAMARCA M,CAJAMARCA,HUALGAYOC,mpas15,temp,20260829,20260927,00Z,D1,3h,-5.665,5.665,5.958,0.823,238
4727F484,CHUGUR,CAJAMARCA,HUALGAYOC,ecmwf,temp,20260829,20260927,"00Z,12Z",D1,3h,-4.474,4.478,4.814,0.839,474
4727F484,CHUGUR,CAJAMARCA,HUALGAYOC,gfs,temp,20260829,20260927,"00Z,12Z",D1,3h,-2.525,2.592,2.999,0.853,474
4727F484,CHUGUR,CAJAMARCA,HUALGAYOC,eta5,temp,20260829,20260927,"00Z,12Z",D1,3h,0.549,1.386,1.67,0.907,393
4727F484,CHUGUR,CAJAMARCA,HUALGAYOC,wrf5,temp,20260829,20260927,"00Z,12Z",D1,3h,-2.003,2.087,2.47,0.853,466
4727F484,CHUGUR,CAJAMARCA,HUALGAYOC,mpas15,temp,20260829,20260927,00Z,D1,3h,-1.543,1.836,2.201,0.833,237
472A571A,HUALLAPE,CAJAMARCA,JAEN,ecmwf,temp,20260829,20260927,"00Z,12Z",D1,3h,S/D,S/D,S/D,S/D,0
472A571A,HUALLAPE,CAJAMARCA,JAEN,gfs,temp,20260829,20260927,"00Z,12Z",D1,3h,S/D,S/D,S/D,S/D,0
472A571A,HUALLAPE,CAJAMARCA,JAEN,eta5,temp,20260829,20260927,"00Z,12Z",D1,3h,S/D,S/D,S/D,S/D,0
472A571A,HUALLAPE,CAJAMARCA,JAEN,wrf5,temp,20260829,20260927,"00Z,12Z",D1,3h,S/D,S/D,S/D,S/D,0
472A571A,HUALLAPE,CAJAMARCA,JAEN,mpas15,temp,20260829,20260927,00Z,D1,3h,S/D,S/D,S/D,S/D,0
47269398,JAEN,CAJAMARCA,JAEN,ecmwf,temp,20260829,20260927,"00Z,12Z",D1,3h,-3.108,3.202,3.572,0.914,468
47269398,JAEN,CAJAMARCA,JAEN,gfs,temp,20260829,20260927,"00Z,12Z",D1,3h,-2.324,2.497,2.842,0.909,468
47269398,JAEN,CAJAMARCA,JAEN,eta5,temp,20260829,20260927,"00Z,12Z",D1,3h,-0.898,1.769,2.191,0.874,387
47269398,JAEN,CAJAMARCA,JAEN,wrf5,temp,20260829,20260927,"00Z,12Z",D1,3h,0.332,1.534,2.009,0.862,460
47269398,JAEN,CAJAMARCA,JAEN,mpas15,temp,20260829,20260927,00Z,D1,3h,-4.382,4.423,4.831,0.879,234
105136,SAUZAL,CAJAMARCA,JAEN,ecmwf,temp,20260829,20260927,"00Z,12Z",D1,3h,S/D,S/D,S/D,S/D,0
105136,SAUZAL,CAJAMARCA,JAEN,gfs,temp,20260829,20260927,"00Z,12Z",D1,3h,S/D,S/D,S/D,S/D,0
105136,SAUZAL,CAJAMARCA,JAEN,eta5,temp,20260829,20260927,"00Z,12Z",D1,3h,S/D,S/D,S/D,S/D,0
105136,SAUZAL,CAJAMARCA,JAEN,wrf5,temp,20260829,20260927,"00Z,12Z",D1,3h,S/D,S/D,S/D,S/D,0
105136,SAUZAL,CAJAMARCA,JAEN,mpas15,temp,20260829,20260927,00Z,D1,3h,S/D,S/D,S/D,S/D,0
4725E206,SAN MARCOS,CAJAMARCA,SAN MARCOS,ecmwf,temp,20260829,20260927,"00Z,12Z",D1,3h,-4.622,4.65,5.16,0.921,468
4725E206,SAN MARCOS,CAJAMARCA,SAN MARCOS,gfs,temp,20260829,20260927,"00Z,12Z",D1,3h,-4.591,4.689,5.583,0.906,468
4725E206,SAN MARCOS,CAJAMARCA,SAN MARCOS,eta5,temp,20260829,20260927,"00Z,12Z",D1,3h,-1.75,2.568,3.107,0.897,388
4725E206,SAN MARCOS,CAJAMARCA,SAN MARCOS,wrf5,temp,20260829,20260927,"00Z,12Z",D1,3h,1.498,2.508,3.027,0.895,460
4725E206,SAN MARCOS,CAJAMARCA,SAN MARCOS,mpas15,temp,20260829,20260927,00Z,D1,3h,-4.221,4.313,5.215,0.926,234
47E207A4,TONGOD,CAJAMARCA,SAN MIGUEL,ecmwf,temp,20260829,20260927,"00Z,12Z",D1,3h,-4.612,4.781,5.383,0.844,476
47E207A4,TONGOD,CAJAMARCA,SAN MIGUEL,gfs,temp,20260829,20260927,"00Z,12Z",D1,3h,-2.65,3.15,3.689,0.831,476
47E207A4,TONGOD,CAJAMARCA,SAN MIGUEL,eta5,temp,20260829,20260927,"00Z,12Z",D1,3h,-3.607,3.893,4.306,0.859,395
47E207A4,TONGOD,CAJAMARCA,SAN MIGUEL,wrf5,temp,20260829,20260927,"00Z,12Z",D1,3h,0.77,1.838,2.543,0.862,468
47E207A4,TONGOD,CAJAMARCA,SAN MIGUEL,mpas15,temp,20260829,20260927,00Z,D1,3h,-3.563,3.95,4.455,0.804,238
47E1C5B4,CAÑAD,CAJAMARCA,SANTA CRUZ,ecmwf,temp,20260829,20260927,"00Z,12Z",D1,3h,-9.592,9.592,9.856,0.738,474
47E1C5B4,CAÑAD,CAJAMARCA,SANTA CRUZ,gfs,temp,20260829,20260927,"00Z,12Z",D1,3h,-8.791,8.791,9.076,0.698,474
47E1C5B4,CAÑAD,CAJAMARCA,SANTA CRUZ,eta5,temp,20260829,20260927,"00Z,12Z",D1,3h,-5.18,5.233,5.999,0.729,394
47E1C5B4,CAÑAD,CAJAMARCA,SANTA CRUZ,wrf5,temp,20260829,20260927,"00Z,12Z",D1,3h,-1.923,2.256,2.77,0.794,466
47E1C5B4,CAÑAD,CAJAMARCA,SANTA CRUZ,mpas15,temp,20260829,20260927,00Z,D1,3h,-7.148,7.148,7.437,0.761,237
47E3055E,CHANCAY BAÑOS,CAJAMARCA,SANTA CRUZ,ecmwf,temp,20260829,20260927,"00Z,12Z",D1,3h,-5.457,5.457,5.742,0.912,478
47E3055E,CHANCAY BAÑOS,CAJAMARCA,SANTA CRUZ,gfs,temp,20260829,20260927,"00Z,12Z",D1,3h,-5.837,5.837,6.103,0.865,478
47E3055E,CHANCAY BAÑOS,CAJAMARCA,SANTA CRUZ,eta5,temp,20260829,20260927,"00Z,12Z",D1,3h,-2.6,2.695,3.2,0.897,397
47E3055E,CHANCAY BAÑOS,CAJAMARCA,SANTA CRUZ,wrf5,temp,20260829,20260927,"00Z,12Z",D1,3h,0.168,1.425,1.808,0.869,470
47E3055E,CHANCAY BAÑOS,CAJAMARCA,SANTA CRUZ,mpas15,temp,20260829,20260927,00Z,D1,3h,-5.654,5.654,6.033,0.886,239
47E1E358,PUENTE AMBAN,CAJAMARCA,SANTA CRUZ,ecmwf,temp,20260829,20260927,"00Z,12Z",D1,3h,-4.939,4.944,5.377,0.893,478
47E1E358,PUENTE AMBAN,CAJAMARCA,SANTA CRUZ,gfs,temp,20260829,20260927,"00Z,12Z",D1,3h,-4.081,4.113,4.535,0.864,478
47E1E358,PUENTE AMBAN,CAJAMARCA,SANTA CRUZ,eta5,temp,20260829,20260927,"00Z,12Z",D1,3h,-2.456,2.569,3.038,0.902,396
47E1E358,PUENTE AMBAN,CAJAMARCA,SANTA CRUZ,wrf5,temp,20260829,20260927,"00Z,12Z",D1,3h,-0.572,1.77,2.199,0.854,470
47E1E358,PUENTE AMBAN,CAJAMARCA,SANTA CRUZ,mpas15,temp,20260829,20260927,00Z,D1,3h,-6.829,6.829,7.355,0.895,239
114132,POMACANCHI,CUSCO,ACOMAYO,ecmwf,temp,20260829,20260927,"00Z,12Z",D1,3h,-1.857,2.29,2.714,0.921,480
114132,POMACANCHI,CUSCO,ACOMAYO,gfs,temp,20260829,20260927,"00Z,12Z",D1,3h,-1.176,2.253,2.73,0.892,480
114132,POMACANCHI,CUSCO,ACOMAYO,eta5,temp,20260829,20260927,"00Z,12Z",D1,3h,-0.053,1.797,2.248,0.869,398
114132,POMACANCHI,CUSCO,ACOMAYO,wrf5,temp,20260829,20260927,"00Z,12Z",D1,3h,0.901,1.806,2.408,0.898,472
114132,POMACANCHI,CUSCO,ACOMAYO,mpas15,temp,20260829,20260927,00Z,D1,3h,-2.83,3.101,3.577,0.917,240
113252,ANCACHURO,CUSCO,ANTA,ecmwf,temp,20260829,20260927,"00Z,12Z",D1,3h,-1.629,2.876,3.445,0.885,480
113252,ANCACHURO,CUSCO,ANTA,gfs,temp,20260829,20260927,"00Z,12Z",D1,3h,-0.57,3.248,3.714,0.863,480
113252,ANCACHURO,CUSCO,ANTA,eta5,temp,20260829,20260927,"00Z,12Z",D1,3h,3.759,3.795,4.463,0.901,398
113252,ANCACHURO,CUSCO,ANTA,wrf5,temp,20260829,20260927,"00Z,12Z",D1,3h,2.43,2.916,3.675,0.913,472
113252,ANCACHURO,CUSCO,ANTA,mpas15,temp,20260829,20260927,00Z,D1,3h,-2.139,3.024,3.764,0.94,240
47294362,SORAYPAMPA,CUSCO,ANTA,ecmwf,temp,20260829,20260927,"00Z,12Z",D1,3h,3.964,4.049,4.697,0.85,480
47294362,SORAYPAMPA,CUSCO,ANTA,gfs,temp,20260829,20260927,"00Z,12Z",D1,3h,3.345,3.393,3.894,0.869,480
47294362,SORAYPAMPA,CUSCO,ANTA,eta5,temp,20260829,20260927,"00Z,12Z",D1,3h,-3.255,3.437,3.838,0.872,398
47294362,SORAYPAMPA,CUSCO,ANTA,wrf5,temp,20260829,20260927,"00Z,12Z",D1,3h,-1.608,2.333,2.864,0.858,472
47294362,SORAYPAMPA,CUSCO,ANTA,mpas15,temp,20260829,20260927,00Z,D1,3h,-1.347,1.959,2.511,0.888,240
472976F8,CALCA,CUSCO,CALCA,ecmwf,temp,20260829,20260927,"00Z,12Z",D1,3h,-10.259,10.268,10.723,0.792,476
472976F8,CALCA,CUSCO,CALCA,gfs,temp,20260829,20260927,"00Z,12Z",D1,3h,-7.774,7.787,8.523,0.818,476
472976F8,CALCA,CUSCO,CALCA,eta5,temp,20260829,20260927,"00Z,12Z",D1,3h,-6.926,6.932,7.392,0.856,395
472976F8,CALCA,CUSCO,CALCA,wrf5,temp,20260829,20260927,"00Z,12Z",D1,3h,-0.559,2.12,2.599,0.883,468
472976F8,CALCA,CUSCO,CALCA,mpas15,temp,20260829,20260927,00Z,D1,3h,-8.823,8.828,9.312,0.889,238
472A6280,NUEVO PISAC,CUSCO,CALCA,ecmwf,temp,20260829,20260927,"00Z,12Z",D1,3h,S/D,S/D,S/D,S/D,0
472A6280,NUEVO PISAC,CUSCO,CALCA,gfs,temp,20260829,20260927,"00Z,12Z",D1,3h,S/D,S/D,S/D,S/D,0
472A6280,NUEVO PISAC,CUSCO,CALCA,eta5,temp,20260829,20260927,"00Z,12Z",D1,3h,S/D,S/D,S/D,S/D,0
472A6280,NUEVO PISAC,CUSCO,CALCA,wrf5,temp,20260829,20260927,"00Z,12Z",D1,3h,S/D,S/D,S/D,S/D,0
472A6280,NUEVO PISAC,CUSCO,CALCA,mpas15,temp,20260829,20260927,00Z,D1,3h,S/D,S/D,S/D,S/D,0
114126,PAYAPUNKU,CUSCO,CANAS,ecmwf,temp,20260829,20260927,"00Z,12Z",D1,3h,-1.532,2.418,2.961,0.886,480
114126,PAYAPUNKU,CUSCO,CANAS,gfs,temp,20260829,20260927,"00Z,12Z",D1,3h,-0.276,1.977,2.558,0.887,480
114126,PAYAPUNKU,CUSCO,CANAS,eta5,temp,20260829,20260927,"00Z,12Z",D1,3h,-0.999,2.361,2.853,0.86,398
114126,PAYAPUNKU,CUSCO,CANAS,wrf5,temp,20260829,20260927,"00Z,12Z",D1,3h,0.898,2.397,3.081,0.841,472
114126,PAYAPUNKU,CUSCO,CANAS,mpas15,temp,20260829,20260927,00Z,D1,3h,-2.707,3.185,3.565,0.905,240
114125,SAUSAYA,CUSCO,CANAS,ecmwf,temp,20260829,20260927,"00Z,12Z",D1,3h,-0.5,3.983,4.948,0.869,476
114125,SAUSAYA,CUSCO,CANAS,gfs,temp,20260829,20260927,"00Z,12Z",D1,3h,0.752,3.943,5.139,0.856,476
114125,SAUSAYA,CUSCO,CANAS,eta5,temp,20260829,20260927,"00Z,12Z",D1,3h,3.602,4.233,5.583,0.86,396
114125,SAUSAYA,CUSCO,CANAS,wrf5,temp,20260829,20260927,"00Z,12Z",D1,3h,3.027,4.23,5.699,0.852,468
114125,SAUSAYA,CUSCO,CANAS,mpas15,temp,20260829,20260927,00Z,D1,3h,-0.991,3.878,4.66,0.908,238
472E025C,QUISOQUEPINA,CUSCO,CANCHIS,ecmwf,temp,20260829,20260927,"00Z,12Z",D1,3h,-0.259,1.667,2.084,0.61,120
472E025C,QUISOQUEPINA,CUSCO,CANCHIS,gfs,temp,20260829,20260927,"00Z,12Z",D1,3h,2.207,2.302,2.832,0.675,120
472E025C,QUISOQUEPINA,CUSCO,CANCHIS,eta5,temp,20260829,20260927,"00Z,12Z",D1,3h,2.391,2.474,2.932,0.699,109
472E025C,QUISOQUEPINA,CUSCO,CANCHIS,wrf5,temp,20260829,20260927,"00Z,12Z",D1,3h,0.484,1.765,2.228,0.526,114
472E025C,QUISOQUEPINA,CUSCO,CANCHIS,mpas15,temp,20260829,20260927,00Z,D1,3h,1.721,2.034,2.539,0.65,60
114118,SALCCA,CUSCO,CANCHIS,ecmwf,temp,20260829,20260927,"00Z,12Z",D1,3h,S/D,S/D,S/D,S/D,0
114118,SALCCA,CUSCO,CANCHIS,gfs,temp,20260829,20260927,"00Z,12Z",D1,3h,S/D,S/D,S/D,S/D,0
114118,SALCCA,CUSCO,CANCHIS,eta5,temp,20260829,20260927,"00Z,12Z",D1,3h,S/D,S/D,S/D,S/D,0
114118,SALCCA,CUSCO,CANCHIS,wrf5,temp,20260829,20260927,"00Z,12Z",D1,3h,S/D,S/D,S/D,S/D,0
114118,SALCCA,CUSCO,CANCHIS,mpas15,temp,20260829,20260927,00Z,D1,3h,S/D,S/D,S/D,S/D,0
47E8B578,SIBINACOCHA,CUSCO,CANCHIS,ecmwf,temp,20260829,20260927,"00Z,12Z",D1,3h,-0.032,2.493,2.935,0.773,480
47E8B578,SIBINACOCHA,CUSCO,CANCHIS,gfs,temp,20260829,20260927,"00Z,12Z",D1,3h,0.438,1.832,2.332,0.792,480
47E8B578,SIBINACOCHA,CUSCO,CANCHIS,eta5,temp,20260829,20260927,"00Z,12Z",D1,3h,3.214,3.333,4.076,0.813,398
47E8B578,SIBINACOCHA,CUSCO,CANCHIS,wrf5,temp,20260829,20260927,"00Z,12Z",D1,3h,1.509,2.318,2.927,0.765,472
47E8B578,SIBINACOCHA,CUSCO,CANCHIS,mpas15,temp,20260829,20260927,00Z,D1,3h,-1.703,2.318,2.797,0.791,240
4726158C,SICUANI,CUSCO,CANCHIS,ecmwf,temp,20260829,20260927,"00Z,12Z",D1,3h,-2.316,2.803,3.311,0.949,470
4726158C,SICUANI,CUSCO,CANCHIS,gfs,temp,20260829,20260927,"00Z,12Z",D1,3h,-1.605,3.43,4.002,0.887,470
4726158C,SICUANI,CUSCO,CANCHIS,eta5,temp,20260829,20260927,"00Z,12Z",D1,3h,0.346,2.136,2.63,0.912,391
4726158C,SICUANI,CUSCO,CANCHIS,wrf5,temp,20260829,20260927,"00Z,12Z",D1,3h,2.577,3.13,4.167,0.901,462
4726158C,SICUANI,CUSCO,CANCHIS,mpas15,temp,20260829,20260927,00Z,D1,3h,-4.919,5.24,6.154,0.905,235
114123,MARCA CUNKA,CUSCO,CHUMBIVILCAS,ecmwf,temp,20260829,20260927,"00Z,12Z",D1,3h,-2.318,3.384,4.133,0.871,480
114123,MARCA CUNKA,CUSCO,CHUMBIVILCAS,gfs,temp,20260829,20260927,"00Z,12Z",D1,3h,-0.458,2.875,3.64,0.888,480
114123,MARCA CUNKA,CUSCO,CHUMBIVILCAS,eta5,temp,20260829,20260927,"00Z,12Z",D1,3h,1.374,2.985,3.746,0.85,398
114123,MARCA CUNKA,CUSCO,CHUMBIVILCAS,wrf5,temp,20260829,20260927,"00Z,12Z",D1,3h,0.848,3.025,3.915,0.845,472
114123,MARCA CUNKA,CUSCO,CHUMBIVILCAS,mpas15,temp,20260829,20260927,00Z,D1,3h,-2.725,3.831,4.384,0.885,240
4729A090,SANTO TOMAS,CUSCO,CHUMBIVILCAS,ecmwf,temp,20260829,20260927,"00Z,12Z",D1,3h,-3.943,4.021,4.503,0.916,470
4729A090,SANTO TOMAS,CUSCO,CHUMBIVILCAS,gfs,temp,20260829,20260927,"00Z,12Z",D1,3h,-2.065,2.372,2.913,0.94,470
4729A090,SANTO TOMAS,CUSCO,CHUMBIVILCAS,eta5,temp,20260829,20260927,"00Z,12Z",D1,3h,0.4,1.835,2.387,0.884,390
4729A090,SANTO TOMAS,CUSCO,CHUMBIVILCAS,wrf5,temp,20260829,20260927,"00Z,12Z",D1,3h,2.274,2.563,3.16,0.912,462
4729A090,SANTO TOMAS,CUSCO,CHUMBIVILCAS,mpas15,temp,20260829,20260927,00Z,D1,3h,-4.361,4.452,4.933,0.896,235
114124,HUAYHUAHUASI,CUSCO,ESPINAR,ecmwf,temp,20260829,20260927,"00Z,12Z",D1,3h,1.373,3.375,4.389,0.921,480
114124,HUAYHUAHUASI,CUSCO,ESPINAR,gfs,temp,20260829,20260927,"00Z,12Z",D1,3h,2.784,4.585,6.225,0.834,480
114124,HUAYHUAHUASI,CUSCO,ESPINAR,eta5,temp,20260829,20260927,"00Z,12Z",D1,3h,4.848,5.217,6.803,0.853,398
114124,HUAYHUAHUASI,CUSCO,ESPINAR,wrf5,temp,20260829,20260927,"00Z,12Z",D1,3h,3.637,4.913,6.532,0.827,472
114124,HUAYHUAHUASI,CUSCO,ESPINAR,mpas15,temp,20260829,20260927,00Z,D1,3h,-0.248,3.699,4.633,0.922,240
47E880E2,PICHARI,CUSCO,LA CONVENCION,ecmwf,temp,20260829,20260927,"00Z,12Z",D1,3h,-7.923,7.923,8.448,0.776,478
47E880E2,PICHARI,CUSCO,LA CONVENCION,gfs,temp,20260829,20260927,"00Z,12Z",D1,3h,-7.37,7.375,7.982,0.703,478
47E880E2,PICHARI,CUSCO,LA CONVENCION,eta5,temp,20260829,20260927,"00Z,12Z",D1,3h,1.255,2.301,2.954,0.77,397
47E880E2,PICHARI,CUSCO,LA CONVENCION,wrf5,temp,20260829,20260927,"00Z,12Z",D1,3h,1.767,2.483,3.183,0.814,470
47E880E2,PICHARI,CUSCO,LA CONVENCION,mpas15,temp,20260829,20260927,00Z,D1,3h,-9.419,9.419,10.062,0.583,239
112264,PONGO DE MAINIQUE,CUSCO,LA CONVENCION,ecmwf,temp,20260829,20260927,"00Z,12Z",D1,3h,-2.577,3.044,3.398,0.815,480
112264,PONGO DE MAINIQUE,CUSCO,LA CONVENCION,gfs,temp,20260829,20260927,"00Z,12Z",D1,3h,-1.418,2.752,3.273,0.768,480
112264,PONGO DE MAINIQUE,CUSCO,LA CONVENCION,eta5,temp,20260829,20260927,"00Z,12Z",D1,3h,1.114,1.958,2.54,0.741,398
112264,PONGO DE MAINIQUE,CUSCO,LA CONVENCION,wrf5,temp,20260829,20260927,"00Z,12Z",D1,3h,1.088,1.814,2.337,0.826,472
112264,PONGO DE MAINIQUE,CUSCO,LA CONVENCION,mpas15,temp,20260829,20260927,00Z,D1,3h,-2.827,3.233,3.644,0.762,240
4729658E,SAN PABLO,CUSCO,LA CONVENCION,ecmwf,temp,20260829,20260927,"00Z,12Z",D1,3h,-10.981,10.981,11.393,0.8,480
4729658E,SAN PABLO,CUSCO,LA CONVENCION,gfs,temp,20260829,20260927,"00Z,12Z",D1,3h,-9.85,9.85,10.307,0.797,480
4729658E,SAN PABLO,CUSCO,LA CONVENCION,eta5,temp,20260829,20260927,"00Z,12Z",D1,3h,-5.425,5.475,6.305,0.773,398
4729658E,SAN PABLO,CUSCO,LA CONVENCION,wrf5,temp,20260829,20260927,"00Z,12Z",D1,3h,-1.477,2.43,2.903,0.823,472
4729658E,SAN PABLO,CUSCO,LA CONVENCION,mpas15,temp,20260829,20260927,00Z,D1,3h,-10.79,10.79,11.482,0.641,240
4722A338,ACJANACO ,CUSCO,PAUCARTAMBO,ecmwf,temp,20260829,20260927,"00Z,12Z",D1,3h,-0.125,1.936,2.398,0.732,478
4722A338,ACJANACO ,CUSCO,PAUCARTAMBO,gfs,temp,20260829,20260927,"00Z,12Z",D1,3h,1.327,2.09,2.68,0.691,478
4722A338,ACJANACO ,CUSCO,PAUCARTAMBO,eta5,temp,20260829,20260927,"00Z,12Z",D1,3h,-0.416,1.67,2.202,0.732,396
4722A338,ACJANACO ,CUSCO,PAUCARTAMBO,wrf5,temp,20260829,20260927,"00Z,12Z",D1,3h,1.339,2.085,2.732,0.613,470
4722A338,ACJANACO ,CUSCO,PAUCARTAMBO,mpas15,temp,20260829,20260927,00Z,D1,3h,-0.959,1.723,2.346,0.779,239
210007,PAUCARTAMBO,CUSCO,PAUCARTAMBO,ecmwf,temp,20260829,20260927,"00Z,12Z",D1,3h,S/D,S/D,S/D,S/D,0
210007,PAUCARTAMBO,CUSCO,PAUCARTAMBO,gfs,temp,20260829,20260927,"00Z,12Z",D1,3h,S/D,S/D,S/D,S/D,0
210007,PAUCARTAMBO,CUSCO,PAUCARTAMBO,eta5,temp,20260829,20260927,"00Z,12Z",D1,3h,S/D,S/D,S/D,S/D,0
210007,PAUCARTAMBO,CUSCO,PAUCARTAMBO,wrf5,temp,20260829,20260927,"00Z,12Z",D1,3h,S/D,S/D,S/D,S/D,0
210007,PAUCARTAMBO,CUSCO,PAUCARTAMBO,mpas15,temp,20260829,20260927,00Z,D1,3h,S/D,S/D,S/D,S/D,0
113247,ASHANAKU,CUSCO,QUISPICANCHI,ecmwf,temp,20260829,20260927,"00Z,12Z",D1,3h,-0.633,1.756,2.15,0.835,480
113247,ASHANAKU,CUSCO,QUISPICANCHI,gfs,temp,20260829,20260927,"00Z,12Z",D1,3h,0.053,1.947,2.523,0.819,480
113247,ASHANAKU,CUSCO,QUISPICANCHI,eta5,temp,20260829,20260927,"00Z,12Z",D1,3h,0.419,1.694,2.234,0.817,398
113247,ASHANAKU,CUSCO,QUISPICANCHI,wrf5,temp,20260829,20260927,"00Z,12Z",D1,3h,-1.375,2.216,2.775,0.767,472
113247,ASHANAKU,CUSCO,QUISPICANCHI,mpas15,temp,20260829,20260927,00Z,D1,3h,-1.119,1.883,2.554,0.878,240
113254,QUINCEMIL,CUSCO,QUISPICANCHI,ecmwf,temp,20260829,20260927,"00Z,12Z",D1,3h,-0.253,1.483,1.928,0.826,480
113254,QUINCEMIL,CUSCO,QUISPICANCHI,gfs,temp,20260829,20260927,"00Z,12Z",D1,3h,-0.321,1.818,2.387,0.763,480
113254,QUINCEMIL,CUSCO,QUISPICANCHI,eta5,temp,20260829,20260927,"00Z,12Z",D1,3h,1.175,2.059,2.544,0.775,398
113254,QUINCEMIL,CUSCO,QUISPICANCHI,wrf5,temp,20260829,20260927,"00Z,12Z",D1,3h,3.074,3.206,3.655,0.84,472
113254,QUINCEMIL,CUSCO,QUISPICANCHI,mpas15,temp,20260829,20260927,00Z,D1,3h,-1.573,2.219,2.807,0.762,240
472A9204,CHILCA,CUSCO,URUBAMBA,ecmwf,temp,20260829,20260927,"00Z,12Z",D1,3h,S/D,S/D,S/D,S/D,0
472A9204,CHILCA,CUSCO,URUBAMBA,gfs,temp,20260829,20260927,"00Z,12Z",D1,3h,S/D,S/D,S/D,S/D,0
472A9204,CHILCA,CUSCO,URUBAMBA,eta5,temp,20260829,20260927,"00Z,12Z",D1,3h,S/D,S/D,S/D,S/D,0
472A9204,CHILCA,CUSCO,URUBAMBA,wrf5,temp,20260829,20260927,"00Z,12Z",D1,3h,S/D,S/D,S/D,S/D,0
472A9204,CHILCA,CUSCO,URUBAMBA,mpas15,temp,20260829,20260927,00Z,D1,3h,S/D,S/D,S/D,S/D,0
4727C11E,HUAYLLABAMBA,CUSCO,URUBAMBA,ecmwf,temp,20260829,20260927,"00Z,12Z",D1,3h,-6.004,6.024,6.501,0.746,472
4727C11E,HUAYLLABAMBA,CUSCO,URUBAMBA,gfs,temp,20260829,20260927,"00Z,12Z",D1,3h,-5.047,5.051,5.569,0.825,472
4727C11E,HUAYLLABAMBA,CUSCO,URUBAMBA,eta5,temp,20260829,20260927,"00Z,12Z",D1,3h,-2.492,2.712,3.172,0.842,393
4727C11E,HUAYLLABAMBA,CUSCO,URUBAMBA,wrf5,temp,20260829,20260927,"00Z,12Z",D1,3h,-6.286,6.288,6.736,0.835,464
4727C11E,HUAYLLABAMBA,CUSCO,URUBAMBA,mpas15,temp,20260829,20260927,00Z,D1,3h,-6.311,6.311,6.732,0.831,236
472935F2,INTIHUATANA H,CUSCO,URUBAMBA,ecmwf,temp,20260829,20260927,"00Z,12Z",D1,3h,S/D,S/D,S/D,S/D,0
472935F2,INTIHUATANA H,CUSCO,URUBAMBA,gfs,temp,20260829,20260927,"00Z,12Z",D1,3h,S/D,S/D,S/D,S/D,0
472935F2,INTIHUATANA H,CUSCO,URUBAMBA,eta5,temp,20260829,20260927,"00Z,12Z",D1,3h,S/D,S/D,S/D,S/D,0
472935F2,INTIHUATANA H,CUSCO,URUBAMBA,wrf5,temp,20260829,20260927,"00Z,12Z",D1,3h,S/D,S/D,S/D,S/D,0
472935F2,INTIHUATANA H,CUSCO,URUBAMBA,mpas15,temp,20260829,20260927,00Z,D1,3h,S/D,S/D,S/D,S/D,0
472852EE,INTIHUATANA M,CUSCO,URUBAMBA,ecmwf,temp,20260829,20260927,"00Z,12Z",D1,3h,-11.956,11.956,12.252,0.71,480
472852EE,INTIHUATANA M,CUSCO,URUBAMBA,gfs,temp,20260829,20260927,"00Z,12Z",D1,3h,-10.985,10.985,11.228,0.83,480
472852EE,INTIHUATANA M,CUSCO,URUBAMBA,eta5,temp,20260829,20260927,"00Z,12Z",D1,3h,-5.783,5.784,6.251,0.762,398
472852EE,INTIHUATANA M,CUSCO,URUBAMBA,wrf5,temp,20260829,20260927,"00Z,12Z",D1,3h,-3.122,3.277,3.806,0.804,472
472852EE,INTIHUATANA M,CUSCO,URUBAMBA,mpas15,temp,20260829,20260927,00Z,D1,3h,-9.832,9.832,10.242,0.721,240
472897F0,MACHUPICCHU,CUSCO,URUBAMBA,ecmwf,temp,20260829,20260927,"00Z,12Z",D1,3h,-9.023,9.023,9.47,0.695,474
472897F0,MACHUPICCHU,CUSCO,URUBAMBA,gfs,temp,20260829,20260927,"00Z,12Z",D1,3h,-8.063,8.063,8.469,0.832,474
472897F0,MACHUPICCHU,CUSCO,URUBAMBA,eta5,temp,20260829,20260927,"00Z,12Z",D1,3h,-2.875,3.031,3.865,0.779,393
472897F0,MACHUPICCHU,CUSCO,URUBAMBA,wrf5,temp,20260829,20260927,"00Z,12Z",D1,3h,-0.201,1.689,2.359,0.844,466
472897F0,MACHUPICCHU,CUSCO,URUBAMBA,mpas15,temp,20260829,20260927,00Z,D1,3h,-6.915,6.915,7.599,0.72,237
4729950A,PACAYMAYO,CUSCO,URUBAMBA,ecmwf,temp,20260829,20260927,"00Z,12Z",D1,3h,-0.745,1.766,2.15,0.769,480
4729950A,PACAYMAYO,CUSCO,URUBAMBA,gfs,temp,20260829,20260927,"00Z,12Z",D1,3h,0.226,1.313,1.638,0.8,480
4729950A,PACAYMAYO,CUSCO,URUBAMBA,eta5,temp,20260829,20260927,"00Z,12Z",D1,3h,2.766,2.795,3.174,0.821,398
4729950A,PACAYMAYO,CUSCO,URUBAMBA,wrf5,temp,20260829,20260927,"00Z,12Z",D1,3h,-0.737,1.596,2.004,0.788,472
4729950A,PACAYMAYO,CUSCO,URUBAMBA,mpas15,temp,20260829,20260927,00Z,D1,3h,-1.007,1.558,1.915,0.847,240
113255,URUBAMBA,CUSCO,URUBAMBA,ecmwf,temp,20260829,20260927,"00Z,12Z",D1,3h,S/D,S/D,S/D,S/D,0
113255,URUBAMBA,CUSCO,URUBAMBA,gfs,temp,20260829,20260927,"00Z,12Z",D1,3h,S/D,S/D,S/D,S/D,0
113255,URUBAMBA,CUSCO,URUBAMBA,eta5,temp,20260829,20260927,"00Z,12Z",D1,3h,S/D,S/D,S/D,S/D,0
113255,URUBAMBA,CUSCO,URUBAMBA,wrf5,temp,20260829,20260927,"00Z,12Z",D1,3h,S/D,S/D,S/D,S/D,0
113255,URUBAMBA,CUSCO,URUBAMBA,mpas15,temp,20260829,20260927,00Z,D1,3h,S/D,S/D,S/D,S/D,0
4720CDF8,COCHAMARCA,HUANCAVELICA,CASTROVIRREYNA,ecmwf,temp,20260829,20260927,"00Z,12Z",D1,3h,S/D,S/D,S/D,S/D,0
4720CDF8,COCHAMARCA,HUANCAVELICA,CASTROVIRREYNA,gfs,temp,20260829,20260927,"00Z,12Z",D1,3h,S/D,S/D,S/D,S/D,0
4720CDF8,COCHAMARCA,HUANCAVELICA,CASTROVIRREYNA,eta5,temp,20260829,20260927,"00Z,12Z",D1,3h,S/D,S/D,S/D,S/D,0
4720CDF8,COCHAMARCA,HUANCAVELICA,CASTROVIRREYNA,wrf5,temp,20260829,20260927,"00Z,12Z",D1,3h,S/D,S/D,S/D,S/D,0
4720CDF8,COCHAMARCA,HUANCAVELICA,CASTROVIRREYNA,mpas15,temp,20260829,20260927,00Z,D1,3h,S/D,S/D,S/D,S/D,0
47292684,HUACHOS,HUANCAVELICA,CASTROVIRREYNA,ecmwf,temp,20260829,20260927,"00Z,12Z",D1,3h,-5.889,5.889,6.258,0.849,478
47292684,HUACHOS,HUANCAVELICA,CASTROVIRREYNA,gfs,temp,20260829,20260927,"00Z,12Z",D1,3h,-4.735,4.741,5.367,0.805,478
47292684,HUACHOS,HUANCAVELICA,CASTROVIRREYNA,eta5,temp,20260829,20260927,"00Z,12Z",D1,3h,-3.641,3.642,3.966,0.859,397
47292684,HUACHOS,HUANCAVELICA,CASTROVIRREYNA,wrf5,temp,20260829,20260927,"00Z,12Z",D1,3h,-3.86,4.027,4.9,0.778,470
47292684,HUACHOS,HUANCAVELICA,CASTROVIRREYNA,mpas15,temp,20260829,20260927,00Z,D1,3h,-5.671,5.671,6.294,0.854,239
472722EC,HUANCAVELICA,HUANCAVELICA,HUANCAVELICA,ecmwf,temp,20260829,20260927,"00Z,12Z",D1,3h,-4.575,4.624,4.935,0.896,480
472722EC,HUANCAVELICA,HUANCAVELICA,HUANCAVELICA,gfs,temp,20260829,20260927,"00Z,12Z",D1,3h,-3.694,3.828,4.365,0.85,480
472722EC,HUANCAVELICA,HUANCAVELICA,HUANCAVELICA,eta5,temp,20260829,20260927,"00Z,12Z",D1,3h,-2.978,3.187,3.554,0.877,398
472722EC,HUANCAVELICA,HUANCAVELICA,HUANCAVELICA,wrf5,temp,20260829,20260927,"00Z,12Z",D1,3h,-1.886,2.285,2.803,0.89,472
472722EC,HUANCAVELICA,HUANCAVELICA,HUANCAVELICA,mpas15,temp,20260829,20260927,00Z,D1,3h,-4.938,4.99,5.417,0.891,240
47284198,CHALLACA,HUANCAVELICA,HUAYTARA,ecmwf,temp,20260829,20260927,"00Z,12Z",D1,3h,-2.427,2.66,3.069,0.895,220
47284198,CHALLACA,HUANCAVELICA,HUAYTARA,gfs,temp,20260829,20260927,"00Z,12Z",D1,3h,-2.224,2.658,3.078,0.873,220
47284198,CHALLACA,HUANCAVELICA,HUAYTARA,eta5,temp,20260829,20260927,"00Z,12Z",D1,3h,-4.088,4.156,4.532,0.842,163
47284198,CHALLACA,HUANCAVELICA,HUAYTARA,wrf5,temp,20260829,20260927,"00Z,12Z",D1,3h,-2.222,2.974,3.711,0.752,220
47284198,CHALLACA,HUANCAVELICA,HUAYTARA,mpas15,temp,20260829,20260927,00Z,D1,3h,-5.956,5.985,6.554,0.822,110
472811E4,CHALLACA M,HUANCAVELICA,HUAYTARA,ecmwf,temp,20260829,20260927,"00Z,12Z",D1,3h,-2.208,2.478,3.131,0.913,478
472811E4,CHALLACA M,HUANCAVELICA,HUAYTARA,gfs,temp,20260829,20260927,"00Z,12Z",D1,3h,-2.206,2.609,3.295,0.903,478
472811E4,CHALLACA M,HUANCAVELICA,HUAYTARA,eta5,temp,20260829,20260927,"00Z,12Z",D1,3h,-3.824,3.838,4.106,0.902,396
472811E4,CHALLACA M,HUANCAVELICA,HUAYTARA,wrf5,temp,20260829,20260927,"00Z,12Z",D1,3h,-1.703,2.573,3.231,0.846,470
472811E4,CHALLACA M,HUANCAVELICA,HUAYTARA,mpas15,temp,20260829,20260927,00Z,D1,3h,-5.739,5.75,6.567,0.879,239
4728F216,CORDOVA,HUANCAVELICA,HUAYTARA,ecmwf,temp,20260829,20260927,"00Z,12Z",D1,3h,-0.855,1.283,1.653,0.823,472
4728F216,CORDOVA,HUANCAVELICA,HUAYTARA,gfs,temp,20260829,20260927,"00Z,12Z",D1,3h,0.528,1.205,1.429,0.838,472
4728F216,CORDOVA,HUANCAVELICA,HUAYTARA,eta5,temp,20260829,20260927,"00Z,12Z",D1,3h,-0.111,1.952,2.311,0.809,392
4728F216,CORDOVA,HUANCAVELICA,HUAYTARA,wrf5,temp,20260829,20260927,"00Z,12Z",D1,3h,-1.043,1.361,1.686,0.846,464
4728F216,CORDOVA,HUANCAVELICA,HUAYTARA,mpas15,temp,20260829,20260927,00Z,D1,3h,0.236,1.263,1.539,0.814,236
4728C78C,CUSICANCHA,HUANCAVELICA,HUAYTARA,ecmwf,temp,20260829,20260927,"00Z,12Z",D1,3h,-6.229,6.229,6.534,0.851,474
4728C78C,CUSICANCHA,HUANCAVELICA,HUAYTARA,gfs,temp,20260829,20260927,"00Z,12Z",D1,3h,-4.372,4.382,5.004,0.768,474
4728C78C,CUSICANCHA,HUANCAVELICA,HUAYTARA,eta5,temp,20260829,20260927,"00Z,12Z",D1,3h,-3.629,3.705,4.095,0.831,393
4728C78C,CUSICANCHA,HUANCAVELICA,HUAYTARA,wrf5,temp,20260829,20260927,"00Z,12Z",D1,3h,-1.744,2.139,2.712,0.806,466
4728C78C,CUSICANCHA,HUANCAVELICA,HUAYTARA,mpas15,temp,20260829,20260927,00Z,D1,3h,-4.429,4.429,4.853,0.875,237
213507,RAMADILLAS,HUANCAVELICA,HUAYTARA,ecmwf,temp,20260829,20260927,"00Z,12Z",D1,3h,S/D,S/D,S/D,S/D,0
213507,RAMADILLAS,HUANCAVELICA,HUAYTARA,gfs,temp,20260829,20260927,"00Z,12Z",D1,3h,S/D,S/D,S/D,S/D,0
213507,RAMADILLAS,HUANCAVELICA,HUAYTARA,eta5,temp,20260829,20260927,"00Z,12Z",D1,3h,S/D,S/D,S/D,S/D,0
213507,RAMADILLAS,HUANCAVELICA,HUAYTARA,wrf5,temp,20260829,20260927,"00Z,12Z",D1,3h,S/D,S/D,S/D,S/D,0
213507,RAMADILLAS,HUANCAVELICA,HUAYTARA,mpas15,temp,20260829,20260927,00Z,D1,3h,S/D,S/D,S/D,S/D,0
4729131E,SANTIAGO DE CHOCORVOS,HUANCAVELICA,HUAYTARA,ecmwf,temp,20260829,20260927,"00Z,12Z",D1,3h,-7.352,7.352,7.563,0.856,476
4729131E,SANTIAGO DE CHOCORVOS,HUANCAVELICA,HUAYTARA,gfs,temp,20260829,20260927,"00Z,12Z",D1,3h,-6.569,6.569,6.78,0.828,476
4729131E,SANTIAGO DE CHOCORVOS,HUANCAVELICA,HUAYTARA,eta5,temp,20260829,20260927,"00Z,12Z",D1,3h,-5.743,5.743,6.011,0.835,395
4729131E,SANTIAGO DE CHOCORVOS,HUANCAVELICA,HUAYTARA,wrf5,temp,20260829,20260927,"00Z,12Z",D1,3h,-5.527,5.527,5.765,0.783,468
4729131E,SANTIAGO DE CHOCORVOS,HUANCAVELICA,HUAYTARA,mpas15,temp,20260829,20260927,00Z,D1,3h,-7.134,7.134,7.393,0.849,238
112269,COCHABAMBA GRANDE,HUANCAVELICA,TAYACAJA,ecmwf,temp,20260829,20260927,"00Z,12Z",D1,3h,-5.163,5.163,5.445,0.782,176
112269,COCHABAMBA GRANDE,HUANCAVELICA,TAYACAJA,gfs,temp,20260829,20260927,"00Z,12Z",D1,3h,-2.136,2.281,2.736,0.765,176
112269,COCHABAMBA GRANDE,HUANCAVELICA,TAYACAJA,eta5,temp,20260829,20260927,"00Z,12Z",D1,3h,-1.582,1.779,2.174,0.833,118
112269,COCHABAMBA GRANDE,HUANCAVELICA,TAYACAJA,wrf5,temp,20260829,20260927,"00Z,12Z",D1,3h,-2.637,2.688,3.002,0.848,176
112269,COCHABAMBA GRANDE,HUANCAVELICA,TAYACAJA,mpas15,temp,20260829,20260927,00Z,D1,3h,-0.425,1.361,1.964,0.852,88
110146,QUISCA,HUANUCO,AMBO,ecmwf,temp,20260829,20260927,"00Z,12Z",D1,3h,-6.161,6.161,6.385,0.881,278
110146,QUISCA,HUANUCO,AMBO,gfs,temp,20260829,20260927,"00Z,12Z",D1,3h,-7.604,7.604,7.839,0.848,278
110146,QUISCA,HUANUCO,AMBO,eta5,temp,20260829,20260927,"00Z,12Z",D1,3h,-4.041,4.097,4.348,0.887,231
110146,QUISCA,HUANUCO,AMBO,wrf5,temp,20260829,20260927,"00Z,12Z",D1,3h,-1.349,1.833,2.102,0.909,272
110146,QUISCA,HUANUCO,AMBO,mpas15,temp,20260829,20260927,00Z,D1,3h,-9.609,9.609,9.937,0.845,139
47E845FC,CACHICOTO,HUANUCO,HUAMALIES,ecmwf,temp,20260829,20260927,"00Z,12Z",D1,3h,-4.468,4.586,5.134,0.796,480
47E845FC,CACHICOTO,HUANUCO,HUAMALIES,gfs,temp,20260829,20260927,"00Z,12Z",D1,3h,-5.133,5.306,5.951,0.731,480
47E845FC,CACHICOTO,HUANUCO,HUAMALIES,eta5,temp,20260829,20260927,"00Z,12Z",D1,3h,-0.281,2.108,2.653,0.74,398
47E845FC,CACHICOTO,HUANUCO,HUAMALIES,wrf5,temp,20260829,20260927,"00Z,12Z",D1,3h,0.576,1.926,2.442,0.766,472
47E845FC,CACHICOTO,HUANUCO,HUAMALIES,mpas15,temp,20260829,20260927,00Z,D1,3h,-4.62,4.695,5.452,0.686,240
4720EB14,SAN MARTIN,HUANUCO,HUAMALIES,ecmwf,temp,20260829,20260927,"00Z,12Z",D1,3h,-1.776,3.008,3.486,0.819,480
4720EB14,SAN MARTIN,HUANUCO,HUAMALIES,gfs,temp,20260829,20260927,"00Z,12Z",D1,3h,-2.702,3.178,3.852,0.748,480
4720EB14,SAN MARTIN,HUANUCO,HUAMALIES,eta5,temp,20260829,20260927,"00Z,12Z",D1,3h,6.554,6.554,7.124,0.84,398
4720EB14,SAN MARTIN,HUANUCO,HUAMALIES,wrf5,temp,20260829,20260927,"00Z,12Z",D1,3h,-0.575,2.144,2.63,0.784,472
4720EB14,SAN MARTIN,HUANUCO,HUAMALIES,mpas15,temp,20260829,20260927,00Z,D1,3h,-2.979,3.377,4.092,0.746,240
472D0552,CHINCHAVITO,HUANUCO,HUANUCO,ecmwf,temp,20260829,20260927,"00Z,12Z",D1,3h,S/D,S/D,S/D,S/D,0
472D0552,CHINCHAVITO,HUANUCO,HUANUCO,gfs,temp,20260829,20260927,"00Z,12Z",D1,3h,S/D,S/D,S/D,S/D,0
472D0552,CHINCHAVITO,HUANUCO,HUANUCO,eta5,temp,20260829,20260927,"00Z,12Z",D1,3h,S/D,S/D,S/D,S/D,0
472D0552,CHINCHAVITO,HUANUCO,HUANUCO,wrf5,temp,20260829,20260927,"00Z,12Z",D1,3h,S/D,S/D,S/D,S/D,0
472D0552,CHINCHAVITO,HUANUCO,HUANUCO,mpas15,temp,20260829,20260927,00Z,D1,3h,S/D,S/D,S/D,S/D,0
472B730C,PUENTE TARUCA,HUANUCO,HUANUCO,ecmwf,temp,20260829,20260927,"00Z,12Z",D1,3h,S/D,S/D,S/D,S/D,0
472B730C,PUENTE TARUCA,HUANUCO,HUANUCO,gfs,temp,20260829,20260927,"00Z,12Z",D1,3h,S/D,S/D,S/D,S/D,0
472B730C,PUENTE TARUCA,HUANUCO,HUANUCO,eta5,temp,20260829,20260927,"00Z,12Z",D1,3h,S/D,S/D,S/D,S/D,0
472B730C,PUENTE TARUCA,HUANUCO,HUANUCO,wrf5,temp,20260829,20260927,"00Z,12Z",D1,3h,S/D,S/D,S/D,S/D,0
472B730C,PUENTE TARUCA,HUANUCO,HUANUCO,mpas15,temp,20260829,20260927,00Z,D1,3h,S/D,S/D,S/D,S/D,0
110140,JESUS DE LAURICOCHA,HUANUCO,LAURICOCHA,ecmwf,temp,20260829,20260927,"00Z,12Z",D1,3h,-3.713,3.763,4.197,0.894,480
110140,JESUS DE LAURICOCHA,HUANUCO,LAURICOCHA,gfs,temp,20260829,20260927,"00Z,12Z",D1,3h,-2.956,3.198,3.667,0.867,480
110140,JESUS DE LAURICOCHA,HUANUCO,LAURICOCHA,eta5,temp,20260829,20260927,"00Z,12Z",D1,3h,-3.241,3.443,4.016,0.837,398
110140,JESUS DE LAURICOCHA,HUANUCO,LAURICOCHA,wrf5,temp,20260829,20260927,"00Z,12Z",D1,3h,-1.261,1.952,2.348,0.896,472
110140,JESUS DE LAURICOCHA,HUANUCO,LAURICOCHA,mpas15,temp,20260829,20260927,00Z,D1,3h,-3.863,3.952,4.342,0.901,240
472DA5AA,PUENTE BELLA,HUANUCO,LEONCIO PRADO,ecmwf,temp,20260829,20260927,"00Z,12Z",D1,3h,S/D,S/D,S/D,S/D,0
472DA5AA,PUENTE BELLA,HUANUCO,LEONCIO PRADO,gfs,temp,20260829,20260927,"00Z,12Z",D1,3h,S/D,S/D,S/D,S/D,0
472DA5AA,PUENTE BELLA,HUANUCO,LEONCIO PRADO,eta5,temp,20260829,20260927,"00Z,12Z",D1,3h,S/D,S/D,S/D,S/D,0
472DA5AA,PUENTE BELLA,HUANUCO,LEONCIO PRADO,wrf5,temp,20260829,20260927,"00Z,12Z",D1,3h,S/D,S/D,S/D,S/D,0
472DA5AA,PUENTE BELLA,HUANUCO,LEONCIO PRADO,mpas15,temp,20260829,20260927,00Z,D1,3h,S/D,S/D,S/D,S/D,0
47270400,TINGO MARIA,HUANUCO,LEONCIO PRADO,ecmwf,temp,20260829,20260927,"00Z,12Z",D1,3h,-1.946,2.293,2.635,0.877,478
47270400,TINGO MARIA,HUANUCO,LEONCIO PRADO,gfs,temp,20260829,20260927,"00Z,12Z",D1,3h,-3.336,3.768,4.237,0.843,478
47270400,TINGO MARIA,HUANUCO,LEONCIO PRADO,eta5,temp,20260829,20260927,"00Z,12Z",D1,3h,0.534,1.765,2.28,0.81,396
47270400,TINGO MARIA,HUANUCO,LEONCIO PRADO,wrf5,temp,20260829,20260927,"00Z,12Z",D1,3h,-0.334,1.544,2.055,0.836,470
47270400,TINGO MARIA,HUANUCO,LEONCIO PRADO,mpas15,temp,20260829,20260927,00Z,D1,3h,-5.531,5.556,6.019,0.764,239
4727A4F8,PUERTO INCA,HUANUCO,PUERTO INCA,ecmwf,temp,20260829,20260927,"00Z,12Z",D1,3h,-0.65,1.327,1.794,0.877,478
4727A4F8,PUERTO INCA,HUANUCO,PUERTO INCA,gfs,temp,20260829,20260927,"00Z,12Z",D1,3h,-0.416,1.914,2.454,0.887,478
4727A4F8,PUERTO INCA,HUANUCO,PUERTO INCA,eta5,temp,20260829,20260927,"00Z,12Z",D1,3h,2.294,2.742,3.508,0.79,396
4727A4F8,PUERTO INCA,HUANUCO,PUERTO INCA,wrf5,temp,20260829,20260927,"00Z,12Z",D1,3h,0.086,1.445,2.082,0.867,470
4727A4F8,PUERTO INCA,HUANUCO,PUERTO INCA,mpas15,temp,20260829,20260927,00Z,D1,3h,-1.088,1.69,2.343,0.87,239
109094,PUCA PUCA,HUANUCO,YAROWILCA,ecmwf,temp,20260829,20260927,"00Z,12Z",D1,3h,-1.996,2.433,2.795,0.89,470
109094,PUCA PUCA,HUANUCO,YAROWILCA,gfs,temp,20260829,20260927,"00Z,12Z",D1,3h,-0.964,1.871,2.236,0.818,470
109094,PUCA PUCA,HUANUCO,YAROWILCA,eta5,temp,20260829,20260927,"00Z,12Z",D1,3h,-2.32,2.967,3.457,0.815,390
109094,PUCA PUCA,HUANUCO,YAROWILCA,wrf5,temp,20260829,20260927,"00Z,12Z",D1,3h,-0.561,1.573,1.908,0.887,462
109094,PUCA PUCA,HUANUCO,YAROWILCA,mpas15,temp,20260829,20260927,00Z,D1,3h,-2.606,2.795,3.197,0.888,235
4728A26A,CONTA M,ICA,CHINCHA,ecmwf,temp,20260829,20260927,"00Z,12Z",D1,3h,-0.7,1.538,1.82,0.838,440
4728A26A,CONTA M,ICA,CHINCHA,gfs,temp,20260829,20260927,"00Z,12Z",D1,3h,-0.886,1.662,2.0,0.795,440
4728A26A,CONTA M,ICA,CHINCHA,eta5,temp,20260829,20260927,"00Z,12Z",D1,3h,-0.258,1.887,2.307,0.759,363
4728A26A,CONTA M,ICA,CHINCHA,wrf5,temp,20260829,20260927,"00Z,12Z",D1,3h,-1.142,1.796,2.132,0.8,433
4728A26A,CONTA M,ICA,CHINCHA,mpas15,temp,20260829,20260927,00Z,D1,3h,-1.579,2.129,2.555,0.747,220
4728B11C,FONAGRO,ICA,CHINCHA,ecmwf,temp,20260829,20260927,"00Z,12Z",D1,3h,-1.061,1.919,2.557,0.506,476
4728B11C,FONAGRO,ICA,CHINCHA,gfs,temp,20260829,20260927,"00Z,12Z",D1,3h,-3.226,3.491,4.022,0.607,476
4728B11C,FONAGRO,ICA,CHINCHA,eta5,temp,20260829,20260927,"00Z,12Z",D1,3h,-1.918,2.342,2.765,0.841,396
4728B11C,FONAGRO,ICA,CHINCHA,wrf5,temp,20260829,20260927,"00Z,12Z",D1,3h,-1.587,1.88,2.231,0.788,468
4728B11C,FONAGRO,ICA,CHINCHA,mpas15,temp,20260829,20260927,00Z,D1,3h,-1.985,2.3,2.634,0.781,238
4728E160,SAN PEDRO DE HUACARPANA,ICA,CHINCHA,ecmwf,temp,20260829,20260927,"00Z,12Z",D1,3h,-1.632,1.979,2.523,0.847,464
4728E160,SAN PEDRO DE HUACARPANA,ICA,CHINCHA,gfs,temp,20260829,20260927,"00Z,12Z",D1,3h,1.551,1.735,2.021,0.85,464
4728E160,SAN PEDRO DE HUACARPANA,ICA,CHINCHA,eta5,temp,20260829,20260927,"00Z,12Z",D1,3h,0.476,1.932,2.38,0.834,385
4728E160,SAN PEDRO DE HUACARPANA,ICA,CHINCHA,wrf5,temp,20260829,20260927,"00Z,12Z",D1,3h,1.156,1.405,1.781,0.848,456
4728E160,SAN PEDRO DE HUACARPANA,ICA,CHINCHA,mpas15,temp,20260829,20260927,00Z,D1,3h,-0.63,1.252,1.55,0.852,232
472A446C,BETA SANTIAGO,ICA,ICA,ecmwf,temp,20260829,20260927,"00Z,12Z",D1,3h,0.75,1.548,2.029,0.883,462
472A446C,BETA SANTIAGO,ICA,ICA,gfs,temp,20260829,20260927,"00Z,12Z",D1,3h,1.23,1.999,2.636,0.834,462
472A446C,BETA SANTIAGO,ICA,ICA,eta5,temp,20260829,20260927,"00Z,12Z",D1,3h,3.462,3.981,4.868,0.861,383
472A446C,BETA SANTIAGO,ICA,ICA,wrf5,temp,20260829,20260927,"00Z,12Z",D1,3h,-1.009,3.064,3.677,0.809,454
472A446C,BETA SANTIAGO,ICA,ICA,mpas15,temp,20260829,20260927,00Z,D1,3h,-0.589,2.377,2.892,0.821,231
213503,HUAMANI EL TAMBO,ICA,ICA,ecmwf,temp,20260829,20260927,"00Z,12Z",D1,3h,-1.293,2.708,3.404,0.647,470
213503,HUAMANI EL TAMBO,ICA,ICA,gfs,temp,20260829,20260927,"00Z,12Z",D1,3h,-1.281,2.788,3.406,0.59,470
213503,HUAMANI EL TAMBO,ICA,ICA,eta5,temp,20260829,20260927,"00Z,12Z",D1,3h,1.754,2.772,3.667,0.637,388
213503,HUAMANI EL TAMBO,ICA,ICA,wrf5,temp,20260829,20260927,"00Z,12Z",D1,3h,0.839,2.469,2.956,0.617,462
213503,HUAMANI EL TAMBO,ICA,ICA,mpas15,temp,20260829,20260927,00Z,D1,3h,-1.332,2.693,3.308,0.612,235
213506,LOS MOLINOS,ICA,ICA,ecmwf,temp,20260829,20260927,"00Z,12Z",D1,3h,S/D,S/D,S/D,S/D,0
213506,LOS MOLINOS,ICA,ICA,gfs,temp,20260829,20260927,"00Z,12Z",D1,3h,S/D,S/D,S/D,S/D,0
213506,LOS MOLINOS,ICA,ICA,eta5,temp,20260829,20260927,"00Z,12Z",D1,3h,S/D,S/D,S/D,S/D,0
213506,LOS MOLINOS,ICA,ICA,wrf5,temp,20260829,20260927,"00Z,12Z",D1,3h,S/D,S/D,S/D,S/D,0
213506,LOS MOLINOS,ICA,ICA,mpas15,temp,20260829,20260927,00Z,D1,3h,S/D,S/D,S/D,S/D,0
114139,COPARA,ICA,NASCA,ecmwf,temp,20260829,20260927,"00Z,12Z",D1,3h,-0.9,1.864,2.513,0.885,240
114139,COPARA,ICA,NASCA,gfs,temp,20260829,20260927,"00Z,12Z",D1,3h,0.879,2.101,2.538,0.81,240
114139,COPARA,ICA,NASCA,eta5,temp,20260829,20260927,"00Z,12Z",D1,3h,2.059,2.47,3.009,0.824,209
114139,COPARA,ICA,NASCA,wrf5,temp,20260829,20260927,"00Z,12Z",D1,3h,0.905,1.813,2.239,0.877,235
114139,COPARA,ICA,NASCA,mpas15,temp,20260829,20260927,00Z,D1,3h,-0.615,2.319,2.817,0.787,120
114136,PALPA,ICA,PALPA,ecmwf,temp,20260829,20260927,"00Z,12Z",D1,3h,-1.981,2.421,2.868,0.905,480
114136,PALPA,ICA,PALPA,gfs,temp,20260829,20260927,"00Z,12Z",D1,3h,-1.556,2.609,3.151,0.846,480
114136,PALPA,ICA,PALPA,eta5,temp,20260829,20260927,"00Z,12Z",D1,3h,0.152,2.116,2.625,0.887,398
114136,PALPA,ICA,PALPA,wrf5,temp,20260829,20260927,"00Z,12Z",D1,3h,-0.699,2.253,2.68,0.881,472
114136,PALPA,ICA,PALPA,mpas15,temp,20260829,20260927,00Z,D1,3h,-2.743,3.35,3.933,0.83,240
114140,PAMPA BLANCA,ICA,PALPA,ecmwf,temp,20260829,20260927,"00Z,12Z",D1,3h,-2.803,3.684,4.49,0.623,360
114140,PAMPA BLANCA,ICA,PALPA,gfs,temp,20260829,20260927,"00Z,12Z",D1,3h,-3.728,4.436,5.215,0.596,360
114140,PAMPA BLANCA,ICA,PALPA,eta5,temp,20260829,20260927,"00Z,12Z",D1,3h,-0.962,3.078,3.778,0.728,297
114140,PAMPA BLANCA,ICA,PALPA,wrf5,temp,20260829,20260927,"00Z,12Z",D1,3h,1.064,2.944,3.537,0.638,356
114140,PAMPA BLANCA,ICA,PALPA,mpas15,temp,20260829,20260927,00Z,D1,3h,-4.071,4.515,5.314,0.679,180
213403,LETRAYOC,ICA,PISCO,ecmwf,temp,20260829,20260927,"00Z,12Z",D1,3h,S/D,S/D,S/D,S/D,0
213403,LETRAYOC,ICA,PISCO,gfs,temp,20260829,20260927,"00Z,12Z",D1,3h,S/D,S/D,S/D,S/D,0
213403,LETRAYOC,ICA,PISCO,eta5,temp,20260829,20260927,"00Z,12Z",D1,3h,S/D,S/D,S/D,S/D,0
213403,LETRAYOC,ICA,PISCO,wrf5,temp,20260829,20260927,"00Z,12Z",D1,3h,S/D,S/D,S/D,S/D,0
213403,LETRAYOC,ICA,PISCO,mpas15,temp,20260829,20260927,00Z,D1,3h,S/D,S/D,S/D,S/D,0
472DF5D6,HUAYTAPALLANA,JUNIN,HUANCAYO,ecmwf,temp,20260829,20260927,"00Z,12Z",D1,3h,1.094,1.656,2.113,0.793,476
472DF5D6,HUAYTAPALLANA,JUNIN,HUANCAYO,gfs,temp,20260829,20260927,"00Z,12Z",D1,3h,2.497,2.619,2.978,0.785,476
472DF5D6,HUAYTAPALLANA,JUNIN,HUANCAYO,eta5,temp,20260829,20260927,"00Z,12Z",D1,3h,0.323,1.551,1.933,0.837,394
472DF5D6,HUAYTAPALLANA,JUNIN,HUANCAYO,wrf5,temp,20260829,20260927,"00Z,12Z",D1,3h,0.137,1.21,1.583,0.826,468
472DF5D6,HUAYTAPALLANA,JUNIN,HUANCAYO,mpas15,temp,20260829,20260927,00Z,D1,3h,1.334,1.634,2.075,0.822,238
111288,CHACAPALPA,JUNIN,JAUJA,ecmwf,temp,20260829,20260927,"00Z,12Z",D1,3h,-1.216,2.521,3.048,0.84,472
111288,CHACAPALPA,JUNIN,JAUJA,gfs,temp,20260829,20260927,"00Z,12Z",D1,3h,-0.723,2.291,2.884,0.779,472
111288,CHACAPALPA,JUNIN,JAUJA,eta5,temp,20260829,20260927,"00Z,12Z",D1,3h,1.101,2.417,3.187,0.814,390
111288,CHACAPALPA,JUNIN,JAUJA,wrf5,temp,20260829,20260927,"00Z,12Z",D1,3h,0.499,2.142,2.77,0.828,464
111288,CHACAPALPA,JUNIN,JAUJA,mpas15,temp,20260829,20260927,00Z,D1,3h,-2.681,3.299,3.791,0.809,236
111299,POTSOTENI,JUNIN,SATIPO,ecmwf,temp,20260829,20260927,"00Z,12Z",D1,3h,-5.138,5.163,5.915,0.839,480
111299,POTSOTENI,JUNIN,SATIPO,gfs,temp,20260829,20260927,"00Z,12Z",D1,3h,-3.827,4.234,4.917,0.811,480
111299,POTSOTENI,JUNIN,SATIPO,eta5,temp,20260829,20260927,"00Z,12Z",D1,3h,1.705,2.824,3.567,0.774,398
111299,POTSOTENI,JUNIN,SATIPO,wrf5,temp,20260829,20260927,"00Z,12Z",D1,3h,1.793,2.551,3.268,0.818,472
111299,POTSOTENI,JUNIN,SATIPO,mpas15,temp,20260829,20260927,00Z,D1,3h,-4.432,4.558,5.411,0.796,240
4725C4EA,SATIPO,JUNIN,SATIPO,ecmwf,temp,20260829,20260927,"00Z,12Z",D1,3h,-2.381,2.531,3.026,0.912,478
4725C4EA,SATIPO,JUNIN,SATIPO,gfs,temp,20260829,20260927,"00Z,12Z",D1,3h,-1.883,2.714,3.36,0.844,478
4725C4EA,SATIPO,JUNIN,SATIPO,eta5,temp,20260829,20260927,"00Z,12Z",D1,3h,2.561,3.168,3.849,0.778,397
4725C4EA,SATIPO,JUNIN,SATIPO,wrf5,temp,20260829,20260927,"00Z,12Z",D1,3h,1.659,2.336,2.89,0.851,470
4725C4EA,SATIPO,JUNIN,SATIPO,mpas15,temp,20260829,20260927,00Z,D1,3h,-3.662,3.777,4.625,0.821,239
47257764,TARMA,JUNIN,TARMA,ecmwf,temp,20260829,20260927,"00Z,12Z",D1,3h,-7.176,7.176,7.395,0.899,472
47257764,TARMA,JUNIN,TARMA,gfs,temp,20260829,20260927,"00Z,12Z",D1,3h,-5.529,5.546,6.108,0.811,472
47257764,TARMA,JUNIN,TARMA,eta5,temp,20260829,20260927,"00Z,12Z",D1,3h,-4.841,4.87,5.305,0.85,393
47257764,TARMA,JUNIN,TARMA,wrf5,temp,20260829,20260927,"00Z,12Z",D1,3h,-1.014,1.874,2.251,0.883,464
47257764,TARMA,JUNIN,TARMA,mpas15,temp,20260829,20260927,00Z,D1,3h,-7.184,7.187,7.63,0.892,236
472D9030,MARCAPOMACOCHA,JUNIN,YAULI,ecmwf,temp,20260829,20260927,"00Z,12Z",D1,3h,-2.349,2.623,3.123,0.878,480
472D9030,MARCAPOMACOCHA,JUNIN,YAULI,gfs,temp,20260829,20260927,"00Z,12Z",D1,3h,-0.575,1.841,2.429,0.819,480
472D9030,MARCAPOMACOCHA,JUNIN,YAULI,eta5,temp,20260829,20260927,"00Z,12Z",D1,3h,-1.045,1.949,2.36,0.827,398
472D9030,MARCAPOMACOCHA,JUNIN,YAULI,wrf5,temp,20260829,20260927,"00Z,12Z",D1,3h,0.163,1.608,2.108,0.873,472
472D9030,MARCAPOMACOCHA,JUNIN,YAULI,mpas15,temp,20260829,20260927,00Z,D1,3h,-1.943,2.27,2.692,0.905,240
472D30C8,CASAGRANDE,LA LIBERTAD,ASCOPE,ecmwf,temp,20260829,20260927,"00Z,12Z",D1,3h,0.856,1.166,1.494,0.901,474
472D30C8,CASAGRANDE,LA LIBERTAD,ASCOPE,gfs,temp,20260829,20260927,"00Z,12Z",D1,3h,0.131,1.02,1.285,0.895,474
472D30C8,CASAGRANDE,LA LIBERTAD,ASCOPE,eta5,temp,20260829,20260927,"00Z,12Z",D1,3h,-0.057,1.595,1.938,0.839,392
472D30C8,CASAGRANDE,LA LIBERTAD,ASCOPE,wrf5,temp,20260829,20260927,"00Z,12Z",D1,3h,-0.234,1.381,1.682,0.839,466
472D30C8,CASAGRANDE,LA LIBERTAD,ASCOPE,mpas15,temp,20260829,20260927,00Z,D1,3h,-1.019,1.439,1.661,0.888,237
211001,SALINAR,LA LIBERTAD,ASCOPE,ecmwf,temp,20260829,20260927,"00Z,12Z",D1,3h,S/D,S/D,S/D,S/D,0
211001,SALINAR,LA LIBERTAD,ASCOPE,gfs,temp,20260829,20260927,"00Z,12Z",D1,3h,S/D,S/D,S/D,S/D,0
211001,SALINAR,LA LIBERTAD,ASCOPE,eta5,temp,20260829,20260927,"00Z,12Z",D1,3h,S/D,S/D,S/D,S/D,0
211001,SALINAR,LA LIBERTAD,ASCOPE,wrf5,temp,20260829,20260927,"00Z,12Z",D1,3h,S/D,S/D,S/D,S/D,0
211001,SALINAR,LA LIBERTAD,ASCOPE,mpas15,temp,20260829,20260927,00Z,D1,3h,S/D,S/D,S/D,S/D,0
472EA2A4,CASCAS,LA LIBERTAD,GRAN CHIMU,ecmwf,temp,20260829,20260927,"00Z,12Z",D1,3h,-2.896,3.055,3.494,0.814,480
472EA2A4,CASCAS,LA LIBERTAD,GRAN CHIMU,gfs,temp,20260829,20260927,"00Z,12Z",D1,3h,-1.135,1.99,2.5,0.715,480
472EA2A4,CASCAS,LA LIBERTAD,GRAN CHIMU,eta5,temp,20260829,20260927,"00Z,12Z",D1,3h,-0.265,1.545,1.982,0.839,398
472EA2A4,CASCAS,LA LIBERTAD,GRAN CHIMU,wrf5,temp,20260829,20260927,"00Z,12Z",D1,3h,-0.475,1.426,1.836,0.832,472
472EA2A4,CASCAS,LA LIBERTAD,GRAN CHIMU,mpas15,temp,20260829,20260927,00Z,D1,3h,-2.787,3.056,3.391,0.811,240
47E0A2A8,EL TAMBO,LA LIBERTAD,GRAN CHIMU,ecmwf,temp,20260829,20260927,"00Z,12Z",D1,3h,-6.161,6.169,6.841,0.705,478
47E0A2A8,EL TAMBO,LA LIBERTAD,GRAN CHIMU,gfs,temp,20260829,20260927,"00Z,12Z",D1,3h,-4.408,4.532,5.396,0.63,478
47E0A2A8,EL TAMBO,LA LIBERTAD,GRAN CHIMU,eta5,temp,20260829,20260927,"00Z,12Z",D1,3h,-1.387,2.034,2.433,0.878,396
47E0A2A8,EL TAMBO,LA LIBERTAD,GRAN CHIMU,wrf5,temp,20260829,20260927,"00Z,12Z",D1,3h,-1.227,1.972,2.426,0.866,470
47E0A2A8,EL TAMBO,LA LIBERTAD,GRAN CHIMU,mpas15,temp,20260829,20260927,00Z,D1,3h,-6.983,7.029,7.554,0.699,239
472D552E,LUCMA,LA LIBERTAD,GRAN CHIMU,ecmwf,temp,20260829,20260927,"00Z,12Z",D1,3h,-2.411,3.092,3.6,0.854,480
472D552E,LUCMA,LA LIBERTAD,GRAN CHIMU,gfs,temp,20260829,20260927,"00Z,12Z",D1,3h,-2.769,3.088,3.526,0.815,480
472D552E,LUCMA,LA LIBERTAD,GRAN CHIMU,eta5,temp,20260829,20260927,"00Z,12Z",D1,3h,-3.331,3.399,3.829,0.823,398
472D552E,LUCMA,LA LIBERTAD,GRAN CHIMU,wrf5,temp,20260829,20260927,"00Z,12Z",D1,3h,-2.853,2.911,3.235,0.817,472
472D552E,LUCMA,LA LIBERTAD,GRAN CHIMU,mpas15,temp,20260829,20260927,00Z,D1,3h,-3.322,3.389,3.782,0.863,240
472CC2B6,MARMOT,LA LIBERTAD,GRAN CHIMU,ecmwf,temp,20260829,20260927,"00Z,12Z",D1,3h,0.172,1.08,1.366,0.861,480
472CC2B6,MARMOT,LA LIBERTAD,GRAN CHIMU,gfs,temp,20260829,20260927,"00Z,12Z",D1,3h,3.502,3.515,3.71,0.852,480
472CC2B6,MARMOT,LA LIBERTAD,GRAN CHIMU,eta5,temp,20260829,20260927,"00Z,12Z",D1,3h,0.4,1.493,1.86,0.813,398
472CC2B6,MARMOT,LA LIBERTAD,GRAN CHIMU,wrf5,temp,20260829,20260927,"00Z,12Z",D1,3h,-3.135,3.139,3.332,0.847,472
472CC2B6,MARMOT,LA LIBERTAD,GRAN CHIMU,mpas15,temp,20260829,20260927,00Z,D1,3h,2.107,2.247,2.675,0.827,240
472E5220,PUENTE PALMIRA,LA LIBERTAD,GRAN CHIMU,ecmwf,temp,20260829,20260927,"00Z,12Z",D1,3h,-4.937,4.968,5.653,0.696,480
472E5220,PUENTE PALMIRA,LA LIBERTAD,GRAN CHIMU,gfs,temp,20260829,20260927,"00Z,12Z",D1,3h,-3.176,3.461,4.306,0.627,480
472E5220,PUENTE PALMIRA,LA LIBERTAD,GRAN CHIMU,eta5,temp,20260829,20260927,"00Z,12Z",D1,3h,0.677,1.64,2.245,0.864,398
472E5220,PUENTE PALMIRA,LA LIBERTAD,GRAN CHIMU,wrf5,temp,20260829,20260927,"00Z,12Z",D1,3h,-0.684,1.815,2.279,0.824,472
472E5220,PUENTE PALMIRA,LA LIBERTAD,GRAN CHIMU,mpas15,temp,20260829,20260927,00Z,D1,3h,-4.43,4.572,5.127,0.752,240
472D8346,CALLANCAS,LA LIBERTAD,OTUZCO,ecmwf,temp,20260829,20260927,"00Z,12Z",D1,3h,-6.098,6.116,6.549,0.884,480
472D8346,CALLANCAS,LA LIBERTAD,OTUZCO,gfs,temp,20260829,20260927,"00Z,12Z",D1,3h,-6.456,6.458,6.807,0.817,480
472D8346,CALLANCAS,LA LIBERTAD,OTUZCO,eta5,temp,20260829,20260927,"00Z,12Z",D1,3h,-1.48,2.115,2.638,0.888,398
472D8346,CALLANCAS,LA LIBERTAD,OTUZCO,wrf5,temp,20260829,20260927,"00Z,12Z",D1,3h,0.515,1.518,1.906,0.864,472
472D8346,CALLANCAS,LA LIBERTAD,OTUZCO,mpas15,temp,20260829,20260927,00Z,D1,3h,-7.982,7.982,8.149,0.891,240
472EB1D2,CAPACHIQUE,LA LIBERTAD,OTUZCO,ecmwf,temp,20260829,20260927,"00Z,12Z",D1,3h,-2.004,2.458,2.881,0.818,480
472EB1D2,CAPACHIQUE,LA LIBERTAD,OTUZCO,gfs,temp,20260829,20260927,"00Z,12Z",D1,3h,-1.55,1.961,2.473,0.8,480
472EB1D2,CAPACHIQUE,LA LIBERTAD,OTUZCO,eta5,temp,20260829,20260927,"00Z,12Z",D1,3h,-1.879,2.514,3.116,0.808,398
472EB1D2,CAPACHIQUE,LA LIBERTAD,OTUZCO,wrf5,temp,20260829,20260927,"00Z,12Z",D1,3h,0.091,1.145,1.475,0.801,472
472EB1D2,CAPACHIQUE,LA LIBERTAD,OTUZCO,mpas15,temp,20260829,20260927,00Z,D1,3h,-4.514,4.514,4.875,0.825,240
107131,LA FORTUNA,LA LIBERTAD,OTUZCO,ecmwf,temp,20260829,20260927,"00Z,12Z",D1,3h,3.806,3.904,4.903,0.803,478
107131,LA FORTUNA,LA LIBERTAD,OTUZCO,gfs,temp,20260829,20260927,"00Z,12Z",D1,3h,3.455,3.469,4.104,0.806,478
107131,LA FORTUNA,LA LIBERTAD,OTUZCO,eta5,temp,20260829,20260927,"00Z,12Z",D1,3h,-4.093,4.096,4.491,0.812,396
107131,LA FORTUNA,LA LIBERTAD,OTUZCO,wrf5,temp,20260829,20260927,"00Z,12Z",D1,3h,0.064,1.511,1.879,0.681,470
107131,LA FORTUNA,LA LIBERTAD,OTUZCO,mpas15,temp,20260829,20260927,00Z,D1,3h,0.266,1.581,1.912,0.839,239
472E74CC,PUENTE COINA,LA LIBERTAD,OTUZCO,ecmwf,temp,20260829,20260927,"00Z,12Z",D1,3h,-3.972,4.036,4.484,0.907,480
472E74CC,PUENTE COINA,LA LIBERTAD,OTUZCO,gfs,temp,20260829,20260927,"00Z,12Z",D1,3h,-4.33,4.348,4.797,0.825,480
472E74CC,PUENTE COINA,LA LIBERTAD,OTUZCO,eta5,temp,20260829,20260927,"00Z,12Z",D1,3h,-5.956,5.956,6.204,0.891,398
472E74CC,PUENTE COINA,LA LIBERTAD,OTUZCO,wrf5,temp,20260829,20260927,"00Z,12Z",D1,3h,-3.058,3.548,4.068,0.696,472
472E74CC,PUENTE COINA,LA LIBERTAD,OTUZCO,mpas15,temp,20260829,20260927,00Z,D1,3h,-7.528,7.528,7.677,0.91,240
472D60B4,USQUIL,LA LIBERTAD,OTUZCO,ecmwf,temp,20260829,20260927,"00Z,12Z",D1,3h,2.241,2.661,3.312,0.797,480
472D60B4,USQUIL,LA LIBERTAD,OTUZCO,gfs,temp,20260829,20260927,"00Z,12Z",D1,3h,1.883,2.219,2.555,0.834,480
472D60B4,USQUIL,LA LIBERTAD,OTUZCO,eta5,temp,20260829,20260927,"00Z,12Z",D1,3h,0.251,1.532,1.892,0.818,398
472D60B4,USQUIL,LA LIBERTAD,OTUZCO,wrf5,temp,20260829,20260927,"00Z,12Z",D1,3h,3.168,3.49,3.846,0.811,472
472D60B4,USQUIL,LA LIBERTAD,OTUZCO,mpas15,temp,20260829,20260927,00Z,D1,3h,-3.226,3.432,3.906,0.786,240
107130,TICAPAMPA,LA LIBERTAD,SANCHEZ CARRION,ecmwf,temp,20260829,20260927,"00Z,12Z",D1,3h,-6.078,6.111,6.903,0.792,474
107130,TICAPAMPA,LA LIBERTAD,SANCHEZ CARRION,gfs,temp,20260829,20260927,"00Z,12Z",D1,3h,-5.09,5.09,5.611,0.848,474
107130,TICAPAMPA,LA LIBERTAD,SANCHEZ CARRION,eta5,temp,20260829,20260927,"00Z,12Z",D1,3h,-1.322,2.421,2.925,0.841,394
107130,TICAPAMPA,LA LIBERTAD,SANCHEZ CARRION,wrf5,temp,20260829,20260927,"00Z,12Z",D1,3h,-1.381,1.949,2.606,0.86,466
107130,TICAPAMPA,LA LIBERTAD,SANCHEZ CARRION,mpas15,temp,20260829,20260927,00Z,D1,3h,-4.691,4.701,5.182,0.878,237
4727319A,QUIRUVILCA,LA LIBERTAD,SANTIAGO DE CHUCO,ecmwf,temp,20260829,20260927,"00Z,12Z",D1,3h,-0.299,1.343,1.683,0.852,468
4727319A,QUIRUVILCA,LA LIBERTAD,SANTIAGO DE CHUCO,gfs,temp,20260829,20260927,"00Z,12Z",D1,3h,1.521,1.799,2.141,0.882,468
4727319A,QUIRUVILCA,LA LIBERTAD,SANTIAGO DE CHUCO,eta5,temp,20260829,20260927,"00Z,12Z",D1,3h,-0.776,1.423,1.857,0.864,387
4727319A,QUIRUVILCA,LA LIBERTAD,SANTIAGO DE CHUCO,wrf5,temp,20260829,20260927,"00Z,12Z",D1,3h,-0.384,1.248,1.632,0.846,460
4727319A,QUIRUVILCA,LA LIBERTAD,SANTIAGO DE CHUCO,mpas15,temp,20260829,20260927,00Z,D1,3h,0.252,1.292,1.679,0.866,234
211408,CONDORCERRO,LA LIBERTAD,VIRU,ecmwf,temp,20260829,20260927,"00Z,12Z",D1,3h,S/D,S/D,S/D,S/D,0
211408,CONDORCERRO,LA LIBERTAD,VIRU,gfs,temp,20260829,20260927,"00Z,12Z",D1,3h,S/D,S/D,S/D,S/D,0
211408,CONDORCERRO,LA LIBERTAD,VIRU,eta5,temp,20260829,20260927,"00Z,12Z",D1,3h,S/D,S/D,S/D,S/D,0
211408,CONDORCERRO,LA LIBERTAD,VIRU,wrf5,temp,20260829,20260927,"00Z,12Z",D1,3h,S/D,S/D,S/D,S/D,0
211408,CONDORCERRO,LA LIBERTAD,VIRU,mpas15,temp,20260829,20260927,00Z,D1,3h,S/D,S/D,S/D,S/D,0
47E2F720,TINAJONES,LAMBAYEQUE,CHICLAYO,ecmwf,temp,20260829,20260927,"00Z,12Z",D1,3h,-0.153,1.092,1.391,0.924,476
47E2F720,TINAJONES,LAMBAYEQUE,CHICLAYO,gfs,temp,20260829,20260927,"00Z,12Z",D1,3h,-0.035,1.032,1.328,0.92,476
47E2F720,TINAJONES,LAMBAYEQUE,CHICLAYO,eta5,temp,20260829,20260927,"00Z,12Z",D1,3h,3.29,3.356,4.033,0.928,395
47E2F720,TINAJONES,LAMBAYEQUE,CHICLAYO,wrf5,temp,20260829,20260927,"00Z,12Z",D1,3h,0.028,1.478,1.922,0.92,468
47E2F720,TINAJONES,LAMBAYEQUE,CHICLAYO,mpas15,temp,20260829,20260927,00Z,D1,3h,-1.249,1.653,1.885,0.895,238
106140,VISTA FLORIDA,LAMBAYEQUE,CHICLAYO,ecmwf,temp,20260829,20260927,"00Z,12Z",D1,3h,-0.278,1.046,1.295,0.925,480
106140,VISTA FLORIDA,LAMBAYEQUE,CHICLAYO,gfs,temp,20260829,20260927,"00Z,12Z",D1,3h,-0.863,1.257,1.502,0.92,480
106140,VISTA FLORIDA,LAMBAYEQUE,CHICLAYO,eta5,temp,20260829,20260927,"00Z,12Z",D1,3h,-0.509,1.277,1.557,0.892,398
106140,VISTA FLORIDA,LAMBAYEQUE,CHICLAYO,wrf5,temp,20260829,20260927,"00Z,12Z",D1,3h,-0.754,1.323,1.547,0.893,472
106140,VISTA FLORIDA,LAMBAYEQUE,CHICLAYO,mpas15,temp,20260829,20260927,00Z,D1,3h,-1.001,1.29,1.624,0.916,240
106138,PUCHACA,LAMBAYEQUE,FERREÑAFE,ecmwf,temp,20260829,20260927,"00Z,12Z",D1,3h,S/D,S/D,S/D,S/D,0
106138,PUCHACA,LAMBAYEQUE,FERREÑAFE,gfs,temp,20260829,20260927,"00Z,12Z",D1,3h,S/D,S/D,S/D,S/D,0
106138,PUCHACA,LAMBAYEQUE,FERREÑAFE,eta5,temp,20260829,20260927,"00Z,12Z",D1,3h,S/D,S/D,S/D,S/D,0
106138,PUCHACA,LAMBAYEQUE,FERREÑAFE,wrf5,temp,20260829,20260927,"00Z,12Z",D1,3h,S/D,S/D,S/D,S/D,0
106138,PUCHACA,LAMBAYEQUE,FERREÑAFE,mpas15,temp,20260829,20260927,00Z,D1,3h,S/D,S/D,S/D,S/D,0
4726F67E,PASABAR,LAMBAYEQUE,LAMBAYEQUE,ecmwf,temp,20260829,20260927,"00Z,12Z",D1,3h,-1.921,2.253,2.776,0.889,468
4726F67E,PASABAR,LAMBAYEQUE,LAMBAYEQUE,gfs,temp,20260829,20260927,"00Z,12Z",D1,3h,-2.218,2.516,2.9,0.9,468
4726F67E,PASABAR,LAMBAYEQUE,LAMBAYEQUE,eta5,temp,20260829,20260927,"00Z,12Z",D1,3h,0.844,1.949,2.546,0.923,388
4726F67E,PASABAR,LAMBAYEQUE,LAMBAYEQUE,wrf5,temp,20260829,20260927,"00Z,12Z",D1,3h,-1.114,1.999,2.355,0.91,461
4726F67E,PASABAR,LAMBAYEQUE,LAMBAYEQUE,mpas15,temp,20260829,20260927,00Z,D1,3h,-1.602,1.972,2.311,0.928,234
47201542,TONGORRAPE,LAMBAYEQUE,LAMBAYEQUE,ecmwf,temp,20260829,20260927,"00Z,12Z",D1,3h,-0.906,1.786,2.239,0.888,478
47201542,TONGORRAPE,LAMBAYEQUE,LAMBAYEQUE,gfs,temp,20260829,20260927,"00Z,12Z",D1,3h,-0.438,1.621,2.039,0.909,478
47201542,TONGORRAPE,LAMBAYEQUE,LAMBAYEQUE,eta5,temp,20260829,20260927,"00Z,12Z",D1,3h,0.425,1.744,2.26,0.898,396
47201542,TONGORRAPE,LAMBAYEQUE,LAMBAYEQUE,wrf5,temp,20260829,20260927,"00Z,12Z",D1,3h,-0.508,1.669,2.019,0.907,470
47201542,TONGORRAPE,LAMBAYEQUE,LAMBAYEQUE,mpas15,temp,20260829,20260927,00Z,D1,3h,-1.301,1.833,2.196,0.902,239
4725F170,HUAROS,LIMA,CANTA,ecmwf,temp,20260829,20260927,"00Z,12Z",D1,3h,-4.82,4.9,5.434,0.685,472
4725F170,HUAROS,LIMA,CANTA,gfs,temp,20260829,20260927,"00Z,12Z",D1,3h,-4.599,4.611,5.029,0.653,472
4725F170,HUAROS,LIMA,CANTA,eta5,temp,20260829,20260927,"00Z,12Z",D1,3h,-3.056,3.399,4.027,0.723,392
4725F170,HUAROS,LIMA,CANTA,wrf5,temp,20260829,20260927,"00Z,12Z",D1,3h,-1.462,1.872,2.255,0.789,464
4725F170,HUAROS,LIMA,CANTA,mpas15,temp,20260829,20260927,00Z,D1,3h,-4.911,4.931,5.263,0.776,236
113249,CAÑETE,LIMA,CAÑETE,ecmwf,temp,20260829,20260927,"00Z,12Z",D1,3h,-1.941,2.342,2.693,0.806,480
113249,CAÑETE,LIMA,CAÑETE,gfs,temp,20260829,20260927,"00Z,12Z",D1,3h,-1.854,2.215,2.565,0.787,480
113249,CAÑETE,LIMA,CAÑETE,eta5,temp,20260829,20260927,"00Z,12Z",D1,3h,-1.409,2.753,3.074,0.808,398
113249,CAÑETE,LIMA,CAÑETE,wrf5,temp,20260829,20260927,"00Z,12Z",D1,3h,-0.518,1.553,1.854,0.729,472
113249,CAÑETE,LIMA,CAÑETE,mpas15,temp,20260829,20260927,00Z,D1,3h,-1.61,2.033,2.547,0.388,240
212900,LA CAPILLA SENAMHI,LIMA,CAÑETE,ecmwf,temp,20260829,20260927,"00Z,12Z",D1,3h,S/D,S/D,S/D,S/D,0
212900,LA CAPILLA SENAMHI,LIMA,CAÑETE,gfs,temp,20260829,20260927,"00Z,12Z",D1,3h,S/D,S/D,S/D,S/D,0
212900,LA CAPILLA SENAMHI,LIMA,CAÑETE,eta5,temp,20260829,20260927,"00Z,12Z",D1,3h,S/D,S/D,S/D,S/D,0
212900,LA CAPILLA SENAMHI,LIMA,CAÑETE,wrf5,temp,20260829,20260927,"00Z,12Z",D1,3h,S/D,S/D,S/D,S/D,0
212900,LA CAPILLA SENAMHI,LIMA,CAÑETE,mpas15,temp,20260829,20260927,00Z,D1,3h,S/D,S/D,S/D,S/D,0
472191AC,SOCSI,LIMA,CAÑETE,ecmwf,temp,20260829,20260927,"00Z,12Z",D1,3h,S/D,S/D,S/D,S/D,0
472191AC,SOCSI,LIMA,CAÑETE,gfs,temp,20260829,20260927,"00Z,12Z",D1,3h,S/D,S/D,S/D,S/D,0
472191AC,SOCSI,LIMA,CAÑETE,eta5,temp,20260829,20260927,"00Z,12Z",D1,3h,S/D,S/D,S/D,S/D,0
472191AC,SOCSI,LIMA,CAÑETE,wrf5,temp,20260829,20260927,"00Z,12Z",D1,3h,S/D,S/D,S/D,S/D,0
472191AC,SOCSI,LIMA,CAÑETE,mpas15,temp,20260829,20260927,00Z,D1,3h,S/D,S/D,S/D,S/D,0
47E323B2,CARAC,LIMA,HUARAL,ecmwf,temp,20260829,20260927,"00Z,12Z",D1,3h,-2.18,2.28,2.951,0.894,250
47E323B2,CARAC,LIMA,HUARAL,gfs,temp,20260829,20260927,"00Z,12Z",D1,3h,-2.756,2.89,3.906,0.82,250
47E323B2,CARAC,LIMA,HUARAL,eta5,temp,20260829,20260927,"00Z,12Z",D1,3h,-1.269,1.635,2.125,0.846,197
47E323B2,CARAC,LIMA,HUARAL,wrf5,temp,20260829,20260927,"00Z,12Z",D1,3h,-1.324,2.403,3.167,0.778,250
47E323B2,CARAC,LIMA,HUARAL,mpas15,temp,20260829,20260927,00Z,D1,3h,-5.354,5.354,5.851,0.862,125
47E2323E,CUCHUANCA,LIMA,HUARAL,ecmwf,temp,20260829,20260927,"00Z,12Z",D1,3h,S/D,S/D,S/D,S/D,0
47E2323E,CUCHUANCA,LIMA,HUARAL,gfs,temp,20260829,20260927,"00Z,12Z",D1,3h,S/D,S/D,S/D,S/D,0
47E2323E,CUCHUANCA,LIMA,HUARAL,eta5,temp,20260829,20260927,"00Z,12Z",D1,3h,S/D,S/D,S/D,S/D,0
47E2323E,CUCHUANCA,LIMA,HUARAL,wrf5,temp,20260829,20260927,"00Z,12Z",D1,3h,S/D,S/D,S/D,S/D,0
47E2323E,CUCHUANCA,LIMA,HUARAL,mpas15,temp,20260829,20260927,00Z,D1,3h,S/D,S/D,S/D,S/D,0
47E330C4,SANTA CRUZ,LIMA,HUARAL,ecmwf,temp,20260829,20260927,"00Z,12Z",D1,3h,1.211,2.28,2.687,0.787,476
47E330C4,SANTA CRUZ,LIMA,HUARAL,gfs,temp,20260829,20260927,"00Z,12Z",D1,3h,0.535,0.986,1.218,0.82,476
47E330C4,SANTA CRUZ,LIMA,HUARAL,eta5,temp,20260829,20260927,"00Z,12Z",D1,3h,0.379,2.364,2.75,0.745,395
47E330C4,SANTA CRUZ,LIMA,HUARAL,wrf5,temp,20260829,20260927,"00Z,12Z",D1,3h,-1.185,1.476,1.769,0.814,468
47E330C4,SANTA CRUZ,LIMA,HUARAL,mpas15,temp,20260829,20260927,00Z,D1,3h,-5.159,5.159,5.491,0.759,238
47E214D2,SANTO DOMINGO,LIMA,HUARAL,ecmwf,temp,20260829,20260927,"00Z,12Z",D1,3h,-0.898,2.054,2.548,0.583,476
47E214D2,SANTO DOMINGO,LIMA,HUARAL,gfs,temp,20260829,20260927,"00Z,12Z",D1,3h,-1.0,1.923,2.383,0.646,476
47E214D2,SANTO DOMINGO,LIMA,HUARAL,eta5,temp,20260829,20260927,"00Z,12Z",D1,3h,2.472,2.786,3.484,0.775,395
47E214D2,SANTO DOMINGO,LIMA,HUARAL,wrf5,temp,20260829,20260927,"00Z,12Z",D1,3h,-0.304,1.605,1.917,0.766,468
47E214D2,SANTO DOMINGO,LIMA,HUARAL,mpas15,temp,20260829,20260927,00Z,D1,3h,-1.447,2.125,2.504,0.711,238
47E257D8,VICHAYCOCHA,LIMA,HUARAL,ecmwf,temp,20260829,20260927,"00Z,12Z",D1,3h,S/D,S/D,S/D,S/D,0
47E257D8,VICHAYCOCHA,LIMA,HUARAL,gfs,temp,20260829,20260927,"00Z,12Z",D1,3h,S/D,S/D,S/D,S/D,0
47E257D8,VICHAYCOCHA,LIMA,HUARAL,eta5,temp,20260829,20260927,"00Z,12Z",D1,3h,S/D,S/D,S/D,S/D,0
47E257D8,VICHAYCOCHA,LIMA,HUARAL,wrf5,temp,20260829,20260927,"00Z,12Z",D1,3h,S/D,S/D,S/D,S/D,0
47E257D8,VICHAYCOCHA,LIMA,HUARAL,mpas15,temp,20260829,20260927,00Z,D1,3h,S/D,S/D,S/D,S/D,0
472D73C2,CASAPALCA,LIMA,HUAROCHIRI,ecmwf,temp,20260829,20260927,"00Z,12Z",D1,3h,-0.82,1.414,1.834,0.927,480
472D73C2,CASAPALCA,LIMA,HUAROCHIRI,gfs,temp,20260829,20260927,"00Z,12Z",D1,3h,-0.73,1.828,2.27,0.833,480
472D73C2,CASAPALCA,LIMA,HUAROCHIRI,eta5,temp,20260829,20260927,"00Z,12Z",D1,3h,-2.553,2.861,3.384,0.791,398
472D73C2,CASAPALCA,LIMA,HUAROCHIRI,wrf5,temp,20260829,20260927,"00Z,12Z",D1,3h,-2.393,2.571,3.056,0.834,472
472D73C2,CASAPALCA,LIMA,HUAROCHIRI,mpas15,temp,20260829,20260927,00Z,D1,3h,-3.565,3.637,4.107,0.862,240
472CE45A,MATUCANA,LIMA,HUAROCHIRI,ecmwf,temp,20260829,20260927,"00Z,12Z",D1,3h,-9.545,9.545,9.793,0.805,480
472CE45A,MATUCANA,LIMA,HUAROCHIRI,gfs,temp,20260829,20260927,"00Z,12Z",D1,3h,-6.808,6.808,7.294,0.799,480
472CE45A,MATUCANA,LIMA,HUAROCHIRI,eta5,temp,20260829,20260927,"00Z,12Z",D1,3h,-5.688,5.688,5.943,0.865,398
472CE45A,MATUCANA,LIMA,HUAROCHIRI,wrf5,temp,20260829,20260927,"00Z,12Z",D1,3h,-1.648,2.513,3.06,0.76,472
472CE45A,MATUCANA,LIMA,HUAROCHIRI,mpas15,temp,20260829,20260927,00Z,D1,3h,-11.683,11.683,11.852,0.879,240
212700,PUENTE ANTAPUCRO,LIMA,HUAROCHIRI,ecmwf,temp,20260829,20260927,"00Z,12Z",D1,3h,S/D,S/D,S/D,S/D,0
212700,PUENTE ANTAPUCRO,LIMA,HUAROCHIRI,gfs,temp,20260829,20260927,"00Z,12Z",D1,3h,S/D,S/D,S/D,S/D,0
212700,PUENTE ANTAPUCRO,LIMA,HUAROCHIRI,eta5,temp,20260829,20260927,"00Z,12Z",D1,3h,S/D,S/D,S/D,S/D,0
212700,PUENTE ANTAPUCRO,LIMA,HUAROCHIRI,wrf5,temp,20260829,20260927,"00Z,12Z",D1,3h,S/D,S/D,S/D,S/D,0
212700,PUENTE ANTAPUCRO,LIMA,HUAROCHIRI,mpas15,temp,20260829,20260927,00Z,D1,3h,S/D,S/D,S/D,S/D,0
212605,SAN MATEO ,LIMA,HUAROCHIRI,ecmwf,temp,20260829,20260927,"00Z,12Z",D1,3h,S/D,S/D,S/D,S/D,0
212605,SAN MATEO ,LIMA,HUAROCHIRI,gfs,temp,20260829,20260927,"00Z,12Z",D1,3h,S/D,S/D,S/D,S/D,0
212605,SAN MATEO ,LIMA,HUAROCHIRI,eta5,temp,20260829,20260927,"00Z,12Z",D1,3h,S/D,S/D,S/D,S/D,0
212605,SAN MATEO ,LIMA,HUAROCHIRI,wrf5,temp,20260829,20260927,"00Z,12Z",D1,3h,S/D,S/D,S/D,S/D,0
212605,SAN MATEO ,LIMA,HUAROCHIRI,mpas15,temp,20260829,20260927,00Z,D1,3h,S/D,S/D,S/D,S/D,0
472EC742,SAN MATEO DE OTAO,LIMA,HUAROCHIRI,ecmwf,temp,20260829,20260927,"00Z,12Z",D1,3h,-3.479,3.545,3.978,0.763,480
472EC742,SAN MATEO DE OTAO,LIMA,HUAROCHIRI,gfs,temp,20260829,20260927,"00Z,12Z",D1,3h,-0.742,1.372,1.848,0.812,480
472EC742,SAN MATEO DE OTAO,LIMA,HUAROCHIRI,eta5,temp,20260829,20260927,"00Z,12Z",D1,3h,2.566,2.624,3.042,0.81,398
472EC742,SAN MATEO DE OTAO,LIMA,HUAROCHIRI,wrf5,temp,20260829,20260927,"00Z,12Z",D1,3h,3.165,3.347,3.835,0.744,472
472EC742,SAN MATEO DE OTAO,LIMA,HUAROCHIRI,mpas15,temp,20260829,20260927,00Z,D1,3h,4.991,4.991,5.33,0.802,240
472E24B0,SANTA EULALIA,LIMA,HUAROCHIRI,ecmwf,temp,20260829,20260927,"00Z,12Z",D1,3h,S/D,S/D,S/D,S/D,0
472E24B0,SANTA EULALIA,LIMA,HUAROCHIRI,gfs,temp,20260829,20260927,"00Z,12Z",D1,3h,S/D,S/D,S/D,S/D,0
472E24B0,SANTA EULALIA,LIMA,HUAROCHIRI,eta5,temp,20260829,20260927,"00Z,12Z",D1,3h,S/D,S/D,S/D,S/D,0
472E24B0,SANTA EULALIA,LIMA,HUAROCHIRI,wrf5,temp,20260829,20260927,"00Z,12Z",D1,3h,S/D,S/D,S/D,S/D,0
472E24B0,SANTA EULALIA,LIMA,HUAROCHIRI,mpas15,temp,20260829,20260927,00Z,D1,3h,S/D,S/D,S/D,S/D,0
472CA750,SANTIAGO DE TUNA,LIMA,HUAROCHIRI,ecmwf,temp,20260829,20260927,"00Z,12Z",D1,3h,0.884,1.668,2.007,0.883,480
472CA750,SANTIAGO DE TUNA,LIMA,HUAROCHIRI,gfs,temp,20260829,20260927,"00Z,12Z",D1,3h,0.758,2.16,2.498,0.858,480
472CA750,SANTIAGO DE TUNA,LIMA,HUAROCHIRI,eta5,temp,20260829,20260927,"00Z,12Z",D1,3h,-3.089,3.193,3.628,0.826,398
472CA750,SANTIAGO DE TUNA,LIMA,HUAROCHIRI,wrf5,temp,20260829,20260927,"00Z,12Z",D1,3h,-0.265,2.58,2.852,0.789,472
472CA750,SANTIAGO DE TUNA,LIMA,HUAROCHIRI,mpas15,temp,20260829,20260927,00Z,D1,3h,-0.97,2.001,2.474,0.871,240
4724966C,SAYAN,LIMA,HUAURA,ecmwf,temp,20260829,20260927,"00Z,12Z",D1,3h,-1.043,1.615,2.013,0.873,474
4724966C,SAYAN,LIMA,HUAURA,gfs,temp,20260829,20260927,"00Z,12Z",D1,3h,-0.793,1.401,1.734,0.875,474
4724966C,SAYAN,LIMA,HUAURA,eta5,temp,20260829,20260927,"00Z,12Z",D1,3h,1.415,1.944,2.499,0.812,394
4724966C,SAYAN,LIMA,HUAURA,wrf5,temp,20260829,20260927,"00Z,12Z",D1,3h,-0.099,1.519,1.855,0.855,466
4724966C,SAYAN,LIMA,HUAURA,mpas15,temp,20260829,20260927,00Z,D1,3h,-3.199,3.443,4.089,0.736,237
212500,AGUA AZUL BOCATOMA,LIMA,LIMA,ecmwf,temp,20260829,20260927,"00Z,12Z",D1,3h,S/D,S/D,S/D,S/D,0
212500,AGUA AZUL BOCATOMA,LIMA,LIMA,gfs,temp,20260829,20260927,"00Z,12Z",D1,3h,S/D,S/D,S/D,S/D,0
212500,AGUA AZUL BOCATOMA,LIMA,LIMA,eta5,temp,20260829,20260927,"00Z,12Z",D1,3h,S/D,S/D,S/D,S/D,0
212500,AGUA AZUL BOCATOMA,LIMA,LIMA,wrf5,temp,20260829,20260927,"00Z,12Z",D1,3h,S/D,S/D,S/D,S/D,0
212500,AGUA AZUL BOCATOMA,LIMA,LIMA,mpas15,temp,20260829,20260927,00Z,D1,3h,S/D,S/D,S/D,S/D,0
472A218A,ANTONIO RAYMONDI,LIMA,LIMA,ecmwf,temp,20260829,20260927,"00Z,12Z",D1,3h,-2.261,2.387,3.035,0.088,478
472A218A,ANTONIO RAYMONDI,LIMA,LIMA,gfs,temp,20260829,20260927,"00Z,12Z",D1,3h,-3.53,3.531,3.865,0.773,478
472A218A,ANTONIO RAYMONDI,LIMA,LIMA,eta5,temp,20260829,20260927,"00Z,12Z",D1,3h,-3.221,3.262,3.588,0.821,396
472A218A,ANTONIO RAYMONDI,LIMA,LIMA,wrf5,temp,20260829,20260927,"00Z,12Z",D1,3h,-1.524,1.654,1.944,0.811,470
472A218A,ANTONIO RAYMONDI,LIMA,LIMA,mpas15,temp,20260829,20260927,00Z,D1,3h,-2.664,2.694,2.93,0.754,239
112181,CAMPO DE MARTE,LIMA,LIMA,ecmwf,temp,20260829,20260927,"00Z,12Z",D1,3h,-1.093,1.508,1.758,0.889,466
112181,CAMPO DE MARTE,LIMA,LIMA,gfs,temp,20260829,20260927,"00Z,12Z",D1,3h,-2.162,2.164,2.333,0.877,466
112181,CAMPO DE MARTE,LIMA,LIMA,eta5,temp,20260829,20260927,"00Z,12Z",D1,3h,-2.418,2.551,2.89,0.846,388
112181,CAMPO DE MARTE,LIMA,LIMA,wrf5,temp,20260829,20260927,"00Z,12Z",D1,3h,-0.402,0.875,1.063,0.815,458
112181,CAMPO DE MARTE,LIMA,LIMA,mpas15,temp,20260829,20260927,00Z,D1,3h,-1.737,1.789,2.213,0.731,233
111286,CARABAYLLO,LIMA,LIMA,ecmwf,temp,20260829,20260927,"00Z,12Z",D1,3h,-1.805,1.988,2.21,0.891,476
111286,CARABAYLLO,LIMA,LIMA,gfs,temp,20260829,20260927,"00Z,12Z",D1,3h,-2.871,2.871,3.083,0.903,476
111286,CARABAYLLO,LIMA,LIMA,eta5,temp,20260829,20260927,"00Z,12Z",D1,3h,-3.09,3.299,3.724,0.883,396
111286,CARABAYLLO,LIMA,LIMA,wrf5,temp,20260829,20260927,"00Z,12Z",D1,3h,-1.631,1.835,2.092,0.879,468
111286,CARABAYLLO,LIMA,LIMA,mpas15,temp,20260829,20260927,00Z,D1,3h,-1.928,1.993,2.307,0.875,238
112278,CERES,LIMA,LIMA,ecmwf,temp,20260829,20260927,"00Z,12Z",D1,3h,-0.901,1.348,1.539,0.89,412
112278,CERES,LIMA,LIMA,gfs,temp,20260829,20260927,"00Z,12Z",D1,3h,-1.948,1.95,2.178,0.9,412
112278,CERES,LIMA,LIMA,eta5,temp,20260829,20260927,"00Z,12Z",D1,3h,-2.63,2.915,3.366,0.871,363
112278,CERES,LIMA,LIMA,wrf5,temp,20260829,20260927,"00Z,12Z",D1,3h,-0.224,0.985,1.228,0.855,404
112278,CERES,LIMA,LIMA,mpas15,temp,20260829,20260927,00Z,D1,3h,-1.246,1.369,1.601,0.889,206
47278214,CHOSICA,LIMA,LIMA,ecmwf,temp,20260829,20260927,"00Z,12Z",D1,3h,0.905,0.994,1.273,0.478,6
47278214,CHOSICA,LIMA,LIMA,gfs,temp,20260829,20260927,"00Z,12Z",D1,3h,1.494,1.494,1.545,0.478,6
47278214,CHOSICA,LIMA,LIMA,eta5,temp,20260829,20260927,"00Z,12Z",D1,3h,3.964,3.964,4.72,0.949,5
47278214,CHOSICA,LIMA,LIMA,wrf5,temp,20260829,20260927,"00Z,12Z",D1,3h,2.909,2.909,3.139,0.956,6
47278214,CHOSICA,LIMA,LIMA,mpas15,temp,20260829,20260927,00Z,D1,3h,-2.356,2.356,2.523,1.0,3
112281,LAS PALMAS,LIMA,LIMA,ecmwf,temp,20260829,20260927,"00Z,12Z",D1,3h,-1.946,1.971,2.438,0.643,480
112281,LAS PALMAS,LIMA,LIMA,gfs,temp,20260829,20260927,"00Z,12Z",D1,3h,-3.237,3.237,3.561,0.728,480
112281,LAS PALMAS,LIMA,LIMA,eta5,temp,20260829,20260927,"00Z,12Z",D1,3h,-2.446,2.49,2.775,0.835,398
112281,LAS PALMAS,LIMA,LIMA,wrf5,temp,20260829,20260927,"00Z,12Z",D1,3h,-0.338,0.862,1.116,0.77,472
112281,LAS PALMAS,LIMA,LIMA,mpas15,temp,20260829,20260927,00Z,D1,3h,-2.252,2.356,3.194,-0.401,240
112193,SAN BORJA,LIMA,LIMA,ecmwf,temp,20260829,20260927,"00Z,12Z",D1,3h,-1.365,1.73,1.987,0.893,466
112193,SAN BORJA,LIMA,LIMA,gfs,temp,20260829,20260927,"00Z,12Z",D1,3h,-2.406,2.409,2.544,0.894,466
112193,SAN BORJA,LIMA,LIMA,eta5,temp,20260829,20260927,"00Z,12Z",D1,3h,-3.167,3.216,3.582,0.854,387
112193,SAN BORJA,LIMA,LIMA,wrf5,temp,20260829,20260927,"00Z,12Z",D1,3h,-0.405,0.895,1.086,0.786,460
112193,SAN BORJA,LIMA,LIMA,mpas15,temp,20260829,20260927,00Z,D1,3h,-1.937,1.968,2.349,0.729,233
112267,SAN JUAN DE LURIGANCHO,LIMA,LIMA,ecmwf,temp,20260829,20260927,"00Z,12Z",D1,3h,-1.09,1.561,1.767,0.884,424
112267,SAN JUAN DE LURIGANCHO,LIMA,LIMA,gfs,temp,20260829,20260927,"00Z,12Z",D1,3h,-2.133,2.142,2.313,0.9,424
112267,SAN JUAN DE LURIGANCHO,LIMA,LIMA,eta5,temp,20260829,20260927,"00Z,12Z",D1,3h,-3.027,3.204,3.657,0.865,355
112267,SAN JUAN DE LURIGANCHO,LIMA,LIMA,wrf5,temp,20260829,20260927,"00Z,12Z",D1,3h,-1.607,1.821,2.054,0.83,416
112267,SAN JUAN DE LURIGANCHO,LIMA,LIMA,mpas15,temp,20260829,20260927,00Z,D1,3h,-1.7,1.738,2.261,0.801,212
112265,SAN MARTIN DE PORRES,LIMA,LIMA,ecmwf,temp,20260829,20260927,"00Z,12Z",D1,3h,-1.986,2.254,2.61,0.889,412
112265,SAN MARTIN DE PORRES,LIMA,LIMA,gfs,temp,20260829,20260927,"00Z,12Z",D1,3h,-3.003,3.003,3.124,0.896,412
112265,SAN MARTIN DE PORRES,LIMA,LIMA,eta5,temp,20260829,20260927,"00Z,12Z",D1,3h,-3.152,3.159,3.514,0.848,339
112265,SAN MARTIN DE PORRES,LIMA,LIMA,wrf5,temp,20260829,20260927,"00Z,12Z",D1,3h,-0.825,1.062,1.253,0.794,405
112265,SAN MARTIN DE PORRES,LIMA,LIMA,mpas15,temp,20260829,20260927,00Z,D1,3h,-2.581,2.581,2.76,0.726,206
112208,SANTA ANITA,LIMA,LIMA,ecmwf,temp,20260829,20260927,"00Z,12Z",D1,3h,-0.404,1.297,1.529,0.878,478
112208,SANTA ANITA,LIMA,LIMA,gfs,temp,20260829,20260927,"00Z,12Z",D1,3h,-1.464,1.506,1.692,0.895,478
112208,SANTA ANITA,LIMA,LIMA,eta5,temp,20260829,20260927,"00Z,12Z",D1,3h,-2.127,2.7,3.145,0.855,397
112208,SANTA ANITA,LIMA,LIMA,wrf5,temp,20260829,20260927,"00Z,12Z",D1,3h,0.029,0.9,1.166,0.829,470
112208,SANTA ANITA,LIMA,LIMA,mpas15,temp,20260829,20260927,00Z,D1,3h,-1.008,1.2,1.716,0.768,239
472AC278,VON HUMBOLDT,LIMA,LIMA,ecmwf,temp,20260829,20260927,"00Z,12Z",D1,3h,-0.591,1.203,1.4,0.874,444
472AC278,VON HUMBOLDT,LIMA,LIMA,gfs,temp,20260829,20260927,"00Z,12Z",D1,3h,-1.627,1.718,2.04,0.868,444
472AC278,VON HUMBOLDT,LIMA,LIMA,eta5,temp,20260829,20260927,"00Z,12Z",D1,3h,-2.611,2.779,3.216,0.859,369
472AC278,VON HUMBOLDT,LIMA,LIMA,wrf5,temp,20260829,20260927,"00Z,12Z",D1,3h,-0.229,1.026,1.295,0.832,436
472AC278,VON HUMBOLDT,LIMA,LIMA,mpas15,temp,20260829,20260927,00Z,D1,3h,-0.929,1.244,1.511,0.868,222
111290,ÑAÑA,LIMA,LIMA,ecmwf,temp,20260829,20260927,"00Z,12Z",D1,3h,-0.054,1.392,1.718,0.77,480
111290,ÑAÑA,LIMA,LIMA,gfs,temp,20260829,20260927,"00Z,12Z",D1,3h,-0.316,1.458,1.799,0.754,480
111290,ÑAÑA,LIMA,LIMA,eta5,temp,20260829,20260927,"00Z,12Z",D1,3h,0.699,2.303,2.831,0.775,398
111290,ÑAÑA,LIMA,LIMA,wrf5,temp,20260829,20260927,"00Z,12Z",D1,3h,-1.08,1.617,1.926,0.859,472
111290,ÑAÑA,LIMA,LIMA,mpas15,temp,20260829,20260927,00Z,D1,3h,0.331,0.837,1.107,0.902,240
110139,PICOY,LIMA,OYON,ecmwf,temp,20260829,20260927,"00Z,12Z",D1,3h,S/D,S/D,S/D,S/D,0
110139,PICOY,LIMA,OYON,gfs,temp,20260829,20260927,"00Z,12Z",D1,3h,S/D,S/D,S/D,S/D,0
110139,PICOY,LIMA,OYON,eta5,temp,20260829,20260927,"00Z,12Z",D1,3h,S/D,S/D,S/D,S/D,0
110139,PICOY,LIMA,OYON,wrf5,temp,20260829,20260927,"00Z,12Z",D1,3h,S/D,S/D,S/D,S/D,0
110139,PICOY,LIMA,OYON,mpas15,temp,20260829,20260927,00Z,D1,3h,S/D,S/D,S/D,S/D,0
472364DC,CARANIA,LIMA,YAUYOS,ecmwf,temp,20260829,20260927,"00Z,12Z",D1,3h,S/D,S/D,S/D,S/D,0
472364DC,CARANIA,LIMA,YAUYOS,gfs,temp,20260829,20260927,"00Z,12Z",D1,3h,S/D,S/D,S/D,S/D,0
472364DC,CARANIA,LIMA,YAUYOS,eta5,temp,20260829,20260927,"00Z,12Z",D1,3h,S/D,S/D,S/D,S/D,0
472364DC,CARANIA,LIMA,YAUYOS,wrf5,temp,20260829,20260927,"00Z,12Z",D1,3h,S/D,S/D,S/D,S/D,0
472364DC,CARANIA,LIMA,YAUYOS,mpas15,temp,20260829,20260927,00Z,D1,3h,S/D,S/D,S/D,S/D,0
104112,SAN REGIS,LORETO,LORETO,ecmwf,temp,20260829,20260927,"00Z,12Z",D1,3h,0.048,1.289,1.823,0.853,390
104112,SAN REGIS,LORETO,LORETO,gfs,temp,20260829,20260927,"00Z,12Z",D1,3h,0.933,2.336,3.132,0.803,390
104112,SAN REGIS,LORETO,LORETO,eta5,temp,20260829,20260927,"00Z,12Z",D1,3h,3.061,3.222,4.11,0.789,329
104112,SAN REGIS,LORETO,LORETO,wrf5,temp,20260829,20260927,"00Z,12Z",D1,3h,1.573,2.167,2.841,0.833,383
104112,SAN REGIS,LORETO,LORETO,mpas15,temp,20260829,20260927,00Z,D1,3h,0.122,1.345,1.793,0.856,195
4727547C,CABALLOCOCHA,LORETO,MARISCAL RAMON CASTILLA,ecmwf,temp,20260829,20260927,"00Z,12Z",D1,3h,-0.843,1.472,2.038,0.834,476
4727547C,CABALLOCOCHA,LORETO,MARISCAL RAMON CASTILLA,gfs,temp,20260829,20260927,"00Z,12Z",D1,3h,-0.076,2.219,2.812,0.813,476
4727547C,CABALLOCOCHA,LORETO,MARISCAL RAMON CASTILLA,eta5,temp,20260829,20260927,"00Z,12Z",D1,3h,1.744,2.348,3.185,0.771,394
4727547C,CABALLOCOCHA,LORETO,MARISCAL RAMON CASTILLA,wrf5,temp,20260829,20260927,"00Z,12Z",D1,3h,0.784,1.895,2.498,0.806,468
4727547C,CABALLOCOCHA,LORETO,MARISCAL RAMON CASTILLA,mpas15,temp,20260829,20260927,00Z,D1,3h,-0.85,1.563,2.106,0.817,238
47288486,PEBAS,LORETO,MARISCAL RAMON CASTILLA,ecmwf,temp,20260829,20260927,"00Z,12Z",D1,3h,S/D,S/D,S/D,S/D,0
47288486,PEBAS,LORETO,MARISCAL RAMON CASTILLA,gfs,temp,20260829,20260927,"00Z,12Z",D1,3h,S/D,S/D,S/D,S/D,0
47288486,PEBAS,LORETO,MARISCAL RAMON CASTILLA,eta5,temp,20260829,20260927,"00Z,12Z",D1,3h,S/D,S/D,S/D,S/D,0
47288486,PEBAS,LORETO,MARISCAL RAMON CASTILLA,wrf5,temp,20260829,20260927,"00Z,12Z",D1,3h,S/D,S/D,S/D,S/D,0
47288486,PEBAS,LORETO,MARISCAL RAMON CASTILLA,mpas15,temp,20260829,20260927,00Z,D1,3h,S/D,S/D,S/D,S/D,0
103065,AMAZONAS,LORETO,MAYNAS,ecmwf,temp,20260829,20260927,"00Z,12Z",D1,3h,-0.073,1.46,2.011,0.836,472
103065,AMAZONAS,LORETO,MAYNAS,gfs,temp,20260829,20260927,"00Z,12Z",D1,3h,0.397,2.366,3.155,0.78,472
103065,AMAZONAS,LORETO,MAYNAS,eta5,temp,20260829,20260927,"00Z,12Z",D1,3h,2.939,3.166,3.952,0.775,391
103065,AMAZONAS,LORETO,MAYNAS,wrf5,temp,20260829,20260927,"00Z,12Z",D1,3h,1.284,2.085,2.701,0.818,464
103065,AMAZONAS,LORETO,MAYNAS,mpas15,temp,20260829,20260927,00Z,D1,3h,-1.046,2.3,3.079,0.748,236
47252718,ENAPU PERU,LORETO,MAYNAS,ecmwf,temp,20260829,20260927,"00Z,12Z",D1,3h,-0.878,1.474,1.958,0.803,472
47252718,ENAPU PERU,LORETO,MAYNAS,gfs,temp,20260829,20260927,"00Z,12Z",D1,3h,-0.41,2.866,3.433,0.761,472
47252718,ENAPU PERU,LORETO,MAYNAS,eta5,temp,20260829,20260927,"00Z,12Z",D1,3h,2.113,2.85,3.646,0.717,393
47252718,ENAPU PERU,LORETO,MAYNAS,wrf5,temp,20260829,20260927,"00Z,12Z",D1,3h,0.352,2.167,2.726,0.765,464
47252718,ENAPU PERU,LORETO,MAYNAS,mpas15,temp,20260829,20260927,00Z,D1,3h,-1.685,2.061,2.687,0.754,236
47287402,CONTAMANA,LORETO,UCAYALI,ecmwf,temp,20260829,20260927,"00Z,12Z",D1,3h,-1.749,2.061,2.517,0.911,472
47287402,CONTAMANA,LORETO,UCAYALI,gfs,temp,20260829,20260927,"00Z,12Z",D1,3h,-0.783,2.322,2.899,0.873,472
47287402,CONTAMANA,LORETO,UCAYALI,eta5,temp,20260829,20260927,"00Z,12Z",D1,3h,1.429,2.108,2.884,0.815,393
47287402,CONTAMANA,LORETO,UCAYALI,wrf5,temp,20260829,20260927,"00Z,12Z",D1,3h,0.069,1.683,2.317,0.856,464
47287402,CONTAMANA,LORETO,UCAYALI,mpas15,temp,20260829,20260927,00Z,D1,3h,-1.94,2.154,2.531,0.921,236
47E8201A,SALVACION,MADRE DE DIOS,MANU,ecmwf,temp,20260829,20260927,"00Z,12Z",D1,3h,-0.816,1.857,2.393,0.813,480
47E8201A,SALVACION,MADRE DE DIOS,MANU,gfs,temp,20260829,20260927,"00Z,12Z",D1,3h,0.546,2.678,3.46,0.731,480
47E8201A,SALVACION,MADRE DE DIOS,MANU,eta5,temp,20260829,20260927,"00Z,12Z",D1,3h,0.457,1.713,2.246,0.829,398
47E8201A,SALVACION,MADRE DE DIOS,MANU,wrf5,temp,20260829,20260927,"00Z,12Z",D1,3h,1.79,2.275,2.9,0.819,472
47E8201A,SALVACION,MADRE DE DIOS,MANU,mpas15,temp,20260829,20260927,00Z,D1,3h,-1.941,2.593,3.356,0.735,240
472587E0,IÑAPARI,MADRE DE DIOS,TAHUAMANU,ecmwf,temp,20260829,20260927,"00Z,12Z",D1,3h,-0.117,1.393,1.917,0.939,474
472587E0,IÑAPARI,MADRE DE DIOS,TAHUAMANU,gfs,temp,20260829,20260927,"00Z,12Z",D1,3h,1.495,2.097,2.781,0.898,474
472587E0,IÑAPARI,MADRE DE DIOS,TAHUAMANU,eta5,temp,20260829,20260927,"00Z,12Z",D1,3h,2.925,2.994,3.672,0.885,393
472587E0,IÑAPARI,MADRE DE DIOS,TAHUAMANU,wrf5,temp,20260829,20260927,"00Z,12Z",D1,3h,1.489,1.934,2.632,0.901,466
472587E0,IÑAPARI,MADRE DE DIOS,TAHUAMANU,mpas15,temp,20260829,20260927,00Z,D1,3h,-0.927,1.775,2.425,0.937,237
260403,CACHUELA,MADRE DE DIOS,TAMBOPATA,ecmwf,temp,20260829,20260927,"00Z,12Z",D1,3h,-0.073,1.127,1.519,0.94,480
260403,CACHUELA,MADRE DE DIOS,TAMBOPATA,gfs,temp,20260829,20260927,"00Z,12Z",D1,3h,2.185,2.774,3.499,0.857,480
260403,CACHUELA,MADRE DE DIOS,TAMBOPATA,eta5,temp,20260829,20260927,"00Z,12Z",D1,3h,3.492,3.672,4.312,0.865,398
260403,CACHUELA,MADRE DE DIOS,TAMBOPATA,wrf5,temp,20260829,20260927,"00Z,12Z",D1,3h,1.714,2.194,2.789,0.888,472
260403,CACHUELA,MADRE DE DIOS,TAMBOPATA,mpas15,temp,20260829,20260927,00Z,D1,3h,-0.833,1.317,1.858,0.937,240
47E8336C,MALINOWSKY,MADRE DE DIOS,TAMBOPATA,ecmwf,temp,20260829,20260927,"00Z,12Z",D1,3h,-0.045,1.581,2.052,0.892,480
47E8336C,MALINOWSKY,MADRE DE DIOS,TAMBOPATA,gfs,temp,20260829,20260927,"00Z,12Z",D1,3h,1.91,2.675,3.522,0.792,480
47E8336C,MALINOWSKY,MADRE DE DIOS,TAMBOPATA,eta5,temp,20260829,20260927,"00Z,12Z",D1,3h,3.549,3.618,4.147,0.879,398
47E8336C,MALINOWSKY,MADRE DE DIOS,TAMBOPATA,wrf5,temp,20260829,20260927,"00Z,12Z",D1,3h,1.522,2.07,2.705,0.861,472
47E8336C,MALINOWSKY,MADRE DE DIOS,TAMBOPATA,mpas15,temp,20260829,20260927,00Z,D1,3h,-0.847,1.904,2.394,0.883,240
260402,PUENTE HERRERA,MADRE DE DIOS,TAMBOPATA,ecmwf,temp,20260829,20260927,"00Z,12Z",D1,3h,S/D,S/D,S/D,S/D,0
260402,PUENTE HERRERA,MADRE DE DIOS,TAMBOPATA,gfs,temp,20260829,20260927,"00Z,12Z",D1,3h,S/D,S/D,S/D,S/D,0
260402,PUENTE HERRERA,MADRE DE DIOS,TAMBOPATA,eta5,temp,20260829,20260927,"00Z,12Z",D1,3h,S/D,S/D,S/D,S/D,0
260402,PUENTE HERRERA,MADRE DE DIOS,TAMBOPATA,wrf5,temp,20260829,20260927,"00Z,12Z",D1,3h,S/D,S/D,S/D,S/D,0
260402,PUENTE HERRERA,MADRE DE DIOS,TAMBOPATA,mpas15,temp,20260829,20260927,00Z,D1,3h,S/D,S/D,S/D,S/D,0
112279,PUERTO MALDONADO,MADRE DE DIOS,TAMBOPATA,ecmwf,temp,20260829,20260927,"00Z,12Z",D1,3h,-0.813,1.455,1.896,0.932,480
112279,PUERTO MALDONADO,MADRE DE DIOS,TAMBOPATA,gfs,temp,20260829,20260927,"00Z,12Z",D1,3h,1.445,2.537,3.245,0.853,480
112279,PUERTO MALDONADO,MADRE DE DIOS,TAMBOPATA,eta5,temp,20260829,20260927,"00Z,12Z",D1,3h,2.771,3.124,3.812,0.856,398
112279,PUERTO MALDONADO,MADRE DE DIOS,TAMBOPATA,wrf5,temp,20260829,20260927,"00Z,12Z",D1,3h,1.098,2.042,2.625,0.88,472
112279,PUERTO MALDONADO,MADRE DE DIOS,TAMBOPATA,mpas15,temp,20260829,20260927,00Z,D1,3h,-1.573,1.835,2.349,0.93,240
260002,TAMBOPATA,MADRE DE DIOS,TAMBOPATA,ecmwf,temp,20260829,20260927,"00Z,12Z",D1,3h,S/D,S/D,S/D,S/D,0
260002,TAMBOPATA,MADRE DE DIOS,TAMBOPATA,gfs,temp,20260829,20260927,"00Z,12Z",D1,3h,S/D,S/D,S/D,S/D,0
260002,TAMBOPATA,MADRE DE DIOS,TAMBOPATA,eta5,temp,20260829,20260927,"00Z,12Z",D1,3h,S/D,S/D,S/D,S/D,0
260002,TAMBOPATA,MADRE DE DIOS,TAMBOPATA,wrf5,temp,20260829,20260927,"00Z,12Z",D1,3h,S/D,S/D,S/D,S/D,0
260002,TAMBOPATA,MADRE DE DIOS,TAMBOPATA,mpas15,temp,20260829,20260927,00Z,D1,3h,S/D,S/D,S/D,S/D,0
4723F1BE,MOQUEGUA,MOQUEGUA,MARISCAL NIETO,ecmwf,temp,20260829,20260927,"00Z,12Z",D1,3h,-1.175,1.681,2.112,0.941,478
4723F1BE,MOQUEGUA,MOQUEGUA,MARISCAL NIETO,gfs,temp,20260829,20260927,"00Z,12Z",D1,3h,-0.156,1.638,1.953,0.938,478
4723F1BE,MOQUEGUA,MOQUEGUA,MARISCAL NIETO,eta5,temp,20260829,20260927,"00Z,12Z",D1,3h,1.559,2.03,2.484,0.915,396
4723F1BE,MOQUEGUA,MOQUEGUA,MARISCAL NIETO,wrf5,temp,20260829,20260927,"00Z,12Z",D1,3h,0.038,1.829,2.23,0.911,470
4723F1BE,MOQUEGUA,MOQUEGUA,MARISCAL NIETO,mpas15,temp,20260829,20260927,00Z,D1,3h,-4.244,4.385,4.755,0.912,239
110137,12 DE OCTUBRE,PASCO,DANIEL ALCIDES CARRION,ecmwf,temp,20260829,20260927,"00Z,12Z",D1,3h,-1.025,2.477,2.978,0.856,478
110137,12 DE OCTUBRE,PASCO,DANIEL ALCIDES CARRION,gfs,temp,20260829,20260927,"00Z,12Z",D1,3h,-1.668,2.564,3.295,0.799,478
110137,12 DE OCTUBRE,PASCO,DANIEL ALCIDES CARRION,eta5,temp,20260829,20260927,"00Z,12Z",D1,3h,-0.993,2.437,2.903,0.802,396
110137,12 DE OCTUBRE,PASCO,DANIEL ALCIDES CARRION,wrf5,temp,20260829,20260927,"00Z,12Z",D1,3h,-0.288,2.274,2.808,0.83,470
110137,12 DE OCTUBRE,PASCO,DANIEL ALCIDES CARRION,mpas15,temp,20260829,20260927,00Z,D1,3h,-3.806,3.968,4.542,0.861,239
4725D79C,OXAPAMPA,PASCO,OXAPAMPA,ecmwf,temp,20260829,20260927,"00Z,12Z",D1,3h,-3.845,3.892,4.183,0.845,480
4725D79C,OXAPAMPA,PASCO,OXAPAMPA,gfs,temp,20260829,20260927,"00Z,12Z",D1,3h,-4.636,4.648,4.995,0.82,480
4725D79C,OXAPAMPA,PASCO,OXAPAMPA,eta5,temp,20260829,20260927,"00Z,12Z",D1,3h,-6.123,6.124,6.408,0.785,398
4725D79C,OXAPAMPA,PASCO,OXAPAMPA,wrf5,temp,20260829,20260927,"00Z,12Z",D1,3h,-0.565,1.536,1.99,0.833,472
4725D79C,OXAPAMPA,PASCO,OXAPAMPA,mpas15,temp,20260829,20260927,00Z,D1,3h,-3.302,3.472,4.056,0.716,240
109093,PUERTO BERMUDEZ,PASCO,OXAPAMPA,ecmwf,temp,20260829,20260927,"00Z,12Z",D1,3h,-0.444,1.377,1.797,0.883,480
109093,PUERTO BERMUDEZ,PASCO,OXAPAMPA,gfs,temp,20260829,20260927,"00Z,12Z",D1,3h,-0.138,2.272,2.938,0.838,480
109093,PUERTO BERMUDEZ,PASCO,OXAPAMPA,eta5,temp,20260829,20260927,"00Z,12Z",D1,3h,2.18,2.592,3.231,0.811,398
109093,PUERTO BERMUDEZ,PASCO,OXAPAMPA,wrf5,temp,20260829,20260927,"00Z,12Z",D1,3h,1.529,1.982,2.584,0.861,472
109093,PUERTO BERMUDEZ,PASCO,OXAPAMPA,mpas15,temp,20260829,20260927,00Z,D1,3h,-0.627,1.486,2.1,0.872,240
104114,ALTO DE POCLUS,PIURA,AYABACA,ecmwf,temp,20260829,20260927,"00Z,12Z",D1,3h,8.212,8.212,8.378,0.817,348
104114,ALTO DE POCLUS,PIURA,AYABACA,gfs,temp,20260829,20260927,"00Z,12Z",D1,3h,9.255,9.255,9.41,0.845,348
104114,ALTO DE POCLUS,PIURA,AYABACA,eta5,temp,20260829,20260927,"00Z,12Z",D1,3h,-0.082,1.058,1.307,0.855,292
104114,ALTO DE POCLUS,PIURA,AYABACA,wrf5,temp,20260829,20260927,"00Z,12Z",D1,3h,0.962,1.732,2.088,0.729,342
104114,ALTO DE POCLUS,PIURA,AYABACA,mpas15,temp,20260829,20260927,00Z,D1,3h,5.704,5.704,5.974,0.809,174
47E9177A,EL CIRUELO,PIURA,AYABACA,ecmwf,temp,20260829,20260927,"00Z,12Z",D1,3h,S/D,S/D,S/D,S/D,0
47E9177A,EL CIRUELO,PIURA,AYABACA,gfs,temp,20260829,20260927,"00Z,12Z",D1,3h,S/D,S/D,S/D,S/D,0
47E9177A,EL CIRUELO,PIURA,AYABACA,eta5,temp,20260829,20260927,"00Z,12Z",D1,3h,S/D,S/D,S/D,S/D,0
47E9177A,EL CIRUELO,PIURA,AYABACA,wrf5,temp,20260829,20260927,"00Z,12Z",D1,3h,S/D,S/D,S/D,S/D,0
47E9177A,EL CIRUELO,PIURA,AYABACA,mpas15,temp,20260829,20260927,00Z,D1,3h,S/D,S/D,S/D,S/D,0
47E281B0,HUALCUY,PIURA,AYABACA,ecmwf,temp,20260829,20260927,"00Z,12Z",D1,3h,-4.148,4.148,4.416,0.871,474
47E281B0,HUALCUY,PIURA,AYABACA,gfs,temp,20260829,20260927,"00Z,12Z",D1,3h,-3.47,3.621,4.018,0.824,474
47E281B0,HUALCUY,PIURA,AYABACA,eta5,temp,20260829,20260927,"00Z,12Z",D1,3h,1.151,1.825,2.349,0.849,393
47E281B0,HUALCUY,PIURA,AYABACA,wrf5,temp,20260829,20260927,"00Z,12Z",D1,3h,2.924,2.942,3.374,0.9,466
47E281B0,HUALCUY,PIURA,AYABACA,mpas15,temp,20260829,20260927,00Z,D1,3h,-3.209,3.236,3.671,0.868,237
472FC5B8,PAIMAS,PIURA,AYABACA,ecmwf,temp,20260829,20260927,"00Z,12Z",D1,3h,-5.298,5.299,5.665,0.796,476
472FC5B8,PAIMAS,PIURA,AYABACA,gfs,temp,20260829,20260927,"00Z,12Z",D1,3h,-3.952,4.093,4.628,0.772,476
472FC5B8,PAIMAS,PIURA,AYABACA,eta5,temp,20260829,20260927,"00Z,12Z",D1,3h,-2.932,3.225,3.666,0.806,395
472FC5B8,PAIMAS,PIURA,AYABACA,wrf5,temp,20260829,20260927,"00Z,12Z",D1,3h,-1.272,2.467,2.862,0.866,468
472FC5B8,PAIMAS,PIURA,AYABACA,mpas15,temp,20260829,20260927,00Z,D1,3h,-2.874,3.003,3.366,0.899,238
47E0C74E,PUENTE MACARA,PIURA,AYABACA,ecmwf,temp,20260829,20260927,"00Z,12Z",D1,3h,S/D,S/D,S/D,S/D,0
47E0C74E,PUENTE MACARA,PIURA,AYABACA,gfs,temp,20260829,20260927,"00Z,12Z",D1,3h,S/D,S/D,S/D,S/D,0
47E0C74E,PUENTE MACARA,PIURA,AYABACA,eta5,temp,20260829,20260927,"00Z,12Z",D1,3h,S/D,S/D,S/D,S/D,0
47E0C74E,PUENTE MACARA,PIURA,AYABACA,wrf5,temp,20260829,20260927,"00Z,12Z",D1,3h,S/D,S/D,S/D,S/D,0
47E0C74E,PUENTE MACARA,PIURA,AYABACA,mpas15,temp,20260829,20260927,00Z,D1,3h,S/D,S/D,S/D,S/D,0
472FF022,SAPILLICA,PIURA,AYABACA,ecmwf,temp,20260829,20260927,"00Z,12Z",D1,3h,0.132,1.132,1.443,0.874,474
472FF022,SAPILLICA,PIURA,AYABACA,gfs,temp,20260829,20260927,"00Z,12Z",D1,3h,1.486,1.725,2.318,0.864,474
472FF022,SAPILLICA,PIURA,AYABACA,eta5,temp,20260829,20260927,"00Z,12Z",D1,3h,0.187,1.231,1.554,0.85,393
472FF022,SAPILLICA,PIURA,AYABACA,wrf5,temp,20260829,20260927,"00Z,12Z",D1,3h,0.392,1.54,1.967,0.74,466
472FF022,SAPILLICA,PIURA,AYABACA,mpas15,temp,20260829,20260927,00Z,D1,3h,1.215,1.526,2.153,0.884,237
472F86B2,CANCHAQUE,PIURA,HUANCABAMBA,ecmwf,temp,20260829,20260927,"00Z,12Z",D1,3h,-1.58,2.7,3.091,0.785,476
472F86B2,CANCHAQUE,PIURA,HUANCABAMBA,gfs,temp,20260829,20260927,"00Z,12Z",D1,3h,-2.069,2.977,3.366,0.733,476
472F86B2,CANCHAQUE,PIURA,HUANCABAMBA,eta5,temp,20260829,20260927,"00Z,12Z",D1,3h,-0.265,1.522,1.88,0.743,395
472F86B2,CANCHAQUE,PIURA,HUANCABAMBA,wrf5,temp,20260829,20260927,"00Z,12Z",D1,3h,0.093,2.67,3.275,0.352,468
472F86B2,CANCHAQUE,PIURA,HUANCABAMBA,mpas15,temp,20260829,20260927,00Z,D1,3h,-0.018,1.976,2.433,0.709,238
472FE354,HUANCABAMBA,PIURA,HUANCABAMBA,ecmwf,temp,20260829,20260927,"00Z,12Z",D1,3h,-4.561,4.564,5.038,0.854,478
472FE354,HUANCABAMBA,PIURA,HUANCABAMBA,gfs,temp,20260829,20260927,"00Z,12Z",D1,3h,-4.489,4.557,5.137,0.789,478
472FE354,HUANCABAMBA,PIURA,HUANCABAMBA,eta5,temp,20260829,20260927,"00Z,12Z",D1,3h,-3.317,3.418,3.97,0.866,397
472FE354,HUANCABAMBA,PIURA,HUANCABAMBA,wrf5,temp,20260829,20260927,"00Z,12Z",D1,3h,0.171,1.676,2.109,0.824,470
472FE354,HUANCABAMBA,PIURA,HUANCABAMBA,mpas15,temp,20260829,20260927,00Z,D1,3h,-4.213,4.34,4.906,0.768,239
472761E6,HUARMACA,PIURA,HUANCABAMBA,ecmwf,temp,20260829,20260927,"00Z,12Z",D1,3h,0.822,2.05,2.6,0.674,480
472761E6,HUARMACA,PIURA,HUANCABAMBA,gfs,temp,20260829,20260927,"00Z,12Z",D1,3h,0.331,2.028,2.536,0.577,480
472761E6,HUARMACA,PIURA,HUANCABAMBA,eta5,temp,20260829,20260927,"00Z,12Z",D1,3h,0.867,1.872,2.423,0.582,398
472761E6,HUARMACA,PIURA,HUANCABAMBA,wrf5,temp,20260829,20260927,"00Z,12Z",D1,3h,2.02,2.465,2.975,0.636,472
472761E6,HUARMACA,PIURA,HUANCABAMBA,mpas15,temp,20260829,20260927,00Z,D1,3h,-0.316,1.882,2.304,0.56,240
472FB328,CHALACO,PIURA,MORROPON,ecmwf,temp,20260829,20260927,"00Z,12Z",D1,3h,0.999,1.496,1.872,0.838,476
472FB328,CHALACO,PIURA,MORROPON,gfs,temp,20260829,20260927,"00Z,12Z",D1,3h,0.365,1.238,1.587,0.855,476
472FB328,CHALACO,PIURA,MORROPON,eta5,temp,20260829,20260927,"00Z,12Z",D1,3h,2.691,2.845,3.313,0.823,395
472FB328,CHALACO,PIURA,MORROPON,wrf5,temp,20260829,20260927,"00Z,12Z",D1,3h,1.108,2.684,3.278,0.537,468
472FB328,CHALACO,PIURA,MORROPON,mpas15,temp,20260829,20260927,00Z,D1,3h,3.51,3.533,3.968,0.819,238
472F6540,CHULUCANAS,PIURA,MORROPON,ecmwf,temp,20260829,20260927,"00Z,12Z",D1,3h,0.601,1.226,1.74,0.938,478
472F6540,CHULUCANAS,PIURA,MORROPON,gfs,temp,20260829,20260927,"00Z,12Z",D1,3h,-0.218,1.573,1.921,0.933,478
472F6540,CHULUCANAS,PIURA,MORROPON,eta5,temp,20260829,20260927,"00Z,12Z",D1,3h,0.852,1.724,2.313,0.939,396
472F6540,CHULUCANAS,PIURA,MORROPON,wrf5,temp,20260829,20260927,"00Z,12Z",D1,3h,-0.629,1.95,2.255,0.921,470
472F6540,CHULUCANAS,PIURA,MORROPON,mpas15,temp,20260829,20260927,00Z,D1,3h,-1.613,2.062,2.345,0.945,239
47E037CA,CORRAL DEL MEDIO,PIURA,MORROPON,ecmwf,temp,20260829,20260927,"00Z,12Z",D1,3h,S/D,S/D,S/D,S/D,0
47E037CA,CORRAL DEL MEDIO,PIURA,MORROPON,gfs,temp,20260829,20260927,"00Z,12Z",D1,3h,S/D,S/D,S/D,S/D,0
47E037CA,CORRAL DEL MEDIO,PIURA,MORROPON,eta5,temp,20260829,20260927,"00Z,12Z",D1,3h,S/D,S/D,S/D,S/D,0
47E037CA,CORRAL DEL MEDIO,PIURA,MORROPON,wrf5,temp,20260829,20260927,"00Z,12Z",D1,3h,S/D,S/D,S/D,S/D,0
47E037CA,CORRAL DEL MEDIO,PIURA,MORROPON,mpas15,temp,20260829,20260927,00Z,D1,3h,S/D,S/D,S/D,S/D,0
472F50DA,EL VIRREY,PIURA,MORROPON,ecmwf,temp,20260829,20260927,"00Z,12Z",D1,3h,-0.354,1.171,1.51,0.948,476
472F50DA,EL VIRREY,PIURA,MORROPON,gfs,temp,20260829,20260927,"00Z,12Z",D1,3h,-0.331,1.884,2.299,0.925,476
472F50DA,EL VIRREY,PIURA,MORROPON,eta5,temp,20260829,20260927,"00Z,12Z",D1,3h,-0.935,2.052,2.393,0.92,395
472F50DA,EL VIRREY,PIURA,MORROPON,wrf5,temp,20260829,20260927,"00Z,12Z",D1,3h,-1.413,2.39,2.78,0.887,468
472F50DA,EL VIRREY,PIURA,MORROPON,mpas15,temp,20260829,20260927,00Z,D1,3h,-0.389,1.44,1.821,0.943,238
47E074C0,HACIENDA BARRIOS,PIURA,MORROPON,ecmwf,temp,20260829,20260927,"00Z,12Z",D1,3h,S/D,S/D,S/D,S/D,0
47E074C0,HACIENDA BARRIOS,PIURA,MORROPON,gfs,temp,20260829,20260927,"00Z,12Z",D1,3h,S/D,S/D,S/D,S/D,0
47E074C0,HACIENDA BARRIOS,PIURA,MORROPON,eta5,temp,20260829,20260927,"00Z,12Z",D1,3h,S/D,S/D,S/D,S/D,0
47E074C0,HACIENDA BARRIOS,PIURA,MORROPON,wrf5,temp,20260829,20260927,"00Z,12Z",D1,3h,S/D,S/D,S/D,S/D,0
47E074C0,HACIENDA BARRIOS,PIURA,MORROPON,mpas15,temp,20260829,20260927,00Z,D1,3h,S/D,S/D,S/D,S/D,0
472F95C4,HACIENDA BIGOTE ,PIURA,MORROPON,ecmwf,temp,20260829,20260927,"00Z,12Z",D1,3h,-4.121,4.132,4.487,0.886,476
472F95C4,HACIENDA BIGOTE ,PIURA,MORROPON,gfs,temp,20260829,20260927,"00Z,12Z",D1,3h,-4.171,4.239,4.705,0.823,476
472F95C4,HACIENDA BIGOTE ,PIURA,MORROPON,eta5,temp,20260829,20260927,"00Z,12Z",D1,3h,1.148,2.319,2.996,0.889,395
472F95C4,HACIENDA BIGOTE ,PIURA,MORROPON,wrf5,temp,20260829,20260927,"00Z,12Z",D1,3h,-1.353,2.501,2.838,0.878,468
472F95C4,HACIENDA BIGOTE ,PIURA,MORROPON,mpas15,temp,20260829,20260927,00Z,D1,3h,-5.769,5.814,6.318,0.692,238
472FA05E,MALACASI,PIURA,MORROPON,ecmwf,temp,20260829,20260927,"00Z,12Z",D1,3h,-3.992,4.006,4.443,0.897,476
472FA05E,MALACASI,PIURA,MORROPON,gfs,temp,20260829,20260927,"00Z,12Z",D1,3h,-4.038,4.08,4.501,0.849,476
472FA05E,MALACASI,PIURA,MORROPON,eta5,temp,20260829,20260927,"00Z,12Z",D1,3h,-0.042,1.82,2.249,0.915,395
472FA05E,MALACASI,PIURA,MORROPON,wrf5,temp,20260829,20260927,"00Z,12Z",D1,3h,-1.201,2.061,2.393,0.918,468
472FA05E,MALACASI,PIURA,MORROPON,mpas15,temp,20260829,20260927,00Z,D1,3h,-3.378,3.437,3.747,0.906,238
472F7636,MORROPON,PIURA,MORROPON,ecmwf,temp,20260829,20260927,"00Z,12Z",D1,3h,-0.528,1.448,1.751,0.937,478
472F7636,MORROPON,PIURA,MORROPON,gfs,temp,20260829,20260927,"00Z,12Z",D1,3h,-0.521,2.019,2.348,0.92,478
472F7636,MORROPON,PIURA,MORROPON,eta5,temp,20260829,20260927,"00Z,12Z",D1,3h,0.734,1.874,2.423,0.935,397
472F7636,MORROPON,PIURA,MORROPON,wrf5,temp,20260829,20260927,"00Z,12Z",D1,3h,-0.409,1.98,2.301,0.918,470
472F7636,MORROPON,PIURA,MORROPON,mpas15,temp,20260829,20260927,00Z,D1,3h,-3.056,3.163,3.449,0.928,239
47E067B6,SALITRAL,PIURA,MORROPON,ecmwf,temp,20260829,20260927,"00Z,12Z",D1,3h,S/D,S/D,S/D,S/D,0
47E067B6,SALITRAL,PIURA,MORROPON,gfs,temp,20260829,20260927,"00Z,12Z",D1,3h,S/D,S/D,S/D,S/D,0
47E067B6,SALITRAL,PIURA,MORROPON,eta5,temp,20260829,20260927,"00Z,12Z",D1,3h,S/D,S/D,S/D,S/D,0
47E067B6,SALITRAL,PIURA,MORROPON,wrf5,temp,20260829,20260927,"00Z,12Z",D1,3h,S/D,S/D,S/D,S/D,0
47E067B6,SALITRAL,PIURA,MORROPON,mpas15,temp,20260829,20260927,00Z,D1,3h,S/D,S/D,S/D,S/D,0
47E08444,SAN PEDRO,PIURA,MORROPON,ecmwf,temp,20260829,20260927,"00Z,12Z",D1,3h,S/D,S/D,S/D,S/D,0
47E08444,SAN PEDRO,PIURA,MORROPON,gfs,temp,20260829,20260927,"00Z,12Z",D1,3h,S/D,S/D,S/D,S/D,0
47E08444,SAN PEDRO,PIURA,MORROPON,eta5,temp,20260829,20260927,"00Z,12Z",D1,3h,S/D,S/D,S/D,S/D,0
47E08444,SAN PEDRO,PIURA,MORROPON,wrf5,temp,20260829,20260927,"00Z,12Z",D1,3h,S/D,S/D,S/D,S/D,0
47E08444,SAN PEDRO,PIURA,MORROPON,mpas15,temp,20260829,20260927,00Z,D1,3h,S/D,S/D,S/D,S/D,0
105145,SANTO DOMINGO,PIURA,MORROPON,ecmwf,temp,20260829,20260927,"00Z,12Z",D1,3h,-2.617,2.927,3.264,0.71,36
105145,SANTO DOMINGO,PIURA,MORROPON,gfs,temp,20260829,20260927,"00Z,12Z",D1,3h,-3.479,4.093,4.477,0.461,36
105145,SANTO DOMINGO,PIURA,MORROPON,eta5,temp,20260829,20260927,"00Z,12Z",D1,3h,-1.207,1.988,2.202,0.752,30
105145,SANTO DOMINGO,PIURA,MORROPON,wrf5,temp,20260829,20260927,"00Z,12Z",D1,3h,0.197,1.523,2.14,0.764,36
105145,SANTO DOMINGO,PIURA,MORROPON,mpas15,temp,20260829,20260927,00Z,D1,3h,0.543,1.709,2.027,0.789,18
47E0B1DE,PUENTE SIMON RODRIGUEZ,PIURA,PAITA,ecmwf,temp,20260829,20260927,"00Z,12Z",D1,3h,S/D,S/D,S/D,S/D,0
47E0B1DE,PUENTE SIMON RODRIGUEZ,PIURA,PAITA,gfs,temp,20260829,20260927,"00Z,12Z",D1,3h,S/D,S/D,S/D,S/D,0
47E0B1DE,PUENTE SIMON RODRIGUEZ,PIURA,PAITA,eta5,temp,20260829,20260927,"00Z,12Z",D1,3h,S/D,S/D,S/D,S/D,0
47E0B1DE,PUENTE SIMON RODRIGUEZ,PIURA,PAITA,wrf5,temp,20260829,20260927,"00Z,12Z",D1,3h,S/D,S/D,S/D,S/D,0
47E0B1DE,PUENTE SIMON RODRIGUEZ,PIURA,PAITA,mpas15,temp,20260829,20260927,00Z,D1,3h,S/D,S/D,S/D,S/D,0
47E0E1A2,BOCATOMA CHIPILLICO,PIURA,PIURA,ecmwf,temp,20260829,20260927,"00Z,12Z",D1,3h,S/D,S/D,S/D,S/D,0
47E0E1A2,BOCATOMA CHIPILLICO,PIURA,PIURA,gfs,temp,20260829,20260927,"00Z,12Z",D1,3h,S/D,S/D,S/D,S/D,0
47E0E1A2,BOCATOMA CHIPILLICO,PIURA,PIURA,eta5,temp,20260829,20260927,"00Z,12Z",D1,3h,S/D,S/D,S/D,S/D,0
47E0E1A2,BOCATOMA CHIPILLICO,PIURA,PIURA,wrf5,temp,20260829,20260927,"00Z,12Z",D1,3h,S/D,S/D,S/D,S/D,0
47E0E1A2,BOCATOMA CHIPILLICO,PIURA,PIURA,mpas15,temp,20260829,20260927,00Z,D1,3h,S/D,S/D,S/D,S/D,0
47E0F2D4,LAGARTERA,PIURA,PIURA,ecmwf,temp,20260829,20260927,"00Z,12Z",D1,3h,S/D,S/D,S/D,S/D,0
47E0F2D4,LAGARTERA,PIURA,PIURA,gfs,temp,20260829,20260927,"00Z,12Z",D1,3h,S/D,S/D,S/D,S/D,0
47E0F2D4,LAGARTERA,PIURA,PIURA,eta5,temp,20260829,20260927,"00Z,12Z",D1,3h,S/D,S/D,S/D,S/D,0
47E0F2D4,LAGARTERA,PIURA,PIURA,wrf5,temp,20260829,20260927,"00Z,12Z",D1,3h,S/D,S/D,S/D,S/D,0
47E0F2D4,LAGARTERA,PIURA,PIURA,mpas15,temp,20260829,20260927,00Z,D1,3h,S/D,S/D,S/D,S/D,0
105112,MIRAFLORES,PIURA,PIURA,ecmwf,temp,20260829,20260927,"00Z,12Z",D1,3h,S/D,S/D,S/D,S/D,0
105112,MIRAFLORES,PIURA,PIURA,gfs,temp,20260829,20260927,"00Z,12Z",D1,3h,S/D,S/D,S/D,S/D,0
105112,MIRAFLORES,PIURA,PIURA,eta5,temp,20260829,20260927,"00Z,12Z",D1,3h,S/D,S/D,S/D,S/D,0
105112,MIRAFLORES,PIURA,PIURA,wrf5,temp,20260829,20260927,"00Z,12Z",D1,3h,S/D,S/D,S/D,S/D,0
105112,MIRAFLORES,PIURA,PIURA,mpas15,temp,20260829,20260927,00Z,D1,3h,S/D,S/D,S/D,S/D,0
104113,PARTIDOR,PIURA,PIURA,ecmwf,temp,20260829,20260927,"00Z,12Z",D1,3h,1.074,1.3,1.779,0.951,296
104113,PARTIDOR,PIURA,PIURA,gfs,temp,20260829,20260927,"00Z,12Z",D1,3h,0.194,1.638,1.967,0.936,296
104113,PARTIDOR,PIURA,PIURA,eta5,temp,20260829,20260927,"00Z,12Z",D1,3h,1.361,1.766,2.339,0.949,257
104113,PARTIDOR,PIURA,PIURA,wrf5,temp,20260829,20260927,"00Z,12Z",D1,3h,-0.398,1.767,1.999,0.929,290
104113,PARTIDOR,PIURA,PIURA,mpas15,temp,20260829,20260927,00Z,D1,3h,-0.205,1.236,1.565,0.949,148
105143,SAN MIGUEL,PIURA,PIURA,ecmwf,temp,20260829,20260927,"00Z,12Z",D1,3h,-0.187,0.918,1.228,0.951,480
105143,SAN MIGUEL,PIURA,PIURA,gfs,temp,20260829,20260927,"00Z,12Z",D1,3h,-0.89,1.231,1.652,0.948,480
105143,SAN MIGUEL,PIURA,PIURA,eta5,temp,20260829,20260927,"00Z,12Z",D1,3h,0.16,1.187,1.508,0.934,398
105143,SAN MIGUEL,PIURA,PIURA,wrf5,temp,20260829,20260927,"00Z,12Z",D1,3h,-0.69,1.262,1.504,0.947,472
105143,SAN MIGUEL,PIURA,PIURA,mpas15,temp,20260829,20260927,00Z,D1,3h,-0.95,1.377,1.595,0.949,240
47E0522C,TAMBO GRANDE,PIURA,PIURA,ecmwf,temp,20260829,20260927,"00Z,12Z",D1,3h,S/D,S/D,S/D,S/D,0
47E0522C,TAMBO GRANDE,PIURA,PIURA,gfs,temp,20260829,20260927,"00Z,12Z",D1,3h,S/D,S/D,S/D,S/D,0
47E0522C,TAMBO GRANDE,PIURA,PIURA,eta5,temp,20260829,20260927,"00Z,12Z",D1,3h,S/D,S/D,S/D,S/D,0
47E0522C,TAMBO GRANDE,PIURA,PIURA,wrf5,temp,20260829,20260927,"00Z,12Z",D1,3h,S/D,S/D,S/D,S/D,0
47E0522C,TAMBO GRANDE,PIURA,PIURA,mpas15,temp,20260829,20260927,00Z,D1,3h,S/D,S/D,S/D,S/D,0
105144,BERNAL,PIURA,SECHURA,ecmwf,temp,20260829,20260927,"00Z,12Z",D1,3h,0.203,0.943,1.275,0.955,300
105144,BERNAL,PIURA,SECHURA,gfs,temp,20260829,20260927,"00Z,12Z",D1,3h,-0.234,1.343,1.546,0.947,300
105144,BERNAL,PIURA,SECHURA,eta5,temp,20260829,20260927,"00Z,12Z",D1,3h,0.271,1.393,1.767,0.93,259
105144,BERNAL,PIURA,SECHURA,wrf5,temp,20260829,20260927,"00Z,12Z",D1,3h,-0.293,1.266,1.479,0.947,294
105144,BERNAL,PIURA,SECHURA,mpas15,temp,20260829,20260927,00Z,D1,3h,-0.161,1.463,1.703,0.955,150
105120,CHUSIS,PIURA,SECHURA,ecmwf,temp,20260829,20260927,"00Z,12Z",D1,3h,0.337,0.944,1.323,0.959,288
105120,CHUSIS,PIURA,SECHURA,gfs,temp,20260829,20260927,"00Z,12Z",D1,3h,-0.11,1.259,1.511,0.957,288
105120,CHUSIS,PIURA,SECHURA,eta5,temp,20260829,20260927,"00Z,12Z",D1,3h,0.153,0.977,1.224,0.926,245
105120,CHUSIS,PIURA,SECHURA,wrf5,temp,20260829,20260927,"00Z,12Z",D1,3h,-0.502,0.931,1.101,0.953,282
105120,CHUSIS,PIURA,SECHURA,mpas15,temp,20260829,20260927,00Z,D1,3h,-0.349,0.805,1.003,0.958,144
47E0D438,ALAMOR,PIURA,SULLANA,ecmwf,temp,20260829,20260927,"00Z,12Z",D1,3h,S/D,S/D,S/D,S/D,0
47E0D438,ALAMOR,PIURA,SULLANA,gfs,temp,20260829,20260927,"00Z,12Z",D1,3h,S/D,S/D,S/D,S/D,0
47E0D438,ALAMOR,PIURA,SULLANA,eta5,temp,20260829,20260927,"00Z,12Z",D1,3h,S/D,S/D,S/D,S/D,0
47E0D438,ALAMOR,PIURA,SULLANA,wrf5,temp,20260829,20260927,"00Z,12Z",D1,3h,S/D,S/D,S/D,S/D,0
47E0D438,ALAMOR,PIURA,SULLANA,mpas15,temp,20260829,20260927,00Z,D1,3h,S/D,S/D,S/D,S/D,0
47E09732,LA ARDILLA,PIURA,SULLANA,ecmwf,temp,20260829,20260927,"00Z,12Z",D1,3h,S/D,S/D,S/D,S/D,0
47E09732,LA ARDILLA,PIURA,SULLANA,gfs,temp,20260829,20260927,"00Z,12Z",D1,3h,S/D,S/D,S/D,S/D,0
47E09732,LA ARDILLA,PIURA,SULLANA,eta5,temp,20260829,20260927,"00Z,12Z",D1,3h,S/D,S/D,S/D,S/D,0
47E09732,LA ARDILLA,PIURA,SULLANA,wrf5,temp,20260829,20260927,"00Z,12Z",D1,3h,S/D,S/D,S/D,S/D,0
47E09732,LA ARDILLA,PIURA,SULLANA,mpas15,temp,20260829,20260927,00Z,D1,3h,S/D,S/D,S/D,S/D,0
472FD6CE,LANCONES,PIURA,SULLANA,ecmwf,temp,20260829,20260927,"00Z,12Z",D1,3h,0.81,1.288,1.833,0.925,476
472FD6CE,LANCONES,PIURA,SULLANA,gfs,temp,20260829,20260927,"00Z,12Z",D1,3h,0.204,1.733,2.086,0.91,476
472FD6CE,LANCONES,PIURA,SULLANA,eta5,temp,20260829,20260927,"00Z,12Z",D1,3h,0.41,1.225,1.593,0.917,395
472FD6CE,LANCONES,PIURA,SULLANA,wrf5,temp,20260829,20260927,"00Z,12Z",D1,3h,-0.066,1.812,2.148,0.9,468
472FD6CE,LANCONES,PIURA,SULLANA,mpas15,temp,20260829,20260927,00Z,D1,3h,-0.164,1.523,1.854,0.934,238
270202,PUENTE AZANGARO,PUNO,AZANGARO,ecmwf,temp,20260829,20260927,"00Z,12Z",D1,3h,-1.001,1.837,2.237,0.939,478
270202,PUENTE AZANGARO,PUNO,AZANGARO,gfs,temp,20260829,20260927,"00Z,12Z",D1,3h,-0.233,1.936,2.533,0.883,478
270202,PUENTE AZANGARO,PUNO,AZANGARO,eta5,temp,20260829,20260927,"00Z,12Z",D1,3h,0.904,2.194,2.738,0.876,396
270202,PUENTE AZANGARO,PUNO,AZANGARO,wrf5,temp,20260829,20260927,"00Z,12Z",D1,3h,0.799,2.042,2.504,0.909,470
270202,PUENTE AZANGARO,PUNO,AZANGARO,mpas15,temp,20260829,20260927,00Z,D1,3h,-2.445,2.86,3.137,0.938,239
4721AAE4,AYMAÑA,PUNO,CARABAYA,ecmwf,temp,20260829,20260927,"00Z,12Z",D1,3h,-5.394,5.516,6.027,0.801,480
4721AAE4,AYMAÑA,PUNO,CARABAYA,gfs,temp,20260829,20260927,"00Z,12Z",D1,3h,-3.558,4.022,4.764,0.763,480
4721AAE4,AYMAÑA,PUNO,CARABAYA,eta5,temp,20260829,20260927,"00Z,12Z",D1,3h,4.167,4.17,4.642,0.873,398
4721AAE4,AYMAÑA,PUNO,CARABAYA,wrf5,temp,20260829,20260927,"00Z,12Z",D1,3h,-1.142,2.426,2.847,0.793,472
4721AAE4,AYMAÑA,PUNO,CARABAYA,mpas15,temp,20260829,20260927,00Z,D1,3h,-4.896,5.023,5.782,0.809,240
4721B992,UPINA,PUNO,CARABAYA,ecmwf,temp,20260829,20260927,"00Z,12Z",D1,3h,-4.053,4.112,4.464,0.858,480
4721B992,UPINA,PUNO,CARABAYA,gfs,temp,20260829,20260927,"00Z,12Z",D1,3h,-3.549,3.683,4.264,0.767,480
4721B992,UPINA,PUNO,CARABAYA,eta5,temp,20260829,20260927,"00Z,12Z",D1,3h,3.171,3.216,3.615,0.844,398
4721B992,UPINA,PUNO,CARABAYA,wrf5,temp,20260829,20260927,"00Z,12Z",D1,3h,-1.83,2.232,2.678,0.812,472
4721B992,UPINA,PUNO,CARABAYA,mpas15,temp,20260829,20260927,00Z,D1,3h,-1.63,2.389,3.116,0.766,240
210003,HUANCASAYA,PUNO,HUANCANE,ecmwf,temp,20260829,20260927,"00Z,12Z",D1,3h,0.561,2.201,3.106,0.816,478
210003,HUANCASAYA,PUNO,HUANCANE,gfs,temp,20260829,20260927,"00Z,12Z",D1,3h,1.603,2.454,3.6,0.795,478
210003,HUANCASAYA,PUNO,HUANCANE,eta5,temp,20260829,20260927,"00Z,12Z",D1,3h,0.664,2.275,3.157,0.813,397
210003,HUANCASAYA,PUNO,HUANCANE,wrf5,temp,20260829,20260927,"00Z,12Z",D1,3h,1.153,2.29,3.225,0.815,470
210003,HUANCASAYA,PUNO,HUANCANE,mpas15,temp,20260829,20260927,00Z,D1,3h,-0.217,2.627,3.297,0.823,239
47251282,PUENTE CARRETERA RAMIS,PUNO,HUANCANE,ecmwf,temp,20260829,20260927,"00Z,12Z",D1,3h,-0.362,1.601,2.028,0.94,474
47251282,PUENTE CARRETERA RAMIS,PUNO,HUANCANE,gfs,temp,20260829,20260927,"00Z,12Z",D1,3h,0.189,2.565,3.199,0.861,474
47251282,PUENTE CARRETERA RAMIS,PUNO,HUANCANE,eta5,temp,20260829,20260927,"00Z,12Z",D1,3h,3.248,3.418,4.141,0.88,394
47251282,PUENTE CARRETERA RAMIS,PUNO,HUANCANE,wrf5,temp,20260829,20260927,"00Z,12Z",D1,3h,1.269,2.147,2.685,0.902,466
47251282,PUENTE CARRETERA RAMIS,PUNO,HUANCANE,mpas15,temp,20260829,20260927,00Z,D1,3h,-1.682,2.216,2.561,0.938,237
472E37C6,PALCA,PUNO,LAMPA,ecmwf,temp,20260829,20260927,"00Z,12Z",D1,3h,-0.748,2.696,3.369,0.897,480
472E37C6,PALCA,PUNO,LAMPA,gfs,temp,20260829,20260927,"00Z,12Z",D1,3h,0.501,3.6,4.317,0.865,480
472E37C6,PALCA,PUNO,LAMPA,eta5,temp,20260829,20260927,"00Z,12Z",D1,3h,0.843,2.805,3.564,0.896,398
472E37C6,PALCA,PUNO,LAMPA,wrf5,temp,20260829,20260927,"00Z,12Z",D1,3h,1.352,3.239,4.286,0.854,472
472E37C6,PALCA,PUNO,LAMPA,mpas15,temp,20260829,20260927,00Z,D1,3h,-3.076,4.466,5.055,0.874,240
472DE6A0,PAMPAHUTA,PUNO,LAMPA,ecmwf,temp,20260829,20260927,"00Z,12Z",D1,3h,-1.165,3.836,4.802,0.777,480
472DE6A0,PAMPAHUTA,PUNO,LAMPA,gfs,temp,20260829,20260927,"00Z,12Z",D1,3h,0.37,3.61,4.57,0.813,480
472DE6A0,PAMPAHUTA,PUNO,LAMPA,eta5,temp,20260829,20260927,"00Z,12Z",D1,3h,3.977,4.474,5.6,0.843,398
472DE6A0,PAMPAHUTA,PUNO,LAMPA,wrf5,temp,20260829,20260927,"00Z,12Z",D1,3h,2.337,3.823,4.975,0.82,472
472DE6A0,PAMPAHUTA,PUNO,LAMPA,mpas15,temp,20260829,20260927,00Z,D1,3h,-0.855,3.316,4.1,0.855,240
114134,ANANSAYA -PUNA,PUNO,MELGAR,ecmwf,temp,20260829,20260927,"00Z,12Z",D1,3h,S/D,S/D,S/D,S/D,0
114134,ANANSAYA -PUNA,PUNO,MELGAR,gfs,temp,20260829,20260927,"00Z,12Z",D1,3h,S/D,S/D,S/D,S/D,0
114134,ANANSAYA -PUNA,PUNO,MELGAR,eta5,temp,20260829,20260927,"00Z,12Z",D1,3h,S/D,S/D,S/D,S/D,0
114134,ANANSAYA -PUNA,PUNO,MELGAR,wrf5,temp,20260829,20260927,"00Z,12Z",D1,3h,S/D,S/D,S/D,S/D,0
114134,ANANSAYA -PUNA,PUNO,MELGAR,mpas15,temp,20260829,20260927,00Z,D1,3h,S/D,S/D,S/D,S/D,0
47256412,ENAFER,PUNO,PUNO,ecmwf,temp,20260829,20260927,"00Z,12Z",D1,3h,S/D,S/D,S/D,S/D,0
47256412,ENAFER,PUNO,PUNO,gfs,temp,20260829,20260927,"00Z,12Z",D1,3h,S/D,S/D,S/D,S/D,0
47256412,ENAFER,PUNO,PUNO,eta5,temp,20260829,20260927,"00Z,12Z",D1,3h,S/D,S/D,S/D,S/D,0
47256412,ENAFER,PUNO,PUNO,wrf5,temp,20260829,20260927,"00Z,12Z",D1,3h,S/D,S/D,S/D,S/D,0
47256412,ENAFER,PUNO,PUNO,mpas15,temp,20260829,20260927,00Z,D1,3h,S/D,S/D,S/D,S/D,0
472E4156,ILLPA,PUNO,PUNO,ecmwf,temp,20260829,20260927,"00Z,12Z",D1,3h,1.489,2.213,2.868,0.947,478
472E4156,ILLPA,PUNO,PUNO,gfs,temp,20260829,20260927,"00Z,12Z",D1,3h,1.015,4.295,5.077,0.861,478
472E4156,ILLPA,PUNO,PUNO,eta5,temp,20260829,20260927,"00Z,12Z",D1,3h,1.688,2.583,3.356,0.913,396
472E4156,ILLPA,PUNO,PUNO,wrf5,temp,20260829,20260927,"00Z,12Z",D1,3h,2.262,2.835,3.663,0.921,470
472E4156,ILLPA,PUNO,PUNO,mpas15,temp,20260829,20260927,00Z,D1,3h,-0.709,4.107,4.966,0.864,239
472CB426,LARAQUERI,PUNO,PUNO,ecmwf,temp,20260829,20260927,"00Z,12Z",D1,3h,-0.521,2.351,3.031,0.898,480
472CB426,LARAQUERI,PUNO,PUNO,gfs,temp,20260829,20260927,"00Z,12Z",D1,3h,0.41,2.77,3.655,0.898,480
472CB426,LARAQUERI,PUNO,PUNO,eta5,temp,20260829,20260927,"00Z,12Z",D1,3h,1.955,2.601,3.727,0.906,398
472CB426,LARAQUERI,PUNO,PUNO,wrf5,temp,20260829,20260927,"00Z,12Z",D1,3h,2.162,2.746,3.936,0.9,472
472CB426,LARAQUERI,PUNO,PUNO,mpas15,temp,20260829,20260927,00Z,D1,3h,-1.411,3.272,3.804,0.888,240
472DD33A,PUNO,PUNO,PUNO,ecmwf,temp,20260829,20260927,"00Z,12Z",D1,3h,-0.667,2.466,2.839,0.868,480
472DD33A,PUNO,PUNO,PUNO,gfs,temp,20260829,20260927,"00Z,12Z",D1,3h,-1.129,2.24,2.779,0.843,480
472DD33A,PUNO,PUNO,PUNO,eta5,temp,20260829,20260927,"00Z,12Z",D1,3h,-0.775,2.54,3.02,0.781,398
472DD33A,PUNO,PUNO,PUNO,wrf5,temp,20260829,20260927,"00Z,12Z",D1,3h,1.012,1.982,2.524,0.858,472
472DD33A,PUNO,PUNO,PUNO,mpas15,temp,20260829,20260927,00Z,D1,3h,-4.114,4.572,5.907,0.208,240
472CF72C,JULIACA,PUNO,SAN ROMAN,ecmwf,temp,20260829,20260927,"00Z,12Z",D1,3h,0.295,1.882,2.546,0.935,480
472CF72C,JULIACA,PUNO,SAN ROMAN,gfs,temp,20260829,20260927,"00Z,12Z",D1,3h,0.795,2.553,3.536,0.9,480
472CF72C,JULIACA,PUNO,SAN ROMAN,eta5,temp,20260829,20260927,"00Z,12Z",D1,3h,1.286,2.694,3.461,0.886,398
472CF72C,JULIACA,PUNO,SAN ROMAN,wrf5,temp,20260829,20260927,"00Z,12Z",D1,3h,1.297,2.452,3.389,0.907,472
472CF72C,JULIACA,PUNO,SAN ROMAN,mpas15,temp,20260829,20260927,00Z,D1,3h,-0.943,2.452,2.926,0.936,240
107142,BELLAVISTA,SAN MARTIN,BELLAVISTA,ecmwf,temp,20260829,20260927,"00Z,12Z",D1,3h,-1.288,1.704,2.297,0.895,480
107142,BELLAVISTA,SAN MARTIN,BELLAVISTA,gfs,temp,20260829,20260927,"00Z,12Z",D1,3h,-2.503,3.155,3.774,0.863,480
107142,BELLAVISTA,SAN MARTIN,BELLAVISTA,eta5,temp,20260829,20260927,"00Z,12Z",D1,3h,0.55,2.044,2.557,0.843,398
107142,BELLAVISTA,SAN MARTIN,BELLAVISTA,wrf5,temp,20260829,20260927,"00Z,12Z",D1,3h,-1.083,1.873,2.304,0.877,472
107142,BELLAVISTA,SAN MARTIN,BELLAVISTA,mpas15,temp,20260829,20260927,00Z,D1,3h,-2.8,2.869,3.367,0.925,240
210006,SHANAO,SAN MARTIN,LAMAS,ecmwf,temp,20260829,20260927,"00Z,12Z",D1,3h,S/D,S/D,S/D,S/D,0
210006,SHANAO,SAN MARTIN,LAMAS,gfs,temp,20260829,20260927,"00Z,12Z",D1,3h,S/D,S/D,S/D,S/D,0
210006,SHANAO,SAN MARTIN,LAMAS,eta5,temp,20260829,20260927,"00Z,12Z",D1,3h,S/D,S/D,S/D,S/D,0
210006,SHANAO,SAN MARTIN,LAMAS,wrf5,temp,20260829,20260927,"00Z,12Z",D1,3h,S/D,S/D,S/D,S/D,0
210006,SHANAO,SAN MARTIN,LAMAS,mpas15,temp,20260829,20260927,00Z,D1,3h,S/D,S/D,S/D,S/D,0
106144,JEPELACIO,SAN MARTIN,MOYOBAMBA,ecmwf,temp,20260829,20260927,"00Z,12Z",D1,3h,0.135,1.566,1.987,0.874,480
106144,JEPELACIO,SAN MARTIN,MOYOBAMBA,gfs,temp,20260829,20260927,"00Z,12Z",D1,3h,-0.596,2.07,2.492,0.866,480
106144,JEPELACIO,SAN MARTIN,MOYOBAMBA,eta5,temp,20260829,20260927,"00Z,12Z",D1,3h,3.058,3.186,3.827,0.817,398
106144,JEPELACIO,SAN MARTIN,MOYOBAMBA,wrf5,temp,20260829,20260927,"00Z,12Z",D1,3h,-0.472,1.844,2.311,0.795,472
106144,JEPELACIO,SAN MARTIN,MOYOBAMBA,mpas15,temp,20260829,20260927,00Z,D1,3h,-2.023,2.539,3.195,0.774,240
106145,TINGO DE PONAZA,SAN MARTIN,PICOTA,ecmwf,temp,20260829,20260927,"00Z,12Z",D1,3h,-1.229,1.921,2.465,0.866,316
106145,TINGO DE PONAZA,SAN MARTIN,PICOTA,gfs,temp,20260829,20260927,"00Z,12Z",D1,3h,-2.648,2.9,3.612,0.876,316
106145,TINGO DE PONAZA,SAN MARTIN,PICOTA,eta5,temp,20260829,20260927,"00Z,12Z",D1,3h,0.379,2.287,2.852,0.808,255
106145,TINGO DE PONAZA,SAN MARTIN,PICOTA,wrf5,temp,20260829,20260927,"00Z,12Z",D1,3h,-0.839,1.796,2.195,0.898,308
106145,TINGO DE PONAZA,SAN MARTIN,PICOTA,mpas15,temp,20260829,20260927,00Z,D1,3h,-3.509,3.536,4.195,0.917,158
4724851A,NARANJILLO,SAN MARTIN,RIOJA,ecmwf,temp,20260829,20260927,"00Z,12Z",D1,3h,-2.206,2.488,2.916,0.886,474
4724851A,NARANJILLO,SAN MARTIN,RIOJA,gfs,temp,20260829,20260927,"00Z,12Z",D1,3h,-4.155,4.223,4.761,0.806,474
4724851A,NARANJILLO,SAN MARTIN,RIOJA,eta5,temp,20260829,20260927,"00Z,12Z",D1,3h,-0.031,1.789,2.205,0.794,393
4724851A,NARANJILLO,SAN MARTIN,RIOJA,wrf5,temp,20260829,20260927,"00Z,12Z",D1,3h,-0.489,1.434,1.897,0.871,466
4724851A,NARANJILLO,SAN MARTIN,RIOJA,mpas15,temp,20260829,20260927,00Z,D1,3h,-5.505,5.512,6.057,0.74,237
4723013A,EL PORVENIR,SAN MARTIN,SAN MARTIN,ecmwf,temp,20260829,20260927,"00Z,12Z",D1,3h,-3.696,3.824,4.664,0.828,438
4723013A,EL PORVENIR,SAN MARTIN,SAN MARTIN,gfs,temp,20260829,20260927,"00Z,12Z",D1,3h,-3.263,3.347,4.019,0.879,438
4723013A,EL PORVENIR,SAN MARTIN,SAN MARTIN,eta5,temp,20260829,20260927,"00Z,12Z",D1,3h,0.703,2.176,2.742,0.838,375
4723013A,EL PORVENIR,SAN MARTIN,SAN MARTIN,wrf5,temp,20260829,20260927,"00Z,12Z",D1,3h,-0.202,1.643,2.055,0.896,430
4723013A,EL PORVENIR,SAN MARTIN,SAN MARTIN,mpas15,temp,20260829,20260927,00Z,D1,3h,-3.269,3.3,3.953,0.924,219
47E2E456,TOCACHE,SAN MARTIN,TOCACHE,ecmwf,temp,20260829,20260927,"00Z,12Z",D1,3h,-1.07,1.622,1.955,0.894,474
47E2E456,TOCACHE,SAN MARTIN,TOCACHE,gfs,temp,20260829,20260927,"00Z,12Z",D1,3h,-1.371,3.103,3.43,0.853,474
47E2E456,TOCACHE,SAN MARTIN,TOCACHE,eta5,temp,20260829,20260927,"00Z,12Z",D1,3h,1.879,2.307,2.866,0.835,394
47E2E456,TOCACHE,SAN MARTIN,TOCACHE,wrf5,temp,20260829,20260927,"00Z,12Z",D1,3h,0.18,1.663,2.08,0.871,466
47E2E456,TOCACHE,SAN MARTIN,TOCACHE,mpas15,temp,20260829,20260927,00Z,D1,3h,-2.926,3.133,3.552,0.842,237
47E2C2BA,CANDARAVE,TACNA,CANDARAVE,ecmwf,temp,20260829,20260927,"00Z,12Z",D1,3h,-1.5,1.736,2.058,0.941,478
47E2C2BA,CANDARAVE,TACNA,CANDARAVE,gfs,temp,20260829,20260927,"00Z,12Z",D1,3h,-0.975,1.827,2.237,0.901,478
47E2C2BA,CANDARAVE,TACNA,CANDARAVE,eta5,temp,20260829,20260927,"00Z,12Z",D1,3h,-0.16,1.123,1.382,0.932,397
47E2C2BA,CANDARAVE,TACNA,CANDARAVE,wrf5,temp,20260829,20260927,"00Z,12Z",D1,3h,2.372,2.432,2.928,0.896,470
47E2C2BA,CANDARAVE,TACNA,CANDARAVE,mpas15,temp,20260829,20260927,00Z,D1,3h,-1.42,1.901,2.301,0.927,239
47E1654C,CORACHAY II,TACNA,CANDARAVE,ecmwf,temp,20260829,20260927,"00Z,12Z",D1,3h,S/D,S/D,S/D,S/D,0
47E1654C,CORACHAY II,TACNA,CANDARAVE,gfs,temp,20260829,20260927,"00Z,12Z",D1,3h,S/D,S/D,S/D,S/D,0
47E1654C,CORACHAY II,TACNA,CANDARAVE,eta5,temp,20260829,20260927,"00Z,12Z",D1,3h,S/D,S/D,S/D,S/D,0
47E1654C,CORACHAY II,TACNA,CANDARAVE,wrf5,temp,20260829,20260927,"00Z,12Z",D1,3h,S/D,S/D,S/D,S/D,0
47E1654C,CORACHAY II,TACNA,CANDARAVE,mpas15,temp,20260829,20260927,00Z,D1,3h,S/D,S/D,S/D,S/D,0
47E12646,LAGUNA ARICOTA,TACNA,CANDARAVE,ecmwf,temp,20260829,20260927,"00Z,12Z",D1,3h,S/D,S/D,S/D,S/D,0
47E12646,LAGUNA ARICOTA,TACNA,CANDARAVE,gfs,temp,20260829,20260927,"00Z,12Z",D1,3h,S/D,S/D,S/D,S/D,0
47E12646,LAGUNA ARICOTA,TACNA,CANDARAVE,eta5,temp,20260829,20260927,"00Z,12Z",D1,3h,S/D,S/D,S/D,S/D,0
47E12646,LAGUNA ARICOTA,TACNA,CANDARAVE,wrf5,temp,20260829,20260927,"00Z,12Z",D1,3h,S/D,S/D,S/D,S/D,0
47E12646,LAGUNA ARICOTA,TACNA,CANDARAVE,mpas15,temp,20260829,20260927,00Z,D1,3h,S/D,S/D,S/D,S/D,0
47E186BE,PUENTE VIEJO,TACNA,JORGE BASADRE,ecmwf,temp,20260829,20260927,"00Z,12Z",D1,3h,S/D,S/D,S/D,S/D,0
47E186BE,PUENTE VIEJO,TACNA,JORGE BASADRE,gfs,temp,20260829,20260927,"00Z,12Z",D1,3h,S/D,S/D,S/D,S/D,0
47E186BE,PUENTE VIEJO,TACNA,JORGE BASADRE,eta5,temp,20260829,20260927,"00Z,12Z",D1,3h,S/D,S/D,S/D,S/D,0
47E186BE,PUENTE VIEJO,TACNA,JORGE BASADRE,wrf5,temp,20260829,20260927,"00Z,12Z",D1,3h,S/D,S/D,S/D,S/D,0
47E186BE,PUENTE VIEJO,TACNA,JORGE BASADRE,mpas15,temp,20260829,20260927,00Z,D1,3h,S/D,S/D,S/D,S/D,0
47E2B42A,BOCATOMA EL AYRO,TACNA,TACNA,ecmwf,temp,20260829,20260927,"00Z,12Z",D1,3h,-3.403,4.922,5.511,0.747,476
47E2B42A,BOCATOMA EL AYRO,TACNA,TACNA,gfs,temp,20260829,20260927,"00Z,12Z",D1,3h,-1.82,4.248,4.827,0.759,476
47E2B42A,BOCATOMA EL AYRO,TACNA,TACNA,eta5,temp,20260829,20260927,"00Z,12Z",D1,3h,1.58,2.77,3.819,0.807,395
47E2B42A,BOCATOMA EL AYRO,TACNA,TACNA,wrf5,temp,20260829,20260927,"00Z,12Z",D1,3h,1.498,2.898,3.867,0.849,468
47E2B42A,BOCATOMA EL AYRO,TACNA,TACNA,mpas15,temp,20260829,20260927,00Z,D1,3h,-3.166,4.184,4.69,0.846,238
47E143A0,CAPLINA,TACNA,TACNA,ecmwf,temp,20260829,20260927,"00Z,12Z",D1,3h,S/D,S/D,S/D,S/D,0
47E143A0,CAPLINA,TACNA,TACNA,gfs,temp,20260829,20260927,"00Z,12Z",D1,3h,S/D,S/D,S/D,S/D,0
47E143A0,CAPLINA,TACNA,TACNA,eta5,temp,20260829,20260927,"00Z,12Z",D1,3h,S/D,S/D,S/D,S/D,0
47E143A0,CAPLINA,TACNA,TACNA,wrf5,temp,20260829,20260927,"00Z,12Z",D1,3h,S/D,S/D,S/D,S/D,0
47E143A0,CAPLINA,TACNA,TACNA,mpas15,temp,20260829,20260927,00Z,D1,3h,S/D,S/D,S/D,S/D,0
47E13530,CERRO BLANCO,TACNA,TACNA,ecmwf,temp,20260829,20260927,"00Z,12Z",D1,3h,S/D,S/D,S/D,S/D,0
47E13530,CERRO BLANCO,TACNA,TACNA,gfs,temp,20260829,20260927,"00Z,12Z",D1,3h,S/D,S/D,S/D,S/D,0
47E13530,CERRO BLANCO,TACNA,TACNA,eta5,temp,20260829,20260927,"00Z,12Z",D1,3h,S/D,S/D,S/D,S/D,0
47E13530,CERRO BLANCO,TACNA,TACNA,wrf5,temp,20260829,20260927,"00Z,12Z",D1,3h,S/D,S/D,S/D,S/D,0
47E13530,CERRO BLANCO,TACNA,TACNA,mpas15,temp,20260829,20260927,00Z,D1,3h,S/D,S/D,S/D,S/D,0
47E195C8,CHALLATA,TACNA,TACNA,ecmwf,temp,20260829,20260927,"00Z,12Z",D1,3h,S/D,S/D,S/D,S/D,0
47E195C8,CHALLATA,TACNA,TACNA,gfs,temp,20260829,20260927,"00Z,12Z",D1,3h,S/D,S/D,S/D,S/D,0
47E195C8,CHALLATA,TACNA,TACNA,eta5,temp,20260829,20260927,"00Z,12Z",D1,3h,S/D,S/D,S/D,S/D,0
47E195C8,CHALLATA,TACNA,TACNA,wrf5,temp,20260829,20260927,"00Z,12Z",D1,3h,S/D,S/D,S/D,S/D,0
47E195C8,CHALLATA,TACNA,TACNA,mpas15,temp,20260829,20260927,00Z,D1,3h,S/D,S/D,S/D,S/D,0
4722F344,LA TRANCA,TACNA,TACNA,ecmwf,temp,20260829,20260927,"00Z,12Z",D1,3h,S/D,S/D,S/D,S/D,0
4722F344,LA TRANCA,TACNA,TACNA,gfs,temp,20260829,20260927,"00Z,12Z",D1,3h,S/D,S/D,S/D,S/D,0
4722F344,LA TRANCA,TACNA,TACNA,eta5,temp,20260829,20260927,"00Z,12Z",D1,3h,S/D,S/D,S/D,S/D,0
4722F344,LA TRANCA,TACNA,TACNA,wrf5,temp,20260829,20260927,"00Z,12Z",D1,3h,S/D,S/D,S/D,S/D,0
4722F344,LA TRANCA,TACNA,TACNA,mpas15,temp,20260829,20260927,00Z,D1,3h,S/D,S/D,S/D,S/D,0
47E113DC,REPRESA PAUCARANI,TACNA,TACNA,ecmwf,temp,20260829,20260927,"00Z,12Z",D1,3h,S/D,S/D,S/D,S/D,0
47E113DC,REPRESA PAUCARANI,TACNA,TACNA,gfs,temp,20260829,20260927,"00Z,12Z",D1,3h,S/D,S/D,S/D,S/D,0
47E113DC,REPRESA PAUCARANI,TACNA,TACNA,eta5,temp,20260829,20260927,"00Z,12Z",D1,3h,S/D,S/D,S/D,S/D,0
47E113DC,REPRESA PAUCARANI,TACNA,TACNA,wrf5,temp,20260829,20260927,"00Z,12Z",D1,3h,S/D,S/D,S/D,S/D,0
47E113DC,REPRESA PAUCARANI,TACNA,TACNA,mpas15,temp,20260829,20260927,00Z,D1,3h,S/D,S/D,S/D,S/D,0
117059,ANCOAQUE,TACNA,TARATA,ecmwf,temp,20260829,20260927,"00Z,12Z",D1,3h,S/D,S/D,S/D,S/D,0
117059,ANCOAQUE,TACNA,TARATA,gfs,temp,20260829,20260927,"00Z,12Z",D1,3h,S/D,S/D,S/D,S/D,0
117059,ANCOAQUE,TACNA,TARATA,eta5,temp,20260829,20260927,"00Z,12Z",D1,3h,S/D,S/D,S/D,S/D,0
117059,ANCOAQUE,TACNA,TARATA,wrf5,temp,20260829,20260927,"00Z,12Z",D1,3h,S/D,S/D,S/D,S/D,0
117059,ANCOAQUE,TACNA,TARATA,mpas15,temp,20260829,20260927,00Z,D1,3h,S/D,S/D,S/D,S/D,0
47E292C6,CHUAPALCA,TACNA,TARATA,ecmwf,temp,20260829,20260927,"00Z,12Z",D1,3h,0.202,3.571,4.404,0.882,474
47E292C6,CHUAPALCA,TACNA,TARATA,gfs,temp,20260829,20260927,"00Z,12Z",D1,3h,0.43,4.701,5.735,0.784,474
47E292C6,CHUAPALCA,TACNA,TARATA,eta5,temp,20260829,20260927,"00Z,12Z",D1,3h,2.349,3.536,5.391,0.82,393
47E292C6,CHUAPALCA,TACNA,TARATA,wrf5,temp,20260829,20260927,"00Z,12Z",D1,3h,2.799,3.859,5.786,0.853,466
47E292C6,CHUAPALCA,TACNA,TARATA,mpas15,temp,20260829,20260927,00Z,D1,3h,-1.834,4.695,5.176,0.854,237
47E150D6,PUENTE TALAPALCA,TACNA,TARATA,ecmwf,temp,20260829,20260927,"00Z,12Z",D1,3h,S/D,S/D,S/D,S/D,0
47E150D6,PUENTE TALAPALCA,TACNA,TARATA,gfs,temp,20260829,20260927,"00Z,12Z",D1,3h,S/D,S/D,S/D,S/D,0
47E150D6,PUENTE TALAPALCA,TACNA,TARATA,eta5,temp,20260829,20260927,"00Z,12Z",D1,3h,S/D,S/D,S/D,S/D,0
47E150D6,PUENTE TALAPALCA,TACNA,TARATA,wrf5,temp,20260829,20260927,"00Z,12Z",D1,3h,S/D,S/D,S/D,S/D,0
47E150D6,PUENTE TALAPALCA,TACNA,TARATA,mpas15,temp,20260829,20260927,00Z,D1,3h,S/D,S/D,S/D,S/D,0
47E1B324,REPRESA JARUMAS,TACNA,TARATA,ecmwf,temp,20260829,20260927,"00Z,12Z",D1,3h,S/D,S/D,S/D,S/D,0
47E1B324,REPRESA JARUMAS,TACNA,TARATA,gfs,temp,20260829,20260927,"00Z,12Z",D1,3h,S/D,S/D,S/D,S/D,0
47E1B324,REPRESA JARUMAS,TACNA,TARATA,eta5,temp,20260829,20260927,"00Z,12Z",D1,3h,S/D,S/D,S/D,S/D,0
47E1B324,REPRESA JARUMAS,TACNA,TARATA,wrf5,temp,20260829,20260927,"00Z,12Z",D1,3h,S/D,S/D,S/D,S/D,0
47E1B324,REPRESA JARUMAS,TACNA,TARATA,mpas15,temp,20260829,20260927,00Z,D1,3h,S/D,S/D,S/D,S/D,0
47E1763A,SALIDA TUNEL KOVIRE,TACNA,TARATA,ecmwf,temp,20260829,20260927,"00Z,12Z",D1,3h,S/D,S/D,S/D,S/D,0
47E1763A,SALIDA TUNEL KOVIRE,TACNA,TARATA,gfs,temp,20260829,20260927,"00Z,12Z",D1,3h,S/D,S/D,S/D,S/D,0
47E1763A,SALIDA TUNEL KOVIRE,TACNA,TARATA,eta5,temp,20260829,20260927,"00Z,12Z",D1,3h,S/D,S/D,S/D,S/D,0
47E1763A,SALIDA TUNEL KOVIRE,TACNA,TARATA,wrf5,temp,20260829,20260927,"00Z,12Z",D1,3h,S/D,S/D,S/D,S/D,0
47E1763A,SALIDA TUNEL KOVIRE,TACNA,TARATA,mpas15,temp,20260829,20260927,00Z,D1,3h,S/D,S/D,S/D,S/D,0
47E2D1CC,TARATA,TACNA,TARATA,ecmwf,temp,20260829,20260927,"00Z,12Z",D1,3h,-4.491,4.707,5.362,0.844,476
47E2D1CC,TARATA,TACNA,TARATA,gfs,temp,20260829,20260927,"00Z,12Z",D1,3h,-4.644,4.811,5.767,0.845,476
47E2D1CC,TARATA,TACNA,TARATA,eta5,temp,20260829,20260927,"00Z,12Z",D1,3h,0.095,1.184,1.562,0.923,395
47E2D1CC,TARATA,TACNA,TARATA,wrf5,temp,20260829,20260927,"00Z,12Z",D1,3h,1.223,2.941,3.455,0.843,468
47E2D1CC,TARATA,TACNA,TARATA,mpas15,temp,20260829,20260927,00Z,D1,3h,-6.943,7.015,7.577,0.856,238
47E2A75C,VILACOTA,TACNA,TARATA,ecmwf,temp,20260829,20260927,"00Z,12Z",D1,3h,0.217,2.814,3.383,0.874,476
47E2A75C,VILACOTA,TACNA,TARATA,gfs,temp,20260829,20260927,"00Z,12Z",D1,3h,1.459,3.665,4.536,0.814,476
47E2A75C,VILACOTA,TACNA,TARATA,eta5,temp,20260829,20260927,"00Z,12Z",D1,3h,2.816,3.334,4.713,0.796,395
47E2A75C,VILACOTA,TACNA,TARATA,wrf5,temp,20260829,20260927,"00Z,12Z",D1,3h,1.449,3.95,4.901,0.744,468
47E2A75C,VILACOTA,TACNA,TARATA,mpas15,temp,20260829,20260927,00Z,D1,3h,-1.658,3.234,3.696,0.87,238
472F13D0,CAÑAVERAL,TUMBES,CONTRALMIRANTE VILLAR,ecmwf,temp,20260829,20260927,"00Z,12Z",D1,3h,-0.061,0.904,1.163,0.917,478
472F13D0,CAÑAVERAL,TUMBES,CONTRALMIRANTE VILLAR,gfs,temp,20260829,20260927,"00Z,12Z",D1,3h,-1.079,1.381,1.619,0.891,478
472F13D0,CAÑAVERAL,TUMBES,CONTRALMIRANTE VILLAR,eta5,temp,20260829,20260927,"00Z,12Z",D1,3h,-0.307,1.335,1.641,0.902,396
472F13D0,CAÑAVERAL,TUMBES,CONTRALMIRANTE VILLAR,wrf5,temp,20260829,20260927,"00Z,12Z",D1,3h,-0.727,1.317,1.585,0.869,470
472F13D0,CAÑAVERAL,TUMBES,CONTRALMIRANTE VILLAR,mpas15,temp,20260829,20260927,00Z,D1,3h,-1.899,2.016,2.293,0.9,239
47E01126,CABO INGA H,TUMBES,TUMBES,ecmwf,temp,20260829,20260927,"00Z,12Z",D1,3h,S/D,S/D,S/D,S/D,0
47E01126,CABO INGA H,TUMBES,TUMBES,gfs,temp,20260829,20260927,"00Z,12Z",D1,3h,S/D,S/D,S/D,S/D,0
47E01126,CABO INGA H,TUMBES,TUMBES,eta5,temp,20260829,20260927,"00Z,12Z",D1,3h,S/D,S/D,S/D,S/D,0
47E01126,CABO INGA H,TUMBES,TUMBES,wrf5,temp,20260829,20260927,"00Z,12Z",D1,3h,S/D,S/D,S/D,S/D,0
47E01126,CABO INGA H,TUMBES,TUMBES,mpas15,temp,20260829,20260927,00Z,D1,3h,S/D,S/D,S/D,S/D,0
472F00A6,CABO INGA M,TUMBES,TUMBES,ecmwf,temp,20260829,20260927,"00Z,12Z",D1,3h,-1.367,1.794,2.099,0.884,476
472F00A6,CABO INGA M,TUMBES,TUMBES,gfs,temp,20260829,20260927,"00Z,12Z",D1,3h,-1.373,2.269,2.609,0.835,476
472F00A6,CABO INGA M,TUMBES,TUMBES,eta5,temp,20260829,20260927,"00Z,12Z",D1,3h,-1.179,2.008,2.366,0.858,394
472F00A6,CABO INGA M,TUMBES,TUMBES,wrf5,temp,20260829,20260927,"00Z,12Z",D1,3h,-2.101,2.809,3.177,0.841,468
472F00A6,CABO INGA M,TUMBES,TUMBES,mpas15,temp,20260829,20260927,00Z,D1,3h,-2.052,2.375,2.709,0.868,238
472EF2D8,CAMPAMENTO SEDE,TUMBES,TUMBES,ecmwf,temp,20260829,20260927,"00Z,12Z",D1,3h,-1.07,1.325,1.913,0.417,416
472EF2D8,CAMPAMENTO SEDE,TUMBES,TUMBES,gfs,temp,20260829,20260927,"00Z,12Z",D1,3h,-1.943,1.957,2.408,0.653,416
472EF2D8,CAMPAMENTO SEDE,TUMBES,TUMBES,eta5,temp,20260829,20260927,"00Z,12Z",D1,3h,-0.762,1.124,1.363,0.773,344
472EF2D8,CAMPAMENTO SEDE,TUMBES,TUMBES,wrf5,temp,20260829,20260927,"00Z,12Z",D1,3h,-1.272,1.499,1.809,0.798,409
472EF2D8,CAMPAMENTO SEDE,TUMBES,TUMBES,mpas15,temp,20260829,20260927,00Z,D1,3h,-1.232,1.297,1.749,0.767,208
4724A3F6,EL TIGRE,TUMBES,TUMBES,ecmwf,temp,20260829,20260927,"00Z,12Z",D1,3h,-0.233,1.012,1.302,0.895,474
4724A3F6,EL TIGRE,TUMBES,TUMBES,gfs,temp,20260829,20260927,"00Z,12Z",D1,3h,-1.727,1.963,2.267,0.843,474
4724A3F6,EL TIGRE,TUMBES,TUMBES,eta5,temp,20260829,20260927,"00Z,12Z",D1,3h,-0.292,1.503,1.853,0.838,394
4724A3F6,EL TIGRE,TUMBES,TUMBES,wrf5,temp,20260829,20260927,"00Z,12Z",D1,3h,-0.879,1.507,1.849,0.844,466
4724A3F6,EL TIGRE,TUMBES,TUMBES,mpas15,temp,20260829,20260927,00Z,D1,3h,-2.323,2.438,2.783,0.873,237
472F43AC,HUASIMO,TUMBES,TUMBES,ecmwf,temp,20260829,20260927,"00Z,12Z",D1,3h,1.553,1.63,2.007,0.935,476
472F43AC,HUASIMO,TUMBES,TUMBES,gfs,temp,20260829,20260927,"00Z,12Z",D1,3h,1.548,1.802,2.419,0.908,476
472F43AC,HUASIMO,TUMBES,TUMBES,eta5,temp,20260829,20260927,"00Z,12Z",D1,3h,1.096,1.466,1.87,0.915,394
472F43AC,HUASIMO,TUMBES,TUMBES,wrf5,temp,20260829,20260927,"00Z,12Z",D1,3h,-0.952,1.857,2.158,0.91,468
472F43AC,HUASIMO,TUMBES,TUMBES,mpas15,temp,20260829,20260927,00Z,D1,3h,1.161,1.375,1.865,0.926,238
47E024BC,PUENTE TUMBES,TUMBES,TUMBES,ecmwf,temp,20260829,20260927,"00Z,12Z",D1,3h,S/D,S/D,S/D,S/D,0
47E024BC,PUENTE TUMBES,TUMBES,TUMBES,gfs,temp,20260829,20260927,"00Z,12Z",D1,3h,S/D,S/D,S/D,S/D,0
47E024BC,PUENTE TUMBES,TUMBES,TUMBES,eta5,temp,20260829,20260927,"00Z,12Z",D1,3h,S/D,S/D,S/D,S/D,0
47E024BC,PUENTE TUMBES,TUMBES,TUMBES,wrf5,temp,20260829,20260927,"00Z,12Z",D1,3h,S/D,S/D,S/D,S/D,0
47E024BC,PUENTE TUMBES,TUMBES,TUMBES,mpas15,temp,20260829,20260927,00Z,D1,3h,S/D,S/D,S/D,S/D,0
103068,PUERTO PIZARRO,TUMBES,TUMBES,ecmwf,temp,20260829,20260927,"00Z,12Z",D1,3h,-1.921,2.214,3.074,0.346,336
103068,PUERTO PIZARRO,TUMBES,TUMBES,gfs,temp,20260829,20260927,"00Z,12Z",D1,3h,-2.734,2.763,3.524,0.628,336
103068,PUERTO PIZARRO,TUMBES,TUMBES,eta5,temp,20260829,20260927,"00Z,12Z",D1,3h,-2.285,2.316,2.811,0.892,279
103068,PUERTO PIZARRO,TUMBES,TUMBES,wrf5,temp,20260829,20260927,"00Z,12Z",D1,3h,-1.981,2.238,3.108,0.347,330
103068,PUERTO PIZARRO,TUMBES,TUMBES,mpas15,temp,20260829,20260927,00Z,D1,3h,-1.849,1.916,2.73,0.718,168
472F264A,RICA PLAYA,TUMBES,TUMBES,ecmwf,temp,20260829,20260927,"00Z,12Z",D1,3h,-0.081,1.087,1.361,0.88,478
472F264A,RICA PLAYA,TUMBES,TUMBES,gfs,temp,20260829,20260927,"00Z,12Z",D1,3h,-1.568,1.802,2.088,0.827,478
472F264A,RICA PLAYA,TUMBES,TUMBES,eta5,temp,20260829,20260927,"00Z,12Z",D1,3h,-1.044,1.714,2.077,0.851,396
472F264A,RICA PLAYA,TUMBES,TUMBES,wrf5,temp,20260829,20260927,"00Z,12Z",D1,3h,-1.286,1.801,2.127,0.811,470
472F264A,RICA PLAYA,TUMBES,TUMBES,mpas15,temp,20260829,20260927,00Z,D1,3h,-2.167,2.282,2.667,0.865,239
472F353C,MATAPALO,TUMBES,ZARUMILLA,ecmwf,temp,20260829,20260927,"00Z,12Z",D1,3h,-1.044,1.4,1.674,0.901,478
472F353C,MATAPALO,TUMBES,ZARUMILLA,gfs,temp,20260829,20260927,"00Z,12Z",D1,3h,-1.289,1.881,2.206,0.886,478
472F353C,MATAPALO,TUMBES,ZARUMILLA,eta5,temp,20260829,20260927,"00Z,12Z",D1,3h,0.481,1.299,1.694,0.875,396
472F353C,MATAPALO,TUMBES,ZARUMILLA,wrf5,temp,20260829,20260927,"00Z,12Z",D1,3h,-0.482,1.239,1.587,0.873,470
472F353C,MATAPALO,TUMBES,ZARUMILLA,mpas15,temp,20260829,20260927,00Z,D1,3h,-1.132,1.414,1.808,0.891,239
47E86310,CALLERIA,UCAYALI,CORONEL PORTILLO,ecmwf,temp,20260829,20260927,"00Z,12Z",D1,3h,0.519,1.702,2.176,0.853,480
47E86310,CALLERIA,UCAYALI,CORONEL PORTILLO,gfs,temp,20260829,20260927,"00Z,12Z",D1,3h,1.562,2.447,3.35,0.817,480
47E86310,CALLERIA,UCAYALI,CORONEL PORTILLO,eta5,temp,20260829,20260927,"00Z,12Z",D1,3h,2.935,3.092,3.836,0.796,398
47E86310,CALLERIA,UCAYALI,CORONEL PORTILLO,wrf5,temp,20260829,20260927,"00Z,12Z",D1,3h,1.31,1.856,2.463,0.867,472
47E86310,CALLERIA,UCAYALI,CORONEL PORTILLO,mpas15,temp,20260829,20260927,00Z,D1,3h,-0.034,1.568,2.112,0.87,240
47E87066,PUERTO ESPERANZA,UCAYALI,PURUS,ecmwf,temp,20260829,20260927,"00Z,12Z",D1,3h,-1.033,2.041,2.769,0.852,480
47E87066,PUERTO ESPERANZA,UCAYALI,PURUS,gfs,temp,20260829,20260927,"00Z,12Z",D1,3h,0.435,2.652,3.437,0.784,480
47E87066,PUERTO ESPERANZA,UCAYALI,PURUS,eta5,temp,20260829,20260927,"00Z,12Z",D1,3h,2.164,2.495,3.074,0.872,398
47E87066,PUERTO ESPERANZA,UCAYALI,PURUS,wrf5,temp,20260829,20260927,"00Z,12Z",D1,3h,0.611,1.853,2.397,0.872,472
47E87066,PUERTO ESPERANZA,UCAYALI,PURUS,mpas15,temp,20260829,20260927,00Z,D1,3h,-1.479,2.237,3.033,0.866,240
270001,DESAGUADERO,PUNO,CHUCUITO,ecmwf,temp,20260829,20260927,"00Z,12Z",D1,3h,S/D,S/D,S/D,S/D,0
270001,DESAGUADERO,PUNO,CHUCUITO,gfs,temp,20260829,20260927,"00Z,12Z",D1,3h,S/D,S/D,S/D,S/D,0
270001,DESAGUADERO,PUNO,CHUCUITO,eta5,temp,20260829,20260927,"00Z,12Z",D1,3h,S/D,S/D,S/D,S/D,0
270001,DESAGUADERO,PUNO,CHUCUITO,wrf5,temp,20260829,20260927,"00Z,12Z",D1,3h,S/D,S/D,S/D,S/D,0
270001,DESAGUADERO,PUNO,CHUCUITO,mpas15,temp,20260829,20260927,00Z,D1,3h,S/D,S/D,S/D,S/D,0
101004,GUEPPI,LORETO,PUTUMAYO,ecmwf,temp,20260829,20260927,"00Z,12Z",D1,3h,-0.016,1.268,1.696,0.818,480
101004,GUEPPI,LORETO,PUTUMAYO,gfs,temp,20260829,20260927,"00Z,12Z",D1,3h,-0.713,2.423,2.956,0.756,480
101004,GUEPPI,LORETO,PUTUMAYO,eta5,temp,20260829,20260927,"00Z,12Z",D1,3h,1.719,2.09,2.789,0.772,398
101004,GUEPPI,LORETO,PUTUMAYO,wrf5,temp,20260829,20260927,"00Z,12Z",D1,3h,0.502,1.791,2.355,0.769,472
101004,GUEPPI,LORETO,PUTUMAYO,mpas15,temp,20260829,20260927,00Z,D1,3h,0.046,1.226,1.681,0.827,240
