codigo,estacion,departamento,provincia,modelo,variable,periodo_inicio,periodo_fin,ciclos,horizonte,resolucion,bias,rmse,spearman,n,pod_0p1,far_0p1,csi_0p1,eventos_0p1,pod_1,far_1,csi_1,eventos_1,pod_5,far_5,csi_5,eventos_5,pod_25,far_25,csi_25,eventos_25
472B55E0,PUENTE SALINAS AMOJAO,AMAZONAS,BAGUA,ecmwf,pp,20260825,20260923,"00Z,12Z",D1,6h,-0.165,1.648,0.441,56,0.8,0.5,0.444,20,0.5,0.667,0.25,8,0.0,S/D,0.0,4,S/D,S/D,S/D,0
472B55E0,PUENTE SALINAS AMOJAO,AMAZONAS,BAGUA,gfs,pp,20260825,20260923,"00Z,12Z",D1,6h,-0.188,1.834,0.164,41,0.812,0.536,0.419,16,0.167,0.75,0.111,6,0.0,S/D,0.0,3,S/D,S/D,S/D,0
472B55E0,PUENTE SALINAS AMOJAO,AMAZONAS,BAGUA,eta5,pp,20260825,20260923,"00Z,12Z",D1,6h,-0.144,1.332,0.172,46,0.4,0.667,0.222,15,0.5,0.5,0.333,4,0.0,S/D,0.0,2,S/D,S/D,S/D,0
472B55E0,PUENTE SALINAS AMOJAO,AMAZONAS,BAGUA,wrf5,pp,20260825,20260923,"00Z,12Z",D1,6h,-0.237,2.211,-0.008,55,0.25,0.667,0.167,20,0.125,0.833,0.077,8,0.0,1.0,0.0,4,S/D,S/D,S/D,0
472B55E0,PUENTE SALINAS AMOJAO,AMAZONAS,BAGUA,mpas15,pp,20260825,20260923,00Z,D1,6h,-0.339,1.843,0.165,28,0.4,0.5,0.286,10,0.25,0.75,0.143,4,0.0,S/D,0.0,2,S/D,S/D,S/D,0
472C57D4,BAGUA,AMAZONAS,UTCUBAMBA,ecmwf,pp,20260825,20260923,"00Z,12Z",D1,6h,0.648,1.41,0.224,232,1.0,0.911,0.089,14,0.8,0.877,0.119,10,0.0,1.0,0.0,4,S/D,S/D,S/D,0
472C57D4,BAGUA,AMAZONAS,UTCUBAMBA,gfs,pp,20260825,20260923,"00Z,12Z",D1,6h,0.222,1.013,0.207,174,0.8,0.929,0.07,10,0.714,0.773,0.208,7,0.0,S/D,0.0,4,S/D,S/D,S/D,0
472C57D4,BAGUA,AMAZONAS,UTCUBAMBA,eta5,pp,20260825,20260923,"00Z,12Z",D1,6h,0.221,1.007,0.113,199,0.75,0.907,0.09,12,0.375,0.88,0.1,8,0.0,S/D,0.0,3,S/D,S/D,S/D,0
472C57D4,BAGUA,AMAZONAS,UTCUBAMBA,wrf5,pp,20260825,20260923,"00Z,12Z",D1,6h,-0.144,0.879,0.065,229,0.143,0.857,0.077,14,0.0,S/D,0.0,10,0.0,S/D,0.0,4,S/D,S/D,S/D,0
472C57D4,BAGUA,AMAZONAS,UTCUBAMBA,mpas15,pp,20260825,20260923,00Z,D1,6h,0.812,1.578,0.132,116,0.714,0.925,0.072,7,0.8,0.92,0.078,5,0.5,0.5,0.333,2,S/D,S/D,S/D,0
472B607A,CORRAL QUEMADO,AMAZONAS,UTCUBAMBA,ecmwf,pp,20260825,20260923,"00Z,12Z",D1,6h,0.404,0.93,0.315,228,0.944,0.84,0.159,18,0.5,0.868,0.116,10,S/D,1.0,0.0,0,S/D,S/D,S/D,0
472B607A,CORRAL QUEMADO,AMAZONAS,UTCUBAMBA,gfs,pp,20260825,20260923,"00Z,12Z",D1,6h,0.303,0.826,0.404,172,1.0,0.825,0.175,14,0.571,0.84,0.143,7,S/D,1.0,0.0,0,S/D,S/D,S/D,0
472B607A,CORRAL QUEMADO,AMAZONAS,UTCUBAMBA,eta5,pp,20260825,20260923,"00Z,12Z",D1,6h,0.406,0.896,0.084,195,0.733,0.904,0.093,15,0.222,0.946,0.045,9,S/D,S/D,S/D,0,S/D,S/D,S/D,0
472B607A,CORRAL QUEMADO,AMAZONAS,UTCUBAMBA,wrf5,pp,20260825,20260923,"00Z,12Z",D1,6h,-0.048,0.467,0.184,224,0.176,0.727,0.12,17,0.111,0.667,0.091,9,S/D,S/D,S/D,0,S/D,S/D,S/D,0
472B607A,CORRAL QUEMADO,AMAZONAS,UTCUBAMBA,mpas15,pp,20260825,20260923,00Z,D1,6h,1.039,1.893,0.078,114,0.667,0.895,0.1,9,0.6,0.936,0.061,5,S/D,1.0,0.0,0,S/D,S/D,S/D,0
472B2370,MAGUNCHAL,AMAZONAS,UTCUBAMBA,ecmwf,pp,20260825,20260923,"00Z,12Z",D1,6h,0.295,0.885,0.353,222,0.9,0.846,0.151,20,0.375,0.88,0.1,8,S/D,1.0,0.0,0,S/D,S/D,S/D,0
472B2370,MAGUNCHAL,AMAZONAS,UTCUBAMBA,gfs,pp,20260825,20260923,"00Z,12Z",D1,6h,0.723,1.629,0.276,168,0.875,0.864,0.133,16,0.429,0.929,0.065,7,S/D,1.0,0.0,0,S/D,S/D,S/D,0
472B2370,MAGUNCHAL,AMAZONAS,UTCUBAMBA,eta5,pp,20260825,20260923,"00Z,12Z",D1,6h,0.516,1.163,0.162,189,0.733,0.896,0.1,15,0.333,0.953,0.043,6,S/D,1.0,0.0,0,S/D,S/D,S/D,0
472B2370,MAGUNCHAL,AMAZONAS,UTCUBAMBA,wrf5,pp,20260825,20260923,"00Z,12Z",D1,6h,-0.078,0.59,0.384,218,0.3,0.667,0.188,20,0.125,0.667,0.1,8,S/D,S/D,S/D,0,S/D,S/D,S/D,0
472B2370,MAGUNCHAL,AMAZONAS,UTCUBAMBA,mpas15,pp,20260825,20260923,00Z,D1,6h,1.001,2.057,0.295,111,0.9,0.809,0.188,10,1.0,0.895,0.105,4,S/D,1.0,0.0,0,S/D,S/D,S/D,0
220907,NARANJITO,AMAZONAS,UTCUBAMBA,ecmwf,pp,20260825,20260923,"00Z,12Z",D1,6h,0.238,0.883,0.24,230,1.0,0.868,0.132,16,0.0,1.0,0.0,4,0.0,1.0,0.0,2,S/D,S/D,S/D,0
220907,NARANJITO,AMAZONAS,UTCUBAMBA,gfs,pp,20260825,20260923,"00Z,12Z",D1,6h,0.492,1.212,0.259,173,1.0,0.88,0.12,12,0.5,0.941,0.056,4,0.0,S/D,0.0,2,S/D,S/D,S/D,0
220907,NARANJITO,AMAZONAS,UTCUBAMBA,eta5,pp,20260825,20260923,"00Z,12Z",D1,6h,0.551,1.316,0.07,197,0.615,0.925,0.071,13,0.0,1.0,0.0,3,0.0,S/D,0.0,2,S/D,S/D,S/D,0
220907,NARANJITO,AMAZONAS,UTCUBAMBA,wrf5,pp,20260825,20260923,"00Z,12Z",D1,6h,-0.041,0.698,0.18,226,0.188,0.8,0.107,16,0.0,1.0,0.0,4,0.0,S/D,0.0,2,S/D,S/D,S/D,0
220907,NARANJITO,AMAZONAS,UTCUBAMBA,mpas15,pp,20260825,20260923,00Z,D1,6h,1.048,2.187,0.192,115,0.875,0.854,0.143,8,1.0,0.949,0.051,2,0.0,1.0,0.0,1,S/D,S/D,S/D,0
109096,BUENA VISTA,ANCASH,CASMA,ecmwf,pp,20260825,20260923,"00Z,12Z",D1,6h,0.002,0.009,S/D,214,S/D,S/D,S/D,0,S/D,S/D,S/D,0,S/D,S/D,S/D,0,S/D,S/D,S/D,0
109096,BUENA VISTA,ANCASH,CASMA,gfs,pp,20260825,20260923,"00Z,12Z",D1,6h,0.007,0.022,S/D,160,S/D,1.0,0.0,0,S/D,S/D,S/D,0,S/D,S/D,S/D,0,S/D,S/D,S/D,0
109096,BUENA VISTA,ANCASH,CASMA,eta5,pp,20260825,20260923,"00Z,12Z",D1,6h,0.001,0.005,S/D,182,S/D,S/D,S/D,0,S/D,S/D,S/D,0,S/D,S/D,S/D,0,S/D,S/D,S/D,0
109096,BUENA VISTA,ANCASH,CASMA,wrf5,pp,20260825,20260923,"00Z,12Z",D1,6h,0.001,0.003,S/D,210,S/D,S/D,S/D,0,S/D,S/D,S/D,0,S/D,S/D,S/D,0,S/D,S/D,S/D,0
109096,BUENA VISTA,ANCASH,CASMA,mpas15,pp,20260825,20260923,00Z,D1,6h,0.0,0.0,S/D,107,S/D,S/D,S/D,0,S/D,S/D,S/D,0,S/D,S/D,S/D,0,S/D,S/D,S/D,0
4725A10C,CHAVIN,ANCASH,HUARI,ecmwf,pp,20260825,20260923,"00Z,12Z",D1,6h,0.437,1.429,0.298,218,0.889,0.845,0.152,18,0.5,0.769,0.188,12,S/D,1.0,0.0,0,S/D,S/D,S/D,0
4725A10C,CHAVIN,ANCASH,HUARI,gfs,pp,20260825,20260923,"00Z,12Z",D1,6h,0.796,1.796,0.198,161,0.857,0.878,0.12,14,0.333,0.923,0.067,9,S/D,1.0,0.0,0,S/D,S/D,S/D,0
4725A10C,CHAVIN,ANCASH,HUARI,eta5,pp,20260825,20260923,"00Z,12Z",D1,6h,0.102,0.459,0.23,189,0.625,0.839,0.147,16,0.1,0.889,0.056,10,S/D,S/D,S/D,0,S/D,S/D,S/D,0
4725A10C,CHAVIN,ANCASH,HUARI,wrf5,pp,20260825,20260923,"00Z,12Z",D1,6h,0.148,1.016,0.143,214,0.389,0.848,0.123,18,0.0,1.0,0.0,12,S/D,1.0,0.0,0,S/D,S/D,S/D,0
4725A10C,CHAVIN,ANCASH,HUARI,mpas15,pp,20260825,20260923,00Z,D1,6h,1.253,2.975,0.152,109,0.667,0.893,0.102,9,0.667,0.889,0.105,6,S/D,1.0,0.0,0,S/D,S/D,S/D,0
109091,SAUCEPAMPA,ANCASH,HUAYLAS,ecmwf,pp,20260825,20260923,"00Z,12Z",D1,6h,0.336,0.737,S/D,230,S/D,1.0,0.0,0,S/D,1.0,0.0,0,S/D,S/D,S/D,0,S/D,S/D,S/D,0
109091,SAUCEPAMPA,ANCASH,HUAYLAS,gfs,pp,20260825,20260923,"00Z,12Z",D1,6h,0.877,1.55,S/D,173,S/D,1.0,0.0,0,S/D,1.0,0.0,0,S/D,1.0,0.0,0,S/D,S/D,S/D,0
109091,SAUCEPAMPA,ANCASH,HUAYLAS,eta5,pp,20260825,20260923,"00Z,12Z",D1,6h,0.17,0.435,S/D,197,S/D,1.0,0.0,0,S/D,1.0,0.0,0,S/D,S/D,S/D,0,S/D,S/D,S/D,0
109091,SAUCEPAMPA,ANCASH,HUAYLAS,wrf5,pp,20260825,20260923,"00Z,12Z",D1,6h,0.062,0.308,S/D,227,S/D,1.0,0.0,0,S/D,1.0,0.0,0,S/D,S/D,S/D,0,S/D,S/D,S/D,0
109091,SAUCEPAMPA,ANCASH,HUAYLAS,mpas15,pp,20260825,20260923,00Z,D1,6h,0.917,1.884,S/D,115,S/D,1.0,0.0,0,S/D,1.0,0.0,0,S/D,1.0,0.0,0,S/D,S/D,S/D,0
472182DA,PUENTE CAHUA,ANCASH,OCROS,ecmwf,pp,20260825,20260923,"00Z,12Z",D1,6h,S/D,S/D,S/D,0,S/D,S/D,S/D,0,S/D,S/D,S/D,0,S/D,S/D,S/D,0,S/D,S/D,S/D,0
472182DA,PUENTE CAHUA,ANCASH,OCROS,gfs,pp,20260825,20260923,"00Z,12Z",D1,6h,S/D,S/D,S/D,0,S/D,S/D,S/D,0,S/D,S/D,S/D,0,S/D,S/D,S/D,0,S/D,S/D,S/D,0
472182DA,PUENTE CAHUA,ANCASH,OCROS,eta5,pp,20260825,20260923,"00Z,12Z",D1,6h,S/D,S/D,S/D,0,S/D,S/D,S/D,0,S/D,S/D,S/D,0,S/D,S/D,S/D,0,S/D,S/D,S/D,0
472182DA,PUENTE CAHUA,ANCASH,OCROS,wrf5,pp,20260825,20260923,"00Z,12Z",D1,6h,S/D,S/D,S/D,0,S/D,S/D,S/D,0,S/D,S/D,S/D,0,S/D,S/D,S/D,0,S/D,S/D,S/D,0
472182DA,PUENTE CAHUA,ANCASH,OCROS,mpas15,pp,20260825,20260923,00Z,D1,6h,S/D,S/D,S/D,0,S/D,S/D,S/D,0,S/D,S/D,S/D,0,S/D,S/D,S/D,0,S/D,S/D,S/D,0
47E89394,PACHACOTO,ANCASH,RECUAY,ecmwf,pp,20260825,20260923,"00Z,12Z",D1,6h,0.117,1.093,0.241,232,0.611,0.876,0.115,18,0.667,0.733,0.235,6,0.0,S/D,0.0,2,S/D,S/D,S/D,0
47E89394,PACHACOTO,ANCASH,RECUAY,gfs,pp,20260825,20260923,"00Z,12Z",D1,6h,0.425,1.298,0.385,174,1.0,0.854,0.146,14,0.8,0.889,0.108,5,0.0,1.0,0.0,2,S/D,S/D,S/D,0
47E89394,PACHACOTO,ANCASH,RECUAY,eta5,pp,20260825,20260923,"00Z,12Z",D1,6h,0.002,0.86,0.374,199,0.706,0.75,0.226,17,0.0,1.0,0.0,5,0.0,S/D,0.0,1,S/D,S/D,S/D,0
47E89394,PACHACOTO,ANCASH,RECUAY,wrf5,pp,20260825,20260923,"00Z,12Z",D1,6h,0.232,1.516,0.353,229,0.611,0.766,0.204,18,0.667,0.833,0.154,6,0.0,1.0,0.0,2,S/D,S/D,S/D,0
47E89394,PACHACOTO,ANCASH,RECUAY,mpas15,pp,20260825,20260923,00Z,D1,6h,0.579,1.872,0.131,116,0.667,0.85,0.14,9,0.667,0.933,0.065,3,0.0,1.0,0.0,1,S/D,S/D,S/D,0
47259496,RECUAY,ANCASH,RECUAY,ecmwf,pp,20260825,20260923,"00Z,12Z",D1,6h,0.185,0.55,0.215,222,0.75,0.86,0.133,16,0.667,0.714,0.25,6,S/D,S/D,S/D,0,S/D,S/D,S/D,0
47259496,RECUAY,ANCASH,RECUAY,gfs,pp,20260825,20260923,"00Z,12Z",D1,6h,0.55,1.123,0.187,166,0.786,0.885,0.111,14,0.8,0.892,0.105,5,S/D,1.0,0.0,0,S/D,S/D,S/D,0
47259496,RECUAY,ANCASH,RECUAY,eta5,pp,20260825,20260923,"00Z,12Z",D1,6h,0.06,0.506,0.199,193,0.562,0.812,0.164,16,0.333,0.75,0.167,6,S/D,S/D,S/D,0,S/D,S/D,S/D,0
47259496,RECUAY,ANCASH,RECUAY,wrf5,pp,20260825,20260923,"00Z,12Z",D1,6h,0.247,1.084,0.384,218,0.75,0.739,0.24,16,0.667,0.818,0.167,6,S/D,1.0,0.0,0,S/D,S/D,S/D,0
47259496,RECUAY,ANCASH,RECUAY,mpas15,pp,20260825,20260923,00Z,D1,6h,0.658,1.682,0.107,111,0.625,0.881,0.111,8,0.667,0.938,0.061,3,S/D,1.0,0.0,0,S/D,S/D,S/D,0
110138,SHAQUEK,ANCASH,RECUAY,ecmwf,pp,20260825,20260923,"00Z,12Z",D1,6h,0.389,0.956,S/D,230,S/D,1.0,0.0,0,S/D,1.0,0.0,0,S/D,1.0,0.0,0,S/D,S/D,S/D,0
110138,SHAQUEK,ANCASH,RECUAY,gfs,pp,20260825,20260923,"00Z,12Z",D1,6h,0.283,0.645,S/D,173,S/D,1.0,0.0,0,S/D,1.0,0.0,0,S/D,S/D,S/D,0,S/D,S/D,S/D,0
110138,SHAQUEK,ANCASH,RECUAY,eta5,pp,20260825,20260923,"00Z,12Z",D1,6h,0.005,0.026,S/D,197,S/D,1.0,0.0,0,S/D,S/D,S/D,0,S/D,S/D,S/D,0,S/D,S/D,S/D,0
110138,SHAQUEK,ANCASH,RECUAY,wrf5,pp,20260825,20260923,"00Z,12Z",D1,6h,0.046,0.225,S/D,227,S/D,1.0,0.0,0,S/D,1.0,0.0,0,S/D,S/D,S/D,0,S/D,S/D,S/D,0
110138,SHAQUEK,ANCASH,RECUAY,mpas15,pp,20260825,20260923,00Z,D1,6h,0.317,0.9,S/D,115,S/D,1.0,0.0,0,S/D,1.0,0.0,0,S/D,1.0,0.0,0,S/D,S/D,S/D,0
211601,SAN JACINTO,ANCASH,SANTA,ecmwf,pp,20260825,20260923,"00Z,12Z",D1,6h,S/D,S/D,S/D,0,S/D,S/D,S/D,0,S/D,S/D,S/D,0,S/D,S/D,S/D,0,S/D,S/D,S/D,0
211601,SAN JACINTO,ANCASH,SANTA,gfs,pp,20260825,20260923,"00Z,12Z",D1,6h,S/D,S/D,S/D,0,S/D,S/D,S/D,0,S/D,S/D,S/D,0,S/D,S/D,S/D,0,S/D,S/D,S/D,0
211601,SAN JACINTO,ANCASH,SANTA,eta5,pp,20260825,20260923,"00Z,12Z",D1,6h,S/D,S/D,S/D,0,S/D,S/D,S/D,0,S/D,S/D,S/D,0,S/D,S/D,S/D,0,S/D,S/D,S/D,0
211601,SAN JACINTO,ANCASH,SANTA,wrf5,pp,20260825,20260923,"00Z,12Z",D1,6h,S/D,S/D,S/D,0,S/D,S/D,S/D,0,S/D,S/D,S/D,0,S/D,S/D,S/D,0,S/D,S/D,S/D,0
211601,SAN JACINTO,ANCASH,SANTA,mpas15,pp,20260825,20260923,00Z,D1,6h,S/D,S/D,S/D,0,S/D,S/D,S/D,0,S/D,S/D,S/D,0,S/D,S/D,S/D,0,S/D,S/D,S/D,0
113253,CURAHUASI,APURIMAC,ABANCAY,ecmwf,pp,20260825,20260923,"00Z,12Z",D1,6h,0.4,0.845,0.41,230,1.0,0.843,0.157,18,0.667,0.882,0.111,6,S/D,S/D,S/D,0,S/D,S/D,S/D,0
113253,CURAHUASI,APURIMAC,ABANCAY,gfs,pp,20260825,20260923,"00Z,12Z",D1,6h,0.709,1.537,0.325,174,1.0,0.889,0.111,12,0.6,0.927,0.07,5,S/D,1.0,0.0,0,S/D,S/D,S/D,0
113253,CURAHUASI,APURIMAC,ABANCAY,eta5,pp,20260825,20260923,"00Z,12Z",D1,6h,0.057,0.484,0.311,199,0.6,0.757,0.209,15,0.0,1.0,0.0,5,S/D,S/D,S/D,0,S/D,S/D,S/D,0
113253,CURAHUASI,APURIMAC,ABANCAY,wrf5,pp,20260825,20260923,"00Z,12Z",D1,6h,0.188,1.287,0.525,226,0.722,0.618,0.333,18,0.333,0.846,0.118,6,S/D,1.0,0.0,0,S/D,S/D,S/D,0
113253,CURAHUASI,APURIMAC,ABANCAY,mpas15,pp,20260825,20260923,00Z,D1,6h,0.543,1.157,0.189,115,0.778,0.837,0.156,9,0.333,0.972,0.026,3,S/D,1.0,0.0,0,S/D,S/D,S/D,0
47263360,GRANJA SAN ANTONIO,APURIMAC,ABANCAY,ecmwf,pp,20260825,20260923,"00Z,12Z",D1,6h,0.255,0.763,0.565,220,0.848,0.625,0.351,46,0.917,0.633,0.355,12,0.0,S/D,0.0,2,S/D,S/D,S/D,0
47263360,GRANJA SAN ANTONIO,APURIMAC,ABANCAY,gfs,pp,20260825,20260923,"00Z,12Z",D1,6h,0.548,1.518,0.527,163,0.914,0.686,0.305,35,0.625,0.861,0.128,8,0.0,1.0,0.0,2,S/D,S/D,S/D,0
47263360,GRANJA SAN ANTONIO,APURIMAC,ABANCAY,eta5,pp,20260825,20260923,"00Z,12Z",D1,6h,-0.121,0.769,0.327,189,0.341,0.44,0.269,41,0.0,1.0,0.0,10,0.0,S/D,0.0,2,S/D,S/D,S/D,0
47263360,GRANJA SAN ANTONIO,APURIMAC,ABANCAY,wrf5,pp,20260825,20260923,"00Z,12Z",D1,6h,0.262,1.46,0.592,216,0.682,0.375,0.484,44,0.417,0.773,0.172,12,0.0,1.0,0.0,2,S/D,S/D,S/D,0
47263360,GRANJA SAN ANTONIO,APURIMAC,ABANCAY,mpas15,pp,20260825,20260923,00Z,D1,6h,0.544,1.321,0.251,110,0.739,0.646,0.315,23,0.833,0.848,0.147,6,0.0,1.0,0.0,1,S/D,S/D,S/D,0
472B16EA,HUACULLO,APURIMAC,ANTABAMBA,ecmwf,pp,20260825,20260923,"00Z,12Z",D1,6h,0.072,0.721,0.465,228,0.794,0.578,0.38,34,0.444,0.636,0.25,18,S/D,S/D,S/D,0,S/D,S/D,S/D,0
472B16EA,HUACULLO,APURIMAC,ANTABAMBA,gfs,pp,20260825,20260923,"00Z,12Z",D1,6h,0.481,1.37,0.446,172,0.955,0.734,0.263,22,0.636,0.825,0.159,11,S/D,1.0,0.0,0,S/D,S/D,S/D,0
472B16EA,HUACULLO,APURIMAC,ANTABAMBA,eta5,pp,20260825,20260923,"00Z,12Z",D1,6h,-0.053,0.648,0.512,196,0.774,0.556,0.393,31,0.222,0.636,0.16,18,S/D,S/D,S/D,0,S/D,S/D,S/D,0
472B16EA,HUACULLO,APURIMAC,ANTABAMBA,wrf5,pp,20260825,20260923,"00Z,12Z",D1,6h,0.195,1.312,0.406,224,0.606,0.643,0.29,33,0.294,0.75,0.156,17,S/D,1.0,0.0,0,S/D,S/D,S/D,0
472B16EA,HUACULLO,APURIMAC,ANTABAMBA,mpas15,pp,20260825,20260923,00Z,D1,6h,0.172,0.836,0.378,114,0.647,0.607,0.324,17,0.667,0.739,0.231,9,S/D,S/D,S/D,0,S/D,S/D,S/D,0
113246,TANCAYLLO,APURIMAC,CHINCHEROS,ecmwf,pp,20260825,20260923,"00Z,12Z",D1,6h,0.509,1.585,0.51,232,0.952,0.604,0.388,42,0.5,0.806,0.162,12,1.0,0.846,0.154,2,S/D,S/D,S/D,0
113246,TANCAYLLO,APURIMAC,CHINCHEROS,gfs,pp,20260825,20260923,"00Z,12Z",D1,6h,0.533,1.986,0.465,174,0.909,0.688,0.303,33,0.778,0.667,0.304,9,1.0,0.8,0.2,2,S/D,S/D,S/D,0
113246,TANCAYLLO,APURIMAC,CHINCHEROS,eta5,pp,20260825,20260923,"00Z,12Z",D1,6h,-0.183,1.041,0.356,199,0.3,0.625,0.2,40,0.167,0.6,0.133,12,0.0,S/D,0.0,2,S/D,S/D,S/D,0
113246,TANCAYLLO,APURIMAC,CHINCHEROS,wrf5,pp,20260825,20260923,"00Z,12Z",D1,6h,0.274,1.502,0.437,229,0.488,0.556,0.303,41,0.727,0.704,0.267,11,1.0,0.667,0.333,2,S/D,S/D,S/D,0
113246,TANCAYLLO,APURIMAC,CHINCHEROS,mpas15,pp,20260825,20260923,00Z,D1,6h,0.569,1.461,0.405,116,0.81,0.638,0.333,21,0.667,0.862,0.129,6,1.0,0.8,0.2,1,S/D,S/D,S/D,0
472A1410,CASACCANCHA,APURIMAC,COTABAMBAS,ecmwf,pp,20260825,20260923,"00Z,12Z",D1,6h,0.392,1.009,0.442,232,1.0,0.725,0.275,30,0.75,0.795,0.191,12,S/D,1.0,0.0,0,S/D,S/D,S/D,0
472A1410,CASACCANCHA,APURIMAC,COTABAMBAS,gfs,pp,20260825,20260923,"00Z,12Z",D1,6h,0.197,0.742,0.406,174,0.958,0.726,0.271,24,0.222,0.875,0.087,9,S/D,S/D,S/D,0,S/D,S/D,S/D,0
472A1410,CASACCANCHA,APURIMAC,COTABAMBAS,eta5,pp,20260825,20260923,"00Z,12Z",D1,6h,-0.045,0.559,0.312,199,0.571,0.66,0.271,28,0.167,0.6,0.133,12,S/D,S/D,S/D,0,S/D,S/D,S/D,0
472A1410,CASACCANCHA,APURIMAC,COTABAMBAS,wrf5,pp,20260825,20260923,"00Z,12Z",D1,6h,0.197,0.882,0.391,229,0.655,0.703,0.257,29,0.417,0.75,0.185,12,S/D,1.0,0.0,0,S/D,S/D,S/D,0
472A1410,CASACCANCHA,APURIMAC,COTABAMBAS,mpas15,pp,20260825,20260923,00Z,D1,6h,0.422,1.122,0.254,116,0.733,0.732,0.244,15,0.667,0.867,0.125,6,S/D,S/D,S/D,0,S/D,S/D,S/D,0
116085,AREQUIPA UV,AREQUIPA,AREQUIPA,ecmwf,pp,20260825,20260923,"00Z,12Z",D1,6h,0.0,0.0,S/D,4,S/D,S/D,S/D,0,S/D,S/D,S/D,0,S/D,S/D,S/D,0,S/D,S/D,S/D,0
116085,AREQUIPA UV,AREQUIPA,AREQUIPA,gfs,pp,20260825,20260923,"00Z,12Z",D1,6h,0.0,0.0,S/D,3,S/D,S/D,S/D,0,S/D,S/D,S/D,0,S/D,S/D,S/D,0,S/D,S/D,S/D,0
116085,AREQUIPA UV,AREQUIPA,AREQUIPA,eta5,pp,20260825,20260923,"00Z,12Z",D1,6h,0.0,0.0,S/D,2,S/D,S/D,S/D,0,S/D,S/D,S/D,0,S/D,S/D,S/D,0,S/D,S/D,S/D,0
116085,AREQUIPA UV,AREQUIPA,AREQUIPA,wrf5,pp,20260825,20260923,"00Z,12Z",D1,6h,0.0,0.0,S/D,4,S/D,S/D,S/D,0,S/D,S/D,S/D,0,S/D,S/D,S/D,0,S/D,S/D,S/D,0
116085,AREQUIPA UV,AREQUIPA,AREQUIPA,mpas15,pp,20260825,20260923,00Z,D1,6h,0.0,0.0,S/D,2,S/D,S/D,S/D,0,S/D,S/D,S/D,0,S/D,S/D,S/D,0,S/D,S/D,S/D,0
47E26242,BOYADERO,AREQUIPA,AREQUIPA,ecmwf,pp,20260825,20260923,"00Z,12Z",D1,6h,0.004,0.033,S/D,232,S/D,1.0,0.0,0,S/D,S/D,S/D,0,S/D,S/D,S/D,0,S/D,S/D,S/D,0
47E26242,BOYADERO,AREQUIPA,AREQUIPA,gfs,pp,20260825,20260923,"00Z,12Z",D1,6h,0.0,0.0,S/D,175,S/D,S/D,S/D,0,S/D,S/D,S/D,0,S/D,S/D,S/D,0,S/D,S/D,S/D,0
47E26242,BOYADERO,AREQUIPA,AREQUIPA,eta5,pp,20260825,20260923,"00Z,12Z",D1,6h,0.0,0.0,S/D,199,S/D,S/D,S/D,0,S/D,S/D,S/D,0,S/D,S/D,S/D,0,S/D,S/D,S/D,0
47E26242,BOYADERO,AREQUIPA,AREQUIPA,wrf5,pp,20260825,20260923,"00Z,12Z",D1,6h,0.0,0.001,S/D,228,S/D,S/D,S/D,0,S/D,S/D,S/D,0,S/D,S/D,S/D,0,S/D,S/D,S/D,0
47E26242,BOYADERO,AREQUIPA,AREQUIPA,mpas15,pp,20260825,20260923,00Z,D1,6h,0.0,0.0,S/D,116,S/D,S/D,S/D,0,S/D,S/D,S/D,0,S/D,S/D,S/D,0,S/D,S/D,S/D,0
116083,CAYMA,AREQUIPA,AREQUIPA,ecmwf,pp,20260825,20260923,"00Z,12Z",D1,6h,-0.135,2.042,-0.035,234,0.0,1.0,0.0,2,0.0,1.0,0.0,2,0.0,S/D,0.0,2,S/D,S/D,S/D,0
116083,CAYMA,AREQUIPA,AREQUIPA,gfs,pp,20260825,20260923,"00Z,12Z",D1,6h,-0.228,2.337,-0.028,176,0.0,1.0,0.0,2,0.0,1.0,0.0,2,0.0,S/D,0.0,2,S/D,S/D,S/D,0
116083,CAYMA,AREQUIPA,AREQUIPA,eta5,pp,20260825,20260923,"00Z,12Z",D1,6h,-0.218,2.185,-0.007,201,0.0,S/D,0.0,2,0.0,S/D,0.0,2,0.0,S/D,0.0,2,S/D,S/D,S/D,0
116083,CAYMA,AREQUIPA,AREQUIPA,wrf5,pp,20260825,20260923,"00Z,12Z",D1,6h,-0.091,1.441,-0.009,231,0.0,1.0,0.0,1,0.0,S/D,0.0,1,0.0,S/D,0.0,1,S/D,S/D,S/D,0
116083,CAYMA,AREQUIPA,AREQUIPA,mpas15,pp,20260825,20260923,00Z,D1,6h,-0.179,2.027,-0.083,117,0.0,1.0,0.0,1,0.0,1.0,0.0,1,0.0,S/D,0.0,1,S/D,S/D,S/D,0
472147C4,CHARCANI,AREQUIPA,AREQUIPA,ecmwf,pp,20260825,20260923,"00Z,12Z",D1,6h,0.026,0.384,0.075,230,0.5,0.846,0.133,4,0.0,1.0,0.0,2,S/D,S/D,S/D,0,S/D,S/D,S/D,0
472147C4,CHARCANI,AREQUIPA,AREQUIPA,gfs,pp,20260825,20260923,"00Z,12Z",D1,6h,0.002,0.251,0.337,173,0.667,0.75,0.222,3,0.0,1.0,0.0,1,S/D,S/D,S/D,0,S/D,S/D,S/D,0
472147C4,CHARCANI,AREQUIPA,AREQUIPA,eta5,pp,20260825,20260923,"00Z,12Z",D1,6h,-0.03,0.303,0.343,197,0.25,0.0,0.25,4,0.0,S/D,0.0,2,S/D,S/D,S/D,0,S/D,S/D,S/D,0
472147C4,CHARCANI,AREQUIPA,AREQUIPA,wrf5,pp,20260825,20260923,"00Z,12Z",D1,6h,-0.009,0.203,0.513,227,0.667,0.0,0.667,3,0.0,S/D,0.0,1,S/D,S/D,S/D,0,S/D,S/D,S/D,0
472147C4,CHARCANI,AREQUIPA,AREQUIPA,mpas15,pp,20260825,20260923,00Z,D1,6h,-0.001,0.32,0.159,115,0.5,0.667,0.25,2,0.0,1.0,0.0,1,S/D,S/D,S/D,0,S/D,S/D,S/D,0
116077,CHIGUATA,AREQUIPA,AREQUIPA,ecmwf,pp,20260825,20260923,"00Z,12Z",D1,6h,0.001,0.008,S/D,232,S/D,1.0,0.0,0,S/D,S/D,S/D,0,S/D,S/D,S/D,0,S/D,S/D,S/D,0
116077,CHIGUATA,AREQUIPA,AREQUIPA,gfs,pp,20260825,20260923,"00Z,12Z",D1,6h,0.007,0.05,S/D,175,S/D,1.0,0.0,0,S/D,S/D,S/D,0,S/D,S/D,S/D,0,S/D,S/D,S/D,0
116077,CHIGUATA,AREQUIPA,AREQUIPA,eta5,pp,20260825,20260923,"00Z,12Z",D1,6h,0.004,0.039,S/D,200,S/D,1.0,0.0,0,S/D,S/D,S/D,0,S/D,S/D,S/D,0,S/D,S/D,S/D,0
116077,CHIGUATA,AREQUIPA,AREQUIPA,wrf5,pp,20260825,20260923,"00Z,12Z",D1,6h,0.008,0.075,S/D,228,S/D,1.0,0.0,0,S/D,S/D,S/D,0,S/D,S/D,S/D,0,S/D,S/D,S/D,0
116077,CHIGUATA,AREQUIPA,AREQUIPA,mpas15,pp,20260825,20260923,00Z,D1,6h,0.078,0.335,S/D,116,S/D,1.0,0.0,0,S/D,1.0,0.0,0,S/D,S/D,S/D,0,S/D,S/D,S/D,0
116079,HUASACACHE,AREQUIPA,AREQUIPA,ecmwf,pp,20260825,20260923,"00Z,12Z",D1,6h,-0.003,0.024,0.265,224,0.0,1.0,0.0,6,S/D,S/D,S/D,0,S/D,S/D,S/D,0,S/D,S/D,S/D,0
116079,HUASACACHE,AREQUIPA,AREQUIPA,gfs,pp,20260825,20260923,"00Z,12Z",D1,6h,0.003,0.047,0.488,168,0.333,0.5,0.25,6,S/D,S/D,S/D,0,S/D,S/D,S/D,0,S/D,S/D,S/D,0
116079,HUASACACHE,AREQUIPA,AREQUIPA,eta5,pp,20260825,20260923,"00Z,12Z",D1,6h,-0.003,0.02,S/D,192,0.0,S/D,0.0,5,S/D,S/D,S/D,0,S/D,S/D,S/D,0,S/D,S/D,S/D,0
116079,HUASACACHE,AREQUIPA,AREQUIPA,wrf5,pp,20260825,20260923,"00Z,12Z",D1,6h,-0.002,0.031,-0.02,220,0.0,1.0,0.0,6,S/D,S/D,S/D,0,S/D,S/D,S/D,0,S/D,S/D,S/D,0
116079,HUASACACHE,AREQUIPA,AREQUIPA,mpas15,pp,20260825,20260923,00Z,D1,6h,0.005,0.097,-0.147,112,0.0,1.0,0.0,3,S/D,1.0,0.0,0,S/D,S/D,S/D,0,S/D,S/D,S/D,0
116065,LA PAMPILLA,AREQUIPA,AREQUIPA,ecmwf,pp,20260825,20260923,"00Z,12Z",D1,6h,-0.001,0.02,-0.017,238,0.0,1.0,0.0,2,S/D,S/D,S/D,0,S/D,S/D,S/D,0,S/D,S/D,S/D,0
116065,LA PAMPILLA,AREQUIPA,AREQUIPA,gfs,pp,20260825,20260923,"00Z,12Z",D1,6h,0.006,0.052,-0.014,179,0.0,1.0,0.0,1,S/D,S/D,S/D,0,S/D,S/D,S/D,0,S/D,S/D,S/D,0
116065,LA PAMPILLA,AREQUIPA,AREQUIPA,eta5,pp,20260825,20260923,"00Z,12Z",D1,6h,-0.001,0.014,-0.005,205,0.0,S/D,0.0,1,S/D,S/D,S/D,0,S/D,S/D,S/D,0,S/D,S/D,S/D,0
116065,LA PAMPILLA,AREQUIPA,AREQUIPA,wrf5,pp,20260825,20260923,"00Z,12Z",D1,6h,-0.0,0.027,-0.009,234,0.0,1.0,0.0,2,S/D,S/D,S/D,0,S/D,S/D,S/D,0,S/D,S/D,S/D,0
116065,LA PAMPILLA,AREQUIPA,AREQUIPA,mpas15,pp,20260825,20260923,00Z,D1,6h,0.024,0.16,-0.084,119,0.0,1.0,0.0,1,S/D,1.0,0.0,0,S/D,S/D,S/D,0,S/D,S/D,S/D,0
116086,LAS SALINAS,AREQUIPA,AREQUIPA,ecmwf,pp,20260825,20260923,"00Z,12Z",D1,6h,0.086,0.417,0.209,216,1.0,0.889,0.111,2,S/D,1.0,0.0,0,S/D,S/D,S/D,0,S/D,S/D,S/D,0
116086,LAS SALINAS,AREQUIPA,AREQUIPA,gfs,pp,20260825,20260923,"00Z,12Z",D1,6h,0.049,0.25,0.155,162,0.5,0.917,0.077,2,S/D,1.0,0.0,0,S/D,S/D,S/D,0,S/D,S/D,S/D,0
116086,LAS SALINAS,AREQUIPA,AREQUIPA,eta5,pp,20260825,20260923,"00Z,12Z",D1,6h,0.016,0.087,0.199,184,1.0,0.857,0.143,1,S/D,S/D,S/D,0,S/D,S/D,S/D,0,S/D,S/D,S/D,0
116086,LAS SALINAS,AREQUIPA,AREQUIPA,wrf5,pp,20260825,20260923,"00Z,12Z",D1,6h,0.042,0.284,-0.024,212,0.0,1.0,0.0,2,S/D,1.0,0.0,0,S/D,S/D,S/D,0,S/D,S/D,S/D,0
116086,LAS SALINAS,AREQUIPA,AREQUIPA,mpas15,pp,20260825,20260923,00Z,D1,6h,0.24,0.764,0.021,108,0.0,1.0,0.0,1,S/D,1.0,0.0,0,S/D,S/D,S/D,0,S/D,S/D,S/D,0
47E360B8,PATAHUASI,AREQUIPA,AREQUIPA,ecmwf,pp,20260825,20260923,"00Z,12Z",D1,6h,0.073,0.362,0.174,238,0.0,1.0,0.0,2,S/D,1.0,0.0,0,S/D,S/D,S/D,0,S/D,S/D,S/D,0
47E360B8,PATAHUASI,AREQUIPA,AREQUIPA,gfs,pp,20260825,20260923,"00Z,12Z",D1,6h,0.067,0.3,0.117,179,0.5,0.938,0.059,2,S/D,1.0,0.0,0,S/D,S/D,S/D,0,S/D,S/D,S/D,0
47E360B8,PATAHUASI,AREQUIPA,AREQUIPA,eta5,pp,20260825,20260923,"00Z,12Z",D1,6h,0.02,0.126,-0.017,205,0.0,1.0,0.0,1,S/D,1.0,0.0,0,S/D,S/D,S/D,0,S/D,S/D,S/D,0
47E360B8,PATAHUASI,AREQUIPA,AREQUIPA,wrf5,pp,20260825,20260923,"00Z,12Z",D1,6h,0.041,0.443,-0.025,234,0.0,1.0,0.0,2,S/D,1.0,0.0,0,S/D,1.0,0.0,0,S/D,S/D,S/D,0
47E360B8,PATAHUASI,AREQUIPA,AREQUIPA,mpas15,pp,20260825,20260923,00Z,D1,6h,0.178,0.521,0.147,119,1.0,0.941,0.059,1,S/D,1.0,0.0,0,S/D,S/D,S/D,0,S/D,S/D,S/D,0
4722E032,PUENTE DEL DIABLO,AREQUIPA,AREQUIPA,ecmwf,pp,20260825,20260923,"00Z,12Z",D1,6h,-0.005,0.057,0.398,218,0.0,S/D,0.0,2,S/D,S/D,S/D,0,S/D,S/D,S/D,0,S/D,S/D,S/D,0
4722E032,PUENTE DEL DIABLO,AREQUIPA,AREQUIPA,gfs,pp,20260825,20260923,"00Z,12Z",D1,6h,-0.007,0.066,S/D,167,0.0,S/D,0.0,2,S/D,S/D,S/D,0,S/D,S/D,S/D,0,S/D,S/D,S/D,0
4722E032,PUENTE DEL DIABLO,AREQUIPA,AREQUIPA,eta5,pp,20260825,20260923,"00Z,12Z",D1,6h,-0.006,0.062,S/D,187,0.0,S/D,0.0,2,S/D,S/D,S/D,0,S/D,S/D,S/D,0,S/D,S/D,S/D,0
4722E032,PUENTE DEL DIABLO,AREQUIPA,AREQUIPA,wrf5,pp,20260825,20260923,"00Z,12Z",D1,6h,-0.005,0.058,-0.009,215,0.0,S/D,0.0,2,S/D,S/D,S/D,0,S/D,S/D,S/D,0,S/D,S/D,S/D,0
4722E032,PUENTE DEL DIABLO,AREQUIPA,AREQUIPA,mpas15,pp,20260825,20260923,00Z,D1,6h,-0.005,0.057,-0.087,109,0.0,S/D,0.0,1,S/D,S/D,S/D,0,S/D,S/D,S/D,0,S/D,S/D,S/D,0
116082,SAN FRANCISCO,AREQUIPA,AREQUIPA,ecmwf,pp,20260825,20260923,"00Z,12Z",D1,6h,0.0,0.004,S/D,228,S/D,S/D,S/D,0,S/D,S/D,S/D,0,S/D,S/D,S/D,0,S/D,S/D,S/D,0
116082,SAN FRANCISCO,AREQUIPA,AREQUIPA,gfs,pp,20260825,20260923,"00Z,12Z",D1,6h,0.007,0.05,S/D,173,S/D,1.0,0.0,0,S/D,S/D,S/D,0,S/D,S/D,S/D,0,S/D,S/D,S/D,0
116082,SAN FRANCISCO,AREQUIPA,AREQUIPA,eta5,pp,20260825,20260923,"00Z,12Z",D1,6h,0.0,0.0,S/D,196,S/D,S/D,S/D,0,S/D,S/D,S/D,0,S/D,S/D,S/D,0,S/D,S/D,S/D,0
116082,SAN FRANCISCO,AREQUIPA,AREQUIPA,wrf5,pp,20260825,20260923,"00Z,12Z",D1,6h,0.002,0.027,S/D,224,S/D,1.0,0.0,0,S/D,S/D,S/D,0,S/D,S/D,S/D,0,S/D,S/D,S/D,0
116082,SAN FRANCISCO,AREQUIPA,AREQUIPA,mpas15,pp,20260825,20260923,00Z,D1,6h,0.018,0.132,S/D,114,S/D,1.0,0.0,0,S/D,1.0,0.0,0,S/D,S/D,S/D,0,S/D,S/D,S/D,0
47E3B6D0,SAN JOSE DE UZUNA,AREQUIPA,AREQUIPA,ecmwf,pp,20260825,20260923,"00Z,12Z",D1,6h,0.057,0.37,-0.056,238,0.0,1.0,0.0,4,S/D,1.0,0.0,0,S/D,S/D,S/D,0,S/D,S/D,S/D,0
47E3B6D0,SAN JOSE DE UZUNA,AREQUIPA,AREQUIPA,gfs,pp,20260825,20260923,"00Z,12Z",D1,6h,0.042,0.239,-0.035,179,0.0,1.0,0.0,2,S/D,1.0,0.0,0,S/D,S/D,S/D,0,S/D,S/D,S/D,0
47E3B6D0,SAN JOSE DE UZUNA,AREQUIPA,AREQUIPA,eta5,pp,20260825,20260923,"00Z,12Z",D1,6h,-0.004,0.068,-0.017,205,0.0,1.0,0.0,4,S/D,S/D,S/D,0,S/D,S/D,S/D,0,S/D,S/D,S/D,0
47E3B6D0,SAN JOSE DE UZUNA,AREQUIPA,AREQUIPA,wrf5,pp,20260825,20260923,"00Z,12Z",D1,6h,0.012,0.183,-0.03,234,0.0,1.0,0.0,4,S/D,1.0,0.0,0,S/D,S/D,S/D,0,S/D,S/D,S/D,0
47E3B6D0,SAN JOSE DE UZUNA,AREQUIPA,AREQUIPA,mpas15,pp,20260825,20260923,00Z,D1,6h,0.003,0.107,0.105,119,0.0,1.0,0.0,2,S/D,1.0,0.0,0,S/D,S/D,S/D,0,S/D,S/D,S/D,0
47E27134,SOCOSANI,AREQUIPA,AREQUIPA,ecmwf,pp,20260825,20260923,"00Z,12Z",D1,6h,0.007,0.052,S/D,202,S/D,1.0,0.0,0,S/D,S/D,S/D,0,S/D,S/D,S/D,0,S/D,S/D,S/D,0
47E27134,SOCOSANI,AREQUIPA,AREQUIPA,gfs,pp,20260825,20260923,"00Z,12Z",D1,6h,0.003,0.022,S/D,151,S/D,1.0,0.0,0,S/D,S/D,S/D,0,S/D,S/D,S/D,0,S/D,S/D,S/D,0
47E27134,SOCOSANI,AREQUIPA,AREQUIPA,eta5,pp,20260825,20260923,"00Z,12Z",D1,6h,0.0,0.0,S/D,174,S/D,S/D,S/D,0,S/D,S/D,S/D,0,S/D,S/D,S/D,0,S/D,S/D,S/D,0
47E27134,SOCOSANI,AREQUIPA,AREQUIPA,wrf5,pp,20260825,20260923,"00Z,12Z",D1,6h,0.001,0.012,S/D,198,S/D,1.0,0.0,0,S/D,S/D,S/D,0,S/D,S/D,S/D,0,S/D,S/D,S/D,0
47E27134,SOCOSANI,AREQUIPA,AREQUIPA,mpas15,pp,20260825,20260923,00Z,D1,6h,0.0,0.0,S/D,101,S/D,S/D,S/D,0,S/D,S/D,S/D,0,S/D,S/D,S/D,0,S/D,S/D,S/D,0
472EE1AE,TINGO GRANDE,AREQUIPA,AREQUIPA,ecmwf,pp,20260825,20260923,"00Z,12Z",D1,6h,0.0,0.0,S/D,4,S/D,S/D,S/D,0,S/D,S/D,S/D,0,S/D,S/D,S/D,0,S/D,S/D,S/D,0
472EE1AE,TINGO GRANDE,AREQUIPA,AREQUIPA,gfs,pp,20260825,20260923,"00Z,12Z",D1,6h,0.0,0.0,S/D,3,S/D,S/D,S/D,0,S/D,S/D,S/D,0,S/D,S/D,S/D,0,S/D,S/D,S/D,0
472EE1AE,TINGO GRANDE,AREQUIPA,AREQUIPA,eta5,pp,20260825,20260923,"00Z,12Z",D1,6h,0.0,0.0,S/D,3,S/D,S/D,S/D,0,S/D,S/D,S/D,0,S/D,S/D,S/D,0,S/D,S/D,S/D,0
472EE1AE,TINGO GRANDE,AREQUIPA,AREQUIPA,wrf5,pp,20260825,20260923,"00Z,12Z",D1,6h,0.0,0.0,S/D,4,S/D,S/D,S/D,0,S/D,S/D,S/D,0,S/D,S/D,S/D,0,S/D,S/D,S/D,0
472EE1AE,TINGO GRANDE,AREQUIPA,AREQUIPA,mpas15,pp,20260825,20260923,00Z,D1,6h,0.0,0.0,S/D,2,S/D,S/D,S/D,0,S/D,S/D,S/D,0,S/D,S/D,S/D,0,S/D,S/D,S/D,0
116078,TUCTUMPAYA,AREQUIPA,AREQUIPA,ecmwf,pp,20260825,20260923,"00Z,12Z",D1,6h,0.064,0.369,S/D,234,S/D,1.0,0.0,0,S/D,1.0,0.0,0,S/D,S/D,S/D,0,S/D,S/D,S/D,0
116078,TUCTUMPAYA,AREQUIPA,AREQUIPA,gfs,pp,20260825,20260923,"00Z,12Z",D1,6h,0.047,0.236,S/D,176,S/D,1.0,0.0,0,S/D,1.0,0.0,0,S/D,S/D,S/D,0,S/D,S/D,S/D,0
116078,TUCTUMPAYA,AREQUIPA,AREQUIPA,eta5,pp,20260825,20260923,"00Z,12Z",D1,6h,0.007,0.06,S/D,201,S/D,1.0,0.0,0,S/D,S/D,S/D,0,S/D,S/D,S/D,0,S/D,S/D,S/D,0
116078,TUCTUMPAYA,AREQUIPA,AREQUIPA,wrf5,pp,20260825,20260923,"00Z,12Z",D1,6h,0.02,0.218,S/D,231,S/D,1.0,0.0,0,S/D,1.0,0.0,0,S/D,S/D,S/D,0,S/D,S/D,S/D,0
116078,TUCTUMPAYA,AREQUIPA,AREQUIPA,mpas15,pp,20260825,20260923,00Z,D1,6h,0.026,0.16,S/D,117,S/D,1.0,0.0,0,S/D,1.0,0.0,0,S/D,S/D,S/D,0,S/D,S/D,S/D,0
116081,YURA,AREQUIPA,AREQUIPA,ecmwf,pp,20260825,20260923,"00Z,12Z",D1,6h,-0.213,1.978,-0.179,162,0.0,1.0,0.0,2,0.0,S/D,0.0,2,0.0,S/D,0.0,2,S/D,S/D,S/D,0
116081,YURA,AREQUIPA,AREQUIPA,gfs,pp,20260825,20260923,"00Z,12Z",D1,6h,-0.147,1.618,-0.008,121,0.0,S/D,0.0,1,0.0,S/D,0.0,1,0.0,S/D,0.0,1,S/D,S/D,S/D,0
116081,YURA,AREQUIPA,AREQUIPA,eta5,pp,20260825,20260923,"00Z,12Z",D1,6h,-0.251,2.112,S/D,142,0.0,S/D,0.0,2,0.0,S/D,0.0,2,0.0,S/D,0.0,2,S/D,S/D,S/D,0
116081,YURA,AREQUIPA,AREQUIPA,wrf5,pp,20260825,20260923,"00Z,12Z",D1,6h,-0.112,1.412,S/D,159,0.0,S/D,0.0,1,0.0,S/D,0.0,1,0.0,S/D,0.0,1,S/D,S/D,S/D,0
116081,YURA,AREQUIPA,AREQUIPA,mpas15,pp,20260825,20260923,00Z,D1,6h,-0.22,1.978,0.078,81,0.0,S/D,0.0,1,0.0,S/D,0.0,1,0.0,S/D,0.0,1,S/D,S/D,S/D,0
116084,CAMANA,AREQUIPA,CAMANA,ecmwf,pp,20260825,20260923,"00Z,12Z",D1,6h,0.099,0.163,S/D,6,S/D,1.0,0.0,0,S/D,S/D,S/D,0,S/D,S/D,S/D,0,S/D,S/D,S/D,0
116084,CAMANA,AREQUIPA,CAMANA,gfs,pp,20260825,20260923,"00Z,12Z",D1,6h,0.047,0.094,S/D,4,S/D,1.0,0.0,0,S/D,S/D,S/D,0,S/D,S/D,S/D,0,S/D,S/D,S/D,0
116084,CAMANA,AREQUIPA,CAMANA,eta5,pp,20260825,20260923,"00Z,12Z",D1,6h,0.026,0.056,S/D,5,S/D,1.0,0.0,0,S/D,S/D,S/D,0,S/D,S/D,S/D,0,S/D,S/D,S/D,0
116084,CAMANA,AREQUIPA,CAMANA,wrf5,pp,20260825,20260923,"00Z,12Z",D1,6h,0.002,0.006,S/D,6,S/D,S/D,S/D,0,S/D,S/D,S/D,0,S/D,S/D,S/D,0,S/D,S/D,S/D,0
116084,CAMANA,AREQUIPA,CAMANA,mpas15,pp,20260825,20260923,00Z,D1,6h,0.0,0.0,S/D,3,S/D,S/D,S/D,0,S/D,S/D,S/D,0,S/D,S/D,S/D,0,S/D,S/D,S/D,0
472D23BE,OCOÑA,AREQUIPA,CAMANA,ecmwf,pp,20260825,20260923,"00Z,12Z",D1,6h,0.323,0.849,0.271,234,0.706,0.802,0.183,34,0.333,0.939,0.054,6,S/D,S/D,S/D,0,S/D,S/D,S/D,0
472D23BE,OCOÑA,AREQUIPA,CAMANA,gfs,pp,20260825,20260923,"00Z,12Z",D1,6h,-0.096,0.457,0.274,176,0.357,0.474,0.27,28,0.0,S/D,0.0,6,S/D,S/D,S/D,0,S/D,S/D,S/D,0
472D23BE,OCOÑA,AREQUIPA,CAMANA,eta5,pp,20260825,20260923,"00Z,12Z",D1,6h,-0.096,0.436,0.175,201,0.172,0.583,0.139,29,0.0,S/D,0.0,6,S/D,S/D,S/D,0,S/D,S/D,S/D,0
472D23BE,OCOÑA,AREQUIPA,CAMANA,wrf5,pp,20260825,20260923,"00Z,12Z",D1,6h,-0.111,0.423,0.101,231,0.0,S/D,0.0,34,0.0,S/D,0.0,6,S/D,S/D,S/D,0,S/D,S/D,S/D,0
472D23BE,OCOÑA,AREQUIPA,CAMANA,mpas15,pp,20260825,20260923,00Z,D1,6h,-0.047,0.473,0.184,117,0.176,0.667,0.13,17,0.0,1.0,0.0,3,S/D,S/D,S/D,0,S/D,S/D,S/D,0
214400,HUATIAPA,AREQUIPA,CASTILLA,ecmwf,pp,20260825,20260923,"00Z,12Z",D1,6h,S/D,S/D,S/D,0,S/D,S/D,S/D,0,S/D,S/D,S/D,0,S/D,S/D,S/D,0,S/D,S/D,S/D,0
214400,HUATIAPA,AREQUIPA,CASTILLA,gfs,pp,20260825,20260923,"00Z,12Z",D1,6h,S/D,S/D,S/D,0,S/D,S/D,S/D,0,S/D,S/D,S/D,0,S/D,S/D,S/D,0,S/D,S/D,S/D,0
214400,HUATIAPA,AREQUIPA,CASTILLA,eta5,pp,20260825,20260923,"00Z,12Z",D1,6h,S/D,S/D,S/D,0,S/D,S/D,S/D,0,S/D,S/D,S/D,0,S/D,S/D,S/D,0,S/D,S/D,S/D,0
214400,HUATIAPA,AREQUIPA,CASTILLA,wrf5,pp,20260825,20260923,"00Z,12Z",D1,6h,S/D,S/D,S/D,0,S/D,S/D,S/D,0,S/D,S/D,S/D,0,S/D,S/D,S/D,0,S/D,S/D,S/D,0
214400,HUATIAPA,AREQUIPA,CASTILLA,mpas15,pp,20260825,20260923,00Z,D1,6h,S/D,S/D,S/D,0,S/D,S/D,S/D,0,S/D,S/D,S/D,0,S/D,S/D,S/D,0,S/D,S/D,S/D,0
4723D752,CHIVAY,AREQUIPA,CAYLLOMA,ecmwf,pp,20260825,20260923,"00Z,12Z",D1,6h,0.157,0.551,0.415,232,0.929,0.705,0.289,14,S/D,1.0,0.0,0,S/D,S/D,S/D,0,S/D,S/D,S/D,0
4723D752,CHIVAY,AREQUIPA,CAYLLOMA,gfs,pp,20260825,20260923,"00Z,12Z",D1,6h,0.229,0.811,0.443,174,0.818,0.727,0.257,11,S/D,1.0,0.0,0,S/D,1.0,0.0,0,S/D,S/D,S/D,0
4723D752,CHIVAY,AREQUIPA,CAYLLOMA,eta5,pp,20260825,20260923,"00Z,12Z",D1,6h,0.055,0.289,0.363,199,0.5,0.7,0.231,12,S/D,1.0,0.0,0,S/D,S/D,S/D,0,S/D,S/D,S/D,0
4723D752,CHIVAY,AREQUIPA,CAYLLOMA,wrf5,pp,20260825,20260923,"00Z,12Z",D1,6h,0.126,0.634,0.355,229,0.5,0.708,0.226,14,S/D,1.0,0.0,0,S/D,1.0,0.0,0,S/D,S/D,S/D,0
4723D752,CHIVAY,AREQUIPA,CAYLLOMA,mpas15,pp,20260825,20260923,00Z,D1,6h,0.339,0.89,0.254,116,0.571,0.826,0.154,7,S/D,1.0,0.0,0,S/D,S/D,S/D,0,S/D,S/D,S/D,0
47E8A60E,COTACOTA,AREQUIPA,CAYLLOMA,ecmwf,pp,20260825,20260923,"00Z,12Z",D1,6h,0.005,0.837,0.515,226,0.714,0.6,0.345,28,0.375,0.455,0.286,16,S/D,1.0,0.0,0,S/D,S/D,S/D,0
47E8A60E,COTACOTA,AREQUIPA,CAYLLOMA,gfs,pp,20260825,20260923,"00Z,12Z",D1,6h,0.517,1.425,0.487,170,0.9,0.71,0.281,20,0.75,0.727,0.25,12,S/D,1.0,0.0,0,S/D,S/D,S/D,0
47E8A60E,COTACOTA,AREQUIPA,CAYLLOMA,eta5,pp,20260825,20260923,"00Z,12Z",D1,6h,-0.071,0.845,0.519,193,0.741,0.545,0.392,27,0.125,0.833,0.077,16,S/D,S/D,S/D,0,S/D,S/D,S/D,0
47E8A60E,COTACOTA,AREQUIPA,CAYLLOMA,wrf5,pp,20260825,20260923,"00Z,12Z",D1,6h,0.297,1.346,0.468,223,0.72,0.617,0.333,25,0.5,0.72,0.219,14,S/D,1.0,0.0,0,S/D,S/D,S/D,0
47E8A60E,COTACOTA,AREQUIPA,CAYLLOMA,mpas15,pp,20260825,20260923,00Z,D1,6h,0.13,0.848,0.52,113,0.857,0.52,0.444,14,0.75,0.6,0.353,8,S/D,1.0,0.0,0,S/D,S/D,S/D,0
47E3A5A6,HUANCA,AREQUIPA,CAYLLOMA,ecmwf,pp,20260825,20260923,"00Z,12Z",D1,6h,0.036,0.22,S/D,238,S/D,1.0,0.0,0,S/D,1.0,0.0,0,S/D,S/D,S/D,0,S/D,S/D,S/D,0
47E3A5A6,HUANCA,AREQUIPA,CAYLLOMA,gfs,pp,20260825,20260923,"00Z,12Z",D1,6h,0.011,0.041,S/D,179,S/D,1.0,0.0,0,S/D,S/D,S/D,0,S/D,S/D,S/D,0,S/D,S/D,S/D,0
47E3A5A6,HUANCA,AREQUIPA,CAYLLOMA,eta5,pp,20260825,20260923,"00Z,12Z",D1,6h,0.002,0.032,S/D,205,S/D,1.0,0.0,0,S/D,S/D,S/D,0,S/D,S/D,S/D,0,S/D,S/D,S/D,0
47E3A5A6,HUANCA,AREQUIPA,CAYLLOMA,wrf5,pp,20260825,20260923,"00Z,12Z",D1,6h,0.004,0.054,S/D,234,S/D,1.0,0.0,0,S/D,S/D,S/D,0,S/D,S/D,S/D,0,S/D,S/D,S/D,0
47E3A5A6,HUANCA,AREQUIPA,CAYLLOMA,mpas15,pp,20260825,20260923,00Z,D1,6h,0.017,0.13,S/D,119,S/D,1.0,0.0,0,S/D,1.0,0.0,0,S/D,S/D,S/D,0,S/D,S/D,S/D,0
47E3834A,IMATA,AREQUIPA,CAYLLOMA,ecmwf,pp,20260825,20260923,"00Z,12Z",D1,6h,0.069,0.556,0.382,236,0.812,0.629,0.342,16,0.4,0.667,0.222,10,S/D,1.0,0.0,0,S/D,S/D,S/D,0
47E3834A,IMATA,AREQUIPA,CAYLLOMA,gfs,pp,20260825,20260923,"00Z,12Z",D1,6h,0.105,0.553,0.323,178,0.7,0.794,0.189,10,0.714,0.583,0.357,7,S/D,S/D,S/D,0,S/D,S/D,S/D,0
47E3834A,IMATA,AREQUIPA,CAYLLOMA,eta5,pp,20260825,20260923,"00Z,12Z",D1,6h,-0.059,0.479,0.4,203,0.533,0.467,0.364,15,0.222,0.333,0.2,9,S/D,S/D,S/D,0,S/D,S/D,S/D,0
47E3834A,IMATA,AREQUIPA,CAYLLOMA,wrf5,pp,20260825,20260923,"00Z,12Z",D1,6h,0.037,0.532,0.396,232,0.5,0.619,0.276,16,0.5,0.286,0.417,10,S/D,1.0,0.0,0,S/D,S/D,S/D,0
47E3834A,IMATA,AREQUIPA,CAYLLOMA,mpas15,pp,20260825,20260923,00Z,D1,6h,0.137,0.623,0.221,118,0.5,0.789,0.174,8,0.6,0.812,0.167,5,S/D,S/D,S/D,0,S/D,S/D,S/D,0
4729E39A,PAMPA DE MAJES,AREQUIPA,CAYLLOMA,ecmwf,pp,20260825,20260923,"00Z,12Z",D1,6h,-0.0,0.01,-0.019,230,0.0,S/D,0.0,2,S/D,S/D,S/D,0,S/D,S/D,S/D,0,S/D,S/D,S/D,0
4729E39A,PAMPA DE MAJES,AREQUIPA,CAYLLOMA,gfs,pp,20260825,20260923,"00Z,12Z",D1,6h,-0.001,0.011,S/D,173,0.0,S/D,0.0,2,S/D,S/D,S/D,0,S/D,S/D,S/D,0,S/D,S/D,S/D,0
4729E39A,PAMPA DE MAJES,AREQUIPA,CAYLLOMA,eta5,pp,20260825,20260923,"00Z,12Z",D1,6h,-0.001,0.01,S/D,198,0.0,S/D,0.0,2,S/D,S/D,S/D,0,S/D,S/D,S/D,0,S/D,S/D,S/D,0
4729E39A,PAMPA DE MAJES,AREQUIPA,CAYLLOMA,wrf5,pp,20260825,20260923,"00Z,12Z",D1,6h,-0.001,0.009,S/D,226,0.0,S/D,0.0,2,S/D,S/D,S/D,0,S/D,S/D,S/D,0,S/D,S/D,S/D,0
4729E39A,PAMPA DE MAJES,AREQUIPA,CAYLLOMA,mpas15,pp,20260825,20260923,00Z,D1,6h,-0.001,0.009,0.122,115,0.0,S/D,0.0,1,S/D,S/D,S/D,0,S/D,S/D,S/D,0,S/D,S/D,S/D,0
47E373CE,PILLONES,AREQUIPA,CAYLLOMA,ecmwf,pp,20260825,20260923,"00Z,12Z",D1,6h,0.077,0.36,0.458,224,1.0,0.652,0.348,8,1.0,0.667,0.333,2,S/D,S/D,S/D,0,S/D,S/D,S/D,0
47E373CE,PILLONES,AREQUIPA,CAYLLOMA,gfs,pp,20260825,20260923,"00Z,12Z",D1,6h,0.055,0.296,0.547,169,0.833,0.643,0.333,6,0.5,0.8,0.167,2,S/D,S/D,S/D,0,S/D,S/D,S/D,0
47E373CE,PILLONES,AREQUIPA,CAYLLOMA,eta5,pp,20260825,20260923,"00Z,12Z",D1,6h,0.003,0.138,0.368,192,0.571,0.5,0.364,7,0.0,1.0,0.0,2,S/D,S/D,S/D,0,S/D,S/D,S/D,0
47E373CE,PILLONES,AREQUIPA,CAYLLOMA,wrf5,pp,20260825,20260923,"00Z,12Z",D1,6h,0.022,0.179,0.479,220,0.75,0.571,0.375,8,1.0,0.333,0.667,2,S/D,S/D,S/D,0,S/D,S/D,S/D,0
47E373CE,PILLONES,AREQUIPA,CAYLLOMA,mpas15,pp,20260825,20260923,00Z,D1,6h,0.23,0.598,0.308,112,1.0,0.81,0.19,4,1.0,0.938,0.062,1,S/D,S/D,S/D,0,S/D,S/D,S/D,0
47265686,SIBAYO,AREQUIPA,CAYLLOMA,ecmwf,pp,20260825,20260923,"00Z,12Z",D1,6h,S/D,S/D,S/D,0,S/D,S/D,S/D,0,S/D,S/D,S/D,0,S/D,S/D,S/D,0,S/D,S/D,S/D,0
47265686,SIBAYO,AREQUIPA,CAYLLOMA,gfs,pp,20260825,20260923,"00Z,12Z",D1,6h,S/D,S/D,S/D,0,S/D,S/D,S/D,0,S/D,S/D,S/D,0,S/D,S/D,S/D,0,S/D,S/D,S/D,0
47265686,SIBAYO,AREQUIPA,CAYLLOMA,eta5,pp,20260825,20260923,"00Z,12Z",D1,6h,S/D,S/D,S/D,0,S/D,S/D,S/D,0,S/D,S/D,S/D,0,S/D,S/D,S/D,0,S/D,S/D,S/D,0
47265686,SIBAYO,AREQUIPA,CAYLLOMA,wrf5,pp,20260825,20260923,"00Z,12Z",D1,6h,S/D,S/D,S/D,0,S/D,S/D,S/D,0,S/D,S/D,S/D,0,S/D,S/D,S/D,0,S/D,S/D,S/D,0
47265686,SIBAYO,AREQUIPA,CAYLLOMA,mpas15,pp,20260825,20260923,00Z,D1,6h,S/D,S/D,S/D,0,S/D,S/D,S/D,0,S/D,S/D,S/D,0,S/D,S/D,S/D,0,S/D,S/D,S/D,0
472ED434,SUMBAY,AREQUIPA,CAYLLOMA,ecmwf,pp,20260825,20260923,"00Z,12Z",D1,6h,0.05,0.393,0.288,214,0.7,0.759,0.219,10,0.667,0.6,0.333,6,0.5,0.0,0.5,2,S/D,S/D,S/D,0
472ED434,SUMBAY,AREQUIPA,CAYLLOMA,gfs,pp,20260825,20260923,"00Z,12Z",D1,6h,0.065,0.549,0.295,161,0.714,0.828,0.161,7,0.8,0.6,0.364,5,0.0,S/D,0.0,2,S/D,S/D,S/D,0
472ED434,SUMBAY,AREQUIPA,CAYLLOMA,eta5,pp,20260825,20260923,"00Z,12Z",D1,6h,-0.066,0.594,0.368,184,0.556,0.688,0.25,9,0.2,0.0,0.2,5,0.0,S/D,0.0,2,S/D,S/D,S/D,0
472ED434,SUMBAY,AREQUIPA,CAYLLOMA,wrf5,pp,20260825,20260923,"00Z,12Z",D1,6h,0.026,0.397,0.349,212,0.5,0.722,0.217,10,0.667,0.333,0.5,6,0.0,1.0,0.0,2,S/D,S/D,S/D,0
472ED434,SUMBAY,AREQUIPA,CAYLLOMA,mpas15,pp,20260825,20260923,00Z,D1,6h,0.115,0.631,0.244,107,0.6,0.812,0.167,5,0.667,0.846,0.143,3,0.0,S/D,0.0,1,S/D,S/D,S/D,0
115150,COROPUNA,AREQUIPA,CONDESUYOS,ecmwf,pp,20260825,20260923,"00Z,12Z",D1,6h,S/D,S/D,S/D,0,S/D,S/D,S/D,0,S/D,S/D,S/D,0,S/D,S/D,S/D,0,S/D,S/D,S/D,0
115150,COROPUNA,AREQUIPA,CONDESUYOS,gfs,pp,20260825,20260923,"00Z,12Z",D1,6h,S/D,S/D,S/D,0,S/D,S/D,S/D,0,S/D,S/D,S/D,0,S/D,S/D,S/D,0,S/D,S/D,S/D,0
115150,COROPUNA,AREQUIPA,CONDESUYOS,eta5,pp,20260825,20260923,"00Z,12Z",D1,6h,S/D,S/D,S/D,0,S/D,S/D,S/D,0,S/D,S/D,S/D,0,S/D,S/D,S/D,0,S/D,S/D,S/D,0
115150,COROPUNA,AREQUIPA,CONDESUYOS,wrf5,pp,20260825,20260923,"00Z,12Z",D1,6h,S/D,S/D,S/D,0,S/D,S/D,S/D,0,S/D,S/D,S/D,0,S/D,S/D,S/D,0,S/D,S/D,S/D,0
115150,COROPUNA,AREQUIPA,CONDESUYOS,mpas15,pp,20260825,20260923,00Z,D1,6h,S/D,S/D,S/D,0,S/D,S/D,S/D,0,S/D,S/D,S/D,0,S/D,S/D,S/D,0,S/D,S/D,S/D,0
114119,VISCA VISCA,AREQUIPA,CONDESUYOS,ecmwf,pp,20260825,20260923,"00Z,12Z",D1,6h,0.091,0.689,0.516,228,0.941,0.573,0.416,34,0.643,0.654,0.29,14,0.0,S/D,0.0,2,S/D,S/D,S/D,0
114119,VISCA VISCA,AREQUIPA,CONDESUYOS,gfs,pp,20260825,20260923,"00Z,12Z",D1,6h,0.498,1.543,0.399,171,0.87,0.756,0.235,23,0.778,0.816,0.175,9,0.0,1.0,0.0,2,S/D,S/D,S/D,0
114119,VISCA VISCA,AREQUIPA,CONDESUYOS,eta5,pp,20260825,20260923,"00Z,12Z",D1,6h,0.005,0.988,0.431,195,0.812,0.6,0.366,32,0.357,0.762,0.167,14,0.0,S/D,0.0,2,S/D,S/D,S/D,0
114119,VISCA VISCA,AREQUIPA,CONDESUYOS,wrf5,pp,20260825,20260923,"00Z,12Z",D1,6h,0.426,2.083,0.365,225,0.613,0.667,0.275,31,0.308,0.857,0.108,13,0.5,0.857,0.125,2,S/D,S/D,S/D,0
114119,VISCA VISCA,AREQUIPA,CONDESUYOS,mpas15,pp,20260825,20260923,00Z,D1,6h,0.251,0.932,0.415,114,0.765,0.649,0.317,17,0.857,0.739,0.25,7,0.0,S/D,0.0,1,S/D,S/D,S/D,0
47280292,COTAHUASI,AREQUIPA,LA UNION,ecmwf,pp,20260825,20260923,"00Z,12Z",D1,6h,-0.331,2.921,0.017,138,0.25,0.926,0.061,8,0.0,1.0,0.0,6,0.0,S/D,0.0,4,S/D,S/D,S/D,0
47280292,COTAHUASI,AREQUIPA,LA UNION,gfs,pp,20260825,20260923,"00Z,12Z",D1,6h,-0.519,3.313,-0.043,100,0.167,0.938,0.048,6,0.0,1.0,0.0,5,0.0,S/D,0.0,3,S/D,S/D,S/D,0
47280292,COTAHUASI,AREQUIPA,LA UNION,eta5,pp,20260825,20260923,"00Z,12Z",D1,6h,-0.434,3.116,0.106,119,0.25,0.913,0.069,8,0.0,1.0,0.0,6,0.0,S/D,0.0,4,S/D,S/D,S/D,0
47280292,COTAHUASI,AREQUIPA,LA UNION,wrf5,pp,20260825,20260923,"00Z,12Z",D1,6h,-0.447,2.944,0.097,134,0.125,0.833,0.077,8,0.0,1.0,0.0,6,0.0,S/D,0.0,4,S/D,S/D,S/D,0
47280292,COTAHUASI,AREQUIPA,LA UNION,mpas15,pp,20260825,20260923,00Z,D1,6h,-0.175,3.036,0.111,69,0.25,0.909,0.071,4,0.0,1.0,0.0,3,0.0,1.0,0.0,2,S/D,S/D,S/D,0
115151,CUYAU,AREQUIPA,LA UNION,ecmwf,pp,20260825,20260923,"00Z,12Z",D1,6h,0.25,0.828,0.347,234,S/D,1.0,0.0,0,S/D,1.0,0.0,0,S/D,1.0,0.0,0,S/D,S/D,S/D,0
115151,CUYAU,AREQUIPA,LA UNION,gfs,pp,20260825,20260923,"00Z,12Z",D1,6h,0.106,0.271,0.336,176,S/D,1.0,0.0,0,S/D,1.0,0.0,0,S/D,S/D,S/D,0,S/D,S/D,S/D,0
115151,CUYAU,AREQUIPA,LA UNION,eta5,pp,20260825,20260923,"00Z,12Z",D1,6h,0.096,0.286,0.22,201,S/D,1.0,0.0,0,S/D,1.0,0.0,0,S/D,S/D,S/D,0,S/D,S/D,S/D,0
115151,CUYAU,AREQUIPA,LA UNION,wrf5,pp,20260825,20260923,"00Z,12Z",D1,6h,0.072,0.45,0.338,231,S/D,1.0,0.0,0,S/D,1.0,0.0,0,S/D,1.0,0.0,0,S/D,S/D,S/D,0
115151,CUYAU,AREQUIPA,LA UNION,mpas15,pp,20260825,20260923,00Z,D1,6h,0.209,0.728,0.118,117,S/D,1.0,0.0,0,S/D,1.0,0.0,0,S/D,1.0,0.0,0,S/D,S/D,S/D,0
4729D600,PAMPA CANGALLO,AYACUCHO,CANGALLO,ecmwf,pp,20260825,20260923,"00Z,12Z",D1,6h,0.343,1.31,0.538,232,0.921,0.667,0.324,38,0.9,0.75,0.243,10,0.25,0.833,0.111,4,S/D,S/D,S/D,0
4729D600,PAMPA CANGALLO,AYACUCHO,CANGALLO,gfs,pp,20260825,20260923,"00Z,12Z",D1,6h,0.808,2.281,0.517,175,1.0,0.72,0.28,30,0.778,0.857,0.137,9,0.333,0.917,0.071,3,S/D,S/D,S/D,0
4729D600,PAMPA CANGALLO,AYACUCHO,CANGALLO,eta5,pp,20260825,20260923,"00Z,12Z",D1,6h,-0.093,1.302,0.558,199,0.794,0.534,0.415,34,0.333,0.7,0.188,9,0.0,S/D,0.0,4,S/D,S/D,S/D,0
4729D600,PAMPA CANGALLO,AYACUCHO,CANGALLO,wrf5,pp,20260825,20260923,"00Z,12Z",D1,6h,0.29,2.035,0.469,228,0.676,0.569,0.357,37,0.778,0.708,0.269,9,0.25,0.875,0.091,4,S/D,S/D,S/D,0
4729D600,PAMPA CANGALLO,AYACUCHO,CANGALLO,mpas15,pp,20260825,20260923,00Z,D1,6h,0.614,1.897,0.509,116,0.842,0.652,0.327,19,1.0,0.853,0.147,5,0.0,1.0,0.0,2,S/D,S/D,S/D,0
113248,SANTA CRUZ DE HOSPICIO,AYACUCHO,CANGALLO,ecmwf,pp,20260825,20260923,"00Z,12Z",D1,6h,0.459,1.216,0.577,232,0.947,0.617,0.375,38,0.857,0.714,0.273,14,1.0,0.75,0.25,2,S/D,S/D,S/D,0
113248,SANTA CRUZ DE HOSPICIO,AYACUCHO,CANGALLO,gfs,pp,20260825,20260923,"00Z,12Z",D1,6h,0.792,1.833,0.512,175,0.967,0.678,0.319,30,0.833,0.773,0.217,12,1.0,0.75,0.25,2,S/D,S/D,S/D,0
113248,SANTA CRUZ DE HOSPICIO,AYACUCHO,CANGALLO,eta5,pp,20260825,20260923,"00Z,12Z",D1,6h,0.027,0.585,0.512,199,0.71,0.614,0.333,31,0.545,0.571,0.316,11,0.0,S/D,0.0,2,S/D,S/D,S/D,0
113248,SANTA CRUZ DE HOSPICIO,AYACUCHO,CANGALLO,wrf5,pp,20260825,20260923,"00Z,12Z",D1,6h,0.563,2.049,0.484,228,0.649,0.556,0.358,37,0.615,0.704,0.25,13,1.0,0.833,0.167,2,S/D,S/D,S/D,0
113248,SANTA CRUZ DE HOSPICIO,AYACUCHO,CANGALLO,mpas15,pp,20260825,20260923,00Z,D1,6h,0.886,2.339,0.525,116,0.895,0.564,0.415,19,1.0,0.781,0.219,7,1.0,0.875,0.125,1,S/D,S/D,S/D,0
250900,PUENTE PAMPAS GORE APU,AYACUCHO,HUAMANGA,ecmwf,pp,20260825,20260923,"00Z,12Z",D1,6h,0.505,1.335,0.332,232,0.929,0.876,0.123,14,0.875,0.767,0.226,8,S/D,1.0,0.0,0,S/D,S/D,S/D,0
250900,PUENTE PAMPAS GORE APU,AYACUCHO,HUAMANGA,gfs,pp,20260825,20260923,"00Z,12Z",D1,6h,0.521,1.104,0.374,175,0.917,0.882,0.117,12,1.0,0.731,0.269,7,S/D,1.0,0.0,0,S/D,S/D,S/D,0
250900,PUENTE PAMPAS GORE APU,AYACUCHO,HUAMANGA,eta5,pp,20260825,20260923,"00Z,12Z",D1,6h,0.335,0.884,0.226,199,0.833,0.873,0.123,12,0.429,0.912,0.079,7,S/D,S/D,S/D,0,S/D,S/D,S/D,0
250900,PUENTE PAMPAS GORE APU,AYACUCHO,HUAMANGA,wrf5,pp,20260825,20260923,"00Z,12Z",D1,6h,0.07,0.811,0.301,228,0.538,0.65,0.269,13,0.625,0.375,0.455,8,S/D,1.0,0.0,0,S/D,S/D,S/D,0
250900,PUENTE PAMPAS GORE APU,AYACUCHO,HUAMANGA,mpas15,pp,20260825,20260923,00Z,D1,6h,0.68,1.673,0.299,116,0.857,0.85,0.146,7,1.0,0.862,0.138,4,S/D,1.0,0.0,0,S/D,S/D,S/D,0
114122,CCONTACC,AYACUCHO,LUCANAS,ecmwf,pp,20260825,20260923,"00Z,12Z",D1,6h,0.324,0.985,0.316,232,1.0,0.879,0.121,8,0.0,1.0,0.0,2,S/D,1.0,0.0,0,S/D,S/D,S/D,0
114122,CCONTACC,AYACUCHO,LUCANAS,gfs,pp,20260825,20260923,"00Z,12Z",D1,6h,0.484,1.461,0.297,175,1.0,0.897,0.103,6,0.0,1.0,0.0,1,S/D,1.0,0.0,0,S/D,S/D,S/D,0
114122,CCONTACC,AYACUCHO,LUCANAS,eta5,pp,20260825,20260923,"00Z,12Z",D1,6h,0.05,0.239,0.305,199,0.571,0.833,0.148,7,0.0,1.0,0.0,1,S/D,S/D,S/D,0,S/D,S/D,S/D,0
114122,CCONTACC,AYACUCHO,LUCANAS,wrf5,pp,20260825,20260923,"00Z,12Z",D1,6h,0.409,1.717,0.321,229,0.75,0.86,0.133,8,0.0,1.0,0.0,2,S/D,1.0,0.0,0,S/D,S/D,S/D,0
114122,CCONTACC,AYACUCHO,LUCANAS,mpas15,pp,20260825,20260923,00Z,D1,6h,0.411,1.363,0.284,116,1.0,0.833,0.167,4,1.0,0.952,0.048,1,S/D,1.0,0.0,0,S/D,S/D,S/D,0
47290068,HUAC-HUAS,AYACUCHO,LUCANAS,ecmwf,pp,20260825,20260923,"00Z,12Z",D1,6h,-0.016,0.375,0.17,212,0.5,0.714,0.222,4,0.0,1.0,0.0,2,S/D,S/D,S/D,0,S/D,S/D,S/D,0
47290068,HUAC-HUAS,AYACUCHO,LUCANAS,gfs,pp,20260825,20260923,"00Z,12Z",D1,6h,-0.027,0.423,0.147,158,0.0,1.0,0.0,4,0.0,S/D,0.0,2,S/D,S/D,S/D,0,S/D,S/D,S/D,0
47290068,HUAC-HUAS,AYACUCHO,LUCANAS,eta5,pp,20260825,20260923,"00Z,12Z",D1,6h,-0.034,0.391,0.08,181,0.0,1.0,0.0,3,0.0,S/D,0.0,2,S/D,S/D,S/D,0,S/D,S/D,S/D,0
47290068,HUAC-HUAS,AYACUCHO,LUCANAS,wrf5,pp,20260825,20260923,"00Z,12Z",D1,6h,-0.002,0.448,-0.045,208,0.0,1.0,0.0,4,0.0,1.0,0.0,2,S/D,S/D,S/D,0,S/D,S/D,S/D,0
47290068,HUAC-HUAS,AYACUCHO,LUCANAS,mpas15,pp,20260825,20260923,00Z,D1,6h,0.139,0.646,0.038,106,0.5,0.929,0.067,2,0.0,1.0,0.0,1,S/D,S/D,S/D,0,S/D,S/D,S/D,0
114127,PAMPA GALERAS,AYACUCHO,LUCANAS,ecmwf,pp,20260825,20260923,"00Z,12Z",D1,6h,0.167,0.96,0.342,228,1.0,0.789,0.211,8,0.333,0.714,0.182,6,S/D,1.0,0.0,0,S/D,S/D,S/D,0
114127,PAMPA GALERAS,AYACUCHO,LUCANAS,gfs,pp,20260825,20260923,"00Z,12Z",D1,6h,0.088,0.813,0.323,171,0.429,0.87,0.111,7,0.167,0.875,0.077,6,S/D,1.0,0.0,0,S/D,S/D,S/D,0
114127,PAMPA GALERAS,AYACUCHO,LUCANAS,eta5,pp,20260825,20260923,"00Z,12Z",D1,6h,-0.004,0.343,0.276,196,0.5,0.8,0.167,6,0.0,1.0,0.0,4,S/D,S/D,S/D,0,S/D,S/D,S/D,0
114127,PAMPA GALERAS,AYACUCHO,LUCANAS,wrf5,pp,20260825,20260923,"00Z,12Z",D1,6h,0.368,1.873,0.21,225,0.25,0.944,0.048,8,0.167,0.938,0.048,6,S/D,1.0,0.0,0,S/D,S/D,S/D,0
114127,PAMPA GALERAS,AYACUCHO,LUCANAS,mpas15,pp,20260825,20260923,00Z,D1,6h,0.302,1.157,0.173,114,0.75,0.857,0.136,4,0.667,0.867,0.125,3,S/D,1.0,0.0,0,S/D,S/D,S/D,0
114121,HURAY HUMA,AYACUCHO,PARINACOCHAS,ecmwf,pp,20260825,20260923,"00Z,12Z",D1,6h,0.572,1.422,S/D,140,S/D,1.0,0.0,0,S/D,1.0,0.0,0,S/D,1.0,0.0,0,S/D,S/D,S/D,0
114121,HURAY HUMA,AYACUCHO,PARINACOCHAS,gfs,pp,20260825,20260923,"00Z,12Z",D1,6h,0.683,1.311,S/D,106,S/D,1.0,0.0,0,S/D,1.0,0.0,0,S/D,1.0,0.0,0,S/D,S/D,S/D,0
114121,HURAY HUMA,AYACUCHO,PARINACOCHAS,eta5,pp,20260825,20260923,"00Z,12Z",D1,6h,0.124,0.316,S/D,117,S/D,1.0,0.0,0,S/D,1.0,0.0,0,S/D,S/D,S/D,0,S/D,S/D,S/D,0
114121,HURAY HUMA,AYACUCHO,PARINACOCHAS,wrf5,pp,20260825,20260923,"00Z,12Z",D1,6h,0.548,1.658,S/D,138,S/D,1.0,0.0,0,S/D,1.0,0.0,0,S/D,1.0,0.0,0,S/D,S/D,S/D,0
114121,HURAY HUMA,AYACUCHO,PARINACOCHAS,mpas15,pp,20260825,20260923,00Z,D1,6h,0.671,1.918,S/D,70,S/D,1.0,0.0,0,S/D,1.0,0.0,0,S/D,1.0,0.0,0,S/D,S/D,S/D,0
115155,PAUZA,AYACUCHO,PAUCAR DEL SARA SARA,ecmwf,pp,20260825,20260923,"00Z,12Z",D1,6h,S/D,S/D,S/D,0,S/D,S/D,S/D,0,S/D,S/D,S/D,0,S/D,S/D,S/D,0,S/D,S/D,S/D,0
115155,PAUZA,AYACUCHO,PAUCAR DEL SARA SARA,gfs,pp,20260825,20260923,"00Z,12Z",D1,6h,S/D,S/D,S/D,0,S/D,S/D,S/D,0,S/D,S/D,S/D,0,S/D,S/D,S/D,0,S/D,S/D,S/D,0
115155,PAUZA,AYACUCHO,PAUCAR DEL SARA SARA,eta5,pp,20260825,20260923,"00Z,12Z",D1,6h,S/D,S/D,S/D,0,S/D,S/D,S/D,0,S/D,S/D,S/D,0,S/D,S/D,S/D,0,S/D,S/D,S/D,0
115155,PAUZA,AYACUCHO,PAUCAR DEL SARA SARA,wrf5,pp,20260825,20260923,"00Z,12Z",D1,6h,S/D,S/D,S/D,0,S/D,S/D,S/D,0,S/D,S/D,S/D,0,S/D,S/D,S/D,0,S/D,S/D,S/D,0
115155,PAUZA,AYACUCHO,PAUCAR DEL SARA SARA,mpas15,pp,20260825,20260923,00Z,D1,6h,S/D,S/D,S/D,0,S/D,S/D,S/D,0,S/D,S/D,S/D,0,S/D,S/D,S/D,0,S/D,S/D,S/D,0
4725B27A,PAUCARAY,AYACUCHO,SUCRE,ecmwf,pp,20260825,20260923,"00Z,12Z",D1,6h,S/D,S/D,S/D,0,S/D,S/D,S/D,0,S/D,S/D,S/D,0,S/D,S/D,S/D,0,S/D,S/D,S/D,0
4725B27A,PAUCARAY,AYACUCHO,SUCRE,gfs,pp,20260825,20260923,"00Z,12Z",D1,6h,S/D,S/D,S/D,0,S/D,S/D,S/D,0,S/D,S/D,S/D,0,S/D,S/D,S/D,0,S/D,S/D,S/D,0
4725B27A,PAUCARAY,AYACUCHO,SUCRE,eta5,pp,20260825,20260923,"00Z,12Z",D1,6h,S/D,S/D,S/D,0,S/D,S/D,S/D,0,S/D,S/D,S/D,0,S/D,S/D,S/D,0,S/D,S/D,S/D,0
4725B27A,PAUCARAY,AYACUCHO,SUCRE,wrf5,pp,20260825,20260923,"00Z,12Z",D1,6h,S/D,S/D,S/D,0,S/D,S/D,S/D,0,S/D,S/D,S/D,0,S/D,S/D,S/D,0,S/D,S/D,S/D,0
4725B27A,PAUCARAY,AYACUCHO,SUCRE,mpas15,pp,20260825,20260923,00Z,D1,6h,S/D,S/D,S/D,0,S/D,S/D,S/D,0,S/D,S/D,S/D,0,S/D,S/D,S/D,0,S/D,S/D,S/D,0
4729F0EC,CAJABAMBA,CAJAMARCA,CAJABAMBA,ecmwf,pp,20260825,20260923,"00Z,12Z",D1,6h,0.328,1.184,0.353,230,1.0,0.868,0.132,10,0.75,0.684,0.286,8,S/D,1.0,0.0,0,S/D,S/D,S/D,0
4729F0EC,CAJABAMBA,CAJAMARCA,CAJABAMBA,gfs,pp,20260825,20260923,"00Z,12Z",D1,6h,0.009,0.648,0.45,173,1.0,0.69,0.31,9,0.429,0.571,0.273,7,S/D,S/D,S/D,0,S/D,S/D,S/D,0
4729F0EC,CAJABAMBA,CAJAMARCA,CAJABAMBA,eta5,pp,20260825,20260923,"00Z,12Z",D1,6h,-0.042,0.574,0.246,198,0.75,0.818,0.171,8,0.286,0.0,0.286,7,S/D,S/D,S/D,0,S/D,S/D,S/D,0
4729F0EC,CAJABAMBA,CAJAMARCA,CAJABAMBA,wrf5,pp,20260825,20260923,"00Z,12Z",D1,6h,0.123,1.141,0.367,226,0.8,0.704,0.276,10,0.25,0.833,0.111,8,S/D,1.0,0.0,0,S/D,S/D,S/D,0
4729F0EC,CAJABAMBA,CAJAMARCA,CAJABAMBA,mpas15,pp,20260825,20260923,00Z,D1,6h,0.551,1.756,0.253,115,0.8,0.889,0.108,5,0.75,0.875,0.12,4,S/D,1.0,0.0,0,S/D,S/D,S/D,0
472A32FC,CRISNEJAS,CAJAMARCA,CAJABAMBA,ecmwf,pp,20260825,20260923,"00Z,12Z",D1,6h,0.415,1.425,S/D,230,S/D,1.0,0.0,0,S/D,1.0,0.0,0,S/D,1.0,0.0,0,S/D,S/D,S/D,0
472A32FC,CRISNEJAS,CAJAMARCA,CAJABAMBA,gfs,pp,20260825,20260923,"00Z,12Z",D1,6h,0.14,0.603,S/D,173,S/D,1.0,0.0,0,S/D,1.0,0.0,0,S/D,S/D,S/D,0,S/D,S/D,S/D,0
472A32FC,CRISNEJAS,CAJAMARCA,CAJABAMBA,eta5,pp,20260825,20260923,"00Z,12Z",D1,6h,0.125,0.39,S/D,197,S/D,1.0,0.0,0,S/D,1.0,0.0,0,S/D,S/D,S/D,0,S/D,S/D,S/D,0
472A32FC,CRISNEJAS,CAJAMARCA,CAJABAMBA,wrf5,pp,20260825,20260923,"00Z,12Z",D1,6h,0.139,0.873,S/D,226,S/D,1.0,0.0,0,S/D,1.0,0.0,0,S/D,1.0,0.0,0,S/D,S/D,S/D,0
472A32FC,CRISNEJAS,CAJAMARCA,CAJABAMBA,mpas15,pp,20260825,20260923,00Z,D1,6h,0.494,1.634,S/D,115,S/D,1.0,0.0,0,S/D,1.0,0.0,0,S/D,1.0,0.0,0,S/D,S/D,S/D,0
472645F0,UNC CAJAMARCA,CAJAMARCA,CAJAMARCA,ecmwf,pp,20260825,20260923,"00Z,12Z",D1,6h,0.23,1.424,0.26,216,0.523,0.483,0.351,88,0.357,0.828,0.132,14,1.0,0.75,0.25,2,S/D,S/D,S/D,0
472645F0,UNC CAJAMARCA,CAJAMARCA,CAJAMARCA,gfs,pp,20260825,20260923,"00Z,12Z",D1,6h,0.761,1.827,0.217,160,0.682,0.526,0.388,66,0.667,0.83,0.157,12,0.0,1.0,0.0,2,S/D,S/D,S/D,0
472645F0,UNC CAJAMARCA,CAJAMARCA,CAJAMARCA,eta5,pp,20260825,20260923,"00Z,12Z",D1,6h,-0.076,0.912,-0.002,186,0.267,0.545,0.202,75,0.0,1.0,0.0,12,0.0,S/D,0.0,1,S/D,S/D,S/D,0
472645F0,UNC CAJAMARCA,CAJAMARCA,CAJAMARCA,wrf5,pp,20260825,20260923,"00Z,12Z",D1,6h,-0.103,1.526,0.201,212,0.174,0.348,0.16,86,0.143,0.667,0.111,14,0.0,1.0,0.0,2,S/D,S/D,S/D,0
472645F0,UNC CAJAMARCA,CAJAMARCA,CAJAMARCA,mpas15,pp,20260825,20260923,00Z,D1,6h,0.791,2.754,0.118,108,0.432,0.387,0.339,44,0.286,0.926,0.062,7,0.0,1.0,0.0,1,S/D,S/D,S/D,0
472501F4,BALSAS,CAJAMARCA,CELENDIN,ecmwf,pp,20260825,20260923,"00Z,12Z",D1,6h,S/D,S/D,S/D,0,S/D,S/D,S/D,0,S/D,S/D,S/D,0,S/D,S/D,S/D,0,S/D,S/D,S/D,0
472501F4,BALSAS,CAJAMARCA,CELENDIN,gfs,pp,20260825,20260923,"00Z,12Z",D1,6h,S/D,S/D,S/D,0,S/D,S/D,S/D,0,S/D,S/D,S/D,0,S/D,S/D,S/D,0,S/D,S/D,S/D,0
472501F4,BALSAS,CAJAMARCA,CELENDIN,eta5,pp,20260825,20260923,"00Z,12Z",D1,6h,S/D,S/D,S/D,0,S/D,S/D,S/D,0,S/D,S/D,S/D,0,S/D,S/D,S/D,0,S/D,S/D,S/D,0
472501F4,BALSAS,CAJAMARCA,CELENDIN,wrf5,pp,20260825,20260923,"00Z,12Z",D1,6h,S/D,S/D,S/D,0,S/D,S/D,S/D,0,S/D,S/D,S/D,0,S/D,S/D,S/D,0,S/D,S/D,S/D,0
472501F4,BALSAS,CAJAMARCA,CELENDIN,mpas15,pp,20260825,20260923,00Z,D1,6h,S/D,S/D,S/D,0,S/D,S/D,S/D,0,S/D,S/D,S/D,0,S/D,S/D,S/D,0,S/D,S/D,S/D,0
4726631C,CELENDIN,CAJAMARCA,CELENDIN,ecmwf,pp,20260825,20260923,"00Z,12Z",D1,6h,0.313,1.092,0.341,216,0.938,0.815,0.183,16,0.5,0.9,0.091,4,S/D,1.0,0.0,0,S/D,S/D,S/D,0
4726631C,CELENDIN,CAJAMARCA,CELENDIN,gfs,pp,20260825,20260923,"00Z,12Z",D1,6h,0.522,1.254,0.279,162,1.0,0.89,0.11,12,0.25,0.958,0.037,4,S/D,1.0,0.0,0,S/D,S/D,S/D,0
4726631C,CELENDIN,CAJAMARCA,CELENDIN,eta5,pp,20260825,20260923,"00Z,12Z",D1,6h,0.029,0.301,0.181,183,0.273,0.85,0.107,11,0.0,1.0,0.0,3,S/D,S/D,S/D,0,S/D,S/D,S/D,0
4726631C,CELENDIN,CAJAMARCA,CELENDIN,wrf5,pp,20260825,20260923,"00Z,12Z",D1,6h,0.033,0.553,0.321,212,0.438,0.562,0.28,16,0.0,1.0,0.0,4,S/D,1.0,0.0,0,S/D,S/D,S/D,0
4726631C,CELENDIN,CAJAMARCA,CELENDIN,mpas15,pp,20260825,20260923,00Z,D1,6h,0.783,1.637,0.157,108,0.625,0.881,0.111,8,1.0,0.939,0.061,2,S/D,1.0,0.0,0,S/D,S/D,S/D,0
4726C3E4,CHOTA,CAJAMARCA,CHOTA,ecmwf,pp,20260825,20260923,"00Z,12Z",D1,6h,0.733,1.931,0.151,188,0.812,0.907,0.091,16,0.5,0.917,0.077,8,0.0,1.0,0.0,2,S/D,S/D,S/D,0
4726C3E4,CHOTA,CAJAMARCA,CHOTA,gfs,pp,20260825,20260923,"00Z,12Z",D1,6h,0.403,1.108,0.304,145,1.0,0.875,0.125,14,0.571,0.846,0.138,7,0.0,1.0,0.0,1,S/D,S/D,S/D,0
4726C3E4,CHOTA,CAJAMARCA,CHOTA,eta5,pp,20260825,20260923,"00Z,12Z",D1,6h,-0.06,0.928,0.259,160,0.6,0.769,0.2,15,0.143,0.857,0.077,7,0.0,S/D,0.0,2,S/D,S/D,S/D,0
4726C3E4,CHOTA,CAJAMARCA,CHOTA,wrf5,pp,20260825,20260923,"00Z,12Z",D1,6h,-0.125,0.971,0.071,184,0.125,0.895,0.061,16,0.125,0.75,0.091,8,0.0,S/D,0.0,2,S/D,S/D,S/D,0
4726C3E4,CHOTA,CAJAMARCA,CHOTA,mpas15,pp,20260825,20260923,00Z,D1,6h,1.067,2.44,0.086,94,0.625,0.891,0.102,8,0.5,0.95,0.048,4,0.0,1.0,0.0,1,S/D,S/D,S/D,0
47E94706,HUAMBOS,CAJAMARCA,CHOTA,ecmwf,pp,20260825,20260923,"00Z,12Z",D1,6h,0.629,1.678,0.156,230,0.909,0.848,0.149,22,0.5,0.907,0.085,8,0.5,0.857,0.125,2,S/D,S/D,S/D,0
47E94706,HUAMBOS,CAJAMARCA,CHOTA,gfs,pp,20260825,20260923,"00Z,12Z",D1,6h,0.046,0.98,0.062,173,0.294,0.896,0.083,17,0.143,0.75,0.1,7,0.0,1.0,0.0,2,S/D,S/D,S/D,0
47E94706,HUAMBOS,CAJAMARCA,CHOTA,eta5,pp,20260825,20260923,"00Z,12Z",D1,6h,-0.029,0.737,-0.024,198,0.136,0.909,0.058,22,0.125,0.667,0.1,8,0.0,S/D,0.0,2,S/D,S/D,S/D,0
47E94706,HUAMBOS,CAJAMARCA,CHOTA,wrf5,pp,20260825,20260923,"00Z,12Z",D1,6h,-0.048,0.725,0.257,227,0.182,0.6,0.143,22,0.0,1.0,0.0,8,0.0,S/D,0.0,2,S/D,S/D,S/D,0
47E94706,HUAMBOS,CAJAMARCA,CHOTA,mpas15,pp,20260825,20260923,00Z,D1,6h,0.761,1.799,-0.005,115,0.273,0.923,0.064,11,0.5,0.935,0.061,4,1.0,0.8,0.2,1,S/D,S/D,S/D,0
47E1D6C2,PUENTE SAN CARLOS,CAJAMARCA,CHOTA,ecmwf,pp,20260825,20260923,"00Z,12Z",D1,6h,0.135,0.56,-0.153,232,0.0,1.0,0.0,12,0.0,1.0,0.0,6,S/D,S/D,S/D,0,S/D,S/D,S/D,0
47E1D6C2,PUENTE SAN CARLOS,CAJAMARCA,CHOTA,gfs,pp,20260825,20260923,"00Z,12Z",D1,6h,0.016,0.386,-0.104,175,0.0,1.0,0.0,12,0.0,1.0,0.0,6,S/D,S/D,S/D,0,S/D,S/D,S/D,0
47E1D6C2,PUENTE SAN CARLOS,CAJAMARCA,CHOTA,eta5,pp,20260825,20260923,"00Z,12Z",D1,6h,0.022,0.297,-0.127,199,0.0,1.0,0.0,9,0.0,S/D,0.0,4,S/D,S/D,S/D,0,S/D,S/D,S/D,0
47E1D6C2,PUENTE SAN CARLOS,CAJAMARCA,CHOTA,wrf5,pp,20260825,20260923,"00Z,12Z",D1,6h,-0.029,0.262,0.069,228,0.083,0.933,0.038,12,0.0,S/D,0.0,6,S/D,S/D,S/D,0,S/D,S/D,S/D,0
47E1D6C2,PUENTE SAN CARLOS,CAJAMARCA,CHOTA,mpas15,pp,20260825,20260923,00Z,D1,6h,0.041,0.391,0.022,116,0.0,1.0,0.0,6,0.0,1.0,0.0,3,S/D,S/D,S/D,0,S/D,S/D,S/D,0
47E1F02E,TUNEL CHOTANO,CAJAMARCA,CHOTA,ecmwf,pp,20260825,20260923,"00Z,12Z",D1,6h,0.862,2.189,0.056,228,0.75,0.964,0.036,8,1.0,0.926,0.074,4,0.0,1.0,0.0,2,S/D,S/D,S/D,0
47E1F02E,TUNEL CHOTANO,CAJAMARCA,CHOTA,gfs,pp,20260825,20260923,"00Z,12Z",D1,6h,0.519,1.246,0.215,173,1.0,0.937,0.063,8,1.0,0.862,0.138,4,0.0,1.0,0.0,2,S/D,S/D,S/D,0
47E1F02E,TUNEL CHOTANO,CAJAMARCA,CHOTA,eta5,pp,20260825,20260923,"00Z,12Z",D1,6h,0.072,0.724,0.11,195,0.5,0.938,0.059,6,0.667,0.778,0.2,3,0.0,S/D,0.0,2,S/D,S/D,S/D,0
47E1F02E,TUNEL CHOTANO,CAJAMARCA,CHOTA,wrf5,pp,20260825,20260923,"00Z,12Z",D1,6h,0.029,0.755,0.161,224,0.375,0.875,0.103,8,0.25,0.857,0.1,4,0.0,S/D,0.0,2,S/D,S/D,S/D,0
47E1F02E,TUNEL CHOTANO,CAJAMARCA,CHOTA,mpas15,pp,20260825,20260923,00Z,D1,6h,0.937,2.55,0.211,114,0.75,0.923,0.075,4,1.0,0.935,0.065,2,0.0,1.0,0.0,1,S/D,S/D,S/D,0
472C92CA,CASCABAMBA,CAJAMARCA,CONTUMAZA,ecmwf,pp,20260825,20260923,"00Z,12Z",D1,6h,0.456,1.382,-0.037,230,0.375,0.938,0.056,16,1.0,0.931,0.069,2,S/D,1.0,0.0,0,S/D,S/D,S/D,0
472C92CA,CASCABAMBA,CAJAMARCA,CONTUMAZA,gfs,pp,20260825,20260923,"00Z,12Z",D1,6h,0.219,0.536,0.035,172,0.4,0.915,0.075,15,1.0,0.8,0.2,2,S/D,S/D,S/D,0,S/D,S/D,S/D,0
472C92CA,CASCABAMBA,CAJAMARCA,CONTUMAZA,eta5,pp,20260825,20260923,"00Z,12Z",D1,6h,-0.019,0.223,-0.096,197,0.0,1.0,0.0,13,0.0,1.0,0.0,2,S/D,S/D,S/D,0,S/D,S/D,S/D,0
472C92CA,CASCABAMBA,CAJAMARCA,CONTUMAZA,wrf5,pp,20260825,20260923,"00Z,12Z",D1,6h,0.461,2.066,0.041,227,0.312,0.868,0.102,16,0.5,0.95,0.048,2,S/D,1.0,0.0,0,S/D,S/D,S/D,0
472C92CA,CASCABAMBA,CAJAMARCA,CONTUMAZA,mpas15,pp,20260825,20260923,00Z,D1,6h,0.847,2.39,0.006,115,0.25,0.938,0.053,8,0.0,1.0,0.0,1,S/D,1.0,0.0,0,S/D,S/D,S/D,0
472C81BC,GUZMANGO,CAJAMARCA,CONTUMAZA,ecmwf,pp,20260825,20260923,"00Z,12Z",D1,6h,0.105,0.341,0.129,228,0.5,0.975,0.024,2,S/D,1.0,0.0,0,S/D,S/D,S/D,0,S/D,S/D,S/D,0
472C81BC,GUZMANGO,CAJAMARCA,CONTUMAZA,gfs,pp,20260825,20260923,"00Z,12Z",D1,6h,0.06,0.214,0.191,171,1.0,0.929,0.071,2,S/D,1.0,0.0,0,S/D,S/D,S/D,0,S/D,S/D,S/D,0
472C81BC,GUZMANGO,CAJAMARCA,CONTUMAZA,eta5,pp,20260825,20260923,"00Z,12Z",D1,6h,0.026,0.109,0.188,195,1.0,0.944,0.056,1,S/D,1.0,0.0,0,S/D,S/D,S/D,0,S/D,S/D,S/D,0
472C81BC,GUZMANGO,CAJAMARCA,CONTUMAZA,wrf5,pp,20260825,20260923,"00Z,12Z",D1,6h,0.011,0.081,0.299,225,0.5,0.833,0.143,2,S/D,S/D,S/D,0,S/D,S/D,S/D,0,S/D,S/D,S/D,0
472C81BC,GUZMANGO,CAJAMARCA,CONTUMAZA,mpas15,pp,20260825,20260923,00Z,D1,6h,0.387,1.068,0.137,114,1.0,0.958,0.042,1,S/D,1.0,0.0,0,S/D,1.0,0.0,0,S/D,S/D,S/D,0
4727470A,PUENTE CHILETE,CAJAMARCA,CONTUMAZA,ecmwf,pp,20260825,20260923,"00Z,12Z",D1,6h,0.382,1.374,0.071,218,1.0,0.977,0.023,2,S/D,1.0,0.0,0,S/D,1.0,0.0,0,S/D,S/D,S/D,0
4727470A,PUENTE CHILETE,CAJAMARCA,CONTUMAZA,gfs,pp,20260825,20260923,"00Z,12Z",D1,6h,0.982,1.951,0.144,160,1.0,0.978,0.022,2,S/D,1.0,0.0,0,S/D,1.0,0.0,0,S/D,S/D,S/D,0
4727470A,PUENTE CHILETE,CAJAMARCA,CONTUMAZA,eta5,pp,20260825,20260923,"00Z,12Z",D1,6h,0.333,0.8,-0.089,187,0.0,1.0,0.0,2,S/D,1.0,0.0,0,S/D,S/D,S/D,0,S/D,S/D,S/D,0
4727470A,PUENTE CHILETE,CAJAMARCA,CONTUMAZA,wrf5,pp,20260825,20260923,"00Z,12Z",D1,6h,0.028,0.186,0.129,214,0.5,0.909,0.083,2,S/D,1.0,0.0,0,S/D,S/D,S/D,0,S/D,S/D,S/D,0
4727470A,PUENTE CHILETE,CAJAMARCA,CONTUMAZA,mpas15,pp,20260825,20260923,00Z,D1,6h,1.364,3.393,-0.016,109,0.0,1.0,0.0,1,S/D,1.0,0.0,0,S/D,1.0,0.0,0,S/D,S/D,S/D,0
4726E508,YONAN GORE,CAJAMARCA,CONTUMAZA,ecmwf,pp,20260825,20260923,"00Z,12Z",D1,6h,0.121,0.718,0.037,220,0.25,0.971,0.027,4,0.0,1.0,0.0,2,S/D,1.0,0.0,0,S/D,S/D,S/D,0
4726E508,YONAN GORE,CAJAMARCA,CONTUMAZA,gfs,pp,20260825,20260923,"00Z,12Z",D1,6h,0.155,0.422,0.087,164,0.667,0.96,0.039,3,0.0,1.0,0.0,1,S/D,S/D,S/D,0,S/D,S/D,S/D,0
4726E508,YONAN GORE,CAJAMARCA,CONTUMAZA,eta5,pp,20260825,20260923,"00Z,12Z",D1,6h,0.026,0.25,-0.069,187,0.0,1.0,0.0,4,0.0,1.0,0.0,2,S/D,S/D,S/D,0,S/D,S/D,S/D,0
4726E508,YONAN GORE,CAJAMARCA,CONTUMAZA,wrf5,pp,20260825,20260923,"00Z,12Z",D1,6h,-0.004,0.168,0.222,216,0.0,1.0,0.0,4,0.0,S/D,0.0,2,S/D,S/D,S/D,0,S/D,S/D,S/D,0
4726E508,YONAN GORE,CAJAMARCA,CONTUMAZA,mpas15,pp,20260825,20260923,00Z,D1,6h,0.037,0.277,-0.128,110,0.0,1.0,0.0,2,0.0,1.0,0.0,1,S/D,S/D,S/D,0,S/D,S/D,S/D,0
472B3006,CUMBA,CAJAMARCA,CUTERVO,ecmwf,pp,20260825,20260923,"00Z,12Z",D1,6h,0.511,1.789,0.305,226,0.882,0.774,0.219,34,0.25,0.936,0.054,12,0.0,1.0,0.0,2,S/D,S/D,S/D,0
472B3006,CUMBA,CAJAMARCA,CUTERVO,gfs,pp,20260825,20260923,"00Z,12Z",D1,6h,0.454,1.313,0.39,171,0.963,0.732,0.265,27,0.6,0.867,0.122,10,0.0,1.0,0.0,2,S/D,S/D,S/D,0
472B3006,CUMBA,CAJAMARCA,CUTERVO,eta5,pp,20260825,20260923,"00Z,12Z",D1,6h,0.354,1.129,0.284,193,0.821,0.779,0.211,28,0.333,0.919,0.07,9,0.0,S/D,0.0,1,S/D,S/D,S/D,0
472B3006,CUMBA,CAJAMARCA,CUTERVO,wrf5,pp,20260825,20260923,"00Z,12Z",D1,6h,-0.064,1.357,0.091,222,0.088,0.87,0.056,34,0.0,1.0,0.0,12,0.0,1.0,0.0,2,S/D,S/D,S/D,0
472B3006,CUMBA,CAJAMARCA,CUTERVO,mpas15,pp,20260825,20260923,00Z,D1,6h,1.458,3.186,0.189,113,0.765,0.8,0.188,17,0.667,0.925,0.073,6,0.0,1.0,0.0,1,S/D,S/D,S/D,0
4726A602,CUTERVO,CAJAMARCA,CUTERVO,ecmwf,pp,20260825,20260923,"00Z,12Z",D1,6h,0.666,1.664,0.157,204,0.955,0.855,0.144,22,0.125,0.979,0.019,8,S/D,1.0,0.0,0,S/D,S/D,S/D,0
4726A602,CUTERVO,CAJAMARCA,CUTERVO,gfs,pp,20260825,20260923,"00Z,12Z",D1,6h,0.424,0.99,0.125,152,0.765,0.884,0.112,17,0.167,0.958,0.034,6,S/D,1.0,0.0,0,S/D,S/D,S/D,0
4726A602,CUTERVO,CAJAMARCA,CUTERVO,eta5,pp,20260825,20260923,"00Z,12Z",D1,6h,-0.066,0.593,0.102,176,0.19,0.862,0.087,21,0.125,0.0,0.125,8,S/D,S/D,S/D,0,S/D,S/D,S/D,0
4726A602,CUTERVO,CAJAMARCA,CUTERVO,wrf5,pp,20260825,20260923,"00Z,12Z",D1,6h,0.12,0.975,0.189,200,0.273,0.739,0.154,22,0.375,0.7,0.2,8,S/D,1.0,0.0,0,S/D,S/D,S/D,0
4726A602,CUTERVO,CAJAMARCA,CUTERVO,mpas15,pp,20260825,20260923,00Z,D1,6h,0.793,1.974,0.263,102,1.0,0.771,0.229,11,0.5,0.935,0.061,4,S/D,1.0,0.0,0,S/D,S/D,S/D,0
4726D092,BAMBAMARCA H,CAJAMARCA,HUALGAYOC,ecmwf,pp,20260825,20260923,"00Z,12Z",D1,6h,0.483,1.537,0.344,146,0.9,0.845,0.153,10,0.5,0.812,0.158,6,S/D,1.0,0.0,0,S/D,S/D,S/D,0
4726D092,BAMBAMARCA H,CAJAMARCA,HUALGAYOC,gfs,pp,20260825,20260923,"00Z,12Z",D1,6h,0.489,0.913,0.332,109,1.0,0.892,0.108,8,0.4,0.9,0.087,5,S/D,S/D,S/D,0,S/D,S/D,S/D,0
4726D092,BAMBAMARCA H,CAJAMARCA,HUALGAYOC,eta5,pp,20260825,20260923,"00Z,12Z",D1,6h,-0.058,0.39,0.188,124,0.1,0.909,0.05,10,0.0,1.0,0.0,6,S/D,S/D,S/D,0,S/D,S/D,S/D,0
4726D092,BAMBAMARCA H,CAJAMARCA,HUALGAYOC,wrf5,pp,20260825,20260923,"00Z,12Z",D1,6h,-0.013,0.481,0.224,142,0.333,0.7,0.188,9,0.0,1.0,0.0,6,S/D,S/D,S/D,0,S/D,S/D,S/D,0
4726D092,BAMBAMARCA H,CAJAMARCA,HUALGAYOC,mpas15,pp,20260825,20260923,00Z,D1,6h,0.681,1.354,0.176,73,0.8,0.857,0.138,5,0.667,0.92,0.077,3,S/D,1.0,0.0,0,S/D,S/D,S/D,0
472680EE,BAMBAMARCA M,CAJAMARCA,HUALGAYOC,ecmwf,pp,20260825,20260923,"00Z,12Z",D1,6h,0.672,1.957,0.379,224,0.875,0.777,0.216,24,0.833,0.844,0.152,6,S/D,1.0,0.0,0,S/D,S/D,S/D,0
472680EE,BAMBAMARCA M,CAJAMARCA,HUALGAYOC,gfs,pp,20260825,20260923,"00Z,12Z",D1,6h,0.674,1.3,0.387,168,0.947,0.843,0.155,19,0.667,0.897,0.098,6,S/D,1.0,0.0,0,S/D,S/D,S/D,0
472680EE,BAMBAMARCA M,CAJAMARCA,HUALGAYOC,eta5,pp,20260825,20260923,"00Z,12Z",D1,6h,0.04,0.451,0.158,191,0.4,0.795,0.157,20,0.0,1.0,0.0,4,S/D,S/D,S/D,0,S/D,S/D,S/D,0
472680EE,BAMBAMARCA M,CAJAMARCA,HUALGAYOC,wrf5,pp,20260825,20260923,"00Z,12Z",D1,6h,0.208,1.468,0.401,220,0.583,0.481,0.378,24,0.5,0.75,0.2,6,S/D,1.0,0.0,0,S/D,S/D,S/D,0
472680EE,BAMBAMARCA M,CAJAMARCA,HUALGAYOC,mpas15,pp,20260825,20260923,00Z,D1,6h,1.039,2.302,0.167,112,0.667,0.822,0.163,12,1.0,0.919,0.081,3,S/D,1.0,0.0,0,S/D,S/D,S/D,0
4727F484,CHUGUR,CAJAMARCA,HUALGAYOC,ecmwf,pp,20260825,20260923,"00Z,12Z",D1,6h,1.36,2.68,S/D,228,S/D,1.0,0.0,0,S/D,1.0,0.0,0,S/D,1.0,0.0,0,S/D,S/D,S/D,0
4727F484,CHUGUR,CAJAMARCA,HUALGAYOC,gfs,pp,20260825,20260923,"00Z,12Z",D1,6h,0.938,2.13,S/D,172,S/D,1.0,0.0,0,S/D,1.0,0.0,0,S/D,1.0,0.0,0,S/D,S/D,S/D,0
4727F484,CHUGUR,CAJAMARCA,HUALGAYOC,eta5,pp,20260825,20260923,"00Z,12Z",D1,6h,0.2,0.486,S/D,196,S/D,1.0,0.0,0,S/D,1.0,0.0,0,S/D,S/D,S/D,0,S/D,S/D,S/D,0
4727F484,CHUGUR,CAJAMARCA,HUALGAYOC,wrf5,pp,20260825,20260923,"00Z,12Z",D1,6h,0.594,2.421,S/D,224,S/D,1.0,0.0,0,S/D,1.0,0.0,0,S/D,1.0,0.0,0,S/D,1.0,0.0,0
4727F484,CHUGUR,CAJAMARCA,HUALGAYOC,mpas15,pp,20260825,20260923,00Z,D1,6h,1.127,2.869,S/D,114,S/D,1.0,0.0,0,S/D,1.0,0.0,0,S/D,1.0,0.0,0,S/D,S/D,S/D,0
472A571A,HUALLAPE,CAJAMARCA,JAEN,ecmwf,pp,20260825,20260923,"00Z,12Z",D1,6h,0.425,2.192,0.338,230,0.921,0.77,0.226,38,0.438,0.825,0.143,16,0.0,1.0,0.0,6,S/D,S/D,S/D,0
472A571A,HUALLAPE,CAJAMARCA,JAEN,gfs,pp,20260825,20260923,"00Z,12Z",D1,6h,-0.045,1.153,0.301,173,0.633,0.708,0.25,30,0.182,0.8,0.105,11,0.0,S/D,0.0,4,S/D,S/D,S/D,0
472A571A,HUALLAPE,CAJAMARCA,JAEN,eta5,pp,20260825,20260923,"00Z,12Z",D1,6h,0.094,1.194,0.136,197,0.484,0.819,0.152,31,0.357,0.783,0.156,14,0.0,S/D,0.0,4,S/D,S/D,S/D,0
472A571A,HUALLAPE,CAJAMARCA,JAEN,wrf5,pp,20260825,20260923,"00Z,12Z",D1,6h,-0.285,1.344,0.326,226,0.158,0.538,0.133,38,0.0,S/D,0.0,16,0.0,S/D,0.0,6,S/D,S/D,S/D,0
472A571A,HUALLAPE,CAJAMARCA,JAEN,mpas15,pp,20260825,20260923,00Z,D1,6h,0.389,2.482,0.165,115,0.579,0.711,0.239,19,0.5,0.826,0.148,8,0.0,1.0,0.0,3,S/D,S/D,S/D,0
47269398,JAEN,CAJAMARCA,JAEN,ecmwf,pp,20260825,20260923,"00Z,12Z",D1,6h,0.417,1.109,0.32,208,0.833,0.808,0.185,24,0.5,0.892,0.098,8,S/D,1.0,0.0,0,S/D,S/D,S/D,0
47269398,JAEN,CAJAMARCA,JAEN,gfs,pp,20260825,20260923,"00Z,12Z",D1,6h,0.31,0.875,0.282,154,0.75,0.8,0.188,20,0.429,0.875,0.107,7,S/D,1.0,0.0,0,S/D,S/D,S/D,0
47269398,JAEN,CAJAMARCA,JAEN,eta5,pp,20260825,20260923,"00Z,12Z",D1,6h,0.439,0.957,0.089,177,0.714,0.848,0.143,21,0.143,0.974,0.022,7,S/D,S/D,S/D,0,S/D,S/D,S/D,0
47269398,JAEN,CAJAMARCA,JAEN,wrf5,pp,20260825,20260923,"00Z,12Z",D1,6h,-0.068,0.534,0.26,204,0.208,0.667,0.147,24,0.0,1.0,0.0,8,S/D,S/D,S/D,0,S/D,S/D,S/D,0
47269398,JAEN,CAJAMARCA,JAEN,mpas15,pp,20260825,20260923,00Z,D1,6h,1.314,2.581,0.237,104,0.833,0.811,0.182,12,0.75,0.93,0.068,4,S/D,1.0,0.0,0,S/D,S/D,S/D,0
105136,SAUZAL,CAJAMARCA,JAEN,ecmwf,pp,20260825,20260923,"00Z,12Z",D1,6h,0.398,1.258,0.162,232,1.0,0.971,0.029,2,S/D,1.0,0.0,0,S/D,1.0,0.0,0,S/D,S/D,S/D,0
105136,SAUZAL,CAJAMARCA,JAEN,gfs,pp,20260825,20260923,"00Z,12Z",D1,6h,0.18,0.561,0.21,174,1.0,0.957,0.043,2,S/D,1.0,0.0,0,S/D,S/D,S/D,0,S/D,S/D,S/D,0
105136,SAUZAL,CAJAMARCA,JAEN,eta5,pp,20260825,20260923,"00Z,12Z",D1,6h,0.07,0.277,0.197,200,1.0,0.955,0.045,1,S/D,1.0,0.0,0,S/D,S/D,S/D,0,S/D,S/D,S/D,0
105136,SAUZAL,CAJAMARCA,JAEN,wrf5,pp,20260825,20260923,"00Z,12Z",D1,6h,0.015,0.261,0.133,228,0.0,1.0,0.0,2,S/D,1.0,0.0,0,S/D,S/D,S/D,0,S/D,S/D,S/D,0
105136,SAUZAL,CAJAMARCA,JAEN,mpas15,pp,20260825,20260923,00Z,D1,6h,0.277,0.745,0.165,116,1.0,0.955,0.045,1,S/D,1.0,0.0,0,S/D,1.0,0.0,0,S/D,S/D,S/D,0
4725E206,SAN MARCOS,CAJAMARCA,SAN MARCOS,ecmwf,pp,20260825,20260923,"00Z,12Z",D1,6h,0.579,1.682,0.299,214,0.917,0.88,0.118,12,0.5,0.931,0.065,4,S/D,1.0,0.0,0,S/D,S/D,S/D,0
4725E206,SAN MARCOS,CAJAMARCA,SAN MARCOS,gfs,pp,20260825,20260923,"00Z,12Z",D1,6h,0.39,0.857,0.346,160,1.0,0.873,0.127,10,0.75,0.864,0.13,4,S/D,S/D,S/D,0,S/D,S/D,S/D,0
4725E206,SAN MARCOS,CAJAMARCA,SAN MARCOS,eta5,pp,20260825,20260923,"00Z,12Z",D1,6h,0.022,0.256,0.268,185,0.6,0.75,0.214,10,0.0,1.0,0.0,4,S/D,S/D,S/D,0,S/D,S/D,S/D,0
4725E206,SAN MARCOS,CAJAMARCA,SAN MARCOS,wrf5,pp,20260825,20260923,"00Z,12Z",D1,6h,0.102,0.715,0.383,210,0.667,0.68,0.276,12,0.25,0.857,0.1,4,S/D,1.0,0.0,0,S/D,S/D,S/D,0
4725E206,SAN MARCOS,CAJAMARCA,SAN MARCOS,mpas15,pp,20260825,20260923,00Z,D1,6h,0.64,2.592,0.217,107,0.667,0.867,0.125,6,0.5,0.947,0.05,2,S/D,1.0,0.0,0,S/D,S/D,S/D,0
47E207A4,TONGOD,CAJAMARCA,SAN MIGUEL,ecmwf,pp,20260825,20260923,"00Z,12Z",D1,6h,0.88,2.688,0.247,226,0.767,0.849,0.145,30,0.833,0.878,0.119,12,0.833,0.688,0.294,6,S/D,S/D,S/D,0
47E207A4,TONGOD,CAJAMARCA,SAN MIGUEL,gfs,pp,20260825,20260923,"00Z,12Z",D1,6h,0.382,2.476,0.364,171,0.923,0.755,0.24,26,0.667,0.795,0.186,12,0.667,0.429,0.444,6,S/D,S/D,S/D,0
47E207A4,TONGOD,CAJAMARCA,SAN MIGUEL,eta5,pp,20260825,20260923,"00Z,12Z",D1,6h,-0.218,1.815,0.279,194,0.462,0.657,0.245,26,0.0,1.0,0.0,8,0.0,S/D,0.0,3,S/D,S/D,S/D,0
47E207A4,TONGOD,CAJAMARCA,SAN MIGUEL,wrf5,pp,20260825,20260923,"00Z,12Z",D1,6h,-0.088,1.959,0.354,222,0.533,0.556,0.32,30,0.583,0.5,0.368,12,0.5,0.571,0.3,6,S/D,S/D,S/D,0
47E207A4,TONGOD,CAJAMARCA,SAN MIGUEL,mpas15,pp,20260825,20260923,00Z,D1,6h,0.681,2.277,0.15,113,0.533,0.778,0.186,15,0.833,0.839,0.156,6,1.0,0.75,0.25,3,S/D,S/D,S/D,0
47E1C5B4,CAÑAD,CAJAMARCA,SANTA CRUZ,ecmwf,pp,20260825,20260923,"00Z,12Z",D1,6h,0.905,1.995,0.154,232,1.0,0.985,0.015,2,S/D,1.0,0.0,0,S/D,1.0,0.0,0,S/D,S/D,S/D,0
47E1C5B4,CAÑAD,CAJAMARCA,SANTA CRUZ,gfs,pp,20260825,20260923,"00Z,12Z",D1,6h,0.603,1.158,0.179,175,1.0,0.979,0.021,2,S/D,1.0,0.0,0,S/D,1.0,0.0,0,S/D,S/D,S/D,0
47E1C5B4,CAÑAD,CAJAMARCA,SANTA CRUZ,eta5,pp,20260825,20260923,"00Z,12Z",D1,6h,0.205,0.489,0.13,199,1.0,0.981,0.019,1,S/D,1.0,0.0,0,S/D,S/D,S/D,0,S/D,S/D,S/D,0
47E1C5B4,CAÑAD,CAJAMARCA,SANTA CRUZ,wrf5,pp,20260825,20260923,"00Z,12Z",D1,6h,0.023,0.172,0.268,228,1.0,0.667,0.333,2,S/D,1.0,0.0,0,S/D,S/D,S/D,0,S/D,S/D,S/D,0
47E1C5B4,CAÑAD,CAJAMARCA,SANTA CRUZ,mpas15,pp,20260825,20260923,00Z,D1,6h,0.602,1.342,0.163,116,1.0,0.972,0.028,1,S/D,1.0,0.0,0,S/D,1.0,0.0,0,S/D,S/D,S/D,0
47E3055E,CHANCAY BAÑOS,CAJAMARCA,SANTA CRUZ,ecmwf,pp,20260825,20260923,"00Z,12Z",D1,6h,0.894,2.042,0.156,236,0.875,0.959,0.04,8,1.0,0.929,0.071,4,S/D,1.0,0.0,0,S/D,S/D,S/D,0
47E3055E,CHANCAY BAÑOS,CAJAMARCA,SANTA CRUZ,gfs,pp,20260825,20260923,"00Z,12Z",D1,6h,0.561,1.04,0.259,178,1.0,0.947,0.053,7,1.0,0.862,0.138,4,S/D,1.0,0.0,0,S/D,S/D,S/D,0
47E3055E,CHANCAY BAÑOS,CAJAMARCA,SANTA CRUZ,eta5,pp,20260825,20260923,"00Z,12Z",D1,6h,0.123,0.429,0.127,203,0.5,0.94,0.057,6,0.333,0.9,0.083,3,S/D,S/D,S/D,0,S/D,S/D,S/D,0
47E3055E,CHANCAY BAÑOS,CAJAMARCA,SANTA CRUZ,wrf5,pp,20260825,20260923,"00Z,12Z",D1,6h,0.045,0.599,0.158,232,0.375,0.812,0.143,8,0.25,0.8,0.125,4,S/D,1.0,0.0,0,S/D,S/D,S/D,0
47E3055E,CHANCAY BAÑOS,CAJAMARCA,SANTA CRUZ,mpas15,pp,20260825,20260923,00Z,D1,6h,0.797,1.83,0.151,118,0.75,0.923,0.075,4,1.0,0.935,0.065,2,S/D,1.0,0.0,0,S/D,S/D,S/D,0
47E1E358,PUENTE AMBAN,CAJAMARCA,SANTA CRUZ,ecmwf,pp,20260825,20260923,"00Z,12Z",D1,6h,0.682,1.617,0.037,232,0.5,0.984,0.015,4,1.0,0.951,0.049,2,S/D,1.0,0.0,0,S/D,S/D,S/D,0
47E1E358,PUENTE AMBAN,CAJAMARCA,SANTA CRUZ,gfs,pp,20260825,20260923,"00Z,12Z",D1,6h,0.133,0.485,0.124,175,0.5,0.957,0.041,4,1.0,0.5,0.5,2,S/D,1.0,0.0,0,S/D,S/D,S/D,0
47E1E358,PUENTE AMBAN,CAJAMARCA,SANTA CRUZ,eta5,pp,20260825,20260923,"00Z,12Z",D1,6h,0.231,0.579,0.012,199,0.333,0.982,0.017,3,1.0,0.944,0.056,1,S/D,S/D,S/D,0,S/D,S/D,S/D,0
47E1E358,PUENTE AMBAN,CAJAMARCA,SANTA CRUZ,wrf5,pp,20260825,20260923,"00Z,12Z",D1,6h,0.026,0.225,0.149,228,0.5,0.818,0.154,4,1.0,0.6,0.4,2,S/D,S/D,S/D,0,S/D,S/D,S/D,0
47E1E358,PUENTE AMBAN,CAJAMARCA,SANTA CRUZ,mpas15,pp,20260825,20260923,00Z,D1,6h,0.785,1.893,0.032,116,0.5,0.973,0.026,2,1.0,0.967,0.033,1,S/D,1.0,0.0,0,S/D,S/D,S/D,0
114132,POMACANCHI,CUSCO,ACOMAYO,ecmwf,pp,20260825,20260923,"00Z,12Z",D1,6h,0.314,0.754,0.36,234,0.9,0.788,0.207,20,0.333,0.943,0.051,6,S/D,1.0,0.0,0,S/D,S/D,S/D,0
114132,POMACANCHI,CUSCO,ACOMAYO,gfs,pp,20260825,20260923,"00Z,12Z",D1,6h,0.253,1.011,0.297,177,0.688,0.81,0.175,16,0.5,0.867,0.118,4,S/D,1.0,0.0,0,S/D,S/D,S/D,0
114132,POMACANCHI,CUSCO,ACOMAYO,eta5,pp,20260825,20260923,"00Z,12Z",D1,6h,0.054,0.302,0.269,201,0.5,0.796,0.169,20,0.333,0.5,0.25,6,S/D,S/D,S/D,0,S/D,S/D,S/D,0
114132,POMACANCHI,CUSCO,ACOMAYO,wrf5,pp,20260825,20260923,"00Z,12Z",D1,6h,0.084,0.567,0.415,230,0.55,0.633,0.282,20,0.167,0.889,0.071,6,S/D,1.0,0.0,0,S/D,S/D,S/D,0
114132,POMACANCHI,CUSCO,ACOMAYO,mpas15,pp,20260825,20260923,00Z,D1,6h,0.481,0.974,0.275,117,0.8,0.826,0.167,10,0.667,0.935,0.062,3,S/D,1.0,0.0,0,S/D,S/D,S/D,0
113252,ANCACHURO,CUSCO,ANTA,ecmwf,pp,20260825,20260923,"00Z,12Z",D1,6h,0.422,1.251,0.296,230,0.818,0.814,0.178,22,0.75,0.857,0.136,8,0.0,1.0,0.0,2,S/D,S/D,S/D,0
113252,ANCACHURO,CUSCO,ANTA,gfs,pp,20260825,20260923,"00Z,12Z",D1,6h,0.221,1.305,0.252,175,0.625,0.848,0.139,16,0.5,0.765,0.19,8,0.0,1.0,0.0,2,S/D,S/D,S/D,0
113252,ANCACHURO,CUSCO,ANTA,eta5,pp,20260825,20260923,"00Z,12Z",D1,6h,0.032,0.706,0.27,198,0.45,0.75,0.191,20,0.143,0.909,0.059,7,0.0,S/D,0.0,1,S/D,S/D,S/D,0
113252,ANCACHURO,CUSCO,ANTA,wrf5,pp,20260825,20260923,"00Z,12Z",D1,6h,-0.001,0.919,0.291,226,0.5,0.725,0.216,22,0.125,0.833,0.077,8,0.0,1.0,0.0,2,S/D,S/D,S/D,0
113252,ANCACHURO,CUSCO,ANTA,mpas15,pp,20260825,20260923,00Z,D1,6h,0.482,1.313,0.186,115,0.727,0.81,0.178,11,0.5,0.939,0.057,4,0.0,S/D,0.0,1,S/D,S/D,S/D,0
47294362,SORAYPAMPA,CUSCO,ANTA,ecmwf,pp,20260825,20260923,"00Z,12Z",D1,6h,S/D,S/D,S/D,0,S/D,S/D,S/D,0,S/D,S/D,S/D,0,S/D,S/D,S/D,0,S/D,S/D,S/D,0
47294362,SORAYPAMPA,CUSCO,ANTA,gfs,pp,20260825,20260923,"00Z,12Z",D1,6h,S/D,S/D,S/D,0,S/D,S/D,S/D,0,S/D,S/D,S/D,0,S/D,S/D,S/D,0,S/D,S/D,S/D,0
47294362,SORAYPAMPA,CUSCO,ANTA,eta5,pp,20260825,20260923,"00Z,12Z",D1,6h,S/D,S/D,S/D,0,S/D,S/D,S/D,0,S/D,S/D,S/D,0,S/D,S/D,S/D,0,S/D,S/D,S/D,0
47294362,SORAYPAMPA,CUSCO,ANTA,wrf5,pp,20260825,20260923,"00Z,12Z",D1,6h,S/D,S/D,S/D,0,S/D,S/D,S/D,0,S/D,S/D,S/D,0,S/D,S/D,S/D,0,S/D,S/D,S/D,0
47294362,SORAYPAMPA,CUSCO,ANTA,mpas15,pp,20260825,20260923,00Z,D1,6h,S/D,S/D,S/D,0,S/D,S/D,S/D,0,S/D,S/D,S/D,0,S/D,S/D,S/D,0,S/D,S/D,S/D,0
472976F8,CALCA,CUSCO,CALCA,ecmwf,pp,20260825,20260923,"00Z,12Z",D1,6h,0.594,1.23,0.275,220,0.9,0.825,0.171,20,0.0,1.0,0.0,2,S/D,1.0,0.0,0,S/D,S/D,S/D,0
472976F8,CALCA,CUSCO,CALCA,gfs,pp,20260825,20260923,"00Z,12Z",D1,6h,0.478,1.071,0.367,162,0.938,0.831,0.167,16,0.0,1.0,0.0,2,S/D,1.0,0.0,0,S/D,S/D,S/D,0
472976F8,CALCA,CUSCO,CALCA,eta5,pp,20260825,20260923,"00Z,12Z",D1,6h,-0.013,0.374,0.264,191,0.333,0.625,0.214,18,0.0,1.0,0.0,2,S/D,S/D,S/D,0,S/D,S/D,S/D,0
472976F8,CALCA,CUSCO,CALCA,wrf5,pp,20260825,20260923,"00Z,12Z",D1,6h,0.046,0.502,0.307,217,0.35,0.767,0.163,20,0.0,1.0,0.0,2,S/D,S/D,S/D,0,S/D,S/D,S/D,0
472976F8,CALCA,CUSCO,CALCA,mpas15,pp,20260825,20260923,00Z,D1,6h,0.48,0.955,0.224,110,0.8,0.805,0.186,10,1.0,0.971,0.029,1,S/D,S/D,S/D,0,S/D,S/D,S/D,0
472A6280,NUEVO PISAC,CUSCO,CALCA,ecmwf,pp,20260825,20260923,"00Z,12Z",D1,6h,S/D,S/D,S/D,0,S/D,S/D,S/D,0,S/D,S/D,S/D,0,S/D,S/D,S/D,0,S/D,S/D,S/D,0
472A6280,NUEVO PISAC,CUSCO,CALCA,gfs,pp,20260825,20260923,"00Z,12Z",D1,6h,S/D,S/D,S/D,0,S/D,S/D,S/D,0,S/D,S/D,S/D,0,S/D,S/D,S/D,0,S/D,S/D,S/D,0
472A6280,NUEVO PISAC,CUSCO,CALCA,eta5,pp,20260825,20260923,"00Z,12Z",D1,6h,S/D,S/D,S/D,0,S/D,S/D,S/D,0,S/D,S/D,S/D,0,S/D,S/D,S/D,0,S/D,S/D,S/D,0
472A6280,NUEVO PISAC,CUSCO,CALCA,wrf5,pp,20260825,20260923,"00Z,12Z",D1,6h,S/D,S/D,S/D,0,S/D,S/D,S/D,0,S/D,S/D,S/D,0,S/D,S/D,S/D,0,S/D,S/D,S/D,0
472A6280,NUEVO PISAC,CUSCO,CALCA,mpas15,pp,20260825,20260923,00Z,D1,6h,S/D,S/D,S/D,0,S/D,S/D,S/D,0,S/D,S/D,S/D,0,S/D,S/D,S/D,0,S/D,S/D,S/D,0
114126,PAYAPUNKU,CUSCO,CANAS,ecmwf,pp,20260825,20260923,"00Z,12Z",D1,6h,0.357,1.005,0.467,230,0.962,0.713,0.284,26,0.7,0.788,0.194,10,S/D,1.0,0.0,0,S/D,S/D,S/D,0
114126,PAYAPUNKU,CUSCO,CANAS,gfs,pp,20260825,20260923,"00Z,12Z",D1,6h,0.138,0.881,0.248,172,0.6,0.793,0.182,20,0.0,1.0,0.0,9,S/D,S/D,S/D,0,S/D,S/D,S/D,0
114126,PAYAPUNKU,CUSCO,CANAS,eta5,pp,20260825,20260923,"00Z,12Z",D1,6h,0.008,0.595,0.282,197,0.577,0.706,0.242,26,0.0,1.0,0.0,10,S/D,S/D,S/D,0,S/D,S/D,S/D,0
114126,PAYAPUNKU,CUSCO,CANAS,wrf5,pp,20260825,20260923,"00Z,12Z",D1,6h,0.138,1.213,0.308,227,0.417,0.75,0.185,24,0.0,1.0,0.0,9,S/D,1.0,0.0,0,S/D,S/D,S/D,0
114126,PAYAPUNKU,CUSCO,CANAS,mpas15,pp,20260825,20260923,00Z,D1,6h,0.342,1.021,0.367,115,0.846,0.686,0.297,13,0.6,0.87,0.12,5,S/D,1.0,0.0,0,S/D,S/D,S/D,0
114125,SAUSAYA,CUSCO,CANAS,ecmwf,pp,20260825,20260923,"00Z,12Z",D1,6h,0.462,1.057,0.374,218,0.938,0.828,0.17,16,0.75,0.914,0.083,4,S/D,1.0,0.0,0,S/D,S/D,S/D,0
114125,SAUSAYA,CUSCO,CANAS,gfs,pp,20260825,20260923,"00Z,12Z",D1,6h,0.279,0.86,0.206,162,0.692,0.842,0.148,13,0.333,0.933,0.059,3,S/D,S/D,S/D,0,S/D,S/D,S/D,0
114125,SAUSAYA,CUSCO,CANAS,eta5,pp,20260825,20260923,"00Z,12Z",D1,6h,0.275,0.776,0.256,189,0.75,0.818,0.171,16,0.5,0.895,0.095,4,S/D,S/D,S/D,0,S/D,S/D,S/D,0
114125,SAUSAYA,CUSCO,CANAS,wrf5,pp,20260825,20260923,"00Z,12Z",D1,6h,0.274,1.326,0.235,214,0.438,0.806,0.156,16,0.25,0.938,0.053,4,S/D,1.0,0.0,0,S/D,S/D,S/D,0
114125,SAUSAYA,CUSCO,CANAS,mpas15,pp,20260825,20260923,00Z,D1,6h,0.411,0.89,0.216,109,0.75,0.833,0.158,8,0.5,0.958,0.04,2,S/D,1.0,0.0,0,S/D,S/D,S/D,0
472E025C,QUISOQUEPINA,CUSCO,CANCHIS,ecmwf,pp,20260825,20260923,"00Z,12Z",D1,6h,S/D,S/D,S/D,0,S/D,S/D,S/D,0,S/D,S/D,S/D,0,S/D,S/D,S/D,0,S/D,S/D,S/D,0
472E025C,QUISOQUEPINA,CUSCO,CANCHIS,gfs,pp,20260825,20260923,"00Z,12Z",D1,6h,S/D,S/D,S/D,0,S/D,S/D,S/D,0,S/D,S/D,S/D,0,S/D,S/D,S/D,0,S/D,S/D,S/D,0
472E025C,QUISOQUEPINA,CUSCO,CANCHIS,eta5,pp,20260825,20260923,"00Z,12Z",D1,6h,S/D,S/D,S/D,0,S/D,S/D,S/D,0,S/D,S/D,S/D,0,S/D,S/D,S/D,0,S/D,S/D,S/D,0
472E025C,QUISOQUEPINA,CUSCO,CANCHIS,wrf5,pp,20260825,20260923,"00Z,12Z",D1,6h,S/D,S/D,S/D,0,S/D,S/D,S/D,0,S/D,S/D,S/D,0,S/D,S/D,S/D,0,S/D,S/D,S/D,0
472E025C,QUISOQUEPINA,CUSCO,CANCHIS,mpas15,pp,20260825,20260923,00Z,D1,6h,S/D,S/D,S/D,0,S/D,S/D,S/D,0,S/D,S/D,S/D,0,S/D,S/D,S/D,0,S/D,S/D,S/D,0
114118,SALCCA,CUSCO,CANCHIS,ecmwf,pp,20260825,20260923,"00Z,12Z",D1,6h,0.248,0.982,0.356,234,0.889,0.816,0.18,18,0.6,0.769,0.2,10,S/D,1.0,0.0,0,S/D,S/D,S/D,0
114118,SALCCA,CUSCO,CANCHIS,gfs,pp,20260825,20260923,"00Z,12Z",D1,6h,0.12,0.9,0.281,176,0.714,0.815,0.172,14,0.125,0.923,0.05,8,S/D,1.0,0.0,0,S/D,S/D,S/D,0
114118,SALCCA,CUSCO,CANCHIS,eta5,pp,20260825,20260923,"00Z,12Z",D1,6h,0.039,0.698,0.291,201,0.667,0.797,0.185,18,0.1,0.889,0.056,10,S/D,S/D,S/D,0,S/D,S/D,S/D,0
114118,SALCCA,CUSCO,CANCHIS,wrf5,pp,20260825,20260923,"00Z,12Z",D1,6h,0.095,0.85,0.356,230,0.722,0.698,0.271,18,0.3,0.75,0.158,10,S/D,1.0,0.0,0,S/D,S/D,S/D,0
114118,SALCCA,CUSCO,CANCHIS,mpas15,pp,20260825,20260923,00Z,D1,6h,0.396,1.149,0.278,117,0.889,0.795,0.2,9,1.0,0.828,0.172,5,S/D,1.0,0.0,0,S/D,S/D,S/D,0
47E8B578,SIBINACOCHA,CUSCO,CANCHIS,ecmwf,pp,20260825,20260923,"00Z,12Z",D1,6h,0.086,0.632,0.526,232,0.87,0.556,0.417,46,0.312,0.667,0.192,16,S/D,S/D,S/D,0,S/D,S/D,S/D,0
47E8B578,SIBINACOCHA,CUSCO,CANCHIS,gfs,pp,20260825,20260923,"00Z,12Z",D1,6h,0.542,1.381,0.459,174,0.844,0.658,0.321,32,0.667,0.778,0.2,12,S/D,1.0,0.0,0,S/D,S/D,S/D,0
47E8B578,SIBINACOCHA,CUSCO,CANCHIS,eta5,pp,20260825,20260923,"00Z,12Z",D1,6h,-0.129,0.563,0.257,199,0.289,0.594,0.203,45,0.125,0.5,0.111,16,S/D,S/D,S/D,0,S/D,S/D,S/D,0
47E8B578,SIBINACOCHA,CUSCO,CANCHIS,wrf5,pp,20260825,20260923,"00Z,12Z",D1,6h,0.051,0.817,0.362,229,0.409,0.571,0.265,44,0.25,0.733,0.148,16,S/D,1.0,0.0,0,S/D,S/D,S/D,0
47E8B578,SIBINACOCHA,CUSCO,CANCHIS,mpas15,pp,20260825,20260923,00Z,D1,6h,0.443,0.967,0.512,116,0.913,0.523,0.457,23,0.875,0.8,0.194,8,S/D,S/D,S/D,0,S/D,S/D,S/D,0
4726158C,SICUANI,CUSCO,CANCHIS,ecmwf,pp,20260825,20260923,"00Z,12Z",D1,6h,0.312,1.008,0.205,214,0.75,0.925,0.073,8,0.0,1.0,0.0,2,S/D,1.0,0.0,0,S/D,S/D,S/D,0
4726158C,SICUANI,CUSCO,CANCHIS,gfs,pp,20260825,20260923,"00Z,12Z",D1,6h,0.222,0.729,0.281,159,1.0,0.872,0.128,6,1.0,0.909,0.091,1,S/D,1.0,0.0,0,S/D,S/D,S/D,0
4726158C,SICUANI,CUSCO,CANCHIS,eta5,pp,20260825,20260923,"00Z,12Z",D1,6h,0.172,0.417,0.229,183,0.625,0.914,0.082,8,0.5,0.917,0.077,2,S/D,S/D,S/D,0,S/D,S/D,S/D,0
4726158C,SICUANI,CUSCO,CANCHIS,wrf5,pp,20260825,20260923,"00Z,12Z",D1,6h,0.178,1.032,0.343,210,0.75,0.76,0.222,8,1.0,0.667,0.333,2,S/D,1.0,0.0,0,S/D,S/D,S/D,0
4726158C,SICUANI,CUSCO,CANCHIS,mpas15,pp,20260825,20260923,00Z,D1,6h,0.426,0.897,0.154,107,0.75,0.914,0.083,4,1.0,0.96,0.04,1,S/D,S/D,S/D,0,S/D,S/D,S/D,0
114123,MARCA CUNKA,CUSCO,CHUMBIVILCAS,ecmwf,pp,20260825,20260923,"00Z,12Z",D1,6h,0.247,0.845,0.454,230,0.867,0.698,0.289,30,0.45,0.64,0.25,20,S/D,1.0,0.0,0,S/D,S/D,S/D,0
114123,MARCA CUNKA,CUSCO,CHUMBIVILCAS,gfs,pp,20260825,20260923,"00Z,12Z",D1,6h,0.196,0.848,0.337,173,0.92,0.739,0.256,25,0.312,0.8,0.139,16,S/D,S/D,S/D,0,S/D,S/D,S/D,0
114123,MARCA CUNKA,CUSCO,CHUMBIVILCAS,eta5,pp,20260825,20260923,"00Z,12Z",D1,6h,0.029,0.7,0.395,197,0.852,0.652,0.329,27,0.111,0.833,0.071,18,S/D,S/D,S/D,0,S/D,S/D,S/D,0
114123,MARCA CUNKA,CUSCO,CHUMBIVILCAS,wrf5,pp,20260825,20260923,"00Z,12Z",D1,6h,0.184,1.66,0.42,227,0.607,0.679,0.266,28,0.222,0.789,0.121,18,S/D,1.0,0.0,0,S/D,S/D,S/D,0
114123,MARCA CUNKA,CUSCO,CHUMBIVILCAS,mpas15,pp,20260825,20260923,00Z,D1,6h,0.51,1.227,0.363,115,0.8,0.714,0.267,15,0.8,0.75,0.235,10,S/D,1.0,0.0,0,S/D,S/D,S/D,0
4729A090,SANTO TOMAS,CUSCO,CHUMBIVILCAS,ecmwf,pp,20260825,20260923,"00Z,12Z",D1,6h,0.145,0.573,0.48,196,0.929,0.644,0.347,28,0.571,0.529,0.348,14,S/D,S/D,S/D,0,S/D,S/D,S/D,0
4729A090,SANTO TOMAS,CUSCO,CHUMBIVILCAS,gfs,pp,20260825,20260923,"00Z,12Z",D1,6h,0.17,0.82,0.307,139,0.864,0.74,0.25,22,0.25,0.864,0.097,12,S/D,S/D,S/D,0,S/D,S/D,S/D,0
4729A090,SANTO TOMAS,CUSCO,CHUMBIVILCAS,eta5,pp,20260825,20260923,"00Z,12Z",D1,6h,0.022,0.624,0.408,170,0.76,0.612,0.345,25,0.0,1.0,0.0,12,S/D,S/D,S/D,0,S/D,S/D,S/D,0
4729A090,SANTO TOMAS,CUSCO,CHUMBIVILCAS,wrf5,pp,20260825,20260923,"00Z,12Z",D1,6h,0.062,1.401,0.431,192,0.28,0.741,0.156,25,0.0,1.0,0.0,12,S/D,1.0,0.0,0,S/D,S/D,S/D,0
4729A090,SANTO TOMAS,CUSCO,CHUMBIVILCAS,mpas15,pp,20260825,20260923,00Z,D1,6h,0.539,1.264,0.426,98,0.929,0.667,0.325,14,1.0,0.75,0.25,7,S/D,1.0,0.0,0,S/D,S/D,S/D,0
114124,HUAYHUAHUASI,CUSCO,ESPINAR,ecmwf,pp,20260825,20260923,"00Z,12Z",D1,6h,0.263,1.09,0.362,232,1.0,0.813,0.187,14,0.5,0.875,0.111,6,0.0,1.0,0.0,2,S/D,S/D,S/D,0
114124,HUAYHUAHUASI,CUSCO,ESPINAR,gfs,pp,20260825,20260923,"00Z,12Z",D1,6h,0.383,1.093,0.268,175,1.0,0.868,0.132,10,0.25,0.964,0.032,4,0.0,1.0,0.0,1,S/D,S/D,S/D,0
114124,HUAYHUAHUASI,CUSCO,ESPINAR,eta5,pp,20260825,20260923,"00Z,12Z",D1,6h,0.152,0.891,0.292,199,0.714,0.836,0.154,14,0.333,0.882,0.095,6,0.0,S/D,0.0,2,S/D,S/D,S/D,0
114124,HUAYHUAHUASI,CUSCO,ESPINAR,wrf5,pp,20260825,20260923,"00Z,12Z",D1,6h,0.276,1.161,0.256,228,0.667,0.852,0.138,12,0.4,0.923,0.069,5,0.5,0.667,0.25,2,S/D,S/D,S/D,0
114124,HUAYHUAHUASI,CUSCO,ESPINAR,mpas15,pp,20260825,20260923,00Z,D1,6h,0.334,1.088,0.349,116,1.0,0.8,0.2,7,1.0,0.885,0.115,3,0.0,S/D,0.0,1,S/D,S/D,S/D,0
47E880E2,PICHARI,CUSCO,LA CONVENCION,ecmwf,pp,20260825,20260923,"00Z,12Z",D1,6h,1.425,6.371,0.407,232,0.975,0.787,0.212,40,1.0,0.81,0.19,26,0.417,0.889,0.096,12,0.0,S/D,0.0,4
47E880E2,PICHARI,CUSCO,LA CONVENCION,gfs,pp,20260825,20260923,"00Z,12Z",D1,6h,-0.003,6.683,0.336,174,0.966,0.81,0.189,29,0.9,0.798,0.198,20,0.0,1.0,0.0,10,0.0,S/D,0.0,4
47E880E2,PICHARI,CUSCO,LA CONVENCION,eta5,pp,20260825,20260923,"00Z,12Z",D1,6h,-0.247,6.452,0.066,199,0.639,0.808,0.173,36,0.455,0.846,0.13,22,0.1,0.917,0.048,10,0.0,S/D,0.0,4
47E880E2,PICHARI,CUSCO,LA CONVENCION,wrf5,pp,20260825,20260923,"00Z,12Z",D1,6h,-0.705,6.534,0.317,229,0.513,0.592,0.294,39,0.192,0.737,0.125,26,0.0,1.0,0.0,12,0.0,1.0,0.0,4
47E880E2,PICHARI,CUSCO,LA CONVENCION,mpas15,pp,20260825,20260923,00Z,D1,6h,0.168,5.888,0.273,116,0.8,0.746,0.239,20,0.846,0.8,0.193,13,0.0,1.0,0.0,6,0.0,S/D,0.0,2
112264,PONGO DE MAINIQUE,CUSCO,LA CONVENCION,ecmwf,pp,20260825,20260923,"00Z,12Z",D1,6h,-0.116,5.686,0.369,232,0.812,0.629,0.342,48,0.45,0.833,0.138,20,0.125,0.846,0.074,16,0.0,1.0,0.0,4
112264,PONGO DE MAINIQUE,CUSCO,LA CONVENCION,gfs,pp,20260825,20260923,"00Z,12Z",D1,6h,0.071,5.392,0.328,174,0.806,0.691,0.287,36,0.6,0.836,0.148,15,0.5,0.7,0.231,12,0.0,S/D,0.0,4
112264,PONGO DE MAINIQUE,CUSCO,LA CONVENCION,eta5,pp,20260825,20260923,"00Z,12Z",D1,6h,-0.903,5.469,0.146,199,0.533,0.692,0.242,45,0.263,0.853,0.104,19,0.067,0.0,0.067,15,0.0,S/D,0.0,4
112264,PONGO DE MAINIQUE,CUSCO,LA CONVENCION,wrf5,pp,20260825,20260923,"00Z,12Z",D1,6h,-0.73,5.513,0.324,228,0.426,0.574,0.27,47,0.2,0.818,0.105,20,0.0,1.0,0.0,16,0.0,S/D,0.0,4
112264,PONGO DE MAINIQUE,CUSCO,LA CONVENCION,mpas15,pp,20260825,20260923,00Z,D1,6h,-0.122,5.309,0.302,116,0.667,0.628,0.314,24,0.7,0.821,0.167,10,0.0,1.0,0.0,8,0.0,S/D,0.0,2
4729658E,SAN PABLO,CUSCO,LA CONVENCION,ecmwf,pp,20260825,20260923,"00Z,12Z",D1,6h,1.914,3.516,0.134,226,0.972,0.819,0.18,36,0.688,0.92,0.077,16,0.125,0.971,0.024,8,S/D,S/D,S/D,0
4729658E,SAN PABLO,CUSCO,LA CONVENCION,gfs,pp,20260825,20260923,"00Z,12Z",D1,6h,1.087,2.562,0.265,168,0.963,0.803,0.195,27,0.636,0.897,0.097,11,0.0,1.0,0.0,6,S/D,S/D,S/D,0
4729658E,SAN PABLO,CUSCO,LA CONVENCION,eta5,pp,20260825,20260923,"00Z,12Z",D1,6h,0.407,1.68,0.125,194,0.656,0.798,0.183,32,0.5,0.868,0.117,14,0.0,S/D,0.0,6,S/D,S/D,S/D,0
4729658E,SAN PABLO,CUSCO,LA CONVENCION,wrf5,pp,20260825,20260923,"00Z,12Z",D1,6h,-0.084,1.638,0.371,224,0.571,0.643,0.282,35,0.188,0.812,0.103,16,0.0,1.0,0.0,8,S/D,S/D,S/D,0
4729658E,SAN PABLO,CUSCO,LA CONVENCION,mpas15,pp,20260825,20260923,00Z,D1,6h,1.464,3.193,0.229,113,0.778,0.77,0.215,18,0.75,0.885,0.111,8,0.25,0.917,0.067,4,S/D,S/D,S/D,0
4722A338,ACJANACO ,CUSCO,PAUCARTAMBO,ecmwf,pp,20260825,20260923,"00Z,12Z",D1,6h,0.435,2.481,0.304,230,0.762,0.57,0.379,80,0.553,0.781,0.186,38,0.2,0.75,0.125,10,S/D,S/D,S/D,0
4722A338,ACJANACO ,CUSCO,PAUCARTAMBO,gfs,pp,20260825,20260923,"00Z,12Z",D1,6h,0.488,2.256,0.36,173,0.952,0.535,0.455,63,0.667,0.688,0.27,30,0.143,0.889,0.067,7,S/D,S/D,S/D,0
4722A338,ACJANACO ,CUSCO,PAUCARTAMBO,eta5,pp,20260825,20260923,"00Z,12Z",D1,6h,-0.786,2.47,0.131,197,0.2,0.5,0.167,75,0.026,0.667,0.025,38,0.0,S/D,0.0,10,S/D,S/D,S/D,0
4722A338,ACJANACO ,CUSCO,PAUCARTAMBO,wrf5,pp,20260825,20260923,"00Z,12Z",D1,6h,0.289,3.268,0.303,227,0.623,0.529,0.366,77,0.417,0.746,0.188,36,0.1,0.909,0.05,10,S/D,1.0,0.0,0
4722A338,ACJANACO ,CUSCO,PAUCARTAMBO,mpas15,pp,20260825,20260923,00Z,D1,6h,0.567,2.168,0.313,115,0.725,0.547,0.387,40,0.684,0.768,0.21,19,0.4,0.75,0.182,5,S/D,S/D,S/D,0
210007,PAUCARTAMBO,CUSCO,PAUCARTAMBO,ecmwf,pp,20260825,20260923,"00Z,12Z",D1,6h,S/D,S/D,S/D,0,S/D,S/D,S/D,0,S/D,S/D,S/D,0,S/D,S/D,S/D,0,S/D,S/D,S/D,0
210007,PAUCARTAMBO,CUSCO,PAUCARTAMBO,gfs,pp,20260825,20260923,"00Z,12Z",D1,6h,S/D,S/D,S/D,0,S/D,S/D,S/D,0,S/D,S/D,S/D,0,S/D,S/D,S/D,0,S/D,S/D,S/D,0
210007,PAUCARTAMBO,CUSCO,PAUCARTAMBO,eta5,pp,20260825,20260923,"00Z,12Z",D1,6h,S/D,S/D,S/D,0,S/D,S/D,S/D,0,S/D,S/D,S/D,0,S/D,S/D,S/D,0,S/D,S/D,S/D,0
210007,PAUCARTAMBO,CUSCO,PAUCARTAMBO,wrf5,pp,20260825,20260923,"00Z,12Z",D1,6h,S/D,S/D,S/D,0,S/D,S/D,S/D,0,S/D,S/D,S/D,0,S/D,S/D,S/D,0,S/D,S/D,S/D,0
210007,PAUCARTAMBO,CUSCO,PAUCARTAMBO,mpas15,pp,20260825,20260923,00Z,D1,6h,S/D,S/D,S/D,0,S/D,S/D,S/D,0,S/D,S/D,S/D,0,S/D,S/D,S/D,0,S/D,S/D,S/D,0
113247,ASHANAKU,CUSCO,QUISPICANCHI,ecmwf,pp,20260825,20260923,"00Z,12Z",D1,6h,0.237,1.926,0.304,230,0.808,0.806,0.186,26,0.667,0.7,0.261,18,0.167,0.75,0.111,6,S/D,S/D,S/D,0
113247,ASHANAKU,CUSCO,QUISPICANCHI,gfs,pp,20260825,20260923,"00Z,12Z",D1,6h,0.129,2.164,0.279,173,0.9,0.818,0.178,20,0.286,0.826,0.121,14,0.0,1.0,0.0,5,S/D,S/D,S/D,0
113247,ASHANAKU,CUSCO,QUISPICANCHI,eta5,pp,20260825,20260923,"00Z,12Z",D1,6h,-0.364,1.935,0.272,197,0.24,0.76,0.136,25,0.0,1.0,0.0,17,0.0,S/D,0.0,6,S/D,S/D,S/D,0
113247,ASHANAKU,CUSCO,QUISPICANCHI,wrf5,pp,20260825,20260923,"00Z,12Z",D1,6h,-0.138,1.945,0.358,227,0.36,0.69,0.2,25,0.176,0.786,0.107,17,0.0,1.0,0.0,5,S/D,S/D,S/D,0
113247,ASHANAKU,CUSCO,QUISPICANCHI,mpas15,pp,20260825,20260923,00Z,D1,6h,0.03,1.769,0.321,115,0.769,0.756,0.227,13,0.778,0.781,0.206,9,0.0,S/D,0.0,3,S/D,S/D,S/D,0
113254,QUINCEMIL,CUSCO,QUISPICANCHI,ecmwf,pp,20260825,20260923,"00Z,12Z",D1,6h,1.407,3.482,S/D,234,S/D,1.0,0.0,0,S/D,1.0,0.0,0,S/D,1.0,0.0,0,S/D,1.0,0.0,0
113254,QUINCEMIL,CUSCO,QUISPICANCHI,gfs,pp,20260825,20260923,"00Z,12Z",D1,6h,1.222,2.646,S/D,177,S/D,1.0,0.0,0,S/D,1.0,0.0,0,S/D,1.0,0.0,0,S/D,S/D,S/D,0
113254,QUINCEMIL,CUSCO,QUISPICANCHI,eta5,pp,20260825,20260923,"00Z,12Z",D1,6h,0.595,1.19,S/D,202,S/D,1.0,0.0,0,S/D,1.0,0.0,0,S/D,S/D,S/D,0,S/D,S/D,S/D,0
113254,QUINCEMIL,CUSCO,QUISPICANCHI,wrf5,pp,20260825,20260923,"00Z,12Z",D1,6h,0.763,3.493,S/D,230,S/D,1.0,0.0,0,S/D,1.0,0.0,0,S/D,1.0,0.0,0,S/D,1.0,0.0,0
113254,QUINCEMIL,CUSCO,QUISPICANCHI,mpas15,pp,20260825,20260923,00Z,D1,6h,2.411,4.77,S/D,117,S/D,1.0,0.0,0,S/D,1.0,0.0,0,S/D,1.0,0.0,0,S/D,S/D,S/D,0
472A9204,CHILCA,CUSCO,URUBAMBA,ecmwf,pp,20260825,20260923,"00Z,12Z",D1,6h,0.367,0.769,0.382,230,0.846,0.798,0.195,26,0.75,0.854,0.14,8,S/D,1.0,0.0,0,S/D,S/D,S/D,0
472A9204,CHILCA,CUSCO,URUBAMBA,gfs,pp,20260825,20260923,"00Z,12Z",D1,6h,0.48,1.242,0.291,173,0.905,0.821,0.176,21,0.571,0.857,0.129,7,S/D,1.0,0.0,0,S/D,S/D,S/D,0
472A9204,CHILCA,CUSCO,URUBAMBA,eta5,pp,20260825,20260923,"00Z,12Z",D1,6h,0.019,0.48,0.018,198,0.391,0.842,0.127,23,0.286,0.667,0.182,7,S/D,S/D,S/D,0,S/D,S/D,S/D,0
472A9204,CHILCA,CUSCO,URUBAMBA,wrf5,pp,20260825,20260923,"00Z,12Z",D1,6h,0.096,0.674,0.421,226,0.72,0.571,0.367,25,0.25,0.846,0.105,8,S/D,1.0,0.0,0,S/D,S/D,S/D,0
472A9204,CHILCA,CUSCO,URUBAMBA,mpas15,pp,20260825,20260923,00Z,D1,6h,0.604,1.212,0.095,115,0.692,0.824,0.164,13,0.25,0.975,0.023,4,S/D,S/D,S/D,0,S/D,S/D,S/D,0
4727C11E,HUAYLLABAMBA,CUSCO,URUBAMBA,ecmwf,pp,20260825,20260923,"00Z,12Z",D1,6h,S/D,S/D,S/D,0,S/D,S/D,S/D,0,S/D,S/D,S/D,0,S/D,S/D,S/D,0,S/D,S/D,S/D,0
4727C11E,HUAYLLABAMBA,CUSCO,URUBAMBA,gfs,pp,20260825,20260923,"00Z,12Z",D1,6h,S/D,S/D,S/D,0,S/D,S/D,S/D,0,S/D,S/D,S/D,0,S/D,S/D,S/D,0,S/D,S/D,S/D,0
4727C11E,HUAYLLABAMBA,CUSCO,URUBAMBA,eta5,pp,20260825,20260923,"00Z,12Z",D1,6h,S/D,S/D,S/D,0,S/D,S/D,S/D,0,S/D,S/D,S/D,0,S/D,S/D,S/D,0,S/D,S/D,S/D,0
4727C11E,HUAYLLABAMBA,CUSCO,URUBAMBA,wrf5,pp,20260825,20260923,"00Z,12Z",D1,6h,S/D,S/D,S/D,0,S/D,S/D,S/D,0,S/D,S/D,S/D,0,S/D,S/D,S/D,0,S/D,S/D,S/D,0
4727C11E,HUAYLLABAMBA,CUSCO,URUBAMBA,mpas15,pp,20260825,20260923,00Z,D1,6h,S/D,S/D,S/D,0,S/D,S/D,S/D,0,S/D,S/D,S/D,0,S/D,S/D,S/D,0,S/D,S/D,S/D,0
472935F2,INTIHUATANA H,CUSCO,URUBAMBA,ecmwf,pp,20260825,20260923,"00Z,12Z",D1,6h,S/D,S/D,S/D,0,S/D,S/D,S/D,0,S/D,S/D,S/D,0,S/D,S/D,S/D,0,S/D,S/D,S/D,0
472935F2,INTIHUATANA H,CUSCO,URUBAMBA,gfs,pp,20260825,20260923,"00Z,12Z",D1,6h,S/D,S/D,S/D,0,S/D,S/D,S/D,0,S/D,S/D,S/D,0,S/D,S/D,S/D,0,S/D,S/D,S/D,0
472935F2,INTIHUATANA H,CUSCO,URUBAMBA,eta5,pp,20260825,20260923,"00Z,12Z",D1,6h,S/D,S/D,S/D,0,S/D,S/D,S/D,0,S/D,S/D,S/D,0,S/D,S/D,S/D,0,S/D,S/D,S/D,0
472935F2,INTIHUATANA H,CUSCO,URUBAMBA,wrf5,pp,20260825,20260923,"00Z,12Z",D1,6h,S/D,S/D,S/D,0,S/D,S/D,S/D,0,S/D,S/D,S/D,0,S/D,S/D,S/D,0,S/D,S/D,S/D,0
472935F2,INTIHUATANA H,CUSCO,URUBAMBA,mpas15,pp,20260825,20260923,00Z,D1,6h,S/D,S/D,S/D,0,S/D,S/D,S/D,0,S/D,S/D,S/D,0,S/D,S/D,S/D,0,S/D,S/D,S/D,0
472852EE,INTIHUATANA M,CUSCO,URUBAMBA,ecmwf,pp,20260825,20260923,"00Z,12Z",D1,6h,0.006,1.806,0.341,232,0.742,0.646,0.315,62,0.382,0.698,0.203,34,0.0,S/D,0.0,10,S/D,S/D,S/D,0
472852EE,INTIHUATANA M,CUSCO,URUBAMBA,gfs,pp,20260825,20260923,"00Z,12Z",D1,6h,0.301,1.803,0.341,174,0.936,0.659,0.333,47,0.625,0.722,0.238,24,0.111,0.75,0.083,9,S/D,S/D,S/D,0
472852EE,INTIHUATANA M,CUSCO,URUBAMBA,eta5,pp,20260825,20260923,"00Z,12Z",D1,6h,-0.184,1.86,0.281,200,0.611,0.633,0.297,54,0.333,0.643,0.208,30,0.0,S/D,0.0,9,S/D,S/D,S/D,0
472852EE,INTIHUATANA M,CUSCO,URUBAMBA,wrf5,pp,20260825,20260923,"00Z,12Z",D1,6h,0.441,2.879,0.367,229,0.733,0.556,0.383,60,0.455,0.694,0.224,33,0.2,0.846,0.095,10,S/D,S/D,S/D,0
472852EE,INTIHUATANA M,CUSCO,URUBAMBA,mpas15,pp,20260825,20260923,00Z,D1,6h,0.756,2.367,0.266,116,0.71,0.621,0.328,31,0.824,0.736,0.25,17,0.2,0.8,0.111,5,S/D,S/D,S/D,0
472897F0,MACHUPICCHU,CUSCO,URUBAMBA,ecmwf,pp,20260825,20260923,"00Z,12Z",D1,6h,-0.077,1.514,0.41,200,0.786,0.564,0.389,56,0.3,0.586,0.211,40,0.0,S/D,0.0,4,S/D,S/D,S/D,0
472897F0,MACHUPICCHU,CUSCO,URUBAMBA,gfs,pp,20260825,20260923,"00Z,12Z",D1,6h,0.135,1.792,0.351,142,0.881,0.626,0.356,42,0.433,0.606,0.26,30,0.25,0.75,0.143,4,S/D,S/D,S/D,0
472897F0,MACHUPICCHU,CUSCO,URUBAMBA,eta5,pp,20260825,20260923,"00Z,12Z",D1,6h,-0.179,1.554,0.279,171,0.625,0.605,0.319,48,0.306,0.577,0.216,36,0.0,S/D,0.0,4,S/D,S/D,S/D,0
472897F0,MACHUPICCHU,CUSCO,URUBAMBA,wrf5,pp,20260825,20260923,"00Z,12Z",D1,6h,0.305,2.673,0.356,197,0.673,0.532,0.381,55,0.359,0.641,0.219,39,0.25,0.889,0.083,4,S/D,S/D,S/D,0
472897F0,MACHUPICCHU,CUSCO,URUBAMBA,mpas15,pp,20260825,20260923,00Z,D1,6h,0.533,2.125,0.193,100,0.643,0.591,0.333,28,0.65,0.675,0.277,20,0.0,1.0,0.0,2,S/D,S/D,S/D,0
4729950A,PACAYMAYO,CUSCO,URUBAMBA,ecmwf,pp,20260825,20260923,"00Z,12Z",D1,6h,S/D,S/D,S/D,0,S/D,S/D,S/D,0,S/D,S/D,S/D,0,S/D,S/D,S/D,0,S/D,S/D,S/D,0
4729950A,PACAYMAYO,CUSCO,URUBAMBA,gfs,pp,20260825,20260923,"00Z,12Z",D1,6h,S/D,S/D,S/D,0,S/D,S/D,S/D,0,S/D,S/D,S/D,0,S/D,S/D,S/D,0,S/D,S/D,S/D,0
4729950A,PACAYMAYO,CUSCO,URUBAMBA,eta5,pp,20260825,20260923,"00Z,12Z",D1,6h,S/D,S/D,S/D,0,S/D,S/D,S/D,0,S/D,S/D,S/D,0,S/D,S/D,S/D,0,S/D,S/D,S/D,0
4729950A,PACAYMAYO,CUSCO,URUBAMBA,wrf5,pp,20260825,20260923,"00Z,12Z",D1,6h,S/D,S/D,S/D,0,S/D,S/D,S/D,0,S/D,S/D,S/D,0,S/D,S/D,S/D,0,S/D,S/D,S/D,0
4729950A,PACAYMAYO,CUSCO,URUBAMBA,mpas15,pp,20260825,20260923,00Z,D1,6h,S/D,S/D,S/D,0,S/D,S/D,S/D,0,S/D,S/D,S/D,0,S/D,S/D,S/D,0,S/D,S/D,S/D,0
113255,URUBAMBA,CUSCO,URUBAMBA,ecmwf,pp,20260825,20260923,"00Z,12Z",D1,6h,S/D,S/D,S/D,0,S/D,S/D,S/D,0,S/D,S/D,S/D,0,S/D,S/D,S/D,0,S/D,S/D,S/D,0
113255,URUBAMBA,CUSCO,URUBAMBA,gfs,pp,20260825,20260923,"00Z,12Z",D1,6h,S/D,S/D,S/D,0,S/D,S/D,S/D,0,S/D,S/D,S/D,0,S/D,S/D,S/D,0,S/D,S/D,S/D,0
113255,URUBAMBA,CUSCO,URUBAMBA,eta5,pp,20260825,20260923,"00Z,12Z",D1,6h,S/D,S/D,S/D,0,S/D,S/D,S/D,0,S/D,S/D,S/D,0,S/D,S/D,S/D,0,S/D,S/D,S/D,0
113255,URUBAMBA,CUSCO,URUBAMBA,wrf5,pp,20260825,20260923,"00Z,12Z",D1,6h,S/D,S/D,S/D,0,S/D,S/D,S/D,0,S/D,S/D,S/D,0,S/D,S/D,S/D,0,S/D,S/D,S/D,0
113255,URUBAMBA,CUSCO,URUBAMBA,mpas15,pp,20260825,20260923,00Z,D1,6h,S/D,S/D,S/D,0,S/D,S/D,S/D,0,S/D,S/D,S/D,0,S/D,S/D,S/D,0,S/D,S/D,S/D,0
4720CDF8,COCHAMARCA,HUANCAVELICA,CASTROVIRREYNA,ecmwf,pp,20260825,20260923,"00Z,12Z",D1,6h,S/D,S/D,S/D,0,S/D,S/D,S/D,0,S/D,S/D,S/D,0,S/D,S/D,S/D,0,S/D,S/D,S/D,0
4720CDF8,COCHAMARCA,HUANCAVELICA,CASTROVIRREYNA,gfs,pp,20260825,20260923,"00Z,12Z",D1,6h,S/D,S/D,S/D,0,S/D,S/D,S/D,0,S/D,S/D,S/D,0,S/D,S/D,S/D,0,S/D,S/D,S/D,0
4720CDF8,COCHAMARCA,HUANCAVELICA,CASTROVIRREYNA,eta5,pp,20260825,20260923,"00Z,12Z",D1,6h,S/D,S/D,S/D,0,S/D,S/D,S/D,0,S/D,S/D,S/D,0,S/D,S/D,S/D,0,S/D,S/D,S/D,0
4720CDF8,COCHAMARCA,HUANCAVELICA,CASTROVIRREYNA,wrf5,pp,20260825,20260923,"00Z,12Z",D1,6h,S/D,S/D,S/D,0,S/D,S/D,S/D,0,S/D,S/D,S/D,0,S/D,S/D,S/D,0,S/D,S/D,S/D,0
4720CDF8,COCHAMARCA,HUANCAVELICA,CASTROVIRREYNA,mpas15,pp,20260825,20260923,00Z,D1,6h,S/D,S/D,S/D,0,S/D,S/D,S/D,0,S/D,S/D,S/D,0,S/D,S/D,S/D,0,S/D,S/D,S/D,0
47292684,HUACHOS,HUANCAVELICA,CASTROVIRREYNA,ecmwf,pp,20260825,20260923,"00Z,12Z",D1,6h,0.19,0.518,S/D,232,S/D,1.0,0.0,0,S/D,1.0,0.0,0,S/D,S/D,S/D,0,S/D,S/D,S/D,0
47292684,HUACHOS,HUANCAVELICA,CASTROVIRREYNA,gfs,pp,20260825,20260923,"00Z,12Z",D1,6h,0.11,0.377,S/D,173,S/D,1.0,0.0,0,S/D,1.0,0.0,0,S/D,S/D,S/D,0,S/D,S/D,S/D,0
47292684,HUACHOS,HUANCAVELICA,CASTROVIRREYNA,eta5,pp,20260825,20260923,"00Z,12Z",D1,6h,0.011,0.059,S/D,199,S/D,1.0,0.0,0,S/D,S/D,S/D,0,S/D,S/D,S/D,0,S/D,S/D,S/D,0
47292684,HUACHOS,HUANCAVELICA,CASTROVIRREYNA,wrf5,pp,20260825,20260923,"00Z,12Z",D1,6h,0.019,0.123,S/D,228,S/D,1.0,0.0,0,S/D,1.0,0.0,0,S/D,S/D,S/D,0,S/D,S/D,S/D,0
47292684,HUACHOS,HUANCAVELICA,CASTROVIRREYNA,mpas15,pp,20260825,20260923,00Z,D1,6h,0.136,0.413,S/D,116,S/D,1.0,0.0,0,S/D,1.0,0.0,0,S/D,S/D,S/D,0,S/D,S/D,S/D,0
472722EC,HUANCAVELICA,HUANCAVELICA,HUANCAVELICA,ecmwf,pp,20260825,20260923,"00Z,12Z",D1,6h,0.525,1.7,0.478,234,0.833,0.609,0.362,60,0.714,0.818,0.169,14,0.0,1.0,0.0,4,S/D,S/D,S/D,0
472722EC,HUANCAVELICA,HUANCAVELICA,HUANCAVELICA,gfs,pp,20260825,20260923,"00Z,12Z",D1,6h,1.011,2.633,0.448,176,0.917,0.621,0.367,48,0.769,0.796,0.192,13,0.0,1.0,0.0,3,S/D,S/D,S/D,0
472722EC,HUANCAVELICA,HUANCAVELICA,HUANCAVELICA,eta5,pp,20260825,20260923,"00Z,12Z",D1,6h,-0.1,0.928,0.488,201,0.667,0.463,0.424,54,0.214,0.625,0.158,14,0.0,S/D,0.0,4,S/D,S/D,S/D,0
472722EC,HUANCAVELICA,HUANCAVELICA,HUANCAVELICA,wrf5,pp,20260825,20260923,"00Z,12Z",D1,6h,0.62,2.361,0.517,230,0.707,0.506,0.41,58,0.538,0.829,0.149,13,0.0,1.0,0.0,4,S/D,S/D,S/D,0
472722EC,HUANCAVELICA,HUANCAVELICA,HUANCAVELICA,mpas15,pp,20260825,20260923,00Z,D1,6h,0.756,2.088,0.411,117,0.9,0.518,0.458,30,0.857,0.857,0.14,7,0.0,1.0,0.0,2,S/D,S/D,S/D,0
47284198,CHALLACA,HUANCAVELICA,HUAYTARA,ecmwf,pp,20260825,20260923,"00Z,12Z",D1,6h,0.013,0.097,S/D,76,S/D,1.0,0.0,0,S/D,S/D,S/D,0,S/D,S/D,S/D,0,S/D,S/D,S/D,0
47284198,CHALLACA,HUANCAVELICA,HUAYTARA,gfs,pp,20260825,20260923,"00Z,12Z",D1,6h,0.01,0.051,S/D,58,S/D,1.0,0.0,0,S/D,S/D,S/D,0,S/D,S/D,S/D,0,S/D,S/D,S/D,0
47284198,CHALLACA,HUANCAVELICA,HUAYTARA,eta5,pp,20260825,20260923,"00Z,12Z",D1,6h,0.001,0.008,S/D,63,S/D,S/D,S/D,0,S/D,S/D,S/D,0,S/D,S/D,S/D,0,S/D,S/D,S/D,0
47284198,CHALLACA,HUANCAVELICA,HUAYTARA,wrf5,pp,20260825,20260923,"00Z,12Z",D1,6h,0.0,0.002,S/D,76,S/D,S/D,S/D,0,S/D,S/D,S/D,0,S/D,S/D,S/D,0,S/D,S/D,S/D,0
47284198,CHALLACA,HUANCAVELICA,HUAYTARA,mpas15,pp,20260825,20260923,00Z,D1,6h,0.0,0.0,S/D,38,S/D,S/D,S/D,0,S/D,S/D,S/D,0,S/D,S/D,S/D,0,S/D,S/D,S/D,0
472811E4,CHALLACA M,HUANCAVELICA,HUAYTARA,ecmwf,pp,20260825,20260923,"00Z,12Z",D1,6h,0.006,0.057,S/D,232,S/D,1.0,0.0,0,S/D,S/D,S/D,0,S/D,S/D,S/D,0,S/D,S/D,S/D,0
472811E4,CHALLACA M,HUANCAVELICA,HUAYTARA,gfs,pp,20260825,20260923,"00Z,12Z",D1,6h,0.004,0.03,S/D,175,S/D,1.0,0.0,0,S/D,S/D,S/D,0,S/D,S/D,S/D,0,S/D,S/D,S/D,0
472811E4,CHALLACA M,HUANCAVELICA,HUAYTARA,eta5,pp,20260825,20260923,"00Z,12Z",D1,6h,0.0,0.005,S/D,199,S/D,S/D,S/D,0,S/D,S/D,S/D,0,S/D,S/D,S/D,0,S/D,S/D,S/D,0
472811E4,CHALLACA M,HUANCAVELICA,HUAYTARA,wrf5,pp,20260825,20260923,"00Z,12Z",D1,6h,0.003,0.039,S/D,228,S/D,1.0,0.0,0,S/D,S/D,S/D,0,S/D,S/D,S/D,0,S/D,S/D,S/D,0
472811E4,CHALLACA M,HUANCAVELICA,HUAYTARA,mpas15,pp,20260825,20260923,00Z,D1,6h,0.004,0.046,S/D,116,S/D,1.0,0.0,0,S/D,S/D,S/D,0,S/D,S/D,S/D,0,S/D,S/D,S/D,0
4728F216,CORDOVA,HUANCAVELICA,HUAYTARA,ecmwf,pp,20260825,20260923,"00Z,12Z",D1,6h,0.047,0.167,S/D,214,S/D,1.0,0.0,0,S/D,1.0,0.0,0,S/D,S/D,S/D,0,S/D,S/D,S/D,0
4728F216,CORDOVA,HUANCAVELICA,HUAYTARA,gfs,pp,20260825,20260923,"00Z,12Z",D1,6h,0.024,0.09,S/D,161,S/D,1.0,0.0,0,S/D,S/D,S/D,0,S/D,S/D,S/D,0,S/D,S/D,S/D,0
4728F216,CORDOVA,HUANCAVELICA,HUAYTARA,eta5,pp,20260825,20260923,"00Z,12Z",D1,6h,0.002,0.013,S/D,182,S/D,1.0,0.0,0,S/D,S/D,S/D,0,S/D,S/D,S/D,0,S/D,S/D,S/D,0
4728F216,CORDOVA,HUANCAVELICA,HUAYTARA,wrf5,pp,20260825,20260923,"00Z,12Z",D1,6h,0.011,0.063,S/D,210,S/D,1.0,0.0,0,S/D,S/D,S/D,0,S/D,S/D,S/D,0,S/D,S/D,S/D,0
4728F216,CORDOVA,HUANCAVELICA,HUAYTARA,mpas15,pp,20260825,20260923,00Z,D1,6h,0.042,0.232,S/D,107,S/D,1.0,0.0,0,S/D,1.0,0.0,0,S/D,S/D,S/D,0,S/D,S/D,S/D,0
4728C78C,CUSICANCHA,HUANCAVELICA,HUAYTARA,ecmwf,pp,20260825,20260923,"00Z,12Z",D1,6h,0.237,0.723,-0.006,210,0.0,1.0,0.0,2,0.0,1.0,0.0,2,S/D,S/D,S/D,0,S/D,S/D,S/D,0
4728C78C,CUSICANCHA,HUANCAVELICA,HUAYTARA,gfs,pp,20260825,20260923,"00Z,12Z",D1,6h,0.139,0.456,0.15,156,1.0,0.974,0.026,1,1.0,0.875,0.125,1,S/D,S/D,S/D,0,S/D,S/D,S/D,0
4728C78C,CUSICANCHA,HUANCAVELICA,HUAYTARA,eta5,pp,20260825,20260923,"00Z,12Z",D1,6h,-0.003,0.246,-0.028,177,0.0,1.0,0.0,1,0.0,S/D,0.0,1,S/D,S/D,S/D,0,S/D,S/D,S/D,0
4728C78C,CUSICANCHA,HUANCAVELICA,HUAYTARA,wrf5,pp,20260825,20260923,"00Z,12Z",D1,6h,0.01,0.373,0.129,206,0.5,0.857,0.125,2,0.5,0.75,0.2,2,S/D,S/D,S/D,0,S/D,S/D,S/D,0
4728C78C,CUSICANCHA,HUANCAVELICA,HUAYTARA,mpas15,pp,20260825,20260923,00Z,D1,6h,0.347,1.034,0.01,105,0.0,1.0,0.0,1,0.0,1.0,0.0,1,S/D,1.0,0.0,0,S/D,S/D,S/D,0
213507,RAMADILLAS,HUANCAVELICA,HUAYTARA,ecmwf,pp,20260825,20260923,"00Z,12Z",D1,6h,S/D,S/D,S/D,0,S/D,S/D,S/D,0,S/D,S/D,S/D,0,S/D,S/D,S/D,0,S/D,S/D,S/D,0
213507,RAMADILLAS,HUANCAVELICA,HUAYTARA,gfs,pp,20260825,20260923,"00Z,12Z",D1,6h,S/D,S/D,S/D,0,S/D,S/D,S/D,0,S/D,S/D,S/D,0,S/D,S/D,S/D,0,S/D,S/D,S/D,0
213507,RAMADILLAS,HUANCAVELICA,HUAYTARA,eta5,pp,20260825,20260923,"00Z,12Z",D1,6h,S/D,S/D,S/D,0,S/D,S/D,S/D,0,S/D,S/D,S/D,0,S/D,S/D,S/D,0,S/D,S/D,S/D,0
213507,RAMADILLAS,HUANCAVELICA,HUAYTARA,wrf5,pp,20260825,20260923,"00Z,12Z",D1,6h,S/D,S/D,S/D,0,S/D,S/D,S/D,0,S/D,S/D,S/D,0,S/D,S/D,S/D,0,S/D,S/D,S/D,0
213507,RAMADILLAS,HUANCAVELICA,HUAYTARA,mpas15,pp,20260825,20260923,00Z,D1,6h,S/D,S/D,S/D,0,S/D,S/D,S/D,0,S/D,S/D,S/D,0,S/D,S/D,S/D,0,S/D,S/D,S/D,0
4729131E,SANTIAGO DE CHOCORVOS,HUANCAVELICA,HUAYTARA,ecmwf,pp,20260825,20260923,"00Z,12Z",D1,6h,0.09,0.244,S/D,72,S/D,1.0,0.0,0,S/D,1.0,0.0,0,S/D,S/D,S/D,0,S/D,S/D,S/D,0
4729131E,SANTIAGO DE CHOCORVOS,HUANCAVELICA,HUAYTARA,gfs,pp,20260825,20260923,"00Z,12Z",D1,6h,0.11,0.257,S/D,55,S/D,1.0,0.0,0,S/D,1.0,0.0,0,S/D,S/D,S/D,0,S/D,S/D,S/D,0
4729131E,SANTIAGO DE CHOCORVOS,HUANCAVELICA,HUAYTARA,eta5,pp,20260825,20260923,"00Z,12Z",D1,6h,0.034,0.194,S/D,59,S/D,1.0,0.0,0,S/D,1.0,0.0,0,S/D,S/D,S/D,0,S/D,S/D,S/D,0
4729131E,SANTIAGO DE CHOCORVOS,HUANCAVELICA,HUAYTARA,wrf5,pp,20260825,20260923,"00Z,12Z",D1,6h,0.044,0.203,S/D,72,S/D,1.0,0.0,0,S/D,1.0,0.0,0,S/D,S/D,S/D,0,S/D,S/D,S/D,0
4729131E,SANTIAGO DE CHOCORVOS,HUANCAVELICA,HUAYTARA,mpas15,pp,20260825,20260923,00Z,D1,6h,0.069,0.25,S/D,36,S/D,1.0,0.0,0,S/D,1.0,0.0,0,S/D,S/D,S/D,0,S/D,S/D,S/D,0
112269,COCHABAMBA GRANDE,HUANCAVELICA,TAYACAJA,ecmwf,pp,20260825,20260923,"00Z,12Z",D1,6h,1.734,2.549,S/D,54,S/D,1.0,0.0,0,S/D,1.0,0.0,0,S/D,1.0,0.0,0,S/D,S/D,S/D,0
112269,COCHABAMBA GRANDE,HUANCAVELICA,TAYACAJA,gfs,pp,20260825,20260923,"00Z,12Z",D1,6h,1.473,1.908,S/D,41,S/D,1.0,0.0,0,S/D,1.0,0.0,0,S/D,S/D,S/D,0,S/D,S/D,S/D,0
112269,COCHABAMBA GRANDE,HUANCAVELICA,TAYACAJA,eta5,pp,20260825,20260923,"00Z,12Z",D1,6h,0.062,0.135,S/D,41,S/D,1.0,0.0,0,S/D,S/D,S/D,0,S/D,S/D,S/D,0,S/D,S/D,S/D,0
112269,COCHABAMBA GRANDE,HUANCAVELICA,TAYACAJA,wrf5,pp,20260825,20260923,"00Z,12Z",D1,6h,1.184,2.478,S/D,54,S/D,1.0,0.0,0,S/D,1.0,0.0,0,S/D,1.0,0.0,0,S/D,S/D,S/D,0
112269,COCHABAMBA GRANDE,HUANCAVELICA,TAYACAJA,mpas15,pp,20260825,20260923,00Z,D1,6h,1.556,2.446,S/D,27,S/D,1.0,0.0,0,S/D,1.0,0.0,0,S/D,1.0,0.0,0,S/D,S/D,S/D,0
110146,QUISCA,HUANUCO,AMBO,ecmwf,pp,20260825,20260923,"00Z,12Z",D1,6h,S/D,S/D,S/D,0,S/D,S/D,S/D,0,S/D,S/D,S/D,0,S/D,S/D,S/D,0,S/D,S/D,S/D,0
110146,QUISCA,HUANUCO,AMBO,gfs,pp,20260825,20260923,"00Z,12Z",D1,6h,S/D,S/D,S/D,0,S/D,S/D,S/D,0,S/D,S/D,S/D,0,S/D,S/D,S/D,0,S/D,S/D,S/D,0
110146,QUISCA,HUANUCO,AMBO,eta5,pp,20260825,20260923,"00Z,12Z",D1,6h,S/D,S/D,S/D,0,S/D,S/D,S/D,0,S/D,S/D,S/D,0,S/D,S/D,S/D,0,S/D,S/D,S/D,0
110146,QUISCA,HUANUCO,AMBO,wrf5,pp,20260825,20260923,"00Z,12Z",D1,6h,S/D,S/D,S/D,0,S/D,S/D,S/D,0,S/D,S/D,S/D,0,S/D,S/D,S/D,0,S/D,S/D,S/D,0
110146,QUISCA,HUANUCO,AMBO,mpas15,pp,20260825,20260923,00Z,D1,6h,S/D,S/D,S/D,0,S/D,S/D,S/D,0,S/D,S/D,S/D,0,S/D,S/D,S/D,0,S/D,S/D,S/D,0
47E845FC,CACHICOTO,HUANUCO,HUAMALIES,ecmwf,pp,20260825,20260923,"00Z,12Z",D1,6h,-0.691,6.912,0.311,232,0.84,0.742,0.246,50,0.708,0.712,0.258,24,0.125,0.714,0.095,16,0.0,S/D,0.0,4
47E845FC,CACHICOTO,HUANUCO,HUAMALIES,gfs,pp,20260825,20260923,"00Z,12Z",D1,6h,0.248,5.823,0.257,174,0.833,0.769,0.221,36,0.75,0.846,0.146,16,0.3,0.769,0.15,10,0.0,S/D,0.0,3
47E845FC,CACHICOTO,HUANUCO,HUAMALIES,eta5,pp,20260825,20260923,"00Z,12Z",D1,6h,-1.011,7.445,0.144,199,0.596,0.741,0.22,47,0.522,0.789,0.176,23,0.0,1.0,0.0,15,0.0,S/D,0.0,4
47E845FC,CACHICOTO,HUANUCO,HUAMALIES,wrf5,pp,20260825,20260923,"00Z,12Z",D1,6h,-0.218,7.814,0.197,229,0.408,0.706,0.206,49,0.5,0.721,0.218,24,0.312,0.722,0.172,16,0.0,1.0,0.0,4
47E845FC,CACHICOTO,HUANUCO,HUAMALIES,mpas15,pp,20260825,20260923,00Z,D1,6h,0.675,9.27,0.086,116,0.56,0.725,0.226,25,0.667,0.826,0.16,12,0.5,0.714,0.222,8,0.0,1.0,0.0,2
4720EB14,SAN MARTIN,HUANUCO,HUAMALIES,ecmwf,pp,20260825,20260923,"00Z,12Z",D1,6h,0.2,0.642,0.179,234,0.722,0.881,0.114,18,0.833,0.643,0.333,6,0.0,1.0,0.0,2,S/D,S/D,S/D,0
4720EB14,SAN MARTIN,HUANUCO,HUAMALIES,gfs,pp,20260825,20260923,"00Z,12Z",D1,6h,0.503,1.018,0.157,176,0.769,0.908,0.089,13,0.75,0.909,0.088,4,1.0,0.8,0.2,1,S/D,S/D,S/D,0
4720EB14,SAN MARTIN,HUANUCO,HUAMALIES,eta5,pp,20260825,20260923,"00Z,12Z",D1,6h,0.045,0.759,0.26,201,0.714,0.828,0.161,14,0.2,0.889,0.077,5,0.0,S/D,0.0,2,S/D,S/D,S/D,0
4720EB14,SAN MARTIN,HUANUCO,HUAMALIES,wrf5,pp,20260825,20260923,"00Z,12Z",D1,6h,0.116,0.671,0.273,231,0.333,0.786,0.15,18,0.667,0.75,0.222,6,1.0,0.0,1.0,2,S/D,S/D,S/D,0
4720EB14,SAN MARTIN,HUANUCO,HUAMALIES,mpas15,pp,20260825,20260923,00Z,D1,6h,0.976,1.831,0.216,117,0.667,0.889,0.105,9,1.0,0.939,0.061,3,1.0,0.5,0.5,1,S/D,S/D,S/D,0
472D0552,CHINCHAVITO,HUANUCO,HUANUCO,ecmwf,pp,20260825,20260923,"00Z,12Z",D1,6h,-0.394,5.082,0.322,234,0.758,0.638,0.325,66,0.529,0.6,0.295,34,0.167,0.786,0.103,18,0.0,S/D,0.0,4
472D0552,CHINCHAVITO,HUANUCO,HUANUCO,gfs,pp,20260825,20260923,"00Z,12Z",D1,6h,0.213,4.63,0.173,176,0.771,0.694,0.28,48,0.522,0.84,0.14,23,0.0,1.0,0.0,13,0.0,S/D,0.0,2
472D0552,CHINCHAVITO,HUANUCO,HUANUCO,eta5,pp,20260825,20260923,"00Z,12Z",D1,6h,-0.872,5.252,0.093,201,0.537,0.718,0.227,54,0.433,0.745,0.191,30,0.059,0.5,0.056,17,0.0,S/D,0.0,4
472D0552,CHINCHAVITO,HUANUCO,HUANUCO,wrf5,pp,20260825,20260923,"00Z,12Z",D1,6h,-0.759,5.127,0.191,231,0.439,0.58,0.274,66,0.353,0.636,0.218,34,0.111,0.833,0.071,18,0.0,S/D,0.0,4
472D0552,CHINCHAVITO,HUANUCO,HUANUCO,mpas15,pp,20260825,20260923,00Z,D1,6h,0.859,5.774,0.194,117,0.788,0.581,0.377,33,0.706,0.789,0.194,17,0.222,0.905,0.071,9,0.0,S/D,0.0,2
472B730C,PUENTE TARUCA,HUANUCO,HUANUCO,ecmwf,pp,20260825,20260923,"00Z,12Z",D1,6h,0.739,1.376,0.261,228,0.818,0.867,0.129,22,0.667,0.939,0.059,6,S/D,1.0,0.0,0,S/D,S/D,S/D,0
472B730C,PUENTE TARUCA,HUANUCO,HUANUCO,gfs,pp,20260825,20260923,"00Z,12Z",D1,6h,0.631,1.055,0.335,173,0.941,0.86,0.139,17,0.6,0.936,0.061,5,S/D,S/D,S/D,0,S/D,S/D,S/D,0
472B730C,PUENTE TARUCA,HUANUCO,HUANUCO,eta5,pp,20260825,20260923,"00Z,12Z",D1,6h,0.304,0.782,0.214,196,0.474,0.864,0.118,19,0.2,0.963,0.032,5,S/D,S/D,S/D,0,S/D,S/D,S/D,0
472B730C,PUENTE TARUCA,HUANUCO,HUANUCO,wrf5,pp,20260825,20260923,"00Z,12Z",D1,6h,0.019,0.507,0.26,224,0.273,0.6,0.194,22,0.167,0.75,0.111,6,S/D,1.0,0.0,0,S/D,S/D,S/D,0
472B730C,PUENTE TARUCA,HUANUCO,HUANUCO,mpas15,pp,20260825,20260923,00Z,D1,6h,0.9,1.494,0.21,114,0.909,0.818,0.179,11,1.0,0.935,0.065,3,S/D,1.0,0.0,0,S/D,S/D,S/D,0
110140,JESUS DE LAURICOCHA,HUANUCO,LAURICOCHA,ecmwf,pp,20260825,20260923,"00Z,12Z",D1,6h,0.57,1.433,0.249,240,0.786,0.829,0.163,28,0.625,0.904,0.091,8,S/D,1.0,0.0,0,S/D,S/D,S/D,0
110140,JESUS DE LAURICOCHA,HUANUCO,LAURICOCHA,gfs,pp,20260825,20260923,"00Z,12Z",D1,6h,0.617,1.515,0.358,180,1.0,0.831,0.169,20,0.714,0.861,0.132,7,S/D,1.0,0.0,0,S/D,S/D,S/D,0
110140,JESUS DE LAURICOCHA,HUANUCO,LAURICOCHA,eta5,pp,20260825,20260923,"00Z,12Z",D1,6h,-0.03,0.56,0.308,206,0.444,0.676,0.231,27,0.0,1.0,0.0,8,S/D,S/D,S/D,0,S/D,S/D,S/D,0
110140,JESUS DE LAURICOCHA,HUANUCO,LAURICOCHA,wrf5,pp,20260825,20260923,"00Z,12Z",D1,6h,0.156,0.941,0.354,236,0.393,0.667,0.22,28,0.25,0.857,0.1,8,S/D,1.0,0.0,0,S/D,S/D,S/D,0
110140,JESUS DE LAURICOCHA,HUANUCO,LAURICOCHA,mpas15,pp,20260825,20260923,00Z,D1,6h,0.981,2.458,0.296,120,0.929,0.755,0.241,14,0.75,0.93,0.068,4,S/D,1.0,0.0,0,S/D,S/D,S/D,0
472DA5AA,PUENTE BELLA,HUANUCO,LEONCIO PRADO,ecmwf,pp,20260825,20260923,"00Z,12Z",D1,6h,0.205,3.277,0.345,234,0.737,0.752,0.228,38,0.583,0.714,0.237,24,0.2,0.778,0.118,10,S/D,S/D,S/D,0
472DA5AA,PUENTE BELLA,HUANUCO,LEONCIO PRADO,gfs,pp,20260825,20260923,"00Z,12Z",D1,6h,0.663,3.095,0.409,176,0.963,0.792,0.206,27,0.889,0.758,0.235,18,0.167,0.889,0.071,6,S/D,S/D,S/D,0
472DA5AA,PUENTE BELLA,HUANUCO,LEONCIO PRADO,eta5,pp,20260825,20260923,"00Z,12Z",D1,6h,0.099,3.042,0.164,201,0.697,0.791,0.192,33,0.455,0.844,0.132,22,0.111,0.0,0.111,9,S/D,S/D,S/D,0
472DA5AA,PUENTE BELLA,HUANUCO,LEONCIO PRADO,wrf5,pp,20260825,20260923,"00Z,12Z",D1,6h,0.175,3.628,0.348,231,0.703,0.675,0.286,37,0.458,0.756,0.19,24,0.1,0.909,0.05,10,S/D,1.0,0.0,0
472DA5AA,PUENTE BELLA,HUANUCO,LEONCIO PRADO,mpas15,pp,20260825,20260923,00Z,D1,6h,1.389,5.486,0.152,117,0.684,0.764,0.213,19,0.583,0.854,0.132,12,0.2,0.909,0.067,5,S/D,1.0,0.0,0
472D1624,PUENTE PEREZ,HUANUCO,LEONCIO PRADO,ecmwf,pp,20260825,20260923,"00Z,12Z",D1,6h,2.987,4.224,S/D,2,S/D,1.0,0.0,0,S/D,1.0,0.0,0,S/D,1.0,0.0,0,S/D,S/D,S/D,0
472D1624,PUENTE PEREZ,HUANUCO,LEONCIO PRADO,gfs,pp,20260825,20260923,"00Z,12Z",D1,6h,1.875,1.875,S/D,1,S/D,1.0,0.0,0,S/D,1.0,0.0,0,S/D,S/D,S/D,0,S/D,S/D,S/D,0
472D1624,PUENTE PEREZ,HUANUCO,LEONCIO PRADO,eta5,pp,20260825,20260923,"00Z,12Z",D1,6h,0.71,0.871,S/D,2,S/D,1.0,0.0,0,S/D,1.0,0.0,0,S/D,S/D,S/D,0,S/D,S/D,S/D,0
472D1624,PUENTE PEREZ,HUANUCO,LEONCIO PRADO,wrf5,pp,20260825,20260923,"00Z,12Z",D1,6h,0.606,0.856,S/D,2,S/D,1.0,0.0,0,S/D,1.0,0.0,0,S/D,S/D,S/D,0,S/D,S/D,S/D,0
472D1624,PUENTE PEREZ,HUANUCO,LEONCIO PRADO,mpas15,pp,20260825,20260923,00Z,D1,6h,0.0,0.0,S/D,1,S/D,S/D,S/D,0,S/D,S/D,S/D,0,S/D,S/D,S/D,0,S/D,S/D,S/D,0
47270400,TINGO MARIA,HUANUCO,LEONCIO PRADO,ecmwf,pp,20260825,20260923,"00Z,12Z",D1,6h,0.123,2.79,0.365,232,0.867,0.766,0.226,30,0.545,0.75,0.207,22,0.312,0.444,0.25,16,S/D,S/D,S/D,0
47270400,TINGO MARIA,HUANUCO,LEONCIO PRADO,gfs,pp,20260825,20260923,"00Z,12Z",D1,6h,0.491,3.021,0.278,175,0.913,0.831,0.167,23,0.75,0.81,0.179,16,0.083,0.889,0.05,12,S/D,S/D,S/D,0
47270400,TINGO MARIA,HUANUCO,LEONCIO PRADO,eta5,pp,20260825,20260923,"00Z,12Z",D1,6h,-0.116,2.893,0.085,199,0.63,0.844,0.143,27,0.429,0.833,0.136,21,0.067,0.0,0.067,15,S/D,S/D,S/D,0
47270400,TINGO MARIA,HUANUCO,LEONCIO PRADO,wrf5,pp,20260825,20260923,"00Z,12Z",D1,6h,-0.206,2.955,0.21,228,0.464,0.772,0.181,28,0.45,0.609,0.265,20,0.267,0.429,0.222,15,S/D,S/D,S/D,0
47270400,TINGO MARIA,HUANUCO,LEONCIO PRADO,mpas15,pp,20260825,20260923,00Z,D1,6h,1.415,4.663,0.178,116,0.733,0.817,0.172,15,0.727,0.857,0.136,11,0.25,0.867,0.095,8,S/D,1.0,0.0,0
4727A4F8,PUERTO INCA,HUANUCO,PUERTO INCA,ecmwf,pp,20260825,20260923,"00Z,12Z",D1,6h,0.709,3.422,0.401,230,0.962,0.816,0.182,26,1.0,0.81,0.19,12,0.5,0.706,0.227,10,S/D,1.0,0.0,0
4727A4F8,PUERTO INCA,HUANUCO,PUERTO INCA,gfs,pp,20260825,20260923,"00Z,12Z",D1,6h,0.481,3.77,0.435,173,0.947,0.766,0.231,19,1.0,0.769,0.231,9,0.857,0.143,0.75,7,S/D,1.0,0.0,0
4727A4F8,PUERTO INCA,HUANUCO,PUERTO INCA,eta5,pp,20260825,20260923,"00Z,12Z",D1,6h,-0.294,3.171,0.233,198,0.571,0.812,0.164,21,0.455,0.844,0.132,11,0.111,0.667,0.091,9,S/D,S/D,S/D,0
4727A4F8,PUERTO INCA,HUANUCO,PUERTO INCA,wrf5,pp,20260825,20260923,"00Z,12Z",D1,6h,-0.065,3.611,0.593,226,0.615,0.36,0.457,26,0.667,0.273,0.533,12,0.5,0.167,0.455,10,S/D,1.0,0.0,0
4727A4F8,PUERTO INCA,HUANUCO,PUERTO INCA,mpas15,pp,20260825,20260923,00Z,D1,6h,0.824,3.503,0.209,115,0.769,0.811,0.179,13,0.667,0.911,0.085,6,0.2,0.889,0.077,5,S/D,S/D,S/D,0
109094,PUCA PUCA,HUANUCO,YAROWILCA,ecmwf,pp,20260825,20260923,"00Z,12Z",D1,6h,0.396,1.305,0.327,220,0.864,0.833,0.162,22,0.667,0.917,0.08,6,0.0,S/D,0.0,2,S/D,S/D,S/D,0
109094,PUCA PUCA,HUANUCO,YAROWILCA,gfs,pp,20260825,20260923,"00Z,12Z",D1,6h,0.513,1.108,0.25,163,0.938,0.853,0.146,16,0.6,0.912,0.083,5,1.0,0.0,1.0,2,S/D,S/D,S/D,0
109094,PUCA PUCA,HUANUCO,YAROWILCA,eta5,pp,20260825,20260923,"00Z,12Z",D1,6h,-0.182,1.325,0.219,188,0.273,0.739,0.154,22,0.0,S/D,0.0,6,0.0,S/D,0.0,2,S/D,S/D,S/D,0
109094,PUCA PUCA,HUANUCO,YAROWILCA,wrf5,pp,20260825,20260923,"00Z,12Z",D1,6h,0.1,0.749,0.314,217,0.429,0.78,0.17,21,0.333,0.846,0.118,6,1.0,0.0,1.0,2,S/D,S/D,S/D,0
109094,PUCA PUCA,HUANUCO,YAROWILCA,mpas15,pp,20260825,20260923,00Z,D1,6h,0.703,1.471,0.222,110,0.727,0.814,0.174,11,1.0,0.923,0.077,3,1.0,0.5,0.5,1,S/D,S/D,S/D,0
4728A26A,CONTA M,ICA,CHINCHA,ecmwf,pp,20260825,20260923,"00Z,12Z",D1,6h,-0.987,4.034,0.412,156,0.0,S/D,0.0,10,0.0,S/D,0.0,10,0.0,S/D,0.0,10,S/D,S/D,S/D,0
4728A26A,CONTA M,ICA,CHINCHA,gfs,pp,20260825,20260923,"00Z,12Z",D1,6h,-0.665,3.312,S/D,116,0.0,S/D,0.0,5,0.0,S/D,0.0,5,0.0,S/D,0.0,5,S/D,S/D,S/D,0
4728A26A,CONTA M,ICA,CHINCHA,eta5,pp,20260825,20260923,"00Z,12Z",D1,6h,-0.956,4.024,-0.022,133,0.0,S/D,0.0,8,0.0,S/D,0.0,8,0.0,S/D,0.0,8,S/D,S/D,S/D,0
4728A26A,CONTA M,ICA,CHINCHA,wrf5,pp,20260825,20260923,"00Z,12Z",D1,6h,-1.001,4.077,-0.007,153,0.0,1.0,0.0,10,0.0,S/D,0.0,10,0.0,S/D,0.0,10,S/D,S/D,S/D,0
4728A26A,CONTA M,ICA,CHINCHA,mpas15,pp,20260825,20260923,00Z,D1,6h,-0.988,4.038,-0.137,78,0.0,S/D,0.0,5,0.0,S/D,0.0,5,0.0,S/D,0.0,5,S/D,S/D,S/D,0
4728B11C,FONAGRO,ICA,CHINCHA,ecmwf,pp,20260825,20260923,"00Z,12Z",D1,6h,0.005,0.012,S/D,232,S/D,S/D,S/D,0,S/D,S/D,S/D,0,S/D,S/D,S/D,0,S/D,S/D,S/D,0
4728B11C,FONAGRO,ICA,CHINCHA,gfs,pp,20260825,20260923,"00Z,12Z",D1,6h,0.008,0.024,S/D,174,S/D,1.0,0.0,0,S/D,S/D,S/D,0,S/D,S/D,S/D,0,S/D,S/D,S/D,0
4728B11C,FONAGRO,ICA,CHINCHA,eta5,pp,20260825,20260923,"00Z,12Z",D1,6h,0.002,0.005,S/D,199,S/D,S/D,S/D,0,S/D,S/D,S/D,0,S/D,S/D,S/D,0,S/D,S/D,S/D,0
4728B11C,FONAGRO,ICA,CHINCHA,wrf5,pp,20260825,20260923,"00Z,12Z",D1,6h,0.005,0.017,S/D,229,S/D,1.0,0.0,0,S/D,S/D,S/D,0,S/D,S/D,S/D,0,S/D,S/D,S/D,0
4728B11C,FONAGRO,ICA,CHINCHA,mpas15,pp,20260825,20260923,00Z,D1,6h,0.0,0.0,S/D,116,S/D,S/D,S/D,0,S/D,S/D,S/D,0,S/D,S/D,S/D,0,S/D,S/D,S/D,0
4728E160,SAN PEDRO DE HUACARPANA,ICA,CHINCHA,ecmwf,pp,20260825,20260923,"00Z,12Z",D1,6h,0.274,0.679,S/D,208,S/D,1.0,0.0,0,S/D,1.0,0.0,0,S/D,S/D,S/D,0,S/D,S/D,S/D,0
4728E160,SAN PEDRO DE HUACARPANA,ICA,CHINCHA,gfs,pp,20260825,20260923,"00Z,12Z",D1,6h,0.205,0.518,S/D,154,S/D,1.0,0.0,0,S/D,1.0,0.0,0,S/D,S/D,S/D,0,S/D,S/D,S/D,0
4728E160,SAN PEDRO DE HUACARPANA,ICA,CHINCHA,eta5,pp,20260825,20260923,"00Z,12Z",D1,6h,0.014,0.086,S/D,178,S/D,1.0,0.0,0,S/D,S/D,S/D,0,S/D,S/D,S/D,0,S/D,S/D,S/D,0
4728E160,SAN PEDRO DE HUACARPANA,ICA,CHINCHA,wrf5,pp,20260825,20260923,"00Z,12Z",D1,6h,0.079,0.353,S/D,204,S/D,1.0,0.0,0,S/D,1.0,0.0,0,S/D,S/D,S/D,0,S/D,S/D,S/D,0
4728E160,SAN PEDRO DE HUACARPANA,ICA,CHINCHA,mpas15,pp,20260825,20260923,00Z,D1,6h,0.273,0.676,S/D,104,S/D,1.0,0.0,0,S/D,1.0,0.0,0,S/D,S/D,S/D,0,S/D,S/D,S/D,0
472A446C,BETA SANTIAGO,ICA,ICA,ecmwf,pp,20260825,20260923,"00Z,12Z",D1,6h,0.0,0.012,0.282,180,0.25,0.0,0.25,4,S/D,S/D,S/D,0,S/D,S/D,S/D,0,S/D,S/D,S/D,0
472A446C,BETA SANTIAGO,ICA,ICA,gfs,pp,20260825,20260923,"00Z,12Z",D1,6h,-0.002,0.013,S/D,125,0.0,S/D,0.0,2,S/D,S/D,S/D,0,S/D,S/D,S/D,0,S/D,S/D,S/D,0
472A446C,BETA SANTIAGO,ICA,ICA,eta5,pp,20260825,20260923,"00Z,12Z",D1,6h,-0.001,0.011,S/D,153,0.0,S/D,0.0,2,S/D,S/D,S/D,0,S/D,S/D,S/D,0,S/D,S/D,S/D,0
472A446C,BETA SANTIAGO,ICA,ICA,wrf5,pp,20260825,20260923,"00Z,12Z",D1,6h,-0.002,0.015,0.143,177,0.0,S/D,0.0,4,S/D,S/D,S/D,0,S/D,S/D,S/D,0,S/D,S/D,S/D,0
472A446C,BETA SANTIAGO,ICA,ICA,mpas15,pp,20260825,20260923,00Z,D1,6h,-0.002,0.015,0.074,90,0.0,S/D,0.0,2,S/D,S/D,S/D,0,S/D,S/D,S/D,0,S/D,S/D,S/D,0
213503,HUAMANI EL TAMBO,ICA,ICA,ecmwf,pp,20260825,20260923,"00Z,12Z",D1,6h,S/D,S/D,S/D,0,S/D,S/D,S/D,0,S/D,S/D,S/D,0,S/D,S/D,S/D,0,S/D,S/D,S/D,0
213503,HUAMANI EL TAMBO,ICA,ICA,gfs,pp,20260825,20260923,"00Z,12Z",D1,6h,S/D,S/D,S/D,0,S/D,S/D,S/D,0,S/D,S/D,S/D,0,S/D,S/D,S/D,0,S/D,S/D,S/D,0
213503,HUAMANI EL TAMBO,ICA,ICA,eta5,pp,20260825,20260923,"00Z,12Z",D1,6h,S/D,S/D,S/D,0,S/D,S/D,S/D,0,S/D,S/D,S/D,0,S/D,S/D,S/D,0,S/D,S/D,S/D,0
213503,HUAMANI EL TAMBO,ICA,ICA,wrf5,pp,20260825,20260923,"00Z,12Z",D1,6h,S/D,S/D,S/D,0,S/D,S/D,S/D,0,S/D,S/D,S/D,0,S/D,S/D,S/D,0,S/D,S/D,S/D,0
213503,HUAMANI EL TAMBO,ICA,ICA,mpas15,pp,20260825,20260923,00Z,D1,6h,S/D,S/D,S/D,0,S/D,S/D,S/D,0,S/D,S/D,S/D,0,S/D,S/D,S/D,0,S/D,S/D,S/D,0
213506,LOS MOLINOS,ICA,ICA,ecmwf,pp,20260825,20260923,"00Z,12Z",D1,6h,S/D,S/D,S/D,0,S/D,S/D,S/D,0,S/D,S/D,S/D,0,S/D,S/D,S/D,0,S/D,S/D,S/D,0
213506,LOS MOLINOS,ICA,ICA,gfs,pp,20260825,20260923,"00Z,12Z",D1,6h,S/D,S/D,S/D,0,S/D,S/D,S/D,0,S/D,S/D,S/D,0,S/D,S/D,S/D,0,S/D,S/D,S/D,0
213506,LOS MOLINOS,ICA,ICA,eta5,pp,20260825,20260923,"00Z,12Z",D1,6h,S/D,S/D,S/D,0,S/D,S/D,S/D,0,S/D,S/D,S/D,0,S/D,S/D,S/D,0,S/D,S/D,S/D,0
213506,LOS MOLINOS,ICA,ICA,wrf5,pp,20260825,20260923,"00Z,12Z",D1,6h,S/D,S/D,S/D,0,S/D,S/D,S/D,0,S/D,S/D,S/D,0,S/D,S/D,S/D,0,S/D,S/D,S/D,0
213506,LOS MOLINOS,ICA,ICA,mpas15,pp,20260825,20260923,00Z,D1,6h,S/D,S/D,S/D,0,S/D,S/D,S/D,0,S/D,S/D,S/D,0,S/D,S/D,S/D,0,S/D,S/D,S/D,0
114139,COPARA,ICA,NASCA,ecmwf,pp,20260825,20260923,"00Z,12Z",D1,6h,0.0,0.0,S/D,4,S/D,S/D,S/D,0,S/D,S/D,S/D,0,S/D,S/D,S/D,0,S/D,S/D,S/D,0
114139,COPARA,ICA,NASCA,gfs,pp,20260825,20260923,"00Z,12Z",D1,6h,0.0,0.0,S/D,3,S/D,S/D,S/D,0,S/D,S/D,S/D,0,S/D,S/D,S/D,0,S/D,S/D,S/D,0
114139,COPARA,ICA,NASCA,eta5,pp,20260825,20260923,"00Z,12Z",D1,6h,0.0,0.0,S/D,2,S/D,S/D,S/D,0,S/D,S/D,S/D,0,S/D,S/D,S/D,0,S/D,S/D,S/D,0
114139,COPARA,ICA,NASCA,wrf5,pp,20260825,20260923,"00Z,12Z",D1,6h,0.0,0.0,S/D,4,S/D,S/D,S/D,0,S/D,S/D,S/D,0,S/D,S/D,S/D,0,S/D,S/D,S/D,0
114139,COPARA,ICA,NASCA,mpas15,pp,20260825,20260923,00Z,D1,6h,0.0,0.0,S/D,2,S/D,S/D,S/D,0,S/D,S/D,S/D,0,S/D,S/D,S/D,0,S/D,S/D,S/D,0
114136,PALPA,ICA,PALPA,ecmwf,pp,20260825,20260923,"00Z,12Z",D1,6h,S/D,S/D,S/D,0,S/D,S/D,S/D,0,S/D,S/D,S/D,0,S/D,S/D,S/D,0,S/D,S/D,S/D,0
114136,PALPA,ICA,PALPA,gfs,pp,20260825,20260923,"00Z,12Z",D1,6h,S/D,S/D,S/D,0,S/D,S/D,S/D,0,S/D,S/D,S/D,0,S/D,S/D,S/D,0,S/D,S/D,S/D,0
114136,PALPA,ICA,PALPA,eta5,pp,20260825,20260923,"00Z,12Z",D1,6h,S/D,S/D,S/D,0,S/D,S/D,S/D,0,S/D,S/D,S/D,0,S/D,S/D,S/D,0,S/D,S/D,S/D,0
114136,PALPA,ICA,PALPA,wrf5,pp,20260825,20260923,"00Z,12Z",D1,6h,S/D,S/D,S/D,0,S/D,S/D,S/D,0,S/D,S/D,S/D,0,S/D,S/D,S/D,0,S/D,S/D,S/D,0
114136,PALPA,ICA,PALPA,mpas15,pp,20260825,20260923,00Z,D1,6h,S/D,S/D,S/D,0,S/D,S/D,S/D,0,S/D,S/D,S/D,0,S/D,S/D,S/D,0,S/D,S/D,S/D,0
114140,PAMPA BLANCA,ICA,PALPA,ecmwf,pp,20260825,20260923,"00Z,12Z",D1,6h,0.0,0.0,S/D,4,S/D,S/D,S/D,0,S/D,S/D,S/D,0,S/D,S/D,S/D,0,S/D,S/D,S/D,0
114140,PAMPA BLANCA,ICA,PALPA,gfs,pp,20260825,20260923,"00Z,12Z",D1,6h,0.031,0.044,S/D,4,S/D,S/D,S/D,0,S/D,S/D,S/D,0,S/D,S/D,S/D,0,S/D,S/D,S/D,0
114140,PAMPA BLANCA,ICA,PALPA,eta5,pp,20260825,20260923,"00Z,12Z",D1,6h,0.0,0.0,S/D,3,S/D,S/D,S/D,0,S/D,S/D,S/D,0,S/D,S/D,S/D,0,S/D,S/D,S/D,0
114140,PAMPA BLANCA,ICA,PALPA,wrf5,pp,20260825,20260923,"00Z,12Z",D1,6h,0.0,0.0,S/D,4,S/D,S/D,S/D,0,S/D,S/D,S/D,0,S/D,S/D,S/D,0,S/D,S/D,S/D,0
114140,PAMPA BLANCA,ICA,PALPA,mpas15,pp,20260825,20260923,00Z,D1,6h,0.0,0.0,S/D,2,S/D,S/D,S/D,0,S/D,S/D,S/D,0,S/D,S/D,S/D,0,S/D,S/D,S/D,0
213403,LETRAYOC,ICA,PISCO,ecmwf,pp,20260825,20260923,"00Z,12Z",D1,6h,S/D,S/D,S/D,0,S/D,S/D,S/D,0,S/D,S/D,S/D,0,S/D,S/D,S/D,0,S/D,S/D,S/D,0
213403,LETRAYOC,ICA,PISCO,gfs,pp,20260825,20260923,"00Z,12Z",D1,6h,S/D,S/D,S/D,0,S/D,S/D,S/D,0,S/D,S/D,S/D,0,S/D,S/D,S/D,0,S/D,S/D,S/D,0
213403,LETRAYOC,ICA,PISCO,eta5,pp,20260825,20260923,"00Z,12Z",D1,6h,S/D,S/D,S/D,0,S/D,S/D,S/D,0,S/D,S/D,S/D,0,S/D,S/D,S/D,0,S/D,S/D,S/D,0
213403,LETRAYOC,ICA,PISCO,wrf5,pp,20260825,20260923,"00Z,12Z",D1,6h,S/D,S/D,S/D,0,S/D,S/D,S/D,0,S/D,S/D,S/D,0,S/D,S/D,S/D,0,S/D,S/D,S/D,0
213403,LETRAYOC,ICA,PISCO,mpas15,pp,20260825,20260923,00Z,D1,6h,S/D,S/D,S/D,0,S/D,S/D,S/D,0,S/D,S/D,S/D,0,S/D,S/D,S/D,0,S/D,S/D,S/D,0
472DF5D6,HUAYTAPALLANA,JUNIN,HUANCAYO,ecmwf,pp,20260825,20260923,"00Z,12Z",D1,6h,0.731,1.728,0.37,226,0.9,0.714,0.277,40,0.5,0.933,0.062,10,0.0,1.0,0.0,2,S/D,S/D,S/D,0
472DF5D6,HUAYTAPALLANA,JUNIN,HUANCAYO,gfs,pp,20260825,20260923,"00Z,12Z",D1,6h,1.066,1.99,0.406,169,1.0,0.78,0.22,28,0.6,0.957,0.042,5,0.0,1.0,0.0,1,S/D,S/D,S/D,0
472DF5D6,HUAYTAPALLANA,JUNIN,HUANCAYO,eta5,pp,20260825,20260923,"00Z,12Z",D1,6h,-0.177,1.093,0.404,193,0.314,0.312,0.275,35,0.0,1.0,0.0,8,0.0,S/D,0.0,2,S/D,S/D,S/D,0
472DF5D6,HUAYTAPALLANA,JUNIN,HUANCAYO,wrf5,pp,20260825,20260923,"00Z,12Z",D1,6h,0.361,1.752,0.404,223,0.7,0.588,0.35,40,0.3,0.914,0.071,10,0.0,1.0,0.0,2,S/D,S/D,S/D,0
472DF5D6,HUAYTAPALLANA,JUNIN,HUANCAYO,mpas15,pp,20260825,20260923,00Z,D1,6h,0.662,1.928,0.29,113,0.75,0.681,0.288,20,0.4,0.944,0.051,5,0.0,1.0,0.0,1,S/D,S/D,S/D,0
111288,CHACAPALPA,JUNIN,JAUJA,ecmwf,pp,20260825,20260923,"00Z,12Z",D1,6h,S/D,S/D,S/D,0,S/D,S/D,S/D,0,S/D,S/D,S/D,0,S/D,S/D,S/D,0,S/D,S/D,S/D,0
111288,CHACAPALPA,JUNIN,JAUJA,gfs,pp,20260825,20260923,"00Z,12Z",D1,6h,S/D,S/D,S/D,0,S/D,S/D,S/D,0,S/D,S/D,S/D,0,S/D,S/D,S/D,0,S/D,S/D,S/D,0
111288,CHACAPALPA,JUNIN,JAUJA,eta5,pp,20260825,20260923,"00Z,12Z",D1,6h,S/D,S/D,S/D,0,S/D,S/D,S/D,0,S/D,S/D,S/D,0,S/D,S/D,S/D,0,S/D,S/D,S/D,0
111288,CHACAPALPA,JUNIN,JAUJA,wrf5,pp,20260825,20260923,"00Z,12Z",D1,6h,S/D,S/D,S/D,0,S/D,S/D,S/D,0,S/D,S/D,S/D,0,S/D,S/D,S/D,0,S/D,S/D,S/D,0
111288,CHACAPALPA,JUNIN,JAUJA,mpas15,pp,20260825,20260923,00Z,D1,6h,S/D,S/D,S/D,0,S/D,S/D,S/D,0,S/D,S/D,S/D,0,S/D,S/D,S/D,0,S/D,S/D,S/D,0
111299,POTSOTENI,JUNIN,SATIPO,ecmwf,pp,20260825,20260923,"00Z,12Z",D1,6h,1.306,2.297,0.129,234,0.938,0.915,0.085,16,0.667,0.958,0.041,6,S/D,1.0,0.0,0,S/D,S/D,S/D,0
111299,POTSOTENI,JUNIN,SATIPO,gfs,pp,20260825,20260923,"00Z,12Z",D1,6h,1.029,1.978,0.091,176,0.667,0.913,0.083,12,0.667,0.962,0.037,3,S/D,1.0,0.0,0,S/D,S/D,S/D,0
111299,POTSOTENI,JUNIN,SATIPO,eta5,pp,20260825,20260923,"00Z,12Z",D1,6h,0.57,1.139,0.169,201,0.75,0.871,0.124,16,0.833,0.902,0.096,6,S/D,S/D,S/D,0,S/D,S/D,S/D,0
111299,POTSOTENI,JUNIN,SATIPO,wrf5,pp,20260825,20260923,"00Z,12Z",D1,6h,0.392,2.5,0.202,231,0.438,0.8,0.159,16,0.167,0.923,0.056,6,S/D,1.0,0.0,0,S/D,1.0,0.0,0
111299,POTSOTENI,JUNIN,SATIPO,mpas15,pp,20260825,20260923,00Z,D1,6h,0.993,2.145,0.072,117,0.5,0.917,0.077,8,0.333,0.974,0.024,3,S/D,1.0,0.0,0,S/D,S/D,S/D,0
4725C4EA,SATIPO,JUNIN,SATIPO,ecmwf,pp,20260825,20260923,"00Z,12Z",D1,6h,-0.322,4.675,0.426,236,0.971,0.75,0.248,34,0.708,0.707,0.262,24,0.143,0.75,0.1,14,0.0,S/D,0.0,2
4725C4EA,SATIPO,JUNIN,SATIPO,gfs,pp,20260825,20260923,"00Z,12Z",D1,6h,-0.194,5.209,0.301,177,0.846,0.771,0.22,26,0.526,0.808,0.164,19,0.182,0.846,0.091,11,0.0,S/D,0.0,2
4725C4EA,SATIPO,JUNIN,SATIPO,eta5,pp,20260825,20260923,"00Z,12Z",D1,6h,-0.676,5.214,0.088,203,0.656,0.794,0.186,32,0.217,0.9,0.074,23,0.0,1.0,0.0,14,0.0,S/D,0.0,2
4725C4EA,SATIPO,JUNIN,SATIPO,wrf5,pp,20260825,20260923,"00Z,12Z",D1,6h,-0.61,5.641,0.234,232,0.471,0.686,0.232,34,0.25,0.739,0.146,24,0.0,1.0,0.0,14,0.0,1.0,0.0,2
4725C4EA,SATIPO,JUNIN,SATIPO,mpas15,pp,20260825,20260923,00Z,D1,6h,0.757,4.801,0.32,118,1.0,0.77,0.23,17,0.833,0.831,0.164,12,0.429,0.8,0.158,7,0.0,S/D,0.0,1
47257764,TARMA,JUNIN,TARMA,ecmwf,pp,20260825,20260923,"00Z,12Z",D1,6h,0.314,0.76,0.434,222,0.885,0.763,0.23,26,0.9,0.667,0.321,10,0.5,0.667,0.25,2,S/D,S/D,S/D,0
47257764,TARMA,JUNIN,TARMA,gfs,pp,20260825,20260923,"00Z,12Z",D1,6h,0.64,1.537,0.433,165,0.9,0.816,0.18,20,0.8,0.714,0.267,10,1.0,0.75,0.25,2,S/D,S/D,S/D,0
47257764,TARMA,JUNIN,TARMA,eta5,pp,20260825,20260923,"00Z,12Z",D1,6h,0.134,0.95,0.119,192,0.538,0.835,0.144,26,0.0,1.0,0.0,10,0.0,S/D,0.0,2,S/D,S/D,S/D,0
47257764,TARMA,JUNIN,TARMA,wrf5,pp,20260825,20260923,"00Z,12Z",D1,6h,0.04,0.807,0.383,218,0.56,0.548,0.333,25,0.444,0.692,0.222,9,0.0,1.0,0.0,2,S/D,S/D,S/D,0
47257764,TARMA,JUNIN,TARMA,mpas15,pp,20260825,20260923,00Z,D1,6h,0.444,1.139,0.27,111,0.769,0.762,0.222,13,1.0,0.844,0.156,5,0.0,1.0,0.0,1,S/D,S/D,S/D,0
472D9030,MARCAPOMACOCHA,JUNIN,YAULI,ecmwf,pp,20260825,20260923,"00Z,12Z",D1,6h,0.619,1.418,0.507,234,0.914,0.533,0.448,70,0.667,0.803,0.179,18,S/D,1.0,0.0,0,S/D,S/D,S/D,0
472D9030,MARCAPOMACOCHA,JUNIN,YAULI,gfs,pp,20260825,20260923,"00Z,12Z",D1,6h,1.01,2.33,0.448,176,0.811,0.517,0.434,53,0.714,0.811,0.175,14,S/D,1.0,0.0,0,S/D,S/D,S/D,0
472D9030,MARCAPOMACOCHA,JUNIN,YAULI,eta5,pp,20260825,20260923,"00Z,12Z",D1,6h,-0.118,0.582,0.461,201,0.439,0.341,0.358,66,0.0,S/D,0.0,18,S/D,S/D,S/D,0,S/D,S/D,S/D,0
472D9030,MARCAPOMACOCHA,JUNIN,YAULI,wrf5,pp,20260825,20260923,"00Z,12Z",D1,6h,0.706,2.562,0.455,231,0.565,0.48,0.371,69,0.706,0.676,0.286,17,S/D,1.0,0.0,0,S/D,1.0,0.0,0
472D9030,MARCAPOMACOCHA,JUNIN,YAULI,mpas15,pp,20260825,20260923,00Z,D1,6h,0.982,2.91,0.356,117,0.686,0.489,0.414,35,0.556,0.861,0.125,9,S/D,1.0,0.0,0,S/D,S/D,S/D,0
472D30C8,CASAGRANDE,LA LIBERTAD,ASCOPE,ecmwf,pp,20260825,20260923,"00Z,12Z",D1,6h,-0.036,0.486,0.016,230,0.0,1.0,0.0,4,0.0,S/D,0.0,2,0.0,S/D,0.0,2,S/D,S/D,S/D,0
472D30C8,CASAGRANDE,LA LIBERTAD,ASCOPE,gfs,pp,20260825,20260923,"00Z,12Z",D1,6h,-0.06,0.559,-0.017,173,0.0,1.0,0.0,4,0.0,S/D,0.0,2,0.0,S/D,0.0,2,S/D,S/D,S/D,0
472D30C8,CASAGRANDE,LA LIBERTAD,ASCOPE,eta5,pp,20260825,20260923,"00Z,12Z",D1,6h,-0.047,0.524,0.106,197,0.0,1.0,0.0,4,0.0,S/D,0.0,2,0.0,S/D,0.0,2,S/D,S/D,S/D,0
472D30C8,CASAGRANDE,LA LIBERTAD,ASCOPE,wrf5,pp,20260825,20260923,"00Z,12Z",D1,6h,-0.043,0.488,0.154,227,0.0,1.0,0.0,4,0.0,S/D,0.0,2,0.0,S/D,0.0,2,S/D,S/D,S/D,0
472D30C8,CASAGRANDE,LA LIBERTAD,ASCOPE,mpas15,pp,20260825,20260923,00Z,D1,6h,-0.042,0.487,-0.122,115,0.0,1.0,0.0,2,0.0,S/D,0.0,1,0.0,S/D,0.0,1,S/D,S/D,S/D,0
211001,SALINAR,LA LIBERTAD,ASCOPE,ecmwf,pp,20260825,20260923,"00Z,12Z",D1,6h,0.016,0.066,S/D,230,S/D,1.0,0.0,0,S/D,S/D,S/D,0,S/D,S/D,S/D,0,S/D,S/D,S/D,0
211001,SALINAR,LA LIBERTAD,ASCOPE,gfs,pp,20260825,20260923,"00Z,12Z",D1,6h,0.004,0.024,S/D,172,S/D,1.0,0.0,0,S/D,S/D,S/D,0,S/D,S/D,S/D,0,S/D,S/D,S/D,0
211001,SALINAR,LA LIBERTAD,ASCOPE,eta5,pp,20260825,20260923,"00Z,12Z",D1,6h,0.006,0.028,S/D,197,S/D,1.0,0.0,0,S/D,S/D,S/D,0,S/D,S/D,S/D,0,S/D,S/D,S/D,0
211001,SALINAR,LA LIBERTAD,ASCOPE,wrf5,pp,20260825,20260923,"00Z,12Z",D1,6h,0.002,0.011,S/D,227,S/D,1.0,0.0,0,S/D,S/D,S/D,0,S/D,S/D,S/D,0,S/D,S/D,S/D,0
211001,SALINAR,LA LIBERTAD,ASCOPE,mpas15,pp,20260825,20260923,00Z,D1,6h,0.017,0.187,S/D,115,S/D,1.0,0.0,0,S/D,1.0,0.0,0,S/D,S/D,S/D,0,S/D,S/D,S/D,0
472EA2A4,CASCAS,LA LIBERTAD,GRAN CHIMU,ecmwf,pp,20260825,20260923,"00Z,12Z",D1,6h,0.475,1.434,0.137,234,1.0,0.98,0.02,2,S/D,1.0,0.0,0,S/D,1.0,0.0,0,S/D,S/D,S/D,0
472EA2A4,CASCAS,LA LIBERTAD,GRAN CHIMU,gfs,pp,20260825,20260923,"00Z,12Z",D1,6h,0.247,0.591,-0.102,176,0.0,1.0,0.0,2,S/D,1.0,0.0,0,S/D,S/D,S/D,0,S/D,S/D,S/D,0
472EA2A4,CASCAS,LA LIBERTAD,GRAN CHIMU,eta5,pp,20260825,20260923,"00Z,12Z",D1,6h,0.066,0.212,-0.056,201,0.0,1.0,0.0,2,S/D,1.0,0.0,0,S/D,S/D,S/D,0,S/D,S/D,S/D,0
472EA2A4,CASCAS,LA LIBERTAD,GRAN CHIMU,wrf5,pp,20260825,20260923,"00Z,12Z",D1,6h,0.008,0.046,0.126,231,0.0,1.0,0.0,2,S/D,S/D,S/D,0,S/D,S/D,S/D,0,S/D,S/D,S/D,0
472EA2A4,CASCAS,LA LIBERTAD,GRAN CHIMU,mpas15,pp,20260825,20260923,00Z,D1,6h,0.456,1.307,0.155,117,1.0,0.958,0.042,1,S/D,1.0,0.0,0,S/D,1.0,0.0,0,S/D,S/D,S/D,0
47E0A2A8,EL TAMBO,LA LIBERTAD,GRAN CHIMU,ecmwf,pp,20260825,20260923,"00Z,12Z",D1,6h,0.466,1.429,0.158,230,1.0,0.979,0.021,2,S/D,1.0,0.0,0,S/D,1.0,0.0,0,S/D,S/D,S/D,0
47E0A2A8,EL TAMBO,LA LIBERTAD,GRAN CHIMU,gfs,pp,20260825,20260923,"00Z,12Z",D1,6h,0.249,0.578,0.191,174,1.0,0.972,0.028,2,S/D,1.0,0.0,0,S/D,S/D,S/D,0,S/D,S/D,S/D,0
47E0A2A8,EL TAMBO,LA LIBERTAD,GRAN CHIMU,eta5,pp,20260825,20260923,"00Z,12Z",D1,6h,0.119,0.365,-0.062,197,0.0,1.0,0.0,2,S/D,1.0,0.0,0,S/D,S/D,S/D,0,S/D,S/D,S/D,0
47E0A2A8,EL TAMBO,LA LIBERTAD,GRAN CHIMU,wrf5,pp,20260825,20260923,"00Z,12Z",D1,6h,0.012,0.12,0.137,226,0.5,0.8,0.167,2,S/D,1.0,0.0,0,S/D,S/D,S/D,0,S/D,S/D,S/D,0
47E0A2A8,EL TAMBO,LA LIBERTAD,GRAN CHIMU,mpas15,pp,20260825,20260923,00Z,D1,6h,0.336,1.08,-0.097,115,0.0,1.0,0.0,1,S/D,1.0,0.0,0,S/D,1.0,0.0,0,S/D,S/D,S/D,0
472D552E,LUCMA,LA LIBERTAD,GRAN CHIMU,ecmwf,pp,20260825,20260923,"00Z,12Z",D1,6h,0.337,1.198,S/D,230,S/D,1.0,0.0,0,S/D,1.0,0.0,0,S/D,1.0,0.0,0,S/D,S/D,S/D,0
472D552E,LUCMA,LA LIBERTAD,GRAN CHIMU,gfs,pp,20260825,20260923,"00Z,12Z",D1,6h,0.464,1.083,S/D,172,S/D,1.0,0.0,0,S/D,1.0,0.0,0,S/D,1.0,0.0,0,S/D,S/D,S/D,0
472D552E,LUCMA,LA LIBERTAD,GRAN CHIMU,eta5,pp,20260825,20260923,"00Z,12Z",D1,6h,0.043,0.128,S/D,197,S/D,1.0,0.0,0,S/D,S/D,S/D,0,S/D,S/D,S/D,0,S/D,S/D,S/D,0
472D552E,LUCMA,LA LIBERTAD,GRAN CHIMU,wrf5,pp,20260825,20260923,"00Z,12Z",D1,6h,0.016,0.114,S/D,227,S/D,1.0,0.0,0,S/D,1.0,0.0,0,S/D,S/D,S/D,0,S/D,S/D,S/D,0
472D552E,LUCMA,LA LIBERTAD,GRAN CHIMU,mpas15,pp,20260825,20260923,00Z,D1,6h,0.585,1.449,S/D,115,S/D,1.0,0.0,0,S/D,1.0,0.0,0,S/D,1.0,0.0,0,S/D,S/D,S/D,0
472CC2B6,MARMOT,LA LIBERTAD,GRAN CHIMU,ecmwf,pp,20260825,20260923,"00Z,12Z",D1,6h,S/D,S/D,S/D,0,S/D,S/D,S/D,0,S/D,S/D,S/D,0,S/D,S/D,S/D,0,S/D,S/D,S/D,0
472CC2B6,MARMOT,LA LIBERTAD,GRAN CHIMU,gfs,pp,20260825,20260923,"00Z,12Z",D1,6h,S/D,S/D,S/D,0,S/D,S/D,S/D,0,S/D,S/D,S/D,0,S/D,S/D,S/D,0,S/D,S/D,S/D,0
472CC2B6,MARMOT,LA LIBERTAD,GRAN CHIMU,eta5,pp,20260825,20260923,"00Z,12Z",D1,6h,S/D,S/D,S/D,0,S/D,S/D,S/D,0,S/D,S/D,S/D,0,S/D,S/D,S/D,0,S/D,S/D,S/D,0
472CC2B6,MARMOT,LA LIBERTAD,GRAN CHIMU,wrf5,pp,20260825,20260923,"00Z,12Z",D1,6h,S/D,S/D,S/D,0,S/D,S/D,S/D,0,S/D,S/D,S/D,0,S/D,S/D,S/D,0,S/D,S/D,S/D,0
472CC2B6,MARMOT,LA LIBERTAD,GRAN CHIMU,mpas15,pp,20260825,20260923,00Z,D1,6h,S/D,S/D,S/D,0,S/D,S/D,S/D,0,S/D,S/D,S/D,0,S/D,S/D,S/D,0,S/D,S/D,S/D,0
472E5220,PUENTE PALMIRA,LA LIBERTAD,GRAN CHIMU,ecmwf,pp,20260825,20260923,"00Z,12Z",D1,6h,0.476,1.434,S/D,234,S/D,1.0,0.0,0,S/D,1.0,0.0,0,S/D,1.0,0.0,0,S/D,S/D,S/D,0
472E5220,PUENTE PALMIRA,LA LIBERTAD,GRAN CHIMU,gfs,pp,20260825,20260923,"00Z,12Z",D1,6h,0.249,0.591,S/D,176,S/D,1.0,0.0,0,S/D,1.0,0.0,0,S/D,S/D,S/D,0,S/D,S/D,S/D,0
472E5220,PUENTE PALMIRA,LA LIBERTAD,GRAN CHIMU,eta5,pp,20260825,20260923,"00Z,12Z",D1,6h,0.126,0.423,S/D,201,S/D,1.0,0.0,0,S/D,1.0,0.0,0,S/D,S/D,S/D,0,S/D,S/D,S/D,0
472E5220,PUENTE PALMIRA,LA LIBERTAD,GRAN CHIMU,wrf5,pp,20260825,20260923,"00Z,12Z",D1,6h,0.007,0.058,S/D,231,S/D,1.0,0.0,0,S/D,S/D,S/D,0,S/D,S/D,S/D,0,S/D,S/D,S/D,0
472E5220,PUENTE PALMIRA,LA LIBERTAD,GRAN CHIMU,mpas15,pp,20260825,20260923,00Z,D1,6h,0.068,0.364,S/D,117,S/D,1.0,0.0,0,S/D,1.0,0.0,0,S/D,S/D,S/D,0,S/D,S/D,S/D,0
472D8346,CALLANCAS,LA LIBERTAD,OTUZCO,ecmwf,pp,20260825,20260923,"00Z,12Z",D1,6h,0.333,1.192,0.072,232,0.5,0.972,0.027,4,S/D,1.0,0.0,0,S/D,1.0,0.0,0,S/D,S/D,S/D,0
472D8346,CALLANCAS,LA LIBERTAD,OTUZCO,gfs,pp,20260825,20260923,"00Z,12Z",D1,6h,0.457,1.076,0.05,174,0.333,0.986,0.013,3,S/D,1.0,0.0,0,S/D,1.0,0.0,0,S/D,S/D,S/D,0
472D8346,CALLANCAS,LA LIBERTAD,OTUZCO,eta5,pp,20260825,20260923,"00Z,12Z",D1,6h,0.273,0.612,0.015,199,0.667,0.972,0.028,3,S/D,1.0,0.0,0,S/D,S/D,S/D,0,S/D,S/D,S/D,0
472D8346,CALLANCAS,LA LIBERTAD,OTUZCO,wrf5,pp,20260825,20260923,"00Z,12Z",D1,6h,0.024,0.172,0.106,229,0.25,0.875,0.091,4,S/D,1.0,0.0,0,S/D,S/D,S/D,0,S/D,S/D,S/D,0
472D8346,CALLANCAS,LA LIBERTAD,OTUZCO,mpas15,pp,20260825,20260923,00Z,D1,6h,0.491,1.357,0.017,116,0.5,0.966,0.033,2,S/D,1.0,0.0,0,S/D,1.0,0.0,0,S/D,S/D,S/D,0
472EB1D2,CAPACHIQUE,LA LIBERTAD,OTUZCO,ecmwf,pp,20260825,20260923,"00Z,12Z",D1,6h,0.353,1.06,0.336,234,1.0,0.878,0.122,10,0.75,0.857,0.136,4,1.0,0.75,0.25,2,S/D,S/D,S/D,0
472EB1D2,CAPACHIQUE,LA LIBERTAD,OTUZCO,gfs,pp,20260825,20260923,"00Z,12Z",D1,6h,0.425,1.586,0.316,176,0.875,0.912,0.086,8,0.667,0.917,0.08,3,0.0,1.0,0.0,2,S/D,S/D,S/D,0
472EB1D2,CAPACHIQUE,LA LIBERTAD,OTUZCO,eta5,pp,20260825,20260923,"00Z,12Z",D1,6h,0.089,0.581,0.105,201,0.5,0.907,0.085,8,0.0,1.0,0.0,2,0.0,S/D,0.0,1,S/D,S/D,S/D,0
472EB1D2,CAPACHIQUE,LA LIBERTAD,OTUZCO,wrf5,pp,20260825,20260923,"00Z,12Z",D1,6h,0.069,1.025,0.174,231,0.4,0.867,0.111,10,0.25,0.857,0.1,4,0.0,1.0,0.0,2,S/D,S/D,S/D,0
472EB1D2,CAPACHIQUE,LA LIBERTAD,OTUZCO,mpas15,pp,20260825,20260923,00Z,D1,6h,0.638,1.669,0.212,117,0.8,0.902,0.095,5,0.5,0.968,0.031,2,0.0,1.0,0.0,1,S/D,S/D,S/D,0
107131,LA FORTUNA,LA LIBERTAD,OTUZCO,ecmwf,pp,20260825,20260923,"00Z,12Z",D1,6h,0.215,0.666,0.289,226,1.0,0.881,0.119,8,1.0,0.895,0.105,2,S/D,1.0,0.0,0,S/D,S/D,S/D,0
107131,LA FORTUNA,LA LIBERTAD,OTUZCO,gfs,pp,20260825,20260923,"00Z,12Z",D1,6h,0.39,0.922,0.316,170,1.0,0.914,0.086,6,1.0,0.95,0.05,1,S/D,1.0,0.0,0,S/D,S/D,S/D,0
107131,LA FORTUNA,LA LIBERTAD,OTUZCO,eta5,pp,20260825,20260923,"00Z,12Z",D1,6h,-0.03,0.306,0.19,195,0.167,0.667,0.125,6,0.5,0.0,0.5,2,S/D,S/D,S/D,0,S/D,S/D,S/D,0
107131,LA FORTUNA,LA LIBERTAD,OTUZCO,wrf5,pp,20260825,20260923,"00Z,12Z",D1,6h,0.151,0.873,0.273,222,0.625,0.815,0.167,8,0.5,0.889,0.1,2,S/D,1.0,0.0,0,S/D,S/D,S/D,0
107131,LA FORTUNA,LA LIBERTAD,OTUZCO,mpas15,pp,20260825,20260923,00Z,D1,6h,0.551,1.421,0.228,113,1.0,0.886,0.114,4,0.0,1.0,0.0,1,S/D,1.0,0.0,0,S/D,S/D,S/D,0
472E74CC,PUENTE COINA,LA LIBERTAD,OTUZCO,ecmwf,pp,20260825,20260923,"00Z,12Z",D1,6h,0.33,1.178,0.229,234,1.0,0.944,0.056,4,S/D,1.0,0.0,0,S/D,1.0,0.0,0,S/D,S/D,S/D,0
472E74CC,PUENTE COINA,LA LIBERTAD,OTUZCO,gfs,pp,20260825,20260923,"00Z,12Z",D1,6h,0.453,1.065,0.216,176,1.0,0.959,0.041,3,S/D,1.0,0.0,0,S/D,1.0,0.0,0,S/D,S/D,S/D,0
472E74CC,PUENTE COINA,LA LIBERTAD,OTUZCO,eta5,pp,20260825,20260923,"00Z,12Z",D1,6h,0.111,0.344,0.088,201,0.25,0.972,0.026,4,S/D,1.0,0.0,0,S/D,S/D,S/D,0,S/D,S/D,S/D,0
472E74CC,PUENTE COINA,LA LIBERTAD,OTUZCO,wrf5,pp,20260825,20260923,"00Z,12Z",D1,6h,0.069,0.483,0.165,231,0.5,0.8,0.167,4,S/D,1.0,0.0,0,S/D,S/D,S/D,0,S/D,S/D,S/D,0
472E74CC,PUENTE COINA,LA LIBERTAD,OTUZCO,mpas15,pp,20260825,20260923,00Z,D1,6h,0.589,1.392,0.039,117,0.5,0.972,0.027,2,S/D,1.0,0.0,0,S/D,1.0,0.0,0,S/D,S/D,S/D,0
472D60B4,USQUIL,LA LIBERTAD,OTUZCO,ecmwf,pp,20260825,20260923,"00Z,12Z",D1,6h,0.305,1.133,0.235,234,0.875,0.901,0.097,8,1.0,0.905,0.095,2,S/D,1.0,0.0,0,S/D,S/D,S/D,0
472D60B4,USQUIL,LA LIBERTAD,OTUZCO,gfs,pp,20260825,20260923,"00Z,12Z",D1,6h,0.432,1.03,0.252,176,1.0,0.905,0.095,7,1.0,0.955,0.045,1,S/D,1.0,0.0,0,S/D,S/D,S/D,0
472D60B4,USQUIL,LA LIBERTAD,OTUZCO,eta5,pp,20260825,20260923,"00Z,12Z",D1,6h,0.086,0.315,0.176,201,0.333,0.944,0.05,6,0.5,0.8,0.167,2,S/D,S/D,S/D,0,S/D,S/D,S/D,0
472D60B4,USQUIL,LA LIBERTAD,OTUZCO,wrf5,pp,20260825,20260923,"00Z,12Z",D1,6h,0.044,0.47,0.222,231,0.25,0.8,0.125,8,0.5,0.75,0.2,2,S/D,S/D,S/D,0,S/D,S/D,S/D,0
472D60B4,USQUIL,LA LIBERTAD,OTUZCO,mpas15,pp,20260825,20260923,00Z,D1,6h,0.623,1.499,0.074,117,0.75,0.93,0.068,4,0.0,1.0,0.0,1,S/D,1.0,0.0,0,S/D,S/D,S/D,0
107130,TICAPAMPA,LA LIBERTAD,SANCHEZ CARRION,ecmwf,pp,20260825,20260923,"00Z,12Z",D1,6h,0.507,2.038,0.27,214,0.75,0.796,0.191,28,0.625,0.796,0.182,16,0.25,0.833,0.111,4,S/D,S/D,S/D,0
107130,TICAPAMPA,LA LIBERTAD,SANCHEZ CARRION,gfs,pp,20260825,20260923,"00Z,12Z",D1,6h,0.145,2.082,0.353,158,0.783,0.753,0.231,23,0.615,0.556,0.348,13,0.25,0.0,0.25,4,S/D,S/D,S/D,0
107130,TICAPAMPA,LA LIBERTAD,SANCHEZ CARRION,eta5,pp,20260825,20260923,"00Z,12Z",D1,6h,-0.115,1.373,0.353,185,0.545,0.647,0.273,22,0.462,0.333,0.375,13,0.0,S/D,0.0,3,S/D,S/D,S/D,0
107130,TICAPAMPA,LA LIBERTAD,SANCHEZ CARRION,wrf5,pp,20260825,20260923,"00Z,12Z",D1,6h,-0.017,1.562,0.423,210,0.571,0.429,0.4,28,0.375,0.571,0.25,16,0.5,0.5,0.333,4,S/D,S/D,S/D,0
107130,TICAPAMPA,LA LIBERTAD,SANCHEZ CARRION,mpas15,pp,20260825,20260923,00Z,D1,6h,0.487,2.471,0.153,107,0.571,0.818,0.16,14,0.625,0.821,0.161,8,0.0,1.0,0.0,2,S/D,S/D,S/D,0
4727319A,QUIRUVILCA,LA LIBERTAD,SANTIAGO DE CHUCO,ecmwf,pp,20260825,20260923,"00Z,12Z",D1,6h,0.504,2.459,0.33,214,0.818,0.802,0.189,22,0.0,1.0,0.0,2,0.0,1.0,0.0,2,S/D,S/D,S/D,0
4727319A,QUIRUVILCA,LA LIBERTAD,SANTIAGO DE CHUCO,gfs,pp,20260825,20260923,"00Z,12Z",D1,6h,0.503,2.927,0.358,160,0.833,0.837,0.158,18,1.0,0.943,0.057,2,0.0,1.0,0.0,2,S/D,S/D,S/D,0
4727319A,QUIRUVILCA,LA LIBERTAD,SANTIAGO DE CHUCO,eta5,pp,20260825,20260923,"00Z,12Z",D1,6h,-0.227,2.132,0.279,183,0.167,0.4,0.15,18,0.0,1.0,0.0,2,0.0,S/D,0.0,2,S/D,S/D,S/D,0
4727319A,QUIRUVILCA,LA LIBERTAD,SANTIAGO DE CHUCO,wrf5,pp,20260825,20260923,"00Z,12Z",D1,6h,0.212,2.523,0.331,210,0.591,0.629,0.295,22,0.0,1.0,0.0,2,0.0,1.0,0.0,2,S/D,S/D,S/D,0
4727319A,QUIRUVILCA,LA LIBERTAD,SANTIAGO DE CHUCO,mpas15,pp,20260825,20260923,00Z,D1,6h,0.376,2.347,0.154,107,0.636,0.774,0.2,11,0.0,1.0,0.0,1,0.0,1.0,0.0,1,S/D,S/D,S/D,0
211408,CONDORCERRO,LA LIBERTAD,VIRU,ecmwf,pp,20260825,20260923,"00Z,12Z",D1,6h,S/D,S/D,S/D,0,S/D,S/D,S/D,0,S/D,S/D,S/D,0,S/D,S/D,S/D,0,S/D,S/D,S/D,0
211408,CONDORCERRO,LA LIBERTAD,VIRU,gfs,pp,20260825,20260923,"00Z,12Z",D1,6h,S/D,S/D,S/D,0,S/D,S/D,S/D,0,S/D,S/D,S/D,0,S/D,S/D,S/D,0,S/D,S/D,S/D,0
211408,CONDORCERRO,LA LIBERTAD,VIRU,eta5,pp,20260825,20260923,"00Z,12Z",D1,6h,S/D,S/D,S/D,0,S/D,S/D,S/D,0,S/D,S/D,S/D,0,S/D,S/D,S/D,0,S/D,S/D,S/D,0
211408,CONDORCERRO,LA LIBERTAD,VIRU,wrf5,pp,20260825,20260923,"00Z,12Z",D1,6h,S/D,S/D,S/D,0,S/D,S/D,S/D,0,S/D,S/D,S/D,0,S/D,S/D,S/D,0,S/D,S/D,S/D,0
211408,CONDORCERRO,LA LIBERTAD,VIRU,mpas15,pp,20260825,20260923,00Z,D1,6h,S/D,S/D,S/D,0,S/D,S/D,S/D,0,S/D,S/D,S/D,0,S/D,S/D,S/D,0,S/D,S/D,S/D,0
47E2F720,TINAJONES,LAMBAYEQUE,CHICLAYO,ecmwf,pp,20260825,20260923,"00Z,12Z",D1,6h,0.025,0.07,S/D,236,S/D,1.0,0.0,0,S/D,S/D,S/D,0,S/D,S/D,S/D,0,S/D,S/D,S/D,0
47E2F720,TINAJONES,LAMBAYEQUE,CHICLAYO,gfs,pp,20260825,20260923,"00Z,12Z",D1,6h,0.008,0.068,S/D,178,S/D,1.0,0.0,0,S/D,S/D,S/D,0,S/D,S/D,S/D,0,S/D,S/D,S/D,0
47E2F720,TINAJONES,LAMBAYEQUE,CHICLAYO,eta5,pp,20260825,20260923,"00Z,12Z",D1,6h,0.016,0.066,S/D,203,S/D,1.0,0.0,0,S/D,S/D,S/D,0,S/D,S/D,S/D,0,S/D,S/D,S/D,0
47E2F720,TINAJONES,LAMBAYEQUE,CHICLAYO,wrf5,pp,20260825,20260923,"00Z,12Z",D1,6h,0.001,0.004,S/D,232,S/D,S/D,S/D,0,S/D,S/D,S/D,0,S/D,S/D,S/D,0,S/D,S/D,S/D,0
47E2F720,TINAJONES,LAMBAYEQUE,CHICLAYO,mpas15,pp,20260825,20260923,00Z,D1,6h,0.004,0.046,S/D,118,S/D,1.0,0.0,0,S/D,S/D,S/D,0,S/D,S/D,S/D,0,S/D,S/D,S/D,0
106140,VISTA FLORIDA,LAMBAYEQUE,CHICLAYO,ecmwf,pp,20260825,20260923,"00Z,12Z",D1,6h,0.017,0.092,0.048,218,0.0,1.0,0.0,2,S/D,1.0,0.0,0,S/D,S/D,S/D,0,S/D,S/D,S/D,0
106140,VISTA FLORIDA,LAMBAYEQUE,CHICLAYO,gfs,pp,20260825,20260923,"00Z,12Z",D1,6h,0.007,0.074,-0.012,165,0.0,1.0,0.0,1,S/D,S/D,S/D,0,S/D,S/D,S/D,0,S/D,S/D,S/D,0
106140,VISTA FLORIDA,LAMBAYEQUE,CHICLAYO,eta5,pp,20260825,20260923,"00Z,12Z",D1,6h,0.002,0.015,-0.056,189,0.0,S/D,0.0,2,S/D,S/D,S/D,0,S/D,S/D,S/D,0,S/D,S/D,S/D,0
106140,VISTA FLORIDA,LAMBAYEQUE,CHICLAYO,wrf5,pp,20260825,20260923,"00Z,12Z",D1,6h,0.002,0.014,0.179,214,0.0,1.0,0.0,1,S/D,S/D,S/D,0,S/D,S/D,S/D,0,S/D,S/D,S/D,0
106140,VISTA FLORIDA,LAMBAYEQUE,CHICLAYO,mpas15,pp,20260825,20260923,00Z,D1,6h,-0.001,0.01,0.056,109,0.0,S/D,0.0,1,S/D,S/D,S/D,0,S/D,S/D,S/D,0,S/D,S/D,S/D,0
106138,PUCHACA,LAMBAYEQUE,FERREÑAFE,ecmwf,pp,20260825,20260923,"00Z,12Z",D1,6h,0.802,1.627,S/D,214,S/D,1.0,0.0,0,S/D,1.0,0.0,0,S/D,1.0,0.0,0,S/D,S/D,S/D,0
106138,PUCHACA,LAMBAYEQUE,FERREÑAFE,gfs,pp,20260825,20260923,"00Z,12Z",D1,6h,0.08,0.243,S/D,157,S/D,1.0,0.0,0,S/D,1.0,0.0,0,S/D,S/D,S/D,0,S/D,S/D,S/D,0
106138,PUCHACA,LAMBAYEQUE,FERREÑAFE,eta5,pp,20260825,20260923,"00Z,12Z",D1,6h,0.057,0.181,S/D,182,S/D,1.0,0.0,0,S/D,1.0,0.0,0,S/D,S/D,S/D,0,S/D,S/D,S/D,0
106138,PUCHACA,LAMBAYEQUE,FERREÑAFE,wrf5,pp,20260825,20260923,"00Z,12Z",D1,6h,0.006,0.04,S/D,210,S/D,1.0,0.0,0,S/D,S/D,S/D,0,S/D,S/D,S/D,0,S/D,S/D,S/D,0
106138,PUCHACA,LAMBAYEQUE,FERREÑAFE,mpas15,pp,20260825,20260923,00Z,D1,6h,0.084,0.313,S/D,107,S/D,1.0,0.0,0,S/D,1.0,0.0,0,S/D,S/D,S/D,0,S/D,S/D,S/D,0
4726F67E,PASABAR,LAMBAYEQUE,LAMBAYEQUE,ecmwf,pp,20260825,20260923,"00Z,12Z",D1,6h,0.082,0.204,0.17,202,1.0,0.956,0.044,2,S/D,1.0,0.0,0,S/D,S/D,S/D,0,S/D,S/D,S/D,0
4726F67E,PASABAR,LAMBAYEQUE,LAMBAYEQUE,gfs,pp,20260825,20260923,"00Z,12Z",D1,6h,0.02,0.067,0.343,149,1.0,0.833,0.167,2,S/D,S/D,S/D,0,S/D,S/D,S/D,0,S/D,S/D,S/D,0
4726F67E,PASABAR,LAMBAYEQUE,LAMBAYEQUE,eta5,pp,20260825,20260923,"00Z,12Z",D1,6h,0.023,0.105,0.242,175,1.0,0.889,0.111,1,S/D,S/D,S/D,0,S/D,S/D,S/D,0,S/D,S/D,S/D,0
4726F67E,PASABAR,LAMBAYEQUE,LAMBAYEQUE,wrf5,pp,20260825,20260923,"00Z,12Z",D1,6h,0.002,0.017,0.14,199,0.0,1.0,0.0,2,S/D,S/D,S/D,0,S/D,S/D,S/D,0,S/D,S/D,S/D,0
4726F67E,PASABAR,LAMBAYEQUE,LAMBAYEQUE,mpas15,pp,20260825,20260923,00Z,D1,6h,-0.001,0.01,0.148,101,0.0,S/D,0.0,1,S/D,S/D,S/D,0,S/D,S/D,S/D,0,S/D,S/D,S/D,0
47201542,TONGORRAPE,LAMBAYEQUE,LAMBAYEQUE,ecmwf,pp,20260825,20260923,"00Z,12Z",D1,6h,0.077,0.211,0.047,230,0.333,0.957,0.039,6,S/D,1.0,0.0,0,S/D,S/D,S/D,0,S/D,S/D,S/D,0
47201542,TONGORRAPE,LAMBAYEQUE,LAMBAYEQUE,gfs,pp,20260825,20260923,"00Z,12Z",D1,6h,-0.003,0.062,0.136,173,0.0,1.0,0.0,4,S/D,S/D,S/D,0,S/D,S/D,S/D,0,S/D,S/D,S/D,0
47201542,TONGORRAPE,LAMBAYEQUE,LAMBAYEQUE,eta5,pp,20260825,20260923,"00Z,12Z",D1,6h,0.02,0.119,0.21,197,0.4,0.846,0.125,5,S/D,S/D,S/D,0,S/D,S/D,S/D,0,S/D,S/D,S/D,0
47201542,TONGORRAPE,LAMBAYEQUE,LAMBAYEQUE,wrf5,pp,20260825,20260923,"00Z,12Z",D1,6h,-0.002,0.048,-0.034,227,0.0,1.0,0.0,5,S/D,S/D,S/D,0,S/D,S/D,S/D,0,S/D,S/D,S/D,0
47201542,TONGORRAPE,LAMBAYEQUE,LAMBAYEQUE,mpas15,pp,20260825,20260923,00Z,D1,6h,-0.008,0.055,0.034,115,0.0,S/D,0.0,3,S/D,S/D,S/D,0,S/D,S/D,S/D,0,S/D,S/D,S/D,0
4725F170,HUAROS,LIMA,CANTA,ecmwf,pp,20260825,20260923,"00Z,12Z",D1,6h,0.353,0.896,0.21,218,0.833,0.949,0.051,6,1.0,0.923,0.077,2,0.0,1.0,0.0,2,S/D,S/D,S/D,0
4725F170,HUAROS,LIMA,CANTA,gfs,pp,20260825,20260923,"00Z,12Z",D1,6h,0.932,2.026,0.233,162,1.0,0.938,0.062,5,1.0,0.946,0.054,2,0.5,0.909,0.083,2,S/D,S/D,S/D,0
4725F170,HUAROS,LIMA,CANTA,eta5,pp,20260825,20260923,"00Z,12Z",D1,6h,-0.027,0.531,-0.011,188,0.167,0.923,0.056,6,0.0,1.0,0.0,2,0.0,S/D,0.0,2,S/D,S/D,S/D,0
4725F170,HUAROS,LIMA,CANTA,wrf5,pp,20260825,20260923,"00Z,12Z",D1,6h,0.12,0.773,0.14,214,0.6,0.9,0.094,5,0.0,1.0,0.0,2,0.0,S/D,0.0,2,S/D,S/D,S/D,0
4725F170,HUAROS,LIMA,CANTA,mpas15,pp,20260825,20260923,00Z,D1,6h,0.558,1.918,-0.068,109,0.333,0.964,0.033,3,0.0,1.0,0.0,1,0.0,1.0,0.0,1,S/D,S/D,S/D,0
113249,CAÑETE,LIMA,CAÑETE,ecmwf,pp,20260825,20260923,"00Z,12Z",D1,6h,-0.518,5.741,0.154,234,0.25,0.75,0.143,12,0.0,S/D,0.0,2,0.0,S/D,0.0,2,0.0,S/D,0.0,2
113249,CAÑETE,LIMA,CAÑETE,gfs,pp,20260825,20260923,"00Z,12Z",D1,6h,-0.363,4.681,S/D,176,0.0,S/D,0.0,9,0.0,S/D,0.0,1,0.0,S/D,0.0,1,0.0,S/D,0.0,1
113249,CAÑETE,LIMA,CAÑETE,eta5,pp,20260825,20260923,"00Z,12Z",D1,6h,-0.313,4.38,0.035,201,0.0,1.0,0.0,10,0.0,S/D,0.0,1,0.0,S/D,0.0,1,0.0,S/D,0.0,1
113249,CAÑETE,LIMA,CAÑETE,wrf5,pp,20260825,20260923,"00Z,12Z",D1,6h,-0.545,5.791,0.077,230,0.083,0.5,0.077,12,0.0,S/D,0.0,2,0.0,S/D,0.0,2,0.0,S/D,0.0,2
113249,CAÑETE,LIMA,CAÑETE,mpas15,pp,20260825,20260923,00Z,D1,6h,-0.535,5.742,0.14,117,0.0,1.0,0.0,6,0.0,S/D,0.0,1,0.0,S/D,0.0,1,0.0,S/D,0.0,1
212900,LA CAPILLA SENAMHI,LIMA,CAÑETE,ecmwf,pp,20260825,20260923,"00Z,12Z",D1,6h,S/D,S/D,S/D,0,S/D,S/D,S/D,0,S/D,S/D,S/D,0,S/D,S/D,S/D,0,S/D,S/D,S/D,0
212900,LA CAPILLA SENAMHI,LIMA,CAÑETE,gfs,pp,20260825,20260923,"00Z,12Z",D1,6h,S/D,S/D,S/D,0,S/D,S/D,S/D,0,S/D,S/D,S/D,0,S/D,S/D,S/D,0,S/D,S/D,S/D,0
212900,LA CAPILLA SENAMHI,LIMA,CAÑETE,eta5,pp,20260825,20260923,"00Z,12Z",D1,6h,S/D,S/D,S/D,0,S/D,S/D,S/D,0,S/D,S/D,S/D,0,S/D,S/D,S/D,0,S/D,S/D,S/D,0
212900,LA CAPILLA SENAMHI,LIMA,CAÑETE,wrf5,pp,20260825,20260923,"00Z,12Z",D1,6h,S/D,S/D,S/D,0,S/D,S/D,S/D,0,S/D,S/D,S/D,0,S/D,S/D,S/D,0,S/D,S/D,S/D,0
212900,LA CAPILLA SENAMHI,LIMA,CAÑETE,mpas15,pp,20260825,20260923,00Z,D1,6h,S/D,S/D,S/D,0,S/D,S/D,S/D,0,S/D,S/D,S/D,0,S/D,S/D,S/D,0,S/D,S/D,S/D,0
472191AC,SOCSI,LIMA,CAÑETE,ecmwf,pp,20260825,20260923,"00Z,12Z",D1,6h,S/D,S/D,S/D,0,S/D,S/D,S/D,0,S/D,S/D,S/D,0,S/D,S/D,S/D,0,S/D,S/D,S/D,0
472191AC,SOCSI,LIMA,CAÑETE,gfs,pp,20260825,20260923,"00Z,12Z",D1,6h,S/D,S/D,S/D,0,S/D,S/D,S/D,0,S/D,S/D,S/D,0,S/D,S/D,S/D,0,S/D,S/D,S/D,0
472191AC,SOCSI,LIMA,CAÑETE,eta5,pp,20260825,20260923,"00Z,12Z",D1,6h,S/D,S/D,S/D,0,S/D,S/D,S/D,0,S/D,S/D,S/D,0,S/D,S/D,S/D,0,S/D,S/D,S/D,0
472191AC,SOCSI,LIMA,CAÑETE,wrf5,pp,20260825,20260923,"00Z,12Z",D1,6h,S/D,S/D,S/D,0,S/D,S/D,S/D,0,S/D,S/D,S/D,0,S/D,S/D,S/D,0,S/D,S/D,S/D,0
472191AC,SOCSI,LIMA,CAÑETE,mpas15,pp,20260825,20260923,00Z,D1,6h,S/D,S/D,S/D,0,S/D,S/D,S/D,0,S/D,S/D,S/D,0,S/D,S/D,S/D,0,S/D,S/D,S/D,0
47E323B2,CARAC,LIMA,HUARAL,ecmwf,pp,20260825,20260923,"00Z,12Z",D1,6h,0.116,0.4,0.233,122,1.0,0.917,0.083,2,S/D,1.0,0.0,0,S/D,S/D,S/D,0,S/D,S/D,S/D,0
47E323B2,CARAC,LIMA,HUARAL,gfs,pp,20260825,20260923,"00Z,12Z",D1,6h,0.724,2.091,0.225,91,1.0,0.938,0.062,2,S/D,1.0,0.0,0,S/D,1.0,0.0,0,S/D,S/D,S/D,0
47E323B2,CARAC,LIMA,HUARAL,eta5,pp,20260825,20260923,"00Z,12Z",D1,6h,0.012,0.085,0.478,103,1.0,0.75,0.25,1,S/D,S/D,S/D,0,S/D,S/D,S/D,0,S/D,S/D,S/D,0
47E323B2,CARAC,LIMA,HUARAL,wrf5,pp,20260825,20260923,"00Z,12Z",D1,6h,0.11,0.711,0.419,122,1.0,0.667,0.333,2,S/D,1.0,0.0,0,S/D,1.0,0.0,0,S/D,S/D,S/D,0
47E323B2,CARAC,LIMA,HUARAL,mpas15,pp,20260825,20260923,00Z,D1,6h,0.226,1.038,0.225,61,1.0,0.833,0.167,1,S/D,1.0,0.0,0,S/D,1.0,0.0,0,S/D,S/D,S/D,0
47E2323E,CUCHUANCA,LIMA,HUARAL,ecmwf,pp,20260825,20260923,"00Z,12Z",D1,6h,0.183,0.494,0.213,232,1.0,0.935,0.065,4,S/D,1.0,0.0,0,S/D,S/D,S/D,0,S/D,S/D,S/D,0
47E2323E,CUCHUANCA,LIMA,HUARAL,gfs,pp,20260825,20260923,"00Z,12Z",D1,6h,0.516,1.555,0.212,175,1.0,0.944,0.056,4,S/D,1.0,0.0,0,S/D,1.0,0.0,0,S/D,S/D,S/D,0
47E2323E,CUCHUANCA,LIMA,HUARAL,eta5,pp,20260825,20260923,"00Z,12Z",D1,6h,0.005,0.065,0.175,199,0.333,0.8,0.143,3,S/D,S/D,S/D,0,S/D,S/D,S/D,0,S/D,S/D,S/D,0
47E2323E,CUCHUANCA,LIMA,HUARAL,wrf5,pp,20260825,20260923,"00Z,12Z",D1,6h,0.074,0.534,0.223,228,0.667,0.778,0.2,3,S/D,1.0,0.0,0,S/D,1.0,0.0,0,S/D,S/D,S/D,0
47E2323E,CUCHUANCA,LIMA,HUARAL,mpas15,pp,20260825,20260923,00Z,D1,6h,0.293,0.988,0.203,116,1.0,0.895,0.105,2,S/D,1.0,0.0,0,S/D,1.0,0.0,0,S/D,S/D,S/D,0
47E330C4,SANTA CRUZ,LIMA,HUARAL,ecmwf,pp,20260825,20260923,"00Z,12Z",D1,6h,0.095,0.601,0.093,234,0.5,0.934,0.062,8,0.125,0.923,0.05,8,S/D,S/D,S/D,0,S/D,S/D,S/D,0
47E330C4,SANTA CRUZ,LIMA,HUARAL,gfs,pp,20260825,20260923,"00Z,12Z",D1,6h,0.377,1.543,0.114,175,0.571,0.943,0.055,7,0.571,0.81,0.167,7,S/D,1.0,0.0,0,S/D,S/D,S/D,0
47E330C4,SANTA CRUZ,LIMA,HUARAL,eta5,pp,20260825,20260923,"00Z,12Z",D1,6h,0.012,0.495,0.002,201,0.2,0.96,0.034,5,0.0,1.0,0.0,5,S/D,S/D,S/D,0,S/D,S/D,S/D,0
47E330C4,SANTA CRUZ,LIMA,HUARAL,wrf5,pp,20260825,20260923,"00Z,12Z",D1,6h,0.14,1.137,0.121,230,0.5,0.862,0.121,8,0.125,0.909,0.056,8,S/D,1.0,0.0,0,S/D,S/D,S/D,0
47E330C4,SANTA CRUZ,LIMA,HUARAL,mpas15,pp,20260825,20260923,00Z,D1,6h,0.537,1.701,0.044,117,0.5,0.946,0.051,4,0.5,0.926,0.069,4,S/D,1.0,0.0,0,S/D,S/D,S/D,0
47E214D2,SANTO DOMINGO,LIMA,HUARAL,ecmwf,pp,20260825,20260923,"00Z,12Z",D1,6h,0.027,0.189,-0.068,232,0.0,1.0,0.0,12,S/D,1.0,0.0,0,S/D,S/D,S/D,0,S/D,S/D,S/D,0
47E214D2,SANTO DOMINGO,LIMA,HUARAL,gfs,pp,20260825,20260923,"00Z,12Z",D1,6h,0.03,0.223,-0.118,175,0.0,1.0,0.0,10,S/D,1.0,0.0,0,S/D,S/D,S/D,0,S/D,S/D,S/D,0
47E214D2,SANTO DOMINGO,LIMA,HUARAL,eta5,pp,20260825,20260923,"00Z,12Z",D1,6h,-0.011,0.056,-0.016,199,0.0,S/D,0.0,10,S/D,S/D,S/D,0,S/D,S/D,S/D,0,S/D,S/D,S/D,0
47E214D2,SANTO DOMINGO,LIMA,HUARAL,wrf5,pp,20260825,20260923,"00Z,12Z",D1,6h,-0.013,0.064,0.07,228,0.0,S/D,0.0,12,S/D,S/D,S/D,0,S/D,S/D,S/D,0,S/D,S/D,S/D,0
47E214D2,SANTO DOMINGO,LIMA,HUARAL,mpas15,pp,20260825,20260923,00Z,D1,6h,-0.013,0.064,0.052,116,0.0,S/D,0.0,6,S/D,S/D,S/D,0,S/D,S/D,S/D,0,S/D,S/D,S/D,0
47E257D8,VICHAYCOCHA,LIMA,HUARAL,ecmwf,pp,20260825,20260923,"00Z,12Z",D1,6h,0.611,1.277,0.291,232,0.9,0.839,0.158,20,1.0,0.915,0.085,4,S/D,1.0,0.0,0,S/D,S/D,S/D,0
47E257D8,VICHAYCOCHA,LIMA,HUARAL,gfs,pp,20260825,20260923,"00Z,12Z",D1,6h,1.315,3.008,0.249,175,0.824,0.835,0.159,17,1.0,0.918,0.082,4,S/D,1.0,0.0,0,S/D,S/D,S/D,0
47E257D8,VICHAYCOCHA,LIMA,HUARAL,eta5,pp,20260825,20260923,"00Z,12Z",D1,6h,0.009,0.233,0.238,199,0.375,0.769,0.167,16,0.0,S/D,0.0,3,S/D,S/D,S/D,0,S/D,S/D,S/D,0
47E257D8,VICHAYCOCHA,LIMA,HUARAL,wrf5,pp,20260825,20260923,"00Z,12Z",D1,6h,0.281,1.231,0.24,228,0.45,0.795,0.164,20,0.5,0.875,0.111,4,S/D,1.0,0.0,0,S/D,S/D,S/D,0
47E257D8,VICHAYCOCHA,LIMA,HUARAL,mpas15,pp,20260825,20260923,00Z,D1,6h,0.665,1.897,0.233,116,0.7,0.811,0.175,10,1.0,0.926,0.074,2,S/D,1.0,0.0,0,S/D,S/D,S/D,0
472D73C2,CASAPALCA,LIMA,HUAROCHIRI,ecmwf,pp,20260825,20260923,"00Z,12Z",D1,6h,0.334,0.973,0.465,232,0.947,0.684,0.31,38,0.833,0.625,0.349,18,0.0,1.0,0.0,2,S/D,S/D,S/D,0
472D73C2,CASAPALCA,LIMA,HUAROCHIRI,gfs,pp,20260825,20260923,"00Z,12Z",D1,6h,0.56,1.475,0.441,174,0.931,0.713,0.281,29,0.8,0.733,0.25,15,0.0,1.0,0.0,2,S/D,S/D,S/D,0
472D73C2,CASAPALCA,LIMA,HUAROCHIRI,eta5,pp,20260825,20260923,"00Z,12Z",D1,6h,-0.228,0.957,0.448,199,0.576,0.568,0.328,33,0.0,S/D,0.0,17,0.0,S/D,0.0,2,S/D,S/D,S/D,0
472D73C2,CASAPALCA,LIMA,HUAROCHIRI,wrf5,pp,20260825,20260923,"00Z,12Z",D1,6h,0.659,2.845,0.544,229,0.917,0.535,0.446,36,0.765,0.649,0.317,17,0.0,1.0,0.0,2,S/D,1.0,0.0,0
472D73C2,CASAPALCA,LIMA,HUAROCHIRI,mpas15,pp,20260825,20260923,00Z,D1,6h,0.852,2.537,0.469,116,0.947,0.591,0.4,19,0.778,0.781,0.206,9,0.0,1.0,0.0,1,S/D,S/D,S/D,0
472CE45A,MATUCANA,LIMA,HUAROCHIRI,ecmwf,pp,20260825,20260923,"00Z,12Z",D1,6h,0.768,1.608,0.248,230,1.0,0.933,0.067,8,S/D,1.0,0.0,0,S/D,1.0,0.0,0,S/D,S/D,S/D,0
472CE45A,MATUCANA,LIMA,HUAROCHIRI,gfs,pp,20260825,20260923,"00Z,12Z",D1,6h,0.343,0.785,0.283,172,1.0,0.901,0.099,7,S/D,1.0,0.0,0,S/D,S/D,S/D,0,S/D,S/D,S/D,0
472CE45A,MATUCANA,LIMA,HUAROCHIRI,eta5,pp,20260825,20260923,"00Z,12Z",D1,6h,0.05,0.324,0.06,197,0.143,0.95,0.038,7,S/D,1.0,0.0,0,S/D,S/D,S/D,0,S/D,S/D,S/D,0
472CE45A,MATUCANA,LIMA,HUAROCHIRI,wrf5,pp,20260825,20260923,"00Z,12Z",D1,6h,0.124,0.739,0.349,227,0.625,0.773,0.2,8,S/D,1.0,0.0,0,S/D,1.0,0.0,0,S/D,S/D,S/D,0
472CE45A,MATUCANA,LIMA,HUAROCHIRI,mpas15,pp,20260825,20260923,00Z,D1,6h,0.902,2.404,0.253,115,1.0,0.902,0.098,4,S/D,1.0,0.0,0,S/D,1.0,0.0,0,S/D,S/D,S/D,0
212700,PUENTE ANTAPUCRO,LIMA,HUAROCHIRI,ecmwf,pp,20260825,20260923,"00Z,12Z",D1,6h,S/D,S/D,S/D,0,S/D,S/D,S/D,0,S/D,S/D,S/D,0,S/D,S/D,S/D,0,S/D,S/D,S/D,0
212700,PUENTE ANTAPUCRO,LIMA,HUAROCHIRI,gfs,pp,20260825,20260923,"00Z,12Z",D1,6h,S/D,S/D,S/D,0,S/D,S/D,S/D,0,S/D,S/D,S/D,0,S/D,S/D,S/D,0,S/D,S/D,S/D,0
212700,PUENTE ANTAPUCRO,LIMA,HUAROCHIRI,eta5,pp,20260825,20260923,"00Z,12Z",D1,6h,S/D,S/D,S/D,0,S/D,S/D,S/D,0,S/D,S/D,S/D,0,S/D,S/D,S/D,0,S/D,S/D,S/D,0
212700,PUENTE ANTAPUCRO,LIMA,HUAROCHIRI,wrf5,pp,20260825,20260923,"00Z,12Z",D1,6h,S/D,S/D,S/D,0,S/D,S/D,S/D,0,S/D,S/D,S/D,0,S/D,S/D,S/D,0,S/D,S/D,S/D,0
212700,PUENTE ANTAPUCRO,LIMA,HUAROCHIRI,mpas15,pp,20260825,20260923,00Z,D1,6h,S/D,S/D,S/D,0,S/D,S/D,S/D,0,S/D,S/D,S/D,0,S/D,S/D,S/D,0,S/D,S/D,S/D,0
212605,SAN MATEO ,LIMA,HUAROCHIRI,ecmwf,pp,20260825,20260923,"00Z,12Z",D1,6h,S/D,S/D,S/D,0,S/D,S/D,S/D,0,S/D,S/D,S/D,0,S/D,S/D,S/D,0,S/D,S/D,S/D,0
212605,SAN MATEO ,LIMA,HUAROCHIRI,gfs,pp,20260825,20260923,"00Z,12Z",D1,6h,S/D,S/D,S/D,0,S/D,S/D,S/D,0,S/D,S/D,S/D,0,S/D,S/D,S/D,0,S/D,S/D,S/D,0
212605,SAN MATEO ,LIMA,HUAROCHIRI,eta5,pp,20260825,20260923,"00Z,12Z",D1,6h,S/D,S/D,S/D,0,S/D,S/D,S/D,0,S/D,S/D,S/D,0,S/D,S/D,S/D,0,S/D,S/D,S/D,0
212605,SAN MATEO ,LIMA,HUAROCHIRI,wrf5,pp,20260825,20260923,"00Z,12Z",D1,6h,S/D,S/D,S/D,0,S/D,S/D,S/D,0,S/D,S/D,S/D,0,S/D,S/D,S/D,0,S/D,S/D,S/D,0
212605,SAN MATEO ,LIMA,HUAROCHIRI,mpas15,pp,20260825,20260923,00Z,D1,6h,S/D,S/D,S/D,0,S/D,S/D,S/D,0,S/D,S/D,S/D,0,S/D,S/D,S/D,0,S/D,S/D,S/D,0
472EC742,SAN MATEO DE OTAO,LIMA,HUAROCHIRI,ecmwf,pp,20260825,20260923,"00Z,12Z",D1,6h,0.793,1.635,S/D,234,S/D,1.0,0.0,0,S/D,1.0,0.0,0,S/D,1.0,0.0,0,S/D,S/D,S/D,0
472EC742,SAN MATEO DE OTAO,LIMA,HUAROCHIRI,gfs,pp,20260825,20260923,"00Z,12Z",D1,6h,0.37,0.824,S/D,176,S/D,1.0,0.0,0,S/D,1.0,0.0,0,S/D,S/D,S/D,0,S/D,S/D,S/D,0
472EC742,SAN MATEO DE OTAO,LIMA,HUAROCHIRI,eta5,pp,20260825,20260923,"00Z,12Z",D1,6h,0.002,0.014,S/D,201,S/D,1.0,0.0,0,S/D,S/D,S/D,0,S/D,S/D,S/D,0,S/D,S/D,S/D,0
472EC742,SAN MATEO DE OTAO,LIMA,HUAROCHIRI,wrf5,pp,20260825,20260923,"00Z,12Z",D1,6h,0.005,0.05,S/D,231,S/D,1.0,0.0,0,S/D,S/D,S/D,0,S/D,S/D,S/D,0,S/D,S/D,S/D,0
472EC742,SAN MATEO DE OTAO,LIMA,HUAROCHIRI,mpas15,pp,20260825,20260923,00Z,D1,6h,0.026,0.196,S/D,117,S/D,1.0,0.0,0,S/D,1.0,0.0,0,S/D,S/D,S/D,0,S/D,S/D,S/D,0
472E24B0,SANTA EULALIA,LIMA,HUAROCHIRI,ecmwf,pp,20260825,20260923,"00Z,12Z",D1,6h,0.004,0.012,S/D,148,S/D,S/D,S/D,0,S/D,S/D,S/D,0,S/D,S/D,S/D,0,S/D,S/D,S/D,0
472E24B0,SANTA EULALIA,LIMA,HUAROCHIRI,gfs,pp,20260825,20260923,"00Z,12Z",D1,6h,0.001,0.009,S/D,104,S/D,S/D,S/D,0,S/D,S/D,S/D,0,S/D,S/D,S/D,0,S/D,S/D,S/D,0
472E24B0,SANTA EULALIA,LIMA,HUAROCHIRI,eta5,pp,20260825,20260923,"00Z,12Z",D1,6h,0.0,0.002,S/D,127,S/D,S/D,S/D,0,S/D,S/D,S/D,0,S/D,S/D,S/D,0,S/D,S/D,S/D,0
472E24B0,SANTA EULALIA,LIMA,HUAROCHIRI,wrf5,pp,20260825,20260923,"00Z,12Z",D1,6h,0.0,0.0,S/D,145,S/D,S/D,S/D,0,S/D,S/D,S/D,0,S/D,S/D,S/D,0,S/D,S/D,S/D,0
472E24B0,SANTA EULALIA,LIMA,HUAROCHIRI,mpas15,pp,20260825,20260923,00Z,D1,6h,0.034,0.24,S/D,74,S/D,1.0,0.0,0,S/D,1.0,0.0,0,S/D,S/D,S/D,0,S/D,S/D,S/D,0
472CA750,SANTIAGO DE TUNA,LIMA,HUAROCHIRI,ecmwf,pp,20260825,20260923,"00Z,12Z",D1,6h,0.139,0.416,S/D,230,S/D,1.0,0.0,0,S/D,1.0,0.0,0,S/D,S/D,S/D,0,S/D,S/D,S/D,0
472CA750,SANTIAGO DE TUNA,LIMA,HUAROCHIRI,gfs,pp,20260825,20260923,"00Z,12Z",D1,6h,0.092,0.232,S/D,172,S/D,1.0,0.0,0,S/D,1.0,0.0,0,S/D,S/D,S/D,0,S/D,S/D,S/D,0
472CA750,SANTIAGO DE TUNA,LIMA,HUAROCHIRI,eta5,pp,20260825,20260923,"00Z,12Z",D1,6h,0.002,0.025,S/D,197,S/D,1.0,0.0,0,S/D,S/D,S/D,0,S/D,S/D,S/D,0,S/D,S/D,S/D,0
472CA750,SANTIAGO DE TUNA,LIMA,HUAROCHIRI,wrf5,pp,20260825,20260923,"00Z,12Z",D1,6h,0.006,0.063,S/D,227,S/D,1.0,0.0,0,S/D,S/D,S/D,0,S/D,S/D,S/D,0,S/D,S/D,S/D,0
472CA750,SANTIAGO DE TUNA,LIMA,HUAROCHIRI,mpas15,pp,20260825,20260923,00Z,D1,6h,0.104,0.39,S/D,115,S/D,1.0,0.0,0,S/D,1.0,0.0,0,S/D,S/D,S/D,0,S/D,S/D,S/D,0
4724966C,SAYAN,LIMA,HUAURA,ecmwf,pp,20260825,20260923,"00Z,12Z",D1,6h,0.008,0.031,S/D,222,S/D,1.0,0.0,0,S/D,S/D,S/D,0,S/D,S/D,S/D,0,S/D,S/D,S/D,0
4724966C,SAYAN,LIMA,HUAURA,gfs,pp,20260825,20260923,"00Z,12Z",D1,6h,0.003,0.015,S/D,166,S/D,S/D,S/D,0,S/D,S/D,S/D,0,S/D,S/D,S/D,0,S/D,S/D,S/D,0
4724966C,SAYAN,LIMA,HUAURA,eta5,pp,20260825,20260923,"00Z,12Z",D1,6h,0.0,0.0,S/D,192,S/D,S/D,S/D,0,S/D,S/D,S/D,0,S/D,S/D,S/D,0,S/D,S/D,S/D,0
4724966C,SAYAN,LIMA,HUAURA,wrf5,pp,20260825,20260923,"00Z,12Z",D1,6h,0.0,0.001,S/D,218,S/D,S/D,S/D,0,S/D,S/D,S/D,0,S/D,S/D,S/D,0,S/D,S/D,S/D,0
4724966C,SAYAN,LIMA,HUAURA,mpas15,pp,20260825,20260923,00Z,D1,6h,0.0,0.0,S/D,111,S/D,S/D,S/D,0,S/D,S/D,S/D,0,S/D,S/D,S/D,0,S/D,S/D,S/D,0
212500,AGUA AZUL BOCATOMA,LIMA,LIMA,ecmwf,pp,20260825,20260923,"00Z,12Z",D1,6h,S/D,S/D,S/D,0,S/D,S/D,S/D,0,S/D,S/D,S/D,0,S/D,S/D,S/D,0,S/D,S/D,S/D,0
212500,AGUA AZUL BOCATOMA,LIMA,LIMA,gfs,pp,20260825,20260923,"00Z,12Z",D1,6h,S/D,S/D,S/D,0,S/D,S/D,S/D,0,S/D,S/D,S/D,0,S/D,S/D,S/D,0,S/D,S/D,S/D,0
212500,AGUA AZUL BOCATOMA,LIMA,LIMA,eta5,pp,20260825,20260923,"00Z,12Z",D1,6h,S/D,S/D,S/D,0,S/D,S/D,S/D,0,S/D,S/D,S/D,0,S/D,S/D,S/D,0,S/D,S/D,S/D,0
212500,AGUA AZUL BOCATOMA,LIMA,LIMA,wrf5,pp,20260825,20260923,"00Z,12Z",D1,6h,S/D,S/D,S/D,0,S/D,S/D,S/D,0,S/D,S/D,S/D,0,S/D,S/D,S/D,0,S/D,S/D,S/D,0
212500,AGUA AZUL BOCATOMA,LIMA,LIMA,mpas15,pp,20260825,20260923,00Z,D1,6h,S/D,S/D,S/D,0,S/D,S/D,S/D,0,S/D,S/D,S/D,0,S/D,S/D,S/D,0,S/D,S/D,S/D,0
472A218A,ANTONIO RAYMONDI,LIMA,LIMA,ecmwf,pp,20260825,20260923,"00Z,12Z",D1,6h,0.008,0.019,S/D,232,S/D,S/D,S/D,0,S/D,S/D,S/D,0,S/D,S/D,S/D,0,S/D,S/D,S/D,0
472A218A,ANTONIO RAYMONDI,LIMA,LIMA,gfs,pp,20260825,20260923,"00Z,12Z",D1,6h,0.04,0.067,S/D,175,S/D,1.0,0.0,0,S/D,S/D,S/D,0,S/D,S/D,S/D,0,S/D,S/D,S/D,0
472A218A,ANTONIO RAYMONDI,LIMA,LIMA,eta5,pp,20260825,20260923,"00Z,12Z",D1,6h,0.014,0.032,S/D,199,S/D,1.0,0.0,0,S/D,S/D,S/D,0,S/D,S/D,S/D,0,S/D,S/D,S/D,0
472A218A,ANTONIO RAYMONDI,LIMA,LIMA,wrf5,pp,20260825,20260923,"00Z,12Z",D1,6h,0.005,0.023,S/D,228,S/D,1.0,0.0,0,S/D,S/D,S/D,0,S/D,S/D,S/D,0,S/D,S/D,S/D,0
472A218A,ANTONIO RAYMONDI,LIMA,LIMA,mpas15,pp,20260825,20260923,00Z,D1,6h,0.009,0.066,S/D,116,S/D,1.0,0.0,0,S/D,S/D,S/D,0,S/D,S/D,S/D,0,S/D,S/D,S/D,0
112181,CAMPO DE MARTE,LIMA,LIMA,ecmwf,pp,20260825,20260923,"00Z,12Z",D1,6h,0.037,0.11,0.146,194,0.5,0.95,0.048,2,S/D,1.0,0.0,0,S/D,S/D,S/D,0,S/D,S/D,S/D,0
112181,CAMPO DE MARTE,LIMA,LIMA,gfs,pp,20260825,20260923,"00Z,12Z",D1,6h,0.011,0.039,-0.06,146,0.0,1.0,0.0,2,S/D,S/D,S/D,0,S/D,S/D,S/D,0,S/D,S/D,S/D,0
112181,CAMPO DE MARTE,LIMA,LIMA,eta5,pp,20260825,20260923,"00Z,12Z",D1,6h,0.008,0.033,-0.104,166,0.0,1.0,0.0,2,S/D,S/D,S/D,0,S/D,S/D,S/D,0,S/D,S/D,S/D,0
112181,CAMPO DE MARTE,LIMA,LIMA,wrf5,pp,20260825,20260923,"00Z,12Z",D1,6h,0.005,0.032,-0.136,192,0.0,1.0,0.0,2,S/D,S/D,S/D,0,S/D,S/D,S/D,0,S/D,S/D,S/D,0
112181,CAMPO DE MARTE,LIMA,LIMA,mpas15,pp,20260825,20260923,00Z,D1,6h,0.013,0.083,-0.092,97,0.0,1.0,0.0,1,S/D,S/D,S/D,0,S/D,S/D,S/D,0,S/D,S/D,S/D,0
111286,CARABAYLLO,LIMA,LIMA,ecmwf,pp,20260825,20260923,"00Z,12Z",D1,6h,S/D,S/D,S/D,0,S/D,S/D,S/D,0,S/D,S/D,S/D,0,S/D,S/D,S/D,0,S/D,S/D,S/D,0
111286,CARABAYLLO,LIMA,LIMA,gfs,pp,20260825,20260923,"00Z,12Z",D1,6h,S/D,S/D,S/D,0,S/D,S/D,S/D,0,S/D,S/D,S/D,0,S/D,S/D,S/D,0,S/D,S/D,S/D,0
111286,CARABAYLLO,LIMA,LIMA,eta5,pp,20260825,20260923,"00Z,12Z",D1,6h,S/D,S/D,S/D,0,S/D,S/D,S/D,0,S/D,S/D,S/D,0,S/D,S/D,S/D,0,S/D,S/D,S/D,0
111286,CARABAYLLO,LIMA,LIMA,wrf5,pp,20260825,20260923,"00Z,12Z",D1,6h,S/D,S/D,S/D,0,S/D,S/D,S/D,0,S/D,S/D,S/D,0,S/D,S/D,S/D,0,S/D,S/D,S/D,0
111286,CARABAYLLO,LIMA,LIMA,mpas15,pp,20260825,20260923,00Z,D1,6h,S/D,S/D,S/D,0,S/D,S/D,S/D,0,S/D,S/D,S/D,0,S/D,S/D,S/D,0,S/D,S/D,S/D,0
112278,CERES,LIMA,LIMA,ecmwf,pp,20260825,20260923,"00Z,12Z",D1,6h,S/D,S/D,S/D,0,S/D,S/D,S/D,0,S/D,S/D,S/D,0,S/D,S/D,S/D,0,S/D,S/D,S/D,0
112278,CERES,LIMA,LIMA,gfs,pp,20260825,20260923,"00Z,12Z",D1,6h,S/D,S/D,S/D,0,S/D,S/D,S/D,0,S/D,S/D,S/D,0,S/D,S/D,S/D,0,S/D,S/D,S/D,0
112278,CERES,LIMA,LIMA,eta5,pp,20260825,20260923,"00Z,12Z",D1,6h,S/D,S/D,S/D,0,S/D,S/D,S/D,0,S/D,S/D,S/D,0,S/D,S/D,S/D,0,S/D,S/D,S/D,0
112278,CERES,LIMA,LIMA,wrf5,pp,20260825,20260923,"00Z,12Z",D1,6h,S/D,S/D,S/D,0,S/D,S/D,S/D,0,S/D,S/D,S/D,0,S/D,S/D,S/D,0,S/D,S/D,S/D,0
112278,CERES,LIMA,LIMA,mpas15,pp,20260825,20260923,00Z,D1,6h,S/D,S/D,S/D,0,S/D,S/D,S/D,0,S/D,S/D,S/D,0,S/D,S/D,S/D,0,S/D,S/D,S/D,0
47278214,CHOSICA,LIMA,LIMA,ecmwf,pp,20260825,20260923,"00Z,12Z",D1,6h,0.002,0.003,S/D,2,S/D,S/D,S/D,0,S/D,S/D,S/D,0,S/D,S/D,S/D,0,S/D,S/D,S/D,0
47278214,CHOSICA,LIMA,LIMA,gfs,pp,20260825,20260923,"00Z,12Z",D1,6h,0.0,0.0,S/D,2,S/D,S/D,S/D,0,S/D,S/D,S/D,0,S/D,S/D,S/D,0,S/D,S/D,S/D,0
47278214,CHOSICA,LIMA,LIMA,eta5,pp,20260825,20260923,"00Z,12Z",D1,6h,0.0,0.0,S/D,1,S/D,S/D,S/D,0,S/D,S/D,S/D,0,S/D,S/D,S/D,0,S/D,S/D,S/D,0
47278214,CHOSICA,LIMA,LIMA,wrf5,pp,20260825,20260923,"00Z,12Z",D1,6h,0.0,0.0,S/D,2,S/D,S/D,S/D,0,S/D,S/D,S/D,0,S/D,S/D,S/D,0,S/D,S/D,S/D,0
47278214,CHOSICA,LIMA,LIMA,mpas15,pp,20260825,20260923,00Z,D1,6h,0.0,0.0,S/D,1,S/D,S/D,S/D,0,S/D,S/D,S/D,0,S/D,S/D,S/D,0,S/D,S/D,S/D,0
112281,LAS PALMAS,LIMA,LIMA,ecmwf,pp,20260825,20260923,"00Z,12Z",D1,6h,0.114,0.199,0.089,240,0.433,0.86,0.118,30,S/D,S/D,S/D,0,S/D,S/D,S/D,0,S/D,S/D,S/D,0
112281,LAS PALMAS,LIMA,LIMA,gfs,pp,20260825,20260923,"00Z,12Z",D1,6h,0.061,0.115,-0.035,180,0.105,0.962,0.029,19,S/D,S/D,S/D,0,S/D,S/D,S/D,0,S/D,S/D,S/D,0
112281,LAS PALMAS,LIMA,LIMA,eta5,pp,20260825,20260923,"00Z,12Z",D1,6h,0.008,0.069,-0.07,206,0.083,0.867,0.054,24,S/D,S/D,S/D,0,S/D,S/D,S/D,0,S/D,S/D,S/D,0
112281,LAS PALMAS,LIMA,LIMA,wrf5,pp,20260825,20260923,"00Z,12Z",D1,6h,-0.003,0.055,-0.092,236,0.036,0.857,0.029,28,S/D,S/D,S/D,0,S/D,S/D,S/D,0,S/D,S/D,S/D,0
112281,LAS PALMAS,LIMA,LIMA,mpas15,pp,20260825,20260923,00Z,D1,6h,-0.001,0.103,-0.117,120,0.0,1.0,0.0,15,S/D,S/D,S/D,0,S/D,S/D,S/D,0,S/D,S/D,S/D,0
112193,SAN BORJA,LIMA,LIMA,ecmwf,pp,20260825,20260923,"00Z,12Z",D1,6h,0.039,0.107,S/D,212,S/D,1.0,0.0,0,S/D,1.0,0.0,0,S/D,S/D,S/D,0,S/D,S/D,S/D,0
112193,SAN BORJA,LIMA,LIMA,gfs,pp,20260825,20260923,"00Z,12Z",D1,6h,0.014,0.031,S/D,160,S/D,1.0,0.0,0,S/D,S/D,S/D,0,S/D,S/D,S/D,0,S/D,S/D,S/D,0
112193,SAN BORJA,LIMA,LIMA,eta5,pp,20260825,20260923,"00Z,12Z",D1,6h,0.008,0.016,S/D,181,S/D,S/D,S/D,0,S/D,S/D,S/D,0,S/D,S/D,S/D,0,S/D,S/D,S/D,0
112193,SAN BORJA,LIMA,LIMA,wrf5,pp,20260825,20260923,"00Z,12Z",D1,6h,0.01,0.031,S/D,211,S/D,1.0,0.0,0,S/D,S/D,S/D,0,S/D,S/D,S/D,0,S/D,S/D,S/D,0
112193,SAN BORJA,LIMA,LIMA,mpas15,pp,20260825,20260923,00Z,D1,6h,0.019,0.091,S/D,106,S/D,1.0,0.0,0,S/D,S/D,S/D,0,S/D,S/D,S/D,0,S/D,S/D,S/D,0
112267,SAN JUAN DE LURIGANCHO,LIMA,LIMA,ecmwf,pp,20260825,20260923,"00Z,12Z",D1,6h,0.038,0.121,0.16,208,0.5,0.913,0.08,4,S/D,1.0,0.0,0,S/D,S/D,S/D,0,S/D,S/D,S/D,0
112267,SAN JUAN DE LURIGANCHO,LIMA,LIMA,gfs,pp,20260825,20260923,"00Z,12Z",D1,6h,0.008,0.042,0.253,157,0.5,0.0,0.5,4,S/D,S/D,S/D,0,S/D,S/D,S/D,0,S/D,S/D,S/D,0
112267,SAN JUAN DE LURIGANCHO,LIMA,LIMA,eta5,pp,20260825,20260923,"00Z,12Z",D1,6h,-0.001,0.032,0.239,182,0.0,S/D,0.0,3,S/D,S/D,S/D,0,S/D,S/D,S/D,0,S/D,S/D,S/D,0
112267,SAN JUAN DE LURIGANCHO,LIMA,LIMA,wrf5,pp,20260825,20260923,"00Z,12Z",D1,6h,-0.001,0.033,0.082,204,0.25,0.5,0.2,4,S/D,S/D,S/D,0,S/D,S/D,S/D,0,S/D,S/D,S/D,0
112267,SAN JUAN DE LURIGANCHO,LIMA,LIMA,mpas15,pp,20260825,20260923,00Z,D1,6h,0.016,0.08,0.184,104,0.5,0.833,0.143,2,S/D,S/D,S/D,0,S/D,S/D,S/D,0,S/D,S/D,S/D,0
112265,SAN MARTIN DE PORRES,LIMA,LIMA,ecmwf,pp,20260825,20260923,"00Z,12Z",D1,6h,0.042,0.117,S/D,198,S/D,1.0,0.0,0,S/D,1.0,0.0,0,S/D,S/D,S/D,0,S/D,S/D,S/D,0
112265,SAN MARTIN DE PORRES,LIMA,LIMA,gfs,pp,20260825,20260923,"00Z,12Z",D1,6h,0.014,0.031,S/D,151,S/D,1.0,0.0,0,S/D,S/D,S/D,0,S/D,S/D,S/D,0,S/D,S/D,S/D,0
112265,SAN MARTIN DE PORRES,LIMA,LIMA,eta5,pp,20260825,20260923,"00Z,12Z",D1,6h,0.024,0.046,S/D,170,S/D,1.0,0.0,0,S/D,S/D,S/D,0,S/D,S/D,S/D,0,S/D,S/D,S/D,0
112265,SAN MARTIN DE PORRES,LIMA,LIMA,wrf5,pp,20260825,20260923,"00Z,12Z",D1,6h,0.004,0.013,S/D,195,S/D,S/D,S/D,0,S/D,S/D,S/D,0,S/D,S/D,S/D,0,S/D,S/D,S/D,0
112265,SAN MARTIN DE PORRES,LIMA,LIMA,mpas15,pp,20260825,20260923,00Z,D1,6h,0.022,0.095,S/D,99,S/D,1.0,0.0,0,S/D,S/D,S/D,0,S/D,S/D,S/D,0,S/D,S/D,S/D,0
112208,SANTA ANITA,LIMA,LIMA,ecmwf,pp,20260825,20260923,"00Z,12Z",D1,6h,S/D,S/D,S/D,0,S/D,S/D,S/D,0,S/D,S/D,S/D,0,S/D,S/D,S/D,0,S/D,S/D,S/D,0
112208,SANTA ANITA,LIMA,LIMA,gfs,pp,20260825,20260923,"00Z,12Z",D1,6h,S/D,S/D,S/D,0,S/D,S/D,S/D,0,S/D,S/D,S/D,0,S/D,S/D,S/D,0,S/D,S/D,S/D,0
112208,SANTA ANITA,LIMA,LIMA,eta5,pp,20260825,20260923,"00Z,12Z",D1,6h,S/D,S/D,S/D,0,S/D,S/D,S/D,0,S/D,S/D,S/D,0,S/D,S/D,S/D,0,S/D,S/D,S/D,0
112208,SANTA ANITA,LIMA,LIMA,wrf5,pp,20260825,20260923,"00Z,12Z",D1,6h,S/D,S/D,S/D,0,S/D,S/D,S/D,0,S/D,S/D,S/D,0,S/D,S/D,S/D,0,S/D,S/D,S/D,0
112208,SANTA ANITA,LIMA,LIMA,mpas15,pp,20260825,20260923,00Z,D1,6h,S/D,S/D,S/D,0,S/D,S/D,S/D,0,S/D,S/D,S/D,0,S/D,S/D,S/D,0,S/D,S/D,S/D,0
472AC278,VON HUMBOLDT,LIMA,LIMA,ecmwf,pp,20260825,20260923,"00Z,12Z",D1,6h,0.039,0.113,0.074,224,0.0,1.0,0.0,2,S/D,1.0,0.0,0,S/D,S/D,S/D,0,S/D,S/D,S/D,0
472AC278,VON HUMBOLDT,LIMA,LIMA,gfs,pp,20260825,20260923,"00Z,12Z",D1,6h,0.011,0.029,0.267,168,1.0,0.0,1.0,2,S/D,S/D,S/D,0,S/D,S/D,S/D,0,S/D,S/D,S/D,0
472AC278,VON HUMBOLDT,LIMA,LIMA,eta5,pp,20260825,20260923,"00Z,12Z",D1,6h,0.001,0.017,-0.027,192,0.0,S/D,0.0,1,S/D,S/D,S/D,0,S/D,S/D,S/D,0,S/D,S/D,S/D,0
472AC278,VON HUMBOLDT,LIMA,LIMA,wrf5,pp,20260825,20260923,"00Z,12Z",D1,6h,-0.001,0.017,0.143,220,0.0,S/D,0.0,2,S/D,S/D,S/D,0,S/D,S/D,S/D,0,S/D,S/D,S/D,0
472AC278,VON HUMBOLDT,LIMA,LIMA,mpas15,pp,20260825,20260923,00Z,D1,6h,0.033,0.168,0.167,112,1.0,0.833,0.167,1,S/D,1.0,0.0,0,S/D,S/D,S/D,0,S/D,S/D,S/D,0
111290,ÑAÑA,LIMA,LIMA,ecmwf,pp,20260825,20260923,"00Z,12Z",D1,6h,0.004,0.036,0.326,234,0.4,0.5,0.286,10,S/D,S/D,S/D,0,S/D,S/D,S/D,0,S/D,S/D,S/D,0
111290,ÑAÑA,LIMA,LIMA,gfs,pp,20260825,20260923,"00Z,12Z",D1,6h,-0.005,0.037,-0.027,176,0.0,S/D,0.0,7,S/D,S/D,S/D,0,S/D,S/D,S/D,0,S/D,S/D,S/D,0
111290,ÑAÑA,LIMA,LIMA,eta5,pp,20260825,20260923,"00Z,12Z",D1,6h,-0.006,0.035,S/D,201,0.0,S/D,0.0,9,S/D,S/D,S/D,0,S/D,S/D,S/D,0,S/D,S/D,S/D,0
111290,ÑAÑA,LIMA,LIMA,wrf5,pp,20260825,20260923,"00Z,12Z",D1,6h,-0.006,0.033,0.113,231,0.0,S/D,0.0,10,S/D,S/D,S/D,0,S/D,S/D,S/D,0,S/D,S/D,S/D,0
111290,ÑAÑA,LIMA,LIMA,mpas15,pp,20260825,20260923,00Z,D1,6h,0.021,0.142,0.033,117,0.4,0.667,0.222,5,S/D,1.0,0.0,0,S/D,S/D,S/D,0,S/D,S/D,S/D,0
110139,PICOY,LIMA,OYON,ecmwf,pp,20260825,20260923,"00Z,12Z",D1,6h,0.586,1.219,0.015,232,0.625,0.958,0.041,8,0.5,0.976,0.024,2,S/D,1.0,0.0,0,S/D,S/D,S/D,0
110139,PICOY,LIMA,OYON,gfs,pp,20260825,20260923,"00Z,12Z",D1,6h,0.787,2.306,0.067,174,0.667,0.952,0.047,6,1.0,0.943,0.057,2,S/D,1.0,0.0,0,S/D,S/D,S/D,0
110139,PICOY,LIMA,OYON,eta5,pp,20260825,20260923,"00Z,12Z",D1,6h,0.339,0.727,0.058,199,0.571,0.946,0.052,7,0.5,0.966,0.033,2,S/D,S/D,S/D,0,S/D,S/D,S/D,0
110139,PICOY,LIMA,OYON,wrf5,pp,20260825,20260923,"00Z,12Z",D1,6h,0.131,0.557,-0.062,229,0.125,0.971,0.024,8,0.0,1.0,0.0,2,S/D,S/D,S/D,0,S/D,S/D,S/D,0
110139,PICOY,LIMA,OYON,mpas15,pp,20260825,20260923,00Z,D1,6h,0.692,1.827,-0.102,116,0.25,0.972,0.026,4,1.0,0.964,0.036,1,S/D,1.0,0.0,0,S/D,S/D,S/D,0
472364DC,CARANIA,LIMA,YAUYOS,ecmwf,pp,20260825,20260923,"00Z,12Z",D1,6h,0.402,1.099,0.326,212,0.929,0.849,0.149,14,0.625,0.844,0.143,8,S/D,1.0,0.0,0,S/D,S/D,S/D,0
472364DC,CARANIA,LIMA,YAUYOS,gfs,pp,20260825,20260923,"00Z,12Z",D1,6h,0.644,1.484,0.395,157,1.0,0.865,0.135,12,0.833,0.853,0.143,6,S/D,1.0,0.0,0,S/D,S/D,S/D,0
472364DC,CARANIA,LIMA,YAUYOS,eta5,pp,20260825,20260923,"00Z,12Z",D1,6h,0.05,0.772,0.245,184,0.538,0.821,0.156,13,0.125,0.917,0.053,8,S/D,S/D,S/D,0,S/D,S/D,S/D,0
472364DC,CARANIA,LIMA,YAUYOS,wrf5,pp,20260825,20260923,"00Z,12Z",D1,6h,0.199,1.224,0.25,208,0.615,0.81,0.17,13,0.286,0.875,0.095,7,S/D,1.0,0.0,0,S/D,S/D,S/D,0
472364DC,CARANIA,LIMA,YAUYOS,mpas15,pp,20260825,20260923,00Z,D1,6h,0.714,1.922,0.329,106,0.857,0.829,0.167,7,0.75,0.88,0.115,4,S/D,1.0,0.0,0,S/D,S/D,S/D,0
104112,SAN REGIS,LORETO,LORETO,ecmwf,pp,20260825,20260923,"00Z,12Z",D1,6h,-0.103,4.932,0.329,142,0.917,0.823,0.175,12,0.5,0.8,0.167,10,0.25,0.714,0.154,8,0.0,S/D,0.0,2
104112,SAN REGIS,LORETO,LORETO,gfs,pp,20260825,20260923,"00Z,12Z",D1,6h,-0.722,5.387,0.113,110,0.4,0.875,0.105,10,0.125,0.909,0.056,8,0.0,1.0,0.0,6,0.0,S/D,0.0,2
104112,SAN REGIS,LORETO,LORETO,eta5,pp,20260825,20260923,"00Z,12Z",D1,6h,-0.441,5.21,0.103,122,0.545,0.842,0.14,11,0.333,0.889,0.091,9,0.0,1.0,0.0,7,0.0,S/D,0.0,2
104112,SAN REGIS,LORETO,LORETO,wrf5,pp,20260825,20260923,"00Z,12Z",D1,6h,-0.606,5.025,0.083,141,0.182,0.895,0.071,11,0.111,0.875,0.062,9,0.0,1.0,0.0,8,0.0,S/D,0.0,2
104112,SAN REGIS,LORETO,LORETO,mpas15,pp,20260825,20260923,00Z,D1,6h,0.144,4.571,0.382,71,1.0,0.824,0.176,6,0.8,0.778,0.211,5,0.5,0.5,0.333,4,0.0,S/D,0.0,1
4727547C,CABALLOCOCHA,LORETO,MARISCAL RAMON CASTILLA,ecmwf,pp,20260825,20260923,"00Z,12Z",D1,6h,S/D,S/D,S/D,0,S/D,S/D,S/D,0,S/D,S/D,S/D,0,S/D,S/D,S/D,0,S/D,S/D,S/D,0
4727547C,CABALLOCOCHA,LORETO,MARISCAL RAMON CASTILLA,gfs,pp,20260825,20260923,"00Z,12Z",D1,6h,S/D,S/D,S/D,0,S/D,S/D,S/D,0,S/D,S/D,S/D,0,S/D,S/D,S/D,0,S/D,S/D,S/D,0
4727547C,CABALLOCOCHA,LORETO,MARISCAL RAMON CASTILLA,eta5,pp,20260825,20260923,"00Z,12Z",D1,6h,S/D,S/D,S/D,0,S/D,S/D,S/D,0,S/D,S/D,S/D,0,S/D,S/D,S/D,0,S/D,S/D,S/D,0
4727547C,CABALLOCOCHA,LORETO,MARISCAL RAMON CASTILLA,wrf5,pp,20260825,20260923,"00Z,12Z",D1,6h,S/D,S/D,S/D,0,S/D,S/D,S/D,0,S/D,S/D,S/D,0,S/D,S/D,S/D,0,S/D,S/D,S/D,0
4727547C,CABALLOCOCHA,LORETO,MARISCAL RAMON CASTILLA,mpas15,pp,20260825,20260923,00Z,D1,6h,S/D,S/D,S/D,0,S/D,S/D,S/D,0,S/D,S/D,S/D,0,S/D,S/D,S/D,0,S/D,S/D,S/D,0
47288486,PEBAS,LORETO,MARISCAL RAMON CASTILLA,ecmwf,pp,20260825,20260923,"00Z,12Z",D1,6h,S/D,S/D,S/D,0,S/D,S/D,S/D,0,S/D,S/D,S/D,0,S/D,S/D,S/D,0,S/D,S/D,S/D,0
47288486,PEBAS,LORETO,MARISCAL RAMON CASTILLA,gfs,pp,20260825,20260923,"00Z,12Z",D1,6h,S/D,S/D,S/D,0,S/D,S/D,S/D,0,S/D,S/D,S/D,0,S/D,S/D,S/D,0,S/D,S/D,S/D,0
47288486,PEBAS,LORETO,MARISCAL RAMON CASTILLA,eta5,pp,20260825,20260923,"00Z,12Z",D1,6h,S/D,S/D,S/D,0,S/D,S/D,S/D,0,S/D,S/D,S/D,0,S/D,S/D,S/D,0,S/D,S/D,S/D,0
47288486,PEBAS,LORETO,MARISCAL RAMON CASTILLA,wrf5,pp,20260825,20260923,"00Z,12Z",D1,6h,S/D,S/D,S/D,0,S/D,S/D,S/D,0,S/D,S/D,S/D,0,S/D,S/D,S/D,0,S/D,S/D,S/D,0
47288486,PEBAS,LORETO,MARISCAL RAMON CASTILLA,mpas15,pp,20260825,20260923,00Z,D1,6h,S/D,S/D,S/D,0,S/D,S/D,S/D,0,S/D,S/D,S/D,0,S/D,S/D,S/D,0,S/D,S/D,S/D,0
103065,AMAZONAS,LORETO,MAYNAS,ecmwf,pp,20260825,20260923,"00Z,12Z",D1,6h,S/D,S/D,S/D,0,S/D,S/D,S/D,0,S/D,S/D,S/D,0,S/D,S/D,S/D,0,S/D,S/D,S/D,0
103065,AMAZONAS,LORETO,MAYNAS,gfs,pp,20260825,20260923,"00Z,12Z",D1,6h,S/D,S/D,S/D,0,S/D,S/D,S/D,0,S/D,S/D,S/D,0,S/D,S/D,S/D,0,S/D,S/D,S/D,0
103065,AMAZONAS,LORETO,MAYNAS,eta5,pp,20260825,20260923,"00Z,12Z",D1,6h,S/D,S/D,S/D,0,S/D,S/D,S/D,0,S/D,S/D,S/D,0,S/D,S/D,S/D,0,S/D,S/D,S/D,0
103065,AMAZONAS,LORETO,MAYNAS,wrf5,pp,20260825,20260923,"00Z,12Z",D1,6h,S/D,S/D,S/D,0,S/D,S/D,S/D,0,S/D,S/D,S/D,0,S/D,S/D,S/D,0,S/D,S/D,S/D,0
103065,AMAZONAS,LORETO,MAYNAS,mpas15,pp,20260825,20260923,00Z,D1,6h,S/D,S/D,S/D,0,S/D,S/D,S/D,0,S/D,S/D,S/D,0,S/D,S/D,S/D,0,S/D,S/D,S/D,0
47252718,ENAPU PERU,LORETO,MAYNAS,ecmwf,pp,20260825,20260923,"00Z,12Z",D1,6h,0.633,3.408,0.109,218,0.615,0.872,0.119,26,0.444,0.867,0.114,18,0.0,1.0,0.0,8,S/D,S/D,S/D,0
47252718,ENAPU PERU,LORETO,MAYNAS,gfs,pp,20260825,20260923,"00Z,12Z",D1,6h,0.261,2.816,0.239,161,0.667,0.785,0.194,21,0.429,0.842,0.13,14,0.167,0.889,0.071,6,S/D,S/D,S/D,0
47252718,ENAPU PERU,LORETO,MAYNAS,eta5,pp,20260825,20260923,"00Z,12Z",D1,6h,0.101,2.316,0.197,189,0.619,0.809,0.171,21,0.4,0.842,0.128,15,0.0,1.0,0.0,7,S/D,S/D,S/D,0
47252718,ENAPU PERU,LORETO,MAYNAS,wrf5,pp,20260825,20260923,"00Z,12Z",D1,6h,0.93,7.006,0.172,214,0.5,0.755,0.197,26,0.222,0.862,0.093,18,0.125,0.917,0.053,8,S/D,1.0,0.0,0
47252718,ENAPU PERU,LORETO,MAYNAS,mpas15,pp,20260825,20260923,00Z,D1,6h,0.779,3.569,-0.075,109,0.385,0.902,0.085,13,0.333,0.923,0.067,9,0.0,1.0,0.0,4,S/D,S/D,S/D,0
47287402,CONTAMANA,LORETO,UCAYALI,ecmwf,pp,20260825,20260923,"00Z,12Z",D1,6h,S/D,S/D,S/D,0,S/D,S/D,S/D,0,S/D,S/D,S/D,0,S/D,S/D,S/D,0,S/D,S/D,S/D,0
47287402,CONTAMANA,LORETO,UCAYALI,gfs,pp,20260825,20260923,"00Z,12Z",D1,6h,S/D,S/D,S/D,0,S/D,S/D,S/D,0,S/D,S/D,S/D,0,S/D,S/D,S/D,0,S/D,S/D,S/D,0
47287402,CONTAMANA,LORETO,UCAYALI,eta5,pp,20260825,20260923,"00Z,12Z",D1,6h,S/D,S/D,S/D,0,S/D,S/D,S/D,0,S/D,S/D,S/D,0,S/D,S/D,S/D,0,S/D,S/D,S/D,0
47287402,CONTAMANA,LORETO,UCAYALI,wrf5,pp,20260825,20260923,"00Z,12Z",D1,6h,S/D,S/D,S/D,0,S/D,S/D,S/D,0,S/D,S/D,S/D,0,S/D,S/D,S/D,0,S/D,S/D,S/D,0
47287402,CONTAMANA,LORETO,UCAYALI,mpas15,pp,20260825,20260923,00Z,D1,6h,S/D,S/D,S/D,0,S/D,S/D,S/D,0,S/D,S/D,S/D,0,S/D,S/D,S/D,0,S/D,S/D,S/D,0
47E8201A,SALVACION,MADRE DE DIOS,MANU,ecmwf,pp,20260825,20260923,"00Z,12Z",D1,6h,-0.672,6.967,0.438,228,0.793,0.582,0.377,58,0.523,0.489,0.348,44,0.35,0.5,0.259,20,0.167,0.667,0.125,6
47E8201A,SALVACION,MADRE DE DIOS,MANU,gfs,pp,20260825,20260923,"00Z,12Z",D1,6h,-0.857,7.041,0.461,172,0.756,0.514,0.42,45,0.353,0.636,0.218,34,0.133,0.818,0.083,15,0.0,S/D,0.0,4
47E8201A,SALVACION,MADRE DE DIOS,MANU,eta5,pp,20260825,20260923,"00Z,12Z",D1,6h,-1.584,7.646,0.226,195,0.6,0.653,0.282,55,0.333,0.659,0.203,42,0.0,S/D,0.0,19,0.0,S/D,0.0,6
47E8201A,SALVACION,MADRE DE DIOS,MANU,wrf5,pp,20260825,20260923,"00Z,12Z",D1,6h,-0.818,8.848,0.277,225,0.429,0.547,0.282,56,0.333,0.517,0.246,42,0.2,0.6,0.154,20,0.0,1.0,0.0,6
47E8201A,SALVACION,MADRE DE DIOS,MANU,mpas15,pp,20260825,20260923,00Z,D1,6h,1.654,9.24,0.284,114,0.724,0.696,0.273,29,0.818,0.695,0.286,22,0.5,0.773,0.185,10,0.0,1.0,0.0,3
472587E0,IÑAPARI,MADRE DE DIOS,TAHUAMANU,ecmwf,pp,20260825,20260923,"00Z,12Z",D1,6h,-0.732,7.177,0.406,214,0.875,0.781,0.212,16,0.833,0.615,0.357,12,0.6,0.5,0.375,10,0.0,S/D,0.0,4
472587E0,IÑAPARI,MADRE DE DIOS,TAHUAMANU,gfs,pp,20260825,20260923,"00Z,12Z",D1,6h,-0.919,7.349,0.3,160,0.545,0.769,0.194,11,0.5,0.429,0.364,8,0.571,0.333,0.444,7,0.0,1.0,0.0,3
472587E0,IÑAPARI,MADRE DE DIOS,TAHUAMANU,eta5,pp,20260825,20260923,"00Z,12Z",D1,6h,-1.604,8.361,0.412,185,0.562,0.654,0.273,16,0.417,0.5,0.294,12,0.1,0.0,0.1,10,0.0,S/D,0.0,4
472587E0,IÑAPARI,MADRE DE DIOS,TAHUAMANU,wrf5,pp,20260825,20260923,"00Z,12Z",D1,6h,-1.401,8.098,0.443,210,0.375,0.538,0.261,16,0.167,0.5,0.143,12,0.0,1.0,0.0,10,0.0,S/D,0.0,4
472587E0,IÑAPARI,MADRE DE DIOS,TAHUAMANU,mpas15,pp,20260825,20260923,00Z,D1,6h,-0.348,5.35,0.304,107,0.75,0.786,0.2,8,0.833,0.792,0.2,6,0.8,0.333,0.571,5,0.0,S/D,0.0,2
260403,CACHUELA,MADRE DE DIOS,TAMBOPATA,ecmwf,pp,20260825,20260923,"00Z,12Z",D1,6h,0.164,3.608,0.307,234,0.9,0.885,0.114,10,0.625,0.8,0.179,8,0.5,0.889,0.1,2,0.0,S/D,0.0,2
260403,CACHUELA,MADRE DE DIOS,TAMBOPATA,gfs,pp,20260825,20260923,"00Z,12Z",D1,6h,0.025,2.906,0.238,176,0.571,0.879,0.111,7,0.2,0.947,0.043,5,0.0,1.0,0.0,1,0.0,S/D,0.0,1
260403,CACHUELA,MADRE DE DIOS,TAMBOPATA,eta5,pp,20260825,20260923,"00Z,12Z",D1,6h,-0.301,3.768,0.106,201,0.3,0.889,0.088,10,0.125,0.909,0.056,8,0.0,S/D,0.0,2,0.0,S/D,0.0,2
260403,CACHUELA,MADRE DE DIOS,TAMBOPATA,wrf5,pp,20260825,20260923,"00Z,12Z",D1,6h,-0.222,4.169,0.069,231,0.0,1.0,0.0,10,0.0,1.0,0.0,8,0.0,1.0,0.0,2,0.0,1.0,0.0,2
260403,CACHUELA,MADRE DE DIOS,TAMBOPATA,mpas15,pp,20260825,20260923,00Z,D1,6h,0.732,4.267,0.298,117,1.0,0.868,0.132,5,0.75,0.906,0.091,4,0.0,1.0,0.0,1,0.0,S/D,0.0,1
47E8336C,MALINOWSKY,MADRE DE DIOS,TAMBOPATA,ecmwf,pp,20260825,20260923,"00Z,12Z",D1,6h,0.09,4.266,0.258,232,0.643,0.889,0.105,14,0.625,0.839,0.147,8,1.0,0.778,0.222,2,0.0,S/D,0.0,2
47E8336C,MALINOWSKY,MADRE DE DIOS,TAMBOPATA,gfs,pp,20260825,20260923,"00Z,12Z",D1,6h,-0.266,4.671,0.191,174,0.5,0.844,0.135,10,0.667,0.75,0.222,6,0.5,0.667,0.25,2,0.0,S/D,0.0,2
47E8336C,MALINOWSKY,MADRE DE DIOS,TAMBOPATA,eta5,pp,20260825,20260923,"00Z,12Z",D1,6h,-0.374,4.842,0.186,199,0.429,0.786,0.167,14,0.375,0.786,0.158,8,0.0,1.0,0.0,2,0.0,S/D,0.0,2
47E8336C,MALINOWSKY,MADRE DE DIOS,TAMBOPATA,wrf5,pp,20260825,20260923,"00Z,12Z",D1,6h,-0.393,4.587,0.044,229,0.143,0.818,0.087,14,0.125,0.8,0.083,8,0.0,1.0,0.0,2,0.0,S/D,0.0,2
47E8336C,MALINOWSKY,MADRE DE DIOS,TAMBOPATA,mpas15,pp,20260825,20260923,00Z,D1,6h,1.177,4.63,0.193,116,0.714,0.878,0.116,7,0.75,0.909,0.088,4,1.0,0.95,0.05,1,0.0,S/D,0.0,1
260402,PUENTE HERRERA,MADRE DE DIOS,TAMBOPATA,ecmwf,pp,20260825,20260923,"00Z,12Z",D1,6h,0.562,2.015,S/D,234,S/D,1.0,0.0,0,S/D,1.0,0.0,0,S/D,1.0,0.0,0,S/D,S/D,S/D,0
260402,PUENTE HERRERA,MADRE DE DIOS,TAMBOPATA,gfs,pp,20260825,20260923,"00Z,12Z",D1,6h,0.303,0.915,S/D,176,S/D,1.0,0.0,0,S/D,1.0,0.0,0,S/D,1.0,0.0,0,S/D,S/D,S/D,0
260402,PUENTE HERRERA,MADRE DE DIOS,TAMBOPATA,eta5,pp,20260825,20260923,"00Z,12Z",D1,6h,0.163,0.612,S/D,201,S/D,1.0,0.0,0,S/D,1.0,0.0,0,S/D,S/D,S/D,0,S/D,S/D,S/D,0
260402,PUENTE HERRERA,MADRE DE DIOS,TAMBOPATA,wrf5,pp,20260825,20260923,"00Z,12Z",D1,6h,0.181,2.278,S/D,231,S/D,1.0,0.0,0,S/D,1.0,0.0,0,S/D,1.0,0.0,0,S/D,1.0,0.0,0
260402,PUENTE HERRERA,MADRE DE DIOS,TAMBOPATA,mpas15,pp,20260825,20260923,00Z,D1,6h,1.13,2.806,S/D,117,S/D,1.0,0.0,0,S/D,1.0,0.0,0,S/D,1.0,0.0,0,S/D,S/D,S/D,0
112279,PUERTO MALDONADO,MADRE DE DIOS,TAMBOPATA,ecmwf,pp,20260825,20260923,"00Z,12Z",D1,6h,0.373,2.083,0.354,236,0.778,0.821,0.171,18,0.667,0.84,0.148,6,0.25,0.889,0.083,4,S/D,S/D,S/D,0
112279,PUERTO MALDONADO,MADRE DE DIOS,TAMBOPATA,gfs,pp,20260825,20260923,"00Z,12Z",D1,6h,0.169,1.282,0.354,178,0.643,0.735,0.231,14,0.333,0.947,0.048,3,0.0,1.0,0.0,2,S/D,S/D,S/D,0
112279,PUERTO MALDONADO,MADRE DE DIOS,TAMBOPATA,eta5,pp,20260825,20260923,"00Z,12Z",D1,6h,-0.054,1.445,0.112,203,0.222,0.852,0.098,18,0.167,0.909,0.062,6,0.0,S/D,0.0,4,S/D,S/D,S/D,0
112279,PUERTO MALDONADO,MADRE DE DIOS,TAMBOPATA,wrf5,pp,20260825,20260923,"00Z,12Z",D1,6h,0.049,3.368,0.12,232,0.111,0.8,0.077,18,0.0,1.0,0.0,6,0.0,1.0,0.0,4,S/D,1.0,0.0,0
112279,PUERTO MALDONADO,MADRE DE DIOS,TAMBOPATA,mpas15,pp,20260825,20260923,00Z,D1,6h,0.936,2.861,0.272,118,0.667,0.842,0.146,9,0.667,0.938,0.061,3,0.5,0.9,0.091,2,S/D,S/D,S/D,0
260002,TAMBOPATA,MADRE DE DIOS,TAMBOPATA,ecmwf,pp,20260825,20260923,"00Z,12Z",D1,6h,S/D,S/D,S/D,0,S/D,S/D,S/D,0,S/D,S/D,S/D,0,S/D,S/D,S/D,0,S/D,S/D,S/D,0
260002,TAMBOPATA,MADRE DE DIOS,TAMBOPATA,gfs,pp,20260825,20260923,"00Z,12Z",D1,6h,S/D,S/D,S/D,0,S/D,S/D,S/D,0,S/D,S/D,S/D,0,S/D,S/D,S/D,0,S/D,S/D,S/D,0
260002,TAMBOPATA,MADRE DE DIOS,TAMBOPATA,eta5,pp,20260825,20260923,"00Z,12Z",D1,6h,S/D,S/D,S/D,0,S/D,S/D,S/D,0,S/D,S/D,S/D,0,S/D,S/D,S/D,0,S/D,S/D,S/D,0
260002,TAMBOPATA,MADRE DE DIOS,TAMBOPATA,wrf5,pp,20260825,20260923,"00Z,12Z",D1,6h,S/D,S/D,S/D,0,S/D,S/D,S/D,0,S/D,S/D,S/D,0,S/D,S/D,S/D,0,S/D,S/D,S/D,0
260002,TAMBOPATA,MADRE DE DIOS,TAMBOPATA,mpas15,pp,20260825,20260923,00Z,D1,6h,S/D,S/D,S/D,0,S/D,S/D,S/D,0,S/D,S/D,S/D,0,S/D,S/D,S/D,0,S/D,S/D,S/D,0
4723F1BE,MOQUEGUA,MOQUEGUA,MARISCAL NIETO,ecmwf,pp,20260825,20260923,"00Z,12Z",D1,6h,0.006,0.028,S/D,232,S/D,1.0,0.0,0,S/D,S/D,S/D,0,S/D,S/D,S/D,0,S/D,S/D,S/D,0
4723F1BE,MOQUEGUA,MOQUEGUA,MARISCAL NIETO,gfs,pp,20260825,20260923,"00Z,12Z",D1,6h,0.0,0.005,S/D,175,S/D,S/D,S/D,0,S/D,S/D,S/D,0,S/D,S/D,S/D,0,S/D,S/D,S/D,0
4723F1BE,MOQUEGUA,MOQUEGUA,MARISCAL NIETO,eta5,pp,20260825,20260923,"00Z,12Z",D1,6h,0.0,0.0,S/D,199,S/D,S/D,S/D,0,S/D,S/D,S/D,0,S/D,S/D,S/D,0,S/D,S/D,S/D,0
4723F1BE,MOQUEGUA,MOQUEGUA,MARISCAL NIETO,wrf5,pp,20260825,20260923,"00Z,12Z",D1,6h,0.0,0.002,S/D,228,S/D,S/D,S/D,0,S/D,S/D,S/D,0,S/D,S/D,S/D,0,S/D,S/D,S/D,0
4723F1BE,MOQUEGUA,MOQUEGUA,MARISCAL NIETO,mpas15,pp,20260825,20260923,00Z,D1,6h,0.0,0.0,S/D,116,S/D,S/D,S/D,0,S/D,S/D,S/D,0,S/D,S/D,S/D,0,S/D,S/D,S/D,0
110137,12 DE OCTUBRE,PASCO,DANIEL ALCIDES CARRION,ecmwf,pp,20260825,20260923,"00Z,12Z",D1,6h,0.341,1.404,0.297,232,0.7,0.725,0.246,40,0.5,0.881,0.106,10,0.0,1.0,0.0,2,S/D,S/D,S/D,0
110137,12 DE OCTUBRE,PASCO,DANIEL ALCIDES CARRION,gfs,pp,20260825,20260923,"00Z,12Z",D1,6h,0.452,1.217,0.449,175,0.967,0.718,0.279,30,0.857,0.838,0.158,7,0.0,1.0,0.0,1,S/D,S/D,S/D,0
110137,12 DE OCTUBRE,PASCO,DANIEL ALCIDES CARRION,eta5,pp,20260825,20260923,"00Z,12Z",D1,6h,-0.09,1.041,0.285,199,0.618,0.661,0.28,34,0.0,1.0,0.0,9,0.0,S/D,0.0,2,S/D,S/D,S/D,0
110137,12 DE OCTUBRE,PASCO,DANIEL ALCIDES CARRION,wrf5,pp,20260825,20260923,"00Z,12Z",D1,6h,0.162,1.453,0.478,229,0.625,0.49,0.391,40,0.5,0.8,0.167,10,0.0,1.0,0.0,2,S/D,S/D,S/D,0
110137,12 DE OCTUBRE,PASCO,DANIEL ALCIDES CARRION,mpas15,pp,20260825,20260923,00Z,D1,6h,0.885,2.346,0.238,116,0.7,0.725,0.246,20,0.6,0.925,0.071,5,0.0,1.0,0.0,1,S/D,S/D,S/D,0
4725D79C,OXAPAMPA,PASCO,OXAPAMPA,ecmwf,pp,20260825,20260923,"00Z,12Z",D1,6h,0.719,2.351,0.163,234,0.839,0.717,0.269,56,0.6,0.841,0.144,30,0.0,1.0,0.0,8,S/D,S/D,S/D,0
4725D79C,OXAPAMPA,PASCO,OXAPAMPA,gfs,pp,20260825,20260923,"00Z,12Z",D1,6h,1.231,2.639,0.275,176,0.932,0.707,0.287,44,0.8,0.789,0.2,25,0.286,0.818,0.125,7,S/D,S/D,S/D,0
4725D79C,OXAPAMPA,PASCO,OXAPAMPA,eta5,pp,20260825,20260923,"00Z,12Z",D1,6h,-0.463,1.789,0.013,201,0.224,0.744,0.136,49,0.0,1.0,0.0,26,0.0,S/D,0.0,8,S/D,S/D,S/D,0
4725D79C,OXAPAMPA,PASCO,OXAPAMPA,wrf5,pp,20260825,20260923,"00Z,12Z",D1,6h,-0.107,1.773,0.279,231,0.537,0.613,0.29,54,0.207,0.833,0.102,29,0.0,1.0,0.0,8,S/D,S/D,S/D,0
4725D79C,OXAPAMPA,PASCO,OXAPAMPA,mpas15,pp,20260825,20260923,00Z,D1,6h,0.617,2.351,0.198,117,0.643,0.673,0.277,28,0.467,0.857,0.123,15,0.0,1.0,0.0,4,S/D,S/D,S/D,0
109093,PUERTO BERMUDEZ,PASCO,OXAPAMPA,ecmwf,pp,20260825,20260923,"00Z,12Z",D1,6h,-0.366,7.734,0.313,232,0.857,0.692,0.293,56,0.611,0.667,0.275,36,0.292,0.72,0.167,24,0.0,S/D,0.0,4
109093,PUERTO BERMUDEZ,PASCO,OXAPAMPA,gfs,pp,20260825,20260923,"00Z,12Z",D1,6h,-0.589,6.467,0.3,174,0.698,0.712,0.256,43,0.654,0.673,0.279,26,0.444,0.385,0.348,18,0.0,S/D,0.0,2
109093,PUERTO BERMUDEZ,PASCO,OXAPAMPA,eta5,pp,20260825,20260923,"00Z,12Z",D1,6h,-1.715,8.301,0.222,199,0.58,0.667,0.269,50,0.455,0.625,0.259,33,0.048,0.0,0.048,21,0.0,S/D,0.0,4
109093,PUERTO BERMUDEZ,PASCO,OXAPAMPA,wrf5,pp,20260825,20260923,"00Z,12Z",D1,6h,-1.711,7.662,0.415,229,0.393,0.312,0.333,56,0.25,0.438,0.209,36,0.167,0.0,0.167,24,0.0,1.0,0.0,4
109093,PUERTO BERMUDEZ,PASCO,OXAPAMPA,mpas15,pp,20260825,20260923,00Z,D1,6h,-0.244,7.871,0.334,116,0.75,0.632,0.328,28,0.722,0.705,0.265,18,0.333,0.692,0.19,12,0.0,1.0,0.0,2
104114,ALTO DE POCLUS,PIURA,AYABACA,ecmwf,pp,20260825,20260923,"00Z,12Z",D1,6h,0.0,0.0,S/D,2,S/D,S/D,S/D,0,S/D,S/D,S/D,0,S/D,S/D,S/D,0,S/D,S/D,S/D,0
104114,ALTO DE POCLUS,PIURA,AYABACA,gfs,pp,20260825,20260923,"00Z,12Z",D1,6h,0.0,0.0,S/D,2,S/D,S/D,S/D,0,S/D,S/D,S/D,0,S/D,S/D,S/D,0,S/D,S/D,S/D,0
104114,ALTO DE POCLUS,PIURA,AYABACA,eta5,pp,20260825,20260923,"00Z,12Z",D1,6h,0.0,0.0,S/D,2,S/D,S/D,S/D,0,S/D,S/D,S/D,0,S/D,S/D,S/D,0,S/D,S/D,S/D,0
104114,ALTO DE POCLUS,PIURA,AYABACA,wrf5,pp,20260825,20260923,"00Z,12Z",D1,6h,0.0,0.0,S/D,2,S/D,S/D,S/D,0,S/D,S/D,S/D,0,S/D,S/D,S/D,0,S/D,S/D,S/D,0
104114,ALTO DE POCLUS,PIURA,AYABACA,mpas15,pp,20260825,20260923,00Z,D1,6h,0.0,0.0,S/D,1,S/D,S/D,S/D,0,S/D,S/D,S/D,0,S/D,S/D,S/D,0,S/D,S/D,S/D,0
47E9177A,EL CIRUELO,PIURA,AYABACA,ecmwf,pp,20260825,20260923,"00Z,12Z",D1,6h,0.664,2.268,0.254,230,0.786,0.857,0.138,14,0.667,0.879,0.114,6,0.0,1.0,0.0,2,S/D,S/D,S/D,0
47E9177A,EL CIRUELO,PIURA,AYABACA,gfs,pp,20260825,20260923,"00Z,12Z",D1,6h,0.342,1.189,0.31,173,0.818,0.83,0.164,11,0.75,0.824,0.167,4,1.0,0.8,0.2,1,S/D,S/D,S/D,0
47E9177A,EL CIRUELO,PIURA,AYABACA,eta5,pp,20260825,20260923,"00Z,12Z",D1,6h,0.382,1.062,0.186,197,0.455,0.912,0.079,11,0.5,0.949,0.049,4,0.0,S/D,0.0,2,S/D,S/D,S/D,0
47E9177A,EL CIRUELO,PIURA,AYABACA,wrf5,pp,20260825,20260923,"00Z,12Z",D1,6h,0.406,3.171,0.247,227,0.429,0.806,0.154,14,0.667,0.692,0.267,6,1.0,0.667,0.333,2,S/D,1.0,0.0,0
47E9177A,EL CIRUELO,PIURA,AYABACA,mpas15,pp,20260825,20260923,00Z,D1,6h,0.368,1.34,0.01,115,0.429,0.885,0.1,7,0.333,0.941,0.053,3,0.0,1.0,0.0,1,S/D,S/D,S/D,0
47E281B0,HUALCUY,PIURA,AYABACA,ecmwf,pp,20260825,20260923,"00Z,12Z",D1,6h,0.201,1.681,0.242,234,0.8,0.864,0.131,20,0.333,0.929,0.062,6,0.167,0.0,0.167,6,S/D,S/D,S/D,0
47E281B0,HUALCUY,PIURA,AYABACA,gfs,pp,20260825,20260923,"00Z,12Z",D1,6h,-0.043,1.501,0.148,177,0.688,0.836,0.153,16,0.4,0.714,0.2,5,0.2,0.0,0.2,5,S/D,S/D,S/D,0
47E281B0,HUALCUY,PIURA,AYABACA,eta5,pp,20260825,20260923,"00Z,12Z",D1,6h,-0.217,1.609,0.067,201,0.176,0.833,0.094,17,0.2,0.667,0.143,5,0.0,S/D,0.0,5,S/D,S/D,S/D,0
47E281B0,HUALCUY,PIURA,AYABACA,wrf5,pp,20260825,20260923,"00Z,12Z",D1,6h,-0.164,1.494,0.232,230,0.15,0.727,0.107,20,0.333,0.6,0.222,6,0.333,0.0,0.333,6,S/D,S/D,S/D,0
47E281B0,HUALCUY,PIURA,AYABACA,mpas15,pp,20260825,20260923,00Z,D1,6h,0.088,1.686,0.142,117,0.5,0.762,0.192,10,0.333,0.933,0.059,3,0.333,0.0,0.333,3,S/D,S/D,S/D,0
472FC5B8,PAIMAS,PIURA,AYABACA,ecmwf,pp,20260825,20260923,"00Z,12Z",D1,6h,0.418,1.01,0.147,236,0.75,0.95,0.049,8,1.0,0.949,0.051,2,1.0,0.333,0.667,2,S/D,S/D,S/D,0
472FC5B8,PAIMAS,PIURA,AYABACA,gfs,pp,20260825,20260923,"00Z,12Z",D1,6h,0.109,1.218,0.111,178,0.571,0.926,0.07,7,1.0,0.846,0.154,2,0.0,1.0,0.0,2,S/D,S/D,S/D,0
472FC5B8,PAIMAS,PIURA,AYABACA,eta5,pp,20260825,20260923,"00Z,12Z",D1,6h,0.121,0.98,0.074,203,0.5,0.941,0.056,6,1.0,0.941,0.059,1,0.0,S/D,0.0,1,S/D,S/D,S/D,0
472FC5B8,PAIMAS,PIURA,AYABACA,wrf5,pp,20260825,20260923,"00Z,12Z",D1,6h,-0.084,1.248,0.125,232,0.25,0.833,0.111,8,0.5,0.5,0.333,2,0.0,1.0,0.0,2,S/D,S/D,S/D,0
472FC5B8,PAIMAS,PIURA,AYABACA,mpas15,pp,20260825,20260923,00Z,D1,6h,0.157,1.19,0.107,118,0.5,0.92,0.074,4,1.0,0.941,0.059,1,0.0,S/D,0.0,1,S/D,S/D,S/D,0
47E0C74E,PUENTE MACARA,PIURA,AYABACA,ecmwf,pp,20260825,20260923,"00Z,12Z",D1,6h,0.396,1.53,0.154,232,1.0,0.971,0.029,2,S/D,1.0,0.0,0,S/D,1.0,0.0,0,S/D,S/D,S/D,0
47E0C74E,PUENTE MACARA,PIURA,AYABACA,gfs,pp,20260825,20260923,"00Z,12Z",D1,6h,0.173,0.883,0.275,175,1.0,0.92,0.08,2,S/D,1.0,0.0,0,S/D,1.0,0.0,0,S/D,S/D,S/D,0
47E0C74E,PUENTE MACARA,PIURA,AYABACA,eta5,pp,20260825,20260923,"00Z,12Z",D1,6h,0.483,1.03,0.198,199,1.0,0.968,0.032,2,S/D,1.0,0.0,0,S/D,S/D,S/D,0,S/D,S/D,S/D,0
47E0C74E,PUENTE MACARA,PIURA,AYABACA,wrf5,pp,20260825,20260923,"00Z,12Z",D1,6h,0.04,0.24,0.197,228,0.5,0.909,0.083,2,S/D,1.0,0.0,0,S/D,S/D,S/D,0,S/D,S/D,S/D,0
47E0C74E,PUENTE MACARA,PIURA,AYABACA,mpas15,pp,20260825,20260923,00Z,D1,6h,0.693,2.121,0.148,116,1.0,0.971,0.029,1,S/D,1.0,0.0,0,S/D,1.0,0.0,0,S/D,S/D,S/D,0
472FF022,SAPILLICA,PIURA,AYABACA,ecmwf,pp,20260825,20260923,"00Z,12Z",D1,6h,0.429,0.941,0.249,234,0.556,0.748,0.21,54,1.0,0.897,0.103,4,1.0,0.333,0.667,2,S/D,S/D,S/D,0
472FF022,SAPILLICA,PIURA,AYABACA,gfs,pp,20260825,20260923,"00Z,12Z",D1,6h,0.139,0.704,0.193,176,0.429,0.667,0.231,42,0.667,0.846,0.143,3,0.0,1.0,0.0,2,S/D,S/D,S/D,0
472FF022,SAPILLICA,PIURA,AYABACA,eta5,pp,20260825,20260923,"00Z,12Z",D1,6h,0.019,0.51,0.086,201,0.217,0.706,0.143,46,0.333,0.857,0.111,3,0.0,S/D,0.0,1,S/D,S/D,S/D,0
472FF022,SAPILLICA,PIURA,AYABACA,wrf5,pp,20260825,20260923,"00Z,12Z",D1,6h,-0.06,0.692,0.344,230,0.241,0.133,0.232,54,0.0,1.0,0.0,4,0.0,S/D,0.0,2,S/D,S/D,S/D,0
472FF022,SAPILLICA,PIURA,AYABACA,mpas15,pp,20260825,20260923,00Z,D1,6h,0.194,0.727,0.214,117,0.37,0.615,0.233,27,1.0,0.875,0.125,2,0.0,1.0,0.0,1,S/D,S/D,S/D,0
472F86B2,CANCHAQUE,PIURA,HUANCABAMBA,ecmwf,pp,20260825,20260923,"00Z,12Z",D1,6h,0.131,0.519,0.262,236,0.523,0.739,0.211,44,0.5,0.75,0.2,8,S/D,S/D,S/D,0,S/D,S/D,S/D,0
472F86B2,CANCHAQUE,PIURA,HUANCABAMBA,gfs,pp,20260825,20260923,"00Z,12Z",D1,6h,0.12,0.563,0.289,178,0.571,0.661,0.27,35,0.571,0.429,0.4,7,S/D,1.0,0.0,0,S/D,S/D,S/D,0
472F86B2,CANCHAQUE,PIURA,HUANCABAMBA,eta5,pp,20260825,20260923,"00Z,12Z",D1,6h,-0.032,0.451,0.315,203,0.314,0.621,0.208,35,0.143,0.667,0.111,7,S/D,S/D,S/D,0,S/D,S/D,S/D,0
472F86B2,CANCHAQUE,PIURA,HUANCABAMBA,wrf5,pp,20260825,20260923,"00Z,12Z",D1,6h,-0.101,0.42,0.398,232,0.14,0.0,0.14,43,0.125,0.0,0.125,8,S/D,S/D,S/D,0,S/D,S/D,S/D,0
472F86B2,CANCHAQUE,PIURA,HUANCABAMBA,mpas15,pp,20260825,20260923,00Z,D1,6h,0.086,0.591,0.114,118,0.227,0.688,0.152,22,0.5,0.8,0.167,4,S/D,1.0,0.0,0,S/D,S/D,S/D,0
472FE354,HUANCABAMBA,PIURA,HUANCABAMBA,ecmwf,pp,20260825,20260923,"00Z,12Z",D1,6h,0.38,0.957,0.233,236,0.75,0.829,0.162,24,0.0,1.0,0.0,2,S/D,1.0,0.0,0,S/D,S/D,S/D,0
472FE354,HUANCABAMBA,PIURA,HUANCABAMBA,gfs,pp,20260825,20260923,"00Z,12Z",D1,6h,0.246,0.837,0.108,178,0.529,0.878,0.11,17,0.5,0.923,0.071,2,S/D,1.0,0.0,0,S/D,S/D,S/D,0
472FE354,HUANCABAMBA,PIURA,HUANCABAMBA,eta5,pp,20260825,20260923,"00Z,12Z",D1,6h,-0.01,0.213,0.016,203,0.0,1.0,0.0,17,0.0,S/D,0.0,2,S/D,S/D,S/D,0,S/D,S/D,S/D,0
472FE354,HUANCABAMBA,PIURA,HUANCABAMBA,wrf5,pp,20260825,20260923,"00Z,12Z",D1,6h,-0.018,0.204,-0.011,232,0.083,0.818,0.061,24,0.0,1.0,0.0,2,S/D,S/D,S/D,0,S/D,S/D,S/D,0
472FE354,HUANCABAMBA,PIURA,HUANCABAMBA,mpas15,pp,20260825,20260923,00Z,D1,6h,0.456,1.725,0.055,118,0.25,0.889,0.083,12,1.0,0.947,0.053,1,S/D,1.0,0.0,0,S/D,S/D,S/D,0
472761E6,HUARMACA,PIURA,HUANCABAMBA,ecmwf,pp,20260825,20260923,"00Z,12Z",D1,6h,0.197,0.535,0.274,234,0.591,0.852,0.134,22,0.5,0.875,0.111,4,S/D,S/D,S/D,0,S/D,S/D,S/D,0
472761E6,HUARMACA,PIURA,HUANCABAMBA,gfs,pp,20260825,20260923,"00Z,12Z",D1,6h,0.187,0.706,0.238,176,0.611,0.814,0.167,18,0.0,1.0,0.0,4,S/D,1.0,0.0,0,S/D,S/D,S/D,0
472761E6,HUARMACA,PIURA,HUANCABAMBA,eta5,pp,20260825,20260923,"00Z,12Z",D1,6h,0.011,0.209,0.199,201,0.444,0.778,0.174,18,0.0,S/D,0.0,3,S/D,S/D,S/D,0,S/D,S/D,S/D,0
472761E6,HUARMACA,PIURA,HUANCABAMBA,wrf5,pp,20260825,20260923,"00Z,12Z",D1,6h,-0.034,0.227,0.639,230,0.182,0.0,0.182,22,0.0,1.0,0.0,4,S/D,S/D,S/D,0,S/D,S/D,S/D,0
472761E6,HUARMACA,PIURA,HUANCABAMBA,mpas15,pp,20260825,20260923,00Z,D1,6h,0.186,0.731,0.172,117,0.364,0.75,0.174,11,0.5,0.909,0.083,2,S/D,1.0,0.0,0,S/D,S/D,S/D,0
472FB328,CHALACO,PIURA,MORROPON,ecmwf,pp,20260825,20260923,"00Z,12Z",D1,6h,-0.015,1.577,0.154,234,0.395,0.758,0.176,38,0.667,0.667,0.286,6,0.25,0.0,0.25,4,S/D,S/D,S/D,0
472FB328,CHALACO,PIURA,MORROPON,gfs,pp,20260825,20260923,"00Z,12Z",D1,6h,0.068,1.951,0.149,177,0.467,0.785,0.173,30,0.667,0.8,0.182,6,0.5,0.0,0.5,4,S/D,S/D,S/D,0
472FB328,CHALACO,PIURA,MORROPON,eta5,pp,20260825,20260923,"00Z,12Z",D1,6h,-0.138,1.797,0.093,201,0.176,0.786,0.107,34,0.25,0.857,0.1,4,0.0,S/D,0.0,3,S/D,S/D,S/D,0
472FB328,CHALACO,PIURA,MORROPON,wrf5,pp,20260825,20260923,"00Z,12Z",D1,6h,-0.1,1.748,0.215,230,0.289,0.621,0.196,38,0.167,0.8,0.1,6,0.25,0.0,0.25,4,S/D,S/D,S/D,0
472FB328,CHALACO,PIURA,MORROPON,mpas15,pp,20260825,20260923,00Z,D1,6h,0.248,1.884,0.118,117,0.368,0.774,0.163,19,1.0,0.85,0.15,3,0.5,0.0,0.5,2,S/D,S/D,S/D,0
472F6540,CHULUCANAS,PIURA,MORROPON,ecmwf,pp,20260825,20260923,"00Z,12Z",D1,6h,0.118,0.49,0.172,232,1.0,0.926,0.074,2,1.0,0.778,0.222,2,S/D,1.0,0.0,0,S/D,S/D,S/D,0
472F6540,CHULUCANAS,PIURA,MORROPON,gfs,pp,20260825,20260923,"00Z,12Z",D1,6h,0.023,0.311,0.366,175,1.0,0.846,0.154,2,0.5,0.75,0.2,2,S/D,S/D,S/D,0,S/D,S/D,S/D,0
472F6540,CHULUCANAS,PIURA,MORROPON,eta5,pp,20260825,20260923,"00Z,12Z",D1,6h,0.056,0.275,0.185,199,1.0,0.947,0.053,1,1.0,0.8,0.2,1,S/D,S/D,S/D,0,S/D,S/D,S/D,0
472F6540,CHULUCANAS,PIURA,MORROPON,wrf5,pp,20260825,20260923,"00Z,12Z",D1,6h,0.004,0.327,0.269,228,0.5,0.889,0.1,2,0.0,1.0,0.0,2,S/D,S/D,S/D,0,S/D,S/D,S/D,0
472F6540,CHULUCANAS,PIURA,MORROPON,mpas15,pp,20260825,20260923,00Z,D1,6h,0.06,0.301,0.169,116,1.0,0.889,0.111,1,1.0,0.8,0.2,1,S/D,S/D,S/D,0,S/D,S/D,S/D,0
47E037CA,CORRAL DEL MEDIO,PIURA,MORROPON,ecmwf,pp,20260825,20260923,"00Z,12Z",D1,6h,0.0,0.0,S/D,2,S/D,S/D,S/D,0,S/D,S/D,S/D,0,S/D,S/D,S/D,0,S/D,S/D,S/D,0
47E037CA,CORRAL DEL MEDIO,PIURA,MORROPON,gfs,pp,20260825,20260923,"00Z,12Z",D1,6h,0.0,0.0,S/D,1,S/D,S/D,S/D,0,S/D,S/D,S/D,0,S/D,S/D,S/D,0,S/D,S/D,S/D,0
47E037CA,CORRAL DEL MEDIO,PIURA,MORROPON,eta5,pp,20260825,20260923,"00Z,12Z",D1,6h,0.0,0.0,S/D,2,S/D,S/D,S/D,0,S/D,S/D,S/D,0,S/D,S/D,S/D,0,S/D,S/D,S/D,0
47E037CA,CORRAL DEL MEDIO,PIURA,MORROPON,wrf5,pp,20260825,20260923,"00Z,12Z",D1,6h,0.0,0.0,S/D,2,S/D,S/D,S/D,0,S/D,S/D,S/D,0,S/D,S/D,S/D,0,S/D,S/D,S/D,0
47E037CA,CORRAL DEL MEDIO,PIURA,MORROPON,mpas15,pp,20260825,20260923,00Z,D1,6h,0.002,0.002,S/D,1,S/D,S/D,S/D,0,S/D,S/D,S/D,0,S/D,S/D,S/D,0,S/D,S/D,S/D,0
472F50DA,EL VIRREY,PIURA,MORROPON,ecmwf,pp,20260825,20260923,"00Z,12Z",D1,6h,0.133,0.855,-0.061,232,0.0,1.0,0.0,2,S/D,1.0,0.0,0,S/D,1.0,0.0,0,S/D,S/D,S/D,0
472F50DA,EL VIRREY,PIURA,MORROPON,gfs,pp,20260825,20260923,"00Z,12Z",D1,6h,0.004,0.029,-0.022,175,0.0,1.0,0.0,2,S/D,S/D,S/D,0,S/D,S/D,S/D,0,S/D,S/D,S/D,0
472F50DA,EL VIRREY,PIURA,MORROPON,eta5,pp,20260825,20260923,"00Z,12Z",D1,6h,0.009,0.054,-0.04,199,0.0,1.0,0.0,2,S/D,S/D,S/D,0,S/D,S/D,S/D,0,S/D,S/D,S/D,0
472F50DA,EL VIRREY,PIURA,MORROPON,wrf5,pp,20260825,20260923,"00Z,12Z",D1,6h,0.001,0.012,-0.023,228,0.0,S/D,0.0,2,S/D,S/D,S/D,0,S/D,S/D,S/D,0,S/D,S/D,S/D,0
472F50DA,EL VIRREY,PIURA,MORROPON,mpas15,pp,20260825,20260923,00Z,D1,6h,-0.001,0.009,0.137,116,0.0,S/D,0.0,1,S/D,S/D,S/D,0,S/D,S/D,S/D,0,S/D,S/D,S/D,0
47E074C0,HACIENDA BARRIOS,PIURA,MORROPON,ecmwf,pp,20260825,20260923,"00Z,12Z",D1,6h,0.289,1.263,0.161,230,1.0,0.971,0.029,2,S/D,1.0,0.0,0,S/D,1.0,0.0,0,S/D,S/D,S/D,0
47E074C0,HACIENDA BARRIOS,PIURA,MORROPON,gfs,pp,20260825,20260923,"00Z,12Z",D1,6h,0.072,0.329,0.254,173,1.0,0.895,0.105,2,S/D,1.0,0.0,0,S/D,S/D,S/D,0,S/D,S/D,S/D,0
47E074C0,HACIENDA BARRIOS,PIURA,MORROPON,eta5,pp,20260825,20260923,"00Z,12Z",D1,6h,0.132,0.374,0.156,198,1.0,0.971,0.029,1,S/D,1.0,0.0,0,S/D,S/D,S/D,0,S/D,S/D,S/D,0
47E074C0,HACIENDA BARRIOS,PIURA,MORROPON,wrf5,pp,20260825,20260923,"00Z,12Z",D1,6h,0.03,0.12,0.171,226,1.0,0.867,0.133,2,S/D,1.0,0.0,0,S/D,S/D,S/D,0,S/D,S/D,S/D,0
47E074C0,HACIENDA BARRIOS,PIURA,MORROPON,mpas15,pp,20260825,20260923,00Z,D1,6h,0.267,1.164,0.167,115,1.0,0.941,0.059,1,S/D,1.0,0.0,0,S/D,1.0,0.0,0,S/D,S/D,S/D,0
472F95C4,HACIENDA BIGOTE ,PIURA,MORROPON,ecmwf,pp,20260825,20260923,"00Z,12Z",D1,6h,0.278,1.235,0.206,236,1.0,0.943,0.057,4,S/D,1.0,0.0,0,S/D,1.0,0.0,0,S/D,S/D,S/D,0
472F95C4,HACIENDA BIGOTE ,PIURA,MORROPON,gfs,pp,20260825,20260923,"00Z,12Z",D1,6h,0.064,0.311,0.234,178,0.75,0.842,0.15,4,S/D,1.0,0.0,0,S/D,S/D,S/D,0,S/D,S/D,S/D,0
472F95C4,HACIENDA BIGOTE ,PIURA,MORROPON,eta5,pp,20260825,20260923,"00Z,12Z",D1,6h,0.119,0.405,0.061,203,0.333,0.964,0.033,3,S/D,1.0,0.0,0,S/D,S/D,S/D,0,S/D,S/D,S/D,0
472F95C4,HACIENDA BIGOTE ,PIURA,MORROPON,wrf5,pp,20260825,20260923,"00Z,12Z",D1,6h,0.013,0.12,0.133,232,0.25,0.909,0.071,4,S/D,1.0,0.0,0,S/D,S/D,S/D,0,S/D,S/D,S/D,0
472F95C4,HACIENDA BIGOTE ,PIURA,MORROPON,mpas15,pp,20260825,20260923,00Z,D1,6h,0.264,1.138,0.051,118,0.5,0.944,0.053,2,S/D,1.0,0.0,0,S/D,1.0,0.0,0,S/D,S/D,S/D,0
472FA05E,MALACASI,PIURA,MORROPON,ecmwf,pp,20260825,20260923,"00Z,12Z",D1,6h,0.278,1.216,0.159,236,1.0,0.971,0.029,2,1.0,0.846,0.154,2,S/D,1.0,0.0,0,S/D,S/D,S/D,0
472FA05E,MALACASI,PIURA,MORROPON,gfs,pp,20260825,20260923,"00Z,12Z",D1,6h,0.064,0.282,0.251,177,1.0,0.895,0.105,2,1.0,0.5,0.5,2,S/D,S/D,S/D,0,S/D,S/D,S/D,0
472FA05E,MALACASI,PIURA,MORROPON,eta5,pp,20260825,20260923,"00Z,12Z",D1,6h,0.068,0.251,0.182,203,1.0,0.933,0.067,1,1.0,0.8,0.2,1,S/D,S/D,S/D,0,S/D,S/D,S/D,0
472FA05E,MALACASI,PIURA,MORROPON,wrf5,pp,20260825,20260923,"00Z,12Z",D1,6h,0.008,0.1,0.31,232,1.0,0.778,0.222,2,0.5,0.0,0.5,2,S/D,S/D,S/D,0,S/D,S/D,S/D,0
472FA05E,MALACASI,PIURA,MORROPON,mpas15,pp,20260825,20260923,00Z,D1,6h,0.141,0.408,0.165,118,1.0,0.941,0.059,1,1.0,0.923,0.077,1,S/D,S/D,S/D,0,S/D,S/D,S/D,0
472F7636,MORROPON,PIURA,MORROPON,ecmwf,pp,20260825,20260923,"00Z,12Z",D1,6h,0.117,0.823,0.075,238,0.5,0.923,0.071,4,1.0,0.667,0.333,2,S/D,1.0,0.0,0,S/D,S/D,S/D,0
472F7636,MORROPON,PIURA,MORROPON,gfs,pp,20260825,20260923,"00Z,12Z",D1,6h,-0.004,0.183,0.289,179,0.667,0.8,0.182,3,1.0,0.0,1.0,2,S/D,S/D,S/D,0,S/D,S/D,S/D,0
472F7636,MORROPON,PIURA,MORROPON,eta5,pp,20260825,20260923,"00Z,12Z",D1,6h,0.105,0.383,0.05,205,0.333,0.969,0.029,3,1.0,0.9,0.1,1,S/D,S/D,S/D,0,S/D,S/D,S/D,0
472F7636,MORROPON,PIURA,MORROPON,wrf5,pp,20260825,20260923,"00Z,12Z",D1,6h,0.014,0.248,0.17,234,0.5,0.833,0.143,4,0.5,0.75,0.2,2,S/D,S/D,S/D,0,S/D,S/D,S/D,0
472F7636,MORROPON,PIURA,MORROPON,mpas15,pp,20260825,20260923,00Z,D1,6h,0.134,0.409,0.109,119,0.5,0.947,0.05,2,1.0,0.909,0.091,1,S/D,S/D,S/D,0,S/D,S/D,S/D,0
47E067B6,SALITRAL,PIURA,MORROPON,ecmwf,pp,20260825,20260923,"00Z,12Z",D1,6h,0.261,1.238,0.177,232,1.0,0.943,0.057,4,0.5,0.846,0.133,4,S/D,1.0,0.0,0,S/D,S/D,S/D,0
47E067B6,SALITRAL,PIURA,MORROPON,gfs,pp,20260825,20260923,"00Z,12Z",D1,6h,0.037,0.353,0.341,175,1.0,0.789,0.211,4,0.5,0.5,0.333,4,S/D,S/D,S/D,0,S/D,S/D,S/D,0
47E067B6,SALITRAL,PIURA,MORROPON,eta5,pp,20260825,20260923,"00Z,12Z",D1,6h,0.057,0.269,0.253,199,1.0,0.867,0.133,2,0.5,0.8,0.167,2,S/D,S/D,S/D,0,S/D,S/D,S/D,0
47E067B6,SALITRAL,PIURA,MORROPON,wrf5,pp,20260825,20260923,"00Z,12Z",D1,6h,-0.022,0.223,0.462,228,0.5,0.333,0.4,4,0.25,0.0,0.25,4,S/D,S/D,S/D,0,S/D,S/D,S/D,0
47E067B6,SALITRAL,PIURA,MORROPON,mpas15,pp,20260825,20260923,00Z,D1,6h,0.123,0.417,0.219,116,1.0,0.882,0.118,2,1.0,0.846,0.154,2,S/D,S/D,S/D,0,S/D,S/D,S/D,0
47E08444,SAN PEDRO,PIURA,MORROPON,ecmwf,pp,20260825,20260923,"00Z,12Z",D1,6h,0.954,2.084,0.198,232,1.0,0.971,0.029,4,1.0,0.963,0.037,2,S/D,1.0,0.0,0,S/D,S/D,S/D,0
47E08444,SAN PEDRO,PIURA,MORROPON,gfs,pp,20260825,20260923,"00Z,12Z",D1,6h,0.175,0.548,0.194,175,0.667,0.955,0.044,3,1.0,0.667,0.333,2,S/D,1.0,0.0,0,S/D,S/D,S/D,0
47E08444,SAN PEDRO,PIURA,MORROPON,eta5,pp,20260825,20260923,"00Z,12Z",D1,6h,0.115,0.402,0.133,199,0.667,0.943,0.056,3,1.0,0.917,0.083,1,S/D,S/D,S/D,0,S/D,S/D,S/D,0
47E08444,SAN PEDRO,PIURA,MORROPON,wrf5,pp,20260825,20260923,"00Z,12Z",D1,6h,0.038,0.462,0.134,228,0.5,0.882,0.105,4,0.5,0.833,0.143,2,S/D,S/D,S/D,0,S/D,S/D,S/D,0
47E08444,SAN PEDRO,PIURA,MORROPON,mpas15,pp,20260825,20260923,00Z,D1,6h,0.19,0.56,0.197,116,1.0,0.9,0.1,2,1.0,0.909,0.091,1,S/D,S/D,S/D,0,S/D,S/D,S/D,0
105145,SANTO DOMINGO,PIURA,MORROPON,ecmwf,pp,20260825,20260923,"00Z,12Z",D1,6h,0.115,0.233,S/D,6,S/D,1.0,0.0,0,S/D,S/D,S/D,0,S/D,S/D,S/D,0,S/D,S/D,S/D,0
105145,SANTO DOMINGO,PIURA,MORROPON,gfs,pp,20260825,20260923,"00Z,12Z",D1,6h,0.0,0.0,S/D,4,S/D,S/D,S/D,0,S/D,S/D,S/D,0,S/D,S/D,S/D,0,S/D,S/D,S/D,0
105145,SANTO DOMINGO,PIURA,MORROPON,eta5,pp,20260825,20260923,"00Z,12Z",D1,6h,0.0,0.0,S/D,6,S/D,S/D,S/D,0,S/D,S/D,S/D,0,S/D,S/D,S/D,0,S/D,S/D,S/D,0
105145,SANTO DOMINGO,PIURA,MORROPON,wrf5,pp,20260825,20260923,"00Z,12Z",D1,6h,-0.001,0.002,S/D,6,S/D,S/D,S/D,0,S/D,S/D,S/D,0,S/D,S/D,S/D,0,S/D,S/D,S/D,0
105145,SANTO DOMINGO,PIURA,MORROPON,mpas15,pp,20260825,20260923,00Z,D1,6h,0.0,0.0,S/D,3,S/D,S/D,S/D,0,S/D,S/D,S/D,0,S/D,S/D,S/D,0,S/D,S/D,S/D,0
47E0B1DE,PUENTE SIMON RODRIGUEZ,PIURA,PAITA,ecmwf,pp,20260825,20260923,"00Z,12Z",D1,6h,-0.007,0.189,0.025,234,0.25,0.833,0.111,4,0.0,S/D,0.0,2,S/D,S/D,S/D,0,S/D,S/D,S/D,0
47E0B1DE,PUENTE SIMON RODRIGUEZ,PIURA,PAITA,gfs,pp,20260825,20260923,"00Z,12Z",D1,6h,-0.021,0.232,0.391,176,0.0,1.0,0.0,4,0.0,S/D,0.0,2,S/D,S/D,S/D,0,S/D,S/D,S/D,0
47E0B1DE,PUENTE SIMON RODRIGUEZ,PIURA,PAITA,eta5,pp,20260825,20260923,"00Z,12Z",D1,6h,-0.019,0.222,0.074,201,0.0,1.0,0.0,4,0.0,S/D,0.0,2,S/D,S/D,S/D,0,S/D,S/D,S/D,0
47E0B1DE,PUENTE SIMON RODRIGUEZ,PIURA,PAITA,wrf5,pp,20260825,20260923,"00Z,12Z",D1,6h,-0.014,0.21,0.087,231,0.0,1.0,0.0,4,0.0,S/D,0.0,2,S/D,S/D,S/D,0,S/D,S/D,S/D,0
47E0B1DE,PUENTE SIMON RODRIGUEZ,PIURA,PAITA,mpas15,pp,20260825,20260923,00Z,D1,6h,-0.02,0.204,-0.118,117,0.0,S/D,0.0,2,0.0,S/D,0.0,1,S/D,S/D,S/D,0,S/D,S/D,S/D,0
47E0E1A2,BOCATOMA CHIPILLICO,PIURA,PIURA,ecmwf,pp,20260825,20260923,"00Z,12Z",D1,6h,0.547,1.111,0.168,212,1.0,0.983,0.017,2,1.0,0.949,0.051,2,1.0,0.333,0.667,2,S/D,S/D,S/D,0
47E0E1A2,BOCATOMA CHIPILLICO,PIURA,PIURA,gfs,pp,20260825,20260923,"00Z,12Z",D1,6h,0.242,0.725,0.207,154,1.0,0.962,0.038,2,1.0,0.846,0.154,2,0.0,1.0,0.0,2,S/D,S/D,S/D,0
47E0E1A2,BOCATOMA CHIPILLICO,PIURA,PIURA,eta5,pp,20260825,20260923,"00Z,12Z",D1,6h,0.13,0.445,0.16,180,1.0,0.973,0.027,1,1.0,0.909,0.091,1,0.0,S/D,0.0,1,S/D,S/D,S/D,0
47E0E1A2,BOCATOMA CHIPILLICO,PIURA,PIURA,wrf5,pp,20260825,20260923,"00Z,12Z",D1,6h,-0.008,0.521,0.314,208,1.0,0.714,0.286,2,0.0,1.0,0.0,2,0.0,S/D,0.0,2,S/D,S/D,S/D,0
47E0E1A2,BOCATOMA CHIPILLICO,PIURA,PIURA,mpas15,pp,20260825,20260923,00Z,D1,6h,0.142,0.678,0.154,106,1.0,0.941,0.059,1,1.0,0.909,0.091,1,0.0,S/D,0.0,1,S/D,S/D,S/D,0
47E0F2D4,LAGARTERA,PIURA,PIURA,ecmwf,pp,20260825,20260923,"00Z,12Z",D1,6h,0.442,0.933,0.154,226,0.917,0.903,0.096,12,S/D,1.0,0.0,0,S/D,1.0,0.0,0,S/D,S/D,S/D,0
47E0F2D4,LAGARTERA,PIURA,PIURA,gfs,pp,20260825,20260923,"00Z,12Z",D1,6h,0.219,0.68,0.024,170,0.444,0.922,0.071,9,S/D,1.0,0.0,0,S/D,1.0,0.0,0,S/D,S/D,S/D,0
47E0F2D4,LAGARTERA,PIURA,PIURA,eta5,pp,20260825,20260923,"00Z,12Z",D1,6h,0.138,0.399,-0.068,194,0.143,0.972,0.024,7,S/D,1.0,0.0,0,S/D,S/D,S/D,0,S/D,S/D,S/D,0
47E0F2D4,LAGARTERA,PIURA,PIURA,wrf5,pp,20260825,20260923,"00Z,12Z",D1,6h,0.028,0.259,0.2,223,0.083,0.909,0.045,12,S/D,1.0,0.0,0,S/D,S/D,S/D,0,S/D,S/D,S/D,0
47E0F2D4,LAGARTERA,PIURA,PIURA,mpas15,pp,20260825,20260923,00Z,D1,6h,0.157,0.52,0.19,113,0.333,0.875,0.1,6,S/D,1.0,0.0,0,S/D,S/D,S/D,0,S/D,S/D,S/D,0
105112,MIRAFLORES,PIURA,PIURA,ecmwf,pp,20260825,20260923,"00Z,12Z",D1,6h,S/D,S/D,S/D,0,S/D,S/D,S/D,0,S/D,S/D,S/D,0,S/D,S/D,S/D,0,S/D,S/D,S/D,0
105112,MIRAFLORES,PIURA,PIURA,gfs,pp,20260825,20260923,"00Z,12Z",D1,6h,S/D,S/D,S/D,0,S/D,S/D,S/D,0,S/D,S/D,S/D,0,S/D,S/D,S/D,0,S/D,S/D,S/D,0
105112,MIRAFLORES,PIURA,PIURA,eta5,pp,20260825,20260923,"00Z,12Z",D1,6h,S/D,S/D,S/D,0,S/D,S/D,S/D,0,S/D,S/D,S/D,0,S/D,S/D,S/D,0,S/D,S/D,S/D,0
105112,MIRAFLORES,PIURA,PIURA,wrf5,pp,20260825,20260923,"00Z,12Z",D1,6h,S/D,S/D,S/D,0,S/D,S/D,S/D,0,S/D,S/D,S/D,0,S/D,S/D,S/D,0,S/D,S/D,S/D,0
105112,MIRAFLORES,PIURA,PIURA,mpas15,pp,20260825,20260923,00Z,D1,6h,S/D,S/D,S/D,0,S/D,S/D,S/D,0,S/D,S/D,S/D,0,S/D,S/D,S/D,0,S/D,S/D,S/D,0
104113,PARTIDOR,PIURA,PIURA,ecmwf,pp,20260825,20260923,"00Z,12Z",D1,6h,S/D,S/D,S/D,0,S/D,S/D,S/D,0,S/D,S/D,S/D,0,S/D,S/D,S/D,0,S/D,S/D,S/D,0
104113,PARTIDOR,PIURA,PIURA,gfs,pp,20260825,20260923,"00Z,12Z",D1,6h,S/D,S/D,S/D,0,S/D,S/D,S/D,0,S/D,S/D,S/D,0,S/D,S/D,S/D,0,S/D,S/D,S/D,0
104113,PARTIDOR,PIURA,PIURA,eta5,pp,20260825,20260923,"00Z,12Z",D1,6h,S/D,S/D,S/D,0,S/D,S/D,S/D,0,S/D,S/D,S/D,0,S/D,S/D,S/D,0,S/D,S/D,S/D,0
104113,PARTIDOR,PIURA,PIURA,wrf5,pp,20260825,20260923,"00Z,12Z",D1,6h,S/D,S/D,S/D,0,S/D,S/D,S/D,0,S/D,S/D,S/D,0,S/D,S/D,S/D,0,S/D,S/D,S/D,0
104113,PARTIDOR,PIURA,PIURA,mpas15,pp,20260825,20260923,00Z,D1,6h,S/D,S/D,S/D,0,S/D,S/D,S/D,0,S/D,S/D,S/D,0,S/D,S/D,S/D,0,S/D,S/D,S/D,0
105143,SAN MIGUEL,PIURA,PIURA,ecmwf,pp,20260825,20260923,"00Z,12Z",D1,6h,0.031,0.371,-0.039,240,0.0,1.0,0.0,2,S/D,1.0,0.0,0,S/D,1.0,0.0,0,S/D,S/D,S/D,0
105143,SAN MIGUEL,PIURA,PIURA,gfs,pp,20260825,20260923,"00Z,12Z",D1,6h,0.003,0.025,-0.021,180,0.0,1.0,0.0,2,S/D,S/D,S/D,0,S/D,S/D,S/D,0,S/D,S/D,S/D,0
105143,SAN MIGUEL,PIURA,PIURA,eta5,pp,20260825,20260923,"00Z,12Z",D1,6h,0.007,0.092,0.159,206,0.0,1.0,0.0,1,S/D,1.0,0.0,0,S/D,S/D,S/D,0,S/D,S/D,S/D,0
105143,SAN MIGUEL,PIURA,PIURA,wrf5,pp,20260825,20260923,"00Z,12Z",D1,6h,0.001,0.017,-0.021,236,0.0,1.0,0.0,2,S/D,S/D,S/D,0,S/D,S/D,S/D,0,S/D,S/D,S/D,0
105143,SAN MIGUEL,PIURA,PIURA,mpas15,pp,20260825,20260923,00Z,D1,6h,-0.001,0.009,0.116,120,0.0,S/D,0.0,1,S/D,S/D,S/D,0,S/D,S/D,S/D,0,S/D,S/D,S/D,0
47E0522C,TAMBO GRANDE,PIURA,PIURA,ecmwf,pp,20260825,20260923,"00Z,12Z",D1,6h,-0.208,2.879,0.241,230,0.625,0.815,0.167,8,0.333,0.778,0.154,6,0.0,1.0,0.0,4,0.0,S/D,0.0,2
47E0522C,TAMBO GRANDE,PIURA,PIURA,gfs,pp,20260825,20260923,"00Z,12Z",D1,6h,-0.223,2.366,0.434,174,0.8,0.692,0.286,5,0.0,1.0,0.0,4,0.0,S/D,0.0,3,0.0,S/D,0.0,1
47E0522C,TAMBO GRANDE,PIURA,PIURA,eta5,pp,20260825,20260923,"00Z,12Z",D1,6h,-0.378,3.062,0.001,197,0.143,0.875,0.071,7,0.0,S/D,0.0,5,0.0,S/D,0.0,4,0.0,S/D,0.0,2
47E0522C,TAMBO GRANDE,PIURA,PIURA,wrf5,pp,20260825,20260923,"00Z,12Z",D1,6h,-0.353,2.868,0.108,226,0.0,1.0,0.0,8,0.0,S/D,0.0,6,0.0,S/D,0.0,4,0.0,S/D,0.0,2
47E0522C,TAMBO GRANDE,PIURA,PIURA,mpas15,pp,20260825,20260923,00Z,D1,6h,-0.336,2.846,-0.091,115,0.0,1.0,0.0,4,0.0,1.0,0.0,3,0.0,S/D,0.0,2,0.0,S/D,0.0,1
105144,BERNAL,PIURA,SECHURA,ecmwf,pp,20260825,20260923,"00Z,12Z",D1,6h,S/D,S/D,S/D,0,S/D,S/D,S/D,0,S/D,S/D,S/D,0,S/D,S/D,S/D,0,S/D,S/D,S/D,0
105144,BERNAL,PIURA,SECHURA,gfs,pp,20260825,20260923,"00Z,12Z",D1,6h,S/D,S/D,S/D,0,S/D,S/D,S/D,0,S/D,S/D,S/D,0,S/D,S/D,S/D,0,S/D,S/D,S/D,0
105144,BERNAL,PIURA,SECHURA,eta5,pp,20260825,20260923,"00Z,12Z",D1,6h,S/D,S/D,S/D,0,S/D,S/D,S/D,0,S/D,S/D,S/D,0,S/D,S/D,S/D,0,S/D,S/D,S/D,0
105144,BERNAL,PIURA,SECHURA,wrf5,pp,20260825,20260923,"00Z,12Z",D1,6h,S/D,S/D,S/D,0,S/D,S/D,S/D,0,S/D,S/D,S/D,0,S/D,S/D,S/D,0,S/D,S/D,S/D,0
105144,BERNAL,PIURA,SECHURA,mpas15,pp,20260825,20260923,00Z,D1,6h,S/D,S/D,S/D,0,S/D,S/D,S/D,0,S/D,S/D,S/D,0,S/D,S/D,S/D,0,S/D,S/D,S/D,0
105120,CHUSIS,PIURA,SECHURA,ecmwf,pp,20260825,20260923,"00Z,12Z",D1,6h,0.036,0.046,S/D,2,S/D,S/D,S/D,0,S/D,S/D,S/D,0,S/D,S/D,S/D,0,S/D,S/D,S/D,0
105120,CHUSIS,PIURA,SECHURA,gfs,pp,20260825,20260923,"00Z,12Z",D1,6h,0.0,0.0,S/D,2,S/D,S/D,S/D,0,S/D,S/D,S/D,0,S/D,S/D,S/D,0,S/D,S/D,S/D,0
105120,CHUSIS,PIURA,SECHURA,eta5,pp,20260825,20260923,"00Z,12Z",D1,6h,0.0,0.0,S/D,1,S/D,S/D,S/D,0,S/D,S/D,S/D,0,S/D,S/D,S/D,0,S/D,S/D,S/D,0
105120,CHUSIS,PIURA,SECHURA,wrf5,pp,20260825,20260923,"00Z,12Z",D1,6h,0.0,0.0,S/D,2,S/D,S/D,S/D,0,S/D,S/D,S/D,0,S/D,S/D,S/D,0,S/D,S/D,S/D,0
105120,CHUSIS,PIURA,SECHURA,mpas15,pp,20260825,20260923,00Z,D1,6h,0.0,0.0,S/D,1,S/D,S/D,S/D,0,S/D,S/D,S/D,0,S/D,S/D,S/D,0,S/D,S/D,S/D,0
47E0D438,ALAMOR,PIURA,SULLANA,ecmwf,pp,20260825,20260923,"00Z,12Z",D1,6h,0.089,0.597,0.107,234,0.25,0.765,0.138,16,0.5,0.8,0.167,2,S/D,1.0,0.0,0,S/D,S/D,S/D,0
47E0D438,ALAMOR,PIURA,SULLANA,gfs,pp,20260825,20260923,"00Z,12Z",D1,6h,0.112,0.85,0.21,176,0.231,0.75,0.136,13,1.0,0.8,0.2,1,S/D,1.0,0.0,0,S/D,S/D,S/D,0
47E0D438,ALAMOR,PIURA,SULLANA,eta5,pp,20260825,20260923,"00Z,12Z",D1,6h,0.066,0.293,0.266,201,0.583,0.759,0.206,12,0.0,1.0,0.0,2,S/D,S/D,S/D,0,S/D,S/D,S/D,0
47E0D438,ALAMOR,PIURA,SULLANA,wrf5,pp,20260825,20260923,"00Z,12Z",D1,6h,0.095,0.829,0.047,231,0.25,0.667,0.167,16,1.0,0.667,0.333,2,S/D,1.0,0.0,0,S/D,S/D,S/D,0
47E0D438,ALAMOR,PIURA,SULLANA,mpas15,pp,20260825,20260923,00Z,D1,6h,0.132,0.566,0.151,117,0.5,0.733,0.211,8,0.0,1.0,0.0,1,S/D,S/D,S/D,0,S/D,S/D,S/D,0
47E09732,LA ARDILLA,PIURA,SULLANA,ecmwf,pp,20260825,20260923,"00Z,12Z",D1,6h,0.076,0.734,0.236,208,0.5,0.733,0.211,8,0.0,1.0,0.0,2,S/D,1.0,0.0,0,S/D,S/D,S/D,0
47E09732,LA ARDILLA,PIURA,SULLANA,gfs,pp,20260825,20260923,"00Z,12Z",D1,6h,0.118,0.944,0.385,159,0.5,0.7,0.231,6,0.0,1.0,0.0,1,S/D,1.0,0.0,0,S/D,S/D,S/D,0
47E09732,LA ARDILLA,PIURA,SULLANA,eta5,pp,20260825,20260923,"00Z,12Z",D1,6h,0.05,0.48,0.17,179,0.571,0.862,0.125,7,0.0,1.0,0.0,2,S/D,S/D,S/D,0,S/D,S/D,S/D,0
47E09732,LA ARDILLA,PIURA,SULLANA,wrf5,pp,20260825,20260923,"00Z,12Z",D1,6h,0.033,0.538,0.195,204,0.5,0.5,0.333,8,0.0,1.0,0.0,2,S/D,S/D,S/D,0,S/D,S/D,S/D,0
47E09732,LA ARDILLA,PIURA,SULLANA,mpas15,pp,20260825,20260923,00Z,D1,6h,0.128,0.689,0.276,104,0.75,0.786,0.2,4,0.0,1.0,0.0,1,S/D,S/D,S/D,0,S/D,S/D,S/D,0
472FD6CE,LANCONES,PIURA,SULLANA,ecmwf,pp,20260825,20260923,"00Z,12Z",D1,6h,0.005,0.118,0.235,234,0.75,0.7,0.273,4,0.0,S/D,0.0,2,S/D,S/D,S/D,0,S/D,S/D,S/D,0
472FD6CE,LANCONES,PIURA,SULLANA,gfs,pp,20260825,20260923,"00Z,12Z",D1,6h,0.015,0.207,0.387,176,0.667,0.667,0.286,3,0.0,1.0,0.0,2,S/D,S/D,S/D,0,S/D,S/D,S/D,0
472FD6CE,LANCONES,PIURA,SULLANA,eta5,pp,20260825,20260923,"00Z,12Z",D1,6h,0.007,0.155,0.262,202,0.25,0.857,0.1,4,0.0,S/D,0.0,2,S/D,S/D,S/D,0,S/D,S/D,S/D,0
472FD6CE,LANCONES,PIURA,SULLANA,wrf5,pp,20260825,20260923,"00Z,12Z",D1,6h,0.037,0.423,0.142,230,0.5,0.778,0.182,4,0.0,1.0,0.0,2,S/D,S/D,S/D,0,S/D,S/D,S/D,0
472FD6CE,LANCONES,PIURA,SULLANA,mpas15,pp,20260825,20260923,00Z,D1,6h,0.036,0.27,0.045,117,0.5,0.833,0.143,2,0.0,1.0,0.0,1,S/D,S/D,S/D,0,S/D,S/D,S/D,0
270202,PUENTE AZANGARO,PUNO,AZANGARO,ecmwf,pp,20260825,20260923,"00Z,12Z",D1,6h,0.198,1.445,0.534,234,1.0,0.629,0.371,26,0.833,0.677,0.303,12,0.0,1.0,0.0,4,S/D,S/D,S/D,0
270202,PUENTE AZANGARO,PUNO,AZANGARO,gfs,pp,20260825,20260923,"00Z,12Z",D1,6h,0.204,1.075,0.567,177,0.95,0.596,0.396,20,0.8,0.652,0.32,10,0.5,0.667,0.25,4,S/D,S/D,S/D,0
270202,PUENTE AZANGARO,PUNO,AZANGARO,eta5,pp,20260825,20260923,"00Z,12Z",D1,6h,-0.038,1.322,0.608,201,0.958,0.589,0.404,24,0.9,0.571,0.409,10,0.0,S/D,0.0,4,S/D,S/D,S/D,0
270202,PUENTE AZANGARO,PUNO,AZANGARO,wrf5,pp,20260825,20260923,"00Z,12Z",D1,6h,0.235,1.637,0.556,230,0.84,0.543,0.42,25,0.636,0.682,0.269,11,0.333,0.833,0.125,3,S/D,S/D,S/D,0
270202,PUENTE AZANGARO,PUNO,AZANGARO,mpas15,pp,20260825,20260923,00Z,D1,6h,0.253,1.802,0.296,117,0.692,0.7,0.265,13,0.833,0.792,0.2,6,0.0,1.0,0.0,2,S/D,S/D,S/D,0
4721AAE4,AYMAÑA,PUNO,CARABAYA,ecmwf,pp,20260825,20260923,"00Z,12Z",D1,6h,0.031,1.727,0.384,232,0.806,0.721,0.261,36,0.583,0.696,0.25,12,0.0,1.0,0.0,4,S/D,S/D,S/D,0
4721AAE4,AYMAÑA,PUNO,CARABAYA,gfs,pp,20260825,20260923,"00Z,12Z",D1,6h,0.605,2.523,0.364,174,0.929,0.755,0.241,28,0.556,0.898,0.094,9,0.0,1.0,0.0,3,S/D,S/D,S/D,0
4721AAE4,AYMAÑA,PUNO,CARABAYA,eta5,pp,20260825,20260923,"00Z,12Z",D1,6h,-0.098,1.859,0.218,199,0.657,0.739,0.23,35,0.333,0.81,0.138,12,0.0,S/D,0.0,4,S/D,S/D,S/D,0
4721AAE4,AYMAÑA,PUNO,CARABAYA,wrf5,pp,20260825,20260923,"00Z,12Z",D1,6h,-0.055,1.862,0.387,229,0.529,0.64,0.273,34,0.545,0.6,0.3,11,0.0,1.0,0.0,4,S/D,S/D,S/D,0
4721AAE4,AYMAÑA,PUNO,CARABAYA,mpas15,pp,20260825,20260923,00Z,D1,6h,0.315,1.8,0.423,116,0.944,0.653,0.34,18,0.833,0.872,0.125,6,0.0,S/D,0.0,2,S/D,S/D,S/D,0
114137,CRUCERO,PUNO,CARABAYA,ecmwf,pp,20260825,20260923,"00Z,12Z",D1,6h,0.425,1.12,0.462,224,0.824,0.702,0.28,34,0.75,0.75,0.231,12,S/D,1.0,0.0,0,S/D,S/D,S/D,0
114137,CRUCERO,PUNO,CARABAYA,gfs,pp,20260825,20260923,"00Z,12Z",D1,6h,0.454,1.327,0.333,168,0.8,0.726,0.256,25,0.556,0.821,0.156,9,S/D,1.0,0.0,0,S/D,S/D,S/D,0
114137,CRUCERO,PUNO,CARABAYA,eta5,pp,20260825,20260923,"00Z,12Z",D1,6h,-0.014,0.52,0.495,192,0.419,0.552,0.277,31,0.091,0.75,0.071,11,S/D,S/D,S/D,0,S/D,S/D,S/D,0
114137,CRUCERO,PUNO,CARABAYA,wrf5,pp,20260825,20260923,"00Z,12Z",D1,6h,0.217,1.003,0.474,220,0.636,0.543,0.362,33,0.5,0.739,0.207,12,S/D,1.0,0.0,0,S/D,S/D,S/D,0
114137,CRUCERO,PUNO,CARABAYA,mpas15,pp,20260825,20260923,00Z,D1,6h,0.498,1.184,0.41,112,0.882,0.625,0.357,17,0.667,0.871,0.121,6,S/D,1.0,0.0,0,S/D,S/D,S/D,0
4721B992,UPINA,PUNO,CARABAYA,ecmwf,pp,20260825,20260923,"00Z,12Z",D1,6h,0.521,1.208,0.228,232,0.786,0.841,0.153,28,0.8,0.86,0.136,10,S/D,1.0,0.0,0,S/D,S/D,S/D,0
4721B992,UPINA,PUNO,CARABAYA,gfs,pp,20260825,20260923,"00Z,12Z",D1,6h,0.722,1.854,0.241,174,0.762,0.853,0.14,21,0.857,0.867,0.13,7,S/D,1.0,0.0,0,S/D,S/D,S/D,0
4721B992,UPINA,PUNO,CARABAYA,eta5,pp,20260825,20260923,"00Z,12Z",D1,6h,0.166,0.989,0.071,199,0.444,0.833,0.138,27,0.3,0.889,0.088,10,S/D,S/D,S/D,0,S/D,S/D,S/D,0
4721B992,UPINA,PUNO,CARABAYA,wrf5,pp,20260825,20260923,"00Z,12Z",D1,6h,0.146,1.31,0.362,229,0.607,0.595,0.321,28,0.4,0.765,0.174,10,S/D,1.0,0.0,0,S/D,S/D,S/D,0
4721B992,UPINA,PUNO,CARABAYA,mpas15,pp,20260825,20260923,00Z,D1,6h,1.321,3.183,0.138,116,0.643,0.839,0.148,14,0.8,0.918,0.08,5,S/D,1.0,0.0,0,S/D,1.0,0.0,0
210003,HUANCASAYA,PUNO,HUANCANE,ecmwf,pp,20260825,20260923,"00Z,12Z",D1,6h,0.312,1.036,0.597,224,0.84,0.44,0.506,50,0.5,0.758,0.195,16,S/D,1.0,0.0,0,S/D,S/D,S/D,0
210003,HUANCASAYA,PUNO,HUANCANE,gfs,pp,20260825,20260923,"00Z,12Z",D1,6h,0.574,1.257,0.663,166,0.973,0.544,0.45,37,0.833,0.744,0.244,12,S/D,1.0,0.0,0,S/D,S/D,S/D,0
210003,HUANCASAYA,PUNO,HUANCANE,eta5,pp,20260825,20260923,"00Z,12Z",D1,6h,-0.004,0.529,0.59,194,0.638,0.302,0.5,47,0.214,0.667,0.15,14,S/D,S/D,S/D,0,S/D,S/D,S/D,0
210003,HUANCASAYA,PUNO,HUANCANE,wrf5,pp,20260825,20260923,"00Z,12Z",D1,6h,0.777,2.293,0.66,220,0.833,0.394,0.541,48,0.8,0.727,0.255,15,S/D,1.0,0.0,0,S/D,S/D,S/D,0
210003,HUANCASAYA,PUNO,HUANCANE,mpas15,pp,20260825,20260923,00Z,D1,6h,1.085,2.715,0.472,112,0.8,0.512,0.435,25,0.75,0.806,0.182,8,S/D,1.0,0.0,0,S/D,S/D,S/D,0
47251282,PUENTE CARRETERA RAMIS,PUNO,HUANCANE,ecmwf,pp,20260825,20260923,"00Z,12Z",D1,6h,0.148,0.966,0.457,218,0.944,0.73,0.266,18,0.8,0.652,0.32,10,0.5,0.667,0.25,2,S/D,S/D,S/D,0
47251282,PUENTE CARRETERA RAMIS,PUNO,HUANCANE,gfs,pp,20260825,20260923,"00Z,12Z",D1,6h,0.262,1.834,0.537,161,1.0,0.641,0.359,14,1.0,0.619,0.381,8,0.0,1.0,0.0,2,S/D,S/D,S/D,0
47251282,PUENTE CARRETERA RAMIS,PUNO,HUANCANE,eta5,pp,20260825,20260923,"00Z,12Z",D1,6h,0.08,1.072,0.556,189,1.0,0.714,0.286,18,0.8,0.6,0.364,10,0.0,S/D,0.0,2,S/D,S/D,S/D,0
47251282,PUENTE CARRETERA RAMIS,PUNO,HUANCANE,wrf5,pp,20260825,20260923,"00Z,12Z",D1,6h,0.316,1.493,0.546,214,0.941,0.61,0.381,17,0.889,0.636,0.348,9,1.0,0.714,0.286,2,S/D,S/D,S/D,0
47251282,PUENTE CARRETERA RAMIS,PUNO,HUANCANE,mpas15,pp,20260825,20260923,00Z,D1,6h,0.199,1.175,0.327,109,0.778,0.8,0.189,9,1.0,0.737,0.263,5,0.0,S/D,0.0,1,S/D,S/D,S/D,0
472E37C6,PALCA,PUNO,LAMPA,ecmwf,pp,20260825,20260923,"00Z,12Z",D1,6h,0.216,0.652,0.406,232,0.773,0.691,0.283,22,1.0,0.789,0.211,4,S/D,1.0,0.0,0,S/D,S/D,S/D,0
472E37C6,PALCA,PUNO,LAMPA,gfs,pp,20260825,20260923,"00Z,12Z",D1,6h,0.342,1.209,0.476,174,0.938,0.754,0.242,16,0.75,0.864,0.13,4,S/D,1.0,0.0,0,S/D,S/D,S/D,0
472E37C6,PALCA,PUNO,LAMPA,eta5,pp,20260825,20260923,"00Z,12Z",D1,6h,0.112,0.465,0.469,199,0.762,0.644,0.32,21,0.0,1.0,0.0,4,S/D,S/D,S/D,0,S/D,S/D,S/D,0
472E37C6,PALCA,PUNO,LAMPA,wrf5,pp,20260825,20260923,"00Z,12Z",D1,6h,0.299,1.138,0.44,229,0.762,0.68,0.291,21,0.0,1.0,0.0,3,S/D,1.0,0.0,0,S/D,S/D,S/D,0
472E37C6,PALCA,PUNO,LAMPA,mpas15,pp,20260825,20260923,00Z,D1,6h,0.218,0.697,0.192,116,0.545,0.739,0.214,11,0.5,0.923,0.071,2,S/D,S/D,S/D,0,S/D,S/D,S/D,0
472DE6A0,PAMPAHUTA,PUNO,LAMPA,ecmwf,pp,20260825,20260923,"00Z,12Z",D1,6h,0.063,0.628,0.456,230,0.833,0.608,0.364,24,0.667,0.385,0.471,12,0.25,0.667,0.167,4,S/D,S/D,S/D,0
472DE6A0,PAMPAHUTA,PUNO,LAMPA,gfs,pp,20260825,20260923,"00Z,12Z",D1,6h,0.327,1.478,0.544,173,0.947,0.654,0.34,19,1.0,0.607,0.393,11,0.0,1.0,0.0,4,S/D,S/D,S/D,0
472DE6A0,PAMPAHUTA,PUNO,LAMPA,eta5,pp,20260825,20260923,"00Z,12Z",D1,6h,-0.08,0.942,0.508,199,0.739,0.553,0.386,23,0.333,0.667,0.2,12,0.0,S/D,0.0,4,S/D,S/D,S/D,0
472DE6A0,PAMPAHUTA,PUNO,LAMPA,wrf5,pp,20260825,20260923,"00Z,12Z",D1,6h,0.115,0.894,0.488,227,0.696,0.556,0.372,23,0.909,0.444,0.526,11,0.0,1.0,0.0,4,S/D,S/D,S/D,0
472DE6A0,PAMPAHUTA,PUNO,LAMPA,mpas15,pp,20260825,20260923,00Z,D1,6h,0.074,0.658,0.39,115,0.75,0.55,0.391,12,0.667,0.75,0.222,6,0.5,0.0,0.5,2,S/D,S/D,S/D,0
114134,ANANSAYA -PUNA,PUNO,MELGAR,ecmwf,pp,20260825,20260923,"00Z,12Z",D1,6h,0.168,0.265,S/D,12,S/D,1.0,0.0,0,S/D,S/D,S/D,0,S/D,S/D,S/D,0,S/D,S/D,S/D,0
114134,ANANSAYA -PUNA,PUNO,MELGAR,gfs,pp,20260825,20260923,"00Z,12Z",D1,6h,0.109,0.232,S/D,8,S/D,1.0,0.0,0,S/D,S/D,S/D,0,S/D,S/D,S/D,0,S/D,S/D,S/D,0
114134,ANANSAYA -PUNA,PUNO,MELGAR,eta5,pp,20260825,20260923,"00Z,12Z",D1,6h,0.007,0.023,S/D,10,S/D,S/D,S/D,0,S/D,S/D,S/D,0,S/D,S/D,S/D,0,S/D,S/D,S/D,0
114134,ANANSAYA -PUNA,PUNO,MELGAR,wrf5,pp,20260825,20260923,"00Z,12Z",D1,6h,0.192,0.457,S/D,12,S/D,1.0,0.0,0,S/D,1.0,0.0,0,S/D,S/D,S/D,0,S/D,S/D,S/D,0
114134,ANANSAYA -PUNA,PUNO,MELGAR,mpas15,pp,20260825,20260923,00Z,D1,6h,0.333,0.577,S/D,6,S/D,1.0,0.0,0,S/D,1.0,0.0,0,S/D,S/D,S/D,0,S/D,S/D,S/D,0
47256412,ENAFER,PUNO,PUNO,ecmwf,pp,20260825,20260923,"00Z,12Z",D1,6h,S/D,S/D,S/D,0,S/D,S/D,S/D,0,S/D,S/D,S/D,0,S/D,S/D,S/D,0,S/D,S/D,S/D,0
47256412,ENAFER,PUNO,PUNO,gfs,pp,20260825,20260923,"00Z,12Z",D1,6h,S/D,S/D,S/D,0,S/D,S/D,S/D,0,S/D,S/D,S/D,0,S/D,S/D,S/D,0,S/D,S/D,S/D,0
47256412,ENAFER,PUNO,PUNO,eta5,pp,20260825,20260923,"00Z,12Z",D1,6h,S/D,S/D,S/D,0,S/D,S/D,S/D,0,S/D,S/D,S/D,0,S/D,S/D,S/D,0,S/D,S/D,S/D,0
47256412,ENAFER,PUNO,PUNO,wrf5,pp,20260825,20260923,"00Z,12Z",D1,6h,S/D,S/D,S/D,0,S/D,S/D,S/D,0,S/D,S/D,S/D,0,S/D,S/D,S/D,0,S/D,S/D,S/D,0
47256412,ENAFER,PUNO,PUNO,mpas15,pp,20260825,20260923,00Z,D1,6h,S/D,S/D,S/D,0,S/D,S/D,S/D,0,S/D,S/D,S/D,0,S/D,S/D,S/D,0,S/D,S/D,S/D,0
472E4156,ILLPA,PUNO,PUNO,ecmwf,pp,20260825,20260923,"00Z,12Z",D1,6h,0.149,0.651,0.408,224,0.875,0.759,0.233,16,0.625,0.615,0.312,8,S/D,1.0,0.0,0,S/D,S/D,S/D,0
472E4156,ILLPA,PUNO,PUNO,gfs,pp,20260825,20260923,"00Z,12Z",D1,6h,0.349,1.247,0.469,168,0.923,0.774,0.222,13,0.857,0.647,0.333,7,S/D,1.0,0.0,0,S/D,S/D,S/D,0
472E4156,ILLPA,PUNO,PUNO,eta5,pp,20260825,20260923,"00Z,12Z",D1,6h,0.032,0.482,0.372,192,0.733,0.744,0.234,15,0.375,0.571,0.25,8,S/D,S/D,S/D,0,S/D,S/D,S/D,0
472E4156,ILLPA,PUNO,PUNO,wrf5,pp,20260825,20260923,"00Z,12Z",D1,6h,0.24,1.073,0.526,221,0.8,0.636,0.333,15,0.857,0.6,0.375,7,S/D,1.0,0.0,0,S/D,S/D,S/D,0
472E4156,ILLPA,PUNO,PUNO,mpas15,pp,20260825,20260923,00Z,D1,6h,0.322,1.321,0.25,112,0.625,0.773,0.2,8,0.75,0.824,0.167,4,S/D,1.0,0.0,0,S/D,S/D,S/D,0
472CB426,LARAQUERI,PUNO,PUNO,ecmwf,pp,20260825,20260923,"00Z,12Z",D1,6h,0.129,0.542,0.426,230,1.0,0.73,0.27,10,0.875,0.5,0.467,8,S/D,1.0,0.0,0,S/D,S/D,S/D,0
472CB426,LARAQUERI,PUNO,PUNO,gfs,pp,20260825,20260923,"00Z,12Z",D1,6h,0.344,1.44,0.452,173,1.0,0.784,0.216,8,1.0,0.5,0.5,7,S/D,1.0,0.0,0,S/D,S/D,S/D,0
472CB426,LARAQUERI,PUNO,PUNO,eta5,pp,20260825,20260923,"00Z,12Z",D1,6h,0.047,0.351,0.5,198,1.0,0.667,0.333,10,0.5,0.6,0.286,8,S/D,S/D,S/D,0,S/D,S/D,S/D,0
472CB426,LARAQUERI,PUNO,PUNO,wrf5,pp,20260825,20260923,"00Z,12Z",D1,6h,0.203,1.091,0.473,227,1.0,0.655,0.345,10,0.875,0.533,0.438,8,S/D,1.0,0.0,0,S/D,S/D,S/D,0
472CB426,LARAQUERI,PUNO,PUNO,mpas15,pp,20260825,20260923,00Z,D1,6h,0.191,0.614,0.313,115,0.8,0.789,0.2,5,1.0,0.667,0.333,4,S/D,1.0,0.0,0,S/D,S/D,S/D,0
472DD33A,PUNO,PUNO,PUNO,ecmwf,pp,20260825,20260923,"00Z,12Z",D1,6h,0.153,0.722,0.395,226,1.0,0.793,0.207,12,0.75,0.769,0.214,4,0.0,1.0,0.0,2,S/D,S/D,S/D,0
472DD33A,PUNO,PUNO,PUNO,gfs,pp,20260825,20260923,"00Z,12Z",D1,6h,0.373,1.393,0.401,169,1.0,0.83,0.17,9,1.0,0.824,0.176,3,0.0,1.0,0.0,1,S/D,S/D,S/D,0
472DD33A,PUNO,PUNO,PUNO,eta5,pp,20260825,20260923,"00Z,12Z",D1,6h,0.002,0.599,0.391,194,0.833,0.744,0.244,12,0.5,0.667,0.25,4,0.0,S/D,0.0,2,S/D,S/D,S/D,0
472DD33A,PUNO,PUNO,PUNO,wrf5,pp,20260825,20260923,"00Z,12Z",D1,6h,0.269,1.271,0.458,223,0.818,0.719,0.265,11,1.0,0.778,0.222,4,0.5,0.833,0.143,2,S/D,S/D,S/D,0
472DD33A,PUNO,PUNO,PUNO,mpas15,pp,20260825,20260923,00Z,D1,6h,0.311,1.431,0.332,113,0.833,0.667,0.312,6,1.0,0.846,0.154,2,0.0,1.0,0.0,1,S/D,S/D,S/D,0
115156,CABANILLAS,PUNO,SAN ROMAN,ecmwf,pp,20260825,20260923,"00Z,12Z",D1,6h,-0.046,0.621,0.269,224,0.404,0.553,0.269,52,0.8,0.2,0.667,10,0.0,1.0,0.0,2,S/D,S/D,S/D,0
115156,CABANILLAS,PUNO,SAN ROMAN,gfs,pp,20260825,20260923,"00Z,12Z",D1,6h,0.137,1.14,0.292,168,0.438,0.562,0.28,48,0.778,0.588,0.368,9,0.0,1.0,0.0,1,S/D,S/D,S/D,0
115156,CABANILLAS,PUNO,SAN ROMAN,eta5,pp,20260825,20260923,"00Z,12Z",D1,6h,-0.056,0.779,0.31,192,0.4,0.514,0.281,45,0.6,0.625,0.3,10,0.0,S/D,0.0,2,S/D,S/D,S/D,0
115156,CABANILLAS,PUNO,SAN ROMAN,wrf5,pp,20260825,20260923,"00Z,12Z",D1,6h,0.035,1.255,0.284,220,0.314,0.543,0.229,51,0.7,0.3,0.538,10,0.0,1.0,0.0,2,S/D,S/D,S/D,0
115156,CABANILLAS,PUNO,SAN ROMAN,mpas15,pp,20260825,20260923,00Z,D1,6h,0.128,0.768,0.074,112,0.385,0.583,0.25,26,1.0,0.667,0.333,5,0.0,1.0,0.0,1,S/D,S/D,S/D,0
472CF72C,JULIACA,PUNO,SAN ROMAN,ecmwf,pp,20260825,20260923,"00Z,12Z",D1,6h,0.108,0.497,0.484,226,1.0,0.673,0.327,16,0.7,0.364,0.5,10,S/D,1.0,0.0,0,S/D,S/D,S/D,0
472CF72C,JULIACA,PUNO,SAN ROMAN,gfs,pp,20260825,20260923,"00Z,12Z",D1,6h,0.235,0.944,0.48,170,0.917,0.784,0.212,12,0.625,0.643,0.294,8,S/D,1.0,0.0,0,S/D,S/D,S/D,0
472CF72C,JULIACA,PUNO,SAN ROMAN,eta5,pp,20260825,20260923,"00Z,12Z",D1,6h,0.035,0.437,0.553,193,0.938,0.615,0.375,16,0.6,0.25,0.5,10,S/D,S/D,S/D,0,S/D,S/D,S/D,0
472CF72C,JULIACA,PUNO,SAN ROMAN,wrf5,pp,20260825,20260923,"00Z,12Z",D1,6h,0.273,1.681,0.479,223,0.643,0.719,0.243,14,0.556,0.688,0.25,9,S/D,1.0,0.0,0,S/D,S/D,S/D,0
472CF72C,JULIACA,PUNO,SAN ROMAN,mpas15,pp,20260825,20260923,00Z,D1,6h,0.213,0.738,0.358,113,0.875,0.696,0.292,8,0.8,0.667,0.308,5,S/D,1.0,0.0,0,S/D,S/D,S/D,0
107142,BELLAVISTA,SAN MARTIN,BELLAVISTA,ecmwf,pp,20260825,20260923,"00Z,12Z",D1,6h,S/D,S/D,S/D,0,S/D,S/D,S/D,0,S/D,S/D,S/D,0,S/D,S/D,S/D,0,S/D,S/D,S/D,0
107142,BELLAVISTA,SAN MARTIN,BELLAVISTA,gfs,pp,20260825,20260923,"00Z,12Z",D1,6h,S/D,S/D,S/D,0,S/D,S/D,S/D,0,S/D,S/D,S/D,0,S/D,S/D,S/D,0,S/D,S/D,S/D,0
107142,BELLAVISTA,SAN MARTIN,BELLAVISTA,eta5,pp,20260825,20260923,"00Z,12Z",D1,6h,S/D,S/D,S/D,0,S/D,S/D,S/D,0,S/D,S/D,S/D,0,S/D,S/D,S/D,0,S/D,S/D,S/D,0
107142,BELLAVISTA,SAN MARTIN,BELLAVISTA,wrf5,pp,20260825,20260923,"00Z,12Z",D1,6h,S/D,S/D,S/D,0,S/D,S/D,S/D,0,S/D,S/D,S/D,0,S/D,S/D,S/D,0,S/D,S/D,S/D,0
107142,BELLAVISTA,SAN MARTIN,BELLAVISTA,mpas15,pp,20260825,20260923,00Z,D1,6h,S/D,S/D,S/D,0,S/D,S/D,S/D,0,S/D,S/D,S/D,0,S/D,S/D,S/D,0,S/D,S/D,S/D,0
210006,SHANAO,SAN MARTIN,LAMAS,ecmwf,pp,20260825,20260923,"00Z,12Z",D1,6h,S/D,S/D,S/D,0,S/D,S/D,S/D,0,S/D,S/D,S/D,0,S/D,S/D,S/D,0,S/D,S/D,S/D,0
210006,SHANAO,SAN MARTIN,LAMAS,gfs,pp,20260825,20260923,"00Z,12Z",D1,6h,S/D,S/D,S/D,0,S/D,S/D,S/D,0,S/D,S/D,S/D,0,S/D,S/D,S/D,0,S/D,S/D,S/D,0
210006,SHANAO,SAN MARTIN,LAMAS,eta5,pp,20260825,20260923,"00Z,12Z",D1,6h,S/D,S/D,S/D,0,S/D,S/D,S/D,0,S/D,S/D,S/D,0,S/D,S/D,S/D,0,S/D,S/D,S/D,0
210006,SHANAO,SAN MARTIN,LAMAS,wrf5,pp,20260825,20260923,"00Z,12Z",D1,6h,S/D,S/D,S/D,0,S/D,S/D,S/D,0,S/D,S/D,S/D,0,S/D,S/D,S/D,0,S/D,S/D,S/D,0
210006,SHANAO,SAN MARTIN,LAMAS,mpas15,pp,20260825,20260923,00Z,D1,6h,S/D,S/D,S/D,0,S/D,S/D,S/D,0,S/D,S/D,S/D,0,S/D,S/D,S/D,0,S/D,S/D,S/D,0
106144,JEPELACIO,SAN MARTIN,MOYOBAMBA,ecmwf,pp,20260825,20260923,"00Z,12Z",D1,6h,S/D,S/D,S/D,0,S/D,S/D,S/D,0,S/D,S/D,S/D,0,S/D,S/D,S/D,0,S/D,S/D,S/D,0
106144,JEPELACIO,SAN MARTIN,MOYOBAMBA,gfs,pp,20260825,20260923,"00Z,12Z",D1,6h,S/D,S/D,S/D,0,S/D,S/D,S/D,0,S/D,S/D,S/D,0,S/D,S/D,S/D,0,S/D,S/D,S/D,0
106144,JEPELACIO,SAN MARTIN,MOYOBAMBA,eta5,pp,20260825,20260923,"00Z,12Z",D1,6h,S/D,S/D,S/D,0,S/D,S/D,S/D,0,S/D,S/D,S/D,0,S/D,S/D,S/D,0,S/D,S/D,S/D,0
106144,JEPELACIO,SAN MARTIN,MOYOBAMBA,wrf5,pp,20260825,20260923,"00Z,12Z",D1,6h,S/D,S/D,S/D,0,S/D,S/D,S/D,0,S/D,S/D,S/D,0,S/D,S/D,S/D,0,S/D,S/D,S/D,0
106144,JEPELACIO,SAN MARTIN,MOYOBAMBA,mpas15,pp,20260825,20260923,00Z,D1,6h,S/D,S/D,S/D,0,S/D,S/D,S/D,0,S/D,S/D,S/D,0,S/D,S/D,S/D,0,S/D,S/D,S/D,0
106145,TINGO DE PONAZA,SAN MARTIN,PICOTA,ecmwf,pp,20260825,20260923,"00Z,12Z",D1,6h,S/D,S/D,S/D,0,S/D,S/D,S/D,0,S/D,S/D,S/D,0,S/D,S/D,S/D,0,S/D,S/D,S/D,0
106145,TINGO DE PONAZA,SAN MARTIN,PICOTA,gfs,pp,20260825,20260923,"00Z,12Z",D1,6h,S/D,S/D,S/D,0,S/D,S/D,S/D,0,S/D,S/D,S/D,0,S/D,S/D,S/D,0,S/D,S/D,S/D,0
106145,TINGO DE PONAZA,SAN MARTIN,PICOTA,eta5,pp,20260825,20260923,"00Z,12Z",D1,6h,S/D,S/D,S/D,0,S/D,S/D,S/D,0,S/D,S/D,S/D,0,S/D,S/D,S/D,0,S/D,S/D,S/D,0
106145,TINGO DE PONAZA,SAN MARTIN,PICOTA,wrf5,pp,20260825,20260923,"00Z,12Z",D1,6h,S/D,S/D,S/D,0,S/D,S/D,S/D,0,S/D,S/D,S/D,0,S/D,S/D,S/D,0,S/D,S/D,S/D,0
106145,TINGO DE PONAZA,SAN MARTIN,PICOTA,mpas15,pp,20260825,20260923,00Z,D1,6h,S/D,S/D,S/D,0,S/D,S/D,S/D,0,S/D,S/D,S/D,0,S/D,S/D,S/D,0,S/D,S/D,S/D,0
4724851A,NARANJILLO,SAN MARTIN,RIOJA,ecmwf,pp,20260825,20260923,"00Z,12Z",D1,6h,0.74,3.724,0.347,214,0.971,0.779,0.22,34,0.692,0.791,0.191,26,0.357,0.706,0.192,14,0.0,S/D,0.0,2
4724851A,NARANJILLO,SAN MARTIN,RIOJA,gfs,pp,20260825,20260923,"00Z,12Z",D1,6h,0.288,3.493,0.284,159,0.889,0.769,0.224,27,0.6,0.786,0.188,20,0.222,0.714,0.143,9,0.0,S/D,0.0,1
4724851A,NARANJILLO,SAN MARTIN,RIOJA,eta5,pp,20260825,20260923,"00Z,12Z",D1,6h,-0.581,3.843,0.223,184,0.767,0.77,0.215,30,0.375,0.719,0.191,24,0.0,S/D,0.0,13,0.0,S/D,0.0,2
4724851A,NARANJILLO,SAN MARTIN,RIOJA,wrf5,pp,20260825,20260923,"00Z,12Z",D1,6h,-0.345,3.698,0.424,211,0.706,0.586,0.353,34,0.462,0.586,0.279,26,0.286,0.556,0.211,14,0.0,S/D,0.0,2
4724851A,NARANJILLO,SAN MARTIN,RIOJA,mpas15,pp,20260825,20260923,00Z,D1,6h,0.345,2.903,0.383,107,0.824,0.714,0.269,17,0.846,0.718,0.268,13,0.429,0.625,0.25,7,0.0,S/D,0.0,1
4723013A,EL PORVENIR,SAN MARTIN,SAN MARTIN,ecmwf,pp,20260825,20260923,"00Z,12Z",D1,6h,1.46,4.642,0.401,226,1.0,0.857,0.143,18,1.0,0.857,0.143,10,1.0,0.778,0.222,4,S/D,1.0,0.0,0
4723013A,EL PORVENIR,SAN MARTIN,SAN MARTIN,gfs,pp,20260825,20260923,"00Z,12Z",D1,6h,0.664,2.606,0.38,169,0.923,0.848,0.15,13,1.0,0.8,0.2,9,1.0,0.571,0.429,3,S/D,1.0,0.0,0
4723013A,EL PORVENIR,SAN MARTIN,SAN MARTIN,eta5,pp,20260825,20260923,"00Z,12Z",D1,6h,0.064,2.198,0.172,194,0.533,0.871,0.116,15,0.333,0.906,0.079,9,0.25,0.0,0.25,4,S/D,S/D,S/D,0
4723013A,EL PORVENIR,SAN MARTIN,SAN MARTIN,wrf5,pp,20260825,20260923,"00Z,12Z",D1,6h,-0.008,2.399,0.449,223,0.556,0.583,0.312,18,0.7,0.462,0.438,10,0.5,0.5,0.333,4,S/D,S/D,S/D,0
4723013A,EL PORVENIR,SAN MARTIN,SAN MARTIN,mpas15,pp,20260825,20260923,00Z,D1,6h,0.694,1.955,0.256,113,0.667,0.824,0.162,9,0.8,0.852,0.143,5,1.0,0.714,0.286,2,S/D,1.0,0.0,0
47E2E456,TOCACHE,SAN MARTIN,TOCACHE,ecmwf,pp,20260825,20260923,"00Z,12Z",D1,6h,0.822,3.243,0.318,232,0.917,0.838,0.159,24,0.5,0.945,0.052,6,0.5,0.769,0.188,6,S/D,S/D,S/D,0
47E2E456,TOCACHE,SAN MARTIN,TOCACHE,gfs,pp,20260825,20260923,"00Z,12Z",D1,6h,0.815,3.293,0.358,174,1.0,0.812,0.188,21,0.75,0.941,0.058,4,0.0,1.0,0.0,4,S/D,S/D,S/D,0
47E2E456,TOCACHE,SAN MARTIN,TOCACHE,eta5,pp,20260825,20260923,"00Z,12Z",D1,6h,0.212,2.603,0.099,200,0.619,0.862,0.127,21,0.6,0.933,0.064,5,0.0,S/D,0.0,5,S/D,S/D,S/D,0
47E2E456,TOCACHE,SAN MARTIN,TOCACHE,wrf5,pp,20260825,20260923,"00Z,12Z",D1,6h,0.687,4.978,0.403,228,0.739,0.696,0.274,23,0.667,0.833,0.154,6,0.0,1.0,0.0,6,S/D,1.0,0.0,0
47E2E456,TOCACHE,SAN MARTIN,TOCACHE,mpas15,pp,20260825,20260923,00Z,D1,6h,1.995,4.642,0.352,116,1.0,0.833,0.167,12,1.0,0.952,0.048,3,0.333,0.938,0.056,3,S/D,S/D,S/D,0
47E2C2BA,CANDARAVE,TACNA,CANDARAVE,ecmwf,pp,20260825,20260923,"00Z,12Z",D1,6h,0.032,0.185,0.264,234,1.0,0.778,0.222,2,S/D,1.0,0.0,0,S/D,S/D,S/D,0,S/D,S/D,S/D,0
47E2C2BA,CANDARAVE,TACNA,CANDARAVE,gfs,pp,20260825,20260923,"00Z,12Z",D1,6h,0.072,0.377,0.24,176,1.0,0.9,0.1,1,S/D,1.0,0.0,0,S/D,S/D,S/D,0,S/D,S/D,S/D,0
47E2C2BA,CANDARAVE,TACNA,CANDARAVE,eta5,pp,20260825,20260923,"00Z,12Z",D1,6h,0.013,0.1,0.46,201,1.0,0.667,0.333,2,S/D,1.0,0.0,0,S/D,S/D,S/D,0,S/D,S/D,S/D,0
47E2C2BA,CANDARAVE,TACNA,CANDARAVE,wrf5,pp,20260825,20260923,"00Z,12Z",D1,6h,0.031,0.299,-0.018,230,0.0,1.0,0.0,2,S/D,1.0,0.0,0,S/D,S/D,S/D,0,S/D,S/D,S/D,0
47E2C2BA,CANDARAVE,TACNA,CANDARAVE,mpas15,pp,20260825,20260923,00Z,D1,6h,0.037,0.232,0.115,117,0.0,1.0,0.0,1,S/D,1.0,0.0,0,S/D,S/D,S/D,0,S/D,S/D,S/D,0
47E1654C,CORACHAY II,TACNA,CANDARAVE,ecmwf,pp,20260825,20260923,"00Z,12Z",D1,6h,0.087,0.392,0.26,230,0.75,0.87,0.125,4,S/D,1.0,0.0,0,S/D,S/D,S/D,0,S/D,S/D,S/D,0
47E1654C,CORACHAY II,TACNA,CANDARAVE,gfs,pp,20260825,20260923,"00Z,12Z",D1,6h,0.139,0.665,0.367,174,1.0,0.85,0.15,3,S/D,1.0,0.0,0,S/D,1.0,0.0,0,S/D,S/D,S/D,0
47E1654C,CORACHAY II,TACNA,CANDARAVE,eta5,pp,20260825,20260923,"00Z,12Z",D1,6h,0.012,0.087,0.421,197,1.0,0.571,0.429,3,S/D,S/D,S/D,0,S/D,S/D,S/D,0,S/D,S/D,S/D,0
47E1654C,CORACHAY II,TACNA,CANDARAVE,wrf5,pp,20260825,20260923,"00Z,12Z",D1,6h,0.069,0.497,0.41,226,0.75,0.7,0.273,4,S/D,1.0,0.0,0,S/D,1.0,0.0,0,S/D,S/D,S/D,0
47E1654C,CORACHAY II,TACNA,CANDARAVE,mpas15,pp,20260825,20260923,00Z,D1,6h,0.068,0.301,0.057,115,0.5,0.889,0.1,2,S/D,1.0,0.0,0,S/D,S/D,S/D,0,S/D,S/D,S/D,0
47E12646,LAGUNA ARICOTA,TACNA,CANDARAVE,ecmwf,pp,20260825,20260923,"00Z,12Z",D1,6h,0.031,0.186,S/D,230,S/D,1.0,0.0,0,S/D,1.0,0.0,0,S/D,S/D,S/D,0,S/D,S/D,S/D,0
47E12646,LAGUNA ARICOTA,TACNA,CANDARAVE,gfs,pp,20260825,20260923,"00Z,12Z",D1,6h,0.068,0.375,S/D,174,S/D,1.0,0.0,0,S/D,1.0,0.0,0,S/D,S/D,S/D,0,S/D,S/D,S/D,0
47E12646,LAGUNA ARICOTA,TACNA,CANDARAVE,eta5,pp,20260825,20260923,"00Z,12Z",D1,6h,0.004,0.038,S/D,197,S/D,1.0,0.0,0,S/D,S/D,S/D,0,S/D,S/D,S/D,0,S/D,S/D,S/D,0
47E12646,LAGUNA ARICOTA,TACNA,CANDARAVE,wrf5,pp,20260825,20260923,"00Z,12Z",D1,6h,0.027,0.267,S/D,226,S/D,1.0,0.0,0,S/D,1.0,0.0,0,S/D,S/D,S/D,0,S/D,S/D,S/D,0
47E12646,LAGUNA ARICOTA,TACNA,CANDARAVE,mpas15,pp,20260825,20260923,00Z,D1,6h,0.009,0.093,S/D,115,S/D,1.0,0.0,0,S/D,1.0,0.0,0,S/D,S/D,S/D,0,S/D,S/D,S/D,0
47E186BE,PUENTE VIEJO,TACNA,JORGE BASADRE,ecmwf,pp,20260825,20260923,"00Z,12Z",D1,6h,-0.321,2.126,-0.012,232,0.167,0.833,0.091,30,0.0,S/D,0.0,12,0.0,S/D,0.0,4,S/D,S/D,S/D,0
47E186BE,PUENTE VIEJO,TACNA,JORGE BASADRE,gfs,pp,20260825,20260923,"00Z,12Z",D1,6h,-0.41,2.43,0.207,174,0.0,S/D,0.0,21,0.0,S/D,0.0,9,0.0,S/D,0.0,4,S/D,S/D,S/D,0
47E186BE,PUENTE VIEJO,TACNA,JORGE BASADRE,eta5,pp,20260825,20260923,"00Z,12Z",D1,6h,-0.277,1.708,-0.027,199,0.0,S/D,0.0,26,0.0,S/D,0.0,9,0.0,S/D,0.0,3,S/D,S/D,S/D,0
47E186BE,PUENTE VIEJO,TACNA,JORGE BASADRE,wrf5,pp,20260825,20260923,"00Z,12Z",D1,6h,-0.358,2.144,0.028,229,0.0,1.0,0.0,30,0.0,S/D,0.0,12,0.0,S/D,0.0,4,S/D,S/D,S/D,0
47E186BE,PUENTE VIEJO,TACNA,JORGE BASADRE,mpas15,pp,20260825,20260923,00Z,D1,6h,-0.342,2.132,-0.013,116,0.0,1.0,0.0,15,0.0,S/D,0.0,6,0.0,S/D,0.0,2,S/D,S/D,S/D,0
47E2B42A,BOCATOMA EL AYRO,TACNA,TACNA,ecmwf,pp,20260825,20260923,"00Z,12Z",D1,6h,0.054,0.346,0.34,234,0.833,0.706,0.278,6,0.0,1.0,0.0,2,S/D,S/D,S/D,0,S/D,S/D,S/D,0
47E2B42A,BOCATOMA EL AYRO,TACNA,TACNA,gfs,pp,20260825,20260923,"00Z,12Z",D1,6h,0.172,0.894,0.5,177,1.0,0.714,0.286,4,1.0,0.857,0.143,1,S/D,1.0,0.0,0,S/D,S/D,S/D,0
47E2B42A,BOCATOMA EL AYRO,TACNA,TACNA,eta5,pp,20260825,20260923,"00Z,12Z",D1,6h,0.019,0.188,0.496,201,1.0,0.6,0.4,4,0.5,0.667,0.25,2,S/D,S/D,S/D,0,S/D,S/D,S/D,0
47E2B42A,BOCATOMA EL AYRO,TACNA,TACNA,wrf5,pp,20260825,20260923,"00Z,12Z",D1,6h,0.069,0.627,0.584,230,1.0,0.6,0.4,6,0.5,0.8,0.167,2,S/D,1.0,0.0,0,S/D,S/D,S/D,0
47E2B42A,BOCATOMA EL AYRO,TACNA,TACNA,mpas15,pp,20260825,20260923,00Z,D1,6h,0.108,0.671,0.287,117,1.0,0.5,0.5,3,1.0,0.8,0.2,1,S/D,1.0,0.0,0,S/D,S/D,S/D,0
47E143A0,CAPLINA,TACNA,TACNA,ecmwf,pp,20260825,20260923,"00Z,12Z",D1,6h,0.003,0.066,0.459,226,0.5,0.5,0.333,6,S/D,S/D,S/D,0,S/D,S/D,S/D,0,S/D,S/D,S/D,0
47E143A0,CAPLINA,TACNA,TACNA,gfs,pp,20260825,20260923,"00Z,12Z",D1,6h,0.036,0.223,0.648,171,0.8,0.429,0.5,5,S/D,1.0,0.0,0,S/D,S/D,S/D,0,S/D,S/D,S/D,0
47E143A0,CAPLINA,TACNA,TACNA,eta5,pp,20260825,20260923,"00Z,12Z",D1,6h,0.011,0.093,0.577,195,0.75,0.25,0.6,4,S/D,1.0,0.0,0,S/D,S/D,S/D,0,S/D,S/D,S/D,0
47E143A0,CAPLINA,TACNA,TACNA,wrf5,pp,20260825,20260923,"00Z,12Z",D1,6h,0.067,0.502,0.737,222,0.833,0.444,0.5,6,S/D,1.0,0.0,0,S/D,1.0,0.0,0,S/D,S/D,S/D,0
47E143A0,CAPLINA,TACNA,TACNA,mpas15,pp,20260825,20260923,00Z,D1,6h,0.036,0.24,0.227,113,0.667,0.333,0.5,3,S/D,1.0,0.0,0,S/D,S/D,S/D,0,S/D,S/D,S/D,0
47E13530,CERRO BLANCO,TACNA,TACNA,ecmwf,pp,20260825,20260923,"00Z,12Z",D1,6h,-0.065,0.217,0.487,230,0.222,0.2,0.211,36,0.0,S/D,0.0,2,S/D,S/D,S/D,0,S/D,S/D,S/D,0
47E13530,CERRO BLANCO,TACNA,TACNA,gfs,pp,20260825,20260923,"00Z,12Z",D1,6h,-0.071,0.219,-0.033,173,0.0,S/D,0.0,28,0.0,S/D,0.0,1,S/D,S/D,S/D,0,S/D,S/D,S/D,0
47E13530,CERRO BLANCO,TACNA,TACNA,eta5,pp,20260825,20260923,"00Z,12Z",D1,6h,-0.08,0.248,S/D,197,0.0,S/D,0.0,31,0.0,S/D,0.0,2,S/D,S/D,S/D,0,S/D,S/D,S/D,0
47E13530,CERRO BLANCO,TACNA,TACNA,wrf5,pp,20260825,20260923,"00Z,12Z",D1,6h,-0.078,0.243,0.388,226,0.0,1.0,0.0,36,0.0,S/D,0.0,2,S/D,S/D,S/D,0,S/D,S/D,S/D,0
47E13530,CERRO BLANCO,TACNA,TACNA,mpas15,pp,20260825,20260923,00Z,D1,6h,-0.077,0.236,0.069,115,0.056,0.0,0.056,18,0.0,S/D,0.0,1,S/D,S/D,S/D,0,S/D,S/D,S/D,0
47E195C8,CHALLATA,TACNA,TACNA,ecmwf,pp,20260825,20260923,"00Z,12Z",D1,6h,0.011,0.069,S/D,228,S/D,1.0,0.0,0,S/D,S/D,S/D,0,S/D,S/D,S/D,0,S/D,S/D,S/D,0
47E195C8,CHALLATA,TACNA,TACNA,gfs,pp,20260825,20260923,"00Z,12Z",D1,6h,0.044,0.261,S/D,172,S/D,1.0,0.0,0,S/D,1.0,0.0,0,S/D,S/D,S/D,0,S/D,S/D,S/D,0
47E195C8,CHALLATA,TACNA,TACNA,eta5,pp,20260825,20260923,"00Z,12Z",D1,6h,0.0,0.003,S/D,195,S/D,S/D,S/D,0,S/D,S/D,S/D,0,S/D,S/D,S/D,0,S/D,S/D,S/D,0
47E195C8,CHALLATA,TACNA,TACNA,wrf5,pp,20260825,20260923,"00Z,12Z",D1,6h,0.004,0.045,S/D,224,S/D,1.0,0.0,0,S/D,S/D,S/D,0,S/D,S/D,S/D,0,S/D,S/D,S/D,0
47E195C8,CHALLATA,TACNA,TACNA,mpas15,pp,20260825,20260923,00Z,D1,6h,0.0,0.0,S/D,114,S/D,S/D,S/D,0,S/D,S/D,S/D,0,S/D,S/D,S/D,0,S/D,S/D,S/D,0
4722F344,LA TRANCA,TACNA,TACNA,ecmwf,pp,20260825,20260923,"00Z,12Z",D1,6h,S/D,S/D,S/D,0,S/D,S/D,S/D,0,S/D,S/D,S/D,0,S/D,S/D,S/D,0,S/D,S/D,S/D,0
4722F344,LA TRANCA,TACNA,TACNA,gfs,pp,20260825,20260923,"00Z,12Z",D1,6h,S/D,S/D,S/D,0,S/D,S/D,S/D,0,S/D,S/D,S/D,0,S/D,S/D,S/D,0,S/D,S/D,S/D,0
4722F344,LA TRANCA,TACNA,TACNA,eta5,pp,20260825,20260923,"00Z,12Z",D1,6h,S/D,S/D,S/D,0,S/D,S/D,S/D,0,S/D,S/D,S/D,0,S/D,S/D,S/D,0,S/D,S/D,S/D,0
4722F344,LA TRANCA,TACNA,TACNA,wrf5,pp,20260825,20260923,"00Z,12Z",D1,6h,S/D,S/D,S/D,0,S/D,S/D,S/D,0,S/D,S/D,S/D,0,S/D,S/D,S/D,0,S/D,S/D,S/D,0
4722F344,LA TRANCA,TACNA,TACNA,mpas15,pp,20260825,20260923,00Z,D1,6h,S/D,S/D,S/D,0,S/D,S/D,S/D,0,S/D,S/D,S/D,0,S/D,S/D,S/D,0,S/D,S/D,S/D,0
47E113DC,REPRESA PAUCARANI,TACNA,TACNA,ecmwf,pp,20260825,20260923,"00Z,12Z",D1,6h,0.061,0.32,0.402,230,0.625,0.643,0.294,8,S/D,1.0,0.0,0,S/D,S/D,S/D,0,S/D,S/D,S/D,0
47E113DC,REPRESA PAUCARANI,TACNA,TACNA,gfs,pp,20260825,20260923,"00Z,12Z",D1,6h,0.13,0.734,0.54,174,0.75,0.5,0.429,8,S/D,1.0,0.0,0,S/D,1.0,0.0,0,S/D,S/D,S/D,0
47E113DC,REPRESA PAUCARANI,TACNA,TACNA,eta5,pp,20260825,20260923,"00Z,12Z",D1,6h,0.033,0.241,0.375,198,0.667,0.667,0.286,6,S/D,1.0,0.0,0,S/D,S/D,S/D,0,S/D,S/D,S/D,0
47E113DC,REPRESA PAUCARANI,TACNA,TACNA,wrf5,pp,20260825,20260923,"00Z,12Z",D1,6h,0.107,0.817,0.512,226,0.625,0.583,0.333,8,S/D,1.0,0.0,0,S/D,1.0,0.0,0,S/D,S/D,S/D,0
47E113DC,REPRESA PAUCARANI,TACNA,TACNA,mpas15,pp,20260825,20260923,00Z,D1,6h,0.028,0.212,0.207,115,0.5,0.333,0.4,4,S/D,1.0,0.0,0,S/D,S/D,S/D,0,S/D,S/D,S/D,0
117059,ANCOAQUE,TACNA,TARATA,ecmwf,pp,20260825,20260923,"00Z,12Z",D1,6h,0.059,0.351,0.296,182,0.667,0.556,0.364,6,S/D,1.0,0.0,0,S/D,S/D,S/D,0,S/D,S/D,S/D,0
117059,ANCOAQUE,TACNA,TARATA,gfs,pp,20260825,20260923,"00Z,12Z",D1,6h,0.128,0.737,0.454,150,0.8,0.692,0.286,5,S/D,1.0,0.0,0,S/D,1.0,0.0,0,S/D,S/D,S/D,0
117059,ANCOAQUE,TACNA,TARATA,eta5,pp,20260825,20260923,"00Z,12Z",D1,6h,0.011,0.083,0.341,154,0.6,0.4,0.429,5,S/D,1.0,0.0,0,S/D,S/D,S/D,0,S/D,S/D,S/D,0
117059,ANCOAQUE,TACNA,TARATA,wrf5,pp,20260825,20260923,"00Z,12Z",D1,6h,0.104,0.844,0.465,179,0.667,0.556,0.364,6,S/D,1.0,0.0,0,S/D,1.0,0.0,0,S/D,S/D,S/D,0
117059,ANCOAQUE,TACNA,TARATA,mpas15,pp,20260825,20260923,00Z,D1,6h,0.204,0.74,0.31,91,1.0,0.667,0.333,3,S/D,1.0,0.0,0,S/D,S/D,S/D,0,S/D,S/D,S/D,0
47E292C6,CHUAPALCA,TACNA,TARATA,ecmwf,pp,20260825,20260923,"00Z,12Z",D1,6h,0.062,0.383,0.148,232,0.5,0.846,0.133,4,S/D,1.0,0.0,0,S/D,S/D,S/D,0,S/D,S/D,S/D,0
47E292C6,CHUAPALCA,TACNA,TARATA,gfs,pp,20260825,20260923,"00Z,12Z",D1,6h,0.181,0.886,0.097,175,0.333,0.941,0.053,3,S/D,1.0,0.0,0,S/D,1.0,0.0,0,S/D,S/D,S/D,0
47E292C6,CHUAPALCA,TACNA,TARATA,eta5,pp,20260825,20260923,"00Z,12Z",D1,6h,0.035,0.178,0.249,199,0.5,0.8,0.167,4,S/D,1.0,0.0,0,S/D,S/D,S/D,0,S/D,S/D,S/D,0
47E292C6,CHUAPALCA,TACNA,TARATA,wrf5,pp,20260825,20260923,"00Z,12Z",D1,6h,0.06,0.336,0.211,228,0.5,0.867,0.118,4,S/D,1.0,0.0,0,S/D,S/D,S/D,0,S/D,S/D,S/D,0
47E292C6,CHUAPALCA,TACNA,TARATA,mpas15,pp,20260825,20260923,00Z,D1,6h,0.203,0.745,0.054,116,0.5,0.929,0.067,2,S/D,1.0,0.0,0,S/D,1.0,0.0,0,S/D,S/D,S/D,0
47E150D6,PUENTE TALAPALCA,TACNA,TARATA,ecmwf,pp,20260825,20260923,"00Z,12Z",D1,6h,0.001,0.009,S/D,222,S/D,S/D,S/D,0,S/D,S/D,S/D,0,S/D,S/D,S/D,0,S/D,S/D,S/D,0
47E150D6,PUENTE TALAPALCA,TACNA,TARATA,gfs,pp,20260825,20260923,"00Z,12Z",D1,6h,0.009,0.063,S/D,169,S/D,1.0,0.0,0,S/D,S/D,S/D,0,S/D,S/D,S/D,0,S/D,S/D,S/D,0
47E150D6,PUENTE TALAPALCA,TACNA,TARATA,eta5,pp,20260825,20260923,"00Z,12Z",D1,6h,0.005,0.046,S/D,191,S/D,1.0,0.0,0,S/D,S/D,S/D,0,S/D,S/D,S/D,0,S/D,S/D,S/D,0
47E150D6,PUENTE TALAPALCA,TACNA,TARATA,wrf5,pp,20260825,20260923,"00Z,12Z",D1,6h,0.004,0.042,S/D,218,S/D,1.0,0.0,0,S/D,S/D,S/D,0,S/D,S/D,S/D,0,S/D,S/D,S/D,0
47E150D6,PUENTE TALAPALCA,TACNA,TARATA,mpas15,pp,20260825,20260923,00Z,D1,6h,0.027,0.164,S/D,111,S/D,1.0,0.0,0,S/D,1.0,0.0,0,S/D,S/D,S/D,0,S/D,S/D,S/D,0
47E1B324,REPRESA JARUMAS,TACNA,TARATA,ecmwf,pp,20260825,20260923,"00Z,12Z",D1,6h,0.072,0.436,0.19,230,0.375,0.75,0.176,8,S/D,1.0,0.0,0,S/D,S/D,S/D,0,S/D,S/D,S/D,0
47E1B324,REPRESA JARUMAS,TACNA,TARATA,gfs,pp,20260825,20260923,"00Z,12Z",D1,6h,0.134,0.758,0.337,173,0.667,0.75,0.222,6,S/D,1.0,0.0,0,S/D,1.0,0.0,0,S/D,S/D,S/D,0
47E1B324,REPRESA JARUMAS,TACNA,TARATA,eta5,pp,20260825,20260923,"00Z,12Z",D1,6h,0.027,0.215,0.23,198,0.286,0.778,0.143,7,S/D,1.0,0.0,0,S/D,S/D,S/D,0,S/D,S/D,S/D,0
47E1B324,REPRESA JARUMAS,TACNA,TARATA,wrf5,pp,20260825,20260923,"00Z,12Z",D1,6h,0.1,0.732,0.29,226,0.375,0.75,0.176,8,S/D,1.0,0.0,0,S/D,1.0,0.0,0,S/D,S/D,S/D,0
47E1B324,REPRESA JARUMAS,TACNA,TARATA,mpas15,pp,20260825,20260923,00Z,D1,6h,0.062,0.315,0.16,115,0.25,0.857,0.1,4,S/D,1.0,0.0,0,S/D,S/D,S/D,0,S/D,S/D,S/D,0
47E1763A,SALIDA TUNEL KOVIRE,TACNA,TARATA,ecmwf,pp,20260825,20260923,"00Z,12Z",D1,6h,0.063,0.394,0.475,230,0.75,0.5,0.429,8,S/D,1.0,0.0,0,S/D,S/D,S/D,0,S/D,S/D,S/D,0
47E1763A,SALIDA TUNEL KOVIRE,TACNA,TARATA,gfs,pp,20260825,20260923,"00Z,12Z",D1,6h,0.119,0.693,0.613,173,1.0,0.562,0.438,7,S/D,1.0,0.0,0,S/D,1.0,0.0,0,S/D,S/D,S/D,0
47E1763A,SALIDA TUNEL KOVIRE,TACNA,TARATA,eta5,pp,20260825,20260923,"00Z,12Z",D1,6h,0.022,0.176,0.532,197,0.8,0.556,0.4,5,S/D,1.0,0.0,0,S/D,S/D,S/D,0,S/D,S/D,S/D,0
47E1763A,SALIDA TUNEL KOVIRE,TACNA,TARATA,wrf5,pp,20260825,20260923,"00Z,12Z",D1,6h,0.097,0.715,0.652,226,0.875,0.417,0.538,8,S/D,1.0,0.0,0,S/D,1.0,0.0,0,S/D,S/D,S/D,0
47E1763A,SALIDA TUNEL KOVIRE,TACNA,TARATA,mpas15,pp,20260825,20260923,00Z,D1,6h,0.066,0.327,0.27,115,0.75,0.571,0.375,4,S/D,1.0,0.0,0,S/D,S/D,S/D,0,S/D,S/D,S/D,0
47E2D1CC,TARATA,TACNA,TARATA,ecmwf,pp,20260825,20260923,"00Z,12Z",D1,6h,0.02,0.194,0.753,236,0.5,0.5,0.333,10,0.5,0.667,0.25,2,S/D,S/D,S/D,0,S/D,S/D,S/D,0
47E2D1CC,TARATA,TACNA,TARATA,gfs,pp,20260825,20260923,"00Z,12Z",D1,6h,0.067,0.418,0.711,178,0.75,0.4,0.5,8,1.0,0.6,0.4,2,S/D,S/D,S/D,0,S/D,S/D,S/D,0
47E2D1CC,TARATA,TACNA,TARATA,eta5,pp,20260825,20260923,"00Z,12Z",D1,6h,0.016,0.156,0.706,203,0.714,0.286,0.556,7,0.0,1.0,0.0,1,S/D,S/D,S/D,0,S/D,S/D,S/D,0
47E2D1CC,TARATA,TACNA,TARATA,wrf5,pp,20260825,20260923,"00Z,12Z",D1,6h,0.014,0.213,0.831,232,0.4,0.0,0.4,10,0.0,1.0,0.0,2,S/D,S/D,S/D,0,S/D,S/D,S/D,0
47E2D1CC,TARATA,TACNA,TARATA,mpas15,pp,20260825,20260923,00Z,D1,6h,0.063,0.293,0.372,118,1.0,0.167,0.833,5,1.0,0.8,0.2,1,S/D,S/D,S/D,0,S/D,S/D,S/D,0
47E2A75C,VILACOTA,TACNA,TARATA,ecmwf,pp,20260825,20260923,"00Z,12Z",D1,6h,0.094,0.407,0.291,234,1.0,0.81,0.19,4,S/D,1.0,0.0,0,S/D,S/D,S/D,0,S/D,S/D,S/D,0
47E2A75C,VILACOTA,TACNA,TARATA,gfs,pp,20260825,20260923,"00Z,12Z",D1,6h,0.166,0.849,0.364,177,1.0,0.824,0.176,3,S/D,1.0,0.0,0,S/D,1.0,0.0,0,S/D,S/D,S/D,0
47E2A75C,VILACOTA,TACNA,TARATA,eta5,pp,20260825,20260923,"00Z,12Z",D1,6h,0.019,0.123,0.411,202,1.0,0.667,0.333,4,S/D,1.0,0.0,0,S/D,S/D,S/D,0,S/D,S/D,S/D,0
47E2A75C,VILACOTA,TACNA,TARATA,wrf5,pp,20260825,20260923,"00Z,12Z",D1,6h,0.075,0.548,0.377,230,1.0,0.714,0.286,4,S/D,1.0,0.0,0,S/D,1.0,0.0,0,S/D,S/D,S/D,0
47E2A75C,VILACOTA,TACNA,TARATA,mpas15,pp,20260825,20260923,00Z,D1,6h,0.296,0.917,0.236,117,1.0,0.882,0.118,2,S/D,1.0,0.0,0,S/D,S/D,S/D,0,S/D,S/D,S/D,0
472F13D0,CAÑAVERAL,TUMBES,CONTRALMIRANTE VILLAR,ecmwf,pp,20260825,20260923,"00Z,12Z",D1,6h,0.005,0.505,0.213,232,0.333,0.909,0.077,6,1.0,0.6,0.4,2,0.0,S/D,0.0,2,S/D,S/D,S/D,0
472F13D0,CAÑAVERAL,TUMBES,CONTRALMIRANTE VILLAR,gfs,pp,20260825,20260923,"00Z,12Z",D1,6h,0.044,0.606,0.349,175,0.8,0.852,0.143,5,1.0,0.5,0.5,2,0.5,0.0,0.5,2,S/D,S/D,S/D,0
472F13D0,CAÑAVERAL,TUMBES,CONTRALMIRANTE VILLAR,eta5,pp,20260825,20260923,"00Z,12Z",D1,6h,0.066,0.672,0.235,199,0.6,0.914,0.081,5,0.0,1.0,0.0,1,0.0,S/D,0.0,1,S/D,S/D,S/D,0
472F13D0,CAÑAVERAL,TUMBES,CONTRALMIRANTE VILLAR,wrf5,pp,20260825,20260923,"00Z,12Z",D1,6h,-0.035,0.724,0.189,228,0.167,0.941,0.045,6,0.5,0.5,0.333,2,0.0,S/D,0.0,2,S/D,S/D,S/D,0
472F13D0,CAÑAVERAL,TUMBES,CONTRALMIRANTE VILLAR,mpas15,pp,20260825,20260923,00Z,D1,6h,-0.052,0.765,-0.026,116,0.0,1.0,0.0,3,0.0,1.0,0.0,1,0.0,S/D,0.0,1,S/D,S/D,S/D,0
47E01126,CABO INGA H,TUMBES,TUMBES,ecmwf,pp,20260825,20260923,"00Z,12Z",D1,6h,-0.109,1.592,0.325,232,0.625,0.712,0.246,24,0.583,0.632,0.292,12,0.333,0.0,0.333,6,0.0,S/D,0.0,2
47E01126,CABO INGA H,TUMBES,TUMBES,gfs,pp,20260825,20260923,"00Z,12Z",D1,6h,-0.287,2.496,0.421,175,0.737,0.674,0.292,19,0.4,0.667,0.222,10,0.4,0.0,0.4,5,0.0,S/D,0.0,2
47E01126,CABO INGA H,TUMBES,TUMBES,eta5,pp,20260825,20260923,"00Z,12Z",D1,6h,-0.113,2.558,0.224,199,0.524,0.814,0.159,21,0.7,0.72,0.25,10,0.0,S/D,0.0,4,0.0,S/D,0.0,1
47E01126,CABO INGA H,TUMBES,TUMBES,wrf5,pp,20260825,20260923,"00Z,12Z",D1,6h,-0.147,2.078,0.381,228,0.583,0.576,0.326,24,0.417,0.545,0.278,12,0.333,0.0,0.333,6,0.5,0.0,0.5,2
47E01126,CABO INGA H,TUMBES,TUMBES,mpas15,pp,20260825,20260923,00Z,D1,6h,-0.427,3.36,-0.081,116,0.167,0.833,0.091,12,0.0,1.0,0.0,6,0.0,S/D,0.0,3,0.0,S/D,0.0,1
472F00A6,CABO INGA M,TUMBES,TUMBES,ecmwf,pp,20260825,20260923,"00Z,12Z",D1,6h,-0.128,1.711,0.374,228,0.778,0.714,0.264,18,0.6,0.667,0.273,10,0.333,0.0,0.333,6,0.0,S/D,0.0,2
472F00A6,CABO INGA M,TUMBES,TUMBES,gfs,pp,20260825,20260923,"00Z,12Z",D1,6h,-0.306,2.631,0.395,172,0.733,0.732,0.244,15,0.444,0.667,0.235,9,0.4,0.0,0.4,5,0.0,S/D,0.0,2
472F00A6,CABO INGA M,TUMBES,TUMBES,eta5,pp,20260825,20260923,"00Z,12Z",D1,6h,-0.129,2.678,0.268,195,0.667,0.821,0.164,15,0.75,0.75,0.231,8,0.0,S/D,0.0,4,0.0,S/D,0.0,1
472F00A6,CABO INGA M,TUMBES,TUMBES,wrf5,pp,20260825,20260923,"00Z,12Z",D1,6h,-0.155,2.347,0.391,224,0.667,0.6,0.333,18,0.5,0.643,0.263,10,0.333,0.0,0.333,6,0.5,0.0,0.5,2
472F00A6,CABO INGA M,TUMBES,TUMBES,mpas15,pp,20260825,20260923,00Z,D1,6h,-0.45,3.497,-0.086,114,0.111,0.909,0.053,9,0.0,1.0,0.0,5,0.0,S/D,0.0,3,0.0,S/D,0.0,1
472EF2D8,CAMPAMENTO SEDE,TUMBES,TUMBES,ecmwf,pp,20260825,20260923,"00Z,12Z",D1,6h,0.025,0.144,-0.145,154,0.0,1.0,0.0,10,S/D,1.0,0.0,0,S/D,S/D,S/D,0,S/D,S/D,S/D,0
472EF2D8,CAMPAMENTO SEDE,TUMBES,TUMBES,gfs,pp,20260825,20260923,"00Z,12Z",D1,6h,0.033,0.147,-0.073,118,0.0,1.0,0.0,9,S/D,1.0,0.0,0,S/D,S/D,S/D,0,S/D,S/D,S/D,0
472EF2D8,CAMPAMENTO SEDE,TUMBES,TUMBES,eta5,pp,20260825,20260923,"00Z,12Z",D1,6h,0.115,0.415,-0.115,131,0.0,1.0,0.0,9,S/D,1.0,0.0,0,S/D,S/D,S/D,0,S/D,S/D,S/D,0
472EF2D8,CAMPAMENTO SEDE,TUMBES,TUMBES,wrf5,pp,20260825,20260923,"00Z,12Z",D1,6h,0.008,0.055,-0.072,153,0.0,1.0,0.0,10,S/D,S/D,S/D,0,S/D,S/D,S/D,0,S/D,S/D,S/D,0
472EF2D8,CAMPAMENTO SEDE,TUMBES,TUMBES,mpas15,pp,20260825,20260923,00Z,D1,6h,0.0,0.062,-0.174,77,0.0,1.0,0.0,5,S/D,S/D,S/D,0,S/D,S/D,S/D,0,S/D,S/D,S/D,0
4724A3F6,EL TIGRE,TUMBES,TUMBES,ecmwf,pp,20260825,20260923,"00Z,12Z",D1,6h,0.08,0.497,0.184,216,1.0,0.941,0.059,2,1.0,0.75,0.25,2,0.0,S/D,0.0,2,S/D,S/D,S/D,0
4724A3F6,EL TIGRE,TUMBES,TUMBES,gfs,pp,20260825,20260923,"00Z,12Z",D1,6h,0.03,0.491,0.234,163,1.0,0.923,0.077,2,1.0,0.5,0.5,2,0.0,S/D,0.0,2,S/D,S/D,S/D,0
4724A3F6,EL TIGRE,TUMBES,TUMBES,eta5,pp,20260825,20260923,"00Z,12Z",D1,6h,0.112,0.639,0.099,186,1.0,0.977,0.023,1,0.0,1.0,0.0,1,0.0,S/D,0.0,1,S/D,S/D,S/D,0
4724A3F6,EL TIGRE,TUMBES,TUMBES,wrf5,pp,20260825,20260923,"00Z,12Z",D1,6h,-0.003,0.49,0.206,212,1.0,0.875,0.125,2,1.0,0.5,0.5,2,0.0,S/D,0.0,2,S/D,S/D,S/D,0
4724A3F6,EL TIGRE,TUMBES,TUMBES,mpas15,pp,20260825,20260923,00Z,D1,6h,-0.001,0.693,0.116,108,0.0,1.0,0.0,1,0.0,1.0,0.0,1,0.0,S/D,0.0,1,S/D,S/D,S/D,0
472F43AC,HUASIMO,TUMBES,TUMBES,ecmwf,pp,20260825,20260923,"00Z,12Z",D1,6h,0.184,0.686,0.317,230,0.833,0.804,0.189,12,0.5,0.789,0.174,8,1.0,0.0,1.0,2,S/D,S/D,S/D,0
472F43AC,HUASIMO,TUMBES,TUMBES,gfs,pp,20260825,20260923,"00Z,12Z",D1,6h,0.052,0.903,0.339,174,0.818,0.791,0.2,11,0.429,0.75,0.188,7,1.0,0.0,1.0,2,S/D,S/D,S/D,0
472F43AC,HUASIMO,TUMBES,TUMBES,eta5,pp,20260825,20260923,"00Z,12Z",D1,6h,0.008,1.431,0.229,197,0.7,0.851,0.14,10,0.167,0.889,0.071,6,0.0,S/D,0.0,1,S/D,S/D,S/D,0
472F43AC,HUASIMO,TUMBES,TUMBES,wrf5,pp,20260825,20260923,"00Z,12Z",D1,6h,-0.027,1.299,0.339,226,0.667,0.75,0.222,12,0.625,0.167,0.556,8,0.5,0.0,0.5,2,S/D,1.0,0.0,0
472F43AC,HUASIMO,TUMBES,TUMBES,mpas15,pp,20260825,20260923,00Z,D1,6h,-0.158,1.912,-0.087,115,0.0,1.0,0.0,6,0.0,1.0,0.0,4,0.0,S/D,0.0,1,S/D,S/D,S/D,0
47E024BC,PUENTE TUMBES,TUMBES,TUMBES,ecmwf,pp,20260825,20260923,"00Z,12Z",D1,6h,0.001,0.313,0.194,230,0.0,1.0,0.0,4,0.0,1.0,0.0,2,S/D,S/D,S/D,0,S/D,S/D,S/D,0
47E024BC,PUENTE TUMBES,TUMBES,TUMBES,gfs,pp,20260825,20260923,"00Z,12Z",D1,6h,0.001,0.347,0.137,174,0.0,1.0,0.0,3,0.0,1.0,0.0,2,S/D,S/D,S/D,0,S/D,S/D,S/D,0
47E024BC,PUENTE TUMBES,TUMBES,TUMBES,eta5,pp,20260825,20260923,"00Z,12Z",D1,6h,0.079,0.45,0.139,197,0.75,0.919,0.079,4,0.0,1.0,0.0,2,S/D,S/D,S/D,0,S/D,S/D,S/D,0
47E024BC,PUENTE TUMBES,TUMBES,TUMBES,wrf5,pp,20260825,20260923,"00Z,12Z",D1,6h,-0.003,0.208,0.193,226,0.0,1.0,0.0,3,0.0,S/D,0.0,1,S/D,S/D,S/D,0,S/D,S/D,S/D,0
47E024BC,PUENTE TUMBES,TUMBES,TUMBES,mpas15,pp,20260825,20260923,00Z,D1,6h,-0.016,0.3,0.144,115,0.0,1.0,0.0,2,0.0,S/D,0.0,1,S/D,S/D,S/D,0,S/D,S/D,S/D,0
103068,PUERTO PIZARRO,TUMBES,TUMBES,ecmwf,pp,20260825,20260923,"00Z,12Z",D1,6h,0.003,0.008,S/D,6,S/D,S/D,S/D,0,S/D,S/D,S/D,0,S/D,S/D,S/D,0,S/D,S/D,S/D,0
103068,PUERTO PIZARRO,TUMBES,TUMBES,gfs,pp,20260825,20260923,"00Z,12Z",D1,6h,0.025,0.04,S/D,5,S/D,S/D,S/D,0,S/D,S/D,S/D,0,S/D,S/D,S/D,0,S/D,S/D,S/D,0
103068,PUERTO PIZARRO,TUMBES,TUMBES,eta5,pp,20260825,20260923,"00Z,12Z",D1,6h,0.01,0.015,S/D,3,S/D,S/D,S/D,0,S/D,S/D,S/D,0,S/D,S/D,S/D,0,S/D,S/D,S/D,0
103068,PUERTO PIZARRO,TUMBES,TUMBES,wrf5,pp,20260825,20260923,"00Z,12Z",D1,6h,0.001,0.002,S/D,6,S/D,S/D,S/D,0,S/D,S/D,S/D,0,S/D,S/D,S/D,0,S/D,S/D,S/D,0
103068,PUERTO PIZARRO,TUMBES,TUMBES,mpas15,pp,20260825,20260923,00Z,D1,6h,0.0,0.0,S/D,3,S/D,S/D,S/D,0,S/D,S/D,S/D,0,S/D,S/D,S/D,0,S/D,S/D,S/D,0
472F264A,RICA PLAYA,TUMBES,TUMBES,ecmwf,pp,20260825,20260923,"00Z,12Z",D1,6h,0.035,0.679,0.243,232,0.5,0.829,0.146,12,1.0,0.75,0.25,2,0.0,S/D,0.0,2,S/D,S/D,S/D,0
472F264A,RICA PLAYA,TUMBES,TUMBES,gfs,pp,20260825,20260923,"00Z,12Z",D1,6h,-0.019,0.803,0.364,175,0.778,0.741,0.241,9,1.0,0.5,0.5,2,0.0,S/D,0.0,2,S/D,S/D,S/D,0
472F264A,RICA PLAYA,TUMBES,TUMBES,eta5,pp,20260825,20260923,"00Z,12Z",D1,6h,0.067,0.793,0.177,199,0.636,0.833,0.152,11,0.0,1.0,0.0,1,0.0,S/D,0.0,1,S/D,S/D,S/D,0
472F264A,RICA PLAYA,TUMBES,TUMBES,wrf5,pp,20260825,20260923,"00Z,12Z",D1,6h,-0.017,0.735,0.288,228,0.333,0.8,0.143,12,0.5,0.8,0.167,2,0.5,0.0,0.5,2,S/D,S/D,S/D,0
472F264A,RICA PLAYA,TUMBES,TUMBES,mpas15,pp,20260825,20260923,00Z,D1,6h,-0.041,0.977,0.008,116,0.167,0.833,0.091,6,0.0,1.0,0.0,1,0.0,S/D,0.0,1,S/D,S/D,S/D,0
472F353C,MATAPALO,TUMBES,ZARUMILLA,ecmwf,pp,20260825,20260923,"00Z,12Z",D1,6h,0.138,1.058,0.099,232,0.4,0.941,0.054,10,0.5,0.882,0.105,4,1.0,0.333,0.667,2,S/D,S/D,S/D,0
472F353C,MATAPALO,TUMBES,ZARUMILLA,gfs,pp,20260825,20260923,"00Z,12Z",D1,6h,-0.004,1.74,0.066,175,0.375,0.947,0.048,8,0.5,0.818,0.154,4,1.0,0.0,1.0,2,S/D,S/D,S/D,0
472F353C,MATAPALO,TUMBES,ZARUMILLA,eta5,pp,20260825,20260923,"00Z,12Z",D1,6h,0.203,1.79,-0.001,199,0.556,0.947,0.051,9,0.0,1.0,0.0,3,0.0,S/D,0.0,1,S/D,S/D,S/D,0
472F353C,MATAPALO,TUMBES,ZARUMILLA,wrf5,pp,20260825,20260923,"00Z,12Z",D1,6h,-0.204,2.244,0.128,228,0.2,0.905,0.069,10,0.0,1.0,0.0,4,0.0,S/D,0.0,2,S/D,S/D,S/D,0
472F353C,MATAPALO,TUMBES,ZARUMILLA,mpas15,pp,20260825,20260923,00Z,D1,6h,-0.126,2.258,0.093,116,0.0,1.0,0.0,5,0.0,1.0,0.0,2,0.0,S/D,0.0,1,S/D,S/D,S/D,0
47E86310,CALLERIA,UCAYALI,CORONEL PORTILLO,ecmwf,pp,20260825,20260923,"00Z,12Z",D1,6h,S/D,S/D,S/D,0,S/D,S/D,S/D,0,S/D,S/D,S/D,0,S/D,S/D,S/D,0,S/D,S/D,S/D,0
47E86310,CALLERIA,UCAYALI,CORONEL PORTILLO,gfs,pp,20260825,20260923,"00Z,12Z",D1,6h,S/D,S/D,S/D,0,S/D,S/D,S/D,0,S/D,S/D,S/D,0,S/D,S/D,S/D,0,S/D,S/D,S/D,0
47E86310,CALLERIA,UCAYALI,CORONEL PORTILLO,eta5,pp,20260825,20260923,"00Z,12Z",D1,6h,S/D,S/D,S/D,0,S/D,S/D,S/D,0,S/D,S/D,S/D,0,S/D,S/D,S/D,0,S/D,S/D,S/D,0
47E86310,CALLERIA,UCAYALI,CORONEL PORTILLO,wrf5,pp,20260825,20260923,"00Z,12Z",D1,6h,S/D,S/D,S/D,0,S/D,S/D,S/D,0,S/D,S/D,S/D,0,S/D,S/D,S/D,0,S/D,S/D,S/D,0
47E86310,CALLERIA,UCAYALI,CORONEL PORTILLO,mpas15,pp,20260825,20260923,00Z,D1,6h,S/D,S/D,S/D,0,S/D,S/D,S/D,0,S/D,S/D,S/D,0,S/D,S/D,S/D,0,S/D,S/D,S/D,0
47E87066,PUERTO ESPERANZA,UCAYALI,PURUS,ecmwf,pp,20260825,20260923,"00Z,12Z",D1,6h,-0.212,5.279,0.422,232,0.808,0.741,0.244,26,0.571,0.724,0.229,14,0.5,0.545,0.312,10,0.0,S/D,0.0,4
47E87066,PUERTO ESPERANZA,UCAYALI,PURUS,gfs,pp,20260825,20260923,"00Z,12Z",D1,6h,-0.809,5.692,0.382,174,0.667,0.659,0.292,21,0.545,0.684,0.25,11,0.286,0.0,0.286,7,0.0,S/D,0.0,3
47E87066,PUERTO ESPERANZA,UCAYALI,PURUS,eta5,pp,20260825,20260923,"00Z,12Z",D1,6h,-1.042,6.227,0.359,199,0.6,0.643,0.288,25,0.286,0.75,0.154,14,0.0,S/D,0.0,10,0.0,S/D,0.0,4
47E87066,PUERTO ESPERANZA,UCAYALI,PURUS,wrf5,pp,20260825,20260923,"00Z,12Z",D1,6h,-0.862,6.17,0.457,229,0.5,0.35,0.394,26,0.214,0.571,0.167,14,0.0,1.0,0.0,10,0.0,1.0,0.0,4
47E87066,PUERTO ESPERANZA,UCAYALI,PURUS,mpas15,pp,20260825,20260923,00Z,D1,6h,0.215,4.494,0.338,116,0.769,0.756,0.227,13,0.857,0.833,0.162,7,0.6,0.625,0.3,5,0.0,S/D,0.0,2
270001,DESAGUADERO,PUNO,CHUCUITO,ecmwf,pp,20260825,20260923,"00Z,12Z",D1,6h,S/D,S/D,S/D,0,S/D,S/D,S/D,0,S/D,S/D,S/D,0,S/D,S/D,S/D,0,S/D,S/D,S/D,0
270001,DESAGUADERO,PUNO,CHUCUITO,gfs,pp,20260825,20260923,"00Z,12Z",D1,6h,S/D,S/D,S/D,0,S/D,S/D,S/D,0,S/D,S/D,S/D,0,S/D,S/D,S/D,0,S/D,S/D,S/D,0
270001,DESAGUADERO,PUNO,CHUCUITO,eta5,pp,20260825,20260923,"00Z,12Z",D1,6h,S/D,S/D,S/D,0,S/D,S/D,S/D,0,S/D,S/D,S/D,0,S/D,S/D,S/D,0,S/D,S/D,S/D,0
270001,DESAGUADERO,PUNO,CHUCUITO,wrf5,pp,20260825,20260923,"00Z,12Z",D1,6h,S/D,S/D,S/D,0,S/D,S/D,S/D,0,S/D,S/D,S/D,0,S/D,S/D,S/D,0,S/D,S/D,S/D,0
270001,DESAGUADERO,PUNO,CHUCUITO,mpas15,pp,20260825,20260923,00Z,D1,6h,S/D,S/D,S/D,0,S/D,S/D,S/D,0,S/D,S/D,S/D,0,S/D,S/D,S/D,0,S/D,S/D,S/D,0
101004,GUEPPI,LORETO,PUTUMAYO,ecmwf,pp,20260825,20260923,"00Z,12Z",D1,6h,2.067,3.453,S/D,232,S/D,1.0,0.0,0,S/D,1.0,0.0,0,S/D,1.0,0.0,0,S/D,S/D,S/D,0
101004,GUEPPI,LORETO,PUTUMAYO,gfs,pp,20260825,20260923,"00Z,12Z",D1,6h,1.462,2.645,S/D,175,S/D,1.0,0.0,0,S/D,1.0,0.0,0,S/D,1.0,0.0,0,S/D,S/D,S/D,0
101004,GUEPPI,LORETO,PUTUMAYO,eta5,pp,20260825,20260923,"00Z,12Z",D1,6h,0.807,1.537,S/D,199,S/D,1.0,0.0,0,S/D,1.0,0.0,0,S/D,1.0,0.0,0,S/D,S/D,S/D,0
101004,GUEPPI,LORETO,PUTUMAYO,wrf5,pp,20260825,20260923,"00Z,12Z",D1,6h,0.517,2.404,S/D,228,S/D,1.0,0.0,0,S/D,1.0,0.0,0,S/D,1.0,0.0,0,S/D,1.0,0.0,0
101004,GUEPPI,LORETO,PUTUMAYO,mpas15,pp,20260825,20260923,00Z,D1,6h,2.034,4.269,S/D,116,S/D,1.0,0.0,0,S/D,1.0,0.0,0,S/D,1.0,0.0,0,S/D,S/D,S/D,0
