codigo,estacion,departamento,provincia,modelo,variable,periodo_inicio,periodo_fin,ciclos,horizonte,resolucion,bias,mae,rmse,spearman,n
472C57D4,BAGUA,AMAZONAS,UTCUBAMBA,ecmwf,temp,20260907,20261006,"00Z,12Z",D1,3h,-3.349,3.405,3.812,0.883,480
472C57D4,BAGUA,AMAZONAS,UTCUBAMBA,gfs,temp,20260907,20261006,"00Z,12Z",D1,3h,-3.379,3.458,3.804,0.905,480
472C57D4,BAGUA,AMAZONAS,UTCUBAMBA,eta5,temp,20260907,20261006,"00Z,12Z",D1,3h,-1.081,1.8,2.312,0.869,389
472C57D4,BAGUA,AMAZONAS,UTCUBAMBA,wrf5,temp,20260907,20261006,"00Z,12Z",D1,3h,0.802,1.588,2.044,0.897,472
472C57D4,BAGUA,AMAZONAS,UTCUBAMBA,mpas15,temp,20260907,20261006,00Z,D1,3h,-4.622,4.648,4.946,0.905,240
472B607A,CORRAL QUEMADO,AMAZONAS,UTCUBAMBA,ecmwf,temp,20260907,20261006,"00Z,12Z",D1,3h,S/D,S/D,S/D,S/D,0
472B607A,CORRAL QUEMADO,AMAZONAS,UTCUBAMBA,gfs,temp,20260907,20261006,"00Z,12Z",D1,3h,S/D,S/D,S/D,S/D,0
472B607A,CORRAL QUEMADO,AMAZONAS,UTCUBAMBA,eta5,temp,20260907,20261006,"00Z,12Z",D1,3h,S/D,S/D,S/D,S/D,0
472B607A,CORRAL QUEMADO,AMAZONAS,UTCUBAMBA,wrf5,temp,20260907,20261006,"00Z,12Z",D1,3h,S/D,S/D,S/D,S/D,0
472B607A,CORRAL QUEMADO,AMAZONAS,UTCUBAMBA,mpas15,temp,20260907,20261006,00Z,D1,3h,S/D,S/D,S/D,S/D,0
472B2370,MAGUNCHAL,AMAZONAS,UTCUBAMBA,ecmwf,temp,20260907,20261006,"00Z,12Z",D1,3h,S/D,S/D,S/D,S/D,0
472B2370,MAGUNCHAL,AMAZONAS,UTCUBAMBA,gfs,temp,20260907,20261006,"00Z,12Z",D1,3h,S/D,S/D,S/D,S/D,0
472B2370,MAGUNCHAL,AMAZONAS,UTCUBAMBA,eta5,temp,20260907,20261006,"00Z,12Z",D1,3h,S/D,S/D,S/D,S/D,0
472B2370,MAGUNCHAL,AMAZONAS,UTCUBAMBA,wrf5,temp,20260907,20261006,"00Z,12Z",D1,3h,S/D,S/D,S/D,S/D,0
472B2370,MAGUNCHAL,AMAZONAS,UTCUBAMBA,mpas15,temp,20260907,20261006,00Z,D1,3h,S/D,S/D,S/D,S/D,0
220907,NARANJITO,AMAZONAS,UTCUBAMBA,ecmwf,temp,20260907,20261006,"00Z,12Z",D1,3h,S/D,S/D,S/D,S/D,0
220907,NARANJITO,AMAZONAS,UTCUBAMBA,gfs,temp,20260907,20261006,"00Z,12Z",D1,3h,S/D,S/D,S/D,S/D,0
220907,NARANJITO,AMAZONAS,UTCUBAMBA,eta5,temp,20260907,20261006,"00Z,12Z",D1,3h,S/D,S/D,S/D,S/D,0
220907,NARANJITO,AMAZONAS,UTCUBAMBA,wrf5,temp,20260907,20261006,"00Z,12Z",D1,3h,S/D,S/D,S/D,S/D,0
220907,NARANJITO,AMAZONAS,UTCUBAMBA,mpas15,temp,20260907,20261006,00Z,D1,3h,S/D,S/D,S/D,S/D,0
109096,BUENA VISTA,ANCASH,CASMA,ecmwf,temp,20260907,20261006,"00Z,12Z",D1,3h,0.192,1.06,1.427,0.912,478
109096,BUENA VISTA,ANCASH,CASMA,gfs,temp,20260907,20261006,"00Z,12Z",D1,3h,-2.16,2.261,2.737,0.867,478
109096,BUENA VISTA,ANCASH,CASMA,eta5,temp,20260907,20261006,"00Z,12Z",D1,3h,-1.68,2.259,2.638,0.866,387
109096,BUENA VISTA,ANCASH,CASMA,wrf5,temp,20260907,20261006,"00Z,12Z",D1,3h,-0.916,1.403,1.704,0.898,470
109096,BUENA VISTA,ANCASH,CASMA,mpas15,temp,20260907,20261006,00Z,D1,3h,-2.124,2.276,2.646,0.866,239
4725A10C,CHAVIN,ANCASH,HUARI,ecmwf,temp,20260907,20261006,"00Z,12Z",D1,3h,-8.714,8.714,9.106,0.874,476
4725A10C,CHAVIN,ANCASH,HUARI,gfs,temp,20260907,20261006,"00Z,12Z",D1,3h,-7.851,7.851,8.444,0.87,476
4725A10C,CHAVIN,ANCASH,HUARI,eta5,temp,20260907,20261006,"00Z,12Z",D1,3h,-4.699,4.822,5.329,0.858,386
4725A10C,CHAVIN,ANCASH,HUARI,wrf5,temp,20260907,20261006,"00Z,12Z",D1,3h,-2.162,2.724,3.348,0.895,468
4725A10C,CHAVIN,ANCASH,HUARI,mpas15,temp,20260907,20261006,00Z,D1,3h,-9.836,9.836,10.244,0.896,238
109091,SAUCEPAMPA,ANCASH,HUAYLAS,ecmwf,temp,20260907,20261006,"00Z,12Z",D1,3h,-4.99,5.015,5.628,0.875,476
109091,SAUCEPAMPA,ANCASH,HUAYLAS,gfs,temp,20260907,20261006,"00Z,12Z",D1,3h,-7.129,7.129,8.03,0.805,476
109091,SAUCEPAMPA,ANCASH,HUAYLAS,eta5,temp,20260907,20261006,"00Z,12Z",D1,3h,0.336,1.566,1.918,0.887,385
109091,SAUCEPAMPA,ANCASH,HUAYLAS,wrf5,temp,20260907,20261006,"00Z,12Z",D1,3h,-2.782,3.023,3.902,0.864,468
109091,SAUCEPAMPA,ANCASH,HUAYLAS,mpas15,temp,20260907,20261006,00Z,D1,3h,-9.743,9.743,10.247,0.85,238
472182DA,PUENTE CAHUA,ANCASH,OCROS,ecmwf,temp,20260907,20261006,"00Z,12Z",D1,3h,S/D,S/D,S/D,S/D,0
472182DA,PUENTE CAHUA,ANCASH,OCROS,gfs,temp,20260907,20261006,"00Z,12Z",D1,3h,S/D,S/D,S/D,S/D,0
472182DA,PUENTE CAHUA,ANCASH,OCROS,eta5,temp,20260907,20261006,"00Z,12Z",D1,3h,S/D,S/D,S/D,S/D,0
472182DA,PUENTE CAHUA,ANCASH,OCROS,wrf5,temp,20260907,20261006,"00Z,12Z",D1,3h,S/D,S/D,S/D,S/D,0
472182DA,PUENTE CAHUA,ANCASH,OCROS,mpas15,temp,20260907,20261006,00Z,D1,3h,S/D,S/D,S/D,S/D,0
47E89394,PACHACOTO,ANCASH,RECUAY,ecmwf,temp,20260907,20261006,"00Z,12Z",D1,3h,-0.089,2.828,3.412,0.893,480
47E89394,PACHACOTO,ANCASH,RECUAY,gfs,temp,20260907,20261006,"00Z,12Z",D1,3h,-0.756,4.262,5.05,0.825,480
47E89394,PACHACOTO,ANCASH,RECUAY,eta5,temp,20260907,20261006,"00Z,12Z",D1,3h,1.897,2.733,3.489,0.902,389
47E89394,PACHACOTO,ANCASH,RECUAY,wrf5,temp,20260907,20261006,"00Z,12Z",D1,3h,1.612,3.367,4.104,0.894,472
47E89394,PACHACOTO,ANCASH,RECUAY,mpas15,temp,20260907,20261006,00Z,D1,3h,-3.098,4.482,5.463,0.839,240
47259496,RECUAY,ANCASH,RECUAY,ecmwf,temp,20260907,20261006,"00Z,12Z",D1,3h,-3.182,3.533,4.285,0.937,474
47259496,RECUAY,ANCASH,RECUAY,gfs,temp,20260907,20261006,"00Z,12Z",D1,3h,-3.869,5.089,6.253,0.885,474
47259496,RECUAY,ANCASH,RECUAY,eta5,temp,20260907,20261006,"00Z,12Z",D1,3h,-1.166,2.568,3.11,0.911,384
47259496,RECUAY,ANCASH,RECUAY,wrf5,temp,20260907,20261006,"00Z,12Z",D1,3h,0.629,3.021,3.531,0.929,466
47259496,RECUAY,ANCASH,RECUAY,mpas15,temp,20260907,20261006,00Z,D1,3h,-7.149,7.158,8.279,0.907,237
110138,SHAQUEK,ANCASH,RECUAY,ecmwf,temp,20260907,20261006,"00Z,12Z",D1,3h,-6.534,6.535,6.832,0.793,478
110138,SHAQUEK,ANCASH,RECUAY,gfs,temp,20260907,20261006,"00Z,12Z",D1,3h,-3.779,3.786,4.031,0.835,478
110138,SHAQUEK,ANCASH,RECUAY,eta5,temp,20260907,20261006,"00Z,12Z",D1,3h,-4.659,4.673,4.968,0.804,387
110138,SHAQUEK,ANCASH,RECUAY,wrf5,temp,20260907,20261006,"00Z,12Z",D1,3h,-1.494,1.862,2.251,0.802,470
110138,SHAQUEK,ANCASH,RECUAY,mpas15,temp,20260907,20261006,00Z,D1,3h,-2.719,2.807,3.18,0.819,239
211601,SAN JACINTO,ANCASH,SANTA,ecmwf,temp,20260907,20261006,"00Z,12Z",D1,3h,S/D,S/D,S/D,S/D,0
211601,SAN JACINTO,ANCASH,SANTA,gfs,temp,20260907,20261006,"00Z,12Z",D1,3h,S/D,S/D,S/D,S/D,0
211601,SAN JACINTO,ANCASH,SANTA,eta5,temp,20260907,20261006,"00Z,12Z",D1,3h,S/D,S/D,S/D,S/D,0
211601,SAN JACINTO,ANCASH,SANTA,wrf5,temp,20260907,20261006,"00Z,12Z",D1,3h,S/D,S/D,S/D,S/D,0
211601,SAN JACINTO,ANCASH,SANTA,mpas15,temp,20260907,20261006,00Z,D1,3h,S/D,S/D,S/D,S/D,0
113253,CURAHUASI,APURIMAC,ABANCAY,ecmwf,temp,20260907,20261006,"00Z,12Z",D1,3h,-4.684,4.709,5.19,0.889,478
113253,CURAHUASI,APURIMAC,ABANCAY,gfs,temp,20260907,20261006,"00Z,12Z",D1,3h,-5.566,5.57,6.163,0.871,478
113253,CURAHUASI,APURIMAC,ABANCAY,eta5,temp,20260907,20261006,"00Z,12Z",D1,3h,-2.777,3.04,3.527,0.889,388
113253,CURAHUASI,APURIMAC,ABANCAY,wrf5,temp,20260907,20261006,"00Z,12Z",D1,3h,-1.399,2.221,2.847,0.905,470
113253,CURAHUASI,APURIMAC,ABANCAY,mpas15,temp,20260907,20261006,00Z,D1,3h,-6.879,6.879,7.228,0.904,239
47263360,GRANJA SAN ANTONIO,APURIMAC,ABANCAY,ecmwf,temp,20260907,20261006,"00Z,12Z",D1,3h,-3.128,3.288,3.696,0.867,474
47263360,GRANJA SAN ANTONIO,APURIMAC,ABANCAY,gfs,temp,20260907,20261006,"00Z,12Z",D1,3h,-3.999,4.033,4.378,0.884,474
47263360,GRANJA SAN ANTONIO,APURIMAC,ABANCAY,eta5,temp,20260907,20261006,"00Z,12Z",D1,3h,-3.869,4.008,4.594,0.84,385
47263360,GRANJA SAN ANTONIO,APURIMAC,ABANCAY,wrf5,temp,20260907,20261006,"00Z,12Z",D1,3h,-3.414,3.489,3.877,0.879,466
47263360,GRANJA SAN ANTONIO,APURIMAC,ABANCAY,mpas15,temp,20260907,20261006,00Z,D1,3h,-4.713,4.72,5.081,0.901,237
472B16EA,HUACULLO,APURIMAC,ANTABAMBA,ecmwf,temp,20260907,20261006,"00Z,12Z",D1,3h,-0.864,2.988,3.693,0.83,478
472B16EA,HUACULLO,APURIMAC,ANTABAMBA,gfs,temp,20260907,20261006,"00Z,12Z",D1,3h,0.855,2.828,3.776,0.844,478
472B16EA,HUACULLO,APURIMAC,ANTABAMBA,eta5,temp,20260907,20261006,"00Z,12Z",D1,3h,3.057,3.592,4.844,0.79,387
472B16EA,HUACULLO,APURIMAC,ANTABAMBA,wrf5,temp,20260907,20261006,"00Z,12Z",D1,3h,2.154,3.328,4.515,0.786,470
472B16EA,HUACULLO,APURIMAC,ANTABAMBA,mpas15,temp,20260907,20261006,00Z,D1,3h,-0.314,2.657,3.406,0.862,239
113246,TANCAYLLO,APURIMAC,CHINCHEROS,ecmwf,temp,20260907,20261006,"00Z,12Z",D1,3h,1.574,2.673,3.408,0.834,480
113246,TANCAYLLO,APURIMAC,CHINCHEROS,gfs,temp,20260907,20261006,"00Z,12Z",D1,3h,0.347,2.013,2.51,0.853,480
113246,TANCAYLLO,APURIMAC,CHINCHEROS,eta5,temp,20260907,20261006,"00Z,12Z",D1,3h,-0.095,2.193,2.639,0.827,389
113246,TANCAYLLO,APURIMAC,CHINCHEROS,wrf5,temp,20260907,20261006,"00Z,12Z",D1,3h,0.726,2.438,2.994,0.815,472
113246,TANCAYLLO,APURIMAC,CHINCHEROS,mpas15,temp,20260907,20261006,00Z,D1,3h,-2.304,2.933,3.789,0.8,240
472A1410,CASACCANCHA,APURIMAC,COTABAMBAS,ecmwf,temp,20260907,20261006,"00Z,12Z",D1,3h,-1.092,2.14,2.733,0.85,476
472A1410,CASACCANCHA,APURIMAC,COTABAMBAS,gfs,temp,20260907,20261006,"00Z,12Z",D1,3h,0.621,1.681,2.112,0.907,476
472A1410,CASACCANCHA,APURIMAC,COTABAMBAS,eta5,temp,20260907,20261006,"00Z,12Z",D1,3h,3.014,3.294,3.909,0.87,386
472A1410,CASACCANCHA,APURIMAC,COTABAMBAS,wrf5,temp,20260907,20261006,"00Z,12Z",D1,3h,1.445,2.124,2.697,0.886,469
472A1410,CASACCANCHA,APURIMAC,COTABAMBAS,mpas15,temp,20260907,20261006,00Z,D1,3h,-0.52,1.598,2.041,0.917,238
116085,AREQUIPA UV,AREQUIPA,AREQUIPA,ecmwf,temp,20260907,20261006,"00Z,12Z",D1,3h,-1.032,1.381,1.637,0.928,352
116085,AREQUIPA UV,AREQUIPA,AREQUIPA,gfs,temp,20260907,20261006,"00Z,12Z",D1,3h,-2.479,2.725,3.078,0.865,352
116085,AREQUIPA UV,AREQUIPA,AREQUIPA,eta5,temp,20260907,20261006,"00Z,12Z",D1,3h,0.025,1.184,1.458,0.912,285
116085,AREQUIPA UV,AREQUIPA,AREQUIPA,wrf5,temp,20260907,20261006,"00Z,12Z",D1,3h,1.094,1.957,2.344,0.865,346
116085,AREQUIPA UV,AREQUIPA,AREQUIPA,mpas15,temp,20260907,20261006,00Z,D1,3h,-7.259,7.259,7.71,0.813,176
47E26242,BOYADERO,AREQUIPA,AREQUIPA,ecmwf,temp,20260907,20261006,"00Z,12Z",D1,3h,S/D,S/D,S/D,S/D,0
47E26242,BOYADERO,AREQUIPA,AREQUIPA,gfs,temp,20260907,20261006,"00Z,12Z",D1,3h,S/D,S/D,S/D,S/D,0
47E26242,BOYADERO,AREQUIPA,AREQUIPA,eta5,temp,20260907,20261006,"00Z,12Z",D1,3h,S/D,S/D,S/D,S/D,0
47E26242,BOYADERO,AREQUIPA,AREQUIPA,wrf5,temp,20260907,20261006,"00Z,12Z",D1,3h,S/D,S/D,S/D,S/D,0
47E26242,BOYADERO,AREQUIPA,AREQUIPA,mpas15,temp,20260907,20261006,00Z,D1,3h,S/D,S/D,S/D,S/D,0
116083,CAYMA,AREQUIPA,AREQUIPA,ecmwf,temp,20260907,20261006,"00Z,12Z",D1,3h,S/D,S/D,S/D,S/D,0
116083,CAYMA,AREQUIPA,AREQUIPA,gfs,temp,20260907,20261006,"00Z,12Z",D1,3h,S/D,S/D,S/D,S/D,0
116083,CAYMA,AREQUIPA,AREQUIPA,eta5,temp,20260907,20261006,"00Z,12Z",D1,3h,S/D,S/D,S/D,S/D,0
116083,CAYMA,AREQUIPA,AREQUIPA,wrf5,temp,20260907,20261006,"00Z,12Z",D1,3h,S/D,S/D,S/D,S/D,0
116083,CAYMA,AREQUIPA,AREQUIPA,mpas15,temp,20260907,20261006,00Z,D1,3h,S/D,S/D,S/D,S/D,0
472147C4,CHARCANI,AREQUIPA,AREQUIPA,ecmwf,temp,20260907,20261006,"00Z,12Z",D1,3h,S/D,S/D,S/D,S/D,0
472147C4,CHARCANI,AREQUIPA,AREQUIPA,gfs,temp,20260907,20261006,"00Z,12Z",D1,3h,S/D,S/D,S/D,S/D,0
472147C4,CHARCANI,AREQUIPA,AREQUIPA,eta5,temp,20260907,20261006,"00Z,12Z",D1,3h,S/D,S/D,S/D,S/D,0
472147C4,CHARCANI,AREQUIPA,AREQUIPA,wrf5,temp,20260907,20261006,"00Z,12Z",D1,3h,S/D,S/D,S/D,S/D,0
472147C4,CHARCANI,AREQUIPA,AREQUIPA,mpas15,temp,20260907,20261006,00Z,D1,3h,S/D,S/D,S/D,S/D,0
116077,CHIGUATA,AREQUIPA,AREQUIPA,ecmwf,temp,20260907,20261006,"00Z,12Z",D1,3h,S/D,S/D,S/D,S/D,0
116077,CHIGUATA,AREQUIPA,AREQUIPA,gfs,temp,20260907,20261006,"00Z,12Z",D1,3h,S/D,S/D,S/D,S/D,0
116077,CHIGUATA,AREQUIPA,AREQUIPA,eta5,temp,20260907,20261006,"00Z,12Z",D1,3h,S/D,S/D,S/D,S/D,0
116077,CHIGUATA,AREQUIPA,AREQUIPA,wrf5,temp,20260907,20261006,"00Z,12Z",D1,3h,S/D,S/D,S/D,S/D,0
116077,CHIGUATA,AREQUIPA,AREQUIPA,mpas15,temp,20260907,20261006,00Z,D1,3h,S/D,S/D,S/D,S/D,0
116065,LA PAMPILLA,AREQUIPA,AREQUIPA,ecmwf,temp,20260907,20261006,"00Z,12Z",D1,3h,-0.86,1.603,1.915,0.89,452
116065,LA PAMPILLA,AREQUIPA,AREQUIPA,gfs,temp,20260907,20261006,"00Z,12Z",D1,3h,-2.37,3.026,3.425,0.825,452
116065,LA PAMPILLA,AREQUIPA,AREQUIPA,eta5,temp,20260907,20261006,"00Z,12Z",D1,3h,0.262,1.381,1.806,0.883,364
116065,LA PAMPILLA,AREQUIPA,AREQUIPA,wrf5,temp,20260907,20261006,"00Z,12Z",D1,3h,1.268,2.377,2.945,0.836,444
116065,LA PAMPILLA,AREQUIPA,AREQUIPA,mpas15,temp,20260907,20261006,00Z,D1,3h,-7.098,7.255,7.791,0.76,226
47E360B8,PATAHUASI,AREQUIPA,AREQUIPA,ecmwf,temp,20260907,20261006,"00Z,12Z",D1,3h,1.26,4.077,5.035,0.902,478
47E360B8,PATAHUASI,AREQUIPA,AREQUIPA,gfs,temp,20260907,20261006,"00Z,12Z",D1,3h,2.625,5.25,6.655,0.825,478
47E360B8,PATAHUASI,AREQUIPA,AREQUIPA,eta5,temp,20260907,20261006,"00Z,12Z",D1,3h,6.125,6.147,7.242,0.916,388
47E360B8,PATAHUASI,AREQUIPA,AREQUIPA,wrf5,temp,20260907,20261006,"00Z,12Z",D1,3h,3.881,4.507,6.138,0.929,470
47E360B8,PATAHUASI,AREQUIPA,AREQUIPA,mpas15,temp,20260907,20261006,00Z,D1,3h,-0.708,4.018,4.493,0.903,239
4722E032,PUENTE DEL DIABLO,AREQUIPA,AREQUIPA,ecmwf,temp,20260907,20261006,"00Z,12Z",D1,3h,S/D,S/D,S/D,S/D,0
4722E032,PUENTE DEL DIABLO,AREQUIPA,AREQUIPA,gfs,temp,20260907,20261006,"00Z,12Z",D1,3h,S/D,S/D,S/D,S/D,0
4722E032,PUENTE DEL DIABLO,AREQUIPA,AREQUIPA,eta5,temp,20260907,20261006,"00Z,12Z",D1,3h,S/D,S/D,S/D,S/D,0
4722E032,PUENTE DEL DIABLO,AREQUIPA,AREQUIPA,wrf5,temp,20260907,20261006,"00Z,12Z",D1,3h,S/D,S/D,S/D,S/D,0
4722E032,PUENTE DEL DIABLO,AREQUIPA,AREQUIPA,mpas15,temp,20260907,20261006,00Z,D1,3h,S/D,S/D,S/D,S/D,0
116082,SAN FRANCISCO,AREQUIPA,AREQUIPA,ecmwf,temp,20260907,20261006,"00Z,12Z",D1,3h,S/D,S/D,S/D,S/D,0
116082,SAN FRANCISCO,AREQUIPA,AREQUIPA,gfs,temp,20260907,20261006,"00Z,12Z",D1,3h,S/D,S/D,S/D,S/D,0
116082,SAN FRANCISCO,AREQUIPA,AREQUIPA,eta5,temp,20260907,20261006,"00Z,12Z",D1,3h,S/D,S/D,S/D,S/D,0
116082,SAN FRANCISCO,AREQUIPA,AREQUIPA,wrf5,temp,20260907,20261006,"00Z,12Z",D1,3h,S/D,S/D,S/D,S/D,0
116082,SAN FRANCISCO,AREQUIPA,AREQUIPA,mpas15,temp,20260907,20261006,00Z,D1,3h,S/D,S/D,S/D,S/D,0
47E3B6D0,SAN JOSE DE UZUNA,AREQUIPA,AREQUIPA,ecmwf,temp,20260907,20261006,"00Z,12Z",D1,3h,-4.789,4.871,5.699,0.888,478
47E3B6D0,SAN JOSE DE UZUNA,AREQUIPA,AREQUIPA,gfs,temp,20260907,20261006,"00Z,12Z",D1,3h,-2.547,3.618,4.375,0.865,478
47E3B6D0,SAN JOSE DE UZUNA,AREQUIPA,AREQUIPA,eta5,temp,20260907,20261006,"00Z,12Z",D1,3h,1.46,2.107,2.649,0.915,388
47E3B6D0,SAN JOSE DE UZUNA,AREQUIPA,AREQUIPA,wrf5,temp,20260907,20261006,"00Z,12Z",D1,3h,1.703,2.752,3.515,0.855,470
47E3B6D0,SAN JOSE DE UZUNA,AREQUIPA,AREQUIPA,mpas15,temp,20260907,20261006,00Z,D1,3h,1.182,2.85,3.595,0.851,239
47E27134,SOCOSANI,AREQUIPA,AREQUIPA,ecmwf,temp,20260907,20261006,"00Z,12Z",D1,3h,S/D,S/D,S/D,S/D,0
47E27134,SOCOSANI,AREQUIPA,AREQUIPA,gfs,temp,20260907,20261006,"00Z,12Z",D1,3h,S/D,S/D,S/D,S/D,0
47E27134,SOCOSANI,AREQUIPA,AREQUIPA,eta5,temp,20260907,20261006,"00Z,12Z",D1,3h,S/D,S/D,S/D,S/D,0
47E27134,SOCOSANI,AREQUIPA,AREQUIPA,wrf5,temp,20260907,20261006,"00Z,12Z",D1,3h,S/D,S/D,S/D,S/D,0
47E27134,SOCOSANI,AREQUIPA,AREQUIPA,mpas15,temp,20260907,20261006,00Z,D1,3h,S/D,S/D,S/D,S/D,0
472EE1AE,TINGO GRANDE,AREQUIPA,AREQUIPA,ecmwf,temp,20260907,20261006,"00Z,12Z",D1,3h,S/D,S/D,S/D,S/D,0
472EE1AE,TINGO GRANDE,AREQUIPA,AREQUIPA,gfs,temp,20260907,20261006,"00Z,12Z",D1,3h,S/D,S/D,S/D,S/D,0
472EE1AE,TINGO GRANDE,AREQUIPA,AREQUIPA,eta5,temp,20260907,20261006,"00Z,12Z",D1,3h,S/D,S/D,S/D,S/D,0
472EE1AE,TINGO GRANDE,AREQUIPA,AREQUIPA,wrf5,temp,20260907,20261006,"00Z,12Z",D1,3h,S/D,S/D,S/D,S/D,0
472EE1AE,TINGO GRANDE,AREQUIPA,AREQUIPA,mpas15,temp,20260907,20261006,00Z,D1,3h,S/D,S/D,S/D,S/D,0
116078,TUCTUMPAYA,AREQUIPA,AREQUIPA,ecmwf,temp,20260907,20261006,"00Z,12Z",D1,3h,-5.232,5.233,5.672,0.9,480
116078,TUCTUMPAYA,AREQUIPA,AREQUIPA,gfs,temp,20260907,20261006,"00Z,12Z",D1,3h,-2.979,3.162,3.92,0.888,480
116078,TUCTUMPAYA,AREQUIPA,AREQUIPA,eta5,temp,20260907,20261006,"00Z,12Z",D1,3h,0.602,1.154,1.486,0.932,389
116078,TUCTUMPAYA,AREQUIPA,AREQUIPA,wrf5,temp,20260907,20261006,"00Z,12Z",D1,3h,0.051,2.255,2.632,0.877,472
116078,TUCTUMPAYA,AREQUIPA,AREQUIPA,mpas15,temp,20260907,20261006,00Z,D1,3h,-2.501,3.055,3.381,0.908,240
116081,YURA,AREQUIPA,AREQUIPA,ecmwf,temp,20260907,20261006,"00Z,12Z",D1,3h,-8.679,8.679,8.85,0.847,304
116081,YURA,AREQUIPA,AREQUIPA,gfs,temp,20260907,20261006,"00Z,12Z",D1,3h,-6.78,6.78,6.994,0.862,304
116081,YURA,AREQUIPA,AREQUIPA,eta5,temp,20260907,20261006,"00Z,12Z",D1,3h,-1.048,1.52,1.827,0.882,256
116081,YURA,AREQUIPA,AREQUIPA,wrf5,temp,20260907,20261006,"00Z,12Z",D1,3h,-0.806,1.825,2.268,0.883,296
116081,YURA,AREQUIPA,AREQUIPA,mpas15,temp,20260907,20261006,00Z,D1,3h,-3.044,3.579,3.786,0.818,152
116084,CAMANA,AREQUIPA,CAMANA,ecmwf,temp,20260907,20261006,"00Z,12Z",D1,3h,-0.176,1.494,1.878,0.287,336
116084,CAMANA,AREQUIPA,CAMANA,gfs,temp,20260907,20261006,"00Z,12Z",D1,3h,-1.345,1.682,2.242,0.48,336
116084,CAMANA,AREQUIPA,CAMANA,eta5,temp,20260907,20261006,"00Z,12Z",D1,3h,-1.866,1.962,2.332,0.714,268
116084,CAMANA,AREQUIPA,CAMANA,wrf5,temp,20260907,20261006,"00Z,12Z",D1,3h,0.021,1.031,1.259,0.76,332
116084,CAMANA,AREQUIPA,CAMANA,mpas15,temp,20260907,20261006,00Z,D1,3h,-1.756,1.934,2.405,0.566,168
472D23BE,OCOÑA,AREQUIPA,CAMANA,ecmwf,temp,20260907,20261006,"00Z,12Z",D1,3h,-1.431,1.533,1.802,0.658,478
472D23BE,OCOÑA,AREQUIPA,CAMANA,gfs,temp,20260907,20261006,"00Z,12Z",D1,3h,-2.091,2.111,2.364,0.694,478
472D23BE,OCOÑA,AREQUIPA,CAMANA,eta5,temp,20260907,20261006,"00Z,12Z",D1,3h,-1.455,1.941,2.305,0.612,388
472D23BE,OCOÑA,AREQUIPA,CAMANA,wrf5,temp,20260907,20261006,"00Z,12Z",D1,3h,-0.628,1.277,1.562,0.616,470
472D23BE,OCOÑA,AREQUIPA,CAMANA,mpas15,temp,20260907,20261006,00Z,D1,3h,-1.311,1.435,1.818,0.616,239
214400,HUATIAPA,AREQUIPA,CASTILLA,ecmwf,temp,20260907,20261006,"00Z,12Z",D1,3h,S/D,S/D,S/D,S/D,0
214400,HUATIAPA,AREQUIPA,CASTILLA,gfs,temp,20260907,20261006,"00Z,12Z",D1,3h,S/D,S/D,S/D,S/D,0
214400,HUATIAPA,AREQUIPA,CASTILLA,eta5,temp,20260907,20261006,"00Z,12Z",D1,3h,S/D,S/D,S/D,S/D,0
214400,HUATIAPA,AREQUIPA,CASTILLA,wrf5,temp,20260907,20261006,"00Z,12Z",D1,3h,S/D,S/D,S/D,S/D,0
214400,HUATIAPA,AREQUIPA,CASTILLA,mpas15,temp,20260907,20261006,00Z,D1,3h,S/D,S/D,S/D,S/D,0
4723D752,CHIVAY,AREQUIPA,CAYLLOMA,ecmwf,temp,20260907,20261006,"00Z,12Z",D1,3h,-8.363,8.363,8.929,0.847,480
4723D752,CHIVAY,AREQUIPA,CAYLLOMA,gfs,temp,20260907,20261006,"00Z,12Z",D1,3h,-5.868,5.897,6.819,0.84,480
4723D752,CHIVAY,AREQUIPA,CAYLLOMA,eta5,temp,20260907,20261006,"00Z,12Z",D1,3h,-3.012,3.247,3.789,0.897,389
4723D752,CHIVAY,AREQUIPA,CAYLLOMA,wrf5,temp,20260907,20261006,"00Z,12Z",D1,3h,-0.428,2.397,2.781,0.879,472
4723D752,CHIVAY,AREQUIPA,CAYLLOMA,mpas15,temp,20260907,20261006,00Z,D1,3h,-8.446,8.446,8.8,0.925,240
47E8A60E,COTACOTA,AREQUIPA,CAYLLOMA,ecmwf,temp,20260907,20261006,"00Z,12Z",D1,3h,-1.525,2.511,3.071,0.912,478
47E8A60E,COTACOTA,AREQUIPA,CAYLLOMA,gfs,temp,20260907,20261006,"00Z,12Z",D1,3h,0.692,3.16,3.919,0.831,478
47E8A60E,COTACOTA,AREQUIPA,CAYLLOMA,eta5,temp,20260907,20261006,"00Z,12Z",D1,3h,2.459,3.243,4.172,0.841,387
47E8A60E,COTACOTA,AREQUIPA,CAYLLOMA,wrf5,temp,20260907,20261006,"00Z,12Z",D1,3h,0.681,3.03,3.837,0.829,470
47E8A60E,COTACOTA,AREQUIPA,CAYLLOMA,mpas15,temp,20260907,20261006,00Z,D1,3h,-2.151,3.369,3.829,0.88,239
47E3A5A6,HUANCA,AREQUIPA,CAYLLOMA,ecmwf,temp,20260907,20261006,"00Z,12Z",D1,3h,-2.02,2.346,2.584,0.887,476
47E3A5A6,HUANCA,AREQUIPA,CAYLLOMA,gfs,temp,20260907,20261006,"00Z,12Z",D1,3h,-2.326,2.659,2.975,0.874,476
47E3A5A6,HUANCA,AREQUIPA,CAYLLOMA,eta5,temp,20260907,20261006,"00Z,12Z",D1,3h,0.886,1.358,1.766,0.898,387
47E3A5A6,HUANCA,AREQUIPA,CAYLLOMA,wrf5,temp,20260907,20261006,"00Z,12Z",D1,3h,-0.091,1.537,1.996,0.837,468
47E3A5A6,HUANCA,AREQUIPA,CAYLLOMA,mpas15,temp,20260907,20261006,00Z,D1,3h,-2.212,2.859,3.133,0.865,238
47E3834A,IMATA,AREQUIPA,CAYLLOMA,ecmwf,temp,20260907,20261006,"00Z,12Z",D1,3h,0.72,2.011,2.879,0.895,476
47E3834A,IMATA,AREQUIPA,CAYLLOMA,gfs,temp,20260907,20261006,"00Z,12Z",D1,3h,2.375,2.982,4.101,0.884,476
47E3834A,IMATA,AREQUIPA,CAYLLOMA,eta5,temp,20260907,20261006,"00Z,12Z",D1,3h,4.662,4.688,5.655,0.849,387
47E3834A,IMATA,AREQUIPA,CAYLLOMA,wrf5,temp,20260907,20261006,"00Z,12Z",D1,3h,2.417,2.957,3.993,0.904,468
47E3834A,IMATA,AREQUIPA,CAYLLOMA,mpas15,temp,20260907,20261006,00Z,D1,3h,-0.207,2.263,2.847,0.893,238
4729E39A,PAMPA DE MAJES,AREQUIPA,CAYLLOMA,ecmwf,temp,20260907,20261006,"00Z,12Z",D1,3h,1.121,1.811,2.238,0.924,478
4729E39A,PAMPA DE MAJES,AREQUIPA,CAYLLOMA,gfs,temp,20260907,20261006,"00Z,12Z",D1,3h,1.247,1.996,2.442,0.918,478
4729E39A,PAMPA DE MAJES,AREQUIPA,CAYLLOMA,eta5,temp,20260907,20261006,"00Z,12Z",D1,3h,3.521,3.547,3.995,0.936,388
4729E39A,PAMPA DE MAJES,AREQUIPA,CAYLLOMA,wrf5,temp,20260907,20261006,"00Z,12Z",D1,3h,1.555,2.683,3.286,0.829,470
4729E39A,PAMPA DE MAJES,AREQUIPA,CAYLLOMA,mpas15,temp,20260907,20261006,00Z,D1,3h,-1.258,2.413,2.967,0.869,239
47E373CE,PILLONES,AREQUIPA,CAYLLOMA,ecmwf,temp,20260907,20261006,"00Z,12Z",D1,3h,2.455,2.649,3.491,0.949,474
47E373CE,PILLONES,AREQUIPA,CAYLLOMA,gfs,temp,20260907,20261006,"00Z,12Z",D1,3h,3.347,3.564,4.914,0.894,474
47E373CE,PILLONES,AREQUIPA,CAYLLOMA,eta5,temp,20260907,20261006,"00Z,12Z",D1,3h,4.02,4.128,4.967,0.893,385
47E373CE,PILLONES,AREQUIPA,CAYLLOMA,wrf5,temp,20260907,20261006,"00Z,12Z",D1,3h,2.414,3.091,4.425,0.868,466
47E373CE,PILLONES,AREQUIPA,CAYLLOMA,mpas15,temp,20260907,20261006,00Z,D1,3h,-0.679,2.095,2.501,0.934,237
47265686,SIBAYO,AREQUIPA,CAYLLOMA,ecmwf,temp,20260907,20261006,"00Z,12Z",D1,3h,S/D,S/D,S/D,S/D,0
47265686,SIBAYO,AREQUIPA,CAYLLOMA,gfs,temp,20260907,20261006,"00Z,12Z",D1,3h,S/D,S/D,S/D,S/D,0
47265686,SIBAYO,AREQUIPA,CAYLLOMA,eta5,temp,20260907,20261006,"00Z,12Z",D1,3h,S/D,S/D,S/D,S/D,0
47265686,SIBAYO,AREQUIPA,CAYLLOMA,wrf5,temp,20260907,20261006,"00Z,12Z",D1,3h,S/D,S/D,S/D,S/D,0
47265686,SIBAYO,AREQUIPA,CAYLLOMA,mpas15,temp,20260907,20261006,00Z,D1,3h,S/D,S/D,S/D,S/D,0
472ED434,SUMBAY,AREQUIPA,CAYLLOMA,ecmwf,temp,20260907,20261006,"00Z,12Z",D1,3h,S/D,S/D,S/D,S/D,0
472ED434,SUMBAY,AREQUIPA,CAYLLOMA,gfs,temp,20260907,20261006,"00Z,12Z",D1,3h,S/D,S/D,S/D,S/D,0
472ED434,SUMBAY,AREQUIPA,CAYLLOMA,eta5,temp,20260907,20261006,"00Z,12Z",D1,3h,S/D,S/D,S/D,S/D,0
472ED434,SUMBAY,AREQUIPA,CAYLLOMA,wrf5,temp,20260907,20261006,"00Z,12Z",D1,3h,S/D,S/D,S/D,S/D,0
472ED434,SUMBAY,AREQUIPA,CAYLLOMA,mpas15,temp,20260907,20261006,00Z,D1,3h,S/D,S/D,S/D,S/D,0
115150,COROPUNA,AREQUIPA,CONDESUYOS,ecmwf,temp,20260907,20261006,"00Z,12Z",D1,3h,5.997,5.997,6.451,0.814,468
115150,COROPUNA,AREQUIPA,CONDESUYOS,gfs,temp,20260907,20261006,"00Z,12Z",D1,3h,9.178,9.178,9.354,0.802,468
115150,COROPUNA,AREQUIPA,CONDESUYOS,eta5,temp,20260907,20261006,"00Z,12Z",D1,3h,3.322,3.322,3.486,0.882,379
115150,COROPUNA,AREQUIPA,CONDESUYOS,wrf5,temp,20260907,20261006,"00Z,12Z",D1,3h,2.215,2.25,2.524,0.88,460
115150,COROPUNA,AREQUIPA,CONDESUYOS,mpas15,temp,20260907,20261006,00Z,D1,3h,8.057,8.057,8.438,0.753,234
114119,VISCA VISCA,AREQUIPA,CONDESUYOS,ecmwf,temp,20260907,20261006,"00Z,12Z",D1,3h,-3.179,3.804,4.52,0.789,474
114119,VISCA VISCA,AREQUIPA,CONDESUYOS,gfs,temp,20260907,20261006,"00Z,12Z",D1,3h,-1.101,2.245,2.795,0.87,474
114119,VISCA VISCA,AREQUIPA,CONDESUYOS,eta5,temp,20260907,20261006,"00Z,12Z",D1,3h,1.452,2.543,3.21,0.834,384
114119,VISCA VISCA,AREQUIPA,CONDESUYOS,wrf5,temp,20260907,20261006,"00Z,12Z",D1,3h,-0.833,2.436,3.01,0.825,466
114119,VISCA VISCA,AREQUIPA,CONDESUYOS,mpas15,temp,20260907,20261006,00Z,D1,3h,-3.238,3.684,4.144,0.845,237
47280292,COTAHUASI,AREQUIPA,LA UNION,ecmwf,temp,20260907,20261006,"00Z,12Z",D1,3h,-6.124,6.125,6.439,0.893,446
47280292,COTAHUASI,AREQUIPA,LA UNION,gfs,temp,20260907,20261006,"00Z,12Z",D1,3h,-6.691,6.691,7.053,0.848,446
47280292,COTAHUASI,AREQUIPA,LA UNION,eta5,temp,20260907,20261006,"00Z,12Z",D1,3h,-1.049,2.569,3.179,0.875,357
47280292,COTAHUASI,AREQUIPA,LA UNION,wrf5,temp,20260907,20261006,"00Z,12Z",D1,3h,-2.224,2.452,3.022,0.837,438
47280292,COTAHUASI,AREQUIPA,LA UNION,mpas15,temp,20260907,20261006,00Z,D1,3h,-12.049,12.049,12.21,0.894,223
115151,CUYAU,AREQUIPA,LA UNION,ecmwf,temp,20260907,20261006,"00Z,12Z",D1,3h,S/D,S/D,S/D,S/D,0
115151,CUYAU,AREQUIPA,LA UNION,gfs,temp,20260907,20261006,"00Z,12Z",D1,3h,S/D,S/D,S/D,S/D,0
115151,CUYAU,AREQUIPA,LA UNION,eta5,temp,20260907,20261006,"00Z,12Z",D1,3h,S/D,S/D,S/D,S/D,0
115151,CUYAU,AREQUIPA,LA UNION,wrf5,temp,20260907,20261006,"00Z,12Z",D1,3h,S/D,S/D,S/D,S/D,0
115151,CUYAU,AREQUIPA,LA UNION,mpas15,temp,20260907,20261006,00Z,D1,3h,S/D,S/D,S/D,S/D,0
4729D600,PAMPA CANGALLO,AYACUCHO,CANGALLO,ecmwf,temp,20260907,20261006,"00Z,12Z",D1,3h,-3.084,3.271,3.934,0.903,478
4729D600,PAMPA CANGALLO,AYACUCHO,CANGALLO,gfs,temp,20260907,20261006,"00Z,12Z",D1,3h,-2.484,3.147,3.874,0.878,478
4729D600,PAMPA CANGALLO,AYACUCHO,CANGALLO,eta5,temp,20260907,20261006,"00Z,12Z",D1,3h,-1.149,2.294,2.965,0.871,388
4729D600,PAMPA CANGALLO,AYACUCHO,CANGALLO,wrf5,temp,20260907,20261006,"00Z,12Z",D1,3h,0.66,2.428,3.04,0.855,470
4729D600,PAMPA CANGALLO,AYACUCHO,CANGALLO,mpas15,temp,20260907,20261006,00Z,D1,3h,-3.991,4.134,4.744,0.899,239
113248,SANTA CRUZ DE HOSPICIO,AYACUCHO,CANGALLO,ecmwf,temp,20260907,20261006,"00Z,12Z",D1,3h,-0.926,1.656,1.97,0.938,480
113248,SANTA CRUZ DE HOSPICIO,AYACUCHO,CANGALLO,gfs,temp,20260907,20261006,"00Z,12Z",D1,3h,-0.788,2.306,2.776,0.874,480
113248,SANTA CRUZ DE HOSPICIO,AYACUCHO,CANGALLO,eta5,temp,20260907,20261006,"00Z,12Z",D1,3h,0.383,1.594,2.126,0.892,389
113248,SANTA CRUZ DE HOSPICIO,AYACUCHO,CANGALLO,wrf5,temp,20260907,20261006,"00Z,12Z",D1,3h,-0.601,2.176,2.675,0.859,472
113248,SANTA CRUZ DE HOSPICIO,AYACUCHO,CANGALLO,mpas15,temp,20260907,20261006,00Z,D1,3h,-3.524,3.82,4.272,0.896,240
250900,PUENTE PAMPAS GORE APU,AYACUCHO,HUAMANGA,ecmwf,temp,20260907,20261006,"00Z,12Z",D1,3h,S/D,S/D,S/D,S/D,0
250900,PUENTE PAMPAS GORE APU,AYACUCHO,HUAMANGA,gfs,temp,20260907,20261006,"00Z,12Z",D1,3h,S/D,S/D,S/D,S/D,0
250900,PUENTE PAMPAS GORE APU,AYACUCHO,HUAMANGA,eta5,temp,20260907,20261006,"00Z,12Z",D1,3h,S/D,S/D,S/D,S/D,0
250900,PUENTE PAMPAS GORE APU,AYACUCHO,HUAMANGA,wrf5,temp,20260907,20261006,"00Z,12Z",D1,3h,S/D,S/D,S/D,S/D,0
250900,PUENTE PAMPAS GORE APU,AYACUCHO,HUAMANGA,mpas15,temp,20260907,20261006,00Z,D1,3h,S/D,S/D,S/D,S/D,0
114122,CCONTACC,AYACUCHO,LUCANAS,ecmwf,temp,20260907,20261006,"00Z,12Z",D1,3h,-2.787,2.904,3.319,0.926,480
114122,CCONTACC,AYACUCHO,LUCANAS,gfs,temp,20260907,20261006,"00Z,12Z",D1,3h,-2.567,2.812,3.435,0.877,480
114122,CCONTACC,AYACUCHO,LUCANAS,eta5,temp,20260907,20261006,"00Z,12Z",D1,3h,-1.679,2.047,2.56,0.898,389
114122,CCONTACC,AYACUCHO,LUCANAS,wrf5,temp,20260907,20261006,"00Z,12Z",D1,3h,-0.883,2.128,2.468,0.859,472
114122,CCONTACC,AYACUCHO,LUCANAS,mpas15,temp,20260907,20261006,00Z,D1,3h,-3.192,3.253,3.552,0.931,240
47290068,HUAC-HUAS,AYACUCHO,LUCANAS,ecmwf,temp,20260907,20261006,"00Z,12Z",D1,3h,4.905,4.905,5.093,0.834,472
47290068,HUAC-HUAS,AYACUCHO,LUCANAS,gfs,temp,20260907,20261006,"00Z,12Z",D1,3h,4.146,4.154,4.465,0.802,472
47290068,HUAC-HUAS,AYACUCHO,LUCANAS,eta5,temp,20260907,20261006,"00Z,12Z",D1,3h,-0.425,1.548,1.955,0.794,383
47290068,HUAC-HUAS,AYACUCHO,LUCANAS,wrf5,temp,20260907,20261006,"00Z,12Z",D1,3h,-1.284,1.661,2.031,0.811,464
47290068,HUAC-HUAS,AYACUCHO,LUCANAS,mpas15,temp,20260907,20261006,00Z,D1,3h,-1.801,2.017,2.446,0.802,236
114127,PAMPA GALERAS,AYACUCHO,LUCANAS,ecmwf,temp,20260907,20261006,"00Z,12Z",D1,3h,2.78,3.629,4.833,0.876,480
114127,PAMPA GALERAS,AYACUCHO,LUCANAS,gfs,temp,20260907,20261006,"00Z,12Z",D1,3h,4.925,5.181,6.943,0.832,480
114127,PAMPA GALERAS,AYACUCHO,LUCANAS,eta5,temp,20260907,20261006,"00Z,12Z",D1,3h,1.736,2.783,3.735,0.913,389
114127,PAMPA GALERAS,AYACUCHO,LUCANAS,wrf5,temp,20260907,20261006,"00Z,12Z",D1,3h,1.545,3.449,4.441,0.847,472
114127,PAMPA GALERAS,AYACUCHO,LUCANAS,mpas15,temp,20260907,20261006,00Z,D1,3h,0.83,2.57,3.225,0.941,240
114121,HURAY HUMA,AYACUCHO,PARINACOCHAS,ecmwf,temp,20260907,20261006,"00Z,12Z",D1,3h,-1.954,3.393,3.846,0.884,416
114121,HURAY HUMA,AYACUCHO,PARINACOCHAS,gfs,temp,20260907,20261006,"00Z,12Z",D1,3h,-0.28,3.337,3.828,0.867,416
114121,HURAY HUMA,AYACUCHO,PARINACOCHAS,eta5,temp,20260907,20261006,"00Z,12Z",D1,3h,0.744,2.281,3.035,0.901,333
114121,HURAY HUMA,AYACUCHO,PARINACOCHAS,wrf5,temp,20260907,20261006,"00Z,12Z",D1,3h,-0.065,2.913,3.531,0.873,410
114121,HURAY HUMA,AYACUCHO,PARINACOCHAS,mpas15,temp,20260907,20261006,00Z,D1,3h,-1.628,3.069,3.497,0.924,208
115155,PAUZA,AYACUCHO,PAUCAR DEL SARA SARA,ecmwf,temp,20260907,20261006,"00Z,12Z",D1,3h,-3.796,3.803,4.222,0.91,452
115155,PAUZA,AYACUCHO,PAUCAR DEL SARA SARA,gfs,temp,20260907,20261006,"00Z,12Z",D1,3h,-4.697,4.697,5.27,0.857,452
115155,PAUZA,AYACUCHO,PAUCAR DEL SARA SARA,eta5,temp,20260907,20261006,"00Z,12Z",D1,3h,0.853,1.734,2.195,0.928,364
115155,PAUZA,AYACUCHO,PAUCAR DEL SARA SARA,wrf5,temp,20260907,20261006,"00Z,12Z",D1,3h,3.132,3.172,3.571,0.905,444
115155,PAUZA,AYACUCHO,PAUCAR DEL SARA SARA,mpas15,temp,20260907,20261006,00Z,D1,3h,-8.193,8.193,8.364,0.909,226
4725B27A,PAUCARAY,AYACUCHO,SUCRE,ecmwf,temp,20260907,20261006,"00Z,12Z",D1,3h,S/D,S/D,S/D,S/D,0
4725B27A,PAUCARAY,AYACUCHO,SUCRE,gfs,temp,20260907,20261006,"00Z,12Z",D1,3h,S/D,S/D,S/D,S/D,0
4725B27A,PAUCARAY,AYACUCHO,SUCRE,eta5,temp,20260907,20261006,"00Z,12Z",D1,3h,S/D,S/D,S/D,S/D,0
4725B27A,PAUCARAY,AYACUCHO,SUCRE,wrf5,temp,20260907,20261006,"00Z,12Z",D1,3h,S/D,S/D,S/D,S/D,0
4725B27A,PAUCARAY,AYACUCHO,SUCRE,mpas15,temp,20260907,20261006,00Z,D1,3h,S/D,S/D,S/D,S/D,0
4729F0EC,CAJABAMBA,CAJAMARCA,CAJABAMBA,ecmwf,temp,20260907,20261006,"00Z,12Z",D1,3h,-3.741,3.799,4.252,0.894,478
4729F0EC,CAJABAMBA,CAJAMARCA,CAJABAMBA,gfs,temp,20260907,20261006,"00Z,12Z",D1,3h,-1.469,2.321,2.866,0.838,478
4729F0EC,CAJABAMBA,CAJAMARCA,CAJABAMBA,eta5,temp,20260907,20261006,"00Z,12Z",D1,3h,-3.958,4.027,4.498,0.867,388
4729F0EC,CAJABAMBA,CAJAMARCA,CAJABAMBA,wrf5,temp,20260907,20261006,"00Z,12Z",D1,3h,-2.473,2.799,3.447,0.87,470
4729F0EC,CAJABAMBA,CAJAMARCA,CAJABAMBA,mpas15,temp,20260907,20261006,00Z,D1,3h,-4.786,4.792,5.197,0.925,239
472A32FC,CRISNEJAS,CAJAMARCA,CAJABAMBA,ecmwf,temp,20260907,20261006,"00Z,12Z",D1,3h,S/D,S/D,S/D,S/D,0
472A32FC,CRISNEJAS,CAJAMARCA,CAJABAMBA,gfs,temp,20260907,20261006,"00Z,12Z",D1,3h,S/D,S/D,S/D,S/D,0
472A32FC,CRISNEJAS,CAJAMARCA,CAJABAMBA,eta5,temp,20260907,20261006,"00Z,12Z",D1,3h,S/D,S/D,S/D,S/D,0
472A32FC,CRISNEJAS,CAJAMARCA,CAJABAMBA,wrf5,temp,20260907,20261006,"00Z,12Z",D1,3h,S/D,S/D,S/D,S/D,0
472A32FC,CRISNEJAS,CAJAMARCA,CAJABAMBA,mpas15,temp,20260907,20261006,00Z,D1,3h,S/D,S/D,S/D,S/D,0
472645F0,UNC CAJAMARCA,CAJAMARCA,CAJAMARCA,ecmwf,temp,20260907,20261006,"00Z,12Z",D1,3h,-1.777,2.307,2.855,0.902,472
472645F0,UNC CAJAMARCA,CAJAMARCA,CAJAMARCA,gfs,temp,20260907,20261006,"00Z,12Z",D1,3h,-1.383,2.281,2.887,0.845,472
472645F0,UNC CAJAMARCA,CAJAMARCA,CAJAMARCA,eta5,temp,20260907,20261006,"00Z,12Z",D1,3h,0.796,1.771,2.212,0.875,384
472645F0,UNC CAJAMARCA,CAJAMARCA,CAJAMARCA,wrf5,temp,20260907,20261006,"00Z,12Z",D1,3h,0.846,1.861,2.311,0.877,464
472645F0,UNC CAJAMARCA,CAJAMARCA,CAJAMARCA,mpas15,temp,20260907,20261006,00Z,D1,3h,-3.747,3.806,4.292,0.89,236
472501F4,BALSAS,CAJAMARCA,CELENDIN,ecmwf,temp,20260907,20261006,"00Z,12Z",D1,3h,-10.25,10.25,10.584,0.822,480
472501F4,BALSAS,CAJAMARCA,CELENDIN,gfs,temp,20260907,20261006,"00Z,12Z",D1,3h,-11.782,11.782,12.095,0.775,480
472501F4,BALSAS,CAJAMARCA,CELENDIN,eta5,temp,20260907,20261006,"00Z,12Z",D1,3h,-6.181,6.193,6.807,0.806,389
472501F4,BALSAS,CAJAMARCA,CELENDIN,wrf5,temp,20260907,20261006,"00Z,12Z",D1,3h,-3.002,3.278,3.953,0.829,472
472501F4,BALSAS,CAJAMARCA,CELENDIN,mpas15,temp,20260907,20261006,00Z,D1,3h,-15.117,15.117,15.302,0.799,240
4726631C,CELENDIN,CAJAMARCA,CELENDIN,ecmwf,temp,20260907,20261006,"00Z,12Z",D1,3h,-1.121,2.097,2.589,0.834,470
4726631C,CELENDIN,CAJAMARCA,CELENDIN,gfs,temp,20260907,20261006,"00Z,12Z",D1,3h,-1.116,1.793,2.288,0.873,470
4726631C,CELENDIN,CAJAMARCA,CELENDIN,eta5,temp,20260907,20261006,"00Z,12Z",D1,3h,-0.413,1.738,2.121,0.852,379
4726631C,CELENDIN,CAJAMARCA,CELENDIN,wrf5,temp,20260907,20261006,"00Z,12Z",D1,3h,0.061,1.626,1.984,0.859,462
4726631C,CELENDIN,CAJAMARCA,CELENDIN,mpas15,temp,20260907,20261006,00Z,D1,3h,-0.161,1.621,2.036,0.853,235
4726C3E4,CHOTA,CAJAMARCA,CHOTA,ecmwf,temp,20260907,20261006,"00Z,12Z",D1,3h,-2.661,2.811,3.412,0.863,460
4726C3E4,CHOTA,CAJAMARCA,CHOTA,gfs,temp,20260907,20261006,"00Z,12Z",D1,3h,-2.728,2.858,3.376,0.838,460
4726C3E4,CHOTA,CAJAMARCA,CHOTA,eta5,temp,20260907,20261006,"00Z,12Z",D1,3h,-2.684,2.811,3.23,0.861,371
4726C3E4,CHOTA,CAJAMARCA,CHOTA,wrf5,temp,20260907,20261006,"00Z,12Z",D1,3h,-0.151,1.582,2.023,0.846,454
4726C3E4,CHOTA,CAJAMARCA,CHOTA,mpas15,temp,20260907,20261006,00Z,D1,3h,-4.784,4.81,5.323,0.842,230
47E94706,HUAMBOS,CAJAMARCA,CHOTA,ecmwf,temp,20260907,20261006,"00Z,12Z",D1,3h,0.755,1.719,2.313,0.803,480
47E94706,HUAMBOS,CAJAMARCA,CHOTA,gfs,temp,20260907,20261006,"00Z,12Z",D1,3h,1.745,2.435,3.356,0.766,480
47E94706,HUAMBOS,CAJAMARCA,CHOTA,eta5,temp,20260907,20261006,"00Z,12Z",D1,3h,2.083,2.714,3.487,0.78,389
47E94706,HUAMBOS,CAJAMARCA,CHOTA,wrf5,temp,20260907,20261006,"00Z,12Z",D1,3h,0.625,1.668,2.175,0.801,472
47E94706,HUAMBOS,CAJAMARCA,CHOTA,mpas15,temp,20260907,20261006,00Z,D1,3h,-0.984,1.709,2.158,0.755,240
47E35522,LA MUCHALA,CAJAMARCA,CHOTA,ecmwf,temp,20260907,20261006,"00Z,12Z",D1,3h,1.123,1.33,1.659,0.812,64
47E35522,LA MUCHALA,CAJAMARCA,CHOTA,gfs,temp,20260907,20261006,"00Z,12Z",D1,3h,2.422,2.422,2.846,0.88,64
47E35522,LA MUCHALA,CAJAMARCA,CHOTA,eta5,temp,20260907,20261006,"00Z,12Z",D1,3h,3.799,3.799,4.108,0.756,56
47E35522,LA MUCHALA,CAJAMARCA,CHOTA,wrf5,temp,20260907,20261006,"00Z,12Z",D1,3h,2.177,2.188,2.614,0.859,64
47E35522,LA MUCHALA,CAJAMARCA,CHOTA,mpas15,temp,20260907,20261006,00Z,D1,3h,0.449,1.242,1.589,0.762,32
47E1D6C2,PUENTE SAN CARLOS,CAJAMARCA,CHOTA,ecmwf,temp,20260907,20261006,"00Z,12Z",D1,3h,-5.353,5.375,5.825,0.652,478
47E1D6C2,PUENTE SAN CARLOS,CAJAMARCA,CHOTA,gfs,temp,20260907,20261006,"00Z,12Z",D1,3h,-4.099,4.39,4.967,0.539,478
47E1D6C2,PUENTE SAN CARLOS,CAJAMARCA,CHOTA,eta5,temp,20260907,20261006,"00Z,12Z",D1,3h,-1.171,1.915,2.238,0.844,387
47E1D6C2,PUENTE SAN CARLOS,CAJAMARCA,CHOTA,wrf5,temp,20260907,20261006,"00Z,12Z",D1,3h,-1.858,2.509,2.865,0.881,470
47E1D6C2,PUENTE SAN CARLOS,CAJAMARCA,CHOTA,mpas15,temp,20260907,20261006,00Z,D1,3h,-2.504,2.684,2.979,0.851,239
47E1F02E,TUNEL CHOTANO,CAJAMARCA,CHOTA,ecmwf,temp,20260907,20261006,"00Z,12Z",D1,3h,-3.991,3.998,4.496,0.891,476
47E1F02E,TUNEL CHOTANO,CAJAMARCA,CHOTA,gfs,temp,20260907,20261006,"00Z,12Z",D1,3h,-4.076,4.087,4.561,0.842,476
47E1F02E,TUNEL CHOTANO,CAJAMARCA,CHOTA,eta5,temp,20260907,20261006,"00Z,12Z",D1,3h,-1.261,1.743,2.159,0.886,385
47E1F02E,TUNEL CHOTANO,CAJAMARCA,CHOTA,wrf5,temp,20260907,20261006,"00Z,12Z",D1,3h,-2.468,2.696,3.438,0.807,468
47E1F02E,TUNEL CHOTANO,CAJAMARCA,CHOTA,mpas15,temp,20260907,20261006,00Z,D1,3h,-5.308,5.308,5.86,0.874,238
472C92CA,CASCABAMBA,CAJAMARCA,CONTUMAZA,ecmwf,temp,20260907,20261006,"00Z,12Z",D1,3h,7.447,7.447,7.784,0.757,480
472C92CA,CASCABAMBA,CAJAMARCA,CONTUMAZA,gfs,temp,20260907,20261006,"00Z,12Z",D1,3h,9.295,9.295,9.545,0.739,480
472C92CA,CASCABAMBA,CAJAMARCA,CONTUMAZA,eta5,temp,20260907,20261006,"00Z,12Z",D1,3h,0.666,1.457,1.881,0.816,389
472C92CA,CASCABAMBA,CAJAMARCA,CONTUMAZA,wrf5,temp,20260907,20261006,"00Z,12Z",D1,3h,0.191,1.817,2.303,0.719,472
472C92CA,CASCABAMBA,CAJAMARCA,CONTUMAZA,mpas15,temp,20260907,20261006,00Z,D1,3h,6.69,6.697,6.976,0.782,240
472C81BC,GUZMANGO,CAJAMARCA,CONTUMAZA,ecmwf,temp,20260907,20261006,"00Z,12Z",D1,3h,3.898,3.907,4.307,0.678,478
472C81BC,GUZMANGO,CAJAMARCA,CONTUMAZA,gfs,temp,20260907,20261006,"00Z,12Z",D1,3h,4.759,4.759,5.195,0.646,478
472C81BC,GUZMANGO,CAJAMARCA,CONTUMAZA,eta5,temp,20260907,20261006,"00Z,12Z",D1,3h,1.216,1.686,2.119,0.756,387
472C81BC,GUZMANGO,CAJAMARCA,CONTUMAZA,wrf5,temp,20260907,20261006,"00Z,12Z",D1,3h,2.213,2.447,2.836,0.694,470
472C81BC,GUZMANGO,CAJAMARCA,CONTUMAZA,mpas15,temp,20260907,20261006,00Z,D1,3h,2.194,2.357,2.854,0.743,239
4727470A,PUENTE CHILETE,CAJAMARCA,CONTUMAZA,ecmwf,temp,20260907,20261006,"00Z,12Z",D1,3h,-8.209,8.209,8.497,0.857,478
4727470A,PUENTE CHILETE,CAJAMARCA,CONTUMAZA,gfs,temp,20260907,20261006,"00Z,12Z",D1,3h,-7.767,7.767,8.103,0.765,478
4727470A,PUENTE CHILETE,CAJAMARCA,CONTUMAZA,eta5,temp,20260907,20261006,"00Z,12Z",D1,3h,-1.039,1.748,2.168,0.869,387
4727470A,PUENTE CHILETE,CAJAMARCA,CONTUMAZA,wrf5,temp,20260907,20261006,"00Z,12Z",D1,3h,-2.033,2.265,2.685,0.886,470
4727470A,PUENTE CHILETE,CAJAMARCA,CONTUMAZA,mpas15,temp,20260907,20261006,00Z,D1,3h,-10.552,10.552,10.838,0.764,239
4726E508,YONAN GORE,CAJAMARCA,CONTUMAZA,ecmwf,temp,20260907,20261006,"00Z,12Z",D1,3h,S/D,S/D,S/D,S/D,0
4726E508,YONAN GORE,CAJAMARCA,CONTUMAZA,gfs,temp,20260907,20261006,"00Z,12Z",D1,3h,S/D,S/D,S/D,S/D,0
4726E508,YONAN GORE,CAJAMARCA,CONTUMAZA,eta5,temp,20260907,20261006,"00Z,12Z",D1,3h,S/D,S/D,S/D,S/D,0
4726E508,YONAN GORE,CAJAMARCA,CONTUMAZA,wrf5,temp,20260907,20261006,"00Z,12Z",D1,3h,S/D,S/D,S/D,S/D,0
4726E508,YONAN GORE,CAJAMARCA,CONTUMAZA,mpas15,temp,20260907,20261006,00Z,D1,3h,S/D,S/D,S/D,S/D,0
472B3006,CUMBA,CAJAMARCA,CUTERVO,ecmwf,temp,20260907,20261006,"00Z,12Z",D1,3h,S/D,S/D,S/D,S/D,0
472B3006,CUMBA,CAJAMARCA,CUTERVO,gfs,temp,20260907,20261006,"00Z,12Z",D1,3h,S/D,S/D,S/D,S/D,0
472B3006,CUMBA,CAJAMARCA,CUTERVO,eta5,temp,20260907,20261006,"00Z,12Z",D1,3h,S/D,S/D,S/D,S/D,0
472B3006,CUMBA,CAJAMARCA,CUTERVO,wrf5,temp,20260907,20261006,"00Z,12Z",D1,3h,S/D,S/D,S/D,S/D,0
472B3006,CUMBA,CAJAMARCA,CUTERVO,mpas15,temp,20260907,20261006,00Z,D1,3h,S/D,S/D,S/D,S/D,0
4726A602,CUTERVO,CAJAMARCA,CUTERVO,ecmwf,temp,20260907,20261006,"00Z,12Z",D1,3h,0.425,1.757,2.224,0.771,452
4726A602,CUTERVO,CAJAMARCA,CUTERVO,gfs,temp,20260907,20261006,"00Z,12Z",D1,3h,0.278,1.396,1.785,0.837,452
4726A602,CUTERVO,CAJAMARCA,CUTERVO,eta5,temp,20260907,20261006,"00Z,12Z",D1,3h,-0.245,1.572,1.97,0.844,370
4726A602,CUTERVO,CAJAMARCA,CUTERVO,wrf5,temp,20260907,20261006,"00Z,12Z",D1,3h,-0.34,1.277,1.622,0.854,444
4726A602,CUTERVO,CAJAMARCA,CUTERVO,mpas15,temp,20260907,20261006,00Z,D1,3h,0.6,1.174,1.458,0.87,226
472680EE,BAMBAMARCA M,CAJAMARCA,HUALGAYOC,ecmwf,temp,20260907,20261006,"00Z,12Z",D1,3h,-4.741,4.765,5.243,0.824,478
472680EE,BAMBAMARCA M,CAJAMARCA,HUALGAYOC,gfs,temp,20260907,20261006,"00Z,12Z",D1,3h,-5.632,5.632,5.943,0.814,478
472680EE,BAMBAMARCA M,CAJAMARCA,HUALGAYOC,eta5,temp,20260907,20261006,"00Z,12Z",D1,3h,-2.44,2.771,3.207,0.849,387
472680EE,BAMBAMARCA M,CAJAMARCA,HUALGAYOC,wrf5,temp,20260907,20261006,"00Z,12Z",D1,3h,-0.474,1.436,1.845,0.862,470
472680EE,BAMBAMARCA M,CAJAMARCA,HUALGAYOC,mpas15,temp,20260907,20261006,00Z,D1,3h,-5.675,5.675,5.97,0.799,239
4727F484,CHUGUR,CAJAMARCA,HUALGAYOC,ecmwf,temp,20260907,20261006,"00Z,12Z",D1,3h,-4.543,4.555,4.875,0.822,474
4727F484,CHUGUR,CAJAMARCA,HUALGAYOC,gfs,temp,20260907,20261006,"00Z,12Z",D1,3h,-2.595,2.653,3.057,0.8,474
4727F484,CHUGUR,CAJAMARCA,HUALGAYOC,eta5,temp,20260907,20261006,"00Z,12Z",D1,3h,0.777,1.498,1.891,0.874,384
4727F484,CHUGUR,CAJAMARCA,HUALGAYOC,wrf5,temp,20260907,20261006,"00Z,12Z",D1,3h,-1.95,2.079,2.589,0.792,466
4727F484,CHUGUR,CAJAMARCA,HUALGAYOC,mpas15,temp,20260907,20261006,00Z,D1,3h,-1.422,1.722,2.092,0.821,237
472A571A,HUALLAPE,CAJAMARCA,JAEN,ecmwf,temp,20260907,20261006,"00Z,12Z",D1,3h,S/D,S/D,S/D,S/D,0
472A571A,HUALLAPE,CAJAMARCA,JAEN,gfs,temp,20260907,20261006,"00Z,12Z",D1,3h,S/D,S/D,S/D,S/D,0
472A571A,HUALLAPE,CAJAMARCA,JAEN,eta5,temp,20260907,20261006,"00Z,12Z",D1,3h,S/D,S/D,S/D,S/D,0
472A571A,HUALLAPE,CAJAMARCA,JAEN,wrf5,temp,20260907,20261006,"00Z,12Z",D1,3h,S/D,S/D,S/D,S/D,0
472A571A,HUALLAPE,CAJAMARCA,JAEN,mpas15,temp,20260907,20261006,00Z,D1,3h,S/D,S/D,S/D,S/D,0
47269398,JAEN,CAJAMARCA,JAEN,ecmwf,temp,20260907,20261006,"00Z,12Z",D1,3h,-3.043,3.135,3.514,0.914,470
47269398,JAEN,CAJAMARCA,JAEN,gfs,temp,20260907,20261006,"00Z,12Z",D1,3h,-2.293,2.45,2.781,0.914,470
47269398,JAEN,CAJAMARCA,JAEN,eta5,temp,20260907,20261006,"00Z,12Z",D1,3h,-1.064,1.861,2.319,0.868,380
47269398,JAEN,CAJAMARCA,JAEN,wrf5,temp,20260907,20261006,"00Z,12Z",D1,3h,0.377,1.507,1.987,0.87,462
47269398,JAEN,CAJAMARCA,JAEN,mpas15,temp,20260907,20261006,00Z,D1,3h,-4.419,4.445,4.855,0.889,235
105136,SAUZAL,CAJAMARCA,JAEN,ecmwf,temp,20260907,20261006,"00Z,12Z",D1,3h,S/D,S/D,S/D,S/D,0
105136,SAUZAL,CAJAMARCA,JAEN,gfs,temp,20260907,20261006,"00Z,12Z",D1,3h,S/D,S/D,S/D,S/D,0
105136,SAUZAL,CAJAMARCA,JAEN,eta5,temp,20260907,20261006,"00Z,12Z",D1,3h,S/D,S/D,S/D,S/D,0
105136,SAUZAL,CAJAMARCA,JAEN,wrf5,temp,20260907,20261006,"00Z,12Z",D1,3h,S/D,S/D,S/D,S/D,0
105136,SAUZAL,CAJAMARCA,JAEN,mpas15,temp,20260907,20261006,00Z,D1,3h,S/D,S/D,S/D,S/D,0
4725E206,SAN MARCOS,CAJAMARCA,SAN MARCOS,ecmwf,temp,20260907,20261006,"00Z,12Z",D1,3h,-4.952,4.983,5.562,0.912,474
4725E206,SAN MARCOS,CAJAMARCA,SAN MARCOS,gfs,temp,20260907,20261006,"00Z,12Z",D1,3h,-4.993,5.117,6.217,0.857,474
4725E206,SAN MARCOS,CAJAMARCA,SAN MARCOS,eta5,temp,20260907,20261006,"00Z,12Z",D1,3h,-1.869,2.739,3.313,0.883,384
4725E206,SAN MARCOS,CAJAMARCA,SAN MARCOS,wrf5,temp,20260907,20261006,"00Z,12Z",D1,3h,0.909,2.614,3.191,0.861,466
4725E206,SAN MARCOS,CAJAMARCA,SAN MARCOS,mpas15,temp,20260907,20261006,00Z,D1,3h,-4.494,4.557,5.433,0.936,237
47E207A4,TONGOD,CAJAMARCA,SAN MIGUEL,ecmwf,temp,20260907,20261006,"00Z,12Z",D1,3h,-4.648,4.717,5.273,0.847,476
47E207A4,TONGOD,CAJAMARCA,SAN MIGUEL,gfs,temp,20260907,20261006,"00Z,12Z",D1,3h,-2.687,3.148,3.69,0.777,476
47E207A4,TONGOD,CAJAMARCA,SAN MIGUEL,eta5,temp,20260907,20261006,"00Z,12Z",D1,3h,-3.264,3.596,4.014,0.817,386
47E207A4,TONGOD,CAJAMARCA,SAN MIGUEL,wrf5,temp,20260907,20261006,"00Z,12Z",D1,3h,0.831,1.975,2.674,0.788,468
47E207A4,TONGOD,CAJAMARCA,SAN MIGUEL,mpas15,temp,20260907,20261006,00Z,D1,3h,-3.516,3.758,4.282,0.791,238
47E1C5B4,CAÑAD,CAJAMARCA,SANTA CRUZ,ecmwf,temp,20260907,20261006,"00Z,12Z",D1,3h,-9.166,9.166,9.442,0.725,472
47E1C5B4,CAÑAD,CAJAMARCA,SANTA CRUZ,gfs,temp,20260907,20261006,"00Z,12Z",D1,3h,-8.332,8.332,8.631,0.679,472
47E1C5B4,CAÑAD,CAJAMARCA,SANTA CRUZ,eta5,temp,20260907,20261006,"00Z,12Z",D1,3h,-4.631,4.704,5.45,0.692,383
47E1C5B4,CAÑAD,CAJAMARCA,SANTA CRUZ,wrf5,temp,20260907,20261006,"00Z,12Z",D1,3h,-1.609,2.066,2.623,0.777,464
47E1C5B4,CAÑAD,CAJAMARCA,SANTA CRUZ,mpas15,temp,20260907,20261006,00Z,D1,3h,-6.644,6.644,6.981,0.733,236
47E3055E,CHANCAY BAÑOS,CAJAMARCA,SANTA CRUZ,ecmwf,temp,20260907,20261006,"00Z,12Z",D1,3h,-5.613,5.613,5.881,0.916,478
47E3055E,CHANCAY BAÑOS,CAJAMARCA,SANTA CRUZ,gfs,temp,20260907,20261006,"00Z,12Z",D1,3h,-5.717,5.717,6.024,0.823,478
47E3055E,CHANCAY BAÑOS,CAJAMARCA,SANTA CRUZ,eta5,temp,20260907,20261006,"00Z,12Z",D1,3h,-2.262,2.495,3.033,0.845,388
47E3055E,CHANCAY BAÑOS,CAJAMARCA,SANTA CRUZ,wrf5,temp,20260907,20261006,"00Z,12Z",D1,3h,0.09,1.572,2.053,0.816,470
47E3055E,CHANCAY BAÑOS,CAJAMARCA,SANTA CRUZ,mpas15,temp,20260907,20261006,00Z,D1,3h,-5.472,5.472,5.867,0.86,239
47E1E358,PUENTE AMBAN,CAJAMARCA,SANTA CRUZ,ecmwf,temp,20260907,20261006,"00Z,12Z",D1,3h,-4.91,4.915,5.335,0.888,478
47E1E358,PUENTE AMBAN,CAJAMARCA,SANTA CRUZ,gfs,temp,20260907,20261006,"00Z,12Z",D1,3h,-3.918,3.988,4.47,0.83,478
47E1E358,PUENTE AMBAN,CAJAMARCA,SANTA CRUZ,eta5,temp,20260907,20261006,"00Z,12Z",D1,3h,-2.202,2.528,3.016,0.853,387
47E1E358,PUENTE AMBAN,CAJAMARCA,SANTA CRUZ,wrf5,temp,20260907,20261006,"00Z,12Z",D1,3h,-0.565,1.849,2.444,0.808,470
47E1E358,PUENTE AMBAN,CAJAMARCA,SANTA CRUZ,mpas15,temp,20260907,20261006,00Z,D1,3h,-6.64,6.642,7.175,0.863,239
114132,POMACANCHI,CUSCO,ACOMAYO,ecmwf,temp,20260907,20261006,"00Z,12Z",D1,3h,-1.54,2.277,2.728,0.912,480
114132,POMACANCHI,CUSCO,ACOMAYO,gfs,temp,20260907,20261006,"00Z,12Z",D1,3h,-1.026,2.446,2.993,0.882,480
114132,POMACANCHI,CUSCO,ACOMAYO,eta5,temp,20260907,20261006,"00Z,12Z",D1,3h,0.132,1.898,2.475,0.872,389
114132,POMACANCHI,CUSCO,ACOMAYO,wrf5,temp,20260907,20261006,"00Z,12Z",D1,3h,1.053,2.091,2.862,0.88,472
114132,POMACANCHI,CUSCO,ACOMAYO,mpas15,temp,20260907,20261006,00Z,D1,3h,-2.556,2.977,3.44,0.919,240
113252,ANCACHURO,CUSCO,ANTA,ecmwf,temp,20260907,20261006,"00Z,12Z",D1,3h,-1.462,2.993,3.513,0.878,480
113252,ANCACHURO,CUSCO,ANTA,gfs,temp,20260907,20261006,"00Z,12Z",D1,3h,-0.463,3.289,3.732,0.874,480
113252,ANCACHURO,CUSCO,ANTA,eta5,temp,20260907,20261006,"00Z,12Z",D1,3h,3.936,3.997,4.756,0.898,389
113252,ANCACHURO,CUSCO,ANTA,wrf5,temp,20260907,20261006,"00Z,12Z",D1,3h,2.453,3.093,3.947,0.897,472
113252,ANCACHURO,CUSCO,ANTA,mpas15,temp,20260907,20261006,00Z,D1,3h,-1.961,2.919,3.604,0.943,240
47294362,SORAYPAMPA,CUSCO,ANTA,ecmwf,temp,20260907,20261006,"00Z,12Z",D1,3h,4.051,4.162,4.922,0.828,480
47294362,SORAYPAMPA,CUSCO,ANTA,gfs,temp,20260907,20261006,"00Z,12Z",D1,3h,3.447,3.491,4.047,0.867,480
47294362,SORAYPAMPA,CUSCO,ANTA,eta5,temp,20260907,20261006,"00Z,12Z",D1,3h,-3.307,3.645,4.157,0.849,389
47294362,SORAYPAMPA,CUSCO,ANTA,wrf5,temp,20260907,20261006,"00Z,12Z",D1,3h,-1.408,2.484,3.065,0.832,472
47294362,SORAYPAMPA,CUSCO,ANTA,mpas15,temp,20260907,20261006,00Z,D1,3h,-1.098,1.875,2.42,0.893,240
472976F8,CALCA,CUSCO,CALCA,ecmwf,temp,20260907,20261006,"00Z,12Z",D1,3h,-9.873,9.882,10.365,0.791,474
472976F8,CALCA,CUSCO,CALCA,gfs,temp,20260907,20261006,"00Z,12Z",D1,3h,-7.63,7.643,8.41,0.821,474
472976F8,CALCA,CUSCO,CALCA,eta5,temp,20260907,20261006,"00Z,12Z",D1,3h,-6.627,6.634,7.131,0.866,385
472976F8,CALCA,CUSCO,CALCA,wrf5,temp,20260907,20261006,"00Z,12Z",D1,3h,-0.288,2.207,2.743,0.874,466
472976F8,CALCA,CUSCO,CALCA,mpas15,temp,20260907,20261006,00Z,D1,3h,-8.556,8.561,9.013,0.898,237
472A6280,NUEVO PISAC,CUSCO,CALCA,ecmwf,temp,20260907,20261006,"00Z,12Z",D1,3h,S/D,S/D,S/D,S/D,0
472A6280,NUEVO PISAC,CUSCO,CALCA,gfs,temp,20260907,20261006,"00Z,12Z",D1,3h,S/D,S/D,S/D,S/D,0
472A6280,NUEVO PISAC,CUSCO,CALCA,eta5,temp,20260907,20261006,"00Z,12Z",D1,3h,S/D,S/D,S/D,S/D,0
472A6280,NUEVO PISAC,CUSCO,CALCA,wrf5,temp,20260907,20261006,"00Z,12Z",D1,3h,S/D,S/D,S/D,S/D,0
472A6280,NUEVO PISAC,CUSCO,CALCA,mpas15,temp,20260907,20261006,00Z,D1,3h,S/D,S/D,S/D,S/D,0
114126,PAYAPUNKU,CUSCO,CANAS,ecmwf,temp,20260907,20261006,"00Z,12Z",D1,3h,-1.528,2.458,3.058,0.891,480
114126,PAYAPUNKU,CUSCO,CANAS,gfs,temp,20260907,20261006,"00Z,12Z",D1,3h,-0.175,2.111,2.734,0.885,480
114126,PAYAPUNKU,CUSCO,CANAS,eta5,temp,20260907,20261006,"00Z,12Z",D1,3h,-1.069,2.555,3.136,0.853,389
114126,PAYAPUNKU,CUSCO,CANAS,wrf5,temp,20260907,20261006,"00Z,12Z",D1,3h,1.063,2.58,3.319,0.838,472
114126,PAYAPUNKU,CUSCO,CANAS,mpas15,temp,20260907,20261006,00Z,D1,3h,-2.518,3.164,3.563,0.894,240
114125,SAUSAYA,CUSCO,CANAS,ecmwf,temp,20260907,20261006,"00Z,12Z",D1,3h,-0.227,4.152,5.238,0.879,478
114125,SAUSAYA,CUSCO,CANAS,gfs,temp,20260907,20261006,"00Z,12Z",D1,3h,1.12,4.326,5.679,0.848,478
114125,SAUSAYA,CUSCO,CANAS,eta5,temp,20260907,20261006,"00Z,12Z",D1,3h,3.768,4.571,6.155,0.858,388
114125,SAUSAYA,CUSCO,CANAS,wrf5,temp,20260907,20261006,"00Z,12Z",D1,3h,3.434,4.693,6.371,0.84,470
114125,SAUSAYA,CUSCO,CANAS,mpas15,temp,20260907,20261006,00Z,D1,3h,-0.574,3.962,4.875,0.912,239
472E025C,QUISOQUEPINA,CUSCO,CANCHIS,ecmwf,temp,20260907,20261006,"00Z,12Z",D1,3h,-0.383,1.738,2.261,0.617,130
472E025C,QUISOQUEPINA,CUSCO,CANCHIS,gfs,temp,20260907,20261006,"00Z,12Z",D1,3h,2.113,2.307,2.815,0.678,130
472E025C,QUISOQUEPINA,CUSCO,CANCHIS,eta5,temp,20260907,20261006,"00Z,12Z",D1,3h,2.161,2.522,3.016,0.681,115
472E025C,QUISOQUEPINA,CUSCO,CANCHIS,wrf5,temp,20260907,20261006,"00Z,12Z",D1,3h,0.315,1.83,2.381,0.504,124
472E025C,QUISOQUEPINA,CUSCO,CANCHIS,mpas15,temp,20260907,20261006,00Z,D1,3h,1.567,2.014,2.533,0.647,65
114118,SALCCA,CUSCO,CANCHIS,ecmwf,temp,20260907,20261006,"00Z,12Z",D1,3h,S/D,S/D,S/D,S/D,0
114118,SALCCA,CUSCO,CANCHIS,gfs,temp,20260907,20261006,"00Z,12Z",D1,3h,S/D,S/D,S/D,S/D,0
114118,SALCCA,CUSCO,CANCHIS,eta5,temp,20260907,20261006,"00Z,12Z",D1,3h,S/D,S/D,S/D,S/D,0
114118,SALCCA,CUSCO,CANCHIS,wrf5,temp,20260907,20261006,"00Z,12Z",D1,3h,S/D,S/D,S/D,S/D,0
114118,SALCCA,CUSCO,CANCHIS,mpas15,temp,20260907,20261006,00Z,D1,3h,S/D,S/D,S/D,S/D,0
47E8B578,SIBINACOCHA,CUSCO,CANCHIS,ecmwf,temp,20260907,20261006,"00Z,12Z",D1,3h,0.099,2.369,2.855,0.798,480
47E8B578,SIBINACOCHA,CUSCO,CANCHIS,gfs,temp,20260907,20261006,"00Z,12Z",D1,3h,0.424,1.888,2.434,0.797,480
47E8B578,SIBINACOCHA,CUSCO,CANCHIS,eta5,temp,20260907,20261006,"00Z,12Z",D1,3h,3.004,3.209,3.982,0.812,389
47E8B578,SIBINACOCHA,CUSCO,CANCHIS,wrf5,temp,20260907,20261006,"00Z,12Z",D1,3h,1.629,2.411,3.059,0.77,472
47E8B578,SIBINACOCHA,CUSCO,CANCHIS,mpas15,temp,20260907,20261006,00Z,D1,3h,-1.513,2.311,2.724,0.812,240
4726158C,SICUANI,CUSCO,CANCHIS,ecmwf,temp,20260907,20261006,"00Z,12Z",D1,3h,-2.151,2.931,3.416,0.946,472
4726158C,SICUANI,CUSCO,CANCHIS,gfs,temp,20260907,20261006,"00Z,12Z",D1,3h,-1.468,3.66,4.227,0.888,472
4726158C,SICUANI,CUSCO,CANCHIS,eta5,temp,20260907,20261006,"00Z,12Z",D1,3h,0.302,2.52,3.132,0.909,384
4726158C,SICUANI,CUSCO,CANCHIS,wrf5,temp,20260907,20261006,"00Z,12Z",D1,3h,2.76,3.337,4.569,0.897,464
4726158C,SICUANI,CUSCO,CANCHIS,mpas15,temp,20260907,20261006,00Z,D1,3h,-4.724,5.259,6.156,0.911,236
114123,MARCA CUNKA,CUSCO,CHUMBIVILCAS,ecmwf,temp,20260907,20261006,"00Z,12Z",D1,3h,-2.335,3.523,4.318,0.859,480
114123,MARCA CUNKA,CUSCO,CHUMBIVILCAS,gfs,temp,20260907,20261006,"00Z,12Z",D1,3h,-0.226,2.905,3.746,0.884,480
114123,MARCA CUNKA,CUSCO,CHUMBIVILCAS,eta5,temp,20260907,20261006,"00Z,12Z",D1,3h,1.339,3.108,3.991,0.84,389
114123,MARCA CUNKA,CUSCO,CHUMBIVILCAS,wrf5,temp,20260907,20261006,"00Z,12Z",D1,3h,1.126,3.092,4.073,0.845,472
114123,MARCA CUNKA,CUSCO,CHUMBIVILCAS,mpas15,temp,20260907,20261006,00Z,D1,3h,-2.407,3.698,4.257,0.875,240
4729A090,SANTO TOMAS,CUSCO,CHUMBIVILCAS,ecmwf,temp,20260907,20261006,"00Z,12Z",D1,3h,-4.066,4.158,4.673,0.911,474
4729A090,SANTO TOMAS,CUSCO,CHUMBIVILCAS,gfs,temp,20260907,20261006,"00Z,12Z",D1,3h,-1.951,2.363,2.898,0.936,474
4729A090,SANTO TOMAS,CUSCO,CHUMBIVILCAS,eta5,temp,20260907,20261006,"00Z,12Z",D1,3h,0.275,2.031,2.541,0.885,385
4729A090,SANTO TOMAS,CUSCO,CHUMBIVILCAS,wrf5,temp,20260907,20261006,"00Z,12Z",D1,3h,2.459,2.729,3.357,0.911,466
4729A090,SANTO TOMAS,CUSCO,CHUMBIVILCAS,mpas15,temp,20260907,20261006,00Z,D1,3h,-4.141,4.277,4.729,0.901,237
114124,HUAYHUAHUASI,CUSCO,ESPINAR,ecmwf,temp,20260907,20261006,"00Z,12Z",D1,3h,1.524,3.469,4.677,0.92,480
114124,HUAYHUAHUASI,CUSCO,ESPINAR,gfs,temp,20260907,20261006,"00Z,12Z",D1,3h,2.802,4.726,6.501,0.838,480
114124,HUAYHUAHUASI,CUSCO,ESPINAR,eta5,temp,20260907,20261006,"00Z,12Z",D1,3h,4.691,5.34,7.075,0.845,389
114124,HUAYHUAHUASI,CUSCO,ESPINAR,wrf5,temp,20260907,20261006,"00Z,12Z",D1,3h,3.763,5.048,6.847,0.831,472
114124,HUAYHUAHUASI,CUSCO,ESPINAR,mpas15,temp,20260907,20261006,00Z,D1,3h,0.009,3.821,4.968,0.914,240
47E880E2,PICHARI,CUSCO,LA CONVENCION,ecmwf,temp,20260907,20261006,"00Z,12Z",D1,3h,-7.974,7.974,8.578,0.77,478
47E880E2,PICHARI,CUSCO,LA CONVENCION,gfs,temp,20260907,20261006,"00Z,12Z",D1,3h,-7.495,7.521,8.182,0.701,478
47E880E2,PICHARI,CUSCO,LA CONVENCION,eta5,temp,20260907,20261006,"00Z,12Z",D1,3h,1.154,2.276,2.908,0.783,388
47E880E2,PICHARI,CUSCO,LA CONVENCION,wrf5,temp,20260907,20261006,"00Z,12Z",D1,3h,1.717,2.536,3.269,0.813,470
47E880E2,PICHARI,CUSCO,LA CONVENCION,mpas15,temp,20260907,20261006,00Z,D1,3h,-9.574,9.574,10.279,0.602,239
112264,PONGO DE MAINIQUE,CUSCO,LA CONVENCION,ecmwf,temp,20260907,20261006,"00Z,12Z",D1,3h,-2.616,2.994,3.368,0.836,480
112264,PONGO DE MAINIQUE,CUSCO,LA CONVENCION,gfs,temp,20260907,20261006,"00Z,12Z",D1,3h,-1.687,2.859,3.34,0.794,480
112264,PONGO DE MAINIQUE,CUSCO,LA CONVENCION,eta5,temp,20260907,20261006,"00Z,12Z",D1,3h,0.9,1.83,2.396,0.776,389
112264,PONGO DE MAINIQUE,CUSCO,LA CONVENCION,wrf5,temp,20260907,20261006,"00Z,12Z",D1,3h,0.876,1.723,2.214,0.836,472
112264,PONGO DE MAINIQUE,CUSCO,LA CONVENCION,mpas15,temp,20260907,20261006,00Z,D1,3h,-2.918,3.258,3.693,0.786,240
4729658E,SAN PABLO,CUSCO,LA CONVENCION,ecmwf,temp,20260907,20261006,"00Z,12Z",D1,3h,-10.849,10.849,11.25,0.801,480
4729658E,SAN PABLO,CUSCO,LA CONVENCION,gfs,temp,20260907,20261006,"00Z,12Z",D1,3h,-9.856,9.856,10.337,0.784,480
4729658E,SAN PABLO,CUSCO,LA CONVENCION,eta5,temp,20260907,20261006,"00Z,12Z",D1,3h,-5.423,5.505,6.356,0.768,389
4729658E,SAN PABLO,CUSCO,LA CONVENCION,wrf5,temp,20260907,20261006,"00Z,12Z",D1,3h,-1.495,2.451,2.939,0.835,472
4729658E,SAN PABLO,CUSCO,LA CONVENCION,mpas15,temp,20260907,20261006,00Z,D1,3h,-10.735,10.735,11.422,0.663,240
4722A338,ACJANACO ,CUSCO,PAUCARTAMBO,ecmwf,temp,20260907,20261006,"00Z,12Z",D1,3h,-0.012,1.937,2.424,0.745,480
4722A338,ACJANACO ,CUSCO,PAUCARTAMBO,gfs,temp,20260907,20261006,"00Z,12Z",D1,3h,1.426,2.054,2.623,0.702,480
4722A338,ACJANACO ,CUSCO,PAUCARTAMBO,eta5,temp,20260907,20261006,"00Z,12Z",D1,3h,-0.171,1.588,2.082,0.757,389
4722A338,ACJANACO ,CUSCO,PAUCARTAMBO,wrf5,temp,20260907,20261006,"00Z,12Z",D1,3h,1.597,2.099,2.766,0.649,472
4722A338,ACJANACO ,CUSCO,PAUCARTAMBO,mpas15,temp,20260907,20261006,00Z,D1,3h,-0.839,1.69,2.226,0.772,240
113247,ASHANAKU,CUSCO,QUISPICANCHI,ecmwf,temp,20260907,20261006,"00Z,12Z",D1,3h,-0.436,1.641,2.049,0.846,480
113247,ASHANAKU,CUSCO,QUISPICANCHI,gfs,temp,20260907,20261006,"00Z,12Z",D1,3h,0.17,1.961,2.533,0.818,480
113247,ASHANAKU,CUSCO,QUISPICANCHI,eta5,temp,20260907,20261006,"00Z,12Z",D1,3h,0.754,1.692,2.279,0.824,389
113247,ASHANAKU,CUSCO,QUISPICANCHI,wrf5,temp,20260907,20261006,"00Z,12Z",D1,3h,-1.306,2.269,2.859,0.763,472
113247,ASHANAKU,CUSCO,QUISPICANCHI,mpas15,temp,20260907,20261006,00Z,D1,3h,-0.847,1.762,2.339,0.875,240
113254,QUINCEMIL,CUSCO,QUISPICANCHI,ecmwf,temp,20260907,20261006,"00Z,12Z",D1,3h,-0.406,1.49,1.984,0.836,480
113254,QUINCEMIL,CUSCO,QUISPICANCHI,gfs,temp,20260907,20261006,"00Z,12Z",D1,3h,-0.521,1.695,2.17,0.805,480
113254,QUINCEMIL,CUSCO,QUISPICANCHI,eta5,temp,20260907,20261006,"00Z,12Z",D1,3h,0.97,1.835,2.245,0.833,389
113254,QUINCEMIL,CUSCO,QUISPICANCHI,wrf5,temp,20260907,20261006,"00Z,12Z",D1,3h,3.199,3.27,3.691,0.875,472
113254,QUINCEMIL,CUSCO,QUISPICANCHI,mpas15,temp,20260907,20261006,00Z,D1,3h,-1.648,2.192,2.778,0.783,240
472A9204,CHILCA,CUSCO,URUBAMBA,ecmwf,temp,20260907,20261006,"00Z,12Z",D1,3h,S/D,S/D,S/D,S/D,0
472A9204,CHILCA,CUSCO,URUBAMBA,gfs,temp,20260907,20261006,"00Z,12Z",D1,3h,S/D,S/D,S/D,S/D,0
472A9204,CHILCA,CUSCO,URUBAMBA,eta5,temp,20260907,20261006,"00Z,12Z",D1,3h,S/D,S/D,S/D,S/D,0
472A9204,CHILCA,CUSCO,URUBAMBA,wrf5,temp,20260907,20261006,"00Z,12Z",D1,3h,S/D,S/D,S/D,S/D,0
472A9204,CHILCA,CUSCO,URUBAMBA,mpas15,temp,20260907,20261006,00Z,D1,3h,S/D,S/D,S/D,S/D,0
4727C11E,HUAYLLABAMBA,CUSCO,URUBAMBA,ecmwf,temp,20260907,20261006,"00Z,12Z",D1,3h,-5.897,5.947,6.461,0.708,472
4727C11E,HUAYLLABAMBA,CUSCO,URUBAMBA,gfs,temp,20260907,20261006,"00Z,12Z",D1,3h,-4.848,4.859,5.354,0.806,472
4727C11E,HUAYLLABAMBA,CUSCO,URUBAMBA,eta5,temp,20260907,20261006,"00Z,12Z",D1,3h,-2.345,2.623,3.107,0.829,384
4727C11E,HUAYLLABAMBA,CUSCO,URUBAMBA,wrf5,temp,20260907,20261006,"00Z,12Z",D1,3h,-6.207,6.21,6.716,0.82,464
4727C11E,HUAYLLABAMBA,CUSCO,URUBAMBA,mpas15,temp,20260907,20261006,00Z,D1,3h,-6.048,6.049,6.438,0.837,236
472935F2,INTIHUATANA H,CUSCO,URUBAMBA,ecmwf,temp,20260907,20261006,"00Z,12Z",D1,3h,S/D,S/D,S/D,S/D,0
472935F2,INTIHUATANA H,CUSCO,URUBAMBA,gfs,temp,20260907,20261006,"00Z,12Z",D1,3h,S/D,S/D,S/D,S/D,0
472935F2,INTIHUATANA H,CUSCO,URUBAMBA,eta5,temp,20260907,20261006,"00Z,12Z",D1,3h,S/D,S/D,S/D,S/D,0
472935F2,INTIHUATANA H,CUSCO,URUBAMBA,wrf5,temp,20260907,20261006,"00Z,12Z",D1,3h,S/D,S/D,S/D,S/D,0
472935F2,INTIHUATANA H,CUSCO,URUBAMBA,mpas15,temp,20260907,20261006,00Z,D1,3h,S/D,S/D,S/D,S/D,0
472852EE,INTIHUATANA M,CUSCO,URUBAMBA,ecmwf,temp,20260907,20261006,"00Z,12Z",D1,3h,-11.917,11.917,12.275,0.664,478
472852EE,INTIHUATANA M,CUSCO,URUBAMBA,gfs,temp,20260907,20261006,"00Z,12Z",D1,3h,-10.851,10.851,11.103,0.82,478
472852EE,INTIHUATANA M,CUSCO,URUBAMBA,eta5,temp,20260907,20261006,"00Z,12Z",D1,3h,-5.659,5.665,6.192,0.754,387
472852EE,INTIHUATANA M,CUSCO,URUBAMBA,wrf5,temp,20260907,20261006,"00Z,12Z",D1,3h,-2.975,3.191,3.742,0.81,470
472852EE,INTIHUATANA M,CUSCO,URUBAMBA,mpas15,temp,20260907,20261006,00Z,D1,3h,-9.729,9.729,10.155,0.726,239
472897F0,MACHUPICCHU,CUSCO,URUBAMBA,ecmwf,temp,20260907,20261006,"00Z,12Z",D1,3h,-9.045,9.045,9.577,0.65,466
472897F0,MACHUPICCHU,CUSCO,URUBAMBA,gfs,temp,20260907,20261006,"00Z,12Z",D1,3h,-8.001,8.001,8.415,0.823,466
472897F0,MACHUPICCHU,CUSCO,URUBAMBA,eta5,temp,20260907,20261006,"00Z,12Z",D1,3h,-2.837,3.033,3.898,0.771,377
472897F0,MACHUPICCHU,CUSCO,URUBAMBA,wrf5,temp,20260907,20261006,"00Z,12Z",D1,3h,-0.138,1.727,2.413,0.848,458
472897F0,MACHUPICCHU,CUSCO,URUBAMBA,mpas15,temp,20260907,20261006,00Z,D1,3h,-6.907,6.912,7.596,0.717,233
4729950A,PACAYMAYO,CUSCO,URUBAMBA,ecmwf,temp,20260907,20261006,"00Z,12Z",D1,3h,-0.696,1.9,2.335,0.734,480
4729950A,PACAYMAYO,CUSCO,URUBAMBA,gfs,temp,20260907,20261006,"00Z,12Z",D1,3h,0.365,1.292,1.654,0.786,480
4729950A,PACAYMAYO,CUSCO,URUBAMBA,eta5,temp,20260907,20261006,"00Z,12Z",D1,3h,2.945,2.964,3.341,0.819,389
4729950A,PACAYMAYO,CUSCO,URUBAMBA,wrf5,temp,20260907,20261006,"00Z,12Z",D1,3h,-0.677,1.675,2.105,0.768,472
4729950A,PACAYMAYO,CUSCO,URUBAMBA,mpas15,temp,20260907,20261006,00Z,D1,3h,-0.805,1.449,1.792,0.862,240
4729867C,QORIHUAYRACHINA,CUSCO,URUBAMBA,ecmwf,temp,20260907,20261006,"00Z,12Z",D1,3h,S/D,S/D,S/D,S/D,0
4729867C,QORIHUAYRACHINA,CUSCO,URUBAMBA,gfs,temp,20260907,20261006,"00Z,12Z",D1,3h,S/D,S/D,S/D,S/D,0
4729867C,QORIHUAYRACHINA,CUSCO,URUBAMBA,eta5,temp,20260907,20261006,"00Z,12Z",D1,3h,S/D,S/D,S/D,S/D,0
4729867C,QORIHUAYRACHINA,CUSCO,URUBAMBA,wrf5,temp,20260907,20261006,"00Z,12Z",D1,3h,S/D,S/D,S/D,S/D,0
4729867C,QORIHUAYRACHINA,CUSCO,URUBAMBA,mpas15,temp,20260907,20261006,00Z,D1,3h,S/D,S/D,S/D,S/D,0
4720CDF8,COCHAMARCA,HUANCAVELICA,CASTROVIRREYNA,ecmwf,temp,20260907,20261006,"00Z,12Z",D1,3h,S/D,S/D,S/D,S/D,0
4720CDF8,COCHAMARCA,HUANCAVELICA,CASTROVIRREYNA,gfs,temp,20260907,20261006,"00Z,12Z",D1,3h,S/D,S/D,S/D,S/D,0
4720CDF8,COCHAMARCA,HUANCAVELICA,CASTROVIRREYNA,eta5,temp,20260907,20261006,"00Z,12Z",D1,3h,S/D,S/D,S/D,S/D,0
4720CDF8,COCHAMARCA,HUANCAVELICA,CASTROVIRREYNA,wrf5,temp,20260907,20261006,"00Z,12Z",D1,3h,S/D,S/D,S/D,S/D,0
4720CDF8,COCHAMARCA,HUANCAVELICA,CASTROVIRREYNA,mpas15,temp,20260907,20261006,00Z,D1,3h,S/D,S/D,S/D,S/D,0
47292684,HUACHOS,HUANCAVELICA,CASTROVIRREYNA,ecmwf,temp,20260907,20261006,"00Z,12Z",D1,3h,-6.169,6.169,6.584,0.851,476
47292684,HUACHOS,HUANCAVELICA,CASTROVIRREYNA,gfs,temp,20260907,20261006,"00Z,12Z",D1,3h,-5.079,5.095,5.726,0.819,476
47292684,HUACHOS,HUANCAVELICA,CASTROVIRREYNA,eta5,temp,20260907,20261006,"00Z,12Z",D1,3h,-3.956,3.966,4.317,0.855,386
47292684,HUACHOS,HUANCAVELICA,CASTROVIRREYNA,wrf5,temp,20260907,20261006,"00Z,12Z",D1,3h,-4.174,4.359,5.235,0.81,468
47292684,HUACHOS,HUANCAVELICA,CASTROVIRREYNA,mpas15,temp,20260907,20261006,00Z,D1,3h,-5.973,5.973,6.701,0.847,238
472722EC,HUANCAVELICA,HUANCAVELICA,HUANCAVELICA,ecmwf,temp,20260907,20261006,"00Z,12Z",D1,3h,-4.67,4.679,4.964,0.918,480
472722EC,HUANCAVELICA,HUANCAVELICA,HUANCAVELICA,gfs,temp,20260907,20261006,"00Z,12Z",D1,3h,-3.812,3.87,4.384,0.877,480
472722EC,HUANCAVELICA,HUANCAVELICA,HUANCAVELICA,eta5,temp,20260907,20261006,"00Z,12Z",D1,3h,-3.136,3.271,3.688,0.897,389
472722EC,HUANCAVELICA,HUANCAVELICA,HUANCAVELICA,wrf5,temp,20260907,20261006,"00Z,12Z",D1,3h,-1.924,2.284,2.782,0.905,472
472722EC,HUANCAVELICA,HUANCAVELICA,HUANCAVELICA,mpas15,temp,20260907,20261006,00Z,D1,3h,-4.95,4.986,5.355,0.913,240
47284198,CHALLACA,HUANCAVELICA,HUAYTARA,ecmwf,temp,20260907,20261006,"00Z,12Z",D1,3h,-2.318,2.588,3.049,0.871,364
47284198,CHALLACA,HUANCAVELICA,HUAYTARA,gfs,temp,20260907,20261006,"00Z,12Z",D1,3h,-2.045,2.481,2.899,0.867,364
47284198,CHALLACA,HUANCAVELICA,HUAYTARA,eta5,temp,20260907,20261006,"00Z,12Z",D1,3h,-3.927,4.024,4.491,0.832,282
47284198,CHALLACA,HUANCAVELICA,HUAYTARA,wrf5,temp,20260907,20261006,"00Z,12Z",D1,3h,-2.179,2.972,3.647,0.74,364
47284198,CHALLACA,HUANCAVELICA,HUAYTARA,mpas15,temp,20260907,20261006,00Z,D1,3h,-5.873,5.903,6.457,0.821,182
472811E4,CHALLACA M,HUANCAVELICA,HUAYTARA,ecmwf,temp,20260907,20261006,"00Z,12Z",D1,3h,-2.381,2.593,3.275,0.89,478
472811E4,CHALLACA M,HUANCAVELICA,HUAYTARA,gfs,temp,20260907,20261006,"00Z,12Z",D1,3h,-2.2,2.498,3.194,0.912,478
472811E4,CHALLACA M,HUANCAVELICA,HUAYTARA,eta5,temp,20260907,20261006,"00Z,12Z",D1,3h,-4.002,4.006,4.345,0.886,387
472811E4,CHALLACA M,HUANCAVELICA,HUAYTARA,wrf5,temp,20260907,20261006,"00Z,12Z",D1,3h,-1.831,2.552,3.223,0.859,470
472811E4,CHALLACA M,HUANCAVELICA,HUAYTARA,mpas15,temp,20260907,20261006,00Z,D1,3h,-5.957,5.957,6.696,0.883,239
4728F216,CORDOVA,HUANCAVELICA,HUAYTARA,ecmwf,temp,20260907,20261006,"00Z,12Z",D1,3h,-0.885,1.296,1.673,0.844,474
4728F216,CORDOVA,HUANCAVELICA,HUAYTARA,gfs,temp,20260907,20261006,"00Z,12Z",D1,3h,0.441,1.183,1.42,0.858,474
4728F216,CORDOVA,HUANCAVELICA,HUAYTARA,eta5,temp,20260907,20261006,"00Z,12Z",D1,3h,-0.267,1.977,2.339,0.831,385
4728F216,CORDOVA,HUANCAVELICA,HUAYTARA,wrf5,temp,20260907,20261006,"00Z,12Z",D1,3h,-1.2,1.496,1.815,0.851,466
4728F216,CORDOVA,HUANCAVELICA,HUAYTARA,mpas15,temp,20260907,20261006,00Z,D1,3h,0.101,1.323,1.607,0.816,237
4728C78C,CUSICANCHA,HUANCAVELICA,HUAYTARA,ecmwf,temp,20260907,20261006,"00Z,12Z",D1,3h,-6.469,6.469,6.771,0.867,472
4728C78C,CUSICANCHA,HUANCAVELICA,HUAYTARA,gfs,temp,20260907,20261006,"00Z,12Z",D1,3h,-4.76,4.766,5.346,0.801,472
4728C78C,CUSICANCHA,HUANCAVELICA,HUAYTARA,eta5,temp,20260907,20261006,"00Z,12Z",D1,3h,-4.043,4.08,4.429,0.857,383
4728C78C,CUSICANCHA,HUANCAVELICA,HUAYTARA,wrf5,temp,20260907,20261006,"00Z,12Z",D1,3h,-2.017,2.379,2.954,0.837,464
4728C78C,CUSICANCHA,HUANCAVELICA,HUAYTARA,mpas15,temp,20260907,20261006,00Z,D1,3h,-4.739,4.739,5.2,0.892,236
213507,RAMADILLAS,HUANCAVELICA,HUAYTARA,ecmwf,temp,20260907,20261006,"00Z,12Z",D1,3h,S/D,S/D,S/D,S/D,0
213507,RAMADILLAS,HUANCAVELICA,HUAYTARA,gfs,temp,20260907,20261006,"00Z,12Z",D1,3h,S/D,S/D,S/D,S/D,0
213507,RAMADILLAS,HUANCAVELICA,HUAYTARA,eta5,temp,20260907,20261006,"00Z,12Z",D1,3h,S/D,S/D,S/D,S/D,0
213507,RAMADILLAS,HUANCAVELICA,HUAYTARA,wrf5,temp,20260907,20261006,"00Z,12Z",D1,3h,S/D,S/D,S/D,S/D,0
213507,RAMADILLAS,HUANCAVELICA,HUAYTARA,mpas15,temp,20260907,20261006,00Z,D1,3h,S/D,S/D,S/D,S/D,0
4729131E,SANTIAGO DE CHOCORVOS,HUANCAVELICA,HUAYTARA,ecmwf,temp,20260907,20261006,"00Z,12Z",D1,3h,-7.493,7.493,7.758,0.858,476
4729131E,SANTIAGO DE CHOCORVOS,HUANCAVELICA,HUAYTARA,gfs,temp,20260907,20261006,"00Z,12Z",D1,3h,-6.764,6.764,6.96,0.849,476
4729131E,SANTIAGO DE CHOCORVOS,HUANCAVELICA,HUAYTARA,eta5,temp,20260907,20261006,"00Z,12Z",D1,3h,-5.998,5.998,6.319,0.837,386
4729131E,SANTIAGO DE CHOCORVOS,HUANCAVELICA,HUAYTARA,wrf5,temp,20260907,20261006,"00Z,12Z",D1,3h,-5.753,5.753,5.983,0.818,468
4729131E,SANTIAGO DE CHOCORVOS,HUANCAVELICA,HUAYTARA,mpas15,temp,20260907,20261006,00Z,D1,3h,-7.359,7.359,7.632,0.852,238
112269,COCHABAMBA GRANDE,HUANCAVELICA,TAYACAJA,ecmwf,temp,20260907,20261006,"00Z,12Z",D1,3h,-5.189,5.192,5.491,0.797,320
112269,COCHABAMBA GRANDE,HUANCAVELICA,TAYACAJA,gfs,temp,20260907,20261006,"00Z,12Z",D1,3h,-2.229,2.372,2.883,0.785,320
112269,COCHABAMBA GRANDE,HUANCAVELICA,TAYACAJA,eta5,temp,20260907,20261006,"00Z,12Z",D1,3h,-1.624,1.846,2.205,0.862,237
112269,COCHABAMBA GRANDE,HUANCAVELICA,TAYACAJA,wrf5,temp,20260907,20261006,"00Z,12Z",D1,3h,-2.691,2.75,3.094,0.862,320
112269,COCHABAMBA GRANDE,HUANCAVELICA,TAYACAJA,mpas15,temp,20260907,20261006,00Z,D1,3h,-0.393,1.337,1.863,0.862,160
110146,QUISCA,HUANUCO,AMBO,ecmwf,temp,20260907,20261006,"00Z,12Z",D1,3h,-5.863,5.864,6.118,0.845,258
110146,QUISCA,HUANUCO,AMBO,gfs,temp,20260907,20261006,"00Z,12Z",D1,3h,-7.209,7.209,7.478,0.809,258
110146,QUISCA,HUANUCO,AMBO,eta5,temp,20260907,20261006,"00Z,12Z",D1,3h,-3.643,3.729,4.044,0.85,207
110146,QUISCA,HUANUCO,AMBO,wrf5,temp,20260907,20261006,"00Z,12Z",D1,3h,-1.118,1.789,2.074,0.875,252
110146,QUISCA,HUANUCO,AMBO,mpas15,temp,20260907,20261006,00Z,D1,3h,-9.294,9.294,9.6,0.843,129
47E845FC,CACHICOTO,HUANUCO,HUAMALIES,ecmwf,temp,20260907,20261006,"00Z,12Z",D1,3h,-4.348,4.49,5.037,0.781,480
47E845FC,CACHICOTO,HUANUCO,HUAMALIES,gfs,temp,20260907,20261006,"00Z,12Z",D1,3h,-5.325,5.457,6.124,0.687,480
47E845FC,CACHICOTO,HUANUCO,HUAMALIES,eta5,temp,20260907,20261006,"00Z,12Z",D1,3h,-0.608,2.116,2.683,0.731,389
47E845FC,CACHICOTO,HUANUCO,HUAMALIES,wrf5,temp,20260907,20261006,"00Z,12Z",D1,3h,0.457,1.886,2.399,0.765,472
47E845FC,CACHICOTO,HUANUCO,HUAMALIES,mpas15,temp,20260907,20261006,00Z,D1,3h,-4.618,4.722,5.521,0.647,240
4720EB14,SAN MARTIN,HUANUCO,HUAMALIES,ecmwf,temp,20260907,20261006,"00Z,12Z",D1,3h,-1.435,2.899,3.349,0.807,480
4720EB14,SAN MARTIN,HUANUCO,HUAMALIES,gfs,temp,20260907,20261006,"00Z,12Z",D1,3h,-2.476,3.087,3.699,0.743,480
4720EB14,SAN MARTIN,HUANUCO,HUAMALIES,eta5,temp,20260907,20261006,"00Z,12Z",D1,3h,6.881,6.881,7.422,0.84,389
4720EB14,SAN MARTIN,HUANUCO,HUAMALIES,wrf5,temp,20260907,20261006,"00Z,12Z",D1,3h,-0.266,2.082,2.556,0.784,472
4720EB14,SAN MARTIN,HUANUCO,HUAMALIES,mpas15,temp,20260907,20261006,00Z,D1,3h,-2.857,3.337,4.055,0.746,240
472D0552,CHINCHAVITO,HUANUCO,HUANUCO,ecmwf,temp,20260907,20261006,"00Z,12Z",D1,3h,S/D,S/D,S/D,S/D,0
472D0552,CHINCHAVITO,HUANUCO,HUANUCO,gfs,temp,20260907,20261006,"00Z,12Z",D1,3h,S/D,S/D,S/D,S/D,0
472D0552,CHINCHAVITO,HUANUCO,HUANUCO,eta5,temp,20260907,20261006,"00Z,12Z",D1,3h,S/D,S/D,S/D,S/D,0
472D0552,CHINCHAVITO,HUANUCO,HUANUCO,wrf5,temp,20260907,20261006,"00Z,12Z",D1,3h,S/D,S/D,S/D,S/D,0
472D0552,CHINCHAVITO,HUANUCO,HUANUCO,mpas15,temp,20260907,20261006,00Z,D1,3h,S/D,S/D,S/D,S/D,0
472B730C,PUENTE TARUCA,HUANUCO,HUANUCO,ecmwf,temp,20260907,20261006,"00Z,12Z",D1,3h,S/D,S/D,S/D,S/D,0
472B730C,PUENTE TARUCA,HUANUCO,HUANUCO,gfs,temp,20260907,20261006,"00Z,12Z",D1,3h,S/D,S/D,S/D,S/D,0
472B730C,PUENTE TARUCA,HUANUCO,HUANUCO,eta5,temp,20260907,20261006,"00Z,12Z",D1,3h,S/D,S/D,S/D,S/D,0
472B730C,PUENTE TARUCA,HUANUCO,HUANUCO,wrf5,temp,20260907,20261006,"00Z,12Z",D1,3h,S/D,S/D,S/D,S/D,0
472B730C,PUENTE TARUCA,HUANUCO,HUANUCO,mpas15,temp,20260907,20261006,00Z,D1,3h,S/D,S/D,S/D,S/D,0
110140,JESUS DE LAURICOCHA,HUANUCO,LAURICOCHA,ecmwf,temp,20260907,20261006,"00Z,12Z",D1,3h,-3.496,3.607,4.08,0.891,452
110140,JESUS DE LAURICOCHA,HUANUCO,LAURICOCHA,gfs,temp,20260907,20261006,"00Z,12Z",D1,3h,-2.729,3.079,3.613,0.877,452
110140,JESUS DE LAURICOCHA,HUANUCO,LAURICOCHA,eta5,temp,20260907,20261006,"00Z,12Z",D1,3h,-2.707,3.007,3.604,0.843,364
110140,JESUS DE LAURICOCHA,HUANUCO,LAURICOCHA,wrf5,temp,20260907,20261006,"00Z,12Z",D1,3h,-0.902,1.886,2.306,0.908,444
110140,JESUS DE LAURICOCHA,HUANUCO,LAURICOCHA,mpas15,temp,20260907,20261006,00Z,D1,3h,-3.547,3.692,4.079,0.915,226
472DA5AA,PUENTE BELLA,HUANUCO,LEONCIO PRADO,ecmwf,temp,20260907,20261006,"00Z,12Z",D1,3h,S/D,S/D,S/D,S/D,0
472DA5AA,PUENTE BELLA,HUANUCO,LEONCIO PRADO,gfs,temp,20260907,20261006,"00Z,12Z",D1,3h,S/D,S/D,S/D,S/D,0
472DA5AA,PUENTE BELLA,HUANUCO,LEONCIO PRADO,eta5,temp,20260907,20261006,"00Z,12Z",D1,3h,S/D,S/D,S/D,S/D,0
472DA5AA,PUENTE BELLA,HUANUCO,LEONCIO PRADO,wrf5,temp,20260907,20261006,"00Z,12Z",D1,3h,S/D,S/D,S/D,S/D,0
472DA5AA,PUENTE BELLA,HUANUCO,LEONCIO PRADO,mpas15,temp,20260907,20261006,00Z,D1,3h,S/D,S/D,S/D,S/D,0
472D1624,PUENTE PEREZ,HUANUCO,LEONCIO PRADO,ecmwf,temp,20260907,20261006,"00Z,12Z",D1,3h,S/D,S/D,S/D,S/D,0
472D1624,PUENTE PEREZ,HUANUCO,LEONCIO PRADO,gfs,temp,20260907,20261006,"00Z,12Z",D1,3h,S/D,S/D,S/D,S/D,0
472D1624,PUENTE PEREZ,HUANUCO,LEONCIO PRADO,eta5,temp,20260907,20261006,"00Z,12Z",D1,3h,S/D,S/D,S/D,S/D,0
472D1624,PUENTE PEREZ,HUANUCO,LEONCIO PRADO,wrf5,temp,20260907,20261006,"00Z,12Z",D1,3h,S/D,S/D,S/D,S/D,0
472D1624,PUENTE PEREZ,HUANUCO,LEONCIO PRADO,mpas15,temp,20260907,20261006,00Z,D1,3h,S/D,S/D,S/D,S/D,0
47270400,TINGO MARIA,HUANUCO,LEONCIO PRADO,ecmwf,temp,20260907,20261006,"00Z,12Z",D1,3h,-1.79,2.297,2.681,0.852,478
47270400,TINGO MARIA,HUANUCO,LEONCIO PRADO,gfs,temp,20260907,20261006,"00Z,12Z",D1,3h,-3.372,3.832,4.284,0.82,478
47270400,TINGO MARIA,HUANUCO,LEONCIO PRADO,eta5,temp,20260907,20261006,"00Z,12Z",D1,3h,0.319,1.713,2.225,0.801,387
47270400,TINGO MARIA,HUANUCO,LEONCIO PRADO,wrf5,temp,20260907,20261006,"00Z,12Z",D1,3h,-0.239,1.641,2.159,0.827,470
47270400,TINGO MARIA,HUANUCO,LEONCIO PRADO,mpas15,temp,20260907,20261006,00Z,D1,3h,-5.454,5.495,6.031,0.722,239
4727A4F8,PUERTO INCA,HUANUCO,PUERTO INCA,ecmwf,temp,20260907,20261006,"00Z,12Z",D1,3h,-0.657,1.402,1.84,0.868,478
4727A4F8,PUERTO INCA,HUANUCO,PUERTO INCA,gfs,temp,20260907,20261006,"00Z,12Z",D1,3h,-0.427,2.007,2.591,0.869,478
4727A4F8,PUERTO INCA,HUANUCO,PUERTO INCA,eta5,temp,20260907,20261006,"00Z,12Z",D1,3h,1.958,2.493,3.293,0.767,387
4727A4F8,PUERTO INCA,HUANUCO,PUERTO INCA,wrf5,temp,20260907,20261006,"00Z,12Z",D1,3h,0.156,1.518,2.145,0.858,470
4727A4F8,PUERTO INCA,HUANUCO,PUERTO INCA,mpas15,temp,20260907,20261006,00Z,D1,3h,-1.115,1.874,2.509,0.825,239
109094,PUCA PUCA,HUANUCO,YAROWILCA,ecmwf,temp,20260907,20261006,"00Z,12Z",D1,3h,-1.753,2.296,2.654,0.885,466
109094,PUCA PUCA,HUANUCO,YAROWILCA,gfs,temp,20260907,20261006,"00Z,12Z",D1,3h,-0.833,1.859,2.234,0.833,466
109094,PUCA PUCA,HUANUCO,YAROWILCA,eta5,temp,20260907,20261006,"00Z,12Z",D1,3h,-1.86,2.607,3.089,0.824,377
109094,PUCA PUCA,HUANUCO,YAROWILCA,wrf5,temp,20260907,20261006,"00Z,12Z",D1,3h,-0.332,1.568,1.908,0.888,458
109094,PUCA PUCA,HUANUCO,YAROWILCA,mpas15,temp,20260907,20261006,00Z,D1,3h,-2.35,2.583,2.973,0.896,233
4728A26A,CONTA M,ICA,CHINCHA,ecmwf,temp,20260907,20261006,"00Z,12Z",D1,3h,-0.657,1.497,1.791,0.833,448
4728A26A,CONTA M,ICA,CHINCHA,gfs,temp,20260907,20261006,"00Z,12Z",D1,3h,-0.976,1.72,2.057,0.773,448
4728A26A,CONTA M,ICA,CHINCHA,eta5,temp,20260907,20261006,"00Z,12Z",D1,3h,-0.307,1.931,2.332,0.748,364
4728A26A,CONTA M,ICA,CHINCHA,wrf5,temp,20260907,20261006,"00Z,12Z",D1,3h,-1.138,1.776,2.108,0.791,441
4728A26A,CONTA M,ICA,CHINCHA,mpas15,temp,20260907,20261006,00Z,D1,3h,-1.867,2.263,2.7,0.764,224
4728B11C,FONAGRO,ICA,CHINCHA,ecmwf,temp,20260907,20261006,"00Z,12Z",D1,3h,-1.184,1.996,2.641,0.519,476
4728B11C,FONAGRO,ICA,CHINCHA,gfs,temp,20260907,20261006,"00Z,12Z",D1,3h,-3.588,3.739,4.332,0.608,476
4728B11C,FONAGRO,ICA,CHINCHA,eta5,temp,20260907,20261006,"00Z,12Z",D1,3h,-2.133,2.462,2.888,0.813,387
4728B11C,FONAGRO,ICA,CHINCHA,wrf5,temp,20260907,20261006,"00Z,12Z",D1,3h,-1.596,1.886,2.239,0.77,468
4728B11C,FONAGRO,ICA,CHINCHA,mpas15,temp,20260907,20261006,00Z,D1,3h,-2.04,2.318,2.635,0.785,238
4728E160,SAN PEDRO DE HUACARPANA,ICA,CHINCHA,ecmwf,temp,20260907,20261006,"00Z,12Z",D1,3h,-1.665,1.965,2.448,0.888,462
4728E160,SAN PEDRO DE HUACARPANA,ICA,CHINCHA,gfs,temp,20260907,20261006,"00Z,12Z",D1,3h,1.493,1.703,1.997,0.871,462
4728E160,SAN PEDRO DE HUACARPANA,ICA,CHINCHA,eta5,temp,20260907,20261006,"00Z,12Z",D1,3h,0.298,1.743,2.172,0.869,374
4728E160,SAN PEDRO DE HUACARPANA,ICA,CHINCHA,wrf5,temp,20260907,20261006,"00Z,12Z",D1,3h,1.144,1.507,1.894,0.848,454
4728E160,SAN PEDRO DE HUACARPANA,ICA,CHINCHA,mpas15,temp,20260907,20261006,00Z,D1,3h,-0.68,1.3,1.58,0.884,231
472A446C,BETA SANTIAGO,ICA,ICA,ecmwf,temp,20260907,20261006,"00Z,12Z",D1,3h,0.549,1.512,1.953,0.887,464
472A446C,BETA SANTIAGO,ICA,ICA,gfs,temp,20260907,20261006,"00Z,12Z",D1,3h,1.066,1.919,2.487,0.848,464
472A446C,BETA SANTIAGO,ICA,ICA,eta5,temp,20260907,20261006,"00Z,12Z",D1,3h,3.358,3.84,4.655,0.874,376
472A446C,BETA SANTIAGO,ICA,ICA,wrf5,temp,20260907,20261006,"00Z,12Z",D1,3h,-1.263,2.972,3.559,0.818,456
472A446C,BETA SANTIAGO,ICA,ICA,mpas15,temp,20260907,20261006,00Z,D1,3h,-0.934,2.337,2.782,0.845,232
213503,HUAMANI EL TAMBO,ICA,ICA,ecmwf,temp,20260907,20261006,"00Z,12Z",D1,3h,-1.678,2.939,3.68,0.637,470
213503,HUAMANI EL TAMBO,ICA,ICA,gfs,temp,20260907,20261006,"00Z,12Z",D1,3h,-1.484,2.904,3.572,0.579,470
213503,HUAMANI EL TAMBO,ICA,ICA,eta5,temp,20260907,20261006,"00Z,12Z",D1,3h,1.472,2.828,3.65,0.609,379
213503,HUAMANI EL TAMBO,ICA,ICA,wrf5,temp,20260907,20261006,"00Z,12Z",D1,3h,0.569,2.386,2.865,0.63,462
213503,HUAMANI EL TAMBO,ICA,ICA,mpas15,temp,20260907,20261006,00Z,D1,3h,-1.672,2.906,3.556,0.585,235
213506,LOS MOLINOS,ICA,ICA,ecmwf,temp,20260907,20261006,"00Z,12Z",D1,3h,S/D,S/D,S/D,S/D,0
213506,LOS MOLINOS,ICA,ICA,gfs,temp,20260907,20261006,"00Z,12Z",D1,3h,S/D,S/D,S/D,S/D,0
213506,LOS MOLINOS,ICA,ICA,eta5,temp,20260907,20261006,"00Z,12Z",D1,3h,S/D,S/D,S/D,S/D,0
213506,LOS MOLINOS,ICA,ICA,wrf5,temp,20260907,20261006,"00Z,12Z",D1,3h,S/D,S/D,S/D,S/D,0
213506,LOS MOLINOS,ICA,ICA,mpas15,temp,20260907,20261006,00Z,D1,3h,S/D,S/D,S/D,S/D,0
114139,COPARA,ICA,NASCA,ecmwf,temp,20260907,20261006,"00Z,12Z",D1,3h,-1.531,2.227,3.036,0.871,188
114139,COPARA,ICA,NASCA,gfs,temp,20260907,20261006,"00Z,12Z",D1,3h,0.278,2.015,2.482,0.816,188
114139,COPARA,ICA,NASCA,eta5,temp,20260907,20261006,"00Z,12Z",D1,3h,1.678,2.214,2.713,0.856,162
114139,COPARA,ICA,NASCA,wrf5,temp,20260907,20261006,"00Z,12Z",D1,3h,0.501,1.712,2.179,0.88,183
114139,COPARA,ICA,NASCA,mpas15,temp,20260907,20261006,00Z,D1,3h,-0.806,2.441,2.923,0.796,94
114136,PALPA,ICA,PALPA,ecmwf,temp,20260907,20261006,"00Z,12Z",D1,3h,-2.341,2.635,3.07,0.899,452
114136,PALPA,ICA,PALPA,gfs,temp,20260907,20261006,"00Z,12Z",D1,3h,-1.974,2.744,3.285,0.835,452
114136,PALPA,ICA,PALPA,eta5,temp,20260907,20261006,"00Z,12Z",D1,3h,-0.261,2.079,2.593,0.886,364
114136,PALPA,ICA,PALPA,wrf5,temp,20260907,20261006,"00Z,12Z",D1,3h,-1.016,2.285,2.701,0.868,444
114136,PALPA,ICA,PALPA,mpas15,temp,20260907,20261006,00Z,D1,3h,-3.169,3.562,4.1,0.828,226
114140,PAMPA BLANCA,ICA,PALPA,ecmwf,temp,20260907,20261006,"00Z,12Z",D1,3h,-2.788,3.576,4.381,0.635,362
114140,PAMPA BLANCA,ICA,PALPA,gfs,temp,20260907,20261006,"00Z,12Z",D1,3h,-3.558,4.215,5.035,0.613,362
114140,PAMPA BLANCA,ICA,PALPA,eta5,temp,20260907,20261006,"00Z,12Z",D1,3h,-0.928,3.007,3.678,0.739,292
114140,PAMPA BLANCA,ICA,PALPA,wrf5,temp,20260907,20261006,"00Z,12Z",D1,3h,1.149,2.836,3.434,0.673,357
114140,PAMPA BLANCA,ICA,PALPA,mpas15,temp,20260907,20261006,00Z,D1,3h,-4.216,4.624,5.414,0.67,181
213403,LETRAYOC,ICA,PISCO,ecmwf,temp,20260907,20261006,"00Z,12Z",D1,3h,S/D,S/D,S/D,S/D,0
213403,LETRAYOC,ICA,PISCO,gfs,temp,20260907,20261006,"00Z,12Z",D1,3h,S/D,S/D,S/D,S/D,0
213403,LETRAYOC,ICA,PISCO,eta5,temp,20260907,20261006,"00Z,12Z",D1,3h,S/D,S/D,S/D,S/D,0
213403,LETRAYOC,ICA,PISCO,wrf5,temp,20260907,20261006,"00Z,12Z",D1,3h,S/D,S/D,S/D,S/D,0
213403,LETRAYOC,ICA,PISCO,mpas15,temp,20260907,20261006,00Z,D1,3h,S/D,S/D,S/D,S/D,0
472DF5D6,HUAYTAPALLANA,JUNIN,HUANCAYO,ecmwf,temp,20260907,20261006,"00Z,12Z",D1,3h,1.018,1.682,2.121,0.81,476
472DF5D6,HUAYTAPALLANA,JUNIN,HUANCAYO,gfs,temp,20260907,20261006,"00Z,12Z",D1,3h,2.338,2.478,2.815,0.797,476
472DF5D6,HUAYTAPALLANA,JUNIN,HUANCAYO,eta5,temp,20260907,20261006,"00Z,12Z",D1,3h,-0.013,1.523,1.898,0.835,385
472DF5D6,HUAYTAPALLANA,JUNIN,HUANCAYO,wrf5,temp,20260907,20261006,"00Z,12Z",D1,3h,-0.009,1.181,1.574,0.834,468
472DF5D6,HUAYTAPALLANA,JUNIN,HUANCAYO,mpas15,temp,20260907,20261006,00Z,D1,3h,1.408,1.711,2.143,0.826,238
111288,CHACAPALPA,JUNIN,JAUJA,ecmwf,temp,20260907,20261006,"00Z,12Z",D1,3h,-1.059,2.584,3.129,0.837,474
111288,CHACAPALPA,JUNIN,JAUJA,gfs,temp,20260907,20261006,"00Z,12Z",D1,3h,-0.482,2.332,2.919,0.788,474
111288,CHACAPALPA,JUNIN,JAUJA,eta5,temp,20260907,20261006,"00Z,12Z",D1,3h,1.348,2.486,3.312,0.808,383
111288,CHACAPALPA,JUNIN,JAUJA,wrf5,temp,20260907,20261006,"00Z,12Z",D1,3h,0.684,2.295,2.96,0.827,466
111288,CHACAPALPA,JUNIN,JAUJA,mpas15,temp,20260907,20261006,00Z,D1,3h,-2.227,3.057,3.467,0.831,237
111299,POTSOTENI,JUNIN,SATIPO,ecmwf,temp,20260907,20261006,"00Z,12Z",D1,3h,-5.376,5.407,6.145,0.838,480
111299,POTSOTENI,JUNIN,SATIPO,gfs,temp,20260907,20261006,"00Z,12Z",D1,3h,-4.186,4.539,5.195,0.821,480
111299,POTSOTENI,JUNIN,SATIPO,eta5,temp,20260907,20261006,"00Z,12Z",D1,3h,1.296,2.564,3.285,0.792,389
111299,POTSOTENI,JUNIN,SATIPO,wrf5,temp,20260907,20261006,"00Z,12Z",D1,3h,1.61,2.498,3.243,0.816,472
111299,POTSOTENI,JUNIN,SATIPO,mpas15,temp,20260907,20261006,00Z,D1,3h,-4.702,4.824,5.701,0.809,240
4725C4EA,SATIPO,JUNIN,SATIPO,ecmwf,temp,20260907,20261006,"00Z,12Z",D1,3h,-2.335,2.545,3.019,0.91,478
4725C4EA,SATIPO,JUNIN,SATIPO,gfs,temp,20260907,20261006,"00Z,12Z",D1,3h,-2.02,2.823,3.432,0.847,478
4725C4EA,SATIPO,JUNIN,SATIPO,eta5,temp,20260907,20261006,"00Z,12Z",D1,3h,2.366,2.965,3.63,0.791,388
4725C4EA,SATIPO,JUNIN,SATIPO,wrf5,temp,20260907,20261006,"00Z,12Z",D1,3h,1.633,2.358,2.995,0.836,470
4725C4EA,SATIPO,JUNIN,SATIPO,mpas15,temp,20260907,20261006,00Z,D1,3h,-3.664,3.802,4.64,0.817,239
47257764,TARMA,JUNIN,TARMA,ecmwf,temp,20260907,20261006,"00Z,12Z",D1,3h,-6.819,6.822,7.101,0.889,472
47257764,TARMA,JUNIN,TARMA,gfs,temp,20260907,20261006,"00Z,12Z",D1,3h,-5.317,5.38,5.983,0.807,472
47257764,TARMA,JUNIN,TARMA,eta5,temp,20260907,20261006,"00Z,12Z",D1,3h,-4.42,4.597,5.053,0.831,383
47257764,TARMA,JUNIN,TARMA,wrf5,temp,20260907,20261006,"00Z,12Z",D1,3h,-0.796,1.947,2.342,0.877,464
47257764,TARMA,JUNIN,TARMA,mpas15,temp,20260907,20261006,00Z,D1,3h,-6.901,6.929,7.402,0.885,236
472D9030,MARCAPOMACOCHA,JUNIN,YAULI,ecmwf,temp,20260907,20261006,"00Z,12Z",D1,3h,-2.343,2.731,3.226,0.865,480
472D9030,MARCAPOMACOCHA,JUNIN,YAULI,gfs,temp,20260907,20261006,"00Z,12Z",D1,3h,-0.587,2.008,2.569,0.825,480
472D9030,MARCAPOMACOCHA,JUNIN,YAULI,eta5,temp,20260907,20261006,"00Z,12Z",D1,3h,-0.877,1.995,2.417,0.825,389
472D9030,MARCAPOMACOCHA,JUNIN,YAULI,wrf5,temp,20260907,20261006,"00Z,12Z",D1,3h,0.276,1.82,2.339,0.855,472
472D9030,MARCAPOMACOCHA,JUNIN,YAULI,mpas15,temp,20260907,20261006,00Z,D1,3h,-2.029,2.39,2.801,0.909,240
472D30C8,CASAGRANDE,LA LIBERTAD,ASCOPE,ecmwf,temp,20260907,20261006,"00Z,12Z",D1,3h,0.845,1.129,1.496,0.917,474
472D30C8,CASAGRANDE,LA LIBERTAD,ASCOPE,gfs,temp,20260907,20261006,"00Z,12Z",D1,3h,-0.144,0.987,1.198,0.887,474
472D30C8,CASAGRANDE,LA LIBERTAD,ASCOPE,eta5,temp,20260907,20261006,"00Z,12Z",D1,3h,-0.309,1.733,2.071,0.822,383
472D30C8,CASAGRANDE,LA LIBERTAD,ASCOPE,wrf5,temp,20260907,20261006,"00Z,12Z",D1,3h,-0.314,1.417,1.718,0.84,466
472D30C8,CASAGRANDE,LA LIBERTAD,ASCOPE,mpas15,temp,20260907,20261006,00Z,D1,3h,-1.218,1.473,1.694,0.896,237
211001,SALINAR,LA LIBERTAD,ASCOPE,ecmwf,temp,20260907,20261006,"00Z,12Z",D1,3h,S/D,S/D,S/D,S/D,0
211001,SALINAR,LA LIBERTAD,ASCOPE,gfs,temp,20260907,20261006,"00Z,12Z",D1,3h,S/D,S/D,S/D,S/D,0
211001,SALINAR,LA LIBERTAD,ASCOPE,eta5,temp,20260907,20261006,"00Z,12Z",D1,3h,S/D,S/D,S/D,S/D,0
211001,SALINAR,LA LIBERTAD,ASCOPE,wrf5,temp,20260907,20261006,"00Z,12Z",D1,3h,S/D,S/D,S/D,S/D,0
211001,SALINAR,LA LIBERTAD,ASCOPE,mpas15,temp,20260907,20261006,00Z,D1,3h,S/D,S/D,S/D,S/D,0
472EA2A4,CASCAS,LA LIBERTAD,GRAN CHIMU,ecmwf,temp,20260907,20261006,"00Z,12Z",D1,3h,-2.975,3.085,3.549,0.805,480
472EA2A4,CASCAS,LA LIBERTAD,GRAN CHIMU,gfs,temp,20260907,20261006,"00Z,12Z",D1,3h,-1.126,1.953,2.446,0.714,480
472EA2A4,CASCAS,LA LIBERTAD,GRAN CHIMU,eta5,temp,20260907,20261006,"00Z,12Z",D1,3h,-0.195,1.51,1.971,0.818,389
472EA2A4,CASCAS,LA LIBERTAD,GRAN CHIMU,wrf5,temp,20260907,20261006,"00Z,12Z",D1,3h,-0.413,1.37,1.788,0.836,472
472EA2A4,CASCAS,LA LIBERTAD,GRAN CHIMU,mpas15,temp,20260907,20261006,00Z,D1,3h,-2.813,3.045,3.402,0.798,240
47E0A2A8,EL TAMBO,LA LIBERTAD,GRAN CHIMU,ecmwf,temp,20260907,20261006,"00Z,12Z",D1,3h,-6.511,6.518,7.095,0.676,478
47E0A2A8,EL TAMBO,LA LIBERTAD,GRAN CHIMU,gfs,temp,20260907,20261006,"00Z,12Z",D1,3h,-4.67,4.785,5.517,0.605,478
47E0A2A8,EL TAMBO,LA LIBERTAD,GRAN CHIMU,eta5,temp,20260907,20261006,"00Z,12Z",D1,3h,-1.532,2.122,2.546,0.839,387
47E0A2A8,EL TAMBO,LA LIBERTAD,GRAN CHIMU,wrf5,temp,20260907,20261006,"00Z,12Z",D1,3h,-1.315,2.003,2.403,0.857,470
47E0A2A8,EL TAMBO,LA LIBERTAD,GRAN CHIMU,mpas15,temp,20260907,20261006,00Z,D1,3h,-7.382,7.426,7.891,0.667,239
472D552E,LUCMA,LA LIBERTAD,GRAN CHIMU,ecmwf,temp,20260907,20261006,"00Z,12Z",D1,3h,-2.175,2.878,3.404,0.844,480
472D552E,LUCMA,LA LIBERTAD,GRAN CHIMU,gfs,temp,20260907,20261006,"00Z,12Z",D1,3h,-2.609,2.833,3.264,0.808,480
472D552E,LUCMA,LA LIBERTAD,GRAN CHIMU,eta5,temp,20260907,20261006,"00Z,12Z",D1,3h,-3.121,3.182,3.62,0.81,389
472D552E,LUCMA,LA LIBERTAD,GRAN CHIMU,wrf5,temp,20260907,20261006,"00Z,12Z",D1,3h,-2.743,2.818,3.154,0.804,472
472D552E,LUCMA,LA LIBERTAD,GRAN CHIMU,mpas15,temp,20260907,20261006,00Z,D1,3h,-3.232,3.286,3.645,0.863,240
472CC2B6,MARMOT,LA LIBERTAD,GRAN CHIMU,ecmwf,temp,20260907,20261006,"00Z,12Z",D1,3h,-0.032,1.144,1.469,0.856,480
472CC2B6,MARMOT,LA LIBERTAD,GRAN CHIMU,gfs,temp,20260907,20261006,"00Z,12Z",D1,3h,3.552,3.57,3.774,0.866,480
472CC2B6,MARMOT,LA LIBERTAD,GRAN CHIMU,eta5,temp,20260907,20261006,"00Z,12Z",D1,3h,0.548,1.504,1.881,0.808,389
472CC2B6,MARMOT,LA LIBERTAD,GRAN CHIMU,wrf5,temp,20260907,20261006,"00Z,12Z",D1,3h,-3.119,3.123,3.322,0.871,472
472CC2B6,MARMOT,LA LIBERTAD,GRAN CHIMU,mpas15,temp,20260907,20261006,00Z,D1,3h,2.104,2.236,2.682,0.823,240
472E5220,PUENTE PALMIRA,LA LIBERTAD,GRAN CHIMU,ecmwf,temp,20260907,20261006,"00Z,12Z",D1,3h,-5.419,5.446,6.049,0.663,480
472E5220,PUENTE PALMIRA,LA LIBERTAD,GRAN CHIMU,gfs,temp,20260907,20261006,"00Z,12Z",D1,3h,-3.571,3.802,4.558,0.597,480
472E5220,PUENTE PALMIRA,LA LIBERTAD,GRAN CHIMU,eta5,temp,20260907,20261006,"00Z,12Z",D1,3h,0.412,1.676,2.255,0.836,389
472E5220,PUENTE PALMIRA,LA LIBERTAD,GRAN CHIMU,wrf5,temp,20260907,20261006,"00Z,12Z",D1,3h,-0.932,1.851,2.326,0.812,472
472E5220,PUENTE PALMIRA,LA LIBERTAD,GRAN CHIMU,mpas15,temp,20260907,20261006,00Z,D1,3h,-4.888,5.021,5.516,0.712,240
472D8346,CALLANCAS,LA LIBERTAD,OTUZCO,ecmwf,temp,20260907,20261006,"00Z,12Z",D1,3h,-5.889,5.913,6.364,0.86,480
472D8346,CALLANCAS,LA LIBERTAD,OTUZCO,gfs,temp,20260907,20261006,"00Z,12Z",D1,3h,-6.323,6.324,6.691,0.777,480
472D8346,CALLANCAS,LA LIBERTAD,OTUZCO,eta5,temp,20260907,20261006,"00Z,12Z",D1,3h,-1.237,1.911,2.441,0.867,389
472D8346,CALLANCAS,LA LIBERTAD,OTUZCO,wrf5,temp,20260907,20261006,"00Z,12Z",D1,3h,0.657,1.608,2.033,0.839,472
472D8346,CALLANCAS,LA LIBERTAD,OTUZCO,mpas15,temp,20260907,20261006,00Z,D1,3h,-7.865,7.865,8.043,0.876,240
472EB1D2,CAPACHIQUE,LA LIBERTAD,OTUZCO,ecmwf,temp,20260907,20261006,"00Z,12Z",D1,3h,-2.076,2.443,2.908,0.819,480
472EB1D2,CAPACHIQUE,LA LIBERTAD,OTUZCO,gfs,temp,20260907,20261006,"00Z,12Z",D1,3h,-1.516,1.823,2.366,0.789,480
472EB1D2,CAPACHIQUE,LA LIBERTAD,OTUZCO,eta5,temp,20260907,20261006,"00Z,12Z",D1,3h,-1.745,2.302,2.887,0.803,389
472EB1D2,CAPACHIQUE,LA LIBERTAD,OTUZCO,wrf5,temp,20260907,20261006,"00Z,12Z",D1,3h,-0.034,1.235,1.616,0.801,472
472EB1D2,CAPACHIQUE,LA LIBERTAD,OTUZCO,mpas15,temp,20260907,20261006,00Z,D1,3h,-4.445,4.457,4.836,0.823,240
107131,LA FORTUNA,LA LIBERTAD,OTUZCO,ecmwf,temp,20260907,20261006,"00Z,12Z",D1,3h,3.852,3.961,4.822,0.8,478
107131,LA FORTUNA,LA LIBERTAD,OTUZCO,gfs,temp,20260907,20261006,"00Z,12Z",D1,3h,3.425,3.438,3.928,0.813,478
107131,LA FORTUNA,LA LIBERTAD,OTUZCO,eta5,temp,20260907,20261006,"00Z,12Z",D1,3h,-3.935,3.939,4.344,0.786,387
107131,LA FORTUNA,LA LIBERTAD,OTUZCO,wrf5,temp,20260907,20261006,"00Z,12Z",D1,3h,-0.131,1.396,1.794,0.736,470
107131,LA FORTUNA,LA LIBERTAD,OTUZCO,mpas15,temp,20260907,20261006,00Z,D1,3h,0.221,1.532,1.865,0.828,239
472E74CC,PUENTE COINA,LA LIBERTAD,OTUZCO,ecmwf,temp,20260907,20261006,"00Z,12Z",D1,3h,-3.896,3.972,4.446,0.885,480
472E74CC,PUENTE COINA,LA LIBERTAD,OTUZCO,gfs,temp,20260907,20261006,"00Z,12Z",D1,3h,-4.33,4.374,4.808,0.797,480
472E74CC,PUENTE COINA,LA LIBERTAD,OTUZCO,eta5,temp,20260907,20261006,"00Z,12Z",D1,3h,-5.942,5.947,6.206,0.859,389
472E74CC,PUENTE COINA,LA LIBERTAD,OTUZCO,wrf5,temp,20260907,20261006,"00Z,12Z",D1,3h,-3.179,3.62,4.126,0.692,472
472E74CC,PUENTE COINA,LA LIBERTAD,OTUZCO,mpas15,temp,20260907,20261006,00Z,D1,3h,-7.543,7.543,7.702,0.894,240
472D60B4,USQUIL,LA LIBERTAD,OTUZCO,ecmwf,temp,20260907,20261006,"00Z,12Z",D1,3h,2.384,2.77,3.413,0.794,480
472D60B4,USQUIL,LA LIBERTAD,OTUZCO,gfs,temp,20260907,20261006,"00Z,12Z",D1,3h,1.95,2.318,2.635,0.843,480
472D60B4,USQUIL,LA LIBERTAD,OTUZCO,eta5,temp,20260907,20261006,"00Z,12Z",D1,3h,0.338,1.513,1.879,0.816,389
472D60B4,USQUIL,LA LIBERTAD,OTUZCO,wrf5,temp,20260907,20261006,"00Z,12Z",D1,3h,3.116,3.441,3.787,0.843,472
472D60B4,USQUIL,LA LIBERTAD,OTUZCO,mpas15,temp,20260907,20261006,00Z,D1,3h,-3.158,3.369,3.862,0.787,240
107130,TICAPAMPA,LA LIBERTAD,SANCHEZ CARRION,ecmwf,temp,20260907,20261006,"00Z,12Z",D1,3h,-6.17,6.207,7.07,0.765,478
107130,TICAPAMPA,LA LIBERTAD,SANCHEZ CARRION,gfs,temp,20260907,20261006,"00Z,12Z",D1,3h,-5.131,5.147,5.934,0.813,478
107130,TICAPAMPA,LA LIBERTAD,SANCHEZ CARRION,eta5,temp,20260907,20261006,"00Z,12Z",D1,3h,-0.836,2.216,2.694,0.829,388
107130,TICAPAMPA,LA LIBERTAD,SANCHEZ CARRION,wrf5,temp,20260907,20261006,"00Z,12Z",D1,3h,-1.515,2.252,3.092,0.833,470
107130,TICAPAMPA,LA LIBERTAD,SANCHEZ CARRION,mpas15,temp,20260907,20261006,00Z,D1,3h,-4.541,4.564,5.129,0.88,239
4727319A,QUIRUVILCA,LA LIBERTAD,SANTIAGO DE CHUCO,ecmwf,temp,20260907,20261006,"00Z,12Z",D1,3h,-0.431,1.348,1.664,0.856,468
4727319A,QUIRUVILCA,LA LIBERTAD,SANTIAGO DE CHUCO,gfs,temp,20260907,20261006,"00Z,12Z",D1,3h,1.354,1.827,2.115,0.885,468
4727319A,QUIRUVILCA,LA LIBERTAD,SANTIAGO DE CHUCO,eta5,temp,20260907,20261006,"00Z,12Z",D1,3h,-0.68,1.369,1.701,0.881,378
4727319A,QUIRUVILCA,LA LIBERTAD,SANTIAGO DE CHUCO,wrf5,temp,20260907,20261006,"00Z,12Z",D1,3h,-0.553,1.329,1.761,0.842,460
4727319A,QUIRUVILCA,LA LIBERTAD,SANTIAGO DE CHUCO,mpas15,temp,20260907,20261006,00Z,D1,3h,0.213,1.328,1.692,0.883,234
211408,CONDORCERRO,LA LIBERTAD,VIRU,ecmwf,temp,20260907,20261006,"00Z,12Z",D1,3h,S/D,S/D,S/D,S/D,0
211408,CONDORCERRO,LA LIBERTAD,VIRU,gfs,temp,20260907,20261006,"00Z,12Z",D1,3h,S/D,S/D,S/D,S/D,0
211408,CONDORCERRO,LA LIBERTAD,VIRU,eta5,temp,20260907,20261006,"00Z,12Z",D1,3h,S/D,S/D,S/D,S/D,0
211408,CONDORCERRO,LA LIBERTAD,VIRU,wrf5,temp,20260907,20261006,"00Z,12Z",D1,3h,S/D,S/D,S/D,S/D,0
211408,CONDORCERRO,LA LIBERTAD,VIRU,mpas15,temp,20260907,20261006,00Z,D1,3h,S/D,S/D,S/D,S/D,0
47E2F720,TINAJONES,LAMBAYEQUE,CHICLAYO,ecmwf,temp,20260907,20261006,"00Z,12Z",D1,3h,-0.176,1.018,1.325,0.908,438
47E2F720,TINAJONES,LAMBAYEQUE,CHICLAYO,gfs,temp,20260907,20261006,"00Z,12Z",D1,3h,-0.045,1.006,1.332,0.911,438
47E2F720,TINAJONES,LAMBAYEQUE,CHICLAYO,eta5,temp,20260907,20261006,"00Z,12Z",D1,3h,3.309,3.374,4.113,0.913,351
47E2F720,TINAJONES,LAMBAYEQUE,CHICLAYO,wrf5,temp,20260907,20261006,"00Z,12Z",D1,3h,0.177,1.55,2.05,0.906,430
47E2F720,TINAJONES,LAMBAYEQUE,CHICLAYO,mpas15,temp,20260907,20261006,00Z,D1,3h,-1.175,1.618,1.823,0.899,219
106140,VISTA FLORIDA,LAMBAYEQUE,CHICLAYO,ecmwf,temp,20260907,20261006,"00Z,12Z",D1,3h,-0.295,1.024,1.265,0.927,480
106140,VISTA FLORIDA,LAMBAYEQUE,CHICLAYO,gfs,temp,20260907,20261006,"00Z,12Z",D1,3h,-0.936,1.268,1.497,0.92,480
106140,VISTA FLORIDA,LAMBAYEQUE,CHICLAYO,eta5,temp,20260907,20261006,"00Z,12Z",D1,3h,-0.565,1.345,1.643,0.877,389
106140,VISTA FLORIDA,LAMBAYEQUE,CHICLAYO,wrf5,temp,20260907,20261006,"00Z,12Z",D1,3h,-0.667,1.285,1.509,0.891,472
106140,VISTA FLORIDA,LAMBAYEQUE,CHICLAYO,mpas15,temp,20260907,20261006,00Z,D1,3h,-0.997,1.215,1.512,0.925,240
106138,PUCHACA,LAMBAYEQUE,FERREÑAFE,ecmwf,temp,20260907,20261006,"00Z,12Z",D1,3h,S/D,S/D,S/D,S/D,0
106138,PUCHACA,LAMBAYEQUE,FERREÑAFE,gfs,temp,20260907,20261006,"00Z,12Z",D1,3h,S/D,S/D,S/D,S/D,0
106138,PUCHACA,LAMBAYEQUE,FERREÑAFE,eta5,temp,20260907,20261006,"00Z,12Z",D1,3h,S/D,S/D,S/D,S/D,0
106138,PUCHACA,LAMBAYEQUE,FERREÑAFE,wrf5,temp,20260907,20261006,"00Z,12Z",D1,3h,S/D,S/D,S/D,S/D,0
106138,PUCHACA,LAMBAYEQUE,FERREÑAFE,mpas15,temp,20260907,20261006,00Z,D1,3h,S/D,S/D,S/D,S/D,0
4726F67E,PASABAR,LAMBAYEQUE,LAMBAYEQUE,ecmwf,temp,20260907,20261006,"00Z,12Z",D1,3h,-1.867,2.105,2.582,0.896,472
4726F67E,PASABAR,LAMBAYEQUE,LAMBAYEQUE,gfs,temp,20260907,20261006,"00Z,12Z",D1,3h,-1.992,2.294,2.688,0.911,472
4726F67E,PASABAR,LAMBAYEQUE,LAMBAYEQUE,eta5,temp,20260907,20261006,"00Z,12Z",D1,3h,1.318,2.127,2.719,0.929,384
4726F67E,PASABAR,LAMBAYEQUE,LAMBAYEQUE,wrf5,temp,20260907,20261006,"00Z,12Z",D1,3h,-0.648,1.798,2.176,0.903,465
4726F67E,PASABAR,LAMBAYEQUE,LAMBAYEQUE,mpas15,temp,20260907,20261006,00Z,D1,3h,-1.358,1.827,2.148,0.932,236
47201542,TONGORRAPE,LAMBAYEQUE,LAMBAYEQUE,ecmwf,temp,20260907,20261006,"00Z,12Z",D1,3h,-0.901,1.627,2.055,0.895,480
47201542,TONGORRAPE,LAMBAYEQUE,LAMBAYEQUE,gfs,temp,20260907,20261006,"00Z,12Z",D1,3h,-0.072,1.472,1.935,0.905,480
47201542,TONGORRAPE,LAMBAYEQUE,LAMBAYEQUE,eta5,temp,20260907,20261006,"00Z,12Z",D1,3h,0.796,1.763,2.328,0.899,389
47201542,TONGORRAPE,LAMBAYEQUE,LAMBAYEQUE,wrf5,temp,20260907,20261006,"00Z,12Z",D1,3h,-0.058,1.582,2.004,0.901,472
47201542,TONGORRAPE,LAMBAYEQUE,LAMBAYEQUE,mpas15,temp,20260907,20261006,00Z,D1,3h,-1.0,1.585,1.919,0.899,240
4725F170,HUAROS,LIMA,CANTA,ecmwf,temp,20260907,20261006,"00Z,12Z",D1,3h,-4.928,4.987,5.45,0.75,476
4725F170,HUAROS,LIMA,CANTA,gfs,temp,20260907,20261006,"00Z,12Z",D1,3h,-4.741,4.751,5.093,0.724,476
4725F170,HUAROS,LIMA,CANTA,eta5,temp,20260907,20261006,"00Z,12Z",D1,3h,-3.173,3.433,4.036,0.783,386
4725F170,HUAROS,LIMA,CANTA,wrf5,temp,20260907,20261006,"00Z,12Z",D1,3h,-1.527,1.852,2.228,0.829,468
4725F170,HUAROS,LIMA,CANTA,mpas15,temp,20260907,20261006,00Z,D1,3h,-5.142,5.161,5.497,0.811,238
113249,CAÑETE,LIMA,CAÑETE,ecmwf,temp,20260907,20261006,"00Z,12Z",D1,3h,-1.973,2.33,2.69,0.803,478
113249,CAÑETE,LIMA,CAÑETE,gfs,temp,20260907,20261006,"00Z,12Z",D1,3h,-1.972,2.287,2.649,0.754,478
113249,CAÑETE,LIMA,CAÑETE,eta5,temp,20260907,20261006,"00Z,12Z",D1,3h,-1.462,2.748,3.098,0.782,388
113249,CAÑETE,LIMA,CAÑETE,wrf5,temp,20260907,20261006,"00Z,12Z",D1,3h,-0.559,1.486,1.803,0.745,470
113249,CAÑETE,LIMA,CAÑETE,mpas15,temp,20260907,20261006,00Z,D1,3h,-1.692,2.066,2.602,0.393,239
212900,LA CAPILLA SENAMHI,LIMA,CAÑETE,ecmwf,temp,20260907,20261006,"00Z,12Z",D1,3h,S/D,S/D,S/D,S/D,0
212900,LA CAPILLA SENAMHI,LIMA,CAÑETE,gfs,temp,20260907,20261006,"00Z,12Z",D1,3h,S/D,S/D,S/D,S/D,0
212900,LA CAPILLA SENAMHI,LIMA,CAÑETE,eta5,temp,20260907,20261006,"00Z,12Z",D1,3h,S/D,S/D,S/D,S/D,0
212900,LA CAPILLA SENAMHI,LIMA,CAÑETE,wrf5,temp,20260907,20261006,"00Z,12Z",D1,3h,S/D,S/D,S/D,S/D,0
212900,LA CAPILLA SENAMHI,LIMA,CAÑETE,mpas15,temp,20260907,20261006,00Z,D1,3h,S/D,S/D,S/D,S/D,0
472191AC,SOCSI,LIMA,CAÑETE,ecmwf,temp,20260907,20261006,"00Z,12Z",D1,3h,S/D,S/D,S/D,S/D,0
472191AC,SOCSI,LIMA,CAÑETE,gfs,temp,20260907,20261006,"00Z,12Z",D1,3h,S/D,S/D,S/D,S/D,0
472191AC,SOCSI,LIMA,CAÑETE,eta5,temp,20260907,20261006,"00Z,12Z",D1,3h,S/D,S/D,S/D,S/D,0
472191AC,SOCSI,LIMA,CAÑETE,wrf5,temp,20260907,20261006,"00Z,12Z",D1,3h,S/D,S/D,S/D,S/D,0
472191AC,SOCSI,LIMA,CAÑETE,mpas15,temp,20260907,20261006,00Z,D1,3h,S/D,S/D,S/D,S/D,0
47E323B2,CARAC,LIMA,HUARAL,ecmwf,temp,20260907,20261006,"00Z,12Z",D1,3h,-2.939,3.007,3.636,0.893,198
47E323B2,CARAC,LIMA,HUARAL,gfs,temp,20260907,20261006,"00Z,12Z",D1,3h,-3.247,3.367,4.283,0.807,198
47E323B2,CARAC,LIMA,HUARAL,eta5,temp,20260907,20261006,"00Z,12Z",D1,3h,-1.788,2.142,2.587,0.826,139
47E323B2,CARAC,LIMA,HUARAL,wrf5,temp,20260907,20261006,"00Z,12Z",D1,3h,-1.525,2.594,3.34,0.782,198
47E323B2,CARAC,LIMA,HUARAL,mpas15,temp,20260907,20261006,00Z,D1,3h,-6.103,6.103,6.618,0.839,99
47E2323E,CUCHUANCA,LIMA,HUARAL,ecmwf,temp,20260907,20261006,"00Z,12Z",D1,3h,S/D,S/D,S/D,S/D,0
47E2323E,CUCHUANCA,LIMA,HUARAL,gfs,temp,20260907,20261006,"00Z,12Z",D1,3h,S/D,S/D,S/D,S/D,0
47E2323E,CUCHUANCA,LIMA,HUARAL,eta5,temp,20260907,20261006,"00Z,12Z",D1,3h,S/D,S/D,S/D,S/D,0
47E2323E,CUCHUANCA,LIMA,HUARAL,wrf5,temp,20260907,20261006,"00Z,12Z",D1,3h,S/D,S/D,S/D,S/D,0
47E2323E,CUCHUANCA,LIMA,HUARAL,mpas15,temp,20260907,20261006,00Z,D1,3h,S/D,S/D,S/D,S/D,0
47E330C4,SANTA CRUZ,LIMA,HUARAL,ecmwf,temp,20260907,20261006,"00Z,12Z",D1,3h,1.041,2.399,2.847,0.812,476
47E330C4,SANTA CRUZ,LIMA,HUARAL,gfs,temp,20260907,20261006,"00Z,12Z",D1,3h,0.466,0.904,1.11,0.856,476
47E330C4,SANTA CRUZ,LIMA,HUARAL,eta5,temp,20260907,20261006,"00Z,12Z",D1,3h,0.295,2.304,2.701,0.781,386
47E330C4,SANTA CRUZ,LIMA,HUARAL,wrf5,temp,20260907,20261006,"00Z,12Z",D1,3h,-1.276,1.475,1.741,0.831,468
47E330C4,SANTA CRUZ,LIMA,HUARAL,mpas15,temp,20260907,20261006,00Z,D1,3h,-5.369,5.369,5.721,0.797,238
47E214D2,SANTO DOMINGO,LIMA,HUARAL,ecmwf,temp,20260907,20261006,"00Z,12Z",D1,3h,-0.784,2.247,2.711,0.423,476
47E214D2,SANTO DOMINGO,LIMA,HUARAL,gfs,temp,20260907,20261006,"00Z,12Z",D1,3h,-0.788,2.169,2.615,0.47,476
47E214D2,SANTO DOMINGO,LIMA,HUARAL,eta5,temp,20260907,20261006,"00Z,12Z",D1,3h,2.758,3.209,4.163,0.642,386
47E214D2,SANTO DOMINGO,LIMA,HUARAL,wrf5,temp,20260907,20261006,"00Z,12Z",D1,3h,0.132,1.952,2.436,0.637,468
47E214D2,SANTO DOMINGO,LIMA,HUARAL,mpas15,temp,20260907,20261006,00Z,D1,3h,-1.213,2.247,2.626,0.597,238
47E257D8,VICHAYCOCHA,LIMA,HUARAL,ecmwf,temp,20260907,20261006,"00Z,12Z",D1,3h,S/D,S/D,S/D,S/D,0
47E257D8,VICHAYCOCHA,LIMA,HUARAL,gfs,temp,20260907,20261006,"00Z,12Z",D1,3h,S/D,S/D,S/D,S/D,0
47E257D8,VICHAYCOCHA,LIMA,HUARAL,eta5,temp,20260907,20261006,"00Z,12Z",D1,3h,S/D,S/D,S/D,S/D,0
47E257D8,VICHAYCOCHA,LIMA,HUARAL,wrf5,temp,20260907,20261006,"00Z,12Z",D1,3h,S/D,S/D,S/D,S/D,0
47E257D8,VICHAYCOCHA,LIMA,HUARAL,mpas15,temp,20260907,20261006,00Z,D1,3h,S/D,S/D,S/D,S/D,0
472D73C2,CASAPALCA,LIMA,HUAROCHIRI,ecmwf,temp,20260907,20261006,"00Z,12Z",D1,3h,-0.707,1.334,1.73,0.931,480
472D73C2,CASAPALCA,LIMA,HUAROCHIRI,gfs,temp,20260907,20261006,"00Z,12Z",D1,3h,-0.626,1.884,2.286,0.852,480
472D73C2,CASAPALCA,LIMA,HUAROCHIRI,eta5,temp,20260907,20261006,"00Z,12Z",D1,3h,-2.237,2.614,3.141,0.817,389
472D73C2,CASAPALCA,LIMA,HUAROCHIRI,wrf5,temp,20260907,20261006,"00Z,12Z",D1,3h,-2.136,2.478,2.992,0.835,472
472D73C2,CASAPALCA,LIMA,HUAROCHIRI,mpas15,temp,20260907,20261006,00Z,D1,3h,-3.358,3.439,3.933,0.88,240
472CE45A,MATUCANA,LIMA,HUAROCHIRI,ecmwf,temp,20260907,20261006,"00Z,12Z",D1,3h,-9.813,9.813,10.1,0.77,480
472CE45A,MATUCANA,LIMA,HUAROCHIRI,gfs,temp,20260907,20261006,"00Z,12Z",D1,3h,-7.09,7.09,7.559,0.816,480
472CE45A,MATUCANA,LIMA,HUAROCHIRI,eta5,temp,20260907,20261006,"00Z,12Z",D1,3h,-6.032,6.032,6.301,0.858,389
472CE45A,MATUCANA,LIMA,HUAROCHIRI,wrf5,temp,20260907,20261006,"00Z,12Z",D1,3h,-1.806,2.664,3.238,0.759,472
472CE45A,MATUCANA,LIMA,HUAROCHIRI,mpas15,temp,20260907,20261006,00Z,D1,3h,-12.011,12.011,12.199,0.867,240
212700,PUENTE ANTAPUCRO,LIMA,HUAROCHIRI,ecmwf,temp,20260907,20261006,"00Z,12Z",D1,3h,S/D,S/D,S/D,S/D,0
212700,PUENTE ANTAPUCRO,LIMA,HUAROCHIRI,gfs,temp,20260907,20261006,"00Z,12Z",D1,3h,S/D,S/D,S/D,S/D,0
212700,PUENTE ANTAPUCRO,LIMA,HUAROCHIRI,eta5,temp,20260907,20261006,"00Z,12Z",D1,3h,S/D,S/D,S/D,S/D,0
212700,PUENTE ANTAPUCRO,LIMA,HUAROCHIRI,wrf5,temp,20260907,20261006,"00Z,12Z",D1,3h,S/D,S/D,S/D,S/D,0
212700,PUENTE ANTAPUCRO,LIMA,HUAROCHIRI,mpas15,temp,20260907,20261006,00Z,D1,3h,S/D,S/D,S/D,S/D,0
212605,SAN MATEO ,LIMA,HUAROCHIRI,ecmwf,temp,20260907,20261006,"00Z,12Z",D1,3h,S/D,S/D,S/D,S/D,0
212605,SAN MATEO ,LIMA,HUAROCHIRI,gfs,temp,20260907,20261006,"00Z,12Z",D1,3h,S/D,S/D,S/D,S/D,0
212605,SAN MATEO ,LIMA,HUAROCHIRI,eta5,temp,20260907,20261006,"00Z,12Z",D1,3h,S/D,S/D,S/D,S/D,0
212605,SAN MATEO ,LIMA,HUAROCHIRI,wrf5,temp,20260907,20261006,"00Z,12Z",D1,3h,S/D,S/D,S/D,S/D,0
212605,SAN MATEO ,LIMA,HUAROCHIRI,mpas15,temp,20260907,20261006,00Z,D1,3h,S/D,S/D,S/D,S/D,0
472EC742,SAN MATEO DE OTAO,LIMA,HUAROCHIRI,ecmwf,temp,20260907,20261006,"00Z,12Z",D1,3h,-3.716,3.739,4.194,0.781,480
472EC742,SAN MATEO DE OTAO,LIMA,HUAROCHIRI,gfs,temp,20260907,20261006,"00Z,12Z",D1,3h,-0.993,1.403,1.891,0.846,480
472EC742,SAN MATEO DE OTAO,LIMA,HUAROCHIRI,eta5,temp,20260907,20261006,"00Z,12Z",D1,3h,2.406,2.498,2.923,0.827,389
472EC742,SAN MATEO DE OTAO,LIMA,HUAROCHIRI,wrf5,temp,20260907,20261006,"00Z,12Z",D1,3h,3.039,3.271,3.781,0.739,472
472EC742,SAN MATEO DE OTAO,LIMA,HUAROCHIRI,mpas15,temp,20260907,20261006,00Z,D1,3h,4.795,4.8,5.152,0.826,240
472E24B0,SANTA EULALIA,LIMA,HUAROCHIRI,ecmwf,temp,20260907,20261006,"00Z,12Z",D1,3h,S/D,S/D,S/D,S/D,0
472E24B0,SANTA EULALIA,LIMA,HUAROCHIRI,gfs,temp,20260907,20261006,"00Z,12Z",D1,3h,S/D,S/D,S/D,S/D,0
472E24B0,SANTA EULALIA,LIMA,HUAROCHIRI,eta5,temp,20260907,20261006,"00Z,12Z",D1,3h,S/D,S/D,S/D,S/D,0
472E24B0,SANTA EULALIA,LIMA,HUAROCHIRI,wrf5,temp,20260907,20261006,"00Z,12Z",D1,3h,S/D,S/D,S/D,S/D,0
472E24B0,SANTA EULALIA,LIMA,HUAROCHIRI,mpas15,temp,20260907,20261006,00Z,D1,3h,S/D,S/D,S/D,S/D,0
472CA750,SANTIAGO DE TUNA,LIMA,HUAROCHIRI,ecmwf,temp,20260907,20261006,"00Z,12Z",D1,3h,0.769,1.683,2.058,0.869,480
472CA750,SANTIAGO DE TUNA,LIMA,HUAROCHIRI,gfs,temp,20260907,20261006,"00Z,12Z",D1,3h,0.605,2.146,2.441,0.868,480
472CA750,SANTIAGO DE TUNA,LIMA,HUAROCHIRI,eta5,temp,20260907,20261006,"00Z,12Z",D1,3h,-3.368,3.472,3.924,0.817,389
472CA750,SANTIAGO DE TUNA,LIMA,HUAROCHIRI,wrf5,temp,20260907,20261006,"00Z,12Z",D1,3h,-0.424,2.597,2.874,0.804,472
472CA750,SANTIAGO DE TUNA,LIMA,HUAROCHIRI,mpas15,temp,20260907,20261006,00Z,D1,3h,-1.254,2.12,2.651,0.865,240
4724966C,SAYAN,LIMA,HUAURA,ecmwf,temp,20260907,20261006,"00Z,12Z",D1,3h,-1.235,1.641,2.033,0.881,478
4724966C,SAYAN,LIMA,HUAURA,gfs,temp,20260907,20261006,"00Z,12Z",D1,3h,-1.055,1.477,1.84,0.875,478
4724966C,SAYAN,LIMA,HUAURA,eta5,temp,20260907,20261006,"00Z,12Z",D1,3h,1.009,1.859,2.354,0.793,388
4724966C,SAYAN,LIMA,HUAURA,wrf5,temp,20260907,20261006,"00Z,12Z",D1,3h,-0.331,1.536,1.867,0.863,470
4724966C,SAYAN,LIMA,HUAURA,mpas15,temp,20260907,20261006,00Z,D1,3h,-3.67,3.814,4.454,0.732,239
212500,AGUA AZUL BOCATOMA,LIMA,LIMA,ecmwf,temp,20260907,20261006,"00Z,12Z",D1,3h,S/D,S/D,S/D,S/D,0
212500,AGUA AZUL BOCATOMA,LIMA,LIMA,gfs,temp,20260907,20261006,"00Z,12Z",D1,3h,S/D,S/D,S/D,S/D,0
212500,AGUA AZUL BOCATOMA,LIMA,LIMA,eta5,temp,20260907,20261006,"00Z,12Z",D1,3h,S/D,S/D,S/D,S/D,0
212500,AGUA AZUL BOCATOMA,LIMA,LIMA,wrf5,temp,20260907,20261006,"00Z,12Z",D1,3h,S/D,S/D,S/D,S/D,0
212500,AGUA AZUL BOCATOMA,LIMA,LIMA,mpas15,temp,20260907,20261006,00Z,D1,3h,S/D,S/D,S/D,S/D,0
472A218A,ANTONIO RAYMONDI,LIMA,LIMA,ecmwf,temp,20260907,20261006,"00Z,12Z",D1,3h,-2.302,2.416,3.103,0.217,476
472A218A,ANTONIO RAYMONDI,LIMA,LIMA,gfs,temp,20260907,20261006,"00Z,12Z",D1,3h,-3.987,3.988,4.319,0.762,476
472A218A,ANTONIO RAYMONDI,LIMA,LIMA,eta5,temp,20260907,20261006,"00Z,12Z",D1,3h,-3.49,3.513,3.825,0.812,386
472A218A,ANTONIO RAYMONDI,LIMA,LIMA,wrf5,temp,20260907,20261006,"00Z,12Z",D1,3h,-1.614,1.75,2.057,0.799,468
472A218A,ANTONIO RAYMONDI,LIMA,LIMA,mpas15,temp,20260907,20261006,00Z,D1,3h,-2.794,2.815,3.04,0.819,238
112181,CAMPO DE MARTE,LIMA,LIMA,ecmwf,temp,20260907,20261006,"00Z,12Z",D1,3h,-1.031,1.476,1.709,0.89,456
112181,CAMPO DE MARTE,LIMA,LIMA,gfs,temp,20260907,20261006,"00Z,12Z",D1,3h,-2.257,2.26,2.454,0.873,456
112181,CAMPO DE MARTE,LIMA,LIMA,eta5,temp,20260907,20261006,"00Z,12Z",D1,3h,-2.574,2.714,3.053,0.817,369
112181,CAMPO DE MARTE,LIMA,LIMA,wrf5,temp,20260907,20261006,"00Z,12Z",D1,3h,-0.443,0.93,1.161,0.812,448
112181,CAMPO DE MARTE,LIMA,LIMA,mpas15,temp,20260907,20261006,00Z,D1,3h,-1.747,1.811,2.283,0.733,228
111286,CARABAYLLO,LIMA,LIMA,ecmwf,temp,20260907,20261006,"00Z,12Z",D1,3h,-1.79,1.948,2.168,0.897,478
111286,CARABAYLLO,LIMA,LIMA,gfs,temp,20260907,20261006,"00Z,12Z",D1,3h,-3.038,3.038,3.276,0.891,478
111286,CARABAYLLO,LIMA,LIMA,eta5,temp,20260907,20261006,"00Z,12Z",D1,3h,-3.169,3.32,3.74,0.876,388
111286,CARABAYLLO,LIMA,LIMA,wrf5,temp,20260907,20261006,"00Z,12Z",D1,3h,-1.681,1.876,2.118,0.871,470
111286,CARABAYLLO,LIMA,LIMA,mpas15,temp,20260907,20261006,00Z,D1,3h,-2.082,2.134,2.455,0.886,239
112278,CERES,LIMA,LIMA,ecmwf,temp,20260907,20261006,"00Z,12Z",D1,3h,-0.794,1.264,1.448,0.899,396
112278,CERES,LIMA,LIMA,gfs,temp,20260907,20261006,"00Z,12Z",D1,3h,-2.041,2.045,2.315,0.885,396
112278,CERES,LIMA,LIMA,eta5,temp,20260907,20261006,"00Z,12Z",D1,3h,-2.608,2.871,3.291,0.867,347
112278,CERES,LIMA,LIMA,wrf5,temp,20260907,20261006,"00Z,12Z",D1,3h,-0.203,0.984,1.254,0.861,388
112278,CERES,LIMA,LIMA,mpas15,temp,20260907,20261006,00Z,D1,3h,-1.366,1.441,1.669,0.899,198
47278214,CHOSICA,LIMA,LIMA,ecmwf,temp,20260907,20261006,"00Z,12Z",D1,3h,S/D,S/D,S/D,S/D,0
47278214,CHOSICA,LIMA,LIMA,gfs,temp,20260907,20261006,"00Z,12Z",D1,3h,S/D,S/D,S/D,S/D,0
47278214,CHOSICA,LIMA,LIMA,eta5,temp,20260907,20261006,"00Z,12Z",D1,3h,S/D,S/D,S/D,S/D,0
47278214,CHOSICA,LIMA,LIMA,wrf5,temp,20260907,20261006,"00Z,12Z",D1,3h,S/D,S/D,S/D,S/D,0
47278214,CHOSICA,LIMA,LIMA,mpas15,temp,20260907,20261006,00Z,D1,3h,S/D,S/D,S/D,S/D,0
112281,LAS PALMAS,LIMA,LIMA,ecmwf,temp,20260907,20261006,"00Z,12Z",D1,3h,-1.866,1.895,2.42,0.67,480
112281,LAS PALMAS,LIMA,LIMA,gfs,temp,20260907,20261006,"00Z,12Z",D1,3h,-3.586,3.586,3.933,0.697,480
112281,LAS PALMAS,LIMA,LIMA,eta5,temp,20260907,20261006,"00Z,12Z",D1,3h,-2.596,2.671,2.969,0.797,389
112281,LAS PALMAS,LIMA,LIMA,wrf5,temp,20260907,20261006,"00Z,12Z",D1,3h,-0.373,0.962,1.237,0.776,472
112281,LAS PALMAS,LIMA,LIMA,mpas15,temp,20260907,20261006,00Z,D1,3h,-2.225,2.334,3.23,-0.209,240
112193,SAN BORJA,LIMA,LIMA,ecmwf,temp,20260907,20261006,"00Z,12Z",D1,3h,-1.3,1.694,1.928,0.886,450
112193,SAN BORJA,LIMA,LIMA,gfs,temp,20260907,20261006,"00Z,12Z",D1,3h,-2.496,2.499,2.644,0.88,450
112193,SAN BORJA,LIMA,LIMA,eta5,temp,20260907,20261006,"00Z,12Z",D1,3h,-3.247,3.306,3.656,0.83,366
112193,SAN BORJA,LIMA,LIMA,wrf5,temp,20260907,20261006,"00Z,12Z",D1,3h,-0.451,0.959,1.181,0.767,444
112193,SAN BORJA,LIMA,LIMA,mpas15,temp,20260907,20261006,00Z,D1,3h,-1.925,1.955,2.365,0.722,225
112267,SAN JUAN DE LURIGANCHO,LIMA,LIMA,ecmwf,temp,20260907,20261006,"00Z,12Z",D1,3h,-0.99,1.515,1.716,0.886,442
112267,SAN JUAN DE LURIGANCHO,LIMA,LIMA,gfs,temp,20260907,20261006,"00Z,12Z",D1,3h,-2.196,2.205,2.395,0.889,442
112267,SAN JUAN DE LURIGANCHO,LIMA,LIMA,eta5,temp,20260907,20261006,"00Z,12Z",D1,3h,-2.981,3.168,3.611,0.854,356
112267,SAN JUAN DE LURIGANCHO,LIMA,LIMA,wrf5,temp,20260907,20261006,"00Z,12Z",D1,3h,-1.578,1.842,2.072,0.832,434
112267,SAN JUAN DE LURIGANCHO,LIMA,LIMA,mpas15,temp,20260907,20261006,00Z,D1,3h,-1.713,1.755,2.288,0.784,221
112265,SAN MARTIN DE PORRES,LIMA,LIMA,ecmwf,temp,20260907,20261006,"00Z,12Z",D1,3h,-1.932,2.211,2.553,0.884,434
112265,SAN MARTIN DE PORRES,LIMA,LIMA,gfs,temp,20260907,20261006,"00Z,12Z",D1,3h,-3.165,3.165,3.291,0.87,434
112265,SAN MARTIN DE PORRES,LIMA,LIMA,eta5,temp,20260907,20261006,"00Z,12Z",D1,3h,-3.353,3.361,3.732,0.786,352
112265,SAN MARTIN DE PORRES,LIMA,LIMA,wrf5,temp,20260907,20261006,"00Z,12Z",D1,3h,-0.889,1.119,1.32,0.806,427
112265,SAN MARTIN DE PORRES,LIMA,LIMA,mpas15,temp,20260907,20261006,00Z,D1,3h,-2.685,2.685,2.879,0.753,217
112208,SANTA ANITA,LIMA,LIMA,ecmwf,temp,20260907,20261006,"00Z,12Z",D1,3h,-0.327,1.237,1.469,0.89,478
112208,SANTA ANITA,LIMA,LIMA,gfs,temp,20260907,20261006,"00Z,12Z",D1,3h,-1.562,1.603,1.804,0.89,478
112208,SANTA ANITA,LIMA,LIMA,eta5,temp,20260907,20261006,"00Z,12Z",D1,3h,-2.129,2.644,3.091,0.847,388
112208,SANTA ANITA,LIMA,LIMA,wrf5,temp,20260907,20261006,"00Z,12Z",D1,3h,0.024,0.899,1.191,0.833,470
112208,SANTA ANITA,LIMA,LIMA,mpas15,temp,20260907,20261006,00Z,D1,3h,-1.041,1.254,1.778,0.769,239
472AC278,VON HUMBOLDT,LIMA,LIMA,ecmwf,temp,20260907,20261006,"00Z,12Z",D1,3h,-0.502,1.143,1.35,0.895,444
472AC278,VON HUMBOLDT,LIMA,LIMA,gfs,temp,20260907,20261006,"00Z,12Z",D1,3h,-1.726,1.83,2.197,0.866,444
472AC278,VON HUMBOLDT,LIMA,LIMA,eta5,temp,20260907,20261006,"00Z,12Z",D1,3h,-2.591,2.767,3.177,0.863,360
472AC278,VON HUMBOLDT,LIMA,LIMA,wrf5,temp,20260907,20261006,"00Z,12Z",D1,3h,-0.258,1.077,1.369,0.853,436
472AC278,VON HUMBOLDT,LIMA,LIMA,mpas15,temp,20260907,20261006,00Z,D1,3h,-1.062,1.332,1.625,0.874,222
111290,ÑAÑA,LIMA,LIMA,ecmwf,temp,20260907,20261006,"00Z,12Z",D1,3h,-0.348,1.447,1.759,0.777,480
111290,ÑAÑA,LIMA,LIMA,gfs,temp,20260907,20261006,"00Z,12Z",D1,3h,-0.498,1.562,1.889,0.743,480
111290,ÑAÑA,LIMA,LIMA,eta5,temp,20260907,20261006,"00Z,12Z",D1,3h,0.587,2.318,2.809,0.772,389
111290,ÑAÑA,LIMA,LIMA,wrf5,temp,20260907,20261006,"00Z,12Z",D1,3h,-1.069,1.632,1.932,0.855,472
111290,ÑAÑA,LIMA,LIMA,mpas15,temp,20260907,20261006,00Z,D1,3h,0.209,0.816,1.047,0.912,240
110139,PICOY,LIMA,OYON,ecmwf,temp,20260907,20261006,"00Z,12Z",D1,3h,S/D,S/D,S/D,S/D,0
110139,PICOY,LIMA,OYON,gfs,temp,20260907,20261006,"00Z,12Z",D1,3h,S/D,S/D,S/D,S/D,0
110139,PICOY,LIMA,OYON,eta5,temp,20260907,20261006,"00Z,12Z",D1,3h,S/D,S/D,S/D,S/D,0
110139,PICOY,LIMA,OYON,wrf5,temp,20260907,20261006,"00Z,12Z",D1,3h,S/D,S/D,S/D,S/D,0
110139,PICOY,LIMA,OYON,mpas15,temp,20260907,20261006,00Z,D1,3h,S/D,S/D,S/D,S/D,0
472364DC,CARANIA,LIMA,YAUYOS,ecmwf,temp,20260907,20261006,"00Z,12Z",D1,3h,S/D,S/D,S/D,S/D,0
472364DC,CARANIA,LIMA,YAUYOS,gfs,temp,20260907,20261006,"00Z,12Z",D1,3h,S/D,S/D,S/D,S/D,0
472364DC,CARANIA,LIMA,YAUYOS,eta5,temp,20260907,20261006,"00Z,12Z",D1,3h,S/D,S/D,S/D,S/D,0
472364DC,CARANIA,LIMA,YAUYOS,wrf5,temp,20260907,20261006,"00Z,12Z",D1,3h,S/D,S/D,S/D,S/D,0
472364DC,CARANIA,LIMA,YAUYOS,mpas15,temp,20260907,20261006,00Z,D1,3h,S/D,S/D,S/D,S/D,0
104112,SAN REGIS,LORETO,LORETO,ecmwf,temp,20260907,20261006,"00Z,12Z",D1,3h,-0.127,1.308,1.856,0.87,352
104112,SAN REGIS,LORETO,LORETO,gfs,temp,20260907,20261006,"00Z,12Z",D1,3h,0.606,2.18,2.916,0.8,352
104112,SAN REGIS,LORETO,LORETO,eta5,temp,20260907,20261006,"00Z,12Z",D1,3h,2.421,2.653,3.329,0.821,289
104112,SAN REGIS,LORETO,LORETO,wrf5,temp,20260907,20261006,"00Z,12Z",D1,3h,1.201,1.903,2.392,0.841,345
104112,SAN REGIS,LORETO,LORETO,mpas15,temp,20260907,20261006,00Z,D1,3h,-0.151,1.375,1.878,0.867,176
4727547C,CABALLOCOCHA,LORETO,MARISCAL RAMON CASTILLA,ecmwf,temp,20260907,20261006,"00Z,12Z",D1,3h,-0.738,1.437,1.977,0.842,476
4727547C,CABALLOCOCHA,LORETO,MARISCAL RAMON CASTILLA,gfs,temp,20260907,20261006,"00Z,12Z",D1,3h,-0.119,2.336,2.967,0.786,476
4727547C,CABALLOCOCHA,LORETO,MARISCAL RAMON CASTILLA,eta5,temp,20260907,20261006,"00Z,12Z",D1,3h,1.665,2.342,3.157,0.765,385
4727547C,CABALLOCOCHA,LORETO,MARISCAL RAMON CASTILLA,wrf5,temp,20260907,20261006,"00Z,12Z",D1,3h,0.991,2.004,2.62,0.806,468
4727547C,CABALLOCOCHA,LORETO,MARISCAL RAMON CASTILLA,mpas15,temp,20260907,20261006,00Z,D1,3h,-0.516,1.468,1.949,0.808,238
47288486,PEBAS,LORETO,MARISCAL RAMON CASTILLA,ecmwf,temp,20260907,20261006,"00Z,12Z",D1,3h,S/D,S/D,S/D,S/D,0
47288486,PEBAS,LORETO,MARISCAL RAMON CASTILLA,gfs,temp,20260907,20261006,"00Z,12Z",D1,3h,S/D,S/D,S/D,S/D,0
47288486,PEBAS,LORETO,MARISCAL RAMON CASTILLA,eta5,temp,20260907,20261006,"00Z,12Z",D1,3h,S/D,S/D,S/D,S/D,0
47288486,PEBAS,LORETO,MARISCAL RAMON CASTILLA,wrf5,temp,20260907,20261006,"00Z,12Z",D1,3h,S/D,S/D,S/D,S/D,0
47288486,PEBAS,LORETO,MARISCAL RAMON CASTILLA,mpas15,temp,20260907,20261006,00Z,D1,3h,S/D,S/D,S/D,S/D,0
103065,AMAZONAS,LORETO,MAYNAS,ecmwf,temp,20260907,20261006,"00Z,12Z",D1,3h,0.208,1.473,1.996,0.827,476
103065,AMAZONAS,LORETO,MAYNAS,gfs,temp,20260907,20261006,"00Z,12Z",D1,3h,0.529,2.308,3.172,0.752,476
103065,AMAZONAS,LORETO,MAYNAS,eta5,temp,20260907,20261006,"00Z,12Z",D1,3h,2.859,3.131,3.98,0.743,387
103065,AMAZONAS,LORETO,MAYNAS,wrf5,temp,20260907,20261006,"00Z,12Z",D1,3h,1.499,2.275,2.971,0.782,468
103065,AMAZONAS,LORETO,MAYNAS,mpas15,temp,20260907,20261006,00Z,D1,3h,-0.832,2.211,3.0,0.703,238
47252718,ENAPU PERU,LORETO,MAYNAS,ecmwf,temp,20260907,20261006,"00Z,12Z",D1,3h,-0.639,1.332,1.814,0.82,476
47252718,ENAPU PERU,LORETO,MAYNAS,gfs,temp,20260907,20261006,"00Z,12Z",D1,3h,-0.275,2.744,3.392,0.75,476
47252718,ENAPU PERU,LORETO,MAYNAS,eta5,temp,20260907,20261006,"00Z,12Z",D1,3h,2.001,2.755,3.597,0.712,387
47252718,ENAPU PERU,LORETO,MAYNAS,wrf5,temp,20260907,20261006,"00Z,12Z",D1,3h,0.551,2.228,2.839,0.747,468
47252718,ENAPU PERU,LORETO,MAYNAS,mpas15,temp,20260907,20261006,00Z,D1,3h,-1.527,1.989,2.607,0.722,238
47287402,CONTAMANA,LORETO,UCAYALI,ecmwf,temp,20260907,20261006,"00Z,12Z",D1,3h,-1.703,2.039,2.488,0.901,474
47287402,CONTAMANA,LORETO,UCAYALI,gfs,temp,20260907,20261006,"00Z,12Z",D1,3h,-0.778,2.361,2.956,0.865,474
47287402,CONTAMANA,LORETO,UCAYALI,eta5,temp,20260907,20261006,"00Z,12Z",D1,3h,1.233,1.954,2.696,0.823,386
47287402,CONTAMANA,LORETO,UCAYALI,wrf5,temp,20260907,20261006,"00Z,12Z",D1,3h,0.187,1.809,2.422,0.842,466
47287402,CONTAMANA,LORETO,UCAYALI,mpas15,temp,20260907,20261006,00Z,D1,3h,-1.923,2.161,2.579,0.907,237
47E8201A,SALVACION,MADRE DE DIOS,MANU,ecmwf,temp,20260907,20261006,"00Z,12Z",D1,3h,-0.859,1.871,2.363,0.81,480
47E8201A,SALVACION,MADRE DE DIOS,MANU,gfs,temp,20260907,20261006,"00Z,12Z",D1,3h,0.323,2.724,3.458,0.731,480
47E8201A,SALVACION,MADRE DE DIOS,MANU,eta5,temp,20260907,20261006,"00Z,12Z",D1,3h,0.248,1.596,2.071,0.838,389
47E8201A,SALVACION,MADRE DE DIOS,MANU,wrf5,temp,20260907,20261006,"00Z,12Z",D1,3h,1.797,2.256,2.853,0.835,472
47E8201A,SALVACION,MADRE DE DIOS,MANU,mpas15,temp,20260907,20261006,00Z,D1,3h,-1.981,2.547,3.236,0.758,240
472587E0,IÑAPARI,MADRE DE DIOS,TAHUAMANU,ecmwf,temp,20260907,20261006,"00Z,12Z",D1,3h,-0.247,1.476,2.156,0.916,476
472587E0,IÑAPARI,MADRE DE DIOS,TAHUAMANU,gfs,temp,20260907,20261006,"00Z,12Z",D1,3h,1.273,2.0,2.77,0.883,476
472587E0,IÑAPARI,MADRE DE DIOS,TAHUAMANU,eta5,temp,20260907,20261006,"00Z,12Z",D1,3h,2.787,2.943,3.666,0.871,385
472587E0,IÑAPARI,MADRE DE DIOS,TAHUAMANU,wrf5,temp,20260907,20261006,"00Z,12Z",D1,3h,1.596,2.062,2.85,0.889,468
472587E0,IÑAPARI,MADRE DE DIOS,TAHUAMANU,mpas15,temp,20260907,20261006,00Z,D1,3h,-0.935,1.844,2.513,0.915,238
260403,CACHUELA,MADRE DE DIOS,TAMBOPATA,ecmwf,temp,20260907,20261006,"00Z,12Z",D1,3h,-0.215,1.114,1.492,0.945,480
260403,CACHUELA,MADRE DE DIOS,TAMBOPATA,gfs,temp,20260907,20261006,"00Z,12Z",D1,3h,1.92,2.78,3.473,0.848,480
260403,CACHUELA,MADRE DE DIOS,TAMBOPATA,eta5,temp,20260907,20261006,"00Z,12Z",D1,3h,3.236,3.473,4.004,0.884,389
260403,CACHUELA,MADRE DE DIOS,TAMBOPATA,wrf5,temp,20260907,20261006,"00Z,12Z",D1,3h,1.738,2.32,2.858,0.897,472
260403,CACHUELA,MADRE DE DIOS,TAMBOPATA,mpas15,temp,20260907,20261006,00Z,D1,3h,-0.919,1.339,1.832,0.945,240
47E8336C,MALINOWSKY,MADRE DE DIOS,TAMBOPATA,ecmwf,temp,20260907,20261006,"00Z,12Z",D1,3h,-0.208,1.552,2.015,0.894,480
47E8336C,MALINOWSKY,MADRE DE DIOS,TAMBOPATA,gfs,temp,20260907,20261006,"00Z,12Z",D1,3h,1.605,2.72,3.531,0.788,480
47E8336C,MALINOWSKY,MADRE DE DIOS,TAMBOPATA,eta5,temp,20260907,20261006,"00Z,12Z",D1,3h,3.261,3.351,3.885,0.877,389
47E8336C,MALINOWSKY,MADRE DE DIOS,TAMBOPATA,wrf5,temp,20260907,20261006,"00Z,12Z",D1,3h,1.648,2.248,2.86,0.866,472
47E8336C,MALINOWSKY,MADRE DE DIOS,TAMBOPATA,mpas15,temp,20260907,20261006,00Z,D1,3h,-0.938,1.823,2.285,0.9,240
260402,PUENTE HERRERA,MADRE DE DIOS,TAMBOPATA,ecmwf,temp,20260907,20261006,"00Z,12Z",D1,3h,S/D,S/D,S/D,S/D,0
260402,PUENTE HERRERA,MADRE DE DIOS,TAMBOPATA,gfs,temp,20260907,20261006,"00Z,12Z",D1,3h,S/D,S/D,S/D,S/D,0
260402,PUENTE HERRERA,MADRE DE DIOS,TAMBOPATA,eta5,temp,20260907,20261006,"00Z,12Z",D1,3h,S/D,S/D,S/D,S/D,0
260402,PUENTE HERRERA,MADRE DE DIOS,TAMBOPATA,wrf5,temp,20260907,20261006,"00Z,12Z",D1,3h,S/D,S/D,S/D,S/D,0
260402,PUENTE HERRERA,MADRE DE DIOS,TAMBOPATA,mpas15,temp,20260907,20261006,00Z,D1,3h,S/D,S/D,S/D,S/D,0
112279,PUERTO MALDONADO,MADRE DE DIOS,TAMBOPATA,ecmwf,temp,20260907,20261006,"00Z,12Z",D1,3h,-1.029,1.497,1.959,0.934,480
112279,PUERTO MALDONADO,MADRE DE DIOS,TAMBOPATA,gfs,temp,20260907,20261006,"00Z,12Z",D1,3h,1.105,2.526,3.215,0.845,480
112279,PUERTO MALDONADO,MADRE DE DIOS,TAMBOPATA,eta5,temp,20260907,20261006,"00Z,12Z",D1,3h,2.454,2.927,3.467,0.873,389
112279,PUERTO MALDONADO,MADRE DE DIOS,TAMBOPATA,wrf5,temp,20260907,20261006,"00Z,12Z",D1,3h,1.039,2.073,2.618,0.889,472
112279,PUERTO MALDONADO,MADRE DE DIOS,TAMBOPATA,mpas15,temp,20260907,20261006,00Z,D1,3h,-1.733,1.92,2.396,0.936,240
260002,TAMBOPATA,MADRE DE DIOS,TAMBOPATA,ecmwf,temp,20260907,20261006,"00Z,12Z",D1,3h,S/D,S/D,S/D,S/D,0
260002,TAMBOPATA,MADRE DE DIOS,TAMBOPATA,gfs,temp,20260907,20261006,"00Z,12Z",D1,3h,S/D,S/D,S/D,S/D,0
260002,TAMBOPATA,MADRE DE DIOS,TAMBOPATA,eta5,temp,20260907,20261006,"00Z,12Z",D1,3h,S/D,S/D,S/D,S/D,0
260002,TAMBOPATA,MADRE DE DIOS,TAMBOPATA,wrf5,temp,20260907,20261006,"00Z,12Z",D1,3h,S/D,S/D,S/D,S/D,0
260002,TAMBOPATA,MADRE DE DIOS,TAMBOPATA,mpas15,temp,20260907,20261006,00Z,D1,3h,S/D,S/D,S/D,S/D,0
4723F1BE,MOQUEGUA,MOQUEGUA,MARISCAL NIETO,ecmwf,temp,20260907,20261006,"00Z,12Z",D1,3h,-1.002,1.59,2.023,0.945,478
4723F1BE,MOQUEGUA,MOQUEGUA,MARISCAL NIETO,gfs,temp,20260907,20261006,"00Z,12Z",D1,3h,0.069,1.593,1.961,0.941,478
4723F1BE,MOQUEGUA,MOQUEGUA,MARISCAL NIETO,eta5,temp,20260907,20261006,"00Z,12Z",D1,3h,1.851,2.283,2.745,0.919,387
4723F1BE,MOQUEGUA,MOQUEGUA,MARISCAL NIETO,wrf5,temp,20260907,20261006,"00Z,12Z",D1,3h,0.258,1.855,2.297,0.909,470
4723F1BE,MOQUEGUA,MOQUEGUA,MARISCAL NIETO,mpas15,temp,20260907,20261006,00Z,D1,3h,-4.133,4.307,4.703,0.905,239
110137,12 DE OCTUBRE,PASCO,DANIEL ALCIDES CARRION,ecmwf,temp,20260907,20261006,"00Z,12Z",D1,3h,-0.709,2.401,2.938,0.879,478
110137,12 DE OCTUBRE,PASCO,DANIEL ALCIDES CARRION,gfs,temp,20260907,20261006,"00Z,12Z",D1,3h,-1.432,2.698,3.509,0.809,478
110137,12 DE OCTUBRE,PASCO,DANIEL ALCIDES CARRION,eta5,temp,20260907,20261006,"00Z,12Z",D1,3h,-0.292,2.35,2.862,0.822,387
110137,12 DE OCTUBRE,PASCO,DANIEL ALCIDES CARRION,wrf5,temp,20260907,20261006,"00Z,12Z",D1,3h,0.107,2.457,3.064,0.842,470
110137,12 DE OCTUBRE,PASCO,DANIEL ALCIDES CARRION,mpas15,temp,20260907,20261006,00Z,D1,3h,-3.512,3.821,4.392,0.885,239
4725D79C,OXAPAMPA,PASCO,OXAPAMPA,ecmwf,temp,20260907,20261006,"00Z,12Z",D1,3h,-3.598,3.673,4.004,0.838,480
4725D79C,OXAPAMPA,PASCO,OXAPAMPA,gfs,temp,20260907,20261006,"00Z,12Z",D1,3h,-4.522,4.542,4.92,0.824,480
4725D79C,OXAPAMPA,PASCO,OXAPAMPA,eta5,temp,20260907,20261006,"00Z,12Z",D1,3h,-5.911,5.914,6.235,0.776,389
4725D79C,OXAPAMPA,PASCO,OXAPAMPA,wrf5,temp,20260907,20261006,"00Z,12Z",D1,3h,-0.329,1.49,1.959,0.835,472
4725D79C,OXAPAMPA,PASCO,OXAPAMPA,mpas15,temp,20260907,20261006,00Z,D1,3h,-3.094,3.34,3.984,0.707,240
109093,PUERTO BERMUDEZ,PASCO,OXAPAMPA,ecmwf,temp,20260907,20261006,"00Z,12Z",D1,3h,-0.507,1.458,1.934,0.867,480
109093,PUERTO BERMUDEZ,PASCO,OXAPAMPA,gfs,temp,20260907,20261006,"00Z,12Z",D1,3h,-0.425,2.406,3.056,0.829,480
109093,PUERTO BERMUDEZ,PASCO,OXAPAMPA,eta5,temp,20260907,20261006,"00Z,12Z",D1,3h,1.942,2.423,3.068,0.815,389
109093,PUERTO BERMUDEZ,PASCO,OXAPAMPA,wrf5,temp,20260907,20261006,"00Z,12Z",D1,3h,1.456,1.988,2.599,0.857,472
109093,PUERTO BERMUDEZ,PASCO,OXAPAMPA,mpas15,temp,20260907,20261006,00Z,D1,3h,-0.709,1.644,2.316,0.844,240
104114,ALTO DE POCLUS,PIURA,AYABACA,ecmwf,temp,20260907,20261006,"00Z,12Z",D1,3h,7.983,7.983,8.192,0.798,358
104114,ALTO DE POCLUS,PIURA,AYABACA,gfs,temp,20260907,20261006,"00Z,12Z",D1,3h,9.217,9.217,9.38,0.836,358
104114,ALTO DE POCLUS,PIURA,AYABACA,eta5,temp,20260907,20261006,"00Z,12Z",D1,3h,0.278,1.18,1.519,0.868,294
104114,ALTO DE POCLUS,PIURA,AYABACA,wrf5,temp,20260907,20261006,"00Z,12Z",D1,3h,0.8,1.745,2.199,0.697,351
104114,ALTO DE POCLUS,PIURA,AYABACA,mpas15,temp,20260907,20261006,00Z,D1,3h,5.686,5.686,5.933,0.805,179
47E9177A,EL CIRUELO,PIURA,AYABACA,ecmwf,temp,20260907,20261006,"00Z,12Z",D1,3h,S/D,S/D,S/D,S/D,0
47E9177A,EL CIRUELO,PIURA,AYABACA,gfs,temp,20260907,20261006,"00Z,12Z",D1,3h,S/D,S/D,S/D,S/D,0
47E9177A,EL CIRUELO,PIURA,AYABACA,eta5,temp,20260907,20261006,"00Z,12Z",D1,3h,S/D,S/D,S/D,S/D,0
47E9177A,EL CIRUELO,PIURA,AYABACA,wrf5,temp,20260907,20261006,"00Z,12Z",D1,3h,S/D,S/D,S/D,S/D,0
47E9177A,EL CIRUELO,PIURA,AYABACA,mpas15,temp,20260907,20261006,00Z,D1,3h,S/D,S/D,S/D,S/D,0
47E281B0,HUALCUY,PIURA,AYABACA,ecmwf,temp,20260907,20261006,"00Z,12Z",D1,3h,-3.973,3.974,4.265,0.855,476
47E281B0,HUALCUY,PIURA,AYABACA,gfs,temp,20260907,20261006,"00Z,12Z",D1,3h,-3.169,3.345,3.717,0.825,476
47E281B0,HUALCUY,PIURA,AYABACA,eta5,temp,20260907,20261006,"00Z,12Z",D1,3h,1.536,1.968,2.532,0.854,386
47E281B0,HUALCUY,PIURA,AYABACA,wrf5,temp,20260907,20261006,"00Z,12Z",D1,3h,2.961,2.983,3.364,0.898,468
47E281B0,HUALCUY,PIURA,AYABACA,mpas15,temp,20260907,20261006,00Z,D1,3h,-3.029,3.035,3.498,0.87,238
472FC5B8,PAIMAS,PIURA,AYABACA,ecmwf,temp,20260907,20261006,"00Z,12Z",D1,3h,-5.151,5.155,5.527,0.777,478
472FC5B8,PAIMAS,PIURA,AYABACA,gfs,temp,20260907,20261006,"00Z,12Z",D1,3h,-3.708,3.842,4.363,0.756,478
472FC5B8,PAIMAS,PIURA,AYABACA,eta5,temp,20260907,20261006,"00Z,12Z",D1,3h,-2.673,2.965,3.403,0.797,388
472FC5B8,PAIMAS,PIURA,AYABACA,wrf5,temp,20260907,20261006,"00Z,12Z",D1,3h,-0.793,2.391,2.768,0.845,470
472FC5B8,PAIMAS,PIURA,AYABACA,mpas15,temp,20260907,20261006,00Z,D1,3h,-2.537,2.751,3.129,0.868,239
47E0C74E,PUENTE MACARA,PIURA,AYABACA,ecmwf,temp,20260907,20261006,"00Z,12Z",D1,3h,S/D,S/D,S/D,S/D,0
47E0C74E,PUENTE MACARA,PIURA,AYABACA,gfs,temp,20260907,20261006,"00Z,12Z",D1,3h,S/D,S/D,S/D,S/D,0
47E0C74E,PUENTE MACARA,PIURA,AYABACA,eta5,temp,20260907,20261006,"00Z,12Z",D1,3h,S/D,S/D,S/D,S/D,0
47E0C74E,PUENTE MACARA,PIURA,AYABACA,wrf5,temp,20260907,20261006,"00Z,12Z",D1,3h,S/D,S/D,S/D,S/D,0
47E0C74E,PUENTE MACARA,PIURA,AYABACA,mpas15,temp,20260907,20261006,00Z,D1,3h,S/D,S/D,S/D,S/D,0
472FF022,SAPILLICA,PIURA,AYABACA,ecmwf,temp,20260907,20261006,"00Z,12Z",D1,3h,0.197,1.044,1.346,0.873,478
472FF022,SAPILLICA,PIURA,AYABACA,gfs,temp,20260907,20261006,"00Z,12Z",D1,3h,1.64,1.79,2.408,0.86,478
472FF022,SAPILLICA,PIURA,AYABACA,eta5,temp,20260907,20261006,"00Z,12Z",D1,3h,0.351,1.244,1.559,0.844,388
472FF022,SAPILLICA,PIURA,AYABACA,wrf5,temp,20260907,20261006,"00Z,12Z",D1,3h,0.486,1.531,1.92,0.75,470
472FF022,SAPILLICA,PIURA,AYABACA,mpas15,temp,20260907,20261006,00Z,D1,3h,1.421,1.667,2.286,0.879,239
472F86B2,CANCHAQUE,PIURA,HUANCABAMBA,ecmwf,temp,20260907,20261006,"00Z,12Z",D1,3h,-1.71,2.802,3.168,0.75,476
472F86B2,CANCHAQUE,PIURA,HUANCABAMBA,gfs,temp,20260907,20261006,"00Z,12Z",D1,3h,-1.834,2.768,3.133,0.712,476
472F86B2,CANCHAQUE,PIURA,HUANCABAMBA,eta5,temp,20260907,20261006,"00Z,12Z",D1,3h,0.017,1.496,1.83,0.731,387
472F86B2,CANCHAQUE,PIURA,HUANCABAMBA,wrf5,temp,20260907,20261006,"00Z,12Z",D1,3h,-0.112,2.314,2.903,0.37,468
472F86B2,CANCHAQUE,PIURA,HUANCABAMBA,mpas15,temp,20260907,20261006,00Z,D1,3h,0.107,1.808,2.253,0.704,238
472FE354,HUANCABAMBA,PIURA,HUANCABAMBA,ecmwf,temp,20260907,20261006,"00Z,12Z",D1,3h,-4.988,4.993,5.634,0.822,478
472FE354,HUANCABAMBA,PIURA,HUANCABAMBA,gfs,temp,20260907,20261006,"00Z,12Z",D1,3h,-4.685,4.76,5.426,0.768,478
472FE354,HUANCABAMBA,PIURA,HUANCABAMBA,eta5,temp,20260907,20261006,"00Z,12Z",D1,3h,-3.2,3.32,3.871,0.852,388
472FE354,HUANCABAMBA,PIURA,HUANCABAMBA,wrf5,temp,20260907,20261006,"00Z,12Z",D1,3h,-0.114,1.863,2.382,0.795,470
472FE354,HUANCABAMBA,PIURA,HUANCABAMBA,mpas15,temp,20260907,20261006,00Z,D1,3h,-4.68,4.782,5.429,0.796,239
472761E6,HUARMACA,PIURA,HUANCABAMBA,ecmwf,temp,20260907,20261006,"00Z,12Z",D1,3h,0.808,1.797,2.328,0.695,480
472761E6,HUARMACA,PIURA,HUANCABAMBA,gfs,temp,20260907,20261006,"00Z,12Z",D1,3h,0.686,1.87,2.42,0.57,480
472761E6,HUARMACA,PIURA,HUANCABAMBA,eta5,temp,20260907,20261006,"00Z,12Z",D1,3h,1.246,1.992,2.533,0.571,389
472761E6,HUARMACA,PIURA,HUANCABAMBA,wrf5,temp,20260907,20261006,"00Z,12Z",D1,3h,1.945,2.413,2.92,0.625,472
472761E6,HUARMACA,PIURA,HUANCABAMBA,mpas15,temp,20260907,20261006,00Z,D1,3h,-0.026,1.789,2.167,0.584,240
472FB328,CHALACO,PIURA,MORROPON,ecmwf,temp,20260907,20261006,"00Z,12Z",D1,3h,0.607,1.39,1.76,0.795,478
472FB328,CHALACO,PIURA,MORROPON,gfs,temp,20260907,20261006,"00Z,12Z",D1,3h,0.392,1.194,1.552,0.871,478
472FB328,CHALACO,PIURA,MORROPON,eta5,temp,20260907,20261006,"00Z,12Z",D1,3h,2.754,2.896,3.339,0.823,388
472FB328,CHALACO,PIURA,MORROPON,wrf5,temp,20260907,20261006,"00Z,12Z",D1,3h,1.053,2.44,3.041,0.488,470
472FB328,CHALACO,PIURA,MORROPON,mpas15,temp,20260907,20261006,00Z,D1,3h,3.57,3.579,3.979,0.835,239
472F6540,CHULUCANAS,PIURA,MORROPON,ecmwf,temp,20260907,20261006,"00Z,12Z",D1,3h,0.556,1.236,1.731,0.936,478
472F6540,CHULUCANAS,PIURA,MORROPON,gfs,temp,20260907,20261006,"00Z,12Z",D1,3h,0.016,1.638,2.03,0.921,478
472F6540,CHULUCANAS,PIURA,MORROPON,eta5,temp,20260907,20261006,"00Z,12Z",D1,3h,1.202,1.799,2.448,0.933,387
472F6540,CHULUCANAS,PIURA,MORROPON,wrf5,temp,20260907,20261006,"00Z,12Z",D1,3h,-0.254,1.968,2.321,0.909,470
472F6540,CHULUCANAS,PIURA,MORROPON,mpas15,temp,20260907,20261006,00Z,D1,3h,-1.365,2.019,2.257,0.943,239
47E037CA,CORRAL DEL MEDIO,PIURA,MORROPON,ecmwf,temp,20260907,20261006,"00Z,12Z",D1,3h,S/D,S/D,S/D,S/D,0
47E037CA,CORRAL DEL MEDIO,PIURA,MORROPON,gfs,temp,20260907,20261006,"00Z,12Z",D1,3h,S/D,S/D,S/D,S/D,0
47E037CA,CORRAL DEL MEDIO,PIURA,MORROPON,eta5,temp,20260907,20261006,"00Z,12Z",D1,3h,S/D,S/D,S/D,S/D,0
47E037CA,CORRAL DEL MEDIO,PIURA,MORROPON,wrf5,temp,20260907,20261006,"00Z,12Z",D1,3h,S/D,S/D,S/D,S/D,0
47E037CA,CORRAL DEL MEDIO,PIURA,MORROPON,mpas15,temp,20260907,20261006,00Z,D1,3h,S/D,S/D,S/D,S/D,0
472F50DA,EL VIRREY,PIURA,MORROPON,ecmwf,temp,20260907,20261006,"00Z,12Z",D1,3h,-0.231,1.136,1.496,0.941,476
472F50DA,EL VIRREY,PIURA,MORROPON,gfs,temp,20260907,20261006,"00Z,12Z",D1,3h,-0.032,1.875,2.346,0.92,476
472F50DA,EL VIRREY,PIURA,MORROPON,eta5,temp,20260907,20261006,"00Z,12Z",D1,3h,-0.547,1.96,2.311,0.919,386
472F50DA,EL VIRREY,PIURA,MORROPON,wrf5,temp,20260907,20261006,"00Z,12Z",D1,3h,-0.966,2.273,2.671,0.875,468
472F50DA,EL VIRREY,PIURA,MORROPON,mpas15,temp,20260907,20261006,00Z,D1,3h,-0.093,1.468,1.894,0.94,238
47E074C0,HACIENDA BARRIOS,PIURA,MORROPON,ecmwf,temp,20260907,20261006,"00Z,12Z",D1,3h,S/D,S/D,S/D,S/D,0
47E074C0,HACIENDA BARRIOS,PIURA,MORROPON,gfs,temp,20260907,20261006,"00Z,12Z",D1,3h,S/D,S/D,S/D,S/D,0
47E074C0,HACIENDA BARRIOS,PIURA,MORROPON,eta5,temp,20260907,20261006,"00Z,12Z",D1,3h,S/D,S/D,S/D,S/D,0
47E074C0,HACIENDA BARRIOS,PIURA,MORROPON,wrf5,temp,20260907,20261006,"00Z,12Z",D1,3h,S/D,S/D,S/D,S/D,0
47E074C0,HACIENDA BARRIOS,PIURA,MORROPON,mpas15,temp,20260907,20261006,00Z,D1,3h,S/D,S/D,S/D,S/D,0
472F95C4,HACIENDA BIGOTE ,PIURA,MORROPON,ecmwf,temp,20260907,20261006,"00Z,12Z",D1,3h,-3.968,3.978,4.345,0.857,478
472F95C4,HACIENDA BIGOTE ,PIURA,MORROPON,gfs,temp,20260907,20261006,"00Z,12Z",D1,3h,-4.023,4.083,4.54,0.805,478
472F95C4,HACIENDA BIGOTE ,PIURA,MORROPON,eta5,temp,20260907,20261006,"00Z,12Z",D1,3h,1.494,2.331,3.029,0.868,388
472F95C4,HACIENDA BIGOTE ,PIURA,MORROPON,wrf5,temp,20260907,20261006,"00Z,12Z",D1,3h,-0.863,2.273,2.633,0.861,470
472F95C4,HACIENDA BIGOTE ,PIURA,MORROPON,mpas15,temp,20260907,20261006,00Z,D1,3h,-5.618,5.656,6.126,0.681,239
472FA05E,MALACASI,PIURA,MORROPON,ecmwf,temp,20260907,20261006,"00Z,12Z",D1,3h,-3.934,3.943,4.357,0.88,478
472FA05E,MALACASI,PIURA,MORROPON,gfs,temp,20260907,20261006,"00Z,12Z",D1,3h,-3.989,4.032,4.413,0.837,478
472FA05E,MALACASI,PIURA,MORROPON,eta5,temp,20260907,20261006,"00Z,12Z",D1,3h,0.236,1.748,2.185,0.907,388
472FA05E,MALACASI,PIURA,MORROPON,wrf5,temp,20260907,20261006,"00Z,12Z",D1,3h,-0.839,1.938,2.273,0.907,470
472FA05E,MALACASI,PIURA,MORROPON,mpas15,temp,20260907,20261006,00Z,D1,3h,-3.132,3.205,3.542,0.891,239
472F7636,MORROPON,PIURA,MORROPON,ecmwf,temp,20260907,20261006,"00Z,12Z",D1,3h,-0.515,1.42,1.712,0.932,476
472F7636,MORROPON,PIURA,MORROPON,gfs,temp,20260907,20261006,"00Z,12Z",D1,3h,-0.294,1.968,2.311,0.911,476
472F7636,MORROPON,PIURA,MORROPON,eta5,temp,20260907,20261006,"00Z,12Z",D1,3h,1.059,1.852,2.459,0.932,386
472F7636,MORROPON,PIURA,MORROPON,wrf5,temp,20260907,20261006,"00Z,12Z",D1,3h,-0.049,1.965,2.334,0.909,468
472F7636,MORROPON,PIURA,MORROPON,mpas15,temp,20260907,20261006,00Z,D1,3h,-2.882,3.002,3.315,0.92,238
47E067B6,SALITRAL,PIURA,MORROPON,ecmwf,temp,20260907,20261006,"00Z,12Z",D1,3h,S/D,S/D,S/D,S/D,0
47E067B6,SALITRAL,PIURA,MORROPON,gfs,temp,20260907,20261006,"00Z,12Z",D1,3h,S/D,S/D,S/D,S/D,0
47E067B6,SALITRAL,PIURA,MORROPON,eta5,temp,20260907,20261006,"00Z,12Z",D1,3h,S/D,S/D,S/D,S/D,0
47E067B6,SALITRAL,PIURA,MORROPON,wrf5,temp,20260907,20261006,"00Z,12Z",D1,3h,S/D,S/D,S/D,S/D,0
47E067B6,SALITRAL,PIURA,MORROPON,mpas15,temp,20260907,20261006,00Z,D1,3h,S/D,S/D,S/D,S/D,0
47E08444,SAN PEDRO,PIURA,MORROPON,ecmwf,temp,20260907,20261006,"00Z,12Z",D1,3h,S/D,S/D,S/D,S/D,0
47E08444,SAN PEDRO,PIURA,MORROPON,gfs,temp,20260907,20261006,"00Z,12Z",D1,3h,S/D,S/D,S/D,S/D,0
47E08444,SAN PEDRO,PIURA,MORROPON,eta5,temp,20260907,20261006,"00Z,12Z",D1,3h,S/D,S/D,S/D,S/D,0
47E08444,SAN PEDRO,PIURA,MORROPON,wrf5,temp,20260907,20261006,"00Z,12Z",D1,3h,S/D,S/D,S/D,S/D,0
47E08444,SAN PEDRO,PIURA,MORROPON,mpas15,temp,20260907,20261006,00Z,D1,3h,S/D,S/D,S/D,S/D,0
105145,SANTO DOMINGO,PIURA,MORROPON,ecmwf,temp,20260907,20261006,"00Z,12Z",D1,3h,-2.69,2.69,2.812,0.84,14
105145,SANTO DOMINGO,PIURA,MORROPON,gfs,temp,20260907,20261006,"00Z,12Z",D1,3h,-3.917,3.917,4.194,0.724,14
105145,SANTO DOMINGO,PIURA,MORROPON,eta5,temp,20260907,20261006,"00Z,12Z",D1,3h,-0.86,1.107,1.284,0.913,13
105145,SANTO DOMINGO,PIURA,MORROPON,wrf5,temp,20260907,20261006,"00Z,12Z",D1,3h,0.597,0.688,0.875,0.876,14
105145,SANTO DOMINGO,PIURA,MORROPON,mpas15,temp,20260907,20261006,00Z,D1,3h,1.102,1.121,1.457,0.631,7
47E0B1DE,PUENTE SIMON RODRIGUEZ,PIURA,PAITA,ecmwf,temp,20260907,20261006,"00Z,12Z",D1,3h,S/D,S/D,S/D,S/D,0
47E0B1DE,PUENTE SIMON RODRIGUEZ,PIURA,PAITA,gfs,temp,20260907,20261006,"00Z,12Z",D1,3h,S/D,S/D,S/D,S/D,0
47E0B1DE,PUENTE SIMON RODRIGUEZ,PIURA,PAITA,eta5,temp,20260907,20261006,"00Z,12Z",D1,3h,S/D,S/D,S/D,S/D,0
47E0B1DE,PUENTE SIMON RODRIGUEZ,PIURA,PAITA,wrf5,temp,20260907,20261006,"00Z,12Z",D1,3h,S/D,S/D,S/D,S/D,0
47E0B1DE,PUENTE SIMON RODRIGUEZ,PIURA,PAITA,mpas15,temp,20260907,20261006,00Z,D1,3h,S/D,S/D,S/D,S/D,0
47E0E1A2,BOCATOMA CHIPILLICO,PIURA,PIURA,ecmwf,temp,20260907,20261006,"00Z,12Z",D1,3h,S/D,S/D,S/D,S/D,0
47E0E1A2,BOCATOMA CHIPILLICO,PIURA,PIURA,gfs,temp,20260907,20261006,"00Z,12Z",D1,3h,S/D,S/D,S/D,S/D,0
47E0E1A2,BOCATOMA CHIPILLICO,PIURA,PIURA,eta5,temp,20260907,20261006,"00Z,12Z",D1,3h,S/D,S/D,S/D,S/D,0
47E0E1A2,BOCATOMA CHIPILLICO,PIURA,PIURA,wrf5,temp,20260907,20261006,"00Z,12Z",D1,3h,S/D,S/D,S/D,S/D,0
47E0E1A2,BOCATOMA CHIPILLICO,PIURA,PIURA,mpas15,temp,20260907,20261006,00Z,D1,3h,S/D,S/D,S/D,S/D,0
47E0F2D4,LAGARTERA,PIURA,PIURA,ecmwf,temp,20260907,20261006,"00Z,12Z",D1,3h,S/D,S/D,S/D,S/D,0
47E0F2D4,LAGARTERA,PIURA,PIURA,gfs,temp,20260907,20261006,"00Z,12Z",D1,3h,S/D,S/D,S/D,S/D,0
47E0F2D4,LAGARTERA,PIURA,PIURA,eta5,temp,20260907,20261006,"00Z,12Z",D1,3h,S/D,S/D,S/D,S/D,0
47E0F2D4,LAGARTERA,PIURA,PIURA,wrf5,temp,20260907,20261006,"00Z,12Z",D1,3h,S/D,S/D,S/D,S/D,0
47E0F2D4,LAGARTERA,PIURA,PIURA,mpas15,temp,20260907,20261006,00Z,D1,3h,S/D,S/D,S/D,S/D,0
105112,MIRAFLORES,PIURA,PIURA,ecmwf,temp,20260907,20261006,"00Z,12Z",D1,3h,S/D,S/D,S/D,S/D,0
105112,MIRAFLORES,PIURA,PIURA,gfs,temp,20260907,20261006,"00Z,12Z",D1,3h,S/D,S/D,S/D,S/D,0
105112,MIRAFLORES,PIURA,PIURA,eta5,temp,20260907,20261006,"00Z,12Z",D1,3h,S/D,S/D,S/D,S/D,0
105112,MIRAFLORES,PIURA,PIURA,wrf5,temp,20260907,20261006,"00Z,12Z",D1,3h,S/D,S/D,S/D,S/D,0
105112,MIRAFLORES,PIURA,PIURA,mpas15,temp,20260907,20261006,00Z,D1,3h,S/D,S/D,S/D,S/D,0
104113,PARTIDOR,PIURA,PIURA,ecmwf,temp,20260907,20261006,"00Z,12Z",D1,3h,1.326,1.499,2.007,0.946,206
104113,PARTIDOR,PIURA,PIURA,gfs,temp,20260907,20261006,"00Z,12Z",D1,3h,0.377,1.681,2.063,0.934,206
104113,PARTIDOR,PIURA,PIURA,eta5,temp,20260907,20261006,"00Z,12Z",D1,3h,1.614,1.861,2.488,0.94,178
104113,PARTIDOR,PIURA,PIURA,wrf5,temp,20260907,20261006,"00Z,12Z",D1,3h,-0.083,1.769,2.017,0.931,200
104113,PARTIDOR,PIURA,PIURA,mpas15,temp,20260907,20261006,00Z,D1,3h,-0.033,1.316,1.69,0.955,103
105143,SAN MIGUEL,PIURA,PIURA,ecmwf,temp,20260907,20261006,"00Z,12Z",D1,3h,-0.367,0.866,1.178,0.957,452
105143,SAN MIGUEL,PIURA,PIURA,gfs,temp,20260907,20261006,"00Z,12Z",D1,3h,-0.965,1.186,1.595,0.955,452
105143,SAN MIGUEL,PIURA,PIURA,eta5,temp,20260907,20261006,"00Z,12Z",D1,3h,0.206,1.173,1.459,0.94,364
105143,SAN MIGUEL,PIURA,PIURA,wrf5,temp,20260907,20261006,"00Z,12Z",D1,3h,-0.655,1.204,1.427,0.95,444
105143,SAN MIGUEL,PIURA,PIURA,mpas15,temp,20260907,20261006,00Z,D1,3h,-1.078,1.448,1.664,0.949,226
47E0522C,TAMBO GRANDE,PIURA,PIURA,ecmwf,temp,20260907,20261006,"00Z,12Z",D1,3h,S/D,S/D,S/D,S/D,0
47E0522C,TAMBO GRANDE,PIURA,PIURA,gfs,temp,20260907,20261006,"00Z,12Z",D1,3h,S/D,S/D,S/D,S/D,0
47E0522C,TAMBO GRANDE,PIURA,PIURA,eta5,temp,20260907,20261006,"00Z,12Z",D1,3h,S/D,S/D,S/D,S/D,0
47E0522C,TAMBO GRANDE,PIURA,PIURA,wrf5,temp,20260907,20261006,"00Z,12Z",D1,3h,S/D,S/D,S/D,S/D,0
47E0522C,TAMBO GRANDE,PIURA,PIURA,mpas15,temp,20260907,20261006,00Z,D1,3h,S/D,S/D,S/D,S/D,0
105144,BERNAL,PIURA,SECHURA,ecmwf,temp,20260907,20261006,"00Z,12Z",D1,3h,0.137,0.956,1.256,0.948,204
105144,BERNAL,PIURA,SECHURA,gfs,temp,20260907,20261006,"00Z,12Z",D1,3h,-0.292,1.413,1.58,0.939,204
105144,BERNAL,PIURA,SECHURA,eta5,temp,20260907,20261006,"00Z,12Z",D1,3h,0.236,1.407,1.78,0.926,177
105144,BERNAL,PIURA,SECHURA,wrf5,temp,20260907,20261006,"00Z,12Z",D1,3h,-0.281,1.253,1.485,0.933,199
105144,BERNAL,PIURA,SECHURA,mpas15,temp,20260907,20261006,00Z,D1,3h,-0.187,1.457,1.695,0.945,102
105120,CHUSIS,PIURA,SECHURA,ecmwf,temp,20260907,20261006,"00Z,12Z",D1,3h,0.284,0.927,1.318,0.945,248
105120,CHUSIS,PIURA,SECHURA,gfs,temp,20260907,20261006,"00Z,12Z",D1,3h,-0.093,1.231,1.495,0.94,248
105120,CHUSIS,PIURA,SECHURA,eta5,temp,20260907,20261006,"00Z,12Z",D1,3h,0.144,1.062,1.312,0.923,203
105120,CHUSIS,PIURA,SECHURA,wrf5,temp,20260907,20261006,"00Z,12Z",D1,3h,-0.429,0.938,1.132,0.931,241
105120,CHUSIS,PIURA,SECHURA,mpas15,temp,20260907,20261006,00Z,D1,3h,-0.39,0.926,1.176,0.941,124
47E0D438,ALAMOR,PIURA,SULLANA,ecmwf,temp,20260907,20261006,"00Z,12Z",D1,3h,S/D,S/D,S/D,S/D,0
47E0D438,ALAMOR,PIURA,SULLANA,gfs,temp,20260907,20261006,"00Z,12Z",D1,3h,S/D,S/D,S/D,S/D,0
47E0D438,ALAMOR,PIURA,SULLANA,eta5,temp,20260907,20261006,"00Z,12Z",D1,3h,S/D,S/D,S/D,S/D,0
47E0D438,ALAMOR,PIURA,SULLANA,wrf5,temp,20260907,20261006,"00Z,12Z",D1,3h,S/D,S/D,S/D,S/D,0
47E0D438,ALAMOR,PIURA,SULLANA,mpas15,temp,20260907,20261006,00Z,D1,3h,S/D,S/D,S/D,S/D,0
47E09732,LA ARDILLA,PIURA,SULLANA,ecmwf,temp,20260907,20261006,"00Z,12Z",D1,3h,S/D,S/D,S/D,S/D,0
47E09732,LA ARDILLA,PIURA,SULLANA,gfs,temp,20260907,20261006,"00Z,12Z",D1,3h,S/D,S/D,S/D,S/D,0
47E09732,LA ARDILLA,PIURA,SULLANA,eta5,temp,20260907,20261006,"00Z,12Z",D1,3h,S/D,S/D,S/D,S/D,0
47E09732,LA ARDILLA,PIURA,SULLANA,wrf5,temp,20260907,20261006,"00Z,12Z",D1,3h,S/D,S/D,S/D,S/D,0
47E09732,LA ARDILLA,PIURA,SULLANA,mpas15,temp,20260907,20261006,00Z,D1,3h,S/D,S/D,S/D,S/D,0
472FD6CE,LANCONES,PIURA,SULLANA,ecmwf,temp,20260907,20261006,"00Z,12Z",D1,3h,0.634,1.213,1.732,0.917,478
472FD6CE,LANCONES,PIURA,SULLANA,gfs,temp,20260907,20261006,"00Z,12Z",D1,3h,0.368,1.67,2.115,0.905,478
472FD6CE,LANCONES,PIURA,SULLANA,eta5,temp,20260907,20261006,"00Z,12Z",D1,3h,0.618,1.278,1.687,0.907,388
472FD6CE,LANCONES,PIURA,SULLANA,wrf5,temp,20260907,20261006,"00Z,12Z",D1,3h,0.164,1.778,2.213,0.898,470
472FD6CE,LANCONES,PIURA,SULLANA,mpas15,temp,20260907,20261006,00Z,D1,3h,-0.075,1.45,1.822,0.934,239
270202,PUENTE AZANGARO,PUNO,AZANGARO,ecmwf,temp,20260907,20261006,"00Z,12Z",D1,3h,-1.069,1.966,2.338,0.939,478
270202,PUENTE AZANGARO,PUNO,AZANGARO,gfs,temp,20260907,20261006,"00Z,12Z",D1,3h,-0.193,1.901,2.493,0.898,478
270202,PUENTE AZANGARO,PUNO,AZANGARO,eta5,temp,20260907,20261006,"00Z,12Z",D1,3h,0.847,2.194,2.771,0.877,387
270202,PUENTE AZANGARO,PUNO,AZANGARO,wrf5,temp,20260907,20261006,"00Z,12Z",D1,3h,0.889,2.069,2.551,0.911,470
270202,PUENTE AZANGARO,PUNO,AZANGARO,mpas15,temp,20260907,20261006,00Z,D1,3h,-2.183,2.651,2.919,0.944,239
4721AAE4,AYMAÑA,PUNO,CARABAYA,ecmwf,temp,20260907,20261006,"00Z,12Z",D1,3h,-5.12,5.26,5.8,0.807,480
4721AAE4,AYMAÑA,PUNO,CARABAYA,gfs,temp,20260907,20261006,"00Z,12Z",D1,3h,-3.474,4.068,4.745,0.732,480
4721AAE4,AYMAÑA,PUNO,CARABAYA,eta5,temp,20260907,20261006,"00Z,12Z",D1,3h,4.513,4.526,5.033,0.86,389
4721AAE4,AYMAÑA,PUNO,CARABAYA,wrf5,temp,20260907,20261006,"00Z,12Z",D1,3h,-0.98,2.359,2.807,0.8,472
4721AAE4,AYMAÑA,PUNO,CARABAYA,mpas15,temp,20260907,20261006,00Z,D1,3h,-4.62,4.776,5.548,0.807,240
4721B992,UPINA,PUNO,CARABAYA,ecmwf,temp,20260907,20261006,"00Z,12Z",D1,3h,-3.834,3.892,4.27,0.868,480
4721B992,UPINA,PUNO,CARABAYA,gfs,temp,20260907,20261006,"00Z,12Z",D1,3h,-3.324,3.471,4.051,0.77,480
4721B992,UPINA,PUNO,CARABAYA,eta5,temp,20260907,20261006,"00Z,12Z",D1,3h,3.645,3.671,4.086,0.837,389
4721B992,UPINA,PUNO,CARABAYA,wrf5,temp,20260907,20261006,"00Z,12Z",D1,3h,-1.442,1.991,2.382,0.824,472
4721B992,UPINA,PUNO,CARABAYA,mpas15,temp,20260907,20261006,00Z,D1,3h,-1.373,2.227,2.901,0.79,240
210003,HUANCASAYA,PUNO,HUANCANE,ecmwf,temp,20260907,20261006,"00Z,12Z",D1,3h,-0.132,2.182,2.853,0.821,478
210003,HUANCASAYA,PUNO,HUANCANE,gfs,temp,20260907,20261006,"00Z,12Z",D1,3h,1.174,2.221,3.179,0.806,478
210003,HUANCASAYA,PUNO,HUANCANE,eta5,temp,20260907,20261006,"00Z,12Z",D1,3h,0.122,2.226,2.955,0.814,388
210003,HUANCASAYA,PUNO,HUANCANE,wrf5,temp,20260907,20261006,"00Z,12Z",D1,3h,0.877,2.172,2.991,0.818,470
210003,HUANCASAYA,PUNO,HUANCANE,mpas15,temp,20260907,20261006,00Z,D1,3h,-0.639,2.516,3.07,0.837,239
47251282,PUENTE CARRETERA RAMIS,PUNO,HUANCANE,ecmwf,temp,20260907,20261006,"00Z,12Z",D1,3h,-0.328,1.576,2.0,0.933,478
47251282,PUENTE CARRETERA RAMIS,PUNO,HUANCANE,gfs,temp,20260907,20261006,"00Z,12Z",D1,3h,0.251,2.606,3.209,0.845,478
47251282,PUENTE CARRETERA RAMIS,PUNO,HUANCANE,eta5,temp,20260907,20261006,"00Z,12Z",D1,3h,3.178,3.294,3.986,0.887,388
47251282,PUENTE CARRETERA RAMIS,PUNO,HUANCANE,wrf5,temp,20260907,20261006,"00Z,12Z",D1,3h,1.316,2.173,2.685,0.894,470
47251282,PUENTE CARRETERA RAMIS,PUNO,HUANCANE,mpas15,temp,20260907,20261006,00Z,D1,3h,-1.3,1.995,2.344,0.935,239
472E37C6,PALCA,PUNO,LAMPA,ecmwf,temp,20260907,20261006,"00Z,12Z",D1,3h,-1.029,2.841,3.477,0.898,480
472E37C6,PALCA,PUNO,LAMPA,gfs,temp,20260907,20261006,"00Z,12Z",D1,3h,0.101,3.595,4.279,0.865,480
472E37C6,PALCA,PUNO,LAMPA,eta5,temp,20260907,20261006,"00Z,12Z",D1,3h,0.39,2.973,3.723,0.88,389
472E37C6,PALCA,PUNO,LAMPA,wrf5,temp,20260907,20261006,"00Z,12Z",D1,3h,0.984,3.235,4.228,0.855,472
472E37C6,PALCA,PUNO,LAMPA,mpas15,temp,20260907,20261006,00Z,D1,3h,-3.125,4.63,5.172,0.882,240
472DE6A0,PAMPAHUTA,PUNO,LAMPA,ecmwf,temp,20260907,20261006,"00Z,12Z",D1,3h,-1.323,3.908,4.928,0.781,478
472DE6A0,PAMPAHUTA,PUNO,LAMPA,gfs,temp,20260907,20261006,"00Z,12Z",D1,3h,0.168,3.568,4.587,0.812,478
472DE6A0,PAMPAHUTA,PUNO,LAMPA,eta5,temp,20260907,20261006,"00Z,12Z",D1,3h,3.724,4.279,5.571,0.828,388
472DE6A0,PAMPAHUTA,PUNO,LAMPA,wrf5,temp,20260907,20261006,"00Z,12Z",D1,3h,2.184,3.76,5.033,0.811,470
472DE6A0,PAMPAHUTA,PUNO,LAMPA,mpas15,temp,20260907,20261006,00Z,D1,3h,-0.723,3.335,4.178,0.858,239
114134,ANANSAYA -PUNA,PUNO,MELGAR,ecmwf,temp,20260907,20261006,"00Z,12Z",D1,3h,S/D,S/D,S/D,S/D,0
114134,ANANSAYA -PUNA,PUNO,MELGAR,gfs,temp,20260907,20261006,"00Z,12Z",D1,3h,S/D,S/D,S/D,S/D,0
114134,ANANSAYA -PUNA,PUNO,MELGAR,eta5,temp,20260907,20261006,"00Z,12Z",D1,3h,S/D,S/D,S/D,S/D,0
114134,ANANSAYA -PUNA,PUNO,MELGAR,wrf5,temp,20260907,20261006,"00Z,12Z",D1,3h,S/D,S/D,S/D,S/D,0
114134,ANANSAYA -PUNA,PUNO,MELGAR,mpas15,temp,20260907,20261006,00Z,D1,3h,S/D,S/D,S/D,S/D,0
47256412,ENAFER,PUNO,PUNO,ecmwf,temp,20260907,20261006,"00Z,12Z",D1,3h,S/D,S/D,S/D,S/D,0
47256412,ENAFER,PUNO,PUNO,gfs,temp,20260907,20261006,"00Z,12Z",D1,3h,S/D,S/D,S/D,S/D,0
47256412,ENAFER,PUNO,PUNO,eta5,temp,20260907,20261006,"00Z,12Z",D1,3h,S/D,S/D,S/D,S/D,0
47256412,ENAFER,PUNO,PUNO,wrf5,temp,20260907,20261006,"00Z,12Z",D1,3h,S/D,S/D,S/D,S/D,0
47256412,ENAFER,PUNO,PUNO,mpas15,temp,20260907,20261006,00Z,D1,3h,S/D,S/D,S/D,S/D,0
472E4156,ILLPA,PUNO,PUNO,ecmwf,temp,20260907,20261006,"00Z,12Z",D1,3h,1.359,2.029,2.63,0.949,478
472E4156,ILLPA,PUNO,PUNO,gfs,temp,20260907,20261006,"00Z,12Z",D1,3h,0.912,4.137,4.936,0.819,478
472E4156,ILLPA,PUNO,PUNO,eta5,temp,20260907,20261006,"00Z,12Z",D1,3h,1.514,2.417,3.154,0.913,387
472E4156,ILLPA,PUNO,PUNO,wrf5,temp,20260907,20261006,"00Z,12Z",D1,3h,2.114,2.769,3.593,0.905,470
472E4156,ILLPA,PUNO,PUNO,mpas15,temp,20260907,20261006,00Z,D1,3h,-0.682,3.833,4.679,0.862,239
472CB426,LARAQUERI,PUNO,PUNO,ecmwf,temp,20260907,20261006,"00Z,12Z",D1,3h,-0.688,2.11,2.667,0.906,480
472CB426,LARAQUERI,PUNO,PUNO,gfs,temp,20260907,20261006,"00Z,12Z",D1,3h,-0.072,2.611,3.295,0.885,480
472CB426,LARAQUERI,PUNO,PUNO,eta5,temp,20260907,20261006,"00Z,12Z",D1,3h,1.541,2.334,3.278,0.893,389
472CB426,LARAQUERI,PUNO,PUNO,wrf5,temp,20260907,20261006,"00Z,12Z",D1,3h,1.788,2.5,3.545,0.879,472
472CB426,LARAQUERI,PUNO,PUNO,mpas15,temp,20260907,20261006,00Z,D1,3h,-1.537,3.103,3.521,0.89,240
472DD33A,PUNO,PUNO,PUNO,ecmwf,temp,20260907,20261006,"00Z,12Z",D1,3h,-0.684,2.491,2.848,0.872,480
472DD33A,PUNO,PUNO,PUNO,gfs,temp,20260907,20261006,"00Z,12Z",D1,3h,-1.118,2.276,2.88,0.831,480
472DD33A,PUNO,PUNO,PUNO,eta5,temp,20260907,20261006,"00Z,12Z",D1,3h,-0.801,2.489,2.975,0.793,389
472DD33A,PUNO,PUNO,PUNO,wrf5,temp,20260907,20261006,"00Z,12Z",D1,3h,0.997,2.049,2.615,0.853,472
472DD33A,PUNO,PUNO,PUNO,mpas15,temp,20260907,20261006,00Z,D1,3h,-4.078,4.577,5.942,0.269,240
472CF72C,JULIACA,PUNO,SAN ROMAN,ecmwf,temp,20260907,20261006,"00Z,12Z",D1,3h,0.162,1.744,2.322,0.942,480
472CF72C,JULIACA,PUNO,SAN ROMAN,gfs,temp,20260907,20261006,"00Z,12Z",D1,3h,0.745,2.504,3.451,0.887,480
472CF72C,JULIACA,PUNO,SAN ROMAN,eta5,temp,20260907,20261006,"00Z,12Z",D1,3h,1.142,2.523,3.318,0.885,389
472CF72C,JULIACA,PUNO,SAN ROMAN,wrf5,temp,20260907,20261006,"00Z,12Z",D1,3h,1.281,2.476,3.41,0.892,472
472CF72C,JULIACA,PUNO,SAN ROMAN,mpas15,temp,20260907,20261006,00Z,D1,3h,-0.833,2.372,2.843,0.929,240
107142,BELLAVISTA,SAN MARTIN,BELLAVISTA,ecmwf,temp,20260907,20261006,"00Z,12Z",D1,3h,-1.386,1.788,2.384,0.879,452
107142,BELLAVISTA,SAN MARTIN,BELLAVISTA,gfs,temp,20260907,20261006,"00Z,12Z",D1,3h,-2.316,3.13,3.742,0.857,452
107142,BELLAVISTA,SAN MARTIN,BELLAVISTA,eta5,temp,20260907,20261006,"00Z,12Z",D1,3h,0.36,1.982,2.545,0.83,364
107142,BELLAVISTA,SAN MARTIN,BELLAVISTA,wrf5,temp,20260907,20261006,"00Z,12Z",D1,3h,-0.9,1.814,2.25,0.871,444
107142,BELLAVISTA,SAN MARTIN,BELLAVISTA,mpas15,temp,20260907,20261006,00Z,D1,3h,-2.793,2.867,3.399,0.914,226
210006,SHANAO,SAN MARTIN,LAMAS,ecmwf,temp,20260907,20261006,"00Z,12Z",D1,3h,S/D,S/D,S/D,S/D,0
210006,SHANAO,SAN MARTIN,LAMAS,gfs,temp,20260907,20261006,"00Z,12Z",D1,3h,S/D,S/D,S/D,S/D,0
210006,SHANAO,SAN MARTIN,LAMAS,eta5,temp,20260907,20261006,"00Z,12Z",D1,3h,S/D,S/D,S/D,S/D,0
210006,SHANAO,SAN MARTIN,LAMAS,wrf5,temp,20260907,20261006,"00Z,12Z",D1,3h,S/D,S/D,S/D,S/D,0
210006,SHANAO,SAN MARTIN,LAMAS,mpas15,temp,20260907,20261006,00Z,D1,3h,S/D,S/D,S/D,S/D,0
106144,JEPELACIO,SAN MARTIN,MOYOBAMBA,ecmwf,temp,20260907,20261006,"00Z,12Z",D1,3h,-0.07,1.584,2.028,0.864,452
106144,JEPELACIO,SAN MARTIN,MOYOBAMBA,gfs,temp,20260907,20261006,"00Z,12Z",D1,3h,-0.868,2.187,2.613,0.852,452
106144,JEPELACIO,SAN MARTIN,MOYOBAMBA,eta5,temp,20260907,20261006,"00Z,12Z",D1,3h,2.725,2.919,3.589,0.803,364
106144,JEPELACIO,SAN MARTIN,MOYOBAMBA,wrf5,temp,20260907,20261006,"00Z,12Z",D1,3h,-0.624,1.88,2.324,0.784,444
106144,JEPELACIO,SAN MARTIN,MOYOBAMBA,mpas15,temp,20260907,20261006,00Z,D1,3h,-2.282,2.707,3.341,0.786,226
106145,TINGO DE PONAZA,SAN MARTIN,PICOTA,ecmwf,temp,20260907,20261006,"00Z,12Z",D1,3h,-1.266,1.973,2.513,0.863,432
106145,TINGO DE PONAZA,SAN MARTIN,PICOTA,gfs,temp,20260907,20261006,"00Z,12Z",D1,3h,-2.701,3.049,3.686,0.873,432
106145,TINGO DE PONAZA,SAN MARTIN,PICOTA,eta5,temp,20260907,20261006,"00Z,12Z",D1,3h,0.088,2.285,2.876,0.804,349
106145,TINGO DE PONAZA,SAN MARTIN,PICOTA,wrf5,temp,20260907,20261006,"00Z,12Z",D1,3h,-0.792,1.821,2.257,0.886,424
106145,TINGO DE PONAZA,SAN MARTIN,PICOTA,mpas15,temp,20260907,20261006,00Z,D1,3h,-3.586,3.641,4.312,0.902,216
4724851A,NARANJILLO,SAN MARTIN,RIOJA,ecmwf,temp,20260907,20261006,"00Z,12Z",D1,3h,-2.342,2.611,3.07,0.878,472
4724851A,NARANJILLO,SAN MARTIN,RIOJA,gfs,temp,20260907,20261006,"00Z,12Z",D1,3h,-4.211,4.279,4.849,0.79,472
4724851A,NARANJILLO,SAN MARTIN,RIOJA,eta5,temp,20260907,20261006,"00Z,12Z",D1,3h,-0.209,1.796,2.235,0.801,383
4724851A,NARANJILLO,SAN MARTIN,RIOJA,wrf5,temp,20260907,20261006,"00Z,12Z",D1,3h,-0.527,1.551,2.016,0.865,464
4724851A,NARANJILLO,SAN MARTIN,RIOJA,mpas15,temp,20260907,20261006,00Z,D1,3h,-5.66,5.668,6.219,0.748,236
4723013A,EL PORVENIR,SAN MARTIN,SAN MARTIN,ecmwf,temp,20260907,20261006,"00Z,12Z",D1,3h,-3.995,4.106,4.867,0.836,410
4723013A,EL PORVENIR,SAN MARTIN,SAN MARTIN,gfs,temp,20260907,20261006,"00Z,12Z",D1,3h,-3.336,3.415,4.056,0.874,410
4723013A,EL PORVENIR,SAN MARTIN,SAN MARTIN,eta5,temp,20260907,20261006,"00Z,12Z",D1,3h,0.47,2.076,2.617,0.838,350
4723013A,EL PORVENIR,SAN MARTIN,SAN MARTIN,wrf5,temp,20260907,20261006,"00Z,12Z",D1,3h,-0.219,1.6,2.023,0.896,402
4723013A,EL PORVENIR,SAN MARTIN,SAN MARTIN,mpas15,temp,20260907,20261006,00Z,D1,3h,-3.508,3.534,4.152,0.926,205
47E2E456,TOCACHE,SAN MARTIN,TOCACHE,ecmwf,temp,20260907,20261006,"00Z,12Z",D1,3h,-0.959,1.603,1.948,0.881,470
47E2E456,TOCACHE,SAN MARTIN,TOCACHE,gfs,temp,20260907,20261006,"00Z,12Z",D1,3h,-1.59,3.106,3.46,0.83,470
47E2E456,TOCACHE,SAN MARTIN,TOCACHE,eta5,temp,20260907,20261006,"00Z,12Z",D1,3h,1.395,1.984,2.562,0.806,382
47E2E456,TOCACHE,SAN MARTIN,TOCACHE,wrf5,temp,20260907,20261006,"00Z,12Z",D1,3h,0.219,1.625,2.069,0.856,462
47E2E456,TOCACHE,SAN MARTIN,TOCACHE,mpas15,temp,20260907,20261006,00Z,D1,3h,-2.912,3.147,3.574,0.818,235
47E2C2BA,CANDARAVE,TACNA,CANDARAVE,ecmwf,temp,20260907,20261006,"00Z,12Z",D1,3h,-1.719,1.881,2.185,0.953,476
47E2C2BA,CANDARAVE,TACNA,CANDARAVE,gfs,temp,20260907,20261006,"00Z,12Z",D1,3h,-1.505,1.896,2.388,0.923,476
47E2C2BA,CANDARAVE,TACNA,CANDARAVE,eta5,temp,20260907,20261006,"00Z,12Z",D1,3h,-0.706,1.195,1.474,0.954,386
47E2C2BA,CANDARAVE,TACNA,CANDARAVE,wrf5,temp,20260907,20261006,"00Z,12Z",D1,3h,1.992,2.125,2.566,0.922,468
47E2C2BA,CANDARAVE,TACNA,CANDARAVE,mpas15,temp,20260907,20261006,00Z,D1,3h,-1.724,1.972,2.447,0.938,238
47E1654C,CORACHAY II,TACNA,CANDARAVE,ecmwf,temp,20260907,20261006,"00Z,12Z",D1,3h,S/D,S/D,S/D,S/D,0
47E1654C,CORACHAY II,TACNA,CANDARAVE,gfs,temp,20260907,20261006,"00Z,12Z",D1,3h,S/D,S/D,S/D,S/D,0
47E1654C,CORACHAY II,TACNA,CANDARAVE,eta5,temp,20260907,20261006,"00Z,12Z",D1,3h,S/D,S/D,S/D,S/D,0
47E1654C,CORACHAY II,TACNA,CANDARAVE,wrf5,temp,20260907,20261006,"00Z,12Z",D1,3h,S/D,S/D,S/D,S/D,0
47E1654C,CORACHAY II,TACNA,CANDARAVE,mpas15,temp,20260907,20261006,00Z,D1,3h,S/D,S/D,S/D,S/D,0
47E12646,LAGUNA ARICOTA,TACNA,CANDARAVE,ecmwf,temp,20260907,20261006,"00Z,12Z",D1,3h,S/D,S/D,S/D,S/D,0
47E12646,LAGUNA ARICOTA,TACNA,CANDARAVE,gfs,temp,20260907,20261006,"00Z,12Z",D1,3h,S/D,S/D,S/D,S/D,0
47E12646,LAGUNA ARICOTA,TACNA,CANDARAVE,eta5,temp,20260907,20261006,"00Z,12Z",D1,3h,S/D,S/D,S/D,S/D,0
47E12646,LAGUNA ARICOTA,TACNA,CANDARAVE,wrf5,temp,20260907,20261006,"00Z,12Z",D1,3h,S/D,S/D,S/D,S/D,0
47E12646,LAGUNA ARICOTA,TACNA,CANDARAVE,mpas15,temp,20260907,20261006,00Z,D1,3h,S/D,S/D,S/D,S/D,0
47E186BE,PUENTE VIEJO,TACNA,JORGE BASADRE,ecmwf,temp,20260907,20261006,"00Z,12Z",D1,3h,S/D,S/D,S/D,S/D,0
47E186BE,PUENTE VIEJO,TACNA,JORGE BASADRE,gfs,temp,20260907,20261006,"00Z,12Z",D1,3h,S/D,S/D,S/D,S/D,0
47E186BE,PUENTE VIEJO,TACNA,JORGE BASADRE,eta5,temp,20260907,20261006,"00Z,12Z",D1,3h,S/D,S/D,S/D,S/D,0
47E186BE,PUENTE VIEJO,TACNA,JORGE BASADRE,wrf5,temp,20260907,20261006,"00Z,12Z",D1,3h,S/D,S/D,S/D,S/D,0
47E186BE,PUENTE VIEJO,TACNA,JORGE BASADRE,mpas15,temp,20260907,20261006,00Z,D1,3h,S/D,S/D,S/D,S/D,0
47E2B42A,BOCATOMA EL AYRO,TACNA,TACNA,ecmwf,temp,20260907,20261006,"00Z,12Z",D1,3h,-4.024,4.989,5.537,0.776,476
47E2B42A,BOCATOMA EL AYRO,TACNA,TACNA,gfs,temp,20260907,20261006,"00Z,12Z",D1,3h,-2.419,4.093,4.637,0.773,476
47E2B42A,BOCATOMA EL AYRO,TACNA,TACNA,eta5,temp,20260907,20261006,"00Z,12Z",D1,3h,1.104,2.363,3.235,0.833,386
47E2B42A,BOCATOMA EL AYRO,TACNA,TACNA,wrf5,temp,20260907,20261006,"00Z,12Z",D1,3h,1.088,2.425,3.293,0.871,468
47E2B42A,BOCATOMA EL AYRO,TACNA,TACNA,mpas15,temp,20260907,20261006,00Z,D1,3h,-3.435,4.139,4.609,0.859,238
47E143A0,CAPLINA,TACNA,TACNA,ecmwf,temp,20260907,20261006,"00Z,12Z",D1,3h,S/D,S/D,S/D,S/D,0
47E143A0,CAPLINA,TACNA,TACNA,gfs,temp,20260907,20261006,"00Z,12Z",D1,3h,S/D,S/D,S/D,S/D,0
47E143A0,CAPLINA,TACNA,TACNA,eta5,temp,20260907,20261006,"00Z,12Z",D1,3h,S/D,S/D,S/D,S/D,0
47E143A0,CAPLINA,TACNA,TACNA,wrf5,temp,20260907,20261006,"00Z,12Z",D1,3h,S/D,S/D,S/D,S/D,0
47E143A0,CAPLINA,TACNA,TACNA,mpas15,temp,20260907,20261006,00Z,D1,3h,S/D,S/D,S/D,S/D,0
47E13530,CERRO BLANCO,TACNA,TACNA,ecmwf,temp,20260907,20261006,"00Z,12Z",D1,3h,S/D,S/D,S/D,S/D,0
47E13530,CERRO BLANCO,TACNA,TACNA,gfs,temp,20260907,20261006,"00Z,12Z",D1,3h,S/D,S/D,S/D,S/D,0
47E13530,CERRO BLANCO,TACNA,TACNA,eta5,temp,20260907,20261006,"00Z,12Z",D1,3h,S/D,S/D,S/D,S/D,0
47E13530,CERRO BLANCO,TACNA,TACNA,wrf5,temp,20260907,20261006,"00Z,12Z",D1,3h,S/D,S/D,S/D,S/D,0
47E13530,CERRO BLANCO,TACNA,TACNA,mpas15,temp,20260907,20261006,00Z,D1,3h,S/D,S/D,S/D,S/D,0
47E195C8,CHALLATA,TACNA,TACNA,ecmwf,temp,20260907,20261006,"00Z,12Z",D1,3h,S/D,S/D,S/D,S/D,0
47E195C8,CHALLATA,TACNA,TACNA,gfs,temp,20260907,20261006,"00Z,12Z",D1,3h,S/D,S/D,S/D,S/D,0
47E195C8,CHALLATA,TACNA,TACNA,eta5,temp,20260907,20261006,"00Z,12Z",D1,3h,S/D,S/D,S/D,S/D,0
47E195C8,CHALLATA,TACNA,TACNA,wrf5,temp,20260907,20261006,"00Z,12Z",D1,3h,S/D,S/D,S/D,S/D,0
47E195C8,CHALLATA,TACNA,TACNA,mpas15,temp,20260907,20261006,00Z,D1,3h,S/D,S/D,S/D,S/D,0
4722F344,LA TRANCA,TACNA,TACNA,ecmwf,temp,20260907,20261006,"00Z,12Z",D1,3h,S/D,S/D,S/D,S/D,0
4722F344,LA TRANCA,TACNA,TACNA,gfs,temp,20260907,20261006,"00Z,12Z",D1,3h,S/D,S/D,S/D,S/D,0
4722F344,LA TRANCA,TACNA,TACNA,eta5,temp,20260907,20261006,"00Z,12Z",D1,3h,S/D,S/D,S/D,S/D,0
4722F344,LA TRANCA,TACNA,TACNA,wrf5,temp,20260907,20261006,"00Z,12Z",D1,3h,S/D,S/D,S/D,S/D,0
4722F344,LA TRANCA,TACNA,TACNA,mpas15,temp,20260907,20261006,00Z,D1,3h,S/D,S/D,S/D,S/D,0
47E113DC,REPRESA PAUCARANI,TACNA,TACNA,ecmwf,temp,20260907,20261006,"00Z,12Z",D1,3h,S/D,S/D,S/D,S/D,0
47E113DC,REPRESA PAUCARANI,TACNA,TACNA,gfs,temp,20260907,20261006,"00Z,12Z",D1,3h,S/D,S/D,S/D,S/D,0
47E113DC,REPRESA PAUCARANI,TACNA,TACNA,eta5,temp,20260907,20261006,"00Z,12Z",D1,3h,S/D,S/D,S/D,S/D,0
47E113DC,REPRESA PAUCARANI,TACNA,TACNA,wrf5,temp,20260907,20261006,"00Z,12Z",D1,3h,S/D,S/D,S/D,S/D,0
47E113DC,REPRESA PAUCARANI,TACNA,TACNA,mpas15,temp,20260907,20261006,00Z,D1,3h,S/D,S/D,S/D,S/D,0
117059,ANCOAQUE,TACNA,TARATA,ecmwf,temp,20260907,20261006,"00Z,12Z",D1,3h,S/D,S/D,S/D,S/D,0
117059,ANCOAQUE,TACNA,TARATA,gfs,temp,20260907,20261006,"00Z,12Z",D1,3h,S/D,S/D,S/D,S/D,0
117059,ANCOAQUE,TACNA,TARATA,eta5,temp,20260907,20261006,"00Z,12Z",D1,3h,S/D,S/D,S/D,S/D,0
117059,ANCOAQUE,TACNA,TARATA,wrf5,temp,20260907,20261006,"00Z,12Z",D1,3h,S/D,S/D,S/D,S/D,0
117059,ANCOAQUE,TACNA,TARATA,mpas15,temp,20260907,20261006,00Z,D1,3h,S/D,S/D,S/D,S/D,0
47E292C6,CHUAPALCA,TACNA,TARATA,ecmwf,temp,20260907,20261006,"00Z,12Z",D1,3h,-0.167,3.195,3.97,0.88,474
47E292C6,CHUAPALCA,TACNA,TARATA,gfs,temp,20260907,20261006,"00Z,12Z",D1,3h,-0.131,4.131,5.078,0.797,474
47E292C6,CHUAPALCA,TACNA,TARATA,eta5,temp,20260907,20261006,"00Z,12Z",D1,3h,1.84,3.088,4.71,0.831,384
47E292C6,CHUAPALCA,TACNA,TARATA,wrf5,temp,20260907,20261006,"00Z,12Z",D1,3h,2.256,3.287,5.105,0.853,466
47E292C6,CHUAPALCA,TACNA,TARATA,mpas15,temp,20260907,20261006,00Z,D1,3h,-2.21,4.443,4.838,0.862,237
47E150D6,PUENTE TALAPALCA,TACNA,TARATA,ecmwf,temp,20260907,20261006,"00Z,12Z",D1,3h,S/D,S/D,S/D,S/D,0
47E150D6,PUENTE TALAPALCA,TACNA,TARATA,gfs,temp,20260907,20261006,"00Z,12Z",D1,3h,S/D,S/D,S/D,S/D,0
47E150D6,PUENTE TALAPALCA,TACNA,TARATA,eta5,temp,20260907,20261006,"00Z,12Z",D1,3h,S/D,S/D,S/D,S/D,0
47E150D6,PUENTE TALAPALCA,TACNA,TARATA,wrf5,temp,20260907,20261006,"00Z,12Z",D1,3h,S/D,S/D,S/D,S/D,0
47E150D6,PUENTE TALAPALCA,TACNA,TARATA,mpas15,temp,20260907,20261006,00Z,D1,3h,S/D,S/D,S/D,S/D,0
47E1B324,REPRESA JARUMAS,TACNA,TARATA,ecmwf,temp,20260907,20261006,"00Z,12Z",D1,3h,S/D,S/D,S/D,S/D,0
47E1B324,REPRESA JARUMAS,TACNA,TARATA,gfs,temp,20260907,20261006,"00Z,12Z",D1,3h,S/D,S/D,S/D,S/D,0
47E1B324,REPRESA JARUMAS,TACNA,TARATA,eta5,temp,20260907,20261006,"00Z,12Z",D1,3h,S/D,S/D,S/D,S/D,0
47E1B324,REPRESA JARUMAS,TACNA,TARATA,wrf5,temp,20260907,20261006,"00Z,12Z",D1,3h,S/D,S/D,S/D,S/D,0
47E1B324,REPRESA JARUMAS,TACNA,TARATA,mpas15,temp,20260907,20261006,00Z,D1,3h,S/D,S/D,S/D,S/D,0
47E1763A,SALIDA TUNEL KOVIRE,TACNA,TARATA,ecmwf,temp,20260907,20261006,"00Z,12Z",D1,3h,S/D,S/D,S/D,S/D,0
47E1763A,SALIDA TUNEL KOVIRE,TACNA,TARATA,gfs,temp,20260907,20261006,"00Z,12Z",D1,3h,S/D,S/D,S/D,S/D,0
47E1763A,SALIDA TUNEL KOVIRE,TACNA,TARATA,eta5,temp,20260907,20261006,"00Z,12Z",D1,3h,S/D,S/D,S/D,S/D,0
47E1763A,SALIDA TUNEL KOVIRE,TACNA,TARATA,wrf5,temp,20260907,20261006,"00Z,12Z",D1,3h,S/D,S/D,S/D,S/D,0
47E1763A,SALIDA TUNEL KOVIRE,TACNA,TARATA,mpas15,temp,20260907,20261006,00Z,D1,3h,S/D,S/D,S/D,S/D,0
47E2D1CC,TARATA,TACNA,TARATA,ecmwf,temp,20260907,20261006,"00Z,12Z",D1,3h,-4.928,5.042,5.619,0.87,476
47E2D1CC,TARATA,TACNA,TARATA,gfs,temp,20260907,20261006,"00Z,12Z",D1,3h,-5.174,5.231,6.07,0.854,476
47E2D1CC,TARATA,TACNA,TARATA,eta5,temp,20260907,20261006,"00Z,12Z",D1,3h,-0.134,1.183,1.582,0.921,386
47E2D1CC,TARATA,TACNA,TARATA,wrf5,temp,20260907,20261006,"00Z,12Z",D1,3h,1.078,2.684,3.198,0.84,468
47E2D1CC,TARATA,TACNA,TARATA,mpas15,temp,20260907,20261006,00Z,D1,3h,-7.369,7.399,7.926,0.869,238
47E2A75C,VILACOTA,TACNA,TARATA,ecmwf,temp,20260907,20261006,"00Z,12Z",D1,3h,-0.213,2.67,3.166,0.882,478
47E2A75C,VILACOTA,TACNA,TARATA,gfs,temp,20260907,20261006,"00Z,12Z",D1,3h,0.89,3.304,4.053,0.822,478
47E2A75C,VILACOTA,TACNA,TARATA,eta5,temp,20260907,20261006,"00Z,12Z",D1,3h,2.296,2.865,4.136,0.824,388
47E2A75C,VILACOTA,TACNA,TARATA,wrf5,temp,20260907,20261006,"00Z,12Z",D1,3h,0.893,3.612,4.445,0.756,470
47E2A75C,VILACOTA,TACNA,TARATA,mpas15,temp,20260907,20261006,00Z,D1,3h,-1.979,3.274,3.675,0.877,239
472F13D0,CAÑAVERAL,TUMBES,CONTRALMIRANTE VILLAR,ecmwf,temp,20260907,20261006,"00Z,12Z",D1,3h,0.111,0.872,1.12,0.912,476
472F13D0,CAÑAVERAL,TUMBES,CONTRALMIRANTE VILLAR,gfs,temp,20260907,20261006,"00Z,12Z",D1,3h,-0.813,1.224,1.473,0.869,476
472F13D0,CAÑAVERAL,TUMBES,CONTRALMIRANTE VILLAR,eta5,temp,20260907,20261006,"00Z,12Z",D1,3h,-0.018,1.184,1.476,0.884,386
472F13D0,CAÑAVERAL,TUMBES,CONTRALMIRANTE VILLAR,wrf5,temp,20260907,20261006,"00Z,12Z",D1,3h,-0.41,1.192,1.468,0.854,468
472F13D0,CAÑAVERAL,TUMBES,CONTRALMIRANTE VILLAR,mpas15,temp,20260907,20261006,00Z,D1,3h,-1.665,1.773,2.069,0.887,238
47E01126,CABO INGA H,TUMBES,TUMBES,ecmwf,temp,20260907,20261006,"00Z,12Z",D1,3h,S/D,S/D,S/D,S/D,0
47E01126,CABO INGA H,TUMBES,TUMBES,gfs,temp,20260907,20261006,"00Z,12Z",D1,3h,S/D,S/D,S/D,S/D,0
47E01126,CABO INGA H,TUMBES,TUMBES,eta5,temp,20260907,20261006,"00Z,12Z",D1,3h,S/D,S/D,S/D,S/D,0
47E01126,CABO INGA H,TUMBES,TUMBES,wrf5,temp,20260907,20261006,"00Z,12Z",D1,3h,S/D,S/D,S/D,S/D,0
47E01126,CABO INGA H,TUMBES,TUMBES,mpas15,temp,20260907,20261006,00Z,D1,3h,S/D,S/D,S/D,S/D,0
472F00A6,CABO INGA M,TUMBES,TUMBES,ecmwf,temp,20260907,20261006,"00Z,12Z",D1,3h,-1.21,1.626,1.948,0.871,478
472F00A6,CABO INGA M,TUMBES,TUMBES,gfs,temp,20260907,20261006,"00Z,12Z",D1,3h,-0.973,1.855,2.228,0.826,478
472F00A6,CABO INGA M,TUMBES,TUMBES,eta5,temp,20260907,20261006,"00Z,12Z",D1,3h,-0.736,1.65,1.988,0.843,387
472F00A6,CABO INGA M,TUMBES,TUMBES,wrf5,temp,20260907,20261006,"00Z,12Z",D1,3h,-1.523,2.41,2.797,0.824,470
472F00A6,CABO INGA M,TUMBES,TUMBES,mpas15,temp,20260907,20261006,00Z,D1,3h,-1.658,2.067,2.424,0.849,239
472EF2D8,CAMPAMENTO SEDE,TUMBES,TUMBES,ecmwf,temp,20260907,20261006,"00Z,12Z",D1,3h,-0.982,1.276,1.851,0.479,410
472EF2D8,CAMPAMENTO SEDE,TUMBES,TUMBES,gfs,temp,20260907,20261006,"00Z,12Z",D1,3h,-1.933,1.96,2.421,0.593,410
472EF2D8,CAMPAMENTO SEDE,TUMBES,TUMBES,eta5,temp,20260907,20261006,"00Z,12Z",D1,3h,-0.776,1.035,1.252,0.75,329
472EF2D8,CAMPAMENTO SEDE,TUMBES,TUMBES,wrf5,temp,20260907,20261006,"00Z,12Z",D1,3h,-1.016,1.26,1.527,0.77,403
472EF2D8,CAMPAMENTO SEDE,TUMBES,TUMBES,mpas15,temp,20260907,20261006,00Z,D1,3h,-1.19,1.285,1.755,0.732,205
4724A3F6,EL TIGRE,TUMBES,TUMBES,ecmwf,temp,20260907,20261006,"00Z,12Z",D1,3h,-0.305,0.981,1.279,0.903,476
4724A3F6,EL TIGRE,TUMBES,TUMBES,gfs,temp,20260907,20261006,"00Z,12Z",D1,3h,-1.54,1.804,2.159,0.832,476
4724A3F6,EL TIGRE,TUMBES,TUMBES,eta5,temp,20260907,20261006,"00Z,12Z",D1,3h,-0.163,1.319,1.697,0.831,387
4724A3F6,EL TIGRE,TUMBES,TUMBES,wrf5,temp,20260907,20261006,"00Z,12Z",D1,3h,-0.622,1.305,1.639,0.843,468
4724A3F6,EL TIGRE,TUMBES,TUMBES,mpas15,temp,20260907,20261006,00Z,D1,3h,-2.252,2.362,2.694,0.862,238
472F43AC,HUASIMO,TUMBES,TUMBES,ecmwf,temp,20260907,20261006,"00Z,12Z",D1,3h,1.554,1.634,1.961,0.935,476
472F43AC,HUASIMO,TUMBES,TUMBES,gfs,temp,20260907,20261006,"00Z,12Z",D1,3h,1.794,1.975,2.46,0.9,476
472F43AC,HUASIMO,TUMBES,TUMBES,eta5,temp,20260907,20261006,"00Z,12Z",D1,3h,1.312,1.568,1.939,0.907,385
472F43AC,HUASIMO,TUMBES,TUMBES,wrf5,temp,20260907,20261006,"00Z,12Z",D1,3h,-0.538,1.699,2.044,0.899,468
472F43AC,HUASIMO,TUMBES,TUMBES,mpas15,temp,20260907,20261006,00Z,D1,3h,1.469,1.623,2.069,0.913,238
47E024BC,PUENTE TUMBES,TUMBES,TUMBES,ecmwf,temp,20260907,20261006,"00Z,12Z",D1,3h,S/D,S/D,S/D,S/D,0
47E024BC,PUENTE TUMBES,TUMBES,TUMBES,gfs,temp,20260907,20261006,"00Z,12Z",D1,3h,S/D,S/D,S/D,S/D,0
47E024BC,PUENTE TUMBES,TUMBES,TUMBES,eta5,temp,20260907,20261006,"00Z,12Z",D1,3h,S/D,S/D,S/D,S/D,0
47E024BC,PUENTE TUMBES,TUMBES,TUMBES,wrf5,temp,20260907,20261006,"00Z,12Z",D1,3h,S/D,S/D,S/D,S/D,0
47E024BC,PUENTE TUMBES,TUMBES,TUMBES,mpas15,temp,20260907,20261006,00Z,D1,3h,S/D,S/D,S/D,S/D,0
103068,PUERTO PIZARRO,TUMBES,TUMBES,ecmwf,temp,20260907,20261006,"00Z,12Z",D1,3h,-1.825,2.138,3.009,0.377,310
103068,PUERTO PIZARRO,TUMBES,TUMBES,gfs,temp,20260907,20261006,"00Z,12Z",D1,3h,-2.775,2.801,3.57,0.614,310
103068,PUERTO PIZARRO,TUMBES,TUMBES,eta5,temp,20260907,20261006,"00Z,12Z",D1,3h,-2.447,2.475,3.014,0.887,246
103068,PUERTO PIZARRO,TUMBES,TUMBES,wrf5,temp,20260907,20261006,"00Z,12Z",D1,3h,-1.887,2.189,3.09,0.273,305
103068,PUERTO PIZARRO,TUMBES,TUMBES,mpas15,temp,20260907,20261006,00Z,D1,3h,-1.84,1.943,2.783,0.68,155
472F264A,RICA PLAYA,TUMBES,TUMBES,ecmwf,temp,20260907,20261006,"00Z,12Z",D1,3h,-0.055,1.037,1.318,0.883,478
472F264A,RICA PLAYA,TUMBES,TUMBES,gfs,temp,20260907,20261006,"00Z,12Z",D1,3h,-1.282,1.534,1.84,0.822,478
472F264A,RICA PLAYA,TUMBES,TUMBES,eta5,temp,20260907,20261006,"00Z,12Z",D1,3h,-0.833,1.486,1.817,0.832,387
472F264A,RICA PLAYA,TUMBES,TUMBES,wrf5,temp,20260907,20261006,"00Z,12Z",D1,3h,-0.981,1.591,1.903,0.81,470
472F264A,RICA PLAYA,TUMBES,TUMBES,mpas15,temp,20260907,20261006,00Z,D1,3h,-1.999,2.125,2.484,0.853,239
472F353C,MATAPALO,TUMBES,ZARUMILLA,ecmwf,temp,20260907,20261006,"00Z,12Z",D1,3h,-1.302,1.568,1.9,0.889,478
472F353C,MATAPALO,TUMBES,ZARUMILLA,gfs,temp,20260907,20261006,"00Z,12Z",D1,3h,-1.318,1.678,2.007,0.88,478
472F353C,MATAPALO,TUMBES,ZARUMILLA,eta5,temp,20260907,20261006,"00Z,12Z",D1,3h,0.426,1.159,1.502,0.868,387
472F353C,MATAPALO,TUMBES,ZARUMILLA,wrf5,temp,20260907,20261006,"00Z,12Z",D1,3h,-0.317,1.147,1.481,0.861,470
472F353C,MATAPALO,TUMBES,ZARUMILLA,mpas15,temp,20260907,20261006,00Z,D1,3h,-1.224,1.427,1.848,0.878,239
47E86310,CALLERIA,UCAYALI,CORONEL PORTILLO,ecmwf,temp,20260907,20261006,"00Z,12Z",D1,3h,0.273,1.65,2.094,0.853,480
47E86310,CALLERIA,UCAYALI,CORONEL PORTILLO,gfs,temp,20260907,20261006,"00Z,12Z",D1,3h,1.268,2.438,3.278,0.8,480
47E86310,CALLERIA,UCAYALI,CORONEL PORTILLO,eta5,temp,20260907,20261006,"00Z,12Z",D1,3h,2.582,2.78,3.524,0.798,389
47E86310,CALLERIA,UCAYALI,CORONEL PORTILLO,wrf5,temp,20260907,20261006,"00Z,12Z",D1,3h,1.123,1.751,2.333,0.871,472
47E86310,CALLERIA,UCAYALI,CORONEL PORTILLO,mpas15,temp,20260907,20261006,00Z,D1,3h,-0.229,1.605,2.137,0.869,240
47E87066,PUERTO ESPERANZA,UCAYALI,PURUS,ecmwf,temp,20260907,20261006,"00Z,12Z",D1,3h,-0.878,1.922,2.665,0.841,480
47E87066,PUERTO ESPERANZA,UCAYALI,PURUS,gfs,temp,20260907,20261006,"00Z,12Z",D1,3h,0.645,2.514,3.237,0.807,480
47E87066,PUERTO ESPERANZA,UCAYALI,PURUS,eta5,temp,20260907,20261006,"00Z,12Z",D1,3h,2.377,2.593,3.143,0.873,389
47E87066,PUERTO ESPERANZA,UCAYALI,PURUS,wrf5,temp,20260907,20261006,"00Z,12Z",D1,3h,1.064,1.985,2.503,0.87,472
47E87066,PUERTO ESPERANZA,UCAYALI,PURUS,mpas15,temp,20260907,20261006,00Z,D1,3h,-1.108,2.031,2.748,0.868,240
270001,DESAGUADERO,PUNO,CHUCUITO,ecmwf,temp,20260907,20261006,"00Z,12Z",D1,3h,S/D,S/D,S/D,S/D,0
270001,DESAGUADERO,PUNO,CHUCUITO,gfs,temp,20260907,20261006,"00Z,12Z",D1,3h,S/D,S/D,S/D,S/D,0
270001,DESAGUADERO,PUNO,CHUCUITO,eta5,temp,20260907,20261006,"00Z,12Z",D1,3h,S/D,S/D,S/D,S/D,0
270001,DESAGUADERO,PUNO,CHUCUITO,wrf5,temp,20260907,20261006,"00Z,12Z",D1,3h,S/D,S/D,S/D,S/D,0
270001,DESAGUADERO,PUNO,CHUCUITO,mpas15,temp,20260907,20261006,00Z,D1,3h,S/D,S/D,S/D,S/D,0
101004,GUEPPI,LORETO,PUTUMAYO,ecmwf,temp,20260907,20261006,"00Z,12Z",D1,3h,0.084,1.187,1.568,0.84,480
101004,GUEPPI,LORETO,PUTUMAYO,gfs,temp,20260907,20261006,"00Z,12Z",D1,3h,-0.556,2.209,2.719,0.796,480
101004,GUEPPI,LORETO,PUTUMAYO,eta5,temp,20260907,20261006,"00Z,12Z",D1,3h,1.997,2.274,2.902,0.8,389
101004,GUEPPI,LORETO,PUTUMAYO,wrf5,temp,20260907,20261006,"00Z,12Z",D1,3h,0.579,1.652,2.202,0.819,472
101004,GUEPPI,LORETO,PUTUMAYO,mpas15,temp,20260907,20261006,00Z,D1,3h,0.041,1.206,1.636,0.836,240
