codigo,estacion,departamento,provincia,modelo,variable,periodo_inicio,periodo_fin,ciclos,horizonte,resolucion,bias,rmse,spearman,n,pod_0p1,far_0p1,csi_0p1,eventos_0p1,pod_1,far_1,csi_1,eventos_1,pod_5,far_5,csi_5,eventos_5,pod_25,far_25,csi_25,eventos_25
472B55E0,PUENTE SALINAS AMOJAO,AMAZONAS,BAGUA,ecmwf,pp,20260902,20261001,"00Z,12Z",D1,6h,-0.228,1.861,0.217,44,0.714,0.643,0.312,14,0.333,0.8,0.143,6,0.0,S/D,0.0,4,S/D,S/D,S/D,0
472B55E0,PUENTE SALINAS AMOJAO,AMAZONAS,BAGUA,gfs,pp,20260902,20261001,"00Z,12Z",D1,6h,-0.209,2.054,0.06,44,0.929,0.606,0.382,14,0.0,1.0,0.0,6,0.0,S/D,0.0,4,S/D,S/D,S/D,0
472B55E0,PUENTE SALINAS AMOJAO,AMAZONAS,BAGUA,eta5,pp,20260902,20261001,"00Z,12Z",D1,6h,0.304,1.361,0.201,36,0.7,0.667,0.292,10,0.667,0.833,0.154,3,0.0,S/D,0.0,2,S/D,S/D,S/D,0
472B55E0,PUENTE SALINAS AMOJAO,AMAZONAS,BAGUA,wrf5,pp,20260902,20261001,"00Z,12Z",D1,6h,-0.278,2.495,-0.217,43,0.143,0.833,0.083,14,0.0,1.0,0.0,6,0.0,1.0,0.0,4,S/D,S/D,S/D,0
472B55E0,PUENTE SALINAS AMOJAO,AMAZONAS,BAGUA,mpas15,pp,20260902,20261001,00Z,D1,6h,-0.305,2.134,0.022,22,0.286,0.714,0.167,7,0.333,0.75,0.167,3,0.0,S/D,0.0,2,S/D,S/D,S/D,0
472C57D4,BAGUA,AMAZONAS,UTCUBAMBA,ecmwf,pp,20260902,20261001,"00Z,12Z",D1,6h,0.623,1.306,0.203,234,1.0,0.917,0.083,14,0.8,0.873,0.123,10,0.0,1.0,0.0,4,S/D,S/D,S/D,0
472C57D4,BAGUA,AMAZONAS,UTCUBAMBA,gfs,pp,20260902,20261001,"00Z,12Z",D1,6h,0.326,0.979,0.271,234,1.0,0.92,0.08,14,0.5,0.872,0.114,10,0.0,S/D,0.0,4,S/D,S/D,S/D,0
472C57D4,BAGUA,AMAZONAS,UTCUBAMBA,eta5,pp,20260902,20261001,"00Z,12Z",D1,6h,1.414,2.545,0.086,187,0.917,0.915,0.085,12,0.444,0.951,0.047,9,0.333,0.917,0.071,3,S/D,S/D,S/D,0
472C57D4,BAGUA,AMAZONAS,UTCUBAMBA,wrf5,pp,20260902,20261001,"00Z,12Z",D1,6h,-0.131,0.859,0.096,231,0.214,0.8,0.115,14,0.0,S/D,0.0,10,0.0,S/D,0.0,4,S/D,S/D,S/D,0
472C57D4,BAGUA,AMAZONAS,UTCUBAMBA,mpas15,pp,20260902,20261001,00Z,D1,6h,1.097,1.972,0.177,117,0.714,0.934,0.064,7,0.8,0.93,0.069,5,0.5,0.75,0.2,2,S/D,S/D,S/D,0
472B607A,CORRAL QUEMADO,AMAZONAS,UTCUBAMBA,ecmwf,pp,20260902,20261001,"00Z,12Z",D1,6h,0.457,0.987,0.307,232,0.944,0.853,0.145,18,0.625,0.884,0.109,8,S/D,1.0,0.0,0,S/D,S/D,S/D,0
472B607A,CORRAL QUEMADO,AMAZONAS,UTCUBAMBA,gfs,pp,20260902,20261001,"00Z,12Z",D1,6h,0.375,0.872,0.249,232,0.833,0.877,0.12,18,0.5,0.897,0.093,8,S/D,1.0,0.0,0,S/D,S/D,S/D,0
472B607A,CORRAL QUEMADO,AMAZONAS,UTCUBAMBA,eta5,pp,20260902,20261001,"00Z,12Z",D1,6h,2.133,3.487,0.04,185,0.75,0.912,0.086,16,0.5,0.957,0.042,8,S/D,1.0,0.0,0,S/D,S/D,S/D,0
472B607A,CORRAL QUEMADO,AMAZONAS,UTCUBAMBA,wrf5,pp,20260902,20261001,"00Z,12Z",D1,6h,-0.046,0.456,0.162,228,0.059,0.875,0.042,17,0.0,1.0,0.0,7,S/D,S/D,S/D,0,S/D,S/D,S/D,0
472B607A,CORRAL QUEMADO,AMAZONAS,UTCUBAMBA,mpas15,pp,20260902,20261001,00Z,D1,6h,1.442,2.569,0.141,116,0.778,0.899,0.099,9,0.75,0.949,0.05,4,S/D,1.0,0.0,0,S/D,S/D,S/D,0
472B2370,MAGUNCHAL,AMAZONAS,UTCUBAMBA,ecmwf,pp,20260902,20261001,"00Z,12Z",D1,6h,0.243,1.66,0.364,228,1.0,0.839,0.161,22,0.429,0.838,0.133,14,0.0,1.0,0.0,4,S/D,S/D,S/D,0
472B2370,MAGUNCHAL,AMAZONAS,UTCUBAMBA,gfs,pp,20260902,20261001,"00Z,12Z",D1,6h,0.79,1.901,0.301,228,0.955,0.875,0.124,22,0.714,0.865,0.128,14,0.5,0.846,0.133,4,S/D,S/D,S/D,0
472B2370,MAGUNCHAL,AMAZONAS,UTCUBAMBA,eta5,pp,20260902,20261001,"00Z,12Z",D1,6h,2.009,4.185,0.157,181,0.824,0.895,0.103,17,0.636,0.93,0.067,11,0.0,1.0,0.0,3,S/D,S/D,S/D,0
472B2370,MAGUNCHAL,AMAZONAS,UTCUBAMBA,wrf5,pp,20260902,20261001,"00Z,12Z",D1,6h,-0.232,1.441,0.353,224,0.364,0.68,0.205,22,0.143,0.5,0.125,14,0.0,S/D,0.0,4,S/D,S/D,S/D,0
472B2370,MAGUNCHAL,AMAZONAS,UTCUBAMBA,mpas15,pp,20260902,20261001,00Z,D1,6h,1.125,2.666,0.274,114,1.0,0.8,0.2,11,0.857,0.87,0.128,7,0.0,1.0,0.0,2,S/D,S/D,S/D,0
220907,NARANJITO,AMAZONAS,UTCUBAMBA,ecmwf,pp,20260902,20261001,"00Z,12Z",D1,6h,0.363,1.157,0.145,234,0.889,0.89,0.109,18,0.25,0.917,0.067,8,0.0,1.0,0.0,2,S/D,S/D,S/D,0
220907,NARANJITO,AMAZONAS,UTCUBAMBA,gfs,pp,20260902,20261001,"00Z,12Z",D1,6h,0.688,1.367,0.186,234,1.0,0.888,0.112,18,0.5,0.938,0.058,8,0.0,1.0,0.0,2,S/D,S/D,S/D,0
220907,NARANJITO,AMAZONAS,UTCUBAMBA,eta5,pp,20260902,20261001,"00Z,12Z",D1,6h,2.745,4.686,0.063,187,0.733,0.919,0.079,15,0.5,0.971,0.028,6,0.0,1.0,0.0,2,S/D,S/D,S/D,0
220907,NARANJITO,AMAZONAS,UTCUBAMBA,wrf5,pp,20260902,20261001,"00Z,12Z",D1,6h,-0.032,0.72,0.155,230,0.222,0.81,0.114,18,0.25,0.667,0.167,8,0.0,S/D,0.0,2,S/D,S/D,S/D,0
220907,NARANJITO,AMAZONAS,UTCUBAMBA,mpas15,pp,20260902,20261001,00Z,D1,6h,1.321,2.533,0.151,117,0.889,0.857,0.14,9,0.75,0.936,0.062,4,0.0,1.0,0.0,1,S/D,S/D,S/D,0
109096,BUENA VISTA,ANCASH,CASMA,ecmwf,pp,20260902,20261001,"00Z,12Z",D1,6h,-0.004,0.062,0.025,222,0.0,S/D,0.0,4,S/D,S/D,S/D,0,S/D,S/D,S/D,0,S/D,S/D,S/D,0
109096,BUENA VISTA,ANCASH,CASMA,gfs,pp,20260902,20261001,"00Z,12Z",D1,6h,-0.002,0.067,-0.044,222,0.0,1.0,0.0,4,S/D,S/D,S/D,0,S/D,S/D,S/D,0,S/D,S/D,S/D,0
109096,BUENA VISTA,ANCASH,CASMA,eta5,pp,20260902,20261001,"00Z,12Z",D1,6h,-0.005,0.057,-0.036,176,0.0,1.0,0.0,3,S/D,S/D,S/D,0,S/D,S/D,S/D,0,S/D,S/D,S/D,0
109096,BUENA VISTA,ANCASH,CASMA,wrf5,pp,20260902,20261001,"00Z,12Z",D1,6h,-0.007,0.064,-0.037,218,0.0,S/D,0.0,4,S/D,S/D,S/D,0,S/D,S/D,S/D,0,S/D,S/D,S/D,0
109096,BUENA VISTA,ANCASH,CASMA,mpas15,pp,20260902,20261001,00Z,D1,6h,-0.008,0.064,-0.085,111,0.0,S/D,0.0,2,S/D,S/D,S/D,0,S/D,S/D,S/D,0,S/D,S/D,S/D,0
4725A10C,CHAVIN,ANCASH,HUARI,ecmwf,pp,20260902,20261001,"00Z,12Z",D1,6h,0.461,1.445,0.216,222,0.682,0.868,0.124,22,0.5,0.759,0.194,14,S/D,1.0,0.0,0,S/D,S/D,S/D,0
4725A10C,CHAVIN,ANCASH,HUARI,gfs,pp,20260902,20261001,"00Z,12Z",D1,6h,0.813,1.756,0.003,222,0.636,0.903,0.092,22,0.214,0.952,0.041,14,S/D,1.0,0.0,0,S/D,S/D,S/D,0
4725A10C,CHAVIN,ANCASH,HUARI,eta5,pp,20260902,20261001,"00Z,12Z",D1,6h,0.44,1.083,0.133,180,0.611,0.864,0.125,18,0.364,0.892,0.091,11,S/D,S/D,S/D,0,S/D,S/D,S/D,0
4725A10C,CHAVIN,ANCASH,HUARI,wrf5,pp,20260902,20261001,"00Z,12Z",D1,6h,0.14,1.027,0.039,218,0.318,0.873,0.1,22,0.0,1.0,0.0,14,S/D,1.0,0.0,0,S/D,S/D,S/D,0
4725A10C,CHAVIN,ANCASH,HUARI,mpas15,pp,20260902,20261001,00Z,D1,6h,1.28,2.898,0.174,111,0.636,0.883,0.109,11,0.714,0.875,0.119,7,S/D,1.0,0.0,0,S/D,S/D,S/D,0
109091,SAUCEPAMPA,ANCASH,HUAYLAS,ecmwf,pp,20260902,20261001,"00Z,12Z",D1,6h,0.405,0.909,0.086,230,0.75,0.974,0.026,4,S/D,1.0,0.0,0,S/D,1.0,0.0,0,S/D,S/D,S/D,0
109091,SAUCEPAMPA,ANCASH,HUAYLAS,gfs,pp,20260902,20261001,"00Z,12Z",D1,6h,0.933,1.621,0.129,230,1.0,0.977,0.023,4,S/D,1.0,0.0,0,S/D,1.0,0.0,0,S/D,S/D,S/D,0
109091,SAUCEPAMPA,ANCASH,HUAYLAS,eta5,pp,20260902,20261001,"00Z,12Z",D1,6h,0.705,1.683,0.058,184,0.5,0.985,0.015,2,S/D,1.0,0.0,0,S/D,1.0,0.0,0,S/D,S/D,S/D,0
109091,SAUCEPAMPA,ANCASH,HUAYLAS,wrf5,pp,20260902,20261001,"00Z,12Z",D1,6h,0.09,0.362,0.141,227,0.25,0.967,0.03,4,S/D,1.0,0.0,0,S/D,S/D,S/D,0,S/D,S/D,S/D,0
109091,SAUCEPAMPA,ANCASH,HUAYLAS,mpas15,pp,20260902,20261001,00Z,D1,6h,1.101,2.223,0.017,115,0.5,0.981,0.018,2,S/D,1.0,0.0,0,S/D,1.0,0.0,0,S/D,S/D,S/D,0
472182DA,PUENTE CAHUA,ANCASH,OCROS,ecmwf,pp,20260902,20261001,"00Z,12Z",D1,6h,S/D,S/D,S/D,0,S/D,S/D,S/D,0,S/D,S/D,S/D,0,S/D,S/D,S/D,0,S/D,S/D,S/D,0
472182DA,PUENTE CAHUA,ANCASH,OCROS,gfs,pp,20260902,20261001,"00Z,12Z",D1,6h,S/D,S/D,S/D,0,S/D,S/D,S/D,0,S/D,S/D,S/D,0,S/D,S/D,S/D,0,S/D,S/D,S/D,0
472182DA,PUENTE CAHUA,ANCASH,OCROS,eta5,pp,20260902,20261001,"00Z,12Z",D1,6h,S/D,S/D,S/D,0,S/D,S/D,S/D,0,S/D,S/D,S/D,0,S/D,S/D,S/D,0,S/D,S/D,S/D,0
472182DA,PUENTE CAHUA,ANCASH,OCROS,wrf5,pp,20260902,20261001,"00Z,12Z",D1,6h,S/D,S/D,S/D,0,S/D,S/D,S/D,0,S/D,S/D,S/D,0,S/D,S/D,S/D,0,S/D,S/D,S/D,0
472182DA,PUENTE CAHUA,ANCASH,OCROS,mpas15,pp,20260902,20261001,00Z,D1,6h,S/D,S/D,S/D,0,S/D,S/D,S/D,0,S/D,S/D,S/D,0,S/D,S/D,S/D,0,S/D,S/D,S/D,0
47E89394,PACHACOTO,ANCASH,RECUAY,ecmwf,pp,20260902,20261001,"00Z,12Z",D1,6h,0.14,1.115,0.199,236,0.583,0.844,0.14,24,0.667,0.778,0.2,6,0.0,S/D,0.0,2,S/D,S/D,S/D,0
47E89394,PACHACOTO,ANCASH,RECUAY,gfs,pp,20260902,20261001,"00Z,12Z",D1,6h,0.477,1.233,0.357,236,0.958,0.851,0.148,24,0.833,0.9,0.098,6,0.0,1.0,0.0,2,S/D,S/D,S/D,0
47E89394,PACHACOTO,ANCASH,RECUAY,eta5,pp,20260902,20261001,"00Z,12Z",D1,6h,0.234,1.119,0.359,189,0.737,0.725,0.25,19,0.6,0.842,0.143,5,0.0,1.0,0.0,1,S/D,S/D,S/D,0
47E89394,PACHACOTO,ANCASH,RECUAY,wrf5,pp,20260902,20261001,"00Z,12Z",D1,6h,0.271,1.6,0.339,233,0.5,0.76,0.194,24,0.667,0.84,0.148,6,0.0,1.0,0.0,2,S/D,S/D,S/D,0
47E89394,PACHACOTO,ANCASH,RECUAY,mpas15,pp,20260902,20261001,00Z,D1,6h,0.784,2.219,0.172,118,0.667,0.814,0.17,12,0.667,0.939,0.059,3,0.0,1.0,0.0,1,S/D,S/D,S/D,0
47259496,RECUAY,ANCASH,RECUAY,ecmwf,pp,20260902,20261001,"00Z,12Z",D1,6h,0.212,0.605,0.226,224,0.722,0.854,0.138,18,0.5,0.765,0.19,8,S/D,S/D,S/D,0,S/D,S/D,S/D,0
47259496,RECUAY,ANCASH,RECUAY,gfs,pp,20260902,20261001,"00Z,12Z",D1,6h,0.583,1.101,0.304,224,0.944,0.889,0.11,18,0.75,0.882,0.113,8,S/D,1.0,0.0,0,S/D,S/D,S/D,0
47259496,RECUAY,ANCASH,RECUAY,eta5,pp,20260902,20261001,"00Z,12Z",D1,6h,0.339,1.065,0.275,181,0.643,0.816,0.167,14,0.571,0.818,0.16,7,S/D,S/D,S/D,0,S/D,S/D,S/D,0
47259496,RECUAY,ANCASH,RECUAY,wrf5,pp,20260902,20261001,"00Z,12Z",D1,6h,0.251,1.1,0.396,220,0.667,0.739,0.231,18,0.5,0.818,0.154,8,S/D,1.0,0.0,0,S/D,S/D,S/D,0
47259496,RECUAY,ANCASH,RECUAY,mpas15,pp,20260902,20261001,00Z,D1,6h,0.917,2.204,0.147,112,0.667,0.878,0.115,9,0.75,0.921,0.077,4,S/D,1.0,0.0,0,S/D,S/D,S/D,0
110138,SHAQUEK,ANCASH,RECUAY,ecmwf,pp,20260902,20261001,"00Z,12Z",D1,6h,0.467,1.033,S/D,234,S/D,1.0,0.0,0,S/D,1.0,0.0,0,S/D,1.0,0.0,0,S/D,S/D,S/D,0
110138,SHAQUEK,ANCASH,RECUAY,gfs,pp,20260902,20261001,"00Z,12Z",D1,6h,0.276,0.596,S/D,234,S/D,1.0,0.0,0,S/D,1.0,0.0,0,S/D,S/D,S/D,0,S/D,S/D,S/D,0
110138,SHAQUEK,ANCASH,RECUAY,eta5,pp,20260902,20261001,"00Z,12Z",D1,6h,0.012,0.055,S/D,187,S/D,1.0,0.0,0,S/D,S/D,S/D,0,S/D,S/D,S/D,0,S/D,S/D,S/D,0
110138,SHAQUEK,ANCASH,RECUAY,wrf5,pp,20260902,20261001,"00Z,12Z",D1,6h,0.074,0.358,S/D,231,S/D,1.0,0.0,0,S/D,1.0,0.0,0,S/D,S/D,S/D,0,S/D,S/D,S/D,0
110138,SHAQUEK,ANCASH,RECUAY,mpas15,pp,20260902,20261001,00Z,D1,6h,0.491,1.206,S/D,117,S/D,1.0,0.0,0,S/D,1.0,0.0,0,S/D,1.0,0.0,0,S/D,S/D,S/D,0
211601,SAN JACINTO,ANCASH,SANTA,ecmwf,pp,20260902,20261001,"00Z,12Z",D1,6h,S/D,S/D,S/D,0,S/D,S/D,S/D,0,S/D,S/D,S/D,0,S/D,S/D,S/D,0,S/D,S/D,S/D,0
211601,SAN JACINTO,ANCASH,SANTA,gfs,pp,20260902,20261001,"00Z,12Z",D1,6h,S/D,S/D,S/D,0,S/D,S/D,S/D,0,S/D,S/D,S/D,0,S/D,S/D,S/D,0,S/D,S/D,S/D,0
211601,SAN JACINTO,ANCASH,SANTA,eta5,pp,20260902,20261001,"00Z,12Z",D1,6h,S/D,S/D,S/D,0,S/D,S/D,S/D,0,S/D,S/D,S/D,0,S/D,S/D,S/D,0,S/D,S/D,S/D,0
211601,SAN JACINTO,ANCASH,SANTA,wrf5,pp,20260902,20261001,"00Z,12Z",D1,6h,S/D,S/D,S/D,0,S/D,S/D,S/D,0,S/D,S/D,S/D,0,S/D,S/D,S/D,0,S/D,S/D,S/D,0
211601,SAN JACINTO,ANCASH,SANTA,mpas15,pp,20260902,20261001,00Z,D1,6h,S/D,S/D,S/D,0,S/D,S/D,S/D,0,S/D,S/D,S/D,0,S/D,S/D,S/D,0,S/D,S/D,S/D,0
113253,CURAHUASI,APURIMAC,ABANCAY,ecmwf,pp,20260902,20261001,"00Z,12Z",D1,6h,0.453,0.955,0.45,232,1.0,0.821,0.179,24,0.75,0.85,0.143,8,S/D,1.0,0.0,0,S/D,S/D,S/D,0
113253,CURAHUASI,APURIMAC,ABANCAY,gfs,pp,20260902,20261001,"00Z,12Z",D1,6h,0.887,2.09,0.397,232,1.0,0.848,0.152,24,0.625,0.924,0.072,8,S/D,1.0,0.0,0,S/D,S/D,S/D,0
113253,CURAHUASI,APURIMAC,ABANCAY,eta5,pp,20260902,20261001,"00Z,12Z",D1,6h,0.423,1.131,0.392,188,0.85,0.734,0.254,20,0.571,0.886,0.105,7,S/D,1.0,0.0,0,S/D,S/D,S/D,0
113253,CURAHUASI,APURIMAC,ABANCAY,wrf5,pp,20260902,20261001,"00Z,12Z",D1,6h,0.252,1.525,0.506,228,0.708,0.575,0.362,24,0.375,0.824,0.136,8,S/D,1.0,0.0,0,S/D,S/D,S/D,0
113253,CURAHUASI,APURIMAC,ABANCAY,mpas15,pp,20260902,20261001,00Z,D1,6h,0.542,1.278,0.192,116,0.667,0.818,0.167,12,0.25,0.971,0.027,4,S/D,1.0,0.0,0,S/D,S/D,S/D,0
47263360,GRANJA SAN ANTONIO,APURIMAC,ABANCAY,ecmwf,pp,20260902,20261001,"00Z,12Z",D1,6h,0.141,1.288,0.482,220,0.776,0.637,0.328,58,0.682,0.583,0.349,22,0.0,1.0,0.0,4,S/D,S/D,S/D,0
47263360,GRANJA SAN ANTONIO,APURIMAC,ABANCAY,gfs,pp,20260902,20261001,"00Z,12Z",D1,6h,0.565,2.066,0.446,220,0.879,0.669,0.317,58,0.591,0.783,0.188,22,0.0,1.0,0.0,4,S/D,S/D,S/D,0
47263360,GRANJA SAN ANTONIO,APURIMAC,ABANCAY,eta5,pp,20260902,20261001,"00Z,12Z",D1,6h,-0.281,1.523,0.304,177,0.429,0.475,0.309,49,0.059,0.8,0.048,17,0.0,S/D,0.0,4,S/D,S/D,S/D,0
47263360,GRANJA SAN ANTONIO,APURIMAC,ABANCAY,wrf5,pp,20260902,20261001,"00Z,12Z",D1,6h,0.314,2.579,0.511,216,0.625,0.364,0.461,56,0.409,0.679,0.22,22,0.0,1.0,0.0,4,S/D,S/D,S/D,0
47263360,GRANJA SAN ANTONIO,APURIMAC,ABANCAY,mpas15,pp,20260902,20261001,00Z,D1,6h,0.38,1.777,0.267,110,0.621,0.617,0.31,29,0.636,0.788,0.189,11,0.0,1.0,0.0,2,S/D,S/D,S/D,0
472B16EA,HUACULLO,APURIMAC,ANTABAMBA,ecmwf,pp,20260902,20261001,"00Z,12Z",D1,6h,0.15,0.86,0.445,232,0.816,0.592,0.373,38,0.444,0.704,0.216,18,S/D,S/D,S/D,0,S/D,S/D,S/D,0
472B16EA,HUACULLO,APURIMAC,ANTABAMBA,gfs,pp,20260902,20261001,"00Z,12Z",D1,6h,0.542,1.436,0.424,232,0.921,0.724,0.269,38,0.556,0.828,0.152,18,S/D,1.0,0.0,0,S/D,S/D,S/D,0
472B16EA,HUACULLO,APURIMAC,ANTABAMBA,eta5,pp,20260902,20261001,"00Z,12Z",D1,6h,0.807,1.941,0.517,186,0.886,0.592,0.388,35,0.833,0.688,0.294,18,S/D,1.0,0.0,0,S/D,S/D,S/D,0
472B16EA,HUACULLO,APURIMAC,ANTABAMBA,wrf5,pp,20260902,20261001,"00Z,12Z",D1,6h,0.352,1.673,0.399,228,0.649,0.652,0.293,37,0.294,0.815,0.128,17,S/D,1.0,0.0,0,S/D,S/D,S/D,0
472B16EA,HUACULLO,APURIMAC,ANTABAMBA,mpas15,pp,20260902,20261001,00Z,D1,6h,0.248,1.007,0.346,116,0.684,0.581,0.351,19,0.667,0.76,0.214,9,S/D,1.0,0.0,0,S/D,S/D,S/D,0
113246,TANCAYLLO,APURIMAC,CHINCHEROS,ecmwf,pp,20260902,20261001,"00Z,12Z",D1,6h,0.577,1.612,0.486,234,0.957,0.627,0.367,46,0.5,0.838,0.14,12,1.0,0.846,0.154,2,S/D,S/D,S/D,0
113246,TANCAYLLO,APURIMAC,CHINCHEROS,gfs,pp,20260902,20261001,"00Z,12Z",D1,6h,0.589,1.892,0.431,234,0.913,0.704,0.288,46,0.667,0.822,0.163,12,1.0,0.818,0.182,2,S/D,S/D,S/D,0
113246,TANCAYLLO,APURIMAC,CHINCHEROS,eta5,pp,20260902,20261001,"00Z,12Z",D1,6h,0.007,1.198,0.458,189,0.523,0.549,0.319,44,0.333,0.789,0.148,12,0.0,1.0,0.0,2,S/D,S/D,S/D,0
113246,TANCAYLLO,APURIMAC,CHINCHEROS,wrf5,pp,20260902,20261001,"00Z,12Z",D1,6h,0.356,1.635,0.438,231,0.533,0.538,0.329,45,0.727,0.75,0.229,11,1.0,0.75,0.25,2,S/D,S/D,S/D,0
113246,TANCAYLLO,APURIMAC,CHINCHEROS,mpas15,pp,20260902,20261001,00Z,D1,6h,0.664,1.516,0.412,117,0.826,0.648,0.328,23,0.667,0.879,0.114,6,1.0,0.8,0.2,1,S/D,S/D,S/D,0
472A1410,CASACCANCHA,APURIMAC,COTABAMBAS,ecmwf,pp,20260902,20261001,"00Z,12Z",D1,6h,0.453,1.109,0.484,236,1.0,0.69,0.31,36,0.786,0.78,0.208,14,S/D,1.0,0.0,0,S/D,S/D,S/D,0
472A1410,CASACCANCHA,APURIMAC,COTABAMBAS,gfs,pp,20260902,20261001,"00Z,12Z",D1,6h,0.273,0.855,0.41,236,0.972,0.737,0.261,36,0.286,0.867,0.1,14,S/D,1.0,0.0,0,S/D,S/D,S/D,0
472A1410,CASACCANCHA,APURIMAC,COTABAMBAS,eta5,pp,20260902,20261001,"00Z,12Z",D1,6h,0.112,0.794,0.369,189,0.636,0.644,0.296,33,0.5,0.682,0.241,14,S/D,S/D,S/D,0,S/D,S/D,S/D,0
472A1410,CASACCANCHA,APURIMAC,COTABAMBAS,wrf5,pp,20260902,20261001,"00Z,12Z",D1,6h,0.255,1.049,0.445,233,0.714,0.643,0.312,35,0.429,0.76,0.182,14,S/D,1.0,0.0,0,S/D,S/D,S/D,0
472A1410,CASACCANCHA,APURIMAC,COTABAMBAS,mpas15,pp,20260902,20261001,00Z,D1,6h,0.449,1.159,0.269,118,0.722,0.711,0.26,18,0.429,0.903,0.086,7,S/D,S/D,S/D,0,S/D,S/D,S/D,0
116085,AREQUIPA UV,AREQUIPA,AREQUIPA,ecmwf,pp,20260902,20261001,"00Z,12Z",D1,6h,0.111,0.116,S/D,2,S/D,1.0,0.0,0,S/D,S/D,S/D,0,S/D,S/D,S/D,0,S/D,S/D,S/D,0
116085,AREQUIPA UV,AREQUIPA,AREQUIPA,gfs,pp,20260902,20261001,"00Z,12Z",D1,6h,0.156,0.182,S/D,2,S/D,1.0,0.0,0,S/D,S/D,S/D,0,S/D,S/D,S/D,0,S/D,S/D,S/D,0
116085,AREQUIPA UV,AREQUIPA,AREQUIPA,eta5,pp,20260902,20261001,"00Z,12Z",D1,6h,0.001,0.001,S/D,2,S/D,S/D,S/D,0,S/D,S/D,S/D,0,S/D,S/D,S/D,0,S/D,S/D,S/D,0
116085,AREQUIPA UV,AREQUIPA,AREQUIPA,wrf5,pp,20260902,20261001,"00Z,12Z",D1,6h,0.005,0.007,S/D,2,S/D,S/D,S/D,0,S/D,S/D,S/D,0,S/D,S/D,S/D,0,S/D,S/D,S/D,0
116085,AREQUIPA UV,AREQUIPA,AREQUIPA,mpas15,pp,20260902,20261001,00Z,D1,6h,0.0,0.0,S/D,1,S/D,S/D,S/D,0,S/D,S/D,S/D,0,S/D,S/D,S/D,0,S/D,S/D,S/D,0
47E26242,BOYADERO,AREQUIPA,AREQUIPA,ecmwf,pp,20260902,20261001,"00Z,12Z",D1,6h,0.004,0.033,S/D,236,S/D,1.0,0.0,0,S/D,S/D,S/D,0,S/D,S/D,S/D,0,S/D,S/D,S/D,0
47E26242,BOYADERO,AREQUIPA,AREQUIPA,gfs,pp,20260902,20261001,"00Z,12Z",D1,6h,0.0,0.0,S/D,236,S/D,S/D,S/D,0,S/D,S/D,S/D,0,S/D,S/D,S/D,0,S/D,S/D,S/D,0
47E26242,BOYADERO,AREQUIPA,AREQUIPA,eta5,pp,20260902,20261001,"00Z,12Z",D1,6h,0.0,0.0,S/D,189,S/D,S/D,S/D,0,S/D,S/D,S/D,0,S/D,S/D,S/D,0,S/D,S/D,S/D,0
47E26242,BOYADERO,AREQUIPA,AREQUIPA,wrf5,pp,20260902,20261001,"00Z,12Z",D1,6h,0.0,0.001,S/D,232,S/D,S/D,S/D,0,S/D,S/D,S/D,0,S/D,S/D,S/D,0,S/D,S/D,S/D,0
47E26242,BOYADERO,AREQUIPA,AREQUIPA,mpas15,pp,20260902,20261001,00Z,D1,6h,0.0,0.0,S/D,118,S/D,S/D,S/D,0,S/D,S/D,S/D,0,S/D,S/D,S/D,0,S/D,S/D,S/D,0
116083,CAYMA,AREQUIPA,AREQUIPA,ecmwf,pp,20260902,20261001,"00Z,12Z",D1,6h,-0.128,2.034,-0.037,236,0.0,1.0,0.0,2,0.0,1.0,0.0,2,0.0,S/D,0.0,2,S/D,S/D,S/D,0
116083,CAYMA,AREQUIPA,AREQUIPA,gfs,pp,20260902,20261001,"00Z,12Z",D1,6h,-0.161,2.019,-0.025,236,0.0,1.0,0.0,2,0.0,1.0,0.0,2,0.0,S/D,0.0,2,S/D,S/D,S/D,0
116083,CAYMA,AREQUIPA,AREQUIPA,eta5,pp,20260902,20261001,"00Z,12Z",D1,6h,-0.232,2.253,-0.013,189,0.0,S/D,0.0,2,0.0,S/D,0.0,2,0.0,S/D,0.0,2,S/D,S/D,S/D,0
116083,CAYMA,AREQUIPA,AREQUIPA,wrf5,pp,20260902,20261001,"00Z,12Z",D1,6h,-0.09,1.435,-0.01,233,0.0,1.0,0.0,1,0.0,S/D,0.0,1,0.0,S/D,0.0,1,S/D,S/D,S/D,0
116083,CAYMA,AREQUIPA,AREQUIPA,mpas15,pp,20260902,20261001,00Z,D1,6h,-0.177,2.018,-0.061,118,0.0,1.0,0.0,1,0.0,S/D,0.0,1,0.0,S/D,0.0,1,S/D,S/D,S/D,0
472147C4,CHARCANI,AREQUIPA,AREQUIPA,ecmwf,pp,20260902,20261001,"00Z,12Z",D1,6h,0.031,0.384,0.066,232,0.5,0.882,0.105,4,0.0,1.0,0.0,2,S/D,S/D,S/D,0,S/D,S/D,S/D,0
472147C4,CHARCANI,AREQUIPA,AREQUIPA,gfs,pp,20260902,20261001,"00Z,12Z",D1,6h,-0.002,0.301,0.23,232,0.5,0.846,0.133,4,0.0,1.0,0.0,2,S/D,S/D,S/D,0,S/D,S/D,S/D,0
472147C4,CHARCANI,AREQUIPA,AREQUIPA,eta5,pp,20260902,20261001,"00Z,12Z",D1,6h,-0.028,0.315,0.156,185,0.25,0.667,0.167,4,0.0,S/D,0.0,2,S/D,S/D,S/D,0,S/D,S/D,S/D,0
472147C4,CHARCANI,AREQUIPA,AREQUIPA,wrf5,pp,20260902,20261001,"00Z,12Z",D1,6h,-0.009,0.202,0.433,229,0.667,0.333,0.5,3,0.0,S/D,0.0,1,S/D,S/D,S/D,0,S/D,S/D,S/D,0
472147C4,CHARCANI,AREQUIPA,AREQUIPA,mpas15,pp,20260902,20261001,00Z,D1,6h,-0.001,0.319,0.21,116,0.5,0.667,0.25,2,0.0,1.0,0.0,1,S/D,S/D,S/D,0,S/D,S/D,S/D,0
116077,CHIGUATA,AREQUIPA,AREQUIPA,ecmwf,pp,20260902,20261001,"00Z,12Z",D1,6h,0.002,0.013,S/D,236,S/D,1.0,0.0,0,S/D,S/D,S/D,0,S/D,S/D,S/D,0,S/D,S/D,S/D,0
116077,CHIGUATA,AREQUIPA,AREQUIPA,gfs,pp,20260902,20261001,"00Z,12Z",D1,6h,0.009,0.051,S/D,236,S/D,1.0,0.0,0,S/D,S/D,S/D,0,S/D,S/D,S/D,0,S/D,S/D,S/D,0
116077,CHIGUATA,AREQUIPA,AREQUIPA,eta5,pp,20260902,20261001,"00Z,12Z",D1,6h,0.008,0.066,S/D,190,S/D,1.0,0.0,0,S/D,S/D,S/D,0,S/D,S/D,S/D,0,S/D,S/D,S/D,0
116077,CHIGUATA,AREQUIPA,AREQUIPA,wrf5,pp,20260902,20261001,"00Z,12Z",D1,6h,0.008,0.074,S/D,232,S/D,1.0,0.0,0,S/D,S/D,S/D,0,S/D,S/D,S/D,0,S/D,S/D,S/D,0
116077,CHIGUATA,AREQUIPA,AREQUIPA,mpas15,pp,20260902,20261001,00Z,D1,6h,0.093,0.38,S/D,118,S/D,1.0,0.0,0,S/D,1.0,0.0,0,S/D,S/D,S/D,0,S/D,S/D,S/D,0
116065,LA PAMPILLA,AREQUIPA,AREQUIPA,ecmwf,pp,20260902,20261001,"00Z,12Z",D1,6h,0.002,0.013,S/D,238,S/D,1.0,0.0,0,S/D,S/D,S/D,0,S/D,S/D,S/D,0,S/D,S/D,S/D,0
116065,LA PAMPILLA,AREQUIPA,AREQUIPA,gfs,pp,20260902,20261001,"00Z,12Z",D1,6h,0.009,0.05,S/D,238,S/D,1.0,0.0,0,S/D,S/D,S/D,0,S/D,S/D,S/D,0,S/D,S/D,S/D,0
116065,LA PAMPILLA,AREQUIPA,AREQUIPA,eta5,pp,20260902,20261001,"00Z,12Z",D1,6h,0.0,0.0,S/D,191,S/D,S/D,S/D,0,S/D,S/D,S/D,0,S/D,S/D,S/D,0,S/D,S/D,S/D,0
116065,LA PAMPILLA,AREQUIPA,AREQUIPA,wrf5,pp,20260902,20261001,"00Z,12Z",D1,6h,0.002,0.02,S/D,234,S/D,1.0,0.0,0,S/D,S/D,S/D,0,S/D,S/D,S/D,0,S/D,S/D,S/D,0
116065,LA PAMPILLA,AREQUIPA,AREQUIPA,mpas15,pp,20260902,20261001,00Z,D1,6h,0.025,0.159,S/D,119,S/D,1.0,0.0,0,S/D,1.0,0.0,0,S/D,S/D,S/D,0,S/D,S/D,S/D,0
47E360B8,PATAHUASI,AREQUIPA,AREQUIPA,ecmwf,pp,20260902,20261001,"00Z,12Z",D1,6h,0.078,0.365,0.15,236,0.0,1.0,0.0,2,S/D,1.0,0.0,0,S/D,S/D,S/D,0,S/D,S/D,S/D,0
47E360B8,PATAHUASI,AREQUIPA,AREQUIPA,gfs,pp,20260902,20261001,"00Z,12Z",D1,6h,0.078,0.301,0.084,236,0.5,0.962,0.037,2,S/D,1.0,0.0,0,S/D,S/D,S/D,0,S/D,S/D,S/D,0
47E360B8,PATAHUASI,AREQUIPA,AREQUIPA,eta5,pp,20260902,20261001,"00Z,12Z",D1,6h,0.064,0.369,-0.023,190,0.0,1.0,0.0,1,S/D,1.0,0.0,0,S/D,S/D,S/D,0,S/D,S/D,S/D,0
47E360B8,PATAHUASI,AREQUIPA,AREQUIPA,wrf5,pp,20260902,20261001,"00Z,12Z",D1,6h,0.054,0.457,-0.029,232,0.0,1.0,0.0,2,S/D,1.0,0.0,0,S/D,1.0,0.0,0,S/D,S/D,S/D,0
47E360B8,PATAHUASI,AREQUIPA,AREQUIPA,mpas15,pp,20260902,20261001,00Z,D1,6h,0.214,0.569,0.153,118,1.0,0.95,0.05,1,S/D,1.0,0.0,0,S/D,S/D,S/D,0,S/D,S/D,S/D,0
4722E032,PUENTE DEL DIABLO,AREQUIPA,AREQUIPA,ecmwf,pp,20260902,20261001,"00Z,12Z",D1,6h,-0.004,0.058,0.301,218,0.0,1.0,0.0,2,S/D,S/D,S/D,0,S/D,S/D,S/D,0,S/D,S/D,S/D,0
4722E032,PUENTE DEL DIABLO,AREQUIPA,AREQUIPA,gfs,pp,20260902,20261001,"00Z,12Z",D1,6h,-0.005,0.058,-0.007,218,0.0,S/D,0.0,2,S/D,S/D,S/D,0,S/D,S/D,S/D,0,S/D,S/D,S/D,0
4722E032,PUENTE DEL DIABLO,AREQUIPA,AREQUIPA,eta5,pp,20260902,20261001,"00Z,12Z",D1,6h,-0.007,0.064,S/D,174,0.0,S/D,0.0,2,S/D,S/D,S/D,0,S/D,S/D,S/D,0,S/D,S/D,S/D,0
4722E032,PUENTE DEL DIABLO,AREQUIPA,AREQUIPA,wrf5,pp,20260902,20261001,"00Z,12Z",D1,6h,-0.005,0.058,-0.009,214,0.0,S/D,0.0,2,S/D,S/D,S/D,0,S/D,S/D,S/D,0,S/D,S/D,S/D,0
4722E032,PUENTE DEL DIABLO,AREQUIPA,AREQUIPA,mpas15,pp,20260902,20261001,00Z,D1,6h,-0.005,0.057,-0.063,109,0.0,S/D,0.0,1,S/D,S/D,S/D,0,S/D,S/D,S/D,0,S/D,S/D,S/D,0
116082,SAN FRANCISCO,AREQUIPA,AREQUIPA,ecmwf,pp,20260902,20261001,"00Z,12Z",D1,6h,0.002,0.012,S/D,234,S/D,1.0,0.0,0,S/D,S/D,S/D,0,S/D,S/D,S/D,0,S/D,S/D,S/D,0
116082,SAN FRANCISCO,AREQUIPA,AREQUIPA,gfs,pp,20260902,20261001,"00Z,12Z",D1,6h,0.009,0.051,S/D,234,S/D,1.0,0.0,0,S/D,S/D,S/D,0,S/D,S/D,S/D,0,S/D,S/D,S/D,0
116082,SAN FRANCISCO,AREQUIPA,AREQUIPA,eta5,pp,20260902,20261001,"00Z,12Z",D1,6h,0.0,0.0,S/D,188,S/D,S/D,S/D,0,S/D,S/D,S/D,0,S/D,S/D,S/D,0,S/D,S/D,S/D,0
116082,SAN FRANCISCO,AREQUIPA,AREQUIPA,wrf5,pp,20260902,20261001,"00Z,12Z",D1,6h,0.003,0.027,S/D,230,S/D,1.0,0.0,0,S/D,S/D,S/D,0,S/D,S/D,S/D,0,S/D,S/D,S/D,0
116082,SAN FRANCISCO,AREQUIPA,AREQUIPA,mpas15,pp,20260902,20261001,00Z,D1,6h,0.017,0.131,S/D,117,S/D,1.0,0.0,0,S/D,1.0,0.0,0,S/D,S/D,S/D,0,S/D,S/D,S/D,0
47E3B6D0,SAN JOSE DE UZUNA,AREQUIPA,AREQUIPA,ecmwf,pp,20260902,20261001,"00Z,12Z",D1,6h,0.052,0.406,-0.066,238,0.0,1.0,0.0,4,0.0,1.0,0.0,2,S/D,S/D,S/D,0,S/D,S/D,S/D,0
47E3B6D0,SAN JOSE DE UZUNA,AREQUIPA,AREQUIPA,gfs,pp,20260902,20261001,"00Z,12Z",D1,6h,0.034,0.27,0.168,238,0.5,0.9,0.091,4,0.0,1.0,0.0,2,S/D,S/D,S/D,0,S/D,S/D,S/D,0
47E3B6D0,SAN JOSE DE UZUNA,AREQUIPA,AREQUIPA,eta5,pp,20260902,20261001,"00Z,12Z",D1,6h,-0.019,0.186,0.361,191,0.0,1.0,0.0,4,0.0,S/D,0.0,2,S/D,S/D,S/D,0,S/D,S/D,S/D,0
47E3B6D0,SAN JOSE DE UZUNA,AREQUIPA,AREQUIPA,wrf5,pp,20260902,20261001,"00Z,12Z",D1,6h,-0.002,0.241,0.088,234,0.0,1.0,0.0,4,0.0,1.0,0.0,2,S/D,S/D,S/D,0,S/D,S/D,S/D,0
47E3B6D0,SAN JOSE DE UZUNA,AREQUIPA,AREQUIPA,mpas15,pp,20260902,20261001,00Z,D1,6h,-0.011,0.189,0.055,119,0.0,1.0,0.0,2,0.0,1.0,0.0,1,S/D,S/D,S/D,0,S/D,S/D,S/D,0
47E27134,SOCOSANI,AREQUIPA,AREQUIPA,ecmwf,pp,20260902,20261001,"00Z,12Z",D1,6h,0.009,0.054,S/D,206,S/D,1.0,0.0,0,S/D,S/D,S/D,0,S/D,S/D,S/D,0,S/D,S/D,S/D,0
47E27134,SOCOSANI,AREQUIPA,AREQUIPA,gfs,pp,20260902,20261001,"00Z,12Z",D1,6h,0.005,0.027,S/D,206,S/D,1.0,0.0,0,S/D,S/D,S/D,0,S/D,S/D,S/D,0,S/D,S/D,S/D,0
47E27134,SOCOSANI,AREQUIPA,AREQUIPA,eta5,pp,20260902,20261001,"00Z,12Z",D1,6h,0.0,0.0,S/D,163,S/D,S/D,S/D,0,S/D,S/D,S/D,0,S/D,S/D,S/D,0,S/D,S/D,S/D,0
47E27134,SOCOSANI,AREQUIPA,AREQUIPA,wrf5,pp,20260902,20261001,"00Z,12Z",D1,6h,0.001,0.012,S/D,202,S/D,1.0,0.0,0,S/D,S/D,S/D,0,S/D,S/D,S/D,0,S/D,S/D,S/D,0
47E27134,SOCOSANI,AREQUIPA,AREQUIPA,mpas15,pp,20260902,20261001,00Z,D1,6h,0.0,0.0,S/D,103,S/D,S/D,S/D,0,S/D,S/D,S/D,0,S/D,S/D,S/D,0,S/D,S/D,S/D,0
472EE1AE,TINGO GRANDE,AREQUIPA,AREQUIPA,ecmwf,pp,20260902,20261001,"00Z,12Z",D1,6h,-0.001,0.002,S/D,6,S/D,S/D,S/D,0,S/D,S/D,S/D,0,S/D,S/D,S/D,0,S/D,S/D,S/D,0
472EE1AE,TINGO GRANDE,AREQUIPA,AREQUIPA,gfs,pp,20260902,20261001,"00Z,12Z",D1,6h,0.0,0.0,S/D,6,S/D,S/D,S/D,0,S/D,S/D,S/D,0,S/D,S/D,S/D,0,S/D,S/D,S/D,0
472EE1AE,TINGO GRANDE,AREQUIPA,AREQUIPA,eta5,pp,20260902,20261001,"00Z,12Z",D1,6h,0.0,0.0,S/D,5,S/D,S/D,S/D,0,S/D,S/D,S/D,0,S/D,S/D,S/D,0,S/D,S/D,S/D,0
472EE1AE,TINGO GRANDE,AREQUIPA,AREQUIPA,wrf5,pp,20260902,20261001,"00Z,12Z",D1,6h,0.0,0.0,S/D,6,S/D,S/D,S/D,0,S/D,S/D,S/D,0,S/D,S/D,S/D,0,S/D,S/D,S/D,0
472EE1AE,TINGO GRANDE,AREQUIPA,AREQUIPA,mpas15,pp,20260902,20261001,00Z,D1,6h,0.0,0.0,S/D,3,S/D,S/D,S/D,0,S/D,S/D,S/D,0,S/D,S/D,S/D,0,S/D,S/D,S/D,0
116078,TUCTUMPAYA,AREQUIPA,AREQUIPA,ecmwf,pp,20260902,20261001,"00Z,12Z",D1,6h,0.072,0.372,S/D,236,S/D,1.0,0.0,0,S/D,1.0,0.0,0,S/D,S/D,S/D,0,S/D,S/D,S/D,0
116078,TUCTUMPAYA,AREQUIPA,AREQUIPA,gfs,pp,20260902,20261001,"00Z,12Z",D1,6h,0.053,0.237,S/D,236,S/D,1.0,0.0,0,S/D,1.0,0.0,0,S/D,S/D,S/D,0,S/D,S/D,S/D,0
116078,TUCTUMPAYA,AREQUIPA,AREQUIPA,eta5,pp,20260902,20261001,"00Z,12Z",D1,6h,0.014,0.108,S/D,189,S/D,1.0,0.0,0,S/D,1.0,0.0,0,S/D,S/D,S/D,0,S/D,S/D,S/D,0
116078,TUCTUMPAYA,AREQUIPA,AREQUIPA,wrf5,pp,20260902,20261001,"00Z,12Z",D1,6h,0.022,0.219,S/D,233,S/D,1.0,0.0,0,S/D,1.0,0.0,0,S/D,S/D,S/D,0,S/D,S/D,S/D,0
116078,TUCTUMPAYA,AREQUIPA,AREQUIPA,mpas15,pp,20260902,20261001,00Z,D1,6h,0.025,0.159,S/D,118,S/D,1.0,0.0,0,S/D,1.0,0.0,0,S/D,S/D,S/D,0,S/D,S/D,S/D,0
116081,YURA,AREQUIPA,AREQUIPA,ecmwf,pp,20260902,20261001,"00Z,12Z",D1,6h,-0.274,2.28,-0.182,122,0.0,1.0,0.0,2,0.0,S/D,0.0,2,0.0,S/D,0.0,2,S/D,S/D,S/D,0
116081,YURA,AREQUIPA,AREQUIPA,gfs,pp,20260902,20261001,"00Z,12Z",D1,6h,-0.282,2.28,-0.02,122,0.0,1.0,0.0,2,0.0,S/D,0.0,2,0.0,S/D,0.0,2,S/D,S/D,S/D,0
116081,YURA,AREQUIPA,AREQUIPA,eta5,pp,20260902,20261001,"00Z,12Z",D1,6h,-0.339,2.457,-0.014,105,0.0,S/D,0.0,2,0.0,S/D,0.0,2,0.0,S/D,0.0,2,S/D,S/D,S/D,0
116081,YURA,AREQUIPA,AREQUIPA,wrf5,pp,20260902,20261001,"00Z,12Z",D1,6h,-0.148,1.632,-0.012,119,0.0,1.0,0.0,1,0.0,S/D,0.0,1,0.0,S/D,0.0,1,S/D,S/D,S/D,0
116081,YURA,AREQUIPA,AREQUIPA,mpas15,pp,20260902,20261001,00Z,D1,6h,-0.292,2.279,0.219,61,0.0,S/D,0.0,1,0.0,S/D,0.0,1,0.0,S/D,0.0,1,S/D,S/D,S/D,0
116084,CAMANA,AREQUIPA,CAMANA,ecmwf,pp,20260902,20261001,"00Z,12Z",D1,6h,0.035,0.044,S/D,4,S/D,S/D,S/D,0,S/D,S/D,S/D,0,S/D,S/D,S/D,0,S/D,S/D,S/D,0
116084,CAMANA,AREQUIPA,CAMANA,gfs,pp,20260902,20261001,"00Z,12Z",D1,6h,0.031,0.062,S/D,4,S/D,1.0,0.0,0,S/D,S/D,S/D,0,S/D,S/D,S/D,0,S/D,S/D,S/D,0
116084,CAMANA,AREQUIPA,CAMANA,eta5,pp,20260902,20261001,"00Z,12Z",D1,6h,0.004,0.008,S/D,4,S/D,S/D,S/D,0,S/D,S/D,S/D,0,S/D,S/D,S/D,0,S/D,S/D,S/D,0
116084,CAMANA,AREQUIPA,CAMANA,wrf5,pp,20260902,20261001,"00Z,12Z",D1,6h,0.002,0.005,S/D,4,S/D,S/D,S/D,0,S/D,S/D,S/D,0,S/D,S/D,S/D,0,S/D,S/D,S/D,0
116084,CAMANA,AREQUIPA,CAMANA,mpas15,pp,20260902,20261001,00Z,D1,6h,0.0,0.0,S/D,2,S/D,S/D,S/D,0,S/D,S/D,S/D,0,S/D,S/D,S/D,0,S/D,S/D,S/D,0
472D23BE,OCOÑA,AREQUIPA,CAMANA,ecmwf,pp,20260902,20261001,"00Z,12Z",D1,6h,0.344,0.862,0.344,234,0.824,0.767,0.222,34,0.333,0.946,0.049,6,S/D,S/D,S/D,0,S/D,S/D,S/D,0
472D23BE,OCOÑA,AREQUIPA,CAMANA,gfs,pp,20260902,20261001,"00Z,12Z",D1,6h,-0.09,0.412,0.33,234,0.353,0.429,0.279,34,0.0,S/D,0.0,6,S/D,S/D,S/D,0,S/D,S/D,S/D,0
472D23BE,OCOÑA,AREQUIPA,CAMANA,eta5,pp,20260902,20261001,"00Z,12Z",D1,6h,-0.055,0.463,0.262,188,0.483,0.632,0.264,29,0.0,S/D,0.0,6,S/D,S/D,S/D,0,S/D,S/D,S/D,0
472D23BE,OCOÑA,AREQUIPA,CAMANA,wrf5,pp,20260902,20261001,"00Z,12Z",D1,6h,-0.115,0.427,0.183,231,0.0,S/D,0.0,34,0.0,S/D,0.0,6,S/D,S/D,S/D,0,S/D,S/D,S/D,0
472D23BE,OCOÑA,AREQUIPA,CAMANA,mpas15,pp,20260902,20261001,00Z,D1,6h,-0.033,0.494,0.187,117,0.235,0.636,0.167,17,0.0,1.0,0.0,3,S/D,S/D,S/D,0,S/D,S/D,S/D,0
214400,HUATIAPA,AREQUIPA,CASTILLA,ecmwf,pp,20260902,20261001,"00Z,12Z",D1,6h,S/D,S/D,S/D,0,S/D,S/D,S/D,0,S/D,S/D,S/D,0,S/D,S/D,S/D,0,S/D,S/D,S/D,0
214400,HUATIAPA,AREQUIPA,CASTILLA,gfs,pp,20260902,20261001,"00Z,12Z",D1,6h,S/D,S/D,S/D,0,S/D,S/D,S/D,0,S/D,S/D,S/D,0,S/D,S/D,S/D,0,S/D,S/D,S/D,0
214400,HUATIAPA,AREQUIPA,CASTILLA,eta5,pp,20260902,20261001,"00Z,12Z",D1,6h,S/D,S/D,S/D,0,S/D,S/D,S/D,0,S/D,S/D,S/D,0,S/D,S/D,S/D,0,S/D,S/D,S/D,0
214400,HUATIAPA,AREQUIPA,CASTILLA,wrf5,pp,20260902,20261001,"00Z,12Z",D1,6h,S/D,S/D,S/D,0,S/D,S/D,S/D,0,S/D,S/D,S/D,0,S/D,S/D,S/D,0,S/D,S/D,S/D,0
214400,HUATIAPA,AREQUIPA,CASTILLA,mpas15,pp,20260902,20261001,00Z,D1,6h,S/D,S/D,S/D,0,S/D,S/D,S/D,0,S/D,S/D,S/D,0,S/D,S/D,S/D,0,S/D,S/D,S/D,0
4723D752,CHIVAY,AREQUIPA,CAYLLOMA,ecmwf,pp,20260902,20261001,"00Z,12Z",D1,6h,0.185,0.569,0.362,234,0.929,0.768,0.228,14,S/D,1.0,0.0,0,S/D,S/D,S/D,0,S/D,S/D,S/D,0
4723D752,CHIVAY,AREQUIPA,CAYLLOMA,gfs,pp,20260902,20261001,"00Z,12Z",D1,6h,0.256,0.794,0.378,234,0.857,0.782,0.211,14,S/D,1.0,0.0,0,S/D,1.0,0.0,0,S/D,S/D,S/D,0
4723D752,CHIVAY,AREQUIPA,CAYLLOMA,eta5,pp,20260902,20261001,"00Z,12Z",D1,6h,0.262,0.858,0.334,187,0.75,0.757,0.225,12,S/D,1.0,0.0,0,S/D,1.0,0.0,0,S/D,S/D,S/D,0
4723D752,CHIVAY,AREQUIPA,CAYLLOMA,wrf5,pp,20260902,20261001,"00Z,12Z",D1,6h,0.171,0.749,0.303,231,0.5,0.774,0.184,14,S/D,1.0,0.0,0,S/D,1.0,0.0,0,S/D,S/D,S/D,0
4723D752,CHIVAY,AREQUIPA,CAYLLOMA,mpas15,pp,20260902,20261001,00Z,D1,6h,0.387,0.933,0.192,117,0.571,0.852,0.133,7,S/D,1.0,0.0,0,S/D,S/D,S/D,0,S/D,S/D,S/D,0
47E8A60E,COTACOTA,AREQUIPA,CAYLLOMA,ecmwf,pp,20260902,20261001,"00Z,12Z",D1,6h,0.062,0.89,0.47,230,0.733,0.656,0.306,30,0.375,0.6,0.24,16,S/D,1.0,0.0,0,S/D,S/D,S/D,0
47E8A60E,COTACOTA,AREQUIPA,CAYLLOMA,gfs,pp,20260902,20261001,"00Z,12Z",D1,6h,0.565,1.518,0.46,230,0.9,0.722,0.27,30,0.75,0.76,0.222,16,S/D,1.0,0.0,0,S/D,S/D,S/D,0
47E8A60E,COTACOTA,AREQUIPA,CAYLLOMA,eta5,pp,20260902,20261001,"00Z,12Z",D1,6h,0.506,1.472,0.528,183,0.862,0.576,0.397,29,0.75,0.7,0.273,16,S/D,1.0,0.0,0,S/D,S/D,S/D,0
47E8A60E,COTACOTA,AREQUIPA,CAYLLOMA,wrf5,pp,20260902,20261001,"00Z,12Z",D1,6h,0.476,1.718,0.443,227,0.741,0.655,0.308,27,0.5,0.794,0.171,14,S/D,1.0,0.0,0,S/D,S/D,S/D,0
47E8A60E,COTACOTA,AREQUIPA,CAYLLOMA,mpas15,pp,20260902,20261001,00Z,D1,6h,0.21,1.119,0.514,115,0.867,0.519,0.448,15,0.75,0.647,0.316,8,S/D,1.0,0.0,0,S/D,S/D,S/D,0
47E3A5A6,HUANCA,AREQUIPA,CAYLLOMA,ecmwf,pp,20260902,20261001,"00Z,12Z",D1,6h,0.041,0.223,S/D,236,S/D,1.0,0.0,0,S/D,1.0,0.0,0,S/D,S/D,S/D,0,S/D,S/D,S/D,0
47E3A5A6,HUANCA,AREQUIPA,CAYLLOMA,gfs,pp,20260902,20261001,"00Z,12Z",D1,6h,0.022,0.111,S/D,236,S/D,1.0,0.0,0,S/D,1.0,0.0,0,S/D,S/D,S/D,0,S/D,S/D,S/D,0
47E3A5A6,HUANCA,AREQUIPA,CAYLLOMA,eta5,pp,20260902,20261001,"00Z,12Z",D1,6h,0.004,0.041,S/D,190,S/D,1.0,0.0,0,S/D,S/D,S/D,0,S/D,S/D,S/D,0,S/D,S/D,S/D,0
47E3A5A6,HUANCA,AREQUIPA,CAYLLOMA,wrf5,pp,20260902,20261001,"00Z,12Z",D1,6h,0.008,0.064,S/D,232,S/D,1.0,0.0,0,S/D,S/D,S/D,0,S/D,S/D,S/D,0,S/D,S/D,S/D,0
47E3A5A6,HUANCA,AREQUIPA,CAYLLOMA,mpas15,pp,20260902,20261001,00Z,D1,6h,0.017,0.13,S/D,118,S/D,1.0,0.0,0,S/D,1.0,0.0,0,S/D,S/D,S/D,0,S/D,S/D,S/D,0
47E3834A,IMATA,AREQUIPA,CAYLLOMA,ecmwf,pp,20260902,20261001,"00Z,12Z",D1,6h,0.096,0.584,0.336,234,0.812,0.717,0.265,16,0.4,0.692,0.211,10,S/D,1.0,0.0,0,S/D,S/D,S/D,0
47E3834A,IMATA,AREQUIPA,CAYLLOMA,gfs,pp,20260902,20261001,"00Z,12Z",D1,6h,0.104,0.579,0.278,234,0.688,0.796,0.186,16,0.5,0.667,0.25,10,S/D,S/D,S/D,0,S/D,S/D,S/D,0
47E3834A,IMATA,AREQUIPA,CAYLLOMA,eta5,pp,20260902,20261001,"00Z,12Z",D1,6h,0.054,0.654,0.361,188,0.667,0.615,0.323,15,0.556,0.5,0.357,9,S/D,S/D,S/D,0,S/D,S/D,S/D,0
47E3834A,IMATA,AREQUIPA,CAYLLOMA,wrf5,pp,20260902,20261001,"00Z,12Z",D1,6h,0.078,0.663,0.338,230,0.5,0.704,0.229,16,0.5,0.444,0.357,10,S/D,1.0,0.0,0,S/D,S/D,S/D,0
47E3834A,IMATA,AREQUIPA,CAYLLOMA,mpas15,pp,20260902,20261001,00Z,D1,6h,0.181,0.684,0.222,117,0.5,0.818,0.154,8,0.6,0.833,0.15,5,S/D,S/D,S/D,0,S/D,S/D,S/D,0
4729E39A,PAMPA DE MAJES,AREQUIPA,CAYLLOMA,ecmwf,pp,20260902,20261001,"00Z,12Z",D1,6h,-0.0,0.01,-0.019,234,0.0,S/D,0.0,2,S/D,S/D,S/D,0,S/D,S/D,S/D,0,S/D,S/D,S/D,0
4729E39A,PAMPA DE MAJES,AREQUIPA,CAYLLOMA,gfs,pp,20260902,20261001,"00Z,12Z",D1,6h,-0.001,0.009,S/D,234,0.0,S/D,0.0,2,S/D,S/D,S/D,0,S/D,S/D,S/D,0,S/D,S/D,S/D,0
4729E39A,PAMPA DE MAJES,AREQUIPA,CAYLLOMA,eta5,pp,20260902,20261001,"00Z,12Z",D1,6h,-0.001,0.01,S/D,188,0.0,S/D,0.0,2,S/D,S/D,S/D,0,S/D,S/D,S/D,0,S/D,S/D,S/D,0
4729E39A,PAMPA DE MAJES,AREQUIPA,CAYLLOMA,wrf5,pp,20260902,20261001,"00Z,12Z",D1,6h,-0.001,0.009,S/D,230,0.0,S/D,0.0,2,S/D,S/D,S/D,0,S/D,S/D,S/D,0,S/D,S/D,S/D,0
4729E39A,PAMPA DE MAJES,AREQUIPA,CAYLLOMA,mpas15,pp,20260902,20261001,00Z,D1,6h,-0.001,0.009,0.163,117,0.0,S/D,0.0,1,S/D,S/D,S/D,0,S/D,S/D,S/D,0,S/D,S/D,S/D,0
47E373CE,PILLONES,AREQUIPA,CAYLLOMA,ecmwf,pp,20260902,20261001,"00Z,12Z",D1,6h,0.084,0.361,0.412,228,1.0,0.714,0.286,8,1.0,0.667,0.333,2,S/D,S/D,S/D,0,S/D,S/D,S/D,0
47E373CE,PILLONES,AREQUIPA,CAYLLOMA,gfs,pp,20260902,20261001,"00Z,12Z",D1,6h,0.054,0.273,0.495,228,0.875,0.696,0.292,8,0.5,0.857,0.125,2,S/D,S/D,S/D,0,S/D,S/D,S/D,0
47E373CE,PILLONES,AREQUIPA,CAYLLOMA,eta5,pp,20260902,20261001,"00Z,12Z",D1,6h,0.077,0.445,0.314,182,0.714,0.643,0.312,7,0.0,1.0,0.0,2,S/D,S/D,S/D,0,S/D,S/D,S/D,0
47E373CE,PILLONES,AREQUIPA,CAYLLOMA,wrf5,pp,20260902,20261001,"00Z,12Z",D1,6h,0.064,0.482,0.422,224,0.75,0.647,0.316,8,1.0,0.6,0.4,2,S/D,1.0,0.0,0,S/D,S/D,S/D,0
47E373CE,PILLONES,AREQUIPA,CAYLLOMA,mpas15,pp,20260902,20261001,00Z,D1,6h,0.279,0.662,0.308,114,1.0,0.84,0.16,4,1.0,0.947,0.053,1,S/D,S/D,S/D,0,S/D,S/D,S/D,0
47265686,SIBAYO,AREQUIPA,CAYLLOMA,ecmwf,pp,20260902,20261001,"00Z,12Z",D1,6h,S/D,S/D,S/D,0,S/D,S/D,S/D,0,S/D,S/D,S/D,0,S/D,S/D,S/D,0,S/D,S/D,S/D,0
47265686,SIBAYO,AREQUIPA,CAYLLOMA,gfs,pp,20260902,20261001,"00Z,12Z",D1,6h,S/D,S/D,S/D,0,S/D,S/D,S/D,0,S/D,S/D,S/D,0,S/D,S/D,S/D,0,S/D,S/D,S/D,0
47265686,SIBAYO,AREQUIPA,CAYLLOMA,eta5,pp,20260902,20261001,"00Z,12Z",D1,6h,S/D,S/D,S/D,0,S/D,S/D,S/D,0,S/D,S/D,S/D,0,S/D,S/D,S/D,0,S/D,S/D,S/D,0
47265686,SIBAYO,AREQUIPA,CAYLLOMA,wrf5,pp,20260902,20261001,"00Z,12Z",D1,6h,S/D,S/D,S/D,0,S/D,S/D,S/D,0,S/D,S/D,S/D,0,S/D,S/D,S/D,0,S/D,S/D,S/D,0
47265686,SIBAYO,AREQUIPA,CAYLLOMA,mpas15,pp,20260902,20261001,00Z,D1,6h,S/D,S/D,S/D,0,S/D,S/D,S/D,0,S/D,S/D,S/D,0,S/D,S/D,S/D,0,S/D,S/D,S/D,0
472ED434,SUMBAY,AREQUIPA,CAYLLOMA,ecmwf,pp,20260902,20261001,"00Z,12Z",D1,6h,0.079,0.432,0.247,214,0.7,0.825,0.163,10,0.667,0.636,0.308,6,0.5,0.0,0.5,2,S/D,S/D,S/D,0
472ED434,SUMBAY,AREQUIPA,CAYLLOMA,gfs,pp,20260902,20261001,"00Z,12Z",D1,6h,0.091,0.539,0.198,214,0.6,0.872,0.118,10,0.667,0.692,0.267,6,0.0,S/D,0.0,2,S/D,S/D,S/D,0
472ED434,SUMBAY,AREQUIPA,CAYLLOMA,eta5,pp,20260902,20261001,"00Z,12Z",D1,6h,0.027,0.494,0.333,172,0.556,0.773,0.192,9,0.8,0.636,0.333,5,0.0,S/D,0.0,2,S/D,S/D,S/D,0
472ED434,SUMBAY,AREQUIPA,CAYLLOMA,wrf5,pp,20260902,20261001,"00Z,12Z",D1,6h,0.07,0.569,0.297,212,0.5,0.792,0.172,10,0.667,0.5,0.4,6,0.0,1.0,0.0,2,S/D,S/D,S/D,0
472ED434,SUMBAY,AREQUIPA,CAYLLOMA,mpas15,pp,20260902,20261001,00Z,D1,6h,0.162,0.695,0.274,107,0.6,0.842,0.143,5,0.667,0.867,0.125,3,0.0,S/D,0.0,1,S/D,S/D,S/D,0
115150,COROPUNA,AREQUIPA,CONDESUYOS,ecmwf,pp,20260902,20261001,"00Z,12Z",D1,6h,S/D,S/D,S/D,0,S/D,S/D,S/D,0,S/D,S/D,S/D,0,S/D,S/D,S/D,0,S/D,S/D,S/D,0
115150,COROPUNA,AREQUIPA,CONDESUYOS,gfs,pp,20260902,20261001,"00Z,12Z",D1,6h,S/D,S/D,S/D,0,S/D,S/D,S/D,0,S/D,S/D,S/D,0,S/D,S/D,S/D,0,S/D,S/D,S/D,0
115150,COROPUNA,AREQUIPA,CONDESUYOS,eta5,pp,20260902,20261001,"00Z,12Z",D1,6h,S/D,S/D,S/D,0,S/D,S/D,S/D,0,S/D,S/D,S/D,0,S/D,S/D,S/D,0,S/D,S/D,S/D,0
115150,COROPUNA,AREQUIPA,CONDESUYOS,wrf5,pp,20260902,20261001,"00Z,12Z",D1,6h,S/D,S/D,S/D,0,S/D,S/D,S/D,0,S/D,S/D,S/D,0,S/D,S/D,S/D,0,S/D,S/D,S/D,0
115150,COROPUNA,AREQUIPA,CONDESUYOS,mpas15,pp,20260902,20261001,00Z,D1,6h,S/D,S/D,S/D,0,S/D,S/D,S/D,0,S/D,S/D,S/D,0,S/D,S/D,S/D,0,S/D,S/D,S/D,0
114119,VISCA VISCA,AREQUIPA,CONDESUYOS,ecmwf,pp,20260902,20261001,"00Z,12Z",D1,6h,0.14,0.745,0.5,232,0.944,0.622,0.37,36,0.688,0.656,0.297,16,0.0,S/D,0.0,2,S/D,S/D,S/D,0
114119,VISCA VISCA,AREQUIPA,CONDESUYOS,gfs,pp,20260902,20261001,"00Z,12Z",D1,6h,0.609,1.669,0.36,232,0.861,0.762,0.23,36,0.75,0.806,0.182,16,0.0,1.0,0.0,2,S/D,S/D,S/D,0
114119,VISCA VISCA,AREQUIPA,CONDESUYOS,eta5,pp,20260902,20261001,"00Z,12Z",D1,6h,1.114,2.368,0.427,185,0.853,0.655,0.326,34,0.938,0.762,0.234,16,1.0,0.909,0.091,2,S/D,S/D,S/D,0
114119,VISCA VISCA,AREQUIPA,CONDESUYOS,wrf5,pp,20260902,20261001,"00Z,12Z",D1,6h,0.593,2.41,0.343,229,0.636,0.682,0.269,33,0.4,0.829,0.136,15,0.5,0.9,0.091,2,S/D,S/D,S/D,0
114119,VISCA VISCA,AREQUIPA,CONDESUYOS,mpas15,pp,20260902,20261001,00Z,D1,6h,0.272,0.971,0.408,116,0.778,0.641,0.326,18,0.75,0.769,0.214,8,0.0,S/D,0.0,1,S/D,S/D,S/D,0
47280292,COTAHUASI,AREQUIPA,LA UNION,ecmwf,pp,20260902,20261001,"00Z,12Z",D1,6h,-0.269,2.897,-0.011,142,0.25,0.938,0.053,8,0.0,1.0,0.0,6,0.0,S/D,0.0,4,S/D,S/D,S/D,0
47280292,COTAHUASI,AREQUIPA,LA UNION,gfs,pp,20260902,20261001,"00Z,12Z",D1,6h,-0.266,2.955,-0.05,142,0.25,0.943,0.049,8,0.0,1.0,0.0,6,0.0,1.0,0.0,4,S/D,S/D,S/D,0
47280292,COTAHUASI,AREQUIPA,LA UNION,eta5,pp,20260902,20261001,"00Z,12Z",D1,6h,0.054,3.588,0.035,113,0.25,0.931,0.057,8,0.0,1.0,0.0,6,0.0,1.0,0.0,4,S/D,S/D,S/D,0
47280292,COTAHUASI,AREQUIPA,LA UNION,wrf5,pp,20260902,20261001,"00Z,12Z",D1,6h,-0.394,2.913,0.056,138,0.125,0.917,0.053,8,0.0,1.0,0.0,6,0.0,S/D,0.0,4,S/D,S/D,S/D,0
47280292,COTAHUASI,AREQUIPA,LA UNION,mpas15,pp,20260902,20261001,00Z,D1,6h,-0.058,3.054,0.136,71,0.25,0.929,0.059,4,0.0,1.0,0.0,3,0.0,1.0,0.0,2,S/D,S/D,S/D,0
115151,CUYAU,AREQUIPA,LA UNION,ecmwf,pp,20260902,20261001,"00Z,12Z",D1,6h,0.28,0.862,0.325,236,S/D,1.0,0.0,0,S/D,1.0,0.0,0,S/D,1.0,0.0,0,S/D,S/D,S/D,0
115151,CUYAU,AREQUIPA,LA UNION,gfs,pp,20260902,20261001,"00Z,12Z",D1,6h,0.18,0.658,0.268,236,S/D,1.0,0.0,0,S/D,1.0,0.0,0,S/D,1.0,0.0,0,S/D,S/D,S/D,0
115151,CUYAU,AREQUIPA,LA UNION,eta5,pp,20260902,20261001,"00Z,12Z",D1,6h,0.547,1.431,0.213,189,S/D,1.0,0.0,0,S/D,1.0,0.0,0,S/D,1.0,0.0,0,S/D,S/D,S/D,0
115151,CUYAU,AREQUIPA,LA UNION,wrf5,pp,20260902,20261001,"00Z,12Z",D1,6h,0.085,0.466,0.29,233,S/D,1.0,0.0,0,S/D,1.0,0.0,0,S/D,1.0,0.0,0,S/D,S/D,S/D,0
115151,CUYAU,AREQUIPA,LA UNION,mpas15,pp,20260902,20261001,00Z,D1,6h,0.266,0.839,0.134,118,S/D,1.0,0.0,0,S/D,1.0,0.0,0,S/D,1.0,0.0,0,S/D,S/D,S/D,0
4729D600,PAMPA CANGALLO,AYACUCHO,CANGALLO,ecmwf,pp,20260902,20261001,"00Z,12Z",D1,6h,0.461,1.427,0.51,236,0.925,0.686,0.306,40,0.9,0.809,0.188,10,0.25,0.833,0.111,4,S/D,S/D,S/D,0
4729D600,PAMPA CANGALLO,AYACUCHO,CANGALLO,gfs,pp,20260902,20261001,"00Z,12Z",D1,6h,0.778,2.143,0.499,236,1.0,0.722,0.278,40,0.8,0.882,0.114,10,0.25,0.923,0.062,4,S/D,S/D,S/D,0
4729D600,PAMPA CANGALLO,AYACUCHO,CANGALLO,eta5,pp,20260902,20261001,"00Z,12Z",D1,6h,0.409,1.7,0.541,189,0.943,0.554,0.434,35,0.667,0.86,0.13,9,0.0,1.0,0.0,4,S/D,S/D,S/D,0
4729D600,PAMPA CANGALLO,AYACUCHO,CANGALLO,wrf5,pp,20260902,20261001,"00Z,12Z",D1,6h,0.344,2.089,0.482,232,0.692,0.542,0.38,39,0.778,0.75,0.233,9,0.25,0.9,0.077,4,S/D,S/D,S/D,0
4729D600,PAMPA CANGALLO,AYACUCHO,CANGALLO,mpas15,pp,20260902,20261001,00Z,D1,6h,0.756,2.138,0.516,118,0.85,0.66,0.321,20,1.0,0.865,0.135,5,0.0,1.0,0.0,2,S/D,S/D,S/D,0
113248,SANTA CRUZ DE HOSPICIO,AYACUCHO,CANGALLO,ecmwf,pp,20260902,20261001,"00Z,12Z",D1,6h,0.523,1.256,0.521,234,0.905,0.651,0.336,42,0.857,0.765,0.226,14,1.0,0.75,0.25,2,S/D,S/D,S/D,0
113248,SANTA CRUZ DE HOSPICIO,AYACUCHO,CANGALLO,gfs,pp,20260902,20261001,"00Z,12Z",D1,6h,0.834,1.862,0.481,234,0.929,0.675,0.317,42,0.857,0.812,0.182,14,1.0,0.833,0.167,2,S/D,S/D,S/D,0
113248,SANTA CRUZ DE HOSPICIO,AYACUCHO,CANGALLO,eta5,pp,20260902,20261001,"00Z,12Z",D1,6h,0.601,1.359,0.506,187,0.824,0.622,0.35,34,0.727,0.81,0.178,11,1.0,0.6,0.4,2,S/D,S/D,S/D,0
113248,SANTA CRUZ DE HOSPICIO,AYACUCHO,CANGALLO,wrf5,pp,20260902,20261001,"00Z,12Z",D1,6h,0.684,2.216,0.444,230,0.634,0.587,0.333,41,0.615,0.778,0.195,13,1.0,0.846,0.154,2,S/D,S/D,S/D,0
113248,SANTA CRUZ DE HOSPICIO,AYACUCHO,CANGALLO,mpas15,pp,20260902,20261001,00Z,D1,6h,0.932,2.364,0.5,117,0.857,0.591,0.383,21,1.0,0.788,0.212,7,1.0,0.889,0.111,1,S/D,S/D,S/D,0
250900,PUENTE PAMPAS GORE APU,AYACUCHO,HUAMANGA,ecmwf,pp,20260902,20261001,"00Z,12Z",D1,6h,0.63,1.434,0.34,236,0.938,0.883,0.116,16,0.9,0.78,0.214,10,S/D,1.0,0.0,0,S/D,S/D,S/D,0
250900,PUENTE PAMPAS GORE APU,AYACUCHO,HUAMANGA,gfs,pp,20260902,20261001,"00Z,12Z",D1,6h,0.638,1.208,0.313,236,0.875,0.905,0.094,16,1.0,0.796,0.204,10,S/D,1.0,0.0,0,S/D,S/D,S/D,0
250900,PUENTE PAMPAS GORE APU,AYACUCHO,HUAMANGA,eta5,pp,20260902,20261001,"00Z,12Z",D1,6h,2.045,3.82,0.283,189,0.929,0.875,0.124,14,0.889,0.899,0.1,9,S/D,1.0,0.0,0,S/D,S/D,S/D,0
250900,PUENTE PAMPAS GORE APU,AYACUCHO,HUAMANGA,wrf5,pp,20260902,20261001,"00Z,12Z",D1,6h,0.112,0.886,0.34,232,0.6,0.654,0.281,15,0.7,0.417,0.467,10,S/D,1.0,0.0,0,S/D,S/D,S/D,0
250900,PUENTE PAMPAS GORE APU,AYACUCHO,HUAMANGA,mpas15,pp,20260902,20261001,00Z,D1,6h,0.74,1.687,0.341,118,0.875,0.854,0.143,8,1.0,0.848,0.152,5,S/D,1.0,0.0,0,S/D,S/D,S/D,0
114122,CCONTACC,AYACUCHO,LUCANAS,ecmwf,pp,20260902,20261001,"00Z,12Z",D1,6h,0.382,1.024,0.302,236,1.0,0.88,0.12,10,0.0,1.0,0.0,2,S/D,1.0,0.0,0,S/D,S/D,S/D,0
114122,CCONTACC,AYACUCHO,LUCANAS,gfs,pp,20260902,20261001,"00Z,12Z",D1,6h,0.586,1.505,0.274,236,1.0,0.89,0.11,10,0.0,1.0,0.0,2,S/D,1.0,0.0,0,S/D,S/D,S/D,0
114122,CCONTACC,AYACUCHO,LUCANAS,eta5,pp,20260902,20261001,"00Z,12Z",D1,6h,0.199,0.646,0.28,189,0.625,0.853,0.135,8,0.0,1.0,0.0,1,S/D,S/D,S/D,0,S/D,S/D,S/D,0
114122,CCONTACC,AYACUCHO,LUCANAS,wrf5,pp,20260902,20261001,"00Z,12Z",D1,6h,0.5,1.802,0.307,233,0.8,0.855,0.14,10,0.0,1.0,0.0,2,S/D,1.0,0.0,0,S/D,S/D,S/D,0
114122,CCONTACC,AYACUCHO,LUCANAS,mpas15,pp,20260902,20261001,00Z,D1,6h,0.458,1.384,0.3,118,1.0,0.821,0.179,5,1.0,0.958,0.042,1,S/D,1.0,0.0,0,S/D,S/D,S/D,0
47290068,HUAC-HUAS,AYACUCHO,LUCANAS,ecmwf,pp,20260902,20261001,"00Z,12Z",D1,6h,-0.01,0.371,0.132,220,0.5,0.818,0.154,4,0.0,1.0,0.0,2,S/D,S/D,S/D,0,S/D,S/D,S/D,0
47290068,HUAC-HUAS,AYACUCHO,LUCANAS,gfs,pp,20260902,20261001,"00Z,12Z",D1,6h,-0.002,0.369,0.093,220,0.0,1.0,0.0,4,0.0,S/D,0.0,2,S/D,S/D,S/D,0,S/D,S/D,S/D,0
47290068,HUAC-HUAS,AYACUCHO,LUCANAS,eta5,pp,20260902,20261001,"00Z,12Z",D1,6h,-0.026,0.402,0.058,175,0.0,1.0,0.0,3,0.0,S/D,0.0,2,S/D,S/D,S/D,0,S/D,S/D,S/D,0
47290068,HUAC-HUAS,AYACUCHO,LUCANAS,wrf5,pp,20260902,20261001,"00Z,12Z",D1,6h,0.008,0.444,-0.059,216,0.0,1.0,0.0,4,0.0,1.0,0.0,2,S/D,S/D,S/D,0,S/D,S/D,S/D,0
47290068,HUAC-HUAS,AYACUCHO,LUCANAS,mpas15,pp,20260902,20261001,00Z,D1,6h,0.188,0.728,0.054,110,0.5,0.941,0.056,2,0.0,1.0,0.0,1,S/D,S/D,S/D,0,S/D,S/D,S/D,0
114127,PAMPA GALERAS,AYACUCHO,LUCANAS,ecmwf,pp,20260902,20261001,"00Z,12Z",D1,6h,0.215,0.978,0.286,232,1.0,0.857,0.143,8,0.333,0.818,0.133,6,S/D,1.0,0.0,0,S/D,S/D,S/D,0
114127,PAMPA GALERAS,AYACUCHO,LUCANAS,gfs,pp,20260902,20261001,"00Z,12Z",D1,6h,0.163,0.805,0.221,232,0.5,0.917,0.077,8,0.167,0.938,0.048,6,S/D,1.0,0.0,0,S/D,S/D,S/D,0
114127,PAMPA GALERAS,AYACUCHO,LUCANAS,eta5,pp,20260902,20261001,"00Z,12Z",D1,6h,0.057,0.527,0.246,186,0.5,0.85,0.13,6,0.0,1.0,0.0,4,S/D,S/D,S/D,0,S/D,S/D,S/D,0
114127,PAMPA GALERAS,AYACUCHO,LUCANAS,wrf5,pp,20260902,20261001,"00Z,12Z",D1,6h,0.463,1.943,0.151,229,0.25,0.959,0.036,8,0.167,0.957,0.036,6,S/D,1.0,0.0,0,S/D,S/D,S/D,0
114127,PAMPA GALERAS,AYACUCHO,LUCANAS,mpas15,pp,20260902,20261001,00Z,D1,6h,0.331,1.169,0.187,116,0.75,0.875,0.12,4,0.667,0.882,0.111,3,S/D,1.0,0.0,0,S/D,S/D,S/D,0
114121,HURAY HUMA,AYACUCHO,PARINACOCHAS,ecmwf,pp,20260902,20261001,"00Z,12Z",D1,6h,0.7,1.54,S/D,160,S/D,1.0,0.0,0,S/D,1.0,0.0,0,S/D,1.0,0.0,0,S/D,S/D,S/D,0
114121,HURAY HUMA,AYACUCHO,PARINACOCHAS,gfs,pp,20260902,20261001,"00Z,12Z",D1,6h,0.774,1.607,S/D,160,S/D,1.0,0.0,0,S/D,1.0,0.0,0,S/D,1.0,0.0,0,S/D,S/D,S/D,0
114121,HURAY HUMA,AYACUCHO,PARINACOCHAS,eta5,pp,20260902,20261001,"00Z,12Z",D1,6h,0.572,1.364,S/D,121,S/D,1.0,0.0,0,S/D,1.0,0.0,0,S/D,1.0,0.0,0,S/D,S/D,S/D,0
114121,HURAY HUMA,AYACUCHO,PARINACOCHAS,wrf5,pp,20260902,20261001,"00Z,12Z",D1,6h,0.803,2.064,S/D,158,S/D,1.0,0.0,0,S/D,1.0,0.0,0,S/D,1.0,0.0,0,S/D,S/D,S/D,0
114121,HURAY HUMA,AYACUCHO,PARINACOCHAS,mpas15,pp,20260902,20261001,00Z,D1,6h,0.738,1.914,S/D,80,S/D,1.0,0.0,0,S/D,1.0,0.0,0,S/D,1.0,0.0,0,S/D,S/D,S/D,0
115155,PAUZA,AYACUCHO,PAUCAR DEL SARA SARA,ecmwf,pp,20260902,20261001,"00Z,12Z",D1,6h,S/D,S/D,S/D,0,S/D,S/D,S/D,0,S/D,S/D,S/D,0,S/D,S/D,S/D,0,S/D,S/D,S/D,0
115155,PAUZA,AYACUCHO,PAUCAR DEL SARA SARA,gfs,pp,20260902,20261001,"00Z,12Z",D1,6h,S/D,S/D,S/D,0,S/D,S/D,S/D,0,S/D,S/D,S/D,0,S/D,S/D,S/D,0,S/D,S/D,S/D,0
115155,PAUZA,AYACUCHO,PAUCAR DEL SARA SARA,eta5,pp,20260902,20261001,"00Z,12Z",D1,6h,S/D,S/D,S/D,0,S/D,S/D,S/D,0,S/D,S/D,S/D,0,S/D,S/D,S/D,0,S/D,S/D,S/D,0
115155,PAUZA,AYACUCHO,PAUCAR DEL SARA SARA,wrf5,pp,20260902,20261001,"00Z,12Z",D1,6h,S/D,S/D,S/D,0,S/D,S/D,S/D,0,S/D,S/D,S/D,0,S/D,S/D,S/D,0,S/D,S/D,S/D,0
115155,PAUZA,AYACUCHO,PAUCAR DEL SARA SARA,mpas15,pp,20260902,20261001,00Z,D1,6h,S/D,S/D,S/D,0,S/D,S/D,S/D,0,S/D,S/D,S/D,0,S/D,S/D,S/D,0,S/D,S/D,S/D,0
4725B27A,PAUCARAY,AYACUCHO,SUCRE,ecmwf,pp,20260902,20261001,"00Z,12Z",D1,6h,S/D,S/D,S/D,0,S/D,S/D,S/D,0,S/D,S/D,S/D,0,S/D,S/D,S/D,0,S/D,S/D,S/D,0
4725B27A,PAUCARAY,AYACUCHO,SUCRE,gfs,pp,20260902,20261001,"00Z,12Z",D1,6h,S/D,S/D,S/D,0,S/D,S/D,S/D,0,S/D,S/D,S/D,0,S/D,S/D,S/D,0,S/D,S/D,S/D,0
4725B27A,PAUCARAY,AYACUCHO,SUCRE,eta5,pp,20260902,20261001,"00Z,12Z",D1,6h,S/D,S/D,S/D,0,S/D,S/D,S/D,0,S/D,S/D,S/D,0,S/D,S/D,S/D,0,S/D,S/D,S/D,0
4725B27A,PAUCARAY,AYACUCHO,SUCRE,wrf5,pp,20260902,20261001,"00Z,12Z",D1,6h,S/D,S/D,S/D,0,S/D,S/D,S/D,0,S/D,S/D,S/D,0,S/D,S/D,S/D,0,S/D,S/D,S/D,0
4725B27A,PAUCARAY,AYACUCHO,SUCRE,mpas15,pp,20260902,20261001,00Z,D1,6h,S/D,S/D,S/D,0,S/D,S/D,S/D,0,S/D,S/D,S/D,0,S/D,S/D,S/D,0,S/D,S/D,S/D,0
4729F0EC,CAJABAMBA,CAJAMARCA,CAJABAMBA,ecmwf,pp,20260902,20261001,"00Z,12Z",D1,6h,0.171,1.705,0.282,234,0.9,0.906,0.093,10,0.667,0.833,0.154,6,0.5,0.75,0.2,2,S/D,S/D,S/D,0
4729F0EC,CAJABAMBA,CAJAMARCA,CAJABAMBA,gfs,pp,20260902,20261001,"00Z,12Z",D1,6h,-0.011,1.646,0.297,234,0.9,0.859,0.138,10,0.5,0.824,0.15,6,0.0,S/D,0.0,2,S/D,S/D,S/D,0
4729F0EC,CAJABAMBA,CAJAMARCA,CAJABAMBA,eta5,pp,20260902,20261001,"00Z,12Z",D1,6h,0.131,1.456,0.192,188,0.833,0.918,0.081,6,0.5,0.889,0.1,4,0.0,S/D,0.0,1,S/D,S/D,S/D,0
4729F0EC,CAJABAMBA,CAJAMARCA,CAJABAMBA,wrf5,pp,20260902,20261001,"00Z,12Z",D1,6h,0.123,1.542,0.177,230,0.5,0.886,0.102,10,0.333,0.882,0.095,6,1.0,0.667,0.333,2,S/D,S/D,S/D,0
4729F0EC,CAJABAMBA,CAJAMARCA,CAJABAMBA,mpas15,pp,20260902,20261001,00Z,D1,6h,0.713,2.071,0.295,117,1.0,0.884,0.116,5,1.0,0.9,0.1,3,1.0,0.857,0.143,1,S/D,S/D,S/D,0
472A32FC,CRISNEJAS,CAJAMARCA,CAJABAMBA,ecmwf,pp,20260902,20261001,"00Z,12Z",D1,6h,0.365,0.995,S/D,234,S/D,1.0,0.0,0,S/D,1.0,0.0,0,S/D,1.0,0.0,0,S/D,S/D,S/D,0
472A32FC,CRISNEJAS,CAJAMARCA,CAJABAMBA,gfs,pp,20260902,20261001,"00Z,12Z",D1,6h,0.205,0.62,S/D,234,S/D,1.0,0.0,0,S/D,1.0,0.0,0,S/D,S/D,S/D,0,S/D,S/D,S/D,0
472A32FC,CRISNEJAS,CAJAMARCA,CAJABAMBA,eta5,pp,20260902,20261001,"00Z,12Z",D1,6h,0.625,1.703,S/D,187,S/D,1.0,0.0,0,S/D,1.0,0.0,0,S/D,1.0,0.0,0,S/D,S/D,S/D,0
472A32FC,CRISNEJAS,CAJAMARCA,CAJABAMBA,wrf5,pp,20260902,20261001,"00Z,12Z",D1,6h,0.229,1.137,S/D,230,S/D,1.0,0.0,0,S/D,1.0,0.0,0,S/D,1.0,0.0,0,S/D,S/D,S/D,0
472A32FC,CRISNEJAS,CAJAMARCA,CAJABAMBA,mpas15,pp,20260902,20261001,00Z,D1,6h,0.748,2.178,S/D,117,S/D,1.0,0.0,0,S/D,1.0,0.0,0,S/D,1.0,0.0,0,S/D,S/D,S/D,0
472645F0,UNC CAJAMARCA,CAJAMARCA,CAJAMARCA,ecmwf,pp,20260902,20261001,"00Z,12Z",D1,6h,0.273,1.71,0.159,216,0.528,0.434,0.376,106,0.125,0.943,0.041,16,0.0,1.0,0.0,2,S/D,S/D,S/D,0
472645F0,UNC CAJAMARCA,CAJAMARCA,CAJAMARCA,gfs,pp,20260902,20261001,"00Z,12Z",D1,6h,0.801,1.851,0.013,216,0.679,0.52,0.391,106,0.375,0.919,0.071,16,0.0,1.0,0.0,2,S/D,S/D,S/D,0
472645F0,UNC CAJAMARCA,CAJAMARCA,CAJAMARCA,eta5,pp,20260902,20261001,"00Z,12Z",D1,6h,0.368,1.811,0.005,175,0.322,0.481,0.248,87,0.143,0.947,0.04,14,0.0,1.0,0.0,2,S/D,S/D,S/D,0
472645F0,UNC CAJAMARCA,CAJAMARCA,CAJAMARCA,wrf5,pp,20260902,20261001,"00Z,12Z",D1,6h,-0.106,1.536,0.134,212,0.212,0.371,0.188,104,0.062,0.875,0.043,16,0.0,1.0,0.0,2,S/D,S/D,S/D,0
472645F0,UNC CAJAMARCA,CAJAMARCA,CAJAMARCA,mpas15,pp,20260902,20261001,00Z,D1,6h,1.207,3.409,0.073,108,0.434,0.395,0.338,53,0.25,0.939,0.051,8,0.0,1.0,0.0,1,S/D,S/D,S/D,0
472501F4,BALSAS,CAJAMARCA,CELENDIN,ecmwf,pp,20260902,20261001,"00Z,12Z",D1,6h,S/D,S/D,S/D,0,S/D,S/D,S/D,0,S/D,S/D,S/D,0,S/D,S/D,S/D,0,S/D,S/D,S/D,0
472501F4,BALSAS,CAJAMARCA,CELENDIN,gfs,pp,20260902,20261001,"00Z,12Z",D1,6h,S/D,S/D,S/D,0,S/D,S/D,S/D,0,S/D,S/D,S/D,0,S/D,S/D,S/D,0,S/D,S/D,S/D,0
472501F4,BALSAS,CAJAMARCA,CELENDIN,eta5,pp,20260902,20261001,"00Z,12Z",D1,6h,S/D,S/D,S/D,0,S/D,S/D,S/D,0,S/D,S/D,S/D,0,S/D,S/D,S/D,0,S/D,S/D,S/D,0
472501F4,BALSAS,CAJAMARCA,CELENDIN,wrf5,pp,20260902,20261001,"00Z,12Z",D1,6h,S/D,S/D,S/D,0,S/D,S/D,S/D,0,S/D,S/D,S/D,0,S/D,S/D,S/D,0,S/D,S/D,S/D,0
472501F4,BALSAS,CAJAMARCA,CELENDIN,mpas15,pp,20260902,20261001,00Z,D1,6h,S/D,S/D,S/D,0,S/D,S/D,S/D,0,S/D,S/D,S/D,0,S/D,S/D,S/D,0,S/D,S/D,S/D,0
4726631C,CELENDIN,CAJAMARCA,CELENDIN,ecmwf,pp,20260902,20261001,"00Z,12Z",D1,6h,0.625,1.609,0.209,218,0.833,0.868,0.128,18,S/D,1.0,0.0,0,S/D,1.0,0.0,0,S/D,S/D,S/D,0
4726631C,CELENDIN,CAJAMARCA,CELENDIN,gfs,pp,20260902,20261001,"00Z,12Z",D1,6h,0.854,1.641,0.191,218,1.0,0.887,0.113,18,S/D,1.0,0.0,0,S/D,1.0,0.0,0,S/D,S/D,S/D,0
4726631C,CELENDIN,CAJAMARCA,CELENDIN,eta5,pp,20260902,20261001,"00Z,12Z",D1,6h,0.164,0.539,0.21,172,0.545,0.842,0.14,11,S/D,1.0,0.0,0,S/D,S/D,S/D,0,S/D,S/D,S/D,0
4726631C,CELENDIN,CAJAMARCA,CELENDIN,wrf5,pp,20260902,20261001,"00Z,12Z",D1,6h,0.327,1.865,0.052,214,0.278,0.839,0.114,18,S/D,1.0,0.0,0,S/D,1.0,0.0,0,S/D,S/D,S/D,0
4726631C,CELENDIN,CAJAMARCA,CELENDIN,mpas15,pp,20260902,20261001,00Z,D1,6h,1.084,2.178,0.067,109,0.556,0.894,0.098,9,S/D,1.0,0.0,0,S/D,1.0,0.0,0,S/D,S/D,S/D,0
4726C3E4,CHOTA,CAJAMARCA,CHOTA,ecmwf,pp,20260902,20261001,"00Z,12Z",D1,6h,0.515,3.588,0.255,204,0.844,0.829,0.166,32,0.7,0.774,0.206,20,0.125,0.909,0.056,8,0.0,S/D,0.0,2
4726C3E4,CHOTA,CAJAMARCA,CHOTA,gfs,pp,20260902,20261001,"00Z,12Z",D1,6h,0.218,3.071,0.268,204,0.938,0.824,0.174,32,0.6,0.782,0.19,20,0.125,0.833,0.077,8,0.0,S/D,0.0,2
4726C3E4,CHOTA,CAJAMARCA,CHOTA,eta5,pp,20260902,20261001,"00Z,12Z",D1,6h,-0.217,3.445,0.255,162,0.654,0.726,0.239,26,0.438,0.759,0.184,16,0.0,1.0,0.0,6,0.0,S/D,0.0,2
4726C3E4,CHOTA,CAJAMARCA,CHOTA,wrf5,pp,20260902,20261001,"00Z,12Z",D1,6h,-0.506,3.25,0.13,200,0.219,0.806,0.115,32,0.25,0.545,0.192,20,0.0,1.0,0.0,8,0.0,S/D,0.0,2
4726C3E4,CHOTA,CAJAMARCA,CHOTA,mpas15,pp,20260902,20261001,00Z,D1,6h,1.275,4.161,0.219,102,0.688,0.788,0.193,16,0.6,0.864,0.125,10,0.5,0.833,0.143,4,0.0,1.0,0.0,1
47E94706,HUAMBOS,CAJAMARCA,CHOTA,ecmwf,pp,20260902,20261001,"00Z,12Z",D1,6h,0.966,2.242,0.198,236,0.906,0.804,0.192,32,0.75,0.902,0.095,8,1.0,0.867,0.133,2,S/D,S/D,S/D,0
47E94706,HUAMBOS,CAJAMARCA,CHOTA,gfs,pp,20260902,20261001,"00Z,12Z",D1,6h,0.388,1.179,0.311,236,0.719,0.775,0.207,32,0.625,0.828,0.156,8,0.0,1.0,0.0,2,S/D,S/D,S/D,0
47E94706,HUAMBOS,CAJAMARCA,CHOTA,eta5,pp,20260902,20261001,"00Z,12Z",D1,6h,0.323,1.238,0.144,189,0.462,0.789,0.169,26,0.286,0.923,0.065,7,0.0,1.0,0.0,1,S/D,S/D,S/D,0
47E94706,HUAMBOS,CAJAMARCA,CHOTA,wrf5,pp,20260902,20261001,"00Z,12Z",D1,6h,-0.017,0.691,0.332,233,0.312,0.545,0.227,32,0.25,0.8,0.125,8,0.0,S/D,0.0,2,S/D,S/D,S/D,0
47E94706,HUAMBOS,CAJAMARCA,CHOTA,mpas15,pp,20260902,20261001,00Z,D1,6h,1.325,3.016,0.132,118,0.5,0.837,0.14,16,0.75,0.923,0.075,4,1.0,0.923,0.077,1,S/D,S/D,S/D,0
47E1D6C2,PUENTE SAN CARLOS,CAJAMARCA,CHOTA,ecmwf,pp,20260902,20261001,"00Z,12Z",D1,6h,0.325,0.937,-0.063,232,0.25,0.96,0.036,16,0.0,1.0,0.0,6,S/D,1.0,0.0,0,S/D,S/D,S/D,0
47E1D6C2,PUENTE SAN CARLOS,CAJAMARCA,CHOTA,gfs,pp,20260902,20261001,"00Z,12Z",D1,6h,0.209,0.646,0.036,232,0.375,0.914,0.075,16,0.0,1.0,0.0,6,S/D,S/D,S/D,0,S/D,S/D,S/D,0
47E1D6C2,PUENTE SAN CARLOS,CAJAMARCA,CHOTA,eta5,pp,20260902,20261001,"00Z,12Z",D1,6h,0.429,1.265,0.044,187,0.385,0.909,0.079,13,0.0,1.0,0.0,4,S/D,1.0,0.0,0,S/D,S/D,S/D,0
47E1D6C2,PUENTE SAN CARLOS,CAJAMARCA,CHOTA,wrf5,pp,20260902,20261001,"00Z,12Z",D1,6h,-0.044,0.278,0.14,228,0.125,0.867,0.069,16,0.0,S/D,0.0,6,S/D,S/D,S/D,0,S/D,S/D,S/D,0
47E1D6C2,PUENTE SAN CARLOS,CAJAMARCA,CHOTA,mpas15,pp,20260902,20261001,00Z,D1,6h,0.13,0.675,-0.087,116,0.0,1.0,0.0,8,0.0,1.0,0.0,3,S/D,S/D,S/D,0,S/D,S/D,S/D,0
47E1F02E,TUNEL CHOTANO,CAJAMARCA,CHOTA,ecmwf,pp,20260902,20261001,"00Z,12Z",D1,6h,1.221,2.844,0.017,234,0.711,0.855,0.137,38,1.0,0.942,0.058,4,0.0,1.0,0.0,2,S/D,S/D,S/D,0
47E1F02E,TUNEL CHOTANO,CAJAMARCA,CHOTA,gfs,pp,20260902,20261001,"00Z,12Z",D1,6h,0.859,1.707,0.252,234,0.868,0.829,0.167,38,1.0,0.934,0.066,4,0.0,1.0,0.0,2,S/D,S/D,S/D,0
47E1F02E,TUNEL CHOTANO,CAJAMARCA,CHOTA,eta5,pp,20260902,20261001,"00Z,12Z",D1,6h,0.636,1.713,0.204,187,0.64,0.778,0.198,25,1.0,0.921,0.079,3,0.0,1.0,0.0,2,S/D,S/D,S/D,0
47E1F02E,TUNEL CHOTANO,CAJAMARCA,CHOTA,wrf5,pp,20260902,20261001,"00Z,12Z",D1,6h,0.299,1.496,0.207,230,0.316,0.739,0.167,38,0.25,0.955,0.04,4,0.0,1.0,0.0,2,S/D,S/D,S/D,0
47E1F02E,TUNEL CHOTANO,CAJAMARCA,CHOTA,mpas15,pp,20260902,20261001,00Z,D1,6h,1.658,3.992,0.151,117,0.579,0.784,0.186,19,1.0,0.951,0.049,2,0.0,1.0,0.0,1,S/D,S/D,S/D,0
472C92CA,CASCABAMBA,CAJAMARCA,CONTUMAZA,ecmwf,pp,20260902,20261001,"00Z,12Z",D1,6h,0.464,1.587,0.103,232,0.583,0.875,0.115,24,0.0,1.0,0.0,4,0.0,1.0,0.0,2,S/D,S/D,S/D,0
472C92CA,CASCABAMBA,CAJAMARCA,CONTUMAZA,gfs,pp,20260902,20261001,"00Z,12Z",D1,6h,0.15,0.671,0.113,232,0.583,0.861,0.126,24,0.0,1.0,0.0,4,0.0,S/D,0.0,2,S/D,S/D,S/D,0
472C92CA,CASCABAMBA,CAJAMARCA,CONTUMAZA,eta5,pp,20260902,20261001,"00Z,12Z",D1,6h,-0.046,0.394,0.068,185,0.0,1.0,0.0,16,0.0,S/D,0.0,2,0.0,S/D,0.0,1,S/D,S/D,S/D,0
472C92CA,CASCABAMBA,CAJAMARCA,CONTUMAZA,wrf5,pp,20260902,20261001,"00Z,12Z",D1,6h,0.842,2.754,0.196,229,0.583,0.791,0.182,24,0.5,0.946,0.051,4,0.0,1.0,0.0,2,S/D,S/D,S/D,0
472C92CA,CASCABAMBA,CAJAMARCA,CONTUMAZA,mpas15,pp,20260902,20261001,00Z,D1,6h,1.134,2.883,0.186,116,0.583,0.829,0.152,12,0.5,0.968,0.031,2,0.0,1.0,0.0,1,S/D,S/D,S/D,0
472C81BC,GUZMANGO,CAJAMARCA,CONTUMAZA,ecmwf,pp,20260902,20261001,"00Z,12Z",D1,6h,0.148,0.804,0.151,230,0.5,0.94,0.057,6,0.0,1.0,0.0,2,S/D,1.0,0.0,0,S/D,S/D,S/D,0
472C81BC,GUZMANGO,CAJAMARCA,CONTUMAZA,gfs,pp,20260902,20261001,"00Z,12Z",D1,6h,0.0,0.347,0.234,230,0.667,0.871,0.121,6,0.0,S/D,0.0,2,S/D,S/D,S/D,0,S/D,S/D,S/D,0
472C81BC,GUZMANGO,CAJAMARCA,CONTUMAZA,eta5,pp,20260902,20261001,"00Z,12Z",D1,6h,0.039,0.369,0.253,183,0.75,0.842,0.15,4,0.0,1.0,0.0,1,S/D,S/D,S/D,0,S/D,S/D,S/D,0
472C81BC,GUZMANGO,CAJAMARCA,CONTUMAZA,wrf5,pp,20260902,20261001,"00Z,12Z",D1,6h,-0.023,0.349,0.248,227,0.167,0.857,0.083,6,0.0,S/D,0.0,2,S/D,S/D,S/D,0,S/D,S/D,S/D,0
472C81BC,GUZMANGO,CAJAMARCA,CONTUMAZA,mpas15,pp,20260902,20261001,00Z,D1,6h,0.582,1.503,-0.029,115,0.333,0.971,0.027,3,0.0,1.0,0.0,1,S/D,1.0,0.0,0,S/D,S/D,S/D,0
4727470A,PUENTE CHILETE,CAJAMARCA,CONTUMAZA,ecmwf,pp,20260902,20261001,"00Z,12Z",D1,6h,0.761,2.061,0.057,222,0.75,0.973,0.027,4,0.0,1.0,0.0,4,S/D,1.0,0.0,0,S/D,S/D,S/D,0
4727470A,PUENTE CHILETE,CAJAMARCA,CONTUMAZA,gfs,pp,20260902,20261001,"00Z,12Z",D1,6h,0.96,1.825,0.038,222,0.75,0.981,0.019,4,0.5,0.97,0.029,4,S/D,1.0,0.0,0,S/D,S/D,S/D,0
4727470A,PUENTE CHILETE,CAJAMARCA,CONTUMAZA,eta5,pp,20260902,20261001,"00Z,12Z",D1,6h,1.404,3.314,0.156,179,1.0,0.974,0.026,2,1.0,0.958,0.042,2,S/D,1.0,0.0,0,S/D,S/D,S/D,0
4727470A,PUENTE CHILETE,CAJAMARCA,CONTUMAZA,wrf5,pp,20260902,20261001,"00Z,12Z",D1,6h,0.018,0.283,0.14,218,0.25,0.9,0.077,4,0.25,0.667,0.167,4,S/D,S/D,S/D,0,S/D,S/D,S/D,0
4727470A,PUENTE CHILETE,CAJAMARCA,CONTUMAZA,mpas15,pp,20260902,20261001,00Z,D1,6h,1.89,4.145,0.064,111,1.0,0.956,0.044,2,0.0,1.0,0.0,2,S/D,1.0,0.0,0,S/D,S/D,S/D,0
4726E508,YONAN GORE,CAJAMARCA,CONTUMAZA,ecmwf,pp,20260902,20261001,"00Z,12Z",D1,6h,0.216,0.849,0.058,224,0.5,0.946,0.051,6,0.0,1.0,0.0,4,S/D,1.0,0.0,0,S/D,S/D,S/D,0
4726E508,YONAN GORE,CAJAMARCA,CONTUMAZA,gfs,pp,20260902,20261001,"00Z,12Z",D1,6h,0.121,0.363,0.132,224,0.667,0.947,0.052,6,0.0,1.0,0.0,4,S/D,S/D,S/D,0,S/D,S/D,S/D,0
4726E508,YONAN GORE,CAJAMARCA,CONTUMAZA,eta5,pp,20260902,20261001,"00Z,12Z",D1,6h,0.14,0.775,-0.09,179,0.0,1.0,0.0,5,0.0,1.0,0.0,3,S/D,1.0,0.0,0,S/D,S/D,S/D,0
4726E508,YONAN GORE,CAJAMARCA,CONTUMAZA,wrf5,pp,20260902,20261001,"00Z,12Z",D1,6h,-0.011,0.182,0.239,220,0.167,0.9,0.067,6,0.0,S/D,0.0,4,S/D,S/D,S/D,0,S/D,S/D,S/D,0
4726E508,YONAN GORE,CAJAMARCA,CONTUMAZA,mpas15,pp,20260902,20261001,00Z,D1,6h,0.144,0.826,-0.124,112,0.0,1.0,0.0,3,0.0,1.0,0.0,2,S/D,1.0,0.0,0,S/D,S/D,S/D,0
472B3006,CUMBA,CAJAMARCA,CUTERVO,ecmwf,pp,20260902,20261001,"00Z,12Z",D1,6h,0.57,1.829,0.19,228,0.857,0.836,0.16,28,0.1,0.98,0.017,10,0.0,1.0,0.0,2,S/D,S/D,S/D,0
472B3006,CUMBA,CAJAMARCA,CUTERVO,gfs,pp,20260902,20261001,"00Z,12Z",D1,6h,0.559,1.322,0.37,228,1.0,0.801,0.199,28,0.8,0.879,0.118,10,0.0,1.0,0.0,2,S/D,S/D,S/D,0
472B3006,CUMBA,CAJAMARCA,CUTERVO,eta5,pp,20260902,20261001,"00Z,12Z",D1,6h,1.899,3.381,0.272,181,0.958,0.822,0.177,24,0.875,0.918,0.081,8,0.0,1.0,0.0,1,S/D,S/D,S/D,0
472B3006,CUMBA,CAJAMARCA,CUTERVO,wrf5,pp,20260902,20261001,"00Z,12Z",D1,6h,-0.103,1.046,0.057,224,0.036,0.957,0.02,28,0.0,1.0,0.0,10,0.0,1.0,0.0,2,S/D,S/D,S/D,0
472B3006,CUMBA,CAJAMARCA,CUTERVO,mpas15,pp,20260902,20261001,00Z,D1,6h,1.889,3.748,0.143,114,0.786,0.857,0.138,14,0.6,0.953,0.045,5,0.0,1.0,0.0,1,S/D,S/D,S/D,0
4726A602,CUTERVO,CAJAMARCA,CUTERVO,ecmwf,pp,20260902,20261001,"00Z,12Z",D1,6h,0.791,2.102,0.187,188,0.893,0.831,0.166,28,0.5,0.86,0.123,16,1.0,0.75,0.25,2,S/D,S/D,S/D,0
4726A602,CUTERVO,CAJAMARCA,CUTERVO,gfs,pp,20260902,20261001,"00Z,12Z",D1,6h,0.519,1.827,0.293,188,0.964,0.825,0.174,28,0.5,0.843,0.136,16,1.0,0.5,0.5,2,S/D,S/D,S/D,0
4726A602,CUTERVO,CAJAMARCA,CUTERVO,eta5,pp,20260902,20261001,"00Z,12Z",D1,6h,-0.272,2.185,0.217,156,0.462,0.714,0.214,26,0.067,0.833,0.05,15,0.0,S/D,0.0,2,S/D,S/D,S/D,0
4726A602,CUTERVO,CAJAMARCA,CUTERVO,wrf5,pp,20260902,20261001,"00Z,12Z",D1,6h,-0.033,1.801,0.258,184,0.321,0.679,0.191,28,0.375,0.6,0.24,16,0.5,0.8,0.167,2,S/D,S/D,S/D,0
4726A602,CUTERVO,CAJAMARCA,CUTERVO,mpas15,pp,20260902,20261001,00Z,D1,6h,1.013,2.803,0.26,94,0.857,0.76,0.231,14,0.75,0.818,0.171,8,1.0,0.875,0.125,1,S/D,S/D,S/D,0
4726D092,BAMBAMARCA H,CAJAMARCA,HUALGAYOC,ecmwf,pp,20260902,20261001,"00Z,12Z",D1,6h,0.504,1.571,0.344,132,0.833,0.833,0.161,12,0.5,0.812,0.158,6,S/D,1.0,0.0,0,S/D,S/D,S/D,0
4726D092,BAMBAMARCA H,CAJAMARCA,HUALGAYOC,gfs,pp,20260902,20261001,"00Z,12Z",D1,6h,0.539,1.029,0.241,132,1.0,0.874,0.126,12,0.5,0.885,0.103,6,S/D,S/D,S/D,0,S/D,S/D,S/D,0
4726D092,BAMBAMARCA H,CAJAMARCA,HUALGAYOC,eta5,pp,20260902,20261001,"00Z,12Z",D1,6h,0.02,0.685,0.129,114,0.167,0.846,0.087,12,0.0,1.0,0.0,6,S/D,1.0,0.0,0,S/D,S/D,S/D,0
4726D092,BAMBAMARCA H,CAJAMARCA,HUALGAYOC,wrf5,pp,20260902,20261001,"00Z,12Z",D1,6h,-0.007,0.512,0.154,128,0.273,0.786,0.136,11,0.0,1.0,0.0,6,S/D,S/D,S/D,0,S/D,S/D,S/D,0
4726D092,BAMBAMARCA H,CAJAMARCA,HUALGAYOC,mpas15,pp,20260902,20261001,00Z,D1,6h,0.93,2.363,0.25,66,0.833,0.828,0.167,6,0.667,0.92,0.077,3,S/D,1.0,0.0,0,S/D,S/D,S/D,0
472680EE,BAMBAMARCA M,CAJAMARCA,HUALGAYOC,ecmwf,pp,20260902,20261001,"00Z,12Z",D1,6h,0.82,2.324,0.364,228,0.9,0.769,0.225,30,0.583,0.837,0.146,12,0.0,1.0,0.0,2,S/D,S/D,S/D,0
472680EE,BAMBAMARCA M,CAJAMARCA,HUALGAYOC,gfs,pp,20260902,20261001,"00Z,12Z",D1,6h,0.996,1.926,0.258,228,0.933,0.84,0.158,30,0.5,0.921,0.073,12,0.0,1.0,0.0,2,S/D,S/D,S/D,0
472680EE,BAMBAMARCA M,CAJAMARCA,HUALGAYOC,eta5,pp,20260902,20261001,"00Z,12Z",D1,6h,0.484,1.512,0.092,181,0.5,0.824,0.15,24,0.25,0.944,0.048,8,0.0,1.0,0.0,1,S/D,S/D,S/D,0
472680EE,BAMBAMARCA M,CAJAMARCA,HUALGAYOC,wrf5,pp,20260902,20261001,"00Z,12Z",D1,6h,0.223,1.647,0.276,224,0.533,0.673,0.254,30,0.25,0.85,0.103,12,0.0,1.0,0.0,2,S/D,S/D,S/D,0
472680EE,BAMBAMARCA M,CAJAMARCA,HUALGAYOC,mpas15,pp,20260902,20261001,00Z,D1,6h,1.426,3.161,0.164,114,0.667,0.825,0.161,15,0.667,0.911,0.085,6,0.0,1.0,0.0,1,S/D,S/D,S/D,0
4727F484,CHUGUR,CAJAMARCA,HUALGAYOC,ecmwf,pp,20260902,20261001,"00Z,12Z",D1,6h,1.596,3.022,S/D,230,S/D,1.0,0.0,0,S/D,1.0,0.0,0,S/D,1.0,0.0,0,S/D,S/D,S/D,0
4727F484,CHUGUR,CAJAMARCA,HUALGAYOC,gfs,pp,20260902,20261001,"00Z,12Z",D1,6h,1.357,2.602,S/D,230,S/D,1.0,0.0,0,S/D,1.0,0.0,0,S/D,1.0,0.0,0,S/D,S/D,S/D,0
4727F484,CHUGUR,CAJAMARCA,HUALGAYOC,eta5,pp,20260902,20261001,"00Z,12Z",D1,6h,0.905,2.034,S/D,185,S/D,1.0,0.0,0,S/D,1.0,0.0,0,S/D,1.0,0.0,0,S/D,S/D,S/D,0
4727F484,CHUGUR,CAJAMARCA,HUALGAYOC,wrf5,pp,20260902,20261001,"00Z,12Z",D1,6h,1.217,3.415,S/D,226,S/D,1.0,0.0,0,S/D,1.0,0.0,0,S/D,1.0,0.0,0,S/D,1.0,0.0,0
4727F484,CHUGUR,CAJAMARCA,HUALGAYOC,mpas15,pp,20260902,20261001,00Z,D1,6h,2.104,4.891,S/D,115,S/D,1.0,0.0,0,S/D,1.0,0.0,0,S/D,1.0,0.0,0,S/D,1.0,0.0,0
472A571A,HUALLAPE,CAJAMARCA,JAEN,ecmwf,pp,20260902,20261001,"00Z,12Z",D1,6h,0.617,2.231,0.185,234,0.889,0.818,0.178,36,0.25,0.941,0.05,12,0.0,1.0,0.0,6,S/D,S/D,S/D,0
472A571A,HUALLAPE,CAJAMARCA,JAEN,gfs,pp,20260902,20261001,"00Z,12Z",D1,6h,0.061,1.289,0.229,234,0.639,0.772,0.202,36,0.333,0.84,0.121,12,0.0,S/D,0.0,6,S/D,S/D,S/D,0
472A571A,HUALLAPE,CAJAMARCA,JAEN,eta5,pp,20260902,20261001,"00Z,12Z",D1,6h,1.244,2.621,0.156,187,0.667,0.833,0.154,27,0.8,0.884,0.113,10,0.25,0.923,0.062,4,S/D,S/D,S/D,0
472A571A,HUALLAPE,CAJAMARCA,JAEN,wrf5,pp,20260902,20261001,"00Z,12Z",D1,6h,-0.121,1.713,0.183,230,0.083,0.812,0.061,36,0.0,1.0,0.0,12,0.0,1.0,0.0,6,S/D,S/D,S/D,0
472A571A,HUALLAPE,CAJAMARCA,JAEN,mpas15,pp,20260902,20261001,00Z,D1,6h,0.624,2.662,0.086,117,0.5,0.804,0.164,18,0.5,0.912,0.081,6,0.0,1.0,0.0,3,S/D,S/D,S/D,0
47269398,JAEN,CAJAMARCA,JAEN,ecmwf,pp,20260902,20261001,"00Z,12Z",D1,6h,0.483,1.167,0.227,214,0.778,0.876,0.12,18,0.5,0.929,0.067,6,S/D,1.0,0.0,0,S/D,S/D,S/D,0
47269398,JAEN,CAJAMARCA,JAEN,gfs,pp,20260902,20261001,"00Z,12Z",D1,6h,0.391,0.919,0.28,214,0.889,0.861,0.137,18,0.5,0.921,0.073,6,S/D,1.0,0.0,0,S/D,S/D,S/D,0
47269398,JAEN,CAJAMARCA,JAEN,eta5,pp,20260902,20261001,"00Z,12Z",D1,6h,2.427,3.752,0.079,170,0.812,0.897,0.101,16,0.6,0.97,0.029,5,S/D,1.0,0.0,0,S/D,S/D,S/D,0
47269398,JAEN,CAJAMARCA,JAEN,wrf5,pp,20260902,20261001,"00Z,12Z",D1,6h,-0.052,0.505,0.194,210,0.222,0.714,0.143,18,0.0,1.0,0.0,6,S/D,S/D,S/D,0,S/D,S/D,S/D,0
47269398,JAEN,CAJAMARCA,JAEN,mpas15,pp,20260902,20261001,00Z,D1,6h,1.846,3.524,0.129,107,0.778,0.892,0.104,9,0.667,0.962,0.038,3,S/D,1.0,0.0,0,S/D,S/D,S/D,0
105136,SAUZAL,CAJAMARCA,JAEN,ecmwf,pp,20260902,20261001,"00Z,12Z",D1,6h,0.67,1.81,0.242,234,1.0,0.913,0.087,8,0.5,0.953,0.044,4,S/D,1.0,0.0,0,S/D,S/D,S/D,0
105136,SAUZAL,CAJAMARCA,JAEN,gfs,pp,20260902,20261001,"00Z,12Z",D1,6h,0.565,1.31,0.295,234,1.0,0.918,0.082,8,0.5,0.952,0.045,4,S/D,1.0,0.0,0,S/D,S/D,S/D,0
105136,SAUZAL,CAJAMARCA,JAEN,eta5,pp,20260902,20261001,"00Z,12Z",D1,6h,0.465,1.629,0.072,189,0.5,0.936,0.06,6,0.0,1.0,0.0,3,S/D,1.0,0.0,0,S/D,S/D,S/D,0
105136,SAUZAL,CAJAMARCA,JAEN,wrf5,pp,20260902,20261001,"00Z,12Z",D1,6h,0.033,0.835,0.183,230,0.125,0.909,0.056,8,0.0,1.0,0.0,4,S/D,1.0,0.0,0,S/D,S/D,S/D,0
105136,SAUZAL,CAJAMARCA,JAEN,mpas15,pp,20260902,20261001,00Z,D1,6h,0.577,1.52,0.301,117,1.0,0.867,0.133,4,0.5,0.957,0.042,2,S/D,1.0,0.0,0,S/D,S/D,S/D,0
4725E206,SAN MARCOS,CAJAMARCA,SAN MARCOS,ecmwf,pp,20260902,20261001,"00Z,12Z",D1,6h,0.61,1.626,0.295,218,1.0,0.925,0.075,8,1.0,0.929,0.071,2,S/D,1.0,0.0,0,S/D,S/D,S/D,0
4725E206,SAN MARCOS,CAJAMARCA,SAN MARCOS,gfs,pp,20260902,20261001,"00Z,12Z",D1,6h,0.746,1.44,0.2,218,1.0,0.938,0.062,8,0.5,0.981,0.019,2,S/D,1.0,0.0,0,S/D,S/D,S/D,0
4725E206,SAN MARCOS,CAJAMARCA,SAN MARCOS,eta5,pp,20260902,20261001,"00Z,12Z",D1,6h,0.278,0.803,0.201,177,0.667,0.911,0.085,6,0.0,1.0,0.0,2,S/D,1.0,0.0,0,S/D,S/D,S/D,0
4725E206,SAN MARCOS,CAJAMARCA,SAN MARCOS,wrf5,pp,20260902,20261001,"00Z,12Z",D1,6h,0.295,1.423,0.346,214,1.0,0.771,0.229,8,0.0,1.0,0.0,2,S/D,1.0,0.0,0,S/D,S/D,S/D,0
4725E206,SAN MARCOS,CAJAMARCA,SAN MARCOS,mpas15,pp,20260902,20261001,00Z,D1,6h,0.899,2.787,0.312,109,1.0,0.9,0.1,4,1.0,0.964,0.036,1,S/D,1.0,0.0,0,S/D,S/D,S/D,0
47E207A4,TONGOD,CAJAMARCA,SAN MIGUEL,ecmwf,pp,20260902,20261001,"00Z,12Z",D1,6h,0.79,2.898,0.298,230,0.732,0.737,0.24,56,0.818,0.783,0.207,22,0.667,0.636,0.308,12,S/D,S/D,S/D,0
47E207A4,TONGOD,CAJAMARCA,SAN MIGUEL,gfs,pp,20260902,20261001,"00Z,12Z",D1,6h,0.599,2.828,0.432,230,0.893,0.677,0.311,56,0.727,0.781,0.203,22,0.417,0.762,0.179,12,S/D,S/D,S/D,0
47E207A4,TONGOD,CAJAMARCA,SAN MIGUEL,eta5,pp,20260902,20261001,"00Z,12Z",D1,6h,-0.152,2.189,0.392,184,0.628,0.557,0.351,43,0.5,0.667,0.25,14,0.0,S/D,0.0,5,S/D,S/D,S/D,0
47E207A4,TONGOD,CAJAMARCA,SAN MIGUEL,wrf5,pp,20260902,20261001,"00Z,12Z",D1,6h,-0.009,2.738,0.472,226,0.661,0.431,0.44,56,0.591,0.567,0.333,22,0.5,0.5,0.333,12,S/D,S/D,S/D,0
47E207A4,TONGOD,CAJAMARCA,SAN MIGUEL,mpas15,pp,20260902,20261001,00Z,D1,6h,1.214,3.441,0.333,115,0.607,0.622,0.304,28,0.818,0.775,0.214,11,0.833,0.762,0.227,6,S/D,S/D,S/D,0
47E1C5B4,CAÑAD,CAJAMARCA,SANTA CRUZ,ecmwf,pp,20260902,20261001,"00Z,12Z",D1,6h,1.329,2.629,0.031,228,0.833,0.967,0.033,6,S/D,1.0,0.0,0,S/D,1.0,0.0,0,S/D,S/D,S/D,0
47E1C5B4,CAÑAD,CAJAMARCA,SANTA CRUZ,gfs,pp,20260902,20261001,"00Z,12Z",D1,6h,1.065,1.891,0.247,228,1.0,0.962,0.038,6,S/D,1.0,0.0,0,S/D,1.0,0.0,0,S/D,S/D,S/D,0
47E1C5B4,CAÑAD,CAJAMARCA,SANTA CRUZ,eta5,pp,20260902,20261001,"00Z,12Z",D1,6h,0.969,2.224,0.174,186,1.0,0.963,0.037,3,S/D,1.0,0.0,0,S/D,1.0,0.0,0,S/D,S/D,S/D,0
47E1C5B4,CAÑAD,CAJAMARCA,SANTA CRUZ,wrf5,pp,20260902,20261001,"00Z,12Z",D1,6h,0.072,0.388,0.313,224,0.667,0.75,0.222,6,S/D,1.0,0.0,0,S/D,S/D,S/D,0,S/D,S/D,S/D,0
47E1C5B4,CAÑAD,CAJAMARCA,SANTA CRUZ,mpas15,pp,20260902,20261001,00Z,D1,6h,1.182,2.762,0.135,114,1.0,0.933,0.067,3,S/D,1.0,0.0,0,S/D,1.0,0.0,0,S/D,S/D,S/D,0
47E3055E,CHANCAY BAÑOS,CAJAMARCA,SANTA CRUZ,ecmwf,pp,20260902,20261001,"00Z,12Z",D1,6h,1.128,2.699,0.09,238,0.781,0.868,0.128,32,0.7,0.901,0.095,10,0.5,0.929,0.067,2,S/D,S/D,S/D,0
47E3055E,CHANCAY BAÑOS,CAJAMARCA,SANTA CRUZ,gfs,pp,20260902,20261001,"00Z,12Z",D1,6h,0.761,1.598,0.227,238,0.906,0.852,0.146,32,0.6,0.902,0.092,10,0.5,0.875,0.111,2,S/D,S/D,S/D,0
47E3055E,CHANCAY BAÑOS,CAJAMARCA,SANTA CRUZ,eta5,pp,20260902,20261001,"00Z,12Z",D1,6h,0.639,2.046,0.231,191,0.75,0.8,0.188,20,0.667,0.9,0.095,6,0.0,1.0,0.0,2,S/D,S/D,S/D,0
47E3055E,CHANCAY BAÑOS,CAJAMARCA,SANTA CRUZ,wrf5,pp,20260902,20261001,"00Z,12Z",D1,6h,0.056,1.344,0.241,234,0.312,0.697,0.182,32,0.3,0.8,0.136,10,0.0,1.0,0.0,2,S/D,S/D,S/D,0
47E3055E,CHANCAY BAÑOS,CAJAMARCA,SANTA CRUZ,mpas15,pp,20260902,20261001,00Z,D1,6h,1.261,3.138,0.109,119,0.5,0.837,0.14,16,0.6,0.923,0.073,5,0.0,1.0,0.0,1,S/D,S/D,S/D,0
47E1E358,PUENTE AMBAN,CAJAMARCA,SANTA CRUZ,ecmwf,pp,20260902,20261001,"00Z,12Z",D1,6h,0.803,2.408,0.043,236,0.577,0.898,0.095,26,0.8,0.864,0.131,10,1.0,0.733,0.267,4,S/D,S/D,S/D,0
47E1E358,PUENTE AMBAN,CAJAMARCA,SANTA CRUZ,gfs,pp,20260902,20261001,"00Z,12Z",D1,6h,0.236,1.551,0.386,236,0.885,0.77,0.223,26,0.9,0.69,0.3,10,0.0,1.0,0.0,4,S/D,S/D,S/D,0
47E1E358,PUENTE AMBAN,CAJAMARCA,SANTA CRUZ,eta5,pp,20260902,20261001,"00Z,12Z",D1,6h,0.982,3.1,0.237,189,0.765,0.851,0.143,17,0.714,0.907,0.089,7,0.0,1.0,0.0,3,S/D,S/D,S/D,0
47E1E358,PUENTE AMBAN,CAJAMARCA,SANTA CRUZ,wrf5,pp,20260902,20261001,"00Z,12Z",D1,6h,-0.125,1.445,0.273,232,0.308,0.652,0.195,26,0.6,0.538,0.353,10,0.0,S/D,0.0,4,S/D,S/D,S/D,0
47E1E358,PUENTE AMBAN,CAJAMARCA,SANTA CRUZ,mpas15,pp,20260902,20261001,00Z,D1,6h,1.167,3.11,0.056,118,0.462,0.875,0.109,13,0.8,0.897,0.1,5,1.0,0.846,0.154,2,S/D,S/D,S/D,0
114132,POMACANCHI,CUSCO,ACOMAYO,ecmwf,pp,20260902,20261001,"00Z,12Z",D1,6h,0.386,0.918,0.398,236,0.857,0.747,0.242,28,0.333,0.952,0.043,6,S/D,1.0,0.0,0,S/D,S/D,S/D,0
114132,POMACANCHI,CUSCO,ACOMAYO,gfs,pp,20260902,20261001,"00Z,12Z",D1,6h,0.359,1.33,0.338,236,0.75,0.761,0.221,28,0.667,0.846,0.143,6,S/D,1.0,0.0,0,S/D,S/D,S/D,0
114132,POMACANCHI,CUSCO,ACOMAYO,eta5,pp,20260902,20261001,"00Z,12Z",D1,6h,0.418,1.337,0.418,190,0.704,0.712,0.257,27,0.833,0.821,0.172,6,S/D,1.0,0.0,0,S/D,S/D,S/D,0
114132,POMACANCHI,CUSCO,ACOMAYO,wrf5,pp,20260902,20261001,"00Z,12Z",D1,6h,0.22,1.307,0.424,232,0.536,0.595,0.3,28,0.167,0.923,0.056,6,S/D,1.0,0.0,0,S/D,S/D,S/D,0
114132,POMACANCHI,CUSCO,ACOMAYO,mpas15,pp,20260902,20261001,00Z,D1,6h,0.52,1.024,0.336,118,0.786,0.771,0.216,14,0.667,0.935,0.062,3,S/D,1.0,0.0,0,S/D,S/D,S/D,0
113252,ANCACHURO,CUSCO,ANTA,ecmwf,pp,20260902,20261001,"00Z,12Z",D1,6h,0.514,1.511,0.33,230,0.909,0.808,0.189,22,0.75,0.872,0.122,8,0.0,1.0,0.0,2,S/D,S/D,S/D,0
113252,ANCACHURO,CUSCO,ANTA,gfs,pp,20260902,20261001,"00Z,12Z",D1,6h,0.333,1.336,0.298,230,0.773,0.811,0.179,22,0.5,0.857,0.125,8,0.0,1.0,0.0,2,S/D,S/D,S/D,0
113252,ANCACHURO,CUSCO,ANTA,eta5,pp,20260902,20261001,"00Z,12Z",D1,6h,0.58,1.742,0.308,184,0.7,0.77,0.209,20,0.714,0.861,0.132,7,0.0,1.0,0.0,1,S/D,S/D,S/D,0
113252,ANCACHURO,CUSCO,ANTA,wrf5,pp,20260902,20261001,"00Z,12Z",D1,6h,0.029,0.957,0.296,226,0.5,0.756,0.196,22,0.125,0.875,0.067,8,0.0,1.0,0.0,2,S/D,S/D,S/D,0
113252,ANCACHURO,CUSCO,ANTA,mpas15,pp,20260902,20261001,00Z,D1,6h,0.482,1.279,0.198,115,0.727,0.818,0.17,11,0.5,0.938,0.059,4,0.0,S/D,0.0,1,S/D,S/D,S/D,0
47294362,SORAYPAMPA,CUSCO,ANTA,ecmwf,pp,20260902,20261001,"00Z,12Z",D1,6h,S/D,S/D,S/D,0,S/D,S/D,S/D,0,S/D,S/D,S/D,0,S/D,S/D,S/D,0,S/D,S/D,S/D,0
47294362,SORAYPAMPA,CUSCO,ANTA,gfs,pp,20260902,20261001,"00Z,12Z",D1,6h,S/D,S/D,S/D,0,S/D,S/D,S/D,0,S/D,S/D,S/D,0,S/D,S/D,S/D,0,S/D,S/D,S/D,0
47294362,SORAYPAMPA,CUSCO,ANTA,eta5,pp,20260902,20261001,"00Z,12Z",D1,6h,S/D,S/D,S/D,0,S/D,S/D,S/D,0,S/D,S/D,S/D,0,S/D,S/D,S/D,0,S/D,S/D,S/D,0
47294362,SORAYPAMPA,CUSCO,ANTA,wrf5,pp,20260902,20261001,"00Z,12Z",D1,6h,S/D,S/D,S/D,0,S/D,S/D,S/D,0,S/D,S/D,S/D,0,S/D,S/D,S/D,0,S/D,S/D,S/D,0
47294362,SORAYPAMPA,CUSCO,ANTA,mpas15,pp,20260902,20261001,00Z,D1,6h,S/D,S/D,S/D,0,S/D,S/D,S/D,0,S/D,S/D,S/D,0,S/D,S/D,S/D,0,S/D,S/D,S/D,0
472976F8,CALCA,CUSCO,CALCA,ecmwf,pp,20260902,20261001,"00Z,12Z",D1,6h,0.616,1.278,0.284,224,0.875,0.794,0.2,24,0.0,1.0,0.0,2,S/D,1.0,0.0,0,S/D,S/D,S/D,0
472976F8,CALCA,CUSCO,CALCA,gfs,pp,20260902,20261001,"00Z,12Z",D1,6h,0.549,1.168,0.348,224,0.917,0.825,0.172,24,0.0,1.0,0.0,2,S/D,1.0,0.0,0,S/D,S/D,S/D,0
472976F8,CALCA,CUSCO,CALCA,eta5,pp,20260902,20261001,"00Z,12Z",D1,6h,0.12,0.845,0.269,182,0.409,0.654,0.231,22,0.0,1.0,0.0,2,S/D,1.0,0.0,0,S/D,S/D,S/D,0
472976F8,CALCA,CUSCO,CALCA,wrf5,pp,20260902,20261001,"00Z,12Z",D1,6h,0.084,0.554,0.307,221,0.375,0.775,0.164,24,0.0,1.0,0.0,2,S/D,S/D,S/D,0,S/D,S/D,S/D,0
472976F8,CALCA,CUSCO,CALCA,mpas15,pp,20260902,20261001,00Z,D1,6h,0.504,1.062,0.276,112,0.75,0.775,0.209,12,1.0,0.968,0.032,1,S/D,S/D,S/D,0,S/D,S/D,S/D,0
472A6280,NUEVO PISAC,CUSCO,CALCA,ecmwf,pp,20260902,20261001,"00Z,12Z",D1,6h,S/D,S/D,S/D,0,S/D,S/D,S/D,0,S/D,S/D,S/D,0,S/D,S/D,S/D,0,S/D,S/D,S/D,0
472A6280,NUEVO PISAC,CUSCO,CALCA,gfs,pp,20260902,20261001,"00Z,12Z",D1,6h,S/D,S/D,S/D,0,S/D,S/D,S/D,0,S/D,S/D,S/D,0,S/D,S/D,S/D,0,S/D,S/D,S/D,0
472A6280,NUEVO PISAC,CUSCO,CALCA,eta5,pp,20260902,20261001,"00Z,12Z",D1,6h,S/D,S/D,S/D,0,S/D,S/D,S/D,0,S/D,S/D,S/D,0,S/D,S/D,S/D,0,S/D,S/D,S/D,0
472A6280,NUEVO PISAC,CUSCO,CALCA,wrf5,pp,20260902,20261001,"00Z,12Z",D1,6h,S/D,S/D,S/D,0,S/D,S/D,S/D,0,S/D,S/D,S/D,0,S/D,S/D,S/D,0,S/D,S/D,S/D,0
472A6280,NUEVO PISAC,CUSCO,CALCA,mpas15,pp,20260902,20261001,00Z,D1,6h,S/D,S/D,S/D,0,S/D,S/D,S/D,0,S/D,S/D,S/D,0,S/D,S/D,S/D,0,S/D,S/D,S/D,0
114126,PAYAPUNKU,CUSCO,CANAS,ecmwf,pp,20260902,20261001,"00Z,12Z",D1,6h,0.469,1.294,0.474,230,0.969,0.693,0.304,32,0.7,0.811,0.175,10,S/D,1.0,0.0,0,S/D,S/D,S/D,0
114126,PAYAPUNKU,CUSCO,CANAS,gfs,pp,20260902,20261001,"00Z,12Z",D1,6h,0.319,1.315,0.315,230,0.719,0.742,0.235,32,0.0,1.0,0.0,10,S/D,1.0,0.0,0,S/D,S/D,S/D,0
114126,PAYAPUNKU,CUSCO,CANAS,eta5,pp,20260902,20261001,"00Z,12Z",D1,6h,0.315,1.242,0.353,185,0.71,0.639,0.314,31,0.4,0.871,0.108,10,S/D,1.0,0.0,0,S/D,S/D,S/D,0
114126,PAYAPUNKU,CUSCO,CANAS,wrf5,pp,20260902,20261001,"00Z,12Z",D1,6h,0.275,1.8,0.295,227,0.4,0.739,0.188,30,0.0,1.0,0.0,9,S/D,1.0,0.0,0,S/D,S/D,S/D,0
114126,PAYAPUNKU,CUSCO,CANAS,mpas15,pp,20260902,20261001,00Z,D1,6h,0.415,1.133,0.386,115,0.812,0.675,0.302,16,0.6,0.885,0.107,5,S/D,1.0,0.0,0,S/D,S/D,S/D,0
114125,SAUSAYA,CUSCO,CANAS,ecmwf,pp,20260902,20261001,"00Z,12Z",D1,6h,0.562,1.35,0.344,224,0.944,0.832,0.167,18,0.5,0.925,0.07,6,S/D,1.0,0.0,0,S/D,S/D,S/D,0
114125,SAUSAYA,CUSCO,CANAS,gfs,pp,20260902,20261001,"00Z,12Z",D1,6h,0.423,1.329,0.235,224,0.778,0.837,0.156,18,0.333,0.929,0.062,6,S/D,1.0,0.0,0,S/D,S/D,S/D,0
114125,SAUSAYA,CUSCO,CANAS,eta5,pp,20260902,20261001,"00Z,12Z",D1,6h,1.13,2.463,0.271,181,0.882,0.815,0.181,17,0.6,0.944,0.054,5,S/D,1.0,0.0,0,S/D,S/D,S/D,0
114125,SAUSAYA,CUSCO,CANAS,wrf5,pp,20260902,20261001,"00Z,12Z",D1,6h,0.46,2.213,0.199,220,0.444,0.814,0.151,18,0.167,0.95,0.04,6,S/D,1.0,0.0,0,S/D,S/D,S/D,0
114125,SAUSAYA,CUSCO,CANAS,mpas15,pp,20260902,20261001,00Z,D1,6h,0.491,1.023,0.225,112,0.778,0.833,0.159,9,0.667,0.931,0.067,3,S/D,1.0,0.0,0,S/D,S/D,S/D,0
472E025C,QUISOQUEPINA,CUSCO,CANCHIS,ecmwf,pp,20260902,20261001,"00Z,12Z",D1,6h,S/D,S/D,S/D,0,S/D,S/D,S/D,0,S/D,S/D,S/D,0,S/D,S/D,S/D,0,S/D,S/D,S/D,0
472E025C,QUISOQUEPINA,CUSCO,CANCHIS,gfs,pp,20260902,20261001,"00Z,12Z",D1,6h,S/D,S/D,S/D,0,S/D,S/D,S/D,0,S/D,S/D,S/D,0,S/D,S/D,S/D,0,S/D,S/D,S/D,0
472E025C,QUISOQUEPINA,CUSCO,CANCHIS,eta5,pp,20260902,20261001,"00Z,12Z",D1,6h,S/D,S/D,S/D,0,S/D,S/D,S/D,0,S/D,S/D,S/D,0,S/D,S/D,S/D,0,S/D,S/D,S/D,0
472E025C,QUISOQUEPINA,CUSCO,CANCHIS,wrf5,pp,20260902,20261001,"00Z,12Z",D1,6h,S/D,S/D,S/D,0,S/D,S/D,S/D,0,S/D,S/D,S/D,0,S/D,S/D,S/D,0,S/D,S/D,S/D,0
472E025C,QUISOQUEPINA,CUSCO,CANCHIS,mpas15,pp,20260902,20261001,00Z,D1,6h,S/D,S/D,S/D,0,S/D,S/D,S/D,0,S/D,S/D,S/D,0,S/D,S/D,S/D,0,S/D,S/D,S/D,0
114118,SALCCA,CUSCO,CANCHIS,ecmwf,pp,20260902,20261001,"00Z,12Z",D1,6h,0.354,1.221,0.39,238,0.909,0.806,0.19,22,0.714,0.667,0.294,14,S/D,1.0,0.0,0,S/D,S/D,S/D,0
114118,SALCCA,CUSCO,CANCHIS,gfs,pp,20260902,20261001,"00Z,12Z",D1,6h,0.179,0.912,0.359,238,0.818,0.78,0.209,22,0.5,0.696,0.233,14,S/D,1.0,0.0,0,S/D,S/D,S/D,0
114118,SALCCA,CUSCO,CANCHIS,eta5,pp,20260902,20261001,"00Z,12Z",D1,6h,0.621,1.765,0.419,191,0.864,0.747,0.244,22,0.929,0.717,0.277,14,S/D,1.0,0.0,0,S/D,S/D,S/D,0
114118,SALCCA,CUSCO,CANCHIS,wrf5,pp,20260902,20261001,"00Z,12Z",D1,6h,0.164,1.11,0.399,234,0.727,0.66,0.302,22,0.429,0.625,0.25,14,S/D,1.0,0.0,0,S/D,S/D,S/D,0
114118,SALCCA,CUSCO,CANCHIS,mpas15,pp,20260902,20261001,00Z,D1,6h,0.429,1.244,0.283,119,0.818,0.791,0.2,11,0.857,0.786,0.207,7,S/D,1.0,0.0,0,S/D,S/D,S/D,0
47E8B578,SIBINACOCHA,CUSCO,CANCHIS,ecmwf,pp,20260902,20261001,"00Z,12Z",D1,6h,0.143,0.753,0.512,236,0.854,0.568,0.402,48,0.312,0.737,0.167,16,S/D,S/D,S/D,0,S/D,S/D,S/D,0
47E8B578,SIBINACOCHA,CUSCO,CANCHIS,gfs,pp,20260902,20261001,"00Z,12Z",D1,6h,0.568,1.387,0.435,236,0.792,0.658,0.314,48,0.75,0.778,0.207,16,S/D,1.0,0.0,0,S/D,S/D,S/D,0
47E8B578,SIBINACOCHA,CUSCO,CANCHIS,eta5,pp,20260902,20261001,"00Z,12Z",D1,6h,0.185,1.089,0.313,189,0.4,0.561,0.265,45,0.438,0.682,0.226,16,S/D,1.0,0.0,0,S/D,S/D,S/D,0
47E8B578,SIBINACOCHA,CUSCO,CANCHIS,wrf5,pp,20260902,20261001,"00Z,12Z",D1,6h,0.107,0.894,0.335,233,0.435,0.592,0.267,46,0.312,0.737,0.167,16,S/D,1.0,0.0,0,S/D,S/D,S/D,0
47E8B578,SIBINACOCHA,CUSCO,CANCHIS,mpas15,pp,20260902,20261001,00Z,D1,6h,0.447,1.008,0.511,118,0.875,0.533,0.438,24,0.625,0.844,0.143,8,S/D,S/D,S/D,0,S/D,S/D,S/D,0
4726158C,SICUANI,CUSCO,CANCHIS,ecmwf,pp,20260902,20261001,"00Z,12Z",D1,6h,0.452,1.375,0.282,216,0.833,0.894,0.104,12,0.0,1.0,0.0,2,S/D,1.0,0.0,0,S/D,S/D,S/D,0
4726158C,SICUANI,CUSCO,CANCHIS,gfs,pp,20260902,20261001,"00Z,12Z",D1,6h,0.294,0.901,0.363,216,1.0,0.833,0.167,12,1.0,0.9,0.1,2,S/D,1.0,0.0,0,S/D,S/D,S/D,0
4726158C,SICUANI,CUSCO,CANCHIS,eta5,pp,20260902,20261001,"00Z,12Z",D1,6h,0.86,1.926,0.374,174,0.917,0.843,0.155,12,1.0,0.953,0.047,2,S/D,1.0,0.0,0,S/D,S/D,S/D,0
4726158C,SICUANI,CUSCO,CANCHIS,wrf5,pp,20260902,20261001,"00Z,12Z",D1,6h,0.275,1.341,0.421,212,0.833,0.677,0.303,12,1.0,0.778,0.222,2,S/D,1.0,0.0,0,S/D,S/D,S/D,0
4726158C,SICUANI,CUSCO,CANCHIS,mpas15,pp,20260902,20261001,00Z,D1,6h,0.489,1.148,0.164,108,0.667,0.897,0.098,6,1.0,0.958,0.042,1,S/D,1.0,0.0,0,S/D,S/D,S/D,0
114123,MARCA CUNKA,CUSCO,CHUMBIVILCAS,ecmwf,pp,20260902,20261001,"00Z,12Z",D1,6h,0.333,1.008,0.433,236,0.875,0.723,0.267,32,0.45,0.719,0.209,20,S/D,1.0,0.0,0,S/D,S/D,S/D,0
114123,MARCA CUNKA,CUSCO,CHUMBIVILCAS,gfs,pp,20260902,20261001,"00Z,12Z",D1,6h,0.336,0.993,0.302,236,0.906,0.794,0.201,32,0.4,0.822,0.14,20,S/D,1.0,0.0,0,S/D,S/D,S/D,0
114123,MARCA CUNKA,CUSCO,CHUMBIVILCAS,eta5,pp,20260902,20261001,"00Z,12Z",D1,6h,0.753,1.759,0.43,189,0.862,0.691,0.294,29,0.778,0.745,0.237,18,S/D,1.0,0.0,0,S/D,S/D,S/D,0
114123,MARCA CUNKA,CUSCO,CHUMBIVILCAS,wrf5,pp,20260902,20261001,"00Z,12Z",D1,6h,0.297,1.913,0.39,233,0.633,0.703,0.253,30,0.222,0.846,0.1,18,S/D,1.0,0.0,0,S/D,S/D,S/D,0
114123,MARCA CUNKA,CUSCO,CHUMBIVILCAS,mpas15,pp,20260902,20261001,00Z,D1,6h,0.558,1.252,0.361,118,0.812,0.717,0.265,16,0.8,0.778,0.211,10,S/D,1.0,0.0,0,S/D,S/D,S/D,0
4729A090,SANTO TOMAS,CUSCO,CHUMBIVILCAS,ecmwf,pp,20260902,20261001,"00Z,12Z",D1,6h,0.246,0.848,0.476,206,0.938,0.659,0.333,32,0.571,0.667,0.267,14,S/D,1.0,0.0,0,S/D,S/D,S/D,0
4729A090,SANTO TOMAS,CUSCO,CHUMBIVILCAS,gfs,pp,20260902,20261001,"00Z,12Z",D1,6h,0.312,0.891,0.315,206,0.906,0.77,0.225,32,0.286,0.902,0.078,14,S/D,S/D,S/D,0,S/D,S/D,S/D,0
4729A090,SANTO TOMAS,CUSCO,CHUMBIVILCAS,eta5,pp,20260902,20261001,"00Z,12Z",D1,6h,0.671,1.563,0.45,167,0.828,0.642,0.333,29,0.75,0.795,0.191,12,S/D,1.0,0.0,0,S/D,S/D,S/D,0
4729A090,SANTO TOMAS,CUSCO,CHUMBIVILCAS,wrf5,pp,20260902,20261001,"00Z,12Z",D1,6h,0.096,1.391,0.423,202,0.379,0.703,0.2,29,0.0,1.0,0.0,12,S/D,1.0,0.0,0,S/D,S/D,S/D,0
4729A090,SANTO TOMAS,CUSCO,CHUMBIVILCAS,mpas15,pp,20260902,20261001,00Z,D1,6h,0.584,1.281,0.45,103,0.938,0.651,0.341,16,1.0,0.781,0.219,7,S/D,1.0,0.0,0,S/D,S/D,S/D,0
114124,HUAYHUAHUASI,CUSCO,ESPINAR,ecmwf,pp,20260902,20261001,"00Z,12Z",D1,6h,0.321,1.161,0.389,238,1.0,0.798,0.202,18,0.625,0.828,0.156,8,0.0,1.0,0.0,2,S/D,S/D,S/D,0
114124,HUAYHUAHUASI,CUSCO,ESPINAR,gfs,pp,20260902,20261001,"00Z,12Z",D1,6h,0.485,1.369,0.33,238,1.0,0.842,0.158,18,0.625,0.891,0.102,8,0.0,1.0,0.0,2,S/D,S/D,S/D,0
114124,HUAYHUAHUASI,CUSCO,ESPINAR,eta5,pp,20260902,20261001,"00Z,12Z",D1,6h,0.924,2.205,0.311,191,0.833,0.81,0.183,18,0.75,0.891,0.105,8,0.0,1.0,0.0,2,S/D,S/D,S/D,0
114124,HUAYHUAHUASI,CUSCO,ESPINAR,wrf5,pp,20260902,20261001,"00Z,12Z",D1,6h,0.431,1.676,0.318,234,0.75,0.81,0.179,16,0.571,0.879,0.111,7,0.5,0.833,0.143,2,S/D,S/D,S/D,0
114124,HUAYHUAHUASI,CUSCO,ESPINAR,mpas15,pp,20260902,20261001,00Z,D1,6h,0.381,1.138,0.392,119,1.0,0.775,0.225,9,1.0,0.852,0.148,4,0.0,1.0,0.0,1,S/D,S/D,S/D,0
47E880E2,PICHARI,CUSCO,LA CONVENCION,ecmwf,pp,20260902,20261001,"00Z,12Z",D1,6h,1.534,6.477,0.405,236,0.977,0.768,0.231,44,1.0,0.808,0.192,28,0.5,0.863,0.121,14,0.0,S/D,0.0,4
47E880E2,PICHARI,CUSCO,LA CONVENCION,gfs,pp,20260902,20261001,"00Z,12Z",D1,6h,0.387,6.104,0.251,236,0.977,0.803,0.196,44,0.929,0.807,0.19,28,0.0,1.0,0.0,14,0.0,S/D,0.0,4
47E880E2,PICHARI,CUSCO,LA CONVENCION,eta5,pp,20260902,20261001,"00Z,12Z",D1,6h,4.541,9.576,0.264,189,0.846,0.766,0.224,39,0.875,0.832,0.164,24,0.583,0.919,0.077,12,0.0,1.0,0.0,4
47E880E2,PICHARI,CUSCO,LA CONVENCION,wrf5,pp,20260902,20261001,"00Z,12Z",D1,6h,-0.745,6.642,0.282,233,0.488,0.596,0.284,43,0.214,0.739,0.133,28,0.0,1.0,0.0,14,0.0,1.0,0.0,4
47E880E2,PICHARI,CUSCO,LA CONVENCION,mpas15,pp,20260902,20261001,00Z,D1,6h,0.09,5.972,0.2,118,0.773,0.742,0.239,22,0.786,0.8,0.19,14,0.0,1.0,0.0,7,0.0,S/D,0.0,2
112264,PONGO DE MAINIQUE,CUSCO,LA CONVENCION,ecmwf,pp,20260902,20261001,"00Z,12Z",D1,6h,-0.917,6.871,0.316,236,0.768,0.639,0.326,56,0.577,0.762,0.203,26,0.05,0.9,0.034,20,0.0,S/D,0.0,6
112264,PONGO DE MAINIQUE,CUSCO,LA CONVENCION,gfs,pp,20260902,20261001,"00Z,12Z",D1,6h,-0.047,6.994,0.346,236,0.946,0.651,0.342,56,0.577,0.828,0.153,26,0.4,0.75,0.182,20,0.0,S/D,0.0,6
112264,PONGO DE MAINIQUE,CUSCO,LA CONVENCION,eta5,pp,20260902,20261001,"00Z,12Z",D1,6h,0.777,7.816,0.19,189,0.667,0.683,0.274,48,0.545,0.844,0.138,22,0.471,0.784,0.174,17,0.0,S/D,0.0,5
112264,PONGO DE MAINIQUE,CUSCO,LA CONVENCION,wrf5,pp,20260902,20261001,"00Z,12Z",D1,6h,-1.337,7.394,0.307,232,0.436,0.52,0.296,55,0.115,0.875,0.064,26,0.0,1.0,0.0,20,0.0,S/D,0.0,6
112264,PONGO DE MAINIQUE,CUSCO,LA CONVENCION,mpas15,pp,20260902,20261001,00Z,D1,6h,-0.852,7.163,0.329,118,0.607,0.585,0.327,28,0.538,0.811,0.163,13,0.0,1.0,0.0,10,0.0,S/D,0.0,3
4729658E,SAN PABLO,CUSCO,LA CONVENCION,ecmwf,pp,20260902,20261001,"00Z,12Z",D1,6h,1.751,3.38,0.194,232,0.977,0.786,0.213,44,0.773,0.874,0.121,22,0.3,0.912,0.073,10,S/D,S/D,S/D,0
4729658E,SAN PABLO,CUSCO,LA CONVENCION,gfs,pp,20260902,20261001,"00Z,12Z",D1,6h,1.132,2.45,0.291,232,0.955,0.788,0.21,44,0.818,0.841,0.154,22,0.2,0.867,0.087,10,S/D,S/D,S/D,0
4729658E,SAN PABLO,CUSCO,LA CONVENCION,eta5,pp,20260902,20261001,"00Z,12Z",D1,6h,2.54,4.637,0.162,186,0.8,0.756,0.23,40,0.75,0.854,0.139,20,0.5,0.905,0.087,8,S/D,S/D,S/D,0
4729658E,SAN PABLO,CUSCO,LA CONVENCION,wrf5,pp,20260902,20261001,"00Z,12Z",D1,6h,-0.083,1.806,0.401,230,0.628,0.603,0.321,43,0.318,0.708,0.179,22,0.0,1.0,0.0,10,S/D,S/D,S/D,0
4729658E,SAN PABLO,CUSCO,LA CONVENCION,mpas15,pp,20260902,20261001,00Z,D1,6h,1.441,3.248,0.227,116,0.773,0.73,0.25,22,0.727,0.855,0.138,11,0.2,0.929,0.056,5,S/D,S/D,S/D,0
4722A338,ACJANACO ,CUSCO,PAUCARTAMBO,ecmwf,pp,20260902,20261001,"00Z,12Z",D1,6h,0.012,2.991,0.336,234,0.744,0.562,0.381,86,0.558,0.667,0.264,52,0.188,0.667,0.136,16,S/D,S/D,S/D,0
4722A338,ACJANACO ,CUSCO,PAUCARTAMBO,gfs,pp,20260902,20261001,"00Z,12Z",D1,6h,0.613,3.004,0.383,234,0.93,0.56,0.426,86,0.654,0.673,0.279,52,0.438,0.696,0.219,16,S/D,S/D,S/D,0
4722A338,ACJANACO ,CUSCO,PAUCARTAMBO,eta5,pp,20260902,20261001,"00Z,12Z",D1,6h,-0.875,3.318,0.186,187,0.28,0.533,0.212,75,0.13,0.455,0.118,46,0.071,0.667,0.062,14,S/D,S/D,S/D,0
4722A338,ACJANACO ,CUSCO,PAUCARTAMBO,wrf5,pp,20260902,20261001,"00Z,12Z",D1,6h,-0.097,3.739,0.282,231,0.566,0.52,0.351,83,0.36,0.71,0.191,50,0.188,0.75,0.12,16,S/D,1.0,0.0,0
4722A338,ACJANACO ,CUSCO,PAUCARTAMBO,mpas15,pp,20260902,20261001,00Z,D1,6h,0.087,2.941,0.302,117,0.674,0.525,0.387,43,0.615,0.692,0.258,26,0.25,0.714,0.154,8,S/D,S/D,S/D,0
210007,PAUCARTAMBO,CUSCO,PAUCARTAMBO,ecmwf,pp,20260902,20261001,"00Z,12Z",D1,6h,S/D,S/D,S/D,0,S/D,S/D,S/D,0,S/D,S/D,S/D,0,S/D,S/D,S/D,0,S/D,S/D,S/D,0
210007,PAUCARTAMBO,CUSCO,PAUCARTAMBO,gfs,pp,20260902,20261001,"00Z,12Z",D1,6h,S/D,S/D,S/D,0,S/D,S/D,S/D,0,S/D,S/D,S/D,0,S/D,S/D,S/D,0,S/D,S/D,S/D,0
210007,PAUCARTAMBO,CUSCO,PAUCARTAMBO,eta5,pp,20260902,20261001,"00Z,12Z",D1,6h,S/D,S/D,S/D,0,S/D,S/D,S/D,0,S/D,S/D,S/D,0,S/D,S/D,S/D,0,S/D,S/D,S/D,0
210007,PAUCARTAMBO,CUSCO,PAUCARTAMBO,wrf5,pp,20260902,20261001,"00Z,12Z",D1,6h,S/D,S/D,S/D,0,S/D,S/D,S/D,0,S/D,S/D,S/D,0,S/D,S/D,S/D,0,S/D,S/D,S/D,0
210007,PAUCARTAMBO,CUSCO,PAUCARTAMBO,mpas15,pp,20260902,20261001,00Z,D1,6h,S/D,S/D,S/D,0,S/D,S/D,S/D,0,S/D,S/D,S/D,0,S/D,S/D,S/D,0,S/D,S/D,S/D,0
113247,ASHANAKU,CUSCO,QUISPICANCHI,ecmwf,pp,20260902,20261001,"00Z,12Z",D1,6h,0.241,1.918,0.326,234,0.794,0.767,0.22,34,0.727,0.652,0.308,22,0.167,0.75,0.111,6,S/D,S/D,S/D,0
113247,ASHANAKU,CUSCO,QUISPICANCHI,gfs,pp,20260902,20261001,"00Z,12Z",D1,6h,0.315,2.129,0.262,234,0.853,0.796,0.197,34,0.5,0.756,0.196,22,0.0,1.0,0.0,6,S/D,S/D,S/D,0
113247,ASHANAKU,CUSCO,QUISPICANCHI,eta5,pp,20260902,20261001,"00Z,12Z",D1,6h,-0.289,2.018,0.357,187,0.5,0.583,0.294,30,0.238,0.667,0.161,21,0.0,S/D,0.0,6,S/D,S/D,S/D,0
113247,ASHANAKU,CUSCO,QUISPICANCHI,wrf5,pp,20260902,20261001,"00Z,12Z",D1,6h,-0.061,2.104,0.358,231,0.424,0.632,0.246,33,0.333,0.65,0.206,21,0.0,1.0,0.0,5,S/D,S/D,S/D,0
113247,ASHANAKU,CUSCO,QUISPICANCHI,mpas15,pp,20260902,20261001,00Z,D1,6h,0.009,1.76,0.375,117,0.765,0.69,0.283,17,0.727,0.733,0.242,11,0.0,S/D,0.0,3,S/D,S/D,S/D,0
113254,QUINCEMIL,CUSCO,QUISPICANCHI,ecmwf,pp,20260902,20261001,"00Z,12Z",D1,6h,1.489,3.564,S/D,236,S/D,1.0,0.0,0,S/D,1.0,0.0,0,S/D,1.0,0.0,0,S/D,1.0,0.0,0
113254,QUINCEMIL,CUSCO,QUISPICANCHI,gfs,pp,20260902,20261001,"00Z,12Z",D1,6h,1.651,3.344,S/D,236,S/D,1.0,0.0,0,S/D,1.0,0.0,0,S/D,1.0,0.0,0,S/D,S/D,S/D,0
113254,QUINCEMIL,CUSCO,QUISPICANCHI,eta5,pp,20260902,20261001,"00Z,12Z",D1,6h,3.087,5.776,S/D,190,S/D,1.0,0.0,0,S/D,1.0,0.0,0,S/D,1.0,0.0,0,S/D,1.0,0.0,0
113254,QUINCEMIL,CUSCO,QUISPICANCHI,wrf5,pp,20260902,20261001,"00Z,12Z",D1,6h,0.813,3.515,S/D,232,S/D,1.0,0.0,0,S/D,1.0,0.0,0,S/D,1.0,0.0,0,S/D,1.0,0.0,0
113254,QUINCEMIL,CUSCO,QUISPICANCHI,mpas15,pp,20260902,20261001,00Z,D1,6h,2.682,5.113,S/D,118,S/D,1.0,0.0,0,S/D,1.0,0.0,0,S/D,1.0,0.0,0,S/D,S/D,S/D,0
472A9204,CHILCA,CUSCO,URUBAMBA,ecmwf,pp,20260902,20261001,"00Z,12Z",D1,6h,0.349,0.836,0.41,236,0.867,0.766,0.226,30,0.7,0.844,0.146,10,0.0,1.0,0.0,2,S/D,S/D,S/D,0
472A9204,CHILCA,CUSCO,URUBAMBA,gfs,pp,20260902,20261001,"00Z,12Z",D1,6h,0.552,1.262,0.306,236,0.933,0.823,0.175,30,0.6,0.887,0.105,10,0.5,0.667,0.25,2,S/D,S/D,S/D,0
472A9204,CHILCA,CUSCO,URUBAMBA,eta5,pp,20260902,20261001,"00Z,12Z",D1,6h,0.358,1.08,0.225,189,0.741,0.787,0.198,27,0.556,0.828,0.152,9,0.5,0.5,0.333,2,S/D,S/D,S/D,0
472A9204,CHILCA,CUSCO,URUBAMBA,wrf5,pp,20260902,20261001,"00Z,12Z",D1,6h,0.194,0.963,0.427,232,0.759,0.614,0.344,29,0.4,0.778,0.167,10,1.0,0.6,0.4,2,S/D,S/D,S/D,0
472A9204,CHILCA,CUSCO,URUBAMBA,mpas15,pp,20260902,20261001,00Z,D1,6h,0.483,1.229,0.145,118,0.667,0.796,0.185,15,0.2,0.972,0.025,5,0.0,S/D,0.0,1,S/D,S/D,S/D,0
4727C11E,HUAYLLABAMBA,CUSCO,URUBAMBA,ecmwf,pp,20260902,20261001,"00Z,12Z",D1,6h,S/D,S/D,S/D,0,S/D,S/D,S/D,0,S/D,S/D,S/D,0,S/D,S/D,S/D,0,S/D,S/D,S/D,0
4727C11E,HUAYLLABAMBA,CUSCO,URUBAMBA,gfs,pp,20260902,20261001,"00Z,12Z",D1,6h,S/D,S/D,S/D,0,S/D,S/D,S/D,0,S/D,S/D,S/D,0,S/D,S/D,S/D,0,S/D,S/D,S/D,0
4727C11E,HUAYLLABAMBA,CUSCO,URUBAMBA,eta5,pp,20260902,20261001,"00Z,12Z",D1,6h,S/D,S/D,S/D,0,S/D,S/D,S/D,0,S/D,S/D,S/D,0,S/D,S/D,S/D,0,S/D,S/D,S/D,0
4727C11E,HUAYLLABAMBA,CUSCO,URUBAMBA,wrf5,pp,20260902,20261001,"00Z,12Z",D1,6h,S/D,S/D,S/D,0,S/D,S/D,S/D,0,S/D,S/D,S/D,0,S/D,S/D,S/D,0,S/D,S/D,S/D,0
4727C11E,HUAYLLABAMBA,CUSCO,URUBAMBA,mpas15,pp,20260902,20261001,00Z,D1,6h,S/D,S/D,S/D,0,S/D,S/D,S/D,0,S/D,S/D,S/D,0,S/D,S/D,S/D,0,S/D,S/D,S/D,0
472935F2,INTIHUATANA H,CUSCO,URUBAMBA,ecmwf,pp,20260902,20261001,"00Z,12Z",D1,6h,S/D,S/D,S/D,0,S/D,S/D,S/D,0,S/D,S/D,S/D,0,S/D,S/D,S/D,0,S/D,S/D,S/D,0
472935F2,INTIHUATANA H,CUSCO,URUBAMBA,gfs,pp,20260902,20261001,"00Z,12Z",D1,6h,S/D,S/D,S/D,0,S/D,S/D,S/D,0,S/D,S/D,S/D,0,S/D,S/D,S/D,0,S/D,S/D,S/D,0
472935F2,INTIHUATANA H,CUSCO,URUBAMBA,eta5,pp,20260902,20261001,"00Z,12Z",D1,6h,S/D,S/D,S/D,0,S/D,S/D,S/D,0,S/D,S/D,S/D,0,S/D,S/D,S/D,0,S/D,S/D,S/D,0
472935F2,INTIHUATANA H,CUSCO,URUBAMBA,wrf5,pp,20260902,20261001,"00Z,12Z",D1,6h,S/D,S/D,S/D,0,S/D,S/D,S/D,0,S/D,S/D,S/D,0,S/D,S/D,S/D,0,S/D,S/D,S/D,0
472935F2,INTIHUATANA H,CUSCO,URUBAMBA,mpas15,pp,20260902,20261001,00Z,D1,6h,S/D,S/D,S/D,0,S/D,S/D,S/D,0,S/D,S/D,S/D,0,S/D,S/D,S/D,0,S/D,S/D,S/D,0
472852EE,INTIHUATANA M,CUSCO,URUBAMBA,ecmwf,pp,20260902,20261001,"00Z,12Z",D1,6h,-0.072,1.941,0.357,228,0.779,0.607,0.353,68,0.389,0.659,0.222,36,0.0,S/D,0.0,12,S/D,S/D,S/D,0
472852EE,INTIHUATANA M,CUSCO,URUBAMBA,gfs,pp,20260902,20261001,"00Z,12Z",D1,6h,0.349,1.88,0.385,228,0.956,0.647,0.348,68,0.722,0.667,0.295,36,0.083,0.8,0.062,12,S/D,S/D,S/D,0
472852EE,INTIHUATANA M,CUSCO,URUBAMBA,eta5,pp,20260902,20261001,"00Z,12Z",D1,6h,1.138,2.892,0.379,184,0.845,0.595,0.377,58,0.75,0.718,0.258,32,0.273,0.864,0.1,11,S/D,S/D,S/D,0
472852EE,INTIHUATANA M,CUSCO,URUBAMBA,wrf5,pp,20260902,20261001,"00Z,12Z",D1,6h,0.457,3.126,0.339,225,0.712,0.548,0.382,66,0.457,0.686,0.229,35,0.167,0.857,0.083,12,S/D,S/D,S/D,0
472852EE,INTIHUATANA M,CUSCO,URUBAMBA,mpas15,pp,20260902,20261001,00Z,D1,6h,0.664,2.323,0.271,114,0.676,0.61,0.329,34,0.833,0.727,0.259,18,0.167,0.75,0.111,6,S/D,S/D,S/D,0
472897F0,MACHUPICCHU,CUSCO,URUBAMBA,ecmwf,pp,20260902,20261001,"00Z,12Z",D1,6h,-0.112,1.584,0.409,200,0.833,0.541,0.42,60,0.283,0.567,0.206,46,0.0,S/D,0.0,4,S/D,S/D,S/D,0
472897F0,MACHUPICCHU,CUSCO,URUBAMBA,gfs,pp,20260902,20261001,"00Z,12Z",D1,6h,0.237,1.665,0.422,200,0.95,0.635,0.358,60,0.565,0.527,0.347,46,0.25,0.8,0.125,4,S/D,S/D,S/D,0
472897F0,MACHUPICCHU,CUSCO,URUBAMBA,eta5,pp,20260902,20261001,"00Z,12Z",D1,6h,0.968,2.814,0.375,160,0.824,0.567,0.396,51,0.634,0.629,0.306,41,0.0,1.0,0.0,4,S/D,S/D,S/D,0
472897F0,MACHUPICCHU,CUSCO,URUBAMBA,wrf5,pp,20260902,20261001,"00Z,12Z",D1,6h,0.359,2.903,0.336,197,0.661,0.536,0.375,59,0.356,0.6,0.232,45,0.25,0.909,0.071,4,S/D,S/D,S/D,0
472897F0,MACHUPICCHU,CUSCO,URUBAMBA,mpas15,pp,20260902,20261001,00Z,D1,6h,0.421,1.991,0.269,100,0.667,0.545,0.37,30,0.652,0.643,0.3,23,0.0,1.0,0.0,2,S/D,S/D,S/D,0
4729950A,PACAYMAYO,CUSCO,URUBAMBA,ecmwf,pp,20260902,20261001,"00Z,12Z",D1,6h,S/D,S/D,S/D,0,S/D,S/D,S/D,0,S/D,S/D,S/D,0,S/D,S/D,S/D,0,S/D,S/D,S/D,0
4729950A,PACAYMAYO,CUSCO,URUBAMBA,gfs,pp,20260902,20261001,"00Z,12Z",D1,6h,S/D,S/D,S/D,0,S/D,S/D,S/D,0,S/D,S/D,S/D,0,S/D,S/D,S/D,0,S/D,S/D,S/D,0
4729950A,PACAYMAYO,CUSCO,URUBAMBA,eta5,pp,20260902,20261001,"00Z,12Z",D1,6h,S/D,S/D,S/D,0,S/D,S/D,S/D,0,S/D,S/D,S/D,0,S/D,S/D,S/D,0,S/D,S/D,S/D,0
4729950A,PACAYMAYO,CUSCO,URUBAMBA,wrf5,pp,20260902,20261001,"00Z,12Z",D1,6h,S/D,S/D,S/D,0,S/D,S/D,S/D,0,S/D,S/D,S/D,0,S/D,S/D,S/D,0,S/D,S/D,S/D,0
4729950A,PACAYMAYO,CUSCO,URUBAMBA,mpas15,pp,20260902,20261001,00Z,D1,6h,S/D,S/D,S/D,0,S/D,S/D,S/D,0,S/D,S/D,S/D,0,S/D,S/D,S/D,0,S/D,S/D,S/D,0
4720CDF8,COCHAMARCA,HUANCAVELICA,CASTROVIRREYNA,ecmwf,pp,20260902,20261001,"00Z,12Z",D1,6h,S/D,S/D,S/D,0,S/D,S/D,S/D,0,S/D,S/D,S/D,0,S/D,S/D,S/D,0,S/D,S/D,S/D,0
4720CDF8,COCHAMARCA,HUANCAVELICA,CASTROVIRREYNA,gfs,pp,20260902,20261001,"00Z,12Z",D1,6h,S/D,S/D,S/D,0,S/D,S/D,S/D,0,S/D,S/D,S/D,0,S/D,S/D,S/D,0,S/D,S/D,S/D,0
4720CDF8,COCHAMARCA,HUANCAVELICA,CASTROVIRREYNA,eta5,pp,20260902,20261001,"00Z,12Z",D1,6h,S/D,S/D,S/D,0,S/D,S/D,S/D,0,S/D,S/D,S/D,0,S/D,S/D,S/D,0,S/D,S/D,S/D,0
4720CDF8,COCHAMARCA,HUANCAVELICA,CASTROVIRREYNA,wrf5,pp,20260902,20261001,"00Z,12Z",D1,6h,S/D,S/D,S/D,0,S/D,S/D,S/D,0,S/D,S/D,S/D,0,S/D,S/D,S/D,0,S/D,S/D,S/D,0
4720CDF8,COCHAMARCA,HUANCAVELICA,CASTROVIRREYNA,mpas15,pp,20260902,20261001,00Z,D1,6h,S/D,S/D,S/D,0,S/D,S/D,S/D,0,S/D,S/D,S/D,0,S/D,S/D,S/D,0,S/D,S/D,S/D,0
47292684,HUACHOS,HUANCAVELICA,CASTROVIRREYNA,ecmwf,pp,20260902,20261001,"00Z,12Z",D1,6h,0.211,0.53,S/D,232,S/D,1.0,0.0,0,S/D,1.0,0.0,0,S/D,S/D,S/D,0,S/D,S/D,S/D,0
47292684,HUACHOS,HUANCAVELICA,CASTROVIRREYNA,gfs,pp,20260902,20261001,"00Z,12Z",D1,6h,0.165,0.597,S/D,232,S/D,1.0,0.0,0,S/D,1.0,0.0,0,S/D,1.0,0.0,0,S/D,S/D,S/D,0
47292684,HUACHOS,HUANCAVELICA,CASTROVIRREYNA,eta5,pp,20260902,20261001,"00Z,12Z",D1,6h,0.036,0.178,S/D,185,S/D,1.0,0.0,0,S/D,1.0,0.0,0,S/D,S/D,S/D,0,S/D,S/D,S/D,0
47292684,HUACHOS,HUANCAVELICA,CASTROVIRREYNA,wrf5,pp,20260902,20261001,"00Z,12Z",D1,6h,0.028,0.158,S/D,228,S/D,1.0,0.0,0,S/D,1.0,0.0,0,S/D,S/D,S/D,0,S/D,S/D,S/D,0
47292684,HUACHOS,HUANCAVELICA,CASTROVIRREYNA,mpas15,pp,20260902,20261001,00Z,D1,6h,0.151,0.452,S/D,116,S/D,1.0,0.0,0,S/D,1.0,0.0,0,S/D,S/D,S/D,0,S/D,S/D,S/D,0
472722EC,HUANCAVELICA,HUANCAVELICA,HUANCAVELICA,ecmwf,pp,20260902,20261001,"00Z,12Z",D1,6h,0.444,2.277,0.429,236,0.811,0.552,0.405,74,0.556,0.839,0.143,18,0.0,1.0,0.0,6,S/D,S/D,S/D,0
472722EC,HUANCAVELICA,HUANCAVELICA,HUANCAVELICA,gfs,pp,20260902,20261001,"00Z,12Z",D1,6h,0.678,2.641,0.446,236,0.878,0.591,0.387,74,0.722,0.783,0.2,18,0.0,1.0,0.0,6,S/D,S/D,S/D,0
472722EC,HUANCAVELICA,HUANCAVELICA,HUANCAVELICA,eta5,pp,20260902,20261001,"00Z,12Z",D1,6h,0.36,1.914,0.501,189,0.758,0.434,0.48,62,0.765,0.729,0.25,17,0.0,1.0,0.0,5,S/D,S/D,S/D,0
472722EC,HUANCAVELICA,HUANCAVELICA,HUANCAVELICA,wrf5,pp,20260902,20261001,"00Z,12Z",D1,6h,0.469,2.747,0.443,232,0.625,0.451,0.413,72,0.529,0.791,0.176,17,0.0,1.0,0.0,6,S/D,S/D,S/D,0
472722EC,HUANCAVELICA,HUANCAVELICA,HUANCAVELICA,mpas15,pp,20260902,20261001,00Z,D1,6h,0.553,2.452,0.399,118,0.784,0.473,0.46,37,0.778,0.811,0.179,9,0.0,1.0,0.0,3,S/D,S/D,S/D,0
47284198,CHALLACA,HUANCAVELICA,HUAYTARA,ecmwf,pp,20260902,20261001,"00Z,12Z",D1,6h,0.013,0.079,S/D,134,S/D,1.0,0.0,0,S/D,S/D,S/D,0,S/D,S/D,S/D,0,S/D,S/D,S/D,0
47284198,CHALLACA,HUANCAVELICA,HUAYTARA,gfs,pp,20260902,20261001,"00Z,12Z",D1,6h,0.007,0.038,S/D,134,S/D,1.0,0.0,0,S/D,S/D,S/D,0,S/D,S/D,S/D,0,S/D,S/D,S/D,0
47284198,CHALLACA,HUANCAVELICA,HUAYTARA,eta5,pp,20260902,20261001,"00Z,12Z",D1,6h,0.011,0.075,S/D,101,S/D,1.0,0.0,0,S/D,S/D,S/D,0,S/D,S/D,S/D,0,S/D,S/D,S/D,0
47284198,CHALLACA,HUANCAVELICA,HUAYTARA,wrf5,pp,20260902,20261001,"00Z,12Z",D1,6h,0.001,0.003,S/D,134,S/D,S/D,S/D,0,S/D,S/D,S/D,0,S/D,S/D,S/D,0,S/D,S/D,S/D,0
47284198,CHALLACA,HUANCAVELICA,HUAYTARA,mpas15,pp,20260902,20261001,00Z,D1,6h,0.0,0.0,S/D,67,S/D,S/D,S/D,0,S/D,S/D,S/D,0,S/D,S/D,S/D,0,S/D,S/D,S/D,0
472811E4,CHALLACA M,HUANCAVELICA,HUAYTARA,ecmwf,pp,20260902,20261001,"00Z,12Z",D1,6h,0.009,0.06,S/D,236,S/D,1.0,0.0,0,S/D,S/D,S/D,0,S/D,S/D,S/D,0,S/D,S/D,S/D,0
472811E4,CHALLACA M,HUANCAVELICA,HUAYTARA,gfs,pp,20260902,20261001,"00Z,12Z",D1,6h,0.004,0.029,S/D,236,S/D,1.0,0.0,0,S/D,S/D,S/D,0,S/D,S/D,S/D,0,S/D,S/D,S/D,0
472811E4,CHALLACA M,HUANCAVELICA,HUAYTARA,eta5,pp,20260902,20261001,"00Z,12Z",D1,6h,0.006,0.055,S/D,189,S/D,1.0,0.0,0,S/D,S/D,S/D,0,S/D,S/D,S/D,0,S/D,S/D,S/D,0
472811E4,CHALLACA M,HUANCAVELICA,HUAYTARA,wrf5,pp,20260902,20261001,"00Z,12Z",D1,6h,0.004,0.039,S/D,232,S/D,1.0,0.0,0,S/D,S/D,S/D,0,S/D,S/D,S/D,0,S/D,S/D,S/D,0
472811E4,CHALLACA M,HUANCAVELICA,HUAYTARA,mpas15,pp,20260902,20261001,00Z,D1,6h,0.004,0.046,S/D,118,S/D,1.0,0.0,0,S/D,S/D,S/D,0,S/D,S/D,S/D,0,S/D,S/D,S/D,0
4728F216,CORDOVA,HUANCAVELICA,HUAYTARA,ecmwf,pp,20260902,20261001,"00Z,12Z",D1,6h,0.07,0.198,S/D,220,S/D,1.0,0.0,0,S/D,1.0,0.0,0,S/D,S/D,S/D,0,S/D,S/D,S/D,0
4728F216,CORDOVA,HUANCAVELICA,HUAYTARA,gfs,pp,20260902,20261001,"00Z,12Z",D1,6h,0.032,0.112,S/D,220,S/D,1.0,0.0,0,S/D,S/D,S/D,0,S/D,S/D,S/D,0,S/D,S/D,S/D,0
4728F216,CORDOVA,HUANCAVELICA,HUAYTARA,eta5,pp,20260902,20261001,"00Z,12Z",D1,6h,0.003,0.017,S/D,174,S/D,1.0,0.0,0,S/D,S/D,S/D,0,S/D,S/D,S/D,0,S/D,S/D,S/D,0
4728F216,CORDOVA,HUANCAVELICA,HUAYTARA,wrf5,pp,20260902,20261001,"00Z,12Z",D1,6h,0.013,0.064,S/D,216,S/D,1.0,0.0,0,S/D,S/D,S/D,0,S/D,S/D,S/D,0,S/D,S/D,S/D,0
4728F216,CORDOVA,HUANCAVELICA,HUAYTARA,mpas15,pp,20260902,20261001,00Z,D1,6h,0.059,0.298,S/D,110,S/D,1.0,0.0,0,S/D,1.0,0.0,0,S/D,S/D,S/D,0,S/D,S/D,S/D,0
4728C78C,CUSICANCHA,HUANCAVELICA,HUAYTARA,ecmwf,pp,20260902,20261001,"00Z,12Z",D1,6h,0.295,0.759,-0.026,218,0.0,1.0,0.0,2,0.0,1.0,0.0,2,S/D,S/D,S/D,0,S/D,S/D,S/D,0
4728C78C,CUSICANCHA,HUANCAVELICA,HUAYTARA,gfs,pp,20260902,20261001,"00Z,12Z",D1,6h,0.199,0.639,0.156,218,1.0,0.971,0.029,2,0.5,0.933,0.062,2,S/D,1.0,0.0,0,S/D,S/D,S/D,0
4728C78C,CUSICANCHA,HUANCAVELICA,HUAYTARA,eta5,pp,20260902,20261001,"00Z,12Z",D1,6h,0.031,0.369,-0.034,172,0.0,1.0,0.0,1,0.0,1.0,0.0,1,S/D,S/D,S/D,0,S/D,S/D,S/D,0
4728C78C,CUSICANCHA,HUANCAVELICA,HUAYTARA,wrf5,pp,20260902,20261001,"00Z,12Z",D1,6h,0.019,0.37,0.103,214,0.5,0.923,0.071,2,0.5,0.75,0.2,2,S/D,S/D,S/D,0,S/D,S/D,S/D,0
4728C78C,CUSICANCHA,HUANCAVELICA,HUAYTARA,mpas15,pp,20260902,20261001,00Z,D1,6h,0.398,1.064,-0.091,109,0.0,1.0,0.0,1,0.0,1.0,0.0,1,S/D,1.0,0.0,0,S/D,S/D,S/D,0
213507,RAMADILLAS,HUANCAVELICA,HUAYTARA,ecmwf,pp,20260902,20261001,"00Z,12Z",D1,6h,S/D,S/D,S/D,0,S/D,S/D,S/D,0,S/D,S/D,S/D,0,S/D,S/D,S/D,0,S/D,S/D,S/D,0
213507,RAMADILLAS,HUANCAVELICA,HUAYTARA,gfs,pp,20260902,20261001,"00Z,12Z",D1,6h,S/D,S/D,S/D,0,S/D,S/D,S/D,0,S/D,S/D,S/D,0,S/D,S/D,S/D,0,S/D,S/D,S/D,0
213507,RAMADILLAS,HUANCAVELICA,HUAYTARA,eta5,pp,20260902,20261001,"00Z,12Z",D1,6h,S/D,S/D,S/D,0,S/D,S/D,S/D,0,S/D,S/D,S/D,0,S/D,S/D,S/D,0,S/D,S/D,S/D,0
213507,RAMADILLAS,HUANCAVELICA,HUAYTARA,wrf5,pp,20260902,20261001,"00Z,12Z",D1,6h,S/D,S/D,S/D,0,S/D,S/D,S/D,0,S/D,S/D,S/D,0,S/D,S/D,S/D,0,S/D,S/D,S/D,0
213507,RAMADILLAS,HUANCAVELICA,HUAYTARA,mpas15,pp,20260902,20261001,00Z,D1,6h,S/D,S/D,S/D,0,S/D,S/D,S/D,0,S/D,S/D,S/D,0,S/D,S/D,S/D,0,S/D,S/D,S/D,0
4729131E,SANTIAGO DE CHOCORVOS,HUANCAVELICA,HUAYTARA,ecmwf,pp,20260902,20261001,"00Z,12Z",D1,6h,0.091,0.238,S/D,136,S/D,1.0,0.0,0,S/D,1.0,0.0,0,S/D,S/D,S/D,0,S/D,S/D,S/D,0
4729131E,SANTIAGO DE CHOCORVOS,HUANCAVELICA,HUAYTARA,gfs,pp,20260902,20261001,"00Z,12Z",D1,6h,0.104,0.249,S/D,136,S/D,1.0,0.0,0,S/D,1.0,0.0,0,S/D,S/D,S/D,0,S/D,S/D,S/D,0
4729131E,SANTIAGO DE CHOCORVOS,HUANCAVELICA,HUAYTARA,eta5,pp,20260902,20261001,"00Z,12Z",D1,6h,0.037,0.271,S/D,101,S/D,1.0,0.0,0,S/D,1.0,0.0,0,S/D,S/D,S/D,0,S/D,S/D,S/D,0
4729131E,SANTIAGO DE CHOCORVOS,HUANCAVELICA,HUAYTARA,wrf5,pp,20260902,20261001,"00Z,12Z",D1,6h,0.028,0.151,S/D,136,S/D,1.0,0.0,0,S/D,1.0,0.0,0,S/D,S/D,S/D,0,S/D,S/D,S/D,0
4729131E,SANTIAGO DE CHOCORVOS,HUANCAVELICA,HUAYTARA,mpas15,pp,20260902,20261001,00Z,D1,6h,0.066,0.303,S/D,68,S/D,1.0,0.0,0,S/D,1.0,0.0,0,S/D,S/D,S/D,0,S/D,S/D,S/D,0
112269,COCHABAMBA GRANDE,HUANCAVELICA,TAYACAJA,ecmwf,pp,20260902,20261001,"00Z,12Z",D1,6h,1.368,2.307,S/D,118,S/D,1.0,0.0,0,S/D,1.0,0.0,0,S/D,1.0,0.0,0,S/D,S/D,S/D,0
112269,COCHABAMBA GRANDE,HUANCAVELICA,TAYACAJA,gfs,pp,20260902,20261001,"00Z,12Z",D1,6h,1.275,2.117,S/D,118,S/D,1.0,0.0,0,S/D,1.0,0.0,0,S/D,1.0,0.0,0,S/D,S/D,S/D,0
112269,COCHABAMBA GRANDE,HUANCAVELICA,TAYACAJA,eta5,pp,20260902,20261001,"00Z,12Z",D1,6h,0.197,0.486,S/D,83,S/D,1.0,0.0,0,S/D,1.0,0.0,0,S/D,S/D,S/D,0,S/D,S/D,S/D,0
112269,COCHABAMBA GRANDE,HUANCAVELICA,TAYACAJA,wrf5,pp,20260902,20261001,"00Z,12Z",D1,6h,1.005,2.516,S/D,118,S/D,1.0,0.0,0,S/D,1.0,0.0,0,S/D,1.0,0.0,0,S/D,S/D,S/D,0
112269,COCHABAMBA GRANDE,HUANCAVELICA,TAYACAJA,mpas15,pp,20260902,20261001,00Z,D1,6h,1.203,2.071,S/D,59,S/D,1.0,0.0,0,S/D,1.0,0.0,0,S/D,1.0,0.0,0,S/D,S/D,S/D,0
110146,QUISCA,HUANUCO,AMBO,ecmwf,pp,20260902,20261001,"00Z,12Z",D1,6h,S/D,S/D,S/D,0,S/D,S/D,S/D,0,S/D,S/D,S/D,0,S/D,S/D,S/D,0,S/D,S/D,S/D,0
110146,QUISCA,HUANUCO,AMBO,gfs,pp,20260902,20261001,"00Z,12Z",D1,6h,S/D,S/D,S/D,0,S/D,S/D,S/D,0,S/D,S/D,S/D,0,S/D,S/D,S/D,0,S/D,S/D,S/D,0
110146,QUISCA,HUANUCO,AMBO,eta5,pp,20260902,20261001,"00Z,12Z",D1,6h,S/D,S/D,S/D,0,S/D,S/D,S/D,0,S/D,S/D,S/D,0,S/D,S/D,S/D,0,S/D,S/D,S/D,0
110146,QUISCA,HUANUCO,AMBO,wrf5,pp,20260902,20261001,"00Z,12Z",D1,6h,S/D,S/D,S/D,0,S/D,S/D,S/D,0,S/D,S/D,S/D,0,S/D,S/D,S/D,0,S/D,S/D,S/D,0
110146,QUISCA,HUANUCO,AMBO,mpas15,pp,20260902,20261001,00Z,D1,6h,S/D,S/D,S/D,0,S/D,S/D,S/D,0,S/D,S/D,S/D,0,S/D,S/D,S/D,0,S/D,S/D,S/D,0
47E845FC,CACHICOTO,HUANUCO,HUAMALIES,ecmwf,pp,20260902,20261001,"00Z,12Z",D1,6h,-1.062,7.915,0.309,236,0.867,0.705,0.283,60,0.75,0.684,0.286,32,0.15,0.7,0.111,20,0.0,S/D,0.0,8
47E845FC,CACHICOTO,HUANUCO,HUAMALIES,gfs,pp,20260902,20261001,"00Z,12Z",D1,6h,-0.233,7.762,0.252,236,0.867,0.748,0.243,60,0.812,0.803,0.188,32,0.2,0.81,0.108,20,0.0,S/D,0.0,8
47E845FC,CACHICOTO,HUANUCO,HUAMALIES,eta5,pp,20260902,20261001,"00Z,12Z",D1,6h,1.045,9.557,0.18,189,0.759,0.713,0.263,54,0.786,0.805,0.185,28,0.556,0.818,0.159,18,0.0,S/D,0.0,8
47E845FC,CACHICOTO,HUANUCO,HUAMALIES,wrf5,pp,20260902,20261001,"00Z,12Z",D1,6h,-0.116,8.806,0.211,233,0.424,0.667,0.229,59,0.438,0.714,0.209,32,0.4,0.692,0.211,20,0.125,0.833,0.077,8
47E845FC,CACHICOTO,HUANUCO,HUAMALIES,mpas15,pp,20260902,20261001,00Z,D1,6h,0.536,10.119,0.107,118,0.6,0.695,0.254,30,0.688,0.796,0.186,16,0.5,0.762,0.192,10,0.0,1.0,0.0,4
4720EB14,SAN MARTIN,HUANUCO,HUAMALIES,ecmwf,pp,20260902,20261001,"00Z,12Z",D1,6h,0.185,1.012,0.217,236,0.75,0.825,0.165,28,0.6,0.727,0.231,10,0.0,1.0,0.0,2,S/D,S/D,S/D,0
4720EB14,SAN MARTIN,HUANUCO,HUAMALIES,gfs,pp,20260902,20261001,"00Z,12Z",D1,6h,0.497,1.418,0.202,236,0.857,0.843,0.153,28,0.5,0.915,0.078,10,0.0,1.0,0.0,2,S/D,S/D,S/D,0
4720EB14,SAN MARTIN,HUANUCO,HUAMALIES,eta5,pp,20260902,20261001,"00Z,12Z",D1,6h,0.278,1.199,0.123,189,0.55,0.851,0.133,20,0.286,0.943,0.05,7,0.0,S/D,0.0,1,S/D,S/D,S/D,0
4720EB14,SAN MARTIN,HUANUCO,HUAMALIES,wrf5,pp,20260902,20261001,"00Z,12Z",D1,6h,0.03,1.287,0.237,233,0.393,0.686,0.212,28,0.2,0.875,0.083,10,0.0,1.0,0.0,2,S/D,S/D,S/D,0
4720EB14,SAN MARTIN,HUANUCO,HUAMALIES,mpas15,pp,20260902,20261001,00Z,D1,6h,1.069,2.027,0.209,118,0.643,0.847,0.141,14,0.8,0.926,0.073,5,1.0,0.667,0.333,1,S/D,S/D,S/D,0
472D0552,CHINCHAVITO,HUANUCO,HUANUCO,ecmwf,pp,20260902,20261001,"00Z,12Z",D1,6h,-0.371,5.287,0.37,236,0.846,0.598,0.375,78,0.614,0.609,0.314,44,0.227,0.706,0.147,22,0.0,S/D,0.0,4
472D0552,CHINCHAVITO,HUANUCO,HUANUCO,gfs,pp,20260902,20261001,"00Z,12Z",D1,6h,0.071,5.308,0.224,236,0.872,0.655,0.329,78,0.659,0.764,0.21,44,0.091,0.905,0.049,22,0.0,S/D,0.0,4
472D0552,CHINCHAVITO,HUANUCO,HUANUCO,eta5,pp,20260902,20261001,"00Z,12Z",D1,6h,1.894,6.698,0.21,189,0.754,0.659,0.307,61,0.649,0.771,0.203,37,0.6,0.789,0.185,20,0.0,S/D,0.0,3
472D0552,CHINCHAVITO,HUANUCO,HUANUCO,wrf5,pp,20260902,20261001,"00Z,12Z",D1,6h,-0.553,6.218,0.198,233,0.5,0.547,0.312,78,0.386,0.622,0.236,44,0.182,0.765,0.114,22,0.0,1.0,0.0,4
472D0552,CHINCHAVITO,HUANUCO,HUANUCO,mpas15,pp,20260902,20261001,00Z,D1,6h,0.788,5.77,0.202,118,0.795,0.557,0.397,39,0.727,0.758,0.222,22,0.182,0.913,0.062,11,0.0,S/D,0.0,2
472B730C,PUENTE TARUCA,HUANUCO,HUANUCO,ecmwf,pp,20260902,20261001,"00Z,12Z",D1,6h,0.75,1.396,0.238,232,0.821,0.844,0.151,28,0.5,0.947,0.05,8,S/D,1.0,0.0,0,S/D,S/D,S/D,0
472B730C,PUENTE TARUCA,HUANUCO,HUANUCO,gfs,pp,20260902,20261001,"00Z,12Z",D1,6h,0.831,1.381,0.222,232,0.929,0.852,0.146,28,0.5,0.951,0.047,8,S/D,1.0,0.0,0,S/D,S/D,S/D,0
472B730C,PUENTE TARUCA,HUANUCO,HUANUCO,eta5,pp,20260902,20261001,"00Z,12Z",D1,6h,1.272,2.749,0.106,186,0.696,0.842,0.148,23,0.143,0.985,0.014,7,S/D,1.0,0.0,0,S/D,S/D,S/D,0
472B730C,PUENTE TARUCA,HUANUCO,HUANUCO,wrf5,pp,20260902,20261001,"00Z,12Z",D1,6h,-0.019,0.531,0.162,228,0.25,0.667,0.167,28,0.25,0.667,0.167,8,S/D,S/D,S/D,0,S/D,S/D,S/D,0
472B730C,PUENTE TARUCA,HUANUCO,HUANUCO,mpas15,pp,20260902,20261001,00Z,D1,6h,0.938,1.654,0.205,116,0.786,0.81,0.18,14,0.75,0.939,0.06,4,S/D,1.0,0.0,0,S/D,S/D,S/D,0
110140,JESUS DE LAURICOCHA,HUANUCO,LAURICOCHA,ecmwf,pp,20260902,20261001,"00Z,12Z",D1,6h,0.589,1.445,0.24,240,0.767,0.827,0.164,30,0.625,0.909,0.086,8,S/D,1.0,0.0,0,S/D,S/D,S/D,0
110140,JESUS DE LAURICOCHA,HUANUCO,LAURICOCHA,gfs,pp,20260902,20261001,"00Z,12Z",D1,6h,0.664,1.541,0.356,240,1.0,0.825,0.175,30,0.75,0.88,0.115,8,S/D,1.0,0.0,0,S/D,S/D,S/D,0
110140,JESUS DE LAURICOCHA,HUANUCO,LAURICOCHA,eta5,pp,20260902,20261001,"00Z,12Z",D1,6h,0.079,0.893,0.296,192,0.464,0.705,0.22,28,0.0,1.0,0.0,8,S/D,1.0,0.0,0,S/D,S/D,S/D,0
110140,JESUS DE LAURICOCHA,HUANUCO,LAURICOCHA,wrf5,pp,20260902,20261001,"00Z,12Z",D1,6h,0.183,0.984,0.307,236,0.4,0.692,0.211,30,0.25,0.882,0.087,8,S/D,1.0,0.0,0,S/D,S/D,S/D,0
110140,JESUS DE LAURICOCHA,HUANUCO,LAURICOCHA,mpas15,pp,20260902,20261001,00Z,D1,6h,1.054,2.543,0.296,120,0.867,0.75,0.241,15,0.75,0.932,0.067,4,S/D,1.0,0.0,0,S/D,S/D,S/D,0
472DA5AA,PUENTE BELLA,HUANUCO,LEONCIO PRADO,ecmwf,pp,20260902,20261001,"00Z,12Z",D1,6h,0.035,4.08,0.298,236,0.778,0.704,0.273,54,0.5,0.703,0.229,38,0.188,0.727,0.125,16,0.0,S/D,0.0,2
472DA5AA,PUENTE BELLA,HUANUCO,LEONCIO PRADO,gfs,pp,20260902,20261001,"00Z,12Z",D1,6h,0.474,3.867,0.376,236,0.963,0.728,0.269,54,0.737,0.728,0.248,38,0.188,0.842,0.094,16,0.0,S/D,0.0,2
472DA5AA,PUENTE BELLA,HUANUCO,LEONCIO PRADO,eta5,pp,20260902,20261001,"00Z,12Z",D1,6h,3.057,6.958,0.265,189,0.864,0.729,0.26,44,0.812,0.766,0.222,32,0.571,0.875,0.114,14,0.0,1.0,0.0,2
472DA5AA,PUENTE BELLA,HUANUCO,LEONCIO PRADO,wrf5,pp,20260902,20261001,"00Z,12Z",D1,6h,-0.203,4.23,0.244,233,0.604,0.663,0.276,53,0.395,0.712,0.2,38,0.062,0.917,0.037,16,0.0,S/D,0.0,2
472DA5AA,PUENTE BELLA,HUANUCO,LEONCIO PRADO,mpas15,pp,20260902,20261001,00Z,D1,6h,1.49,6.196,0.095,118,0.667,0.727,0.24,27,0.632,0.797,0.182,19,0.125,0.941,0.042,8,0.0,1.0,0.0,1
47270400,TINGO MARIA,HUANUCO,LEONCIO PRADO,ecmwf,pp,20260902,20261001,"00Z,12Z",D1,6h,0.003,3.544,0.384,236,0.913,0.704,0.288,46,0.5,0.746,0.203,32,0.3,0.455,0.24,20,S/D,S/D,S/D,0
47270400,TINGO MARIA,HUANUCO,LEONCIO PRADO,gfs,pp,20260902,20261001,"00Z,12Z",D1,6h,0.427,3.619,0.307,236,0.957,0.77,0.228,46,0.688,0.782,0.198,32,0.2,0.789,0.114,20,S/D,S/D,S/D,0
47270400,TINGO MARIA,HUANUCO,LEONCIO PRADO,eta5,pp,20260902,20261001,"00Z,12Z",D1,6h,2.646,6.334,0.168,189,0.8,0.765,0.222,40,0.679,0.819,0.167,28,0.579,0.784,0.186,19,S/D,1.0,0.0,0
47270400,TINGO MARIA,HUANUCO,LEONCIO PRADO,wrf5,pp,20260902,20261001,"00Z,12Z",D1,6h,-0.275,4.418,0.19,232,0.477,0.704,0.223,44,0.4,0.586,0.255,30,0.158,0.667,0.12,19,S/D,1.0,0.0,0
47270400,TINGO MARIA,HUANUCO,LEONCIO PRADO,mpas15,pp,20260902,20261001,00Z,D1,6h,1.54,5.265,0.172,118,0.783,0.753,0.231,23,0.75,0.821,0.169,16,0.2,0.905,0.069,10,S/D,1.0,0.0,0
4727A4F8,PUERTO INCA,HUANUCO,PUERTO INCA,ecmwf,pp,20260902,20261001,"00Z,12Z",D1,6h,0.731,4.233,0.404,230,0.967,0.807,0.192,30,0.929,0.835,0.163,14,0.571,0.68,0.258,14,0.0,1.0,0.0,2
4727A4F8,PUERTO INCA,HUANUCO,PUERTO INCA,gfs,pp,20260902,20261001,"00Z,12Z",D1,6h,0.25,4.364,0.437,230,0.9,0.752,0.241,30,0.929,0.78,0.217,14,0.714,0.231,0.588,14,0.0,1.0,0.0,2
4727A4F8,PUERTO INCA,HUANUCO,PUERTO INCA,eta5,pp,20260902,20261001,"00Z,12Z",D1,6h,0.773,5.945,0.111,186,0.538,0.837,0.143,26,0.538,0.885,0.104,13,0.308,0.833,0.121,13,0.0,1.0,0.0,2
4727A4F8,PUERTO INCA,HUANUCO,PUERTO INCA,wrf5,pp,20260902,20261001,"00Z,12Z",D1,6h,-0.195,4.648,0.434,226,0.5,0.4,0.375,30,0.571,0.429,0.4,14,0.429,0.333,0.353,14,0.0,1.0,0.0,2
4727A4F8,PUERTO INCA,HUANUCO,PUERTO INCA,mpas15,pp,20260902,20261001,00Z,D1,6h,0.953,4.751,0.313,115,0.867,0.783,0.21,15,1.0,0.863,0.137,7,0.143,0.923,0.053,7,0.0,S/D,0.0,1
109094,PUCA PUCA,HUANUCO,YAROWILCA,ecmwf,pp,20260902,20261001,"00Z,12Z",D1,6h,0.434,1.332,0.29,216,0.808,0.828,0.165,26,0.667,0.923,0.074,6,0.0,S/D,0.0,2,S/D,S/D,S/D,0
109094,PUCA PUCA,HUANUCO,YAROWILCA,gfs,pp,20260902,20261001,"00Z,12Z",D1,6h,0.657,1.322,0.135,216,0.885,0.856,0.141,26,0.667,0.926,0.071,6,1.0,0.5,0.5,2,S/D,S/D,S/D,0
109094,PUCA PUCA,HUANUCO,YAROWILCA,eta5,pp,20260902,20261001,"00Z,12Z",D1,6h,-0.131,1.383,0.156,173,0.522,0.727,0.218,23,0.0,1.0,0.0,6,0.0,S/D,0.0,2,S/D,S/D,S/D,0
109094,PUCA PUCA,HUANUCO,YAROWILCA,wrf5,pp,20260902,20261001,"00Z,12Z",D1,6h,0.169,0.95,0.213,213,0.32,0.83,0.125,25,0.333,0.882,0.095,6,1.0,0.333,0.667,2,S/D,S/D,S/D,0
109094,PUCA PUCA,HUANUCO,YAROWILCA,mpas15,pp,20260902,20261001,00Z,D1,6h,0.801,1.569,0.229,108,0.692,0.809,0.176,13,1.0,0.925,0.075,3,1.0,0.5,0.5,1,S/D,S/D,S/D,0
4728A26A,CONTA M,ICA,CHINCHA,ecmwf,pp,20260902,20261001,"00Z,12Z",D1,6h,-1.042,3.646,0.207,164,0.0,S/D,0.0,16,0.0,S/D,0.0,16,0.0,S/D,0.0,14,S/D,S/D,S/D,0
4728A26A,CONTA M,ICA,CHINCHA,gfs,pp,20260902,20261001,"00Z,12Z",D1,6h,-1.044,3.649,S/D,164,0.0,S/D,0.0,16,0.0,S/D,0.0,16,0.0,S/D,0.0,14,S/D,S/D,S/D,0
4728A26A,CONTA M,ICA,CHINCHA,eta5,pp,20260902,20261001,"00Z,12Z",D1,6h,-0.914,3.473,-0.038,130,0.0,S/D,0.0,11,0.0,S/D,0.0,11,0.0,S/D,0.0,9,S/D,S/D,S/D,0
4728A26A,CONTA M,ICA,CHINCHA,wrf5,pp,20260902,20261001,"00Z,12Z",D1,6h,-1.057,3.683,-0.033,161,0.0,1.0,0.0,16,0.0,S/D,0.0,16,0.0,S/D,0.0,14,S/D,S/D,S/D,0
4728A26A,CONTA M,ICA,CHINCHA,mpas15,pp,20260902,20261001,00Z,D1,6h,-1.044,3.649,0.05,82,0.0,S/D,0.0,8,0.0,S/D,0.0,8,0.0,S/D,0.0,7,S/D,S/D,S/D,0
4728B11C,FONAGRO,ICA,CHINCHA,ecmwf,pp,20260902,20261001,"00Z,12Z",D1,6h,0.004,0.009,S/D,236,S/D,S/D,S/D,0,S/D,S/D,S/D,0,S/D,S/D,S/D,0,S/D,S/D,S/D,0
4728B11C,FONAGRO,ICA,CHINCHA,gfs,pp,20260902,20261001,"00Z,12Z",D1,6h,0.006,0.022,S/D,236,S/D,1.0,0.0,0,S/D,S/D,S/D,0,S/D,S/D,S/D,0,S/D,S/D,S/D,0
4728B11C,FONAGRO,ICA,CHINCHA,eta5,pp,20260902,20261001,"00Z,12Z",D1,6h,0.003,0.01,S/D,189,S/D,S/D,S/D,0,S/D,S/D,S/D,0,S/D,S/D,S/D,0,S/D,S/D,S/D,0
4728B11C,FONAGRO,ICA,CHINCHA,wrf5,pp,20260902,20261001,"00Z,12Z",D1,6h,0.005,0.017,S/D,233,S/D,1.0,0.0,0,S/D,S/D,S/D,0,S/D,S/D,S/D,0,S/D,S/D,S/D,0
4728B11C,FONAGRO,ICA,CHINCHA,mpas15,pp,20260902,20261001,00Z,D1,6h,0.0,0.0,S/D,118,S/D,S/D,S/D,0,S/D,S/D,S/D,0,S/D,S/D,S/D,0,S/D,S/D,S/D,0
4728E160,SAN PEDRO DE HUACARPANA,ICA,CHINCHA,ecmwf,pp,20260902,20261001,"00Z,12Z",D1,6h,0.33,0.707,S/D,208,S/D,1.0,0.0,0,S/D,1.0,0.0,0,S/D,S/D,S/D,0,S/D,S/D,S/D,0
4728E160,SAN PEDRO DE HUACARPANA,ICA,CHINCHA,gfs,pp,20260902,20261001,"00Z,12Z",D1,6h,0.257,0.557,S/D,208,S/D,1.0,0.0,0,S/D,1.0,0.0,0,S/D,S/D,S/D,0,S/D,S/D,S/D,0
4728E160,SAN PEDRO DE HUACARPANA,ICA,CHINCHA,eta5,pp,20260902,20261001,"00Z,12Z",D1,6h,0.04,0.213,S/D,164,S/D,1.0,0.0,0,S/D,1.0,0.0,0,S/D,S/D,S/D,0,S/D,S/D,S/D,0
4728E160,SAN PEDRO DE HUACARPANA,ICA,CHINCHA,wrf5,pp,20260902,20261001,"00Z,12Z",D1,6h,0.106,0.381,S/D,204,S/D,1.0,0.0,0,S/D,1.0,0.0,0,S/D,S/D,S/D,0,S/D,S/D,S/D,0
4728E160,SAN PEDRO DE HUACARPANA,ICA,CHINCHA,mpas15,pp,20260902,20261001,00Z,D1,6h,0.269,0.676,S/D,104,S/D,1.0,0.0,0,S/D,1.0,0.0,0,S/D,S/D,S/D,0,S/D,S/D,S/D,0
472A446C,BETA SANTIAGO,ICA,ICA,ecmwf,pp,20260902,20261001,"00Z,12Z",D1,6h,0.0,0.012,0.294,190,0.25,0.0,0.25,4,S/D,S/D,S/D,0,S/D,S/D,S/D,0,S/D,S/D,S/D,0
472A446C,BETA SANTIAGO,ICA,ICA,gfs,pp,20260902,20261001,"00Z,12Z",D1,6h,-0.002,0.015,S/D,190,0.0,S/D,0.0,4,S/D,S/D,S/D,0,S/D,S/D,S/D,0,S/D,S/D,S/D,0
472A446C,BETA SANTIAGO,ICA,ICA,eta5,pp,20260902,20261001,"00Z,12Z",D1,6h,-0.001,0.012,S/D,151,0.0,S/D,0.0,2,S/D,S/D,S/D,0,S/D,S/D,S/D,0,S/D,S/D,S/D,0
472A446C,BETA SANTIAGO,ICA,ICA,wrf5,pp,20260902,20261001,"00Z,12Z",D1,6h,-0.002,0.014,0.205,187,0.0,S/D,0.0,4,S/D,S/D,S/D,0,S/D,S/D,S/D,0,S/D,S/D,S/D,0
472A446C,BETA SANTIAGO,ICA,ICA,mpas15,pp,20260902,20261001,00Z,D1,6h,-0.002,0.015,0.112,95,0.0,S/D,0.0,2,S/D,S/D,S/D,0,S/D,S/D,S/D,0,S/D,S/D,S/D,0
213503,HUAMANI EL TAMBO,ICA,ICA,ecmwf,pp,20260902,20261001,"00Z,12Z",D1,6h,S/D,S/D,S/D,0,S/D,S/D,S/D,0,S/D,S/D,S/D,0,S/D,S/D,S/D,0,S/D,S/D,S/D,0
213503,HUAMANI EL TAMBO,ICA,ICA,gfs,pp,20260902,20261001,"00Z,12Z",D1,6h,S/D,S/D,S/D,0,S/D,S/D,S/D,0,S/D,S/D,S/D,0,S/D,S/D,S/D,0,S/D,S/D,S/D,0
213503,HUAMANI EL TAMBO,ICA,ICA,eta5,pp,20260902,20261001,"00Z,12Z",D1,6h,S/D,S/D,S/D,0,S/D,S/D,S/D,0,S/D,S/D,S/D,0,S/D,S/D,S/D,0,S/D,S/D,S/D,0
213503,HUAMANI EL TAMBO,ICA,ICA,wrf5,pp,20260902,20261001,"00Z,12Z",D1,6h,S/D,S/D,S/D,0,S/D,S/D,S/D,0,S/D,S/D,S/D,0,S/D,S/D,S/D,0,S/D,S/D,S/D,0
213503,HUAMANI EL TAMBO,ICA,ICA,mpas15,pp,20260902,20261001,00Z,D1,6h,S/D,S/D,S/D,0,S/D,S/D,S/D,0,S/D,S/D,S/D,0,S/D,S/D,S/D,0,S/D,S/D,S/D,0
213506,LOS MOLINOS,ICA,ICA,ecmwf,pp,20260902,20261001,"00Z,12Z",D1,6h,S/D,S/D,S/D,0,S/D,S/D,S/D,0,S/D,S/D,S/D,0,S/D,S/D,S/D,0,S/D,S/D,S/D,0
213506,LOS MOLINOS,ICA,ICA,gfs,pp,20260902,20261001,"00Z,12Z",D1,6h,S/D,S/D,S/D,0,S/D,S/D,S/D,0,S/D,S/D,S/D,0,S/D,S/D,S/D,0,S/D,S/D,S/D,0
213506,LOS MOLINOS,ICA,ICA,eta5,pp,20260902,20261001,"00Z,12Z",D1,6h,S/D,S/D,S/D,0,S/D,S/D,S/D,0,S/D,S/D,S/D,0,S/D,S/D,S/D,0,S/D,S/D,S/D,0
213506,LOS MOLINOS,ICA,ICA,wrf5,pp,20260902,20261001,"00Z,12Z",D1,6h,S/D,S/D,S/D,0,S/D,S/D,S/D,0,S/D,S/D,S/D,0,S/D,S/D,S/D,0,S/D,S/D,S/D,0
213506,LOS MOLINOS,ICA,ICA,mpas15,pp,20260902,20261001,00Z,D1,6h,S/D,S/D,S/D,0,S/D,S/D,S/D,0,S/D,S/D,S/D,0,S/D,S/D,S/D,0,S/D,S/D,S/D,0
114139,COPARA,ICA,NASCA,ecmwf,pp,20260902,20261001,"00Z,12Z",D1,6h,0.013,0.025,S/D,14,S/D,S/D,S/D,0,S/D,S/D,S/D,0,S/D,S/D,S/D,0,S/D,S/D,S/D,0
114139,COPARA,ICA,NASCA,gfs,pp,20260902,20261001,"00Z,12Z",D1,6h,0.0,0.0,S/D,14,S/D,S/D,S/D,0,S/D,S/D,S/D,0,S/D,S/D,S/D,0,S/D,S/D,S/D,0
114139,COPARA,ICA,NASCA,eta5,pp,20260902,20261001,"00Z,12Z",D1,6h,0.0,0.0,S/D,10,S/D,S/D,S/D,0,S/D,S/D,S/D,0,S/D,S/D,S/D,0,S/D,S/D,S/D,0
114139,COPARA,ICA,NASCA,wrf5,pp,20260902,20261001,"00Z,12Z",D1,6h,0.0,0.0,S/D,14,S/D,S/D,S/D,0,S/D,S/D,S/D,0,S/D,S/D,S/D,0,S/D,S/D,S/D,0
114139,COPARA,ICA,NASCA,mpas15,pp,20260902,20261001,00Z,D1,6h,0.0,0.0,S/D,7,S/D,S/D,S/D,0,S/D,S/D,S/D,0,S/D,S/D,S/D,0,S/D,S/D,S/D,0
114136,PALPA,ICA,PALPA,ecmwf,pp,20260902,20261001,"00Z,12Z",D1,6h,S/D,S/D,S/D,0,S/D,S/D,S/D,0,S/D,S/D,S/D,0,S/D,S/D,S/D,0,S/D,S/D,S/D,0
114136,PALPA,ICA,PALPA,gfs,pp,20260902,20261001,"00Z,12Z",D1,6h,S/D,S/D,S/D,0,S/D,S/D,S/D,0,S/D,S/D,S/D,0,S/D,S/D,S/D,0,S/D,S/D,S/D,0
114136,PALPA,ICA,PALPA,eta5,pp,20260902,20261001,"00Z,12Z",D1,6h,S/D,S/D,S/D,0,S/D,S/D,S/D,0,S/D,S/D,S/D,0,S/D,S/D,S/D,0,S/D,S/D,S/D,0
114136,PALPA,ICA,PALPA,wrf5,pp,20260902,20261001,"00Z,12Z",D1,6h,S/D,S/D,S/D,0,S/D,S/D,S/D,0,S/D,S/D,S/D,0,S/D,S/D,S/D,0,S/D,S/D,S/D,0
114136,PALPA,ICA,PALPA,mpas15,pp,20260902,20261001,00Z,D1,6h,S/D,S/D,S/D,0,S/D,S/D,S/D,0,S/D,S/D,S/D,0,S/D,S/D,S/D,0,S/D,S/D,S/D,0
114140,PAMPA BLANCA,ICA,PALPA,ecmwf,pp,20260902,20261001,"00Z,12Z",D1,6h,-0.001,0.002,S/D,4,S/D,S/D,S/D,0,S/D,S/D,S/D,0,S/D,S/D,S/D,0,S/D,S/D,S/D,0
114140,PAMPA BLANCA,ICA,PALPA,gfs,pp,20260902,20261001,"00Z,12Z",D1,6h,0.0,0.0,S/D,4,S/D,S/D,S/D,0,S/D,S/D,S/D,0,S/D,S/D,S/D,0,S/D,S/D,S/D,0
114140,PAMPA BLANCA,ICA,PALPA,eta5,pp,20260902,20261001,"00Z,12Z",D1,6h,0.0,0.0,S/D,3,S/D,S/D,S/D,0,S/D,S/D,S/D,0,S/D,S/D,S/D,0,S/D,S/D,S/D,0
114140,PAMPA BLANCA,ICA,PALPA,wrf5,pp,20260902,20261001,"00Z,12Z",D1,6h,0.0,0.0,S/D,4,S/D,S/D,S/D,0,S/D,S/D,S/D,0,S/D,S/D,S/D,0,S/D,S/D,S/D,0
114140,PAMPA BLANCA,ICA,PALPA,mpas15,pp,20260902,20261001,00Z,D1,6h,0.0,0.0,S/D,2,S/D,S/D,S/D,0,S/D,S/D,S/D,0,S/D,S/D,S/D,0,S/D,S/D,S/D,0
213403,LETRAYOC,ICA,PISCO,ecmwf,pp,20260902,20261001,"00Z,12Z",D1,6h,S/D,S/D,S/D,0,S/D,S/D,S/D,0,S/D,S/D,S/D,0,S/D,S/D,S/D,0,S/D,S/D,S/D,0
213403,LETRAYOC,ICA,PISCO,gfs,pp,20260902,20261001,"00Z,12Z",D1,6h,S/D,S/D,S/D,0,S/D,S/D,S/D,0,S/D,S/D,S/D,0,S/D,S/D,S/D,0,S/D,S/D,S/D,0
213403,LETRAYOC,ICA,PISCO,eta5,pp,20260902,20261001,"00Z,12Z",D1,6h,S/D,S/D,S/D,0,S/D,S/D,S/D,0,S/D,S/D,S/D,0,S/D,S/D,S/D,0,S/D,S/D,S/D,0
213403,LETRAYOC,ICA,PISCO,wrf5,pp,20260902,20261001,"00Z,12Z",D1,6h,S/D,S/D,S/D,0,S/D,S/D,S/D,0,S/D,S/D,S/D,0,S/D,S/D,S/D,0,S/D,S/D,S/D,0
213403,LETRAYOC,ICA,PISCO,mpas15,pp,20260902,20261001,00Z,D1,6h,S/D,S/D,S/D,0,S/D,S/D,S/D,0,S/D,S/D,S/D,0,S/D,S/D,S/D,0,S/D,S/D,S/D,0
472DF5D6,HUAYTAPALLANA,JUNIN,HUANCAYO,ecmwf,pp,20260902,20261001,"00Z,12Z",D1,6h,0.705,1.744,0.403,230,0.88,0.645,0.338,50,0.562,0.882,0.108,16,0.0,1.0,0.0,2,S/D,S/D,S/D,0
472DF5D6,HUAYTAPALLANA,JUNIN,HUANCAYO,gfs,pp,20260902,20261001,"00Z,12Z",D1,6h,1.053,2.354,0.395,230,0.92,0.742,0.253,50,0.625,0.89,0.103,16,0.0,1.0,0.0,2,S/D,S/D,S/D,0
472DF5D6,HUAYTAPALLANA,JUNIN,HUANCAYO,eta5,pp,20260902,20261001,"00Z,12Z",D1,6h,-0.085,1.235,0.484,183,0.6,0.429,0.414,40,0.25,0.7,0.158,12,0.0,S/D,0.0,2,S/D,S/D,S/D,0
472DF5D6,HUAYTAPALLANA,JUNIN,HUANCAYO,wrf5,pp,20260902,20261001,"00Z,12Z",D1,6h,0.506,2.287,0.404,227,0.7,0.557,0.372,50,0.312,0.868,0.102,16,0.0,1.0,0.0,2,S/D,S/D,S/D,0
472DF5D6,HUAYTAPALLANA,JUNIN,HUANCAYO,mpas15,pp,20260902,20261001,00Z,D1,6h,0.648,1.932,0.345,115,0.72,0.647,0.31,25,0.5,0.895,0.095,8,0.0,1.0,0.0,1,S/D,S/D,S/D,0
111288,CHACAPALPA,JUNIN,JAUJA,ecmwf,pp,20260902,20261001,"00Z,12Z",D1,6h,S/D,S/D,S/D,0,S/D,S/D,S/D,0,S/D,S/D,S/D,0,S/D,S/D,S/D,0,S/D,S/D,S/D,0
111288,CHACAPALPA,JUNIN,JAUJA,gfs,pp,20260902,20261001,"00Z,12Z",D1,6h,S/D,S/D,S/D,0,S/D,S/D,S/D,0,S/D,S/D,S/D,0,S/D,S/D,S/D,0,S/D,S/D,S/D,0
111288,CHACAPALPA,JUNIN,JAUJA,eta5,pp,20260902,20261001,"00Z,12Z",D1,6h,S/D,S/D,S/D,0,S/D,S/D,S/D,0,S/D,S/D,S/D,0,S/D,S/D,S/D,0,S/D,S/D,S/D,0
111288,CHACAPALPA,JUNIN,JAUJA,wrf5,pp,20260902,20261001,"00Z,12Z",D1,6h,S/D,S/D,S/D,0,S/D,S/D,S/D,0,S/D,S/D,S/D,0,S/D,S/D,S/D,0,S/D,S/D,S/D,0
111288,CHACAPALPA,JUNIN,JAUJA,mpas15,pp,20260902,20261001,00Z,D1,6h,S/D,S/D,S/D,0,S/D,S/D,S/D,0,S/D,S/D,S/D,0,S/D,S/D,S/D,0,S/D,S/D,S/D,0
111299,POTSOTENI,JUNIN,SATIPO,ecmwf,pp,20260902,20261001,"00Z,12Z",D1,6h,1.454,2.671,0.095,236,0.955,0.887,0.112,22,0.6,0.943,0.055,10,0.0,1.0,0.0,2,S/D,S/D,S/D,0
111299,POTSOTENI,JUNIN,SATIPO,gfs,pp,20260902,20261001,"00Z,12Z",D1,6h,1.124,2.184,-0.01,236,0.636,0.908,0.087,22,0.4,0.956,0.042,10,0.0,1.0,0.0,2,S/D,S/D,S/D,0
111299,POTSOTENI,JUNIN,SATIPO,eta5,pp,20260902,20261001,"00Z,12Z",D1,6h,2.214,4.339,0.203,189,0.773,0.84,0.153,22,0.7,0.92,0.077,10,0.0,1.0,0.0,2,S/D,S/D,S/D,0
111299,POTSOTENI,JUNIN,SATIPO,wrf5,pp,20260902,20261001,"00Z,12Z",D1,6h,0.697,5.587,0.189,233,0.5,0.766,0.19,22,0.2,0.882,0.08,10,0.0,1.0,0.0,2,S/D,1.0,0.0,0
111299,POTSOTENI,JUNIN,SATIPO,mpas15,pp,20260902,20261001,00Z,D1,6h,1.07,2.456,0.089,118,0.545,0.889,0.102,11,0.6,0.935,0.062,5,0.0,1.0,0.0,1,S/D,S/D,S/D,0
4725C4EA,SATIPO,JUNIN,SATIPO,ecmwf,pp,20260902,20261001,"00Z,12Z",D1,6h,-0.335,4.808,0.381,236,0.95,0.743,0.253,40,0.679,0.725,0.244,28,0.111,0.778,0.08,18,0.0,S/D,0.0,2
4725C4EA,SATIPO,JUNIN,SATIPO,gfs,pp,20260902,20261001,"00Z,12Z",D1,6h,-0.106,5.008,0.288,236,0.85,0.776,0.215,40,0.571,0.814,0.163,28,0.111,0.833,0.071,18,0.0,S/D,0.0,2
4725C4EA,SATIPO,JUNIN,SATIPO,eta5,pp,20260902,20261001,"00Z,12Z",D1,6h,1.52,6.756,0.143,189,0.676,0.786,0.194,37,0.667,0.818,0.167,27,0.5,0.804,0.164,18,0.0,S/D,0.0,2
4725C4EA,SATIPO,JUNIN,SATIPO,wrf5,pp,20260902,20261001,"00Z,12Z",D1,6h,-0.518,6.096,0.264,232,0.525,0.661,0.259,40,0.321,0.69,0.188,28,0.056,0.9,0.037,18,0.0,1.0,0.0,2
4725C4EA,SATIPO,JUNIN,SATIPO,mpas15,pp,20260902,20261001,00Z,D1,6h,0.698,4.975,0.284,118,0.9,0.75,0.243,20,0.714,0.836,0.154,14,0.333,0.812,0.136,9,0.0,S/D,0.0,1
47257764,TARMA,JUNIN,TARMA,ecmwf,pp,20260902,20261001,"00Z,12Z",D1,6h,0.298,1.046,0.395,224,0.857,0.765,0.226,28,0.75,0.727,0.25,12,0.25,0.667,0.167,4,S/D,S/D,S/D,0
47257764,TARMA,JUNIN,TARMA,gfs,pp,20260902,20261001,"00Z,12Z",D1,6h,0.625,1.715,0.357,224,0.857,0.832,0.163,28,0.667,0.81,0.174,12,0.5,0.818,0.154,4,S/D,S/D,S/D,0
47257764,TARMA,JUNIN,TARMA,eta5,pp,20260902,20261001,"00Z,12Z",D1,6h,1.008,2.161,0.246,181,0.893,0.788,0.207,28,0.917,0.847,0.151,12,0.0,1.0,0.0,4,S/D,S/D,S/D,0
47257764,TARMA,JUNIN,TARMA,wrf5,pp,20260902,20261001,"00Z,12Z",D1,6h,0.039,1.129,0.333,220,0.519,0.659,0.259,27,0.364,0.75,0.174,11,0.0,1.0,0.0,4,S/D,S/D,S/D,0
47257764,TARMA,JUNIN,TARMA,mpas15,pp,20260902,20261001,00Z,D1,6h,0.47,1.44,0.244,112,0.714,0.773,0.208,14,0.833,0.853,0.143,6,0.0,1.0,0.0,2,S/D,S/D,S/D,0
472D9030,MARCAPOMACOCHA,JUNIN,YAULI,ecmwf,pp,20260902,20261001,"00Z,12Z",D1,6h,0.618,1.399,0.535,236,0.938,0.552,0.435,64,0.75,0.8,0.188,16,S/D,1.0,0.0,0,S/D,S/D,S/D,0
472D9030,MARCAPOMACOCHA,JUNIN,YAULI,gfs,pp,20260902,20261001,"00Z,12Z",D1,6h,0.694,1.847,0.467,236,0.828,0.543,0.417,64,0.688,0.788,0.193,16,S/D,1.0,0.0,0,S/D,S/D,S/D,0
472D9030,MARCAPOMACOCHA,JUNIN,YAULI,eta5,pp,20260902,20261001,"00Z,12Z",D1,6h,0.129,0.793,0.532,189,0.576,0.32,0.453,59,0.438,0.611,0.259,16,S/D,S/D,S/D,0,S/D,S/D,S/D,0
472D9030,MARCAPOMACOCHA,JUNIN,YAULI,wrf5,pp,20260902,20261001,"00Z,12Z",D1,6h,0.662,2.508,0.501,233,0.587,0.471,0.385,63,0.8,0.636,0.333,15,S/D,1.0,0.0,0,S/D,1.0,0.0,0
472D9030,MARCAPOMACOCHA,JUNIN,YAULI,mpas15,pp,20260902,20261001,00Z,D1,6h,1.027,2.911,0.437,118,0.75,0.51,0.421,32,0.625,0.857,0.132,8,S/D,1.0,0.0,0,S/D,S/D,S/D,0
472D30C8,CASAGRANDE,LA LIBERTAD,ASCOPE,ecmwf,pp,20260902,20261001,"00Z,12Z",D1,6h,-0.034,0.484,0.056,232,0.0,1.0,0.0,6,0.0,S/D,0.0,2,0.0,S/D,0.0,2,S/D,S/D,S/D,0
472D30C8,CASAGRANDE,LA LIBERTAD,ASCOPE,gfs,pp,20260902,20261001,"00Z,12Z",D1,6h,-0.045,0.483,-0.019,232,0.0,1.0,0.0,6,0.0,S/D,0.0,2,0.0,S/D,0.0,2,S/D,S/D,S/D,0
472D30C8,CASAGRANDE,LA LIBERTAD,ASCOPE,eta5,pp,20260902,20261001,"00Z,12Z",D1,6h,-0.038,0.544,0.078,185,0.2,0.929,0.056,5,0.0,S/D,0.0,2,0.0,S/D,0.0,2,S/D,S/D,S/D,0
472D30C8,CASAGRANDE,LA LIBERTAD,ASCOPE,wrf5,pp,20260902,20261001,"00Z,12Z",D1,6h,-0.045,0.486,0.134,229,0.0,S/D,0.0,6,0.0,S/D,0.0,2,0.0,S/D,0.0,2,S/D,S/D,S/D,0
472D30C8,CASAGRANDE,LA LIBERTAD,ASCOPE,mpas15,pp,20260902,20261001,00Z,D1,6h,-0.042,0.485,-0.107,116,0.0,1.0,0.0,3,0.0,S/D,0.0,1,0.0,S/D,0.0,1,S/D,S/D,S/D,0
211001,SALINAR,LA LIBERTAD,ASCOPE,ecmwf,pp,20260902,20261001,"00Z,12Z",D1,6h,0.024,0.073,S/D,232,S/D,1.0,0.0,0,S/D,S/D,S/D,0,S/D,S/D,S/D,0,S/D,S/D,S/D,0
211001,SALINAR,LA LIBERTAD,ASCOPE,gfs,pp,20260902,20261001,"00Z,12Z",D1,6h,0.001,0.009,S/D,232,S/D,S/D,S/D,0,S/D,S/D,S/D,0,S/D,S/D,S/D,0,S/D,S/D,S/D,0
211001,SALINAR,LA LIBERTAD,ASCOPE,eta5,pp,20260902,20261001,"00Z,12Z",D1,6h,0.011,0.044,S/D,185,S/D,1.0,0.0,0,S/D,S/D,S/D,0,S/D,S/D,S/D,0,S/D,S/D,S/D,0
211001,SALINAR,LA LIBERTAD,ASCOPE,wrf5,pp,20260902,20261001,"00Z,12Z",D1,6h,0.002,0.011,S/D,229,S/D,1.0,0.0,0,S/D,S/D,S/D,0,S/D,S/D,S/D,0,S/D,S/D,S/D,0
211001,SALINAR,LA LIBERTAD,ASCOPE,mpas15,pp,20260902,20261001,00Z,D1,6h,0.026,0.208,S/D,116,S/D,1.0,0.0,0,S/D,1.0,0.0,0,S/D,S/D,S/D,0,S/D,S/D,S/D,0
472EA2A4,CASCAS,LA LIBERTAD,GRAN CHIMU,ecmwf,pp,20260902,20261001,"00Z,12Z",D1,6h,0.525,1.542,0.099,236,0.667,0.965,0.034,6,S/D,1.0,0.0,0,S/D,1.0,0.0,0,S/D,S/D,S/D,0
472EA2A4,CASCAS,LA LIBERTAD,GRAN CHIMU,gfs,pp,20260902,20261001,"00Z,12Z",D1,6h,0.215,0.479,-0.044,236,0.333,0.98,0.019,6,S/D,1.0,0.0,0,S/D,S/D,S/D,0,S/D,S/D,S/D,0
472EA2A4,CASCAS,LA LIBERTAD,GRAN CHIMU,eta5,pp,20260902,20261001,"00Z,12Z",D1,6h,0.212,0.786,-0.091,189,0.0,1.0,0.0,4,S/D,1.0,0.0,0,S/D,1.0,0.0,0,S/D,S/D,S/D,0
472EA2A4,CASCAS,LA LIBERTAD,GRAN CHIMU,wrf5,pp,20260902,20261001,"00Z,12Z",D1,6h,0.01,0.071,0.093,233,0.0,1.0,0.0,6,S/D,S/D,S/D,0,S/D,S/D,S/D,0,S/D,S/D,S/D,0
472EA2A4,CASCAS,LA LIBERTAD,GRAN CHIMU,mpas15,pp,20260902,20261001,00Z,D1,6h,0.602,1.592,0.183,118,0.667,0.935,0.062,3,S/D,1.0,0.0,0,S/D,1.0,0.0,0,S/D,S/D,S/D,0
47E0A2A8,EL TAMBO,LA LIBERTAD,GRAN CHIMU,ecmwf,pp,20260902,20261001,"00Z,12Z",D1,6h,0.526,1.552,S/D,232,S/D,1.0,0.0,0,S/D,1.0,0.0,0,S/D,1.0,0.0,0,S/D,S/D,S/D,0
47E0A2A8,EL TAMBO,LA LIBERTAD,GRAN CHIMU,gfs,pp,20260902,20261001,"00Z,12Z",D1,6h,0.225,0.484,S/D,232,S/D,1.0,0.0,0,S/D,1.0,0.0,0,S/D,S/D,S/D,0,S/D,S/D,S/D,0
47E0A2A8,EL TAMBO,LA LIBERTAD,GRAN CHIMU,eta5,pp,20260902,20261001,"00Z,12Z",D1,6h,0.493,1.579,S/D,186,S/D,1.0,0.0,0,S/D,1.0,0.0,0,S/D,1.0,0.0,0,S/D,S/D,S/D,0
47E0A2A8,EL TAMBO,LA LIBERTAD,GRAN CHIMU,wrf5,pp,20260902,20261001,"00Z,12Z",D1,6h,0.016,0.12,S/D,228,S/D,1.0,0.0,0,S/D,1.0,0.0,0,S/D,S/D,S/D,0,S/D,S/D,S/D,0
47E0A2A8,EL TAMBO,LA LIBERTAD,GRAN CHIMU,mpas15,pp,20260902,20261001,00Z,D1,6h,0.53,1.515,S/D,116,S/D,1.0,0.0,0,S/D,1.0,0.0,0,S/D,1.0,0.0,0,S/D,S/D,S/D,0
472D552E,LUCMA,LA LIBERTAD,GRAN CHIMU,ecmwf,pp,20260902,20261001,"00Z,12Z",D1,6h,0.347,0.842,S/D,232,S/D,1.0,0.0,0,S/D,1.0,0.0,0,S/D,1.0,0.0,0,S/D,S/D,S/D,0
472D552E,LUCMA,LA LIBERTAD,GRAN CHIMU,gfs,pp,20260902,20261001,"00Z,12Z",D1,6h,0.465,0.916,S/D,232,S/D,1.0,0.0,0,S/D,1.0,0.0,0,S/D,1.0,0.0,0,S/D,S/D,S/D,0
472D552E,LUCMA,LA LIBERTAD,GRAN CHIMU,eta5,pp,20260902,20261001,"00Z,12Z",D1,6h,0.09,0.272,S/D,185,S/D,1.0,0.0,0,S/D,1.0,0.0,0,S/D,S/D,S/D,0,S/D,S/D,S/D,0
472D552E,LUCMA,LA LIBERTAD,GRAN CHIMU,wrf5,pp,20260902,20261001,"00Z,12Z",D1,6h,0.018,0.098,S/D,229,S/D,1.0,0.0,0,S/D,S/D,S/D,0,S/D,S/D,S/D,0,S/D,S/D,S/D,0
472D552E,LUCMA,LA LIBERTAD,GRAN CHIMU,mpas15,pp,20260902,20261001,00Z,D1,6h,0.832,2.002,S/D,116,S/D,1.0,0.0,0,S/D,1.0,0.0,0,S/D,1.0,0.0,0,S/D,S/D,S/D,0
472CC2B6,MARMOT,LA LIBERTAD,GRAN CHIMU,ecmwf,pp,20260902,20261001,"00Z,12Z",D1,6h,S/D,S/D,S/D,0,S/D,S/D,S/D,0,S/D,S/D,S/D,0,S/D,S/D,S/D,0,S/D,S/D,S/D,0
472CC2B6,MARMOT,LA LIBERTAD,GRAN CHIMU,gfs,pp,20260902,20261001,"00Z,12Z",D1,6h,S/D,S/D,S/D,0,S/D,S/D,S/D,0,S/D,S/D,S/D,0,S/D,S/D,S/D,0,S/D,S/D,S/D,0
472CC2B6,MARMOT,LA LIBERTAD,GRAN CHIMU,eta5,pp,20260902,20261001,"00Z,12Z",D1,6h,S/D,S/D,S/D,0,S/D,S/D,S/D,0,S/D,S/D,S/D,0,S/D,S/D,S/D,0,S/D,S/D,S/D,0
472CC2B6,MARMOT,LA LIBERTAD,GRAN CHIMU,wrf5,pp,20260902,20261001,"00Z,12Z",D1,6h,S/D,S/D,S/D,0,S/D,S/D,S/D,0,S/D,S/D,S/D,0,S/D,S/D,S/D,0,S/D,S/D,S/D,0
472CC2B6,MARMOT,LA LIBERTAD,GRAN CHIMU,mpas15,pp,20260902,20261001,00Z,D1,6h,S/D,S/D,S/D,0,S/D,S/D,S/D,0,S/D,S/D,S/D,0,S/D,S/D,S/D,0,S/D,S/D,S/D,0
472E5220,PUENTE PALMIRA,LA LIBERTAD,GRAN CHIMU,ecmwf,pp,20260902,20261001,"00Z,12Z",D1,6h,0.534,1.549,S/D,234,S/D,1.0,0.0,0,S/D,1.0,0.0,0,S/D,1.0,0.0,0,S/D,S/D,S/D,0
472E5220,PUENTE PALMIRA,LA LIBERTAD,GRAN CHIMU,gfs,pp,20260902,20261001,"00Z,12Z",D1,6h,0.22,0.48,S/D,234,S/D,1.0,0.0,0,S/D,1.0,0.0,0,S/D,S/D,S/D,0,S/D,S/D,S/D,0
472E5220,PUENTE PALMIRA,LA LIBERTAD,GRAN CHIMU,eta5,pp,20260902,20261001,"00Z,12Z",D1,6h,0.386,1.56,S/D,188,S/D,1.0,0.0,0,S/D,1.0,0.0,0,S/D,1.0,0.0,0,S/D,S/D,S/D,0
472E5220,PUENTE PALMIRA,LA LIBERTAD,GRAN CHIMU,wrf5,pp,20260902,20261001,"00Z,12Z",D1,6h,0.007,0.056,S/D,231,S/D,1.0,0.0,0,S/D,S/D,S/D,0,S/D,S/D,S/D,0,S/D,S/D,S/D,0
472E5220,PUENTE PALMIRA,LA LIBERTAD,GRAN CHIMU,mpas15,pp,20260902,20261001,00Z,D1,6h,0.107,0.525,S/D,117,S/D,1.0,0.0,0,S/D,1.0,0.0,0,S/D,S/D,S/D,0,S/D,S/D,S/D,0
472D8346,CALLANCAS,LA LIBERTAD,OTUZCO,ecmwf,pp,20260902,20261001,"00Z,12Z",D1,6h,0.267,0.914,0.158,234,0.75,0.938,0.061,8,0.75,0.897,0.1,4,S/D,1.0,0.0,0,S/D,S/D,S/D,0
472D8346,CALLANCAS,LA LIBERTAD,OTUZCO,gfs,pp,20260902,20261001,"00Z,12Z",D1,6h,0.384,1.03,0.128,234,0.75,0.952,0.048,8,0.25,0.968,0.029,4,S/D,1.0,0.0,0,S/D,S/D,S/D,0
472D8346,CALLANCAS,LA LIBERTAD,OTUZCO,eta5,pp,20260902,20261001,"00Z,12Z",D1,6h,1.137,2.694,0.086,187,0.8,0.953,0.047,5,0.5,0.979,0.02,2,S/D,1.0,0.0,0,S/D,S/D,S/D,0
472D8346,CALLANCAS,LA LIBERTAD,OTUZCO,wrf5,pp,20260902,20261001,"00Z,12Z",D1,6h,-0.042,0.592,0.164,231,0.25,0.818,0.118,8,0.0,1.0,0.0,4,S/D,S/D,S/D,0,S/D,S/D,S/D,0
472D8346,CALLANCAS,LA LIBERTAD,OTUZCO,mpas15,pp,20260902,20261001,00Z,D1,6h,0.573,1.759,0.126,117,0.75,0.909,0.088,4,0.5,0.958,0.04,2,S/D,1.0,0.0,0,S/D,S/D,S/D,0
472EB1D2,CAPACHIQUE,LA LIBERTAD,OTUZCO,ecmwf,pp,20260902,20261001,"00Z,12Z",D1,6h,0.344,1.196,0.202,236,0.714,0.897,0.099,14,0.167,0.962,0.032,6,0.0,1.0,0.0,2,S/D,S/D,S/D,0
472EB1D2,CAPACHIQUE,LA LIBERTAD,OTUZCO,gfs,pp,20260902,20261001,"00Z,12Z",D1,6h,0.526,1.283,0.231,236,0.857,0.909,0.09,14,0.5,0.929,0.067,6,0.0,1.0,0.0,2,S/D,S/D,S/D,0
472EB1D2,CAPACHIQUE,LA LIBERTAD,OTUZCO,eta5,pp,20260902,20261001,"00Z,12Z",D1,6h,0.346,1.203,0.072,189,0.5,0.922,0.073,8,0.0,1.0,0.0,3,0.0,1.0,0.0,1,S/D,S/D,S/D,0
472EB1D2,CAPACHIQUE,LA LIBERTAD,OTUZCO,wrf5,pp,20260902,20261001,"00Z,12Z",D1,6h,0.17,1.169,0.137,233,0.357,0.894,0.089,14,0.5,0.786,0.176,6,0.0,1.0,0.0,2,S/D,S/D,S/D,0
472EB1D2,CAPACHIQUE,LA LIBERTAD,OTUZCO,mpas15,pp,20260902,20261001,00Z,D1,6h,0.787,2.104,0.096,118,0.429,0.927,0.067,7,0.333,0.969,0.029,3,0.0,1.0,0.0,1,S/D,S/D,S/D,0
107131,LA FORTUNA,LA LIBERTAD,OTUZCO,ecmwf,pp,20260902,20261001,"00Z,12Z",D1,6h,0.224,0.797,0.298,234,0.8,0.832,0.162,20,0.5,0.862,0.121,8,S/D,1.0,0.0,0,S/D,S/D,S/D,0
107131,LA FORTUNA,LA LIBERTAD,OTUZCO,gfs,pp,20260902,20261001,"00Z,12Z",D1,6h,0.341,0.906,0.203,234,0.8,0.872,0.124,20,0.5,0.871,0.114,8,S/D,1.0,0.0,0,S/D,S/D,S/D,0
107131,LA FORTUNA,LA LIBERTAD,OTUZCO,eta5,pp,20260902,20261001,"00Z,12Z",D1,6h,-0.078,0.554,0.227,188,0.083,0.75,0.067,12,0.0,S/D,0.0,5,S/D,S/D,S/D,0,S/D,S/D,S/D,0
107131,LA FORTUNA,LA LIBERTAD,OTUZCO,wrf5,pp,20260902,20261001,"00Z,12Z",D1,6h,0.281,1.621,0.21,230,0.45,0.82,0.148,20,0.5,0.789,0.174,8,S/D,1.0,0.0,0,S/D,S/D,S/D,0
107131,LA FORTUNA,LA LIBERTAD,OTUZCO,mpas15,pp,20260902,20261001,00Z,D1,6h,0.597,1.527,0.127,117,0.6,0.838,0.146,10,0.75,0.897,0.1,4,S/D,1.0,0.0,0,S/D,S/D,S/D,0
472E74CC,PUENTE COINA,LA LIBERTAD,OTUZCO,ecmwf,pp,20260902,20261001,"00Z,12Z",D1,6h,0.309,0.821,0.186,236,0.615,0.835,0.15,26,S/D,1.0,0.0,0,S/D,1.0,0.0,0,S/D,S/D,S/D,0
472E74CC,PUENTE COINA,LA LIBERTAD,OTUZCO,gfs,pp,20260902,20261001,"00Z,12Z",D1,6h,0.425,0.896,0.058,236,0.654,0.864,0.127,26,S/D,1.0,0.0,0,S/D,1.0,0.0,0,S/D,S/D,S/D,0
472E74CC,PUENTE COINA,LA LIBERTAD,OTUZCO,eta5,pp,20260902,20261001,"00Z,12Z",D1,6h,0.276,0.969,-0.029,189,0.25,0.929,0.059,12,S/D,1.0,0.0,0,S/D,1.0,0.0,0,S/D,S/D,S/D,0
472E74CC,PUENTE COINA,LA LIBERTAD,OTUZCO,wrf5,pp,20260902,20261001,"00Z,12Z",D1,6h,0.139,0.839,0.148,233,0.115,0.857,0.068,26,S/D,1.0,0.0,0,S/D,1.0,0.0,0,S/D,S/D,S/D,0
472E74CC,PUENTE COINA,LA LIBERTAD,OTUZCO,mpas15,pp,20260902,20261001,00Z,D1,6h,0.683,1.588,0.033,118,0.385,0.865,0.111,13,S/D,1.0,0.0,0,S/D,1.0,0.0,0,S/D,S/D,S/D,0
472D60B4,USQUIL,LA LIBERTAD,OTUZCO,ecmwf,pp,20260902,20261001,"00Z,12Z",D1,6h,0.254,1.038,0.23,236,0.786,0.887,0.11,14,0.5,0.966,0.033,2,0.0,1.0,0.0,2,S/D,S/D,S/D,0
472D60B4,USQUIL,LA LIBERTAD,OTUZCO,gfs,pp,20260902,20261001,"00Z,12Z",D1,6h,0.37,1.133,0.06,236,0.714,0.92,0.078,14,0.0,1.0,0.0,2,0.0,1.0,0.0,2,S/D,S/D,S/D,0
472D60B4,USQUIL,LA LIBERTAD,OTUZCO,eta5,pp,20260902,20261001,"00Z,12Z",D1,6h,0.24,1.117,0.138,189,0.571,0.905,0.089,7,0.0,1.0,0.0,1,0.0,1.0,0.0,1,S/D,S/D,S/D,0
472D60B4,USQUIL,LA LIBERTAD,OTUZCO,wrf5,pp,20260902,20261001,"00Z,12Z",D1,6h,0.084,1.113,0.225,233,0.286,0.81,0.129,14,0.0,1.0,0.0,2,0.0,1.0,0.0,2,S/D,S/D,S/D,0
472D60B4,USQUIL,LA LIBERTAD,OTUZCO,mpas15,pp,20260902,20261001,00Z,D1,6h,0.591,1.73,-0.018,118,0.429,0.921,0.071,7,0.0,1.0,0.0,1,0.0,1.0,0.0,1,S/D,S/D,S/D,0
107130,TICAPAMPA,LA LIBERTAD,SANCHEZ CARRION,ecmwf,pp,20260902,20261001,"00Z,12Z",D1,6h,0.66,1.58,0.199,220,0.722,0.881,0.114,18,0.6,0.87,0.12,10,S/D,1.0,0.0,0,S/D,S/D,S/D,0
107130,TICAPAMPA,LA LIBERTAD,SANCHEZ CARRION,gfs,pp,20260902,20261001,"00Z,12Z",D1,6h,0.391,0.91,0.238,220,0.889,0.874,0.124,18,0.5,0.844,0.135,10,S/D,S/D,S/D,0,S/D,S/D,S/D,0
107130,TICAPAMPA,LA LIBERTAD,SANCHEZ CARRION,eta5,pp,20260902,20261001,"00Z,12Z",D1,6h,0.254,0.877,0.244,179,0.571,0.8,0.174,14,0.375,0.85,0.12,8,S/D,1.0,0.0,0,S/D,S/D,S/D,0
107130,TICAPAMPA,LA LIBERTAD,SANCHEZ CARRION,wrf5,pp,20260902,20261001,"00Z,12Z",D1,6h,0.164,0.935,0.32,216,0.611,0.732,0.229,18,0.4,0.733,0.19,10,S/D,1.0,0.0,0,S/D,S/D,S/D,0
107130,TICAPAMPA,LA LIBERTAD,SANCHEZ CARRION,mpas15,pp,20260902,20261001,00Z,D1,6h,0.874,2.159,0.25,110,0.778,0.86,0.135,9,0.8,0.879,0.118,5,S/D,1.0,0.0,0,S/D,S/D,S/D,0
4727319A,QUIRUVILCA,LA LIBERTAD,SANTIAGO DE CHUCO,ecmwf,pp,20260902,20261001,"00Z,12Z",D1,6h,0.648,1.556,0.236,214,0.875,0.849,0.147,16,0.5,0.977,0.022,2,S/D,1.0,0.0,0,S/D,S/D,S/D,0
4727319A,QUIRUVILCA,LA LIBERTAD,SANTIAGO DE CHUCO,gfs,pp,20260902,20261001,"00Z,12Z",D1,6h,0.766,1.741,0.161,214,0.75,0.915,0.083,16,0.0,1.0,0.0,2,S/D,1.0,0.0,0,S/D,S/D,S/D,0
4727319A,QUIRUVILCA,LA LIBERTAD,SANTIAGO DE CHUCO,eta5,pp,20260902,20261001,"00Z,12Z",D1,6h,-0.024,0.242,-0.087,171,0.0,1.0,0.0,11,0.0,1.0,0.0,2,S/D,S/D,S/D,0,S/D,S/D,S/D,0
4727319A,QUIRUVILCA,LA LIBERTAD,SANTIAGO DE CHUCO,wrf5,pp,20260902,20261001,"00Z,12Z",D1,6h,0.597,2.106,0.222,210,0.5,0.833,0.143,16,0.0,1.0,0.0,2,S/D,1.0,0.0,0,S/D,S/D,S/D,0
4727319A,QUIRUVILCA,LA LIBERTAD,SANTIAGO DE CHUCO,mpas15,pp,20260902,20261001,00Z,D1,6h,0.622,1.501,0.199,107,0.625,0.833,0.152,8,1.0,0.96,0.04,1,S/D,1.0,0.0,0,S/D,S/D,S/D,0
211408,CONDORCERRO,LA LIBERTAD,VIRU,ecmwf,pp,20260902,20261001,"00Z,12Z",D1,6h,S/D,S/D,S/D,0,S/D,S/D,S/D,0,S/D,S/D,S/D,0,S/D,S/D,S/D,0,S/D,S/D,S/D,0
211408,CONDORCERRO,LA LIBERTAD,VIRU,gfs,pp,20260902,20261001,"00Z,12Z",D1,6h,S/D,S/D,S/D,0,S/D,S/D,S/D,0,S/D,S/D,S/D,0,S/D,S/D,S/D,0,S/D,S/D,S/D,0
211408,CONDORCERRO,LA LIBERTAD,VIRU,eta5,pp,20260902,20261001,"00Z,12Z",D1,6h,S/D,S/D,S/D,0,S/D,S/D,S/D,0,S/D,S/D,S/D,0,S/D,S/D,S/D,0,S/D,S/D,S/D,0
211408,CONDORCERRO,LA LIBERTAD,VIRU,wrf5,pp,20260902,20261001,"00Z,12Z",D1,6h,S/D,S/D,S/D,0,S/D,S/D,S/D,0,S/D,S/D,S/D,0,S/D,S/D,S/D,0,S/D,S/D,S/D,0
211408,CONDORCERRO,LA LIBERTAD,VIRU,mpas15,pp,20260902,20261001,00Z,D1,6h,S/D,S/D,S/D,0,S/D,S/D,S/D,0,S/D,S/D,S/D,0,S/D,S/D,S/D,0,S/D,S/D,S/D,0
47E2F720,TINAJONES,LAMBAYEQUE,CHICLAYO,ecmwf,pp,20260902,20261001,"00Z,12Z",D1,6h,0.04,0.107,0.132,236,0.5,0.957,0.042,2,S/D,S/D,S/D,0,S/D,S/D,S/D,0,S/D,S/D,S/D,0
47E2F720,TINAJONES,LAMBAYEQUE,CHICLAYO,gfs,pp,20260902,20261001,"00Z,12Z",D1,6h,0.01,0.072,0.158,236,0.5,0.857,0.125,2,S/D,S/D,S/D,0,S/D,S/D,S/D,0,S/D,S/D,S/D,0
47E2F720,TINAJONES,LAMBAYEQUE,CHICLAYO,eta5,pp,20260902,20261001,"00Z,12Z",D1,6h,0.044,0.175,0.124,189,0.0,1.0,0.0,1,S/D,1.0,0.0,0,S/D,S/D,S/D,0,S/D,S/D,S/D,0
47E2F720,TINAJONES,LAMBAYEQUE,CHICLAYO,wrf5,pp,20260902,20261001,"00Z,12Z",D1,6h,-0.001,0.019,0.176,232,0.0,S/D,0.0,2,S/D,S/D,S/D,0,S/D,S/D,S/D,0,S/D,S/D,S/D,0
47E2F720,TINAJONES,LAMBAYEQUE,CHICLAYO,mpas15,pp,20260902,20261001,00Z,D1,6h,0.015,0.131,-0.059,118,0.0,1.0,0.0,1,S/D,1.0,0.0,0,S/D,S/D,S/D,0,S/D,S/D,S/D,0
106140,VISTA FLORIDA,LAMBAYEQUE,CHICLAYO,ecmwf,pp,20260902,20261001,"00Z,12Z",D1,6h,0.023,0.106,0.023,234,0.0,1.0,0.0,2,S/D,1.0,0.0,0,S/D,S/D,S/D,0,S/D,S/D,S/D,0
106140,VISTA FLORIDA,LAMBAYEQUE,CHICLAYO,gfs,pp,20260902,20261001,"00Z,12Z",D1,6h,0.004,0.063,-0.014,234,0.0,1.0,0.0,2,S/D,S/D,S/D,0,S/D,S/D,S/D,0,S/D,S/D,S/D,0
106140,VISTA FLORIDA,LAMBAYEQUE,CHICLAYO,eta5,pp,20260902,20261001,"00Z,12Z",D1,6h,0.01,0.038,0.065,188,0.0,1.0,0.0,2,S/D,S/D,S/D,0,S/D,S/D,S/D,0,S/D,S/D,S/D,0
106140,VISTA FLORIDA,LAMBAYEQUE,CHICLAYO,wrf5,pp,20260902,20261001,"00Z,12Z",D1,6h,0.003,0.017,0.172,230,0.0,1.0,0.0,1,S/D,S/D,S/D,0,S/D,S/D,S/D,0,S/D,S/D,S/D,0
106140,VISTA FLORIDA,LAMBAYEQUE,CHICLAYO,mpas15,pp,20260902,20261001,00Z,D1,6h,0.016,0.131,0.107,117,0.0,1.0,0.0,1,S/D,S/D,S/D,0,S/D,S/D,S/D,0,S/D,S/D,S/D,0
106138,PUCHACA,LAMBAYEQUE,FERREÑAFE,ecmwf,pp,20260902,20261001,"00Z,12Z",D1,6h,1.283,2.414,0.055,220,0.833,0.969,0.031,6,S/D,1.0,0.0,0,S/D,1.0,0.0,0,S/D,S/D,S/D,0
106138,PUCHACA,LAMBAYEQUE,FERREÑAFE,gfs,pp,20260902,20261001,"00Z,12Z",D1,6h,0.306,0.787,0.091,220,0.5,0.954,0.044,6,S/D,1.0,0.0,0,S/D,1.0,0.0,0,S/D,S/D,S/D,0
106138,PUCHACA,LAMBAYEQUE,FERREÑAFE,eta5,pp,20260902,20261001,"00Z,12Z",D1,6h,0.331,0.987,0.131,177,0.6,0.925,0.071,5,S/D,1.0,0.0,0,S/D,1.0,0.0,0,S/D,S/D,S/D,0
106138,PUCHACA,LAMBAYEQUE,FERREÑAFE,wrf5,pp,20260902,20261001,"00Z,12Z",D1,6h,0.0,0.071,0.183,216,0.0,1.0,0.0,6,S/D,S/D,S/D,0,S/D,S/D,S/D,0,S/D,S/D,S/D,0
106138,PUCHACA,LAMBAYEQUE,FERREÑAFE,mpas15,pp,20260902,20261001,00Z,D1,6h,0.21,0.622,0.005,110,0.333,0.944,0.05,3,S/D,1.0,0.0,0,S/D,S/D,S/D,0,S/D,S/D,S/D,0
4726F67E,PASABAR,LAMBAYEQUE,LAMBAYEQUE,ecmwf,pp,20260902,20261001,"00Z,12Z",D1,6h,0.173,0.564,0.164,210,1.0,0.94,0.06,4,S/D,1.0,0.0,0,S/D,1.0,0.0,0,S/D,S/D,S/D,0
4726F67E,PASABAR,LAMBAYEQUE,LAMBAYEQUE,gfs,pp,20260902,20261001,"00Z,12Z",D1,6h,0.092,0.378,0.173,210,0.75,0.923,0.075,4,S/D,1.0,0.0,0,S/D,S/D,S/D,0,S/D,S/D,S/D,0
4726F67E,PASABAR,LAMBAYEQUE,LAMBAYEQUE,eta5,pp,20260902,20261001,"00Z,12Z",D1,6h,0.162,0.524,0.085,171,0.5,0.963,0.036,2,S/D,1.0,0.0,0,S/D,S/D,S/D,0,S/D,S/D,S/D,0
4726F67E,PASABAR,LAMBAYEQUE,LAMBAYEQUE,wrf5,pp,20260902,20261001,"00Z,12Z",D1,6h,0.001,0.02,0.062,207,0.0,1.0,0.0,4,S/D,S/D,S/D,0,S/D,S/D,S/D,0,S/D,S/D,S/D,0
4726F67E,PASABAR,LAMBAYEQUE,LAMBAYEQUE,mpas15,pp,20260902,20261001,00Z,D1,6h,-0.002,0.014,0.101,105,0.0,S/D,0.0,2,S/D,S/D,S/D,0,S/D,S/D,S/D,0,S/D,S/D,S/D,0
47201542,TONGORRAPE,LAMBAYEQUE,LAMBAYEQUE,ecmwf,pp,20260902,20261001,"00Z,12Z",D1,6h,0.081,0.279,0.025,234,0.357,0.915,0.074,14,0.0,1.0,0.0,2,S/D,S/D,S/D,0,S/D,S/D,S/D,0
47201542,TONGORRAPE,LAMBAYEQUE,LAMBAYEQUE,gfs,pp,20260902,20261001,"00Z,12Z",D1,6h,0.041,0.359,0.111,234,0.214,0.885,0.081,14,0.0,1.0,0.0,2,S/D,S/D,S/D,0,S/D,S/D,S/D,0
47201542,TONGORRAPE,LAMBAYEQUE,LAMBAYEQUE,eta5,pp,20260902,20261001,"00Z,12Z",D1,6h,0.106,0.446,0.229,187,0.455,0.839,0.135,11,0.0,1.0,0.0,1,S/D,S/D,S/D,0,S/D,S/D,S/D,0
47201542,TONGORRAPE,LAMBAYEQUE,LAMBAYEQUE,wrf5,pp,20260902,20261001,"00Z,12Z",D1,6h,-0.021,0.159,0.124,231,0.077,0.75,0.062,13,0.0,S/D,0.0,2,S/D,S/D,S/D,0,S/D,S/D,S/D,0
47201542,TONGORRAPE,LAMBAYEQUE,LAMBAYEQUE,mpas15,pp,20260902,20261001,00Z,D1,6h,-0.02,0.185,-0.016,117,0.0,1.0,0.0,7,0.0,S/D,0.0,1,S/D,S/D,S/D,0,S/D,S/D,S/D,0
4725F170,HUAROS,LIMA,CANTA,ecmwf,pp,20260902,20261001,"00Z,12Z",D1,6h,0.364,0.902,0.243,226,0.875,0.931,0.068,8,1.0,0.933,0.067,2,0.0,1.0,0.0,2,S/D,S/D,S/D,0
4725F170,HUAROS,LIMA,CANTA,gfs,pp,20260902,20261001,"00Z,12Z",D1,6h,0.642,1.519,0.262,226,1.0,0.922,0.078,8,1.0,0.949,0.051,2,0.5,0.875,0.111,2,S/D,S/D,S/D,0
4725F170,HUAROS,LIMA,CANTA,eta5,pp,20260902,20261001,"00Z,12Z",D1,6h,-0.011,0.571,-0.03,182,0.143,0.938,0.045,7,0.0,1.0,0.0,2,0.0,S/D,0.0,2,S/D,S/D,S/D,0
4725F170,HUAROS,LIMA,CANTA,wrf5,pp,20260902,20261001,"00Z,12Z",D1,6h,0.122,0.765,0.21,222,0.714,0.844,0.147,7,0.0,1.0,0.0,2,0.0,S/D,0.0,2,S/D,S/D,S/D,0
4725F170,HUAROS,LIMA,CANTA,mpas15,pp,20260902,20261001,00Z,D1,6h,0.837,2.312,0.03,113,0.5,0.946,0.051,4,0.0,1.0,0.0,1,0.0,1.0,0.0,1,S/D,S/D,S/D,0
113249,CAÑETE,LIMA,CAÑETE,ecmwf,pp,20260902,20261001,"00Z,12Z",D1,6h,-0.505,5.717,0.116,236,0.5,0.842,0.136,6,0.0,S/D,0.0,2,0.0,S/D,0.0,2,0.0,S/D,0.0,2
113249,CAÑETE,LIMA,CAÑETE,gfs,pp,20260902,20261001,"00Z,12Z",D1,6h,-0.531,5.717,S/D,236,0.0,S/D,0.0,6,0.0,S/D,0.0,2,0.0,S/D,0.0,2,0.0,S/D,0.0,2
113249,CAÑETE,LIMA,CAÑETE,eta5,pp,20260902,20261001,"00Z,12Z",D1,6h,-0.323,4.505,0.092,190,0.25,0.667,0.167,4,0.0,S/D,0.0,1,0.0,S/D,0.0,1,0.0,S/D,0.0,1
113249,CAÑETE,LIMA,CAÑETE,wrf5,pp,20260902,20261001,"00Z,12Z",D1,6h,-0.536,5.766,0.094,232,0.167,0.667,0.125,6,0.0,S/D,0.0,2,0.0,S/D,0.0,2,0.0,S/D,0.0,2
113249,CAÑETE,LIMA,CAÑETE,mpas15,pp,20260902,20261001,00Z,D1,6h,-0.527,5.717,0.129,118,0.0,1.0,0.0,3,0.0,S/D,0.0,1,0.0,S/D,0.0,1,0.0,S/D,0.0,1
212900,LA CAPILLA SENAMHI,LIMA,CAÑETE,ecmwf,pp,20260902,20261001,"00Z,12Z",D1,6h,S/D,S/D,S/D,0,S/D,S/D,S/D,0,S/D,S/D,S/D,0,S/D,S/D,S/D,0,S/D,S/D,S/D,0
212900,LA CAPILLA SENAMHI,LIMA,CAÑETE,gfs,pp,20260902,20261001,"00Z,12Z",D1,6h,S/D,S/D,S/D,0,S/D,S/D,S/D,0,S/D,S/D,S/D,0,S/D,S/D,S/D,0,S/D,S/D,S/D,0
212900,LA CAPILLA SENAMHI,LIMA,CAÑETE,eta5,pp,20260902,20261001,"00Z,12Z",D1,6h,S/D,S/D,S/D,0,S/D,S/D,S/D,0,S/D,S/D,S/D,0,S/D,S/D,S/D,0,S/D,S/D,S/D,0
212900,LA CAPILLA SENAMHI,LIMA,CAÑETE,wrf5,pp,20260902,20261001,"00Z,12Z",D1,6h,S/D,S/D,S/D,0,S/D,S/D,S/D,0,S/D,S/D,S/D,0,S/D,S/D,S/D,0,S/D,S/D,S/D,0
212900,LA CAPILLA SENAMHI,LIMA,CAÑETE,mpas15,pp,20260902,20261001,00Z,D1,6h,S/D,S/D,S/D,0,S/D,S/D,S/D,0,S/D,S/D,S/D,0,S/D,S/D,S/D,0,S/D,S/D,S/D,0
472191AC,SOCSI,LIMA,CAÑETE,ecmwf,pp,20260902,20261001,"00Z,12Z",D1,6h,S/D,S/D,S/D,0,S/D,S/D,S/D,0,S/D,S/D,S/D,0,S/D,S/D,S/D,0,S/D,S/D,S/D,0
472191AC,SOCSI,LIMA,CAÑETE,gfs,pp,20260902,20261001,"00Z,12Z",D1,6h,S/D,S/D,S/D,0,S/D,S/D,S/D,0,S/D,S/D,S/D,0,S/D,S/D,S/D,0,S/D,S/D,S/D,0
472191AC,SOCSI,LIMA,CAÑETE,eta5,pp,20260902,20261001,"00Z,12Z",D1,6h,S/D,S/D,S/D,0,S/D,S/D,S/D,0,S/D,S/D,S/D,0,S/D,S/D,S/D,0,S/D,S/D,S/D,0
472191AC,SOCSI,LIMA,CAÑETE,wrf5,pp,20260902,20261001,"00Z,12Z",D1,6h,S/D,S/D,S/D,0,S/D,S/D,S/D,0,S/D,S/D,S/D,0,S/D,S/D,S/D,0,S/D,S/D,S/D,0
472191AC,SOCSI,LIMA,CAÑETE,mpas15,pp,20260902,20261001,00Z,D1,6h,S/D,S/D,S/D,0,S/D,S/D,S/D,0,S/D,S/D,S/D,0,S/D,S/D,S/D,0,S/D,S/D,S/D,0
47E323B2,CARAC,LIMA,HUARAL,ecmwf,pp,20260902,20261001,"00Z,12Z",D1,6h,0.188,0.482,0.316,122,1.0,0.842,0.158,6,S/D,1.0,0.0,0,S/D,S/D,S/D,0,S/D,S/D,S/D,0
47E323B2,CARAC,LIMA,HUARAL,gfs,pp,20260902,20261001,"00Z,12Z",D1,6h,0.331,1.131,0.311,122,0.833,0.868,0.128,6,S/D,1.0,0.0,0,S/D,1.0,0.0,0,S/D,S/D,S/D,0
47E323B2,CARAC,LIMA,HUARAL,eta5,pp,20260902,20261001,"00Z,12Z",D1,6h,0.002,0.033,0.821,89,0.667,0.0,0.667,3,S/D,S/D,S/D,0,S/D,S/D,S/D,0,S/D,S/D,S/D,0
47E323B2,CARAC,LIMA,HUARAL,wrf5,pp,20260902,20261001,"00Z,12Z",D1,6h,0.088,0.664,0.293,122,0.5,0.4,0.375,6,S/D,1.0,0.0,0,S/D,1.0,0.0,0,S/D,S/D,S/D,0
47E323B2,CARAC,LIMA,HUARAL,mpas15,pp,20260902,20261001,00Z,D1,6h,0.582,1.628,0.134,61,0.667,0.875,0.118,3,S/D,1.0,0.0,0,S/D,1.0,0.0,0,S/D,S/D,S/D,0
47E2323E,CUCHUANCA,LIMA,HUARAL,ecmwf,pp,20260902,20261001,"00Z,12Z",D1,6h,0.218,0.529,0.206,236,1.0,0.921,0.079,6,S/D,1.0,0.0,0,S/D,S/D,S/D,0,S/D,S/D,S/D,0
47E2323E,CUCHUANCA,LIMA,HUARAL,gfs,pp,20260902,20261001,"00Z,12Z",D1,6h,0.297,0.884,0.196,236,0.833,0.944,0.056,6,S/D,1.0,0.0,0,S/D,1.0,0.0,0,S/D,S/D,S/D,0
47E2323E,CUCHUANCA,LIMA,HUARAL,eta5,pp,20260902,20261001,"00Z,12Z",D1,6h,0.004,0.044,0.319,189,0.5,0.75,0.2,4,S/D,S/D,S/D,0,S/D,S/D,S/D,0,S/D,S/D,S/D,0
47E2323E,CUCHUANCA,LIMA,HUARAL,wrf5,pp,20260902,20261001,"00Z,12Z",D1,6h,0.063,0.496,0.233,232,0.6,0.667,0.273,5,S/D,1.0,0.0,0,S/D,1.0,0.0,0,S/D,S/D,S/D,0
47E2323E,CUCHUANCA,LIMA,HUARAL,mpas15,pp,20260902,20261001,00Z,D1,6h,0.473,1.332,0.113,118,0.667,0.931,0.067,3,S/D,1.0,0.0,0,S/D,1.0,0.0,0,S/D,S/D,S/D,0
47E330C4,SANTA CRUZ,LIMA,HUARAL,ecmwf,pp,20260902,20261001,"00Z,12Z",D1,6h,0.135,0.632,0.073,236,0.5,0.947,0.05,8,0.125,0.938,0.043,8,S/D,S/D,S/D,0,S/D,S/D,S/D,0
47E330C4,SANTA CRUZ,LIMA,HUARAL,gfs,pp,20260902,20261001,"00Z,12Z",D1,6h,0.209,0.91,0.084,236,0.5,0.955,0.043,8,0.5,0.8,0.167,8,S/D,1.0,0.0,0,S/D,S/D,S/D,0
47E330C4,SANTA CRUZ,LIMA,HUARAL,eta5,pp,20260902,20261001,"00Z,12Z",D1,6h,0.073,0.608,0.008,189,0.2,0.963,0.032,5,0.2,0.923,0.059,5,S/D,S/D,S/D,0,S/D,S/D,S/D,0
47E330C4,SANTA CRUZ,LIMA,HUARAL,wrf5,pp,20260902,20261001,"00Z,12Z",D1,6h,0.122,1.059,0.106,232,0.5,0.882,0.105,8,0.125,0.9,0.059,8,S/D,1.0,0.0,0,S/D,S/D,S/D,0
47E330C4,SANTA CRUZ,LIMA,HUARAL,mpas15,pp,20260902,20261001,00Z,D1,6h,0.751,2.034,0.053,118,0.5,0.953,0.044,4,0.5,0.938,0.059,4,S/D,1.0,0.0,0,S/D,S/D,S/D,0
47E214D2,SANTO DOMINGO,LIMA,HUARAL,ecmwf,pp,20260902,20261001,"00Z,12Z",D1,6h,0.062,0.267,-0.099,234,0.0,1.0,0.0,10,S/D,1.0,0.0,0,S/D,S/D,S/D,0,S/D,S/D,S/D,0
47E214D2,SANTO DOMINGO,LIMA,HUARAL,gfs,pp,20260902,20261001,"00Z,12Z",D1,6h,0.008,0.093,-0.097,234,0.0,1.0,0.0,10,S/D,S/D,S/D,0,S/D,S/D,S/D,0,S/D,S/D,S/D,0
47E214D2,SANTO DOMINGO,LIMA,HUARAL,eta5,pp,20260902,20261001,"00Z,12Z",D1,6h,-0.011,0.056,-0.015,188,0.0,S/D,0.0,8,S/D,S/D,S/D,0,S/D,S/D,S/D,0,S/D,S/D,S/D,0
47E214D2,SANTO DOMINGO,LIMA,HUARAL,wrf5,pp,20260902,20261001,"00Z,12Z",D1,6h,-0.012,0.063,0.071,230,0.0,S/D,0.0,10,S/D,S/D,S/D,0,S/D,S/D,S/D,0,S/D,S/D,S/D,0
47E214D2,SANTO DOMINGO,LIMA,HUARAL,mpas15,pp,20260902,20261001,00Z,D1,6h,-0.012,0.063,-0.022,117,0.0,S/D,0.0,5,S/D,S/D,S/D,0,S/D,S/D,S/D,0,S/D,S/D,S/D,0
47E257D8,VICHAYCOCHA,LIMA,HUARAL,ecmwf,pp,20260902,20261001,"00Z,12Z",D1,6h,0.557,1.231,0.251,236,0.769,0.825,0.167,26,1.0,0.905,0.095,4,S/D,1.0,0.0,0,S/D,S/D,S/D,0
47E257D8,VICHAYCOCHA,LIMA,HUARAL,gfs,pp,20260902,20261001,"00Z,12Z",D1,6h,0.778,2.155,0.247,236,0.769,0.823,0.168,26,1.0,0.915,0.085,4,S/D,1.0,0.0,0,S/D,S/D,S/D,0
47E257D8,VICHAYCOCHA,LIMA,HUARAL,eta5,pp,20260902,20261001,"00Z,12Z",D1,6h,0.051,0.355,0.309,189,0.526,0.655,0.263,19,0.333,0.857,0.111,3,S/D,S/D,S/D,0,S/D,S/D,S/D,0
47E257D8,VICHAYCOCHA,LIMA,HUARAL,wrf5,pp,20260902,20261001,"00Z,12Z",D1,6h,0.242,1.164,0.214,232,0.423,0.771,0.175,26,0.5,0.857,0.125,4,S/D,1.0,0.0,0,S/D,S/D,S/D,0
47E257D8,VICHAYCOCHA,LIMA,HUARAL,mpas15,pp,20260902,20261001,00Z,D1,6h,0.774,2.001,0.193,118,0.615,0.814,0.167,13,1.0,0.938,0.062,2,S/D,1.0,0.0,0,S/D,S/D,S/D,0
472CE45A,MATUCANA,LIMA,HUAROCHIRI,ecmwf,pp,20260902,20261001,"00Z,12Z",D1,6h,0.82,1.646,0.238,232,1.0,0.93,0.07,8,S/D,1.0,0.0,0,S/D,1.0,0.0,0,S/D,S/D,S/D,0
472CE45A,MATUCANA,LIMA,HUAROCHIRI,gfs,pp,20260902,20261001,"00Z,12Z",D1,6h,0.302,0.783,0.275,232,1.0,0.909,0.091,8,S/D,1.0,0.0,0,S/D,1.0,0.0,0,S/D,S/D,S/D,0
472CE45A,MATUCANA,LIMA,HUAROCHIRI,eta5,pp,20260902,20261001,"00Z,12Z",D1,6h,0.089,0.536,0.065,185,0.143,0.95,0.038,7,S/D,1.0,0.0,0,S/D,1.0,0.0,0,S/D,S/D,S/D,0
472CE45A,MATUCANA,LIMA,HUAROCHIRI,wrf5,pp,20260902,20261001,"00Z,12Z",D1,6h,0.128,0.741,0.358,229,0.625,0.783,0.192,8,S/D,1.0,0.0,0,S/D,1.0,0.0,0,S/D,S/D,S/D,0
472CE45A,MATUCANA,LIMA,HUAROCHIRI,mpas15,pp,20260902,20261001,00Z,D1,6h,1.026,2.553,0.244,116,1.0,0.909,0.091,4,S/D,1.0,0.0,0,S/D,1.0,0.0,0,S/D,S/D,S/D,0
212700,PUENTE ANTAPUCRO,LIMA,HUAROCHIRI,ecmwf,pp,20260902,20261001,"00Z,12Z",D1,6h,S/D,S/D,S/D,0,S/D,S/D,S/D,0,S/D,S/D,S/D,0,S/D,S/D,S/D,0,S/D,S/D,S/D,0
212700,PUENTE ANTAPUCRO,LIMA,HUAROCHIRI,gfs,pp,20260902,20261001,"00Z,12Z",D1,6h,S/D,S/D,S/D,0,S/D,S/D,S/D,0,S/D,S/D,S/D,0,S/D,S/D,S/D,0,S/D,S/D,S/D,0
212700,PUENTE ANTAPUCRO,LIMA,HUAROCHIRI,eta5,pp,20260902,20261001,"00Z,12Z",D1,6h,S/D,S/D,S/D,0,S/D,S/D,S/D,0,S/D,S/D,S/D,0,S/D,S/D,S/D,0,S/D,S/D,S/D,0
212700,PUENTE ANTAPUCRO,LIMA,HUAROCHIRI,wrf5,pp,20260902,20261001,"00Z,12Z",D1,6h,S/D,S/D,S/D,0,S/D,S/D,S/D,0,S/D,S/D,S/D,0,S/D,S/D,S/D,0,S/D,S/D,S/D,0
212700,PUENTE ANTAPUCRO,LIMA,HUAROCHIRI,mpas15,pp,20260902,20261001,00Z,D1,6h,S/D,S/D,S/D,0,S/D,S/D,S/D,0,S/D,S/D,S/D,0,S/D,S/D,S/D,0,S/D,S/D,S/D,0
212605,SAN MATEO ,LIMA,HUAROCHIRI,ecmwf,pp,20260902,20261001,"00Z,12Z",D1,6h,S/D,S/D,S/D,0,S/D,S/D,S/D,0,S/D,S/D,S/D,0,S/D,S/D,S/D,0,S/D,S/D,S/D,0
212605,SAN MATEO ,LIMA,HUAROCHIRI,gfs,pp,20260902,20261001,"00Z,12Z",D1,6h,S/D,S/D,S/D,0,S/D,S/D,S/D,0,S/D,S/D,S/D,0,S/D,S/D,S/D,0,S/D,S/D,S/D,0
212605,SAN MATEO ,LIMA,HUAROCHIRI,eta5,pp,20260902,20261001,"00Z,12Z",D1,6h,S/D,S/D,S/D,0,S/D,S/D,S/D,0,S/D,S/D,S/D,0,S/D,S/D,S/D,0,S/D,S/D,S/D,0
212605,SAN MATEO ,LIMA,HUAROCHIRI,wrf5,pp,20260902,20261001,"00Z,12Z",D1,6h,S/D,S/D,S/D,0,S/D,S/D,S/D,0,S/D,S/D,S/D,0,S/D,S/D,S/D,0,S/D,S/D,S/D,0
212605,SAN MATEO ,LIMA,HUAROCHIRI,mpas15,pp,20260902,20261001,00Z,D1,6h,S/D,S/D,S/D,0,S/D,S/D,S/D,0,S/D,S/D,S/D,0,S/D,S/D,S/D,0,S/D,S/D,S/D,0
472EC742,SAN MATEO DE OTAO,LIMA,HUAROCHIRI,ecmwf,pp,20260902,20261001,"00Z,12Z",D1,6h,0.843,1.671,S/D,236,S/D,1.0,0.0,0,S/D,1.0,0.0,0,S/D,1.0,0.0,0,S/D,S/D,S/D,0
472EC742,SAN MATEO DE OTAO,LIMA,HUAROCHIRI,gfs,pp,20260902,20261001,"00Z,12Z",D1,6h,0.323,0.813,S/D,236,S/D,1.0,0.0,0,S/D,1.0,0.0,0,S/D,1.0,0.0,0,S/D,S/D,S/D,0
472EC742,SAN MATEO DE OTAO,LIMA,HUAROCHIRI,eta5,pp,20260902,20261001,"00Z,12Z",D1,6h,0.004,0.019,S/D,189,S/D,1.0,0.0,0,S/D,S/D,S/D,0,S/D,S/D,S/D,0,S/D,S/D,S/D,0
472EC742,SAN MATEO DE OTAO,LIMA,HUAROCHIRI,wrf5,pp,20260902,20261001,"00Z,12Z",D1,6h,0.005,0.05,S/D,233,S/D,1.0,0.0,0,S/D,S/D,S/D,0,S/D,S/D,S/D,0,S/D,S/D,S/D,0
472EC742,SAN MATEO DE OTAO,LIMA,HUAROCHIRI,mpas15,pp,20260902,20261001,00Z,D1,6h,0.025,0.195,S/D,118,S/D,1.0,0.0,0,S/D,1.0,0.0,0,S/D,S/D,S/D,0,S/D,S/D,S/D,0
472E24B0,SANTA EULALIA,LIMA,HUAROCHIRI,ecmwf,pp,20260902,20261001,"00Z,12Z",D1,6h,0.004,0.013,S/D,160,S/D,S/D,S/D,0,S/D,S/D,S/D,0,S/D,S/D,S/D,0,S/D,S/D,S/D,0
472E24B0,SANTA EULALIA,LIMA,HUAROCHIRI,gfs,pp,20260902,20261001,"00Z,12Z",D1,6h,0.001,0.007,S/D,160,S/D,S/D,S/D,0,S/D,S/D,S/D,0,S/D,S/D,S/D,0,S/D,S/D,S/D,0
472E24B0,SANTA EULALIA,LIMA,HUAROCHIRI,eta5,pp,20260902,20261001,"00Z,12Z",D1,6h,0.0,0.002,S/D,126,S/D,S/D,S/D,0,S/D,S/D,S/D,0,S/D,S/D,S/D,0,S/D,S/D,S/D,0
472E24B0,SANTA EULALIA,LIMA,HUAROCHIRI,wrf5,pp,20260902,20261001,"00Z,12Z",D1,6h,0.0,0.001,S/D,157,S/D,S/D,S/D,0,S/D,S/D,S/D,0,S/D,S/D,S/D,0,S/D,S/D,S/D,0
472E24B0,SANTA EULALIA,LIMA,HUAROCHIRI,mpas15,pp,20260902,20261001,00Z,D1,6h,0.031,0.23,S/D,80,S/D,1.0,0.0,0,S/D,1.0,0.0,0,S/D,S/D,S/D,0,S/D,S/D,S/D,0
472CA750,SANTIAGO DE TUNA,LIMA,HUAROCHIRI,ecmwf,pp,20260902,20261001,"00Z,12Z",D1,6h,0.191,0.527,S/D,232,S/D,1.0,0.0,0,S/D,1.0,0.0,0,S/D,S/D,S/D,0,S/D,S/D,S/D,0
472CA750,SANTIAGO DE TUNA,LIMA,HUAROCHIRI,gfs,pp,20260902,20261001,"00Z,12Z",D1,6h,0.093,0.225,S/D,232,S/D,1.0,0.0,0,S/D,1.0,0.0,0,S/D,S/D,S/D,0,S/D,S/D,S/D,0
472CA750,SANTIAGO DE TUNA,LIMA,HUAROCHIRI,eta5,pp,20260902,20261001,"00Z,12Z",D1,6h,0.003,0.033,S/D,185,S/D,1.0,0.0,0,S/D,S/D,S/D,0,S/D,S/D,S/D,0,S/D,S/D,S/D,0
472CA750,SANTIAGO DE TUNA,LIMA,HUAROCHIRI,wrf5,pp,20260902,20261001,"00Z,12Z",D1,6h,0.006,0.059,S/D,229,S/D,1.0,0.0,0,S/D,S/D,S/D,0,S/D,S/D,S/D,0,S/D,S/D,S/D,0
472CA750,SANTIAGO DE TUNA,LIMA,HUAROCHIRI,mpas15,pp,20260902,20261001,00Z,D1,6h,0.112,0.399,S/D,116,S/D,1.0,0.0,0,S/D,1.0,0.0,0,S/D,S/D,S/D,0,S/D,S/D,S/D,0
4724966C,SAYAN,LIMA,HUAURA,ecmwf,pp,20260902,20261001,"00Z,12Z",D1,6h,0.01,0.033,S/D,230,S/D,1.0,0.0,0,S/D,S/D,S/D,0,S/D,S/D,S/D,0,S/D,S/D,S/D,0
4724966C,SAYAN,LIMA,HUAURA,gfs,pp,20260902,20261001,"00Z,12Z",D1,6h,0.003,0.014,S/D,230,S/D,S/D,S/D,0,S/D,S/D,S/D,0,S/D,S/D,S/D,0,S/D,S/D,S/D,0
4724966C,SAYAN,LIMA,HUAURA,eta5,pp,20260902,20261001,"00Z,12Z",D1,6h,0.0,0.0,S/D,186,S/D,S/D,S/D,0,S/D,S/D,S/D,0,S/D,S/D,S/D,0,S/D,S/D,S/D,0
4724966C,SAYAN,LIMA,HUAURA,wrf5,pp,20260902,20261001,"00Z,12Z",D1,6h,0.0,0.001,S/D,226,S/D,S/D,S/D,0,S/D,S/D,S/D,0,S/D,S/D,S/D,0,S/D,S/D,S/D,0
4724966C,SAYAN,LIMA,HUAURA,mpas15,pp,20260902,20261001,00Z,D1,6h,0.0,0.0,S/D,115,S/D,S/D,S/D,0,S/D,S/D,S/D,0,S/D,S/D,S/D,0,S/D,S/D,S/D,0
212500,AGUA AZUL BOCATOMA,LIMA,LIMA,ecmwf,pp,20260902,20261001,"00Z,12Z",D1,6h,S/D,S/D,S/D,0,S/D,S/D,S/D,0,S/D,S/D,S/D,0,S/D,S/D,S/D,0,S/D,S/D,S/D,0
212500,AGUA AZUL BOCATOMA,LIMA,LIMA,gfs,pp,20260902,20261001,"00Z,12Z",D1,6h,S/D,S/D,S/D,0,S/D,S/D,S/D,0,S/D,S/D,S/D,0,S/D,S/D,S/D,0,S/D,S/D,S/D,0
212500,AGUA AZUL BOCATOMA,LIMA,LIMA,eta5,pp,20260902,20261001,"00Z,12Z",D1,6h,S/D,S/D,S/D,0,S/D,S/D,S/D,0,S/D,S/D,S/D,0,S/D,S/D,S/D,0,S/D,S/D,S/D,0
212500,AGUA AZUL BOCATOMA,LIMA,LIMA,wrf5,pp,20260902,20261001,"00Z,12Z",D1,6h,S/D,S/D,S/D,0,S/D,S/D,S/D,0,S/D,S/D,S/D,0,S/D,S/D,S/D,0,S/D,S/D,S/D,0
212500,AGUA AZUL BOCATOMA,LIMA,LIMA,mpas15,pp,20260902,20261001,00Z,D1,6h,S/D,S/D,S/D,0,S/D,S/D,S/D,0,S/D,S/D,S/D,0,S/D,S/D,S/D,0,S/D,S/D,S/D,0
472A218A,ANTONIO RAYMONDI,LIMA,LIMA,ecmwf,pp,20260902,20261001,"00Z,12Z",D1,6h,0.007,0.018,S/D,234,S/D,S/D,S/D,0,S/D,S/D,S/D,0,S/D,S/D,S/D,0,S/D,S/D,S/D,0
472A218A,ANTONIO RAYMONDI,LIMA,LIMA,gfs,pp,20260902,20261001,"00Z,12Z",D1,6h,0.035,0.064,S/D,234,S/D,1.0,0.0,0,S/D,S/D,S/D,0,S/D,S/D,S/D,0,S/D,S/D,S/D,0
472A218A,ANTONIO RAYMONDI,LIMA,LIMA,eta5,pp,20260902,20261001,"00Z,12Z",D1,6h,0.04,0.087,S/D,188,S/D,1.0,0.0,0,S/D,S/D,S/D,0,S/D,S/D,S/D,0,S/D,S/D,S/D,0
472A218A,ANTONIO RAYMONDI,LIMA,LIMA,wrf5,pp,20260902,20261001,"00Z,12Z",D1,6h,0.005,0.024,S/D,230,S/D,1.0,0.0,0,S/D,S/D,S/D,0,S/D,S/D,S/D,0,S/D,S/D,S/D,0
472A218A,ANTONIO RAYMONDI,LIMA,LIMA,mpas15,pp,20260902,20261001,00Z,D1,6h,0.009,0.065,S/D,117,S/D,1.0,0.0,0,S/D,S/D,S/D,0,S/D,S/D,S/D,0,S/D,S/D,S/D,0
112181,CAMPO DE MARTE,LIMA,LIMA,ecmwf,pp,20260902,20261001,"00Z,12Z",D1,6h,0.025,0.106,0.261,194,0.375,0.812,0.143,8,S/D,1.0,0.0,0,S/D,S/D,S/D,0,S/D,S/D,S/D,0
112181,CAMPO DE MARTE,LIMA,LIMA,gfs,pp,20260902,20261001,"00Z,12Z",D1,6h,0.002,0.045,0.063,194,0.125,0.667,0.1,8,S/D,S/D,S/D,0,S/D,S/D,S/D,0,S/D,S/D,S/D,0
112181,CAMPO DE MARTE,LIMA,LIMA,eta5,pp,20260902,20261001,"00Z,12Z",D1,6h,0.022,0.077,0.154,156,0.25,0.882,0.087,8,S/D,S/D,S/D,0,S/D,S/D,S/D,0,S/D,S/D,S/D,0
112181,CAMPO DE MARTE,LIMA,LIMA,wrf5,pp,20260902,20261001,"00Z,12Z",D1,6h,0.001,0.043,-0.006,192,0.143,0.5,0.125,7,S/D,S/D,S/D,0,S/D,S/D,S/D,0,S/D,S/D,S/D,0
112181,CAMPO DE MARTE,LIMA,LIMA,mpas15,pp,20260902,20261001,00Z,D1,6h,0.018,0.136,-0.045,97,0.0,1.0,0.0,4,S/D,S/D,S/D,0,S/D,S/D,S/D,0,S/D,S/D,S/D,0
111286,CARABAYLLO,LIMA,LIMA,ecmwf,pp,20260902,20261001,"00Z,12Z",D1,6h,S/D,S/D,S/D,0,S/D,S/D,S/D,0,S/D,S/D,S/D,0,S/D,S/D,S/D,0,S/D,S/D,S/D,0
111286,CARABAYLLO,LIMA,LIMA,gfs,pp,20260902,20261001,"00Z,12Z",D1,6h,S/D,S/D,S/D,0,S/D,S/D,S/D,0,S/D,S/D,S/D,0,S/D,S/D,S/D,0,S/D,S/D,S/D,0
111286,CARABAYLLO,LIMA,LIMA,eta5,pp,20260902,20261001,"00Z,12Z",D1,6h,S/D,S/D,S/D,0,S/D,S/D,S/D,0,S/D,S/D,S/D,0,S/D,S/D,S/D,0,S/D,S/D,S/D,0
111286,CARABAYLLO,LIMA,LIMA,wrf5,pp,20260902,20261001,"00Z,12Z",D1,6h,S/D,S/D,S/D,0,S/D,S/D,S/D,0,S/D,S/D,S/D,0,S/D,S/D,S/D,0,S/D,S/D,S/D,0
111286,CARABAYLLO,LIMA,LIMA,mpas15,pp,20260902,20261001,00Z,D1,6h,S/D,S/D,S/D,0,S/D,S/D,S/D,0,S/D,S/D,S/D,0,S/D,S/D,S/D,0,S/D,S/D,S/D,0
112278,CERES,LIMA,LIMA,ecmwf,pp,20260902,20261001,"00Z,12Z",D1,6h,S/D,S/D,S/D,0,S/D,S/D,S/D,0,S/D,S/D,S/D,0,S/D,S/D,S/D,0,S/D,S/D,S/D,0
112278,CERES,LIMA,LIMA,gfs,pp,20260902,20261001,"00Z,12Z",D1,6h,S/D,S/D,S/D,0,S/D,S/D,S/D,0,S/D,S/D,S/D,0,S/D,S/D,S/D,0,S/D,S/D,S/D,0
112278,CERES,LIMA,LIMA,eta5,pp,20260902,20261001,"00Z,12Z",D1,6h,S/D,S/D,S/D,0,S/D,S/D,S/D,0,S/D,S/D,S/D,0,S/D,S/D,S/D,0,S/D,S/D,S/D,0
112278,CERES,LIMA,LIMA,wrf5,pp,20260902,20261001,"00Z,12Z",D1,6h,S/D,S/D,S/D,0,S/D,S/D,S/D,0,S/D,S/D,S/D,0,S/D,S/D,S/D,0,S/D,S/D,S/D,0
112278,CERES,LIMA,LIMA,mpas15,pp,20260902,20261001,00Z,D1,6h,S/D,S/D,S/D,0,S/D,S/D,S/D,0,S/D,S/D,S/D,0,S/D,S/D,S/D,0,S/D,S/D,S/D,0
47278214,CHOSICA,LIMA,LIMA,ecmwf,pp,20260902,20261001,"00Z,12Z",D1,6h,0.0,0.0,S/D,2,S/D,S/D,S/D,0,S/D,S/D,S/D,0,S/D,S/D,S/D,0,S/D,S/D,S/D,0
47278214,CHOSICA,LIMA,LIMA,gfs,pp,20260902,20261001,"00Z,12Z",D1,6h,0.0,0.0,S/D,2,S/D,S/D,S/D,0,S/D,S/D,S/D,0,S/D,S/D,S/D,0,S/D,S/D,S/D,0
47278214,CHOSICA,LIMA,LIMA,eta5,pp,20260902,20261001,"00Z,12Z",D1,6h,0.0,0.0,S/D,2,S/D,S/D,S/D,0,S/D,S/D,S/D,0,S/D,S/D,S/D,0,S/D,S/D,S/D,0
47278214,CHOSICA,LIMA,LIMA,wrf5,pp,20260902,20261001,"00Z,12Z",D1,6h,0.0,0.0,S/D,2,S/D,S/D,S/D,0,S/D,S/D,S/D,0,S/D,S/D,S/D,0,S/D,S/D,S/D,0
47278214,CHOSICA,LIMA,LIMA,mpas15,pp,20260902,20261001,00Z,D1,6h,0.0,0.0,S/D,1,S/D,S/D,S/D,0,S/D,S/D,S/D,0,S/D,S/D,S/D,0,S/D,S/D,S/D,0
112281,LAS PALMAS,LIMA,LIMA,ecmwf,pp,20260902,20261001,"00Z,12Z",D1,6h,0.113,0.208,0.21,240,0.6,0.809,0.17,30,S/D,S/D,S/D,0,S/D,S/D,S/D,0,S/D,S/D,S/D,0
112281,LAS PALMAS,LIMA,LIMA,gfs,pp,20260902,20261001,"00Z,12Z",D1,6h,0.039,0.111,0.059,240,0.267,0.864,0.099,30,S/D,S/D,S/D,0,S/D,S/D,S/D,0,S/D,S/D,S/D,0
112281,LAS PALMAS,LIMA,LIMA,eta5,pp,20260902,20261001,"00Z,12Z",D1,6h,0.05,0.179,0.017,192,0.192,0.886,0.077,26,S/D,S/D,S/D,0,S/D,S/D,S/D,0,S/D,S/D,S/D,0
112281,LAS PALMAS,LIMA,LIMA,wrf5,pp,20260902,20261001,"00Z,12Z",D1,6h,-0.011,0.085,-0.046,236,0.036,0.857,0.029,28,S/D,S/D,S/D,0,S/D,S/D,S/D,0,S/D,S/D,S/D,0
112281,LAS PALMAS,LIMA,LIMA,mpas15,pp,20260902,20261001,00Z,D1,6h,-0.013,0.113,-0.108,120,0.0,1.0,0.0,15,S/D,S/D,S/D,0,S/D,S/D,S/D,0,S/D,S/D,S/D,0
112193,SAN BORJA,LIMA,LIMA,ecmwf,pp,20260902,20261001,"00Z,12Z",D1,6h,0.037,0.108,S/D,196,S/D,1.0,0.0,0,S/D,1.0,0.0,0,S/D,S/D,S/D,0,S/D,S/D,S/D,0
112193,SAN BORJA,LIMA,LIMA,gfs,pp,20260902,20261001,"00Z,12Z",D1,6h,0.011,0.028,S/D,196,S/D,1.0,0.0,0,S/D,S/D,S/D,0,S/D,S/D,S/D,0,S/D,S/D,S/D,0
112193,SAN BORJA,LIMA,LIMA,eta5,pp,20260902,20261001,"00Z,12Z",D1,6h,0.025,0.048,S/D,157,S/D,1.0,0.0,0,S/D,S/D,S/D,0,S/D,S/D,S/D,0,S/D,S/D,S/D,0
112193,SAN BORJA,LIMA,LIMA,wrf5,pp,20260902,20261001,"00Z,12Z",D1,6h,0.011,0.033,S/D,195,S/D,1.0,0.0,0,S/D,S/D,S/D,0,S/D,S/D,S/D,0,S/D,S/D,S/D,0
112193,SAN BORJA,LIMA,LIMA,mpas15,pp,20260902,20261001,00Z,D1,6h,0.026,0.129,S/D,98,S/D,1.0,0.0,0,S/D,S/D,S/D,0,S/D,S/D,S/D,0,S/D,S/D,S/D,0
112267,SAN JUAN DE LURIGANCHO,LIMA,LIMA,ecmwf,pp,20260902,20261001,"00Z,12Z",D1,6h,0.038,0.126,0.088,190,0.0,1.0,0.0,2,S/D,1.0,0.0,0,S/D,S/D,S/D,0,S/D,S/D,S/D,0
112267,SAN JUAN DE LURIGANCHO,LIMA,LIMA,gfs,pp,20260902,20261001,"00Z,12Z",D1,6h,0.007,0.038,0.271,190,1.0,0.333,0.667,2,S/D,S/D,S/D,0,S/D,S/D,S/D,0,S/D,S/D,S/D,0
112267,SAN JUAN DE LURIGANCHO,LIMA,LIMA,eta5,pp,20260902,20261001,"00Z,12Z",D1,6h,0.002,0.036,0.148,153,0.0,1.0,0.0,1,S/D,S/D,S/D,0,S/D,S/D,S/D,0,S/D,S/D,S/D,0
112267,SAN JUAN DE LURIGANCHO,LIMA,LIMA,wrf5,pp,20260902,20261001,"00Z,12Z",D1,6h,0.0,0.033,0.288,186,0.5,0.5,0.333,2,S/D,S/D,S/D,0,S/D,S/D,S/D,0,S/D,S/D,S/D,0
112267,SAN JUAN DE LURIGANCHO,LIMA,LIMA,mpas15,pp,20260902,20261001,00Z,D1,6h,0.012,0.064,0.212,95,1.0,0.75,0.25,1,S/D,S/D,S/D,0,S/D,S/D,S/D,0,S/D,S/D,S/D,0
112265,SAN MARTIN DE PORRES,LIMA,LIMA,ecmwf,pp,20260902,20261001,"00Z,12Z",D1,6h,0.029,0.155,0.118,200,0.0,1.0,0.0,2,0.0,1.0,0.0,2,S/D,S/D,S/D,0,S/D,S/D,S/D,0
112265,SAN MARTIN DE PORRES,LIMA,LIMA,gfs,pp,20260902,20261001,"00Z,12Z",D1,6h,-0.0,0.114,-0.044,200,0.0,1.0,0.0,2,0.0,S/D,0.0,2,S/D,S/D,S/D,0,S/D,S/D,S/D,0
112265,SAN MARTIN DE PORRES,LIMA,LIMA,eta5,pp,20260902,20261001,"00Z,12Z",D1,6h,0.083,0.217,-0.03,158,0.0,1.0,0.0,2,0.0,S/D,0.0,2,S/D,S/D,S/D,0,S/D,S/D,S/D,0
112265,SAN MARTIN DE PORRES,LIMA,LIMA,wrf5,pp,20260902,20261001,"00Z,12Z",D1,6h,-0.007,0.112,-0.043,197,0.0,S/D,0.0,2,0.0,S/D,0.0,2,S/D,S/D,S/D,0,S/D,S/D,S/D,0
112265,SAN MARTIN DE PORRES,LIMA,LIMA,mpas15,pp,20260902,20261001,00Z,D1,6h,0.014,0.168,-0.069,100,0.0,1.0,0.0,1,0.0,S/D,0.0,1,S/D,S/D,S/D,0,S/D,S/D,S/D,0
112208,SANTA ANITA,LIMA,LIMA,ecmwf,pp,20260902,20261001,"00Z,12Z",D1,6h,S/D,S/D,S/D,0,S/D,S/D,S/D,0,S/D,S/D,S/D,0,S/D,S/D,S/D,0,S/D,S/D,S/D,0
112208,SANTA ANITA,LIMA,LIMA,gfs,pp,20260902,20261001,"00Z,12Z",D1,6h,S/D,S/D,S/D,0,S/D,S/D,S/D,0,S/D,S/D,S/D,0,S/D,S/D,S/D,0,S/D,S/D,S/D,0
112208,SANTA ANITA,LIMA,LIMA,eta5,pp,20260902,20261001,"00Z,12Z",D1,6h,S/D,S/D,S/D,0,S/D,S/D,S/D,0,S/D,S/D,S/D,0,S/D,S/D,S/D,0,S/D,S/D,S/D,0
112208,SANTA ANITA,LIMA,LIMA,wrf5,pp,20260902,20261001,"00Z,12Z",D1,6h,S/D,S/D,S/D,0,S/D,S/D,S/D,0,S/D,S/D,S/D,0,S/D,S/D,S/D,0,S/D,S/D,S/D,0
112208,SANTA ANITA,LIMA,LIMA,mpas15,pp,20260902,20261001,00Z,D1,6h,S/D,S/D,S/D,0,S/D,S/D,S/D,0,S/D,S/D,S/D,0,S/D,S/D,S/D,0,S/D,S/D,S/D,0
472AC278,VON HUMBOLDT,LIMA,LIMA,ecmwf,pp,20260902,20261001,"00Z,12Z",D1,6h,0.037,0.113,0.082,220,0.0,1.0,0.0,2,S/D,1.0,0.0,0,S/D,S/D,S/D,0,S/D,S/D,S/D,0
472AC278,VON HUMBOLDT,LIMA,LIMA,gfs,pp,20260902,20261001,"00Z,12Z",D1,6h,0.01,0.027,0.252,220,1.0,0.333,0.667,2,S/D,S/D,S/D,0,S/D,S/D,S/D,0,S/D,S/D,S/D,0
472AC278,VON HUMBOLDT,LIMA,LIMA,eta5,pp,20260902,20261001,"00Z,12Z",D1,6h,0.004,0.026,-0.03,176,0.0,1.0,0.0,1,S/D,S/D,S/D,0,S/D,S/D,S/D,0,S/D,S/D,S/D,0
472AC278,VON HUMBOLDT,LIMA,LIMA,wrf5,pp,20260902,20261001,"00Z,12Z",D1,6h,-0.001,0.017,0.143,216,0.0,S/D,0.0,2,S/D,S/D,S/D,0,S/D,S/D,S/D,0,S/D,S/D,S/D,0
472AC278,VON HUMBOLDT,LIMA,LIMA,mpas15,pp,20260902,20261001,00Z,D1,6h,0.041,0.194,0.184,110,1.0,0.833,0.167,1,S/D,1.0,0.0,0,S/D,S/D,S/D,0,S/D,S/D,S/D,0
111290,ÑAÑA,LIMA,LIMA,ecmwf,pp,20260902,20261001,"00Z,12Z",D1,6h,0.004,0.034,0.365,236,0.417,0.375,0.333,12,S/D,S/D,S/D,0,S/D,S/D,S/D,0,S/D,S/D,S/D,0
111290,ÑAÑA,LIMA,LIMA,gfs,pp,20260902,20261001,"00Z,12Z",D1,6h,-0.006,0.035,-0.026,236,0.0,S/D,0.0,12,S/D,S/D,S/D,0,S/D,S/D,S/D,0,S/D,S/D,S/D,0
111290,ÑAÑA,LIMA,LIMA,eta5,pp,20260902,20261001,"00Z,12Z",D1,6h,-0.008,0.038,S/D,189,0.0,S/D,0.0,11,S/D,S/D,S/D,0,S/D,S/D,S/D,0,S/D,S/D,S/D,0
111290,ÑAÑA,LIMA,LIMA,wrf5,pp,20260902,20261001,"00Z,12Z",D1,6h,-0.007,0.035,0.098,233,0.0,S/D,0.0,12,S/D,S/D,S/D,0,S/D,S/D,S/D,0,S/D,S/D,S/D,0
111290,ÑAÑA,LIMA,LIMA,mpas15,pp,20260902,20261001,00Z,D1,6h,0.027,0.164,0.145,118,0.5,0.5,0.333,6,S/D,1.0,0.0,0,S/D,S/D,S/D,0,S/D,S/D,S/D,0
110139,PICOY,LIMA,OYON,ecmwf,pp,20260902,20261001,"00Z,12Z",D1,6h,0.668,1.325,-0.055,234,0.5,0.976,0.023,6,S/D,1.0,0.0,0,S/D,1.0,0.0,0,S/D,S/D,S/D,0
110139,PICOY,LIMA,OYON,gfs,pp,20260902,20261001,"00Z,12Z",D1,6h,0.509,1.234,-0.056,234,0.333,0.982,0.017,6,S/D,1.0,0.0,0,S/D,1.0,0.0,0,S/D,S/D,S/D,0
110139,PICOY,LIMA,OYON,eta5,pp,20260902,20261001,"00Z,12Z",D1,6h,1.376,2.771,-0.011,187,0.4,0.974,0.025,5,S/D,1.0,0.0,0,S/D,1.0,0.0,0,S/D,S/D,S/D,0
110139,PICOY,LIMA,OYON,wrf5,pp,20260902,20261001,"00Z,12Z",D1,6h,0.124,0.501,-0.04,231,0.167,0.97,0.026,6,S/D,1.0,0.0,0,S/D,S/D,S/D,0,S/D,S/D,S/D,0
110139,PICOY,LIMA,OYON,mpas15,pp,20260902,20261001,00Z,D1,6h,0.829,2.022,-0.159,117,0.0,1.0,0.0,3,S/D,1.0,0.0,0,S/D,1.0,0.0,0,S/D,S/D,S/D,0
472364DC,CARANIA,LIMA,YAUYOS,ecmwf,pp,20260902,20261001,"00Z,12Z",D1,6h,0.434,1.097,0.303,220,0.929,0.869,0.13,14,0.625,0.857,0.132,8,S/D,1.0,0.0,0,S/D,S/D,S/D,0
472364DC,CARANIA,LIMA,YAUYOS,gfs,pp,20260902,20261001,"00Z,12Z",D1,6h,0.636,1.465,0.32,220,1.0,0.891,0.109,14,0.625,0.896,0.098,8,S/D,1.0,0.0,0,S/D,S/D,S/D,0
472364DC,CARANIA,LIMA,YAUYOS,eta5,pp,20260902,20261001,"00Z,12Z",D1,6h,0.455,1.603,0.264,178,0.769,0.808,0.182,13,0.375,0.903,0.083,8,S/D,1.0,0.0,0,S/D,S/D,S/D,0
472364DC,CARANIA,LIMA,YAUYOS,wrf5,pp,20260902,20261001,"00Z,12Z",D1,6h,0.212,1.227,0.233,216,0.615,0.833,0.151,13,0.286,0.875,0.095,7,S/D,1.0,0.0,0,S/D,S/D,S/D,0
472364DC,CARANIA,LIMA,YAUYOS,mpas15,pp,20260902,20261001,00Z,D1,6h,0.74,1.93,0.333,110,0.857,0.838,0.158,7,0.75,0.885,0.111,4,S/D,1.0,0.0,0,S/D,S/D,S/D,0
104112,SAN REGIS,LORETO,LORETO,ecmwf,pp,20260902,20261001,"00Z,12Z",D1,6h,0.664,2.703,0.247,94,0.833,0.884,0.114,6,0.5,0.842,0.136,6,0.5,0.75,0.2,4,S/D,S/D,S/D,0
104112,SAN REGIS,LORETO,LORETO,gfs,pp,20260902,20261001,"00Z,12Z",D1,6h,0.234,2.039,0.011,94,0.333,0.946,0.049,6,0.333,0.867,0.105,6,0.0,1.0,0.0,4,S/D,S/D,S/D,0
104112,SAN REGIS,LORETO,LORETO,eta5,pp,20260902,20261001,"00Z,12Z",D1,6h,1.817,4.35,0.219,79,1.0,0.857,0.143,5,0.8,0.867,0.129,5,0.0,1.0,0.0,3,S/D,S/D,S/D,0
104112,SAN REGIS,LORETO,LORETO,wrf5,pp,20260902,20261001,"00Z,12Z",D1,6h,0.17,2.503,0.074,93,0.4,0.889,0.095,5,0.2,0.875,0.083,5,0.0,1.0,0.0,4,S/D,S/D,S/D,0
104112,SAN REGIS,LORETO,LORETO,mpas15,pp,20260902,20261001,00Z,D1,6h,0.857,3.17,0.275,47,1.0,0.85,0.15,3,0.667,0.818,0.167,3,0.5,0.667,0.25,2,S/D,S/D,S/D,0
4727547C,CABALLOCOCHA,LORETO,MARISCAL RAMON CASTILLA,ecmwf,pp,20260902,20261001,"00Z,12Z",D1,6h,S/D,S/D,S/D,0,S/D,S/D,S/D,0,S/D,S/D,S/D,0,S/D,S/D,S/D,0,S/D,S/D,S/D,0
4727547C,CABALLOCOCHA,LORETO,MARISCAL RAMON CASTILLA,gfs,pp,20260902,20261001,"00Z,12Z",D1,6h,S/D,S/D,S/D,0,S/D,S/D,S/D,0,S/D,S/D,S/D,0,S/D,S/D,S/D,0,S/D,S/D,S/D,0
4727547C,CABALLOCOCHA,LORETO,MARISCAL RAMON CASTILLA,eta5,pp,20260902,20261001,"00Z,12Z",D1,6h,S/D,S/D,S/D,0,S/D,S/D,S/D,0,S/D,S/D,S/D,0,S/D,S/D,S/D,0,S/D,S/D,S/D,0
4727547C,CABALLOCOCHA,LORETO,MARISCAL RAMON CASTILLA,wrf5,pp,20260902,20261001,"00Z,12Z",D1,6h,S/D,S/D,S/D,0,S/D,S/D,S/D,0,S/D,S/D,S/D,0,S/D,S/D,S/D,0,S/D,S/D,S/D,0
4727547C,CABALLOCOCHA,LORETO,MARISCAL RAMON CASTILLA,mpas15,pp,20260902,20261001,00Z,D1,6h,S/D,S/D,S/D,0,S/D,S/D,S/D,0,S/D,S/D,S/D,0,S/D,S/D,S/D,0,S/D,S/D,S/D,0
47288486,PEBAS,LORETO,MARISCAL RAMON CASTILLA,ecmwf,pp,20260902,20261001,"00Z,12Z",D1,6h,S/D,S/D,S/D,0,S/D,S/D,S/D,0,S/D,S/D,S/D,0,S/D,S/D,S/D,0,S/D,S/D,S/D,0
47288486,PEBAS,LORETO,MARISCAL RAMON CASTILLA,gfs,pp,20260902,20261001,"00Z,12Z",D1,6h,S/D,S/D,S/D,0,S/D,S/D,S/D,0,S/D,S/D,S/D,0,S/D,S/D,S/D,0,S/D,S/D,S/D,0
47288486,PEBAS,LORETO,MARISCAL RAMON CASTILLA,eta5,pp,20260902,20261001,"00Z,12Z",D1,6h,S/D,S/D,S/D,0,S/D,S/D,S/D,0,S/D,S/D,S/D,0,S/D,S/D,S/D,0,S/D,S/D,S/D,0
47288486,PEBAS,LORETO,MARISCAL RAMON CASTILLA,wrf5,pp,20260902,20261001,"00Z,12Z",D1,6h,S/D,S/D,S/D,0,S/D,S/D,S/D,0,S/D,S/D,S/D,0,S/D,S/D,S/D,0,S/D,S/D,S/D,0
47288486,PEBAS,LORETO,MARISCAL RAMON CASTILLA,mpas15,pp,20260902,20261001,00Z,D1,6h,S/D,S/D,S/D,0,S/D,S/D,S/D,0,S/D,S/D,S/D,0,S/D,S/D,S/D,0,S/D,S/D,S/D,0
103065,AMAZONAS,LORETO,MAYNAS,ecmwf,pp,20260902,20261001,"00Z,12Z",D1,6h,S/D,S/D,S/D,0,S/D,S/D,S/D,0,S/D,S/D,S/D,0,S/D,S/D,S/D,0,S/D,S/D,S/D,0
103065,AMAZONAS,LORETO,MAYNAS,gfs,pp,20260902,20261001,"00Z,12Z",D1,6h,S/D,S/D,S/D,0,S/D,S/D,S/D,0,S/D,S/D,S/D,0,S/D,S/D,S/D,0,S/D,S/D,S/D,0
103065,AMAZONAS,LORETO,MAYNAS,eta5,pp,20260902,20261001,"00Z,12Z",D1,6h,S/D,S/D,S/D,0,S/D,S/D,S/D,0,S/D,S/D,S/D,0,S/D,S/D,S/D,0,S/D,S/D,S/D,0
103065,AMAZONAS,LORETO,MAYNAS,wrf5,pp,20260902,20261001,"00Z,12Z",D1,6h,S/D,S/D,S/D,0,S/D,S/D,S/D,0,S/D,S/D,S/D,0,S/D,S/D,S/D,0,S/D,S/D,S/D,0
103065,AMAZONAS,LORETO,MAYNAS,mpas15,pp,20260902,20261001,00Z,D1,6h,S/D,S/D,S/D,0,S/D,S/D,S/D,0,S/D,S/D,S/D,0,S/D,S/D,S/D,0,S/D,S/D,S/D,0
47252718,ENAPU PERU,LORETO,MAYNAS,ecmwf,pp,20260902,20261001,"00Z,12Z",D1,6h,0.566,3.311,0.081,226,0.594,0.858,0.129,32,0.455,0.853,0.125,22,0.0,1.0,0.0,10,S/D,S/D,S/D,0
47252718,ENAPU PERU,LORETO,MAYNAS,gfs,pp,20260902,20261001,"00Z,12Z",D1,6h,0.346,3.852,0.145,226,0.562,0.812,0.164,32,0.318,0.851,0.113,22,0.2,0.846,0.095,10,S/D,1.0,0.0,0
47252718,ENAPU PERU,LORETO,MAYNAS,eta5,pp,20260902,20261001,"00Z,12Z",D1,6h,1.383,5.151,0.114,183,0.6,0.805,0.172,25,0.353,0.9,0.085,17,0.125,0.964,0.029,8,S/D,1.0,0.0,0
47252718,ENAPU PERU,LORETO,MAYNAS,wrf5,pp,20260902,20261001,"00Z,12Z",D1,6h,0.854,6.985,0.122,222,0.469,0.758,0.19,32,0.182,0.871,0.082,22,0.1,0.917,0.048,10,S/D,1.0,0.0,0
47252718,ENAPU PERU,LORETO,MAYNAS,mpas15,pp,20260902,20261001,00Z,D1,6h,0.504,3.369,-0.164,113,0.25,0.923,0.062,16,0.182,0.946,0.043,11,0.0,1.0,0.0,5,S/D,S/D,S/D,0
47287402,CONTAMANA,LORETO,UCAYALI,ecmwf,pp,20260902,20261001,"00Z,12Z",D1,6h,S/D,S/D,S/D,0,S/D,S/D,S/D,0,S/D,S/D,S/D,0,S/D,S/D,S/D,0,S/D,S/D,S/D,0
47287402,CONTAMANA,LORETO,UCAYALI,gfs,pp,20260902,20261001,"00Z,12Z",D1,6h,S/D,S/D,S/D,0,S/D,S/D,S/D,0,S/D,S/D,S/D,0,S/D,S/D,S/D,0,S/D,S/D,S/D,0
47287402,CONTAMANA,LORETO,UCAYALI,eta5,pp,20260902,20261001,"00Z,12Z",D1,6h,S/D,S/D,S/D,0,S/D,S/D,S/D,0,S/D,S/D,S/D,0,S/D,S/D,S/D,0,S/D,S/D,S/D,0
47287402,CONTAMANA,LORETO,UCAYALI,wrf5,pp,20260902,20261001,"00Z,12Z",D1,6h,S/D,S/D,S/D,0,S/D,S/D,S/D,0,S/D,S/D,S/D,0,S/D,S/D,S/D,0,S/D,S/D,S/D,0
47287402,CONTAMANA,LORETO,UCAYALI,mpas15,pp,20260902,20261001,00Z,D1,6h,S/D,S/D,S/D,0,S/D,S/D,S/D,0,S/D,S/D,S/D,0,S/D,S/D,S/D,0,S/D,S/D,S/D,0
47E8201A,SALVACION,MADRE DE DIOS,MANU,ecmwf,pp,20260902,20261001,"00Z,12Z",D1,6h,-0.956,8.118,0.417,234,0.81,0.605,0.362,58,0.575,0.582,0.319,40,0.45,0.438,0.333,20,0.125,0.667,0.1,8
47E8201A,SALVACION,MADRE DE DIOS,MANU,gfs,pp,20260902,20261001,"00Z,12Z",D1,6h,-1.109,7.843,0.398,234,0.759,0.617,0.341,58,0.5,0.667,0.25,40,0.25,0.667,0.167,20,0.0,S/D,0.0,8
47E8201A,SALVACION,MADRE DE DIOS,MANU,eta5,pp,20260902,20261001,"00Z,12Z",D1,6h,-0.014,9.074,0.319,187,0.778,0.656,0.313,54,0.711,0.697,0.27,38,0.579,0.694,0.25,19,0.0,S/D,0.0,8
47E8201A,SALVACION,MADRE DE DIOS,MANU,wrf5,pp,20260902,20261001,"00Z,12Z",D1,6h,-1.255,9.845,0.297,231,0.446,0.528,0.298,56,0.368,0.517,0.264,38,0.2,0.556,0.16,20,0.0,1.0,0.0,8
47E8201A,SALVACION,MADRE DE DIOS,MANU,mpas15,pp,20260902,20261001,00Z,D1,6h,1.209,10.094,0.239,117,0.69,0.706,0.26,29,0.8,0.733,0.25,20,0.5,0.783,0.179,10,0.0,1.0,0.0,4
472587E0,IÑAPARI,MADRE DE DIOS,TAHUAMANU,ecmwf,pp,20260902,20261001,"00Z,12Z",D1,6h,-0.573,7.145,0.34,220,0.792,0.782,0.207,24,0.786,0.711,0.268,14,0.571,0.5,0.364,14,0.0,S/D,0.0,4
472587E0,IÑAPARI,MADRE DE DIOS,TAHUAMANU,gfs,pp,20260902,20261001,"00Z,12Z",D1,6h,-1.046,7.542,0.41,220,0.667,0.692,0.267,24,0.571,0.579,0.32,14,0.286,0.333,0.25,14,0.0,1.0,0.0,4
472587E0,IÑAPARI,MADRE DE DIOS,TAHUAMANU,eta5,pp,20260902,20261001,"00Z,12Z",D1,6h,-1.057,8.38,0.488,177,0.75,0.609,0.346,24,0.714,0.677,0.286,14,0.429,0.333,0.353,14,0.0,1.0,0.0,4
472587E0,IÑAPARI,MADRE DE DIOS,TAHUAMANU,wrf5,pp,20260902,20261001,"00Z,12Z",D1,6h,-1.44,8.026,0.348,216,0.333,0.579,0.229,24,0.143,0.714,0.105,14,0.0,1.0,0.0,14,0.0,S/D,0.0,4
472587E0,IÑAPARI,MADRE DE DIOS,TAHUAMANU,mpas15,pp,20260902,20261001,00Z,D1,6h,-0.148,5.406,0.439,110,0.833,0.697,0.286,12,1.0,0.774,0.226,7,0.714,0.375,0.5,7,0.0,S/D,0.0,2
260403,CACHUELA,MADRE DE DIOS,TAMBOPATA,ecmwf,pp,20260902,20261001,"00Z,12Z",D1,6h,0.369,3.683,0.289,236,1.0,0.915,0.085,8,0.75,0.914,0.083,4,0.5,0.909,0.083,2,0.0,S/D,0.0,2
260403,CACHUELA,MADRE DE DIOS,TAMBOPATA,gfs,pp,20260902,20261001,"00Z,12Z",D1,6h,0.225,4.876,0.311,236,0.875,0.875,0.123,8,0.5,0.929,0.067,4,0.0,1.0,0.0,2,0.0,1.0,0.0,2
260403,CACHUELA,MADRE DE DIOS,TAMBOPATA,eta5,pp,20260902,20261001,"00Z,12Z",D1,6h,0.265,4.325,0.292,189,0.75,0.85,0.143,8,0.5,0.926,0.069,4,0.0,1.0,0.0,2,0.0,S/D,0.0,2
260403,CACHUELA,MADRE DE DIOS,TAMBOPATA,wrf5,pp,20260902,20261001,"00Z,12Z",D1,6h,-0.162,4.127,0.032,233,0.125,0.933,0.045,8,0.0,1.0,0.0,4,0.0,1.0,0.0,2,0.0,1.0,0.0,2
260403,CACHUELA,MADRE DE DIOS,TAMBOPATA,mpas15,pp,20260902,20261001,00Z,D1,6h,0.864,4.447,0.267,118,1.0,0.895,0.105,4,0.5,0.971,0.029,2,0.0,1.0,0.0,1,0.0,S/D,0.0,1
47E8336C,MALINOWSKY,MADRE DE DIOS,TAMBOPATA,ecmwf,pp,20260902,20261001,"00Z,12Z",D1,6h,0.309,4.41,0.323,236,0.812,0.866,0.13,16,0.875,0.811,0.184,8,1.0,0.833,0.167,2,0.0,S/D,0.0,2
47E8336C,MALINOWSKY,MADRE DE DIOS,TAMBOPATA,gfs,pp,20260902,20261001,"00Z,12Z",D1,6h,0.004,4.159,0.269,236,0.688,0.81,0.175,16,0.5,0.857,0.125,8,0.5,0.833,0.143,2,0.0,S/D,0.0,2
47E8336C,MALINOWSKY,MADRE DE DIOS,TAMBOPATA,eta5,pp,20260902,20261001,"00Z,12Z",D1,6h,0.477,5.703,0.317,189,0.688,0.766,0.212,16,0.75,0.812,0.176,8,0.5,0.929,0.067,2,0.0,1.0,0.0,2
47E8336C,MALINOWSKY,MADRE DE DIOS,TAMBOPATA,wrf5,pp,20260902,20261001,"00Z,12Z",D1,6h,-0.371,4.541,0.148,233,0.25,0.714,0.154,16,0.125,0.8,0.083,8,0.0,1.0,0.0,2,0.0,S/D,0.0,2
47E8336C,MALINOWSKY,MADRE DE DIOS,TAMBOPATA,mpas15,pp,20260902,20261001,00Z,D1,6h,1.376,4.807,0.279,118,0.75,0.864,0.13,8,1.0,0.895,0.105,4,1.0,0.95,0.05,1,0.0,S/D,0.0,1
260402,PUENTE HERRERA,MADRE DE DIOS,TAMBOPATA,ecmwf,pp,20260902,20261001,"00Z,12Z",D1,6h,0.722,2.211,S/D,234,S/D,1.0,0.0,0,S/D,1.0,0.0,0,S/D,1.0,0.0,0,S/D,S/D,S/D,0
260402,PUENTE HERRERA,MADRE DE DIOS,TAMBOPATA,gfs,pp,20260902,20261001,"00Z,12Z",D1,6h,0.566,3.618,S/D,234,S/D,1.0,0.0,0,S/D,1.0,0.0,0,S/D,1.0,0.0,0,S/D,1.0,0.0,0
260402,PUENTE HERRERA,MADRE DE DIOS,TAMBOPATA,eta5,pp,20260902,20261001,"00Z,12Z",D1,6h,0.683,2.204,S/D,187,S/D,1.0,0.0,0,S/D,1.0,0.0,0,S/D,1.0,0.0,0,S/D,S/D,S/D,0
260402,PUENTE HERRERA,MADRE DE DIOS,TAMBOPATA,wrf5,pp,20260902,20261001,"00Z,12Z",D1,6h,0.192,2.28,S/D,231,S/D,1.0,0.0,0,S/D,1.0,0.0,0,S/D,1.0,0.0,0,S/D,1.0,0.0,0
260402,PUENTE HERRERA,MADRE DE DIOS,TAMBOPATA,mpas15,pp,20260902,20261001,00Z,D1,6h,1.222,3.055,S/D,117,S/D,1.0,0.0,0,S/D,1.0,0.0,0,S/D,1.0,0.0,0,S/D,S/D,S/D,0
112279,PUERTO MALDONADO,MADRE DE DIOS,TAMBOPATA,ecmwf,pp,20260902,20261001,"00Z,12Z",D1,6h,0.577,2.244,0.23,238,0.75,0.904,0.093,12,0.75,0.914,0.083,4,0.5,0.909,0.083,2,S/D,S/D,S/D,0
112279,PUERTO MALDONADO,MADRE DE DIOS,TAMBOPATA,gfs,pp,20260902,20261001,"00Z,12Z",D1,6h,0.434,3.729,0.298,238,0.667,0.86,0.131,12,0.5,0.929,0.067,4,0.0,1.0,0.0,2,S/D,1.0,0.0,0
112279,PUERTO MALDONADO,MADRE DE DIOS,TAMBOPATA,eta5,pp,20260902,20261001,"00Z,12Z",D1,6h,0.525,2.447,0.219,191,0.583,0.825,0.156,12,0.5,0.926,0.069,4,0.0,1.0,0.0,2,S/D,S/D,S/D,0
112279,PUERTO MALDONADO,MADRE DE DIOS,TAMBOPATA,wrf5,pp,20260902,20261001,"00Z,12Z",D1,6h,0.113,3.324,-0.036,234,0.083,0.929,0.04,12,0.0,1.0,0.0,4,0.0,1.0,0.0,2,S/D,1.0,0.0,0
112279,PUERTO MALDONADO,MADRE DE DIOS,TAMBOPATA,mpas15,pp,20260902,20261001,00Z,D1,6h,1.068,3.151,0.186,119,0.667,0.895,0.1,6,0.5,0.971,0.029,2,0.0,1.0,0.0,1,S/D,S/D,S/D,0
260002,TAMBOPATA,MADRE DE DIOS,TAMBOPATA,ecmwf,pp,20260902,20261001,"00Z,12Z",D1,6h,S/D,S/D,S/D,0,S/D,S/D,S/D,0,S/D,S/D,S/D,0,S/D,S/D,S/D,0,S/D,S/D,S/D,0
260002,TAMBOPATA,MADRE DE DIOS,TAMBOPATA,gfs,pp,20260902,20261001,"00Z,12Z",D1,6h,S/D,S/D,S/D,0,S/D,S/D,S/D,0,S/D,S/D,S/D,0,S/D,S/D,S/D,0,S/D,S/D,S/D,0
260002,TAMBOPATA,MADRE DE DIOS,TAMBOPATA,eta5,pp,20260902,20261001,"00Z,12Z",D1,6h,S/D,S/D,S/D,0,S/D,S/D,S/D,0,S/D,S/D,S/D,0,S/D,S/D,S/D,0,S/D,S/D,S/D,0
260002,TAMBOPATA,MADRE DE DIOS,TAMBOPATA,wrf5,pp,20260902,20261001,"00Z,12Z",D1,6h,S/D,S/D,S/D,0,S/D,S/D,S/D,0,S/D,S/D,S/D,0,S/D,S/D,S/D,0,S/D,S/D,S/D,0
260002,TAMBOPATA,MADRE DE DIOS,TAMBOPATA,mpas15,pp,20260902,20261001,00Z,D1,6h,S/D,S/D,S/D,0,S/D,S/D,S/D,0,S/D,S/D,S/D,0,S/D,S/D,S/D,0,S/D,S/D,S/D,0
4723F1BE,MOQUEGUA,MOQUEGUA,MARISCAL NIETO,ecmwf,pp,20260902,20261001,"00Z,12Z",D1,6h,0.006,0.028,S/D,236,S/D,1.0,0.0,0,S/D,S/D,S/D,0,S/D,S/D,S/D,0,S/D,S/D,S/D,0
4723F1BE,MOQUEGUA,MOQUEGUA,MARISCAL NIETO,gfs,pp,20260902,20261001,"00Z,12Z",D1,6h,0.001,0.006,S/D,236,S/D,S/D,S/D,0,S/D,S/D,S/D,0,S/D,S/D,S/D,0,S/D,S/D,S/D,0
4723F1BE,MOQUEGUA,MOQUEGUA,MARISCAL NIETO,eta5,pp,20260902,20261001,"00Z,12Z",D1,6h,0.0,0.0,S/D,189,S/D,S/D,S/D,0,S/D,S/D,S/D,0,S/D,S/D,S/D,0,S/D,S/D,S/D,0
4723F1BE,MOQUEGUA,MOQUEGUA,MARISCAL NIETO,wrf5,pp,20260902,20261001,"00Z,12Z",D1,6h,0.0,0.002,S/D,232,S/D,S/D,S/D,0,S/D,S/D,S/D,0,S/D,S/D,S/D,0,S/D,S/D,S/D,0
4723F1BE,MOQUEGUA,MOQUEGUA,MARISCAL NIETO,mpas15,pp,20260902,20261001,00Z,D1,6h,0.0,0.0,S/D,118,S/D,S/D,S/D,0,S/D,S/D,S/D,0,S/D,S/D,S/D,0,S/D,S/D,S/D,0
110137,12 DE OCTUBRE,PASCO,DANIEL ALCIDES CARRION,ecmwf,pp,20260902,20261001,"00Z,12Z",D1,6h,0.37,1.415,0.276,234,0.7,0.745,0.23,40,0.5,0.886,0.102,10,0.0,1.0,0.0,2,S/D,S/D,S/D,0
110137,12 DE OCTUBRE,PASCO,DANIEL ALCIDES CARRION,gfs,pp,20260902,20261001,"00Z,12Z",D1,6h,0.466,1.351,0.392,234,0.975,0.764,0.235,40,0.8,0.84,0.154,10,0.0,1.0,0.0,2,S/D,S/D,S/D,0
110137,12 DE OCTUBRE,PASCO,DANIEL ALCIDES CARRION,eta5,pp,20260902,20261001,"00Z,12Z",D1,6h,0.197,1.213,0.373,187,0.788,0.671,0.302,33,0.556,0.828,0.152,9,0.0,S/D,0.0,2,S/D,S/D,S/D,0
110137,12 DE OCTUBRE,PASCO,DANIEL ALCIDES CARRION,wrf5,pp,20260902,20261001,"00Z,12Z",D1,6h,0.137,1.427,0.416,231,0.575,0.531,0.348,40,0.5,0.773,0.185,10,0.0,1.0,0.0,2,S/D,S/D,S/D,0
110137,12 DE OCTUBRE,PASCO,DANIEL ALCIDES CARRION,mpas15,pp,20260902,20261001,00Z,D1,6h,0.92,2.373,0.239,117,0.7,0.725,0.246,20,0.6,0.925,0.071,5,0.0,1.0,0.0,1,S/D,S/D,S/D,0
4725D79C,OXAPAMPA,PASCO,OXAPAMPA,ecmwf,pp,20260902,20261001,"00Z,12Z",D1,6h,0.581,2.717,0.172,236,0.833,0.676,0.304,66,0.632,0.798,0.18,38,0.083,0.857,0.056,12,S/D,S/D,S/D,0
4725D79C,OXAPAMPA,PASCO,OXAPAMPA,gfs,pp,20260902,20261001,"00Z,12Z",D1,6h,1.275,2.98,0.232,236,0.955,0.677,0.318,66,0.842,0.763,0.227,38,0.333,0.833,0.125,12,S/D,S/D,S/D,0
4725D79C,OXAPAMPA,PASCO,OXAPAMPA,eta5,pp,20260902,20261001,"00Z,12Z",D1,6h,-0.661,2.662,0.007,189,0.327,0.673,0.196,55,0.031,0.917,0.023,32,0.0,S/D,0.0,12,S/D,S/D,S/D,0
4725D79C,OXAPAMPA,PASCO,OXAPAMPA,wrf5,pp,20260902,20261001,"00Z,12Z",D1,6h,-0.169,2.162,0.287,233,0.516,0.598,0.292,64,0.297,0.756,0.155,37,0.167,0.714,0.118,12,S/D,S/D,S/D,0
4725D79C,OXAPAMPA,PASCO,OXAPAMPA,mpas15,pp,20260902,20261001,00Z,D1,6h,0.566,2.854,0.157,118,0.606,0.661,0.278,33,0.474,0.827,0.145,19,0.0,1.0,0.0,6,S/D,S/D,S/D,0
109093,PUERTO BERMUDEZ,PASCO,OXAPAMPA,ecmwf,pp,20260902,20261001,"00Z,12Z",D1,6h,-0.461,9.316,0.343,234,0.883,0.677,0.31,60,0.605,0.693,0.256,38,0.292,0.75,0.156,24,0.0,S/D,0.0,4
109093,PUERTO BERMUDEZ,PASCO,OXAPAMPA,gfs,pp,20260902,20261001,"00Z,12Z",D1,6h,-0.791,9.282,0.196,234,0.7,0.725,0.246,60,0.579,0.728,0.227,38,0.333,0.667,0.2,24,0.0,S/D,0.0,4
109093,PUERTO BERMUDEZ,PASCO,OXAPAMPA,eta5,pp,20260902,20261001,"00Z,12Z",D1,6h,-0.249,9.558,0.157,187,0.627,0.698,0.256,51,0.576,0.782,0.188,33,0.35,0.781,0.156,20,0.0,S/D,0.0,3
109093,PUERTO BERMUDEZ,PASCO,OXAPAMPA,wrf5,pp,20260902,20261001,"00Z,12Z",D1,6h,-1.857,9.334,0.353,231,0.417,0.39,0.329,60,0.211,0.652,0.151,38,0.167,0.5,0.143,24,0.0,1.0,0.0,4
109093,PUERTO BERMUDEZ,PASCO,OXAPAMPA,mpas15,pp,20260902,20261001,00Z,D1,6h,-0.236,9.412,0.301,117,0.767,0.646,0.319,30,0.632,0.769,0.203,19,0.333,0.765,0.16,12,0.0,1.0,0.0,2
104114,ALTO DE POCLUS,PIURA,AYABACA,ecmwf,pp,20260902,20261001,"00Z,12Z",D1,6h,1.68,1.859,S/D,4,S/D,1.0,0.0,0,S/D,1.0,0.0,0,S/D,S/D,S/D,0,S/D,S/D,S/D,0
104114,ALTO DE POCLUS,PIURA,AYABACA,gfs,pp,20260902,20261001,"00Z,12Z",D1,6h,5.0,9.161,S/D,4,S/D,1.0,0.0,0,S/D,1.0,0.0,0,S/D,1.0,0.0,0,S/D,S/D,S/D,0
104114,ALTO DE POCLUS,PIURA,AYABACA,eta5,pp,20260902,20261001,"00Z,12Z",D1,6h,0.0,0.0,S/D,3,S/D,S/D,S/D,0,S/D,S/D,S/D,0,S/D,S/D,S/D,0,S/D,S/D,S/D,0
104114,ALTO DE POCLUS,PIURA,AYABACA,wrf5,pp,20260902,20261001,"00Z,12Z",D1,6h,1.809,2.616,S/D,4,S/D,1.0,0.0,0,S/D,1.0,0.0,0,S/D,S/D,S/D,0,S/D,S/D,S/D,0
104114,ALTO DE POCLUS,PIURA,AYABACA,mpas15,pp,20260902,20261001,00Z,D1,6h,1.5,2.121,S/D,2,S/D,1.0,0.0,0,S/D,1.0,0.0,0,S/D,S/D,S/D,0,S/D,S/D,S/D,0
47E9177A,EL CIRUELO,PIURA,AYABACA,ecmwf,pp,20260902,20261001,"00Z,12Z",D1,6h,0.893,2.521,0.322,230,0.853,0.752,0.238,34,0.667,0.911,0.085,6,0.0,1.0,0.0,2,S/D,S/D,S/D,0
47E9177A,EL CIRUELO,PIURA,AYABACA,gfs,pp,20260902,20261001,"00Z,12Z",D1,6h,0.409,1.241,0.265,230,0.618,0.759,0.21,34,0.667,0.871,0.121,6,0.5,0.8,0.167,2,S/D,S/D,S/D,0
47E9177A,EL CIRUELO,PIURA,AYABACA,eta5,pp,20260902,20261001,"00Z,12Z",D1,6h,2.103,4.574,0.175,185,0.773,0.813,0.177,22,0.75,0.952,0.047,4,0.0,1.0,0.0,2,S/D,S/D,S/D,0
47E9177A,EL CIRUELO,PIURA,AYABACA,wrf5,pp,20260902,20261001,"00Z,12Z",D1,6h,0.455,3.197,0.191,227,0.353,0.727,0.182,34,0.667,0.789,0.19,6,1.0,0.667,0.333,2,S/D,1.0,0.0,0
47E9177A,EL CIRUELO,PIURA,AYABACA,mpas15,pp,20260902,20261001,00Z,D1,6h,0.647,2.363,0.163,115,0.471,0.758,0.19,17,0.333,0.957,0.04,3,0.0,1.0,0.0,1,S/D,S/D,S/D,0
47E281B0,HUALCUY,PIURA,AYABACA,ecmwf,pp,20260902,20261001,"00Z,12Z",D1,6h,0.444,2.323,0.15,234,0.667,0.827,0.159,36,0.571,0.843,0.14,14,0.5,0.455,0.353,12,S/D,S/D,S/D,0
47E281B0,HUALCUY,PIURA,AYABACA,gfs,pp,20260902,20261001,"00Z,12Z",D1,6h,0.016,1.866,0.175,234,0.694,0.779,0.202,36,0.571,0.742,0.216,14,0.417,0.167,0.385,12,S/D,S/D,S/D,0
47E281B0,HUALCUY,PIURA,AYABACA,eta5,pp,20260902,20261001,"00Z,12Z",D1,6h,-0.234,2.239,0.099,188,0.276,0.771,0.143,29,0.273,0.769,0.143,11,0.1,0.5,0.091,10,S/D,S/D,S/D,0
47E281B0,HUALCUY,PIURA,AYABACA,wrf5,pp,20260902,20261001,"00Z,12Z",D1,6h,-0.232,1.829,0.263,230,0.278,0.63,0.189,36,0.5,0.5,0.333,14,0.333,0.0,0.333,12,S/D,S/D,S/D,0
47E281B0,HUALCUY,PIURA,AYABACA,mpas15,pp,20260902,20261001,00Z,D1,6h,0.458,2.455,0.152,117,0.444,0.733,0.2,18,0.571,0.833,0.148,7,0.667,0.429,0.444,6,S/D,S/D,S/D,0
472FC5B8,PAIMAS,PIURA,AYABACA,ecmwf,pp,20260902,20261001,"00Z,12Z",D1,6h,0.939,1.906,0.244,238,0.85,0.89,0.108,20,1.0,0.919,0.081,6,1.0,0.857,0.143,2,S/D,S/D,S/D,0
472FC5B8,PAIMAS,PIURA,AYABACA,gfs,pp,20260902,20261001,"00Z,12Z",D1,6h,0.425,1.901,0.201,238,0.7,0.863,0.13,20,0.667,0.9,0.095,6,0.0,1.0,0.0,2,S/D,S/D,S/D,0
472FC5B8,PAIMAS,PIURA,AYABACA,eta5,pp,20260902,20261001,"00Z,12Z",D1,6h,0.794,2.009,0.007,191,0.385,0.934,0.06,13,0.333,0.974,0.025,3,1.0,0.909,0.091,1,S/D,S/D,S/D,0
472FC5B8,PAIMAS,PIURA,AYABACA,wrf5,pp,20260902,20261001,"00Z,12Z",D1,6h,-0.115,1.309,0.084,234,0.1,0.875,0.059,20,0.167,0.75,0.111,6,0.0,1.0,0.0,2,S/D,S/D,S/D,0
472FC5B8,PAIMAS,PIURA,AYABACA,mpas15,pp,20260902,20261001,00Z,D1,6h,0.348,1.433,0.244,119,0.6,0.824,0.158,10,1.0,0.875,0.125,3,0.0,1.0,0.0,1,S/D,S/D,S/D,0
47E0C74E,PUENTE MACARA,PIURA,AYABACA,ecmwf,pp,20260902,20261001,"00Z,12Z",D1,6h,0.59,1.671,0.205,232,1.0,0.966,0.034,4,S/D,1.0,0.0,0,S/D,1.0,0.0,0,S/D,S/D,S/D,0
47E0C74E,PUENTE MACARA,PIURA,AYABACA,gfs,pp,20260902,20261001,"00Z,12Z",D1,6h,0.243,0.882,0.254,232,1.0,0.932,0.068,4,S/D,1.0,0.0,0,S/D,1.0,0.0,0,S/D,S/D,S/D,0
47E0C74E,PUENTE MACARA,PIURA,AYABACA,eta5,pp,20260902,20261001,"00Z,12Z",D1,6h,2.642,5.192,0.207,186,1.0,0.969,0.031,3,S/D,1.0,0.0,0,S/D,1.0,0.0,0,S/D,S/D,S/D,0
47E0C74E,PUENTE MACARA,PIURA,AYABACA,wrf5,pp,20260902,20261001,"00Z,12Z",D1,6h,0.093,0.519,0.158,228,0.5,0.909,0.083,4,S/D,1.0,0.0,0,S/D,1.0,0.0,0,S/D,S/D,S/D,0
47E0C74E,PUENTE MACARA,PIURA,AYABACA,mpas15,pp,20260902,20261001,00Z,D1,6h,1.063,2.711,0.156,116,1.0,0.956,0.044,2,S/D,1.0,0.0,0,S/D,1.0,0.0,0,S/D,S/D,S/D,0
472FF022,SAPILLICA,PIURA,AYABACA,ecmwf,pp,20260902,20261001,"00Z,12Z",D1,6h,0.627,3.145,0.314,236,0.718,0.634,0.32,78,1.0,0.865,0.135,10,1.0,0.714,0.286,4,0.0,S/D,0.0,2
472FF022,SAPILLICA,PIURA,AYABACA,gfs,pp,20260902,20261001,"00Z,12Z",D1,6h,0.11,3.578,0.301,236,0.577,0.559,0.333,78,0.6,0.85,0.136,10,0.0,1.0,0.0,4,0.0,S/D,0.0,2
472FF022,SAPILLICA,PIURA,AYABACA,eta5,pp,20260902,20261001,"00Z,12Z",D1,6h,0.131,2.814,0.177,189,0.39,0.574,0.256,59,0.429,0.889,0.097,7,0.5,0.75,0.2,2,0.0,S/D,0.0,1
472FF022,SAPILLICA,PIURA,AYABACA,wrf5,pp,20260902,20261001,"00Z,12Z",D1,6h,-0.397,3.416,0.363,232,0.218,0.261,0.202,78,0.0,1.0,0.0,10,0.0,S/D,0.0,4,0.0,S/D,0.0,2
472FF022,SAPILLICA,PIURA,AYABACA,mpas15,pp,20260902,20261001,00Z,D1,6h,0.079,3.319,0.172,118,0.41,0.579,0.262,39,0.8,0.84,0.154,5,0.0,1.0,0.0,2,0.0,S/D,0.0,1
472F86B2,CANCHAQUE,PIURA,HUANCABAMBA,ecmwf,pp,20260902,20261001,"00Z,12Z",D1,6h,0.361,1.283,0.219,236,0.569,0.634,0.287,72,0.667,0.758,0.216,12,1.0,0.667,0.333,2,S/D,S/D,S/D,0
472F86B2,CANCHAQUE,PIURA,HUANCABAMBA,gfs,pp,20260902,20261001,"00Z,12Z",D1,6h,0.342,1.406,0.383,236,0.681,0.538,0.38,72,0.667,0.758,0.216,12,0.0,1.0,0.0,2,S/D,S/D,S/D,0
472F86B2,CANCHAQUE,PIURA,HUANCABAMBA,eta5,pp,20260902,20261001,"00Z,12Z",D1,6h,0.17,1.178,0.338,190,0.5,0.5,0.333,56,0.5,0.8,0.167,10,0.0,1.0,0.0,1,S/D,S/D,S/D,0
472F86B2,CANCHAQUE,PIURA,HUANCABAMBA,wrf5,pp,20260902,20261001,"00Z,12Z",D1,6h,-0.189,1.092,0.356,232,0.183,0.278,0.171,71,0.167,0.6,0.133,12,0.0,S/D,0.0,2,S/D,S/D,S/D,0
472F86B2,CANCHAQUE,PIURA,HUANCABAMBA,mpas15,pp,20260902,20261001,00Z,D1,6h,0.33,1.373,0.08,118,0.278,0.6,0.196,36,0.667,0.789,0.19,6,1.0,0.75,0.25,1,S/D,S/D,S/D,0
472FE354,HUANCABAMBA,PIURA,HUANCABAMBA,ecmwf,pp,20260902,20261001,"00Z,12Z",D1,6h,0.79,2.104,0.173,238,0.786,0.831,0.162,28,S/D,1.0,0.0,0,S/D,1.0,0.0,0,S/D,S/D,S/D,0
472FE354,HUANCABAMBA,PIURA,HUANCABAMBA,gfs,pp,20260902,20261001,"00Z,12Z",D1,6h,0.611,1.48,0.023,238,0.571,0.868,0.12,28,S/D,1.0,0.0,0,S/D,1.0,0.0,0,S/D,S/D,S/D,0
472FE354,HUANCABAMBA,PIURA,HUANCABAMBA,eta5,pp,20260902,20261001,"00Z,12Z",D1,6h,0.168,0.85,-0.008,191,0.133,0.952,0.036,15,S/D,1.0,0.0,0,S/D,1.0,0.0,0,S/D,S/D,S/D,0
472FE354,HUANCABAMBA,PIURA,HUANCABAMBA,wrf5,pp,20260902,20261001,"00Z,12Z",D1,6h,0.216,1.713,0.022,234,0.179,0.792,0.106,28,S/D,1.0,0.0,0,S/D,1.0,0.0,0,S/D,S/D,S/D,0
472FE354,HUANCABAMBA,PIURA,HUANCABAMBA,mpas15,pp,20260902,20261001,00Z,D1,6h,1.085,3.399,-0.0,119,0.286,0.889,0.087,14,S/D,1.0,0.0,0,S/D,1.0,0.0,0,S/D,S/D,S/D,0
472761E6,HUARMACA,PIURA,HUANCABAMBA,ecmwf,pp,20260902,20261001,"00Z,12Z",D1,6h,0.529,1.435,0.31,238,0.609,0.754,0.212,46,0.667,0.882,0.111,6,S/D,1.0,0.0,0,S/D,S/D,S/D,0
472761E6,HUARMACA,PIURA,HUANCABAMBA,gfs,pp,20260902,20261001,"00Z,12Z",D1,6h,0.521,1.346,0.344,238,0.717,0.694,0.273,46,0.333,0.943,0.051,6,S/D,1.0,0.0,0,S/D,S/D,S/D,0
472761E6,HUARMACA,PIURA,HUANCABAMBA,eta5,pp,20260902,20261001,"00Z,12Z",D1,6h,0.223,0.73,0.344,191,0.686,0.631,0.316,35,0.0,1.0,0.0,4,S/D,1.0,0.0,0,S/D,S/D,S/D,0
472761E6,HUARMACA,PIURA,HUANCABAMBA,wrf5,pp,20260902,20261001,"00Z,12Z",D1,6h,-0.022,0.451,0.445,234,0.283,0.235,0.26,46,0.0,1.0,0.0,6,S/D,S/D,S/D,0,S/D,S/D,S/D,0
472761E6,HUARMACA,PIURA,HUANCABAMBA,mpas15,pp,20260902,20261001,00Z,D1,6h,0.506,1.538,0.239,119,0.391,0.64,0.231,23,0.667,0.905,0.091,3,S/D,1.0,0.0,0,S/D,S/D,S/D,0
472FB328,CHALACO,PIURA,MORROPON,ecmwf,pp,20260902,20261001,"00Z,12Z",D1,6h,0.457,1.353,0.281,234,0.486,0.602,0.28,72,0.833,0.848,0.147,6,0.5,0.889,0.1,2,S/D,S/D,S/D,0
472FB328,CHALACO,PIURA,MORROPON,gfs,pp,20260902,20261001,"00Z,12Z",D1,6h,0.688,1.852,0.305,234,0.611,0.593,0.324,72,1.0,0.882,0.118,6,1.0,0.75,0.25,2,S/D,S/D,S/D,0
472FB328,CHALACO,PIURA,MORROPON,eta5,pp,20260902,20261001,"00Z,12Z",D1,6h,0.314,0.985,0.326,188,0.415,0.577,0.265,53,1.0,0.889,0.111,3,0.0,1.0,0.0,1,S/D,S/D,S/D,0
472FB328,CHALACO,PIURA,MORROPON,wrf5,pp,20260902,20261001,"00Z,12Z",D1,6h,0.159,0.932,0.268,230,0.347,0.479,0.263,72,0.5,0.812,0.158,6,0.5,0.5,0.333,2,S/D,S/D,S/D,0
472FB328,CHALACO,PIURA,MORROPON,mpas15,pp,20260902,20261001,00Z,D1,6h,0.609,1.619,0.144,117,0.417,0.605,0.254,36,0.667,0.931,0.067,3,1.0,0.667,0.333,1,S/D,S/D,S/D,0
472F6540,CHULUCANAS,PIURA,MORROPON,ecmwf,pp,20260902,20261001,"00Z,12Z",D1,6h,0.16,0.514,0.163,236,1.0,0.961,0.039,2,1.0,0.833,0.167,2,S/D,1.0,0.0,0,S/D,S/D,S/D,0
472F6540,CHULUCANAS,PIURA,MORROPON,gfs,pp,20260902,20261001,"00Z,12Z",D1,6h,0.044,0.309,0.233,236,1.0,0.923,0.077,2,0.5,0.8,0.167,2,S/D,S/D,S/D,0,S/D,S/D,S/D,0
472F6540,CHULUCANAS,PIURA,MORROPON,eta5,pp,20260902,20261001,"00Z,12Z",D1,6h,0.269,0.879,0.152,189,1.0,0.974,0.026,1,1.0,0.933,0.067,1,S/D,1.0,0.0,0,S/D,S/D,S/D,0
472F6540,CHULUCANAS,PIURA,MORROPON,wrf5,pp,20260902,20261001,"00Z,12Z",D1,6h,0.01,0.328,0.227,232,0.5,0.917,0.077,2,0.0,1.0,0.0,2,S/D,S/D,S/D,0,S/D,S/D,S/D,0
472F6540,CHULUCANAS,PIURA,MORROPON,mpas15,pp,20260902,20261001,00Z,D1,6h,0.076,0.351,0.185,118,1.0,0.9,0.1,1,1.0,0.833,0.167,1,S/D,S/D,S/D,0,S/D,S/D,S/D,0
47E037CA,CORRAL DEL MEDIO,PIURA,MORROPON,ecmwf,pp,20260902,20261001,"00Z,12Z",D1,6h,S/D,S/D,S/D,0,S/D,S/D,S/D,0,S/D,S/D,S/D,0,S/D,S/D,S/D,0,S/D,S/D,S/D,0
47E037CA,CORRAL DEL MEDIO,PIURA,MORROPON,gfs,pp,20260902,20261001,"00Z,12Z",D1,6h,S/D,S/D,S/D,0,S/D,S/D,S/D,0,S/D,S/D,S/D,0,S/D,S/D,S/D,0,S/D,S/D,S/D,0
47E037CA,CORRAL DEL MEDIO,PIURA,MORROPON,eta5,pp,20260902,20261001,"00Z,12Z",D1,6h,S/D,S/D,S/D,0,S/D,S/D,S/D,0,S/D,S/D,S/D,0,S/D,S/D,S/D,0,S/D,S/D,S/D,0
47E037CA,CORRAL DEL MEDIO,PIURA,MORROPON,wrf5,pp,20260902,20261001,"00Z,12Z",D1,6h,S/D,S/D,S/D,0,S/D,S/D,S/D,0,S/D,S/D,S/D,0,S/D,S/D,S/D,0,S/D,S/D,S/D,0
47E037CA,CORRAL DEL MEDIO,PIURA,MORROPON,mpas15,pp,20260902,20261001,00Z,D1,6h,S/D,S/D,S/D,0,S/D,S/D,S/D,0,S/D,S/D,S/D,0,S/D,S/D,S/D,0,S/D,S/D,S/D,0
472F50DA,EL VIRREY,PIURA,MORROPON,ecmwf,pp,20260902,20261001,"00Z,12Z",D1,6h,0.157,0.875,0.085,234,0.5,0.917,0.077,6,S/D,1.0,0.0,0,S/D,1.0,0.0,0,S/D,S/D,S/D,0
472F50DA,EL VIRREY,PIURA,MORROPON,gfs,pp,20260902,20261001,"00Z,12Z",D1,6h,0.027,0.244,0.043,234,0.0,1.0,0.0,6,S/D,1.0,0.0,0,S/D,S/D,S/D,0,S/D,S/D,S/D,0
472F50DA,EL VIRREY,PIURA,MORROPON,eta5,pp,20260902,20261001,"00Z,12Z",D1,6h,0.065,0.251,0.078,188,0.25,0.952,0.042,4,S/D,1.0,0.0,0,S/D,S/D,S/D,0,S/D,S/D,S/D,0
472F50DA,EL VIRREY,PIURA,MORROPON,wrf5,pp,20260902,20261001,"00Z,12Z",D1,6h,-0.004,0.036,-0.049,230,0.0,S/D,0.0,6,S/D,S/D,S/D,0,S/D,S/D,S/D,0,S/D,S/D,S/D,0
472F50DA,EL VIRREY,PIURA,MORROPON,mpas15,pp,20260902,20261001,00Z,D1,6h,-0.005,0.035,0.014,117,0.0,S/D,0.0,3,S/D,S/D,S/D,0,S/D,S/D,S/D,0,S/D,S/D,S/D,0
47E074C0,HACIENDA BARRIOS,PIURA,MORROPON,ecmwf,pp,20260902,20261001,"00Z,12Z",D1,6h,0.527,1.56,0.14,234,1.0,0.965,0.035,4,S/D,1.0,0.0,0,S/D,1.0,0.0,0,S/D,S/D,S/D,0
47E074C0,HACIENDA BARRIOS,PIURA,MORROPON,gfs,pp,20260902,20261001,"00Z,12Z",D1,6h,0.182,0.518,0.165,234,0.75,0.948,0.051,4,S/D,1.0,0.0,0,S/D,S/D,S/D,0,S/D,S/D,S/D,0
47E074C0,HACIENDA BARRIOS,PIURA,MORROPON,eta5,pp,20260902,20261001,"00Z,12Z",D1,6h,0.857,2.242,0.185,188,1.0,0.969,0.031,2,S/D,1.0,0.0,0,S/D,1.0,0.0,0,S/D,S/D,S/D,0
47E074C0,HACIENDA BARRIOS,PIURA,MORROPON,wrf5,pp,20260902,20261001,"00Z,12Z",D1,6h,0.054,0.268,0.113,230,0.5,0.923,0.071,4,S/D,1.0,0.0,0,S/D,S/D,S/D,0,S/D,S/D,S/D,0
47E074C0,HACIENDA BARRIOS,PIURA,MORROPON,mpas15,pp,20260902,20261001,00Z,D1,6h,0.754,2.453,0.061,117,0.5,0.97,0.029,2,S/D,1.0,0.0,0,S/D,1.0,0.0,0,S/D,S/D,S/D,0
472F95C4,HACIENDA BIGOTE ,PIURA,MORROPON,ecmwf,pp,20260902,20261001,"00Z,12Z",D1,6h,0.518,1.537,0.18,238,1.0,0.965,0.035,4,S/D,1.0,0.0,0,S/D,1.0,0.0,0,S/D,S/D,S/D,0
472F95C4,HACIENDA BIGOTE ,PIURA,MORROPON,gfs,pp,20260902,20261001,"00Z,12Z",D1,6h,0.178,0.508,0.148,238,0.75,0.948,0.051,4,S/D,1.0,0.0,0,S/D,S/D,S/D,0,S/D,S/D,S/D,0
472F95C4,HACIENDA BIGOTE ,PIURA,MORROPON,eta5,pp,20260902,20261001,"00Z,12Z",D1,6h,0.698,1.935,0.023,191,0.333,0.981,0.019,3,S/D,1.0,0.0,0,S/D,1.0,0.0,0,S/D,S/D,S/D,0
472F95C4,HACIENDA BIGOTE ,PIURA,MORROPON,wrf5,pp,20260902,20261001,"00Z,12Z",D1,6h,0.026,0.139,0.099,234,0.25,0.947,0.045,4,S/D,1.0,0.0,0,S/D,S/D,S/D,0,S/D,S/D,S/D,0
472F95C4,HACIENDA BIGOTE ,PIURA,MORROPON,mpas15,pp,20260902,20261001,00Z,D1,6h,0.749,2.427,0.062,119,0.5,0.971,0.029,2,S/D,1.0,0.0,0,S/D,1.0,0.0,0,S/D,S/D,S/D,0
472FA05E,MALACASI,PIURA,MORROPON,ecmwf,pp,20260902,20261001,"00Z,12Z",D1,6h,0.522,1.529,0.154,236,1.0,0.983,0.017,2,1.0,0.931,0.069,2,S/D,1.0,0.0,0,S/D,S/D,S/D,0
472FA05E,MALACASI,PIURA,MORROPON,gfs,pp,20260902,20261001,"00Z,12Z",D1,6h,0.18,0.497,0.185,236,1.0,0.966,0.034,2,1.0,0.846,0.154,2,S/D,S/D,S/D,0,S/D,S/D,S/D,0
472FA05E,MALACASI,PIURA,MORROPON,eta5,pp,20260902,20261001,"00Z,12Z",D1,6h,0.368,1.083,0.15,189,1.0,0.978,0.022,1,1.0,0.958,0.042,1,S/D,1.0,0.0,0,S/D,S/D,S/D,0
472FA05E,MALACASI,PIURA,MORROPON,wrf5,pp,20260902,20261001,"00Z,12Z",D1,6h,0.011,0.103,0.251,232,1.0,0.818,0.182,2,0.5,0.0,0.5,2,S/D,S/D,S/D,0,S/D,S/D,S/D,0
472FA05E,MALACASI,PIURA,MORROPON,mpas15,pp,20260902,20261001,00Z,D1,6h,0.345,1.134,0.167,118,1.0,0.962,0.038,1,1.0,0.944,0.056,1,S/D,1.0,0.0,0,S/D,S/D,S/D,0
472F7636,MORROPON,PIURA,MORROPON,ecmwf,pp,20260902,20261001,"00Z,12Z",D1,6h,0.158,0.847,0.078,234,0.333,0.962,0.035,6,1.0,0.75,0.25,2,S/D,1.0,0.0,0,S/D,S/D,S/D,0
472F7636,MORROPON,PIURA,MORROPON,gfs,pp,20260902,20261001,"00Z,12Z",D1,6h,0.023,0.27,0.248,234,0.667,0.826,0.16,6,1.0,0.333,0.667,2,S/D,S/D,S/D,0,S/D,S/D,S/D,0
472F7636,MORROPON,PIURA,MORROPON,eta5,pp,20260902,20261001,"00Z,12Z",D1,6h,0.552,1.568,0.052,188,0.5,0.964,0.035,4,1.0,0.96,0.04,1,S/D,1.0,0.0,0,S/D,S/D,S/D,0
472F7636,MORROPON,PIURA,MORROPON,wrf5,pp,20260902,20261001,"00Z,12Z",D1,6h,0.017,0.256,0.091,230,0.333,0.857,0.111,6,0.5,0.75,0.2,2,S/D,S/D,S/D,0,S/D,S/D,S/D,0
472F7636,MORROPON,PIURA,MORROPON,mpas15,pp,20260902,20261001,00Z,D1,6h,0.2,0.716,0.015,117,0.333,0.947,0.048,3,1.0,0.917,0.083,1,S/D,1.0,0.0,0,S/D,S/D,S/D,0
47E067B6,SALITRAL,PIURA,MORROPON,ecmwf,pp,20260902,20261001,"00Z,12Z",D1,6h,0.486,1.554,0.112,234,0.833,0.956,0.044,6,0.333,0.931,0.061,6,S/D,1.0,0.0,0,S/D,S/D,S/D,0
47E067B6,SALITRAL,PIURA,MORROPON,gfs,pp,20260902,20261001,"00Z,12Z",D1,6h,0.14,0.563,0.143,234,0.667,0.93,0.068,6,0.333,0.846,0.118,6,S/D,S/D,S/D,0,S/D,S/D,S/D,0
47E067B6,SALITRAL,PIURA,MORROPON,eta5,pp,20260902,20261001,"00Z,12Z",D1,6h,0.339,1.089,0.127,188,0.667,0.955,0.044,3,0.667,0.913,0.083,3,S/D,1.0,0.0,0,S/D,S/D,S/D,0
47E067B6,SALITRAL,PIURA,MORROPON,wrf5,pp,20260902,20261001,"00Z,12Z",D1,6h,-0.038,0.297,0.287,230,0.333,0.5,0.25,6,0.167,0.0,0.167,6,S/D,S/D,S/D,0,S/D,S/D,S/D,0
47E067B6,SALITRAL,PIURA,MORROPON,mpas15,pp,20260902,20261001,00Z,D1,6h,0.309,1.157,0.206,117,0.667,0.923,0.074,3,0.667,0.889,0.105,3,S/D,1.0,0.0,0,S/D,S/D,S/D,0
47E08444,SAN PEDRO,PIURA,MORROPON,ecmwf,pp,20260902,20261001,"00Z,12Z",D1,6h,1.47,2.689,0.178,236,1.0,0.977,0.023,4,1.0,0.978,0.022,2,S/D,1.0,0.0,0,S/D,S/D,S/D,0
47E08444,SAN PEDRO,PIURA,MORROPON,gfs,pp,20260902,20261001,"00Z,12Z",D1,6h,0.481,1.512,0.127,236,0.5,0.979,0.021,4,1.0,0.933,0.067,2,S/D,1.0,0.0,0,S/D,S/D,S/D,0
47E08444,SAN PEDRO,PIURA,MORROPON,eta5,pp,20260902,20261001,"00Z,12Z",D1,6h,0.608,1.598,0.09,189,0.667,0.968,0.032,3,1.0,0.966,0.034,1,S/D,1.0,0.0,0,S/D,S/D,S/D,0
47E08444,SAN PEDRO,PIURA,MORROPON,wrf5,pp,20260902,20261001,"00Z,12Z",D1,6h,0.052,0.465,0.101,232,0.5,0.92,0.074,4,0.5,0.833,0.143,2,S/D,S/D,S/D,0,S/D,S/D,S/D,0
47E08444,SAN PEDRO,PIURA,MORROPON,mpas15,pp,20260902,20261001,00Z,D1,6h,0.358,1.078,0.187,118,1.0,0.923,0.077,2,1.0,0.947,0.053,1,S/D,1.0,0.0,0,S/D,S/D,S/D,0
105145,SANTO DOMINGO,PIURA,MORROPON,ecmwf,pp,20260902,20261001,"00Z,12Z",D1,6h,0.066,0.157,S/D,18,S/D,1.0,0.0,0,S/D,S/D,S/D,0,S/D,S/D,S/D,0,S/D,S/D,S/D,0
105145,SANTO DOMINGO,PIURA,MORROPON,gfs,pp,20260902,20261001,"00Z,12Z",D1,6h,0.014,0.047,S/D,18,S/D,1.0,0.0,0,S/D,S/D,S/D,0,S/D,S/D,S/D,0,S/D,S/D,S/D,0
105145,SANTO DOMINGO,PIURA,MORROPON,eta5,pp,20260902,20261001,"00Z,12Z",D1,6h,0.064,0.241,S/D,14,S/D,1.0,0.0,0,S/D,S/D,S/D,0,S/D,S/D,S/D,0,S/D,S/D,S/D,0
105145,SANTO DOMINGO,PIURA,MORROPON,wrf5,pp,20260902,20261001,"00Z,12Z",D1,6h,0.023,0.073,S/D,18,S/D,1.0,0.0,0,S/D,S/D,S/D,0,S/D,S/D,S/D,0,S/D,S/D,S/D,0
105145,SANTO DOMINGO,PIURA,MORROPON,mpas15,pp,20260902,20261001,00Z,D1,6h,0.0,0.0,S/D,9,S/D,S/D,S/D,0,S/D,S/D,S/D,0,S/D,S/D,S/D,0,S/D,S/D,S/D,0
47E0B1DE,PUENTE SIMON RODRIGUEZ,PIURA,PAITA,ecmwf,pp,20260902,20261001,"00Z,12Z",D1,6h,0.015,0.242,0.111,234,0.5,0.75,0.2,6,0.0,1.0,0.0,2,S/D,S/D,S/D,0,S/D,S/D,S/D,0
47E0B1DE,PUENTE SIMON RODRIGUEZ,PIURA,PAITA,gfs,pp,20260902,20261001,"00Z,12Z",D1,6h,-0.023,0.218,0.292,234,0.0,1.0,0.0,6,0.0,S/D,0.0,2,S/D,S/D,S/D,0,S/D,S/D,S/D,0
47E0B1DE,PUENTE SIMON RODRIGUEZ,PIURA,PAITA,eta5,pp,20260902,20261001,"00Z,12Z",D1,6h,-0.024,0.239,0.048,188,0.0,1.0,0.0,5,0.0,S/D,0.0,2,S/D,S/D,S/D,0,S/D,S/D,S/D,0
47E0B1DE,PUENTE SIMON RODRIGUEZ,PIURA,PAITA,wrf5,pp,20260902,20261001,"00Z,12Z",D1,6h,-0.02,0.223,0.129,231,0.167,0.8,0.1,6,0.0,S/D,0.0,2,S/D,S/D,S/D,0,S/D,S/D,S/D,0
47E0B1DE,PUENTE SIMON RODRIGUEZ,PIURA,PAITA,mpas15,pp,20260902,20261001,00Z,D1,6h,-0.027,0.22,-0.106,117,0.0,S/D,0.0,3,0.0,S/D,0.0,1,S/D,S/D,S/D,0,S/D,S/D,S/D,0
47E0E1A2,BOCATOMA CHIPILLICO,PIURA,PIURA,ecmwf,pp,20260902,20261001,"00Z,12Z",D1,6h,1.072,2.058,0.115,216,0.833,0.933,0.066,12,1.0,0.972,0.028,2,1.0,0.833,0.167,2,S/D,S/D,S/D,0
47E0E1A2,BOCATOMA CHIPILLICO,PIURA,PIURA,gfs,pp,20260902,20261001,"00Z,12Z",D1,6h,0.507,1.69,0.12,216,0.667,0.915,0.082,12,1.0,0.941,0.059,2,0.0,1.0,0.0,2,S/D,S/D,S/D,0
47E0E1A2,BOCATOMA CHIPILLICO,PIURA,PIURA,eta5,pp,20260902,20261001,"00Z,12Z",D1,6h,0.643,1.653,0.067,172,0.429,0.951,0.046,7,1.0,0.968,0.032,1,1.0,0.857,0.143,1,S/D,S/D,S/D,0
47E0E1A2,BOCATOMA CHIPILLICO,PIURA,PIURA,wrf5,pp,20260902,20261001,"00Z,12Z",D1,6h,0.012,0.606,0.148,212,0.25,0.75,0.143,12,0.0,1.0,0.0,2,0.0,S/D,0.0,2,S/D,S/D,S/D,0
47E0E1A2,BOCATOMA CHIPILLICO,PIURA,PIURA,mpas15,pp,20260902,20261001,00Z,D1,6h,0.257,1.058,0.037,108,0.167,0.955,0.037,6,1.0,0.941,0.059,1,0.0,1.0,0.0,1,S/D,S/D,S/D,0
47E0F2D4,LAGARTERA,PIURA,PIURA,ecmwf,pp,20260902,20261001,"00Z,12Z",D1,6h,1.003,2.002,0.302,230,0.882,0.799,0.196,34,1.0,0.944,0.056,4,S/D,1.0,0.0,0,S/D,S/D,S/D,0
47E0F2D4,LAGARTERA,PIURA,PIURA,gfs,pp,20260902,20261001,"00Z,12Z",D1,6h,0.527,1.709,0.33,230,0.706,0.76,0.218,34,0.5,0.947,0.05,4,S/D,1.0,0.0,0,S/D,S/D,S/D,0
47E0F2D4,LAGARTERA,PIURA,PIURA,eta5,pp,20260902,20261001,"00Z,12Z",D1,6h,0.602,1.594,0.11,184,0.458,0.814,0.153,24,0.0,1.0,0.0,2,S/D,1.0,0.0,0,S/D,S/D,S/D,0
47E0F2D4,LAGARTERA,PIURA,PIURA,wrf5,pp,20260902,20261001,"00Z,12Z",D1,6h,0.027,0.462,0.11,227,0.059,0.875,0.042,34,0.0,1.0,0.0,4,S/D,S/D,S/D,0,S/D,S/D,S/D,0
47E0F2D4,LAGARTERA,PIURA,PIURA,mpas15,pp,20260902,20261001,00Z,D1,6h,0.254,0.951,0.193,115,0.294,0.773,0.147,17,0.5,0.941,0.056,2,S/D,1.0,0.0,0,S/D,S/D,S/D,0
105112,MIRAFLORES,PIURA,PIURA,ecmwf,pp,20260902,20261001,"00Z,12Z",D1,6h,S/D,S/D,S/D,0,S/D,S/D,S/D,0,S/D,S/D,S/D,0,S/D,S/D,S/D,0,S/D,S/D,S/D,0
105112,MIRAFLORES,PIURA,PIURA,gfs,pp,20260902,20261001,"00Z,12Z",D1,6h,S/D,S/D,S/D,0,S/D,S/D,S/D,0,S/D,S/D,S/D,0,S/D,S/D,S/D,0,S/D,S/D,S/D,0
105112,MIRAFLORES,PIURA,PIURA,eta5,pp,20260902,20261001,"00Z,12Z",D1,6h,S/D,S/D,S/D,0,S/D,S/D,S/D,0,S/D,S/D,S/D,0,S/D,S/D,S/D,0,S/D,S/D,S/D,0
105112,MIRAFLORES,PIURA,PIURA,wrf5,pp,20260902,20261001,"00Z,12Z",D1,6h,S/D,S/D,S/D,0,S/D,S/D,S/D,0,S/D,S/D,S/D,0,S/D,S/D,S/D,0,S/D,S/D,S/D,0
105112,MIRAFLORES,PIURA,PIURA,mpas15,pp,20260902,20261001,00Z,D1,6h,S/D,S/D,S/D,0,S/D,S/D,S/D,0,S/D,S/D,S/D,0,S/D,S/D,S/D,0,S/D,S/D,S/D,0
104113,PARTIDOR,PIURA,PIURA,ecmwf,pp,20260902,20261001,"00Z,12Z",D1,6h,0.15,0.332,S/D,16,S/D,1.0,0.0,0,S/D,S/D,S/D,0,S/D,S/D,S/D,0,S/D,S/D,S/D,0
104113,PARTIDOR,PIURA,PIURA,gfs,pp,20260902,20261001,"00Z,12Z",D1,6h,0.055,0.155,S/D,16,S/D,1.0,0.0,0,S/D,S/D,S/D,0,S/D,S/D,S/D,0,S/D,S/D,S/D,0
104113,PARTIDOR,PIURA,PIURA,eta5,pp,20260902,20261001,"00Z,12Z",D1,6h,0.077,0.179,S/D,13,S/D,1.0,0.0,0,S/D,S/D,S/D,0,S/D,S/D,S/D,0,S/D,S/D,S/D,0
104113,PARTIDOR,PIURA,PIURA,wrf5,pp,20260902,20261001,"00Z,12Z",D1,6h,0.102,0.324,S/D,16,S/D,1.0,0.0,0,S/D,1.0,0.0,0,S/D,S/D,S/D,0,S/D,S/D,S/D,0
104113,PARTIDOR,PIURA,PIURA,mpas15,pp,20260902,20261001,00Z,D1,6h,0.125,0.354,S/D,8,S/D,1.0,0.0,0,S/D,1.0,0.0,0,S/D,S/D,S/D,0,S/D,S/D,S/D,0
105143,SAN MIGUEL,PIURA,PIURA,ecmwf,pp,20260902,20261001,"00Z,12Z",D1,6h,0.042,0.382,0.097,240,0.25,0.875,0.091,4,S/D,1.0,0.0,0,S/D,1.0,0.0,0,S/D,S/D,S/D,0
105143,SAN MIGUEL,PIURA,PIURA,gfs,pp,20260902,20261001,"00Z,12Z",D1,6h,0.002,0.024,-0.026,240,0.0,1.0,0.0,4,S/D,S/D,S/D,0,S/D,S/D,S/D,0,S/D,S/D,S/D,0
105143,SAN MIGUEL,PIURA,PIURA,eta5,pp,20260902,20261001,"00Z,12Z",D1,6h,0.01,0.113,0.081,192,0.0,1.0,0.0,2,S/D,1.0,0.0,0,S/D,S/D,S/D,0,S/D,S/D,S/D,0
105143,SAN MIGUEL,PIURA,PIURA,wrf5,pp,20260902,20261001,"00Z,12Z",D1,6h,0.006,0.06,0.077,236,0.25,0.75,0.143,4,S/D,S/D,S/D,0,S/D,S/D,S/D,0,S/D,S/D,S/D,0
105143,SAN MIGUEL,PIURA,PIURA,mpas15,pp,20260902,20261001,00Z,D1,6h,-0.002,0.013,-0.083,120,0.0,S/D,0.0,2,S/D,S/D,S/D,0,S/D,S/D,S/D,0,S/D,S/D,S/D,0
47E0522C,TAMBO GRANDE,PIURA,PIURA,ecmwf,pp,20260902,20261001,"00Z,12Z",D1,6h,-0.169,2.883,0.175,230,0.625,0.898,0.096,8,0.333,0.818,0.133,6,0.0,1.0,0.0,4,0.0,S/D,0.0,2
47E0522C,TAMBO GRANDE,PIURA,PIURA,gfs,pp,20260902,20261001,"00Z,12Z",D1,6h,-0.283,2.824,0.307,230,0.625,0.792,0.185,8,0.0,1.0,0.0,6,0.0,S/D,0.0,4,0.0,S/D,0.0,2
47E0522C,TAMBO GRANDE,PIURA,PIURA,eta5,pp,20260902,20261001,"00Z,12Z",D1,6h,-0.341,3.169,0.002,186,0.143,0.938,0.045,7,0.0,1.0,0.0,5,0.0,S/D,0.0,4,0.0,S/D,0.0,2
47E0522C,TAMBO GRANDE,PIURA,PIURA,wrf5,pp,20260902,20261001,"00Z,12Z",D1,6h,-0.352,2.868,0.057,226,0.0,1.0,0.0,8,0.0,S/D,0.0,6,0.0,S/D,0.0,4,0.0,S/D,0.0,2
47E0522C,TAMBO GRANDE,PIURA,PIURA,mpas15,pp,20260902,20261001,00Z,D1,6h,-0.283,2.876,-0.045,115,0.0,1.0,0.0,4,0.0,1.0,0.0,3,0.0,S/D,0.0,2,0.0,S/D,0.0,1
105144,BERNAL,PIURA,SECHURA,ecmwf,pp,20260902,20261001,"00Z,12Z",D1,6h,-0.153,0.544,0.029,22,0.0,1.0,0.0,2,0.0,S/D,0.0,2,S/D,S/D,S/D,0,S/D,S/D,S/D,0
105144,BERNAL,PIURA,SECHURA,gfs,pp,20260902,20261001,"00Z,12Z",D1,6h,-0.161,0.543,-0.069,22,0.0,S/D,0.0,2,0.0,S/D,0.0,2,S/D,S/D,S/D,0,S/D,S/D,S/D,0
105144,BERNAL,PIURA,SECHURA,eta5,pp,20260902,20261001,"00Z,12Z",D1,6h,-0.106,0.437,-0.062,17,0.0,S/D,0.0,1,0.0,S/D,0.0,1,S/D,S/D,S/D,0,S/D,S/D,S/D,0
105144,BERNAL,PIURA,SECHURA,wrf5,pp,20260902,20261001,"00Z,12Z",D1,6h,-0.164,0.543,S/D,22,0.0,S/D,0.0,2,0.0,S/D,0.0,2,S/D,S/D,S/D,0,S/D,S/D,S/D,0
105144,BERNAL,PIURA,SECHURA,mpas15,pp,20260902,20261001,00Z,D1,6h,-0.164,0.543,-0.191,11,0.0,S/D,0.0,1,0.0,S/D,0.0,1,S/D,S/D,S/D,0,S/D,S/D,S/D,0
105120,CHUSIS,PIURA,SECHURA,ecmwf,pp,20260902,20261001,"00Z,12Z",D1,6h,0.013,0.028,S/D,12,S/D,S/D,S/D,0,S/D,S/D,S/D,0,S/D,S/D,S/D,0,S/D,S/D,S/D,0
105120,CHUSIS,PIURA,SECHURA,gfs,pp,20260902,20261001,"00Z,12Z",D1,6h,0.0,0.0,S/D,12,S/D,S/D,S/D,0,S/D,S/D,S/D,0,S/D,S/D,S/D,0,S/D,S/D,S/D,0
105120,CHUSIS,PIURA,SECHURA,eta5,pp,20260902,20261001,"00Z,12Z",D1,6h,0.01,0.022,S/D,10,S/D,S/D,S/D,0,S/D,S/D,S/D,0,S/D,S/D,S/D,0,S/D,S/D,S/D,0
105120,CHUSIS,PIURA,SECHURA,wrf5,pp,20260902,20261001,"00Z,12Z",D1,6h,0.019,0.057,S/D,11,S/D,1.0,0.0,0,S/D,S/D,S/D,0,S/D,S/D,S/D,0,S/D,S/D,S/D,0
105120,CHUSIS,PIURA,SECHURA,mpas15,pp,20260902,20261001,00Z,D1,6h,0.0,0.0,S/D,6,S/D,S/D,S/D,0,S/D,S/D,S/D,0,S/D,S/D,S/D,0,S/D,S/D,S/D,0
47E0D438,ALAMOR,PIURA,SULLANA,ecmwf,pp,20260902,20261001,"00Z,12Z",D1,6h,0.139,0.821,0.135,234,0.35,0.741,0.175,20,0.5,0.75,0.2,4,S/D,1.0,0.0,0,S/D,S/D,S/D,0
47E0D438,ALAMOR,PIURA,SULLANA,gfs,pp,20260902,20261001,"00Z,12Z",D1,6h,0.088,0.751,0.322,234,0.35,0.632,0.219,20,0.75,0.571,0.375,4,S/D,1.0,0.0,0,S/D,S/D,S/D,0
47E0D438,ALAMOR,PIURA,SULLANA,eta5,pp,20260902,20261001,"00Z,12Z",D1,6h,0.3,1.11,0.194,188,0.538,0.848,0.135,13,1.0,0.867,0.133,2,S/D,1.0,0.0,0,S/D,S/D,S/D,0
47E0D438,ALAMOR,PIURA,SULLANA,wrf5,pp,20260902,20261001,"00Z,12Z",D1,6h,0.097,0.843,0.092,231,0.3,0.647,0.194,20,0.75,0.571,0.375,4,S/D,1.0,0.0,0,S/D,S/D,S/D,0
47E0D438,ALAMOR,PIURA,SULLANA,mpas15,pp,20260902,20261001,00Z,D1,6h,0.264,1.259,0.198,117,0.5,0.737,0.208,10,0.5,0.929,0.067,2,S/D,1.0,0.0,0,S/D,S/D,S/D,0
47E09732,LA ARDILLA,PIURA,SULLANA,ecmwf,pp,20260902,20261001,"00Z,12Z",D1,6h,0.124,0.899,0.241,216,0.6,0.786,0.188,10,0.25,0.889,0.083,4,S/D,1.0,0.0,0,S/D,S/D,S/D,0
47E09732,LA ARDILLA,PIURA,SULLANA,gfs,pp,20260902,20261001,"00Z,12Z",D1,6h,0.063,0.902,0.386,216,0.6,0.684,0.261,10,0.25,0.857,0.1,4,S/D,1.0,0.0,0,S/D,S/D,S/D,0
47E09732,LA ARDILLA,PIURA,SULLANA,eta5,pp,20260902,20261001,"00Z,12Z",D1,6h,0.271,1.115,0.125,173,0.571,0.911,0.083,7,0.0,1.0,0.0,2,S/D,1.0,0.0,0,S/D,S/D,S/D,0
47E09732,LA ARDILLA,PIURA,SULLANA,wrf5,pp,20260902,20261001,"00Z,12Z",D1,6h,-0.001,0.636,0.226,212,0.5,0.5,0.333,10,0.0,1.0,0.0,4,S/D,S/D,S/D,0,S/D,S/D,S/D,0
47E09732,LA ARDILLA,PIURA,SULLANA,mpas15,pp,20260902,20261001,00Z,D1,6h,0.253,1.363,0.222,108,0.8,0.789,0.2,5,0.5,0.923,0.071,2,S/D,1.0,0.0,0,S/D,S/D,S/D,0
472FD6CE,LANCONES,PIURA,SULLANA,ecmwf,pp,20260902,20261001,"00Z,12Z",D1,6h,0.073,0.5,0.223,234,0.625,0.75,0.217,8,0.0,1.0,0.0,2,S/D,1.0,0.0,0,S/D,S/D,S/D,0
472FD6CE,LANCONES,PIURA,SULLANA,gfs,pp,20260902,20261001,"00Z,12Z",D1,6h,0.013,0.185,0.406,234,0.625,0.583,0.333,8,0.0,1.0,0.0,2,S/D,S/D,S/D,0,S/D,S/D,S/D,0
472FD6CE,LANCONES,PIURA,SULLANA,eta5,pp,20260902,20261001,"00Z,12Z",D1,6h,0.041,0.246,0.324,189,0.429,0.833,0.136,7,0.0,1.0,0.0,2,S/D,S/D,S/D,0,S/D,S/D,S/D,0
472FD6CE,LANCONES,PIURA,SULLANA,wrf5,pp,20260902,20261001,"00Z,12Z",D1,6h,0.032,0.426,0.118,230,0.25,0.778,0.133,8,0.0,1.0,0.0,2,S/D,S/D,S/D,0,S/D,S/D,S/D,0
472FD6CE,LANCONES,PIURA,SULLANA,mpas15,pp,20260902,20261001,00Z,D1,6h,0.103,0.652,-0.134,117,0.0,1.0,0.0,4,0.0,1.0,0.0,1,S/D,1.0,0.0,0,S/D,S/D,S/D,0
270202,PUENTE AZANGARO,PUNO,AZANGARO,ecmwf,pp,20260902,20261001,"00Z,12Z",D1,6h,0.263,1.52,0.52,234,1.0,0.659,0.341,28,0.857,0.647,0.333,14,0.0,1.0,0.0,4,S/D,S/D,S/D,0
270202,PUENTE AZANGARO,PUNO,AZANGARO,gfs,pp,20260902,20261001,"00Z,12Z",D1,6h,0.327,1.413,0.552,234,0.964,0.625,0.37,28,0.786,0.667,0.306,14,0.5,0.8,0.167,4,S/D,S/D,S/D,0
270202,PUENTE AZANGARO,PUNO,AZANGARO,eta5,pp,20260902,20261001,"00Z,12Z",D1,6h,0.72,2.1,0.621,187,0.962,0.621,0.373,26,0.917,0.75,0.244,12,1.0,0.714,0.286,4,S/D,S/D,S/D,0
270202,PUENTE AZANGARO,PUNO,AZANGARO,wrf5,pp,20260902,20261001,"00Z,12Z",D1,6h,0.291,1.722,0.544,230,0.852,0.566,0.404,27,0.692,0.64,0.31,13,0.333,0.875,0.1,3,S/D,S/D,S/D,0
270202,PUENTE AZANGARO,PUNO,AZANGARO,mpas15,pp,20260902,20261001,00Z,D1,6h,0.324,1.859,0.269,117,0.714,0.706,0.263,14,0.857,0.778,0.214,7,0.0,1.0,0.0,2,S/D,S/D,S/D,0
4721AAE4,AYMAÑA,PUNO,CARABAYA,ecmwf,pp,20260902,20261001,"00Z,12Z",D1,6h,-0.109,1.911,0.406,232,0.771,0.648,0.319,48,0.5,0.63,0.27,20,0.0,1.0,0.0,6,S/D,S/D,S/D,0
4721AAE4,AYMAÑA,PUNO,CARABAYA,gfs,pp,20260902,20261001,"00Z,12Z",D1,6h,0.709,2.715,0.379,232,0.896,0.713,0.277,48,0.65,0.819,0.165,20,0.167,0.933,0.05,6,S/D,S/D,S/D,0
4721AAE4,AYMAÑA,PUNO,CARABAYA,eta5,pp,20260902,20261001,"00Z,12Z",D1,6h,0.929,2.817,0.377,185,0.884,0.686,0.302,43,0.789,0.805,0.185,19,0.333,0.867,0.105,6,S/D,S/D,S/D,0
4721AAE4,AYMAÑA,PUNO,CARABAYA,wrf5,pp,20260902,20261001,"00Z,12Z",D1,6h,-0.159,2.016,0.431,229,0.522,0.538,0.324,46,0.579,0.45,0.393,19,0.0,1.0,0.0,6,S/D,S/D,S/D,0
4721AAE4,AYMAÑA,PUNO,CARABAYA,mpas15,pp,20260902,20261001,00Z,D1,6h,0.133,2.029,0.347,116,0.792,0.612,0.352,24,0.6,0.833,0.15,10,0.0,S/D,0.0,3,S/D,S/D,S/D,0
4721B992,UPINA,PUNO,CARABAYA,ecmwf,pp,20260902,20261001,"00Z,12Z",D1,6h,0.381,1.835,0.264,232,0.763,0.782,0.204,38,0.75,0.847,0.145,12,0.5,0.8,0.167,2,S/D,S/D,S/D,0
4721B992,UPINA,PUNO,CARABAYA,gfs,pp,20260902,20261001,"00Z,12Z",D1,6h,0.806,2.599,0.236,232,0.737,0.819,0.17,38,0.917,0.851,0.147,12,0.0,1.0,0.0,2,S/D,S/D,S/D,0
4721B992,UPINA,PUNO,CARABAYA,eta5,pp,20260902,20261001,"00Z,12Z",D1,6h,0.884,3.219,0.216,185,0.706,0.739,0.235,34,0.667,0.846,0.143,12,0.0,1.0,0.0,2,S/D,S/D,S/D,0
4721B992,UPINA,PUNO,CARABAYA,wrf5,pp,20260902,20261001,"00Z,12Z",D1,6h,0.11,2.169,0.308,229,0.526,0.649,0.267,38,0.417,0.8,0.156,12,0.0,1.0,0.0,2,S/D,S/D,S/D,0
4721B992,UPINA,PUNO,CARABAYA,mpas15,pp,20260902,20261001,00Z,D1,6h,1.048,2.851,0.15,116,0.579,0.807,0.169,19,0.667,0.915,0.082,6,0.0,1.0,0.0,1,S/D,S/D,S/D,0
210003,HUANCASAYA,PUNO,HUANCANE,ecmwf,pp,20260902,20261001,"00Z,12Z",D1,6h,0.427,1.229,0.561,222,0.885,0.495,0.474,52,0.556,0.75,0.208,18,S/D,1.0,0.0,0,S/D,S/D,S/D,0
210003,HUANCASAYA,PUNO,HUANCANE,gfs,pp,20260902,20261001,"00Z,12Z",D1,6h,0.572,1.284,0.656,222,0.962,0.519,0.472,52,0.778,0.731,0.25,18,S/D,1.0,0.0,0,S/D,S/D,S/D,0
210003,HUANCASAYA,PUNO,HUANCANE,eta5,pp,20260902,20261001,"00Z,12Z",D1,6h,0.514,1.601,0.571,182,0.792,0.433,0.494,48,0.625,0.737,0.227,16,S/D,1.0,0.0,0,S/D,S/D,S/D,0
210003,HUANCASAYA,PUNO,HUANCANE,wrf5,pp,20260902,20261001,"00Z,12Z",D1,6h,0.82,2.326,0.636,218,0.82,0.414,0.519,50,0.824,0.702,0.28,17,S/D,1.0,0.0,0,S/D,S/D,S/D,0
210003,HUANCASAYA,PUNO,HUANCANE,mpas15,pp,20260902,20261001,00Z,D1,6h,1.273,3.068,0.496,111,0.808,0.543,0.412,26,0.778,0.788,0.2,9,S/D,1.0,0.0,0,S/D,S/D,S/D,0
47251282,PUENTE CARRETERA RAMIS,PUNO,HUANCANE,ecmwf,pp,20260902,20261001,"00Z,12Z",D1,6h,0.251,1.191,0.425,220,0.95,0.753,0.244,20,0.8,0.724,0.258,10,0.5,0.8,0.167,2,S/D,S/D,S/D,0
47251282,PUENTE CARRETERA RAMIS,PUNO,HUANCANE,gfs,pp,20260902,20261001,"00Z,12Z",D1,6h,0.35,1.834,0.506,220,0.95,0.683,0.311,20,1.0,0.667,0.333,10,0.0,1.0,0.0,2,S/D,S/D,S/D,0
47251282,PUENTE CARRETERA RAMIS,PUNO,HUANCANE,eta5,pp,20260902,20261001,"00Z,12Z",D1,6h,0.974,2.509,0.53,179,1.0,0.743,0.257,19,1.0,0.8,0.2,10,0.0,1.0,0.0,2,S/D,S/D,S/D,0
47251282,PUENTE CARRETERA RAMIS,PUNO,HUANCANE,wrf5,pp,20260902,20261001,"00Z,12Z",D1,6h,0.445,1.847,0.507,216,0.895,0.66,0.327,19,0.889,0.704,0.286,9,1.0,0.778,0.222,2,S/D,S/D,S/D,0
47251282,PUENTE CARRETERA RAMIS,PUNO,HUANCANE,mpas15,pp,20260902,20261001,00Z,D1,6h,0.259,1.307,0.299,110,0.8,0.784,0.205,10,1.0,0.737,0.263,5,0.0,1.0,0.0,1,S/D,S/D,S/D,0
472E37C6,PALCA,PUNO,LAMPA,ecmwf,pp,20260902,20261001,"00Z,12Z",D1,6h,0.278,0.769,0.394,234,0.792,0.712,0.268,24,1.0,0.826,0.174,4,S/D,1.0,0.0,0,S/D,S/D,S/D,0
472E37C6,PALCA,PUNO,LAMPA,gfs,pp,20260902,20261001,"00Z,12Z",D1,6h,0.462,1.558,0.437,234,0.917,0.761,0.234,24,0.75,0.906,0.091,4,S/D,1.0,0.0,0,S/D,S/D,S/D,0
472E37C6,PALCA,PUNO,LAMPA,eta5,pp,20260902,20261001,"00Z,12Z",D1,6h,0.724,1.821,0.492,187,0.909,0.661,0.328,22,1.0,0.892,0.108,4,S/D,1.0,0.0,0,S/D,S/D,S/D,0
472E37C6,PALCA,PUNO,LAMPA,wrf5,pp,20260902,20261001,"00Z,12Z",D1,6h,0.386,1.245,0.423,231,0.783,0.695,0.281,23,0.0,1.0,0.0,3,S/D,1.0,0.0,0,S/D,S/D,S/D,0
472E37C6,PALCA,PUNO,LAMPA,mpas15,pp,20260902,20261001,00Z,D1,6h,0.27,0.796,0.139,117,0.5,0.786,0.176,12,0.5,0.929,0.067,2,S/D,S/D,S/D,0,S/D,S/D,S/D,0
472DE6A0,PAMPAHUTA,PUNO,LAMPA,ecmwf,pp,20260902,20261001,"00Z,12Z",D1,6h,0.129,0.76,0.416,232,0.833,0.677,0.303,24,0.667,0.529,0.381,12,0.25,0.667,0.167,4,S/D,S/D,S/D,0
472DE6A0,PAMPAHUTA,PUNO,LAMPA,gfs,pp,20260902,20261001,"00Z,12Z",D1,6h,0.358,1.388,0.481,232,0.917,0.722,0.272,24,1.0,0.684,0.316,12,0.0,1.0,0.0,4,S/D,S/D,S/D,0
472DE6A0,PAMPAHUTA,PUNO,LAMPA,eta5,pp,20260902,20261001,"00Z,12Z",D1,6h,0.464,1.704,0.529,187,0.783,0.617,0.346,23,1.0,0.613,0.387,12,0.75,0.625,0.333,4,S/D,S/D,S/D,0
472DE6A0,PAMPAHUTA,PUNO,LAMPA,wrf5,pp,20260902,20261001,"00Z,12Z",D1,6h,0.21,1.104,0.439,229,0.696,0.636,0.314,23,0.909,0.583,0.4,11,0.0,1.0,0.0,4,S/D,S/D,S/D,0
472DE6A0,PAMPAHUTA,PUNO,LAMPA,mpas15,pp,20260902,20261001,00Z,D1,6h,0.129,0.766,0.414,116,0.75,0.625,0.333,12,0.667,0.75,0.222,6,0.5,0.0,0.5,2,S/D,S/D,S/D,0
114134,ANANSAYA -PUNA,PUNO,MELGAR,ecmwf,pp,20260902,20261001,"00Z,12Z",D1,6h,0.488,1.361,S/D,18,S/D,1.0,0.0,0,S/D,1.0,0.0,0,S/D,S/D,S/D,0,S/D,S/D,S/D,0
114134,ANANSAYA -PUNA,PUNO,MELGAR,gfs,pp,20260902,20261001,"00Z,12Z",D1,6h,0.493,1.054,S/D,18,S/D,1.0,0.0,0,S/D,1.0,0.0,0,S/D,S/D,S/D,0,S/D,S/D,S/D,0
114134,ANANSAYA -PUNA,PUNO,MELGAR,eta5,pp,20260902,20261001,"00Z,12Z",D1,6h,0.45,1.181,S/D,14,S/D,1.0,0.0,0,S/D,1.0,0.0,0,S/D,S/D,S/D,0,S/D,S/D,S/D,0
114134,ANANSAYA -PUNA,PUNO,MELGAR,wrf5,pp,20260902,20261001,"00Z,12Z",D1,6h,0.345,0.797,S/D,18,S/D,1.0,0.0,0,S/D,1.0,0.0,0,S/D,S/D,S/D,0,S/D,S/D,S/D,0
114134,ANANSAYA -PUNA,PUNO,MELGAR,mpas15,pp,20260902,20261001,00Z,D1,6h,0.389,1.014,S/D,9,S/D,1.0,0.0,0,S/D,1.0,0.0,0,S/D,S/D,S/D,0,S/D,S/D,S/D,0
47256412,ENAFER,PUNO,PUNO,ecmwf,pp,20260902,20261001,"00Z,12Z",D1,6h,S/D,S/D,S/D,0,S/D,S/D,S/D,0,S/D,S/D,S/D,0,S/D,S/D,S/D,0,S/D,S/D,S/D,0
47256412,ENAFER,PUNO,PUNO,gfs,pp,20260902,20261001,"00Z,12Z",D1,6h,S/D,S/D,S/D,0,S/D,S/D,S/D,0,S/D,S/D,S/D,0,S/D,S/D,S/D,0,S/D,S/D,S/D,0
47256412,ENAFER,PUNO,PUNO,eta5,pp,20260902,20261001,"00Z,12Z",D1,6h,S/D,S/D,S/D,0,S/D,S/D,S/D,0,S/D,S/D,S/D,0,S/D,S/D,S/D,0,S/D,S/D,S/D,0
47256412,ENAFER,PUNO,PUNO,wrf5,pp,20260902,20261001,"00Z,12Z",D1,6h,S/D,S/D,S/D,0,S/D,S/D,S/D,0,S/D,S/D,S/D,0,S/D,S/D,S/D,0,S/D,S/D,S/D,0
47256412,ENAFER,PUNO,PUNO,mpas15,pp,20260902,20261001,00Z,D1,6h,S/D,S/D,S/D,0,S/D,S/D,S/D,0,S/D,S/D,S/D,0,S/D,S/D,S/D,0,S/D,S/D,S/D,0
472E4156,ILLPA,PUNO,PUNO,ecmwf,pp,20260902,20261001,"00Z,12Z",D1,6h,0.215,0.746,0.383,226,0.889,0.775,0.219,18,0.625,0.688,0.263,8,S/D,1.0,0.0,0,S/D,S/D,S/D,0
472E4156,ILLPA,PUNO,PUNO,gfs,pp,20260902,20261001,"00Z,12Z",D1,6h,0.501,1.803,0.439,226,0.944,0.802,0.195,18,0.75,0.793,0.194,8,S/D,1.0,0.0,0,S/D,S/D,S/D,0
472E4156,ILLPA,PUNO,PUNO,eta5,pp,20260902,20261001,"00Z,12Z",D1,6h,0.447,1.31,0.385,180,0.812,0.772,0.217,16,0.75,0.793,0.194,8,S/D,1.0,0.0,0,S/D,S/D,S/D,0
472E4156,ILLPA,PUNO,PUNO,wrf5,pp,20260902,20261001,"00Z,12Z",D1,6h,0.365,1.381,0.504,223,0.824,0.674,0.304,17,0.857,0.714,0.273,7,S/D,1.0,0.0,0,S/D,S/D,S/D,0
472E4156,ILLPA,PUNO,PUNO,mpas15,pp,20260902,20261001,00Z,D1,6h,0.413,1.448,0.171,113,0.556,0.815,0.161,9,0.75,0.842,0.15,4,S/D,1.0,0.0,0,S/D,S/D,S/D,0
472CB426,LARAQUERI,PUNO,PUNO,ecmwf,pp,20260902,20261001,"00Z,12Z",D1,6h,0.169,0.59,0.384,234,1.0,0.8,0.2,10,0.875,0.588,0.389,8,S/D,1.0,0.0,0,S/D,S/D,S/D,0
472CB426,LARAQUERI,PUNO,PUNO,gfs,pp,20260902,20261001,"00Z,12Z",D1,6h,0.482,1.759,0.394,234,1.0,0.836,0.164,10,1.0,0.652,0.348,8,S/D,1.0,0.0,0,S/D,S/D,S/D,0
472CB426,LARAQUERI,PUNO,PUNO,eta5,pp,20260902,20261001,"00Z,12Z",D1,6h,0.417,1.346,0.458,187,1.0,0.737,0.263,10,0.875,0.708,0.28,8,S/D,1.0,0.0,0,S/D,S/D,S/D,0
472CB426,LARAQUERI,PUNO,PUNO,wrf5,pp,20260902,20261001,"00Z,12Z",D1,6h,0.338,1.524,0.423,231,1.0,0.722,0.278,10,0.875,0.65,0.333,8,S/D,1.0,0.0,0,S/D,S/D,S/D,0
472CB426,LARAQUERI,PUNO,PUNO,mpas15,pp,20260902,20261001,00Z,D1,6h,0.265,0.869,0.254,117,0.8,0.81,0.182,5,1.0,0.714,0.286,4,S/D,1.0,0.0,0,S/D,S/D,S/D,0
472DD33A,PUNO,PUNO,PUNO,ecmwf,pp,20260902,20261001,"00Z,12Z",D1,6h,0.202,0.79,0.378,228,1.0,0.803,0.197,14,0.667,0.75,0.222,6,0.0,1.0,0.0,2,S/D,S/D,S/D,0
472DD33A,PUNO,PUNO,PUNO,gfs,pp,20260902,20261001,"00Z,12Z",D1,6h,0.487,1.888,0.352,228,0.929,0.849,0.149,14,0.833,0.828,0.167,6,0.0,1.0,0.0,2,S/D,S/D,S/D,0
472DD33A,PUNO,PUNO,PUNO,eta5,pp,20260902,20261001,"00Z,12Z",D1,6h,0.257,0.872,0.354,182,0.846,0.784,0.208,13,0.8,0.765,0.222,5,0.5,0.667,0.25,2,S/D,S/D,S/D,0
472DD33A,PUNO,PUNO,PUNO,wrf5,pp,20260902,20261001,"00Z,12Z",D1,6h,0.461,1.752,0.444,225,0.846,0.732,0.256,13,1.0,0.769,0.231,6,0.5,0.909,0.083,2,S/D,S/D,S/D,0
472DD33A,PUNO,PUNO,PUNO,mpas15,pp,20260902,20261001,00Z,D1,6h,0.36,1.501,0.25,114,0.714,0.737,0.238,7,0.667,0.867,0.125,3,0.0,1.0,0.0,1,S/D,S/D,S/D,0
472CF72C,JULIACA,PUNO,SAN ROMAN,ecmwf,pp,20260902,20261001,"00Z,12Z",D1,6h,0.148,0.58,0.467,226,1.0,0.705,0.295,18,0.7,0.462,0.438,10,S/D,1.0,0.0,0,S/D,S/D,S/D,0
472CF72C,JULIACA,PUNO,SAN ROMAN,gfs,pp,20260902,20261001,"00Z,12Z",D1,6h,0.412,1.754,0.442,226,0.944,0.785,0.212,18,0.5,0.75,0.2,10,S/D,1.0,0.0,0,S/D,S/D,S/D,0
472CF72C,JULIACA,PUNO,SAN ROMAN,eta5,pp,20260902,20261001,"00Z,12Z",D1,6h,0.463,1.456,0.506,180,0.941,0.673,0.32,17,0.9,0.64,0.346,10,S/D,1.0,0.0,0,S/D,S/D,S/D,0
472CF72C,JULIACA,PUNO,SAN ROMAN,wrf5,pp,20260902,20261001,"00Z,12Z",D1,6h,0.397,1.881,0.449,223,0.688,0.732,0.239,16,0.556,0.773,0.192,9,S/D,1.0,0.0,0,S/D,S/D,S/D,0
472CF72C,JULIACA,PUNO,SAN ROMAN,mpas15,pp,20260902,20261001,00Z,D1,6h,0.291,0.953,0.324,113,0.778,0.731,0.25,9,0.8,0.692,0.286,5,S/D,1.0,0.0,0,S/D,S/D,S/D,0
107142,BELLAVISTA,SAN MARTIN,BELLAVISTA,ecmwf,pp,20260902,20261001,"00Z,12Z",D1,6h,S/D,S/D,S/D,0,S/D,S/D,S/D,0,S/D,S/D,S/D,0,S/D,S/D,S/D,0,S/D,S/D,S/D,0
107142,BELLAVISTA,SAN MARTIN,BELLAVISTA,gfs,pp,20260902,20261001,"00Z,12Z",D1,6h,S/D,S/D,S/D,0,S/D,S/D,S/D,0,S/D,S/D,S/D,0,S/D,S/D,S/D,0,S/D,S/D,S/D,0
107142,BELLAVISTA,SAN MARTIN,BELLAVISTA,eta5,pp,20260902,20261001,"00Z,12Z",D1,6h,S/D,S/D,S/D,0,S/D,S/D,S/D,0,S/D,S/D,S/D,0,S/D,S/D,S/D,0,S/D,S/D,S/D,0
107142,BELLAVISTA,SAN MARTIN,BELLAVISTA,wrf5,pp,20260902,20261001,"00Z,12Z",D1,6h,S/D,S/D,S/D,0,S/D,S/D,S/D,0,S/D,S/D,S/D,0,S/D,S/D,S/D,0,S/D,S/D,S/D,0
107142,BELLAVISTA,SAN MARTIN,BELLAVISTA,mpas15,pp,20260902,20261001,00Z,D1,6h,S/D,S/D,S/D,0,S/D,S/D,S/D,0,S/D,S/D,S/D,0,S/D,S/D,S/D,0,S/D,S/D,S/D,0
210006,SHANAO,SAN MARTIN,LAMAS,ecmwf,pp,20260902,20261001,"00Z,12Z",D1,6h,S/D,S/D,S/D,0,S/D,S/D,S/D,0,S/D,S/D,S/D,0,S/D,S/D,S/D,0,S/D,S/D,S/D,0
210006,SHANAO,SAN MARTIN,LAMAS,gfs,pp,20260902,20261001,"00Z,12Z",D1,6h,S/D,S/D,S/D,0,S/D,S/D,S/D,0,S/D,S/D,S/D,0,S/D,S/D,S/D,0,S/D,S/D,S/D,0
210006,SHANAO,SAN MARTIN,LAMAS,eta5,pp,20260902,20261001,"00Z,12Z",D1,6h,S/D,S/D,S/D,0,S/D,S/D,S/D,0,S/D,S/D,S/D,0,S/D,S/D,S/D,0,S/D,S/D,S/D,0
210006,SHANAO,SAN MARTIN,LAMAS,wrf5,pp,20260902,20261001,"00Z,12Z",D1,6h,S/D,S/D,S/D,0,S/D,S/D,S/D,0,S/D,S/D,S/D,0,S/D,S/D,S/D,0,S/D,S/D,S/D,0
210006,SHANAO,SAN MARTIN,LAMAS,mpas15,pp,20260902,20261001,00Z,D1,6h,S/D,S/D,S/D,0,S/D,S/D,S/D,0,S/D,S/D,S/D,0,S/D,S/D,S/D,0,S/D,S/D,S/D,0
106144,JEPELACIO,SAN MARTIN,MOYOBAMBA,ecmwf,pp,20260902,20261001,"00Z,12Z",D1,6h,S/D,S/D,S/D,0,S/D,S/D,S/D,0,S/D,S/D,S/D,0,S/D,S/D,S/D,0,S/D,S/D,S/D,0
106144,JEPELACIO,SAN MARTIN,MOYOBAMBA,gfs,pp,20260902,20261001,"00Z,12Z",D1,6h,S/D,S/D,S/D,0,S/D,S/D,S/D,0,S/D,S/D,S/D,0,S/D,S/D,S/D,0,S/D,S/D,S/D,0
106144,JEPELACIO,SAN MARTIN,MOYOBAMBA,eta5,pp,20260902,20261001,"00Z,12Z",D1,6h,S/D,S/D,S/D,0,S/D,S/D,S/D,0,S/D,S/D,S/D,0,S/D,S/D,S/D,0,S/D,S/D,S/D,0
106144,JEPELACIO,SAN MARTIN,MOYOBAMBA,wrf5,pp,20260902,20261001,"00Z,12Z",D1,6h,S/D,S/D,S/D,0,S/D,S/D,S/D,0,S/D,S/D,S/D,0,S/D,S/D,S/D,0,S/D,S/D,S/D,0
106144,JEPELACIO,SAN MARTIN,MOYOBAMBA,mpas15,pp,20260902,20261001,00Z,D1,6h,S/D,S/D,S/D,0,S/D,S/D,S/D,0,S/D,S/D,S/D,0,S/D,S/D,S/D,0,S/D,S/D,S/D,0
106145,TINGO DE PONAZA,SAN MARTIN,PICOTA,ecmwf,pp,20260902,20261001,"00Z,12Z",D1,6h,S/D,S/D,S/D,0,S/D,S/D,S/D,0,S/D,S/D,S/D,0,S/D,S/D,S/D,0,S/D,S/D,S/D,0
106145,TINGO DE PONAZA,SAN MARTIN,PICOTA,gfs,pp,20260902,20261001,"00Z,12Z",D1,6h,S/D,S/D,S/D,0,S/D,S/D,S/D,0,S/D,S/D,S/D,0,S/D,S/D,S/D,0,S/D,S/D,S/D,0
106145,TINGO DE PONAZA,SAN MARTIN,PICOTA,eta5,pp,20260902,20261001,"00Z,12Z",D1,6h,S/D,S/D,S/D,0,S/D,S/D,S/D,0,S/D,S/D,S/D,0,S/D,S/D,S/D,0,S/D,S/D,S/D,0
106145,TINGO DE PONAZA,SAN MARTIN,PICOTA,wrf5,pp,20260902,20261001,"00Z,12Z",D1,6h,S/D,S/D,S/D,0,S/D,S/D,S/D,0,S/D,S/D,S/D,0,S/D,S/D,S/D,0,S/D,S/D,S/D,0
106145,TINGO DE PONAZA,SAN MARTIN,PICOTA,mpas15,pp,20260902,20261001,00Z,D1,6h,S/D,S/D,S/D,0,S/D,S/D,S/D,0,S/D,S/D,S/D,0,S/D,S/D,S/D,0,S/D,S/D,S/D,0
4724851A,NARANJILLO,SAN MARTIN,RIOJA,ecmwf,pp,20260902,20261001,"00Z,12Z",D1,6h,1.277,3.316,0.373,220,0.971,0.799,0.2,34,0.727,0.833,0.157,22,0.625,0.792,0.185,8,0.0,S/D,0.0,2
4724851A,NARANJILLO,SAN MARTIN,RIOJA,gfs,pp,20260902,20261001,"00Z,12Z",D1,6h,0.558,3.242,0.309,220,0.941,0.797,0.2,34,0.591,0.851,0.135,22,0.125,0.833,0.077,8,0.0,S/D,0.0,2
4724851A,NARANJILLO,SAN MARTIN,RIOJA,eta5,pp,20260902,20261001,"00Z,12Z",D1,6h,1.838,5.13,0.204,177,0.724,0.829,0.16,29,0.571,0.859,0.128,21,0.5,0.857,0.125,8,0.0,1.0,0.0,2
4724851A,NARANJILLO,SAN MARTIN,RIOJA,wrf5,pp,20260902,20261001,"00Z,12Z",D1,6h,0.258,4.343,0.385,217,0.706,0.631,0.32,34,0.409,0.75,0.184,22,0.0,1.0,0.0,8,0.0,1.0,0.0,2
4724851A,NARANJILLO,SAN MARTIN,RIOJA,mpas15,pp,20260902,20261001,00Z,D1,6h,1.134,2.754,0.4,110,0.882,0.741,0.25,17,0.727,0.826,0.163,11,0.75,0.812,0.176,4,0.0,S/D,0.0,1
4723013A,EL PORVENIR,SAN MARTIN,SAN MARTIN,ecmwf,pp,20260902,20261001,"00Z,12Z",D1,6h,1.744,5.044,0.458,194,1.0,0.839,0.161,18,1.0,0.826,0.174,12,1.0,0.789,0.211,4,S/D,1.0,0.0,0
4723013A,EL PORVENIR,SAN MARTIN,SAN MARTIN,gfs,pp,20260902,20261001,"00Z,12Z",D1,6h,0.861,2.652,0.308,194,0.778,0.864,0.131,18,0.833,0.828,0.167,12,1.0,0.667,0.333,4,S/D,1.0,0.0,0
4723013A,EL PORVENIR,SAN MARTIN,SAN MARTIN,eta5,pp,20260902,20261001,"00Z,12Z",D1,6h,1.507,3.619,0.337,164,0.812,0.84,0.155,16,0.818,0.859,0.136,11,0.75,0.864,0.13,4,S/D,S/D,S/D,0
4723013A,EL PORVENIR,SAN MARTIN,SAN MARTIN,wrf5,pp,20260902,20261001,"00Z,12Z",D1,6h,0.003,2.585,0.393,191,0.5,0.64,0.265,18,0.583,0.5,0.368,12,0.5,0.5,0.333,4,S/D,S/D,S/D,0
4723013A,EL PORVENIR,SAN MARTIN,SAN MARTIN,mpas15,pp,20260902,20261001,00Z,D1,6h,0.88,2.082,0.361,97,0.889,0.784,0.211,9,0.833,0.839,0.156,6,1.0,0.714,0.286,2,S/D,1.0,0.0,0
47E2E456,TOCACHE,SAN MARTIN,TOCACHE,ecmwf,pp,20260902,20261001,"00Z,12Z",D1,6h,1.358,3.035,0.301,230,0.923,0.845,0.153,26,S/D,1.0,0.0,0,S/D,1.0,0.0,0,S/D,S/D,S/D,0
47E2E456,TOCACHE,SAN MARTIN,TOCACHE,gfs,pp,20260902,20261001,"00Z,12Z",D1,6h,1.544,2.911,0.266,230,1.0,0.84,0.16,26,S/D,1.0,0.0,0,S/D,1.0,0.0,0,S/D,S/D,S/D,0
47E2E456,TOCACHE,SAN MARTIN,TOCACHE,eta5,pp,20260902,20261001,"00Z,12Z",D1,6h,3.231,5.681,0.143,186,0.696,0.861,0.131,23,S/D,1.0,0.0,0,S/D,1.0,0.0,0,S/D,S/D,S/D,0
47E2E456,TOCACHE,SAN MARTIN,TOCACHE,wrf5,pp,20260902,20261001,"00Z,12Z",D1,6h,1.584,5.945,0.26,226,0.56,0.778,0.189,25,S/D,1.0,0.0,0,S/D,1.0,0.0,0,S/D,1.0,0.0,0
47E2E456,TOCACHE,SAN MARTIN,TOCACHE,mpas15,pp,20260902,20261001,00Z,D1,6h,2.567,4.553,0.356,115,1.0,0.831,0.169,13,S/D,1.0,0.0,0,S/D,1.0,0.0,0,S/D,S/D,S/D,0
47E2C2BA,CANDARAVE,TACNA,CANDARAVE,ecmwf,pp,20260902,20261001,"00Z,12Z",D1,6h,0.032,0.185,0.233,234,1.0,0.778,0.222,2,S/D,1.0,0.0,0,S/D,S/D,S/D,0,S/D,S/D,S/D,0
47E2C2BA,CANDARAVE,TACNA,CANDARAVE,gfs,pp,20260902,20261001,"00Z,12Z",D1,6h,0.071,0.341,0.252,234,1.0,0.895,0.105,2,S/D,1.0,0.0,0,S/D,S/D,S/D,0,S/D,S/D,S/D,0
47E2C2BA,CANDARAVE,TACNA,CANDARAVE,eta5,pp,20260902,20261001,"00Z,12Z",D1,6h,0.048,0.352,0.432,187,1.0,0.714,0.286,2,S/D,1.0,0.0,0,S/D,S/D,S/D,0,S/D,S/D,S/D,0
47E2C2BA,CANDARAVE,TACNA,CANDARAVE,wrf5,pp,20260902,20261001,"00Z,12Z",D1,6h,0.031,0.299,-0.02,230,0.0,1.0,0.0,2,S/D,1.0,0.0,0,S/D,S/D,S/D,0,S/D,S/D,S/D,0
47E2C2BA,CANDARAVE,TACNA,CANDARAVE,mpas15,pp,20260902,20261001,00Z,D1,6h,0.037,0.232,-0.063,117,0.0,1.0,0.0,1,S/D,1.0,0.0,0,S/D,S/D,S/D,0,S/D,S/D,S/D,0
47E1654C,CORACHAY II,TACNA,CANDARAVE,ecmwf,pp,20260902,20261001,"00Z,12Z",D1,6h,0.12,0.424,0.209,234,0.75,0.912,0.086,4,S/D,1.0,0.0,0,S/D,S/D,S/D,0,S/D,S/D,S/D,0
47E1654C,CORACHAY II,TACNA,CANDARAVE,gfs,pp,20260902,20261001,"00Z,12Z",D1,6h,0.157,0.638,0.324,234,1.0,0.889,0.111,4,S/D,1.0,0.0,0,S/D,1.0,0.0,0,S/D,S/D,S/D,0
47E1654C,CORACHAY II,TACNA,CANDARAVE,eta5,pp,20260902,20261001,"00Z,12Z",D1,6h,0.078,0.412,0.365,187,1.0,0.7,0.3,3,S/D,1.0,0.0,0,S/D,S/D,S/D,0,S/D,S/D,S/D,0
47E1654C,CORACHAY II,TACNA,CANDARAVE,wrf5,pp,20260902,20261001,"00Z,12Z",D1,6h,0.084,0.516,0.375,230,0.75,0.769,0.214,4,S/D,1.0,0.0,0,S/D,1.0,0.0,0,S/D,S/D,S/D,0
47E1654C,CORACHAY II,TACNA,CANDARAVE,mpas15,pp,20260902,20261001,00Z,D1,6h,0.084,0.351,0.081,117,0.5,0.9,0.091,2,S/D,1.0,0.0,0,S/D,S/D,S/D,0,S/D,S/D,S/D,0
47E12646,LAGUNA ARICOTA,TACNA,CANDARAVE,ecmwf,pp,20260902,20261001,"00Z,12Z",D1,6h,0.031,0.183,S/D,236,S/D,1.0,0.0,0,S/D,1.0,0.0,0,S/D,S/D,S/D,0,S/D,S/D,S/D,0
47E12646,LAGUNA ARICOTA,TACNA,CANDARAVE,gfs,pp,20260902,20261001,"00Z,12Z",D1,6h,0.074,0.352,S/D,236,S/D,1.0,0.0,0,S/D,1.0,0.0,0,S/D,S/D,S/D,0,S/D,S/D,S/D,0
47E12646,LAGUNA ARICOTA,TACNA,CANDARAVE,eta5,pp,20260902,20261001,"00Z,12Z",D1,6h,0.011,0.084,S/D,189,S/D,1.0,0.0,0,S/D,S/D,S/D,0,S/D,S/D,S/D,0,S/D,S/D,S/D,0
47E12646,LAGUNA ARICOTA,TACNA,CANDARAVE,wrf5,pp,20260902,20261001,"00Z,12Z",D1,6h,0.027,0.264,S/D,232,S/D,1.0,0.0,0,S/D,1.0,0.0,0,S/D,S/D,S/D,0,S/D,S/D,S/D,0
47E12646,LAGUNA ARICOTA,TACNA,CANDARAVE,mpas15,pp,20260902,20261001,00Z,D1,6h,0.008,0.092,S/D,118,S/D,1.0,0.0,0,S/D,1.0,0.0,0,S/D,S/D,S/D,0,S/D,S/D,S/D,0
47E186BE,PUENTE VIEJO,TACNA,JORGE BASADRE,ecmwf,pp,20260902,20261001,"00Z,12Z",D1,6h,-0.323,2.126,0.049,232,0.167,0.821,0.094,30,0.0,S/D,0.0,12,0.0,S/D,0.0,4,S/D,S/D,S/D,0
47E186BE,PUENTE VIEJO,TACNA,JORGE BASADRE,gfs,pp,20260902,20261001,"00Z,12Z",D1,6h,-0.355,2.13,0.174,232,0.0,S/D,0.0,30,0.0,S/D,0.0,12,0.0,S/D,0.0,4,S/D,S/D,S/D,0
47E186BE,PUENTE VIEJO,TACNA,JORGE BASADRE,eta5,pp,20260902,20261001,"00Z,12Z",D1,6h,-0.297,1.766,-0.042,186,0.0,S/D,0.0,26,0.0,S/D,0.0,9,0.0,S/D,0.0,3,S/D,S/D,S/D,0
47E186BE,PUENTE VIEJO,TACNA,JORGE BASADRE,wrf5,pp,20260902,20261001,"00Z,12Z",D1,6h,-0.358,2.144,0.046,229,0.0,1.0,0.0,30,0.0,S/D,0.0,12,0.0,S/D,0.0,4,S/D,S/D,S/D,0
47E186BE,PUENTE VIEJO,TACNA,JORGE BASADRE,mpas15,pp,20260902,20261001,00Z,D1,6h,-0.347,2.131,0.008,116,0.0,1.0,0.0,15,0.0,S/D,0.0,6,0.0,S/D,0.0,2,S/D,S/D,S/D,0
47E2B42A,BOCATOMA EL AYRO,TACNA,TACNA,ecmwf,pp,20260902,20261001,"00Z,12Z",D1,6h,0.071,0.355,0.275,234,0.833,0.839,0.156,6,0.0,1.0,0.0,2,S/D,S/D,S/D,0,S/D,S/D,S/D,0
47E2B42A,BOCATOMA EL AYRO,TACNA,TACNA,gfs,pp,20260902,20261001,"00Z,12Z",D1,6h,0.193,0.867,0.427,234,1.0,0.778,0.222,6,1.0,0.833,0.167,2,S/D,1.0,0.0,0,S/D,S/D,S/D,0
47E2B42A,BOCATOMA EL AYRO,TACNA,TACNA,eta5,pp,20260902,20261001,"00Z,12Z",D1,6h,0.129,0.586,0.415,187,1.0,0.692,0.308,4,1.0,0.75,0.25,2,S/D,S/D,S/D,0,S/D,S/D,S/D,0
47E2B42A,BOCATOMA EL AYRO,TACNA,TACNA,wrf5,pp,20260902,20261001,"00Z,12Z",D1,6h,0.075,0.63,0.502,230,1.0,0.684,0.316,6,0.5,0.8,0.167,2,S/D,1.0,0.0,0,S/D,S/D,S/D,0
47E2B42A,BOCATOMA EL AYRO,TACNA,TACNA,mpas15,pp,20260902,20261001,00Z,D1,6h,0.108,0.671,0.321,117,1.0,0.5,0.5,3,1.0,0.8,0.2,1,S/D,1.0,0.0,0,S/D,S/D,S/D,0
47E143A0,CAPLINA,TACNA,TACNA,ecmwf,pp,20260902,20261001,"00Z,12Z",D1,6h,0.003,0.066,0.382,226,0.5,0.5,0.333,6,S/D,S/D,S/D,0,S/D,S/D,S/D,0,S/D,S/D,S/D,0
47E143A0,CAPLINA,TACNA,TACNA,gfs,pp,20260902,20261001,"00Z,12Z",D1,6h,0.057,0.293,0.53,226,0.833,0.615,0.357,6,S/D,1.0,0.0,0,S/D,S/D,S/D,0,S/D,S/D,S/D,0
47E143A0,CAPLINA,TACNA,TACNA,eta5,pp,20260902,20261001,"00Z,12Z",D1,6h,0.068,0.458,0.464,183,0.75,0.625,0.333,4,S/D,1.0,0.0,0,S/D,1.0,0.0,0,S/D,S/D,S/D,0
47E143A0,CAPLINA,TACNA,TACNA,wrf5,pp,20260902,20261001,"00Z,12Z",D1,6h,0.089,0.532,0.605,222,0.833,0.615,0.357,6,S/D,1.0,0.0,0,S/D,1.0,0.0,0,S/D,S/D,S/D,0
47E143A0,CAPLINA,TACNA,TACNA,mpas15,pp,20260902,20261001,00Z,D1,6h,0.036,0.24,0.288,113,0.667,0.333,0.5,3,S/D,1.0,0.0,0,S/D,S/D,S/D,0,S/D,S/D,S/D,0
47E13530,CERRO BLANCO,TACNA,TACNA,ecmwf,pp,20260902,20261001,"00Z,12Z",D1,6h,-0.071,0.222,0.531,232,0.237,0.182,0.225,38,0.0,S/D,0.0,2,S/D,S/D,S/D,0,S/D,S/D,S/D,0
47E13530,CERRO BLANCO,TACNA,TACNA,gfs,pp,20260902,20261001,"00Z,12Z",D1,6h,-0.085,0.249,-0.029,232,0.0,S/D,0.0,38,0.0,S/D,0.0,2,S/D,S/D,S/D,0,S/D,S/D,S/D,0
47E13530,CERRO BLANCO,TACNA,TACNA,eta5,pp,20260902,20261001,"00Z,12Z",D1,6h,-0.094,0.265,S/D,186,0.0,S/D,0.0,34,0.0,S/D,0.0,2,S/D,S/D,S/D,0,S/D,S/D,S/D,0
47E13530,CERRO BLANCO,TACNA,TACNA,wrf5,pp,20260902,20261001,"00Z,12Z",D1,6h,-0.084,0.249,0.456,228,0.0,1.0,0.0,38,0.0,S/D,0.0,2,S/D,S/D,S/D,0,S/D,S/D,S/D,0
47E13530,CERRO BLANCO,TACNA,TACNA,mpas15,pp,20260902,20261001,00Z,D1,6h,-0.085,0.249,-0.06,116,0.0,S/D,0.0,19,0.0,S/D,0.0,1,S/D,S/D,S/D,0,S/D,S/D,S/D,0
47E195C8,CHALLATA,TACNA,TACNA,ecmwf,pp,20260902,20261001,"00Z,12Z",D1,6h,0.011,0.069,S/D,230,S/D,1.0,0.0,0,S/D,S/D,S/D,0,S/D,S/D,S/D,0,S/D,S/D,S/D,0
47E195C8,CHALLATA,TACNA,TACNA,gfs,pp,20260902,20261001,"00Z,12Z",D1,6h,0.064,0.316,S/D,230,S/D,1.0,0.0,0,S/D,1.0,0.0,0,S/D,S/D,S/D,0,S/D,S/D,S/D,0
47E195C8,CHALLATA,TACNA,TACNA,eta5,pp,20260902,20261001,"00Z,12Z",D1,6h,0.024,0.274,S/D,185,S/D,1.0,0.0,0,S/D,1.0,0.0,0,S/D,S/D,S/D,0,S/D,S/D,S/D,0
47E195C8,CHALLATA,TACNA,TACNA,wrf5,pp,20260902,20261001,"00Z,12Z",D1,6h,0.004,0.044,S/D,226,S/D,1.0,0.0,0,S/D,S/D,S/D,0,S/D,S/D,S/D,0,S/D,S/D,S/D,0
47E195C8,CHALLATA,TACNA,TACNA,mpas15,pp,20260902,20261001,00Z,D1,6h,0.0,0.0,S/D,115,S/D,S/D,S/D,0,S/D,S/D,S/D,0,S/D,S/D,S/D,0,S/D,S/D,S/D,0
4722F344,LA TRANCA,TACNA,TACNA,ecmwf,pp,20260902,20261001,"00Z,12Z",D1,6h,S/D,S/D,S/D,0,S/D,S/D,S/D,0,S/D,S/D,S/D,0,S/D,S/D,S/D,0,S/D,S/D,S/D,0
4722F344,LA TRANCA,TACNA,TACNA,gfs,pp,20260902,20261001,"00Z,12Z",D1,6h,S/D,S/D,S/D,0,S/D,S/D,S/D,0,S/D,S/D,S/D,0,S/D,S/D,S/D,0,S/D,S/D,S/D,0
4722F344,LA TRANCA,TACNA,TACNA,eta5,pp,20260902,20261001,"00Z,12Z",D1,6h,S/D,S/D,S/D,0,S/D,S/D,S/D,0,S/D,S/D,S/D,0,S/D,S/D,S/D,0,S/D,S/D,S/D,0
4722F344,LA TRANCA,TACNA,TACNA,wrf5,pp,20260902,20261001,"00Z,12Z",D1,6h,S/D,S/D,S/D,0,S/D,S/D,S/D,0,S/D,S/D,S/D,0,S/D,S/D,S/D,0,S/D,S/D,S/D,0
4722F344,LA TRANCA,TACNA,TACNA,mpas15,pp,20260902,20261001,00Z,D1,6h,S/D,S/D,S/D,0,S/D,S/D,S/D,0,S/D,S/D,S/D,0,S/D,S/D,S/D,0,S/D,S/D,S/D,0
47E113DC,REPRESA PAUCARANI,TACNA,TACNA,ecmwf,pp,20260902,20261001,"00Z,12Z",D1,6h,0.078,0.328,0.316,232,0.625,0.821,0.161,8,S/D,1.0,0.0,0,S/D,S/D,S/D,0,S/D,S/D,S/D,0
47E113DC,REPRESA PAUCARANI,TACNA,TACNA,gfs,pp,20260902,20261001,"00Z,12Z",D1,6h,0.141,0.681,0.362,232,0.75,0.739,0.24,8,S/D,1.0,0.0,0,S/D,1.0,0.0,0,S/D,S/D,S/D,0
47E113DC,REPRESA PAUCARANI,TACNA,TACNA,eta5,pp,20260902,20261001,"00Z,12Z",D1,6h,0.118,0.588,0.309,186,0.667,0.789,0.19,6,S/D,1.0,0.0,0,S/D,1.0,0.0,0,S/D,S/D,S/D,0
47E113DC,REPRESA PAUCARANI,TACNA,TACNA,wrf5,pp,20260902,20261001,"00Z,12Z",D1,6h,0.117,0.818,0.438,228,0.625,0.688,0.263,8,S/D,1.0,0.0,0,S/D,1.0,0.0,0,S/D,S/D,S/D,0
47E113DC,REPRESA PAUCARANI,TACNA,TACNA,mpas15,pp,20260902,20261001,00Z,D1,6h,0.028,0.211,0.286,116,0.5,0.333,0.4,4,S/D,1.0,0.0,0,S/D,S/D,S/D,0,S/D,S/D,S/D,0
117059,ANCOAQUE,TACNA,TARATA,ecmwf,pp,20260902,20261001,"00Z,12Z",D1,6h,0.067,0.35,0.235,186,0.667,0.714,0.25,6,S/D,1.0,0.0,0,S/D,S/D,S/D,0,S/D,S/D,S/D,0
117059,ANCOAQUE,TACNA,TARATA,gfs,pp,20260902,20261001,"00Z,12Z",D1,6h,0.141,0.689,0.296,186,0.667,0.826,0.16,6,S/D,1.0,0.0,0,S/D,1.0,0.0,0,S/D,S/D,S/D,0
117059,ANCOAQUE,TACNA,TARATA,eta5,pp,20260902,20261001,"00Z,12Z",D1,6h,0.085,0.401,0.27,148,0.6,0.727,0.231,5,S/D,1.0,0.0,0,S/D,S/D,S/D,0,S/D,S/D,S/D,0
117059,ANCOAQUE,TACNA,TARATA,wrf5,pp,20260902,20261001,"00Z,12Z",D1,6h,0.113,0.84,0.35,183,0.667,0.692,0.267,6,S/D,1.0,0.0,0,S/D,1.0,0.0,0,S/D,S/D,S/D,0
117059,ANCOAQUE,TACNA,TARATA,mpas15,pp,20260902,20261001,00Z,D1,6h,0.286,0.927,0.308,93,1.0,0.75,0.25,3,S/D,1.0,0.0,0,S/D,1.0,0.0,0,S/D,S/D,S/D,0
47E292C6,CHUAPALCA,TACNA,TARATA,ecmwf,pp,20260902,20261001,"00Z,12Z",D1,6h,0.072,0.389,0.28,230,1.0,0.826,0.174,4,S/D,1.0,0.0,0,S/D,S/D,S/D,0,S/D,S/D,S/D,0
47E292C6,CHUAPALCA,TACNA,TARATA,gfs,pp,20260902,20261001,"00Z,12Z",D1,6h,0.214,0.887,0.339,230,1.0,0.875,0.125,4,S/D,1.0,0.0,0,S/D,1.0,0.0,0,S/D,S/D,S/D,0
47E292C6,CHUAPALCA,TACNA,TARATA,eta5,pp,20260902,20261001,"00Z,12Z",D1,6h,0.165,0.678,0.369,183,1.0,0.824,0.176,3,S/D,1.0,0.0,0,S/D,S/D,S/D,0,S/D,S/D,S/D,0
47E292C6,CHUAPALCA,TACNA,TARATA,wrf5,pp,20260902,20261001,"00Z,12Z",D1,6h,0.091,0.46,0.392,226,1.0,0.8,0.2,4,S/D,1.0,0.0,0,S/D,S/D,S/D,0,S/D,S/D,S/D,0
47E292C6,CHUAPALCA,TACNA,TARATA,mpas15,pp,20260902,20261001,00Z,D1,6h,0.237,0.778,0.232,115,1.0,0.882,0.118,2,S/D,1.0,0.0,0,S/D,1.0,0.0,0,S/D,S/D,S/D,0
47E150D6,PUENTE TALAPALCA,TACNA,TARATA,ecmwf,pp,20260902,20261001,"00Z,12Z",D1,6h,0.006,0.034,S/D,228,S/D,1.0,0.0,0,S/D,S/D,S/D,0,S/D,S/D,S/D,0,S/D,S/D,S/D,0
47E150D6,PUENTE TALAPALCA,TACNA,TARATA,gfs,pp,20260902,20261001,"00Z,12Z",D1,6h,0.012,0.074,S/D,228,S/D,1.0,0.0,0,S/D,S/D,S/D,0,S/D,S/D,S/D,0,S/D,S/D,S/D,0
47E150D6,PUENTE TALAPALCA,TACNA,TARATA,eta5,pp,20260902,20261001,"00Z,12Z",D1,6h,0.031,0.223,S/D,183,S/D,1.0,0.0,0,S/D,1.0,0.0,0,S/D,S/D,S/D,0,S/D,S/D,S/D,0
47E150D6,PUENTE TALAPALCA,TACNA,TARATA,wrf5,pp,20260902,20261001,"00Z,12Z",D1,6h,0.005,0.042,S/D,224,S/D,1.0,0.0,0,S/D,S/D,S/D,0,S/D,S/D,S/D,0,S/D,S/D,S/D,0
47E150D6,PUENTE TALAPALCA,TACNA,TARATA,mpas15,pp,20260902,20261001,00Z,D1,6h,0.026,0.162,S/D,114,S/D,1.0,0.0,0,S/D,1.0,0.0,0,S/D,S/D,S/D,0,S/D,S/D,S/D,0
47E1B324,REPRESA JARUMAS,TACNA,TARATA,ecmwf,pp,20260902,20261001,"00Z,12Z",D1,6h,0.079,0.434,0.134,234,0.375,0.824,0.136,8,S/D,1.0,0.0,0,S/D,S/D,S/D,0,S/D,S/D,S/D,0
47E1B324,REPRESA JARUMAS,TACNA,TARATA,gfs,pp,20260902,20261001,"00Z,12Z",D1,6h,0.145,0.716,0.18,234,0.5,0.862,0.121,8,S/D,1.0,0.0,0,S/D,1.0,0.0,0,S/D,S/D,S/D,0
47E1B324,REPRESA JARUMAS,TACNA,TARATA,eta5,pp,20260902,20261001,"00Z,12Z",D1,6h,0.113,0.556,0.173,188,0.429,0.812,0.15,7,S/D,1.0,0.0,0,S/D,S/D,S/D,0,S/D,S/D,S/D,0
47E1B324,REPRESA JARUMAS,TACNA,TARATA,wrf5,pp,20260902,20261001,"00Z,12Z",D1,6h,0.12,0.773,0.242,230,0.375,0.786,0.158,8,S/D,1.0,0.0,0,S/D,1.0,0.0,0,S/D,S/D,S/D,0
47E1B324,REPRESA JARUMAS,TACNA,TARATA,mpas15,pp,20260902,20261001,00Z,D1,6h,0.056,0.302,0.166,117,0.25,0.857,0.1,4,S/D,1.0,0.0,0,S/D,S/D,S/D,0,S/D,S/D,S/D,0
47E1763A,SALIDA TUNEL KOVIRE,TACNA,TARATA,ecmwf,pp,20260902,20261001,"00Z,12Z",D1,6h,0.07,0.392,0.377,234,0.75,0.647,0.316,8,S/D,1.0,0.0,0,S/D,S/D,S/D,0,S/D,S/D,S/D,0
47E1763A,SALIDA TUNEL KOVIRE,TACNA,TARATA,gfs,pp,20260902,20261001,"00Z,12Z",D1,6h,0.137,0.663,0.476,234,1.0,0.724,0.276,8,S/D,1.0,0.0,0,S/D,1.0,0.0,0,S/D,S/D,S/D,0
47E1763A,SALIDA TUNEL KOVIRE,TACNA,TARATA,eta5,pp,20260902,20261001,"00Z,12Z",D1,6h,0.108,0.563,0.446,187,1.0,0.688,0.312,5,S/D,1.0,0.0,0,S/D,1.0,0.0,0,S/D,S/D,S/D,0
47E1763A,SALIDA TUNEL KOVIRE,TACNA,TARATA,wrf5,pp,20260902,20261001,"00Z,12Z",D1,6h,0.11,0.726,0.522,230,0.875,0.5,0.467,8,S/D,1.0,0.0,0,S/D,1.0,0.0,0,S/D,S/D,S/D,0
47E1763A,SALIDA TUNEL KOVIRE,TACNA,TARATA,mpas15,pp,20260902,20261001,00Z,D1,6h,0.065,0.324,0.324,117,0.75,0.571,0.375,4,S/D,1.0,0.0,0,S/D,S/D,S/D,0,S/D,S/D,S/D,0
47E2D1CC,TARATA,TACNA,TARATA,ecmwf,pp,20260902,20261001,"00Z,12Z",D1,6h,0.021,0.196,0.595,234,0.5,0.545,0.312,10,0.5,0.667,0.25,2,S/D,S/D,S/D,0,S/D,S/D,S/D,0
47E2D1CC,TARATA,TACNA,TARATA,gfs,pp,20260902,20261001,"00Z,12Z",D1,6h,0.08,0.407,0.558,234,0.8,0.6,0.364,10,1.0,0.75,0.25,2,S/D,S/D,S/D,0,S/D,S/D,S/D,0
47E2D1CC,TARATA,TACNA,TARATA,eta5,pp,20260902,20261001,"00Z,12Z",D1,6h,0.056,0.41,0.562,187,0.714,0.444,0.455,7,0.0,1.0,0.0,1,S/D,S/D,S/D,0,S/D,S/D,S/D,0
47E2D1CC,TARATA,TACNA,TARATA,wrf5,pp,20260902,20261001,"00Z,12Z",D1,6h,0.025,0.256,0.655,230,0.4,0.333,0.333,10,0.0,1.0,0.0,2,S/D,S/D,S/D,0,S/D,S/D,S/D,0
47E2D1CC,TARATA,TACNA,TARATA,mpas15,pp,20260902,20261001,00Z,D1,6h,0.063,0.294,0.418,117,1.0,0.167,0.833,5,1.0,0.8,0.2,1,S/D,S/D,S/D,0,S/D,S/D,S/D,0
47E2A75C,VILACOTA,TACNA,TARATA,ecmwf,pp,20260902,20261001,"00Z,12Z",D1,6h,0.122,0.436,0.257,236,1.0,0.879,0.121,4,S/D,1.0,0.0,0,S/D,S/D,S/D,0,S/D,S/D,S/D,0
47E2A75C,VILACOTA,TACNA,TARATA,gfs,pp,20260902,20261001,"00Z,12Z",D1,6h,0.201,0.838,0.309,236,1.0,0.871,0.129,4,S/D,1.0,0.0,0,S/D,1.0,0.0,0,S/D,S/D,S/D,0
47E2A75C,VILACOTA,TACNA,TARATA,eta5,pp,20260902,20261001,"00Z,12Z",D1,6h,0.107,0.512,0.359,190,1.0,0.75,0.25,4,S/D,1.0,0.0,0,S/D,S/D,S/D,0,S/D,S/D,S/D,0
47E2A75C,VILACOTA,TACNA,TARATA,wrf5,pp,20260902,20261001,"00Z,12Z",D1,6h,0.083,0.55,0.317,232,1.0,0.778,0.222,4,S/D,1.0,0.0,0,S/D,1.0,0.0,0,S/D,S/D,S/D,0
47E2A75C,VILACOTA,TACNA,TARATA,mpas15,pp,20260902,20261001,00Z,D1,6h,0.395,1.202,0.246,118,1.0,0.9,0.1,2,S/D,1.0,0.0,0,S/D,1.0,0.0,0,S/D,S/D,S/D,0
472F13D0,CAÑAVERAL,TUMBES,CONTRALMIRANTE VILLAR,ecmwf,pp,20260902,20261001,"00Z,12Z",D1,6h,-0.404,6.664,0.361,234,0.611,0.761,0.208,18,0.9,0.55,0.429,10,0.375,0.0,0.375,8,0.0,S/D,0.0,2
472F13D0,CAÑAVERAL,TUMBES,CONTRALMIRANTE VILLAR,gfs,pp,20260902,20261001,"00Z,12Z",D1,6h,-0.579,6.649,0.414,234,0.722,0.735,0.241,18,0.9,0.4,0.562,10,0.375,0.0,0.375,8,0.0,S/D,0.0,2
472F13D0,CAÑAVERAL,TUMBES,CONTRALMIRANTE VILLAR,eta5,pp,20260902,20261001,"00Z,12Z",D1,6h,0.013,5.711,0.158,188,0.636,0.883,0.109,11,0.6,0.903,0.091,5,0.2,0.667,0.143,5,0.0,S/D,0.0,1
472F13D0,CAÑAVERAL,TUMBES,CONTRALMIRANTE VILLAR,wrf5,pp,20260902,20261001,"00Z,12Z",D1,6h,-0.778,6.933,0.323,230,0.5,0.667,0.25,18,0.4,0.333,0.333,10,0.0,S/D,0.0,8,0.0,S/D,0.0,2
472F13D0,CAÑAVERAL,TUMBES,CONTRALMIRANTE VILLAR,mpas15,pp,20260902,20261001,00Z,D1,6h,-0.746,6.885,0.251,117,0.333,0.667,0.2,9,0.2,0.8,0.111,5,0.0,S/D,0.0,4,0.0,S/D,0.0,1
47E01126,CABO INGA H,TUMBES,TUMBES,ecmwf,pp,20260902,20261001,"00Z,12Z",D1,6h,-0.596,5.663,0.365,228,0.675,0.679,0.278,40,0.65,0.639,0.302,20,0.333,0.429,0.267,12,0.0,S/D,0.0,4
47E01126,CABO INGA H,TUMBES,TUMBES,gfs,pp,20260902,20261001,"00Z,12Z",D1,6h,-0.849,5.742,0.445,228,0.65,0.634,0.306,40,0.55,0.577,0.314,20,0.333,0.0,0.333,12,0.0,S/D,0.0,4
47E01126,CABO INGA H,TUMBES,TUMBES,eta5,pp,20260902,20261001,"00Z,12Z",D1,6h,0.413,5.398,0.209,183,0.633,0.768,0.204,30,0.6,0.839,0.145,15,0.125,0.938,0.043,8,0.0,S/D,0.0,2
47E01126,CABO INGA H,TUMBES,TUMBES,wrf5,pp,20260902,20261001,"00Z,12Z",D1,6h,-0.683,5.627,0.396,224,0.575,0.511,0.359,40,0.45,0.471,0.321,20,0.333,0.333,0.286,12,0.25,0.0,0.25,4
47E01126,CABO INGA H,TUMBES,TUMBES,mpas15,pp,20260902,20261001,00Z,D1,6h,-0.957,6.268,0.151,114,0.35,0.696,0.194,20,0.3,0.786,0.143,10,0.167,0.0,0.167,6,0.0,S/D,0.0,2
472F00A6,CABO INGA M,TUMBES,TUMBES,ecmwf,pp,20260902,20261001,"00Z,12Z",D1,6h,-0.838,6.398,0.412,232,0.725,0.655,0.305,40,0.636,0.622,0.311,22,0.357,0.375,0.294,14,0.0,S/D,0.0,4
472F00A6,CABO INGA M,TUMBES,TUMBES,gfs,pp,20260902,20261001,"00Z,12Z",D1,6h,-1.071,6.443,0.439,232,0.625,0.643,0.294,40,0.591,0.536,0.351,22,0.357,0.0,0.357,14,0.0,S/D,0.0,4
472F00A6,CABO INGA M,TUMBES,TUMBES,eta5,pp,20260902,20261001,"00Z,12Z",D1,6h,0.268,5.841,0.251,185,0.704,0.768,0.211,27,0.667,0.828,0.159,15,0.222,0.882,0.083,9,0.0,S/D,0.0,2
472F00A6,CABO INGA M,TUMBES,TUMBES,wrf5,pp,20260902,20261001,"00Z,12Z",D1,6h,-0.851,6.27,0.399,228,0.55,0.511,0.349,40,0.591,0.458,0.394,22,0.357,0.375,0.294,14,0.25,0.0,0.25,4
472F00A6,CABO INGA M,TUMBES,TUMBES,mpas15,pp,20260902,20261001,00Z,D1,6h,-1.223,7.03,0.183,116,0.35,0.696,0.194,20,0.273,0.786,0.136,11,0.143,0.0,0.143,7,0.0,S/D,0.0,2
472EF2D8,CAMPAMENTO SEDE,TUMBES,TUMBES,ecmwf,pp,20260902,20261001,"00Z,12Z",D1,6h,0.269,1.95,0.186,170,0.5,0.765,0.19,16,0.0,1.0,0.0,2,0.0,1.0,0.0,2,S/D,S/D,S/D,0
472EF2D8,CAMPAMENTO SEDE,TUMBES,TUMBES,gfs,pp,20260902,20261001,"00Z,12Z",D1,6h,-0.048,0.971,0.074,170,0.25,0.857,0.1,16,0.0,1.0,0.0,2,0.0,S/D,0.0,2,S/D,S/D,S/D,0
472EF2D8,CAMPAMENTO SEDE,TUMBES,TUMBES,eta5,pp,20260902,20261001,"00Z,12Z",D1,6h,0.576,1.71,-0.017,132,0.364,0.905,0.082,11,1.0,0.952,0.048,1,0.0,1.0,0.0,1,S/D,S/D,S/D,0
472EF2D8,CAMPAMENTO SEDE,TUMBES,TUMBES,wrf5,pp,20260902,20261001,"00Z,12Z",D1,6h,-0.06,0.988,-0.047,169,0.125,0.882,0.065,16,0.0,1.0,0.0,2,0.0,S/D,0.0,2,S/D,S/D,S/D,0
472EF2D8,CAMPAMENTO SEDE,TUMBES,TUMBES,mpas15,pp,20260902,20261001,00Z,D1,6h,0.059,1.239,0.087,85,0.25,0.714,0.154,8,1.0,0.8,0.2,1,0.0,1.0,0.0,1,S/D,S/D,S/D,0
4724A3F6,EL TIGRE,TUMBES,TUMBES,ecmwf,pp,20260902,20261001,"00Z,12Z",D1,6h,0.508,1.963,0.268,220,1.0,0.895,0.105,8,1.0,0.92,0.08,2,0.0,1.0,0.0,2,S/D,S/D,S/D,0
4724A3F6,EL TIGRE,TUMBES,TUMBES,gfs,pp,20260902,20261001,"00Z,12Z",D1,6h,0.118,0.681,0.233,220,0.625,0.909,0.086,8,1.0,0.8,0.2,2,0.0,1.0,0.0,2,S/D,S/D,S/D,0
4724A3F6,EL TIGRE,TUMBES,TUMBES,eta5,pp,20260902,20261001,"00Z,12Z",D1,6h,0.844,2.165,0.187,178,1.0,0.947,0.053,4,1.0,0.974,0.026,1,1.0,0.9,0.1,1,S/D,S/D,S/D,0
4724A3F6,EL TIGRE,TUMBES,TUMBES,wrf5,pp,20260902,20261001,"00Z,12Z",D1,6h,0.135,1.517,0.239,216,0.625,0.828,0.156,8,1.0,0.75,0.25,2,0.0,1.0,0.0,2,S/D,S/D,S/D,0
4724A3F6,EL TIGRE,TUMBES,TUMBES,mpas15,pp,20260902,20261001,00Z,D1,6h,0.186,0.977,0.272,110,0.5,0.875,0.111,4,0.0,1.0,0.0,1,0.0,S/D,0.0,1,S/D,S/D,S/D,0
472F43AC,HUASIMO,TUMBES,TUMBES,ecmwf,pp,20260902,20261001,"00Z,12Z",D1,6h,-0.381,5.825,0.449,234,0.789,0.651,0.319,38,0.7,0.632,0.318,20,0.5,0.375,0.385,10,0.0,S/D,0.0,2
472F43AC,HUASIMO,TUMBES,TUMBES,gfs,pp,20260902,20261001,"00Z,12Z",D1,6h,-0.619,5.669,0.436,234,0.684,0.644,0.306,38,0.65,0.536,0.371,20,0.5,0.0,0.5,10,0.0,S/D,0.0,2
472F43AC,HUASIMO,TUMBES,TUMBES,eta5,pp,20260902,20261001,"00Z,12Z",D1,6h,-0.045,5.159,0.298,187,0.741,0.718,0.256,27,0.571,0.771,0.195,14,0.333,0.714,0.182,6,0.0,S/D,0.0,1
472F43AC,HUASIMO,TUMBES,TUMBES,wrf5,pp,20260902,20261001,"00Z,12Z",D1,6h,-0.761,5.98,0.356,230,0.421,0.628,0.246,38,0.55,0.214,0.478,20,0.3,0.0,0.3,10,0.0,1.0,0.0,2
472F43AC,HUASIMO,TUMBES,TUMBES,mpas15,pp,20260902,20261001,00Z,D1,6h,-0.956,6.214,0.165,117,0.211,0.778,0.121,19,0.2,0.778,0.118,10,0.0,S/D,0.0,5,0.0,S/D,0.0,1
47E024BC,PUENTE TUMBES,TUMBES,TUMBES,ecmwf,pp,20260902,20261001,"00Z,12Z",D1,6h,0.212,1.532,0.355,232,0.625,0.737,0.227,16,0.0,1.0,0.0,4,S/D,1.0,0.0,0,S/D,S/D,S/D,0
47E024BC,PUENTE TUMBES,TUMBES,TUMBES,gfs,pp,20260902,20261001,"00Z,12Z",D1,6h,-0.023,0.535,0.2,232,0.375,0.812,0.143,16,0.0,1.0,0.0,4,S/D,S/D,S/D,0,S/D,S/D,S/D,0
47E024BC,PUENTE TUMBES,TUMBES,TUMBES,eta5,pp,20260902,20261001,"00Z,12Z",D1,6h,0.578,1.583,0.12,187,0.636,0.897,0.097,11,0.667,0.929,0.069,3,S/D,1.0,0.0,0,S/D,S/D,S/D,0
47E024BC,PUENTE TUMBES,TUMBES,TUMBES,wrf5,pp,20260902,20261001,"00Z,12Z",D1,6h,-0.022,0.518,0.129,228,0.2,0.812,0.107,15,0.0,1.0,0.0,3,S/D,S/D,S/D,0,S/D,S/D,S/D,0
47E024BC,PUENTE TUMBES,TUMBES,TUMBES,mpas15,pp,20260902,20261001,00Z,D1,6h,0.057,0.892,0.22,116,0.375,0.625,0.231,8,0.5,0.8,0.167,2,S/D,1.0,0.0,0,S/D,S/D,S/D,0
103068,PUERTO PIZARRO,TUMBES,TUMBES,ecmwf,pp,20260902,20261001,"00Z,12Z",D1,6h,0.0,0.0,S/D,2,S/D,S/D,S/D,0,S/D,S/D,S/D,0,S/D,S/D,S/D,0,S/D,S/D,S/D,0
103068,PUERTO PIZARRO,TUMBES,TUMBES,gfs,pp,20260902,20261001,"00Z,12Z",D1,6h,0.0,0.0,S/D,2,S/D,S/D,S/D,0,S/D,S/D,S/D,0,S/D,S/D,S/D,0,S/D,S/D,S/D,0
103068,PUERTO PIZARRO,TUMBES,TUMBES,eta5,pp,20260902,20261001,"00Z,12Z",D1,6h,0.091,0.11,S/D,2,S/D,1.0,0.0,0,S/D,S/D,S/D,0,S/D,S/D,S/D,0,S/D,S/D,S/D,0
103068,PUERTO PIZARRO,TUMBES,TUMBES,wrf5,pp,20260902,20261001,"00Z,12Z",D1,6h,0.005,0.007,S/D,2,S/D,S/D,S/D,0,S/D,S/D,S/D,0,S/D,S/D,S/D,0,S/D,S/D,S/D,0
103068,PUERTO PIZARRO,TUMBES,TUMBES,mpas15,pp,20260902,20261001,00Z,D1,6h,0.0,0.0,S/D,1,S/D,S/D,S/D,0,S/D,S/D,S/D,0,S/D,S/D,S/D,0,S/D,S/D,S/D,0
472F264A,RICA PLAYA,TUMBES,TUMBES,ecmwf,pp,20260902,20261001,"00Z,12Z",D1,6h,0.229,1.738,0.355,236,0.75,0.772,0.212,24,0.667,0.68,0.276,12,0.5,0.5,0.333,6,S/D,S/D,S/D,0
472F264A,RICA PLAYA,TUMBES,TUMBES,gfs,pp,20260902,20261001,"00Z,12Z",D1,6h,-0.137,1.17,0.435,236,0.792,0.667,0.306,24,0.5,0.4,0.375,12,0.167,0.0,0.167,6,S/D,S/D,S/D,0
472F264A,RICA PLAYA,TUMBES,TUMBES,eta5,pp,20260902,20261001,"00Z,12Z",D1,6h,0.478,1.788,0.147,189,0.611,0.847,0.139,18,0.429,0.923,0.07,7,0.5,0.667,0.25,4,S/D,S/D,S/D,0
472F264A,RICA PLAYA,TUMBES,TUMBES,wrf5,pp,20260902,20261001,"00Z,12Z",D1,6h,-0.146,1.345,0.259,232,0.375,0.735,0.184,24,0.333,0.6,0.222,12,0.167,0.5,0.143,6,S/D,S/D,S/D,0
472F264A,RICA PLAYA,TUMBES,TUMBES,mpas15,pp,20260902,20261001,00Z,D1,6h,-0.067,1.605,0.255,118,0.417,0.706,0.208,12,0.333,0.818,0.133,6,0.0,S/D,0.0,3,S/D,S/D,S/D,0
472F353C,MATAPALO,TUMBES,ZARUMILLA,ecmwf,pp,20260902,20261001,"00Z,12Z",D1,6h,0.693,2.711,0.375,234,0.857,0.681,0.303,42,0.5,0.953,0.044,4,0.5,0.778,0.182,4,S/D,S/D,S/D,0
472F353C,MATAPALO,TUMBES,ZARUMILLA,gfs,pp,20260902,20261001,"00Z,12Z",D1,6h,0.135,1.729,0.264,234,0.643,0.748,0.221,42,0.5,0.929,0.067,4,0.5,0.0,0.5,4,S/D,S/D,S/D,0
472F353C,MATAPALO,TUMBES,ZARUMILLA,eta5,pp,20260902,20261001,"00Z,12Z",D1,6h,1.981,3.667,0.204,188,0.926,0.811,0.187,27,0.667,0.978,0.022,3,0.667,0.929,0.069,3,S/D,S/D,S/D,0
472F353C,MATAPALO,TUMBES,ZARUMILLA,wrf5,pp,20260902,20261001,"00Z,12Z",D1,6h,-0.133,2.786,0.218,230,0.262,0.676,0.169,42,0.0,1.0,0.0,4,0.0,1.0,0.0,4,S/D,S/D,S/D,0
472F353C,MATAPALO,TUMBES,ZARUMILLA,mpas15,pp,20260902,20261001,00Z,D1,6h,0.235,2.739,0.244,117,0.524,0.645,0.268,21,0.0,1.0,0.0,2,0.0,1.0,0.0,2,S/D,S/D,S/D,0
47E86310,CALLERIA,UCAYALI,CORONEL PORTILLO,ecmwf,pp,20260902,20261001,"00Z,12Z",D1,6h,S/D,S/D,S/D,0,S/D,S/D,S/D,0,S/D,S/D,S/D,0,S/D,S/D,S/D,0,S/D,S/D,S/D,0
47E86310,CALLERIA,UCAYALI,CORONEL PORTILLO,gfs,pp,20260902,20261001,"00Z,12Z",D1,6h,S/D,S/D,S/D,0,S/D,S/D,S/D,0,S/D,S/D,S/D,0,S/D,S/D,S/D,0,S/D,S/D,S/D,0
47E86310,CALLERIA,UCAYALI,CORONEL PORTILLO,eta5,pp,20260902,20261001,"00Z,12Z",D1,6h,S/D,S/D,S/D,0,S/D,S/D,S/D,0,S/D,S/D,S/D,0,S/D,S/D,S/D,0,S/D,S/D,S/D,0
47E86310,CALLERIA,UCAYALI,CORONEL PORTILLO,wrf5,pp,20260902,20261001,"00Z,12Z",D1,6h,S/D,S/D,S/D,0,S/D,S/D,S/D,0,S/D,S/D,S/D,0,S/D,S/D,S/D,0,S/D,S/D,S/D,0
47E86310,CALLERIA,UCAYALI,CORONEL PORTILLO,mpas15,pp,20260902,20261001,00Z,D1,6h,S/D,S/D,S/D,0,S/D,S/D,S/D,0,S/D,S/D,S/D,0,S/D,S/D,S/D,0,S/D,S/D,S/D,0
47E87066,PUERTO ESPERANZA,UCAYALI,PURUS,ecmwf,pp,20260902,20261001,"00Z,12Z",D1,6h,0.097,5.396,0.332,236,0.8,0.845,0.15,20,0.667,0.833,0.154,12,0.5,0.667,0.25,10,0.0,S/D,0.0,4
47E87066,PUERTO ESPERANZA,UCAYALI,PURUS,gfs,pp,20260902,20261001,"00Z,12Z",D1,6h,-0.418,5.509,0.314,236,0.75,0.797,0.19,20,0.667,0.771,0.205,12,0.2,0.667,0.143,10,0.0,S/D,0.0,4
47E87066,PUERTO ESPERANZA,UCAYALI,PURUS,eta5,pp,20260902,20261001,"00Z,12Z",D1,6h,-0.296,6.156,0.361,189,0.8,0.75,0.235,20,0.583,0.841,0.143,12,0.4,0.636,0.235,10,0.0,S/D,0.0,4
47E87066,PUERTO ESPERANZA,UCAYALI,PURUS,wrf5,pp,20260902,20261001,"00Z,12Z",D1,6h,-0.81,6.116,0.436,233,0.6,0.538,0.353,20,0.25,0.625,0.176,12,0.0,1.0,0.0,10,0.0,1.0,0.0,4
47E87066,PUERTO ESPERANZA,UCAYALI,PURUS,mpas15,pp,20260902,20261001,00Z,D1,6h,0.767,4.906,0.374,118,1.0,0.808,0.192,10,1.0,0.87,0.13,6,0.6,0.75,0.214,5,0.0,S/D,0.0,2
270001,DESAGUADERO,PUNO,CHUCUITO,ecmwf,pp,20260902,20261001,"00Z,12Z",D1,6h,S/D,S/D,S/D,0,S/D,S/D,S/D,0,S/D,S/D,S/D,0,S/D,S/D,S/D,0,S/D,S/D,S/D,0
270001,DESAGUADERO,PUNO,CHUCUITO,gfs,pp,20260902,20261001,"00Z,12Z",D1,6h,S/D,S/D,S/D,0,S/D,S/D,S/D,0,S/D,S/D,S/D,0,S/D,S/D,S/D,0,S/D,S/D,S/D,0
270001,DESAGUADERO,PUNO,CHUCUITO,eta5,pp,20260902,20261001,"00Z,12Z",D1,6h,S/D,S/D,S/D,0,S/D,S/D,S/D,0,S/D,S/D,S/D,0,S/D,S/D,S/D,0,S/D,S/D,S/D,0
270001,DESAGUADERO,PUNO,CHUCUITO,wrf5,pp,20260902,20261001,"00Z,12Z",D1,6h,S/D,S/D,S/D,0,S/D,S/D,S/D,0,S/D,S/D,S/D,0,S/D,S/D,S/D,0,S/D,S/D,S/D,0
270001,DESAGUADERO,PUNO,CHUCUITO,mpas15,pp,20260902,20261001,00Z,D1,6h,S/D,S/D,S/D,0,S/D,S/D,S/D,0,S/D,S/D,S/D,0,S/D,S/D,S/D,0,S/D,S/D,S/D,0
101004,GUEPPI,LORETO,PUTUMAYO,ecmwf,pp,20260902,20261001,"00Z,12Z",D1,6h,2.084,3.707,S/D,236,S/D,1.0,0.0,0,S/D,1.0,0.0,0,S/D,1.0,0.0,0,S/D,S/D,S/D,0
101004,GUEPPI,LORETO,PUTUMAYO,gfs,pp,20260902,20261001,"00Z,12Z",D1,6h,1.244,2.319,S/D,236,S/D,1.0,0.0,0,S/D,1.0,0.0,0,S/D,1.0,0.0,0,S/D,S/D,S/D,0
101004,GUEPPI,LORETO,PUTUMAYO,eta5,pp,20260902,20261001,"00Z,12Z",D1,6h,2.85,5.261,S/D,189,S/D,1.0,0.0,0,S/D,1.0,0.0,0,S/D,1.0,0.0,0,S/D,S/D,S/D,0
101004,GUEPPI,LORETO,PUTUMAYO,wrf5,pp,20260902,20261001,"00Z,12Z",D1,6h,0.417,1.475,S/D,232,S/D,1.0,0.0,0,S/D,1.0,0.0,0,S/D,1.0,0.0,0,S/D,S/D,S/D,0
101004,GUEPPI,LORETO,PUTUMAYO,mpas15,pp,20260902,20261001,00Z,D1,6h,2.161,4.475,S/D,118,S/D,1.0,0.0,0,S/D,1.0,0.0,0,S/D,1.0,0.0,0,S/D,S/D,S/D,0
