codigo,estacion,departamento,provincia,modelo,variable,periodo_inicio,periodo_fin,ciclos,horizonte,resolucion,bias,mae,rmse,spearman,n
472B55E0,PUENTE SALINAS AMOJAO,AMAZONAS,BAGUA,ecmwf,pp,20260822,20260920,"00Z,12Z",D1,6h,-0.133,0.772,1.625,0.468,58
472B55E0,PUENTE SALINAS AMOJAO,AMAZONAS,BAGUA,gfs,pp,20260822,20260920,"00Z,12Z",D1,6h,-0.151,0.823,1.752,0.194,45
472B55E0,PUENTE SALINAS AMOJAO,AMAZONAS,BAGUA,eta5,pp,20260822,20260920,"00Z,12Z",D1,6h,-0.14,0.474,1.279,0.136,50
472B55E0,PUENTE SALINAS AMOJAO,AMAZONAS,BAGUA,wrf5,pp,20260822,20260920,"00Z,12Z",D1,6h,-0.222,0.919,2.135,0.015,59
472B55E0,PUENTE SALINAS AMOJAO,AMAZONAS,BAGUA,mpas15,pp,20260822,20260920,00Z,D1,6h,-0.29,0.783,1.787,0.192,30
472C57D4,BAGUA,AMAZONAS,UTCUBAMBA,ecmwf,pp,20260822,20260920,"00Z,12Z",D1,6h,0.652,0.863,1.468,0.206,224
472C57D4,BAGUA,AMAZONAS,UTCUBAMBA,gfs,pp,20260822,20260920,"00Z,12Z",D1,6h,0.246,0.523,1.032,0.165,170
472C57D4,BAGUA,AMAZONAS,UTCUBAMBA,eta5,pp,20260822,20260920,"00Z,12Z",D1,6h,0.209,0.454,1.011,0.065,198
472C57D4,BAGUA,AMAZONAS,UTCUBAMBA,wrf5,pp,20260822,20260920,"00Z,12Z",D1,6h,-0.147,0.192,0.885,0.048,225
472C57D4,BAGUA,AMAZONAS,UTCUBAMBA,mpas15,pp,20260822,20260920,00Z,D1,6h,0.803,0.956,1.52,0.191,114
472B607A,CORRAL QUEMADO,AMAZONAS,UTCUBAMBA,ecmwf,pp,20260822,20260920,"00Z,12Z",D1,6h,0.417,0.452,0.94,0.352,222
472B607A,CORRAL QUEMADO,AMAZONAS,UTCUBAMBA,gfs,pp,20260822,20260920,"00Z,12Z",D1,6h,0.239,0.317,0.603,0.443,169
472B607A,CORRAL QUEMADO,AMAZONAS,UTCUBAMBA,eta5,pp,20260822,20260920,"00Z,12Z",D1,6h,0.402,0.544,0.894,0.08,194
472B607A,CORRAL QUEMADO,AMAZONAS,UTCUBAMBA,wrf5,pp,20260822,20260920,"00Z,12Z",D1,6h,-0.055,0.117,0.474,0.153,220
472B607A,CORRAL QUEMADO,AMAZONAS,UTCUBAMBA,mpas15,pp,20260822,20260920,00Z,D1,6h,1.134,1.209,2.219,0.097,112
472B2370,MAGUNCHAL,AMAZONAS,UTCUBAMBA,ecmwf,pp,20260822,20260920,"00Z,12Z",D1,6h,0.33,0.476,0.972,0.4,216
472B2370,MAGUNCHAL,AMAZONAS,UTCUBAMBA,gfs,pp,20260822,20260920,"00Z,12Z",D1,6h,0.629,0.755,1.507,0.273,164
472B2370,MAGUNCHAL,AMAZONAS,UTCUBAMBA,eta5,pp,20260822,20260920,"00Z,12Z",D1,6h,0.561,0.706,1.212,0.167,188
472B2370,MAGUNCHAL,AMAZONAS,UTCUBAMBA,wrf5,pp,20260822,20260920,"00Z,12Z",D1,6h,-0.076,0.181,0.624,0.372,214
472B2370,MAGUNCHAL,AMAZONAS,UTCUBAMBA,mpas15,pp,20260822,20260920,00Z,D1,6h,1.025,1.12,2.096,0.335,109
220907,NARANJITO,AMAZONAS,UTCUBAMBA,ecmwf,pp,20260822,20260920,"00Z,12Z",D1,6h,0.221,0.358,0.789,0.216,224
220907,NARANJITO,AMAZONAS,UTCUBAMBA,gfs,pp,20260822,20260920,"00Z,12Z",D1,6h,0.522,0.678,1.288,0.161,170
220907,NARANJITO,AMAZONAS,UTCUBAMBA,eta5,pp,20260822,20260920,"00Z,12Z",D1,6h,0.6,0.764,1.376,0.041,196
220907,NARANJITO,AMAZONAS,UTCUBAMBA,wrf5,pp,20260822,20260920,"00Z,12Z",D1,6h,-0.037,0.132,0.7,0.145,222
220907,NARANJITO,AMAZONAS,UTCUBAMBA,mpas15,pp,20260822,20260920,00Z,D1,6h,1.112,1.22,2.265,0.164,113
109096,BUENA VISTA,ANCASH,CASMA,ecmwf,pp,20260822,20260920,"00Z,12Z",D1,6h,0.002,0.002,0.009,S/D,207
109096,BUENA VISTA,ANCASH,CASMA,gfs,pp,20260822,20260920,"00Z,12Z",D1,6h,0.007,0.007,0.022,S/D,157
109096,BUENA VISTA,ANCASH,CASMA,eta5,pp,20260822,20260920,"00Z,12Z",D1,6h,0.001,0.001,0.005,S/D,181
109096,BUENA VISTA,ANCASH,CASMA,wrf5,pp,20260822,20260920,"00Z,12Z",D1,6h,0.001,0.001,0.003,S/D,206
109096,BUENA VISTA,ANCASH,CASMA,mpas15,pp,20260822,20260920,00Z,D1,6h,0.005,0.005,0.049,S/D,105
4725A10C,CHAVIN,ANCASH,HUARI,ecmwf,pp,20260822,20260920,"00Z,12Z",D1,6h,0.469,0.561,1.422,0.291,213
4725A10C,CHAVIN,ANCASH,HUARI,gfs,pp,20260822,20260920,"00Z,12Z",D1,6h,0.868,0.978,1.962,0.194,160
4725A10C,CHAVIN,ANCASH,HUARI,eta5,pp,20260822,20260920,"00Z,12Z",D1,6h,0.131,0.245,0.497,0.205,189
4725A10C,CHAVIN,ANCASH,HUARI,wrf5,pp,20260822,20260920,"00Z,12Z",D1,6h,0.099,0.269,0.83,0.15,212
4725A10C,CHAVIN,ANCASH,HUARI,mpas15,pp,20260822,20260920,00Z,D1,6h,1.247,1.343,2.934,0.147,108
109091,SAUCEPAMPA,ANCASH,HUAYLAS,ecmwf,pp,20260822,20260920,"00Z,12Z",D1,6h,0.291,0.291,0.672,S/D,220
109091,SAUCEPAMPA,ANCASH,HUAYLAS,gfs,pp,20260822,20260920,"00Z,12Z",D1,6h,0.838,0.838,1.455,S/D,167
109091,SAUCEPAMPA,ANCASH,HUAYLAS,eta5,pp,20260822,20260920,"00Z,12Z",D1,6h,0.185,0.185,0.445,S/D,194
109091,SAUCEPAMPA,ANCASH,HUAYLAS,wrf5,pp,20260822,20260920,"00Z,12Z",D1,6h,0.026,0.026,0.109,S/D,221
109091,SAUCEPAMPA,ANCASH,HUAYLAS,mpas15,pp,20260822,20260920,00Z,D1,6h,1.0,1.0,1.978,S/D,112
472182DA,PUENTE CAHUA,ANCASH,OCROS,ecmwf,pp,20260822,20260920,"00Z,12Z",D1,6h,S/D,S/D,S/D,S/D,0
472182DA,PUENTE CAHUA,ANCASH,OCROS,gfs,pp,20260822,20260920,"00Z,12Z",D1,6h,S/D,S/D,S/D,S/D,0
472182DA,PUENTE CAHUA,ANCASH,OCROS,eta5,pp,20260822,20260920,"00Z,12Z",D1,6h,S/D,S/D,S/D,S/D,0
472182DA,PUENTE CAHUA,ANCASH,OCROS,wrf5,pp,20260822,20260920,"00Z,12Z",D1,6h,S/D,S/D,S/D,S/D,0
472182DA,PUENTE CAHUA,ANCASH,OCROS,mpas15,pp,20260822,20260920,00Z,D1,6h,S/D,S/D,S/D,S/D,0
47E89394,PACHACOTO,ANCASH,RECUAY,ecmwf,pp,20260822,20260920,"00Z,12Z",D1,6h,0.19,0.24,0.583,0.212,226
47E89394,PACHACOTO,ANCASH,RECUAY,gfs,pp,20260822,20260920,"00Z,12Z",D1,6h,0.501,0.507,0.972,0.325,172
47E89394,PACHACOTO,ANCASH,RECUAY,eta5,pp,20260822,20260920,"00Z,12Z",D1,6h,0.069,0.14,0.417,0.345,200
47E89394,PACHACOTO,ANCASH,RECUAY,wrf5,pp,20260822,20260920,"00Z,12Z",D1,6h,0.294,0.333,1.223,0.315,227
47E89394,PACHACOTO,ANCASH,RECUAY,mpas15,pp,20260822,20260920,00Z,D1,6h,0.659,0.68,1.672,0.059,115
47259496,RECUAY,ANCASH,RECUAY,ecmwf,pp,20260822,20260920,"00Z,12Z",D1,6h,0.16,0.228,0.532,0.231,217
47259496,RECUAY,ANCASH,RECUAY,gfs,pp,20260822,20260920,"00Z,12Z",D1,6h,0.488,0.527,0.969,0.193,165
47259496,RECUAY,ANCASH,RECUAY,eta5,pp,20260822,20260920,"00Z,12Z",D1,6h,0.062,0.204,0.507,0.19,193
47259496,RECUAY,ANCASH,RECUAY,wrf5,pp,20260822,20260920,"00Z,12Z",D1,6h,0.214,0.306,1.052,0.399,216
47259496,RECUAY,ANCASH,RECUAY,mpas15,pp,20260822,20260920,00Z,D1,6h,0.636,0.687,1.668,0.107,110
110138,SHAQUEK,ANCASH,RECUAY,ecmwf,pp,20260822,20260920,"00Z,12Z",D1,6h,0.355,0.355,0.938,S/D,226
110138,SHAQUEK,ANCASH,RECUAY,gfs,pp,20260822,20260920,"00Z,12Z",D1,6h,0.25,0.25,0.548,S/D,173
110138,SHAQUEK,ANCASH,RECUAY,eta5,pp,20260822,20260920,"00Z,12Z",D1,6h,0.005,0.005,0.026,S/D,200
110138,SHAQUEK,ANCASH,RECUAY,wrf5,pp,20260822,20260920,"00Z,12Z",D1,6h,0.033,0.033,0.197,S/D,227
110138,SHAQUEK,ANCASH,RECUAY,mpas15,pp,20260822,20260920,00Z,D1,6h,0.283,0.283,0.874,S/D,115
211601,SAN JACINTO,ANCASH,SANTA,ecmwf,pp,20260822,20260920,"00Z,12Z",D1,6h,S/D,S/D,S/D,S/D,0
211601,SAN JACINTO,ANCASH,SANTA,gfs,pp,20260822,20260920,"00Z,12Z",D1,6h,S/D,S/D,S/D,S/D,0
211601,SAN JACINTO,ANCASH,SANTA,eta5,pp,20260822,20260920,"00Z,12Z",D1,6h,S/D,S/D,S/D,S/D,0
211601,SAN JACINTO,ANCASH,SANTA,wrf5,pp,20260822,20260920,"00Z,12Z",D1,6h,S/D,S/D,S/D,S/D,0
211601,SAN JACINTO,ANCASH,SANTA,mpas15,pp,20260822,20260920,00Z,D1,6h,S/D,S/D,S/D,S/D,0
113253,CURAHUASI,APURIMAC,ABANCAY,ecmwf,pp,20260822,20260920,"00Z,12Z",D1,6h,0.547,0.586,1.193,0.372,226
113253,CURAHUASI,APURIMAC,ABANCAY,gfs,pp,20260822,20260920,"00Z,12Z",D1,6h,0.814,0.872,1.717,0.317,174
113253,CURAHUASI,APURIMAC,ABANCAY,eta5,pp,20260822,20260920,"00Z,12Z",D1,6h,0.071,0.181,0.49,0.345,201
113253,CURAHUASI,APURIMAC,ABANCAY,wrf5,pp,20260822,20260920,"00Z,12Z",D1,6h,0.209,0.296,1.299,0.547,226
113253,CURAHUASI,APURIMAC,ABANCAY,mpas15,pp,20260822,20260920,00Z,D1,6h,0.645,0.734,1.294,0.237,115
47263360,GRANJA SAN ANTONIO,APURIMAC,ABANCAY,ecmwf,pp,20260822,20260920,"00Z,12Z",D1,6h,0.395,0.519,1.14,0.561,215
47263360,GRANJA SAN ANTONIO,APURIMAC,ABANCAY,gfs,pp,20260822,20260920,"00Z,12Z",D1,6h,0.644,0.827,1.688,0.581,162
47263360,GRANJA SAN ANTONIO,APURIMAC,ABANCAY,eta5,pp,20260822,20260920,"00Z,12Z",D1,6h,-0.125,0.214,0.771,0.393,189
47263360,GRANJA SAN ANTONIO,APURIMAC,ABANCAY,wrf5,pp,20260822,20260920,"00Z,12Z",D1,6h,0.38,0.587,1.804,0.63,214
47263360,GRANJA SAN ANTONIO,APURIMAC,ABANCAY,mpas15,pp,20260822,20260920,00Z,D1,6h,0.743,0.899,1.624,0.312,109
472B16EA,HUACULLO,APURIMAC,ANTABAMBA,ecmwf,pp,20260822,20260920,"00Z,12Z",D1,6h,0.074,0.33,0.733,0.469,221
472B16EA,HUACULLO,APURIMAC,ANTABAMBA,gfs,pp,20260822,20260920,"00Z,12Z",D1,6h,0.507,0.696,1.394,0.436,169
472B16EA,HUACULLO,APURIMAC,ANTABAMBA,eta5,pp,20260822,20260920,"00Z,12Z",D1,6h,-0.053,0.282,0.663,0.516,195
472B16EA,HUACULLO,APURIMAC,ANTABAMBA,wrf5,pp,20260822,20260920,"00Z,12Z",D1,6h,0.206,0.483,1.337,0.398,220
472B16EA,HUACULLO,APURIMAC,ANTABAMBA,mpas15,pp,20260822,20260920,00Z,D1,6h,0.239,0.482,0.96,0.357,112
113246,TANCAYLLO,APURIMAC,CHINCHEROS,ecmwf,pp,20260822,20260920,"00Z,12Z",D1,6h,0.668,0.804,1.777,0.476,226
113246,TANCAYLLO,APURIMAC,CHINCHEROS,gfs,pp,20260822,20260920,"00Z,12Z",D1,6h,0.57,0.742,2.019,0.461,172
113246,TANCAYLLO,APURIMAC,CHINCHEROS,eta5,pp,20260822,20260920,"00Z,12Z",D1,6h,-0.2,0.323,1.06,0.323,200
113246,TANCAYLLO,APURIMAC,CHINCHEROS,wrf5,pp,20260822,20260920,"00Z,12Z",D1,6h,0.336,0.533,1.565,0.396,227
113246,TANCAYLLO,APURIMAC,CHINCHEROS,mpas15,pp,20260822,20260920,00Z,D1,6h,0.628,0.76,1.502,0.417,115
472A1410,CASACCANCHA,APURIMAC,COTABAMBAS,ecmwf,pp,20260822,20260920,"00Z,12Z",D1,6h,0.452,0.53,1.036,0.418,224
472A1410,CASACCANCHA,APURIMAC,COTABAMBAS,gfs,pp,20260822,20260920,"00Z,12Z",D1,6h,0.285,0.381,0.781,0.456,171
472A1410,CASACCANCHA,APURIMAC,COTABAMBAS,eta5,pp,20260822,20260920,"00Z,12Z",D1,6h,-0.039,0.202,0.523,0.351,198
472A1410,CASACCANCHA,APURIMAC,COTABAMBAS,wrf5,pp,20260822,20260920,"00Z,12Z",D1,6h,0.231,0.303,0.899,0.429,225
472A1410,CASACCANCHA,APURIMAC,COTABAMBAS,mpas15,pp,20260822,20260920,00Z,D1,6h,0.553,0.66,1.186,0.319,114
116085,AREQUIPA UV,AREQUIPA,AREQUIPA,ecmwf,pp,20260822,20260920,"00Z,12Z",D1,6h,0.0,0.0,0.0,S/D,2
116085,AREQUIPA UV,AREQUIPA,AREQUIPA,gfs,pp,20260822,20260920,"00Z,12Z",D1,6h,0.0,0.0,0.0,S/D,1
116085,AREQUIPA UV,AREQUIPA,AREQUIPA,eta5,pp,20260822,20260920,"00Z,12Z",D1,6h,0.0,0.0,0.0,S/D,1
116085,AREQUIPA UV,AREQUIPA,AREQUIPA,wrf5,pp,20260822,20260920,"00Z,12Z",D1,6h,0.0,0.0,0.0,S/D,2
116085,AREQUIPA UV,AREQUIPA,AREQUIPA,mpas15,pp,20260822,20260920,00Z,D1,6h,0.0,0.0,0.0,S/D,1
47E26242,BOYADERO,AREQUIPA,AREQUIPA,ecmwf,pp,20260822,20260920,"00Z,12Z",D1,6h,0.004,0.004,0.034,S/D,225
47E26242,BOYADERO,AREQUIPA,AREQUIPA,gfs,pp,20260822,20260920,"00Z,12Z",D1,6h,0.0,0.0,0.0,S/D,172
47E26242,BOYADERO,AREQUIPA,AREQUIPA,eta5,pp,20260822,20260920,"00Z,12Z",D1,6h,0.0,0.0,0.0,S/D,198
47E26242,BOYADERO,AREQUIPA,AREQUIPA,wrf5,pp,20260822,20260920,"00Z,12Z",D1,6h,0.0,0.0,0.0,S/D,224
47E26242,BOYADERO,AREQUIPA,AREQUIPA,mpas15,pp,20260822,20260920,00Z,D1,6h,0.0,0.0,0.0,S/D,114
116083,CAYMA,AREQUIPA,AREQUIPA,ecmwf,pp,20260822,20260920,"00Z,12Z",D1,6h,-0.133,0.251,2.066,-0.042,228
116083,CAYMA,AREQUIPA,AREQUIPA,gfs,pp,20260822,20260920,"00Z,12Z",D1,6h,-0.197,0.306,2.365,-0.042,174
116083,CAYMA,AREQUIPA,AREQUIPA,eta5,pp,20260822,20260920,"00Z,12Z",D1,6h,-0.216,0.217,2.179,-0.014,202
116083,CAYMA,AREQUIPA,AREQUIPA,wrf5,pp,20260822,20260920,"00Z,12Z",D1,6h,-0.092,0.099,1.448,-0.011,229
116083,CAYMA,AREQUIPA,AREQUIPA,mpas15,pp,20260822,20260920,00Z,D1,6h,-0.172,0.206,2.038,-0.088,116
472147C4,CHARCANI,AREQUIPA,AREQUIPA,ecmwf,pp,20260822,20260920,"00Z,12Z",D1,6h,0.032,0.085,0.375,-0.018,225
472147C4,CHARCANI,AREQUIPA,AREQUIPA,gfs,pp,20260822,20260920,"00Z,12Z",D1,6h,0.036,0.072,0.364,0.225,171
472147C4,CHARCANI,AREQUIPA,AREQUIPA,eta5,pp,20260822,20260920,"00Z,12Z",D1,6h,-0.025,0.037,0.305,0.156,198
472147C4,CHARCANI,AREQUIPA,AREQUIPA,wrf5,pp,20260822,20260920,"00Z,12Z",D1,6h,-0.009,0.018,0.204,0.433,225
472147C4,CHARCANI,AREQUIPA,AREQUIPA,mpas15,pp,20260822,20260920,00Z,D1,6h,0.017,0.069,0.348,0.148,114
116077,CHIGUATA,AREQUIPA,AREQUIPA,ecmwf,pp,20260822,20260920,"00Z,12Z",D1,6h,0.002,0.002,0.014,S/D,224
116077,CHIGUATA,AREQUIPA,AREQUIPA,gfs,pp,20260822,20260920,"00Z,12Z",D1,6h,0.015,0.015,0.077,S/D,172
116077,CHIGUATA,AREQUIPA,AREQUIPA,eta5,pp,20260822,20260920,"00Z,12Z",D1,6h,0.008,0.008,0.049,S/D,199
116077,CHIGUATA,AREQUIPA,AREQUIPA,wrf5,pp,20260822,20260920,"00Z,12Z",D1,6h,0.008,0.008,0.076,S/D,224
116077,CHIGUATA,AREQUIPA,AREQUIPA,mpas15,pp,20260822,20260920,00Z,D1,6h,0.088,0.088,0.35,S/D,114
116079,HUASACACHE,AREQUIPA,AREQUIPA,ecmwf,pp,20260822,20260920,"00Z,12Z",D1,6h,-0.007,0.011,0.068,0.29,230
116079,HUASACACHE,AREQUIPA,AREQUIPA,gfs,pp,20260822,20260920,"00Z,12Z",D1,6h,0.001,0.009,0.05,0.551,176
116079,HUASACACHE,AREQUIPA,AREQUIPA,eta5,pp,20260822,20260920,"00Z,12Z",D1,6h,-0.01,0.01,0.072,S/D,203
116079,HUASACACHE,AREQUIPA,AREQUIPA,wrf5,pp,20260822,20260920,"00Z,12Z",D1,6h,-0.008,0.011,0.071,0.16,230
116079,HUASACACHE,AREQUIPA,AREQUIPA,mpas15,pp,20260822,20260920,00Z,D1,6h,0.008,0.027,0.148,-0.097,117
116065,LA PAMPILLA,AREQUIPA,AREQUIPA,ecmwf,pp,20260822,20260920,"00Z,12Z",D1,6h,0.0,0.004,0.023,-0.021,232
116065,LA PAMPILLA,AREQUIPA,AREQUIPA,gfs,pp,20260822,20260920,"00Z,12Z",D1,6h,0.013,0.015,0.077,-0.019,177
116065,LA PAMPILLA,AREQUIPA,AREQUIPA,eta5,pp,20260822,20260920,"00Z,12Z",D1,6h,-0.001,0.001,0.014,-0.007,206
116065,LA PAMPILLA,AREQUIPA,AREQUIPA,wrf5,pp,20260822,20260920,"00Z,12Z",D1,6h,0.0,0.003,0.027,-0.011,232
116065,LA PAMPILLA,AREQUIPA,AREQUIPA,mpas15,pp,20260822,20260920,00Z,D1,6h,0.041,0.044,0.207,-0.088,118
116086,LAS SALINAS,AREQUIPA,AREQUIPA,ecmwf,pp,20260822,20260920,"00Z,12Z",D1,6h,0.148,0.149,0.631,0.316,230
116086,LAS SALINAS,AREQUIPA,AREQUIPA,gfs,pp,20260822,20260920,"00Z,12Z",D1,6h,0.109,0.11,0.461,0.384,175
116086,LAS SALINAS,AREQUIPA,AREQUIPA,eta5,pp,20260822,20260920,"00Z,12Z",D1,6h,0.032,0.034,0.145,0.328,203
116086,LAS SALINAS,AREQUIPA,AREQUIPA,wrf5,pp,20260822,20260920,"00Z,12Z",D1,6h,0.065,0.068,0.371,0.292,230
116086,LAS SALINAS,AREQUIPA,AREQUIPA,mpas15,pp,20260822,20260920,00Z,D1,6h,0.344,0.35,1.064,0.117,117
47E360B8,PATAHUASI,AREQUIPA,AREQUIPA,ecmwf,pp,20260822,20260920,"00Z,12Z",D1,6h,0.097,0.101,0.398,0.14,232
47E360B8,PATAHUASI,AREQUIPA,AREQUIPA,gfs,pp,20260822,20260920,"00Z,12Z",D1,6h,0.148,0.153,0.598,0.075,177
47E360B8,PATAHUASI,AREQUIPA,AREQUIPA,eta5,pp,20260822,20260920,"00Z,12Z",D1,6h,0.035,0.038,0.183,-0.023,206
47E360B8,PATAHUASI,AREQUIPA,AREQUIPA,wrf5,pp,20260822,20260920,"00Z,12Z",D1,6h,0.07,0.075,0.539,-0.028,232
47E360B8,PATAHUASI,AREQUIPA,AREQUIPA,mpas15,pp,20260822,20260920,00Z,D1,6h,0.231,0.231,0.626,0.14,118
4722E032,PUENTE DEL DIABLO,AREQUIPA,AREQUIPA,ecmwf,pp,20260822,20260920,"00Z,12Z",D1,6h,-0.005,0.006,0.06,0.341,202
4722E032,PUENTE DEL DIABLO,AREQUIPA,AREQUIPA,gfs,pp,20260822,20260920,"00Z,12Z",D1,6h,-0.007,0.008,0.068,-0.009,158
4722E032,PUENTE DEL DIABLO,AREQUIPA,AREQUIPA,eta5,pp,20260822,20260920,"00Z,12Z",D1,6h,-0.007,0.007,0.063,S/D,179
4722E032,PUENTE DEL DIABLO,AREQUIPA,AREQUIPA,wrf5,pp,20260822,20260920,"00Z,12Z",D1,6h,-0.005,0.007,0.06,-0.012,202
4722E032,PUENTE DEL DIABLO,AREQUIPA,AREQUIPA,mpas15,pp,20260822,20260920,00Z,D1,6h,0.004,0.016,0.115,-0.092,103
116082,SAN FRANCISCO,AREQUIPA,AREQUIPA,ecmwf,pp,20260822,20260920,"00Z,12Z",D1,6h,0.002,0.002,0.012,S/D,221
116082,SAN FRANCISCO,AREQUIPA,AREQUIPA,gfs,pp,20260822,20260920,"00Z,12Z",D1,6h,0.015,0.015,0.077,S/D,170
116082,SAN FRANCISCO,AREQUIPA,AREQUIPA,eta5,pp,20260822,20260920,"00Z,12Z",D1,6h,0.001,0.001,0.007,S/D,195
116082,SAN FRANCISCO,AREQUIPA,AREQUIPA,wrf5,pp,20260822,20260920,"00Z,12Z",D1,6h,0.003,0.003,0.027,S/D,220
116082,SAN FRANCISCO,AREQUIPA,AREQUIPA,mpas15,pp,20260822,20260920,00Z,D1,6h,0.036,0.036,0.189,S/D,112
47E3B6D0,SAN JOSE DE UZUNA,AREQUIPA,AREQUIPA,ecmwf,pp,20260822,20260920,"00Z,12Z",D1,6h,0.11,0.122,0.521,-0.065,232
47E3B6D0,SAN JOSE DE UZUNA,AREQUIPA,AREQUIPA,gfs,pp,20260822,20260920,"00Z,12Z",D1,6h,0.095,0.103,0.384,-0.048,177
47E3B6D0,SAN JOSE DE UZUNA,AREQUIPA,AREQUIPA,eta5,pp,20260822,20260920,"00Z,12Z",D1,6h,-0.002,0.011,0.069,-0.026,206
47E3B6D0,SAN JOSE DE UZUNA,AREQUIPA,AREQUIPA,wrf5,pp,20260822,20260920,"00Z,12Z",D1,6h,0.012,0.024,0.184,-0.032,232
47E3B6D0,SAN JOSE DE UZUNA,AREQUIPA,AREQUIPA,mpas15,pp,20260822,20260920,00Z,D1,6h,0.011,0.023,0.142,0.095,118
47E27134,SOCOSANI,AREQUIPA,AREQUIPA,ecmwf,pp,20260822,20260920,"00Z,12Z",D1,6h,0.006,0.006,0.05,S/D,200
47E27134,SOCOSANI,AREQUIPA,AREQUIPA,gfs,pp,20260822,20260920,"00Z,12Z",D1,6h,0.018,0.018,0.118,S/D,152
47E27134,SOCOSANI,AREQUIPA,AREQUIPA,eta5,pp,20260822,20260920,"00Z,12Z",D1,6h,0.001,0.001,0.008,S/D,176
47E27134,SOCOSANI,AREQUIPA,AREQUIPA,wrf5,pp,20260822,20260920,"00Z,12Z",D1,6h,0.001,0.001,0.012,S/D,198
47E27134,SOCOSANI,AREQUIPA,AREQUIPA,mpas15,pp,20260822,20260920,00Z,D1,6h,0.01,0.01,0.1,S/D,101
472EE1AE,TINGO GRANDE,AREQUIPA,AREQUIPA,ecmwf,pp,20260822,20260920,"00Z,12Z",D1,6h,0.0,0.0,0.0,S/D,4
472EE1AE,TINGO GRANDE,AREQUIPA,AREQUIPA,gfs,pp,20260822,20260920,"00Z,12Z",D1,6h,0.021,0.021,0.036,S/D,3
472EE1AE,TINGO GRANDE,AREQUIPA,AREQUIPA,eta5,pp,20260822,20260920,"00Z,12Z",D1,6h,0.0,0.0,0.0,S/D,4
472EE1AE,TINGO GRANDE,AREQUIPA,AREQUIPA,wrf5,pp,20260822,20260920,"00Z,12Z",D1,6h,0.0,0.0,0.0,S/D,4
472EE1AE,TINGO GRANDE,AREQUIPA,AREQUIPA,mpas15,pp,20260822,20260920,00Z,D1,6h,0.0,0.0,0.0,S/D,2
116078,TUCTUMPAYA,AREQUIPA,AREQUIPA,ecmwf,pp,20260822,20260920,"00Z,12Z",D1,6h,0.118,0.118,0.523,S/D,228
116078,TUCTUMPAYA,AREQUIPA,AREQUIPA,gfs,pp,20260822,20260920,"00Z,12Z",D1,6h,0.101,0.101,0.385,S/D,174
116078,TUCTUMPAYA,AREQUIPA,AREQUIPA,eta5,pp,20260822,20260920,"00Z,12Z",D1,6h,0.011,0.011,0.067,S/D,202
116078,TUCTUMPAYA,AREQUIPA,AREQUIPA,wrf5,pp,20260822,20260920,"00Z,12Z",D1,6h,0.021,0.021,0.22,S/D,229
116078,TUCTUMPAYA,AREQUIPA,AREQUIPA,mpas15,pp,20260822,20260920,00Z,D1,6h,0.035,0.035,0.186,S/D,116
116081,YURA,AREQUIPA,AREQUIPA,ecmwf,pp,20260822,20260920,"00Z,12Z",D1,6h,-0.166,0.217,1.85,-0.156,186
116081,YURA,AREQUIPA,AREQUIPA,gfs,pp,20260822,20260920,"00Z,12Z",D1,6h,-0.086,0.17,1.537,-0.027,139
116081,YURA,AREQUIPA,AREQUIPA,eta5,pp,20260822,20260920,"00Z,12Z",D1,6h,-0.219,0.22,1.978,-0.015,162
116081,YURA,AREQUIPA,AREQUIPA,wrf5,pp,20260822,20260920,"00Z,12Z",D1,6h,-0.097,0.098,1.316,-0.008,183
116081,YURA,AREQUIPA,AREQUIPA,mpas15,pp,20260822,20260920,00Z,D1,6h,-0.181,0.202,1.849,0.054,93
116084,CAMANA,AREQUIPA,CAMANA,ecmwf,pp,20260822,20260920,"00Z,12Z",D1,6h,0.012,0.012,0.016,S/D,4
116084,CAMANA,AREQUIPA,CAMANA,gfs,pp,20260822,20260920,"00Z,12Z",D1,6h,0.031,0.031,0.044,S/D,2
116084,CAMANA,AREQUIPA,CAMANA,eta5,pp,20260822,20260920,"00Z,12Z",D1,6h,0.001,0.001,0.003,S/D,4
116084,CAMANA,AREQUIPA,CAMANA,wrf5,pp,20260822,20260920,"00Z,12Z",D1,6h,0.0,0.0,0.0,S/D,4
116084,CAMANA,AREQUIPA,CAMANA,mpas15,pp,20260822,20260920,00Z,D1,6h,0.0,0.0,0.0,S/D,2
472D23BE,OCOÑA,AREQUIPA,CAMANA,ecmwf,pp,20260822,20260920,"00Z,12Z",D1,6h,0.253,0.348,0.771,0.261,228
472D23BE,OCOÑA,AREQUIPA,CAMANA,gfs,pp,20260822,20260920,"00Z,12Z",D1,6h,-0.085,0.12,0.451,0.32,174
472D23BE,OCOÑA,AREQUIPA,CAMANA,eta5,pp,20260822,20260920,"00Z,12Z",D1,6h,-0.086,0.109,0.428,0.163,202
472D23BE,OCOÑA,AREQUIPA,CAMANA,wrf5,pp,20260822,20260920,"00Z,12Z",D1,6h,-0.095,0.097,0.41,0.063,229
472D23BE,OCOÑA,AREQUIPA,CAMANA,mpas15,pp,20260822,20260920,00Z,D1,6h,-0.047,0.132,0.468,0.062,116
214400,HUATIAPA,AREQUIPA,CASTILLA,ecmwf,pp,20260822,20260920,"00Z,12Z",D1,6h,S/D,S/D,S/D,S/D,0
214400,HUATIAPA,AREQUIPA,CASTILLA,gfs,pp,20260822,20260920,"00Z,12Z",D1,6h,S/D,S/D,S/D,S/D,0
214400,HUATIAPA,AREQUIPA,CASTILLA,eta5,pp,20260822,20260920,"00Z,12Z",D1,6h,S/D,S/D,S/D,S/D,0
214400,HUATIAPA,AREQUIPA,CASTILLA,wrf5,pp,20260822,20260920,"00Z,12Z",D1,6h,S/D,S/D,S/D,S/D,0
214400,HUATIAPA,AREQUIPA,CASTILLA,mpas15,pp,20260822,20260920,00Z,D1,6h,S/D,S/D,S/D,S/D,0
4723D752,CHIVAY,AREQUIPA,CAYLLOMA,ecmwf,pp,20260822,20260920,"00Z,12Z",D1,6h,0.209,0.212,0.67,0.393,226
4723D752,CHIVAY,AREQUIPA,CAYLLOMA,gfs,pp,20260822,20260920,"00Z,12Z",D1,6h,0.325,0.327,0.953,0.431,172
4723D752,CHIVAY,AREQUIPA,CAYLLOMA,eta5,pp,20260822,20260920,"00Z,12Z",D1,6h,0.062,0.119,0.371,0.355,200
4723D752,CHIVAY,AREQUIPA,CAYLLOMA,wrf5,pp,20260822,20260920,"00Z,12Z",D1,6h,0.163,0.173,0.713,0.337,227
4723D752,CHIVAY,AREQUIPA,CAYLLOMA,mpas15,pp,20260822,20260920,00Z,D1,6h,0.383,0.416,0.968,0.25,115
47E8A60E,COTACOTA,AREQUIPA,CAYLLOMA,ecmwf,pp,20260822,20260920,"00Z,12Z",D1,6h,0.066,0.333,0.892,0.482,224
47E8A60E,COTACOTA,AREQUIPA,CAYLLOMA,gfs,pp,20260822,20260920,"00Z,12Z",D1,6h,0.559,0.675,1.448,0.478,169
47E8A60E,COTACOTA,AREQUIPA,CAYLLOMA,eta5,pp,20260822,20260920,"00Z,12Z",D1,6h,-0.044,0.331,0.849,0.491,196
47E8A60E,COTACOTA,AREQUIPA,CAYLLOMA,wrf5,pp,20260822,20260920,"00Z,12Z",D1,6h,0.337,0.506,1.411,0.466,223
47E8A60E,COTACOTA,AREQUIPA,CAYLLOMA,mpas15,pp,20260822,20260920,00Z,D1,6h,0.192,0.392,0.899,0.517,113
47E3A5A6,HUANCA,AREQUIPA,CAYLLOMA,ecmwf,pp,20260822,20260920,"00Z,12Z",D1,6h,0.035,0.035,0.216,S/D,232
47E3A5A6,HUANCA,AREQUIPA,CAYLLOMA,gfs,pp,20260822,20260920,"00Z,12Z",D1,6h,0.038,0.038,0.165,S/D,177
47E3A5A6,HUANCA,AREQUIPA,CAYLLOMA,eta5,pp,20260822,20260920,"00Z,12Z",D1,6h,0.01,0.01,0.075,S/D,206
47E3A5A6,HUANCA,AREQUIPA,CAYLLOMA,wrf5,pp,20260822,20260920,"00Z,12Z",D1,6h,0.008,0.008,0.07,S/D,232
47E3A5A6,HUANCA,AREQUIPA,CAYLLOMA,mpas15,pp,20260822,20260920,00Z,D1,6h,0.034,0.034,0.225,S/D,118
47E3834A,IMATA,AREQUIPA,CAYLLOMA,ecmwf,pp,20260822,20260920,"00Z,12Z",D1,6h,0.091,0.177,0.519,0.365,230
47E3834A,IMATA,AREQUIPA,CAYLLOMA,gfs,pp,20260822,20260920,"00Z,12Z",D1,6h,0.151,0.231,0.637,0.36,176
47E3834A,IMATA,AREQUIPA,CAYLLOMA,eta5,pp,20260822,20260920,"00Z,12Z",D1,6h,-0.037,0.13,0.498,0.42,204
47E3834A,IMATA,AREQUIPA,CAYLLOMA,wrf5,pp,20260822,20260920,"00Z,12Z",D1,6h,0.087,0.182,0.748,0.367,230
47E3834A,IMATA,AREQUIPA,CAYLLOMA,mpas15,pp,20260822,20260920,00Z,D1,6h,0.186,0.273,0.68,0.274,117
4729E39A,PAMPA DE MAJES,AREQUIPA,CAYLLOMA,ecmwf,pp,20260822,20260920,"00Z,12Z",D1,6h,0.001,0.001,0.009,S/D,224
4729E39A,PAMPA DE MAJES,AREQUIPA,CAYLLOMA,gfs,pp,20260822,20260920,"00Z,12Z",D1,6h,0.0,0.0,0.0,S/D,172
4729E39A,PAMPA DE MAJES,AREQUIPA,CAYLLOMA,eta5,pp,20260822,20260920,"00Z,12Z",D1,6h,0.0,0.0,0.0,S/D,198
4729E39A,PAMPA DE MAJES,AREQUIPA,CAYLLOMA,wrf5,pp,20260822,20260920,"00Z,12Z",D1,6h,0.0,0.0,0.0,S/D,224
4729E39A,PAMPA DE MAJES,AREQUIPA,CAYLLOMA,mpas15,pp,20260822,20260920,00Z,D1,6h,0.0,0.0,0.0,S/D,114
47E373CE,PILLONES,AREQUIPA,CAYLLOMA,ecmwf,pp,20260822,20260920,"00Z,12Z",D1,6h,0.1,0.109,0.406,0.391,218
47E373CE,PILLONES,AREQUIPA,CAYLLOMA,gfs,pp,20260822,20260920,"00Z,12Z",D1,6h,0.064,0.077,0.304,0.494,167
47E373CE,PILLONES,AREQUIPA,CAYLLOMA,eta5,pp,20260822,20260920,"00Z,12Z",D1,6h,0.017,0.048,0.188,0.371,193
47E373CE,PILLONES,AREQUIPA,CAYLLOMA,wrf5,pp,20260822,20260920,"00Z,12Z",D1,6h,0.031,0.055,0.201,0.45,218
47E373CE,PILLONES,AREQUIPA,CAYLLOMA,mpas15,pp,20260822,20260920,00Z,D1,6h,0.257,0.262,0.637,0.28,111
47265686,SIBAYO,AREQUIPA,CAYLLOMA,ecmwf,pp,20260822,20260920,"00Z,12Z",D1,6h,S/D,S/D,S/D,S/D,0
47265686,SIBAYO,AREQUIPA,CAYLLOMA,gfs,pp,20260822,20260920,"00Z,12Z",D1,6h,S/D,S/D,S/D,S/D,0
47265686,SIBAYO,AREQUIPA,CAYLLOMA,eta5,pp,20260822,20260920,"00Z,12Z",D1,6h,S/D,S/D,S/D,S/D,0
47265686,SIBAYO,AREQUIPA,CAYLLOMA,wrf5,pp,20260822,20260920,"00Z,12Z",D1,6h,S/D,S/D,S/D,S/D,0
47265686,SIBAYO,AREQUIPA,CAYLLOMA,mpas15,pp,20260822,20260920,00Z,D1,6h,S/D,S/D,S/D,S/D,0
472ED434,SUMBAY,AREQUIPA,CAYLLOMA,ecmwf,pp,20260822,20260920,"00Z,12Z",D1,6h,0.074,0.149,0.426,0.281,207
472ED434,SUMBAY,AREQUIPA,CAYLLOMA,gfs,pp,20260822,20260920,"00Z,12Z",D1,6h,0.099,0.21,0.595,0.34,158
472ED434,SUMBAY,AREQUIPA,CAYLLOMA,eta5,pp,20260822,20260920,"00Z,12Z",D1,6h,-0.059,0.155,0.617,0.369,183
472ED434,SUMBAY,AREQUIPA,CAYLLOMA,wrf5,pp,20260822,20260920,"00Z,12Z",D1,6h,0.07,0.14,0.586,0.373,208
472ED434,SUMBAY,AREQUIPA,CAYLLOMA,mpas15,pp,20260822,20260920,00Z,D1,6h,0.157,0.26,0.665,0.274,105
115150,COROPUNA,AREQUIPA,CONDESUYOS,ecmwf,pp,20260822,20260920,"00Z,12Z",D1,6h,S/D,S/D,S/D,S/D,0
115150,COROPUNA,AREQUIPA,CONDESUYOS,gfs,pp,20260822,20260920,"00Z,12Z",D1,6h,S/D,S/D,S/D,S/D,0
115150,COROPUNA,AREQUIPA,CONDESUYOS,eta5,pp,20260822,20260920,"00Z,12Z",D1,6h,S/D,S/D,S/D,S/D,0
115150,COROPUNA,AREQUIPA,CONDESUYOS,wrf5,pp,20260822,20260920,"00Z,12Z",D1,6h,S/D,S/D,S/D,S/D,0
115150,COROPUNA,AREQUIPA,CONDESUYOS,mpas15,pp,20260822,20260920,00Z,D1,6h,S/D,S/D,S/D,S/D,0
114119,VISCA VISCA,AREQUIPA,CONDESUYOS,ecmwf,pp,20260822,20260920,"00Z,12Z",D1,6h,0.22,0.391,0.827,0.55,222
114119,VISCA VISCA,AREQUIPA,CONDESUYOS,gfs,pp,20260822,20260920,"00Z,12Z",D1,6h,0.544,0.782,1.573,0.446,169
114119,VISCA VISCA,AREQUIPA,CONDESUYOS,eta5,pp,20260822,20260920,"00Z,12Z",D1,6h,0.025,0.416,1.0,0.458,196
114119,VISCA VISCA,AREQUIPA,CONDESUYOS,wrf5,pp,20260822,20260920,"00Z,12Z",D1,6h,0.457,0.723,2.116,0.412,223
114119,VISCA VISCA,AREQUIPA,CONDESUYOS,mpas15,pp,20260822,20260920,00Z,D1,6h,0.383,0.564,1.071,0.44,113
47280292,COTAHUASI,AREQUIPA,LA UNION,ecmwf,pp,20260822,20260920,"00Z,12Z",D1,6h,0.188,0.287,0.798,0.103,145
47280292,COTAHUASI,AREQUIPA,LA UNION,gfs,pp,20260822,20260920,"00Z,12Z",D1,6h,0.058,0.195,0.605,0.012,105
47280292,COTAHUASI,AREQUIPA,LA UNION,eta5,pp,20260822,20260920,"00Z,12Z",D1,6h,0.116,0.231,0.639,0.047,126
47280292,COTAHUASI,AREQUIPA,LA UNION,wrf5,pp,20260822,20260920,"00Z,12Z",D1,6h,0.058,0.161,0.658,0.151,142
47280292,COTAHUASI,AREQUIPA,LA UNION,mpas15,pp,20260822,20260920,00Z,D1,6h,0.312,0.411,1.063,0.222,73
115151,CUYAU,AREQUIPA,LA UNION,ecmwf,pp,20260822,20260920,"00Z,12Z",D1,6h,0.294,0.294,0.897,0.322,228
115151,CUYAU,AREQUIPA,LA UNION,gfs,pp,20260822,20260920,"00Z,12Z",D1,6h,0.141,0.141,0.351,0.301,174
115151,CUYAU,AREQUIPA,LA UNION,eta5,pp,20260822,20260920,"00Z,12Z",D1,6h,0.12,0.12,0.333,0.19,202
115151,CUYAU,AREQUIPA,LA UNION,wrf5,pp,20260822,20260920,"00Z,12Z",D1,6h,0.099,0.099,0.504,0.299,229
115151,CUYAU,AREQUIPA,LA UNION,mpas15,pp,20260822,20260920,00Z,D1,6h,0.245,0.245,0.784,0.112,116
4729D600,PAMPA CANGALLO,AYACUCHO,CANGALLO,ecmwf,pp,20260822,20260920,"00Z,12Z",D1,6h,0.405,0.608,1.34,0.526,224
4729D600,PAMPA CANGALLO,AYACUCHO,CANGALLO,gfs,pp,20260822,20260920,"00Z,12Z",D1,6h,0.872,1.124,2.312,0.507,172
4729D600,PAMPA CANGALLO,AYACUCHO,CANGALLO,eta5,pp,20260822,20260920,"00Z,12Z",D1,6h,-0.082,0.366,1.309,0.555,198
4729D600,PAMPA CANGALLO,AYACUCHO,CANGALLO,wrf5,pp,20260822,20260920,"00Z,12Z",D1,6h,0.32,0.585,2.069,0.467,224
4729D600,PAMPA CANGALLO,AYACUCHO,CANGALLO,mpas15,pp,20260822,20260920,00Z,D1,6h,0.694,0.871,1.953,0.525,114
113248,SANTA CRUZ DE HOSPICIO,AYACUCHO,CANGALLO,ecmwf,pp,20260822,20260920,"00Z,12Z",D1,6h,0.466,0.504,1.231,0.586,224
113248,SANTA CRUZ DE HOSPICIO,AYACUCHO,CANGALLO,gfs,pp,20260822,20260920,"00Z,12Z",D1,6h,0.88,0.939,1.91,0.541,172
113248,SANTA CRUZ DE HOSPICIO,AYACUCHO,CANGALLO,eta5,pp,20260822,20260920,"00Z,12Z",D1,6h,0.031,0.23,0.595,0.512,198
113248,SANTA CRUZ DE HOSPICIO,AYACUCHO,CANGALLO,wrf5,pp,20260822,20260920,"00Z,12Z",D1,6h,0.607,0.716,2.124,0.53,224
113248,SANTA CRUZ DE HOSPICIO,AYACUCHO,CANGALLO,mpas15,pp,20260822,20260920,00Z,D1,6h,0.946,0.975,2.381,0.569,114
250900,PUENTE PAMPAS GORE APU,AYACUCHO,HUAMANGA,ecmwf,pp,20260822,20260920,"00Z,12Z",D1,6h,0.553,0.581,1.371,0.34,225
250900,PUENTE PAMPAS GORE APU,AYACUCHO,HUAMANGA,gfs,pp,20260822,20260920,"00Z,12Z",D1,6h,0.576,0.586,1.187,0.384,172
250900,PUENTE PAMPAS GORE APU,AYACUCHO,HUAMANGA,eta5,pp,20260822,20260920,"00Z,12Z",D1,6h,0.377,0.474,0.918,0.254,198
250900,PUENTE PAMPAS GORE APU,AYACUCHO,HUAMANGA,wrf5,pp,20260822,20260920,"00Z,12Z",D1,6h,0.07,0.205,0.853,0.33,224
250900,PUENTE PAMPAS GORE APU,AYACUCHO,HUAMANGA,mpas15,pp,20260822,20260920,00Z,D1,6h,0.794,0.801,1.783,0.327,114
114122,CCONTACC,AYACUCHO,LUCANAS,ecmwf,pp,20260822,20260920,"00Z,12Z",D1,6h,0.395,0.405,1.13,0.305,226
114122,CCONTACC,AYACUCHO,LUCANAS,gfs,pp,20260822,20260920,"00Z,12Z",D1,6h,0.606,0.616,1.6,0.262,173
114122,CCONTACC,AYACUCHO,LUCANAS,eta5,pp,20260822,20260920,"00Z,12Z",D1,6h,0.07,0.091,0.276,0.264,200
114122,CCONTACC,AYACUCHO,LUCANAS,wrf5,pp,20260822,20260920,"00Z,12Z",D1,6h,0.506,0.53,1.894,0.294,227
114122,CCONTACC,AYACUCHO,LUCANAS,mpas15,pp,20260822,20260920,00Z,D1,6h,0.528,0.535,1.516,0.267,115
47290068,HUAC-HUAS,AYACUCHO,LUCANAS,ecmwf,pp,20260822,20260920,"00Z,12Z",D1,6h,-0.017,0.055,0.381,0.169,206
47290068,HUAC-HUAS,AYACUCHO,LUCANAS,gfs,pp,20260822,20260920,"00Z,12Z",D1,6h,-0.022,0.074,0.428,0.123,156
47290068,HUAC-HUAS,AYACUCHO,LUCANAS,eta5,pp,20260822,20260920,"00Z,12Z",D1,6h,-0.027,0.056,0.395,0.065,182
47290068,HUAC-HUAS,AYACUCHO,LUCANAS,wrf5,pp,20260822,20260920,"00Z,12Z",D1,6h,0.011,0.085,0.468,-0.05,206
47290068,HUAC-HUAS,AYACUCHO,LUCANAS,mpas15,pp,20260822,20260920,00Z,D1,6h,0.14,0.211,0.649,0.033,105
114127,PAMPA GALERAS,AYACUCHO,LUCANAS,ecmwf,pp,20260822,20260920,"00Z,12Z",D1,6h,0.181,0.252,0.976,0.32,223
114127,PAMPA GALERAS,AYACUCHO,LUCANAS,gfs,pp,20260822,20260920,"00Z,12Z",D1,6h,0.172,0.304,0.965,0.377,169
114127,PAMPA GALERAS,AYACUCHO,LUCANAS,eta5,pp,20260822,20260920,"00Z,12Z",D1,6h,0.001,0.072,0.345,0.336,197
114127,PAMPA GALERAS,AYACUCHO,LUCANAS,wrf5,pp,20260822,20260920,"00Z,12Z",D1,6h,0.436,0.537,1.945,0.278,223
114127,PAMPA GALERAS,AYACUCHO,LUCANAS,mpas15,pp,20260822,20260920,00Z,D1,6h,0.389,0.467,1.264,0.259,113
114121,HURAY HUMA,AYACUCHO,PARINACOCHAS,ecmwf,pp,20260822,20260920,"00Z,12Z",D1,6h,0.697,0.697,1.573,S/D,127
114121,HURAY HUMA,AYACUCHO,PARINACOCHAS,gfs,pp,20260822,20260920,"00Z,12Z",D1,6h,0.757,0.757,1.373,S/D,97
114121,HURAY HUMA,AYACUCHO,PARINACOCHAS,eta5,pp,20260822,20260920,"00Z,12Z",D1,6h,0.149,0.149,0.342,S/D,110
114121,HURAY HUMA,AYACUCHO,PARINACOCHAS,wrf5,pp,20260822,20260920,"00Z,12Z",D1,6h,0.646,0.646,1.768,S/D,126
114121,HURAY HUMA,AYACUCHO,PARINACOCHAS,mpas15,pp,20260822,20260920,00Z,D1,6h,0.859,0.859,2.134,S/D,64
115155,PAUZA,AYACUCHO,PAUCAR DEL SARA SARA,ecmwf,pp,20260822,20260920,"00Z,12Z",D1,6h,S/D,S/D,S/D,S/D,0
115155,PAUZA,AYACUCHO,PAUCAR DEL SARA SARA,gfs,pp,20260822,20260920,"00Z,12Z",D1,6h,S/D,S/D,S/D,S/D,0
115155,PAUZA,AYACUCHO,PAUCAR DEL SARA SARA,eta5,pp,20260822,20260920,"00Z,12Z",D1,6h,S/D,S/D,S/D,S/D,0
115155,PAUZA,AYACUCHO,PAUCAR DEL SARA SARA,wrf5,pp,20260822,20260920,"00Z,12Z",D1,6h,S/D,S/D,S/D,S/D,0
115155,PAUZA,AYACUCHO,PAUCAR DEL SARA SARA,mpas15,pp,20260822,20260920,00Z,D1,6h,S/D,S/D,S/D,S/D,0
4725B27A,PAUCARAY,AYACUCHO,SUCRE,ecmwf,pp,20260822,20260920,"00Z,12Z",D1,6h,S/D,S/D,S/D,S/D,0
4725B27A,PAUCARAY,AYACUCHO,SUCRE,gfs,pp,20260822,20260920,"00Z,12Z",D1,6h,S/D,S/D,S/D,S/D,0
4725B27A,PAUCARAY,AYACUCHO,SUCRE,eta5,pp,20260822,20260920,"00Z,12Z",D1,6h,S/D,S/D,S/D,S/D,0
4725B27A,PAUCARAY,AYACUCHO,SUCRE,wrf5,pp,20260822,20260920,"00Z,12Z",D1,6h,S/D,S/D,S/D,S/D,0
4725B27A,PAUCARAY,AYACUCHO,SUCRE,mpas15,pp,20260822,20260920,00Z,D1,6h,S/D,S/D,S/D,S/D,0
4729F0EC,CAJABAMBA,CAJAMARCA,CAJABAMBA,ecmwf,pp,20260822,20260920,"00Z,12Z",D1,6h,0.315,0.315,1.081,0.332,223
4729F0EC,CAJABAMBA,CAJAMARCA,CAJABAMBA,gfs,pp,20260822,20260920,"00Z,12Z",D1,6h,-0.012,0.062,0.304,0.454,170
4729F0EC,CAJABAMBA,CAJAMARCA,CAJABAMBA,eta5,pp,20260822,20260920,"00Z,12Z",D1,6h,-0.031,0.125,0.513,0.223,197
4729F0EC,CAJABAMBA,CAJAMARCA,CAJABAMBA,wrf5,pp,20260822,20260920,"00Z,12Z",D1,6h,0.017,0.116,0.513,0.391,222
4729F0EC,CAJABAMBA,CAJAMARCA,CAJABAMBA,mpas15,pp,20260822,20260920,00Z,D1,6h,0.265,0.341,0.802,0.234,113
472A32FC,CRISNEJAS,CAJAMARCA,CAJABAMBA,ecmwf,pp,20260822,20260920,"00Z,12Z",D1,6h,0.374,0.375,1.372,S/D,224
472A32FC,CRISNEJAS,CAJAMARCA,CAJABAMBA,gfs,pp,20260822,20260920,"00Z,12Z",D1,6h,0.078,0.078,0.414,S/D,170
472A32FC,CRISNEJAS,CAJAMARCA,CAJABAMBA,eta5,pp,20260822,20260920,"00Z,12Z",D1,6h,0.113,0.113,0.361,S/D,196
472A32FC,CRISNEJAS,CAJAMARCA,CAJABAMBA,wrf5,pp,20260822,20260920,"00Z,12Z",D1,6h,0.067,0.067,0.518,S/D,222
472A32FC,CRISNEJAS,CAJAMARCA,CAJABAMBA,mpas15,pp,20260822,20260920,00Z,D1,6h,0.262,0.262,0.598,S/D,113
472645F0,UNC CAJAMARCA,CAJAMARCA,CAJAMARCA,ecmwf,pp,20260822,20260920,"00Z,12Z",D1,6h,0.254,0.52,1.236,0.282,211
472645F0,UNC CAJAMARCA,CAJAMARCA,CAJAMARCA,gfs,pp,20260822,20260920,"00Z,12Z",D1,6h,0.639,0.912,1.69,0.196,159
472645F0,UNC CAJAMARCA,CAJAMARCA,CAJAMARCA,eta5,pp,20260822,20260920,"00Z,12Z",D1,6h,-0.027,0.372,0.818,-0.029,186
472645F0,UNC CAJAMARCA,CAJAMARCA,CAJAMARCA,wrf5,pp,20260822,20260920,"00Z,12Z",D1,6h,-0.067,0.384,1.557,0.169,210
472645F0,UNC CAJAMARCA,CAJAMARCA,CAJAMARCA,mpas15,pp,20260822,20260920,00Z,D1,6h,0.677,1.036,2.423,0.119,107
472501F4,BALSAS,CAJAMARCA,CELENDIN,ecmwf,pp,20260822,20260920,"00Z,12Z",D1,6h,S/D,S/D,S/D,S/D,0
472501F4,BALSAS,CAJAMARCA,CELENDIN,gfs,pp,20260822,20260920,"00Z,12Z",D1,6h,S/D,S/D,S/D,S/D,0
472501F4,BALSAS,CAJAMARCA,CELENDIN,eta5,pp,20260822,20260920,"00Z,12Z",D1,6h,S/D,S/D,S/D,S/D,0
472501F4,BALSAS,CAJAMARCA,CELENDIN,wrf5,pp,20260822,20260920,"00Z,12Z",D1,6h,S/D,S/D,S/D,S/D,0
472501F4,BALSAS,CAJAMARCA,CELENDIN,mpas15,pp,20260822,20260920,00Z,D1,6h,S/D,S/D,S/D,S/D,0
4726631C,CELENDIN,CAJAMARCA,CELENDIN,ecmwf,pp,20260822,20260920,"00Z,12Z",D1,6h,0.263,0.289,0.963,0.24,213
4726631C,CELENDIN,CAJAMARCA,CELENDIN,gfs,pp,20260822,20260920,"00Z,12Z",D1,6h,0.368,0.411,0.759,0.2,162
4726631C,CELENDIN,CAJAMARCA,CELENDIN,eta5,pp,20260822,20260920,"00Z,12Z",D1,6h,0.027,0.077,0.29,0.189,186
4726631C,CELENDIN,CAJAMARCA,CELENDIN,wrf5,pp,20260822,20260920,"00Z,12Z",D1,6h,0.003,0.069,0.353,0.237,212
4726631C,CELENDIN,CAJAMARCA,CELENDIN,mpas15,pp,20260822,20260920,00Z,D1,6h,0.712,0.732,1.472,0.157,108
4726C3E4,CHOTA,CAJAMARCA,CHOTA,ecmwf,pp,20260822,20260920,"00Z,12Z",D1,6h,0.819,0.887,1.78,0.224,183
4726C3E4,CHOTA,CAJAMARCA,CHOTA,gfs,pp,20260822,20260920,"00Z,12Z",D1,6h,0.46,0.527,0.914,0.289,144
4726C3E4,CHOTA,CAJAMARCA,CHOTA,eta5,pp,20260822,20260920,"00Z,12Z",D1,6h,0.069,0.196,0.555,0.216,161
4726C3E4,CHOTA,CAJAMARCA,CHOTA,wrf5,pp,20260822,20260920,"00Z,12Z",D1,6h,-0.018,0.119,0.575,0.017,182
4726C3E4,CHOTA,CAJAMARCA,CHOTA,mpas15,pp,20260822,20260920,00Z,D1,6h,1.028,1.071,2.073,0.091,93
47E94706,HUAMBOS,CAJAMARCA,CHOTA,ecmwf,pp,20260822,20260920,"00Z,12Z",D1,6h,0.46,0.566,1.19,0.202,224
47E94706,HUAMBOS,CAJAMARCA,CHOTA,gfs,pp,20260822,20260920,"00Z,12Z",D1,6h,-0.054,0.215,0.822,0.114,171
47E94706,HUAMBOS,CAJAMARCA,CHOTA,eta5,pp,20260822,20260920,"00Z,12Z",D1,6h,-0.037,0.191,0.75,-0.009,199
47E94706,HUAMBOS,CAJAMARCA,CHOTA,wrf5,pp,20260822,20260920,"00Z,12Z",D1,6h,-0.073,0.169,0.755,0.285,225
47E94706,HUAMBOS,CAJAMARCA,CHOTA,mpas15,pp,20260822,20260920,00Z,D1,6h,0.547,0.64,1.295,0.031,114
47E1D6C2,PUENTE SAN CARLOS,CAJAMARCA,CHOTA,ecmwf,pp,20260822,20260920,"00Z,12Z",D1,6h,0.074,0.175,0.388,-0.132,225
47E1D6C2,PUENTE SAN CARLOS,CAJAMARCA,CHOTA,gfs,pp,20260822,20260920,"00Z,12Z",D1,6h,-0.016,0.116,0.341,-0.091,172
47E1D6C2,PUENTE SAN CARLOS,CAJAMARCA,CHOTA,eta5,pp,20260822,20260920,"00Z,12Z",D1,6h,0.01,0.094,0.281,-0.122,198
47E1D6C2,PUENTE SAN CARLOS,CAJAMARCA,CHOTA,wrf5,pp,20260822,20260920,"00Z,12Z",D1,6h,-0.029,0.072,0.264,0.061,224
47E1D6C2,PUENTE SAN CARLOS,CAJAMARCA,CHOTA,mpas15,pp,20260822,20260920,00Z,D1,6h,0.016,0.116,0.359,0.025,114
47E1F02E,TUNEL CHOTANO,CAJAMARCA,CHOTA,ecmwf,pp,20260822,20260920,"00Z,12Z",D1,6h,0.75,0.841,1.729,0.024,222
47E1F02E,TUNEL CHOTANO,CAJAMARCA,CHOTA,gfs,pp,20260822,20260920,"00Z,12Z",D1,6h,0.409,0.518,0.976,0.137,170
47E1F02E,TUNEL CHOTANO,CAJAMARCA,CHOTA,eta5,pp,20260822,20260920,"00Z,12Z",D1,6h,0.082,0.212,0.735,0.126,194
47E1F02E,TUNEL CHOTANO,CAJAMARCA,CHOTA,wrf5,pp,20260822,20260920,"00Z,12Z",D1,6h,0.003,0.11,0.714,0.146,220
47E1F02E,TUNEL CHOTANO,CAJAMARCA,CHOTA,mpas15,pp,20260822,20260920,00Z,D1,6h,0.663,0.721,1.887,0.149,112
472C92CA,CASCABAMBA,CAJAMARCA,CONTUMAZA,ecmwf,pp,20260822,20260920,"00Z,12Z",D1,6h,0.406,0.415,1.365,-0.087,222
472C92CA,CASCABAMBA,CAJAMARCA,CONTUMAZA,gfs,pp,20260822,20260920,"00Z,12Z",D1,6h,0.178,0.193,0.464,-0.004,168
472C92CA,CASCABAMBA,CAJAMARCA,CONTUMAZA,eta5,pp,20260822,20260920,"00Z,12Z",D1,6h,-0.019,0.038,0.223,-0.086,196
472C92CA,CASCABAMBA,CAJAMARCA,CONTUMAZA,wrf5,pp,20260822,20260920,"00Z,12Z",D1,6h,0.343,0.379,1.647,-0.009,223
472C92CA,CASCABAMBA,CAJAMARCA,CONTUMAZA,mpas15,pp,20260822,20260920,00Z,D1,6h,0.846,0.89,2.437,-0.031,113
472C81BC,GUZMANGO,CAJAMARCA,CONTUMAZA,ecmwf,pp,20260822,20260920,"00Z,12Z",D1,6h,0.074,0.074,0.257,S/D,220
472C81BC,GUZMANGO,CAJAMARCA,CONTUMAZA,gfs,pp,20260822,20260920,"00Z,12Z",D1,6h,0.059,0.059,0.213,S/D,167
472C81BC,GUZMANGO,CAJAMARCA,CONTUMAZA,eta5,pp,20260822,20260920,"00Z,12Z",D1,6h,0.023,0.023,0.103,S/D,194
472C81BC,GUZMANGO,CAJAMARCA,CONTUMAZA,wrf5,pp,20260822,20260920,"00Z,12Z",D1,6h,0.012,0.012,0.075,S/D,221
472C81BC,GUZMANGO,CAJAMARCA,CONTUMAZA,mpas15,pp,20260822,20260920,00Z,D1,6h,0.371,0.371,1.076,S/D,112
4727470A,PUENTE CHILETE,CAJAMARCA,CONTUMAZA,ecmwf,pp,20260822,20260920,"00Z,12Z",D1,6h,0.22,0.222,0.603,0.086,214
4727470A,PUENTE CHILETE,CAJAMARCA,CONTUMAZA,gfs,pp,20260822,20260920,"00Z,12Z",D1,6h,0.902,0.902,1.886,0.151,160
4727470A,PUENTE CHILETE,CAJAMARCA,CONTUMAZA,eta5,pp,20260822,20260920,"00Z,12Z",D1,6h,0.315,0.321,0.782,-0.086,190
4727470A,PUENTE CHILETE,CAJAMARCA,CONTUMAZA,wrf5,pp,20260822,20260920,"00Z,12Z",D1,6h,0.024,0.029,0.183,0.149,214
4727470A,PUENTE CHILETE,CAJAMARCA,CONTUMAZA,mpas15,pp,20260822,20260920,00Z,D1,6h,1.383,1.388,3.545,-0.022,109
4726E508,YONAN GORE,CAJAMARCA,CONTUMAZA,ecmwf,pp,20260822,20260920,"00Z,12Z",D1,6h,0.05,0.082,0.315,0.056,217
4726E508,YONAN GORE,CAJAMARCA,CONTUMAZA,gfs,pp,20260822,20260920,"00Z,12Z",D1,6h,0.15,0.171,0.432,0.096,164
4726E508,YONAN GORE,CAJAMARCA,CONTUMAZA,eta5,pp,20260822,20260920,"00Z,12Z",D1,6h,0.009,0.049,0.213,-0.066,190
4726E508,YONAN GORE,CAJAMARCA,CONTUMAZA,wrf5,pp,20260822,20260920,"00Z,12Z",D1,6h,-0.004,0.03,0.168,0.236,216
4726E508,YONAN GORE,CAJAMARCA,CONTUMAZA,mpas15,pp,20260822,20260920,00Z,D1,6h,0.019,0.054,0.242,-0.133,110
472B3006,CUMBA,CAJAMARCA,CUTERVO,ecmwf,pp,20260822,20260920,"00Z,12Z",D1,6h,0.53,0.865,1.787,0.301,222
472B3006,CUMBA,CAJAMARCA,CUTERVO,gfs,pp,20260822,20260920,"00Z,12Z",D1,6h,0.437,0.705,1.27,0.388,169
472B3006,CUMBA,CAJAMARCA,CUTERVO,eta5,pp,20260822,20260920,"00Z,12Z",D1,6h,0.38,0.609,1.177,0.265,194
472B3006,CUMBA,CAJAMARCA,CUTERVO,wrf5,pp,20260822,20260920,"00Z,12Z",D1,6h,-0.094,0.365,1.344,0.083,220
472B3006,CUMBA,CAJAMARCA,CUTERVO,mpas15,pp,20260822,20260920,00Z,D1,6h,1.65,1.915,3.59,0.156,112
4726A602,CUTERVO,CAJAMARCA,CUTERVO,ecmwf,pp,20260822,20260920,"00Z,12Z",D1,6h,0.63,0.753,1.44,0.186,204
4726A602,CUTERVO,CAJAMARCA,CUTERVO,gfs,pp,20260822,20260920,"00Z,12Z",D1,6h,0.381,0.494,0.903,0.177,154
4726A602,CUTERVO,CAJAMARCA,CUTERVO,eta5,pp,20260822,20260920,"00Z,12Z",D1,6h,-0.055,0.149,0.562,0.171,181
4726A602,CUTERVO,CAJAMARCA,CUTERVO,wrf5,pp,20260822,20260920,"00Z,12Z",D1,6h,0.106,0.248,0.926,0.261,204
4726A602,CUTERVO,CAJAMARCA,CUTERVO,mpas15,pp,20260822,20260920,00Z,D1,6h,0.717,0.801,1.678,0.286,104
4726D092,BAMBAMARCA H,CAJAMARCA,HUALGAYOC,ecmwf,pp,20260822,20260920,"00Z,12Z",D1,6h,0.485,0.541,1.551,0.349,143
4726D092,BAMBAMARCA H,CAJAMARCA,HUALGAYOC,gfs,pp,20260822,20260920,"00Z,12Z",D1,6h,0.489,0.525,0.913,0.332,109
4726D092,BAMBAMARCA H,CAJAMARCA,HUALGAYOC,eta5,pp,20260822,20260920,"00Z,12Z",D1,6h,-0.058,0.124,0.39,0.188,124
4726D092,BAMBAMARCA H,CAJAMARCA,HUALGAYOC,wrf5,pp,20260822,20260920,"00Z,12Z",D1,6h,-0.013,0.129,0.481,0.224,142
4726D092,BAMBAMARCA H,CAJAMARCA,HUALGAYOC,mpas15,pp,20260822,20260920,00Z,D1,6h,0.681,0.73,1.354,0.176,73
472680EE,BAMBAMARCA M,CAJAMARCA,HUALGAYOC,ecmwf,pp,20260822,20260920,"00Z,12Z",D1,6h,0.565,0.591,1.659,0.268,218
472680EE,BAMBAMARCA M,CAJAMARCA,HUALGAYOC,gfs,pp,20260822,20260920,"00Z,12Z",D1,6h,0.556,0.584,1.05,0.174,166
472680EE,BAMBAMARCA M,CAJAMARCA,HUALGAYOC,eta5,pp,20260822,20260920,"00Z,12Z",D1,6h,0.081,0.144,0.387,0.055,192
472680EE,BAMBAMARCA M,CAJAMARCA,HUALGAYOC,wrf5,pp,20260822,20260920,"00Z,12Z",D1,6h,0.071,0.13,0.793,0.148,218
472680EE,BAMBAMARCA M,CAJAMARCA,HUALGAYOC,mpas15,pp,20260822,20260920,00Z,D1,6h,0.796,0.813,1.591,0.067,111
4727F484,CHUGUR,CAJAMARCA,HUALGAYOC,ecmwf,pp,20260822,20260920,"00Z,12Z",D1,6h,1.296,1.296,2.552,0.132,223
4727F484,CHUGUR,CAJAMARCA,HUALGAYOC,gfs,pp,20260822,20260920,"00Z,12Z",D1,6h,0.746,0.756,1.867,0.058,170
4727F484,CHUGUR,CAJAMARCA,HUALGAYOC,eta5,pp,20260822,20260920,"00Z,12Z",D1,6h,0.182,0.195,0.486,0.043,196
4727F484,CHUGUR,CAJAMARCA,HUALGAYOC,wrf5,pp,20260822,20260920,"00Z,12Z",D1,6h,0.252,0.265,1.086,0.037,222
4727F484,CHUGUR,CAJAMARCA,HUALGAYOC,mpas15,pp,20260822,20260920,00Z,D1,6h,0.776,0.776,2.022,0.103,113
472A571A,HUALLAPE,CAJAMARCA,JAEN,ecmwf,pp,20260822,20260920,"00Z,12Z",D1,6h,0.668,1.007,2.447,0.388,222
472A571A,HUALLAPE,CAJAMARCA,JAEN,gfs,pp,20260822,20260920,"00Z,12Z",D1,6h,-0.058,0.348,1.0,0.317,168
472A571A,HUALLAPE,CAJAMARCA,JAEN,eta5,pp,20260822,20260920,"00Z,12Z",D1,6h,0.102,0.484,1.113,0.109,195
472A571A,HUALLAPE,CAJAMARCA,JAEN,wrf5,pp,20260822,20260920,"00Z,12Z",D1,6h,-0.235,0.284,1.136,0.286,220
472A571A,HUALLAPE,CAJAMARCA,JAEN,mpas15,pp,20260822,20260920,00Z,D1,6h,0.494,0.831,2.44,0.182,112
47269398,JAEN,CAJAMARCA,JAEN,ecmwf,pp,20260822,20260920,"00Z,12Z",D1,6h,0.453,0.533,1.11,0.309,205
47269398,JAEN,CAJAMARCA,JAEN,gfs,pp,20260822,20260920,"00Z,12Z",D1,6h,0.269,0.359,0.646,0.259,154
47269398,JAEN,CAJAMARCA,JAEN,eta5,pp,20260822,20260920,"00Z,12Z",D1,6h,0.455,0.597,0.977,0.088,180
47269398,JAEN,CAJAMARCA,JAEN,wrf5,pp,20260822,20260920,"00Z,12Z",D1,6h,-0.051,0.127,0.488,0.319,204
47269398,JAEN,CAJAMARCA,JAEN,mpas15,pp,20260822,20260920,00Z,D1,6h,1.738,1.816,3.85,0.191,104
105136,SAUZAL,CAJAMARCA,JAEN,ecmwf,pp,20260822,20260920,"00Z,12Z",D1,6h,0.23,0.23,0.586,S/D,226
105136,SAUZAL,CAJAMARCA,JAEN,gfs,pp,20260822,20260920,"00Z,12Z",D1,6h,0.092,0.092,0.281,S/D,173
105136,SAUZAL,CAJAMARCA,JAEN,eta5,pp,20260822,20260920,"00Z,12Z",D1,6h,0.064,0.064,0.263,S/D,200
105136,SAUZAL,CAJAMARCA,JAEN,wrf5,pp,20260822,20260920,"00Z,12Z",D1,6h,0.0,0.0,0.003,S/D,226
105136,SAUZAL,CAJAMARCA,JAEN,mpas15,pp,20260822,20260920,00Z,D1,6h,0.152,0.152,0.43,S/D,115
4725E206,SAN MARCOS,CAJAMARCA,SAN MARCOS,ecmwf,pp,20260822,20260920,"00Z,12Z",D1,6h,0.582,0.602,1.669,0.266,209
4725E206,SAN MARCOS,CAJAMARCA,SAN MARCOS,gfs,pp,20260822,20260920,"00Z,12Z",D1,6h,0.253,0.26,0.6,0.344,159
4725E206,SAN MARCOS,CAJAMARCA,SAN MARCOS,eta5,pp,20260822,20260920,"00Z,12Z",D1,6h,0.012,0.073,0.239,0.233,185
4725E206,SAN MARCOS,CAJAMARCA,SAN MARCOS,wrf5,pp,20260822,20260920,"00Z,12Z",D1,6h,0.015,0.059,0.231,0.399,208
4725E206,SAN MARCOS,CAJAMARCA,SAN MARCOS,mpas15,pp,20260822,20260920,00Z,D1,6h,0.309,0.347,0.795,0.176,106
47E207A4,TONGOD,CAJAMARCA,SAN MIGUEL,ecmwf,pp,20260822,20260920,"00Z,12Z",D1,6h,1.229,1.241,2.454,0.188,222
47E207A4,TONGOD,CAJAMARCA,SAN MIGUEL,gfs,pp,20260822,20260920,"00Z,12Z",D1,6h,0.691,0.748,1.851,0.251,169
47E207A4,TONGOD,CAJAMARCA,SAN MIGUEL,eta5,pp,20260822,20260920,"00Z,12Z",D1,6h,0.003,0.119,0.382,0.203,194
47E207A4,TONGOD,CAJAMARCA,SAN MIGUEL,wrf5,pp,20260822,20260920,"00Z,12Z",D1,6h,0.164,0.271,1.177,0.268,220
47E207A4,TONGOD,CAJAMARCA,SAN MIGUEL,mpas15,pp,20260822,20260920,00Z,D1,6h,0.801,0.863,2.058,0.091,112
47E1C5B4,CAÑAD,CAJAMARCA,SANTA CRUZ,ecmwf,pp,20260822,20260920,"00Z,12Z",D1,6h,0.85,0.85,1.86,S/D,225
47E1C5B4,CAÑAD,CAJAMARCA,SANTA CRUZ,gfs,pp,20260822,20260920,"00Z,12Z",D1,6h,0.469,0.469,0.948,S/D,172
47E1C5B4,CAÑAD,CAJAMARCA,SANTA CRUZ,eta5,pp,20260822,20260920,"00Z,12Z",D1,6h,0.21,0.21,0.501,S/D,198
47E1C5B4,CAÑAD,CAJAMARCA,SANTA CRUZ,wrf5,pp,20260822,20260920,"00Z,12Z",D1,6h,0.013,0.013,0.096,S/D,224
47E1C5B4,CAÑAD,CAJAMARCA,SANTA CRUZ,mpas15,pp,20260822,20260920,00Z,D1,6h,0.487,0.487,1.155,S/D,114
47E3055E,CHANCAY BAÑOS,CAJAMARCA,SANTA CRUZ,ecmwf,pp,20260822,20260920,"00Z,12Z",D1,6h,0.787,0.788,1.635,0.176,230
47E3055E,CHANCAY BAÑOS,CAJAMARCA,SANTA CRUZ,gfs,pp,20260822,20260920,"00Z,12Z",D1,6h,0.47,0.47,0.821,0.209,176
47E3055E,CHANCAY BAÑOS,CAJAMARCA,SANTA CRUZ,eta5,pp,20260822,20260920,"00Z,12Z",D1,6h,0.137,0.168,0.43,0.153,204
47E3055E,CHANCAY BAÑOS,CAJAMARCA,SANTA CRUZ,wrf5,pp,20260822,20260920,"00Z,12Z",D1,6h,0.015,0.044,0.235,0.137,230
47E3055E,CHANCAY BAÑOS,CAJAMARCA,SANTA CRUZ,mpas15,pp,20260822,20260920,00Z,D1,6h,0.639,0.639,1.443,0.186,117
47E1E358,PUENTE AMBAN,CAJAMARCA,SANTA CRUZ,ecmwf,pp,20260822,20260920,"00Z,12Z",D1,6h,0.573,0.573,1.261,S/D,225
47E1E358,PUENTE AMBAN,CAJAMARCA,SANTA CRUZ,gfs,pp,20260822,20260920,"00Z,12Z",D1,6h,0.096,0.096,0.301,S/D,172
47E1E358,PUENTE AMBAN,CAJAMARCA,SANTA CRUZ,eta5,pp,20260822,20260920,"00Z,12Z",D1,6h,0.253,0.253,0.595,S/D,198
47E1E358,PUENTE AMBAN,CAJAMARCA,SANTA CRUZ,wrf5,pp,20260822,20260920,"00Z,12Z",D1,6h,0.02,0.021,0.129,S/D,224
47E1E358,PUENTE AMBAN,CAJAMARCA,SANTA CRUZ,mpas15,pp,20260822,20260920,00Z,D1,6h,0.627,0.627,1.495,S/D,114
114132,POMACANCHI,CUSCO,ACOMAYO,ecmwf,pp,20260822,20260920,"00Z,12Z",D1,6h,0.322,0.374,0.725,0.344,228
114132,POMACANCHI,CUSCO,ACOMAYO,gfs,pp,20260822,20260920,"00Z,12Z",D1,6h,0.245,0.312,1.022,0.288,175
114132,POMACANCHI,CUSCO,ACOMAYO,eta5,pp,20260822,20260920,"00Z,12Z",D1,6h,0.031,0.162,0.388,0.226,202
114132,POMACANCHI,CUSCO,ACOMAYO,wrf5,pp,20260822,20260920,"00Z,12Z",D1,6h,0.061,0.18,0.612,0.415,228
114132,POMACANCHI,CUSCO,ACOMAYO,mpas15,pp,20260822,20260920,00Z,D1,6h,0.539,0.596,1.061,0.232,116
113252,ANCACHURO,CUSCO,ANTA,ecmwf,pp,20260822,20260920,"00Z,12Z",D1,6h,0.402,0.549,1.241,0.301,226
113252,ANCACHURO,CUSCO,ANTA,gfs,pp,20260822,20260920,"00Z,12Z",D1,6h,0.238,0.489,1.323,0.262,174
113252,ANCACHURO,CUSCO,ANTA,eta5,pp,20260822,20260920,"00Z,12Z",D1,6h,0.04,0.214,0.714,0.336,201
113252,ANCACHURO,CUSCO,ANTA,wrf5,pp,20260822,20260920,"00Z,12Z",D1,6h,-0.018,0.222,0.864,0.264,226
113252,ANCACHURO,CUSCO,ANTA,mpas15,pp,20260822,20260920,00Z,D1,6h,0.547,0.714,1.385,0.245,115
47294362,SORAYPAMPA,CUSCO,ANTA,ecmwf,pp,20260822,20260920,"00Z,12Z",D1,6h,S/D,S/D,S/D,S/D,0
47294362,SORAYPAMPA,CUSCO,ANTA,gfs,pp,20260822,20260920,"00Z,12Z",D1,6h,S/D,S/D,S/D,S/D,0
47294362,SORAYPAMPA,CUSCO,ANTA,eta5,pp,20260822,20260920,"00Z,12Z",D1,6h,S/D,S/D,S/D,S/D,0
47294362,SORAYPAMPA,CUSCO,ANTA,wrf5,pp,20260822,20260920,"00Z,12Z",D1,6h,S/D,S/D,S/D,S/D,0
47294362,SORAYPAMPA,CUSCO,ANTA,mpas15,pp,20260822,20260920,00Z,D1,6h,S/D,S/D,S/D,S/D,0
472976F8,CALCA,CUSCO,CALCA,ecmwf,pp,20260822,20260920,"00Z,12Z",D1,6h,0.564,0.618,1.171,0.249,214
472976F8,CALCA,CUSCO,CALCA,gfs,pp,20260822,20260920,"00Z,12Z",D1,6h,0.469,0.545,1.044,0.369,160
472976F8,CALCA,CUSCO,CALCA,eta5,pp,20260822,20260920,"00Z,12Z",D1,6h,-0.006,0.095,0.38,0.228,191
472976F8,CALCA,CUSCO,CALCA,wrf5,pp,20260822,20260920,"00Z,12Z",D1,6h,0.039,0.131,0.414,0.28,215
472976F8,CALCA,CUSCO,CALCA,mpas15,pp,20260822,20260920,00Z,D1,6h,0.512,0.551,0.976,0.208,109
472A6280,NUEVO PISAC,CUSCO,CALCA,ecmwf,pp,20260822,20260920,"00Z,12Z",D1,6h,S/D,S/D,S/D,S/D,0
472A6280,NUEVO PISAC,CUSCO,CALCA,gfs,pp,20260822,20260920,"00Z,12Z",D1,6h,S/D,S/D,S/D,S/D,0
472A6280,NUEVO PISAC,CUSCO,CALCA,eta5,pp,20260822,20260920,"00Z,12Z",D1,6h,S/D,S/D,S/D,S/D,0
472A6280,NUEVO PISAC,CUSCO,CALCA,wrf5,pp,20260822,20260920,"00Z,12Z",D1,6h,S/D,S/D,S/D,S/D,0
472A6280,NUEVO PISAC,CUSCO,CALCA,mpas15,pp,20260822,20260920,00Z,D1,6h,S/D,S/D,S/D,S/D,0
114126,PAYAPUNKU,CUSCO,CANAS,ecmwf,pp,20260822,20260920,"00Z,12Z",D1,6h,0.367,0.436,0.967,0.456,226
114126,PAYAPUNKU,CUSCO,CANAS,gfs,pp,20260822,20260920,"00Z,12Z",D1,6h,0.157,0.384,0.895,0.295,172
114126,PAYAPUNKU,CUSCO,CANAS,eta5,pp,20260822,20260920,"00Z,12Z",D1,6h,-0.004,0.259,0.6,0.261,200
114126,PAYAPUNKU,CUSCO,CANAS,wrf5,pp,20260822,20260920,"00Z,12Z",D1,6h,0.128,0.362,1.219,0.308,227
114126,PAYAPUNKU,CUSCO,CANAS,mpas15,pp,20260822,20260920,00Z,D1,6h,0.397,0.49,1.066,0.376,115
114125,SAUSAYA,CUSCO,CANAS,ecmwf,pp,20260822,20260920,"00Z,12Z",D1,6h,0.453,0.498,1.029,0.379,212
114125,SAUSAYA,CUSCO,CANAS,gfs,pp,20260822,20260920,"00Z,12Z",D1,6h,0.293,0.369,0.895,0.274,161
114125,SAUSAYA,CUSCO,CANAS,eta5,pp,20260822,20260920,"00Z,12Z",D1,6h,0.246,0.366,0.812,0.231,189
114125,SAUSAYA,CUSCO,CANAS,wrf5,pp,20260822,20260920,"00Z,12Z",D1,6h,0.254,0.387,1.357,0.238,212
114125,SAUSAYA,CUSCO,CANAS,mpas15,pp,20260822,20260920,00Z,D1,6h,0.45,0.5,0.92,0.249,108
472E025C,QUISOQUEPINA,CUSCO,CANCHIS,ecmwf,pp,20260822,20260920,"00Z,12Z",D1,6h,S/D,S/D,S/D,S/D,0
472E025C,QUISOQUEPINA,CUSCO,CANCHIS,gfs,pp,20260822,20260920,"00Z,12Z",D1,6h,S/D,S/D,S/D,S/D,0
472E025C,QUISOQUEPINA,CUSCO,CANCHIS,eta5,pp,20260822,20260920,"00Z,12Z",D1,6h,S/D,S/D,S/D,S/D,0
472E025C,QUISOQUEPINA,CUSCO,CANCHIS,wrf5,pp,20260822,20260920,"00Z,12Z",D1,6h,S/D,S/D,S/D,S/D,0
472E025C,QUISOQUEPINA,CUSCO,CANCHIS,mpas15,pp,20260822,20260920,00Z,D1,6h,S/D,S/D,S/D,S/D,0
114118,SALCCA,CUSCO,CANCHIS,ecmwf,pp,20260822,20260920,"00Z,12Z",D1,6h,0.261,0.371,0.984,0.311,224
114118,SALCCA,CUSCO,CANCHIS,gfs,pp,20260822,20260920,"00Z,12Z",D1,6h,0.137,0.363,0.926,0.325,171
114118,SALCCA,CUSCO,CANCHIS,eta5,pp,20260822,20260920,"00Z,12Z",D1,6h,0.028,0.279,0.699,0.255,198
114118,SALCCA,CUSCO,CANCHIS,wrf5,pp,20260822,20260920,"00Z,12Z",D1,6h,0.09,0.267,0.861,0.298,224
114118,SALCCA,CUSCO,CANCHIS,mpas15,pp,20260822,20260920,00Z,D1,6h,0.471,0.579,1.235,0.267,114
47E8B578,SIBINACOCHA,CUSCO,CANCHIS,ecmwf,pp,20260822,20260920,"00Z,12Z",D1,6h,0.111,0.271,0.603,0.491,226
47E8B578,SIBINACOCHA,CUSCO,CANCHIS,gfs,pp,20260822,20260920,"00Z,12Z",D1,6h,0.516,0.6,1.336,0.418,172
47E8B578,SIBINACOCHA,CUSCO,CANCHIS,eta5,pp,20260822,20260920,"00Z,12Z",D1,6h,-0.102,0.213,0.521,0.171,200
47E8B578,SIBINACOCHA,CUSCO,CANCHIS,wrf5,pp,20260822,20260920,"00Z,12Z",D1,6h,0.066,0.286,0.809,0.304,227
47E8B578,SIBINACOCHA,CUSCO,CANCHIS,mpas15,pp,20260822,20260920,00Z,D1,6h,0.503,0.57,1.106,0.465,115
4726158C,SICUANI,CUSCO,CANCHIS,ecmwf,pp,20260822,20260920,"00Z,12Z",D1,6h,0.308,0.362,0.971,0.163,209
4726158C,SICUANI,CUSCO,CANCHIS,gfs,pp,20260822,20260920,"00Z,12Z",D1,6h,0.231,0.25,0.735,0.336,158
4726158C,SICUANI,CUSCO,CANCHIS,eta5,pp,20260822,20260920,"00Z,12Z",D1,6h,0.153,0.211,0.423,0.169,183
4726158C,SICUANI,CUSCO,CANCHIS,wrf5,pp,20260822,20260920,"00Z,12Z",D1,6h,0.167,0.205,1.044,0.247,208
4726158C,SICUANI,CUSCO,CANCHIS,mpas15,pp,20260822,20260920,00Z,D1,6h,0.501,0.522,1.001,0.164,106
114123,MARCA CUNKA,CUSCO,CHUMBIVILCAS,ecmwf,pp,20260822,20260920,"00Z,12Z",D1,6h,0.351,0.462,1.059,0.409,224
114123,MARCA CUNKA,CUSCO,CHUMBIVILCAS,gfs,pp,20260822,20260920,"00Z,12Z",D1,6h,0.239,0.487,0.885,0.335,171
114123,MARCA CUNKA,CUSCO,CHUMBIVILCAS,eta5,pp,20260822,20260920,"00Z,12Z",D1,6h,0.042,0.309,0.706,0.373,198
114123,MARCA CUNKA,CUSCO,CHUMBIVILCAS,wrf5,pp,20260822,20260920,"00Z,12Z",D1,6h,0.187,0.443,1.67,0.401,225
114123,MARCA CUNKA,CUSCO,CHUMBIVILCAS,mpas15,pp,20260822,20260920,00Z,D1,6h,0.656,0.715,1.336,0.334,114
4729A090,SANTO TOMAS,CUSCO,CHUMBIVILCAS,ecmwf,pp,20260822,20260920,"00Z,12Z",D1,6h,0.264,0.38,0.921,0.439,191
4729A090,SANTO TOMAS,CUSCO,CHUMBIVILCAS,gfs,pp,20260822,20260920,"00Z,12Z",D1,6h,0.191,0.477,0.847,0.318,138
4729A090,SANTO TOMAS,CUSCO,CHUMBIVILCAS,eta5,pp,20260822,20260920,"00Z,12Z",D1,6h,0.036,0.303,0.635,0.372,169
4729A090,SANTO TOMAS,CUSCO,CHUMBIVILCAS,wrf5,pp,20260822,20260920,"00Z,12Z",D1,6h,0.063,0.366,1.411,0.344,190
4729A090,SANTO TOMAS,CUSCO,CHUMBIVILCAS,mpas15,pp,20260822,20260920,00Z,D1,6h,0.659,0.69,1.349,0.409,97
114124,HUAYHUAHUASI,CUSCO,ESPINAR,ecmwf,pp,20260822,20260920,"00Z,12Z",D1,6h,0.32,0.457,1.193,0.359,224
114124,HUAYHUAHUASI,CUSCO,ESPINAR,gfs,pp,20260822,20260920,"00Z,12Z",D1,6h,0.408,0.506,1.109,0.274,172
114124,HUAYHUAHUASI,CUSCO,ESPINAR,eta5,pp,20260822,20260920,"00Z,12Z",D1,6h,0.151,0.337,0.892,0.303,198
114124,HUAYHUAHUASI,CUSCO,ESPINAR,wrf5,pp,20260822,20260920,"00Z,12Z",D1,6h,0.29,0.409,1.173,0.272,224
114124,HUAYHUAHUASI,CUSCO,ESPINAR,mpas15,pp,20260822,20260920,00Z,D1,6h,0.38,0.502,1.125,0.35,114
47E880E2,PICHARI,CUSCO,LA CONVENCION,ecmwf,pp,20260822,20260920,"00Z,12Z",D1,6h,1.343,3.587,7.404,0.406,226
47E880E2,PICHARI,CUSCO,LA CONVENCION,gfs,pp,20260822,20260920,"00Z,12Z",D1,6h,-0.284,2.698,7.144,0.384,172
47E880E2,PICHARI,CUSCO,LA CONVENCION,eta5,pp,20260822,20260920,"00Z,12Z",D1,6h,-0.577,2.526,7.074,0.055,200
47E880E2,PICHARI,CUSCO,LA CONVENCION,wrf5,pp,20260822,20260920,"00Z,12Z",D1,6h,-1.007,2.052,7.247,0.343,227
47E880E2,PICHARI,CUSCO,LA CONVENCION,mpas15,pp,20260822,20260920,00Z,D1,6h,-0.078,2.625,6.695,0.262,115
112264,PONGO DE MAINIQUE,CUSCO,LA CONVENCION,ecmwf,pp,20260822,20260920,"00Z,12Z",D1,6h,0.072,1.959,5.688,0.326,224
112264,PONGO DE MAINIQUE,CUSCO,LA CONVENCION,gfs,pp,20260822,20260920,"00Z,12Z",D1,6h,0.068,2.052,5.294,0.265,171
112264,PONGO DE MAINIQUE,CUSCO,LA CONVENCION,eta5,pp,20260822,20260920,"00Z,12Z",D1,6h,-0.759,1.423,5.196,0.129,198
112264,PONGO DE MAINIQUE,CUSCO,LA CONVENCION,wrf5,pp,20260822,20260920,"00Z,12Z",D1,6h,-0.573,1.466,5.328,0.295,224
112264,PONGO DE MAINIQUE,CUSCO,LA CONVENCION,mpas15,pp,20260822,20260920,00Z,D1,6h,0.117,1.992,5.249,0.246,114
4729658E,SAN PABLO,CUSCO,LA CONVENCION,ecmwf,pp,20260822,20260920,"00Z,12Z",D1,6h,1.877,2.3,3.501,0.141,216
4729658E,SAN PABLO,CUSCO,LA CONVENCION,gfs,pp,20260822,20260920,"00Z,12Z",D1,6h,0.99,1.471,2.46,0.294,162
4729658E,SAN PABLO,CUSCO,LA CONVENCION,eta5,pp,20260822,20260920,"00Z,12Z",D1,6h,0.45,0.935,1.737,0.111,192
4729658E,SAN PABLO,CUSCO,LA CONVENCION,wrf5,pp,20260822,20260920,"00Z,12Z",D1,6h,-0.079,0.573,1.663,0.35,218
4729658E,SAN PABLO,CUSCO,LA CONVENCION,mpas15,pp,20260822,20260920,00Z,D1,6h,1.458,1.818,3.208,0.231,110
4722A338,ACJANACO ,CUSCO,PAUCARTAMBO,ecmwf,pp,20260822,20260920,"00Z,12Z",D1,6h,0.505,1.409,2.597,0.27,224
4722A338,ACJANACO ,CUSCO,PAUCARTAMBO,gfs,pp,20260822,20260920,"00Z,12Z",D1,6h,0.464,1.24,2.288,0.361,171
4722A338,ACJANACO ,CUSCO,PAUCARTAMBO,eta5,pp,20260822,20260920,"00Z,12Z",D1,6h,-0.818,0.892,2.477,0.128,198
4722A338,ACJANACO ,CUSCO,PAUCARTAMBO,wrf5,pp,20260822,20260920,"00Z,12Z",D1,6h,0.282,1.324,3.281,0.314,225
4722A338,ACJANACO ,CUSCO,PAUCARTAMBO,mpas15,pp,20260822,20260920,00Z,D1,6h,0.661,1.444,2.328,0.303,114
210007,PAUCARTAMBO,CUSCO,PAUCARTAMBO,ecmwf,pp,20260822,20260920,"00Z,12Z",D1,6h,S/D,S/D,S/D,S/D,0
210007,PAUCARTAMBO,CUSCO,PAUCARTAMBO,gfs,pp,20260822,20260920,"00Z,12Z",D1,6h,S/D,S/D,S/D,S/D,0
210007,PAUCARTAMBO,CUSCO,PAUCARTAMBO,eta5,pp,20260822,20260920,"00Z,12Z",D1,6h,S/D,S/D,S/D,S/D,0
210007,PAUCARTAMBO,CUSCO,PAUCARTAMBO,wrf5,pp,20260822,20260920,"00Z,12Z",D1,6h,S/D,S/D,S/D,S/D,0
210007,PAUCARTAMBO,CUSCO,PAUCARTAMBO,mpas15,pp,20260822,20260920,00Z,D1,6h,S/D,S/D,S/D,S/D,0
113247,ASHANAKU,CUSCO,QUISPICANCHI,ecmwf,pp,20260822,20260920,"00Z,12Z",D1,6h,0.26,0.763,1.917,0.248,226
113247,ASHANAKU,CUSCO,QUISPICANCHI,gfs,pp,20260822,20260920,"00Z,12Z",D1,6h,0.101,0.838,2.137,0.26,172
113247,ASHANAKU,CUSCO,QUISPICANCHI,eta5,pp,20260822,20260920,"00Z,12Z",D1,6h,-0.359,0.455,1.921,0.221,200
113247,ASHANAKU,CUSCO,QUISPICANCHI,wrf5,pp,20260822,20260920,"00Z,12Z",D1,6h,-0.135,0.517,1.947,0.339,227
113247,ASHANAKU,CUSCO,QUISPICANCHI,mpas15,pp,20260822,20260920,00Z,D1,6h,0.088,0.685,1.803,0.314,115
113254,QUINCEMIL,CUSCO,QUISPICANCHI,ecmwf,pp,20260822,20260920,"00Z,12Z",D1,6h,1.481,1.481,3.783,S/D,228
113254,QUINCEMIL,CUSCO,QUISPICANCHI,gfs,pp,20260822,20260920,"00Z,12Z",D1,6h,1.11,1.11,2.527,S/D,175
113254,QUINCEMIL,CUSCO,QUISPICANCHI,eta5,pp,20260822,20260920,"00Z,12Z",D1,6h,0.562,0.562,1.14,S/D,203
113254,QUINCEMIL,CUSCO,QUISPICANCHI,wrf5,pp,20260822,20260920,"00Z,12Z",D1,6h,0.734,0.734,3.48,S/D,228
113254,QUINCEMIL,CUSCO,QUISPICANCHI,mpas15,pp,20260822,20260920,00Z,D1,6h,2.328,2.328,4.752,S/D,116
472A9204,CHILCA,CUSCO,URUBAMBA,ecmwf,pp,20260822,20260920,"00Z,12Z",D1,6h,0.438,0.5,0.866,0.43,223
472A9204,CHILCA,CUSCO,URUBAMBA,gfs,pp,20260822,20260920,"00Z,12Z",D1,6h,0.494,0.586,1.261,0.353,170
472A9204,CHILCA,CUSCO,URUBAMBA,eta5,pp,20260822,20260920,"00Z,12Z",D1,6h,0.032,0.214,0.499,0.032,197
472A9204,CHILCA,CUSCO,URUBAMBA,wrf5,pp,20260822,20260920,"00Z,12Z",D1,6h,0.15,0.277,0.805,0.432,222
472A9204,CHILCA,CUSCO,URUBAMBA,mpas15,pp,20260822,20260920,00Z,D1,6h,0.639,0.779,1.28,0.147,113
4727C11E,HUAYLLABAMBA,CUSCO,URUBAMBA,ecmwf,pp,20260822,20260920,"00Z,12Z",D1,6h,S/D,S/D,S/D,S/D,0
4727C11E,HUAYLLABAMBA,CUSCO,URUBAMBA,gfs,pp,20260822,20260920,"00Z,12Z",D1,6h,S/D,S/D,S/D,S/D,0
4727C11E,HUAYLLABAMBA,CUSCO,URUBAMBA,eta5,pp,20260822,20260920,"00Z,12Z",D1,6h,S/D,S/D,S/D,S/D,0
4727C11E,HUAYLLABAMBA,CUSCO,URUBAMBA,wrf5,pp,20260822,20260920,"00Z,12Z",D1,6h,S/D,S/D,S/D,S/D,0
4727C11E,HUAYLLABAMBA,CUSCO,URUBAMBA,mpas15,pp,20260822,20260920,00Z,D1,6h,S/D,S/D,S/D,S/D,0
472935F2,INTIHUATANA H,CUSCO,URUBAMBA,ecmwf,pp,20260822,20260920,"00Z,12Z",D1,6h,S/D,S/D,S/D,S/D,0
472935F2,INTIHUATANA H,CUSCO,URUBAMBA,gfs,pp,20260822,20260920,"00Z,12Z",D1,6h,S/D,S/D,S/D,S/D,0
472935F2,INTIHUATANA H,CUSCO,URUBAMBA,eta5,pp,20260822,20260920,"00Z,12Z",D1,6h,S/D,S/D,S/D,S/D,0
472935F2,INTIHUATANA H,CUSCO,URUBAMBA,wrf5,pp,20260822,20260920,"00Z,12Z",D1,6h,S/D,S/D,S/D,S/D,0
472935F2,INTIHUATANA H,CUSCO,URUBAMBA,mpas15,pp,20260822,20260920,00Z,D1,6h,S/D,S/D,S/D,S/D,0
472852EE,INTIHUATANA M,CUSCO,URUBAMBA,ecmwf,pp,20260822,20260920,"00Z,12Z",D1,6h,-0.09,0.99,2.323,0.35,226
472852EE,INTIHUATANA M,CUSCO,URUBAMBA,gfs,pp,20260822,20260920,"00Z,12Z",D1,6h,0.114,1.137,2.467,0.37,172
472852EE,INTIHUATANA M,CUSCO,URUBAMBA,eta5,pp,20260822,20260920,"00Z,12Z",D1,6h,-0.216,0.846,2.252,0.257,201
472852EE,INTIHUATANA M,CUSCO,URUBAMBA,wrf5,pp,20260822,20260920,"00Z,12Z",D1,6h,0.259,1.261,3.159,0.398,227
472852EE,INTIHUATANA M,CUSCO,URUBAMBA,mpas15,pp,20260822,20260920,00Z,D1,6h,0.624,1.537,2.893,0.217,115
472897F0,MACHUPICCHU,CUSCO,URUBAMBA,ecmwf,pp,20260822,20260920,"00Z,12Z",D1,6h,0.072,0.706,1.24,0.43,193
472897F0,MACHUPICCHU,CUSCO,URUBAMBA,gfs,pp,20260822,20260920,"00Z,12Z",D1,6h,0.255,0.814,1.48,0.373,138
472897F0,MACHUPICCHU,CUSCO,URUBAMBA,eta5,pp,20260822,20260920,"00Z,12Z",D1,6h,0.01,0.678,1.251,0.265,170
472897F0,MACHUPICCHU,CUSCO,URUBAMBA,wrf5,pp,20260822,20260920,"00Z,12Z",D1,6h,0.484,1.07,2.559,0.381,193
472897F0,MACHUPICCHU,CUSCO,URUBAMBA,mpas15,pp,20260822,20260920,00Z,D1,6h,0.619,1.172,1.977,0.163,98
4729950A,PACAYMAYO,CUSCO,URUBAMBA,ecmwf,pp,20260822,20260920,"00Z,12Z",D1,6h,S/D,S/D,S/D,S/D,0
4729950A,PACAYMAYO,CUSCO,URUBAMBA,gfs,pp,20260822,20260920,"00Z,12Z",D1,6h,S/D,S/D,S/D,S/D,0
4729950A,PACAYMAYO,CUSCO,URUBAMBA,eta5,pp,20260822,20260920,"00Z,12Z",D1,6h,S/D,S/D,S/D,S/D,0
4729950A,PACAYMAYO,CUSCO,URUBAMBA,wrf5,pp,20260822,20260920,"00Z,12Z",D1,6h,S/D,S/D,S/D,S/D,0
4729950A,PACAYMAYO,CUSCO,URUBAMBA,mpas15,pp,20260822,20260920,00Z,D1,6h,S/D,S/D,S/D,S/D,0
4720CDF8,COCHAMARCA,HUANCAVELICA,CASTROVIRREYNA,ecmwf,pp,20260822,20260920,"00Z,12Z",D1,6h,S/D,S/D,S/D,S/D,0
4720CDF8,COCHAMARCA,HUANCAVELICA,CASTROVIRREYNA,gfs,pp,20260822,20260920,"00Z,12Z",D1,6h,S/D,S/D,S/D,S/D,0
4720CDF8,COCHAMARCA,HUANCAVELICA,CASTROVIRREYNA,eta5,pp,20260822,20260920,"00Z,12Z",D1,6h,S/D,S/D,S/D,S/D,0
4720CDF8,COCHAMARCA,HUANCAVELICA,CASTROVIRREYNA,wrf5,pp,20260822,20260920,"00Z,12Z",D1,6h,S/D,S/D,S/D,S/D,0
4720CDF8,COCHAMARCA,HUANCAVELICA,CASTROVIRREYNA,mpas15,pp,20260822,20260920,00Z,D1,6h,S/D,S/D,S/D,S/D,0
47292684,HUACHOS,HUANCAVELICA,CASTROVIRREYNA,ecmwf,pp,20260822,20260920,"00Z,12Z",D1,6h,0.199,0.199,0.529,S/D,226
47292684,HUACHOS,HUANCAVELICA,CASTROVIRREYNA,gfs,pp,20260822,20260920,"00Z,12Z",D1,6h,0.136,0.136,0.481,S/D,171
47292684,HUACHOS,HUANCAVELICA,CASTROVIRREYNA,eta5,pp,20260822,20260920,"00Z,12Z",D1,6h,0.012,0.012,0.06,S/D,200
47292684,HUACHOS,HUANCAVELICA,CASTROVIRREYNA,wrf5,pp,20260822,20260920,"00Z,12Z",D1,6h,0.023,0.023,0.132,S/D,226
47292684,HUACHOS,HUANCAVELICA,CASTROVIRREYNA,mpas15,pp,20260822,20260920,00Z,D1,6h,0.141,0.141,0.416,S/D,115
472722EC,HUANCAVELICA,HUANCAVELICA,HUANCAVELICA,ecmwf,pp,20260822,20260920,"00Z,12Z",D1,6h,0.571,0.793,1.679,0.469,228
472722EC,HUANCAVELICA,HUANCAVELICA,HUANCAVELICA,gfs,pp,20260822,20260920,"00Z,12Z",D1,6h,1.112,1.327,2.664,0.458,174
472722EC,HUANCAVELICA,HUANCAVELICA,HUANCAVELICA,eta5,pp,20260822,20260920,"00Z,12Z",D1,6h,-0.064,0.317,0.862,0.49,202
472722EC,HUANCAVELICA,HUANCAVELICA,HUANCAVELICA,wrf5,pp,20260822,20260920,"00Z,12Z",D1,6h,0.713,0.975,2.405,0.465,228
472722EC,HUANCAVELICA,HUANCAVELICA,HUANCAVELICA,mpas15,pp,20260822,20260920,00Z,D1,6h,0.874,1.057,2.167,0.425,116
47284198,CHALLACA,HUANCAVELICA,HUAYTARA,ecmwf,pp,20260822,20260920,"00Z,12Z",D1,6h,0.019,0.019,0.124,S/D,47
47284198,CHALLACA,HUANCAVELICA,HUAYTARA,gfs,pp,20260822,20260920,"00Z,12Z",D1,6h,0.015,0.015,0.063,S/D,38
47284198,CHALLACA,HUANCAVELICA,HUAYTARA,eta5,pp,20260822,20260920,"00Z,12Z",D1,6h,0.002,0.002,0.01,S/D,44
47284198,CHALLACA,HUANCAVELICA,HUAYTARA,wrf5,pp,20260822,20260920,"00Z,12Z",D1,6h,0.001,0.001,0.002,S/D,50
47284198,CHALLACA,HUANCAVELICA,HUAYTARA,mpas15,pp,20260822,20260920,00Z,D1,6h,0.0,0.0,0.0,S/D,25
472811E4,CHALLACA M,HUANCAVELICA,HUAYTARA,ecmwf,pp,20260822,20260920,"00Z,12Z",D1,6h,0.005,0.005,0.057,S/D,225
472811E4,CHALLACA M,HUANCAVELICA,HUAYTARA,gfs,pp,20260822,20260920,"00Z,12Z",D1,6h,0.006,0.006,0.039,S/D,172
472811E4,CHALLACA M,HUANCAVELICA,HUAYTARA,eta5,pp,20260822,20260920,"00Z,12Z",D1,6h,0.001,0.001,0.005,S/D,198
472811E4,CHALLACA M,HUANCAVELICA,HUAYTARA,wrf5,pp,20260822,20260920,"00Z,12Z",D1,6h,0.004,0.004,0.041,S/D,224
472811E4,CHALLACA M,HUANCAVELICA,HUAYTARA,mpas15,pp,20260822,20260920,00Z,D1,6h,0.004,0.004,0.047,S/D,114
4728F216,CORDOVA,HUANCAVELICA,HUAYTARA,ecmwf,pp,20260822,20260920,"00Z,12Z",D1,6h,0.047,0.047,0.169,S/D,208
4728F216,CORDOVA,HUANCAVELICA,HUAYTARA,gfs,pp,20260822,20260920,"00Z,12Z",D1,6h,0.033,0.033,0.113,S/D,159
4728F216,CORDOVA,HUANCAVELICA,HUAYTARA,eta5,pp,20260822,20260920,"00Z,12Z",D1,6h,0.004,0.004,0.024,S/D,183
4728F216,CORDOVA,HUANCAVELICA,HUAYTARA,wrf5,pp,20260822,20260920,"00Z,12Z",D1,6h,0.018,0.018,0.107,S/D,208
4728F216,CORDOVA,HUANCAVELICA,HUAYTARA,mpas15,pp,20260822,20260920,00Z,D1,6h,0.042,0.042,0.233,S/D,106
4728C78C,CUSICANCHA,HUANCAVELICA,HUAYTARA,ecmwf,pp,20260822,20260920,"00Z,12Z",D1,6h,0.256,0.316,0.793,-0.004,205
4728C78C,CUSICANCHA,HUANCAVELICA,HUAYTARA,gfs,pp,20260822,20260920,"00Z,12Z",D1,6h,0.168,0.195,0.496,0.144,154
4728C78C,CUSICANCHA,HUANCAVELICA,HUAYTARA,eta5,pp,20260822,20260920,"00Z,12Z",D1,6h,0.005,0.04,0.254,-0.031,178
4728C78C,CUSICANCHA,HUANCAVELICA,HUAYTARA,wrf5,pp,20260822,20260920,"00Z,12Z",D1,6h,0.011,0.06,0.374,0.122,204
4728C78C,CUSICANCHA,HUANCAVELICA,HUAYTARA,mpas15,pp,20260822,20260920,00Z,D1,6h,0.35,0.41,1.039,0.008,104
213507,RAMADILLAS,HUANCAVELICA,HUAYTARA,ecmwf,pp,20260822,20260920,"00Z,12Z",D1,6h,S/D,S/D,S/D,S/D,0
213507,RAMADILLAS,HUANCAVELICA,HUAYTARA,gfs,pp,20260822,20260920,"00Z,12Z",D1,6h,S/D,S/D,S/D,S/D,0
213507,RAMADILLAS,HUANCAVELICA,HUAYTARA,eta5,pp,20260822,20260920,"00Z,12Z",D1,6h,S/D,S/D,S/D,S/D,0
213507,RAMADILLAS,HUANCAVELICA,HUAYTARA,wrf5,pp,20260822,20260920,"00Z,12Z",D1,6h,S/D,S/D,S/D,S/D,0
213507,RAMADILLAS,HUANCAVELICA,HUAYTARA,mpas15,pp,20260822,20260920,00Z,D1,6h,S/D,S/D,S/D,S/D,0
4729131E,SANTIAGO DE CHOCORVOS,HUANCAVELICA,HUAYTARA,ecmwf,pp,20260822,20260920,"00Z,12Z",D1,6h,0.15,0.15,0.319,S/D,42
4729131E,SANTIAGO DE CHOCORVOS,HUANCAVELICA,HUAYTARA,gfs,pp,20260822,20260920,"00Z,12Z",D1,6h,0.171,0.171,0.322,S/D,35
4729131E,SANTIAGO DE CHOCORVOS,HUANCAVELICA,HUAYTARA,eta5,pp,20260822,20260920,"00Z,12Z",D1,6h,0.05,0.05,0.235,S/D,40
4729131E,SANTIAGO DE CHOCORVOS,HUANCAVELICA,HUAYTARA,wrf5,pp,20260822,20260920,"00Z,12Z",D1,6h,0.07,0.07,0.254,S/D,46
4729131E,SANTIAGO DE CHOCORVOS,HUANCAVELICA,HUAYTARA,mpas15,pp,20260822,20260920,00Z,D1,6h,0.109,0.109,0.313,S/D,23
112269,COCHABAMBA GRANDE,HUANCAVELICA,TAYACAJA,ecmwf,pp,20260822,20260920,"00Z,12Z",D1,6h,1.799,1.799,2.419,S/D,24
112269,COCHABAMBA GRANDE,HUANCAVELICA,TAYACAJA,gfs,pp,20260822,20260920,"00Z,12Z",D1,6h,2.009,2.009,2.433,S/D,21
112269,COCHABAMBA GRANDE,HUANCAVELICA,TAYACAJA,eta5,pp,20260822,20260920,"00Z,12Z",D1,6h,0.11,0.11,0.183,S/D,22
112269,COCHABAMBA GRANDE,HUANCAVELICA,TAYACAJA,wrf5,pp,20260822,20260920,"00Z,12Z",D1,6h,1.451,1.451,2.244,S/D,28
112269,COCHABAMBA GRANDE,HUANCAVELICA,TAYACAJA,mpas15,pp,20260822,20260920,00Z,D1,6h,1.857,1.857,2.726,S/D,14
110146,QUISCA,HUANUCO,AMBO,ecmwf,pp,20260822,20260920,"00Z,12Z",D1,6h,S/D,S/D,S/D,S/D,0
110146,QUISCA,HUANUCO,AMBO,gfs,pp,20260822,20260920,"00Z,12Z",D1,6h,S/D,S/D,S/D,S/D,0
110146,QUISCA,HUANUCO,AMBO,eta5,pp,20260822,20260920,"00Z,12Z",D1,6h,S/D,S/D,S/D,S/D,0
110146,QUISCA,HUANUCO,AMBO,wrf5,pp,20260822,20260920,"00Z,12Z",D1,6h,S/D,S/D,S/D,S/D,0
110146,QUISCA,HUANUCO,AMBO,mpas15,pp,20260822,20260920,00Z,D1,6h,S/D,S/D,S/D,S/D,0
47E845FC,CACHICOTO,HUANUCO,HUAMALIES,ecmwf,pp,20260822,20260920,"00Z,12Z",D1,6h,-0.04,1.642,4.051,0.296,226
47E845FC,CACHICOTO,HUANUCO,HUAMALIES,gfs,pp,20260822,20260920,"00Z,12Z",D1,6h,0.711,2.039,3.776,0.251,172
47E845FC,CACHICOTO,HUANUCO,HUAMALIES,eta5,pp,20260822,20260920,"00Z,12Z",D1,6h,-0.342,1.612,4.237,0.096,200
47E845FC,CACHICOTO,HUANUCO,HUAMALIES,wrf5,pp,20260822,20260920,"00Z,12Z",D1,6h,0.38,1.872,5.187,0.211,227
47E845FC,CACHICOTO,HUANUCO,HUAMALIES,mpas15,pp,20260822,20260920,00Z,D1,6h,1.312,2.767,7.284,0.087,115
4720EB14,SAN MARTIN,HUANUCO,HUAMALIES,ecmwf,pp,20260822,20260920,"00Z,12Z",D1,6h,0.302,0.415,1.156,0.207,228
4720EB14,SAN MARTIN,HUANUCO,HUAMALIES,gfs,pp,20260822,20260920,"00Z,12Z",D1,6h,0.494,0.511,1.001,0.183,174
4720EB14,SAN MARTIN,HUANUCO,HUAMALIES,eta5,pp,20260822,20260920,"00Z,12Z",D1,6h,0.075,0.276,0.802,0.26,202
4720EB14,SAN MARTIN,HUANUCO,HUAMALIES,wrf5,pp,20260822,20260920,"00Z,12Z",D1,6h,0.116,0.194,0.643,0.308,229
4720EB14,SAN MARTIN,HUANUCO,HUAMALIES,mpas15,pp,20260822,20260920,00Z,D1,6h,0.96,1.003,1.795,0.241,116
472D0552,CHINCHAVITO,HUANUCO,HUANUCO,ecmwf,pp,20260822,20260920,"00Z,12Z",D1,6h,0.15,1.797,4.25,0.347,228
472D0552,CHINCHAVITO,HUANUCO,HUANUCO,gfs,pp,20260822,20260920,"00Z,12Z",D1,6h,0.568,1.984,3.806,0.225,174
472D0552,CHINCHAVITO,HUANUCO,HUANUCO,eta5,pp,20260822,20260920,"00Z,12Z",D1,6h,-0.431,1.674,4.065,0.067,202
472D0552,CHINCHAVITO,HUANUCO,HUANUCO,wrf5,pp,20260822,20260920,"00Z,12Z",D1,6h,-0.395,1.608,4.232,0.182,229
472D0552,CHINCHAVITO,HUANUCO,HUANUCO,mpas15,pp,20260822,20260920,00Z,D1,6h,1.393,2.993,5.272,0.222,116
472B730C,PUENTE TARUCA,HUANUCO,HUANUCO,ecmwf,pp,20260822,20260920,"00Z,12Z",D1,6h,0.895,0.93,1.792,0.216,221
472B730C,PUENTE TARUCA,HUANUCO,HUANUCO,gfs,pp,20260822,20260920,"00Z,12Z",D1,6h,0.776,0.805,1.418,0.268,170
472B730C,PUENTE TARUCA,HUANUCO,HUANUCO,eta5,pp,20260822,20260920,"00Z,12Z",D1,6h,0.361,0.441,0.896,0.193,195
472B730C,PUENTE TARUCA,HUANUCO,HUANUCO,wrf5,pp,20260822,20260920,"00Z,12Z",D1,6h,0.11,0.201,0.857,0.24,220
472B730C,PUENTE TARUCA,HUANUCO,HUANUCO,mpas15,pp,20260822,20260920,00Z,D1,6h,0.936,0.945,1.55,0.187,112
110140,JESUS DE LAURICOCHA,HUANUCO,LAURICOCHA,ecmwf,pp,20260822,20260920,"00Z,12Z",D1,6h,0.612,0.717,1.439,0.216,234
110140,JESUS DE LAURICOCHA,HUANUCO,LAURICOCHA,gfs,pp,20260822,20260920,"00Z,12Z",D1,6h,0.711,0.762,1.729,0.388,178
110140,JESUS DE LAURICOCHA,HUANUCO,LAURICOCHA,eta5,pp,20260822,20260920,"00Z,12Z",D1,6h,-0.006,0.183,0.583,0.282,207
110140,JESUS DE LAURICOCHA,HUANUCO,LAURICOCHA,wrf5,pp,20260822,20260920,"00Z,12Z",D1,6h,0.388,0.501,1.842,0.342,234
110140,JESUS DE LAURICOCHA,HUANUCO,LAURICOCHA,mpas15,pp,20260822,20260920,00Z,D1,6h,0.988,1.01,2.404,0.3,119
472DA5AA,PUENTE BELLA,HUANUCO,LEONCIO PRADO,ecmwf,pp,20260822,20260920,"00Z,12Z",D1,6h,0.391,1.312,3.272,0.311,228
472DA5AA,PUENTE BELLA,HUANUCO,LEONCIO PRADO,gfs,pp,20260822,20260920,"00Z,12Z",D1,6h,0.782,1.531,3.117,0.39,174
472DA5AA,PUENTE BELLA,HUANUCO,LEONCIO PRADO,eta5,pp,20260822,20260920,"00Z,12Z",D1,6h,0.249,1.325,3.003,0.082,202
472DA5AA,PUENTE BELLA,HUANUCO,LEONCIO PRADO,wrf5,pp,20260822,20260920,"00Z,12Z",D1,6h,0.26,1.227,3.527,0.337,229
472DA5AA,PUENTE BELLA,HUANUCO,LEONCIO PRADO,mpas15,pp,20260822,20260920,00Z,D1,6h,1.688,2.602,5.629,0.155,116
472D1624,PUENTE PEREZ,HUANUCO,LEONCIO PRADO,ecmwf,pp,20260822,20260920,"00Z,12Z",D1,6h,2.987,2.987,4.224,S/D,2
472D1624,PUENTE PEREZ,HUANUCO,LEONCIO PRADO,gfs,pp,20260822,20260920,"00Z,12Z",D1,6h,1.875,1.875,1.875,S/D,1
472D1624,PUENTE PEREZ,HUANUCO,LEONCIO PRADO,eta5,pp,20260822,20260920,"00Z,12Z",D1,6h,0.71,0.71,0.871,S/D,2
472D1624,PUENTE PEREZ,HUANUCO,LEONCIO PRADO,wrf5,pp,20260822,20260920,"00Z,12Z",D1,6h,0.606,0.606,0.856,S/D,2
472D1624,PUENTE PEREZ,HUANUCO,LEONCIO PRADO,mpas15,pp,20260822,20260920,00Z,D1,6h,0.0,0.0,0.0,S/D,1
47270400,TINGO MARIA,HUANUCO,LEONCIO PRADO,ecmwf,pp,20260822,20260920,"00Z,12Z",D1,6h,0.31,1.162,2.724,0.393,225
47270400,TINGO MARIA,HUANUCO,LEONCIO PRADO,gfs,pp,20260822,20260920,"00Z,12Z",D1,6h,0.603,1.585,3.019,0.286,172
47270400,TINGO MARIA,HUANUCO,LEONCIO PRADO,eta5,pp,20260822,20260920,"00Z,12Z",D1,6h,0.022,1.265,2.796,0.039,198
47270400,TINGO MARIA,HUANUCO,LEONCIO PRADO,wrf5,pp,20260822,20260920,"00Z,12Z",D1,6h,-0.087,0.914,2.93,0.239,224
47270400,TINGO MARIA,HUANUCO,LEONCIO PRADO,mpas15,pp,20260822,20260920,00Z,D1,6h,1.703,2.603,4.861,0.184,114
4727A4F8,PUERTO INCA,HUANUCO,PUERTO INCA,ecmwf,pp,20260822,20260920,"00Z,12Z",D1,6h,0.753,1.52,3.503,0.414,224
4727A4F8,PUERTO INCA,HUANUCO,PUERTO INCA,gfs,pp,20260822,20260920,"00Z,12Z",D1,6h,0.467,1.16,3.84,0.488,171
4727A4F8,PUERTO INCA,HUANUCO,PUERTO INCA,eta5,pp,20260822,20260920,"00Z,12Z",D1,6h,-0.401,1.074,3.234,0.253,199
4727A4F8,PUERTO INCA,HUANUCO,PUERTO INCA,wrf5,pp,20260822,20260920,"00Z,12Z",D1,6h,-0.139,0.782,3.693,0.629,224
4727A4F8,PUERTO INCA,HUANUCO,PUERTO INCA,mpas15,pp,20260822,20260920,00Z,D1,6h,0.735,1.651,3.349,0.256,114
109094,PUCA PUCA,HUANUCO,YAROWILCA,ecmwf,pp,20260822,20260920,"00Z,12Z",D1,6h,0.442,0.654,1.36,0.343,216
109094,PUCA PUCA,HUANUCO,YAROWILCA,gfs,pp,20260822,20260920,"00Z,12Z",D1,6h,0.658,0.737,1.449,0.274,163
109094,PUCA PUCA,HUANUCO,YAROWILCA,eta5,pp,20260822,20260920,"00Z,12Z",D1,6h,-0.182,0.26,1.329,0.218,190
109094,PUCA PUCA,HUANUCO,YAROWILCA,wrf5,pp,20260822,20260920,"00Z,12Z",D1,6h,0.259,0.403,1.492,0.311,217
109094,PUCA PUCA,HUANUCO,YAROWILCA,mpas15,pp,20260822,20260920,00Z,D1,6h,0.688,0.714,1.335,0.253,110
4728A26A,CONTA M,ICA,CHINCHA,ecmwf,pp,20260822,20260920,"00Z,12Z",D1,6h,-0.98,0.982,4.021,0.392,157
4728A26A,CONTA M,ICA,CHINCHA,gfs,pp,20260822,20260920,"00Z,12Z",D1,6h,-0.665,0.665,3.312,S/D,116
4728A26A,CONTA M,ICA,CHINCHA,eta5,pp,20260822,20260920,"00Z,12Z",D1,6h,-0.928,0.928,3.964,-0.03,137
4728A26A,CONTA M,ICA,CHINCHA,wrf5,pp,20260822,20260920,"00Z,12Z",D1,6h,-0.974,0.99,4.025,-0.023,157
4728A26A,CONTA M,ICA,CHINCHA,mpas15,pp,20260822,20260920,00Z,D1,6h,-0.964,0.964,3.988,-0.163,80
4728B11C,FONAGRO,ICA,CHINCHA,ecmwf,pp,20260822,20260920,"00Z,12Z",D1,6h,0.006,0.007,0.024,S/D,226
4728B11C,FONAGRO,ICA,CHINCHA,gfs,pp,20260822,20260920,"00Z,12Z",D1,6h,0.008,0.008,0.028,S/D,172
4728B11C,FONAGRO,ICA,CHINCHA,eta5,pp,20260822,20260920,"00Z,12Z",D1,6h,0.002,0.002,0.006,S/D,200
4728B11C,FONAGRO,ICA,CHINCHA,wrf5,pp,20260822,20260920,"00Z,12Z",D1,6h,0.005,0.005,0.016,S/D,227
4728B11C,FONAGRO,ICA,CHINCHA,mpas15,pp,20260822,20260920,00Z,D1,6h,0.0,0.0,0.0,S/D,115
4728E160,SAN PEDRO DE HUACARPANA,ICA,CHINCHA,ecmwf,pp,20260822,20260920,"00Z,12Z",D1,6h,0.26,0.26,0.668,S/D,209
4728E160,SAN PEDRO DE HUACARPANA,ICA,CHINCHA,gfs,pp,20260822,20260920,"00Z,12Z",D1,6h,0.201,0.201,0.511,S/D,157
4728E160,SAN PEDRO DE HUACARPANA,ICA,CHINCHA,eta5,pp,20260822,20260920,"00Z,12Z",D1,6h,0.015,0.015,0.086,S/D,184
4728E160,SAN PEDRO DE HUACARPANA,ICA,CHINCHA,wrf5,pp,20260822,20260920,"00Z,12Z",D1,6h,0.078,0.078,0.349,S/D,208
4728E160,SAN PEDRO DE HUACARPANA,ICA,CHINCHA,mpas15,pp,20260822,20260920,00Z,D1,6h,0.268,0.268,0.67,S/D,106
472A446C,BETA SANTIAGO,ICA,ICA,ecmwf,pp,20260822,20260920,"00Z,12Z",D1,6h,0.002,0.002,0.005,S/D,174
472A446C,BETA SANTIAGO,ICA,ICA,gfs,pp,20260822,20260920,"00Z,12Z",D1,6h,0.0,0.0,0.0,S/D,123
472A446C,BETA SANTIAGO,ICA,ICA,eta5,pp,20260822,20260920,"00Z,12Z",D1,6h,0.0,0.0,0.0,S/D,154
472A446C,BETA SANTIAGO,ICA,ICA,wrf5,pp,20260822,20260920,"00Z,12Z",D1,6h,0.0,0.0,0.002,S/D,175
472A446C,BETA SANTIAGO,ICA,ICA,mpas15,pp,20260822,20260920,00Z,D1,6h,0.0,0.0,0.0,S/D,89
213503,HUAMANI EL TAMBO,ICA,ICA,ecmwf,pp,20260822,20260920,"00Z,12Z",D1,6h,S/D,S/D,S/D,S/D,0
213503,HUAMANI EL TAMBO,ICA,ICA,gfs,pp,20260822,20260920,"00Z,12Z",D1,6h,S/D,S/D,S/D,S/D,0
213503,HUAMANI EL TAMBO,ICA,ICA,eta5,pp,20260822,20260920,"00Z,12Z",D1,6h,S/D,S/D,S/D,S/D,0
213503,HUAMANI EL TAMBO,ICA,ICA,wrf5,pp,20260822,20260920,"00Z,12Z",D1,6h,S/D,S/D,S/D,S/D,0
213503,HUAMANI EL TAMBO,ICA,ICA,mpas15,pp,20260822,20260920,00Z,D1,6h,S/D,S/D,S/D,S/D,0
213506,LOS MOLINOS,ICA,ICA,ecmwf,pp,20260822,20260920,"00Z,12Z",D1,6h,S/D,S/D,S/D,S/D,0
213506,LOS MOLINOS,ICA,ICA,gfs,pp,20260822,20260920,"00Z,12Z",D1,6h,S/D,S/D,S/D,S/D,0
213506,LOS MOLINOS,ICA,ICA,eta5,pp,20260822,20260920,"00Z,12Z",D1,6h,S/D,S/D,S/D,S/D,0
213506,LOS MOLINOS,ICA,ICA,wrf5,pp,20260822,20260920,"00Z,12Z",D1,6h,S/D,S/D,S/D,S/D,0
213506,LOS MOLINOS,ICA,ICA,mpas15,pp,20260822,20260920,00Z,D1,6h,S/D,S/D,S/D,S/D,0
114139,COPARA,ICA,NASCA,ecmwf,pp,20260822,20260920,"00Z,12Z",D1,6h,0.057,0.057,0.085,S/D,4
114139,COPARA,ICA,NASCA,gfs,pp,20260822,20260920,"00Z,12Z",D1,6h,0.0,0.0,0.0,S/D,2
114139,COPARA,ICA,NASCA,eta5,pp,20260822,20260920,"00Z,12Z",D1,6h,0.0,0.0,0.0,S/D,4
114139,COPARA,ICA,NASCA,wrf5,pp,20260822,20260920,"00Z,12Z",D1,6h,0.076,0.076,0.153,S/D,4
114139,COPARA,ICA,NASCA,mpas15,pp,20260822,20260920,00Z,D1,6h,0.0,0.0,0.0,S/D,2
114136,PALPA,ICA,PALPA,ecmwf,pp,20260822,20260920,"00Z,12Z",D1,6h,S/D,S/D,S/D,S/D,0
114136,PALPA,ICA,PALPA,gfs,pp,20260822,20260920,"00Z,12Z",D1,6h,S/D,S/D,S/D,S/D,0
114136,PALPA,ICA,PALPA,eta5,pp,20260822,20260920,"00Z,12Z",D1,6h,S/D,S/D,S/D,S/D,0
114136,PALPA,ICA,PALPA,wrf5,pp,20260822,20260920,"00Z,12Z",D1,6h,S/D,S/D,S/D,S/D,0
114136,PALPA,ICA,PALPA,mpas15,pp,20260822,20260920,00Z,D1,6h,S/D,S/D,S/D,S/D,0
114140,PAMPA BLANCA,ICA,PALPA,ecmwf,pp,20260822,20260920,"00Z,12Z",D1,6h,0.008,0.008,0.012,S/D,6
114140,PAMPA BLANCA,ICA,PALPA,gfs,pp,20260822,20260920,"00Z,12Z",D1,6h,0.0,0.0,0.0,S/D,3
114140,PAMPA BLANCA,ICA,PALPA,eta5,pp,20260822,20260920,"00Z,12Z",D1,6h,0.0,0.0,0.0,S/D,5
114140,PAMPA BLANCA,ICA,PALPA,wrf5,pp,20260822,20260920,"00Z,12Z",D1,6h,0.0,0.0,0.0,S/D,6
114140,PAMPA BLANCA,ICA,PALPA,mpas15,pp,20260822,20260920,00Z,D1,6h,0.0,0.0,0.0,S/D,3
213403,LETRAYOC,ICA,PISCO,ecmwf,pp,20260822,20260920,"00Z,12Z",D1,6h,S/D,S/D,S/D,S/D,0
213403,LETRAYOC,ICA,PISCO,gfs,pp,20260822,20260920,"00Z,12Z",D1,6h,S/D,S/D,S/D,S/D,0
213403,LETRAYOC,ICA,PISCO,eta5,pp,20260822,20260920,"00Z,12Z",D1,6h,S/D,S/D,S/D,S/D,0
213403,LETRAYOC,ICA,PISCO,wrf5,pp,20260822,20260920,"00Z,12Z",D1,6h,S/D,S/D,S/D,S/D,0
213403,LETRAYOC,ICA,PISCO,mpas15,pp,20260822,20260920,00Z,D1,6h,S/D,S/D,S/D,S/D,0
472DF5D6,HUAYTAPALLANA,JUNIN,HUANCAYO,ecmwf,pp,20260822,20260920,"00Z,12Z",D1,6h,0.74,0.962,1.759,0.372,221
472DF5D6,HUAYTAPALLANA,JUNIN,HUANCAYO,gfs,pp,20260822,20260920,"00Z,12Z",D1,6h,1.152,1.274,2.066,0.396,167
472DF5D6,HUAYTAPALLANA,JUNIN,HUANCAYO,eta5,pp,20260822,20260920,"00Z,12Z",D1,6h,-0.176,0.236,1.094,0.372,194
472DF5D6,HUAYTAPALLANA,JUNIN,HUANCAYO,wrf5,pp,20260822,20260920,"00Z,12Z",D1,6h,0.484,0.771,1.903,0.378,221
472DF5D6,HUAYTAPALLANA,JUNIN,HUANCAYO,mpas15,pp,20260822,20260920,00Z,D1,6h,0.747,1.001,2.017,0.294,112
111288,CHACAPALPA,JUNIN,JAUJA,ecmwf,pp,20260822,20260920,"00Z,12Z",D1,6h,S/D,S/D,S/D,S/D,0
111288,CHACAPALPA,JUNIN,JAUJA,gfs,pp,20260822,20260920,"00Z,12Z",D1,6h,S/D,S/D,S/D,S/D,0
111288,CHACAPALPA,JUNIN,JAUJA,eta5,pp,20260822,20260920,"00Z,12Z",D1,6h,S/D,S/D,S/D,S/D,0
111288,CHACAPALPA,JUNIN,JAUJA,wrf5,pp,20260822,20260920,"00Z,12Z",D1,6h,S/D,S/D,S/D,S/D,0
111288,CHACAPALPA,JUNIN,JAUJA,mpas15,pp,20260822,20260920,00Z,D1,6h,S/D,S/D,S/D,S/D,0
111299,POTSOTENI,JUNIN,SATIPO,ecmwf,pp,20260822,20260920,"00Z,12Z",D1,6h,1.495,1.513,2.777,0.053,228
111299,POTSOTENI,JUNIN,SATIPO,gfs,pp,20260822,20260920,"00Z,12Z",D1,6h,1.167,1.193,2.151,0.009,174
111299,POTSOTENI,JUNIN,SATIPO,eta5,pp,20260822,20260920,"00Z,12Z",D1,6h,0.638,0.663,1.264,0.095,202
111299,POTSOTENI,JUNIN,SATIPO,wrf5,pp,20260822,20260920,"00Z,12Z",D1,6h,0.477,0.543,2.577,0.115,229
111299,POTSOTENI,JUNIN,SATIPO,mpas15,pp,20260822,20260920,00Z,D1,6h,1.216,1.24,2.505,0.156,116
4725C4EA,SATIPO,JUNIN,SATIPO,ecmwf,pp,20260822,20260920,"00Z,12Z",D1,6h,-0.172,1.546,4.469,0.451,230
4725C4EA,SATIPO,JUNIN,SATIPO,gfs,pp,20260822,20260920,"00Z,12Z",D1,6h,-0.156,2.061,5.262,0.314,175
4725C4EA,SATIPO,JUNIN,SATIPO,eta5,pp,20260822,20260920,"00Z,12Z",D1,6h,-0.648,1.953,5.231,0.057,204
4725C4EA,SATIPO,JUNIN,SATIPO,wrf5,pp,20260822,20260920,"00Z,12Z",D1,6h,-0.456,1.88,5.861,0.267,230
4725C4EA,SATIPO,JUNIN,SATIPO,mpas15,pp,20260822,20260920,00Z,D1,6h,0.837,2.515,4.893,0.367,117
47257764,TARMA,JUNIN,TARMA,ecmwf,pp,20260822,20260920,"00Z,12Z",D1,6h,0.341,0.383,0.743,0.402,217
47257764,TARMA,JUNIN,TARMA,gfs,pp,20260822,20260920,"00Z,12Z",D1,6h,0.692,0.719,1.571,0.422,164
47257764,TARMA,JUNIN,TARMA,eta5,pp,20260822,20260920,"00Z,12Z",D1,6h,0.174,0.5,0.981,0.089,192
47257764,TARMA,JUNIN,TARMA,wrf5,pp,20260822,20260920,"00Z,12Z",D1,6h,0.114,0.308,0.996,0.332,216
47257764,TARMA,JUNIN,TARMA,mpas15,pp,20260822,20260920,00Z,D1,6h,0.505,0.635,1.206,0.24,110
472D9030,MARCAPOMACOCHA,JUNIN,YAULI,ecmwf,pp,20260822,20260920,"00Z,12Z",D1,6h,0.668,0.719,1.483,0.501,226
472D9030,MARCAPOMACOCHA,JUNIN,YAULI,gfs,pp,20260822,20260920,"00Z,12Z",D1,6h,1.065,1.164,2.371,0.404,172
472D9030,MARCAPOMACOCHA,JUNIN,YAULI,eta5,pp,20260822,20260920,"00Z,12Z",D1,6h,-0.087,0.233,0.542,0.452,200
472D9030,MARCAPOMACOCHA,JUNIN,YAULI,wrf5,pp,20260822,20260920,"00Z,12Z",D1,6h,0.779,0.915,2.774,0.422,227
472D9030,MARCAPOMACOCHA,JUNIN,YAULI,mpas15,pp,20260822,20260920,00Z,D1,6h,1.088,1.164,2.998,0.344,115
472D30C8,CASAGRANDE,LA LIBERTAD,ASCOPE,ecmwf,pp,20260822,20260920,"00Z,12Z",D1,6h,-0.038,0.057,0.49,0.023,226
472D30C8,CASAGRANDE,LA LIBERTAD,ASCOPE,gfs,pp,20260822,20260920,"00Z,12Z",D1,6h,-0.06,0.063,0.561,-0.021,172
472D30C8,CASAGRANDE,LA LIBERTAD,ASCOPE,eta5,pp,20260822,20260920,"00Z,12Z",D1,6h,-0.046,0.059,0.521,0.102,200
472D30C8,CASAGRANDE,LA LIBERTAD,ASCOPE,wrf5,pp,20260822,20260920,"00Z,12Z",D1,6h,-0.043,0.05,0.488,0.161,227
472D30C8,CASAGRANDE,LA LIBERTAD,ASCOPE,mpas15,pp,20260822,20260920,00Z,D1,6h,-0.042,0.05,0.487,-0.127,115
211001,SALINAR,LA LIBERTAD,ASCOPE,ecmwf,pp,20260822,20260920,"00Z,12Z",D1,6h,0.015,0.015,0.065,S/D,225
211001,SALINAR,LA LIBERTAD,ASCOPE,gfs,pp,20260822,20260920,"00Z,12Z",D1,6h,0.004,0.004,0.024,S/D,170
211001,SALINAR,LA LIBERTAD,ASCOPE,eta5,pp,20260822,20260920,"00Z,12Z",D1,6h,0.004,0.004,0.021,S/D,198
211001,SALINAR,LA LIBERTAD,ASCOPE,wrf5,pp,20260822,20260920,"00Z,12Z",D1,6h,0.002,0.002,0.009,S/D,225
211001,SALINAR,LA LIBERTAD,ASCOPE,mpas15,pp,20260822,20260920,00Z,D1,6h,0.018,0.018,0.187,S/D,114
472EA2A4,CASCAS,LA LIBERTAD,GRAN CHIMU,ecmwf,pp,20260822,20260920,"00Z,12Z",D1,6h,0.426,0.427,1.413,0.101,228
472EA2A4,CASCAS,LA LIBERTAD,GRAN CHIMU,gfs,pp,20260822,20260920,"00Z,12Z",D1,6h,0.211,0.213,0.529,-0.096,174
472EA2A4,CASCAS,LA LIBERTAD,GRAN CHIMU,eta5,pp,20260822,20260920,"00Z,12Z",D1,6h,0.042,0.044,0.14,-0.052,202
472EA2A4,CASCAS,LA LIBERTAD,GRAN CHIMU,wrf5,pp,20260822,20260920,"00Z,12Z",D1,6h,0.006,0.007,0.041,0.142,229
472EA2A4,CASCAS,LA LIBERTAD,GRAN CHIMU,mpas15,pp,20260822,20260920,00Z,D1,6h,0.469,0.469,1.336,0.155,116
47E0A2A8,EL TAMBO,LA LIBERTAD,GRAN CHIMU,ecmwf,pp,20260822,20260920,"00Z,12Z",D1,6h,0.425,0.425,1.411,0.161,224
47E0A2A8,EL TAMBO,LA LIBERTAD,GRAN CHIMU,gfs,pp,20260822,20260920,"00Z,12Z",D1,6h,0.213,0.213,0.515,0.198,171
47E0A2A8,EL TAMBO,LA LIBERTAD,GRAN CHIMU,eta5,pp,20260822,20260920,"00Z,12Z",D1,6h,0.085,0.093,0.282,-0.059,196
47E0A2A8,EL TAMBO,LA LIBERTAD,GRAN CHIMU,wrf5,pp,20260822,20260920,"00Z,12Z",D1,6h,0.006,0.01,0.068,0.149,222
47E0A2A8,EL TAMBO,LA LIBERTAD,GRAN CHIMU,mpas15,pp,20260822,20260920,00Z,D1,6h,0.306,0.313,1.065,-0.1,113
472D552E,LUCMA,LA LIBERTAD,GRAN CHIMU,ecmwf,pp,20260822,20260920,"00Z,12Z",D1,6h,0.281,0.281,1.109,S/D,222
472D552E,LUCMA,LA LIBERTAD,GRAN CHIMU,gfs,pp,20260822,20260920,"00Z,12Z",D1,6h,0.379,0.379,0.937,S/D,168
472D552E,LUCMA,LA LIBERTAD,GRAN CHIMU,eta5,pp,20260822,20260920,"00Z,12Z",D1,6h,0.039,0.039,0.12,S/D,196
472D552E,LUCMA,LA LIBERTAD,GRAN CHIMU,wrf5,pp,20260822,20260920,"00Z,12Z",D1,6h,0.012,0.012,0.102,S/D,223
472D552E,LUCMA,LA LIBERTAD,GRAN CHIMU,mpas15,pp,20260822,20260920,00Z,D1,6h,0.497,0.497,1.384,S/D,113
472CC2B6,MARMOT,LA LIBERTAD,GRAN CHIMU,ecmwf,pp,20260822,20260920,"00Z,12Z",D1,6h,S/D,S/D,S/D,S/D,0
472CC2B6,MARMOT,LA LIBERTAD,GRAN CHIMU,gfs,pp,20260822,20260920,"00Z,12Z",D1,6h,S/D,S/D,S/D,S/D,0
472CC2B6,MARMOT,LA LIBERTAD,GRAN CHIMU,eta5,pp,20260822,20260920,"00Z,12Z",D1,6h,S/D,S/D,S/D,S/D,0
472CC2B6,MARMOT,LA LIBERTAD,GRAN CHIMU,wrf5,pp,20260822,20260920,"00Z,12Z",D1,6h,S/D,S/D,S/D,S/D,0
472CC2B6,MARMOT,LA LIBERTAD,GRAN CHIMU,mpas15,pp,20260822,20260920,00Z,D1,6h,S/D,S/D,S/D,S/D,0
472E5220,PUENTE PALMIRA,LA LIBERTAD,GRAN CHIMU,ecmwf,pp,20260822,20260920,"00Z,12Z",D1,6h,0.427,0.427,1.414,S/D,228
472E5220,PUENTE PALMIRA,LA LIBERTAD,GRAN CHIMU,gfs,pp,20260822,20260920,"00Z,12Z",D1,6h,0.212,0.212,0.529,S/D,174
472E5220,PUENTE PALMIRA,LA LIBERTAD,GRAN CHIMU,eta5,pp,20260822,20260920,"00Z,12Z",D1,6h,0.088,0.088,0.306,S/D,202
472E5220,PUENTE PALMIRA,LA LIBERTAD,GRAN CHIMU,wrf5,pp,20260822,20260920,"00Z,12Z",D1,6h,0.007,0.007,0.058,S/D,229
472E5220,PUENTE PALMIRA,LA LIBERTAD,GRAN CHIMU,mpas15,pp,20260822,20260920,00Z,D1,6h,0.06,0.06,0.354,S/D,116
472D8346,CALLANCAS,LA LIBERTAD,OTUZCO,ecmwf,pp,20260822,20260920,"00Z,12Z",D1,6h,0.281,0.281,1.109,S/D,222
472D8346,CALLANCAS,LA LIBERTAD,OTUZCO,gfs,pp,20260822,20260920,"00Z,12Z",D1,6h,0.376,0.376,0.934,S/D,169
472D8346,CALLANCAS,LA LIBERTAD,OTUZCO,eta5,pp,20260822,20260920,"00Z,12Z",D1,6h,0.262,0.262,0.587,S/D,196
472D8346,CALLANCAS,LA LIBERTAD,OTUZCO,wrf5,pp,20260822,20260920,"00Z,12Z",D1,6h,0.009,0.009,0.089,S/D,223
472D8346,CALLANCAS,LA LIBERTAD,OTUZCO,mpas15,pp,20260822,20260920,00Z,D1,6h,0.444,0.444,1.32,S/D,113
472EB1D2,CAPACHIQUE,LA LIBERTAD,OTUZCO,ecmwf,pp,20260822,20260920,"00Z,12Z",D1,6h,0.364,0.369,1.079,0.319,228
472EB1D2,CAPACHIQUE,LA LIBERTAD,OTUZCO,gfs,pp,20260822,20260920,"00Z,12Z",D1,6h,0.319,0.414,1.496,0.355,174
472EB1D2,CAPACHIQUE,LA LIBERTAD,OTUZCO,eta5,pp,20260822,20260920,"00Z,12Z",D1,6h,0.092,0.175,0.561,0.126,202
472EB1D2,CAPACHIQUE,LA LIBERTAD,OTUZCO,wrf5,pp,20260822,20260920,"00Z,12Z",D1,6h,0.024,0.141,0.906,0.253,229
472EB1D2,CAPACHIQUE,LA LIBERTAD,OTUZCO,mpas15,pp,20260822,20260920,00Z,D1,6h,0.645,0.69,1.576,0.227,116
107131,LA FORTUNA,LA LIBERTAD,OTUZCO,ecmwf,pp,20260822,20260920,"00Z,12Z",D1,6h,0.161,0.176,0.461,0.225,219
107131,LA FORTUNA,LA LIBERTAD,OTUZCO,gfs,pp,20260822,20260920,"00Z,12Z",D1,6h,0.341,0.347,0.832,0.241,167
107131,LA FORTUNA,LA LIBERTAD,OTUZCO,eta5,pp,20260822,20260920,"00Z,12Z",D1,6h,-0.028,0.039,0.307,0.194,194
107131,LA FORTUNA,LA LIBERTAD,OTUZCO,wrf5,pp,20260822,20260920,"00Z,12Z",D1,6h,0.064,0.101,0.45,0.277,218
107131,LA FORTUNA,LA LIBERTAD,OTUZCO,mpas15,pp,20260822,20260920,00Z,D1,6h,0.513,0.571,1.387,0.158,111
472E74CC,PUENTE COINA,LA LIBERTAD,OTUZCO,ecmwf,pp,20260822,20260920,"00Z,12Z",D1,6h,0.276,0.276,1.085,0.235,228
472E74CC,PUENTE COINA,LA LIBERTAD,OTUZCO,gfs,pp,20260822,20260920,"00Z,12Z",D1,6h,0.404,0.404,0.985,0.225,174
472E74CC,PUENTE COINA,LA LIBERTAD,OTUZCO,eta5,pp,20260822,20260920,"00Z,12Z",D1,6h,0.117,0.119,0.339,0.079,202
472E74CC,PUENTE COINA,LA LIBERTAD,OTUZCO,wrf5,pp,20260822,20260920,"00Z,12Z",D1,6h,0.039,0.041,0.37,0.192,229
472E74CC,PUENTE COINA,LA LIBERTAD,OTUZCO,mpas15,pp,20260822,20260920,00Z,D1,6h,0.547,0.549,1.351,0.041,116
472D60B4,USQUIL,LA LIBERTAD,OTUZCO,ecmwf,pp,20260822,20260920,"00Z,12Z",D1,6h,0.256,0.257,1.052,0.18,226
472D60B4,USQUIL,LA LIBERTAD,OTUZCO,gfs,pp,20260822,20260920,"00Z,12Z",D1,6h,0.358,0.358,0.899,0.195,172
472D60B4,USQUIL,LA LIBERTAD,OTUZCO,eta5,pp,20260822,20260920,"00Z,12Z",D1,6h,0.094,0.115,0.313,0.15,200
472D60B4,USQUIL,LA LIBERTAD,OTUZCO,wrf5,pp,20260822,20260920,"00Z,12Z",D1,6h,0.02,0.041,0.351,0.185,227
472D60B4,USQUIL,LA LIBERTAD,OTUZCO,mpas15,pp,20260822,20260920,00Z,D1,6h,0.652,0.679,1.541,0.081,115
107130,TICAPAMPA,LA LIBERTAD,SANCHEZ CARRION,ecmwf,pp,20260822,20260920,"00Z,12Z",D1,6h,0.534,0.901,2.055,0.242,208
107130,TICAPAMPA,LA LIBERTAD,SANCHEZ CARRION,gfs,pp,20260822,20260920,"00Z,12Z",D1,6h,0.054,0.523,1.986,0.341,157
107130,TICAPAMPA,LA LIBERTAD,SANCHEZ CARRION,eta5,pp,20260822,20260920,"00Z,12Z",D1,6h,-0.108,0.276,1.368,0.346,185
107130,TICAPAMPA,LA LIBERTAD,SANCHEZ CARRION,wrf5,pp,20260822,20260920,"00Z,12Z",D1,6h,-0.096,0.273,1.321,0.392,208
107130,TICAPAMPA,LA LIBERTAD,SANCHEZ CARRION,mpas15,pp,20260822,20260920,00Z,D1,6h,0.254,0.692,1.739,0.123,106
4727319A,QUIRUVILCA,LA LIBERTAD,SANTIAGO DE CHUCO,ecmwf,pp,20260822,20260920,"00Z,12Z",D1,6h,0.466,0.836,2.413,0.309,213
4727319A,QUIRUVILCA,LA LIBERTAD,SANTIAGO DE CHUCO,gfs,pp,20260822,20260920,"00Z,12Z",D1,6h,0.399,0.882,2.867,0.356,161
4727319A,QUIRUVILCA,LA LIBERTAD,SANTIAGO DE CHUCO,eta5,pp,20260822,20260920,"00Z,12Z",D1,6h,-0.222,0.255,2.108,0.237,187
4727319A,QUIRUVILCA,LA LIBERTAD,SANTIAGO DE CHUCO,wrf5,pp,20260822,20260920,"00Z,12Z",D1,6h,0.188,0.576,2.501,0.389,212
4727319A,QUIRUVILCA,LA LIBERTAD,SANTIAGO DE CHUCO,mpas15,pp,20260822,20260920,00Z,D1,6h,0.425,0.792,2.393,0.237,108
211408,CONDORCERRO,LA LIBERTAD,VIRU,ecmwf,pp,20260822,20260920,"00Z,12Z",D1,6h,S/D,S/D,S/D,S/D,0
211408,CONDORCERRO,LA LIBERTAD,VIRU,gfs,pp,20260822,20260920,"00Z,12Z",D1,6h,S/D,S/D,S/D,S/D,0
211408,CONDORCERRO,LA LIBERTAD,VIRU,eta5,pp,20260822,20260920,"00Z,12Z",D1,6h,S/D,S/D,S/D,S/D,0
211408,CONDORCERRO,LA LIBERTAD,VIRU,wrf5,pp,20260822,20260920,"00Z,12Z",D1,6h,S/D,S/D,S/D,S/D,0
211408,CONDORCERRO,LA LIBERTAD,VIRU,mpas15,pp,20260822,20260920,00Z,D1,6h,S/D,S/D,S/D,S/D,0
47E2F720,TINAJONES,LAMBAYEQUE,CHICLAYO,ecmwf,pp,20260822,20260920,"00Z,12Z",D1,6h,0.023,0.024,0.068,S/D,230
47E2F720,TINAJONES,LAMBAYEQUE,CHICLAYO,gfs,pp,20260822,20260920,"00Z,12Z",D1,6h,0.009,0.009,0.07,S/D,176
47E2F720,TINAJONES,LAMBAYEQUE,CHICLAYO,eta5,pp,20260822,20260920,"00Z,12Z",D1,6h,0.008,0.008,0.044,S/D,204
47E2F720,TINAJONES,LAMBAYEQUE,CHICLAYO,wrf5,pp,20260822,20260920,"00Z,12Z",D1,6h,0.001,0.001,0.004,S/D,230
47E2F720,TINAJONES,LAMBAYEQUE,CHICLAYO,mpas15,pp,20260822,20260920,00Z,D1,6h,0.004,0.004,0.046,S/D,117
106140,VISTA FLORIDA,LAMBAYEQUE,CHICLAYO,ecmwf,pp,20260822,20260920,"00Z,12Z",D1,6h,0.017,0.019,0.098,0.053,188
106140,VISTA FLORIDA,LAMBAYEQUE,CHICLAYO,gfs,pp,20260822,20260920,"00Z,12Z",D1,6h,0.007,0.009,0.079,-0.014,145
106140,VISTA FLORIDA,LAMBAYEQUE,CHICLAYO,eta5,pp,20260822,20260920,"00Z,12Z",D1,6h,0.002,0.005,0.016,-0.062,170
106140,VISTA FLORIDA,LAMBAYEQUE,CHICLAYO,wrf5,pp,20260822,20260920,"00Z,12Z",D1,6h,0.003,0.004,0.015,0.178,188
106140,VISTA FLORIDA,LAMBAYEQUE,CHICLAYO,mpas15,pp,20260822,20260920,00Z,D1,6h,-0.001,0.001,0.01,0.057,96
106138,PUCHACA,LAMBAYEQUE,FERREÑAFE,ecmwf,pp,20260822,20260920,"00Z,12Z",D1,6h,0.597,0.598,1.371,-0.061,209
106138,PUCHACA,LAMBAYEQUE,FERREÑAFE,gfs,pp,20260822,20260920,"00Z,12Z",D1,6h,0.049,0.051,0.176,-0.052,155
106138,PUCHACA,LAMBAYEQUE,FERREÑAFE,eta5,pp,20260822,20260920,"00Z,12Z",D1,6h,0.045,0.047,0.159,-0.047,183
106138,PUCHACA,LAMBAYEQUE,FERREÑAFE,wrf5,pp,20260822,20260920,"00Z,12Z",D1,6h,0.005,0.007,0.041,-0.024,208
106138,PUCHACA,LAMBAYEQUE,FERREÑAFE,mpas15,pp,20260822,20260920,00Z,D1,6h,0.037,0.039,0.182,0.109,106
4726F67E,PASABAR,LAMBAYEQUE,LAMBAYEQUE,ecmwf,pp,20260822,20260920,"00Z,12Z",D1,6h,0.087,0.087,0.217,S/D,198
4726F67E,PASABAR,LAMBAYEQUE,LAMBAYEQUE,gfs,pp,20260822,20260920,"00Z,12Z",D1,6h,0.011,0.011,0.048,S/D,149
4726F67E,PASABAR,LAMBAYEQUE,LAMBAYEQUE,eta5,pp,20260822,20260920,"00Z,12Z",D1,6h,0.017,0.017,0.093,S/D,176
4726F67E,PASABAR,LAMBAYEQUE,LAMBAYEQUE,wrf5,pp,20260822,20260920,"00Z,12Z",D1,6h,0.003,0.003,0.014,S/D,199
4726F67E,PASABAR,LAMBAYEQUE,LAMBAYEQUE,mpas15,pp,20260822,20260920,00Z,D1,6h,0.0,0.0,0.0,S/D,101
47201542,TONGORRAPE,LAMBAYEQUE,LAMBAYEQUE,ecmwf,pp,20260822,20260920,"00Z,12Z",D1,6h,0.057,0.072,0.193,0.093,224
47201542,TONGORRAPE,LAMBAYEQUE,LAMBAYEQUE,gfs,pp,20260822,20260920,"00Z,12Z",D1,6h,-0.007,0.014,0.066,0.124,171
47201542,TONGORRAPE,LAMBAYEQUE,LAMBAYEQUE,eta5,pp,20260822,20260920,"00Z,12Z",D1,6h,0.009,0.027,0.109,0.164,198
47201542,TONGORRAPE,LAMBAYEQUE,LAMBAYEQUE,wrf5,pp,20260822,20260920,"00Z,12Z",D1,6h,-0.006,0.012,0.056,-0.047,225
47201542,TONGORRAPE,LAMBAYEQUE,LAMBAYEQUE,mpas15,pp,20260822,20260920,00Z,D1,6h,-0.011,0.011,0.063,0.105,114
4725F170,HUAROS,LIMA,CANTA,ecmwf,pp,20260822,20260920,"00Z,12Z",D1,6h,0.311,0.352,0.792,0.216,213
4725F170,HUAROS,LIMA,CANTA,gfs,pp,20260822,20260920,"00Z,12Z",D1,6h,0.908,0.914,1.999,0.235,161
4725F170,HUAROS,LIMA,CANTA,eta5,pp,20260822,20260920,"00Z,12Z",D1,6h,-0.029,0.083,0.53,-0.009,188
4725F170,HUAROS,LIMA,CANTA,wrf5,pp,20260822,20260920,"00Z,12Z",D1,6h,0.096,0.187,0.708,0.142,212
4725F170,HUAROS,LIMA,CANTA,mpas15,pp,20260822,20260920,00Z,D1,6h,0.519,0.614,1.901,-0.07,108
113249,CAÑETE,LIMA,CAÑETE,ecmwf,pp,20260822,20260920,"00Z,12Z",D1,6h,-0.539,0.571,5.842,0.162,226
113249,CAÑETE,LIMA,CAÑETE,gfs,pp,20260822,20260920,"00Z,12Z",D1,6h,-0.369,0.37,4.722,-0.018,173
113249,CAÑETE,LIMA,CAÑETE,eta5,pp,20260822,20260920,"00Z,12Z",D1,6h,-0.314,0.322,4.391,0.025,200
113249,CAÑETE,LIMA,CAÑETE,wrf5,pp,20260822,20260920,"00Z,12Z",D1,6h,-0.555,0.56,5.842,0.079,226
113249,CAÑETE,LIMA,CAÑETE,mpas15,pp,20260822,20260920,00Z,D1,6h,-0.549,0.549,5.791,0.138,115
212900,LA CAPILLA SENAMHI,LIMA,CAÑETE,ecmwf,pp,20260822,20260920,"00Z,12Z",D1,6h,S/D,S/D,S/D,S/D,0
212900,LA CAPILLA SENAMHI,LIMA,CAÑETE,gfs,pp,20260822,20260920,"00Z,12Z",D1,6h,S/D,S/D,S/D,S/D,0
212900,LA CAPILLA SENAMHI,LIMA,CAÑETE,eta5,pp,20260822,20260920,"00Z,12Z",D1,6h,S/D,S/D,S/D,S/D,0
212900,LA CAPILLA SENAMHI,LIMA,CAÑETE,wrf5,pp,20260822,20260920,"00Z,12Z",D1,6h,S/D,S/D,S/D,S/D,0
212900,LA CAPILLA SENAMHI,LIMA,CAÑETE,mpas15,pp,20260822,20260920,00Z,D1,6h,S/D,S/D,S/D,S/D,0
472191AC,SOCSI,LIMA,CAÑETE,ecmwf,pp,20260822,20260920,"00Z,12Z",D1,6h,S/D,S/D,S/D,S/D,0
472191AC,SOCSI,LIMA,CAÑETE,gfs,pp,20260822,20260920,"00Z,12Z",D1,6h,S/D,S/D,S/D,S/D,0
472191AC,SOCSI,LIMA,CAÑETE,eta5,pp,20260822,20260920,"00Z,12Z",D1,6h,S/D,S/D,S/D,S/D,0
472191AC,SOCSI,LIMA,CAÑETE,wrf5,pp,20260822,20260920,"00Z,12Z",D1,6h,S/D,S/D,S/D,S/D,0
472191AC,SOCSI,LIMA,CAÑETE,mpas15,pp,20260822,20260920,00Z,D1,6h,S/D,S/D,S/D,S/D,0
47E323B2,CARAC,LIMA,HUARAL,ecmwf,pp,20260822,20260920,"00Z,12Z",D1,6h,0.121,0.121,0.439,S/D,128
47E323B2,CARAC,LIMA,HUARAL,gfs,pp,20260822,20260920,"00Z,12Z",D1,6h,0.532,0.532,1.779,S/D,95
47E323B2,CARAC,LIMA,HUARAL,eta5,pp,20260822,20260920,"00Z,12Z",D1,6h,0.013,0.013,0.083,S/D,108
47E323B2,CARAC,LIMA,HUARAL,wrf5,pp,20260822,20260920,"00Z,12Z",D1,6h,0.045,0.045,0.315,S/D,128
47E323B2,CARAC,LIMA,HUARAL,mpas15,pp,20260822,20260920,00Z,D1,6h,0.188,0.188,0.988,S/D,64
47E2323E,CUCHUANCA,LIMA,HUARAL,ecmwf,pp,20260822,20260920,"00Z,12Z",D1,6h,0.195,0.195,0.525,0.156,225
47E2323E,CUCHUANCA,LIMA,HUARAL,gfs,pp,20260822,20260920,"00Z,12Z",D1,6h,0.437,0.437,1.378,0.138,172
47E2323E,CUCHUANCA,LIMA,HUARAL,eta5,pp,20260822,20260920,"00Z,12Z",D1,6h,0.006,0.01,0.065,-0.022,198
47E2323E,CUCHUANCA,LIMA,HUARAL,wrf5,pp,20260822,20260920,"00Z,12Z",D1,6h,0.042,0.044,0.28,-0.022,224
47E2323E,CUCHUANCA,LIMA,HUARAL,mpas15,pp,20260822,20260920,00Z,D1,6h,0.283,0.283,0.984,0.131,114
47E330C4,SANTA CRUZ,LIMA,HUARAL,ecmwf,pp,20260822,20260920,"00Z,12Z",D1,6h,0.14,0.211,0.576,0.047,228
47E330C4,SANTA CRUZ,LIMA,HUARAL,gfs,pp,20260822,20260920,"00Z,12Z",D1,6h,0.344,0.405,1.338,0.111,173
47E330C4,SANTA CRUZ,LIMA,HUARAL,eta5,pp,20260822,20260920,"00Z,12Z",D1,6h,0.038,0.121,0.459,-0.069,202
47E330C4,SANTA CRUZ,LIMA,HUARAL,wrf5,pp,20260822,20260920,"00Z,12Z",D1,6h,0.132,0.212,1.041,0.08,228
47E330C4,SANTA CRUZ,LIMA,HUARAL,mpas15,pp,20260822,20260920,00Z,D1,6h,0.564,0.585,1.693,0.033,116
47E214D2,SANTO DOMINGO,LIMA,HUARAL,ecmwf,pp,20260822,20260920,"00Z,12Z",D1,6h,0.029,0.049,0.188,-0.096,225
47E214D2,SANTO DOMINGO,LIMA,HUARAL,gfs,pp,20260822,20260920,"00Z,12Z",D1,6h,0.03,0.049,0.218,-0.097,172
47E214D2,SANTO DOMINGO,LIMA,HUARAL,eta5,pp,20260822,20260920,"00Z,12Z",D1,6h,-0.009,0.009,0.048,-0.022,198
47E214D2,SANTO DOMINGO,LIMA,HUARAL,wrf5,pp,20260822,20260920,"00Z,12Z",D1,6h,-0.009,0.01,0.053,0.073,224
47E214D2,SANTO DOMINGO,LIMA,HUARAL,mpas15,pp,20260822,20260920,00Z,D1,6h,-0.01,0.01,0.052,-0.005,114
47E257D8,VICHAYCOCHA,LIMA,HUARAL,ecmwf,pp,20260822,20260920,"00Z,12Z",D1,6h,0.597,0.604,1.271,0.252,217
47E257D8,VICHAYCOCHA,LIMA,HUARAL,gfs,pp,20260822,20260920,"00Z,12Z",D1,6h,1.176,1.183,2.474,0.217,166
47E257D8,VICHAYCOCHA,LIMA,HUARAL,eta5,pp,20260822,20260920,"00Z,12Z",D1,6h,0.012,0.066,0.225,0.209,192
47E257D8,VICHAYCOCHA,LIMA,HUARAL,wrf5,pp,20260822,20260920,"00Z,12Z",D1,6h,0.258,0.304,1.222,0.2,216
47E257D8,VICHAYCOCHA,LIMA,HUARAL,mpas15,pp,20260822,20260920,00Z,D1,6h,0.704,0.723,1.953,0.205,110
472D73C2,CASAPALCA,LIMA,HUAROCHIRI,ecmwf,pp,20260822,20260920,"00Z,12Z",D1,6h,0.308,0.493,0.974,0.427,224
472D73C2,CASAPALCA,LIMA,HUAROCHIRI,gfs,pp,20260822,20260920,"00Z,12Z",D1,6h,0.551,0.789,1.489,0.414,170
472D73C2,CASAPALCA,LIMA,HUAROCHIRI,eta5,pp,20260822,20260920,"00Z,12Z",D1,6h,-0.237,0.34,0.973,0.441,198
472D73C2,CASAPALCA,LIMA,HUAROCHIRI,wrf5,pp,20260822,20260920,"00Z,12Z",D1,6h,0.778,0.992,3.216,0.53,225
472D73C2,CASAPALCA,LIMA,HUAROCHIRI,mpas15,pp,20260822,20260920,00Z,D1,6h,0.913,1.046,2.638,0.459,114
472CE45A,MATUCANA,LIMA,HUAROCHIRI,ecmwf,pp,20260822,20260920,"00Z,12Z",D1,6h,0.768,0.768,1.628,0.227,222
472CE45A,MATUCANA,LIMA,HUAROCHIRI,gfs,pp,20260822,20260920,"00Z,12Z",D1,6h,0.362,0.362,0.797,0.262,168
472CE45A,MATUCANA,LIMA,HUAROCHIRI,eta5,pp,20260822,20260920,"00Z,12Z",D1,6h,0.054,0.082,0.323,0.077,196
472CE45A,MATUCANA,LIMA,HUAROCHIRI,wrf5,pp,20260822,20260920,"00Z,12Z",D1,6h,0.133,0.139,0.746,0.292,223
472CE45A,MATUCANA,LIMA,HUAROCHIRI,mpas15,pp,20260822,20260920,00Z,D1,6h,0.915,0.915,2.427,0.214,113
212700,PUENTE ANTAPUCRO,LIMA,HUAROCHIRI,ecmwf,pp,20260822,20260920,"00Z,12Z",D1,6h,S/D,S/D,S/D,S/D,0
212700,PUENTE ANTAPUCRO,LIMA,HUAROCHIRI,gfs,pp,20260822,20260920,"00Z,12Z",D1,6h,S/D,S/D,S/D,S/D,0
212700,PUENTE ANTAPUCRO,LIMA,HUAROCHIRI,eta5,pp,20260822,20260920,"00Z,12Z",D1,6h,S/D,S/D,S/D,S/D,0
212700,PUENTE ANTAPUCRO,LIMA,HUAROCHIRI,wrf5,pp,20260822,20260920,"00Z,12Z",D1,6h,S/D,S/D,S/D,S/D,0
212700,PUENTE ANTAPUCRO,LIMA,HUAROCHIRI,mpas15,pp,20260822,20260920,00Z,D1,6h,S/D,S/D,S/D,S/D,0
212605,SAN MATEO ,LIMA,HUAROCHIRI,ecmwf,pp,20260822,20260920,"00Z,12Z",D1,6h,S/D,S/D,S/D,S/D,0
212605,SAN MATEO ,LIMA,HUAROCHIRI,gfs,pp,20260822,20260920,"00Z,12Z",D1,6h,S/D,S/D,S/D,S/D,0
212605,SAN MATEO ,LIMA,HUAROCHIRI,eta5,pp,20260822,20260920,"00Z,12Z",D1,6h,S/D,S/D,S/D,S/D,0
212605,SAN MATEO ,LIMA,HUAROCHIRI,wrf5,pp,20260822,20260920,"00Z,12Z",D1,6h,S/D,S/D,S/D,S/D,0
212605,SAN MATEO ,LIMA,HUAROCHIRI,mpas15,pp,20260822,20260920,00Z,D1,6h,S/D,S/D,S/D,S/D,0
472EC742,SAN MATEO DE OTAO,LIMA,HUAROCHIRI,ecmwf,pp,20260822,20260920,"00Z,12Z",D1,6h,0.781,0.781,1.644,S/D,228
472EC742,SAN MATEO DE OTAO,LIMA,HUAROCHIRI,gfs,pp,20260822,20260920,"00Z,12Z",D1,6h,0.378,0.378,0.831,S/D,174
472EC742,SAN MATEO DE OTAO,LIMA,HUAROCHIRI,eta5,pp,20260822,20260920,"00Z,12Z",D1,6h,0.002,0.002,0.014,S/D,202
472EC742,SAN MATEO DE OTAO,LIMA,HUAROCHIRI,wrf5,pp,20260822,20260920,"00Z,12Z",D1,6h,0.005,0.005,0.05,S/D,229
472EC742,SAN MATEO DE OTAO,LIMA,HUAROCHIRI,mpas15,pp,20260822,20260920,00Z,D1,6h,0.026,0.026,0.197,S/D,116
472E24B0,SANTA EULALIA,LIMA,HUAROCHIRI,ecmwf,pp,20260822,20260920,"00Z,12Z",D1,6h,0.005,0.005,0.015,S/D,138
472E24B0,SANTA EULALIA,LIMA,HUAROCHIRI,gfs,pp,20260822,20260920,"00Z,12Z",D1,6h,0.001,0.001,0.009,S/D,97
472E24B0,SANTA EULALIA,LIMA,HUAROCHIRI,eta5,pp,20260822,20260920,"00Z,12Z",D1,6h,0.0,0.0,0.002,S/D,122
472E24B0,SANTA EULALIA,LIMA,HUAROCHIRI,wrf5,pp,20260822,20260920,"00Z,12Z",D1,6h,0.0,0.0,0.0,S/D,137
472E24B0,SANTA EULALIA,LIMA,HUAROCHIRI,mpas15,pp,20260822,20260920,00Z,D1,6h,0.036,0.036,0.246,S/D,70
472CA750,SANTIAGO DE TUNA,LIMA,HUAROCHIRI,ecmwf,pp,20260822,20260920,"00Z,12Z",D1,6h,0.113,0.113,0.313,S/D,222
472CA750,SANTIAGO DE TUNA,LIMA,HUAROCHIRI,gfs,pp,20260822,20260920,"00Z,12Z",D1,6h,0.089,0.089,0.232,S/D,168
472CA750,SANTIAGO DE TUNA,LIMA,HUAROCHIRI,eta5,pp,20260822,20260920,"00Z,12Z",D1,6h,0.002,0.002,0.025,S/D,196
472CA750,SANTIAGO DE TUNA,LIMA,HUAROCHIRI,wrf5,pp,20260822,20260920,"00Z,12Z",D1,6h,0.007,0.007,0.064,S/D,223
472CA750,SANTIAGO DE TUNA,LIMA,HUAROCHIRI,mpas15,pp,20260822,20260920,00Z,D1,6h,0.106,0.106,0.394,S/D,113
4724966C,SAYAN,LIMA,HUAURA,ecmwf,pp,20260822,20260920,"00Z,12Z",D1,6h,0.008,0.008,0.032,S/D,216
4724966C,SAYAN,LIMA,HUAURA,gfs,pp,20260822,20260920,"00Z,12Z",D1,6h,0.004,0.004,0.018,S/D,165
4724966C,SAYAN,LIMA,HUAURA,eta5,pp,20260822,20260920,"00Z,12Z",D1,6h,0.0,0.0,0.0,S/D,192
4724966C,SAYAN,LIMA,HUAURA,wrf5,pp,20260822,20260920,"00Z,12Z",D1,6h,0.0,0.0,0.001,S/D,216
4724966C,SAYAN,LIMA,HUAURA,mpas15,pp,20260822,20260920,00Z,D1,6h,0.0,0.0,0.0,S/D,110
212500,AGUA AZUL BOCATOMA,LIMA,LIMA,ecmwf,pp,20260822,20260920,"00Z,12Z",D1,6h,S/D,S/D,S/D,S/D,0
212500,AGUA AZUL BOCATOMA,LIMA,LIMA,gfs,pp,20260822,20260920,"00Z,12Z",D1,6h,S/D,S/D,S/D,S/D,0
212500,AGUA AZUL BOCATOMA,LIMA,LIMA,eta5,pp,20260822,20260920,"00Z,12Z",D1,6h,S/D,S/D,S/D,S/D,0
212500,AGUA AZUL BOCATOMA,LIMA,LIMA,wrf5,pp,20260822,20260920,"00Z,12Z",D1,6h,S/D,S/D,S/D,S/D,0
212500,AGUA AZUL BOCATOMA,LIMA,LIMA,mpas15,pp,20260822,20260920,00Z,D1,6h,S/D,S/D,S/D,S/D,0
472A218A,ANTONIO RAYMONDI,LIMA,LIMA,ecmwf,pp,20260822,20260920,"00Z,12Z",D1,6h,0.009,0.009,0.02,S/D,225
472A218A,ANTONIO RAYMONDI,LIMA,LIMA,gfs,pp,20260822,20260920,"00Z,12Z",D1,6h,0.041,0.041,0.065,S/D,172
472A218A,ANTONIO RAYMONDI,LIMA,LIMA,eta5,pp,20260822,20260920,"00Z,12Z",D1,6h,0.014,0.014,0.032,S/D,198
472A218A,ANTONIO RAYMONDI,LIMA,LIMA,wrf5,pp,20260822,20260920,"00Z,12Z",D1,6h,0.004,0.004,0.019,S/D,224
472A218A,ANTONIO RAYMONDI,LIMA,LIMA,mpas15,pp,20260822,20260920,00Z,D1,6h,0.004,0.004,0.047,S/D,114
112181,CAMPO DE MARTE,LIMA,LIMA,ecmwf,pp,20260822,20260920,"00Z,12Z",D1,6h,0.018,0.029,0.07,0.324,179
112181,CAMPO DE MARTE,LIMA,LIMA,gfs,pp,20260822,20260920,"00Z,12Z",D1,6h,-0.0,0.024,0.063,0.049,138
112181,CAMPO DE MARTE,LIMA,LIMA,eta5,pp,20260822,20260920,"00Z,12Z",D1,6h,-0.001,0.021,0.058,0.178,159
112181,CAMPO DE MARTE,LIMA,LIMA,wrf5,pp,20260822,20260920,"00Z,12Z",D1,6h,-0.004,0.014,0.054,0.009,179
112181,CAMPO DE MARTE,LIMA,LIMA,mpas15,pp,20260822,20260920,00Z,D1,6h,0.007,0.026,0.098,0.134,91
111286,CARABAYLLO,LIMA,LIMA,ecmwf,pp,20260822,20260920,"00Z,12Z",D1,6h,S/D,S/D,S/D,S/D,0
111286,CARABAYLLO,LIMA,LIMA,gfs,pp,20260822,20260920,"00Z,12Z",D1,6h,S/D,S/D,S/D,S/D,0
111286,CARABAYLLO,LIMA,LIMA,eta5,pp,20260822,20260920,"00Z,12Z",D1,6h,S/D,S/D,S/D,S/D,0
111286,CARABAYLLO,LIMA,LIMA,wrf5,pp,20260822,20260920,"00Z,12Z",D1,6h,S/D,S/D,S/D,S/D,0
111286,CARABAYLLO,LIMA,LIMA,mpas15,pp,20260822,20260920,00Z,D1,6h,S/D,S/D,S/D,S/D,0
112278,CERES,LIMA,LIMA,ecmwf,pp,20260822,20260920,"00Z,12Z",D1,6h,S/D,S/D,S/D,S/D,0
112278,CERES,LIMA,LIMA,gfs,pp,20260822,20260920,"00Z,12Z",D1,6h,S/D,S/D,S/D,S/D,0
112278,CERES,LIMA,LIMA,eta5,pp,20260822,20260920,"00Z,12Z",D1,6h,S/D,S/D,S/D,S/D,0
112278,CERES,LIMA,LIMA,wrf5,pp,20260822,20260920,"00Z,12Z",D1,6h,S/D,S/D,S/D,S/D,0
112278,CERES,LIMA,LIMA,mpas15,pp,20260822,20260920,00Z,D1,6h,S/D,S/D,S/D,S/D,0
47278214,CHOSICA,LIMA,LIMA,ecmwf,pp,20260822,20260920,"00Z,12Z",D1,6h,0.008,0.008,0.015,S/D,4
47278214,CHOSICA,LIMA,LIMA,gfs,pp,20260822,20260920,"00Z,12Z",D1,6h,0.0,0.0,0.0,S/D,3
47278214,CHOSICA,LIMA,LIMA,eta5,pp,20260822,20260920,"00Z,12Z",D1,6h,0.0,0.0,0.0,S/D,2
47278214,CHOSICA,LIMA,LIMA,wrf5,pp,20260822,20260920,"00Z,12Z",D1,6h,0.0,0.0,0.0,S/D,4
47278214,CHOSICA,LIMA,LIMA,mpas15,pp,20260822,20260920,00Z,D1,6h,1.0,1.0,1.414,S/D,2
112281,LAS PALMAS,LIMA,LIMA,ecmwf,pp,20260822,20260920,"00Z,12Z",D1,6h,0.113,0.119,0.194,0.131,234
112281,LAS PALMAS,LIMA,LIMA,gfs,pp,20260822,20260920,"00Z,12Z",D1,6h,0.061,0.077,0.114,-0.013,178
112281,LAS PALMAS,LIMA,LIMA,eta5,pp,20260822,20260920,"00Z,12Z",D1,6h,0.009,0.035,0.067,-0.05,207
112281,LAS PALMAS,LIMA,LIMA,wrf5,pp,20260822,20260920,"00Z,12Z",D1,6h,-0.004,0.022,0.051,-0.075,234
112281,LAS PALMAS,LIMA,LIMA,mpas15,pp,20260822,20260920,00Z,D1,6h,-0.003,0.029,0.092,-0.119,119
112193,SAN BORJA,LIMA,LIMA,ecmwf,pp,20260822,20260920,"00Z,12Z",D1,6h,0.039,0.039,0.108,S/D,208
112193,SAN BORJA,LIMA,LIMA,gfs,pp,20260822,20260920,"00Z,12Z",D1,6h,0.013,0.013,0.028,S/D,159
112193,SAN BORJA,LIMA,LIMA,eta5,pp,20260822,20260920,"00Z,12Z",D1,6h,0.008,0.008,0.016,S/D,183
112193,SAN BORJA,LIMA,LIMA,wrf5,pp,20260822,20260920,"00Z,12Z",D1,6h,0.008,0.008,0.022,S/D,211
112193,SAN BORJA,LIMA,LIMA,mpas15,pp,20260822,20260920,00Z,D1,6h,0.014,0.014,0.077,S/D,106
112267,SAN JUAN DE LURIGANCHO,LIMA,LIMA,ecmwf,pp,20260822,20260920,"00Z,12Z",D1,6h,0.042,0.042,0.117,0.151,202
112267,SAN JUAN DE LURIGANCHO,LIMA,LIMA,gfs,pp,20260822,20260920,"00Z,12Z",D1,6h,0.011,0.013,0.029,0.086,155
112267,SAN JUAN DE LURIGANCHO,LIMA,LIMA,eta5,pp,20260822,20260920,"00Z,12Z",D1,6h,0.001,0.003,0.013,0.192,183
112267,SAN JUAN DE LURIGANCHO,LIMA,LIMA,wrf5,pp,20260822,20260920,"00Z,12Z",D1,6h,0.002,0.004,0.017,-0.16,202
112267,SAN JUAN DE LURIGANCHO,LIMA,LIMA,mpas15,pp,20260822,20260920,00Z,D1,6h,0.015,0.017,0.079,0.074,103
112265,SAN MARTIN DE PORRES,LIMA,LIMA,ecmwf,pp,20260822,20260920,"00Z,12Z",D1,6h,0.043,0.043,0.119,S/D,192
112265,SAN MARTIN DE PORRES,LIMA,LIMA,gfs,pp,20260822,20260920,"00Z,12Z",D1,6h,0.013,0.013,0.028,S/D,149
112265,SAN MARTIN DE PORRES,LIMA,LIMA,eta5,pp,20260822,20260920,"00Z,12Z",D1,6h,0.024,0.024,0.045,S/D,171
112265,SAN MARTIN DE PORRES,LIMA,LIMA,wrf5,pp,20260822,20260920,"00Z,12Z",D1,6h,0.003,0.003,0.01,S/D,193
112265,SAN MARTIN DE PORRES,LIMA,LIMA,mpas15,pp,20260822,20260920,00Z,D1,6h,0.017,0.017,0.081,S/D,98
112208,SANTA ANITA,LIMA,LIMA,ecmwf,pp,20260822,20260920,"00Z,12Z",D1,6h,S/D,S/D,S/D,S/D,0
112208,SANTA ANITA,LIMA,LIMA,gfs,pp,20260822,20260920,"00Z,12Z",D1,6h,S/D,S/D,S/D,S/D,0
112208,SANTA ANITA,LIMA,LIMA,eta5,pp,20260822,20260920,"00Z,12Z",D1,6h,S/D,S/D,S/D,S/D,0
112208,SANTA ANITA,LIMA,LIMA,wrf5,pp,20260822,20260920,"00Z,12Z",D1,6h,S/D,S/D,S/D,S/D,0
112208,SANTA ANITA,LIMA,LIMA,mpas15,pp,20260822,20260920,00Z,D1,6h,S/D,S/D,S/D,S/D,0
472AC278,VON HUMBOLDT,LIMA,LIMA,ecmwf,pp,20260822,20260920,"00Z,12Z",D1,6h,0.039,0.039,0.11,S/D,232
472AC278,VON HUMBOLDT,LIMA,LIMA,gfs,pp,20260822,20260920,"00Z,12Z",D1,6h,0.012,0.012,0.027,S/D,177
472AC278,VON HUMBOLDT,LIMA,LIMA,eta5,pp,20260822,20260920,"00Z,12Z",D1,6h,0.002,0.002,0.009,S/D,205
472AC278,VON HUMBOLDT,LIMA,LIMA,wrf5,pp,20260822,20260920,"00Z,12Z",D1,6h,0.001,0.001,0.005,S/D,232
472AC278,VON HUMBOLDT,LIMA,LIMA,mpas15,pp,20260822,20260920,00Z,D1,6h,0.037,0.037,0.171,S/D,118
111290,ÑAÑA,LIMA,LIMA,ecmwf,pp,20260822,20260920,"00Z,12Z",D1,6h,0.004,0.012,0.036,0.272,228
111290,ÑAÑA,LIMA,LIMA,gfs,pp,20260822,20260920,"00Z,12Z",D1,6h,-0.004,0.007,0.036,-0.026,174
111290,ÑAÑA,LIMA,LIMA,eta5,pp,20260822,20260920,"00Z,12Z",D1,6h,-0.006,0.006,0.034,-0.014,202
111290,ÑAÑA,LIMA,LIMA,wrf5,pp,20260822,20260920,"00Z,12Z",D1,6h,-0.005,0.005,0.032,-0.017,229
111290,ÑAÑA,LIMA,LIMA,mpas15,pp,20260822,20260920,00Z,D1,6h,0.026,0.035,0.149,-0.059,116
110139,PICOY,LIMA,OYON,ecmwf,pp,20260822,20260920,"00Z,12Z",D1,6h,0.559,0.569,1.195,0.026,224
110139,PICOY,LIMA,OYON,gfs,pp,20260822,20260920,"00Z,12Z",D1,6h,0.68,0.685,2.152,0.076,170
110139,PICOY,LIMA,OYON,eta5,pp,20260822,20260920,"00Z,12Z",D1,6h,0.332,0.342,0.702,0.056,198
110139,PICOY,LIMA,OYON,wrf5,pp,20260822,20260920,"00Z,12Z",D1,6h,0.104,0.133,0.486,-0.061,225
110139,PICOY,LIMA,OYON,mpas15,pp,20260822,20260920,00Z,D1,6h,0.713,0.722,1.846,-0.115,114
472364DC,CARANIA,LIMA,YAUYOS,ecmwf,pp,20260822,20260920,"00Z,12Z",D1,6h,0.388,0.486,1.065,0.326,207
472364DC,CARANIA,LIMA,YAUYOS,gfs,pp,20260822,20260920,"00Z,12Z",D1,6h,0.697,0.772,1.536,0.385,156
472364DC,CARANIA,LIMA,YAUYOS,eta5,pp,20260822,20260920,"00Z,12Z",D1,6h,0.06,0.288,0.776,0.221,184
472364DC,CARANIA,LIMA,YAUYOS,wrf5,pp,20260822,20260920,"00Z,12Z",D1,6h,0.212,0.338,1.233,0.236,206
472364DC,CARANIA,LIMA,YAUYOS,mpas15,pp,20260822,20260920,00Z,D1,6h,0.759,0.839,1.964,0.32,105
104112,SAN REGIS,LORETO,LORETO,ecmwf,pp,20260822,20260920,"00Z,12Z",D1,6h,0.395,1.802,5.336,0.26,158
104112,SAN REGIS,LORETO,LORETO,gfs,pp,20260822,20260920,"00Z,12Z",D1,6h,-0.498,1.382,5.12,0.138,124
104112,SAN REGIS,LORETO,LORETO,eta5,pp,20260822,20260920,"00Z,12Z",D1,6h,-0.297,1.462,4.942,0.066,137
104112,SAN REGIS,LORETO,LORETO,wrf5,pp,20260822,20260920,"00Z,12Z",D1,6h,-0.348,1.27,5.005,0.107,159
104112,SAN REGIS,LORETO,LORETO,mpas15,pp,20260822,20260920,00Z,D1,6h,1.042,2.275,5.751,0.296,80
4727547C,CABALLOCOCHA,LORETO,MARISCAL RAMON CASTILLA,ecmwf,pp,20260822,20260920,"00Z,12Z",D1,6h,S/D,S/D,S/D,S/D,0
4727547C,CABALLOCOCHA,LORETO,MARISCAL RAMON CASTILLA,gfs,pp,20260822,20260920,"00Z,12Z",D1,6h,S/D,S/D,S/D,S/D,0
4727547C,CABALLOCOCHA,LORETO,MARISCAL RAMON CASTILLA,eta5,pp,20260822,20260920,"00Z,12Z",D1,6h,S/D,S/D,S/D,S/D,0
4727547C,CABALLOCOCHA,LORETO,MARISCAL RAMON CASTILLA,wrf5,pp,20260822,20260920,"00Z,12Z",D1,6h,S/D,S/D,S/D,S/D,0
4727547C,CABALLOCOCHA,LORETO,MARISCAL RAMON CASTILLA,mpas15,pp,20260822,20260920,00Z,D1,6h,S/D,S/D,S/D,S/D,0
47288486,PEBAS,LORETO,MARISCAL RAMON CASTILLA,ecmwf,pp,20260822,20260920,"00Z,12Z",D1,6h,S/D,S/D,S/D,S/D,0
47288486,PEBAS,LORETO,MARISCAL RAMON CASTILLA,gfs,pp,20260822,20260920,"00Z,12Z",D1,6h,S/D,S/D,S/D,S/D,0
47288486,PEBAS,LORETO,MARISCAL RAMON CASTILLA,eta5,pp,20260822,20260920,"00Z,12Z",D1,6h,S/D,S/D,S/D,S/D,0
47288486,PEBAS,LORETO,MARISCAL RAMON CASTILLA,wrf5,pp,20260822,20260920,"00Z,12Z",D1,6h,S/D,S/D,S/D,S/D,0
47288486,PEBAS,LORETO,MARISCAL RAMON CASTILLA,mpas15,pp,20260822,20260920,00Z,D1,6h,S/D,S/D,S/D,S/D,0
103065,AMAZONAS,LORETO,MAYNAS,ecmwf,pp,20260822,20260920,"00Z,12Z",D1,6h,S/D,S/D,S/D,S/D,0
103065,AMAZONAS,LORETO,MAYNAS,gfs,pp,20260822,20260920,"00Z,12Z",D1,6h,S/D,S/D,S/D,S/D,0
103065,AMAZONAS,LORETO,MAYNAS,eta5,pp,20260822,20260920,"00Z,12Z",D1,6h,S/D,S/D,S/D,S/D,0
103065,AMAZONAS,LORETO,MAYNAS,wrf5,pp,20260822,20260920,"00Z,12Z",D1,6h,S/D,S/D,S/D,S/D,0
103065,AMAZONAS,LORETO,MAYNAS,mpas15,pp,20260822,20260920,00Z,D1,6h,S/D,S/D,S/D,S/D,0
47252718,ENAPU PERU,LORETO,MAYNAS,ecmwf,pp,20260822,20260920,"00Z,12Z",D1,6h,0.855,1.795,3.766,0.125,210
47252718,ENAPU PERU,LORETO,MAYNAS,gfs,pp,20260822,20260920,"00Z,12Z",D1,6h,0.326,1.235,2.851,0.223,158
47252718,ENAPU PERU,LORETO,MAYNAS,eta5,pp,20260822,20260920,"00Z,12Z",D1,6h,0.186,1.035,2.38,0.247,188
47252718,ENAPU PERU,LORETO,MAYNAS,wrf5,pp,20260822,20260920,"00Z,12Z",D1,6h,1.066,1.972,7.156,0.178,210
47252718,ENAPU PERU,LORETO,MAYNAS,mpas15,pp,20260822,20260920,00Z,D1,6h,1.07,2.059,3.913,-0.046,107
47287402,CONTAMANA,LORETO,UCAYALI,ecmwf,pp,20260822,20260920,"00Z,12Z",D1,6h,S/D,S/D,S/D,S/D,0
47287402,CONTAMANA,LORETO,UCAYALI,gfs,pp,20260822,20260920,"00Z,12Z",D1,6h,S/D,S/D,S/D,S/D,0
47287402,CONTAMANA,LORETO,UCAYALI,eta5,pp,20260822,20260920,"00Z,12Z",D1,6h,S/D,S/D,S/D,S/D,0
47287402,CONTAMANA,LORETO,UCAYALI,wrf5,pp,20260822,20260920,"00Z,12Z",D1,6h,S/D,S/D,S/D,S/D,0
47287402,CONTAMANA,LORETO,UCAYALI,mpas15,pp,20260822,20260920,00Z,D1,6h,S/D,S/D,S/D,S/D,0
47E8201A,SALVACION,MADRE DE DIOS,MANU,ecmwf,pp,20260822,20260920,"00Z,12Z",D1,6h,-0.669,2.075,7.036,0.43,222
47E8201A,SALVACION,MADRE DE DIOS,MANU,gfs,pp,20260822,20260920,"00Z,12Z",D1,6h,-0.794,2.012,7.026,0.429,170
47E8201A,SALVACION,MADRE DE DIOS,MANU,eta5,pp,20260822,20260920,"00Z,12Z",D1,6h,-1.49,2.228,7.59,0.262,196
47E8201A,SALVACION,MADRE DE DIOS,MANU,wrf5,pp,20260822,20260920,"00Z,12Z",D1,6h,-0.709,2.363,8.861,0.295,223
47E8201A,SALVACION,MADRE DE DIOS,MANU,mpas15,pp,20260822,20260920,00Z,D1,6h,1.618,3.871,9.265,0.257,113
472587E0,IÑAPARI,MADRE DE DIOS,TAHUAMANU,ecmwf,pp,20260822,20260920,"00Z,12Z",D1,6h,-0.835,1.568,7.207,0.433,209
472587E0,IÑAPARI,MADRE DE DIOS,TAHUAMANU,gfs,pp,20260822,20260920,"00Z,12Z",D1,6h,-0.936,1.561,7.371,0.328,159
472587E0,IÑAPARI,MADRE DE DIOS,TAHUAMANU,eta5,pp,20260822,20260920,"00Z,12Z",D1,6h,-1.627,1.736,8.358,0.426,185
472587E0,IÑAPARI,MADRE DE DIOS,TAHUAMANU,wrf5,pp,20260822,20260920,"00Z,12Z",D1,6h,-1.419,1.67,8.136,0.468,208
472587E0,IÑAPARI,MADRE DE DIOS,TAHUAMANU,mpas15,pp,20260822,20260920,00Z,D1,6h,-0.42,1.311,5.358,0.312,106
260403,CACHUELA,MADRE DE DIOS,TAMBOPATA,ecmwf,pp,20260822,20260920,"00Z,12Z",D1,6h,0.108,0.761,3.625,0.297,228
260403,CACHUELA,MADRE DE DIOS,TAMBOPATA,gfs,pp,20260822,20260920,"00Z,12Z",D1,6h,-0.034,0.494,2.892,0.163,174
260403,CACHUELA,MADRE DE DIOS,TAMBOPATA,eta5,pp,20260822,20260920,"00Z,12Z",D1,6h,-0.318,0.568,3.756,0.083,202
260403,CACHUELA,MADRE DE DIOS,TAMBOPATA,wrf5,pp,20260822,20260920,"00Z,12Z",D1,6h,-0.223,0.583,4.187,0.111,229
260403,CACHUELA,MADRE DE DIOS,TAMBOPATA,mpas15,pp,20260822,20260920,00Z,D1,6h,0.548,1.17,4.214,0.274,116
47E8336C,MALINOWSKY,MADRE DE DIOS,TAMBOPATA,ecmwf,pp,20260822,20260920,"00Z,12Z",D1,6h,0.06,0.861,4.301,0.267,226
47E8336C,MALINOWSKY,MADRE DE DIOS,TAMBOPATA,gfs,pp,20260822,20260920,"00Z,12Z",D1,6h,-0.331,0.723,4.638,0.152,172
47E8336C,MALINOWSKY,MADRE DE DIOS,TAMBOPATA,eta5,pp,20260822,20260920,"00Z,12Z",D1,6h,-0.358,0.659,4.815,0.165,200
47E8336C,MALINOWSKY,MADRE DE DIOS,TAMBOPATA,wrf5,pp,20260822,20260920,"00Z,12Z",D1,6h,-0.363,0.578,4.595,0.103,227
47E8336C,MALINOWSKY,MADRE DE DIOS,TAMBOPATA,mpas15,pp,20260822,20260920,00Z,D1,6h,0.929,1.548,4.457,0.26,115
260402,PUENTE HERRERA,MADRE DE DIOS,TAMBOPATA,ecmwf,pp,20260822,20260920,"00Z,12Z",D1,6h,0.514,0.514,1.983,S/D,228
260402,PUENTE HERRERA,MADRE DE DIOS,TAMBOPATA,gfs,pp,20260822,20260920,"00Z,12Z",D1,6h,0.242,0.242,0.799,S/D,174
260402,PUENTE HERRERA,MADRE DE DIOS,TAMBOPATA,eta5,pp,20260822,20260920,"00Z,12Z",D1,6h,0.139,0.139,0.586,S/D,202
260402,PUENTE HERRERA,MADRE DE DIOS,TAMBOPATA,wrf5,pp,20260822,20260920,"00Z,12Z",D1,6h,0.18,0.18,2.287,S/D,229
260402,PUENTE HERRERA,MADRE DE DIOS,TAMBOPATA,mpas15,pp,20260822,20260920,00Z,D1,6h,0.946,0.946,2.7,S/D,116
112279,PUERTO MALDONADO,MADRE DE DIOS,TAMBOPATA,ecmwf,pp,20260822,20260920,"00Z,12Z",D1,6h,0.322,0.531,2.055,0.373,230
112279,PUERTO MALDONADO,MADRE DE DIOS,TAMBOPATA,gfs,pp,20260822,20260920,"00Z,12Z",D1,6h,0.11,0.321,1.213,0.327,176
112279,PUERTO MALDONADO,MADRE DE DIOS,TAMBOPATA,eta5,pp,20260822,20260920,"00Z,12Z",D1,6h,-0.074,0.319,1.433,0.109,204
112279,PUERTO MALDONADO,MADRE DE DIOS,TAMBOPATA,wrf5,pp,20260822,20260920,"00Z,12Z",D1,6h,0.044,0.416,3.382,0.159,230
112279,PUERTO MALDONADO,MADRE DE DIOS,TAMBOPATA,mpas15,pp,20260822,20260920,00Z,D1,6h,0.753,0.957,2.763,0.263,117
260002,TAMBOPATA,MADRE DE DIOS,TAMBOPATA,ecmwf,pp,20260822,20260920,"00Z,12Z",D1,6h,S/D,S/D,S/D,S/D,0
260002,TAMBOPATA,MADRE DE DIOS,TAMBOPATA,gfs,pp,20260822,20260920,"00Z,12Z",D1,6h,S/D,S/D,S/D,S/D,0
260002,TAMBOPATA,MADRE DE DIOS,TAMBOPATA,eta5,pp,20260822,20260920,"00Z,12Z",D1,6h,S/D,S/D,S/D,S/D,0
260002,TAMBOPATA,MADRE DE DIOS,TAMBOPATA,wrf5,pp,20260822,20260920,"00Z,12Z",D1,6h,S/D,S/D,S/D,S/D,0
260002,TAMBOPATA,MADRE DE DIOS,TAMBOPATA,mpas15,pp,20260822,20260920,00Z,D1,6h,S/D,S/D,S/D,S/D,0
4723F1BE,MOQUEGUA,MOQUEGUA,MARISCAL NIETO,ecmwf,pp,20260822,20260920,"00Z,12Z",D1,6h,0.004,0.004,0.018,S/D,225
4723F1BE,MOQUEGUA,MOQUEGUA,MARISCAL NIETO,gfs,pp,20260822,20260920,"00Z,12Z",D1,6h,0.0,0.0,0.005,S/D,172
4723F1BE,MOQUEGUA,MOQUEGUA,MARISCAL NIETO,eta5,pp,20260822,20260920,"00Z,12Z",D1,6h,0.0,0.0,0.002,S/D,198
4723F1BE,MOQUEGUA,MOQUEGUA,MARISCAL NIETO,wrf5,pp,20260822,20260920,"00Z,12Z",D1,6h,0.0,0.0,0.002,S/D,224
4723F1BE,MOQUEGUA,MOQUEGUA,MARISCAL NIETO,mpas15,pp,20260822,20260920,00Z,D1,6h,0.0,0.0,0.0,S/D,114
110137,12 DE OCTUBRE,PASCO,DANIEL ALCIDES CARRION,ecmwf,pp,20260822,20260920,"00Z,12Z",D1,6h,0.396,0.709,1.511,0.286,228
110137,12 DE OCTUBRE,PASCO,DANIEL ALCIDES CARRION,gfs,pp,20260822,20260920,"00Z,12Z",D1,6h,0.501,0.637,1.312,0.471,174
110137,12 DE OCTUBRE,PASCO,DANIEL ALCIDES CARRION,eta5,pp,20260822,20260920,"00Z,12Z",D1,6h,-0.096,0.316,1.035,0.313,202
110137,12 DE OCTUBRE,PASCO,DANIEL ALCIDES CARRION,wrf5,pp,20260822,20260920,"00Z,12Z",D1,6h,0.147,0.456,1.331,0.473,229
110137,12 DE OCTUBRE,PASCO,DANIEL ALCIDES CARRION,mpas15,pp,20260822,20260920,00Z,D1,6h,0.955,1.227,2.431,0.25,116
4725D79C,OXAPAMPA,PASCO,OXAPAMPA,ecmwf,pp,20260822,20260920,"00Z,12Z",D1,6h,0.734,1.4,2.394,0.227,228
4725D79C,OXAPAMPA,PASCO,OXAPAMPA,gfs,pp,20260822,20260920,"00Z,12Z",D1,6h,1.36,1.886,3.044,0.311,174
4725D79C,OXAPAMPA,PASCO,OXAPAMPA,eta5,pp,20260822,20260920,"00Z,12Z",D1,6h,-0.456,0.633,1.768,0.049,202
4725D79C,OXAPAMPA,PASCO,OXAPAMPA,wrf5,pp,20260822,20260920,"00Z,12Z",D1,6h,0.054,0.944,2.033,0.282,229
4725D79C,OXAPAMPA,PASCO,OXAPAMPA,mpas15,pp,20260822,20260920,00Z,D1,6h,0.666,1.338,2.38,0.222,116
109093,PUERTO BERMUDEZ,PASCO,OXAPAMPA,ecmwf,pp,20260822,20260920,"00Z,12Z",D1,6h,0.032,2.586,7.716,0.273,226
109093,PUERTO BERMUDEZ,PASCO,OXAPAMPA,gfs,pp,20260822,20260920,"00Z,12Z",D1,6h,-0.214,2.044,6.371,0.245,172
109093,PUERTO BERMUDEZ,PASCO,OXAPAMPA,eta5,pp,20260822,20260920,"00Z,12Z",D1,6h,-1.382,2.1,7.997,0.208,200
109093,PUERTO BERMUDEZ,PASCO,OXAPAMPA,wrf5,pp,20260822,20260920,"00Z,12Z",D1,6h,-1.524,1.67,7.521,0.353,227
109093,PUERTO BERMUDEZ,PASCO,OXAPAMPA,mpas15,pp,20260822,20260920,00Z,D1,6h,0.217,2.716,7.967,0.242,115
104114,ALTO DE POCLUS,PIURA,AYABACA,ecmwf,pp,20260822,20260920,"00Z,12Z",D1,6h,S/D,S/D,S/D,S/D,0
104114,ALTO DE POCLUS,PIURA,AYABACA,gfs,pp,20260822,20260920,"00Z,12Z",D1,6h,S/D,S/D,S/D,S/D,0
104114,ALTO DE POCLUS,PIURA,AYABACA,eta5,pp,20260822,20260920,"00Z,12Z",D1,6h,S/D,S/D,S/D,S/D,0
104114,ALTO DE POCLUS,PIURA,AYABACA,wrf5,pp,20260822,20260920,"00Z,12Z",D1,6h,S/D,S/D,S/D,S/D,0
104114,ALTO DE POCLUS,PIURA,AYABACA,mpas15,pp,20260822,20260920,00Z,D1,6h,S/D,S/D,S/D,S/D,0
47E9177A,EL CIRUELO,PIURA,AYABACA,ecmwf,pp,20260822,20260920,"00Z,12Z",D1,6h,0.392,0.414,1.295,0.082,225
47E9177A,EL CIRUELO,PIURA,AYABACA,gfs,pp,20260822,20260920,"00Z,12Z",D1,6h,0.162,0.176,0.528,0.116,171
47E9177A,EL CIRUELO,PIURA,AYABACA,eta5,pp,20260822,20260920,"00Z,12Z",D1,6h,0.396,0.409,0.905,0.023,198
47E9177A,EL CIRUELO,PIURA,AYABACA,wrf5,pp,20260822,20260920,"00Z,12Z",D1,6h,0.079,0.104,0.609,0.036,225
47E9177A,EL CIRUELO,PIURA,AYABACA,mpas15,pp,20260822,20260920,00Z,D1,6h,0.295,0.319,0.986,-0.185,114
47E281B0,HUALCUY,PIURA,AYABACA,ecmwf,pp,20260822,20260920,"00Z,12Z",D1,6h,0.119,0.503,1.598,0.216,228
47E281B0,HUALCUY,PIURA,AYABACA,gfs,pp,20260822,20260920,"00Z,12Z",D1,6h,-0.1,0.287,1.447,0.102,175
47E281B0,HUALCUY,PIURA,AYABACA,eta5,pp,20260822,20260920,"00Z,12Z",D1,6h,-0.198,0.259,1.555,0.017,202
47E281B0,HUALCUY,PIURA,AYABACA,wrf5,pp,20260822,20260920,"00Z,12Z",D1,6h,-0.201,0.207,1.459,0.176,228
47E281B0,HUALCUY,PIURA,AYABACA,mpas15,pp,20260822,20260920,00Z,D1,6h,-0.028,0.36,1.555,0.114,116
472FC5B8,PAIMAS,PIURA,AYABACA,ecmwf,pp,20260822,20260920,"00Z,12Z",D1,6h,0.35,0.353,0.733,0.101,230
472FC5B8,PAIMAS,PIURA,AYABACA,gfs,pp,20260822,20260920,"00Z,12Z",D1,6h,0.13,0.137,0.33,0.023,176
472FC5B8,PAIMAS,PIURA,AYABACA,eta5,pp,20260822,20260920,"00Z,12Z",D1,6h,0.165,0.17,0.425,0.023,204
472FC5B8,PAIMAS,PIURA,AYABACA,wrf5,pp,20260822,20260920,"00Z,12Z",D1,6h,0.003,0.013,0.05,0.024,230
472FC5B8,PAIMAS,PIURA,AYABACA,mpas15,pp,20260822,20260920,00Z,D1,6h,0.183,0.188,0.558,0.041,117
47E0C74E,PUENTE MACARA,PIURA,AYABACA,ecmwf,pp,20260822,20260920,"00Z,12Z",D1,6h,0.171,0.171,0.592,S/D,223
47E0C74E,PUENTE MACARA,PIURA,AYABACA,gfs,pp,20260822,20260920,"00Z,12Z",D1,6h,0.017,0.017,0.068,S/D,170
47E0C74E,PUENTE MACARA,PIURA,AYABACA,eta5,pp,20260822,20260920,"00Z,12Z",D1,6h,0.408,0.408,0.881,S/D,196
47E0C74E,PUENTE MACARA,PIURA,AYABACA,wrf5,pp,20260822,20260920,"00Z,12Z",D1,6h,0.018,0.018,0.099,S/D,222
47E0C74E,PUENTE MACARA,PIURA,AYABACA,mpas15,pp,20260822,20260920,00Z,D1,6h,0.509,0.509,1.846,S/D,113
472FF022,SAPILLICA,PIURA,AYABACA,ecmwf,pp,20260822,20260920,"00Z,12Z",D1,6h,0.326,0.35,0.699,0.089,228
472FF022,SAPILLICA,PIURA,AYABACA,gfs,pp,20260822,20260920,"00Z,12Z",D1,6h,0.106,0.147,0.324,-0.045,174
472FF022,SAPILLICA,PIURA,AYABACA,eta5,pp,20260822,20260920,"00Z,12Z",D1,6h,0.056,0.104,0.245,-0.069,202
472FF022,SAPILLICA,PIURA,AYABACA,wrf5,pp,20260822,20260920,"00Z,12Z",D1,6h,-0.014,0.04,0.132,0.218,228
472FF022,SAPILLICA,PIURA,AYABACA,mpas15,pp,20260822,20260920,00Z,D1,6h,0.179,0.217,0.636,0.073,116
472F86B2,CANCHAQUE,PIURA,HUANCABAMBA,ecmwf,pp,20260822,20260920,"00Z,12Z",D1,6h,0.114,0.177,0.369,0.148,230
472F86B2,CANCHAQUE,PIURA,HUANCABAMBA,gfs,pp,20260822,20260920,"00Z,12Z",D1,6h,0.089,0.158,0.395,0.152,176
472F86B2,CANCHAQUE,PIURA,HUANCABAMBA,eta5,pp,20260822,20260920,"00Z,12Z",D1,6h,0.023,0.096,0.301,0.235,204
472F86B2,CANCHAQUE,PIURA,HUANCABAMBA,wrf5,pp,20260822,20260920,"00Z,12Z",D1,6h,-0.039,0.042,0.208,0.097,230
472F86B2,CANCHAQUE,PIURA,HUANCABAMBA,mpas15,pp,20260822,20260920,00Z,D1,6h,0.036,0.116,0.363,0.022,117
472FE354,HUANCABAMBA,PIURA,HUANCABAMBA,ecmwf,pp,20260822,20260920,"00Z,12Z",D1,6h,0.264,0.294,0.605,0.27,230
472FE354,HUANCABAMBA,PIURA,HUANCABAMBA,gfs,pp,20260822,20260920,"00Z,12Z",D1,6h,0.129,0.166,0.319,0.138,176
472FE354,HUANCABAMBA,PIURA,HUANCABAMBA,eta5,pp,20260822,20260920,"00Z,12Z",D1,6h,-0.013,0.053,0.205,0.004,204
472FE354,HUANCABAMBA,PIURA,HUANCABAMBA,wrf5,pp,20260822,20260920,"00Z,12Z",D1,6h,-0.029,0.038,0.185,0.022,230
472FE354,HUANCABAMBA,PIURA,HUANCABAMBA,mpas15,pp,20260822,20260920,00Z,D1,6h,0.169,0.198,0.531,0.094,117
472761E6,HUARMACA,PIURA,HUANCABAMBA,ecmwf,pp,20260822,20260920,"00Z,12Z",D1,6h,0.138,0.163,0.331,0.172,228
472761E6,HUARMACA,PIURA,HUANCABAMBA,gfs,pp,20260822,20260920,"00Z,12Z",D1,6h,0.113,0.154,0.362,-0.007,174
472761E6,HUARMACA,PIURA,HUANCABAMBA,eta5,pp,20260822,20260920,"00Z,12Z",D1,6h,0.028,0.064,0.181,-0.004,202
472761E6,HUARMACA,PIURA,HUANCABAMBA,wrf5,pp,20260822,20260920,"00Z,12Z",D1,6h,-0.019,0.019,0.128,-0.011,228
472761E6,HUARMACA,PIURA,HUANCABAMBA,mpas15,pp,20260822,20260920,00Z,D1,6h,0.067,0.105,0.364,0.068,116
472FB328,CHALACO,PIURA,MORROPON,ecmwf,pp,20260822,20260920,"00Z,12Z",D1,6h,-0.054,0.254,1.569,-0.015,228
472FB328,CHALACO,PIURA,MORROPON,gfs,pp,20260822,20260920,"00Z,12Z",D1,6h,-0.015,0.394,1.883,0.005,175
472FB328,CHALACO,PIURA,MORROPON,eta5,pp,20260822,20260920,"00Z,12Z",D1,6h,-0.113,0.257,1.769,-0.027,202
472FB328,CHALACO,PIURA,MORROPON,wrf5,pp,20260822,20260920,"00Z,12Z",D1,6h,-0.123,0.206,1.659,0.058,228
472FB328,CHALACO,PIURA,MORROPON,mpas15,pp,20260822,20260920,00Z,D1,6h,0.086,0.393,1.664,-0.026,116
472F6540,CHULUCANAS,PIURA,MORROPON,ecmwf,pp,20260822,20260920,"00Z,12Z",D1,6h,0.055,0.056,0.224,S/D,225
472F6540,CHULUCANAS,PIURA,MORROPON,gfs,pp,20260822,20260920,"00Z,12Z",D1,6h,0.007,0.007,0.053,S/D,172
472F6540,CHULUCANAS,PIURA,MORROPON,eta5,pp,20260822,20260920,"00Z,12Z",D1,6h,0.049,0.049,0.222,S/D,198
472F6540,CHULUCANAS,PIURA,MORROPON,wrf5,pp,20260822,20260920,"00Z,12Z",D1,6h,0.017,0.017,0.155,S/D,224
472F6540,CHULUCANAS,PIURA,MORROPON,mpas15,pp,20260822,20260920,00Z,D1,6h,0.061,0.061,0.273,S/D,114
47E037CA,CORRAL DEL MEDIO,PIURA,MORROPON,ecmwf,pp,20260822,20260920,"00Z,12Z",D1,6h,0.0,0.0,0.0,S/D,4
47E037CA,CORRAL DEL MEDIO,PIURA,MORROPON,gfs,pp,20260822,20260920,"00Z,12Z",D1,6h,0.0,0.0,0.0,S/D,2
47E037CA,CORRAL DEL MEDIO,PIURA,MORROPON,eta5,pp,20260822,20260920,"00Z,12Z",D1,6h,0.0,0.0,0.0,S/D,4
47E037CA,CORRAL DEL MEDIO,PIURA,MORROPON,wrf5,pp,20260822,20260920,"00Z,12Z",D1,6h,0.0,0.0,0.0,S/D,4
47E037CA,CORRAL DEL MEDIO,PIURA,MORROPON,mpas15,pp,20260822,20260920,00Z,D1,6h,0.001,0.001,0.001,S/D,2
472F50DA,EL VIRREY,PIURA,MORROPON,ecmwf,pp,20260822,20260920,"00Z,12Z",D1,6h,0.042,0.046,0.216,-0.073,225
472F50DA,EL VIRREY,PIURA,MORROPON,gfs,pp,20260822,20260920,"00Z,12Z",D1,6h,-0.001,0.002,0.014,-0.01,172
472F50DA,EL VIRREY,PIURA,MORROPON,eta5,pp,20260822,20260920,"00Z,12Z",D1,6h,0.005,0.009,0.048,-0.052,198
472F50DA,EL VIRREY,PIURA,MORROPON,wrf5,pp,20260822,20260920,"00Z,12Z",D1,6h,-0.0,0.003,0.016,-0.031,224
472F50DA,EL VIRREY,PIURA,MORROPON,mpas15,pp,20260822,20260920,00Z,D1,6h,-0.002,0.002,0.013,0.147,114
47E074C0,HACIENDA BARRIOS,PIURA,MORROPON,ecmwf,pp,20260822,20260920,"00Z,12Z",D1,6h,0.131,0.131,0.379,S/D,223
47E074C0,HACIENDA BARRIOS,PIURA,MORROPON,gfs,pp,20260822,20260920,"00Z,12Z",D1,6h,0.026,0.026,0.083,S/D,170
47E074C0,HACIENDA BARRIOS,PIURA,MORROPON,eta5,pp,20260822,20260920,"00Z,12Z",D1,6h,0.112,0.112,0.33,S/D,197
47E074C0,HACIENDA BARRIOS,PIURA,MORROPON,wrf5,pp,20260822,20260920,"00Z,12Z",D1,6h,0.024,0.024,0.079,S/D,222
47E074C0,HACIENDA BARRIOS,PIURA,MORROPON,mpas15,pp,20260822,20260920,00Z,D1,6h,0.086,0.086,0.362,S/D,113
472F95C4,HACIENDA BIGOTE ,PIURA,MORROPON,ecmwf,pp,20260822,20260920,"00Z,12Z",D1,6h,0.124,0.124,0.369,0.149,230
472F95C4,HACIENDA BIGOTE ,PIURA,MORROPON,gfs,pp,20260822,20260920,"00Z,12Z",D1,6h,0.021,0.028,0.089,0.101,176
472F95C4,HACIENDA BIGOTE ,PIURA,MORROPON,eta5,pp,20260822,20260920,"00Z,12Z",D1,6h,0.102,0.11,0.367,-0.047,204
472F95C4,HACIENDA BIGOTE ,PIURA,MORROPON,wrf5,pp,20260822,20260920,"00Z,12Z",D1,6h,0.007,0.014,0.066,-0.034,230
472F95C4,HACIENDA BIGOTE ,PIURA,MORROPON,mpas15,pp,20260822,20260920,00Z,D1,6h,0.089,0.095,0.369,-0.095,117
472FA05E,MALACASI,PIURA,MORROPON,ecmwf,pp,20260822,20260920,"00Z,12Z",D1,6h,0.127,0.127,0.373,S/D,230
472FA05E,MALACASI,PIURA,MORROPON,gfs,pp,20260822,20260920,"00Z,12Z",D1,6h,0.025,0.025,0.082,S/D,175
472FA05E,MALACASI,PIURA,MORROPON,eta5,pp,20260822,20260920,"00Z,12Z",D1,6h,0.058,0.058,0.235,S/D,204
472FA05E,MALACASI,PIURA,MORROPON,wrf5,pp,20260822,20260920,"00Z,12Z",D1,6h,0.005,0.005,0.028,S/D,230
472FA05E,MALACASI,PIURA,MORROPON,mpas15,pp,20260822,20260920,00Z,D1,6h,0.1,0.1,0.356,S/D,117
472F7636,MORROPON,PIURA,MORROPON,ecmwf,pp,20260822,20260920,"00Z,12Z",D1,6h,0.026,0.04,0.171,-0.059,232
472F7636,MORROPON,PIURA,MORROPON,gfs,pp,20260822,20260920,"00Z,12Z",D1,6h,0.001,0.01,0.069,-0.016,177
472F7636,MORROPON,PIURA,MORROPON,eta5,pp,20260822,20260920,"00Z,12Z",D1,6h,0.091,0.107,0.348,-0.051,206
472F7636,MORROPON,PIURA,MORROPON,wrf5,pp,20260822,20260920,"00Z,12Z",D1,6h,0.013,0.027,0.171,-0.026,232
472F7636,MORROPON,PIURA,MORROPON,mpas15,pp,20260822,20260920,00Z,D1,6h,0.092,0.105,0.331,-0.01,118
47E067B6,SALITRAL,PIURA,MORROPON,ecmwf,pp,20260822,20260920,"00Z,12Z",D1,6h,0.103,0.151,0.43,0.13,225
47E067B6,SALITRAL,PIURA,MORROPON,gfs,pp,20260822,20260920,"00Z,12Z",D1,6h,-0.005,0.05,0.24,0.205,172
47E067B6,SALITRAL,PIURA,MORROPON,eta5,pp,20260822,20260920,"00Z,12Z",D1,6h,0.041,0.071,0.266,0.07,198
47E067B6,SALITRAL,PIURA,MORROPON,wrf5,pp,20260822,20260920,"00Z,12Z",D1,6h,-0.025,0.028,0.221,0.275,224
47E067B6,SALITRAL,PIURA,MORROPON,mpas15,pp,20260822,20260920,00Z,D1,6h,0.077,0.103,0.366,0.211,114
47E08444,SAN PEDRO,PIURA,MORROPON,ecmwf,pp,20260822,20260920,"00Z,12Z",D1,6h,0.621,0.621,1.372,0.144,225
47E08444,SAN PEDRO,PIURA,MORROPON,gfs,pp,20260822,20260920,"00Z,12Z",D1,6h,0.088,0.092,0.224,0.065,172
47E08444,SAN PEDRO,PIURA,MORROPON,eta5,pp,20260822,20260920,"00Z,12Z",D1,6h,0.092,0.098,0.326,0.062,198
47E08444,SAN PEDRO,PIURA,MORROPON,wrf5,pp,20260822,20260920,"00Z,12Z",D1,6h,0.038,0.045,0.28,-0.036,224
47E08444,SAN PEDRO,PIURA,MORROPON,mpas15,pp,20260822,20260920,00Z,D1,6h,0.124,0.124,0.468,0.134,114
105145,SANTO DOMINGO,PIURA,MORROPON,ecmwf,pp,20260822,20260920,"00Z,12Z",D1,6h,0.11,0.11,0.238,S/D,6
105145,SANTO DOMINGO,PIURA,MORROPON,gfs,pp,20260822,20260920,"00Z,12Z",D1,6h,0.031,0.031,0.062,S/D,4
105145,SANTO DOMINGO,PIURA,MORROPON,eta5,pp,20260822,20260920,"00Z,12Z",D1,6h,0.0,0.0,0.0,S/D,5
105145,SANTO DOMINGO,PIURA,MORROPON,wrf5,pp,20260822,20260920,"00Z,12Z",D1,6h,0.503,0.503,0.832,S/D,6
105145,SANTO DOMINGO,PIURA,MORROPON,mpas15,pp,20260822,20260920,00Z,D1,6h,0.0,0.0,0.0,S/D,3
47E0B1DE,PUENTE SIMON RODRIGUEZ,PIURA,PAITA,ecmwf,pp,20260822,20260920,"00Z,12Z",D1,6h,0.008,0.009,0.068,-0.031,228
47E0B1DE,PUENTE SIMON RODRIGUEZ,PIURA,PAITA,gfs,pp,20260822,20260920,"00Z,12Z",D1,6h,-0.0,0.002,0.013,-0.012,174
47E0B1DE,PUENTE SIMON RODRIGUEZ,PIURA,PAITA,eta5,pp,20260822,20260920,"00Z,12Z",D1,6h,0.0,0.002,0.011,0.146,202
47E0B1DE,PUENTE SIMON RODRIGUEZ,PIURA,PAITA,wrf5,pp,20260822,20260920,"00Z,12Z",D1,6h,0.002,0.004,0.022,-0.022,229
47E0B1DE,PUENTE SIMON RODRIGUEZ,PIURA,PAITA,mpas15,pp,20260822,20260920,00Z,D1,6h,-0.001,0.001,0.009,-0.088,116
47E0E1A2,BOCATOMA CHIPILLICO,PIURA,PIURA,ecmwf,pp,20260822,20260920,"00Z,12Z",D1,6h,0.396,0.396,0.777,S/D,206
47E0E1A2,BOCATOMA CHIPILLICO,PIURA,PIURA,gfs,pp,20260822,20260920,"00Z,12Z",D1,6h,0.157,0.157,0.357,S/D,152
47E0E1A2,BOCATOMA CHIPILLICO,PIURA,PIURA,eta5,pp,20260822,20260920,"00Z,12Z",D1,6h,0.13,0.13,0.356,S/D,181
47E0E1A2,BOCATOMA CHIPILLICO,PIURA,PIURA,wrf5,pp,20260822,20260920,"00Z,12Z",D1,6h,0.024,0.024,0.214,S/D,206
47E0E1A2,BOCATOMA CHIPILLICO,PIURA,PIURA,mpas15,pp,20260822,20260920,00Z,D1,6h,0.112,0.112,0.4,S/D,105
47E0F2D4,LAGARTERA,PIURA,PIURA,ecmwf,pp,20260822,20260920,"00Z,12Z",D1,6h,0.345,0.348,0.721,0.192,218
47E0F2D4,LAGARTERA,PIURA,PIURA,gfs,pp,20260822,20260920,"00Z,12Z",D1,6h,0.133,0.141,0.337,0.061,167
47E0F2D4,LAGARTERA,PIURA,PIURA,eta5,pp,20260822,20260920,"00Z,12Z",D1,6h,0.115,0.129,0.353,-0.066,192
47E0F2D4,LAGARTERA,PIURA,PIURA,wrf5,pp,20260822,20260920,"00Z,12Z",D1,6h,0.017,0.031,0.188,0.231,219
47E0F2D4,LAGARTERA,PIURA,PIURA,mpas15,pp,20260822,20260920,00Z,D1,6h,0.098,0.11,0.387,0.148,111
105112,MIRAFLORES,PIURA,PIURA,ecmwf,pp,20260822,20260920,"00Z,12Z",D1,6h,S/D,S/D,S/D,S/D,0
105112,MIRAFLORES,PIURA,PIURA,gfs,pp,20260822,20260920,"00Z,12Z",D1,6h,S/D,S/D,S/D,S/D,0
105112,MIRAFLORES,PIURA,PIURA,eta5,pp,20260822,20260920,"00Z,12Z",D1,6h,S/D,S/D,S/D,S/D,0
105112,MIRAFLORES,PIURA,PIURA,wrf5,pp,20260822,20260920,"00Z,12Z",D1,6h,S/D,S/D,S/D,S/D,0
105112,MIRAFLORES,PIURA,PIURA,mpas15,pp,20260822,20260920,00Z,D1,6h,S/D,S/D,S/D,S/D,0
104113,PARTIDOR,PIURA,PIURA,ecmwf,pp,20260822,20260920,"00Z,12Z",D1,6h,0.003,0.003,0.004,S/D,6
104113,PARTIDOR,PIURA,PIURA,gfs,pp,20260822,20260920,"00Z,12Z",D1,6h,0.0,0.0,0.0,S/D,4
104113,PARTIDOR,PIURA,PIURA,eta5,pp,20260822,20260920,"00Z,12Z",D1,6h,0.0,0.0,0.0,S/D,6
104113,PARTIDOR,PIURA,PIURA,wrf5,pp,20260822,20260920,"00Z,12Z",D1,6h,0.002,0.002,0.004,S/D,6
104113,PARTIDOR,PIURA,PIURA,mpas15,pp,20260822,20260920,00Z,D1,6h,0.0,0.0,0.0,S/D,3
105143,SAN MIGUEL,PIURA,PIURA,ecmwf,pp,20260822,20260920,"00Z,12Z",D1,6h,0.005,0.005,0.023,S/D,234
105143,SAN MIGUEL,PIURA,PIURA,gfs,pp,20260822,20260920,"00Z,12Z",D1,6h,0.001,0.001,0.007,S/D,178
105143,SAN MIGUEL,PIURA,PIURA,eta5,pp,20260822,20260920,"00Z,12Z",D1,6h,0.001,0.001,0.006,S/D,207
105143,SAN MIGUEL,PIURA,PIURA,wrf5,pp,20260822,20260920,"00Z,12Z",D1,6h,0.002,0.002,0.014,S/D,234
105143,SAN MIGUEL,PIURA,PIURA,mpas15,pp,20260822,20260920,00Z,D1,6h,0.0,0.0,0.0,S/D,119
47E0522C,TAMBO GRANDE,PIURA,PIURA,ecmwf,pp,20260822,20260920,"00Z,12Z",D1,6h,0.055,0.057,0.225,0.088,223
47E0522C,TAMBO GRANDE,PIURA,PIURA,gfs,pp,20260822,20260920,"00Z,12Z",D1,6h,0.006,0.008,0.054,-0.013,171
47E0522C,TAMBO GRANDE,PIURA,PIURA,eta5,pp,20260822,20260920,"00Z,12Z",D1,6h,0.01,0.012,0.063,-0.04,196
47E0522C,TAMBO GRANDE,PIURA,PIURA,wrf5,pp,20260822,20260920,"00Z,12Z",D1,6h,0.003,0.004,0.023,-0.025,222
47E0522C,TAMBO GRANDE,PIURA,PIURA,mpas15,pp,20260822,20260920,00Z,D1,6h,0.008,0.01,0.095,0.08,113
105144,BERNAL,PIURA,SECHURA,ecmwf,pp,20260822,20260920,"00Z,12Z",D1,6h,0.001,0.001,0.002,S/D,10
105144,BERNAL,PIURA,SECHURA,gfs,pp,20260822,20260920,"00Z,12Z",D1,6h,0.014,0.014,0.029,S/D,9
105144,BERNAL,PIURA,SECHURA,eta5,pp,20260822,20260920,"00Z,12Z",D1,6h,0.001,0.001,0.002,S/D,10
105144,BERNAL,PIURA,SECHURA,wrf5,pp,20260822,20260920,"00Z,12Z",D1,6h,0.03,0.03,0.081,S/D,10
105144,BERNAL,PIURA,SECHURA,mpas15,pp,20260822,20260920,00Z,D1,6h,0.0,0.0,0.0,S/D,5
105120,CHUSIS,PIURA,SECHURA,ecmwf,pp,20260822,20260920,"00Z,12Z",D1,6h,0.0,0.0,0.0,S/D,2
105120,CHUSIS,PIURA,SECHURA,gfs,pp,20260822,20260920,"00Z,12Z",D1,6h,0.0,0.0,0.0,S/D,1
105120,CHUSIS,PIURA,SECHURA,eta5,pp,20260822,20260920,"00Z,12Z",D1,6h,0.004,0.004,0.006,S/D,2
105120,CHUSIS,PIURA,SECHURA,wrf5,pp,20260822,20260920,"00Z,12Z",D1,6h,0.0,0.0,0.0,S/D,2
105120,CHUSIS,PIURA,SECHURA,mpas15,pp,20260822,20260920,00Z,D1,6h,0.0,0.0,0.0,S/D,1
47E0D438,ALAMOR,PIURA,SULLANA,ecmwf,pp,20260822,20260920,"00Z,12Z",D1,6h,0.012,0.038,0.131,-0.035,226
47E0D438,ALAMOR,PIURA,SULLANA,gfs,pp,20260822,20260920,"00Z,12Z",D1,6h,-0.007,0.023,0.109,-0.045,172
47E0D438,ALAMOR,PIURA,SULLANA,eta5,pp,20260822,20260920,"00Z,12Z",D1,6h,0.044,0.061,0.208,0.229,200
47E0D438,ALAMOR,PIURA,SULLANA,wrf5,pp,20260822,20260920,"00Z,12Z",D1,6h,0.002,0.029,0.128,-0.102,227
47E0D438,ALAMOR,PIURA,SULLANA,mpas15,pp,20260822,20260920,00Z,D1,6h,0.1,0.124,0.427,-0.005,115
47E09732,LA ARDILLA,PIURA,SULLANA,ecmwf,pp,20260822,20260920,"00Z,12Z",D1,6h,-0.018,0.06,0.384,0.09,185
47E09732,LA ARDILLA,PIURA,SULLANA,gfs,pp,20260822,20260920,"00Z,12Z",D1,6h,-0.017,0.033,0.306,-0.016,144
47E09732,LA ARDILLA,PIURA,SULLANA,eta5,pp,20260822,20260920,"00Z,12Z",D1,6h,0.022,0.107,0.443,0.06,165
47E09732,LA ARDILLA,PIURA,SULLANA,wrf5,pp,20260822,20260920,"00Z,12Z",D1,6h,-0.031,0.047,0.378,-0.045,184
47E09732,LA ARDILLA,PIURA,SULLANA,mpas15,pp,20260822,20260920,00Z,D1,6h,0.087,0.163,0.586,0.129,94
472FD6CE,LANCONES,PIURA,SULLANA,ecmwf,pp,20260822,20260920,"00Z,12Z",D1,6h,0.008,0.008,0.031,S/D,230
472FD6CE,LANCONES,PIURA,SULLANA,gfs,pp,20260822,20260920,"00Z,12Z",D1,6h,0.001,0.001,0.007,S/D,176
472FD6CE,LANCONES,PIURA,SULLANA,eta5,pp,20260822,20260920,"00Z,12Z",D1,6h,0.01,0.01,0.066,S/D,204
472FD6CE,LANCONES,PIURA,SULLANA,wrf5,pp,20260822,20260920,"00Z,12Z",D1,6h,0.008,0.008,0.041,S/D,230
472FD6CE,LANCONES,PIURA,SULLANA,mpas15,pp,20260822,20260920,00Z,D1,6h,0.028,0.028,0.162,S/D,117
270202,PUENTE AZANGARO,PUNO,AZANGARO,ecmwf,pp,20260822,20260920,"00Z,12Z",D1,6h,0.185,0.492,1.408,0.468,228
270202,PUENTE AZANGARO,PUNO,AZANGARO,gfs,pp,20260822,20260920,"00Z,12Z",D1,6h,0.233,0.422,1.099,0.555,175
270202,PUENTE AZANGARO,PUNO,AZANGARO,eta5,pp,20260822,20260920,"00Z,12Z",D1,6h,-0.041,0.346,1.318,0.606,202
270202,PUENTE AZANGARO,PUNO,AZANGARO,wrf5,pp,20260822,20260920,"00Z,12Z",D1,6h,0.234,0.504,1.647,0.515,228
270202,PUENTE AZANGARO,PUNO,AZANGARO,mpas15,pp,20260822,20260920,00Z,D1,6h,0.277,0.697,1.814,0.296,116
4721AAE4,AYMAÑA,PUNO,CARABAYA,ecmwf,pp,20260822,20260920,"00Z,12Z",D1,6h,0.091,0.602,1.808,0.393,226
4721AAE4,AYMAÑA,PUNO,CARABAYA,gfs,pp,20260822,20260920,"00Z,12Z",D1,6h,0.477,0.993,2.326,0.405,173
4721AAE4,AYMAÑA,PUNO,CARABAYA,eta5,pp,20260822,20260920,"00Z,12Z",D1,6h,-0.082,0.593,1.862,0.167,200
4721AAE4,AYMAÑA,PUNO,CARABAYA,wrf5,pp,20260822,20260920,"00Z,12Z",D1,6h,-0.131,0.402,1.698,0.413,227
4721AAE4,AYMAÑA,PUNO,CARABAYA,mpas15,pp,20260822,20260920,00Z,D1,6h,0.389,0.843,1.875,0.406,115
114137,CRUCERO,PUNO,CARABAYA,ecmwf,pp,20260822,20260920,"00Z,12Z",D1,6h,0.402,0.494,1.099,0.43,234
114137,CRUCERO,PUNO,CARABAYA,gfs,pp,20260822,20260920,"00Z,12Z",D1,6h,0.408,0.533,1.3,0.335,178
114137,CRUCERO,PUNO,CARABAYA,eta5,pp,20260822,20260920,"00Z,12Z",D1,6h,-0.017,0.181,0.521,0.428,207
114137,CRUCERO,PUNO,CARABAYA,wrf5,pp,20260822,20260920,"00Z,12Z",D1,6h,0.206,0.328,0.977,0.471,234
114137,CRUCERO,PUNO,CARABAYA,mpas15,pp,20260822,20260920,00Z,D1,6h,0.478,0.57,1.173,0.371,119
4721B992,UPINA,PUNO,CARABAYA,ecmwf,pp,20260822,20260920,"00Z,12Z",D1,6h,0.472,0.666,1.199,0.236,226
4721B992,UPINA,PUNO,CARABAYA,gfs,pp,20260822,20260920,"00Z,12Z",D1,6h,0.579,0.792,1.83,0.281,172
4721B992,UPINA,PUNO,CARABAYA,eta5,pp,20260822,20260920,"00Z,12Z",D1,6h,0.107,0.495,1.026,0.101,200
4721B992,UPINA,PUNO,CARABAYA,wrf5,pp,20260822,20260920,"00Z,12Z",D1,6h,0.088,0.402,1.359,0.425,227
4721B992,UPINA,PUNO,CARABAYA,mpas15,pp,20260822,20260920,00Z,D1,6h,1.414,1.551,3.288,0.181,115
210003,HUANCASAYA,PUNO,HUANCANE,ecmwf,pp,20260822,20260920,"00Z,12Z",D1,6h,0.3,0.41,0.972,0.548,218
210003,HUANCASAYA,PUNO,HUANCANE,gfs,pp,20260822,20260920,"00Z,12Z",D1,6h,0.662,0.712,1.393,0.64,165
210003,HUANCASAYA,PUNO,HUANCANE,eta5,pp,20260822,20260920,"00Z,12Z",D1,6h,0.011,0.206,0.542,0.576,194
210003,HUANCASAYA,PUNO,HUANCANE,wrf5,pp,20260822,20260920,"00Z,12Z",D1,6h,0.855,0.893,2.379,0.643,218
210003,HUANCASAYA,PUNO,HUANCANE,mpas15,pp,20260822,20260920,00Z,D1,6h,1.163,1.215,2.752,0.456,111
47251282,PUENTE CARRETERA RAMIS,PUNO,HUANCANE,ecmwf,pp,20260822,20260920,"00Z,12Z",D1,6h,0.115,0.308,0.899,0.428,212
47251282,PUENTE CARRETERA RAMIS,PUNO,HUANCANE,gfs,pp,20260822,20260920,"00Z,12Z",D1,6h,0.294,0.558,1.881,0.476,160
47251282,PUENTE CARRETERA RAMIS,PUNO,HUANCANE,eta5,pp,20260822,20260920,"00Z,12Z",D1,6h,0.094,0.357,1.085,0.534,189
47251282,PUENTE CARRETERA RAMIS,PUNO,HUANCANE,wrf5,pp,20260822,20260920,"00Z,12Z",D1,6h,0.318,0.434,1.511,0.512,212
47251282,PUENTE CARRETERA RAMIS,PUNO,HUANCANE,mpas15,pp,20260822,20260920,00Z,D1,6h,0.233,0.463,1.197,0.35,108
472E37C6,PALCA,PUNO,LAMPA,ecmwf,pp,20260822,20260920,"00Z,12Z",D1,6h,0.22,0.243,0.643,0.41,226
472E37C6,PALCA,PUNO,LAMPA,gfs,pp,20260822,20260920,"00Z,12Z",D1,6h,0.386,0.43,1.263,0.48,172
472E37C6,PALCA,PUNO,LAMPA,eta5,pp,20260822,20260920,"00Z,12Z",D1,6h,0.124,0.197,0.478,0.438,200
472E37C6,PALCA,PUNO,LAMPA,wrf5,pp,20260822,20260920,"00Z,12Z",D1,6h,0.333,0.386,1.198,0.397,227
472E37C6,PALCA,PUNO,LAMPA,mpas15,pp,20260822,20260920,00Z,D1,6h,0.253,0.31,0.717,0.229,115
472DE6A0,PAMPAHUTA,PUNO,LAMPA,ecmwf,pp,20260822,20260920,"00Z,12Z",D1,6h,0.059,0.192,0.596,0.427,224
472DE6A0,PAMPAHUTA,PUNO,LAMPA,gfs,pp,20260822,20260920,"00Z,12Z",D1,6h,0.399,0.634,1.544,0.479,171
472DE6A0,PAMPAHUTA,PUNO,LAMPA,eta5,pp,20260822,20260920,"00Z,12Z",D1,6h,-0.066,0.269,0.946,0.442,200
472DE6A0,PAMPAHUTA,PUNO,LAMPA,wrf5,pp,20260822,20260920,"00Z,12Z",D1,6h,0.154,0.29,0.934,0.453,225
472DE6A0,PAMPAHUTA,PUNO,LAMPA,mpas15,pp,20260822,20260920,00Z,D1,6h,0.104,0.257,0.697,0.363,114
114134,ANANSAYA -PUNA,PUNO,MELGAR,ecmwf,pp,20260822,20260920,"00Z,12Z",D1,6h,0.055,0.055,0.106,S/D,14
114134,ANANSAYA -PUNA,PUNO,MELGAR,gfs,pp,20260822,20260920,"00Z,12Z",D1,6h,0.531,0.531,1.255,S/D,12
114134,ANANSAYA -PUNA,PUNO,MELGAR,eta5,pp,20260822,20260920,"00Z,12Z",D1,6h,0.0,0.0,0.0,S/D,13
114134,ANANSAYA -PUNA,PUNO,MELGAR,wrf5,pp,20260822,20260920,"00Z,12Z",D1,6h,0.388,0.388,1.196,S/D,14
114134,ANANSAYA -PUNA,PUNO,MELGAR,mpas15,pp,20260822,20260920,00Z,D1,6h,0.286,0.286,0.463,S/D,7
47256412,ENAFER,PUNO,PUNO,ecmwf,pp,20260822,20260920,"00Z,12Z",D1,6h,S/D,S/D,S/D,S/D,0
47256412,ENAFER,PUNO,PUNO,gfs,pp,20260822,20260920,"00Z,12Z",D1,6h,S/D,S/D,S/D,S/D,0
47256412,ENAFER,PUNO,PUNO,eta5,pp,20260822,20260920,"00Z,12Z",D1,6h,S/D,S/D,S/D,S/D,0
47256412,ENAFER,PUNO,PUNO,wrf5,pp,20260822,20260920,"00Z,12Z",D1,6h,S/D,S/D,S/D,S/D,0
47256412,ENAFER,PUNO,PUNO,mpas15,pp,20260822,20260920,00Z,D1,6h,S/D,S/D,S/D,S/D,0
472E4156,ILLPA,PUNO,PUNO,ecmwf,pp,20260822,20260920,"00Z,12Z",D1,6h,0.197,0.26,0.711,0.346,220
472E4156,ILLPA,PUNO,PUNO,gfs,pp,20260822,20260920,"00Z,12Z",D1,6h,0.413,0.44,1.312,0.44,167
472E4156,ILLPA,PUNO,PUNO,eta5,pp,20260822,20260920,"00Z,12Z",D1,6h,0.075,0.211,0.532,0.322,195
472E4156,ILLPA,PUNO,PUNO,wrf5,pp,20260822,20260920,"00Z,12Z",D1,6h,0.27,0.292,1.087,0.477,221
472E4156,ILLPA,PUNO,PUNO,mpas15,pp,20260822,20260920,00Z,D1,6h,0.402,0.477,1.373,0.228,112
472CB426,LARAQUERI,PUNO,PUNO,ecmwf,pp,20260822,20260920,"00Z,12Z",D1,6h,0.212,0.24,0.745,0.403,224
472CB426,LARAQUERI,PUNO,PUNO,gfs,pp,20260822,20260920,"00Z,12Z",D1,6h,0.533,0.533,1.763,0.465,171
472CB426,LARAQUERI,PUNO,PUNO,eta5,pp,20260822,20260920,"00Z,12Z",D1,6h,0.1,0.17,0.436,0.486,199
472CB426,LARAQUERI,PUNO,PUNO,wrf5,pp,20260822,20260920,"00Z,12Z",D1,6h,0.326,0.342,1.298,0.461,225
472CB426,LARAQUERI,PUNO,PUNO,mpas15,pp,20260822,20260920,00Z,D1,6h,0.348,0.373,1.202,0.34,114
472DD33A,PUNO,PUNO,PUNO,ecmwf,pp,20260822,20260920,"00Z,12Z",D1,6h,0.205,0.27,0.789,0.364,222
472DD33A,PUNO,PUNO,PUNO,gfs,pp,20260822,20260920,"00Z,12Z",D1,6h,0.433,0.462,1.448,0.403,168
472DD33A,PUNO,PUNO,PUNO,eta5,pp,20260822,20260920,"00Z,12Z",D1,6h,0.045,0.202,0.635,0.366,197
472DD33A,PUNO,PUNO,PUNO,wrf5,pp,20260822,20260920,"00Z,12Z",D1,6h,0.32,0.364,1.324,0.442,223
472DD33A,PUNO,PUNO,PUNO,mpas15,pp,20260822,20260920,00Z,D1,6h,0.394,0.461,1.491,0.347,113
115156,CABANILLAS,PUNO,SAN ROMAN,ecmwf,pp,20260822,20260920,"00Z,12Z",D1,6h,-0.032,0.21,0.611,0.287,234
115156,CABANILLAS,PUNO,SAN ROMAN,gfs,pp,20260822,20260920,"00Z,12Z",D1,6h,0.21,0.433,1.2,0.309,178
115156,CABANILLAS,PUNO,SAN ROMAN,eta5,pp,20260822,20260920,"00Z,12Z",D1,6h,-0.027,0.297,0.762,0.283,207
115156,CABANILLAS,PUNO,SAN ROMAN,wrf5,pp,20260822,20260920,"00Z,12Z",D1,6h,0.063,0.325,1.235,0.278,234
115156,CABANILLAS,PUNO,SAN ROMAN,mpas15,pp,20260822,20260920,00Z,D1,6h,0.193,0.378,0.817,0.138,119
472CF72C,JULIACA,PUNO,SAN ROMAN,ecmwf,pp,20260822,20260920,"00Z,12Z",D1,6h,0.106,0.175,0.482,0.462,222
472CF72C,JULIACA,PUNO,SAN ROMAN,gfs,pp,20260822,20260920,"00Z,12Z",D1,6h,0.258,0.31,0.956,0.482,169
472CF72C,JULIACA,PUNO,SAN ROMAN,eta5,pp,20260822,20260920,"00Z,12Z",D1,6h,0.059,0.176,0.455,0.557,196
472CF72C,JULIACA,PUNO,SAN ROMAN,wrf5,pp,20260822,20260920,"00Z,12Z",D1,6h,0.279,0.367,1.692,0.484,223
472CF72C,JULIACA,PUNO,SAN ROMAN,mpas15,pp,20260822,20260920,00Z,D1,6h,0.243,0.283,0.768,0.317,113
107142,BELLAVISTA,SAN MARTIN,BELLAVISTA,ecmwf,pp,20260822,20260920,"00Z,12Z",D1,6h,S/D,S/D,S/D,S/D,0
107142,BELLAVISTA,SAN MARTIN,BELLAVISTA,gfs,pp,20260822,20260920,"00Z,12Z",D1,6h,S/D,S/D,S/D,S/D,0
107142,BELLAVISTA,SAN MARTIN,BELLAVISTA,eta5,pp,20260822,20260920,"00Z,12Z",D1,6h,S/D,S/D,S/D,S/D,0
107142,BELLAVISTA,SAN MARTIN,BELLAVISTA,wrf5,pp,20260822,20260920,"00Z,12Z",D1,6h,S/D,S/D,S/D,S/D,0
107142,BELLAVISTA,SAN MARTIN,BELLAVISTA,mpas15,pp,20260822,20260920,00Z,D1,6h,S/D,S/D,S/D,S/D,0
210006,SHANAO,SAN MARTIN,LAMAS,ecmwf,pp,20260822,20260920,"00Z,12Z",D1,6h,S/D,S/D,S/D,S/D,0
210006,SHANAO,SAN MARTIN,LAMAS,gfs,pp,20260822,20260920,"00Z,12Z",D1,6h,S/D,S/D,S/D,S/D,0
210006,SHANAO,SAN MARTIN,LAMAS,eta5,pp,20260822,20260920,"00Z,12Z",D1,6h,S/D,S/D,S/D,S/D,0
210006,SHANAO,SAN MARTIN,LAMAS,wrf5,pp,20260822,20260920,"00Z,12Z",D1,6h,S/D,S/D,S/D,S/D,0
210006,SHANAO,SAN MARTIN,LAMAS,mpas15,pp,20260822,20260920,00Z,D1,6h,S/D,S/D,S/D,S/D,0
106144,JEPELACIO,SAN MARTIN,MOYOBAMBA,ecmwf,pp,20260822,20260920,"00Z,12Z",D1,6h,S/D,S/D,S/D,S/D,0
106144,JEPELACIO,SAN MARTIN,MOYOBAMBA,gfs,pp,20260822,20260920,"00Z,12Z",D1,6h,S/D,S/D,S/D,S/D,0
106144,JEPELACIO,SAN MARTIN,MOYOBAMBA,eta5,pp,20260822,20260920,"00Z,12Z",D1,6h,S/D,S/D,S/D,S/D,0
106144,JEPELACIO,SAN MARTIN,MOYOBAMBA,wrf5,pp,20260822,20260920,"00Z,12Z",D1,6h,S/D,S/D,S/D,S/D,0
106144,JEPELACIO,SAN MARTIN,MOYOBAMBA,mpas15,pp,20260822,20260920,00Z,D1,6h,S/D,S/D,S/D,S/D,0
106145,TINGO DE PONAZA,SAN MARTIN,PICOTA,ecmwf,pp,20260822,20260920,"00Z,12Z",D1,6h,S/D,S/D,S/D,S/D,0
106145,TINGO DE PONAZA,SAN MARTIN,PICOTA,gfs,pp,20260822,20260920,"00Z,12Z",D1,6h,S/D,S/D,S/D,S/D,0
106145,TINGO DE PONAZA,SAN MARTIN,PICOTA,eta5,pp,20260822,20260920,"00Z,12Z",D1,6h,S/D,S/D,S/D,S/D,0
106145,TINGO DE PONAZA,SAN MARTIN,PICOTA,wrf5,pp,20260822,20260920,"00Z,12Z",D1,6h,S/D,S/D,S/D,S/D,0
106145,TINGO DE PONAZA,SAN MARTIN,PICOTA,mpas15,pp,20260822,20260920,00Z,D1,6h,S/D,S/D,S/D,S/D,0
4724851A,NARANJILLO,SAN MARTIN,RIOJA,ecmwf,pp,20260822,20260920,"00Z,12Z",D1,6h,0.592,2.087,4.366,0.345,208
4724851A,NARANJILLO,SAN MARTIN,RIOJA,gfs,pp,20260822,20260920,"00Z,12Z",D1,6h,0.089,1.724,3.901,0.267,157
4724851A,NARANJILLO,SAN MARTIN,RIOJA,eta5,pp,20260822,20260920,"00Z,12Z",D1,6h,-0.812,1.546,4.402,0.232,183
4724851A,NARANJILLO,SAN MARTIN,RIOJA,wrf5,pp,20260822,20260920,"00Z,12Z",D1,6h,-0.497,1.413,4.338,0.442,209
4724851A,NARANJILLO,SAN MARTIN,RIOJA,mpas15,pp,20260822,20260920,00Z,D1,6h,0.153,1.6,3.643,0.369,106
4723013A,EL PORVENIR,SAN MARTIN,SAN MARTIN,ecmwf,pp,20260822,20260920,"00Z,12Z",D1,6h,1.587,1.751,4.842,0.444,220
4723013A,EL PORVENIR,SAN MARTIN,SAN MARTIN,gfs,pp,20260822,20260920,"00Z,12Z",D1,6h,0.681,1.207,2.819,0.393,167
4723013A,EL PORVENIR,SAN MARTIN,SAN MARTIN,eta5,pp,20260822,20260920,"00Z,12Z",D1,6h,-0.004,0.848,2.294,0.215,195
4723013A,EL PORVENIR,SAN MARTIN,SAN MARTIN,wrf5,pp,20260822,20260920,"00Z,12Z",D1,6h,-0.121,0.611,2.533,0.491,221
4723013A,EL PORVENIR,SAN MARTIN,SAN MARTIN,mpas15,pp,20260822,20260920,00Z,D1,6h,0.775,1.013,2.037,0.324,112
47E2E456,TOCACHE,SAN MARTIN,TOCACHE,ecmwf,pp,20260822,20260920,"00Z,12Z",D1,6h,0.954,1.66,3.969,0.366,228
47E2E456,TOCACHE,SAN MARTIN,TOCACHE,gfs,pp,20260822,20260920,"00Z,12Z",D1,6h,0.74,1.667,3.632,0.388,174
47E2E456,TOCACHE,SAN MARTIN,TOCACHE,eta5,pp,20260822,20260920,"00Z,12Z",D1,6h,0.104,1.094,2.977,0.122,202
47E2E456,TOCACHE,SAN MARTIN,TOCACHE,wrf5,pp,20260822,20260920,"00Z,12Z",D1,6h,0.57,1.476,5.169,0.292,228
47E2E456,TOCACHE,SAN MARTIN,TOCACHE,mpas15,pp,20260822,20260920,00Z,D1,6h,2.147,2.827,5.073,0.373,116
47E2C2BA,CANDARAVE,TACNA,CANDARAVE,ecmwf,pp,20260822,20260920,"00Z,12Z",D1,6h,0.049,0.049,0.215,0.157,228
47E2C2BA,CANDARAVE,TACNA,CANDARAVE,gfs,pp,20260822,20260920,"00Z,12Z",D1,6h,0.123,0.123,0.479,0.189,174
47E2C2BA,CANDARAVE,TACNA,CANDARAVE,eta5,pp,20260822,20260920,"00Z,12Z",D1,6h,0.021,0.021,0.114,0.341,202
47E2C2BA,CANDARAVE,TACNA,CANDARAVE,wrf5,pp,20260822,20260920,"00Z,12Z",D1,6h,0.032,0.036,0.301,-0.02,228
47E2C2BA,CANDARAVE,TACNA,CANDARAVE,mpas15,pp,20260822,20260920,00Z,D1,6h,0.046,0.049,0.251,0.116,116
47E1654C,CORACHAY II,TACNA,CANDARAVE,ecmwf,pp,20260822,20260920,"00Z,12Z",D1,6h,0.158,0.159,0.624,0.188,223
47E1654C,CORACHAY II,TACNA,CANDARAVE,gfs,pp,20260822,20260920,"00Z,12Z",D1,6h,0.258,0.258,1.018,0.307,171
47E1654C,CORACHAY II,TACNA,CANDARAVE,eta5,pp,20260822,20260920,"00Z,12Z",D1,6h,0.025,0.025,0.13,0.353,196
47E1654C,CORACHAY II,TACNA,CANDARAVE,wrf5,pp,20260822,20260920,"00Z,12Z",D1,6h,0.087,0.087,0.528,0.354,222
47E1654C,CORACHAY II,TACNA,CANDARAVE,mpas15,pp,20260822,20260920,00Z,D1,6h,0.096,0.097,0.369,0.052,113
47E12646,LAGUNA ARICOTA,TACNA,CANDARAVE,ecmwf,pp,20260822,20260920,"00Z,12Z",D1,6h,0.049,0.05,0.218,S/D,223
47E12646,LAGUNA ARICOTA,TACNA,CANDARAVE,gfs,pp,20260822,20260920,"00Z,12Z",D1,6h,0.121,0.121,0.48,S/D,171
47E12646,LAGUNA ARICOTA,TACNA,CANDARAVE,eta5,pp,20260822,20260920,"00Z,12Z",D1,6h,0.007,0.007,0.047,S/D,196
47E12646,LAGUNA ARICOTA,TACNA,CANDARAVE,wrf5,pp,20260822,20260920,"00Z,12Z",D1,6h,0.028,0.028,0.27,S/D,222
47E12646,LAGUNA ARICOTA,TACNA,CANDARAVE,mpas15,pp,20260822,20260920,00Z,D1,6h,0.018,0.018,0.133,S/D,113
47E186BE,PUENTE VIEJO,TACNA,JORGE BASADRE,ecmwf,pp,20260822,20260920,"00Z,12Z",D1,6h,-0.336,0.376,2.153,0.022,226
47E186BE,PUENTE VIEJO,TACNA,JORGE BASADRE,gfs,pp,20260822,20260920,"00Z,12Z",D1,6h,-0.415,0.415,2.445,0.207,172
47E186BE,PUENTE VIEJO,TACNA,JORGE BASADRE,eta5,pp,20260822,20260920,"00Z,12Z",D1,6h,-0.276,0.276,1.703,-0.027,200
47E186BE,PUENTE VIEJO,TACNA,JORGE BASADRE,wrf5,pp,20260822,20260920,"00Z,12Z",D1,6h,-0.362,0.364,2.154,0.04,227
47E186BE,PUENTE VIEJO,TACNA,JORGE BASADRE,mpas15,pp,20260822,20260920,00Z,D1,6h,-0.354,0.363,2.14,-0.011,115
47E2B42A,BOCATOMA EL AYRO,TACNA,TACNA,ecmwf,pp,20260822,20260920,"00Z,12Z",D1,6h,0.14,0.158,0.716,0.436,228
47E2B42A,BOCATOMA EL AYRO,TACNA,TACNA,gfs,pp,20260822,20260920,"00Z,12Z",D1,6h,0.248,0.252,1.062,0.497,175
47E2B42A,BOCATOMA EL AYRO,TACNA,TACNA,eta5,pp,20260822,20260920,"00Z,12Z",D1,6h,0.028,0.055,0.228,0.44,202
47E2B42A,BOCATOMA EL AYRO,TACNA,TACNA,wrf5,pp,20260822,20260920,"00Z,12Z",D1,6h,0.143,0.172,0.881,0.569,228
47E2B42A,BOCATOMA EL AYRO,TACNA,TACNA,mpas15,pp,20260822,20260920,00Z,D1,6h,0.205,0.212,1.087,0.356,116
47E143A0,CAPLINA,TACNA,TACNA,ecmwf,pp,20260822,20260920,"00Z,12Z",D1,6h,0.008,0.018,0.079,0.303,221
47E143A0,CAPLINA,TACNA,TACNA,gfs,pp,20260822,20260920,"00Z,12Z",D1,6h,0.042,0.044,0.227,0.545,170
47E143A0,CAPLINA,TACNA,TACNA,eta5,pp,20260822,20260920,"00Z,12Z",D1,6h,0.017,0.019,0.103,0.485,195
47E143A0,CAPLINA,TACNA,TACNA,wrf5,pp,20260822,20260920,"00Z,12Z",D1,6h,0.07,0.071,0.505,0.633,220
47E143A0,CAPLINA,TACNA,TACNA,mpas15,pp,20260822,20260920,00Z,D1,6h,0.072,0.076,0.384,0.214,112
47E13530,CERRO BLANCO,TACNA,TACNA,ecmwf,pp,20260822,20260920,"00Z,12Z",D1,6h,-0.043,0.055,0.193,0.352,223
47E13530,CERRO BLANCO,TACNA,TACNA,gfs,pp,20260822,20260920,"00Z,12Z",D1,6h,-0.047,0.047,0.179,-0.027,170
47E13530,CERRO BLANCO,TACNA,TACNA,eta5,pp,20260822,20260920,"00Z,12Z",D1,6h,-0.059,0.059,0.217,S/D,196
47E13530,CERRO BLANCO,TACNA,TACNA,wrf5,pp,20260822,20260920,"00Z,12Z",D1,6h,-0.052,0.055,0.204,0.361,222
47E13530,CERRO BLANCO,TACNA,TACNA,mpas15,pp,20260822,20260920,00Z,D1,6h,-0.053,0.053,0.203,0.036,113
47E195C8,CHALLATA,TACNA,TACNA,ecmwf,pp,20260822,20260920,"00Z,12Z",D1,6h,0.015,0.015,0.078,S/D,221
47E195C8,CHALLATA,TACNA,TACNA,gfs,pp,20260822,20260920,"00Z,12Z",D1,6h,0.05,0.05,0.266,S/D,169
47E195C8,CHALLATA,TACNA,TACNA,eta5,pp,20260822,20260920,"00Z,12Z",D1,6h,0.0,0.0,0.003,S/D,194
47E195C8,CHALLATA,TACNA,TACNA,wrf5,pp,20260822,20260920,"00Z,12Z",D1,6h,0.004,0.004,0.045,S/D,220
47E195C8,CHALLATA,TACNA,TACNA,mpas15,pp,20260822,20260920,00Z,D1,6h,0.0,0.0,0.0,S/D,112
4722F344,LA TRANCA,TACNA,TACNA,ecmwf,pp,20260822,20260920,"00Z,12Z",D1,6h,S/D,S/D,S/D,S/D,0
4722F344,LA TRANCA,TACNA,TACNA,gfs,pp,20260822,20260920,"00Z,12Z",D1,6h,S/D,S/D,S/D,S/D,0
4722F344,LA TRANCA,TACNA,TACNA,eta5,pp,20260822,20260920,"00Z,12Z",D1,6h,S/D,S/D,S/D,S/D,0
4722F344,LA TRANCA,TACNA,TACNA,wrf5,pp,20260822,20260920,"00Z,12Z",D1,6h,S/D,S/D,S/D,S/D,0
4722F344,LA TRANCA,TACNA,TACNA,mpas15,pp,20260822,20260920,00Z,D1,6h,S/D,S/D,S/D,S/D,0
47E113DC,REPRESA PAUCARANI,TACNA,TACNA,ecmwf,pp,20260822,20260920,"00Z,12Z",D1,6h,0.15,0.154,0.719,0.446,223
47E113DC,REPRESA PAUCARANI,TACNA,TACNA,gfs,pp,20260822,20260920,"00Z,12Z",D1,6h,0.211,0.216,0.94,0.566,171
47E113DC,REPRESA PAUCARANI,TACNA,TACNA,eta5,pp,20260822,20260920,"00Z,12Z",D1,6h,0.047,0.053,0.277,0.449,197
47E113DC,REPRESA PAUCARANI,TACNA,TACNA,wrf5,pp,20260822,20260920,"00Z,12Z",D1,6h,0.17,0.174,0.949,0.579,222
47E113DC,REPRESA PAUCARANI,TACNA,TACNA,mpas15,pp,20260822,20260920,00Z,D1,6h,0.079,0.084,0.435,0.297,113
117059,ANCOAQUE,TACNA,TARATA,ecmwf,pp,20260822,20260920,"00Z,12Z",D1,6h,0.116,0.12,0.501,0.287,178
117059,ANCOAQUE,TACNA,TARATA,gfs,pp,20260822,20260920,"00Z,12Z",D1,6h,0.237,0.24,0.995,0.404,148
117059,ANCOAQUE,TACNA,TARATA,eta5,pp,20260822,20260920,"00Z,12Z",D1,6h,0.03,0.039,0.174,0.375,155
117059,ANCOAQUE,TACNA,TARATA,wrf5,pp,20260822,20260920,"00Z,12Z",D1,6h,0.167,0.176,0.972,0.379,177
117059,ANCOAQUE,TACNA,TARATA,mpas15,pp,20260822,20260920,00Z,D1,6h,0.416,0.42,1.643,0.277,90
47E292C6,CHUAPALCA,TACNA,TARATA,ecmwf,pp,20260822,20260920,"00Z,12Z",D1,6h,0.127,0.129,0.604,0.264,227
47E292C6,CHUAPALCA,TACNA,TARATA,gfs,pp,20260822,20260920,"00Z,12Z",D1,6h,0.321,0.324,1.383,0.27,173
47E292C6,CHUAPALCA,TACNA,TARATA,eta5,pp,20260822,20260920,"00Z,12Z",D1,6h,0.059,0.064,0.255,0.33,200
47E292C6,CHUAPALCA,TACNA,TARATA,wrf5,pp,20260822,20260920,"00Z,12Z",D1,6h,0.158,0.163,1.015,0.26,226
47E292C6,CHUAPALCA,TACNA,TARATA,mpas15,pp,20260822,20260920,00Z,D1,6h,0.341,0.346,1.436,0.135,115
47E150D6,PUENTE TALAPALCA,TACNA,TARATA,ecmwf,pp,20260822,20260920,"00Z,12Z",D1,6h,0.005,0.005,0.028,S/D,217
47E150D6,PUENTE TALAPALCA,TACNA,TARATA,gfs,pp,20260822,20260920,"00Z,12Z",D1,6h,0.011,0.011,0.066,S/D,168
47E150D6,PUENTE TALAPALCA,TACNA,TARATA,eta5,pp,20260822,20260920,"00Z,12Z",D1,6h,0.006,0.006,0.048,S/D,191
47E150D6,PUENTE TALAPALCA,TACNA,TARATA,wrf5,pp,20260822,20260920,"00Z,12Z",D1,6h,0.004,0.004,0.042,S/D,216
47E150D6,PUENTE TALAPALCA,TACNA,TARATA,mpas15,pp,20260822,20260920,00Z,D1,6h,0.045,0.045,0.252,S/D,110
47E1B324,REPRESA JARUMAS,TACNA,TARATA,ecmwf,pp,20260822,20260920,"00Z,12Z",D1,6h,0.13,0.143,0.574,0.182,225
47E1B324,REPRESA JARUMAS,TACNA,TARATA,gfs,pp,20260822,20260920,"00Z,12Z",D1,6h,0.228,0.236,0.978,0.302,172
47E1B324,REPRESA JARUMAS,TACNA,TARATA,eta5,pp,20260822,20260920,"00Z,12Z",D1,6h,0.045,0.062,0.258,0.259,198
47E1B324,REPRESA JARUMAS,TACNA,TARATA,wrf5,pp,20260822,20260920,"00Z,12Z",D1,6h,0.127,0.142,0.77,0.201,224
47E1B324,REPRESA JARUMAS,TACNA,TARATA,mpas15,pp,20260822,20260920,00Z,D1,6h,0.132,0.147,0.631,0.152,114
47E1763A,SALIDA TUNEL KOVIRE,TACNA,TARATA,ecmwf,pp,20260822,20260920,"00Z,12Z",D1,6h,0.124,0.136,0.552,0.425,223
47E1763A,SALIDA TUNEL KOVIRE,TACNA,TARATA,gfs,pp,20260822,20260920,"00Z,12Z",D1,6h,0.215,0.228,0.934,0.527,170
47E1763A,SALIDA TUNEL KOVIRE,TACNA,TARATA,eta5,pp,20260822,20260920,"00Z,12Z",D1,6h,0.04,0.048,0.224,0.491,196
47E1763A,SALIDA TUNEL KOVIRE,TACNA,TARATA,wrf5,pp,20260822,20260920,"00Z,12Z",D1,6h,0.134,0.148,0.784,0.497,222
47E1763A,SALIDA TUNEL KOVIRE,TACNA,TARATA,mpas15,pp,20260822,20260920,00Z,D1,6h,0.146,0.16,0.76,0.256,113
47E2D1CC,TARATA,TACNA,TARATA,ecmwf,pp,20260822,20260920,"00Z,12Z",D1,6h,0.036,0.045,0.232,0.511,230
47E2D1CC,TARATA,TACNA,TARATA,gfs,pp,20260822,20260920,"00Z,12Z",D1,6h,0.093,0.094,0.452,0.578,176
47E2D1CC,TARATA,TACNA,TARATA,eta5,pp,20260822,20260920,"00Z,12Z",D1,6h,0.025,0.036,0.167,0.496,204
47E2D1CC,TARATA,TACNA,TARATA,wrf5,pp,20260822,20260920,"00Z,12Z",D1,6h,0.015,0.031,0.214,0.691,230
47E2D1CC,TARATA,TACNA,TARATA,mpas15,pp,20260822,20260920,00Z,D1,6h,0.115,0.115,0.49,0.355,117
47E2A75C,VILACOTA,TACNA,TARATA,ecmwf,pp,20260822,20260920,"00Z,12Z",D1,6h,0.188,0.193,0.84,0.221,228
47E2A75C,VILACOTA,TACNA,TARATA,gfs,pp,20260822,20260920,"00Z,12Z",D1,6h,0.329,0.329,1.417,0.334,175
47E2A75C,VILACOTA,TACNA,TARATA,eta5,pp,20260822,20260920,"00Z,12Z",D1,6h,0.035,0.045,0.178,0.41,203
47E2A75C,VILACOTA,TACNA,TARATA,wrf5,pp,20260822,20260920,"00Z,12Z",D1,6h,0.12,0.131,0.659,0.314,228
47E2A75C,VILACOTA,TACNA,TARATA,mpas15,pp,20260822,20260920,00Z,D1,6h,0.442,0.447,1.563,0.204,116
472F13D0,CAÑAVERAL,TUMBES,CONTRALMIRANTE VILLAR,ecmwf,pp,20260822,20260920,"00Z,12Z",D1,6h,0.038,0.044,0.199,0.139,225
472F13D0,CAÑAVERAL,TUMBES,CONTRALMIRANTE VILLAR,gfs,pp,20260822,20260920,"00Z,12Z",D1,6h,0.075,0.078,0.396,0.304,172
472F13D0,CAÑAVERAL,TUMBES,CONTRALMIRANTE VILLAR,eta5,pp,20260822,20260920,"00Z,12Z",D1,6h,0.104,0.107,0.368,0.217,198
472F13D0,CAÑAVERAL,TUMBES,CONTRALMIRANTE VILLAR,wrf5,pp,20260822,20260920,"00Z,12Z",D1,6h,0.022,0.029,0.141,0.116,224
472F13D0,CAÑAVERAL,TUMBES,CONTRALMIRANTE VILLAR,mpas15,pp,20260822,20260920,00Z,D1,6h,0.001,0.008,0.055,-0.127,114
47E01126,CABO INGA H,TUMBES,TUMBES,ecmwf,pp,20260822,20260920,"00Z,12Z",D1,6h,0.037,0.255,0.998,0.212,225
47E01126,CABO INGA H,TUMBES,TUMBES,gfs,pp,20260822,20260920,"00Z,12Z",D1,6h,-0.026,0.255,1.026,0.293,172
47E01126,CABO INGA H,TUMBES,TUMBES,eta5,pp,20260822,20260920,"00Z,12Z",D1,6h,0.149,0.302,0.822,0.183,198
47E01126,CABO INGA H,TUMBES,TUMBES,wrf5,pp,20260822,20260920,"00Z,12Z",D1,6h,-0.049,0.186,0.906,0.282,224
47E01126,CABO INGA H,TUMBES,TUMBES,mpas15,pp,20260822,20260920,00Z,D1,6h,-0.071,0.176,0.946,-0.096,114
472F00A6,CABO INGA M,TUMBES,TUMBES,ecmwf,pp,20260822,20260920,"00Z,12Z",D1,6h,0.037,0.253,1.026,0.295,221
472F00A6,CABO INGA M,TUMBES,TUMBES,gfs,pp,20260822,20260920,"00Z,12Z",D1,6h,-0.025,0.257,1.061,0.296,169
472F00A6,CABO INGA M,TUMBES,TUMBES,eta5,pp,20260822,20260920,"00Z,12Z",D1,6h,0.152,0.3,0.844,0.228,194
472F00A6,CABO INGA M,TUMBES,TUMBES,wrf5,pp,20260822,20260920,"00Z,12Z",D1,6h,-0.025,0.204,0.985,0.318,220
472F00A6,CABO INGA M,TUMBES,TUMBES,mpas15,pp,20260822,20260920,00Z,D1,6h,-0.071,0.179,0.982,-0.145,112
472EF2D8,CAMPAMENTO SEDE,TUMBES,TUMBES,ecmwf,pp,20260822,20260920,"00Z,12Z",D1,6h,0.021,0.034,0.144,-0.142,147
472EF2D8,CAMPAMENTO SEDE,TUMBES,TUMBES,gfs,pp,20260822,20260920,"00Z,12Z",D1,6h,0.026,0.04,0.139,-0.055,115
472EF2D8,CAMPAMENTO SEDE,TUMBES,TUMBES,eta5,pp,20260822,20260920,"00Z,12Z",D1,6h,0.105,0.119,0.396,-0.112,130
472EF2D8,CAMPAMENTO SEDE,TUMBES,TUMBES,wrf5,pp,20260822,20260920,"00Z,12Z",D1,6h,0.008,0.021,0.055,-0.072,149
472EF2D8,CAMPAMENTO SEDE,TUMBES,TUMBES,mpas15,pp,20260822,20260920,00Z,D1,6h,0.0,0.013,0.063,-0.188,75
4724A3F6,EL TIGRE,TUMBES,TUMBES,ecmwf,pp,20260822,20260920,"00Z,12Z",D1,6h,0.094,0.094,0.438,S/D,212
4724A3F6,EL TIGRE,TUMBES,TUMBES,gfs,pp,20260822,20260920,"00Z,12Z",D1,6h,0.059,0.059,0.218,S/D,163
4724A3F6,EL TIGRE,TUMBES,TUMBES,eta5,pp,20260822,20260920,"00Z,12Z",D1,6h,0.143,0.143,0.436,S/D,188
4724A3F6,EL TIGRE,TUMBES,TUMBES,wrf5,pp,20260822,20260920,"00Z,12Z",D1,6h,0.03,0.03,0.136,S/D,212
4724A3F6,EL TIGRE,TUMBES,TUMBES,mpas15,pp,20260822,20260920,00Z,D1,6h,0.019,0.019,0.136,S/D,108
472F43AC,HUASIMO,TUMBES,TUMBES,ecmwf,pp,20260822,20260920,"00Z,12Z",D1,6h,0.134,0.178,0.57,0.19,223
472F43AC,HUASIMO,TUMBES,TUMBES,gfs,pp,20260822,20260920,"00Z,12Z",D1,6h,0.096,0.144,0.41,0.145,171
472F43AC,HUASIMO,TUMBES,TUMBES,eta5,pp,20260822,20260920,"00Z,12Z",D1,6h,0.117,0.166,0.453,0.063,196
472F43AC,HUASIMO,TUMBES,TUMBES,wrf5,pp,20260822,20260920,"00Z,12Z",D1,6h,0.006,0.067,0.226,0.146,222
472F43AC,HUASIMO,TUMBES,TUMBES,mpas15,pp,20260822,20260920,00Z,D1,6h,0.005,0.079,0.299,-0.062,113
47E024BC,PUENTE TUMBES,TUMBES,TUMBES,ecmwf,pp,20260822,20260920,"00Z,12Z",D1,6h,-0.005,0.054,0.314,0.218,223
47E024BC,PUENTE TUMBES,TUMBES,TUMBES,gfs,pp,20260822,20260920,"00Z,12Z",D1,6h,-0.005,0.068,0.348,0.158,171
47E024BC,PUENTE TUMBES,TUMBES,TUMBES,eta5,pp,20260822,20260920,"00Z,12Z",D1,6h,0.069,0.128,0.435,0.144,196
47E024BC,PUENTE TUMBES,TUMBES,TUMBES,wrf5,pp,20260822,20260920,"00Z,12Z",D1,6h,-0.007,0.025,0.205,0.206,222
47E024BC,PUENTE TUMBES,TUMBES,TUMBES,mpas15,pp,20260822,20260920,00Z,D1,6h,-0.025,0.034,0.287,0.156,113
103068,PUERTO PIZARRO,TUMBES,TUMBES,ecmwf,pp,20260822,20260920,"00Z,12Z",D1,6h,S/D,S/D,S/D,S/D,0
103068,PUERTO PIZARRO,TUMBES,TUMBES,gfs,pp,20260822,20260920,"00Z,12Z",D1,6h,S/D,S/D,S/D,S/D,0
103068,PUERTO PIZARRO,TUMBES,TUMBES,eta5,pp,20260822,20260920,"00Z,12Z",D1,6h,S/D,S/D,S/D,S/D,0
103068,PUERTO PIZARRO,TUMBES,TUMBES,wrf5,pp,20260822,20260920,"00Z,12Z",D1,6h,S/D,S/D,S/D,S/D,0
103068,PUERTO PIZARRO,TUMBES,TUMBES,mpas15,pp,20260822,20260920,00Z,D1,6h,S/D,S/D,S/D,S/D,0
472F264A,RICA PLAYA,TUMBES,TUMBES,ecmwf,pp,20260822,20260920,"00Z,12Z",D1,6h,0.081,0.087,0.41,0.278,225
472F264A,RICA PLAYA,TUMBES,TUMBES,gfs,pp,20260822,20260920,"00Z,12Z",D1,6h,0.049,0.054,0.208,0.318,172
472F264A,RICA PLAYA,TUMBES,TUMBES,eta5,pp,20260822,20260920,"00Z,12Z",D1,6h,0.116,0.128,0.363,0.163,198
472F264A,RICA PLAYA,TUMBES,TUMBES,wrf5,pp,20260822,20260920,"00Z,12Z",D1,6h,0.035,0.052,0.216,0.174,224
472F264A,RICA PLAYA,TUMBES,TUMBES,mpas15,pp,20260822,20260920,00Z,D1,6h,0.009,0.026,0.149,-0.104,114
472F353C,MATAPALO,TUMBES,ZARUMILLA,ecmwf,pp,20260822,20260920,"00Z,12Z",D1,6h,0.181,0.238,0.713,0.062,225
472F353C,MATAPALO,TUMBES,ZARUMILLA,gfs,pp,20260822,20260920,"00Z,12Z",D1,6h,0.121,0.194,0.582,-0.004,172
472F353C,MATAPALO,TUMBES,ZARUMILLA,eta5,pp,20260822,20260920,"00Z,12Z",D1,6h,0.305,0.362,0.726,-0.026,198
472F353C,MATAPALO,TUMBES,ZARUMILLA,wrf5,pp,20260822,20260920,"00Z,12Z",D1,6h,-0.01,0.048,0.239,0.077,224
472F353C,MATAPALO,TUMBES,ZARUMILLA,mpas15,pp,20260822,20260920,00Z,D1,6h,0.028,0.088,0.325,0.079,114
47E86310,CALLERIA,UCAYALI,CORONEL PORTILLO,ecmwf,pp,20260822,20260920,"00Z,12Z",D1,6h,S/D,S/D,S/D,S/D,0
47E86310,CALLERIA,UCAYALI,CORONEL PORTILLO,gfs,pp,20260822,20260920,"00Z,12Z",D1,6h,S/D,S/D,S/D,S/D,0
47E86310,CALLERIA,UCAYALI,CORONEL PORTILLO,eta5,pp,20260822,20260920,"00Z,12Z",D1,6h,S/D,S/D,S/D,S/D,0
47E86310,CALLERIA,UCAYALI,CORONEL PORTILLO,wrf5,pp,20260822,20260920,"00Z,12Z",D1,6h,S/D,S/D,S/D,S/D,0
47E86310,CALLERIA,UCAYALI,CORONEL PORTILLO,mpas15,pp,20260822,20260920,00Z,D1,6h,S/D,S/D,S/D,S/D,0
47E87066,PUERTO ESPERANZA,UCAYALI,PURUS,ecmwf,pp,20260822,20260920,"00Z,12Z",D1,6h,-0.305,1.318,5.296,0.455,226
47E87066,PUERTO ESPERANZA,UCAYALI,PURUS,gfs,pp,20260822,20260920,"00Z,12Z",D1,6h,-0.839,1.231,5.718,0.393,172
47E87066,PUERTO ESPERANZA,UCAYALI,PURUS,eta5,pp,20260822,20260920,"00Z,12Z",D1,6h,-1.053,1.311,6.21,0.367,200
47E87066,PUERTO ESPERANZA,UCAYALI,PURUS,wrf5,pp,20260822,20260920,"00Z,12Z",D1,6h,-0.869,1.259,6.197,0.462,227
47E87066,PUERTO ESPERANZA,UCAYALI,PURUS,mpas15,pp,20260822,20260920,00Z,D1,6h,0.027,1.287,4.411,0.356,115
270001,DESAGUADERO,,,ecmwf,pp,20260822,20260920,"00Z,12Z",D1,6h,S/D,S/D,S/D,S/D,0
270001,DESAGUADERO,,,gfs,pp,20260822,20260920,"00Z,12Z",D1,6h,S/D,S/D,S/D,S/D,0
270001,DESAGUADERO,,,eta5,pp,20260822,20260920,"00Z,12Z",D1,6h,S/D,S/D,S/D,S/D,0
270001,DESAGUADERO,,,wrf5,pp,20260822,20260920,"00Z,12Z",D1,6h,S/D,S/D,S/D,S/D,0
270001,DESAGUADERO,,,mpas15,pp,20260822,20260920,00Z,D1,6h,S/D,S/D,S/D,S/D,0
101004,GUEPPI,,,ecmwf,pp,20260822,20260920,"00Z,12Z",D1,6h,2.298,2.298,3.713,S/D,224
101004,GUEPPI,,,gfs,pp,20260822,20260920,"00Z,12Z",D1,6h,1.581,1.581,2.755,S/D,172
101004,GUEPPI,,,eta5,pp,20260822,20260920,"00Z,12Z",D1,6h,0.83,0.83,1.541,S/D,198
101004,GUEPPI,,,wrf5,pp,20260822,20260920,"00Z,12Z",D1,6h,0.588,0.588,2.485,S/D,224
101004,GUEPPI,,,mpas15,pp,20260822,20260920,00Z,D1,6h,2.004,2.004,4.199,S/D,114
