codigo,estacion,departamento,provincia,modelo,variable,periodo_inicio,periodo_fin,ciclos,horizonte,resolucion,bias,mae,rmse,spearman,n
472C57D4,BAGUA,AMAZONAS,UTCUBAMBA,ecmwf,temp,20260906,20261005,"00Z,12Z",D1,3h,-3.367,3.401,3.81,0.89,480
472C57D4,BAGUA,AMAZONAS,UTCUBAMBA,gfs,temp,20260906,20261005,"00Z,12Z",D1,3h,-3.37,3.447,3.789,0.91,480
472C57D4,BAGUA,AMAZONAS,UTCUBAMBA,eta5,temp,20260906,20261005,"00Z,12Z",D1,3h,-1.087,1.788,2.297,0.871,392
472C57D4,BAGUA,AMAZONAS,UTCUBAMBA,wrf5,temp,20260906,20261005,"00Z,12Z",D1,3h,0.782,1.586,2.039,0.896,472
472C57D4,BAGUA,AMAZONAS,UTCUBAMBA,mpas15,temp,20260906,20261005,00Z,D1,3h,-4.6,4.626,4.924,0.907,240
472B607A,CORRAL QUEMADO,AMAZONAS,UTCUBAMBA,ecmwf,temp,20260906,20261005,"00Z,12Z",D1,3h,S/D,S/D,S/D,S/D,0
472B607A,CORRAL QUEMADO,AMAZONAS,UTCUBAMBA,gfs,temp,20260906,20261005,"00Z,12Z",D1,3h,S/D,S/D,S/D,S/D,0
472B607A,CORRAL QUEMADO,AMAZONAS,UTCUBAMBA,eta5,temp,20260906,20261005,"00Z,12Z",D1,3h,S/D,S/D,S/D,S/D,0
472B607A,CORRAL QUEMADO,AMAZONAS,UTCUBAMBA,wrf5,temp,20260906,20261005,"00Z,12Z",D1,3h,S/D,S/D,S/D,S/D,0
472B607A,CORRAL QUEMADO,AMAZONAS,UTCUBAMBA,mpas15,temp,20260906,20261005,00Z,D1,3h,S/D,S/D,S/D,S/D,0
472B2370,MAGUNCHAL,AMAZONAS,UTCUBAMBA,ecmwf,temp,20260906,20261005,"00Z,12Z",D1,3h,S/D,S/D,S/D,S/D,0
472B2370,MAGUNCHAL,AMAZONAS,UTCUBAMBA,gfs,temp,20260906,20261005,"00Z,12Z",D1,3h,S/D,S/D,S/D,S/D,0
472B2370,MAGUNCHAL,AMAZONAS,UTCUBAMBA,eta5,temp,20260906,20261005,"00Z,12Z",D1,3h,S/D,S/D,S/D,S/D,0
472B2370,MAGUNCHAL,AMAZONAS,UTCUBAMBA,wrf5,temp,20260906,20261005,"00Z,12Z",D1,3h,S/D,S/D,S/D,S/D,0
472B2370,MAGUNCHAL,AMAZONAS,UTCUBAMBA,mpas15,temp,20260906,20261005,00Z,D1,3h,S/D,S/D,S/D,S/D,0
220907,NARANJITO,AMAZONAS,UTCUBAMBA,ecmwf,temp,20260906,20261005,"00Z,12Z",D1,3h,S/D,S/D,S/D,S/D,0
220907,NARANJITO,AMAZONAS,UTCUBAMBA,gfs,temp,20260906,20261005,"00Z,12Z",D1,3h,S/D,S/D,S/D,S/D,0
220907,NARANJITO,AMAZONAS,UTCUBAMBA,eta5,temp,20260906,20261005,"00Z,12Z",D1,3h,S/D,S/D,S/D,S/D,0
220907,NARANJITO,AMAZONAS,UTCUBAMBA,wrf5,temp,20260906,20261005,"00Z,12Z",D1,3h,S/D,S/D,S/D,S/D,0
220907,NARANJITO,AMAZONAS,UTCUBAMBA,mpas15,temp,20260906,20261005,00Z,D1,3h,S/D,S/D,S/D,S/D,0
109096,BUENA VISTA,ANCASH,CASMA,ecmwf,temp,20260906,20261005,"00Z,12Z",D1,3h,0.192,1.079,1.448,0.908,478
109096,BUENA VISTA,ANCASH,CASMA,gfs,temp,20260906,20261005,"00Z,12Z",D1,3h,-2.118,2.237,2.715,0.861,478
109096,BUENA VISTA,ANCASH,CASMA,eta5,temp,20260906,20261005,"00Z,12Z",D1,3h,-1.671,2.303,2.678,0.863,390
109096,BUENA VISTA,ANCASH,CASMA,wrf5,temp,20260906,20261005,"00Z,12Z",D1,3h,-0.902,1.42,1.723,0.893,470
109096,BUENA VISTA,ANCASH,CASMA,mpas15,temp,20260906,20261005,00Z,D1,3h,-2.116,2.265,2.632,0.868,239
4725A10C,CHAVIN,ANCASH,HUARI,ecmwf,temp,20260906,20261005,"00Z,12Z",D1,3h,-8.81,8.81,9.179,0.873,476
4725A10C,CHAVIN,ANCASH,HUARI,gfs,temp,20260906,20261005,"00Z,12Z",D1,3h,-7.921,7.921,8.49,0.87,476
4725A10C,CHAVIN,ANCASH,HUARI,eta5,temp,20260906,20261005,"00Z,12Z",D1,3h,-4.845,4.952,5.43,0.859,389
4725A10C,CHAVIN,ANCASH,HUARI,wrf5,temp,20260906,20261005,"00Z,12Z",D1,3h,-2.228,2.729,3.341,0.894,468
4725A10C,CHAVIN,ANCASH,HUARI,mpas15,temp,20260906,20261005,00Z,D1,3h,-9.911,9.911,10.297,0.892,238
109091,SAUCEPAMPA,ANCASH,HUAYLAS,ecmwf,temp,20260906,20261005,"00Z,12Z",D1,3h,-4.954,4.979,5.585,0.875,476
109091,SAUCEPAMPA,ANCASH,HUAYLAS,gfs,temp,20260906,20261005,"00Z,12Z",D1,3h,-7.1,7.1,8.0,0.817,476
109091,SAUCEPAMPA,ANCASH,HUAYLAS,eta5,temp,20260906,20261005,"00Z,12Z",D1,3h,0.36,1.55,1.901,0.89,388
109091,SAUCEPAMPA,ANCASH,HUAYLAS,wrf5,temp,20260906,20261005,"00Z,12Z",D1,3h,-2.759,2.995,3.871,0.872,468
109091,SAUCEPAMPA,ANCASH,HUAYLAS,mpas15,temp,20260906,20261005,00Z,D1,3h,-9.755,9.755,10.254,0.854,238
472182DA,PUENTE CAHUA,ANCASH,OCROS,ecmwf,temp,20260906,20261005,"00Z,12Z",D1,3h,S/D,S/D,S/D,S/D,0
472182DA,PUENTE CAHUA,ANCASH,OCROS,gfs,temp,20260906,20261005,"00Z,12Z",D1,3h,S/D,S/D,S/D,S/D,0
472182DA,PUENTE CAHUA,ANCASH,OCROS,eta5,temp,20260906,20261005,"00Z,12Z",D1,3h,S/D,S/D,S/D,S/D,0
472182DA,PUENTE CAHUA,ANCASH,OCROS,wrf5,temp,20260906,20261005,"00Z,12Z",D1,3h,S/D,S/D,S/D,S/D,0
472182DA,PUENTE CAHUA,ANCASH,OCROS,mpas15,temp,20260906,20261005,00Z,D1,3h,S/D,S/D,S/D,S/D,0
47E89394,PACHACOTO,ANCASH,RECUAY,ecmwf,temp,20260906,20261005,"00Z,12Z",D1,3h,-0.054,2.821,3.4,0.896,480
47E89394,PACHACOTO,ANCASH,RECUAY,gfs,temp,20260906,20261005,"00Z,12Z",D1,3h,-0.71,4.288,5.078,0.828,480
47E89394,PACHACOTO,ANCASH,RECUAY,eta5,temp,20260906,20261005,"00Z,12Z",D1,3h,1.881,2.731,3.478,0.905,392
47E89394,PACHACOTO,ANCASH,RECUAY,wrf5,temp,20260906,20261005,"00Z,12Z",D1,3h,1.664,3.365,4.112,0.898,472
47E89394,PACHACOTO,ANCASH,RECUAY,mpas15,temp,20260906,20261005,00Z,D1,3h,-3.105,4.501,5.47,0.839,240
47259496,RECUAY,ANCASH,RECUAY,ecmwf,temp,20260906,20261005,"00Z,12Z",D1,3h,-3.153,3.507,4.273,0.938,474
47259496,RECUAY,ANCASH,RECUAY,gfs,temp,20260906,20261005,"00Z,12Z",D1,3h,-3.829,5.1,6.257,0.887,474
47259496,RECUAY,ANCASH,RECUAY,eta5,temp,20260906,20261005,"00Z,12Z",D1,3h,-1.193,2.56,3.093,0.914,387
47259496,RECUAY,ANCASH,RECUAY,wrf5,temp,20260906,20261005,"00Z,12Z",D1,3h,0.676,3.042,3.557,0.931,466
47259496,RECUAY,ANCASH,RECUAY,mpas15,temp,20260906,20261005,00Z,D1,3h,-7.162,7.171,8.286,0.907,237
110138,SHAQUEK,ANCASH,RECUAY,ecmwf,temp,20260906,20261005,"00Z,12Z",D1,3h,-6.547,6.547,6.843,0.79,478
110138,SHAQUEK,ANCASH,RECUAY,gfs,temp,20260906,20261005,"00Z,12Z",D1,3h,-3.788,3.796,4.037,0.832,478
110138,SHAQUEK,ANCASH,RECUAY,eta5,temp,20260906,20261005,"00Z,12Z",D1,3h,-4.701,4.715,5.009,0.803,390
110138,SHAQUEK,ANCASH,RECUAY,wrf5,temp,20260906,20261005,"00Z,12Z",D1,3h,-1.498,1.86,2.254,0.804,470
110138,SHAQUEK,ANCASH,RECUAY,mpas15,temp,20260906,20261005,00Z,D1,3h,-2.759,2.84,3.214,0.818,239
211601,SAN JACINTO,ANCASH,SANTA,ecmwf,temp,20260906,20261005,"00Z,12Z",D1,3h,S/D,S/D,S/D,S/D,0
211601,SAN JACINTO,ANCASH,SANTA,gfs,temp,20260906,20261005,"00Z,12Z",D1,3h,S/D,S/D,S/D,S/D,0
211601,SAN JACINTO,ANCASH,SANTA,eta5,temp,20260906,20261005,"00Z,12Z",D1,3h,S/D,S/D,S/D,S/D,0
211601,SAN JACINTO,ANCASH,SANTA,wrf5,temp,20260906,20261005,"00Z,12Z",D1,3h,S/D,S/D,S/D,S/D,0
211601,SAN JACINTO,ANCASH,SANTA,mpas15,temp,20260906,20261005,00Z,D1,3h,S/D,S/D,S/D,S/D,0
113253,CURAHUASI,APURIMAC,ABANCAY,ecmwf,temp,20260906,20261005,"00Z,12Z",D1,3h,-4.674,4.699,5.186,0.886,478
113253,CURAHUASI,APURIMAC,ABANCAY,gfs,temp,20260906,20261005,"00Z,12Z",D1,3h,-5.57,5.574,6.159,0.87,478
113253,CURAHUASI,APURIMAC,ABANCAY,eta5,temp,20260906,20261005,"00Z,12Z",D1,3h,-2.794,3.046,3.531,0.888,391
113253,CURAHUASI,APURIMAC,ABANCAY,wrf5,temp,20260906,20261005,"00Z,12Z",D1,3h,-1.37,2.174,2.797,0.904,470
113253,CURAHUASI,APURIMAC,ABANCAY,mpas15,temp,20260906,20261005,00Z,D1,3h,-6.877,6.877,7.222,0.901,239
47263360,GRANJA SAN ANTONIO,APURIMAC,ABANCAY,ecmwf,temp,20260906,20261005,"00Z,12Z",D1,3h,-3.106,3.278,3.688,0.869,474
47263360,GRANJA SAN ANTONIO,APURIMAC,ABANCAY,gfs,temp,20260906,20261005,"00Z,12Z",D1,3h,-3.991,4.025,4.374,0.885,474
47263360,GRANJA SAN ANTONIO,APURIMAC,ABANCAY,eta5,temp,20260906,20261005,"00Z,12Z",D1,3h,-3.879,4.014,4.588,0.84,388
47263360,GRANJA SAN ANTONIO,APURIMAC,ABANCAY,wrf5,temp,20260906,20261005,"00Z,12Z",D1,3h,-3.378,3.45,3.837,0.88,466
47263360,GRANJA SAN ANTONIO,APURIMAC,ABANCAY,mpas15,temp,20260906,20261005,00Z,D1,3h,-4.691,4.698,5.054,0.901,237
472B16EA,HUACULLO,APURIMAC,ANTABAMBA,ecmwf,temp,20260906,20261005,"00Z,12Z",D1,3h,-0.951,2.954,3.63,0.825,478
472B16EA,HUACULLO,APURIMAC,ANTABAMBA,gfs,temp,20260906,20261005,"00Z,12Z",D1,3h,0.781,2.741,3.649,0.839,478
472B16EA,HUACULLO,APURIMAC,ANTABAMBA,eta5,temp,20260906,20261005,"00Z,12Z",D1,3h,2.988,3.511,4.685,0.79,390
472B16EA,HUACULLO,APURIMAC,ANTABAMBA,wrf5,temp,20260906,20261005,"00Z,12Z",D1,3h,2.045,3.212,4.337,0.785,470
472B16EA,HUACULLO,APURIMAC,ANTABAMBA,mpas15,temp,20260906,20261005,00Z,D1,3h,-0.417,2.586,3.29,0.862,239
113246,TANCAYLLO,APURIMAC,CHINCHEROS,ecmwf,temp,20260906,20261005,"00Z,12Z",D1,3h,1.633,2.713,3.472,0.827,480
113246,TANCAYLLO,APURIMAC,CHINCHEROS,gfs,temp,20260906,20261005,"00Z,12Z",D1,3h,0.331,1.984,2.487,0.849,480
113246,TANCAYLLO,APURIMAC,CHINCHEROS,eta5,temp,20260906,20261005,"00Z,12Z",D1,3h,-0.04,2.187,2.641,0.823,392
113246,TANCAYLLO,APURIMAC,CHINCHEROS,wrf5,temp,20260906,20261005,"00Z,12Z",D1,3h,0.745,2.413,2.98,0.809,472
113246,TANCAYLLO,APURIMAC,CHINCHEROS,mpas15,temp,20260906,20261005,00Z,D1,3h,-2.256,2.887,3.732,0.791,240
472A1410,CASACCANCHA,APURIMAC,COTABAMBAS,ecmwf,temp,20260906,20261005,"00Z,12Z",D1,3h,-1.062,2.178,2.793,0.842,476
472A1410,CASACCANCHA,APURIMAC,COTABAMBAS,gfs,temp,20260906,20261005,"00Z,12Z",D1,3h,0.611,1.691,2.131,0.901,476
472A1410,CASACCANCHA,APURIMAC,COTABAMBAS,eta5,temp,20260906,20261005,"00Z,12Z",D1,3h,3.08,3.363,4.03,0.861,389
472A1410,CASACCANCHA,APURIMAC,COTABAMBAS,wrf5,temp,20260906,20261005,"00Z,12Z",D1,3h,1.448,2.128,2.711,0.881,469
472A1410,CASACCANCHA,APURIMAC,COTABAMBAS,mpas15,temp,20260906,20261005,00Z,D1,3h,-0.477,1.623,2.077,0.91,238
116085,AREQUIPA UV,AREQUIPA,AREQUIPA,ecmwf,temp,20260906,20261005,"00Z,12Z",D1,3h,-1.067,1.342,1.531,0.946,350
116085,AREQUIPA UV,AREQUIPA,AREQUIPA,gfs,temp,20260906,20261005,"00Z,12Z",D1,3h,-2.544,2.778,3.111,0.887,350
116085,AREQUIPA UV,AREQUIPA,AREQUIPA,eta5,temp,20260906,20261005,"00Z,12Z",D1,3h,0.014,1.205,1.461,0.928,282
116085,AREQUIPA UV,AREQUIPA,AREQUIPA,wrf5,temp,20260906,20261005,"00Z,12Z",D1,3h,1.127,1.903,2.276,0.898,342
116085,AREQUIPA UV,AREQUIPA,AREQUIPA,mpas15,temp,20260906,20261005,00Z,D1,3h,-7.258,7.258,7.701,0.82,175
47E26242,BOYADERO,AREQUIPA,AREQUIPA,ecmwf,temp,20260906,20261005,"00Z,12Z",D1,3h,S/D,S/D,S/D,S/D,0
47E26242,BOYADERO,AREQUIPA,AREQUIPA,gfs,temp,20260906,20261005,"00Z,12Z",D1,3h,S/D,S/D,S/D,S/D,0
47E26242,BOYADERO,AREQUIPA,AREQUIPA,eta5,temp,20260906,20261005,"00Z,12Z",D1,3h,S/D,S/D,S/D,S/D,0
47E26242,BOYADERO,AREQUIPA,AREQUIPA,wrf5,temp,20260906,20261005,"00Z,12Z",D1,3h,S/D,S/D,S/D,S/D,0
47E26242,BOYADERO,AREQUIPA,AREQUIPA,mpas15,temp,20260906,20261005,00Z,D1,3h,S/D,S/D,S/D,S/D,0
116083,CAYMA,AREQUIPA,AREQUIPA,ecmwf,temp,20260906,20261005,"00Z,12Z",D1,3h,S/D,S/D,S/D,S/D,0
116083,CAYMA,AREQUIPA,AREQUIPA,gfs,temp,20260906,20261005,"00Z,12Z",D1,3h,S/D,S/D,S/D,S/D,0
116083,CAYMA,AREQUIPA,AREQUIPA,eta5,temp,20260906,20261005,"00Z,12Z",D1,3h,S/D,S/D,S/D,S/D,0
116083,CAYMA,AREQUIPA,AREQUIPA,wrf5,temp,20260906,20261005,"00Z,12Z",D1,3h,S/D,S/D,S/D,S/D,0
116083,CAYMA,AREQUIPA,AREQUIPA,mpas15,temp,20260906,20261005,00Z,D1,3h,S/D,S/D,S/D,S/D,0
472147C4,CHARCANI,AREQUIPA,AREQUIPA,ecmwf,temp,20260906,20261005,"00Z,12Z",D1,3h,S/D,S/D,S/D,S/D,0
472147C4,CHARCANI,AREQUIPA,AREQUIPA,gfs,temp,20260906,20261005,"00Z,12Z",D1,3h,S/D,S/D,S/D,S/D,0
472147C4,CHARCANI,AREQUIPA,AREQUIPA,eta5,temp,20260906,20261005,"00Z,12Z",D1,3h,S/D,S/D,S/D,S/D,0
472147C4,CHARCANI,AREQUIPA,AREQUIPA,wrf5,temp,20260906,20261005,"00Z,12Z",D1,3h,S/D,S/D,S/D,S/D,0
472147C4,CHARCANI,AREQUIPA,AREQUIPA,mpas15,temp,20260906,20261005,00Z,D1,3h,S/D,S/D,S/D,S/D,0
116077,CHIGUATA,AREQUIPA,AREQUIPA,ecmwf,temp,20260906,20261005,"00Z,12Z",D1,3h,S/D,S/D,S/D,S/D,0
116077,CHIGUATA,AREQUIPA,AREQUIPA,gfs,temp,20260906,20261005,"00Z,12Z",D1,3h,S/D,S/D,S/D,S/D,0
116077,CHIGUATA,AREQUIPA,AREQUIPA,eta5,temp,20260906,20261005,"00Z,12Z",D1,3h,S/D,S/D,S/D,S/D,0
116077,CHIGUATA,AREQUIPA,AREQUIPA,wrf5,temp,20260906,20261005,"00Z,12Z",D1,3h,S/D,S/D,S/D,S/D,0
116077,CHIGUATA,AREQUIPA,AREQUIPA,mpas15,temp,20260906,20261005,00Z,D1,3h,S/D,S/D,S/D,S/D,0
116065,LA PAMPILLA,AREQUIPA,AREQUIPA,ecmwf,temp,20260906,20261005,"00Z,12Z",D1,3h,-0.853,1.588,1.899,0.891,466
116065,LA PAMPILLA,AREQUIPA,AREQUIPA,gfs,temp,20260906,20261005,"00Z,12Z",D1,3h,-2.364,3.026,3.416,0.823,466
116065,LA PAMPILLA,AREQUIPA,AREQUIPA,eta5,temp,20260906,20261005,"00Z,12Z",D1,3h,0.261,1.369,1.789,0.883,379
116065,LA PAMPILLA,AREQUIPA,AREQUIPA,wrf5,temp,20260906,20261005,"00Z,12Z",D1,3h,1.278,2.367,2.934,0.837,458
116065,LA PAMPILLA,AREQUIPA,AREQUIPA,mpas15,temp,20260906,20261005,00Z,D1,3h,-7.078,7.23,7.772,0.758,233
47E360B8,PATAHUASI,AREQUIPA,AREQUIPA,ecmwf,temp,20260906,20261005,"00Z,12Z",D1,3h,1.17,4.013,4.94,0.9,478
47E360B8,PATAHUASI,AREQUIPA,AREQUIPA,gfs,temp,20260906,20261005,"00Z,12Z",D1,3h,2.567,5.189,6.565,0.819,478
47E360B8,PATAHUASI,AREQUIPA,AREQUIPA,eta5,temp,20260906,20261005,"00Z,12Z",D1,3h,6.051,6.073,7.138,0.913,391
47E360B8,PATAHUASI,AREQUIPA,AREQUIPA,wrf5,temp,20260906,20261005,"00Z,12Z",D1,3h,3.828,4.448,6.064,0.925,470
47E360B8,PATAHUASI,AREQUIPA,AREQUIPA,mpas15,temp,20260906,20261005,00Z,D1,3h,-0.741,3.976,4.454,0.9,239
4722E032,PUENTE DEL DIABLO,AREQUIPA,AREQUIPA,ecmwf,temp,20260906,20261005,"00Z,12Z",D1,3h,S/D,S/D,S/D,S/D,0
4722E032,PUENTE DEL DIABLO,AREQUIPA,AREQUIPA,gfs,temp,20260906,20261005,"00Z,12Z",D1,3h,S/D,S/D,S/D,S/D,0
4722E032,PUENTE DEL DIABLO,AREQUIPA,AREQUIPA,eta5,temp,20260906,20261005,"00Z,12Z",D1,3h,S/D,S/D,S/D,S/D,0
4722E032,PUENTE DEL DIABLO,AREQUIPA,AREQUIPA,wrf5,temp,20260906,20261005,"00Z,12Z",D1,3h,S/D,S/D,S/D,S/D,0
4722E032,PUENTE DEL DIABLO,AREQUIPA,AREQUIPA,mpas15,temp,20260906,20261005,00Z,D1,3h,S/D,S/D,S/D,S/D,0
116082,SAN FRANCISCO,AREQUIPA,AREQUIPA,ecmwf,temp,20260906,20261005,"00Z,12Z",D1,3h,S/D,S/D,S/D,S/D,0
116082,SAN FRANCISCO,AREQUIPA,AREQUIPA,gfs,temp,20260906,20261005,"00Z,12Z",D1,3h,S/D,S/D,S/D,S/D,0
116082,SAN FRANCISCO,AREQUIPA,AREQUIPA,eta5,temp,20260906,20261005,"00Z,12Z",D1,3h,S/D,S/D,S/D,S/D,0
116082,SAN FRANCISCO,AREQUIPA,AREQUIPA,wrf5,temp,20260906,20261005,"00Z,12Z",D1,3h,S/D,S/D,S/D,S/D,0
116082,SAN FRANCISCO,AREQUIPA,AREQUIPA,mpas15,temp,20260906,20261005,00Z,D1,3h,S/D,S/D,S/D,S/D,0
47E3B6D0,SAN JOSE DE UZUNA,AREQUIPA,AREQUIPA,ecmwf,temp,20260906,20261005,"00Z,12Z",D1,3h,-4.826,4.909,5.735,0.885,478
47E3B6D0,SAN JOSE DE UZUNA,AREQUIPA,AREQUIPA,gfs,temp,20260906,20261005,"00Z,12Z",D1,3h,-2.558,3.623,4.384,0.861,478
47E3B6D0,SAN JOSE DE UZUNA,AREQUIPA,AREQUIPA,eta5,temp,20260906,20261005,"00Z,12Z",D1,3h,1.427,2.081,2.613,0.914,391
47E3B6D0,SAN JOSE DE UZUNA,AREQUIPA,AREQUIPA,wrf5,temp,20260906,20261005,"00Z,12Z",D1,3h,1.692,2.739,3.494,0.853,470
47E3B6D0,SAN JOSE DE UZUNA,AREQUIPA,AREQUIPA,mpas15,temp,20260906,20261005,00Z,D1,3h,1.186,2.847,3.595,0.847,239
47E27134,SOCOSANI,AREQUIPA,AREQUIPA,ecmwf,temp,20260906,20261005,"00Z,12Z",D1,3h,S/D,S/D,S/D,S/D,0
47E27134,SOCOSANI,AREQUIPA,AREQUIPA,gfs,temp,20260906,20261005,"00Z,12Z",D1,3h,S/D,S/D,S/D,S/D,0
47E27134,SOCOSANI,AREQUIPA,AREQUIPA,eta5,temp,20260906,20261005,"00Z,12Z",D1,3h,S/D,S/D,S/D,S/D,0
47E27134,SOCOSANI,AREQUIPA,AREQUIPA,wrf5,temp,20260906,20261005,"00Z,12Z",D1,3h,S/D,S/D,S/D,S/D,0
47E27134,SOCOSANI,AREQUIPA,AREQUIPA,mpas15,temp,20260906,20261005,00Z,D1,3h,S/D,S/D,S/D,S/D,0
472EE1AE,TINGO GRANDE,AREQUIPA,AREQUIPA,ecmwf,temp,20260906,20261005,"00Z,12Z",D1,3h,S/D,S/D,S/D,S/D,0
472EE1AE,TINGO GRANDE,AREQUIPA,AREQUIPA,gfs,temp,20260906,20261005,"00Z,12Z",D1,3h,S/D,S/D,S/D,S/D,0
472EE1AE,TINGO GRANDE,AREQUIPA,AREQUIPA,eta5,temp,20260906,20261005,"00Z,12Z",D1,3h,S/D,S/D,S/D,S/D,0
472EE1AE,TINGO GRANDE,AREQUIPA,AREQUIPA,wrf5,temp,20260906,20261005,"00Z,12Z",D1,3h,S/D,S/D,S/D,S/D,0
472EE1AE,TINGO GRANDE,AREQUIPA,AREQUIPA,mpas15,temp,20260906,20261005,00Z,D1,3h,S/D,S/D,S/D,S/D,0
116078,TUCTUMPAYA,AREQUIPA,AREQUIPA,ecmwf,temp,20260906,20261005,"00Z,12Z",D1,3h,-5.263,5.264,5.709,0.897,480
116078,TUCTUMPAYA,AREQUIPA,AREQUIPA,gfs,temp,20260906,20261005,"00Z,12Z",D1,3h,-2.984,3.172,3.929,0.885,480
116078,TUCTUMPAYA,AREQUIPA,AREQUIPA,eta5,temp,20260906,20261005,"00Z,12Z",D1,3h,0.596,1.151,1.49,0.93,392
116078,TUCTUMPAYA,AREQUIPA,AREQUIPA,wrf5,temp,20260906,20261005,"00Z,12Z",D1,3h,0.053,2.242,2.618,0.875,472
116078,TUCTUMPAYA,AREQUIPA,AREQUIPA,mpas15,temp,20260906,20261005,00Z,D1,3h,-2.487,3.067,3.389,0.903,240
116081,YURA,AREQUIPA,AREQUIPA,ecmwf,temp,20260906,20261005,"00Z,12Z",D1,3h,-8.777,8.777,8.94,0.853,304
116081,YURA,AREQUIPA,AREQUIPA,gfs,temp,20260906,20261005,"00Z,12Z",D1,3h,-6.829,6.829,7.037,0.868,304
116081,YURA,AREQUIPA,AREQUIPA,eta5,temp,20260906,20261005,"00Z,12Z",D1,3h,-1.079,1.488,1.812,0.889,259
116081,YURA,AREQUIPA,AREQUIPA,wrf5,temp,20260906,20261005,"00Z,12Z",D1,3h,-0.813,1.817,2.262,0.88,296
116081,YURA,AREQUIPA,AREQUIPA,mpas15,temp,20260906,20261005,00Z,D1,3h,-3.073,3.597,3.796,0.824,152
116084,CAMANA,AREQUIPA,CAMANA,ecmwf,temp,20260906,20261005,"00Z,12Z",D1,3h,-0.236,1.476,1.892,0.25,334
116084,CAMANA,AREQUIPA,CAMANA,gfs,temp,20260906,20261005,"00Z,12Z",D1,3h,-1.359,1.665,2.238,0.48,334
116084,CAMANA,AREQUIPA,CAMANA,eta5,temp,20260906,20261005,"00Z,12Z",D1,3h,-1.97,2.055,2.439,0.704,271
116084,CAMANA,AREQUIPA,CAMANA,wrf5,temp,20260906,20261005,"00Z,12Z",D1,3h,-0.047,1.074,1.295,0.754,332
116084,CAMANA,AREQUIPA,CAMANA,mpas15,temp,20260906,20261005,00Z,D1,3h,-1.808,1.965,2.415,0.58,167
472D23BE,OCOÑA,AREQUIPA,CAMANA,ecmwf,temp,20260906,20261005,"00Z,12Z",D1,3h,-1.453,1.555,1.824,0.645,478
472D23BE,OCOÑA,AREQUIPA,CAMANA,gfs,temp,20260906,20261005,"00Z,12Z",D1,3h,-2.113,2.133,2.386,0.675,478
472D23BE,OCOÑA,AREQUIPA,CAMANA,eta5,temp,20260906,20261005,"00Z,12Z",D1,3h,-1.457,1.939,2.309,0.61,391
472D23BE,OCOÑA,AREQUIPA,CAMANA,wrf5,temp,20260906,20261005,"00Z,12Z",D1,3h,-0.656,1.292,1.577,0.603,470
472D23BE,OCOÑA,AREQUIPA,CAMANA,mpas15,temp,20260906,20261005,00Z,D1,3h,-1.288,1.413,1.789,0.61,239
214400,HUATIAPA,AREQUIPA,CASTILLA,ecmwf,temp,20260906,20261005,"00Z,12Z",D1,3h,S/D,S/D,S/D,S/D,0
214400,HUATIAPA,AREQUIPA,CASTILLA,gfs,temp,20260906,20261005,"00Z,12Z",D1,3h,S/D,S/D,S/D,S/D,0
214400,HUATIAPA,AREQUIPA,CASTILLA,eta5,temp,20260906,20261005,"00Z,12Z",D1,3h,S/D,S/D,S/D,S/D,0
214400,HUATIAPA,AREQUIPA,CASTILLA,wrf5,temp,20260906,20261005,"00Z,12Z",D1,3h,S/D,S/D,S/D,S/D,0
214400,HUATIAPA,AREQUIPA,CASTILLA,mpas15,temp,20260906,20261005,00Z,D1,3h,S/D,S/D,S/D,S/D,0
4723D752,CHIVAY,AREQUIPA,CAYLLOMA,ecmwf,temp,20260906,20261005,"00Z,12Z",D1,3h,-8.383,8.383,8.946,0.844,480
4723D752,CHIVAY,AREQUIPA,CAYLLOMA,gfs,temp,20260906,20261005,"00Z,12Z",D1,3h,-5.866,5.895,6.806,0.836,480
4723D752,CHIVAY,AREQUIPA,CAYLLOMA,eta5,temp,20260906,20261005,"00Z,12Z",D1,3h,-3.009,3.243,3.781,0.895,392
4723D752,CHIVAY,AREQUIPA,CAYLLOMA,wrf5,temp,20260906,20261005,"00Z,12Z",D1,3h,-0.453,2.364,2.754,0.878,472
4723D752,CHIVAY,AREQUIPA,CAYLLOMA,mpas15,temp,20260906,20261005,00Z,D1,3h,-8.426,8.426,8.782,0.92,240
47E8A60E,COTACOTA,AREQUIPA,CAYLLOMA,ecmwf,temp,20260906,20261005,"00Z,12Z",D1,3h,-1.5,2.462,3.023,0.91,478
47E8A60E,COTACOTA,AREQUIPA,CAYLLOMA,gfs,temp,20260906,20261005,"00Z,12Z",D1,3h,0.627,3.098,3.862,0.819,478
47E8A60E,COTACOTA,AREQUIPA,CAYLLOMA,eta5,temp,20260906,20261005,"00Z,12Z",D1,3h,2.484,3.208,4.12,0.842,390
47E8A60E,COTACOTA,AREQUIPA,CAYLLOMA,wrf5,temp,20260906,20261005,"00Z,12Z",D1,3h,0.607,2.96,3.766,0.819,470
47E8A60E,COTACOTA,AREQUIPA,CAYLLOMA,mpas15,temp,20260906,20261005,00Z,D1,3h,-2.166,3.345,3.795,0.878,239
47E3A5A6,HUANCA,AREQUIPA,CAYLLOMA,ecmwf,temp,20260906,20261005,"00Z,12Z",D1,3h,-2.053,2.363,2.609,0.885,476
47E3A5A6,HUANCA,AREQUIPA,CAYLLOMA,gfs,temp,20260906,20261005,"00Z,12Z",D1,3h,-2.339,2.666,2.985,0.873,476
47E3A5A6,HUANCA,AREQUIPA,CAYLLOMA,eta5,temp,20260906,20261005,"00Z,12Z",D1,3h,0.871,1.373,1.756,0.898,390
47E3A5A6,HUANCA,AREQUIPA,CAYLLOMA,wrf5,temp,20260906,20261005,"00Z,12Z",D1,3h,-0.112,1.529,1.979,0.838,468
47E3A5A6,HUANCA,AREQUIPA,CAYLLOMA,mpas15,temp,20260906,20261005,00Z,D1,3h,-2.229,2.865,3.146,0.863,238
47E3834A,IMATA,AREQUIPA,CAYLLOMA,ecmwf,temp,20260906,20261005,"00Z,12Z",D1,3h,0.715,1.98,2.83,0.895,476
47E3834A,IMATA,AREQUIPA,CAYLLOMA,gfs,temp,20260906,20261005,"00Z,12Z",D1,3h,2.376,2.982,4.081,0.881,476
47E3834A,IMATA,AREQUIPA,CAYLLOMA,eta5,temp,20260906,20261005,"00Z,12Z",D1,3h,4.679,4.696,5.623,0.853,390
47E3834A,IMATA,AREQUIPA,CAYLLOMA,wrf5,temp,20260906,20261005,"00Z,12Z",D1,3h,2.417,2.946,3.962,0.902,468
47E3834A,IMATA,AREQUIPA,CAYLLOMA,mpas15,temp,20260906,20261005,00Z,D1,3h,-0.227,2.226,2.804,0.894,238
4729E39A,PAMPA DE MAJES,AREQUIPA,CAYLLOMA,ecmwf,temp,20260906,20261005,"00Z,12Z",D1,3h,1.139,1.83,2.264,0.921,478
4729E39A,PAMPA DE MAJES,AREQUIPA,CAYLLOMA,gfs,temp,20260906,20261005,"00Z,12Z",D1,3h,1.245,1.997,2.441,0.917,478
4729E39A,PAMPA DE MAJES,AREQUIPA,CAYLLOMA,eta5,temp,20260906,20261005,"00Z,12Z",D1,3h,3.519,3.545,3.99,0.936,391
4729E39A,PAMPA DE MAJES,AREQUIPA,CAYLLOMA,wrf5,temp,20260906,20261005,"00Z,12Z",D1,3h,1.571,2.68,3.284,0.827,470
4729E39A,PAMPA DE MAJES,AREQUIPA,CAYLLOMA,mpas15,temp,20260906,20261005,00Z,D1,3h,-1.252,2.397,2.944,0.868,239
47E373CE,PILLONES,AREQUIPA,CAYLLOMA,ecmwf,temp,20260906,20261005,"00Z,12Z",D1,3h,2.402,2.6,3.433,0.948,472
47E373CE,PILLONES,AREQUIPA,CAYLLOMA,gfs,temp,20260906,20261005,"00Z,12Z",D1,3h,3.321,3.533,4.883,0.889,472
47E373CE,PILLONES,AREQUIPA,CAYLLOMA,eta5,temp,20260906,20261005,"00Z,12Z",D1,3h,4.01,4.112,4.943,0.892,386
47E373CE,PILLONES,AREQUIPA,CAYLLOMA,wrf5,temp,20260906,20261005,"00Z,12Z",D1,3h,2.385,3.039,4.372,0.866,464
47E373CE,PILLONES,AREQUIPA,CAYLLOMA,mpas15,temp,20260906,20261005,00Z,D1,3h,-0.693,2.105,2.506,0.933,236
47265686,SIBAYO,AREQUIPA,CAYLLOMA,ecmwf,temp,20260906,20261005,"00Z,12Z",D1,3h,S/D,S/D,S/D,S/D,0
47265686,SIBAYO,AREQUIPA,CAYLLOMA,gfs,temp,20260906,20261005,"00Z,12Z",D1,3h,S/D,S/D,S/D,S/D,0
47265686,SIBAYO,AREQUIPA,CAYLLOMA,eta5,temp,20260906,20261005,"00Z,12Z",D1,3h,S/D,S/D,S/D,S/D,0
47265686,SIBAYO,AREQUIPA,CAYLLOMA,wrf5,temp,20260906,20261005,"00Z,12Z",D1,3h,S/D,S/D,S/D,S/D,0
47265686,SIBAYO,AREQUIPA,CAYLLOMA,mpas15,temp,20260906,20261005,00Z,D1,3h,S/D,S/D,S/D,S/D,0
472ED434,SUMBAY,AREQUIPA,CAYLLOMA,ecmwf,temp,20260906,20261005,"00Z,12Z",D1,3h,S/D,S/D,S/D,S/D,0
472ED434,SUMBAY,AREQUIPA,CAYLLOMA,gfs,temp,20260906,20261005,"00Z,12Z",D1,3h,S/D,S/D,S/D,S/D,0
472ED434,SUMBAY,AREQUIPA,CAYLLOMA,eta5,temp,20260906,20261005,"00Z,12Z",D1,3h,S/D,S/D,S/D,S/D,0
472ED434,SUMBAY,AREQUIPA,CAYLLOMA,wrf5,temp,20260906,20261005,"00Z,12Z",D1,3h,S/D,S/D,S/D,S/D,0
472ED434,SUMBAY,AREQUIPA,CAYLLOMA,mpas15,temp,20260906,20261005,00Z,D1,3h,S/D,S/D,S/D,S/D,0
115150,COROPUNA,AREQUIPA,CONDESUYOS,ecmwf,temp,20260906,20261005,"00Z,12Z",D1,3h,5.932,5.932,6.382,0.811,468
115150,COROPUNA,AREQUIPA,CONDESUYOS,gfs,temp,20260906,20261005,"00Z,12Z",D1,3h,9.143,9.143,9.317,0.792,468
115150,COROPUNA,AREQUIPA,CONDESUYOS,eta5,temp,20260906,20261005,"00Z,12Z",D1,3h,3.309,3.309,3.47,0.885,382
115150,COROPUNA,AREQUIPA,CONDESUYOS,wrf5,temp,20260906,20261005,"00Z,12Z",D1,3h,2.17,2.212,2.493,0.875,460
115150,COROPUNA,AREQUIPA,CONDESUYOS,mpas15,temp,20260906,20261005,00Z,D1,3h,8.063,8.063,8.433,0.747,234
114119,VISCA VISCA,AREQUIPA,CONDESUYOS,ecmwf,temp,20260906,20261005,"00Z,12Z",D1,3h,-3.153,3.747,4.459,0.789,474
114119,VISCA VISCA,AREQUIPA,CONDESUYOS,gfs,temp,20260906,20261005,"00Z,12Z",D1,3h,-1.143,2.24,2.782,0.866,474
114119,VISCA VISCA,AREQUIPA,CONDESUYOS,eta5,temp,20260906,20261005,"00Z,12Z",D1,3h,1.485,2.508,3.167,0.838,387
114119,VISCA VISCA,AREQUIPA,CONDESUYOS,wrf5,temp,20260906,20261005,"00Z,12Z",D1,3h,-0.918,2.43,3.01,0.822,466
114119,VISCA VISCA,AREQUIPA,CONDESUYOS,mpas15,temp,20260906,20261005,00Z,D1,3h,-3.262,3.682,4.137,0.846,237
47280292,COTAHUASI,AREQUIPA,LA UNION,ecmwf,temp,20260906,20261005,"00Z,12Z",D1,3h,-6.121,6.123,6.435,0.891,446
47280292,COTAHUASI,AREQUIPA,LA UNION,gfs,temp,20260906,20261005,"00Z,12Z",D1,3h,-6.684,6.684,7.048,0.845,446
47280292,COTAHUASI,AREQUIPA,LA UNION,eta5,temp,20260906,20261005,"00Z,12Z",D1,3h,-0.999,2.538,3.142,0.876,360
47280292,COTAHUASI,AREQUIPA,LA UNION,wrf5,temp,20260906,20261005,"00Z,12Z",D1,3h,-2.206,2.443,3.002,0.838,438
47280292,COTAHUASI,AREQUIPA,LA UNION,mpas15,temp,20260906,20261005,00Z,D1,3h,-12.02,12.02,12.177,0.893,223
115151,CUYAU,AREQUIPA,LA UNION,ecmwf,temp,20260906,20261005,"00Z,12Z",D1,3h,S/D,S/D,S/D,S/D,0
115151,CUYAU,AREQUIPA,LA UNION,gfs,temp,20260906,20261005,"00Z,12Z",D1,3h,S/D,S/D,S/D,S/D,0
115151,CUYAU,AREQUIPA,LA UNION,eta5,temp,20260906,20261005,"00Z,12Z",D1,3h,S/D,S/D,S/D,S/D,0
115151,CUYAU,AREQUIPA,LA UNION,wrf5,temp,20260906,20261005,"00Z,12Z",D1,3h,S/D,S/D,S/D,S/D,0
115151,CUYAU,AREQUIPA,LA UNION,mpas15,temp,20260906,20261005,00Z,D1,3h,S/D,S/D,S/D,S/D,0
4729D600,PAMPA CANGALLO,AYACUCHO,CANGALLO,ecmwf,temp,20260906,20261005,"00Z,12Z",D1,3h,-3.023,3.206,3.874,0.901,478
4729D600,PAMPA CANGALLO,AYACUCHO,CANGALLO,gfs,temp,20260906,20261005,"00Z,12Z",D1,3h,-2.487,3.114,3.842,0.875,478
4729D600,PAMPA CANGALLO,AYACUCHO,CANGALLO,eta5,temp,20260906,20261005,"00Z,12Z",D1,3h,-1.061,2.235,2.886,0.871,391
4729D600,PAMPA CANGALLO,AYACUCHO,CANGALLO,wrf5,temp,20260906,20261005,"00Z,12Z",D1,3h,0.654,2.416,3.022,0.848,470
4729D600,PAMPA CANGALLO,AYACUCHO,CANGALLO,mpas15,temp,20260906,20261005,00Z,D1,3h,-3.943,4.077,4.685,0.898,239
113248,SANTA CRUZ DE HOSPICIO,AYACUCHO,CANGALLO,ecmwf,temp,20260906,20261005,"00Z,12Z",D1,3h,-0.905,1.617,1.945,0.938,480
113248,SANTA CRUZ DE HOSPICIO,AYACUCHO,CANGALLO,gfs,temp,20260906,20261005,"00Z,12Z",D1,3h,-0.807,2.284,2.75,0.869,480
113248,SANTA CRUZ DE HOSPICIO,AYACUCHO,CANGALLO,eta5,temp,20260906,20261005,"00Z,12Z",D1,3h,0.443,1.602,2.133,0.893,392
113248,SANTA CRUZ DE HOSPICIO,AYACUCHO,CANGALLO,wrf5,temp,20260906,20261005,"00Z,12Z",D1,3h,-0.636,2.155,2.65,0.856,472
113248,SANTA CRUZ DE HOSPICIO,AYACUCHO,CANGALLO,mpas15,temp,20260906,20261005,00Z,D1,3h,-3.531,3.808,4.257,0.897,240
250900,PUENTE PAMPAS GORE APU,AYACUCHO,HUAMANGA,ecmwf,temp,20260906,20261005,"00Z,12Z",D1,3h,S/D,S/D,S/D,S/D,0
250900,PUENTE PAMPAS GORE APU,AYACUCHO,HUAMANGA,gfs,temp,20260906,20261005,"00Z,12Z",D1,3h,S/D,S/D,S/D,S/D,0
250900,PUENTE PAMPAS GORE APU,AYACUCHO,HUAMANGA,eta5,temp,20260906,20261005,"00Z,12Z",D1,3h,S/D,S/D,S/D,S/D,0
250900,PUENTE PAMPAS GORE APU,AYACUCHO,HUAMANGA,wrf5,temp,20260906,20261005,"00Z,12Z",D1,3h,S/D,S/D,S/D,S/D,0
250900,PUENTE PAMPAS GORE APU,AYACUCHO,HUAMANGA,mpas15,temp,20260906,20261005,00Z,D1,3h,S/D,S/D,S/D,S/D,0
114122,CCONTACC,AYACUCHO,LUCANAS,ecmwf,temp,20260906,20261005,"00Z,12Z",D1,3h,-2.83,2.942,3.358,0.923,480
114122,CCONTACC,AYACUCHO,LUCANAS,gfs,temp,20260906,20261005,"00Z,12Z",D1,3h,-2.618,2.846,3.47,0.875,480
114122,CCONTACC,AYACUCHO,LUCANAS,eta5,temp,20260906,20261005,"00Z,12Z",D1,3h,-1.675,2.043,2.556,0.898,392
114122,CCONTACC,AYACUCHO,LUCANAS,wrf5,temp,20260906,20261005,"00Z,12Z",D1,3h,-0.922,2.122,2.475,0.857,472
114122,CCONTACC,AYACUCHO,LUCANAS,mpas15,temp,20260906,20261005,00Z,D1,3h,-3.217,3.276,3.57,0.927,240
47290068,HUAC-HUAS,AYACUCHO,LUCANAS,ecmwf,temp,20260906,20261005,"00Z,12Z",D1,3h,4.91,4.91,5.1,0.832,470
47290068,HUAC-HUAS,AYACUCHO,LUCANAS,gfs,temp,20260906,20261005,"00Z,12Z",D1,3h,4.148,4.156,4.471,0.795,470
47290068,HUAC-HUAS,AYACUCHO,LUCANAS,eta5,temp,20260906,20261005,"00Z,12Z",D1,3h,-0.413,1.544,1.945,0.8,384
47290068,HUAC-HUAS,AYACUCHO,LUCANAS,wrf5,temp,20260906,20261005,"00Z,12Z",D1,3h,-1.287,1.66,2.021,0.812,462
47290068,HUAC-HUAS,AYACUCHO,LUCANAS,mpas15,temp,20260906,20261005,00Z,D1,3h,-1.8,2.017,2.437,0.801,235
114127,PAMPA GALERAS,AYACUCHO,LUCANAS,ecmwf,temp,20260906,20261005,"00Z,12Z",D1,3h,2.69,3.567,4.723,0.877,480
114127,PAMPA GALERAS,AYACUCHO,LUCANAS,gfs,temp,20260906,20261005,"00Z,12Z",D1,3h,4.867,5.115,6.854,0.83,480
114127,PAMPA GALERAS,AYACUCHO,LUCANAS,eta5,temp,20260906,20261005,"00Z,12Z",D1,3h,1.651,2.726,3.644,0.912,392
114127,PAMPA GALERAS,AYACUCHO,LUCANAS,wrf5,temp,20260906,20261005,"00Z,12Z",D1,3h,1.426,3.39,4.342,0.846,472
114127,PAMPA GALERAS,AYACUCHO,LUCANAS,mpas15,temp,20260906,20261005,00Z,D1,3h,0.749,2.507,3.15,0.938,240
114121,HURAY HUMA,AYACUCHO,PARINACOCHAS,ecmwf,temp,20260906,20261005,"00Z,12Z",D1,3h,-2.025,3.377,3.834,0.886,410
114121,HURAY HUMA,AYACUCHO,PARINACOCHAS,gfs,temp,20260906,20261005,"00Z,12Z",D1,3h,-0.318,3.274,3.765,0.865,410
114121,HURAY HUMA,AYACUCHO,PARINACOCHAS,eta5,temp,20260906,20261005,"00Z,12Z",D1,3h,0.76,2.242,2.976,0.902,330
114121,HURAY HUMA,AYACUCHO,PARINACOCHAS,wrf5,temp,20260906,20261005,"00Z,12Z",D1,3h,-0.098,2.841,3.462,0.873,404
114121,HURAY HUMA,AYACUCHO,PARINACOCHAS,mpas15,temp,20260906,20261005,00Z,D1,3h,-1.665,3.024,3.456,0.925,205
115155,PAUZA,AYACUCHO,PAUCAR DEL SARA SARA,ecmwf,temp,20260906,20261005,"00Z,12Z",D1,3h,-3.775,3.782,4.199,0.91,468
115155,PAUZA,AYACUCHO,PAUCAR DEL SARA SARA,gfs,temp,20260906,20261005,"00Z,12Z",D1,3h,-4.69,4.69,5.267,0.858,468
115155,PAUZA,AYACUCHO,PAUCAR DEL SARA SARA,eta5,temp,20260906,20261005,"00Z,12Z",D1,3h,0.874,1.727,2.184,0.929,380
115155,PAUZA,AYACUCHO,PAUCAR DEL SARA SARA,wrf5,temp,20260906,20261005,"00Z,12Z",D1,3h,3.15,3.189,3.582,0.906,460
115155,PAUZA,AYACUCHO,PAUCAR DEL SARA SARA,mpas15,temp,20260906,20261005,00Z,D1,3h,-8.201,8.201,8.371,0.908,234
4725B27A,PAUCARAY,AYACUCHO,SUCRE,ecmwf,temp,20260906,20261005,"00Z,12Z",D1,3h,S/D,S/D,S/D,S/D,0
4725B27A,PAUCARAY,AYACUCHO,SUCRE,gfs,temp,20260906,20261005,"00Z,12Z",D1,3h,S/D,S/D,S/D,S/D,0
4725B27A,PAUCARAY,AYACUCHO,SUCRE,eta5,temp,20260906,20261005,"00Z,12Z",D1,3h,S/D,S/D,S/D,S/D,0
4725B27A,PAUCARAY,AYACUCHO,SUCRE,wrf5,temp,20260906,20261005,"00Z,12Z",D1,3h,S/D,S/D,S/D,S/D,0
4725B27A,PAUCARAY,AYACUCHO,SUCRE,mpas15,temp,20260906,20261005,00Z,D1,3h,S/D,S/D,S/D,S/D,0
4729F0EC,CAJABAMBA,CAJAMARCA,CAJABAMBA,ecmwf,temp,20260906,20261005,"00Z,12Z",D1,3h,-3.733,3.791,4.234,0.894,478
4729F0EC,CAJABAMBA,CAJAMARCA,CAJABAMBA,gfs,temp,20260906,20261005,"00Z,12Z",D1,3h,-1.537,2.309,2.859,0.843,478
4729F0EC,CAJABAMBA,CAJAMARCA,CAJABAMBA,eta5,temp,20260906,20261005,"00Z,12Z",D1,3h,-4.012,4.075,4.542,0.869,391
4729F0EC,CAJABAMBA,CAJAMARCA,CAJABAMBA,wrf5,temp,20260906,20261005,"00Z,12Z",D1,3h,-2.449,2.75,3.404,0.872,470
4729F0EC,CAJABAMBA,CAJAMARCA,CAJABAMBA,mpas15,temp,20260906,20261005,00Z,D1,3h,-4.848,4.853,5.238,0.926,239
472A32FC,CRISNEJAS,CAJAMARCA,CAJABAMBA,ecmwf,temp,20260906,20261005,"00Z,12Z",D1,3h,S/D,S/D,S/D,S/D,0
472A32FC,CRISNEJAS,CAJAMARCA,CAJABAMBA,gfs,temp,20260906,20261005,"00Z,12Z",D1,3h,S/D,S/D,S/D,S/D,0
472A32FC,CRISNEJAS,CAJAMARCA,CAJABAMBA,eta5,temp,20260906,20261005,"00Z,12Z",D1,3h,S/D,S/D,S/D,S/D,0
472A32FC,CRISNEJAS,CAJAMARCA,CAJABAMBA,wrf5,temp,20260906,20261005,"00Z,12Z",D1,3h,S/D,S/D,S/D,S/D,0
472A32FC,CRISNEJAS,CAJAMARCA,CAJABAMBA,mpas15,temp,20260906,20261005,00Z,D1,3h,S/D,S/D,S/D,S/D,0
472645F0,UNC CAJAMARCA,CAJAMARCA,CAJAMARCA,ecmwf,temp,20260906,20261005,"00Z,12Z",D1,3h,-1.756,2.309,2.866,0.899,470
472645F0,UNC CAJAMARCA,CAJAMARCA,CAJAMARCA,gfs,temp,20260906,20261005,"00Z,12Z",D1,3h,-1.38,2.27,2.871,0.849,470
472645F0,UNC CAJAMARCA,CAJAMARCA,CAJAMARCA,eta5,temp,20260906,20261005,"00Z,12Z",D1,3h,0.828,1.785,2.226,0.874,385
472645F0,UNC CAJAMARCA,CAJAMARCA,CAJAMARCA,wrf5,temp,20260906,20261005,"00Z,12Z",D1,3h,0.873,1.876,2.325,0.878,462
472645F0,UNC CAJAMARCA,CAJAMARCA,CAJAMARCA,mpas15,temp,20260906,20261005,00Z,D1,3h,-3.726,3.787,4.279,0.889,235
472501F4,BALSAS,CAJAMARCA,CELENDIN,ecmwf,temp,20260906,20261005,"00Z,12Z",D1,3h,-10.158,10.158,10.5,0.822,480
472501F4,BALSAS,CAJAMARCA,CELENDIN,gfs,temp,20260906,20261005,"00Z,12Z",D1,3h,-11.733,11.733,12.055,0.768,480
472501F4,BALSAS,CAJAMARCA,CELENDIN,eta5,temp,20260906,20261005,"00Z,12Z",D1,3h,-6.079,6.112,6.727,0.807,392
472501F4,BALSAS,CAJAMARCA,CELENDIN,wrf5,temp,20260906,20261005,"00Z,12Z",D1,3h,-2.938,3.252,3.913,0.827,472
472501F4,BALSAS,CAJAMARCA,CELENDIN,mpas15,temp,20260906,20261005,00Z,D1,3h,-15.075,15.075,15.26,0.795,240
4726631C,CELENDIN,CAJAMARCA,CELENDIN,ecmwf,temp,20260906,20261005,"00Z,12Z",D1,3h,-1.044,2.028,2.518,0.839,468
4726631C,CELENDIN,CAJAMARCA,CELENDIN,gfs,temp,20260906,20261005,"00Z,12Z",D1,3h,-1.079,1.745,2.235,0.874,468
4726631C,CELENDIN,CAJAMARCA,CELENDIN,eta5,temp,20260906,20261005,"00Z,12Z",D1,3h,-0.355,1.68,2.07,0.858,380
4726631C,CELENDIN,CAJAMARCA,CELENDIN,wrf5,temp,20260906,20261005,"00Z,12Z",D1,3h,0.099,1.615,1.974,0.858,460
4726631C,CELENDIN,CAJAMARCA,CELENDIN,mpas15,temp,20260906,20261005,00Z,D1,3h,-0.136,1.593,2.018,0.857,234
4726C3E4,CHOTA,CAJAMARCA,CHOTA,ecmwf,temp,20260906,20261005,"00Z,12Z",D1,3h,-2.627,2.78,3.384,0.861,450
4726C3E4,CHOTA,CAJAMARCA,CHOTA,gfs,temp,20260906,20261005,"00Z,12Z",D1,3h,-2.743,2.869,3.378,0.842,450
4726C3E4,CHOTA,CAJAMARCA,CHOTA,eta5,temp,20260906,20261005,"00Z,12Z",D1,3h,-2.694,2.821,3.234,0.866,364
4726C3E4,CHOTA,CAJAMARCA,CHOTA,wrf5,temp,20260906,20261005,"00Z,12Z",D1,3h,-0.139,1.56,2.0,0.849,444
4726C3E4,CHOTA,CAJAMARCA,CHOTA,mpas15,temp,20260906,20261005,00Z,D1,3h,-4.814,4.841,5.355,0.839,225
47E94706,HUAMBOS,CAJAMARCA,CHOTA,ecmwf,temp,20260906,20261005,"00Z,12Z",D1,3h,0.801,1.709,2.302,0.804,480
47E94706,HUAMBOS,CAJAMARCA,CHOTA,gfs,temp,20260906,20261005,"00Z,12Z",D1,3h,1.77,2.444,3.38,0.772,480
47E94706,HUAMBOS,CAJAMARCA,CHOTA,eta5,temp,20260906,20261005,"00Z,12Z",D1,3h,2.053,2.718,3.497,0.788,392
47E94706,HUAMBOS,CAJAMARCA,CHOTA,wrf5,temp,20260906,20261005,"00Z,12Z",D1,3h,0.632,1.671,2.18,0.802,472
47E94706,HUAMBOS,CAJAMARCA,CHOTA,mpas15,temp,20260906,20261005,00Z,D1,3h,-0.967,1.703,2.139,0.752,240
47E35522,LA MUCHALA,CAJAMARCA,CHOTA,ecmwf,temp,20260906,20261005,"00Z,12Z",D1,3h,1.456,1.456,1.818,0.863,48
47E35522,LA MUCHALA,CAJAMARCA,CHOTA,gfs,temp,20260906,20261005,"00Z,12Z",D1,3h,2.667,2.667,3.067,0.882,48
47E35522,LA MUCHALA,CAJAMARCA,CHOTA,eta5,temp,20260906,20261005,"00Z,12Z",D1,3h,4.098,4.098,4.36,0.862,43
47E35522,LA MUCHALA,CAJAMARCA,CHOTA,wrf5,temp,20260906,20261005,"00Z,12Z",D1,3h,2.238,2.253,2.712,0.874,48
47E35522,LA MUCHALA,CAJAMARCA,CHOTA,mpas15,temp,20260906,20261005,00Z,D1,3h,0.891,1.22,1.583,0.885,24
47E1D6C2,PUENTE SAN CARLOS,CAJAMARCA,CHOTA,ecmwf,temp,20260906,20261005,"00Z,12Z",D1,3h,-5.346,5.368,5.814,0.658,478
47E1D6C2,PUENTE SAN CARLOS,CAJAMARCA,CHOTA,gfs,temp,20260906,20261005,"00Z,12Z",D1,3h,-4.089,4.394,4.964,0.543,478
47E1D6C2,PUENTE SAN CARLOS,CAJAMARCA,CHOTA,eta5,temp,20260906,20261005,"00Z,12Z",D1,3h,-1.233,1.958,2.277,0.848,390
47E1D6C2,PUENTE SAN CARLOS,CAJAMARCA,CHOTA,wrf5,temp,20260906,20261005,"00Z,12Z",D1,3h,-1.907,2.553,2.906,0.881,470
47E1D6C2,PUENTE SAN CARLOS,CAJAMARCA,CHOTA,mpas15,temp,20260906,20261005,00Z,D1,3h,-2.544,2.724,3.022,0.851,239
47E1F02E,TUNEL CHOTANO,CAJAMARCA,CHOTA,ecmwf,temp,20260906,20261005,"00Z,12Z",D1,3h,-3.955,3.963,4.468,0.89,476
47E1F02E,TUNEL CHOTANO,CAJAMARCA,CHOTA,gfs,temp,20260906,20261005,"00Z,12Z",D1,3h,-4.121,4.132,4.593,0.841,476
47E1F02E,TUNEL CHOTANO,CAJAMARCA,CHOTA,eta5,temp,20260906,20261005,"00Z,12Z",D1,3h,-1.329,1.788,2.192,0.89,388
47E1F02E,TUNEL CHOTANO,CAJAMARCA,CHOTA,wrf5,temp,20260906,20261005,"00Z,12Z",D1,3h,-2.473,2.691,3.418,0.812,468
47E1F02E,TUNEL CHOTANO,CAJAMARCA,CHOTA,mpas15,temp,20260906,20261005,00Z,D1,3h,-5.336,5.336,5.884,0.875,238
472C92CA,CASCABAMBA,CAJAMARCA,CONTUMAZA,ecmwf,temp,20260906,20261005,"00Z,12Z",D1,3h,7.411,7.411,7.74,0.762,480
472C92CA,CASCABAMBA,CAJAMARCA,CONTUMAZA,gfs,temp,20260906,20261005,"00Z,12Z",D1,3h,9.243,9.243,9.481,0.747,480
472C92CA,CASCABAMBA,CAJAMARCA,CONTUMAZA,eta5,temp,20260906,20261005,"00Z,12Z",D1,3h,0.625,1.433,1.835,0.821,392
472C92CA,CASCABAMBA,CAJAMARCA,CONTUMAZA,wrf5,temp,20260906,20261005,"00Z,12Z",D1,3h,0.189,1.795,2.276,0.722,472
472C92CA,CASCABAMBA,CAJAMARCA,CONTUMAZA,mpas15,temp,20260906,20261005,00Z,D1,3h,6.671,6.679,6.954,0.78,240
472C81BC,GUZMANGO,CAJAMARCA,CONTUMAZA,ecmwf,temp,20260906,20261005,"00Z,12Z",D1,3h,3.827,3.836,4.237,0.686,478
472C81BC,GUZMANGO,CAJAMARCA,CONTUMAZA,gfs,temp,20260906,20261005,"00Z,12Z",D1,3h,4.652,4.652,5.082,0.66,478
472C81BC,GUZMANGO,CAJAMARCA,CONTUMAZA,eta5,temp,20260906,20261005,"00Z,12Z",D1,3h,1.159,1.647,2.081,0.766,390
472C81BC,GUZMANGO,CAJAMARCA,CONTUMAZA,wrf5,temp,20260906,20261005,"00Z,12Z",D1,3h,2.16,2.387,2.767,0.709,470
472C81BC,GUZMANGO,CAJAMARCA,CONTUMAZA,mpas15,temp,20260906,20261005,00Z,D1,3h,2.15,2.317,2.813,0.746,239
4727470A,PUENTE CHILETE,CAJAMARCA,CONTUMAZA,ecmwf,temp,20260906,20261005,"00Z,12Z",D1,3h,-8.121,8.121,8.417,0.855,478
4727470A,PUENTE CHILETE,CAJAMARCA,CONTUMAZA,gfs,temp,20260906,20261005,"00Z,12Z",D1,3h,-7.721,7.721,8.057,0.769,478
4727470A,PUENTE CHILETE,CAJAMARCA,CONTUMAZA,eta5,temp,20260906,20261005,"00Z,12Z",D1,3h,-0.994,1.703,2.119,0.876,390
4727470A,PUENTE CHILETE,CAJAMARCA,CONTUMAZA,wrf5,temp,20260906,20261005,"00Z,12Z",D1,3h,-2.035,2.248,2.657,0.892,470
4727470A,PUENTE CHILETE,CAJAMARCA,CONTUMAZA,mpas15,temp,20260906,20261005,00Z,D1,3h,-10.479,10.479,10.769,0.761,239
4726E508,YONAN GORE,CAJAMARCA,CONTUMAZA,ecmwf,temp,20260906,20261005,"00Z,12Z",D1,3h,S/D,S/D,S/D,S/D,0
4726E508,YONAN GORE,CAJAMARCA,CONTUMAZA,gfs,temp,20260906,20261005,"00Z,12Z",D1,3h,S/D,S/D,S/D,S/D,0
4726E508,YONAN GORE,CAJAMARCA,CONTUMAZA,eta5,temp,20260906,20261005,"00Z,12Z",D1,3h,S/D,S/D,S/D,S/D,0
4726E508,YONAN GORE,CAJAMARCA,CONTUMAZA,wrf5,temp,20260906,20261005,"00Z,12Z",D1,3h,S/D,S/D,S/D,S/D,0
4726E508,YONAN GORE,CAJAMARCA,CONTUMAZA,mpas15,temp,20260906,20261005,00Z,D1,3h,S/D,S/D,S/D,S/D,0
472B3006,CUMBA,CAJAMARCA,CUTERVO,ecmwf,temp,20260906,20261005,"00Z,12Z",D1,3h,S/D,S/D,S/D,S/D,0
472B3006,CUMBA,CAJAMARCA,CUTERVO,gfs,temp,20260906,20261005,"00Z,12Z",D1,3h,S/D,S/D,S/D,S/D,0
472B3006,CUMBA,CAJAMARCA,CUTERVO,eta5,temp,20260906,20261005,"00Z,12Z",D1,3h,S/D,S/D,S/D,S/D,0
472B3006,CUMBA,CAJAMARCA,CUTERVO,wrf5,temp,20260906,20261005,"00Z,12Z",D1,3h,S/D,S/D,S/D,S/D,0
472B3006,CUMBA,CAJAMARCA,CUTERVO,mpas15,temp,20260906,20261005,00Z,D1,3h,S/D,S/D,S/D,S/D,0
4726A602,CUTERVO,CAJAMARCA,CUTERVO,ecmwf,temp,20260906,20261005,"00Z,12Z",D1,3h,0.499,1.74,2.203,0.77,454
4726A602,CUTERVO,CAJAMARCA,CUTERVO,gfs,temp,20260906,20261005,"00Z,12Z",D1,3h,0.279,1.39,1.772,0.836,454
4726A602,CUTERVO,CAJAMARCA,CUTERVO,eta5,temp,20260906,20261005,"00Z,12Z",D1,3h,-0.27,1.575,1.976,0.845,375
4726A602,CUTERVO,CAJAMARCA,CUTERVO,wrf5,temp,20260906,20261005,"00Z,12Z",D1,3h,-0.334,1.268,1.607,0.851,446
4726A602,CUTERVO,CAJAMARCA,CUTERVO,mpas15,temp,20260906,20261005,00Z,D1,3h,0.602,1.164,1.449,0.87,227
4726D092,BAMBAMARCA H,CAJAMARCA,HUALGAYOC,ecmwf,temp,20260906,20261005,"00Z,12Z",D1,3h,S/D,S/D,S/D,S/D,0
4726D092,BAMBAMARCA H,CAJAMARCA,HUALGAYOC,gfs,temp,20260906,20261005,"00Z,12Z",D1,3h,S/D,S/D,S/D,S/D,0
4726D092,BAMBAMARCA H,CAJAMARCA,HUALGAYOC,eta5,temp,20260906,20261005,"00Z,12Z",D1,3h,S/D,S/D,S/D,S/D,0
4726D092,BAMBAMARCA H,CAJAMARCA,HUALGAYOC,wrf5,temp,20260906,20261005,"00Z,12Z",D1,3h,S/D,S/D,S/D,S/D,0
4726D092,BAMBAMARCA H,CAJAMARCA,HUALGAYOC,mpas15,temp,20260906,20261005,00Z,D1,3h,S/D,S/D,S/D,S/D,0
472680EE,BAMBAMARCA M,CAJAMARCA,HUALGAYOC,ecmwf,temp,20260906,20261005,"00Z,12Z",D1,3h,-4.635,4.658,5.112,0.835,476
472680EE,BAMBAMARCA M,CAJAMARCA,HUALGAYOC,gfs,temp,20260906,20261005,"00Z,12Z",D1,3h,-5.593,5.593,5.886,0.818,476
472680EE,BAMBAMARCA M,CAJAMARCA,HUALGAYOC,eta5,temp,20260906,20261005,"00Z,12Z",D1,3h,-2.395,2.723,3.146,0.857,388
472680EE,BAMBAMARCA M,CAJAMARCA,HUALGAYOC,wrf5,temp,20260906,20261005,"00Z,12Z",D1,3h,-0.417,1.38,1.783,0.866,468
472680EE,BAMBAMARCA M,CAJAMARCA,HUALGAYOC,mpas15,temp,20260906,20261005,00Z,D1,3h,-5.634,5.634,5.917,0.804,238
4727F484,CHUGUR,CAJAMARCA,HUALGAYOC,ecmwf,temp,20260906,20261005,"00Z,12Z",D1,3h,-4.526,4.538,4.853,0.825,474
4727F484,CHUGUR,CAJAMARCA,HUALGAYOC,gfs,temp,20260906,20261005,"00Z,12Z",D1,3h,-2.616,2.674,3.072,0.804,474
4727F484,CHUGUR,CAJAMARCA,HUALGAYOC,eta5,temp,20260906,20261005,"00Z,12Z",D1,3h,0.709,1.487,1.877,0.875,387
4727F484,CHUGUR,CAJAMARCA,HUALGAYOC,wrf5,temp,20260906,20261005,"00Z,12Z",D1,3h,-1.99,2.113,2.615,0.796,466
4727F484,CHUGUR,CAJAMARCA,HUALGAYOC,mpas15,temp,20260906,20261005,00Z,D1,3h,-1.455,1.75,2.115,0.82,237
472A571A,HUALLAPE,CAJAMARCA,JAEN,ecmwf,temp,20260906,20261005,"00Z,12Z",D1,3h,S/D,S/D,S/D,S/D,0
472A571A,HUALLAPE,CAJAMARCA,JAEN,gfs,temp,20260906,20261005,"00Z,12Z",D1,3h,S/D,S/D,S/D,S/D,0
472A571A,HUALLAPE,CAJAMARCA,JAEN,eta5,temp,20260906,20261005,"00Z,12Z",D1,3h,S/D,S/D,S/D,S/D,0
472A571A,HUALLAPE,CAJAMARCA,JAEN,wrf5,temp,20260906,20261005,"00Z,12Z",D1,3h,S/D,S/D,S/D,S/D,0
472A571A,HUALLAPE,CAJAMARCA,JAEN,mpas15,temp,20260906,20261005,00Z,D1,3h,S/D,S/D,S/D,S/D,0
47269398,JAEN,CAJAMARCA,JAEN,ecmwf,temp,20260906,20261005,"00Z,12Z",D1,3h,-3.056,3.139,3.519,0.916,468
47269398,JAEN,CAJAMARCA,JAEN,gfs,temp,20260906,20261005,"00Z,12Z",D1,3h,-2.282,2.435,2.77,0.916,468
47269398,JAEN,CAJAMARCA,JAEN,eta5,temp,20260906,20261005,"00Z,12Z",D1,3h,-1.077,1.866,2.329,0.871,381
47269398,JAEN,CAJAMARCA,JAEN,wrf5,temp,20260906,20261005,"00Z,12Z",D1,3h,0.36,1.497,1.98,0.87,460
47269398,JAEN,CAJAMARCA,JAEN,mpas15,temp,20260906,20261005,00Z,D1,3h,-4.402,4.429,4.841,0.889,234
105136,SAUZAL,CAJAMARCA,JAEN,ecmwf,temp,20260906,20261005,"00Z,12Z",D1,3h,S/D,S/D,S/D,S/D,0
105136,SAUZAL,CAJAMARCA,JAEN,gfs,temp,20260906,20261005,"00Z,12Z",D1,3h,S/D,S/D,S/D,S/D,0
105136,SAUZAL,CAJAMARCA,JAEN,eta5,temp,20260906,20261005,"00Z,12Z",D1,3h,S/D,S/D,S/D,S/D,0
105136,SAUZAL,CAJAMARCA,JAEN,wrf5,temp,20260906,20261005,"00Z,12Z",D1,3h,S/D,S/D,S/D,S/D,0
105136,SAUZAL,CAJAMARCA,JAEN,mpas15,temp,20260906,20261005,00Z,D1,3h,S/D,S/D,S/D,S/D,0
4725E206,SAN MARCOS,CAJAMARCA,SAN MARCOS,ecmwf,temp,20260906,20261005,"00Z,12Z",D1,3h,-4.877,4.907,5.493,0.912,472
4725E206,SAN MARCOS,CAJAMARCA,SAN MARCOS,gfs,temp,20260906,20261005,"00Z,12Z",D1,3h,-4.977,5.1,6.197,0.858,472
4725E206,SAN MARCOS,CAJAMARCA,SAN MARCOS,eta5,temp,20260906,20261005,"00Z,12Z",D1,3h,-1.849,2.731,3.303,0.883,385
4725E206,SAN MARCOS,CAJAMARCA,SAN MARCOS,wrf5,temp,20260906,20261005,"00Z,12Z",D1,3h,0.958,2.64,3.22,0.859,464
4725E206,SAN MARCOS,CAJAMARCA,SAN MARCOS,mpas15,temp,20260906,20261005,00Z,D1,3h,-4.476,4.54,5.433,0.934,236
47E207A4,TONGOD,CAJAMARCA,SAN MIGUEL,ecmwf,temp,20260906,20261005,"00Z,12Z",D1,3h,-4.681,4.741,5.293,0.843,476
47E207A4,TONGOD,CAJAMARCA,SAN MIGUEL,gfs,temp,20260906,20261005,"00Z,12Z",D1,3h,-2.757,3.163,3.706,0.778,476
47E207A4,TONGOD,CAJAMARCA,SAN MIGUEL,eta5,temp,20260906,20261005,"00Z,12Z",D1,3h,-3.388,3.67,4.072,0.825,389
47E207A4,TONGOD,CAJAMARCA,SAN MIGUEL,wrf5,temp,20260906,20261005,"00Z,12Z",D1,3h,0.745,1.901,2.574,0.797,468
47E207A4,TONGOD,CAJAMARCA,SAN MIGUEL,mpas15,temp,20260906,20261005,00Z,D1,3h,-3.586,3.797,4.313,0.791,238
47E1C5B4,CAÑAD,CAJAMARCA,SANTA CRUZ,ecmwf,temp,20260906,20261005,"00Z,12Z",D1,3h,-9.316,9.316,9.609,0.705,472
47E1C5B4,CAÑAD,CAJAMARCA,SANTA CRUZ,gfs,temp,20260906,20261005,"00Z,12Z",D1,3h,-8.473,8.473,8.787,0.665,472
47E1C5B4,CAÑAD,CAJAMARCA,SANTA CRUZ,eta5,temp,20260906,20261005,"00Z,12Z",D1,3h,-4.822,4.895,5.67,0.683,386
47E1C5B4,CAÑAD,CAJAMARCA,SANTA CRUZ,wrf5,temp,20260906,20261005,"00Z,12Z",D1,3h,-1.699,2.133,2.684,0.782,464
47E1C5B4,CAÑAD,CAJAMARCA,SANTA CRUZ,mpas15,temp,20260906,20261005,00Z,D1,3h,-6.802,6.802,7.147,0.724,236
47E3055E,CHANCAY BAÑOS,CAJAMARCA,SANTA CRUZ,ecmwf,temp,20260906,20261005,"00Z,12Z",D1,3h,-5.636,5.636,5.907,0.914,478
47E3055E,CHANCAY BAÑOS,CAJAMARCA,SANTA CRUZ,gfs,temp,20260906,20261005,"00Z,12Z",D1,3h,-5.82,5.82,6.113,0.824,478
47E3055E,CHANCAY BAÑOS,CAJAMARCA,SANTA CRUZ,eta5,temp,20260906,20261005,"00Z,12Z",D1,3h,-2.397,2.602,3.135,0.85,391
47E3055E,CHANCAY BAÑOS,CAJAMARCA,SANTA CRUZ,wrf5,temp,20260906,20261005,"00Z,12Z",D1,3h,0.054,1.537,2.009,0.826,470
47E3055E,CHANCAY BAÑOS,CAJAMARCA,SANTA CRUZ,mpas15,temp,20260906,20261005,00Z,D1,3h,-5.551,5.551,5.934,0.859,239
47E1E358,PUENTE AMBAN,CAJAMARCA,SANTA CRUZ,ecmwf,temp,20260906,20261005,"00Z,12Z",D1,3h,-4.982,4.987,5.398,0.877,478
47E1E358,PUENTE AMBAN,CAJAMARCA,SANTA CRUZ,gfs,temp,20260906,20261005,"00Z,12Z",D1,3h,-4.011,4.054,4.52,0.833,478
47E1E358,PUENTE AMBAN,CAJAMARCA,SANTA CRUZ,eta5,temp,20260906,20261005,"00Z,12Z",D1,3h,-2.359,2.636,3.117,0.855,390
47E1E358,PUENTE AMBAN,CAJAMARCA,SANTA CRUZ,wrf5,temp,20260906,20261005,"00Z,12Z",D1,3h,-0.626,1.794,2.368,0.816,470
47E1E358,PUENTE AMBAN,CAJAMARCA,SANTA CRUZ,mpas15,temp,20260906,20261005,00Z,D1,3h,-6.74,6.74,7.249,0.858,239
114132,POMACANCHI,CUSCO,ACOMAYO,ecmwf,temp,20260906,20261005,"00Z,12Z",D1,3h,-1.611,2.254,2.7,0.916,480
114132,POMACANCHI,CUSCO,ACOMAYO,gfs,temp,20260906,20261005,"00Z,12Z",D1,3h,-1.116,2.401,2.931,0.886,480
114132,POMACANCHI,CUSCO,ACOMAYO,eta5,temp,20260906,20261005,"00Z,12Z",D1,3h,0.063,1.87,2.422,0.873,392
114132,POMACANCHI,CUSCO,ACOMAYO,wrf5,temp,20260906,20261005,"00Z,12Z",D1,3h,0.972,2.004,2.735,0.883,472
114132,POMACANCHI,CUSCO,ACOMAYO,mpas15,temp,20260906,20261005,00Z,D1,3h,-2.632,3.008,3.461,0.92,240
113252,ANCACHURO,CUSCO,ANTA,ecmwf,temp,20260906,20261005,"00Z,12Z",D1,3h,-1.466,2.958,3.484,0.88,480
113252,ANCACHURO,CUSCO,ANTA,gfs,temp,20260906,20261005,"00Z,12Z",D1,3h,-0.489,3.258,3.7,0.868,480
113252,ANCACHURO,CUSCO,ANTA,eta5,temp,20260906,20261005,"00Z,12Z",D1,3h,3.914,3.963,4.723,0.897,392
113252,ANCACHURO,CUSCO,ANTA,wrf5,temp,20260906,20261005,"00Z,12Z",D1,3h,2.474,3.064,3.917,0.897,472
113252,ANCACHURO,CUSCO,ANTA,mpas15,temp,20260906,20261005,00Z,D1,3h,-1.975,2.927,3.61,0.943,240
47294362,SORAYPAMPA,CUSCO,ANTA,ecmwf,temp,20260906,20261005,"00Z,12Z",D1,3h,4.09,4.201,4.935,0.832,480
47294362,SORAYPAMPA,CUSCO,ANTA,gfs,temp,20260906,20261005,"00Z,12Z",D1,3h,3.432,3.472,4.001,0.87,480
47294362,SORAYPAMPA,CUSCO,ANTA,eta5,temp,20260906,20261005,"00Z,12Z",D1,3h,-3.304,3.611,4.104,0.855,392
47294362,SORAYPAMPA,CUSCO,ANTA,wrf5,temp,20260906,20261005,"00Z,12Z",D1,3h,-1.4,2.412,2.976,0.836,472
47294362,SORAYPAMPA,CUSCO,ANTA,mpas15,temp,20260906,20261005,00Z,D1,3h,-1.106,1.84,2.367,0.896,240
472976F8,CALCA,CUSCO,CALCA,ecmwf,temp,20260906,20261005,"00Z,12Z",D1,3h,-9.954,9.963,10.444,0.788,474
472976F8,CALCA,CUSCO,CALCA,gfs,temp,20260906,20261005,"00Z,12Z",D1,3h,-7.641,7.654,8.399,0.817,474
472976F8,CALCA,CUSCO,CALCA,eta5,temp,20260906,20261005,"00Z,12Z",D1,3h,-6.663,6.669,7.166,0.862,388
472976F8,CALCA,CUSCO,CALCA,wrf5,temp,20260906,20261005,"00Z,12Z",D1,3h,-0.324,2.213,2.735,0.868,466
472976F8,CALCA,CUSCO,CALCA,mpas15,temp,20260906,20261005,00Z,D1,3h,-8.589,8.594,9.045,0.897,237
472A6280,NUEVO PISAC,CUSCO,CALCA,ecmwf,temp,20260906,20261005,"00Z,12Z",D1,3h,S/D,S/D,S/D,S/D,0
472A6280,NUEVO PISAC,CUSCO,CALCA,gfs,temp,20260906,20261005,"00Z,12Z",D1,3h,S/D,S/D,S/D,S/D,0
472A6280,NUEVO PISAC,CUSCO,CALCA,eta5,temp,20260906,20261005,"00Z,12Z",D1,3h,S/D,S/D,S/D,S/D,0
472A6280,NUEVO PISAC,CUSCO,CALCA,wrf5,temp,20260906,20261005,"00Z,12Z",D1,3h,S/D,S/D,S/D,S/D,0
472A6280,NUEVO PISAC,CUSCO,CALCA,mpas15,temp,20260906,20261005,00Z,D1,3h,S/D,S/D,S/D,S/D,0
114126,PAYAPUNKU,CUSCO,CANAS,ecmwf,temp,20260906,20261005,"00Z,12Z",D1,3h,-1.552,2.428,3.024,0.888,480
114126,PAYAPUNKU,CUSCO,CANAS,gfs,temp,20260906,20261005,"00Z,12Z",D1,3h,-0.236,2.053,2.663,0.884,480
114126,PAYAPUNKU,CUSCO,CANAS,eta5,temp,20260906,20261005,"00Z,12Z",D1,3h,-1.056,2.476,3.046,0.856,392
114126,PAYAPUNKU,CUSCO,CANAS,wrf5,temp,20260906,20261005,"00Z,12Z",D1,3h,0.971,2.506,3.241,0.836,472
114126,PAYAPUNKU,CUSCO,CANAS,mpas15,temp,20260906,20261005,00Z,D1,3h,-2.567,3.161,3.551,0.896,240
114125,SAUSAYA,CUSCO,CANAS,ecmwf,temp,20260906,20261005,"00Z,12Z",D1,3h,-0.337,4.068,5.114,0.877,478
114125,SAUSAYA,CUSCO,CANAS,gfs,temp,20260906,20261005,"00Z,12Z",D1,3h,0.974,4.188,5.496,0.845,478
114125,SAUSAYA,CUSCO,CANAS,eta5,temp,20260906,20261005,"00Z,12Z",D1,3h,3.661,4.404,5.937,0.861,391
114125,SAUSAYA,CUSCO,CANAS,wrf5,temp,20260906,20261005,"00Z,12Z",D1,3h,3.255,4.518,6.167,0.834,470
114125,SAUSAYA,CUSCO,CANAS,mpas15,temp,20260906,20261005,00Z,D1,3h,-0.702,3.893,4.767,0.911,239
472E025C,QUISOQUEPINA,CUSCO,CANCHIS,ecmwf,temp,20260906,20261005,"00Z,12Z",D1,3h,-0.383,1.738,2.261,0.617,130
472E025C,QUISOQUEPINA,CUSCO,CANCHIS,gfs,temp,20260906,20261005,"00Z,12Z",D1,3h,2.113,2.307,2.815,0.678,130
472E025C,QUISOQUEPINA,CUSCO,CANCHIS,eta5,temp,20260906,20261005,"00Z,12Z",D1,3h,2.161,2.522,3.016,0.681,115
472E025C,QUISOQUEPINA,CUSCO,CANCHIS,wrf5,temp,20260906,20261005,"00Z,12Z",D1,3h,0.315,1.83,2.381,0.504,124
472E025C,QUISOQUEPINA,CUSCO,CANCHIS,mpas15,temp,20260906,20261005,00Z,D1,3h,1.567,2.014,2.533,0.647,65
114118,SALCCA,CUSCO,CANCHIS,ecmwf,temp,20260906,20261005,"00Z,12Z",D1,3h,S/D,S/D,S/D,S/D,0
114118,SALCCA,CUSCO,CANCHIS,gfs,temp,20260906,20261005,"00Z,12Z",D1,3h,S/D,S/D,S/D,S/D,0
114118,SALCCA,CUSCO,CANCHIS,eta5,temp,20260906,20261005,"00Z,12Z",D1,3h,S/D,S/D,S/D,S/D,0
114118,SALCCA,CUSCO,CANCHIS,wrf5,temp,20260906,20261005,"00Z,12Z",D1,3h,S/D,S/D,S/D,S/D,0
114118,SALCCA,CUSCO,CANCHIS,mpas15,temp,20260906,20261005,00Z,D1,3h,S/D,S/D,S/D,S/D,0
47E8B578,SIBINACOCHA,CUSCO,CANCHIS,ecmwf,temp,20260906,20261005,"00Z,12Z",D1,3h,0.147,2.348,2.825,0.794,480
47E8B578,SIBINACOCHA,CUSCO,CANCHIS,gfs,temp,20260906,20261005,"00Z,12Z",D1,3h,0.464,1.867,2.377,0.793,480
47E8B578,SIBINACOCHA,CUSCO,CANCHIS,eta5,temp,20260906,20261005,"00Z,12Z",D1,3h,3.077,3.271,4.028,0.812,392
47E8B578,SIBINACOCHA,CUSCO,CANCHIS,wrf5,temp,20260906,20261005,"00Z,12Z",D1,3h,1.642,2.39,3.014,0.768,472
47E8B578,SIBINACOCHA,CUSCO,CANCHIS,mpas15,temp,20260906,20261005,00Z,D1,3h,-1.509,2.271,2.673,0.808,240
4726158C,SICUANI,CUSCO,CANCHIS,ecmwf,temp,20260906,20261005,"00Z,12Z",D1,3h,-2.185,2.913,3.398,0.944,472
4726158C,SICUANI,CUSCO,CANCHIS,gfs,temp,20260906,20261005,"00Z,12Z",D1,3h,-1.535,3.604,4.171,0.882,472
4726158C,SICUANI,CUSCO,CANCHIS,eta5,temp,20260906,20261005,"00Z,12Z",D1,3h,0.263,2.417,3.018,0.91,387
4726158C,SICUANI,CUSCO,CANCHIS,wrf5,temp,20260906,20261005,"00Z,12Z",D1,3h,2.669,3.268,4.459,0.89,464
4726158C,SICUANI,CUSCO,CANCHIS,mpas15,temp,20260906,20261005,00Z,D1,3h,-4.799,5.299,6.175,0.904,236
114123,MARCA CUNKA,CUSCO,CHUMBIVILCAS,ecmwf,temp,20260906,20261005,"00Z,12Z",D1,3h,-2.307,3.46,4.251,0.86,480
114123,MARCA CUNKA,CUSCO,CHUMBIVILCAS,gfs,temp,20260906,20261005,"00Z,12Z",D1,3h,-0.278,2.846,3.678,0.884,480
114123,MARCA CUNKA,CUSCO,CHUMBIVILCAS,eta5,temp,20260906,20261005,"00Z,12Z",D1,3h,1.356,3.017,3.893,0.846,392
114123,MARCA CUNKA,CUSCO,CHUMBIVILCAS,wrf5,temp,20260906,20261005,"00Z,12Z",D1,3h,1.042,3.033,3.996,0.842,472
114123,MARCA CUNKA,CUSCO,CHUMBIVILCAS,mpas15,temp,20260906,20261005,00Z,D1,3h,-2.419,3.677,4.221,0.875,240
4729A090,SANTO TOMAS,CUSCO,CHUMBIVILCAS,ecmwf,temp,20260906,20261005,"00Z,12Z",D1,3h,-3.962,4.055,4.582,0.909,472
4729A090,SANTO TOMAS,CUSCO,CHUMBIVILCAS,gfs,temp,20260906,20261005,"00Z,12Z",D1,3h,-1.929,2.33,2.871,0.935,472
4729A090,SANTO TOMAS,CUSCO,CHUMBIVILCAS,eta5,temp,20260906,20261005,"00Z,12Z",D1,3h,0.365,1.998,2.52,0.887,386
4729A090,SANTO TOMAS,CUSCO,CHUMBIVILCAS,wrf5,temp,20260906,20261005,"00Z,12Z",D1,3h,2.461,2.725,3.353,0.908,464
4729A090,SANTO TOMAS,CUSCO,CHUMBIVILCAS,mpas15,temp,20260906,20261005,00Z,D1,3h,-4.084,4.221,4.69,0.896,236
114124,HUAYHUAHUASI,CUSCO,ESPINAR,ecmwf,temp,20260906,20261005,"00Z,12Z",D1,3h,1.48,3.356,4.531,0.921,480
114124,HUAYHUAHUASI,CUSCO,ESPINAR,gfs,temp,20260906,20261005,"00Z,12Z",D1,3h,2.679,4.621,6.351,0.828,480
114124,HUAYHUAHUASI,CUSCO,ESPINAR,eta5,temp,20260906,20261005,"00Z,12Z",D1,3h,4.639,5.221,6.895,0.848,392
114124,HUAYHUAHUASI,CUSCO,ESPINAR,wrf5,temp,20260906,20261005,"00Z,12Z",D1,3h,3.618,4.902,6.674,0.825,472
114124,HUAYHUAHUASI,CUSCO,ESPINAR,mpas15,temp,20260906,20261005,00Z,D1,3h,-0.028,3.724,4.842,0.915,240
47E880E2,PICHARI,CUSCO,LA CONVENCION,ecmwf,temp,20260906,20261005,"00Z,12Z",D1,3h,-7.933,7.933,8.523,0.76,478
47E880E2,PICHARI,CUSCO,LA CONVENCION,gfs,temp,20260906,20261005,"00Z,12Z",D1,3h,-7.48,7.505,8.17,0.691,478
47E880E2,PICHARI,CUSCO,LA CONVENCION,eta5,temp,20260906,20261005,"00Z,12Z",D1,3h,1.136,2.291,2.918,0.775,391
47E880E2,PICHARI,CUSCO,LA CONVENCION,wrf5,temp,20260906,20261005,"00Z,12Z",D1,3h,1.731,2.528,3.269,0.806,470
47E880E2,PICHARI,CUSCO,LA CONVENCION,mpas15,temp,20260906,20261005,00Z,D1,3h,-9.508,9.508,10.206,0.586,239
112264,PONGO DE MAINIQUE,CUSCO,LA CONVENCION,ecmwf,temp,20260906,20261005,"00Z,12Z",D1,3h,-2.578,2.987,3.348,0.828,480
112264,PONGO DE MAINIQUE,CUSCO,LA CONVENCION,gfs,temp,20260906,20261005,"00Z,12Z",D1,3h,-1.708,2.878,3.36,0.786,480
112264,PONGO DE MAINIQUE,CUSCO,LA CONVENCION,eta5,temp,20260906,20261005,"00Z,12Z",D1,3h,0.909,1.848,2.414,0.767,392
112264,PONGO DE MAINIQUE,CUSCO,LA CONVENCION,wrf5,temp,20260906,20261005,"00Z,12Z",D1,3h,0.886,1.731,2.231,0.831,472
112264,PONGO DE MAINIQUE,CUSCO,LA CONVENCION,mpas15,temp,20260906,20261005,00Z,D1,3h,-2.868,3.238,3.661,0.776,240
4729658E,SAN PABLO,CUSCO,LA CONVENCION,ecmwf,temp,20260906,20261005,"00Z,12Z",D1,3h,-10.768,10.768,11.179,0.793,480
4729658E,SAN PABLO,CUSCO,LA CONVENCION,gfs,temp,20260906,20261005,"00Z,12Z",D1,3h,-9.759,9.759,10.24,0.773,480
4729658E,SAN PABLO,CUSCO,LA CONVENCION,eta5,temp,20260906,20261005,"00Z,12Z",D1,3h,-5.325,5.406,6.269,0.764,392
4729658E,SAN PABLO,CUSCO,LA CONVENCION,wrf5,temp,20260906,20261005,"00Z,12Z",D1,3h,-1.403,2.428,2.922,0.824,472
4729658E,SAN PABLO,CUSCO,LA CONVENCION,mpas15,temp,20260906,20261005,00Z,D1,3h,-10.629,10.629,11.314,0.647,240
4722A338,ACJANACO ,CUSCO,PAUCARTAMBO,ecmwf,temp,20260906,20261005,"00Z,12Z",D1,3h,0.041,1.907,2.38,0.746,480
4722A338,ACJANACO ,CUSCO,PAUCARTAMBO,gfs,temp,20260906,20261005,"00Z,12Z",D1,3h,1.476,2.064,2.631,0.694,480
4722A338,ACJANACO ,CUSCO,PAUCARTAMBO,eta5,temp,20260906,20261005,"00Z,12Z",D1,3h,-0.137,1.578,2.069,0.756,392
4722A338,ACJANACO ,CUSCO,PAUCARTAMBO,wrf5,temp,20260906,20261005,"00Z,12Z",D1,3h,1.601,2.101,2.77,0.63,472
4722A338,ACJANACO ,CUSCO,PAUCARTAMBO,mpas15,temp,20260906,20261005,00Z,D1,3h,-0.803,1.662,2.2,0.766,240
113247,ASHANAKU,CUSCO,QUISPICANCHI,ecmwf,temp,20260906,20261005,"00Z,12Z",D1,3h,-0.443,1.635,2.053,0.845,480
113247,ASHANAKU,CUSCO,QUISPICANCHI,gfs,temp,20260906,20261005,"00Z,12Z",D1,3h,0.148,1.952,2.52,0.815,480
113247,ASHANAKU,CUSCO,QUISPICANCHI,eta5,temp,20260906,20261005,"00Z,12Z",D1,3h,0.739,1.687,2.27,0.826,392
113247,ASHANAKU,CUSCO,QUISPICANCHI,wrf5,temp,20260906,20261005,"00Z,12Z",D1,3h,-1.321,2.252,2.832,0.764,472
113247,ASHANAKU,CUSCO,QUISPICANCHI,mpas15,temp,20260906,20261005,00Z,D1,3h,-0.878,1.762,2.351,0.876,240
113254,QUINCEMIL,CUSCO,QUISPICANCHI,ecmwf,temp,20260906,20261005,"00Z,12Z",D1,3h,-0.398,1.477,1.95,0.832,480
113254,QUINCEMIL,CUSCO,QUISPICANCHI,gfs,temp,20260906,20261005,"00Z,12Z",D1,3h,-0.596,1.743,2.218,0.793,480
113254,QUINCEMIL,CUSCO,QUISPICANCHI,eta5,temp,20260906,20261005,"00Z,12Z",D1,3h,0.908,1.86,2.292,0.807,392
113254,QUINCEMIL,CUSCO,QUISPICANCHI,wrf5,temp,20260906,20261005,"00Z,12Z",D1,3h,3.098,3.184,3.624,0.86,472
113254,QUINCEMIL,CUSCO,QUISPICANCHI,mpas15,temp,20260906,20261005,00Z,D1,3h,-1.638,2.185,2.772,0.764,240
472A9204,CHILCA,CUSCO,URUBAMBA,ecmwf,temp,20260906,20261005,"00Z,12Z",D1,3h,S/D,S/D,S/D,S/D,0
472A9204,CHILCA,CUSCO,URUBAMBA,gfs,temp,20260906,20261005,"00Z,12Z",D1,3h,S/D,S/D,S/D,S/D,0
472A9204,CHILCA,CUSCO,URUBAMBA,eta5,temp,20260906,20261005,"00Z,12Z",D1,3h,S/D,S/D,S/D,S/D,0
472A9204,CHILCA,CUSCO,URUBAMBA,wrf5,temp,20260906,20261005,"00Z,12Z",D1,3h,S/D,S/D,S/D,S/D,0
472A9204,CHILCA,CUSCO,URUBAMBA,mpas15,temp,20260906,20261005,00Z,D1,3h,S/D,S/D,S/D,S/D,0
4727C11E,HUAYLLABAMBA,CUSCO,URUBAMBA,ecmwf,temp,20260906,20261005,"00Z,12Z",D1,3h,-5.832,5.871,6.375,0.716,472
4727C11E,HUAYLLABAMBA,CUSCO,URUBAMBA,gfs,temp,20260906,20261005,"00Z,12Z",D1,3h,-4.81,4.821,5.303,0.802,472
4727C11E,HUAYLLABAMBA,CUSCO,URUBAMBA,eta5,temp,20260906,20261005,"00Z,12Z",D1,3h,-2.273,2.559,3.03,0.836,387
4727C11E,HUAYLLABAMBA,CUSCO,URUBAMBA,wrf5,temp,20260906,20261005,"00Z,12Z",D1,3h,-6.153,6.156,6.638,0.821,464
4727C11E,HUAYLLABAMBA,CUSCO,URUBAMBA,mpas15,temp,20260906,20261005,00Z,D1,3h,-6.012,6.013,6.392,0.838,236
472935F2,INTIHUATANA H,CUSCO,URUBAMBA,ecmwf,temp,20260906,20261005,"00Z,12Z",D1,3h,S/D,S/D,S/D,S/D,0
472935F2,INTIHUATANA H,CUSCO,URUBAMBA,gfs,temp,20260906,20261005,"00Z,12Z",D1,3h,S/D,S/D,S/D,S/D,0
472935F2,INTIHUATANA H,CUSCO,URUBAMBA,eta5,temp,20260906,20261005,"00Z,12Z",D1,3h,S/D,S/D,S/D,S/D,0
472935F2,INTIHUATANA H,CUSCO,URUBAMBA,wrf5,temp,20260906,20261005,"00Z,12Z",D1,3h,S/D,S/D,S/D,S/D,0
472935F2,INTIHUATANA H,CUSCO,URUBAMBA,mpas15,temp,20260906,20261005,00Z,D1,3h,S/D,S/D,S/D,S/D,0
472852EE,INTIHUATANA M,CUSCO,URUBAMBA,ecmwf,temp,20260906,20261005,"00Z,12Z",D1,3h,-11.85,11.85,12.193,0.666,478
472852EE,INTIHUATANA M,CUSCO,URUBAMBA,gfs,temp,20260906,20261005,"00Z,12Z",D1,3h,-10.811,10.811,11.056,0.812,478
472852EE,INTIHUATANA M,CUSCO,URUBAMBA,eta5,temp,20260906,20261005,"00Z,12Z",D1,3h,-5.601,5.607,6.124,0.753,390
472852EE,INTIHUATANA M,CUSCO,URUBAMBA,wrf5,temp,20260906,20261005,"00Z,12Z",D1,3h,-2.916,3.143,3.679,0.804,470
472852EE,INTIHUATANA M,CUSCO,URUBAMBA,mpas15,temp,20260906,20261005,00Z,D1,3h,-9.668,9.668,10.078,0.725,239
472897F0,MACHUPICCHU,CUSCO,URUBAMBA,ecmwf,temp,20260906,20261005,"00Z,12Z",D1,3h,-8.997,8.997,9.52,0.64,468
472897F0,MACHUPICCHU,CUSCO,URUBAMBA,gfs,temp,20260906,20261005,"00Z,12Z",D1,3h,-7.972,7.972,8.385,0.807,468
472897F0,MACHUPICCHU,CUSCO,URUBAMBA,eta5,temp,20260906,20261005,"00Z,12Z",D1,3h,-2.792,3.011,3.862,0.763,382
472897F0,MACHUPICCHU,CUSCO,URUBAMBA,wrf5,temp,20260906,20261005,"00Z,12Z",D1,3h,-0.088,1.724,2.404,0.839,460
472897F0,MACHUPICCHU,CUSCO,URUBAMBA,mpas15,temp,20260906,20261005,00Z,D1,3h,-6.848,6.853,7.525,0.708,234
4729950A,PACAYMAYO,CUSCO,URUBAMBA,ecmwf,temp,20260906,20261005,"00Z,12Z",D1,3h,-0.664,1.881,2.31,0.73,480
4729950A,PACAYMAYO,CUSCO,URUBAMBA,gfs,temp,20260906,20261005,"00Z,12Z",D1,3h,0.372,1.299,1.666,0.772,480
4729950A,PACAYMAYO,CUSCO,URUBAMBA,eta5,temp,20260906,20261005,"00Z,12Z",D1,3h,2.975,2.994,3.373,0.814,392
4729950A,PACAYMAYO,CUSCO,URUBAMBA,wrf5,temp,20260906,20261005,"00Z,12Z",D1,3h,-0.65,1.648,2.069,0.756,472
4729950A,PACAYMAYO,CUSCO,URUBAMBA,mpas15,temp,20260906,20261005,00Z,D1,3h,-0.801,1.461,1.805,0.855,240
4729867C,QORIHUAYRACHINA,CUSCO,URUBAMBA,ecmwf,temp,20260906,20261005,"00Z,12Z",D1,3h,S/D,S/D,S/D,S/D,0
4729867C,QORIHUAYRACHINA,CUSCO,URUBAMBA,gfs,temp,20260906,20261005,"00Z,12Z",D1,3h,S/D,S/D,S/D,S/D,0
4729867C,QORIHUAYRACHINA,CUSCO,URUBAMBA,eta5,temp,20260906,20261005,"00Z,12Z",D1,3h,S/D,S/D,S/D,S/D,0
4729867C,QORIHUAYRACHINA,CUSCO,URUBAMBA,wrf5,temp,20260906,20261005,"00Z,12Z",D1,3h,S/D,S/D,S/D,S/D,0
4729867C,QORIHUAYRACHINA,CUSCO,URUBAMBA,mpas15,temp,20260906,20261005,00Z,D1,3h,S/D,S/D,S/D,S/D,0
4720CDF8,COCHAMARCA,HUANCAVELICA,CASTROVIRREYNA,ecmwf,temp,20260906,20261005,"00Z,12Z",D1,3h,S/D,S/D,S/D,S/D,0
4720CDF8,COCHAMARCA,HUANCAVELICA,CASTROVIRREYNA,gfs,temp,20260906,20261005,"00Z,12Z",D1,3h,S/D,S/D,S/D,S/D,0
4720CDF8,COCHAMARCA,HUANCAVELICA,CASTROVIRREYNA,eta5,temp,20260906,20261005,"00Z,12Z",D1,3h,S/D,S/D,S/D,S/D,0
4720CDF8,COCHAMARCA,HUANCAVELICA,CASTROVIRREYNA,wrf5,temp,20260906,20261005,"00Z,12Z",D1,3h,S/D,S/D,S/D,S/D,0
4720CDF8,COCHAMARCA,HUANCAVELICA,CASTROVIRREYNA,mpas15,temp,20260906,20261005,00Z,D1,3h,S/D,S/D,S/D,S/D,0
47292684,HUACHOS,HUANCAVELICA,CASTROVIRREYNA,ecmwf,temp,20260906,20261005,"00Z,12Z",D1,3h,-6.203,6.203,6.604,0.85,476
47292684,HUACHOS,HUANCAVELICA,CASTROVIRREYNA,gfs,temp,20260906,20261005,"00Z,12Z",D1,3h,-5.116,5.122,5.744,0.822,476
47292684,HUACHOS,HUANCAVELICA,CASTROVIRREYNA,eta5,temp,20260906,20261005,"00Z,12Z",D1,3h,-3.985,3.989,4.33,0.86,389
47292684,HUACHOS,HUANCAVELICA,CASTROVIRREYNA,wrf5,temp,20260906,20261005,"00Z,12Z",D1,3h,-4.184,4.342,5.204,0.816,468
47292684,HUACHOS,HUANCAVELICA,CASTROVIRREYNA,mpas15,temp,20260906,20261005,00Z,D1,3h,-6.004,6.004,6.705,0.848,238
472722EC,HUANCAVELICA,HUANCAVELICA,HUANCAVELICA,ecmwf,temp,20260906,20261005,"00Z,12Z",D1,3h,-4.709,4.719,5.01,0.911,480
472722EC,HUANCAVELICA,HUANCAVELICA,HUANCAVELICA,gfs,temp,20260906,20261005,"00Z,12Z",D1,3h,-3.856,3.913,4.424,0.871,480
472722EC,HUANCAVELICA,HUANCAVELICA,HUANCAVELICA,eta5,temp,20260906,20261005,"00Z,12Z",D1,3h,-3.109,3.242,3.651,0.895,392
472722EC,HUANCAVELICA,HUANCAVELICA,HUANCAVELICA,wrf5,temp,20260906,20261005,"00Z,12Z",D1,3h,-1.965,2.324,2.812,0.896,472
472722EC,HUANCAVELICA,HUANCAVELICA,HUANCAVELICA,mpas15,temp,20260906,20261005,00Z,D1,3h,-4.964,5.0,5.377,0.907,240
47284198,CHALLACA,HUANCAVELICA,HUAYTARA,ecmwf,temp,20260906,20261005,"00Z,12Z",D1,3h,-2.273,2.555,3.025,0.871,348
47284198,CHALLACA,HUANCAVELICA,HUAYTARA,gfs,temp,20260906,20261005,"00Z,12Z",D1,3h,-2.007,2.457,2.882,0.868,348
47284198,CHALLACA,HUANCAVELICA,HUAYTARA,eta5,temp,20260906,20261005,"00Z,12Z",D1,3h,-3.865,3.966,4.437,0.835,269
47284198,CHALLACA,HUANCAVELICA,HUAYTARA,wrf5,temp,20260906,20261005,"00Z,12Z",D1,3h,-2.147,2.956,3.639,0.737,348
47284198,CHALLACA,HUANCAVELICA,HUAYTARA,mpas15,temp,20260906,20261005,00Z,D1,3h,-5.846,5.878,6.434,0.818,174
472811E4,CHALLACA M,HUANCAVELICA,HUAYTARA,ecmwf,temp,20260906,20261005,"00Z,12Z",D1,3h,-2.314,2.532,3.218,0.892,478
472811E4,CHALLACA M,HUANCAVELICA,HUAYTARA,gfs,temp,20260906,20261005,"00Z,12Z",D1,3h,-2.16,2.479,3.174,0.91,478
472811E4,CHALLACA M,HUANCAVELICA,HUAYTARA,eta5,temp,20260906,20261005,"00Z,12Z",D1,3h,-3.945,3.949,4.281,0.889,390
472811E4,CHALLACA M,HUANCAVELICA,HUAYTARA,wrf5,temp,20260906,20261005,"00Z,12Z",D1,3h,-1.798,2.546,3.205,0.856,470
472811E4,CHALLACA M,HUANCAVELICA,HUAYTARA,mpas15,temp,20260906,20261005,00Z,D1,3h,-5.905,5.905,6.652,0.879,239
4728F216,CORDOVA,HUANCAVELICA,HUAYTARA,ecmwf,temp,20260906,20261005,"00Z,12Z",D1,3h,-0.919,1.319,1.713,0.839,472
4728F216,CORDOVA,HUANCAVELICA,HUAYTARA,gfs,temp,20260906,20261005,"00Z,12Z",D1,3h,0.454,1.179,1.409,0.857,472
4728F216,CORDOVA,HUANCAVELICA,HUAYTARA,eta5,temp,20260906,20261005,"00Z,12Z",D1,3h,-0.259,1.969,2.33,0.834,386
4728F216,CORDOVA,HUANCAVELICA,HUAYTARA,wrf5,temp,20260906,20261005,"00Z,12Z",D1,3h,-1.19,1.491,1.809,0.85,464
4728F216,CORDOVA,HUANCAVELICA,HUAYTARA,mpas15,temp,20260906,20261005,00Z,D1,3h,0.113,1.327,1.606,0.817,236
4728C78C,CUSICANCHA,HUANCAVELICA,HUAYTARA,ecmwf,temp,20260906,20261005,"00Z,12Z",D1,3h,-6.506,6.506,6.804,0.865,470
4728C78C,CUSICANCHA,HUANCAVELICA,HUAYTARA,gfs,temp,20260906,20261005,"00Z,12Z",D1,3h,-4.798,4.804,5.379,0.8,470
4728C78C,CUSICANCHA,HUANCAVELICA,HUAYTARA,eta5,temp,20260906,20261005,"00Z,12Z",D1,3h,-4.062,4.1,4.448,0.857,384
4728C78C,CUSICANCHA,HUANCAVELICA,HUAYTARA,wrf5,temp,20260906,20261005,"00Z,12Z",D1,3h,-2.031,2.375,2.947,0.836,462
4728C78C,CUSICANCHA,HUANCAVELICA,HUAYTARA,mpas15,temp,20260906,20261005,00Z,D1,3h,-4.749,4.749,5.203,0.889,235
213507,RAMADILLAS,HUANCAVELICA,HUAYTARA,ecmwf,temp,20260906,20261005,"00Z,12Z",D1,3h,S/D,S/D,S/D,S/D,0
213507,RAMADILLAS,HUANCAVELICA,HUAYTARA,gfs,temp,20260906,20261005,"00Z,12Z",D1,3h,S/D,S/D,S/D,S/D,0
213507,RAMADILLAS,HUANCAVELICA,HUAYTARA,eta5,temp,20260906,20261005,"00Z,12Z",D1,3h,S/D,S/D,S/D,S/D,0
213507,RAMADILLAS,HUANCAVELICA,HUAYTARA,wrf5,temp,20260906,20261005,"00Z,12Z",D1,3h,S/D,S/D,S/D,S/D,0
213507,RAMADILLAS,HUANCAVELICA,HUAYTARA,mpas15,temp,20260906,20261005,00Z,D1,3h,S/D,S/D,S/D,S/D,0
4729131E,SANTIAGO DE CHOCORVOS,HUANCAVELICA,HUAYTARA,ecmwf,temp,20260906,20261005,"00Z,12Z",D1,3h,-7.532,7.532,7.788,0.859,476
4729131E,SANTIAGO DE CHOCORVOS,HUANCAVELICA,HUAYTARA,gfs,temp,20260906,20261005,"00Z,12Z",D1,3h,-6.822,6.822,7.017,0.852,476
4729131E,SANTIAGO DE CHOCORVOS,HUANCAVELICA,HUAYTARA,eta5,temp,20260906,20261005,"00Z,12Z",D1,3h,-6.029,6.029,6.342,0.842,389
4729131E,SANTIAGO DE CHOCORVOS,HUANCAVELICA,HUAYTARA,wrf5,temp,20260906,20261005,"00Z,12Z",D1,3h,-5.802,5.802,6.024,0.82,468
4729131E,SANTIAGO DE CHOCORVOS,HUANCAVELICA,HUAYTARA,mpas15,temp,20260906,20261005,00Z,D1,3h,-7.387,7.387,7.654,0.854,238
112269,COCHABAMBA GRANDE,HUANCAVELICA,TAYACAJA,ecmwf,temp,20260906,20261005,"00Z,12Z",D1,3h,-5.175,5.178,5.469,0.795,304
112269,COCHABAMBA GRANDE,HUANCAVELICA,TAYACAJA,gfs,temp,20260906,20261005,"00Z,12Z",D1,3h,-2.2,2.35,2.856,0.779,304
112269,COCHABAMBA GRANDE,HUANCAVELICA,TAYACAJA,eta5,temp,20260906,20261005,"00Z,12Z",D1,3h,-1.597,1.823,2.192,0.862,224
112269,COCHABAMBA GRANDE,HUANCAVELICA,TAYACAJA,wrf5,temp,20260906,20261005,"00Z,12Z",D1,3h,-2.675,2.737,3.087,0.857,304
112269,COCHABAMBA GRANDE,HUANCAVELICA,TAYACAJA,mpas15,temp,20260906,20261005,00Z,D1,3h,-0.374,1.343,1.874,0.86,152
110146,QUISCA,HUANUCO,AMBO,ecmwf,temp,20260906,20261005,"00Z,12Z",D1,3h,-5.994,5.994,6.226,0.884,274
110146,QUISCA,HUANUCO,AMBO,gfs,temp,20260906,20261005,"00Z,12Z",D1,3h,-7.429,7.429,7.676,0.845,274
110146,QUISCA,HUANUCO,AMBO,eta5,temp,20260906,20261005,"00Z,12Z",D1,3h,-3.803,3.861,4.162,0.883,223
110146,QUISCA,HUANUCO,AMBO,wrf5,temp,20260906,20261005,"00Z,12Z",D1,3h,-1.157,1.756,2.03,0.903,269
110146,QUISCA,HUANUCO,AMBO,mpas15,temp,20260906,20261005,00Z,D1,3h,-9.436,9.436,9.73,0.85,137
47E845FC,CACHICOTO,HUANUCO,HUAMALIES,ecmwf,temp,20260906,20261005,"00Z,12Z",D1,3h,-4.38,4.523,5.069,0.782,480
47E845FC,CACHICOTO,HUANUCO,HUAMALIES,gfs,temp,20260906,20261005,"00Z,12Z",D1,3h,-5.379,5.511,6.18,0.691,480
47E845FC,CACHICOTO,HUANUCO,HUAMALIES,eta5,temp,20260906,20261005,"00Z,12Z",D1,3h,-0.665,2.143,2.733,0.731,392
47E845FC,CACHICOTO,HUANUCO,HUAMALIES,wrf5,temp,20260906,20261005,"00Z,12Z",D1,3h,0.41,1.884,2.404,0.764,472
47E845FC,CACHICOTO,HUANUCO,HUAMALIES,mpas15,temp,20260906,20261005,00Z,D1,3h,-4.63,4.738,5.532,0.646,240
4720EB14,SAN MARTIN,HUANUCO,HUAMALIES,ecmwf,temp,20260906,20261005,"00Z,12Z",D1,3h,-1.465,2.918,3.374,0.803,480
4720EB14,SAN MARTIN,HUANUCO,HUAMALIES,gfs,temp,20260906,20261005,"00Z,12Z",D1,3h,-2.531,3.116,3.735,0.743,480
4720EB14,SAN MARTIN,HUANUCO,HUAMALIES,eta5,temp,20260906,20261005,"00Z,12Z",D1,3h,6.849,6.849,7.4,0.841,392
4720EB14,SAN MARTIN,HUANUCO,HUAMALIES,wrf5,temp,20260906,20261005,"00Z,12Z",D1,3h,-0.298,2.094,2.564,0.78,472
4720EB14,SAN MARTIN,HUANUCO,HUAMALIES,mpas15,temp,20260906,20261005,00Z,D1,3h,-2.901,3.353,4.074,0.741,240
472D0552,CHINCHAVITO,HUANUCO,HUANUCO,ecmwf,temp,20260906,20261005,"00Z,12Z",D1,3h,S/D,S/D,S/D,S/D,0
472D0552,CHINCHAVITO,HUANUCO,HUANUCO,gfs,temp,20260906,20261005,"00Z,12Z",D1,3h,S/D,S/D,S/D,S/D,0
472D0552,CHINCHAVITO,HUANUCO,HUANUCO,eta5,temp,20260906,20261005,"00Z,12Z",D1,3h,S/D,S/D,S/D,S/D,0
472D0552,CHINCHAVITO,HUANUCO,HUANUCO,wrf5,temp,20260906,20261005,"00Z,12Z",D1,3h,S/D,S/D,S/D,S/D,0
472D0552,CHINCHAVITO,HUANUCO,HUANUCO,mpas15,temp,20260906,20261005,00Z,D1,3h,S/D,S/D,S/D,S/D,0
472B730C,PUENTE TARUCA,HUANUCO,HUANUCO,ecmwf,temp,20260906,20261005,"00Z,12Z",D1,3h,S/D,S/D,S/D,S/D,0
472B730C,PUENTE TARUCA,HUANUCO,HUANUCO,gfs,temp,20260906,20261005,"00Z,12Z",D1,3h,S/D,S/D,S/D,S/D,0
472B730C,PUENTE TARUCA,HUANUCO,HUANUCO,eta5,temp,20260906,20261005,"00Z,12Z",D1,3h,S/D,S/D,S/D,S/D,0
472B730C,PUENTE TARUCA,HUANUCO,HUANUCO,wrf5,temp,20260906,20261005,"00Z,12Z",D1,3h,S/D,S/D,S/D,S/D,0
472B730C,PUENTE TARUCA,HUANUCO,HUANUCO,mpas15,temp,20260906,20261005,00Z,D1,3h,S/D,S/D,S/D,S/D,0
110140,JESUS DE LAURICOCHA,HUANUCO,LAURICOCHA,ecmwf,temp,20260906,20261005,"00Z,12Z",D1,3h,-3.534,3.641,4.112,0.891,468
110140,JESUS DE LAURICOCHA,HUANUCO,LAURICOCHA,gfs,temp,20260906,20261005,"00Z,12Z",D1,3h,-2.755,3.093,3.633,0.877,468
110140,JESUS DE LAURICOCHA,HUANUCO,LAURICOCHA,eta5,temp,20260906,20261005,"00Z,12Z",D1,3h,-2.772,3.065,3.664,0.841,380
110140,JESUS DE LAURICOCHA,HUANUCO,LAURICOCHA,wrf5,temp,20260906,20261005,"00Z,12Z",D1,3h,-0.948,1.899,2.319,0.906,460
110140,JESUS DE LAURICOCHA,HUANUCO,LAURICOCHA,mpas15,temp,20260906,20261005,00Z,D1,3h,-3.607,3.747,4.137,0.913,234
472DA5AA,PUENTE BELLA,HUANUCO,LEONCIO PRADO,ecmwf,temp,20260906,20261005,"00Z,12Z",D1,3h,S/D,S/D,S/D,S/D,0
472DA5AA,PUENTE BELLA,HUANUCO,LEONCIO PRADO,gfs,temp,20260906,20261005,"00Z,12Z",D1,3h,S/D,S/D,S/D,S/D,0
472DA5AA,PUENTE BELLA,HUANUCO,LEONCIO PRADO,eta5,temp,20260906,20261005,"00Z,12Z",D1,3h,S/D,S/D,S/D,S/D,0
472DA5AA,PUENTE BELLA,HUANUCO,LEONCIO PRADO,wrf5,temp,20260906,20261005,"00Z,12Z",D1,3h,S/D,S/D,S/D,S/D,0
472DA5AA,PUENTE BELLA,HUANUCO,LEONCIO PRADO,mpas15,temp,20260906,20261005,00Z,D1,3h,S/D,S/D,S/D,S/D,0
472D1624,PUENTE PEREZ,HUANUCO,LEONCIO PRADO,ecmwf,temp,20260906,20261005,"00Z,12Z",D1,3h,S/D,S/D,S/D,S/D,0
472D1624,PUENTE PEREZ,HUANUCO,LEONCIO PRADO,gfs,temp,20260906,20261005,"00Z,12Z",D1,3h,S/D,S/D,S/D,S/D,0
472D1624,PUENTE PEREZ,HUANUCO,LEONCIO PRADO,eta5,temp,20260906,20261005,"00Z,12Z",D1,3h,S/D,S/D,S/D,S/D,0
472D1624,PUENTE PEREZ,HUANUCO,LEONCIO PRADO,wrf5,temp,20260906,20261005,"00Z,12Z",D1,3h,S/D,S/D,S/D,S/D,0
472D1624,PUENTE PEREZ,HUANUCO,LEONCIO PRADO,mpas15,temp,20260906,20261005,00Z,D1,3h,S/D,S/D,S/D,S/D,0
47270400,TINGO MARIA,HUANUCO,LEONCIO PRADO,ecmwf,temp,20260906,20261005,"00Z,12Z",D1,3h,-1.823,2.323,2.702,0.852,478
47270400,TINGO MARIA,HUANUCO,LEONCIO PRADO,gfs,temp,20260906,20261005,"00Z,12Z",D1,3h,-3.459,3.915,4.378,0.814,478
47270400,TINGO MARIA,HUANUCO,LEONCIO PRADO,eta5,temp,20260906,20261005,"00Z,12Z",D1,3h,0.274,1.716,2.236,0.799,390
47270400,TINGO MARIA,HUANUCO,LEONCIO PRADO,wrf5,temp,20260906,20261005,"00Z,12Z",D1,3h,-0.309,1.666,2.197,0.82,470
47270400,TINGO MARIA,HUANUCO,LEONCIO PRADO,mpas15,temp,20260906,20261005,00Z,D1,3h,-5.467,5.508,6.043,0.72,239
4727A4F8,PUERTO INCA,HUANUCO,PUERTO INCA,ecmwf,temp,20260906,20261005,"00Z,12Z",D1,3h,-0.649,1.402,1.847,0.863,478
4727A4F8,PUERTO INCA,HUANUCO,PUERTO INCA,gfs,temp,20260906,20261005,"00Z,12Z",D1,3h,-0.481,2.025,2.599,0.866,478
4727A4F8,PUERTO INCA,HUANUCO,PUERTO INCA,eta5,temp,20260906,20261005,"00Z,12Z",D1,3h,1.946,2.546,3.336,0.76,390
4727A4F8,PUERTO INCA,HUANUCO,PUERTO INCA,wrf5,temp,20260906,20261005,"00Z,12Z",D1,3h,0.147,1.525,2.155,0.855,470
4727A4F8,PUERTO INCA,HUANUCO,PUERTO INCA,mpas15,temp,20260906,20261005,00Z,D1,3h,-1.078,1.851,2.488,0.824,239
109094,PUCA PUCA,HUANUCO,YAROWILCA,ecmwf,temp,20260906,20261005,"00Z,12Z",D1,3h,-1.785,2.307,2.673,0.887,466
109094,PUCA PUCA,HUANUCO,YAROWILCA,gfs,temp,20260906,20261005,"00Z,12Z",D1,3h,-0.825,1.842,2.227,0.832,466
109094,PUCA PUCA,HUANUCO,YAROWILCA,eta5,temp,20260906,20261005,"00Z,12Z",D1,3h,-1.881,2.629,3.115,0.827,380
109094,PUCA PUCA,HUANUCO,YAROWILCA,wrf5,temp,20260906,20261005,"00Z,12Z",D1,3h,-0.331,1.56,1.901,0.886,458
109094,PUCA PUCA,HUANUCO,YAROWILCA,mpas15,temp,20260906,20261005,00Z,D1,3h,-2.402,2.624,3.029,0.896,233
4728A26A,CONTA M,ICA,CHINCHA,ecmwf,temp,20260906,20261005,"00Z,12Z",D1,3h,-0.701,1.524,1.809,0.833,442
4728A26A,CONTA M,ICA,CHINCHA,gfs,temp,20260906,20261005,"00Z,12Z",D1,3h,-0.988,1.737,2.07,0.775,442
4728A26A,CONTA M,ICA,CHINCHA,eta5,temp,20260906,20261005,"00Z,12Z",D1,3h,-0.334,1.948,2.34,0.753,361
4728A26A,CONTA M,ICA,CHINCHA,wrf5,temp,20260906,20261005,"00Z,12Z",D1,3h,-1.153,1.796,2.128,0.792,435
4728A26A,CONTA M,ICA,CHINCHA,mpas15,temp,20260906,20261005,00Z,D1,3h,-1.825,2.236,2.674,0.76,221
4728B11C,FONAGRO,ICA,CHINCHA,ecmwf,temp,20260906,20261005,"00Z,12Z",D1,3h,-1.182,1.992,2.638,0.496,476
4728B11C,FONAGRO,ICA,CHINCHA,gfs,temp,20260906,20261005,"00Z,12Z",D1,3h,-3.559,3.71,4.299,0.59,476
4728B11C,FONAGRO,ICA,CHINCHA,eta5,temp,20260906,20261005,"00Z,12Z",D1,3h,-2.118,2.454,2.875,0.812,390
4728B11C,FONAGRO,ICA,CHINCHA,wrf5,temp,20260906,20261005,"00Z,12Z",D1,3h,-1.591,1.882,2.231,0.764,468
4728B11C,FONAGRO,ICA,CHINCHA,mpas15,temp,20260906,20261005,00Z,D1,3h,-2.072,2.35,2.669,0.776,238
4728E160,SAN PEDRO DE HUACARPANA,ICA,CHINCHA,ecmwf,temp,20260906,20261005,"00Z,12Z",D1,3h,-1.734,2.027,2.54,0.877,462
4728E160,SAN PEDRO DE HUACARPANA,ICA,CHINCHA,gfs,temp,20260906,20261005,"00Z,12Z",D1,3h,1.478,1.704,2.001,0.868,462
4728E160,SAN PEDRO DE HUACARPANA,ICA,CHINCHA,eta5,temp,20260906,20261005,"00Z,12Z",D1,3h,0.319,1.768,2.201,0.869,377
4728E160,SAN PEDRO DE HUACARPANA,ICA,CHINCHA,wrf5,temp,20260906,20261005,"00Z,12Z",D1,3h,1.152,1.5,1.895,0.851,454
4728E160,SAN PEDRO DE HUACARPANA,ICA,CHINCHA,mpas15,temp,20260906,20261005,00Z,D1,3h,-0.678,1.294,1.591,0.879,231
472A446C,BETA SANTIAGO,ICA,ICA,ecmwf,temp,20260906,20261005,"00Z,12Z",D1,3h,0.533,1.507,1.944,0.885,466
472A446C,BETA SANTIAGO,ICA,ICA,gfs,temp,20260906,20261005,"00Z,12Z",D1,3h,1.039,1.912,2.485,0.843,466
472A446C,BETA SANTIAGO,ICA,ICA,eta5,temp,20260906,20261005,"00Z,12Z",D1,3h,3.336,3.837,4.658,0.872,381
472A446C,BETA SANTIAGO,ICA,ICA,wrf5,temp,20260906,20261005,"00Z,12Z",D1,3h,-1.22,2.972,3.558,0.817,458
472A446C,BETA SANTIAGO,ICA,ICA,mpas15,temp,20260906,20261005,00Z,D1,3h,-0.922,2.337,2.772,0.844,233
213503,HUAMANI EL TAMBO,ICA,ICA,ecmwf,temp,20260906,20261005,"00Z,12Z",D1,3h,-1.541,2.894,3.624,0.631,470
213503,HUAMANI EL TAMBO,ICA,ICA,gfs,temp,20260906,20261005,"00Z,12Z",D1,3h,-1.375,2.87,3.535,0.573,470
213503,HUAMANI EL TAMBO,ICA,ICA,eta5,temp,20260906,20261005,"00Z,12Z",D1,3h,1.57,2.86,3.699,0.612,382
213503,HUAMANI EL TAMBO,ICA,ICA,wrf5,temp,20260906,20261005,"00Z,12Z",D1,3h,0.608,2.401,2.883,0.62,462
213503,HUAMANI EL TAMBO,ICA,ICA,mpas15,temp,20260906,20261005,00Z,D1,3h,-1.566,2.874,3.504,0.577,235
213506,LOS MOLINOS,ICA,ICA,ecmwf,temp,20260906,20261005,"00Z,12Z",D1,3h,S/D,S/D,S/D,S/D,0
213506,LOS MOLINOS,ICA,ICA,gfs,temp,20260906,20261005,"00Z,12Z",D1,3h,S/D,S/D,S/D,S/D,0
213506,LOS MOLINOS,ICA,ICA,eta5,temp,20260906,20261005,"00Z,12Z",D1,3h,S/D,S/D,S/D,S/D,0
213506,LOS MOLINOS,ICA,ICA,wrf5,temp,20260906,20261005,"00Z,12Z",D1,3h,S/D,S/D,S/D,S/D,0
213506,LOS MOLINOS,ICA,ICA,mpas15,temp,20260906,20261005,00Z,D1,3h,S/D,S/D,S/D,S/D,0
114139,COPARA,ICA,NASCA,ecmwf,temp,20260906,20261005,"00Z,12Z",D1,3h,-1.399,2.21,2.98,0.88,192
114139,COPARA,ICA,NASCA,gfs,temp,20260906,20261005,"00Z,12Z",D1,3h,0.334,1.911,2.379,0.844,192
114139,COPARA,ICA,NASCA,eta5,temp,20260906,20261005,"00Z,12Z",D1,3h,1.669,2.156,2.656,0.886,168
114139,COPARA,ICA,NASCA,wrf5,temp,20260906,20261005,"00Z,12Z",D1,3h,0.399,1.641,2.072,0.905,187
114139,COPARA,ICA,NASCA,mpas15,temp,20260906,20261005,00Z,D1,3h,-0.899,2.34,2.792,0.839,96
114136,PALPA,ICA,PALPA,ecmwf,temp,20260906,20261005,"00Z,12Z",D1,3h,-2.317,2.604,3.044,0.9,468
114136,PALPA,ICA,PALPA,gfs,temp,20260906,20261005,"00Z,12Z",D1,3h,-1.929,2.727,3.262,0.835,468
114136,PALPA,ICA,PALPA,eta5,temp,20260906,20261005,"00Z,12Z",D1,3h,-0.216,2.084,2.604,0.886,380
114136,PALPA,ICA,PALPA,wrf5,temp,20260906,20261005,"00Z,12Z",D1,3h,-0.998,2.278,2.698,0.87,460
114136,PALPA,ICA,PALPA,mpas15,temp,20260906,20261005,00Z,D1,3h,-3.118,3.519,4.061,0.831,234
114140,PAMPA BLANCA,ICA,PALPA,ecmwf,temp,20260906,20261005,"00Z,12Z",D1,3h,-2.887,3.807,4.588,0.628,370
114140,PAMPA BLANCA,ICA,PALPA,gfs,temp,20260906,20261005,"00Z,12Z",D1,3h,-3.676,4.413,5.211,0.603,370
114140,PAMPA BLANCA,ICA,PALPA,eta5,temp,20260906,20261005,"00Z,12Z",D1,3h,-0.839,3.067,3.791,0.738,299
114140,PAMPA BLANCA,ICA,PALPA,wrf5,temp,20260906,20261005,"00Z,12Z",D1,3h,1.049,2.92,3.545,0.653,363
114140,PAMPA BLANCA,ICA,PALPA,mpas15,temp,20260906,20261005,00Z,D1,3h,-4.241,4.67,5.482,0.673,185
213403,LETRAYOC,ICA,PISCO,ecmwf,temp,20260906,20261005,"00Z,12Z",D1,3h,S/D,S/D,S/D,S/D,0
213403,LETRAYOC,ICA,PISCO,gfs,temp,20260906,20261005,"00Z,12Z",D1,3h,S/D,S/D,S/D,S/D,0
213403,LETRAYOC,ICA,PISCO,eta5,temp,20260906,20261005,"00Z,12Z",D1,3h,S/D,S/D,S/D,S/D,0
213403,LETRAYOC,ICA,PISCO,wrf5,temp,20260906,20261005,"00Z,12Z",D1,3h,S/D,S/D,S/D,S/D,0
213403,LETRAYOC,ICA,PISCO,mpas15,temp,20260906,20261005,00Z,D1,3h,S/D,S/D,S/D,S/D,0
472DF5D6,HUAYTAPALLANA,JUNIN,HUANCAYO,ecmwf,temp,20260906,20261005,"00Z,12Z",D1,3h,1.0,1.661,2.094,0.807,476
472DF5D6,HUAYTAPALLANA,JUNIN,HUANCAYO,gfs,temp,20260906,20261005,"00Z,12Z",D1,3h,2.348,2.492,2.83,0.793,476
472DF5D6,HUAYTAPALLANA,JUNIN,HUANCAYO,eta5,temp,20260906,20261005,"00Z,12Z",D1,3h,0.058,1.543,1.909,0.838,388
472DF5D6,HUAYTAPALLANA,JUNIN,HUANCAYO,wrf5,temp,20260906,20261005,"00Z,12Z",D1,3h,-0.008,1.188,1.578,0.83,468
472DF5D6,HUAYTAPALLANA,JUNIN,HUANCAYO,mpas15,temp,20260906,20261005,00Z,D1,3h,1.388,1.694,2.12,0.825,238
111288,CHACAPALPA,JUNIN,JAUJA,ecmwf,temp,20260906,20261005,"00Z,12Z",D1,3h,-1.086,2.548,3.094,0.838,472
111288,CHACAPALPA,JUNIN,JAUJA,gfs,temp,20260906,20261005,"00Z,12Z",D1,3h,-0.533,2.268,2.86,0.792,472
111288,CHACAPALPA,JUNIN,JAUJA,eta5,temp,20260906,20261005,"00Z,12Z",D1,3h,1.325,2.478,3.278,0.812,384
111288,CHACAPALPA,JUNIN,JAUJA,wrf5,temp,20260906,20261005,"00Z,12Z",D1,3h,0.663,2.245,2.893,0.831,464
111288,CHACAPALPA,JUNIN,JAUJA,mpas15,temp,20260906,20261005,00Z,D1,3h,-2.312,3.062,3.486,0.832,236
111299,POTSOTENI,JUNIN,SATIPO,ecmwf,temp,20260906,20261005,"00Z,12Z",D1,3h,-5.337,5.368,6.102,0.837,480
111299,POTSOTENI,JUNIN,SATIPO,gfs,temp,20260906,20261005,"00Z,12Z",D1,3h,-4.21,4.563,5.22,0.82,480
111299,POTSOTENI,JUNIN,SATIPO,eta5,temp,20260906,20261005,"00Z,12Z",D1,3h,1.286,2.603,3.322,0.787,392
111299,POTSOTENI,JUNIN,SATIPO,wrf5,temp,20260906,20261005,"00Z,12Z",D1,3h,1.613,2.496,3.245,0.813,472
111299,POTSOTENI,JUNIN,SATIPO,mpas15,temp,20260906,20261005,00Z,D1,3h,-4.63,4.751,5.62,0.806,240
4725C4EA,SATIPO,JUNIN,SATIPO,ecmwf,temp,20260906,20261005,"00Z,12Z",D1,3h,-2.34,2.549,3.028,0.91,478
4725C4EA,SATIPO,JUNIN,SATIPO,gfs,temp,20260906,20261005,"00Z,12Z",D1,3h,-2.072,2.864,3.5,0.844,478
4725C4EA,SATIPO,JUNIN,SATIPO,eta5,temp,20260906,20261005,"00Z,12Z",D1,3h,2.319,2.973,3.646,0.783,391
4725C4EA,SATIPO,JUNIN,SATIPO,wrf5,temp,20260906,20261005,"00Z,12Z",D1,3h,1.602,2.346,2.971,0.832,470
4725C4EA,SATIPO,JUNIN,SATIPO,mpas15,temp,20260906,20261005,00Z,D1,3h,-3.649,3.791,4.624,0.814,239
47257764,TARMA,JUNIN,TARMA,ecmwf,temp,20260906,20261005,"00Z,12Z",D1,3h,-6.87,6.873,7.144,0.891,472
47257764,TARMA,JUNIN,TARMA,gfs,temp,20260906,20261005,"00Z,12Z",D1,3h,-5.33,5.393,5.991,0.806,472
47257764,TARMA,JUNIN,TARMA,eta5,temp,20260906,20261005,"00Z,12Z",D1,3h,-4.477,4.645,5.082,0.836,386
47257764,TARMA,JUNIN,TARMA,wrf5,temp,20260906,20261005,"00Z,12Z",D1,3h,-0.798,1.933,2.328,0.876,464
47257764,TARMA,JUNIN,TARMA,mpas15,temp,20260906,20261005,00Z,D1,3h,-6.942,6.971,7.431,0.888,236
472D9030,MARCAPOMACOCHA,JUNIN,YAULI,ecmwf,temp,20260906,20261005,"00Z,12Z",D1,3h,-2.401,2.748,3.236,0.87,480
472D9030,MARCAPOMACOCHA,JUNIN,YAULI,gfs,temp,20260906,20261005,"00Z,12Z",D1,3h,-0.663,1.95,2.52,0.831,480
472D9030,MARCAPOMACOCHA,JUNIN,YAULI,eta5,temp,20260906,20261005,"00Z,12Z",D1,3h,-0.967,1.982,2.405,0.83,392
472D9030,MARCAPOMACOCHA,JUNIN,YAULI,wrf5,temp,20260906,20261005,"00Z,12Z",D1,3h,0.243,1.734,2.243,0.863,472
472D9030,MARCAPOMACOCHA,JUNIN,YAULI,mpas15,temp,20260906,20261005,00Z,D1,3h,-2.031,2.37,2.771,0.908,240
472D30C8,CASAGRANDE,LA LIBERTAD,ASCOPE,ecmwf,temp,20260906,20261005,"00Z,12Z",D1,3h,0.828,1.109,1.477,0.916,474
472D30C8,CASAGRANDE,LA LIBERTAD,ASCOPE,gfs,temp,20260906,20261005,"00Z,12Z",D1,3h,-0.155,0.973,1.185,0.89,474
472D30C8,CASAGRANDE,LA LIBERTAD,ASCOPE,eta5,temp,20260906,20261005,"00Z,12Z",D1,3h,-0.301,1.755,2.091,0.822,386
472D30C8,CASAGRANDE,LA LIBERTAD,ASCOPE,wrf5,temp,20260906,20261005,"00Z,12Z",D1,3h,-0.337,1.432,1.723,0.839,466
472D30C8,CASAGRANDE,LA LIBERTAD,ASCOPE,mpas15,temp,20260906,20261005,00Z,D1,3h,-1.228,1.478,1.694,0.897,237
211001,SALINAR,LA LIBERTAD,ASCOPE,ecmwf,temp,20260906,20261005,"00Z,12Z",D1,3h,S/D,S/D,S/D,S/D,0
211001,SALINAR,LA LIBERTAD,ASCOPE,gfs,temp,20260906,20261005,"00Z,12Z",D1,3h,S/D,S/D,S/D,S/D,0
211001,SALINAR,LA LIBERTAD,ASCOPE,eta5,temp,20260906,20261005,"00Z,12Z",D1,3h,S/D,S/D,S/D,S/D,0
211001,SALINAR,LA LIBERTAD,ASCOPE,wrf5,temp,20260906,20261005,"00Z,12Z",D1,3h,S/D,S/D,S/D,S/D,0
211001,SALINAR,LA LIBERTAD,ASCOPE,mpas15,temp,20260906,20261005,00Z,D1,3h,S/D,S/D,S/D,S/D,0
472EA2A4,CASCAS,LA LIBERTAD,GRAN CHIMU,ecmwf,temp,20260906,20261005,"00Z,12Z",D1,3h,-2.897,3.031,3.499,0.797,480
472EA2A4,CASCAS,LA LIBERTAD,GRAN CHIMU,gfs,temp,20260906,20261005,"00Z,12Z",D1,3h,-1.066,1.955,2.435,0.707,480
472EA2A4,CASCAS,LA LIBERTAD,GRAN CHIMU,eta5,temp,20260906,20261005,"00Z,12Z",D1,3h,-0.137,1.524,1.979,0.819,392
472EA2A4,CASCAS,LA LIBERTAD,GRAN CHIMU,wrf5,temp,20260906,20261005,"00Z,12Z",D1,3h,-0.403,1.377,1.791,0.831,472
472EA2A4,CASCAS,LA LIBERTAD,GRAN CHIMU,mpas15,temp,20260906,20261005,00Z,D1,3h,-2.738,2.974,3.344,0.798,240
47E0A2A8,EL TAMBO,LA LIBERTAD,GRAN CHIMU,ecmwf,temp,20260906,20261005,"00Z,12Z",D1,3h,-6.456,6.464,7.049,0.674,478
47E0A2A8,EL TAMBO,LA LIBERTAD,GRAN CHIMU,gfs,temp,20260906,20261005,"00Z,12Z",D1,3h,-4.632,4.748,5.485,0.601,478
47E0A2A8,EL TAMBO,LA LIBERTAD,GRAN CHIMU,eta5,temp,20260906,20261005,"00Z,12Z",D1,3h,-1.502,2.112,2.534,0.842,390
47E0A2A8,EL TAMBO,LA LIBERTAD,GRAN CHIMU,wrf5,temp,20260906,20261005,"00Z,12Z",D1,3h,-1.363,2.017,2.42,0.858,470
47E0A2A8,EL TAMBO,LA LIBERTAD,GRAN CHIMU,mpas15,temp,20260906,20261005,00Z,D1,3h,-7.307,7.351,7.825,0.67,239
472D552E,LUCMA,LA LIBERTAD,GRAN CHIMU,ecmwf,temp,20260906,20261005,"00Z,12Z",D1,3h,-2.21,2.898,3.426,0.843,480
472D552E,LUCMA,LA LIBERTAD,GRAN CHIMU,gfs,temp,20260906,20261005,"00Z,12Z",D1,3h,-2.658,2.882,3.31,0.81,480
472D552E,LUCMA,LA LIBERTAD,GRAN CHIMU,eta5,temp,20260906,20261005,"00Z,12Z",D1,3h,-3.166,3.226,3.671,0.809,392
472D552E,LUCMA,LA LIBERTAD,GRAN CHIMU,wrf5,temp,20260906,20261005,"00Z,12Z",D1,3h,-2.767,2.837,3.174,0.804,472
472D552E,LUCMA,LA LIBERTAD,GRAN CHIMU,mpas15,temp,20260906,20261005,00Z,D1,3h,-3.267,3.322,3.689,0.858,240
472CC2B6,MARMOT,LA LIBERTAD,GRAN CHIMU,ecmwf,temp,20260906,20261005,"00Z,12Z",D1,3h,-0.0,1.162,1.478,0.847,480
472CC2B6,MARMOT,LA LIBERTAD,GRAN CHIMU,gfs,temp,20260906,20261005,"00Z,12Z",D1,3h,3.531,3.55,3.747,0.871,480
472CC2B6,MARMOT,LA LIBERTAD,GRAN CHIMU,eta5,temp,20260906,20261005,"00Z,12Z",D1,3h,0.536,1.513,1.885,0.814,392
472CC2B6,MARMOT,LA LIBERTAD,GRAN CHIMU,wrf5,temp,20260906,20261005,"00Z,12Z",D1,3h,-3.124,3.128,3.321,0.87,472
472CC2B6,MARMOT,LA LIBERTAD,GRAN CHIMU,mpas15,temp,20260906,20261005,00Z,D1,3h,2.082,2.213,2.658,0.825,240
472E5220,PUENTE PALMIRA,LA LIBERTAD,GRAN CHIMU,ecmwf,temp,20260906,20261005,"00Z,12Z",D1,3h,-5.367,5.394,5.989,0.662,480
472E5220,PUENTE PALMIRA,LA LIBERTAD,GRAN CHIMU,gfs,temp,20260906,20261005,"00Z,12Z",D1,3h,-3.535,3.762,4.503,0.595,480
472E5220,PUENTE PALMIRA,LA LIBERTAD,GRAN CHIMU,eta5,temp,20260906,20261005,"00Z,12Z",D1,3h,0.421,1.678,2.254,0.836,392
472E5220,PUENTE PALMIRA,LA LIBERTAD,GRAN CHIMU,wrf5,temp,20260906,20261005,"00Z,12Z",D1,3h,-0.95,1.834,2.298,0.814,472
472E5220,PUENTE PALMIRA,LA LIBERTAD,GRAN CHIMU,mpas15,temp,20260906,20261005,00Z,D1,3h,-4.845,4.979,5.465,0.715,240
472D8346,CALLANCAS,LA LIBERTAD,OTUZCO,ecmwf,temp,20260906,20261005,"00Z,12Z",D1,3h,-5.927,5.951,6.406,0.858,480
472D8346,CALLANCAS,LA LIBERTAD,OTUZCO,gfs,temp,20260906,20261005,"00Z,12Z",D1,3h,-6.375,6.377,6.744,0.78,480
472D8346,CALLANCAS,LA LIBERTAD,OTUZCO,eta5,temp,20260906,20261005,"00Z,12Z",D1,3h,-1.289,1.962,2.486,0.871,392
472D8346,CALLANCAS,LA LIBERTAD,OTUZCO,wrf5,temp,20260906,20261005,"00Z,12Z",D1,3h,0.614,1.593,2.016,0.843,472
472D8346,CALLANCAS,LA LIBERTAD,OTUZCO,mpas15,temp,20260906,20261005,00Z,D1,3h,-7.916,7.916,8.098,0.871,240
472EB1D2,CAPACHIQUE,LA LIBERTAD,OTUZCO,ecmwf,temp,20260906,20261005,"00Z,12Z",D1,3h,-2.114,2.475,2.934,0.819,480
472EB1D2,CAPACHIQUE,LA LIBERTAD,OTUZCO,gfs,temp,20260906,20261005,"00Z,12Z",D1,3h,-1.582,1.881,2.421,0.79,480
472EB1D2,CAPACHIQUE,LA LIBERTAD,OTUZCO,eta5,temp,20260906,20261005,"00Z,12Z",D1,3h,-1.806,2.358,2.948,0.808,392
472EB1D2,CAPACHIQUE,LA LIBERTAD,OTUZCO,wrf5,temp,20260906,20261005,"00Z,12Z",D1,3h,-0.057,1.215,1.598,0.799,472
472EB1D2,CAPACHIQUE,LA LIBERTAD,OTUZCO,mpas15,temp,20260906,20261005,00Z,D1,3h,-4.511,4.514,4.88,0.824,240
107131,LA FORTUNA,LA LIBERTAD,OTUZCO,ecmwf,temp,20260906,20261005,"00Z,12Z",D1,3h,3.856,3.966,4.837,0.8,478
107131,LA FORTUNA,LA LIBERTAD,OTUZCO,gfs,temp,20260906,20261005,"00Z,12Z",D1,3h,3.415,3.428,3.929,0.82,478
107131,LA FORTUNA,LA LIBERTAD,OTUZCO,eta5,temp,20260906,20261005,"00Z,12Z",D1,3h,-3.959,3.963,4.369,0.795,390
107131,LA FORTUNA,LA LIBERTAD,OTUZCO,wrf5,temp,20260906,20261005,"00Z,12Z",D1,3h,-0.102,1.434,1.823,0.722,470
107131,LA FORTUNA,LA LIBERTAD,OTUZCO,mpas15,temp,20260906,20261005,00Z,D1,3h,0.2,1.535,1.868,0.832,239
472E74CC,PUENTE COINA,LA LIBERTAD,OTUZCO,ecmwf,temp,20260906,20261005,"00Z,12Z",D1,3h,-3.94,4.017,4.492,0.884,480
472E74CC,PUENTE COINA,LA LIBERTAD,OTUZCO,gfs,temp,20260906,20261005,"00Z,12Z",D1,3h,-4.389,4.428,4.858,0.803,480
472E74CC,PUENTE COINA,LA LIBERTAD,OTUZCO,eta5,temp,20260906,20261005,"00Z,12Z",D1,3h,-6.003,6.007,6.266,0.863,392
472E74CC,PUENTE COINA,LA LIBERTAD,OTUZCO,wrf5,temp,20260906,20261005,"00Z,12Z",D1,3h,-3.205,3.643,4.15,0.691,472
472E74CC,PUENTE COINA,LA LIBERTAD,OTUZCO,mpas15,temp,20260906,20261005,00Z,D1,3h,-7.613,7.613,7.766,0.896,240
472D60B4,USQUIL,LA LIBERTAD,OTUZCO,ecmwf,temp,20260906,20261005,"00Z,12Z",D1,3h,2.346,2.738,3.365,0.798,480
472D60B4,USQUIL,LA LIBERTAD,OTUZCO,gfs,temp,20260906,20261005,"00Z,12Z",D1,3h,1.898,2.275,2.591,0.848,480
472D60B4,USQUIL,LA LIBERTAD,OTUZCO,eta5,temp,20260906,20261005,"00Z,12Z",D1,3h,0.306,1.501,1.861,0.827,392
472D60B4,USQUIL,LA LIBERTAD,OTUZCO,wrf5,temp,20260906,20261005,"00Z,12Z",D1,3h,3.096,3.427,3.781,0.837,472
472D60B4,USQUIL,LA LIBERTAD,OTUZCO,mpas15,temp,20260906,20261005,00Z,D1,3h,-3.206,3.37,3.865,0.792,240
107130,TICAPAMPA,LA LIBERTAD,SANCHEZ CARRION,ecmwf,temp,20260906,20261005,"00Z,12Z",D1,3h,-6.109,6.147,7.012,0.763,478
107130,TICAPAMPA,LA LIBERTAD,SANCHEZ CARRION,gfs,temp,20260906,20261005,"00Z,12Z",D1,3h,-5.13,5.146,5.909,0.813,478
107130,TICAPAMPA,LA LIBERTAD,SANCHEZ CARRION,eta5,temp,20260906,20261005,"00Z,12Z",D1,3h,-0.887,2.249,2.721,0.832,391
107130,TICAPAMPA,LA LIBERTAD,SANCHEZ CARRION,wrf5,temp,20260906,20261005,"00Z,12Z",D1,3h,-1.51,2.226,3.073,0.831,470
107130,TICAPAMPA,LA LIBERTAD,SANCHEZ CARRION,mpas15,temp,20260906,20261005,00Z,D1,3h,-4.615,4.631,5.177,0.881,239
4727319A,QUIRUVILCA,LA LIBERTAD,SANTIAGO DE CHUCO,ecmwf,temp,20260906,20261005,"00Z,12Z",D1,3h,-0.467,1.339,1.653,0.857,468
4727319A,QUIRUVILCA,LA LIBERTAD,SANTIAGO DE CHUCO,gfs,temp,20260906,20261005,"00Z,12Z",D1,3h,1.321,1.802,2.095,0.885,468
4727319A,QUIRUVILCA,LA LIBERTAD,SANTIAGO DE CHUCO,eta5,temp,20260906,20261005,"00Z,12Z",D1,3h,-0.735,1.373,1.717,0.884,381
4727319A,QUIRUVILCA,LA LIBERTAD,SANTIAGO DE CHUCO,wrf5,temp,20260906,20261005,"00Z,12Z",D1,3h,-0.581,1.336,1.767,0.841,460
4727319A,QUIRUVILCA,LA LIBERTAD,SANTIAGO DE CHUCO,mpas15,temp,20260906,20261005,00Z,D1,3h,0.165,1.281,1.605,0.89,234
211408,CONDORCERRO,LA LIBERTAD,VIRU,ecmwf,temp,20260906,20261005,"00Z,12Z",D1,3h,S/D,S/D,S/D,S/D,0
211408,CONDORCERRO,LA LIBERTAD,VIRU,gfs,temp,20260906,20261005,"00Z,12Z",D1,3h,S/D,S/D,S/D,S/D,0
211408,CONDORCERRO,LA LIBERTAD,VIRU,eta5,temp,20260906,20261005,"00Z,12Z",D1,3h,S/D,S/D,S/D,S/D,0
211408,CONDORCERRO,LA LIBERTAD,VIRU,wrf5,temp,20260906,20261005,"00Z,12Z",D1,3h,S/D,S/D,S/D,S/D,0
211408,CONDORCERRO,LA LIBERTAD,VIRU,mpas15,temp,20260906,20261005,00Z,D1,3h,S/D,S/D,S/D,S/D,0
47E2F720,TINAJONES,LAMBAYEQUE,CHICLAYO,ecmwf,temp,20260906,20261005,"00Z,12Z",D1,3h,-0.193,1.014,1.314,0.909,454
47E2F720,TINAJONES,LAMBAYEQUE,CHICLAYO,gfs,temp,20260906,20261005,"00Z,12Z",D1,3h,-0.058,0.993,1.316,0.911,454
47E2F720,TINAJONES,LAMBAYEQUE,CHICLAYO,eta5,temp,20260906,20261005,"00Z,12Z",D1,3h,3.278,3.348,4.086,0.913,367
47E2F720,TINAJONES,LAMBAYEQUE,CHICLAYO,wrf5,temp,20260906,20261005,"00Z,12Z",D1,3h,0.148,1.543,2.035,0.906,446
47E2F720,TINAJONES,LAMBAYEQUE,CHICLAYO,mpas15,temp,20260906,20261005,00Z,D1,3h,-1.222,1.65,1.858,0.896,227
106140,VISTA FLORIDA,LAMBAYEQUE,CHICLAYO,ecmwf,temp,20260906,20261005,"00Z,12Z",D1,3h,-0.312,1.017,1.257,0.926,480
106140,VISTA FLORIDA,LAMBAYEQUE,CHICLAYO,gfs,temp,20260906,20261005,"00Z,12Z",D1,3h,-0.962,1.274,1.499,0.921,480
106140,VISTA FLORIDA,LAMBAYEQUE,CHICLAYO,eta5,temp,20260906,20261005,"00Z,12Z",D1,3h,-0.586,1.346,1.648,0.878,392
106140,VISTA FLORIDA,LAMBAYEQUE,CHICLAYO,wrf5,temp,20260906,20261005,"00Z,12Z",D1,3h,-0.707,1.283,1.511,0.895,472
106140,VISTA FLORIDA,LAMBAYEQUE,CHICLAYO,mpas15,temp,20260906,20261005,00Z,D1,3h,-1.038,1.239,1.533,0.925,240
106138,PUCHACA,LAMBAYEQUE,FERREÑAFE,ecmwf,temp,20260906,20261005,"00Z,12Z",D1,3h,S/D,S/D,S/D,S/D,0
106138,PUCHACA,LAMBAYEQUE,FERREÑAFE,gfs,temp,20260906,20261005,"00Z,12Z",D1,3h,S/D,S/D,S/D,S/D,0
106138,PUCHACA,LAMBAYEQUE,FERREÑAFE,eta5,temp,20260906,20261005,"00Z,12Z",D1,3h,S/D,S/D,S/D,S/D,0
106138,PUCHACA,LAMBAYEQUE,FERREÑAFE,wrf5,temp,20260906,20261005,"00Z,12Z",D1,3h,S/D,S/D,S/D,S/D,0
106138,PUCHACA,LAMBAYEQUE,FERREÑAFE,mpas15,temp,20260906,20261005,00Z,D1,3h,S/D,S/D,S/D,S/D,0
4726F67E,PASABAR,LAMBAYEQUE,LAMBAYEQUE,ecmwf,temp,20260906,20261005,"00Z,12Z",D1,3h,-1.931,2.17,2.649,0.892,470
4726F67E,PASABAR,LAMBAYEQUE,LAMBAYEQUE,gfs,temp,20260906,20261005,"00Z,12Z",D1,3h,-2.038,2.341,2.722,0.91,470
4726F67E,PASABAR,LAMBAYEQUE,LAMBAYEQUE,eta5,temp,20260906,20261005,"00Z,12Z",D1,3h,1.252,2.122,2.718,0.926,385
4726F67E,PASABAR,LAMBAYEQUE,LAMBAYEQUE,wrf5,temp,20260906,20261005,"00Z,12Z",D1,3h,-0.685,1.835,2.202,0.901,463
4726F67E,PASABAR,LAMBAYEQUE,LAMBAYEQUE,mpas15,temp,20260906,20261005,00Z,D1,3h,-1.395,1.866,2.192,0.927,235
47201542,TONGORRAPE,LAMBAYEQUE,LAMBAYEQUE,ecmwf,temp,20260906,20261005,"00Z,12Z",D1,3h,-0.949,1.673,2.097,0.893,480
47201542,TONGORRAPE,LAMBAYEQUE,LAMBAYEQUE,gfs,temp,20260906,20261005,"00Z,12Z",D1,3h,-0.145,1.489,1.953,0.905,480
47201542,TONGORRAPE,LAMBAYEQUE,LAMBAYEQUE,eta5,temp,20260906,20261005,"00Z,12Z",D1,3h,0.709,1.774,2.337,0.898,392
47201542,TONGORRAPE,LAMBAYEQUE,LAMBAYEQUE,wrf5,temp,20260906,20261005,"00Z,12Z",D1,3h,-0.109,1.608,2.021,0.9,472
47201542,TONGORRAPE,LAMBAYEQUE,LAMBAYEQUE,mpas15,temp,20260906,20261005,00Z,D1,3h,-1.067,1.638,1.976,0.896,240
4725F170,HUAROS,LIMA,CANTA,ecmwf,temp,20260906,20261005,"00Z,12Z",D1,3h,-4.961,5.02,5.481,0.747,476
4725F170,HUAROS,LIMA,CANTA,gfs,temp,20260906,20261005,"00Z,12Z",D1,3h,-4.783,4.793,5.132,0.722,476
4725F170,HUAROS,LIMA,CANTA,eta5,temp,20260906,20261005,"00Z,12Z",D1,3h,-3.19,3.463,4.062,0.783,389
4725F170,HUAROS,LIMA,CANTA,wrf5,temp,20260906,20261005,"00Z,12Z",D1,3h,-1.525,1.843,2.222,0.826,468
4725F170,HUAROS,LIMA,CANTA,mpas15,temp,20260906,20261005,00Z,D1,3h,-5.133,5.152,5.483,0.807,238
113249,CAÑETE,LIMA,CAÑETE,ecmwf,temp,20260906,20261005,"00Z,12Z",D1,3h,-2.028,2.378,2.729,0.801,478
113249,CAÑETE,LIMA,CAÑETE,gfs,temp,20260906,20261005,"00Z,12Z",D1,3h,-1.992,2.307,2.655,0.757,478
113249,CAÑETE,LIMA,CAÑETE,eta5,temp,20260906,20261005,"00Z,12Z",D1,3h,-1.455,2.739,3.087,0.787,391
113249,CAÑETE,LIMA,CAÑETE,wrf5,temp,20260906,20261005,"00Z,12Z",D1,3h,-0.558,1.482,1.795,0.745,470
113249,CAÑETE,LIMA,CAÑETE,mpas15,temp,20260906,20261005,00Z,D1,3h,-1.708,2.073,2.619,0.368,239
212900,LA CAPILLA SENAMHI,LIMA,CAÑETE,ecmwf,temp,20260906,20261005,"00Z,12Z",D1,3h,S/D,S/D,S/D,S/D,0
212900,LA CAPILLA SENAMHI,LIMA,CAÑETE,gfs,temp,20260906,20261005,"00Z,12Z",D1,3h,S/D,S/D,S/D,S/D,0
212900,LA CAPILLA SENAMHI,LIMA,CAÑETE,eta5,temp,20260906,20261005,"00Z,12Z",D1,3h,S/D,S/D,S/D,S/D,0
212900,LA CAPILLA SENAMHI,LIMA,CAÑETE,wrf5,temp,20260906,20261005,"00Z,12Z",D1,3h,S/D,S/D,S/D,S/D,0
212900,LA CAPILLA SENAMHI,LIMA,CAÑETE,mpas15,temp,20260906,20261005,00Z,D1,3h,S/D,S/D,S/D,S/D,0
472191AC,SOCSI,LIMA,CAÑETE,ecmwf,temp,20260906,20261005,"00Z,12Z",D1,3h,S/D,S/D,S/D,S/D,0
472191AC,SOCSI,LIMA,CAÑETE,gfs,temp,20260906,20261005,"00Z,12Z",D1,3h,S/D,S/D,S/D,S/D,0
472191AC,SOCSI,LIMA,CAÑETE,eta5,temp,20260906,20261005,"00Z,12Z",D1,3h,S/D,S/D,S/D,S/D,0
472191AC,SOCSI,LIMA,CAÑETE,wrf5,temp,20260906,20261005,"00Z,12Z",D1,3h,S/D,S/D,S/D,S/D,0
472191AC,SOCSI,LIMA,CAÑETE,mpas15,temp,20260906,20261005,00Z,D1,3h,S/D,S/D,S/D,S/D,0
47E323B2,CARAC,LIMA,HUARAL,ecmwf,temp,20260906,20261005,"00Z,12Z",D1,3h,-2.923,2.992,3.645,0.895,212
47E323B2,CARAC,LIMA,HUARAL,gfs,temp,20260906,20261005,"00Z,12Z",D1,3h,-3.264,3.38,4.327,0.808,212
47E323B2,CARAC,LIMA,HUARAL,eta5,temp,20260906,20261005,"00Z,12Z",D1,3h,-1.808,2.13,2.589,0.834,153
47E323B2,CARAC,LIMA,HUARAL,wrf5,temp,20260906,20261005,"00Z,12Z",D1,3h,-1.553,2.585,3.349,0.788,212
47E323B2,CARAC,LIMA,HUARAL,mpas15,temp,20260906,20261005,00Z,D1,3h,-6.09,6.09,6.602,0.844,106
47E2323E,CUCHUANCA,LIMA,HUARAL,ecmwf,temp,20260906,20261005,"00Z,12Z",D1,3h,S/D,S/D,S/D,S/D,0
47E2323E,CUCHUANCA,LIMA,HUARAL,gfs,temp,20260906,20261005,"00Z,12Z",D1,3h,S/D,S/D,S/D,S/D,0
47E2323E,CUCHUANCA,LIMA,HUARAL,eta5,temp,20260906,20261005,"00Z,12Z",D1,3h,S/D,S/D,S/D,S/D,0
47E2323E,CUCHUANCA,LIMA,HUARAL,wrf5,temp,20260906,20261005,"00Z,12Z",D1,3h,S/D,S/D,S/D,S/D,0
47E2323E,CUCHUANCA,LIMA,HUARAL,mpas15,temp,20260906,20261005,00Z,D1,3h,S/D,S/D,S/D,S/D,0
47E330C4,SANTA CRUZ,LIMA,HUARAL,ecmwf,temp,20260906,20261005,"00Z,12Z",D1,3h,1.018,2.361,2.816,0.82,476
47E330C4,SANTA CRUZ,LIMA,HUARAL,gfs,temp,20260906,20261005,"00Z,12Z",D1,3h,0.446,0.902,1.111,0.856,476
47E330C4,SANTA CRUZ,LIMA,HUARAL,eta5,temp,20260906,20261005,"00Z,12Z",D1,3h,0.293,2.32,2.709,0.786,389
47E330C4,SANTA CRUZ,LIMA,HUARAL,wrf5,temp,20260906,20261005,"00Z,12Z",D1,3h,-1.289,1.503,1.776,0.824,468
47E330C4,SANTA CRUZ,LIMA,HUARAL,mpas15,temp,20260906,20261005,00Z,D1,3h,-5.385,5.385,5.73,0.795,238
47E214D2,SANTO DOMINGO,LIMA,HUARAL,ecmwf,temp,20260906,20261005,"00Z,12Z",D1,3h,-0.805,2.205,2.679,0.435,476
47E214D2,SANTO DOMINGO,LIMA,HUARAL,gfs,temp,20260906,20261005,"00Z,12Z",D1,3h,-0.815,2.123,2.573,0.487,476
47E214D2,SANTO DOMINGO,LIMA,HUARAL,eta5,temp,20260906,20261005,"00Z,12Z",D1,3h,2.728,3.182,4.109,0.653,389
47E214D2,SANTO DOMINGO,LIMA,HUARAL,wrf5,temp,20260906,20261005,"00Z,12Z",D1,3h,0.044,1.903,2.35,0.652,468
47E214D2,SANTO DOMINGO,LIMA,HUARAL,mpas15,temp,20260906,20261005,00Z,D1,3h,-1.252,2.234,2.603,0.61,238
47E257D8,VICHAYCOCHA,LIMA,HUARAL,ecmwf,temp,20260906,20261005,"00Z,12Z",D1,3h,S/D,S/D,S/D,S/D,0
47E257D8,VICHAYCOCHA,LIMA,HUARAL,gfs,temp,20260906,20261005,"00Z,12Z",D1,3h,S/D,S/D,S/D,S/D,0
47E257D8,VICHAYCOCHA,LIMA,HUARAL,eta5,temp,20260906,20261005,"00Z,12Z",D1,3h,S/D,S/D,S/D,S/D,0
47E257D8,VICHAYCOCHA,LIMA,HUARAL,wrf5,temp,20260906,20261005,"00Z,12Z",D1,3h,S/D,S/D,S/D,S/D,0
47E257D8,VICHAYCOCHA,LIMA,HUARAL,mpas15,temp,20260906,20261005,00Z,D1,3h,S/D,S/D,S/D,S/D,0
472D73C2,CASAPALCA,LIMA,HUAROCHIRI,ecmwf,temp,20260906,20261005,"00Z,12Z",D1,3h,-0.711,1.329,1.728,0.932,480
472D73C2,CASAPALCA,LIMA,HUAROCHIRI,gfs,temp,20260906,20261005,"00Z,12Z",D1,3h,-0.663,1.856,2.265,0.851,480
472D73C2,CASAPALCA,LIMA,HUAROCHIRI,eta5,temp,20260906,20261005,"00Z,12Z",D1,3h,-2.295,2.658,3.181,0.814,392
472D73C2,CASAPALCA,LIMA,HUAROCHIRI,wrf5,temp,20260906,20261005,"00Z,12Z",D1,3h,-2.171,2.49,2.986,0.835,472
472D73C2,CASAPALCA,LIMA,HUAROCHIRI,mpas15,temp,20260906,20261005,00Z,D1,3h,-3.361,3.442,3.929,0.876,240
472CE45A,MATUCANA,LIMA,HUAROCHIRI,ecmwf,temp,20260906,20261005,"00Z,12Z",D1,3h,-9.858,9.858,10.136,0.777,480
472CE45A,MATUCANA,LIMA,HUAROCHIRI,gfs,temp,20260906,20261005,"00Z,12Z",D1,3h,-7.093,7.093,7.558,0.818,480
472CE45A,MATUCANA,LIMA,HUAROCHIRI,eta5,temp,20260906,20261005,"00Z,12Z",D1,3h,-6.028,6.028,6.29,0.864,392
472CE45A,MATUCANA,LIMA,HUAROCHIRI,wrf5,temp,20260906,20261005,"00Z,12Z",D1,3h,-1.792,2.621,3.196,0.766,472
472CE45A,MATUCANA,LIMA,HUAROCHIRI,mpas15,temp,20260906,20261005,00Z,D1,3h,-12.007,12.007,12.191,0.871,240
212700,PUENTE ANTAPUCRO,LIMA,HUAROCHIRI,ecmwf,temp,20260906,20261005,"00Z,12Z",D1,3h,S/D,S/D,S/D,S/D,0
212700,PUENTE ANTAPUCRO,LIMA,HUAROCHIRI,gfs,temp,20260906,20261005,"00Z,12Z",D1,3h,S/D,S/D,S/D,S/D,0
212700,PUENTE ANTAPUCRO,LIMA,HUAROCHIRI,eta5,temp,20260906,20261005,"00Z,12Z",D1,3h,S/D,S/D,S/D,S/D,0
212700,PUENTE ANTAPUCRO,LIMA,HUAROCHIRI,wrf5,temp,20260906,20261005,"00Z,12Z",D1,3h,S/D,S/D,S/D,S/D,0
212700,PUENTE ANTAPUCRO,LIMA,HUAROCHIRI,mpas15,temp,20260906,20261005,00Z,D1,3h,S/D,S/D,S/D,S/D,0
212605,SAN MATEO ,LIMA,HUAROCHIRI,ecmwf,temp,20260906,20261005,"00Z,12Z",D1,3h,S/D,S/D,S/D,S/D,0
212605,SAN MATEO ,LIMA,HUAROCHIRI,gfs,temp,20260906,20261005,"00Z,12Z",D1,3h,S/D,S/D,S/D,S/D,0
212605,SAN MATEO ,LIMA,HUAROCHIRI,eta5,temp,20260906,20261005,"00Z,12Z",D1,3h,S/D,S/D,S/D,S/D,0
212605,SAN MATEO ,LIMA,HUAROCHIRI,wrf5,temp,20260906,20261005,"00Z,12Z",D1,3h,S/D,S/D,S/D,S/D,0
212605,SAN MATEO ,LIMA,HUAROCHIRI,mpas15,temp,20260906,20261005,00Z,D1,3h,S/D,S/D,S/D,S/D,0
472EC742,SAN MATEO DE OTAO,LIMA,HUAROCHIRI,ecmwf,temp,20260906,20261005,"00Z,12Z",D1,3h,-3.786,3.803,4.241,0.791,480
472EC742,SAN MATEO DE OTAO,LIMA,HUAROCHIRI,gfs,temp,20260906,20261005,"00Z,12Z",D1,3h,-1.021,1.415,1.909,0.846,480
472EC742,SAN MATEO DE OTAO,LIMA,HUAROCHIRI,eta5,temp,20260906,20261005,"00Z,12Z",D1,3h,2.4,2.494,2.922,0.825,392
472EC742,SAN MATEO DE OTAO,LIMA,HUAROCHIRI,wrf5,temp,20260906,20261005,"00Z,12Z",D1,3h,3.02,3.251,3.753,0.733,472
472EC742,SAN MATEO DE OTAO,LIMA,HUAROCHIRI,mpas15,temp,20260906,20261005,00Z,D1,3h,4.773,4.777,5.124,0.826,240
472E24B0,SANTA EULALIA,LIMA,HUAROCHIRI,ecmwf,temp,20260906,20261005,"00Z,12Z",D1,3h,S/D,S/D,S/D,S/D,0
472E24B0,SANTA EULALIA,LIMA,HUAROCHIRI,gfs,temp,20260906,20261005,"00Z,12Z",D1,3h,S/D,S/D,S/D,S/D,0
472E24B0,SANTA EULALIA,LIMA,HUAROCHIRI,eta5,temp,20260906,20261005,"00Z,12Z",D1,3h,S/D,S/D,S/D,S/D,0
472E24B0,SANTA EULALIA,LIMA,HUAROCHIRI,wrf5,temp,20260906,20261005,"00Z,12Z",D1,3h,S/D,S/D,S/D,S/D,0
472E24B0,SANTA EULALIA,LIMA,HUAROCHIRI,mpas15,temp,20260906,20261005,00Z,D1,3h,S/D,S/D,S/D,S/D,0
472CA750,SANTIAGO DE TUNA,LIMA,HUAROCHIRI,ecmwf,temp,20260906,20261005,"00Z,12Z",D1,3h,0.75,1.67,2.036,0.871,480
472CA750,SANTIAGO DE TUNA,LIMA,HUAROCHIRI,gfs,temp,20260906,20261005,"00Z,12Z",D1,3h,0.576,2.139,2.43,0.868,480
472CA750,SANTIAGO DE TUNA,LIMA,HUAROCHIRI,eta5,temp,20260906,20261005,"00Z,12Z",D1,3h,-3.379,3.474,3.922,0.819,392
472CA750,SANTIAGO DE TUNA,LIMA,HUAROCHIRI,wrf5,temp,20260906,20261005,"00Z,12Z",D1,3h,-0.446,2.578,2.857,0.804,472
472CA750,SANTIAGO DE TUNA,LIMA,HUAROCHIRI,mpas15,temp,20260906,20261005,00Z,D1,3h,-1.264,2.114,2.639,0.866,240
4724966C,SAYAN,LIMA,HUAURA,ecmwf,temp,20260906,20261005,"00Z,12Z",D1,3h,-1.197,1.603,1.984,0.88,478
4724966C,SAYAN,LIMA,HUAURA,gfs,temp,20260906,20261005,"00Z,12Z",D1,3h,-0.987,1.434,1.789,0.871,478
4724966C,SAYAN,LIMA,HUAURA,eta5,temp,20260906,20261005,"00Z,12Z",D1,3h,1.081,1.902,2.425,0.787,391
4724966C,SAYAN,LIMA,HUAURA,wrf5,temp,20260906,20261005,"00Z,12Z",D1,3h,-0.306,1.522,1.854,0.859,470
4724966C,SAYAN,LIMA,HUAURA,mpas15,temp,20260906,20261005,00Z,D1,3h,-3.553,3.723,4.342,0.72,239
212500,AGUA AZUL BOCATOMA,LIMA,LIMA,ecmwf,temp,20260906,20261005,"00Z,12Z",D1,3h,S/D,S/D,S/D,S/D,0
212500,AGUA AZUL BOCATOMA,LIMA,LIMA,gfs,temp,20260906,20261005,"00Z,12Z",D1,3h,S/D,S/D,S/D,S/D,0
212500,AGUA AZUL BOCATOMA,LIMA,LIMA,eta5,temp,20260906,20261005,"00Z,12Z",D1,3h,S/D,S/D,S/D,S/D,0
212500,AGUA AZUL BOCATOMA,LIMA,LIMA,wrf5,temp,20260906,20261005,"00Z,12Z",D1,3h,S/D,S/D,S/D,S/D,0
212500,AGUA AZUL BOCATOMA,LIMA,LIMA,mpas15,temp,20260906,20261005,00Z,D1,3h,S/D,S/D,S/D,S/D,0
472A218A,ANTONIO RAYMONDI,LIMA,LIMA,ecmwf,temp,20260906,20261005,"00Z,12Z",D1,3h,-2.297,2.409,3.08,0.201,476
472A218A,ANTONIO RAYMONDI,LIMA,LIMA,gfs,temp,20260906,20261005,"00Z,12Z",D1,3h,-3.939,3.94,4.264,0.756,476
472A218A,ANTONIO RAYMONDI,LIMA,LIMA,eta5,temp,20260906,20261005,"00Z,12Z",D1,3h,-3.437,3.465,3.784,0.808,389
472A218A,ANTONIO RAYMONDI,LIMA,LIMA,wrf5,temp,20260906,20261005,"00Z,12Z",D1,3h,-1.611,1.747,2.057,0.793,468
472A218A,ANTONIO RAYMONDI,LIMA,LIMA,mpas15,temp,20260906,20261005,00Z,D1,3h,-2.798,2.82,3.041,0.814,238
112181,CAMPO DE MARTE,LIMA,LIMA,ecmwf,temp,20260906,20261005,"00Z,12Z",D1,3h,-1.037,1.486,1.718,0.883,462
112181,CAMPO DE MARTE,LIMA,LIMA,gfs,temp,20260906,20261005,"00Z,12Z",D1,3h,-2.259,2.261,2.451,0.863,462
112181,CAMPO DE MARTE,LIMA,LIMA,eta5,temp,20260906,20261005,"00Z,12Z",D1,3h,-2.537,2.674,3.02,0.814,378
112181,CAMPO DE MARTE,LIMA,LIMA,wrf5,temp,20260906,20261005,"00Z,12Z",D1,3h,-0.426,0.921,1.147,0.8,455
112181,CAMPO DE MARTE,LIMA,LIMA,mpas15,temp,20260906,20261005,00Z,D1,3h,-1.746,1.808,2.27,0.72,231
111286,CARABAYLLO,LIMA,LIMA,ecmwf,temp,20260906,20261005,"00Z,12Z",D1,3h,-1.771,1.929,2.152,0.895,478
111286,CARABAYLLO,LIMA,LIMA,gfs,temp,20260906,20261005,"00Z,12Z",D1,3h,-2.995,2.995,3.222,0.89,478
111286,CARABAYLLO,LIMA,LIMA,eta5,temp,20260906,20261005,"00Z,12Z",D1,3h,-3.112,3.276,3.699,0.882,391
111286,CARABAYLLO,LIMA,LIMA,wrf5,temp,20260906,20261005,"00Z,12Z",D1,3h,-1.657,1.854,2.096,0.872,470
111286,CARABAYLLO,LIMA,LIMA,mpas15,temp,20260906,20261005,00Z,D1,3h,-2.056,2.109,2.423,0.882,239
112278,CERES,LIMA,LIMA,ecmwf,temp,20260906,20261005,"00Z,12Z",D1,3h,-0.777,1.268,1.451,0.893,396
112278,CERES,LIMA,LIMA,gfs,temp,20260906,20261005,"00Z,12Z",D1,3h,-1.995,1.999,2.259,0.879,396
112278,CERES,LIMA,LIMA,eta5,temp,20260906,20261005,"00Z,12Z",D1,3h,-2.559,2.845,3.271,0.867,350
112278,CERES,LIMA,LIMA,wrf5,temp,20260906,20261005,"00Z,12Z",D1,3h,-0.18,0.994,1.263,0.849,388
112278,CERES,LIMA,LIMA,mpas15,temp,20260906,20261005,00Z,D1,3h,-1.339,1.426,1.656,0.891,198
47278214,CHOSICA,LIMA,LIMA,ecmwf,temp,20260906,20261005,"00Z,12Z",D1,3h,S/D,S/D,S/D,S/D,0
47278214,CHOSICA,LIMA,LIMA,gfs,temp,20260906,20261005,"00Z,12Z",D1,3h,S/D,S/D,S/D,S/D,0
47278214,CHOSICA,LIMA,LIMA,eta5,temp,20260906,20261005,"00Z,12Z",D1,3h,S/D,S/D,S/D,S/D,0
47278214,CHOSICA,LIMA,LIMA,wrf5,temp,20260906,20261005,"00Z,12Z",D1,3h,S/D,S/D,S/D,S/D,0
47278214,CHOSICA,LIMA,LIMA,mpas15,temp,20260906,20261005,00Z,D1,3h,S/D,S/D,S/D,S/D,0
112281,LAS PALMAS,LIMA,LIMA,ecmwf,temp,20260906,20261005,"00Z,12Z",D1,3h,-1.878,1.907,2.424,0.652,480
112281,LAS PALMAS,LIMA,LIMA,gfs,temp,20260906,20261005,"00Z,12Z",D1,3h,-3.542,3.542,3.884,0.684,480
112281,LAS PALMAS,LIMA,LIMA,eta5,temp,20260906,20261005,"00Z,12Z",D1,3h,-2.548,2.622,2.913,0.806,392
112281,LAS PALMAS,LIMA,LIMA,wrf5,temp,20260906,20261005,"00Z,12Z",D1,3h,-0.37,0.963,1.236,0.765,472
112281,LAS PALMAS,LIMA,LIMA,mpas15,temp,20260906,20261005,00Z,D1,3h,-2.228,2.337,3.229,-0.254,240
112193,SAN BORJA,LIMA,LIMA,ecmwf,temp,20260906,20261005,"00Z,12Z",D1,3h,-1.298,1.688,1.922,0.885,456
112193,SAN BORJA,LIMA,LIMA,gfs,temp,20260906,20261005,"00Z,12Z",D1,3h,-2.485,2.489,2.629,0.881,456
112193,SAN BORJA,LIMA,LIMA,eta5,temp,20260906,20261005,"00Z,12Z",D1,3h,-3.201,3.261,3.611,0.839,373
112193,SAN BORJA,LIMA,LIMA,wrf5,temp,20260906,20261005,"00Z,12Z",D1,3h,-0.437,0.942,1.164,0.764,450
112193,SAN BORJA,LIMA,LIMA,mpas15,temp,20260906,20261005,00Z,D1,3h,-1.941,1.971,2.378,0.712,228
112267,SAN JUAN DE LURIGANCHO,LIMA,LIMA,ecmwf,temp,20260906,20261005,"00Z,12Z",D1,3h,-0.982,1.519,1.716,0.886,442
112267,SAN JUAN DE LURIGANCHO,LIMA,LIMA,gfs,temp,20260906,20261005,"00Z,12Z",D1,3h,-2.162,2.171,2.355,0.89,442
112267,SAN JUAN DE LURIGANCHO,LIMA,LIMA,eta5,temp,20260906,20261005,"00Z,12Z",D1,3h,-2.934,3.13,3.58,0.863,359
112267,SAN JUAN DE LURIGANCHO,LIMA,LIMA,wrf5,temp,20260906,20261005,"00Z,12Z",D1,3h,-1.545,1.817,2.049,0.83,434
112267,SAN JUAN DE LURIGANCHO,LIMA,LIMA,mpas15,temp,20260906,20261005,00Z,D1,3h,-1.695,1.737,2.26,0.772,221
112265,SAN MARTIN DE PORRES,LIMA,LIMA,ecmwf,temp,20260906,20261005,"00Z,12Z",D1,3h,-1.923,2.205,2.542,0.886,418
112265,SAN MARTIN DE PORRES,LIMA,LIMA,gfs,temp,20260906,20261005,"00Z,12Z",D1,3h,-3.142,3.142,3.269,0.871,418
112265,SAN MARTIN DE PORRES,LIMA,LIMA,eta5,temp,20260906,20261005,"00Z,12Z",D1,3h,-3.29,3.298,3.664,0.802,339
112265,SAN MARTIN DE PORRES,LIMA,LIMA,wrf5,temp,20260906,20261005,"00Z,12Z",D1,3h,-0.874,1.114,1.312,0.8,411
112265,SAN MARTIN DE PORRES,LIMA,LIMA,mpas15,temp,20260906,20261005,00Z,D1,3h,-2.675,2.675,2.872,0.742,209
112208,SANTA ANITA,LIMA,LIMA,ecmwf,temp,20260906,20261005,"00Z,12Z",D1,3h,-0.326,1.248,1.476,0.886,478
112208,SANTA ANITA,LIMA,LIMA,gfs,temp,20260906,20261005,"00Z,12Z",D1,3h,-1.537,1.578,1.776,0.888,478
112208,SANTA ANITA,LIMA,LIMA,eta5,temp,20260906,20261005,"00Z,12Z",D1,3h,-2.093,2.639,3.078,0.85,391
112208,SANTA ANITA,LIMA,LIMA,wrf5,temp,20260906,20261005,"00Z,12Z",D1,3h,0.043,0.908,1.196,0.827,470
112208,SANTA ANITA,LIMA,LIMA,mpas15,temp,20260906,20261005,00Z,D1,3h,-1.03,1.24,1.763,0.755,239
472AC278,VON HUMBOLDT,LIMA,LIMA,ecmwf,temp,20260906,20261005,"00Z,12Z",D1,3h,-0.496,1.132,1.337,0.895,444
472AC278,VON HUMBOLDT,LIMA,LIMA,gfs,temp,20260906,20261005,"00Z,12Z",D1,3h,-1.694,1.787,2.139,0.868,444
472AC278,VON HUMBOLDT,LIMA,LIMA,eta5,temp,20260906,20261005,"00Z,12Z",D1,3h,-2.563,2.742,3.16,0.866,363
472AC278,VON HUMBOLDT,LIMA,LIMA,wrf5,temp,20260906,20261005,"00Z,12Z",D1,3h,-0.245,1.057,1.343,0.85,436
472AC278,VON HUMBOLDT,LIMA,LIMA,mpas15,temp,20260906,20261005,00Z,D1,3h,-1.047,1.307,1.596,0.875,222
111290,ÑAÑA,LIMA,LIMA,ecmwf,temp,20260906,20261005,"00Z,12Z",D1,3h,-0.308,1.44,1.756,0.766,480
111290,ÑAÑA,LIMA,LIMA,gfs,temp,20260906,20261005,"00Z,12Z",D1,3h,-0.441,1.546,1.875,0.737,480
111290,ÑAÑA,LIMA,LIMA,eta5,temp,20260906,20261005,"00Z,12Z",D1,3h,0.634,2.346,2.838,0.768,392
111290,ÑAÑA,LIMA,LIMA,wrf5,temp,20260906,20261005,"00Z,12Z",D1,3h,-1.04,1.624,1.925,0.851,472
111290,ÑAÑA,LIMA,LIMA,mpas15,temp,20260906,20261005,00Z,D1,3h,0.245,0.818,1.046,0.908,240
110139,PICOY,LIMA,OYON,ecmwf,temp,20260906,20261005,"00Z,12Z",D1,3h,S/D,S/D,S/D,S/D,0
110139,PICOY,LIMA,OYON,gfs,temp,20260906,20261005,"00Z,12Z",D1,3h,S/D,S/D,S/D,S/D,0
110139,PICOY,LIMA,OYON,eta5,temp,20260906,20261005,"00Z,12Z",D1,3h,S/D,S/D,S/D,S/D,0
110139,PICOY,LIMA,OYON,wrf5,temp,20260906,20261005,"00Z,12Z",D1,3h,S/D,S/D,S/D,S/D,0
110139,PICOY,LIMA,OYON,mpas15,temp,20260906,20261005,00Z,D1,3h,S/D,S/D,S/D,S/D,0
472364DC,CARANIA,LIMA,YAUYOS,ecmwf,temp,20260906,20261005,"00Z,12Z",D1,3h,S/D,S/D,S/D,S/D,0
472364DC,CARANIA,LIMA,YAUYOS,gfs,temp,20260906,20261005,"00Z,12Z",D1,3h,S/D,S/D,S/D,S/D,0
472364DC,CARANIA,LIMA,YAUYOS,eta5,temp,20260906,20261005,"00Z,12Z",D1,3h,S/D,S/D,S/D,S/D,0
472364DC,CARANIA,LIMA,YAUYOS,wrf5,temp,20260906,20261005,"00Z,12Z",D1,3h,S/D,S/D,S/D,S/D,0
472364DC,CARANIA,LIMA,YAUYOS,mpas15,temp,20260906,20261005,00Z,D1,3h,S/D,S/D,S/D,S/D,0
104112,SAN REGIS,LORETO,LORETO,ecmwf,temp,20260906,20261005,"00Z,12Z",D1,3h,-0.106,1.266,1.794,0.875,354
104112,SAN REGIS,LORETO,LORETO,gfs,temp,20260906,20261005,"00Z,12Z",D1,3h,0.553,2.177,2.913,0.802,354
104112,SAN REGIS,LORETO,LORETO,eta5,temp,20260906,20261005,"00Z,12Z",D1,3h,2.437,2.665,3.38,0.819,294
104112,SAN REGIS,LORETO,LORETO,wrf5,temp,20260906,20261005,"00Z,12Z",D1,3h,1.173,1.888,2.402,0.842,347
104112,SAN REGIS,LORETO,LORETO,mpas15,temp,20260906,20261005,00Z,D1,3h,-0.148,1.336,1.845,0.869,177
4727547C,CABALLOCOCHA,LORETO,MARISCAL RAMON CASTILLA,ecmwf,temp,20260906,20261005,"00Z,12Z",D1,3h,-0.683,1.401,1.947,0.839,476
4727547C,CABALLOCOCHA,LORETO,MARISCAL RAMON CASTILLA,gfs,temp,20260906,20261005,"00Z,12Z",D1,3h,-0.056,2.347,2.988,0.777,476
4727547C,CABALLOCOCHA,LORETO,MARISCAL RAMON CASTILLA,eta5,temp,20260906,20261005,"00Z,12Z",D1,3h,1.728,2.371,3.22,0.753,388
4727547C,CABALLOCOCHA,LORETO,MARISCAL RAMON CASTILLA,wrf5,temp,20260906,20261005,"00Z,12Z",D1,3h,1.044,2.032,2.648,0.802,468
4727547C,CABALLOCOCHA,LORETO,MARISCAL RAMON CASTILLA,mpas15,temp,20260906,20261005,00Z,D1,3h,-0.47,1.434,1.905,0.81,238
47288486,PEBAS,LORETO,MARISCAL RAMON CASTILLA,ecmwf,temp,20260906,20261005,"00Z,12Z",D1,3h,S/D,S/D,S/D,S/D,0
47288486,PEBAS,LORETO,MARISCAL RAMON CASTILLA,gfs,temp,20260906,20261005,"00Z,12Z",D1,3h,S/D,S/D,S/D,S/D,0
47288486,PEBAS,LORETO,MARISCAL RAMON CASTILLA,eta5,temp,20260906,20261005,"00Z,12Z",D1,3h,S/D,S/D,S/D,S/D,0
47288486,PEBAS,LORETO,MARISCAL RAMON CASTILLA,wrf5,temp,20260906,20261005,"00Z,12Z",D1,3h,S/D,S/D,S/D,S/D,0
47288486,PEBAS,LORETO,MARISCAL RAMON CASTILLA,mpas15,temp,20260906,20261005,00Z,D1,3h,S/D,S/D,S/D,S/D,0
103065,AMAZONAS,LORETO,MAYNAS,ecmwf,temp,20260906,20261005,"00Z,12Z",D1,3h,0.185,1.492,2.026,0.827,480
103065,AMAZONAS,LORETO,MAYNAS,gfs,temp,20260906,20261005,"00Z,12Z",D1,3h,0.508,2.318,3.187,0.759,480
103065,AMAZONAS,LORETO,MAYNAS,eta5,temp,20260906,20261005,"00Z,12Z",D1,3h,2.884,3.151,3.995,0.747,392
103065,AMAZONAS,LORETO,MAYNAS,wrf5,temp,20260906,20261005,"00Z,12Z",D1,3h,1.49,2.258,2.949,0.789,472
103065,AMAZONAS,LORETO,MAYNAS,mpas15,temp,20260906,20261005,00Z,D1,3h,-0.865,2.223,3.011,0.715,240
47252718,ENAPU PERU,LORETO,MAYNAS,ecmwf,temp,20260906,20261005,"00Z,12Z",D1,3h,-0.595,1.328,1.776,0.812,476
47252718,ENAPU PERU,LORETO,MAYNAS,gfs,temp,20260906,20261005,"00Z,12Z",D1,3h,-0.264,2.73,3.375,0.75,476
47252718,ENAPU PERU,LORETO,MAYNAS,eta5,temp,20260906,20261005,"00Z,12Z",D1,3h,2.065,2.803,3.647,0.704,390
47252718,ENAPU PERU,LORETO,MAYNAS,wrf5,temp,20260906,20261005,"00Z,12Z",D1,3h,0.587,2.231,2.84,0.746,468
47252718,ENAPU PERU,LORETO,MAYNAS,mpas15,temp,20260906,20261005,00Z,D1,3h,-1.484,1.953,2.551,0.725,238
47287402,CONTAMANA,LORETO,UCAYALI,ecmwf,temp,20260906,20261005,"00Z,12Z",D1,3h,-1.692,2.029,2.479,0.898,472
47287402,CONTAMANA,LORETO,UCAYALI,gfs,temp,20260906,20261005,"00Z,12Z",D1,3h,-0.831,2.394,2.993,0.857,472
47287402,CONTAMANA,LORETO,UCAYALI,eta5,temp,20260906,20261005,"00Z,12Z",D1,3h,1.164,1.947,2.694,0.817,387
47287402,CONTAMANA,LORETO,UCAYALI,wrf5,temp,20260906,20261005,"00Z,12Z",D1,3h,0.186,1.815,2.43,0.838,464
47287402,CONTAMANA,LORETO,UCAYALI,mpas15,temp,20260906,20261005,00Z,D1,3h,-1.891,2.13,2.545,0.904,236
47E8201A,SALVACION,MADRE DE DIOS,MANU,ecmwf,temp,20260906,20261005,"00Z,12Z",D1,3h,-0.845,1.847,2.357,0.802,480
47E8201A,SALVACION,MADRE DE DIOS,MANU,gfs,temp,20260906,20261005,"00Z,12Z",D1,3h,0.215,2.766,3.5,0.719,480
47E8201A,SALVACION,MADRE DE DIOS,MANU,eta5,temp,20260906,20261005,"00Z,12Z",D1,3h,0.191,1.665,2.181,0.816,392
47E8201A,SALVACION,MADRE DE DIOS,MANU,wrf5,temp,20260906,20261005,"00Z,12Z",D1,3h,1.772,2.229,2.828,0.829,472
47E8201A,SALVACION,MADRE DE DIOS,MANU,mpas15,temp,20260906,20261005,00Z,D1,3h,-1.974,2.55,3.274,0.734,240
472587E0,IÑAPARI,MADRE DE DIOS,TAHUAMANU,ecmwf,temp,20260906,20261005,"00Z,12Z",D1,3h,-0.138,1.433,2.036,0.913,476
472587E0,IÑAPARI,MADRE DE DIOS,TAHUAMANU,gfs,temp,20260906,20261005,"00Z,12Z",D1,3h,1.293,2.043,2.886,0.867,476
472587E0,IÑAPARI,MADRE DE DIOS,TAHUAMANU,eta5,temp,20260906,20261005,"00Z,12Z",D1,3h,2.837,2.999,3.738,0.855,388
472587E0,IÑAPARI,MADRE DE DIOS,TAHUAMANU,wrf5,temp,20260906,20261005,"00Z,12Z",D1,3h,1.677,2.151,2.988,0.871,468
472587E0,IÑAPARI,MADRE DE DIOS,TAHUAMANU,mpas15,temp,20260906,20261005,00Z,D1,3h,-0.813,1.778,2.378,0.91,238
260403,CACHUELA,MADRE DE DIOS,TAMBOPATA,ecmwf,temp,20260906,20261005,"00Z,12Z",D1,3h,-0.138,1.115,1.462,0.937,480
260403,CACHUELA,MADRE DE DIOS,TAMBOPATA,gfs,temp,20260906,20261005,"00Z,12Z",D1,3h,1.905,2.805,3.507,0.836,480
260403,CACHUELA,MADRE DE DIOS,TAMBOPATA,eta5,temp,20260906,20261005,"00Z,12Z",D1,3h,3.275,3.527,4.132,0.861,392
260403,CACHUELA,MADRE DE DIOS,TAMBOPATA,wrf5,temp,20260906,20261005,"00Z,12Z",D1,3h,1.736,2.347,2.943,0.879,472
260403,CACHUELA,MADRE DE DIOS,TAMBOPATA,mpas15,temp,20260906,20261005,00Z,D1,3h,-0.86,1.295,1.754,0.943,240
47E8336C,MALINOWSKY,MADRE DE DIOS,TAMBOPATA,ecmwf,temp,20260906,20261005,"00Z,12Z",D1,3h,-0.18,1.515,1.943,0.893,480
47E8336C,MALINOWSKY,MADRE DE DIOS,TAMBOPATA,gfs,temp,20260906,20261005,"00Z,12Z",D1,3h,1.597,2.752,3.553,0.774,480
47E8336C,MALINOWSKY,MADRE DE DIOS,TAMBOPATA,eta5,temp,20260906,20261005,"00Z,12Z",D1,3h,3.279,3.367,3.911,0.866,392
47E8336C,MALINOWSKY,MADRE DE DIOS,TAMBOPATA,wrf5,temp,20260906,20261005,"00Z,12Z",D1,3h,1.613,2.237,2.86,0.855,472
47E8336C,MALINOWSKY,MADRE DE DIOS,TAMBOPATA,mpas15,temp,20260906,20261005,00Z,D1,3h,-0.912,1.803,2.249,0.899,240
260402,PUENTE HERRERA,MADRE DE DIOS,TAMBOPATA,ecmwf,temp,20260906,20261005,"00Z,12Z",D1,3h,S/D,S/D,S/D,S/D,0
260402,PUENTE HERRERA,MADRE DE DIOS,TAMBOPATA,gfs,temp,20260906,20261005,"00Z,12Z",D1,3h,S/D,S/D,S/D,S/D,0
260402,PUENTE HERRERA,MADRE DE DIOS,TAMBOPATA,eta5,temp,20260906,20261005,"00Z,12Z",D1,3h,S/D,S/D,S/D,S/D,0
260402,PUENTE HERRERA,MADRE DE DIOS,TAMBOPATA,wrf5,temp,20260906,20261005,"00Z,12Z",D1,3h,S/D,S/D,S/D,S/D,0
260402,PUENTE HERRERA,MADRE DE DIOS,TAMBOPATA,mpas15,temp,20260906,20261005,00Z,D1,3h,S/D,S/D,S/D,S/D,0
112279,PUERTO MALDONADO,MADRE DE DIOS,TAMBOPATA,ecmwf,temp,20260906,20261005,"00Z,12Z",D1,3h,-0.936,1.488,1.922,0.929,480
112279,PUERTO MALDONADO,MADRE DE DIOS,TAMBOPATA,gfs,temp,20260906,20261005,"00Z,12Z",D1,3h,1.107,2.584,3.275,0.834,480
112279,PUERTO MALDONADO,MADRE DE DIOS,TAMBOPATA,eta5,temp,20260906,20261005,"00Z,12Z",D1,3h,2.518,2.996,3.623,0.852,392
112279,PUERTO MALDONADO,MADRE DE DIOS,TAMBOPATA,wrf5,temp,20260906,20261005,"00Z,12Z",D1,3h,1.054,2.113,2.719,0.873,472
112279,PUERTO MALDONADO,MADRE DE DIOS,TAMBOPATA,mpas15,temp,20260906,20261005,00Z,D1,3h,-1.659,1.858,2.325,0.935,240
260002,TAMBOPATA,MADRE DE DIOS,TAMBOPATA,ecmwf,temp,20260906,20261005,"00Z,12Z",D1,3h,S/D,S/D,S/D,S/D,0
260002,TAMBOPATA,MADRE DE DIOS,TAMBOPATA,gfs,temp,20260906,20261005,"00Z,12Z",D1,3h,S/D,S/D,S/D,S/D,0
260002,TAMBOPATA,MADRE DE DIOS,TAMBOPATA,eta5,temp,20260906,20261005,"00Z,12Z",D1,3h,S/D,S/D,S/D,S/D,0
260002,TAMBOPATA,MADRE DE DIOS,TAMBOPATA,wrf5,temp,20260906,20261005,"00Z,12Z",D1,3h,S/D,S/D,S/D,S/D,0
260002,TAMBOPATA,MADRE DE DIOS,TAMBOPATA,mpas15,temp,20260906,20261005,00Z,D1,3h,S/D,S/D,S/D,S/D,0
4723F1BE,MOQUEGUA,MOQUEGUA,MARISCAL NIETO,ecmwf,temp,20260906,20261005,"00Z,12Z",D1,3h,-0.998,1.61,2.057,0.943,478
4723F1BE,MOQUEGUA,MOQUEGUA,MARISCAL NIETO,gfs,temp,20260906,20261005,"00Z,12Z",D1,3h,0.05,1.633,1.995,0.939,478
4723F1BE,MOQUEGUA,MOQUEGUA,MARISCAL NIETO,eta5,temp,20260906,20261005,"00Z,12Z",D1,3h,1.823,2.264,2.728,0.92,390
4723F1BE,MOQUEGUA,MOQUEGUA,MARISCAL NIETO,wrf5,temp,20260906,20261005,"00Z,12Z",D1,3h,0.234,1.865,2.307,0.909,470
4723F1BE,MOQUEGUA,MOQUEGUA,MARISCAL NIETO,mpas15,temp,20260906,20261005,00Z,D1,3h,-4.159,4.329,4.725,0.906,239
110137,12 DE OCTUBRE,PASCO,DANIEL ALCIDES CARRION,ecmwf,temp,20260906,20261005,"00Z,12Z",D1,3h,-0.784,2.416,2.947,0.876,478
110137,12 DE OCTUBRE,PASCO,DANIEL ALCIDES CARRION,gfs,temp,20260906,20261005,"00Z,12Z",D1,3h,-1.429,2.655,3.416,0.823,478
110137,12 DE OCTUBRE,PASCO,DANIEL ALCIDES CARRION,eta5,temp,20260906,20261005,"00Z,12Z",D1,3h,-0.429,2.394,2.889,0.82,390
110137,12 DE OCTUBRE,PASCO,DANIEL ALCIDES CARRION,wrf5,temp,20260906,20261005,"00Z,12Z",D1,3h,0.089,2.407,2.987,0.846,470
110137,12 DE OCTUBRE,PASCO,DANIEL ALCIDES CARRION,mpas15,temp,20260906,20261005,00Z,D1,3h,-3.597,3.874,4.445,0.885,239
4725D79C,OXAPAMPA,PASCO,OXAPAMPA,ecmwf,temp,20260906,20261005,"00Z,12Z",D1,3h,-3.601,3.677,4.011,0.828,480
4725D79C,OXAPAMPA,PASCO,OXAPAMPA,gfs,temp,20260906,20261005,"00Z,12Z",D1,3h,-4.491,4.511,4.886,0.822,480
4725D79C,OXAPAMPA,PASCO,OXAPAMPA,eta5,temp,20260906,20261005,"00Z,12Z",D1,3h,-5.9,5.902,6.218,0.776,392
4725D79C,OXAPAMPA,PASCO,OXAPAMPA,wrf5,temp,20260906,20261005,"00Z,12Z",D1,3h,-0.351,1.501,1.971,0.83,472
4725D79C,OXAPAMPA,PASCO,OXAPAMPA,mpas15,temp,20260906,20261005,00Z,D1,3h,-3.069,3.315,3.951,0.7,240
109093,PUERTO BERMUDEZ,PASCO,OXAPAMPA,ecmwf,temp,20260906,20261005,"00Z,12Z",D1,3h,-0.514,1.442,1.909,0.865,480
109093,PUERTO BERMUDEZ,PASCO,OXAPAMPA,gfs,temp,20260906,20261005,"00Z,12Z",D1,3h,-0.452,2.401,3.053,0.826,480
109093,PUERTO BERMUDEZ,PASCO,OXAPAMPA,eta5,temp,20260906,20261005,"00Z,12Z",D1,3h,1.931,2.443,3.081,0.811,392
109093,PUERTO BERMUDEZ,PASCO,OXAPAMPA,wrf5,temp,20260906,20261005,"00Z,12Z",D1,3h,1.42,1.966,2.585,0.854,472
109093,PUERTO BERMUDEZ,PASCO,OXAPAMPA,mpas15,temp,20260906,20261005,00Z,D1,3h,-0.705,1.619,2.279,0.843,240
104114,ALTO DE POCLUS,PIURA,AYABACA,ecmwf,temp,20260906,20261005,"00Z,12Z",D1,3h,7.962,7.962,8.165,0.803,348
104114,ALTO DE POCLUS,PIURA,AYABACA,gfs,temp,20260906,20261005,"00Z,12Z",D1,3h,9.163,9.163,9.316,0.84,348
104114,ALTO DE POCLUS,PIURA,AYABACA,eta5,temp,20260906,20261005,"00Z,12Z",D1,3h,0.19,1.139,1.409,0.872,286
104114,ALTO DE POCLUS,PIURA,AYABACA,wrf5,temp,20260906,20261005,"00Z,12Z",D1,3h,0.921,1.764,2.18,0.705,342
104114,ALTO DE POCLUS,PIURA,AYABACA,mpas15,temp,20260906,20261005,00Z,D1,3h,5.722,5.722,5.942,0.818,174
47E9177A,EL CIRUELO,PIURA,AYABACA,ecmwf,temp,20260906,20261005,"00Z,12Z",D1,3h,S/D,S/D,S/D,S/D,0
47E9177A,EL CIRUELO,PIURA,AYABACA,gfs,temp,20260906,20261005,"00Z,12Z",D1,3h,S/D,S/D,S/D,S/D,0
47E9177A,EL CIRUELO,PIURA,AYABACA,eta5,temp,20260906,20261005,"00Z,12Z",D1,3h,S/D,S/D,S/D,S/D,0
47E9177A,EL CIRUELO,PIURA,AYABACA,wrf5,temp,20260906,20261005,"00Z,12Z",D1,3h,S/D,S/D,S/D,S/D,0
47E9177A,EL CIRUELO,PIURA,AYABACA,mpas15,temp,20260906,20261005,00Z,D1,3h,S/D,S/D,S/D,S/D,0
47E281B0,HUALCUY,PIURA,AYABACA,ecmwf,temp,20260906,20261005,"00Z,12Z",D1,3h,-4.018,4.019,4.308,0.864,476
47E281B0,HUALCUY,PIURA,AYABACA,gfs,temp,20260906,20261005,"00Z,12Z",D1,3h,-3.24,3.416,3.801,0.82,476
47E281B0,HUALCUY,PIURA,AYABACA,eta5,temp,20260906,20261005,"00Z,12Z",D1,3h,1.473,1.941,2.506,0.858,389
47E281B0,HUALCUY,PIURA,AYABACA,wrf5,temp,20260906,20261005,"00Z,12Z",D1,3h,2.955,2.977,3.36,0.898,468
47E281B0,HUALCUY,PIURA,AYABACA,mpas15,temp,20260906,20261005,00Z,D1,3h,-3.066,3.07,3.529,0.87,238
472FC5B8,PAIMAS,PIURA,AYABACA,ecmwf,temp,20260906,20261005,"00Z,12Z",D1,3h,-5.186,5.187,5.548,0.778,478
472FC5B8,PAIMAS,PIURA,AYABACA,gfs,temp,20260906,20261005,"00Z,12Z",D1,3h,-3.736,3.875,4.406,0.751,478
472FC5B8,PAIMAS,PIURA,AYABACA,eta5,temp,20260906,20261005,"00Z,12Z",D1,3h,-2.706,2.997,3.437,0.799,391
472FC5B8,PAIMAS,PIURA,AYABACA,wrf5,temp,20260906,20261005,"00Z,12Z",D1,3h,-0.844,2.423,2.808,0.844,470
472FC5B8,PAIMAS,PIURA,AYABACA,mpas15,temp,20260906,20261005,00Z,D1,3h,-2.578,2.78,3.162,0.87,239
47E0C74E,PUENTE MACARA,PIURA,AYABACA,ecmwf,temp,20260906,20261005,"00Z,12Z",D1,3h,S/D,S/D,S/D,S/D,0
47E0C74E,PUENTE MACARA,PIURA,AYABACA,gfs,temp,20260906,20261005,"00Z,12Z",D1,3h,S/D,S/D,S/D,S/D,0
47E0C74E,PUENTE MACARA,PIURA,AYABACA,eta5,temp,20260906,20261005,"00Z,12Z",D1,3h,S/D,S/D,S/D,S/D,0
47E0C74E,PUENTE MACARA,PIURA,AYABACA,wrf5,temp,20260906,20261005,"00Z,12Z",D1,3h,S/D,S/D,S/D,S/D,0
47E0C74E,PUENTE MACARA,PIURA,AYABACA,mpas15,temp,20260906,20261005,00Z,D1,3h,S/D,S/D,S/D,S/D,0
472FF022,SAPILLICA,PIURA,AYABACA,ecmwf,temp,20260906,20261005,"00Z,12Z",D1,3h,0.154,1.055,1.356,0.876,476
472FF022,SAPILLICA,PIURA,AYABACA,gfs,temp,20260906,20261005,"00Z,12Z",D1,3h,1.612,1.799,2.415,0.859,476
472FF022,SAPILLICA,PIURA,AYABACA,eta5,temp,20260906,20261005,"00Z,12Z",D1,3h,0.314,1.266,1.577,0.847,389
472FF022,SAPILLICA,PIURA,AYABACA,wrf5,temp,20260906,20261005,"00Z,12Z",D1,3h,0.435,1.554,1.973,0.738,468
472FF022,SAPILLICA,PIURA,AYABACA,mpas15,temp,20260906,20261005,00Z,D1,3h,1.401,1.65,2.271,0.883,238
472F86B2,CANCHAQUE,PIURA,HUANCABAMBA,ecmwf,temp,20260906,20261005,"00Z,12Z",D1,3h,-1.654,2.777,3.133,0.764,476
472F86B2,CANCHAQUE,PIURA,HUANCABAMBA,gfs,temp,20260906,20261005,"00Z,12Z",D1,3h,-1.815,2.779,3.156,0.711,476
472F86B2,CANCHAQUE,PIURA,HUANCABAMBA,eta5,temp,20260906,20261005,"00Z,12Z",D1,3h,-0.003,1.528,1.866,0.729,390
472F86B2,CANCHAQUE,PIURA,HUANCABAMBA,wrf5,temp,20260906,20261005,"00Z,12Z",D1,3h,0.006,2.36,2.955,0.359,468
472F86B2,CANCHAQUE,PIURA,HUANCABAMBA,mpas15,temp,20260906,20261005,00Z,D1,3h,0.14,1.833,2.301,0.7,238
472FE354,HUANCABAMBA,PIURA,HUANCABAMBA,ecmwf,temp,20260906,20261005,"00Z,12Z",D1,3h,-4.944,4.95,5.575,0.814,478
472FE354,HUANCABAMBA,PIURA,HUANCABAMBA,gfs,temp,20260906,20261005,"00Z,12Z",D1,3h,-4.709,4.775,5.429,0.762,478
472FE354,HUANCABAMBA,PIURA,HUANCABAMBA,eta5,temp,20260906,20261005,"00Z,12Z",D1,3h,-3.284,3.38,3.943,0.853,391
472FE354,HUANCABAMBA,PIURA,HUANCABAMBA,wrf5,temp,20260906,20261005,"00Z,12Z",D1,3h,-0.149,1.816,2.332,0.795,470
472FE354,HUANCABAMBA,PIURA,HUANCABAMBA,mpas15,temp,20260906,20261005,00Z,D1,3h,-4.667,4.756,5.386,0.791,239
472761E6,HUARMACA,PIURA,HUANCABAMBA,ecmwf,temp,20260906,20261005,"00Z,12Z",D1,3h,0.777,1.822,2.343,0.687,480
472761E6,HUARMACA,PIURA,HUANCABAMBA,gfs,temp,20260906,20261005,"00Z,12Z",D1,3h,0.618,1.867,2.403,0.571,480
472761E6,HUARMACA,PIURA,HUANCABAMBA,eta5,temp,20260906,20261005,"00Z,12Z",D1,3h,1.161,1.934,2.479,0.582,392
472761E6,HUARMACA,PIURA,HUANCABAMBA,wrf5,temp,20260906,20261005,"00Z,12Z",D1,3h,1.938,2.405,2.902,0.64,472
472761E6,HUARMACA,PIURA,HUANCABAMBA,mpas15,temp,20260906,20261005,00Z,D1,3h,-0.092,1.766,2.142,0.582,240
472FB328,CHALACO,PIURA,MORROPON,ecmwf,temp,20260906,20261005,"00Z,12Z",D1,3h,0.632,1.401,1.772,0.799,478
472FB328,CHALACO,PIURA,MORROPON,gfs,temp,20260906,20261005,"00Z,12Z",D1,3h,0.354,1.18,1.539,0.876,478
472FB328,CHALACO,PIURA,MORROPON,eta5,temp,20260906,20261005,"00Z,12Z",D1,3h,2.704,2.845,3.293,0.834,391
472FB328,CHALACO,PIURA,MORROPON,wrf5,temp,20260906,20261005,"00Z,12Z",D1,3h,1.016,2.458,3.064,0.485,470
472FB328,CHALACO,PIURA,MORROPON,mpas15,temp,20260906,20261005,00Z,D1,3h,3.536,3.545,3.939,0.84,239
472F6540,CHULUCANAS,PIURA,MORROPON,ecmwf,temp,20260906,20261005,"00Z,12Z",D1,3h,0.572,1.259,1.756,0.935,478
472F6540,CHULUCANAS,PIURA,MORROPON,gfs,temp,20260906,20261005,"00Z,12Z",D1,3h,-0.014,1.666,2.05,0.926,478
472F6540,CHULUCANAS,PIURA,MORROPON,eta5,temp,20260906,20261005,"00Z,12Z",D1,3h,1.196,1.818,2.47,0.933,390
472F6540,CHULUCANAS,PIURA,MORROPON,wrf5,temp,20260906,20261005,"00Z,12Z",D1,3h,-0.267,2.005,2.35,0.91,470
472F6540,CHULUCANAS,PIURA,MORROPON,mpas15,temp,20260906,20261005,00Z,D1,3h,-1.405,2.061,2.303,0.943,239
47E037CA,CORRAL DEL MEDIO,PIURA,MORROPON,ecmwf,temp,20260906,20261005,"00Z,12Z",D1,3h,S/D,S/D,S/D,S/D,0
47E037CA,CORRAL DEL MEDIO,PIURA,MORROPON,gfs,temp,20260906,20261005,"00Z,12Z",D1,3h,S/D,S/D,S/D,S/D,0
47E037CA,CORRAL DEL MEDIO,PIURA,MORROPON,eta5,temp,20260906,20261005,"00Z,12Z",D1,3h,S/D,S/D,S/D,S/D,0
47E037CA,CORRAL DEL MEDIO,PIURA,MORROPON,wrf5,temp,20260906,20261005,"00Z,12Z",D1,3h,S/D,S/D,S/D,S/D,0
47E037CA,CORRAL DEL MEDIO,PIURA,MORROPON,mpas15,temp,20260906,20261005,00Z,D1,3h,S/D,S/D,S/D,S/D,0
472F50DA,EL VIRREY,PIURA,MORROPON,ecmwf,temp,20260906,20261005,"00Z,12Z",D1,3h,-0.25,1.14,1.499,0.941,476
472F50DA,EL VIRREY,PIURA,MORROPON,gfs,temp,20260906,20261005,"00Z,12Z",D1,3h,-0.086,1.916,2.375,0.92,476
472F50DA,EL VIRREY,PIURA,MORROPON,eta5,temp,20260906,20261005,"00Z,12Z",D1,3h,-0.611,2.004,2.354,0.919,389
472F50DA,EL VIRREY,PIURA,MORROPON,wrf5,temp,20260906,20261005,"00Z,12Z",D1,3h,-1.0,2.294,2.697,0.873,468
472F50DA,EL VIRREY,PIURA,MORROPON,mpas15,temp,20260906,20261005,00Z,D1,3h,-0.125,1.5,1.919,0.937,238
47E074C0,HACIENDA BARRIOS,PIURA,MORROPON,ecmwf,temp,20260906,20261005,"00Z,12Z",D1,3h,S/D,S/D,S/D,S/D,0
47E074C0,HACIENDA BARRIOS,PIURA,MORROPON,gfs,temp,20260906,20261005,"00Z,12Z",D1,3h,S/D,S/D,S/D,S/D,0
47E074C0,HACIENDA BARRIOS,PIURA,MORROPON,eta5,temp,20260906,20261005,"00Z,12Z",D1,3h,S/D,S/D,S/D,S/D,0
47E074C0,HACIENDA BARRIOS,PIURA,MORROPON,wrf5,temp,20260906,20261005,"00Z,12Z",D1,3h,S/D,S/D,S/D,S/D,0
47E074C0,HACIENDA BARRIOS,PIURA,MORROPON,mpas15,temp,20260906,20261005,00Z,D1,3h,S/D,S/D,S/D,S/D,0
472F95C4,HACIENDA BIGOTE ,PIURA,MORROPON,ecmwf,temp,20260906,20261005,"00Z,12Z",D1,3h,-4.027,4.037,4.391,0.864,478
472F95C4,HACIENDA BIGOTE ,PIURA,MORROPON,gfs,temp,20260906,20261005,"00Z,12Z",D1,3h,-4.033,4.099,4.563,0.805,478
472F95C4,HACIENDA BIGOTE ,PIURA,MORROPON,eta5,temp,20260906,20261005,"00Z,12Z",D1,3h,1.465,2.357,3.05,0.869,391
472F95C4,HACIENDA BIGOTE ,PIURA,MORROPON,wrf5,temp,20260906,20261005,"00Z,12Z",D1,3h,-0.922,2.337,2.699,0.856,470
472F95C4,HACIENDA BIGOTE ,PIURA,MORROPON,mpas15,temp,20260906,20261005,00Z,D1,3h,-5.619,5.664,6.137,0.679,239
472FA05E,MALACASI,PIURA,MORROPON,ecmwf,temp,20260906,20261005,"00Z,12Z",D1,3h,-3.981,3.987,4.394,0.885,476
472FA05E,MALACASI,PIURA,MORROPON,gfs,temp,20260906,20261005,"00Z,12Z",D1,3h,-3.985,4.03,4.415,0.837,476
472FA05E,MALACASI,PIURA,MORROPON,eta5,temp,20260906,20261005,"00Z,12Z",D1,3h,0.225,1.781,2.206,0.907,389
472FA05E,MALACASI,PIURA,MORROPON,wrf5,temp,20260906,20261005,"00Z,12Z",D1,3h,-0.866,1.976,2.314,0.906,468
472FA05E,MALACASI,PIURA,MORROPON,mpas15,temp,20260906,20261005,00Z,D1,3h,-3.152,3.22,3.556,0.893,238
472F7636,MORROPON,PIURA,MORROPON,ecmwf,temp,20260906,20261005,"00Z,12Z",D1,3h,-0.513,1.442,1.729,0.931,476
472F7636,MORROPON,PIURA,MORROPON,gfs,temp,20260906,20261005,"00Z,12Z",D1,3h,-0.338,2.004,2.338,0.917,476
472F7636,MORROPON,PIURA,MORROPON,eta5,temp,20260906,20261005,"00Z,12Z",D1,3h,1.03,1.874,2.471,0.933,389
472F7636,MORROPON,PIURA,MORROPON,wrf5,temp,20260906,20261005,"00Z,12Z",D1,3h,-0.074,1.994,2.36,0.909,468
472F7636,MORROPON,PIURA,MORROPON,mpas15,temp,20260906,20261005,00Z,D1,3h,-2.918,3.038,3.345,0.924,238
47E067B6,SALITRAL,PIURA,MORROPON,ecmwf,temp,20260906,20261005,"00Z,12Z",D1,3h,S/D,S/D,S/D,S/D,0
47E067B6,SALITRAL,PIURA,MORROPON,gfs,temp,20260906,20261005,"00Z,12Z",D1,3h,S/D,S/D,S/D,S/D,0
47E067B6,SALITRAL,PIURA,MORROPON,eta5,temp,20260906,20261005,"00Z,12Z",D1,3h,S/D,S/D,S/D,S/D,0
47E067B6,SALITRAL,PIURA,MORROPON,wrf5,temp,20260906,20261005,"00Z,12Z",D1,3h,S/D,S/D,S/D,S/D,0
47E067B6,SALITRAL,PIURA,MORROPON,mpas15,temp,20260906,20261005,00Z,D1,3h,S/D,S/D,S/D,S/D,0
47E08444,SAN PEDRO,PIURA,MORROPON,ecmwf,temp,20260906,20261005,"00Z,12Z",D1,3h,S/D,S/D,S/D,S/D,0
47E08444,SAN PEDRO,PIURA,MORROPON,gfs,temp,20260906,20261005,"00Z,12Z",D1,3h,S/D,S/D,S/D,S/D,0
47E08444,SAN PEDRO,PIURA,MORROPON,eta5,temp,20260906,20261005,"00Z,12Z",D1,3h,S/D,S/D,S/D,S/D,0
47E08444,SAN PEDRO,PIURA,MORROPON,wrf5,temp,20260906,20261005,"00Z,12Z",D1,3h,S/D,S/D,S/D,S/D,0
47E08444,SAN PEDRO,PIURA,MORROPON,mpas15,temp,20260906,20261005,00Z,D1,3h,S/D,S/D,S/D,S/D,0
105145,SANTO DOMINGO,PIURA,MORROPON,ecmwf,temp,20260906,20261005,"00Z,12Z",D1,3h,-3.068,3.068,3.234,0.875,20
105145,SANTO DOMINGO,PIURA,MORROPON,gfs,temp,20260906,20261005,"00Z,12Z",D1,3h,-4.523,4.523,4.827,0.751,20
105145,SANTO DOMINGO,PIURA,MORROPON,eta5,temp,20260906,20261005,"00Z,12Z",D1,3h,-1.405,1.584,1.871,0.838,18
105145,SANTO DOMINGO,PIURA,MORROPON,wrf5,temp,20260906,20261005,"00Z,12Z",D1,3h,-0.309,1.225,1.989,0.787,20
105145,SANTO DOMINGO,PIURA,MORROPON,mpas15,temp,20260906,20261005,00Z,D1,3h,0.113,1.443,1.861,0.644,10
47E0B1DE,PUENTE SIMON RODRIGUEZ,PIURA,PAITA,ecmwf,temp,20260906,20261005,"00Z,12Z",D1,3h,S/D,S/D,S/D,S/D,0
47E0B1DE,PUENTE SIMON RODRIGUEZ,PIURA,PAITA,gfs,temp,20260906,20261005,"00Z,12Z",D1,3h,S/D,S/D,S/D,S/D,0
47E0B1DE,PUENTE SIMON RODRIGUEZ,PIURA,PAITA,eta5,temp,20260906,20261005,"00Z,12Z",D1,3h,S/D,S/D,S/D,S/D,0
47E0B1DE,PUENTE SIMON RODRIGUEZ,PIURA,PAITA,wrf5,temp,20260906,20261005,"00Z,12Z",D1,3h,S/D,S/D,S/D,S/D,0
47E0B1DE,PUENTE SIMON RODRIGUEZ,PIURA,PAITA,mpas15,temp,20260906,20261005,00Z,D1,3h,S/D,S/D,S/D,S/D,0
47E0E1A2,BOCATOMA CHIPILLICO,PIURA,PIURA,ecmwf,temp,20260906,20261005,"00Z,12Z",D1,3h,S/D,S/D,S/D,S/D,0
47E0E1A2,BOCATOMA CHIPILLICO,PIURA,PIURA,gfs,temp,20260906,20261005,"00Z,12Z",D1,3h,S/D,S/D,S/D,S/D,0
47E0E1A2,BOCATOMA CHIPILLICO,PIURA,PIURA,eta5,temp,20260906,20261005,"00Z,12Z",D1,3h,S/D,S/D,S/D,S/D,0
47E0E1A2,BOCATOMA CHIPILLICO,PIURA,PIURA,wrf5,temp,20260906,20261005,"00Z,12Z",D1,3h,S/D,S/D,S/D,S/D,0
47E0E1A2,BOCATOMA CHIPILLICO,PIURA,PIURA,mpas15,temp,20260906,20261005,00Z,D1,3h,S/D,S/D,S/D,S/D,0
47E0F2D4,LAGARTERA,PIURA,PIURA,ecmwf,temp,20260906,20261005,"00Z,12Z",D1,3h,S/D,S/D,S/D,S/D,0
47E0F2D4,LAGARTERA,PIURA,PIURA,gfs,temp,20260906,20261005,"00Z,12Z",D1,3h,S/D,S/D,S/D,S/D,0
47E0F2D4,LAGARTERA,PIURA,PIURA,eta5,temp,20260906,20261005,"00Z,12Z",D1,3h,S/D,S/D,S/D,S/D,0
47E0F2D4,LAGARTERA,PIURA,PIURA,wrf5,temp,20260906,20261005,"00Z,12Z",D1,3h,S/D,S/D,S/D,S/D,0
47E0F2D4,LAGARTERA,PIURA,PIURA,mpas15,temp,20260906,20261005,00Z,D1,3h,S/D,S/D,S/D,S/D,0
105112,MIRAFLORES,PIURA,PIURA,ecmwf,temp,20260906,20261005,"00Z,12Z",D1,3h,S/D,S/D,S/D,S/D,0
105112,MIRAFLORES,PIURA,PIURA,gfs,temp,20260906,20261005,"00Z,12Z",D1,3h,S/D,S/D,S/D,S/D,0
105112,MIRAFLORES,PIURA,PIURA,eta5,temp,20260906,20261005,"00Z,12Z",D1,3h,S/D,S/D,S/D,S/D,0
105112,MIRAFLORES,PIURA,PIURA,wrf5,temp,20260906,20261005,"00Z,12Z",D1,3h,S/D,S/D,S/D,S/D,0
105112,MIRAFLORES,PIURA,PIURA,mpas15,temp,20260906,20261005,00Z,D1,3h,S/D,S/D,S/D,S/D,0
104113,PARTIDOR,PIURA,PIURA,ecmwf,temp,20260906,20261005,"00Z,12Z",D1,3h,1.246,1.441,1.961,0.945,220
104113,PARTIDOR,PIURA,PIURA,gfs,temp,20260906,20261005,"00Z,12Z",D1,3h,0.223,1.633,1.974,0.934,220
104113,PARTIDOR,PIURA,PIURA,eta5,temp,20260906,20261005,"00Z,12Z",D1,3h,1.484,1.798,2.411,0.942,193
104113,PARTIDOR,PIURA,PIURA,wrf5,temp,20260906,20261005,"00Z,12Z",D1,3h,-0.223,1.745,1.982,0.929,214
104113,PARTIDOR,PIURA,PIURA,mpas15,temp,20260906,20261005,00Z,D1,3h,-0.183,1.269,1.647,0.951,110
105143,SAN MIGUEL,PIURA,PIURA,ecmwf,temp,20260906,20261005,"00Z,12Z",D1,3h,-0.353,0.87,1.178,0.953,468
105143,SAN MIGUEL,PIURA,PIURA,gfs,temp,20260906,20261005,"00Z,12Z",D1,3h,-0.978,1.191,1.607,0.954,468
105143,SAN MIGUEL,PIURA,PIURA,eta5,temp,20260906,20261005,"00Z,12Z",D1,3h,0.182,1.172,1.456,0.94,380
105143,SAN MIGUEL,PIURA,PIURA,wrf5,temp,20260906,20261005,"00Z,12Z",D1,3h,-0.668,1.207,1.434,0.949,460
105143,SAN MIGUEL,PIURA,PIURA,mpas15,temp,20260906,20261005,00Z,D1,3h,-1.084,1.441,1.657,0.948,234
47E0522C,TAMBO GRANDE,PIURA,PIURA,ecmwf,temp,20260906,20261005,"00Z,12Z",D1,3h,S/D,S/D,S/D,S/D,0
47E0522C,TAMBO GRANDE,PIURA,PIURA,gfs,temp,20260906,20261005,"00Z,12Z",D1,3h,S/D,S/D,S/D,S/D,0
47E0522C,TAMBO GRANDE,PIURA,PIURA,eta5,temp,20260906,20261005,"00Z,12Z",D1,3h,S/D,S/D,S/D,S/D,0
47E0522C,TAMBO GRANDE,PIURA,PIURA,wrf5,temp,20260906,20261005,"00Z,12Z",D1,3h,S/D,S/D,S/D,S/D,0
47E0522C,TAMBO GRANDE,PIURA,PIURA,mpas15,temp,20260906,20261005,00Z,D1,3h,S/D,S/D,S/D,S/D,0
105144,BERNAL,PIURA,SECHURA,ecmwf,temp,20260906,20261005,"00Z,12Z",D1,3h,0.098,0.892,1.199,0.941,212
105144,BERNAL,PIURA,SECHURA,gfs,temp,20260906,20261005,"00Z,12Z",D1,3h,-0.393,1.38,1.567,0.93,212
105144,BERNAL,PIURA,SECHURA,eta5,temp,20260906,20261005,"00Z,12Z",D1,3h,0.124,1.387,1.748,0.917,185
105144,BERNAL,PIURA,SECHURA,wrf5,temp,20260906,20261005,"00Z,12Z",D1,3h,-0.391,1.263,1.48,0.932,206
105144,BERNAL,PIURA,SECHURA,mpas15,temp,20260906,20261005,00Z,D1,3h,-0.318,1.454,1.693,0.94,106
105120,CHUSIS,PIURA,SECHURA,ecmwf,temp,20260906,20261005,"00Z,12Z",D1,3h,0.193,0.874,1.242,0.94,260
105120,CHUSIS,PIURA,SECHURA,gfs,temp,20260906,20261005,"00Z,12Z",D1,3h,-0.247,1.225,1.471,0.944,260
105120,CHUSIS,PIURA,SECHURA,eta5,temp,20260906,20261005,"00Z,12Z",D1,3h,-0.021,1.015,1.248,0.924,216
105120,CHUSIS,PIURA,SECHURA,wrf5,temp,20260906,20261005,"00Z,12Z",D1,3h,-0.578,0.999,1.207,0.934,253
105120,CHUSIS,PIURA,SECHURA,mpas15,temp,20260906,20261005,00Z,D1,3h,-0.448,0.893,1.134,0.947,130
47E0D438,ALAMOR,PIURA,SULLANA,ecmwf,temp,20260906,20261005,"00Z,12Z",D1,3h,S/D,S/D,S/D,S/D,0
47E0D438,ALAMOR,PIURA,SULLANA,gfs,temp,20260906,20261005,"00Z,12Z",D1,3h,S/D,S/D,S/D,S/D,0
47E0D438,ALAMOR,PIURA,SULLANA,eta5,temp,20260906,20261005,"00Z,12Z",D1,3h,S/D,S/D,S/D,S/D,0
47E0D438,ALAMOR,PIURA,SULLANA,wrf5,temp,20260906,20261005,"00Z,12Z",D1,3h,S/D,S/D,S/D,S/D,0
47E0D438,ALAMOR,PIURA,SULLANA,mpas15,temp,20260906,20261005,00Z,D1,3h,S/D,S/D,S/D,S/D,0
47E09732,LA ARDILLA,PIURA,SULLANA,ecmwf,temp,20260906,20261005,"00Z,12Z",D1,3h,S/D,S/D,S/D,S/D,0
47E09732,LA ARDILLA,PIURA,SULLANA,gfs,temp,20260906,20261005,"00Z,12Z",D1,3h,S/D,S/D,S/D,S/D,0
47E09732,LA ARDILLA,PIURA,SULLANA,eta5,temp,20260906,20261005,"00Z,12Z",D1,3h,S/D,S/D,S/D,S/D,0
47E09732,LA ARDILLA,PIURA,SULLANA,wrf5,temp,20260906,20261005,"00Z,12Z",D1,3h,S/D,S/D,S/D,S/D,0
47E09732,LA ARDILLA,PIURA,SULLANA,mpas15,temp,20260906,20261005,00Z,D1,3h,S/D,S/D,S/D,S/D,0
472FD6CE,LANCONES,PIURA,SULLANA,ecmwf,temp,20260906,20261005,"00Z,12Z",D1,3h,0.648,1.237,1.755,0.914,478
472FD6CE,LANCONES,PIURA,SULLANA,gfs,temp,20260906,20261005,"00Z,12Z",D1,3h,0.33,1.709,2.148,0.902,478
472FD6CE,LANCONES,PIURA,SULLANA,eta5,temp,20260906,20261005,"00Z,12Z",D1,3h,0.597,1.298,1.709,0.903,391
472FD6CE,LANCONES,PIURA,SULLANA,wrf5,temp,20260906,20261005,"00Z,12Z",D1,3h,0.143,1.818,2.245,0.894,470
472FD6CE,LANCONES,PIURA,SULLANA,mpas15,temp,20260906,20261005,00Z,D1,3h,-0.091,1.486,1.85,0.931,239
270202,PUENTE AZANGARO,PUNO,AZANGARO,ecmwf,temp,20260906,20261005,"00Z,12Z",D1,3h,-1.065,1.928,2.301,0.94,478
270202,PUENTE AZANGARO,PUNO,AZANGARO,gfs,temp,20260906,20261005,"00Z,12Z",D1,3h,-0.225,1.865,2.454,0.895,478
270202,PUENTE AZANGARO,PUNO,AZANGARO,eta5,temp,20260906,20261005,"00Z,12Z",D1,3h,0.885,2.134,2.72,0.878,390
270202,PUENTE AZANGARO,PUNO,AZANGARO,wrf5,temp,20260906,20261005,"00Z,12Z",D1,3h,0.817,2.035,2.528,0.908,470
270202,PUENTE AZANGARO,PUNO,AZANGARO,mpas15,temp,20260906,20261005,00Z,D1,3h,-2.222,2.682,2.961,0.939,239
4721AAE4,AYMAÑA,PUNO,CARABAYA,ecmwf,temp,20260906,20261005,"00Z,12Z",D1,3h,-5.161,5.284,5.806,0.81,480
4721AAE4,AYMAÑA,PUNO,CARABAYA,gfs,temp,20260906,20261005,"00Z,12Z",D1,3h,-3.51,4.063,4.739,0.729,480
4721AAE4,AYMAÑA,PUNO,CARABAYA,eta5,temp,20260906,20261005,"00Z,12Z",D1,3h,4.463,4.477,4.964,0.863,392
4721AAE4,AYMAÑA,PUNO,CARABAYA,wrf5,temp,20260906,20261005,"00Z,12Z",D1,3h,-1.013,2.327,2.779,0.799,472
4721AAE4,AYMAÑA,PUNO,CARABAYA,mpas15,temp,20260906,20261005,00Z,D1,3h,-4.664,4.806,5.557,0.806,240
4721B992,UPINA,PUNO,CARABAYA,ecmwf,temp,20260906,20261005,"00Z,12Z",D1,3h,-3.866,3.924,4.29,0.866,480
4721B992,UPINA,PUNO,CARABAYA,gfs,temp,20260906,20261005,"00Z,12Z",D1,3h,-3.37,3.517,4.095,0.752,480
4721B992,UPINA,PUNO,CARABAYA,eta5,temp,20260906,20261005,"00Z,12Z",D1,3h,3.587,3.613,4.036,0.833,392
4721B992,UPINA,PUNO,CARABAYA,wrf5,temp,20260906,20261005,"00Z,12Z",D1,3h,-1.493,2.028,2.42,0.816,472
4721B992,UPINA,PUNO,CARABAYA,mpas15,temp,20260906,20261005,00Z,D1,3h,-1.391,2.235,2.901,0.781,240
210003,HUANCASAYA,PUNO,HUANCANE,ecmwf,temp,20260906,20261005,"00Z,12Z",D1,3h,-0.17,2.134,2.791,0.821,478
210003,HUANCASAYA,PUNO,HUANCANE,gfs,temp,20260906,20261005,"00Z,12Z",D1,3h,1.132,2.177,3.115,0.801,478
210003,HUANCASAYA,PUNO,HUANCANE,eta5,temp,20260906,20261005,"00Z,12Z",D1,3h,0.127,2.126,2.853,0.819,391
210003,HUANCASAYA,PUNO,HUANCANE,wrf5,temp,20260906,20261005,"00Z,12Z",D1,3h,0.824,2.107,2.915,0.815,470
210003,HUANCASAYA,PUNO,HUANCANE,mpas15,temp,20260906,20261005,00Z,D1,3h,-0.674,2.459,3.015,0.831,239
47251282,PUENTE CARRETERA RAMIS,PUNO,HUANCANE,ecmwf,temp,20260906,20261005,"00Z,12Z",D1,3h,-0.387,1.543,1.954,0.934,478
47251282,PUENTE CARRETERA RAMIS,PUNO,HUANCANE,gfs,temp,20260906,20261005,"00Z,12Z",D1,3h,0.187,2.554,3.143,0.838,478
47251282,PUENTE CARRETERA RAMIS,PUNO,HUANCANE,eta5,temp,20260906,20261005,"00Z,12Z",D1,3h,3.222,3.332,4.006,0.885,391
47251282,PUENTE CARRETERA RAMIS,PUNO,HUANCANE,wrf5,temp,20260906,20261005,"00Z,12Z",D1,3h,1.257,2.142,2.648,0.889,470
47251282,PUENTE CARRETERA RAMIS,PUNO,HUANCANE,mpas15,temp,20260906,20261005,00Z,D1,3h,-1.331,2.013,2.36,0.934,239
472E37C6,PALCA,PUNO,LAMPA,ecmwf,temp,20260906,20261005,"00Z,12Z",D1,3h,-1.022,2.752,3.391,0.896,480
472E37C6,PALCA,PUNO,LAMPA,gfs,temp,20260906,20261005,"00Z,12Z",D1,3h,0.077,3.497,4.189,0.858,480
472E37C6,PALCA,PUNO,LAMPA,eta5,temp,20260906,20261005,"00Z,12Z",D1,3h,0.411,2.852,3.612,0.879,392
472E37C6,PALCA,PUNO,LAMPA,wrf5,temp,20260906,20261005,"00Z,12Z",D1,3h,0.93,3.145,4.131,0.849,472
472E37C6,PALCA,PUNO,LAMPA,mpas15,temp,20260906,20261005,00Z,D1,3h,-3.178,4.586,5.133,0.876,240
472DE6A0,PAMPAHUTA,PUNO,LAMPA,ecmwf,temp,20260906,20261005,"00Z,12Z",D1,3h,-1.317,3.81,4.811,0.785,478
472DE6A0,PAMPAHUTA,PUNO,LAMPA,gfs,temp,20260906,20261005,"00Z,12Z",D1,3h,0.155,3.497,4.492,0.812,478
472DE6A0,PAMPAHUTA,PUNO,LAMPA,eta5,temp,20260906,20261005,"00Z,12Z",D1,3h,3.751,4.246,5.484,0.835,391
472DE6A0,PAMPAHUTA,PUNO,LAMPA,wrf5,temp,20260906,20261005,"00Z,12Z",D1,3h,2.133,3.69,4.923,0.811,470
472DE6A0,PAMPAHUTA,PUNO,LAMPA,mpas15,temp,20260906,20261005,00Z,D1,3h,-0.76,3.265,4.086,0.86,239
114134,ANANSAYA -PUNA,PUNO,MELGAR,ecmwf,temp,20260906,20261005,"00Z,12Z",D1,3h,S/D,S/D,S/D,S/D,0
114134,ANANSAYA -PUNA,PUNO,MELGAR,gfs,temp,20260906,20261005,"00Z,12Z",D1,3h,S/D,S/D,S/D,S/D,0
114134,ANANSAYA -PUNA,PUNO,MELGAR,eta5,temp,20260906,20261005,"00Z,12Z",D1,3h,S/D,S/D,S/D,S/D,0
114134,ANANSAYA -PUNA,PUNO,MELGAR,wrf5,temp,20260906,20261005,"00Z,12Z",D1,3h,S/D,S/D,S/D,S/D,0
114134,ANANSAYA -PUNA,PUNO,MELGAR,mpas15,temp,20260906,20261005,00Z,D1,3h,S/D,S/D,S/D,S/D,0
47256412,ENAFER,PUNO,PUNO,ecmwf,temp,20260906,20261005,"00Z,12Z",D1,3h,S/D,S/D,S/D,S/D,0
47256412,ENAFER,PUNO,PUNO,gfs,temp,20260906,20261005,"00Z,12Z",D1,3h,S/D,S/D,S/D,S/D,0
47256412,ENAFER,PUNO,PUNO,eta5,temp,20260906,20261005,"00Z,12Z",D1,3h,S/D,S/D,S/D,S/D,0
47256412,ENAFER,PUNO,PUNO,wrf5,temp,20260906,20261005,"00Z,12Z",D1,3h,S/D,S/D,S/D,S/D,0
47256412,ENAFER,PUNO,PUNO,mpas15,temp,20260906,20261005,00Z,D1,3h,S/D,S/D,S/D,S/D,0
472E4156,ILLPA,PUNO,PUNO,ecmwf,temp,20260906,20261005,"00Z,12Z",D1,3h,1.352,2.017,2.61,0.949,478
472E4156,ILLPA,PUNO,PUNO,gfs,temp,20260906,20261005,"00Z,12Z",D1,3h,0.89,4.088,4.871,0.814,478
472E4156,ILLPA,PUNO,PUNO,eta5,temp,20260906,20261005,"00Z,12Z",D1,3h,1.542,2.383,3.119,0.914,390
472E4156,ILLPA,PUNO,PUNO,wrf5,temp,20260906,20261005,"00Z,12Z",D1,3h,2.091,2.746,3.562,0.9,470
472E4156,ILLPA,PUNO,PUNO,mpas15,temp,20260906,20261005,00Z,D1,3h,-0.702,3.795,4.64,0.86,239
472CB426,LARAQUERI,PUNO,PUNO,ecmwf,temp,20260906,20261005,"00Z,12Z",D1,3h,-0.619,2.116,2.679,0.905,480
472CB426,LARAQUERI,PUNO,PUNO,gfs,temp,20260906,20261005,"00Z,12Z",D1,3h,-0.019,2.646,3.341,0.882,480
472CB426,LARAQUERI,PUNO,PUNO,eta5,temp,20260906,20261005,"00Z,12Z",D1,3h,1.619,2.331,3.282,0.897,392
472CB426,LARAQUERI,PUNO,PUNO,wrf5,temp,20260906,20261005,"00Z,12Z",D1,3h,1.801,2.548,3.588,0.876,472
472CB426,LARAQUERI,PUNO,PUNO,mpas15,temp,20260906,20261005,00Z,D1,3h,-1.543,3.107,3.543,0.889,240
472DD33A,PUNO,PUNO,PUNO,ecmwf,temp,20260906,20261005,"00Z,12Z",D1,3h,-0.665,2.445,2.803,0.873,480
472DD33A,PUNO,PUNO,PUNO,gfs,temp,20260906,20261005,"00Z,12Z",D1,3h,-1.115,2.262,2.856,0.828,480
472DD33A,PUNO,PUNO,PUNO,eta5,temp,20260906,20261005,"00Z,12Z",D1,3h,-0.746,2.431,2.915,0.796,392
472DD33A,PUNO,PUNO,PUNO,wrf5,temp,20260906,20261005,"00Z,12Z",D1,3h,0.966,2.031,2.591,0.851,472
472DD33A,PUNO,PUNO,PUNO,mpas15,temp,20260906,20261005,00Z,D1,3h,-4.068,4.551,5.908,0.269,240
472CF72C,JULIACA,PUNO,SAN ROMAN,ecmwf,temp,20260906,20261005,"00Z,12Z",D1,3h,0.178,1.748,2.317,0.94,480
472CF72C,JULIACA,PUNO,SAN ROMAN,gfs,temp,20260906,20261005,"00Z,12Z",D1,3h,0.725,2.474,3.416,0.884,480
472CF72C,JULIACA,PUNO,SAN ROMAN,eta5,temp,20260906,20261005,"00Z,12Z",D1,3h,1.199,2.499,3.279,0.886,392
472CF72C,JULIACA,PUNO,SAN ROMAN,wrf5,temp,20260906,20261005,"00Z,12Z",D1,3h,1.255,2.441,3.374,0.889,472
472CF72C,JULIACA,PUNO,SAN ROMAN,mpas15,temp,20260906,20261005,00Z,D1,3h,-0.849,2.344,2.82,0.929,240
107142,BELLAVISTA,SAN MARTIN,BELLAVISTA,ecmwf,temp,20260906,20261005,"00Z,12Z",D1,3h,-1.359,1.79,2.386,0.878,468
107142,BELLAVISTA,SAN MARTIN,BELLAVISTA,gfs,temp,20260906,20261005,"00Z,12Z",D1,3h,-2.346,3.138,3.755,0.858,468
107142,BELLAVISTA,SAN MARTIN,BELLAVISTA,eta5,temp,20260906,20261005,"00Z,12Z",D1,3h,0.345,1.996,2.558,0.831,380
107142,BELLAVISTA,SAN MARTIN,BELLAVISTA,wrf5,temp,20260906,20261005,"00Z,12Z",D1,3h,-0.915,1.825,2.267,0.872,460
107142,BELLAVISTA,SAN MARTIN,BELLAVISTA,mpas15,temp,20260906,20261005,00Z,D1,3h,-2.778,2.849,3.383,0.917,234
210006,SHANAO,SAN MARTIN,LAMAS,ecmwf,temp,20260906,20261005,"00Z,12Z",D1,3h,S/D,S/D,S/D,S/D,0
210006,SHANAO,SAN MARTIN,LAMAS,gfs,temp,20260906,20261005,"00Z,12Z",D1,3h,S/D,S/D,S/D,S/D,0
210006,SHANAO,SAN MARTIN,LAMAS,eta5,temp,20260906,20261005,"00Z,12Z",D1,3h,S/D,S/D,S/D,S/D,0
210006,SHANAO,SAN MARTIN,LAMAS,wrf5,temp,20260906,20261005,"00Z,12Z",D1,3h,S/D,S/D,S/D,S/D,0
210006,SHANAO,SAN MARTIN,LAMAS,mpas15,temp,20260906,20261005,00Z,D1,3h,S/D,S/D,S/D,S/D,0
106144,JEPELACIO,SAN MARTIN,MOYOBAMBA,ecmwf,temp,20260906,20261005,"00Z,12Z",D1,3h,-0.041,1.581,2.019,0.867,468
106144,JEPELACIO,SAN MARTIN,MOYOBAMBA,gfs,temp,20260906,20261005,"00Z,12Z",D1,3h,-0.836,2.156,2.581,0.857,468
106144,JEPELACIO,SAN MARTIN,MOYOBAMBA,eta5,temp,20260906,20261005,"00Z,12Z",D1,3h,2.742,2.934,3.599,0.807,380
106144,JEPELACIO,SAN MARTIN,MOYOBAMBA,wrf5,temp,20260906,20261005,"00Z,12Z",D1,3h,-0.62,1.873,2.337,0.787,460
106144,JEPELACIO,SAN MARTIN,MOYOBAMBA,mpas15,temp,20260906,20261005,00Z,D1,3h,-2.248,2.681,3.311,0.787,234
106145,TINGO DE PONAZA,SAN MARTIN,PICOTA,ecmwf,temp,20260906,20261005,"00Z,12Z",D1,3h,-1.266,1.973,2.513,0.863,432
106145,TINGO DE PONAZA,SAN MARTIN,PICOTA,gfs,temp,20260906,20261005,"00Z,12Z",D1,3h,-2.701,3.049,3.686,0.873,432
106145,TINGO DE PONAZA,SAN MARTIN,PICOTA,eta5,temp,20260906,20261005,"00Z,12Z",D1,3h,0.088,2.285,2.876,0.804,349
106145,TINGO DE PONAZA,SAN MARTIN,PICOTA,wrf5,temp,20260906,20261005,"00Z,12Z",D1,3h,-0.792,1.821,2.257,0.886,424
106145,TINGO DE PONAZA,SAN MARTIN,PICOTA,mpas15,temp,20260906,20261005,00Z,D1,3h,-3.586,3.641,4.312,0.902,216
4724851A,NARANJILLO,SAN MARTIN,RIOJA,ecmwf,temp,20260906,20261005,"00Z,12Z",D1,3h,-2.337,2.61,3.066,0.877,472
4724851A,NARANJILLO,SAN MARTIN,RIOJA,gfs,temp,20260906,20261005,"00Z,12Z",D1,3h,-4.249,4.315,4.861,0.798,472
4724851A,NARANJILLO,SAN MARTIN,RIOJA,eta5,temp,20260906,20261005,"00Z,12Z",D1,3h,-0.264,1.793,2.221,0.807,386
4724851A,NARANJILLO,SAN MARTIN,RIOJA,wrf5,temp,20260906,20261005,"00Z,12Z",D1,3h,-0.565,1.552,2.014,0.868,464
4724851A,NARANJILLO,SAN MARTIN,RIOJA,mpas15,temp,20260906,20261005,00Z,D1,3h,-5.645,5.654,6.196,0.75,236
4723013A,EL PORVENIR,SAN MARTIN,SAN MARTIN,ecmwf,temp,20260906,20261005,"00Z,12Z",D1,3h,-3.907,4.012,4.78,0.833,410
4723013A,EL PORVENIR,SAN MARTIN,SAN MARTIN,gfs,temp,20260906,20261005,"00Z,12Z",D1,3h,-3.343,3.413,4.046,0.88,410
4723013A,EL PORVENIR,SAN MARTIN,SAN MARTIN,eta5,temp,20260906,20261005,"00Z,12Z",D1,3h,0.45,2.111,2.65,0.838,353
4723013A,EL PORVENIR,SAN MARTIN,SAN MARTIN,wrf5,temp,20260906,20261005,"00Z,12Z",D1,3h,-0.221,1.611,2.033,0.895,402
4723013A,EL PORVENIR,SAN MARTIN,SAN MARTIN,mpas15,temp,20260906,20261005,00Z,D1,3h,-3.452,3.476,4.095,0.925,205
47E2E456,TOCACHE,SAN MARTIN,TOCACHE,ecmwf,temp,20260906,20261005,"00Z,12Z",D1,3h,-0.987,1.606,1.948,0.88,470
47E2E456,TOCACHE,SAN MARTIN,TOCACHE,gfs,temp,20260906,20261005,"00Z,12Z",D1,3h,-1.67,3.124,3.474,0.83,470
47E2E456,TOCACHE,SAN MARTIN,TOCACHE,eta5,temp,20260906,20261005,"00Z,12Z",D1,3h,1.362,1.942,2.525,0.809,385
47E2E456,TOCACHE,SAN MARTIN,TOCACHE,wrf5,temp,20260906,20261005,"00Z,12Z",D1,3h,0.196,1.627,2.071,0.854,462
47E2E456,TOCACHE,SAN MARTIN,TOCACHE,mpas15,temp,20260906,20261005,00Z,D1,3h,-2.909,3.15,3.568,0.821,235
47E2C2BA,CANDARAVE,TACNA,CANDARAVE,ecmwf,temp,20260906,20261005,"00Z,12Z",D1,3h,-1.736,1.899,2.205,0.951,476
47E2C2BA,CANDARAVE,TACNA,CANDARAVE,gfs,temp,20260906,20261005,"00Z,12Z",D1,3h,-1.486,1.888,2.384,0.921,476
47E2C2BA,CANDARAVE,TACNA,CANDARAVE,eta5,temp,20260906,20261005,"00Z,12Z",D1,3h,-0.686,1.172,1.456,0.953,389
47E2C2BA,CANDARAVE,TACNA,CANDARAVE,wrf5,temp,20260906,20261005,"00Z,12Z",D1,3h,1.98,2.113,2.544,0.923,468
47E2C2BA,CANDARAVE,TACNA,CANDARAVE,mpas15,temp,20260906,20261005,00Z,D1,3h,-1.725,1.977,2.447,0.937,238
47E1654C,CORACHAY II,TACNA,CANDARAVE,ecmwf,temp,20260906,20261005,"00Z,12Z",D1,3h,S/D,S/D,S/D,S/D,0
47E1654C,CORACHAY II,TACNA,CANDARAVE,gfs,temp,20260906,20261005,"00Z,12Z",D1,3h,S/D,S/D,S/D,S/D,0
47E1654C,CORACHAY II,TACNA,CANDARAVE,eta5,temp,20260906,20261005,"00Z,12Z",D1,3h,S/D,S/D,S/D,S/D,0
47E1654C,CORACHAY II,TACNA,CANDARAVE,wrf5,temp,20260906,20261005,"00Z,12Z",D1,3h,S/D,S/D,S/D,S/D,0
47E1654C,CORACHAY II,TACNA,CANDARAVE,mpas15,temp,20260906,20261005,00Z,D1,3h,S/D,S/D,S/D,S/D,0
47E12646,LAGUNA ARICOTA,TACNA,CANDARAVE,ecmwf,temp,20260906,20261005,"00Z,12Z",D1,3h,S/D,S/D,S/D,S/D,0
47E12646,LAGUNA ARICOTA,TACNA,CANDARAVE,gfs,temp,20260906,20261005,"00Z,12Z",D1,3h,S/D,S/D,S/D,S/D,0
47E12646,LAGUNA ARICOTA,TACNA,CANDARAVE,eta5,temp,20260906,20261005,"00Z,12Z",D1,3h,S/D,S/D,S/D,S/D,0
47E12646,LAGUNA ARICOTA,TACNA,CANDARAVE,wrf5,temp,20260906,20261005,"00Z,12Z",D1,3h,S/D,S/D,S/D,S/D,0
47E12646,LAGUNA ARICOTA,TACNA,CANDARAVE,mpas15,temp,20260906,20261005,00Z,D1,3h,S/D,S/D,S/D,S/D,0
47E186BE,PUENTE VIEJO,TACNA,JORGE BASADRE,ecmwf,temp,20260906,20261005,"00Z,12Z",D1,3h,S/D,S/D,S/D,S/D,0
47E186BE,PUENTE VIEJO,TACNA,JORGE BASADRE,gfs,temp,20260906,20261005,"00Z,12Z",D1,3h,S/D,S/D,S/D,S/D,0
47E186BE,PUENTE VIEJO,TACNA,JORGE BASADRE,eta5,temp,20260906,20261005,"00Z,12Z",D1,3h,S/D,S/D,S/D,S/D,0
47E186BE,PUENTE VIEJO,TACNA,JORGE BASADRE,wrf5,temp,20260906,20261005,"00Z,12Z",D1,3h,S/D,S/D,S/D,S/D,0
47E186BE,PUENTE VIEJO,TACNA,JORGE BASADRE,mpas15,temp,20260906,20261005,00Z,D1,3h,S/D,S/D,S/D,S/D,0
47E2B42A,BOCATOMA EL AYRO,TACNA,TACNA,ecmwf,temp,20260906,20261005,"00Z,12Z",D1,3h,-4.018,4.985,5.535,0.776,476
47E2B42A,BOCATOMA EL AYRO,TACNA,TACNA,gfs,temp,20260906,20261005,"00Z,12Z",D1,3h,-2.394,4.101,4.651,0.769,476
47E2B42A,BOCATOMA EL AYRO,TACNA,TACNA,eta5,temp,20260906,20261005,"00Z,12Z",D1,3h,1.133,2.357,3.236,0.836,389
47E2B42A,BOCATOMA EL AYRO,TACNA,TACNA,wrf5,temp,20260906,20261005,"00Z,12Z",D1,3h,1.109,2.462,3.314,0.87,468
47E2B42A,BOCATOMA EL AYRO,TACNA,TACNA,mpas15,temp,20260906,20261005,00Z,D1,3h,-3.453,4.164,4.629,0.859,238
47E143A0,CAPLINA,TACNA,TACNA,ecmwf,temp,20260906,20261005,"00Z,12Z",D1,3h,S/D,S/D,S/D,S/D,0
47E143A0,CAPLINA,TACNA,TACNA,gfs,temp,20260906,20261005,"00Z,12Z",D1,3h,S/D,S/D,S/D,S/D,0
47E143A0,CAPLINA,TACNA,TACNA,eta5,temp,20260906,20261005,"00Z,12Z",D1,3h,S/D,S/D,S/D,S/D,0
47E143A0,CAPLINA,TACNA,TACNA,wrf5,temp,20260906,20261005,"00Z,12Z",D1,3h,S/D,S/D,S/D,S/D,0
47E143A0,CAPLINA,TACNA,TACNA,mpas15,temp,20260906,20261005,00Z,D1,3h,S/D,S/D,S/D,S/D,0
47E13530,CERRO BLANCO,TACNA,TACNA,ecmwf,temp,20260906,20261005,"00Z,12Z",D1,3h,S/D,S/D,S/D,S/D,0
47E13530,CERRO BLANCO,TACNA,TACNA,gfs,temp,20260906,20261005,"00Z,12Z",D1,3h,S/D,S/D,S/D,S/D,0
47E13530,CERRO BLANCO,TACNA,TACNA,eta5,temp,20260906,20261005,"00Z,12Z",D1,3h,S/D,S/D,S/D,S/D,0
47E13530,CERRO BLANCO,TACNA,TACNA,wrf5,temp,20260906,20261005,"00Z,12Z",D1,3h,S/D,S/D,S/D,S/D,0
47E13530,CERRO BLANCO,TACNA,TACNA,mpas15,temp,20260906,20261005,00Z,D1,3h,S/D,S/D,S/D,S/D,0
47E195C8,CHALLATA,TACNA,TACNA,ecmwf,temp,20260906,20261005,"00Z,12Z",D1,3h,S/D,S/D,S/D,S/D,0
47E195C8,CHALLATA,TACNA,TACNA,gfs,temp,20260906,20261005,"00Z,12Z",D1,3h,S/D,S/D,S/D,S/D,0
47E195C8,CHALLATA,TACNA,TACNA,eta5,temp,20260906,20261005,"00Z,12Z",D1,3h,S/D,S/D,S/D,S/D,0
47E195C8,CHALLATA,TACNA,TACNA,wrf5,temp,20260906,20261005,"00Z,12Z",D1,3h,S/D,S/D,S/D,S/D,0
47E195C8,CHALLATA,TACNA,TACNA,mpas15,temp,20260906,20261005,00Z,D1,3h,S/D,S/D,S/D,S/D,0
4722F344,LA TRANCA,TACNA,TACNA,ecmwf,temp,20260906,20261005,"00Z,12Z",D1,3h,S/D,S/D,S/D,S/D,0
4722F344,LA TRANCA,TACNA,TACNA,gfs,temp,20260906,20261005,"00Z,12Z",D1,3h,S/D,S/D,S/D,S/D,0
4722F344,LA TRANCA,TACNA,TACNA,eta5,temp,20260906,20261005,"00Z,12Z",D1,3h,S/D,S/D,S/D,S/D,0
4722F344,LA TRANCA,TACNA,TACNA,wrf5,temp,20260906,20261005,"00Z,12Z",D1,3h,S/D,S/D,S/D,S/D,0
4722F344,LA TRANCA,TACNA,TACNA,mpas15,temp,20260906,20261005,00Z,D1,3h,S/D,S/D,S/D,S/D,0
47E113DC,REPRESA PAUCARANI,TACNA,TACNA,ecmwf,temp,20260906,20261005,"00Z,12Z",D1,3h,S/D,S/D,S/D,S/D,0
47E113DC,REPRESA PAUCARANI,TACNA,TACNA,gfs,temp,20260906,20261005,"00Z,12Z",D1,3h,S/D,S/D,S/D,S/D,0
47E113DC,REPRESA PAUCARANI,TACNA,TACNA,eta5,temp,20260906,20261005,"00Z,12Z",D1,3h,S/D,S/D,S/D,S/D,0
47E113DC,REPRESA PAUCARANI,TACNA,TACNA,wrf5,temp,20260906,20261005,"00Z,12Z",D1,3h,S/D,S/D,S/D,S/D,0
47E113DC,REPRESA PAUCARANI,TACNA,TACNA,mpas15,temp,20260906,20261005,00Z,D1,3h,S/D,S/D,S/D,S/D,0
117059,ANCOAQUE,TACNA,TARATA,ecmwf,temp,20260906,20261005,"00Z,12Z",D1,3h,S/D,S/D,S/D,S/D,0
117059,ANCOAQUE,TACNA,TARATA,gfs,temp,20260906,20261005,"00Z,12Z",D1,3h,S/D,S/D,S/D,S/D,0
117059,ANCOAQUE,TACNA,TARATA,eta5,temp,20260906,20261005,"00Z,12Z",D1,3h,S/D,S/D,S/D,S/D,0
117059,ANCOAQUE,TACNA,TARATA,wrf5,temp,20260906,20261005,"00Z,12Z",D1,3h,S/D,S/D,S/D,S/D,0
117059,ANCOAQUE,TACNA,TARATA,mpas15,temp,20260906,20261005,00Z,D1,3h,S/D,S/D,S/D,S/D,0
47E292C6,CHUAPALCA,TACNA,TARATA,ecmwf,temp,20260906,20261005,"00Z,12Z",D1,3h,-0.165,3.189,3.962,0.879,472
47E292C6,CHUAPALCA,TACNA,TARATA,gfs,temp,20260906,20261005,"00Z,12Z",D1,3h,-0.11,4.146,5.092,0.793,472
47E292C6,CHUAPALCA,TACNA,TARATA,eta5,temp,20260906,20261005,"00Z,12Z",D1,3h,1.858,3.04,4.678,0.836,385
47E292C6,CHUAPALCA,TACNA,TARATA,wrf5,temp,20260906,20261005,"00Z,12Z",D1,3h,2.265,3.31,5.109,0.853,464
47E292C6,CHUAPALCA,TACNA,TARATA,mpas15,temp,20260906,20261005,00Z,D1,3h,-2.242,4.442,4.839,0.862,236
47E150D6,PUENTE TALAPALCA,TACNA,TARATA,ecmwf,temp,20260906,20261005,"00Z,12Z",D1,3h,S/D,S/D,S/D,S/D,0
47E150D6,PUENTE TALAPALCA,TACNA,TARATA,gfs,temp,20260906,20261005,"00Z,12Z",D1,3h,S/D,S/D,S/D,S/D,0
47E150D6,PUENTE TALAPALCA,TACNA,TARATA,eta5,temp,20260906,20261005,"00Z,12Z",D1,3h,S/D,S/D,S/D,S/D,0
47E150D6,PUENTE TALAPALCA,TACNA,TARATA,wrf5,temp,20260906,20261005,"00Z,12Z",D1,3h,S/D,S/D,S/D,S/D,0
47E150D6,PUENTE TALAPALCA,TACNA,TARATA,mpas15,temp,20260906,20261005,00Z,D1,3h,S/D,S/D,S/D,S/D,0
47E1B324,REPRESA JARUMAS,TACNA,TARATA,ecmwf,temp,20260906,20261005,"00Z,12Z",D1,3h,S/D,S/D,S/D,S/D,0
47E1B324,REPRESA JARUMAS,TACNA,TARATA,gfs,temp,20260906,20261005,"00Z,12Z",D1,3h,S/D,S/D,S/D,S/D,0
47E1B324,REPRESA JARUMAS,TACNA,TARATA,eta5,temp,20260906,20261005,"00Z,12Z",D1,3h,S/D,S/D,S/D,S/D,0
47E1B324,REPRESA JARUMAS,TACNA,TARATA,wrf5,temp,20260906,20261005,"00Z,12Z",D1,3h,S/D,S/D,S/D,S/D,0
47E1B324,REPRESA JARUMAS,TACNA,TARATA,mpas15,temp,20260906,20261005,00Z,D1,3h,S/D,S/D,S/D,S/D,0
47E1763A,SALIDA TUNEL KOVIRE,TACNA,TARATA,ecmwf,temp,20260906,20261005,"00Z,12Z",D1,3h,S/D,S/D,S/D,S/D,0
47E1763A,SALIDA TUNEL KOVIRE,TACNA,TARATA,gfs,temp,20260906,20261005,"00Z,12Z",D1,3h,S/D,S/D,S/D,S/D,0
47E1763A,SALIDA TUNEL KOVIRE,TACNA,TARATA,eta5,temp,20260906,20261005,"00Z,12Z",D1,3h,S/D,S/D,S/D,S/D,0
47E1763A,SALIDA TUNEL KOVIRE,TACNA,TARATA,wrf5,temp,20260906,20261005,"00Z,12Z",D1,3h,S/D,S/D,S/D,S/D,0
47E1763A,SALIDA TUNEL KOVIRE,TACNA,TARATA,mpas15,temp,20260906,20261005,00Z,D1,3h,S/D,S/D,S/D,S/D,0
47E2D1CC,TARATA,TACNA,TARATA,ecmwf,temp,20260906,20261005,"00Z,12Z",D1,3h,-4.915,5.03,5.613,0.867,476
47E2D1CC,TARATA,TACNA,TARATA,gfs,temp,20260906,20261005,"00Z,12Z",D1,3h,-5.162,5.219,6.068,0.851,476
47E2D1CC,TARATA,TACNA,TARATA,eta5,temp,20260906,20261005,"00Z,12Z",D1,3h,-0.126,1.163,1.561,0.922,389
47E2D1CC,TARATA,TACNA,TARATA,wrf5,temp,20260906,20261005,"00Z,12Z",D1,3h,1.078,2.657,3.172,0.84,468
47E2D1CC,TARATA,TACNA,TARATA,mpas15,temp,20260906,20261005,00Z,D1,3h,-7.37,7.4,7.93,0.866,238
47E2A75C,VILACOTA,TACNA,TARATA,ecmwf,temp,20260906,20261005,"00Z,12Z",D1,3h,-0.218,2.669,3.16,0.882,478
47E2A75C,VILACOTA,TACNA,TARATA,gfs,temp,20260906,20261005,"00Z,12Z",D1,3h,0.917,3.316,4.074,0.819,478
47E2A75C,VILACOTA,TACNA,TARATA,eta5,temp,20260906,20261005,"00Z,12Z",D1,3h,2.292,2.86,4.129,0.826,391
47E2A75C,VILACOTA,TACNA,TARATA,wrf5,temp,20260906,20261005,"00Z,12Z",D1,3h,0.869,3.595,4.404,0.76,470
47E2A75C,VILACOTA,TACNA,TARATA,mpas15,temp,20260906,20261005,00Z,D1,3h,-2.001,3.271,3.674,0.878,239
472F13D0,CAÑAVERAL,TUMBES,CONTRALMIRANTE VILLAR,ecmwf,temp,20260906,20261005,"00Z,12Z",D1,3h,0.088,0.877,1.132,0.91,476
472F13D0,CAÑAVERAL,TUMBES,CONTRALMIRANTE VILLAR,gfs,temp,20260906,20261005,"00Z,12Z",D1,3h,-0.848,1.242,1.482,0.873,476
472F13D0,CAÑAVERAL,TUMBES,CONTRALMIRANTE VILLAR,eta5,temp,20260906,20261005,"00Z,12Z",D1,3h,-0.056,1.212,1.509,0.887,389
472F13D0,CAÑAVERAL,TUMBES,CONTRALMIRANTE VILLAR,wrf5,temp,20260906,20261005,"00Z,12Z",D1,3h,-0.447,1.208,1.476,0.857,468
472F13D0,CAÑAVERAL,TUMBES,CONTRALMIRANTE VILLAR,mpas15,temp,20260906,20261005,00Z,D1,3h,-1.691,1.803,2.092,0.887,238
47E01126,CABO INGA H,TUMBES,TUMBES,ecmwf,temp,20260906,20261005,"00Z,12Z",D1,3h,S/D,S/D,S/D,S/D,0
47E01126,CABO INGA H,TUMBES,TUMBES,gfs,temp,20260906,20261005,"00Z,12Z",D1,3h,S/D,S/D,S/D,S/D,0
47E01126,CABO INGA H,TUMBES,TUMBES,eta5,temp,20260906,20261005,"00Z,12Z",D1,3h,S/D,S/D,S/D,S/D,0
47E01126,CABO INGA H,TUMBES,TUMBES,wrf5,temp,20260906,20261005,"00Z,12Z",D1,3h,S/D,S/D,S/D,S/D,0
47E01126,CABO INGA H,TUMBES,TUMBES,mpas15,temp,20260906,20261005,00Z,D1,3h,S/D,S/D,S/D,S/D,0
472F00A6,CABO INGA M,TUMBES,TUMBES,ecmwf,temp,20260906,20261005,"00Z,12Z",D1,3h,-1.21,1.636,1.96,0.868,476
472F00A6,CABO INGA M,TUMBES,TUMBES,gfs,temp,20260906,20261005,"00Z,12Z",D1,3h,-1.028,1.903,2.268,0.821,476
472F00A6,CABO INGA M,TUMBES,TUMBES,eta5,temp,20260906,20261005,"00Z,12Z",D1,3h,-0.799,1.696,2.046,0.841,388
472F00A6,CABO INGA M,TUMBES,TUMBES,wrf5,temp,20260906,20261005,"00Z,12Z",D1,3h,-1.57,2.45,2.838,0.818,468
472F00A6,CABO INGA M,TUMBES,TUMBES,mpas15,temp,20260906,20261005,00Z,D1,3h,-1.694,2.105,2.454,0.845,238
472EF2D8,CAMPAMENTO SEDE,TUMBES,TUMBES,ecmwf,temp,20260906,20261005,"00Z,12Z",D1,3h,-0.993,1.285,1.863,0.456,414
472EF2D8,CAMPAMENTO SEDE,TUMBES,TUMBES,gfs,temp,20260906,20261005,"00Z,12Z",D1,3h,-1.941,1.967,2.428,0.593,414
472EF2D8,CAMPAMENTO SEDE,TUMBES,TUMBES,eta5,temp,20260906,20261005,"00Z,12Z",D1,3h,-0.769,1.062,1.281,0.754,334
472EF2D8,CAMPAMENTO SEDE,TUMBES,TUMBES,wrf5,temp,20260906,20261005,"00Z,12Z",D1,3h,-1.032,1.287,1.559,0.771,407
472EF2D8,CAMPAMENTO SEDE,TUMBES,TUMBES,mpas15,temp,20260906,20261005,00Z,D1,3h,-1.204,1.303,1.766,0.722,207
4724A3F6,EL TIGRE,TUMBES,TUMBES,ecmwf,temp,20260906,20261005,"00Z,12Z",D1,3h,-0.274,0.978,1.279,0.898,476
4724A3F6,EL TIGRE,TUMBES,TUMBES,gfs,temp,20260906,20261005,"00Z,12Z",D1,3h,-1.544,1.795,2.148,0.833,476
4724A3F6,EL TIGRE,TUMBES,TUMBES,eta5,temp,20260906,20261005,"00Z,12Z",D1,3h,-0.17,1.35,1.72,0.833,390
4724A3F6,EL TIGRE,TUMBES,TUMBES,wrf5,temp,20260906,20261005,"00Z,12Z",D1,3h,-0.634,1.302,1.635,0.843,468
4724A3F6,EL TIGRE,TUMBES,TUMBES,mpas15,temp,20260906,20261005,00Z,D1,3h,-2.242,2.352,2.69,0.861,238
472F43AC,HUASIMO,TUMBES,TUMBES,ecmwf,temp,20260906,20261005,"00Z,12Z",D1,3h,1.569,1.647,1.987,0.932,476
472F43AC,HUASIMO,TUMBES,TUMBES,gfs,temp,20260906,20261005,"00Z,12Z",D1,3h,1.752,1.939,2.447,0.898,476
472F43AC,HUASIMO,TUMBES,TUMBES,eta5,temp,20260906,20261005,"00Z,12Z",D1,3h,1.272,1.543,1.922,0.908,388
472F43AC,HUASIMO,TUMBES,TUMBES,wrf5,temp,20260906,20261005,"00Z,12Z",D1,3h,-0.569,1.716,2.068,0.896,468
472F43AC,HUASIMO,TUMBES,TUMBES,mpas15,temp,20260906,20261005,00Z,D1,3h,1.438,1.593,2.061,0.912,238
47E024BC,PUENTE TUMBES,TUMBES,TUMBES,ecmwf,temp,20260906,20261005,"00Z,12Z",D1,3h,S/D,S/D,S/D,S/D,0
47E024BC,PUENTE TUMBES,TUMBES,TUMBES,gfs,temp,20260906,20261005,"00Z,12Z",D1,3h,S/D,S/D,S/D,S/D,0
47E024BC,PUENTE TUMBES,TUMBES,TUMBES,eta5,temp,20260906,20261005,"00Z,12Z",D1,3h,S/D,S/D,S/D,S/D,0
47E024BC,PUENTE TUMBES,TUMBES,TUMBES,wrf5,temp,20260906,20261005,"00Z,12Z",D1,3h,S/D,S/D,S/D,S/D,0
47E024BC,PUENTE TUMBES,TUMBES,TUMBES,mpas15,temp,20260906,20261005,00Z,D1,3h,S/D,S/D,S/D,S/D,0
103068,PUERTO PIZARRO,TUMBES,TUMBES,ecmwf,temp,20260906,20261005,"00Z,12Z",D1,3h,-1.909,2.24,3.075,0.344,316
103068,PUERTO PIZARRO,TUMBES,TUMBES,gfs,temp,20260906,20261005,"00Z,12Z",D1,3h,-2.834,2.867,3.626,0.581,316
103068,PUERTO PIZARRO,TUMBES,TUMBES,eta5,temp,20260906,20261005,"00Z,12Z",D1,3h,-2.49,2.513,3.074,0.872,257
103068,PUERTO PIZARRO,TUMBES,TUMBES,wrf5,temp,20260906,20261005,"00Z,12Z",D1,3h,-1.967,2.261,3.129,0.297,311
103068,PUERTO PIZARRO,TUMBES,TUMBES,mpas15,temp,20260906,20261005,00Z,D1,3h,-1.894,2.012,2.818,0.664,158
472F264A,RICA PLAYA,TUMBES,TUMBES,ecmwf,temp,20260906,20261005,"00Z,12Z",D1,3h,-0.044,1.038,1.327,0.88,478
472F264A,RICA PLAYA,TUMBES,TUMBES,gfs,temp,20260906,20261005,"00Z,12Z",D1,3h,-1.306,1.547,1.851,0.82,478
472F264A,RICA PLAYA,TUMBES,TUMBES,eta5,temp,20260906,20261005,"00Z,12Z",D1,3h,-0.859,1.519,1.856,0.832,390
472F264A,RICA PLAYA,TUMBES,TUMBES,wrf5,temp,20260906,20261005,"00Z,12Z",D1,3h,-1.005,1.601,1.915,0.81,470
472F264A,RICA PLAYA,TUMBES,TUMBES,mpas15,temp,20260906,20261005,00Z,D1,3h,-2.009,2.137,2.499,0.853,239
472F353C,MATAPALO,TUMBES,ZARUMILLA,ecmwf,temp,20260906,20261005,"00Z,12Z",D1,3h,-1.24,1.524,1.841,0.891,478
472F353C,MATAPALO,TUMBES,ZARUMILLA,gfs,temp,20260906,20261005,"00Z,12Z",D1,3h,-1.314,1.687,2.012,0.88,478
472F353C,MATAPALO,TUMBES,ZARUMILLA,eta5,temp,20260906,20261005,"00Z,12Z",D1,3h,0.442,1.189,1.532,0.869,390
472F353C,MATAPALO,TUMBES,ZARUMILLA,wrf5,temp,20260906,20261005,"00Z,12Z",D1,3h,-0.339,1.146,1.482,0.863,470
472F353C,MATAPALO,TUMBES,ZARUMILLA,mpas15,temp,20260906,20261005,00Z,D1,3h,-1.215,1.42,1.841,0.879,239
47E86310,CALLERIA,UCAYALI,CORONEL PORTILLO,ecmwf,temp,20260906,20261005,"00Z,12Z",D1,3h,0.271,1.634,2.092,0.849,480
47E86310,CALLERIA,UCAYALI,CORONEL PORTILLO,gfs,temp,20260906,20261005,"00Z,12Z",D1,3h,1.235,2.427,3.272,0.795,480
47E86310,CALLERIA,UCAYALI,CORONEL PORTILLO,eta5,temp,20260906,20261005,"00Z,12Z",D1,3h,2.533,2.765,3.511,0.794,392
47E86310,CALLERIA,UCAYALI,CORONEL PORTILLO,wrf5,temp,20260906,20261005,"00Z,12Z",D1,3h,1.158,1.789,2.363,0.868,472
47E86310,CALLERIA,UCAYALI,CORONEL PORTILLO,mpas15,temp,20260906,20261005,00Z,D1,3h,-0.186,1.585,2.112,0.868,240
47E87066,PUERTO ESPERANZA,UCAYALI,PURUS,ecmwf,temp,20260906,20261005,"00Z,12Z",D1,3h,-0.87,1.905,2.653,0.842,480
47E87066,PUERTO ESPERANZA,UCAYALI,PURUS,gfs,temp,20260906,20261005,"00Z,12Z",D1,3h,0.569,2.532,3.258,0.801,480
47E87066,PUERTO ESPERANZA,UCAYALI,PURUS,eta5,temp,20260906,20261005,"00Z,12Z",D1,3h,2.289,2.575,3.117,0.869,392
47E87066,PUERTO ESPERANZA,UCAYALI,PURUS,wrf5,temp,20260906,20261005,"00Z,12Z",D1,3h,1.015,1.973,2.494,0.868,472
47E87066,PUERTO ESPERANZA,UCAYALI,PURUS,mpas15,temp,20260906,20261005,00Z,D1,3h,-1.086,1.998,2.704,0.865,240
270001,DESAGUADERO,PUNO,CHUCUITO,ecmwf,temp,20260906,20261005,"00Z,12Z",D1,3h,S/D,S/D,S/D,S/D,0
270001,DESAGUADERO,PUNO,CHUCUITO,gfs,temp,20260906,20261005,"00Z,12Z",D1,3h,S/D,S/D,S/D,S/D,0
270001,DESAGUADERO,PUNO,CHUCUITO,eta5,temp,20260906,20261005,"00Z,12Z",D1,3h,S/D,S/D,S/D,S/D,0
270001,DESAGUADERO,PUNO,CHUCUITO,wrf5,temp,20260906,20261005,"00Z,12Z",D1,3h,S/D,S/D,S/D,S/D,0
270001,DESAGUADERO,PUNO,CHUCUITO,mpas15,temp,20260906,20261005,00Z,D1,3h,S/D,S/D,S/D,S/D,0
101004,GUEPPI,LORETO,PUTUMAYO,ecmwf,temp,20260906,20261005,"00Z,12Z",D1,3h,0.084,1.195,1.585,0.833,480
101004,GUEPPI,LORETO,PUTUMAYO,gfs,temp,20260906,20261005,"00Z,12Z",D1,3h,-0.649,2.265,2.78,0.786,480
101004,GUEPPI,LORETO,PUTUMAYO,eta5,temp,20260906,20261005,"00Z,12Z",D1,3h,1.922,2.237,2.866,0.793,392
101004,GUEPPI,LORETO,PUTUMAYO,wrf5,temp,20260906,20261005,"00Z,12Z",D1,3h,0.521,1.683,2.234,0.807,472
101004,GUEPPI,LORETO,PUTUMAYO,mpas15,temp,20260906,20261005,00Z,D1,3h,0.052,1.186,1.622,0.834,240
