codigo,estacion,departamento,provincia,modelo,variable,periodo_inicio,periodo_fin,ciclos,horizonte,resolucion,bias,rmse,spearman,n,pod_0p1,far_0p1,csi_0p1,eventos_0p1,pod_1,far_1,csi_1,eventos_1,pod_5,far_5,csi_5,eventos_5,pod_25,far_25,csi_25,eventos_25
472C57D4,BAGUA,AMAZONAS,UTCUBAMBA,ecmwf,pp,20260908,20261007,"00Z,12Z",D1,6h,0.574,1.334,0.257,236,1.0,0.895,0.105,16,0.714,0.839,0.152,14,0.0,1.0,0.0,4,S/D,S/D,S/D,0
472C57D4,BAGUA,AMAZONAS,UTCUBAMBA,gfs,pp,20260908,20261007,"00Z,12Z",D1,6h,0.241,1.031,0.174,236,0.75,0.924,0.074,16,0.357,0.868,0.106,14,0.0,S/D,0.0,4,S/D,S/D,S/D,0
472C57D4,BAGUA,AMAZONAS,UTCUBAMBA,eta5,pp,20260908,20261007,"00Z,12Z",D1,6h,1.495,2.916,0.036,191,0.75,0.926,0.073,12,0.364,0.948,0.048,11,0.333,0.944,0.05,3,S/D,S/D,S/D,0
472C57D4,BAGUA,AMAZONAS,UTCUBAMBA,wrf5,pp,20260908,20261007,"00Z,12Z",D1,6h,-0.18,0.923,0.182,233,0.312,0.615,0.208,16,0.0,S/D,0.0,14,0.0,S/D,0.0,4,S/D,S/D,S/D,0
472C57D4,BAGUA,AMAZONAS,UTCUBAMBA,mpas15,pp,20260908,20261007,00Z,D1,6h,0.975,1.903,0.307,118,0.875,0.899,0.1,8,0.857,0.887,0.111,7,0.5,0.75,0.2,2,S/D,S/D,S/D,0
472B607A,CORRAL QUEMADO,AMAZONAS,UTCUBAMBA,ecmwf,pp,20260908,20261007,"00Z,12Z",D1,6h,0.327,1.202,0.344,232,0.864,0.806,0.188,22,0.7,0.825,0.163,10,0.5,0.75,0.2,2,S/D,S/D,S/D,0
472B607A,CORRAL QUEMADO,AMAZONAS,UTCUBAMBA,gfs,pp,20260908,20261007,"00Z,12Z",D1,6h,0.235,1.33,0.268,232,0.773,0.828,0.163,22,0.4,0.882,0.1,10,0.0,1.0,0.0,2,S/D,S/D,S/D,0
472B607A,CORRAL QUEMADO,AMAZONAS,UTCUBAMBA,eta5,pp,20260908,20261007,"00Z,12Z",D1,6h,2.228,3.881,0.055,187,0.667,0.909,0.087,18,0.375,0.966,0.032,8,0.0,1.0,0.0,1,S/D,S/D,S/D,0
472B607A,CORRAL QUEMADO,AMAZONAS,UTCUBAMBA,wrf5,pp,20260908,20261007,"00Z,12Z",D1,6h,-0.144,1.122,0.22,228,0.095,0.714,0.077,21,0.0,1.0,0.0,9,0.0,S/D,0.0,2,S/D,S/D,S/D,0
472B607A,CORRAL QUEMADO,AMAZONAS,UTCUBAMBA,mpas15,pp,20260908,20261007,00Z,D1,6h,1.335,2.602,0.274,116,0.909,0.844,0.154,11,1.0,0.906,0.094,5,1.0,0.909,0.091,1,S/D,S/D,S/D,0
472B2370,MAGUNCHAL,AMAZONAS,UTCUBAMBA,ecmwf,pp,20260908,20261007,"00Z,12Z",D1,6h,0.187,2.507,0.39,228,0.967,0.784,0.215,30,0.5,0.848,0.132,14,0.0,1.0,0.0,6,S/D,S/D,S/D,0
472B2370,MAGUNCHAL,AMAZONAS,UTCUBAMBA,gfs,pp,20260908,20261007,"00Z,12Z",D1,6h,0.702,2.648,0.2,228,0.867,0.843,0.153,30,0.571,0.902,0.091,14,0.333,0.857,0.111,6,S/D,S/D,S/D,0
472B2370,MAGUNCHAL,AMAZONAS,UTCUBAMBA,eta5,pp,20260908,20261007,"00Z,12Z",D1,6h,2.252,4.796,0.258,183,0.913,0.841,0.157,23,0.8,0.918,0.081,10,0.25,0.971,0.027,4,S/D,S/D,S/D,0
472B2370,MAGUNCHAL,AMAZONAS,UTCUBAMBA,wrf5,pp,20260908,20261007,"00Z,12Z",D1,6h,-0.314,2.378,0.336,224,0.367,0.607,0.234,30,0.214,0.571,0.167,14,0.0,1.0,0.0,6,S/D,S/D,S/D,0
472B2370,MAGUNCHAL,AMAZONAS,UTCUBAMBA,mpas15,pp,20260908,20261007,00Z,D1,6h,0.961,2.881,0.2,114,0.8,0.782,0.207,15,0.714,0.886,0.109,7,0.333,0.9,0.083,3,S/D,S/D,S/D,0
220907,NARANJITO,AMAZONAS,UTCUBAMBA,ecmwf,pp,20260908,20261007,"00Z,12Z",D1,6h,0.397,1.866,0.098,232,0.727,0.889,0.107,22,0.25,0.912,0.07,12,0.0,1.0,0.0,4,S/D,S/D,S/D,0
220907,NARANJITO,AMAZONAS,UTCUBAMBA,gfs,pp,20260908,20261007,"00Z,12Z",D1,6h,0.6,1.797,0.002,232,0.818,0.891,0.107,22,0.167,0.97,0.026,12,0.0,1.0,0.0,4,S/D,S/D,S/D,0
220907,NARANJITO,AMAZONAS,UTCUBAMBA,eta5,pp,20260908,20261007,"00Z,12Z",D1,6h,3.152,5.718,0.125,187,0.778,0.889,0.108,18,0.7,0.93,0.068,10,0.0,1.0,0.0,3,S/D,S/D,S/D,0
220907,NARANJITO,AMAZONAS,UTCUBAMBA,wrf5,pp,20260908,20261007,"00Z,12Z",D1,6h,-0.115,1.387,0.123,228,0.227,0.737,0.139,22,0.167,0.75,0.111,12,0.0,1.0,0.0,4,S/D,S/D,S/D,0
220907,NARANJITO,AMAZONAS,UTCUBAMBA,mpas15,pp,20260908,20261007,00Z,D1,6h,1.212,2.818,0.063,116,0.727,0.857,0.136,11,0.333,0.956,0.041,6,0.0,1.0,0.0,2,S/D,S/D,S/D,0
109096,BUENA VISTA,ANCASH,CASMA,ecmwf,pp,20260908,20261007,"00Z,12Z",D1,6h,-0.011,0.092,0.204,228,0.25,0.333,0.222,8,S/D,S/D,S/D,0,S/D,S/D,S/D,0,S/D,S/D,S/D,0
109096,BUENA VISTA,ANCASH,CASMA,gfs,pp,20260908,20261007,"00Z,12Z",D1,6h,-0.01,0.096,0.25,228,0.125,0.5,0.111,8,S/D,S/D,S/D,0,S/D,S/D,S/D,0,S/D,S/D,S/D,0
109096,BUENA VISTA,ANCASH,CASMA,eta5,pp,20260908,20261007,"00Z,12Z",D1,6h,-0.008,0.085,0.181,183,0.0,1.0,0.0,6,S/D,S/D,S/D,0,S/D,S/D,S/D,0,S/D,S/D,S/D,0
109096,BUENA VISTA,ANCASH,CASMA,wrf5,pp,20260908,20261007,"00Z,12Z",D1,6h,-0.016,0.1,0.037,224,0.0,1.0,0.0,8,S/D,S/D,S/D,0,S/D,S/D,S/D,0,S/D,S/D,S/D,0
109096,BUENA VISTA,ANCASH,CASMA,mpas15,pp,20260908,20261007,00Z,D1,6h,-0.017,0.1,0.079,114,0.0,S/D,0.0,4,S/D,S/D,S/D,0,S/D,S/D,S/D,0,S/D,S/D,S/D,0
4725A10C,CHAVIN,ANCASH,HUARI,ecmwf,pp,20260908,20261007,"00Z,12Z",D1,6h,0.484,1.482,0.233,226,0.708,0.856,0.136,24,0.5,0.781,0.179,14,S/D,1.0,0.0,0,S/D,S/D,S/D,0
4725A10C,CHAVIN,ANCASH,HUARI,gfs,pp,20260908,20261007,"00Z,12Z",D1,6h,1.243,2.725,0.002,226,0.667,0.898,0.097,24,0.214,0.963,0.033,14,S/D,1.0,0.0,0,S/D,S/D,S/D,0
4725A10C,CHAVIN,ANCASH,HUARI,eta5,pp,20260908,20261007,"00Z,12Z",D1,6h,0.603,1.45,0.129,184,0.65,0.857,0.133,20,0.364,0.907,0.08,11,S/D,1.0,0.0,0,S/D,S/D,S/D,0
4725A10C,CHAVIN,ANCASH,HUARI,wrf5,pp,20260908,20261007,"00Z,12Z",D1,6h,0.24,1.189,0.031,222,0.375,0.866,0.11,24,0.0,1.0,0.0,14,S/D,1.0,0.0,0,S/D,S/D,S/D,0
4725A10C,CHAVIN,ANCASH,HUARI,mpas15,pp,20260908,20261007,00Z,D1,6h,1.224,2.87,0.213,113,0.667,0.857,0.133,12,0.714,0.875,0.119,7,S/D,1.0,0.0,0,S/D,S/D,S/D,0
109091,SAUCEPAMPA,ANCASH,HUAYLAS,ecmwf,pp,20260908,20261007,"00Z,12Z",D1,6h,0.399,0.939,0.006,230,0.5,0.973,0.026,6,0.0,1.0,0.0,2,S/D,1.0,0.0,0,S/D,S/D,S/D,0
109091,SAUCEPAMPA,ANCASH,HUAYLAS,gfs,pp,20260908,20261007,"00Z,12Z",D1,6h,1.45,2.602,0.173,230,1.0,0.968,0.032,6,1.0,0.975,0.025,2,S/D,1.0,0.0,0,S/D,S/D,S/D,0
109091,SAUCEPAMPA,ANCASH,HUAYLAS,eta5,pp,20260908,20261007,"00Z,12Z",D1,6h,0.862,1.995,0.125,186,0.667,0.971,0.029,3,1.0,0.976,0.024,1,S/D,1.0,0.0,0,S/D,S/D,S/D,0
109091,SAUCEPAMPA,ANCASH,HUAYLAS,wrf5,pp,20260908,20261007,"00Z,12Z",D1,6h,0.153,0.567,0.17,227,0.333,0.95,0.045,6,0.5,0.929,0.067,2,S/D,S/D,S/D,0,S/D,S/D,S/D,0
109091,SAUCEPAMPA,ANCASH,HUAYLAS,mpas15,pp,20260908,20261007,00Z,D1,6h,0.954,2.095,-0.046,115,0.333,0.98,0.02,3,0.0,1.0,0.0,1,S/D,1.0,0.0,0,S/D,S/D,S/D,0
472182DA,PUENTE CAHUA,ANCASH,OCROS,ecmwf,pp,20260908,20261007,"00Z,12Z",D1,6h,S/D,S/D,S/D,0,S/D,S/D,S/D,0,S/D,S/D,S/D,0,S/D,S/D,S/D,0,S/D,S/D,S/D,0
472182DA,PUENTE CAHUA,ANCASH,OCROS,gfs,pp,20260908,20261007,"00Z,12Z",D1,6h,S/D,S/D,S/D,0,S/D,S/D,S/D,0,S/D,S/D,S/D,0,S/D,S/D,S/D,0,S/D,S/D,S/D,0
472182DA,PUENTE CAHUA,ANCASH,OCROS,eta5,pp,20260908,20261007,"00Z,12Z",D1,6h,S/D,S/D,S/D,0,S/D,S/D,S/D,0,S/D,S/D,S/D,0,S/D,S/D,S/D,0,S/D,S/D,S/D,0
472182DA,PUENTE CAHUA,ANCASH,OCROS,wrf5,pp,20260908,20261007,"00Z,12Z",D1,6h,S/D,S/D,S/D,0,S/D,S/D,S/D,0,S/D,S/D,S/D,0,S/D,S/D,S/D,0,S/D,S/D,S/D,0
472182DA,PUENTE CAHUA,ANCASH,OCROS,mpas15,pp,20260908,20261007,00Z,D1,6h,S/D,S/D,S/D,0,S/D,S/D,S/D,0,S/D,S/D,S/D,0,S/D,S/D,S/D,0,S/D,S/D,S/D,0
47E89394,PACHACOTO,ANCASH,RECUAY,ecmwf,pp,20260908,20261007,"00Z,12Z",D1,6h,0.207,1.204,0.246,232,0.643,0.809,0.173,28,0.667,0.84,0.148,6,0.0,S/D,0.0,2,S/D,S/D,S/D,0
47E89394,PACHACOTO,ANCASH,RECUAY,gfs,pp,20260908,20261007,"00Z,12Z",D1,6h,0.754,2.029,0.376,232,0.964,0.829,0.17,28,0.833,0.914,0.085,6,0.0,1.0,0.0,2,S/D,S/D,S/D,0
47E89394,PACHACOTO,ANCASH,RECUAY,eta5,pp,20260908,20261007,"00Z,12Z",D1,6h,0.331,1.275,0.364,189,0.739,0.702,0.27,23,0.6,0.88,0.111,5,0.0,1.0,0.0,1,S/D,S/D,S/D,0
47E89394,PACHACOTO,ANCASH,RECUAY,wrf5,pp,20260908,20261007,"00Z,12Z",D1,6h,0.38,1.775,0.356,229,0.571,0.729,0.225,28,0.667,0.867,0.125,6,0.0,1.0,0.0,2,S/D,S/D,S/D,0
47E89394,PACHACOTO,ANCASH,RECUAY,mpas15,pp,20260908,20261007,00Z,D1,6h,0.666,2.002,0.227,116,0.714,0.737,0.238,14,0.667,0.931,0.067,3,0.0,1.0,0.0,1,S/D,S/D,S/D,0
47259496,RECUAY,ANCASH,RECUAY,ecmwf,pp,20260908,20261007,"00Z,12Z",D1,6h,0.261,0.695,0.286,230,0.773,0.823,0.168,22,0.6,0.75,0.214,10,S/D,S/D,S/D,0,S/D,S/D,S/D,0
47259496,RECUAY,ANCASH,RECUAY,gfs,pp,20260908,20261007,"00Z,12Z",D1,6h,0.832,1.869,0.35,230,0.955,0.87,0.13,22,0.8,0.864,0.131,10,S/D,1.0,0.0,0,S/D,S/D,S/D,0
47259496,RECUAY,ANCASH,RECUAY,eta5,pp,20260908,20261007,"00Z,12Z",D1,6h,0.436,1.227,0.336,187,0.706,0.774,0.207,17,0.667,0.8,0.182,9,S/D,1.0,0.0,0,S/D,S/D,S/D,0
47259496,RECUAY,ANCASH,RECUAY,wrf5,pp,20260908,20261007,"00Z,12Z",D1,6h,0.34,1.266,0.4,226,0.727,0.733,0.242,22,0.6,0.786,0.188,10,S/D,1.0,0.0,0,S/D,S/D,S/D,0
47259496,RECUAY,ANCASH,RECUAY,mpas15,pp,20260908,20261007,00Z,D1,6h,0.726,1.888,0.158,115,0.636,0.837,0.149,11,0.8,0.882,0.114,5,S/D,1.0,0.0,0,S/D,S/D,S/D,0
110138,SHAQUEK,ANCASH,RECUAY,ecmwf,pp,20260908,20261007,"00Z,12Z",D1,6h,0.541,1.194,S/D,234,S/D,1.0,0.0,0,S/D,1.0,0.0,0,S/D,1.0,0.0,0,S/D,S/D,S/D,0
110138,SHAQUEK,ANCASH,RECUAY,gfs,pp,20260908,20261007,"00Z,12Z",D1,6h,0.376,0.874,S/D,234,S/D,1.0,0.0,0,S/D,1.0,0.0,0,S/D,1.0,0.0,0,S/D,S/D,S/D,0
110138,SHAQUEK,ANCASH,RECUAY,eta5,pp,20260908,20261007,"00Z,12Z",D1,6h,0.017,0.069,S/D,189,S/D,1.0,0.0,0,S/D,S/D,S/D,0,S/D,S/D,S/D,0,S/D,S/D,S/D,0
110138,SHAQUEK,ANCASH,RECUAY,wrf5,pp,20260908,20261007,"00Z,12Z",D1,6h,0.103,0.469,S/D,231,S/D,1.0,0.0,0,S/D,1.0,0.0,0,S/D,S/D,S/D,0,S/D,S/D,S/D,0
110138,SHAQUEK,ANCASH,RECUAY,mpas15,pp,20260908,20261007,00Z,D1,6h,0.41,1.048,S/D,117,S/D,1.0,0.0,0,S/D,1.0,0.0,0,S/D,1.0,0.0,0,S/D,S/D,S/D,0
211601,SAN JACINTO,ANCASH,SANTA,ecmwf,pp,20260908,20261007,"00Z,12Z",D1,6h,S/D,S/D,S/D,0,S/D,S/D,S/D,0,S/D,S/D,S/D,0,S/D,S/D,S/D,0,S/D,S/D,S/D,0
211601,SAN JACINTO,ANCASH,SANTA,gfs,pp,20260908,20261007,"00Z,12Z",D1,6h,S/D,S/D,S/D,0,S/D,S/D,S/D,0,S/D,S/D,S/D,0,S/D,S/D,S/D,0,S/D,S/D,S/D,0
211601,SAN JACINTO,ANCASH,SANTA,eta5,pp,20260908,20261007,"00Z,12Z",D1,6h,S/D,S/D,S/D,0,S/D,S/D,S/D,0,S/D,S/D,S/D,0,S/D,S/D,S/D,0,S/D,S/D,S/D,0
211601,SAN JACINTO,ANCASH,SANTA,wrf5,pp,20260908,20261007,"00Z,12Z",D1,6h,S/D,S/D,S/D,0,S/D,S/D,S/D,0,S/D,S/D,S/D,0,S/D,S/D,S/D,0,S/D,S/D,S/D,0
211601,SAN JACINTO,ANCASH,SANTA,mpas15,pp,20260908,20261007,00Z,D1,6h,S/D,S/D,S/D,0,S/D,S/D,S/D,0,S/D,S/D,S/D,0,S/D,S/D,S/D,0,S/D,S/D,S/D,0
113253,CURAHUASI,APURIMAC,ABANCAY,ecmwf,pp,20260908,20261007,"00Z,12Z",D1,6h,0.353,0.88,0.48,234,1.0,0.755,0.245,24,0.75,0.829,0.162,8,S/D,1.0,0.0,0,S/D,S/D,S/D,0
113253,CURAHUASI,APURIMAC,ABANCAY,gfs,pp,20260908,20261007,"00Z,12Z",D1,6h,0.82,2.063,0.413,234,1.0,0.826,0.174,24,0.625,0.915,0.081,8,S/D,1.0,0.0,0,S/D,S/D,S/D,0
113253,CURAHUASI,APURIMAC,ABANCAY,eta5,pp,20260908,20261007,"00Z,12Z",D1,6h,0.361,1.093,0.44,191,0.85,0.667,0.315,20,0.571,0.875,0.114,7,S/D,1.0,0.0,0,S/D,S/D,S/D,0
113253,CURAHUASI,APURIMAC,ABANCAY,wrf5,pp,20260908,20261007,"00Z,12Z",D1,6h,0.248,1.518,0.514,230,0.708,0.553,0.378,24,0.375,0.824,0.136,8,S/D,1.0,0.0,0,S/D,S/D,S/D,0
113253,CURAHUASI,APURIMAC,ABANCAY,mpas15,pp,20260908,20261007,00Z,D1,6h,0.388,1.141,0.229,117,0.667,0.758,0.216,12,0.25,0.962,0.034,4,S/D,1.0,0.0,0,S/D,S/D,S/D,0
47263360,GRANJA SAN ANTONIO,APURIMAC,ABANCAY,ecmwf,pp,20260908,20261007,"00Z,12Z",D1,6h,0.061,1.232,0.535,224,0.75,0.571,0.375,52,0.65,0.581,0.342,20,0.0,1.0,0.0,4,S/D,S/D,S/D,0
47263360,GRANJA SAN ANTONIO,APURIMAC,ABANCAY,gfs,pp,20260908,20261007,"00Z,12Z",D1,6h,0.507,2.034,0.464,224,0.865,0.664,0.319,52,0.55,0.792,0.177,20,0.0,1.0,0.0,4,S/D,S/D,S/D,0
47263360,GRANJA SAN ANTONIO,APURIMAC,ABANCAY,eta5,pp,20260908,20261007,"00Z,12Z",D1,6h,-0.273,1.498,0.452,182,0.467,0.382,0.362,45,0.062,0.8,0.05,16,0.0,S/D,0.0,4,S/D,S/D,S/D,0
47263360,GRANJA SAN ANTONIO,APURIMAC,ABANCAY,wrf5,pp,20260908,20261007,"00Z,12Z",D1,6h,0.303,2.554,0.556,220,0.62,0.311,0.484,50,0.4,0.704,0.205,20,0.0,1.0,0.0,4,S/D,S/D,S/D,0
47263360,GRANJA SAN ANTONIO,APURIMAC,ABANCAY,mpas15,pp,20260908,20261007,00Z,D1,6h,0.144,1.593,0.347,112,0.577,0.545,0.341,26,0.6,0.727,0.231,10,0.0,1.0,0.0,2,S/D,S/D,S/D,0
472B16EA,HUACULLO,APURIMAC,ANTABAMBA,ecmwf,pp,20260908,20261007,"00Z,12Z",D1,6h,0.118,0.777,0.469,234,0.846,0.56,0.407,26,0.5,0.684,0.24,12,S/D,S/D,S/D,0,S/D,S/D,S/D,0
472B16EA,HUACULLO,APURIMAC,ANTABAMBA,gfs,pp,20260908,20261007,"00Z,12Z",D1,6h,0.416,1.307,0.458,234,0.923,0.714,0.279,26,0.5,0.854,0.128,12,S/D,1.0,0.0,0,S/D,S/D,S/D,0
472B16EA,HUACULLO,APURIMAC,ANTABAMBA,eta5,pp,20260908,20261007,"00Z,12Z",D1,6h,0.578,1.716,0.544,189,0.92,0.566,0.418,25,0.833,0.714,0.27,12,S/D,1.0,0.0,0,S/D,S/D,S/D,0
472B16EA,HUACULLO,APURIMAC,ANTABAMBA,wrf5,pp,20260908,20261007,"00Z,12Z",D1,6h,0.275,1.51,0.427,230,0.64,0.68,0.271,25,0.273,0.85,0.107,11,S/D,1.0,0.0,0,S/D,S/D,S/D,0
472B16EA,HUACULLO,APURIMAC,ANTABAMBA,mpas15,pp,20260908,20261007,00Z,D1,6h,0.197,0.86,0.392,117,0.769,0.565,0.385,13,0.667,0.778,0.2,6,S/D,1.0,0.0,0,S/D,S/D,S/D,0
113246,TANCAYLLO,APURIMAC,CHINCHEROS,ecmwf,pp,20260908,20261007,"00Z,12Z",D1,6h,0.449,1.433,0.548,230,0.974,0.58,0.416,38,0.6,0.793,0.182,10,1.0,0.833,0.167,2,S/D,S/D,S/D,0
113246,TANCAYLLO,APURIMAC,CHINCHEROS,gfs,pp,20260908,20261007,"00Z,12Z",D1,6h,0.611,1.907,0.43,230,0.921,0.711,0.282,38,0.8,0.822,0.17,10,1.0,0.818,0.182,2,S/D,S/D,S/D,0
113246,TANCAYLLO,APURIMAC,CHINCHEROS,eta5,pp,20260908,20261007,"00Z,12Z",D1,6h,0.029,1.18,0.516,189,0.556,0.545,0.333,36,0.3,0.833,0.12,10,0.0,1.0,0.0,2,S/D,S/D,S/D,0
113246,TANCAYLLO,APURIMAC,CHINCHEROS,wrf5,pp,20260908,20261007,"00Z,12Z",D1,6h,0.384,1.639,0.468,227,0.595,0.551,0.344,37,0.778,0.774,0.212,9,1.0,0.75,0.25,2,S/D,S/D,S/D,0
113246,TANCAYLLO,APURIMAC,CHINCHEROS,mpas15,pp,20260908,20261007,00Z,D1,6h,0.579,1.478,0.443,115,0.842,0.628,0.348,19,0.6,0.885,0.107,5,1.0,0.8,0.2,1,S/D,S/D,S/D,0
472A1410,CASACCANCHA,APURIMAC,COTABAMBAS,ecmwf,pp,20260908,20261007,"00Z,12Z",D1,6h,0.366,0.963,0.534,232,1.0,0.628,0.372,32,0.833,0.722,0.263,12,S/D,1.0,0.0,0,S/D,S/D,S/D,0
472A1410,CASACCANCHA,APURIMAC,COTABAMBAS,gfs,pp,20260908,20261007,"00Z,12Z",D1,6h,0.249,0.795,0.445,232,0.969,0.687,0.31,32,0.167,0.923,0.056,12,S/D,1.0,0.0,0,S/D,S/D,S/D,0
472A1410,CASACCANCHA,APURIMAC,COTABAMBAS,eta5,pp,20260908,20261007,"00Z,12Z",D1,6h,0.081,0.608,0.412,188,0.621,0.591,0.327,29,0.5,0.667,0.25,12,S/D,S/D,S/D,0,S/D,S/D,S/D,0
472A1410,CASACCANCHA,APURIMAC,COTABAMBAS,wrf5,pp,20260908,20261007,"00Z,12Z",D1,6h,0.18,0.925,0.497,229,0.71,0.593,0.349,31,0.333,0.8,0.143,12,S/D,1.0,0.0,0,S/D,S/D,S/D,0
472A1410,CASACCANCHA,APURIMAC,COTABAMBAS,mpas15,pp,20260908,20261007,00Z,D1,6h,0.273,0.867,0.367,116,0.75,0.556,0.387,16,0.5,0.842,0.136,6,S/D,S/D,S/D,0,S/D,S/D,S/D,0
116085,AREQUIPA UV,AREQUIPA,AREQUIPA,ecmwf,pp,20260908,20261007,"00Z,12Z",D1,6h,0.003,0.006,S/D,4,S/D,S/D,S/D,0,S/D,S/D,S/D,0,S/D,S/D,S/D,0,S/D,S/D,S/D,0
116085,AREQUIPA UV,AREQUIPA,AREQUIPA,gfs,pp,20260908,20261007,"00Z,12Z",D1,6h,0.016,0.031,S/D,4,S/D,S/D,S/D,0,S/D,S/D,S/D,0,S/D,S/D,S/D,0,S/D,S/D,S/D,0
116085,AREQUIPA UV,AREQUIPA,AREQUIPA,eta5,pp,20260908,20261007,"00Z,12Z",D1,6h,0.0,0.0,S/D,4,S/D,S/D,S/D,0,S/D,S/D,S/D,0,S/D,S/D,S/D,0,S/D,S/D,S/D,0
116085,AREQUIPA UV,AREQUIPA,AREQUIPA,wrf5,pp,20260908,20261007,"00Z,12Z",D1,6h,0.0,0.0,S/D,4,S/D,S/D,S/D,0,S/D,S/D,S/D,0,S/D,S/D,S/D,0,S/D,S/D,S/D,0
116085,AREQUIPA UV,AREQUIPA,AREQUIPA,mpas15,pp,20260908,20261007,00Z,D1,6h,0.0,0.0,S/D,2,S/D,S/D,S/D,0,S/D,S/D,S/D,0,S/D,S/D,S/D,0,S/D,S/D,S/D,0
47E26242,BOYADERO,AREQUIPA,AREQUIPA,ecmwf,pp,20260908,20261007,"00Z,12Z",D1,6h,0.004,0.031,S/D,236,S/D,1.0,0.0,0,S/D,S/D,S/D,0,S/D,S/D,S/D,0,S/D,S/D,S/D,0
47E26242,BOYADERO,AREQUIPA,AREQUIPA,gfs,pp,20260908,20261007,"00Z,12Z",D1,6h,0.0,0.0,S/D,236,S/D,S/D,S/D,0,S/D,S/D,S/D,0,S/D,S/D,S/D,0,S/D,S/D,S/D,0
47E26242,BOYADERO,AREQUIPA,AREQUIPA,eta5,pp,20260908,20261007,"00Z,12Z",D1,6h,0.0,0.0,S/D,191,S/D,S/D,S/D,0,S/D,S/D,S/D,0,S/D,S/D,S/D,0,S/D,S/D,S/D,0
47E26242,BOYADERO,AREQUIPA,AREQUIPA,wrf5,pp,20260908,20261007,"00Z,12Z",D1,6h,0.0,0.001,S/D,232,S/D,S/D,S/D,0,S/D,S/D,S/D,0,S/D,S/D,S/D,0,S/D,S/D,S/D,0
47E26242,BOYADERO,AREQUIPA,AREQUIPA,mpas15,pp,20260908,20261007,00Z,D1,6h,0.0,0.0,S/D,118,S/D,S/D,S/D,0,S/D,S/D,S/D,0,S/D,S/D,S/D,0,S/D,S/D,S/D,0
116083,CAYMA,AREQUIPA,AREQUIPA,ecmwf,pp,20260908,20261007,"00Z,12Z",D1,6h,-0.132,2.034,-0.032,236,0.0,1.0,0.0,2,0.0,1.0,0.0,2,0.0,S/D,0.0,2,S/D,S/D,S/D,0
116083,CAYMA,AREQUIPA,AREQUIPA,gfs,pp,20260908,20261007,"00Z,12Z",D1,6h,-0.161,2.019,-0.024,236,0.0,1.0,0.0,2,0.0,1.0,0.0,2,0.0,S/D,0.0,2,S/D,S/D,S/D,0
116083,CAYMA,AREQUIPA,AREQUIPA,eta5,pp,20260908,20261007,"00Z,12Z",D1,6h,-0.229,2.241,-0.013,191,0.0,S/D,0.0,2,0.0,S/D,0.0,2,0.0,S/D,0.0,2,S/D,S/D,S/D,0
116083,CAYMA,AREQUIPA,AREQUIPA,wrf5,pp,20260908,20261007,"00Z,12Z",D1,6h,-0.09,1.435,-0.009,233,0.0,1.0,0.0,1,0.0,S/D,0.0,1,0.0,S/D,0.0,1,S/D,S/D,S/D,0
116083,CAYMA,AREQUIPA,AREQUIPA,mpas15,pp,20260908,20261007,00Z,D1,6h,-0.177,2.018,-0.068,118,0.0,1.0,0.0,1,0.0,S/D,0.0,1,0.0,S/D,0.0,1,S/D,S/D,S/D,0
472147C4,CHARCANI,AREQUIPA,AREQUIPA,ecmwf,pp,20260908,20261007,"00Z,12Z",D1,6h,0.028,0.381,0.072,234,0.5,0.875,0.111,4,0.0,1.0,0.0,2,S/D,S/D,S/D,0,S/D,S/D,S/D,0
472147C4,CHARCANI,AREQUIPA,AREQUIPA,gfs,pp,20260908,20261007,"00Z,12Z",D1,6h,-0.002,0.299,0.238,234,0.5,0.846,0.133,4,0.0,1.0,0.0,2,S/D,S/D,S/D,0,S/D,S/D,S/D,0
472147C4,CHARCANI,AREQUIPA,AREQUIPA,eta5,pp,20260908,20261007,"00Z,12Z",D1,6h,-0.027,0.311,0.156,189,0.25,0.667,0.167,4,0.0,S/D,0.0,2,S/D,S/D,S/D,0,S/D,S/D,S/D,0
472147C4,CHARCANI,AREQUIPA,AREQUIPA,wrf5,pp,20260908,20261007,"00Z,12Z",D1,6h,-0.009,0.201,0.468,231,0.667,0.333,0.5,3,0.0,S/D,0.0,1,S/D,S/D,S/D,0,S/D,S/D,S/D,0
472147C4,CHARCANI,AREQUIPA,AREQUIPA,mpas15,pp,20260908,20261007,00Z,D1,6h,-0.001,0.318,0.192,117,0.5,0.667,0.25,2,0.0,1.0,0.0,1,S/D,S/D,S/D,0,S/D,S/D,S/D,0
116077,CHIGUATA,AREQUIPA,AREQUIPA,ecmwf,pp,20260908,20261007,"00Z,12Z",D1,6h,0.002,0.013,S/D,236,S/D,1.0,0.0,0,S/D,S/D,S/D,0,S/D,S/D,S/D,0,S/D,S/D,S/D,0
116077,CHIGUATA,AREQUIPA,AREQUIPA,gfs,pp,20260908,20261007,"00Z,12Z",D1,6h,0.009,0.051,S/D,236,S/D,1.0,0.0,0,S/D,S/D,S/D,0,S/D,S/D,S/D,0,S/D,S/D,S/D,0
116077,CHIGUATA,AREQUIPA,AREQUIPA,eta5,pp,20260908,20261007,"00Z,12Z",D1,6h,0.008,0.066,S/D,191,S/D,1.0,0.0,0,S/D,S/D,S/D,0,S/D,S/D,S/D,0,S/D,S/D,S/D,0
116077,CHIGUATA,AREQUIPA,AREQUIPA,wrf5,pp,20260908,20261007,"00Z,12Z",D1,6h,0.007,0.073,S/D,232,S/D,1.0,0.0,0,S/D,S/D,S/D,0,S/D,S/D,S/D,0,S/D,S/D,S/D,0
116077,CHIGUATA,AREQUIPA,AREQUIPA,mpas15,pp,20260908,20261007,00Z,D1,6h,0.068,0.319,S/D,118,S/D,1.0,0.0,0,S/D,1.0,0.0,0,S/D,S/D,S/D,0,S/D,S/D,S/D,0
116065,LA PAMPILLA,AREQUIPA,AREQUIPA,ecmwf,pp,20260908,20261007,"00Z,12Z",D1,6h,0.002,0.014,S/D,216,S/D,1.0,0.0,0,S/D,S/D,S/D,0,S/D,S/D,S/D,0,S/D,S/D,S/D,0
116065,LA PAMPILLA,AREQUIPA,AREQUIPA,gfs,pp,20260908,20261007,"00Z,12Z",D1,6h,0.01,0.053,S/D,216,S/D,1.0,0.0,0,S/D,S/D,S/D,0,S/D,S/D,S/D,0,S/D,S/D,S/D,0
116065,LA PAMPILLA,AREQUIPA,AREQUIPA,eta5,pp,20260908,20261007,"00Z,12Z",D1,6h,0.0,0.0,S/D,175,S/D,S/D,S/D,0,S/D,S/D,S/D,0,S/D,S/D,S/D,0,S/D,S/D,S/D,0
116065,LA PAMPILLA,AREQUIPA,AREQUIPA,wrf5,pp,20260908,20261007,"00Z,12Z",D1,6h,0.002,0.021,S/D,212,S/D,1.0,0.0,0,S/D,S/D,S/D,0,S/D,S/D,S/D,0,S/D,S/D,S/D,0
116065,LA PAMPILLA,AREQUIPA,AREQUIPA,mpas15,pp,20260908,20261007,00Z,D1,6h,0.028,0.167,S/D,108,S/D,1.0,0.0,0,S/D,1.0,0.0,0,S/D,S/D,S/D,0,S/D,S/D,S/D,0
47E360B8,PATAHUASI,AREQUIPA,AREQUIPA,ecmwf,pp,20260908,20261007,"00Z,12Z",D1,6h,0.068,0.356,0.171,236,0.0,1.0,0.0,2,S/D,1.0,0.0,0,S/D,S/D,S/D,0,S/D,S/D,S/D,0
47E360B8,PATAHUASI,AREQUIPA,AREQUIPA,gfs,pp,20260908,20261007,"00Z,12Z",D1,6h,0.075,0.3,0.092,236,0.5,0.958,0.04,2,S/D,1.0,0.0,0,S/D,S/D,S/D,0,S/D,S/D,S/D,0
47E360B8,PATAHUASI,AREQUIPA,AREQUIPA,eta5,pp,20260908,20261007,"00Z,12Z",D1,6h,0.063,0.367,-0.023,192,0.0,1.0,0.0,1,S/D,1.0,0.0,0,S/D,S/D,S/D,0,S/D,S/D,S/D,0
47E360B8,PATAHUASI,AREQUIPA,AREQUIPA,wrf5,pp,20260908,20261007,"00Z,12Z",D1,6h,0.054,0.457,-0.028,232,0.0,1.0,0.0,2,S/D,1.0,0.0,0,S/D,1.0,0.0,0,S/D,S/D,S/D,0
47E360B8,PATAHUASI,AREQUIPA,AREQUIPA,mpas15,pp,20260908,20261007,00Z,D1,6h,0.163,0.489,0.157,118,1.0,0.938,0.062,1,S/D,1.0,0.0,0,S/D,S/D,S/D,0,S/D,S/D,S/D,0
4722E032,PUENTE DEL DIABLO,AREQUIPA,AREQUIPA,ecmwf,pp,20260908,20261007,"00Z,12Z",D1,6h,-0.005,0.058,0.398,216,0.0,1.0,0.0,2,S/D,S/D,S/D,0,S/D,S/D,S/D,0,S/D,S/D,S/D,0
4722E032,PUENTE DEL DIABLO,AREQUIPA,AREQUIPA,gfs,pp,20260908,20261007,"00Z,12Z",D1,6h,-0.005,0.058,-0.007,216,0.0,S/D,0.0,2,S/D,S/D,S/D,0,S/D,S/D,S/D,0,S/D,S/D,S/D,0
4722E032,PUENTE DEL DIABLO,AREQUIPA,AREQUIPA,eta5,pp,20260908,20261007,"00Z,12Z",D1,6h,-0.007,0.064,S/D,175,0.0,S/D,0.0,2,S/D,S/D,S/D,0,S/D,S/D,S/D,0,S/D,S/D,S/D,0
4722E032,PUENTE DEL DIABLO,AREQUIPA,AREQUIPA,wrf5,pp,20260908,20261007,"00Z,12Z",D1,6h,-0.005,0.059,-0.01,212,0.0,S/D,0.0,2,S/D,S/D,S/D,0,S/D,S/D,S/D,0,S/D,S/D,S/D,0
4722E032,PUENTE DEL DIABLO,AREQUIPA,AREQUIPA,mpas15,pp,20260908,20261007,00Z,D1,6h,-0.006,0.058,-0.07,108,0.0,S/D,0.0,1,S/D,S/D,S/D,0,S/D,S/D,S/D,0,S/D,S/D,S/D,0
116082,SAN FRANCISCO,AREQUIPA,AREQUIPA,ecmwf,pp,20260908,20261007,"00Z,12Z",D1,6h,0.002,0.012,S/D,236,S/D,1.0,0.0,0,S/D,S/D,S/D,0,S/D,S/D,S/D,0,S/D,S/D,S/D,0
116082,SAN FRANCISCO,AREQUIPA,AREQUIPA,gfs,pp,20260908,20261007,"00Z,12Z",D1,6h,0.008,0.05,S/D,236,S/D,1.0,0.0,0,S/D,S/D,S/D,0,S/D,S/D,S/D,0,S/D,S/D,S/D,0
116082,SAN FRANCISCO,AREQUIPA,AREQUIPA,eta5,pp,20260908,20261007,"00Z,12Z",D1,6h,0.0,0.0,S/D,191,S/D,S/D,S/D,0,S/D,S/D,S/D,0,S/D,S/D,S/D,0,S/D,S/D,S/D,0
116082,SAN FRANCISCO,AREQUIPA,AREQUIPA,wrf5,pp,20260908,20261007,"00Z,12Z",D1,6h,0.003,0.027,S/D,232,S/D,1.0,0.0,0,S/D,S/D,S/D,0,S/D,S/D,S/D,0,S/D,S/D,S/D,0
116082,SAN FRANCISCO,AREQUIPA,AREQUIPA,mpas15,pp,20260908,20261007,00Z,D1,6h,0.017,0.13,S/D,118,S/D,1.0,0.0,0,S/D,1.0,0.0,0,S/D,S/D,S/D,0,S/D,S/D,S/D,0
47E3B6D0,SAN JOSE DE UZUNA,AREQUIPA,AREQUIPA,ecmwf,pp,20260908,20261007,"00Z,12Z",D1,6h,0.045,0.402,-0.06,238,0.0,1.0,0.0,4,0.0,1.0,0.0,2,S/D,S/D,S/D,0,S/D,S/D,S/D,0
47E3B6D0,SAN JOSE DE UZUNA,AREQUIPA,AREQUIPA,gfs,pp,20260908,20261007,"00Z,12Z",D1,6h,0.033,0.27,0.175,238,0.5,0.895,0.095,4,0.0,1.0,0.0,2,S/D,S/D,S/D,0,S/D,S/D,S/D,0
47E3B6D0,SAN JOSE DE UZUNA,AREQUIPA,AREQUIPA,eta5,pp,20260908,20261007,"00Z,12Z",D1,6h,-0.019,0.185,0.361,193,0.0,1.0,0.0,4,0.0,S/D,0.0,2,S/D,S/D,S/D,0,S/D,S/D,S/D,0
47E3B6D0,SAN JOSE DE UZUNA,AREQUIPA,AREQUIPA,wrf5,pp,20260908,20261007,"00Z,12Z",D1,6h,-0.003,0.241,0.148,234,0.0,1.0,0.0,4,0.0,1.0,0.0,2,S/D,S/D,S/D,0,S/D,S/D,S/D,0
47E3B6D0,SAN JOSE DE UZUNA,AREQUIPA,AREQUIPA,mpas15,pp,20260908,20261007,00Z,D1,6h,-0.011,0.189,0.039,119,0.0,1.0,0.0,2,0.0,1.0,0.0,1,S/D,S/D,S/D,0,S/D,S/D,S/D,0
47E27134,SOCOSANI,AREQUIPA,AREQUIPA,ecmwf,pp,20260908,20261007,"00Z,12Z",D1,6h,0.009,0.055,S/D,202,S/D,1.0,0.0,0,S/D,S/D,S/D,0,S/D,S/D,S/D,0,S/D,S/D,S/D,0
47E27134,SOCOSANI,AREQUIPA,AREQUIPA,gfs,pp,20260908,20261007,"00Z,12Z",D1,6h,0.005,0.027,S/D,202,S/D,1.0,0.0,0,S/D,S/D,S/D,0,S/D,S/D,S/D,0,S/D,S/D,S/D,0
47E27134,SOCOSANI,AREQUIPA,AREQUIPA,eta5,pp,20260908,20261007,"00Z,12Z",D1,6h,0.0,0.0,S/D,162,S/D,S/D,S/D,0,S/D,S/D,S/D,0,S/D,S/D,S/D,0,S/D,S/D,S/D,0
47E27134,SOCOSANI,AREQUIPA,AREQUIPA,wrf5,pp,20260908,20261007,"00Z,12Z",D1,6h,0.001,0.012,S/D,198,S/D,1.0,0.0,0,S/D,S/D,S/D,0,S/D,S/D,S/D,0,S/D,S/D,S/D,0
47E27134,SOCOSANI,AREQUIPA,AREQUIPA,mpas15,pp,20260908,20261007,00Z,D1,6h,0.0,0.0,S/D,101,S/D,S/D,S/D,0,S/D,S/D,S/D,0,S/D,S/D,S/D,0,S/D,S/D,S/D,0
472EE1AE,TINGO GRANDE,AREQUIPA,AREQUIPA,ecmwf,pp,20260908,20261007,"00Z,12Z",D1,6h,0.0,0.0,S/D,2,S/D,S/D,S/D,0,S/D,S/D,S/D,0,S/D,S/D,S/D,0,S/D,S/D,S/D,0
472EE1AE,TINGO GRANDE,AREQUIPA,AREQUIPA,gfs,pp,20260908,20261007,"00Z,12Z",D1,6h,0.0,0.0,S/D,2,S/D,S/D,S/D,0,S/D,S/D,S/D,0,S/D,S/D,S/D,0,S/D,S/D,S/D,0
472EE1AE,TINGO GRANDE,AREQUIPA,AREQUIPA,eta5,pp,20260908,20261007,"00Z,12Z",D1,6h,0.0,0.0,S/D,2,S/D,S/D,S/D,0,S/D,S/D,S/D,0,S/D,S/D,S/D,0,S/D,S/D,S/D,0
472EE1AE,TINGO GRANDE,AREQUIPA,AREQUIPA,wrf5,pp,20260908,20261007,"00Z,12Z",D1,6h,0.0,0.0,S/D,2,S/D,S/D,S/D,0,S/D,S/D,S/D,0,S/D,S/D,S/D,0,S/D,S/D,S/D,0
472EE1AE,TINGO GRANDE,AREQUIPA,AREQUIPA,mpas15,pp,20260908,20261007,00Z,D1,6h,0.0,0.0,S/D,1,S/D,S/D,S/D,0,S/D,S/D,S/D,0,S/D,S/D,S/D,0,S/D,S/D,S/D,0
116078,TUCTUMPAYA,AREQUIPA,AREQUIPA,ecmwf,pp,20260908,20261007,"00Z,12Z",D1,6h,0.064,0.368,S/D,236,S/D,1.0,0.0,0,S/D,1.0,0.0,0,S/D,S/D,S/D,0,S/D,S/D,S/D,0
116078,TUCTUMPAYA,AREQUIPA,AREQUIPA,gfs,pp,20260908,20261007,"00Z,12Z",D1,6h,0.053,0.237,S/D,236,S/D,1.0,0.0,0,S/D,1.0,0.0,0,S/D,S/D,S/D,0,S/D,S/D,S/D,0
116078,TUCTUMPAYA,AREQUIPA,AREQUIPA,eta5,pp,20260908,20261007,"00Z,12Z",D1,6h,0.014,0.108,S/D,191,S/D,1.0,0.0,0,S/D,1.0,0.0,0,S/D,S/D,S/D,0,S/D,S/D,S/D,0
116078,TUCTUMPAYA,AREQUIPA,AREQUIPA,wrf5,pp,20260908,20261007,"00Z,12Z",D1,6h,0.022,0.219,S/D,233,S/D,1.0,0.0,0,S/D,1.0,0.0,0,S/D,S/D,S/D,0,S/D,S/D,S/D,0
116078,TUCTUMPAYA,AREQUIPA,AREQUIPA,mpas15,pp,20260908,20261007,00Z,D1,6h,0.025,0.159,S/D,118,S/D,1.0,0.0,0,S/D,1.0,0.0,0,S/D,S/D,S/D,0,S/D,S/D,S/D,0
116081,YURA,AREQUIPA,AREQUIPA,ecmwf,pp,20260908,20261007,"00Z,12Z",D1,6h,-0.29,2.318,-0.197,118,0.0,1.0,0.0,2,0.0,S/D,0.0,2,0.0,S/D,0.0,2,S/D,S/D,S/D,0
116081,YURA,AREQUIPA,AREQUIPA,gfs,pp,20260908,20261007,"00Z,12Z",D1,6h,-0.292,2.319,-0.017,118,0.0,1.0,0.0,2,0.0,S/D,0.0,2,0.0,S/D,0.0,2,S/D,S/D,S/D,0
116081,YURA,AREQUIPA,AREQUIPA,eta5,pp,20260908,20261007,"00Z,12Z",D1,6h,-0.339,2.457,-0.014,105,0.0,S/D,0.0,2,0.0,S/D,0.0,2,0.0,S/D,0.0,2,S/D,S/D,S/D,0
116081,YURA,AREQUIPA,AREQUIPA,wrf5,pp,20260908,20261007,"00Z,12Z",D1,6h,-0.153,1.66,-0.012,115,0.0,1.0,0.0,1,0.0,S/D,0.0,1,0.0,S/D,0.0,1,S/D,S/D,S/D,0
116081,YURA,AREQUIPA,AREQUIPA,mpas15,pp,20260908,20261007,00Z,D1,6h,-0.302,2.317,0.144,59,0.0,S/D,0.0,1,0.0,S/D,0.0,1,0.0,S/D,0.0,1,S/D,S/D,S/D,0
116084,CAMANA,AREQUIPA,CAMANA,ecmwf,pp,20260908,20261007,"00Z,12Z",D1,6h,0.031,0.046,S/D,4,S/D,S/D,S/D,0,S/D,S/D,S/D,0,S/D,S/D,S/D,0,S/D,S/D,S/D,0
116084,CAMANA,AREQUIPA,CAMANA,gfs,pp,20260908,20261007,"00Z,12Z",D1,6h,0.031,0.044,S/D,4,S/D,S/D,S/D,0,S/D,S/D,S/D,0,S/D,S/D,S/D,0,S/D,S/D,S/D,0
116084,CAMANA,AREQUIPA,CAMANA,eta5,pp,20260908,20261007,"00Z,12Z",D1,6h,0.0,0.0,S/D,4,S/D,S/D,S/D,0,S/D,S/D,S/D,0,S/D,S/D,S/D,0,S/D,S/D,S/D,0
116084,CAMANA,AREQUIPA,CAMANA,wrf5,pp,20260908,20261007,"00Z,12Z",D1,6h,0.002,0.004,S/D,4,S/D,S/D,S/D,0,S/D,S/D,S/D,0,S/D,S/D,S/D,0,S/D,S/D,S/D,0
116084,CAMANA,AREQUIPA,CAMANA,mpas15,pp,20260908,20261007,00Z,D1,6h,0.0,0.0,S/D,2,S/D,S/D,S/D,0,S/D,S/D,S/D,0,S/D,S/D,S/D,0,S/D,S/D,S/D,0
472D23BE,OCOÑA,AREQUIPA,CAMANA,ecmwf,pp,20260908,20261007,"00Z,12Z",D1,6h,0.38,0.8,0.385,234,0.853,0.764,0.227,34,0.5,0.947,0.05,4,S/D,S/D,S/D,0,S/D,S/D,S/D,0
472D23BE,OCOÑA,AREQUIPA,CAMANA,gfs,pp,20260908,20261007,"00Z,12Z",D1,6h,-0.058,0.244,0.36,234,0.382,0.435,0.295,34,0.0,S/D,0.0,4,S/D,S/D,S/D,0,S/D,S/D,S/D,0
472D23BE,OCOÑA,AREQUIPA,CAMANA,eta5,pp,20260908,20261007,"00Z,12Z",D1,6h,-0.016,0.277,0.328,190,0.536,0.595,0.3,28,0.0,S/D,0.0,4,S/D,S/D,S/D,0,S/D,S/D,S/D,0
472D23BE,OCOÑA,AREQUIPA,CAMANA,wrf5,pp,20260908,20261007,"00Z,12Z",D1,6h,-0.085,0.266,0.205,231,0.0,S/D,0.0,34,0.0,S/D,0.0,4,S/D,S/D,S/D,0,S/D,S/D,S/D,0
472D23BE,OCOÑA,AREQUIPA,CAMANA,mpas15,pp,20260908,20261007,00Z,D1,6h,-0.004,0.365,0.202,117,0.235,0.636,0.167,17,0.0,1.0,0.0,2,S/D,S/D,S/D,0,S/D,S/D,S/D,0
214400,HUATIAPA,AREQUIPA,CASTILLA,ecmwf,pp,20260908,20261007,"00Z,12Z",D1,6h,S/D,S/D,S/D,0,S/D,S/D,S/D,0,S/D,S/D,S/D,0,S/D,S/D,S/D,0,S/D,S/D,S/D,0
214400,HUATIAPA,AREQUIPA,CASTILLA,gfs,pp,20260908,20261007,"00Z,12Z",D1,6h,S/D,S/D,S/D,0,S/D,S/D,S/D,0,S/D,S/D,S/D,0,S/D,S/D,S/D,0,S/D,S/D,S/D,0
214400,HUATIAPA,AREQUIPA,CASTILLA,eta5,pp,20260908,20261007,"00Z,12Z",D1,6h,S/D,S/D,S/D,0,S/D,S/D,S/D,0,S/D,S/D,S/D,0,S/D,S/D,S/D,0,S/D,S/D,S/D,0
214400,HUATIAPA,AREQUIPA,CASTILLA,wrf5,pp,20260908,20261007,"00Z,12Z",D1,6h,S/D,S/D,S/D,0,S/D,S/D,S/D,0,S/D,S/D,S/D,0,S/D,S/D,S/D,0,S/D,S/D,S/D,0
214400,HUATIAPA,AREQUIPA,CASTILLA,mpas15,pp,20260908,20261007,00Z,D1,6h,S/D,S/D,S/D,0,S/D,S/D,S/D,0,S/D,S/D,S/D,0,S/D,S/D,S/D,0,S/D,S/D,S/D,0
4723D752,CHIVAY,AREQUIPA,CAYLLOMA,ecmwf,pp,20260908,20261007,"00Z,12Z",D1,6h,0.156,0.545,0.407,236,0.929,0.705,0.289,14,S/D,1.0,0.0,0,S/D,S/D,S/D,0,S/D,S/D,S/D,0
4723D752,CHIVAY,AREQUIPA,CAYLLOMA,gfs,pp,20260908,20261007,"00Z,12Z",D1,6h,0.236,0.784,0.426,236,0.857,0.739,0.25,14,S/D,1.0,0.0,0,S/D,1.0,0.0,0,S/D,S/D,S/D,0
4723D752,CHIVAY,AREQUIPA,CAYLLOMA,eta5,pp,20260908,20261007,"00Z,12Z",D1,6h,0.24,0.836,0.372,191,0.75,0.735,0.243,12,S/D,1.0,0.0,0,S/D,1.0,0.0,0,S/D,S/D,S/D,0
4723D752,CHIVAY,AREQUIPA,CAYLLOMA,wrf5,pp,20260908,20261007,"00Z,12Z",D1,6h,0.158,0.74,0.353,233,0.5,0.731,0.212,14,S/D,1.0,0.0,0,S/D,1.0,0.0,0,S/D,S/D,S/D,0
4723D752,CHIVAY,AREQUIPA,CAYLLOMA,mpas15,pp,20260908,20261007,00Z,D1,6h,0.32,0.877,0.194,118,0.571,0.81,0.167,7,S/D,1.0,0.0,0,S/D,S/D,S/D,0,S/D,S/D,S/D,0
47E8A60E,COTACOTA,AREQUIPA,CAYLLOMA,ecmwf,pp,20260908,20261007,"00Z,12Z",D1,6h,0.079,0.817,0.507,222,0.75,0.64,0.321,24,0.357,0.643,0.217,14,S/D,1.0,0.0,0,S/D,S/D,S/D,0
47E8A60E,COTACOTA,AREQUIPA,CAYLLOMA,gfs,pp,20260908,20261007,"00Z,12Z",D1,6h,0.411,1.359,0.472,222,0.875,0.687,0.3,24,0.714,0.744,0.233,14,S/D,1.0,0.0,0,S/D,S/D,S/D,0
47E8A60E,COTACOTA,AREQUIPA,CAYLLOMA,eta5,pp,20260908,20261007,"00Z,12Z",D1,6h,0.386,1.361,0.55,180,0.87,0.556,0.417,23,0.714,0.655,0.303,14,S/D,1.0,0.0,0,S/D,S/D,S/D,0
47E8A60E,COTACOTA,AREQUIPA,CAYLLOMA,wrf5,pp,20260908,20261007,"00Z,12Z",D1,6h,0.37,1.624,0.446,219,0.667,0.674,0.28,21,0.417,0.808,0.152,12,S/D,1.0,0.0,0,S/D,S/D,S/D,0
47E8A60E,COTACOTA,AREQUIPA,CAYLLOMA,mpas15,pp,20260908,20261007,00Z,D1,6h,0.202,1.074,0.517,111,0.917,0.522,0.458,12,0.714,0.643,0.312,7,S/D,1.0,0.0,0,S/D,S/D,S/D,0
47E3A5A6,HUANCA,AREQUIPA,CAYLLOMA,ecmwf,pp,20260908,20261007,"00Z,12Z",D1,6h,0.039,0.222,S/D,236,S/D,1.0,0.0,0,S/D,1.0,0.0,0,S/D,S/D,S/D,0,S/D,S/D,S/D,0
47E3A5A6,HUANCA,AREQUIPA,CAYLLOMA,gfs,pp,20260908,20261007,"00Z,12Z",D1,6h,0.02,0.11,S/D,236,S/D,1.0,0.0,0,S/D,1.0,0.0,0,S/D,S/D,S/D,0,S/D,S/D,S/D,0
47E3A5A6,HUANCA,AREQUIPA,CAYLLOMA,eta5,pp,20260908,20261007,"00Z,12Z",D1,6h,0.004,0.041,S/D,192,S/D,1.0,0.0,0,S/D,S/D,S/D,0,S/D,S/D,S/D,0,S/D,S/D,S/D,0
47E3A5A6,HUANCA,AREQUIPA,CAYLLOMA,wrf5,pp,20260908,20261007,"00Z,12Z",D1,6h,0.008,0.064,S/D,232,S/D,1.0,0.0,0,S/D,S/D,S/D,0,S/D,S/D,S/D,0,S/D,S/D,S/D,0
47E3A5A6,HUANCA,AREQUIPA,CAYLLOMA,mpas15,pp,20260908,20261007,00Z,D1,6h,0.017,0.13,S/D,118,S/D,1.0,0.0,0,S/D,1.0,0.0,0,S/D,S/D,S/D,0,S/D,S/D,S/D,0
47E3834A,IMATA,AREQUIPA,CAYLLOMA,ecmwf,pp,20260908,20261007,"00Z,12Z",D1,6h,0.086,0.579,0.336,234,0.786,0.725,0.256,14,0.4,0.667,0.222,10,S/D,1.0,0.0,0,S/D,S/D,S/D,0
47E3834A,IMATA,AREQUIPA,CAYLLOMA,gfs,pp,20260908,20261007,"00Z,12Z",D1,6h,0.085,0.568,0.364,234,0.786,0.738,0.244,14,0.5,0.643,0.263,10,S/D,S/D,S/D,0,S/D,S/D,S/D,0
47E3834A,IMATA,AREQUIPA,CAYLLOMA,eta5,pp,20260908,20261007,"00Z,12Z",D1,6h,0.056,0.649,0.419,190,0.769,0.615,0.345,13,0.556,0.5,0.357,9,S/D,S/D,S/D,0,S/D,S/D,S/D,0
47E3834A,IMATA,AREQUIPA,CAYLLOMA,wrf5,pp,20260908,20261007,"00Z,12Z",D1,6h,0.076,0.661,0.418,230,0.571,0.68,0.258,14,0.5,0.444,0.357,10,S/D,1.0,0.0,0,S/D,S/D,S/D,0
47E3834A,IMATA,AREQUIPA,CAYLLOMA,mpas15,pp,20260908,20261007,00Z,D1,6h,0.132,0.632,0.265,117,0.571,0.765,0.2,7,0.6,0.769,0.2,5,S/D,S/D,S/D,0,S/D,S/D,S/D,0
4729E39A,PAMPA DE MAJES,AREQUIPA,CAYLLOMA,ecmwf,pp,20260908,20261007,"00Z,12Z",D1,6h,-0.001,0.013,0.099,234,0.0,S/D,0.0,4,S/D,S/D,S/D,0,S/D,S/D,S/D,0,S/D,S/D,S/D,0
4729E39A,PAMPA DE MAJES,AREQUIPA,CAYLLOMA,gfs,pp,20260908,20261007,"00Z,12Z",D1,6h,-0.002,0.013,S/D,234,0.0,S/D,0.0,4,S/D,S/D,S/D,0,S/D,S/D,S/D,0,S/D,S/D,S/D,0
4729E39A,PAMPA DE MAJES,AREQUIPA,CAYLLOMA,eta5,pp,20260908,20261007,"00Z,12Z",D1,6h,-0.002,0.013,S/D,190,0.0,S/D,0.0,3,S/D,S/D,S/D,0,S/D,S/D,S/D,0,S/D,S/D,S/D,0
4729E39A,PAMPA DE MAJES,AREQUIPA,CAYLLOMA,wrf5,pp,20260908,20261007,"00Z,12Z",D1,6h,-0.002,0.013,S/D,230,0.0,S/D,0.0,4,S/D,S/D,S/D,0,S/D,S/D,S/D,0,S/D,S/D,S/D,0
4729E39A,PAMPA DE MAJES,AREQUIPA,CAYLLOMA,mpas15,pp,20260908,20261007,00Z,D1,6h,-0.002,0.013,0.206,117,0.0,S/D,0.0,2,S/D,S/D,S/D,0,S/D,S/D,S/D,0,S/D,S/D,S/D,0
47E373CE,PILLONES,AREQUIPA,CAYLLOMA,ecmwf,pp,20260908,20261007,"00Z,12Z",D1,6h,0.071,0.35,0.444,230,1.0,0.636,0.364,8,1.0,0.667,0.333,2,S/D,S/D,S/D,0,S/D,S/D,S/D,0
47E373CE,PILLONES,AREQUIPA,CAYLLOMA,gfs,pp,20260908,20261007,"00Z,12Z",D1,6h,0.052,0.272,0.533,230,0.875,0.682,0.304,8,0.5,0.857,0.125,2,S/D,S/D,S/D,0,S/D,S/D,S/D,0
47E373CE,PILLONES,AREQUIPA,CAYLLOMA,eta5,pp,20260908,20261007,"00Z,12Z",D1,6h,0.075,0.44,0.33,186,0.714,0.643,0.312,7,0.0,1.0,0.0,2,S/D,S/D,S/D,0,S/D,S/D,S/D,0
47E373CE,PILLONES,AREQUIPA,CAYLLOMA,wrf5,pp,20260908,20261007,"00Z,12Z",D1,6h,0.061,0.48,0.449,226,0.75,0.6,0.353,8,1.0,0.6,0.4,2,S/D,1.0,0.0,0,S/D,S/D,S/D,0
47E373CE,PILLONES,AREQUIPA,CAYLLOMA,mpas15,pp,20260908,20261007,00Z,D1,6h,0.216,0.582,0.317,115,1.0,0.8,0.2,4,1.0,0.929,0.071,1,S/D,S/D,S/D,0,S/D,S/D,S/D,0
47265686,SIBAYO,AREQUIPA,CAYLLOMA,ecmwf,pp,20260908,20261007,"00Z,12Z",D1,6h,S/D,S/D,S/D,0,S/D,S/D,S/D,0,S/D,S/D,S/D,0,S/D,S/D,S/D,0,S/D,S/D,S/D,0
47265686,SIBAYO,AREQUIPA,CAYLLOMA,gfs,pp,20260908,20261007,"00Z,12Z",D1,6h,S/D,S/D,S/D,0,S/D,S/D,S/D,0,S/D,S/D,S/D,0,S/D,S/D,S/D,0,S/D,S/D,S/D,0
47265686,SIBAYO,AREQUIPA,CAYLLOMA,eta5,pp,20260908,20261007,"00Z,12Z",D1,6h,S/D,S/D,S/D,0,S/D,S/D,S/D,0,S/D,S/D,S/D,0,S/D,S/D,S/D,0,S/D,S/D,S/D,0
47265686,SIBAYO,AREQUIPA,CAYLLOMA,wrf5,pp,20260908,20261007,"00Z,12Z",D1,6h,S/D,S/D,S/D,0,S/D,S/D,S/D,0,S/D,S/D,S/D,0,S/D,S/D,S/D,0,S/D,S/D,S/D,0
47265686,SIBAYO,AREQUIPA,CAYLLOMA,mpas15,pp,20260908,20261007,00Z,D1,6h,S/D,S/D,S/D,0,S/D,S/D,S/D,0,S/D,S/D,S/D,0,S/D,S/D,S/D,0,S/D,S/D,S/D,0
472ED434,SUMBAY,AREQUIPA,CAYLLOMA,ecmwf,pp,20260908,20261007,"00Z,12Z",D1,6h,0.067,0.428,0.278,208,0.7,0.794,0.189,10,0.667,0.6,0.333,6,0.5,0.0,0.5,2,S/D,S/D,S/D,0
472ED434,SUMBAY,AREQUIPA,CAYLLOMA,gfs,pp,20260908,20261007,"00Z,12Z",D1,6h,0.07,0.534,0.237,208,0.6,0.829,0.154,10,0.667,0.667,0.286,6,0.0,S/D,0.0,2,S/D,S/D,S/D,0
472ED434,SUMBAY,AREQUIPA,CAYLLOMA,eta5,pp,20260908,20261007,"00Z,12Z",D1,6h,0.026,0.497,0.366,170,0.556,0.762,0.2,9,0.8,0.636,0.333,5,0.0,S/D,0.0,2,S/D,S/D,S/D,0
472ED434,SUMBAY,AREQUIPA,CAYLLOMA,wrf5,pp,20260908,20261007,"00Z,12Z",D1,6h,0.067,0.576,0.334,206,0.5,0.773,0.185,10,0.667,0.5,0.4,6,0.0,1.0,0.0,2,S/D,S/D,S/D,0
472ED434,SUMBAY,AREQUIPA,CAYLLOMA,mpas15,pp,20260908,20261007,00Z,D1,6h,0.109,0.648,0.285,104,0.6,0.786,0.188,5,0.667,0.8,0.182,3,0.0,S/D,0.0,1,S/D,S/D,S/D,0
115150,COROPUNA,AREQUIPA,CONDESUYOS,ecmwf,pp,20260908,20261007,"00Z,12Z",D1,6h,S/D,S/D,S/D,0,S/D,S/D,S/D,0,S/D,S/D,S/D,0,S/D,S/D,S/D,0,S/D,S/D,S/D,0
115150,COROPUNA,AREQUIPA,CONDESUYOS,gfs,pp,20260908,20261007,"00Z,12Z",D1,6h,S/D,S/D,S/D,0,S/D,S/D,S/D,0,S/D,S/D,S/D,0,S/D,S/D,S/D,0,S/D,S/D,S/D,0
115150,COROPUNA,AREQUIPA,CONDESUYOS,eta5,pp,20260908,20261007,"00Z,12Z",D1,6h,S/D,S/D,S/D,0,S/D,S/D,S/D,0,S/D,S/D,S/D,0,S/D,S/D,S/D,0,S/D,S/D,S/D,0
115150,COROPUNA,AREQUIPA,CONDESUYOS,wrf5,pp,20260908,20261007,"00Z,12Z",D1,6h,S/D,S/D,S/D,0,S/D,S/D,S/D,0,S/D,S/D,S/D,0,S/D,S/D,S/D,0,S/D,S/D,S/D,0
115150,COROPUNA,AREQUIPA,CONDESUYOS,mpas15,pp,20260908,20261007,00Z,D1,6h,S/D,S/D,S/D,0,S/D,S/D,S/D,0,S/D,S/D,S/D,0,S/D,S/D,S/D,0,S/D,S/D,S/D,0
114119,VISCA VISCA,AREQUIPA,CONDESUYOS,ecmwf,pp,20260908,20261007,"00Z,12Z",D1,6h,0.05,0.674,0.574,226,0.941,0.5,0.485,34,0.688,0.542,0.379,16,0.0,S/D,0.0,2,S/D,S/D,S/D,0
114119,VISCA VISCA,AREQUIPA,CONDESUYOS,gfs,pp,20260908,20261007,"00Z,12Z",D1,6h,0.349,1.319,0.455,226,0.853,0.674,0.309,34,0.75,0.739,0.24,16,0.0,1.0,0.0,2,S/D,S/D,S/D,0
114119,VISCA VISCA,AREQUIPA,CONDESUYOS,eta5,pp,20260908,20261007,"00Z,12Z",D1,6h,0.67,1.756,0.539,184,0.844,0.571,0.397,32,0.938,0.667,0.326,16,1.0,0.857,0.143,2,S/D,S/D,S/D,0
114119,VISCA VISCA,AREQUIPA,CONDESUYOS,wrf5,pp,20260908,20261007,"00Z,12Z",D1,6h,0.3,1.912,0.452,223,0.613,0.596,0.322,31,0.4,0.714,0.2,15,0.5,0.857,0.125,2,S/D,S/D,S/D,0
114119,VISCA VISCA,AREQUIPA,CONDESUYOS,mpas15,pp,20260908,20261007,00Z,D1,6h,0.134,0.839,0.435,113,0.765,0.536,0.406,17,0.75,0.667,0.3,8,0.0,S/D,0.0,1,S/D,S/D,S/D,0
47280292,COTAHUASI,AREQUIPA,LA UNION,ecmwf,pp,20260908,20261007,"00Z,12Z",D1,6h,-0.279,2.817,0.029,150,0.25,0.913,0.069,8,0.0,1.0,0.0,6,0.0,S/D,0.0,4,S/D,S/D,S/D,0
47280292,COTAHUASI,AREQUIPA,LA UNION,gfs,pp,20260908,20261007,"00Z,12Z",D1,6h,-0.291,2.871,0.02,150,0.25,0.913,0.069,8,0.0,1.0,0.0,6,0.0,1.0,0.0,4,S/D,S/D,S/D,0
47280292,COTAHUASI,AREQUIPA,LA UNION,eta5,pp,20260908,20261007,"00Z,12Z",D1,6h,-0.213,3.289,0.156,121,0.25,0.867,0.095,8,0.0,1.0,0.0,6,0.0,1.0,0.0,4,S/D,S/D,S/D,0
47280292,COTAHUASI,AREQUIPA,LA UNION,wrf5,pp,20260908,20261007,"00Z,12Z",D1,6h,-0.388,2.829,0.11,146,0.125,0.889,0.062,8,0.0,1.0,0.0,6,0.0,S/D,0.0,4,S/D,S/D,S/D,0
47280292,COTAHUASI,AREQUIPA,LA UNION,mpas15,pp,20260908,20261007,00Z,D1,6h,-0.148,2.946,0.144,75,0.25,0.889,0.083,4,0.0,1.0,0.0,3,0.0,1.0,0.0,2,S/D,S/D,S/D,0
115151,CUYAU,AREQUIPA,LA UNION,ecmwf,pp,20260908,20261007,"00Z,12Z",D1,6h,0.265,0.861,0.352,234,S/D,1.0,0.0,0,S/D,1.0,0.0,0,S/D,1.0,0.0,0,S/D,S/D,S/D,0
115151,CUYAU,AREQUIPA,LA UNION,gfs,pp,20260908,20261007,"00Z,12Z",D1,6h,0.149,0.647,0.323,234,S/D,1.0,0.0,0,S/D,1.0,0.0,0,S/D,1.0,0.0,0,S/D,S/D,S/D,0
115151,CUYAU,AREQUIPA,LA UNION,eta5,pp,20260908,20261007,"00Z,12Z",D1,6h,0.38,1.215,0.269,190,S/D,1.0,0.0,0,S/D,1.0,0.0,0,S/D,1.0,0.0,0,S/D,S/D,S/D,0
115151,CUYAU,AREQUIPA,LA UNION,wrf5,pp,20260908,20261007,"00Z,12Z",D1,6h,0.072,0.447,0.352,231,S/D,1.0,0.0,0,S/D,1.0,0.0,0,S/D,1.0,0.0,0,S/D,S/D,S/D,0
115151,CUYAU,AREQUIPA,LA UNION,mpas15,pp,20260908,20261007,00Z,D1,6h,0.234,0.811,0.135,117,S/D,1.0,0.0,0,S/D,1.0,0.0,0,S/D,1.0,0.0,0,S/D,S/D,S/D,0
4729D600,PAMPA CANGALLO,AYACUCHO,CANGALLO,ecmwf,pp,20260908,20261007,"00Z,12Z",D1,6h,0.356,1.376,0.53,234,0.912,0.648,0.341,34,0.875,0.811,0.184,8,0.25,0.8,0.125,4,S/D,S/D,S/D,0
4729D600,PAMPA CANGALLO,AYACUCHO,CANGALLO,gfs,pp,20260908,20261007,"00Z,12Z",D1,6h,0.755,2.12,0.528,234,1.0,0.721,0.279,34,1.0,0.877,0.123,8,0.25,0.923,0.062,4,S/D,S/D,S/D,0
4729D600,PAMPA CANGALLO,AYACUCHO,CANGALLO,eta5,pp,20260908,20261007,"00Z,12Z",D1,6h,0.385,1.672,0.595,190,0.967,0.517,0.475,30,0.75,0.85,0.143,8,0.0,1.0,0.0,4,S/D,S/D,S/D,0
4729D600,PAMPA CANGALLO,AYACUCHO,CANGALLO,wrf5,pp,20260908,20261007,"00Z,12Z",D1,6h,0.232,1.444,0.549,230,0.727,0.489,0.429,33,0.857,0.76,0.231,7,0.25,0.875,0.091,4,S/D,S/D,S/D,0
4729D600,PAMPA CANGALLO,AYACUCHO,CANGALLO,mpas15,pp,20260908,20261007,00Z,D1,6h,0.635,2.102,0.495,117,0.824,0.622,0.35,17,1.0,0.857,0.143,4,0.0,1.0,0.0,2,S/D,S/D,S/D,0
113248,SANTA CRUZ DE HOSPICIO,AYACUCHO,CANGALLO,ecmwf,pp,20260908,20261007,"00Z,12Z",D1,6h,0.393,1.134,0.478,234,0.893,0.675,0.312,28,0.75,0.812,0.176,8,S/D,1.0,0.0,0,S/D,S/D,S/D,0
113248,SANTA CRUZ DE HOSPICIO,AYACUCHO,CANGALLO,gfs,pp,20260908,20261007,"00Z,12Z",D1,6h,0.67,1.623,0.458,234,0.893,0.719,0.272,28,1.0,0.833,0.167,8,S/D,1.0,0.0,0,S/D,S/D,S/D,0
113248,SANTA CRUZ DE HOSPICIO,AYACUCHO,CANGALLO,eta5,pp,20260908,20261007,"00Z,12Z",D1,6h,0.489,1.228,0.494,189,0.826,0.661,0.317,23,0.714,0.848,0.143,7,S/D,1.0,0.0,0,S/D,S/D,S/D,0
113248,SANTA CRUZ DE HOSPICIO,AYACUCHO,CANGALLO,wrf5,pp,20260908,20261007,"00Z,12Z",D1,6h,0.567,1.96,0.459,230,0.667,0.64,0.305,27,0.571,0.867,0.121,7,S/D,1.0,0.0,0,S/D,S/D,S/D,0
113248,SANTA CRUZ DE HOSPICIO,AYACUCHO,CANGALLO,mpas15,pp,20260908,20261007,00Z,D1,6h,0.673,1.967,0.446,117,0.857,0.636,0.343,14,1.0,0.833,0.167,4,S/D,1.0,0.0,0,S/D,S/D,S/D,0
250900,PUENTE PAMPAS GORE APU,AYACUCHO,HUAMANGA,ecmwf,pp,20260908,20261007,"00Z,12Z",D1,6h,0.518,1.362,0.373,236,0.938,0.853,0.146,16,0.9,0.727,0.265,10,S/D,1.0,0.0,0,S/D,S/D,S/D,0
250900,PUENTE PAMPAS GORE APU,AYACUCHO,HUAMANGA,gfs,pp,20260908,20261007,"00Z,12Z",D1,6h,0.647,1.245,0.316,236,0.875,0.899,0.1,16,1.0,0.808,0.192,10,S/D,1.0,0.0,0,S/D,S/D,S/D,0
250900,PUENTE PAMPAS GORE APU,AYACUCHO,HUAMANGA,eta5,pp,20260908,20261007,"00Z,12Z",D1,6h,1.643,3.54,0.338,191,0.929,0.833,0.165,14,0.889,0.862,0.136,9,S/D,1.0,0.0,0,S/D,S/D,S/D,0
250900,PUENTE PAMPAS GORE APU,AYACUCHO,HUAMANGA,wrf5,pp,20260908,20261007,"00Z,12Z",D1,6h,0.112,0.886,0.347,232,0.6,0.654,0.281,15,0.7,0.417,0.467,10,S/D,1.0,0.0,0,S/D,S/D,S/D,0
250900,PUENTE PAMPAS GORE APU,AYACUCHO,HUAMANGA,mpas15,pp,20260908,20261007,00Z,D1,6h,0.604,1.609,0.353,118,0.875,0.816,0.179,8,1.0,0.792,0.208,5,S/D,1.0,0.0,0,S/D,S/D,S/D,0
114122,CCONTACC,AYACUCHO,LUCANAS,ecmwf,pp,20260908,20261007,"00Z,12Z",D1,6h,0.286,0.941,0.264,236,1.0,0.893,0.107,6,S/D,1.0,0.0,0,S/D,1.0,0.0,0,S/D,S/D,S/D,0
114122,CCONTACC,AYACUCHO,LUCANAS,gfs,pp,20260908,20261007,"00Z,12Z",D1,6h,0.355,0.943,0.28,236,1.0,0.906,0.094,6,S/D,1.0,0.0,0,S/D,S/D,S/D,0,S/D,S/D,S/D,0
114122,CCONTACC,AYACUCHO,LUCANAS,eta5,pp,20260908,20261007,"00Z,12Z",D1,6h,0.144,0.546,0.311,191,0.6,0.875,0.115,5,S/D,1.0,0.0,0,S/D,S/D,S/D,0,S/D,S/D,S/D,0
114122,CCONTACC,AYACUCHO,LUCANAS,wrf5,pp,20260908,20261007,"00Z,12Z",D1,6h,0.331,1.324,0.316,233,1.0,0.846,0.154,6,S/D,1.0,0.0,0,S/D,1.0,0.0,0,S/D,S/D,S/D,0
114122,CCONTACC,AYACUCHO,LUCANAS,mpas15,pp,20260908,20261007,00Z,D1,6h,0.362,1.322,0.259,118,1.0,0.842,0.158,3,S/D,1.0,0.0,0,S/D,1.0,0.0,0,S/D,S/D,S/D,0
47290068,HUAC-HUAS,AYACUCHO,LUCANAS,ecmwf,pp,20260908,20261007,"00Z,12Z",D1,6h,-0.01,0.368,0.152,224,0.5,0.818,0.154,4,0.0,1.0,0.0,2,S/D,S/D,S/D,0,S/D,S/D,S/D,0
47290068,HUAC-HUAS,AYACUCHO,LUCANAS,gfs,pp,20260908,20261007,"00Z,12Z",D1,6h,-0.006,0.365,0.123,224,0.0,1.0,0.0,4,0.0,S/D,0.0,2,S/D,S/D,S/D,0,S/D,S/D,S/D,0
47290068,HUAC-HUAS,AYACUCHO,LUCANAS,eta5,pp,20260908,20261007,"00Z,12Z",D1,6h,-0.028,0.395,0.07,181,0.0,1.0,0.0,3,0.0,S/D,0.0,2,S/D,S/D,S/D,0,S/D,S/D,S/D,0
47290068,HUAC-HUAS,AYACUCHO,LUCANAS,wrf5,pp,20260908,20261007,"00Z,12Z",D1,6h,-0.01,0.379,-0.052,220,0.0,1.0,0.0,4,0.0,1.0,0.0,2,S/D,S/D,S/D,0,S/D,S/D,S/D,0
47290068,HUAC-HUAS,AYACUCHO,LUCANAS,mpas15,pp,20260908,20261007,00Z,D1,6h,0.136,0.661,0.058,112,0.5,0.923,0.071,2,0.0,1.0,0.0,1,S/D,S/D,S/D,0,S/D,S/D,S/D,0
114127,PAMPA GALERAS,AYACUCHO,LUCANAS,ecmwf,pp,20260908,20261007,"00Z,12Z",D1,6h,0.206,0.96,0.295,230,1.0,0.846,0.154,6,0.5,0.818,0.154,4,S/D,1.0,0.0,0,S/D,S/D,S/D,0
114127,PAMPA GALERAS,AYACUCHO,LUCANAS,gfs,pp,20260908,20261007,"00Z,12Z",D1,6h,0.14,0.752,0.315,230,0.667,0.879,0.114,6,0.25,0.923,0.062,4,S/D,1.0,0.0,0,S/D,S/D,S/D,0
114127,PAMPA GALERAS,AYACUCHO,LUCANAS,eta5,pp,20260908,20261007,"00Z,12Z",D1,6h,0.039,0.429,0.342,187,0.6,0.8,0.176,5,0.0,1.0,0.0,3,S/D,S/D,S/D,0,S/D,S/D,S/D,0
114127,PAMPA GALERAS,AYACUCHO,LUCANAS,wrf5,pp,20260908,20261007,"00Z,12Z",D1,6h,0.32,1.565,0.282,227,0.333,0.939,0.054,6,0.25,0.941,0.05,4,S/D,1.0,0.0,0,S/D,S/D,S/D,0
114127,PAMPA GALERAS,AYACUCHO,LUCANAS,mpas15,pp,20260908,20261007,00Z,D1,6h,0.303,1.132,0.268,115,1.0,0.842,0.158,3,1.0,0.857,0.143,2,S/D,1.0,0.0,0,S/D,S/D,S/D,0
114121,HURAY HUMA,AYACUCHO,PARINACOCHAS,ecmwf,pp,20260908,20261007,"00Z,12Z",D1,6h,0.401,1.163,S/D,174,S/D,1.0,0.0,0,S/D,1.0,0.0,0,S/D,1.0,0.0,0,S/D,S/D,S/D,0
114121,HURAY HUMA,AYACUCHO,PARINACOCHAS,gfs,pp,20260908,20261007,"00Z,12Z",D1,6h,0.541,1.419,S/D,174,S/D,1.0,0.0,0,S/D,1.0,0.0,0,S/D,1.0,0.0,0,S/D,S/D,S/D,0
114121,HURAY HUMA,AYACUCHO,PARINACOCHAS,eta5,pp,20260908,20261007,"00Z,12Z",D1,6h,0.325,1.083,S/D,135,S/D,1.0,0.0,0,S/D,1.0,0.0,0,S/D,1.0,0.0,0,S/D,S/D,S/D,0
114121,HURAY HUMA,AYACUCHO,PARINACOCHAS,wrf5,pp,20260908,20261007,"00Z,12Z",D1,6h,0.553,1.808,S/D,172,S/D,1.0,0.0,0,S/D,1.0,0.0,0,S/D,1.0,0.0,0,S/D,S/D,S/D,0
114121,HURAY HUMA,AYACUCHO,PARINACOCHAS,mpas15,pp,20260908,20261007,00Z,D1,6h,0.351,1.183,S/D,87,S/D,1.0,0.0,0,S/D,1.0,0.0,0,S/D,1.0,0.0,0,S/D,S/D,S/D,0
115155,PAUZA,AYACUCHO,PAUCAR DEL SARA SARA,ecmwf,pp,20260908,20261007,"00Z,12Z",D1,6h,S/D,S/D,S/D,0,S/D,S/D,S/D,0,S/D,S/D,S/D,0,S/D,S/D,S/D,0,S/D,S/D,S/D,0
115155,PAUZA,AYACUCHO,PAUCAR DEL SARA SARA,gfs,pp,20260908,20261007,"00Z,12Z",D1,6h,S/D,S/D,S/D,0,S/D,S/D,S/D,0,S/D,S/D,S/D,0,S/D,S/D,S/D,0,S/D,S/D,S/D,0
115155,PAUZA,AYACUCHO,PAUCAR DEL SARA SARA,eta5,pp,20260908,20261007,"00Z,12Z",D1,6h,S/D,S/D,S/D,0,S/D,S/D,S/D,0,S/D,S/D,S/D,0,S/D,S/D,S/D,0,S/D,S/D,S/D,0
115155,PAUZA,AYACUCHO,PAUCAR DEL SARA SARA,wrf5,pp,20260908,20261007,"00Z,12Z",D1,6h,S/D,S/D,S/D,0,S/D,S/D,S/D,0,S/D,S/D,S/D,0,S/D,S/D,S/D,0,S/D,S/D,S/D,0
115155,PAUZA,AYACUCHO,PAUCAR DEL SARA SARA,mpas15,pp,20260908,20261007,00Z,D1,6h,S/D,S/D,S/D,0,S/D,S/D,S/D,0,S/D,S/D,S/D,0,S/D,S/D,S/D,0,S/D,S/D,S/D,0
4725B27A,PAUCARAY,AYACUCHO,SUCRE,ecmwf,pp,20260908,20261007,"00Z,12Z",D1,6h,S/D,S/D,S/D,0,S/D,S/D,S/D,0,S/D,S/D,S/D,0,S/D,S/D,S/D,0,S/D,S/D,S/D,0
4725B27A,PAUCARAY,AYACUCHO,SUCRE,gfs,pp,20260908,20261007,"00Z,12Z",D1,6h,S/D,S/D,S/D,0,S/D,S/D,S/D,0,S/D,S/D,S/D,0,S/D,S/D,S/D,0,S/D,S/D,S/D,0
4725B27A,PAUCARAY,AYACUCHO,SUCRE,eta5,pp,20260908,20261007,"00Z,12Z",D1,6h,S/D,S/D,S/D,0,S/D,S/D,S/D,0,S/D,S/D,S/D,0,S/D,S/D,S/D,0,S/D,S/D,S/D,0
4725B27A,PAUCARAY,AYACUCHO,SUCRE,wrf5,pp,20260908,20261007,"00Z,12Z",D1,6h,S/D,S/D,S/D,0,S/D,S/D,S/D,0,S/D,S/D,S/D,0,S/D,S/D,S/D,0,S/D,S/D,S/D,0
4725B27A,PAUCARAY,AYACUCHO,SUCRE,mpas15,pp,20260908,20261007,00Z,D1,6h,S/D,S/D,S/D,0,S/D,S/D,S/D,0,S/D,S/D,S/D,0,S/D,S/D,S/D,0,S/D,S/D,S/D,0
4729F0EC,CAJABAMBA,CAJAMARCA,CAJABAMBA,ecmwf,pp,20260908,20261007,"00Z,12Z",D1,6h,0.347,1.935,0.25,234,0.9,0.927,0.073,10,0.667,0.879,0.114,6,0.5,0.857,0.125,2,S/D,S/D,S/D,0
4729F0EC,CAJABAMBA,CAJAMARCA,CAJABAMBA,gfs,pp,20260908,20261007,"00Z,12Z",D1,6h,0.24,1.99,0.204,234,0.9,0.908,0.091,10,0.5,0.909,0.083,6,0.0,1.0,0.0,2,S/D,S/D,S/D,0
4729F0EC,CAJABAMBA,CAJAMARCA,CAJABAMBA,eta5,pp,20260908,20261007,"00Z,12Z",D1,6h,0.353,1.717,0.137,190,0.833,0.938,0.061,6,0.5,0.933,0.062,4,0.0,1.0,0.0,1,S/D,S/D,S/D,0
4729F0EC,CAJABAMBA,CAJAMARCA,CAJABAMBA,wrf5,pp,20260908,20261007,"00Z,12Z",D1,6h,0.446,2.171,0.119,230,0.5,0.918,0.076,10,0.333,0.935,0.057,6,1.0,0.833,0.167,2,S/D,S/D,S/D,0
4729F0EC,CAJABAMBA,CAJAMARCA,CAJABAMBA,mpas15,pp,20260908,20261007,00Z,D1,6h,1.068,3.066,0.271,117,1.0,0.891,0.109,5,1.0,0.914,0.086,3,1.0,0.9,0.1,1,S/D,S/D,S/D,0
472A32FC,CRISNEJAS,CAJAMARCA,CAJABAMBA,ecmwf,pp,20260908,20261007,"00Z,12Z",D1,6h,0.548,1.355,S/D,234,S/D,1.0,0.0,0,S/D,1.0,0.0,0,S/D,1.0,0.0,0,S/D,S/D,S/D,0
472A32FC,CRISNEJAS,CAJAMARCA,CAJABAMBA,gfs,pp,20260908,20261007,"00Z,12Z",D1,6h,0.501,1.368,S/D,234,S/D,1.0,0.0,0,S/D,1.0,0.0,0,S/D,1.0,0.0,0,S/D,S/D,S/D,0
472A32FC,CRISNEJAS,CAJAMARCA,CAJABAMBA,eta5,pp,20260908,20261007,"00Z,12Z",D1,6h,1.161,2.629,S/D,189,S/D,1.0,0.0,0,S/D,1.0,0.0,0,S/D,1.0,0.0,0,S/D,S/D,S/D,0
472A32FC,CRISNEJAS,CAJAMARCA,CAJABAMBA,wrf5,pp,20260908,20261007,"00Z,12Z",D1,6h,0.427,1.627,S/D,230,S/D,1.0,0.0,0,S/D,1.0,0.0,0,S/D,1.0,0.0,0,S/D,S/D,S/D,0
472A32FC,CRISNEJAS,CAJAMARCA,CAJABAMBA,mpas15,pp,20260908,20261007,00Z,D1,6h,1.218,3.788,S/D,117,S/D,1.0,0.0,0,S/D,1.0,0.0,0,S/D,1.0,0.0,0,S/D,1.0,0.0,0
472645F0,UNC CAJAMARCA,CAJAMARCA,CAJAMARCA,ecmwf,pp,20260908,20261007,"00Z,12Z",D1,6h,0.165,2.237,0.165,224,0.54,0.5,0.351,100,0.273,0.867,0.098,22,0.0,1.0,0.0,6,S/D,S/D,S/D,0
472645F0,UNC CAJAMARCA,CAJAMARCA,CAJAMARCA,gfs,pp,20260908,20261007,"00Z,12Z",D1,6h,0.998,2.521,0.139,224,0.76,0.545,0.398,100,0.636,0.859,0.131,22,0.333,0.867,0.105,6,S/D,S/D,S/D,0
472645F0,UNC CAJAMARCA,CAJAMARCA,CAJAMARCA,eta5,pp,20260908,20261007,"00Z,12Z",D1,6h,0.514,2.364,0.118,183,0.429,0.478,0.308,84,0.421,0.843,0.129,19,0.4,0.867,0.111,5,S/D,S/D,S/D,0
472645F0,UNC CAJAMARCA,CAJAMARCA,CAJAMARCA,wrf5,pp,20260908,20261007,"00Z,12Z",D1,6h,-0.078,2.48,0.192,220,0.296,0.42,0.244,98,0.182,0.778,0.111,22,0.0,1.0,0.0,6,S/D,S/D,S/D,0
472645F0,UNC CAJAMARCA,CAJAMARCA,CAJAMARCA,mpas15,pp,20260908,20261007,00Z,D1,6h,1.171,3.769,0.137,112,0.48,0.415,0.358,50,0.364,0.889,0.093,11,0.333,0.95,0.045,3,S/D,S/D,S/D,0
472501F4,BALSAS,CAJAMARCA,CELENDIN,ecmwf,pp,20260908,20261007,"00Z,12Z",D1,6h,S/D,S/D,S/D,0,S/D,S/D,S/D,0,S/D,S/D,S/D,0,S/D,S/D,S/D,0,S/D,S/D,S/D,0
472501F4,BALSAS,CAJAMARCA,CELENDIN,gfs,pp,20260908,20261007,"00Z,12Z",D1,6h,S/D,S/D,S/D,0,S/D,S/D,S/D,0,S/D,S/D,S/D,0,S/D,S/D,S/D,0,S/D,S/D,S/D,0
472501F4,BALSAS,CAJAMARCA,CELENDIN,eta5,pp,20260908,20261007,"00Z,12Z",D1,6h,S/D,S/D,S/D,0,S/D,S/D,S/D,0,S/D,S/D,S/D,0,S/D,S/D,S/D,0,S/D,S/D,S/D,0
472501F4,BALSAS,CAJAMARCA,CELENDIN,wrf5,pp,20260908,20261007,"00Z,12Z",D1,6h,S/D,S/D,S/D,0,S/D,S/D,S/D,0,S/D,S/D,S/D,0,S/D,S/D,S/D,0,S/D,S/D,S/D,0
472501F4,BALSAS,CAJAMARCA,CELENDIN,mpas15,pp,20260908,20261007,00Z,D1,6h,S/D,S/D,S/D,0,S/D,S/D,S/D,0,S/D,S/D,S/D,0,S/D,S/D,S/D,0,S/D,S/D,S/D,0
4726631C,CELENDIN,CAJAMARCA,CELENDIN,ecmwf,pp,20260908,20261007,"00Z,12Z",D1,6h,0.862,1.881,0.115,220,0.833,0.894,0.103,18,S/D,1.0,0.0,0,S/D,1.0,0.0,0,S/D,S/D,S/D,0
4726631C,CELENDIN,CAJAMARCA,CELENDIN,gfs,pp,20260908,20261007,"00Z,12Z",D1,6h,1.148,1.962,0.101,220,1.0,0.899,0.101,18,S/D,1.0,0.0,0,S/D,1.0,0.0,0,S/D,S/D,S/D,0
4726631C,CELENDIN,CAJAMARCA,CELENDIN,eta5,pp,20260908,20261007,"00Z,12Z",D1,6h,0.345,0.97,0.136,176,0.545,0.891,0.1,11,S/D,1.0,0.0,0,S/D,1.0,0.0,0,S/D,S/D,S/D,0
4726631C,CELENDIN,CAJAMARCA,CELENDIN,wrf5,pp,20260908,20261007,"00Z,12Z",D1,6h,0.671,2.945,-0.036,216,0.278,0.907,0.075,18,S/D,1.0,0.0,0,S/D,1.0,0.0,0,S/D,1.0,0.0,0
4726631C,CELENDIN,CAJAMARCA,CELENDIN,mpas15,pp,20260908,20261007,00Z,D1,6h,1.277,2.616,0.045,110,0.556,0.9,0.093,9,S/D,1.0,0.0,0,S/D,1.0,0.0,0,S/D,S/D,S/D,0
4726C3E4,CHOTA,CAJAMARCA,CHOTA,ecmwf,pp,20260908,20261007,"00Z,12Z",D1,6h,0.822,4.117,0.207,210,0.794,0.824,0.169,34,0.7,0.803,0.182,20,0.125,0.933,0.045,8,0.0,S/D,0.0,2
4726C3E4,CHOTA,CAJAMARCA,CHOTA,gfs,pp,20260908,20261007,"00Z,12Z",D1,6h,0.435,3.226,0.202,210,0.941,0.819,0.179,34,0.6,0.826,0.156,20,0.125,0.9,0.059,8,0.0,S/D,0.0,2
4726C3E4,CHOTA,CAJAMARCA,CHOTA,eta5,pp,20260908,20261007,"00Z,12Z",D1,6h,0.15,3.854,0.16,170,0.643,0.778,0.198,28,0.438,0.821,0.146,16,0.0,1.0,0.0,6,0.0,S/D,0.0,2
4726C3E4,CHOTA,CAJAMARCA,CHOTA,wrf5,pp,20260908,20261007,"00Z,12Z",D1,6h,-0.122,4.162,0.042,206,0.206,0.854,0.093,34,0.25,0.688,0.161,20,0.0,1.0,0.0,8,0.0,1.0,0.0,2
4726C3E4,CHOTA,CAJAMARCA,CHOTA,mpas15,pp,20260908,20261007,00Z,D1,6h,1.49,4.6,0.177,105,0.647,0.792,0.186,17,0.6,0.867,0.122,10,0.5,0.857,0.125,4,0.0,1.0,0.0,1
47E94706,HUAMBOS,CAJAMARCA,CHOTA,ecmwf,pp,20260908,20261007,"00Z,12Z",D1,6h,1.09,2.488,0.142,234,0.825,0.771,0.219,40,0.75,0.91,0.087,8,1.0,0.882,0.118,2,S/D,S/D,S/D,0
47E94706,HUAMBOS,CAJAMARCA,CHOTA,gfs,pp,20260908,20261007,"00Z,12Z",D1,6h,0.63,1.69,0.227,234,0.675,0.777,0.201,40,0.625,0.878,0.114,8,0.0,1.0,0.0,2,S/D,S/D,S/D,0
47E94706,HUAMBOS,CAJAMARCA,CHOTA,eta5,pp,20260908,20261007,"00Z,12Z",D1,6h,0.674,2.178,0.086,190,0.5,0.787,0.176,32,0.286,0.947,0.047,7,0.0,1.0,0.0,1,S/D,S/D,S/D,0
47E94706,HUAMBOS,CAJAMARCA,CHOTA,wrf5,pp,20260908,20261007,"00Z,12Z",D1,6h,0.034,0.823,0.257,231,0.3,0.625,0.2,40,0.25,0.875,0.091,8,0.0,S/D,0.0,2,S/D,S/D,S/D,0
47E94706,HUAMBOS,CAJAMARCA,CHOTA,mpas15,pp,20260908,20261007,00Z,D1,6h,1.6,3.454,0.083,117,0.45,0.824,0.145,20,0.75,0.927,0.071,4,1.0,0.941,0.059,1,S/D,S/D,S/D,0
47E35522,LA MUCHALA,CAJAMARCA,CHOTA,ecmwf,pp,20260908,20261007,"00Z,12Z",D1,6h,0.475,1.027,0.116,36,0.562,0.625,0.29,16,1.0,0.778,0.222,2,S/D,S/D,S/D,0,S/D,S/D,S/D,0
47E35522,LA MUCHALA,CAJAMARCA,CHOTA,gfs,pp,20260908,20261007,"00Z,12Z",D1,6h,0.656,1.426,0.255,36,0.625,0.545,0.357,16,1.0,0.778,0.222,2,S/D,1.0,0.0,0,S/D,S/D,S/D,0
47E35522,LA MUCHALA,CAJAMARCA,CHOTA,eta5,pp,20260908,20261007,"00Z,12Z",D1,6h,2.373,4.339,0.5,32,0.733,0.5,0.423,15,1.0,0.882,0.118,2,S/D,1.0,0.0,0,S/D,S/D,S/D,0
47E35522,LA MUCHALA,CAJAMARCA,CHOTA,wrf5,pp,20260908,20261007,"00Z,12Z",D1,6h,0.131,1.437,0.515,36,0.312,0.286,0.278,16,0.5,0.5,0.333,2,S/D,1.0,0.0,0,S/D,S/D,S/D,0
47E35522,LA MUCHALA,CAJAMARCA,CHOTA,mpas15,pp,20260908,20261007,00Z,D1,6h,0.494,1.134,0.26,18,0.5,0.556,0.308,8,1.0,0.857,0.143,1,S/D,S/D,S/D,0,S/D,S/D,S/D,0
47E1D6C2,PUENTE SAN CARLOS,CAJAMARCA,CHOTA,ecmwf,pp,20260908,20261007,"00Z,12Z",D1,6h,0.395,1.083,-0.053,232,0.375,0.919,0.071,24,0.0,1.0,0.0,6,S/D,1.0,0.0,0,S/D,S/D,S/D,0
47E1D6C2,PUENTE SAN CARLOS,CAJAMARCA,CHOTA,gfs,pp,20260908,20261007,"00Z,12Z",D1,6h,0.346,0.996,0.017,232,0.417,0.895,0.092,24,0.0,1.0,0.0,6,S/D,1.0,0.0,0,S/D,S/D,S/D,0
47E1D6C2,PUENTE SAN CARLOS,CAJAMARCA,CHOTA,eta5,pp,20260908,20261007,"00Z,12Z",D1,6h,0.783,2.027,-0.01,189,0.381,0.89,0.093,21,0.0,1.0,0.0,4,S/D,1.0,0.0,0,S/D,S/D,S/D,0
47E1D6C2,PUENTE SAN CARLOS,CAJAMARCA,CHOTA,wrf5,pp,20260908,20261007,"00Z,12Z",D1,6h,-0.052,0.369,0.077,228,0.042,0.947,0.024,24,0.0,1.0,0.0,6,S/D,S/D,S/D,0,S/D,S/D,S/D,0
47E1D6C2,PUENTE SAN CARLOS,CAJAMARCA,CHOTA,mpas15,pp,20260908,20261007,00Z,D1,6h,0.151,0.745,-0.1,116,0.083,0.952,0.031,12,0.0,1.0,0.0,3,S/D,S/D,S/D,0,S/D,S/D,S/D,0
47E1F02E,TUNEL CHOTANO,CAJAMARCA,CHOTA,ecmwf,pp,20260908,20261007,"00Z,12Z",D1,6h,1.579,3.58,-0.036,234,0.673,0.801,0.181,52,1.0,0.95,0.05,4,0.0,1.0,0.0,2,S/D,S/D,S/D,0
47E1F02E,TUNEL CHOTANO,CAJAMARCA,CHOTA,gfs,pp,20260908,20261007,"00Z,12Z",D1,6h,1.091,2.053,0.178,234,0.846,0.774,0.217,52,1.0,0.948,0.052,4,0.0,1.0,0.0,2,S/D,S/D,S/D,0
47E1F02E,TUNEL CHOTANO,CAJAMARCA,CHOTA,eta5,pp,20260908,20261007,"00Z,12Z",D1,6h,1.084,2.72,0.059,189,0.595,0.761,0.206,37,1.0,0.943,0.057,3,0.0,1.0,0.0,2,S/D,S/D,S/D,0
47E1F02E,TUNEL CHOTANO,CAJAMARCA,CHOTA,wrf5,pp,20260908,20261007,"00Z,12Z",D1,6h,0.724,3.391,0.113,230,0.327,0.73,0.173,52,0.25,0.971,0.027,4,0.0,1.0,0.0,2,S/D,1.0,0.0,0
47E1F02E,TUNEL CHOTANO,CAJAMARCA,CHOTA,mpas15,pp,20260908,20261007,00Z,D1,6h,2.062,4.668,0.118,117,0.538,0.741,0.212,26,1.0,0.956,0.044,2,0.0,1.0,0.0,1,S/D,S/D,S/D,0
472C92CA,CASCABAMBA,CAJAMARCA,CONTUMAZA,ecmwf,pp,20260908,20261007,"00Z,12Z",D1,6h,0.481,1.651,0.166,236,0.625,0.788,0.188,40,0.167,0.972,0.024,6,0.0,1.0,0.0,2,S/D,S/D,S/D,0
472C92CA,CASCABAMBA,CAJAMARCA,CONTUMAZA,gfs,pp,20260908,20261007,"00Z,12Z",D1,6h,0.191,0.715,0.185,236,0.6,0.788,0.186,40,0.333,0.882,0.095,6,0.0,S/D,0.0,2,S/D,S/D,S/D,0
472C92CA,CASCABAMBA,CAJAMARCA,CONTUMAZA,eta5,pp,20260908,20261007,"00Z,12Z",D1,6h,-0.079,0.425,0.154,191,0.103,0.4,0.097,29,0.0,S/D,0.0,3,0.0,S/D,0.0,1,S/D,S/D,S/D,0
472C92CA,CASCABAMBA,CAJAMARCA,CONTUMAZA,wrf5,pp,20260908,20261007,"00Z,12Z",D1,6h,1.364,3.616,0.208,233,0.575,0.736,0.221,40,0.667,0.929,0.069,6,0.0,1.0,0.0,2,S/D,S/D,S/D,0
472C92CA,CASCABAMBA,CAJAMARCA,CONTUMAZA,mpas15,pp,20260908,20261007,00Z,D1,6h,1.104,2.834,0.204,118,0.55,0.75,0.208,20,0.667,0.939,0.059,3,0.0,1.0,0.0,1,S/D,S/D,S/D,0
472C81BC,GUZMANGO,CAJAMARCA,CONTUMAZA,ecmwf,pp,20260908,20261007,"00Z,12Z",D1,6h,0.103,1.649,0.262,234,0.714,0.844,0.147,14,0.333,0.889,0.091,6,0.0,1.0,0.0,2,S/D,S/D,S/D,0
472C81BC,GUZMANGO,CAJAMARCA,CONTUMAZA,gfs,pp,20260908,20261007,"00Z,12Z",D1,6h,-0.112,1.276,0.389,234,0.786,0.732,0.25,14,0.0,1.0,0.0,6,0.0,S/D,0.0,2,S/D,S/D,S/D,0
472C81BC,GUZMANGO,CAJAMARCA,CONTUMAZA,eta5,pp,20260908,20261007,"00Z,12Z",D1,6h,-0.029,1.088,0.253,189,0.545,0.714,0.231,11,0.25,0.833,0.111,4,0.0,S/D,0.0,1,S/D,S/D,S/D,0
472C81BC,GUZMANGO,CAJAMARCA,CONTUMAZA,wrf5,pp,20260908,20261007,"00Z,12Z",D1,6h,-0.021,1.632,0.304,231,0.429,0.667,0.231,14,0.333,0.6,0.222,6,0.0,1.0,0.0,2,S/D,S/D,S/D,0
472C81BC,GUZMANGO,CAJAMARCA,CONTUMAZA,mpas15,pp,20260908,20261007,00Z,D1,6h,0.496,1.824,0.021,117,0.429,0.923,0.07,7,0.667,0.931,0.067,3,0.0,1.0,0.0,1,S/D,S/D,S/D,0
4727470A,PUENTE CHILETE,CAJAMARCA,CONTUMAZA,ecmwf,pp,20260908,20261007,"00Z,12Z",D1,6h,1.035,2.387,0.026,224,0.833,0.96,0.04,6,0.0,1.0,0.0,4,S/D,1.0,0.0,0,S/D,S/D,S/D,0
4727470A,PUENTE CHILETE,CAJAMARCA,CONTUMAZA,gfs,pp,20260908,20261007,"00Z,12Z",D1,6h,1.249,2.27,0.078,224,0.833,0.97,0.03,6,0.5,0.975,0.024,4,S/D,1.0,0.0,0,S/D,S/D,S/D,0
4727470A,PUENTE CHILETE,CAJAMARCA,CONTUMAZA,eta5,pp,20260908,20261007,"00Z,12Z",D1,6h,2.081,4.184,0.217,182,1.0,0.958,0.042,4,1.0,0.971,0.029,2,S/D,1.0,0.0,0,S/D,S/D,S/D,0
4727470A,PUENTE CHILETE,CAJAMARCA,CONTUMAZA,wrf5,pp,20260908,20261007,"00Z,12Z",D1,6h,0.047,0.363,0.198,220,0.167,0.938,0.048,6,0.25,0.833,0.111,4,S/D,S/D,S/D,0,S/D,S/D,S/D,0
4727470A,PUENTE CHILETE,CAJAMARCA,CONTUMAZA,mpas15,pp,20260908,20261007,00Z,D1,6h,1.913,4.107,-0.017,112,0.667,0.959,0.04,3,0.0,1.0,0.0,2,S/D,1.0,0.0,0,S/D,S/D,S/D,0
4726E508,YONAN GORE,CAJAMARCA,CONTUMAZA,ecmwf,pp,20260908,20261007,"00Z,12Z",D1,6h,0.375,1.27,0.017,226,0.5,0.961,0.038,6,0.0,1.0,0.0,4,S/D,1.0,0.0,0,S/D,S/D,S/D,0
4726E508,YONAN GORE,CAJAMARCA,CONTUMAZA,gfs,pp,20260908,20261007,"00Z,12Z",D1,6h,0.221,0.553,0.09,226,0.667,0.956,0.043,6,0.0,1.0,0.0,4,S/D,S/D,S/D,0,S/D,S/D,S/D,0
4726E508,YONAN GORE,CAJAMARCA,CONTUMAZA,eta5,pp,20260908,20261007,"00Z,12Z",D1,6h,0.235,0.94,-0.098,183,0.0,1.0,0.0,5,0.0,1.0,0.0,3,S/D,1.0,0.0,0,S/D,S/D,S/D,0
4726E508,YONAN GORE,CAJAMARCA,CONTUMAZA,wrf5,pp,20260908,20261007,"00Z,12Z",D1,6h,-0.002,0.19,0.198,222,0.167,0.929,0.053,6,0.0,S/D,0.0,4,S/D,S/D,S/D,0,S/D,S/D,S/D,0
4726E508,YONAN GORE,CAJAMARCA,CONTUMAZA,mpas15,pp,20260908,20261007,00Z,D1,6h,0.222,0.982,-0.135,113,0.0,1.0,0.0,3,0.0,1.0,0.0,2,S/D,1.0,0.0,0,S/D,S/D,S/D,0
472B3006,CUMBA,CAJAMARCA,CUTERVO,ecmwf,pp,20260908,20261007,"00Z,12Z",D1,6h,0.219,3.581,0.264,228,0.933,0.786,0.211,30,0.167,0.955,0.037,12,0.0,1.0,0.0,4,0.0,S/D,0.0,2
472B3006,CUMBA,CAJAMARCA,CUTERVO,gfs,pp,20260908,20261007,"00Z,12Z",D1,6h,0.079,3.407,0.23,228,0.767,0.802,0.187,30,0.167,0.957,0.035,12,0.0,1.0,0.0,4,0.0,S/D,0.0,2
472B3006,CUMBA,CAJAMARCA,CUTERVO,eta5,pp,20260908,20261007,"00Z,12Z",D1,6h,1.852,4.445,0.173,183,0.846,0.833,0.162,26,0.6,0.935,0.062,10,0.0,1.0,0.0,2,0.0,S/D,0.0,1
472B3006,CUMBA,CAJAMARCA,CUTERVO,wrf5,pp,20260908,20261007,"00Z,12Z",D1,6h,-0.445,3.325,0.074,224,0.033,0.938,0.022,30,0.0,1.0,0.0,12,0.0,1.0,0.0,4,0.0,S/D,0.0,2
472B3006,CUMBA,CAJAMARCA,CUTERVO,mpas15,pp,20260908,20261007,00Z,D1,6h,1.647,4.638,0.286,114,0.867,0.819,0.176,15,1.0,0.902,0.098,6,0.5,0.933,0.062,2,0.0,S/D,0.0,1
4726A602,CUTERVO,CAJAMARCA,CUTERVO,ecmwf,pp,20260908,20261007,"00Z,12Z",D1,6h,1.171,3.066,0.148,188,0.885,0.84,0.156,26,0.5,0.882,0.105,16,1.0,0.833,0.167,2,S/D,S/D,S/D,0
4726A602,CUTERVO,CAJAMARCA,CUTERVO,gfs,pp,20260908,20261007,"00Z,12Z",D1,6h,0.785,2.177,0.205,188,0.962,0.843,0.156,26,0.5,0.877,0.11,16,1.0,0.75,0.25,2,S/D,S/D,S/D,0
4726A602,CUTERVO,CAJAMARCA,CUTERVO,eta5,pp,20260908,20261007,"00Z,12Z",D1,6h,-0.108,2.403,0.135,158,0.458,0.792,0.167,24,0.067,0.909,0.04,15,0.0,1.0,0.0,2,S/D,S/D,S/D,0
4726A602,CUTERVO,CAJAMARCA,CUTERVO,wrf5,pp,20260908,20261007,"00Z,12Z",D1,6h,0.067,1.996,0.214,184,0.308,0.75,0.16,26,0.375,0.667,0.214,16,0.5,0.857,0.125,2,S/D,S/D,S/D,0
4726A602,CUTERVO,CAJAMARCA,CUTERVO,mpas15,pp,20260908,20261007,00Z,D1,6h,1.217,3.313,0.237,94,0.846,0.78,0.212,13,0.75,0.824,0.167,8,1.0,0.909,0.091,1,S/D,S/D,S/D,0
4726D092,BAMBAMARCA H,CAJAMARCA,HUALGAYOC,ecmwf,pp,20260908,20261007,"00Z,12Z",D1,6h,0.661,1.812,0.338,100,0.833,0.815,0.179,12,0.5,0.833,0.143,6,S/D,1.0,0.0,0,S/D,S/D,S/D,0
4726D092,BAMBAMARCA H,CAJAMARCA,HUALGAYOC,gfs,pp,20260908,20261007,"00Z,12Z",D1,6h,0.614,1.16,0.246,100,1.0,0.829,0.171,12,0.5,0.88,0.107,6,S/D,S/D,S/D,0,S/D,S/D,S/D,0
4726D092,BAMBAMARCA H,CAJAMARCA,HUALGAYOC,eta5,pp,20260908,20261007,"00Z,12Z",D1,6h,0.026,0.767,0.108,91,0.167,0.846,0.087,12,0.0,1.0,0.0,6,S/D,1.0,0.0,0,S/D,S/D,S/D,0
4726D092,BAMBAMARCA H,CAJAMARCA,HUALGAYOC,wrf5,pp,20260908,20261007,"00Z,12Z",D1,6h,-0.011,0.592,0.141,96,0.273,0.786,0.136,11,0.0,1.0,0.0,6,S/D,S/D,S/D,0,S/D,S/D,S/D,0
4726D092,BAMBAMARCA H,CAJAMARCA,HUALGAYOC,mpas15,pp,20260908,20261007,00Z,D1,6h,1.128,2.779,0.239,50,0.833,0.773,0.217,6,0.667,0.9,0.095,3,S/D,1.0,0.0,0,S/D,S/D,S/D,0
472680EE,BAMBAMARCA M,CAJAMARCA,HUALGAYOC,ecmwf,pp,20260908,20261007,"00Z,12Z",D1,6h,0.99,2.622,0.318,226,0.889,0.758,0.235,36,0.5,0.873,0.113,14,0.0,1.0,0.0,4,S/D,S/D,S/D,0
472680EE,BAMBAMARCA M,CAJAMARCA,HUALGAYOC,gfs,pp,20260908,20261007,"00Z,12Z",D1,6h,1.324,2.826,0.239,226,0.944,0.814,0.184,36,0.571,0.918,0.078,14,0.0,1.0,0.0,4,S/D,S/D,S/D,0
472680EE,BAMBAMARCA M,CAJAMARCA,HUALGAYOC,eta5,pp,20260908,20261007,"00Z,12Z",D1,6h,0.745,2.033,0.073,183,0.536,0.812,0.161,28,0.333,0.939,0.055,9,0.0,1.0,0.0,2,S/D,S/D,S/D,0
472680EE,BAMBAMARCA M,CAJAMARCA,HUALGAYOC,wrf5,pp,20260908,20261007,"00Z,12Z",D1,6h,0.368,2.163,0.191,222,0.5,0.727,0.214,36,0.214,0.889,0.079,14,0.0,1.0,0.0,4,S/D,S/D,S/D,0
472680EE,BAMBAMARCA M,CAJAMARCA,HUALGAYOC,mpas15,pp,20260908,20261007,00Z,D1,6h,1.481,3.365,0.136,113,0.667,0.786,0.194,18,0.571,0.915,0.08,7,0.0,1.0,0.0,2,S/D,S/D,S/D,0
4727F484,CHUGUR,CAJAMARCA,HUALGAYOC,ecmwf,pp,20260908,20261007,"00Z,12Z",D1,6h,2.033,3.547,S/D,230,S/D,1.0,0.0,0,S/D,1.0,0.0,0,S/D,1.0,0.0,0,S/D,S/D,S/D,0
4727F484,CHUGUR,CAJAMARCA,HUALGAYOC,gfs,pp,20260908,20261007,"00Z,12Z",D1,6h,2.073,4.548,S/D,230,S/D,1.0,0.0,0,S/D,1.0,0.0,0,S/D,1.0,0.0,0,S/D,1.0,0.0,0
4727F484,CHUGUR,CAJAMARCA,HUALGAYOC,eta5,pp,20260908,20261007,"00Z,12Z",D1,6h,1.368,3.069,S/D,187,S/D,1.0,0.0,0,S/D,1.0,0.0,0,S/D,1.0,0.0,0,S/D,S/D,S/D,0
4727F484,CHUGUR,CAJAMARCA,HUALGAYOC,wrf5,pp,20260908,20261007,"00Z,12Z",D1,6h,1.77,4.242,S/D,226,S/D,1.0,0.0,0,S/D,1.0,0.0,0,S/D,1.0,0.0,0,S/D,1.0,0.0,0
4727F484,CHUGUR,CAJAMARCA,HUALGAYOC,mpas15,pp,20260908,20261007,00Z,D1,6h,2.574,5.423,S/D,115,S/D,1.0,0.0,0,S/D,1.0,0.0,0,S/D,1.0,0.0,0,S/D,1.0,0.0,0
472A571A,HUALLAPE,CAJAMARCA,JAEN,ecmwf,pp,20260908,20261007,"00Z,12Z",D1,6h,0.924,2.357,0.208,234,0.875,0.87,0.127,24,0.5,0.952,0.045,6,0.0,1.0,0.0,2,S/D,S/D,S/D,0
472A571A,HUALLAPE,CAJAMARCA,JAEN,gfs,pp,20260908,20261007,"00Z,12Z",D1,6h,0.198,0.865,0.22,234,0.667,0.822,0.163,24,0.667,0.84,0.148,6,0.0,S/D,0.0,2,S/D,S/D,S/D,0
472A571A,HUALLAPE,CAJAMARCA,JAEN,eta5,pp,20260908,20261007,"00Z,12Z",D1,6h,1.429,2.782,0.158,189,0.647,0.889,0.105,17,1.0,0.921,0.079,5,1.0,0.95,0.05,1,S/D,S/D,S/D,0
472A571A,HUALLAPE,CAJAMARCA,JAEN,wrf5,pp,20260908,20261007,"00Z,12Z",D1,6h,0.037,1.363,0.157,230,0.083,0.875,0.053,24,0.0,1.0,0.0,6,0.0,1.0,0.0,2,S/D,S/D,S/D,0
472A571A,HUALLAPE,CAJAMARCA,JAEN,mpas15,pp,20260908,20261007,00Z,D1,6h,0.799,2.531,0.161,117,0.583,0.841,0.143,12,0.667,0.941,0.057,3,0.0,1.0,0.0,1,S/D,S/D,S/D,0
47269398,JAEN,CAJAMARCA,JAEN,ecmwf,pp,20260908,20261007,"00Z,12Z",D1,6h,0.459,1.127,0.283,218,0.75,0.844,0.149,20,0.5,0.9,0.091,8,S/D,1.0,0.0,0,S/D,S/D,S/D,0
47269398,JAEN,CAJAMARCA,JAEN,gfs,pp,20260908,20261007,"00Z,12Z",D1,6h,0.354,0.859,0.232,218,0.75,0.844,0.149,20,0.375,0.912,0.077,8,S/D,1.0,0.0,0,S/D,S/D,S/D,0
47269398,JAEN,CAJAMARCA,JAEN,eta5,pp,20260908,20261007,"00Z,12Z",D1,6h,2.595,4.107,0.09,175,0.75,0.903,0.094,16,0.6,0.97,0.03,5,S/D,1.0,0.0,0,S/D,S/D,S/D,0
47269398,JAEN,CAJAMARCA,JAEN,wrf5,pp,20260908,20261007,"00Z,12Z",D1,6h,-0.055,0.347,0.12,214,0.15,0.727,0.107,20,0.0,S/D,0.0,8,S/D,S/D,S/D,0,S/D,S/D,S/D,0
47269398,JAEN,CAJAMARCA,JAEN,mpas15,pp,20260908,20261007,00Z,D1,6h,1.943,3.652,0.235,109,0.9,0.857,0.141,10,1.0,0.922,0.078,4,S/D,1.0,0.0,0,S/D,S/D,S/D,0
105136,SAUZAL,CAJAMARCA,JAEN,ecmwf,pp,20260908,20261007,"00Z,12Z",D1,6h,0.929,2.461,0.165,234,0.8,0.922,0.076,10,0.5,0.964,0.035,4,S/D,1.0,0.0,0,S/D,S/D,S/D,0
105136,SAUZAL,CAJAMARCA,JAEN,gfs,pp,20260908,20261007,"00Z,12Z",D1,6h,1.0,2.666,0.221,234,0.9,0.929,0.071,10,0.5,0.967,0.032,4,S/D,1.0,0.0,0,S/D,1.0,0.0,0
105136,SAUZAL,CAJAMARCA,JAEN,eta5,pp,20260908,20261007,"00Z,12Z",D1,6h,0.968,2.771,0.044,191,0.5,0.94,0.056,8,0.0,1.0,0.0,3,S/D,1.0,0.0,0,S/D,S/D,S/D,0
105136,SAUZAL,CAJAMARCA,JAEN,wrf5,pp,20260908,20261007,"00Z,12Z",D1,6h,0.052,0.862,0.125,230,0.1,0.929,0.043,10,0.0,1.0,0.0,4,S/D,1.0,0.0,0,S/D,S/D,S/D,0
105136,SAUZAL,CAJAMARCA,JAEN,mpas15,pp,20260908,20261007,00Z,D1,6h,0.824,1.962,0.208,117,0.8,0.892,0.105,5,0.5,0.968,0.031,2,S/D,1.0,0.0,0,S/D,S/D,S/D,0
4725E206,SAN MARCOS,CAJAMARCA,SAN MARCOS,ecmwf,pp,20260908,20261007,"00Z,12Z",D1,6h,0.554,2.248,0.183,226,0.7,0.883,0.111,20,0.333,0.943,0.051,6,0.0,1.0,0.0,4,S/D,S/D,S/D,0
4725E206,SAN MARCOS,CAJAMARCA,SAN MARCOS,gfs,pp,20260908,20261007,"00Z,12Z",D1,6h,0.982,2.264,0.234,226,1.0,0.879,0.121,20,0.833,0.94,0.059,6,0.0,1.0,0.0,4,S/D,S/D,S/D,0
4725E206,SAN MARCOS,CAJAMARCA,SAN MARCOS,eta5,pp,20260908,20261007,"00Z,12Z",D1,6h,0.309,1.924,0.178,185,0.647,0.836,0.151,17,0.167,0.971,0.026,6,0.0,1.0,0.0,4,S/D,S/D,S/D,0
4725E206,SAN MARCOS,CAJAMARCA,SAN MARCOS,wrf5,pp,20260908,20261007,"00Z,12Z",D1,6h,0.501,2.769,0.27,222,0.65,0.768,0.206,20,0.167,0.962,0.032,6,0.0,1.0,0.0,4,S/D,S/D,S/D,0
4725E206,SAN MARCOS,CAJAMARCA,SAN MARCOS,mpas15,pp,20260908,20261007,00Z,D1,6h,1.016,3.507,0.244,113,0.7,0.844,0.146,10,0.667,0.941,0.057,3,0.5,0.875,0.111,2,S/D,S/D,S/D,0
47E207A4,TONGOD,CAJAMARCA,SAN MIGUEL,ecmwf,pp,20260908,20261007,"00Z,12Z",D1,6h,0.922,3.437,0.368,230,0.75,0.623,0.335,80,0.786,0.776,0.212,28,0.75,0.667,0.3,16,S/D,S/D,S/D,0
47E207A4,TONGOD,CAJAMARCA,SAN MIGUEL,gfs,pp,20260908,20261007,"00Z,12Z",D1,6h,1.011,4.67,0.44,230,0.9,0.596,0.387,80,0.786,0.768,0.218,28,0.5,0.742,0.205,16,S/D,1.0,0.0,0
47E207A4,TONGOD,CAJAMARCA,SAN MIGUEL,eta5,pp,20260908,20261007,"00Z,12Z",D1,6h,-0.307,2.907,0.31,186,0.581,0.544,0.343,62,0.526,0.655,0.263,19,0.0,1.0,0.0,8,S/D,S/D,S/D,0
47E207A4,TONGOD,CAJAMARCA,SAN MIGUEL,wrf5,pp,20260908,20261007,"00Z,12Z",D1,6h,0.064,3.482,0.409,226,0.625,0.398,0.442,80,0.607,0.622,0.304,28,0.562,0.5,0.36,16,S/D,S/D,S/D,0
47E207A4,TONGOD,CAJAMARCA,SAN MIGUEL,mpas15,pp,20260908,20261007,00Z,D1,6h,1.213,3.744,0.406,115,0.625,0.5,0.385,40,0.786,0.761,0.224,14,0.75,0.739,0.24,8,S/D,S/D,S/D,0
47E1C5B4,CAÑAD,CAJAMARCA,SANTA CRUZ,ecmwf,pp,20260908,20261007,"00Z,12Z",D1,6h,1.688,3.461,0.038,226,0.875,0.953,0.047,8,S/D,1.0,0.0,0,S/D,1.0,0.0,0,S/D,S/D,S/D,0
47E1C5B4,CAÑAD,CAJAMARCA,SANTA CRUZ,gfs,pp,20260908,20261007,"00Z,12Z",D1,6h,1.655,3.222,0.186,226,1.0,0.953,0.047,8,S/D,1.0,0.0,0,S/D,1.0,0.0,0,S/D,S/D,S/D,0
47E1C5B4,CAÑAD,CAJAMARCA,SANTA CRUZ,eta5,pp,20260908,20261007,"00Z,12Z",D1,6h,1.303,2.69,0.15,186,1.0,0.949,0.051,5,S/D,1.0,0.0,0,S/D,1.0,0.0,0,S/D,S/D,S/D,0
47E1C5B4,CAÑAD,CAJAMARCA,SANTA CRUZ,wrf5,pp,20260908,20261007,"00Z,12Z",D1,6h,0.155,0.858,0.31,222,0.75,0.727,0.25,8,S/D,1.0,0.0,0,S/D,1.0,0.0,0,S/D,S/D,S/D,0
47E1C5B4,CAÑAD,CAJAMARCA,SANTA CRUZ,mpas15,pp,20260908,20261007,00Z,D1,6h,1.388,2.958,0.149,113,1.0,0.918,0.082,4,S/D,1.0,0.0,0,S/D,1.0,0.0,0,S/D,S/D,S/D,0
47E3055E,CHANCAY BAÑOS,CAJAMARCA,SANTA CRUZ,ecmwf,pp,20260908,20261007,"00Z,12Z",D1,6h,1.32,3.268,0.144,238,0.795,0.804,0.186,44,0.75,0.854,0.14,16,0.75,0.85,0.143,4,S/D,S/D,S/D,0
47E3055E,CHANCAY BAÑOS,CAJAMARCA,SANTA CRUZ,gfs,pp,20260908,20261007,"00Z,12Z",D1,6h,0.828,2.051,0.223,238,0.886,0.803,0.192,44,0.625,0.87,0.12,16,0.5,0.846,0.133,4,S/D,S/D,S/D,0
47E3055E,CHANCAY BAÑOS,CAJAMARCA,SANTA CRUZ,eta5,pp,20260908,20261007,"00Z,12Z",D1,6h,1.02,2.941,0.193,193,0.75,0.784,0.202,28,0.7,0.877,0.117,10,0.333,0.917,0.071,3,S/D,S/D,S/D,0
47E3055E,CHANCAY BAÑOS,CAJAMARCA,SANTA CRUZ,wrf5,pp,20260908,20261007,"00Z,12Z",D1,6h,0.224,2.976,0.22,234,0.364,0.652,0.216,44,0.375,0.778,0.162,16,0.0,1.0,0.0,4,S/D,1.0,0.0,0
47E3055E,CHANCAY BAÑOS,CAJAMARCA,SANTA CRUZ,mpas15,pp,20260908,20261007,00Z,D1,6h,1.406,3.366,0.127,119,0.5,0.788,0.175,22,0.625,0.881,0.111,8,0.5,0.941,0.056,2,S/D,S/D,S/D,0
47E1E358,PUENTE AMBAN,CAJAMARCA,SANTA CRUZ,ecmwf,pp,20260908,20261007,"00Z,12Z",D1,6h,0.9,2.647,0.082,236,0.605,0.841,0.144,38,0.833,0.851,0.145,12,0.667,0.765,0.211,6,S/D,S/D,S/D,0
47E1E358,PUENTE AMBAN,CAJAMARCA,SANTA CRUZ,gfs,pp,20260908,20261007,"00Z,12Z",D1,6h,0.438,1.975,0.356,236,0.816,0.744,0.242,38,0.833,0.756,0.233,12,0.0,1.0,0.0,6,S/D,S/D,S/D,0
47E1E358,PUENTE AMBAN,CAJAMARCA,SANTA CRUZ,eta5,pp,20260908,20261007,"00Z,12Z",D1,6h,1.515,3.756,0.186,191,0.72,0.833,0.157,25,0.75,0.919,0.079,8,0.25,0.955,0.04,4,S/D,S/D,S/D,0
47E1E358,PUENTE AMBAN,CAJAMARCA,SANTA CRUZ,wrf5,pp,20260908,20261007,"00Z,12Z",D1,6h,0.113,2.688,0.263,232,0.342,0.618,0.22,38,0.583,0.682,0.259,12,0.0,1.0,0.0,6,S/D,S/D,S/D,0
47E1E358,PUENTE AMBAN,CAJAMARCA,SANTA CRUZ,mpas15,pp,20260908,20261007,00Z,D1,6h,1.425,3.426,0.102,118,0.474,0.824,0.148,19,0.833,0.881,0.116,6,1.0,0.824,0.176,3,S/D,S/D,S/D,0
114132,POMACANCHI,CUSCO,ACOMAYO,ecmwf,pp,20260908,20261007,"00Z,12Z",D1,6h,0.282,0.846,0.419,236,0.833,0.701,0.282,24,0.333,0.938,0.056,6,S/D,1.0,0.0,0,S/D,S/D,S/D,0
114132,POMACANCHI,CUSCO,ACOMAYO,gfs,pp,20260908,20261007,"00Z,12Z",D1,6h,0.318,1.313,0.418,236,0.875,0.708,0.28,24,0.667,0.826,0.16,6,S/D,1.0,0.0,0,S/D,S/D,S/D,0
114132,POMACANCHI,CUSCO,ACOMAYO,eta5,pp,20260908,20261007,"00Z,12Z",D1,6h,0.343,1.274,0.495,192,0.739,0.653,0.309,23,0.833,0.792,0.2,6,S/D,1.0,0.0,0,S/D,S/D,S/D,0
114132,POMACANCHI,CUSCO,ACOMAYO,wrf5,pp,20260908,20261007,"00Z,12Z",D1,6h,0.176,1.245,0.46,232,0.542,0.567,0.317,24,0.167,0.9,0.067,6,S/D,1.0,0.0,0,S/D,S/D,S/D,0
114132,POMACANCHI,CUSCO,ACOMAYO,mpas15,pp,20260908,20261007,00Z,D1,6h,0.312,0.745,0.411,118,0.833,0.688,0.294,12,0.667,0.905,0.091,3,S/D,S/D,S/D,0,S/D,S/D,S/D,0
113252,ANCACHURO,CUSCO,ANTA,ecmwf,pp,20260908,20261007,"00Z,12Z",D1,6h,0.47,1.289,0.337,232,0.889,0.807,0.188,18,0.833,0.868,0.128,6,S/D,1.0,0.0,0,S/D,S/D,S/D,0
113252,ANCACHURO,CUSCO,ANTA,gfs,pp,20260908,20261007,"00Z,12Z",D1,6h,0.385,1.128,0.301,232,0.722,0.833,0.157,18,0.667,0.862,0.129,6,S/D,1.0,0.0,0,S/D,S/D,S/D,0
113252,ANCACHURO,CUSCO,ANTA,eta5,pp,20260908,20261007,"00Z,12Z",D1,6h,0.547,1.594,0.33,187,0.706,0.76,0.218,17,0.833,0.839,0.156,6,S/D,1.0,0.0,0,S/D,S/D,S/D,0
113252,ANCACHURO,CUSCO,ANTA,wrf5,pp,20260908,20261007,"00Z,12Z",D1,6h,0.091,0.599,0.379,228,0.556,0.722,0.227,18,0.167,0.875,0.077,6,S/D,1.0,0.0,0,S/D,S/D,S/D,0
113252,ANCACHURO,CUSCO,ANTA,mpas15,pp,20260908,20261007,00Z,D1,6h,0.38,0.891,0.216,116,0.667,0.812,0.171,9,0.667,0.917,0.08,3,S/D,S/D,S/D,0,S/D,S/D,S/D,0
47294362,SORAYPAMPA,CUSCO,ANTA,ecmwf,pp,20260908,20261007,"00Z,12Z",D1,6h,S/D,S/D,S/D,0,S/D,S/D,S/D,0,S/D,S/D,S/D,0,S/D,S/D,S/D,0,S/D,S/D,S/D,0
47294362,SORAYPAMPA,CUSCO,ANTA,gfs,pp,20260908,20261007,"00Z,12Z",D1,6h,S/D,S/D,S/D,0,S/D,S/D,S/D,0,S/D,S/D,S/D,0,S/D,S/D,S/D,0,S/D,S/D,S/D,0
47294362,SORAYPAMPA,CUSCO,ANTA,eta5,pp,20260908,20261007,"00Z,12Z",D1,6h,S/D,S/D,S/D,0,S/D,S/D,S/D,0,S/D,S/D,S/D,0,S/D,S/D,S/D,0,S/D,S/D,S/D,0
47294362,SORAYPAMPA,CUSCO,ANTA,wrf5,pp,20260908,20261007,"00Z,12Z",D1,6h,S/D,S/D,S/D,0,S/D,S/D,S/D,0,S/D,S/D,S/D,0,S/D,S/D,S/D,0,S/D,S/D,S/D,0
47294362,SORAYPAMPA,CUSCO,ANTA,mpas15,pp,20260908,20261007,00Z,D1,6h,S/D,S/D,S/D,0,S/D,S/D,S/D,0,S/D,S/D,S/D,0,S/D,S/D,S/D,0,S/D,S/D,S/D,0
472976F8,CALCA,CUSCO,CALCA,ecmwf,pp,20260908,20261007,"00Z,12Z",D1,6h,0.465,1.14,0.358,220,0.875,0.738,0.253,24,0.0,1.0,0.0,2,S/D,1.0,0.0,0,S/D,S/D,S/D,0
472976F8,CALCA,CUSCO,CALCA,gfs,pp,20260908,20261007,"00Z,12Z",D1,6h,0.613,1.304,0.342,220,0.917,0.814,0.183,24,0.0,1.0,0.0,2,S/D,1.0,0.0,0,S/D,S/D,S/D,0
472976F8,CALCA,CUSCO,CALCA,eta5,pp,20260908,20261007,"00Z,12Z",D1,6h,0.122,0.851,0.3,180,0.409,0.625,0.243,22,0.0,1.0,0.0,2,S/D,1.0,0.0,0,S/D,S/D,S/D,0
472976F8,CALCA,CUSCO,CALCA,wrf5,pp,20260908,20261007,"00Z,12Z",D1,6h,0.064,0.549,0.376,217,0.375,0.71,0.196,24,0.0,1.0,0.0,2,S/D,S/D,S/D,0,S/D,S/D,S/D,0
472976F8,CALCA,CUSCO,CALCA,mpas15,pp,20260908,20261007,00Z,D1,6h,0.408,0.996,0.317,110,0.75,0.71,0.265,12,1.0,0.958,0.042,1,S/D,S/D,S/D,0,S/D,S/D,S/D,0
472A6280,NUEVO PISAC,CUSCO,CALCA,ecmwf,pp,20260908,20261007,"00Z,12Z",D1,6h,S/D,S/D,S/D,0,S/D,S/D,S/D,0,S/D,S/D,S/D,0,S/D,S/D,S/D,0,S/D,S/D,S/D,0
472A6280,NUEVO PISAC,CUSCO,CALCA,gfs,pp,20260908,20261007,"00Z,12Z",D1,6h,S/D,S/D,S/D,0,S/D,S/D,S/D,0,S/D,S/D,S/D,0,S/D,S/D,S/D,0,S/D,S/D,S/D,0
472A6280,NUEVO PISAC,CUSCO,CALCA,eta5,pp,20260908,20261007,"00Z,12Z",D1,6h,S/D,S/D,S/D,0,S/D,S/D,S/D,0,S/D,S/D,S/D,0,S/D,S/D,S/D,0,S/D,S/D,S/D,0
472A6280,NUEVO PISAC,CUSCO,CALCA,wrf5,pp,20260908,20261007,"00Z,12Z",D1,6h,S/D,S/D,S/D,0,S/D,S/D,S/D,0,S/D,S/D,S/D,0,S/D,S/D,S/D,0,S/D,S/D,S/D,0
472A6280,NUEVO PISAC,CUSCO,CALCA,mpas15,pp,20260908,20261007,00Z,D1,6h,S/D,S/D,S/D,0,S/D,S/D,S/D,0,S/D,S/D,S/D,0,S/D,S/D,S/D,0,S/D,S/D,S/D,0
114126,PAYAPUNKU,CUSCO,CANAS,ecmwf,pp,20260908,20261007,"00Z,12Z",D1,6h,0.283,1.083,0.584,230,0.969,0.563,0.431,32,0.7,0.72,0.25,10,S/D,1.0,0.0,0,S/D,S/D,S/D,0
114126,PAYAPUNKU,CUSCO,CANAS,gfs,pp,20260908,20261007,"00Z,12Z",D1,6h,0.196,1.19,0.457,230,0.719,0.617,0.333,32,0.0,1.0,0.0,10,S/D,1.0,0.0,0,S/D,S/D,S/D,0
114126,PAYAPUNKU,CUSCO,CANAS,eta5,pp,20260908,20261007,"00Z,12Z",D1,6h,0.201,1.11,0.478,188,0.71,0.511,0.407,31,0.4,0.833,0.133,10,S/D,1.0,0.0,0,S/D,S/D,S/D,0
114126,PAYAPUNKU,CUSCO,CANAS,wrf5,pp,20260908,20261007,"00Z,12Z",D1,6h,0.161,1.651,0.418,227,0.4,0.647,0.231,30,0.0,1.0,0.0,9,S/D,1.0,0.0,0,S/D,S/D,S/D,0
114126,PAYAPUNKU,CUSCO,CANAS,mpas15,pp,20260908,20261007,00Z,D1,6h,0.276,1.032,0.433,115,0.812,0.519,0.433,16,0.6,0.842,0.143,5,S/D,1.0,0.0,0,S/D,S/D,S/D,0
114125,SAUSAYA,CUSCO,CANAS,ecmwf,pp,20260908,20261007,"00Z,12Z",D1,6h,0.366,1.13,0.421,230,0.944,0.767,0.23,18,0.5,0.893,0.097,6,S/D,1.0,0.0,0,S/D,S/D,S/D,0
114125,SAUSAYA,CUSCO,CANAS,gfs,pp,20260908,20261007,"00Z,12Z",D1,6h,0.295,1.186,0.326,230,0.778,0.774,0.212,18,0.333,0.905,0.08,6,S/D,1.0,0.0,0,S/D,S/D,S/D,0
114125,SAUSAYA,CUSCO,CANAS,eta5,pp,20260908,20261007,"00Z,12Z",D1,6h,0.782,2.064,0.368,187,0.882,0.754,0.238,17,0.6,0.929,0.068,5,S/D,1.0,0.0,0,S/D,S/D,S/D,0
114125,SAUSAYA,CUSCO,CANAS,wrf5,pp,20260908,20261007,"00Z,12Z",D1,6h,0.288,1.907,0.29,226,0.444,0.724,0.205,18,0.167,0.923,0.056,6,S/D,1.0,0.0,0,S/D,S/D,S/D,0
114125,SAUSAYA,CUSCO,CANAS,mpas15,pp,20260908,20261007,00Z,D1,6h,0.317,0.857,0.302,115,0.778,0.759,0.226,9,0.667,0.895,0.1,3,S/D,1.0,0.0,0,S/D,S/D,S/D,0
472E025C,QUISOQUEPINA,CUSCO,CANCHIS,ecmwf,pp,20260908,20261007,"00Z,12Z",D1,6h,S/D,S/D,S/D,0,S/D,S/D,S/D,0,S/D,S/D,S/D,0,S/D,S/D,S/D,0,S/D,S/D,S/D,0
472E025C,QUISOQUEPINA,CUSCO,CANCHIS,gfs,pp,20260908,20261007,"00Z,12Z",D1,6h,S/D,S/D,S/D,0,S/D,S/D,S/D,0,S/D,S/D,S/D,0,S/D,S/D,S/D,0,S/D,S/D,S/D,0
472E025C,QUISOQUEPINA,CUSCO,CANCHIS,eta5,pp,20260908,20261007,"00Z,12Z",D1,6h,S/D,S/D,S/D,0,S/D,S/D,S/D,0,S/D,S/D,S/D,0,S/D,S/D,S/D,0,S/D,S/D,S/D,0
472E025C,QUISOQUEPINA,CUSCO,CANCHIS,wrf5,pp,20260908,20261007,"00Z,12Z",D1,6h,S/D,S/D,S/D,0,S/D,S/D,S/D,0,S/D,S/D,S/D,0,S/D,S/D,S/D,0,S/D,S/D,S/D,0
472E025C,QUISOQUEPINA,CUSCO,CANCHIS,mpas15,pp,20260908,20261007,00Z,D1,6h,S/D,S/D,S/D,0,S/D,S/D,S/D,0,S/D,S/D,S/D,0,S/D,S/D,S/D,0,S/D,S/D,S/D,0
114118,SALCCA,CUSCO,CANCHIS,ecmwf,pp,20260908,20261007,"00Z,12Z",D1,6h,0.258,0.974,0.436,236,0.9,0.753,0.24,20,0.75,0.64,0.321,12,S/D,1.0,0.0,0,S/D,S/D,S/D,0
114118,SALCCA,CUSCO,CANCHIS,gfs,pp,20260908,20261007,"00Z,12Z",D1,6h,0.126,0.724,0.427,236,0.9,0.71,0.281,20,0.583,0.611,0.304,12,S/D,1.0,0.0,0,S/D,S/D,S/D,0
114118,SALCCA,CUSCO,CANCHIS,eta5,pp,20260908,20261007,"00Z,12Z",D1,6h,0.489,1.601,0.48,191,0.85,0.696,0.288,20,0.917,0.656,0.333,12,S/D,1.0,0.0,0,S/D,S/D,S/D,0
114118,SALCCA,CUSCO,CANCHIS,wrf5,pp,20260908,20261007,"00Z,12Z",D1,6h,0.15,1.06,0.445,232,0.75,0.571,0.375,20,0.5,0.571,0.3,12,S/D,1.0,0.0,0,S/D,S/D,S/D,0
114118,SALCCA,CUSCO,CANCHIS,mpas15,pp,20260908,20261007,00Z,D1,6h,0.232,0.855,0.308,118,0.8,0.724,0.258,10,0.833,0.737,0.25,6,S/D,1.0,0.0,0,S/D,S/D,S/D,0
47E8B578,SIBINACOCHA,CUSCO,CANCHIS,ecmwf,pp,20260908,20261007,"00Z,12Z",D1,6h,0.117,0.685,0.475,234,0.812,0.623,0.347,32,0.1,0.909,0.05,10,S/D,S/D,S/D,0,S/D,S/D,S/D,0
47E8B578,SIBINACOCHA,CUSCO,CANCHIS,gfs,pp,20260908,20261007,"00Z,12Z",D1,6h,0.459,1.192,0.423,234,0.812,0.687,0.292,32,0.6,0.854,0.133,10,S/D,1.0,0.0,0,S/D,S/D,S/D,0
47E8B578,SIBINACOCHA,CUSCO,CANCHIS,eta5,pp,20260908,20261007,"00Z,12Z",D1,6h,0.189,1.031,0.321,190,0.4,0.613,0.245,30,0.4,0.778,0.167,10,S/D,1.0,0.0,0,S/D,S/D,S/D,0
47E8B578,SIBINACOCHA,CUSCO,CANCHIS,wrf5,pp,20260908,20261007,"00Z,12Z",D1,6h,0.138,0.815,0.336,231,0.5,0.643,0.263,30,0.4,0.75,0.182,10,S/D,1.0,0.0,0,S/D,S/D,S/D,0
47E8B578,SIBINACOCHA,CUSCO,CANCHIS,mpas15,pp,20260908,20261007,00Z,D1,6h,0.399,0.963,0.489,117,0.875,0.588,0.389,16,0.4,0.92,0.071,5,S/D,S/D,S/D,0,S/D,S/D,S/D,0
4726158C,SICUANI,CUSCO,CANCHIS,ecmwf,pp,20260908,20261007,"00Z,12Z",D1,6h,0.318,1.127,0.34,222,0.833,0.851,0.145,12,0.0,1.0,0.0,2,S/D,1.0,0.0,0,S/D,S/D,S/D,0
4726158C,SICUANI,CUSCO,CANCHIS,gfs,pp,20260908,20261007,"00Z,12Z",D1,6h,0.212,0.734,0.407,222,1.0,0.782,0.218,12,1.0,0.875,0.125,2,S/D,1.0,0.0,0,S/D,S/D,S/D,0
4726158C,SICUANI,CUSCO,CANCHIS,eta5,pp,20260908,20261007,"00Z,12Z",D1,6h,0.622,1.674,0.432,181,0.917,0.796,0.2,12,1.0,0.935,0.065,2,S/D,1.0,0.0,0,S/D,S/D,S/D,0
4726158C,SICUANI,CUSCO,CANCHIS,wrf5,pp,20260908,20261007,"00Z,12Z",D1,6h,0.226,1.278,0.492,218,0.833,0.6,0.37,12,1.0,0.714,0.286,2,S/D,1.0,0.0,0,S/D,S/D,S/D,0
4726158C,SICUANI,CUSCO,CANCHIS,mpas15,pp,20260908,20261007,00Z,D1,6h,0.309,0.973,0.191,111,0.667,0.846,0.143,6,1.0,0.938,0.062,1,S/D,1.0,0.0,0,S/D,S/D,S/D,0
114123,MARCA CUNKA,CUSCO,CHUMBIVILCAS,ecmwf,pp,20260908,20261007,"00Z,12Z",D1,6h,0.216,0.854,0.479,230,0.923,0.667,0.324,26,0.389,0.72,0.194,18,S/D,1.0,0.0,0,S/D,S/D,S/D,0
114123,MARCA CUNKA,CUSCO,CHUMBIVILCAS,gfs,pp,20260908,20261007,"00Z,12Z",D1,6h,0.212,0.776,0.416,230,0.962,0.75,0.248,26,0.444,0.778,0.174,18,S/D,S/D,S/D,0,S/D,S/D,S/D,0
114123,MARCA CUNKA,CUSCO,CHUMBIVILCAS,eta5,pp,20260908,20261007,"00Z,12Z",D1,6h,0.487,1.42,0.492,187,0.84,0.632,0.344,25,0.765,0.667,0.302,17,S/D,1.0,0.0,0,S/D,S/D,S/D,0
114123,MARCA CUNKA,CUSCO,CHUMBIVILCAS,wrf5,pp,20260908,20261007,"00Z,12Z",D1,6h,0.095,1.176,0.501,227,0.667,0.652,0.296,24,0.188,0.8,0.107,16,S/D,1.0,0.0,0,S/D,S/D,S/D,0
114123,MARCA CUNKA,CUSCO,CHUMBIVILCAS,mpas15,pp,20260908,20261007,00Z,D1,6h,0.272,0.7,0.415,115,0.846,0.645,0.333,13,0.778,0.696,0.28,9,S/D,S/D,S/D,0,S/D,S/D,S/D,0
4729A090,SANTO TOMAS,CUSCO,CHUMBIVILCAS,ecmwf,pp,20260908,20261007,"00Z,12Z",D1,6h,0.187,0.799,0.505,210,0.929,0.606,0.382,28,0.5,0.714,0.222,12,S/D,1.0,0.0,0,S/D,S/D,S/D,0
4729A090,SANTO TOMAS,CUSCO,CHUMBIVILCAS,gfs,pp,20260908,20261007,"00Z,12Z",D1,6h,0.235,0.788,0.408,210,0.929,0.723,0.271,28,0.333,0.882,0.095,12,S/D,S/D,S/D,0,S/D,S/D,S/D,0
4729A090,SANTO TOMAS,CUSCO,CHUMBIVILCAS,eta5,pp,20260908,20261007,"00Z,12Z",D1,6h,0.493,1.385,0.503,172,0.808,0.596,0.368,26,0.727,0.742,0.235,11,S/D,1.0,0.0,0,S/D,S/D,S/D,0
4729A090,SANTO TOMAS,CUSCO,CHUMBIVILCAS,wrf5,pp,20260908,20261007,"00Z,12Z",D1,6h,-0.004,0.681,0.453,206,0.32,0.733,0.17,25,0.0,1.0,0.0,10,S/D,S/D,S/D,0,S/D,S/D,S/D,0
4729A090,SANTO TOMAS,CUSCO,CHUMBIVILCAS,mpas15,pp,20260908,20261007,00Z,D1,6h,0.288,0.681,0.489,105,0.929,0.567,0.419,14,1.0,0.714,0.286,6,S/D,S/D,S/D,0,S/D,S/D,S/D,0
114124,HUAYHUAHUASI,CUSCO,ESPINAR,ecmwf,pp,20260908,20261007,"00Z,12Z",D1,6h,0.182,0.977,0.462,236,1.0,0.739,0.261,18,0.625,0.75,0.217,8,0.0,1.0,0.0,2,S/D,S/D,S/D,0
114124,HUAYHUAHUASI,CUSCO,ESPINAR,gfs,pp,20260908,20261007,"00Z,12Z",D1,6h,0.319,1.082,0.412,236,1.0,0.775,0.225,18,0.625,0.853,0.135,8,0.0,1.0,0.0,2,S/D,S/D,S/D,0
114124,HUAYHUAHUASI,CUSCO,ESPINAR,eta5,pp,20260908,20261007,"00Z,12Z",D1,6h,0.641,1.804,0.392,192,0.833,0.75,0.238,18,0.75,0.857,0.136,8,0.0,1.0,0.0,2,S/D,S/D,S/D,0
114124,HUAYHUAHUASI,CUSCO,ESPINAR,wrf5,pp,20260908,20261007,"00Z,12Z",D1,6h,0.26,1.434,0.408,232,0.75,0.721,0.255,16,0.571,0.818,0.16,7,0.5,0.75,0.2,2,S/D,S/D,S/D,0
114124,HUAYHUAHUASI,CUSCO,ESPINAR,mpas15,pp,20260908,20261007,00Z,D1,6h,0.206,0.922,0.445,118,1.0,0.667,0.333,9,1.0,0.778,0.222,4,0.0,1.0,0.0,1,S/D,S/D,S/D,0
47E880E2,PICHARI,CUSCO,LA CONVENCION,ecmwf,pp,20260908,20261007,"00Z,12Z",D1,6h,1.462,5.539,0.396,232,0.974,0.794,0.204,38,1.0,0.847,0.153,20,0.5,0.846,0.133,12,0.0,S/D,0.0,2
47E880E2,PICHARI,CUSCO,LA CONVENCION,gfs,pp,20260908,20261007,"00Z,12Z",D1,6h,0.467,5.163,0.289,232,1.0,0.823,0.177,38,0.9,0.83,0.167,20,0.0,1.0,0.0,12,0.0,S/D,0.0,2
47E880E2,PICHARI,CUSCO,LA CONVENCION,eta5,pp,20260908,20261007,"00Z,12Z",D1,6h,4.086,8.694,0.25,189,0.824,0.789,0.201,34,0.882,0.867,0.13,17,0.667,0.918,0.079,9,0.0,1.0,0.0,2
47E880E2,PICHARI,CUSCO,LA CONVENCION,wrf5,pp,20260908,20261007,"00Z,12Z",D1,6h,-0.438,5.829,0.29,229,0.486,0.581,0.29,37,0.25,0.762,0.139,20,0.0,1.0,0.0,12,0.0,1.0,0.0,2
47E880E2,PICHARI,CUSCO,LA CONVENCION,mpas15,pp,20260908,20261007,00Z,D1,6h,0.413,5.138,0.187,116,0.789,0.783,0.205,19,0.8,0.857,0.138,10,0.0,1.0,0.0,6,0.0,S/D,0.0,1
112264,PONGO DE MAINIQUE,CUSCO,LA CONVENCION,ecmwf,pp,20260908,20261007,"00Z,12Z",D1,6h,-0.485,6.224,0.28,238,0.8,0.657,0.316,60,0.654,0.779,0.198,26,0.222,0.667,0.154,18,0.0,S/D,0.0,4
112264,PONGO DE MAINIQUE,CUSCO,LA CONVENCION,gfs,pp,20260908,20261007,"00Z,12Z",D1,6h,-0.037,6.585,0.264,238,0.9,0.66,0.327,60,0.462,0.855,0.124,26,0.333,0.769,0.158,18,0.0,S/D,0.0,4
112264,PONGO DE MAINIQUE,CUSCO,LA CONVENCION,eta5,pp,20260908,20261007,"00Z,12Z",D1,6h,0.61,6.836,0.148,193,0.596,0.687,0.258,52,0.5,0.849,0.131,22,0.333,0.808,0.139,15,0.0,S/D,0.0,3
112264,PONGO DE MAINIQUE,CUSCO,LA CONVENCION,wrf5,pp,20260908,20261007,"00Z,12Z",D1,6h,-1.248,6.652,0.26,234,0.424,0.49,0.301,59,0.077,0.913,0.043,26,0.0,1.0,0.0,18,0.0,S/D,0.0,4
112264,PONGO DE MAINIQUE,CUSCO,LA CONVENCION,mpas15,pp,20260908,20261007,00Z,D1,6h,-0.824,6.497,0.254,119,0.567,0.622,0.293,30,0.385,0.857,0.116,13,0.0,1.0,0.0,9,0.0,S/D,0.0,2
4729658E,SAN PABLO,CUSCO,LA CONVENCION,ecmwf,pp,20260908,20261007,"00Z,12Z",D1,6h,1.497,2.966,0.187,234,0.912,0.842,0.156,34,0.857,0.902,0.096,14,0.375,0.875,0.103,8,S/D,S/D,S/D,0
4729658E,SAN PABLO,CUSCO,LA CONVENCION,gfs,pp,20260908,20261007,"00Z,12Z",D1,6h,1.183,2.36,0.272,234,0.941,0.838,0.16,34,0.929,0.875,0.124,14,0.25,0.857,0.1,8,S/D,S/D,S/D,0
4729658E,SAN PABLO,CUSCO,LA CONVENCION,eta5,pp,20260908,20261007,"00Z,12Z",D1,6h,2.002,3.85,0.25,189,0.839,0.789,0.203,31,0.917,0.878,0.121,12,0.667,0.862,0.129,6,S/D,S/D,S/D,0
4729658E,SAN PABLO,CUSCO,LA CONVENCION,wrf5,pp,20260908,20261007,"00Z,12Z",D1,6h,-0.001,1.632,0.382,232,0.576,0.672,0.264,33,0.429,0.714,0.207,14,0.0,1.0,0.0,8,S/D,S/D,S/D,0
4729658E,SAN PABLO,CUSCO,LA CONVENCION,mpas15,pp,20260908,20261007,00Z,D1,6h,1.32,2.994,0.194,117,0.706,0.789,0.194,17,0.857,0.885,0.113,7,0.25,0.909,0.071,4,S/D,S/D,S/D,0
4722A338,ACJANACO ,CUSCO,PAUCARTAMBO,ecmwf,pp,20260908,20261007,"00Z,12Z",D1,6h,-0.107,2.756,0.272,236,0.721,0.563,0.373,86,0.523,0.716,0.225,44,0.143,0.5,0.125,14,S/D,S/D,S/D,0
4722A338,ACJANACO ,CUSCO,PAUCARTAMBO,gfs,pp,20260908,20261007,"00Z,12Z",D1,6h,0.588,2.902,0.313,236,0.919,0.568,0.416,86,0.614,0.733,0.229,44,0.429,0.684,0.222,14,S/D,S/D,S/D,0
4722A338,ACJANACO ,CUSCO,PAUCARTAMBO,eta5,pp,20260908,20261007,"00Z,12Z",D1,6h,-0.737,3.193,0.097,191,0.219,0.628,0.16,73,0.132,0.444,0.119,38,0.083,0.667,0.071,12,S/D,S/D,S/D,0
4722A338,ACJANACO ,CUSCO,PAUCARTAMBO,wrf5,pp,20260908,20261007,"00Z,12Z",D1,6h,-0.112,3.726,0.287,233,0.542,0.494,0.354,83,0.333,0.736,0.173,42,0.143,0.8,0.091,14,S/D,1.0,0.0,0
4722A338,ACJANACO ,CUSCO,PAUCARTAMBO,mpas15,pp,20260908,20261007,00Z,D1,6h,0.064,2.877,0.228,118,0.651,0.525,0.378,43,0.545,0.75,0.207,22,0.143,0.8,0.091,7,S/D,S/D,S/D,0
113247,ASHANAKU,CUSCO,QUISPICANCHI,ecmwf,pp,20260908,20261007,"00Z,12Z",D1,6h,0.203,1.836,0.306,232,0.719,0.77,0.211,32,0.722,0.639,0.317,18,0.0,1.0,0.0,4,S/D,S/D,S/D,0
113247,ASHANAKU,CUSCO,QUISPICANCHI,gfs,pp,20260908,20261007,"00Z,12Z",D1,6h,0.428,2.062,0.245,232,0.844,0.807,0.186,32,0.556,0.796,0.175,18,0.0,1.0,0.0,4,S/D,S/D,S/D,0
113247,ASHANAKU,CUSCO,QUISPICANCHI,eta5,pp,20260908,20261007,"00Z,12Z",D1,6h,-0.202,1.855,0.374,188,0.483,0.533,0.311,29,0.278,0.667,0.179,18,0.0,S/D,0.0,4,S/D,S/D,S/D,0
113247,ASHANAKU,CUSCO,QUISPICANCHI,wrf5,pp,20260908,20261007,"00Z,12Z",D1,6h,0.01,1.959,0.338,229,0.452,0.6,0.269,31,0.412,0.632,0.241,17,0.0,1.0,0.0,3,S/D,S/D,S/D,0
113247,ASHANAKU,CUSCO,QUISPICANCHI,mpas15,pp,20260908,20261007,00Z,D1,6h,-0.004,1.598,0.379,116,0.688,0.645,0.306,16,0.778,0.72,0.259,9,0.0,S/D,0.0,2,S/D,S/D,S/D,0
113254,QUINCEMIL,CUSCO,QUISPICANCHI,ecmwf,pp,20260908,20261007,"00Z,12Z",D1,6h,1.153,2.561,S/D,238,S/D,1.0,0.0,0,S/D,1.0,0.0,0,S/D,1.0,0.0,0,S/D,S/D,S/D,0
113254,QUINCEMIL,CUSCO,QUISPICANCHI,gfs,pp,20260908,20261007,"00Z,12Z",D1,6h,1.405,2.783,S/D,238,S/D,1.0,0.0,0,S/D,1.0,0.0,0,S/D,1.0,0.0,0,S/D,S/D,S/D,0
113254,QUINCEMIL,CUSCO,QUISPICANCHI,eta5,pp,20260908,20261007,"00Z,12Z",D1,6h,2.213,4.396,S/D,193,S/D,1.0,0.0,0,S/D,1.0,0.0,0,S/D,1.0,0.0,0,S/D,S/D,S/D,0
113254,QUINCEMIL,CUSCO,QUISPICANCHI,wrf5,pp,20260908,20261007,"00Z,12Z",D1,6h,0.643,2.962,S/D,234,S/D,1.0,0.0,0,S/D,1.0,0.0,0,S/D,1.0,0.0,0,S/D,1.0,0.0,0
113254,QUINCEMIL,CUSCO,QUISPICANCHI,mpas15,pp,20260908,20261007,00Z,D1,6h,2.567,4.486,S/D,119,S/D,1.0,0.0,0,S/D,1.0,0.0,0,S/D,1.0,0.0,0,S/D,S/D,S/D,0
472A9204,CHILCA,CUSCO,URUBAMBA,ecmwf,pp,20260908,20261007,"00Z,12Z",D1,6h,0.259,0.751,0.431,236,0.857,0.75,0.24,28,0.7,0.811,0.175,10,0.0,1.0,0.0,2,S/D,S/D,S/D,0
472A9204,CHILCA,CUSCO,URUBAMBA,gfs,pp,20260908,20261007,"00Z,12Z",D1,6h,0.611,1.371,0.291,236,0.929,0.827,0.171,28,0.6,0.898,0.095,10,0.5,0.667,0.25,2,S/D,S/D,S/D,0
472A9204,CHILCA,CUSCO,URUBAMBA,eta5,pp,20260908,20261007,"00Z,12Z",D1,6h,0.241,0.939,0.268,191,0.731,0.753,0.226,26,0.556,0.762,0.2,9,0.5,0.5,0.333,2,S/D,S/D,S/D,0
472A9204,CHILCA,CUSCO,URUBAMBA,wrf5,pp,20260908,20261007,"00Z,12Z",D1,6h,0.177,0.955,0.465,232,0.778,0.588,0.368,27,0.4,0.765,0.174,10,1.0,0.6,0.4,2,S/D,S/D,S/D,0
472A9204,CHILCA,CUSCO,URUBAMBA,mpas15,pp,20260908,20261007,00Z,D1,6h,0.341,1.041,0.158,118,0.643,0.786,0.191,14,0.2,0.964,0.031,5,0.0,S/D,0.0,1,S/D,S/D,S/D,0
4727C11E,HUAYLLABAMBA,CUSCO,URUBAMBA,ecmwf,pp,20260908,20261007,"00Z,12Z",D1,6h,S/D,S/D,S/D,0,S/D,S/D,S/D,0,S/D,S/D,S/D,0,S/D,S/D,S/D,0,S/D,S/D,S/D,0
4727C11E,HUAYLLABAMBA,CUSCO,URUBAMBA,gfs,pp,20260908,20261007,"00Z,12Z",D1,6h,S/D,S/D,S/D,0,S/D,S/D,S/D,0,S/D,S/D,S/D,0,S/D,S/D,S/D,0,S/D,S/D,S/D,0
4727C11E,HUAYLLABAMBA,CUSCO,URUBAMBA,eta5,pp,20260908,20261007,"00Z,12Z",D1,6h,S/D,S/D,S/D,0,S/D,S/D,S/D,0,S/D,S/D,S/D,0,S/D,S/D,S/D,0,S/D,S/D,S/D,0
4727C11E,HUAYLLABAMBA,CUSCO,URUBAMBA,wrf5,pp,20260908,20261007,"00Z,12Z",D1,6h,S/D,S/D,S/D,0,S/D,S/D,S/D,0,S/D,S/D,S/D,0,S/D,S/D,S/D,0,S/D,S/D,S/D,0
4727C11E,HUAYLLABAMBA,CUSCO,URUBAMBA,mpas15,pp,20260908,20261007,00Z,D1,6h,S/D,S/D,S/D,0,S/D,S/D,S/D,0,S/D,S/D,S/D,0,S/D,S/D,S/D,0,S/D,S/D,S/D,0
472935F2,INTIHUATANA H,CUSCO,URUBAMBA,ecmwf,pp,20260908,20261007,"00Z,12Z",D1,6h,S/D,S/D,S/D,0,S/D,S/D,S/D,0,S/D,S/D,S/D,0,S/D,S/D,S/D,0,S/D,S/D,S/D,0
472935F2,INTIHUATANA H,CUSCO,URUBAMBA,gfs,pp,20260908,20261007,"00Z,12Z",D1,6h,S/D,S/D,S/D,0,S/D,S/D,S/D,0,S/D,S/D,S/D,0,S/D,S/D,S/D,0,S/D,S/D,S/D,0
472935F2,INTIHUATANA H,CUSCO,URUBAMBA,eta5,pp,20260908,20261007,"00Z,12Z",D1,6h,S/D,S/D,S/D,0,S/D,S/D,S/D,0,S/D,S/D,S/D,0,S/D,S/D,S/D,0,S/D,S/D,S/D,0
472935F2,INTIHUATANA H,CUSCO,URUBAMBA,wrf5,pp,20260908,20261007,"00Z,12Z",D1,6h,S/D,S/D,S/D,0,S/D,S/D,S/D,0,S/D,S/D,S/D,0,S/D,S/D,S/D,0,S/D,S/D,S/D,0
472935F2,INTIHUATANA H,CUSCO,URUBAMBA,mpas15,pp,20260908,20261007,00Z,D1,6h,S/D,S/D,S/D,0,S/D,S/D,S/D,0,S/D,S/D,S/D,0,S/D,S/D,S/D,0,S/D,S/D,S/D,0
472852EE,INTIHUATANA M,CUSCO,URUBAMBA,ecmwf,pp,20260908,20261007,"00Z,12Z",D1,6h,0.034,1.698,0.393,228,0.769,0.667,0.303,52,0.5,0.636,0.267,24,0.0,S/D,0.0,8,S/D,S/D,S/D,0
472852EE,INTIHUATANA M,CUSCO,URUBAMBA,gfs,pp,20260908,20261007,"00Z,12Z",D1,6h,0.558,1.78,0.404,228,0.962,0.714,0.282,52,0.917,0.718,0.275,24,0.125,0.8,0.083,8,S/D,S/D,S/D,0
472852EE,INTIHUATANA M,CUSCO,URUBAMBA,eta5,pp,20260908,20261007,"00Z,12Z",D1,6h,0.939,2.582,0.442,186,0.886,0.642,0.342,44,0.773,0.75,0.233,22,0.286,0.875,0.095,7,S/D,S/D,S/D,0
472852EE,INTIHUATANA M,CUSCO,URUBAMBA,wrf5,pp,20260908,20261007,"00Z,12Z",D1,6h,0.649,2.834,0.304,225,0.74,0.634,0.325,50,0.565,0.745,0.213,23,0.25,0.867,0.095,8,S/D,S/D,S/D,0
472852EE,INTIHUATANA M,CUSCO,URUBAMBA,mpas15,pp,20260908,20261007,00Z,D1,6h,0.716,2.124,0.22,114,0.615,0.704,0.25,26,0.833,0.8,0.192,12,0.25,0.5,0.2,4,S/D,S/D,S/D,0
472897F0,MACHUPICCHU,CUSCO,URUBAMBA,ecmwf,pp,20260908,20261007,"00Z,12Z",D1,6h,0.023,1.367,0.389,198,0.786,0.66,0.311,42,0.344,0.542,0.244,32,0.0,S/D,0.0,4,S/D,S/D,S/D,0
472897F0,MACHUPICCHU,CUSCO,URUBAMBA,gfs,pp,20260908,20261007,"00Z,12Z",D1,6h,0.418,1.545,0.42,198,0.952,0.724,0.272,42,0.719,0.558,0.377,32,0.25,0.8,0.125,4,S/D,S/D,S/D,0
472897F0,MACHUPICCHU,CUSCO,URUBAMBA,eta5,pp,20260908,20261007,"00Z,12Z",D1,6h,0.798,2.582,0.382,160,0.806,0.655,0.319,36,0.655,0.648,0.297,29,0.0,1.0,0.0,4,S/D,S/D,S/D,0
472897F0,MACHUPICCHU,CUSCO,URUBAMBA,wrf5,pp,20260908,20261007,"00Z,12Z",D1,6h,0.559,2.649,0.237,195,0.634,0.667,0.28,41,0.355,0.711,0.19,31,0.25,0.917,0.067,4,S/D,S/D,S/D,0
472897F0,MACHUPICCHU,CUSCO,URUBAMBA,mpas15,pp,20260908,20261007,00Z,D1,6h,0.407,1.672,0.228,99,0.571,0.684,0.255,21,0.688,0.694,0.268,16,0.0,1.0,0.0,2,S/D,S/D,S/D,0
4729950A,PACAYMAYO,CUSCO,URUBAMBA,ecmwf,pp,20260908,20261007,"00Z,12Z",D1,6h,S/D,S/D,S/D,0,S/D,S/D,S/D,0,S/D,S/D,S/D,0,S/D,S/D,S/D,0,S/D,S/D,S/D,0
4729950A,PACAYMAYO,CUSCO,URUBAMBA,gfs,pp,20260908,20261007,"00Z,12Z",D1,6h,S/D,S/D,S/D,0,S/D,S/D,S/D,0,S/D,S/D,S/D,0,S/D,S/D,S/D,0,S/D,S/D,S/D,0
4729950A,PACAYMAYO,CUSCO,URUBAMBA,eta5,pp,20260908,20261007,"00Z,12Z",D1,6h,S/D,S/D,S/D,0,S/D,S/D,S/D,0,S/D,S/D,S/D,0,S/D,S/D,S/D,0,S/D,S/D,S/D,0
4729950A,PACAYMAYO,CUSCO,URUBAMBA,wrf5,pp,20260908,20261007,"00Z,12Z",D1,6h,S/D,S/D,S/D,0,S/D,S/D,S/D,0,S/D,S/D,S/D,0,S/D,S/D,S/D,0,S/D,S/D,S/D,0
4729950A,PACAYMAYO,CUSCO,URUBAMBA,mpas15,pp,20260908,20261007,00Z,D1,6h,S/D,S/D,S/D,0,S/D,S/D,S/D,0,S/D,S/D,S/D,0,S/D,S/D,S/D,0,S/D,S/D,S/D,0
4729867C,QORIHUAYRACHINA,CUSCO,URUBAMBA,ecmwf,pp,20260908,20261007,"00Z,12Z",D1,6h,S/D,S/D,S/D,0,S/D,S/D,S/D,0,S/D,S/D,S/D,0,S/D,S/D,S/D,0,S/D,S/D,S/D,0
4729867C,QORIHUAYRACHINA,CUSCO,URUBAMBA,gfs,pp,20260908,20261007,"00Z,12Z",D1,6h,S/D,S/D,S/D,0,S/D,S/D,S/D,0,S/D,S/D,S/D,0,S/D,S/D,S/D,0,S/D,S/D,S/D,0
4729867C,QORIHUAYRACHINA,CUSCO,URUBAMBA,eta5,pp,20260908,20261007,"00Z,12Z",D1,6h,S/D,S/D,S/D,0,S/D,S/D,S/D,0,S/D,S/D,S/D,0,S/D,S/D,S/D,0,S/D,S/D,S/D,0
4729867C,QORIHUAYRACHINA,CUSCO,URUBAMBA,wrf5,pp,20260908,20261007,"00Z,12Z",D1,6h,S/D,S/D,S/D,0,S/D,S/D,S/D,0,S/D,S/D,S/D,0,S/D,S/D,S/D,0,S/D,S/D,S/D,0
4729867C,QORIHUAYRACHINA,CUSCO,URUBAMBA,mpas15,pp,20260908,20261007,00Z,D1,6h,S/D,S/D,S/D,0,S/D,S/D,S/D,0,S/D,S/D,S/D,0,S/D,S/D,S/D,0,S/D,S/D,S/D,0
4720CDF8,COCHAMARCA,HUANCAVELICA,CASTROVIRREYNA,ecmwf,pp,20260908,20261007,"00Z,12Z",D1,6h,S/D,S/D,S/D,0,S/D,S/D,S/D,0,S/D,S/D,S/D,0,S/D,S/D,S/D,0,S/D,S/D,S/D,0
4720CDF8,COCHAMARCA,HUANCAVELICA,CASTROVIRREYNA,gfs,pp,20260908,20261007,"00Z,12Z",D1,6h,S/D,S/D,S/D,0,S/D,S/D,S/D,0,S/D,S/D,S/D,0,S/D,S/D,S/D,0,S/D,S/D,S/D,0
4720CDF8,COCHAMARCA,HUANCAVELICA,CASTROVIRREYNA,eta5,pp,20260908,20261007,"00Z,12Z",D1,6h,S/D,S/D,S/D,0,S/D,S/D,S/D,0,S/D,S/D,S/D,0,S/D,S/D,S/D,0,S/D,S/D,S/D,0
4720CDF8,COCHAMARCA,HUANCAVELICA,CASTROVIRREYNA,wrf5,pp,20260908,20261007,"00Z,12Z",D1,6h,S/D,S/D,S/D,0,S/D,S/D,S/D,0,S/D,S/D,S/D,0,S/D,S/D,S/D,0,S/D,S/D,S/D,0
4720CDF8,COCHAMARCA,HUANCAVELICA,CASTROVIRREYNA,mpas15,pp,20260908,20261007,00Z,D1,6h,S/D,S/D,S/D,0,S/D,S/D,S/D,0,S/D,S/D,S/D,0,S/D,S/D,S/D,0,S/D,S/D,S/D,0
47292684,HUACHOS,HUANCAVELICA,CASTROVIRREYNA,ecmwf,pp,20260908,20261007,"00Z,12Z",D1,6h,0.141,0.394,S/D,234,S/D,1.0,0.0,0,S/D,1.0,0.0,0,S/D,S/D,S/D,0,S/D,S/D,S/D,0
47292684,HUACHOS,HUANCAVELICA,CASTROVIRREYNA,gfs,pp,20260908,20261007,"00Z,12Z",D1,6h,0.143,0.577,S/D,234,S/D,1.0,0.0,0,S/D,1.0,0.0,0,S/D,1.0,0.0,0,S/D,S/D,S/D,0
47292684,HUACHOS,HUANCAVELICA,CASTROVIRREYNA,eta5,pp,20260908,20261007,"00Z,12Z",D1,6h,0.03,0.172,S/D,190,S/D,1.0,0.0,0,S/D,1.0,0.0,0,S/D,S/D,S/D,0,S/D,S/D,S/D,0
47292684,HUACHOS,HUANCAVELICA,CASTROVIRREYNA,wrf5,pp,20260908,20261007,"00Z,12Z",D1,6h,0.023,0.153,S/D,230,S/D,1.0,0.0,0,S/D,1.0,0.0,0,S/D,S/D,S/D,0,S/D,S/D,S/D,0
47292684,HUACHOS,HUANCAVELICA,CASTROVIRREYNA,mpas15,pp,20260908,20261007,00Z,D1,6h,0.094,0.364,S/D,117,S/D,1.0,0.0,0,S/D,1.0,0.0,0,S/D,S/D,S/D,0,S/D,S/D,S/D,0
472722EC,HUANCAVELICA,HUANCAVELICA,HUANCAVELICA,ecmwf,pp,20260908,20261007,"00Z,12Z",D1,6h,0.267,1.958,0.478,236,0.81,0.552,0.405,58,0.5,0.818,0.154,16,0.0,1.0,0.0,4,S/D,S/D,S/D,0
472722EC,HUANCAVELICA,HUANCAVELICA,HUANCAVELICA,gfs,pp,20260908,20261007,"00Z,12Z",D1,6h,0.591,2.413,0.44,236,0.879,0.633,0.349,58,0.812,0.745,0.241,16,0.0,1.0,0.0,4,S/D,S/D,S/D,0
472722EC,HUANCAVELICA,HUANCAVELICA,HUANCAVELICA,eta5,pp,20260908,20261007,"00Z,12Z",D1,6h,0.357,1.834,0.52,191,0.766,0.486,0.444,47,0.733,0.718,0.256,15,0.0,1.0,0.0,3,S/D,S/D,S/D,0
472722EC,HUANCAVELICA,HUANCAVELICA,HUANCAVELICA,wrf5,pp,20260908,20261007,"00Z,12Z",D1,6h,0.35,2.342,0.475,232,0.625,0.485,0.393,56,0.6,0.757,0.209,15,0.0,1.0,0.0,4,S/D,S/D,S/D,0
472722EC,HUANCAVELICA,HUANCAVELICA,HUANCAVELICA,mpas15,pp,20260908,20261007,00Z,D1,6h,0.394,2.16,0.373,118,0.724,0.5,0.42,29,0.75,0.778,0.207,8,0.0,1.0,0.0,2,S/D,S/D,S/D,0
47284198,CHALLACA,HUANCAVELICA,HUAYTARA,ecmwf,pp,20260908,20261007,"00Z,12Z",D1,6h,0.01,0.068,S/D,182,S/D,1.0,0.0,0,S/D,S/D,S/D,0,S/D,S/D,S/D,0,S/D,S/D,S/D,0
47284198,CHALLACA,HUANCAVELICA,HUAYTARA,gfs,pp,20260908,20261007,"00Z,12Z",D1,6h,0.005,0.033,S/D,182,S/D,1.0,0.0,0,S/D,S/D,S/D,0,S/D,S/D,S/D,0,S/D,S/D,S/D,0
47284198,CHALLACA,HUANCAVELICA,HUAYTARA,eta5,pp,20260908,20261007,"00Z,12Z",D1,6h,0.008,0.064,S/D,141,S/D,1.0,0.0,0,S/D,S/D,S/D,0,S/D,S/D,S/D,0,S/D,S/D,S/D,0
47284198,CHALLACA,HUANCAVELICA,HUAYTARA,wrf5,pp,20260908,20261007,"00Z,12Z",D1,6h,0.0,0.003,S/D,182,S/D,S/D,S/D,0,S/D,S/D,S/D,0,S/D,S/D,S/D,0,S/D,S/D,S/D,0
47284198,CHALLACA,HUANCAVELICA,HUAYTARA,mpas15,pp,20260908,20261007,00Z,D1,6h,0.0,0.0,S/D,91,S/D,S/D,S/D,0,S/D,S/D,S/D,0,S/D,S/D,S/D,0,S/D,S/D,S/D,0
472811E4,CHALLACA M,HUANCAVELICA,HUAYTARA,ecmwf,pp,20260908,20261007,"00Z,12Z",D1,6h,0.008,0.059,S/D,236,S/D,1.0,0.0,0,S/D,S/D,S/D,0,S/D,S/D,S/D,0,S/D,S/D,S/D,0
472811E4,CHALLACA M,HUANCAVELICA,HUAYTARA,gfs,pp,20260908,20261007,"00Z,12Z",D1,6h,0.004,0.029,S/D,236,S/D,1.0,0.0,0,S/D,S/D,S/D,0,S/D,S/D,S/D,0,S/D,S/D,S/D,0
472811E4,CHALLACA M,HUANCAVELICA,HUAYTARA,eta5,pp,20260908,20261007,"00Z,12Z",D1,6h,0.006,0.055,S/D,191,S/D,1.0,0.0,0,S/D,S/D,S/D,0,S/D,S/D,S/D,0,S/D,S/D,S/D,0
472811E4,CHALLACA M,HUANCAVELICA,HUAYTARA,wrf5,pp,20260908,20261007,"00Z,12Z",D1,6h,0.004,0.039,S/D,232,S/D,1.0,0.0,0,S/D,S/D,S/D,0,S/D,S/D,S/D,0,S/D,S/D,S/D,0
472811E4,CHALLACA M,HUANCAVELICA,HUAYTARA,mpas15,pp,20260908,20261007,00Z,D1,6h,0.0,0.0,S/D,118,S/D,S/D,S/D,0,S/D,S/D,S/D,0,S/D,S/D,S/D,0,S/D,S/D,S/D,0
4728F216,CORDOVA,HUANCAVELICA,HUAYTARA,ecmwf,pp,20260908,20261007,"00Z,12Z",D1,6h,0.045,0.146,S/D,224,S/D,1.0,0.0,0,S/D,1.0,0.0,0,S/D,S/D,S/D,0,S/D,S/D,S/D,0
4728F216,CORDOVA,HUANCAVELICA,HUAYTARA,gfs,pp,20260908,20261007,"00Z,12Z",D1,6h,0.029,0.109,S/D,224,S/D,1.0,0.0,0,S/D,S/D,S/D,0,S/D,S/D,S/D,0,S/D,S/D,S/D,0
4728F216,CORDOVA,HUANCAVELICA,HUAYTARA,eta5,pp,20260908,20261007,"00Z,12Z",D1,6h,0.003,0.017,S/D,180,S/D,1.0,0.0,0,S/D,S/D,S/D,0,S/D,S/D,S/D,0,S/D,S/D,S/D,0
4728F216,CORDOVA,HUANCAVELICA,HUAYTARA,wrf5,pp,20260908,20261007,"00Z,12Z",D1,6h,0.013,0.063,S/D,220,S/D,1.0,0.0,0,S/D,S/D,S/D,0,S/D,S/D,S/D,0,S/D,S/D,S/D,0
4728F216,CORDOVA,HUANCAVELICA,HUAYTARA,mpas15,pp,20260908,20261007,00Z,D1,6h,0.049,0.28,S/D,112,S/D,1.0,0.0,0,S/D,1.0,0.0,0,S/D,S/D,S/D,0,S/D,S/D,S/D,0
4728C78C,CUSICANCHA,HUANCAVELICA,HUAYTARA,ecmwf,pp,20260908,20261007,"00Z,12Z",D1,6h,0.238,0.589,S/D,224,S/D,1.0,0.0,0,S/D,1.0,0.0,0,S/D,S/D,S/D,0,S/D,S/D,S/D,0
4728C78C,CUSICANCHA,HUANCAVELICA,HUAYTARA,gfs,pp,20260908,20261007,"00Z,12Z",D1,6h,0.194,0.586,S/D,224,S/D,1.0,0.0,0,S/D,1.0,0.0,0,S/D,1.0,0.0,0,S/D,S/D,S/D,0
4728C78C,CUSICANCHA,HUANCAVELICA,HUAYTARA,eta5,pp,20260908,20261007,"00Z,12Z",D1,6h,0.047,0.277,S/D,180,S/D,1.0,0.0,0,S/D,1.0,0.0,0,S/D,S/D,S/D,0,S/D,S/D,S/D,0
4728C78C,CUSICANCHA,HUANCAVELICA,HUAYTARA,wrf5,pp,20260908,20261007,"00Z,12Z",D1,6h,0.04,0.269,S/D,220,S/D,1.0,0.0,0,S/D,1.0,0.0,0,S/D,S/D,S/D,0,S/D,S/D,S/D,0
4728C78C,CUSICANCHA,HUANCAVELICA,HUAYTARA,mpas15,pp,20260908,20261007,00Z,D1,6h,0.254,0.706,S/D,112,S/D,1.0,0.0,0,S/D,1.0,0.0,0,S/D,S/D,S/D,0,S/D,S/D,S/D,0
213507,RAMADILLAS,HUANCAVELICA,HUAYTARA,ecmwf,pp,20260908,20261007,"00Z,12Z",D1,6h,S/D,S/D,S/D,0,S/D,S/D,S/D,0,S/D,S/D,S/D,0,S/D,S/D,S/D,0,S/D,S/D,S/D,0
213507,RAMADILLAS,HUANCAVELICA,HUAYTARA,gfs,pp,20260908,20261007,"00Z,12Z",D1,6h,S/D,S/D,S/D,0,S/D,S/D,S/D,0,S/D,S/D,S/D,0,S/D,S/D,S/D,0,S/D,S/D,S/D,0
213507,RAMADILLAS,HUANCAVELICA,HUAYTARA,eta5,pp,20260908,20261007,"00Z,12Z",D1,6h,S/D,S/D,S/D,0,S/D,S/D,S/D,0,S/D,S/D,S/D,0,S/D,S/D,S/D,0,S/D,S/D,S/D,0
213507,RAMADILLAS,HUANCAVELICA,HUAYTARA,wrf5,pp,20260908,20261007,"00Z,12Z",D1,6h,S/D,S/D,S/D,0,S/D,S/D,S/D,0,S/D,S/D,S/D,0,S/D,S/D,S/D,0,S/D,S/D,S/D,0
213507,RAMADILLAS,HUANCAVELICA,HUAYTARA,mpas15,pp,20260908,20261007,00Z,D1,6h,S/D,S/D,S/D,0,S/D,S/D,S/D,0,S/D,S/D,S/D,0,S/D,S/D,S/D,0,S/D,S/D,S/D,0
4729131E,SANTIAGO DE CHOCORVOS,HUANCAVELICA,HUAYTARA,ecmwf,pp,20260908,20261007,"00Z,12Z",D1,6h,0.076,0.21,S/D,184,S/D,1.0,0.0,0,S/D,1.0,0.0,0,S/D,S/D,S/D,0,S/D,S/D,S/D,0
4729131E,SANTIAGO DE CHOCORVOS,HUANCAVELICA,HUAYTARA,gfs,pp,20260908,20261007,"00Z,12Z",D1,6h,0.077,0.214,S/D,184,S/D,1.0,0.0,0,S/D,1.0,0.0,0,S/D,S/D,S/D,0,S/D,S/D,S/D,0
4729131E,SANTIAGO DE CHOCORVOS,HUANCAVELICA,HUAYTARA,eta5,pp,20260908,20261007,"00Z,12Z",D1,6h,0.027,0.23,S/D,141,S/D,1.0,0.0,0,S/D,1.0,0.0,0,S/D,S/D,S/D,0,S/D,S/D,S/D,0
4729131E,SANTIAGO DE CHOCORVOS,HUANCAVELICA,HUAYTARA,wrf5,pp,20260908,20261007,"00Z,12Z",D1,6h,0.021,0.13,S/D,184,S/D,1.0,0.0,0,S/D,1.0,0.0,0,S/D,S/D,S/D,0,S/D,S/D,S/D,0
4729131E,SANTIAGO DE CHOCORVOS,HUANCAVELICA,HUAYTARA,mpas15,pp,20260908,20261007,00Z,D1,6h,0.049,0.261,S/D,92,S/D,1.0,0.0,0,S/D,1.0,0.0,0,S/D,S/D,S/D,0,S/D,S/D,S/D,0
112269,COCHABAMBA GRANDE,HUANCAVELICA,TAYACAJA,ecmwf,pp,20260908,20261007,"00Z,12Z",D1,6h,1.124,1.988,S/D,164,S/D,1.0,0.0,0,S/D,1.0,0.0,0,S/D,1.0,0.0,0,S/D,S/D,S/D,0
112269,COCHABAMBA GRANDE,HUANCAVELICA,TAYACAJA,gfs,pp,20260908,20261007,"00Z,12Z",D1,6h,1.078,1.833,S/D,164,S/D,1.0,0.0,0,S/D,1.0,0.0,0,S/D,1.0,0.0,0,S/D,S/D,S/D,0
112269,COCHABAMBA GRANDE,HUANCAVELICA,TAYACAJA,eta5,pp,20260908,20261007,"00Z,12Z",D1,6h,0.145,0.415,S/D,121,S/D,1.0,0.0,0,S/D,1.0,0.0,0,S/D,S/D,S/D,0,S/D,S/D,S/D,0
112269,COCHABAMBA GRANDE,HUANCAVELICA,TAYACAJA,wrf5,pp,20260908,20261007,"00Z,12Z",D1,6h,0.757,2.143,S/D,164,S/D,1.0,0.0,0,S/D,1.0,0.0,0,S/D,1.0,0.0,0,S/D,S/D,S/D,0
112269,COCHABAMBA GRANDE,HUANCAVELICA,TAYACAJA,mpas15,pp,20260908,20261007,00Z,D1,6h,1.079,1.901,S/D,82,S/D,1.0,0.0,0,S/D,1.0,0.0,0,S/D,1.0,0.0,0,S/D,S/D,S/D,0
110146,QUISCA,HUANUCO,AMBO,ecmwf,pp,20260908,20261007,"00Z,12Z",D1,6h,S/D,S/D,S/D,0,S/D,S/D,S/D,0,S/D,S/D,S/D,0,S/D,S/D,S/D,0,S/D,S/D,S/D,0
110146,QUISCA,HUANUCO,AMBO,gfs,pp,20260908,20261007,"00Z,12Z",D1,6h,S/D,S/D,S/D,0,S/D,S/D,S/D,0,S/D,S/D,S/D,0,S/D,S/D,S/D,0,S/D,S/D,S/D,0
110146,QUISCA,HUANUCO,AMBO,eta5,pp,20260908,20261007,"00Z,12Z",D1,6h,S/D,S/D,S/D,0,S/D,S/D,S/D,0,S/D,S/D,S/D,0,S/D,S/D,S/D,0,S/D,S/D,S/D,0
110146,QUISCA,HUANUCO,AMBO,wrf5,pp,20260908,20261007,"00Z,12Z",D1,6h,S/D,S/D,S/D,0,S/D,S/D,S/D,0,S/D,S/D,S/D,0,S/D,S/D,S/D,0,S/D,S/D,S/D,0
110146,QUISCA,HUANUCO,AMBO,mpas15,pp,20260908,20261007,00Z,D1,6h,S/D,S/D,S/D,0,S/D,S/D,S/D,0,S/D,S/D,S/D,0,S/D,S/D,S/D,0,S/D,S/D,S/D,0
47E845FC,CACHICOTO,HUANUCO,HUAMALIES,ecmwf,pp,20260908,20261007,"00Z,12Z",D1,6h,-0.745,7.713,0.297,234,0.86,0.754,0.236,50,0.833,0.737,0.25,24,0.214,0.7,0.143,14,0.0,S/D,0.0,8
47E845FC,CACHICOTO,HUANUCO,HUAMALIES,gfs,pp,20260908,20261007,"00Z,12Z",D1,6h,0.204,7.639,0.245,234,0.92,0.778,0.218,50,0.917,0.847,0.151,24,0.286,0.789,0.138,14,0.0,S/D,0.0,8
47E845FC,CACHICOTO,HUANUCO,HUAMALIES,eta5,pp,20260908,20261007,"00Z,12Z",D1,6h,1.244,9.501,0.196,190,0.761,0.752,0.23,46,0.857,0.835,0.161,21,0.538,0.868,0.119,13,0.0,S/D,0.0,8
47E845FC,CACHICOTO,HUANUCO,HUAMALIES,wrf5,pp,20260908,20261007,"00Z,12Z",D1,6h,0.187,8.523,0.216,231,0.449,0.722,0.208,49,0.542,0.729,0.22,24,0.571,0.704,0.242,14,0.125,0.833,0.077,8
47E845FC,CACHICOTO,HUANUCO,HUAMALIES,mpas15,pp,20260908,20261007,00Z,D1,6h,0.81,10.068,0.055,117,0.6,0.754,0.211,25,0.75,0.833,0.158,12,0.429,0.85,0.125,7,0.0,1.0,0.0,4
4720EB14,SAN MARTIN,HUANUCO,HUAMALIES,ecmwf,pp,20260908,20261007,"00Z,12Z",D1,6h,0.247,1.103,0.194,236,0.75,0.837,0.154,28,0.6,0.793,0.182,10,0.0,1.0,0.0,2,S/D,S/D,S/D,0
4720EB14,SAN MARTIN,HUANUCO,HUAMALIES,gfs,pp,20260908,20261007,"00Z,12Z",D1,6h,0.61,1.495,0.148,236,0.857,0.854,0.143,28,0.5,0.932,0.063,10,0.0,1.0,0.0,2,S/D,S/D,S/D,0
4720EB14,SAN MARTIN,HUANUCO,HUAMALIES,eta5,pp,20260908,20261007,"00Z,12Z",D1,6h,0.349,1.31,0.101,191,0.55,0.861,0.125,20,0.286,0.947,0.047,7,0.0,1.0,0.0,1,S/D,S/D,S/D,0
4720EB14,SAN MARTIN,HUANUCO,HUAMALIES,wrf5,pp,20260908,20261007,"00Z,12Z",D1,6h,0.042,1.293,0.222,233,0.393,0.718,0.196,28,0.2,0.882,0.08,10,0.0,1.0,0.0,2,S/D,S/D,S/D,0
4720EB14,SAN MARTIN,HUANUCO,HUAMALIES,mpas15,pp,20260908,20261007,00Z,D1,6h,0.992,1.963,0.226,118,0.643,0.842,0.145,14,0.8,0.922,0.077,5,1.0,0.667,0.333,1,S/D,S/D,S/D,0
472D0552,CHINCHAVITO,HUANUCO,HUANUCO,ecmwf,pp,20260908,20261007,"00Z,12Z",D1,6h,-0.345,5.08,0.367,236,0.851,0.616,0.36,74,0.619,0.634,0.299,42,0.227,0.615,0.167,22,0.0,S/D,0.0,4
472D0552,CHINCHAVITO,HUANUCO,HUANUCO,gfs,pp,20260908,20261007,"00Z,12Z",D1,6h,0.175,5.169,0.182,236,0.878,0.67,0.316,74,0.643,0.784,0.193,42,0.091,0.9,0.05,22,0.0,S/D,0.0,4
472D0552,CHINCHAVITO,HUANUCO,HUANUCO,eta5,pp,20260908,20261007,"00Z,12Z",D1,6h,1.963,6.507,0.135,191,0.738,0.676,0.29,61,0.611,0.796,0.18,36,0.6,0.786,0.188,20,0.0,S/D,0.0,3
472D0552,CHINCHAVITO,HUANUCO,HUANUCO,wrf5,pp,20260908,20261007,"00Z,12Z",D1,6h,-0.387,6.12,0.164,233,0.473,0.593,0.28,74,0.405,0.638,0.236,42,0.182,0.778,0.111,22,0.0,1.0,0.0,4
472D0552,CHINCHAVITO,HUANUCO,HUANUCO,mpas15,pp,20260908,20261007,00Z,D1,6h,0.776,5.575,0.197,118,0.784,0.597,0.362,37,0.667,0.785,0.194,21,0.182,0.905,0.067,11,0.0,S/D,0.0,2
472B730C,PUENTE TARUCA,HUANUCO,HUANUCO,ecmwf,pp,20260908,20261007,"00Z,12Z",D1,6h,0.738,1.371,0.272,234,0.885,0.844,0.153,26,0.5,0.945,0.052,8,S/D,1.0,0.0,0,S/D,S/D,S/D,0
472B730C,PUENTE TARUCA,HUANUCO,HUANUCO,gfs,pp,20260908,20261007,"00Z,12Z",D1,6h,0.807,1.362,0.274,234,1.0,0.849,0.151,26,0.5,0.947,0.05,8,S/D,1.0,0.0,0,S/D,S/D,S/D,0
472B730C,PUENTE TARUCA,HUANUCO,HUANUCO,eta5,pp,20260908,20261007,"00Z,12Z",D1,6h,1.173,2.58,0.142,189,0.714,0.839,0.152,21,0.143,0.984,0.014,7,S/D,1.0,0.0,0,S/D,S/D,S/D,0
472B730C,PUENTE TARUCA,HUANUCO,HUANUCO,wrf5,pp,20260908,20261007,"00Z,12Z",D1,6h,-0.013,0.534,0.178,230,0.269,0.682,0.171,26,0.25,0.714,0.154,8,S/D,S/D,S/D,0,S/D,S/D,S/D,0
472B730C,PUENTE TARUCA,HUANUCO,HUANUCO,mpas15,pp,20260908,20261007,00Z,D1,6h,0.836,1.573,0.241,117,0.769,0.811,0.179,13,0.75,0.932,0.067,4,S/D,1.0,0.0,0,S/D,S/D,S/D,0
110140,JESUS DE LAURICOCHA,HUANUCO,LAURICOCHA,ecmwf,pp,20260908,20261007,"00Z,12Z",D1,6h,0.605,1.554,0.273,220,0.767,0.796,0.192,30,0.625,0.896,0.098,8,S/D,1.0,0.0,0,S/D,S/D,S/D,0
110140,JESUS DE LAURICOCHA,HUANUCO,LAURICOCHA,gfs,pp,20260908,20261007,"00Z,12Z",D1,6h,0.83,1.987,0.33,220,1.0,0.808,0.192,30,0.75,0.893,0.103,8,S/D,1.0,0.0,0,S/D,S/D,S/D,0
110140,JESUS DE LAURICOCHA,HUANUCO,LAURICOCHA,eta5,pp,20260908,20261007,"00Z,12Z",D1,6h,0.099,0.944,0.269,177,0.464,0.69,0.228,28,0.0,1.0,0.0,8,S/D,1.0,0.0,0,S/D,S/D,S/D,0
110140,JESUS DE LAURICOCHA,HUANUCO,LAURICOCHA,wrf5,pp,20260908,20261007,"00Z,12Z",D1,6h,0.277,1.342,0.289,216,0.4,0.721,0.197,30,0.25,0.9,0.077,8,S/D,1.0,0.0,0,S/D,S/D,S/D,0
110140,JESUS DE LAURICOCHA,HUANUCO,LAURICOCHA,mpas15,pp,20260908,20261007,00Z,D1,6h,1.1,2.635,0.302,110,0.867,0.729,0.26,15,0.75,0.927,0.071,4,S/D,1.0,0.0,0,S/D,S/D,S/D,0
472DA5AA,PUENTE BELLA,HUANUCO,LEONCIO PRADO,ecmwf,pp,20260908,20261007,"00Z,12Z",D1,6h,0.141,3.803,0.265,236,0.78,0.721,0.258,50,0.469,0.75,0.195,32,0.143,0.778,0.095,14,0.0,S/D,0.0,2
472DA5AA,PUENTE BELLA,HUANUCO,LEONCIO PRADO,gfs,pp,20260908,20261007,"00Z,12Z",D1,6h,0.671,3.539,0.273,236,0.96,0.751,0.246,50,0.75,0.78,0.205,32,0.214,0.833,0.103,14,0.0,S/D,0.0,2
472DA5AA,PUENTE BELLA,HUANUCO,LEONCIO PRADO,eta5,pp,20260908,20261007,"00Z,12Z",D1,6h,3.208,7.09,0.216,191,0.829,0.75,0.238,41,0.786,0.802,0.188,28,0.538,0.892,0.099,13,0.0,1.0,0.0,2
472DA5AA,PUENTE BELLA,HUANUCO,LEONCIO PRADO,wrf5,pp,20260908,20261007,"00Z,12Z",D1,6h,0.591,5.683,0.175,233,0.551,0.727,0.223,49,0.438,0.759,0.184,32,0.071,0.944,0.032,14,0.0,1.0,0.0,2
472DA5AA,PUENTE BELLA,HUANUCO,LEONCIO PRADO,mpas15,pp,20260908,20261007,00Z,D1,6h,1.613,5.965,0.107,118,0.68,0.75,0.224,25,0.625,0.818,0.164,16,0.143,0.947,0.04,7,0.0,1.0,0.0,1
472D1624,PUENTE PEREZ,HUANUCO,LEONCIO PRADO,ecmwf,pp,20260908,20261007,"00Z,12Z",D1,6h,2.987,4.224,S/D,2,S/D,1.0,0.0,0,S/D,1.0,0.0,0,S/D,1.0,0.0,0,S/D,S/D,S/D,0
472D1624,PUENTE PEREZ,HUANUCO,LEONCIO PRADO,gfs,pp,20260908,20261007,"00Z,12Z",D1,6h,1.406,1.482,S/D,2,S/D,1.0,0.0,0,S/D,1.0,0.0,0,S/D,S/D,S/D,0,S/D,S/D,S/D,0
472D1624,PUENTE PEREZ,HUANUCO,LEONCIO PRADO,eta5,pp,20260908,20261007,"00Z,12Z",D1,6h,9.072,10.824,S/D,2,S/D,1.0,0.0,0,S/D,1.0,0.0,0,S/D,1.0,0.0,0,S/D,S/D,S/D,0
472D1624,PUENTE PEREZ,HUANUCO,LEONCIO PRADO,wrf5,pp,20260908,20261007,"00Z,12Z",D1,6h,0.606,0.856,S/D,2,S/D,1.0,0.0,0,S/D,1.0,0.0,0,S/D,S/D,S/D,0,S/D,S/D,S/D,0
472D1624,PUENTE PEREZ,HUANUCO,LEONCIO PRADO,mpas15,pp,20260908,20261007,00Z,D1,6h,0.0,0.0,S/D,1,S/D,S/D,S/D,0,S/D,S/D,S/D,0,S/D,S/D,S/D,0,S/D,S/D,S/D,0
47270400,TINGO MARIA,HUANUCO,LEONCIO PRADO,ecmwf,pp,20260908,20261007,"00Z,12Z",D1,6h,0.04,3.295,0.278,236,0.833,0.75,0.238,42,0.438,0.763,0.182,32,0.25,0.444,0.208,20,S/D,S/D,S/D,0
47270400,TINGO MARIA,HUANUCO,LEONCIO PRADO,gfs,pp,20260908,20261007,"00Z,12Z",D1,6h,0.556,3.321,0.264,236,0.952,0.793,0.205,42,0.688,0.794,0.188,32,0.2,0.778,0.118,20,S/D,S/D,S/D,0
47270400,TINGO MARIA,HUANUCO,LEONCIO PRADO,eta5,pp,20260908,20261007,"00Z,12Z",D1,6h,2.723,6.464,0.129,191,0.737,0.785,0.2,38,0.655,0.826,0.16,29,0.5,0.804,0.164,20,S/D,1.0,0.0,0
47270400,TINGO MARIA,HUANUCO,LEONCIO PRADO,wrf5,pp,20260908,20261007,"00Z,12Z",D1,6h,0.011,4.216,0.208,232,0.55,0.738,0.216,40,0.4,0.667,0.222,30,0.158,0.786,0.1,19,S/D,1.0,0.0,0
47270400,TINGO MARIA,HUANUCO,LEONCIO PRADO,mpas15,pp,20260908,20261007,00Z,D1,6h,1.535,4.96,0.159,118,0.762,0.781,0.205,21,0.688,0.831,0.157,16,0.2,0.9,0.071,10,S/D,1.0,0.0,0
4727A4F8,PUERTO INCA,HUANUCO,PUERTO INCA,ecmwf,pp,20260908,20261007,"00Z,12Z",D1,6h,0.545,3.655,0.363,228,0.955,0.852,0.147,22,0.9,0.866,0.132,10,0.4,0.75,0.182,10,0.0,S/D,0.0,2
4727A4F8,PUERTO INCA,HUANUCO,PUERTO INCA,gfs,pp,20260908,20261007,"00Z,12Z",D1,6h,0.452,4.237,0.356,228,0.864,0.812,0.183,22,0.9,0.839,0.158,10,0.7,0.417,0.467,10,0.0,1.0,0.0,2
4727A4F8,PUERTO INCA,HUANUCO,PUERTO INCA,eta5,pp,20260908,20261007,"00Z,12Z",D1,6h,1.137,5.704,0.12,186,0.55,0.875,0.113,20,0.5,0.921,0.074,10,0.3,0.88,0.094,10,0.0,1.0,0.0,2
4727A4F8,PUERTO INCA,HUANUCO,PUERTO INCA,wrf5,pp,20260908,20261007,"00Z,12Z",D1,6h,0.075,4.156,0.351,224,0.5,0.577,0.297,22,0.6,0.455,0.4,10,0.6,0.333,0.462,10,0.0,1.0,0.0,2
4727A4F8,PUERTO INCA,HUANUCO,PUERTO INCA,mpas15,pp,20260908,20261007,00Z,D1,6h,0.87,4.481,0.289,114,0.909,0.825,0.172,11,1.0,0.894,0.106,5,0.0,1.0,0.0,5,0.0,S/D,0.0,1
109094,PUCA PUCA,HUANUCO,YAROWILCA,ecmwf,pp,20260908,20261007,"00Z,12Z",D1,6h,0.453,1.356,0.289,206,0.808,0.826,0.167,26,0.667,0.922,0.075,6,0.0,S/D,0.0,2,S/D,S/D,S/D,0
109094,PUCA PUCA,HUANUCO,YAROWILCA,gfs,pp,20260908,20261007,"00Z,12Z",D1,6h,0.779,1.447,0.073,206,0.885,0.855,0.142,26,0.667,0.938,0.061,6,1.0,0.5,0.5,2,S/D,S/D,S/D,0
109094,PUCA PUCA,HUANUCO,YAROWILCA,eta5,pp,20260908,20261007,"00Z,12Z",D1,6h,-0.133,1.412,0.133,166,0.522,0.733,0.214,23,0.0,1.0,0.0,6,0.0,S/D,0.0,2,S/D,S/D,S/D,0
109094,PUCA PUCA,HUANUCO,YAROWILCA,wrf5,pp,20260908,20261007,"00Z,12Z",D1,6h,0.241,1.154,0.181,203,0.32,0.843,0.118,25,0.333,0.9,0.083,6,1.0,0.5,0.5,2,S/D,S/D,S/D,0
109094,PUCA PUCA,HUANUCO,YAROWILCA,mpas15,pp,20260908,20261007,00Z,D1,6h,0.893,1.723,0.214,103,0.692,0.8,0.184,13,1.0,0.925,0.075,3,1.0,0.667,0.333,1,S/D,S/D,S/D,0
4728A26A,CONTA M,ICA,CHINCHA,ecmwf,pp,20260908,20261007,"00Z,12Z",D1,6h,-1.147,5.081,0.216,170,0.0,1.0,0.0,14,0.0,S/D,0.0,14,0.0,S/D,0.0,12,0.0,S/D,0.0,2
4728A26A,CONTA M,ICA,CHINCHA,gfs,pp,20260908,20261007,"00Z,12Z",D1,6h,-1.153,5.086,S/D,170,0.0,S/D,0.0,14,0.0,S/D,0.0,14,0.0,S/D,0.0,12,0.0,S/D,0.0,2
4728A26A,CONTA M,ICA,CHINCHA,eta5,pp,20260908,20261007,"00Z,12Z",D1,6h,-1.114,5.304,-0.034,138,0.0,S/D,0.0,10,0.0,S/D,0.0,10,0.0,S/D,0.0,8,0.0,S/D,0.0,2
4728A26A,CONTA M,ICA,CHINCHA,wrf5,pp,20260908,20261007,"00Z,12Z",D1,6h,-1.167,5.13,0.056,167,0.0,1.0,0.0,14,0.0,S/D,0.0,14,0.0,S/D,0.0,12,0.0,S/D,0.0,2
4728A26A,CONTA M,ICA,CHINCHA,mpas15,pp,20260908,20261007,00Z,D1,6h,-1.153,5.086,0.153,85,0.0,S/D,0.0,7,0.0,S/D,0.0,7,0.0,S/D,0.0,6,0.0,S/D,0.0,1
4728B11C,FONAGRO,ICA,CHINCHA,ecmwf,pp,20260908,20261007,"00Z,12Z",D1,6h,0.003,0.007,S/D,234,S/D,S/D,S/D,0,S/D,S/D,S/D,0,S/D,S/D,S/D,0,S/D,S/D,S/D,0
4728B11C,FONAGRO,ICA,CHINCHA,gfs,pp,20260908,20261007,"00Z,12Z",D1,6h,0.007,0.023,S/D,234,S/D,1.0,0.0,0,S/D,S/D,S/D,0,S/D,S/D,S/D,0,S/D,S/D,S/D,0
4728B11C,FONAGRO,ICA,CHINCHA,eta5,pp,20260908,20261007,"00Z,12Z",D1,6h,0.003,0.014,S/D,190,S/D,1.0,0.0,0,S/D,S/D,S/D,0,S/D,S/D,S/D,0,S/D,S/D,S/D,0
4728B11C,FONAGRO,ICA,CHINCHA,wrf5,pp,20260908,20261007,"00Z,12Z",D1,6h,0.005,0.017,S/D,231,S/D,1.0,0.0,0,S/D,S/D,S/D,0,S/D,S/D,S/D,0,S/D,S/D,S/D,0
4728B11C,FONAGRO,ICA,CHINCHA,mpas15,pp,20260908,20261007,00Z,D1,6h,0.0,0.0,S/D,117,S/D,S/D,S/D,0,S/D,S/D,S/D,0,S/D,S/D,S/D,0,S/D,S/D,S/D,0
4728E160,SAN PEDRO DE HUACARPANA,ICA,CHINCHA,ecmwf,pp,20260908,20261007,"00Z,12Z",D1,6h,0.197,0.482,S/D,210,S/D,1.0,0.0,0,S/D,1.0,0.0,0,S/D,S/D,S/D,0,S/D,S/D,S/D,0
4728E160,SAN PEDRO DE HUACARPANA,ICA,CHINCHA,gfs,pp,20260908,20261007,"00Z,12Z",D1,6h,0.167,0.427,S/D,210,S/D,1.0,0.0,0,S/D,1.0,0.0,0,S/D,S/D,S/D,0,S/D,S/D,S/D,0
4728E160,SAN PEDRO DE HUACARPANA,ICA,CHINCHA,eta5,pp,20260908,20261007,"00Z,12Z",D1,6h,0.024,0.195,S/D,168,S/D,1.0,0.0,0,S/D,1.0,0.0,0,S/D,S/D,S/D,0,S/D,S/D,S/D,0
4728E160,SAN PEDRO DE HUACARPANA,ICA,CHINCHA,wrf5,pp,20260908,20261007,"00Z,12Z",D1,6h,0.053,0.223,S/D,206,S/D,1.0,0.0,0,S/D,1.0,0.0,0,S/D,S/D,S/D,0,S/D,S/D,S/D,0
4728E160,SAN PEDRO DE HUACARPANA,ICA,CHINCHA,mpas15,pp,20260908,20261007,00Z,D1,6h,0.152,0.521,S/D,105,S/D,1.0,0.0,0,S/D,1.0,0.0,0,S/D,S/D,S/D,0,S/D,S/D,S/D,0
472A446C,BETA SANTIAGO,ICA,ICA,ecmwf,pp,20260908,20261007,"00Z,12Z",D1,6h,0.0,0.012,0.298,190,0.25,0.0,0.25,4,S/D,S/D,S/D,0,S/D,S/D,S/D,0,S/D,S/D,S/D,0
472A446C,BETA SANTIAGO,ICA,ICA,gfs,pp,20260908,20261007,"00Z,12Z",D1,6h,-0.002,0.015,S/D,190,0.0,S/D,0.0,4,S/D,S/D,S/D,0,S/D,S/D,S/D,0,S/D,S/D,S/D,0
472A446C,BETA SANTIAGO,ICA,ICA,eta5,pp,20260908,20261007,"00Z,12Z",D1,6h,-0.001,0.011,S/D,155,0.0,S/D,0.0,2,S/D,S/D,S/D,0,S/D,S/D,S/D,0,S/D,S/D,S/D,0
472A446C,BETA SANTIAGO,ICA,ICA,wrf5,pp,20260908,20261007,"00Z,12Z",D1,6h,-0.002,0.014,0.232,187,0.0,S/D,0.0,4,S/D,S/D,S/D,0,S/D,S/D,S/D,0,S/D,S/D,S/D,0
472A446C,BETA SANTIAGO,ICA,ICA,mpas15,pp,20260908,20261007,00Z,D1,6h,-0.002,0.015,0.088,95,0.0,S/D,0.0,2,S/D,S/D,S/D,0,S/D,S/D,S/D,0,S/D,S/D,S/D,0
213503,HUAMANI EL TAMBO,ICA,ICA,ecmwf,pp,20260908,20261007,"00Z,12Z",D1,6h,S/D,S/D,S/D,0,S/D,S/D,S/D,0,S/D,S/D,S/D,0,S/D,S/D,S/D,0,S/D,S/D,S/D,0
213503,HUAMANI EL TAMBO,ICA,ICA,gfs,pp,20260908,20261007,"00Z,12Z",D1,6h,S/D,S/D,S/D,0,S/D,S/D,S/D,0,S/D,S/D,S/D,0,S/D,S/D,S/D,0,S/D,S/D,S/D,0
213503,HUAMANI EL TAMBO,ICA,ICA,eta5,pp,20260908,20261007,"00Z,12Z",D1,6h,S/D,S/D,S/D,0,S/D,S/D,S/D,0,S/D,S/D,S/D,0,S/D,S/D,S/D,0,S/D,S/D,S/D,0
213503,HUAMANI EL TAMBO,ICA,ICA,wrf5,pp,20260908,20261007,"00Z,12Z",D1,6h,S/D,S/D,S/D,0,S/D,S/D,S/D,0,S/D,S/D,S/D,0,S/D,S/D,S/D,0,S/D,S/D,S/D,0
213503,HUAMANI EL TAMBO,ICA,ICA,mpas15,pp,20260908,20261007,00Z,D1,6h,S/D,S/D,S/D,0,S/D,S/D,S/D,0,S/D,S/D,S/D,0,S/D,S/D,S/D,0,S/D,S/D,S/D,0
213506,LOS MOLINOS,ICA,ICA,ecmwf,pp,20260908,20261007,"00Z,12Z",D1,6h,S/D,S/D,S/D,0,S/D,S/D,S/D,0,S/D,S/D,S/D,0,S/D,S/D,S/D,0,S/D,S/D,S/D,0
213506,LOS MOLINOS,ICA,ICA,gfs,pp,20260908,20261007,"00Z,12Z",D1,6h,S/D,S/D,S/D,0,S/D,S/D,S/D,0,S/D,S/D,S/D,0,S/D,S/D,S/D,0,S/D,S/D,S/D,0
213506,LOS MOLINOS,ICA,ICA,eta5,pp,20260908,20261007,"00Z,12Z",D1,6h,S/D,S/D,S/D,0,S/D,S/D,S/D,0,S/D,S/D,S/D,0,S/D,S/D,S/D,0,S/D,S/D,S/D,0
213506,LOS MOLINOS,ICA,ICA,wrf5,pp,20260908,20261007,"00Z,12Z",D1,6h,S/D,S/D,S/D,0,S/D,S/D,S/D,0,S/D,S/D,S/D,0,S/D,S/D,S/D,0,S/D,S/D,S/D,0
213506,LOS MOLINOS,ICA,ICA,mpas15,pp,20260908,20261007,00Z,D1,6h,S/D,S/D,S/D,0,S/D,S/D,S/D,0,S/D,S/D,S/D,0,S/D,S/D,S/D,0,S/D,S/D,S/D,0
114139,COPARA,ICA,NASCA,ecmwf,pp,20260908,20261007,"00Z,12Z",D1,6h,0.019,0.028,S/D,26,S/D,S/D,S/D,0,S/D,S/D,S/D,0,S/D,S/D,S/D,0,S/D,S/D,S/D,0
114139,COPARA,ICA,NASCA,gfs,pp,20260908,20261007,"00Z,12Z",D1,6h,0.0,0.0,S/D,26,S/D,S/D,S/D,0,S/D,S/D,S/D,0,S/D,S/D,S/D,0,S/D,S/D,S/D,0
114139,COPARA,ICA,NASCA,eta5,pp,20260908,20261007,"00Z,12Z",D1,6h,0.0,0.0,S/D,21,S/D,S/D,S/D,0,S/D,S/D,S/D,0,S/D,S/D,S/D,0,S/D,S/D,S/D,0
114139,COPARA,ICA,NASCA,wrf5,pp,20260908,20261007,"00Z,12Z",D1,6h,0.0,0.002,S/D,25,S/D,S/D,S/D,0,S/D,S/D,S/D,0,S/D,S/D,S/D,0,S/D,S/D,S/D,0
114139,COPARA,ICA,NASCA,mpas15,pp,20260908,20261007,00Z,D1,6h,0.0,0.0,S/D,13,S/D,S/D,S/D,0,S/D,S/D,S/D,0,S/D,S/D,S/D,0,S/D,S/D,S/D,0
114136,PALPA,ICA,PALPA,ecmwf,pp,20260908,20261007,"00Z,12Z",D1,6h,S/D,S/D,S/D,0,S/D,S/D,S/D,0,S/D,S/D,S/D,0,S/D,S/D,S/D,0,S/D,S/D,S/D,0
114136,PALPA,ICA,PALPA,gfs,pp,20260908,20261007,"00Z,12Z",D1,6h,S/D,S/D,S/D,0,S/D,S/D,S/D,0,S/D,S/D,S/D,0,S/D,S/D,S/D,0,S/D,S/D,S/D,0
114136,PALPA,ICA,PALPA,eta5,pp,20260908,20261007,"00Z,12Z",D1,6h,S/D,S/D,S/D,0,S/D,S/D,S/D,0,S/D,S/D,S/D,0,S/D,S/D,S/D,0,S/D,S/D,S/D,0
114136,PALPA,ICA,PALPA,wrf5,pp,20260908,20261007,"00Z,12Z",D1,6h,S/D,S/D,S/D,0,S/D,S/D,S/D,0,S/D,S/D,S/D,0,S/D,S/D,S/D,0,S/D,S/D,S/D,0
114136,PALPA,ICA,PALPA,mpas15,pp,20260908,20261007,00Z,D1,6h,S/D,S/D,S/D,0,S/D,S/D,S/D,0,S/D,S/D,S/D,0,S/D,S/D,S/D,0,S/D,S/D,S/D,0
114140,PAMPA BLANCA,ICA,PALPA,ecmwf,pp,20260908,20261007,"00Z,12Z",D1,6h,0.32,0.584,S/D,6,S/D,1.0,0.0,0,S/D,1.0,0.0,0,S/D,S/D,S/D,0,S/D,S/D,S/D,0
114140,PAMPA BLANCA,ICA,PALPA,gfs,pp,20260908,20261007,"00Z,12Z",D1,6h,0.021,0.036,S/D,6,S/D,S/D,S/D,0,S/D,S/D,S/D,0,S/D,S/D,S/D,0,S/D,S/D,S/D,0
114140,PAMPA BLANCA,ICA,PALPA,eta5,pp,20260908,20261007,"00Z,12Z",D1,6h,0.0,0.0,S/D,5,S/D,S/D,S/D,0,S/D,S/D,S/D,0,S/D,S/D,S/D,0,S/D,S/D,S/D,0
114140,PAMPA BLANCA,ICA,PALPA,wrf5,pp,20260908,20261007,"00Z,12Z",D1,6h,0.007,0.016,S/D,6,S/D,S/D,S/D,0,S/D,S/D,S/D,0,S/D,S/D,S/D,0,S/D,S/D,S/D,0
114140,PAMPA BLANCA,ICA,PALPA,mpas15,pp,20260908,20261007,00Z,D1,6h,0.0,0.0,S/D,3,S/D,S/D,S/D,0,S/D,S/D,S/D,0,S/D,S/D,S/D,0,S/D,S/D,S/D,0
213403,LETRAYOC,ICA,PISCO,ecmwf,pp,20260908,20261007,"00Z,12Z",D1,6h,S/D,S/D,S/D,0,S/D,S/D,S/D,0,S/D,S/D,S/D,0,S/D,S/D,S/D,0,S/D,S/D,S/D,0
213403,LETRAYOC,ICA,PISCO,gfs,pp,20260908,20261007,"00Z,12Z",D1,6h,S/D,S/D,S/D,0,S/D,S/D,S/D,0,S/D,S/D,S/D,0,S/D,S/D,S/D,0,S/D,S/D,S/D,0
213403,LETRAYOC,ICA,PISCO,eta5,pp,20260908,20261007,"00Z,12Z",D1,6h,S/D,S/D,S/D,0,S/D,S/D,S/D,0,S/D,S/D,S/D,0,S/D,S/D,S/D,0,S/D,S/D,S/D,0
213403,LETRAYOC,ICA,PISCO,wrf5,pp,20260908,20261007,"00Z,12Z",D1,6h,S/D,S/D,S/D,0,S/D,S/D,S/D,0,S/D,S/D,S/D,0,S/D,S/D,S/D,0,S/D,S/D,S/D,0
213403,LETRAYOC,ICA,PISCO,mpas15,pp,20260908,20261007,00Z,D1,6h,S/D,S/D,S/D,0,S/D,S/D,S/D,0,S/D,S/D,S/D,0,S/D,S/D,S/D,0,S/D,S/D,S/D,0
472DF5D6,HUAYTAPALLANA,JUNIN,HUANCAYO,ecmwf,pp,20260908,20261007,"00Z,12Z",D1,6h,0.536,1.642,0.43,232,0.833,0.612,0.36,48,0.562,0.847,0.136,16,0.0,1.0,0.0,2,S/D,S/D,S/D,0
472DF5D6,HUAYTAPALLANA,JUNIN,HUANCAYO,gfs,pp,20260908,20261007,"00Z,12Z",D1,6h,0.999,2.315,0.413,232,0.917,0.735,0.259,48,0.625,0.882,0.11,16,0.0,1.0,0.0,2,S/D,S/D,S/D,0
472DF5D6,HUAYTAPALLANA,JUNIN,HUANCAYO,eta5,pp,20260908,20261007,"00Z,12Z",D1,6h,-0.077,1.218,0.528,187,0.641,0.405,0.446,39,0.25,0.7,0.158,12,0.0,S/D,0.0,2,S/D,S/D,S/D,0
472DF5D6,HUAYTAPALLANA,JUNIN,HUANCAYO,wrf5,pp,20260908,20261007,"00Z,12Z",D1,6h,0.504,2.266,0.419,229,0.708,0.564,0.37,48,0.312,0.868,0.102,16,0.0,1.0,0.0,2,S/D,S/D,S/D,0
472DF5D6,HUAYTAPALLANA,JUNIN,HUANCAYO,mpas15,pp,20260908,20261007,00Z,D1,6h,0.558,1.888,0.32,116,0.667,0.636,0.308,24,0.5,0.879,0.108,8,0.0,1.0,0.0,1,S/D,S/D,S/D,0
111288,CHACAPALPA,JUNIN,JAUJA,ecmwf,pp,20260908,20261007,"00Z,12Z",D1,6h,S/D,S/D,S/D,0,S/D,S/D,S/D,0,S/D,S/D,S/D,0,S/D,S/D,S/D,0,S/D,S/D,S/D,0
111288,CHACAPALPA,JUNIN,JAUJA,gfs,pp,20260908,20261007,"00Z,12Z",D1,6h,S/D,S/D,S/D,0,S/D,S/D,S/D,0,S/D,S/D,S/D,0,S/D,S/D,S/D,0,S/D,S/D,S/D,0
111288,CHACAPALPA,JUNIN,JAUJA,eta5,pp,20260908,20261007,"00Z,12Z",D1,6h,S/D,S/D,S/D,0,S/D,S/D,S/D,0,S/D,S/D,S/D,0,S/D,S/D,S/D,0,S/D,S/D,S/D,0
111288,CHACAPALPA,JUNIN,JAUJA,wrf5,pp,20260908,20261007,"00Z,12Z",D1,6h,S/D,S/D,S/D,0,S/D,S/D,S/D,0,S/D,S/D,S/D,0,S/D,S/D,S/D,0,S/D,S/D,S/D,0
111288,CHACAPALPA,JUNIN,JAUJA,mpas15,pp,20260908,20261007,00Z,D1,6h,S/D,S/D,S/D,0,S/D,S/D,S/D,0,S/D,S/D,S/D,0,S/D,S/D,S/D,0,S/D,S/D,S/D,0
111299,POTSOTENI,JUNIN,SATIPO,ecmwf,pp,20260908,20261007,"00Z,12Z",D1,6h,1.246,2.44,0.091,234,0.944,0.906,0.094,18,0.6,0.935,0.062,10,0.0,1.0,0.0,2,S/D,S/D,S/D,0
111299,POTSOTENI,JUNIN,SATIPO,gfs,pp,20260908,20261007,"00Z,12Z",D1,6h,0.929,1.971,0.02,234,0.667,0.917,0.079,18,0.4,0.948,0.048,10,0.0,1.0,0.0,2,S/D,S/D,S/D,0
111299,POTSOTENI,JUNIN,SATIPO,eta5,pp,20260908,20261007,"00Z,12Z",D1,6h,1.998,4.119,0.158,190,0.722,0.875,0.119,18,0.7,0.916,0.081,10,0.0,1.0,0.0,2,S/D,S/D,S/D,0
111299,POTSOTENI,JUNIN,SATIPO,wrf5,pp,20260908,20261007,"00Z,12Z",D1,6h,0.603,5.492,0.197,231,0.5,0.775,0.184,18,0.2,0.857,0.091,10,0.0,1.0,0.0,2,S/D,1.0,0.0,0
111299,POTSOTENI,JUNIN,SATIPO,mpas15,pp,20260908,20261007,00Z,D1,6h,0.95,2.15,0.021,117,0.444,0.93,0.065,9,0.6,0.932,0.065,5,0.0,1.0,0.0,1,S/D,S/D,S/D,0
4725C4EA,SATIPO,JUNIN,SATIPO,ecmwf,pp,20260908,20261007,"00Z,12Z",D1,6h,-0.161,3.697,0.312,236,0.917,0.779,0.217,36,0.577,0.754,0.208,26,0.111,0.75,0.083,18,S/D,S/D,S/D,0
4725C4EA,SATIPO,JUNIN,SATIPO,gfs,pp,20260908,20261007,"00Z,12Z",D1,6h,-0.004,3.802,0.224,236,0.806,0.809,0.182,36,0.538,0.823,0.154,26,0.111,0.75,0.083,18,S/D,S/D,S/D,0
4725C4EA,SATIPO,JUNIN,SATIPO,eta5,pp,20260908,20261007,"00Z,12Z",D1,6h,1.518,5.722,0.07,191,0.559,0.824,0.154,34,0.56,0.839,0.143,25,0.444,0.805,0.157,18,S/D,S/D,S/D,0
4725C4EA,SATIPO,JUNIN,SATIPO,wrf5,pp,20260908,20261007,"00Z,12Z",D1,6h,-0.38,4.663,0.26,232,0.5,0.69,0.237,36,0.269,0.731,0.156,26,0.056,0.875,0.04,18,S/D,1.0,0.0,0
4725C4EA,SATIPO,JUNIN,SATIPO,mpas15,pp,20260908,20261007,00Z,D1,6h,0.87,4.312,0.225,118,0.889,0.775,0.219,18,0.692,0.85,0.141,13,0.222,0.867,0.091,9,S/D,S/D,S/D,0
47257764,TARMA,JUNIN,TARMA,ecmwf,pp,20260908,20261007,"00Z,12Z",D1,6h,0.291,1.042,0.405,226,0.857,0.753,0.238,28,0.75,0.727,0.25,12,0.25,0.667,0.167,4,S/D,S/D,S/D,0
47257764,TARMA,JUNIN,TARMA,gfs,pp,20260908,20261007,"00Z,12Z",D1,6h,0.754,1.902,0.332,226,0.857,0.836,0.16,28,0.667,0.86,0.131,12,0.5,0.846,0.133,4,S/D,S/D,S/D,0
47257764,TARMA,JUNIN,TARMA,eta5,pp,20260908,20261007,"00Z,12Z",D1,6h,0.871,2.037,0.289,184,0.893,0.766,0.227,28,0.917,0.828,0.169,12,0.0,1.0,0.0,4,S/D,S/D,S/D,0
47257764,TARMA,JUNIN,TARMA,wrf5,pp,20260908,20261007,"00Z,12Z",D1,6h,0.081,1.225,0.32,222,0.519,0.65,0.264,27,0.364,0.789,0.154,11,0.0,1.0,0.0,4,S/D,S/D,S/D,0
47257764,TARMA,JUNIN,TARMA,mpas15,pp,20260908,20261007,00Z,D1,6h,0.395,1.395,0.272,113,0.714,0.73,0.244,14,0.833,0.828,0.167,6,0.0,1.0,0.0,2,S/D,S/D,S/D,0
472D9030,MARCAPOMACOCHA,JUNIN,YAULI,ecmwf,pp,20260908,20261007,"00Z,12Z",D1,6h,0.504,1.191,0.541,236,0.94,0.605,0.385,50,0.833,0.792,0.2,12,S/D,1.0,0.0,0,S/D,S/D,S/D,0
472D9030,MARCAPOMACOCHA,JUNIN,YAULI,gfs,pp,20260908,20261007,"00Z,12Z",D1,6h,0.768,2.087,0.41,236,0.86,0.629,0.35,50,0.667,0.843,0.145,12,S/D,1.0,0.0,0,S/D,S/D,S/D,0
472D9030,MARCAPOMACOCHA,JUNIN,YAULI,eta5,pp,20260908,20261007,"00Z,12Z",D1,6h,0.151,0.782,0.517,191,0.638,0.388,0.455,47,0.5,0.647,0.261,12,S/D,S/D,S/D,0,S/D,S/D,S/D,0
472D9030,MARCAPOMACOCHA,JUNIN,YAULI,wrf5,pp,20260908,20261007,"00Z,12Z",D1,6h,0.752,2.713,0.461,233,0.612,0.559,0.345,49,0.818,0.727,0.257,11,S/D,1.0,0.0,0,S/D,1.0,0.0,0
472D9030,MARCAPOMACOCHA,JUNIN,YAULI,mpas15,pp,20260908,20261007,00Z,D1,6h,0.741,2.503,0.395,118,0.72,0.55,0.383,25,0.5,0.885,0.103,6,S/D,1.0,0.0,0,S/D,S/D,S/D,0
472D30C8,CASAGRANDE,LA LIBERTAD,ASCOPE,ecmwf,pp,20260908,20261007,"00Z,12Z",D1,6h,0.017,0.075,0.179,232,0.167,0.9,0.067,6,S/D,S/D,S/D,0,S/D,S/D,S/D,0,S/D,S/D,S/D,0
472D30C8,CASAGRANDE,LA LIBERTAD,ASCOPE,gfs,pp,20260908,20261007,"00Z,12Z",D1,6h,-0.002,0.015,0.396,232,0.0,S/D,0.0,6,S/D,S/D,S/D,0,S/D,S/D,S/D,0,S/D,S/D,S/D,0
472D30C8,CASAGRANDE,LA LIBERTAD,ASCOPE,eta5,pp,20260908,20261007,"00Z,12Z",D1,6h,0.021,0.071,0.198,187,0.5,0.875,0.111,4,S/D,S/D,S/D,0,S/D,S/D,S/D,0,S/D,S/D,S/D,0
472D30C8,CASAGRANDE,LA LIBERTAD,ASCOPE,wrf5,pp,20260908,20261007,"00Z,12Z",D1,6h,0.0,0.017,0.266,229,0.0,S/D,0.0,6,S/D,S/D,S/D,0,S/D,S/D,S/D,0,S/D,S/D,S/D,0
472D30C8,CASAGRANDE,LA LIBERTAD,ASCOPE,mpas15,pp,20260908,20261007,00Z,D1,6h,0.002,0.049,-0.018,116,0.0,1.0,0.0,3,S/D,S/D,S/D,0,S/D,S/D,S/D,0,S/D,S/D,S/D,0
211001,SALINAR,LA LIBERTAD,ASCOPE,ecmwf,pp,20260908,20261007,"00Z,12Z",D1,6h,0.031,0.085,S/D,230,S/D,1.0,0.0,0,S/D,S/D,S/D,0,S/D,S/D,S/D,0,S/D,S/D,S/D,0
211001,SALINAR,LA LIBERTAD,ASCOPE,gfs,pp,20260908,20261007,"00Z,12Z",D1,6h,0.002,0.015,S/D,230,S/D,1.0,0.0,0,S/D,S/D,S/D,0,S/D,S/D,S/D,0,S/D,S/D,S/D,0
211001,SALINAR,LA LIBERTAD,ASCOPE,eta5,pp,20260908,20261007,"00Z,12Z",D1,6h,0.017,0.077,S/D,186,S/D,1.0,0.0,0,S/D,S/D,S/D,0,S/D,S/D,S/D,0,S/D,S/D,S/D,0
211001,SALINAR,LA LIBERTAD,ASCOPE,wrf5,pp,20260908,20261007,"00Z,12Z",D1,6h,0.003,0.012,S/D,227,S/D,1.0,0.0,0,S/D,S/D,S/D,0,S/D,S/D,S/D,0,S/D,S/D,S/D,0
211001,SALINAR,LA LIBERTAD,ASCOPE,mpas15,pp,20260908,20261007,00Z,D1,6h,0.035,0.228,S/D,115,S/D,1.0,0.0,0,S/D,1.0,0.0,0,S/D,S/D,S/D,0,S/D,S/D,S/D,0
472EA2A4,CASCAS,LA LIBERTAD,GRAN CHIMU,ecmwf,pp,20260908,20261007,"00Z,12Z",D1,6h,0.589,1.633,0.088,236,0.667,0.966,0.033,6,S/D,1.0,0.0,0,S/D,1.0,0.0,0,S/D,S/D,S/D,0
472EA2A4,CASCAS,LA LIBERTAD,GRAN CHIMU,gfs,pp,20260908,20261007,"00Z,12Z",D1,6h,0.299,0.617,-0.068,236,0.333,0.982,0.017,6,S/D,1.0,0.0,0,S/D,S/D,S/D,0,S/D,S/D,S/D,0
472EA2A4,CASCAS,LA LIBERTAD,GRAN CHIMU,eta5,pp,20260908,20261007,"00Z,12Z",D1,6h,0.386,1.277,-0.102,191,0.0,1.0,0.0,4,S/D,1.0,0.0,0,S/D,1.0,0.0,0,S/D,S/D,S/D,0
472EA2A4,CASCAS,LA LIBERTAD,GRAN CHIMU,wrf5,pp,20260908,20261007,"00Z,12Z",D1,6h,0.025,0.118,0.045,233,0.0,1.0,0.0,6,S/D,1.0,0.0,0,S/D,S/D,S/D,0,S/D,S/D,S/D,0
472EA2A4,CASCAS,LA LIBERTAD,GRAN CHIMU,mpas15,pp,20260908,20261007,00Z,D1,6h,0.627,1.594,0.174,118,0.667,0.939,0.059,3,S/D,1.0,0.0,0,S/D,1.0,0.0,0,S/D,S/D,S/D,0
47E0A2A8,EL TAMBO,LA LIBERTAD,GRAN CHIMU,ecmwf,pp,20260908,20261007,"00Z,12Z",D1,6h,0.592,1.644,S/D,232,S/D,1.0,0.0,0,S/D,1.0,0.0,0,S/D,1.0,0.0,0,S/D,S/D,S/D,0
47E0A2A8,EL TAMBO,LA LIBERTAD,GRAN CHIMU,gfs,pp,20260908,20261007,"00Z,12Z",D1,6h,0.311,0.623,S/D,232,S/D,1.0,0.0,0,S/D,1.0,0.0,0,S/D,S/D,S/D,0,S/D,S/D,S/D,0
47E0A2A8,EL TAMBO,LA LIBERTAD,GRAN CHIMU,eta5,pp,20260908,20261007,"00Z,12Z",D1,6h,0.808,2.137,S/D,188,S/D,1.0,0.0,0,S/D,1.0,0.0,0,S/D,1.0,0.0,0,S/D,S/D,S/D,0
47E0A2A8,EL TAMBO,LA LIBERTAD,GRAN CHIMU,wrf5,pp,20260908,20261007,"00Z,12Z",D1,6h,0.02,0.121,S/D,228,S/D,1.0,0.0,0,S/D,1.0,0.0,0,S/D,S/D,S/D,0,S/D,S/D,S/D,0
47E0A2A8,EL TAMBO,LA LIBERTAD,GRAN CHIMU,mpas15,pp,20260908,20261007,00Z,D1,6h,0.556,1.557,S/D,116,S/D,1.0,0.0,0,S/D,1.0,0.0,0,S/D,1.0,0.0,0,S/D,S/D,S/D,0
472D552E,LUCMA,LA LIBERTAD,GRAN CHIMU,ecmwf,pp,20260908,20261007,"00Z,12Z",D1,6h,0.252,1.706,0.157,236,1.0,0.963,0.037,4,0.0,1.0,0.0,2,0.0,1.0,0.0,2,S/D,S/D,S/D,0
472D552E,LUCMA,LA LIBERTAD,GRAN CHIMU,gfs,pp,20260908,20261007,"00Z,12Z",D1,6h,0.62,2.018,0.2,236,1.0,0.972,0.028,4,1.0,0.961,0.039,2,0.0,1.0,0.0,2,S/D,S/D,S/D,0
472D552E,LUCMA,LA LIBERTAD,GRAN CHIMU,eta5,pp,20260908,20261007,"00Z,12Z",D1,6h,0.004,1.785,0.234,191,0.75,0.923,0.075,4,0.0,1.0,0.0,2,0.0,1.0,0.0,2,S/D,S/D,S/D,0
472D552E,LUCMA,LA LIBERTAD,GRAN CHIMU,wrf5,pp,20260908,20261007,"00Z,12Z",D1,6h,-0.048,1.615,0.12,233,0.5,0.882,0.105,4,0.0,1.0,0.0,2,0.0,1.0,0.0,2,S/D,S/D,S/D,0
472D552E,LUCMA,LA LIBERTAD,GRAN CHIMU,mpas15,pp,20260908,20261007,00Z,D1,6h,0.731,2.248,0.213,118,1.0,0.949,0.051,2,1.0,0.968,0.032,1,1.0,0.8,0.2,1,S/D,S/D,S/D,0
472CC2B6,MARMOT,LA LIBERTAD,GRAN CHIMU,ecmwf,pp,20260908,20261007,"00Z,12Z",D1,6h,S/D,S/D,S/D,0,S/D,S/D,S/D,0,S/D,S/D,S/D,0,S/D,S/D,S/D,0,S/D,S/D,S/D,0
472CC2B6,MARMOT,LA LIBERTAD,GRAN CHIMU,gfs,pp,20260908,20261007,"00Z,12Z",D1,6h,S/D,S/D,S/D,0,S/D,S/D,S/D,0,S/D,S/D,S/D,0,S/D,S/D,S/D,0,S/D,S/D,S/D,0
472CC2B6,MARMOT,LA LIBERTAD,GRAN CHIMU,eta5,pp,20260908,20261007,"00Z,12Z",D1,6h,S/D,S/D,S/D,0,S/D,S/D,S/D,0,S/D,S/D,S/D,0,S/D,S/D,S/D,0,S/D,S/D,S/D,0
472CC2B6,MARMOT,LA LIBERTAD,GRAN CHIMU,wrf5,pp,20260908,20261007,"00Z,12Z",D1,6h,S/D,S/D,S/D,0,S/D,S/D,S/D,0,S/D,S/D,S/D,0,S/D,S/D,S/D,0,S/D,S/D,S/D,0
472CC2B6,MARMOT,LA LIBERTAD,GRAN CHIMU,mpas15,pp,20260908,20261007,00Z,D1,6h,S/D,S/D,S/D,0,S/D,S/D,S/D,0,S/D,S/D,S/D,0,S/D,S/D,S/D,0,S/D,S/D,S/D,0
472E5220,PUENTE PALMIRA,LA LIBERTAD,GRAN CHIMU,ecmwf,pp,20260908,20261007,"00Z,12Z",D1,6h,0.598,1.641,S/D,234,S/D,1.0,0.0,0,S/D,1.0,0.0,0,S/D,1.0,0.0,0,S/D,S/D,S/D,0
472E5220,PUENTE PALMIRA,LA LIBERTAD,GRAN CHIMU,gfs,pp,20260908,20261007,"00Z,12Z",D1,6h,0.305,0.619,S/D,234,S/D,1.0,0.0,0,S/D,1.0,0.0,0,S/D,S/D,S/D,0,S/D,S/D,S/D,0
472E5220,PUENTE PALMIRA,LA LIBERTAD,GRAN CHIMU,eta5,pp,20260908,20261007,"00Z,12Z",D1,6h,0.63,2.01,S/D,190,S/D,1.0,0.0,0,S/D,1.0,0.0,0,S/D,1.0,0.0,0,S/D,S/D,S/D,0
472E5220,PUENTE PALMIRA,LA LIBERTAD,GRAN CHIMU,wrf5,pp,20260908,20261007,"00Z,12Z",D1,6h,0.011,0.068,S/D,231,S/D,1.0,0.0,0,S/D,S/D,S/D,0,S/D,S/D,S/D,0,S/D,S/D,S/D,0
472E5220,PUENTE PALMIRA,LA LIBERTAD,GRAN CHIMU,mpas15,pp,20260908,20261007,00Z,D1,6h,0.12,0.539,S/D,117,S/D,1.0,0.0,0,S/D,1.0,0.0,0,S/D,S/D,S/D,0,S/D,S/D,S/D,0
472D8346,CALLANCAS,LA LIBERTAD,OTUZCO,ecmwf,pp,20260908,20261007,"00Z,12Z",D1,6h,0.293,0.965,0.204,236,0.786,0.899,0.098,14,0.5,0.912,0.081,6,S/D,1.0,0.0,0,S/D,S/D,S/D,0
472D8346,CALLANCAS,LA LIBERTAD,OTUZCO,gfs,pp,20260908,20261007,"00Z,12Z",D1,6h,0.661,1.598,0.215,236,0.857,0.917,0.082,14,0.5,0.941,0.056,6,S/D,1.0,0.0,0,S/D,S/D,S/D,0
472D8346,CALLANCAS,LA LIBERTAD,OTUZCO,eta5,pp,20260908,20261007,"00Z,12Z",D1,6h,1.583,3.44,0.222,191,0.909,0.899,0.1,11,0.5,0.966,0.033,4,S/D,1.0,0.0,0,S/D,S/D,S/D,0
472D8346,CALLANCAS,LA LIBERTAD,OTUZCO,wrf5,pp,20260908,20261007,"00Z,12Z",D1,6h,-0.023,0.678,0.26,233,0.429,0.739,0.194,14,0.0,1.0,0.0,6,S/D,S/D,S/D,0,S/D,S/D,S/D,0
472D8346,CALLANCAS,LA LIBERTAD,OTUZCO,mpas15,pp,20260908,20261007,00Z,D1,6h,0.559,1.744,0.155,118,0.714,0.848,0.143,7,0.667,0.917,0.08,3,S/D,1.0,0.0,0,S/D,S/D,S/D,0
472EB1D2,CAPACHIQUE,LA LIBERTAD,OTUZCO,ecmwf,pp,20260908,20261007,"00Z,12Z",D1,6h,0.405,1.406,0.187,236,0.682,0.868,0.124,22,0.375,0.914,0.075,8,0.0,1.0,0.0,4,S/D,S/D,S/D,0
472EB1D2,CAPACHIQUE,LA LIBERTAD,OTUZCO,gfs,pp,20260908,20261007,"00Z,12Z",D1,6h,0.915,1.925,0.235,236,0.864,0.881,0.117,22,0.625,0.924,0.072,8,0.5,0.867,0.118,4,S/D,S/D,S/D,0
472EB1D2,CAPACHIQUE,LA LIBERTAD,OTUZCO,eta5,pp,20260908,20261007,"00Z,12Z",D1,6h,0.441,1.405,0.11,191,0.533,0.873,0.114,15,0.4,0.933,0.061,5,0.333,0.8,0.143,3,S/D,S/D,S/D,0
472EB1D2,CAPACHIQUE,LA LIBERTAD,OTUZCO,wrf5,pp,20260908,20261007,"00Z,12Z",D1,6h,0.413,1.827,0.169,233,0.5,0.838,0.139,22,0.625,0.821,0.161,8,0.5,0.75,0.2,4,S/D,S/D,S/D,0
472EB1D2,CAPACHIQUE,LA LIBERTAD,OTUZCO,mpas15,pp,20260908,20261007,00Z,D1,6h,0.813,2.328,0.112,118,0.455,0.872,0.111,11,0.5,0.938,0.059,4,0.0,1.0,0.0,2,S/D,S/D,S/D,0
107131,LA FORTUNA,LA LIBERTAD,OTUZCO,ecmwf,pp,20260908,20261007,"00Z,12Z",D1,6h,0.098,1.648,0.334,236,0.794,0.75,0.235,34,0.357,0.853,0.116,14,0.0,1.0,0.0,2,S/D,S/D,S/D,0
107131,LA FORTUNA,LA LIBERTAD,OTUZCO,gfs,pp,20260908,20261007,"00Z,12Z",D1,6h,0.466,1.905,0.366,236,0.882,0.793,0.201,34,0.714,0.804,0.182,14,0.0,1.0,0.0,2,S/D,S/D,S/D,0
107131,LA FORTUNA,LA LIBERTAD,OTUZCO,eta5,pp,20260908,20261007,"00Z,12Z",D1,6h,-0.28,1.731,0.375,191,0.167,0.5,0.143,24,0.0,S/D,0.0,10,0.0,S/D,0.0,2,S/D,S/D,S/D,0
107131,LA FORTUNA,LA LIBERTAD,OTUZCO,wrf5,pp,20260908,20261007,"00Z,12Z",D1,6h,0.468,2.675,0.314,232,0.618,0.712,0.244,34,0.571,0.742,0.216,14,0.5,0.917,0.077,2,S/D,S/D,S/D,0
107131,LA FORTUNA,LA LIBERTAD,OTUZCO,mpas15,pp,20260908,20261007,00Z,D1,6h,0.508,1.852,0.175,118,0.588,0.73,0.227,17,0.857,0.8,0.194,7,1.0,0.8,0.2,1,S/D,S/D,S/D,0
472E74CC,PUENTE COINA,LA LIBERTAD,OTUZCO,ecmwf,pp,20260908,20261007,"00Z,12Z",D1,6h,0.331,0.866,0.129,234,0.6,0.78,0.192,40,S/D,1.0,0.0,0,S/D,1.0,0.0,0,S/D,S/D,S/D,0
472E74CC,PUENTE COINA,LA LIBERTAD,OTUZCO,gfs,pp,20260908,20261007,"00Z,12Z",D1,6h,0.702,1.499,0.095,234,0.7,0.807,0.178,40,S/D,1.0,0.0,0,S/D,1.0,0.0,0,S/D,S/D,S/D,0
472E74CC,PUENTE COINA,LA LIBERTAD,OTUZCO,eta5,pp,20260908,20261007,"00Z,12Z",D1,6h,0.429,1.339,0.033,190,0.348,0.849,0.118,23,S/D,1.0,0.0,0,S/D,1.0,0.0,0,S/D,S/D,S/D,0
472E74CC,PUENTE COINA,LA LIBERTAD,OTUZCO,wrf5,pp,20260908,20261007,"00Z,12Z",D1,6h,0.308,1.533,0.119,231,0.2,0.789,0.114,40,S/D,1.0,0.0,0,S/D,1.0,0.0,0,S/D,S/D,S/D,0
472E74CC,PUENTE COINA,LA LIBERTAD,OTUZCO,mpas15,pp,20260908,20261007,00Z,D1,6h,0.75,1.826,-0.026,117,0.35,0.811,0.14,20,S/D,1.0,0.0,0,S/D,1.0,0.0,0,S/D,S/D,S/D,0
472D60B4,USQUIL,LA LIBERTAD,OTUZCO,ecmwf,pp,20260908,20261007,"00Z,12Z",D1,6h,0.24,1.1,0.228,236,0.75,0.835,0.157,24,0.375,0.912,0.077,8,0.0,1.0,0.0,2,S/D,S/D,S/D,0
472D60B4,USQUIL,LA LIBERTAD,OTUZCO,gfs,pp,20260908,20261007,"00Z,12Z",D1,6h,0.608,1.581,0.147,236,0.75,0.876,0.119,24,0.75,0.882,0.113,8,0.0,1.0,0.0,2,S/D,S/D,S/D,0
472D60B4,USQUIL,LA LIBERTAD,OTUZCO,eta5,pp,20260908,20261007,"00Z,12Z",D1,6h,0.345,1.316,0.191,191,0.562,0.83,0.15,16,0.667,0.826,0.16,6,0.0,1.0,0.0,1,S/D,S/D,S/D,0
472D60B4,USQUIL,LA LIBERTAD,OTUZCO,wrf5,pp,20260908,20261007,"00Z,12Z",D1,6h,0.216,1.619,0.233,233,0.333,0.789,0.148,24,0.25,0.895,0.08,8,0.0,1.0,0.0,2,S/D,S/D,S/D,0
472D60B4,USQUIL,LA LIBERTAD,OTUZCO,mpas15,pp,20260908,20261007,00Z,D1,6h,0.498,1.725,-0.021,118,0.417,0.861,0.116,12,0.25,0.967,0.03,4,0.0,1.0,0.0,1,S/D,S/D,S/D,0
107130,TICAPAMPA,LA LIBERTAD,SANCHEZ CARRION,ecmwf,pp,20260908,20261007,"00Z,12Z",D1,6h,0.579,2.233,0.198,226,0.688,0.805,0.179,32,0.5,0.85,0.13,18,0.0,1.0,0.0,4,S/D,S/D,S/D,0
107130,TICAPAMPA,LA LIBERTAD,SANCHEZ CARRION,gfs,pp,20260908,20261007,"00Z,12Z",D1,6h,0.602,2.126,0.314,226,0.875,0.817,0.178,32,0.667,0.786,0.194,18,0.25,0.833,0.111,4,S/D,S/D,S/D,0
107130,TICAPAMPA,LA LIBERTAD,SANCHEZ CARRION,eta5,pp,20260908,20261007,"00Z,12Z",D1,6h,0.406,1.197,0.331,185,0.654,0.717,0.246,26,0.643,0.757,0.214,14,0.667,0.667,0.286,3,S/D,S/D,S/D,0
107130,TICAPAMPA,LA LIBERTAD,SANCHEZ CARRION,wrf5,pp,20260908,20261007,"00Z,12Z",D1,6h,0.28,1.646,0.401,222,0.688,0.633,0.314,32,0.611,0.645,0.289,18,0.75,0.625,0.333,4,S/D,S/D,S/D,0
107130,TICAPAMPA,LA LIBERTAD,SANCHEZ CARRION,mpas15,pp,20260908,20261007,00Z,D1,6h,0.844,2.31,0.212,113,0.688,0.804,0.18,16,0.667,0.846,0.143,9,0.5,0.857,0.125,2,S/D,S/D,S/D,0
4727319A,QUIRUVILCA,LA LIBERTAD,SANTIAGO DE CHUCO,ecmwf,pp,20260908,20261007,"00Z,12Z",D1,6h,0.512,2.202,0.333,216,0.929,0.743,0.252,28,0.6,0.889,0.103,10,0.5,0.8,0.167,4,S/D,S/D,S/D,0
4727319A,QUIRUVILCA,LA LIBERTAD,SANTIAGO DE CHUCO,gfs,pp,20260908,20261007,"00Z,12Z",D1,6h,1.085,2.885,0.267,216,0.857,0.851,0.145,28,0.8,0.904,0.094,10,0.5,0.875,0.111,4,S/D,S/D,S/D,0
4727319A,QUIRUVILCA,LA LIBERTAD,SANTIAGO DE CHUCO,eta5,pp,20260908,20261007,"00Z,12Z",D1,6h,-0.299,2.275,0.207,174,0.3,0.6,0.207,20,0.125,0.667,0.1,8,0.0,S/D,0.0,3,S/D,S/D,S/D,0
4727319A,QUIRUVILCA,LA LIBERTAD,SANTIAGO DE CHUCO,wrf5,pp,20260908,20261007,"00Z,12Z",D1,6h,1.089,3.827,0.359,212,0.714,0.733,0.241,28,0.8,0.826,0.167,10,1.0,0.81,0.19,4,S/D,1.0,0.0,0
4727319A,QUIRUVILCA,LA LIBERTAD,SANTIAGO DE CHUCO,mpas15,pp,20260908,20261007,00Z,D1,6h,0.326,2.305,0.299,108,0.643,0.69,0.265,14,0.8,0.852,0.143,5,0.0,1.0,0.0,2,S/D,S/D,S/D,0
211408,CONDORCERRO,LA LIBERTAD,VIRU,ecmwf,pp,20260908,20261007,"00Z,12Z",D1,6h,S/D,S/D,S/D,0,S/D,S/D,S/D,0,S/D,S/D,S/D,0,S/D,S/D,S/D,0,S/D,S/D,S/D,0
211408,CONDORCERRO,LA LIBERTAD,VIRU,gfs,pp,20260908,20261007,"00Z,12Z",D1,6h,S/D,S/D,S/D,0,S/D,S/D,S/D,0,S/D,S/D,S/D,0,S/D,S/D,S/D,0,S/D,S/D,S/D,0
211408,CONDORCERRO,LA LIBERTAD,VIRU,eta5,pp,20260908,20261007,"00Z,12Z",D1,6h,S/D,S/D,S/D,0,S/D,S/D,S/D,0,S/D,S/D,S/D,0,S/D,S/D,S/D,0,S/D,S/D,S/D,0
211408,CONDORCERRO,LA LIBERTAD,VIRU,wrf5,pp,20260908,20261007,"00Z,12Z",D1,6h,S/D,S/D,S/D,0,S/D,S/D,S/D,0,S/D,S/D,S/D,0,S/D,S/D,S/D,0,S/D,S/D,S/D,0
211408,CONDORCERRO,LA LIBERTAD,VIRU,mpas15,pp,20260908,20261007,00Z,D1,6h,S/D,S/D,S/D,0,S/D,S/D,S/D,0,S/D,S/D,S/D,0,S/D,S/D,S/D,0,S/D,S/D,S/D,0
47E2F720,TINAJONES,LAMBAYEQUE,CHICLAYO,ecmwf,pp,20260908,20261007,"00Z,12Z",D1,6h,0.044,0.113,0.136,206,0.5,0.958,0.04,2,S/D,S/D,S/D,0,S/D,S/D,S/D,0,S/D,S/D,S/D,0
47E2F720,TINAJONES,LAMBAYEQUE,CHICLAYO,gfs,pp,20260908,20261007,"00Z,12Z",D1,6h,0.012,0.077,0.151,206,0.5,0.857,0.125,2,S/D,S/D,S/D,0,S/D,S/D,S/D,0,S/D,S/D,S/D,0
47E2F720,TINAJONES,LAMBAYEQUE,CHICLAYO,eta5,pp,20260908,20261007,"00Z,12Z",D1,6h,0.106,0.378,0.097,165,0.0,1.0,0.0,1,S/D,1.0,0.0,0,S/D,S/D,S/D,0,S/D,S/D,S/D,0
47E2F720,TINAJONES,LAMBAYEQUE,CHICLAYO,wrf5,pp,20260908,20261007,"00Z,12Z",D1,6h,-0.001,0.021,0.179,202,0.0,S/D,0.0,2,S/D,S/D,S/D,0,S/D,S/D,S/D,0,S/D,S/D,S/D,0
47E2F720,TINAJONES,LAMBAYEQUE,CHICLAYO,mpas15,pp,20260908,20261007,00Z,D1,6h,0.03,0.174,-0.07,103,0.0,1.0,0.0,1,S/D,1.0,0.0,0,S/D,S/D,S/D,0,S/D,S/D,S/D,0
106140,VISTA FLORIDA,LAMBAYEQUE,CHICLAYO,ecmwf,pp,20260908,20261007,"00Z,12Z",D1,6h,0.031,0.14,0.122,234,0.5,0.882,0.105,4,S/D,1.0,0.0,0,S/D,S/D,S/D,0,S/D,S/D,S/D,0
106140,VISTA FLORIDA,LAMBAYEQUE,CHICLAYO,gfs,pp,20260908,20261007,"00Z,12Z",D1,6h,0.002,0.082,-0.023,234,0.0,1.0,0.0,4,S/D,S/D,S/D,0,S/D,S/D,S/D,0,S/D,S/D,S/D,0
106140,VISTA FLORIDA,LAMBAYEQUE,CHICLAYO,eta5,pp,20260908,20261007,"00Z,12Z",D1,6h,0.01,0.044,0.126,190,0.333,0.875,0.1,3,S/D,S/D,S/D,0,S/D,S/D,S/D,0,S/D,S/D,S/D,0
106140,VISTA FLORIDA,LAMBAYEQUE,CHICLAYO,wrf5,pp,20260908,20261007,"00Z,12Z",D1,6h,0.0,0.042,0.286,230,0.0,1.0,0.0,3,S/D,S/D,S/D,0,S/D,S/D,S/D,0,S/D,S/D,S/D,0
106140,VISTA FLORIDA,LAMBAYEQUE,CHICLAYO,mpas15,pp,20260908,20261007,00Z,D1,6h,0.012,0.139,0.133,117,0.0,1.0,0.0,2,S/D,S/D,S/D,0,S/D,S/D,S/D,0,S/D,S/D,S/D,0
106138,PUCHACA,LAMBAYEQUE,FERREÑAFE,ecmwf,pp,20260908,20261007,"00Z,12Z",D1,6h,1.438,2.596,0.09,222,0.9,0.944,0.055,10,S/D,1.0,0.0,0,S/D,1.0,0.0,0,S/D,S/D,S/D,0
106138,PUCHACA,LAMBAYEQUE,FERREÑAFE,gfs,pp,20260908,20261007,"00Z,12Z",D1,6h,0.612,1.741,0.19,222,0.7,0.923,0.074,10,S/D,1.0,0.0,0,S/D,1.0,0.0,0,S/D,S/D,S/D,0
106138,PUCHACA,LAMBAYEQUE,FERREÑAFE,eta5,pp,20260908,20261007,"00Z,12Z",D1,6h,0.595,1.604,0.254,182,0.778,0.875,0.121,9,S/D,1.0,0.0,0,S/D,1.0,0.0,0,S/D,S/D,S/D,0
106138,PUCHACA,LAMBAYEQUE,FERREÑAFE,wrf5,pp,20260908,20261007,"00Z,12Z",D1,6h,0.008,0.122,0.305,218,0.4,0.667,0.222,10,S/D,1.0,0.0,0,S/D,S/D,S/D,0,S/D,S/D,S/D,0
106138,PUCHACA,LAMBAYEQUE,FERREÑAFE,mpas15,pp,20260908,20261007,00Z,D1,6h,0.254,0.66,0.119,111,0.6,0.87,0.12,5,S/D,1.0,0.0,0,S/D,S/D,S/D,0,S/D,S/D,S/D,0
4726F67E,PASABAR,LAMBAYEQUE,LAMBAYEQUE,ecmwf,pp,20260908,20261007,"00Z,12Z",D1,6h,0.188,0.603,0.164,214,1.0,0.939,0.061,4,S/D,1.0,0.0,0,S/D,1.0,0.0,0,S/D,S/D,S/D,0
4726F67E,PASABAR,LAMBAYEQUE,LAMBAYEQUE,gfs,pp,20260908,20261007,"00Z,12Z",D1,6h,0.24,0.791,0.127,214,0.75,0.944,0.055,4,S/D,1.0,0.0,0,S/D,S/D,S/D,0,S/D,S/D,S/D,0
4726F67E,PASABAR,LAMBAYEQUE,LAMBAYEQUE,eta5,pp,20260908,20261007,"00Z,12Z",D1,6h,0.352,0.967,0.055,178,0.5,0.978,0.021,2,S/D,1.0,0.0,0,S/D,1.0,0.0,0,S/D,S/D,S/D,0
4726F67E,PASABAR,LAMBAYEQUE,LAMBAYEQUE,wrf5,pp,20260908,20261007,"00Z,12Z",D1,6h,0.006,0.062,0.038,211,0.0,1.0,0.0,4,S/D,S/D,S/D,0,S/D,S/D,S/D,0,S/D,S/D,S/D,0
4726F67E,PASABAR,LAMBAYEQUE,LAMBAYEQUE,mpas15,pp,20260908,20261007,00Z,D1,6h,0.022,0.146,0.075,107,0.0,1.0,0.0,2,S/D,1.0,0.0,0,S/D,S/D,S/D,0,S/D,S/D,S/D,0
47201542,TONGORRAPE,LAMBAYEQUE,LAMBAYEQUE,ecmwf,pp,20260908,20261007,"00Z,12Z",D1,6h,0.123,0.529,0.088,236,0.55,0.855,0.129,20,0.0,1.0,0.0,4,S/D,1.0,0.0,0,S/D,S/D,S/D,0
47201542,TONGORRAPE,LAMBAYEQUE,LAMBAYEQUE,gfs,pp,20260908,20261007,"00Z,12Z",D1,6h,0.117,0.624,0.193,236,0.45,0.786,0.17,20,0.0,1.0,0.0,4,S/D,S/D,S/D,0,S/D,S/D,S/D,0
47201542,TONGORRAPE,LAMBAYEQUE,LAMBAYEQUE,eta5,pp,20260908,20261007,"00Z,12Z",D1,6h,0.209,0.661,0.289,191,0.588,0.787,0.185,17,0.333,0.941,0.053,3,S/D,S/D,S/D,0,S/D,S/D,S/D,0
47201542,TONGORRAPE,LAMBAYEQUE,LAMBAYEQUE,wrf5,pp,20260908,20261007,"00Z,12Z",D1,6h,-0.026,0.244,0.192,233,0.105,0.667,0.087,19,0.0,1.0,0.0,4,S/D,S/D,S/D,0,S/D,S/D,S/D,0
47201542,TONGORRAPE,LAMBAYEQUE,LAMBAYEQUE,mpas15,pp,20260908,20261007,00Z,D1,6h,-0.032,0.21,0.03,118,0.1,0.5,0.091,10,0.0,S/D,0.0,2,S/D,S/D,S/D,0,S/D,S/D,S/D,0
4725F170,HUAROS,LIMA,CANTA,ecmwf,pp,20260908,20261007,"00Z,12Z",D1,6h,0.287,0.779,0.257,232,0.875,0.923,0.076,8,1.0,0.909,0.091,2,0.0,S/D,0.0,2,S/D,S/D,S/D,0
4725F170,HUAROS,LIMA,CANTA,gfs,pp,20260908,20261007,"00Z,12Z",D1,6h,0.511,1.257,0.274,232,1.0,0.918,0.082,8,1.0,0.941,0.059,2,0.5,0.8,0.167,2,S/D,S/D,S/D,0
4725F170,HUAROS,LIMA,CANTA,eta5,pp,20260908,20261007,"00Z,12Z",D1,6h,-0.021,0.54,-0.016,188,0.143,0.933,0.048,7,0.0,1.0,0.0,2,0.0,S/D,0.0,2,S/D,S/D,S/D,0
4725F170,HUAROS,LIMA,CANTA,wrf5,pp,20260908,20261007,"00Z,12Z",D1,6h,0.092,0.723,0.233,228,0.714,0.8,0.185,7,0.0,1.0,0.0,2,0.0,S/D,0.0,2,S/D,S/D,S/D,0
4725F170,HUAROS,LIMA,CANTA,mpas15,pp,20260908,20261007,00Z,D1,6h,0.548,1.735,0.05,116,0.5,0.929,0.067,4,0.0,1.0,0.0,1,0.0,1.0,0.0,1,S/D,S/D,S/D,0
113249,CAÑETE,LIMA,CAÑETE,ecmwf,pp,20260908,20261007,"00Z,12Z",D1,6h,-0.498,5.742,0.11,234,0.5,0.897,0.094,6,0.0,S/D,0.0,2,0.0,S/D,0.0,2,0.0,S/D,0.0,2
113249,CAÑETE,LIMA,CAÑETE,gfs,pp,20260908,20261007,"00Z,12Z",D1,6h,-0.536,5.741,-0.011,234,0.0,S/D,0.0,6,0.0,S/D,0.0,2,0.0,S/D,0.0,2,0.0,S/D,0.0,2
113249,CAÑETE,LIMA,CAÑETE,eta5,pp,20260908,20261007,"00Z,12Z",D1,6h,-0.322,4.494,0.101,191,0.25,0.667,0.167,4,0.0,S/D,0.0,1,0.0,S/D,0.0,1,0.0,S/D,0.0,1
113249,CAÑETE,LIMA,CAÑETE,wrf5,pp,20260908,20261007,"00Z,12Z",D1,6h,-0.54,5.791,0.085,230,0.167,0.75,0.111,6,0.0,S/D,0.0,2,0.0,S/D,0.0,2,0.0,S/D,0.0,2
113249,CAÑETE,LIMA,CAÑETE,mpas15,pp,20260908,20261007,00Z,D1,6h,-0.532,5.742,0.114,117,0.0,1.0,0.0,3,0.0,S/D,0.0,1,0.0,S/D,0.0,1,0.0,S/D,0.0,1
212900,LA CAPILLA SENAMHI,LIMA,CAÑETE,ecmwf,pp,20260908,20261007,"00Z,12Z",D1,6h,S/D,S/D,S/D,0,S/D,S/D,S/D,0,S/D,S/D,S/D,0,S/D,S/D,S/D,0,S/D,S/D,S/D,0
212900,LA CAPILLA SENAMHI,LIMA,CAÑETE,gfs,pp,20260908,20261007,"00Z,12Z",D1,6h,S/D,S/D,S/D,0,S/D,S/D,S/D,0,S/D,S/D,S/D,0,S/D,S/D,S/D,0,S/D,S/D,S/D,0
212900,LA CAPILLA SENAMHI,LIMA,CAÑETE,eta5,pp,20260908,20261007,"00Z,12Z",D1,6h,S/D,S/D,S/D,0,S/D,S/D,S/D,0,S/D,S/D,S/D,0,S/D,S/D,S/D,0,S/D,S/D,S/D,0
212900,LA CAPILLA SENAMHI,LIMA,CAÑETE,wrf5,pp,20260908,20261007,"00Z,12Z",D1,6h,S/D,S/D,S/D,0,S/D,S/D,S/D,0,S/D,S/D,S/D,0,S/D,S/D,S/D,0,S/D,S/D,S/D,0
212900,LA CAPILLA SENAMHI,LIMA,CAÑETE,mpas15,pp,20260908,20261007,00Z,D1,6h,S/D,S/D,S/D,0,S/D,S/D,S/D,0,S/D,S/D,S/D,0,S/D,S/D,S/D,0,S/D,S/D,S/D,0
472191AC,SOCSI,LIMA,CAÑETE,ecmwf,pp,20260908,20261007,"00Z,12Z",D1,6h,S/D,S/D,S/D,0,S/D,S/D,S/D,0,S/D,S/D,S/D,0,S/D,S/D,S/D,0,S/D,S/D,S/D,0
472191AC,SOCSI,LIMA,CAÑETE,gfs,pp,20260908,20261007,"00Z,12Z",D1,6h,S/D,S/D,S/D,0,S/D,S/D,S/D,0,S/D,S/D,S/D,0,S/D,S/D,S/D,0,S/D,S/D,S/D,0
472191AC,SOCSI,LIMA,CAÑETE,eta5,pp,20260908,20261007,"00Z,12Z",D1,6h,S/D,S/D,S/D,0,S/D,S/D,S/D,0,S/D,S/D,S/D,0,S/D,S/D,S/D,0,S/D,S/D,S/D,0
472191AC,SOCSI,LIMA,CAÑETE,wrf5,pp,20260908,20261007,"00Z,12Z",D1,6h,S/D,S/D,S/D,0,S/D,S/D,S/D,0,S/D,S/D,S/D,0,S/D,S/D,S/D,0,S/D,S/D,S/D,0
472191AC,SOCSI,LIMA,CAÑETE,mpas15,pp,20260908,20261007,00Z,D1,6h,S/D,S/D,S/D,0,S/D,S/D,S/D,0,S/D,S/D,S/D,0,S/D,S/D,S/D,0,S/D,S/D,S/D,0
47E323B2,CARAC,LIMA,HUARAL,ecmwf,pp,20260908,20261007,"00Z,12Z",D1,6h,0.127,0.329,0.406,94,1.0,0.727,0.273,6,S/D,1.0,0.0,0,S/D,S/D,S/D,0,S/D,S/D,S/D,0
47E323B2,CARAC,LIMA,HUARAL,gfs,pp,20260908,20261007,"00Z,12Z",D1,6h,0.277,1.053,0.381,94,0.833,0.8,0.192,6,S/D,1.0,0.0,0,S/D,1.0,0.0,0,S/D,S/D,S/D,0
47E323B2,CARAC,LIMA,HUARAL,eta5,pp,20260908,20261007,"00Z,12Z",D1,6h,0.002,0.039,0.823,65,0.667,0.0,0.667,3,S/D,S/D,S/D,0,S/D,S/D,S/D,0,S/D,S/D,S/D,0
47E323B2,CARAC,LIMA,HUARAL,wrf5,pp,20260908,20261007,"00Z,12Z",D1,6h,0.093,0.731,0.331,94,0.5,0.25,0.429,6,S/D,1.0,0.0,0,S/D,1.0,0.0,0,S/D,S/D,S/D,0
47E323B2,CARAC,LIMA,HUARAL,mpas15,pp,20260908,20261007,00Z,D1,6h,0.5,1.452,0.147,47,0.667,0.818,0.167,3,S/D,1.0,0.0,0,S/D,1.0,0.0,0,S/D,S/D,S/D,0
47E2323E,CUCHUANCA,LIMA,HUARAL,ecmwf,pp,20260908,20261007,"00Z,12Z",D1,6h,0.199,0.519,0.218,236,1.0,0.908,0.092,6,S/D,1.0,0.0,0,S/D,S/D,S/D,0,S/D,S/D,S/D,0
47E2323E,CUCHUANCA,LIMA,HUARAL,gfs,pp,20260908,20261007,"00Z,12Z",D1,6h,0.26,0.778,0.206,236,0.833,0.938,0.062,6,S/D,1.0,0.0,0,S/D,1.0,0.0,0,S/D,S/D,S/D,0
47E2323E,CUCHUANCA,LIMA,HUARAL,eta5,pp,20260908,20261007,"00Z,12Z",D1,6h,0.004,0.044,0.32,191,0.5,0.75,0.2,4,S/D,S/D,S/D,0,S/D,S/D,S/D,0,S/D,S/D,S/D,0
47E2323E,CUCHUANCA,LIMA,HUARAL,wrf5,pp,20260908,20261007,"00Z,12Z",D1,6h,0.055,0.481,0.239,232,0.6,0.667,0.273,5,S/D,1.0,0.0,0,S/D,1.0,0.0,0,S/D,S/D,S/D,0
47E2323E,CUCHUANCA,LIMA,HUARAL,mpas15,pp,20260908,20261007,00Z,D1,6h,0.354,1.1,0.121,118,0.667,0.913,0.083,3,S/D,1.0,0.0,0,S/D,1.0,0.0,0,S/D,S/D,S/D,0
47E330C4,SANTA CRUZ,LIMA,HUARAL,ecmwf,pp,20260908,20261007,"00Z,12Z",D1,6h,0.115,0.624,0.086,236,0.5,0.938,0.058,8,0.125,0.929,0.048,8,S/D,S/D,S/D,0,S/D,S/D,S/D,0
47E330C4,SANTA CRUZ,LIMA,HUARAL,gfs,pp,20260908,20261007,"00Z,12Z",D1,6h,0.173,0.807,0.089,236,0.5,0.949,0.048,8,0.5,0.8,0.167,8,S/D,1.0,0.0,0,S/D,S/D,S/D,0
47E330C4,SANTA CRUZ,LIMA,HUARAL,eta5,pp,20260908,20261007,"00Z,12Z",D1,6h,0.076,0.62,0.02,191,0.2,0.958,0.036,5,0.2,0.929,0.056,5,S/D,S/D,S/D,0,S/D,S/D,S/D,0
47E330C4,SANTA CRUZ,LIMA,HUARAL,wrf5,pp,20260908,20261007,"00Z,12Z",D1,6h,0.105,1.042,0.113,232,0.5,0.882,0.105,8,0.125,0.857,0.071,8,S/D,1.0,0.0,0,S/D,S/D,S/D,0
47E330C4,SANTA CRUZ,LIMA,HUARAL,mpas15,pp,20260908,20261007,00Z,D1,6h,0.514,1.463,0.061,118,0.5,0.941,0.056,4,0.5,0.913,0.08,4,S/D,1.0,0.0,0,S/D,S/D,S/D,0
47E214D2,SANTO DOMINGO,LIMA,HUARAL,ecmwf,pp,20260908,20261007,"00Z,12Z",D1,6h,0.047,0.228,-0.106,234,0.0,1.0,0.0,16,S/D,1.0,0.0,0,S/D,S/D,S/D,0,S/D,S/D,S/D,0
47E214D2,SANTO DOMINGO,LIMA,HUARAL,gfs,pp,20260908,20261007,"00Z,12Z",D1,6h,-0.0,0.078,-0.117,234,0.0,1.0,0.0,16,S/D,S/D,S/D,0,S/D,S/D,S/D,0,S/D,S/D,S/D,0
47E214D2,SANTO DOMINGO,LIMA,HUARAL,eta5,pp,20260908,20261007,"00Z,12Z",D1,6h,-0.013,0.058,-0.02,190,0.0,S/D,0.0,13,S/D,S/D,S/D,0,S/D,S/D,S/D,0,S/D,S/D,S/D,0
47E214D2,SANTO DOMINGO,LIMA,HUARAL,wrf5,pp,20260908,20261007,"00Z,12Z",D1,6h,-0.014,0.065,0.055,230,0.0,S/D,0.0,16,S/D,S/D,S/D,0,S/D,S/D,S/D,0,S/D,S/D,S/D,0
47E214D2,SANTO DOMINGO,LIMA,HUARAL,mpas15,pp,20260908,20261007,00Z,D1,6h,-0.015,0.065,-0.037,117,0.0,S/D,0.0,8,S/D,S/D,S/D,0,S/D,S/D,S/D,0,S/D,S/D,S/D,0
47E257D8,VICHAYCOCHA,LIMA,HUARAL,ecmwf,pp,20260908,20261007,"00Z,12Z",D1,6h,0.457,1.041,0.302,202,0.769,0.789,0.198,26,1.0,0.867,0.133,4,S/D,1.0,0.0,0,S/D,S/D,S/D,0
47E257D8,VICHAYCOCHA,LIMA,HUARAL,gfs,pp,20260908,20261007,"00Z,12Z",D1,6h,0.737,2.205,0.286,202,0.769,0.785,0.202,26,1.0,0.892,0.108,4,S/D,1.0,0.0,0,S/D,S/D,S/D,0
47E257D8,VICHAYCOCHA,LIMA,HUARAL,eta5,pp,20260908,20261007,"00Z,12Z",D1,6h,0.044,0.37,0.343,162,0.526,0.6,0.294,19,0.333,0.857,0.111,3,S/D,S/D,S/D,0,S/D,S/D,S/D,0
47E257D8,VICHAYCOCHA,LIMA,HUARAL,wrf5,pp,20260908,20261007,"00Z,12Z",D1,6h,0.222,1.184,0.243,198,0.423,0.732,0.196,26,0.5,0.818,0.154,4,S/D,1.0,0.0,0,S/D,S/D,S/D,0
47E257D8,VICHAYCOCHA,LIMA,HUARAL,mpas15,pp,20260908,20261007,00Z,D1,6h,0.617,1.523,0.236,101,0.615,0.75,0.216,13,1.0,0.917,0.083,2,S/D,1.0,0.0,0,S/D,S/D,S/D,0
472D73C2,CASAPALCA,LIMA,HUAROCHIRI,ecmwf,pp,20260908,20261007,"00Z,12Z",D1,6h,0.231,0.869,0.533,236,0.891,0.559,0.418,46,0.722,0.594,0.351,18,0.0,1.0,0.0,2,S/D,S/D,S/D,0
472D73C2,CASAPALCA,LIMA,HUAROCHIRI,gfs,pp,20260908,20261007,"00Z,12Z",D1,6h,0.417,1.291,0.492,236,0.913,0.628,0.359,46,0.667,0.745,0.226,18,0.0,1.0,0.0,2,S/D,S/D,S/D,0
472D73C2,CASAPALCA,LIMA,HUAROCHIRI,eta5,pp,20260908,20261007,"00Z,12Z",D1,6h,-0.113,0.713,0.603,191,0.737,0.404,0.491,38,0.471,0.273,0.4,17,0.0,S/D,0.0,2,S/D,S/D,S/D,0
472D73C2,CASAPALCA,LIMA,HUAROCHIRI,wrf5,pp,20260908,20261007,"00Z,12Z",D1,6h,0.553,2.759,0.534,233,0.773,0.477,0.453,44,0.706,0.586,0.353,17,0.0,1.0,0.0,2,S/D,1.0,0.0,0
472D73C2,CASAPALCA,LIMA,HUAROCHIRI,mpas15,pp,20260908,20261007,00Z,D1,6h,0.511,2.037,0.435,118,0.739,0.514,0.415,23,0.778,0.72,0.259,9,0.0,1.0,0.0,1,S/D,S/D,S/D,0
472CE45A,MATUCANA,LIMA,HUAROCHIRI,ecmwf,pp,20260908,20261007,"00Z,12Z",D1,6h,0.522,1.178,0.231,236,1.0,0.939,0.061,6,S/D,1.0,0.0,0,S/D,1.0,0.0,0,S/D,S/D,S/D,0
472CE45A,MATUCANA,LIMA,HUAROCHIRI,gfs,pp,20260908,20261007,"00Z,12Z",D1,6h,0.216,0.572,0.265,236,1.0,0.926,0.074,6,S/D,1.0,0.0,0,S/D,S/D,S/D,0,S/D,S/D,S/D,0
472CE45A,MATUCANA,LIMA,HUAROCHIRI,eta5,pp,20260908,20261007,"00Z,12Z",D1,6h,0.026,0.24,0.138,191,0.2,0.923,0.059,5,S/D,1.0,0.0,0,S/D,S/D,S/D,0,S/D,S/D,S/D,0
472CE45A,MATUCANA,LIMA,HUAROCHIRI,wrf5,pp,20260908,20261007,"00Z,12Z",D1,6h,0.121,0.731,0.385,233,0.667,0.789,0.19,6,S/D,1.0,0.0,0,S/D,1.0,0.0,0,S/D,S/D,S/D,0
472CE45A,MATUCANA,LIMA,HUAROCHIRI,mpas15,pp,20260908,20261007,00Z,D1,6h,0.562,1.458,0.269,118,1.0,0.903,0.097,3,S/D,1.0,0.0,0,S/D,1.0,0.0,0,S/D,S/D,S/D,0
212700,PUENTE ANTAPUCRO,LIMA,HUAROCHIRI,ecmwf,pp,20260908,20261007,"00Z,12Z",D1,6h,S/D,S/D,S/D,0,S/D,S/D,S/D,0,S/D,S/D,S/D,0,S/D,S/D,S/D,0,S/D,S/D,S/D,0
212700,PUENTE ANTAPUCRO,LIMA,HUAROCHIRI,gfs,pp,20260908,20261007,"00Z,12Z",D1,6h,S/D,S/D,S/D,0,S/D,S/D,S/D,0,S/D,S/D,S/D,0,S/D,S/D,S/D,0,S/D,S/D,S/D,0
212700,PUENTE ANTAPUCRO,LIMA,HUAROCHIRI,eta5,pp,20260908,20261007,"00Z,12Z",D1,6h,S/D,S/D,S/D,0,S/D,S/D,S/D,0,S/D,S/D,S/D,0,S/D,S/D,S/D,0,S/D,S/D,S/D,0
212700,PUENTE ANTAPUCRO,LIMA,HUAROCHIRI,wrf5,pp,20260908,20261007,"00Z,12Z",D1,6h,S/D,S/D,S/D,0,S/D,S/D,S/D,0,S/D,S/D,S/D,0,S/D,S/D,S/D,0,S/D,S/D,S/D,0
212700,PUENTE ANTAPUCRO,LIMA,HUAROCHIRI,mpas15,pp,20260908,20261007,00Z,D1,6h,S/D,S/D,S/D,0,S/D,S/D,S/D,0,S/D,S/D,S/D,0,S/D,S/D,S/D,0,S/D,S/D,S/D,0
212605,SAN MATEO ,LIMA,HUAROCHIRI,ecmwf,pp,20260908,20261007,"00Z,12Z",D1,6h,S/D,S/D,S/D,0,S/D,S/D,S/D,0,S/D,S/D,S/D,0,S/D,S/D,S/D,0,S/D,S/D,S/D,0
212605,SAN MATEO ,LIMA,HUAROCHIRI,gfs,pp,20260908,20261007,"00Z,12Z",D1,6h,S/D,S/D,S/D,0,S/D,S/D,S/D,0,S/D,S/D,S/D,0,S/D,S/D,S/D,0,S/D,S/D,S/D,0
212605,SAN MATEO ,LIMA,HUAROCHIRI,eta5,pp,20260908,20261007,"00Z,12Z",D1,6h,S/D,S/D,S/D,0,S/D,S/D,S/D,0,S/D,S/D,S/D,0,S/D,S/D,S/D,0,S/D,S/D,S/D,0
212605,SAN MATEO ,LIMA,HUAROCHIRI,wrf5,pp,20260908,20261007,"00Z,12Z",D1,6h,S/D,S/D,S/D,0,S/D,S/D,S/D,0,S/D,S/D,S/D,0,S/D,S/D,S/D,0,S/D,S/D,S/D,0
212605,SAN MATEO ,LIMA,HUAROCHIRI,mpas15,pp,20260908,20261007,00Z,D1,6h,S/D,S/D,S/D,0,S/D,S/D,S/D,0,S/D,S/D,S/D,0,S/D,S/D,S/D,0,S/D,S/D,S/D,0
472EC742,SAN MATEO DE OTAO,LIMA,HUAROCHIRI,ecmwf,pp,20260908,20261007,"00Z,12Z",D1,6h,0.536,1.203,S/D,236,S/D,1.0,0.0,0,S/D,1.0,0.0,0,S/D,1.0,0.0,0,S/D,S/D,S/D,0
472EC742,SAN MATEO DE OTAO,LIMA,HUAROCHIRI,gfs,pp,20260908,20261007,"00Z,12Z",D1,6h,0.23,0.61,S/D,236,S/D,1.0,0.0,0,S/D,1.0,0.0,0,S/D,S/D,S/D,0,S/D,S/D,S/D,0
472EC742,SAN MATEO DE OTAO,LIMA,HUAROCHIRI,eta5,pp,20260908,20261007,"00Z,12Z",D1,6h,0.003,0.017,S/D,191,S/D,1.0,0.0,0,S/D,S/D,S/D,0,S/D,S/D,S/D,0,S/D,S/D,S/D,0
472EC742,SAN MATEO DE OTAO,LIMA,HUAROCHIRI,wrf5,pp,20260908,20261007,"00Z,12Z",D1,6h,0.001,0.007,S/D,233,S/D,S/D,S/D,0,S/D,S/D,S/D,0,S/D,S/D,S/D,0,S/D,S/D,S/D,0
472EC742,SAN MATEO DE OTAO,LIMA,HUAROCHIRI,mpas15,pp,20260908,20261007,00Z,D1,6h,0.004,0.046,S/D,118,S/D,1.0,0.0,0,S/D,S/D,S/D,0,S/D,S/D,S/D,0,S/D,S/D,S/D,0
472E24B0,SANTA EULALIA,LIMA,HUAROCHIRI,ecmwf,pp,20260908,20261007,"00Z,12Z",D1,6h,0.005,0.015,S/D,168,S/D,S/D,S/D,0,S/D,S/D,S/D,0,S/D,S/D,S/D,0,S/D,S/D,S/D,0
472E24B0,SANTA EULALIA,LIMA,HUAROCHIRI,gfs,pp,20260908,20261007,"00Z,12Z",D1,6h,0.0,0.0,S/D,168,S/D,S/D,S/D,0,S/D,S/D,S/D,0,S/D,S/D,S/D,0,S/D,S/D,S/D,0
472E24B0,SANTA EULALIA,LIMA,HUAROCHIRI,eta5,pp,20260908,20261007,"00Z,12Z",D1,6h,0.0,0.002,S/D,135,S/D,S/D,S/D,0,S/D,S/D,S/D,0,S/D,S/D,S/D,0,S/D,S/D,S/D,0
472E24B0,SANTA EULALIA,LIMA,HUAROCHIRI,wrf5,pp,20260908,20261007,"00Z,12Z",D1,6h,0.0,0.001,S/D,165,S/D,S/D,S/D,0,S/D,S/D,S/D,0,S/D,S/D,S/D,0,S/D,S/D,S/D,0
472E24B0,SANTA EULALIA,LIMA,HUAROCHIRI,mpas15,pp,20260908,20261007,00Z,D1,6h,0.006,0.055,S/D,84,S/D,1.0,0.0,0,S/D,S/D,S/D,0,S/D,S/D,S/D,0,S/D,S/D,S/D,0
472CA750,SANTIAGO DE TUNA,LIMA,HUAROCHIRI,ecmwf,pp,20260908,20261007,"00Z,12Z",D1,6h,0.156,0.494,S/D,236,S/D,1.0,0.0,0,S/D,1.0,0.0,0,S/D,S/D,S/D,0,S/D,S/D,S/D,0
472CA750,SANTIAGO DE TUNA,LIMA,HUAROCHIRI,gfs,pp,20260908,20261007,"00Z,12Z",D1,6h,0.065,0.193,S/D,236,S/D,1.0,0.0,0,S/D,1.0,0.0,0,S/D,S/D,S/D,0,S/D,S/D,S/D,0
472CA750,SANTIAGO DE TUNA,LIMA,HUAROCHIRI,eta5,pp,20260908,20261007,"00Z,12Z",D1,6h,0.001,0.005,S/D,191,S/D,S/D,S/D,0,S/D,S/D,S/D,0,S/D,S/D,S/D,0,S/D,S/D,S/D,0
472CA750,SANTIAGO DE TUNA,LIMA,HUAROCHIRI,wrf5,pp,20260908,20261007,"00Z,12Z",D1,6h,0.002,0.01,S/D,233,S/D,1.0,0.0,0,S/D,S/D,S/D,0,S/D,S/D,S/D,0,S/D,S/D,S/D,0
472CA750,SANTIAGO DE TUNA,LIMA,HUAROCHIRI,mpas15,pp,20260908,20261007,00Z,D1,6h,0.047,0.211,S/D,118,S/D,1.0,0.0,0,S/D,1.0,0.0,0,S/D,S/D,S/D,0,S/D,S/D,S/D,0
4724966C,SAYAN,LIMA,HUAURA,ecmwf,pp,20260908,20261007,"00Z,12Z",D1,6h,0.017,0.049,S/D,236,S/D,1.0,0.0,0,S/D,S/D,S/D,0,S/D,S/D,S/D,0,S/D,S/D,S/D,0
4724966C,SAYAN,LIMA,HUAURA,gfs,pp,20260908,20261007,"00Z,12Z",D1,6h,0.003,0.013,S/D,236,S/D,S/D,S/D,0,S/D,S/D,S/D,0,S/D,S/D,S/D,0,S/D,S/D,S/D,0
4724966C,SAYAN,LIMA,HUAURA,eta5,pp,20260908,20261007,"00Z,12Z",D1,6h,0.0,0.0,S/D,192,S/D,S/D,S/D,0,S/D,S/D,S/D,0,S/D,S/D,S/D,0,S/D,S/D,S/D,0
4724966C,SAYAN,LIMA,HUAURA,wrf5,pp,20260908,20261007,"00Z,12Z",D1,6h,0.0,0.001,S/D,232,S/D,S/D,S/D,0,S/D,S/D,S/D,0,S/D,S/D,S/D,0,S/D,S/D,S/D,0
4724966C,SAYAN,LIMA,HUAURA,mpas15,pp,20260908,20261007,00Z,D1,6h,0.0,0.0,S/D,118,S/D,S/D,S/D,0,S/D,S/D,S/D,0,S/D,S/D,S/D,0,S/D,S/D,S/D,0
212500,AGUA AZUL BOCATOMA,LIMA,LIMA,ecmwf,pp,20260908,20261007,"00Z,12Z",D1,6h,S/D,S/D,S/D,0,S/D,S/D,S/D,0,S/D,S/D,S/D,0,S/D,S/D,S/D,0,S/D,S/D,S/D,0
212500,AGUA AZUL BOCATOMA,LIMA,LIMA,gfs,pp,20260908,20261007,"00Z,12Z",D1,6h,S/D,S/D,S/D,0,S/D,S/D,S/D,0,S/D,S/D,S/D,0,S/D,S/D,S/D,0,S/D,S/D,S/D,0
212500,AGUA AZUL BOCATOMA,LIMA,LIMA,eta5,pp,20260908,20261007,"00Z,12Z",D1,6h,S/D,S/D,S/D,0,S/D,S/D,S/D,0,S/D,S/D,S/D,0,S/D,S/D,S/D,0,S/D,S/D,S/D,0
212500,AGUA AZUL BOCATOMA,LIMA,LIMA,wrf5,pp,20260908,20261007,"00Z,12Z",D1,6h,S/D,S/D,S/D,0,S/D,S/D,S/D,0,S/D,S/D,S/D,0,S/D,S/D,S/D,0,S/D,S/D,S/D,0
212500,AGUA AZUL BOCATOMA,LIMA,LIMA,mpas15,pp,20260908,20261007,00Z,D1,6h,S/D,S/D,S/D,0,S/D,S/D,S/D,0,S/D,S/D,S/D,0,S/D,S/D,S/D,0,S/D,S/D,S/D,0
472A218A,ANTONIO RAYMONDI,LIMA,LIMA,ecmwf,pp,20260908,20261007,"00Z,12Z",D1,6h,0.009,0.026,S/D,232,S/D,1.0,0.0,0,S/D,S/D,S/D,0,S/D,S/D,S/D,0,S/D,S/D,S/D,0
472A218A,ANTONIO RAYMONDI,LIMA,LIMA,gfs,pp,20260908,20261007,"00Z,12Z",D1,6h,0.033,0.064,S/D,232,S/D,1.0,0.0,0,S/D,S/D,S/D,0,S/D,S/D,S/D,0,S/D,S/D,S/D,0
472A218A,ANTONIO RAYMONDI,LIMA,LIMA,eta5,pp,20260908,20261007,"00Z,12Z",D1,6h,0.038,0.086,S/D,189,S/D,1.0,0.0,0,S/D,S/D,S/D,0,S/D,S/D,S/D,0,S/D,S/D,S/D,0
472A218A,ANTONIO RAYMONDI,LIMA,LIMA,wrf5,pp,20260908,20261007,"00Z,12Z",D1,6h,0.005,0.024,S/D,228,S/D,1.0,0.0,0,S/D,S/D,S/D,0,S/D,S/D,S/D,0,S/D,S/D,S/D,0
472A218A,ANTONIO RAYMONDI,LIMA,LIMA,mpas15,pp,20260908,20261007,00Z,D1,6h,0.017,0.114,S/D,116,S/D,1.0,0.0,0,S/D,1.0,0.0,0,S/D,S/D,S/D,0,S/D,S/D,S/D,0
112181,CAMPO DE MARTE,LIMA,LIMA,ecmwf,pp,20260908,20261007,"00Z,12Z",D1,6h,0.052,0.156,0.238,196,0.625,0.833,0.152,8,S/D,1.0,0.0,0,S/D,S/D,S/D,0,S/D,S/D,S/D,0
112181,CAMPO DE MARTE,LIMA,LIMA,gfs,pp,20260908,20261007,"00Z,12Z",D1,6h,0.001,0.055,0.123,196,0.125,0.667,0.1,8,S/D,S/D,S/D,0,S/D,S/D,S/D,0,S/D,S/D,S/D,0
112181,CAMPO DE MARTE,LIMA,LIMA,eta5,pp,20260908,20261007,"00Z,12Z",D1,6h,0.022,0.088,0.102,159,0.25,0.913,0.069,8,S/D,S/D,S/D,0,S/D,S/D,S/D,0,S/D,S/D,S/D,0
112181,CAMPO DE MARTE,LIMA,LIMA,wrf5,pp,20260908,20261007,"00Z,12Z",D1,6h,-0.001,0.055,0.052,193,0.143,0.5,0.125,7,S/D,S/D,S/D,0,S/D,S/D,S/D,0,S/D,S/D,S/D,0
112181,CAMPO DE MARTE,LIMA,LIMA,mpas15,pp,20260908,20261007,00Z,D1,6h,0.026,0.172,-0.14,98,0.0,1.0,0.0,4,S/D,1.0,0.0,0,S/D,S/D,S/D,0,S/D,S/D,S/D,0
111286,CARABAYLLO,LIMA,LIMA,ecmwf,pp,20260908,20261007,"00Z,12Z",D1,6h,S/D,S/D,S/D,0,S/D,S/D,S/D,0,S/D,S/D,S/D,0,S/D,S/D,S/D,0,S/D,S/D,S/D,0
111286,CARABAYLLO,LIMA,LIMA,gfs,pp,20260908,20261007,"00Z,12Z",D1,6h,S/D,S/D,S/D,0,S/D,S/D,S/D,0,S/D,S/D,S/D,0,S/D,S/D,S/D,0,S/D,S/D,S/D,0
111286,CARABAYLLO,LIMA,LIMA,eta5,pp,20260908,20261007,"00Z,12Z",D1,6h,S/D,S/D,S/D,0,S/D,S/D,S/D,0,S/D,S/D,S/D,0,S/D,S/D,S/D,0,S/D,S/D,S/D,0
111286,CARABAYLLO,LIMA,LIMA,wrf5,pp,20260908,20261007,"00Z,12Z",D1,6h,S/D,S/D,S/D,0,S/D,S/D,S/D,0,S/D,S/D,S/D,0,S/D,S/D,S/D,0,S/D,S/D,S/D,0
111286,CARABAYLLO,LIMA,LIMA,mpas15,pp,20260908,20261007,00Z,D1,6h,S/D,S/D,S/D,0,S/D,S/D,S/D,0,S/D,S/D,S/D,0,S/D,S/D,S/D,0,S/D,S/D,S/D,0
112278,CERES,LIMA,LIMA,ecmwf,pp,20260908,20261007,"00Z,12Z",D1,6h,S/D,S/D,S/D,0,S/D,S/D,S/D,0,S/D,S/D,S/D,0,S/D,S/D,S/D,0,S/D,S/D,S/D,0
112278,CERES,LIMA,LIMA,gfs,pp,20260908,20261007,"00Z,12Z",D1,6h,S/D,S/D,S/D,0,S/D,S/D,S/D,0,S/D,S/D,S/D,0,S/D,S/D,S/D,0,S/D,S/D,S/D,0
112278,CERES,LIMA,LIMA,eta5,pp,20260908,20261007,"00Z,12Z",D1,6h,S/D,S/D,S/D,0,S/D,S/D,S/D,0,S/D,S/D,S/D,0,S/D,S/D,S/D,0,S/D,S/D,S/D,0
112278,CERES,LIMA,LIMA,wrf5,pp,20260908,20261007,"00Z,12Z",D1,6h,S/D,S/D,S/D,0,S/D,S/D,S/D,0,S/D,S/D,S/D,0,S/D,S/D,S/D,0,S/D,S/D,S/D,0
112278,CERES,LIMA,LIMA,mpas15,pp,20260908,20261007,00Z,D1,6h,S/D,S/D,S/D,0,S/D,S/D,S/D,0,S/D,S/D,S/D,0,S/D,S/D,S/D,0,S/D,S/D,S/D,0
47278214,CHOSICA,LIMA,LIMA,ecmwf,pp,20260908,20261007,"00Z,12Z",D1,6h,S/D,S/D,S/D,0,S/D,S/D,S/D,0,S/D,S/D,S/D,0,S/D,S/D,S/D,0,S/D,S/D,S/D,0
47278214,CHOSICA,LIMA,LIMA,gfs,pp,20260908,20261007,"00Z,12Z",D1,6h,S/D,S/D,S/D,0,S/D,S/D,S/D,0,S/D,S/D,S/D,0,S/D,S/D,S/D,0,S/D,S/D,S/D,0
47278214,CHOSICA,LIMA,LIMA,eta5,pp,20260908,20261007,"00Z,12Z",D1,6h,S/D,S/D,S/D,0,S/D,S/D,S/D,0,S/D,S/D,S/D,0,S/D,S/D,S/D,0,S/D,S/D,S/D,0
47278214,CHOSICA,LIMA,LIMA,wrf5,pp,20260908,20261007,"00Z,12Z",D1,6h,S/D,S/D,S/D,0,S/D,S/D,S/D,0,S/D,S/D,S/D,0,S/D,S/D,S/D,0,S/D,S/D,S/D,0
47278214,CHOSICA,LIMA,LIMA,mpas15,pp,20260908,20261007,00Z,D1,6h,S/D,S/D,S/D,0,S/D,S/D,S/D,0,S/D,S/D,S/D,0,S/D,S/D,S/D,0,S/D,S/D,S/D,0
112281,LAS PALMAS,LIMA,LIMA,ecmwf,pp,20260908,20261007,"00Z,12Z",D1,6h,0.123,0.221,0.23,240,0.625,0.842,0.144,24,S/D,S/D,S/D,0,S/D,S/D,S/D,0,S/D,S/D,S/D,0
112281,LAS PALMAS,LIMA,LIMA,gfs,pp,20260908,20261007,"00Z,12Z",D1,6h,0.041,0.108,0.154,240,0.375,0.847,0.122,24,S/D,S/D,S/D,0,S/D,S/D,S/D,0,S/D,S/D,S/D,0
112281,LAS PALMAS,LIMA,LIMA,eta5,pp,20260908,20261007,"00Z,12Z",D1,6h,0.052,0.182,0.063,194,0.217,0.884,0.082,23,S/D,S/D,S/D,0,S/D,S/D,S/D,0,S/D,S/D,S/D,0
112281,LAS PALMAS,LIMA,LIMA,wrf5,pp,20260908,20261007,"00Z,12Z",D1,6h,-0.008,0.083,-0.014,236,0.045,0.857,0.036,22,S/D,S/D,S/D,0,S/D,S/D,S/D,0,S/D,S/D,S/D,0
112281,LAS PALMAS,LIMA,LIMA,mpas15,pp,20260908,20261007,00Z,D1,6h,-0.002,0.144,-0.11,120,0.0,1.0,0.0,12,S/D,1.0,0.0,0,S/D,S/D,S/D,0,S/D,S/D,S/D,0
112193,SAN BORJA,LIMA,LIMA,ecmwf,pp,20260908,20261007,"00Z,12Z",D1,6h,0.04,0.115,S/D,170,S/D,1.0,0.0,0,S/D,1.0,0.0,0,S/D,S/D,S/D,0,S/D,S/D,S/D,0
112193,SAN BORJA,LIMA,LIMA,gfs,pp,20260908,20261007,"00Z,12Z",D1,6h,0.012,0.029,S/D,170,S/D,1.0,0.0,0,S/D,S/D,S/D,0,S/D,S/D,S/D,0,S/D,S/D,S/D,0
112193,SAN BORJA,LIMA,LIMA,eta5,pp,20260908,20261007,"00Z,12Z",D1,6h,0.026,0.05,S/D,138,S/D,1.0,0.0,0,S/D,S/D,S/D,0,S/D,S/D,S/D,0,S/D,S/D,S/D,0
112193,SAN BORJA,LIMA,LIMA,wrf5,pp,20260908,20261007,"00Z,12Z",D1,6h,0.012,0.034,S/D,169,S/D,1.0,0.0,0,S/D,S/D,S/D,0,S/D,S/D,S/D,0,S/D,S/D,S/D,0
112193,SAN BORJA,LIMA,LIMA,mpas15,pp,20260908,20261007,00Z,D1,6h,0.029,0.138,S/D,85,S/D,1.0,0.0,0,S/D,S/D,S/D,0,S/D,S/D,S/D,0,S/D,S/D,S/D,0
112267,SAN JUAN DE LURIGANCHO,LIMA,LIMA,ecmwf,pp,20260908,20261007,"00Z,12Z",D1,6h,0.055,0.158,0.068,216,0.0,1.0,0.0,2,S/D,1.0,0.0,0,S/D,S/D,S/D,0,S/D,S/D,S/D,0
112267,SAN JUAN DE LURIGANCHO,LIMA,LIMA,gfs,pp,20260908,20261007,"00Z,12Z",D1,6h,0.007,0.037,0.258,216,1.0,0.333,0.667,2,S/D,S/D,S/D,0,S/D,S/D,S/D,0,S/D,S/D,S/D,0
112267,SAN JUAN DE LURIGANCHO,LIMA,LIMA,eta5,pp,20260908,20261007,"00Z,12Z",D1,6h,0.002,0.034,0.142,174,0.0,1.0,0.0,1,S/D,S/D,S/D,0,S/D,S/D,S/D,0,S/D,S/D,S/D,0
112267,SAN JUAN DE LURIGANCHO,LIMA,LIMA,wrf5,pp,20260908,20261007,"00Z,12Z",D1,6h,0.001,0.031,0.261,212,0.5,0.5,0.333,2,S/D,S/D,S/D,0,S/D,S/D,S/D,0,S/D,S/D,S/D,0
112267,SAN JUAN DE LURIGANCHO,LIMA,LIMA,mpas15,pp,20260908,20261007,00Z,D1,6h,0.019,0.113,0.187,108,1.0,0.8,0.2,1,S/D,1.0,0.0,0,S/D,S/D,S/D,0,S/D,S/D,S/D,0
112265,SAN MARTIN DE PORRES,LIMA,LIMA,ecmwf,pp,20260908,20261007,"00Z,12Z",D1,6h,0.047,0.181,0.099,220,0.0,1.0,0.0,2,0.0,1.0,0.0,2,S/D,S/D,S/D,0,S/D,S/D,S/D,0
112265,SAN MARTIN DE PORRES,LIMA,LIMA,gfs,pp,20260908,20261007,"00Z,12Z",D1,6h,-0.0,0.108,-0.039,220,0.0,1.0,0.0,2,0.0,S/D,0.0,2,S/D,S/D,S/D,0,S/D,S/D,S/D,0
112265,SAN MARTIN DE PORRES,LIMA,LIMA,eta5,pp,20260908,20261007,"00Z,12Z",D1,6h,0.078,0.212,-0.019,178,0.0,1.0,0.0,2,0.0,S/D,0.0,2,S/D,S/D,S/D,0,S/D,S/D,S/D,0
112265,SAN MARTIN DE PORRES,LIMA,LIMA,wrf5,pp,20260908,20261007,"00Z,12Z",D1,6h,-0.006,0.106,-0.041,217,0.0,S/D,0.0,2,0.0,S/D,0.0,2,S/D,S/D,S/D,0,S/D,S/D,S/D,0
112265,SAN MARTIN DE PORRES,LIMA,LIMA,mpas15,pp,20260908,20261007,00Z,D1,6h,0.022,0.187,-0.07,110,0.0,1.0,0.0,1,0.0,1.0,0.0,1,S/D,S/D,S/D,0,S/D,S/D,S/D,0
112208,SANTA ANITA,LIMA,LIMA,ecmwf,pp,20260908,20261007,"00Z,12Z",D1,6h,S/D,S/D,S/D,0,S/D,S/D,S/D,0,S/D,S/D,S/D,0,S/D,S/D,S/D,0,S/D,S/D,S/D,0
112208,SANTA ANITA,LIMA,LIMA,gfs,pp,20260908,20261007,"00Z,12Z",D1,6h,S/D,S/D,S/D,0,S/D,S/D,S/D,0,S/D,S/D,S/D,0,S/D,S/D,S/D,0,S/D,S/D,S/D,0
112208,SANTA ANITA,LIMA,LIMA,eta5,pp,20260908,20261007,"00Z,12Z",D1,6h,S/D,S/D,S/D,0,S/D,S/D,S/D,0,S/D,S/D,S/D,0,S/D,S/D,S/D,0,S/D,S/D,S/D,0
112208,SANTA ANITA,LIMA,LIMA,wrf5,pp,20260908,20261007,"00Z,12Z",D1,6h,S/D,S/D,S/D,0,S/D,S/D,S/D,0,S/D,S/D,S/D,0,S/D,S/D,S/D,0,S/D,S/D,S/D,0
112208,SANTA ANITA,LIMA,LIMA,mpas15,pp,20260908,20261007,00Z,D1,6h,S/D,S/D,S/D,0,S/D,S/D,S/D,0,S/D,S/D,S/D,0,S/D,S/D,S/D,0,S/D,S/D,S/D,0
472AC278,VON HUMBOLDT,LIMA,LIMA,ecmwf,pp,20260908,20261007,"00Z,12Z",D1,6h,0.056,0.153,0.055,220,0.0,1.0,0.0,4,S/D,1.0,0.0,0,S/D,S/D,S/D,0,S/D,S/D,S/D,0
472AC278,VON HUMBOLDT,LIMA,LIMA,gfs,pp,20260908,20261007,"00Z,12Z",D1,6h,0.009,0.029,0.151,220,0.5,0.333,0.4,4,S/D,S/D,S/D,0,S/D,S/D,S/D,0,S/D,S/D,S/D,0
472AC278,VON HUMBOLDT,LIMA,LIMA,eta5,pp,20260908,20261007,"00Z,12Z",D1,6h,0.003,0.028,0.059,178,0.0,1.0,0.0,3,S/D,S/D,S/D,0,S/D,S/D,S/D,0,S/D,S/D,S/D,0
472AC278,VON HUMBOLDT,LIMA,LIMA,wrf5,pp,20260908,20261007,"00Z,12Z",D1,6h,-0.002,0.02,0.091,216,0.0,S/D,0.0,4,S/D,S/D,S/D,0,S/D,S/D,S/D,0,S/D,S/D,S/D,0
472AC278,VON HUMBOLDT,LIMA,LIMA,mpas15,pp,20260908,20261007,00Z,D1,6h,0.05,0.217,0.073,110,0.5,0.857,0.125,2,S/D,1.0,0.0,0,S/D,S/D,S/D,0,S/D,S/D,S/D,0
111290,ÑAÑA,LIMA,LIMA,ecmwf,pp,20260908,20261007,"00Z,12Z",D1,6h,0.007,0.038,0.323,236,0.417,0.5,0.294,12,S/D,S/D,S/D,0,S/D,S/D,S/D,0,S/D,S/D,S/D,0
111290,ÑAÑA,LIMA,LIMA,gfs,pp,20260908,20261007,"00Z,12Z",D1,6h,-0.007,0.035,-0.015,236,0.0,S/D,0.0,12,S/D,S/D,S/D,0,S/D,S/D,S/D,0,S/D,S/D,S/D,0
111290,ÑAÑA,LIMA,LIMA,eta5,pp,20260908,20261007,"00Z,12Z",D1,6h,-0.008,0.038,S/D,191,0.0,S/D,0.0,11,S/D,S/D,S/D,0,S/D,S/D,S/D,0,S/D,S/D,S/D,0
111290,ÑAÑA,LIMA,LIMA,wrf5,pp,20260908,20261007,"00Z,12Z",D1,6h,-0.007,0.035,0.083,233,0.0,S/D,0.0,12,S/D,S/D,S/D,0,S/D,S/D,S/D,0,S/D,S/D,S/D,0
111290,ÑAÑA,LIMA,LIMA,mpas15,pp,20260908,20261007,00Z,D1,6h,0.036,0.188,0.123,118,0.5,0.571,0.3,6,S/D,1.0,0.0,0,S/D,S/D,S/D,0,S/D,S/D,S/D,0
110139,PICOY,LIMA,OYON,ecmwf,pp,20260908,20261007,"00Z,12Z",D1,6h,0.602,1.244,-0.04,236,0.5,0.992,0.008,2,S/D,1.0,0.0,0,S/D,1.0,0.0,0,S/D,S/D,S/D,0
110139,PICOY,LIMA,OYON,gfs,pp,20260908,20261007,"00Z,12Z",D1,6h,0.492,1.156,0.098,236,1.0,0.981,0.019,2,S/D,1.0,0.0,0,S/D,1.0,0.0,0,S/D,S/D,S/D,0
110139,PICOY,LIMA,OYON,eta5,pp,20260908,20261007,"00Z,12Z",D1,6h,1.259,2.635,0.102,191,1.0,0.986,0.014,1,S/D,1.0,0.0,0,S/D,1.0,0.0,0,S/D,S/D,S/D,0
110139,PICOY,LIMA,OYON,wrf5,pp,20260908,20261007,"00Z,12Z",D1,6h,0.176,0.682,0.058,233,0.5,0.971,0.028,2,S/D,1.0,0.0,0,S/D,S/D,S/D,0,S/D,S/D,S/D,0
110139,PICOY,LIMA,OYON,mpas15,pp,20260908,20261007,00Z,D1,6h,0.553,1.377,-0.09,118,0.0,1.0,0.0,1,S/D,1.0,0.0,0,S/D,1.0,0.0,0,S/D,S/D,S/D,0
472364DC,CARANIA,LIMA,YAUYOS,ecmwf,pp,20260908,20261007,"00Z,12Z",D1,6h,0.309,0.98,0.32,226,0.917,0.847,0.151,12,0.625,0.821,0.161,8,S/D,1.0,0.0,0,S/D,S/D,S/D,0
472364DC,CARANIA,LIMA,YAUYOS,gfs,pp,20260908,20261007,"00Z,12Z",D1,6h,0.445,1.165,0.331,226,1.0,0.886,0.114,12,0.625,0.865,0.125,8,S/D,1.0,0.0,0,S/D,S/D,S/D,0
472364DC,CARANIA,LIMA,YAUYOS,eta5,pp,20260908,20261007,"00Z,12Z",D1,6h,0.135,0.791,0.377,184,0.833,0.688,0.294,12,0.375,0.812,0.143,8,S/D,1.0,0.0,0,S/D,S/D,S/D,0
472364DC,CARANIA,LIMA,YAUYOS,wrf5,pp,20260908,20261007,"00Z,12Z",D1,6h,0.089,0.764,0.257,222,0.636,0.8,0.179,11,0.286,0.8,0.133,7,S/D,1.0,0.0,0,S/D,S/D,S/D,0
472364DC,CARANIA,LIMA,YAUYOS,mpas15,pp,20260908,20261007,00Z,D1,6h,0.469,1.431,0.322,113,0.833,0.821,0.172,6,0.75,0.833,0.158,4,S/D,1.0,0.0,0,S/D,S/D,S/D,0
104112,SAN REGIS,LORETO,LORETO,ecmwf,pp,20260908,20261007,"00Z,12Z",D1,6h,0.392,2.97,0.364,58,0.833,0.792,0.2,6,0.5,0.667,0.25,6,0.5,0.6,0.286,4,S/D,S/D,S/D,0
104112,SAN REGIS,LORETO,LORETO,gfs,pp,20260908,20261007,"00Z,12Z",D1,6h,0.028,2.4,0.071,58,0.333,0.875,0.1,6,0.333,0.8,0.143,6,0.0,1.0,0.0,4,S/D,S/D,S/D,0
104112,SAN REGIS,LORETO,LORETO,eta5,pp,20260908,20261007,"00Z,12Z",D1,6h,1.85,4.812,0.27,51,1.0,0.783,0.217,5,0.8,0.789,0.2,5,0.0,1.0,0.0,3,S/D,S/D,S/D,0
104112,SAN REGIS,LORETO,LORETO,wrf5,pp,20260908,20261007,"00Z,12Z",D1,6h,-0.002,2.63,0.088,57,0.4,0.867,0.111,5,0.2,0.833,0.1,5,0.0,1.0,0.0,4,S/D,S/D,S/D,0
104112,SAN REGIS,LORETO,LORETO,mpas15,pp,20260908,20261007,00Z,D1,6h,0.372,2.262,0.408,29,1.0,0.7,0.3,3,0.667,0.667,0.286,3,0.5,0.5,0.333,2,S/D,S/D,S/D,0
4727547C,CABALLOCOCHA,LORETO,MARISCAL RAMON CASTILLA,ecmwf,pp,20260908,20261007,"00Z,12Z",D1,6h,S/D,S/D,S/D,0,S/D,S/D,S/D,0,S/D,S/D,S/D,0,S/D,S/D,S/D,0,S/D,S/D,S/D,0
4727547C,CABALLOCOCHA,LORETO,MARISCAL RAMON CASTILLA,gfs,pp,20260908,20261007,"00Z,12Z",D1,6h,S/D,S/D,S/D,0,S/D,S/D,S/D,0,S/D,S/D,S/D,0,S/D,S/D,S/D,0,S/D,S/D,S/D,0
4727547C,CABALLOCOCHA,LORETO,MARISCAL RAMON CASTILLA,eta5,pp,20260908,20261007,"00Z,12Z",D1,6h,S/D,S/D,S/D,0,S/D,S/D,S/D,0,S/D,S/D,S/D,0,S/D,S/D,S/D,0,S/D,S/D,S/D,0
4727547C,CABALLOCOCHA,LORETO,MARISCAL RAMON CASTILLA,wrf5,pp,20260908,20261007,"00Z,12Z",D1,6h,S/D,S/D,S/D,0,S/D,S/D,S/D,0,S/D,S/D,S/D,0,S/D,S/D,S/D,0,S/D,S/D,S/D,0
4727547C,CABALLOCOCHA,LORETO,MARISCAL RAMON CASTILLA,mpas15,pp,20260908,20261007,00Z,D1,6h,S/D,S/D,S/D,0,S/D,S/D,S/D,0,S/D,S/D,S/D,0,S/D,S/D,S/D,0,S/D,S/D,S/D,0
47288486,PEBAS,LORETO,MARISCAL RAMON CASTILLA,ecmwf,pp,20260908,20261007,"00Z,12Z",D1,6h,S/D,S/D,S/D,0,S/D,S/D,S/D,0,S/D,S/D,S/D,0,S/D,S/D,S/D,0,S/D,S/D,S/D,0
47288486,PEBAS,LORETO,MARISCAL RAMON CASTILLA,gfs,pp,20260908,20261007,"00Z,12Z",D1,6h,S/D,S/D,S/D,0,S/D,S/D,S/D,0,S/D,S/D,S/D,0,S/D,S/D,S/D,0,S/D,S/D,S/D,0
47288486,PEBAS,LORETO,MARISCAL RAMON CASTILLA,eta5,pp,20260908,20261007,"00Z,12Z",D1,6h,S/D,S/D,S/D,0,S/D,S/D,S/D,0,S/D,S/D,S/D,0,S/D,S/D,S/D,0,S/D,S/D,S/D,0
47288486,PEBAS,LORETO,MARISCAL RAMON CASTILLA,wrf5,pp,20260908,20261007,"00Z,12Z",D1,6h,S/D,S/D,S/D,0,S/D,S/D,S/D,0,S/D,S/D,S/D,0,S/D,S/D,S/D,0,S/D,S/D,S/D,0
47288486,PEBAS,LORETO,MARISCAL RAMON CASTILLA,mpas15,pp,20260908,20261007,00Z,D1,6h,S/D,S/D,S/D,0,S/D,S/D,S/D,0,S/D,S/D,S/D,0,S/D,S/D,S/D,0,S/D,S/D,S/D,0
103065,AMAZONAS,LORETO,MAYNAS,ecmwf,pp,20260908,20261007,"00Z,12Z",D1,6h,S/D,S/D,S/D,0,S/D,S/D,S/D,0,S/D,S/D,S/D,0,S/D,S/D,S/D,0,S/D,S/D,S/D,0
103065,AMAZONAS,LORETO,MAYNAS,gfs,pp,20260908,20261007,"00Z,12Z",D1,6h,S/D,S/D,S/D,0,S/D,S/D,S/D,0,S/D,S/D,S/D,0,S/D,S/D,S/D,0,S/D,S/D,S/D,0
103065,AMAZONAS,LORETO,MAYNAS,eta5,pp,20260908,20261007,"00Z,12Z",D1,6h,S/D,S/D,S/D,0,S/D,S/D,S/D,0,S/D,S/D,S/D,0,S/D,S/D,S/D,0,S/D,S/D,S/D,0
103065,AMAZONAS,LORETO,MAYNAS,wrf5,pp,20260908,20261007,"00Z,12Z",D1,6h,S/D,S/D,S/D,0,S/D,S/D,S/D,0,S/D,S/D,S/D,0,S/D,S/D,S/D,0,S/D,S/D,S/D,0
103065,AMAZONAS,LORETO,MAYNAS,mpas15,pp,20260908,20261007,00Z,D1,6h,S/D,S/D,S/D,0,S/D,S/D,S/D,0,S/D,S/D,S/D,0,S/D,S/D,S/D,0,S/D,S/D,S/D,0
47252718,ENAPU PERU,LORETO,MAYNAS,ecmwf,pp,20260908,20261007,"00Z,12Z",D1,6h,0.377,2.953,0.15,230,0.633,0.853,0.136,30,0.545,0.806,0.167,22,0.167,0.75,0.111,12,S/D,S/D,S/D,0
47252718,ENAPU PERU,LORETO,MAYNAS,gfs,pp,20260908,20261007,"00Z,12Z",D1,6h,0.186,3.964,0.158,230,0.533,0.816,0.158,30,0.364,0.789,0.154,22,0.167,0.818,0.095,12,S/D,1.0,0.0,0
47252718,ENAPU PERU,LORETO,MAYNAS,eta5,pp,20260908,20261007,"00Z,12Z",D1,6h,1.036,3.982,0.104,188,0.565,0.827,0.153,23,0.438,0.879,0.104,16,0.222,0.926,0.059,9,S/D,S/D,S/D,0
47252718,ENAPU PERU,LORETO,MAYNAS,wrf5,pp,20260908,20261007,"00Z,12Z",D1,6h,0.494,4.855,0.12,226,0.4,0.797,0.156,30,0.273,0.812,0.125,22,0.083,0.923,0.042,12,S/D,1.0,0.0,0
47252718,ENAPU PERU,LORETO,MAYNAS,mpas15,pp,20260908,20261007,00Z,D1,6h,0.425,2.983,0.017,115,0.467,0.87,0.113,15,0.364,0.895,0.089,11,0.167,0.875,0.077,6,S/D,S/D,S/D,0
47287402,CONTAMANA,LORETO,UCAYALI,ecmwf,pp,20260908,20261007,"00Z,12Z",D1,6h,S/D,S/D,S/D,0,S/D,S/D,S/D,0,S/D,S/D,S/D,0,S/D,S/D,S/D,0,S/D,S/D,S/D,0
47287402,CONTAMANA,LORETO,UCAYALI,gfs,pp,20260908,20261007,"00Z,12Z",D1,6h,S/D,S/D,S/D,0,S/D,S/D,S/D,0,S/D,S/D,S/D,0,S/D,S/D,S/D,0,S/D,S/D,S/D,0
47287402,CONTAMANA,LORETO,UCAYALI,eta5,pp,20260908,20261007,"00Z,12Z",D1,6h,S/D,S/D,S/D,0,S/D,S/D,S/D,0,S/D,S/D,S/D,0,S/D,S/D,S/D,0,S/D,S/D,S/D,0
47287402,CONTAMANA,LORETO,UCAYALI,wrf5,pp,20260908,20261007,"00Z,12Z",D1,6h,S/D,S/D,S/D,0,S/D,S/D,S/D,0,S/D,S/D,S/D,0,S/D,S/D,S/D,0,S/D,S/D,S/D,0
47287402,CONTAMANA,LORETO,UCAYALI,mpas15,pp,20260908,20261007,00Z,D1,6h,S/D,S/D,S/D,0,S/D,S/D,S/D,0,S/D,S/D,S/D,0,S/D,S/D,S/D,0,S/D,S/D,S/D,0
47E8201A,SALVACION,MADRE DE DIOS,MANU,ecmwf,pp,20260908,20261007,"00Z,12Z",D1,6h,-0.841,7.771,0.241,234,0.778,0.682,0.292,54,0.441,0.75,0.19,34,0.167,0.625,0.13,18,0.0,1.0,0.0,6
47E8201A,SALVACION,MADRE DE DIOS,MANU,gfs,pp,20260908,20261007,"00Z,12Z",D1,6h,-1.151,7.473,0.279,234,0.611,0.667,0.275,54,0.324,0.744,0.167,34,0.167,0.667,0.125,18,0.0,S/D,0.0,6
47E8201A,SALVACION,MADRE DE DIOS,MANU,eta5,pp,20260908,20261007,"00Z,12Z",D1,6h,-0.163,8.364,0.238,190,0.708,0.709,0.26,48,0.656,0.75,0.221,32,0.353,0.76,0.167,17,0.0,S/D,0.0,6
47E8201A,SALVACION,MADRE DE DIOS,MANU,wrf5,pp,20260908,20261007,"00Z,12Z",D1,6h,-1.451,7.766,0.237,231,0.385,0.574,0.253,52,0.25,0.619,0.178,32,0.111,0.6,0.095,18,0.0,S/D,0.0,6
47E8201A,SALVACION,MADRE DE DIOS,MANU,mpas15,pp,20260908,20261007,00Z,D1,6h,0.974,9.689,0.137,117,0.63,0.754,0.215,27,0.647,0.82,0.164,17,0.222,0.895,0.077,9,0.0,1.0,0.0,3
472587E0,IÑAPARI,MADRE DE DIOS,TAHUAMANU,ecmwf,pp,20260908,20261007,"00Z,12Z",D1,6h,0.231,1.926,0.271,224,0.778,0.844,0.149,18,0.7,0.774,0.206,10,0.6,0.455,0.4,10,S/D,S/D,S/D,0
472587E0,IÑAPARI,MADRE DE DIOS,TAHUAMANU,gfs,pp,20260908,20261007,"00Z,12Z",D1,6h,-0.252,2.075,0.347,224,0.556,0.756,0.204,18,0.6,0.625,0.3,10,0.3,0.0,0.3,10,S/D,S/D,S/D,0
472587E0,IÑAPARI,MADRE DE DIOS,TAHUAMANU,eta5,pp,20260908,20261007,"00Z,12Z",D1,6h,0.153,3.032,0.456,182,0.778,0.632,0.333,18,0.8,0.714,0.267,10,0.4,0.429,0.308,10,S/D,1.0,0.0,0
472587E0,IÑAPARI,MADRE DE DIOS,TAHUAMANU,wrf5,pp,20260908,20261007,"00Z,12Z",D1,6h,-0.487,2.653,0.297,220,0.278,0.643,0.185,18,0.1,0.75,0.077,10,0.0,S/D,0.0,10,S/D,S/D,S/D,0
472587E0,IÑAPARI,MADRE DE DIOS,TAHUAMANU,mpas15,pp,20260908,20261007,00Z,D1,6h,0.365,2.178,0.36,112,0.778,0.774,0.212,9,1.0,0.808,0.192,5,0.4,0.5,0.286,5,S/D,S/D,S/D,0
260403,CACHUELA,MADRE DE DIOS,TAMBOPATA,ecmwf,pp,20260908,20261007,"00Z,12Z",D1,6h,0.689,2.395,0.294,234,1.0,0.922,0.078,8,S/D,1.0,0.0,0,S/D,1.0,0.0,0,S/D,S/D,S/D,0
260403,CACHUELA,MADRE DE DIOS,TAMBOPATA,gfs,pp,20260908,20261007,"00Z,12Z",D1,6h,0.479,3.589,0.205,234,0.75,0.891,0.105,8,S/D,1.0,0.0,0,S/D,1.0,0.0,0,S/D,1.0,0.0,0
260403,CACHUELA,MADRE DE DIOS,TAMBOPATA,eta5,pp,20260908,20261007,"00Z,12Z",D1,6h,0.568,1.966,0.129,190,0.429,0.912,0.079,7,S/D,1.0,0.0,0,S/D,1.0,0.0,0,S/D,S/D,S/D,0
260403,CACHUELA,MADRE DE DIOS,TAMBOPATA,wrf5,pp,20260908,20261007,"00Z,12Z",D1,6h,0.172,2.281,-0.021,231,0.125,0.941,0.042,8,S/D,1.0,0.0,0,S/D,1.0,0.0,0,S/D,1.0,0.0,0
260403,CACHUELA,MADRE DE DIOS,TAMBOPATA,mpas15,pp,20260908,20261007,00Z,D1,6h,1.228,3.124,0.274,117,1.0,0.9,0.1,4,S/D,1.0,0.0,0,S/D,1.0,0.0,0,S/D,S/D,S/D,0
47E8336C,MALINOWSKY,MADRE DE DIOS,TAMBOPATA,ecmwf,pp,20260908,20261007,"00Z,12Z",D1,6h,0.635,2.086,0.263,234,0.75,0.889,0.107,16,0.667,0.867,0.125,6,S/D,1.0,0.0,0,S/D,S/D,S/D,0
47E8336C,MALINOWSKY,MADRE DE DIOS,TAMBOPATA,gfs,pp,20260908,20261007,"00Z,12Z",D1,6h,0.342,1.429,0.126,234,0.438,0.854,0.123,16,0.167,0.958,0.034,6,S/D,1.0,0.0,0,S/D,S/D,S/D,0
47E8336C,MALINOWSKY,MADRE DE DIOS,TAMBOPATA,eta5,pp,20260908,20261007,"00Z,12Z",D1,6h,0.858,3.445,0.201,190,0.5,0.8,0.167,16,0.5,0.885,0.103,6,S/D,1.0,0.0,0,S/D,1.0,0.0,0
47E8336C,MALINOWSKY,MADRE DE DIOS,TAMBOPATA,wrf5,pp,20260908,20261007,"00Z,12Z",D1,6h,0.225,3.038,0.095,231,0.188,0.824,0.1,16,0.0,1.0,0.0,6,S/D,1.0,0.0,0,S/D,1.0,0.0,0
47E8336C,MALINOWSKY,MADRE DE DIOS,TAMBOPATA,mpas15,pp,20260908,20261007,00Z,D1,6h,1.576,3.567,0.205,117,0.75,0.875,0.12,8,1.0,0.927,0.073,3,S/D,1.0,0.0,0,S/D,S/D,S/D,0
260402,PUENTE HERRERA,MADRE DE DIOS,TAMBOPATA,ecmwf,pp,20260908,20261007,"00Z,12Z",D1,6h,0.714,2.441,S/D,232,S/D,1.0,0.0,0,S/D,1.0,0.0,0,S/D,1.0,0.0,0,S/D,S/D,S/D,0
260402,PUENTE HERRERA,MADRE DE DIOS,TAMBOPATA,gfs,pp,20260908,20261007,"00Z,12Z",D1,6h,0.492,3.604,S/D,232,S/D,1.0,0.0,0,S/D,1.0,0.0,0,S/D,1.0,0.0,0,S/D,1.0,0.0,0
260402,PUENTE HERRERA,MADRE DE DIOS,TAMBOPATA,eta5,pp,20260908,20261007,"00Z,12Z",D1,6h,0.574,2.0,S/D,188,S/D,1.0,0.0,0,S/D,1.0,0.0,0,S/D,1.0,0.0,0,S/D,S/D,S/D,0
260402,PUENTE HERRERA,MADRE DE DIOS,TAMBOPATA,wrf5,pp,20260908,20261007,"00Z,12Z",D1,6h,0.194,2.29,S/D,229,S/D,1.0,0.0,0,S/D,1.0,0.0,0,S/D,1.0,0.0,0,S/D,1.0,0.0,0
260402,PUENTE HERRERA,MADRE DE DIOS,TAMBOPATA,mpas15,pp,20260908,20261007,00Z,D1,6h,1.259,3.18,S/D,116,S/D,1.0,0.0,0,S/D,1.0,0.0,0,S/D,1.0,0.0,0,S/D,S/D,S/D,0
112279,PUERTO MALDONADO,MADRE DE DIOS,TAMBOPATA,ecmwf,pp,20260908,20261007,"00Z,12Z",D1,6h,0.691,2.403,0.19,238,0.875,0.933,0.066,8,S/D,1.0,0.0,0,S/D,1.0,0.0,0,S/D,S/D,S/D,0
112279,PUERTO MALDONADO,MADRE DE DIOS,TAMBOPATA,gfs,pp,20260908,20261007,"00Z,12Z",D1,6h,0.483,3.56,0.108,238,0.375,0.946,0.049,8,S/D,1.0,0.0,0,S/D,1.0,0.0,0,S/D,1.0,0.0,0
112279,PUERTO MALDONADO,MADRE DE DIOS,TAMBOPATA,eta5,pp,20260908,20261007,"00Z,12Z",D1,6h,0.572,1.988,0.14,193,0.5,0.882,0.105,8,S/D,1.0,0.0,0,S/D,1.0,0.0,0,S/D,S/D,S/D,0
112279,PUERTO MALDONADO,MADRE DE DIOS,TAMBOPATA,wrf5,pp,20260908,20261007,"00Z,12Z",D1,6h,0.24,3.11,-0.059,234,0.125,0.929,0.048,8,S/D,1.0,0.0,0,S/D,1.0,0.0,0,S/D,1.0,0.0,0
112279,PUERTO MALDONADO,MADRE DE DIOS,TAMBOPATA,mpas15,pp,20260908,20261007,00Z,D1,6h,1.235,3.14,0.191,119,0.75,0.927,0.071,4,S/D,1.0,0.0,0,S/D,1.0,0.0,0,S/D,S/D,S/D,0
260002,TAMBOPATA,MADRE DE DIOS,TAMBOPATA,ecmwf,pp,20260908,20261007,"00Z,12Z",D1,6h,S/D,S/D,S/D,0,S/D,S/D,S/D,0,S/D,S/D,S/D,0,S/D,S/D,S/D,0,S/D,S/D,S/D,0
260002,TAMBOPATA,MADRE DE DIOS,TAMBOPATA,gfs,pp,20260908,20261007,"00Z,12Z",D1,6h,S/D,S/D,S/D,0,S/D,S/D,S/D,0,S/D,S/D,S/D,0,S/D,S/D,S/D,0,S/D,S/D,S/D,0
260002,TAMBOPATA,MADRE DE DIOS,TAMBOPATA,eta5,pp,20260908,20261007,"00Z,12Z",D1,6h,S/D,S/D,S/D,0,S/D,S/D,S/D,0,S/D,S/D,S/D,0,S/D,S/D,S/D,0,S/D,S/D,S/D,0
260002,TAMBOPATA,MADRE DE DIOS,TAMBOPATA,wrf5,pp,20260908,20261007,"00Z,12Z",D1,6h,S/D,S/D,S/D,0,S/D,S/D,S/D,0,S/D,S/D,S/D,0,S/D,S/D,S/D,0,S/D,S/D,S/D,0
260002,TAMBOPATA,MADRE DE DIOS,TAMBOPATA,mpas15,pp,20260908,20261007,00Z,D1,6h,S/D,S/D,S/D,0,S/D,S/D,S/D,0,S/D,S/D,S/D,0,S/D,S/D,S/D,0,S/D,S/D,S/D,0
4723F1BE,MOQUEGUA,MOQUEGUA,MARISCAL NIETO,ecmwf,pp,20260908,20261007,"00Z,12Z",D1,6h,0.007,0.028,S/D,236,S/D,1.0,0.0,0,S/D,S/D,S/D,0,S/D,S/D,S/D,0,S/D,S/D,S/D,0
4723F1BE,MOQUEGUA,MOQUEGUA,MARISCAL NIETO,gfs,pp,20260908,20261007,"00Z,12Z",D1,6h,0.001,0.006,S/D,236,S/D,S/D,S/D,0,S/D,S/D,S/D,0,S/D,S/D,S/D,0,S/D,S/D,S/D,0
4723F1BE,MOQUEGUA,MOQUEGUA,MARISCAL NIETO,eta5,pp,20260908,20261007,"00Z,12Z",D1,6h,0.0,0.0,S/D,191,S/D,S/D,S/D,0,S/D,S/D,S/D,0,S/D,S/D,S/D,0,S/D,S/D,S/D,0
4723F1BE,MOQUEGUA,MOQUEGUA,MARISCAL NIETO,wrf5,pp,20260908,20261007,"00Z,12Z",D1,6h,0.0,0.002,S/D,232,S/D,S/D,S/D,0,S/D,S/D,S/D,0,S/D,S/D,S/D,0,S/D,S/D,S/D,0
4723F1BE,MOQUEGUA,MOQUEGUA,MARISCAL NIETO,mpas15,pp,20260908,20261007,00Z,D1,6h,0.0,0.0,S/D,118,S/D,S/D,S/D,0,S/D,S/D,S/D,0,S/D,S/D,S/D,0,S/D,S/D,S/D,0
110137,12 DE OCTUBRE,PASCO,DANIEL ALCIDES CARRION,ecmwf,pp,20260908,20261007,"00Z,12Z",D1,6h,0.35,1.416,0.335,234,0.696,0.706,0.26,46,0.5,0.841,0.137,14,0.0,1.0,0.0,2,S/D,S/D,S/D,0
110137,12 DE OCTUBRE,PASCO,DANIEL ALCIDES CARRION,gfs,pp,20260908,20261007,"00Z,12Z",D1,6h,0.832,2.588,0.38,234,0.978,0.726,0.273,46,0.714,0.833,0.156,14,0.0,1.0,0.0,2,S/D,S/D,S/D,0
110137,12 DE OCTUBRE,PASCO,DANIEL ALCIDES CARRION,eta5,pp,20260908,20261007,"00Z,12Z",D1,6h,0.268,1.335,0.417,189,0.775,0.627,0.337,40,0.538,0.781,0.184,13,0.0,1.0,0.0,2,S/D,S/D,S/D,0
110137,12 DE OCTUBRE,PASCO,DANIEL ALCIDES CARRION,wrf5,pp,20260908,20261007,"00Z,12Z",D1,6h,0.316,1.832,0.381,231,0.587,0.55,0.342,46,0.5,0.767,0.189,14,0.0,1.0,0.0,2,S/D,S/D,S/D,0
110137,12 DE OCTUBRE,PASCO,DANIEL ALCIDES CARRION,mpas15,pp,20260908,20261007,00Z,D1,6h,0.877,2.35,0.266,117,0.696,0.667,0.291,23,0.571,0.9,0.093,7,0.0,1.0,0.0,1,S/D,S/D,S/D,0
4725D79C,OXAPAMPA,PASCO,OXAPAMPA,ecmwf,pp,20260908,20261007,"00Z,12Z",D1,6h,0.646,2.593,0.134,236,0.857,0.718,0.27,56,0.643,0.847,0.141,28,0.083,0.8,0.062,12,S/D,S/D,S/D,0
4725D79C,OXAPAMPA,PASCO,OXAPAMPA,gfs,pp,20260908,20261007,"00Z,12Z",D1,6h,1.324,3.04,0.196,236,0.946,0.723,0.273,56,0.857,0.814,0.18,28,0.333,0.852,0.114,12,S/D,S/D,S/D,0
4725D79C,OXAPAMPA,PASCO,OXAPAMPA,eta5,pp,20260908,20261007,"00Z,12Z",D1,6h,-0.53,2.647,-0.019,191,0.298,0.75,0.157,47,0.0,1.0,0.0,24,0.0,1.0,0.0,12,S/D,S/D,S/D,0
4725D79C,OXAPAMPA,PASCO,OXAPAMPA,wrf5,pp,20260908,20261007,"00Z,12Z",D1,6h,-0.057,2.106,0.298,233,0.556,0.62,0.291,54,0.407,0.744,0.186,27,0.167,0.75,0.111,12,S/D,S/D,S/D,0
4725D79C,OXAPAMPA,PASCO,OXAPAMPA,mpas15,pp,20260908,20261007,00Z,D1,6h,0.725,2.939,0.107,118,0.571,0.738,0.219,28,0.5,0.863,0.121,14,0.0,1.0,0.0,6,S/D,S/D,S/D,0
109093,PUERTO BERMUDEZ,PASCO,OXAPAMPA,ecmwf,pp,20260908,20261007,"00Z,12Z",D1,6h,-0.449,9.23,0.313,236,0.855,0.688,0.296,62,0.632,0.696,0.258,38,0.182,0.846,0.091,22,0.0,S/D,0.0,4
109093,PUERTO BERMUDEZ,PASCO,OXAPAMPA,gfs,pp,20260908,20261007,"00Z,12Z",D1,6h,-0.687,9.148,0.186,236,0.694,0.715,0.253,62,0.553,0.744,0.212,38,0.273,0.714,0.162,22,0.0,S/D,0.0,4
109093,PUERTO BERMUDEZ,PASCO,OXAPAMPA,eta5,pp,20260908,20261007,"00Z,12Z",D1,6h,-0.005,9.246,0.221,191,0.648,0.676,0.276,54,0.606,0.773,0.198,33,0.421,0.765,0.178,19,0.0,S/D,0.0,3
109093,PUERTO BERMUDEZ,PASCO,OXAPAMPA,wrf5,pp,20260908,20261007,"00Z,12Z",D1,6h,-1.682,9.154,0.369,233,0.435,0.386,0.342,62,0.211,0.68,0.145,38,0.136,0.571,0.115,22,0.0,1.0,0.0,4
109093,PUERTO BERMUDEZ,PASCO,OXAPAMPA,mpas15,pp,20260908,20261007,00Z,D1,6h,0.142,9.483,0.296,118,0.806,0.638,0.333,31,0.684,0.772,0.206,19,0.273,0.842,0.111,11,0.0,1.0,0.0,2
104114,ALTO DE POCLUS,PIURA,AYABACA,ecmwf,pp,20260908,20261007,"00Z,12Z",D1,6h,S/D,S/D,S/D,0,S/D,S/D,S/D,0,S/D,S/D,S/D,0,S/D,S/D,S/D,0,S/D,S/D,S/D,0
104114,ALTO DE POCLUS,PIURA,AYABACA,gfs,pp,20260908,20261007,"00Z,12Z",D1,6h,S/D,S/D,S/D,0,S/D,S/D,S/D,0,S/D,S/D,S/D,0,S/D,S/D,S/D,0,S/D,S/D,S/D,0
104114,ALTO DE POCLUS,PIURA,AYABACA,eta5,pp,20260908,20261007,"00Z,12Z",D1,6h,S/D,S/D,S/D,0,S/D,S/D,S/D,0,S/D,S/D,S/D,0,S/D,S/D,S/D,0,S/D,S/D,S/D,0
104114,ALTO DE POCLUS,PIURA,AYABACA,wrf5,pp,20260908,20261007,"00Z,12Z",D1,6h,S/D,S/D,S/D,0,S/D,S/D,S/D,0,S/D,S/D,S/D,0,S/D,S/D,S/D,0,S/D,S/D,S/D,0
104114,ALTO DE POCLUS,PIURA,AYABACA,mpas15,pp,20260908,20261007,00Z,D1,6h,S/D,S/D,S/D,0,S/D,S/D,S/D,0,S/D,S/D,S/D,0,S/D,S/D,S/D,0,S/D,S/D,S/D,0
47E9177A,EL CIRUELO,PIURA,AYABACA,ecmwf,pp,20260908,20261007,"00Z,12Z",D1,6h,0.976,2.536,0.464,226,0.932,0.677,0.315,44,1.0,0.887,0.113,6,0.0,1.0,0.0,2,S/D,S/D,S/D,0
47E9177A,EL CIRUELO,PIURA,AYABACA,gfs,pp,20260908,20261007,"00Z,12Z",D1,6h,0.737,2.244,0.345,226,0.682,0.706,0.259,44,1.0,0.85,0.15,6,0.5,0.9,0.091,2,S/D,S/D,S/D,0
47E9177A,EL CIRUELO,PIURA,AYABACA,eta5,pp,20260908,20261007,"00Z,12Z",D1,6h,2.819,5.687,0.239,185,0.833,0.75,0.238,30,1.0,0.946,0.054,4,0.0,1.0,0.0,2,S/D,S/D,S/D,0
47E9177A,EL CIRUELO,PIURA,AYABACA,wrf5,pp,20260908,20261007,"00Z,12Z",D1,6h,0.705,4.029,0.288,223,0.409,0.647,0.234,44,0.667,0.826,0.16,6,1.0,0.75,0.25,2,S/D,1.0,0.0,0
47E9177A,EL CIRUELO,PIURA,AYABACA,mpas15,pp,20260908,20261007,00Z,D1,6h,0.873,2.797,0.22,113,0.545,0.657,0.267,22,0.333,0.962,0.036,3,0.0,1.0,0.0,1,S/D,S/D,S/D,0
47E281B0,HUALCUY,PIURA,AYABACA,ecmwf,pp,20260908,20261007,"00Z,12Z",D1,6h,0.272,3.781,0.135,234,0.587,0.791,0.182,46,0.667,0.797,0.185,18,0.429,0.571,0.273,14,0.0,S/D,0.0,2
47E281B0,HUALCUY,PIURA,AYABACA,gfs,pp,20260908,20261007,"00Z,12Z",D1,6h,-0.037,3.401,0.179,234,0.63,0.743,0.223,46,0.667,0.739,0.231,18,0.357,0.5,0.263,14,0.0,S/D,0.0,2
47E281B0,HUALCUY,PIURA,AYABACA,eta5,pp,20260908,20261007,"00Z,12Z",D1,6h,-0.107,3.561,0.075,191,0.306,0.761,0.155,36,0.357,0.792,0.152,14,0.091,0.833,0.062,11,0.0,S/D,0.0,1
47E281B0,HUALCUY,PIURA,AYABACA,wrf5,pp,20260908,20261007,"00Z,12Z",D1,6h,-0.351,3.623,0.23,230,0.304,0.641,0.197,46,0.5,0.591,0.29,18,0.286,0.429,0.235,14,0.0,S/D,0.0,2
47E281B0,HUALCUY,PIURA,AYABACA,mpas15,pp,20260908,20261007,00Z,D1,6h,0.702,4.494,0.14,117,0.391,0.75,0.18,23,0.667,0.8,0.182,9,0.714,0.583,0.357,7,0.0,1.0,0.0,1
472FC5B8,PAIMAS,PIURA,AYABACA,ecmwf,pp,20260908,20261007,"00Z,12Z",D1,6h,1.171,3.407,0.239,238,0.9,0.837,0.16,30,0.8,0.897,0.1,10,0.333,0.889,0.091,6,S/D,1.0,0.0,0
472FC5B8,PAIMAS,PIURA,AYABACA,gfs,pp,20260908,20261007,"00Z,12Z",D1,6h,0.788,3.923,0.198,238,0.733,0.829,0.161,30,0.7,0.865,0.127,10,0.0,1.0,0.0,6,S/D,1.0,0.0,0
472FC5B8,PAIMAS,PIURA,AYABACA,eta5,pp,20260908,20261007,"00Z,12Z",D1,6h,1.022,3.02,0.067,193,0.5,0.872,0.113,22,0.429,0.938,0.058,7,0.4,0.882,0.1,5,S/D,S/D,S/D,0
472FC5B8,PAIMAS,PIURA,AYABACA,wrf5,pp,20260908,20261007,"00Z,12Z",D1,6h,-0.222,1.589,0.197,234,0.133,0.789,0.089,30,0.3,0.571,0.214,10,0.0,1.0,0.0,6,S/D,S/D,S/D,0
472FC5B8,PAIMAS,PIURA,AYABACA,mpas15,pp,20260908,20261007,00Z,D1,6h,0.362,1.754,0.273,119,0.6,0.769,0.2,15,1.0,0.821,0.179,5,0.0,1.0,0.0,3,S/D,S/D,S/D,0
47E0C74E,PUENTE MACARA,PIURA,AYABACA,ecmwf,pp,20260908,20261007,"00Z,12Z",D1,6h,0.835,2.151,0.193,232,1.0,0.971,0.029,4,S/D,1.0,0.0,0,S/D,1.0,0.0,0,S/D,S/D,S/D,0
47E0C74E,PUENTE MACARA,PIURA,AYABACA,gfs,pp,20260908,20261007,"00Z,12Z",D1,6h,0.613,2.477,0.215,232,1.0,0.95,0.05,4,S/D,1.0,0.0,0,S/D,1.0,0.0,0,S/D,S/D,S/D,0
47E0C74E,PUENTE MACARA,PIURA,AYABACA,eta5,pp,20260908,20261007,"00Z,12Z",D1,6h,3.765,6.936,0.19,188,1.0,0.972,0.028,3,S/D,1.0,0.0,0,S/D,1.0,0.0,0,S/D,1.0,0.0,0
47E0C74E,PUENTE MACARA,PIURA,AYABACA,wrf5,pp,20260908,20261007,"00Z,12Z",D1,6h,0.417,2.781,0.138,228,0.5,0.935,0.061,4,S/D,1.0,0.0,0,S/D,1.0,0.0,0,S/D,1.0,0.0,0
47E0C74E,PUENTE MACARA,PIURA,AYABACA,mpas15,pp,20260908,20261007,00Z,D1,6h,1.343,3.174,0.137,116,1.0,0.962,0.038,2,S/D,1.0,0.0,0,S/D,1.0,0.0,0,S/D,S/D,S/D,0
472FF022,SAPILLICA,PIURA,AYABACA,ecmwf,pp,20260908,20261007,"00Z,12Z",D1,6h,0.947,4.117,0.427,238,0.83,0.44,0.503,112,0.917,0.859,0.139,12,1.0,0.778,0.222,4,0.0,1.0,0.0,2
472FF022,SAPILLICA,PIURA,AYABACA,gfs,pp,20260908,20261007,"00Z,12Z",D1,6h,0.565,4.859,0.428,238,0.723,0.372,0.506,112,0.5,0.885,0.103,12,0.0,1.0,0.0,4,0.0,1.0,0.0,2
472FF022,SAPILLICA,PIURA,AYABACA,eta5,pp,20260908,20261007,"00Z,12Z",D1,6h,0.195,2.931,0.242,193,0.448,0.391,0.348,87,0.333,0.906,0.079,9,0.5,0.833,0.143,2,0.0,S/D,0.0,1
472FF022,SAPILLICA,PIURA,AYABACA,wrf5,pp,20260908,20261007,"00Z,12Z",D1,6h,-0.287,3.581,0.403,234,0.286,0.135,0.274,112,0.0,1.0,0.0,12,0.0,1.0,0.0,4,0.0,S/D,0.0,2
472FF022,SAPILLICA,PIURA,AYABACA,mpas15,pp,20260908,20261007,00Z,D1,6h,0.168,3.376,0.254,119,0.446,0.405,0.342,56,0.833,0.821,0.172,6,0.0,1.0,0.0,2,0.0,S/D,0.0,1
472F86B2,CANCHAQUE,PIURA,HUANCABAMBA,ecmwf,pp,20260908,20261007,"00Z,12Z",D1,6h,0.633,2.968,0.16,236,0.521,0.574,0.306,94,0.625,0.688,0.263,24,1.0,0.6,0.4,4,S/D,1.0,0.0,0
472F86B2,CANCHAQUE,PIURA,HUANCABAMBA,gfs,pp,20260908,20261007,"00Z,12Z",D1,6h,0.473,1.711,0.328,236,0.649,0.492,0.399,94,0.625,0.688,0.263,24,0.5,0.778,0.182,4,S/D,S/D,S/D,0
472F86B2,CANCHAQUE,PIURA,HUANCABAMBA,eta5,pp,20260908,20261007,"00Z,12Z",D1,6h,0.23,1.402,0.358,192,0.48,0.438,0.35,75,0.455,0.688,0.227,22,0.667,0.6,0.333,3,S/D,S/D,S/D,0
472F86B2,CANCHAQUE,PIURA,HUANCABAMBA,wrf5,pp,20260908,20261007,"00Z,12Z",D1,6h,-0.285,1.179,0.412,232,0.237,0.241,0.22,93,0.25,0.333,0.222,24,0.0,S/D,0.0,4,S/D,S/D,S/D,0
472F86B2,CANCHAQUE,PIURA,HUANCABAMBA,mpas15,pp,20260908,20261007,00Z,D1,6h,0.435,1.615,0.155,118,0.34,0.529,0.246,47,0.667,0.704,0.258,12,0.5,0.833,0.143,2,S/D,S/D,S/D,0
472FE354,HUANCABAMBA,PIURA,HUANCABAMBA,ecmwf,pp,20260908,20261007,"00Z,12Z",D1,6h,0.986,2.429,0.083,238,0.8,0.937,0.062,10,S/D,1.0,0.0,0,S/D,1.0,0.0,0,S/D,S/D,S/D,0
472FE354,HUANCABAMBA,PIURA,HUANCABAMBA,gfs,pp,20260908,20261007,"00Z,12Z",D1,6h,0.838,1.769,0.012,238,0.6,0.951,0.047,10,S/D,1.0,0.0,0,S/D,1.0,0.0,0,S/D,S/D,S/D,0
472FE354,HUANCABAMBA,PIURA,HUANCABAMBA,eta5,pp,20260908,20261007,"00Z,12Z",D1,6h,0.36,1.408,-0.03,193,0.0,1.0,0.0,3,S/D,1.0,0.0,0,S/D,1.0,0.0,0,S/D,S/D,S/D,0
472FE354,HUANCABAMBA,PIURA,HUANCABAMBA,wrf5,pp,20260908,20261007,"00Z,12Z",D1,6h,0.37,2.377,0.046,234,0.3,0.88,0.094,10,S/D,1.0,0.0,0,S/D,1.0,0.0,0,S/D,S/D,S/D,0
472FE354,HUANCABAMBA,PIURA,HUANCABAMBA,mpas15,pp,20260908,20261007,00Z,D1,6h,1.46,3.766,0.0,119,0.4,0.951,0.045,5,S/D,1.0,0.0,0,S/D,1.0,0.0,0,S/D,S/D,S/D,0
472761E6,HUARMACA,PIURA,HUANCABAMBA,ecmwf,pp,20260908,20261007,"00Z,12Z",D1,6h,0.888,3.192,0.334,238,0.557,0.667,0.264,70,1.0,0.837,0.163,8,S/D,1.0,0.0,0,S/D,1.0,0.0,0
472761E6,HUARMACA,PIURA,HUANCABAMBA,gfs,pp,20260908,20261007,"00Z,12Z",D1,6h,0.739,1.748,0.464,238,0.757,0.566,0.381,70,0.75,0.88,0.115,8,S/D,1.0,0.0,0,S/D,S/D,S/D,0
472761E6,HUARMACA,PIURA,HUANCABAMBA,eta5,pp,20260908,20261007,"00Z,12Z",D1,6h,0.37,1.001,0.416,193,0.691,0.5,0.409,55,0.6,0.9,0.094,5,S/D,1.0,0.0,0,S/D,S/D,S/D,0
472761E6,HUARMACA,PIURA,HUANCABAMBA,wrf5,pp,20260908,20261007,"00Z,12Z",D1,6h,-0.015,0.473,0.547,234,0.386,0.156,0.36,70,0.25,0.778,0.133,8,S/D,S/D,S/D,0,S/D,S/D,S/D,0
472761E6,HUARMACA,PIURA,HUANCABAMBA,mpas15,pp,20260908,20261007,00Z,D1,6h,0.741,1.898,0.355,119,0.514,0.471,0.353,35,1.0,0.857,0.143,4,S/D,1.0,0.0,0,S/D,S/D,S/D,0
472FB328,CHALACO,PIURA,MORROPON,ecmwf,pp,20260908,20261007,"00Z,12Z",D1,6h,0.525,1.496,0.32,234,0.535,0.425,0.384,114,0.875,0.851,0.146,8,0.25,0.889,0.083,4,S/D,S/D,S/D,0
472FB328,CHALACO,PIURA,MORROPON,gfs,pp,20260908,20261007,"00Z,12Z",D1,6h,1.092,2.967,0.385,234,0.658,0.414,0.449,114,1.0,0.879,0.121,8,1.0,0.714,0.286,4,S/D,1.0,0.0,0
472FB328,CHALACO,PIURA,MORROPON,eta5,pp,20260908,20261007,"00Z,12Z",D1,6h,0.333,1.04,0.366,190,0.42,0.413,0.325,88,1.0,0.857,0.143,5,0.333,0.5,0.25,3,S/D,S/D,S/D,0
472FB328,CHALACO,PIURA,MORROPON,wrf5,pp,20260908,20261007,"00Z,12Z",D1,6h,0.38,2.577,0.356,230,0.351,0.298,0.305,114,0.625,0.792,0.185,8,0.75,0.4,0.5,4,S/D,1.0,0.0,0
472FB328,CHALACO,PIURA,MORROPON,mpas15,pp,20260908,20261007,00Z,D1,6h,0.706,1.84,0.246,117,0.456,0.395,0.351,57,0.75,0.912,0.086,4,0.5,0.8,0.167,2,S/D,S/D,S/D,0
472F6540,CHULUCANAS,PIURA,MORROPON,ecmwf,pp,20260908,20261007,"00Z,12Z",D1,6h,0.198,0.631,0.161,236,1.0,0.962,0.038,2,1.0,0.875,0.125,2,S/D,1.0,0.0,0,S/D,S/D,S/D,0
472F6540,CHULUCANAS,PIURA,MORROPON,gfs,pp,20260908,20261007,"00Z,12Z",D1,6h,0.137,0.574,0.184,236,1.0,0.958,0.042,2,0.5,0.909,0.083,2,S/D,1.0,0.0,0,S/D,S/D,S/D,0
472F6540,CHULUCANAS,PIURA,MORROPON,eta5,pp,20260908,20261007,"00Z,12Z",D1,6h,0.583,1.95,0.137,191,1.0,0.98,0.02,1,1.0,0.957,0.043,1,S/D,1.0,0.0,0,S/D,S/D,S/D,0
472F6540,CHULUCANAS,PIURA,MORROPON,wrf5,pp,20260908,20261007,"00Z,12Z",D1,6h,0.013,0.323,0.21,232,0.5,0.929,0.067,2,0.0,1.0,0.0,2,S/D,S/D,S/D,0,S/D,S/D,S/D,0
472F6540,CHULUCANAS,PIURA,MORROPON,mpas15,pp,20260908,20261007,00Z,D1,6h,0.072,0.322,0.18,118,1.0,0.9,0.1,1,1.0,0.833,0.167,1,S/D,S/D,S/D,0,S/D,S/D,S/D,0
47E037CA,CORRAL DEL MEDIO,PIURA,MORROPON,ecmwf,pp,20260908,20261007,"00Z,12Z",D1,6h,S/D,S/D,S/D,0,S/D,S/D,S/D,0,S/D,S/D,S/D,0,S/D,S/D,S/D,0,S/D,S/D,S/D,0
47E037CA,CORRAL DEL MEDIO,PIURA,MORROPON,gfs,pp,20260908,20261007,"00Z,12Z",D1,6h,S/D,S/D,S/D,0,S/D,S/D,S/D,0,S/D,S/D,S/D,0,S/D,S/D,S/D,0,S/D,S/D,S/D,0
47E037CA,CORRAL DEL MEDIO,PIURA,MORROPON,eta5,pp,20260908,20261007,"00Z,12Z",D1,6h,S/D,S/D,S/D,0,S/D,S/D,S/D,0,S/D,S/D,S/D,0,S/D,S/D,S/D,0,S/D,S/D,S/D,0
47E037CA,CORRAL DEL MEDIO,PIURA,MORROPON,wrf5,pp,20260908,20261007,"00Z,12Z",D1,6h,S/D,S/D,S/D,0,S/D,S/D,S/D,0,S/D,S/D,S/D,0,S/D,S/D,S/D,0,S/D,S/D,S/D,0
47E037CA,CORRAL DEL MEDIO,PIURA,MORROPON,mpas15,pp,20260908,20261007,00Z,D1,6h,S/D,S/D,S/D,0,S/D,S/D,S/D,0,S/D,S/D,S/D,0,S/D,S/D,S/D,0,S/D,S/D,S/D,0
472F50DA,EL VIRREY,PIURA,MORROPON,ecmwf,pp,20260908,20261007,"00Z,12Z",D1,6h,0.189,0.919,0.14,232,0.5,0.884,0.104,10,S/D,1.0,0.0,0,S/D,1.0,0.0,0,S/D,S/D,S/D,0
472F50DA,EL VIRREY,PIURA,MORROPON,gfs,pp,20260908,20261007,"00Z,12Z",D1,6h,0.104,0.481,0.15,232,0.3,0.88,0.094,10,S/D,1.0,0.0,0,S/D,S/D,S/D,0,S/D,S/D,S/D,0
472F50DA,EL VIRREY,PIURA,MORROPON,eta5,pp,20260908,20261007,"00Z,12Z",D1,6h,0.179,0.553,0.128,188,0.375,0.921,0.07,8,S/D,1.0,0.0,0,S/D,S/D,S/D,0,S/D,S/D,S/D,0
472F50DA,EL VIRREY,PIURA,MORROPON,wrf5,pp,20260908,20261007,"00Z,12Z",D1,6h,-0.006,0.041,0.077,228,0.0,S/D,0.0,10,S/D,S/D,S/D,0,S/D,S/D,S/D,0,S/D,S/D,S/D,0
472F50DA,EL VIRREY,PIURA,MORROPON,mpas15,pp,20260908,20261007,00Z,D1,6h,-0.003,0.048,0.104,116,0.2,0.5,0.167,5,S/D,S/D,S/D,0,S/D,S/D,S/D,0,S/D,S/D,S/D,0
47E074C0,HACIENDA BARRIOS,PIURA,MORROPON,ecmwf,pp,20260908,20261007,"00Z,12Z",D1,6h,0.509,1.645,0.154,236,0.714,0.915,0.083,14,0.5,0.97,0.029,2,0.0,1.0,0.0,2,S/D,S/D,S/D,0
47E074C0,HACIENDA BARRIOS,PIURA,MORROPON,gfs,pp,20260908,20261007,"00Z,12Z",D1,6h,0.296,1.065,0.237,236,0.714,0.878,0.116,14,1.0,0.905,0.095,2,0.0,1.0,0.0,2,S/D,S/D,S/D,0
47E074C0,HACIENDA BARRIOS,PIURA,MORROPON,eta5,pp,20260908,20261007,"00Z,12Z",D1,6h,1.292,3.311,0.267,191,0.75,0.887,0.108,12,1.0,0.961,0.039,2,0.5,0.941,0.056,2,S/D,S/D,S/D,0
47E074C0,HACIENDA BARRIOS,PIURA,MORROPON,wrf5,pp,20260908,20261007,"00Z,12Z",D1,6h,0.049,0.67,0.171,232,0.357,0.833,0.128,14,0.0,1.0,0.0,2,0.0,1.0,0.0,2,S/D,S/D,S/D,0
47E074C0,HACIENDA BARRIOS,PIURA,MORROPON,mpas15,pp,20260908,20261007,00Z,D1,6h,0.986,2.629,0.271,118,0.857,0.854,0.143,7,1.0,0.968,0.032,1,1.0,0.875,0.125,1,S/D,S/D,S/D,0
472F95C4,HACIENDA BIGOTE ,PIURA,MORROPON,ecmwf,pp,20260908,20261007,"00Z,12Z",D1,6h,0.487,1.709,0.148,238,0.75,0.949,0.05,8,0.5,0.97,0.029,2,0.0,1.0,0.0,2,S/D,S/D,S/D,0
472F95C4,HACIENDA BIGOTE ,PIURA,MORROPON,gfs,pp,20260908,20261007,"00Z,12Z",D1,6h,0.275,1.154,0.179,238,0.75,0.927,0.071,8,1.0,0.905,0.095,2,0.0,1.0,0.0,2,S/D,S/D,S/D,0
472F95C4,HACIENDA BIGOTE ,PIURA,MORROPON,eta5,pp,20260908,20261007,"00Z,12Z",D1,6h,1.117,3.087,0.161,193,0.571,0.943,0.055,7,1.0,0.956,0.044,2,0.5,0.938,0.059,2,S/D,S/D,S/D,0
472F95C4,HACIENDA BIGOTE ,PIURA,MORROPON,wrf5,pp,20260908,20261007,"00Z,12Z",D1,6h,-0.023,0.748,0.185,234,0.25,0.913,0.069,8,0.0,1.0,0.0,2,0.0,S/D,0.0,2,S/D,S/D,S/D,0
472F95C4,HACIENDA BIGOTE ,PIURA,MORROPON,mpas15,pp,20260908,20261007,00Z,D1,6h,0.967,2.615,0.272,119,1.0,0.905,0.095,4,1.0,0.968,0.032,1,1.0,0.875,0.125,1,S/D,S/D,S/D,0
472FA05E,MALACASI,PIURA,MORROPON,ecmwf,pp,20260908,20261007,"00Z,12Z",D1,6h,0.531,1.564,0.193,238,0.9,0.923,0.076,10,0.75,0.909,0.088,4,S/D,1.0,0.0,0,S/D,S/D,S/D,0
472FA05E,MALACASI,PIURA,MORROPON,gfs,pp,20260908,20261007,"00Z,12Z",D1,6h,0.319,0.993,0.323,238,1.0,0.878,0.122,10,1.0,0.81,0.19,4,S/D,1.0,0.0,0,S/D,S/D,S/D,0
472FA05E,MALACASI,PIURA,MORROPON,eta5,pp,20260908,20261007,"00Z,12Z",D1,6h,0.656,1.975,0.247,193,0.778,0.889,0.108,9,0.667,0.935,0.062,3,S/D,1.0,0.0,0,S/D,S/D,S/D,0
472FA05E,MALACASI,PIURA,MORROPON,wrf5,pp,20260908,20261007,"00Z,12Z",D1,6h,0.001,0.199,0.305,234,0.5,0.615,0.278,10,0.25,0.5,0.2,4,S/D,S/D,S/D,0,S/D,S/D,S/D,0
472FA05E,MALACASI,PIURA,MORROPON,mpas15,pp,20260908,20261007,00Z,D1,6h,0.478,1.39,0.334,119,1.0,0.839,0.161,5,1.0,0.905,0.095,2,S/D,1.0,0.0,0,S/D,S/D,S/D,0
472F7636,MORROPON,PIURA,MORROPON,ecmwf,pp,20260908,20261007,"00Z,12Z",D1,6h,0.221,0.976,0.06,234,0.333,0.968,0.03,6,1.0,0.833,0.167,2,S/D,1.0,0.0,0,S/D,S/D,S/D,0
472F7636,MORROPON,PIURA,MORROPON,gfs,pp,20260908,20261007,"00Z,12Z",D1,6h,0.127,0.714,0.18,234,0.667,0.9,0.095,6,1.0,0.75,0.25,2,S/D,1.0,0.0,0,S/D,S/D,S/D,0
472F7636,MORROPON,PIURA,MORROPON,eta5,pp,20260908,20261007,"00Z,12Z",D1,6h,0.967,2.769,0.029,190,0.5,0.971,0.029,4,1.0,0.971,0.029,1,S/D,1.0,0.0,0,S/D,S/D,S/D,0
472F7636,MORROPON,PIURA,MORROPON,wrf5,pp,20260908,20261007,"00Z,12Z",D1,6h,0.011,0.227,0.087,230,0.333,0.846,0.118,6,0.5,0.667,0.25,2,S/D,S/D,S/D,0,S/D,S/D,S/D,0
472F7636,MORROPON,PIURA,MORROPON,mpas15,pp,20260908,20261007,00Z,D1,6h,0.219,0.741,0.008,117,0.333,0.95,0.045,3,1.0,0.917,0.083,1,S/D,1.0,0.0,0,S/D,S/D,S/D,0
47E067B6,SALITRAL,PIURA,MORROPON,ecmwf,pp,20260908,20261007,"00Z,12Z",D1,6h,0.491,1.621,0.134,234,0.7,0.939,0.059,10,0.375,0.909,0.079,8,S/D,1.0,0.0,0,S/D,S/D,S/D,0
47E067B6,SALITRAL,PIURA,MORROPON,gfs,pp,20260908,20261007,"00Z,12Z",D1,6h,0.275,1.068,0.126,234,0.6,0.926,0.071,10,0.5,0.81,0.16,8,S/D,1.0,0.0,0,S/D,S/D,S/D,0
47E067B6,SALITRAL,PIURA,MORROPON,eta5,pp,20260908,20261007,"00Z,12Z",D1,6h,0.613,2.024,0.122,190,0.625,0.919,0.077,8,0.333,0.933,0.059,6,S/D,1.0,0.0,0,S/D,S/D,S/D,0
47E067B6,SALITRAL,PIURA,MORROPON,wrf5,pp,20260908,20261007,"00Z,12Z",D1,6h,-0.047,0.547,0.153,230,0.1,0.8,0.071,10,0.125,0.5,0.111,8,S/D,S/D,S/D,0,S/D,S/D,S/D,0
47E067B6,SALITRAL,PIURA,MORROPON,mpas15,pp,20260908,20261007,00Z,D1,6h,0.439,1.341,0.298,117,0.8,0.871,0.125,5,0.75,0.857,0.136,4,S/D,1.0,0.0,0,S/D,S/D,S/D,0
47E08444,SAN PEDRO,PIURA,MORROPON,ecmwf,pp,20260908,20261007,"00Z,12Z",D1,6h,1.593,2.85,0.249,236,1.0,0.944,0.056,10,1.0,0.958,0.042,4,S/D,1.0,0.0,0,S/D,S/D,S/D,0
47E08444,SAN PEDRO,PIURA,MORROPON,gfs,pp,20260908,20261007,"00Z,12Z",D1,6h,0.864,2.683,0.24,236,0.8,0.934,0.065,10,1.0,0.922,0.078,4,S/D,1.0,0.0,0,S/D,S/D,S/D,0
47E08444,SAN PEDRO,PIURA,MORROPON,eta5,pp,20260908,20261007,"00Z,12Z",D1,6h,0.989,2.612,0.237,191,0.778,0.908,0.09,9,1.0,0.925,0.075,3,S/D,1.0,0.0,0,S/D,S/D,S/D,0
47E08444,SAN PEDRO,PIURA,MORROPON,wrf5,pp,20260908,20261007,"00Z,12Z",D1,6h,0.048,0.518,0.156,232,0.5,0.828,0.147,10,0.75,0.5,0.429,4,S/D,1.0,0.0,0,S/D,S/D,S/D,0
47E08444,SAN PEDRO,PIURA,MORROPON,mpas15,pp,20260908,20261007,00Z,D1,6h,0.366,1.085,0.25,118,0.8,0.857,0.138,5,1.0,0.909,0.091,2,S/D,1.0,0.0,0,S/D,S/D,S/D,0
105145,SANTO DOMINGO,PIURA,MORROPON,ecmwf,pp,20260908,20261007,"00Z,12Z",D1,6h,0.269,0.557,S/D,20,S/D,1.0,0.0,0,S/D,1.0,0.0,0,S/D,S/D,S/D,0,S/D,S/D,S/D,0
105145,SANTO DOMINGO,PIURA,MORROPON,gfs,pp,20260908,20261007,"00Z,12Z",D1,6h,0.453,0.771,S/D,20,S/D,1.0,0.0,0,S/D,1.0,0.0,0,S/D,S/D,S/D,0,S/D,S/D,S/D,0
105145,SANTO DOMINGO,PIURA,MORROPON,eta5,pp,20260908,20261007,"00Z,12Z",D1,6h,1.025,1.977,S/D,18,S/D,1.0,0.0,0,S/D,1.0,0.0,0,S/D,S/D,S/D,0,S/D,S/D,S/D,0
105145,SANTO DOMINGO,PIURA,MORROPON,wrf5,pp,20260908,20261007,"00Z,12Z",D1,6h,0.215,0.547,S/D,19,S/D,1.0,0.0,0,S/D,1.0,0.0,0,S/D,S/D,S/D,0,S/D,S/D,S/D,0
105145,SANTO DOMINGO,PIURA,MORROPON,mpas15,pp,20260908,20261007,00Z,D1,6h,0.55,1.151,S/D,10,S/D,1.0,0.0,0,S/D,1.0,0.0,0,S/D,S/D,S/D,0,S/D,S/D,S/D,0
47E0B1DE,PUENTE SIMON RODRIGUEZ,PIURA,PAITA,ecmwf,pp,20260908,20261007,"00Z,12Z",D1,6h,0.015,0.243,0.11,232,0.5,0.769,0.188,6,0.0,1.0,0.0,2,S/D,S/D,S/D,0,S/D,S/D,S/D,0
47E0B1DE,PUENTE SIMON RODRIGUEZ,PIURA,PAITA,gfs,pp,20260908,20261007,"00Z,12Z",D1,6h,-0.022,0.22,0.25,232,0.0,1.0,0.0,6,0.0,S/D,0.0,2,S/D,S/D,S/D,0,S/D,S/D,S/D,0
47E0B1DE,PUENTE SIMON RODRIGUEZ,PIURA,PAITA,eta5,pp,20260908,20261007,"00Z,12Z",D1,6h,0.001,0.277,0.022,189,0.0,1.0,0.0,5,0.0,1.0,0.0,2,S/D,S/D,S/D,0,S/D,S/D,S/D,0
47E0B1DE,PUENTE SIMON RODRIGUEZ,PIURA,PAITA,wrf5,pp,20260908,20261007,"00Z,12Z",D1,6h,-0.02,0.224,0.121,229,0.167,0.8,0.1,6,0.0,S/D,0.0,2,S/D,S/D,S/D,0,S/D,S/D,S/D,0
47E0B1DE,PUENTE SIMON RODRIGUEZ,PIURA,PAITA,mpas15,pp,20260908,20261007,00Z,D1,6h,-0.023,0.226,-0.119,116,0.0,1.0,0.0,3,0.0,S/D,0.0,1,S/D,S/D,S/D,0,S/D,S/D,S/D,0
47E0E1A2,BOCATOMA CHIPILLICO,PIURA,PIURA,ecmwf,pp,20260908,20261007,"00Z,12Z",D1,6h,1.491,3.476,0.228,208,0.889,0.895,0.104,18,1.0,0.946,0.054,4,1.0,0.875,0.125,2,S/D,1.0,0.0,0
47E0E1A2,BOCATOMA CHIPILLICO,PIURA,PIURA,gfs,pp,20260908,20261007,"00Z,12Z",D1,6h,1.062,3.858,0.213,208,0.778,0.878,0.118,18,1.0,0.911,0.089,4,0.0,1.0,0.0,2,S/D,1.0,0.0,0
47E0E1A2,BOCATOMA CHIPILLICO,PIURA,PIURA,eta5,pp,20260908,20261007,"00Z,12Z",D1,6h,0.99,2.533,0.223,168,0.692,0.873,0.12,13,1.0,0.925,0.075,3,1.0,0.9,0.1,1,S/D,S/D,S/D,0
47E0E1A2,BOCATOMA CHIPILLICO,PIURA,PIURA,wrf5,pp,20260908,20261007,"00Z,12Z",D1,6h,0.006,0.632,0.233,204,0.278,0.667,0.179,18,0.25,0.8,0.125,4,0.0,S/D,0.0,2,S/D,S/D,S/D,0
47E0E1A2,BOCATOMA CHIPILLICO,PIURA,PIURA,mpas15,pp,20260908,20261007,00Z,D1,6h,0.374,1.278,0.16,104,0.444,0.846,0.129,9,1.0,0.905,0.095,2,0.0,1.0,0.0,1,S/D,S/D,S/D,0
47E0F2D4,LAGARTERA,PIURA,PIURA,ecmwf,pp,20260908,20261007,"00Z,12Z",D1,6h,1.333,3.361,0.352,232,0.909,0.753,0.241,44,0.667,0.946,0.053,6,S/D,1.0,0.0,0,S/D,1.0,0.0,0
47E0F2D4,LAGARTERA,PIURA,PIURA,gfs,pp,20260908,20261007,"00Z,12Z",D1,6h,0.997,3.755,0.39,232,0.818,0.712,0.271,44,0.5,0.938,0.059,6,S/D,1.0,0.0,0,S/D,1.0,0.0,0
47E0F2D4,LAGARTERA,PIURA,PIURA,eta5,pp,20260908,20261007,"00Z,12Z",D1,6h,0.851,2.389,0.227,188,0.6,0.696,0.253,35,0.0,1.0,0.0,4,S/D,1.0,0.0,0,S/D,S/D,S/D,0
47E0F2D4,LAGARTERA,PIURA,PIURA,wrf5,pp,20260908,20261007,"00Z,12Z",D1,6h,0.017,0.483,0.089,229,0.114,0.75,0.085,44,0.0,1.0,0.0,6,S/D,S/D,S/D,0,S/D,S/D,S/D,0
47E0F2D4,LAGARTERA,PIURA,PIURA,mpas15,pp,20260908,20261007,00Z,D1,6h,0.325,1.123,0.171,116,0.364,0.692,0.2,22,0.333,0.95,0.045,3,S/D,1.0,0.0,0,S/D,S/D,S/D,0
105112,MIRAFLORES,PIURA,PIURA,ecmwf,pp,20260908,20261007,"00Z,12Z",D1,6h,S/D,S/D,S/D,0,S/D,S/D,S/D,0,S/D,S/D,S/D,0,S/D,S/D,S/D,0,S/D,S/D,S/D,0
105112,MIRAFLORES,PIURA,PIURA,gfs,pp,20260908,20261007,"00Z,12Z",D1,6h,S/D,S/D,S/D,0,S/D,S/D,S/D,0,S/D,S/D,S/D,0,S/D,S/D,S/D,0,S/D,S/D,S/D,0
105112,MIRAFLORES,PIURA,PIURA,eta5,pp,20260908,20261007,"00Z,12Z",D1,6h,S/D,S/D,S/D,0,S/D,S/D,S/D,0,S/D,S/D,S/D,0,S/D,S/D,S/D,0,S/D,S/D,S/D,0
105112,MIRAFLORES,PIURA,PIURA,wrf5,pp,20260908,20261007,"00Z,12Z",D1,6h,S/D,S/D,S/D,0,S/D,S/D,S/D,0,S/D,S/D,S/D,0,S/D,S/D,S/D,0,S/D,S/D,S/D,0
105112,MIRAFLORES,PIURA,PIURA,mpas15,pp,20260908,20261007,00Z,D1,6h,S/D,S/D,S/D,0,S/D,S/D,S/D,0,S/D,S/D,S/D,0,S/D,S/D,S/D,0,S/D,S/D,S/D,0
104113,PARTIDOR,PIURA,PIURA,ecmwf,pp,20260908,20261007,"00Z,12Z",D1,6h,0.006,0.014,S/D,26,S/D,S/D,S/D,0,S/D,S/D,S/D,0,S/D,S/D,S/D,0,S/D,S/D,S/D,0
104113,PARTIDOR,PIURA,PIURA,gfs,pp,20260908,20261007,"00Z,12Z",D1,6h,0.0,0.0,S/D,26,S/D,S/D,S/D,0,S/D,S/D,S/D,0,S/D,S/D,S/D,0,S/D,S/D,S/D,0
104113,PARTIDOR,PIURA,PIURA,eta5,pp,20260908,20261007,"00Z,12Z",D1,6h,0.024,0.102,S/D,23,S/D,1.0,0.0,0,S/D,S/D,S/D,0,S/D,S/D,S/D,0,S/D,S/D,S/D,0
104113,PARTIDOR,PIURA,PIURA,wrf5,pp,20260908,20261007,"00Z,12Z",D1,6h,0.002,0.005,S/D,25,S/D,S/D,S/D,0,S/D,S/D,S/D,0,S/D,S/D,S/D,0,S/D,S/D,S/D,0
104113,PARTIDOR,PIURA,PIURA,mpas15,pp,20260908,20261007,00Z,D1,6h,0.0,0.0,S/D,13,S/D,S/D,S/D,0,S/D,S/D,S/D,0,S/D,S/D,S/D,0,S/D,S/D,S/D,0
105143,SAN MIGUEL,PIURA,PIURA,ecmwf,pp,20260908,20261007,"00Z,12Z",D1,6h,0.045,0.397,0.035,222,0.167,0.9,0.067,6,S/D,1.0,0.0,0,S/D,1.0,0.0,0,S/D,S/D,S/D,0
105143,SAN MIGUEL,PIURA,PIURA,gfs,pp,20260908,20261007,"00Z,12Z",D1,6h,0.001,0.027,-0.034,222,0.0,1.0,0.0,6,S/D,S/D,S/D,0,S/D,S/D,S/D,0,S/D,S/D,S/D,0
105143,SAN MIGUEL,PIURA,PIURA,eta5,pp,20260908,20261007,"00Z,12Z",D1,6h,0.017,0.139,0.014,179,0.0,1.0,0.0,4,S/D,1.0,0.0,0,S/D,S/D,S/D,0,S/D,S/D,S/D,0
105143,SAN MIGUEL,PIURA,PIURA,wrf5,pp,20260908,20261007,"00Z,12Z",D1,6h,0.006,0.064,0.05,218,0.167,0.75,0.111,6,S/D,S/D,S/D,0,S/D,S/D,S/D,0,S/D,S/D,S/D,0
105143,SAN MIGUEL,PIURA,PIURA,mpas15,pp,20260908,20261007,00Z,D1,6h,-0.003,0.016,0.022,111,0.0,S/D,0.0,3,S/D,S/D,S/D,0,S/D,S/D,S/D,0,S/D,S/D,S/D,0
47E0522C,TAMBO GRANDE,PIURA,PIURA,ecmwf,pp,20260908,20261007,"00Z,12Z",D1,6h,-0.134,2.917,0.263,228,0.75,0.824,0.167,12,0.333,0.867,0.105,6,0.0,1.0,0.0,4,0.0,S/D,0.0,2
47E0522C,TAMBO GRANDE,PIURA,PIURA,gfs,pp,20260908,20261007,"00Z,12Z",D1,6h,-0.193,2.876,0.316,228,0.75,0.804,0.184,12,0.0,1.0,0.0,6,0.0,1.0,0.0,4,0.0,S/D,0.0,2
47E0522C,TAMBO GRANDE,PIURA,PIURA,eta5,pp,20260908,20261007,"00Z,12Z",D1,6h,-0.161,3.298,0.088,186,0.364,0.875,0.103,11,0.0,1.0,0.0,5,0.0,1.0,0.0,4,0.0,S/D,0.0,2
47E0522C,TAMBO GRANDE,PIURA,PIURA,wrf5,pp,20260908,20261007,"00Z,12Z",D1,6h,-0.354,2.881,0.173,224,0.167,0.714,0.118,12,0.0,S/D,0.0,6,0.0,S/D,0.0,4,0.0,S/D,0.0,2
47E0522C,TAMBO GRANDE,PIURA,PIURA,mpas15,pp,20260908,20261007,00Z,D1,6h,-0.271,2.891,0.081,114,0.333,0.714,0.182,6,0.0,1.0,0.0,3,0.0,S/D,0.0,2,0.0,S/D,0.0,1
105144,BERNAL,PIURA,SECHURA,ecmwf,pp,20260908,20261007,"00Z,12Z",D1,6h,0.003,0.008,S/D,24,S/D,S/D,S/D,0,S/D,S/D,S/D,0,S/D,S/D,S/D,0,S/D,S/D,S/D,0
105144,BERNAL,PIURA,SECHURA,gfs,pp,20260908,20261007,"00Z,12Z",D1,6h,0.0,0.0,S/D,24,S/D,S/D,S/D,0,S/D,S/D,S/D,0,S/D,S/D,S/D,0,S/D,S/D,S/D,0
105144,BERNAL,PIURA,SECHURA,eta5,pp,20260908,20261007,"00Z,12Z",D1,6h,0.003,0.007,S/D,20,S/D,S/D,S/D,0,S/D,S/D,S/D,0,S/D,S/D,S/D,0,S/D,S/D,S/D,0
105144,BERNAL,PIURA,SECHURA,wrf5,pp,20260908,20261007,"00Z,12Z",D1,6h,0.001,0.004,S/D,24,S/D,S/D,S/D,0,S/D,S/D,S/D,0,S/D,S/D,S/D,0,S/D,S/D,S/D,0
105144,BERNAL,PIURA,SECHURA,mpas15,pp,20260908,20261007,00Z,D1,6h,0.0,0.0,S/D,12,S/D,S/D,S/D,0,S/D,S/D,S/D,0,S/D,S/D,S/D,0,S/D,S/D,S/D,0
105120,CHUSIS,PIURA,SECHURA,ecmwf,pp,20260908,20261007,"00Z,12Z",D1,6h,0.001,0.002,S/D,6,S/D,S/D,S/D,0,S/D,S/D,S/D,0,S/D,S/D,S/D,0,S/D,S/D,S/D,0
105120,CHUSIS,PIURA,SECHURA,gfs,pp,20260908,20261007,"00Z,12Z",D1,6h,0.0,0.0,S/D,6,S/D,S/D,S/D,0,S/D,S/D,S/D,0,S/D,S/D,S/D,0,S/D,S/D,S/D,0
105120,CHUSIS,PIURA,SECHURA,eta5,pp,20260908,20261007,"00Z,12Z",D1,6h,0.002,0.004,S/D,5,S/D,S/D,S/D,0,S/D,S/D,S/D,0,S/D,S/D,S/D,0,S/D,S/D,S/D,0
105120,CHUSIS,PIURA,SECHURA,wrf5,pp,20260908,20261007,"00Z,12Z",D1,6h,0.002,0.004,S/D,5,S/D,S/D,S/D,0,S/D,S/D,S/D,0,S/D,S/D,S/D,0,S/D,S/D,S/D,0
105120,CHUSIS,PIURA,SECHURA,mpas15,pp,20260908,20261007,00Z,D1,6h,0.0,0.0,S/D,3,S/D,S/D,S/D,0,S/D,S/D,S/D,0,S/D,S/D,S/D,0,S/D,S/D,S/D,0
47E0D438,ALAMOR,PIURA,SULLANA,ecmwf,pp,20260908,20261007,"00Z,12Z",D1,6h,0.205,0.969,0.164,234,0.458,0.667,0.239,24,0.5,0.846,0.133,4,S/D,1.0,0.0,0,S/D,S/D,S/D,0
47E0D438,ALAMOR,PIURA,SULLANA,gfs,pp,20260908,20261007,"00Z,12Z",D1,6h,0.173,0.897,0.286,234,0.375,0.71,0.196,24,0.75,0.8,0.188,4,S/D,1.0,0.0,0,S/D,S/D,S/D,0
47E0D438,ALAMOR,PIURA,SULLANA,eta5,pp,20260908,20261007,"00Z,12Z",D1,6h,0.612,2.077,0.143,190,0.5,0.86,0.123,16,1.0,0.923,0.077,2,S/D,1.0,0.0,0,S/D,S/D,S/D,0
47E0D438,ALAMOR,PIURA,SULLANA,wrf5,pp,20260908,20261007,"00Z,12Z",D1,6h,0.239,1.723,0.154,231,0.333,0.636,0.211,24,0.75,0.667,0.3,4,S/D,1.0,0.0,0,S/D,S/D,S/D,0
47E0D438,ALAMOR,PIURA,SULLANA,mpas15,pp,20260908,20261007,00Z,D1,6h,0.337,1.329,0.226,117,0.583,0.696,0.25,12,0.5,0.941,0.056,2,S/D,1.0,0.0,0,S/D,S/D,S/D,0
47E09732,LA ARDILLA,PIURA,SULLANA,ecmwf,pp,20260908,20261007,"00Z,12Z",D1,6h,0.224,0.965,0.237,228,0.75,0.829,0.162,8,0.5,0.929,0.067,2,S/D,1.0,0.0,0,S/D,S/D,S/D,0
47E09732,LA ARDILLA,PIURA,SULLANA,gfs,pp,20260908,20261007,"00Z,12Z",D1,6h,0.183,0.952,0.357,228,0.75,0.806,0.182,8,0.5,0.933,0.062,2,S/D,1.0,0.0,0,S/D,S/D,S/D,0
47E09732,LA ARDILLA,PIURA,SULLANA,eta5,pp,20260908,20261007,"00Z,12Z",D1,6h,0.616,2.049,0.11,186,0.6,0.946,0.052,5,S/D,1.0,0.0,0,S/D,1.0,0.0,0,S/D,S/D,S/D,0
47E09732,LA ARDILLA,PIURA,SULLANA,wrf5,pp,20260908,20261007,"00Z,12Z",D1,6h,0.178,1.613,0.254,224,0.625,0.643,0.294,8,0.0,1.0,0.0,2,S/D,1.0,0.0,0,S/D,S/D,S/D,0
47E09732,LA ARDILLA,PIURA,SULLANA,mpas15,pp,20260908,20261007,00Z,D1,6h,0.35,1.359,0.254,114,1.0,0.826,0.174,4,1.0,0.938,0.062,1,S/D,1.0,0.0,0,S/D,S/D,S/D,0
472FD6CE,LANCONES,PIURA,SULLANA,ecmwf,pp,20260908,20261007,"00Z,12Z",D1,6h,0.106,0.552,0.201,234,0.625,0.808,0.172,8,0.0,1.0,0.0,2,S/D,1.0,0.0,0,S/D,S/D,S/D,0
472FD6CE,LANCONES,PIURA,SULLANA,gfs,pp,20260908,20261007,"00Z,12Z",D1,6h,0.071,0.396,0.251,234,0.625,0.8,0.179,8,0.0,1.0,0.0,2,S/D,S/D,S/D,0,S/D,S/D,S/D,0
472FD6CE,LANCONES,PIURA,SULLANA,eta5,pp,20260908,20261007,"00Z,12Z",D1,6h,0.165,0.755,0.235,191,0.429,0.906,0.083,7,0.0,1.0,0.0,2,S/D,1.0,0.0,0,S/D,S/D,S/D,0
472FD6CE,LANCONES,PIURA,SULLANA,wrf5,pp,20260908,20261007,"00Z,12Z",D1,6h,0.044,0.463,0.104,230,0.25,0.8,0.125,8,0.0,1.0,0.0,2,S/D,S/D,S/D,0,S/D,S/D,S/D,0
472FD6CE,LANCONES,PIURA,SULLANA,mpas15,pp,20260908,20261007,00Z,D1,6h,0.121,0.666,-0.148,117,0.0,1.0,0.0,4,0.0,1.0,0.0,1,S/D,1.0,0.0,0,S/D,S/D,S/D,0
270202,PUENTE AZANGARO,PUNO,AZANGARO,ecmwf,pp,20260908,20261007,"00Z,12Z",D1,6h,0.271,1.136,0.481,234,1.0,0.683,0.317,20,0.8,0.704,0.276,10,0.0,1.0,0.0,2,S/D,S/D,S/D,0
270202,PUENTE AZANGARO,PUNO,AZANGARO,gfs,pp,20260908,20261007,"00Z,12Z",D1,6h,0.26,1.317,0.514,234,1.0,0.667,0.333,20,0.9,0.667,0.321,10,0.0,1.0,0.0,2,S/D,S/D,S/D,0
270202,PUENTE AZANGARO,PUNO,AZANGARO,eta5,pp,20260908,20261007,"00Z,12Z",D1,6h,0.607,1.719,0.584,189,0.947,0.654,0.34,19,0.889,0.765,0.229,9,1.0,0.8,0.2,2,S/D,S/D,S/D,0
270202,PUENTE AZANGARO,PUNO,AZANGARO,wrf5,pp,20260908,20261007,"00Z,12Z",D1,6h,0.219,1.296,0.485,230,0.789,0.634,0.333,19,0.667,0.647,0.3,9,0.0,1.0,0.0,1,S/D,S/D,S/D,0
270202,PUENTE AZANGARO,PUNO,AZANGARO,mpas15,pp,20260908,20261007,00Z,D1,6h,0.344,1.297,0.313,117,0.8,0.704,0.276,10,1.0,0.762,0.238,5,0.0,1.0,0.0,1,S/D,S/D,S/D,0
4721AAE4,AYMAÑA,PUNO,CARABAYA,ecmwf,pp,20260908,20261007,"00Z,12Z",D1,6h,0.047,1.039,0.426,232,0.763,0.642,0.322,38,0.562,0.571,0.321,16,0.0,1.0,0.0,2,S/D,S/D,S/D,0
4721AAE4,AYMAÑA,PUNO,CARABAYA,gfs,pp,20260908,20261007,"00Z,12Z",D1,6h,0.92,2.176,0.354,232,0.868,0.763,0.229,38,0.75,0.844,0.148,16,0.5,0.923,0.071,2,S/D,S/D,S/D,0
4721AAE4,AYMAÑA,PUNO,CARABAYA,eta5,pp,20260908,20261007,"00Z,12Z",D1,6h,0.838,1.965,0.428,187,0.879,0.71,0.279,33,0.8,0.793,0.197,15,1.0,0.818,0.182,2,S/D,S/D,S/D,0
4721AAE4,AYMAÑA,PUNO,CARABAYA,wrf5,pp,20260908,20261007,"00Z,12Z",D1,6h,0.065,1.259,0.456,229,0.583,0.571,0.328,36,0.667,0.524,0.385,15,0.0,1.0,0.0,2,S/D,S/D,S/D,0
4721AAE4,AYMAÑA,PUNO,CARABAYA,mpas15,pp,20260908,20261007,00Z,D1,6h,0.206,1.334,0.373,116,0.789,0.583,0.375,19,0.625,0.815,0.167,8,0.0,S/D,0.0,1,S/D,S/D,S/D,0
4721B992,UPINA,PUNO,CARABAYA,ecmwf,pp,20260908,20261007,"00Z,12Z",D1,6h,0.331,1.729,0.273,234,0.781,0.802,0.188,32,0.8,0.837,0.157,10,0.5,0.8,0.167,2,S/D,S/D,S/D,0
4721B992,UPINA,PUNO,CARABAYA,gfs,pp,20260908,20261007,"00Z,12Z",D1,6h,0.717,2.284,0.202,234,0.688,0.848,0.142,32,1.0,0.855,0.145,10,0.0,1.0,0.0,2,S/D,S/D,S/D,0
4721B992,UPINA,PUNO,CARABAYA,eta5,pp,20260908,20261007,"00Z,12Z",D1,6h,0.597,2.745,0.235,189,0.679,0.765,0.211,28,0.7,0.811,0.175,10,0.0,1.0,0.0,2,S/D,S/D,S/D,0
4721B992,UPINA,PUNO,CARABAYA,wrf5,pp,20260908,20261007,"00Z,12Z",D1,6h,0.069,1.98,0.311,231,0.531,0.679,0.25,32,0.5,0.762,0.192,10,0.0,1.0,0.0,2,S/D,S/D,S/D,0
4721B992,UPINA,PUNO,CARABAYA,mpas15,pp,20260908,20261007,00Z,D1,6h,0.849,2.669,0.082,117,0.5,0.843,0.136,16,0.6,0.93,0.067,5,0.0,1.0,0.0,1,S/D,S/D,S/D,0
210003,HUANCASAYA,PUNO,HUANCANE,ecmwf,pp,20260908,20261007,"00Z,12Z",D1,6h,0.331,1.054,0.538,224,0.912,0.551,0.431,34,0.6,0.793,0.182,10,S/D,1.0,0.0,0,S/D,S/D,S/D,0
210003,HUANCASAYA,PUNO,HUANCANE,gfs,pp,20260908,20261007,"00Z,12Z",D1,6h,0.478,1.167,0.602,224,0.941,0.6,0.39,34,0.9,0.763,0.231,10,S/D,1.0,0.0,0,S/D,S/D,S/D,0
210003,HUANCASAYA,PUNO,HUANCANE,eta5,pp,20260908,20261007,"00Z,12Z",D1,6h,0.449,1.455,0.595,185,0.848,0.462,0.491,33,0.9,0.727,0.265,10,S/D,1.0,0.0,0,S/D,S/D,S/D,0
210003,HUANCASAYA,PUNO,HUANCANE,wrf5,pp,20260908,20261007,"00Z,12Z",D1,6h,0.531,1.675,0.612,220,0.844,0.471,0.482,32,0.889,0.758,0.235,9,S/D,1.0,0.0,0,S/D,S/D,S/D,0
210003,HUANCASAYA,PUNO,HUANCANE,mpas15,pp,20260908,20261007,00Z,D1,6h,0.824,2.252,0.412,112,0.765,0.629,0.333,17,0.8,0.833,0.16,5,S/D,1.0,0.0,0,S/D,S/D,S/D,0
47251282,PUENTE CARRETERA RAMIS,PUNO,HUANCANE,ecmwf,pp,20260908,20261007,"00Z,12Z",D1,6h,0.196,1.117,0.447,226,1.0,0.742,0.258,16,1.0,0.667,0.333,8,0.5,0.8,0.167,2,S/D,S/D,S/D,0
47251282,PUENTE CARRETERA RAMIS,PUNO,HUANCANE,gfs,pp,20260908,20261007,"00Z,12Z",D1,6h,0.217,1.447,0.502,226,0.938,0.694,0.3,16,1.0,0.667,0.333,8,0.0,1.0,0.0,2,S/D,S/D,S/D,0
47251282,PUENTE CARRETERA RAMIS,PUNO,HUANCANE,eta5,pp,20260908,20261007,"00Z,12Z",D1,6h,0.743,2.26,0.514,185,1.0,0.737,0.263,15,1.0,0.795,0.205,8,0.0,1.0,0.0,2,S/D,S/D,S/D,0
47251282,PUENTE CARRETERA RAMIS,PUNO,HUANCANE,wrf5,pp,20260908,20261007,"00Z,12Z",D1,6h,0.301,1.497,0.519,222,0.867,0.667,0.317,15,1.0,0.682,0.318,7,1.0,0.714,0.286,2,S/D,S/D,S/D,0
47251282,PUENTE CARRETERA RAMIS,PUNO,HUANCANE,mpas15,pp,20260908,20261007,00Z,D1,6h,0.168,1.221,0.336,113,0.875,0.759,0.233,8,1.0,0.692,0.308,4,0.0,1.0,0.0,1,S/D,S/D,S/D,0
472E37C6,PALCA,PUNO,LAMPA,ecmwf,pp,20260908,20261007,"00Z,12Z",D1,6h,0.222,0.7,0.414,236,0.773,0.667,0.304,22,1.0,0.8,0.2,4,S/D,1.0,0.0,0,S/D,S/D,S/D,0
472E37C6,PALCA,PUNO,LAMPA,gfs,pp,20260908,20261007,"00Z,12Z",D1,6h,0.397,1.533,0.476,236,0.909,0.718,0.274,22,0.75,0.885,0.111,4,S/D,1.0,0.0,0,S/D,S/D,S/D,0
472E37C6,PALCA,PUNO,LAMPA,eta5,pp,20260908,20261007,"00Z,12Z",D1,6h,0.655,1.766,0.528,191,0.905,0.612,0.373,21,1.0,0.882,0.118,4,S/D,1.0,0.0,0,S/D,S/D,S/D,0
472E37C6,PALCA,PUNO,LAMPA,wrf5,pp,20260908,20261007,"00Z,12Z",D1,6h,0.321,1.18,0.498,233,0.857,0.633,0.346,21,0.0,1.0,0.0,3,S/D,1.0,0.0,0,S/D,S/D,S/D,0
472E37C6,PALCA,PUNO,LAMPA,mpas15,pp,20260908,20261007,00Z,D1,6h,0.218,0.717,0.093,118,0.455,0.8,0.161,11,0.5,0.909,0.083,2,S/D,S/D,S/D,0,S/D,S/D,S/D,0
472DE6A0,PAMPAHUTA,PUNO,LAMPA,ecmwf,pp,20260908,20261007,"00Z,12Z",D1,6h,0.109,0.753,0.408,232,0.8,0.66,0.314,20,0.8,0.5,0.444,10,0.25,0.667,0.167,4,S/D,S/D,S/D,0
472DE6A0,PAMPAHUTA,PUNO,LAMPA,gfs,pp,20260908,20261007,"00Z,12Z",D1,6h,0.278,1.346,0.484,232,0.9,0.69,0.3,20,1.0,0.688,0.312,10,0.0,1.0,0.0,4,S/D,S/D,S/D,0
472DE6A0,PAMPAHUTA,PUNO,LAMPA,eta5,pp,20260908,20261007,"00Z,12Z",D1,6h,0.377,1.625,0.537,189,0.75,0.605,0.349,20,1.0,0.615,0.385,10,0.75,0.571,0.375,4,S/D,S/D,S/D,0
472DE6A0,PAMPAHUTA,PUNO,LAMPA,wrf5,pp,20260908,20261007,"00Z,12Z",D1,6h,0.183,1.089,0.438,229,0.684,0.649,0.302,19,0.889,0.6,0.381,9,0.0,1.0,0.0,4,S/D,S/D,S/D,0
472DE6A0,PAMPAHUTA,PUNO,LAMPA,mpas15,pp,20260908,20261007,00Z,D1,6h,0.058,0.66,0.453,116,0.8,0.556,0.4,10,0.8,0.636,0.333,5,0.5,0.0,0.5,2,S/D,S/D,S/D,0
114134,ANANSAYA -PUNA,PUNO,MELGAR,ecmwf,pp,20260908,20261007,"00Z,12Z",D1,6h,0.063,0.169,S/D,20,S/D,1.0,0.0,0,S/D,S/D,S/D,0,S/D,S/D,S/D,0,S/D,S/D,S/D,0
114134,ANANSAYA -PUNA,PUNO,MELGAR,gfs,pp,20260908,20261007,"00Z,12Z",D1,6h,0.078,0.182,S/D,20,S/D,1.0,0.0,0,S/D,S/D,S/D,0,S/D,S/D,S/D,0,S/D,S/D,S/D,0
114134,ANANSAYA -PUNA,PUNO,MELGAR,eta5,pp,20260908,20261007,"00Z,12Z",D1,6h,0.013,0.048,S/D,14,S/D,1.0,0.0,0,S/D,S/D,S/D,0,S/D,S/D,S/D,0,S/D,S/D,S/D,0
114134,ANANSAYA -PUNA,PUNO,MELGAR,wrf5,pp,20260908,20261007,"00Z,12Z",D1,6h,0.0,0.0,S/D,20,S/D,S/D,S/D,0,S/D,S/D,S/D,0,S/D,S/D,S/D,0,S/D,S/D,S/D,0
114134,ANANSAYA -PUNA,PUNO,MELGAR,mpas15,pp,20260908,20261007,00Z,D1,6h,0.0,0.0,S/D,10,S/D,S/D,S/D,0,S/D,S/D,S/D,0,S/D,S/D,S/D,0,S/D,S/D,S/D,0
47256412,ENAFER,PUNO,PUNO,ecmwf,pp,20260908,20261007,"00Z,12Z",D1,6h,S/D,S/D,S/D,0,S/D,S/D,S/D,0,S/D,S/D,S/D,0,S/D,S/D,S/D,0,S/D,S/D,S/D,0
47256412,ENAFER,PUNO,PUNO,gfs,pp,20260908,20261007,"00Z,12Z",D1,6h,S/D,S/D,S/D,0,S/D,S/D,S/D,0,S/D,S/D,S/D,0,S/D,S/D,S/D,0,S/D,S/D,S/D,0
47256412,ENAFER,PUNO,PUNO,eta5,pp,20260908,20261007,"00Z,12Z",D1,6h,S/D,S/D,S/D,0,S/D,S/D,S/D,0,S/D,S/D,S/D,0,S/D,S/D,S/D,0,S/D,S/D,S/D,0
47256412,ENAFER,PUNO,PUNO,wrf5,pp,20260908,20261007,"00Z,12Z",D1,6h,S/D,S/D,S/D,0,S/D,S/D,S/D,0,S/D,S/D,S/D,0,S/D,S/D,S/D,0,S/D,S/D,S/D,0
47256412,ENAFER,PUNO,PUNO,mpas15,pp,20260908,20261007,00Z,D1,6h,S/D,S/D,S/D,0,S/D,S/D,S/D,0,S/D,S/D,S/D,0,S/D,S/D,S/D,0,S/D,S/D,S/D,0
472E4156,ILLPA,PUNO,PUNO,ecmwf,pp,20260908,20261007,"00Z,12Z",D1,6h,0.168,0.691,0.391,232,1.0,0.793,0.207,12,0.625,0.615,0.312,8,S/D,1.0,0.0,0,S/D,S/D,S/D,0
472E4156,ILLPA,PUNO,PUNO,gfs,pp,20260908,20261007,"00Z,12Z",D1,6h,0.421,1.755,0.421,232,1.0,0.815,0.185,12,0.75,0.727,0.25,8,S/D,1.0,0.0,0,S/D,S/D,S/D,0
472E4156,ILLPA,PUNO,PUNO,eta5,pp,20260908,20261007,"00Z,12Z",D1,6h,0.382,1.268,0.371,187,0.818,0.795,0.196,11,0.75,0.778,0.207,8,S/D,1.0,0.0,0,S/D,S/D,S/D,0
472E4156,ILLPA,PUNO,PUNO,wrf5,pp,20260908,20261007,"00Z,12Z",D1,6h,0.341,1.351,0.475,229,0.909,0.73,0.263,11,0.857,0.7,0.286,7,S/D,1.0,0.0,0,S/D,S/D,S/D,0
472E4156,ILLPA,PUNO,PUNO,mpas15,pp,20260908,20261007,00Z,D1,6h,0.29,1.315,0.104,116,0.5,0.857,0.125,6,0.75,0.786,0.2,4,S/D,1.0,0.0,0,S/D,S/D,S/D,0
472CB426,LARAQUERI,PUNO,PUNO,ecmwf,pp,20260908,20261007,"00Z,12Z",D1,6h,0.144,0.552,0.412,236,1.0,0.762,0.238,10,0.875,0.533,0.438,8,S/D,1.0,0.0,0,S/D,S/D,S/D,0
472CB426,LARAQUERI,PUNO,PUNO,gfs,pp,20260908,20261007,"00Z,12Z",D1,6h,0.457,1.746,0.422,236,1.0,0.804,0.196,10,1.0,0.619,0.381,8,S/D,1.0,0.0,0,S/D,S/D,S/D,0
472CB426,LARAQUERI,PUNO,PUNO,eta5,pp,20260908,20261007,"00Z,12Z",D1,6h,0.368,1.307,0.491,191,1.0,0.688,0.312,10,0.875,0.65,0.333,8,S/D,1.0,0.0,0,S/D,S/D,S/D,0
472CB426,LARAQUERI,PUNO,PUNO,wrf5,pp,20260908,20261007,"00Z,12Z",D1,6h,0.317,1.504,0.472,233,1.0,0.697,0.303,10,0.875,0.611,0.368,8,S/D,1.0,0.0,0,S/D,S/D,S/D,0
472CB426,LARAQUERI,PUNO,PUNO,mpas15,pp,20260908,20261007,00Z,D1,6h,0.212,0.794,0.256,118,0.8,0.778,0.211,5,1.0,0.667,0.333,4,S/D,1.0,0.0,0,S/D,S/D,S/D,0
472DD33A,PUNO,PUNO,PUNO,ecmwf,pp,20260908,20261007,"00Z,12Z",D1,6h,0.148,0.728,0.416,234,1.0,0.759,0.241,14,0.667,0.692,0.267,6,0.0,1.0,0.0,2,S/D,S/D,S/D,0
472DD33A,PUNO,PUNO,PUNO,gfs,pp,20260908,20261007,"00Z,12Z",D1,6h,0.4,1.834,0.396,234,0.929,0.8,0.197,14,0.833,0.773,0.217,6,0.0,1.0,0.0,2,S/D,S/D,S/D,0
472DD33A,PUNO,PUNO,PUNO,eta5,pp,20260908,20261007,"00Z,12Z",D1,6h,0.22,0.847,0.406,189,0.846,0.738,0.25,13,0.8,0.765,0.222,5,0.5,0.667,0.25,2,S/D,S/D,S/D,0
472DD33A,PUNO,PUNO,PUNO,wrf5,pp,20260908,20261007,"00Z,12Z",D1,6h,0.416,1.717,0.491,231,0.846,0.676,0.306,13,1.0,0.727,0.273,6,0.5,0.909,0.083,2,S/D,S/D,S/D,0
472DD33A,PUNO,PUNO,PUNO,mpas15,pp,20260908,20261007,00Z,D1,6h,0.291,1.439,0.249,117,0.714,0.667,0.294,7,0.667,0.833,0.154,3,0.0,1.0,0.0,1,S/D,S/D,S/D,0
472CF72C,JULIACA,PUNO,SAN ROMAN,ecmwf,pp,20260908,20261007,"00Z,12Z",D1,6h,0.111,0.551,0.523,230,1.0,0.625,0.375,18,0.7,0.3,0.538,10,S/D,1.0,0.0,0,S/D,S/D,S/D,0
472CF72C,JULIACA,PUNO,SAN ROMAN,gfs,pp,20260908,20261007,"00Z,12Z",D1,6h,0.372,1.732,0.5,230,0.944,0.726,0.27,18,0.5,0.722,0.217,10,S/D,1.0,0.0,0,S/D,S/D,S/D,0
472CF72C,JULIACA,PUNO,SAN ROMAN,eta5,pp,20260908,20261007,"00Z,12Z",D1,6h,0.388,1.396,0.575,186,0.941,0.579,0.41,17,0.9,0.571,0.409,10,S/D,1.0,0.0,0,S/D,S/D,S/D,0
472CF72C,JULIACA,PUNO,SAN ROMAN,wrf5,pp,20260908,20261007,"00Z,12Z",D1,6h,0.341,1.817,0.52,227,0.688,0.667,0.289,16,0.556,0.75,0.208,9,S/D,1.0,0.0,0,S/D,S/D,S/D,0
472CF72C,JULIACA,PUNO,SAN ROMAN,mpas15,pp,20260908,20261007,00Z,D1,6h,0.217,0.797,0.326,115,0.778,0.682,0.292,9,0.8,0.636,0.333,5,S/D,1.0,0.0,0,S/D,S/D,S/D,0
107142,BELLAVISTA,SAN MARTIN,BELLAVISTA,ecmwf,pp,20260908,20261007,"00Z,12Z",D1,6h,S/D,S/D,S/D,0,S/D,S/D,S/D,0,S/D,S/D,S/D,0,S/D,S/D,S/D,0,S/D,S/D,S/D,0
107142,BELLAVISTA,SAN MARTIN,BELLAVISTA,gfs,pp,20260908,20261007,"00Z,12Z",D1,6h,S/D,S/D,S/D,0,S/D,S/D,S/D,0,S/D,S/D,S/D,0,S/D,S/D,S/D,0,S/D,S/D,S/D,0
107142,BELLAVISTA,SAN MARTIN,BELLAVISTA,eta5,pp,20260908,20261007,"00Z,12Z",D1,6h,S/D,S/D,S/D,0,S/D,S/D,S/D,0,S/D,S/D,S/D,0,S/D,S/D,S/D,0,S/D,S/D,S/D,0
107142,BELLAVISTA,SAN MARTIN,BELLAVISTA,wrf5,pp,20260908,20261007,"00Z,12Z",D1,6h,S/D,S/D,S/D,0,S/D,S/D,S/D,0,S/D,S/D,S/D,0,S/D,S/D,S/D,0,S/D,S/D,S/D,0
107142,BELLAVISTA,SAN MARTIN,BELLAVISTA,mpas15,pp,20260908,20261007,00Z,D1,6h,S/D,S/D,S/D,0,S/D,S/D,S/D,0,S/D,S/D,S/D,0,S/D,S/D,S/D,0,S/D,S/D,S/D,0
210006,SHANAO,SAN MARTIN,LAMAS,ecmwf,pp,20260908,20261007,"00Z,12Z",D1,6h,S/D,S/D,S/D,0,S/D,S/D,S/D,0,S/D,S/D,S/D,0,S/D,S/D,S/D,0,S/D,S/D,S/D,0
210006,SHANAO,SAN MARTIN,LAMAS,gfs,pp,20260908,20261007,"00Z,12Z",D1,6h,S/D,S/D,S/D,0,S/D,S/D,S/D,0,S/D,S/D,S/D,0,S/D,S/D,S/D,0,S/D,S/D,S/D,0
210006,SHANAO,SAN MARTIN,LAMAS,eta5,pp,20260908,20261007,"00Z,12Z",D1,6h,S/D,S/D,S/D,0,S/D,S/D,S/D,0,S/D,S/D,S/D,0,S/D,S/D,S/D,0,S/D,S/D,S/D,0
210006,SHANAO,SAN MARTIN,LAMAS,wrf5,pp,20260908,20261007,"00Z,12Z",D1,6h,S/D,S/D,S/D,0,S/D,S/D,S/D,0,S/D,S/D,S/D,0,S/D,S/D,S/D,0,S/D,S/D,S/D,0
210006,SHANAO,SAN MARTIN,LAMAS,mpas15,pp,20260908,20261007,00Z,D1,6h,S/D,S/D,S/D,0,S/D,S/D,S/D,0,S/D,S/D,S/D,0,S/D,S/D,S/D,0,S/D,S/D,S/D,0
106144,JEPELACIO,SAN MARTIN,MOYOBAMBA,ecmwf,pp,20260908,20261007,"00Z,12Z",D1,6h,S/D,S/D,S/D,0,S/D,S/D,S/D,0,S/D,S/D,S/D,0,S/D,S/D,S/D,0,S/D,S/D,S/D,0
106144,JEPELACIO,SAN MARTIN,MOYOBAMBA,gfs,pp,20260908,20261007,"00Z,12Z",D1,6h,S/D,S/D,S/D,0,S/D,S/D,S/D,0,S/D,S/D,S/D,0,S/D,S/D,S/D,0,S/D,S/D,S/D,0
106144,JEPELACIO,SAN MARTIN,MOYOBAMBA,eta5,pp,20260908,20261007,"00Z,12Z",D1,6h,S/D,S/D,S/D,0,S/D,S/D,S/D,0,S/D,S/D,S/D,0,S/D,S/D,S/D,0,S/D,S/D,S/D,0
106144,JEPELACIO,SAN MARTIN,MOYOBAMBA,wrf5,pp,20260908,20261007,"00Z,12Z",D1,6h,S/D,S/D,S/D,0,S/D,S/D,S/D,0,S/D,S/D,S/D,0,S/D,S/D,S/D,0,S/D,S/D,S/D,0
106144,JEPELACIO,SAN MARTIN,MOYOBAMBA,mpas15,pp,20260908,20261007,00Z,D1,6h,S/D,S/D,S/D,0,S/D,S/D,S/D,0,S/D,S/D,S/D,0,S/D,S/D,S/D,0,S/D,S/D,S/D,0
106145,TINGO DE PONAZA,SAN MARTIN,PICOTA,ecmwf,pp,20260908,20261007,"00Z,12Z",D1,6h,S/D,S/D,S/D,0,S/D,S/D,S/D,0,S/D,S/D,S/D,0,S/D,S/D,S/D,0,S/D,S/D,S/D,0
106145,TINGO DE PONAZA,SAN MARTIN,PICOTA,gfs,pp,20260908,20261007,"00Z,12Z",D1,6h,S/D,S/D,S/D,0,S/D,S/D,S/D,0,S/D,S/D,S/D,0,S/D,S/D,S/D,0,S/D,S/D,S/D,0
106145,TINGO DE PONAZA,SAN MARTIN,PICOTA,eta5,pp,20260908,20261007,"00Z,12Z",D1,6h,S/D,S/D,S/D,0,S/D,S/D,S/D,0,S/D,S/D,S/D,0,S/D,S/D,S/D,0,S/D,S/D,S/D,0
106145,TINGO DE PONAZA,SAN MARTIN,PICOTA,wrf5,pp,20260908,20261007,"00Z,12Z",D1,6h,S/D,S/D,S/D,0,S/D,S/D,S/D,0,S/D,S/D,S/D,0,S/D,S/D,S/D,0,S/D,S/D,S/D,0
106145,TINGO DE PONAZA,SAN MARTIN,PICOTA,mpas15,pp,20260908,20261007,00Z,D1,6h,S/D,S/D,S/D,0,S/D,S/D,S/D,0,S/D,S/D,S/D,0,S/D,S/D,S/D,0,S/D,S/D,S/D,0
4724851A,NARANJILLO,SAN MARTIN,RIOJA,ecmwf,pp,20260908,20261007,"00Z,12Z",D1,6h,1.227,3.293,0.346,214,0.938,0.801,0.196,32,0.8,0.824,0.168,20,0.625,0.792,0.185,8,0.0,S/D,0.0,2
4724851A,NARANJILLO,SAN MARTIN,RIOJA,gfs,pp,20260908,20261007,"00Z,12Z",D1,6h,0.465,3.233,0.34,214,0.938,0.796,0.201,32,0.65,0.84,0.148,20,0.125,0.857,0.071,8,0.0,S/D,0.0,2
4724851A,NARANJILLO,SAN MARTIN,RIOJA,eta5,pp,20260908,20261007,"00Z,12Z",D1,6h,1.971,5.291,0.186,175,0.714,0.826,0.163,28,0.632,0.857,0.132,19,0.5,0.875,0.111,8,0.0,1.0,0.0,2
4724851A,NARANJILLO,SAN MARTIN,RIOJA,wrf5,pp,20260908,20261007,"00Z,12Z",D1,6h,0.347,4.549,0.379,211,0.719,0.629,0.324,32,0.45,0.757,0.188,20,0.0,1.0,0.0,8,0.0,1.0,0.0,2
4724851A,NARANJILLO,SAN MARTIN,RIOJA,mpas15,pp,20260908,20261007,00Z,D1,6h,1.349,3.02,0.343,107,0.875,0.754,0.237,16,0.8,0.826,0.167,10,0.75,0.85,0.143,4,0.0,S/D,0.0,1
4723013A,EL PORVENIR,SAN MARTIN,SAN MARTIN,ecmwf,pp,20260908,20261007,"00Z,12Z",D1,6h,1.556,4.917,0.428,200,1.0,0.823,0.177,20,0.857,0.826,0.169,14,1.0,0.733,0.267,4,S/D,1.0,0.0,0
4723013A,EL PORVENIR,SAN MARTIN,SAN MARTIN,gfs,pp,20260908,20261007,"00Z,12Z",D1,6h,0.711,2.504,0.386,200,0.8,0.81,0.182,20,0.857,0.769,0.222,14,1.0,0.6,0.4,4,S/D,1.0,0.0,0
4723013A,EL PORVENIR,SAN MARTIN,SAN MARTIN,eta5,pp,20260908,20261007,"00Z,12Z",D1,6h,1.82,4.684,0.33,171,0.824,0.835,0.159,17,0.833,0.853,0.143,12,0.75,0.88,0.115,4,S/D,1.0,0.0,0
4723013A,EL PORVENIR,SAN MARTIN,SAN MARTIN,wrf5,pp,20260908,20261007,"00Z,12Z",D1,6h,-0.015,2.547,0.43,197,0.5,0.6,0.286,20,0.429,0.538,0.286,14,0.5,0.5,0.333,4,S/D,S/D,S/D,0
4723013A,EL PORVENIR,SAN MARTIN,SAN MARTIN,mpas15,pp,20260908,20261007,00Z,D1,6h,0.985,2.334,0.363,100,0.9,0.769,0.225,10,0.857,0.812,0.182,7,1.0,0.8,0.2,2,S/D,1.0,0.0,0
47E2E456,TOCACHE,SAN MARTIN,TOCACHE,ecmwf,pp,20260908,20261007,"00Z,12Z",D1,6h,1.15,2.439,0.284,228,0.95,0.87,0.129,20,S/D,1.0,0.0,0,S/D,1.0,0.0,0,S/D,S/D,S/D,0
47E2E456,TOCACHE,SAN MARTIN,TOCACHE,gfs,pp,20260908,20261007,"00Z,12Z",D1,6h,1.525,2.818,0.243,228,1.0,0.874,0.126,20,S/D,1.0,0.0,0,S/D,1.0,0.0,0,S/D,S/D,S/D,0
47E2E456,TOCACHE,SAN MARTIN,TOCACHE,eta5,pp,20260908,20261007,"00Z,12Z",D1,6h,3.552,6.247,0.168,186,0.778,0.878,0.118,18,S/D,1.0,0.0,0,S/D,1.0,0.0,0,S/D,S/D,S/D,0
47E2E456,TOCACHE,SAN MARTIN,TOCACHE,wrf5,pp,20260908,20261007,"00Z,12Z",D1,6h,1.324,5.275,0.266,224,0.632,0.797,0.182,19,S/D,1.0,0.0,0,S/D,1.0,0.0,0,S/D,1.0,0.0,0
47E2E456,TOCACHE,SAN MARTIN,TOCACHE,mpas15,pp,20260908,20261007,00Z,D1,6h,2.263,4.139,0.31,114,1.0,0.861,0.139,10,S/D,1.0,0.0,0,S/D,1.0,0.0,0,S/D,S/D,S/D,0
47E2C2BA,CANDARAVE,TACNA,CANDARAVE,ecmwf,pp,20260908,20261007,"00Z,12Z",D1,6h,0.032,0.186,0.231,232,1.0,0.778,0.222,2,S/D,1.0,0.0,0,S/D,S/D,S/D,0,S/D,S/D,S/D,0
47E2C2BA,CANDARAVE,TACNA,CANDARAVE,gfs,pp,20260908,20261007,"00Z,12Z",D1,6h,0.071,0.342,0.259,232,1.0,0.895,0.105,2,S/D,1.0,0.0,0,S/D,S/D,S/D,0,S/D,S/D,S/D,0
47E2C2BA,CANDARAVE,TACNA,CANDARAVE,eta5,pp,20260908,20261007,"00Z,12Z",D1,6h,0.048,0.351,0.432,188,1.0,0.714,0.286,2,S/D,1.0,0.0,0,S/D,S/D,S/D,0,S/D,S/D,S/D,0
47E2C2BA,CANDARAVE,TACNA,CANDARAVE,wrf5,pp,20260908,20261007,"00Z,12Z",D1,6h,0.031,0.3,-0.019,228,0.0,1.0,0.0,2,S/D,1.0,0.0,0,S/D,S/D,S/D,0,S/D,S/D,S/D,0
47E2C2BA,CANDARAVE,TACNA,CANDARAVE,mpas15,pp,20260908,20261007,00Z,D1,6h,0.037,0.233,-0.07,116,0.0,1.0,0.0,1,S/D,1.0,0.0,0,S/D,S/D,S/D,0,S/D,S/D,S/D,0
47E1654C,CORACHAY II,TACNA,CANDARAVE,ecmwf,pp,20260908,20261007,"00Z,12Z",D1,6h,0.116,0.423,0.226,234,0.75,0.903,0.094,4,S/D,1.0,0.0,0,S/D,S/D,S/D,0,S/D,S/D,S/D,0
47E1654C,CORACHAY II,TACNA,CANDARAVE,gfs,pp,20260908,20261007,"00Z,12Z",D1,6h,0.155,0.638,0.34,234,1.0,0.882,0.118,4,S/D,1.0,0.0,0,S/D,1.0,0.0,0,S/D,S/D,S/D,0
47E1654C,CORACHAY II,TACNA,CANDARAVE,eta5,pp,20260908,20261007,"00Z,12Z",D1,6h,0.077,0.409,0.365,189,1.0,0.7,0.3,3,S/D,1.0,0.0,0,S/D,S/D,S/D,0,S/D,S/D,S/D,0
47E1654C,CORACHAY II,TACNA,CANDARAVE,wrf5,pp,20260908,20261007,"00Z,12Z",D1,6h,0.084,0.516,0.386,230,0.75,0.769,0.214,4,S/D,1.0,0.0,0,S/D,1.0,0.0,0,S/D,S/D,S/D,0
47E1654C,CORACHAY II,TACNA,CANDARAVE,mpas15,pp,20260908,20261007,00Z,D1,6h,0.084,0.351,0.071,117,0.5,0.9,0.091,2,S/D,1.0,0.0,0,S/D,S/D,S/D,0,S/D,S/D,S/D,0
47E12646,LAGUNA ARICOTA,TACNA,CANDARAVE,ecmwf,pp,20260908,20261007,"00Z,12Z",D1,6h,0.031,0.183,S/D,236,S/D,1.0,0.0,0,S/D,1.0,0.0,0,S/D,S/D,S/D,0,S/D,S/D,S/D,0
47E12646,LAGUNA ARICOTA,TACNA,CANDARAVE,gfs,pp,20260908,20261007,"00Z,12Z",D1,6h,0.074,0.352,S/D,236,S/D,1.0,0.0,0,S/D,1.0,0.0,0,S/D,S/D,S/D,0,S/D,S/D,S/D,0
47E12646,LAGUNA ARICOTA,TACNA,CANDARAVE,eta5,pp,20260908,20261007,"00Z,12Z",D1,6h,0.011,0.084,S/D,191,S/D,1.0,0.0,0,S/D,S/D,S/D,0,S/D,S/D,S/D,0,S/D,S/D,S/D,0
47E12646,LAGUNA ARICOTA,TACNA,CANDARAVE,wrf5,pp,20260908,20261007,"00Z,12Z",D1,6h,0.027,0.264,S/D,232,S/D,1.0,0.0,0,S/D,1.0,0.0,0,S/D,S/D,S/D,0,S/D,S/D,S/D,0
47E12646,LAGUNA ARICOTA,TACNA,CANDARAVE,mpas15,pp,20260908,20261007,00Z,D1,6h,0.008,0.092,S/D,118,S/D,1.0,0.0,0,S/D,1.0,0.0,0,S/D,S/D,S/D,0,S/D,S/D,S/D,0
47E186BE,PUENTE VIEJO,TACNA,JORGE BASADRE,ecmwf,pp,20260908,20261007,"00Z,12Z",D1,6h,-0.32,2.126,0.02,232,0.167,0.833,0.091,30,0.0,S/D,0.0,12,0.0,S/D,0.0,4,S/D,S/D,S/D,0
47E186BE,PUENTE VIEJO,TACNA,JORGE BASADRE,gfs,pp,20260908,20261007,"00Z,12Z",D1,6h,-0.355,2.13,0.174,232,0.0,S/D,0.0,30,0.0,S/D,0.0,12,0.0,S/D,0.0,4,S/D,S/D,S/D,0
47E186BE,PUENTE VIEJO,TACNA,JORGE BASADRE,eta5,pp,20260908,20261007,"00Z,12Z",D1,6h,-0.293,1.757,-0.041,188,0.0,S/D,0.0,26,0.0,S/D,0.0,9,0.0,S/D,0.0,3,S/D,S/D,S/D,0
47E186BE,PUENTE VIEJO,TACNA,JORGE BASADRE,wrf5,pp,20260908,20261007,"00Z,12Z",D1,6h,-0.358,2.144,0.018,229,0.0,1.0,0.0,30,0.0,S/D,0.0,12,0.0,S/D,0.0,4,S/D,S/D,S/D,0
47E186BE,PUENTE VIEJO,TACNA,JORGE BASADRE,mpas15,pp,20260908,20261007,00Z,D1,6h,-0.344,2.132,-0.036,116,0.0,1.0,0.0,15,0.0,S/D,0.0,6,0.0,S/D,0.0,2,S/D,S/D,S/D,0
47E2B42A,BOCATOMA EL AYRO,TACNA,TACNA,ecmwf,pp,20260908,20261007,"00Z,12Z",D1,6h,0.067,0.354,0.288,234,0.833,0.821,0.172,6,0.0,1.0,0.0,2,S/D,S/D,S/D,0,S/D,S/D,S/D,0
47E2B42A,BOCATOMA EL AYRO,TACNA,TACNA,gfs,pp,20260908,20261007,"00Z,12Z",D1,6h,0.193,0.867,0.432,234,1.0,0.778,0.222,6,1.0,0.833,0.167,2,S/D,1.0,0.0,0,S/D,S/D,S/D,0
47E2B42A,BOCATOMA EL AYRO,TACNA,TACNA,eta5,pp,20260908,20261007,"00Z,12Z",D1,6h,0.127,0.582,0.415,189,1.0,0.692,0.308,4,1.0,0.75,0.25,2,S/D,S/D,S/D,0,S/D,S/D,S/D,0
47E2B42A,BOCATOMA EL AYRO,TACNA,TACNA,wrf5,pp,20260908,20261007,"00Z,12Z",D1,6h,0.075,0.629,0.511,230,1.0,0.667,0.333,6,0.5,0.8,0.167,2,S/D,1.0,0.0,0,S/D,S/D,S/D,0
47E2B42A,BOCATOMA EL AYRO,TACNA,TACNA,mpas15,pp,20260908,20261007,00Z,D1,6h,0.108,0.671,0.307,117,1.0,0.5,0.5,3,1.0,0.8,0.2,1,S/D,1.0,0.0,0,S/D,S/D,S/D,0
47E143A0,CAPLINA,TACNA,TACNA,ecmwf,pp,20260908,20261007,"00Z,12Z",D1,6h,0.003,0.066,0.382,226,0.5,0.5,0.333,6,S/D,S/D,S/D,0,S/D,S/D,S/D,0,S/D,S/D,S/D,0
47E143A0,CAPLINA,TACNA,TACNA,gfs,pp,20260908,20261007,"00Z,12Z",D1,6h,0.057,0.293,0.53,226,0.833,0.615,0.357,6,S/D,1.0,0.0,0,S/D,S/D,S/D,0,S/D,S/D,S/D,0
47E143A0,CAPLINA,TACNA,TACNA,eta5,pp,20260908,20261007,"00Z,12Z",D1,6h,0.068,0.455,0.464,185,0.75,0.625,0.333,4,S/D,1.0,0.0,0,S/D,1.0,0.0,0,S/D,S/D,S/D,0
47E143A0,CAPLINA,TACNA,TACNA,wrf5,pp,20260908,20261007,"00Z,12Z",D1,6h,0.089,0.532,0.605,222,0.833,0.615,0.357,6,S/D,1.0,0.0,0,S/D,1.0,0.0,0,S/D,S/D,S/D,0
47E143A0,CAPLINA,TACNA,TACNA,mpas15,pp,20260908,20261007,00Z,D1,6h,0.036,0.24,0.271,113,0.667,0.333,0.5,3,S/D,1.0,0.0,0,S/D,S/D,S/D,0,S/D,S/D,S/D,0
47E13530,CERRO BLANCO,TACNA,TACNA,ecmwf,pp,20260908,20261007,"00Z,12Z",D1,6h,-0.083,0.24,0.591,232,0.227,0.167,0.217,44,0.0,S/D,0.0,2,S/D,S/D,S/D,0,S/D,S/D,S/D,0
47E13530,CERRO BLANCO,TACNA,TACNA,gfs,pp,20260908,20261007,"00Z,12Z",D1,6h,-0.099,0.268,-0.032,232,0.0,S/D,0.0,44,0.0,S/D,0.0,2,S/D,S/D,S/D,0,S/D,S/D,S/D,0
47E13530,CERRO BLANCO,TACNA,TACNA,eta5,pp,20260908,20261007,"00Z,12Z",D1,6h,-0.102,0.275,S/D,188,0.0,S/D,0.0,38,0.0,S/D,0.0,2,S/D,S/D,S/D,0,S/D,S/D,S/D,0
47E13530,CERRO BLANCO,TACNA,TACNA,wrf5,pp,20260908,20261007,"00Z,12Z",D1,6h,-0.098,0.269,0.39,228,0.0,1.0,0.0,44,0.0,S/D,0.0,2,S/D,S/D,S/D,0,S/D,S/D,S/D,0
47E13530,CERRO BLANCO,TACNA,TACNA,mpas15,pp,20260908,20261007,00Z,D1,6h,-0.099,0.268,-0.083,116,0.0,S/D,0.0,22,0.0,S/D,0.0,1,S/D,S/D,S/D,0,S/D,S/D,S/D,0
47E195C8,CHALLATA,TACNA,TACNA,ecmwf,pp,20260908,20261007,"00Z,12Z",D1,6h,0.011,0.069,S/D,228,S/D,1.0,0.0,0,S/D,S/D,S/D,0,S/D,S/D,S/D,0,S/D,S/D,S/D,0
47E195C8,CHALLATA,TACNA,TACNA,gfs,pp,20260908,20261007,"00Z,12Z",D1,6h,0.064,0.317,S/D,228,S/D,1.0,0.0,0,S/D,1.0,0.0,0,S/D,S/D,S/D,0,S/D,S/D,S/D,0
47E195C8,CHALLATA,TACNA,TACNA,eta5,pp,20260908,20261007,"00Z,12Z",D1,6h,0.024,0.273,S/D,186,S/D,1.0,0.0,0,S/D,1.0,0.0,0,S/D,S/D,S/D,0,S/D,S/D,S/D,0
47E195C8,CHALLATA,TACNA,TACNA,wrf5,pp,20260908,20261007,"00Z,12Z",D1,6h,0.004,0.045,S/D,224,S/D,1.0,0.0,0,S/D,S/D,S/D,0,S/D,S/D,S/D,0,S/D,S/D,S/D,0
47E195C8,CHALLATA,TACNA,TACNA,mpas15,pp,20260908,20261007,00Z,D1,6h,0.0,0.0,S/D,114,S/D,S/D,S/D,0,S/D,S/D,S/D,0,S/D,S/D,S/D,0,S/D,S/D,S/D,0
4722F344,LA TRANCA,TACNA,TACNA,ecmwf,pp,20260908,20261007,"00Z,12Z",D1,6h,S/D,S/D,S/D,0,S/D,S/D,S/D,0,S/D,S/D,S/D,0,S/D,S/D,S/D,0,S/D,S/D,S/D,0
4722F344,LA TRANCA,TACNA,TACNA,gfs,pp,20260908,20261007,"00Z,12Z",D1,6h,S/D,S/D,S/D,0,S/D,S/D,S/D,0,S/D,S/D,S/D,0,S/D,S/D,S/D,0,S/D,S/D,S/D,0
4722F344,LA TRANCA,TACNA,TACNA,eta5,pp,20260908,20261007,"00Z,12Z",D1,6h,S/D,S/D,S/D,0,S/D,S/D,S/D,0,S/D,S/D,S/D,0,S/D,S/D,S/D,0,S/D,S/D,S/D,0
4722F344,LA TRANCA,TACNA,TACNA,wrf5,pp,20260908,20261007,"00Z,12Z",D1,6h,S/D,S/D,S/D,0,S/D,S/D,S/D,0,S/D,S/D,S/D,0,S/D,S/D,S/D,0,S/D,S/D,S/D,0
4722F344,LA TRANCA,TACNA,TACNA,mpas15,pp,20260908,20261007,00Z,D1,6h,S/D,S/D,S/D,0,S/D,S/D,S/D,0,S/D,S/D,S/D,0,S/D,S/D,S/D,0,S/D,S/D,S/D,0
47E113DC,REPRESA PAUCARANI,TACNA,TACNA,ecmwf,pp,20260908,20261007,"00Z,12Z",D1,6h,0.074,0.327,0.337,232,0.625,0.8,0.179,8,S/D,1.0,0.0,0,S/D,S/D,S/D,0,S/D,S/D,S/D,0
47E113DC,REPRESA PAUCARANI,TACNA,TACNA,gfs,pp,20260908,20261007,"00Z,12Z",D1,6h,0.14,0.681,0.367,232,0.75,0.739,0.24,8,S/D,1.0,0.0,0,S/D,1.0,0.0,0,S/D,S/D,S/D,0
47E113DC,REPRESA PAUCARANI,TACNA,TACNA,eta5,pp,20260908,20261007,"00Z,12Z",D1,6h,0.117,0.585,0.322,188,0.667,0.789,0.19,6,S/D,1.0,0.0,0,S/D,1.0,0.0,0,S/D,S/D,S/D,0
47E113DC,REPRESA PAUCARANI,TACNA,TACNA,wrf5,pp,20260908,20261007,"00Z,12Z",D1,6h,0.117,0.818,0.452,228,0.625,0.688,0.263,8,S/D,1.0,0.0,0,S/D,1.0,0.0,0,S/D,S/D,S/D,0
47E113DC,REPRESA PAUCARANI,TACNA,TACNA,mpas15,pp,20260908,20261007,00Z,D1,6h,0.028,0.211,0.262,116,0.5,0.333,0.4,4,S/D,1.0,0.0,0,S/D,S/D,S/D,0,S/D,S/D,S/D,0
117059,ANCOAQUE,TACNA,TARATA,ecmwf,pp,20260908,20261007,"00Z,12Z",D1,6h,0.069,0.357,0.242,178,0.667,0.714,0.25,6,S/D,1.0,0.0,0,S/D,S/D,S/D,0,S/D,S/D,S/D,0
117059,ANCOAQUE,TACNA,TARATA,gfs,pp,20260908,20261007,"00Z,12Z",D1,6h,0.146,0.704,0.306,178,0.667,0.818,0.167,6,S/D,1.0,0.0,0,S/D,1.0,0.0,0,S/D,S/D,S/D,0
117059,ANCOAQUE,TACNA,TARATA,eta5,pp,20260908,20261007,"00Z,12Z",D1,6h,0.087,0.407,0.276,144,0.6,0.727,0.231,5,S/D,1.0,0.0,0,S/D,S/D,S/D,0,S/D,S/D,S/D,0
117059,ANCOAQUE,TACNA,TARATA,wrf5,pp,20260908,20261007,"00Z,12Z",D1,6h,0.119,0.859,0.35,175,0.667,0.692,0.267,6,S/D,1.0,0.0,0,S/D,1.0,0.0,0,S/D,S/D,S/D,0
117059,ANCOAQUE,TACNA,TARATA,mpas15,pp,20260908,20261007,00Z,D1,6h,0.276,0.923,0.305,89,1.0,0.727,0.273,3,S/D,1.0,0.0,0,S/D,1.0,0.0,0,S/D,S/D,S/D,0
47E292C6,CHUAPALCA,TACNA,TARATA,ecmwf,pp,20260908,20261007,"00Z,12Z",D1,6h,0.071,0.39,0.293,228,1.0,0.818,0.182,4,S/D,1.0,0.0,0,S/D,S/D,S/D,0,S/D,S/D,S/D,0
47E292C6,CHUAPALCA,TACNA,TARATA,gfs,pp,20260908,20261007,"00Z,12Z",D1,6h,0.214,0.89,0.347,228,1.0,0.867,0.133,4,S/D,1.0,0.0,0,S/D,1.0,0.0,0,S/D,S/D,S/D,0
47E292C6,CHUAPALCA,TACNA,TARATA,eta5,pp,20260908,20261007,"00Z,12Z",D1,6h,0.164,0.676,0.369,184,1.0,0.824,0.176,3,S/D,1.0,0.0,0,S/D,S/D,S/D,0,S/D,S/D,S/D,0
47E292C6,CHUAPALCA,TACNA,TARATA,wrf5,pp,20260908,20261007,"00Z,12Z",D1,6h,0.092,0.462,0.392,224,1.0,0.8,0.2,4,S/D,1.0,0.0,0,S/D,S/D,S/D,0,S/D,S/D,S/D,0
47E292C6,CHUAPALCA,TACNA,TARATA,mpas15,pp,20260908,20261007,00Z,D1,6h,0.231,0.776,0.227,114,1.0,0.875,0.125,2,S/D,1.0,0.0,0,S/D,1.0,0.0,0,S/D,S/D,S/D,0
47E150D6,PUENTE TALAPALCA,TACNA,TARATA,ecmwf,pp,20260908,20261007,"00Z,12Z",D1,6h,0.006,0.034,S/D,228,S/D,1.0,0.0,0,S/D,S/D,S/D,0,S/D,S/D,S/D,0,S/D,S/D,S/D,0
47E150D6,PUENTE TALAPALCA,TACNA,TARATA,gfs,pp,20260908,20261007,"00Z,12Z",D1,6h,0.012,0.074,S/D,228,S/D,1.0,0.0,0,S/D,S/D,S/D,0,S/D,S/D,S/D,0,S/D,S/D,S/D,0
47E150D6,PUENTE TALAPALCA,TACNA,TARATA,eta5,pp,20260908,20261007,"00Z,12Z",D1,6h,0.031,0.222,S/D,185,S/D,1.0,0.0,0,S/D,1.0,0.0,0,S/D,S/D,S/D,0,S/D,S/D,S/D,0
47E150D6,PUENTE TALAPALCA,TACNA,TARATA,wrf5,pp,20260908,20261007,"00Z,12Z",D1,6h,0.005,0.042,S/D,224,S/D,1.0,0.0,0,S/D,S/D,S/D,0,S/D,S/D,S/D,0,S/D,S/D,S/D,0
47E150D6,PUENTE TALAPALCA,TACNA,TARATA,mpas15,pp,20260908,20261007,00Z,D1,6h,0.026,0.162,S/D,114,S/D,1.0,0.0,0,S/D,1.0,0.0,0,S/D,S/D,S/D,0,S/D,S/D,S/D,0
47E1B324,REPRESA JARUMAS,TACNA,TARATA,ecmwf,pp,20260908,20261007,"00Z,12Z",D1,6h,0.078,0.434,0.14,234,0.375,0.824,0.136,8,S/D,1.0,0.0,0,S/D,S/D,S/D,0,S/D,S/D,S/D,0
47E1B324,REPRESA JARUMAS,TACNA,TARATA,gfs,pp,20260908,20261007,"00Z,12Z",D1,6h,0.144,0.716,0.186,234,0.5,0.857,0.125,8,S/D,1.0,0.0,0,S/D,1.0,0.0,0,S/D,S/D,S/D,0
47E1B324,REPRESA JARUMAS,TACNA,TARATA,eta5,pp,20260908,20261007,"00Z,12Z",D1,6h,0.112,0.553,0.174,190,0.429,0.812,0.15,7,S/D,1.0,0.0,0,S/D,S/D,S/D,0,S/D,S/D,S/D,0
47E1B324,REPRESA JARUMAS,TACNA,TARATA,wrf5,pp,20260908,20261007,"00Z,12Z",D1,6h,0.12,0.773,0.242,230,0.375,0.786,0.158,8,S/D,1.0,0.0,0,S/D,1.0,0.0,0,S/D,S/D,S/D,0
47E1B324,REPRESA JARUMAS,TACNA,TARATA,mpas15,pp,20260908,20261007,00Z,D1,6h,0.056,0.302,0.144,117,0.25,0.857,0.1,4,S/D,1.0,0.0,0,S/D,S/D,S/D,0,S/D,S/D,S/D,0
47E1763A,SALIDA TUNEL KOVIRE,TACNA,TARATA,ecmwf,pp,20260908,20261007,"00Z,12Z",D1,6h,0.069,0.392,0.386,234,0.75,0.647,0.316,8,S/D,1.0,0.0,0,S/D,S/D,S/D,0,S/D,S/D,S/D,0
47E1763A,SALIDA TUNEL KOVIRE,TACNA,TARATA,gfs,pp,20260908,20261007,"00Z,12Z",D1,6h,0.136,0.663,0.488,234,1.0,0.714,0.286,8,S/D,1.0,0.0,0,S/D,1.0,0.0,0,S/D,S/D,S/D,0
47E1763A,SALIDA TUNEL KOVIRE,TACNA,TARATA,eta5,pp,20260908,20261007,"00Z,12Z",D1,6h,0.107,0.56,0.446,189,1.0,0.688,0.312,5,S/D,1.0,0.0,0,S/D,1.0,0.0,0,S/D,S/D,S/D,0
47E1763A,SALIDA TUNEL KOVIRE,TACNA,TARATA,wrf5,pp,20260908,20261007,"00Z,12Z",D1,6h,0.11,0.726,0.538,230,0.875,0.5,0.467,8,S/D,1.0,0.0,0,S/D,1.0,0.0,0,S/D,S/D,S/D,0
47E1763A,SALIDA TUNEL KOVIRE,TACNA,TARATA,mpas15,pp,20260908,20261007,00Z,D1,6h,0.065,0.324,0.306,117,0.75,0.571,0.375,4,S/D,1.0,0.0,0,S/D,S/D,S/D,0,S/D,S/D,S/D,0
47E2D1CC,TARATA,TACNA,TARATA,ecmwf,pp,20260908,20261007,"00Z,12Z",D1,6h,0.022,0.196,0.572,234,0.5,0.545,0.312,10,0.5,0.667,0.25,2,S/D,S/D,S/D,0,S/D,S/D,S/D,0
47E2D1CC,TARATA,TACNA,TARATA,gfs,pp,20260908,20261007,"00Z,12Z",D1,6h,0.08,0.407,0.566,234,0.8,0.6,0.364,10,1.0,0.75,0.25,2,S/D,S/D,S/D,0,S/D,S/D,S/D,0
47E2D1CC,TARATA,TACNA,TARATA,eta5,pp,20260908,20261007,"00Z,12Z",D1,6h,0.056,0.408,0.562,189,0.714,0.444,0.455,7,0.0,1.0,0.0,1,S/D,S/D,S/D,0,S/D,S/D,S/D,0
47E2D1CC,TARATA,TACNA,TARATA,wrf5,pp,20260908,20261007,"00Z,12Z",D1,6h,0.025,0.256,0.655,230,0.4,0.333,0.333,10,0.0,1.0,0.0,2,S/D,S/D,S/D,0,S/D,S/D,S/D,0
47E2D1CC,TARATA,TACNA,TARATA,mpas15,pp,20260908,20261007,00Z,D1,6h,0.063,0.294,0.4,117,1.0,0.167,0.833,5,1.0,0.8,0.2,1,S/D,S/D,S/D,0,S/D,S/D,S/D,0
47E2A75C,VILACOTA,TACNA,TARATA,ecmwf,pp,20260908,20261007,"00Z,12Z",D1,6h,0.118,0.435,0.269,236,1.0,0.867,0.133,4,S/D,1.0,0.0,0,S/D,S/D,S/D,0,S/D,S/D,S/D,0
47E2A75C,VILACOTA,TACNA,TARATA,gfs,pp,20260908,20261007,"00Z,12Z",D1,6h,0.197,0.837,0.317,236,1.0,0.857,0.143,4,S/D,1.0,0.0,0,S/D,1.0,0.0,0,S/D,S/D,S/D,0
47E2A75C,VILACOTA,TACNA,TARATA,eta5,pp,20260908,20261007,"00Z,12Z",D1,6h,0.106,0.509,0.362,192,1.0,0.75,0.25,4,S/D,1.0,0.0,0,S/D,S/D,S/D,0,S/D,S/D,S/D,0
47E2A75C,VILACOTA,TACNA,TARATA,wrf5,pp,20260908,20261007,"00Z,12Z",D1,6h,0.082,0.549,0.325,232,1.0,0.765,0.235,4,S/D,1.0,0.0,0,S/D,1.0,0.0,0,S/D,S/D,S/D,0
47E2A75C,VILACOTA,TACNA,TARATA,mpas15,pp,20260908,20261007,00Z,D1,6h,0.353,1.177,0.242,118,1.0,0.875,0.125,2,S/D,1.0,0.0,0,S/D,1.0,0.0,0,S/D,S/D,S/D,0
472F13D0,CAÑAVERAL,TUMBES,CONTRALMIRANTE VILLAR,ecmwf,pp,20260908,20261007,"00Z,12Z",D1,6h,-0.357,6.668,0.325,234,0.688,0.817,0.169,16,0.9,0.609,0.375,10,0.375,0.0,0.375,8,0.0,S/D,0.0,2
472F13D0,CAÑAVERAL,TUMBES,CONTRALMIRANTE VILLAR,gfs,pp,20260908,20261007,"00Z,12Z",D1,6h,-0.551,6.653,0.348,234,0.688,0.807,0.177,16,0.9,0.5,0.474,10,0.375,0.0,0.375,8,0.0,S/D,0.0,2
472F13D0,CAÑAVERAL,TUMBES,CONTRALMIRANTE VILLAR,eta5,pp,20260908,20261007,"00Z,12Z",D1,6h,0.361,5.962,0.107,190,0.667,0.919,0.078,9,0.6,0.927,0.07,5,0.2,0.857,0.091,5,0.0,S/D,0.0,1
472F13D0,CAÑAVERAL,TUMBES,CONTRALMIRANTE VILLAR,wrf5,pp,20260908,20261007,"00Z,12Z",D1,6h,-0.78,6.933,0.334,230,0.562,0.654,0.273,16,0.4,0.333,0.333,10,0.0,S/D,0.0,8,0.0,S/D,0.0,2
472F13D0,CAÑAVERAL,TUMBES,CONTRALMIRANTE VILLAR,mpas15,pp,20260908,20261007,00Z,D1,6h,-0.715,6.887,0.243,117,0.375,0.786,0.158,8,0.2,0.857,0.091,5,0.0,S/D,0.0,4,0.0,S/D,0.0,1
47E01126,CABO INGA H,TUMBES,TUMBES,ecmwf,pp,20260908,20261007,"00Z,12Z",D1,6h,-0.638,5.818,0.427,228,0.704,0.591,0.349,54,0.727,0.61,0.34,22,0.357,0.375,0.294,14,0.0,S/D,0.0,4
47E01126,CABO INGA H,TUMBES,TUMBES,gfs,pp,20260908,20261007,"00Z,12Z",D1,6h,-0.91,5.984,0.444,228,0.648,0.573,0.347,54,0.5,0.621,0.275,22,0.286,0.2,0.267,14,0.0,S/D,0.0,4
47E01126,CABO INGA H,TUMBES,TUMBES,eta5,pp,20260908,20261007,"00Z,12Z",D1,6h,0.921,5.852,0.232,185,0.659,0.707,0.255,41,0.647,0.849,0.139,17,0.4,0.852,0.121,10,0.0,S/D,0.0,2
47E01126,CABO INGA H,TUMBES,TUMBES,wrf5,pp,20260908,20261007,"00Z,12Z",D1,6h,-0.81,5.844,0.468,224,0.556,0.412,0.4,54,0.455,0.5,0.312,22,0.286,0.333,0.25,14,0.25,0.0,0.25,4
47E01126,CABO INGA H,TUMBES,TUMBES,mpas15,pp,20260908,20261007,00Z,D1,6h,-1.004,6.468,0.099,114,0.333,0.679,0.196,27,0.364,0.778,0.16,11,0.143,0.0,0.143,7,0.0,S/D,0.0,2
472F00A6,CABO INGA M,TUMBES,TUMBES,ecmwf,pp,20260908,20261007,"00Z,12Z",D1,6h,-0.926,6.607,0.466,232,0.741,0.57,0.374,54,0.708,0.585,0.354,24,0.375,0.333,0.316,16,0.0,S/D,0.0,4
472F00A6,CABO INGA M,TUMBES,TUMBES,gfs,pp,20260908,20261007,"00Z,12Z",D1,6h,-1.171,6.743,0.448,232,0.63,0.575,0.34,54,0.542,0.581,0.31,24,0.312,0.167,0.294,16,0.0,S/D,0.0,4
472F00A6,CABO INGA M,TUMBES,TUMBES,eta5,pp,20260908,20261007,"00Z,12Z",D1,6h,0.681,6.241,0.274,187,0.711,0.707,0.262,38,0.706,0.836,0.154,17,0.455,0.815,0.152,11,0.0,S/D,0.0,2
472F00A6,CABO INGA M,TUMBES,TUMBES,wrf5,pp,20260908,20261007,"00Z,12Z",D1,6h,-0.991,6.567,0.451,228,0.519,0.44,0.368,54,0.542,0.519,0.342,24,0.312,0.375,0.263,16,0.25,0.0,0.25,4
472F00A6,CABO INGA M,TUMBES,TUMBES,mpas15,pp,20260908,20261007,00Z,D1,6h,-1.33,7.281,0.13,116,0.333,0.667,0.2,27,0.333,0.765,0.16,12,0.125,0.0,0.125,8,0.0,S/D,0.0,2
472EF2D8,CAMPAMENTO SEDE,TUMBES,TUMBES,ecmwf,pp,20260908,20261007,"00Z,12Z",D1,6h,0.394,2.143,0.267,156,0.643,0.795,0.184,14,0.0,1.0,0.0,2,0.0,1.0,0.0,2,S/D,S/D,S/D,0
472EF2D8,CAMPAMENTO SEDE,TUMBES,TUMBES,gfs,pp,20260908,20261007,"00Z,12Z",D1,6h,-0.001,1.043,0.127,156,0.429,0.846,0.128,14,0.0,1.0,0.0,2,0.0,S/D,0.0,2,S/D,S/D,S/D,0
472EF2D8,CAMPAMENTO SEDE,TUMBES,TUMBES,eta5,pp,20260908,20261007,"00Z,12Z",D1,6h,1.226,3.69,0.1,121,0.6,0.875,0.115,10,1.0,0.963,0.037,1,0.0,1.0,0.0,1,S/D,S/D,S/D,0
472EF2D8,CAMPAMENTO SEDE,TUMBES,TUMBES,wrf5,pp,20260908,20261007,"00Z,12Z",D1,6h,-0.06,1.032,0.047,155,0.286,0.765,0.148,14,0.0,1.0,0.0,2,0.0,S/D,0.0,2,S/D,S/D,S/D,0
472EF2D8,CAMPAMENTO SEDE,TUMBES,TUMBES,mpas15,pp,20260908,20261007,00Z,D1,6h,0.11,1.316,0.173,78,0.429,0.75,0.188,7,1.0,0.833,0.167,1,0.0,1.0,0.0,1,S/D,S/D,S/D,0
4724A3F6,EL TIGRE,TUMBES,TUMBES,ecmwf,pp,20260908,20261007,"00Z,12Z",D1,6h,0.576,1.99,0.249,226,1.0,0.911,0.089,8,1.0,0.935,0.065,2,0.0,1.0,0.0,2,S/D,S/D,S/D,0
4724A3F6,EL TIGRE,TUMBES,TUMBES,gfs,pp,20260908,20261007,"00Z,12Z",D1,6h,0.167,0.734,0.202,226,0.625,0.928,0.069,8,1.0,0.867,0.133,2,0.0,1.0,0.0,2,S/D,S/D,S/D,0
4724A3F6,EL TIGRE,TUMBES,TUMBES,eta5,pp,20260908,20261007,"00Z,12Z",D1,6h,1.404,3.519,0.154,184,1.0,0.955,0.045,4,1.0,0.982,0.018,1,1.0,0.941,0.059,1,S/D,1.0,0.0,0
4724A3F6,EL TIGRE,TUMBES,TUMBES,wrf5,pp,20260908,20261007,"00Z,12Z",D1,6h,0.143,1.501,0.231,222,0.625,0.839,0.147,8,1.0,0.8,0.2,2,0.0,1.0,0.0,2,S/D,S/D,S/D,0
4724A3F6,EL TIGRE,TUMBES,TUMBES,mpas15,pp,20260908,20261007,00Z,D1,6h,0.235,0.995,0.238,113,0.5,0.913,0.08,4,0.0,1.0,0.0,1,0.0,S/D,0.0,1,S/D,S/D,S/D,0
472F43AC,HUASIMO,TUMBES,TUMBES,ecmwf,pp,20260908,20261007,"00Z,12Z",D1,6h,-0.352,5.865,0.44,234,0.773,0.642,0.324,44,0.727,0.628,0.327,22,0.417,0.444,0.312,12,0.0,S/D,0.0,2
472F43AC,HUASIMO,TUMBES,TUMBES,gfs,pp,20260908,20261007,"00Z,12Z",D1,6h,-0.618,5.729,0.374,234,0.636,0.659,0.286,44,0.591,0.567,0.333,22,0.417,0.167,0.385,12,0.0,S/D,0.0,2
472F43AC,HUASIMO,TUMBES,TUMBES,eta5,pp,20260908,20261007,"00Z,12Z",D1,6h,0.292,5.359,0.237,189,0.667,0.728,0.239,33,0.588,0.792,0.182,17,0.375,0.786,0.158,8,0.0,S/D,0.0,1
472F43AC,HUASIMO,TUMBES,TUMBES,wrf5,pp,20260908,20261007,"00Z,12Z",D1,6h,-0.816,6.004,0.338,230,0.341,0.634,0.214,44,0.545,0.294,0.444,22,0.25,0.0,0.25,12,0.0,1.0,0.0,2
472F43AC,HUASIMO,TUMBES,TUMBES,mpas15,pp,20260908,20261007,00Z,D1,6h,-0.968,6.245,0.099,117,0.182,0.826,0.098,22,0.182,0.833,0.095,11,0.0,S/D,0.0,6,0.0,S/D,0.0,1
47E024BC,PUENTE TUMBES,TUMBES,TUMBES,ecmwf,pp,20260908,20261007,"00Z,12Z",D1,6h,0.271,1.642,0.299,208,0.556,0.787,0.182,18,0.0,1.0,0.0,4,S/D,1.0,0.0,0,S/D,S/D,S/D,0
47E024BC,PUENTE TUMBES,TUMBES,TUMBES,gfs,pp,20260908,20261007,"00Z,12Z",D1,6h,-0.017,0.587,0.206,208,0.389,0.794,0.156,18,0.0,1.0,0.0,4,S/D,S/D,S/D,0,S/D,S/D,S/D,0
47E024BC,PUENTE TUMBES,TUMBES,TUMBES,eta5,pp,20260908,20261007,"00Z,12Z",D1,6h,1.189,3.377,0.076,169,0.615,0.895,0.099,13,0.667,0.943,0.056,3,S/D,1.0,0.0,0,S/D,S/D,S/D,0
47E024BC,PUENTE TUMBES,TUMBES,TUMBES,wrf5,pp,20260908,20261007,"00Z,12Z",D1,6h,-0.023,0.551,0.144,204,0.235,0.75,0.138,17,0.0,1.0,0.0,3,S/D,S/D,S/D,0,S/D,S/D,S/D,0
47E024BC,PUENTE TUMBES,TUMBES,TUMBES,mpas15,pp,20260908,20261007,00Z,D1,6h,0.152,1.183,0.152,104,0.333,0.75,0.167,9,0.5,0.857,0.125,2,S/D,1.0,0.0,0,S/D,S/D,S/D,0
103068,PUERTO PIZARRO,TUMBES,TUMBES,ecmwf,pp,20260908,20261007,"00Z,12Z",D1,6h,0.018,0.044,S/D,6,S/D,1.0,0.0,0,S/D,S/D,S/D,0,S/D,S/D,S/D,0,S/D,S/D,S/D,0
103068,PUERTO PIZARRO,TUMBES,TUMBES,gfs,pp,20260908,20261007,"00Z,12Z",D1,6h,0.0,0.0,S/D,6,S/D,S/D,S/D,0,S/D,S/D,S/D,0,S/D,S/D,S/D,0,S/D,S/D,S/D,0
103068,PUERTO PIZARRO,TUMBES,TUMBES,eta5,pp,20260908,20261007,"00Z,12Z",D1,6h,0.023,0.033,S/D,4,S/D,S/D,S/D,0,S/D,S/D,S/D,0,S/D,S/D,S/D,0,S/D,S/D,S/D,0
103068,PUERTO PIZARRO,TUMBES,TUMBES,wrf5,pp,20260908,20261007,"00Z,12Z",D1,6h,0.002,0.004,S/D,6,S/D,S/D,S/D,0,S/D,S/D,S/D,0,S/D,S/D,S/D,0,S/D,S/D,S/D,0
103068,PUERTO PIZARRO,TUMBES,TUMBES,mpas15,pp,20260908,20261007,00Z,D1,6h,0.0,0.0,S/D,3,S/D,S/D,S/D,0,S/D,S/D,S/D,0,S/D,S/D,S/D,0,S/D,S/D,S/D,0
472F264A,RICA PLAYA,TUMBES,TUMBES,ecmwf,pp,20260908,20261007,"00Z,12Z",D1,6h,0.316,1.81,0.355,232,0.833,0.785,0.206,24,0.667,0.742,0.229,12,0.5,0.5,0.333,6,S/D,S/D,S/D,0
472F264A,RICA PLAYA,TUMBES,TUMBES,gfs,pp,20260908,20261007,"00Z,12Z",D1,6h,-0.088,1.215,0.317,232,0.708,0.75,0.227,24,0.5,0.6,0.286,12,0.167,0.0,0.167,6,S/D,S/D,S/D,0
472F264A,RICA PLAYA,TUMBES,TUMBES,eta5,pp,20260908,20261007,"00Z,12Z",D1,6h,0.919,2.926,0.103,187,0.562,0.89,0.101,16,0.429,0.941,0.055,7,0.5,0.833,0.143,4,S/D,S/D,S/D,0
472F264A,RICA PLAYA,TUMBES,TUMBES,wrf5,pp,20260908,20261007,"00Z,12Z",D1,6h,-0.138,1.361,0.231,228,0.375,0.719,0.191,24,0.333,0.636,0.211,12,0.167,0.5,0.143,6,S/D,S/D,S/D,0
472F264A,RICA PLAYA,TUMBES,TUMBES,mpas15,pp,20260908,20261007,00Z,D1,6h,-0.012,1.636,0.303,116,0.5,0.75,0.2,12,0.333,0.846,0.118,6,0.0,S/D,0.0,3,S/D,S/D,S/D,0
472F353C,MATAPALO,TUMBES,ZARUMILLA,ecmwf,pp,20260908,20261007,"00Z,12Z",D1,6h,0.885,2.892,0.354,234,0.87,0.69,0.296,46,0.667,0.931,0.067,6,0.5,0.833,0.143,4,S/D,S/D,S/D,0
472F353C,MATAPALO,TUMBES,ZARUMILLA,gfs,pp,20260908,20261007,"00Z,12Z",D1,6h,0.258,1.824,0.228,234,0.674,0.758,0.217,46,0.333,0.95,0.045,6,0.5,0.0,0.5,4,S/D,S/D,S/D,0
472F353C,MATAPALO,TUMBES,ZARUMILLA,eta5,pp,20260908,20261007,"00Z,12Z",D1,6h,3.006,5.47,0.121,190,0.933,0.8,0.197,30,0.6,0.971,0.028,5,0.667,0.952,0.047,3,S/D,1.0,0.0,0
472F353C,MATAPALO,TUMBES,ZARUMILLA,wrf5,pp,20260908,20261007,"00Z,12Z",D1,6h,-0.118,2.795,0.228,230,0.283,0.629,0.191,46,0.0,1.0,0.0,6,0.0,1.0,0.0,4,S/D,S/D,S/D,0
472F353C,MATAPALO,TUMBES,ZARUMILLA,mpas15,pp,20260908,20261007,00Z,D1,6h,0.349,2.784,0.114,117,0.478,0.732,0.208,23,0.0,1.0,0.0,3,0.0,1.0,0.0,2,S/D,S/D,S/D,0
47E86310,CALLERIA,UCAYALI,CORONEL PORTILLO,ecmwf,pp,20260908,20261007,"00Z,12Z",D1,6h,S/D,S/D,S/D,0,S/D,S/D,S/D,0,S/D,S/D,S/D,0,S/D,S/D,S/D,0,S/D,S/D,S/D,0
47E86310,CALLERIA,UCAYALI,CORONEL PORTILLO,gfs,pp,20260908,20261007,"00Z,12Z",D1,6h,S/D,S/D,S/D,0,S/D,S/D,S/D,0,S/D,S/D,S/D,0,S/D,S/D,S/D,0,S/D,S/D,S/D,0
47E86310,CALLERIA,UCAYALI,CORONEL PORTILLO,eta5,pp,20260908,20261007,"00Z,12Z",D1,6h,S/D,S/D,S/D,0,S/D,S/D,S/D,0,S/D,S/D,S/D,0,S/D,S/D,S/D,0,S/D,S/D,S/D,0
47E86310,CALLERIA,UCAYALI,CORONEL PORTILLO,wrf5,pp,20260908,20261007,"00Z,12Z",D1,6h,S/D,S/D,S/D,0,S/D,S/D,S/D,0,S/D,S/D,S/D,0,S/D,S/D,S/D,0,S/D,S/D,S/D,0
47E86310,CALLERIA,UCAYALI,CORONEL PORTILLO,mpas15,pp,20260908,20261007,00Z,D1,6h,S/D,S/D,S/D,0,S/D,S/D,S/D,0,S/D,S/D,S/D,0,S/D,S/D,S/D,0,S/D,S/D,S/D,0
47E87066,PUERTO ESPERANZA,UCAYALI,PURUS,ecmwf,pp,20260908,20261007,"00Z,12Z",D1,6h,0.801,2.504,0.253,234,1.0,0.944,0.056,6,1.0,0.952,0.048,2,1.0,0.8,0.2,2,S/D,S/D,S/D,0
47E87066,PUERTO ESPERANZA,UCAYALI,PURUS,gfs,pp,20260908,20261007,"00Z,12Z",D1,6h,0.389,2.13,0.21,234,0.833,0.914,0.085,6,1.0,0.92,0.08,2,0.0,1.0,0.0,2,S/D,S/D,S/D,0
47E87066,PUERTO ESPERANZA,UCAYALI,PURUS,eta5,pp,20260908,20261007,"00Z,12Z",D1,6h,0.748,2.213,0.318,190,1.0,0.891,0.109,6,1.0,0.949,0.051,2,1.0,0.778,0.222,2,S/D,S/D,S/D,0
47E87066,PUERTO ESPERANZA,UCAYALI,PURUS,wrf5,pp,20260908,20261007,"00Z,12Z",D1,6h,0.05,2.045,0.316,231,0.833,0.667,0.312,6,0.5,0.667,0.25,2,0.0,1.0,0.0,2,S/D,1.0,0.0,0
47E87066,PUERTO ESPERANZA,UCAYALI,PURUS,mpas15,pp,20260908,20261007,00Z,D1,6h,1.306,2.808,0.198,117,1.0,0.933,0.067,3,1.0,0.975,0.025,1,1.0,0.875,0.125,1,S/D,S/D,S/D,0
270001,DESAGUADERO,PUNO,CHUCUITO,ecmwf,pp,20260908,20261007,"00Z,12Z",D1,6h,S/D,S/D,S/D,0,S/D,S/D,S/D,0,S/D,S/D,S/D,0,S/D,S/D,S/D,0,S/D,S/D,S/D,0
270001,DESAGUADERO,PUNO,CHUCUITO,gfs,pp,20260908,20261007,"00Z,12Z",D1,6h,S/D,S/D,S/D,0,S/D,S/D,S/D,0,S/D,S/D,S/D,0,S/D,S/D,S/D,0,S/D,S/D,S/D,0
270001,DESAGUADERO,PUNO,CHUCUITO,eta5,pp,20260908,20261007,"00Z,12Z",D1,6h,S/D,S/D,S/D,0,S/D,S/D,S/D,0,S/D,S/D,S/D,0,S/D,S/D,S/D,0,S/D,S/D,S/D,0
270001,DESAGUADERO,PUNO,CHUCUITO,wrf5,pp,20260908,20261007,"00Z,12Z",D1,6h,S/D,S/D,S/D,0,S/D,S/D,S/D,0,S/D,S/D,S/D,0,S/D,S/D,S/D,0,S/D,S/D,S/D,0
270001,DESAGUADERO,PUNO,CHUCUITO,mpas15,pp,20260908,20261007,00Z,D1,6h,S/D,S/D,S/D,0,S/D,S/D,S/D,0,S/D,S/D,S/D,0,S/D,S/D,S/D,0,S/D,S/D,S/D,0
101004,GUEPPI,LORETO,PUTUMAYO,ecmwf,pp,20260908,20261007,"00Z,12Z",D1,6h,2.031,3.885,S/D,236,S/D,1.0,0.0,0,S/D,1.0,0.0,0,S/D,1.0,0.0,0,S/D,S/D,S/D,0
101004,GUEPPI,LORETO,PUTUMAYO,gfs,pp,20260908,20261007,"00Z,12Z",D1,6h,1.264,2.849,S/D,236,S/D,1.0,0.0,0,S/D,1.0,0.0,0,S/D,1.0,0.0,0,S/D,1.0,0.0,0
101004,GUEPPI,LORETO,PUTUMAYO,eta5,pp,20260908,20261007,"00Z,12Z",D1,6h,2.928,5.468,S/D,191,S/D,1.0,0.0,0,S/D,1.0,0.0,0,S/D,1.0,0.0,0,S/D,S/D,S/D,0
101004,GUEPPI,LORETO,PUTUMAYO,wrf5,pp,20260908,20261007,"00Z,12Z",D1,6h,0.567,2.376,S/D,232,S/D,1.0,0.0,0,S/D,1.0,0.0,0,S/D,1.0,0.0,0,S/D,1.0,0.0,0
101004,GUEPPI,LORETO,PUTUMAYO,mpas15,pp,20260908,20261007,00Z,D1,6h,1.945,4.206,S/D,118,S/D,1.0,0.0,0,S/D,1.0,0.0,0,S/D,1.0,0.0,0,S/D,S/D,S/D,0
