codigo,estacion,departamento,provincia,modelo,variable,periodo_inicio,periodo_fin,ciclos,horizonte,resolucion,bias,rmse,spearman,n,pod_0p1,far_0p1,csi_0p1,eventos_0p1,pod_1,far_1,csi_1,eventos_1,pod_5,far_5,csi_5,eventos_5,pod_25,far_25,csi_25,eventos_25
472C57D4,BAGUA,AMAZONAS,UTCUBAMBA,ecmwf,pp,20260907,20261006,"00Z,12Z",D1,6h,0.595,1.343,0.25,236,1.0,0.898,0.102,16,0.714,0.844,0.147,14,0.0,1.0,0.0,4,S/D,S/D,S/D,0
472C57D4,BAGUA,AMAZONAS,UTCUBAMBA,gfs,pp,20260907,20261006,"00Z,12Z",D1,6h,0.24,1.029,0.174,236,0.75,0.925,0.074,16,0.357,0.865,0.109,14,0.0,S/D,0.0,4,S/D,S/D,S/D,0
472C57D4,BAGUA,AMAZONAS,UTCUBAMBA,eta5,pp,20260907,20261006,"00Z,12Z",D1,6h,1.481,2.908,0.038,191,0.75,0.925,0.073,12,0.364,0.947,0.048,11,0.333,0.944,0.05,3,S/D,S/D,S/D,0
472C57D4,BAGUA,AMAZONAS,UTCUBAMBA,wrf5,pp,20260907,20261006,"00Z,12Z",D1,6h,-0.18,0.923,0.179,233,0.312,0.615,0.208,16,0.0,S/D,0.0,14,0.0,S/D,0.0,4,S/D,S/D,S/D,0
472C57D4,BAGUA,AMAZONAS,UTCUBAMBA,mpas15,pp,20260907,20261006,00Z,D1,6h,1.005,1.919,0.304,118,0.875,0.901,0.097,8,0.857,0.889,0.109,7,0.5,0.75,0.2,2,S/D,S/D,S/D,0
472B607A,CORRAL QUEMADO,AMAZONAS,UTCUBAMBA,ecmwf,pp,20260907,20261006,"00Z,12Z",D1,6h,0.332,1.204,0.339,232,0.864,0.81,0.184,22,0.7,0.825,0.163,10,0.5,0.75,0.2,2,S/D,S/D,S/D,0
472B607A,CORRAL QUEMADO,AMAZONAS,UTCUBAMBA,gfs,pp,20260907,20261006,"00Z,12Z",D1,6h,0.239,1.331,0.261,232,0.773,0.832,0.16,22,0.4,0.882,0.1,10,0.0,1.0,0.0,2,S/D,S/D,S/D,0
472B607A,CORRAL QUEMADO,AMAZONAS,UTCUBAMBA,eta5,pp,20260907,20261006,"00Z,12Z",D1,6h,2.21,3.873,0.059,187,0.667,0.908,0.088,18,0.375,0.966,0.032,8,0.0,1.0,0.0,1,S/D,S/D,S/D,0
472B607A,CORRAL QUEMADO,AMAZONAS,UTCUBAMBA,wrf5,pp,20260907,20261006,"00Z,12Z",D1,6h,-0.144,1.122,0.22,228,0.095,0.714,0.077,21,0.0,1.0,0.0,9,0.0,S/D,0.0,2,S/D,S/D,S/D,0
472B607A,CORRAL QUEMADO,AMAZONAS,UTCUBAMBA,mpas15,pp,20260907,20261006,00Z,D1,6h,1.361,2.609,0.269,116,0.909,0.848,0.149,11,1.0,0.909,0.091,5,1.0,0.909,0.091,1,S/D,S/D,S/D,0
472B2370,MAGUNCHAL,AMAZONAS,UTCUBAMBA,ecmwf,pp,20260907,20261006,"00Z,12Z",D1,6h,0.192,2.507,0.386,228,0.967,0.787,0.212,30,0.5,0.848,0.132,14,0.0,1.0,0.0,6,S/D,S/D,S/D,0
472B2370,MAGUNCHAL,AMAZONAS,UTCUBAMBA,gfs,pp,20260907,20261006,"00Z,12Z",D1,6h,0.703,2.649,0.2,228,0.867,0.842,0.154,30,0.571,0.902,0.091,14,0.333,0.857,0.111,6,S/D,S/D,S/D,0
472B2370,MAGUNCHAL,AMAZONAS,UTCUBAMBA,eta5,pp,20260907,20261006,"00Z,12Z",D1,6h,2.302,4.818,0.251,183,0.913,0.842,0.156,23,0.8,0.92,0.078,10,0.25,0.971,0.026,4,S/D,S/D,S/D,0
472B2370,MAGUNCHAL,AMAZONAS,UTCUBAMBA,wrf5,pp,20260907,20261006,"00Z,12Z",D1,6h,-0.314,2.378,0.331,224,0.367,0.607,0.234,30,0.214,0.571,0.167,14,0.0,1.0,0.0,6,S/D,S/D,S/D,0
472B2370,MAGUNCHAL,AMAZONAS,UTCUBAMBA,mpas15,pp,20260907,20261006,00Z,D1,6h,0.97,2.885,0.202,114,0.8,0.786,0.203,15,0.714,0.886,0.109,7,0.333,0.9,0.083,3,S/D,S/D,S/D,0
220907,NARANJITO,AMAZONAS,UTCUBAMBA,ecmwf,pp,20260907,20261006,"00Z,12Z",D1,6h,0.402,1.859,0.092,234,0.727,0.89,0.105,22,0.25,0.912,0.07,12,0.0,1.0,0.0,4,S/D,S/D,S/D,0
220907,NARANJITO,AMAZONAS,UTCUBAMBA,gfs,pp,20260907,20261006,"00Z,12Z",D1,6h,0.586,1.787,0.012,234,0.818,0.889,0.108,22,0.167,0.97,0.026,12,0.0,1.0,0.0,4,S/D,S/D,S/D,0
220907,NARANJITO,AMAZONAS,UTCUBAMBA,eta5,pp,20260907,20261006,"00Z,12Z",D1,6h,3.175,5.706,0.122,189,0.778,0.891,0.105,18,0.7,0.932,0.066,10,0.0,1.0,0.0,3,S/D,S/D,S/D,0
220907,NARANJITO,AMAZONAS,UTCUBAMBA,wrf5,pp,20260907,20261006,"00Z,12Z",D1,6h,-0.114,1.381,0.121,230,0.227,0.737,0.139,22,0.167,0.75,0.111,12,0.0,1.0,0.0,4,S/D,S/D,S/D,0
220907,NARANJITO,AMAZONAS,UTCUBAMBA,mpas15,pp,20260907,20261006,00Z,D1,6h,1.21,2.81,0.065,117,0.727,0.86,0.133,11,0.333,0.956,0.041,6,0.0,1.0,0.0,2,S/D,S/D,S/D,0
109096,BUENA VISTA,ANCASH,CASMA,ecmwf,pp,20260907,20261006,"00Z,12Z",D1,6h,-0.004,0.062,0.021,226,0.0,S/D,0.0,4,S/D,S/D,S/D,0,S/D,S/D,S/D,0,S/D,S/D,S/D,0
109096,BUENA VISTA,ANCASH,CASMA,gfs,pp,20260907,20261006,"00Z,12Z",D1,6h,-0.002,0.066,-0.043,226,0.0,1.0,0.0,4,S/D,S/D,S/D,0,S/D,S/D,S/D,0,S/D,S/D,S/D,0
109096,BUENA VISTA,ANCASH,CASMA,eta5,pp,20260907,20261006,"00Z,12Z",D1,6h,-0.002,0.064,-0.036,181,0.0,1.0,0.0,3,S/D,S/D,S/D,0,S/D,S/D,S/D,0,S/D,S/D,S/D,0
109096,BUENA VISTA,ANCASH,CASMA,wrf5,pp,20260907,20261006,"00Z,12Z",D1,6h,-0.007,0.064,-0.038,222,0.0,1.0,0.0,4,S/D,S/D,S/D,0,S/D,S/D,S/D,0,S/D,S/D,S/D,0
109096,BUENA VISTA,ANCASH,CASMA,mpas15,pp,20260907,20261006,00Z,D1,6h,-0.008,0.063,-0.093,113,0.0,S/D,0.0,2,S/D,S/D,S/D,0,S/D,S/D,S/D,0,S/D,S/D,S/D,0
4725A10C,CHAVIN,ANCASH,HUARI,ecmwf,pp,20260907,20261006,"00Z,12Z",D1,6h,0.455,1.433,0.236,226,0.708,0.857,0.135,24,0.5,0.767,0.189,14,S/D,1.0,0.0,0,S/D,S/D,S/D,0
4725A10C,CHAVIN,ANCASH,HUARI,gfs,pp,20260907,20261006,"00Z,12Z",D1,6h,1.036,2.068,0.011,226,0.667,0.897,0.098,24,0.214,0.962,0.034,14,S/D,1.0,0.0,0,S/D,S/D,S/D,0
4725A10C,CHAVIN,ANCASH,HUARI,eta5,pp,20260907,20261006,"00Z,12Z",D1,6h,0.55,1.35,0.136,184,0.65,0.854,0.135,20,0.364,0.905,0.082,11,S/D,1.0,0.0,0,S/D,S/D,S/D,0
4725A10C,CHAVIN,ANCASH,HUARI,wrf5,pp,20260907,20261006,"00Z,12Z",D1,6h,0.194,1.094,0.045,222,0.375,0.857,0.115,24,0.0,1.0,0.0,14,S/D,1.0,0.0,0,S/D,S/D,S/D,0
4725A10C,CHAVIN,ANCASH,HUARI,mpas15,pp,20260907,20261006,00Z,D1,6h,1.259,2.903,0.207,113,0.667,0.864,0.127,12,0.714,0.875,0.119,7,S/D,1.0,0.0,0,S/D,S/D,S/D,0
109091,SAUCEPAMPA,ANCASH,HUAYLAS,ecmwf,pp,20260907,20261006,"00Z,12Z",D1,6h,0.409,0.927,0.09,230,0.75,0.973,0.027,4,S/D,1.0,0.0,0,S/D,1.0,0.0,0,S/D,S/D,S/D,0
109091,SAUCEPAMPA,ANCASH,HUAYLAS,gfs,pp,20260907,20261006,"00Z,12Z",D1,6h,1.314,2.336,0.105,230,1.0,0.979,0.021,4,S/D,1.0,0.0,0,S/D,1.0,0.0,0,S/D,S/D,S/D,0
109091,SAUCEPAMPA,ANCASH,HUAYLAS,eta5,pp,20260907,20261006,"00Z,12Z",D1,6h,0.759,1.758,0.056,186,0.5,0.985,0.015,2,S/D,1.0,0.0,0,S/D,1.0,0.0,0,S/D,S/D,S/D,0
109091,SAUCEPAMPA,ANCASH,HUAYLAS,wrf5,pp,20260907,20261006,"00Z,12Z",D1,6h,0.153,0.555,0.116,227,0.25,0.974,0.024,4,S/D,1.0,0.0,0,S/D,S/D,S/D,0,S/D,S/D,S/D,0
109091,SAUCEPAMPA,ANCASH,HUAYLAS,mpas15,pp,20260907,20261006,00Z,D1,6h,1.018,2.163,0.019,115,0.5,0.98,0.019,2,S/D,1.0,0.0,0,S/D,1.0,0.0,0,S/D,S/D,S/D,0
472182DA,PUENTE CAHUA,ANCASH,OCROS,ecmwf,pp,20260907,20261006,"00Z,12Z",D1,6h,S/D,S/D,S/D,0,S/D,S/D,S/D,0,S/D,S/D,S/D,0,S/D,S/D,S/D,0,S/D,S/D,S/D,0
472182DA,PUENTE CAHUA,ANCASH,OCROS,gfs,pp,20260907,20261006,"00Z,12Z",D1,6h,S/D,S/D,S/D,0,S/D,S/D,S/D,0,S/D,S/D,S/D,0,S/D,S/D,S/D,0,S/D,S/D,S/D,0
472182DA,PUENTE CAHUA,ANCASH,OCROS,eta5,pp,20260907,20261006,"00Z,12Z",D1,6h,S/D,S/D,S/D,0,S/D,S/D,S/D,0,S/D,S/D,S/D,0,S/D,S/D,S/D,0,S/D,S/D,S/D,0
472182DA,PUENTE CAHUA,ANCASH,OCROS,wrf5,pp,20260907,20261006,"00Z,12Z",D1,6h,S/D,S/D,S/D,0,S/D,S/D,S/D,0,S/D,S/D,S/D,0,S/D,S/D,S/D,0,S/D,S/D,S/D,0
472182DA,PUENTE CAHUA,ANCASH,OCROS,mpas15,pp,20260907,20261006,00Z,D1,6h,S/D,S/D,S/D,0,S/D,S/D,S/D,0,S/D,S/D,S/D,0,S/D,S/D,S/D,0,S/D,S/D,S/D,0
47E89394,PACHACOTO,ANCASH,RECUAY,ecmwf,pp,20260907,20261006,"00Z,12Z",D1,6h,0.178,1.161,0.216,232,0.615,0.828,0.155,26,0.667,0.826,0.16,6,0.0,S/D,0.0,2,S/D,S/D,S/D,0
47E89394,PACHACOTO,ANCASH,RECUAY,gfs,pp,20260907,20261006,"00Z,12Z",D1,6h,0.607,1.612,0.36,232,0.962,0.841,0.158,26,0.833,0.907,0.091,6,0.0,1.0,0.0,2,S/D,S/D,S/D,0
47E89394,PACHACOTO,ANCASH,RECUAY,eta5,pp,20260907,20261006,"00Z,12Z",D1,6h,0.255,1.138,0.34,189,0.714,0.722,0.25,21,0.6,0.857,0.13,5,0.0,1.0,0.0,1,S/D,S/D,S/D,0
47E89394,PACHACOTO,ANCASH,RECUAY,wrf5,pp,20260907,20261006,"00Z,12Z",D1,6h,0.328,1.682,0.337,229,0.538,0.75,0.206,26,0.667,0.857,0.133,6,0.0,1.0,0.0,2,S/D,S/D,S/D,0
47E89394,PACHACOTO,ANCASH,RECUAY,mpas15,pp,20260907,20261006,00Z,D1,6h,0.667,1.994,0.196,116,0.692,0.775,0.205,13,0.667,0.931,0.067,3,0.0,1.0,0.0,1,S/D,S/D,S/D,0
47259496,RECUAY,ANCASH,RECUAY,ecmwf,pp,20260907,20261006,"00Z,12Z",D1,6h,0.24,0.654,0.253,230,0.75,0.842,0.15,20,0.5,0.818,0.154,8,S/D,S/D,S/D,0,S/D,S/D,S/D,0
47259496,RECUAY,ANCASH,RECUAY,gfs,pp,20260907,20261006,"00Z,12Z",D1,6h,0.692,1.46,0.325,230,0.95,0.881,0.118,20,0.75,0.891,0.105,8,S/D,1.0,0.0,0,S/D,S/D,S/D,0
47259496,RECUAY,ANCASH,RECUAY,eta5,pp,20260907,20261006,"00Z,12Z",D1,6h,0.359,1.088,0.299,187,0.667,0.8,0.182,15,0.571,0.846,0.138,7,S/D,S/D,S/D,0,S/D,S/D,S/D,0
47259496,RECUAY,ANCASH,RECUAY,wrf5,pp,20260907,20261006,"00Z,12Z",D1,6h,0.281,1.123,0.374,226,0.7,0.754,0.222,20,0.5,0.846,0.133,8,S/D,1.0,0.0,0,S/D,S/D,S/D,0
47259496,RECUAY,ANCASH,RECUAY,mpas15,pp,20260907,20261006,00Z,D1,6h,0.735,1.894,0.122,115,0.6,0.864,0.125,10,0.75,0.909,0.088,4,S/D,1.0,0.0,0,S/D,S/D,S/D,0
110138,SHAQUEK,ANCASH,RECUAY,ecmwf,pp,20260907,20261006,"00Z,12Z",D1,6h,0.488,1.047,S/D,234,S/D,1.0,0.0,0,S/D,1.0,0.0,0,S/D,1.0,0.0,0,S/D,S/D,S/D,0
110138,SHAQUEK,ANCASH,RECUAY,gfs,pp,20260907,20261006,"00Z,12Z",D1,6h,0.32,0.737,S/D,234,S/D,1.0,0.0,0,S/D,1.0,0.0,0,S/D,1.0,0.0,0,S/D,S/D,S/D,0
110138,SHAQUEK,ANCASH,RECUAY,eta5,pp,20260907,20261006,"00Z,12Z",D1,6h,0.012,0.055,S/D,189,S/D,1.0,0.0,0,S/D,S/D,S/D,0,S/D,S/D,S/D,0,S/D,S/D,S/D,0
110138,SHAQUEK,ANCASH,RECUAY,wrf5,pp,20260907,20261006,"00Z,12Z",D1,6h,0.074,0.358,S/D,231,S/D,1.0,0.0,0,S/D,1.0,0.0,0,S/D,S/D,S/D,0,S/D,S/D,S/D,0
110138,SHAQUEK,ANCASH,RECUAY,mpas15,pp,20260907,20261006,00Z,D1,6h,0.419,1.052,S/D,117,S/D,1.0,0.0,0,S/D,1.0,0.0,0,S/D,1.0,0.0,0,S/D,S/D,S/D,0
211601,SAN JACINTO,ANCASH,SANTA,ecmwf,pp,20260907,20261006,"00Z,12Z",D1,6h,S/D,S/D,S/D,0,S/D,S/D,S/D,0,S/D,S/D,S/D,0,S/D,S/D,S/D,0,S/D,S/D,S/D,0
211601,SAN JACINTO,ANCASH,SANTA,gfs,pp,20260907,20261006,"00Z,12Z",D1,6h,S/D,S/D,S/D,0,S/D,S/D,S/D,0,S/D,S/D,S/D,0,S/D,S/D,S/D,0,S/D,S/D,S/D,0
211601,SAN JACINTO,ANCASH,SANTA,eta5,pp,20260907,20261006,"00Z,12Z",D1,6h,S/D,S/D,S/D,0,S/D,S/D,S/D,0,S/D,S/D,S/D,0,S/D,S/D,S/D,0,S/D,S/D,S/D,0
211601,SAN JACINTO,ANCASH,SANTA,wrf5,pp,20260907,20261006,"00Z,12Z",D1,6h,S/D,S/D,S/D,0,S/D,S/D,S/D,0,S/D,S/D,S/D,0,S/D,S/D,S/D,0,S/D,S/D,S/D,0
211601,SAN JACINTO,ANCASH,SANTA,mpas15,pp,20260907,20261006,00Z,D1,6h,S/D,S/D,S/D,0,S/D,S/D,S/D,0,S/D,S/D,S/D,0,S/D,S/D,S/D,0,S/D,S/D,S/D,0
113253,CURAHUASI,APURIMAC,ABANCAY,ecmwf,pp,20260907,20261006,"00Z,12Z",D1,6h,0.399,0.936,0.463,234,1.0,0.774,0.226,24,0.75,0.846,0.146,8,S/D,1.0,0.0,0,S/D,S/D,S/D,0
113253,CURAHUASI,APURIMAC,ABANCAY,gfs,pp,20260907,20261006,"00Z,12Z",D1,6h,0.848,2.074,0.404,234,1.0,0.832,0.168,24,0.625,0.919,0.077,8,S/D,1.0,0.0,0,S/D,S/D,S/D,0
113253,CURAHUASI,APURIMAC,ABANCAY,eta5,pp,20260907,20261006,"00Z,12Z",D1,6h,0.366,1.094,0.434,191,0.85,0.679,0.304,20,0.571,0.875,0.114,7,S/D,1.0,0.0,0,S/D,S/D,S/D,0
113253,CURAHUASI,APURIMAC,ABANCAY,wrf5,pp,20260907,20261006,"00Z,12Z",D1,6h,0.25,1.519,0.495,230,0.708,0.575,0.362,24,0.375,0.824,0.136,8,S/D,1.0,0.0,0,S/D,S/D,S/D,0
113253,CURAHUASI,APURIMAC,ABANCAY,mpas15,pp,20260907,20261006,00Z,D1,6h,0.431,1.203,0.22,117,0.667,0.771,0.205,12,0.25,0.964,0.032,4,S/D,1.0,0.0,0,S/D,S/D,S/D,0
47263360,GRANJA SAN ANTONIO,APURIMAC,ABANCAY,ecmwf,pp,20260907,20261006,"00Z,12Z",D1,6h,0.094,1.267,0.551,224,0.776,0.545,0.402,58,0.682,0.571,0.357,22,0.0,1.0,0.0,4,S/D,S/D,S/D,0
47263360,GRANJA SAN ANTONIO,APURIMAC,ABANCAY,gfs,pp,20260907,20261006,"00Z,12Z",D1,6h,0.522,2.04,0.479,224,0.879,0.633,0.349,58,0.591,0.768,0.2,22,0.0,1.0,0.0,4,S/D,S/D,S/D,0
47263360,GRANJA SAN ANTONIO,APURIMAC,ABANCAY,eta5,pp,20260907,20261006,"00Z,12Z",D1,6h,-0.285,1.5,0.406,182,0.429,0.382,0.339,49,0.059,0.8,0.048,17,0.0,S/D,0.0,4,S/D,S/D,S/D,0
47263360,GRANJA SAN ANTONIO,APURIMAC,ABANCAY,wrf5,pp,20260907,20261006,"00Z,12Z",D1,6h,0.301,2.555,0.562,220,0.625,0.3,0.493,56,0.409,0.679,0.22,22,0.0,1.0,0.0,4,S/D,S/D,S/D,0
47263360,GRANJA SAN ANTONIO,APURIMAC,ABANCAY,mpas15,pp,20260907,20261006,00Z,D1,6h,0.175,1.607,0.378,112,0.621,0.514,0.375,29,0.636,0.708,0.25,11,0.0,1.0,0.0,2,S/D,S/D,S/D,0
472B16EA,HUACULLO,APURIMAC,ANTABAMBA,ecmwf,pp,20260907,20261006,"00Z,12Z",D1,6h,0.134,0.789,0.447,234,0.846,0.607,0.367,26,0.5,0.714,0.222,12,S/D,S/D,S/D,0,S/D,S/D,S/D,0
472B16EA,HUACULLO,APURIMAC,ANTABAMBA,gfs,pp,20260907,20261006,"00Z,12Z",D1,6h,0.446,1.319,0.436,234,0.923,0.739,0.255,26,0.5,0.864,0.12,12,S/D,1.0,0.0,0,S/D,S/D,S/D,0
472B16EA,HUACULLO,APURIMAC,ANTABAMBA,eta5,pp,20260907,20261006,"00Z,12Z",D1,6h,0.635,1.77,0.519,189,0.92,0.603,0.383,25,0.833,0.737,0.25,12,S/D,1.0,0.0,0,S/D,S/D,S/D,0
472B16EA,HUACULLO,APURIMAC,ANTABAMBA,wrf5,pp,20260907,20261006,"00Z,12Z",D1,6h,0.278,1.511,0.405,230,0.64,0.686,0.267,25,0.273,0.85,0.107,11,S/D,1.0,0.0,0,S/D,S/D,S/D,0
472B16EA,HUACULLO,APURIMAC,ANTABAMBA,mpas15,pp,20260907,20261006,00Z,D1,6h,0.223,0.885,0.383,117,0.769,0.6,0.357,13,0.667,0.8,0.182,6,S/D,1.0,0.0,0,S/D,S/D,S/D,0
113246,TANCAYLLO,APURIMAC,CHINCHEROS,ecmwf,pp,20260907,20261006,"00Z,12Z",D1,6h,0.524,1.56,0.517,230,0.974,0.611,0.385,38,0.6,0.812,0.167,10,1.0,0.846,0.154,2,S/D,S/D,S/D,0
113246,TANCAYLLO,APURIMAC,CHINCHEROS,gfs,pp,20260907,20261006,"00Z,12Z",D1,6h,0.616,1.908,0.425,230,0.921,0.72,0.273,38,0.8,0.826,0.167,10,1.0,0.818,0.182,2,S/D,S/D,S/D,0
113246,TANCAYLLO,APURIMAC,CHINCHEROS,eta5,pp,20260907,20261006,"00Z,12Z",D1,6h,0.03,1.18,0.504,189,0.556,0.556,0.328,36,0.3,0.833,0.12,10,0.0,1.0,0.0,2,S/D,S/D,S/D,0
113246,TANCAYLLO,APURIMAC,CHINCHEROS,wrf5,pp,20260907,20261006,"00Z,12Z",D1,6h,0.385,1.639,0.459,227,0.595,0.56,0.338,37,0.778,0.774,0.212,9,1.0,0.75,0.25,2,S/D,S/D,S/D,0
113246,TANCAYLLO,APURIMAC,CHINCHEROS,mpas15,pp,20260907,20261006,00Z,D1,6h,0.6,1.49,0.434,115,0.842,0.644,0.333,19,0.6,0.889,0.103,5,1.0,0.8,0.2,1,S/D,S/D,S/D,0
472A1410,CASACCANCHA,APURIMAC,COTABAMBAS,ecmwf,pp,20260907,20261006,"00Z,12Z",D1,6h,0.408,1.016,0.512,232,1.0,0.656,0.344,32,0.833,0.75,0.238,12,S/D,1.0,0.0,0,S/D,S/D,S/D,0
472A1410,CASACCANCHA,APURIMAC,COTABAMBAS,gfs,pp,20260907,20261006,"00Z,12Z",D1,6h,0.262,0.8,0.43,232,0.969,0.708,0.29,32,0.167,0.923,0.056,12,S/D,1.0,0.0,0,S/D,S/D,S/D,0
472A1410,CASACCANCHA,APURIMAC,COTABAMBAS,eta5,pp,20260907,20261006,"00Z,12Z",D1,6h,0.082,0.608,0.403,188,0.621,0.6,0.321,29,0.5,0.667,0.25,12,S/D,S/D,S/D,0,S/D,S/D,S/D,0
472A1410,CASACCANCHA,APURIMAC,COTABAMBAS,wrf5,pp,20260907,20261006,"00Z,12Z",D1,6h,0.187,0.926,0.476,229,0.71,0.621,0.328,31,0.333,0.8,0.143,12,S/D,1.0,0.0,0,S/D,S/D,S/D,0
472A1410,CASACCANCHA,APURIMAC,COTABAMBAS,mpas15,pp,20260907,20261006,00Z,D1,6h,0.299,0.88,0.353,116,0.75,0.613,0.343,16,0.5,0.857,0.125,6,S/D,S/D,S/D,0,S/D,S/D,S/D,0
116085,AREQUIPA UV,AREQUIPA,AREQUIPA,ecmwf,pp,20260907,20261006,"00Z,12Z",D1,6h,0.0,0.0,S/D,4,S/D,S/D,S/D,0,S/D,S/D,S/D,0,S/D,S/D,S/D,0,S/D,S/D,S/D,0
116085,AREQUIPA UV,AREQUIPA,AREQUIPA,gfs,pp,20260907,20261006,"00Z,12Z",D1,6h,0.0,0.0,S/D,4,S/D,S/D,S/D,0,S/D,S/D,S/D,0,S/D,S/D,S/D,0,S/D,S/D,S/D,0
116085,AREQUIPA UV,AREQUIPA,AREQUIPA,eta5,pp,20260907,20261006,"00Z,12Z",D1,6h,0.0,0.0,S/D,3,S/D,S/D,S/D,0,S/D,S/D,S/D,0,S/D,S/D,S/D,0,S/D,S/D,S/D,0
116085,AREQUIPA UV,AREQUIPA,AREQUIPA,wrf5,pp,20260907,20261006,"00Z,12Z",D1,6h,0.0,0.0,S/D,4,S/D,S/D,S/D,0,S/D,S/D,S/D,0,S/D,S/D,S/D,0,S/D,S/D,S/D,0
116085,AREQUIPA UV,AREQUIPA,AREQUIPA,mpas15,pp,20260907,20261006,00Z,D1,6h,0.0,0.0,S/D,2,S/D,S/D,S/D,0,S/D,S/D,S/D,0,S/D,S/D,S/D,0,S/D,S/D,S/D,0
47E26242,BOYADERO,AREQUIPA,AREQUIPA,ecmwf,pp,20260907,20261006,"00Z,12Z",D1,6h,0.004,0.031,S/D,236,S/D,1.0,0.0,0,S/D,S/D,S/D,0,S/D,S/D,S/D,0,S/D,S/D,S/D,0
47E26242,BOYADERO,AREQUIPA,AREQUIPA,gfs,pp,20260907,20261006,"00Z,12Z",D1,6h,0.0,0.0,S/D,236,S/D,S/D,S/D,0,S/D,S/D,S/D,0,S/D,S/D,S/D,0,S/D,S/D,S/D,0
47E26242,BOYADERO,AREQUIPA,AREQUIPA,eta5,pp,20260907,20261006,"00Z,12Z",D1,6h,0.0,0.0,S/D,191,S/D,S/D,S/D,0,S/D,S/D,S/D,0,S/D,S/D,S/D,0,S/D,S/D,S/D,0
47E26242,BOYADERO,AREQUIPA,AREQUIPA,wrf5,pp,20260907,20261006,"00Z,12Z",D1,6h,0.0,0.001,S/D,232,S/D,S/D,S/D,0,S/D,S/D,S/D,0,S/D,S/D,S/D,0,S/D,S/D,S/D,0
47E26242,BOYADERO,AREQUIPA,AREQUIPA,mpas15,pp,20260907,20261006,00Z,D1,6h,0.0,0.0,S/D,118,S/D,S/D,S/D,0,S/D,S/D,S/D,0,S/D,S/D,S/D,0,S/D,S/D,S/D,0
116083,CAYMA,AREQUIPA,AREQUIPA,ecmwf,pp,20260907,20261006,"00Z,12Z",D1,6h,-0.132,2.034,-0.032,236,0.0,1.0,0.0,2,0.0,1.0,0.0,2,0.0,S/D,0.0,2,S/D,S/D,S/D,0
116083,CAYMA,AREQUIPA,AREQUIPA,gfs,pp,20260907,20261006,"00Z,12Z",D1,6h,-0.161,2.019,-0.024,236,0.0,1.0,0.0,2,0.0,1.0,0.0,2,0.0,S/D,0.0,2,S/D,S/D,S/D,0
116083,CAYMA,AREQUIPA,AREQUIPA,eta5,pp,20260907,20261006,"00Z,12Z",D1,6h,-0.229,2.241,-0.013,191,0.0,S/D,0.0,2,0.0,S/D,0.0,2,0.0,S/D,0.0,2,S/D,S/D,S/D,0
116083,CAYMA,AREQUIPA,AREQUIPA,wrf5,pp,20260907,20261006,"00Z,12Z",D1,6h,-0.09,1.435,-0.009,233,0.0,1.0,0.0,1,0.0,S/D,0.0,1,0.0,S/D,0.0,1,S/D,S/D,S/D,0
116083,CAYMA,AREQUIPA,AREQUIPA,mpas15,pp,20260907,20261006,00Z,D1,6h,-0.177,2.018,-0.067,118,0.0,1.0,0.0,1,0.0,S/D,0.0,1,0.0,S/D,0.0,1,S/D,S/D,S/D,0
472147C4,CHARCANI,AREQUIPA,AREQUIPA,ecmwf,pp,20260907,20261006,"00Z,12Z",D1,6h,0.028,0.381,0.072,234,0.5,0.875,0.111,4,0.0,1.0,0.0,2,S/D,S/D,S/D,0,S/D,S/D,S/D,0
472147C4,CHARCANI,AREQUIPA,AREQUIPA,gfs,pp,20260907,20261006,"00Z,12Z",D1,6h,-0.002,0.299,0.238,234,0.5,0.846,0.133,4,0.0,1.0,0.0,2,S/D,S/D,S/D,0,S/D,S/D,S/D,0
472147C4,CHARCANI,AREQUIPA,AREQUIPA,eta5,pp,20260907,20261006,"00Z,12Z",D1,6h,-0.027,0.311,0.156,189,0.25,0.667,0.167,4,0.0,S/D,0.0,2,S/D,S/D,S/D,0,S/D,S/D,S/D,0
472147C4,CHARCANI,AREQUIPA,AREQUIPA,wrf5,pp,20260907,20261006,"00Z,12Z",D1,6h,-0.009,0.201,0.468,231,0.667,0.333,0.5,3,0.0,S/D,0.0,1,S/D,S/D,S/D,0,S/D,S/D,S/D,0
472147C4,CHARCANI,AREQUIPA,AREQUIPA,mpas15,pp,20260907,20261006,00Z,D1,6h,-0.001,0.318,0.196,117,0.5,0.667,0.25,2,0.0,1.0,0.0,1,S/D,S/D,S/D,0,S/D,S/D,S/D,0
116077,CHIGUATA,AREQUIPA,AREQUIPA,ecmwf,pp,20260907,20261006,"00Z,12Z",D1,6h,0.002,0.013,S/D,236,S/D,1.0,0.0,0,S/D,S/D,S/D,0,S/D,S/D,S/D,0,S/D,S/D,S/D,0
116077,CHIGUATA,AREQUIPA,AREQUIPA,gfs,pp,20260907,20261006,"00Z,12Z",D1,6h,0.009,0.051,S/D,236,S/D,1.0,0.0,0,S/D,S/D,S/D,0,S/D,S/D,S/D,0,S/D,S/D,S/D,0
116077,CHIGUATA,AREQUIPA,AREQUIPA,eta5,pp,20260907,20261006,"00Z,12Z",D1,6h,0.008,0.066,S/D,192,S/D,1.0,0.0,0,S/D,S/D,S/D,0,S/D,S/D,S/D,0,S/D,S/D,S/D,0
116077,CHIGUATA,AREQUIPA,AREQUIPA,wrf5,pp,20260907,20261006,"00Z,12Z",D1,6h,0.007,0.073,S/D,232,S/D,1.0,0.0,0,S/D,S/D,S/D,0,S/D,S/D,S/D,0,S/D,S/D,S/D,0
116077,CHIGUATA,AREQUIPA,AREQUIPA,mpas15,pp,20260907,20261006,00Z,D1,6h,0.076,0.332,S/D,118,S/D,1.0,0.0,0,S/D,1.0,0.0,0,S/D,S/D,S/D,0,S/D,S/D,S/D,0
116065,LA PAMPILLA,AREQUIPA,AREQUIPA,ecmwf,pp,20260907,20261006,"00Z,12Z",D1,6h,0.002,0.014,S/D,222,S/D,1.0,0.0,0,S/D,S/D,S/D,0,S/D,S/D,S/D,0,S/D,S/D,S/D,0
116065,LA PAMPILLA,AREQUIPA,AREQUIPA,gfs,pp,20260907,20261006,"00Z,12Z",D1,6h,0.009,0.052,S/D,222,S/D,1.0,0.0,0,S/D,S/D,S/D,0,S/D,S/D,S/D,0,S/D,S/D,S/D,0
116065,LA PAMPILLA,AREQUIPA,AREQUIPA,eta5,pp,20260907,20261006,"00Z,12Z",D1,6h,0.0,0.0,S/D,179,S/D,S/D,S/D,0,S/D,S/D,S/D,0,S/D,S/D,S/D,0,S/D,S/D,S/D,0
116065,LA PAMPILLA,AREQUIPA,AREQUIPA,wrf5,pp,20260907,20261006,"00Z,12Z",D1,6h,0.002,0.02,S/D,218,S/D,1.0,0.0,0,S/D,S/D,S/D,0,S/D,S/D,S/D,0,S/D,S/D,S/D,0
116065,LA PAMPILLA,AREQUIPA,AREQUIPA,mpas15,pp,20260907,20261006,00Z,D1,6h,0.027,0.164,S/D,111,S/D,1.0,0.0,0,S/D,1.0,0.0,0,S/D,S/D,S/D,0,S/D,S/D,S/D,0
47E360B8,PATAHUASI,AREQUIPA,AREQUIPA,ecmwf,pp,20260907,20261006,"00Z,12Z",D1,6h,0.068,0.356,0.171,236,0.0,1.0,0.0,2,S/D,1.0,0.0,0,S/D,S/D,S/D,0,S/D,S/D,S/D,0
47E360B8,PATAHUASI,AREQUIPA,AREQUIPA,gfs,pp,20260907,20261006,"00Z,12Z",D1,6h,0.076,0.3,0.088,236,0.5,0.958,0.04,2,S/D,1.0,0.0,0,S/D,S/D,S/D,0,S/D,S/D,S/D,0
47E360B8,PATAHUASI,AREQUIPA,AREQUIPA,eta5,pp,20260907,20261006,"00Z,12Z",D1,6h,0.063,0.367,-0.023,192,0.0,1.0,0.0,1,S/D,1.0,0.0,0,S/D,S/D,S/D,0,S/D,S/D,S/D,0
47E360B8,PATAHUASI,AREQUIPA,AREQUIPA,wrf5,pp,20260907,20261006,"00Z,12Z",D1,6h,0.054,0.457,-0.028,232,0.0,1.0,0.0,2,S/D,1.0,0.0,0,S/D,1.0,0.0,0,S/D,S/D,S/D,0
47E360B8,PATAHUASI,AREQUIPA,AREQUIPA,mpas15,pp,20260907,20261006,00Z,D1,6h,0.171,0.498,0.157,118,1.0,0.941,0.059,1,S/D,1.0,0.0,0,S/D,S/D,S/D,0,S/D,S/D,S/D,0
4722E032,PUENTE DEL DIABLO,AREQUIPA,AREQUIPA,ecmwf,pp,20260907,20261006,"00Z,12Z",D1,6h,-0.005,0.058,0.398,218,0.0,1.0,0.0,2,S/D,S/D,S/D,0,S/D,S/D,S/D,0,S/D,S/D,S/D,0
4722E032,PUENTE DEL DIABLO,AREQUIPA,AREQUIPA,gfs,pp,20260907,20261006,"00Z,12Z",D1,6h,-0.005,0.058,-0.007,218,0.0,S/D,0.0,2,S/D,S/D,S/D,0,S/D,S/D,S/D,0,S/D,S/D,S/D,0
4722E032,PUENTE DEL DIABLO,AREQUIPA,AREQUIPA,eta5,pp,20260907,20261006,"00Z,12Z",D1,6h,-0.007,0.064,S/D,174,0.0,S/D,0.0,2,S/D,S/D,S/D,0,S/D,S/D,S/D,0,S/D,S/D,S/D,0
4722E032,PUENTE DEL DIABLO,AREQUIPA,AREQUIPA,wrf5,pp,20260907,20261006,"00Z,12Z",D1,6h,-0.005,0.058,-0.009,214,0.0,S/D,0.0,2,S/D,S/D,S/D,0,S/D,S/D,S/D,0,S/D,S/D,S/D,0
4722E032,PUENTE DEL DIABLO,AREQUIPA,AREQUIPA,mpas15,pp,20260907,20261006,00Z,D1,6h,-0.005,0.057,-0.068,109,0.0,S/D,0.0,1,S/D,S/D,S/D,0,S/D,S/D,S/D,0,S/D,S/D,S/D,0
116082,SAN FRANCISCO,AREQUIPA,AREQUIPA,ecmwf,pp,20260907,20261006,"00Z,12Z",D1,6h,0.002,0.012,S/D,236,S/D,1.0,0.0,0,S/D,S/D,S/D,0,S/D,S/D,S/D,0,S/D,S/D,S/D,0
116082,SAN FRANCISCO,AREQUIPA,AREQUIPA,gfs,pp,20260907,20261006,"00Z,12Z",D1,6h,0.008,0.05,S/D,236,S/D,1.0,0.0,0,S/D,S/D,S/D,0,S/D,S/D,S/D,0,S/D,S/D,S/D,0
116082,SAN FRANCISCO,AREQUIPA,AREQUIPA,eta5,pp,20260907,20261006,"00Z,12Z",D1,6h,0.0,0.0,S/D,191,S/D,S/D,S/D,0,S/D,S/D,S/D,0,S/D,S/D,S/D,0,S/D,S/D,S/D,0
116082,SAN FRANCISCO,AREQUIPA,AREQUIPA,wrf5,pp,20260907,20261006,"00Z,12Z",D1,6h,0.003,0.027,S/D,232,S/D,1.0,0.0,0,S/D,S/D,S/D,0,S/D,S/D,S/D,0,S/D,S/D,S/D,0
116082,SAN FRANCISCO,AREQUIPA,AREQUIPA,mpas15,pp,20260907,20261006,00Z,D1,6h,0.017,0.13,S/D,118,S/D,1.0,0.0,0,S/D,1.0,0.0,0,S/D,S/D,S/D,0,S/D,S/D,S/D,0
47E3B6D0,SAN JOSE DE UZUNA,AREQUIPA,AREQUIPA,ecmwf,pp,20260907,20261006,"00Z,12Z",D1,6h,0.045,0.402,-0.06,238,0.0,1.0,0.0,4,0.0,1.0,0.0,2,S/D,S/D,S/D,0,S/D,S/D,S/D,0
47E3B6D0,SAN JOSE DE UZUNA,AREQUIPA,AREQUIPA,gfs,pp,20260907,20261006,"00Z,12Z",D1,6h,0.033,0.27,0.175,238,0.5,0.895,0.095,4,0.0,1.0,0.0,2,S/D,S/D,S/D,0,S/D,S/D,S/D,0
47E3B6D0,SAN JOSE DE UZUNA,AREQUIPA,AREQUIPA,eta5,pp,20260907,20261006,"00Z,12Z",D1,6h,-0.019,0.185,0.361,193,0.0,1.0,0.0,4,0.0,S/D,0.0,2,S/D,S/D,S/D,0,S/D,S/D,S/D,0
47E3B6D0,SAN JOSE DE UZUNA,AREQUIPA,AREQUIPA,wrf5,pp,20260907,20261006,"00Z,12Z",D1,6h,-0.003,0.241,0.128,234,0.0,1.0,0.0,4,0.0,1.0,0.0,2,S/D,S/D,S/D,0,S/D,S/D,S/D,0
47E3B6D0,SAN JOSE DE UZUNA,AREQUIPA,AREQUIPA,mpas15,pp,20260907,20261006,00Z,D1,6h,-0.011,0.189,0.04,119,0.0,1.0,0.0,2,0.0,1.0,0.0,1,S/D,S/D,S/D,0,S/D,S/D,S/D,0
47E27134,SOCOSANI,AREQUIPA,AREQUIPA,ecmwf,pp,20260907,20261006,"00Z,12Z",D1,6h,0.009,0.055,S/D,204,S/D,1.0,0.0,0,S/D,S/D,S/D,0,S/D,S/D,S/D,0,S/D,S/D,S/D,0
47E27134,SOCOSANI,AREQUIPA,AREQUIPA,gfs,pp,20260907,20261006,"00Z,12Z",D1,6h,0.005,0.027,S/D,204,S/D,1.0,0.0,0,S/D,S/D,S/D,0,S/D,S/D,S/D,0,S/D,S/D,S/D,0
47E27134,SOCOSANI,AREQUIPA,AREQUIPA,eta5,pp,20260907,20261006,"00Z,12Z",D1,6h,0.0,0.0,S/D,163,S/D,S/D,S/D,0,S/D,S/D,S/D,0,S/D,S/D,S/D,0,S/D,S/D,S/D,0
47E27134,SOCOSANI,AREQUIPA,AREQUIPA,wrf5,pp,20260907,20261006,"00Z,12Z",D1,6h,0.001,0.012,S/D,200,S/D,1.0,0.0,0,S/D,S/D,S/D,0,S/D,S/D,S/D,0,S/D,S/D,S/D,0
47E27134,SOCOSANI,AREQUIPA,AREQUIPA,mpas15,pp,20260907,20261006,00Z,D1,6h,0.0,0.0,S/D,102,S/D,S/D,S/D,0,S/D,S/D,S/D,0,S/D,S/D,S/D,0,S/D,S/D,S/D,0
472EE1AE,TINGO GRANDE,AREQUIPA,AREQUIPA,ecmwf,pp,20260907,20261006,"00Z,12Z",D1,6h,-0.001,0.002,S/D,6,S/D,S/D,S/D,0,S/D,S/D,S/D,0,S/D,S/D,S/D,0,S/D,S/D,S/D,0
472EE1AE,TINGO GRANDE,AREQUIPA,AREQUIPA,gfs,pp,20260907,20261006,"00Z,12Z",D1,6h,0.0,0.0,S/D,6,S/D,S/D,S/D,0,S/D,S/D,S/D,0,S/D,S/D,S/D,0,S/D,S/D,S/D,0
472EE1AE,TINGO GRANDE,AREQUIPA,AREQUIPA,eta5,pp,20260907,20261006,"00Z,12Z",D1,6h,0.0,0.0,S/D,5,S/D,S/D,S/D,0,S/D,S/D,S/D,0,S/D,S/D,S/D,0,S/D,S/D,S/D,0
472EE1AE,TINGO GRANDE,AREQUIPA,AREQUIPA,wrf5,pp,20260907,20261006,"00Z,12Z",D1,6h,0.0,0.0,S/D,6,S/D,S/D,S/D,0,S/D,S/D,S/D,0,S/D,S/D,S/D,0,S/D,S/D,S/D,0
472EE1AE,TINGO GRANDE,AREQUIPA,AREQUIPA,mpas15,pp,20260907,20261006,00Z,D1,6h,0.0,0.0,S/D,3,S/D,S/D,S/D,0,S/D,S/D,S/D,0,S/D,S/D,S/D,0,S/D,S/D,S/D,0
116078,TUCTUMPAYA,AREQUIPA,AREQUIPA,ecmwf,pp,20260907,20261006,"00Z,12Z",D1,6h,0.064,0.368,S/D,236,S/D,1.0,0.0,0,S/D,1.0,0.0,0,S/D,S/D,S/D,0,S/D,S/D,S/D,0
116078,TUCTUMPAYA,AREQUIPA,AREQUIPA,gfs,pp,20260907,20261006,"00Z,12Z",D1,6h,0.053,0.237,S/D,236,S/D,1.0,0.0,0,S/D,1.0,0.0,0,S/D,S/D,S/D,0,S/D,S/D,S/D,0
116078,TUCTUMPAYA,AREQUIPA,AREQUIPA,eta5,pp,20260907,20261006,"00Z,12Z",D1,6h,0.014,0.108,S/D,191,S/D,1.0,0.0,0,S/D,1.0,0.0,0,S/D,S/D,S/D,0,S/D,S/D,S/D,0
116078,TUCTUMPAYA,AREQUIPA,AREQUIPA,wrf5,pp,20260907,20261006,"00Z,12Z",D1,6h,0.022,0.219,S/D,233,S/D,1.0,0.0,0,S/D,1.0,0.0,0,S/D,S/D,S/D,0,S/D,S/D,S/D,0
116078,TUCTUMPAYA,AREQUIPA,AREQUIPA,mpas15,pp,20260907,20261006,00Z,D1,6h,0.025,0.159,S/D,118,S/D,1.0,0.0,0,S/D,1.0,0.0,0,S/D,S/D,S/D,0,S/D,S/D,S/D,0
116081,YURA,AREQUIPA,AREQUIPA,ecmwf,pp,20260907,20261006,"00Z,12Z",D1,6h,-0.29,2.318,-0.197,118,0.0,1.0,0.0,2,0.0,S/D,0.0,2,0.0,S/D,0.0,2,S/D,S/D,S/D,0
116081,YURA,AREQUIPA,AREQUIPA,gfs,pp,20260907,20261006,"00Z,12Z",D1,6h,-0.292,2.319,-0.017,118,0.0,1.0,0.0,2,0.0,S/D,0.0,2,0.0,S/D,0.0,2,S/D,S/D,S/D,0
116081,YURA,AREQUIPA,AREQUIPA,eta5,pp,20260907,20261006,"00Z,12Z",D1,6h,-0.339,2.457,-0.014,105,0.0,S/D,0.0,2,0.0,S/D,0.0,2,0.0,S/D,0.0,2,S/D,S/D,S/D,0
116081,YURA,AREQUIPA,AREQUIPA,wrf5,pp,20260907,20261006,"00Z,12Z",D1,6h,-0.153,1.66,-0.012,115,0.0,1.0,0.0,1,0.0,S/D,0.0,1,0.0,S/D,0.0,1,S/D,S/D,S/D,0
116081,YURA,AREQUIPA,AREQUIPA,mpas15,pp,20260907,20261006,00Z,D1,6h,-0.302,2.317,0.155,59,0.0,S/D,0.0,1,0.0,S/D,0.0,1,0.0,S/D,0.0,1,S/D,S/D,S/D,0
116084,CAMANA,AREQUIPA,CAMANA,ecmwf,pp,20260907,20261006,"00Z,12Z",D1,6h,0.031,0.034,S/D,2,S/D,S/D,S/D,0,S/D,S/D,S/D,0,S/D,S/D,S/D,0,S/D,S/D,S/D,0
116084,CAMANA,AREQUIPA,CAMANA,gfs,pp,20260907,20261006,"00Z,12Z",D1,6h,0.0,0.0,S/D,2,S/D,S/D,S/D,0,S/D,S/D,S/D,0,S/D,S/D,S/D,0,S/D,S/D,S/D,0
116084,CAMANA,AREQUIPA,CAMANA,eta5,pp,20260907,20261006,"00Z,12Z",D1,6h,0.005,0.005,S/D,1,S/D,S/D,S/D,0,S/D,S/D,S/D,0,S/D,S/D,S/D,0,S/D,S/D,S/D,0
116084,CAMANA,AREQUIPA,CAMANA,wrf5,pp,20260907,20261006,"00Z,12Z",D1,6h,0.0,0.0,S/D,2,S/D,S/D,S/D,0,S/D,S/D,S/D,0,S/D,S/D,S/D,0,S/D,S/D,S/D,0
116084,CAMANA,AREQUIPA,CAMANA,mpas15,pp,20260907,20261006,00Z,D1,6h,0.0,0.0,S/D,1,S/D,S/D,S/D,0,S/D,S/D,S/D,0,S/D,S/D,S/D,0,S/D,S/D,S/D,0
472D23BE,OCOÑA,AREQUIPA,CAMANA,ecmwf,pp,20260907,20261006,"00Z,12Z",D1,6h,0.376,0.798,0.395,234,0.875,0.765,0.228,32,0.5,0.947,0.05,4,S/D,S/D,S/D,0,S/D,S/D,S/D,0
472D23BE,OCOÑA,AREQUIPA,CAMANA,gfs,pp,20260907,20261006,"00Z,12Z",D1,6h,-0.058,0.244,0.349,234,0.375,0.455,0.286,32,0.0,S/D,0.0,4,S/D,S/D,S/D,0,S/D,S/D,S/D,0
472D23BE,OCOÑA,AREQUIPA,CAMANA,eta5,pp,20260907,20261006,"00Z,12Z",D1,6h,-0.016,0.277,0.311,190,0.519,0.611,0.286,27,0.0,S/D,0.0,4,S/D,S/D,S/D,0,S/D,S/D,S/D,0
472D23BE,OCOÑA,AREQUIPA,CAMANA,wrf5,pp,20260907,20261006,"00Z,12Z",D1,6h,-0.083,0.265,0.195,231,0.0,S/D,0.0,32,0.0,S/D,0.0,4,S/D,S/D,S/D,0,S/D,S/D,S/D,0
472D23BE,OCOÑA,AREQUIPA,CAMANA,mpas15,pp,20260907,20261006,00Z,D1,6h,-0.003,0.365,0.192,117,0.25,0.636,0.174,16,0.0,1.0,0.0,2,S/D,S/D,S/D,0,S/D,S/D,S/D,0
214400,HUATIAPA,AREQUIPA,CASTILLA,ecmwf,pp,20260907,20261006,"00Z,12Z",D1,6h,S/D,S/D,S/D,0,S/D,S/D,S/D,0,S/D,S/D,S/D,0,S/D,S/D,S/D,0,S/D,S/D,S/D,0
214400,HUATIAPA,AREQUIPA,CASTILLA,gfs,pp,20260907,20261006,"00Z,12Z",D1,6h,S/D,S/D,S/D,0,S/D,S/D,S/D,0,S/D,S/D,S/D,0,S/D,S/D,S/D,0,S/D,S/D,S/D,0
214400,HUATIAPA,AREQUIPA,CASTILLA,eta5,pp,20260907,20261006,"00Z,12Z",D1,6h,S/D,S/D,S/D,0,S/D,S/D,S/D,0,S/D,S/D,S/D,0,S/D,S/D,S/D,0,S/D,S/D,S/D,0
214400,HUATIAPA,AREQUIPA,CASTILLA,wrf5,pp,20260907,20261006,"00Z,12Z",D1,6h,S/D,S/D,S/D,0,S/D,S/D,S/D,0,S/D,S/D,S/D,0,S/D,S/D,S/D,0,S/D,S/D,S/D,0
214400,HUATIAPA,AREQUIPA,CASTILLA,mpas15,pp,20260907,20261006,00Z,D1,6h,S/D,S/D,S/D,0,S/D,S/D,S/D,0,S/D,S/D,S/D,0,S/D,S/D,S/D,0,S/D,S/D,S/D,0
4723D752,CHIVAY,AREQUIPA,CAYLLOMA,ecmwf,pp,20260907,20261006,"00Z,12Z",D1,6h,0.158,0.546,0.395,236,0.929,0.711,0.283,14,S/D,1.0,0.0,0,S/D,S/D,S/D,0,S/D,S/D,S/D,0
4723D752,CHIVAY,AREQUIPA,CAYLLOMA,gfs,pp,20260907,20261006,"00Z,12Z",D1,6h,0.245,0.788,0.405,236,0.857,0.76,0.231,14,S/D,1.0,0.0,0,S/D,1.0,0.0,0,S/D,S/D,S/D,0
4723D752,CHIVAY,AREQUIPA,CAYLLOMA,eta5,pp,20260907,20261006,"00Z,12Z",D1,6h,0.24,0.836,0.358,191,0.75,0.735,0.243,12,S/D,1.0,0.0,0,S/D,1.0,0.0,0,S/D,S/D,S/D,0
4723D752,CHIVAY,AREQUIPA,CAYLLOMA,wrf5,pp,20260907,20261006,"00Z,12Z",D1,6h,0.162,0.741,0.336,233,0.5,0.759,0.194,14,S/D,1.0,0.0,0,S/D,1.0,0.0,0,S/D,S/D,S/D,0
4723D752,CHIVAY,AREQUIPA,CAYLLOMA,mpas15,pp,20260907,20261006,00Z,D1,6h,0.346,0.9,0.189,118,0.571,0.826,0.154,7,S/D,1.0,0.0,0,S/D,S/D,S/D,0,S/D,S/D,S/D,0
47E8A60E,COTACOTA,AREQUIPA,CAYLLOMA,ecmwf,pp,20260907,20261006,"00Z,12Z",D1,6h,0.089,0.818,0.482,224,0.75,0.667,0.3,24,0.357,0.643,0.217,14,S/D,1.0,0.0,0,S/D,S/D,S/D,0
47E8A60E,COTACOTA,AREQUIPA,CAYLLOMA,gfs,pp,20260907,20261006,"00Z,12Z",D1,6h,0.457,1.403,0.443,224,0.875,0.72,0.269,24,0.714,0.762,0.217,14,S/D,1.0,0.0,0,S/D,S/D,S/D,0
47E8A60E,COTACOTA,AREQUIPA,CAYLLOMA,eta5,pp,20260907,20261006,"00Z,12Z",D1,6h,0.442,1.427,0.515,181,0.87,0.608,0.37,23,0.714,0.697,0.27,14,S/D,1.0,0.0,0,S/D,S/D,S/D,0
47E8A60E,COTACOTA,AREQUIPA,CAYLLOMA,wrf5,pp,20260907,20261006,"00Z,12Z",D1,6h,0.403,1.651,0.413,221,0.667,0.702,0.259,21,0.417,0.821,0.143,12,S/D,1.0,0.0,0,S/D,S/D,S/D,0
47E8A60E,COTACOTA,AREQUIPA,CAYLLOMA,mpas15,pp,20260907,20261006,00Z,D1,6h,0.218,1.085,0.509,112,0.917,0.542,0.44,12,0.714,0.667,0.294,7,S/D,1.0,0.0,0,S/D,S/D,S/D,0
47E3A5A6,HUANCA,AREQUIPA,CAYLLOMA,ecmwf,pp,20260907,20261006,"00Z,12Z",D1,6h,0.039,0.222,S/D,236,S/D,1.0,0.0,0,S/D,1.0,0.0,0,S/D,S/D,S/D,0,S/D,S/D,S/D,0
47E3A5A6,HUANCA,AREQUIPA,CAYLLOMA,gfs,pp,20260907,20261006,"00Z,12Z",D1,6h,0.02,0.11,S/D,236,S/D,1.0,0.0,0,S/D,1.0,0.0,0,S/D,S/D,S/D,0,S/D,S/D,S/D,0
47E3A5A6,HUANCA,AREQUIPA,CAYLLOMA,eta5,pp,20260907,20261006,"00Z,12Z",D1,6h,0.004,0.041,S/D,192,S/D,1.0,0.0,0,S/D,S/D,S/D,0,S/D,S/D,S/D,0,S/D,S/D,S/D,0
47E3A5A6,HUANCA,AREQUIPA,CAYLLOMA,wrf5,pp,20260907,20261006,"00Z,12Z",D1,6h,0.008,0.064,S/D,232,S/D,1.0,0.0,0,S/D,S/D,S/D,0,S/D,S/D,S/D,0,S/D,S/D,S/D,0
47E3A5A6,HUANCA,AREQUIPA,CAYLLOMA,mpas15,pp,20260907,20261006,00Z,D1,6h,0.017,0.13,S/D,118,S/D,1.0,0.0,0,S/D,1.0,0.0,0,S/D,S/D,S/D,0,S/D,S/D,S/D,0
47E3834A,IMATA,AREQUIPA,CAYLLOMA,ecmwf,pp,20260907,20261006,"00Z,12Z",D1,6h,0.087,0.579,0.328,234,0.786,0.732,0.25,14,0.4,0.667,0.222,10,S/D,1.0,0.0,0,S/D,S/D,S/D,0
47E3834A,IMATA,AREQUIPA,CAYLLOMA,gfs,pp,20260907,20261006,"00Z,12Z",D1,6h,0.098,0.576,0.34,234,0.786,0.766,0.22,14,0.5,0.667,0.25,10,S/D,S/D,S/D,0,S/D,S/D,S/D,0
47E3834A,IMATA,AREQUIPA,CAYLLOMA,eta5,pp,20260907,20261006,"00Z,12Z",D1,6h,0.057,0.649,0.409,190,0.769,0.615,0.345,13,0.556,0.5,0.357,9,S/D,S/D,S/D,0,S/D,S/D,S/D,0
47E3834A,IMATA,AREQUIPA,CAYLLOMA,wrf5,pp,20260907,20261006,"00Z,12Z",D1,6h,0.077,0.661,0.399,230,0.571,0.692,0.25,14,0.5,0.444,0.357,10,S/D,1.0,0.0,0,S/D,S/D,S/D,0
47E3834A,IMATA,AREQUIPA,CAYLLOMA,mpas15,pp,20260907,20261006,00Z,D1,6h,0.15,0.645,0.259,117,0.571,0.789,0.182,7,0.6,0.8,0.176,5,S/D,S/D,S/D,0,S/D,S/D,S/D,0
4729E39A,PAMPA DE MAJES,AREQUIPA,CAYLLOMA,ecmwf,pp,20260907,20261006,"00Z,12Z",D1,6h,-0.001,0.013,0.099,234,0.0,S/D,0.0,4,S/D,S/D,S/D,0,S/D,S/D,S/D,0,S/D,S/D,S/D,0
4729E39A,PAMPA DE MAJES,AREQUIPA,CAYLLOMA,gfs,pp,20260907,20261006,"00Z,12Z",D1,6h,-0.002,0.013,S/D,234,0.0,S/D,0.0,4,S/D,S/D,S/D,0,S/D,S/D,S/D,0,S/D,S/D,S/D,0
4729E39A,PAMPA DE MAJES,AREQUIPA,CAYLLOMA,eta5,pp,20260907,20261006,"00Z,12Z",D1,6h,-0.002,0.013,S/D,190,0.0,S/D,0.0,3,S/D,S/D,S/D,0,S/D,S/D,S/D,0,S/D,S/D,S/D,0
4729E39A,PAMPA DE MAJES,AREQUIPA,CAYLLOMA,wrf5,pp,20260907,20261006,"00Z,12Z",D1,6h,-0.002,0.013,S/D,230,0.0,S/D,0.0,4,S/D,S/D,S/D,0,S/D,S/D,S/D,0,S/D,S/D,S/D,0
4729E39A,PAMPA DE MAJES,AREQUIPA,CAYLLOMA,mpas15,pp,20260907,20261006,00Z,D1,6h,-0.002,0.013,0.208,117,0.0,S/D,0.0,2,S/D,S/D,S/D,0,S/D,S/D,S/D,0,S/D,S/D,S/D,0
47E373CE,PILLONES,AREQUIPA,CAYLLOMA,ecmwf,pp,20260907,20261006,"00Z,12Z",D1,6h,0.071,0.35,0.441,230,1.0,0.636,0.364,8,1.0,0.667,0.333,2,S/D,S/D,S/D,0,S/D,S/D,S/D,0
47E373CE,PILLONES,AREQUIPA,CAYLLOMA,gfs,pp,20260907,20261006,"00Z,12Z",D1,6h,0.053,0.272,0.509,230,0.875,0.682,0.304,8,0.5,0.857,0.125,2,S/D,S/D,S/D,0,S/D,S/D,S/D,0
47E373CE,PILLONES,AREQUIPA,CAYLLOMA,eta5,pp,20260907,20261006,"00Z,12Z",D1,6h,0.075,0.44,0.319,186,0.714,0.643,0.312,7,0.0,1.0,0.0,2,S/D,S/D,S/D,0,S/D,S/D,S/D,0
47E373CE,PILLONES,AREQUIPA,CAYLLOMA,wrf5,pp,20260907,20261006,"00Z,12Z",D1,6h,0.061,0.48,0.436,226,0.75,0.6,0.353,8,1.0,0.6,0.4,2,S/D,1.0,0.0,0,S/D,S/D,S/D,0
47E373CE,PILLONES,AREQUIPA,CAYLLOMA,mpas15,pp,20260907,20261006,00Z,D1,6h,0.233,0.597,0.314,115,1.0,0.818,0.182,4,1.0,0.938,0.062,1,S/D,S/D,S/D,0,S/D,S/D,S/D,0
47265686,SIBAYO,AREQUIPA,CAYLLOMA,ecmwf,pp,20260907,20261006,"00Z,12Z",D1,6h,S/D,S/D,S/D,0,S/D,S/D,S/D,0,S/D,S/D,S/D,0,S/D,S/D,S/D,0,S/D,S/D,S/D,0
47265686,SIBAYO,AREQUIPA,CAYLLOMA,gfs,pp,20260907,20261006,"00Z,12Z",D1,6h,S/D,S/D,S/D,0,S/D,S/D,S/D,0,S/D,S/D,S/D,0,S/D,S/D,S/D,0,S/D,S/D,S/D,0
47265686,SIBAYO,AREQUIPA,CAYLLOMA,eta5,pp,20260907,20261006,"00Z,12Z",D1,6h,S/D,S/D,S/D,0,S/D,S/D,S/D,0,S/D,S/D,S/D,0,S/D,S/D,S/D,0,S/D,S/D,S/D,0
47265686,SIBAYO,AREQUIPA,CAYLLOMA,wrf5,pp,20260907,20261006,"00Z,12Z",D1,6h,S/D,S/D,S/D,0,S/D,S/D,S/D,0,S/D,S/D,S/D,0,S/D,S/D,S/D,0,S/D,S/D,S/D,0
47265686,SIBAYO,AREQUIPA,CAYLLOMA,mpas15,pp,20260907,20261006,00Z,D1,6h,S/D,S/D,S/D,0,S/D,S/D,S/D,0,S/D,S/D,S/D,0,S/D,S/D,S/D,0,S/D,S/D,S/D,0
472ED434,SUMBAY,AREQUIPA,CAYLLOMA,ecmwf,pp,20260907,20261006,"00Z,12Z",D1,6h,0.069,0.429,0.269,208,0.7,0.8,0.184,10,0.667,0.6,0.333,6,0.5,0.0,0.5,2,S/D,S/D,S/D,0
472ED434,SUMBAY,AREQUIPA,CAYLLOMA,gfs,pp,20260907,20261006,"00Z,12Z",D1,6h,0.085,0.544,0.217,208,0.6,0.85,0.136,10,0.667,0.692,0.267,6,0.0,S/D,0.0,2,S/D,S/D,S/D,0
472ED434,SUMBAY,AREQUIPA,CAYLLOMA,eta5,pp,20260907,20261006,"00Z,12Z",D1,6h,0.028,0.497,0.347,170,0.556,0.773,0.192,9,0.8,0.636,0.333,5,0.0,S/D,0.0,2,S/D,S/D,S/D,0
472ED434,SUMBAY,AREQUIPA,CAYLLOMA,wrf5,pp,20260907,20261006,"00Z,12Z",D1,6h,0.068,0.576,0.317,206,0.5,0.783,0.179,10,0.667,0.5,0.4,6,0.0,1.0,0.0,2,S/D,S/D,S/D,0
472ED434,SUMBAY,AREQUIPA,CAYLLOMA,mpas15,pp,20260907,20261006,00Z,D1,6h,0.128,0.662,0.275,104,0.6,0.812,0.167,5,0.667,0.833,0.154,3,0.0,S/D,0.0,1,S/D,S/D,S/D,0
115150,COROPUNA,AREQUIPA,CONDESUYOS,ecmwf,pp,20260907,20261006,"00Z,12Z",D1,6h,S/D,S/D,S/D,0,S/D,S/D,S/D,0,S/D,S/D,S/D,0,S/D,S/D,S/D,0,S/D,S/D,S/D,0
115150,COROPUNA,AREQUIPA,CONDESUYOS,gfs,pp,20260907,20261006,"00Z,12Z",D1,6h,S/D,S/D,S/D,0,S/D,S/D,S/D,0,S/D,S/D,S/D,0,S/D,S/D,S/D,0,S/D,S/D,S/D,0
115150,COROPUNA,AREQUIPA,CONDESUYOS,eta5,pp,20260907,20261006,"00Z,12Z",D1,6h,S/D,S/D,S/D,0,S/D,S/D,S/D,0,S/D,S/D,S/D,0,S/D,S/D,S/D,0,S/D,S/D,S/D,0
115150,COROPUNA,AREQUIPA,CONDESUYOS,wrf5,pp,20260907,20261006,"00Z,12Z",D1,6h,S/D,S/D,S/D,0,S/D,S/D,S/D,0,S/D,S/D,S/D,0,S/D,S/D,S/D,0,S/D,S/D,S/D,0
115150,COROPUNA,AREQUIPA,CONDESUYOS,mpas15,pp,20260907,20261006,00Z,D1,6h,S/D,S/D,S/D,0,S/D,S/D,S/D,0,S/D,S/D,S/D,0,S/D,S/D,S/D,0,S/D,S/D,S/D,0
114119,VISCA VISCA,AREQUIPA,CONDESUYOS,ecmwf,pp,20260907,20261006,"00Z,12Z",D1,6h,0.072,0.688,0.546,228,0.941,0.549,0.438,34,0.688,0.577,0.355,16,0.0,S/D,0.0,2,S/D,S/D,S/D,0
114119,VISCA VISCA,AREQUIPA,CONDESUYOS,gfs,pp,20260907,20261006,"00Z,12Z",D1,6h,0.386,1.335,0.428,228,0.853,0.701,0.284,34,0.75,0.755,0.226,16,0.0,1.0,0.0,2,S/D,S/D,S/D,0
114119,VISCA VISCA,AREQUIPA,CONDESUYOS,eta5,pp,20260907,20261006,"00Z,12Z",D1,6h,0.769,1.895,0.503,185,0.844,0.609,0.365,32,0.938,0.694,0.3,16,1.0,0.867,0.133,2,S/D,S/D,S/D,0
114119,VISCA VISCA,AREQUIPA,CONDESUYOS,wrf5,pp,20260907,20261006,"00Z,12Z",D1,6h,0.356,2.015,0.414,225,0.613,0.635,0.297,31,0.4,0.739,0.188,15,0.5,0.875,0.111,2,S/D,S/D,S/D,0
114119,VISCA VISCA,AREQUIPA,CONDESUYOS,mpas15,pp,20260907,20261006,00Z,D1,6h,0.168,0.866,0.42,114,0.765,0.581,0.371,17,0.75,0.714,0.261,8,0.0,S/D,0.0,1,S/D,S/D,S/D,0
47280292,COTAHUASI,AREQUIPA,LA UNION,ecmwf,pp,20260907,20261006,"00Z,12Z",D1,6h,-0.276,2.817,0.017,150,0.25,0.92,0.065,8,0.0,1.0,0.0,6,0.0,S/D,0.0,4,S/D,S/D,S/D,0
47280292,COTAHUASI,AREQUIPA,LA UNION,gfs,pp,20260907,20261006,"00Z,12Z",D1,6h,-0.284,2.872,0.003,150,0.25,0.926,0.061,8,0.0,1.0,0.0,6,0.0,1.0,0.0,4,S/D,S/D,S/D,0
47280292,COTAHUASI,AREQUIPA,LA UNION,eta5,pp,20260907,20261006,"00Z,12Z",D1,6h,-0.181,3.313,0.135,120,0.25,0.882,0.087,8,0.0,1.0,0.0,6,0.0,1.0,0.0,4,S/D,S/D,S/D,0
47280292,COTAHUASI,AREQUIPA,LA UNION,wrf5,pp,20260907,20261006,"00Z,12Z",D1,6h,-0.386,2.829,0.094,146,0.125,0.9,0.059,8,0.0,1.0,0.0,6,0.0,S/D,0.0,4,S/D,S/D,S/D,0
47280292,COTAHUASI,AREQUIPA,LA UNION,mpas15,pp,20260907,20261006,00Z,D1,6h,-0.135,2.949,0.146,75,0.25,0.9,0.077,4,0.0,1.0,0.0,3,0.0,1.0,0.0,2,S/D,S/D,S/D,0
115151,CUYAU,AREQUIPA,LA UNION,ecmwf,pp,20260907,20261006,"00Z,12Z",D1,6h,0.267,0.861,0.343,234,S/D,1.0,0.0,0,S/D,1.0,0.0,0,S/D,1.0,0.0,0,S/D,S/D,S/D,0
115151,CUYAU,AREQUIPA,LA UNION,gfs,pp,20260907,20261006,"00Z,12Z",D1,6h,0.154,0.648,0.308,234,S/D,1.0,0.0,0,S/D,1.0,0.0,0,S/D,1.0,0.0,0,S/D,S/D,S/D,0
115151,CUYAU,AREQUIPA,LA UNION,eta5,pp,20260907,20261006,"00Z,12Z",D1,6h,0.395,1.225,0.261,190,S/D,1.0,0.0,0,S/D,1.0,0.0,0,S/D,1.0,0.0,0,S/D,S/D,S/D,0
115151,CUYAU,AREQUIPA,LA UNION,wrf5,pp,20260907,20261006,"00Z,12Z",D1,6h,0.073,0.447,0.332,231,S/D,1.0,0.0,0,S/D,1.0,0.0,0,S/D,1.0,0.0,0,S/D,S/D,S/D,0
115151,CUYAU,AREQUIPA,LA UNION,mpas15,pp,20260907,20261006,00Z,D1,6h,0.243,0.816,0.133,117,S/D,1.0,0.0,0,S/D,1.0,0.0,0,S/D,1.0,0.0,0,S/D,S/D,S/D,0
4729D600,PAMPA CANGALLO,AYACUCHO,CANGALLO,ecmwf,pp,20260907,20261006,"00Z,12Z",D1,6h,0.379,1.396,0.541,234,0.917,0.649,0.34,36,0.9,0.769,0.225,10,0.25,0.833,0.111,4,S/D,S/D,S/D,0
4729D600,PAMPA CANGALLO,AYACUCHO,CANGALLO,gfs,pp,20260907,20261006,"00Z,12Z",D1,6h,0.764,2.15,0.517,234,1.0,0.714,0.286,36,0.8,0.882,0.114,10,0.25,0.923,0.062,4,S/D,S/D,S/D,0
4729D600,PAMPA CANGALLO,AYACUCHO,CANGALLO,eta5,pp,20260907,20261006,"00Z,12Z",D1,6h,0.382,1.69,0.585,190,0.968,0.531,0.462,31,0.667,0.854,0.136,9,0.0,1.0,0.0,4,S/D,S/D,S/D,0
4729D600,PAMPA CANGALLO,AYACUCHO,CANGALLO,wrf5,pp,20260907,20261006,"00Z,12Z",D1,6h,0.223,1.466,0.538,230,0.743,0.509,0.419,35,0.778,0.731,0.25,9,0.25,0.875,0.091,4,S/D,S/D,S/D,0
4729D600,PAMPA CANGALLO,AYACUCHO,CANGALLO,mpas15,pp,20260907,20261006,00Z,D1,6h,0.667,2.114,0.507,117,0.833,0.625,0.349,18,1.0,0.839,0.161,5,0.0,1.0,0.0,2,S/D,S/D,S/D,0
113248,SANTA CRUZ DE HOSPICIO,AYACUCHO,CANGALLO,ecmwf,pp,20260907,20261006,"00Z,12Z",D1,6h,0.422,1.153,0.486,236,0.9,0.679,0.31,30,0.8,0.778,0.211,10,S/D,1.0,0.0,0,S/D,S/D,S/D,0
113248,SANTA CRUZ DE HOSPICIO,AYACUCHO,CANGALLO,gfs,pp,20260907,20261006,"00Z,12Z",D1,6h,0.686,1.63,0.461,236,0.9,0.719,0.273,30,1.0,0.808,0.192,10,S/D,1.0,0.0,0,S/D,S/D,S/D,0
113248,SANTA CRUZ DE HOSPICIO,AYACUCHO,CANGALLO,eta5,pp,20260907,20261006,"00Z,12Z",D1,6h,0.494,1.225,0.495,191,0.833,0.655,0.323,24,0.75,0.824,0.167,8,S/D,1.0,0.0,0,S/D,S/D,S/D,0
113248,SANTA CRUZ DE HOSPICIO,AYACUCHO,CANGALLO,wrf5,pp,20260907,20261006,"00Z,12Z",D1,6h,0.589,1.972,0.472,232,0.69,0.623,0.323,29,0.667,0.812,0.171,9,S/D,1.0,0.0,0,S/D,S/D,S/D,0
113248,SANTA CRUZ DE HOSPICIO,AYACUCHO,CANGALLO,mpas15,pp,20260907,20261006,00Z,D1,6h,0.74,2.055,0.461,118,0.867,0.639,0.342,15,1.0,0.808,0.192,5,S/D,1.0,0.0,0,S/D,S/D,S/D,0
250900,PUENTE PAMPAS GORE APU,AYACUCHO,HUAMANGA,ecmwf,pp,20260907,20261006,"00Z,12Z",D1,6h,0.542,1.378,0.367,236,0.938,0.857,0.142,16,0.9,0.75,0.243,10,S/D,1.0,0.0,0,S/D,S/D,S/D,0
250900,PUENTE PAMPAS GORE APU,AYACUCHO,HUAMANGA,gfs,pp,20260907,20261006,"00Z,12Z",D1,6h,0.639,1.237,0.318,236,0.875,0.898,0.101,16,1.0,0.8,0.2,10,S/D,1.0,0.0,0,S/D,S/D,S/D,0
250900,PUENTE PAMPAS GORE APU,AYACUCHO,HUAMANGA,eta5,pp,20260907,20261006,"00Z,12Z",D1,6h,1.765,3.681,0.323,191,0.929,0.841,0.157,14,0.889,0.871,0.127,9,S/D,1.0,0.0,0,S/D,S/D,S/D,0
250900,PUENTE PAMPAS GORE APU,AYACUCHO,HUAMANGA,wrf5,pp,20260907,20261006,"00Z,12Z",D1,6h,0.112,0.886,0.351,232,0.6,0.654,0.281,15,0.7,0.417,0.467,10,S/D,1.0,0.0,0,S/D,S/D,S/D,0
250900,PUENTE PAMPAS GORE APU,AYACUCHO,HUAMANGA,mpas15,pp,20260907,20261006,00Z,D1,6h,0.63,1.622,0.35,118,0.875,0.825,0.171,8,1.0,0.808,0.192,5,S/D,1.0,0.0,0,S/D,S/D,S/D,0
114122,CCONTACC,AYACUCHO,LUCANAS,ecmwf,pp,20260907,20261006,"00Z,12Z",D1,6h,0.305,0.975,0.293,236,1.0,0.869,0.131,8,0.0,1.0,0.0,2,S/D,1.0,0.0,0,S/D,S/D,S/D,0
114122,CCONTACC,AYACUCHO,LUCANAS,gfs,pp,20260907,20261006,"00Z,12Z",D1,6h,0.371,0.967,0.292,236,1.0,0.887,0.113,8,0.0,1.0,0.0,2,S/D,S/D,S/D,0,S/D,S/D,S/D,0
114122,CCONTACC,AYACUCHO,LUCANAS,eta5,pp,20260907,20261006,"00Z,12Z",D1,6h,0.139,0.556,0.255,191,0.5,0.885,0.103,6,0.0,1.0,0.0,1,S/D,S/D,S/D,0,S/D,S/D,S/D,0
114122,CCONTACC,AYACUCHO,LUCANAS,wrf5,pp,20260907,20261006,"00Z,12Z",D1,6h,0.327,1.332,0.32,233,0.75,0.86,0.133,8,0.0,1.0,0.0,2,S/D,1.0,0.0,0,S/D,S/D,S/D,0
114122,CCONTACC,AYACUCHO,LUCANAS,mpas15,pp,20260907,20261006,00Z,D1,6h,0.375,1.336,0.285,118,1.0,0.81,0.19,4,1.0,0.944,0.056,1,S/D,1.0,0.0,0,S/D,S/D,S/D,0
47290068,HUAC-HUAS,AYACUCHO,LUCANAS,ecmwf,pp,20260907,20261006,"00Z,12Z",D1,6h,-0.01,0.368,0.147,224,0.5,0.818,0.154,4,0.0,1.0,0.0,2,S/D,S/D,S/D,0,S/D,S/D,S/D,0
47290068,HUAC-HUAS,AYACUCHO,LUCANAS,gfs,pp,20260907,20261006,"00Z,12Z",D1,6h,-0.006,0.365,0.123,224,0.0,1.0,0.0,4,0.0,S/D,0.0,2,S/D,S/D,S/D,0,S/D,S/D,S/D,0
47290068,HUAC-HUAS,AYACUCHO,LUCANAS,eta5,pp,20260907,20261006,"00Z,12Z",D1,6h,-0.028,0.395,0.07,181,0.0,1.0,0.0,3,0.0,S/D,0.0,2,S/D,S/D,S/D,0,S/D,S/D,S/D,0
47290068,HUAC-HUAS,AYACUCHO,LUCANAS,wrf5,pp,20260907,20261006,"00Z,12Z",D1,6h,-0.01,0.379,-0.052,220,0.0,1.0,0.0,4,0.0,1.0,0.0,2,S/D,S/D,S/D,0,S/D,S/D,S/D,0
47290068,HUAC-HUAS,AYACUCHO,LUCANAS,mpas15,pp,20260907,20261006,00Z,D1,6h,0.154,0.688,0.056,112,0.5,0.929,0.067,2,0.0,1.0,0.0,1,S/D,S/D,S/D,0,S/D,S/D,S/D,0
114127,PAMPA GALERAS,AYACUCHO,LUCANAS,ecmwf,pp,20260907,20261006,"00Z,12Z",D1,6h,0.214,0.962,0.285,230,1.0,0.86,0.14,6,0.5,0.818,0.154,4,S/D,1.0,0.0,0,S/D,S/D,S/D,0
114127,PAMPA GALERAS,AYACUCHO,LUCANAS,gfs,pp,20260907,20261006,"00Z,12Z",D1,6h,0.142,0.752,0.299,230,0.667,0.889,0.105,6,0.25,0.923,0.062,4,S/D,1.0,0.0,0,S/D,S/D,S/D,0
114127,PAMPA GALERAS,AYACUCHO,LUCANAS,eta5,pp,20260907,20261006,"00Z,12Z",D1,6h,0.039,0.429,0.335,187,0.6,0.8,0.176,5,0.0,1.0,0.0,3,S/D,S/D,S/D,0,S/D,S/D,S/D,0
114127,PAMPA GALERAS,AYACUCHO,LUCANAS,wrf5,pp,20260907,20261006,"00Z,12Z",D1,6h,0.325,1.565,0.263,227,0.333,0.946,0.049,6,0.25,0.941,0.05,4,S/D,1.0,0.0,0,S/D,S/D,S/D,0
114127,PAMPA GALERAS,AYACUCHO,LUCANAS,mpas15,pp,20260907,20261006,00Z,D1,6h,0.321,1.139,0.267,115,1.0,0.857,0.143,3,1.0,0.875,0.125,2,S/D,1.0,0.0,0,S/D,S/D,S/D,0
114121,HURAY HUMA,AYACUCHO,PARINACOCHAS,ecmwf,pp,20260907,20261006,"00Z,12Z",D1,6h,0.438,1.201,S/D,170,S/D,1.0,0.0,0,S/D,1.0,0.0,0,S/D,1.0,0.0,0,S/D,S/D,S/D,0
114121,HURAY HUMA,AYACUCHO,PARINACOCHAS,gfs,pp,20260907,20261006,"00Z,12Z",D1,6h,0.585,1.451,S/D,170,S/D,1.0,0.0,0,S/D,1.0,0.0,0,S/D,1.0,0.0,0,S/D,S/D,S/D,0
114121,HURAY HUMA,AYACUCHO,PARINACOCHAS,eta5,pp,20260907,20261006,"00Z,12Z",D1,6h,0.345,1.099,S/D,132,S/D,1.0,0.0,0,S/D,1.0,0.0,0,S/D,1.0,0.0,0,S/D,S/D,S/D,0
114121,HURAY HUMA,AYACUCHO,PARINACOCHAS,wrf5,pp,20260907,20261006,"00Z,12Z",D1,6h,0.616,1.871,S/D,168,S/D,1.0,0.0,0,S/D,1.0,0.0,0,S/D,1.0,0.0,0,S/D,S/D,S/D,0
114121,HURAY HUMA,AYACUCHO,PARINACOCHAS,mpas15,pp,20260907,20261006,00Z,D1,6h,0.418,1.314,S/D,85,S/D,1.0,0.0,0,S/D,1.0,0.0,0,S/D,1.0,0.0,0,S/D,S/D,S/D,0
115155,PAUZA,AYACUCHO,PAUCAR DEL SARA SARA,ecmwf,pp,20260907,20261006,"00Z,12Z",D1,6h,S/D,S/D,S/D,0,S/D,S/D,S/D,0,S/D,S/D,S/D,0,S/D,S/D,S/D,0,S/D,S/D,S/D,0
115155,PAUZA,AYACUCHO,PAUCAR DEL SARA SARA,gfs,pp,20260907,20261006,"00Z,12Z",D1,6h,S/D,S/D,S/D,0,S/D,S/D,S/D,0,S/D,S/D,S/D,0,S/D,S/D,S/D,0,S/D,S/D,S/D,0
115155,PAUZA,AYACUCHO,PAUCAR DEL SARA SARA,eta5,pp,20260907,20261006,"00Z,12Z",D1,6h,S/D,S/D,S/D,0,S/D,S/D,S/D,0,S/D,S/D,S/D,0,S/D,S/D,S/D,0,S/D,S/D,S/D,0
115155,PAUZA,AYACUCHO,PAUCAR DEL SARA SARA,wrf5,pp,20260907,20261006,"00Z,12Z",D1,6h,S/D,S/D,S/D,0,S/D,S/D,S/D,0,S/D,S/D,S/D,0,S/D,S/D,S/D,0,S/D,S/D,S/D,0
115155,PAUZA,AYACUCHO,PAUCAR DEL SARA SARA,mpas15,pp,20260907,20261006,00Z,D1,6h,S/D,S/D,S/D,0,S/D,S/D,S/D,0,S/D,S/D,S/D,0,S/D,S/D,S/D,0,S/D,S/D,S/D,0
4725B27A,PAUCARAY,AYACUCHO,SUCRE,ecmwf,pp,20260907,20261006,"00Z,12Z",D1,6h,S/D,S/D,S/D,0,S/D,S/D,S/D,0,S/D,S/D,S/D,0,S/D,S/D,S/D,0,S/D,S/D,S/D,0
4725B27A,PAUCARAY,AYACUCHO,SUCRE,gfs,pp,20260907,20261006,"00Z,12Z",D1,6h,S/D,S/D,S/D,0,S/D,S/D,S/D,0,S/D,S/D,S/D,0,S/D,S/D,S/D,0,S/D,S/D,S/D,0
4725B27A,PAUCARAY,AYACUCHO,SUCRE,eta5,pp,20260907,20261006,"00Z,12Z",D1,6h,S/D,S/D,S/D,0,S/D,S/D,S/D,0,S/D,S/D,S/D,0,S/D,S/D,S/D,0,S/D,S/D,S/D,0
4725B27A,PAUCARAY,AYACUCHO,SUCRE,wrf5,pp,20260907,20261006,"00Z,12Z",D1,6h,S/D,S/D,S/D,0,S/D,S/D,S/D,0,S/D,S/D,S/D,0,S/D,S/D,S/D,0,S/D,S/D,S/D,0
4725B27A,PAUCARAY,AYACUCHO,SUCRE,mpas15,pp,20260907,20261006,00Z,D1,6h,S/D,S/D,S/D,0,S/D,S/D,S/D,0,S/D,S/D,S/D,0,S/D,S/D,S/D,0,S/D,S/D,S/D,0
4729F0EC,CAJABAMBA,CAJAMARCA,CAJABAMBA,ecmwf,pp,20260907,20261006,"00Z,12Z",D1,6h,0.338,1.933,0.253,234,0.9,0.925,0.074,10,0.667,0.875,0.118,6,0.5,0.857,0.125,2,S/D,S/D,S/D,0
4729F0EC,CAJABAMBA,CAJAMARCA,CAJABAMBA,gfs,pp,20260907,20261006,"00Z,12Z",D1,6h,0.232,1.988,0.212,234,0.9,0.905,0.094,10,0.5,0.909,0.083,6,0.0,1.0,0.0,2,S/D,S/D,S/D,0
4729F0EC,CAJABAMBA,CAJAMARCA,CAJABAMBA,eta5,pp,20260907,20261006,"00Z,12Z",D1,6h,0.338,1.709,0.142,190,0.833,0.937,0.062,6,0.5,0.931,0.065,4,0.0,1.0,0.0,1,S/D,S/D,S/D,0
4729F0EC,CAJABAMBA,CAJAMARCA,CAJABAMBA,wrf5,pp,20260907,20261006,"00Z,12Z",D1,6h,0.431,2.16,0.123,230,0.5,0.917,0.077,10,0.333,0.933,0.059,6,1.0,0.833,0.167,2,S/D,S/D,S/D,0
4729F0EC,CAJABAMBA,CAJAMARCA,CAJABAMBA,mpas15,pp,20260907,20261006,00Z,D1,6h,1.025,3.031,0.276,117,1.0,0.889,0.111,5,1.0,0.912,0.088,3,1.0,0.889,0.111,1,S/D,S/D,S/D,0
472A32FC,CRISNEJAS,CAJAMARCA,CAJABAMBA,ecmwf,pp,20260907,20261006,"00Z,12Z",D1,6h,0.539,1.352,S/D,234,S/D,1.0,0.0,0,S/D,1.0,0.0,0,S/D,1.0,0.0,0,S/D,S/D,S/D,0
472A32FC,CRISNEJAS,CAJAMARCA,CAJABAMBA,gfs,pp,20260907,20261006,"00Z,12Z",D1,6h,0.493,1.366,S/D,234,S/D,1.0,0.0,0,S/D,1.0,0.0,0,S/D,1.0,0.0,0,S/D,S/D,S/D,0
472A32FC,CRISNEJAS,CAJAMARCA,CAJABAMBA,eta5,pp,20260907,20261006,"00Z,12Z",D1,6h,1.141,2.62,S/D,189,S/D,1.0,0.0,0,S/D,1.0,0.0,0,S/D,1.0,0.0,0,S/D,S/D,S/D,0
472A32FC,CRISNEJAS,CAJAMARCA,CAJABAMBA,wrf5,pp,20260907,20261006,"00Z,12Z",D1,6h,0.411,1.611,S/D,230,S/D,1.0,0.0,0,S/D,1.0,0.0,0,S/D,1.0,0.0,0,S/D,S/D,S/D,0
472A32FC,CRISNEJAS,CAJAMARCA,CAJABAMBA,mpas15,pp,20260907,20261006,00Z,D1,6h,1.184,3.761,S/D,117,S/D,1.0,0.0,0,S/D,1.0,0.0,0,S/D,1.0,0.0,0,S/D,1.0,0.0,0
472645F0,UNC CAJAMARCA,CAJAMARCA,CAJAMARCA,ecmwf,pp,20260907,20261006,"00Z,12Z",D1,6h,0.149,2.235,0.166,224,0.529,0.491,0.351,102,0.273,0.86,0.102,22,0.0,1.0,0.0,6,S/D,S/D,S/D,0
472645F0,UNC CAJAMARCA,CAJAMARCA,CAJAMARCA,gfs,pp,20260907,20261006,"00Z,12Z",D1,6h,0.956,2.492,0.127,224,0.745,0.542,0.396,102,0.636,0.854,0.135,22,0.333,0.857,0.111,6,S/D,S/D,S/D,0
472645F0,UNC CAJAMARCA,CAJAMARCA,CAJAMARCA,eta5,pp,20260907,20261006,"00Z,12Z",D1,6h,0.502,2.361,0.115,183,0.424,0.471,0.308,85,0.421,0.843,0.129,19,0.4,0.867,0.111,5,S/D,S/D,S/D,0
472645F0,UNC CAJAMARCA,CAJAMARCA,CAJAMARCA,wrf5,pp,20260907,20261006,"00Z,12Z",D1,6h,-0.084,2.481,0.181,220,0.29,0.42,0.24,100,0.182,0.778,0.111,22,0.0,1.0,0.0,6,S/D,S/D,S/D,0
472645F0,UNC CAJAMARCA,CAJAMARCA,CAJAMARCA,mpas15,pp,20260907,20261006,00Z,D1,6h,1.12,3.73,0.131,112,0.471,0.4,0.358,51,0.364,0.886,0.095,11,0.333,0.947,0.048,3,S/D,S/D,S/D,0
472501F4,BALSAS,CAJAMARCA,CELENDIN,ecmwf,pp,20260907,20261006,"00Z,12Z",D1,6h,S/D,S/D,S/D,0,S/D,S/D,S/D,0,S/D,S/D,S/D,0,S/D,S/D,S/D,0,S/D,S/D,S/D,0
472501F4,BALSAS,CAJAMARCA,CELENDIN,gfs,pp,20260907,20261006,"00Z,12Z",D1,6h,S/D,S/D,S/D,0,S/D,S/D,S/D,0,S/D,S/D,S/D,0,S/D,S/D,S/D,0,S/D,S/D,S/D,0
472501F4,BALSAS,CAJAMARCA,CELENDIN,eta5,pp,20260907,20261006,"00Z,12Z",D1,6h,S/D,S/D,S/D,0,S/D,S/D,S/D,0,S/D,S/D,S/D,0,S/D,S/D,S/D,0,S/D,S/D,S/D,0
472501F4,BALSAS,CAJAMARCA,CELENDIN,wrf5,pp,20260907,20261006,"00Z,12Z",D1,6h,S/D,S/D,S/D,0,S/D,S/D,S/D,0,S/D,S/D,S/D,0,S/D,S/D,S/D,0,S/D,S/D,S/D,0
472501F4,BALSAS,CAJAMARCA,CELENDIN,mpas15,pp,20260907,20261006,00Z,D1,6h,S/D,S/D,S/D,0,S/D,S/D,S/D,0,S/D,S/D,S/D,0,S/D,S/D,S/D,0,S/D,S/D,S/D,0
4726631C,CELENDIN,CAJAMARCA,CELENDIN,ecmwf,pp,20260907,20261006,"00Z,12Z",D1,6h,0.862,1.881,0.113,220,0.833,0.896,0.102,18,S/D,1.0,0.0,0,S/D,1.0,0.0,0,S/D,S/D,S/D,0
4726631C,CELENDIN,CAJAMARCA,CELENDIN,gfs,pp,20260907,20261006,"00Z,12Z",D1,6h,1.147,1.961,0.101,220,1.0,0.899,0.101,18,S/D,1.0,0.0,0,S/D,1.0,0.0,0,S/D,S/D,S/D,0
4726631C,CELENDIN,CAJAMARCA,CELENDIN,eta5,pp,20260907,20261006,"00Z,12Z",D1,6h,0.344,0.97,0.137,176,0.545,0.889,0.102,11,S/D,1.0,0.0,0,S/D,1.0,0.0,0,S/D,S/D,S/D,0
4726631C,CELENDIN,CAJAMARCA,CELENDIN,wrf5,pp,20260907,20261006,"00Z,12Z",D1,6h,0.672,2.946,-0.038,216,0.278,0.909,0.074,18,S/D,1.0,0.0,0,S/D,1.0,0.0,0,S/D,1.0,0.0,0
4726631C,CELENDIN,CAJAMARCA,CELENDIN,mpas15,pp,20260907,20261006,00Z,D1,6h,1.295,2.626,0.044,110,0.556,0.902,0.091,9,S/D,1.0,0.0,0,S/D,1.0,0.0,0,S/D,S/D,S/D,0
4726C3E4,CHOTA,CAJAMARCA,CHOTA,ecmwf,pp,20260907,20261006,"00Z,12Z",D1,6h,0.828,4.135,0.201,208,0.794,0.826,0.167,34,0.7,0.8,0.184,20,0.125,0.933,0.045,8,0.0,S/D,0.0,2
4726C3E4,CHOTA,CAJAMARCA,CHOTA,gfs,pp,20260907,20261006,"00Z,12Z",D1,6h,0.438,3.241,0.195,208,0.941,0.819,0.179,34,0.6,0.824,0.158,20,0.125,0.9,0.059,8,0.0,S/D,0.0,2
4726C3E4,CHOTA,CAJAMARCA,CHOTA,eta5,pp,20260907,20261006,"00Z,12Z",D1,6h,0.14,3.874,0.161,168,0.643,0.775,0.2,28,0.438,0.816,0.149,16,0.0,1.0,0.0,6,0.0,S/D,0.0,2
4726C3E4,CHOTA,CAJAMARCA,CHOTA,wrf5,pp,20260907,20261006,"00Z,12Z",D1,6h,-0.124,4.183,0.043,204,0.206,0.854,0.093,34,0.25,0.688,0.161,20,0.0,1.0,0.0,8,0.0,1.0,0.0,2
4726C3E4,CHOTA,CAJAMARCA,CHOTA,mpas15,pp,20260907,20261006,00Z,D1,6h,1.486,4.595,0.175,104,0.647,0.796,0.183,17,0.6,0.87,0.12,10,0.5,0.846,0.133,4,0.0,1.0,0.0,1
47E94706,HUAMBOS,CAJAMARCA,CHOTA,ecmwf,pp,20260907,20261006,"00Z,12Z",D1,6h,1.074,2.481,0.147,234,0.825,0.771,0.219,40,0.75,0.908,0.09,8,1.0,0.882,0.118,2,S/D,S/D,S/D,0
47E94706,HUAMBOS,CAJAMARCA,CHOTA,gfs,pp,20260907,20261006,"00Z,12Z",D1,6h,0.626,1.689,0.229,234,0.675,0.773,0.205,40,0.625,0.878,0.114,8,0.0,1.0,0.0,2,S/D,S/D,S/D,0
47E94706,HUAMBOS,CAJAMARCA,CHOTA,eta5,pp,20260907,20261006,"00Z,12Z",D1,6h,0.67,2.178,0.093,190,0.5,0.781,0.18,32,0.286,0.947,0.047,7,0.0,1.0,0.0,1,S/D,S/D,S/D,0
47E94706,HUAMBOS,CAJAMARCA,CHOTA,wrf5,pp,20260907,20261006,"00Z,12Z",D1,6h,0.034,0.823,0.251,231,0.3,0.625,0.2,40,0.25,0.875,0.091,8,0.0,S/D,0.0,2,S/D,S/D,S/D,0
47E94706,HUAMBOS,CAJAMARCA,CHOTA,mpas15,pp,20260907,20261006,00Z,D1,6h,1.583,3.439,0.087,117,0.45,0.824,0.145,20,0.75,0.927,0.071,4,1.0,0.941,0.059,1,S/D,S/D,S/D,0
47E35522,LA MUCHALA,CAJAMARCA,CHOTA,ecmwf,pp,20260907,20261006,"00Z,12Z",D1,6h,0.562,1.109,0.12,30,0.5,0.65,0.259,14,1.0,0.778,0.222,2,S/D,S/D,S/D,0,S/D,S/D,S/D,0
47E35522,LA MUCHALA,CAJAMARCA,CHOTA,gfs,pp,20260907,20261006,"00Z,12Z",D1,6h,0.826,1.554,0.245,30,0.643,0.571,0.346,14,1.0,0.778,0.222,2,S/D,1.0,0.0,0,S/D,S/D,S/D,0
47E35522,LA MUCHALA,CAJAMARCA,CHOTA,eta5,pp,20260907,20261006,"00Z,12Z",D1,6h,2.741,4.708,0.542,27,0.769,0.5,0.435,13,1.0,0.867,0.133,2,S/D,1.0,0.0,0,S/D,S/D,S/D,0
47E35522,LA MUCHALA,CAJAMARCA,CHOTA,wrf5,pp,20260907,20261006,"00Z,12Z",D1,6h,0.205,1.562,0.508,30,0.286,0.333,0.25,14,0.5,0.5,0.333,2,S/D,1.0,0.0,0,S/D,S/D,S/D,0
47E35522,LA MUCHALA,CAJAMARCA,CHOTA,mpas15,pp,20260907,20261006,00Z,D1,6h,0.513,1.202,0.119,15,0.429,0.625,0.25,7,1.0,0.833,0.167,1,S/D,S/D,S/D,0,S/D,S/D,S/D,0
47E1D6C2,PUENTE SAN CARLOS,CAJAMARCA,CHOTA,ecmwf,pp,20260907,20261006,"00Z,12Z",D1,6h,0.397,1.086,-0.061,232,0.318,0.936,0.056,22,0.0,1.0,0.0,6,S/D,1.0,0.0,0,S/D,S/D,S/D,0
47E1D6C2,PUENTE SAN CARLOS,CAJAMARCA,CHOTA,gfs,pp,20260907,20261006,"00Z,12Z",D1,6h,0.346,0.996,0.012,232,0.409,0.904,0.084,22,0.0,1.0,0.0,6,S/D,1.0,0.0,0,S/D,S/D,S/D,0
47E1D6C2,PUENTE SAN CARLOS,CAJAMARCA,CHOTA,eta5,pp,20260907,20261006,"00Z,12Z",D1,6h,0.77,2.019,-0.007,189,0.368,0.903,0.083,19,0.0,1.0,0.0,4,S/D,1.0,0.0,0,S/D,S/D,S/D,0
47E1D6C2,PUENTE SAN CARLOS,CAJAMARCA,CHOTA,wrf5,pp,20260907,20261006,"00Z,12Z",D1,6h,-0.051,0.369,0.074,228,0.045,0.944,0.026,22,0.0,1.0,0.0,6,S/D,S/D,S/D,0,S/D,S/D,S/D,0
47E1D6C2,PUENTE SAN CARLOS,CAJAMARCA,CHOTA,mpas15,pp,20260907,20261006,00Z,D1,6h,0.144,0.741,-0.133,116,0.0,1.0,0.0,11,0.0,1.0,0.0,3,S/D,S/D,S/D,0,S/D,S/D,S/D,0
47E1F02E,TUNEL CHOTANO,CAJAMARCA,CHOTA,ecmwf,pp,20260907,20261006,"00Z,12Z",D1,6h,1.579,3.578,-0.044,234,0.673,0.806,0.178,52,1.0,0.949,0.051,4,0.0,1.0,0.0,2,S/D,S/D,S/D,0
47E1F02E,TUNEL CHOTANO,CAJAMARCA,CHOTA,gfs,pp,20260907,20261006,"00Z,12Z",D1,6h,1.091,2.052,0.173,234,0.846,0.777,0.215,52,1.0,0.947,0.053,4,0.0,1.0,0.0,2,S/D,S/D,S/D,0
47E1F02E,TUNEL CHOTANO,CAJAMARCA,CHOTA,eta5,pp,20260907,20261006,"00Z,12Z",D1,6h,1.07,2.716,0.069,189,0.595,0.756,0.21,37,1.0,0.942,0.058,3,0.0,1.0,0.0,2,S/D,S/D,S/D,0
47E1F02E,TUNEL CHOTANO,CAJAMARCA,CHOTA,wrf5,pp,20260907,20261006,"00Z,12Z",D1,6h,0.723,3.391,0.124,230,0.327,0.726,0.175,52,0.25,0.971,0.027,4,0.0,1.0,0.0,2,S/D,1.0,0.0,0
47E1F02E,TUNEL CHOTANO,CAJAMARCA,CHOTA,mpas15,pp,20260907,20261006,00Z,D1,6h,2.02,4.638,0.127,117,0.538,0.736,0.215,26,1.0,0.955,0.045,2,0.0,1.0,0.0,1,S/D,S/D,S/D,0
472C92CA,CASCABAMBA,CAJAMARCA,CONTUMAZA,ecmwf,pp,20260907,20261006,"00Z,12Z",D1,6h,0.483,1.651,0.196,236,0.676,0.803,0.18,34,0.167,0.972,0.024,6,0.0,1.0,0.0,2,S/D,S/D,S/D,0
472C92CA,CASCABAMBA,CAJAMARCA,CONTUMAZA,gfs,pp,20260907,20261006,"00Z,12Z",D1,6h,0.193,0.714,0.216,236,0.647,0.807,0.175,34,0.333,0.882,0.095,6,0.0,S/D,0.0,2,S/D,S/D,S/D,0
472C92CA,CASCABAMBA,CAJAMARCA,CONTUMAZA,eta5,pp,20260907,20261006,"00Z,12Z",D1,6h,-0.071,0.42,0.187,191,0.12,0.4,0.111,25,0.0,S/D,0.0,3,0.0,S/D,0.0,1,S/D,S/D,S/D,0
472C92CA,CASCABAMBA,CAJAMARCA,CONTUMAZA,wrf5,pp,20260907,20261006,"00Z,12Z",D1,6h,1.332,3.596,0.236,233,0.618,0.75,0.216,34,0.667,0.925,0.073,6,0.0,1.0,0.0,2,S/D,S/D,S/D,0
472C92CA,CASCABAMBA,CAJAMARCA,CONTUMAZA,mpas15,pp,20260907,20261006,00Z,D1,6h,1.103,2.835,0.211,118,0.588,0.767,0.2,17,0.667,0.938,0.061,3,0.0,1.0,0.0,1,S/D,S/D,S/D,0
472C81BC,GUZMANGO,CAJAMARCA,CONTUMAZA,ecmwf,pp,20260907,20261006,"00Z,12Z",D1,6h,0.097,1.648,0.267,234,0.714,0.836,0.154,14,0.333,0.882,0.095,6,0.0,1.0,0.0,2,S/D,S/D,S/D,0
472C81BC,GUZMANGO,CAJAMARCA,CONTUMAZA,gfs,pp,20260907,20261006,"00Z,12Z",D1,6h,-0.114,1.275,0.393,234,0.786,0.718,0.262,14,0.0,1.0,0.0,6,0.0,S/D,0.0,2,S/D,S/D,S/D,0
472C81BC,GUZMANGO,CAJAMARCA,CONTUMAZA,eta5,pp,20260907,20261006,"00Z,12Z",D1,6h,-0.02,1.095,0.25,189,0.545,0.727,0.222,11,0.25,0.857,0.1,4,0.0,S/D,0.0,1,S/D,S/D,S/D,0
472C81BC,GUZMANGO,CAJAMARCA,CONTUMAZA,wrf5,pp,20260907,20261006,"00Z,12Z",D1,6h,-0.02,1.632,0.296,231,0.429,0.667,0.231,14,0.333,0.6,0.222,6,0.0,1.0,0.0,2,S/D,S/D,S/D,0
472C81BC,GUZMANGO,CAJAMARCA,CONTUMAZA,mpas15,pp,20260907,20261006,00Z,D1,6h,0.496,1.824,0.023,117,0.429,0.923,0.07,7,0.667,0.931,0.067,3,0.0,1.0,0.0,1,S/D,S/D,S/D,0
4727470A,PUENTE CHILETE,CAJAMARCA,CONTUMAZA,ecmwf,pp,20260907,20261006,"00Z,12Z",D1,6h,1.004,2.371,0.036,224,0.833,0.959,0.041,6,0.0,1.0,0.0,4,S/D,1.0,0.0,0,S/D,S/D,S/D,0
4727470A,PUENTE CHILETE,CAJAMARCA,CONTUMAZA,gfs,pp,20260907,20261006,"00Z,12Z",D1,6h,1.24,2.266,0.079,224,0.833,0.97,0.03,6,0.5,0.975,0.025,4,S/D,1.0,0.0,0,S/D,S/D,S/D,0
4727470A,PUENTE CHILETE,CAJAMARCA,CONTUMAZA,eta5,pp,20260907,20261006,"00Z,12Z",D1,6h,2.066,4.176,0.217,182,1.0,0.957,0.043,4,1.0,0.97,0.03,2,S/D,1.0,0.0,0,S/D,S/D,S/D,0
4727470A,PUENTE CHILETE,CAJAMARCA,CONTUMAZA,wrf5,pp,20260907,20261006,"00Z,12Z",D1,6h,0.047,0.363,0.198,220,0.167,0.938,0.048,6,0.25,0.833,0.111,4,S/D,S/D,S/D,0,S/D,S/D,S/D,0
4727470A,PUENTE CHILETE,CAJAMARCA,CONTUMAZA,mpas15,pp,20260907,20261006,00Z,D1,6h,1.904,4.106,-0.013,112,0.667,0.958,0.041,3,0.0,1.0,0.0,2,S/D,1.0,0.0,0,S/D,S/D,S/D,0
4726E508,YONAN GORE,CAJAMARCA,CONTUMAZA,ecmwf,pp,20260907,20261006,"00Z,12Z",D1,6h,0.366,1.266,0.021,226,0.5,0.96,0.038,6,0.0,1.0,0.0,4,S/D,1.0,0.0,0,S/D,S/D,S/D,0
4726E508,YONAN GORE,CAJAMARCA,CONTUMAZA,gfs,pp,20260907,20261006,"00Z,12Z",D1,6h,0.219,0.551,0.091,226,0.667,0.957,0.043,6,0.0,1.0,0.0,4,S/D,S/D,S/D,0,S/D,S/D,S/D,0
4726E508,YONAN GORE,CAJAMARCA,CONTUMAZA,eta5,pp,20260907,20261006,"00Z,12Z",D1,6h,0.237,0.94,-0.098,183,0.0,1.0,0.0,5,0.0,1.0,0.0,3,S/D,1.0,0.0,0,S/D,S/D,S/D,0
4726E508,YONAN GORE,CAJAMARCA,CONTUMAZA,wrf5,pp,20260907,20261006,"00Z,12Z",D1,6h,-0.005,0.184,0.195,222,0.167,0.933,0.05,6,0.0,S/D,0.0,4,S/D,S/D,S/D,0,S/D,S/D,S/D,0
4726E508,YONAN GORE,CAJAMARCA,CONTUMAZA,mpas15,pp,20260907,20261006,00Z,D1,6h,0.222,0.982,-0.133,113,0.0,1.0,0.0,3,0.0,1.0,0.0,2,S/D,1.0,0.0,0,S/D,S/D,S/D,0
472B3006,CUMBA,CAJAMARCA,CUTERVO,ecmwf,pp,20260907,20261006,"00Z,12Z",D1,6h,0.226,3.581,0.253,228,0.933,0.796,0.201,30,0.167,0.955,0.037,12,0.0,1.0,0.0,4,0.0,S/D,0.0,2
472B3006,CUMBA,CAJAMARCA,CUTERVO,gfs,pp,20260907,20261006,"00Z,12Z",D1,6h,0.099,3.41,0.217,228,0.767,0.811,0.178,30,0.167,0.959,0.034,12,0.0,1.0,0.0,4,0.0,S/D,0.0,2
472B3006,CUMBA,CAJAMARCA,CUTERVO,eta5,pp,20260907,20261006,"00Z,12Z",D1,6h,1.838,4.443,0.178,183,0.846,0.829,0.165,26,0.6,0.934,0.063,10,0.0,1.0,0.0,2,0.0,S/D,0.0,1
472B3006,CUMBA,CAJAMARCA,CUTERVO,wrf5,pp,20260907,20261006,"00Z,12Z",D1,6h,-0.443,3.325,0.067,224,0.033,0.941,0.022,30,0.0,1.0,0.0,12,0.0,1.0,0.0,4,0.0,S/D,0.0,2
472B3006,CUMBA,CAJAMARCA,CUTERVO,mpas15,pp,20260907,20261006,00Z,D1,6h,1.664,4.643,0.281,114,0.867,0.822,0.173,15,1.0,0.902,0.098,6,0.5,0.933,0.062,2,0.0,S/D,0.0,1
4726A602,CUTERVO,CAJAMARCA,CUTERVO,ecmwf,pp,20260907,20261006,"00Z,12Z",D1,6h,1.155,3.046,0.157,190,0.9,0.818,0.179,30,0.5,0.881,0.107,16,1.0,0.833,0.167,2,S/D,S/D,S/D,0
4726A602,CUTERVO,CAJAMARCA,CUTERVO,gfs,pp,20260907,20261006,"00Z,12Z",D1,6h,0.773,2.163,0.206,190,0.967,0.82,0.179,30,0.5,0.875,0.111,16,1.0,0.75,0.25,2,S/D,S/D,S/D,0
4726A602,CUTERVO,CAJAMARCA,CUTERVO,eta5,pp,20260907,20261006,"00Z,12Z",D1,6h,-0.111,2.395,0.116,159,0.444,0.778,0.174,27,0.067,0.909,0.04,15,0.0,1.0,0.0,2,S/D,S/D,S/D,0
4726A602,CUTERVO,CAJAMARCA,CUTERVO,wrf5,pp,20260907,20261006,"00Z,12Z",D1,6h,0.067,1.985,0.201,186,0.3,0.743,0.161,30,0.375,0.667,0.214,16,0.5,0.857,0.125,2,S/D,S/D,S/D,0
4726A602,CUTERVO,CAJAMARCA,CUTERVO,mpas15,pp,20260907,20261006,00Z,D1,6h,1.179,3.262,0.238,95,0.867,0.75,0.241,15,0.75,0.824,0.167,8,1.0,0.9,0.1,1,S/D,S/D,S/D,0
472680EE,BAMBAMARCA M,CAJAMARCA,HUALGAYOC,ecmwf,pp,20260907,20261006,"00Z,12Z",D1,6h,0.989,2.611,0.312,228,0.889,0.763,0.23,36,0.5,0.873,0.113,14,0.0,1.0,0.0,4,S/D,S/D,S/D,0
472680EE,BAMBAMARCA M,CAJAMARCA,HUALGAYOC,gfs,pp,20260907,20261006,"00Z,12Z",D1,6h,1.32,2.814,0.239,228,0.944,0.818,0.18,36,0.571,0.918,0.078,14,0.0,1.0,0.0,4,S/D,S/D,S/D,0
472680EE,BAMBAMARCA M,CAJAMARCA,HUALGAYOC,eta5,pp,20260907,20261006,"00Z,12Z",D1,6h,0.736,2.021,0.072,185,0.536,0.815,0.16,28,0.333,0.939,0.055,9,0.0,1.0,0.0,2,S/D,S/D,S/D,0
472680EE,BAMBAMARCA M,CAJAMARCA,HUALGAYOC,wrf5,pp,20260907,20261006,"00Z,12Z",D1,6h,0.365,2.153,0.196,224,0.5,0.727,0.214,36,0.214,0.889,0.079,14,0.0,1.0,0.0,4,S/D,S/D,S/D,0
472680EE,BAMBAMARCA M,CAJAMARCA,HUALGAYOC,mpas15,pp,20260907,20261006,00Z,D1,6h,1.485,3.354,0.131,114,0.667,0.793,0.188,18,0.571,0.915,0.08,7,0.0,1.0,0.0,2,S/D,S/D,S/D,0
4727F484,CHUGUR,CAJAMARCA,HUALGAYOC,ecmwf,pp,20260907,20261006,"00Z,12Z",D1,6h,2.017,3.535,S/D,230,S/D,1.0,0.0,0,S/D,1.0,0.0,0,S/D,1.0,0.0,0,S/D,S/D,S/D,0
4727F484,CHUGUR,CAJAMARCA,HUALGAYOC,gfs,pp,20260907,20261006,"00Z,12Z",D1,6h,2.046,4.538,S/D,230,S/D,1.0,0.0,0,S/D,1.0,0.0,0,S/D,1.0,0.0,0,S/D,1.0,0.0,0
4727F484,CHUGUR,CAJAMARCA,HUALGAYOC,eta5,pp,20260907,20261006,"00Z,12Z",D1,6h,1.354,3.064,S/D,187,S/D,1.0,0.0,0,S/D,1.0,0.0,0,S/D,1.0,0.0,0,S/D,S/D,S/D,0
4727F484,CHUGUR,CAJAMARCA,HUALGAYOC,wrf5,pp,20260907,20261006,"00Z,12Z",D1,6h,1.728,4.208,S/D,226,S/D,1.0,0.0,0,S/D,1.0,0.0,0,S/D,1.0,0.0,0,S/D,1.0,0.0,0
4727F484,CHUGUR,CAJAMARCA,HUALGAYOC,mpas15,pp,20260907,20261006,00Z,D1,6h,2.53,5.396,S/D,115,S/D,1.0,0.0,0,S/D,1.0,0.0,0,S/D,1.0,0.0,0,S/D,1.0,0.0,0
472A571A,HUALLAPE,CAJAMARCA,JAEN,ecmwf,pp,20260907,20261006,"00Z,12Z",D1,6h,0.929,2.358,0.205,234,0.875,0.872,0.126,24,0.5,0.952,0.045,6,0.0,1.0,0.0,2,S/D,S/D,S/D,0
472A571A,HUALLAPE,CAJAMARCA,JAEN,gfs,pp,20260907,20261006,"00Z,12Z",D1,6h,0.201,0.866,0.215,234,0.667,0.826,0.16,24,0.667,0.84,0.148,6,0.0,S/D,0.0,2,S/D,S/D,S/D,0
472A571A,HUALLAPE,CAJAMARCA,JAEN,eta5,pp,20260907,20261006,"00Z,12Z",D1,6h,1.374,2.665,0.164,189,0.647,0.887,0.107,17,1.0,0.921,0.079,5,1.0,0.947,0.053,1,S/D,S/D,S/D,0
472A571A,HUALLAPE,CAJAMARCA,JAEN,wrf5,pp,20260907,20261006,"00Z,12Z",D1,6h,0.035,1.362,0.163,230,0.083,0.867,0.054,24,0.0,1.0,0.0,6,0.0,1.0,0.0,2,S/D,S/D,S/D,0
472A571A,HUALLAPE,CAJAMARCA,JAEN,mpas15,pp,20260907,20261006,00Z,D1,6h,0.791,2.529,0.164,117,0.583,0.837,0.146,12,0.667,0.939,0.059,3,0.0,1.0,0.0,1,S/D,S/D,S/D,0
47269398,JAEN,CAJAMARCA,JAEN,ecmwf,pp,20260907,20261006,"00Z,12Z",D1,6h,0.464,1.128,0.276,218,0.75,0.847,0.146,20,0.5,0.9,0.091,8,S/D,1.0,0.0,0,S/D,S/D,S/D,0
47269398,JAEN,CAJAMARCA,JAEN,gfs,pp,20260907,20261006,"00Z,12Z",D1,6h,0.358,0.86,0.225,218,0.75,0.847,0.146,20,0.375,0.912,0.077,8,S/D,1.0,0.0,0,S/D,S/D,S/D,0
47269398,JAEN,CAJAMARCA,JAEN,eta5,pp,20260907,20261006,"00Z,12Z",D1,6h,2.575,4.096,0.092,175,0.75,0.903,0.094,16,0.6,0.969,0.03,5,S/D,1.0,0.0,0,S/D,S/D,S/D,0
47269398,JAEN,CAJAMARCA,JAEN,wrf5,pp,20260907,20261006,"00Z,12Z",D1,6h,-0.059,0.341,0.122,214,0.15,0.7,0.111,20,0.0,S/D,0.0,8,S/D,S/D,S/D,0,S/D,S/D,S/D,0
47269398,JAEN,CAJAMARCA,JAEN,mpas15,pp,20260907,20261006,00Z,D1,6h,1.943,3.65,0.237,109,0.9,0.859,0.138,10,1.0,0.922,0.078,4,S/D,1.0,0.0,0,S/D,S/D,S/D,0
105136,SAUZAL,CAJAMARCA,JAEN,ecmwf,pp,20260907,20261006,"00Z,12Z",D1,6h,0.911,2.453,0.167,234,0.8,0.921,0.078,10,0.5,0.962,0.036,4,S/D,1.0,0.0,0,S/D,S/D,S/D,0
105136,SAUZAL,CAJAMARCA,JAEN,gfs,pp,20260907,20261006,"00Z,12Z",D1,6h,0.992,2.666,0.223,234,0.9,0.926,0.073,10,0.5,0.967,0.032,4,S/D,1.0,0.0,0,S/D,1.0,0.0,0
105136,SAUZAL,CAJAMARCA,JAEN,eta5,pp,20260907,20261006,"00Z,12Z",D1,6h,0.966,2.771,0.047,191,0.5,0.938,0.058,8,0.0,1.0,0.0,3,S/D,1.0,0.0,0,S/D,S/D,S/D,0
105136,SAUZAL,CAJAMARCA,JAEN,wrf5,pp,20260907,20261006,"00Z,12Z",D1,6h,0.052,0.862,0.125,230,0.1,0.929,0.043,10,0.0,1.0,0.0,4,S/D,1.0,0.0,0,S/D,S/D,S/D,0
105136,SAUZAL,CAJAMARCA,JAEN,mpas15,pp,20260907,20261006,00Z,D1,6h,0.807,1.935,0.21,117,0.8,0.892,0.105,5,0.5,0.968,0.031,2,S/D,1.0,0.0,0,S/D,S/D,S/D,0
4725E206,SAN MARCOS,CAJAMARCA,SAN MARCOS,ecmwf,pp,20260907,20261006,"00Z,12Z",D1,6h,0.643,2.051,0.157,226,0.667,0.899,0.096,18,0.5,0.943,0.054,4,0.0,1.0,0.0,2,S/D,S/D,S/D,0
4725E206,SAN MARCOS,CAJAMARCA,SAN MARCOS,gfs,pp,20260907,20261006,"00Z,12Z",D1,6h,1.054,2.089,0.231,226,1.0,0.889,0.111,18,0.75,0.963,0.037,4,0.0,1.0,0.0,2,S/D,S/D,S/D,0
4725E206,SAN MARCOS,CAJAMARCA,SAN MARCOS,eta5,pp,20260907,20261006,"00Z,12Z",D1,6h,0.413,1.587,0.194,185,0.667,0.846,0.143,15,0.25,0.97,0.028,4,0.0,1.0,0.0,2,S/D,S/D,S/D,0
4725E206,SAN MARCOS,CAJAMARCA,SAN MARCOS,wrf5,pp,20260907,20261006,"00Z,12Z",D1,6h,0.592,2.584,0.27,222,0.667,0.774,0.203,18,0.25,0.962,0.034,4,0.0,1.0,0.0,2,S/D,S/D,S/D,0
4725E206,SAN MARCOS,CAJAMARCA,SAN MARCOS,mpas15,pp,20260907,20261006,00Z,D1,6h,1.065,3.481,0.207,113,0.667,0.867,0.125,9,0.5,0.971,0.029,2,0.0,1.0,0.0,1,S/D,S/D,S/D,0
47E207A4,TONGOD,CAJAMARCA,SAN MIGUEL,ecmwf,pp,20260907,20261006,"00Z,12Z",D1,6h,0.914,3.43,0.335,230,0.737,0.654,0.308,76,0.786,0.773,0.214,28,0.75,0.667,0.3,16,S/D,S/D,S/D,0
47E207A4,TONGOD,CAJAMARCA,SAN MIGUEL,gfs,pp,20260907,20261006,"00Z,12Z",D1,6h,0.992,4.664,0.435,230,0.895,0.616,0.368,76,0.786,0.763,0.222,28,0.5,0.742,0.205,16,S/D,1.0,0.0,0
47E207A4,TONGOD,CAJAMARCA,SAN MIGUEL,eta5,pp,20260907,20261006,"00Z,12Z",D1,6h,-0.302,2.906,0.334,186,0.603,0.545,0.35,58,0.526,0.655,0.263,19,0.0,1.0,0.0,8,S/D,S/D,S/D,0
47E207A4,TONGOD,CAJAMARCA,SAN MIGUEL,wrf5,pp,20260907,20261006,"00Z,12Z",D1,6h,0.071,3.481,0.432,226,0.645,0.402,0.45,76,0.607,0.622,0.304,28,0.562,0.5,0.36,16,S/D,S/D,S/D,0
47E207A4,TONGOD,CAJAMARCA,SAN MIGUEL,mpas15,pp,20260907,20261006,00Z,D1,6h,1.169,3.723,0.381,115,0.605,0.531,0.359,38,0.786,0.756,0.229,14,0.75,0.739,0.24,8,S/D,S/D,S/D,0
47E1C5B4,CAÑAD,CAJAMARCA,SANTA CRUZ,ecmwf,pp,20260907,20261006,"00Z,12Z",D1,6h,1.663,3.446,0.037,226,0.875,0.953,0.047,8,S/D,1.0,0.0,0,S/D,1.0,0.0,0,S/D,S/D,S/D,0
47E1C5B4,CAÑAD,CAJAMARCA,SANTA CRUZ,gfs,pp,20260907,20261006,"00Z,12Z",D1,6h,1.619,3.205,0.192,226,1.0,0.952,0.048,8,S/D,1.0,0.0,0,S/D,1.0,0.0,0,S/D,S/D,S/D,0
47E1C5B4,CAÑAD,CAJAMARCA,SANTA CRUZ,eta5,pp,20260907,20261006,"00Z,12Z",D1,6h,1.294,2.688,0.154,186,1.0,0.948,0.052,5,S/D,1.0,0.0,0,S/D,1.0,0.0,0,S/D,S/D,S/D,0
47E1C5B4,CAÑAD,CAJAMARCA,SANTA CRUZ,wrf5,pp,20260907,20261006,"00Z,12Z",D1,6h,0.155,0.858,0.31,222,0.75,0.727,0.25,8,S/D,1.0,0.0,0,S/D,1.0,0.0,0,S/D,S/D,S/D,0
47E1C5B4,CAÑAD,CAJAMARCA,SANTA CRUZ,mpas15,pp,20260907,20261006,00Z,D1,6h,1.371,2.946,0.151,113,1.0,0.918,0.082,4,S/D,1.0,0.0,0,S/D,1.0,0.0,0,S/D,S/D,S/D,0
47E3055E,CHANCAY BAÑOS,CAJAMARCA,SANTA CRUZ,ecmwf,pp,20260907,20261006,"00Z,12Z",D1,6h,1.32,3.266,0.138,238,0.795,0.809,0.182,44,0.75,0.852,0.141,16,0.75,0.85,0.143,4,S/D,S/D,S/D,0
47E3055E,CHANCAY BAÑOS,CAJAMARCA,SANTA CRUZ,gfs,pp,20260907,20261006,"00Z,12Z",D1,6h,0.829,2.05,0.219,238,0.886,0.805,0.19,44,0.625,0.868,0.122,16,0.5,0.846,0.133,4,S/D,S/D,S/D,0
47E3055E,CHANCAY BAÑOS,CAJAMARCA,SANTA CRUZ,eta5,pp,20260907,20261006,"00Z,12Z",D1,6h,1.006,2.938,0.201,193,0.75,0.779,0.206,28,0.7,0.873,0.121,10,0.333,0.917,0.071,3,S/D,S/D,S/D,0
47E3055E,CHANCAY BAÑOS,CAJAMARCA,SANTA CRUZ,wrf5,pp,20260907,20261006,"00Z,12Z",D1,6h,0.224,2.976,0.224,234,0.364,0.652,0.216,44,0.375,0.778,0.162,16,0.0,1.0,0.0,4,S/D,1.0,0.0,0
47E3055E,CHANCAY BAÑOS,CAJAMARCA,SANTA CRUZ,mpas15,pp,20260907,20261006,00Z,D1,6h,1.389,3.351,0.13,119,0.5,0.788,0.175,22,0.625,0.881,0.111,8,0.5,0.941,0.056,2,S/D,S/D,S/D,0
47E1E358,PUENTE AMBAN,CAJAMARCA,SANTA CRUZ,ecmwf,pp,20260907,20261006,"00Z,12Z",D1,6h,0.884,2.641,0.081,236,0.605,0.841,0.144,38,0.833,0.846,0.149,12,0.667,0.765,0.211,6,S/D,S/D,S/D,0
47E1E358,PUENTE AMBAN,CAJAMARCA,SANTA CRUZ,gfs,pp,20260907,20261006,"00Z,12Z",D1,6h,0.434,1.974,0.359,236,0.816,0.739,0.246,38,0.833,0.756,0.233,12,0.0,1.0,0.0,6,S/D,S/D,S/D,0
47E1E358,PUENTE AMBAN,CAJAMARCA,SANTA CRUZ,eta5,pp,20260907,20261006,"00Z,12Z",D1,6h,1.503,3.753,0.191,191,0.72,0.83,0.159,25,0.75,0.918,0.08,8,0.25,0.955,0.04,4,S/D,S/D,S/D,0
47E1E358,PUENTE AMBAN,CAJAMARCA,SANTA CRUZ,wrf5,pp,20260907,20261006,"00Z,12Z",D1,6h,0.113,2.688,0.263,232,0.342,0.618,0.22,38,0.583,0.682,0.259,12,0.0,1.0,0.0,6,S/D,S/D,S/D,0
47E1E358,PUENTE AMBAN,CAJAMARCA,SANTA CRUZ,mpas15,pp,20260907,20261006,00Z,D1,6h,1.408,3.411,0.106,118,0.474,0.824,0.148,19,0.833,0.881,0.116,6,1.0,0.824,0.176,3,S/D,S/D,S/D,0
114132,POMACANCHI,CUSCO,ACOMAYO,ecmwf,pp,20260907,20261006,"00Z,12Z",D1,6h,0.307,0.865,0.406,236,0.833,0.726,0.26,24,0.333,0.943,0.051,6,S/D,1.0,0.0,0,S/D,S/D,S/D,0
114132,POMACANCHI,CUSCO,ACOMAYO,gfs,pp,20260907,20261006,"00Z,12Z",D1,6h,0.321,1.313,0.414,236,0.875,0.716,0.273,24,0.667,0.826,0.16,6,S/D,1.0,0.0,0,S/D,S/D,S/D,0
114132,POMACANCHI,CUSCO,ACOMAYO,eta5,pp,20260907,20261006,"00Z,12Z",D1,6h,0.344,1.274,0.478,192,0.739,0.653,0.309,23,0.833,0.792,0.2,6,S/D,1.0,0.0,0,S/D,S/D,S/D,0
114132,POMACANCHI,CUSCO,ACOMAYO,wrf5,pp,20260907,20261006,"00Z,12Z",D1,6h,0.176,1.245,0.451,232,0.542,0.567,0.317,24,0.167,0.9,0.067,6,S/D,1.0,0.0,0,S/D,S/D,S/D,0
114132,POMACANCHI,CUSCO,ACOMAYO,mpas15,pp,20260907,20261006,00Z,D1,6h,0.337,0.76,0.4,118,0.833,0.722,0.263,12,0.667,0.909,0.087,3,S/D,S/D,S/D,0,S/D,S/D,S/D,0
113252,ANCACHURO,CUSCO,ANTA,ecmwf,pp,20260907,20261006,"00Z,12Z",D1,6h,0.494,1.304,0.328,232,0.889,0.814,0.182,18,0.833,0.878,0.119,6,S/D,1.0,0.0,0,S/D,S/D,S/D,0
113252,ANCACHURO,CUSCO,ANTA,gfs,pp,20260907,20261006,"00Z,12Z",D1,6h,0.394,1.131,0.292,232,0.722,0.84,0.151,18,0.667,0.862,0.129,6,S/D,1.0,0.0,0,S/D,S/D,S/D,0
113252,ANCACHURO,CUSCO,ANTA,eta5,pp,20260907,20261006,"00Z,12Z",D1,6h,0.545,1.594,0.333,187,0.706,0.755,0.222,17,0.833,0.839,0.156,6,S/D,1.0,0.0,0,S/D,S/D,S/D,0
113252,ANCACHURO,CUSCO,ANTA,wrf5,pp,20260907,20261006,"00Z,12Z",D1,6h,0.093,0.599,0.364,228,0.556,0.744,0.213,18,0.167,0.875,0.077,6,S/D,1.0,0.0,0,S/D,S/D,S/D,0
113252,ANCACHURO,CUSCO,ANTA,mpas15,pp,20260907,20261006,00Z,D1,6h,0.406,0.914,0.206,116,0.667,0.824,0.162,9,0.667,0.923,0.074,3,S/D,S/D,S/D,0,S/D,S/D,S/D,0
47294362,SORAYPAMPA,CUSCO,ANTA,ecmwf,pp,20260907,20261006,"00Z,12Z",D1,6h,S/D,S/D,S/D,0,S/D,S/D,S/D,0,S/D,S/D,S/D,0,S/D,S/D,S/D,0,S/D,S/D,S/D,0
47294362,SORAYPAMPA,CUSCO,ANTA,gfs,pp,20260907,20261006,"00Z,12Z",D1,6h,S/D,S/D,S/D,0,S/D,S/D,S/D,0,S/D,S/D,S/D,0,S/D,S/D,S/D,0,S/D,S/D,S/D,0
47294362,SORAYPAMPA,CUSCO,ANTA,eta5,pp,20260907,20261006,"00Z,12Z",D1,6h,S/D,S/D,S/D,0,S/D,S/D,S/D,0,S/D,S/D,S/D,0,S/D,S/D,S/D,0,S/D,S/D,S/D,0
47294362,SORAYPAMPA,CUSCO,ANTA,wrf5,pp,20260907,20261006,"00Z,12Z",D1,6h,S/D,S/D,S/D,0,S/D,S/D,S/D,0,S/D,S/D,S/D,0,S/D,S/D,S/D,0,S/D,S/D,S/D,0
47294362,SORAYPAMPA,CUSCO,ANTA,mpas15,pp,20260907,20261006,00Z,D1,6h,S/D,S/D,S/D,0,S/D,S/D,S/D,0,S/D,S/D,S/D,0,S/D,S/D,S/D,0,S/D,S/D,S/D,0
472976F8,CALCA,CUSCO,CALCA,ecmwf,pp,20260907,20261006,"00Z,12Z",D1,6h,0.506,1.194,0.341,222,0.875,0.744,0.247,24,0.0,1.0,0.0,2,S/D,1.0,0.0,0,S/D,S/D,S/D,0
472976F8,CALCA,CUSCO,CALCA,gfs,pp,20260907,20261006,"00Z,12Z",D1,6h,0.616,1.3,0.337,222,0.917,0.82,0.177,24,0.0,1.0,0.0,2,S/D,1.0,0.0,0,S/D,S/D,S/D,0
472976F8,CALCA,CUSCO,CALCA,eta5,pp,20260907,20261006,"00Z,12Z",D1,6h,0.121,0.847,0.29,182,0.409,0.625,0.243,22,0.0,1.0,0.0,2,S/D,1.0,0.0,0,S/D,S/D,S/D,0
472976F8,CALCA,CUSCO,CALCA,wrf5,pp,20260907,20261006,"00Z,12Z",D1,6h,0.064,0.547,0.366,219,0.375,0.719,0.191,24,0.0,1.0,0.0,2,S/D,S/D,S/D,0,S/D,S/D,S/D,0
472976F8,CALCA,CUSCO,CALCA,mpas15,pp,20260907,20261006,00Z,D1,6h,0.423,1.0,0.31,111,0.75,0.727,0.25,12,1.0,0.962,0.038,1,S/D,S/D,S/D,0,S/D,S/D,S/D,0
472A6280,NUEVO PISAC,CUSCO,CALCA,ecmwf,pp,20260907,20261006,"00Z,12Z",D1,6h,S/D,S/D,S/D,0,S/D,S/D,S/D,0,S/D,S/D,S/D,0,S/D,S/D,S/D,0,S/D,S/D,S/D,0
472A6280,NUEVO PISAC,CUSCO,CALCA,gfs,pp,20260907,20261006,"00Z,12Z",D1,6h,S/D,S/D,S/D,0,S/D,S/D,S/D,0,S/D,S/D,S/D,0,S/D,S/D,S/D,0,S/D,S/D,S/D,0
472A6280,NUEVO PISAC,CUSCO,CALCA,eta5,pp,20260907,20261006,"00Z,12Z",D1,6h,S/D,S/D,S/D,0,S/D,S/D,S/D,0,S/D,S/D,S/D,0,S/D,S/D,S/D,0,S/D,S/D,S/D,0
472A6280,NUEVO PISAC,CUSCO,CALCA,wrf5,pp,20260907,20261006,"00Z,12Z",D1,6h,S/D,S/D,S/D,0,S/D,S/D,S/D,0,S/D,S/D,S/D,0,S/D,S/D,S/D,0,S/D,S/D,S/D,0
472A6280,NUEVO PISAC,CUSCO,CALCA,mpas15,pp,20260907,20261006,00Z,D1,6h,S/D,S/D,S/D,0,S/D,S/D,S/D,0,S/D,S/D,S/D,0,S/D,S/D,S/D,0,S/D,S/D,S/D,0
114126,PAYAPUNKU,CUSCO,CANAS,ecmwf,pp,20260907,20261006,"00Z,12Z",D1,6h,0.347,1.159,0.547,228,0.969,0.608,0.388,32,0.7,0.767,0.212,10,S/D,1.0,0.0,0,S/D,S/D,S/D,0
114126,PAYAPUNKU,CUSCO,CANAS,gfs,pp,20260907,20261006,"00Z,12Z",D1,6h,0.216,1.203,0.421,228,0.719,0.657,0.303,32,0.0,1.0,0.0,10,S/D,1.0,0.0,0,S/D,S/D,S/D,0
114126,PAYAPUNKU,CUSCO,CANAS,eta5,pp,20260907,20261006,"00Z,12Z",D1,6h,0.212,1.118,0.45,186,0.71,0.551,0.379,31,0.4,0.833,0.133,10,S/D,1.0,0.0,0,S/D,S/D,S/D,0
114126,PAYAPUNKU,CUSCO,CANAS,wrf5,pp,20260907,20261006,"00Z,12Z",D1,6h,0.173,1.664,0.378,225,0.4,0.676,0.218,30,0.0,1.0,0.0,9,S/D,1.0,0.0,0,S/D,S/D,S/D,0
114126,PAYAPUNKU,CUSCO,CANAS,mpas15,pp,20260907,20261006,00Z,D1,6h,0.331,1.085,0.413,114,0.812,0.581,0.382,16,0.6,0.864,0.125,5,S/D,1.0,0.0,0,S/D,S/D,S/D,0
114125,SAUSAYA,CUSCO,CANAS,ecmwf,pp,20260907,20261006,"00Z,12Z",D1,6h,0.428,1.198,0.395,230,0.944,0.79,0.207,18,0.5,0.909,0.083,6,S/D,1.0,0.0,0,S/D,S/D,S/D,0
114125,SAUSAYA,CUSCO,CANAS,gfs,pp,20260907,20261006,"00Z,12Z",D1,6h,0.313,1.194,0.302,230,0.778,0.797,0.192,18,0.333,0.909,0.077,6,S/D,1.0,0.0,0,S/D,S/D,S/D,0
114125,SAUSAYA,CUSCO,CANAS,eta5,pp,20260907,20261006,"00Z,12Z",D1,6h,0.892,2.203,0.335,187,0.882,0.776,0.217,17,0.6,0.935,0.062,5,S/D,1.0,0.0,0,S/D,S/D,S/D,0
114125,SAUSAYA,CUSCO,CANAS,wrf5,pp,20260907,20261006,"00Z,12Z",D1,6h,0.291,1.907,0.272,226,0.444,0.75,0.19,18,0.167,0.923,0.056,6,S/D,1.0,0.0,0,S/D,S/D,S/D,0
114125,SAUSAYA,CUSCO,CANAS,mpas15,pp,20260907,20261006,00Z,D1,6h,0.361,0.904,0.284,115,0.778,0.781,0.206,9,0.667,0.909,0.087,3,S/D,1.0,0.0,0,S/D,S/D,S/D,0
472E025C,QUISOQUEPINA,CUSCO,CANCHIS,ecmwf,pp,20260907,20261006,"00Z,12Z",D1,6h,S/D,S/D,S/D,0,S/D,S/D,S/D,0,S/D,S/D,S/D,0,S/D,S/D,S/D,0,S/D,S/D,S/D,0
472E025C,QUISOQUEPINA,CUSCO,CANCHIS,gfs,pp,20260907,20261006,"00Z,12Z",D1,6h,S/D,S/D,S/D,0,S/D,S/D,S/D,0,S/D,S/D,S/D,0,S/D,S/D,S/D,0,S/D,S/D,S/D,0
472E025C,QUISOQUEPINA,CUSCO,CANCHIS,eta5,pp,20260907,20261006,"00Z,12Z",D1,6h,S/D,S/D,S/D,0,S/D,S/D,S/D,0,S/D,S/D,S/D,0,S/D,S/D,S/D,0,S/D,S/D,S/D,0
472E025C,QUISOQUEPINA,CUSCO,CANCHIS,wrf5,pp,20260907,20261006,"00Z,12Z",D1,6h,S/D,S/D,S/D,0,S/D,S/D,S/D,0,S/D,S/D,S/D,0,S/D,S/D,S/D,0,S/D,S/D,S/D,0
472E025C,QUISOQUEPINA,CUSCO,CANCHIS,mpas15,pp,20260907,20261006,00Z,D1,6h,S/D,S/D,S/D,0,S/D,S/D,S/D,0,S/D,S/D,S/D,0,S/D,S/D,S/D,0,S/D,S/D,S/D,0
114118,SALCCA,CUSCO,CANCHIS,ecmwf,pp,20260907,20261006,"00Z,12Z",D1,6h,0.275,0.981,0.419,238,0.9,0.775,0.22,20,0.75,0.654,0.31,12,S/D,1.0,0.0,0,S/D,S/D,S/D,0
114118,SALCCA,CUSCO,CANCHIS,gfs,pp,20260907,20261006,"00Z,12Z",D1,6h,0.13,0.723,0.415,238,0.9,0.731,0.261,20,0.583,0.611,0.304,12,S/D,1.0,0.0,0,S/D,S/D,S/D,0
114118,SALCCA,CUSCO,CANCHIS,eta5,pp,20260907,20261006,"00Z,12Z",D1,6h,0.488,1.593,0.468,193,0.85,0.707,0.279,20,0.917,0.656,0.333,12,S/D,1.0,0.0,0,S/D,S/D,S/D,0
114118,SALCCA,CUSCO,CANCHIS,wrf5,pp,20260907,20261006,"00Z,12Z",D1,6h,0.149,1.056,0.438,234,0.75,0.571,0.375,20,0.5,0.571,0.3,12,S/D,1.0,0.0,0,S/D,S/D,S/D,0
114118,SALCCA,CUSCO,CANCHIS,mpas15,pp,20260907,20261006,00Z,D1,6h,0.272,0.883,0.291,119,0.8,0.758,0.229,10,0.833,0.783,0.208,6,S/D,1.0,0.0,0,S/D,S/D,S/D,0
47E8B578,SIBINACOCHA,CUSCO,CANCHIS,ecmwf,pp,20260907,20261006,"00Z,12Z",D1,6h,0.13,0.706,0.47,234,0.806,0.613,0.354,36,0.1,0.917,0.048,10,S/D,S/D,S/D,0,S/D,S/D,S/D,0
47E8B578,SIBINACOCHA,CUSCO,CANCHIS,gfs,pp,20260907,20261006,"00Z,12Z",D1,6h,0.463,1.193,0.43,234,0.778,0.674,0.298,36,0.6,0.857,0.13,10,S/D,1.0,0.0,0,S/D,S/D,S/D,0
47E8B578,SIBINACOCHA,CUSCO,CANCHIS,eta5,pp,20260907,20261006,"00Z,12Z",D1,6h,0.185,1.033,0.322,190,0.364,0.613,0.231,33,0.4,0.778,0.167,10,S/D,1.0,0.0,0,S/D,S/D,S/D,0
47E8B578,SIBINACOCHA,CUSCO,CANCHIS,wrf5,pp,20260907,20261006,"00Z,12Z",D1,6h,0.132,0.817,0.343,231,0.471,0.628,0.262,34,0.4,0.75,0.182,10,S/D,1.0,0.0,0,S/D,S/D,S/D,0
47E8B578,SIBINACOCHA,CUSCO,CANCHIS,mpas15,pp,20260907,20261006,00Z,D1,6h,0.435,0.996,0.49,117,0.889,0.579,0.4,18,0.4,0.929,0.065,5,S/D,S/D,S/D,0,S/D,S/D,S/D,0
4726158C,SICUANI,CUSCO,CANCHIS,ecmwf,pp,20260907,20261006,"00Z,12Z",D1,6h,0.339,1.138,0.323,222,0.833,0.865,0.132,12,0.0,1.0,0.0,2,S/D,1.0,0.0,0,S/D,S/D,S/D,0
4726158C,SICUANI,CUSCO,CANCHIS,gfs,pp,20260907,20261006,"00Z,12Z",D1,6h,0.218,0.735,0.395,222,1.0,0.8,0.2,12,1.0,0.875,0.125,2,S/D,1.0,0.0,0,S/D,S/D,S/D,0
4726158C,SICUANI,CUSCO,CANCHIS,eta5,pp,20260907,20261006,"00Z,12Z",D1,6h,0.631,1.677,0.422,181,0.917,0.804,0.193,12,1.0,0.938,0.062,2,S/D,1.0,0.0,0,S/D,S/D,S/D,0
4726158C,SICUANI,CUSCO,CANCHIS,wrf5,pp,20260907,20261006,"00Z,12Z",D1,6h,0.227,1.278,0.486,218,0.833,0.615,0.357,12,1.0,0.714,0.286,2,S/D,1.0,0.0,0,S/D,S/D,S/D,0
4726158C,SICUANI,CUSCO,CANCHIS,mpas15,pp,20260907,20261006,00Z,D1,6h,0.354,1.003,0.182,111,0.667,0.867,0.125,6,1.0,0.95,0.05,1,S/D,1.0,0.0,0,S/D,S/D,S/D,0
114123,MARCA CUNKA,CUSCO,CHUMBIVILCAS,ecmwf,pp,20260907,20261006,"00Z,12Z",D1,6h,0.248,0.885,0.482,230,0.929,0.675,0.317,28,0.45,0.679,0.231,20,S/D,1.0,0.0,0,S/D,S/D,S/D,0
114123,MARCA CUNKA,CUSCO,CHUMBIVILCAS,gfs,pp,20260907,20261006,"00Z,12Z",D1,6h,0.215,0.804,0.379,230,0.929,0.757,0.239,28,0.4,0.789,0.16,20,S/D,S/D,S/D,0,S/D,S/D,S/D,0
114123,MARCA CUNKA,CUSCO,CHUMBIVILCAS,eta5,pp,20260907,20261006,"00Z,12Z",D1,6h,0.502,1.43,0.485,187,0.846,0.633,0.344,26,0.778,0.667,0.304,18,S/D,1.0,0.0,0,S/D,S/D,S/D,0
114123,MARCA CUNKA,CUSCO,CHUMBIVILCAS,wrf5,pp,20260907,20261006,"00Z,12Z",D1,6h,0.131,1.333,0.487,227,0.654,0.66,0.288,26,0.222,0.778,0.125,18,S/D,1.0,0.0,0,S/D,S/D,S/D,0
114123,MARCA CUNKA,CUSCO,CHUMBIVILCAS,mpas15,pp,20260907,20261006,00Z,D1,6h,0.324,0.785,0.428,115,0.857,0.657,0.324,14,0.8,0.692,0.286,10,S/D,S/D,S/D,0,S/D,S/D,S/D,0
4729A090,SANTO TOMAS,CUSCO,CHUMBIVILCAS,ecmwf,pp,20260907,20261006,"00Z,12Z",D1,6h,0.212,0.827,0.504,212,0.933,0.622,0.368,30,0.571,0.667,0.267,14,S/D,1.0,0.0,0,S/D,S/D,S/D,0
4729A090,SANTO TOMAS,CUSCO,CHUMBIVILCAS,gfs,pp,20260907,20261006,"00Z,12Z",D1,6h,0.229,0.834,0.367,212,0.9,0.733,0.26,30,0.286,0.889,0.087,14,S/D,S/D,S/D,0,S/D,S/D,S/D,0
4729A090,SANTO TOMAS,CUSCO,CHUMBIVILCAS,eta5,pp,20260907,20261006,"00Z,12Z",D1,6h,0.502,1.389,0.497,174,0.815,0.6,0.367,27,0.75,0.735,0.243,12,S/D,1.0,0.0,0,S/D,S/D,S/D,0
4729A090,SANTO TOMAS,CUSCO,CHUMBIVILCAS,wrf5,pp,20260907,20261006,"00Z,12Z",D1,6h,-0.015,0.753,0.448,208,0.333,0.727,0.176,27,0.0,1.0,0.0,12,S/D,S/D,S/D,0,S/D,S/D,S/D,0
4729A090,SANTO TOMAS,CUSCO,CHUMBIVILCAS,mpas15,pp,20260907,20261006,00Z,D1,6h,0.334,0.766,0.495,106,0.933,0.588,0.4,15,1.0,0.708,0.292,7,S/D,S/D,S/D,0,S/D,S/D,S/D,0
114124,HUAYHUAHUASI,CUSCO,ESPINAR,ecmwf,pp,20260907,20261006,"00Z,12Z",D1,6h,0.234,1.048,0.434,238,1.0,0.76,0.24,18,0.625,0.792,0.185,8,0.0,1.0,0.0,2,S/D,S/D,S/D,0
114124,HUAYHUAHUASI,CUSCO,ESPINAR,gfs,pp,20260907,20261006,"00Z,12Z",D1,6h,0.346,1.097,0.392,238,1.0,0.793,0.207,18,0.625,0.868,0.122,8,0.0,1.0,0.0,2,S/D,S/D,S/D,0
114124,HUAYHUAHUASI,CUSCO,ESPINAR,eta5,pp,20260907,20261006,"00Z,12Z",D1,6h,0.734,1.941,0.365,193,0.833,0.773,0.217,18,0.75,0.87,0.125,8,0.0,1.0,0.0,2,S/D,S/D,S/D,0
114124,HUAYHUAHUASI,CUSCO,ESPINAR,wrf5,pp,20260907,20261006,"00Z,12Z",D1,6h,0.29,1.496,0.387,234,0.75,0.739,0.24,16,0.571,0.826,0.154,7,0.5,0.8,0.167,2,S/D,S/D,S/D,0
114124,HUAYHUAHUASI,CUSCO,ESPINAR,mpas15,pp,20260907,20261006,00Z,D1,6h,0.255,0.977,0.426,119,1.0,0.71,0.29,9,1.0,0.8,0.2,4,0.0,1.0,0.0,1,S/D,S/D,S/D,0
47E880E2,PICHARI,CUSCO,LA CONVENCION,ecmwf,pp,20260907,20261006,"00Z,12Z",D1,6h,1.267,6.335,0.421,232,0.975,0.783,0.215,40,1.0,0.818,0.182,24,0.5,0.86,0.122,12,0.0,S/D,0.0,4
47E880E2,PICHARI,CUSCO,LA CONVENCION,gfs,pp,20260907,20261006,"00Z,12Z",D1,6h,0.196,6.078,0.292,232,0.975,0.817,0.182,40,0.917,0.796,0.2,24,0.0,1.0,0.0,12,0.0,S/D,0.0,4
47E880E2,PICHARI,CUSCO,LA CONVENCION,eta5,pp,20260907,20261006,"00Z,12Z",D1,6h,4.103,9.27,0.304,189,0.857,0.776,0.216,35,0.9,0.843,0.154,20,0.7,0.909,0.087,10,0.0,1.0,0.0,4
47E880E2,PICHARI,CUSCO,LA CONVENCION,wrf5,pp,20260907,20261006,"00Z,12Z",D1,6h,-0.725,6.682,0.322,229,0.462,0.581,0.281,39,0.208,0.762,0.125,24,0.0,1.0,0.0,12,0.0,1.0,0.0,4
47E880E2,PICHARI,CUSCO,LA CONVENCION,mpas15,pp,20260907,20261006,00Z,D1,6h,0.129,5.992,0.209,116,0.8,0.768,0.219,20,0.833,0.821,0.172,12,0.0,1.0,0.0,6,0.0,S/D,0.0,2
112264,PONGO DE MAINIQUE,CUSCO,LA CONVENCION,ecmwf,pp,20260907,20261006,"00Z,12Z",D1,6h,-0.34,6.145,0.25,238,0.793,0.674,0.301,58,0.625,0.805,0.174,24,0.188,0.75,0.12,16,0.0,S/D,0.0,4
112264,PONGO DE MAINIQUE,CUSCO,LA CONVENCION,gfs,pp,20260907,20261006,"00Z,12Z",D1,6h,0.173,6.423,0.266,238,0.914,0.671,0.319,58,0.5,0.86,0.122,24,0.375,0.778,0.162,16,0.0,S/D,0.0,4
112264,PONGO DE MAINIQUE,CUSCO,LA CONVENCION,eta5,pp,20260907,20261006,"00Z,12Z",D1,6h,0.909,6.937,0.133,193,0.6,0.7,0.25,50,0.524,0.853,0.129,21,0.357,0.833,0.128,14,0.0,S/D,0.0,3
112264,PONGO DE MAINIQUE,CUSCO,LA CONVENCION,wrf5,pp,20260907,20261006,"00Z,12Z",D1,6h,-0.944,6.661,0.28,234,0.456,0.519,0.306,57,0.083,0.926,0.041,24,0.0,1.0,0.0,16,0.0,S/D,0.0,4
112264,PONGO DE MAINIQUE,CUSCO,LA CONVENCION,mpas15,pp,20260907,20261006,00Z,D1,6h,-0.617,6.326,0.234,119,0.586,0.63,0.293,29,0.417,0.861,0.116,12,0.0,1.0,0.0,8,0.0,S/D,0.0,2
4729658E,SAN PABLO,CUSCO,LA CONVENCION,ecmwf,pp,20260907,20261006,"00Z,12Z",D1,6h,1.58,3.06,0.221,234,0.921,0.821,0.176,38,0.857,0.906,0.093,14,0.375,0.889,0.094,8,S/D,S/D,S/D,0
4729658E,SAN PABLO,CUSCO,LA CONVENCION,gfs,pp,20260907,20261006,"00Z,12Z",D1,6h,1.225,2.397,0.272,234,0.947,0.819,0.179,38,0.929,0.881,0.118,14,0.25,0.867,0.095,8,S/D,S/D,S/D,0
4729658E,SAN PABLO,CUSCO,LA CONVENCION,eta5,pp,20260907,20261006,"00Z,12Z",D1,6h,2.173,4.09,0.239,189,0.824,0.776,0.214,34,0.917,0.88,0.118,12,0.667,0.879,0.114,6,S/D,S/D,S/D,0
4729658E,SAN PABLO,CUSCO,LA CONVENCION,wrf5,pp,20260907,20261006,"00Z,12Z",D1,6h,-0.002,1.634,0.388,232,0.595,0.639,0.289,37,0.429,0.727,0.2,14,0.0,1.0,0.0,8,S/D,S/D,S/D,0
4729658E,SAN PABLO,CUSCO,LA CONVENCION,mpas15,pp,20260907,20261006,00Z,D1,6h,1.354,3.027,0.231,117,0.737,0.763,0.219,19,0.857,0.887,0.111,7,0.25,0.917,0.067,4,S/D,S/D,S/D,0
4722A338,ACJANACO ,CUSCO,PAUCARTAMBO,ecmwf,pp,20260907,20261006,"00Z,12Z",D1,6h,-0.109,2.777,0.286,236,0.722,0.552,0.382,90,0.543,0.699,0.24,46,0.188,0.4,0.167,16,S/D,S/D,S/D,0
4722A338,ACJANACO ,CUSCO,PAUCARTAMBO,gfs,pp,20260907,20261006,"00Z,12Z",D1,6h,0.572,2.938,0.329,236,0.922,0.551,0.432,90,0.63,0.716,0.244,46,0.438,0.65,0.241,16,S/D,S/D,S/D,0
4722A338,ACJANACO ,CUSCO,PAUCARTAMBO,eta5,pp,20260907,20261006,"00Z,12Z",D1,6h,-0.805,3.254,0.148,191,0.26,0.556,0.196,77,0.15,0.4,0.136,40,0.071,0.667,0.062,14,S/D,S/D,S/D,0
4722A338,ACJANACO ,CUSCO,PAUCARTAMBO,wrf5,pp,20260907,20261006,"00Z,12Z",D1,6h,-0.138,3.771,0.29,233,0.529,0.477,0.357,87,0.341,0.717,0.183,44,0.188,0.727,0.125,16,S/D,1.0,0.0,0
4722A338,ACJANACO ,CUSCO,PAUCARTAMBO,mpas15,pp,20260907,20261006,00Z,D1,6h,0.03,2.879,0.251,118,0.644,0.508,0.387,45,0.565,0.729,0.224,23,0.25,0.667,0.167,8,S/D,S/D,S/D,0
113247,ASHANAKU,CUSCO,QUISPICANCHI,ecmwf,pp,20260907,20261006,"00Z,12Z",D1,6h,0.175,1.906,0.339,232,0.75,0.738,0.241,36,0.727,0.6,0.348,22,0.167,0.75,0.111,6,S/D,S/D,S/D,0
113247,ASHANAKU,CUSCO,QUISPICANCHI,gfs,pp,20260907,20261006,"00Z,12Z",D1,6h,0.345,2.156,0.243,232,0.861,0.785,0.208,36,0.5,0.776,0.183,22,0.0,1.0,0.0,6,S/D,S/D,S/D,0
113247,ASHANAKU,CUSCO,QUISPICANCHI,eta5,pp,20260907,20261006,"00Z,12Z",D1,6h,-0.295,2.012,0.388,188,0.469,0.531,0.306,32,0.238,0.667,0.161,21,0.0,S/D,0.0,6,S/D,S/D,S/D,0
113247,ASHANAKU,CUSCO,QUISPICANCHI,wrf5,pp,20260907,20261006,"00Z,12Z",D1,6h,-0.081,2.095,0.331,229,0.4,0.611,0.246,35,0.333,0.632,0.212,21,0.0,1.0,0.0,5,S/D,S/D,S/D,0
113247,ASHANAKU,CUSCO,QUISPICANCHI,mpas15,pp,20260907,20261006,00Z,D1,6h,-0.087,1.727,0.404,116,0.722,0.606,0.342,18,0.727,0.68,0.286,11,0.0,S/D,0.0,3,S/D,S/D,S/D,0
113254,QUINCEMIL,CUSCO,QUISPICANCHI,ecmwf,pp,20260907,20261006,"00Z,12Z",D1,6h,1.176,2.596,S/D,238,S/D,1.0,0.0,0,S/D,1.0,0.0,0,S/D,1.0,0.0,0,S/D,S/D,S/D,0
113254,QUINCEMIL,CUSCO,QUISPICANCHI,gfs,pp,20260907,20261006,"00Z,12Z",D1,6h,1.538,3.171,S/D,238,S/D,1.0,0.0,0,S/D,1.0,0.0,0,S/D,1.0,0.0,0,S/D,S/D,S/D,0
113254,QUINCEMIL,CUSCO,QUISPICANCHI,eta5,pp,20260907,20261006,"00Z,12Z",D1,6h,2.288,4.507,S/D,193,S/D,1.0,0.0,0,S/D,1.0,0.0,0,S/D,1.0,0.0,0,S/D,S/D,S/D,0
113254,QUINCEMIL,CUSCO,QUISPICANCHI,wrf5,pp,20260907,20261006,"00Z,12Z",D1,6h,0.705,3.11,S/D,234,S/D,1.0,0.0,0,S/D,1.0,0.0,0,S/D,1.0,0.0,0,S/D,1.0,0.0,0
113254,QUINCEMIL,CUSCO,QUISPICANCHI,mpas15,pp,20260907,20261006,00Z,D1,6h,2.584,4.512,S/D,119,S/D,1.0,0.0,0,S/D,1.0,0.0,0,S/D,1.0,0.0,0,S/D,S/D,S/D,0
472A9204,CHILCA,CUSCO,URUBAMBA,ecmwf,pp,20260907,20261006,"00Z,12Z",D1,6h,0.276,0.767,0.44,236,0.867,0.735,0.255,30,0.7,0.825,0.163,10,0.0,1.0,0.0,2,S/D,S/D,S/D,0
472A9204,CHILCA,CUSCO,URUBAMBA,gfs,pp,20260907,20261006,"00Z,12Z",D1,6h,0.608,1.367,0.301,236,0.933,0.816,0.182,30,0.6,0.898,0.095,10,0.5,0.667,0.25,2,S/D,S/D,S/D,0
472A9204,CHILCA,CUSCO,URUBAMBA,eta5,pp,20260907,20261006,"00Z,12Z",D1,6h,0.294,1.035,0.263,191,0.741,0.753,0.227,27,0.556,0.783,0.185,9,0.5,0.5,0.333,2,S/D,S/D,S/D,0
472A9204,CHILCA,CUSCO,URUBAMBA,wrf5,pp,20260907,20261006,"00Z,12Z",D1,6h,0.177,0.955,0.47,232,0.759,0.585,0.367,29,0.4,0.765,0.174,10,1.0,0.6,0.4,2,S/D,S/D,S/D,0
472A9204,CHILCA,CUSCO,URUBAMBA,mpas15,pp,20260907,20261006,00Z,D1,6h,0.356,1.06,0.191,118,0.667,0.767,0.208,15,0.2,0.966,0.03,5,0.0,S/D,0.0,1,S/D,S/D,S/D,0
4727C11E,HUAYLLABAMBA,CUSCO,URUBAMBA,ecmwf,pp,20260907,20261006,"00Z,12Z",D1,6h,S/D,S/D,S/D,0,S/D,S/D,S/D,0,S/D,S/D,S/D,0,S/D,S/D,S/D,0,S/D,S/D,S/D,0
4727C11E,HUAYLLABAMBA,CUSCO,URUBAMBA,gfs,pp,20260907,20261006,"00Z,12Z",D1,6h,S/D,S/D,S/D,0,S/D,S/D,S/D,0,S/D,S/D,S/D,0,S/D,S/D,S/D,0,S/D,S/D,S/D,0
4727C11E,HUAYLLABAMBA,CUSCO,URUBAMBA,eta5,pp,20260907,20261006,"00Z,12Z",D1,6h,S/D,S/D,S/D,0,S/D,S/D,S/D,0,S/D,S/D,S/D,0,S/D,S/D,S/D,0,S/D,S/D,S/D,0
4727C11E,HUAYLLABAMBA,CUSCO,URUBAMBA,wrf5,pp,20260907,20261006,"00Z,12Z",D1,6h,S/D,S/D,S/D,0,S/D,S/D,S/D,0,S/D,S/D,S/D,0,S/D,S/D,S/D,0,S/D,S/D,S/D,0
4727C11E,HUAYLLABAMBA,CUSCO,URUBAMBA,mpas15,pp,20260907,20261006,00Z,D1,6h,S/D,S/D,S/D,0,S/D,S/D,S/D,0,S/D,S/D,S/D,0,S/D,S/D,S/D,0,S/D,S/D,S/D,0
472935F2,INTIHUATANA H,CUSCO,URUBAMBA,ecmwf,pp,20260907,20261006,"00Z,12Z",D1,6h,S/D,S/D,S/D,0,S/D,S/D,S/D,0,S/D,S/D,S/D,0,S/D,S/D,S/D,0,S/D,S/D,S/D,0
472935F2,INTIHUATANA H,CUSCO,URUBAMBA,gfs,pp,20260907,20261006,"00Z,12Z",D1,6h,S/D,S/D,S/D,0,S/D,S/D,S/D,0,S/D,S/D,S/D,0,S/D,S/D,S/D,0,S/D,S/D,S/D,0
472935F2,INTIHUATANA H,CUSCO,URUBAMBA,eta5,pp,20260907,20261006,"00Z,12Z",D1,6h,S/D,S/D,S/D,0,S/D,S/D,S/D,0,S/D,S/D,S/D,0,S/D,S/D,S/D,0,S/D,S/D,S/D,0
472935F2,INTIHUATANA H,CUSCO,URUBAMBA,wrf5,pp,20260907,20261006,"00Z,12Z",D1,6h,S/D,S/D,S/D,0,S/D,S/D,S/D,0,S/D,S/D,S/D,0,S/D,S/D,S/D,0,S/D,S/D,S/D,0
472935F2,INTIHUATANA H,CUSCO,URUBAMBA,mpas15,pp,20260907,20261006,00Z,D1,6h,S/D,S/D,S/D,0,S/D,S/D,S/D,0,S/D,S/D,S/D,0,S/D,S/D,S/D,0,S/D,S/D,S/D,0
472852EE,INTIHUATANA M,CUSCO,URUBAMBA,ecmwf,pp,20260907,20261006,"00Z,12Z",D1,6h,-0.063,1.832,0.404,228,0.767,0.623,0.338,60,0.438,0.588,0.269,32,0.0,S/D,0.0,10,S/D,S/D,S/D,0
472852EE,INTIHUATANA M,CUSCO,URUBAMBA,gfs,pp,20260907,20261006,"00Z,12Z",D1,6h,0.466,1.896,0.388,228,0.967,0.672,0.324,60,0.75,0.696,0.276,32,0.1,0.8,0.071,10,S/D,S/D,S/D,0
472852EE,INTIHUATANA M,CUSCO,URUBAMBA,eta5,pp,20260907,20261006,"00Z,12Z",D1,6h,0.935,2.642,0.467,186,0.88,0.604,0.376,50,0.786,0.694,0.282,28,0.333,0.833,0.125,9,S/D,S/D,S/D,0
472852EE,INTIHUATANA M,CUSCO,URUBAMBA,wrf5,pp,20260907,20261006,"00Z,12Z",D1,6h,0.542,2.902,0.309,225,0.724,0.592,0.353,58,0.484,0.706,0.224,31,0.2,0.867,0.087,10,S/D,S/D,S/D,0
472852EE,INTIHUATANA M,CUSCO,URUBAMBA,mpas15,pp,20260907,20261006,00Z,D1,6h,0.642,2.219,0.259,114,0.667,0.643,0.303,30,0.812,0.745,0.241,16,0.2,0.667,0.143,5,S/D,S/D,S/D,0
472897F0,MACHUPICCHU,CUSCO,URUBAMBA,ecmwf,pp,20260907,20261006,"00Z,12Z",D1,6h,-0.053,1.417,0.404,200,0.78,0.614,0.348,50,0.342,0.5,0.255,38,0.0,S/D,0.0,4,S/D,S/D,S/D,0
472897F0,MACHUPICCHU,CUSCO,URUBAMBA,gfs,pp,20260907,20261006,"00Z,12Z",D1,6h,0.344,1.597,0.418,200,0.96,0.678,0.318,50,0.632,0.556,0.353,38,0.25,0.8,0.125,4,S/D,S/D,S/D,0
472897F0,MACHUPICCHU,CUSCO,URUBAMBA,eta5,pp,20260907,20261006,"00Z,12Z",D1,6h,0.856,2.622,0.412,162,0.81,0.614,0.354,42,0.697,0.61,0.333,33,0.0,1.0,0.0,4,S/D,S/D,S/D,0
472897F0,MACHUPICCHU,CUSCO,URUBAMBA,wrf5,pp,20260907,20261006,"00Z,12Z",D1,6h,0.478,2.683,0.245,197,0.633,0.622,0.31,49,0.351,0.675,0.203,37,0.25,0.917,0.067,4,S/D,S/D,S/D,0
472897F0,MACHUPICCHU,CUSCO,URUBAMBA,mpas15,pp,20260907,20261006,00Z,D1,6h,0.375,1.753,0.274,100,0.64,0.61,0.32,25,0.684,0.658,0.295,19,0.0,1.0,0.0,2,S/D,S/D,S/D,0
4729950A,PACAYMAYO,CUSCO,URUBAMBA,ecmwf,pp,20260907,20261006,"00Z,12Z",D1,6h,S/D,S/D,S/D,0,S/D,S/D,S/D,0,S/D,S/D,S/D,0,S/D,S/D,S/D,0,S/D,S/D,S/D,0
4729950A,PACAYMAYO,CUSCO,URUBAMBA,gfs,pp,20260907,20261006,"00Z,12Z",D1,6h,S/D,S/D,S/D,0,S/D,S/D,S/D,0,S/D,S/D,S/D,0,S/D,S/D,S/D,0,S/D,S/D,S/D,0
4729950A,PACAYMAYO,CUSCO,URUBAMBA,eta5,pp,20260907,20261006,"00Z,12Z",D1,6h,S/D,S/D,S/D,0,S/D,S/D,S/D,0,S/D,S/D,S/D,0,S/D,S/D,S/D,0,S/D,S/D,S/D,0
4729950A,PACAYMAYO,CUSCO,URUBAMBA,wrf5,pp,20260907,20261006,"00Z,12Z",D1,6h,S/D,S/D,S/D,0,S/D,S/D,S/D,0,S/D,S/D,S/D,0,S/D,S/D,S/D,0,S/D,S/D,S/D,0
4729950A,PACAYMAYO,CUSCO,URUBAMBA,mpas15,pp,20260907,20261006,00Z,D1,6h,S/D,S/D,S/D,0,S/D,S/D,S/D,0,S/D,S/D,S/D,0,S/D,S/D,S/D,0,S/D,S/D,S/D,0
4729867C,QORIHUAYRACHINA,CUSCO,URUBAMBA,ecmwf,pp,20260907,20261006,"00Z,12Z",D1,6h,S/D,S/D,S/D,0,S/D,S/D,S/D,0,S/D,S/D,S/D,0,S/D,S/D,S/D,0,S/D,S/D,S/D,0
4729867C,QORIHUAYRACHINA,CUSCO,URUBAMBA,gfs,pp,20260907,20261006,"00Z,12Z",D1,6h,S/D,S/D,S/D,0,S/D,S/D,S/D,0,S/D,S/D,S/D,0,S/D,S/D,S/D,0,S/D,S/D,S/D,0
4729867C,QORIHUAYRACHINA,CUSCO,URUBAMBA,eta5,pp,20260907,20261006,"00Z,12Z",D1,6h,S/D,S/D,S/D,0,S/D,S/D,S/D,0,S/D,S/D,S/D,0,S/D,S/D,S/D,0,S/D,S/D,S/D,0
4729867C,QORIHUAYRACHINA,CUSCO,URUBAMBA,wrf5,pp,20260907,20261006,"00Z,12Z",D1,6h,S/D,S/D,S/D,0,S/D,S/D,S/D,0,S/D,S/D,S/D,0,S/D,S/D,S/D,0,S/D,S/D,S/D,0
4729867C,QORIHUAYRACHINA,CUSCO,URUBAMBA,mpas15,pp,20260907,20261006,00Z,D1,6h,S/D,S/D,S/D,0,S/D,S/D,S/D,0,S/D,S/D,S/D,0,S/D,S/D,S/D,0,S/D,S/D,S/D,0
4720CDF8,COCHAMARCA,HUANCAVELICA,CASTROVIRREYNA,ecmwf,pp,20260907,20261006,"00Z,12Z",D1,6h,S/D,S/D,S/D,0,S/D,S/D,S/D,0,S/D,S/D,S/D,0,S/D,S/D,S/D,0,S/D,S/D,S/D,0
4720CDF8,COCHAMARCA,HUANCAVELICA,CASTROVIRREYNA,gfs,pp,20260907,20261006,"00Z,12Z",D1,6h,S/D,S/D,S/D,0,S/D,S/D,S/D,0,S/D,S/D,S/D,0,S/D,S/D,S/D,0,S/D,S/D,S/D,0
4720CDF8,COCHAMARCA,HUANCAVELICA,CASTROVIRREYNA,eta5,pp,20260907,20261006,"00Z,12Z",D1,6h,S/D,S/D,S/D,0,S/D,S/D,S/D,0,S/D,S/D,S/D,0,S/D,S/D,S/D,0,S/D,S/D,S/D,0
4720CDF8,COCHAMARCA,HUANCAVELICA,CASTROVIRREYNA,wrf5,pp,20260907,20261006,"00Z,12Z",D1,6h,S/D,S/D,S/D,0,S/D,S/D,S/D,0,S/D,S/D,S/D,0,S/D,S/D,S/D,0,S/D,S/D,S/D,0
4720CDF8,COCHAMARCA,HUANCAVELICA,CASTROVIRREYNA,mpas15,pp,20260907,20261006,00Z,D1,6h,S/D,S/D,S/D,0,S/D,S/D,S/D,0,S/D,S/D,S/D,0,S/D,S/D,S/D,0,S/D,S/D,S/D,0
47292684,HUACHOS,HUANCAVELICA,CASTROVIRREYNA,ecmwf,pp,20260907,20261006,"00Z,12Z",D1,6h,0.139,0.392,S/D,236,S/D,1.0,0.0,0,S/D,1.0,0.0,0,S/D,S/D,S/D,0,S/D,S/D,S/D,0
47292684,HUACHOS,HUANCAVELICA,CASTROVIRREYNA,gfs,pp,20260907,20261006,"00Z,12Z",D1,6h,0.146,0.575,S/D,236,S/D,1.0,0.0,0,S/D,1.0,0.0,0,S/D,1.0,0.0,0,S/D,S/D,S/D,0
47292684,HUACHOS,HUANCAVELICA,CASTROVIRREYNA,eta5,pp,20260907,20261006,"00Z,12Z",D1,6h,0.03,0.172,S/D,191,S/D,1.0,0.0,0,S/D,1.0,0.0,0,S/D,S/D,S/D,0,S/D,S/D,S/D,0
47292684,HUACHOS,HUANCAVELICA,CASTROVIRREYNA,wrf5,pp,20260907,20261006,"00Z,12Z",D1,6h,0.027,0.156,S/D,232,S/D,1.0,0.0,0,S/D,1.0,0.0,0,S/D,S/D,S/D,0,S/D,S/D,S/D,0
47292684,HUACHOS,HUANCAVELICA,CASTROVIRREYNA,mpas15,pp,20260907,20261006,00Z,D1,6h,0.11,0.385,S/D,118,S/D,1.0,0.0,0,S/D,1.0,0.0,0,S/D,S/D,S/D,0,S/D,S/D,S/D,0
472722EC,HUANCAVELICA,HUANCAVELICA,HUANCAVELICA,ecmwf,pp,20260907,20261006,"00Z,12Z",D1,6h,0.311,2.028,0.466,236,0.806,0.55,0.407,62,0.5,0.826,0.148,16,0.0,1.0,0.0,4,S/D,S/D,S/D,0
472722EC,HUANCAVELICA,HUANCAVELICA,HUANCAVELICA,gfs,pp,20260907,20261006,"00Z,12Z",D1,6h,0.594,2.412,0.453,236,0.887,0.615,0.367,62,0.812,0.745,0.241,16,0.0,1.0,0.0,4,S/D,S/D,S/D,0
472722EC,HUANCAVELICA,HUANCAVELICA,HUANCAVELICA,eta5,pp,20260907,20261006,"00Z,12Z",D1,6h,0.358,1.837,0.517,191,0.76,0.472,0.452,50,0.733,0.725,0.25,15,0.0,1.0,0.0,3,S/D,S/D,S/D,0
472722EC,HUANCAVELICA,HUANCAVELICA,HUANCAVELICA,wrf5,pp,20260907,20261006,"00Z,12Z",D1,6h,0.359,2.349,0.482,232,0.65,0.466,0.415,60,0.6,0.763,0.205,15,0.0,1.0,0.0,4,S/D,S/D,S/D,0
472722EC,HUANCAVELICA,HUANCAVELICA,HUANCAVELICA,mpas15,pp,20260907,20261006,00Z,D1,6h,0.411,2.163,0.389,118,0.742,0.489,0.434,31,0.75,0.793,0.194,8,0.0,1.0,0.0,2,S/D,S/D,S/D,0
47284198,CHALLACA,HUANCAVELICA,HUAYTARA,ecmwf,pp,20260907,20261006,"00Z,12Z",D1,6h,0.01,0.069,S/D,174,S/D,1.0,0.0,0,S/D,S/D,S/D,0,S/D,S/D,S/D,0,S/D,S/D,S/D,0
47284198,CHALLACA,HUANCAVELICA,HUAYTARA,gfs,pp,20260907,20261006,"00Z,12Z",D1,6h,0.005,0.034,S/D,174,S/D,1.0,0.0,0,S/D,S/D,S/D,0,S/D,S/D,S/D,0,S/D,S/D,S/D,0
47284198,CHALLACA,HUANCAVELICA,HUAYTARA,eta5,pp,20260907,20261006,"00Z,12Z",D1,6h,0.008,0.065,S/D,135,S/D,1.0,0.0,0,S/D,S/D,S/D,0,S/D,S/D,S/D,0,S/D,S/D,S/D,0
47284198,CHALLACA,HUANCAVELICA,HUAYTARA,wrf5,pp,20260907,20261006,"00Z,12Z",D1,6h,0.0,0.003,S/D,174,S/D,S/D,S/D,0,S/D,S/D,S/D,0,S/D,S/D,S/D,0,S/D,S/D,S/D,0
47284198,CHALLACA,HUANCAVELICA,HUAYTARA,mpas15,pp,20260907,20261006,00Z,D1,6h,0.0,0.0,S/D,87,S/D,S/D,S/D,0,S/D,S/D,S/D,0,S/D,S/D,S/D,0,S/D,S/D,S/D,0
472811E4,CHALLACA M,HUANCAVELICA,HUAYTARA,ecmwf,pp,20260907,20261006,"00Z,12Z",D1,6h,0.008,0.059,S/D,236,S/D,1.0,0.0,0,S/D,S/D,S/D,0,S/D,S/D,S/D,0,S/D,S/D,S/D,0
472811E4,CHALLACA M,HUANCAVELICA,HUAYTARA,gfs,pp,20260907,20261006,"00Z,12Z",D1,6h,0.004,0.029,S/D,236,S/D,1.0,0.0,0,S/D,S/D,S/D,0,S/D,S/D,S/D,0,S/D,S/D,S/D,0
472811E4,CHALLACA M,HUANCAVELICA,HUAYTARA,eta5,pp,20260907,20261006,"00Z,12Z",D1,6h,0.006,0.055,S/D,191,S/D,1.0,0.0,0,S/D,S/D,S/D,0,S/D,S/D,S/D,0,S/D,S/D,S/D,0
472811E4,CHALLACA M,HUANCAVELICA,HUAYTARA,wrf5,pp,20260907,20261006,"00Z,12Z",D1,6h,0.004,0.039,S/D,232,S/D,1.0,0.0,0,S/D,S/D,S/D,0,S/D,S/D,S/D,0,S/D,S/D,S/D,0
472811E4,CHALLACA M,HUANCAVELICA,HUAYTARA,mpas15,pp,20260907,20261006,00Z,D1,6h,0.0,0.0,S/D,118,S/D,S/D,S/D,0,S/D,S/D,S/D,0,S/D,S/D,S/D,0,S/D,S/D,S/D,0
4728F216,CORDOVA,HUANCAVELICA,HUAYTARA,ecmwf,pp,20260907,20261006,"00Z,12Z",D1,6h,0.046,0.146,S/D,224,S/D,1.0,0.0,0,S/D,1.0,0.0,0,S/D,S/D,S/D,0,S/D,S/D,S/D,0
4728F216,CORDOVA,HUANCAVELICA,HUAYTARA,gfs,pp,20260907,20261006,"00Z,12Z",D1,6h,0.029,0.109,S/D,224,S/D,1.0,0.0,0,S/D,S/D,S/D,0,S/D,S/D,S/D,0,S/D,S/D,S/D,0
4728F216,CORDOVA,HUANCAVELICA,HUAYTARA,eta5,pp,20260907,20261006,"00Z,12Z",D1,6h,0.003,0.017,S/D,180,S/D,1.0,0.0,0,S/D,S/D,S/D,0,S/D,S/D,S/D,0,S/D,S/D,S/D,0
4728F216,CORDOVA,HUANCAVELICA,HUAYTARA,wrf5,pp,20260907,20261006,"00Z,12Z",D1,6h,0.013,0.063,S/D,220,S/D,1.0,0.0,0,S/D,S/D,S/D,0,S/D,S/D,S/D,0,S/D,S/D,S/D,0
4728F216,CORDOVA,HUANCAVELICA,HUAYTARA,mpas15,pp,20260907,20261006,00Z,D1,6h,0.058,0.295,S/D,112,S/D,1.0,0.0,0,S/D,1.0,0.0,0,S/D,S/D,S/D,0,S/D,S/D,S/D,0
4728C78C,CUSICANCHA,HUANCAVELICA,HUAYTARA,ecmwf,pp,20260907,20261006,"00Z,12Z",D1,6h,0.241,0.589,S/D,224,S/D,1.0,0.0,0,S/D,1.0,0.0,0,S/D,S/D,S/D,0,S/D,S/D,S/D,0
4728C78C,CUSICANCHA,HUANCAVELICA,HUAYTARA,gfs,pp,20260907,20261006,"00Z,12Z",D1,6h,0.197,0.587,S/D,224,S/D,1.0,0.0,0,S/D,1.0,0.0,0,S/D,1.0,0.0,0,S/D,S/D,S/D,0
4728C78C,CUSICANCHA,HUANCAVELICA,HUAYTARA,eta5,pp,20260907,20261006,"00Z,12Z",D1,6h,0.047,0.277,S/D,180,S/D,1.0,0.0,0,S/D,1.0,0.0,0,S/D,S/D,S/D,0,S/D,S/D,S/D,0
4728C78C,CUSICANCHA,HUANCAVELICA,HUAYTARA,wrf5,pp,20260907,20261006,"00Z,12Z",D1,6h,0.04,0.269,S/D,220,S/D,1.0,0.0,0,S/D,1.0,0.0,0,S/D,S/D,S/D,0,S/D,S/D,S/D,0
4728C78C,CUSICANCHA,HUANCAVELICA,HUAYTARA,mpas15,pp,20260907,20261006,00Z,D1,6h,0.281,0.736,S/D,112,S/D,1.0,0.0,0,S/D,1.0,0.0,0,S/D,S/D,S/D,0,S/D,S/D,S/D,0
213507,RAMADILLAS,HUANCAVELICA,HUAYTARA,ecmwf,pp,20260907,20261006,"00Z,12Z",D1,6h,S/D,S/D,S/D,0,S/D,S/D,S/D,0,S/D,S/D,S/D,0,S/D,S/D,S/D,0,S/D,S/D,S/D,0
213507,RAMADILLAS,HUANCAVELICA,HUAYTARA,gfs,pp,20260907,20261006,"00Z,12Z",D1,6h,S/D,S/D,S/D,0,S/D,S/D,S/D,0,S/D,S/D,S/D,0,S/D,S/D,S/D,0,S/D,S/D,S/D,0
213507,RAMADILLAS,HUANCAVELICA,HUAYTARA,eta5,pp,20260907,20261006,"00Z,12Z",D1,6h,S/D,S/D,S/D,0,S/D,S/D,S/D,0,S/D,S/D,S/D,0,S/D,S/D,S/D,0,S/D,S/D,S/D,0
213507,RAMADILLAS,HUANCAVELICA,HUAYTARA,wrf5,pp,20260907,20261006,"00Z,12Z",D1,6h,S/D,S/D,S/D,0,S/D,S/D,S/D,0,S/D,S/D,S/D,0,S/D,S/D,S/D,0,S/D,S/D,S/D,0
213507,RAMADILLAS,HUANCAVELICA,HUAYTARA,mpas15,pp,20260907,20261006,00Z,D1,6h,S/D,S/D,S/D,0,S/D,S/D,S/D,0,S/D,S/D,S/D,0,S/D,S/D,S/D,0,S/D,S/D,S/D,0
4729131E,SANTIAGO DE CHOCORVOS,HUANCAVELICA,HUAYTARA,ecmwf,pp,20260907,20261006,"00Z,12Z",D1,6h,0.079,0.214,S/D,176,S/D,1.0,0.0,0,S/D,1.0,0.0,0,S/D,S/D,S/D,0,S/D,S/D,S/D,0
4729131E,SANTIAGO DE CHOCORVOS,HUANCAVELICA,HUAYTARA,gfs,pp,20260907,20261006,"00Z,12Z",D1,6h,0.08,0.219,S/D,176,S/D,1.0,0.0,0,S/D,1.0,0.0,0,S/D,S/D,S/D,0,S/D,S/D,S/D,0
4729131E,SANTIAGO DE CHOCORVOS,HUANCAVELICA,HUAYTARA,eta5,pp,20260907,20261006,"00Z,12Z",D1,6h,0.028,0.235,S/D,135,S/D,1.0,0.0,0,S/D,1.0,0.0,0,S/D,S/D,S/D,0,S/D,S/D,S/D,0
4729131E,SANTIAGO DE CHOCORVOS,HUANCAVELICA,HUAYTARA,wrf5,pp,20260907,20261006,"00Z,12Z",D1,6h,0.022,0.133,S/D,176,S/D,1.0,0.0,0,S/D,1.0,0.0,0,S/D,S/D,S/D,0,S/D,S/D,S/D,0
4729131E,SANTIAGO DE CHOCORVOS,HUANCAVELICA,HUAYTARA,mpas15,pp,20260907,20261006,00Z,D1,6h,0.051,0.266,S/D,88,S/D,1.0,0.0,0,S/D,1.0,0.0,0,S/D,S/D,S/D,0,S/D,S/D,S/D,0
112269,COCHABAMBA GRANDE,HUANCAVELICA,TAYACAJA,ecmwf,pp,20260907,20261006,"00Z,12Z",D1,6h,1.153,2.023,S/D,158,S/D,1.0,0.0,0,S/D,1.0,0.0,0,S/D,1.0,0.0,0,S/D,S/D,S/D,0
112269,COCHABAMBA GRANDE,HUANCAVELICA,TAYACAJA,gfs,pp,20260907,20261006,"00Z,12Z",D1,6h,1.093,1.861,S/D,158,S/D,1.0,0.0,0,S/D,1.0,0.0,0,S/D,1.0,0.0,0,S/D,S/D,S/D,0
112269,COCHABAMBA GRANDE,HUANCAVELICA,TAYACAJA,eta5,pp,20260907,20261006,"00Z,12Z",D1,6h,0.15,0.422,S/D,117,S/D,1.0,0.0,0,S/D,1.0,0.0,0,S/D,S/D,S/D,0,S/D,S/D,S/D,0
112269,COCHABAMBA GRANDE,HUANCAVELICA,TAYACAJA,wrf5,pp,20260907,20261006,"00Z,12Z",D1,6h,0.764,2.178,S/D,158,S/D,1.0,0.0,0,S/D,1.0,0.0,0,S/D,1.0,0.0,0,S/D,S/D,S/D,0
112269,COCHABAMBA GRANDE,HUANCAVELICA,TAYACAJA,mpas15,pp,20260907,20261006,00Z,D1,6h,1.082,1.907,S/D,79,S/D,1.0,0.0,0,S/D,1.0,0.0,0,S/D,1.0,0.0,0,S/D,S/D,S/D,0
110146,QUISCA,HUANUCO,AMBO,ecmwf,pp,20260907,20261006,"00Z,12Z",D1,6h,S/D,S/D,S/D,0,S/D,S/D,S/D,0,S/D,S/D,S/D,0,S/D,S/D,S/D,0,S/D,S/D,S/D,0
110146,QUISCA,HUANUCO,AMBO,gfs,pp,20260907,20261006,"00Z,12Z",D1,6h,S/D,S/D,S/D,0,S/D,S/D,S/D,0,S/D,S/D,S/D,0,S/D,S/D,S/D,0,S/D,S/D,S/D,0
110146,QUISCA,HUANUCO,AMBO,eta5,pp,20260907,20261006,"00Z,12Z",D1,6h,S/D,S/D,S/D,0,S/D,S/D,S/D,0,S/D,S/D,S/D,0,S/D,S/D,S/D,0,S/D,S/D,S/D,0
110146,QUISCA,HUANUCO,AMBO,wrf5,pp,20260907,20261006,"00Z,12Z",D1,6h,S/D,S/D,S/D,0,S/D,S/D,S/D,0,S/D,S/D,S/D,0,S/D,S/D,S/D,0,S/D,S/D,S/D,0
110146,QUISCA,HUANUCO,AMBO,mpas15,pp,20260907,20261006,00Z,D1,6h,S/D,S/D,S/D,0,S/D,S/D,S/D,0,S/D,S/D,S/D,0,S/D,S/D,S/D,0,S/D,S/D,S/D,0
47E845FC,CACHICOTO,HUANUCO,HUAMALIES,ecmwf,pp,20260907,20261006,"00Z,12Z",D1,6h,-0.918,7.856,0.325,234,0.87,0.733,0.257,54,0.857,0.696,0.289,28,0.167,0.7,0.12,18,0.0,S/D,0.0,8
47E845FC,CACHICOTO,HUANUCO,HUAMALIES,gfs,pp,20260907,20261006,"00Z,12Z",D1,6h,0.066,7.782,0.218,234,0.889,0.767,0.226,54,0.857,0.834,0.161,28,0.222,0.81,0.114,18,0.0,S/D,0.0,8
47E845FC,CACHICOTO,HUANUCO,HUAMALIES,eta5,pp,20260907,20261006,"00Z,12Z",D1,6h,1.124,9.527,0.178,190,0.735,0.743,0.235,49,0.792,0.824,0.168,24,0.5,0.852,0.129,16,0.0,S/D,0.0,8
47E845FC,CACHICOTO,HUANUCO,HUAMALIES,wrf5,pp,20260907,20261006,"00Z,12Z",D1,6h,-0.007,8.694,0.202,231,0.434,0.709,0.211,53,0.5,0.708,0.226,28,0.444,0.704,0.216,18,0.125,0.833,0.077,8
47E845FC,CACHICOTO,HUANUCO,HUAMALIES,mpas15,pp,20260907,20261006,00Z,D1,6h,0.713,10.094,0.114,117,0.63,0.726,0.236,27,0.786,0.8,0.19,14,0.556,0.762,0.2,9,0.0,1.0,0.0,4
4720EB14,SAN MARTIN,HUANUCO,HUAMALIES,ecmwf,pp,20260907,20261006,"00Z,12Z",D1,6h,0.202,1.013,0.205,236,0.75,0.836,0.156,28,0.6,0.76,0.207,10,0.0,1.0,0.0,2,S/D,S/D,S/D,0
4720EB14,SAN MARTIN,HUANUCO,HUAMALIES,gfs,pp,20260907,20261006,"00Z,12Z",D1,6h,0.604,1.493,0.151,236,0.857,0.854,0.143,28,0.5,0.932,0.064,10,0.0,1.0,0.0,2,S/D,S/D,S/D,0
4720EB14,SAN MARTIN,HUANUCO,HUAMALIES,eta5,pp,20260907,20261006,"00Z,12Z",D1,6h,0.331,1.292,0.109,191,0.55,0.857,0.128,20,0.286,0.944,0.049,7,0.0,1.0,0.0,1,S/D,S/D,S/D,0
4720EB14,SAN MARTIN,HUANUCO,HUAMALIES,wrf5,pp,20260907,20261006,"00Z,12Z",D1,6h,0.042,1.293,0.217,233,0.393,0.718,0.196,28,0.2,0.882,0.08,10,0.0,1.0,0.0,2,S/D,S/D,S/D,0
4720EB14,SAN MARTIN,HUANUCO,HUAMALIES,mpas15,pp,20260907,20261006,00Z,D1,6h,1.009,1.971,0.22,118,0.643,0.845,0.143,14,0.8,0.923,0.075,5,1.0,0.667,0.333,1,S/D,S/D,S/D,0
472D0552,CHINCHAVITO,HUANUCO,HUANUCO,ecmwf,pp,20260907,20261006,"00Z,12Z",D1,6h,-0.261,5.13,0.375,236,0.859,0.594,0.381,78,0.636,0.632,0.304,44,0.227,0.706,0.147,22,0.0,S/D,0.0,4
472D0552,CHINCHAVITO,HUANUCO,HUANUCO,gfs,pp,20260907,20261006,"00Z,12Z",D1,6h,0.175,5.178,0.216,236,0.885,0.648,0.337,78,0.659,0.768,0.207,44,0.091,0.913,0.047,22,0.0,S/D,0.0,4
472D0552,CHINCHAVITO,HUANUCO,HUANUCO,eta5,pp,20260907,20261006,"00Z,12Z",D1,6h,1.946,6.508,0.168,191,0.746,0.654,0.309,63,0.622,0.783,0.192,37,0.6,0.793,0.182,20,0.0,S/D,0.0,3
472D0552,CHINCHAVITO,HUANUCO,HUANUCO,wrf5,pp,20260907,20261006,"00Z,12Z",D1,6h,-0.44,6.115,0.186,233,0.487,0.563,0.299,78,0.386,0.63,0.233,44,0.182,0.778,0.111,22,0.0,1.0,0.0,4
472D0552,CHINCHAVITO,HUANUCO,HUANUCO,mpas15,pp,20260907,20261006,00Z,D1,6h,0.733,5.531,0.204,118,0.795,0.569,0.388,39,0.682,0.769,0.208,22,0.182,0.905,0.067,11,0.0,S/D,0.0,2
472B730C,PUENTE TARUCA,HUANUCO,HUANUCO,ecmwf,pp,20260907,20261006,"00Z,12Z",D1,6h,0.76,1.396,0.267,234,0.885,0.844,0.153,26,0.5,0.947,0.05,8,S/D,1.0,0.0,0,S/D,S/D,S/D,0
472B730C,PUENTE TARUCA,HUANUCO,HUANUCO,gfs,pp,20260907,20261006,"00Z,12Z",D1,6h,0.808,1.365,0.274,234,1.0,0.847,0.153,26,0.5,0.949,0.048,8,S/D,1.0,0.0,0,S/D,S/D,S/D,0
472B730C,PUENTE TARUCA,HUANUCO,HUANUCO,eta5,pp,20260907,20261006,"00Z,12Z",D1,6h,1.191,2.645,0.145,189,0.714,0.839,0.152,21,0.143,0.984,0.014,7,S/D,1.0,0.0,0,S/D,S/D,S/D,0
472B730C,PUENTE TARUCA,HUANUCO,HUANUCO,wrf5,pp,20260907,20261006,"00Z,12Z",D1,6h,-0.018,0.528,0.184,230,0.269,0.667,0.175,26,0.25,0.667,0.167,8,S/D,S/D,S/D,0,S/D,S/D,S/D,0
472B730C,PUENTE TARUCA,HUANUCO,HUANUCO,mpas15,pp,20260907,20261006,00Z,D1,6h,0.844,1.561,0.236,117,0.769,0.818,0.172,13,0.75,0.933,0.065,4,S/D,1.0,0.0,0,S/D,S/D,S/D,0
110140,JESUS DE LAURICOCHA,HUANUCO,LAURICOCHA,ecmwf,pp,20260907,20261006,"00Z,12Z",D1,6h,0.573,1.472,0.272,224,0.767,0.8,0.189,30,0.625,0.896,0.098,8,S/D,1.0,0.0,0,S/D,S/D,S/D,0
110140,JESUS DE LAURICOCHA,HUANUCO,LAURICOCHA,gfs,pp,20260907,20261006,"00Z,12Z",D1,6h,0.718,1.604,0.341,224,1.0,0.814,0.186,30,0.75,0.889,0.107,8,S/D,1.0,0.0,0,S/D,S/D,S/D,0
110140,JESUS DE LAURICOCHA,HUANUCO,LAURICOCHA,eta5,pp,20260907,20261006,"00Z,12Z",D1,6h,0.081,0.921,0.286,180,0.464,0.683,0.232,28,0.0,1.0,0.0,8,S/D,1.0,0.0,0,S/D,S/D,S/D,0
110140,JESUS DE LAURICOCHA,HUANUCO,LAURICOCHA,wrf5,pp,20260907,20261006,"00Z,12Z",D1,6h,0.203,1.022,0.292,220,0.4,0.707,0.203,30,0.25,0.889,0.083,8,S/D,1.0,0.0,0,S/D,S/D,S/D,0
110140,JESUS DE LAURICOCHA,HUANUCO,LAURICOCHA,mpas15,pp,20260907,20261006,00Z,D1,6h,1.089,2.61,0.301,112,0.867,0.735,0.255,15,0.75,0.929,0.07,4,S/D,1.0,0.0,0,S/D,S/D,S/D,0
472DA5AA,PUENTE BELLA,HUANUCO,LEONCIO PRADO,ecmwf,pp,20260907,20261006,"00Z,12Z",D1,6h,0.067,4.093,0.288,236,0.796,0.699,0.279,54,0.528,0.712,0.229,36,0.188,0.727,0.125,16,0.0,S/D,0.0,2
472DA5AA,PUENTE BELLA,HUANUCO,LEONCIO PRADO,gfs,pp,20260907,20261006,"00Z,12Z",D1,6h,0.546,3.865,0.306,236,0.963,0.732,0.265,54,0.778,0.75,0.233,36,0.188,0.842,0.094,16,0.0,S/D,0.0,2
472DA5AA,PUENTE BELLA,HUANUCO,LEONCIO PRADO,eta5,pp,20260907,20261006,"00Z,12Z",D1,6h,3.147,7.068,0.246,191,0.837,0.735,0.252,43,0.8,0.784,0.205,30,0.571,0.879,0.111,14,0.0,1.0,0.0,2
472DA5AA,PUENTE BELLA,HUANUCO,LEONCIO PRADO,wrf5,pp,20260907,20261006,"00Z,12Z",D1,6h,0.148,4.972,0.197,233,0.585,0.696,0.25,53,0.417,0.741,0.19,36,0.062,0.938,0.032,16,0.0,S/D,0.0,2
472DA5AA,PUENTE BELLA,HUANUCO,LEONCIO PRADO,mpas15,pp,20260907,20261006,00Z,D1,6h,1.48,6.198,0.127,118,0.704,0.725,0.247,27,0.667,0.786,0.194,18,0.125,0.947,0.038,8,0.0,1.0,0.0,1
472D1624,PUENTE PEREZ,HUANUCO,LEONCIO PRADO,ecmwf,pp,20260907,20261006,"00Z,12Z",D1,6h,2.987,4.224,S/D,2,S/D,1.0,0.0,0,S/D,1.0,0.0,0,S/D,1.0,0.0,0,S/D,S/D,S/D,0
472D1624,PUENTE PEREZ,HUANUCO,LEONCIO PRADO,gfs,pp,20260907,20261006,"00Z,12Z",D1,6h,1.406,1.482,S/D,2,S/D,1.0,0.0,0,S/D,1.0,0.0,0,S/D,S/D,S/D,0,S/D,S/D,S/D,0
472D1624,PUENTE PEREZ,HUANUCO,LEONCIO PRADO,eta5,pp,20260907,20261006,"00Z,12Z",D1,6h,9.072,10.824,S/D,2,S/D,1.0,0.0,0,S/D,1.0,0.0,0,S/D,1.0,0.0,0,S/D,S/D,S/D,0
472D1624,PUENTE PEREZ,HUANUCO,LEONCIO PRADO,wrf5,pp,20260907,20261006,"00Z,12Z",D1,6h,0.606,0.856,S/D,2,S/D,1.0,0.0,0,S/D,1.0,0.0,0,S/D,S/D,S/D,0,S/D,S/D,S/D,0
472D1624,PUENTE PEREZ,HUANUCO,LEONCIO PRADO,mpas15,pp,20260907,20261006,00Z,D1,6h,0.0,0.0,S/D,1,S/D,S/D,S/D,0,S/D,S/D,S/D,0,S/D,S/D,S/D,0,S/D,S/D,S/D,0
47270400,TINGO MARIA,HUANUCO,LEONCIO PRADO,ecmwf,pp,20260907,20261006,"00Z,12Z",D1,6h,-0.017,3.591,0.33,236,0.854,0.713,0.273,48,0.471,0.754,0.193,34,0.273,0.455,0.222,22,S/D,S/D,S/D,0
47270400,TINGO MARIA,HUANUCO,LEONCIO PRADO,gfs,pp,20260907,20261006,"00Z,12Z",D1,6h,0.448,3.638,0.281,236,0.958,0.763,0.235,48,0.706,0.782,0.2,34,0.182,0.789,0.108,22,S/D,S/D,S/D,0
47270400,TINGO MARIA,HUANUCO,LEONCIO PRADO,eta5,pp,20260907,20261006,"00Z,12Z",D1,6h,2.658,6.443,0.145,191,0.738,0.762,0.22,42,0.667,0.813,0.171,30,0.524,0.788,0.177,21,S/D,1.0,0.0,0
47270400,TINGO MARIA,HUANUCO,LEONCIO PRADO,wrf5,pp,20260907,20261006,"00Z,12Z",D1,6h,-0.235,4.501,0.185,232,0.5,0.72,0.219,46,0.375,0.647,0.222,32,0.143,0.769,0.097,21,S/D,1.0,0.0,0
47270400,TINGO MARIA,HUANUCO,LEONCIO PRADO,mpas15,pp,20260907,20261006,00Z,D1,6h,1.403,5.23,0.189,118,0.792,0.743,0.241,24,0.706,0.818,0.169,17,0.182,0.9,0.069,11,S/D,1.0,0.0,0
4727A4F8,PUERTO INCA,HUANUCO,PUERTO INCA,ecmwf,pp,20260907,20261006,"00Z,12Z",D1,6h,0.53,4.029,0.43,228,0.967,0.799,0.2,30,0.929,0.819,0.178,14,0.571,0.619,0.296,14,0.0,1.0,0.0,2
4727A4F8,PUERTO INCA,HUANUCO,PUERTO INCA,gfs,pp,20260907,20261006,"00Z,12Z",D1,6h,0.311,4.426,0.435,228,0.9,0.748,0.245,30,0.929,0.797,0.2,14,0.714,0.333,0.526,14,0.0,1.0,0.0,2
4727A4F8,PUERTO INCA,HUANUCO,PUERTO INCA,eta5,pp,20260907,20261006,"00Z,12Z",D1,6h,0.799,5.933,0.106,186,0.538,0.841,0.14,26,0.538,0.891,0.1,13,0.308,0.84,0.118,13,0.0,1.0,0.0,2
4727A4F8,PUERTO INCA,HUANUCO,PUERTO INCA,wrf5,pp,20260907,20261006,"00Z,12Z",D1,6h,-0.193,4.667,0.414,224,0.5,0.5,0.333,30,0.571,0.429,0.4,14,0.429,0.333,0.353,14,0.0,1.0,0.0,2
4727A4F8,PUERTO INCA,HUANUCO,PUERTO INCA,mpas15,pp,20260907,20261006,00Z,D1,6h,0.777,4.615,0.337,114,0.867,0.776,0.217,15,1.0,0.854,0.146,7,0.143,0.909,0.059,7,0.0,S/D,0.0,1
109094,PUCA PUCA,HUANUCO,YAROWILCA,ecmwf,pp,20260907,20261006,"00Z,12Z",D1,6h,0.455,1.354,0.286,208,0.808,0.829,0.164,26,0.667,0.922,0.075,6,0.0,S/D,0.0,2,S/D,S/D,S/D,0
109094,PUCA PUCA,HUANUCO,YAROWILCA,gfs,pp,20260907,20261006,"00Z,12Z",D1,6h,0.75,1.421,0.089,208,0.885,0.857,0.14,26,0.667,0.935,0.062,6,1.0,0.5,0.5,2,S/D,S/D,S/D,0
109094,PUCA PUCA,HUANUCO,YAROWILCA,eta5,pp,20260907,20261006,"00Z,12Z",D1,6h,-0.135,1.407,0.148,167,0.522,0.721,0.222,23,0.0,1.0,0.0,6,0.0,S/D,0.0,2,S/D,S/D,S/D,0
109094,PUCA PUCA,HUANUCO,YAROWILCA,wrf5,pp,20260907,20261006,"00Z,12Z",D1,6h,0.189,0.985,0.195,205,0.32,0.837,0.121,25,0.333,0.889,0.091,6,1.0,0.333,0.667,2,S/D,S/D,S/D,0
109094,PUCA PUCA,HUANUCO,YAROWILCA,mpas15,pp,20260907,20261006,00Z,D1,6h,0.894,1.717,0.211,104,0.692,0.804,0.18,13,1.0,0.927,0.073,3,1.0,0.667,0.333,1,S/D,S/D,S/D,0
4728A26A,CONTA M,ICA,CHINCHA,ecmwf,pp,20260907,20261006,"00Z,12Z",D1,6h,-0.699,2.961,0.133,170,0.0,1.0,0.0,12,0.0,S/D,0.0,12,0.0,S/D,0.0,10,S/D,S/D,S/D,0
4728A26A,CONTA M,ICA,CHINCHA,gfs,pp,20260907,20261006,"00Z,12Z",D1,6h,-0.705,2.964,S/D,170,0.0,S/D,0.0,12,0.0,S/D,0.0,12,0.0,S/D,0.0,10,S/D,S/D,S/D,0
4728A26A,CONTA M,ICA,CHINCHA,eta5,pp,20260907,20261006,"00Z,12Z",D1,6h,-0.562,2.664,-0.03,138,0.0,S/D,0.0,8,0.0,S/D,0.0,8,0.0,S/D,0.0,6,S/D,S/D,S/D,0
4728A26A,CONTA M,ICA,CHINCHA,wrf5,pp,20260907,20261006,"00Z,12Z",D1,6h,-0.71,2.99,0.017,167,0.0,1.0,0.0,12,0.0,S/D,0.0,12,0.0,S/D,0.0,10,S/D,S/D,S/D,0
4728A26A,CONTA M,ICA,CHINCHA,mpas15,pp,20260907,20261006,00Z,D1,6h,-0.705,2.964,0.074,85,0.0,S/D,0.0,6,0.0,S/D,0.0,6,0.0,S/D,0.0,5,S/D,S/D,S/D,0
4728B11C,FONAGRO,ICA,CHINCHA,ecmwf,pp,20260907,20261006,"00Z,12Z",D1,6h,0.003,0.007,S/D,234,S/D,S/D,S/D,0,S/D,S/D,S/D,0,S/D,S/D,S/D,0,S/D,S/D,S/D,0
4728B11C,FONAGRO,ICA,CHINCHA,gfs,pp,20260907,20261006,"00Z,12Z",D1,6h,0.007,0.023,S/D,234,S/D,1.0,0.0,0,S/D,S/D,S/D,0,S/D,S/D,S/D,0,S/D,S/D,S/D,0
4728B11C,FONAGRO,ICA,CHINCHA,eta5,pp,20260907,20261006,"00Z,12Z",D1,6h,0.003,0.014,S/D,190,S/D,1.0,0.0,0,S/D,S/D,S/D,0,S/D,S/D,S/D,0,S/D,S/D,S/D,0
4728B11C,FONAGRO,ICA,CHINCHA,wrf5,pp,20260907,20261006,"00Z,12Z",D1,6h,0.005,0.017,S/D,231,S/D,1.0,0.0,0,S/D,S/D,S/D,0,S/D,S/D,S/D,0,S/D,S/D,S/D,0
4728B11C,FONAGRO,ICA,CHINCHA,mpas15,pp,20260907,20261006,00Z,D1,6h,0.0,0.0,S/D,117,S/D,S/D,S/D,0,S/D,S/D,S/D,0,S/D,S/D,S/D,0,S/D,S/D,S/D,0
4728E160,SAN PEDRO DE HUACARPANA,ICA,CHINCHA,ecmwf,pp,20260907,20261006,"00Z,12Z",D1,6h,0.196,0.481,S/D,210,S/D,1.0,0.0,0,S/D,1.0,0.0,0,S/D,S/D,S/D,0,S/D,S/D,S/D,0
4728E160,SAN PEDRO DE HUACARPANA,ICA,CHINCHA,gfs,pp,20260907,20261006,"00Z,12Z",D1,6h,0.179,0.437,S/D,210,S/D,1.0,0.0,0,S/D,1.0,0.0,0,S/D,S/D,S/D,0,S/D,S/D,S/D,0
4728E160,SAN PEDRO DE HUACARPANA,ICA,CHINCHA,eta5,pp,20260907,20261006,"00Z,12Z",D1,6h,0.025,0.196,S/D,168,S/D,1.0,0.0,0,S/D,1.0,0.0,0,S/D,S/D,S/D,0,S/D,S/D,S/D,0
4728E160,SAN PEDRO DE HUACARPANA,ICA,CHINCHA,wrf5,pp,20260907,20261006,"00Z,12Z",D1,6h,0.057,0.227,S/D,206,S/D,1.0,0.0,0,S/D,1.0,0.0,0,S/D,S/D,S/D,0,S/D,S/D,S/D,0
4728E160,SAN PEDRO DE HUACARPANA,ICA,CHINCHA,mpas15,pp,20260907,20261006,00Z,D1,6h,0.181,0.561,S/D,105,S/D,1.0,0.0,0,S/D,1.0,0.0,0,S/D,S/D,S/D,0,S/D,S/D,S/D,0
472A446C,BETA SANTIAGO,ICA,ICA,ecmwf,pp,20260907,20261006,"00Z,12Z",D1,6h,0.0,0.012,0.301,190,0.25,0.0,0.25,4,S/D,S/D,S/D,0,S/D,S/D,S/D,0,S/D,S/D,S/D,0
472A446C,BETA SANTIAGO,ICA,ICA,gfs,pp,20260907,20261006,"00Z,12Z",D1,6h,-0.002,0.015,S/D,190,0.0,S/D,0.0,4,S/D,S/D,S/D,0,S/D,S/D,S/D,0,S/D,S/D,S/D,0
472A446C,BETA SANTIAGO,ICA,ICA,eta5,pp,20260907,20261006,"00Z,12Z",D1,6h,-0.001,0.011,S/D,154,0.0,S/D,0.0,2,S/D,S/D,S/D,0,S/D,S/D,S/D,0,S/D,S/D,S/D,0
472A446C,BETA SANTIAGO,ICA,ICA,wrf5,pp,20260907,20261006,"00Z,12Z",D1,6h,-0.002,0.014,0.232,187,0.0,S/D,0.0,4,S/D,S/D,S/D,0,S/D,S/D,S/D,0,S/D,S/D,S/D,0
472A446C,BETA SANTIAGO,ICA,ICA,mpas15,pp,20260907,20261006,00Z,D1,6h,-0.002,0.015,0.094,95,0.0,S/D,0.0,2,S/D,S/D,S/D,0,S/D,S/D,S/D,0,S/D,S/D,S/D,0
213503,HUAMANI EL TAMBO,ICA,ICA,ecmwf,pp,20260907,20261006,"00Z,12Z",D1,6h,S/D,S/D,S/D,0,S/D,S/D,S/D,0,S/D,S/D,S/D,0,S/D,S/D,S/D,0,S/D,S/D,S/D,0
213503,HUAMANI EL TAMBO,ICA,ICA,gfs,pp,20260907,20261006,"00Z,12Z",D1,6h,S/D,S/D,S/D,0,S/D,S/D,S/D,0,S/D,S/D,S/D,0,S/D,S/D,S/D,0,S/D,S/D,S/D,0
213503,HUAMANI EL TAMBO,ICA,ICA,eta5,pp,20260907,20261006,"00Z,12Z",D1,6h,S/D,S/D,S/D,0,S/D,S/D,S/D,0,S/D,S/D,S/D,0,S/D,S/D,S/D,0,S/D,S/D,S/D,0
213503,HUAMANI EL TAMBO,ICA,ICA,wrf5,pp,20260907,20261006,"00Z,12Z",D1,6h,S/D,S/D,S/D,0,S/D,S/D,S/D,0,S/D,S/D,S/D,0,S/D,S/D,S/D,0,S/D,S/D,S/D,0
213503,HUAMANI EL TAMBO,ICA,ICA,mpas15,pp,20260907,20261006,00Z,D1,6h,S/D,S/D,S/D,0,S/D,S/D,S/D,0,S/D,S/D,S/D,0,S/D,S/D,S/D,0,S/D,S/D,S/D,0
213506,LOS MOLINOS,ICA,ICA,ecmwf,pp,20260907,20261006,"00Z,12Z",D1,6h,S/D,S/D,S/D,0,S/D,S/D,S/D,0,S/D,S/D,S/D,0,S/D,S/D,S/D,0,S/D,S/D,S/D,0
213506,LOS MOLINOS,ICA,ICA,gfs,pp,20260907,20261006,"00Z,12Z",D1,6h,S/D,S/D,S/D,0,S/D,S/D,S/D,0,S/D,S/D,S/D,0,S/D,S/D,S/D,0,S/D,S/D,S/D,0
213506,LOS MOLINOS,ICA,ICA,eta5,pp,20260907,20261006,"00Z,12Z",D1,6h,S/D,S/D,S/D,0,S/D,S/D,S/D,0,S/D,S/D,S/D,0,S/D,S/D,S/D,0,S/D,S/D,S/D,0
213506,LOS MOLINOS,ICA,ICA,wrf5,pp,20260907,20261006,"00Z,12Z",D1,6h,S/D,S/D,S/D,0,S/D,S/D,S/D,0,S/D,S/D,S/D,0,S/D,S/D,S/D,0,S/D,S/D,S/D,0
213506,LOS MOLINOS,ICA,ICA,mpas15,pp,20260907,20261006,00Z,D1,6h,S/D,S/D,S/D,0,S/D,S/D,S/D,0,S/D,S/D,S/D,0,S/D,S/D,S/D,0,S/D,S/D,S/D,0
114139,COPARA,ICA,NASCA,ecmwf,pp,20260907,20261006,"00Z,12Z",D1,6h,0.01,0.017,S/D,14,S/D,S/D,S/D,0,S/D,S/D,S/D,0,S/D,S/D,S/D,0,S/D,S/D,S/D,0
114139,COPARA,ICA,NASCA,gfs,pp,20260907,20261006,"00Z,12Z",D1,6h,0.0,0.0,S/D,14,S/D,S/D,S/D,0,S/D,S/D,S/D,0,S/D,S/D,S/D,0,S/D,S/D,S/D,0
114139,COPARA,ICA,NASCA,eta5,pp,20260907,20261006,"00Z,12Z",D1,6h,0.0,0.0,S/D,11,S/D,S/D,S/D,0,S/D,S/D,S/D,0,S/D,S/D,S/D,0,S/D,S/D,S/D,0
114139,COPARA,ICA,NASCA,wrf5,pp,20260907,20261006,"00Z,12Z",D1,6h,0.0,0.0,S/D,14,S/D,S/D,S/D,0,S/D,S/D,S/D,0,S/D,S/D,S/D,0,S/D,S/D,S/D,0
114139,COPARA,ICA,NASCA,mpas15,pp,20260907,20261006,00Z,D1,6h,0.0,0.0,S/D,7,S/D,S/D,S/D,0,S/D,S/D,S/D,0,S/D,S/D,S/D,0,S/D,S/D,S/D,0
114136,PALPA,ICA,PALPA,ecmwf,pp,20260907,20261006,"00Z,12Z",D1,6h,S/D,S/D,S/D,0,S/D,S/D,S/D,0,S/D,S/D,S/D,0,S/D,S/D,S/D,0,S/D,S/D,S/D,0
114136,PALPA,ICA,PALPA,gfs,pp,20260907,20261006,"00Z,12Z",D1,6h,S/D,S/D,S/D,0,S/D,S/D,S/D,0,S/D,S/D,S/D,0,S/D,S/D,S/D,0,S/D,S/D,S/D,0
114136,PALPA,ICA,PALPA,eta5,pp,20260907,20261006,"00Z,12Z",D1,6h,S/D,S/D,S/D,0,S/D,S/D,S/D,0,S/D,S/D,S/D,0,S/D,S/D,S/D,0,S/D,S/D,S/D,0
114136,PALPA,ICA,PALPA,wrf5,pp,20260907,20261006,"00Z,12Z",D1,6h,S/D,S/D,S/D,0,S/D,S/D,S/D,0,S/D,S/D,S/D,0,S/D,S/D,S/D,0,S/D,S/D,S/D,0
114136,PALPA,ICA,PALPA,mpas15,pp,20260907,20261006,00Z,D1,6h,S/D,S/D,S/D,0,S/D,S/D,S/D,0,S/D,S/D,S/D,0,S/D,S/D,S/D,0,S/D,S/D,S/D,0
114140,PAMPA BLANCA,ICA,PALPA,ecmwf,pp,20260907,20261006,"00Z,12Z",D1,6h,0.48,0.716,S/D,4,S/D,1.0,0.0,0,S/D,1.0,0.0,0,S/D,S/D,S/D,0,S/D,S/D,S/D,0
114140,PAMPA BLANCA,ICA,PALPA,gfs,pp,20260907,20261006,"00Z,12Z",D1,6h,0.031,0.044,S/D,4,S/D,S/D,S/D,0,S/D,S/D,S/D,0,S/D,S/D,S/D,0,S/D,S/D,S/D,0
114140,PAMPA BLANCA,ICA,PALPA,eta5,pp,20260907,20261006,"00Z,12Z",D1,6h,0.0,0.0,S/D,2,S/D,S/D,S/D,0,S/D,S/D,S/D,0,S/D,S/D,S/D,0,S/D,S/D,S/D,0
114140,PAMPA BLANCA,ICA,PALPA,wrf5,pp,20260907,20261006,"00Z,12Z",D1,6h,0.01,0.02,S/D,4,S/D,S/D,S/D,0,S/D,S/D,S/D,0,S/D,S/D,S/D,0,S/D,S/D,S/D,0
114140,PAMPA BLANCA,ICA,PALPA,mpas15,pp,20260907,20261006,00Z,D1,6h,0.0,0.0,S/D,2,S/D,S/D,S/D,0,S/D,S/D,S/D,0,S/D,S/D,S/D,0,S/D,S/D,S/D,0
213403,LETRAYOC,ICA,PISCO,ecmwf,pp,20260907,20261006,"00Z,12Z",D1,6h,S/D,S/D,S/D,0,S/D,S/D,S/D,0,S/D,S/D,S/D,0,S/D,S/D,S/D,0,S/D,S/D,S/D,0
213403,LETRAYOC,ICA,PISCO,gfs,pp,20260907,20261006,"00Z,12Z",D1,6h,S/D,S/D,S/D,0,S/D,S/D,S/D,0,S/D,S/D,S/D,0,S/D,S/D,S/D,0,S/D,S/D,S/D,0
213403,LETRAYOC,ICA,PISCO,eta5,pp,20260907,20261006,"00Z,12Z",D1,6h,S/D,S/D,S/D,0,S/D,S/D,S/D,0,S/D,S/D,S/D,0,S/D,S/D,S/D,0,S/D,S/D,S/D,0
213403,LETRAYOC,ICA,PISCO,wrf5,pp,20260907,20261006,"00Z,12Z",D1,6h,S/D,S/D,S/D,0,S/D,S/D,S/D,0,S/D,S/D,S/D,0,S/D,S/D,S/D,0,S/D,S/D,S/D,0
213403,LETRAYOC,ICA,PISCO,mpas15,pp,20260907,20261006,00Z,D1,6h,S/D,S/D,S/D,0,S/D,S/D,S/D,0,S/D,S/D,S/D,0,S/D,S/D,S/D,0,S/D,S/D,S/D,0
472DF5D6,HUAYTAPALLANA,JUNIN,HUANCAYO,ecmwf,pp,20260907,20261006,"00Z,12Z",D1,6h,0.565,1.662,0.433,232,0.84,0.6,0.372,50,0.562,0.857,0.129,16,0.0,1.0,0.0,2,S/D,S/D,S/D,0
472DF5D6,HUAYTAPALLANA,JUNIN,HUANCAYO,gfs,pp,20260907,20261006,"00Z,12Z",D1,6h,0.994,2.309,0.419,232,0.92,0.726,0.267,50,0.625,0.885,0.108,16,0.0,1.0,0.0,2,S/D,S/D,S/D,0
472DF5D6,HUAYTAPALLANA,JUNIN,HUANCAYO,eta5,pp,20260907,20261006,"00Z,12Z",D1,6h,-0.078,1.218,0.526,187,0.625,0.419,0.431,40,0.25,0.7,0.158,12,0.0,S/D,0.0,2,S/D,S/D,S/D,0
472DF5D6,HUAYTAPALLANA,JUNIN,HUANCAYO,wrf5,pp,20260907,20261006,"00Z,12Z",D1,6h,0.488,2.26,0.423,229,0.7,0.545,0.38,50,0.312,0.861,0.106,16,0.0,1.0,0.0,2,S/D,S/D,S/D,0
472DF5D6,HUAYTAPALLANA,JUNIN,HUANCAYO,mpas15,pp,20260907,20261006,00Z,D1,6h,0.572,1.898,0.335,116,0.68,0.614,0.327,25,0.5,0.879,0.108,8,0.0,1.0,0.0,1,S/D,S/D,S/D,0
111288,CHACAPALPA,JUNIN,JAUJA,ecmwf,pp,20260907,20261006,"00Z,12Z",D1,6h,S/D,S/D,S/D,0,S/D,S/D,S/D,0,S/D,S/D,S/D,0,S/D,S/D,S/D,0,S/D,S/D,S/D,0
111288,CHACAPALPA,JUNIN,JAUJA,gfs,pp,20260907,20261006,"00Z,12Z",D1,6h,S/D,S/D,S/D,0,S/D,S/D,S/D,0,S/D,S/D,S/D,0,S/D,S/D,S/D,0,S/D,S/D,S/D,0
111288,CHACAPALPA,JUNIN,JAUJA,eta5,pp,20260907,20261006,"00Z,12Z",D1,6h,S/D,S/D,S/D,0,S/D,S/D,S/D,0,S/D,S/D,S/D,0,S/D,S/D,S/D,0,S/D,S/D,S/D,0
111288,CHACAPALPA,JUNIN,JAUJA,wrf5,pp,20260907,20261006,"00Z,12Z",D1,6h,S/D,S/D,S/D,0,S/D,S/D,S/D,0,S/D,S/D,S/D,0,S/D,S/D,S/D,0,S/D,S/D,S/D,0
111288,CHACAPALPA,JUNIN,JAUJA,mpas15,pp,20260907,20261006,00Z,D1,6h,S/D,S/D,S/D,0,S/D,S/D,S/D,0,S/D,S/D,S/D,0,S/D,S/D,S/D,0,S/D,S/D,S/D,0
111299,POTSOTENI,JUNIN,SATIPO,ecmwf,pp,20260907,20261006,"00Z,12Z",D1,6h,1.225,2.453,0.102,234,0.95,0.893,0.106,20,0.6,0.933,0.065,10,0.0,1.0,0.0,2,S/D,S/D,S/D,0
111299,POTSOTENI,JUNIN,SATIPO,gfs,pp,20260907,20261006,"00Z,12Z",D1,6h,1.048,2.118,0.037,234,0.7,0.905,0.091,20,0.4,0.952,0.044,10,0.0,1.0,0.0,2,S/D,S/D,S/D,0
111299,POTSOTENI,JUNIN,SATIPO,eta5,pp,20260907,20261006,"00Z,12Z",D1,6h,2.135,4.284,0.195,190,0.75,0.857,0.136,20,0.7,0.919,0.079,10,0.0,1.0,0.0,2,S/D,S/D,S/D,0
111299,POTSOTENI,JUNIN,SATIPO,wrf5,pp,20260907,20261006,"00Z,12Z",D1,6h,0.609,5.493,0.232,231,0.55,0.738,0.216,20,0.2,0.867,0.087,10,0.0,1.0,0.0,2,S/D,1.0,0.0,0
111299,POTSOTENI,JUNIN,SATIPO,mpas15,pp,20260907,20261006,00Z,D1,6h,1.044,2.395,0.055,117,0.5,0.914,0.079,10,0.6,0.933,0.064,5,0.0,1.0,0.0,1,S/D,S/D,S/D,0
4725C4EA,SATIPO,JUNIN,SATIPO,ecmwf,pp,20260907,20261006,"00Z,12Z",D1,6h,-0.144,3.705,0.351,236,0.905,0.743,0.25,42,0.607,0.734,0.227,28,0.111,0.778,0.08,18,S/D,S/D,S/D,0
4725C4EA,SATIPO,JUNIN,SATIPO,gfs,pp,20260907,20261006,"00Z,12Z",D1,6h,0.108,3.872,0.275,236,0.833,0.771,0.219,42,0.571,0.814,0.163,28,0.111,0.833,0.071,18,S/D,S/D,S/D,0
4725C4EA,SATIPO,JUNIN,SATIPO,eta5,pp,20260907,20261006,"00Z,12Z",D1,6h,1.602,5.811,0.117,191,0.615,0.778,0.195,39,0.593,0.818,0.162,27,0.444,0.814,0.151,18,S/D,S/D,S/D,0
4725C4EA,SATIPO,JUNIN,SATIPO,wrf5,pp,20260907,20261006,"00Z,12Z",D1,6h,-0.399,4.674,0.264,232,0.5,0.65,0.259,42,0.25,0.741,0.146,28,0.056,0.875,0.04,18,S/D,1.0,0.0,0
4725C4EA,SATIPO,JUNIN,SATIPO,mpas15,pp,20260907,20261006,00Z,D1,6h,0.914,4.357,0.281,118,0.905,0.736,0.257,21,0.714,0.836,0.154,14,0.222,0.882,0.083,9,S/D,S/D,S/D,0
47257764,TARMA,JUNIN,TARMA,ecmwf,pp,20260907,20261006,"00Z,12Z",D1,6h,0.289,1.041,0.405,226,0.857,0.75,0.24,28,0.75,0.727,0.25,12,0.25,0.667,0.167,4,S/D,S/D,S/D,0
47257764,TARMA,JUNIN,TARMA,gfs,pp,20260907,20261006,"00Z,12Z",D1,6h,0.685,1.742,0.34,226,0.857,0.838,0.158,28,0.667,0.849,0.14,12,0.5,0.818,0.154,4,S/D,S/D,S/D,0
47257764,TARMA,JUNIN,TARMA,eta5,pp,20260907,20261006,"00Z,12Z",D1,6h,0.88,2.053,0.288,184,0.893,0.766,0.227,28,0.917,0.828,0.169,12,0.0,1.0,0.0,4,S/D,S/D,S/D,0
47257764,TARMA,JUNIN,TARMA,wrf5,pp,20260907,20261006,"00Z,12Z",D1,6h,0.035,1.123,0.333,222,0.519,0.641,0.269,27,0.364,0.75,0.174,11,0.0,1.0,0.0,4,S/D,S/D,S/D,0
47257764,TARMA,JUNIN,TARMA,mpas15,pp,20260907,20261006,00Z,D1,6h,0.404,1.398,0.269,113,0.714,0.737,0.238,14,0.833,0.833,0.161,6,0.0,1.0,0.0,2,S/D,S/D,S/D,0
472D9030,MARCAPOMACOCHA,JUNIN,YAULI,ecmwf,pp,20260907,20261006,"00Z,12Z",D1,6h,0.55,1.346,0.559,236,0.946,0.569,0.421,56,0.786,0.784,0.204,14,S/D,1.0,0.0,0,S/D,S/D,S/D,0
472D9030,MARCAPOMACOCHA,JUNIN,YAULI,gfs,pp,20260907,20261006,"00Z,12Z",D1,6h,0.668,1.812,0.439,236,0.839,0.595,0.376,56,0.643,0.82,0.164,14,S/D,1.0,0.0,0,S/D,S/D,S/D,0
472D9030,MARCAPOMACOCHA,JUNIN,YAULI,eta5,pp,20260907,20261006,"00Z,12Z",D1,6h,0.122,0.781,0.54,191,0.596,0.354,0.449,52,0.429,0.647,0.24,14,S/D,S/D,S/D,0,S/D,S/D,S/D,0
472D9030,MARCAPOMACOCHA,JUNIN,YAULI,wrf5,pp,20260907,20261006,"00Z,12Z",D1,6h,0.674,2.528,0.511,233,0.618,0.5,0.382,55,0.769,0.688,0.286,13,S/D,1.0,0.0,0,S/D,1.0,0.0,0
472D9030,MARCAPOMACOCHA,JUNIN,YAULI,mpas15,pp,20260907,20261006,00Z,D1,6h,0.8,2.561,0.44,118,0.714,0.524,0.4,28,0.571,0.857,0.129,7,S/D,1.0,0.0,0,S/D,S/D,S/D,0
472D30C8,CASAGRANDE,LA LIBERTAD,ASCOPE,ecmwf,pp,20260907,20261006,"00Z,12Z",D1,6h,0.013,0.046,0.121,232,0.0,1.0,0.0,4,S/D,S/D,S/D,0,S/D,S/D,S/D,0,S/D,S/D,S/D,0
472D30C8,CASAGRANDE,LA LIBERTAD,ASCOPE,gfs,pp,20260907,20261006,"00Z,12Z",D1,6h,-0.001,0.015,-0.015,232,0.0,S/D,0.0,4,S/D,S/D,S/D,0,S/D,S/D,S/D,0,S/D,S/D,S/D,0
472D30C8,CASAGRANDE,LA LIBERTAD,ASCOPE,eta5,pp,20260907,20261006,"00Z,12Z",D1,6h,0.021,0.072,0.134,187,0.333,0.938,0.056,3,S/D,S/D,S/D,0,S/D,S/D,S/D,0,S/D,S/D,S/D,0
472D30C8,CASAGRANDE,LA LIBERTAD,ASCOPE,wrf5,pp,20260907,20261006,"00Z,12Z",D1,6h,0.001,0.016,0.159,229,0.0,S/D,0.0,4,S/D,S/D,S/D,0,S/D,S/D,S/D,0,S/D,S/D,S/D,0
472D30C8,CASAGRANDE,LA LIBERTAD,ASCOPE,mpas15,pp,20260907,20261006,00Z,D1,6h,0.003,0.048,-0.095,116,0.0,1.0,0.0,2,S/D,S/D,S/D,0,S/D,S/D,S/D,0,S/D,S/D,S/D,0
211001,SALINAR,LA LIBERTAD,ASCOPE,ecmwf,pp,20260907,20261006,"00Z,12Z",D1,6h,0.028,0.079,S/D,232,S/D,1.0,0.0,0,S/D,S/D,S/D,0,S/D,S/D,S/D,0,S/D,S/D,S/D,0
211001,SALINAR,LA LIBERTAD,ASCOPE,gfs,pp,20260907,20261006,"00Z,12Z",D1,6h,0.003,0.016,S/D,232,S/D,1.0,0.0,0,S/D,S/D,S/D,0,S/D,S/D,S/D,0,S/D,S/D,S/D,0
211001,SALINAR,LA LIBERTAD,ASCOPE,eta5,pp,20260907,20261006,"00Z,12Z",D1,6h,0.015,0.057,S/D,187,S/D,1.0,0.0,0,S/D,S/D,S/D,0,S/D,S/D,S/D,0,S/D,S/D,S/D,0
211001,SALINAR,LA LIBERTAD,ASCOPE,wrf5,pp,20260907,20261006,"00Z,12Z",D1,6h,0.003,0.012,S/D,229,S/D,1.0,0.0,0,S/D,S/D,S/D,0,S/D,S/D,S/D,0,S/D,S/D,S/D,0
211001,SALINAR,LA LIBERTAD,ASCOPE,mpas15,pp,20260907,20261006,00Z,D1,6h,0.034,0.227,S/D,116,S/D,1.0,0.0,0,S/D,1.0,0.0,0,S/D,S/D,S/D,0,S/D,S/D,S/D,0
472EA2A4,CASCAS,LA LIBERTAD,GRAN CHIMU,ecmwf,pp,20260907,20261006,"00Z,12Z",D1,6h,0.583,1.632,0.09,236,0.667,0.966,0.034,6,S/D,1.0,0.0,0,S/D,1.0,0.0,0,S/D,S/D,S/D,0
472EA2A4,CASCAS,LA LIBERTAD,GRAN CHIMU,gfs,pp,20260907,20261006,"00Z,12Z",D1,6h,0.293,0.613,-0.067,236,0.333,0.982,0.017,6,S/D,1.0,0.0,0,S/D,S/D,S/D,0,S/D,S/D,S/D,0
472EA2A4,CASCAS,LA LIBERTAD,GRAN CHIMU,eta5,pp,20260907,20261006,"00Z,12Z",D1,6h,0.392,1.282,-0.102,191,0.0,1.0,0.0,4,S/D,1.0,0.0,0,S/D,1.0,0.0,0,S/D,S/D,S/D,0
472EA2A4,CASCAS,LA LIBERTAD,GRAN CHIMU,wrf5,pp,20260907,20261006,"00Z,12Z",D1,6h,0.025,0.118,0.044,233,0.0,1.0,0.0,6,S/D,1.0,0.0,0,S/D,S/D,S/D,0,S/D,S/D,S/D,0
472EA2A4,CASCAS,LA LIBERTAD,GRAN CHIMU,mpas15,pp,20260907,20261006,00Z,D1,6h,0.619,1.592,0.176,118,0.667,0.938,0.061,3,S/D,1.0,0.0,0,S/D,1.0,0.0,0,S/D,S/D,S/D,0
47E0A2A8,EL TAMBO,LA LIBERTAD,GRAN CHIMU,ecmwf,pp,20260907,20261006,"00Z,12Z",D1,6h,0.586,1.643,S/D,232,S/D,1.0,0.0,0,S/D,1.0,0.0,0,S/D,1.0,0.0,0,S/D,S/D,S/D,0
47E0A2A8,EL TAMBO,LA LIBERTAD,GRAN CHIMU,gfs,pp,20260907,20261006,"00Z,12Z",D1,6h,0.305,0.619,S/D,232,S/D,1.0,0.0,0,S/D,1.0,0.0,0,S/D,S/D,S/D,0,S/D,S/D,S/D,0
47E0A2A8,EL TAMBO,LA LIBERTAD,GRAN CHIMU,eta5,pp,20260907,20261006,"00Z,12Z",D1,6h,0.821,2.145,S/D,188,S/D,1.0,0.0,0,S/D,1.0,0.0,0,S/D,1.0,0.0,0,S/D,S/D,S/D,0
47E0A2A8,EL TAMBO,LA LIBERTAD,GRAN CHIMU,wrf5,pp,20260907,20261006,"00Z,12Z",D1,6h,0.019,0.121,S/D,228,S/D,1.0,0.0,0,S/D,1.0,0.0,0,S/D,S/D,S/D,0,S/D,S/D,S/D,0
47E0A2A8,EL TAMBO,LA LIBERTAD,GRAN CHIMU,mpas15,pp,20260907,20261006,00Z,D1,6h,0.547,1.543,S/D,116,S/D,1.0,0.0,0,S/D,1.0,0.0,0,S/D,1.0,0.0,0,S/D,S/D,S/D,0
472D552E,LUCMA,LA LIBERTAD,GRAN CHIMU,ecmwf,pp,20260907,20261006,"00Z,12Z",D1,6h,0.389,0.875,0.144,236,1.0,0.981,0.019,2,S/D,1.0,0.0,0,S/D,1.0,0.0,0,S/D,S/D,S/D,0
472D552E,LUCMA,LA LIBERTAD,GRAN CHIMU,gfs,pp,20260907,20261006,"00Z,12Z",D1,6h,0.717,1.502,0.156,236,1.0,0.986,0.014,2,S/D,1.0,0.0,0,S/D,1.0,0.0,0,S/D,S/D,S/D,0
472D552E,LUCMA,LA LIBERTAD,GRAN CHIMU,eta5,pp,20260907,20261006,"00Z,12Z",D1,6h,0.177,0.66,0.21,191,1.0,0.951,0.049,2,S/D,1.0,0.0,0,S/D,1.0,0.0,0,S/D,S/D,S/D,0
472D552E,LUCMA,LA LIBERTAD,GRAN CHIMU,wrf5,pp,20260907,20261006,"00Z,12Z",D1,6h,0.093,0.546,0.218,233,1.0,0.882,0.118,2,S/D,1.0,0.0,0,S/D,1.0,0.0,0,S/D,S/D,S/D,0
472D552E,LUCMA,LA LIBERTAD,GRAN CHIMU,mpas15,pp,20260907,20261006,00Z,D1,6h,0.844,2.005,0.149,118,1.0,0.974,0.026,1,S/D,1.0,0.0,0,S/D,1.0,0.0,0,S/D,S/D,S/D,0
472CC2B6,MARMOT,LA LIBERTAD,GRAN CHIMU,ecmwf,pp,20260907,20261006,"00Z,12Z",D1,6h,S/D,S/D,S/D,0,S/D,S/D,S/D,0,S/D,S/D,S/D,0,S/D,S/D,S/D,0,S/D,S/D,S/D,0
472CC2B6,MARMOT,LA LIBERTAD,GRAN CHIMU,gfs,pp,20260907,20261006,"00Z,12Z",D1,6h,S/D,S/D,S/D,0,S/D,S/D,S/D,0,S/D,S/D,S/D,0,S/D,S/D,S/D,0,S/D,S/D,S/D,0
472CC2B6,MARMOT,LA LIBERTAD,GRAN CHIMU,eta5,pp,20260907,20261006,"00Z,12Z",D1,6h,S/D,S/D,S/D,0,S/D,S/D,S/D,0,S/D,S/D,S/D,0,S/D,S/D,S/D,0,S/D,S/D,S/D,0
472CC2B6,MARMOT,LA LIBERTAD,GRAN CHIMU,wrf5,pp,20260907,20261006,"00Z,12Z",D1,6h,S/D,S/D,S/D,0,S/D,S/D,S/D,0,S/D,S/D,S/D,0,S/D,S/D,S/D,0,S/D,S/D,S/D,0
472CC2B6,MARMOT,LA LIBERTAD,GRAN CHIMU,mpas15,pp,20260907,20261006,00Z,D1,6h,S/D,S/D,S/D,0,S/D,S/D,S/D,0,S/D,S/D,S/D,0,S/D,S/D,S/D,0,S/D,S/D,S/D,0
472E5220,PUENTE PALMIRA,LA LIBERTAD,GRAN CHIMU,ecmwf,pp,20260907,20261006,"00Z,12Z",D1,6h,0.593,1.64,S/D,234,S/D,1.0,0.0,0,S/D,1.0,0.0,0,S/D,1.0,0.0,0,S/D,S/D,S/D,0
472E5220,PUENTE PALMIRA,LA LIBERTAD,GRAN CHIMU,gfs,pp,20260907,20261006,"00Z,12Z",D1,6h,0.299,0.615,S/D,234,S/D,1.0,0.0,0,S/D,1.0,0.0,0,S/D,S/D,S/D,0,S/D,S/D,S/D,0
472E5220,PUENTE PALMIRA,LA LIBERTAD,GRAN CHIMU,eta5,pp,20260907,20261006,"00Z,12Z",D1,6h,0.63,2.01,S/D,190,S/D,1.0,0.0,0,S/D,1.0,0.0,0,S/D,1.0,0.0,0,S/D,S/D,S/D,0
472E5220,PUENTE PALMIRA,LA LIBERTAD,GRAN CHIMU,wrf5,pp,20260907,20261006,"00Z,12Z",D1,6h,0.011,0.068,S/D,231,S/D,1.0,0.0,0,S/D,S/D,S/D,0,S/D,S/D,S/D,0,S/D,S/D,S/D,0
472E5220,PUENTE PALMIRA,LA LIBERTAD,GRAN CHIMU,mpas15,pp,20260907,20261006,00Z,D1,6h,0.111,0.531,S/D,117,S/D,1.0,0.0,0,S/D,1.0,0.0,0,S/D,S/D,S/D,0,S/D,S/D,S/D,0
472D8346,CALLANCAS,LA LIBERTAD,OTUZCO,ecmwf,pp,20260907,20261006,"00Z,12Z",D1,6h,0.312,0.948,0.188,236,0.75,0.917,0.081,12,0.75,0.912,0.086,4,S/D,1.0,0.0,0,S/D,S/D,S/D,0
472D8346,CALLANCAS,LA LIBERTAD,OTUZCO,gfs,pp,20260907,20261006,"00Z,12Z",D1,6h,0.64,1.574,0.189,236,0.833,0.93,0.069,12,0.25,0.978,0.02,4,S/D,1.0,0.0,0,S/D,S/D,S/D,0
472D8346,CALLANCAS,LA LIBERTAD,OTUZCO,eta5,pp,20260907,20261006,"00Z,12Z",D1,6h,1.544,3.34,0.199,191,0.889,0.918,0.081,9,0.5,0.983,0.017,2,S/D,1.0,0.0,0,S/D,S/D,S/D,0
472D8346,CALLANCAS,LA LIBERTAD,OTUZCO,wrf5,pp,20260907,20261006,"00Z,12Z",D1,6h,-0.005,0.644,0.256,233,0.417,0.762,0.179,12,0.0,1.0,0.0,4,S/D,S/D,S/D,0,S/D,S/D,S/D,0
472D8346,CALLANCAS,LA LIBERTAD,OTUZCO,mpas15,pp,20260907,20261006,00Z,D1,6h,0.564,1.758,0.108,118,0.667,0.875,0.118,6,0.5,0.957,0.042,2,S/D,1.0,0.0,0,S/D,S/D,S/D,0
472EB1D2,CAPACHIQUE,LA LIBERTAD,OTUZCO,ecmwf,pp,20260907,20261006,"00Z,12Z",D1,6h,0.391,1.4,0.191,236,0.682,0.867,0.125,22,0.375,0.906,0.081,8,0.0,1.0,0.0,4,S/D,S/D,S/D,0
472EB1D2,CAPACHIQUE,LA LIBERTAD,OTUZCO,gfs,pp,20260907,20261006,"00Z,12Z",D1,6h,0.838,1.802,0.246,236,0.864,0.88,0.118,22,0.625,0.919,0.077,8,0.5,0.846,0.133,4,S/D,S/D,S/D,0
472EB1D2,CAPACHIQUE,LA LIBERTAD,OTUZCO,eta5,pp,20260907,20261006,"00Z,12Z",D1,6h,0.418,1.382,0.114,191,0.533,0.871,0.116,15,0.4,0.929,0.065,5,0.333,0.8,0.143,3,S/D,S/D,S/D,0
472EB1D2,CAPACHIQUE,LA LIBERTAD,OTUZCO,wrf5,pp,20260907,20261006,"00Z,12Z",D1,6h,0.398,1.812,0.173,233,0.5,0.836,0.141,22,0.625,0.815,0.167,8,0.5,0.75,0.2,4,S/D,S/D,S/D,0
472EB1D2,CAPACHIQUE,LA LIBERTAD,OTUZCO,mpas15,pp,20260907,20261006,00Z,D1,6h,0.779,2.283,0.11,118,0.455,0.875,0.109,11,0.5,0.935,0.061,4,0.0,1.0,0.0,2,S/D,S/D,S/D,0
107131,LA FORTUNA,LA LIBERTAD,OTUZCO,ecmwf,pp,20260907,20261006,"00Z,12Z",D1,6h,0.23,0.84,0.324,236,0.781,0.766,0.219,32,0.417,0.853,0.122,12,S/D,1.0,0.0,0,S/D,S/D,S/D,0
107131,LA FORTUNA,LA LIBERTAD,OTUZCO,gfs,pp,20260907,20261006,"00Z,12Z",D1,6h,0.559,1.39,0.353,236,0.875,0.804,0.19,32,0.667,0.826,0.16,12,S/D,1.0,0.0,0,S/D,S/D,S/D,0
107131,LA FORTUNA,LA LIBERTAD,OTUZCO,eta5,pp,20260907,20261006,"00Z,12Z",D1,6h,-0.114,0.596,0.357,191,0.182,0.5,0.154,22,0.0,S/D,0.0,8,S/D,S/D,S/D,0,S/D,S/D,S/D,0
107131,LA FORTUNA,LA LIBERTAD,OTUZCO,wrf5,pp,20260907,20261006,"00Z,12Z",D1,6h,0.547,2.463,0.297,232,0.594,0.729,0.229,32,0.583,0.767,0.2,12,S/D,1.0,0.0,0,S/D,S/D,S/D,0
107131,LA FORTUNA,LA LIBERTAD,OTUZCO,mpas15,pp,20260907,20261006,00Z,D1,6h,0.601,1.62,0.142,118,0.562,0.75,0.209,16,0.833,0.828,0.167,6,S/D,1.0,0.0,0,S/D,S/D,S/D,0
472E74CC,PUENTE COINA,LA LIBERTAD,OTUZCO,ecmwf,pp,20260907,20261006,"00Z,12Z",D1,6h,0.331,0.86,0.171,236,0.639,0.787,0.19,36,S/D,1.0,0.0,0,S/D,1.0,0.0,0,S/D,S/D,S/D,0
472E74CC,PUENTE COINA,LA LIBERTAD,OTUZCO,gfs,pp,20260907,20261006,"00Z,12Z",D1,6h,0.66,1.463,0.069,236,0.667,0.832,0.155,36,S/D,1.0,0.0,0,S/D,1.0,0.0,0,S/D,S/D,S/D,0
472E74CC,PUENTE COINA,LA LIBERTAD,OTUZCO,eta5,pp,20260907,20261006,"00Z,12Z",D1,6h,0.415,1.317,0.035,191,0.35,0.865,0.108,20,S/D,1.0,0.0,0,S/D,1.0,0.0,0,S/D,S/D,S/D,0
472E74CC,PUENTE COINA,LA LIBERTAD,OTUZCO,wrf5,pp,20260907,20261006,"00Z,12Z",D1,6h,0.3,1.52,0.115,233,0.194,0.811,0.106,36,S/D,1.0,0.0,0,S/D,1.0,0.0,0,S/D,S/D,S/D,0
472E74CC,PUENTE COINA,LA LIBERTAD,OTUZCO,mpas15,pp,20260907,20261006,00Z,D1,6h,0.706,1.74,-0.016,118,0.333,0.833,0.125,18,S/D,1.0,0.0,0,S/D,1.0,0.0,0,S/D,S/D,S/D,0
472D60B4,USQUIL,LA LIBERTAD,OTUZCO,ecmwf,pp,20260907,20261006,"00Z,12Z",D1,6h,0.26,1.083,0.214,236,0.727,0.852,0.14,22,0.5,0.912,0.081,6,0.0,1.0,0.0,2,S/D,S/D,S/D,0
472D60B4,USQUIL,LA LIBERTAD,OTUZCO,gfs,pp,20260907,20261006,"00Z,12Z",D1,6h,0.589,1.556,0.119,236,0.727,0.888,0.107,22,0.667,0.913,0.083,6,0.0,1.0,0.0,2,S/D,S/D,S/D,0
472D60B4,USQUIL,LA LIBERTAD,OTUZCO,eta5,pp,20260907,20261006,"00Z,12Z",D1,6h,0.357,1.303,0.183,191,0.571,0.846,0.138,14,0.75,0.87,0.125,4,0.0,1.0,0.0,1,S/D,S/D,S/D,0
472D60B4,USQUIL,LA LIBERTAD,OTUZCO,wrf5,pp,20260907,20261006,"00Z,12Z",D1,6h,0.228,1.593,0.224,233,0.364,0.784,0.157,22,0.333,0.889,0.091,6,0.0,1.0,0.0,2,S/D,S/D,S/D,0
472D60B4,USQUIL,LA LIBERTAD,OTUZCO,mpas15,pp,20260907,20261006,00Z,D1,6h,0.512,1.726,-0.067,118,0.364,0.889,0.093,11,0.0,1.0,0.0,3,0.0,1.0,0.0,1,S/D,S/D,S/D,0
107130,TICAPAMPA,LA LIBERTAD,SANCHEZ CARRION,ecmwf,pp,20260907,20261006,"00Z,12Z",D1,6h,0.542,2.192,0.168,226,0.667,0.823,0.163,30,0.5,0.839,0.138,18,0.0,1.0,0.0,4,S/D,S/D,S/D,0
107130,TICAPAMPA,LA LIBERTAD,SANCHEZ CARRION,gfs,pp,20260907,20261006,"00Z,12Z",D1,6h,0.564,2.101,0.301,226,0.867,0.828,0.168,30,0.667,0.769,0.207,18,0.25,0.833,0.111,4,S/D,S/D,S/D,0
107130,TICAPAMPA,LA LIBERTAD,SANCHEZ CARRION,eta5,pp,20260907,20261006,"00Z,12Z",D1,6h,0.386,1.18,0.336,185,0.667,0.724,0.242,24,0.643,0.743,0.225,14,0.667,0.667,0.286,3,S/D,S/D,S/D,0
107130,TICAPAMPA,LA LIBERTAD,SANCHEZ CARRION,wrf5,pp,20260907,20261006,"00Z,12Z",D1,6h,0.262,1.636,0.391,222,0.667,0.649,0.299,30,0.611,0.621,0.306,18,0.75,0.625,0.333,4,S/D,S/D,S/D,0
107130,TICAPAMPA,LA LIBERTAD,SANCHEZ CARRION,mpas15,pp,20260907,20261006,00Z,D1,6h,0.805,2.279,0.189,113,0.667,0.818,0.167,15,0.667,0.838,0.15,9,0.5,0.857,0.125,2,S/D,S/D,S/D,0
4727319A,QUIRUVILCA,LA LIBERTAD,SANTIAGO DE CHUCO,ecmwf,pp,20260907,20261006,"00Z,12Z",D1,6h,0.645,1.752,0.305,214,0.923,0.758,0.238,26,0.5,0.922,0.073,8,0.0,1.0,0.0,2,S/D,S/D,S/D,0
4727319A,QUIRUVILCA,LA LIBERTAD,SANTIAGO DE CHUCO,gfs,pp,20260907,20261006,"00Z,12Z",D1,6h,1.145,2.293,0.249,214,0.846,0.86,0.137,26,0.75,0.923,0.075,8,0.5,0.923,0.071,2,S/D,S/D,S/D,0
4727319A,QUIRUVILCA,LA LIBERTAD,SANTIAGO DE CHUCO,eta5,pp,20260907,20261006,"00Z,12Z",D1,6h,-0.091,0.595,0.197,173,0.278,0.615,0.192,18,0.167,0.5,0.143,6,0.0,S/D,0.0,1,S/D,S/D,S/D,0
4727319A,QUIRUVILCA,LA LIBERTAD,SANTIAGO DE CHUCO,wrf5,pp,20260907,20261006,"00Z,12Z",D1,6h,1.17,3.695,0.347,210,0.692,0.739,0.234,26,0.75,0.854,0.14,8,1.0,0.895,0.105,2,S/D,1.0,0.0,0
4727319A,QUIRUVILCA,LA LIBERTAD,SANTIAGO DE CHUCO,mpas15,pp,20260907,20261006,00Z,D1,6h,0.501,1.481,0.268,107,0.615,0.724,0.235,13,0.75,0.88,0.115,4,0.0,1.0,0.0,1,S/D,S/D,S/D,0
211408,CONDORCERRO,LA LIBERTAD,VIRU,ecmwf,pp,20260907,20261006,"00Z,12Z",D1,6h,S/D,S/D,S/D,0,S/D,S/D,S/D,0,S/D,S/D,S/D,0,S/D,S/D,S/D,0,S/D,S/D,S/D,0
211408,CONDORCERRO,LA LIBERTAD,VIRU,gfs,pp,20260907,20261006,"00Z,12Z",D1,6h,S/D,S/D,S/D,0,S/D,S/D,S/D,0,S/D,S/D,S/D,0,S/D,S/D,S/D,0,S/D,S/D,S/D,0
211408,CONDORCERRO,LA LIBERTAD,VIRU,eta5,pp,20260907,20261006,"00Z,12Z",D1,6h,S/D,S/D,S/D,0,S/D,S/D,S/D,0,S/D,S/D,S/D,0,S/D,S/D,S/D,0,S/D,S/D,S/D,0
211408,CONDORCERRO,LA LIBERTAD,VIRU,wrf5,pp,20260907,20261006,"00Z,12Z",D1,6h,S/D,S/D,S/D,0,S/D,S/D,S/D,0,S/D,S/D,S/D,0,S/D,S/D,S/D,0,S/D,S/D,S/D,0
211408,CONDORCERRO,LA LIBERTAD,VIRU,mpas15,pp,20260907,20261006,00Z,D1,6h,S/D,S/D,S/D,0,S/D,S/D,S/D,0,S/D,S/D,S/D,0,S/D,S/D,S/D,0,S/D,S/D,S/D,0
47E2F720,TINAJONES,LAMBAYEQUE,CHICLAYO,ecmwf,pp,20260907,20261006,"00Z,12Z",D1,6h,0.045,0.113,0.132,214,0.5,0.96,0.038,2,S/D,S/D,S/D,0,S/D,S/D,S/D,0,S/D,S/D,S/D,0
47E2F720,TINAJONES,LAMBAYEQUE,CHICLAYO,gfs,pp,20260907,20261006,"00Z,12Z",D1,6h,0.012,0.075,0.147,214,0.5,0.857,0.125,2,S/D,S/D,S/D,0,S/D,S/D,S/D,0,S/D,S/D,S/D,0
47E2F720,TINAJONES,LAMBAYEQUE,CHICLAYO,eta5,pp,20260907,20261006,"00Z,12Z",D1,6h,0.102,0.371,0.098,171,0.0,1.0,0.0,1,S/D,1.0,0.0,0,S/D,S/D,S/D,0,S/D,S/D,S/D,0
47E2F720,TINAJONES,LAMBAYEQUE,CHICLAYO,wrf5,pp,20260907,20261006,"00Z,12Z",D1,6h,-0.001,0.02,0.17,210,0.0,S/D,0.0,2,S/D,S/D,S/D,0,S/D,S/D,S/D,0,S/D,S/D,S/D,0
47E2F720,TINAJONES,LAMBAYEQUE,CHICLAYO,mpas15,pp,20260907,20261006,00Z,D1,6h,0.029,0.17,-0.069,107,0.0,1.0,0.0,1,S/D,1.0,0.0,0,S/D,S/D,S/D,0,S/D,S/D,S/D,0
106140,VISTA FLORIDA,LAMBAYEQUE,CHICLAYO,ecmwf,pp,20260907,20261006,"00Z,12Z",D1,6h,0.032,0.127,0.009,234,0.0,1.0,0.0,2,S/D,1.0,0.0,0,S/D,S/D,S/D,0,S/D,S/D,S/D,0
106140,VISTA FLORIDA,LAMBAYEQUE,CHICLAYO,gfs,pp,20260907,20261006,"00Z,12Z",D1,6h,0.007,0.068,-0.017,234,0.0,1.0,0.0,2,S/D,S/D,S/D,0,S/D,S/D,S/D,0,S/D,S/D,S/D,0
106140,VISTA FLORIDA,LAMBAYEQUE,CHICLAYO,eta5,pp,20260907,20261006,"00Z,12Z",D1,6h,0.012,0.04,0.044,190,0.0,1.0,0.0,2,S/D,S/D,S/D,0,S/D,S/D,S/D,0,S/D,S/D,S/D,0
106140,VISTA FLORIDA,LAMBAYEQUE,CHICLAYO,wrf5,pp,20260907,20261006,"00Z,12Z",D1,6h,0.004,0.018,0.153,230,0.0,1.0,0.0,1,S/D,S/D,S/D,0,S/D,S/D,S/D,0,S/D,S/D,S/D,0
106140,VISTA FLORIDA,LAMBAYEQUE,CHICLAYO,mpas15,pp,20260907,20261006,00Z,D1,6h,0.016,0.131,0.093,117,0.0,1.0,0.0,1,S/D,S/D,S/D,0,S/D,S/D,S/D,0,S/D,S/D,S/D,0
106138,PUCHACA,LAMBAYEQUE,FERREÑAFE,ecmwf,pp,20260907,20261006,"00Z,12Z",D1,6h,1.465,2.606,0.084,222,0.9,0.945,0.054,10,S/D,1.0,0.0,0,S/D,1.0,0.0,0,S/D,S/D,S/D,0
106138,PUCHACA,LAMBAYEQUE,FERREÑAFE,gfs,pp,20260907,20261006,"00Z,12Z",D1,6h,0.611,1.741,0.19,222,0.7,0.922,0.075,10,S/D,1.0,0.0,0,S/D,1.0,0.0,0,S/D,S/D,S/D,0
106138,PUCHACA,LAMBAYEQUE,FERREÑAFE,eta5,pp,20260907,20261006,"00Z,12Z",D1,6h,0.6,1.606,0.252,182,0.778,0.877,0.119,9,S/D,1.0,0.0,0,S/D,1.0,0.0,0,S/D,S/D,S/D,0
106138,PUCHACA,LAMBAYEQUE,FERREÑAFE,wrf5,pp,20260907,20261006,"00Z,12Z",D1,6h,0.011,0.126,0.311,218,0.4,0.692,0.211,10,S/D,1.0,0.0,0,S/D,S/D,S/D,0,S/D,S/D,S/D,0
106138,PUCHACA,LAMBAYEQUE,FERREÑAFE,mpas15,pp,20260907,20261006,00Z,D1,6h,0.245,0.653,0.124,111,0.6,0.864,0.125,5,S/D,1.0,0.0,0,S/D,S/D,S/D,0,S/D,S/D,S/D,0
4726F67E,PASABAR,LAMBAYEQUE,LAMBAYEQUE,ecmwf,pp,20260907,20261006,"00Z,12Z",D1,6h,0.195,0.609,0.161,216,1.0,0.94,0.06,4,S/D,1.0,0.0,0,S/D,1.0,0.0,0,S/D,S/D,S/D,0
4726F67E,PASABAR,LAMBAYEQUE,LAMBAYEQUE,gfs,pp,20260907,20261006,"00Z,12Z",D1,6h,0.238,0.787,0.127,216,0.75,0.946,0.053,4,S/D,1.0,0.0,0,S/D,S/D,S/D,0,S/D,S/D,S/D,0
4726F67E,PASABAR,LAMBAYEQUE,LAMBAYEQUE,eta5,pp,20260907,20261006,"00Z,12Z",D1,6h,0.35,0.964,0.057,179,0.5,0.978,0.021,2,S/D,1.0,0.0,0,S/D,1.0,0.0,0,S/D,S/D,S/D,0
4726F67E,PASABAR,LAMBAYEQUE,LAMBAYEQUE,wrf5,pp,20260907,20261006,"00Z,12Z",D1,6h,0.006,0.062,0.042,213,0.0,1.0,0.0,4,S/D,S/D,S/D,0,S/D,S/D,S/D,0,S/D,S/D,S/D,0
4726F67E,PASABAR,LAMBAYEQUE,LAMBAYEQUE,mpas15,pp,20260907,20261006,00Z,D1,6h,0.021,0.145,0.077,108,0.0,1.0,0.0,2,S/D,1.0,0.0,0,S/D,S/D,S/D,0,S/D,S/D,S/D,0
47201542,TONGORRAPE,LAMBAYEQUE,LAMBAYEQUE,ecmwf,pp,20260907,20261006,"00Z,12Z",D1,6h,0.125,0.54,0.093,236,0.55,0.849,0.134,20,0.0,1.0,0.0,4,S/D,1.0,0.0,0,S/D,S/D,S/D,0
47201542,TONGORRAPE,LAMBAYEQUE,LAMBAYEQUE,gfs,pp,20260907,20261006,"00Z,12Z",D1,6h,0.117,0.624,0.193,236,0.45,0.786,0.17,20,0.0,1.0,0.0,4,S/D,S/D,S/D,0,S/D,S/D,S/D,0
47201542,TONGORRAPE,LAMBAYEQUE,LAMBAYEQUE,eta5,pp,20260907,20261006,"00Z,12Z",D1,6h,0.209,0.661,0.292,191,0.588,0.787,0.185,17,0.333,0.941,0.053,3,S/D,S/D,S/D,0,S/D,S/D,S/D,0
47201542,TONGORRAPE,LAMBAYEQUE,LAMBAYEQUE,wrf5,pp,20260907,20261006,"00Z,12Z",D1,6h,-0.026,0.244,0.197,233,0.105,0.667,0.087,19,0.0,1.0,0.0,4,S/D,S/D,S/D,0,S/D,S/D,S/D,0
47201542,TONGORRAPE,LAMBAYEQUE,LAMBAYEQUE,mpas15,pp,20260907,20261006,00Z,D1,6h,-0.032,0.21,0.034,118,0.1,0.5,0.091,10,0.0,S/D,0.0,2,S/D,S/D,S/D,0,S/D,S/D,S/D,0
4725F170,HUAROS,LIMA,CANTA,ecmwf,pp,20260907,20261006,"00Z,12Z",D1,6h,0.297,0.787,0.254,232,0.875,0.925,0.074,8,1.0,0.917,0.083,2,0.0,S/D,0.0,2,S/D,S/D,S/D,0
4725F170,HUAROS,LIMA,CANTA,gfs,pp,20260907,20261006,"00Z,12Z",D1,6h,0.505,1.251,0.274,232,1.0,0.92,0.08,8,1.0,0.939,0.061,2,0.5,0.8,0.167,2,S/D,S/D,S/D,0
4725F170,HUAROS,LIMA,CANTA,eta5,pp,20260907,20261006,"00Z,12Z",D1,6h,-0.028,0.536,-0.016,188,0.143,0.923,0.053,7,0.0,1.0,0.0,2,0.0,S/D,0.0,2,S/D,S/D,S/D,0
4725F170,HUAROS,LIMA,CANTA,wrf5,pp,20260907,20261006,"00Z,12Z",D1,6h,0.098,0.727,0.232,228,0.714,0.821,0.167,7,0.0,1.0,0.0,2,0.0,S/D,0.0,2,S/D,S/D,S/D,0
4725F170,HUAROS,LIMA,CANTA,mpas15,pp,20260907,20261006,00Z,D1,6h,0.591,1.775,0.046,116,0.5,0.935,0.061,4,0.0,1.0,0.0,1,0.0,1.0,0.0,1,S/D,S/D,S/D,0
113249,CAÑETE,LIMA,CAÑETE,ecmwf,pp,20260907,20261006,"00Z,12Z",D1,6h,-0.502,5.742,0.115,234,0.5,0.88,0.107,6,0.0,S/D,0.0,2,0.0,S/D,0.0,2,0.0,S/D,0.0,2
113249,CAÑETE,LIMA,CAÑETE,gfs,pp,20260907,20261006,"00Z,12Z",D1,6h,-0.536,5.741,-0.011,234,0.0,S/D,0.0,6,0.0,S/D,0.0,2,0.0,S/D,0.0,2,0.0,S/D,0.0,2
113249,CAÑETE,LIMA,CAÑETE,eta5,pp,20260907,20261006,"00Z,12Z",D1,6h,-0.322,4.494,0.106,191,0.25,0.667,0.167,4,0.0,S/D,0.0,1,0.0,S/D,0.0,1,0.0,S/D,0.0,1
113249,CAÑETE,LIMA,CAÑETE,wrf5,pp,20260907,20261006,"00Z,12Z",D1,6h,-0.54,5.791,0.087,230,0.167,0.75,0.111,6,0.0,S/D,0.0,2,0.0,S/D,0.0,2,0.0,S/D,0.0,2
113249,CAÑETE,LIMA,CAÑETE,mpas15,pp,20260907,20261006,00Z,D1,6h,-0.532,5.742,0.117,117,0.0,1.0,0.0,3,0.0,S/D,0.0,1,0.0,S/D,0.0,1,0.0,S/D,0.0,1
212900,LA CAPILLA SENAMHI,LIMA,CAÑETE,ecmwf,pp,20260907,20261006,"00Z,12Z",D1,6h,S/D,S/D,S/D,0,S/D,S/D,S/D,0,S/D,S/D,S/D,0,S/D,S/D,S/D,0,S/D,S/D,S/D,0
212900,LA CAPILLA SENAMHI,LIMA,CAÑETE,gfs,pp,20260907,20261006,"00Z,12Z",D1,6h,S/D,S/D,S/D,0,S/D,S/D,S/D,0,S/D,S/D,S/D,0,S/D,S/D,S/D,0,S/D,S/D,S/D,0
212900,LA CAPILLA SENAMHI,LIMA,CAÑETE,eta5,pp,20260907,20261006,"00Z,12Z",D1,6h,S/D,S/D,S/D,0,S/D,S/D,S/D,0,S/D,S/D,S/D,0,S/D,S/D,S/D,0,S/D,S/D,S/D,0
212900,LA CAPILLA SENAMHI,LIMA,CAÑETE,wrf5,pp,20260907,20261006,"00Z,12Z",D1,6h,S/D,S/D,S/D,0,S/D,S/D,S/D,0,S/D,S/D,S/D,0,S/D,S/D,S/D,0,S/D,S/D,S/D,0
212900,LA CAPILLA SENAMHI,LIMA,CAÑETE,mpas15,pp,20260907,20261006,00Z,D1,6h,S/D,S/D,S/D,0,S/D,S/D,S/D,0,S/D,S/D,S/D,0,S/D,S/D,S/D,0,S/D,S/D,S/D,0
472191AC,SOCSI,LIMA,CAÑETE,ecmwf,pp,20260907,20261006,"00Z,12Z",D1,6h,S/D,S/D,S/D,0,S/D,S/D,S/D,0,S/D,S/D,S/D,0,S/D,S/D,S/D,0,S/D,S/D,S/D,0
472191AC,SOCSI,LIMA,CAÑETE,gfs,pp,20260907,20261006,"00Z,12Z",D1,6h,S/D,S/D,S/D,0,S/D,S/D,S/D,0,S/D,S/D,S/D,0,S/D,S/D,S/D,0,S/D,S/D,S/D,0
472191AC,SOCSI,LIMA,CAÑETE,eta5,pp,20260907,20261006,"00Z,12Z",D1,6h,S/D,S/D,S/D,0,S/D,S/D,S/D,0,S/D,S/D,S/D,0,S/D,S/D,S/D,0,S/D,S/D,S/D,0
472191AC,SOCSI,LIMA,CAÑETE,wrf5,pp,20260907,20261006,"00Z,12Z",D1,6h,S/D,S/D,S/D,0,S/D,S/D,S/D,0,S/D,S/D,S/D,0,S/D,S/D,S/D,0,S/D,S/D,S/D,0
472191AC,SOCSI,LIMA,CAÑETE,mpas15,pp,20260907,20261006,00Z,D1,6h,S/D,S/D,S/D,0,S/D,S/D,S/D,0,S/D,S/D,S/D,0,S/D,S/D,S/D,0,S/D,S/D,S/D,0
47E323B2,CARAC,LIMA,HUARAL,ecmwf,pp,20260907,20261006,"00Z,12Z",D1,6h,0.124,0.326,0.404,96,1.0,0.727,0.273,6,S/D,1.0,0.0,0,S/D,S/D,S/D,0,S/D,S/D,S/D,0
47E323B2,CARAC,LIMA,HUARAL,gfs,pp,20260907,20261006,"00Z,12Z",D1,6h,0.275,1.042,0.371,96,0.833,0.815,0.179,6,S/D,1.0,0.0,0,S/D,1.0,0.0,0,S/D,S/D,S/D,0
47E323B2,CARAC,LIMA,HUARAL,eta5,pp,20260907,20261006,"00Z,12Z",D1,6h,0.002,0.038,0.823,67,0.667,0.0,0.667,3,S/D,S/D,S/D,0,S/D,S/D,S/D,0,S/D,S/D,S/D,0
47E323B2,CARAC,LIMA,HUARAL,wrf5,pp,20260907,20261006,"00Z,12Z",D1,6h,0.091,0.724,0.332,96,0.5,0.25,0.429,6,S/D,1.0,0.0,0,S/D,1.0,0.0,0,S/D,S/D,S/D,0
47E323B2,CARAC,LIMA,HUARAL,mpas15,pp,20260907,20261006,00Z,D1,6h,0.49,1.437,0.15,48,0.667,0.818,0.167,3,S/D,1.0,0.0,0,S/D,1.0,0.0,0,S/D,S/D,S/D,0
47E2323E,CUCHUANCA,LIMA,HUARAL,ecmwf,pp,20260907,20261006,"00Z,12Z",D1,6h,0.2,0.519,0.216,236,1.0,0.91,0.09,6,S/D,1.0,0.0,0,S/D,S/D,S/D,0,S/D,S/D,S/D,0
47E2323E,CUCHUANCA,LIMA,HUARAL,gfs,pp,20260907,20261006,"00Z,12Z",D1,6h,0.239,0.75,0.212,236,0.833,0.938,0.062,6,S/D,1.0,0.0,0,S/D,1.0,0.0,0,S/D,S/D,S/D,0
47E2323E,CUCHUANCA,LIMA,HUARAL,eta5,pp,20260907,20261006,"00Z,12Z",D1,6h,0.004,0.044,0.32,191,0.5,0.75,0.2,4,S/D,S/D,S/D,0,S/D,S/D,S/D,0,S/D,S/D,S/D,0
47E2323E,CUCHUANCA,LIMA,HUARAL,wrf5,pp,20260907,20261006,"00Z,12Z",D1,6h,0.054,0.481,0.248,232,0.6,0.625,0.3,5,S/D,1.0,0.0,0,S/D,1.0,0.0,0,S/D,S/D,S/D,0
47E2323E,CUCHUANCA,LIMA,HUARAL,mpas15,pp,20260907,20261006,00Z,D1,6h,0.371,1.115,0.12,118,0.667,0.917,0.08,3,S/D,1.0,0.0,0,S/D,1.0,0.0,0,S/D,S/D,S/D,0
47E330C4,SANTA CRUZ,LIMA,HUARAL,ecmwf,pp,20260907,20261006,"00Z,12Z",D1,6h,0.116,0.623,0.085,236,0.5,0.94,0.056,8,0.125,0.929,0.048,8,S/D,S/D,S/D,0,S/D,S/D,S/D,0
47E330C4,SANTA CRUZ,LIMA,HUARAL,gfs,pp,20260907,20261006,"00Z,12Z",D1,6h,0.152,0.78,0.093,236,0.5,0.949,0.048,8,0.5,0.765,0.19,8,S/D,1.0,0.0,0,S/D,S/D,S/D,0
47E330C4,SANTA CRUZ,LIMA,HUARAL,eta5,pp,20260907,20261006,"00Z,12Z",D1,6h,0.058,0.594,0.025,191,0.2,0.955,0.038,5,0.2,0.917,0.062,5,S/D,S/D,S/D,0,S/D,S/D,S/D,0
47E330C4,SANTA CRUZ,LIMA,HUARAL,wrf5,pp,20260907,20261006,"00Z,12Z",D1,6h,0.101,1.041,0.116,232,0.5,0.875,0.111,8,0.125,0.857,0.071,8,S/D,1.0,0.0,0,S/D,S/D,S/D,0
47E330C4,SANTA CRUZ,LIMA,HUARAL,mpas15,pp,20260907,20261006,00Z,D1,6h,0.547,1.481,0.058,118,0.5,0.946,0.051,4,0.5,0.92,0.074,4,S/D,1.0,0.0,0,S/D,S/D,S/D,0
47E214D2,SANTO DOMINGO,LIMA,HUARAL,ecmwf,pp,20260907,20261006,"00Z,12Z",D1,6h,0.047,0.228,-0.105,234,0.0,1.0,0.0,16,S/D,1.0,0.0,0,S/D,S/D,S/D,0,S/D,S/D,S/D,0
47E214D2,SANTO DOMINGO,LIMA,HUARAL,gfs,pp,20260907,20261006,"00Z,12Z",D1,6h,-0.001,0.077,-0.113,234,0.0,1.0,0.0,16,S/D,S/D,S/D,0,S/D,S/D,S/D,0,S/D,S/D,S/D,0
47E214D2,SANTO DOMINGO,LIMA,HUARAL,eta5,pp,20260907,20261006,"00Z,12Z",D1,6h,-0.013,0.058,-0.02,190,0.0,S/D,0.0,13,S/D,S/D,S/D,0,S/D,S/D,S/D,0,S/D,S/D,S/D,0
47E214D2,SANTO DOMINGO,LIMA,HUARAL,wrf5,pp,20260907,20261006,"00Z,12Z",D1,6h,-0.014,0.065,0.055,230,0.0,S/D,0.0,16,S/D,S/D,S/D,0,S/D,S/D,S/D,0,S/D,S/D,S/D,0
47E214D2,SANTO DOMINGO,LIMA,HUARAL,mpas15,pp,20260907,20261006,00Z,D1,6h,-0.015,0.065,-0.034,117,0.0,S/D,0.0,8,S/D,S/D,S/D,0,S/D,S/D,S/D,0,S/D,S/D,S/D,0
47E257D8,VICHAYCOCHA,LIMA,HUARAL,ecmwf,pp,20260907,20261006,"00Z,12Z",D1,6h,0.495,1.117,0.283,210,0.769,0.802,0.187,26,1.0,0.879,0.121,4,S/D,1.0,0.0,0,S/D,S/D,S/D,0
47E257D8,VICHAYCOCHA,LIMA,HUARAL,gfs,pp,20260907,20261006,"00Z,12Z",D1,6h,0.73,2.169,0.275,210,0.769,0.798,0.19,26,1.0,0.897,0.103,4,S/D,1.0,0.0,0,S/D,S/D,S/D,0
47E257D8,VICHAYCOCHA,LIMA,HUARAL,eta5,pp,20260907,20261006,"00Z,12Z",D1,6h,0.043,0.364,0.338,168,0.526,0.6,0.294,19,0.333,0.857,0.111,3,S/D,S/D,S/D,0,S/D,S/D,S/D,0
47E257D8,VICHAYCOCHA,LIMA,HUARAL,wrf5,pp,20260907,20261006,"00Z,12Z",D1,6h,0.22,1.163,0.236,206,0.423,0.744,0.19,26,0.5,0.818,0.154,4,S/D,1.0,0.0,0,S/D,S/D,S/D,0
47E257D8,VICHAYCOCHA,LIMA,HUARAL,mpas15,pp,20260907,20261006,00Z,D1,6h,0.631,1.512,0.22,105,0.615,0.771,0.2,13,1.0,0.923,0.077,2,S/D,1.0,0.0,0,S/D,S/D,S/D,0
472D73C2,CASAPALCA,LIMA,HUAROCHIRI,ecmwf,pp,20260907,20261006,"00Z,12Z",D1,6h,0.235,0.892,0.543,236,0.9,0.541,0.437,50,0.75,0.583,0.366,20,0.0,1.0,0.0,2,S/D,S/D,S/D,0
472D73C2,CASAPALCA,LIMA,HUAROCHIRI,gfs,pp,20260907,20261006,"00Z,12Z",D1,6h,0.375,1.22,0.541,236,0.92,0.593,0.393,50,0.7,0.708,0.259,20,0.0,1.0,0.0,2,S/D,S/D,S/D,0
472D73C2,CASAPALCA,LIMA,HUAROCHIRI,eta5,pp,20260907,20261006,"00Z,12Z",D1,6h,-0.138,0.744,0.611,191,0.732,0.375,0.508,41,0.444,0.273,0.381,18,0.0,S/D,0.0,2,S/D,S/D,S/D,0
472D73C2,CASAPALCA,LIMA,HUAROCHIRI,wrf5,pp,20260907,20261006,"00Z,12Z",D1,6h,0.49,2.705,0.581,233,0.792,0.415,0.507,48,0.737,0.5,0.424,19,0.0,1.0,0.0,2,S/D,1.0,0.0,0
472D73C2,CASAPALCA,LIMA,HUAROCHIRI,mpas15,pp,20260907,20261006,00Z,D1,6h,0.569,2.125,0.473,118,0.76,0.5,0.432,25,0.8,0.692,0.286,10,0.0,1.0,0.0,1,S/D,S/D,S/D,0
472CE45A,MATUCANA,LIMA,HUAROCHIRI,ecmwf,pp,20260907,20261006,"00Z,12Z",D1,6h,0.585,1.276,0.221,236,1.0,0.941,0.059,6,S/D,1.0,0.0,0,S/D,1.0,0.0,0,S/D,S/D,S/D,0
472CE45A,MATUCANA,LIMA,HUAROCHIRI,gfs,pp,20260907,20261006,"00Z,12Z",D1,6h,0.249,0.707,0.26,236,1.0,0.927,0.073,6,S/D,1.0,0.0,0,S/D,1.0,0.0,0,S/D,S/D,S/D,0
472CE45A,MATUCANA,LIMA,HUAROCHIRI,eta5,pp,20260907,20261006,"00Z,12Z",D1,6h,0.053,0.444,0.142,191,0.2,0.929,0.056,5,S/D,1.0,0.0,0,S/D,1.0,0.0,0,S/D,S/D,S/D,0
472CE45A,MATUCANA,LIMA,HUAROCHIRI,wrf5,pp,20260907,20261006,"00Z,12Z",D1,6h,0.123,0.732,0.378,233,0.667,0.81,0.174,6,S/D,1.0,0.0,0,S/D,1.0,0.0,0,S/D,S/D,S/D,0
472CE45A,MATUCANA,LIMA,HUAROCHIRI,mpas15,pp,20260907,20261006,00Z,D1,6h,0.655,1.617,0.264,118,1.0,0.912,0.088,3,S/D,1.0,0.0,0,S/D,1.0,0.0,0,S/D,S/D,S/D,0
212700,PUENTE ANTAPUCRO,LIMA,HUAROCHIRI,ecmwf,pp,20260907,20261006,"00Z,12Z",D1,6h,S/D,S/D,S/D,0,S/D,S/D,S/D,0,S/D,S/D,S/D,0,S/D,S/D,S/D,0,S/D,S/D,S/D,0
212700,PUENTE ANTAPUCRO,LIMA,HUAROCHIRI,gfs,pp,20260907,20261006,"00Z,12Z",D1,6h,S/D,S/D,S/D,0,S/D,S/D,S/D,0,S/D,S/D,S/D,0,S/D,S/D,S/D,0,S/D,S/D,S/D,0
212700,PUENTE ANTAPUCRO,LIMA,HUAROCHIRI,eta5,pp,20260907,20261006,"00Z,12Z",D1,6h,S/D,S/D,S/D,0,S/D,S/D,S/D,0,S/D,S/D,S/D,0,S/D,S/D,S/D,0,S/D,S/D,S/D,0
212700,PUENTE ANTAPUCRO,LIMA,HUAROCHIRI,wrf5,pp,20260907,20261006,"00Z,12Z",D1,6h,S/D,S/D,S/D,0,S/D,S/D,S/D,0,S/D,S/D,S/D,0,S/D,S/D,S/D,0,S/D,S/D,S/D,0
212700,PUENTE ANTAPUCRO,LIMA,HUAROCHIRI,mpas15,pp,20260907,20261006,00Z,D1,6h,S/D,S/D,S/D,0,S/D,S/D,S/D,0,S/D,S/D,S/D,0,S/D,S/D,S/D,0,S/D,S/D,S/D,0
212605,SAN MATEO ,LIMA,HUAROCHIRI,ecmwf,pp,20260907,20261006,"00Z,12Z",D1,6h,S/D,S/D,S/D,0,S/D,S/D,S/D,0,S/D,S/D,S/D,0,S/D,S/D,S/D,0,S/D,S/D,S/D,0
212605,SAN MATEO ,LIMA,HUAROCHIRI,gfs,pp,20260907,20261006,"00Z,12Z",D1,6h,S/D,S/D,S/D,0,S/D,S/D,S/D,0,S/D,S/D,S/D,0,S/D,S/D,S/D,0,S/D,S/D,S/D,0
212605,SAN MATEO ,LIMA,HUAROCHIRI,eta5,pp,20260907,20261006,"00Z,12Z",D1,6h,S/D,S/D,S/D,0,S/D,S/D,S/D,0,S/D,S/D,S/D,0,S/D,S/D,S/D,0,S/D,S/D,S/D,0
212605,SAN MATEO ,LIMA,HUAROCHIRI,wrf5,pp,20260907,20261006,"00Z,12Z",D1,6h,S/D,S/D,S/D,0,S/D,S/D,S/D,0,S/D,S/D,S/D,0,S/D,S/D,S/D,0,S/D,S/D,S/D,0
212605,SAN MATEO ,LIMA,HUAROCHIRI,mpas15,pp,20260907,20261006,00Z,D1,6h,S/D,S/D,S/D,0,S/D,S/D,S/D,0,S/D,S/D,S/D,0,S/D,S/D,S/D,0,S/D,S/D,S/D,0
472EC742,SAN MATEO DE OTAO,LIMA,HUAROCHIRI,ecmwf,pp,20260907,20261006,"00Z,12Z",D1,6h,0.599,1.299,S/D,236,S/D,1.0,0.0,0,S/D,1.0,0.0,0,S/D,1.0,0.0,0,S/D,S/D,S/D,0
472EC742,SAN MATEO DE OTAO,LIMA,HUAROCHIRI,gfs,pp,20260907,20261006,"00Z,12Z",D1,6h,0.263,0.738,S/D,236,S/D,1.0,0.0,0,S/D,1.0,0.0,0,S/D,1.0,0.0,0,S/D,S/D,S/D,0
472EC742,SAN MATEO DE OTAO,LIMA,HUAROCHIRI,eta5,pp,20260907,20261006,"00Z,12Z",D1,6h,0.003,0.018,S/D,191,S/D,1.0,0.0,0,S/D,S/D,S/D,0,S/D,S/D,S/D,0,S/D,S/D,S/D,0
472EC742,SAN MATEO DE OTAO,LIMA,HUAROCHIRI,wrf5,pp,20260907,20261006,"00Z,12Z",D1,6h,0.005,0.05,S/D,233,S/D,1.0,0.0,0,S/D,S/D,S/D,0,S/D,S/D,S/D,0,S/D,S/D,S/D,0
472EC742,SAN MATEO DE OTAO,LIMA,HUAROCHIRI,mpas15,pp,20260907,20261006,00Z,D1,6h,0.004,0.046,S/D,118,S/D,1.0,0.0,0,S/D,S/D,S/D,0,S/D,S/D,S/D,0,S/D,S/D,S/D,0
472E24B0,SANTA EULALIA,LIMA,HUAROCHIRI,ecmwf,pp,20260907,20261006,"00Z,12Z",D1,6h,0.004,0.013,S/D,168,S/D,S/D,S/D,0,S/D,S/D,S/D,0,S/D,S/D,S/D,0,S/D,S/D,S/D,0
472E24B0,SANTA EULALIA,LIMA,HUAROCHIRI,gfs,pp,20260907,20261006,"00Z,12Z",D1,6h,0.0,0.005,S/D,168,S/D,S/D,S/D,0,S/D,S/D,S/D,0,S/D,S/D,S/D,0,S/D,S/D,S/D,0
472E24B0,SANTA EULALIA,LIMA,HUAROCHIRI,eta5,pp,20260907,20261006,"00Z,12Z",D1,6h,0.0,0.002,S/D,134,S/D,S/D,S/D,0,S/D,S/D,S/D,0,S/D,S/D,S/D,0,S/D,S/D,S/D,0
472E24B0,SANTA EULALIA,LIMA,HUAROCHIRI,wrf5,pp,20260907,20261006,"00Z,12Z",D1,6h,0.0,0.001,S/D,165,S/D,S/D,S/D,0,S/D,S/D,S/D,0,S/D,S/D,S/D,0,S/D,S/D,S/D,0
472E24B0,SANTA EULALIA,LIMA,HUAROCHIRI,mpas15,pp,20260907,20261006,00Z,D1,6h,0.006,0.055,S/D,84,S/D,1.0,0.0,0,S/D,S/D,S/D,0,S/D,S/D,S/D,0,S/D,S/D,S/D,0
472CA750,SANTIAGO DE TUNA,LIMA,HUAROCHIRI,ecmwf,pp,20260907,20261006,"00Z,12Z",D1,6h,0.159,0.495,S/D,236,S/D,1.0,0.0,0,S/D,1.0,0.0,0,S/D,S/D,S/D,0,S/D,S/D,S/D,0
472CA750,SANTIAGO DE TUNA,LIMA,HUAROCHIRI,gfs,pp,20260907,20261006,"00Z,12Z",D1,6h,0.07,0.197,S/D,236,S/D,1.0,0.0,0,S/D,1.0,0.0,0,S/D,S/D,S/D,0,S/D,S/D,S/D,0
472CA750,SANTIAGO DE TUNA,LIMA,HUAROCHIRI,eta5,pp,20260907,20261006,"00Z,12Z",D1,6h,0.003,0.033,S/D,191,S/D,1.0,0.0,0,S/D,S/D,S/D,0,S/D,S/D,S/D,0,S/D,S/D,S/D,0
472CA750,SANTIAGO DE TUNA,LIMA,HUAROCHIRI,wrf5,pp,20260907,20261006,"00Z,12Z",D1,6h,0.006,0.059,S/D,233,S/D,1.0,0.0,0,S/D,S/D,S/D,0,S/D,S/D,S/D,0,S/D,S/D,S/D,0
472CA750,SANTIAGO DE TUNA,LIMA,HUAROCHIRI,mpas15,pp,20260907,20261006,00Z,D1,6h,0.059,0.235,S/D,118,S/D,1.0,0.0,0,S/D,1.0,0.0,0,S/D,S/D,S/D,0,S/D,S/D,S/D,0
4724966C,SAYAN,LIMA,HUAURA,ecmwf,pp,20260907,20261006,"00Z,12Z",D1,6h,0.013,0.041,S/D,236,S/D,1.0,0.0,0,S/D,S/D,S/D,0,S/D,S/D,S/D,0,S/D,S/D,S/D,0
4724966C,SAYAN,LIMA,HUAURA,gfs,pp,20260907,20261006,"00Z,12Z",D1,6h,0.003,0.013,S/D,236,S/D,S/D,S/D,0,S/D,S/D,S/D,0,S/D,S/D,S/D,0,S/D,S/D,S/D,0
4724966C,SAYAN,LIMA,HUAURA,eta5,pp,20260907,20261006,"00Z,12Z",D1,6h,0.0,0.0,S/D,192,S/D,S/D,S/D,0,S/D,S/D,S/D,0,S/D,S/D,S/D,0,S/D,S/D,S/D,0
4724966C,SAYAN,LIMA,HUAURA,wrf5,pp,20260907,20261006,"00Z,12Z",D1,6h,0.0,0.001,S/D,232,S/D,S/D,S/D,0,S/D,S/D,S/D,0,S/D,S/D,S/D,0,S/D,S/D,S/D,0
4724966C,SAYAN,LIMA,HUAURA,mpas15,pp,20260907,20261006,00Z,D1,6h,0.0,0.0,S/D,118,S/D,S/D,S/D,0,S/D,S/D,S/D,0,S/D,S/D,S/D,0,S/D,S/D,S/D,0
212500,AGUA AZUL BOCATOMA,LIMA,LIMA,ecmwf,pp,20260907,20261006,"00Z,12Z",D1,6h,S/D,S/D,S/D,0,S/D,S/D,S/D,0,S/D,S/D,S/D,0,S/D,S/D,S/D,0,S/D,S/D,S/D,0
212500,AGUA AZUL BOCATOMA,LIMA,LIMA,gfs,pp,20260907,20261006,"00Z,12Z",D1,6h,S/D,S/D,S/D,0,S/D,S/D,S/D,0,S/D,S/D,S/D,0,S/D,S/D,S/D,0,S/D,S/D,S/D,0
212500,AGUA AZUL BOCATOMA,LIMA,LIMA,eta5,pp,20260907,20261006,"00Z,12Z",D1,6h,S/D,S/D,S/D,0,S/D,S/D,S/D,0,S/D,S/D,S/D,0,S/D,S/D,S/D,0,S/D,S/D,S/D,0
212500,AGUA AZUL BOCATOMA,LIMA,LIMA,wrf5,pp,20260907,20261006,"00Z,12Z",D1,6h,S/D,S/D,S/D,0,S/D,S/D,S/D,0,S/D,S/D,S/D,0,S/D,S/D,S/D,0,S/D,S/D,S/D,0
212500,AGUA AZUL BOCATOMA,LIMA,LIMA,mpas15,pp,20260907,20261006,00Z,D1,6h,S/D,S/D,S/D,0,S/D,S/D,S/D,0,S/D,S/D,S/D,0,S/D,S/D,S/D,0,S/D,S/D,S/D,0
472A218A,ANTONIO RAYMONDI,LIMA,LIMA,ecmwf,pp,20260907,20261006,"00Z,12Z",D1,6h,0.009,0.025,S/D,232,S/D,1.0,0.0,0,S/D,S/D,S/D,0,S/D,S/D,S/D,0,S/D,S/D,S/D,0
472A218A,ANTONIO RAYMONDI,LIMA,LIMA,gfs,pp,20260907,20261006,"00Z,12Z",D1,6h,0.032,0.062,S/D,232,S/D,1.0,0.0,0,S/D,S/D,S/D,0,S/D,S/D,S/D,0,S/D,S/D,S/D,0
472A218A,ANTONIO RAYMONDI,LIMA,LIMA,eta5,pp,20260907,20261006,"00Z,12Z",D1,6h,0.037,0.085,S/D,189,S/D,1.0,0.0,0,S/D,S/D,S/D,0,S/D,S/D,S/D,0,S/D,S/D,S/D,0
472A218A,ANTONIO RAYMONDI,LIMA,LIMA,wrf5,pp,20260907,20261006,"00Z,12Z",D1,6h,0.005,0.024,S/D,228,S/D,1.0,0.0,0,S/D,S/D,S/D,0,S/D,S/D,S/D,0,S/D,S/D,S/D,0
472A218A,ANTONIO RAYMONDI,LIMA,LIMA,mpas15,pp,20260907,20261006,00Z,D1,6h,0.009,0.066,S/D,116,S/D,1.0,0.0,0,S/D,S/D,S/D,0,S/D,S/D,S/D,0,S/D,S/D,S/D,0
112181,CAMPO DE MARTE,LIMA,LIMA,ecmwf,pp,20260907,20261006,"00Z,12Z",D1,6h,0.041,0.138,0.252,206,0.625,0.8,0.179,8,S/D,1.0,0.0,0,S/D,S/D,S/D,0,S/D,S/D,S/D,0
112181,CAMPO DE MARTE,LIMA,LIMA,gfs,pp,20260907,20261006,"00Z,12Z",D1,6h,0.001,0.054,0.126,206,0.125,0.667,0.1,8,S/D,S/D,S/D,0,S/D,S/D,S/D,0,S/D,S/D,S/D,0
112181,CAMPO DE MARTE,LIMA,LIMA,eta5,pp,20260907,20261006,"00Z,12Z",D1,6h,0.019,0.087,0.114,167,0.25,0.905,0.074,8,S/D,S/D,S/D,0,S/D,S/D,S/D,0,S/D,S/D,S/D,0
112181,CAMPO DE MARTE,LIMA,LIMA,wrf5,pp,20260907,20261006,"00Z,12Z",D1,6h,0.0,0.054,0.048,202,0.143,0.5,0.125,7,S/D,S/D,S/D,0,S/D,S/D,S/D,0,S/D,S/D,S/D,0
112181,CAMPO DE MARTE,LIMA,LIMA,mpas15,pp,20260907,20261006,00Z,D1,6h,0.01,0.127,-0.137,103,0.0,1.0,0.0,4,S/D,S/D,S/D,0,S/D,S/D,S/D,0,S/D,S/D,S/D,0
111286,CARABAYLLO,LIMA,LIMA,ecmwf,pp,20260907,20261006,"00Z,12Z",D1,6h,S/D,S/D,S/D,0,S/D,S/D,S/D,0,S/D,S/D,S/D,0,S/D,S/D,S/D,0,S/D,S/D,S/D,0
111286,CARABAYLLO,LIMA,LIMA,gfs,pp,20260907,20261006,"00Z,12Z",D1,6h,S/D,S/D,S/D,0,S/D,S/D,S/D,0,S/D,S/D,S/D,0,S/D,S/D,S/D,0,S/D,S/D,S/D,0
111286,CARABAYLLO,LIMA,LIMA,eta5,pp,20260907,20261006,"00Z,12Z",D1,6h,S/D,S/D,S/D,0,S/D,S/D,S/D,0,S/D,S/D,S/D,0,S/D,S/D,S/D,0,S/D,S/D,S/D,0
111286,CARABAYLLO,LIMA,LIMA,wrf5,pp,20260907,20261006,"00Z,12Z",D1,6h,S/D,S/D,S/D,0,S/D,S/D,S/D,0,S/D,S/D,S/D,0,S/D,S/D,S/D,0,S/D,S/D,S/D,0
111286,CARABAYLLO,LIMA,LIMA,mpas15,pp,20260907,20261006,00Z,D1,6h,S/D,S/D,S/D,0,S/D,S/D,S/D,0,S/D,S/D,S/D,0,S/D,S/D,S/D,0,S/D,S/D,S/D,0
112278,CERES,LIMA,LIMA,ecmwf,pp,20260907,20261006,"00Z,12Z",D1,6h,S/D,S/D,S/D,0,S/D,S/D,S/D,0,S/D,S/D,S/D,0,S/D,S/D,S/D,0,S/D,S/D,S/D,0
112278,CERES,LIMA,LIMA,gfs,pp,20260907,20261006,"00Z,12Z",D1,6h,S/D,S/D,S/D,0,S/D,S/D,S/D,0,S/D,S/D,S/D,0,S/D,S/D,S/D,0,S/D,S/D,S/D,0
112278,CERES,LIMA,LIMA,eta5,pp,20260907,20261006,"00Z,12Z",D1,6h,S/D,S/D,S/D,0,S/D,S/D,S/D,0,S/D,S/D,S/D,0,S/D,S/D,S/D,0,S/D,S/D,S/D,0
112278,CERES,LIMA,LIMA,wrf5,pp,20260907,20261006,"00Z,12Z",D1,6h,S/D,S/D,S/D,0,S/D,S/D,S/D,0,S/D,S/D,S/D,0,S/D,S/D,S/D,0,S/D,S/D,S/D,0
112278,CERES,LIMA,LIMA,mpas15,pp,20260907,20261006,00Z,D1,6h,S/D,S/D,S/D,0,S/D,S/D,S/D,0,S/D,S/D,S/D,0,S/D,S/D,S/D,0,S/D,S/D,S/D,0
47278214,CHOSICA,LIMA,LIMA,ecmwf,pp,20260907,20261006,"00Z,12Z",D1,6h,S/D,S/D,S/D,0,S/D,S/D,S/D,0,S/D,S/D,S/D,0,S/D,S/D,S/D,0,S/D,S/D,S/D,0
47278214,CHOSICA,LIMA,LIMA,gfs,pp,20260907,20261006,"00Z,12Z",D1,6h,S/D,S/D,S/D,0,S/D,S/D,S/D,0,S/D,S/D,S/D,0,S/D,S/D,S/D,0,S/D,S/D,S/D,0
47278214,CHOSICA,LIMA,LIMA,eta5,pp,20260907,20261006,"00Z,12Z",D1,6h,S/D,S/D,S/D,0,S/D,S/D,S/D,0,S/D,S/D,S/D,0,S/D,S/D,S/D,0,S/D,S/D,S/D,0
47278214,CHOSICA,LIMA,LIMA,wrf5,pp,20260907,20261006,"00Z,12Z",D1,6h,S/D,S/D,S/D,0,S/D,S/D,S/D,0,S/D,S/D,S/D,0,S/D,S/D,S/D,0,S/D,S/D,S/D,0
47278214,CHOSICA,LIMA,LIMA,mpas15,pp,20260907,20261006,00Z,D1,6h,S/D,S/D,S/D,0,S/D,S/D,S/D,0,S/D,S/D,S/D,0,S/D,S/D,S/D,0,S/D,S/D,S/D,0
112281,LAS PALMAS,LIMA,LIMA,ecmwf,pp,20260907,20261006,"00Z,12Z",D1,6h,0.112,0.207,0.214,240,0.577,0.833,0.149,26,S/D,S/D,S/D,0,S/D,S/D,S/D,0,S/D,S/D,S/D,0
112281,LAS PALMAS,LIMA,LIMA,gfs,pp,20260907,20261006,"00Z,12Z",D1,6h,0.037,0.106,0.138,240,0.346,0.839,0.123,26,S/D,S/D,S/D,0,S/D,S/D,S/D,0,S/D,S/D,S/D,0
112281,LAS PALMAS,LIMA,LIMA,eta5,pp,20260907,20261006,"00Z,12Z",D1,6h,0.049,0.178,0.072,194,0.208,0.878,0.083,24,S/D,S/D,S/D,0,S/D,S/D,S/D,0,S/D,S/D,S/D,0
112281,LAS PALMAS,LIMA,LIMA,wrf5,pp,20260907,20261006,"00Z,12Z",D1,6h,-0.009,0.084,-0.03,236,0.042,0.857,0.033,24,S/D,S/D,S/D,0,S/D,S/D,S/D,0,S/D,S/D,S/D,0
112281,LAS PALMAS,LIMA,LIMA,mpas15,pp,20260907,20261006,00Z,D1,6h,-0.012,0.112,-0.112,120,0.0,1.0,0.0,13,S/D,S/D,S/D,0,S/D,S/D,S/D,0,S/D,S/D,S/D,0
112193,SAN BORJA,LIMA,LIMA,ecmwf,pp,20260907,20261006,"00Z,12Z",D1,6h,0.039,0.112,S/D,178,S/D,1.0,0.0,0,S/D,1.0,0.0,0,S/D,S/D,S/D,0,S/D,S/D,S/D,0
112193,SAN BORJA,LIMA,LIMA,gfs,pp,20260907,20261006,"00Z,12Z",D1,6h,0.011,0.028,S/D,178,S/D,1.0,0.0,0,S/D,S/D,S/D,0,S/D,S/D,S/D,0,S/D,S/D,S/D,0
112193,SAN BORJA,LIMA,LIMA,eta5,pp,20260907,20261006,"00Z,12Z",D1,6h,0.025,0.049,S/D,145,S/D,1.0,0.0,0,S/D,S/D,S/D,0,S/D,S/D,S/D,0,S/D,S/D,S/D,0
112193,SAN BORJA,LIMA,LIMA,wrf5,pp,20260907,20261006,"00Z,12Z",D1,6h,0.011,0.033,S/D,177,S/D,1.0,0.0,0,S/D,S/D,S/D,0,S/D,S/D,S/D,0,S/D,S/D,S/D,0
112193,SAN BORJA,LIMA,LIMA,mpas15,pp,20260907,20261006,00Z,D1,6h,0.028,0.135,S/D,89,S/D,1.0,0.0,0,S/D,S/D,S/D,0,S/D,S/D,S/D,0,S/D,S/D,S/D,0
112267,SAN JUAN DE LURIGANCHO,LIMA,LIMA,ecmwf,pp,20260907,20261006,"00Z,12Z",D1,6h,0.047,0.147,0.079,216,0.0,1.0,0.0,2,S/D,1.0,0.0,0,S/D,S/D,S/D,0,S/D,S/D,S/D,0
112267,SAN JUAN DE LURIGANCHO,LIMA,LIMA,gfs,pp,20260907,20261006,"00Z,12Z",D1,6h,0.007,0.037,0.261,216,1.0,0.333,0.667,2,S/D,S/D,S/D,0,S/D,S/D,S/D,0,S/D,S/D,S/D,0
112267,SAN JUAN DE LURIGANCHO,LIMA,LIMA,eta5,pp,20260907,20261006,"00Z,12Z",D1,6h,0.002,0.035,0.144,174,0.0,1.0,0.0,1,S/D,S/D,S/D,0,S/D,S/D,S/D,0,S/D,S/D,S/D,0
112267,SAN JUAN DE LURIGANCHO,LIMA,LIMA,wrf5,pp,20260907,20261006,"00Z,12Z",D1,6h,0.001,0.031,0.261,212,0.5,0.5,0.333,2,S/D,S/D,S/D,0,S/D,S/D,S/D,0,S/D,S/D,S/D,0
112267,SAN JUAN DE LURIGANCHO,LIMA,LIMA,mpas15,pp,20260907,20261006,00Z,D1,6h,0.01,0.06,0.192,108,1.0,0.75,0.25,1,S/D,S/D,S/D,0,S/D,S/D,S/D,0,S/D,S/D,S/D,0
112265,SAN MARTIN DE PORRES,LIMA,LIMA,ecmwf,pp,20260907,20261006,"00Z,12Z",D1,6h,0.04,0.175,0.108,212,0.0,1.0,0.0,2,0.0,1.0,0.0,2,S/D,S/D,S/D,0,S/D,S/D,S/D,0
112265,SAN MARTIN DE PORRES,LIMA,LIMA,gfs,pp,20260907,20261006,"00Z,12Z",D1,6h,-0.0,0.11,-0.04,212,0.0,1.0,0.0,2,0.0,S/D,0.0,2,S/D,S/D,S/D,0,S/D,S/D,S/D,0
112265,SAN MARTIN DE PORRES,LIMA,LIMA,eta5,pp,20260907,20261006,"00Z,12Z",D1,6h,0.075,0.208,-0.016,172,0.0,1.0,0.0,2,0.0,S/D,0.0,2,S/D,S/D,S/D,0,S/D,S/D,S/D,0
112265,SAN MARTIN DE PORRES,LIMA,LIMA,wrf5,pp,20260907,20261006,"00Z,12Z",D1,6h,-0.006,0.108,-0.042,209,0.0,S/D,0.0,2,0.0,S/D,0.0,2,S/D,S/D,S/D,0,S/D,S/D,S/D,0
112265,SAN MARTIN DE PORRES,LIMA,LIMA,mpas15,pp,20260907,20261006,00Z,D1,6h,0.013,0.164,-0.071,106,0.0,1.0,0.0,1,0.0,S/D,0.0,1,S/D,S/D,S/D,0,S/D,S/D,S/D,0
112208,SANTA ANITA,LIMA,LIMA,ecmwf,pp,20260907,20261006,"00Z,12Z",D1,6h,S/D,S/D,S/D,0,S/D,S/D,S/D,0,S/D,S/D,S/D,0,S/D,S/D,S/D,0,S/D,S/D,S/D,0
112208,SANTA ANITA,LIMA,LIMA,gfs,pp,20260907,20261006,"00Z,12Z",D1,6h,S/D,S/D,S/D,0,S/D,S/D,S/D,0,S/D,S/D,S/D,0,S/D,S/D,S/D,0,S/D,S/D,S/D,0
112208,SANTA ANITA,LIMA,LIMA,eta5,pp,20260907,20261006,"00Z,12Z",D1,6h,S/D,S/D,S/D,0,S/D,S/D,S/D,0,S/D,S/D,S/D,0,S/D,S/D,S/D,0,S/D,S/D,S/D,0
112208,SANTA ANITA,LIMA,LIMA,wrf5,pp,20260907,20261006,"00Z,12Z",D1,6h,S/D,S/D,S/D,0,S/D,S/D,S/D,0,S/D,S/D,S/D,0,S/D,S/D,S/D,0,S/D,S/D,S/D,0
112208,SANTA ANITA,LIMA,LIMA,mpas15,pp,20260907,20261006,00Z,D1,6h,S/D,S/D,S/D,0,S/D,S/D,S/D,0,S/D,S/D,S/D,0,S/D,S/D,S/D,0,S/D,S/D,S/D,0
472AC278,VON HUMBOLDT,LIMA,LIMA,ecmwf,pp,20260907,20261006,"00Z,12Z",D1,6h,0.048,0.142,0.069,220,0.0,1.0,0.0,4,S/D,1.0,0.0,0,S/D,S/D,S/D,0,S/D,S/D,S/D,0
472AC278,VON HUMBOLDT,LIMA,LIMA,gfs,pp,20260907,20261006,"00Z,12Z",D1,6h,0.008,0.028,0.153,220,0.5,0.333,0.4,4,S/D,S/D,S/D,0,S/D,S/D,S/D,0,S/D,S/D,S/D,0
472AC278,VON HUMBOLDT,LIMA,LIMA,eta5,pp,20260907,20261006,"00Z,12Z",D1,6h,0.003,0.028,0.065,178,0.0,1.0,0.0,3,S/D,S/D,S/D,0,S/D,S/D,S/D,0,S/D,S/D,S/D,0
472AC278,VON HUMBOLDT,LIMA,LIMA,wrf5,pp,20260907,20261006,"00Z,12Z",D1,6h,-0.002,0.02,0.091,216,0.0,S/D,0.0,4,S/D,S/D,S/D,0,S/D,S/D,S/D,0,S/D,S/D,S/D,0
472AC278,VON HUMBOLDT,LIMA,LIMA,mpas15,pp,20260907,20261006,00Z,D1,6h,0.04,0.195,0.077,110,0.5,0.833,0.143,2,S/D,1.0,0.0,0,S/D,S/D,S/D,0,S/D,S/D,S/D,0
111290,ÑAÑA,LIMA,LIMA,ecmwf,pp,20260907,20261006,"00Z,12Z",D1,6h,0.006,0.037,0.339,236,0.417,0.5,0.294,12,S/D,S/D,S/D,0,S/D,S/D,S/D,0,S/D,S/D,S/D,0
111290,ÑAÑA,LIMA,LIMA,gfs,pp,20260907,20261006,"00Z,12Z",D1,6h,-0.006,0.035,-0.021,236,0.0,S/D,0.0,12,S/D,S/D,S/D,0,S/D,S/D,S/D,0,S/D,S/D,S/D,0
111290,ÑAÑA,LIMA,LIMA,eta5,pp,20260907,20261006,"00Z,12Z",D1,6h,-0.008,0.038,S/D,191,0.0,S/D,0.0,11,S/D,S/D,S/D,0,S/D,S/D,S/D,0,S/D,S/D,S/D,0
111290,ÑAÑA,LIMA,LIMA,wrf5,pp,20260907,20261006,"00Z,12Z",D1,6h,-0.007,0.035,0.083,233,0.0,S/D,0.0,12,S/D,S/D,S/D,0,S/D,S/D,S/D,0,S/D,S/D,S/D,0
111290,ÑAÑA,LIMA,LIMA,mpas15,pp,20260907,20261006,00Z,D1,6h,0.027,0.164,0.13,118,0.5,0.5,0.333,6,S/D,1.0,0.0,0,S/D,S/D,S/D,0,S/D,S/D,S/D,0
110139,PICOY,LIMA,OYON,ecmwf,pp,20260907,20261006,"00Z,12Z",D1,6h,0.602,1.235,-0.041,236,0.5,0.992,0.008,2,S/D,1.0,0.0,0,S/D,1.0,0.0,0,S/D,S/D,S/D,0
110139,PICOY,LIMA,OYON,gfs,pp,20260907,20261006,"00Z,12Z",D1,6h,0.44,1.031,0.101,236,1.0,0.981,0.019,2,S/D,1.0,0.0,0,S/D,1.0,0.0,0,S/D,S/D,S/D,0
110139,PICOY,LIMA,OYON,eta5,pp,20260907,20261006,"00Z,12Z",D1,6h,1.228,2.612,0.104,191,1.0,0.986,0.014,1,S/D,1.0,0.0,0,S/D,1.0,0.0,0,S/D,S/D,S/D,0
110139,PICOY,LIMA,OYON,wrf5,pp,20260907,20261006,"00Z,12Z",D1,6h,0.138,0.537,0.06,233,0.5,0.971,0.029,2,S/D,1.0,0.0,0,S/D,S/D,S/D,0,S/D,S/D,S/D,0
110139,PICOY,LIMA,OYON,mpas15,pp,20260907,20261006,00Z,D1,6h,0.595,1.429,-0.091,118,0.0,1.0,0.0,1,S/D,1.0,0.0,0,S/D,1.0,0.0,0,S/D,S/D,S/D,0
472364DC,CARANIA,LIMA,YAUYOS,ecmwf,pp,20260907,20261006,"00Z,12Z",D1,6h,0.344,1.035,0.307,226,0.917,0.859,0.139,12,0.625,0.833,0.152,8,S/D,1.0,0.0,0,S/D,S/D,S/D,0
472364DC,CARANIA,LIMA,YAUYOS,gfs,pp,20260907,20261006,"00Z,12Z",D1,6h,0.47,1.192,0.325,226,1.0,0.887,0.113,12,0.625,0.875,0.116,8,S/D,1.0,0.0,0,S/D,S/D,S/D,0
472364DC,CARANIA,LIMA,YAUYOS,eta5,pp,20260907,20261006,"00Z,12Z",D1,6h,0.205,1.13,0.354,184,0.833,0.722,0.263,12,0.375,0.833,0.13,8,S/D,1.0,0.0,0,S/D,S/D,S/D,0
472364DC,CARANIA,LIMA,YAUYOS,wrf5,pp,20260907,20261006,"00Z,12Z",D1,6h,0.098,0.77,0.243,222,0.636,0.811,0.171,11,0.286,0.818,0.125,7,S/D,1.0,0.0,0,S/D,S/D,S/D,0
472364DC,CARANIA,LIMA,YAUYOS,mpas15,pp,20260907,20261006,00Z,D1,6h,0.54,1.545,0.312,113,0.833,0.839,0.156,6,0.75,0.85,0.143,4,S/D,1.0,0.0,0,S/D,S/D,S/D,0
104112,SAN REGIS,LORETO,LORETO,ecmwf,pp,20260907,20261006,"00Z,12Z",D1,6h,0.512,3.009,0.333,64,0.833,0.815,0.179,6,0.5,0.727,0.214,6,0.5,0.667,0.25,4,S/D,S/D,S/D,0
104112,SAN REGIS,LORETO,LORETO,gfs,pp,20260907,20261006,"00Z,12Z",D1,6h,0.172,2.395,0.034,64,0.333,0.909,0.077,6,0.333,0.846,0.118,6,0.0,1.0,0.0,4,S/D,S/D,S/D,0
104112,SAN REGIS,LORETO,LORETO,eta5,pp,20260907,20261006,"00Z,12Z",D1,6h,2.065,4.809,0.215,56,1.0,0.821,0.179,5,0.8,0.833,0.16,5,0.0,1.0,0.0,3,S/D,S/D,S/D,0
104112,SAN REGIS,LORETO,LORETO,wrf5,pp,20260907,20261006,"00Z,12Z",D1,6h,0.02,2.507,0.063,63,0.4,0.875,0.105,5,0.2,0.857,0.091,5,0.0,1.0,0.0,4,S/D,S/D,S/D,0
104112,SAN REGIS,LORETO,LORETO,mpas15,pp,20260907,20261006,00Z,D1,6h,0.353,2.155,0.395,32,1.0,0.727,0.273,3,0.667,0.667,0.286,3,0.5,0.5,0.333,2,S/D,S/D,S/D,0
4727547C,CABALLOCOCHA,LORETO,MARISCAL RAMON CASTILLA,ecmwf,pp,20260907,20261006,"00Z,12Z",D1,6h,S/D,S/D,S/D,0,S/D,S/D,S/D,0,S/D,S/D,S/D,0,S/D,S/D,S/D,0,S/D,S/D,S/D,0
4727547C,CABALLOCOCHA,LORETO,MARISCAL RAMON CASTILLA,gfs,pp,20260907,20261006,"00Z,12Z",D1,6h,S/D,S/D,S/D,0,S/D,S/D,S/D,0,S/D,S/D,S/D,0,S/D,S/D,S/D,0,S/D,S/D,S/D,0
4727547C,CABALLOCOCHA,LORETO,MARISCAL RAMON CASTILLA,eta5,pp,20260907,20261006,"00Z,12Z",D1,6h,S/D,S/D,S/D,0,S/D,S/D,S/D,0,S/D,S/D,S/D,0,S/D,S/D,S/D,0,S/D,S/D,S/D,0
4727547C,CABALLOCOCHA,LORETO,MARISCAL RAMON CASTILLA,wrf5,pp,20260907,20261006,"00Z,12Z",D1,6h,S/D,S/D,S/D,0,S/D,S/D,S/D,0,S/D,S/D,S/D,0,S/D,S/D,S/D,0,S/D,S/D,S/D,0
4727547C,CABALLOCOCHA,LORETO,MARISCAL RAMON CASTILLA,mpas15,pp,20260907,20261006,00Z,D1,6h,S/D,S/D,S/D,0,S/D,S/D,S/D,0,S/D,S/D,S/D,0,S/D,S/D,S/D,0,S/D,S/D,S/D,0
47288486,PEBAS,LORETO,MARISCAL RAMON CASTILLA,ecmwf,pp,20260907,20261006,"00Z,12Z",D1,6h,S/D,S/D,S/D,0,S/D,S/D,S/D,0,S/D,S/D,S/D,0,S/D,S/D,S/D,0,S/D,S/D,S/D,0
47288486,PEBAS,LORETO,MARISCAL RAMON CASTILLA,gfs,pp,20260907,20261006,"00Z,12Z",D1,6h,S/D,S/D,S/D,0,S/D,S/D,S/D,0,S/D,S/D,S/D,0,S/D,S/D,S/D,0,S/D,S/D,S/D,0
47288486,PEBAS,LORETO,MARISCAL RAMON CASTILLA,eta5,pp,20260907,20261006,"00Z,12Z",D1,6h,S/D,S/D,S/D,0,S/D,S/D,S/D,0,S/D,S/D,S/D,0,S/D,S/D,S/D,0,S/D,S/D,S/D,0
47288486,PEBAS,LORETO,MARISCAL RAMON CASTILLA,wrf5,pp,20260907,20261006,"00Z,12Z",D1,6h,S/D,S/D,S/D,0,S/D,S/D,S/D,0,S/D,S/D,S/D,0,S/D,S/D,S/D,0,S/D,S/D,S/D,0
47288486,PEBAS,LORETO,MARISCAL RAMON CASTILLA,mpas15,pp,20260907,20261006,00Z,D1,6h,S/D,S/D,S/D,0,S/D,S/D,S/D,0,S/D,S/D,S/D,0,S/D,S/D,S/D,0,S/D,S/D,S/D,0
103065,AMAZONAS,LORETO,MAYNAS,ecmwf,pp,20260907,20261006,"00Z,12Z",D1,6h,S/D,S/D,S/D,0,S/D,S/D,S/D,0,S/D,S/D,S/D,0,S/D,S/D,S/D,0,S/D,S/D,S/D,0
103065,AMAZONAS,LORETO,MAYNAS,gfs,pp,20260907,20261006,"00Z,12Z",D1,6h,S/D,S/D,S/D,0,S/D,S/D,S/D,0,S/D,S/D,S/D,0,S/D,S/D,S/D,0,S/D,S/D,S/D,0
103065,AMAZONAS,LORETO,MAYNAS,eta5,pp,20260907,20261006,"00Z,12Z",D1,6h,S/D,S/D,S/D,0,S/D,S/D,S/D,0,S/D,S/D,S/D,0,S/D,S/D,S/D,0,S/D,S/D,S/D,0
103065,AMAZONAS,LORETO,MAYNAS,wrf5,pp,20260907,20261006,"00Z,12Z",D1,6h,S/D,S/D,S/D,0,S/D,S/D,S/D,0,S/D,S/D,S/D,0,S/D,S/D,S/D,0,S/D,S/D,S/D,0
103065,AMAZONAS,LORETO,MAYNAS,mpas15,pp,20260907,20261006,00Z,D1,6h,S/D,S/D,S/D,0,S/D,S/D,S/D,0,S/D,S/D,S/D,0,S/D,S/D,S/D,0,S/D,S/D,S/D,0
47252718,ENAPU PERU,LORETO,MAYNAS,ecmwf,pp,20260907,20261006,"00Z,12Z",D1,6h,0.506,3.259,0.166,232,0.656,0.84,0.148,32,0.545,0.815,0.16,22,0.167,0.818,0.095,12,S/D,S/D,S/D,0
47252718,ENAPU PERU,LORETO,MAYNAS,gfs,pp,20260907,20261006,"00Z,12Z",D1,6h,0.318,4.031,0.168,232,0.562,0.806,0.168,32,0.364,0.822,0.136,22,0.167,0.857,0.083,12,S/D,1.0,0.0,0
47252718,ENAPU PERU,LORETO,MAYNAS,eta5,pp,20260907,20261006,"00Z,12Z",D1,6h,1.477,5.219,0.1,189,0.583,0.825,0.156,24,0.438,0.889,0.097,16,0.222,0.938,0.051,9,S/D,1.0,0.0,0
47252718,ENAPU PERU,LORETO,MAYNAS,wrf5,pp,20260907,20261006,"00Z,12Z",D1,6h,0.7,6.813,0.151,228,0.438,0.763,0.182,32,0.273,0.812,0.125,22,0.083,0.917,0.043,12,S/D,1.0,0.0,0
47252718,ENAPU PERU,LORETO,MAYNAS,mpas15,pp,20260907,20261006,00Z,D1,6h,0.462,3.051,-0.004,116,0.438,0.87,0.111,16,0.364,0.892,0.091,11,0.167,0.889,0.071,6,S/D,S/D,S/D,0
47287402,CONTAMANA,LORETO,UCAYALI,ecmwf,pp,20260907,20261006,"00Z,12Z",D1,6h,S/D,S/D,S/D,0,S/D,S/D,S/D,0,S/D,S/D,S/D,0,S/D,S/D,S/D,0,S/D,S/D,S/D,0
47287402,CONTAMANA,LORETO,UCAYALI,gfs,pp,20260907,20261006,"00Z,12Z",D1,6h,S/D,S/D,S/D,0,S/D,S/D,S/D,0,S/D,S/D,S/D,0,S/D,S/D,S/D,0,S/D,S/D,S/D,0
47287402,CONTAMANA,LORETO,UCAYALI,eta5,pp,20260907,20261006,"00Z,12Z",D1,6h,S/D,S/D,S/D,0,S/D,S/D,S/D,0,S/D,S/D,S/D,0,S/D,S/D,S/D,0,S/D,S/D,S/D,0
47287402,CONTAMANA,LORETO,UCAYALI,wrf5,pp,20260907,20261006,"00Z,12Z",D1,6h,S/D,S/D,S/D,0,S/D,S/D,S/D,0,S/D,S/D,S/D,0,S/D,S/D,S/D,0,S/D,S/D,S/D,0
47287402,CONTAMANA,LORETO,UCAYALI,mpas15,pp,20260907,20261006,00Z,D1,6h,S/D,S/D,S/D,0,S/D,S/D,S/D,0,S/D,S/D,S/D,0,S/D,S/D,S/D,0,S/D,S/D,S/D,0
47E8201A,SALVACION,MADRE DE DIOS,MANU,ecmwf,pp,20260907,20261006,"00Z,12Z",D1,6h,-1.022,8.067,0.298,234,0.796,0.667,0.307,54,0.5,0.7,0.231,36,0.278,0.5,0.217,18,0.125,0.5,0.111,8
47E8201A,SALVACION,MADRE DE DIOS,MANU,gfs,pp,20260907,20261006,"00Z,12Z",D1,6h,-1.262,7.76,0.343,234,0.667,0.647,0.3,54,0.417,0.674,0.224,36,0.278,0.583,0.2,18,0.0,S/D,0.0,8
47E8201A,SALVACION,MADRE DE DIOS,MANU,eta5,pp,20260907,20261006,"00Z,12Z",D1,6h,-0.561,9.003,0.252,190,0.74,0.684,0.285,50,0.6,0.741,0.221,35,0.389,0.731,0.189,18,0.0,S/D,0.0,8
47E8201A,SALVACION,MADRE DE DIOS,MANU,wrf5,pp,20260907,20261006,"00Z,12Z",D1,6h,-1.63,8.144,0.32,231,0.462,0.52,0.308,52,0.353,0.52,0.255,34,0.222,0.429,0.19,18,0.0,S/D,0.0,8
47E8201A,SALVACION,MADRE DE DIOS,MANU,mpas15,pp,20260907,20261006,00Z,D1,6h,0.697,9.969,0.2,117,0.667,0.739,0.231,27,0.722,0.783,0.2,18,0.333,0.842,0.12,9,0.0,1.0,0.0,4
472587E0,IÑAPARI,MADRE DE DIOS,TAHUAMANU,ecmwf,pp,20260907,20261006,"00Z,12Z",D1,6h,0.387,1.896,0.264,224,0.722,0.852,0.14,18,0.875,0.788,0.206,8,0.75,0.538,0.4,8,S/D,S/D,S/D,0
472587E0,IÑAPARI,MADRE DE DIOS,TAHUAMANU,gfs,pp,20260907,20261006,"00Z,12Z",D1,6h,-0.16,1.838,0.413,224,0.667,0.727,0.24,18,0.75,0.625,0.333,8,0.375,0.0,0.375,8,S/D,S/D,S/D,0
472587E0,IÑAPARI,MADRE DE DIOS,TAHUAMANU,eta5,pp,20260907,20261006,"00Z,12Z",D1,6h,0.258,2.838,0.493,182,0.833,0.615,0.357,18,1.0,0.714,0.286,8,0.5,0.429,0.364,8,S/D,1.0,0.0,0
472587E0,IÑAPARI,MADRE DE DIOS,TAHUAMANU,wrf5,pp,20260907,20261006,"00Z,12Z",D1,6h,-0.398,2.469,0.358,220,0.333,0.6,0.222,18,0.125,0.75,0.091,8,0.0,S/D,0.0,8,S/D,S/D,S/D,0
472587E0,IÑAPARI,MADRE DE DIOS,TAHUAMANU,mpas15,pp,20260907,20261006,00Z,D1,6h,0.493,2.222,0.336,112,0.778,0.767,0.219,9,1.0,0.846,0.154,4,0.5,0.6,0.286,4,S/D,S/D,S/D,0
260403,CACHUELA,MADRE DE DIOS,TAMBOPATA,ecmwf,pp,20260907,20261006,"00Z,12Z",D1,6h,0.69,2.395,0.294,234,1.0,0.921,0.079,8,S/D,1.0,0.0,0,S/D,1.0,0.0,0,S/D,S/D,S/D,0
260403,CACHUELA,MADRE DE DIOS,TAMBOPATA,gfs,pp,20260907,20261006,"00Z,12Z",D1,6h,0.479,3.589,0.205,234,0.75,0.891,0.105,8,S/D,1.0,0.0,0,S/D,1.0,0.0,0,S/D,1.0,0.0,0
260403,CACHUELA,MADRE DE DIOS,TAMBOPATA,eta5,pp,20260907,20261006,"00Z,12Z",D1,6h,0.568,1.966,0.131,190,0.429,0.912,0.079,7,S/D,1.0,0.0,0,S/D,1.0,0.0,0,S/D,S/D,S/D,0
260403,CACHUELA,MADRE DE DIOS,TAMBOPATA,wrf5,pp,20260907,20261006,"00Z,12Z",D1,6h,0.173,2.281,-0.024,231,0.125,0.941,0.042,8,S/D,1.0,0.0,0,S/D,1.0,0.0,0,S/D,1.0,0.0,0
260403,CACHUELA,MADRE DE DIOS,TAMBOPATA,mpas15,pp,20260907,20261006,00Z,D1,6h,1.194,3.111,0.278,117,1.0,0.895,0.105,4,S/D,1.0,0.0,0,S/D,1.0,0.0,0,S/D,S/D,S/D,0
47E8336C,MALINOWSKY,MADRE DE DIOS,TAMBOPATA,ecmwf,pp,20260907,20261006,"00Z,12Z",D1,6h,0.655,2.101,0.257,234,0.786,0.897,0.1,14,0.667,0.875,0.118,6,S/D,1.0,0.0,0,S/D,S/D,S/D,0
47E8336C,MALINOWSKY,MADRE DE DIOS,TAMBOPATA,gfs,pp,20260907,20261006,"00Z,12Z",D1,6h,0.348,1.427,0.157,234,0.5,0.854,0.127,14,0.167,0.958,0.034,6,S/D,1.0,0.0,0,S/D,S/D,S/D,0
47E8336C,MALINOWSKY,MADRE DE DIOS,TAMBOPATA,eta5,pp,20260907,20261006,"00Z,12Z",D1,6h,0.867,3.444,0.241,190,0.571,0.8,0.174,14,0.5,0.885,0.103,6,S/D,1.0,0.0,0,S/D,1.0,0.0,0
47E8336C,MALINOWSKY,MADRE DE DIOS,TAMBOPATA,wrf5,pp,20260907,20261006,"00Z,12Z",D1,6h,0.231,3.037,0.089,231,0.214,0.824,0.107,14,0.0,1.0,0.0,6,S/D,1.0,0.0,0,S/D,1.0,0.0,0
47E8336C,MALINOWSKY,MADRE DE DIOS,TAMBOPATA,mpas15,pp,20260907,20261006,00Z,D1,6h,1.553,3.556,0.195,117,0.714,0.894,0.102,7,1.0,0.923,0.077,3,S/D,1.0,0.0,0,S/D,S/D,S/D,0
260402,PUENTE HERRERA,MADRE DE DIOS,TAMBOPATA,ecmwf,pp,20260907,20261006,"00Z,12Z",D1,6h,0.715,2.441,S/D,232,S/D,1.0,0.0,0,S/D,1.0,0.0,0,S/D,1.0,0.0,0,S/D,S/D,S/D,0
260402,PUENTE HERRERA,MADRE DE DIOS,TAMBOPATA,gfs,pp,20260907,20261006,"00Z,12Z",D1,6h,0.492,3.604,S/D,232,S/D,1.0,0.0,0,S/D,1.0,0.0,0,S/D,1.0,0.0,0,S/D,1.0,0.0,0
260402,PUENTE HERRERA,MADRE DE DIOS,TAMBOPATA,eta5,pp,20260907,20261006,"00Z,12Z",D1,6h,0.574,2.0,S/D,188,S/D,1.0,0.0,0,S/D,1.0,0.0,0,S/D,1.0,0.0,0,S/D,S/D,S/D,0
260402,PUENTE HERRERA,MADRE DE DIOS,TAMBOPATA,wrf5,pp,20260907,20261006,"00Z,12Z",D1,6h,0.194,2.29,S/D,229,S/D,1.0,0.0,0,S/D,1.0,0.0,0,S/D,1.0,0.0,0,S/D,1.0,0.0,0
260402,PUENTE HERRERA,MADRE DE DIOS,TAMBOPATA,mpas15,pp,20260907,20261006,00Z,D1,6h,1.224,3.166,S/D,116,S/D,1.0,0.0,0,S/D,1.0,0.0,0,S/D,1.0,0.0,0,S/D,S/D,S/D,0
112279,PUERTO MALDONADO,MADRE DE DIOS,TAMBOPATA,ecmwf,pp,20260907,20261006,"00Z,12Z",D1,6h,0.691,2.404,0.191,238,0.875,0.932,0.067,8,S/D,1.0,0.0,0,S/D,1.0,0.0,0,S/D,S/D,S/D,0
112279,PUERTO MALDONADO,MADRE DE DIOS,TAMBOPATA,gfs,pp,20260907,20261006,"00Z,12Z",D1,6h,0.483,3.56,0.108,238,0.375,0.946,0.049,8,S/D,1.0,0.0,0,S/D,1.0,0.0,0,S/D,1.0,0.0,0
112279,PUERTO MALDONADO,MADRE DE DIOS,TAMBOPATA,eta5,pp,20260907,20261006,"00Z,12Z",D1,6h,0.571,1.988,0.143,193,0.5,0.882,0.105,8,S/D,1.0,0.0,0,S/D,1.0,0.0,0,S/D,S/D,S/D,0
112279,PUERTO MALDONADO,MADRE DE DIOS,TAMBOPATA,wrf5,pp,20260907,20261006,"00Z,12Z",D1,6h,0.24,3.11,-0.06,234,0.125,0.929,0.048,8,S/D,1.0,0.0,0,S/D,1.0,0.0,0,S/D,1.0,0.0,0
112279,PUERTO MALDONADO,MADRE DE DIOS,TAMBOPATA,mpas15,pp,20260907,20261006,00Z,D1,6h,1.202,3.127,0.2,119,0.75,0.923,0.075,4,S/D,1.0,0.0,0,S/D,1.0,0.0,0,S/D,S/D,S/D,0
260002,TAMBOPATA,MADRE DE DIOS,TAMBOPATA,ecmwf,pp,20260907,20261006,"00Z,12Z",D1,6h,S/D,S/D,S/D,0,S/D,S/D,S/D,0,S/D,S/D,S/D,0,S/D,S/D,S/D,0,S/D,S/D,S/D,0
260002,TAMBOPATA,MADRE DE DIOS,TAMBOPATA,gfs,pp,20260907,20261006,"00Z,12Z",D1,6h,S/D,S/D,S/D,0,S/D,S/D,S/D,0,S/D,S/D,S/D,0,S/D,S/D,S/D,0,S/D,S/D,S/D,0
260002,TAMBOPATA,MADRE DE DIOS,TAMBOPATA,eta5,pp,20260907,20261006,"00Z,12Z",D1,6h,S/D,S/D,S/D,0,S/D,S/D,S/D,0,S/D,S/D,S/D,0,S/D,S/D,S/D,0,S/D,S/D,S/D,0
260002,TAMBOPATA,MADRE DE DIOS,TAMBOPATA,wrf5,pp,20260907,20261006,"00Z,12Z",D1,6h,S/D,S/D,S/D,0,S/D,S/D,S/D,0,S/D,S/D,S/D,0,S/D,S/D,S/D,0,S/D,S/D,S/D,0
260002,TAMBOPATA,MADRE DE DIOS,TAMBOPATA,mpas15,pp,20260907,20261006,00Z,D1,6h,S/D,S/D,S/D,0,S/D,S/D,S/D,0,S/D,S/D,S/D,0,S/D,S/D,S/D,0,S/D,S/D,S/D,0
4723F1BE,MOQUEGUA,MOQUEGUA,MARISCAL NIETO,ecmwf,pp,20260907,20261006,"00Z,12Z",D1,6h,0.007,0.028,S/D,236,S/D,1.0,0.0,0,S/D,S/D,S/D,0,S/D,S/D,S/D,0,S/D,S/D,S/D,0
4723F1BE,MOQUEGUA,MOQUEGUA,MARISCAL NIETO,gfs,pp,20260907,20261006,"00Z,12Z",D1,6h,0.001,0.006,S/D,236,S/D,S/D,S/D,0,S/D,S/D,S/D,0,S/D,S/D,S/D,0,S/D,S/D,S/D,0
4723F1BE,MOQUEGUA,MOQUEGUA,MARISCAL NIETO,eta5,pp,20260907,20261006,"00Z,12Z",D1,6h,0.0,0.0,S/D,191,S/D,S/D,S/D,0,S/D,S/D,S/D,0,S/D,S/D,S/D,0,S/D,S/D,S/D,0
4723F1BE,MOQUEGUA,MOQUEGUA,MARISCAL NIETO,wrf5,pp,20260907,20261006,"00Z,12Z",D1,6h,0.0,0.002,S/D,232,S/D,S/D,S/D,0,S/D,S/D,S/D,0,S/D,S/D,S/D,0,S/D,S/D,S/D,0
4723F1BE,MOQUEGUA,MOQUEGUA,MARISCAL NIETO,mpas15,pp,20260907,20261006,00Z,D1,6h,0.0,0.0,S/D,118,S/D,S/D,S/D,0,S/D,S/D,S/D,0,S/D,S/D,S/D,0,S/D,S/D,S/D,0
110137,12 DE OCTUBRE,PASCO,DANIEL ALCIDES CARRION,ecmwf,pp,20260907,20261006,"00Z,12Z",D1,6h,0.355,1.415,0.306,234,0.682,0.725,0.244,44,0.417,0.886,0.098,12,0.0,1.0,0.0,2,S/D,S/D,S/D,0
110137,12 DE OCTUBRE,PASCO,DANIEL ALCIDES CARRION,gfs,pp,20260907,20261006,"00Z,12Z",D1,6h,0.743,2.426,0.364,234,0.977,0.744,0.254,44,0.667,0.857,0.133,12,0.0,1.0,0.0,2,S/D,S/D,S/D,0
110137,12 DE OCTUBRE,PASCO,DANIEL ALCIDES CARRION,eta5,pp,20260907,20261006,"00Z,12Z",D1,6h,0.24,1.302,0.39,189,0.763,0.642,0.322,38,0.455,0.833,0.139,11,0.0,S/D,0.0,2,S/D,S/D,S/D,0
110137,12 DE OCTUBRE,PASCO,DANIEL ALCIDES CARRION,wrf5,pp,20260907,20261006,"00Z,12Z",D1,6h,0.226,1.569,0.352,231,0.568,0.561,0.329,44,0.417,0.821,0.143,12,0.0,1.0,0.0,2,S/D,S/D,S/D,0
110137,12 DE OCTUBRE,PASCO,DANIEL ALCIDES CARRION,mpas15,pp,20260907,20261006,00Z,D1,6h,0.928,2.414,0.233,117,0.682,0.7,0.263,22,0.5,0.925,0.07,6,0.0,1.0,0.0,1,S/D,S/D,S/D,0
4725D79C,OXAPAMPA,PASCO,OXAPAMPA,ecmwf,pp,20260907,20261006,"00Z,12Z",D1,6h,0.688,2.756,0.174,236,0.871,0.686,0.3,62,0.706,0.803,0.182,34,0.083,0.857,0.056,12,S/D,S/D,S/D,0
4725D79C,OXAPAMPA,PASCO,OXAPAMPA,gfs,pp,20260907,20261006,"00Z,12Z",D1,6h,1.191,2.906,0.231,236,0.952,0.693,0.303,62,0.853,0.775,0.216,34,0.333,0.826,0.129,12,S/D,S/D,S/D,0
4725D79C,OXAPAMPA,PASCO,OXAPAMPA,eta5,pp,20260907,20261006,"00Z,12Z",D1,6h,-0.632,2.625,0.018,191,0.294,0.712,0.17,51,0.036,0.9,0.027,28,0.0,S/D,0.0,12,S/D,S/D,S/D,0
4725D79C,OXAPAMPA,PASCO,OXAPAMPA,wrf5,pp,20260907,20261006,"00Z,12Z",D1,6h,-0.173,2.122,0.315,233,0.533,0.59,0.302,60,0.333,0.725,0.177,33,0.167,0.714,0.118,12,S/D,S/D,S/D,0
4725D79C,OXAPAMPA,PASCO,OXAPAMPA,mpas15,pp,20260907,20261006,00Z,D1,6h,0.674,2.895,0.15,118,0.613,0.698,0.253,31,0.529,0.827,0.15,17,0.0,1.0,0.0,6,S/D,S/D,S/D,0
109093,PUERTO BERMUDEZ,PASCO,OXAPAMPA,ecmwf,pp,20260907,20261006,"00Z,12Z",D1,6h,-0.437,9.243,0.314,236,0.855,0.69,0.294,62,0.632,0.696,0.258,38,0.292,0.75,0.156,24,0.0,S/D,0.0,4
109093,PUERTO BERMUDEZ,PASCO,OXAPAMPA,gfs,pp,20260907,20261006,"00Z,12Z",D1,6h,-0.679,9.25,0.216,236,0.71,0.712,0.257,62,0.632,0.727,0.235,38,0.333,0.692,0.19,24,0.0,S/D,0.0,4
109093,PUERTO BERMUDEZ,PASCO,OXAPAMPA,eta5,pp,20260907,20261006,"00Z,12Z",D1,6h,-0.204,9.468,0.162,191,0.611,0.686,0.262,54,0.545,0.788,0.18,33,0.35,0.788,0.152,20,0.0,S/D,0.0,3
109093,PUERTO BERMUDEZ,PASCO,OXAPAMPA,wrf5,pp,20260907,20261006,"00Z,12Z",D1,6h,-1.795,9.292,0.407,233,0.468,0.37,0.367,62,0.237,0.654,0.164,38,0.167,0.5,0.143,24,0.0,1.0,0.0,4
109093,PUERTO BERMUDEZ,PASCO,OXAPAMPA,mpas15,pp,20260907,20261006,00Z,D1,6h,0.103,9.495,0.296,118,0.806,0.648,0.325,31,0.684,0.776,0.203,19,0.333,0.8,0.143,12,0.0,1.0,0.0,2
104114,ALTO DE POCLUS,PIURA,AYABACA,ecmwf,pp,20260907,20261006,"00Z,12Z",D1,6h,S/D,S/D,S/D,0,S/D,S/D,S/D,0,S/D,S/D,S/D,0,S/D,S/D,S/D,0,S/D,S/D,S/D,0
104114,ALTO DE POCLUS,PIURA,AYABACA,gfs,pp,20260907,20261006,"00Z,12Z",D1,6h,S/D,S/D,S/D,0,S/D,S/D,S/D,0,S/D,S/D,S/D,0,S/D,S/D,S/D,0,S/D,S/D,S/D,0
104114,ALTO DE POCLUS,PIURA,AYABACA,eta5,pp,20260907,20261006,"00Z,12Z",D1,6h,S/D,S/D,S/D,0,S/D,S/D,S/D,0,S/D,S/D,S/D,0,S/D,S/D,S/D,0,S/D,S/D,S/D,0
104114,ALTO DE POCLUS,PIURA,AYABACA,wrf5,pp,20260907,20261006,"00Z,12Z",D1,6h,S/D,S/D,S/D,0,S/D,S/D,S/D,0,S/D,S/D,S/D,0,S/D,S/D,S/D,0,S/D,S/D,S/D,0
104114,ALTO DE POCLUS,PIURA,AYABACA,mpas15,pp,20260907,20261006,00Z,D1,6h,S/D,S/D,S/D,0,S/D,S/D,S/D,0,S/D,S/D,S/D,0,S/D,S/D,S/D,0,S/D,S/D,S/D,0
47E9177A,EL CIRUELO,PIURA,AYABACA,ecmwf,pp,20260907,20261006,"00Z,12Z",D1,6h,1.058,2.662,0.448,226,0.932,0.68,0.313,44,1.0,0.893,0.107,6,0.0,1.0,0.0,2,S/D,S/D,S/D,0
47E9177A,EL CIRUELO,PIURA,AYABACA,gfs,pp,20260907,20261006,"00Z,12Z",D1,6h,0.742,2.248,0.341,226,0.682,0.709,0.256,44,1.0,0.854,0.146,6,0.5,0.9,0.091,2,S/D,S/D,S/D,0
47E9177A,EL CIRUELO,PIURA,AYABACA,eta5,pp,20260907,20261006,"00Z,12Z",D1,6h,2.767,5.635,0.242,185,0.833,0.752,0.236,30,1.0,0.945,0.055,4,0.0,1.0,0.0,2,S/D,S/D,S/D,0
47E9177A,EL CIRUELO,PIURA,AYABACA,wrf5,pp,20260907,20261006,"00Z,12Z",D1,6h,0.742,4.068,0.291,223,0.409,0.647,0.234,44,0.667,0.84,0.148,6,1.0,0.778,0.222,2,S/D,1.0,0.0,0
47E9177A,EL CIRUELO,PIURA,AYABACA,mpas15,pp,20260907,20261006,00Z,D1,6h,0.784,2.523,0.216,113,0.545,0.676,0.255,22,0.333,0.962,0.036,3,0.0,1.0,0.0,1,S/D,S/D,S/D,0
47E281B0,HUALCUY,PIURA,AYABACA,ecmwf,pp,20260907,20261006,"00Z,12Z",D1,6h,0.26,3.793,0.182,232,0.643,0.789,0.189,42,0.667,0.789,0.19,18,0.429,0.571,0.273,14,0.0,S/D,0.0,2
47E281B0,HUALCUY,PIURA,AYABACA,gfs,pp,20260907,20261006,"00Z,12Z",D1,6h,-0.051,3.411,0.201,232,0.643,0.759,0.213,42,0.667,0.727,0.24,18,0.357,0.5,0.263,14,0.0,S/D,0.0,2
47E281B0,HUALCUY,PIURA,AYABACA,eta5,pp,20260907,20261006,"00Z,12Z",D1,6h,-0.107,3.58,0.09,189,0.324,0.761,0.159,34,0.357,0.792,0.152,14,0.091,0.833,0.062,11,0.0,S/D,0.0,1
47E281B0,HUALCUY,PIURA,AYABACA,wrf5,pp,20260907,20261006,"00Z,12Z",D1,6h,-0.37,3.63,0.262,228,0.333,0.632,0.212,42,0.5,0.571,0.3,18,0.286,0.429,0.235,14,0.0,S/D,0.0,2
47E281B0,HUALCUY,PIURA,AYABACA,mpas15,pp,20260907,20261006,00Z,D1,6h,0.641,4.437,0.164,116,0.429,0.75,0.188,21,0.667,0.8,0.182,9,0.714,0.545,0.385,7,0.0,1.0,0.0,1
472FC5B8,PAIMAS,PIURA,AYABACA,ecmwf,pp,20260907,20261006,"00Z,12Z",D1,6h,1.2,3.419,0.231,238,0.9,0.837,0.16,30,0.8,0.904,0.094,10,0.333,0.889,0.091,6,S/D,1.0,0.0,0
472FC5B8,PAIMAS,PIURA,AYABACA,gfs,pp,20260907,20261006,"00Z,12Z",D1,6h,0.794,3.924,0.197,238,0.733,0.829,0.161,30,0.7,0.87,0.123,10,0.0,1.0,0.0,6,S/D,1.0,0.0,0
472FC5B8,PAIMAS,PIURA,AYABACA,eta5,pp,20260907,20261006,"00Z,12Z",D1,6h,1.029,3.022,0.064,193,0.5,0.874,0.112,22,0.429,0.939,0.057,7,0.4,0.882,0.1,5,S/D,S/D,S/D,0
472FC5B8,PAIMAS,PIURA,AYABACA,wrf5,pp,20260907,20261006,"00Z,12Z",D1,6h,-0.22,1.589,0.176,234,0.133,0.8,0.087,30,0.3,0.571,0.214,10,0.0,1.0,0.0,6,S/D,S/D,S/D,0
472FC5B8,PAIMAS,PIURA,AYABACA,mpas15,pp,20260907,20261006,00Z,D1,6h,0.341,1.703,0.278,119,0.6,0.775,0.196,15,1.0,0.821,0.179,5,0.0,1.0,0.0,3,S/D,S/D,S/D,0
47E0C74E,PUENTE MACARA,PIURA,AYABACA,ecmwf,pp,20260907,20261006,"00Z,12Z",D1,6h,0.851,2.161,0.192,232,1.0,0.971,0.029,4,S/D,1.0,0.0,0,S/D,1.0,0.0,0,S/D,S/D,S/D,0
47E0C74E,PUENTE MACARA,PIURA,AYABACA,gfs,pp,20260907,20261006,"00Z,12Z",D1,6h,0.616,2.477,0.215,232,1.0,0.951,0.049,4,S/D,1.0,0.0,0,S/D,1.0,0.0,0,S/D,S/D,S/D,0
47E0C74E,PUENTE MACARA,PIURA,AYABACA,eta5,pp,20260907,20261006,"00Z,12Z",D1,6h,3.725,6.914,0.19,188,1.0,0.972,0.028,3,S/D,1.0,0.0,0,S/D,1.0,0.0,0,S/D,1.0,0.0,0
47E0C74E,PUENTE MACARA,PIURA,AYABACA,wrf5,pp,20260907,20261006,"00Z,12Z",D1,6h,0.417,2.781,0.141,228,0.5,0.933,0.062,4,S/D,1.0,0.0,0,S/D,1.0,0.0,0,S/D,1.0,0.0,0
47E0C74E,PUENTE MACARA,PIURA,AYABACA,mpas15,pp,20260907,20261006,00Z,D1,6h,1.24,2.858,0.139,116,1.0,0.963,0.037,2,S/D,1.0,0.0,0,S/D,1.0,0.0,0,S/D,S/D,S/D,0
472FF022,SAPILLICA,PIURA,AYABACA,ecmwf,pp,20260907,20261006,"00Z,12Z",D1,6h,0.983,4.127,0.419,238,0.827,0.452,0.492,110,1.0,0.88,0.12,10,1.0,0.778,0.222,4,0.0,1.0,0.0,2
472FF022,SAPILLICA,PIURA,AYABACA,gfs,pp,20260907,20261006,"00Z,12Z",D1,6h,0.577,4.861,0.415,238,0.736,0.372,0.513,110,0.6,0.889,0.103,10,0.0,1.0,0.0,4,0.0,1.0,0.0,2
472FF022,SAPILLICA,PIURA,AYABACA,eta5,pp,20260907,20261006,"00Z,12Z",D1,6h,0.201,2.93,0.231,193,0.442,0.397,0.342,86,0.429,0.906,0.083,7,0.5,0.833,0.143,2,0.0,S/D,0.0,1
472FF022,SAPILLICA,PIURA,AYABACA,wrf5,pp,20260907,20261006,"00Z,12Z",D1,6h,-0.277,3.58,0.404,234,0.309,0.128,0.296,110,0.0,1.0,0.0,10,0.0,1.0,0.0,4,0.0,S/D,0.0,2
472FF022,SAPILLICA,PIURA,AYABACA,mpas15,pp,20260907,20261006,00Z,D1,6h,0.15,3.358,0.246,119,0.473,0.409,0.356,55,0.8,0.857,0.138,5,0.0,1.0,0.0,2,0.0,S/D,0.0,1
472F86B2,CANCHAQUE,PIURA,HUANCABAMBA,ecmwf,pp,20260907,20261006,"00Z,12Z",D1,6h,0.628,2.967,0.159,236,0.522,0.588,0.299,90,0.591,0.717,0.236,22,1.0,0.6,0.4,4,S/D,1.0,0.0,0
472F86B2,CANCHAQUE,PIURA,HUANCABAMBA,gfs,pp,20260907,20261006,"00Z,12Z",D1,6h,0.476,1.711,0.332,236,0.656,0.5,0.396,90,0.636,0.702,0.255,22,0.5,0.778,0.182,4,S/D,S/D,S/D,0
472F86B2,CANCHAQUE,PIURA,HUANCABAMBA,eta5,pp,20260907,20261006,"00Z,12Z",D1,6h,0.251,1.407,0.341,192,0.486,0.462,0.343,72,0.5,0.697,0.233,20,0.667,0.6,0.333,3,S/D,S/D,S/D,0
472F86B2,CANCHAQUE,PIURA,HUANCABAMBA,wrf5,pp,20260907,20261006,"00Z,12Z",D1,6h,-0.276,1.176,0.396,232,0.236,0.25,0.219,89,0.273,0.333,0.24,22,0.0,S/D,0.0,4,S/D,S/D,S/D,0
472F86B2,CANCHAQUE,PIURA,HUANCABAMBA,mpas15,pp,20260907,20261006,00Z,D1,6h,0.436,1.615,0.13,118,0.333,0.559,0.234,45,0.636,0.741,0.226,11,0.5,0.833,0.143,2,S/D,S/D,S/D,0
472FE354,HUANCABAMBA,PIURA,HUANCABAMBA,ecmwf,pp,20260907,20261006,"00Z,12Z",D1,6h,0.971,2.424,0.089,238,0.8,0.935,0.063,10,S/D,1.0,0.0,0,S/D,1.0,0.0,0,S/D,S/D,S/D,0
472FE354,HUANCABAMBA,PIURA,HUANCABAMBA,gfs,pp,20260907,20261006,"00Z,12Z",D1,6h,0.832,1.766,0.012,238,0.6,0.952,0.047,10,S/D,1.0,0.0,0,S/D,1.0,0.0,0,S/D,S/D,S/D,0
472FE354,HUANCABAMBA,PIURA,HUANCABAMBA,eta5,pp,20260907,20261006,"00Z,12Z",D1,6h,0.362,1.408,-0.034,193,0.0,1.0,0.0,3,S/D,1.0,0.0,0,S/D,1.0,0.0,0,S/D,S/D,S/D,0
472FE354,HUANCABAMBA,PIURA,HUANCABAMBA,wrf5,pp,20260907,20261006,"00Z,12Z",D1,6h,0.37,2.377,0.046,234,0.3,0.88,0.094,10,S/D,1.0,0.0,0,S/D,1.0,0.0,0,S/D,S/D,S/D,0
472FE354,HUANCABAMBA,PIURA,HUANCABAMBA,mpas15,pp,20260907,20261006,00Z,D1,6h,1.443,3.757,0.003,119,0.4,0.951,0.045,5,S/D,1.0,0.0,0,S/D,1.0,0.0,0,S/D,S/D,S/D,0
472761E6,HUARMACA,PIURA,HUANCABAMBA,ecmwf,pp,20260907,20261006,"00Z,12Z",D1,6h,0.879,3.189,0.355,238,0.578,0.681,0.259,64,1.0,0.83,0.17,8,S/D,1.0,0.0,0,S/D,1.0,0.0,0
472761E6,HUARMACA,PIURA,HUANCABAMBA,gfs,pp,20260907,20261006,"00Z,12Z",D1,6h,0.739,1.747,0.472,238,0.781,0.583,0.373,64,0.75,0.878,0.118,8,S/D,1.0,0.0,0,S/D,S/D,S/D,0
472761E6,HUARMACA,PIURA,HUANCABAMBA,eta5,pp,20260907,20261006,"00Z,12Z",D1,6h,0.379,1.001,0.429,193,0.745,0.513,0.418,51,0.6,0.9,0.094,5,S/D,1.0,0.0,0,S/D,S/D,S/D,0
472761E6,HUARMACA,PIURA,HUANCABAMBA,wrf5,pp,20260907,20261006,"00Z,12Z",D1,6h,-0.013,0.471,0.545,234,0.391,0.167,0.362,64,0.25,0.778,0.133,8,S/D,S/D,S/D,0,S/D,S/D,S/D,0
472761E6,HUARMACA,PIURA,HUANCABAMBA,mpas15,pp,20260907,20261006,00Z,D1,6h,0.74,1.895,0.351,119,0.531,0.5,0.347,32,1.0,0.857,0.143,4,S/D,1.0,0.0,0,S/D,S/D,S/D,0
472FB328,CHALACO,PIURA,MORROPON,ecmwf,pp,20260907,20261006,"00Z,12Z",D1,6h,0.508,1.479,0.356,234,0.538,0.441,0.377,106,0.875,0.844,0.152,8,0.25,0.889,0.083,4,S/D,S/D,S/D,0
472FB328,CHALACO,PIURA,MORROPON,gfs,pp,20260907,20261006,"00Z,12Z",D1,6h,1.089,2.964,0.407,234,0.67,0.437,0.441,106,1.0,0.879,0.121,8,1.0,0.714,0.286,4,S/D,1.0,0.0,0
472FB328,CHALACO,PIURA,MORROPON,eta5,pp,20260907,20261006,"00Z,12Z",D1,6h,0.329,1.032,0.387,190,0.427,0.435,0.321,82,1.0,0.853,0.147,5,0.333,0.5,0.25,3,S/D,S/D,S/D,0
472FB328,CHALACO,PIURA,MORROPON,wrf5,pp,20260907,20261006,"00Z,12Z",D1,6h,0.389,2.578,0.363,230,0.358,0.333,0.304,106,0.625,0.8,0.179,8,0.75,0.4,0.5,4,S/D,1.0,0.0,0
472FB328,CHALACO,PIURA,MORROPON,mpas15,pp,20260907,20261006,00Z,D1,6h,0.678,1.762,0.241,117,0.472,0.432,0.347,53,0.75,0.914,0.083,4,0.5,0.75,0.2,2,S/D,S/D,S/D,0
472F6540,CHULUCANAS,PIURA,MORROPON,ecmwf,pp,20260907,20261006,"00Z,12Z",D1,6h,0.215,0.649,0.161,236,1.0,0.966,0.034,2,1.0,0.889,0.111,2,S/D,1.0,0.0,0,S/D,S/D,S/D,0
472F6540,CHULUCANAS,PIURA,MORROPON,gfs,pp,20260907,20261006,"00Z,12Z",D1,6h,0.141,0.575,0.183,236,1.0,0.96,0.04,2,0.5,0.909,0.083,2,S/D,1.0,0.0,0,S/D,S/D,S/D,0
472F6540,CHULUCANAS,PIURA,MORROPON,eta5,pp,20260907,20261006,"00Z,12Z",D1,6h,0.585,1.95,0.137,191,1.0,0.98,0.02,1,1.0,0.957,0.043,1,S/D,1.0,0.0,0,S/D,S/D,S/D,0
472F6540,CHULUCANAS,PIURA,MORROPON,wrf5,pp,20260907,20261006,"00Z,12Z",D1,6h,0.023,0.355,0.2,232,0.5,0.933,0.062,2,0.0,1.0,0.0,2,S/D,S/D,S/D,0,S/D,S/D,S/D,0
472F6540,CHULUCANAS,PIURA,MORROPON,mpas15,pp,20260907,20261006,00Z,D1,6h,0.097,0.377,0.178,118,1.0,0.923,0.077,1,1.0,0.857,0.143,1,S/D,S/D,S/D,0,S/D,S/D,S/D,0
47E037CA,CORRAL DEL MEDIO,PIURA,MORROPON,ecmwf,pp,20260907,20261006,"00Z,12Z",D1,6h,S/D,S/D,S/D,0,S/D,S/D,S/D,0,S/D,S/D,S/D,0,S/D,S/D,S/D,0,S/D,S/D,S/D,0
47E037CA,CORRAL DEL MEDIO,PIURA,MORROPON,gfs,pp,20260907,20261006,"00Z,12Z",D1,6h,S/D,S/D,S/D,0,S/D,S/D,S/D,0,S/D,S/D,S/D,0,S/D,S/D,S/D,0,S/D,S/D,S/D,0
47E037CA,CORRAL DEL MEDIO,PIURA,MORROPON,eta5,pp,20260907,20261006,"00Z,12Z",D1,6h,S/D,S/D,S/D,0,S/D,S/D,S/D,0,S/D,S/D,S/D,0,S/D,S/D,S/D,0,S/D,S/D,S/D,0
47E037CA,CORRAL DEL MEDIO,PIURA,MORROPON,wrf5,pp,20260907,20261006,"00Z,12Z",D1,6h,S/D,S/D,S/D,0,S/D,S/D,S/D,0,S/D,S/D,S/D,0,S/D,S/D,S/D,0,S/D,S/D,S/D,0
47E037CA,CORRAL DEL MEDIO,PIURA,MORROPON,mpas15,pp,20260907,20261006,00Z,D1,6h,S/D,S/D,S/D,0,S/D,S/D,S/D,0,S/D,S/D,S/D,0,S/D,S/D,S/D,0,S/D,S/D,S/D,0
472F50DA,EL VIRREY,PIURA,MORROPON,ecmwf,pp,20260907,20261006,"00Z,12Z",D1,6h,0.191,0.916,0.135,234,0.5,0.889,0.1,10,S/D,1.0,0.0,0,S/D,1.0,0.0,0,S/D,S/D,S/D,0
472F50DA,EL VIRREY,PIURA,MORROPON,gfs,pp,20260907,20261006,"00Z,12Z",D1,6h,0.102,0.479,0.151,234,0.3,0.875,0.097,10,S/D,1.0,0.0,0,S/D,S/D,S/D,0,S/D,S/D,S/D,0
472F50DA,EL VIRREY,PIURA,MORROPON,eta5,pp,20260907,20261006,"00Z,12Z",D1,6h,0.177,0.55,0.13,190,0.375,0.921,0.07,8,S/D,1.0,0.0,0,S/D,S/D,S/D,0,S/D,S/D,S/D,0
472F50DA,EL VIRREY,PIURA,MORROPON,wrf5,pp,20260907,20261006,"00Z,12Z",D1,6h,-0.006,0.041,0.073,230,0.0,S/D,0.0,10,S/D,S/D,S/D,0,S/D,S/D,S/D,0,S/D,S/D,S/D,0
472F50DA,EL VIRREY,PIURA,MORROPON,mpas15,pp,20260907,20261006,00Z,D1,6h,-0.003,0.048,0.109,117,0.2,0.5,0.167,5,S/D,S/D,S/D,0,S/D,S/D,S/D,0,S/D,S/D,S/D,0
47E074C0,HACIENDA BARRIOS,PIURA,MORROPON,ecmwf,pp,20260907,20261006,"00Z,12Z",D1,6h,0.511,1.645,0.15,236,0.714,0.917,0.081,14,0.5,0.97,0.029,2,0.0,1.0,0.0,2,S/D,S/D,S/D,0
47E074C0,HACIENDA BARRIOS,PIURA,MORROPON,gfs,pp,20260907,20261006,"00Z,12Z",D1,6h,0.296,1.065,0.24,236,0.714,0.878,0.116,14,1.0,0.905,0.095,2,0.0,1.0,0.0,2,S/D,S/D,S/D,0
47E074C0,HACIENDA BARRIOS,PIURA,MORROPON,eta5,pp,20260907,20261006,"00Z,12Z",D1,6h,1.301,3.313,0.265,191,0.75,0.889,0.107,12,1.0,0.962,0.038,2,0.5,0.941,0.056,2,S/D,S/D,S/D,0
47E074C0,HACIENDA BARRIOS,PIURA,MORROPON,wrf5,pp,20260907,20261006,"00Z,12Z",D1,6h,0.05,0.67,0.169,232,0.357,0.839,0.125,14,0.0,1.0,0.0,2,0.0,1.0,0.0,2,S/D,S/D,S/D,0
47E074C0,HACIENDA BARRIOS,PIURA,MORROPON,mpas15,pp,20260907,20261006,00Z,D1,6h,0.977,2.621,0.273,118,0.857,0.854,0.143,7,1.0,0.968,0.032,1,1.0,0.875,0.125,1,S/D,S/D,S/D,0
472F95C4,HACIENDA BIGOTE ,PIURA,MORROPON,ecmwf,pp,20260907,20261006,"00Z,12Z",D1,6h,0.489,1.709,0.145,238,0.75,0.95,0.049,8,0.5,0.97,0.029,2,0.0,1.0,0.0,2,S/D,S/D,S/D,0
472F95C4,HACIENDA BIGOTE ,PIURA,MORROPON,gfs,pp,20260907,20261006,"00Z,12Z",D1,6h,0.275,1.154,0.182,238,0.75,0.927,0.071,8,1.0,0.905,0.095,2,0.0,1.0,0.0,2,S/D,S/D,S/D,0
472F95C4,HACIENDA BIGOTE ,PIURA,MORROPON,eta5,pp,20260907,20261006,"00Z,12Z",D1,6h,1.123,3.089,0.158,193,0.571,0.944,0.054,7,1.0,0.957,0.043,2,0.5,0.938,0.059,2,S/D,S/D,S/D,0
472F95C4,HACIENDA BIGOTE ,PIURA,MORROPON,wrf5,pp,20260907,20261006,"00Z,12Z",D1,6h,-0.022,0.749,0.187,234,0.25,0.92,0.065,8,0.0,1.0,0.0,2,0.0,S/D,0.0,2,S/D,S/D,S/D,0
472F95C4,HACIENDA BIGOTE ,PIURA,MORROPON,mpas15,pp,20260907,20261006,00Z,D1,6h,0.959,2.606,0.273,119,1.0,0.905,0.095,4,1.0,0.968,0.032,1,1.0,0.875,0.125,1,S/D,S/D,S/D,0
472FA05E,MALACASI,PIURA,MORROPON,ecmwf,pp,20260907,20261006,"00Z,12Z",D1,6h,0.533,1.564,0.192,238,0.9,0.925,0.074,10,0.75,0.909,0.088,4,S/D,1.0,0.0,0,S/D,S/D,S/D,0
472FA05E,MALACASI,PIURA,MORROPON,gfs,pp,20260907,20261006,"00Z,12Z",D1,6h,0.319,0.993,0.325,238,1.0,0.878,0.122,10,1.0,0.81,0.19,4,S/D,1.0,0.0,0,S/D,S/D,S/D,0
472FA05E,MALACASI,PIURA,MORROPON,eta5,pp,20260907,20261006,"00Z,12Z",D1,6h,0.662,1.977,0.244,193,0.778,0.891,0.106,9,0.667,0.938,0.061,3,S/D,1.0,0.0,0,S/D,S/D,S/D,0
472FA05E,MALACASI,PIURA,MORROPON,wrf5,pp,20260907,20261006,"00Z,12Z",D1,6h,0.002,0.199,0.3,234,0.5,0.643,0.263,10,0.25,0.5,0.2,4,S/D,S/D,S/D,0,S/D,S/D,S/D,0
472FA05E,MALACASI,PIURA,MORROPON,mpas15,pp,20260907,20261006,00Z,D1,6h,0.478,1.39,0.335,119,1.0,0.839,0.161,5,1.0,0.905,0.095,2,S/D,1.0,0.0,0,S/D,S/D,S/D,0
472F7636,MORROPON,PIURA,MORROPON,ecmwf,pp,20260907,20261006,"00Z,12Z",D1,6h,0.224,0.977,0.057,234,0.333,0.968,0.03,6,1.0,0.833,0.167,2,S/D,1.0,0.0,0,S/D,S/D,S/D,0
472F7636,MORROPON,PIURA,MORROPON,gfs,pp,20260907,20261006,"00Z,12Z",D1,6h,0.129,0.714,0.178,234,0.667,0.905,0.091,6,1.0,0.75,0.25,2,S/D,1.0,0.0,0,S/D,S/D,S/D,0
472F7636,MORROPON,PIURA,MORROPON,eta5,pp,20260907,20261006,"00Z,12Z",D1,6h,0.976,2.772,0.029,190,0.5,0.971,0.028,4,1.0,0.972,0.028,1,S/D,1.0,0.0,0,S/D,S/D,S/D,0
472F7636,MORROPON,PIURA,MORROPON,wrf5,pp,20260907,20261006,"00Z,12Z",D1,6h,0.025,0.272,0.083,230,0.333,0.867,0.105,6,0.5,0.8,0.167,2,S/D,S/D,S/D,0,S/D,S/D,S/D,0
472F7636,MORROPON,PIURA,MORROPON,mpas15,pp,20260907,20261006,00Z,D1,6h,0.228,0.744,0.008,117,0.333,0.955,0.042,3,1.0,0.917,0.083,1,S/D,1.0,0.0,0,S/D,S/D,S/D,0
47E067B6,SALITRAL,PIURA,MORROPON,ecmwf,pp,20260907,20261006,"00Z,12Z",D1,6h,0.473,1.633,0.131,234,0.75,0.924,0.074,12,0.3,0.909,0.075,10,S/D,1.0,0.0,0,S/D,S/D,S/D,0
47E067B6,SALITRAL,PIURA,MORROPON,gfs,pp,20260907,20261006,"00Z,12Z",D1,6h,0.255,1.085,0.153,234,0.667,0.901,0.094,12,0.4,0.81,0.148,10,S/D,1.0,0.0,0,S/D,S/D,S/D,0
47E067B6,SALITRAL,PIURA,MORROPON,eta5,pp,20260907,20261006,"00Z,12Z",D1,6h,0.607,2.025,0.146,190,0.667,0.905,0.091,9,0.429,0.903,0.086,7,S/D,1.0,0.0,0,S/D,S/D,S/D,0
47E067B6,SALITRAL,PIURA,MORROPON,wrf5,pp,20260907,20261006,"00Z,12Z",D1,6h,-0.066,0.585,0.231,230,0.167,0.667,0.125,12,0.1,0.5,0.091,10,S/D,S/D,S/D,0,S/D,S/D,S/D,0
47E067B6,SALITRAL,PIURA,MORROPON,mpas15,pp,20260907,20261006,00Z,D1,6h,0.42,1.343,0.323,117,0.833,0.839,0.156,6,0.8,0.81,0.182,5,S/D,1.0,0.0,0,S/D,S/D,S/D,0
47E08444,SAN PEDRO,PIURA,MORROPON,ecmwf,pp,20260907,20261006,"00Z,12Z",D1,6h,1.694,2.946,0.261,236,1.0,0.934,0.066,12,1.0,0.96,0.04,4,S/D,1.0,0.0,0,S/D,S/D,S/D,0
47E08444,SAN PEDRO,PIURA,MORROPON,gfs,pp,20260907,20261006,"00Z,12Z",D1,6h,0.865,2.685,0.213,236,0.667,0.933,0.065,12,1.0,0.923,0.077,4,S/D,1.0,0.0,0,S/D,S/D,S/D,0
47E08444,SAN PEDRO,PIURA,MORROPON,eta5,pp,20260907,20261006,"00Z,12Z",D1,6h,0.993,2.615,0.211,191,0.727,0.896,0.1,11,1.0,0.927,0.073,3,S/D,1.0,0.0,0,S/D,S/D,S/D,0
47E08444,SAN PEDRO,PIURA,MORROPON,wrf5,pp,20260907,20261006,"00Z,12Z",D1,6h,0.064,0.577,0.125,232,0.417,0.833,0.135,12,0.75,0.625,0.333,4,S/D,1.0,0.0,0,S/D,S/D,S/D,0
47E08444,SAN PEDRO,PIURA,MORROPON,mpas15,pp,20260907,20261006,00Z,D1,6h,0.371,1.086,0.262,118,0.833,0.833,0.161,6,1.0,0.909,0.091,2,S/D,1.0,0.0,0,S/D,S/D,S/D,0
105145,SANTO DOMINGO,PIURA,MORROPON,ecmwf,pp,20260907,20261006,"00Z,12Z",D1,6h,0.038,0.122,S/D,24,S/D,1.0,0.0,0,S/D,S/D,S/D,0,S/D,S/D,S/D,0,S/D,S/D,S/D,0
105145,SANTO DOMINGO,PIURA,MORROPON,gfs,pp,20260907,20261006,"00Z,12Z",D1,6h,0.146,0.38,S/D,24,S/D,1.0,0.0,0,S/D,1.0,0.0,0,S/D,S/D,S/D,0,S/D,S/D,S/D,0
105145,SANTO DOMINGO,PIURA,MORROPON,eta5,pp,20260907,20261006,"00Z,12Z",D1,6h,0.124,0.321,S/D,20,S/D,1.0,0.0,0,S/D,S/D,S/D,0,S/D,S/D,S/D,0,S/D,S/D,S/D,0
105145,SANTO DOMINGO,PIURA,MORROPON,wrf5,pp,20260907,20261006,"00Z,12Z",D1,6h,0.104,0.251,S/D,23,S/D,1.0,0.0,0,S/D,S/D,S/D,0,S/D,S/D,S/D,0,S/D,S/D,S/D,0
105145,SANTO DOMINGO,PIURA,MORROPON,mpas15,pp,20260907,20261006,00Z,D1,6h,0.167,0.408,S/D,12,S/D,1.0,0.0,0,S/D,1.0,0.0,0,S/D,S/D,S/D,0,S/D,S/D,S/D,0
47E0B1DE,PUENTE SIMON RODRIGUEZ,PIURA,PAITA,ecmwf,pp,20260907,20261006,"00Z,12Z",D1,6h,0.017,0.244,0.104,232,0.5,0.786,0.176,6,0.0,1.0,0.0,2,S/D,S/D,S/D,0,S/D,S/D,S/D,0
47E0B1DE,PUENTE SIMON RODRIGUEZ,PIURA,PAITA,gfs,pp,20260907,20261006,"00Z,12Z",D1,6h,-0.022,0.22,0.25,232,0.0,1.0,0.0,6,0.0,S/D,0.0,2,S/D,S/D,S/D,0,S/D,S/D,S/D,0
47E0B1DE,PUENTE SIMON RODRIGUEZ,PIURA,PAITA,eta5,pp,20260907,20261006,"00Z,12Z",D1,6h,0.001,0.277,0.018,189,0.0,1.0,0.0,5,0.0,1.0,0.0,2,S/D,S/D,S/D,0,S/D,S/D,S/D,0
47E0B1DE,PUENTE SIMON RODRIGUEZ,PIURA,PAITA,wrf5,pp,20260907,20261006,"00Z,12Z",D1,6h,-0.02,0.224,0.101,229,0.167,0.8,0.1,6,0.0,S/D,0.0,2,S/D,S/D,S/D,0,S/D,S/D,S/D,0
47E0B1DE,PUENTE SIMON RODRIGUEZ,PIURA,PAITA,mpas15,pp,20260907,20261006,00Z,D1,6h,-0.023,0.226,-0.117,116,0.0,1.0,0.0,3,0.0,S/D,0.0,1,S/D,S/D,S/D,0,S/D,S/D,S/D,0
47E0E1A2,BOCATOMA CHIPILLICO,PIURA,PIURA,ecmwf,pp,20260907,20261006,"00Z,12Z",D1,6h,1.51,3.472,0.223,210,0.889,0.895,0.104,18,1.0,0.949,0.051,4,1.0,0.875,0.125,2,S/D,1.0,0.0,0
47E0E1A2,BOCATOMA CHIPILLICO,PIURA,PIURA,gfs,pp,20260907,20261006,"00Z,12Z",D1,6h,1.058,3.841,0.214,210,0.778,0.878,0.118,18,1.0,0.915,0.085,4,0.0,1.0,0.0,2,S/D,1.0,0.0,0
47E0E1A2,BOCATOMA CHIPILLICO,PIURA,PIURA,eta5,pp,20260907,20261006,"00Z,12Z",D1,6h,0.992,2.528,0.223,169,0.692,0.873,0.12,13,1.0,0.927,0.073,3,1.0,0.9,0.1,1,S/D,S/D,S/D,0
47E0E1A2,BOCATOMA CHIPILLICO,PIURA,PIURA,wrf5,pp,20260907,20261006,"00Z,12Z",D1,6h,0.021,0.658,0.227,206,0.278,0.706,0.167,18,0.25,0.833,0.111,4,0.0,S/D,0.0,2,S/D,S/D,S/D,0
47E0E1A2,BOCATOMA CHIPILLICO,PIURA,PIURA,mpas15,pp,20260907,20261006,00Z,D1,6h,0.332,1.135,0.156,105,0.444,0.857,0.121,9,1.0,0.905,0.095,2,0.0,1.0,0.0,1,S/D,S/D,S/D,0
47E0F2D4,LAGARTERA,PIURA,PIURA,ecmwf,pp,20260907,20261006,"00Z,12Z",D1,6h,1.361,3.372,0.353,232,0.913,0.741,0.253,46,0.667,0.949,0.049,6,S/D,1.0,0.0,0,S/D,1.0,0.0,0
47E0F2D4,LAGARTERA,PIURA,PIURA,gfs,pp,20260907,20261006,"00Z,12Z",D1,6h,1.0,3.757,0.387,232,0.783,0.712,0.267,46,0.5,0.94,0.057,6,S/D,1.0,0.0,0,S/D,1.0,0.0,0
47E0F2D4,LAGARTERA,PIURA,PIURA,eta5,pp,20260907,20261006,"00Z,12Z",D1,6h,0.85,2.39,0.227,188,0.583,0.696,0.25,36,0.0,1.0,0.0,4,S/D,1.0,0.0,0,S/D,S/D,S/D,0
47E0F2D4,LAGARTERA,PIURA,PIURA,wrf5,pp,20260907,20261006,"00Z,12Z",D1,6h,0.029,0.511,0.111,229,0.109,0.783,0.078,46,0.0,1.0,0.0,6,S/D,S/D,S/D,0,S/D,S/D,S/D,0
47E0F2D4,LAGARTERA,PIURA,PIURA,mpas15,pp,20260907,20261006,00Z,D1,6h,0.288,0.981,0.208,116,0.391,0.679,0.214,23,0.333,0.95,0.045,3,S/D,1.0,0.0,0,S/D,S/D,S/D,0
105112,MIRAFLORES,PIURA,PIURA,ecmwf,pp,20260907,20261006,"00Z,12Z",D1,6h,S/D,S/D,S/D,0,S/D,S/D,S/D,0,S/D,S/D,S/D,0,S/D,S/D,S/D,0,S/D,S/D,S/D,0
105112,MIRAFLORES,PIURA,PIURA,gfs,pp,20260907,20261006,"00Z,12Z",D1,6h,S/D,S/D,S/D,0,S/D,S/D,S/D,0,S/D,S/D,S/D,0,S/D,S/D,S/D,0,S/D,S/D,S/D,0
105112,MIRAFLORES,PIURA,PIURA,eta5,pp,20260907,20261006,"00Z,12Z",D1,6h,S/D,S/D,S/D,0,S/D,S/D,S/D,0,S/D,S/D,S/D,0,S/D,S/D,S/D,0,S/D,S/D,S/D,0
105112,MIRAFLORES,PIURA,PIURA,wrf5,pp,20260907,20261006,"00Z,12Z",D1,6h,S/D,S/D,S/D,0,S/D,S/D,S/D,0,S/D,S/D,S/D,0,S/D,S/D,S/D,0,S/D,S/D,S/D,0
105112,MIRAFLORES,PIURA,PIURA,mpas15,pp,20260907,20261006,00Z,D1,6h,S/D,S/D,S/D,0,S/D,S/D,S/D,0,S/D,S/D,S/D,0,S/D,S/D,S/D,0,S/D,S/D,S/D,0
104113,PARTIDOR,PIURA,PIURA,ecmwf,pp,20260907,20261006,"00Z,12Z",D1,6h,0.039,0.119,S/D,28,S/D,1.0,0.0,0,S/D,S/D,S/D,0,S/D,S/D,S/D,0,S/D,S/D,S/D,0
104113,PARTIDOR,PIURA,PIURA,gfs,pp,20260907,20261006,"00Z,12Z",D1,6h,0.0,0.0,S/D,28,S/D,S/D,S/D,0,S/D,S/D,S/D,0,S/D,S/D,S/D,0,S/D,S/D,S/D,0
104113,PARTIDOR,PIURA,PIURA,eta5,pp,20260907,20261006,"00Z,12Z",D1,6h,0.014,0.064,S/D,23,S/D,1.0,0.0,0,S/D,S/D,S/D,0,S/D,S/D,S/D,0,S/D,S/D,S/D,0
104113,PARTIDOR,PIURA,PIURA,wrf5,pp,20260907,20261006,"00Z,12Z",D1,6h,0.005,0.011,S/D,27,S/D,S/D,S/D,0,S/D,S/D,S/D,0,S/D,S/D,S/D,0,S/D,S/D,S/D,0
104113,PARTIDOR,PIURA,PIURA,mpas15,pp,20260907,20261006,00Z,D1,6h,0.0,0.0,S/D,14,S/D,S/D,S/D,0,S/D,S/D,S/D,0,S/D,S/D,S/D,0,S/D,S/D,S/D,0
105143,SAN MIGUEL,PIURA,PIURA,ecmwf,pp,20260907,20261006,"00Z,12Z",D1,6h,0.047,0.396,0.081,224,0.25,0.909,0.071,4,S/D,1.0,0.0,0,S/D,1.0,0.0,0,S/D,S/D,S/D,0
105143,SAN MIGUEL,PIURA,PIURA,gfs,pp,20260907,20261006,"00Z,12Z",D1,6h,0.002,0.025,-0.028,224,0.0,1.0,0.0,4,S/D,S/D,S/D,0,S/D,S/D,S/D,0,S/D,S/D,S/D,0
105143,SAN MIGUEL,PIURA,PIURA,eta5,pp,20260907,20261006,"00Z,12Z",D1,6h,0.018,0.138,0.07,180,0.0,1.0,0.0,2,S/D,1.0,0.0,0,S/D,S/D,S/D,0,S/D,S/D,S/D,0
105143,SAN MIGUEL,PIURA,PIURA,wrf5,pp,20260907,20261006,"00Z,12Z",D1,6h,0.007,0.063,0.078,220,0.25,0.75,0.143,4,S/D,S/D,S/D,0,S/D,S/D,S/D,0,S/D,S/D,S/D,0
105143,SAN MIGUEL,PIURA,PIURA,mpas15,pp,20260907,20261006,00Z,D1,6h,-0.002,0.013,-0.096,112,0.0,S/D,0.0,2,S/D,S/D,S/D,0,S/D,S/D,S/D,0,S/D,S/D,S/D,0
47E0522C,TAMBO GRANDE,PIURA,PIURA,ecmwf,pp,20260907,20261006,"00Z,12Z",D1,6h,-0.115,2.909,0.251,230,0.75,0.839,0.153,12,0.333,0.882,0.095,6,0.0,1.0,0.0,4,0.0,S/D,0.0,2
47E0522C,TAMBO GRANDE,PIURA,PIURA,gfs,pp,20260907,20261006,"00Z,12Z",D1,6h,-0.187,2.864,0.311,230,0.75,0.812,0.176,12,0.0,1.0,0.0,6,0.0,1.0,0.0,4,0.0,S/D,0.0,2
47E0522C,TAMBO GRANDE,PIURA,PIURA,eta5,pp,20260907,20261006,"00Z,12Z",D1,6h,-0.159,3.28,0.087,188,0.364,0.875,0.103,11,0.0,1.0,0.0,5,0.0,1.0,0.0,4,0.0,S/D,0.0,2
47E0522C,TAMBO GRANDE,PIURA,PIURA,wrf5,pp,20260907,20261006,"00Z,12Z",D1,6h,-0.35,2.868,0.161,226,0.167,0.714,0.118,12,0.0,S/D,0.0,6,0.0,S/D,0.0,4,0.0,S/D,0.0,2
47E0522C,TAMBO GRANDE,PIURA,PIURA,mpas15,pp,20260907,20261006,00Z,D1,6h,-0.269,2.878,0.082,115,0.333,0.714,0.182,6,0.0,1.0,0.0,3,0.0,S/D,0.0,2,0.0,S/D,0.0,1
105144,BERNAL,PIURA,SECHURA,ecmwf,pp,20260907,20261006,"00Z,12Z",D1,6h,0.013,0.046,S/D,20,S/D,1.0,0.0,0,S/D,S/D,S/D,0,S/D,S/D,S/D,0,S/D,S/D,S/D,0
105144,BERNAL,PIURA,SECHURA,gfs,pp,20260907,20261006,"00Z,12Z",D1,6h,0.003,0.014,S/D,20,S/D,S/D,S/D,0,S/D,S/D,S/D,0,S/D,S/D,S/D,0,S/D,S/D,S/D,0
105144,BERNAL,PIURA,SECHURA,eta5,pp,20260907,20261006,"00Z,12Z",D1,6h,0.002,0.005,S/D,16,S/D,S/D,S/D,0,S/D,S/D,S/D,0,S/D,S/D,S/D,0,S/D,S/D,S/D,0
105144,BERNAL,PIURA,SECHURA,wrf5,pp,20260907,20261006,"00Z,12Z",D1,6h,0.0,0.0,S/D,20,S/D,S/D,S/D,0,S/D,S/D,S/D,0,S/D,S/D,S/D,0,S/D,S/D,S/D,0
105144,BERNAL,PIURA,SECHURA,mpas15,pp,20260907,20261006,00Z,D1,6h,0.0,0.0,S/D,10,S/D,S/D,S/D,0,S/D,S/D,S/D,0,S/D,S/D,S/D,0,S/D,S/D,S/D,0
105120,CHUSIS,PIURA,SECHURA,ecmwf,pp,20260907,20261006,"00Z,12Z",D1,6h,0.033,0.048,S/D,4,S/D,S/D,S/D,0,S/D,S/D,S/D,0,S/D,S/D,S/D,0,S/D,S/D,S/D,0
105120,CHUSIS,PIURA,SECHURA,gfs,pp,20260907,20261006,"00Z,12Z",D1,6h,0.0,0.0,S/D,4,S/D,S/D,S/D,0,S/D,S/D,S/D,0,S/D,S/D,S/D,0,S/D,S/D,S/D,0
105120,CHUSIS,PIURA,SECHURA,eta5,pp,20260907,20261006,"00Z,12Z",D1,6h,0.015,0.031,S/D,4,S/D,S/D,S/D,0,S/D,S/D,S/D,0,S/D,S/D,S/D,0,S/D,S/D,S/D,0
105120,CHUSIS,PIURA,SECHURA,wrf5,pp,20260907,20261006,"00Z,12Z",D1,6h,0.063,0.11,S/D,3,S/D,1.0,0.0,0,S/D,S/D,S/D,0,S/D,S/D,S/D,0,S/D,S/D,S/D,0
105120,CHUSIS,PIURA,SECHURA,mpas15,pp,20260907,20261006,00Z,D1,6h,0.0,0.0,S/D,2,S/D,S/D,S/D,0,S/D,S/D,S/D,0,S/D,S/D,S/D,0,S/D,S/D,S/D,0
47E0D438,ALAMOR,PIURA,SULLANA,ecmwf,pp,20260907,20261006,"00Z,12Z",D1,6h,0.21,0.97,0.158,234,0.458,0.694,0.224,24,0.5,0.846,0.133,4,S/D,1.0,0.0,0,S/D,S/D,S/D,0
47E0D438,ALAMOR,PIURA,SULLANA,gfs,pp,20260907,20261006,"00Z,12Z",D1,6h,0.178,0.898,0.268,234,0.375,0.727,0.188,24,0.75,0.8,0.188,4,S/D,1.0,0.0,0,S/D,S/D,S/D,0
47E0D438,ALAMOR,PIURA,SULLANA,eta5,pp,20260907,20261006,"00Z,12Z",D1,6h,0.612,2.077,0.14,190,0.5,0.86,0.123,16,1.0,0.923,0.077,2,S/D,1.0,0.0,0,S/D,S/D,S/D,0
47E0D438,ALAMOR,PIURA,SULLANA,wrf5,pp,20260907,20261006,"00Z,12Z",D1,6h,0.244,1.725,0.144,231,0.333,0.652,0.205,24,0.75,0.7,0.273,4,S/D,1.0,0.0,0,S/D,S/D,S/D,0
47E0D438,ALAMOR,PIURA,SULLANA,mpas15,pp,20260907,20261006,00Z,D1,6h,0.332,1.314,0.226,117,0.583,0.708,0.241,12,0.5,0.941,0.056,2,S/D,1.0,0.0,0,S/D,S/D,S/D,0
47E09732,LA ARDILLA,PIURA,SULLANA,ecmwf,pp,20260907,20261006,"00Z,12Z",D1,6h,0.229,0.966,0.234,228,0.75,0.842,0.15,8,0.5,0.929,0.067,2,S/D,1.0,0.0,0,S/D,S/D,S/D,0
47E09732,LA ARDILLA,PIURA,SULLANA,gfs,pp,20260907,20261006,"00Z,12Z",D1,6h,0.188,0.953,0.343,228,0.75,0.818,0.171,8,0.5,0.933,0.062,2,S/D,1.0,0.0,0,S/D,S/D,S/D,0
47E09732,LA ARDILLA,PIURA,SULLANA,eta5,pp,20260907,20261006,"00Z,12Z",D1,6h,0.616,2.049,0.108,186,0.6,0.946,0.052,5,S/D,1.0,0.0,0,S/D,1.0,0.0,0,S/D,S/D,S/D,0
47E09732,LA ARDILLA,PIURA,SULLANA,wrf5,pp,20260907,20261006,"00Z,12Z",D1,6h,0.181,1.613,0.251,224,0.625,0.688,0.263,8,0.0,1.0,0.0,2,S/D,1.0,0.0,0,S/D,S/D,S/D,0
47E09732,LA ARDILLA,PIURA,SULLANA,mpas15,pp,20260907,20261006,00Z,D1,6h,0.346,1.344,0.254,114,1.0,0.833,0.167,4,1.0,0.938,0.062,1,S/D,1.0,0.0,0,S/D,S/D,S/D,0
472FD6CE,LANCONES,PIURA,SULLANA,ecmwf,pp,20260907,20261006,"00Z,12Z",D1,6h,0.106,0.552,0.199,234,0.625,0.808,0.172,8,0.0,1.0,0.0,2,S/D,1.0,0.0,0,S/D,S/D,S/D,0
472FD6CE,LANCONES,PIURA,SULLANA,gfs,pp,20260907,20261006,"00Z,12Z",D1,6h,0.071,0.396,0.251,234,0.625,0.8,0.179,8,0.0,1.0,0.0,2,S/D,S/D,S/D,0,S/D,S/D,S/D,0
472FD6CE,LANCONES,PIURA,SULLANA,eta5,pp,20260907,20261006,"00Z,12Z",D1,6h,0.165,0.755,0.228,191,0.429,0.906,0.083,7,0.0,1.0,0.0,2,S/D,1.0,0.0,0,S/D,S/D,S/D,0
472FD6CE,LANCONES,PIURA,SULLANA,wrf5,pp,20260907,20261006,"00Z,12Z",D1,6h,0.047,0.464,0.097,230,0.25,0.833,0.111,8,0.0,1.0,0.0,2,S/D,S/D,S/D,0,S/D,S/D,S/D,0
472FD6CE,LANCONES,PIURA,SULLANA,mpas15,pp,20260907,20261006,00Z,D1,6h,0.129,0.672,-0.148,117,0.0,1.0,0.0,4,0.0,1.0,0.0,1,S/D,1.0,0.0,0,S/D,S/D,S/D,0
270202,PUENTE AZANGARO,PUNO,AZANGARO,ecmwf,pp,20260907,20261006,"00Z,12Z",D1,6h,0.32,1.193,0.511,234,1.0,0.657,0.343,24,0.833,0.677,0.303,12,0.0,1.0,0.0,2,S/D,S/D,S/D,0
270202,PUENTE AZANGARO,PUNO,AZANGARO,gfs,pp,20260907,20261006,"00Z,12Z",D1,6h,0.268,1.324,0.528,234,0.958,0.652,0.343,24,0.75,0.679,0.29,12,0.0,1.0,0.0,2,S/D,S/D,S/D,0
270202,PUENTE AZANGARO,PUNO,AZANGARO,eta5,pp,20260907,20261006,"00Z,12Z",D1,6h,0.706,1.909,0.605,189,0.955,0.638,0.356,22,0.9,0.757,0.237,10,1.0,0.833,0.167,2,S/D,S/D,S/D,0
270202,PUENTE AZANGARO,PUNO,AZANGARO,wrf5,pp,20260907,20261006,"00Z,12Z",D1,6h,0.285,1.501,0.523,230,0.826,0.587,0.38,23,0.636,0.65,0.292,11,0.0,1.0,0.0,1,S/D,S/D,S/D,0
270202,PUENTE AZANGARO,PUNO,AZANGARO,mpas15,pp,20260907,20261006,00Z,D1,6h,0.403,1.352,0.349,117,0.833,0.677,0.303,12,1.0,0.76,0.24,6,0.0,1.0,0.0,1,S/D,S/D,S/D,0
4721AAE4,AYMAÑA,PUNO,CARABAYA,ecmwf,pp,20260907,20261006,"00Z,12Z",D1,6h,-0.051,1.523,0.419,232,0.738,0.635,0.323,42,0.5,0.591,0.29,18,0.0,1.0,0.0,4,S/D,S/D,S/D,0
4721AAE4,AYMAÑA,PUNO,CARABAYA,gfs,pp,20260907,20261006,"00Z,12Z",D1,6h,0.803,2.399,0.363,232,0.881,0.741,0.25,42,0.667,0.842,0.146,18,0.25,0.923,0.062,4,S/D,S/D,S/D,0
4721AAE4,AYMAÑA,PUNO,CARABAYA,eta5,pp,20260907,20261006,"00Z,12Z",D1,6h,0.771,2.259,0.422,187,0.865,0.689,0.296,37,0.824,0.778,0.212,17,0.5,0.818,0.154,4,S/D,S/D,S/D,0
4721AAE4,AYMAÑA,PUNO,CARABAYA,wrf5,pp,20260907,20261006,"00Z,12Z",D1,6h,-0.057,1.672,0.461,229,0.55,0.532,0.338,40,0.588,0.474,0.385,17,0.0,1.0,0.0,4,S/D,S/D,S/D,0
4721AAE4,AYMAÑA,PUNO,CARABAYA,mpas15,pp,20260907,20261006,00Z,D1,6h,0.132,1.688,0.395,116,0.81,0.564,0.395,21,0.556,0.828,0.152,9,0.0,S/D,0.0,2,S/D,S/D,S/D,0
4721B992,UPINA,PUNO,CARABAYA,ecmwf,pp,20260907,20261006,"00Z,12Z",D1,6h,0.31,1.771,0.267,234,0.75,0.789,0.197,36,0.75,0.827,0.164,12,0.5,0.8,0.167,2,S/D,S/D,S/D,0
4721B992,UPINA,PUNO,CARABAYA,gfs,pp,20260907,20261006,"00Z,12Z",D1,6h,0.698,2.322,0.222,234,0.722,0.826,0.164,36,0.917,0.843,0.155,12,0.0,1.0,0.0,2,S/D,S/D,S/D,0
4721B992,UPINA,PUNO,CARABAYA,eta5,pp,20260907,20261006,"00Z,12Z",D1,6h,0.573,2.776,0.251,189,0.688,0.738,0.234,32,0.667,0.795,0.186,12,0.0,1.0,0.0,2,S/D,S/D,S/D,0
4721B992,UPINA,PUNO,CARABAYA,wrf5,pp,20260907,20261006,"00Z,12Z",D1,6h,0.028,2.025,0.312,231,0.5,0.667,0.25,36,0.417,0.762,0.179,12,0.0,1.0,0.0,2,S/D,S/D,S/D,0
4721B992,UPINA,PUNO,CARABAYA,mpas15,pp,20260907,20261006,00Z,D1,6h,0.891,2.691,0.141,117,0.556,0.811,0.164,18,0.667,0.911,0.085,6,0.0,1.0,0.0,1,S/D,S/D,S/D,0
210003,HUANCASAYA,PUNO,HUANCANE,ecmwf,pp,20260907,20261006,"00Z,12Z",D1,6h,0.346,1.086,0.581,224,0.905,0.5,0.475,42,0.625,0.706,0.25,16,S/D,1.0,0.0,0,S/D,S/D,S/D,0
210003,HUANCASAYA,PUNO,HUANCANE,gfs,pp,20260907,20261006,"00Z,12Z",D1,6h,0.458,1.174,0.636,224,0.952,0.54,0.449,42,0.75,0.707,0.267,16,S/D,1.0,0.0,0,S/D,S/D,S/D,0
210003,HUANCASAYA,PUNO,HUANCANE,eta5,pp,20260907,20261006,"00Z,12Z",D1,6h,0.447,1.501,0.619,185,0.846,0.421,0.524,39,0.643,0.743,0.225,14,S/D,1.0,0.0,0,S/D,S/D,S/D,0
210003,HUANCASAYA,PUNO,HUANCANE,wrf5,pp,20260907,20261006,"00Z,12Z",D1,6h,0.574,1.767,0.637,220,0.825,0.421,0.516,40,0.8,0.684,0.293,15,S/D,1.0,0.0,0,S/D,S/D,S/D,0
210003,HUANCASAYA,PUNO,HUANCANE,mpas15,pp,20260907,20261006,00Z,D1,6h,0.996,2.657,0.483,112,0.81,0.564,0.395,21,0.75,0.778,0.207,8,S/D,1.0,0.0,0,S/D,S/D,S/D,0
47251282,PUENTE CARRETERA RAMIS,PUNO,HUANCANE,ecmwf,pp,20260907,20261006,"00Z,12Z",D1,6h,0.222,1.165,0.445,226,1.0,0.743,0.257,18,0.8,0.704,0.276,10,0.5,0.8,0.167,2,S/D,S/D,S/D,0
47251282,PUENTE CARRETERA RAMIS,PUNO,HUANCANE,gfs,pp,20260907,20261006,"00Z,12Z",D1,6h,0.234,1.456,0.511,226,0.944,0.685,0.309,18,1.0,0.615,0.385,10,0.0,1.0,0.0,2,S/D,S/D,S/D,0
47251282,PUENTE CARRETERA RAMIS,PUNO,HUANCANE,eta5,pp,20260907,20261006,"00Z,12Z",D1,6h,0.824,2.327,0.53,185,1.0,0.73,0.27,17,1.0,0.767,0.233,10,0.0,1.0,0.0,2,S/D,S/D,S/D,0
47251282,PUENTE CARRETERA RAMIS,PUNO,HUANCANE,wrf5,pp,20260907,20261006,"00Z,12Z",D1,6h,0.322,1.522,0.518,222,0.882,0.651,0.333,17,0.889,0.667,0.32,9,1.0,0.714,0.286,2,S/D,S/D,S/D,0
47251282,PUENTE CARRETERA RAMIS,PUNO,HUANCANE,mpas15,pp,20260907,20261006,00Z,D1,6h,0.205,1.258,0.353,113,0.889,0.758,0.235,9,1.0,0.688,0.312,5,0.0,1.0,0.0,1,S/D,S/D,S/D,0
472E37C6,PALCA,PUNO,LAMPA,ecmwf,pp,20260907,20261006,"00Z,12Z",D1,6h,0.252,0.746,0.426,236,0.792,0.667,0.306,24,1.0,0.818,0.182,4,S/D,1.0,0.0,0,S/D,S/D,S/D,0
472E37C6,PALCA,PUNO,LAMPA,gfs,pp,20260907,20261006,"00Z,12Z",D1,6h,0.422,1.541,0.474,236,0.917,0.722,0.272,24,0.75,0.893,0.103,4,S/D,1.0,0.0,0,S/D,S/D,S/D,0
472E37C6,PALCA,PUNO,LAMPA,eta5,pp,20260907,20261006,"00Z,12Z",D1,6h,0.684,1.78,0.517,191,0.909,0.63,0.357,22,1.0,0.889,0.111,4,S/D,1.0,0.0,0,S/D,S/D,S/D,0
472E37C6,PALCA,PUNO,LAMPA,wrf5,pp,20260907,20261006,"00Z,12Z",D1,6h,0.329,1.183,0.468,233,0.783,0.654,0.316,23,0.0,1.0,0.0,3,S/D,1.0,0.0,0,S/D,S/D,S/D,0
472E37C6,PALCA,PUNO,LAMPA,mpas15,pp,20260907,20261006,00Z,D1,6h,0.251,0.771,0.13,118,0.5,0.778,0.182,12,0.5,0.923,0.071,2,S/D,S/D,S/D,0,S/D,S/D,S/D,0
472DE6A0,PAMPAHUTA,PUNO,LAMPA,ecmwf,pp,20260907,20261006,"00Z,12Z",D1,6h,0.116,0.754,0.421,232,0.818,0.654,0.321,22,0.8,0.5,0.444,10,0.25,0.667,0.167,4,S/D,S/D,S/D,0
472DE6A0,PAMPAHUTA,PUNO,LAMPA,gfs,pp,20260907,20261006,"00Z,12Z",D1,6h,0.308,1.363,0.491,232,0.909,0.697,0.294,22,1.0,0.706,0.294,10,0.0,1.0,0.0,4,S/D,S/D,S/D,0
472DE6A0,PAMPAHUTA,PUNO,LAMPA,eta5,pp,20260907,20261006,"00Z,12Z",D1,6h,0.409,1.646,0.523,189,0.762,0.628,0.333,21,1.0,0.643,0.357,10,0.75,0.571,0.375,4,S/D,S/D,S/D,0
472DE6A0,PAMPAHUTA,PUNO,LAMPA,wrf5,pp,20260907,20261006,"00Z,12Z",D1,6h,0.184,1.089,0.446,229,0.667,0.632,0.311,21,0.889,0.6,0.381,9,0.0,1.0,0.0,4,S/D,S/D,S/D,0
472DE6A0,PAMPAHUTA,PUNO,LAMPA,mpas15,pp,20260907,20261006,00Z,D1,6h,0.082,0.688,0.471,116,0.818,0.55,0.409,11,0.8,0.692,0.286,5,0.5,0.0,0.5,2,S/D,S/D,S/D,0
114134,ANANSAYA -PUNA,PUNO,MELGAR,ecmwf,pp,20260907,20261006,"00Z,12Z",D1,6h,0.12,0.233,S/D,18,S/D,1.0,0.0,0,S/D,S/D,S/D,0,S/D,S/D,S/D,0,S/D,S/D,S/D,0
114134,ANANSAYA -PUNA,PUNO,MELGAR,gfs,pp,20260907,20261006,"00Z,12Z",D1,6h,0.097,0.199,S/D,18,S/D,1.0,0.0,0,S/D,S/D,S/D,0,S/D,S/D,S/D,0,S/D,S/D,S/D,0
114134,ANANSAYA -PUNA,PUNO,MELGAR,eta5,pp,20260907,20261006,"00Z,12Z",D1,6h,0.021,0.066,S/D,15,S/D,1.0,0.0,0,S/D,S/D,S/D,0,S/D,S/D,S/D,0,S/D,S/D,S/D,0
114134,ANANSAYA -PUNA,PUNO,MELGAR,wrf5,pp,20260907,20261006,"00Z,12Z",D1,6h,0.007,0.025,S/D,18,S/D,S/D,S/D,0,S/D,S/D,S/D,0,S/D,S/D,S/D,0,S/D,S/D,S/D,0
114134,ANANSAYA -PUNA,PUNO,MELGAR,mpas15,pp,20260907,20261006,00Z,D1,6h,0.278,0.601,S/D,9,S/D,1.0,0.0,0,S/D,1.0,0.0,0,S/D,S/D,S/D,0,S/D,S/D,S/D,0
47256412,ENAFER,PUNO,PUNO,ecmwf,pp,20260907,20261006,"00Z,12Z",D1,6h,S/D,S/D,S/D,0,S/D,S/D,S/D,0,S/D,S/D,S/D,0,S/D,S/D,S/D,0,S/D,S/D,S/D,0
47256412,ENAFER,PUNO,PUNO,gfs,pp,20260907,20261006,"00Z,12Z",D1,6h,S/D,S/D,S/D,0,S/D,S/D,S/D,0,S/D,S/D,S/D,0,S/D,S/D,S/D,0,S/D,S/D,S/D,0
47256412,ENAFER,PUNO,PUNO,eta5,pp,20260907,20261006,"00Z,12Z",D1,6h,S/D,S/D,S/D,0,S/D,S/D,S/D,0,S/D,S/D,S/D,0,S/D,S/D,S/D,0,S/D,S/D,S/D,0
47256412,ENAFER,PUNO,PUNO,wrf5,pp,20260907,20261006,"00Z,12Z",D1,6h,S/D,S/D,S/D,0,S/D,S/D,S/D,0,S/D,S/D,S/D,0,S/D,S/D,S/D,0,S/D,S/D,S/D,0
47256412,ENAFER,PUNO,PUNO,mpas15,pp,20260907,20261006,00Z,D1,6h,S/D,S/D,S/D,0,S/D,S/D,S/D,0,S/D,S/D,S/D,0,S/D,S/D,S/D,0,S/D,S/D,S/D,0
472E4156,ILLPA,PUNO,PUNO,ecmwf,pp,20260907,20261006,"00Z,12Z",D1,6h,0.193,0.728,0.429,232,1.0,0.754,0.246,16,0.625,0.667,0.278,8,S/D,1.0,0.0,0,S/D,S/D,S/D,0
472E4156,ILLPA,PUNO,PUNO,gfs,pp,20260907,20261006,"00Z,12Z",D1,6h,0.454,1.77,0.469,232,1.0,0.778,0.222,16,0.75,0.769,0.214,8,S/D,1.0,0.0,0,S/D,S/D,S/D,0
472E4156,ILLPA,PUNO,PUNO,eta5,pp,20260907,20261006,"00Z,12Z",D1,6h,0.402,1.277,0.409,187,0.857,0.755,0.235,14,0.75,0.793,0.194,8,S/D,1.0,0.0,0,S/D,S/D,S/D,0
472E4156,ILLPA,PUNO,PUNO,wrf5,pp,20260907,20261006,"00Z,12Z",D1,6h,0.352,1.362,0.524,229,0.933,0.659,0.333,15,0.857,0.714,0.273,7,S/D,1.0,0.0,0,S/D,S/D,S/D,0
472E4156,ILLPA,PUNO,PUNO,mpas15,pp,20260907,20261006,00Z,D1,6h,0.369,1.405,0.201,116,0.625,0.8,0.179,8,0.75,0.824,0.167,4,S/D,1.0,0.0,0,S/D,S/D,S/D,0
472CB426,LARAQUERI,PUNO,PUNO,ecmwf,pp,20260907,20261006,"00Z,12Z",D1,6h,0.152,0.558,0.402,236,1.0,0.778,0.222,10,0.875,0.562,0.412,8,S/D,1.0,0.0,0,S/D,S/D,S/D,0
472CB426,LARAQUERI,PUNO,PUNO,gfs,pp,20260907,20261006,"00Z,12Z",D1,6h,0.466,1.749,0.41,236,1.0,0.815,0.185,10,1.0,0.636,0.364,8,S/D,1.0,0.0,0,S/D,S/D,S/D,0
472CB426,LARAQUERI,PUNO,PUNO,eta5,pp,20260907,20261006,"00Z,12Z",D1,6h,0.381,1.318,0.483,191,1.0,0.697,0.303,10,0.875,0.667,0.318,8,S/D,1.0,0.0,0,S/D,S/D,S/D,0
472CB426,LARAQUERI,PUNO,PUNO,wrf5,pp,20260907,20261006,"00Z,12Z",D1,6h,0.318,1.504,0.458,233,1.0,0.706,0.294,10,0.875,0.611,0.368,8,S/D,1.0,0.0,0,S/D,S/D,S/D,0
472CB426,LARAQUERI,PUNO,PUNO,mpas15,pp,20260907,20261006,00Z,D1,6h,0.246,0.846,0.25,118,0.8,0.8,0.19,5,1.0,0.692,0.308,4,S/D,1.0,0.0,0,S/D,S/D,S/D,0
472DD33A,PUNO,PUNO,PUNO,ecmwf,pp,20260907,20261006,"00Z,12Z",D1,6h,0.181,0.772,0.396,234,1.0,0.785,0.215,14,0.667,0.733,0.235,6,0.0,1.0,0.0,2,S/D,S/D,S/D,0
472DD33A,PUNO,PUNO,PUNO,gfs,pp,20260907,20261006,"00Z,12Z",D1,6h,0.439,1.855,0.378,234,0.929,0.819,0.178,14,0.833,0.808,0.185,6,0.0,1.0,0.0,2,S/D,S/D,S/D,0
472DD33A,PUNO,PUNO,PUNO,eta5,pp,20260907,20261006,"00Z,12Z",D1,6h,0.228,0.849,0.386,189,0.846,0.756,0.234,13,0.8,0.765,0.222,5,0.5,0.667,0.25,2,S/D,S/D,S/D,0
472DD33A,PUNO,PUNO,PUNO,wrf5,pp,20260907,20261006,"00Z,12Z",D1,6h,0.435,1.723,0.467,231,0.846,0.711,0.275,13,1.0,0.75,0.25,6,0.5,0.909,0.083,2,S/D,S/D,S/D,0
472DD33A,PUNO,PUNO,PUNO,mpas15,pp,20260907,20261006,00Z,D1,6h,0.333,1.47,0.241,117,0.714,0.722,0.25,7,0.667,0.857,0.133,3,0.0,1.0,0.0,1,S/D,S/D,S/D,0
472CF72C,JULIACA,PUNO,SAN ROMAN,ecmwf,pp,20260907,20261006,"00Z,12Z",D1,6h,0.131,0.569,0.496,230,1.0,0.667,0.333,18,0.7,0.462,0.438,10,S/D,1.0,0.0,0,S/D,S/D,S/D,0
472CF72C,JULIACA,PUNO,SAN ROMAN,gfs,pp,20260907,20261006,"00Z,12Z",D1,6h,0.384,1.734,0.476,230,0.944,0.75,0.246,18,0.5,0.737,0.208,10,S/D,1.0,0.0,0,S/D,S/D,S/D,0
472CF72C,JULIACA,PUNO,SAN ROMAN,eta5,pp,20260907,20261006,"00Z,12Z",D1,6h,0.42,1.42,0.545,186,0.941,0.619,0.372,17,0.9,0.609,0.375,10,S/D,1.0,0.0,0,S/D,S/D,S/D,0
472CF72C,JULIACA,PUNO,SAN ROMAN,wrf5,pp,20260907,20261006,"00Z,12Z",D1,6h,0.358,1.825,0.487,227,0.688,0.694,0.268,16,0.556,0.762,0.2,9,S/D,1.0,0.0,0,S/D,S/D,S/D,0
472CF72C,JULIACA,PUNO,SAN ROMAN,mpas15,pp,20260907,20261006,00Z,D1,6h,0.269,0.926,0.317,115,0.778,0.72,0.259,9,0.8,0.667,0.308,5,S/D,1.0,0.0,0,S/D,S/D,S/D,0
107142,BELLAVISTA,SAN MARTIN,BELLAVISTA,ecmwf,pp,20260907,20261006,"00Z,12Z",D1,6h,S/D,S/D,S/D,0,S/D,S/D,S/D,0,S/D,S/D,S/D,0,S/D,S/D,S/D,0,S/D,S/D,S/D,0
107142,BELLAVISTA,SAN MARTIN,BELLAVISTA,gfs,pp,20260907,20261006,"00Z,12Z",D1,6h,S/D,S/D,S/D,0,S/D,S/D,S/D,0,S/D,S/D,S/D,0,S/D,S/D,S/D,0,S/D,S/D,S/D,0
107142,BELLAVISTA,SAN MARTIN,BELLAVISTA,eta5,pp,20260907,20261006,"00Z,12Z",D1,6h,S/D,S/D,S/D,0,S/D,S/D,S/D,0,S/D,S/D,S/D,0,S/D,S/D,S/D,0,S/D,S/D,S/D,0
107142,BELLAVISTA,SAN MARTIN,BELLAVISTA,wrf5,pp,20260907,20261006,"00Z,12Z",D1,6h,S/D,S/D,S/D,0,S/D,S/D,S/D,0,S/D,S/D,S/D,0,S/D,S/D,S/D,0,S/D,S/D,S/D,0
107142,BELLAVISTA,SAN MARTIN,BELLAVISTA,mpas15,pp,20260907,20261006,00Z,D1,6h,S/D,S/D,S/D,0,S/D,S/D,S/D,0,S/D,S/D,S/D,0,S/D,S/D,S/D,0,S/D,S/D,S/D,0
210006,SHANAO,SAN MARTIN,LAMAS,ecmwf,pp,20260907,20261006,"00Z,12Z",D1,6h,S/D,S/D,S/D,0,S/D,S/D,S/D,0,S/D,S/D,S/D,0,S/D,S/D,S/D,0,S/D,S/D,S/D,0
210006,SHANAO,SAN MARTIN,LAMAS,gfs,pp,20260907,20261006,"00Z,12Z",D1,6h,S/D,S/D,S/D,0,S/D,S/D,S/D,0,S/D,S/D,S/D,0,S/D,S/D,S/D,0,S/D,S/D,S/D,0
210006,SHANAO,SAN MARTIN,LAMAS,eta5,pp,20260907,20261006,"00Z,12Z",D1,6h,S/D,S/D,S/D,0,S/D,S/D,S/D,0,S/D,S/D,S/D,0,S/D,S/D,S/D,0,S/D,S/D,S/D,0
210006,SHANAO,SAN MARTIN,LAMAS,wrf5,pp,20260907,20261006,"00Z,12Z",D1,6h,S/D,S/D,S/D,0,S/D,S/D,S/D,0,S/D,S/D,S/D,0,S/D,S/D,S/D,0,S/D,S/D,S/D,0
210006,SHANAO,SAN MARTIN,LAMAS,mpas15,pp,20260907,20261006,00Z,D1,6h,S/D,S/D,S/D,0,S/D,S/D,S/D,0,S/D,S/D,S/D,0,S/D,S/D,S/D,0,S/D,S/D,S/D,0
106144,JEPELACIO,SAN MARTIN,MOYOBAMBA,ecmwf,pp,20260907,20261006,"00Z,12Z",D1,6h,S/D,S/D,S/D,0,S/D,S/D,S/D,0,S/D,S/D,S/D,0,S/D,S/D,S/D,0,S/D,S/D,S/D,0
106144,JEPELACIO,SAN MARTIN,MOYOBAMBA,gfs,pp,20260907,20261006,"00Z,12Z",D1,6h,S/D,S/D,S/D,0,S/D,S/D,S/D,0,S/D,S/D,S/D,0,S/D,S/D,S/D,0,S/D,S/D,S/D,0
106144,JEPELACIO,SAN MARTIN,MOYOBAMBA,eta5,pp,20260907,20261006,"00Z,12Z",D1,6h,S/D,S/D,S/D,0,S/D,S/D,S/D,0,S/D,S/D,S/D,0,S/D,S/D,S/D,0,S/D,S/D,S/D,0
106144,JEPELACIO,SAN MARTIN,MOYOBAMBA,wrf5,pp,20260907,20261006,"00Z,12Z",D1,6h,S/D,S/D,S/D,0,S/D,S/D,S/D,0,S/D,S/D,S/D,0,S/D,S/D,S/D,0,S/D,S/D,S/D,0
106144,JEPELACIO,SAN MARTIN,MOYOBAMBA,mpas15,pp,20260907,20261006,00Z,D1,6h,S/D,S/D,S/D,0,S/D,S/D,S/D,0,S/D,S/D,S/D,0,S/D,S/D,S/D,0,S/D,S/D,S/D,0
106145,TINGO DE PONAZA,SAN MARTIN,PICOTA,ecmwf,pp,20260907,20261006,"00Z,12Z",D1,6h,S/D,S/D,S/D,0,S/D,S/D,S/D,0,S/D,S/D,S/D,0,S/D,S/D,S/D,0,S/D,S/D,S/D,0
106145,TINGO DE PONAZA,SAN MARTIN,PICOTA,gfs,pp,20260907,20261006,"00Z,12Z",D1,6h,S/D,S/D,S/D,0,S/D,S/D,S/D,0,S/D,S/D,S/D,0,S/D,S/D,S/D,0,S/D,S/D,S/D,0
106145,TINGO DE PONAZA,SAN MARTIN,PICOTA,eta5,pp,20260907,20261006,"00Z,12Z",D1,6h,S/D,S/D,S/D,0,S/D,S/D,S/D,0,S/D,S/D,S/D,0,S/D,S/D,S/D,0,S/D,S/D,S/D,0
106145,TINGO DE PONAZA,SAN MARTIN,PICOTA,wrf5,pp,20260907,20261006,"00Z,12Z",D1,6h,S/D,S/D,S/D,0,S/D,S/D,S/D,0,S/D,S/D,S/D,0,S/D,S/D,S/D,0,S/D,S/D,S/D,0
106145,TINGO DE PONAZA,SAN MARTIN,PICOTA,mpas15,pp,20260907,20261006,00Z,D1,6h,S/D,S/D,S/D,0,S/D,S/D,S/D,0,S/D,S/D,S/D,0,S/D,S/D,S/D,0,S/D,S/D,S/D,0
4724851A,NARANJILLO,SAN MARTIN,RIOJA,ecmwf,pp,20260907,20261006,"00Z,12Z",D1,6h,1.312,3.406,0.351,218,0.941,0.794,0.204,34,0.8,0.833,0.16,20,0.625,0.8,0.179,8,0.0,S/D,0.0,2
4724851A,NARANJILLO,SAN MARTIN,RIOJA,gfs,pp,20260907,20261006,"00Z,12Z",D1,6h,0.48,3.207,0.342,218,0.941,0.789,0.208,34,0.65,0.845,0.143,20,0.125,0.857,0.071,8,0.0,S/D,0.0,2
4724851A,NARANJILLO,SAN MARTIN,RIOJA,eta5,pp,20260907,20261006,"00Z,12Z",D1,6h,2.04,5.319,0.19,178,0.724,0.826,0.163,29,0.632,0.862,0.128,19,0.5,0.882,0.105,8,0.0,1.0,0.0,2
4724851A,NARANJILLO,SAN MARTIN,RIOJA,wrf5,pp,20260907,20261006,"00Z,12Z",D1,6h,0.342,4.507,0.381,215,0.706,0.631,0.32,34,0.45,0.757,0.188,20,0.0,1.0,0.0,8,0.0,1.0,0.0,2
4724851A,NARANJILLO,SAN MARTIN,RIOJA,mpas15,pp,20260907,20261006,00Z,D1,6h,1.303,2.96,0.352,109,0.882,0.741,0.25,17,0.8,0.83,0.163,10,0.75,0.842,0.15,4,0.0,S/D,0.0,1
4723013A,EL PORVENIR,SAN MARTIN,SAN MARTIN,ecmwf,pp,20260907,20261006,"00Z,12Z",D1,6h,1.658,4.999,0.45,200,1.0,0.807,0.193,22,0.875,0.8,0.194,16,1.0,0.789,0.211,4,S/D,1.0,0.0,0
4723013A,EL PORVENIR,SAN MARTIN,SAN MARTIN,gfs,pp,20260907,20261006,"00Z,12Z",D1,6h,0.824,2.647,0.389,200,0.818,0.802,0.189,22,0.875,0.759,0.233,16,1.0,0.692,0.308,4,S/D,1.0,0.0,0
4723013A,EL PORVENIR,SAN MARTIN,SAN MARTIN,eta5,pp,20260907,20261006,"00Z,12Z",D1,6h,1.991,4.862,0.336,171,0.833,0.835,0.16,18,0.846,0.847,0.149,13,0.75,0.889,0.107,4,S/D,1.0,0.0,0
4723013A,EL PORVENIR,SAN MARTIN,SAN MARTIN,wrf5,pp,20260907,20261006,"00Z,12Z",D1,6h,-0.04,2.566,0.441,197,0.5,0.593,0.289,22,0.438,0.5,0.304,16,0.5,0.5,0.333,4,S/D,S/D,S/D,0
4723013A,EL PORVENIR,SAN MARTIN,SAN MARTIN,mpas15,pp,20260907,20261006,00Z,D1,6h,0.973,2.37,0.384,100,0.909,0.737,0.256,11,0.875,0.774,0.219,8,1.0,0.818,0.182,2,S/D,1.0,0.0,0
47E2E456,TOCACHE,SAN MARTIN,TOCACHE,ecmwf,pp,20260907,20261006,"00Z,12Z",D1,6h,1.354,3.047,0.32,228,0.958,0.845,0.154,24,S/D,1.0,0.0,0,S/D,1.0,0.0,0,S/D,S/D,S/D,0
47E2E456,TOCACHE,SAN MARTIN,TOCACHE,gfs,pp,20260907,20261006,"00Z,12Z",D1,6h,1.61,2.884,0.246,228,1.0,0.854,0.146,24,S/D,1.0,0.0,0,S/D,1.0,0.0,0,S/D,S/D,S/D,0
47E2E456,TOCACHE,SAN MARTIN,TOCACHE,eta5,pp,20260907,20261006,"00Z,12Z",D1,6h,3.745,6.403,0.16,186,0.762,0.866,0.129,21,S/D,1.0,0.0,0,S/D,1.0,0.0,0,S/D,S/D,S/D,0
47E2E456,TOCACHE,SAN MARTIN,TOCACHE,wrf5,pp,20260907,20261006,"00Z,12Z",D1,6h,1.415,5.434,0.282,224,0.609,0.77,0.2,23,S/D,1.0,0.0,0,S/D,1.0,0.0,0,S/D,1.0,0.0,0
47E2E456,TOCACHE,SAN MARTIN,TOCACHE,mpas15,pp,20260907,20261006,00Z,D1,6h,2.489,4.535,0.338,114,1.0,0.836,0.164,12,S/D,1.0,0.0,0,S/D,1.0,0.0,0,S/D,S/D,S/D,0
47E2C2BA,CANDARAVE,TACNA,CANDARAVE,ecmwf,pp,20260907,20261006,"00Z,12Z",D1,6h,0.032,0.185,0.228,234,1.0,0.778,0.222,2,S/D,1.0,0.0,0,S/D,S/D,S/D,0,S/D,S/D,S/D,0
47E2C2BA,CANDARAVE,TACNA,CANDARAVE,gfs,pp,20260907,20261006,"00Z,12Z",D1,6h,0.07,0.341,0.259,234,1.0,0.895,0.105,2,S/D,1.0,0.0,0,S/D,S/D,S/D,0,S/D,S/D,S/D,0
47E2C2BA,CANDARAVE,TACNA,CANDARAVE,eta5,pp,20260907,20261006,"00Z,12Z",D1,6h,0.047,0.35,0.432,189,1.0,0.714,0.286,2,S/D,1.0,0.0,0,S/D,S/D,S/D,0,S/D,S/D,S/D,0
47E2C2BA,CANDARAVE,TACNA,CANDARAVE,wrf5,pp,20260907,20261006,"00Z,12Z",D1,6h,0.031,0.299,-0.019,230,0.0,1.0,0.0,2,S/D,1.0,0.0,0,S/D,S/D,S/D,0,S/D,S/D,S/D,0
47E2C2BA,CANDARAVE,TACNA,CANDARAVE,mpas15,pp,20260907,20261006,00Z,D1,6h,0.037,0.232,-0.068,117,0.0,1.0,0.0,1,S/D,1.0,0.0,0,S/D,S/D,S/D,0,S/D,S/D,S/D,0
47E1654C,CORACHAY II,TACNA,CANDARAVE,ecmwf,pp,20260907,20261006,"00Z,12Z",D1,6h,0.116,0.423,0.222,234,0.75,0.903,0.094,4,S/D,1.0,0.0,0,S/D,S/D,S/D,0,S/D,S/D,S/D,0
47E1654C,CORACHAY II,TACNA,CANDARAVE,gfs,pp,20260907,20261006,"00Z,12Z",D1,6h,0.155,0.638,0.34,234,1.0,0.882,0.118,4,S/D,1.0,0.0,0,S/D,1.0,0.0,0,S/D,S/D,S/D,0
47E1654C,CORACHAY II,TACNA,CANDARAVE,eta5,pp,20260907,20261006,"00Z,12Z",D1,6h,0.077,0.409,0.365,189,1.0,0.7,0.3,3,S/D,1.0,0.0,0,S/D,S/D,S/D,0,S/D,S/D,S/D,0
47E1654C,CORACHAY II,TACNA,CANDARAVE,wrf5,pp,20260907,20261006,"00Z,12Z",D1,6h,0.084,0.516,0.386,230,0.75,0.769,0.214,4,S/D,1.0,0.0,0,S/D,1.0,0.0,0,S/D,S/D,S/D,0
47E1654C,CORACHAY II,TACNA,CANDARAVE,mpas15,pp,20260907,20261006,00Z,D1,6h,0.084,0.351,0.072,117,0.5,0.9,0.091,2,S/D,1.0,0.0,0,S/D,S/D,S/D,0,S/D,S/D,S/D,0
47E12646,LAGUNA ARICOTA,TACNA,CANDARAVE,ecmwf,pp,20260907,20261006,"00Z,12Z",D1,6h,0.031,0.184,S/D,236,S/D,1.0,0.0,0,S/D,1.0,0.0,0,S/D,S/D,S/D,0,S/D,S/D,S/D,0
47E12646,LAGUNA ARICOTA,TACNA,CANDARAVE,gfs,pp,20260907,20261006,"00Z,12Z",D1,6h,0.074,0.352,S/D,236,S/D,1.0,0.0,0,S/D,1.0,0.0,0,S/D,S/D,S/D,0,S/D,S/D,S/D,0
47E12646,LAGUNA ARICOTA,TACNA,CANDARAVE,eta5,pp,20260907,20261006,"00Z,12Z",D1,6h,0.011,0.084,S/D,191,S/D,1.0,0.0,0,S/D,S/D,S/D,0,S/D,S/D,S/D,0,S/D,S/D,S/D,0
47E12646,LAGUNA ARICOTA,TACNA,CANDARAVE,wrf5,pp,20260907,20261006,"00Z,12Z",D1,6h,0.027,0.264,S/D,232,S/D,1.0,0.0,0,S/D,1.0,0.0,0,S/D,S/D,S/D,0,S/D,S/D,S/D,0
47E12646,LAGUNA ARICOTA,TACNA,CANDARAVE,mpas15,pp,20260907,20261006,00Z,D1,6h,0.008,0.092,S/D,118,S/D,1.0,0.0,0,S/D,1.0,0.0,0,S/D,S/D,S/D,0,S/D,S/D,S/D,0
47E186BE,PUENTE VIEJO,TACNA,JORGE BASADRE,ecmwf,pp,20260907,20261006,"00Z,12Z",D1,6h,-0.321,2.126,0.026,232,0.167,0.833,0.091,30,0.0,S/D,0.0,12,0.0,S/D,0.0,4,S/D,S/D,S/D,0
47E186BE,PUENTE VIEJO,TACNA,JORGE BASADRE,gfs,pp,20260907,20261006,"00Z,12Z",D1,6h,-0.355,2.13,0.174,232,0.0,S/D,0.0,30,0.0,S/D,0.0,12,0.0,S/D,0.0,4,S/D,S/D,S/D,0
47E186BE,PUENTE VIEJO,TACNA,JORGE BASADRE,eta5,pp,20260907,20261006,"00Z,12Z",D1,6h,-0.293,1.757,-0.041,188,0.0,S/D,0.0,26,0.0,S/D,0.0,9,0.0,S/D,0.0,3,S/D,S/D,S/D,0
47E186BE,PUENTE VIEJO,TACNA,JORGE BASADRE,wrf5,pp,20260907,20261006,"00Z,12Z",D1,6h,-0.358,2.144,0.018,229,0.0,1.0,0.0,30,0.0,S/D,0.0,12,0.0,S/D,0.0,4,S/D,S/D,S/D,0
47E186BE,PUENTE VIEJO,TACNA,JORGE BASADRE,mpas15,pp,20260907,20261006,00Z,D1,6h,-0.344,2.132,-0.029,116,0.0,1.0,0.0,15,0.0,S/D,0.0,6,0.0,S/D,0.0,2,S/D,S/D,S/D,0
47E2B42A,BOCATOMA EL AYRO,TACNA,TACNA,ecmwf,pp,20260907,20261006,"00Z,12Z",D1,6h,0.067,0.354,0.285,234,0.833,0.821,0.172,6,0.0,1.0,0.0,2,S/D,S/D,S/D,0,S/D,S/D,S/D,0
47E2B42A,BOCATOMA EL AYRO,TACNA,TACNA,gfs,pp,20260907,20261006,"00Z,12Z",D1,6h,0.193,0.867,0.432,234,1.0,0.778,0.222,6,1.0,0.833,0.167,2,S/D,1.0,0.0,0,S/D,S/D,S/D,0
47E2B42A,BOCATOMA EL AYRO,TACNA,TACNA,eta5,pp,20260907,20261006,"00Z,12Z",D1,6h,0.127,0.582,0.415,189,1.0,0.692,0.308,4,1.0,0.75,0.25,2,S/D,S/D,S/D,0,S/D,S/D,S/D,0
47E2B42A,BOCATOMA EL AYRO,TACNA,TACNA,wrf5,pp,20260907,20261006,"00Z,12Z",D1,6h,0.075,0.629,0.511,230,1.0,0.667,0.333,6,0.5,0.8,0.167,2,S/D,1.0,0.0,0,S/D,S/D,S/D,0
47E2B42A,BOCATOMA EL AYRO,TACNA,TACNA,mpas15,pp,20260907,20261006,00Z,D1,6h,0.108,0.671,0.309,117,1.0,0.5,0.5,3,1.0,0.8,0.2,1,S/D,1.0,0.0,0,S/D,S/D,S/D,0
47E143A0,CAPLINA,TACNA,TACNA,ecmwf,pp,20260907,20261006,"00Z,12Z",D1,6h,0.003,0.066,0.382,228,0.5,0.5,0.333,6,S/D,S/D,S/D,0,S/D,S/D,S/D,0,S/D,S/D,S/D,0
47E143A0,CAPLINA,TACNA,TACNA,gfs,pp,20260907,20261006,"00Z,12Z",D1,6h,0.056,0.291,0.53,228,0.833,0.615,0.357,6,S/D,1.0,0.0,0,S/D,S/D,S/D,0,S/D,S/D,S/D,0
47E143A0,CAPLINA,TACNA,TACNA,eta5,pp,20260907,20261006,"00Z,12Z",D1,6h,0.067,0.454,0.464,186,0.75,0.625,0.333,4,S/D,1.0,0.0,0,S/D,1.0,0.0,0,S/D,S/D,S/D,0
47E143A0,CAPLINA,TACNA,TACNA,wrf5,pp,20260907,20261006,"00Z,12Z",D1,6h,0.088,0.53,0.605,224,0.833,0.615,0.357,6,S/D,1.0,0.0,0,S/D,1.0,0.0,0,S/D,S/D,S/D,0
47E143A0,CAPLINA,TACNA,TACNA,mpas15,pp,20260907,20261006,00Z,D1,6h,0.036,0.239,0.271,114,0.667,0.333,0.5,3,S/D,1.0,0.0,0,S/D,S/D,S/D,0,S/D,S/D,S/D,0
47E13530,CERRO BLANCO,TACNA,TACNA,ecmwf,pp,20260907,20261006,"00Z,12Z",D1,6h,-0.083,0.24,0.581,232,0.227,0.167,0.217,44,0.0,S/D,0.0,2,S/D,S/D,S/D,0,S/D,S/D,S/D,0
47E13530,CERRO BLANCO,TACNA,TACNA,gfs,pp,20260907,20261006,"00Z,12Z",D1,6h,-0.099,0.268,-0.032,232,0.0,S/D,0.0,44,0.0,S/D,0.0,2,S/D,S/D,S/D,0,S/D,S/D,S/D,0
47E13530,CERRO BLANCO,TACNA,TACNA,eta5,pp,20260907,20261006,"00Z,12Z",D1,6h,-0.102,0.275,S/D,188,0.0,S/D,0.0,38,0.0,S/D,0.0,2,S/D,S/D,S/D,0,S/D,S/D,S/D,0
47E13530,CERRO BLANCO,TACNA,TACNA,wrf5,pp,20260907,20261006,"00Z,12Z",D1,6h,-0.098,0.269,0.39,228,0.0,1.0,0.0,44,0.0,S/D,0.0,2,S/D,S/D,S/D,0,S/D,S/D,S/D,0
47E13530,CERRO BLANCO,TACNA,TACNA,mpas15,pp,20260907,20261006,00Z,D1,6h,-0.099,0.268,-0.078,116,0.0,S/D,0.0,22,0.0,S/D,0.0,1,S/D,S/D,S/D,0,S/D,S/D,S/D,0
47E195C8,CHALLATA,TACNA,TACNA,ecmwf,pp,20260907,20261006,"00Z,12Z",D1,6h,0.011,0.069,S/D,230,S/D,1.0,0.0,0,S/D,S/D,S/D,0,S/D,S/D,S/D,0,S/D,S/D,S/D,0
47E195C8,CHALLATA,TACNA,TACNA,gfs,pp,20260907,20261006,"00Z,12Z",D1,6h,0.064,0.316,S/D,230,S/D,1.0,0.0,0,S/D,1.0,0.0,0,S/D,S/D,S/D,0,S/D,S/D,S/D,0
47E195C8,CHALLATA,TACNA,TACNA,eta5,pp,20260907,20261006,"00Z,12Z",D1,6h,0.024,0.272,S/D,187,S/D,1.0,0.0,0,S/D,1.0,0.0,0,S/D,S/D,S/D,0,S/D,S/D,S/D,0
47E195C8,CHALLATA,TACNA,TACNA,wrf5,pp,20260907,20261006,"00Z,12Z",D1,6h,0.004,0.044,S/D,226,S/D,1.0,0.0,0,S/D,S/D,S/D,0,S/D,S/D,S/D,0,S/D,S/D,S/D,0
47E195C8,CHALLATA,TACNA,TACNA,mpas15,pp,20260907,20261006,00Z,D1,6h,0.0,0.0,S/D,115,S/D,S/D,S/D,0,S/D,S/D,S/D,0,S/D,S/D,S/D,0,S/D,S/D,S/D,0
4722F344,LA TRANCA,TACNA,TACNA,ecmwf,pp,20260907,20261006,"00Z,12Z",D1,6h,S/D,S/D,S/D,0,S/D,S/D,S/D,0,S/D,S/D,S/D,0,S/D,S/D,S/D,0,S/D,S/D,S/D,0
4722F344,LA TRANCA,TACNA,TACNA,gfs,pp,20260907,20261006,"00Z,12Z",D1,6h,S/D,S/D,S/D,0,S/D,S/D,S/D,0,S/D,S/D,S/D,0,S/D,S/D,S/D,0,S/D,S/D,S/D,0
4722F344,LA TRANCA,TACNA,TACNA,eta5,pp,20260907,20261006,"00Z,12Z",D1,6h,S/D,S/D,S/D,0,S/D,S/D,S/D,0,S/D,S/D,S/D,0,S/D,S/D,S/D,0,S/D,S/D,S/D,0
4722F344,LA TRANCA,TACNA,TACNA,wrf5,pp,20260907,20261006,"00Z,12Z",D1,6h,S/D,S/D,S/D,0,S/D,S/D,S/D,0,S/D,S/D,S/D,0,S/D,S/D,S/D,0,S/D,S/D,S/D,0
4722F344,LA TRANCA,TACNA,TACNA,mpas15,pp,20260907,20261006,00Z,D1,6h,S/D,S/D,S/D,0,S/D,S/D,S/D,0,S/D,S/D,S/D,0,S/D,S/D,S/D,0,S/D,S/D,S/D,0
47E113DC,REPRESA PAUCARANI,TACNA,TACNA,ecmwf,pp,20260907,20261006,"00Z,12Z",D1,6h,0.074,0.327,0.333,232,0.625,0.8,0.179,8,S/D,1.0,0.0,0,S/D,S/D,S/D,0,S/D,S/D,S/D,0
47E113DC,REPRESA PAUCARANI,TACNA,TACNA,gfs,pp,20260907,20261006,"00Z,12Z",D1,6h,0.14,0.681,0.367,232,0.75,0.739,0.24,8,S/D,1.0,0.0,0,S/D,1.0,0.0,0,S/D,S/D,S/D,0
47E113DC,REPRESA PAUCARANI,TACNA,TACNA,eta5,pp,20260907,20261006,"00Z,12Z",D1,6h,0.117,0.585,0.316,188,0.667,0.789,0.19,6,S/D,1.0,0.0,0,S/D,1.0,0.0,0,S/D,S/D,S/D,0
47E113DC,REPRESA PAUCARANI,TACNA,TACNA,wrf5,pp,20260907,20261006,"00Z,12Z",D1,6h,0.117,0.818,0.452,228,0.625,0.688,0.263,8,S/D,1.0,0.0,0,S/D,1.0,0.0,0,S/D,S/D,S/D,0
47E113DC,REPRESA PAUCARANI,TACNA,TACNA,mpas15,pp,20260907,20261006,00Z,D1,6h,0.028,0.211,0.267,116,0.5,0.333,0.4,4,S/D,1.0,0.0,0,S/D,S/D,S/D,0,S/D,S/D,S/D,0
117059,ANCOAQUE,TACNA,TARATA,ecmwf,pp,20260907,20261006,"00Z,12Z",D1,6h,0.069,0.357,0.242,178,0.667,0.714,0.25,6,S/D,1.0,0.0,0,S/D,S/D,S/D,0,S/D,S/D,S/D,0
117059,ANCOAQUE,TACNA,TARATA,gfs,pp,20260907,20261006,"00Z,12Z",D1,6h,0.146,0.704,0.306,178,0.667,0.818,0.167,6,S/D,1.0,0.0,0,S/D,1.0,0.0,0,S/D,S/D,S/D,0
117059,ANCOAQUE,TACNA,TARATA,eta5,pp,20260907,20261006,"00Z,12Z",D1,6h,0.087,0.408,0.27,143,0.6,0.727,0.231,5,S/D,1.0,0.0,0,S/D,S/D,S/D,0,S/D,S/D,S/D,0
117059,ANCOAQUE,TACNA,TARATA,wrf5,pp,20260907,20261006,"00Z,12Z",D1,6h,0.119,0.859,0.35,175,0.667,0.692,0.267,6,S/D,1.0,0.0,0,S/D,1.0,0.0,0,S/D,S/D,S/D,0
117059,ANCOAQUE,TACNA,TARATA,mpas15,pp,20260907,20261006,00Z,D1,6h,0.276,0.923,0.306,89,1.0,0.727,0.273,3,S/D,1.0,0.0,0,S/D,1.0,0.0,0,S/D,S/D,S/D,0
47E292C6,CHUAPALCA,TACNA,TARATA,ecmwf,pp,20260907,20261006,"00Z,12Z",D1,6h,0.07,0.388,0.293,230,1.0,0.818,0.182,4,S/D,1.0,0.0,0,S/D,S/D,S/D,0,S/D,S/D,S/D,0
47E292C6,CHUAPALCA,TACNA,TARATA,gfs,pp,20260907,20261006,"00Z,12Z",D1,6h,0.212,0.886,0.347,230,1.0,0.867,0.133,4,S/D,1.0,0.0,0,S/D,1.0,0.0,0,S/D,S/D,S/D,0
47E292C6,CHUAPALCA,TACNA,TARATA,eta5,pp,20260907,20261006,"00Z,12Z",D1,6h,0.164,0.675,0.369,185,1.0,0.824,0.176,3,S/D,1.0,0.0,0,S/D,S/D,S/D,0,S/D,S/D,S/D,0
47E292C6,CHUAPALCA,TACNA,TARATA,wrf5,pp,20260907,20261006,"00Z,12Z",D1,6h,0.091,0.46,0.392,226,1.0,0.8,0.2,4,S/D,1.0,0.0,0,S/D,S/D,S/D,0,S/D,S/D,S/D,0
47E292C6,CHUAPALCA,TACNA,TARATA,mpas15,pp,20260907,20261006,00Z,D1,6h,0.229,0.773,0.228,115,1.0,0.875,0.125,2,S/D,1.0,0.0,0,S/D,1.0,0.0,0,S/D,S/D,S/D,0
47E150D6,PUENTE TALAPALCA,TACNA,TARATA,ecmwf,pp,20260907,20261006,"00Z,12Z",D1,6h,0.006,0.034,S/D,228,S/D,1.0,0.0,0,S/D,S/D,S/D,0,S/D,S/D,S/D,0,S/D,S/D,S/D,0
47E150D6,PUENTE TALAPALCA,TACNA,TARATA,gfs,pp,20260907,20261006,"00Z,12Z",D1,6h,0.012,0.074,S/D,228,S/D,1.0,0.0,0,S/D,S/D,S/D,0,S/D,S/D,S/D,0,S/D,S/D,S/D,0
47E150D6,PUENTE TALAPALCA,TACNA,TARATA,eta5,pp,20260907,20261006,"00Z,12Z",D1,6h,0.031,0.222,S/D,185,S/D,1.0,0.0,0,S/D,1.0,0.0,0,S/D,S/D,S/D,0,S/D,S/D,S/D,0
47E150D6,PUENTE TALAPALCA,TACNA,TARATA,wrf5,pp,20260907,20261006,"00Z,12Z",D1,6h,0.005,0.042,S/D,224,S/D,1.0,0.0,0,S/D,S/D,S/D,0,S/D,S/D,S/D,0,S/D,S/D,S/D,0
47E150D6,PUENTE TALAPALCA,TACNA,TARATA,mpas15,pp,20260907,20261006,00Z,D1,6h,0.026,0.162,S/D,114,S/D,1.0,0.0,0,S/D,1.0,0.0,0,S/D,S/D,S/D,0,S/D,S/D,S/D,0
47E1B324,REPRESA JARUMAS,TACNA,TARATA,ecmwf,pp,20260907,20261006,"00Z,12Z",D1,6h,0.078,0.434,0.14,234,0.375,0.824,0.136,8,S/D,1.0,0.0,0,S/D,S/D,S/D,0,S/D,S/D,S/D,0
47E1B324,REPRESA JARUMAS,TACNA,TARATA,gfs,pp,20260907,20261006,"00Z,12Z",D1,6h,0.144,0.716,0.186,234,0.5,0.857,0.125,8,S/D,1.0,0.0,0,S/D,1.0,0.0,0,S/D,S/D,S/D,0
47E1B324,REPRESA JARUMAS,TACNA,TARATA,eta5,pp,20260907,20261006,"00Z,12Z",D1,6h,0.112,0.553,0.174,190,0.429,0.812,0.15,7,S/D,1.0,0.0,0,S/D,S/D,S/D,0,S/D,S/D,S/D,0
47E1B324,REPRESA JARUMAS,TACNA,TARATA,wrf5,pp,20260907,20261006,"00Z,12Z",D1,6h,0.12,0.773,0.242,230,0.375,0.786,0.158,8,S/D,1.0,0.0,0,S/D,1.0,0.0,0,S/D,S/D,S/D,0
47E1B324,REPRESA JARUMAS,TACNA,TARATA,mpas15,pp,20260907,20261006,00Z,D1,6h,0.056,0.302,0.148,117,0.25,0.857,0.1,4,S/D,1.0,0.0,0,S/D,S/D,S/D,0,S/D,S/D,S/D,0
47E1763A,SALIDA TUNEL KOVIRE,TACNA,TARATA,ecmwf,pp,20260907,20261006,"00Z,12Z",D1,6h,0.069,0.392,0.386,234,0.75,0.647,0.316,8,S/D,1.0,0.0,0,S/D,S/D,S/D,0,S/D,S/D,S/D,0
47E1763A,SALIDA TUNEL KOVIRE,TACNA,TARATA,gfs,pp,20260907,20261006,"00Z,12Z",D1,6h,0.136,0.663,0.488,234,1.0,0.714,0.286,8,S/D,1.0,0.0,0,S/D,1.0,0.0,0,S/D,S/D,S/D,0
47E1763A,SALIDA TUNEL KOVIRE,TACNA,TARATA,eta5,pp,20260907,20261006,"00Z,12Z",D1,6h,0.107,0.56,0.446,189,1.0,0.688,0.312,5,S/D,1.0,0.0,0,S/D,1.0,0.0,0,S/D,S/D,S/D,0
47E1763A,SALIDA TUNEL KOVIRE,TACNA,TARATA,wrf5,pp,20260907,20261006,"00Z,12Z",D1,6h,0.11,0.726,0.538,230,0.875,0.5,0.467,8,S/D,1.0,0.0,0,S/D,1.0,0.0,0,S/D,S/D,S/D,0
47E1763A,SALIDA TUNEL KOVIRE,TACNA,TARATA,mpas15,pp,20260907,20261006,00Z,D1,6h,0.065,0.324,0.309,117,0.75,0.571,0.375,4,S/D,1.0,0.0,0,S/D,S/D,S/D,0,S/D,S/D,S/D,0
47E2D1CC,TARATA,TACNA,TARATA,ecmwf,pp,20260907,20261006,"00Z,12Z",D1,6h,0.022,0.196,0.572,234,0.5,0.545,0.312,10,0.5,0.667,0.25,2,S/D,S/D,S/D,0,S/D,S/D,S/D,0
47E2D1CC,TARATA,TACNA,TARATA,gfs,pp,20260907,20261006,"00Z,12Z",D1,6h,0.08,0.407,0.566,234,0.8,0.6,0.364,10,1.0,0.75,0.25,2,S/D,S/D,S/D,0,S/D,S/D,S/D,0
47E2D1CC,TARATA,TACNA,TARATA,eta5,pp,20260907,20261006,"00Z,12Z",D1,6h,0.056,0.408,0.562,189,0.714,0.444,0.455,7,0.0,1.0,0.0,1,S/D,S/D,S/D,0,S/D,S/D,S/D,0
47E2D1CC,TARATA,TACNA,TARATA,wrf5,pp,20260907,20261006,"00Z,12Z",D1,6h,0.025,0.256,0.655,230,0.4,0.333,0.333,10,0.0,1.0,0.0,2,S/D,S/D,S/D,0,S/D,S/D,S/D,0
47E2D1CC,TARATA,TACNA,TARATA,mpas15,pp,20260907,20261006,00Z,D1,6h,0.063,0.294,0.403,117,1.0,0.167,0.833,5,1.0,0.8,0.2,1,S/D,S/D,S/D,0,S/D,S/D,S/D,0
47E2A75C,VILACOTA,TACNA,TARATA,ecmwf,pp,20260907,20261006,"00Z,12Z",D1,6h,0.118,0.435,0.269,236,1.0,0.867,0.133,4,S/D,1.0,0.0,0,S/D,S/D,S/D,0,S/D,S/D,S/D,0
47E2A75C,VILACOTA,TACNA,TARATA,gfs,pp,20260907,20261006,"00Z,12Z",D1,6h,0.197,0.837,0.317,236,1.0,0.857,0.143,4,S/D,1.0,0.0,0,S/D,1.0,0.0,0,S/D,S/D,S/D,0
47E2A75C,VILACOTA,TACNA,TARATA,eta5,pp,20260907,20261006,"00Z,12Z",D1,6h,0.106,0.509,0.358,192,1.0,0.75,0.25,4,S/D,1.0,0.0,0,S/D,S/D,S/D,0,S/D,S/D,S/D,0
47E2A75C,VILACOTA,TACNA,TARATA,wrf5,pp,20260907,20261006,"00Z,12Z",D1,6h,0.082,0.549,0.325,232,1.0,0.765,0.235,4,S/D,1.0,0.0,0,S/D,1.0,0.0,0,S/D,S/D,S/D,0
47E2A75C,VILACOTA,TACNA,TARATA,mpas15,pp,20260907,20261006,00Z,D1,6h,0.361,1.18,0.242,118,1.0,0.882,0.118,2,S/D,1.0,0.0,0,S/D,1.0,0.0,0,S/D,S/D,S/D,0
472F13D0,CAÑAVERAL,TUMBES,CONTRALMIRANTE VILLAR,ecmwf,pp,20260907,20261006,"00Z,12Z",D1,6h,-0.355,6.668,0.321,234,0.688,0.823,0.164,16,0.9,0.609,0.375,10,0.375,0.0,0.375,8,0.0,S/D,0.0,2
472F13D0,CAÑAVERAL,TUMBES,CONTRALMIRANTE VILLAR,gfs,pp,20260907,20261006,"00Z,12Z",D1,6h,-0.546,6.653,0.337,234,0.688,0.823,0.164,16,0.9,0.5,0.474,10,0.375,0.0,0.375,8,0.0,S/D,0.0,2
472F13D0,CAÑAVERAL,TUMBES,CONTRALMIRANTE VILLAR,eta5,pp,20260907,20261006,"00Z,12Z",D1,6h,0.359,5.958,0.106,190,0.667,0.919,0.078,9,0.6,0.929,0.068,5,0.2,0.857,0.091,5,0.0,S/D,0.0,1
472F13D0,CAÑAVERAL,TUMBES,CONTRALMIRANTE VILLAR,wrf5,pp,20260907,20261006,"00Z,12Z",D1,6h,-0.77,6.934,0.317,230,0.562,0.69,0.25,16,0.4,0.429,0.308,10,0.0,S/D,0.0,8,0.0,S/D,0.0,2
472F13D0,CAÑAVERAL,TUMBES,CONTRALMIRANTE VILLAR,mpas15,pp,20260907,20261006,00Z,D1,6h,-0.724,6.887,0.253,117,0.375,0.769,0.167,8,0.2,0.833,0.1,5,0.0,S/D,0.0,4,0.0,S/D,0.0,1
47E01126,CABO INGA H,TUMBES,TUMBES,ecmwf,pp,20260907,20261006,"00Z,12Z",D1,6h,-0.619,5.826,0.408,228,0.692,0.617,0.327,52,0.727,0.619,0.333,22,0.357,0.375,0.294,14,0.0,S/D,0.0,4
47E01126,CABO INGA H,TUMBES,TUMBES,gfs,pp,20260907,20261006,"00Z,12Z",D1,6h,-0.906,5.984,0.423,228,0.635,0.602,0.324,52,0.5,0.621,0.275,22,0.286,0.2,0.267,14,0.0,S/D,0.0,4
47E01126,CABO INGA H,TUMBES,TUMBES,eta5,pp,20260907,20261006,"00Z,12Z",D1,6h,0.869,5.81,0.226,185,0.65,0.717,0.245,40,0.647,0.845,0.143,17,0.4,0.846,0.125,10,0.0,S/D,0.0,2
47E01126,CABO INGA H,TUMBES,TUMBES,wrf5,pp,20260907,20261006,"00Z,12Z",D1,6h,-0.792,5.846,0.452,224,0.577,0.444,0.395,52,0.455,0.524,0.303,22,0.286,0.333,0.25,14,0.25,0.0,0.25,4
47E01126,CABO INGA H,TUMBES,TUMBES,mpas15,pp,20260907,20261006,00Z,D1,6h,-1.019,6.462,0.122,114,0.346,0.679,0.2,26,0.364,0.778,0.16,11,0.143,0.0,0.143,7,0.0,S/D,0.0,2
472F00A6,CABO INGA M,TUMBES,TUMBES,ecmwf,pp,20260907,20261006,"00Z,12Z",D1,6h,-0.885,6.587,0.441,234,0.731,0.604,0.345,52,0.708,0.605,0.34,24,0.375,0.333,0.316,16,0.0,S/D,0.0,4
472F00A6,CABO INGA M,TUMBES,TUMBES,gfs,pp,20260907,20261006,"00Z,12Z",D1,6h,-1.151,6.715,0.419,234,0.615,0.614,0.311,52,0.542,0.581,0.31,24,0.312,0.167,0.294,16,0.0,S/D,0.0,4
472F00A6,CABO INGA M,TUMBES,TUMBES,eta5,pp,20260907,20261006,"00Z,12Z",D1,6h,0.682,6.21,0.261,189,0.703,0.723,0.248,37,0.706,0.836,0.154,17,0.455,0.815,0.152,11,0.0,S/D,0.0,2
472F00A6,CABO INGA M,TUMBES,TUMBES,wrf5,pp,20260907,20261006,"00Z,12Z",D1,6h,-0.974,6.538,0.43,230,0.519,0.471,0.355,52,0.542,0.519,0.342,24,0.312,0.375,0.263,16,0.25,0.0,0.25,4
472F00A6,CABO INGA M,TUMBES,TUMBES,mpas15,pp,20260907,20261006,00Z,D1,6h,-1.308,7.25,0.146,117,0.346,0.679,0.2,26,0.333,0.778,0.154,12,0.125,0.0,0.125,8,0.0,S/D,0.0,2
472EF2D8,CAMPAMENTO SEDE,TUMBES,TUMBES,ecmwf,pp,20260907,20261006,"00Z,12Z",D1,6h,0.335,2.034,0.28,160,0.643,0.786,0.191,14,0.0,1.0,0.0,2,0.0,1.0,0.0,2,S/D,S/D,S/D,0
472EF2D8,CAMPAMENTO SEDE,TUMBES,TUMBES,gfs,pp,20260907,20261006,"00Z,12Z",D1,6h,-0.007,1.026,0.125,160,0.429,0.846,0.128,14,0.0,1.0,0.0,2,0.0,S/D,0.0,2,S/D,S/D,S/D,0
472EF2D8,CAMPAMENTO SEDE,TUMBES,TUMBES,eta5,pp,20260907,20261006,"00Z,12Z",D1,6h,1.171,3.626,0.108,125,0.6,0.872,0.118,10,1.0,0.962,0.038,1,0.0,1.0,0.0,1,S/D,S/D,S/D,0
472EF2D8,CAMPAMENTO SEDE,TUMBES,TUMBES,wrf5,pp,20260907,20261006,"00Z,12Z",D1,6h,-0.056,1.019,0.051,159,0.286,0.778,0.143,14,0.0,1.0,0.0,2,0.0,S/D,0.0,2,S/D,S/D,S/D,0
472EF2D8,CAMPAMENTO SEDE,TUMBES,TUMBES,mpas15,pp,20260907,20261006,00Z,D1,6h,0.108,1.3,0.174,80,0.429,0.75,0.188,7,1.0,0.833,0.167,1,0.0,1.0,0.0,1,S/D,S/D,S/D,0
4724A3F6,EL TIGRE,TUMBES,TUMBES,ecmwf,pp,20260907,20261006,"00Z,12Z",D1,6h,0.569,1.988,0.251,226,1.0,0.91,0.09,8,1.0,0.933,0.067,2,0.0,1.0,0.0,2,S/D,S/D,S/D,0
4724A3F6,EL TIGRE,TUMBES,TUMBES,gfs,pp,20260907,20261006,"00Z,12Z",D1,6h,0.165,0.733,0.203,226,0.625,0.926,0.07,8,1.0,0.867,0.133,2,0.0,1.0,0.0,2,S/D,S/D,S/D,0
4724A3F6,EL TIGRE,TUMBES,TUMBES,eta5,pp,20260907,20261006,"00Z,12Z",D1,6h,1.361,3.483,0.157,184,1.0,0.955,0.045,4,1.0,0.982,0.018,1,1.0,0.938,0.062,1,S/D,1.0,0.0,0
4724A3F6,EL TIGRE,TUMBES,TUMBES,wrf5,pp,20260907,20261006,"00Z,12Z",D1,6h,0.144,1.501,0.229,222,0.625,0.839,0.147,8,1.0,0.8,0.2,2,0.0,1.0,0.0,2,S/D,S/D,S/D,0
4724A3F6,EL TIGRE,TUMBES,TUMBES,mpas15,pp,20260907,20261006,00Z,D1,6h,0.23,0.994,0.238,113,0.5,0.909,0.083,4,0.0,1.0,0.0,1,0.0,S/D,0.0,1,S/D,S/D,S/D,0
472F43AC,HUASIMO,TUMBES,TUMBES,ecmwf,pp,20260907,20261006,"00Z,12Z",D1,6h,-0.339,5.897,0.435,232,0.773,0.642,0.324,44,0.727,0.636,0.32,22,0.417,0.444,0.312,12,0.0,S/D,0.0,2
472F43AC,HUASIMO,TUMBES,TUMBES,gfs,pp,20260907,20261006,"00Z,12Z",D1,6h,-0.622,5.754,0.369,232,0.636,0.663,0.283,44,0.591,0.567,0.333,22,0.417,0.167,0.385,12,0.0,S/D,0.0,2
472F43AC,HUASIMO,TUMBES,TUMBES,eta5,pp,20260907,20261006,"00Z,12Z",D1,6h,0.252,5.362,0.243,187,0.667,0.725,0.242,33,0.588,0.787,0.185,17,0.375,0.769,0.167,8,0.0,S/D,0.0,1
472F43AC,HUASIMO,TUMBES,TUMBES,wrf5,pp,20260907,20261006,"00Z,12Z",D1,6h,-0.822,6.031,0.334,228,0.341,0.651,0.208,44,0.545,0.294,0.444,22,0.25,0.0,0.25,12,0.0,1.0,0.0,2
472F43AC,HUASIMO,TUMBES,TUMBES,mpas15,pp,20260907,20261006,00Z,D1,6h,-0.977,6.272,0.1,116,0.182,0.826,0.098,22,0.182,0.833,0.095,11,0.0,S/D,0.0,6,0.0,S/D,0.0,1
47E024BC,PUENTE TUMBES,TUMBES,TUMBES,ecmwf,pp,20260907,20261006,"00Z,12Z",D1,6h,0.259,1.603,0.298,218,0.556,0.787,0.182,18,0.0,1.0,0.0,4,S/D,1.0,0.0,0,S/D,S/D,S/D,0
47E024BC,PUENTE TUMBES,TUMBES,TUMBES,gfs,pp,20260907,20261006,"00Z,12Z",D1,6h,-0.013,0.574,0.188,218,0.389,0.811,0.146,18,0.0,1.0,0.0,4,S/D,S/D,S/D,0,S/D,S/D,S/D,0
47E024BC,PUENTE TUMBES,TUMBES,TUMBES,eta5,pp,20260907,20261006,"00Z,12Z",D1,6h,1.145,3.302,0.081,177,0.615,0.896,0.098,13,0.667,0.944,0.054,3,S/D,1.0,0.0,0,S/D,S/D,S/D,0
47E024BC,PUENTE TUMBES,TUMBES,TUMBES,wrf5,pp,20260907,20261006,"00Z,12Z",D1,6h,-0.02,0.539,0.134,214,0.235,0.778,0.129,17,0.0,1.0,0.0,3,S/D,S/D,S/D,0,S/D,S/D,S/D,0
47E024BC,PUENTE TUMBES,TUMBES,TUMBES,mpas15,pp,20260907,20261006,00Z,D1,6h,0.15,1.157,0.147,109,0.333,0.769,0.158,9,0.5,0.857,0.125,2,S/D,1.0,0.0,0,S/D,S/D,S/D,0
103068,PUERTO PIZARRO,TUMBES,TUMBES,ecmwf,pp,20260907,20261006,"00Z,12Z",D1,6h,0.023,0.032,S/D,2,S/D,S/D,S/D,0,S/D,S/D,S/D,0,S/D,S/D,S/D,0,S/D,S/D,S/D,0
103068,PUERTO PIZARRO,TUMBES,TUMBES,gfs,pp,20260907,20261006,"00Z,12Z",D1,6h,0.094,0.133,S/D,2,S/D,1.0,0.0,0,S/D,S/D,S/D,0,S/D,S/D,S/D,0,S/D,S/D,S/D,0
103068,PUERTO PIZARRO,TUMBES,TUMBES,eta5,pp,20260907,20261006,"00Z,12Z",D1,6h,1.809,1.809,S/D,1,S/D,1.0,0.0,0,S/D,1.0,0.0,0,S/D,S/D,S/D,0,S/D,S/D,S/D,0
103068,PUERTO PIZARRO,TUMBES,TUMBES,wrf5,pp,20260907,20261006,"00Z,12Z",D1,6h,0.045,0.047,S/D,2,S/D,S/D,S/D,0,S/D,S/D,S/D,0,S/D,S/D,S/D,0,S/D,S/D,S/D,0
103068,PUERTO PIZARRO,TUMBES,TUMBES,mpas15,pp,20260907,20261006,00Z,D1,6h,0.0,0.0,S/D,1,S/D,S/D,S/D,0,S/D,S/D,S/D,0,S/D,S/D,S/D,0,S/D,S/D,S/D,0
472F264A,RICA PLAYA,TUMBES,TUMBES,ecmwf,pp,20260907,20261006,"00Z,12Z",D1,6h,0.308,1.8,0.333,234,0.818,0.804,0.188,22,0.667,0.733,0.235,12,0.5,0.5,0.333,6,S/D,S/D,S/D,0
472F264A,RICA PLAYA,TUMBES,TUMBES,gfs,pp,20260907,20261006,"00Z,12Z",D1,6h,-0.087,1.21,0.285,234,0.682,0.783,0.197,22,0.5,0.6,0.286,12,0.167,0.0,0.167,6,S/D,S/D,S/D,0
472F264A,RICA PLAYA,TUMBES,TUMBES,eta5,pp,20260907,20261006,"00Z,12Z",D1,6h,0.909,2.909,0.084,189,0.533,0.905,0.088,15,0.429,0.941,0.055,7,0.5,0.833,0.143,4,S/D,S/D,S/D,0
472F264A,RICA PLAYA,TUMBES,TUMBES,wrf5,pp,20260907,20261006,"00Z,12Z",D1,6h,-0.128,1.359,0.192,230,0.364,0.771,0.163,22,0.333,0.667,0.2,12,0.167,0.5,0.143,6,S/D,S/D,S/D,0
472F264A,RICA PLAYA,TUMBES,TUMBES,mpas15,pp,20260907,20261006,00Z,D1,6h,-0.015,1.628,0.284,117,0.455,0.783,0.172,11,0.333,0.846,0.118,6,0.0,S/D,0.0,3,S/D,S/D,S/D,0
472F353C,MATAPALO,TUMBES,ZARUMILLA,ecmwf,pp,20260907,20261006,"00Z,12Z",D1,6h,0.859,2.869,0.349,234,0.864,0.698,0.288,44,0.5,0.964,0.035,4,0.5,0.818,0.154,4,S/D,S/D,S/D,0
472F353C,MATAPALO,TUMBES,ZARUMILLA,gfs,pp,20260907,20261006,"00Z,12Z",D1,6h,0.258,1.821,0.214,234,0.659,0.772,0.204,44,0.5,0.949,0.049,4,0.5,0.0,0.5,4,S/D,S/D,S/D,0
472F353C,MATAPALO,TUMBES,ZARUMILLA,eta5,pp,20260907,20261006,"00Z,12Z",D1,6h,2.957,5.436,0.126,190,0.929,0.813,0.184,28,0.667,0.981,0.019,3,0.667,0.951,0.048,3,S/D,1.0,0.0,0
472F353C,MATAPALO,TUMBES,ZARUMILLA,wrf5,pp,20260907,20261006,"00Z,12Z",D1,6h,-0.108,2.793,0.197,230,0.273,0.667,0.176,44,0.0,1.0,0.0,4,0.0,1.0,0.0,4,S/D,S/D,S/D,0
472F353C,MATAPALO,TUMBES,ZARUMILLA,mpas15,pp,20260907,20261006,00Z,D1,6h,0.332,2.775,0.158,117,0.5,0.718,0.22,22,0.0,1.0,0.0,2,0.0,1.0,0.0,2,S/D,S/D,S/D,0
47E86310,CALLERIA,UCAYALI,CORONEL PORTILLO,ecmwf,pp,20260907,20261006,"00Z,12Z",D1,6h,S/D,S/D,S/D,0,S/D,S/D,S/D,0,S/D,S/D,S/D,0,S/D,S/D,S/D,0,S/D,S/D,S/D,0
47E86310,CALLERIA,UCAYALI,CORONEL PORTILLO,gfs,pp,20260907,20261006,"00Z,12Z",D1,6h,S/D,S/D,S/D,0,S/D,S/D,S/D,0,S/D,S/D,S/D,0,S/D,S/D,S/D,0,S/D,S/D,S/D,0
47E86310,CALLERIA,UCAYALI,CORONEL PORTILLO,eta5,pp,20260907,20261006,"00Z,12Z",D1,6h,S/D,S/D,S/D,0,S/D,S/D,S/D,0,S/D,S/D,S/D,0,S/D,S/D,S/D,0,S/D,S/D,S/D,0
47E86310,CALLERIA,UCAYALI,CORONEL PORTILLO,wrf5,pp,20260907,20261006,"00Z,12Z",D1,6h,S/D,S/D,S/D,0,S/D,S/D,S/D,0,S/D,S/D,S/D,0,S/D,S/D,S/D,0,S/D,S/D,S/D,0
47E86310,CALLERIA,UCAYALI,CORONEL PORTILLO,mpas15,pp,20260907,20261006,00Z,D1,6h,S/D,S/D,S/D,0,S/D,S/D,S/D,0,S/D,S/D,S/D,0,S/D,S/D,S/D,0,S/D,S/D,S/D,0
47E87066,PUERTO ESPERANZA,UCAYALI,PURUS,ecmwf,pp,20260907,20261006,"00Z,12Z",D1,6h,0.695,3.151,0.313,234,1.0,0.906,0.094,10,1.0,0.902,0.098,4,0.75,0.769,0.214,4,0.0,S/D,0.0,2
47E87066,PUERTO ESPERANZA,UCAYALI,PURUS,gfs,pp,20260907,20261006,"00Z,12Z",D1,6h,0.248,3.25,0.274,234,0.9,0.864,0.134,10,1.0,0.862,0.138,4,0.0,1.0,0.0,4,0.0,S/D,0.0,2
47E87066,PUERTO ESPERANZA,UCAYALI,PURUS,eta5,pp,20260907,20261006,"00Z,12Z",D1,6h,0.469,3.564,0.308,190,0.9,0.847,0.15,10,0.75,0.929,0.07,4,0.5,0.778,0.182,4,0.0,S/D,0.0,2
47E87066,PUERTO ESPERANZA,UCAYALI,PURUS,wrf5,pp,20260907,20261006,"00Z,12Z",D1,6h,-0.128,3.329,0.405,231,0.8,0.6,0.364,10,0.5,0.714,0.222,4,0.0,1.0,0.0,4,0.0,1.0,0.0,2
47E87066,PUERTO ESPERANZA,UCAYALI,PURUS,mpas15,pp,20260907,20261006,00Z,D1,6h,1.232,2.99,0.291,117,1.0,0.891,0.109,5,1.0,0.951,0.049,2,1.0,0.8,0.2,2,0.0,S/D,0.0,1
270001,DESAGUADERO,PUNO,CHUCUITO,ecmwf,pp,20260907,20261006,"00Z,12Z",D1,6h,S/D,S/D,S/D,0,S/D,S/D,S/D,0,S/D,S/D,S/D,0,S/D,S/D,S/D,0,S/D,S/D,S/D,0
270001,DESAGUADERO,PUNO,CHUCUITO,gfs,pp,20260907,20261006,"00Z,12Z",D1,6h,S/D,S/D,S/D,0,S/D,S/D,S/D,0,S/D,S/D,S/D,0,S/D,S/D,S/D,0,S/D,S/D,S/D,0
270001,DESAGUADERO,PUNO,CHUCUITO,eta5,pp,20260907,20261006,"00Z,12Z",D1,6h,S/D,S/D,S/D,0,S/D,S/D,S/D,0,S/D,S/D,S/D,0,S/D,S/D,S/D,0,S/D,S/D,S/D,0
270001,DESAGUADERO,PUNO,CHUCUITO,wrf5,pp,20260907,20261006,"00Z,12Z",D1,6h,S/D,S/D,S/D,0,S/D,S/D,S/D,0,S/D,S/D,S/D,0,S/D,S/D,S/D,0,S/D,S/D,S/D,0
270001,DESAGUADERO,PUNO,CHUCUITO,mpas15,pp,20260907,20261006,00Z,D1,6h,S/D,S/D,S/D,0,S/D,S/D,S/D,0,S/D,S/D,S/D,0,S/D,S/D,S/D,0,S/D,S/D,S/D,0
101004,GUEPPI,LORETO,PUTUMAYO,ecmwf,pp,20260907,20261006,"00Z,12Z",D1,6h,2.01,3.877,S/D,236,S/D,1.0,0.0,0,S/D,1.0,0.0,0,S/D,1.0,0.0,0,S/D,S/D,S/D,0
101004,GUEPPI,LORETO,PUTUMAYO,gfs,pp,20260907,20261006,"00Z,12Z",D1,6h,1.261,2.849,S/D,236,S/D,1.0,0.0,0,S/D,1.0,0.0,0,S/D,1.0,0.0,0,S/D,1.0,0.0,0
101004,GUEPPI,LORETO,PUTUMAYO,eta5,pp,20260907,20261006,"00Z,12Z",D1,6h,2.892,5.446,S/D,191,S/D,1.0,0.0,0,S/D,1.0,0.0,0,S/D,1.0,0.0,0,S/D,S/D,S/D,0
101004,GUEPPI,LORETO,PUTUMAYO,wrf5,pp,20260907,20261006,"00Z,12Z",D1,6h,0.566,2.376,S/D,232,S/D,1.0,0.0,0,S/D,1.0,0.0,0,S/D,1.0,0.0,0,S/D,1.0,0.0,0
101004,GUEPPI,LORETO,PUTUMAYO,mpas15,pp,20260907,20261006,00Z,D1,6h,1.928,4.184,S/D,118,S/D,1.0,0.0,0,S/D,1.0,0.0,0,S/D,1.0,0.0,0,S/D,S/D,S/D,0
