codigo,estacion,departamento,provincia,modelo,variable,periodo_inicio,periodo_fin,ciclos,horizonte,resolucion,bias,mae,rmse,spearman,n
472B55E0,PUENTE SALINAS AMOJAO,AMAZONAS,BAGUA,ecmwf,temp,20260827,20260925,"00Z,12Z",D1,3h,S/D,S/D,S/D,S/D,0
472B55E0,PUENTE SALINAS AMOJAO,AMAZONAS,BAGUA,gfs,temp,20260827,20260925,"00Z,12Z",D1,3h,S/D,S/D,S/D,S/D,0
472B55E0,PUENTE SALINAS AMOJAO,AMAZONAS,BAGUA,eta5,temp,20260827,20260925,"00Z,12Z",D1,3h,S/D,S/D,S/D,S/D,0
472B55E0,PUENTE SALINAS AMOJAO,AMAZONAS,BAGUA,wrf5,temp,20260827,20260925,"00Z,12Z",D1,3h,S/D,S/D,S/D,S/D,0
472B55E0,PUENTE SALINAS AMOJAO,AMAZONAS,BAGUA,mpas15,temp,20260827,20260925,00Z,D1,3h,S/D,S/D,S/D,S/D,0
472C57D4,BAGUA,AMAZONAS,UTCUBAMBA,ecmwf,temp,20260827,20260925,"00Z,12Z",D1,3h,-3.168,3.246,3.617,0.89,480
472C57D4,BAGUA,AMAZONAS,UTCUBAMBA,gfs,temp,20260827,20260925,"00Z,12Z",D1,3h,-3.163,3.273,3.608,0.918,480
472C57D4,BAGUA,AMAZONAS,UTCUBAMBA,eta5,temp,20260827,20260925,"00Z,12Z",D1,3h,-0.701,1.54,1.949,0.896,405
472C57D4,BAGUA,AMAZONAS,UTCUBAMBA,wrf5,temp,20260827,20260925,"00Z,12Z",D1,3h,0.887,1.618,2.072,0.899,472
472C57D4,BAGUA,AMAZONAS,UTCUBAMBA,mpas15,temp,20260827,20260925,00Z,D1,3h,-4.454,4.478,4.743,0.921,240
472B607A,CORRAL QUEMADO,AMAZONAS,UTCUBAMBA,ecmwf,temp,20260827,20260925,"00Z,12Z",D1,3h,S/D,S/D,S/D,S/D,0
472B607A,CORRAL QUEMADO,AMAZONAS,UTCUBAMBA,gfs,temp,20260827,20260925,"00Z,12Z",D1,3h,S/D,S/D,S/D,S/D,0
472B607A,CORRAL QUEMADO,AMAZONAS,UTCUBAMBA,eta5,temp,20260827,20260925,"00Z,12Z",D1,3h,S/D,S/D,S/D,S/D,0
472B607A,CORRAL QUEMADO,AMAZONAS,UTCUBAMBA,wrf5,temp,20260827,20260925,"00Z,12Z",D1,3h,S/D,S/D,S/D,S/D,0
472B607A,CORRAL QUEMADO,AMAZONAS,UTCUBAMBA,mpas15,temp,20260827,20260925,00Z,D1,3h,S/D,S/D,S/D,S/D,0
472B2370,MAGUNCHAL,AMAZONAS,UTCUBAMBA,ecmwf,temp,20260827,20260925,"00Z,12Z",D1,3h,S/D,S/D,S/D,S/D,0
472B2370,MAGUNCHAL,AMAZONAS,UTCUBAMBA,gfs,temp,20260827,20260925,"00Z,12Z",D1,3h,S/D,S/D,S/D,S/D,0
472B2370,MAGUNCHAL,AMAZONAS,UTCUBAMBA,eta5,temp,20260827,20260925,"00Z,12Z",D1,3h,S/D,S/D,S/D,S/D,0
472B2370,MAGUNCHAL,AMAZONAS,UTCUBAMBA,wrf5,temp,20260827,20260925,"00Z,12Z",D1,3h,S/D,S/D,S/D,S/D,0
472B2370,MAGUNCHAL,AMAZONAS,UTCUBAMBA,mpas15,temp,20260827,20260925,00Z,D1,3h,S/D,S/D,S/D,S/D,0
220907,NARANJITO,AMAZONAS,UTCUBAMBA,ecmwf,temp,20260827,20260925,"00Z,12Z",D1,3h,S/D,S/D,S/D,S/D,0
220907,NARANJITO,AMAZONAS,UTCUBAMBA,gfs,temp,20260827,20260925,"00Z,12Z",D1,3h,S/D,S/D,S/D,S/D,0
220907,NARANJITO,AMAZONAS,UTCUBAMBA,eta5,temp,20260827,20260925,"00Z,12Z",D1,3h,S/D,S/D,S/D,S/D,0
220907,NARANJITO,AMAZONAS,UTCUBAMBA,wrf5,temp,20260827,20260925,"00Z,12Z",D1,3h,S/D,S/D,S/D,S/D,0
220907,NARANJITO,AMAZONAS,UTCUBAMBA,mpas15,temp,20260827,20260925,00Z,D1,3h,S/D,S/D,S/D,S/D,0
109096,BUENA VISTA,ANCASH,CASMA,ecmwf,temp,20260827,20260925,"00Z,12Z",D1,3h,0.188,1.094,1.437,0.916,474
109096,BUENA VISTA,ANCASH,CASMA,gfs,temp,20260827,20260925,"00Z,12Z",D1,3h,-1.838,1.982,2.568,0.876,474
109096,BUENA VISTA,ANCASH,CASMA,eta5,temp,20260827,20260925,"00Z,12Z",D1,3h,-1.422,2.012,2.34,0.887,399
109096,BUENA VISTA,ANCASH,CASMA,wrf5,temp,20260827,20260925,"00Z,12Z",D1,3h,-0.812,1.326,1.638,0.912,466
109096,BUENA VISTA,ANCASH,CASMA,mpas15,temp,20260827,20260925,00Z,D1,3h,-1.881,2.069,2.486,0.879,237
4725A10C,CHAVIN,ANCASH,HUARI,ecmwf,temp,20260827,20260925,"00Z,12Z",D1,3h,-9.02,9.02,9.356,0.9,474
4725A10C,CHAVIN,ANCASH,HUARI,gfs,temp,20260827,20260925,"00Z,12Z",D1,3h,-7.856,7.864,8.375,0.869,474
4725A10C,CHAVIN,ANCASH,HUARI,eta5,temp,20260827,20260925,"00Z,12Z",D1,3h,-5.04,5.158,5.627,0.854,401
4725A10C,CHAVIN,ANCASH,HUARI,wrf5,temp,20260827,20260925,"00Z,12Z",D1,3h,-2.225,2.688,3.277,0.894,466
4725A10C,CHAVIN,ANCASH,HUARI,mpas15,temp,20260827,20260925,00Z,D1,3h,-9.936,9.936,10.343,0.891,237
109091,SAUCEPAMPA,ANCASH,HUAYLAS,ecmwf,temp,20260827,20260925,"00Z,12Z",D1,3h,-4.602,4.639,5.232,0.895,476
109091,SAUCEPAMPA,ANCASH,HUAYLAS,gfs,temp,20260827,20260925,"00Z,12Z",D1,3h,-6.675,6.675,7.52,0.861,476
109091,SAUCEPAMPA,ANCASH,HUAYLAS,eta5,temp,20260827,20260925,"00Z,12Z",D1,3h,0.581,1.579,1.92,0.902,401
109091,SAUCEPAMPA,ANCASH,HUAYLAS,wrf5,temp,20260827,20260925,"00Z,12Z",D1,3h,-2.525,2.771,3.648,0.881,468
109091,SAUCEPAMPA,ANCASH,HUAYLAS,mpas15,temp,20260827,20260925,00Z,D1,3h,-9.598,9.598,10.067,0.874,238
472182DA,PUENTE CAHUA,ANCASH,OCROS,ecmwf,temp,20260827,20260925,"00Z,12Z",D1,3h,S/D,S/D,S/D,S/D,0
472182DA,PUENTE CAHUA,ANCASH,OCROS,gfs,temp,20260827,20260925,"00Z,12Z",D1,3h,S/D,S/D,S/D,S/D,0
472182DA,PUENTE CAHUA,ANCASH,OCROS,eta5,temp,20260827,20260925,"00Z,12Z",D1,3h,S/D,S/D,S/D,S/D,0
472182DA,PUENTE CAHUA,ANCASH,OCROS,wrf5,temp,20260827,20260925,"00Z,12Z",D1,3h,S/D,S/D,S/D,S/D,0
472182DA,PUENTE CAHUA,ANCASH,OCROS,mpas15,temp,20260827,20260925,00Z,D1,3h,S/D,S/D,S/D,S/D,0
47E89394,PACHACOTO,ANCASH,RECUAY,ecmwf,temp,20260827,20260925,"00Z,12Z",D1,3h,0.013,2.702,3.287,0.902,480
47E89394,PACHACOTO,ANCASH,RECUAY,gfs,temp,20260827,20260925,"00Z,12Z",D1,3h,-0.514,4.082,4.798,0.86,480
47E89394,PACHACOTO,ANCASH,RECUAY,eta5,temp,20260827,20260925,"00Z,12Z",D1,3h,1.867,2.656,3.322,0.906,405
47E89394,PACHACOTO,ANCASH,RECUAY,wrf5,temp,20260827,20260925,"00Z,12Z",D1,3h,1.675,3.324,3.98,0.899,472
47E89394,PACHACOTO,ANCASH,RECUAY,mpas15,temp,20260827,20260925,00Z,D1,3h,-3.131,4.362,5.378,0.846,240
47259496,RECUAY,ANCASH,RECUAY,ecmwf,temp,20260827,20260925,"00Z,12Z",D1,3h,-3.037,3.447,4.213,0.939,474
47259496,RECUAY,ANCASH,RECUAY,gfs,temp,20260827,20260925,"00Z,12Z",D1,3h,-3.555,4.946,6.061,0.901,474
47259496,RECUAY,ANCASH,RECUAY,eta5,temp,20260827,20260925,"00Z,12Z",D1,3h,-1.138,2.559,3.068,0.913,400
47259496,RECUAY,ANCASH,RECUAY,wrf5,temp,20260827,20260925,"00Z,12Z",D1,3h,0.751,3.011,3.507,0.932,466
47259496,RECUAY,ANCASH,RECUAY,mpas15,temp,20260827,20260925,00Z,D1,3h,-7.112,7.135,8.275,0.908,237
110138,SHAQUEK,ANCASH,RECUAY,ecmwf,temp,20260827,20260925,"00Z,12Z",D1,3h,-6.273,6.273,6.561,0.807,476
110138,SHAQUEK,ANCASH,RECUAY,gfs,temp,20260827,20260925,"00Z,12Z",D1,3h,-3.614,3.62,3.862,0.842,476
110138,SHAQUEK,ANCASH,RECUAY,eta5,temp,20260827,20260925,"00Z,12Z",D1,3h,-4.515,4.515,4.786,0.811,401
110138,SHAQUEK,ANCASH,RECUAY,wrf5,temp,20260827,20260925,"00Z,12Z",D1,3h,-1.343,1.737,2.134,0.814,468
110138,SHAQUEK,ANCASH,RECUAY,mpas15,temp,20260827,20260925,00Z,D1,3h,-2.575,2.661,3.013,0.827,238
211601,SAN JACINTO,ANCASH,SANTA,ecmwf,temp,20260827,20260925,"00Z,12Z",D1,3h,S/D,S/D,S/D,S/D,0
211601,SAN JACINTO,ANCASH,SANTA,gfs,temp,20260827,20260925,"00Z,12Z",D1,3h,S/D,S/D,S/D,S/D,0
211601,SAN JACINTO,ANCASH,SANTA,eta5,temp,20260827,20260925,"00Z,12Z",D1,3h,S/D,S/D,S/D,S/D,0
211601,SAN JACINTO,ANCASH,SANTA,wrf5,temp,20260827,20260925,"00Z,12Z",D1,3h,S/D,S/D,S/D,S/D,0
211601,SAN JACINTO,ANCASH,SANTA,mpas15,temp,20260827,20260925,00Z,D1,3h,S/D,S/D,S/D,S/D,0
113253,CURAHUASI,APURIMAC,ABANCAY,ecmwf,temp,20260827,20260925,"00Z,12Z",D1,3h,-4.9,4.912,5.324,0.908,478
113253,CURAHUASI,APURIMAC,ABANCAY,gfs,temp,20260827,20260925,"00Z,12Z",D1,3h,-5.518,5.518,6.139,0.875,478
113253,CURAHUASI,APURIMAC,ABANCAY,eta5,temp,20260827,20260925,"00Z,12Z",D1,3h,-2.863,2.987,3.446,0.899,404
113253,CURAHUASI,APURIMAC,ABANCAY,wrf5,temp,20260827,20260925,"00Z,12Z",D1,3h,-1.486,2.095,2.707,0.916,470
113253,CURAHUASI,APURIMAC,ABANCAY,mpas15,temp,20260827,20260925,00Z,D1,3h,-7.009,7.009,7.369,0.9,239
47263360,GRANJA SAN ANTONIO,APURIMAC,ABANCAY,ecmwf,temp,20260827,20260925,"00Z,12Z",D1,3h,-3.296,3.438,3.878,0.863,476
47263360,GRANJA SAN ANTONIO,APURIMAC,ABANCAY,gfs,temp,20260827,20260925,"00Z,12Z",D1,3h,-3.898,3.906,4.268,0.887,476
47263360,GRANJA SAN ANTONIO,APURIMAC,ABANCAY,eta5,temp,20260827,20260925,"00Z,12Z",D1,3h,-3.949,4.098,4.609,0.822,402
47263360,GRANJA SAN ANTONIO,APURIMAC,ABANCAY,wrf5,temp,20260827,20260925,"00Z,12Z",D1,3h,-3.438,3.478,3.817,0.876,468
47263360,GRANJA SAN ANTONIO,APURIMAC,ABANCAY,mpas15,temp,20260827,20260925,00Z,D1,3h,-4.691,4.696,5.012,0.907,238
472B16EA,HUACULLO,APURIMAC,ANTABAMBA,ecmwf,temp,20260827,20260925,"00Z,12Z",D1,3h,-0.644,2.79,3.359,0.822,478
472B16EA,HUACULLO,APURIMAC,ANTABAMBA,gfs,temp,20260827,20260925,"00Z,12Z",D1,3h,1.163,2.955,3.765,0.808,478
472B16EA,HUACULLO,APURIMAC,ANTABAMBA,eta5,temp,20260827,20260925,"00Z,12Z",D1,3h,3.365,3.718,4.782,0.787,403
472B16EA,HUACULLO,APURIMAC,ANTABAMBA,wrf5,temp,20260827,20260925,"00Z,12Z",D1,3h,2.215,3.323,4.279,0.781,470
472B16EA,HUACULLO,APURIMAC,ANTABAMBA,mpas15,temp,20260827,20260925,00Z,D1,3h,-0.487,2.527,3.089,0.853,239
113246,TANCAYLLO,APURIMAC,CHINCHEROS,ecmwf,temp,20260827,20260925,"00Z,12Z",D1,3h,1.691,2.663,3.483,0.821,478
113246,TANCAYLLO,APURIMAC,CHINCHEROS,gfs,temp,20260827,20260925,"00Z,12Z",D1,3h,0.218,1.934,2.437,0.837,478
113246,TANCAYLLO,APURIMAC,CHINCHEROS,eta5,temp,20260827,20260925,"00Z,12Z",D1,3h,-0.075,2.149,2.572,0.814,403
113246,TANCAYLLO,APURIMAC,CHINCHEROS,wrf5,temp,20260827,20260925,"00Z,12Z",D1,3h,0.705,2.253,2.791,0.821,470
113246,TANCAYLLO,APURIMAC,CHINCHEROS,mpas15,temp,20260827,20260925,00Z,D1,3h,-2.289,2.898,3.766,0.771,239
472A1410,CASACCANCHA,APURIMAC,COTABAMBAS,ecmwf,temp,20260827,20260925,"00Z,12Z",D1,3h,-1.251,2.261,2.842,0.84,478
472A1410,CASACCANCHA,APURIMAC,COTABAMBAS,gfs,temp,20260827,20260925,"00Z,12Z",D1,3h,0.408,1.653,2.079,0.898,478
472A1410,CASACCANCHA,APURIMAC,COTABAMBAS,eta5,temp,20260827,20260925,"00Z,12Z",D1,3h,3.06,3.316,4.014,0.854,403
472A1410,CASACCANCHA,APURIMAC,COTABAMBAS,wrf5,temp,20260827,20260925,"00Z,12Z",D1,3h,1.339,2.062,2.616,0.881,471
472A1410,CASACCANCHA,APURIMAC,COTABAMBAS,mpas15,temp,20260827,20260925,00Z,D1,3h,-0.823,1.77,2.248,0.908,239
116085,AREQUIPA UV,AREQUIPA,AREQUIPA,ecmwf,temp,20260827,20260925,"00Z,12Z",D1,3h,-0.969,1.31,1.484,0.935,328
116085,AREQUIPA UV,AREQUIPA,AREQUIPA,gfs,temp,20260827,20260925,"00Z,12Z",D1,3h,-1.974,2.477,2.786,0.835,328
116085,AREQUIPA UV,AREQUIPA,AREQUIPA,eta5,temp,20260827,20260925,"00Z,12Z",D1,3h,0.223,1.091,1.344,0.919,275
116085,AREQUIPA UV,AREQUIPA,AREQUIPA,wrf5,temp,20260827,20260925,"00Z,12Z",D1,3h,1.462,2.075,2.548,0.868,321
116085,AREQUIPA UV,AREQUIPA,AREQUIPA,mpas15,temp,20260827,20260925,00Z,D1,3h,-6.947,7.013,7.49,0.757,164
47E26242,BOYADERO,AREQUIPA,AREQUIPA,ecmwf,temp,20260827,20260925,"00Z,12Z",D1,3h,S/D,S/D,S/D,S/D,0
47E26242,BOYADERO,AREQUIPA,AREQUIPA,gfs,temp,20260827,20260925,"00Z,12Z",D1,3h,S/D,S/D,S/D,S/D,0
47E26242,BOYADERO,AREQUIPA,AREQUIPA,eta5,temp,20260827,20260925,"00Z,12Z",D1,3h,S/D,S/D,S/D,S/D,0
47E26242,BOYADERO,AREQUIPA,AREQUIPA,wrf5,temp,20260827,20260925,"00Z,12Z",D1,3h,S/D,S/D,S/D,S/D,0
47E26242,BOYADERO,AREQUIPA,AREQUIPA,mpas15,temp,20260827,20260925,00Z,D1,3h,S/D,S/D,S/D,S/D,0
116083,CAYMA,AREQUIPA,AREQUIPA,ecmwf,temp,20260827,20260925,"00Z,12Z",D1,3h,S/D,S/D,S/D,S/D,0
116083,CAYMA,AREQUIPA,AREQUIPA,gfs,temp,20260827,20260925,"00Z,12Z",D1,3h,S/D,S/D,S/D,S/D,0
116083,CAYMA,AREQUIPA,AREQUIPA,eta5,temp,20260827,20260925,"00Z,12Z",D1,3h,S/D,S/D,S/D,S/D,0
116083,CAYMA,AREQUIPA,AREQUIPA,wrf5,temp,20260827,20260925,"00Z,12Z",D1,3h,S/D,S/D,S/D,S/D,0
116083,CAYMA,AREQUIPA,AREQUIPA,mpas15,temp,20260827,20260925,00Z,D1,3h,S/D,S/D,S/D,S/D,0
472147C4,CHARCANI,AREQUIPA,AREQUIPA,ecmwf,temp,20260827,20260925,"00Z,12Z",D1,3h,S/D,S/D,S/D,S/D,0
472147C4,CHARCANI,AREQUIPA,AREQUIPA,gfs,temp,20260827,20260925,"00Z,12Z",D1,3h,S/D,S/D,S/D,S/D,0
472147C4,CHARCANI,AREQUIPA,AREQUIPA,eta5,temp,20260827,20260925,"00Z,12Z",D1,3h,S/D,S/D,S/D,S/D,0
472147C4,CHARCANI,AREQUIPA,AREQUIPA,wrf5,temp,20260827,20260925,"00Z,12Z",D1,3h,S/D,S/D,S/D,S/D,0
472147C4,CHARCANI,AREQUIPA,AREQUIPA,mpas15,temp,20260827,20260925,00Z,D1,3h,S/D,S/D,S/D,S/D,0
116077,CHIGUATA,AREQUIPA,AREQUIPA,ecmwf,temp,20260827,20260925,"00Z,12Z",D1,3h,S/D,S/D,S/D,S/D,0
116077,CHIGUATA,AREQUIPA,AREQUIPA,gfs,temp,20260827,20260925,"00Z,12Z",D1,3h,S/D,S/D,S/D,S/D,0
116077,CHIGUATA,AREQUIPA,AREQUIPA,eta5,temp,20260827,20260925,"00Z,12Z",D1,3h,S/D,S/D,S/D,S/D,0
116077,CHIGUATA,AREQUIPA,AREQUIPA,wrf5,temp,20260827,20260925,"00Z,12Z",D1,3h,S/D,S/D,S/D,S/D,0
116077,CHIGUATA,AREQUIPA,AREQUIPA,mpas15,temp,20260827,20260925,00Z,D1,3h,S/D,S/D,S/D,S/D,0
116079,HUASACACHE,AREQUIPA,AREQUIPA,ecmwf,temp,20260827,20260925,"00Z,12Z",D1,3h,0.379,1.396,1.729,0.952,422
116079,HUASACACHE,AREQUIPA,AREQUIPA,gfs,temp,20260827,20260925,"00Z,12Z",D1,3h,-0.78,2.485,2.935,0.886,422
116079,HUASACACHE,AREQUIPA,AREQUIPA,eta5,temp,20260827,20260925,"00Z,12Z",D1,3h,1.666,1.822,2.178,0.941,366
116079,HUASACACHE,AREQUIPA,AREQUIPA,wrf5,temp,20260827,20260925,"00Z,12Z",D1,3h,1.886,2.675,3.319,0.858,414
116079,HUASACACHE,AREQUIPA,AREQUIPA,mpas15,temp,20260827,20260925,00Z,D1,3h,-3.569,4.509,4.989,0.8,211
116065,LA PAMPILLA,AREQUIPA,AREQUIPA,ecmwf,temp,20260827,20260925,"00Z,12Z",D1,3h,-0.778,1.474,1.782,0.914,480
116065,LA PAMPILLA,AREQUIPA,AREQUIPA,gfs,temp,20260827,20260925,"00Z,12Z",D1,3h,-1.978,2.81,3.195,0.837,480
116065,LA PAMPILLA,AREQUIPA,AREQUIPA,eta5,temp,20260827,20260925,"00Z,12Z",D1,3h,0.484,1.259,1.656,0.911,405
116065,LA PAMPILLA,AREQUIPA,AREQUIPA,wrf5,temp,20260827,20260925,"00Z,12Z",D1,3h,1.443,2.442,3.048,0.858,472
116065,LA PAMPILLA,AREQUIPA,AREQUIPA,mpas15,temp,20260827,20260925,00Z,D1,3h,-6.795,7.047,7.55,0.763,240
116086,LAS SALINAS,AREQUIPA,AREQUIPA,ecmwf,temp,20260827,20260925,"00Z,12Z",D1,3h,1.077,2.312,3.035,0.895,422
116086,LAS SALINAS,AREQUIPA,AREQUIPA,gfs,temp,20260827,20260925,"00Z,12Z",D1,3h,2.826,3.487,4.733,0.828,422
116086,LAS SALINAS,AREQUIPA,AREQUIPA,eta5,temp,20260827,20260925,"00Z,12Z",D1,3h,2.793,3.006,3.945,0.854,366
116086,LAS SALINAS,AREQUIPA,AREQUIPA,wrf5,temp,20260827,20260925,"00Z,12Z",D1,3h,2.247,2.907,3.877,0.897,414
116086,LAS SALINAS,AREQUIPA,AREQUIPA,mpas15,temp,20260827,20260925,00Z,D1,3h,-1.776,3.31,3.912,0.82,211
47E360B8,PATAHUASI,AREQUIPA,AREQUIPA,ecmwf,temp,20260827,20260925,"00Z,12Z",D1,3h,1.654,4.366,5.437,0.892,478
47E360B8,PATAHUASI,AREQUIPA,AREQUIPA,gfs,temp,20260827,20260925,"00Z,12Z",D1,3h,3.233,5.716,7.25,0.818,478
47E360B8,PATAHUASI,AREQUIPA,AREQUIPA,eta5,temp,20260827,20260925,"00Z,12Z",D1,3h,6.818,6.831,7.947,0.91,404
47E360B8,PATAHUASI,AREQUIPA,AREQUIPA,wrf5,temp,20260827,20260925,"00Z,12Z",D1,3h,4.531,5.088,6.813,0.92,470
47E360B8,PATAHUASI,AREQUIPA,AREQUIPA,mpas15,temp,20260827,20260925,00Z,D1,3h,-0.229,4.202,4.781,0.895,239
4722E032,PUENTE DEL DIABLO,AREQUIPA,AREQUIPA,ecmwf,temp,20260827,20260925,"00Z,12Z",D1,3h,S/D,S/D,S/D,S/D,0
4722E032,PUENTE DEL DIABLO,AREQUIPA,AREQUIPA,gfs,temp,20260827,20260925,"00Z,12Z",D1,3h,S/D,S/D,S/D,S/D,0
4722E032,PUENTE DEL DIABLO,AREQUIPA,AREQUIPA,eta5,temp,20260827,20260925,"00Z,12Z",D1,3h,S/D,S/D,S/D,S/D,0
4722E032,PUENTE DEL DIABLO,AREQUIPA,AREQUIPA,wrf5,temp,20260827,20260925,"00Z,12Z",D1,3h,S/D,S/D,S/D,S/D,0
4722E032,PUENTE DEL DIABLO,AREQUIPA,AREQUIPA,mpas15,temp,20260827,20260925,00Z,D1,3h,S/D,S/D,S/D,S/D,0
116082,SAN FRANCISCO,AREQUIPA,AREQUIPA,ecmwf,temp,20260827,20260925,"00Z,12Z",D1,3h,S/D,S/D,S/D,S/D,0
116082,SAN FRANCISCO,AREQUIPA,AREQUIPA,gfs,temp,20260827,20260925,"00Z,12Z",D1,3h,S/D,S/D,S/D,S/D,0
116082,SAN FRANCISCO,AREQUIPA,AREQUIPA,eta5,temp,20260827,20260925,"00Z,12Z",D1,3h,S/D,S/D,S/D,S/D,0
116082,SAN FRANCISCO,AREQUIPA,AREQUIPA,wrf5,temp,20260827,20260925,"00Z,12Z",D1,3h,S/D,S/D,S/D,S/D,0
116082,SAN FRANCISCO,AREQUIPA,AREQUIPA,mpas15,temp,20260827,20260925,00Z,D1,3h,S/D,S/D,S/D,S/D,0
47E3B6D0,SAN JOSE DE UZUNA,AREQUIPA,AREQUIPA,ecmwf,temp,20260827,20260925,"00Z,12Z",D1,3h,-4.308,4.558,5.474,0.858,478
47E3B6D0,SAN JOSE DE UZUNA,AREQUIPA,AREQUIPA,gfs,temp,20260827,20260925,"00Z,12Z",D1,3h,-1.909,3.668,4.319,0.838,478
47E3B6D0,SAN JOSE DE UZUNA,AREQUIPA,AREQUIPA,eta5,temp,20260827,20260925,"00Z,12Z",D1,3h,1.992,2.39,3.07,0.904,404
47E3B6D0,SAN JOSE DE UZUNA,AREQUIPA,AREQUIPA,wrf5,temp,20260827,20260925,"00Z,12Z",D1,3h,2.191,3.067,3.93,0.834,470
47E3B6D0,SAN JOSE DE UZUNA,AREQUIPA,AREQUIPA,mpas15,temp,20260827,20260925,00Z,D1,3h,1.529,3.027,3.927,0.846,239
47E27134,SOCOSANI,AREQUIPA,AREQUIPA,ecmwf,temp,20260827,20260925,"00Z,12Z",D1,3h,S/D,S/D,S/D,S/D,0
47E27134,SOCOSANI,AREQUIPA,AREQUIPA,gfs,temp,20260827,20260925,"00Z,12Z",D1,3h,S/D,S/D,S/D,S/D,0
47E27134,SOCOSANI,AREQUIPA,AREQUIPA,eta5,temp,20260827,20260925,"00Z,12Z",D1,3h,S/D,S/D,S/D,S/D,0
47E27134,SOCOSANI,AREQUIPA,AREQUIPA,wrf5,temp,20260827,20260925,"00Z,12Z",D1,3h,S/D,S/D,S/D,S/D,0
47E27134,SOCOSANI,AREQUIPA,AREQUIPA,mpas15,temp,20260827,20260925,00Z,D1,3h,S/D,S/D,S/D,S/D,0
472EE1AE,TINGO GRANDE,AREQUIPA,AREQUIPA,ecmwf,temp,20260827,20260925,"00Z,12Z",D1,3h,S/D,S/D,S/D,S/D,0
472EE1AE,TINGO GRANDE,AREQUIPA,AREQUIPA,gfs,temp,20260827,20260925,"00Z,12Z",D1,3h,S/D,S/D,S/D,S/D,0
472EE1AE,TINGO GRANDE,AREQUIPA,AREQUIPA,eta5,temp,20260827,20260925,"00Z,12Z",D1,3h,S/D,S/D,S/D,S/D,0
472EE1AE,TINGO GRANDE,AREQUIPA,AREQUIPA,wrf5,temp,20260827,20260925,"00Z,12Z",D1,3h,S/D,S/D,S/D,S/D,0
472EE1AE,TINGO GRANDE,AREQUIPA,AREQUIPA,mpas15,temp,20260827,20260925,00Z,D1,3h,S/D,S/D,S/D,S/D,0
116078,TUCTUMPAYA,AREQUIPA,AREQUIPA,ecmwf,temp,20260827,20260925,"00Z,12Z",D1,3h,-4.787,4.839,5.414,0.841,480
116078,TUCTUMPAYA,AREQUIPA,AREQUIPA,gfs,temp,20260827,20260925,"00Z,12Z",D1,3h,-2.377,3.038,3.768,0.829,480
116078,TUCTUMPAYA,AREQUIPA,AREQUIPA,eta5,temp,20260827,20260925,"00Z,12Z",D1,3h,1.082,1.467,1.896,0.898,405
116078,TUCTUMPAYA,AREQUIPA,AREQUIPA,wrf5,temp,20260827,20260925,"00Z,12Z",D1,3h,0.528,2.622,3.018,0.825,472
116078,TUCTUMPAYA,AREQUIPA,AREQUIPA,mpas15,temp,20260827,20260925,00Z,D1,3h,-2.139,3.009,3.341,0.881,240
116081,YURA,AREQUIPA,AREQUIPA,ecmwf,temp,20260827,20260925,"00Z,12Z",D1,3h,-8.298,8.298,8.479,0.838,332
116081,YURA,AREQUIPA,AREQUIPA,gfs,temp,20260827,20260925,"00Z,12Z",D1,3h,-6.026,6.026,6.335,0.814,332
116081,YURA,AREQUIPA,AREQUIPA,eta5,temp,20260827,20260925,"00Z,12Z",D1,3h,-0.829,1.21,1.512,0.889,291
116081,YURA,AREQUIPA,AREQUIPA,wrf5,temp,20260827,20260925,"00Z,12Z",D1,3h,-0.516,1.966,2.366,0.872,324
116081,YURA,AREQUIPA,AREQUIPA,mpas15,temp,20260827,20260925,00Z,D1,3h,-2.795,3.525,3.655,0.825,166
116084,CAMANA,AREQUIPA,CAMANA,ecmwf,temp,20260827,20260925,"00Z,12Z",D1,3h,-0.394,1.46,1.883,0.153,354
116084,CAMANA,AREQUIPA,CAMANA,gfs,temp,20260827,20260925,"00Z,12Z",D1,3h,-1.356,1.684,2.225,0.333,354
116084,CAMANA,AREQUIPA,CAMANA,eta5,temp,20260827,20260925,"00Z,12Z",D1,3h,-2.026,2.137,2.487,0.69,296
116084,CAMANA,AREQUIPA,CAMANA,wrf5,temp,20260827,20260925,"00Z,12Z",D1,3h,-0.127,1.11,1.339,0.694,349
116084,CAMANA,AREQUIPA,CAMANA,mpas15,temp,20260827,20260925,00Z,D1,3h,-1.873,2.03,2.469,0.462,177
472D23BE,OCOÑA,AREQUIPA,CAMANA,ecmwf,temp,20260827,20260925,"00Z,12Z",D1,3h,-1.379,1.476,1.749,0.65,478
472D23BE,OCOÑA,AREQUIPA,CAMANA,gfs,temp,20260827,20260925,"00Z,12Z",D1,3h,-2.051,2.071,2.314,0.661,478
472D23BE,OCOÑA,AREQUIPA,CAMANA,eta5,temp,20260827,20260925,"00Z,12Z",D1,3h,-1.453,1.917,2.275,0.622,404
472D23BE,OCOÑA,AREQUIPA,CAMANA,wrf5,temp,20260827,20260925,"00Z,12Z",D1,3h,-0.619,1.267,1.546,0.609,470
472D23BE,OCOÑA,AREQUIPA,CAMANA,mpas15,temp,20260827,20260925,00Z,D1,3h,-1.251,1.386,1.748,0.489,239
214400,HUATIAPA,AREQUIPA,CASTILLA,ecmwf,temp,20260827,20260925,"00Z,12Z",D1,3h,S/D,S/D,S/D,S/D,0
214400,HUATIAPA,AREQUIPA,CASTILLA,gfs,temp,20260827,20260925,"00Z,12Z",D1,3h,S/D,S/D,S/D,S/D,0
214400,HUATIAPA,AREQUIPA,CASTILLA,eta5,temp,20260827,20260925,"00Z,12Z",D1,3h,S/D,S/D,S/D,S/D,0
214400,HUATIAPA,AREQUIPA,CASTILLA,wrf5,temp,20260827,20260925,"00Z,12Z",D1,3h,S/D,S/D,S/D,S/D,0
214400,HUATIAPA,AREQUIPA,CASTILLA,mpas15,temp,20260827,20260925,00Z,D1,3h,S/D,S/D,S/D,S/D,0
4723D752,CHIVAY,AREQUIPA,CAYLLOMA,ecmwf,temp,20260827,20260925,"00Z,12Z",D1,3h,-7.892,7.91,8.638,0.787,480
4723D752,CHIVAY,AREQUIPA,CAYLLOMA,gfs,temp,20260827,20260925,"00Z,12Z",D1,3h,-5.299,5.435,6.497,0.824,480
4723D752,CHIVAY,AREQUIPA,CAYLLOMA,eta5,temp,20260827,20260925,"00Z,12Z",D1,3h,-2.393,2.768,3.319,0.886,405
4723D752,CHIVAY,AREQUIPA,CAYLLOMA,wrf5,temp,20260827,20260925,"00Z,12Z",D1,3h,0.074,2.507,2.964,0.863,472
4723D752,CHIVAY,AREQUIPA,CAYLLOMA,mpas15,temp,20260827,20260925,00Z,D1,3h,-7.967,7.967,8.433,0.896,240
47E8A60E,COTACOTA,AREQUIPA,CAYLLOMA,ecmwf,temp,20260827,20260925,"00Z,12Z",D1,3h,-1.319,2.477,3.021,0.91,478
47E8A60E,COTACOTA,AREQUIPA,CAYLLOMA,gfs,temp,20260827,20260925,"00Z,12Z",D1,3h,1.16,3.207,4.102,0.841,478
47E8A60E,COTACOTA,AREQUIPA,CAYLLOMA,eta5,temp,20260827,20260925,"00Z,12Z",D1,3h,3.084,3.498,4.44,0.856,403
47E8A60E,COTACOTA,AREQUIPA,CAYLLOMA,wrf5,temp,20260827,20260925,"00Z,12Z",D1,3h,1.075,3.031,3.914,0.838,470
47E8A60E,COTACOTA,AREQUIPA,CAYLLOMA,mpas15,temp,20260827,20260925,00Z,D1,3h,-2.05,3.377,3.91,0.858,239
47E3A5A6,HUANCA,AREQUIPA,CAYLLOMA,ecmwf,temp,20260827,20260925,"00Z,12Z",D1,3h,-1.82,2.172,2.442,0.867,478
47E3A5A6,HUANCA,AREQUIPA,CAYLLOMA,gfs,temp,20260827,20260925,"00Z,12Z",D1,3h,-1.862,2.402,2.776,0.85,478
47E3A5A6,HUANCA,AREQUIPA,CAYLLOMA,eta5,temp,20260827,20260925,"00Z,12Z",D1,3h,1.143,1.416,1.789,0.894,404
47E3A5A6,HUANCA,AREQUIPA,CAYLLOMA,wrf5,temp,20260827,20260925,"00Z,12Z",D1,3h,0.232,1.668,2.102,0.816,470
47E3A5A6,HUANCA,AREQUIPA,CAYLLOMA,mpas15,temp,20260827,20260925,00Z,D1,3h,-1.992,2.695,2.994,0.859,239
47E3834A,IMATA,AREQUIPA,CAYLLOMA,ecmwf,temp,20260827,20260925,"00Z,12Z",D1,3h,1.045,2.085,3.01,0.895,476
47E3834A,IMATA,AREQUIPA,CAYLLOMA,gfs,temp,20260827,20260925,"00Z,12Z",D1,3h,2.757,3.367,4.563,0.888,476
47E3834A,IMATA,AREQUIPA,CAYLLOMA,eta5,temp,20260827,20260925,"00Z,12Z",D1,3h,5.223,5.229,6.1,0.856,403
47E3834A,IMATA,AREQUIPA,CAYLLOMA,wrf5,temp,20260827,20260925,"00Z,12Z",D1,3h,2.772,3.3,4.358,0.915,468
47E3834A,IMATA,AREQUIPA,CAYLLOMA,mpas15,temp,20260827,20260925,00Z,D1,3h,-0.016,2.228,2.876,0.9,238
4729E39A,PAMPA DE MAJES,AREQUIPA,CAYLLOMA,ecmwf,temp,20260827,20260925,"00Z,12Z",D1,3h,1.118,1.912,2.35,0.927,478
4729E39A,PAMPA DE MAJES,AREQUIPA,CAYLLOMA,gfs,temp,20260827,20260925,"00Z,12Z",D1,3h,1.245,2.129,2.573,0.92,478
4729E39A,PAMPA DE MAJES,AREQUIPA,CAYLLOMA,eta5,temp,20260827,20260925,"00Z,12Z",D1,3h,3.389,3.428,3.813,0.937,404
4729E39A,PAMPA DE MAJES,AREQUIPA,CAYLLOMA,wrf5,temp,20260827,20260925,"00Z,12Z",D1,3h,1.581,2.764,3.368,0.838,470
4729E39A,PAMPA DE MAJES,AREQUIPA,CAYLLOMA,mpas15,temp,20260827,20260925,00Z,D1,3h,-1.285,2.421,3.017,0.853,239
47E373CE,PILLONES,AREQUIPA,CAYLLOMA,ecmwf,temp,20260827,20260925,"00Z,12Z",D1,3h,2.599,2.818,3.77,0.943,470
47E373CE,PILLONES,AREQUIPA,CAYLLOMA,gfs,temp,20260827,20260925,"00Z,12Z",D1,3h,3.674,3.927,5.427,0.881,470
47E373CE,PILLONES,AREQUIPA,CAYLLOMA,eta5,temp,20260827,20260925,"00Z,12Z",D1,3h,4.572,4.614,5.501,0.885,397
47E373CE,PILLONES,AREQUIPA,CAYLLOMA,wrf5,temp,20260827,20260925,"00Z,12Z",D1,3h,2.883,3.481,4.976,0.846,462
47E373CE,PILLONES,AREQUIPA,CAYLLOMA,mpas15,temp,20260827,20260925,00Z,D1,3h,-0.468,2.219,2.653,0.931,235
47265686,SIBAYO,AREQUIPA,CAYLLOMA,ecmwf,temp,20260827,20260925,"00Z,12Z",D1,3h,S/D,S/D,S/D,S/D,0
47265686,SIBAYO,AREQUIPA,CAYLLOMA,gfs,temp,20260827,20260925,"00Z,12Z",D1,3h,S/D,S/D,S/D,S/D,0
47265686,SIBAYO,AREQUIPA,CAYLLOMA,eta5,temp,20260827,20260925,"00Z,12Z",D1,3h,S/D,S/D,S/D,S/D,0
47265686,SIBAYO,AREQUIPA,CAYLLOMA,wrf5,temp,20260827,20260925,"00Z,12Z",D1,3h,S/D,S/D,S/D,S/D,0
47265686,SIBAYO,AREQUIPA,CAYLLOMA,mpas15,temp,20260827,20260925,00Z,D1,3h,S/D,S/D,S/D,S/D,0
472ED434,SUMBAY,AREQUIPA,CAYLLOMA,ecmwf,temp,20260827,20260925,"00Z,12Z",D1,3h,S/D,S/D,S/D,S/D,0
472ED434,SUMBAY,AREQUIPA,CAYLLOMA,gfs,temp,20260827,20260925,"00Z,12Z",D1,3h,S/D,S/D,S/D,S/D,0
472ED434,SUMBAY,AREQUIPA,CAYLLOMA,eta5,temp,20260827,20260925,"00Z,12Z",D1,3h,S/D,S/D,S/D,S/D,0
472ED434,SUMBAY,AREQUIPA,CAYLLOMA,wrf5,temp,20260827,20260925,"00Z,12Z",D1,3h,S/D,S/D,S/D,S/D,0
472ED434,SUMBAY,AREQUIPA,CAYLLOMA,mpas15,temp,20260827,20260925,00Z,D1,3h,S/D,S/D,S/D,S/D,0
115150,COROPUNA,AREQUIPA,CONDESUYOS,ecmwf,temp,20260827,20260925,"00Z,12Z",D1,3h,5.868,5.868,6.265,0.852,472
115150,COROPUNA,AREQUIPA,CONDESUYOS,gfs,temp,20260827,20260925,"00Z,12Z",D1,3h,8.926,8.926,9.062,0.823,472
115150,COROPUNA,AREQUIPA,CONDESUYOS,eta5,temp,20260827,20260925,"00Z,12Z",D1,3h,3.224,3.224,3.4,0.896,398
115150,COROPUNA,AREQUIPA,CONDESUYOS,wrf5,temp,20260827,20260925,"00Z,12Z",D1,3h,2.173,2.193,2.477,0.887,464
115150,COROPUNA,AREQUIPA,CONDESUYOS,mpas15,temp,20260827,20260925,00Z,D1,3h,7.621,7.621,7.988,0.751,236
114119,VISCA VISCA,AREQUIPA,CONDESUYOS,ecmwf,temp,20260827,20260925,"00Z,12Z",D1,3h,-3.393,3.826,4.593,0.791,478
114119,VISCA VISCA,AREQUIPA,CONDESUYOS,gfs,temp,20260827,20260925,"00Z,12Z",D1,3h,-1.227,2.226,2.778,0.879,478
114119,VISCA VISCA,AREQUIPA,CONDESUYOS,eta5,temp,20260827,20260925,"00Z,12Z",D1,3h,1.496,2.313,2.954,0.859,403
114119,VISCA VISCA,AREQUIPA,CONDESUYOS,wrf5,temp,20260827,20260925,"00Z,12Z",D1,3h,-1.01,2.35,2.922,0.843,470
114119,VISCA VISCA,AREQUIPA,CONDESUYOS,mpas15,temp,20260827,20260925,00Z,D1,3h,-3.654,3.898,4.427,0.85,239
47280292,COTAHUASI,AREQUIPA,LA UNION,ecmwf,temp,20260827,20260925,"00Z,12Z",D1,3h,-5.618,5.62,5.873,0.898,442
47280292,COTAHUASI,AREQUIPA,LA UNION,gfs,temp,20260827,20260925,"00Z,12Z",D1,3h,-6.086,6.086,6.409,0.862,442
47280292,COTAHUASI,AREQUIPA,LA UNION,eta5,temp,20260827,20260925,"00Z,12Z",D1,3h,-0.5,2.379,2.894,0.88,371
47280292,COTAHUASI,AREQUIPA,LA UNION,wrf5,temp,20260827,20260925,"00Z,12Z",D1,3h,-1.744,2.127,2.647,0.827,434
47280292,COTAHUASI,AREQUIPA,LA UNION,mpas15,temp,20260827,20260925,00Z,D1,3h,-11.409,11.409,11.541,0.887,221
115151,CUYAU,AREQUIPA,LA UNION,ecmwf,temp,20260827,20260925,"00Z,12Z",D1,3h,S/D,S/D,S/D,S/D,0
115151,CUYAU,AREQUIPA,LA UNION,gfs,temp,20260827,20260925,"00Z,12Z",D1,3h,S/D,S/D,S/D,S/D,0
115151,CUYAU,AREQUIPA,LA UNION,eta5,temp,20260827,20260925,"00Z,12Z",D1,3h,S/D,S/D,S/D,S/D,0
115151,CUYAU,AREQUIPA,LA UNION,wrf5,temp,20260827,20260925,"00Z,12Z",D1,3h,S/D,S/D,S/D,S/D,0
115151,CUYAU,AREQUIPA,LA UNION,mpas15,temp,20260827,20260925,00Z,D1,3h,S/D,S/D,S/D,S/D,0
4729D600,PAMPA CANGALLO,AYACUCHO,CANGALLO,ecmwf,temp,20260827,20260925,"00Z,12Z",D1,3h,-3.0,3.18,3.844,0.901,480
4729D600,PAMPA CANGALLO,AYACUCHO,CANGALLO,gfs,temp,20260827,20260925,"00Z,12Z",D1,3h,-2.462,3.225,3.985,0.857,480
4729D600,PAMPA CANGALLO,AYACUCHO,CANGALLO,eta5,temp,20260827,20260925,"00Z,12Z",D1,3h,-0.893,2.029,2.624,0.873,405
4729D600,PAMPA CANGALLO,AYACUCHO,CANGALLO,wrf5,temp,20260827,20260925,"00Z,12Z",D1,3h,0.644,2.391,3.042,0.847,472
4729D600,PAMPA CANGALLO,AYACUCHO,CANGALLO,mpas15,temp,20260827,20260925,00Z,D1,3h,-4.106,4.219,4.875,0.898,240
113248,SANTA CRUZ DE HOSPICIO,AYACUCHO,CANGALLO,ecmwf,temp,20260827,20260925,"00Z,12Z",D1,3h,-0.792,1.582,1.938,0.928,478
113248,SANTA CRUZ DE HOSPICIO,AYACUCHO,CANGALLO,gfs,temp,20260827,20260925,"00Z,12Z",D1,3h,-0.641,2.314,2.796,0.866,478
113248,SANTA CRUZ DE HOSPICIO,AYACUCHO,CANGALLO,eta5,temp,20260827,20260925,"00Z,12Z",D1,3h,0.595,1.548,2.1,0.884,403
113248,SANTA CRUZ DE HOSPICIO,AYACUCHO,CANGALLO,wrf5,temp,20260827,20260925,"00Z,12Z",D1,3h,-0.551,2.039,2.585,0.849,470
113248,SANTA CRUZ DE HOSPICIO,AYACUCHO,CANGALLO,mpas15,temp,20260827,20260925,00Z,D1,3h,-3.658,3.917,4.35,0.89,239
250900,PUENTE PAMPAS GORE APU,AYACUCHO,HUAMANGA,ecmwf,temp,20260827,20260925,"00Z,12Z",D1,3h,S/D,S/D,S/D,S/D,0
250900,PUENTE PAMPAS GORE APU,AYACUCHO,HUAMANGA,gfs,temp,20260827,20260925,"00Z,12Z",D1,3h,S/D,S/D,S/D,S/D,0
250900,PUENTE PAMPAS GORE APU,AYACUCHO,HUAMANGA,eta5,temp,20260827,20260925,"00Z,12Z",D1,3h,S/D,S/D,S/D,S/D,0
250900,PUENTE PAMPAS GORE APU,AYACUCHO,HUAMANGA,wrf5,temp,20260827,20260925,"00Z,12Z",D1,3h,S/D,S/D,S/D,S/D,0
250900,PUENTE PAMPAS GORE APU,AYACUCHO,HUAMANGA,mpas15,temp,20260827,20260925,00Z,D1,3h,S/D,S/D,S/D,S/D,0
114122,CCONTACC,AYACUCHO,LUCANAS,ecmwf,temp,20260827,20260925,"00Z,12Z",D1,3h,-2.698,2.82,3.241,0.909,478
114122,CCONTACC,AYACUCHO,LUCANAS,gfs,temp,20260827,20260925,"00Z,12Z",D1,3h,-2.404,2.661,3.258,0.857,478
114122,CCONTACC,AYACUCHO,LUCANAS,eta5,temp,20260827,20260925,"00Z,12Z",D1,3h,-1.429,1.802,2.334,0.891,403
114122,CCONTACC,AYACUCHO,LUCANAS,wrf5,temp,20260827,20260925,"00Z,12Z",D1,3h,-0.76,1.976,2.327,0.847,470
114122,CCONTACC,AYACUCHO,LUCANAS,mpas15,temp,20260827,20260925,00Z,D1,3h,-3.238,3.28,3.552,0.912,239
47290068,HUAC-HUAS,AYACUCHO,LUCANAS,ecmwf,temp,20260827,20260925,"00Z,12Z",D1,3h,4.926,4.926,5.089,0.84,472
47290068,HUAC-HUAS,AYACUCHO,LUCANAS,gfs,temp,20260827,20260925,"00Z,12Z",D1,3h,3.971,3.973,4.276,0.798,472
47290068,HUAC-HUAS,AYACUCHO,LUCANAS,eta5,temp,20260827,20260925,"00Z,12Z",D1,3h,-0.246,1.565,1.91,0.798,398
47290068,HUAC-HUAS,AYACUCHO,LUCANAS,wrf5,temp,20260827,20260925,"00Z,12Z",D1,3h,-1.113,1.476,1.832,0.824,464
47290068,HUAC-HUAS,AYACUCHO,LUCANAS,mpas15,temp,20260827,20260925,00Z,D1,3h,-1.682,1.899,2.268,0.808,236
114127,PAMPA GALERAS,AYACUCHO,LUCANAS,ecmwf,temp,20260827,20260925,"00Z,12Z",D1,3h,2.898,3.708,4.92,0.865,478
114127,PAMPA GALERAS,AYACUCHO,LUCANAS,gfs,temp,20260827,20260925,"00Z,12Z",D1,3h,5.09,5.307,7.055,0.831,478
114127,PAMPA GALERAS,AYACUCHO,LUCANAS,eta5,temp,20260827,20260925,"00Z,12Z",D1,3h,2.134,2.943,4.029,0.885,404
114127,PAMPA GALERAS,AYACUCHO,LUCANAS,wrf5,temp,20260827,20260925,"00Z,12Z",D1,3h,1.809,3.554,4.618,0.823,470
114127,PAMPA GALERAS,AYACUCHO,LUCANAS,mpas15,temp,20260827,20260925,00Z,D1,3h,0.944,2.548,3.201,0.934,239
114121,HURAY HUMA,AYACUCHO,PARINACOCHAS,ecmwf,temp,20260827,20260925,"00Z,12Z",D1,3h,-2.09,3.385,3.854,0.88,406
114121,HURAY HUMA,AYACUCHO,PARINACOCHAS,gfs,temp,20260827,20260925,"00Z,12Z",D1,3h,-0.203,3.349,3.791,0.871,406
114121,HURAY HUMA,AYACUCHO,PARINACOCHAS,eta5,temp,20260827,20260925,"00Z,12Z",D1,3h,0.894,2.258,2.881,0.897,339
114121,HURAY HUMA,AYACUCHO,PARINACOCHAS,wrf5,temp,20260827,20260925,"00Z,12Z",D1,3h,-0.013,2.816,3.331,0.879,400
114121,HURAY HUMA,AYACUCHO,PARINACOCHAS,mpas15,temp,20260827,20260925,00Z,D1,3h,-1.848,3.015,3.446,0.919,203
115155,PAUZA,AYACUCHO,PAUCAR DEL SARA SARA,ecmwf,temp,20260827,20260925,"00Z,12Z",D1,3h,-3.491,3.493,3.894,0.914,480
115155,PAUZA,AYACUCHO,PAUCAR DEL SARA SARA,gfs,temp,20260827,20260925,"00Z,12Z",D1,3h,-4.25,4.274,4.83,0.864,480
115155,PAUZA,AYACUCHO,PAUCAR DEL SARA SARA,eta5,temp,20260827,20260925,"00Z,12Z",D1,3h,1.176,1.795,2.249,0.934,405
115155,PAUZA,AYACUCHO,PAUCAR DEL SARA SARA,wrf5,temp,20260827,20260925,"00Z,12Z",D1,3h,3.257,3.274,3.618,0.917,472
115155,PAUZA,AYACUCHO,PAUCAR DEL SARA SARA,mpas15,temp,20260827,20260925,00Z,D1,3h,-7.87,7.87,8.053,0.896,240
4725B27A,PAUCARAY,AYACUCHO,SUCRE,ecmwf,temp,20260827,20260925,"00Z,12Z",D1,3h,S/D,S/D,S/D,S/D,0
4725B27A,PAUCARAY,AYACUCHO,SUCRE,gfs,temp,20260827,20260925,"00Z,12Z",D1,3h,S/D,S/D,S/D,S/D,0
4725B27A,PAUCARAY,AYACUCHO,SUCRE,eta5,temp,20260827,20260925,"00Z,12Z",D1,3h,S/D,S/D,S/D,S/D,0
4725B27A,PAUCARAY,AYACUCHO,SUCRE,wrf5,temp,20260827,20260925,"00Z,12Z",D1,3h,S/D,S/D,S/D,S/D,0
4725B27A,PAUCARAY,AYACUCHO,SUCRE,mpas15,temp,20260827,20260925,00Z,D1,3h,S/D,S/D,S/D,S/D,0
4729F0EC,CAJABAMBA,CAJAMARCA,CAJABAMBA,ecmwf,temp,20260827,20260925,"00Z,12Z",D1,3h,-3.648,3.686,4.13,0.907,480
4729F0EC,CAJABAMBA,CAJAMARCA,CAJABAMBA,gfs,temp,20260827,20260925,"00Z,12Z",D1,3h,-1.698,2.249,2.746,0.878,480
4729F0EC,CAJABAMBA,CAJAMARCA,CAJABAMBA,eta5,temp,20260827,20260925,"00Z,12Z",D1,3h,-4.41,4.462,4.895,0.881,405
4729F0EC,CAJABAMBA,CAJAMARCA,CAJABAMBA,wrf5,temp,20260827,20260925,"00Z,12Z",D1,3h,-2.148,2.492,2.966,0.91,472
4729F0EC,CAJABAMBA,CAJAMARCA,CAJABAMBA,mpas15,temp,20260827,20260925,00Z,D1,3h,-4.935,4.944,5.311,0.931,240
472A32FC,CRISNEJAS,CAJAMARCA,CAJABAMBA,ecmwf,temp,20260827,20260925,"00Z,12Z",D1,3h,S/D,S/D,S/D,S/D,0
472A32FC,CRISNEJAS,CAJAMARCA,CAJABAMBA,gfs,temp,20260827,20260925,"00Z,12Z",D1,3h,S/D,S/D,S/D,S/D,0
472A32FC,CRISNEJAS,CAJAMARCA,CAJABAMBA,eta5,temp,20260827,20260925,"00Z,12Z",D1,3h,S/D,S/D,S/D,S/D,0
472A32FC,CRISNEJAS,CAJAMARCA,CAJABAMBA,wrf5,temp,20260827,20260925,"00Z,12Z",D1,3h,S/D,S/D,S/D,S/D,0
472A32FC,CRISNEJAS,CAJAMARCA,CAJABAMBA,mpas15,temp,20260827,20260925,00Z,D1,3h,S/D,S/D,S/D,S/D,0
472645F0,UNC CAJAMARCA,CAJAMARCA,CAJAMARCA,ecmwf,temp,20260827,20260925,"00Z,12Z",D1,3h,-1.76,2.269,2.873,0.911,470
472645F0,UNC CAJAMARCA,CAJAMARCA,CAJAMARCA,gfs,temp,20260827,20260925,"00Z,12Z",D1,3h,-1.17,2.051,2.589,0.885,470
472645F0,UNC CAJAMARCA,CAJAMARCA,CAJAMARCA,eta5,temp,20260827,20260925,"00Z,12Z",D1,3h,0.941,1.727,2.186,0.886,397
472645F0,UNC CAJAMARCA,CAJAMARCA,CAJAMARCA,wrf5,temp,20260827,20260925,"00Z,12Z",D1,3h,0.99,1.872,2.302,0.905,462
472645F0,UNC CAJAMARCA,CAJAMARCA,CAJAMARCA,mpas15,temp,20260827,20260925,00Z,D1,3h,-3.546,3.636,4.133,0.888,235
472501F4,BALSAS,CAJAMARCA,CELENDIN,ecmwf,temp,20260827,20260925,"00Z,12Z",D1,3h,-10.11,10.11,10.478,0.836,480
472501F4,BALSAS,CAJAMARCA,CELENDIN,gfs,temp,20260827,20260925,"00Z,12Z",D1,3h,-11.931,11.931,12.274,0.803,480
472501F4,BALSAS,CAJAMARCA,CELENDIN,eta5,temp,20260827,20260925,"00Z,12Z",D1,3h,-6.236,6.267,6.884,0.824,405
472501F4,BALSAS,CAJAMARCA,CELENDIN,wrf5,temp,20260827,20260925,"00Z,12Z",D1,3h,-3.023,3.355,3.985,0.84,472
472501F4,BALSAS,CAJAMARCA,CELENDIN,mpas15,temp,20260827,20260925,00Z,D1,3h,-15.233,15.233,15.432,0.796,240
4726631C,CELENDIN,CAJAMARCA,CELENDIN,ecmwf,temp,20260827,20260925,"00Z,12Z",D1,3h,-0.645,1.907,2.341,0.879,470
4726631C,CELENDIN,CAJAMARCA,CELENDIN,gfs,temp,20260827,20260925,"00Z,12Z",D1,3h,-0.928,1.78,2.307,0.891,470
4726631C,CELENDIN,CAJAMARCA,CELENDIN,eta5,temp,20260827,20260925,"00Z,12Z",D1,3h,-0.468,1.788,2.215,0.858,395
4726631C,CELENDIN,CAJAMARCA,CELENDIN,wrf5,temp,20260827,20260925,"00Z,12Z",D1,3h,0.172,1.758,2.177,0.866,462
4726631C,CELENDIN,CAJAMARCA,CELENDIN,mpas15,temp,20260827,20260925,00Z,D1,3h,0.079,1.693,2.149,0.879,235
4726C3E4,CHOTA,CAJAMARCA,CHOTA,ecmwf,temp,20260827,20260925,"00Z,12Z",D1,3h,-2.464,2.883,3.412,0.879,428
4726C3E4,CHOTA,CAJAMARCA,CHOTA,gfs,temp,20260827,20260925,"00Z,12Z",D1,3h,-2.789,3.022,3.551,0.88,428
4726C3E4,CHOTA,CAJAMARCA,CHOTA,eta5,temp,20260827,20260925,"00Z,12Z",D1,3h,-2.916,3.064,3.507,0.904,359
4726C3E4,CHOTA,CAJAMARCA,CHOTA,wrf5,temp,20260827,20260925,"00Z,12Z",D1,3h,-0.185,1.654,2.027,0.902,422
4726C3E4,CHOTA,CAJAMARCA,CHOTA,mpas15,temp,20260827,20260925,00Z,D1,3h,-4.999,5.116,5.667,0.852,214
47E94706,HUAMBOS,CAJAMARCA,CHOTA,ecmwf,temp,20260827,20260925,"00Z,12Z",D1,3h,1.015,1.715,2.308,0.846,478
47E94706,HUAMBOS,CAJAMARCA,CHOTA,gfs,temp,20260827,20260925,"00Z,12Z",D1,3h,1.833,2.657,3.624,0.784,478
47E94706,HUAMBOS,CAJAMARCA,CHOTA,eta5,temp,20260827,20260925,"00Z,12Z",D1,3h,1.906,2.818,3.579,0.802,404
47E94706,HUAMBOS,CAJAMARCA,CHOTA,wrf5,temp,20260827,20260925,"00Z,12Z",D1,3h,0.699,1.698,2.173,0.824,470
47E94706,HUAMBOS,CAJAMARCA,CHOTA,mpas15,temp,20260827,20260925,00Z,D1,3h,-0.884,1.711,2.061,0.781,239
47E1D6C2,PUENTE SAN CARLOS,CAJAMARCA,CHOTA,ecmwf,temp,20260827,20260925,"00Z,12Z",D1,3h,-4.934,4.956,5.423,0.726,478
47E1D6C2,PUENTE SAN CARLOS,CAJAMARCA,CHOTA,gfs,temp,20260827,20260925,"00Z,12Z",D1,3h,-3.769,4.135,4.753,0.569,478
47E1D6C2,PUENTE SAN CARLOS,CAJAMARCA,CHOTA,eta5,temp,20260827,20260925,"00Z,12Z",D1,3h,-1.161,1.875,2.226,0.853,403
47E1D6C2,PUENTE SAN CARLOS,CAJAMARCA,CHOTA,wrf5,temp,20260827,20260925,"00Z,12Z",D1,3h,-2.032,2.49,2.854,0.893,470
47E1D6C2,PUENTE SAN CARLOS,CAJAMARCA,CHOTA,mpas15,temp,20260827,20260925,00Z,D1,3h,-2.587,2.768,3.075,0.86,239
47E1F02E,TUNEL CHOTANO,CAJAMARCA,CHOTA,ecmwf,temp,20260827,20260925,"00Z,12Z",D1,3h,-3.771,3.834,4.366,0.907,476
47E1F02E,TUNEL CHOTANO,CAJAMARCA,CHOTA,gfs,temp,20260827,20260925,"00Z,12Z",D1,3h,-4.123,4.157,4.645,0.889,476
47E1F02E,TUNEL CHOTANO,CAJAMARCA,CHOTA,eta5,temp,20260827,20260925,"00Z,12Z",D1,3h,-1.539,1.903,2.295,0.921,401
47E1F02E,TUNEL CHOTANO,CAJAMARCA,CHOTA,wrf5,temp,20260827,20260925,"00Z,12Z",D1,3h,-2.379,2.684,3.248,0.869,468
47E1F02E,TUNEL CHOTANO,CAJAMARCA,CHOTA,mpas15,temp,20260827,20260925,00Z,D1,3h,-5.457,5.469,6.126,0.895,238
472C92CA,CASCABAMBA,CAJAMARCA,CONTUMAZA,ecmwf,temp,20260827,20260925,"00Z,12Z",D1,3h,7.473,7.473,7.868,0.75,480
472C92CA,CASCABAMBA,CAJAMARCA,CONTUMAZA,gfs,temp,20260827,20260925,"00Z,12Z",D1,3h,9.222,9.222,9.536,0.713,480
472C92CA,CASCABAMBA,CAJAMARCA,CONTUMAZA,eta5,temp,20260827,20260925,"00Z,12Z",D1,3h,0.445,1.344,1.697,0.838,405
472C92CA,CASCABAMBA,CAJAMARCA,CONTUMAZA,wrf5,temp,20260827,20260925,"00Z,12Z",D1,3h,0.306,1.913,2.377,0.729,472
472C92CA,CASCABAMBA,CAJAMARCA,CONTUMAZA,mpas15,temp,20260827,20260925,00Z,D1,3h,6.73,6.738,7.058,0.77,240
472C81BC,GUZMANGO,CAJAMARCA,CONTUMAZA,ecmwf,temp,20260827,20260925,"00Z,12Z",D1,3h,3.899,3.905,4.222,0.753,478
472C81BC,GUZMANGO,CAJAMARCA,CONTUMAZA,gfs,temp,20260827,20260925,"00Z,12Z",D1,3h,4.462,4.462,4.792,0.737,478
472C81BC,GUZMANGO,CAJAMARCA,CONTUMAZA,eta5,temp,20260827,20260925,"00Z,12Z",D1,3h,0.924,1.469,1.849,0.817,403
472C81BC,GUZMANGO,CAJAMARCA,CONTUMAZA,wrf5,temp,20260827,20260925,"00Z,12Z",D1,3h,2.055,2.284,2.691,0.698,470
472C81BC,GUZMANGO,CAJAMARCA,CONTUMAZA,mpas15,temp,20260827,20260925,00Z,D1,3h,2.053,2.199,2.671,0.798,239
4727470A,PUENTE CHILETE,CAJAMARCA,CONTUMAZA,ecmwf,temp,20260827,20260925,"00Z,12Z",D1,3h,-8.023,8.023,8.296,0.883,478
4727470A,PUENTE CHILETE,CAJAMARCA,CONTUMAZA,gfs,temp,20260827,20260925,"00Z,12Z",D1,3h,-7.606,7.606,7.918,0.814,478
4727470A,PUENTE CHILETE,CAJAMARCA,CONTUMAZA,eta5,temp,20260827,20260925,"00Z,12Z",D1,3h,-1.069,1.69,2.095,0.903,403
4727470A,PUENTE CHILETE,CAJAMARCA,CONTUMAZA,wrf5,temp,20260827,20260925,"00Z,12Z",D1,3h,-2.018,2.243,2.69,0.903,470
4727470A,PUENTE CHILETE,CAJAMARCA,CONTUMAZA,mpas15,temp,20260827,20260925,00Z,D1,3h,-10.302,10.302,10.594,0.776,239
4726E508,YONAN GORE,CAJAMARCA,CONTUMAZA,ecmwf,temp,20260827,20260925,"00Z,12Z",D1,3h,S/D,S/D,S/D,S/D,0
4726E508,YONAN GORE,CAJAMARCA,CONTUMAZA,gfs,temp,20260827,20260925,"00Z,12Z",D1,3h,S/D,S/D,S/D,S/D,0
4726E508,YONAN GORE,CAJAMARCA,CONTUMAZA,eta5,temp,20260827,20260925,"00Z,12Z",D1,3h,S/D,S/D,S/D,S/D,0
4726E508,YONAN GORE,CAJAMARCA,CONTUMAZA,wrf5,temp,20260827,20260925,"00Z,12Z",D1,3h,S/D,S/D,S/D,S/D,0
4726E508,YONAN GORE,CAJAMARCA,CONTUMAZA,mpas15,temp,20260827,20260925,00Z,D1,3h,S/D,S/D,S/D,S/D,0
472B3006,CUMBA,CAJAMARCA,CUTERVO,ecmwf,temp,20260827,20260925,"00Z,12Z",D1,3h,S/D,S/D,S/D,S/D,0
472B3006,CUMBA,CAJAMARCA,CUTERVO,gfs,temp,20260827,20260925,"00Z,12Z",D1,3h,S/D,S/D,S/D,S/D,0
472B3006,CUMBA,CAJAMARCA,CUTERVO,eta5,temp,20260827,20260925,"00Z,12Z",D1,3h,S/D,S/D,S/D,S/D,0
472B3006,CUMBA,CAJAMARCA,CUTERVO,wrf5,temp,20260827,20260925,"00Z,12Z",D1,3h,S/D,S/D,S/D,S/D,0
472B3006,CUMBA,CAJAMARCA,CUTERVO,mpas15,temp,20260827,20260925,00Z,D1,3h,S/D,S/D,S/D,S/D,0
4726A602,CUTERVO,CAJAMARCA,CUTERVO,ecmwf,temp,20260827,20260925,"00Z,12Z",D1,3h,0.783,1.633,2.075,0.839,456
4726A602,CUTERVO,CAJAMARCA,CUTERVO,gfs,temp,20260827,20260925,"00Z,12Z",D1,3h,0.372,1.428,1.803,0.884,456
4726A602,CUTERVO,CAJAMARCA,CUTERVO,eta5,temp,20260827,20260925,"00Z,12Z",D1,3h,-0.548,1.633,2.031,0.865,389
4726A602,CUTERVO,CAJAMARCA,CUTERVO,wrf5,temp,20260827,20260925,"00Z,12Z",D1,3h,-0.395,1.25,1.535,0.887,448
4726A602,CUTERVO,CAJAMARCA,CUTERVO,mpas15,temp,20260827,20260925,00Z,D1,3h,0.47,1.069,1.329,0.901,228
4726D092,BAMBAMARCA H,CAJAMARCA,HUALGAYOC,ecmwf,temp,20260827,20260925,"00Z,12Z",D1,3h,S/D,S/D,S/D,S/D,0
4726D092,BAMBAMARCA H,CAJAMARCA,HUALGAYOC,gfs,temp,20260827,20260925,"00Z,12Z",D1,3h,S/D,S/D,S/D,S/D,0
4726D092,BAMBAMARCA H,CAJAMARCA,HUALGAYOC,eta5,temp,20260827,20260925,"00Z,12Z",D1,3h,S/D,S/D,S/D,S/D,0
4726D092,BAMBAMARCA H,CAJAMARCA,HUALGAYOC,wrf5,temp,20260827,20260925,"00Z,12Z",D1,3h,S/D,S/D,S/D,S/D,0
4726D092,BAMBAMARCA H,CAJAMARCA,HUALGAYOC,mpas15,temp,20260827,20260925,00Z,D1,3h,S/D,S/D,S/D,S/D,0
472680EE,BAMBAMARCA M,CAJAMARCA,HUALGAYOC,ecmwf,temp,20260827,20260925,"00Z,12Z",D1,3h,-4.314,4.329,4.757,0.893,476
472680EE,BAMBAMARCA M,CAJAMARCA,HUALGAYOC,gfs,temp,20260827,20260925,"00Z,12Z",D1,3h,-5.565,5.565,5.844,0.852,476
472680EE,BAMBAMARCA M,CAJAMARCA,HUALGAYOC,eta5,temp,20260827,20260925,"00Z,12Z",D1,3h,-2.706,3.0,3.407,0.88,401
472680EE,BAMBAMARCA M,CAJAMARCA,HUALGAYOC,wrf5,temp,20260827,20260925,"00Z,12Z",D1,3h,-0.431,1.417,1.766,0.89,468
472680EE,BAMBAMARCA M,CAJAMARCA,HUALGAYOC,mpas15,temp,20260827,20260925,00Z,D1,3h,-5.665,5.665,5.96,0.832,238
4727F484,CHUGUR,CAJAMARCA,HUALGAYOC,ecmwf,temp,20260827,20260925,"00Z,12Z",D1,3h,-4.529,4.531,4.869,0.845,474
4727F484,CHUGUR,CAJAMARCA,HUALGAYOC,gfs,temp,20260827,20260925,"00Z,12Z",D1,3h,-2.528,2.595,2.996,0.87,474
4727F484,CHUGUR,CAJAMARCA,HUALGAYOC,eta5,temp,20260827,20260925,"00Z,12Z",D1,3h,0.513,1.349,1.643,0.913,400
4727F484,CHUGUR,CAJAMARCA,HUALGAYOC,wrf5,temp,20260827,20260925,"00Z,12Z",D1,3h,-2.003,2.115,2.499,0.855,466
4727F484,CHUGUR,CAJAMARCA,HUALGAYOC,mpas15,temp,20260827,20260925,00Z,D1,3h,-1.499,1.829,2.185,0.841,237
472A571A,HUALLAPE,CAJAMARCA,JAEN,ecmwf,temp,20260827,20260925,"00Z,12Z",D1,3h,S/D,S/D,S/D,S/D,0
472A571A,HUALLAPE,CAJAMARCA,JAEN,gfs,temp,20260827,20260925,"00Z,12Z",D1,3h,S/D,S/D,S/D,S/D,0
472A571A,HUALLAPE,CAJAMARCA,JAEN,eta5,temp,20260827,20260925,"00Z,12Z",D1,3h,S/D,S/D,S/D,S/D,0
472A571A,HUALLAPE,CAJAMARCA,JAEN,wrf5,temp,20260827,20260925,"00Z,12Z",D1,3h,S/D,S/D,S/D,S/D,0
472A571A,HUALLAPE,CAJAMARCA,JAEN,mpas15,temp,20260827,20260925,00Z,D1,3h,S/D,S/D,S/D,S/D,0
47269398,JAEN,CAJAMARCA,JAEN,ecmwf,temp,20260827,20260925,"00Z,12Z",D1,3h,-3.117,3.215,3.599,0.918,468
47269398,JAEN,CAJAMARCA,JAEN,gfs,temp,20260827,20260925,"00Z,12Z",D1,3h,-2.3,2.479,2.828,0.915,468
47269398,JAEN,CAJAMARCA,JAEN,eta5,temp,20260827,20260925,"00Z,12Z",D1,3h,-0.863,1.703,2.091,0.892,394
47269398,JAEN,CAJAMARCA,JAEN,wrf5,temp,20260827,20260925,"00Z,12Z",D1,3h,0.331,1.533,2.019,0.871,460
47269398,JAEN,CAJAMARCA,JAEN,mpas15,temp,20260827,20260925,00Z,D1,3h,-4.384,4.428,4.828,0.894,234
105136,SAUZAL,CAJAMARCA,JAEN,ecmwf,temp,20260827,20260925,"00Z,12Z",D1,3h,S/D,S/D,S/D,S/D,0
105136,SAUZAL,CAJAMARCA,JAEN,gfs,temp,20260827,20260925,"00Z,12Z",D1,3h,S/D,S/D,S/D,S/D,0
105136,SAUZAL,CAJAMARCA,JAEN,eta5,temp,20260827,20260925,"00Z,12Z",D1,3h,S/D,S/D,S/D,S/D,0
105136,SAUZAL,CAJAMARCA,JAEN,wrf5,temp,20260827,20260925,"00Z,12Z",D1,3h,S/D,S/D,S/D,S/D,0
105136,SAUZAL,CAJAMARCA,JAEN,mpas15,temp,20260827,20260925,00Z,D1,3h,S/D,S/D,S/D,S/D,0
4725E206,SAN MARCOS,CAJAMARCA,SAN MARCOS,ecmwf,temp,20260827,20260925,"00Z,12Z",D1,3h,-4.567,4.597,5.114,0.927,468
4725E206,SAN MARCOS,CAJAMARCA,SAN MARCOS,gfs,temp,20260827,20260925,"00Z,12Z",D1,3h,-4.487,4.618,5.542,0.908,468
4725E206,SAN MARCOS,CAJAMARCA,SAN MARCOS,eta5,temp,20260827,20260925,"00Z,12Z",D1,3h,-1.681,2.617,3.151,0.894,395
4725E206,SAN MARCOS,CAJAMARCA,SAN MARCOS,wrf5,temp,20260827,20260925,"00Z,12Z",D1,3h,1.565,2.574,3.116,0.897,460
4725E206,SAN MARCOS,CAJAMARCA,SAN MARCOS,mpas15,temp,20260827,20260925,00Z,D1,3h,-4.148,4.251,5.182,0.931,234
47E207A4,TONGOD,CAJAMARCA,SAN MIGUEL,ecmwf,temp,20260827,20260925,"00Z,12Z",D1,3h,-4.534,4.755,5.409,0.851,476
47E207A4,TONGOD,CAJAMARCA,SAN MIGUEL,gfs,temp,20260827,20260925,"00Z,12Z",D1,3h,-2.52,3.172,3.722,0.851,476
47E207A4,TONGOD,CAJAMARCA,SAN MIGUEL,eta5,temp,20260827,20260925,"00Z,12Z",D1,3h,-3.5,3.889,4.324,0.864,402
47E207A4,TONGOD,CAJAMARCA,SAN MIGUEL,wrf5,temp,20260827,20260925,"00Z,12Z",D1,3h,0.869,1.996,2.758,0.875,468
47E207A4,TONGOD,CAJAMARCA,SAN MIGUEL,mpas15,temp,20260827,20260925,00Z,D1,3h,-3.359,3.92,4.442,0.809,238
47E1C5B4,CAÑAD,CAJAMARCA,SANTA CRUZ,ecmwf,temp,20260827,20260925,"00Z,12Z",D1,3h,-9.762,9.762,10.04,0.737,476
47E1C5B4,CAÑAD,CAJAMARCA,SANTA CRUZ,gfs,temp,20260827,20260925,"00Z,12Z",D1,3h,-8.925,8.925,9.203,0.711,476
47E1C5B4,CAÑAD,CAJAMARCA,SANTA CRUZ,eta5,temp,20260827,20260925,"00Z,12Z",D1,3h,-5.344,5.396,6.156,0.74,402
47E1C5B4,CAÑAD,CAJAMARCA,SANTA CRUZ,wrf5,temp,20260827,20260925,"00Z,12Z",D1,3h,-2.061,2.378,2.866,0.795,468
47E1C5B4,CAÑAD,CAJAMARCA,SANTA CRUZ,mpas15,temp,20260827,20260925,00Z,D1,3h,-7.263,7.263,7.547,0.764,238
47E3055E,CHANCAY BAÑOS,CAJAMARCA,SANTA CRUZ,ecmwf,temp,20260827,20260925,"00Z,12Z",D1,3h,-5.549,5.549,5.843,0.913,478
47E3055E,CHANCAY BAÑOS,CAJAMARCA,SANTA CRUZ,gfs,temp,20260827,20260925,"00Z,12Z",D1,3h,-5.919,5.919,6.196,0.875,478
47E3055E,CHANCAY BAÑOS,CAJAMARCA,SANTA CRUZ,eta5,temp,20260827,20260925,"00Z,12Z",D1,3h,-2.716,2.805,3.305,0.903,404
47E3055E,CHANCAY BAÑOS,CAJAMARCA,SANTA CRUZ,wrf5,temp,20260827,20260925,"00Z,12Z",D1,3h,0.165,1.455,1.833,0.878,470
47E3055E,CHANCAY BAÑOS,CAJAMARCA,SANTA CRUZ,mpas15,temp,20260827,20260925,00Z,D1,3h,-5.7,5.7,6.083,0.889,239
47E1E358,PUENTE AMBAN,CAJAMARCA,SANTA CRUZ,ecmwf,temp,20260827,20260925,"00Z,12Z",D1,3h,-4.99,4.995,5.418,0.902,478
47E1E358,PUENTE AMBAN,CAJAMARCA,SANTA CRUZ,gfs,temp,20260827,20260925,"00Z,12Z",D1,3h,-4.163,4.195,4.601,0.879,478
47E1E358,PUENTE AMBAN,CAJAMARCA,SANTA CRUZ,eta5,temp,20260827,20260925,"00Z,12Z",D1,3h,-2.574,2.675,3.124,0.909,403
47E1E358,PUENTE AMBAN,CAJAMARCA,SANTA CRUZ,wrf5,temp,20260827,20260925,"00Z,12Z",D1,3h,-0.593,1.793,2.198,0.866,470
47E1E358,PUENTE AMBAN,CAJAMARCA,SANTA CRUZ,mpas15,temp,20260827,20260925,00Z,D1,3h,-6.884,6.884,7.404,0.898,239
114132,POMACANCHI,CUSCO,ACOMAYO,ecmwf,temp,20260827,20260925,"00Z,12Z",D1,3h,-1.834,2.312,2.741,0.922,480
114132,POMACANCHI,CUSCO,ACOMAYO,gfs,temp,20260827,20260925,"00Z,12Z",D1,3h,-1.151,2.3,2.772,0.892,480
114132,POMACANCHI,CUSCO,ACOMAYO,eta5,temp,20260827,20260925,"00Z,12Z",D1,3h,-0.012,1.823,2.273,0.871,405
114132,POMACANCHI,CUSCO,ACOMAYO,wrf5,temp,20260827,20260925,"00Z,12Z",D1,3h,0.914,1.826,2.441,0.902,472
114132,POMACANCHI,CUSCO,ACOMAYO,mpas15,temp,20260827,20260925,00Z,D1,3h,-2.826,3.112,3.61,0.921,240
113252,ANCACHURO,CUSCO,ANTA,ecmwf,temp,20260827,20260925,"00Z,12Z",D1,3h,-1.653,2.901,3.485,0.886,480
113252,ANCACHURO,CUSCO,ANTA,gfs,temp,20260827,20260925,"00Z,12Z",D1,3h,-0.61,3.282,3.757,0.864,480
113252,ANCACHURO,CUSCO,ANTA,eta5,temp,20260827,20260925,"00Z,12Z",D1,3h,3.825,3.863,4.531,0.901,405
113252,ANCACHURO,CUSCO,ANTA,wrf5,temp,20260827,20260925,"00Z,12Z",D1,3h,2.417,2.93,3.677,0.915,472
113252,ANCACHURO,CUSCO,ANTA,mpas15,temp,20260827,20260925,00Z,D1,3h,-2.165,3.09,3.847,0.939,240
47294362,SORAYPAMPA,CUSCO,ANTA,ecmwf,temp,20260827,20260925,"00Z,12Z",D1,3h,3.949,4.019,4.639,0.855,480
47294362,SORAYPAMPA,CUSCO,ANTA,gfs,temp,20260827,20260925,"00Z,12Z",D1,3h,3.321,3.369,3.901,0.866,480
47294362,SORAYPAMPA,CUSCO,ANTA,eta5,temp,20260827,20260925,"00Z,12Z",D1,3h,-3.106,3.326,3.723,0.87,405
47294362,SORAYPAMPA,CUSCO,ANTA,wrf5,temp,20260827,20260925,"00Z,12Z",D1,3h,-1.606,2.38,2.921,0.856,472
47294362,SORAYPAMPA,CUSCO,ANTA,mpas15,temp,20260827,20260925,00Z,D1,3h,-1.378,2.032,2.575,0.889,240
472976F8,CALCA,CUSCO,CALCA,ecmwf,temp,20260827,20260925,"00Z,12Z",D1,3h,-10.268,10.268,10.722,0.804,476
472976F8,CALCA,CUSCO,CALCA,gfs,temp,20260827,20260925,"00Z,12Z",D1,3h,-7.784,7.784,8.549,0.823,476
472976F8,CALCA,CUSCO,CALCA,eta5,temp,20260827,20260925,"00Z,12Z",D1,3h,-6.828,6.83,7.308,0.858,402
472976F8,CALCA,CUSCO,CALCA,wrf5,temp,20260827,20260925,"00Z,12Z",D1,3h,-0.658,2.135,2.596,0.89,468
472976F8,CALCA,CUSCO,CALCA,mpas15,temp,20260827,20260925,00Z,D1,3h,-8.89,8.89,9.376,0.897,238
472A6280,NUEVO PISAC,CUSCO,CALCA,ecmwf,temp,20260827,20260925,"00Z,12Z",D1,3h,S/D,S/D,S/D,S/D,0
472A6280,NUEVO PISAC,CUSCO,CALCA,gfs,temp,20260827,20260925,"00Z,12Z",D1,3h,S/D,S/D,S/D,S/D,0
472A6280,NUEVO PISAC,CUSCO,CALCA,eta5,temp,20260827,20260925,"00Z,12Z",D1,3h,S/D,S/D,S/D,S/D,0
472A6280,NUEVO PISAC,CUSCO,CALCA,wrf5,temp,20260827,20260925,"00Z,12Z",D1,3h,S/D,S/D,S/D,S/D,0
472A6280,NUEVO PISAC,CUSCO,CALCA,mpas15,temp,20260827,20260925,00Z,D1,3h,S/D,S/D,S/D,S/D,0
114126,PAYAPUNKU,CUSCO,CANAS,ecmwf,temp,20260827,20260925,"00Z,12Z",D1,3h,-1.493,2.426,2.954,0.886,480
114126,PAYAPUNKU,CUSCO,CANAS,gfs,temp,20260827,20260925,"00Z,12Z",D1,3h,-0.294,1.977,2.543,0.891,480
114126,PAYAPUNKU,CUSCO,CANAS,eta5,temp,20260827,20260925,"00Z,12Z",D1,3h,-0.93,2.327,2.795,0.864,405
114126,PAYAPUNKU,CUSCO,CANAS,wrf5,temp,20260827,20260925,"00Z,12Z",D1,3h,0.918,2.373,3.05,0.847,472
114126,PAYAPUNKU,CUSCO,CANAS,mpas15,temp,20260827,20260925,00Z,D1,3h,-2.718,3.192,3.571,0.911,240
114125,SAUSAYA,CUSCO,CANAS,ecmwf,temp,20260827,20260925,"00Z,12Z",D1,3h,-0.383,4.098,5.063,0.868,476
114125,SAUSAYA,CUSCO,CANAS,gfs,temp,20260827,20260925,"00Z,12Z",D1,3h,0.814,4.055,5.236,0.86,476
114125,SAUSAYA,CUSCO,CANAS,eta5,temp,20260827,20260925,"00Z,12Z",D1,3h,3.743,4.304,5.668,0.865,403
114125,SAUSAYA,CUSCO,CANAS,wrf5,temp,20260827,20260925,"00Z,12Z",D1,3h,3.12,4.292,5.786,0.858,468
114125,SAUSAYA,CUSCO,CANAS,mpas15,temp,20260827,20260925,00Z,D1,3h,-0.916,3.969,4.745,0.913,238
472E025C,QUISOQUEPINA,CUSCO,CANCHIS,ecmwf,temp,20260827,20260925,"00Z,12Z",D1,3h,-0.259,1.667,2.084,0.61,120
472E025C,QUISOQUEPINA,CUSCO,CANCHIS,gfs,temp,20260827,20260925,"00Z,12Z",D1,3h,2.207,2.302,2.832,0.675,120
472E025C,QUISOQUEPINA,CUSCO,CANCHIS,eta5,temp,20260827,20260925,"00Z,12Z",D1,3h,2.391,2.474,2.932,0.699,109
472E025C,QUISOQUEPINA,CUSCO,CANCHIS,wrf5,temp,20260827,20260925,"00Z,12Z",D1,3h,0.484,1.765,2.228,0.526,114
472E025C,QUISOQUEPINA,CUSCO,CANCHIS,mpas15,temp,20260827,20260925,00Z,D1,3h,1.721,2.034,2.539,0.65,60
114118,SALCCA,CUSCO,CANCHIS,ecmwf,temp,20260827,20260925,"00Z,12Z",D1,3h,S/D,S/D,S/D,S/D,0
114118,SALCCA,CUSCO,CANCHIS,gfs,temp,20260827,20260925,"00Z,12Z",D1,3h,S/D,S/D,S/D,S/D,0
114118,SALCCA,CUSCO,CANCHIS,eta5,temp,20260827,20260925,"00Z,12Z",D1,3h,S/D,S/D,S/D,S/D,0
114118,SALCCA,CUSCO,CANCHIS,wrf5,temp,20260827,20260925,"00Z,12Z",D1,3h,S/D,S/D,S/D,S/D,0
114118,SALCCA,CUSCO,CANCHIS,mpas15,temp,20260827,20260925,00Z,D1,3h,S/D,S/D,S/D,S/D,0
47E8B578,SIBINACOCHA,CUSCO,CANCHIS,ecmwf,temp,20260827,20260925,"00Z,12Z",D1,3h,-0.022,2.482,2.945,0.774,480
47E8B578,SIBINACOCHA,CUSCO,CANCHIS,gfs,temp,20260827,20260925,"00Z,12Z",D1,3h,0.453,1.809,2.3,0.804,480
47E8B578,SIBINACOCHA,CUSCO,CANCHIS,eta5,temp,20260827,20260925,"00Z,12Z",D1,3h,3.329,3.416,4.134,0.827,405
47E8B578,SIBINACOCHA,CUSCO,CANCHIS,wrf5,temp,20260827,20260925,"00Z,12Z",D1,3h,1.509,2.336,2.913,0.772,472
47E8B578,SIBINACOCHA,CUSCO,CANCHIS,mpas15,temp,20260827,20260925,00Z,D1,3h,-1.686,2.337,2.847,0.789,240
4726158C,SICUANI,CUSCO,CANCHIS,ecmwf,temp,20260827,20260925,"00Z,12Z",D1,3h,-2.227,2.773,3.275,0.951,472
4726158C,SICUANI,CUSCO,CANCHIS,gfs,temp,20260827,20260925,"00Z,12Z",D1,3h,-1.53,3.504,4.066,0.889,472
4726158C,SICUANI,CUSCO,CANCHIS,eta5,temp,20260827,20260925,"00Z,12Z",D1,3h,0.467,2.165,2.677,0.914,399
4726158C,SICUANI,CUSCO,CANCHIS,wrf5,temp,20260827,20260925,"00Z,12Z",D1,3h,2.674,3.226,4.311,0.9,464
4726158C,SICUANI,CUSCO,CANCHIS,mpas15,temp,20260827,20260925,00Z,D1,3h,-4.816,5.218,6.169,0.904,236
114123,MARCA CUNKA,CUSCO,CHUMBIVILCAS,ecmwf,temp,20260827,20260925,"00Z,12Z",D1,3h,-2.359,3.416,4.156,0.876,480
114123,MARCA CUNKA,CUSCO,CHUMBIVILCAS,gfs,temp,20260827,20260925,"00Z,12Z",D1,3h,-0.426,2.916,3.677,0.889,480
114123,MARCA CUNKA,CUSCO,CHUMBIVILCAS,eta5,temp,20260827,20260925,"00Z,12Z",D1,3h,1.462,3.026,3.778,0.852,405
114123,MARCA CUNKA,CUSCO,CHUMBIVILCAS,wrf5,temp,20260827,20260925,"00Z,12Z",D1,3h,0.893,3.06,3.937,0.848,472
114123,MARCA CUNKA,CUSCO,CHUMBIVILCAS,mpas15,temp,20260827,20260925,00Z,D1,3h,-2.684,3.803,4.366,0.889,240
4729A090,SANTO TOMAS,CUSCO,CHUMBIVILCAS,ecmwf,temp,20260827,20260925,"00Z,12Z",D1,3h,-4.013,4.09,4.59,0.914,468
4729A090,SANTO TOMAS,CUSCO,CHUMBIVILCAS,gfs,temp,20260827,20260925,"00Z,12Z",D1,3h,-2.059,2.384,2.931,0.939,468
4729A090,SANTO TOMAS,CUSCO,CHUMBIVILCAS,eta5,temp,20260827,20260925,"00Z,12Z",D1,3h,0.449,1.825,2.372,0.886,395
4729A090,SANTO TOMAS,CUSCO,CHUMBIVILCAS,wrf5,temp,20260827,20260925,"00Z,12Z",D1,3h,2.269,2.555,3.16,0.912,460
4729A090,SANTO TOMAS,CUSCO,CHUMBIVILCAS,mpas15,temp,20260827,20260925,00Z,D1,3h,-4.354,4.446,4.943,0.895,234
114124,HUAYHUAHUASI,CUSCO,ESPINAR,ecmwf,temp,20260827,20260925,"00Z,12Z",D1,3h,1.343,3.382,4.361,0.925,480
114124,HUAYHUAHUASI,CUSCO,ESPINAR,gfs,temp,20260827,20260925,"00Z,12Z",D1,3h,2.86,4.675,6.309,0.834,480
114124,HUAYHUAHUASI,CUSCO,ESPINAR,eta5,temp,20260827,20260925,"00Z,12Z",D1,3h,5.003,5.31,6.917,0.855,405
114124,HUAYHUAHUASI,CUSCO,ESPINAR,wrf5,temp,20260827,20260925,"00Z,12Z",D1,3h,3.735,4.978,6.615,0.83,472
114124,HUAYHUAHUASI,CUSCO,ESPINAR,mpas15,temp,20260827,20260925,00Z,D1,3h,-0.207,3.743,4.675,0.925,240
47E880E2,PICHARI,CUSCO,LA CONVENCION,ecmwf,temp,20260827,20260925,"00Z,12Z",D1,3h,-7.921,7.921,8.435,0.784,478
47E880E2,PICHARI,CUSCO,LA CONVENCION,gfs,temp,20260827,20260925,"00Z,12Z",D1,3h,-7.453,7.458,8.059,0.701,478
47E880E2,PICHARI,CUSCO,LA CONVENCION,eta5,temp,20260827,20260925,"00Z,12Z",D1,3h,1.125,2.202,2.814,0.786,404
47E880E2,PICHARI,CUSCO,LA CONVENCION,wrf5,temp,20260827,20260925,"00Z,12Z",D1,3h,1.56,2.359,3.05,0.812,470
47E880E2,PICHARI,CUSCO,LA CONVENCION,mpas15,temp,20260827,20260925,00Z,D1,3h,-9.474,9.474,10.103,0.586,239
112264,PONGO DE MAINIQUE,CUSCO,LA CONVENCION,ecmwf,temp,20260827,20260925,"00Z,12Z",D1,3h,-2.567,3.05,3.39,0.819,480
112264,PONGO DE MAINIQUE,CUSCO,LA CONVENCION,gfs,temp,20260827,20260925,"00Z,12Z",D1,3h,-1.448,2.75,3.261,0.768,480
112264,PONGO DE MAINIQUE,CUSCO,LA CONVENCION,eta5,temp,20260827,20260925,"00Z,12Z",D1,3h,1.073,1.922,2.485,0.75,405
112264,PONGO DE MAINIQUE,CUSCO,LA CONVENCION,wrf5,temp,20260827,20260925,"00Z,12Z",D1,3h,0.976,1.76,2.284,0.826,472
112264,PONGO DE MAINIQUE,CUSCO,LA CONVENCION,mpas15,temp,20260827,20260925,00Z,D1,3h,-2.842,3.23,3.616,0.77,240
4729658E,SAN PABLO,CUSCO,LA CONVENCION,ecmwf,temp,20260827,20260925,"00Z,12Z",D1,3h,-10.967,10.967,11.365,0.811,480
4729658E,SAN PABLO,CUSCO,LA CONVENCION,gfs,temp,20260827,20260925,"00Z,12Z",D1,3h,-9.933,9.933,10.378,0.8,480
4729658E,SAN PABLO,CUSCO,LA CONVENCION,eta5,temp,20260827,20260925,"00Z,12Z",D1,3h,-5.492,5.541,6.332,0.778,405
4729658E,SAN PABLO,CUSCO,LA CONVENCION,wrf5,temp,20260827,20260925,"00Z,12Z",D1,3h,-1.612,2.505,2.96,0.822,472
4729658E,SAN PABLO,CUSCO,LA CONVENCION,mpas15,temp,20260827,20260925,00Z,D1,3h,-10.812,10.812,11.475,0.652,240
4722A338,ACJANACO ,CUSCO,PAUCARTAMBO,ecmwf,temp,20260827,20260925,"00Z,12Z",D1,3h,-0.028,1.868,2.326,0.734,478
4722A338,ACJANACO ,CUSCO,PAUCARTAMBO,gfs,temp,20260827,20260925,"00Z,12Z",D1,3h,1.353,2.055,2.636,0.69,478
4722A338,ACJANACO ,CUSCO,PAUCARTAMBO,eta5,temp,20260827,20260925,"00Z,12Z",D1,3h,-0.298,1.622,2.115,0.722,403
4722A338,ACJANACO ,CUSCO,PAUCARTAMBO,wrf5,temp,20260827,20260925,"00Z,12Z",D1,3h,1.295,2.021,2.661,0.609,470
4722A338,ACJANACO ,CUSCO,PAUCARTAMBO,mpas15,temp,20260827,20260925,00Z,D1,3h,-0.888,1.657,2.217,0.785,239
210007,PAUCARTAMBO,CUSCO,PAUCARTAMBO,ecmwf,temp,20260827,20260925,"00Z,12Z",D1,3h,S/D,S/D,S/D,S/D,0
210007,PAUCARTAMBO,CUSCO,PAUCARTAMBO,gfs,temp,20260827,20260925,"00Z,12Z",D1,3h,S/D,S/D,S/D,S/D,0
210007,PAUCARTAMBO,CUSCO,PAUCARTAMBO,eta5,temp,20260827,20260925,"00Z,12Z",D1,3h,S/D,S/D,S/D,S/D,0
210007,PAUCARTAMBO,CUSCO,PAUCARTAMBO,wrf5,temp,20260827,20260925,"00Z,12Z",D1,3h,S/D,S/D,S/D,S/D,0
210007,PAUCARTAMBO,CUSCO,PAUCARTAMBO,mpas15,temp,20260827,20260925,00Z,D1,3h,S/D,S/D,S/D,S/D,0
113247,ASHANAKU,CUSCO,QUISPICANCHI,ecmwf,temp,20260827,20260925,"00Z,12Z",D1,3h,-0.611,1.743,2.124,0.838,480
113247,ASHANAKU,CUSCO,QUISPICANCHI,gfs,temp,20260827,20260925,"00Z,12Z",D1,3h,0.056,2.007,2.565,0.814,480
113247,ASHANAKU,CUSCO,QUISPICANCHI,eta5,temp,20260827,20260925,"00Z,12Z",D1,3h,0.485,1.702,2.253,0.816,405
113247,ASHANAKU,CUSCO,QUISPICANCHI,wrf5,temp,20260827,20260925,"00Z,12Z",D1,3h,-1.347,2.233,2.791,0.763,472
113247,ASHANAKU,CUSCO,QUISPICANCHI,mpas15,temp,20260827,20260925,00Z,D1,3h,-1.122,1.919,2.594,0.876,240
113254,QUINCEMIL,CUSCO,QUISPICANCHI,ecmwf,temp,20260827,20260925,"00Z,12Z",D1,3h,-0.239,1.468,1.908,0.82,480
113254,QUINCEMIL,CUSCO,QUISPICANCHI,gfs,temp,20260827,20260925,"00Z,12Z",D1,3h,-0.38,1.863,2.429,0.752,480
113254,QUINCEMIL,CUSCO,QUISPICANCHI,eta5,temp,20260827,20260925,"00Z,12Z",D1,3h,1.105,1.995,2.498,0.77,405
113254,QUINCEMIL,CUSCO,QUISPICANCHI,wrf5,temp,20260827,20260925,"00Z,12Z",D1,3h,2.949,3.129,3.577,0.825,472
113254,QUINCEMIL,CUSCO,QUISPICANCHI,mpas15,temp,20260827,20260925,00Z,D1,3h,-1.594,2.219,2.742,0.76,240
472A9204,CHILCA,CUSCO,URUBAMBA,ecmwf,temp,20260827,20260925,"00Z,12Z",D1,3h,S/D,S/D,S/D,S/D,0
472A9204,CHILCA,CUSCO,URUBAMBA,gfs,temp,20260827,20260925,"00Z,12Z",D1,3h,S/D,S/D,S/D,S/D,0
472A9204,CHILCA,CUSCO,URUBAMBA,eta5,temp,20260827,20260925,"00Z,12Z",D1,3h,S/D,S/D,S/D,S/D,0
472A9204,CHILCA,CUSCO,URUBAMBA,wrf5,temp,20260827,20260925,"00Z,12Z",D1,3h,S/D,S/D,S/D,S/D,0
472A9204,CHILCA,CUSCO,URUBAMBA,mpas15,temp,20260827,20260925,00Z,D1,3h,S/D,S/D,S/D,S/D,0
4727C11E,HUAYLLABAMBA,CUSCO,URUBAMBA,ecmwf,temp,20260827,20260925,"00Z,12Z",D1,3h,-5.984,6.0,6.457,0.765,472
4727C11E,HUAYLLABAMBA,CUSCO,URUBAMBA,gfs,temp,20260827,20260925,"00Z,12Z",D1,3h,-5.096,5.1,5.625,0.826,472
4727C11E,HUAYLLABAMBA,CUSCO,URUBAMBA,eta5,temp,20260827,20260925,"00Z,12Z",D1,3h,-2.481,2.695,3.164,0.845,400
4727C11E,HUAYLLABAMBA,CUSCO,URUBAMBA,wrf5,temp,20260827,20260925,"00Z,12Z",D1,3h,-6.312,6.317,6.779,0.827,464
4727C11E,HUAYLLABAMBA,CUSCO,URUBAMBA,mpas15,temp,20260827,20260925,00Z,D1,3h,-6.287,6.287,6.711,0.836,236
472935F2,INTIHUATANA H,CUSCO,URUBAMBA,ecmwf,temp,20260827,20260925,"00Z,12Z",D1,3h,S/D,S/D,S/D,S/D,0
472935F2,INTIHUATANA H,CUSCO,URUBAMBA,gfs,temp,20260827,20260925,"00Z,12Z",D1,3h,S/D,S/D,S/D,S/D,0
472935F2,INTIHUATANA H,CUSCO,URUBAMBA,eta5,temp,20260827,20260925,"00Z,12Z",D1,3h,S/D,S/D,S/D,S/D,0
472935F2,INTIHUATANA H,CUSCO,URUBAMBA,wrf5,temp,20260827,20260925,"00Z,12Z",D1,3h,S/D,S/D,S/D,S/D,0
472935F2,INTIHUATANA H,CUSCO,URUBAMBA,mpas15,temp,20260827,20260925,00Z,D1,3h,S/D,S/D,S/D,S/D,0
472852EE,INTIHUATANA M,CUSCO,URUBAMBA,ecmwf,temp,20260827,20260925,"00Z,12Z",D1,3h,-11.883,11.883,12.166,0.721,480
472852EE,INTIHUATANA M,CUSCO,URUBAMBA,gfs,temp,20260827,20260925,"00Z,12Z",D1,3h,-10.981,10.981,11.222,0.829,480
472852EE,INTIHUATANA M,CUSCO,URUBAMBA,eta5,temp,20260827,20260925,"00Z,12Z",D1,3h,-5.786,5.787,6.24,0.759,405
472852EE,INTIHUATANA M,CUSCO,URUBAMBA,wrf5,temp,20260827,20260925,"00Z,12Z",D1,3h,-3.193,3.335,3.852,0.803,472
472852EE,INTIHUATANA M,CUSCO,URUBAMBA,mpas15,temp,20260827,20260925,00Z,D1,3h,-9.764,9.764,10.158,0.731,240
472897F0,MACHUPICCHU,CUSCO,URUBAMBA,ecmwf,temp,20260827,20260925,"00Z,12Z",D1,3h,-8.906,8.906,9.332,0.705,476
472897F0,MACHUPICCHU,CUSCO,URUBAMBA,gfs,temp,20260827,20260925,"00Z,12Z",D1,3h,-8.01,8.01,8.412,0.821,476
472897F0,MACHUPICCHU,CUSCO,URUBAMBA,eta5,temp,20260827,20260925,"00Z,12Z",D1,3h,-2.852,3.006,3.806,0.776,401
472897F0,MACHUPICCHU,CUSCO,URUBAMBA,wrf5,temp,20260827,20260925,"00Z,12Z",D1,3h,-0.219,1.666,2.315,0.841,468
472897F0,MACHUPICCHU,CUSCO,URUBAMBA,mpas15,temp,20260827,20260925,00Z,D1,3h,-6.803,6.803,7.461,0.728,238
4729950A,PACAYMAYO,CUSCO,URUBAMBA,ecmwf,temp,20260827,20260925,"00Z,12Z",D1,3h,-0.72,1.743,2.11,0.775,480
4729950A,PACAYMAYO,CUSCO,URUBAMBA,gfs,temp,20260827,20260925,"00Z,12Z",D1,3h,0.182,1.296,1.619,0.806,480
4729950A,PACAYMAYO,CUSCO,URUBAMBA,eta5,temp,20260827,20260925,"00Z,12Z",D1,3h,2.769,2.799,3.187,0.821,405
4729950A,PACAYMAYO,CUSCO,URUBAMBA,wrf5,temp,20260827,20260925,"00Z,12Z",D1,3h,-0.791,1.616,2.019,0.786,472
4729950A,PACAYMAYO,CUSCO,URUBAMBA,mpas15,temp,20260827,20260925,00Z,D1,3h,-0.979,1.556,1.909,0.838,240
113255,URUBAMBA,CUSCO,URUBAMBA,ecmwf,temp,20260827,20260925,"00Z,12Z",D1,3h,S/D,S/D,S/D,S/D,0
113255,URUBAMBA,CUSCO,URUBAMBA,gfs,temp,20260827,20260925,"00Z,12Z",D1,3h,S/D,S/D,S/D,S/D,0
113255,URUBAMBA,CUSCO,URUBAMBA,eta5,temp,20260827,20260925,"00Z,12Z",D1,3h,S/D,S/D,S/D,S/D,0
113255,URUBAMBA,CUSCO,URUBAMBA,wrf5,temp,20260827,20260925,"00Z,12Z",D1,3h,S/D,S/D,S/D,S/D,0
113255,URUBAMBA,CUSCO,URUBAMBA,mpas15,temp,20260827,20260925,00Z,D1,3h,S/D,S/D,S/D,S/D,0
4720CDF8,COCHAMARCA,HUANCAVELICA,CASTROVIRREYNA,ecmwf,temp,20260827,20260925,"00Z,12Z",D1,3h,S/D,S/D,S/D,S/D,0
4720CDF8,COCHAMARCA,HUANCAVELICA,CASTROVIRREYNA,gfs,temp,20260827,20260925,"00Z,12Z",D1,3h,S/D,S/D,S/D,S/D,0
4720CDF8,COCHAMARCA,HUANCAVELICA,CASTROVIRREYNA,eta5,temp,20260827,20260925,"00Z,12Z",D1,3h,S/D,S/D,S/D,S/D,0
4720CDF8,COCHAMARCA,HUANCAVELICA,CASTROVIRREYNA,wrf5,temp,20260827,20260925,"00Z,12Z",D1,3h,S/D,S/D,S/D,S/D,0
4720CDF8,COCHAMARCA,HUANCAVELICA,CASTROVIRREYNA,mpas15,temp,20260827,20260925,00Z,D1,3h,S/D,S/D,S/D,S/D,0
47292684,HUACHOS,HUANCAVELICA,CASTROVIRREYNA,ecmwf,temp,20260827,20260925,"00Z,12Z",D1,3h,-5.89,5.89,6.244,0.853,478
47292684,HUACHOS,HUANCAVELICA,CASTROVIRREYNA,gfs,temp,20260827,20260925,"00Z,12Z",D1,3h,-4.7,4.711,5.359,0.803,478
47292684,HUACHOS,HUANCAVELICA,CASTROVIRREYNA,eta5,temp,20260827,20260925,"00Z,12Z",D1,3h,-3.58,3.583,3.909,0.861,404
47292684,HUACHOS,HUANCAVELICA,CASTROVIRREYNA,wrf5,temp,20260827,20260925,"00Z,12Z",D1,3h,-3.813,3.995,4.889,0.778,470
47292684,HUACHOS,HUANCAVELICA,CASTROVIRREYNA,mpas15,temp,20260827,20260925,00Z,D1,3h,-5.684,5.684,6.315,0.853,239
472722EC,HUANCAVELICA,HUANCAVELICA,HUANCAVELICA,ecmwf,temp,20260827,20260925,"00Z,12Z",D1,3h,-4.506,4.611,4.929,0.894,480
472722EC,HUANCAVELICA,HUANCAVELICA,HUANCAVELICA,gfs,temp,20260827,20260925,"00Z,12Z",D1,3h,-3.632,3.855,4.397,0.851,480
472722EC,HUANCAVELICA,HUANCAVELICA,HUANCAVELICA,eta5,temp,20260827,20260925,"00Z,12Z",D1,3h,-2.833,3.118,3.486,0.87,405
472722EC,HUANCAVELICA,HUANCAVELICA,HUANCAVELICA,wrf5,temp,20260827,20260925,"00Z,12Z",D1,3h,-1.874,2.352,2.888,0.887,472
472722EC,HUANCAVELICA,HUANCAVELICA,HUANCAVELICA,mpas15,temp,20260827,20260925,00Z,D1,3h,-4.937,5.043,5.483,0.893,240
47284198,CHALLACA,HUANCAVELICA,HUAYTARA,ecmwf,temp,20260827,20260925,"00Z,12Z",D1,3h,-2.481,2.681,3.111,0.903,188
47284198,CHALLACA,HUANCAVELICA,HUAYTARA,gfs,temp,20260827,20260925,"00Z,12Z",D1,3h,-2.188,2.618,3.076,0.88,188
47284198,CHALLACA,HUANCAVELICA,HUAYTARA,eta5,temp,20260827,20260925,"00Z,12Z",D1,3h,-4.106,4.162,4.542,0.851,146
47284198,CHALLACA,HUANCAVELICA,HUAYTARA,wrf5,temp,20260827,20260925,"00Z,12Z",D1,3h,-2.161,2.919,3.681,0.763,188
47284198,CHALLACA,HUANCAVELICA,HUAYTARA,mpas15,temp,20260827,20260925,00Z,D1,3h,-5.995,6.015,6.581,0.838,94
472811E4,CHALLACA M,HUANCAVELICA,HUAYTARA,ecmwf,temp,20260827,20260925,"00Z,12Z",D1,3h,-2.147,2.459,3.115,0.918,478
472811E4,CHALLACA M,HUANCAVELICA,HUAYTARA,gfs,temp,20260827,20260925,"00Z,12Z",D1,3h,-2.159,2.604,3.31,0.906,478
472811E4,CHALLACA M,HUANCAVELICA,HUAYTARA,eta5,temp,20260827,20260925,"00Z,12Z",D1,3h,-3.789,3.805,4.075,0.905,403
472811E4,CHALLACA M,HUANCAVELICA,HUAYTARA,wrf5,temp,20260827,20260925,"00Z,12Z",D1,3h,-1.621,2.574,3.233,0.855,470
472811E4,CHALLACA M,HUANCAVELICA,HUAYTARA,mpas15,temp,20260827,20260925,00Z,D1,3h,-5.663,5.68,6.531,0.881,239
4728F216,CORDOVA,HUANCAVELICA,HUAYTARA,ecmwf,temp,20260827,20260925,"00Z,12Z",D1,3h,-0.851,1.266,1.653,0.824,472
4728F216,CORDOVA,HUANCAVELICA,HUAYTARA,gfs,temp,20260827,20260925,"00Z,12Z",D1,3h,0.53,1.207,1.429,0.84,472
4728F216,CORDOVA,HUANCAVELICA,HUAYTARA,eta5,temp,20260827,20260925,"00Z,12Z",D1,3h,-0.098,1.979,2.338,0.812,399
4728F216,CORDOVA,HUANCAVELICA,HUAYTARA,wrf5,temp,20260827,20260925,"00Z,12Z",D1,3h,-1.016,1.355,1.677,0.846,464
4728F216,CORDOVA,HUANCAVELICA,HUAYTARA,mpas15,temp,20260827,20260925,00Z,D1,3h,0.236,1.277,1.557,0.815,236
4728C78C,CUSICANCHA,HUANCAVELICA,HUAYTARA,ecmwf,temp,20260827,20260925,"00Z,12Z",D1,3h,-6.24,6.24,6.547,0.842,474
4728C78C,CUSICANCHA,HUANCAVELICA,HUAYTARA,gfs,temp,20260827,20260925,"00Z,12Z",D1,3h,-4.333,4.354,4.992,0.764,474
4728C78C,CUSICANCHA,HUANCAVELICA,HUAYTARA,eta5,temp,20260827,20260925,"00Z,12Z",D1,3h,-3.595,3.69,4.071,0.827,400
4728C78C,CUSICANCHA,HUANCAVELICA,HUAYTARA,wrf5,temp,20260827,20260925,"00Z,12Z",D1,3h,-1.674,2.103,2.674,0.806,466
4728C78C,CUSICANCHA,HUANCAVELICA,HUAYTARA,mpas15,temp,20260827,20260925,00Z,D1,3h,-4.447,4.447,4.881,0.872,237
213507,RAMADILLAS,HUANCAVELICA,HUAYTARA,ecmwf,temp,20260827,20260925,"00Z,12Z",D1,3h,S/D,S/D,S/D,S/D,0
213507,RAMADILLAS,HUANCAVELICA,HUAYTARA,gfs,temp,20260827,20260925,"00Z,12Z",D1,3h,S/D,S/D,S/D,S/D,0
213507,RAMADILLAS,HUANCAVELICA,HUAYTARA,eta5,temp,20260827,20260925,"00Z,12Z",D1,3h,S/D,S/D,S/D,S/D,0
213507,RAMADILLAS,HUANCAVELICA,HUAYTARA,wrf5,temp,20260827,20260925,"00Z,12Z",D1,3h,S/D,S/D,S/D,S/D,0
213507,RAMADILLAS,HUANCAVELICA,HUAYTARA,mpas15,temp,20260827,20260925,00Z,D1,3h,S/D,S/D,S/D,S/D,0
4729131E,SANTIAGO DE CHOCORVOS,HUANCAVELICA,HUAYTARA,ecmwf,temp,20260827,20260925,"00Z,12Z",D1,3h,-7.329,7.329,7.535,0.856,476
4729131E,SANTIAGO DE CHOCORVOS,HUANCAVELICA,HUAYTARA,gfs,temp,20260827,20260925,"00Z,12Z",D1,3h,-6.52,6.52,6.746,0.829,476
4729131E,SANTIAGO DE CHOCORVOS,HUANCAVELICA,HUAYTARA,eta5,temp,20260827,20260925,"00Z,12Z",D1,3h,-5.7,5.7,5.968,0.836,402
4729131E,SANTIAGO DE CHOCORVOS,HUANCAVELICA,HUAYTARA,wrf5,temp,20260827,20260925,"00Z,12Z",D1,3h,-5.483,5.483,5.732,0.783,468
4729131E,SANTIAGO DE CHOCORVOS,HUANCAVELICA,HUAYTARA,mpas15,temp,20260827,20260925,00Z,D1,3h,-7.121,7.121,7.392,0.854,238
112269,COCHABAMBA GRANDE,HUANCAVELICA,TAYACAJA,ecmwf,temp,20260827,20260925,"00Z,12Z",D1,3h,-5.252,5.252,5.52,0.792,144
112269,COCHABAMBA GRANDE,HUANCAVELICA,TAYACAJA,gfs,temp,20260827,20260925,"00Z,12Z",D1,3h,-2.2,2.273,2.754,0.767,144
112269,COCHABAMBA GRANDE,HUANCAVELICA,TAYACAJA,eta5,temp,20260827,20260925,"00Z,12Z",D1,3h,-1.638,1.813,2.214,0.826,101
112269,COCHABAMBA GRANDE,HUANCAVELICA,TAYACAJA,wrf5,temp,20260827,20260925,"00Z,12Z",D1,3h,-2.732,2.775,3.054,0.849,144
112269,COCHABAMBA GRANDE,HUANCAVELICA,TAYACAJA,mpas15,temp,20260827,20260925,00Z,D1,3h,-0.48,1.279,1.903,0.868,72
110146,QUISCA,HUANUCO,AMBO,ecmwf,temp,20260827,20260925,"00Z,12Z",D1,3h,-6.283,6.283,6.46,0.9,262
110146,QUISCA,HUANUCO,AMBO,gfs,temp,20260827,20260925,"00Z,12Z",D1,3h,-7.679,7.679,7.865,0.87,262
110146,QUISCA,HUANUCO,AMBO,eta5,temp,20260827,20260925,"00Z,12Z",D1,3h,-4.071,4.071,4.304,0.903,225
110146,QUISCA,HUANUCO,AMBO,wrf5,temp,20260827,20260925,"00Z,12Z",D1,3h,-1.465,1.803,2.099,0.916,256
110146,QUISCA,HUANUCO,AMBO,mpas15,temp,20260827,20260925,00Z,D1,3h,-9.618,9.618,9.919,0.865,131
47E845FC,CACHICOTO,HUANUCO,HUAMALIES,ecmwf,temp,20260827,20260925,"00Z,12Z",D1,3h,-4.55,4.665,5.197,0.826,480
47E845FC,CACHICOTO,HUANUCO,HUAMALIES,gfs,temp,20260827,20260925,"00Z,12Z",D1,3h,-5.185,5.357,6.0,0.765,480
47E845FC,CACHICOTO,HUANUCO,HUAMALIES,eta5,temp,20260827,20260925,"00Z,12Z",D1,3h,-0.317,2.094,2.632,0.761,405
47E845FC,CACHICOTO,HUANUCO,HUAMALIES,wrf5,temp,20260827,20260925,"00Z,12Z",D1,3h,0.495,1.924,2.434,0.781,472
47E845FC,CACHICOTO,HUANUCO,HUAMALIES,mpas15,temp,20260827,20260925,00Z,D1,3h,-4.652,4.734,5.496,0.71,240
4720EB14,SAN MARTIN,HUANUCO,HUAMALIES,ecmwf,temp,20260827,20260925,"00Z,12Z",D1,3h,-1.822,3.006,3.469,0.836,480
4720EB14,SAN MARTIN,HUANUCO,HUAMALIES,gfs,temp,20260827,20260925,"00Z,12Z",D1,3h,-2.694,3.204,3.853,0.751,480
4720EB14,SAN MARTIN,HUANUCO,HUAMALIES,eta5,temp,20260827,20260925,"00Z,12Z",D1,3h,6.512,6.512,7.063,0.85,405
4720EB14,SAN MARTIN,HUANUCO,HUAMALIES,wrf5,temp,20260827,20260925,"00Z,12Z",D1,3h,-0.642,2.158,2.643,0.794,472
4720EB14,SAN MARTIN,HUANUCO,HUAMALIES,mpas15,temp,20260827,20260925,00Z,D1,3h,-3.018,3.413,4.115,0.759,240
472D0552,CHINCHAVITO,HUANUCO,HUANUCO,ecmwf,temp,20260827,20260925,"00Z,12Z",D1,3h,S/D,S/D,S/D,S/D,0
472D0552,CHINCHAVITO,HUANUCO,HUANUCO,gfs,temp,20260827,20260925,"00Z,12Z",D1,3h,S/D,S/D,S/D,S/D,0
472D0552,CHINCHAVITO,HUANUCO,HUANUCO,eta5,temp,20260827,20260925,"00Z,12Z",D1,3h,S/D,S/D,S/D,S/D,0
472D0552,CHINCHAVITO,HUANUCO,HUANUCO,wrf5,temp,20260827,20260925,"00Z,12Z",D1,3h,S/D,S/D,S/D,S/D,0
472D0552,CHINCHAVITO,HUANUCO,HUANUCO,mpas15,temp,20260827,20260925,00Z,D1,3h,S/D,S/D,S/D,S/D,0
472B730C,PUENTE TARUCA,HUANUCO,HUANUCO,ecmwf,temp,20260827,20260925,"00Z,12Z",D1,3h,S/D,S/D,S/D,S/D,0
472B730C,PUENTE TARUCA,HUANUCO,HUANUCO,gfs,temp,20260827,20260925,"00Z,12Z",D1,3h,S/D,S/D,S/D,S/D,0
472B730C,PUENTE TARUCA,HUANUCO,HUANUCO,eta5,temp,20260827,20260925,"00Z,12Z",D1,3h,S/D,S/D,S/D,S/D,0
472B730C,PUENTE TARUCA,HUANUCO,HUANUCO,wrf5,temp,20260827,20260925,"00Z,12Z",D1,3h,S/D,S/D,S/D,S/D,0
472B730C,PUENTE TARUCA,HUANUCO,HUANUCO,mpas15,temp,20260827,20260925,00Z,D1,3h,S/D,S/D,S/D,S/D,0
110140,JESUS DE LAURICOCHA,HUANUCO,LAURICOCHA,ecmwf,temp,20260827,20260925,"00Z,12Z",D1,3h,-3.692,3.757,4.201,0.903,480
110140,JESUS DE LAURICOCHA,HUANUCO,LAURICOCHA,gfs,temp,20260827,20260925,"00Z,12Z",D1,3h,-2.904,3.196,3.666,0.873,480
110140,JESUS DE LAURICOCHA,HUANUCO,LAURICOCHA,eta5,temp,20260827,20260925,"00Z,12Z",D1,3h,-3.188,3.429,4.003,0.836,405
110140,JESUS DE LAURICOCHA,HUANUCO,LAURICOCHA,wrf5,temp,20260827,20260925,"00Z,12Z",D1,3h,-1.286,2.022,2.395,0.903,472
110140,JESUS DE LAURICOCHA,HUANUCO,LAURICOCHA,mpas15,temp,20260827,20260925,00Z,D1,3h,-3.836,3.947,4.34,0.909,240
472DA5AA,PUENTE BELLA,HUANUCO,LEONCIO PRADO,ecmwf,temp,20260827,20260925,"00Z,12Z",D1,3h,S/D,S/D,S/D,S/D,0
472DA5AA,PUENTE BELLA,HUANUCO,LEONCIO PRADO,gfs,temp,20260827,20260925,"00Z,12Z",D1,3h,S/D,S/D,S/D,S/D,0
472DA5AA,PUENTE BELLA,HUANUCO,LEONCIO PRADO,eta5,temp,20260827,20260925,"00Z,12Z",D1,3h,S/D,S/D,S/D,S/D,0
472DA5AA,PUENTE BELLA,HUANUCO,LEONCIO PRADO,wrf5,temp,20260827,20260925,"00Z,12Z",D1,3h,S/D,S/D,S/D,S/D,0
472DA5AA,PUENTE BELLA,HUANUCO,LEONCIO PRADO,mpas15,temp,20260827,20260925,00Z,D1,3h,S/D,S/D,S/D,S/D,0
47270400,TINGO MARIA,HUANUCO,LEONCIO PRADO,ecmwf,temp,20260827,20260925,"00Z,12Z",D1,3h,-2.061,2.312,2.649,0.898,478
47270400,TINGO MARIA,HUANUCO,LEONCIO PRADO,gfs,temp,20260827,20260925,"00Z,12Z",D1,3h,-3.469,3.819,4.275,0.87,478
47270400,TINGO MARIA,HUANUCO,LEONCIO PRADO,eta5,temp,20260827,20260925,"00Z,12Z",D1,3h,0.419,1.666,2.096,0.841,403
47270400,TINGO MARIA,HUANUCO,LEONCIO PRADO,wrf5,temp,20260827,20260925,"00Z,12Z",D1,3h,-0.458,1.476,1.972,0.849,470
47270400,TINGO MARIA,HUANUCO,LEONCIO PRADO,mpas15,temp,20260827,20260925,00Z,D1,3h,-5.597,5.621,6.069,0.785,239
4727A4F8,PUERTO INCA,HUANUCO,PUERTO INCA,ecmwf,temp,20260827,20260925,"00Z,12Z",D1,3h,-0.733,1.272,1.727,0.902,478
4727A4F8,PUERTO INCA,HUANUCO,PUERTO INCA,gfs,temp,20260827,20260925,"00Z,12Z",D1,3h,-0.498,1.827,2.318,0.901,478
4727A4F8,PUERTO INCA,HUANUCO,PUERTO INCA,eta5,temp,20260827,20260925,"00Z,12Z",D1,3h,2.12,2.564,3.177,0.84,403
4727A4F8,PUERTO INCA,HUANUCO,PUERTO INCA,wrf5,temp,20260827,20260925,"00Z,12Z",D1,3h,-0.113,1.346,1.809,0.902,470
4727A4F8,PUERTO INCA,HUANUCO,PUERTO INCA,mpas15,temp,20260827,20260925,00Z,D1,3h,-1.165,1.685,2.297,0.896,239
109094,PUCA PUCA,HUANUCO,YAROWILCA,ecmwf,temp,20260827,20260925,"00Z,12Z",D1,3h,-2.011,2.473,2.821,0.894,470
109094,PUCA PUCA,HUANUCO,YAROWILCA,gfs,temp,20260827,20260925,"00Z,12Z",D1,3h,-0.999,1.901,2.261,0.833,470
109094,PUCA PUCA,HUANUCO,YAROWILCA,eta5,temp,20260827,20260925,"00Z,12Z",D1,3h,-2.292,2.988,3.459,0.818,397
109094,PUCA PUCA,HUANUCO,YAROWILCA,wrf5,temp,20260827,20260925,"00Z,12Z",D1,3h,-0.587,1.621,1.947,0.895,462
109094,PUCA PUCA,HUANUCO,YAROWILCA,mpas15,temp,20260827,20260925,00Z,D1,3h,-2.596,2.815,3.2,0.896,235
4728A26A,CONTA M,ICA,CHINCHA,ecmwf,temp,20260827,20260925,"00Z,12Z",D1,3h,-0.799,1.551,1.837,0.837,440
4728A26A,CONTA M,ICA,CHINCHA,gfs,temp,20260827,20260925,"00Z,12Z",D1,3h,-0.947,1.656,1.995,0.796,440
4728A26A,CONTA M,ICA,CHINCHA,eta5,temp,20260827,20260925,"00Z,12Z",D1,3h,-0.324,1.86,2.271,0.768,371
4728A26A,CONTA M,ICA,CHINCHA,wrf5,temp,20260827,20260925,"00Z,12Z",D1,3h,-1.203,1.801,2.134,0.808,433
4728A26A,CONTA M,ICA,CHINCHA,mpas15,temp,20260827,20260925,00Z,D1,3h,-1.594,2.121,2.565,0.751,220
4728B11C,FONAGRO,ICA,CHINCHA,ecmwf,temp,20260827,20260925,"00Z,12Z",D1,3h,-1.065,1.923,2.566,0.503,476
4728B11C,FONAGRO,ICA,CHINCHA,gfs,temp,20260827,20260925,"00Z,12Z",D1,3h,-3.185,3.45,3.997,0.581,476
4728B11C,FONAGRO,ICA,CHINCHA,eta5,temp,20260827,20260925,"00Z,12Z",D1,3h,-1.924,2.333,2.751,0.844,403
4728B11C,FONAGRO,ICA,CHINCHA,wrf5,temp,20260827,20260925,"00Z,12Z",D1,3h,-1.584,1.874,2.223,0.79,468
4728B11C,FONAGRO,ICA,CHINCHA,mpas15,temp,20260827,20260925,00Z,D1,3h,-2.027,2.342,2.679,0.777,238
4728E160,SAN PEDRO DE HUACARPANA,ICA,CHINCHA,ecmwf,temp,20260827,20260925,"00Z,12Z",D1,3h,-1.627,1.982,2.5,0.85,464
4728E160,SAN PEDRO DE HUACARPANA,ICA,CHINCHA,gfs,temp,20260827,20260925,"00Z,12Z",D1,3h,1.587,1.751,2.029,0.855,464
4728E160,SAN PEDRO DE HUACARPANA,ICA,CHINCHA,eta5,temp,20260827,20260925,"00Z,12Z",D1,3h,0.536,1.892,2.336,0.849,392
4728E160,SAN PEDRO DE HUACARPANA,ICA,CHINCHA,wrf5,temp,20260827,20260925,"00Z,12Z",D1,3h,1.203,1.407,1.781,0.856,456
4728E160,SAN PEDRO DE HUACARPANA,ICA,CHINCHA,mpas15,temp,20260827,20260925,00Z,D1,3h,-0.656,1.233,1.532,0.85,232
472A446C,BETA SANTIAGO,ICA,ICA,ecmwf,temp,20260827,20260925,"00Z,12Z",D1,3h,0.74,1.526,2.01,0.882,462
472A446C,BETA SANTIAGO,ICA,ICA,gfs,temp,20260827,20260925,"00Z,12Z",D1,3h,1.225,2.024,2.678,0.822,462
472A446C,BETA SANTIAGO,ICA,ICA,eta5,temp,20260827,20260925,"00Z,12Z",D1,3h,3.426,3.998,4.873,0.853,390
472A446C,BETA SANTIAGO,ICA,ICA,wrf5,temp,20260827,20260925,"00Z,12Z",D1,3h,-0.997,3.073,3.702,0.802,454
472A446C,BETA SANTIAGO,ICA,ICA,mpas15,temp,20260827,20260925,00Z,D1,3h,-0.565,2.418,2.928,0.813,231
213503,HUAMANI EL TAMBO,ICA,ICA,ecmwf,temp,20260827,20260925,"00Z,12Z",D1,3h,-1.197,2.697,3.41,0.656,470
213503,HUAMANI EL TAMBO,ICA,ICA,gfs,temp,20260827,20260925,"00Z,12Z",D1,3h,-1.199,2.781,3.417,0.598,470
213503,HUAMANI EL TAMBO,ICA,ICA,eta5,temp,20260827,20260925,"00Z,12Z",D1,3h,1.834,2.813,3.716,0.647,395
213503,HUAMANI EL TAMBO,ICA,ICA,wrf5,temp,20260827,20260925,"00Z,12Z",D1,3h,0.888,2.539,3.041,0.609,462
213503,HUAMANI EL TAMBO,ICA,ICA,mpas15,temp,20260827,20260925,00Z,D1,3h,-1.209,2.671,3.291,0.619,235
213506,LOS MOLINOS,ICA,ICA,ecmwf,temp,20260827,20260925,"00Z,12Z",D1,3h,S/D,S/D,S/D,S/D,0
213506,LOS MOLINOS,ICA,ICA,gfs,temp,20260827,20260925,"00Z,12Z",D1,3h,S/D,S/D,S/D,S/D,0
213506,LOS MOLINOS,ICA,ICA,eta5,temp,20260827,20260925,"00Z,12Z",D1,3h,S/D,S/D,S/D,S/D,0
213506,LOS MOLINOS,ICA,ICA,wrf5,temp,20260827,20260925,"00Z,12Z",D1,3h,S/D,S/D,S/D,S/D,0
213506,LOS MOLINOS,ICA,ICA,mpas15,temp,20260827,20260925,00Z,D1,3h,S/D,S/D,S/D,S/D,0
114139,COPARA,ICA,NASCA,ecmwf,temp,20260827,20260925,"00Z,12Z",D1,3h,-0.722,1.981,2.691,0.884,272
114139,COPARA,ICA,NASCA,gfs,temp,20260827,20260925,"00Z,12Z",D1,3h,0.993,2.372,2.828,0.826,272
114139,COPARA,ICA,NASCA,eta5,temp,20260827,20260925,"00Z,12Z",D1,3h,2.158,2.5,3.087,0.852,232
114139,COPARA,ICA,NASCA,wrf5,temp,20260827,20260925,"00Z,12Z",D1,3h,0.801,1.988,2.427,0.885,267
114139,COPARA,ICA,NASCA,mpas15,temp,20260827,20260925,00Z,D1,3h,-0.539,2.447,2.964,0.8,136
114136,PALPA,ICA,PALPA,ecmwf,temp,20260827,20260925,"00Z,12Z",D1,3h,-1.986,2.414,2.863,0.905,480
114136,PALPA,ICA,PALPA,gfs,temp,20260827,20260925,"00Z,12Z",D1,3h,-1.512,2.616,3.147,0.841,480
114136,PALPA,ICA,PALPA,eta5,temp,20260827,20260925,"00Z,12Z",D1,3h,0.146,2.145,2.661,0.883,405
114136,PALPA,ICA,PALPA,wrf5,temp,20260827,20260925,"00Z,12Z",D1,3h,-0.688,2.286,2.702,0.878,472
114136,PALPA,ICA,PALPA,mpas15,temp,20260827,20260925,00Z,D1,3h,-2.668,3.307,3.898,0.826,240
114140,PAMPA BLANCA,ICA,PALPA,ecmwf,temp,20260827,20260925,"00Z,12Z",D1,3h,-2.801,3.577,4.356,0.654,354
114140,PAMPA BLANCA,ICA,PALPA,gfs,temp,20260827,20260925,"00Z,12Z",D1,3h,-3.754,4.331,5.1,0.638,354
114140,PAMPA BLANCA,ICA,PALPA,eta5,temp,20260827,20260925,"00Z,12Z",D1,3h,-1.146,3.06,3.767,0.753,298
114140,PAMPA BLANCA,ICA,PALPA,wrf5,temp,20260827,20260925,"00Z,12Z",D1,3h,1.153,2.845,3.458,0.655,347
114140,PAMPA BLANCA,ICA,PALPA,mpas15,temp,20260827,20260925,00Z,D1,3h,-4.16,4.486,5.274,0.71,177
213403,LETRAYOC,ICA,PISCO,ecmwf,temp,20260827,20260925,"00Z,12Z",D1,3h,S/D,S/D,S/D,S/D,0
213403,LETRAYOC,ICA,PISCO,gfs,temp,20260827,20260925,"00Z,12Z",D1,3h,S/D,S/D,S/D,S/D,0
213403,LETRAYOC,ICA,PISCO,eta5,temp,20260827,20260925,"00Z,12Z",D1,3h,S/D,S/D,S/D,S/D,0
213403,LETRAYOC,ICA,PISCO,wrf5,temp,20260827,20260925,"00Z,12Z",D1,3h,S/D,S/D,S/D,S/D,0
213403,LETRAYOC,ICA,PISCO,mpas15,temp,20260827,20260925,00Z,D1,3h,S/D,S/D,S/D,S/D,0
472DF5D6,HUAYTAPALLANA,JUNIN,HUANCAYO,ecmwf,temp,20260827,20260925,"00Z,12Z",D1,3h,0.986,1.541,1.957,0.825,476
472DF5D6,HUAYTAPALLANA,JUNIN,HUANCAYO,gfs,temp,20260827,20260925,"00Z,12Z",D1,3h,2.402,2.504,2.84,0.822,476
472DF5D6,HUAYTAPALLANA,JUNIN,HUANCAYO,eta5,temp,20260827,20260925,"00Z,12Z",D1,3h,0.267,1.505,1.878,0.854,401
472DF5D6,HUAYTAPALLANA,JUNIN,HUANCAYO,wrf5,temp,20260827,20260925,"00Z,12Z",D1,3h,0.03,1.111,1.443,0.86,468
472DF5D6,HUAYTAPALLANA,JUNIN,HUANCAYO,mpas15,temp,20260827,20260925,00Z,D1,3h,1.169,1.501,1.893,0.853,238
111288,CHACAPALPA,JUNIN,JAUJA,ecmwf,temp,20260827,20260925,"00Z,12Z",D1,3h,-1.225,2.552,3.11,0.84,472
111288,CHACAPALPA,JUNIN,JAUJA,gfs,temp,20260827,20260925,"00Z,12Z",D1,3h,-0.704,2.388,3.0,0.763,472
111288,CHACAPALPA,JUNIN,JAUJA,eta5,temp,20260827,20260925,"00Z,12Z",D1,3h,1.114,2.473,3.277,0.805,397
111288,CHACAPALPA,JUNIN,JAUJA,wrf5,temp,20260827,20260925,"00Z,12Z",D1,3h,0.456,2.178,2.842,0.825,464
111288,CHACAPALPA,JUNIN,JAUJA,mpas15,temp,20260827,20260925,00Z,D1,3h,-2.767,3.46,3.943,0.801,236
111299,POTSOTENI,JUNIN,SATIPO,ecmwf,temp,20260827,20260925,"00Z,12Z",D1,3h,-5.085,5.102,5.872,0.853,480
111299,POTSOTENI,JUNIN,SATIPO,gfs,temp,20260827,20260925,"00Z,12Z",D1,3h,-3.879,4.162,4.875,0.817,480
111299,POTSOTENI,JUNIN,SATIPO,eta5,temp,20260827,20260925,"00Z,12Z",D1,3h,1.687,2.766,3.419,0.8,405
111299,POTSOTENI,JUNIN,SATIPO,wrf5,temp,20260827,20260925,"00Z,12Z",D1,3h,1.675,2.458,3.094,0.833,472
111299,POTSOTENI,JUNIN,SATIPO,mpas15,temp,20260827,20260925,00Z,D1,3h,-4.4,4.503,5.338,0.824,240
4725C4EA,SATIPO,JUNIN,SATIPO,ecmwf,temp,20260827,20260925,"00Z,12Z",D1,3h,-2.439,2.548,3.021,0.925,478
4725C4EA,SATIPO,JUNIN,SATIPO,gfs,temp,20260827,20260925,"00Z,12Z",D1,3h,-2.055,2.668,3.302,0.86,478
4725C4EA,SATIPO,JUNIN,SATIPO,eta5,temp,20260827,20260925,"00Z,12Z",D1,3h,2.472,3.073,3.688,0.798,404
4725C4EA,SATIPO,JUNIN,SATIPO,wrf5,temp,20260827,20260925,"00Z,12Z",D1,3h,1.479,2.251,2.744,0.866,470
4725C4EA,SATIPO,JUNIN,SATIPO,mpas15,temp,20260827,20260925,00Z,D1,3h,-3.663,3.792,4.63,0.827,239
47257764,TARMA,JUNIN,TARMA,ecmwf,temp,20260827,20260925,"00Z,12Z",D1,3h,-7.118,7.118,7.35,0.911,474
47257764,TARMA,JUNIN,TARMA,gfs,temp,20260827,20260925,"00Z,12Z",D1,3h,-5.417,5.465,6.053,0.815,474
47257764,TARMA,JUNIN,TARMA,eta5,temp,20260827,20260925,"00Z,12Z",D1,3h,-4.783,4.848,5.291,0.856,401
47257764,TARMA,JUNIN,TARMA,wrf5,temp,20260827,20260925,"00Z,12Z",D1,3h,-1.015,1.965,2.338,0.892,466
47257764,TARMA,JUNIN,TARMA,mpas15,temp,20260827,20260925,00Z,D1,3h,-7.14,7.143,7.601,0.907,237
472D9030,MARCAPOMACOCHA,JUNIN,YAULI,ecmwf,temp,20260827,20260925,"00Z,12Z",D1,3h,-2.303,2.642,3.168,0.871,480
472D9030,MARCAPOMACOCHA,JUNIN,YAULI,gfs,temp,20260827,20260925,"00Z,12Z",D1,3h,-0.576,1.994,2.605,0.801,480
472D9030,MARCAPOMACOCHA,JUNIN,YAULI,eta5,temp,20260827,20260925,"00Z,12Z",D1,3h,-0.978,1.982,2.406,0.822,405
472D9030,MARCAPOMACOCHA,JUNIN,YAULI,wrf5,temp,20260827,20260925,"00Z,12Z",D1,3h,0.077,1.712,2.258,0.869,472
472D9030,MARCAPOMACOCHA,JUNIN,YAULI,mpas15,temp,20260827,20260925,00Z,D1,3h,-2.014,2.363,2.787,0.909,240
472D30C8,CASAGRANDE,LA LIBERTAD,ASCOPE,ecmwf,temp,20260827,20260925,"00Z,12Z",D1,3h,0.863,1.194,1.521,0.9,474
472D30C8,CASAGRANDE,LA LIBERTAD,ASCOPE,gfs,temp,20260827,20260925,"00Z,12Z",D1,3h,0.209,1.042,1.329,0.896,474
472D30C8,CASAGRANDE,LA LIBERTAD,ASCOPE,eta5,temp,20260827,20260925,"00Z,12Z",D1,3h,-0.024,1.549,1.892,0.845,399
472D30C8,CASAGRANDE,LA LIBERTAD,ASCOPE,wrf5,temp,20260827,20260925,"00Z,12Z",D1,3h,-0.182,1.34,1.641,0.846,466
472D30C8,CASAGRANDE,LA LIBERTAD,ASCOPE,mpas15,temp,20260827,20260925,00Z,D1,3h,-0.958,1.422,1.647,0.887,237
211001,SALINAR,LA LIBERTAD,ASCOPE,ecmwf,temp,20260827,20260925,"00Z,12Z",D1,3h,S/D,S/D,S/D,S/D,0
211001,SALINAR,LA LIBERTAD,ASCOPE,gfs,temp,20260827,20260925,"00Z,12Z",D1,3h,S/D,S/D,S/D,S/D,0
211001,SALINAR,LA LIBERTAD,ASCOPE,eta5,temp,20260827,20260925,"00Z,12Z",D1,3h,S/D,S/D,S/D,S/D,0
211001,SALINAR,LA LIBERTAD,ASCOPE,wrf5,temp,20260827,20260925,"00Z,12Z",D1,3h,S/D,S/D,S/D,S/D,0
211001,SALINAR,LA LIBERTAD,ASCOPE,mpas15,temp,20260827,20260925,00Z,D1,3h,S/D,S/D,S/D,S/D,0
472EA2A4,CASCAS,LA LIBERTAD,GRAN CHIMU,ecmwf,temp,20260827,20260925,"00Z,12Z",D1,3h,-2.891,3.05,3.499,0.817,480
472EA2A4,CASCAS,LA LIBERTAD,GRAN CHIMU,gfs,temp,20260827,20260925,"00Z,12Z",D1,3h,-1.142,1.988,2.523,0.718,480
472EA2A4,CASCAS,LA LIBERTAD,GRAN CHIMU,eta5,temp,20260827,20260925,"00Z,12Z",D1,3h,-0.293,1.542,1.985,0.842,405
472EA2A4,CASCAS,LA LIBERTAD,GRAN CHIMU,wrf5,temp,20260827,20260925,"00Z,12Z",D1,3h,-0.476,1.431,1.856,0.835,472
472EA2A4,CASCAS,LA LIBERTAD,GRAN CHIMU,mpas15,temp,20260827,20260925,00Z,D1,3h,-2.773,3.042,3.386,0.808,240
47E0A2A8,EL TAMBO,LA LIBERTAD,GRAN CHIMU,ecmwf,temp,20260827,20260925,"00Z,12Z",D1,3h,-6.038,6.046,6.752,0.714,478
47E0A2A8,EL TAMBO,LA LIBERTAD,GRAN CHIMU,gfs,temp,20260827,20260925,"00Z,12Z",D1,3h,-4.297,4.432,5.34,0.637,478
47E0A2A8,EL TAMBO,LA LIBERTAD,GRAN CHIMU,eta5,temp,20260827,20260925,"00Z,12Z",D1,3h,-1.334,1.994,2.411,0.883,403
47E0A2A8,EL TAMBO,LA LIBERTAD,GRAN CHIMU,wrf5,temp,20260827,20260925,"00Z,12Z",D1,3h,-1.127,1.937,2.397,0.87,470
47E0A2A8,EL TAMBO,LA LIBERTAD,GRAN CHIMU,mpas15,temp,20260827,20260925,00Z,D1,3h,-6.817,6.863,7.411,0.711,239
472D552E,LUCMA,LA LIBERTAD,GRAN CHIMU,ecmwf,temp,20260827,20260925,"00Z,12Z",D1,3h,-2.449,3.169,3.673,0.858,480
472D552E,LUCMA,LA LIBERTAD,GRAN CHIMU,gfs,temp,20260827,20260925,"00Z,12Z",D1,3h,-2.819,3.164,3.599,0.822,480
472D552E,LUCMA,LA LIBERTAD,GRAN CHIMU,eta5,temp,20260827,20260925,"00Z,12Z",D1,3h,-3.363,3.429,3.859,0.829,405
472D552E,LUCMA,LA LIBERTAD,GRAN CHIMU,wrf5,temp,20260827,20260925,"00Z,12Z",D1,3h,-2.888,2.939,3.26,0.819,472
472D552E,LUCMA,LA LIBERTAD,GRAN CHIMU,mpas15,temp,20260827,20260925,00Z,D1,3h,-3.321,3.398,3.808,0.864,240
472CC2B6,MARMOT,LA LIBERTAD,GRAN CHIMU,ecmwf,temp,20260827,20260925,"00Z,12Z",D1,3h,0.248,1.05,1.309,0.865,480
472CC2B6,MARMOT,LA LIBERTAD,GRAN CHIMU,gfs,temp,20260827,20260925,"00Z,12Z",D1,3h,3.506,3.519,3.71,0.853,480
472CC2B6,MARMOT,LA LIBERTAD,GRAN CHIMU,eta5,temp,20260827,20260925,"00Z,12Z",D1,3h,0.401,1.491,1.855,0.819,405
472CC2B6,MARMOT,LA LIBERTAD,GRAN CHIMU,wrf5,temp,20260827,20260925,"00Z,12Z",D1,3h,-3.103,3.107,3.295,0.851,472
472CC2B6,MARMOT,LA LIBERTAD,GRAN CHIMU,mpas15,temp,20260827,20260925,00Z,D1,3h,2.151,2.29,2.704,0.837,240
472E5220,PUENTE PALMIRA,LA LIBERTAD,GRAN CHIMU,ecmwf,temp,20260827,20260925,"00Z,12Z",D1,3h,-4.775,4.813,5.551,0.701,480
472E5220,PUENTE PALMIRA,LA LIBERTAD,GRAN CHIMU,gfs,temp,20260827,20260925,"00Z,12Z",D1,3h,-3.026,3.386,4.258,0.628,480
472E5220,PUENTE PALMIRA,LA LIBERTAD,GRAN CHIMU,eta5,temp,20260827,20260925,"00Z,12Z",D1,3h,0.758,1.681,2.29,0.865,405
472E5220,PUENTE PALMIRA,LA LIBERTAD,GRAN CHIMU,wrf5,temp,20260827,20260925,"00Z,12Z",D1,3h,-0.537,1.858,2.324,0.821,472
472E5220,PUENTE PALMIRA,LA LIBERTAD,GRAN CHIMU,mpas15,temp,20260827,20260925,00Z,D1,3h,-4.267,4.417,5.019,0.759,240
472D8346,CALLANCAS,LA LIBERTAD,OTUZCO,ecmwf,temp,20260827,20260925,"00Z,12Z",D1,3h,-6.087,6.103,6.53,0.891,480
472D8346,CALLANCAS,LA LIBERTAD,OTUZCO,gfs,temp,20260827,20260925,"00Z,12Z",D1,3h,-6.457,6.459,6.806,0.826,480
472D8346,CALLANCAS,LA LIBERTAD,OTUZCO,eta5,temp,20260827,20260925,"00Z,12Z",D1,3h,-1.508,2.132,2.652,0.894,405
472D8346,CALLANCAS,LA LIBERTAD,OTUZCO,wrf5,temp,20260827,20260925,"00Z,12Z",D1,3h,0.507,1.516,1.903,0.866,472
472D8346,CALLANCAS,LA LIBERTAD,OTUZCO,mpas15,temp,20260827,20260925,00Z,D1,3h,-7.922,7.922,8.083,0.895,240
472EB1D2,CAPACHIQUE,LA LIBERTAD,OTUZCO,ecmwf,temp,20260827,20260925,"00Z,12Z",D1,3h,-2.001,2.491,2.901,0.828,480
472EB1D2,CAPACHIQUE,LA LIBERTAD,OTUZCO,gfs,temp,20260827,20260925,"00Z,12Z",D1,3h,-1.556,1.997,2.5,0.808,480
472EB1D2,CAPACHIQUE,LA LIBERTAD,OTUZCO,eta5,temp,20260827,20260925,"00Z,12Z",D1,3h,-1.876,2.521,3.117,0.814,405
472EB1D2,CAPACHIQUE,LA LIBERTAD,OTUZCO,wrf5,temp,20260827,20260925,"00Z,12Z",D1,3h,0.125,1.164,1.481,0.797,472
472EB1D2,CAPACHIQUE,LA LIBERTAD,OTUZCO,mpas15,temp,20260827,20260925,00Z,D1,3h,-4.52,4.52,4.883,0.828,240
107131,LA FORTUNA,LA LIBERTAD,OTUZCO,ecmwf,temp,20260827,20260925,"00Z,12Z",D1,3h,3.777,3.878,4.883,0.809,478
107131,LA FORTUNA,LA LIBERTAD,OTUZCO,gfs,temp,20260827,20260925,"00Z,12Z",D1,3h,3.414,3.428,4.075,0.82,478
107131,LA FORTUNA,LA LIBERTAD,OTUZCO,eta5,temp,20260827,20260925,"00Z,12Z",D1,3h,-4.127,4.129,4.515,0.822,403
107131,LA FORTUNA,LA LIBERTAD,OTUZCO,wrf5,temp,20260827,20260925,"00Z,12Z",D1,3h,0.06,1.579,1.95,0.661,470
107131,LA FORTUNA,LA LIBERTAD,OTUZCO,mpas15,temp,20260827,20260925,00Z,D1,3h,0.252,1.616,1.938,0.843,239
472E74CC,PUENTE COINA,LA LIBERTAD,OTUZCO,ecmwf,temp,20260827,20260925,"00Z,12Z",D1,3h,-3.931,3.984,4.44,0.912,480
472E74CC,PUENTE COINA,LA LIBERTAD,OTUZCO,gfs,temp,20260827,20260925,"00Z,12Z",D1,3h,-4.301,4.319,4.78,0.833,480
472E74CC,PUENTE COINA,LA LIBERTAD,OTUZCO,eta5,temp,20260827,20260925,"00Z,12Z",D1,3h,-5.905,5.905,6.159,0.893,405
472E74CC,PUENTE COINA,LA LIBERTAD,OTUZCO,wrf5,temp,20260827,20260925,"00Z,12Z",D1,3h,-3.015,3.545,4.071,0.692,472
472E74CC,PUENTE COINA,LA LIBERTAD,OTUZCO,mpas15,temp,20260827,20260925,00Z,D1,3h,-7.473,7.473,7.626,0.909,240
472D60B4,USQUIL,LA LIBERTAD,OTUZCO,ecmwf,temp,20260827,20260925,"00Z,12Z",D1,3h,2.18,2.621,3.278,0.803,480
472D60B4,USQUIL,LA LIBERTAD,OTUZCO,gfs,temp,20260827,20260925,"00Z,12Z",D1,3h,1.81,2.179,2.504,0.847,480
472D60B4,USQUIL,LA LIBERTAD,OTUZCO,eta5,temp,20260827,20260925,"00Z,12Z",D1,3h,0.2,1.504,1.859,0.827,405
472D60B4,USQUIL,LA LIBERTAD,OTUZCO,wrf5,temp,20260827,20260925,"00Z,12Z",D1,3h,3.108,3.498,3.858,0.806,472
472D60B4,USQUIL,LA LIBERTAD,OTUZCO,mpas15,temp,20260827,20260925,00Z,D1,3h,-3.276,3.492,3.956,0.79,240
107130,TICAPAMPA,LA LIBERTAD,SANCHEZ CARRION,ecmwf,temp,20260827,20260925,"00Z,12Z",D1,3h,-6.111,6.152,6.919,0.802,474
107130,TICAPAMPA,LA LIBERTAD,SANCHEZ CARRION,gfs,temp,20260827,20260925,"00Z,12Z",D1,3h,-5.097,5.097,5.586,0.859,474
107130,TICAPAMPA,LA LIBERTAD,SANCHEZ CARRION,eta5,temp,20260827,20260925,"00Z,12Z",D1,3h,-1.302,2.395,2.902,0.846,401
107130,TICAPAMPA,LA LIBERTAD,SANCHEZ CARRION,wrf5,temp,20260827,20260925,"00Z,12Z",D1,3h,-1.458,1.955,2.604,0.872,466
107130,TICAPAMPA,LA LIBERTAD,SANCHEZ CARRION,mpas15,temp,20260827,20260925,00Z,D1,3h,-4.765,4.767,5.241,0.885,237
4727319A,QUIRUVILCA,LA LIBERTAD,SANTIAGO DE CHUCO,ecmwf,temp,20260827,20260925,"00Z,12Z",D1,3h,-0.439,1.342,1.683,0.859,468
4727319A,QUIRUVILCA,LA LIBERTAD,SANTIAGO DE CHUCO,gfs,temp,20260827,20260925,"00Z,12Z",D1,3h,1.406,1.69,2.042,0.889,468
4727319A,QUIRUVILCA,LA LIBERTAD,SANTIAGO DE CHUCO,eta5,temp,20260827,20260925,"00Z,12Z",D1,3h,-0.864,1.43,1.86,0.871,394
4727319A,QUIRUVILCA,LA LIBERTAD,SANTIAGO DE CHUCO,wrf5,temp,20260827,20260925,"00Z,12Z",D1,3h,-0.498,1.245,1.616,0.858,460
4727319A,QUIRUVILCA,LA LIBERTAD,SANTIAGO DE CHUCO,mpas15,temp,20260827,20260925,00Z,D1,3h,0.128,1.283,1.668,0.868,234
211408,CONDORCERRO,LA LIBERTAD,VIRU,ecmwf,temp,20260827,20260925,"00Z,12Z",D1,3h,S/D,S/D,S/D,S/D,0
211408,CONDORCERRO,LA LIBERTAD,VIRU,gfs,temp,20260827,20260925,"00Z,12Z",D1,3h,S/D,S/D,S/D,S/D,0
211408,CONDORCERRO,LA LIBERTAD,VIRU,eta5,temp,20260827,20260925,"00Z,12Z",D1,3h,S/D,S/D,S/D,S/D,0
211408,CONDORCERRO,LA LIBERTAD,VIRU,wrf5,temp,20260827,20260925,"00Z,12Z",D1,3h,S/D,S/D,S/D,S/D,0
211408,CONDORCERRO,LA LIBERTAD,VIRU,mpas15,temp,20260827,20260925,00Z,D1,3h,S/D,S/D,S/D,S/D,0
47E2F720,TINAJONES,LAMBAYEQUE,CHICLAYO,ecmwf,temp,20260827,20260925,"00Z,12Z",D1,3h,-0.108,1.106,1.414,0.925,476
47E2F720,TINAJONES,LAMBAYEQUE,CHICLAYO,gfs,temp,20260827,20260925,"00Z,12Z",D1,3h,0.008,1.057,1.354,0.92,476
47E2F720,TINAJONES,LAMBAYEQUE,CHICLAYO,eta5,temp,20260827,20260925,"00Z,12Z",D1,3h,3.324,3.389,4.054,0.928,402
47E2F720,TINAJONES,LAMBAYEQUE,CHICLAYO,wrf5,temp,20260827,20260925,"00Z,12Z",D1,3h,0.054,1.46,1.915,0.92,468
47E2F720,TINAJONES,LAMBAYEQUE,CHICLAYO,mpas15,temp,20260827,20260925,00Z,D1,3h,-1.204,1.655,1.891,0.892,238
106140,VISTA FLORIDA,LAMBAYEQUE,CHICLAYO,ecmwf,temp,20260827,20260925,"00Z,12Z",D1,3h,-0.287,1.044,1.296,0.928,480
106140,VISTA FLORIDA,LAMBAYEQUE,CHICLAYO,gfs,temp,20260827,20260925,"00Z,12Z",D1,3h,-0.842,1.26,1.507,0.92,480
106140,VISTA FLORIDA,LAMBAYEQUE,CHICLAYO,eta5,temp,20260827,20260925,"00Z,12Z",D1,3h,-0.498,1.238,1.513,0.895,405
106140,VISTA FLORIDA,LAMBAYEQUE,CHICLAYO,wrf5,temp,20260827,20260925,"00Z,12Z",D1,3h,-0.746,1.308,1.533,0.896,472
106140,VISTA FLORIDA,LAMBAYEQUE,CHICLAYO,mpas15,temp,20260827,20260925,00Z,D1,3h,-0.984,1.303,1.639,0.916,240
106138,PUCHACA,LAMBAYEQUE,FERREÑAFE,ecmwf,temp,20260827,20260925,"00Z,12Z",D1,3h,S/D,S/D,S/D,S/D,0
106138,PUCHACA,LAMBAYEQUE,FERREÑAFE,gfs,temp,20260827,20260925,"00Z,12Z",D1,3h,S/D,S/D,S/D,S/D,0
106138,PUCHACA,LAMBAYEQUE,FERREÑAFE,eta5,temp,20260827,20260925,"00Z,12Z",D1,3h,S/D,S/D,S/D,S/D,0
106138,PUCHACA,LAMBAYEQUE,FERREÑAFE,wrf5,temp,20260827,20260925,"00Z,12Z",D1,3h,S/D,S/D,S/D,S/D,0
106138,PUCHACA,LAMBAYEQUE,FERREÑAFE,mpas15,temp,20260827,20260925,00Z,D1,3h,S/D,S/D,S/D,S/D,0
4726F67E,PASABAR,LAMBAYEQUE,LAMBAYEQUE,ecmwf,temp,20260827,20260925,"00Z,12Z",D1,3h,-1.808,2.211,2.752,0.887,466
4726F67E,PASABAR,LAMBAYEQUE,LAMBAYEQUE,gfs,temp,20260827,20260925,"00Z,12Z",D1,3h,-2.112,2.457,2.847,0.899,466
4726F67E,PASABAR,LAMBAYEQUE,LAMBAYEQUE,eta5,temp,20260827,20260925,"00Z,12Z",D1,3h,0.879,1.963,2.555,0.923,393
4726F67E,PASABAR,LAMBAYEQUE,LAMBAYEQUE,wrf5,temp,20260827,20260925,"00Z,12Z",D1,3h,-1.043,1.983,2.335,0.912,459
4726F67E,PASABAR,LAMBAYEQUE,LAMBAYEQUE,mpas15,temp,20260827,20260925,00Z,D1,3h,-1.514,1.942,2.293,0.927,233
47201542,TONGORRAPE,LAMBAYEQUE,LAMBAYEQUE,ecmwf,temp,20260827,20260925,"00Z,12Z",D1,3h,-0.785,1.821,2.269,0.889,478
47201542,TONGORRAPE,LAMBAYEQUE,LAMBAYEQUE,gfs,temp,20260827,20260925,"00Z,12Z",D1,3h,-0.381,1.653,2.085,0.909,478
47201542,TONGORRAPE,LAMBAYEQUE,LAMBAYEQUE,eta5,temp,20260827,20260925,"00Z,12Z",D1,3h,0.466,1.775,2.279,0.898,403
47201542,TONGORRAPE,LAMBAYEQUE,LAMBAYEQUE,wrf5,temp,20260827,20260925,"00Z,12Z",D1,3h,-0.462,1.689,2.047,0.909,470
47201542,TONGORRAPE,LAMBAYEQUE,LAMBAYEQUE,mpas15,temp,20260827,20260925,00Z,D1,3h,-1.24,1.848,2.224,0.902,239
4725F170,HUAROS,LIMA,CANTA,ecmwf,temp,20260827,20260925,"00Z,12Z",D1,3h,-4.853,4.908,5.408,0.707,472
4725F170,HUAROS,LIMA,CANTA,gfs,temp,20260827,20260925,"00Z,12Z",D1,3h,-4.668,4.677,5.053,0.686,472
4725F170,HUAROS,LIMA,CANTA,eta5,temp,20260827,20260925,"00Z,12Z",D1,3h,-3.062,3.372,3.985,0.738,399
4725F170,HUAROS,LIMA,CANTA,wrf5,temp,20260827,20260925,"00Z,12Z",D1,3h,-1.569,1.86,2.233,0.801,464
4725F170,HUAROS,LIMA,CANTA,mpas15,temp,20260827,20260925,00Z,D1,3h,-5.013,5.033,5.331,0.779,236
113249,CAÑETE,LIMA,CAÑETE,ecmwf,temp,20260827,20260925,"00Z,12Z",D1,3h,-2.008,2.388,2.746,0.799,480
113249,CAÑETE,LIMA,CAÑETE,gfs,temp,20260827,20260925,"00Z,12Z",D1,3h,-1.888,2.231,2.585,0.787,480
113249,CAÑETE,LIMA,CAÑETE,eta5,temp,20260827,20260925,"00Z,12Z",D1,3h,-1.447,2.741,3.061,0.812,405
113249,CAÑETE,LIMA,CAÑETE,wrf5,temp,20260827,20260925,"00Z,12Z",D1,3h,-0.532,1.55,1.842,0.734,472
113249,CAÑETE,LIMA,CAÑETE,mpas15,temp,20260827,20260925,00Z,D1,3h,-1.648,2.067,2.581,0.371,240
212900,LA CAPILLA SENAMHI,LIMA,CAÑETE,ecmwf,temp,20260827,20260925,"00Z,12Z",D1,3h,S/D,S/D,S/D,S/D,0
212900,LA CAPILLA SENAMHI,LIMA,CAÑETE,gfs,temp,20260827,20260925,"00Z,12Z",D1,3h,S/D,S/D,S/D,S/D,0
212900,LA CAPILLA SENAMHI,LIMA,CAÑETE,eta5,temp,20260827,20260925,"00Z,12Z",D1,3h,S/D,S/D,S/D,S/D,0
212900,LA CAPILLA SENAMHI,LIMA,CAÑETE,wrf5,temp,20260827,20260925,"00Z,12Z",D1,3h,S/D,S/D,S/D,S/D,0
212900,LA CAPILLA SENAMHI,LIMA,CAÑETE,mpas15,temp,20260827,20260925,00Z,D1,3h,S/D,S/D,S/D,S/D,0
472191AC,SOCSI,LIMA,CAÑETE,ecmwf,temp,20260827,20260925,"00Z,12Z",D1,3h,S/D,S/D,S/D,S/D,0
472191AC,SOCSI,LIMA,CAÑETE,gfs,temp,20260827,20260925,"00Z,12Z",D1,3h,S/D,S/D,S/D,S/D,0
472191AC,SOCSI,LIMA,CAÑETE,eta5,temp,20260827,20260925,"00Z,12Z",D1,3h,S/D,S/D,S/D,S/D,0
472191AC,SOCSI,LIMA,CAÑETE,wrf5,temp,20260827,20260925,"00Z,12Z",D1,3h,S/D,S/D,S/D,S/D,0
472191AC,SOCSI,LIMA,CAÑETE,mpas15,temp,20260827,20260925,00Z,D1,3h,S/D,S/D,S/D,S/D,0
47E323B2,CARAC,LIMA,HUARAL,ecmwf,temp,20260827,20260925,"00Z,12Z",D1,3h,-2.097,2.217,2.95,0.885,250
47E323B2,CARAC,LIMA,HUARAL,gfs,temp,20260827,20260925,"00Z,12Z",D1,3h,-2.682,2.859,3.99,0.801,250
47E323B2,CARAC,LIMA,HUARAL,eta5,temp,20260827,20260925,"00Z,12Z",D1,3h,-1.114,1.559,2.071,0.843,204
47E323B2,CARAC,LIMA,HUARAL,wrf5,temp,20260827,20260925,"00Z,12Z",D1,3h,-1.143,2.457,3.232,0.757,250
47E323B2,CARAC,LIMA,HUARAL,mpas15,temp,20260827,20260925,00Z,D1,3h,-5.243,5.243,5.797,0.832,125
47E2323E,CUCHUANCA,LIMA,HUARAL,ecmwf,temp,20260827,20260925,"00Z,12Z",D1,3h,S/D,S/D,S/D,S/D,0
47E2323E,CUCHUANCA,LIMA,HUARAL,gfs,temp,20260827,20260925,"00Z,12Z",D1,3h,S/D,S/D,S/D,S/D,0
47E2323E,CUCHUANCA,LIMA,HUARAL,eta5,temp,20260827,20260925,"00Z,12Z",D1,3h,S/D,S/D,S/D,S/D,0
47E2323E,CUCHUANCA,LIMA,HUARAL,wrf5,temp,20260827,20260925,"00Z,12Z",D1,3h,S/D,S/D,S/D,S/D,0
47E2323E,CUCHUANCA,LIMA,HUARAL,mpas15,temp,20260827,20260925,00Z,D1,3h,S/D,S/D,S/D,S/D,0
47E330C4,SANTA CRUZ,LIMA,HUARAL,ecmwf,temp,20260827,20260925,"00Z,12Z",D1,3h,1.138,2.248,2.648,0.781,476
47E330C4,SANTA CRUZ,LIMA,HUARAL,gfs,temp,20260827,20260925,"00Z,12Z",D1,3h,0.458,0.994,1.228,0.805,476
47E330C4,SANTA CRUZ,LIMA,HUARAL,eta5,temp,20260827,20260925,"00Z,12Z",D1,3h,0.349,2.377,2.749,0.747,402
47E330C4,SANTA CRUZ,LIMA,HUARAL,wrf5,temp,20260827,20260925,"00Z,12Z",D1,3h,-1.233,1.445,1.73,0.826,468
47E330C4,SANTA CRUZ,LIMA,HUARAL,mpas15,temp,20260827,20260925,00Z,D1,3h,-5.236,5.236,5.556,0.749,238
47E214D2,SANTO DOMINGO,LIMA,HUARAL,ecmwf,temp,20260827,20260925,"00Z,12Z",D1,3h,-0.843,2.017,2.519,0.596,478
47E214D2,SANTO DOMINGO,LIMA,HUARAL,gfs,temp,20260827,20260925,"00Z,12Z",D1,3h,-0.988,1.893,2.358,0.66,478
47E214D2,SANTO DOMINGO,LIMA,HUARAL,eta5,temp,20260827,20260925,"00Z,12Z",D1,3h,2.521,2.825,3.521,0.769,403
47E214D2,SANTO DOMINGO,LIMA,HUARAL,wrf5,temp,20260827,20260925,"00Z,12Z",D1,3h,-0.378,1.568,1.861,0.777,470
47E214D2,SANTO DOMINGO,LIMA,HUARAL,mpas15,temp,20260827,20260925,00Z,D1,3h,-1.444,2.105,2.485,0.722,239
47E257D8,VICHAYCOCHA,LIMA,HUARAL,ecmwf,temp,20260827,20260925,"00Z,12Z",D1,3h,S/D,S/D,S/D,S/D,0
47E257D8,VICHAYCOCHA,LIMA,HUARAL,gfs,temp,20260827,20260925,"00Z,12Z",D1,3h,S/D,S/D,S/D,S/D,0
47E257D8,VICHAYCOCHA,LIMA,HUARAL,eta5,temp,20260827,20260925,"00Z,12Z",D1,3h,S/D,S/D,S/D,S/D,0
47E257D8,VICHAYCOCHA,LIMA,HUARAL,wrf5,temp,20260827,20260925,"00Z,12Z",D1,3h,S/D,S/D,S/D,S/D,0
47E257D8,VICHAYCOCHA,LIMA,HUARAL,mpas15,temp,20260827,20260925,00Z,D1,3h,S/D,S/D,S/D,S/D,0
472D73C2,CASAPALCA,LIMA,HUAROCHIRI,ecmwf,temp,20260827,20260925,"00Z,12Z",D1,3h,-0.801,1.378,1.795,0.932,480
472D73C2,CASAPALCA,LIMA,HUAROCHIRI,gfs,temp,20260827,20260925,"00Z,12Z",D1,3h,-0.721,1.9,2.344,0.832,480
472D73C2,CASAPALCA,LIMA,HUAROCHIRI,eta5,temp,20260827,20260925,"00Z,12Z",D1,3h,-2.474,2.777,3.303,0.799,405
472D73C2,CASAPALCA,LIMA,HUAROCHIRI,wrf5,temp,20260827,20260925,"00Z,12Z",D1,3h,-2.44,2.618,3.14,0.835,472
472D73C2,CASAPALCA,LIMA,HUAROCHIRI,mpas15,temp,20260827,20260925,00Z,D1,3h,-3.585,3.657,4.124,0.868,240
472CE45A,MATUCANA,LIMA,HUAROCHIRI,ecmwf,temp,20260827,20260925,"00Z,12Z",D1,3h,-9.421,9.421,9.695,0.786,480
472CE45A,MATUCANA,LIMA,HUAROCHIRI,gfs,temp,20260827,20260925,"00Z,12Z",D1,3h,-6.745,6.745,7.261,0.79,480
472CE45A,MATUCANA,LIMA,HUAROCHIRI,eta5,temp,20260827,20260925,"00Z,12Z",D1,3h,-5.59,5.59,5.86,0.859,405
472CE45A,MATUCANA,LIMA,HUAROCHIRI,wrf5,temp,20260827,20260925,"00Z,12Z",D1,3h,-1.554,2.488,3.03,0.77,472
472CE45A,MATUCANA,LIMA,HUAROCHIRI,mpas15,temp,20260827,20260925,00Z,D1,3h,-11.631,11.631,11.81,0.87,240
212700,PUENTE ANTAPUCRO,LIMA,HUAROCHIRI,ecmwf,temp,20260827,20260925,"00Z,12Z",D1,3h,S/D,S/D,S/D,S/D,0
212700,PUENTE ANTAPUCRO,LIMA,HUAROCHIRI,gfs,temp,20260827,20260925,"00Z,12Z",D1,3h,S/D,S/D,S/D,S/D,0
212700,PUENTE ANTAPUCRO,LIMA,HUAROCHIRI,eta5,temp,20260827,20260925,"00Z,12Z",D1,3h,S/D,S/D,S/D,S/D,0
212700,PUENTE ANTAPUCRO,LIMA,HUAROCHIRI,wrf5,temp,20260827,20260925,"00Z,12Z",D1,3h,S/D,S/D,S/D,S/D,0
212700,PUENTE ANTAPUCRO,LIMA,HUAROCHIRI,mpas15,temp,20260827,20260925,00Z,D1,3h,S/D,S/D,S/D,S/D,0
212605,SAN MATEO ,LIMA,HUAROCHIRI,ecmwf,temp,20260827,20260925,"00Z,12Z",D1,3h,S/D,S/D,S/D,S/D,0
212605,SAN MATEO ,LIMA,HUAROCHIRI,gfs,temp,20260827,20260925,"00Z,12Z",D1,3h,S/D,S/D,S/D,S/D,0
212605,SAN MATEO ,LIMA,HUAROCHIRI,eta5,temp,20260827,20260925,"00Z,12Z",D1,3h,S/D,S/D,S/D,S/D,0
212605,SAN MATEO ,LIMA,HUAROCHIRI,wrf5,temp,20260827,20260925,"00Z,12Z",D1,3h,S/D,S/D,S/D,S/D,0
212605,SAN MATEO ,LIMA,HUAROCHIRI,mpas15,temp,20260827,20260925,00Z,D1,3h,S/D,S/D,S/D,S/D,0
472EC742,SAN MATEO DE OTAO,LIMA,HUAROCHIRI,ecmwf,temp,20260827,20260925,"00Z,12Z",D1,3h,-3.427,3.512,3.946,0.762,480
472EC742,SAN MATEO DE OTAO,LIMA,HUAROCHIRI,gfs,temp,20260827,20260925,"00Z,12Z",D1,3h,-0.75,1.385,1.859,0.812,480
472EC742,SAN MATEO DE OTAO,LIMA,HUAROCHIRI,eta5,temp,20260827,20260925,"00Z,12Z",D1,3h,2.572,2.621,3.046,0.811,405
472EC742,SAN MATEO DE OTAO,LIMA,HUAROCHIRI,wrf5,temp,20260827,20260925,"00Z,12Z",D1,3h,3.183,3.373,3.85,0.75,472
472EC742,SAN MATEO DE OTAO,LIMA,HUAROCHIRI,mpas15,temp,20260827,20260925,00Z,D1,3h,4.996,4.996,5.339,0.794,240
472E24B0,SANTA EULALIA,LIMA,HUAROCHIRI,ecmwf,temp,20260827,20260925,"00Z,12Z",D1,3h,S/D,S/D,S/D,S/D,0
472E24B0,SANTA EULALIA,LIMA,HUAROCHIRI,gfs,temp,20260827,20260925,"00Z,12Z",D1,3h,S/D,S/D,S/D,S/D,0
472E24B0,SANTA EULALIA,LIMA,HUAROCHIRI,eta5,temp,20260827,20260925,"00Z,12Z",D1,3h,S/D,S/D,S/D,S/D,0
472E24B0,SANTA EULALIA,LIMA,HUAROCHIRI,wrf5,temp,20260827,20260925,"00Z,12Z",D1,3h,S/D,S/D,S/D,S/D,0
472E24B0,SANTA EULALIA,LIMA,HUAROCHIRI,mpas15,temp,20260827,20260925,00Z,D1,3h,S/D,S/D,S/D,S/D,0
472CA750,SANTIAGO DE TUNA,LIMA,HUAROCHIRI,ecmwf,temp,20260827,20260925,"00Z,12Z",D1,3h,0.936,1.701,2.029,0.89,480
472CA750,SANTIAGO DE TUNA,LIMA,HUAROCHIRI,gfs,temp,20260827,20260925,"00Z,12Z",D1,3h,0.801,2.207,2.543,0.863,480
472CA750,SANTIAGO DE TUNA,LIMA,HUAROCHIRI,eta5,temp,20260827,20260925,"00Z,12Z",D1,3h,-3.039,3.147,3.593,0.826,405
472CA750,SANTIAGO DE TUNA,LIMA,HUAROCHIRI,wrf5,temp,20260827,20260925,"00Z,12Z",D1,3h,-0.191,2.601,2.861,0.802,472
472CA750,SANTIAGO DE TUNA,LIMA,HUAROCHIRI,mpas15,temp,20260827,20260925,00Z,D1,3h,-0.915,1.989,2.461,0.87,240
4724966C,SAYAN,LIMA,HUAURA,ecmwf,temp,20260827,20260925,"00Z,12Z",D1,3h,-0.944,1.607,1.995,0.867,474
4724966C,SAYAN,LIMA,HUAURA,gfs,temp,20260827,20260925,"00Z,12Z",D1,3h,-0.69,1.389,1.723,0.874,474
4724966C,SAYAN,LIMA,HUAURA,eta5,temp,20260827,20260925,"00Z,12Z",D1,3h,1.56,2.032,2.598,0.808,401
4724966C,SAYAN,LIMA,HUAURA,wrf5,temp,20260827,20260925,"00Z,12Z",D1,3h,0.005,1.495,1.846,0.853,466
4724966C,SAYAN,LIMA,HUAURA,mpas15,temp,20260827,20260925,00Z,D1,3h,-3.018,3.309,3.959,0.741,237
212500,AGUA AZUL BOCATOMA,LIMA,LIMA,ecmwf,temp,20260827,20260925,"00Z,12Z",D1,3h,S/D,S/D,S/D,S/D,0
212500,AGUA AZUL BOCATOMA,LIMA,LIMA,gfs,temp,20260827,20260925,"00Z,12Z",D1,3h,S/D,S/D,S/D,S/D,0
212500,AGUA AZUL BOCATOMA,LIMA,LIMA,eta5,temp,20260827,20260925,"00Z,12Z",D1,3h,S/D,S/D,S/D,S/D,0
212500,AGUA AZUL BOCATOMA,LIMA,LIMA,wrf5,temp,20260827,20260925,"00Z,12Z",D1,3h,S/D,S/D,S/D,S/D,0
212500,AGUA AZUL BOCATOMA,LIMA,LIMA,mpas15,temp,20260827,20260925,00Z,D1,3h,S/D,S/D,S/D,S/D,0
472A218A,ANTONIO RAYMONDI,LIMA,LIMA,ecmwf,temp,20260827,20260925,"00Z,12Z",D1,3h,-2.271,2.397,3.036,0.063,478
472A218A,ANTONIO RAYMONDI,LIMA,LIMA,gfs,temp,20260827,20260925,"00Z,12Z",D1,3h,-3.466,3.468,3.806,0.772,478
472A218A,ANTONIO RAYMONDI,LIMA,LIMA,eta5,temp,20260827,20260925,"00Z,12Z",D1,3h,-3.213,3.252,3.57,0.829,403
472A218A,ANTONIO RAYMONDI,LIMA,LIMA,wrf5,temp,20260827,20260925,"00Z,12Z",D1,3h,-1.484,1.617,1.894,0.824,470
472A218A,ANTONIO RAYMONDI,LIMA,LIMA,mpas15,temp,20260827,20260925,00Z,D1,3h,-2.671,2.701,2.937,0.737,239
112181,CAMPO DE MARTE,LIMA,LIMA,ecmwf,temp,20260827,20260925,"00Z,12Z",D1,3h,-1.103,1.507,1.768,0.878,468
112181,CAMPO DE MARTE,LIMA,LIMA,gfs,temp,20260827,20260925,"00Z,12Z",D1,3h,-2.14,2.142,2.314,0.874,468
112181,CAMPO DE MARTE,LIMA,LIMA,eta5,temp,20260827,20260925,"00Z,12Z",D1,3h,-2.39,2.525,2.863,0.851,395
112181,CAMPO DE MARTE,LIMA,LIMA,wrf5,temp,20260827,20260925,"00Z,12Z",D1,3h,-0.368,0.857,1.044,0.816,461
112181,CAMPO DE MARTE,LIMA,LIMA,mpas15,temp,20260827,20260925,00Z,D1,3h,-1.715,1.778,2.198,0.694,234
111286,CARABAYLLO,LIMA,LIMA,ecmwf,temp,20260827,20260925,"00Z,12Z",D1,3h,-1.868,2.027,2.251,0.888,476
111286,CARABAYLLO,LIMA,LIMA,gfs,temp,20260827,20260925,"00Z,12Z",D1,3h,-2.89,2.89,3.101,0.905,476
111286,CARABAYLLO,LIMA,LIMA,eta5,temp,20260827,20260925,"00Z,12Z",D1,3h,-3.128,3.326,3.745,0.886,403
111286,CARABAYLLO,LIMA,LIMA,wrf5,temp,20260827,20260925,"00Z,12Z",D1,3h,-1.652,1.854,2.117,0.879,468
111286,CARABAYLLO,LIMA,LIMA,mpas15,temp,20260827,20260925,00Z,D1,3h,-1.968,2.033,2.345,0.87,238
112278,CERES,LIMA,LIMA,ecmwf,temp,20260827,20260925,"00Z,12Z",D1,3h,-0.919,1.358,1.555,0.885,420
112278,CERES,LIMA,LIMA,gfs,temp,20260827,20260925,"00Z,12Z",D1,3h,-1.966,1.968,2.194,0.898,420
112278,CERES,LIMA,LIMA,eta5,temp,20260827,20260925,"00Z,12Z",D1,3h,-2.635,2.916,3.369,0.871,369
112278,CERES,LIMA,LIMA,wrf5,temp,20260827,20260925,"00Z,12Z",D1,3h,-0.247,0.994,1.24,0.849,412
112278,CERES,LIMA,LIMA,mpas15,temp,20260827,20260925,00Z,D1,3h,-1.258,1.38,1.608,0.889,210
47278214,CHOSICA,LIMA,LIMA,ecmwf,temp,20260827,20260925,"00Z,12Z",D1,3h,0.363,0.497,0.547,0.894,4
47278214,CHOSICA,LIMA,LIMA,gfs,temp,20260827,20260925,"00Z,12Z",D1,3h,1.252,1.252,1.269,0.894,4
47278214,CHOSICA,LIMA,LIMA,eta5,temp,20260827,20260925,"00Z,12Z",D1,3h,2.682,2.682,3.723,0.866,3
47278214,CHOSICA,LIMA,LIMA,wrf5,temp,20260827,20260925,"00Z,12Z",D1,3h,3.618,3.618,3.688,0.894,4
47278214,CHOSICA,LIMA,LIMA,mpas15,temp,20260827,20260925,00Z,D1,3h,-1.888,1.888,2.032,1.0,2
112281,LAS PALMAS,LIMA,LIMA,ecmwf,temp,20260827,20260925,"00Z,12Z",D1,3h,-1.973,1.998,2.468,0.626,480
112281,LAS PALMAS,LIMA,LIMA,gfs,temp,20260827,20260925,"00Z,12Z",D1,3h,-3.195,3.195,3.523,0.729,480
112281,LAS PALMAS,LIMA,LIMA,eta5,temp,20260827,20260925,"00Z,12Z",D1,3h,-2.453,2.495,2.772,0.838,405
112281,LAS PALMAS,LIMA,LIMA,wrf5,temp,20260827,20260925,"00Z,12Z",D1,3h,-0.325,0.85,1.111,0.771,472
112281,LAS PALMAS,LIMA,LIMA,mpas15,temp,20260827,20260925,00Z,D1,3h,-2.266,2.371,3.22,-0.437,240
112193,SAN BORJA,LIMA,LIMA,ecmwf,temp,20260827,20260925,"00Z,12Z",D1,3h,-1.418,1.755,2.026,0.886,470
112193,SAN BORJA,LIMA,LIMA,gfs,temp,20260827,20260925,"00Z,12Z",D1,3h,-2.427,2.43,2.565,0.895,470
112193,SAN BORJA,LIMA,LIMA,eta5,temp,20260827,20260925,"00Z,12Z",D1,3h,-3.195,3.241,3.6,0.855,396
112193,SAN BORJA,LIMA,LIMA,wrf5,temp,20260827,20260925,"00Z,12Z",D1,3h,-0.403,0.889,1.08,0.793,464
112193,SAN BORJA,LIMA,LIMA,mpas15,temp,20260827,20260925,00Z,D1,3h,-1.977,2.008,2.395,0.708,235
112267,SAN JUAN DE LURIGANCHO,LIMA,LIMA,ecmwf,temp,20260827,20260925,"00Z,12Z",D1,3h,-1.156,1.58,1.794,0.88,424
112267,SAN JUAN DE LURIGANCHO,LIMA,LIMA,gfs,temp,20260827,20260925,"00Z,12Z",D1,3h,-2.15,2.159,2.324,0.902,424
112267,SAN JUAN DE LURIGANCHO,LIMA,LIMA,eta5,temp,20260827,20260925,"00Z,12Z",D1,3h,-3.079,3.242,3.7,0.865,362
112267,SAN JUAN DE LURIGANCHO,LIMA,LIMA,wrf5,temp,20260827,20260925,"00Z,12Z",D1,3h,-1.635,1.842,2.075,0.826,416
112267,SAN JUAN DE LURIGANCHO,LIMA,LIMA,mpas15,temp,20260827,20260925,00Z,D1,3h,-1.727,1.766,2.275,0.785,212
112265,SAN MARTIN DE PORRES,LIMA,LIMA,ecmwf,temp,20260827,20260925,"00Z,12Z",D1,3h,-2.032,2.278,2.644,0.884,410
112265,SAN MARTIN DE PORRES,LIMA,LIMA,gfs,temp,20260827,20260925,"00Z,12Z",D1,3h,-3.009,3.009,3.13,0.895,410
112265,SAN MARTIN DE PORRES,LIMA,LIMA,eta5,temp,20260827,20260925,"00Z,12Z",D1,3h,-3.132,3.139,3.485,0.86,344
112265,SAN MARTIN DE PORRES,LIMA,LIMA,wrf5,temp,20260827,20260925,"00Z,12Z",D1,3h,-0.795,1.034,1.22,0.802,403
112265,SAN MARTIN DE PORRES,LIMA,LIMA,mpas15,temp,20260827,20260925,00Z,D1,3h,-2.594,2.594,2.771,0.7,205
112208,SANTA ANITA,LIMA,LIMA,ecmwf,temp,20260827,20260925,"00Z,12Z",D1,3h,-0.468,1.303,1.533,0.874,478
112208,SANTA ANITA,LIMA,LIMA,gfs,temp,20260827,20260925,"00Z,12Z",D1,3h,-1.485,1.526,1.708,0.896,478
112208,SANTA ANITA,LIMA,LIMA,eta5,temp,20260827,20260925,"00Z,12Z",D1,3h,-2.183,2.729,3.183,0.855,404
112208,SANTA ANITA,LIMA,LIMA,wrf5,temp,20260827,20260925,"00Z,12Z",D1,3h,0.009,0.904,1.164,0.825,470
112208,SANTA ANITA,LIMA,LIMA,mpas15,temp,20260827,20260925,00Z,D1,3h,-1.038,1.226,1.74,0.748,239
472AC278,VON HUMBOLDT,LIMA,LIMA,ecmwf,temp,20260827,20260925,"00Z,12Z",D1,3h,-0.671,1.203,1.412,0.865,444
472AC278,VON HUMBOLDT,LIMA,LIMA,gfs,temp,20260827,20260925,"00Z,12Z",D1,3h,-1.66,1.745,2.062,0.869,444
472AC278,VON HUMBOLDT,LIMA,LIMA,eta5,temp,20260827,20260925,"00Z,12Z",D1,3h,-2.684,2.835,3.275,0.854,376
472AC278,VON HUMBOLDT,LIMA,LIMA,wrf5,temp,20260827,20260925,"00Z,12Z",D1,3h,-0.301,1.041,1.312,0.819,436
472AC278,VON HUMBOLDT,LIMA,LIMA,mpas15,temp,20260827,20260925,00Z,D1,3h,-0.989,1.284,1.55,0.862,222
111290,ÑAÑA,LIMA,LIMA,ecmwf,temp,20260827,20260925,"00Z,12Z",D1,3h,-0.041,1.369,1.695,0.77,480
111290,ÑAÑA,LIMA,LIMA,gfs,temp,20260827,20260925,"00Z,12Z",D1,3h,-0.334,1.456,1.794,0.754,480
111290,ÑAÑA,LIMA,LIMA,eta5,temp,20260827,20260925,"00Z,12Z",D1,3h,0.663,2.296,2.81,0.78,405
111290,ÑAÑA,LIMA,LIMA,wrf5,temp,20260827,20260925,"00Z,12Z",D1,3h,-1.123,1.621,1.947,0.86,472
111290,ÑAÑA,LIMA,LIMA,mpas15,temp,20260827,20260925,00Z,D1,3h,0.306,0.817,1.078,0.903,240
110139,PICOY,LIMA,OYON,ecmwf,temp,20260827,20260925,"00Z,12Z",D1,3h,S/D,S/D,S/D,S/D,0
110139,PICOY,LIMA,OYON,gfs,temp,20260827,20260925,"00Z,12Z",D1,3h,S/D,S/D,S/D,S/D,0
110139,PICOY,LIMA,OYON,eta5,temp,20260827,20260925,"00Z,12Z",D1,3h,S/D,S/D,S/D,S/D,0
110139,PICOY,LIMA,OYON,wrf5,temp,20260827,20260925,"00Z,12Z",D1,3h,S/D,S/D,S/D,S/D,0
110139,PICOY,LIMA,OYON,mpas15,temp,20260827,20260925,00Z,D1,3h,S/D,S/D,S/D,S/D,0
472364DC,CARANIA,LIMA,YAUYOS,ecmwf,temp,20260827,20260925,"00Z,12Z",D1,3h,S/D,S/D,S/D,S/D,0
472364DC,CARANIA,LIMA,YAUYOS,gfs,temp,20260827,20260925,"00Z,12Z",D1,3h,S/D,S/D,S/D,S/D,0
472364DC,CARANIA,LIMA,YAUYOS,eta5,temp,20260827,20260925,"00Z,12Z",D1,3h,S/D,S/D,S/D,S/D,0
472364DC,CARANIA,LIMA,YAUYOS,wrf5,temp,20260827,20260925,"00Z,12Z",D1,3h,S/D,S/D,S/D,S/D,0
472364DC,CARANIA,LIMA,YAUYOS,mpas15,temp,20260827,20260925,00Z,D1,3h,S/D,S/D,S/D,S/D,0
104112,SAN REGIS,LORETO,LORETO,ecmwf,temp,20260827,20260925,"00Z,12Z",D1,3h,0.093,1.339,1.864,0.856,400
104112,SAN REGIS,LORETO,LORETO,gfs,temp,20260827,20260925,"00Z,12Z",D1,3h,1.014,2.259,2.976,0.827,400
104112,SAN REGIS,LORETO,LORETO,eta5,temp,20260827,20260925,"00Z,12Z",D1,3h,2.969,3.125,3.948,0.818,341
104112,SAN REGIS,LORETO,LORETO,wrf5,temp,20260827,20260925,"00Z,12Z",D1,3h,1.531,2.079,2.695,0.854,393
104112,SAN REGIS,LORETO,LORETO,mpas15,temp,20260827,20260925,00Z,D1,3h,0.113,1.375,1.783,0.873,200
4727547C,CABALLOCOCHA,LORETO,MARISCAL RAMON CASTILLA,ecmwf,temp,20260827,20260925,"00Z,12Z",D1,3h,-0.867,1.441,1.984,0.848,476
4727547C,CABALLOCOCHA,LORETO,MARISCAL RAMON CASTILLA,gfs,temp,20260827,20260925,"00Z,12Z",D1,3h,-0.074,2.153,2.704,0.827,476
4727547C,CABALLOCOCHA,LORETO,MARISCAL RAMON CASTILLA,eta5,temp,20260827,20260925,"00Z,12Z",D1,3h,1.7,2.31,3.162,0.778,401
4727547C,CABALLOCOCHA,LORETO,MARISCAL RAMON CASTILLA,wrf5,temp,20260827,20260925,"00Z,12Z",D1,3h,0.725,1.844,2.45,0.816,468
4727547C,CABALLOCOCHA,LORETO,MARISCAL RAMON CASTILLA,mpas15,temp,20260827,20260925,00Z,D1,3h,-0.946,1.556,2.095,0.839,238
47288486,PEBAS,LORETO,MARISCAL RAMON CASTILLA,ecmwf,temp,20260827,20260925,"00Z,12Z",D1,3h,S/D,S/D,S/D,S/D,0
47288486,PEBAS,LORETO,MARISCAL RAMON CASTILLA,gfs,temp,20260827,20260925,"00Z,12Z",D1,3h,S/D,S/D,S/D,S/D,0
47288486,PEBAS,LORETO,MARISCAL RAMON CASTILLA,eta5,temp,20260827,20260925,"00Z,12Z",D1,3h,S/D,S/D,S/D,S/D,0
47288486,PEBAS,LORETO,MARISCAL RAMON CASTILLA,wrf5,temp,20260827,20260925,"00Z,12Z",D1,3h,S/D,S/D,S/D,S/D,0
47288486,PEBAS,LORETO,MARISCAL RAMON CASTILLA,mpas15,temp,20260827,20260925,00Z,D1,3h,S/D,S/D,S/D,S/D,0
103065,AMAZONAS,LORETO,MAYNAS,ecmwf,temp,20260827,20260925,"00Z,12Z",D1,3h,-0.235,1.436,1.976,0.856,472
103065,AMAZONAS,LORETO,MAYNAS,gfs,temp,20260827,20260925,"00Z,12Z",D1,3h,0.308,2.3,2.972,0.811,472
103065,AMAZONAS,LORETO,MAYNAS,eta5,temp,20260827,20260925,"00Z,12Z",D1,3h,2.698,2.957,3.625,0.818,398
103065,AMAZONAS,LORETO,MAYNAS,wrf5,temp,20260827,20260925,"00Z,12Z",D1,3h,1.074,1.931,2.417,0.854,464
103065,AMAZONAS,LORETO,MAYNAS,mpas15,temp,20260827,20260925,00Z,D1,3h,-1.256,2.315,3.133,0.793,236
47252718,ENAPU PERU,LORETO,MAYNAS,ecmwf,temp,20260827,20260925,"00Z,12Z",D1,3h,-1.04,1.495,1.95,0.834,472
47252718,ENAPU PERU,LORETO,MAYNAS,gfs,temp,20260827,20260925,"00Z,12Z",D1,3h,-0.499,2.818,3.305,0.803,472
47252718,ENAPU PERU,LORETO,MAYNAS,eta5,temp,20260827,20260925,"00Z,12Z",D1,3h,1.88,2.698,3.364,0.775,400
47252718,ENAPU PERU,LORETO,MAYNAS,wrf5,temp,20260827,20260925,"00Z,12Z",D1,3h,0.152,2.082,2.531,0.815,464
47252718,ENAPU PERU,LORETO,MAYNAS,mpas15,temp,20260827,20260925,00Z,D1,3h,-1.906,2.12,2.737,0.811,236
47287402,CONTAMANA,LORETO,UCAYALI,ecmwf,temp,20260827,20260925,"00Z,12Z",D1,3h,-1.789,2.079,2.525,0.917,472
47287402,CONTAMANA,LORETO,UCAYALI,gfs,temp,20260827,20260925,"00Z,12Z",D1,3h,-0.849,2.251,2.774,0.885,472
47287402,CONTAMANA,LORETO,UCAYALI,eta5,temp,20260827,20260925,"00Z,12Z",D1,3h,1.274,1.97,2.662,0.838,400
47287402,CONTAMANA,LORETO,UCAYALI,wrf5,temp,20260827,20260925,"00Z,12Z",D1,3h,-0.06,1.585,2.151,0.876,464
47287402,CONTAMANA,LORETO,UCAYALI,mpas15,temp,20260827,20260925,00Z,D1,3h,-1.981,2.165,2.533,0.931,236
47E8201A,SALVACION,MADRE DE DIOS,MANU,ecmwf,temp,20260827,20260925,"00Z,12Z",D1,3h,-0.79,1.797,2.299,0.818,480
47E8201A,SALVACION,MADRE DE DIOS,MANU,gfs,temp,20260827,20260925,"00Z,12Z",D1,3h,0.506,2.631,3.4,0.73,480
47E8201A,SALVACION,MADRE DE DIOS,MANU,eta5,temp,20260827,20260925,"00Z,12Z",D1,3h,0.404,1.696,2.218,0.827,405
47E8201A,SALVACION,MADRE DE DIOS,MANU,wrf5,temp,20260827,20260925,"00Z,12Z",D1,3h,1.645,2.213,2.846,0.808,472
47E8201A,SALVACION,MADRE DE DIOS,MANU,mpas15,temp,20260827,20260925,00Z,D1,3h,-1.951,2.561,3.305,0.739,240
472587E0,IÑAPARI,MADRE DE DIOS,TAHUAMANU,ecmwf,temp,20260827,20260925,"00Z,12Z",D1,3h,-0.084,1.392,1.883,0.942,474
472587E0,IÑAPARI,MADRE DE DIOS,TAHUAMANU,gfs,temp,20260827,20260925,"00Z,12Z",D1,3h,1.647,2.184,2.853,0.897,474
472587E0,IÑAPARI,MADRE DE DIOS,TAHUAMANU,eta5,temp,20260827,20260925,"00Z,12Z",D1,3h,2.933,2.996,3.656,0.889,400
472587E0,IÑAPARI,MADRE DE DIOS,TAHUAMANU,wrf5,temp,20260827,20260925,"00Z,12Z",D1,3h,1.5,1.929,2.628,0.904,466
472587E0,IÑAPARI,MADRE DE DIOS,TAHUAMANU,mpas15,temp,20260827,20260925,00Z,D1,3h,-0.899,1.794,2.426,0.942,237
260403,CACHUELA,MADRE DE DIOS,TAMBOPATA,ecmwf,temp,20260827,20260925,"00Z,12Z",D1,3h,-0.031,1.1,1.474,0.941,480
260403,CACHUELA,MADRE DE DIOS,TAMBOPATA,gfs,temp,20260827,20260925,"00Z,12Z",D1,3h,2.164,2.751,3.464,0.853,480
260403,CACHUELA,MADRE DE DIOS,TAMBOPATA,eta5,temp,20260827,20260925,"00Z,12Z",D1,3h,3.343,3.525,4.169,0.868,405
260403,CACHUELA,MADRE DE DIOS,TAMBOPATA,wrf5,temp,20260827,20260925,"00Z,12Z",D1,3h,1.619,2.132,2.733,0.886,472
260403,CACHUELA,MADRE DE DIOS,TAMBOPATA,mpas15,temp,20260827,20260925,00Z,D1,3h,-0.778,1.289,1.816,0.938,240
47E8336C,MALINOWSKY,MADRE DE DIOS,TAMBOPATA,ecmwf,temp,20260827,20260925,"00Z,12Z",D1,3h,-0.003,1.545,1.982,0.894,480
47E8336C,MALINOWSKY,MADRE DE DIOS,TAMBOPATA,gfs,temp,20260827,20260925,"00Z,12Z",D1,3h,1.85,2.643,3.479,0.786,480
47E8336C,MALINOWSKY,MADRE DE DIOS,TAMBOPATA,eta5,temp,20260827,20260925,"00Z,12Z",D1,3h,3.447,3.522,4.074,0.877,405
47E8336C,MALINOWSKY,MADRE DE DIOS,TAMBOPATA,wrf5,temp,20260827,20260925,"00Z,12Z",D1,3h,1.428,2.029,2.674,0.857,472
47E8336C,MALINOWSKY,MADRE DE DIOS,TAMBOPATA,mpas15,temp,20260827,20260925,00Z,D1,3h,-0.78,1.864,2.321,0.885,240
260402,PUENTE HERRERA,MADRE DE DIOS,TAMBOPATA,ecmwf,temp,20260827,20260925,"00Z,12Z",D1,3h,S/D,S/D,S/D,S/D,0
260402,PUENTE HERRERA,MADRE DE DIOS,TAMBOPATA,gfs,temp,20260827,20260925,"00Z,12Z",D1,3h,S/D,S/D,S/D,S/D,0
260402,PUENTE HERRERA,MADRE DE DIOS,TAMBOPATA,eta5,temp,20260827,20260925,"00Z,12Z",D1,3h,S/D,S/D,S/D,S/D,0
260402,PUENTE HERRERA,MADRE DE DIOS,TAMBOPATA,wrf5,temp,20260827,20260925,"00Z,12Z",D1,3h,S/D,S/D,S/D,S/D,0
260402,PUENTE HERRERA,MADRE DE DIOS,TAMBOPATA,mpas15,temp,20260827,20260925,00Z,D1,3h,S/D,S/D,S/D,S/D,0
112279,PUERTO MALDONADO,MADRE DE DIOS,TAMBOPATA,ecmwf,temp,20260827,20260925,"00Z,12Z",D1,3h,-0.771,1.42,1.845,0.933,480
112279,PUERTO MALDONADO,MADRE DE DIOS,TAMBOPATA,gfs,temp,20260827,20260925,"00Z,12Z",D1,3h,1.424,2.526,3.221,0.849,480
112279,PUERTO MALDONADO,MADRE DE DIOS,TAMBOPATA,eta5,temp,20260827,20260925,"00Z,12Z",D1,3h,2.622,2.991,3.679,0.859,405
112279,PUERTO MALDONADO,MADRE DE DIOS,TAMBOPATA,wrf5,temp,20260827,20260925,"00Z,12Z",D1,3h,1.005,2.022,2.596,0.877,472
112279,PUERTO MALDONADO,MADRE DE DIOS,TAMBOPATA,mpas15,temp,20260827,20260925,00Z,D1,3h,-1.518,1.791,2.3,0.931,240
260002,TAMBOPATA,MADRE DE DIOS,TAMBOPATA,ecmwf,temp,20260827,20260925,"00Z,12Z",D1,3h,S/D,S/D,S/D,S/D,0
260002,TAMBOPATA,MADRE DE DIOS,TAMBOPATA,gfs,temp,20260827,20260925,"00Z,12Z",D1,3h,S/D,S/D,S/D,S/D,0
260002,TAMBOPATA,MADRE DE DIOS,TAMBOPATA,eta5,temp,20260827,20260925,"00Z,12Z",D1,3h,S/D,S/D,S/D,S/D,0
260002,TAMBOPATA,MADRE DE DIOS,TAMBOPATA,wrf5,temp,20260827,20260925,"00Z,12Z",D1,3h,S/D,S/D,S/D,S/D,0
260002,TAMBOPATA,MADRE DE DIOS,TAMBOPATA,mpas15,temp,20260827,20260925,00Z,D1,3h,S/D,S/D,S/D,S/D,0
4723F1BE,MOQUEGUA,MOQUEGUA,MARISCAL NIETO,ecmwf,temp,20260827,20260925,"00Z,12Z",D1,3h,-1.191,1.708,2.143,0.938,478
4723F1BE,MOQUEGUA,MOQUEGUA,MARISCAL NIETO,gfs,temp,20260827,20260925,"00Z,12Z",D1,3h,-0.191,1.666,1.995,0.936,478
4723F1BE,MOQUEGUA,MOQUEGUA,MARISCAL NIETO,eta5,temp,20260827,20260925,"00Z,12Z",D1,3h,1.551,2.005,2.462,0.913,403
4723F1BE,MOQUEGUA,MOQUEGUA,MARISCAL NIETO,wrf5,temp,20260827,20260925,"00Z,12Z",D1,3h,-0.007,1.852,2.251,0.912,470
4723F1BE,MOQUEGUA,MOQUEGUA,MARISCAL NIETO,mpas15,temp,20260827,20260925,00Z,D1,3h,-4.202,4.344,4.73,0.91,239
110137,12 DE OCTUBRE,PASCO,DANIEL ALCIDES CARRION,ecmwf,temp,20260827,20260925,"00Z,12Z",D1,3h,-1.098,2.539,3.06,0.856,478
110137,12 DE OCTUBRE,PASCO,DANIEL ALCIDES CARRION,gfs,temp,20260827,20260925,"00Z,12Z",D1,3h,-1.733,2.627,3.361,0.795,478
110137,12 DE OCTUBRE,PASCO,DANIEL ALCIDES CARRION,eta5,temp,20260827,20260925,"00Z,12Z",D1,3h,-1.001,2.473,2.942,0.796,403
110137,12 DE OCTUBRE,PASCO,DANIEL ALCIDES CARRION,wrf5,temp,20260827,20260925,"00Z,12Z",D1,3h,-0.378,2.297,2.864,0.827,470
110137,12 DE OCTUBRE,PASCO,DANIEL ALCIDES CARRION,mpas15,temp,20260827,20260925,00Z,D1,3h,-3.9,4.061,4.646,0.858,239
4725D79C,OXAPAMPA,PASCO,OXAPAMPA,ecmwf,temp,20260827,20260925,"00Z,12Z",D1,3h,-3.921,3.967,4.229,0.862,480
4725D79C,OXAPAMPA,PASCO,OXAPAMPA,gfs,temp,20260827,20260925,"00Z,12Z",D1,3h,-4.741,4.744,5.07,0.837,480
4725D79C,OXAPAMPA,PASCO,OXAPAMPA,eta5,temp,20260827,20260925,"00Z,12Z",D1,3h,-6.21,6.21,6.467,0.807,405
4725D79C,OXAPAMPA,PASCO,OXAPAMPA,wrf5,temp,20260827,20260925,"00Z,12Z",D1,3h,-0.739,1.492,1.898,0.858,472
4725D79C,OXAPAMPA,PASCO,OXAPAMPA,mpas15,temp,20260827,20260925,00Z,D1,3h,-3.429,3.556,4.1,0.745,240
109093,PUERTO BERMUDEZ,PASCO,OXAPAMPA,ecmwf,temp,20260827,20260925,"00Z,12Z",D1,3h,-0.455,1.376,1.796,0.887,480
109093,PUERTO BERMUDEZ,PASCO,OXAPAMPA,gfs,temp,20260827,20260925,"00Z,12Z",D1,3h,-0.225,2.199,2.815,0.843,480
109093,PUERTO BERMUDEZ,PASCO,OXAPAMPA,eta5,temp,20260827,20260925,"00Z,12Z",D1,3h,2.013,2.429,2.985,0.832,405
109093,PUERTO BERMUDEZ,PASCO,OXAPAMPA,wrf5,temp,20260827,20260925,"00Z,12Z",D1,3h,1.397,1.882,2.428,0.868,472
109093,PUERTO BERMUDEZ,PASCO,OXAPAMPA,mpas15,temp,20260827,20260925,00Z,D1,3h,-0.663,1.481,2.102,0.878,240
104114,ALTO DE POCLUS,PIURA,AYABACA,ecmwf,temp,20260827,20260925,"00Z,12Z",D1,3h,8.101,8.101,8.273,0.828,348
104114,ALTO DE POCLUS,PIURA,AYABACA,gfs,temp,20260827,20260925,"00Z,12Z",D1,3h,9.132,9.132,9.272,0.863,348
104114,ALTO DE POCLUS,PIURA,AYABACA,eta5,temp,20260827,20260925,"00Z,12Z",D1,3h,-0.2,1.038,1.265,0.87,300
104114,ALTO DE POCLUS,PIURA,AYABACA,wrf5,temp,20260827,20260925,"00Z,12Z",D1,3h,0.856,1.729,2.092,0.761,342
104114,ALTO DE POCLUS,PIURA,AYABACA,mpas15,temp,20260827,20260925,00Z,D1,3h,5.674,5.674,5.928,0.821,174
47E9177A,EL CIRUELO,PIURA,AYABACA,ecmwf,temp,20260827,20260925,"00Z,12Z",D1,3h,S/D,S/D,S/D,S/D,0
47E9177A,EL CIRUELO,PIURA,AYABACA,gfs,temp,20260827,20260925,"00Z,12Z",D1,3h,S/D,S/D,S/D,S/D,0
47E9177A,EL CIRUELO,PIURA,AYABACA,eta5,temp,20260827,20260925,"00Z,12Z",D1,3h,S/D,S/D,S/D,S/D,0
47E9177A,EL CIRUELO,PIURA,AYABACA,wrf5,temp,20260827,20260925,"00Z,12Z",D1,3h,S/D,S/D,S/D,S/D,0
47E9177A,EL CIRUELO,PIURA,AYABACA,mpas15,temp,20260827,20260925,00Z,D1,3h,S/D,S/D,S/D,S/D,0
47E281B0,HUALCUY,PIURA,AYABACA,ecmwf,temp,20260827,20260925,"00Z,12Z",D1,3h,-4.219,4.219,4.494,0.872,474
47E281B0,HUALCUY,PIURA,AYABACA,gfs,temp,20260827,20260925,"00Z,12Z",D1,3h,-3.539,3.68,4.059,0.834,474
47E281B0,HUALCUY,PIURA,AYABACA,eta5,temp,20260827,20260925,"00Z,12Z",D1,3h,1.001,1.748,2.251,0.854,400
47E281B0,HUALCUY,PIURA,AYABACA,wrf5,temp,20260827,20260925,"00Z,12Z",D1,3h,2.897,2.915,3.331,0.899,466
47E281B0,HUALCUY,PIURA,AYABACA,mpas15,temp,20260827,20260925,00Z,D1,3h,-3.252,3.28,3.71,0.874,237
472FC5B8,PAIMAS,PIURA,AYABACA,ecmwf,temp,20260827,20260925,"00Z,12Z",D1,3h,-5.221,5.224,5.611,0.8,476
472FC5B8,PAIMAS,PIURA,AYABACA,gfs,temp,20260827,20260925,"00Z,12Z",D1,3h,-3.932,4.079,4.641,0.776,476
472FC5B8,PAIMAS,PIURA,AYABACA,eta5,temp,20260827,20260925,"00Z,12Z",D1,3h,-2.952,3.232,3.68,0.811,402
472FC5B8,PAIMAS,PIURA,AYABACA,wrf5,temp,20260827,20260925,"00Z,12Z",D1,3h,-1.299,2.459,2.836,0.874,468
472FC5B8,PAIMAS,PIURA,AYABACA,mpas15,temp,20260827,20260925,00Z,D1,3h,-2.851,2.987,3.354,0.905,238
47E0C74E,PUENTE MACARA,PIURA,AYABACA,ecmwf,temp,20260827,20260925,"00Z,12Z",D1,3h,S/D,S/D,S/D,S/D,0
47E0C74E,PUENTE MACARA,PIURA,AYABACA,gfs,temp,20260827,20260925,"00Z,12Z",D1,3h,S/D,S/D,S/D,S/D,0
47E0C74E,PUENTE MACARA,PIURA,AYABACA,eta5,temp,20260827,20260925,"00Z,12Z",D1,3h,S/D,S/D,S/D,S/D,0
47E0C74E,PUENTE MACARA,PIURA,AYABACA,wrf5,temp,20260827,20260925,"00Z,12Z",D1,3h,S/D,S/D,S/D,S/D,0
47E0C74E,PUENTE MACARA,PIURA,AYABACA,mpas15,temp,20260827,20260925,00Z,D1,3h,S/D,S/D,S/D,S/D,0
472FF022,SAPILLICA,PIURA,AYABACA,ecmwf,temp,20260827,20260925,"00Z,12Z",D1,3h,0.218,1.143,1.443,0.878,474
472FF022,SAPILLICA,PIURA,AYABACA,gfs,temp,20260827,20260925,"00Z,12Z",D1,3h,1.514,1.762,2.363,0.861,474
472FF022,SAPILLICA,PIURA,AYABACA,eta5,temp,20260827,20260925,"00Z,12Z",D1,3h,0.183,1.24,1.564,0.851,400
472FF022,SAPILLICA,PIURA,AYABACA,wrf5,temp,20260827,20260925,"00Z,12Z",D1,3h,0.425,1.573,2.008,0.741,466
472FF022,SAPILLICA,PIURA,AYABACA,mpas15,temp,20260827,20260925,00Z,D1,3h,1.244,1.566,2.212,0.884,237
472F86B2,CANCHAQUE,PIURA,HUANCABAMBA,ecmwf,temp,20260827,20260925,"00Z,12Z",D1,3h,-1.539,2.684,3.072,0.802,476
472F86B2,CANCHAQUE,PIURA,HUANCABAMBA,gfs,temp,20260827,20260925,"00Z,12Z",D1,3h,-2.05,2.999,3.384,0.756,476
472F86B2,CANCHAQUE,PIURA,HUANCABAMBA,eta5,temp,20260827,20260925,"00Z,12Z",D1,3h,-0.3,1.567,1.943,0.749,402
472F86B2,CANCHAQUE,PIURA,HUANCABAMBA,wrf5,temp,20260827,20260925,"00Z,12Z",D1,3h,0.206,2.704,3.328,0.352,468
472F86B2,CANCHAQUE,PIURA,HUANCABAMBA,mpas15,temp,20260827,20260925,00Z,D1,3h,-0.004,2.02,2.46,0.716,238
472FE354,HUANCABAMBA,PIURA,HUANCABAMBA,ecmwf,temp,20260827,20260925,"00Z,12Z",D1,3h,-4.569,4.572,5.025,0.872,478
472FE354,HUANCABAMBA,PIURA,HUANCABAMBA,gfs,temp,20260827,20260925,"00Z,12Z",D1,3h,-4.409,4.477,5.069,0.806,478
472FE354,HUANCABAMBA,PIURA,HUANCABAMBA,eta5,temp,20260827,20260925,"00Z,12Z",D1,3h,-3.342,3.44,3.978,0.875,404
472FE354,HUANCABAMBA,PIURA,HUANCABAMBA,wrf5,temp,20260827,20260925,"00Z,12Z",D1,3h,0.237,1.709,2.164,0.83,470
472FE354,HUANCABAMBA,PIURA,HUANCABAMBA,mpas15,temp,20260827,20260925,00Z,D1,3h,-4.131,4.306,4.875,0.772,239
472761E6,HUARMACA,PIURA,HUANCABAMBA,ecmwf,temp,20260827,20260925,"00Z,12Z",D1,3h,0.704,2.137,2.67,0.679,480
472761E6,HUARMACA,PIURA,HUANCABAMBA,gfs,temp,20260827,20260925,"00Z,12Z",D1,3h,0.191,2.093,2.56,0.608,480
472761E6,HUARMACA,PIURA,HUANCABAMBA,eta5,temp,20260827,20260925,"00Z,12Z",D1,3h,0.738,1.803,2.337,0.607,405
472761E6,HUARMACA,PIURA,HUANCABAMBA,wrf5,temp,20260827,20260925,"00Z,12Z",D1,3h,1.946,2.416,2.94,0.614,472
472761E6,HUARMACA,PIURA,HUANCABAMBA,mpas15,temp,20260827,20260925,00Z,D1,3h,-0.478,1.925,2.335,0.577,240
472FB328,CHALACO,PIURA,MORROPON,ecmwf,temp,20260827,20260925,"00Z,12Z",D1,3h,1.202,1.6,1.977,0.861,476
472FB328,CHALACO,PIURA,MORROPON,gfs,temp,20260827,20260925,"00Z,12Z",D1,3h,0.45,1.285,1.628,0.866,476
472FB328,CHALACO,PIURA,MORROPON,eta5,temp,20260827,20260925,"00Z,12Z",D1,3h,2.739,2.89,3.374,0.833,402
472FB328,CHALACO,PIURA,MORROPON,wrf5,temp,20260827,20260925,"00Z,12Z",D1,3h,1.192,2.871,3.499,0.518,468
472FB328,CHALACO,PIURA,MORROPON,mpas15,temp,20260827,20260925,00Z,D1,3h,3.574,3.597,4.056,0.822,238
472F6540,CHULUCANAS,PIURA,MORROPON,ecmwf,temp,20260827,20260925,"00Z,12Z",D1,3h,0.738,1.275,1.808,0.94,478
472F6540,CHULUCANAS,PIURA,MORROPON,gfs,temp,20260827,20260925,"00Z,12Z",D1,3h,-0.138,1.604,1.978,0.932,478
472F6540,CHULUCANAS,PIURA,MORROPON,eta5,temp,20260827,20260925,"00Z,12Z",D1,3h,0.839,1.739,2.329,0.94,403
472F6540,CHULUCANAS,PIURA,MORROPON,wrf5,temp,20260827,20260925,"00Z,12Z",D1,3h,-0.594,1.977,2.295,0.919,470
472F6540,CHULUCANAS,PIURA,MORROPON,mpas15,temp,20260827,20260925,00Z,D1,3h,-1.515,2.038,2.318,0.945,239
47E037CA,CORRAL DEL MEDIO,PIURA,MORROPON,ecmwf,temp,20260827,20260925,"00Z,12Z",D1,3h,S/D,S/D,S/D,S/D,0
47E037CA,CORRAL DEL MEDIO,PIURA,MORROPON,gfs,temp,20260827,20260925,"00Z,12Z",D1,3h,S/D,S/D,S/D,S/D,0
47E037CA,CORRAL DEL MEDIO,PIURA,MORROPON,eta5,temp,20260827,20260925,"00Z,12Z",D1,3h,S/D,S/D,S/D,S/D,0
47E037CA,CORRAL DEL MEDIO,PIURA,MORROPON,wrf5,temp,20260827,20260925,"00Z,12Z",D1,3h,S/D,S/D,S/D,S/D,0
47E037CA,CORRAL DEL MEDIO,PIURA,MORROPON,mpas15,temp,20260827,20260925,00Z,D1,3h,S/D,S/D,S/D,S/D,0
472F50DA,EL VIRREY,PIURA,MORROPON,ecmwf,temp,20260827,20260925,"00Z,12Z",D1,3h,-0.272,1.214,1.554,0.948,476
472F50DA,EL VIRREY,PIURA,MORROPON,gfs,temp,20260827,20260925,"00Z,12Z",D1,3h,-0.295,1.888,2.32,0.925,476
472F50DA,EL VIRREY,PIURA,MORROPON,eta5,temp,20260827,20260925,"00Z,12Z",D1,3h,-0.945,2.045,2.391,0.921,402
472F50DA,EL VIRREY,PIURA,MORROPON,wrf5,temp,20260827,20260925,"00Z,12Z",D1,3h,-1.391,2.413,2.805,0.885,468
472F50DA,EL VIRREY,PIURA,MORROPON,mpas15,temp,20260827,20260925,00Z,D1,3h,-0.327,1.489,1.89,0.939,238
47E074C0,HACIENDA BARRIOS,PIURA,MORROPON,ecmwf,temp,20260827,20260925,"00Z,12Z",D1,3h,S/D,S/D,S/D,S/D,0
47E074C0,HACIENDA BARRIOS,PIURA,MORROPON,gfs,temp,20260827,20260925,"00Z,12Z",D1,3h,S/D,S/D,S/D,S/D,0
47E074C0,HACIENDA BARRIOS,PIURA,MORROPON,eta5,temp,20260827,20260925,"00Z,12Z",D1,3h,S/D,S/D,S/D,S/D,0
47E074C0,HACIENDA BARRIOS,PIURA,MORROPON,wrf5,temp,20260827,20260925,"00Z,12Z",D1,3h,S/D,S/D,S/D,S/D,0
47E074C0,HACIENDA BARRIOS,PIURA,MORROPON,mpas15,temp,20260827,20260925,00Z,D1,3h,S/D,S/D,S/D,S/D,0
472F95C4,HACIENDA BIGOTE ,PIURA,MORROPON,ecmwf,temp,20260827,20260925,"00Z,12Z",D1,3h,-4.053,4.065,4.415,0.89,476
472F95C4,HACIENDA BIGOTE ,PIURA,MORROPON,gfs,temp,20260827,20260925,"00Z,12Z",D1,3h,-4.107,4.174,4.656,0.825,476
472F95C4,HACIENDA BIGOTE ,PIURA,MORROPON,eta5,temp,20260827,20260925,"00Z,12Z",D1,3h,1.11,2.282,2.957,0.892,402
472F95C4,HACIENDA BIGOTE ,PIURA,MORROPON,wrf5,temp,20260827,20260925,"00Z,12Z",D1,3h,-1.409,2.541,2.888,0.873,468
472F95C4,HACIENDA BIGOTE ,PIURA,MORROPON,mpas15,temp,20260827,20260925,00Z,D1,3h,-5.712,5.757,6.28,0.691,238
472FA05E,MALACASI,PIURA,MORROPON,ecmwf,temp,20260827,20260925,"00Z,12Z",D1,3h,-3.889,3.909,4.333,0.902,476
472FA05E,MALACASI,PIURA,MORROPON,gfs,temp,20260827,20260925,"00Z,12Z",D1,3h,-3.938,3.983,4.419,0.853,476
472FA05E,MALACASI,PIURA,MORROPON,eta5,temp,20260827,20260925,"00Z,12Z",D1,3h,-0.065,1.807,2.235,0.917,402
472FA05E,MALACASI,PIURA,MORROPON,wrf5,temp,20260827,20260925,"00Z,12Z",D1,3h,-1.19,2.082,2.422,0.915,468
472FA05E,MALACASI,PIURA,MORROPON,mpas15,temp,20260827,20260925,00Z,D1,3h,-3.325,3.394,3.723,0.905,238
472F7636,MORROPON,PIURA,MORROPON,ecmwf,temp,20260827,20260925,"00Z,12Z",D1,3h,-0.47,1.423,1.725,0.941,478
472F7636,MORROPON,PIURA,MORROPON,gfs,temp,20260827,20260925,"00Z,12Z",D1,3h,-0.484,2.013,2.364,0.921,478
472F7636,MORROPON,PIURA,MORROPON,eta5,temp,20260827,20260925,"00Z,12Z",D1,3h,0.683,1.864,2.414,0.934,404
472F7636,MORROPON,PIURA,MORROPON,wrf5,temp,20260827,20260925,"00Z,12Z",D1,3h,-0.419,1.995,2.336,0.916,470
472F7636,MORROPON,PIURA,MORROPON,mpas15,temp,20260827,20260925,00Z,D1,3h,-3.001,3.122,3.429,0.926,239
47E067B6,SALITRAL,PIURA,MORROPON,ecmwf,temp,20260827,20260925,"00Z,12Z",D1,3h,S/D,S/D,S/D,S/D,0
47E067B6,SALITRAL,PIURA,MORROPON,gfs,temp,20260827,20260925,"00Z,12Z",D1,3h,S/D,S/D,S/D,S/D,0
47E067B6,SALITRAL,PIURA,MORROPON,eta5,temp,20260827,20260925,"00Z,12Z",D1,3h,S/D,S/D,S/D,S/D,0
47E067B6,SALITRAL,PIURA,MORROPON,wrf5,temp,20260827,20260925,"00Z,12Z",D1,3h,S/D,S/D,S/D,S/D,0
47E067B6,SALITRAL,PIURA,MORROPON,mpas15,temp,20260827,20260925,00Z,D1,3h,S/D,S/D,S/D,S/D,0
47E08444,SAN PEDRO,PIURA,MORROPON,ecmwf,temp,20260827,20260925,"00Z,12Z",D1,3h,S/D,S/D,S/D,S/D,0
47E08444,SAN PEDRO,PIURA,MORROPON,gfs,temp,20260827,20260925,"00Z,12Z",D1,3h,S/D,S/D,S/D,S/D,0
47E08444,SAN PEDRO,PIURA,MORROPON,eta5,temp,20260827,20260925,"00Z,12Z",D1,3h,S/D,S/D,S/D,S/D,0
47E08444,SAN PEDRO,PIURA,MORROPON,wrf5,temp,20260827,20260925,"00Z,12Z",D1,3h,S/D,S/D,S/D,S/D,0
47E08444,SAN PEDRO,PIURA,MORROPON,mpas15,temp,20260827,20260925,00Z,D1,3h,S/D,S/D,S/D,S/D,0
105145,SANTO DOMINGO,PIURA,MORROPON,ecmwf,temp,20260827,20260925,"00Z,12Z",D1,3h,-2.479,2.829,3.171,0.731,40
105145,SANTO DOMINGO,PIURA,MORROPON,gfs,temp,20260827,20260925,"00Z,12Z",D1,3h,-3.24,3.861,4.308,0.556,40
105145,SANTO DOMINGO,PIURA,MORROPON,eta5,temp,20260827,20260925,"00Z,12Z",D1,3h,-1.12,1.848,2.101,0.746,33
105145,SANTO DOMINGO,PIURA,MORROPON,wrf5,temp,20260827,20260925,"00Z,12Z",D1,3h,0.188,1.385,2.031,0.771,40
105145,SANTO DOMINGO,PIURA,MORROPON,mpas15,temp,20260827,20260925,00Z,D1,3h,0.353,1.487,1.885,0.798,20
47E0B1DE,PUENTE SIMON RODRIGUEZ,PIURA,PAITA,ecmwf,temp,20260827,20260925,"00Z,12Z",D1,3h,S/D,S/D,S/D,S/D,0
47E0B1DE,PUENTE SIMON RODRIGUEZ,PIURA,PAITA,gfs,temp,20260827,20260925,"00Z,12Z",D1,3h,S/D,S/D,S/D,S/D,0
47E0B1DE,PUENTE SIMON RODRIGUEZ,PIURA,PAITA,eta5,temp,20260827,20260925,"00Z,12Z",D1,3h,S/D,S/D,S/D,S/D,0
47E0B1DE,PUENTE SIMON RODRIGUEZ,PIURA,PAITA,wrf5,temp,20260827,20260925,"00Z,12Z",D1,3h,S/D,S/D,S/D,S/D,0
47E0B1DE,PUENTE SIMON RODRIGUEZ,PIURA,PAITA,mpas15,temp,20260827,20260925,00Z,D1,3h,S/D,S/D,S/D,S/D,0
47E0E1A2,BOCATOMA CHIPILLICO,PIURA,PIURA,ecmwf,temp,20260827,20260925,"00Z,12Z",D1,3h,S/D,S/D,S/D,S/D,0
47E0E1A2,BOCATOMA CHIPILLICO,PIURA,PIURA,gfs,temp,20260827,20260925,"00Z,12Z",D1,3h,S/D,S/D,S/D,S/D,0
47E0E1A2,BOCATOMA CHIPILLICO,PIURA,PIURA,eta5,temp,20260827,20260925,"00Z,12Z",D1,3h,S/D,S/D,S/D,S/D,0
47E0E1A2,BOCATOMA CHIPILLICO,PIURA,PIURA,wrf5,temp,20260827,20260925,"00Z,12Z",D1,3h,S/D,S/D,S/D,S/D,0
47E0E1A2,BOCATOMA CHIPILLICO,PIURA,PIURA,mpas15,temp,20260827,20260925,00Z,D1,3h,S/D,S/D,S/D,S/D,0
47E0F2D4,LAGARTERA,PIURA,PIURA,ecmwf,temp,20260827,20260925,"00Z,12Z",D1,3h,S/D,S/D,S/D,S/D,0
47E0F2D4,LAGARTERA,PIURA,PIURA,gfs,temp,20260827,20260925,"00Z,12Z",D1,3h,S/D,S/D,S/D,S/D,0
47E0F2D4,LAGARTERA,PIURA,PIURA,eta5,temp,20260827,20260925,"00Z,12Z",D1,3h,S/D,S/D,S/D,S/D,0
47E0F2D4,LAGARTERA,PIURA,PIURA,wrf5,temp,20260827,20260925,"00Z,12Z",D1,3h,S/D,S/D,S/D,S/D,0
47E0F2D4,LAGARTERA,PIURA,PIURA,mpas15,temp,20260827,20260925,00Z,D1,3h,S/D,S/D,S/D,S/D,0
105112,MIRAFLORES,PIURA,PIURA,ecmwf,temp,20260827,20260925,"00Z,12Z",D1,3h,S/D,S/D,S/D,S/D,0
105112,MIRAFLORES,PIURA,PIURA,gfs,temp,20260827,20260925,"00Z,12Z",D1,3h,S/D,S/D,S/D,S/D,0
105112,MIRAFLORES,PIURA,PIURA,eta5,temp,20260827,20260925,"00Z,12Z",D1,3h,S/D,S/D,S/D,S/D,0
105112,MIRAFLORES,PIURA,PIURA,wrf5,temp,20260827,20260925,"00Z,12Z",D1,3h,S/D,S/D,S/D,S/D,0
105112,MIRAFLORES,PIURA,PIURA,mpas15,temp,20260827,20260925,00Z,D1,3h,S/D,S/D,S/D,S/D,0
104113,PARTIDOR,PIURA,PIURA,ecmwf,temp,20260827,20260925,"00Z,12Z",D1,3h,1.116,1.378,1.956,0.947,302
104113,PARTIDOR,PIURA,PIURA,gfs,temp,20260827,20260925,"00Z,12Z",D1,3h,0.18,1.704,2.092,0.936,302
104113,PARTIDOR,PIURA,PIURA,eta5,temp,20260827,20260925,"00Z,12Z",D1,3h,1.365,1.794,2.442,0.949,262
104113,PARTIDOR,PIURA,PIURA,wrf5,temp,20260827,20260925,"00Z,12Z",D1,3h,-0.431,1.851,2.09,0.936,295
104113,PARTIDOR,PIURA,PIURA,mpas15,temp,20260827,20260925,00Z,D1,3h,-0.187,1.324,1.691,0.946,151
105143,SAN MIGUEL,PIURA,PIURA,ecmwf,temp,20260827,20260925,"00Z,12Z",D1,3h,-0.099,0.932,1.24,0.953,480
105143,SAN MIGUEL,PIURA,PIURA,gfs,temp,20260827,20260925,"00Z,12Z",D1,3h,-0.803,1.226,1.64,0.946,480
105143,SAN MIGUEL,PIURA,PIURA,eta5,temp,20260827,20260925,"00Z,12Z",D1,3h,0.207,1.191,1.513,0.937,405
105143,SAN MIGUEL,PIURA,PIURA,wrf5,temp,20260827,20260925,"00Z,12Z",D1,3h,-0.628,1.266,1.502,0.945,472
105143,SAN MIGUEL,PIURA,PIURA,mpas15,temp,20260827,20260925,00Z,D1,3h,-0.875,1.355,1.576,0.951,240
47E0522C,TAMBO GRANDE,PIURA,PIURA,ecmwf,temp,20260827,20260925,"00Z,12Z",D1,3h,S/D,S/D,S/D,S/D,0
47E0522C,TAMBO GRANDE,PIURA,PIURA,gfs,temp,20260827,20260925,"00Z,12Z",D1,3h,S/D,S/D,S/D,S/D,0
47E0522C,TAMBO GRANDE,PIURA,PIURA,eta5,temp,20260827,20260925,"00Z,12Z",D1,3h,S/D,S/D,S/D,S/D,0
47E0522C,TAMBO GRANDE,PIURA,PIURA,wrf5,temp,20260827,20260925,"00Z,12Z",D1,3h,S/D,S/D,S/D,S/D,0
47E0522C,TAMBO GRANDE,PIURA,PIURA,mpas15,temp,20260827,20260925,00Z,D1,3h,S/D,S/D,S/D,S/D,0
105144,BERNAL,PIURA,SECHURA,ecmwf,temp,20260827,20260925,"00Z,12Z",D1,3h,0.172,0.937,1.223,0.957,308
105144,BERNAL,PIURA,SECHURA,gfs,temp,20260827,20260925,"00Z,12Z",D1,3h,-0.215,1.324,1.515,0.95,308
105144,BERNAL,PIURA,SECHURA,eta5,temp,20260827,20260925,"00Z,12Z",D1,3h,0.253,1.399,1.75,0.933,266
105144,BERNAL,PIURA,SECHURA,wrf5,temp,20260827,20260925,"00Z,12Z",D1,3h,-0.345,1.275,1.476,0.948,302
105144,BERNAL,PIURA,SECHURA,mpas15,temp,20260827,20260925,00Z,D1,3h,-0.173,1.463,1.692,0.956,154
105120,CHUSIS,PIURA,SECHURA,ecmwf,temp,20260827,20260925,"00Z,12Z",D1,3h,0.383,0.952,1.317,0.957,298
105120,CHUSIS,PIURA,SECHURA,gfs,temp,20260827,20260925,"00Z,12Z",D1,3h,-0.02,1.288,1.556,0.953,298
105120,CHUSIS,PIURA,SECHURA,eta5,temp,20260827,20260925,"00Z,12Z",D1,3h,0.212,1.028,1.291,0.928,251
105120,CHUSIS,PIURA,SECHURA,wrf5,temp,20260827,20260925,"00Z,12Z",D1,3h,-0.463,1.008,1.219,0.947,292
105120,CHUSIS,PIURA,SECHURA,mpas15,temp,20260827,20260925,00Z,D1,3h,-0.283,0.845,1.085,0.954,149
47E0D438,ALAMOR,PIURA,SULLANA,ecmwf,temp,20260827,20260925,"00Z,12Z",D1,3h,S/D,S/D,S/D,S/D,0
47E0D438,ALAMOR,PIURA,SULLANA,gfs,temp,20260827,20260925,"00Z,12Z",D1,3h,S/D,S/D,S/D,S/D,0
47E0D438,ALAMOR,PIURA,SULLANA,eta5,temp,20260827,20260925,"00Z,12Z",D1,3h,S/D,S/D,S/D,S/D,0
47E0D438,ALAMOR,PIURA,SULLANA,wrf5,temp,20260827,20260925,"00Z,12Z",D1,3h,S/D,S/D,S/D,S/D,0
47E0D438,ALAMOR,PIURA,SULLANA,mpas15,temp,20260827,20260925,00Z,D1,3h,S/D,S/D,S/D,S/D,0
47E09732,LA ARDILLA,PIURA,SULLANA,ecmwf,temp,20260827,20260925,"00Z,12Z",D1,3h,S/D,S/D,S/D,S/D,0
47E09732,LA ARDILLA,PIURA,SULLANA,gfs,temp,20260827,20260925,"00Z,12Z",D1,3h,S/D,S/D,S/D,S/D,0
47E09732,LA ARDILLA,PIURA,SULLANA,eta5,temp,20260827,20260925,"00Z,12Z",D1,3h,S/D,S/D,S/D,S/D,0
47E09732,LA ARDILLA,PIURA,SULLANA,wrf5,temp,20260827,20260925,"00Z,12Z",D1,3h,S/D,S/D,S/D,S/D,0
47E09732,LA ARDILLA,PIURA,SULLANA,mpas15,temp,20260827,20260925,00Z,D1,3h,S/D,S/D,S/D,S/D,0
472FD6CE,LANCONES,PIURA,SULLANA,ecmwf,temp,20260827,20260925,"00Z,12Z",D1,3h,0.915,1.307,1.865,0.93,476
472FD6CE,LANCONES,PIURA,SULLANA,gfs,temp,20260827,20260925,"00Z,12Z",D1,3h,0.267,1.754,2.117,0.909,476
472FD6CE,LANCONES,PIURA,SULLANA,eta5,temp,20260827,20260925,"00Z,12Z",D1,3h,0.435,1.223,1.588,0.921,402
472FD6CE,LANCONES,PIURA,SULLANA,wrf5,temp,20260827,20260925,"00Z,12Z",D1,3h,-0.043,1.82,2.161,0.9,468
472FD6CE,LANCONES,PIURA,SULLANA,mpas15,temp,20260827,20260925,00Z,D1,3h,-0.043,1.504,1.849,0.938,238
270202,PUENTE AZANGARO,PUNO,AZANGARO,ecmwf,temp,20260827,20260925,"00Z,12Z",D1,3h,-1.02,1.85,2.269,0.941,478
270202,PUENTE AZANGARO,PUNO,AZANGARO,gfs,temp,20260827,20260925,"00Z,12Z",D1,3h,-0.213,1.979,2.595,0.882,478
270202,PUENTE AZANGARO,PUNO,AZANGARO,eta5,temp,20260827,20260925,"00Z,12Z",D1,3h,0.956,2.231,2.787,0.88,403
270202,PUENTE AZANGARO,PUNO,AZANGARO,wrf5,temp,20260827,20260925,"00Z,12Z",D1,3h,0.855,2.047,2.52,0.911,470
270202,PUENTE AZANGARO,PUNO,AZANGARO,mpas15,temp,20260827,20260925,00Z,D1,3h,-2.454,2.91,3.186,0.938,239
4721AAE4,AYMAÑA,PUNO,CARABAYA,ecmwf,temp,20260827,20260925,"00Z,12Z",D1,3h,-5.362,5.507,6.03,0.798,480
4721AAE4,AYMAÑA,PUNO,CARABAYA,gfs,temp,20260827,20260925,"00Z,12Z",D1,3h,-3.504,4.025,4.778,0.757,480
4721AAE4,AYMAÑA,PUNO,CARABAYA,eta5,temp,20260827,20260925,"00Z,12Z",D1,3h,4.16,4.166,4.655,0.876,405
4721AAE4,AYMAÑA,PUNO,CARABAYA,wrf5,temp,20260827,20260925,"00Z,12Z",D1,3h,-1.092,2.47,2.893,0.785,472
4721AAE4,AYMAÑA,PUNO,CARABAYA,mpas15,temp,20260827,20260925,00Z,D1,3h,-4.853,5.002,5.811,0.801,240
114137,CRUCERO,PUNO,CARABAYA,ecmwf,temp,20260827,20260925,"00Z,12Z",D1,3h,-2.184,3.765,4.42,0.846,420
114137,CRUCERO,PUNO,CARABAYA,gfs,temp,20260827,20260925,"00Z,12Z",D1,3h,-0.733,4.052,4.771,0.783,420
114137,CRUCERO,PUNO,CARABAYA,eta5,temp,20260827,20260925,"00Z,12Z",D1,3h,-0.911,3.258,3.896,0.824,364
114137,CRUCERO,PUNO,CARABAYA,wrf5,temp,20260827,20260925,"00Z,12Z",D1,3h,2.045,3.037,4.037,0.887,412
114137,CRUCERO,PUNO,CARABAYA,mpas15,temp,20260827,20260925,00Z,D1,3h,-2.122,4.023,4.747,0.877,210
4721B992,UPINA,PUNO,CARABAYA,ecmwf,temp,20260827,20260925,"00Z,12Z",D1,3h,-3.967,4.024,4.395,0.855,480
4721B992,UPINA,PUNO,CARABAYA,gfs,temp,20260827,20260925,"00Z,12Z",D1,3h,-3.48,3.627,4.213,0.764,480
4721B992,UPINA,PUNO,CARABAYA,eta5,temp,20260827,20260925,"00Z,12Z",D1,3h,3.13,3.186,3.564,0.851,405
4721B992,UPINA,PUNO,CARABAYA,wrf5,temp,20260827,20260925,"00Z,12Z",D1,3h,-1.838,2.194,2.654,0.813,472
4721B992,UPINA,PUNO,CARABAYA,mpas15,temp,20260827,20260925,00Z,D1,3h,-1.624,2.352,3.102,0.772,240
210003,HUANCASAYA,PUNO,HUANCANE,ecmwf,temp,20260827,20260925,"00Z,12Z",D1,3h,0.644,2.238,3.229,0.82,478
210003,HUANCASAYA,PUNO,HUANCANE,gfs,temp,20260827,20260925,"00Z,12Z",D1,3h,1.693,2.539,3.8,0.795,478
210003,HUANCASAYA,PUNO,HUANCANE,eta5,temp,20260827,20260925,"00Z,12Z",D1,3h,0.833,2.413,3.402,0.808,404
210003,HUANCASAYA,PUNO,HUANCANE,wrf5,temp,20260827,20260925,"00Z,12Z",D1,3h,1.201,2.359,3.362,0.821,470
210003,HUANCASAYA,PUNO,HUANCANE,mpas15,temp,20260827,20260925,00Z,D1,3h,-0.086,2.785,3.518,0.816,239
47251282,PUENTE CARRETERA RAMIS,PUNO,HUANCANE,ecmwf,temp,20260827,20260925,"00Z,12Z",D1,3h,-0.24,1.642,2.086,0.943,474
47251282,PUENTE CARRETERA RAMIS,PUNO,HUANCANE,gfs,temp,20260827,20260925,"00Z,12Z",D1,3h,0.289,2.689,3.354,0.859,474
47251282,PUENTE CARRETERA RAMIS,PUNO,HUANCANE,eta5,temp,20260827,20260925,"00Z,12Z",D1,3h,3.37,3.513,4.232,0.886,401
47251282,PUENTE CARRETERA RAMIS,PUNO,HUANCANE,wrf5,temp,20260827,20260925,"00Z,12Z",D1,3h,1.365,2.182,2.751,0.906,466
47251282,PUENTE CARRETERA RAMIS,PUNO,HUANCANE,mpas15,temp,20260827,20260925,00Z,D1,3h,-1.659,2.258,2.602,0.938,237
472E37C6,PALCA,PUNO,LAMPA,ecmwf,temp,20260827,20260925,"00Z,12Z",D1,3h,-0.716,2.741,3.424,0.899,480
472E37C6,PALCA,PUNO,LAMPA,gfs,temp,20260827,20260925,"00Z,12Z",D1,3h,0.587,3.711,4.482,0.861,480
472E37C6,PALCA,PUNO,LAMPA,eta5,temp,20260827,20260925,"00Z,12Z",D1,3h,0.985,2.897,3.71,0.894,405
472E37C6,PALCA,PUNO,LAMPA,wrf5,temp,20260827,20260925,"00Z,12Z",D1,3h,1.452,3.352,4.467,0.851,472
472E37C6,PALCA,PUNO,LAMPA,mpas15,temp,20260827,20260925,00Z,D1,3h,-2.988,4.531,5.117,0.873,240
472DE6A0,PAMPAHUTA,PUNO,LAMPA,ecmwf,temp,20260827,20260925,"00Z,12Z",D1,3h,-1.005,3.872,4.834,0.773,474
472DE6A0,PAMPAHUTA,PUNO,LAMPA,gfs,temp,20260827,20260925,"00Z,12Z",D1,3h,0.431,3.71,4.678,0.806,474
472DE6A0,PAMPAHUTA,PUNO,LAMPA,eta5,temp,20260827,20260925,"00Z,12Z",D1,3h,4.106,4.561,5.707,0.843,402
472DE6A0,PAMPAHUTA,PUNO,LAMPA,wrf5,temp,20260827,20260925,"00Z,12Z",D1,3h,2.43,3.941,5.099,0.816,466
472DE6A0,PAMPAHUTA,PUNO,LAMPA,mpas15,temp,20260827,20260925,00Z,D1,3h,-0.772,3.339,4.153,0.852,237
114134,ANANSAYA -PUNA,PUNO,MELGAR,ecmwf,temp,20260827,20260925,"00Z,12Z",D1,3h,S/D,S/D,S/D,S/D,0
114134,ANANSAYA -PUNA,PUNO,MELGAR,gfs,temp,20260827,20260925,"00Z,12Z",D1,3h,S/D,S/D,S/D,S/D,0
114134,ANANSAYA -PUNA,PUNO,MELGAR,eta5,temp,20260827,20260925,"00Z,12Z",D1,3h,S/D,S/D,S/D,S/D,0
114134,ANANSAYA -PUNA,PUNO,MELGAR,wrf5,temp,20260827,20260925,"00Z,12Z",D1,3h,S/D,S/D,S/D,S/D,0
114134,ANANSAYA -PUNA,PUNO,MELGAR,mpas15,temp,20260827,20260925,00Z,D1,3h,S/D,S/D,S/D,S/D,0
47256412,ENAFER,PUNO,PUNO,ecmwf,temp,20260827,20260925,"00Z,12Z",D1,3h,S/D,S/D,S/D,S/D,0
47256412,ENAFER,PUNO,PUNO,gfs,temp,20260827,20260925,"00Z,12Z",D1,3h,S/D,S/D,S/D,S/D,0
47256412,ENAFER,PUNO,PUNO,eta5,temp,20260827,20260925,"00Z,12Z",D1,3h,S/D,S/D,S/D,S/D,0
47256412,ENAFER,PUNO,PUNO,wrf5,temp,20260827,20260925,"00Z,12Z",D1,3h,S/D,S/D,S/D,S/D,0
47256412,ENAFER,PUNO,PUNO,mpas15,temp,20260827,20260925,00Z,D1,3h,S/D,S/D,S/D,S/D,0
472E4156,ILLPA,PUNO,PUNO,ecmwf,temp,20260827,20260925,"00Z,12Z",D1,3h,1.431,2.206,2.84,0.951,478
472E4156,ILLPA,PUNO,PUNO,gfs,temp,20260827,20260925,"00Z,12Z",D1,3h,1.046,4.369,5.161,0.863,478
472E4156,ILLPA,PUNO,PUNO,eta5,temp,20260827,20260925,"00Z,12Z",D1,3h,1.811,2.676,3.466,0.914,403
472E4156,ILLPA,PUNO,PUNO,wrf5,temp,20260827,20260925,"00Z,12Z",D1,3h,2.311,2.883,3.705,0.923,470
472E4156,ILLPA,PUNO,PUNO,mpas15,temp,20260827,20260925,00Z,D1,3h,-0.785,4.123,4.988,0.885,239
472CB426,LARAQUERI,PUNO,PUNO,ecmwf,temp,20260827,20260925,"00Z,12Z",D1,3h,-0.599,2.394,3.083,0.905,480
472CB426,LARAQUERI,PUNO,PUNO,gfs,temp,20260827,20260925,"00Z,12Z",D1,3h,0.495,2.867,3.836,0.898,480
472CB426,LARAQUERI,PUNO,PUNO,eta5,temp,20260827,20260925,"00Z,12Z",D1,3h,2.081,2.726,3.91,0.904,405
472CB426,LARAQUERI,PUNO,PUNO,wrf5,temp,20260827,20260925,"00Z,12Z",D1,3h,2.216,2.806,4.052,0.906,472
472CB426,LARAQUERI,PUNO,PUNO,mpas15,temp,20260827,20260925,00Z,D1,3h,-1.385,3.34,3.904,0.89,240
472DD33A,PUNO,PUNO,PUNO,ecmwf,temp,20260827,20260925,"00Z,12Z",D1,3h,-0.713,2.528,2.911,0.867,480
472DD33A,PUNO,PUNO,PUNO,gfs,temp,20260827,20260925,"00Z,12Z",D1,3h,-1.088,2.299,2.852,0.838,480
472DD33A,PUNO,PUNO,PUNO,eta5,temp,20260827,20260925,"00Z,12Z",D1,3h,-0.678,2.544,3.025,0.786,405
472DD33A,PUNO,PUNO,PUNO,wrf5,temp,20260827,20260925,"00Z,12Z",D1,3h,1.068,2.033,2.588,0.858,472
472DD33A,PUNO,PUNO,PUNO,mpas15,temp,20260827,20260925,00Z,D1,3h,-4.235,4.691,6.064,0.206,240
115156,CABANILLAS,PUNO,SAN ROMAN,ecmwf,temp,20260827,20260925,"00Z,12Z",D1,3h,-1.887,2.39,2.923,0.903,422
115156,CABANILLAS,PUNO,SAN ROMAN,gfs,temp,20260827,20260925,"00Z,12Z",D1,3h,-1.281,1.987,2.467,0.923,422
115156,CABANILLAS,PUNO,SAN ROMAN,eta5,temp,20260827,20260925,"00Z,12Z",D1,3h,-0.069,1.885,2.35,0.889,366
115156,CABANILLAS,PUNO,SAN ROMAN,wrf5,temp,20260827,20260925,"00Z,12Z",D1,3h,-0.733,1.748,2.25,0.9,414
115156,CABANILLAS,PUNO,SAN ROMAN,mpas15,temp,20260827,20260925,00Z,D1,3h,-3.814,4.022,4.426,0.889,211
472CF72C,JULIACA,PUNO,SAN ROMAN,ecmwf,temp,20260827,20260925,"00Z,12Z",D1,3h,0.326,1.932,2.629,0.941,480
472CF72C,JULIACA,PUNO,SAN ROMAN,gfs,temp,20260827,20260925,"00Z,12Z",D1,3h,0.892,2.672,3.742,0.896,480
472CF72C,JULIACA,PUNO,SAN ROMAN,eta5,temp,20260827,20260925,"00Z,12Z",D1,3h,1.447,2.793,3.611,0.89,405
472CF72C,JULIACA,PUNO,SAN ROMAN,wrf5,temp,20260827,20260925,"00Z,12Z",D1,3h,1.41,2.558,3.579,0.908,472
472CF72C,JULIACA,PUNO,SAN ROMAN,mpas15,temp,20260827,20260925,00Z,D1,3h,-0.881,2.544,3.05,0.938,240
107142,BELLAVISTA,SAN MARTIN,BELLAVISTA,ecmwf,temp,20260827,20260925,"00Z,12Z",D1,3h,-1.268,1.675,2.247,0.905,480
107142,BELLAVISTA,SAN MARTIN,BELLAVISTA,gfs,temp,20260827,20260925,"00Z,12Z",D1,3h,-2.56,3.163,3.741,0.879,480
107142,BELLAVISTA,SAN MARTIN,BELLAVISTA,eta5,temp,20260827,20260925,"00Z,12Z",D1,3h,0.392,1.93,2.364,0.865,405
107142,BELLAVISTA,SAN MARTIN,BELLAVISTA,wrf5,temp,20260827,20260925,"00Z,12Z",D1,3h,-1.254,1.853,2.271,0.896,472
107142,BELLAVISTA,SAN MARTIN,BELLAVISTA,mpas15,temp,20260827,20260925,00Z,D1,3h,-2.855,2.918,3.405,0.931,240
210006,SHANAO,SAN MARTIN,LAMAS,ecmwf,temp,20260827,20260925,"00Z,12Z",D1,3h,S/D,S/D,S/D,S/D,0
210006,SHANAO,SAN MARTIN,LAMAS,gfs,temp,20260827,20260925,"00Z,12Z",D1,3h,S/D,S/D,S/D,S/D,0
210006,SHANAO,SAN MARTIN,LAMAS,eta5,temp,20260827,20260925,"00Z,12Z",D1,3h,S/D,S/D,S/D,S/D,0
210006,SHANAO,SAN MARTIN,LAMAS,wrf5,temp,20260827,20260925,"00Z,12Z",D1,3h,S/D,S/D,S/D,S/D,0
210006,SHANAO,SAN MARTIN,LAMAS,mpas15,temp,20260827,20260925,00Z,D1,3h,S/D,S/D,S/D,S/D,0
106144,JEPELACIO,SAN MARTIN,MOYOBAMBA,ecmwf,temp,20260827,20260925,"00Z,12Z",D1,3h,0.168,1.532,1.939,0.881,480
106144,JEPELACIO,SAN MARTIN,MOYOBAMBA,gfs,temp,20260827,20260925,"00Z,12Z",D1,3h,-0.621,2.112,2.523,0.871,480
106144,JEPELACIO,SAN MARTIN,MOYOBAMBA,eta5,temp,20260827,20260925,"00Z,12Z",D1,3h,2.935,3.063,3.663,0.834,405
106144,JEPELACIO,SAN MARTIN,MOYOBAMBA,wrf5,temp,20260827,20260925,"00Z,12Z",D1,3h,-0.534,1.838,2.301,0.805,472
106144,JEPELACIO,SAN MARTIN,MOYOBAMBA,mpas15,temp,20260827,20260925,00Z,D1,3h,-2.045,2.583,3.23,0.775,240
106145,TINGO DE PONAZA,SAN MARTIN,PICOTA,ecmwf,temp,20260827,20260925,"00Z,12Z",D1,3h,-1.292,1.952,2.484,0.87,284
106145,TINGO DE PONAZA,SAN MARTIN,PICOTA,gfs,temp,20260827,20260925,"00Z,12Z",D1,3h,-2.747,2.973,3.717,0.873,284
106145,TINGO DE PONAZA,SAN MARTIN,PICOTA,eta5,temp,20260827,20260925,"00Z,12Z",D1,3h,0.139,2.181,2.686,0.824,238
106145,TINGO DE PONAZA,SAN MARTIN,PICOTA,wrf5,temp,20260827,20260925,"00Z,12Z",D1,3h,-1.045,1.79,2.198,0.906,276
106145,TINGO DE PONAZA,SAN MARTIN,PICOTA,mpas15,temp,20260827,20260925,00Z,D1,3h,-3.644,3.674,4.328,0.918,142
4724851A,NARANJILLO,SAN MARTIN,RIOJA,ecmwf,temp,20260827,20260925,"00Z,12Z",D1,3h,-2.184,2.478,2.892,0.898,472
4724851A,NARANJILLO,SAN MARTIN,RIOJA,gfs,temp,20260827,20260925,"00Z,12Z",D1,3h,-4.126,4.195,4.747,0.82,472
4724851A,NARANJILLO,SAN MARTIN,RIOJA,eta5,temp,20260827,20260925,"00Z,12Z",D1,3h,-0.103,1.752,2.15,0.817,398
4724851A,NARANJILLO,SAN MARTIN,RIOJA,wrf5,temp,20260827,20260925,"00Z,12Z",D1,3h,-0.549,1.435,1.898,0.883,464
4724851A,NARANJILLO,SAN MARTIN,RIOJA,mpas15,temp,20260827,20260925,00Z,D1,3h,-5.539,5.547,6.109,0.745,236
4723013A,EL PORVENIR,SAN MARTIN,SAN MARTIN,ecmwf,temp,20260827,20260925,"00Z,12Z",D1,3h,-3.616,3.766,4.614,0.827,470
4723013A,EL PORVENIR,SAN MARTIN,SAN MARTIN,gfs,temp,20260827,20260925,"00Z,12Z",D1,3h,-3.218,3.302,3.969,0.888,470
4723013A,EL PORVENIR,SAN MARTIN,SAN MARTIN,eta5,temp,20260827,20260925,"00Z,12Z",D1,3h,0.696,2.132,2.701,0.849,399
4723013A,EL PORVENIR,SAN MARTIN,SAN MARTIN,wrf5,temp,20260827,20260925,"00Z,12Z",D1,3h,-0.225,1.627,2.032,0.905,462
4723013A,EL PORVENIR,SAN MARTIN,SAN MARTIN,mpas15,temp,20260827,20260925,00Z,D1,3h,-3.248,3.281,3.926,0.928,235
47E2E456,TOCACHE,SAN MARTIN,TOCACHE,ecmwf,temp,20260827,20260925,"00Z,12Z",D1,3h,-1.144,1.665,1.977,0.908,474
47E2E456,TOCACHE,SAN MARTIN,TOCACHE,gfs,temp,20260827,20260925,"00Z,12Z",D1,3h,-1.376,3.121,3.435,0.861,474
47E2E456,TOCACHE,SAN MARTIN,TOCACHE,eta5,temp,20260827,20260925,"00Z,12Z",D1,3h,1.767,2.212,2.686,0.854,401
47E2E456,TOCACHE,SAN MARTIN,TOCACHE,wrf5,temp,20260827,20260925,"00Z,12Z",D1,3h,0.018,1.577,1.939,0.889,466
47E2E456,TOCACHE,SAN MARTIN,TOCACHE,mpas15,temp,20260827,20260925,00Z,D1,3h,-3.01,3.164,3.588,0.854,237
47E2C2BA,CANDARAVE,TACNA,CANDARAVE,ecmwf,temp,20260827,20260925,"00Z,12Z",D1,3h,-1.52,1.715,2.028,0.943,478
47E2C2BA,CANDARAVE,TACNA,CANDARAVE,gfs,temp,20260827,20260925,"00Z,12Z",D1,3h,-0.904,1.847,2.251,0.896,478
47E2C2BA,CANDARAVE,TACNA,CANDARAVE,eta5,temp,20260827,20260925,"00Z,12Z",D1,3h,-0.132,1.108,1.366,0.93,404
47E2C2BA,CANDARAVE,TACNA,CANDARAVE,wrf5,temp,20260827,20260925,"00Z,12Z",D1,3h,2.5,2.56,3.059,0.895,470
47E2C2BA,CANDARAVE,TACNA,CANDARAVE,mpas15,temp,20260827,20260925,00Z,D1,3h,-1.359,1.882,2.265,0.933,239
47E1654C,CORACHAY II,TACNA,CANDARAVE,ecmwf,temp,20260827,20260925,"00Z,12Z",D1,3h,S/D,S/D,S/D,S/D,0
47E1654C,CORACHAY II,TACNA,CANDARAVE,gfs,temp,20260827,20260925,"00Z,12Z",D1,3h,S/D,S/D,S/D,S/D,0
47E1654C,CORACHAY II,TACNA,CANDARAVE,eta5,temp,20260827,20260925,"00Z,12Z",D1,3h,S/D,S/D,S/D,S/D,0
47E1654C,CORACHAY II,TACNA,CANDARAVE,wrf5,temp,20260827,20260925,"00Z,12Z",D1,3h,S/D,S/D,S/D,S/D,0
47E1654C,CORACHAY II,TACNA,CANDARAVE,mpas15,temp,20260827,20260925,00Z,D1,3h,S/D,S/D,S/D,S/D,0
47E12646,LAGUNA ARICOTA,TACNA,CANDARAVE,ecmwf,temp,20260827,20260925,"00Z,12Z",D1,3h,S/D,S/D,S/D,S/D,0
47E12646,LAGUNA ARICOTA,TACNA,CANDARAVE,gfs,temp,20260827,20260925,"00Z,12Z",D1,3h,S/D,S/D,S/D,S/D,0
47E12646,LAGUNA ARICOTA,TACNA,CANDARAVE,eta5,temp,20260827,20260925,"00Z,12Z",D1,3h,S/D,S/D,S/D,S/D,0
47E12646,LAGUNA ARICOTA,TACNA,CANDARAVE,wrf5,temp,20260827,20260925,"00Z,12Z",D1,3h,S/D,S/D,S/D,S/D,0
47E12646,LAGUNA ARICOTA,TACNA,CANDARAVE,mpas15,temp,20260827,20260925,00Z,D1,3h,S/D,S/D,S/D,S/D,0
47E186BE,PUENTE VIEJO,TACNA,JORGE BASADRE,ecmwf,temp,20260827,20260925,"00Z,12Z",D1,3h,S/D,S/D,S/D,S/D,0
47E186BE,PUENTE VIEJO,TACNA,JORGE BASADRE,gfs,temp,20260827,20260925,"00Z,12Z",D1,3h,S/D,S/D,S/D,S/D,0
47E186BE,PUENTE VIEJO,TACNA,JORGE BASADRE,eta5,temp,20260827,20260925,"00Z,12Z",D1,3h,S/D,S/D,S/D,S/D,0
47E186BE,PUENTE VIEJO,TACNA,JORGE BASADRE,wrf5,temp,20260827,20260925,"00Z,12Z",D1,3h,S/D,S/D,S/D,S/D,0
47E186BE,PUENTE VIEJO,TACNA,JORGE BASADRE,mpas15,temp,20260827,20260925,00Z,D1,3h,S/D,S/D,S/D,S/D,0
47E2B42A,BOCATOMA EL AYRO,TACNA,TACNA,ecmwf,temp,20260827,20260925,"00Z,12Z",D1,3h,-3.381,5.015,5.578,0.739,476
47E2B42A,BOCATOMA EL AYRO,TACNA,TACNA,gfs,temp,20260827,20260925,"00Z,12Z",D1,3h,-1.801,4.313,4.901,0.76,476
47E2B42A,BOCATOMA EL AYRO,TACNA,TACNA,eta5,temp,20260827,20260925,"00Z,12Z",D1,3h,1.707,2.89,3.992,0.793,402
47E2B42A,BOCATOMA EL AYRO,TACNA,TACNA,wrf5,temp,20260827,20260925,"00Z,12Z",D1,3h,1.52,2.961,3.961,0.846,468
47E2B42A,BOCATOMA EL AYRO,TACNA,TACNA,mpas15,temp,20260827,20260925,00Z,D1,3h,-3.08,4.182,4.697,0.844,238
47E143A0,CAPLINA,TACNA,TACNA,ecmwf,temp,20260827,20260925,"00Z,12Z",D1,3h,S/D,S/D,S/D,S/D,0
47E143A0,CAPLINA,TACNA,TACNA,gfs,temp,20260827,20260925,"00Z,12Z",D1,3h,S/D,S/D,S/D,S/D,0
47E143A0,CAPLINA,TACNA,TACNA,eta5,temp,20260827,20260925,"00Z,12Z",D1,3h,S/D,S/D,S/D,S/D,0
47E143A0,CAPLINA,TACNA,TACNA,wrf5,temp,20260827,20260925,"00Z,12Z",D1,3h,S/D,S/D,S/D,S/D,0
47E143A0,CAPLINA,TACNA,TACNA,mpas15,temp,20260827,20260925,00Z,D1,3h,S/D,S/D,S/D,S/D,0
47E13530,CERRO BLANCO,TACNA,TACNA,ecmwf,temp,20260827,20260925,"00Z,12Z",D1,3h,S/D,S/D,S/D,S/D,0
47E13530,CERRO BLANCO,TACNA,TACNA,gfs,temp,20260827,20260925,"00Z,12Z",D1,3h,S/D,S/D,S/D,S/D,0
47E13530,CERRO BLANCO,TACNA,TACNA,eta5,temp,20260827,20260925,"00Z,12Z",D1,3h,S/D,S/D,S/D,S/D,0
47E13530,CERRO BLANCO,TACNA,TACNA,wrf5,temp,20260827,20260925,"00Z,12Z",D1,3h,S/D,S/D,S/D,S/D,0
47E13530,CERRO BLANCO,TACNA,TACNA,mpas15,temp,20260827,20260925,00Z,D1,3h,S/D,S/D,S/D,S/D,0
47E195C8,CHALLATA,TACNA,TACNA,ecmwf,temp,20260827,20260925,"00Z,12Z",D1,3h,S/D,S/D,S/D,S/D,0
47E195C8,CHALLATA,TACNA,TACNA,gfs,temp,20260827,20260925,"00Z,12Z",D1,3h,S/D,S/D,S/D,S/D,0
47E195C8,CHALLATA,TACNA,TACNA,eta5,temp,20260827,20260925,"00Z,12Z",D1,3h,S/D,S/D,S/D,S/D,0
47E195C8,CHALLATA,TACNA,TACNA,wrf5,temp,20260827,20260925,"00Z,12Z",D1,3h,S/D,S/D,S/D,S/D,0
47E195C8,CHALLATA,TACNA,TACNA,mpas15,temp,20260827,20260925,00Z,D1,3h,S/D,S/D,S/D,S/D,0
4722F344,LA TRANCA,TACNA,TACNA,ecmwf,temp,20260827,20260925,"00Z,12Z",D1,3h,S/D,S/D,S/D,S/D,0
4722F344,LA TRANCA,TACNA,TACNA,gfs,temp,20260827,20260925,"00Z,12Z",D1,3h,S/D,S/D,S/D,S/D,0
4722F344,LA TRANCA,TACNA,TACNA,eta5,temp,20260827,20260925,"00Z,12Z",D1,3h,S/D,S/D,S/D,S/D,0
4722F344,LA TRANCA,TACNA,TACNA,wrf5,temp,20260827,20260925,"00Z,12Z",D1,3h,S/D,S/D,S/D,S/D,0
4722F344,LA TRANCA,TACNA,TACNA,mpas15,temp,20260827,20260925,00Z,D1,3h,S/D,S/D,S/D,S/D,0
47E113DC,REPRESA PAUCARANI,TACNA,TACNA,ecmwf,temp,20260827,20260925,"00Z,12Z",D1,3h,S/D,S/D,S/D,S/D,0
47E113DC,REPRESA PAUCARANI,TACNA,TACNA,gfs,temp,20260827,20260925,"00Z,12Z",D1,3h,S/D,S/D,S/D,S/D,0
47E113DC,REPRESA PAUCARANI,TACNA,TACNA,eta5,temp,20260827,20260925,"00Z,12Z",D1,3h,S/D,S/D,S/D,S/D,0
47E113DC,REPRESA PAUCARANI,TACNA,TACNA,wrf5,temp,20260827,20260925,"00Z,12Z",D1,3h,S/D,S/D,S/D,S/D,0
47E113DC,REPRESA PAUCARANI,TACNA,TACNA,mpas15,temp,20260827,20260925,00Z,D1,3h,S/D,S/D,S/D,S/D,0
117059,ANCOAQUE,TACNA,TARATA,ecmwf,temp,20260827,20260925,"00Z,12Z",D1,3h,S/D,S/D,S/D,S/D,0
117059,ANCOAQUE,TACNA,TARATA,gfs,temp,20260827,20260925,"00Z,12Z",D1,3h,S/D,S/D,S/D,S/D,0
117059,ANCOAQUE,TACNA,TARATA,eta5,temp,20260827,20260925,"00Z,12Z",D1,3h,S/D,S/D,S/D,S/D,0
117059,ANCOAQUE,TACNA,TARATA,wrf5,temp,20260827,20260925,"00Z,12Z",D1,3h,S/D,S/D,S/D,S/D,0
117059,ANCOAQUE,TACNA,TARATA,mpas15,temp,20260827,20260925,00Z,D1,3h,S/D,S/D,S/D,S/D,0
47E292C6,CHUAPALCA,TACNA,TARATA,ecmwf,temp,20260827,20260925,"00Z,12Z",D1,3h,0.168,3.609,4.449,0.896,474
47E292C6,CHUAPALCA,TACNA,TARATA,gfs,temp,20260827,20260925,"00Z,12Z",D1,3h,0.46,4.823,5.902,0.792,474
47E292C6,CHUAPALCA,TACNA,TARATA,eta5,temp,20260827,20260925,"00Z,12Z",D1,3h,2.537,3.703,5.67,0.814,400
47E292C6,CHUAPALCA,TACNA,TARATA,wrf5,temp,20260827,20260925,"00Z,12Z",D1,3h,2.865,3.962,5.943,0.859,466
47E292C6,CHUAPALCA,TACNA,TARATA,mpas15,temp,20260827,20260925,00Z,D1,3h,-1.688,4.743,5.28,0.855,237
47E150D6,PUENTE TALAPALCA,TACNA,TARATA,ecmwf,temp,20260827,20260925,"00Z,12Z",D1,3h,S/D,S/D,S/D,S/D,0
47E150D6,PUENTE TALAPALCA,TACNA,TARATA,gfs,temp,20260827,20260925,"00Z,12Z",D1,3h,S/D,S/D,S/D,S/D,0
47E150D6,PUENTE TALAPALCA,TACNA,TARATA,eta5,temp,20260827,20260925,"00Z,12Z",D1,3h,S/D,S/D,S/D,S/D,0
47E150D6,PUENTE TALAPALCA,TACNA,TARATA,wrf5,temp,20260827,20260925,"00Z,12Z",D1,3h,S/D,S/D,S/D,S/D,0
47E150D6,PUENTE TALAPALCA,TACNA,TARATA,mpas15,temp,20260827,20260925,00Z,D1,3h,S/D,S/D,S/D,S/D,0
47E1B324,REPRESA JARUMAS,TACNA,TARATA,ecmwf,temp,20260827,20260925,"00Z,12Z",D1,3h,S/D,S/D,S/D,S/D,0
47E1B324,REPRESA JARUMAS,TACNA,TARATA,gfs,temp,20260827,20260925,"00Z,12Z",D1,3h,S/D,S/D,S/D,S/D,0
47E1B324,REPRESA JARUMAS,TACNA,TARATA,eta5,temp,20260827,20260925,"00Z,12Z",D1,3h,S/D,S/D,S/D,S/D,0
47E1B324,REPRESA JARUMAS,TACNA,TARATA,wrf5,temp,20260827,20260925,"00Z,12Z",D1,3h,S/D,S/D,S/D,S/D,0
47E1B324,REPRESA JARUMAS,TACNA,TARATA,mpas15,temp,20260827,20260925,00Z,D1,3h,S/D,S/D,S/D,S/D,0
47E1763A,SALIDA TUNEL KOVIRE,TACNA,TARATA,ecmwf,temp,20260827,20260925,"00Z,12Z",D1,3h,S/D,S/D,S/D,S/D,0
47E1763A,SALIDA TUNEL KOVIRE,TACNA,TARATA,gfs,temp,20260827,20260925,"00Z,12Z",D1,3h,S/D,S/D,S/D,S/D,0
47E1763A,SALIDA TUNEL KOVIRE,TACNA,TARATA,eta5,temp,20260827,20260925,"00Z,12Z",D1,3h,S/D,S/D,S/D,S/D,0
47E1763A,SALIDA TUNEL KOVIRE,TACNA,TARATA,wrf5,temp,20260827,20260925,"00Z,12Z",D1,3h,S/D,S/D,S/D,S/D,0
47E1763A,SALIDA TUNEL KOVIRE,TACNA,TARATA,mpas15,temp,20260827,20260925,00Z,D1,3h,S/D,S/D,S/D,S/D,0
47E2D1CC,TARATA,TACNA,TARATA,ecmwf,temp,20260827,20260925,"00Z,12Z",D1,3h,-4.524,4.714,5.391,0.841,476
47E2D1CC,TARATA,TACNA,TARATA,gfs,temp,20260827,20260925,"00Z,12Z",D1,3h,-4.643,4.807,5.789,0.838,476
47E2D1CC,TARATA,TACNA,TARATA,eta5,temp,20260827,20260925,"00Z,12Z",D1,3h,0.128,1.199,1.565,0.922,402
47E2D1CC,TARATA,TACNA,TARATA,wrf5,temp,20260827,20260925,"00Z,12Z",D1,3h,1.332,3.027,3.544,0.846,468
47E2D1CC,TARATA,TACNA,TARATA,mpas15,temp,20260827,20260925,00Z,D1,3h,-6.968,7.03,7.603,0.856,238
47E2A75C,VILACOTA,TACNA,TARATA,ecmwf,temp,20260827,20260925,"00Z,12Z",D1,3h,0.253,2.957,3.529,0.869,476
47E2A75C,VILACOTA,TACNA,TARATA,gfs,temp,20260827,20260925,"00Z,12Z",D1,3h,1.57,3.798,4.728,0.803,476
47E2A75C,VILACOTA,TACNA,TARATA,eta5,temp,20260827,20260925,"00Z,12Z",D1,3h,2.964,3.512,4.934,0.779,402
47E2A75C,VILACOTA,TACNA,TARATA,wrf5,temp,20260827,20260925,"00Z,12Z",D1,3h,1.573,4.148,5.146,0.717,468
47E2A75C,VILACOTA,TACNA,TARATA,mpas15,temp,20260827,20260925,00Z,D1,3h,-1.5,3.243,3.719,0.864,238
472F13D0,CAÑAVERAL,TUMBES,CONTRALMIRANTE VILLAR,ecmwf,temp,20260827,20260925,"00Z,12Z",D1,3h,-0.132,0.903,1.154,0.922,478
472F13D0,CAÑAVERAL,TUMBES,CONTRALMIRANTE VILLAR,gfs,temp,20260827,20260925,"00Z,12Z",D1,3h,-1.22,1.402,1.636,0.92,478
472F13D0,CAÑAVERAL,TUMBES,CONTRALMIRANTE VILLAR,eta5,temp,20260827,20260925,"00Z,12Z",D1,3h,-0.402,1.303,1.603,0.923,403
472F13D0,CAÑAVERAL,TUMBES,CONTRALMIRANTE VILLAR,wrf5,temp,20260827,20260925,"00Z,12Z",D1,3h,-0.855,1.302,1.561,0.897,470
472F13D0,CAÑAVERAL,TUMBES,CONTRALMIRANTE VILLAR,mpas15,temp,20260827,20260925,00Z,D1,3h,-1.979,2.046,2.309,0.925,239
47E01126,CABO INGA H,TUMBES,TUMBES,ecmwf,temp,20260827,20260925,"00Z,12Z",D1,3h,S/D,S/D,S/D,S/D,0
47E01126,CABO INGA H,TUMBES,TUMBES,gfs,temp,20260827,20260925,"00Z,12Z",D1,3h,S/D,S/D,S/D,S/D,0
47E01126,CABO INGA H,TUMBES,TUMBES,eta5,temp,20260827,20260925,"00Z,12Z",D1,3h,S/D,S/D,S/D,S/D,0
47E01126,CABO INGA H,TUMBES,TUMBES,wrf5,temp,20260827,20260925,"00Z,12Z",D1,3h,S/D,S/D,S/D,S/D,0
47E01126,CABO INGA H,TUMBES,TUMBES,mpas15,temp,20260827,20260925,00Z,D1,3h,S/D,S/D,S/D,S/D,0
472F00A6,CABO INGA M,TUMBES,TUMBES,ecmwf,temp,20260827,20260925,"00Z,12Z",D1,3h,-1.425,1.837,2.124,0.897,476
472F00A6,CABO INGA M,TUMBES,TUMBES,gfs,temp,20260827,20260925,"00Z,12Z",D1,3h,-1.514,2.359,2.681,0.856,476
472F00A6,CABO INGA M,TUMBES,TUMBES,eta5,temp,20260827,20260925,"00Z,12Z",D1,3h,-1.332,2.039,2.403,0.873,401
472F00A6,CABO INGA M,TUMBES,TUMBES,wrf5,temp,20260827,20260925,"00Z,12Z",D1,3h,-2.313,2.91,3.264,0.865,468
472F00A6,CABO INGA M,TUMBES,TUMBES,mpas15,temp,20260827,20260925,00Z,D1,3h,-2.163,2.452,2.782,0.887,238
472EF2D8,CAMPAMENTO SEDE,TUMBES,TUMBES,ecmwf,temp,20260827,20260925,"00Z,12Z",D1,3h,-1.093,1.348,1.962,0.422,410
472EF2D8,CAMPAMENTO SEDE,TUMBES,TUMBES,gfs,temp,20260827,20260925,"00Z,12Z",D1,3h,-1.995,2.008,2.467,0.663,410
472EF2D8,CAMPAMENTO SEDE,TUMBES,TUMBES,eta5,temp,20260827,20260925,"00Z,12Z",D1,3h,-0.814,1.148,1.377,0.784,346
472EF2D8,CAMPAMENTO SEDE,TUMBES,TUMBES,wrf5,temp,20260827,20260925,"00Z,12Z",D1,3h,-1.387,1.555,1.857,0.814,403
472EF2D8,CAMPAMENTO SEDE,TUMBES,TUMBES,mpas15,temp,20260827,20260925,00Z,D1,3h,-1.255,1.312,1.771,0.787,205
4724A3F6,EL TIGRE,TUMBES,TUMBES,ecmwf,temp,20260827,20260925,"00Z,12Z",D1,3h,-0.311,1.013,1.272,0.907,474
4724A3F6,EL TIGRE,TUMBES,TUMBES,gfs,temp,20260827,20260925,"00Z,12Z",D1,3h,-1.918,2.045,2.336,0.883,474
4724A3F6,EL TIGRE,TUMBES,TUMBES,eta5,temp,20260827,20260925,"00Z,12Z",D1,3h,-0.45,1.441,1.741,0.873,401
4724A3F6,EL TIGRE,TUMBES,TUMBES,wrf5,temp,20260827,20260925,"00Z,12Z",D1,3h,-1.062,1.485,1.801,0.88,466
4724A3F6,EL TIGRE,TUMBES,TUMBES,mpas15,temp,20260827,20260925,00Z,D1,3h,-2.428,2.504,2.834,0.899,237
472F43AC,HUASIMO,TUMBES,TUMBES,ecmwf,temp,20260827,20260925,"00Z,12Z",D1,3h,1.557,1.637,2.021,0.938,476
472F43AC,HUASIMO,TUMBES,TUMBES,gfs,temp,20260827,20260925,"00Z,12Z",D1,3h,1.471,1.735,2.376,0.915,476
472F43AC,HUASIMO,TUMBES,TUMBES,eta5,temp,20260827,20260925,"00Z,12Z",D1,3h,1.0,1.407,1.797,0.919,401
472F43AC,HUASIMO,TUMBES,TUMBES,wrf5,temp,20260827,20260925,"00Z,12Z",D1,3h,-1.091,1.853,2.143,0.922,468
472F43AC,HUASIMO,TUMBES,TUMBES,mpas15,temp,20260827,20260925,00Z,D1,3h,1.104,1.324,1.833,0.93,238
47E024BC,PUENTE TUMBES,TUMBES,TUMBES,ecmwf,temp,20260827,20260925,"00Z,12Z",D1,3h,S/D,S/D,S/D,S/D,0
47E024BC,PUENTE TUMBES,TUMBES,TUMBES,gfs,temp,20260827,20260925,"00Z,12Z",D1,3h,S/D,S/D,S/D,S/D,0
47E024BC,PUENTE TUMBES,TUMBES,TUMBES,eta5,temp,20260827,20260925,"00Z,12Z",D1,3h,S/D,S/D,S/D,S/D,0
47E024BC,PUENTE TUMBES,TUMBES,TUMBES,wrf5,temp,20260827,20260925,"00Z,12Z",D1,3h,S/D,S/D,S/D,S/D,0
47E024BC,PUENTE TUMBES,TUMBES,TUMBES,mpas15,temp,20260827,20260925,00Z,D1,3h,S/D,S/D,S/D,S/D,0
103068,PUERTO PIZARRO,TUMBES,TUMBES,ecmwf,temp,20260827,20260925,"00Z,12Z",D1,3h,-2.109,2.39,3.259,0.293,326
103068,PUERTO PIZARRO,TUMBES,TUMBES,gfs,temp,20260827,20260925,"00Z,12Z",D1,3h,-2.939,2.966,3.723,0.597,326
103068,PUERTO PIZARRO,TUMBES,TUMBES,eta5,temp,20260827,20260925,"00Z,12Z",D1,3h,-2.369,2.405,2.903,0.895,274
103068,PUERTO PIZARRO,TUMBES,TUMBES,wrf5,temp,20260827,20260925,"00Z,12Z",D1,3h,-2.204,2.409,3.296,0.367,321
103068,PUERTO PIZARRO,TUMBES,TUMBES,mpas15,temp,20260827,20260925,00Z,D1,3h,-1.976,2.028,2.847,0.711,163
472F264A,RICA PLAYA,TUMBES,TUMBES,ecmwf,temp,20260827,20260925,"00Z,12Z",D1,3h,-0.148,1.087,1.348,0.89,478
472F264A,RICA PLAYA,TUMBES,TUMBES,gfs,temp,20260827,20260925,"00Z,12Z",D1,3h,-1.748,1.882,2.156,0.869,478
472F264A,RICA PLAYA,TUMBES,TUMBES,eta5,temp,20260827,20260925,"00Z,12Z",D1,3h,-1.179,1.702,2.06,0.883,403
472F264A,RICA PLAYA,TUMBES,TUMBES,wrf5,temp,20260827,20260925,"00Z,12Z",D1,3h,-1.446,1.818,2.137,0.849,470
472F264A,RICA PLAYA,TUMBES,TUMBES,mpas15,temp,20260827,20260925,00Z,D1,3h,-2.261,2.346,2.716,0.896,239
472F353C,MATAPALO,TUMBES,ZARUMILLA,ecmwf,temp,20260827,20260925,"00Z,12Z",D1,3h,-0.993,1.344,1.622,0.911,478
472F353C,MATAPALO,TUMBES,ZARUMILLA,gfs,temp,20260827,20260925,"00Z,12Z",D1,3h,-1.359,1.906,2.23,0.9,478
472F353C,MATAPALO,TUMBES,ZARUMILLA,eta5,temp,20260827,20260925,"00Z,12Z",D1,3h,0.404,1.238,1.614,0.889,403
472F353C,MATAPALO,TUMBES,ZARUMILLA,wrf5,temp,20260827,20260925,"00Z,12Z",D1,3h,-0.587,1.214,1.532,0.888,470
472F353C,MATAPALO,TUMBES,ZARUMILLA,mpas15,temp,20260827,20260925,00Z,D1,3h,-1.137,1.424,1.819,0.895,239
47E86310,CALLERIA,UCAYALI,CORONEL PORTILLO,ecmwf,temp,20260827,20260925,"00Z,12Z",D1,3h,0.557,1.692,2.161,0.865,480
47E86310,CALLERIA,UCAYALI,CORONEL PORTILLO,gfs,temp,20260827,20260925,"00Z,12Z",D1,3h,1.622,2.39,3.285,0.839,480
47E86310,CALLERIA,UCAYALI,CORONEL PORTILLO,eta5,temp,20260827,20260925,"00Z,12Z",D1,3h,2.856,3.01,3.727,0.81,405
47E86310,CALLERIA,UCAYALI,CORONEL PORTILLO,wrf5,temp,20260827,20260925,"00Z,12Z",D1,3h,1.285,1.785,2.381,0.881,472
47E86310,CALLERIA,UCAYALI,CORONEL PORTILLO,mpas15,temp,20260827,20260925,00Z,D1,3h,0.024,1.57,2.105,0.883,240
47E87066,PUERTO ESPERANZA,UCAYALI,PURUS,ecmwf,temp,20260827,20260925,"00Z,12Z",D1,3h,-1.03,2.089,2.826,0.857,480
47E87066,PUERTO ESPERANZA,UCAYALI,PURUS,gfs,temp,20260827,20260925,"00Z,12Z",D1,3h,0.592,2.623,3.423,0.796,480
47E87066,PUERTO ESPERANZA,UCAYALI,PURUS,eta5,temp,20260827,20260925,"00Z,12Z",D1,3h,2.139,2.451,3.028,0.882,405
47E87066,PUERTO ESPERANZA,UCAYALI,PURUS,wrf5,temp,20260827,20260925,"00Z,12Z",D1,3h,0.553,1.802,2.329,0.882,472
47E87066,PUERTO ESPERANZA,UCAYALI,PURUS,mpas15,temp,20260827,20260925,00Z,D1,3h,-1.557,2.314,3.118,0.874,240
270001,DESAGUADERO,PUNO,CHUCUITO,ecmwf,temp,20260827,20260925,"00Z,12Z",D1,3h,S/D,S/D,S/D,S/D,0
270001,DESAGUADERO,PUNO,CHUCUITO,gfs,temp,20260827,20260925,"00Z,12Z",D1,3h,S/D,S/D,S/D,S/D,0
270001,DESAGUADERO,PUNO,CHUCUITO,eta5,temp,20260827,20260925,"00Z,12Z",D1,3h,S/D,S/D,S/D,S/D,0
270001,DESAGUADERO,PUNO,CHUCUITO,wrf5,temp,20260827,20260925,"00Z,12Z",D1,3h,S/D,S/D,S/D,S/D,0
270001,DESAGUADERO,PUNO,CHUCUITO,mpas15,temp,20260827,20260925,00Z,D1,3h,S/D,S/D,S/D,S/D,0
101004,GUEPPI,LORETO,PUTUMAYO,ecmwf,temp,20260827,20260925,"00Z,12Z",D1,3h,-0.02,1.261,1.702,0.825,480
101004,GUEPPI,LORETO,PUTUMAYO,gfs,temp,20260827,20260925,"00Z,12Z",D1,3h,-0.767,2.421,2.955,0.766,480
101004,GUEPPI,LORETO,PUTUMAYO,eta5,temp,20260827,20260925,"00Z,12Z",D1,3h,1.609,2.016,2.727,0.766,405
101004,GUEPPI,LORETO,PUTUMAYO,wrf5,temp,20260827,20260925,"00Z,12Z",D1,3h,0.406,1.771,2.349,0.766,472
101004,GUEPPI,LORETO,PUTUMAYO,mpas15,temp,20260827,20260925,00Z,D1,3h,0.037,1.211,1.65,0.843,240
